Timestamp,Temperature,Humidity,Light,Soil_Moisture,Drip,Mist,Fan
2026-01-01 20:00:00,29.08892580224442,73.92283004536823,43.23305098746347,54.41882606827931,0.0,0.0,0.0
2026-01-01 20:00:05,29.136360609265925,73.78847274208982,18.94894565087887,54.423777841679566,0.0,0.0,0.0
2026-01-01 20:00:10,29.13070801750417,73.86897876015789,34.370256269024466,54.43139500375914,0.0,0.0,0.0
2026-01-01 20:00:15,29.086806322592693,73.75683103693711,22.125712664660853,54.46401114538504,0.0,0.0,0.0
2026-01-01 20:00:20,29.13927209229313,73.56743026271562,6.718382936750361,54.40241890000766,0.0,0.0,0.0
2026-01-01 20:00:25,29.09923768465053,73.51053838011417,0.0,54.48061815023328,0.0,0.0,0.0
2026-01-01 20:00:30,29.15499150151621,73.45323603313936,5.121657457302232,54.37872616564157,0.0,0.0,0.0
2026-01-01 20:00:35,29.14950605212353,73.62335442079637,0.0,54.47189861887831,0.0,0.0,0.0
2026-01-01 20:00:40,29.245957226707663,73.54898049006819,3.12276850521309,54.36658859567953,0.0,0.0,0.0
2026-01-01 20:00:45,29.2823712655475,73.77056688696304,1.1248866314370431,54.34380358092811,0.0,0.0,0.0
2026-01-01 20:00:50,29.29593924062912,73.76450406708027,0.0,54.36549783285784,0.0,0.0,0.0
2026-01-01 20:00:55,29.38112248940683,73.29530956581257,17.350195661693398,54.315566149744086,0.0,0.0,0.0
2026-01-01 20:01:00,29.4305852451882,73.55098804054606,54.88726779440328,54.27877680164146,0.0,0.0,0.0
2026-01-01 20:01:05,29.517932960179586,73.68763387494755,39.8549695208852,54.33885741104878,0.0,0.0,0.0
2026-01-01 20:01:10,29.519821488688667,73.57667209252459,10.154355335059748,54.41585454745814,0.0,0.0,0.0
2026-01-01 20:01:15,29.51886697118268,73.54061211198754,4.619825848532655,54.475607337809954,0.0,0.0,0.0
2026-01-01 20:01:20,29.44107788021205,73.61956940197837,19.236864152165364,54.4855611277617,0.0,0.0,0.0
2026-01-01 20:01:25,29.380843993188048,73.60961602655246,18.12345300876055,54.44980840836477,0.0,0.0,0.0
2026-01-01 20:01:30,29.386069672172948,73.63055371525897,1.8007851739908665,54.4284389618331,0.0,0.0,0.0
2026-01-01 20:01:35,29.30246910783085,74.2584295722926,0.0,54.3966145163508,0.0,0.0,0.0
2026-01-01 20:01:40,29.337473011029463,74.56116510120458,6.970157305109503,54.44543059682433,0.0,0.0,0.0
2026-01-01 20:01:45,29.34699055710817,74.80199951914663,17.926534256368566,54.42137642212082,0.0,0.0,0.0
2026-01-01 20:01:50,29.389232895883,75.0337542476804,8.680939035353791,54.37531230700647,0.0,0.0,0.0
2026-01-01 20:01:55,29.40202756888633,75.07110114331009,0.3876724337977209,54.4881009401107,0.0,0.0,0.0
2026-01-01 20:02:00,29.482808699842952,75.07354049520009,29.984009807602423,54.332598762837335,0.0,0.0,0.0
2026-01-01 20:02:05,29.501796690964674,75.01420585603498,17.13744771507733,54.417625996119696,0.0,0.0,0.0
2026-01-01 20:02:10,29.512087616369683,75.20959512331386,41.234871687406816,54.43565130844571,0.0,0.0,0.0
2026-01-01 20:02:15,29.572521167451644,75.30730326996188,7.672186756640123,54.414992156664056,0.0,0.0,0.0
2026-01-01 20:02:20,29.46898966106199,75.28634467367492,48.24110822071896,54.42664793142456,0.0,0.0,0.0
2026-01-01 20:02:25,29.50858421330515,75.39603590342132,31.45567542294811,54.42875195688453,0.0,0.0,0.0
2026-01-01 20:02:30,29.500683228909395,75.32290749555686,13.53291893022773,54.4632863395742,0.0,0.0,0.0
2026-01-01 20:02:35,29.500699340179004,75.12719192323954,0.0,54.51024645890684,0.0,0.0,0.0
2026-01-01 20:02:40,29.38929254500444,74.92990612552339,8.20215549705042,54.442273419020935,0.0,0.0,0.0
2026-01-01 20:02:45,29.40173920072799,74.63065785779759,31.929692382757867,54.39094457572793,0.0,0.0,0.0
2026-01-01 20:02:50,29.36691244539776,74.80881223751913,0.0,54.35936158808624,0.0,0.0,0.0
2026-01-01 20:02:55,29.41367876533964,75.12689087526536,73.76952181072383,54.30641482472043,0.0,0.0,0.0
2026-01-01 20:03:00,29.3374887110318,74.87703145551315,27.86235439756006,54.350313372089744,0.0,0.0,0.0
2026-01-01 20:03:05,29.30960353570513,74.958863264588,4.911385011539657,54.36014624916879,0.0,0.0,0.0
2026-01-01 20:03:10,29.35725602114432,74.8639095326271,14.820731579385662,54.34173075515303,0.0,0.0,0.0
2026-01-01 20:03:15,29.45111571588321,74.9194006317061,4.889849404906922,54.35025444936059,0.0,0.0,0.0
2026-01-01 20:03:20,29.509075033844137,74.9966675202962,42.36236124526993,54.36859676281495,0.0,0.0,0.0
2026-01-01 20:03:25,29.602614234256503,74.68527830451718,30.67677536776341,54.30147852397352,0.0,0.0,0.0
2026-01-01 20:03:30,29.565047884222928,74.95413110752087,4.768051828951563,54.30076388351775,0.0,0.0,0.0
2026-01-01 20:03:35,29.509394146202386,74.7297791310252,10.239080042037706,54.29426493989795,0.0,0.0,0.0
2026-01-01 20:03:40,29.4373175173763,74.79382159671857,43.9230119784008,54.333186076163386,0.0,0.0,0.0
2026-01-01 20:03:45,29.373908460183586,74.8601779936596,29.597019278653832,54.362774926499846,0.0,0.0,0.0
2026-01-01 20:03:50,29.425793361490925,74.90582289419737,4.4473941284294,54.3081762968874,0.0,0.0,0.0
2026-01-01 20:03:55,29.42185175875843,74.9034596623515,0.0,54.276134492521166,0.0,0.0,0.0
2026-01-01 20:04:00,29.37045237667016,74.9974485965444,40.40469308124828,54.32125560926936,0.0,0.0,0.0
2026-01-01 20:04:05,29.34615573185428,75.20502393167719,16.504578342490028,54.37005921033682,0.0,0.0,0.0
2026-01-01 20:04:10,29.378244041295595,75.03711336254776,1.2102128303393391,54.395273719813645,0.0,0.0,0.0
2026-01-01 20:04:15,29.453800556933583,74.87031392749596,13.97379646493678,54.35885629350691,0.0,0.0,0.0
2026-01-01 20:04:20,29.374880623381028,74.65450424663928,7.893765497287325,54.30399342407316,0.0,0.0,0.0
2026-01-01 20:04:25,29.41184922238946,74.63844922782994,9.007478457801694,54.261873504345495,0.0,0.0,0.0
2026-01-01 20:04:30,29.456694983044112,74.50943455031134,35.45367871678507,54.26843406384412,0.0,0.0,0.0
2026-01-01 20:04:35,29.497413274479808,74.4567957483527,0.0,54.25292300798411,0.0,0.0,0.0
2026-01-01 20:04:40,29.42178541289969,74.62447892380673,3.679835642876029,54.30341765656296,0.0,0.0,0.0
2026-01-01 20:04:45,29.32016019911036,74.46726987830891,0.8883458907292097,54.25427445547303,0.0,0.0,0.0
2026-01-01 20:04:50,29.2667912684622,74.47071993172693,36.01969782185569,54.24298615790265,0.0,0.0,0.0
2026-01-01 20:04:55,29.207073215686048,74.43020047863838,0.0,54.27647219678539,0.0,0.0,0.0
2026-01-01 20:05:00,29.22969655602901,74.5716885688301,0.0,54.280209872336094,0.0,0.0,0.0
2026-01-01 20:05:05,29.29183426608612,74.57733309210357,23.03370164727642,54.28499820244757,0.0,0.0,0.0
2026-01-01 20:05:10,29.37564249531291,74.63669263082174,0.0,54.29750490982392,0.0,0.0,0.0
2026-01-01 20:05:15,29.292917415423503,74.49065877419127,9.775083239661909,54.34470789782657,0.0,0.0,0.0
2026-01-01 20:05:20,29.31831858787411,74.38327569266228,20.66586101977412,54.32071381704744,0.0,0.0,0.0
2026-01-01 20:05:25,29.248815984373422,74.08120883029487,19.62077093755799,54.41366908277109,0.0,0.0,0.0
2026-01-01 20:05:30,29.177505718463788,74.1921509123783,30.564855254128737,54.33457960201538,0.0,0.0,0.0
2026-01-01 20:05:35,29.135195181354483,74.07439954285603,2.84309814099696,54.35832479007465,0.0,0.0,0.0
2026-01-01 20:05:40,29.050330940368944,73.71198069732135,9.55046338931179,54.389669927750425,0.0,0.0,0.0
2026-01-01 20:05:45,28.99380909725429,73.56343174639115,0.0,54.41426630356656,0.0,0.0,0.0
2026-01-01 20:05:50,28.921025676368888,73.55024387192867,2.9018484623077363,54.44022618741047,0.0,0.0,0.0
2026-01-01 20:05:55,29.073914229127134,73.77513425839938,38.555108165446576,54.37338660381401,0.0,0.0,0.0
2026-01-01 20:06:00,29.08453515676036,73.88505610129492,21.753076560818563,54.43224724328519,0.0,0.0,0.0
2026-01-01 20:06:05,28.969692979810908,74.04273874429248,37.59335444070136,54.38627083316365,0.0,0.0,0.0
2026-01-01 20:06:10,28.88313181750711,74.08661868081262,26.95778927569924,54.28405120270975,0.0,0.0,0.0
2026-01-01 20:06:15,28.952903988602312,73.90871519023392,19.069143565090062,54.32388218330754,0.0,0.0,0.0
2026-01-01 20:06:20,28.93185079972244,73.83178840900688,26.935947586832,54.32859458766474,0.0,0.0,0.0
2026-01-01 20:06:25,28.78793148321637,73.77770554373001,14.145256237187755,54.34190551665234,0.0,0.0,0.0
2026-01-01 20:06:30,28.83853015394228,73.56083377375101,31.93717803913969,54.34945606919492,0.0,0.0,0.0
2026-01-01 20:06:35,28.862800512128064,73.49998913721633,13.264920003989095,54.29311212448014,0.0,0.0,0.0
2026-01-01 20:06:40,28.950525868015333,73.29104818241275,9.4137352591892,54.29324861707723,0.0,0.0,0.0
2026-01-01 20:06:45,28.958508468642485,73.27978849322447,8.848047221766782,54.30992178431038,0.0,0.0,0.0
2026-01-01 20:06:50,29.01197535188168,73.05051539663825,26.017527873951508,54.3112235207776,0.0,0.0,0.0
2026-01-01 20:06:55,29.120716467363035,73.07978883520214,35.59036475717453,54.2430825625911,0.0,0.0,0.0
2026-01-01 20:07:00,29.124346136313942,72.98274970868972,23.3582170021466,54.2564373350934,0.0,0.0,0.0
2026-01-01 20:07:05,29.10627264488857,73.20263527767509,0.0,54.27287453175478,0.0,0.0,0.0
2026-01-01 20:07:10,29.117309745883777,72.74550175163644,8.136172686973572,54.30557797078587,0.0,0.0,0.0
2026-01-01 20:07:15,29.125713408516667,72.86945138949869,22.867748528120813,54.28899813208501,0.0,0.0,0.0
2026-01-01 20:07:20,29.15441331839733,72.96097132797803,8.817412026719236,54.27790198190285,0.0,0.0,0.0
2026-01-01 20:07:25,29.11187973065513,73.22140142239287,11.071643307181237,54.26877920957168,0.0,0.0,0.0
2026-01-01 20:07:30,29.03387676139429,73.51608051765669,0.0,54.357339779412825,0.0,0.0,0.0
2026-01-01 20:07:35,28.93813080256648,73.73567001999268,8.279898349134202,54.3460347785941,0.0,0.0,0.0
2026-01-01 20:07:40,28.91812563321477,73.6661248687685,2.527815888466832,54.29608653927895,0.0,0.0,0.0
2026-01-01 20:07:45,28.90341940497209,73.40851043049597,7.2054339054396825,54.31285605807999,0.0,0.0,0.0
2026-01-01 20:07:50,28.786627773757832,73.18229062927635,0.0,54.334456586183016,0.0,0.0,0.0
2026-01-01 20:07:55,28.743441227189805,73.241308512425,0.0,54.40356178212694,0.0,0.0,0.0
2026-01-01 20:08:00,28.69206649301965,73.21501145012054,12.682974506669666,54.3843527313994,0.0,0.0,0.0
2026-01-01 20:08:05,28.63577515686695,73.48958164101991,0.0,54.24635047984468,0.0,0.0,0.0
2026-01-01 20:08:10,28.61820128867529,73.31575696494629,20.951988145554115,54.25503038938311,0.0,0.0,0.0
2026-01-01 20:08:15,28.484772885885803,73.21589515746011,0.0,54.30314536210236,0.0,0.0,0.0
2026-01-01 20:08:20,28.44372071452124,73.29631419703547,37.61727573093792,54.30728995358233,0.0,0.0,0.0
2026-01-01 20:08:25,28.395447965440187,73.06080613977787,27.31708132327691,54.25658538291997,0.0,0.0,0.0
2026-01-01 20:08:30,28.50864261586989,73.23133911210716,28.22948143555093,54.28726096056329,0.0,0.0,0.0
2026-01-01 20:08:35,28.48736547176789,73.37123794848692,34.00839933093069,54.33380416123185,0.0,0.0,0.0
2026-01-01 20:08:40,28.56613074268624,73.58542408654522,3.98822026545027,54.29337703083871,0.0,0.0,0.0
2026-01-01 20:08:45,28.60248027621522,73.52557949576646,9.2257945733448,54.305110011329774,0.0,0.0,0.0
2026-01-01 20:08:50,28.599962980213512,73.18599240349468,5.893302432045507,54.27329656751596,0.0,0.0,0.0
2026-01-01 20:08:55,28.526791721041462,73.31542006273419,42.2905388602512,54.216902154625984,0.0,0.0,0.0
2026-01-01 20:09:00,28.43691814842396,73.58948589546509,2.884785600314484,54.29400330438311,0.0,0.0,0.0
2026-01-01 20:09:05,28.430096373558985,73.72595998330962,28.89146122927852,54.31115595683661,0.0,0.0,0.0
2026-01-01 20:09:10,28.412932887406825,73.97277899431595,16.352147980698508,54.32151418327266,0.0,0.0,0.0
2026-01-01 20:09:15,28.516439488401986,73.94007712821018,39.68956395416436,54.34776431062595,0.0,0.0,0.0
2026-01-01 20:09:20,28.511444923389544,73.99056938821379,39.78540280057161,54.323233218972845,0.0,0.0,0.0
2026-01-01 20:09:25,28.428876133873075,74.06765598835044,25.11446434461605,54.25648102773186,0.0,0.0,0.0
2026-01-01 20:09:30,28.46452009671733,74.10486697798731,35.7002551259559,54.26898666531859,0.0,0.0,0.0
2026-01-01 20:09:35,28.42705219438988,74.08405592691801,0.1900662542008543,54.26065411389805,0.0,0.0,0.0
2026-01-01 20:09:40,28.41491320388701,74.27094350977355,18.44163939337536,54.315152329146784,0.0,0.0,0.0
2026-01-01 20:09:45,28.443269555448065,74.31512523355401,20.576362497324894,54.32822490382278,0.0,0.0,0.0
2026-01-01 20:09:50,28.38769348372898,74.156311118144,28.80393007334078,54.40110890382859,0.0,0.0,0.0
2026-01-01 20:09:55,28.42110786719913,73.8981552645409,4.129710543672036,54.32017882706703,0.0,0.0,0.0
2026-01-01 20:10:00,28.45331475833792,73.90253183167577,0.0,54.36877709506712,0.0,0.0,0.0
2026-01-01 20:10:05,28.44892162521384,74.09096418139762,17.80950374388549,54.321204932884775,0.0,0.0,0.0
2026-01-01 20:10:10,28.41777833965948,73.91086129731866,21.099392831866005,54.28951545521869,0.0,0.0,0.0
2026-01-01 20:10:15,28.5465081917918,73.74342877788767,11.675355607229404,54.33100488664829,0.0,0.0,0.0
2026-01-01 20:10:20,28.55038339913478,73.83239571721953,11.161480480602394,54.28986036518939,0.0,0.0,0.0
2026-01-01 20:10:25,28.511754475830795,73.99435048583209,7.593732475200734,54.37923059506092,0.0,0.0,0.0
2026-01-01 20:10:30,28.522667789120327,74.21352084033427,10.629967237314148,54.361204872323306,0.0,0.0,0.0
2026-01-01 20:10:35,28.38475456335741,73.960861136982,26.134951056516933,54.28785591856871,0.0,0.0,0.0
2026-01-01 20:10:40,28.32116460426214,73.66280138089014,36.26636226761311,54.29111119405044,0.0,0.0,0.0
2026-01-01 20:10:45,28.38798739075165,73.77221817001228,32.565107977189484,54.314860609849816,0.0,0.0,0.0
2026-01-01 20:10:50,28.40771205300856,73.6548808710415,11.522323598551315,54.394782089320046,0.0,0.0,0.0
2026-01-01 20:10:55,28.336741904501444,73.58299733316427,0.0,54.35822535603172,0.0,0.0,0.0
2026-01-01 20:11:00,28.306595606547425,73.63371411013463,28.353535292998178,54.34597597095711,0.0,0.0,0.0
2026-01-01 20:11:05,28.34267502761435,73.77369208568342,32.55050631083179,54.34919833072995,0.0,0.0,0.0
2026-01-01 20:11:10,28.265719811604423,73.56502369119391,28.46651862665753,54.40646744998223,0.0,0.0,0.0
2026-01-01 20:11:15,28.34834099967704,73.21644713834107,8.725040560377243,54.41262531107228,0.0,0.0,0.0
2026-01-01 20:11:20,28.44183516015744,73.41147429263135,12.156959918224334,54.40786550053255,0.0,0.0,0.0
2026-01-01 20:11:25,28.4296147554871,73.37141762166465,10.35876941321946,54.3610122151435,0.0,0.0,0.0
2026-01-01 20:11:30,28.51009372136587,73.39828336074888,17.192397546699716,54.38093065398763,0.0,0.0,0.0
2026-01-01 20:11:35,28.520864683247325,73.42898106855037,0.8003255417837742,54.4159471647301,0.0,0.0,0.0
2026-01-01 20:11:40,28.506148390110816,73.27122636857749,25.310973276170344,54.41916401955267,0.0,0.0,0.0
2026-01-01 20:11:45,28.600716661068244,73.15007862096179,0.0,54.43101939817091,0.0,0.0,0.0
2026-01-01 20:11:50,28.653301441582222,73.56492284793325,22.762826109723925,54.38784611656742,0.0,0.0,0.0
2026-01-01 20:11:55,28.5730050626122,73.5885808276081,2.2418045056115674,54.3872115851853,0.0,0.0,0.0
2026-01-01 20:12:00,28.626046565290817,73.80675194312136,23.25010503107923,54.42016437123857,0.0,0.0,0.0
2026-01-01 20:12:05,28.54361125939774,73.8300613844278,26.42959056756495,54.37939226321987,0.0,0.0,0.0
2026-01-01 20:12:10,28.61140600286849,74.08148483834448,36.240890316930525,54.36156028166046,0.0,0.0,0.0
2026-01-01 20:12:15,28.60735492056115,74.16197957033124,16.43618305259031,54.36791059152271,0.0,0.0,0.0
2026-01-01 20:12:20,28.690409706236128,74.39060217554909,19.9001852200002,54.31088987917612,0.0,0.0,0.0
2026-01-01 20:12:25,28.761077282521253,74.2726217646651,15.120185709087426,54.31920895018375,0.0,0.0,0.0
2026-01-01 20:12:30,28.82250776138784,74.37741400805899,48.617773582345166,54.35953576604407,0.0,0.0,0.0
2026-01-01 20:12:35,28.838784355182973,74.39810661177894,3.228484035925298,54.3803546762724,0.0,0.0,0.0
2026-01-01 20:12:40,28.79311006440296,74.61142543168602,20.72726372416823,54.367110723482064,0.0,0.0,0.0
2026-01-01 20:12:45,28.860435744857995,74.46776015502469,22.038835728713234,54.40532438773644,0.0,0.0,0.0
2026-01-01 20:12:50,28.89200370545971,74.42888468217518,0.0,54.3636724590237,0.0,0.0,0.0
2026-01-01 20:12:55,28.902711629114226,74.35355573757438,0.0,54.31571930178523,0.0,0.0,0.0
2026-01-01 20:13:00,29.016024201973053,74.33757381383762,5.556168521437634,54.35725332046097,0.0,0.0,0.0
2026-01-01 20:13:05,28.9271026676946,74.5055067920435,0.0,54.41779494772322,0.0,0.0,0.0
2026-01-01 20:13:10,29.00608164256917,74.46484674767507,42.21432518656621,54.417838153038176,0.0,0.0,0.0
2026-01-01 20:13:15,28.933311952704628,74.24609598952279,26.195895487111024,54.38239272546129,0.0,0.0,0.0
2026-01-01 20:13:20,28.96766036061324,74.26026604635419,19.94866465971652,54.37394160201549,0.0,0.0,0.0
2026-01-01 20:13:25,28.935452962879385,74.1771155038693,24.479874526918785,54.396422058985294,0.0,0.0,0.0
2026-01-01 20:13:30,28.838182971376607,74.14811090112795,16.40902056624948,54.3679224395344,0.0,0.0,0.0
2026-01-01 20:13:35,28.749902020990884,74.07727368632439,0.2436006920826443,54.39087129220764,0.0,0.0,0.0
2026-01-01 20:13:40,28.66650414016909,74.06794549599144,27.714607760689663,54.353835929958805,0.0,0.0,0.0
2026-01-01 20:13:45,28.634315814782653,74.04786517657249,0.0,54.338570850399904,0.0,0.0,0.0
2026-01-01 20:13:50,28.57389951431069,74.18851659451816,48.70041248306973,54.33750656811166,0.0,0.0,0.0
2026-01-01 20:13:55,28.54796977771625,74.26910394012522,5.031968529492014,54.302366858344726,0.0,0.0,0.0
2026-01-01 20:14:00,28.50369902292844,74.33056947426516,0.0,54.37163368188177,0.0,0.0,0.0
2026-01-01 20:14:05,28.65072696708632,74.05491903539897,8.269366852032718,54.37648000526967,0.0,0.0,0.0
2026-01-01 20:14:10,28.828708486308425,74.04269486407341,7.001459832720069,54.27704485330975,0.0,0.0,0.0
2026-01-01 20:14:15,28.876725118889027,74.07891091715332,12.593911007402536,54.29992755449475,0.0,0.0,0.0
2026-01-01 20:14:20,28.96519507140651,74.19875066078728,7.722400982972869,54.25556655398004,0.0,0.0,0.0
2026-01-01 20:14:25,29.03764129932748,74.03244522745122,6.621197371408926,54.34071990982008,0.0,0.0,0.0
2026-01-01 20:14:30,28.96044250522277,74.0499484074123,4.643094078134892,54.33203798945816,0.0,0.0,0.0
2026-01-01 20:14:35,28.87121488572842,73.9724091293954,27.64319588481904,54.37928193579776,0.0,0.0,0.0
2026-01-01 20:14:40,28.89314622929936,74.10374572305828,0.0,54.38249913270676,0.0,0.0,0.0
2026-01-01 20:14:45,28.97236041422864,74.12167357159979,2.722281949662819,54.36443654238459,0.0,0.0,0.0
2026-01-01 20:14:50,29.02067816750718,74.1188999329265,0.903316249081034,54.28838162750692,0.0,0.0,0.0
2026-01-01 20:14:55,28.965539932691467,74.35180650252917,12.294421333421514,54.23218656301522,0.0,0.0,0.0
2026-01-01 20:15:00,28.8496263898437,74.50416406710796,32.34084409498284,54.25246567308432,0.0,0.0,0.0
2026-01-01 20:15:05,28.697998139100463,74.85611775218531,0.0,54.23707411055302,0.0,0.0,0.0
2026-01-01 20:15:10,28.76141505085377,74.82330065892123,15.755772333222431,54.34049773361296,0.0,0.0,0.0
2026-01-01 20:15:15,28.81421109792026,74.93610155598718,34.60722245462806,54.33544667989904,0.0,0.0,0.0
2026-01-01 20:15:20,28.85159107527728,74.95894952261146,11.353263923339018,54.36477361669857,0.0,0.0,0.0
2026-01-01 20:15:25,28.885447309985707,75.05932062961058,13.96185718205504,54.2971207814812,0.0,0.0,0.0
2026-01-01 20:15:30,28.944662419094275,75.1527622397003,21.43159870281838,54.37904598947334,0.0,0.0,0.0
2026-01-01 20:15:35,28.86189689336401,75.4790269207072,7.408898832325695,54.27021022106156,0.0,0.0,0.0
2026-01-01 20:15:40,28.78242264217051,75.73294334012968,1.1960455189386483,54.28789705097968,0.0,0.0,0.0
2026-01-01 20:15:45,28.69634380440034,75.56298396870066,12.66576278858695,54.29396842326496,0.0,0.0,0.0
2026-01-01 20:15:50,28.746338637839457,75.39650696834947,29.534638405350663,54.27166913627032,0.0,0.0,0.0
2026-01-01 20:15:55,28.81546851133866,75.68204134249419,13.729242915932176,54.26941803363428,0.0,0.0,0.0
2026-01-01 20:16:00,28.62358762716001,75.71371310355046,10.709013527619316,54.30987627906946,0.0,0.0,0.0
2026-01-01 20:16:05,28.599347321617447,75.98486771741655,16.106672138716032,54.26008246278271,0.0,0.0,0.0
2026-01-01 20:16:10,28.70083971408257,76.2101723334587,6.697391386054907,54.19448414256644,0.0,0.0,0.0
2026-01-01 20:16:15,28.64162650103124,75.95307430129616,11.171375671026167,54.14120224538912,1.0,0.0,0.0
2026-01-01 20:16:20,28.607436023726933,75.77660609821228,0.0,54.22385638699362,1.0,0.0,0.0
2026-01-01 20:16:25,28.589841774773667,75.72065926006442,4.624089221544484,54.26781067753336,1.0,0.0,0.0
2026-01-01 20:16:30,28.455877319995093,75.1179090411903,24.30637410856298,54.47140616067528,0.0,0.0,0.0
2026-01-01 20:16:35,28.57907546614836,75.04729002248278,17.223590809304962,54.63359548007709,0.0,0.0,0.0
2026-01-01 20:16:40,28.5416146445882,74.78861298331321,10.58716174173938,54.71770381842082,0.0,0.0,0.0
2026-01-01 20:16:45,28.58916713848723,74.83499525415766,35.16167469033636,54.816462731586455,0.0,0.0,0.0
2026-01-01 20:16:50,28.510258164138616,74.71013395324495,22.447874260766145,54.8695364576765,0.0,0.0,0.0
2026-01-01 20:16:55,28.37664810700755,74.47096520551744,15.925128708615144,54.99524934864816,0.0,0.0,0.0
2026-01-01 20:17:00,28.36781186048561,74.89607773198372,26.425972009732376,55.03598967344946,0.0,0.0,0.0
2026-01-01 20:17:05,28.33875304932614,75.05927620934405,0.0,55.01041774260148,0.0,0.0,0.0
2026-01-01 20:17:10,28.32957611436483,75.3107156635658,25.01817706170668,55.11408956957492,0.0,0.0,0.0
2026-01-01 20:17:15,28.36592657309032,75.30108870533782,9.826855161773938,55.08843091097663,0.0,0.0,0.0
2026-01-01 20:17:20,28.14896459411337,75.32658225820099,0.0,55.11416100871939,0.0,0.0,0.0
2026-01-01 20:17:25,28.1625358767463,75.43045331595694,20.88363984080964,55.07675120986241,0.0,0.0,0.0
2026-01-01 20:17:30,28.05779593942185,75.20753512981149,10.314641921351306,55.1303253541376,0.0,0.0,0.0
2026-01-01 20:17:35,28.03442586973231,75.37899094003023,19.74709892346677,55.12228293687532,0.0,0.0,0.0
2026-01-01 20:17:40,27.95696655632199,75.27668041567391,5.4480759632459055,55.12410778784445,0.0,0.0,0.0
2026-01-01 20:17:45,27.926244038922995,75.03767132781581,34.62364552383669,55.15196499022484,0.0,0.0,0.0
2026-01-01 20:17:50,27.83405138641539,74.94157138670691,5.864633763609981,55.1662555664185,0.0,0.0,0.0
2026-01-01 20:17:55,27.84096475249328,74.77573728202321,20.376793113465787,55.19194256488881,0.0,0.0,0.0
2026-01-01 20:18:00,27.8649418276142,74.98371287322314,31.594525149934864,55.19763393934335,0.0,0.0,0.0
2026-01-01 20:18:05,27.77828570951388,75.26070084458178,11.461221599795309,55.16766611990644,0.0,0.0,0.0
2026-01-01 20:18:10,27.769688468225056,75.27993670400421,9.951081558898192,55.21547390887491,0.0,0.0,0.0
2026-01-01 20:18:15,27.824159120594043,75.43836570519359,0.0,55.19437990259599,0.0,0.0,0.0
2026-01-01 20:18:20,27.844122028803604,75.32511448929121,29.428521819743224,55.16019793646849,0.0,0.0,0.0
2026-01-01 20:18:25,27.93970148929655,75.23901366223052,22.682981909052785,55.14457327182993,0.0,0.0,0.0
2026-01-01 20:18:30,27.968268467526563,75.06008006278589,8.623329652396084,55.17393751928355,0.0,0.0,0.0
2026-01-01 20:18:35,28.05476985770454,75.06783108310911,10.05918693293036,55.212752341080304,0.0,0.0,0.0
2026-01-01 20:18:40,28.140504081759776,74.97547384899349,44.20384866508695,55.22444698804334,0.0,0.0,0.0
2026-01-01 20:18:45,28.14533663318812,74.75889542432392,30.458657320954536,55.1719639405231,0.0,0.0,0.0
2026-01-01 20:18:50,28.134651495492683,75.13338144390742,5.5843462026075,55.12884205663086,0.0,0.0,0.0
2026-01-01 20:18:55,28.207087050543176,75.23462357099937,32.19499759383536,55.14479992966883,0.0,0.0,0.0
2026-01-01 20:19:00,28.187304873527047,75.27019990648026,0.0,55.24560356264807,0.0,0.0,0.0
2026-01-01 20:19:05,28.194869020296743,75.66121363299416,0.0,55.24919030563025,0.0,0.0,0.0
2026-01-01 20:19:10,28.20054052918911,75.87241591072174,0.0,55.2319275558925,0.0,0.0,0.0
2026-01-01 20:19:15,28.172369669062466,75.7596423478468,34.28929227748396,55.176375052498365,0.0,0.0,0.0
2026-01-01 20:19:20,28.13029408827368,75.45779219832716,40.53040457565622,55.20607038228162,0.0,0.0,0.0
2026-01-01 20:19:25,28.33127037242591,75.50345523333961,55.88243175353904,55.199870480664586,0.0,0.0,0.0
2026-01-01 20:19:30,28.363140640812084,75.51806172787629,16.050545528420038,55.24321032788059,0.0,0.0,0.0
2026-01-01 20:19:35,28.397414194940445,75.31748515058753,26.904169395759546,55.18445992743821,0.0,0.0,0.0
2026-01-01 20:19:40,28.30811520324273,74.96203554911901,16.971894583955894,55.28653992288201,0.0,0.0,0.0
2026-01-01 20:19:45,28.252323755054512,75.18332568504705,1.482235818270183,55.26065840313368,0.0,0.0,0.0
2026-01-01 20:19:50,28.32883946007692,75.17165181563779,32.7432948466341,55.20878709244309,0.0,0.0,0.0
2026-01-01 20:19:55,28.391691092161857,75.17423000527592,23.46685927828721,55.21804032903431,0.0,0.0,0.0
2026-01-01 20:20:00,28.41099583996722,74.75994941498557,46.09705009897587,55.24385286393699,0.0,0.0,0.0
2026-01-01 20:20:05,28.42211808484377,74.45189764133468,30.52649506140902,55.26348365954197,0.0,0.0,0.0
2026-01-01 20:20:10,28.441922901883963,74.36465866824317,4.628715858275479,55.20738296495732,0.0,0.0,0.0
2026-01-01 20:20:15,28.40016656671494,74.25398827628203,0.0,55.160395935369394,0.0,0.0,0.0
2026-01-01 20:20:20,28.423679778593737,74.00368190320013,29.09901399012137,55.17200028151029,0.0,0.0,0.0
2026-01-01 20:20:25,28.43806254862713,73.93045437838055,26.11275871390536,55.186454256972176,0.0,0.0,0.0
2026-01-01 20:20:30,28.526659045382885,73.95344978395416,27.752631816999955,55.13442217830774,0.0,0.0,0.0
2026-01-01 20:20:35,28.539832194360525,74.14471929708718,41.48880617701919,55.10343368324968,0.0,0.0,0.0
2026-01-01 20:20:40,28.545407558670565,74.39788525945077,0.0,55.13956202200207,0.0,0.0,0.0
2026-01-01 20:20:45,28.581401287624555,74.31175466143408,0.0,55.13209071617259,0.0,0.0,0.0
2026-01-01 20:20:50,28.693175408118044,74.74855734927334,5.937113813703775,55.16901280540341,0.0,0.0,0.0
2026-01-01 20:20:55,28.69294264212343,74.70238851487677,6.331343220053679,55.13704350982772,0.0,0.0,0.0
2026-01-01 20:21:00,28.60368524413252,74.84185718451913,11.283236468740183,55.11204842970341,0.0,0.0,0.0
2026-01-01 20:21:05,28.55426476008468,75.15905011564261,13.281282020345952,55.11019291474793,0.0,0.0,0.0
2026-01-01 20:21:10,28.51678066229813,75.14239384319102,33.1021193228512,55.15617472788244,0.0,0.0,0.0
2026-01-01 20:21:15,28.597204317756088,75.20396075829879,7.371910091567074,55.10499873676716,0.0,0.0,0.0
2026-01-01 20:21:20,28.58073584847504,75.07240901529545,22.32357519049601,55.171916090971806,0.0,0.0,0.0
2026-01-01 20:21:25,28.56660043321206,75.04384383462143,20.755944034831828,55.14821290775508,0.0,0.0,0.0
2026-01-01 20:21:30,28.58563759739638,75.04327202330012,17.596803855612606,55.14319777823216,0.0,0.0,0.0
2026-01-01 20:21:35,28.59271846846664,75.14399326050572,22.45470129155052,55.20119043106397,0.0,0.0,0.0
2026-01-01 20:21:40,28.61116770166447,74.99083722368161,38.436589094244766,55.09952766192247,0.0,0.0,0.0
2026-01-01 20:21:45,28.65821779882721,74.76558378042387,27.406287189020503,55.16172601384304,0.0,0.0,0.0
2026-01-01 20:21:50,28.724065338736104,74.75809227743714,6.606932202446484,55.18933426128604,0.0,0.0,0.0
2026-01-01 20:21:55,28.69628780256137,75.06175851801599,25.25126433381401,55.18200574847992,0.0,0.0,0.0
2026-01-01 20:22:00,28.67582745259611,75.31327539951988,2.8720996529910385,55.17886924381303,0.0,0.0,0.0
2026-01-01 20:22:05,28.564702124253586,75.06344036201733,39.44135168385383,55.18562273528392,0.0,0.0,0.0
2026-01-01 20:22:10,28.64616006025936,75.10553727178113,6.146960634685537,55.1369220165272,0.0,0.0,0.0
2026-01-01 20:22:15,28.571269368213148,75.19640672655044,33.75793177895288,55.15225768342643,0.0,0.0,0.0
2026-01-01 20:22:20,28.51114919580696,75.16032269873033,16.246479081559357,55.11084450136254,0.0,0.0,0.0
2026-01-01 20:22:25,28.453878884348768,75.29415092826493,27.92455721067183,55.09029719694847,0.0,0.0,0.0
2026-01-01 20:22:30,28.490805254597525,75.20655800999782,0.0,55.09633127935176,0.0,0.0,0.0
2026-01-01 20:22:35,28.502507344131807,75.13786781855323,4.032941580718963,55.12255099039009,0.0,0.0,0.0
2026-01-01 20:22:40,28.515779912005858,74.85447083445325,3.6198539276225454,55.10468352782709,0.0,0.0,0.0
2026-01-01 20:22:45,28.54409736589699,74.92720775046628,23.102131767971407,55.17285022385288,0.0,0.0,0.0
2026-01-01 20:22:50,28.698484393994168,75.15806792781173,28.59342430960392,55.13625480029188,0.0,0.0,0.0
2026-01-01 20:22:55,28.71043232311522,75.22610882872796,23.39372921401352,55.163424974498014,0.0,0.0,0.0
2026-01-01 20:23:00,28.72596794544944,75.19669481505524,9.926038677628188,55.16692593857617,0.0,0.0,0.0
2026-01-01 20:23:05,28.59416028263656,75.42750416741683,4.203996459410293,55.20992839122795,0.0,0.0,0.0
2026-01-01 20:23:10,28.52415725285977,75.47914002043068,44.98880792892491,55.20411298522632,0.0,0.0,0.0
2026-01-01 20:23:15,28.49544835428375,75.19863642196391,1.7269060837583865,55.12890181537206,0.0,0.0,0.0
2026-01-01 20:23:20,28.456355592544824,75.1841208423705,25.56271278595038,55.14384140432063,0.0,0.0,0.0
2026-01-01 20:23:25,28.463191469418337,75.10154413029544,29.61423535917869,55.199032579745136,0.0,0.0,0.0
2026-01-01 20:23:30,28.39430956797884,74.81151213850181,15.28785634745608,55.18323356884176,0.0,0.0,0.0
2026-01-01 20:23:35,28.32609347527578,74.87172351780923,0.0,55.176798316168366,0.0,0.0,0.0
2026-01-01 20:23:40,28.25374974773546,74.5911310999503,14.70642737929548,55.18232666345702,0.0,0.0,0.0
2026-01-01 20:23:45,28.238650971161587,74.46837484815406,17.53892613674291,55.0900994903076,0.0,0.0,0.0
2026-01-01 20:23:50,28.25119949102641,74.52852342278854,5.513848571309857,55.10570249756202,0.0,0.0,0.0
2026-01-01 20:23:55,28.383326340105302,74.36916840827652,1.1920717677982564,55.1360416483186,0.0,0.0,0.0
2026-01-01 20:24:00,28.38320653110656,74.13969333364872,26.981291454626067,55.06927147729451,0.0,0.0,0.0
2026-01-01 20:24:05,28.3940179622404,74.41175543381912,7.749749555519616,55.062128761501775,0.0,0.0,0.0
2026-01-01 20:24:10,28.42442751755776,74.64027284004625,24.122502760423053,54.996029547538754,0.0,0.0,0.0
2026-01-01 20:24:15,28.50054765210719,74.39498458619744,0.0,54.99683717490319,0.0,0.0,0.0
2026-01-01 20:24:20,28.506732012976705,74.6263069749186,50.15289532834563,54.99921950893218,0.0,0.0,0.0
2026-01-01 20:24:25,28.508441784486703,74.66989501042224,39.54910681545746,55.08504561892096,0.0,0.0,0.0
2026-01-01 20:24:30,28.49386481489235,74.84963128445902,6.387262726782789,55.01132552624534,0.0,0.0,0.0
2026-01-01 20:24:35,28.484089638092943,74.72645546101853,28.78895195454705,55.03217990400852,0.0,0.0,0.0
2026-01-01 20:24:40,28.505115324860206,74.35961772367506,22.992698716971763,55.105169151152886,0.0,0.0,0.0
2026-01-01 20:24:45,28.48909633632612,74.42319919320713,15.512565065842228,55.02256734773984,0.0,0.0,0.0
2026-01-01 20:24:50,28.450375279217425,74.31083906028611,16.255546220448576,55.020815650435935,0.0,0.0,0.0
2026-01-01 20:24:55,28.28252413961188,74.17663463226154,5.17450589130958,55.05809617918824,0.0,0.0,0.0
2026-01-01 20:25:00,28.33383241461292,74.32783227987122,6.299588909460436,54.991084981284345,0.0,0.0,0.0
2026-01-01 20:25:05,28.30292842390437,74.24023378475091,7.170453961690033,55.04446931982287,0.0,0.0,0.0
2026-01-01 20:25:10,28.19988197618265,74.3366899702186,8.744307694721732,55.03159459107343,0.0,0.0,0.0
2026-01-01 20:25:15,28.20037931840021,74.35944609412417,7.917802518300295,55.022332994147725,0.0,0.0,0.0
2026-01-01 20:25:20,28.24371539239268,74.32168234224082,22.44315639373293,54.920673883196734,0.0,0.0,0.0
2026-01-01 20:25:25,28.22448351357685,74.28396706365331,27.34227945598764,54.92907184290877,0.0,0.0,0.0
2026-01-01 20:25:30,28.259738615429,74.5073521352814,0.0,54.90969822434036,0.0,0.0,0.0
2026-01-01 20:25:35,28.250729261724768,74.47681898265704,20.540901273310272,54.93978615929747,0.0,0.0,0.0
2026-01-01 20:25:40,28.152468965143704,74.89887881811126,23.70562709142424,54.96240325468652,0.0,0.0,0.0
2026-01-01 20:25:45,28.017552979649768,74.92558433541436,1.0435940303756572,55.03118848665532,0.0,0.0,0.0
2026-01-01 20:25:50,27.887776678442023,74.83365158265,0.0,54.9761500366758,0.0,0.0,0.0
2026-01-01 20:25:55,27.91495042379384,74.80718085700595,5.491008174421332,55.01119155995743,0.0,0.0,0.0
2026-01-01 20:26:00,27.872540381244807,74.93499069968956,35.62195115180665,54.924556541562566,0.0,0.0,0.0
2026-01-01 20:26:05,27.743822719931185,74.87759121252365,4.071628320759455,54.929305984531226,0.0,0.0,0.0
2026-01-01 20:26:10,27.624468563902656,74.7239040056591,11.907615974703557,54.9959832013447,0.0,0.0,0.0
2026-01-01 20:26:15,27.79718928221284,74.49543238734115,24.20742853299325,54.99165566564282,0.0,0.0,0.0
2026-01-01 20:26:20,27.769890541248664,74.3072859587145,16.907791055579708,55.01095021687952,0.0,0.0,0.0
2026-01-01 20:26:25,27.845177441613583,74.23575194948745,7.102059155352125,54.974349097388725,0.0,0.0,0.0
2026-01-01 20:26:30,27.85816333134389,74.49345151521865,3.3119634922570773,54.97236038199507,0.0,0.0,0.0
2026-01-01 20:26:35,27.81652747602587,74.63249522099453,9.940509463500636,54.95972502231764,0.0,0.0,0.0
2026-01-01 20:26:40,27.8638109452396,74.91052039771054,29.676185196003857,54.98143921894136,0.0,0.0,0.0
2026-01-01 20:26:45,27.84889043668062,74.73674066833986,7.427163360047822,54.94684322810133,0.0,0.0,0.0
2026-01-01 20:26:50,27.838257896057467,74.92029218828212,25.04680349996396,55.02328550329187,0.0,0.0,0.0
2026-01-01 20:26:55,27.89438378536617,75.00419742966707,16.722819556945538,54.96742174569228,0.0,0.0,0.0
2026-01-01 20:27:00,28.00404136029728,74.69679779320116,0.0,54.94137241460405,0.0,0.0,0.0
2026-01-01 20:27:05,28.029791958815128,74.4767903653008,18.90125644480596,54.91835199567815,0.0,0.0,0.0
2026-01-01 20:27:10,28.13600695696769,74.40974414584363,16.34692422508998,54.97918960713781,0.0,0.0,0.0
2026-01-01 20:27:15,28.202197425617687,74.29335369298425,34.043026904318054,54.90005386288974,0.0,0.0,0.0
2026-01-01 20:27:20,28.22184774215512,74.51036349836548,14.23736827563187,54.89606095161973,0.0,0.0,0.0
2026-01-01 20:27:25,28.082713675632387,74.39295035067781,3.53234765736646,54.92362893407173,0.0,0.0,0.0
2026-01-01 20:27:30,28.11593314076953,74.49952757403109,31.48951404615075,54.888200452924366,0.0,0.0,0.0
2026-01-01 20:27:35,28.059301736539343,74.46511593488655,15.942350692342467,54.895554621147774,0.0,0.0,0.0
2026-01-01 20:27:40,28.086135235682,74.22921166858704,20.88356683817524,54.87594199713848,0.0,0.0,0.0
2026-01-01 20:27:45,28.051932955204485,74.01665066106735,22.505100244442232,54.97421641517593,0.0,0.0,0.0
2026-01-01 20:27:50,28.134880459566144,73.9614659461885,4.293976185906499,55.05372050129312,0.0,0.0,0.0
2026-01-01 20:27:55,28.029163087468568,73.88171361949026,19.79568604332743,55.0708406235861,0.0,0.0,0.0
2026-01-01 20:28:00,27.95892875179998,74.00833375354857,27.62228736320736,55.04613718761803,0.0,0.0,0.0
2026-01-01 20:28:05,27.91984670282374,73.7690224676557,24.139140793698115,55.00615775309045,0.0,0.0,0.0
2026-01-01 20:28:10,27.98533858928216,73.68098217954802,12.368986176917169,54.970939617967495,0.0,0.0,0.0
2026-01-01 20:28:15,28.007753565664384,73.72827268540618,36.69368473869682,54.97678566680504,0.0,0.0,0.0
2026-01-01 20:28:20,28.07047911677353,73.61188101006852,1.675316838910652,54.93828556476269,0.0,0.0,0.0
2026-01-01 20:28:25,28.08664696063472,73.53158694946528,7.580704066141965,54.96692906957808,0.0,0.0,0.0
2026-01-01 20:28:30,28.19667057780336,73.43620508920293,14.064318485740753,54.97330408961545,0.0,0.0,0.0
2026-01-01 20:28:35,28.24046658855225,73.28533146905411,9.466930973042832,54.97948617465181,0.0,0.0,0.0
2026-01-01 20:28:40,28.231423730782414,73.14529363284097,0.0,54.96162292913263,0.0,0.0,0.0
2026-01-01 20:28:45,28.245183311582867,73.24067654801644,3.253748135888173,54.9348830480892,0.0,0.0,0.0
2026-01-01 20:28:50,28.166715246084845,73.10126566551618,2.2230127429428697,54.95986286829797,0.0,0.0,0.0
2026-01-01 20:28:55,28.159709548300444,72.90859802681085,26.30757328926517,54.97046687395939,0.0,0.0,0.0
2026-01-01 20:29:00,28.24790204745268,73.06598206455692,0.929733247345557,54.98131953785276,0.0,0.0,0.0
2026-01-01 20:29:05,28.193511002387872,73.20536353348348,0.0,54.95316271511586,0.0,0.0,0.0
2026-01-01 20:29:10,28.260638183830693,73.30781646991663,24.02574085740396,54.91174036552248,0.0,0.0,0.0
2026-01-01 20:29:15,28.30198761466101,73.34793441705374,19.17709576234192,55.043284885114375,0.0,0.0,0.0
2026-01-01 20:29:20,28.31881084585015,73.3620642591822,5.501254677351425,54.95396300769083,0.0,0.0,0.0
2026-01-01 20:29:25,28.23012713096769,73.68965570545576,14.917017095682535,54.96946902075216,0.0,0.0,0.0
2026-01-01 20:29:30,28.30676243961029,73.8133707614813,30.091728285737226,55.00837537687927,0.0,0.0,0.0
2026-01-01 20:29:35,28.227598023304868,73.81895549877761,0.0,54.954946037017145,0.0,0.0,0.0
2026-01-01 20:29:40,28.304100737892018,73.67830860593259,12.953629930962654,54.91294637490989,0.0,0.0,0.0
2026-01-01 20:29:45,28.20847742130508,73.52349624572898,28.06303706965956,54.93809435303584,0.0,0.0,0.0
2026-01-01 20:29:50,28.256086987809127,73.34970116849084,42.09033000245182,54.86195727891493,0.0,0.0,0.0
2026-01-01 20:29:55,28.28986537639932,73.14678625984406,2.0462629861170805,54.86361432356202,0.0,0.0,0.0
2026-01-01 20:30:00,28.26852716627074,73.21040924470785,24.160151454073592,54.88913200689875,0.0,0.0,0.0
2026-01-01 20:30:05,28.20034172518364,73.01513702590891,6.8668683250679,54.914839502639445,0.0,0.0,0.0
2026-01-01 20:30:10,28.24121530669642,72.84148721061524,12.756926791340494,54.870413098611394,0.0,0.0,0.0
2026-01-01 20:30:15,28.149170077638374,72.86976774786278,40.91223806191749,54.89021878565301,0.0,0.0,0.0
2026-01-01 20:30:20,28.143776790386948,72.89906665853292,27.4679711283956,54.9099909190484,0.0,0.0,0.0
2026-01-01 20:30:25,28.10378772728706,72.721845127515,0.0,54.854289814678616,0.0,0.0,0.0
2026-01-01 20:30:30,28.197342138817568,72.86795600798766,5.237617796704475,54.86520308622765,0.0,0.0,0.0
2026-01-01 20:30:35,28.19535443770644,72.90587968098643,13.766016602179356,54.88505913475728,0.0,0.0,0.0
2026-01-01 20:30:40,28.17537979602632,73.28945866286725,37.17032302600708,54.85946329502333,0.0,0.0,0.0
2026-01-01 20:30:45,28.12202812118382,73.15852589733875,16.64022687355335,54.89442110139999,0.0,0.0,0.0
2026-01-01 20:30:50,28.219232817156307,73.30519161288528,0.0,54.86935291856816,0.0,0.0,0.0
2026-01-01 20:30:55,28.24003933316904,73.36275105650931,30.40419180930624,54.9000607486868,0.0,0.0,0.0
2026-01-01 20:31:00,28.249205139305573,73.47160092464168,0.0,54.85590487933552,0.0,0.0,0.0
2026-01-01 20:31:05,28.24096797388305,73.26633567342583,6.594645207874512,54.92847556389464,0.0,0.0,0.0
2026-01-01 20:31:10,28.20789160222808,73.18602692551693,0.0,54.8782322691782,0.0,0.0,0.0
2026-01-01 20:31:15,28.24332496249772,73.18590876368067,1.1499450931734996,54.864332246520405,0.0,0.0,0.0
2026-01-01 20:31:20,28.28594211504471,73.21048125720891,4.462298138047927,54.87638380774298,0.0,0.0,0.0
2026-01-01 20:31:25,28.231717564204576,72.88431268440151,6.399568966865481,54.850913344854064,0.0,0.0,0.0
2026-01-01 20:31:30,28.18254774589904,72.85761164997855,0.0,54.89713522280292,0.0,0.0,0.0
2026-01-01 20:31:35,28.08276205841127,72.84014771221246,12.452636272608292,54.79736115976986,0.0,0.0,0.0
2026-01-01 20:31:40,28.046031883293114,72.81988312470673,0.0,54.79690758979241,0.0,0.0,0.0
2026-01-01 20:31:45,28.077421141945035,72.94099263303242,5.152719773231553,54.78596072682765,0.0,0.0,0.0
2026-01-01 20:31:50,28.111936561249312,73.30410068864,6.865687858546982,54.84160305949165,0.0,0.0,0.0
2026-01-01 20:31:55,28.14132609693417,73.32821759322961,22.914696131170658,54.78458376354426,0.0,0.0,0.0
2026-01-01 20:32:00,28.07172190016075,73.28258046056078,8.368869105922006,54.74054452688048,0.0,0.0,0.0
2026-01-01 20:32:05,27.969158301600974,73.23654945845304,25.8342379323067,54.825596856051575,0.0,0.0,0.0
2026-01-01 20:32:10,27.871568039637257,73.09609392208569,2.0759752199397807,54.72786139226688,0.0,0.0,0.0
2026-01-01 20:32:15,27.926694435136184,73.31168286114665,0.0,54.790451241227885,0.0,0.0,0.0
2026-01-01 20:32:20,27.9341703229356,73.54195729376036,20.863236754612927,54.74110456880558,0.0,0.0,0.0
2026-01-01 20:32:25,27.84132136834555,73.4439128091213,0.0,54.81712709936579,0.0,0.0,0.0
2026-01-01 20:32:30,27.792663825169825,73.34411501017266,14.948989088067188,54.880125475135344,0.0,0.0,0.0
2026-01-01 20:32:35,27.763615331901384,73.16752096473697,11.927880036640092,54.751474814644624,0.0,0.0,0.0
2026-01-01 20:32:40,27.67283770546294,73.35709266348175,0.0,54.83930558649007,0.0,0.0,0.0
2026-01-01 20:32:45,27.793226317477508,73.38251093730408,3.560732867614222,54.79809017248209,0.0,0.0,0.0
2026-01-01 20:32:50,27.719709120328684,73.44153455600073,27.505366296379567,54.80880264093807,0.0,0.0,0.0
2026-01-01 20:32:55,27.76454894627853,73.29626079656097,5.496243919871899,54.76763942254024,0.0,0.0,0.0
2026-01-01 20:33:00,27.64468112340485,73.5332067873162,25.555708456926432,54.793927322848376,0.0,0.0,0.0
2026-01-01 20:33:05,27.58435754211149,73.65102993375692,4.766223497079071,54.85767411860847,0.0,0.0,0.0
2026-01-01 20:33:10,27.56597315286612,73.52677684276036,13.08194757218407,54.8902175424042,0.0,0.0,0.0
2026-01-01 20:33:15,27.56019708368804,73.42730625694696,0.8943502861704985,54.873323591748864,0.0,0.0,0.0
2026-01-01 20:33:20,27.44095594802668,73.58780383848827,31.568825378019444,54.82722878620284,0.0,0.0,0.0
2026-01-01 20:33:25,27.503138356644023,73.53517374260505,25.49125979371048,54.85469169075944,0.0,0.0,0.0
2026-01-01 20:33:30,27.553770599839115,73.4106838178538,1.7421154932363792,54.801457995240895,0.0,0.0,0.0
2026-01-01 20:33:35,27.495123680194027,73.53122174992006,0.0,54.85851589414532,0.0,0.0,0.0
2026-01-01 20:33:40,27.49027063303379,73.3945116638061,20.903521772562147,54.81125529178345,0.0,0.0,0.0
2026-01-01 20:33:45,27.517043508519105,73.59474475556297,15.556100256125202,54.77926958849372,0.0,0.0,0.0
2026-01-01 20:33:50,27.52443450317141,73.59545139031277,17.614551814556847,54.76651345127514,0.0,0.0,0.0
2026-01-01 20:33:55,27.52288973204441,73.7946682441795,3.787020127489848,54.82455346910876,0.0,0.0,0.0
2026-01-01 20:34:00,27.487825944517457,73.77822323185583,10.609793077010607,54.78064161563184,0.0,0.0,0.0
2026-01-01 20:34:05,27.40312018444127,73.94041735152845,19.467109026610736,54.82950436370176,0.0,0.0,0.0
2026-01-01 20:34:10,27.288966783035374,73.89768188864373,1.5713800997072425,54.81359876699671,0.0,0.0,0.0
2026-01-01 20:34:15,27.30555480162181,74.13957674159778,0.0,54.8208810769415,0.0,0.0,0.0
2026-01-01 20:34:20,27.30944743994085,74.02722187539064,0.0,54.81725215780496,0.0,0.0,0.0
2026-01-01 20:34:25,27.2712885650916,74.12617897666617,31.536807986770423,54.84178786919027,0.0,0.0,0.0
2026-01-01 20:34:30,27.22141343233404,73.94702845946566,11.670372372848837,54.83697239267998,0.0,0.0,0.0
2026-01-01 20:34:35,27.16122811612742,74.05858719907184,32.93790289907389,54.88567323324382,0.0,0.0,0.0
2026-01-01 20:34:40,27.19260098028681,74.28684388683968,25.47703945555116,54.766000984992125,0.0,0.0,0.0
2026-01-01 20:34:45,27.26516842570838,74.17314601368214,21.84025813523271,54.74666888444195,0.0,0.0,0.0
2026-01-01 20:34:50,27.221255613573817,73.92320037039799,5.126032218465071,54.72706236747686,0.0,0.0,0.0
2026-01-01 20:34:55,27.17621092508116,74.32399887191681,0.9290303702475652,54.79342127982408,0.0,0.0,0.0
2026-01-01 20:35:00,27.159584574768743,74.27840556245509,13.537238124508868,54.82382807605555,0.0,0.0,0.0
2026-01-01 20:35:05,27.15678385976952,74.0113560137173,22.57367102024488,54.80508408624516,0.0,0.0,0.0
2026-01-01 20:35:10,27.188883377584464,74.18146378192218,5.437192644987213,54.81316509292085,0.0,0.0,0.0
2026-01-01 20:35:15,27.12858944436786,74.28390290462409,0.8547983102539524,54.81943426484224,0.0,0.0,0.0
2026-01-01 20:35:20,27.10205939851417,74.31569558239497,11.688046648105878,54.78741544364894,0.0,0.0,0.0
2026-01-01 20:35:25,27.126589526443325,74.15463813578924,33.35541598504091,54.79171913910061,0.0,0.0,0.0
2026-01-01 20:35:30,27.190543247845444,74.25821151897607,13.36085735846573,54.77401765320673,0.0,0.0,0.0
2026-01-01 20:35:35,27.31504256402365,74.36665323079151,26.14978706506397,54.78963968354997,0.0,0.0,0.0
2026-01-01 20:35:40,27.35418385452797,74.38257911931696,3.381239919878835,54.87870181986724,0.0,0.0,0.0
2026-01-01 20:35:45,27.2813494921702,74.39378375010735,24.46850620162339,54.93487937593049,0.0,0.0,0.0
2026-01-01 20:35:50,27.291595534404248,74.59422057791836,4.138261198997837,54.87770970595352,0.0,0.0,0.0
2026-01-01 20:35:55,27.419990733268087,74.59040264196912,23.12218583903225,54.89717721464799,0.0,0.0,0.0
2026-01-01 20:36:00,27.341362553022584,74.693074326432,8.289926772210189,54.853831328738,0.0,0.0,0.0
2026-01-01 20:36:05,27.34966340493639,74.74625646977714,12.442438601807384,54.84523068576912,0.0,0.0,0.0
2026-01-01 20:36:10,27.39622145763443,74.65197833334905,36.769427302385466,54.852063683338365,0.0,0.0,0.0
2026-01-01 20:36:15,27.37065454719829,74.87736025432444,7.983090633556836,54.8317667711743,0.0,0.0,0.0
2026-01-01 20:36:20,27.394556195997104,75.02742918620326,46.941098109139205,54.888187658063416,0.0,0.0,0.0
2026-01-01 20:36:25,27.38778181302574,75.20863342985422,0.0,54.80097796198987,0.0,0.0,0.0
2026-01-01 20:36:30,27.33190763311161,75.29566955418854,2.2272745500970226,54.775109361453175,0.0,0.0,0.0
2026-01-01 20:36:35,27.28863967510213,75.25563377325703,0.0,54.87414842210883,0.0,0.0,0.0
2026-01-01 20:36:40,27.330608481024345,75.37261978022957,25.327709882586056,54.84906419842048,0.0,0.0,0.0
2026-01-01 20:36:45,27.4397961779801,74.99931728521092,16.407113426328607,54.84459667020455,0.0,0.0,0.0
2026-01-01 20:36:50,27.29990397964557,75.07288107968671,32.80250545166021,54.79117642781085,0.0,0.0,0.0
2026-01-01 20:36:55,27.1817067624382,74.78919352161377,18.63462459415357,54.73713669187511,0.0,0.0,0.0
2026-01-01 20:37:00,27.1741139780799,74.62881358455044,7.99354395227753,54.79882728555206,0.0,0.0,0.0
2026-01-01 20:37:05,27.08287723479601,75.07322907123091,5.583682638572448,54.862577376121465,0.0,0.0,0.0
2026-01-01 20:37:10,27.110834881372348,74.84370295881847,1.91364540386124,54.81063677256765,0.0,0.0,0.0
2026-01-01 20:37:15,27.111924073482303,75.03021132578593,29.776370375861696,54.7453392660607,0.0,0.0,0.0
2026-01-01 20:37:20,27.16719552004447,75.33789404186892,0.0,54.76084607966334,0.0,0.0,0.0
2026-01-01 20:37:25,27.124106027905,75.20881053588519,10.985056961327729,54.802222456805616,0.0,0.0,0.0
2026-01-01 20:37:30,27.058411304114674,75.3630006572094,32.807345279135696,54.77666377439968,0.0,0.0,0.0
2026-01-01 20:37:35,26.977254618972868,75.45261561298975,7.766124198741707,54.81570980835525,0.0,0.0,0.0
2026-01-01 20:37:40,26.91316095835241,75.34897696332251,11.413466880942869,54.77133417095863,0.0,0.0,0.0
2026-01-01 20:37:45,26.91405782034259,75.35311642685306,3.912397329798828,54.71368674202532,0.0,0.0,0.0
2026-01-01 20:37:50,26.875497731549043,75.37412176533512,17.185735249827353,54.7401188201073,0.0,0.0,0.0
2026-01-01 20:37:55,26.83290357627485,75.23228971251534,34.59917072293378,54.8028968534954,0.0,0.0,0.0
2026-01-01 20:38:00,26.887543101809268,75.53264580724971,7.838849598707963,54.843844457210125,0.0,0.0,0.0
2026-01-01 20:38:05,26.933778715063813,75.85696239467913,16.68772085615156,54.79095240590061,0.0,0.0,0.0
2026-01-01 20:38:10,26.907840680150773,75.8196108917083,30.556139703342463,54.78543948838892,0.0,0.0,0.0
2026-01-01 20:38:15,26.88386118231475,75.73112491403337,0.0,54.77783136080902,0.0,0.0,0.0
2026-01-01 20:38:20,26.84927245761593,75.75822238112362,24.79810085763952,54.73721981944886,0.0,0.0,0.0
2026-01-01 20:38:25,26.8878530771206,75.50598548987261,0.5241795016448787,54.7614851044875,0.0,0.0,0.0
2026-01-01 20:38:30,26.92721064345485,75.53061606385211,11.007220737075206,54.85055785415554,0.0,0.0,0.0
2026-01-01 20:38:35,26.86010584769662,75.73239797543908,11.21425569552816,54.812451735557055,0.0,0.0,0.0
2026-01-01 20:38:40,26.83797798101733,75.7233800725525,12.234108170614832,54.77397848233287,0.0,0.0,0.0
2026-01-01 20:38:45,26.73001861392073,75.75050081103149,12.05357993047967,54.77041061553089,0.0,0.0,0.0
2026-01-01 20:38:50,26.67589564066786,75.54335976554286,32.469860472739995,54.83436032050437,0.0,0.0,0.0
2026-01-01 20:38:55,26.65157288317356,75.7317348482947,0.0,54.78084579729332,0.0,0.0,0.0
2026-01-01 20:39:00,26.584172700117303,75.41520206795333,0.0,54.76868263802062,0.0,0.0,0.0
2026-01-01 20:39:05,26.56285890150229,75.70863819621512,19.95577797009641,54.7363166299609,0.0,0.0,0.0
2026-01-01 20:39:10,26.54082734733621,75.96880720125996,28.641858163143283,54.73964571232547,0.0,0.0,0.0
2026-01-01 20:39:15,26.545355519903463,76.00217810123864,39.90257809831338,54.72750691148505,0.0,0.0,0.0
2026-01-01 20:39:20,26.60214954123952,75.90176125757263,19.13454871975605,54.78805392758067,0.0,0.0,0.0
2026-01-01 20:39:25,26.60243901883068,75.59310893072464,9.83454348253999,54.805684341129655,0.0,0.0,0.0
2026-01-01 20:39:30,26.67286645672847,75.59322250385087,0.0,54.83590206486345,0.0,0.0,0.0
2026-01-01 20:39:35,26.669863728413155,75.70563089239573,14.364853081946787,54.79008921676437,0.0,0.0,0.0
2026-01-01 20:39:40,26.66609124569044,75.73945783476445,18.54523448890359,54.72248737980745,0.0,0.0,0.0
2026-01-01 20:39:45,26.69113968836285,75.70909591053855,21.18684421613777,54.73884982350913,0.0,0.0,0.0
2026-01-01 20:39:50,26.708436171780885,75.72191001592284,34.522349726391205,54.78948065068272,0.0,0.0,0.0
2026-01-01 20:39:55,26.66783674753031,75.51054179089829,60.76444133797762,54.78577828454378,0.0,0.0,0.0
2026-01-01 20:40:00,26.69261340624456,75.48467097537083,34.47447949301674,54.78516210616921,0.0,0.0,0.0
2026-01-01 20:40:05,26.628543003697,75.76747865551808,45.229695041811794,54.73967227365175,0.0,0.0,0.0
2026-01-01 20:40:10,26.64662220983564,75.95843138849891,20.48016554674004,54.754652452968,0.0,0.0,0.0
2026-01-01 20:40:15,26.695282071500007,75.88106547285773,0.0,54.71386424770554,0.0,0.0,0.0
2026-01-01 20:40:20,26.853721901937263,76.03232379659914,22.72241290320028,54.76281122120888,0.0,0.0,0.0
2026-01-01 20:40:25,26.8943189933295,76.05510137738672,16.867326998235995,54.75503315195297,0.0,0.0,0.0
2026-01-01 20:40:30,26.950980568952023,75.79401750442709,61.369412412577525,54.7208204680984,0.0,0.0,0.0
2026-01-01 20:40:35,27.00764722706179,75.89759163040088,17.81886913628762,54.8194996183078,0.0,0.0,0.0
2026-01-01 20:40:40,26.978837080926,76.21831256505261,13.522524688254082,54.85774649236598,0.0,0.0,0.0
2026-01-01 20:40:45,27.144880943687955,76.54049228616978,14.075236723472814,54.8102496177095,0.0,0.0,0.0
2026-01-01 20:40:50,27.12564473022243,76.81546229162011,16.786112654265132,54.78267832480687,0.0,0.0,0.0
2026-01-01 20:40:55,27.051452149468755,77.19729359801333,47.97576780817394,54.71809629682063,0.0,0.0,0.0
2026-01-01 20:41:00,27.089108132866475,77.01069534033536,35.69114086350742,54.66899261639138,0.0,0.0,0.0
2026-01-01 20:41:05,27.165044598880044,76.81466059679109,19.873480986759304,54.63592284170771,0.0,0.0,0.0
2026-01-01 20:41:10,27.233181944116964,77.09605139164411,6.267210295715304,54.68498923909644,0.0,0.0,0.0
2026-01-01 20:41:15,27.17602505840164,77.22917940281296,5.233807933948298,54.71563423554032,0.0,0.0,0.0
2026-01-01 20:41:20,27.140383532233585,77.20716785460056,46.64079120803413,54.6788328071123,0.0,0.0,0.0
2026-01-01 20:41:25,27.158325785027664,77.11019908478785,25.6112294590964,54.62365519210442,0.0,0.0,0.0
2026-01-01 20:41:30,27.127145316334868,77.06182330950902,8.722065808187418,54.70714941181869,0.0,0.0,0.0
2026-01-01 20:41:35,27.009719605631883,77.23721817816237,27.85897491919792,54.603683804571006,0.0,0.0,0.0
2026-01-01 20:41:40,26.88304015116105,77.36481029458331,29.927807265469657,54.62699706801643,0.0,0.0,0.0
2026-01-01 20:41:45,26.924348926856897,77.29858249192267,0.2635653716123188,54.67503386003815,0.0,0.0,0.0
2026-01-01 20:41:50,27.10204095275577,77.20597565448426,9.686770846949877,54.68955481195154,0.0,0.0,0.0
2026-01-01 20:41:55,27.189809974716333,77.12243390294161,1.974129644131133,54.70923383021645,0.0,0.0,0.0
2026-01-01 20:42:00,27.29963907055436,77.21024923476084,0.0,54.63499931515871,0.0,0.0,0.0
2026-01-01 20:42:05,27.27900818058069,77.07239671462392,25.83640064076588,54.63464049148838,0.0,0.0,0.0
2026-01-01 20:42:10,27.365726288537942,77.07421216206454,4.009810897574145,54.62573825661316,0.0,0.0,0.0
2026-01-01 20:42:15,27.280022561169552,76.86058722676304,0.0,54.707134463148215,0.0,0.0,0.0
2026-01-01 20:42:20,27.43493866917067,76.96741800257826,32.66980751590751,54.6643104239398,0.0,0.0,0.0
2026-01-01 20:42:25,27.440770371082458,76.92281322239648,12.29605686287259,54.66416454606326,0.0,0.0,0.0
2026-01-01 20:42:30,27.448310232636995,76.89388288660953,0.0,54.66490201293676,0.0,0.0,0.0
2026-01-01 20:42:35,27.415488487028583,76.67220960113863,44.27707329850485,54.65337046981959,0.0,0.0,0.0
2026-01-01 20:42:40,27.508581759442983,76.65501201372103,10.30214523044971,54.6291761121841,0.0,0.0,0.0
2026-01-01 20:42:45,27.522492721821944,76.773434270287,20.95591345194748,54.62385663735303,0.0,0.0,0.0
2026-01-01 20:42:50,27.52139348782773,77.12686739033276,0.0,54.6202534542289,0.0,0.0,0.0
2026-01-01 20:42:55,27.53640958010472,77.21505062630777,38.96237458136507,54.68340456771256,0.0,0.0,0.0
2026-01-01 20:43:00,27.57355802078397,77.10352682270508,9.486150866613862,54.68793876627526,0.0,0.0,0.0
2026-01-01 20:43:05,27.580250868055867,76.9074489750886,10.716953162085566,54.65209546770778,0.0,0.0,0.0
2026-01-01 20:43:10,27.61104988495904,76.57817548154502,23.76171417442644,54.66595338529061,0.0,0.0,0.0
2026-01-01 20:43:15,27.76903235960353,76.33512989565926,22.45234358137492,54.634198196114085,0.0,0.0,0.0
2026-01-01 20:43:20,27.79232338674741,76.42822771826592,0.0,54.61504970833016,0.0,0.0,0.0
2026-01-01 20:43:25,27.766562029903213,76.50577823471708,11.583225557176917,54.57753742711479,0.0,0.0,0.0
2026-01-01 20:43:30,27.813968255267813,76.72824440892106,32.683267070661415,54.58345773100069,0.0,0.0,0.0
2026-01-01 20:43:35,27.911495274580115,76.98953231488939,0.0,54.652346713093294,0.0,0.0,0.0
2026-01-01 20:43:40,27.92742006158645,76.63880935174608,13.24880169320032,54.62972996142942,0.0,0.0,0.0
2026-01-01 20:43:45,27.95484580388328,76.81533475907786,0.0,54.54666438338379,0.0,0.0,0.0
2026-01-01 20:43:50,27.918302491785887,76.81965112850072,9.307583983550616,54.589996271376094,0.0,0.0,0.0
2026-01-01 20:43:55,27.90864882219611,76.69402654036907,9.7959498767158,54.66233584121615,0.0,0.0,0.0
2026-01-01 20:44:00,27.79342870539295,76.43229965202796,31.82984221655839,54.627764853128696,0.0,0.0,0.0
2026-01-01 20:44:05,27.779498829640943,76.7007896529823,39.72366768081369,54.63829283808674,0.0,0.0,0.0
2026-01-01 20:44:10,27.80612172682288,76.64916805672523,21.42501287695272,54.64458120620337,0.0,0.0,0.0
2026-01-01 20:44:15,27.870969693865487,76.39656561070264,0.0,54.67615621673046,0.0,0.0,0.0
2026-01-01 20:44:20,27.87224740116015,76.6168687338229,0.0,54.645491203409605,0.0,0.0,0.0
2026-01-01 20:44:25,27.93077189638276,76.6661759223469,8.964383929326965,54.64885417754259,0.0,0.0,0.0
2026-01-01 20:44:30,27.997955945763245,76.60245874199317,60.37939977202669,54.73237281270133,0.0,0.0,0.0
2026-01-01 20:44:35,28.06889887902295,76.6573024666424,0.0,54.70775577283112,0.0,0.0,0.0
2026-01-01 20:44:40,28.15999207507305,76.51210178940724,4.29134316105409,54.66956837431909,0.0,0.0,0.0
2026-01-01 20:44:45,28.170853398349863,76.60400732081462,2.9920215680557725,54.61134074025793,0.0,0.0,0.0
2026-01-01 20:44:50,28.1873694477458,76.58938843012035,0.0,54.65622945819743,0.0,0.0,0.0
2026-01-01 20:44:55,28.157256285335965,76.8279421627663,20.142575643429595,54.65603703043075,0.0,0.0,0.0
2026-01-01 20:45:00,28.14025439828038,77.0095274809667,36.43874806781476,54.65262315818161,0.0,0.0,0.0
2026-01-01 20:45:05,28.102591132591645,76.96412873160425,19.60132829669064,54.59491980495793,0.0,0.0,0.0
2026-01-01 20:45:10,28.18140481352673,76.71151848622897,33.8633457901796,54.62128349272768,0.0,0.0,0.0
2026-01-01 20:45:15,28.126772534373423,76.70807945073852,22.194872806820904,54.63280460634023,0.0,0.0,0.0
2026-01-01 20:45:20,28.001013228633354,76.53622220080283,4.984825533989426,54.51528288962893,0.0,0.0,0.0
2026-01-01 20:45:25,28.008066560333003,76.58605501960234,11.46644553574676,54.53596824793386,0.0,0.0,0.0
2026-01-01 20:45:30,27.94881301464288,76.75710706945105,7.590767734908754,54.55482105707418,0.0,0.0,0.0
2026-01-01 20:45:35,28.00864550529585,77.04575882520594,0.0,54.63915345594161,0.0,0.0,0.0
2026-01-01 20:45:40,28.14222910477526,77.03082599257154,0.0,54.56729147854975,0.0,0.0,0.0
2026-01-01 20:45:45,28.165580609389245,77.30409737748643,6.114299101559572,54.52335711500896,0.0,0.0,0.0
2026-01-01 20:45:50,28.13644324778514,77.62495160071975,11.368656146549046,54.57017743361578,0.0,0.0,0.0
2026-01-01 20:45:55,28.170926207930943,77.49774663925334,4.06587909926454,54.5431393242987,0.0,0.0,0.0
2026-01-01 20:46:00,28.232668446445697,77.60193002196915,0.0,54.52716339629651,0.0,0.0,0.0
2026-01-01 20:46:05,28.25840535530951,77.55270152657287,0.0,54.57141746163016,0.0,0.0,0.0
2026-01-01 20:46:10,28.310073052020726,77.56245464777913,4.4121266669384855,54.50888591097079,0.0,0.0,0.0
2026-01-01 20:46:15,28.385357624262465,77.45711939646759,16.320507541579577,54.57485909118137,0.0,0.0,0.0
2026-01-01 20:46:20,28.36004743500141,77.68084382724442,0.7274460427159681,54.629071618058,0.0,0.0,0.0
2026-01-01 20:46:25,28.32091121251505,77.63501996246877,13.10796470235808,54.55417040403414,0.0,0.0,0.0
2026-01-01 20:46:30,28.332528853839868,77.27193381296726,11.026256237960476,54.60139791009051,0.0,0.0,0.0
2026-01-01 20:46:35,28.26224073145136,77.39131353057248,21.33906591561521,54.61946458602239,0.0,0.0,0.0
2026-01-01 20:46:40,28.250354311152748,77.37880764208636,17.69595984228853,54.59013058572664,0.0,0.0,0.0
2026-01-01 20:46:45,28.210856222276405,77.3582525932857,27.404191550029804,54.55883034445563,0.0,0.0,0.0
2026-01-01 20:46:50,28.112737980265308,76.99553223815678,2.5438509171557504,54.5821517655366,0.0,0.0,0.0
2026-01-01 20:46:55,27.983074422120733,76.96569369481094,14.056827497355812,54.4836881971202,0.0,0.0,0.0
2026-01-01 20:47:00,27.91679972195315,76.77809137959238,8.922302567858681,54.53172212103255,0.0,0.0,0.0
2026-01-01 20:47:05,27.858795956868267,76.60329511918626,41.99390819910243,54.527686236385335,0.0,0.0,0.0
2026-01-01 20:47:10,27.8127750709707,76.56317776575905,2.771664850870175,54.514431660732114,0.0,0.0,0.0
2026-01-01 20:47:15,27.72405939945039,76.1198160871921,18.92621867215836,54.51786683634347,0.0,0.0,0.0
2026-01-01 20:47:20,27.5267329355285,75.91702012315471,1.919212951168881,54.51943291033336,0.0,0.0,0.0
2026-01-01 20:47:25,27.47623355920347,75.88696629475368,3.040220133490303,54.52212251654768,0.0,0.0,0.0
2026-01-01 20:47:30,27.46604800330147,75.92589006599356,11.071022700868845,54.54401390983324,0.0,0.0,0.0
2026-01-01 20:47:35,27.569197690796,76.25839632377497,36.46506327235213,54.58718858288989,0.0,0.0,0.0
2026-01-01 20:47:40,27.48257913158981,75.93201807589914,31.918551418727542,54.55585732044056,0.0,0.0,0.0
2026-01-01 20:47:45,27.50438431722805,75.69810379552882,26.72883378966329,54.52435845062,0.0,0.0,0.0
2026-01-01 20:47:50,27.570845535288424,75.8439318500868,17.23671023091692,54.50948942800008,0.0,0.0,0.0
2026-01-01 20:47:55,27.624584743841943,75.71799632773357,22.75301579408384,54.47738683450355,0.0,0.0,0.0
2026-01-01 20:48:00,27.72399446393823,75.56790942827253,0.0,54.52149862476648,0.0,0.0,0.0
2026-01-01 20:48:05,27.770665791137333,75.156231343651,8.115569379005406,54.51524895582476,0.0,0.0,0.0
2026-01-01 20:48:10,27.867719068106496,74.76229128696166,3.662939335118158,54.524981077329386,0.0,0.0,0.0
2026-01-01 20:48:15,27.874900223994214,74.92998452619112,37.98300422046136,54.55541147427512,0.0,0.0,0.0
2026-01-01 20:48:20,27.855938054163577,74.77273019436949,9.504092480367389,54.57950771275913,0.0,0.0,0.0
2026-01-01 20:48:25,27.88430787852433,74.81690291528622,19.755717101743706,54.60351450773975,0.0,0.0,0.0
2026-01-01 20:48:30,27.770386318347622,74.82535093721445,43.71608361041024,54.58627137747443,0.0,0.0,0.0
2026-01-01 20:48:35,27.71340529338001,75.23437345606435,9.54841844005594,54.60438176822377,0.0,0.0,0.0
2026-01-01 20:48:40,27.70616965100736,75.4030213176737,46.474885852989246,54.59415573472546,0.0,0.0,0.0
2026-01-01 20:48:45,27.65059492451752,75.26214584895183,26.39392800547934,54.511475015243946,0.0,0.0,0.0
2026-01-01 20:48:50,27.72604587298609,75.14371303213763,21.05356383954861,54.46569017750864,0.0,0.0,0.0
2026-01-01 20:48:55,27.63628310957659,75.10635007329084,12.668555787860452,54.450467205509945,0.0,0.0,0.0
2026-01-01 20:49:00,27.582811891831888,74.98927550287323,9.224112149071608,54.48999798647442,0.0,0.0,0.0
2026-01-01 20:49:05,27.58368050531975,75.08457789497065,22.35112788415364,54.49054188531432,0.0,0.0,0.0
2026-01-01 20:49:10,27.570602428303523,75.39697895246861,34.34566344559182,54.45258440974861,0.0,0.0,0.0
2026-01-01 20:49:15,27.67215959081825,75.52173906561755,18.816941006208367,54.51239163149396,0.0,0.0,0.0
2026-01-01 20:49:20,27.63520811876743,75.74389152378558,19.287444829070548,54.57641821961033,0.0,0.0,0.0
2026-01-01 20:49:25,27.64627293498868,75.83696211508517,32.729213473927736,54.59787436374013,0.0,0.0,0.0
2026-01-01 20:49:30,27.71013716444447,75.75912922459563,0.0,54.50970019489253,0.0,0.0,0.0
2026-01-01 20:49:35,27.7299634005816,76.14889167752366,5.086136920571679,54.56033699825572,0.0,0.0,0.0
2026-01-01 20:49:40,27.79805385540984,76.04891569494205,28.267208420301174,54.54304716751771,0.0,0.0,0.0
2026-01-01 20:49:45,27.792935092493096,76.12745373240058,22.16739353761011,54.52446287808709,0.0,0.0,0.0
2026-01-01 20:49:50,27.76502456173613,76.06556816901588,1.6386330228218473,54.41207264714125,0.0,0.0,0.0
2026-01-01 20:49:55,27.669897524137827,75.84269079500709,44.668242664533686,54.4520655313405,0.0,0.0,0.0
2026-01-01 20:50:00,27.58330479657712,76.11596030648002,13.076400702329249,54.48600429955599,0.0,0.0,0.0
2026-01-01 20:50:05,27.670832466493778,76.26966444015403,45.80491862618916,54.45260178281251,0.0,0.0,0.0
2026-01-01 20:50:10,27.66413734260228,76.51823979757421,10.915081754813109,54.42222632569805,0.0,0.0,0.0
2026-01-01 20:50:15,27.65850531503293,76.61075828117623,0.2771285717521266,54.44102132399529,0.0,0.0,0.0
2026-01-01 20:50:20,27.670169116730914,76.52622572918108,34.58685172065523,54.346482575350976,0.0,0.0,0.0
2026-01-01 20:50:25,27.667344213044885,76.53003966067543,30.438201241082133,54.328225391856826,0.0,0.0,0.0
2026-01-01 20:50:30,27.667137172392994,76.4742445759674,20.00028459676893,54.38009385120898,0.0,0.0,0.0
2026-01-01 20:50:35,27.714422711717383,76.586040343953,25.238126125465207,54.41586691443413,0.0,0.0,0.0
2026-01-01 20:50:40,27.709723205975905,76.61296684587607,4.502568816769539,54.42392995203949,0.0,0.0,0.0
2026-01-01 20:50:45,27.7230665013762,76.35540903566445,14.57286786590426,54.36702745871763,0.0,0.0,0.0
2026-01-01 20:50:50,27.624447343032745,76.59767532013598,24.70133566003873,54.32924207522666,0.0,0.0,0.0
2026-01-01 20:50:55,27.68176220735982,76.69432538020361,44.73103890393643,54.342938410218736,0.0,0.0,0.0
2026-01-01 20:51:00,27.71219555386621,76.79341599405001,0.0,54.366374635447286,0.0,0.0,0.0
2026-01-01 20:51:05,27.70339099927557,76.8653896429215,1.136793096905291,54.37135748194041,0.0,0.0,0.0
2026-01-01 20:51:10,27.69028266414044,77.02051069159646,41.70208202892972,54.43923681624125,0.0,0.0,0.0
2026-01-01 20:51:15,27.771797422459034,77.11122097391618,19.94229527542295,54.39679315407543,0.0,0.0,0.0
2026-01-01 20:51:20,27.64787577450609,77.45774464565287,37.16732695876607,54.390487492454525,0.0,0.0,0.0
2026-01-01 20:51:25,27.690633047150914,77.55228536354994,29.681044908330588,54.40742353905197,0.0,0.0,0.0
2026-01-01 20:51:30,27.69424104124053,77.61939309080407,0.0,54.44362319775357,0.0,0.0,0.0
2026-01-01 20:51:35,27.67088782112984,77.70382279383284,28.479590183347792,54.34601098365658,0.0,0.0,0.0
2026-01-01 20:51:40,27.69298677567633,77.65870753514098,9.968447075841263,54.42942987094565,0.0,0.0,0.0
2026-01-01 20:51:45,27.695994774742424,78.29702146544875,11.656416410048775,54.38894756990637,0.0,0.0,0.0
2026-01-01 20:51:50,27.726377231917024,78.26429771060215,11.338732327746412,54.37662105494203,0.0,0.0,0.0
2026-01-01 20:51:55,27.72784100316589,78.24225903435165,3.4289112746235624,54.42623886968176,0.0,0.0,0.0
2026-01-01 20:52:00,27.65569786849053,78.25768282651015,14.907311824840102,54.42575020067732,0.0,0.0,0.0
2026-01-01 20:52:05,27.62940680719551,78.25885654368017,28.815038246700794,54.43085537773517,0.0,0.0,0.0
2026-01-01 20:52:10,27.48969415313331,78.19114406092308,14.194788224490356,54.40858041320669,0.0,0.0,0.0
2026-01-01 20:52:15,27.45503363182132,77.98838644104639,21.94250868194964,54.32953126772831,0.0,0.0,0.0
2026-01-01 20:52:20,27.49180725229985,78.22598191869119,10.166978155308456,54.325692664855126,0.0,0.0,0.0
2026-01-01 20:52:25,27.540245613584112,78.16109438740627,35.3092743390493,54.3828620061166,0.0,0.0,0.0
2026-01-01 20:52:30,27.524217993674924,78.08773725195965,24.363133970256325,54.32335298032164,0.0,0.0,0.0
2026-01-01 20:52:35,27.574637644593096,77.82792645135359,22.717875032931182,54.38167364772147,0.0,0.0,0.0
2026-01-01 20:52:40,27.55427778541566,77.55049021204576,7.568257141029786,54.38579378296258,0.0,0.0,0.0
2026-01-01 20:52:45,27.392252313462617,77.55758920611719,3.9610279308171874,54.372659235911,0.0,0.0,0.0
2026-01-01 20:52:50,27.30709905755385,77.50191520670394,29.677631557665777,54.28532387359677,0.0,0.0,0.0
2026-01-01 20:52:55,27.35168839800152,77.48464668399052,0.0,54.354455587938425,0.0,0.0,0.0
2026-01-01 20:53:00,27.364922888282496,77.59090205193193,0.0,54.3018685705041,0.0,0.0,0.0
2026-01-01 20:53:05,27.43352407041084,77.26207169844464,19.44173172153217,54.37777237804031,0.0,0.0,0.0
2026-01-01 20:53:10,27.41650402363073,77.13165818288175,20.812152925156315,54.37223168673286,0.0,0.0,0.0
2026-01-01 20:53:15,27.56085098661289,77.52477962006157,5.807027466900535,54.40503599667437,0.0,0.0,0.0
2026-01-01 20:53:20,27.544899288660787,77.23999625316429,19.43268255878245,54.33900357913322,0.0,0.0,0.0
2026-01-01 20:53:25,27.463857524132965,77.18862790443482,6.909035563520458,54.325033233986105,0.0,0.0,0.0
2026-01-01 20:53:30,27.536281454085984,77.10874497019815,23.76751705095874,54.32375651610886,0.0,0.0,0.0
2026-01-01 20:53:35,27.502219303849493,76.52969646230798,0.0,54.30354816712117,0.0,0.0,0.0
2026-01-01 20:53:40,27.42024542303663,76.42934970381238,21.132518456710795,54.30624044054485,0.0,0.0,0.0
2026-01-01 20:53:45,27.35896273166584,76.22970833050412,17.90503051714528,54.37900835162036,0.0,0.0,0.0
2026-01-01 20:53:50,27.346468543997336,76.43461728810772,16.765410303359648,54.42785762226498,0.0,0.0,0.0
2026-01-01 20:53:55,27.343159666725803,76.09496715941498,7.551351628893981,54.43268089840235,0.0,0.0,0.0
2026-01-01 20:54:00,27.29677871109156,76.1617836253833,0.7532230806673748,54.35598674024228,0.0,0.0,0.0
2026-01-01 20:54:05,27.2667722546506,76.33057600194897,0.0,54.434564590125845,0.0,0.0,0.0
2026-01-01 20:54:10,27.18711117262445,76.5590824141061,19.203835577172807,54.41963489260549,0.0,0.0,0.0
2026-01-01 20:54:15,27.21395979237852,76.81896801468163,20.69198172311656,54.47249778183137,0.0,0.0,0.0
2026-01-01 20:54:20,27.28604014635313,76.83649958446485,6.414007190737345,54.4450831513276,0.0,0.0,0.0
2026-01-01 20:54:25,27.264103995262914,76.85643214284443,31.94757617658728,54.43870585521599,0.0,0.0,0.0
2026-01-01 20:54:30,27.29177917313301,76.92933483110203,7.410491002325859,54.40249757928314,0.0,0.0,0.0
2026-01-01 20:54:35,27.28864249345989,76.89537496660296,0.0,54.44522986967363,0.0,0.0,0.0
2026-01-01 20:54:40,27.282745654766025,76.85027969033807,25.305345014234724,54.41547479361088,0.0,0.0,0.0
2026-01-01 20:54:45,27.458454462093385,77.21682638137827,21.750840781360903,54.40961736630708,0.0,0.0,0.0
2026-01-01 20:54:50,27.444859327367023,77.087640732667,2.4176120547747235,54.45401487899738,0.0,0.0,0.0
2026-01-01 20:54:55,27.42274485431188,77.17743870982662,7.975672014805985,54.466951644800375,0.0,0.0,0.0
2026-01-01 20:55:00,27.42335592997896,76.93256234649915,11.711527248147508,54.40890058213153,0.0,0.0,0.0
2026-01-01 20:55:05,27.50661975189737,76.5782444743146,10.252930091994092,54.40608018480667,0.0,0.0,0.0
2026-01-01 20:55:10,27.51620641076614,76.2502023839214,4.056734461741539,54.429882354251134,0.0,0.0,0.0
2026-01-01 20:55:15,27.5273746618418,76.41455586296743,38.81760653355947,54.39553859286335,0.0,0.0,0.0
2026-01-01 20:55:20,27.53214740673408,76.42575467809267,28.178608696525856,54.47953293774778,0.0,0.0,0.0
2026-01-01 20:55:25,27.49390142674485,76.29413867598613,0.0,54.45580723762276,0.0,0.0,0.0
2026-01-01 20:55:30,27.60976816061453,76.36872816179094,16.192357844510617,54.42022184487303,0.0,0.0,0.0
2026-01-01 20:55:35,27.58099262586646,76.30221703687789,4.743826719949672,54.3708294348919,0.0,0.0,0.0
2026-01-01 20:55:40,27.65922180980566,76.51518298818866,14.088132437329572,54.37577615661701,0.0,0.0,0.0
2026-01-01 20:55:45,27.63997169453913,76.48960936420507,35.9882656472744,54.40518955660913,0.0,0.0,0.0
2026-01-01 20:55:50,27.66514841650392,76.34833825277262,3.003248293446468,54.41075213420797,0.0,0.0,0.0
2026-01-01 20:55:55,27.75860298066035,76.30063560439379,27.58936608490113,54.52126017333157,0.0,0.0,0.0
2026-01-01 20:56:00,27.705557003954763,76.13115298266503,0.0,54.45476058548618,0.0,0.0,0.0
2026-01-01 20:56:05,27.821729258893136,76.19477755530173,7.356336088932911,54.47473356166162,0.0,0.0,0.0
2026-01-01 20:56:10,27.782154373159035,76.03596812782898,0.0,54.44230578379609,0.0,0.0,0.0
2026-01-01 20:56:15,27.721291755832365,75.91380904290466,10.03293667171187,54.47524637158625,0.0,0.0,0.0
2026-01-01 20:56:20,27.634438841479817,75.91030666562911,4.282428601981684,54.44015789437914,0.0,0.0,0.0
2026-01-01 20:56:25,27.72415394161834,75.50907834302784,2.662520513288804,54.44609853358847,0.0,0.0,0.0
2026-01-01 20:56:30,27.697530565132183,75.51550000170059,15.032575246164226,54.52976375694048,0.0,0.0,0.0
2026-01-01 20:56:35,27.69362931744778,75.68670130799403,32.95164743667051,54.48353142961242,0.0,0.0,0.0
2026-01-01 20:56:40,27.70690919357093,75.39119645493363,15.1309347999037,54.49576565067548,0.0,0.0,0.0
2026-01-01 20:56:45,27.61165472874289,75.47354328654491,20.36236789785316,54.51146490468688,0.0,0.0,0.0
2026-01-01 20:56:50,27.71561349191007,75.39093644252429,9.959678718480555,54.40922102109754,0.0,0.0,0.0
2026-01-01 20:56:55,27.72790815157645,75.78513456001497,14.30706138371334,54.38887723254544,0.0,0.0,0.0
2026-01-01 20:57:00,27.74635796722702,75.97812045560315,10.919348764599365,54.349248345809016,0.0,0.0,0.0
2026-01-01 20:57:05,27.57813713456288,76.16225136658228,0.0,54.34942747002231,0.0,0.0,0.0
2026-01-01 20:57:10,27.57819467712368,76.27538944840578,28.70605927961061,54.31955194140642,0.0,0.0,0.0
2026-01-01 20:57:15,27.586628327372548,76.31601626363143,14.290255453083828,54.25266889526506,0.0,0.0,0.0
2026-01-01 20:57:20,27.66244143876124,76.66234890216249,0.0,54.29780700237783,0.0,0.0,0.0
2026-01-01 20:57:25,27.68338916821389,76.61813464117112,27.099019002248056,54.22711101156612,0.0,0.0,0.0
2026-01-01 20:57:30,27.692082870881706,76.56714515495682,47.994466764183336,54.28904153930227,0.0,0.0,0.0
2026-01-01 20:57:35,27.76150763502307,76.33202077697659,1.0676557939294091,54.35868194838585,0.0,0.0,0.0
2026-01-01 20:57:40,27.817381464166274,76.19480250355802,0.0,54.33881795786367,0.0,0.0,0.0
2026-01-01 20:57:45,27.94711592676392,76.23011920255472,18.79871554635212,54.341280843539984,0.0,0.0,0.0
2026-01-01 20:57:50,27.956919710323152,76.13993351825606,0.0,54.39870505468643,0.0,0.0,0.0
2026-01-01 20:57:55,27.92365362151379,76.31741210711586,14.81686975911905,54.3894377757247,0.0,0.0,0.0
2026-01-01 20:58:00,27.93853715248482,76.4176095655691,29.869173351167973,54.373509010912,0.0,0.0,0.0
2026-01-01 20:58:05,27.94543442371541,76.36016572873238,19.50608459205916,54.37964096490239,0.0,0.0,0.0
2026-01-01 20:58:10,27.996227113214086,76.1099642965835,0.0,54.43532761766359,0.0,0.0,0.0
2026-01-01 20:58:15,27.95000900833433,76.04748453529027,49.42639638534385,54.45280526317798,0.0,0.0,0.0
2026-01-01 20:58:20,27.94384754782401,76.02079545251709,20.015843217812584,54.42636040152819,0.0,0.0,0.0
2026-01-01 20:58:25,27.89504950709064,76.4238204220639,21.62330749583341,54.40989478168373,0.0,0.0,0.0
2026-01-01 20:58:30,27.891801885332764,76.44748082043903,18.65449694088676,54.4152181092674,0.0,0.0,0.0
2026-01-01 20:58:35,27.86872083095875,76.21976284026913,22.72308990357591,54.40877795435094,0.0,0.0,0.0
2026-01-01 20:58:40,27.87832701120108,75.85586946104388,9.17368957071435,54.33707540972527,0.0,0.0,0.0
2026-01-01 20:58:45,27.758075619911644,76.28195836446677,0.0,54.35298306452144,0.0,0.0,0.0
2026-01-01 20:58:50,27.739014791270705,76.24828315785932,10.376628234278373,54.33912067705123,0.0,0.0,0.0
2026-01-01 20:58:55,27.670365160529663,76.25804938562528,0.0,54.29003232659604,0.0,0.0,0.0
2026-01-01 20:59:00,27.71565666403375,76.07412819478238,8.45744758281577,54.25950509200443,0.0,0.0,0.0
2026-01-01 20:59:05,27.785138512462623,76.2446115385862,13.582132817489988,54.26256894372586,0.0,0.0,0.0
2026-01-01 20:59:10,27.82290298714184,76.02815290424853,16.530349357185262,54.34174143081857,0.0,0.0,0.0
2026-01-01 20:59:15,27.86792078849532,75.93636100447955,30.29499693357272,54.400737336739645,0.0,0.0,0.0
2026-01-01 20:59:20,27.97480256739892,76.09045628080375,19.711004566546134,54.35872969300321,0.0,0.0,0.0
2026-01-01 20:59:25,28.039875220625564,76.1580558270496,32.91648537880231,54.40378039931488,0.0,0.0,0.0
2026-01-01 20:59:30,27.980771458637538,75.93383037392825,12.896235342878631,54.33571442661366,0.0,0.0,0.0
2026-01-01 20:59:35,27.86470161648834,75.87997023847947,8.177287210273553,54.31935836652457,0.0,0.0,0.0
2026-01-01 20:59:40,27.76017721698568,76.17657908830603,14.963306894803576,54.30244701077463,0.0,0.0,0.0
2026-01-01 20:59:45,27.71811690761647,76.05662579901242,16.2248547916639,54.27612983296101,0.0,0.0,0.0
2026-01-01 20:59:50,27.66182348140054,76.23908175553956,27.9950083249109,54.3106803874484,0.0,0.0,0.0
2026-01-01 20:59:55,27.73948521593588,75.94734168390599,3.421985121809273,54.27705989044303,0.0,0.0,0.0
2026-01-01 21:00:00,27.79595699005834,76.2312804018454,0.0,54.22281976170715,0.0,0.0,0.0
2026-01-01 21:00:05,27.710373730446605,76.20934587038141,44.83863768206656,54.27010979291002,0.0,0.0,0.0
2026-01-01 21:00:10,27.73867417108446,76.08356164921649,8.71811191627329,54.27191505217508,0.0,0.0,0.0
2026-01-01 21:00:15,27.736878523790605,75.9027166279943,0.0,54.21572279204726,0.0,0.0,0.0
2026-01-01 21:00:20,27.671469125740025,75.79040486789381,11.936167529731224,54.30440072336068,0.0,0.0,0.0
2026-01-01 21:00:25,27.67118629691113,75.88646774501275,13.678298340542735,54.30211987560483,0.0,0.0,0.0
2026-01-01 21:00:30,27.71850085980404,75.8511431128409,28.276991193647703,54.29533752624714,0.0,0.0,0.0
2026-01-01 21:00:35,27.790990110010306,75.945180316241,2.8871846364386653,54.31755174964277,0.0,0.0,0.0
2026-01-01 21:00:40,27.815758675523263,75.90080773497913,20.192292624636867,54.31203577892505,0.0,0.0,0.0
2026-01-01 21:00:45,27.763578956349445,75.99680864713312,0.0,54.379947760435954,0.0,0.0,0.0
2026-01-01 21:00:50,27.74970654478721,75.79612742485787,10.627667822602152,54.345575406662256,0.0,0.0,0.0
2026-01-01 21:00:55,27.7225164371714,75.84197738033163,5.7173346437109664,54.320961640161855,0.0,0.0,0.0
2026-01-01 21:01:00,27.74826697140904,75.7544804438933,15.44512884448524,54.3324519446577,0.0,0.0,0.0
2026-01-01 21:01:05,27.80389636357008,75.92924641280379,38.39741157982361,54.35554289991028,0.0,0.0,0.0
2026-01-01 21:01:10,27.86108577519292,76.6352441240113,11.229744100919422,54.31510388194032,0.0,0.0,0.0
2026-01-01 21:01:15,27.864130924327675,76.68985838657404,1.9568978538742945,54.30025644824353,0.0,0.0,0.0
2026-01-01 21:01:20,27.960496417645288,76.90183721833053,10.2137811067634,54.23997485774862,0.0,0.0,0.0
2026-01-01 21:01:25,28.00141923663837,77.10786798583692,0.0,54.24200066744204,0.0,0.0,0.0
2026-01-01 21:01:30,27.89659596835145,76.90128430210635,14.8970366303387,54.33465043770893,0.0,0.0,0.0
2026-01-01 21:01:35,27.934999792431924,76.86346798147231,23.25859969663182,54.23084884176515,0.0,0.0,0.0
2026-01-01 21:01:40,27.91927659214035,76.92166717892154,26.718800131055293,54.243959986225676,0.0,0.0,0.0
2026-01-01 21:01:45,27.903553391848774,76.97986637637075,30.179000565478763,54.2570711306862,0.0,0.0,0.0
2026-01-01 21:01:50,27.887830191557203,77.03806557381998,33.639200999902236,54.27018227514672,0.0,0.0,0.0
2026-01-01 21:01:55,27.87210699126563,77.0962647712692,37.099401434325706,54.28329341960725,0.0,0.0,0.0
2026-01-01 21:02:00,27.87334523717989,77.22764875085177,40.06215282675297,54.29027634464735,0.0,0.0,0.0
2026-01-01 21:02:05,27.943448816508013,77.3467782750152,13.762229380186769,54.26971738452117,0.0,0.0,0.0
2026-01-01 21:02:10,27.90460442043941,77.32651912685755,16.44928375468222,54.22285629872941,0.0,0.0,0.0
2026-01-01 21:02:15,27.981534888608632,77.40030320862006,9.627194164180937,54.25709398028496,0.0,0.0,0.0
2026-01-01 21:02:20,27.964945596453347,77.84434830395955,10.308170991221248,54.215216152696726,0.0,0.0,0.0
2026-01-01 21:02:25,27.971677544978228,77.80558340290393,42.7990849471865,54.25149904995834,0.0,0.0,0.0
2026-01-01 21:02:30,27.89451813653828,77.77846056585119,0.6557816576168669,54.29772525786946,0.0,0.0,0.0
2026-01-01 21:02:35,27.879532216451427,77.88516294672358,0.0,54.30360635569258,0.0,0.0,0.0
2026-01-01 21:02:40,27.86963994198852,78.12797573499785,39.28695215724818,54.41523369431691,0.0,0.0,0.0
2026-01-01 21:02:45,27.84571237467255,78.35016841669459,0.0,54.43717405616962,0.0,0.0,0.0
2026-01-01 21:02:50,27.839085669035523,78.00343156180949,35.558870666354146,54.4161313713783,0.0,0.0,0.0
2026-01-01 21:02:55,27.81211704853438,78.16799219982586,29.357735438210515,54.35091423223821,0.0,0.0,0.0
2026-01-01 21:03:00,27.764496051506868,78.24660123262407,0.6793947373917311,54.34483720078023,0.0,0.0,0.0
2026-01-01 21:03:05,27.854069434124423,78.05541860624419,30.40179171166592,54.3479322736212,0.0,0.0,0.0
2026-01-01 21:03:10,27.76550867543088,78.14578549488985,12.473449604611329,54.34939064466833,0.0,0.0,0.0
2026-01-01 21:03:15,27.77628678057776,77.93173098941166,9.59826056838068,54.29434845085976,0.0,0.0,0.0
2026-01-01 21:03:20,27.79831086271608,77.77915062556961,8.525052099277048,54.331095541915104,0.0,0.0,0.0
2026-01-01 21:03:25,27.760019491624213,77.36738289487789,33.810824892918696,54.40058744538442,0.0,0.0,0.0
2026-01-01 21:03:30,27.740679281346267,77.10191741849341,4.056398444907851,54.32498807862662,0.0,0.0,0.0
2026-01-01 21:03:35,27.636693569409168,77.05541074053446,38.78321154929253,54.25786111656056,0.0,0.0,0.0
2026-01-01 21:03:40,27.62185901105605,76.78464007531606,23.793842747015027,54.32655164422815,0.0,0.0,0.0
2026-01-01 21:03:45,27.61299862761753,77.01962615943056,0.0,54.36348080787048,0.0,0.0,0.0
2026-01-01 21:03:50,27.61225318014561,77.23711673817932,0.0,54.3885344090439,0.0,0.0,0.0
2026-01-01 21:03:55,27.531075529230776,77.52539552206646,15.500057958861635,54.42793085093679,0.0,0.0,0.0
2026-01-01 21:04:00,27.56992553015116,77.29279707784929,23.793716909144408,54.40311901561263,0.0,0.0,0.0
2026-01-01 21:04:05,27.624961071095683,77.27674421116289,13.821206350590064,54.40028043201643,0.0,0.0,0.0
2026-01-01 21:04:10,27.618127631998945,77.39003108441419,10.325340715710674,54.30028845527832,0.0,0.0,0.0
2026-01-01 21:04:15,27.560700200830983,77.39487729945142,33.16883016409284,54.37923465754206,0.0,0.0,0.0
2026-01-01 21:04:20,27.49471557249112,77.26996706271491,12.748750335875476,54.38402063164064,0.0,0.0,0.0
2026-01-01 21:04:25,27.46929056761006,77.32456414707963,0.0,54.41228990993553,0.0,0.0,0.0
2026-01-01 21:04:30,27.547250298333253,77.22373756853007,9.794372409718871,54.404981870307,0.0,0.0,0.0
2026-01-01 21:04:35,27.506181127752605,77.19815216041273,27.30831046198974,54.37295232138412,0.0,0.0,0.0
2026-01-01 21:04:40,27.44924726945384,76.91308462073442,7.533864080199676,54.41710024642039,0.0,0.0,0.0
2026-01-01 21:04:45,27.52083626746573,77.08559647171269,0.0,54.3798163087729,0.0,0.0,0.0
2026-01-01 21:04:50,27.434524117656707,76.8893952761469,20.903127612012227,54.45144879369148,0.0,0.0,0.0
2026-01-01 21:04:55,27.35947906221599,76.9352447699443,0.0,54.44750112479684,0.0,0.0,0.0
2026-01-01 21:05:00,27.33285544193289,77.23680445960527,11.011143687184706,54.34941456271077,0.0,0.0,0.0
2026-01-01 21:05:05,27.40871206577728,77.1605265508289,16.825334388246013,54.320666971210414,0.0,0.0,0.0
2026-01-01 21:05:10,27.314394856294847,77.44338332416766,24.78789622447089,54.29720717579223,0.0,0.0,0.0
2026-01-01 21:05:15,27.216333721972124,77.68815449772845,2.6153491730324294,54.36436998868892,0.0,0.0,0.0
2026-01-01 21:05:20,27.21263474648517,77.49371537732712,0.0,54.32665804542317,0.0,0.0,0.0
2026-01-01 21:05:25,27.166897528240963,77.92124270127499,0.0,54.38317289720898,0.0,0.0,0.0
2026-01-01 21:05:30,27.097720290245384,77.94405847088902,0.0,54.43091444232921,0.0,0.0,0.0
2026-01-01 21:05:35,27.06133051956873,78.15677151928006,32.37290075508386,54.43900169020279,0.0,0.0,0.0
2026-01-01 21:05:40,27.02106294027744,77.62191408843364,14.519744973354465,54.40275088034853,0.0,0.0,0.0
2026-01-01 21:05:45,27.02347517888573,77.74626634083884,12.049538171673811,54.39846804633464,0.0,0.0,0.0
2026-01-01 21:05:50,27.03611754073227,78.18905960572948,0.0,54.30090030866666,0.0,0.0,0.0
2026-01-01 21:05:55,27.069916328601376,78.29660770317956,5.191233388921653,54.36935376327605,0.0,0.0,0.0
2026-01-01 21:06:00,27.026238042862616,78.4891949565673,33.55005293780839,54.36943532026864,0.0,0.0,0.0
2026-01-01 21:06:05,27.059617981021475,78.19713512659119,2.569621691793859,54.3426635591728,0.0,0.0,0.0
2026-01-01 21:06:10,27.10322908812514,78.22460410619917,21.147573738297176,54.35160691915375,0.0,0.0,0.0
2026-01-01 21:06:15,27.084268373187463,78.57609812079565,27.242058965545656,54.42105499803437,0.0,0.0,0.0
2026-01-01 21:06:20,27.02552010794715,78.45837303851974,8.214871020894872,54.37181126222892,0.0,0.0,0.0
2026-01-01 21:06:25,26.912612350865107,78.64954215567936,0.0,54.42164943608105,0.0,0.0,0.0
2026-01-01 21:06:30,26.85970139440501,78.59236860080898,14.9617119418842,54.40197945533471,0.0,0.0,0.0
2026-01-01 21:06:35,26.80547856580499,78.77660528851149,56.841283672315576,54.50155018633369,0.0,0.0,0.0
2026-01-01 21:06:40,26.854993260427023,78.83956309294507,24.316214533194373,54.45689308976168,0.0,0.0,0.0
2026-01-01 21:06:45,26.840132027853866,78.67070990788874,7.410945425878664,54.42926500918661,0.0,0.0,0.0
2026-01-01 21:06:50,26.874709116228804,78.65206267463273,13.007845286106512,54.41893816914042,0.0,0.0,0.0
2026-01-01 21:06:55,26.91770605736715,78.86224280967036,10.535178914855258,54.42480933056812,0.0,0.0,0.0
2026-01-01 21:07:00,26.93814353170824,79.06330950659353,10.776873330574317,54.404756173373904,0.0,0.0,0.0
2026-01-01 21:07:05,26.92732853054876,78.86171276026137,27.914885037594143,54.421463570416265,0.0,0.0,0.0
2026-01-01 21:07:10,26.93341605980776,78.57210869597033,0.0,54.43115202857902,0.0,0.0,0.0
2026-01-01 21:07:15,26.931341484473435,78.64833803199578,0.0,54.47400638888746,0.0,0.0,0.0
2026-01-01 21:07:20,26.87521458631001,78.68630749908324,0.0,54.51563481438037,0.0,0.0,0.0
2026-01-01 21:07:25,26.91676890322003,78.53698860182779,24.488729674180654,54.51329968284682,0.0,0.0,0.0
2026-01-01 21:07:30,26.85604109508508,78.6244889661589,27.77865535676356,54.46312996374077,0.0,0.0,0.0
2026-01-01 21:07:35,26.913010791132635,78.59596427098352,24.336081456138963,54.49487386246879,0.0,0.0,0.0
2026-01-01 21:07:40,26.78669944001,78.21799972165822,46.06360732686322,54.42524222695327,0.0,0.0,0.0
2026-01-01 21:07:45,26.78742184725977,78.42661546392692,21.67473586380328,54.47397078090198,0.0,0.0,0.0
2026-01-01 21:07:50,26.851434491630943,78.20836144898603,4.859501674594222,54.534341446420456,0.0,0.0,0.0
2026-01-01 21:07:55,26.831163301918394,78.28780976362879,23.289633420120808,54.58873880164049,0.0,0.0,0.0
2026-01-01 21:08:00,26.87474848041928,78.21317820680146,28.26067618681985,54.50131554116068,0.0,0.0,0.0
2026-01-01 21:08:05,26.890338791500955,78.16334518857992,0.0,54.56115081897869,0.0,0.0,0.0
2026-01-01 21:08:10,26.91134354571461,78.13697368162977,31.01755428723034,54.54383851318401,0.0,0.0,0.0
2026-01-01 21:08:15,26.919247354701405,78.0838620590263,7.221222273879342,54.5038099425192,0.0,0.0,0.0
2026-01-01 21:08:20,26.859539879884025,78.1041127189745,0.0,54.51898218350775,0.0,0.0,0.0
2026-01-01 21:08:25,26.93004809226801,78.24475113827832,31.044912658137413,54.49645281897357,0.0,0.0,0.0
2026-01-01 21:08:30,26.931636181787525,78.34709987482262,13.097760818650931,54.5427595058996,0.0,0.0,0.0
2026-01-01 21:08:35,26.85625460990118,78.11335938851539,13.930679149726648,54.47088692369556,0.0,0.0,0.0
2026-01-01 21:08:40,26.80115058648553,78.37936694856694,29.500233704280983,54.5104061574162,0.0,0.0,0.0
2026-01-01 21:08:45,26.809754071279315,78.23789006008101,18.45463986421029,54.50157308859669,0.0,0.0,0.0
2026-01-01 21:08:50,26.9052774637151,78.07401127943028,0.0,54.454586916556494,0.0,0.0,0.0
2026-01-01 21:08:55,26.876772184367063,77.98169734338718,16.960121065871736,54.44167216140799,0.0,0.0,0.0
2026-01-01 21:09:00,26.79464952600086,78.0159423961276,0.0,54.50041177517996,0.0,0.0,0.0
2026-01-01 21:09:05,26.844739095889725,77.88480236437049,6.749280637363615,54.442832510402354,0.0,0.0,0.0
2026-01-01 21:09:10,26.76091549117706,77.98848536211602,0.0,54.467223952035226,0.0,0.0,0.0
2026-01-01 21:09:15,26.69347652003893,78.05273638022058,10.91973883632824,54.49299621170846,0.0,0.0,0.0
2026-01-01 21:09:20,26.621960972031868,77.84698564863858,14.463591067546176,54.49954583628563,0.0,0.0,0.0
2026-01-01 21:09:25,26.653167600615365,77.65460354267869,0.0,54.446497666324206,0.0,0.0,0.0
2026-01-01 21:09:30,26.626828080607904,77.75892597694589,11.65781116948642,54.45381841874218,0.0,0.0,0.0
2026-01-01 21:09:35,26.562673775819952,77.7229146509062,22.50202633398629,54.50599179411739,0.0,0.0,0.0
2026-01-01 21:09:40,26.490722365834912,78.11114182377496,10.377584369550316,54.515007568777925,0.0,0.0,0.0
2026-01-01 21:09:45,26.464120011957995,77.98545926301719,25.006468587392884,54.48608838865208,0.0,0.0,0.0
2026-01-01 21:09:50,26.41899058892936,78.04379032560111,0.0,54.46760713583649,0.0,0.0,0.0
2026-01-01 21:09:55,26.412003160706,77.85536814854608,31.972461312025565,54.43665776516229,0.0,0.0,0.0
2026-01-01 21:10:00,26.289521915908807,77.99081006286168,50.779211807438536,54.469427555689485,0.0,0.0,0.0
2026-01-01 21:10:05,26.24942953760961,77.9196984604135,11.885509001896056,54.55227999744624,0.0,0.0,0.0
2026-01-01 21:10:10,26.25604012292607,77.89531896197907,35.59951523874622,54.51058317445992,0.0,0.0,0.0
2026-01-01 21:10:15,26.204524066577704,77.76083053389479,4.093382900068463,54.548829656520894,0.0,0.0,0.0
2026-01-01 21:10:20,26.29167713133553,77.94516990017807,0.0,54.53546372660506,0.0,0.0,0.0
2026-01-01 21:10:25,26.29145702404985,78.14914120568561,26.68609779585974,54.482739065347744,0.0,0.0,0.0
2026-01-01 21:10:30,26.32730011976557,78.37207264307143,0.0,54.43920795552003,0.0,0.0,0.0
2026-01-01 21:10:35,26.31340355369628,78.59059511294384,25.7564584552524,54.45431692514736,0.0,0.0,0.0
2026-01-01 21:10:40,26.33590526817889,78.40269378608315,27.685495625765142,54.45963969794062,0.0,0.0,0.0
2026-01-01 21:10:45,26.457893051350567,78.73813301121928,25.066257957288165,54.40971710085526,0.0,0.0,0.0
2026-01-01 21:10:50,26.49304495024912,78.83550444283095,0.0,54.36395173445153,0.0,0.0,0.0
2026-01-01 21:10:55,26.553572937061748,78.87243507373763,17.622234128701905,54.38289786468325,0.0,0.0,0.0
2026-01-01 21:11:00,26.56317091553916,78.81404036803774,27.55864599310387,54.3579564837224,0.0,0.0,0.0
2026-01-01 21:11:05,26.513305909891525,78.98929002387474,12.39730706554004,54.35187977380223,0.0,0.0,0.0
2026-01-01 21:11:10,26.39996403621519,78.72707143048045,2.437904447191557,54.37103106070779,0.0,0.0,0.0
2026-01-01 21:11:15,26.39897295512614,78.65942015882356,7.078625150264681,54.34551482760176,0.0,0.0,0.0
2026-01-01 21:11:20,26.28641556100471,79.04325922719431,8.102377504134207,54.39196659782982,0.0,0.0,0.0
2026-01-01 21:11:25,26.38330726419194,79.05646204243521,15.012952756498397,54.35545271929348,0.0,0.0,0.0
2026-01-01 21:11:30,26.36041295437869,79.07393011725941,25.2625165394275,54.429329354954376,0.0,0.0,0.0
2026-01-01 21:11:35,26.37189565683869,79.28965622479265,22.994506563860654,54.42572291731439,0.0,0.0,0.0
2026-01-01 21:11:40,26.465905257523325,79.28670528735496,7.442790786604818,54.43633065252989,0.0,0.0,0.0
2026-01-01 21:11:45,26.401910094288105,79.64709949607646,11.25527360350764,54.42827866316627,0.0,0.0,0.0
2026-01-01 21:11:50,26.407926346563823,79.4522762704499,18.43121346838264,54.38881224498817,0.0,0.0,0.0
2026-01-01 21:11:55,26.472042372866067,79.33697889248322,14.133412119511714,54.343210389055486,0.0,0.0,0.0
2026-01-01 21:12:00,26.31725875559294,79.41004498746422,50.09142382194273,54.39390205426357,0.0,0.0,0.0
2026-01-01 21:12:05,26.284683902886904,79.3894739476321,3.1952457922402333,54.34239102578632,0.0,0.0,0.0
2026-01-01 21:12:10,26.20642158218117,79.22173514364268,7.868850428292999,54.47031751729881,0.0,0.0,0.0
2026-01-01 21:12:15,26.214527547026822,79.44491925666853,0.0,54.46460487814591,0.0,0.0,0.0
2026-01-01 21:12:20,26.234150811382523,79.55121707068675,13.00812535853187,54.52736423679537,0.0,0.0,0.0
2026-01-01 21:12:25,26.29594260117877,79.88775656931887,31.45386984613725,54.41280196844342,0.0,0.0,0.0
2026-01-01 21:12:30,26.34977405962274,80.16805666011246,7.348866063841061,54.385021469628015,0.0,0.0,0.0
2026-01-01 21:12:35,26.31700419457903,80.25259887166416,19.96011166090967,54.39314751596076,0.0,0.0,0.0
2026-01-01 21:12:40,26.468063543763265,79.91449242392207,16.375115797691663,54.39998930985459,0.0,0.0,0.0
2026-01-01 21:12:45,26.58852683441938,79.74568456225336,9.38720705184329,54.42112247435007,0.0,0.0,0.0
2026-01-01 21:12:50,26.57767644678525,79.68985362418286,19.64463075294408,54.40785162674106,0.0,0.0,0.0
2026-01-01 21:12:55,26.60604863181152,79.44252925778791,38.7613184463094,54.41366456182975,0.0,0.0,0.0
2026-01-01 21:13:00,26.55899952132207,79.37211246340156,5.878189440180419,54.42515099008794,0.0,0.0,0.0
2026-01-01 21:13:05,26.60035776860035,79.45100735301956,26.40932949161754,54.42558756468984,0.0,0.0,0.0
2026-01-01 21:13:10,26.573682067458613,79.55239597449452,5.372701198937383,54.47417243644537,0.0,0.0,0.0
2026-01-01 21:13:15,26.67274718941972,79.22813814840117,21.283973840459947,54.52634147351024,0.0,0.0,0.0
2026-01-01 21:13:20,26.737479502820143,78.67817840483228,50.35024842376263,54.57020982788568,0.0,0.0,0.0
2026-01-01 21:13:25,26.623864685723603,78.77121891464974,0.0,54.58148789089776,0.0,0.0,0.0
2026-01-01 21:13:30,26.62191906558213,78.62434710223393,32.106870904242435,54.54663137748447,0.0,0.0,0.0
2026-01-01 21:13:35,26.60126346006232,78.42045920985642,23.74433567412951,54.54478844337263,0.0,0.0,0.0
2026-01-01 21:13:40,26.626183857186827,78.64621251603363,10.65397678650398,54.62515871526107,0.0,0.0,0.0
2026-01-01 21:13:45,26.542091979784114,78.58532424498807,37.91362863403741,54.58692372530504,0.0,0.0,0.0
2026-01-01 21:13:50,26.546043142883573,78.32540353680054,42.59339007358708,54.608898851070656,0.0,0.0,0.0
2026-01-01 21:13:55,26.590860342898115,78.58678579939512,0.0,54.61485025171923,0.0,0.0,0.0
2026-01-01 21:14:00,26.543574713439902,78.52237367061954,20.26400520548638,54.58952534265349,0.0,0.0,0.0
2026-01-01 21:14:05,26.61093010431913,78.40248966706618,32.035387525125806,54.588325891715165,0.0,0.0,0.0
2026-01-01 21:14:10,26.64268928482665,78.0064032434954,2.831362079068961,54.609946549158224,0.0,0.0,0.0
2026-01-01 21:14:15,26.5757197678496,78.24465209191743,32.8138521060323,54.54995549628166,0.0,0.0,0.0
2026-01-01 21:14:20,26.593958720173845,78.26994776798227,0.0,54.54056357833501,0.0,0.0,0.0
2026-01-01 21:14:25,26.69847196954124,78.07646593505889,10.65732870380265,54.50232605263361,0.0,0.0,0.0
2026-01-01 21:14:30,26.71689765941271,78.21521765387156,34.476659363047595,54.54651417590473,0.0,0.0,0.0
2026-01-01 21:14:35,26.840333492937763,78.10092401561135,21.717803405967167,54.57215829864168,0.0,0.0,0.0
2026-01-01 21:14:40,26.885835010392533,78.3276441756288,3.004748764136643,54.62402963158654,0.0,0.0,0.0
2026-01-01 21:14:45,26.8166757766996,78.20018574655855,25.792695946661546,54.56506516541076,0.0,0.0,0.0
2026-01-01 21:14:50,26.82305959632274,78.04889563542862,0.0,54.50258698116921,0.0,0.0,0.0
2026-01-01 21:14:55,26.881562087281885,77.82868516607645,4.087498096321829,54.53659051499324,0.0,0.0,0.0
2026-01-01 21:15:00,26.91262299128189,78.18951916186457,21.386822873951896,54.52052925923667,0.0,0.0,0.0
2026-01-01 21:15:05,26.884135617473465,78.40204329828512,0.0,54.54066347144577,0.0,0.0,0.0
2026-01-01 21:15:10,26.90530364607843,78.57622232089808,0.0,54.56356042228527,0.0,0.0,0.0
2026-01-01 21:15:15,26.89555833888624,78.77325997096898,43.57415810704453,54.544117853721474,0.0,0.0,0.0
2026-01-01 21:15:20,26.907496960583675,78.698535204415,17.208097646063614,54.55104191933222,0.0,0.0,0.0
2026-01-01 21:15:25,27.00816933138291,78.74821831054376,32.246065061752645,54.52286720327199,0.0,0.0,0.0
2026-01-01 21:15:30,27.10472431594917,78.90447569204326,20.058375249609373,54.50923897618309,0.0,0.0,0.0
2026-01-01 21:15:35,27.10196759301054,78.41237115277009,23.779234670161923,54.461884884742446,0.0,0.0,0.0
2026-01-01 21:15:40,27.167034188217325,78.22041651950086,40.65171433459544,54.49832900065681,0.0,0.0,0.0
2026-01-01 21:15:45,27.21428789860336,77.55425644819738,25.84265908642208,54.47199459963184,0.0,0.0,0.0
2026-01-01 21:15:50,27.00448954742101,77.63320005524696,11.616385080699295,54.48525764583116,0.0,0.0,0.0
2026-01-01 21:15:55,27.06086969988662,77.57999668521143,30.428240036707862,54.56622466438687,0.0,0.0,0.0
2026-01-01 21:16:00,27.08000469175869,77.62259745255479,15.87843717855094,54.54231759038588,0.0,0.0,0.0
2026-01-01 21:16:05,27.170509962073755,77.83178235592602,32.20935998267072,54.45398612425454,0.0,0.0,0.0
2026-01-01 21:16:10,27.26862546661357,78.09799235723652,3.294280957432621,54.51818785094089,0.0,0.0,0.0
2026-01-01 21:16:15,27.35746772515735,77.89072033279717,10.349296473341004,54.54192118823115,0.0,0.0,0.0
2026-01-01 21:16:20,27.348526177435247,78.06816305159661,24.450017276292137,54.53465393595957,0.0,0.0,0.0
2026-01-01 21:16:25,27.288388054908875,77.8274540813787,7.79895148513505,54.4548895245,0.0,0.0,0.0
2026-01-01 21:16:30,27.27665763888597,77.9026548364518,11.69781565459404,54.43559824330088,0.0,0.0,0.0
2026-01-01 21:16:35,27.25044732631337,77.72562868664536,11.792903983180096,54.48510646688673,0.0,0.0,0.0
2026-01-01 21:16:40,27.22197398217211,77.6917206821977,16.84592248518577,54.496075011239256,0.0,0.0,0.0
2026-01-01 21:16:45,27.26592127722915,77.76861947286889,27.73588253845333,54.52672823724457,0.0,0.0,0.0
2026-01-01 21:16:50,27.18643810322592,78.2448821135454,1.9174003304802056,54.45050878810467,0.0,0.0,0.0
2026-01-01 21:16:55,27.2183617434492,78.0607004060252,5.952816456721068,54.49055538179391,0.0,0.0,0.0
2026-01-01 21:17:00,27.064465315473008,77.95257995414767,10.23290624840898,54.44496075600061,0.0,0.0,0.0
2026-01-01 21:17:05,27.089410173476008,78.01569913918667,4.066533074090307,54.49345669413542,0.0,0.0,0.0
2026-01-01 21:17:10,26.98985408037928,77.51126530088813,6.50256411092372,54.50127161071951,0.0,0.0,0.0
2026-01-01 21:17:15,26.90538779753169,77.7825459320153,11.496637992484445,54.44212444611719,0.0,0.0,0.0
2026-01-01 21:17:20,27.03806075537297,78.04956008641605,6.484224369483768,54.39931917482733,0.0,0.0,0.0
2026-01-01 21:17:25,26.980416895735605,78.15094346018137,25.04477552699076,54.424068503208375,0.0,0.0,0.0
2026-01-01 21:17:30,26.975137664706047,77.89476142207084,19.837202835523577,54.412666973366186,0.0,0.0,0.0
2026-01-01 21:17:35,26.92325348276001,77.99593984607982,5.637465420398835,54.36827134443705,0.0,0.0,0.0
2026-01-01 21:17:40,26.94378755116664,78.12882188682777,10.023713159367672,54.415117455918015,0.0,0.0,0.0
2026-01-01 21:17:45,26.860881463110903,77.79237210663477,8.097932069585571,54.512615788071926,0.0,0.0,0.0
2026-01-01 21:17:50,26.80415337063448,77.99628253459584,1.2023946943889072,54.44436640557071,0.0,0.0,0.0
2026-01-01 21:17:55,26.83600198463317,78.16210142423564,16.044393092881737,54.46632423765251,0.0,0.0,0.0
2026-01-01 21:18:00,26.883744653846527,78.12354892872438,5.211559373579782,54.51253625398225,0.0,0.0,0.0
2026-01-01 21:18:05,26.747253715521847,77.73016270503813,0.0,54.51967189837097,0.0,0.0,0.0
2026-01-01 21:18:10,26.84234681377057,77.69201071407734,12.317283924643249,54.55326511037863,0.0,0.0,0.0
2026-01-01 21:18:15,26.79636339697639,77.47088674467169,12.038753622823853,54.54165895121111,0.0,0.0,0.0
2026-01-01 21:18:20,26.71136797447437,77.5390408858926,22.48324232450768,54.45528299771781,0.0,0.0,0.0
2026-01-01 21:18:25,26.607879185939165,77.69192942205,36.42624569141502,54.42763135374744,0.0,0.0,0.0
2026-01-01 21:18:30,26.79385612967824,77.51656436888544,0.0,54.48068349630809,0.0,0.0,0.0
2026-01-01 21:18:35,26.691012501731056,77.59507048200143,39.296605362449576,54.48055022855131,0.0,0.0,0.0
2026-01-01 21:18:40,26.710336750462247,77.7863382777463,0.0,54.46819580794032,0.0,0.0,0.0
2026-01-01 21:18:45,26.6732158446971,77.65142939674318,17.847817809331808,54.431779040234304,0.0,0.0,0.0
2026-01-01 21:18:50,26.664133220983626,77.53634376349449,5.790202274164919,54.44394430940707,0.0,0.0,0.0
2026-01-01 21:18:55,26.641831856323545,77.72296761729933,0.9101209559663552,54.3995289869854,0.0,0.0,0.0
2026-01-01 21:19:00,26.60103831145887,77.61911111783218,0.0,54.43590503907315,0.0,0.0,0.0
2026-01-01 21:19:05,26.61239289287921,77.44902207934614,19.74168429002088,54.48385782222918,0.0,0.0,0.0
2026-01-01 21:19:10,26.515702130340152,77.50409285858873,0.0,54.496197340477366,0.0,0.0,0.0
2026-01-01 21:19:15,26.64319209066423,77.785959236467,15.531826146623546,54.469142127436506,0.0,0.0,0.0
2026-01-01 21:19:20,26.575752364929425,77.58781361961775,22.020287403978053,54.508918241492815,0.0,0.0,0.0
2026-01-01 21:19:25,26.608183287994,77.54323518779498,0.0,54.48221423405964,0.0,0.0,0.0
2026-01-01 21:19:30,26.62796195612874,77.71756909051142,11.065322798369506,54.53090076213775,0.0,0.0,0.0
2026-01-01 21:19:35,26.671136713616693,77.62302307752161,13.342221184743993,54.49237328735937,0.0,0.0,0.0
2026-01-01 21:19:40,26.718175968425825,77.78462516542993,7.130235620588358,54.50395180287877,0.0,0.0,0.0
2026-01-01 21:19:45,26.69157842904945,77.92701885174975,23.697167101037163,54.46929287188255,0.0,0.0,0.0
2026-01-01 21:19:50,26.684450765970663,77.62061849131364,0.0,54.485664428628176,0.0,0.0,0.0
2026-01-01 21:19:55,26.6660398989748,77.38951345697907,7.497150880677474,54.468586944583286,0.0,0.0,0.0
2026-01-01 21:20:00,26.67230267894627,77.55863837653492,0.0,54.381801482916735,0.0,0.0,0.0
2026-01-01 21:20:05,26.670907743712423,77.30691286299825,54.70937008943508,54.42443048611999,0.0,0.0,0.0
2026-01-01 21:20:10,26.753831542620464,77.38210426263393,0.0,54.49237166962831,0.0,0.0,0.0
2026-01-01 21:20:15,26.77686059062476,77.25854922987891,2.260794207996184,54.46985358077126,0.0,0.0,0.0
2026-01-01 21:20:20,26.74409265948137,77.3505510649223,51.0174844891872,54.47234503134435,0.0,0.0,0.0
2026-01-01 21:20:25,26.75825490851,77.68720730030992,0.0,54.3935035799981,0.0,0.0,0.0
2026-01-01 21:20:30,26.78006506491755,77.60015697572167,0.0,54.40834147881724,0.0,0.0,0.0
2026-01-01 21:20:35,26.79940678031164,77.76239104571201,1.1454301689235913,54.40824616633047,0.0,0.0,0.0
2026-01-01 21:20:40,26.798766725812985,77.7145452275644,27.01686483483794,54.411129164004905,0.0,0.0,0.0
2026-01-01 21:20:45,26.83328303987433,77.5494917765592,27.077265308619666,54.544694648578144,0.0,0.0,0.0
2026-01-01 21:20:50,26.82568004896086,77.1666655192731,26.37306086788637,54.50444047225966,0.0,0.0,0.0
2026-01-01 21:20:55,26.84806318453396,77.18356184476968,5.570080540787567,54.47468061496559,0.0,0.0,0.0
2026-01-01 21:21:00,26.82274976679429,77.07549432863452,22.98997271226535,54.56258048798723,0.0,0.0,0.0
2026-01-01 21:21:05,26.85873480759861,77.20492476494805,25.136197565165297,54.505877679728336,0.0,0.0,0.0
2026-01-01 21:21:10,26.790251771371008,77.15764484823961,9.097204305426096,54.54356403885191,0.0,0.0,0.0
2026-01-01 21:21:15,26.88396765578208,76.9880999694394,12.796696853133462,54.51325538055247,0.0,0.0,0.0
2026-01-01 21:21:20,26.943324672607307,76.95464090383777,41.71978212540624,54.46522789615992,0.0,0.0,0.0
2026-01-01 21:21:25,26.93879345260969,76.82245688596241,10.93107343821364,54.55951967569162,0.0,0.0,0.0
2026-01-01 21:21:30,26.92437126339116,77.03592000805735,15.89528842639712,54.52947736915944,0.0,0.0,0.0
2026-01-01 21:21:35,26.842922098120034,77.18399114042256,0.0,54.48111266337162,0.0,0.0,0.0
2026-01-01 21:21:40,26.8517052684544,77.1842728037404,20.40220890929716,54.53028650424522,0.0,0.0,0.0
2026-01-01 21:21:45,26.886069203207075,77.14629026860383,6.839784344996356,54.52587049064669,0.0,0.0,0.0
2026-01-01 21:21:50,26.896591592716128,77.32163525589945,0.0,54.49452418290758,0.0,0.0,0.0
2026-01-01 21:21:55,26.91058814585255,77.14817432516202,30.15677970232401,54.49200060013219,0.0,0.0,0.0
2026-01-01 21:22:00,26.96619543529872,77.17832901298219,14.390468245327162,54.48924052960668,0.0,0.0,0.0
2026-01-01 21:22:05,26.89255808369062,77.07730756064679,38.50594512941868,54.53680899431164,0.0,0.0,0.0
2026-01-01 21:22:10,26.93000923512901,77.31396656689643,23.69816432032418,54.5714195543862,0.0,0.0,0.0
2026-01-01 21:22:15,26.95016417056142,77.30086098217961,29.222695552392395,54.61694981810349,0.0,0.0,0.0
2026-01-01 21:22:20,26.957347515134643,77.63201930697277,8.37314817697584,54.64378135208594,0.0,0.0,0.0
2026-01-01 21:22:25,26.870632658384203,77.46858478915757,13.391518862092182,54.5135237098938,0.0,0.0,0.0
2026-01-01 21:22:30,26.8671594910946,77.49612257550353,12.94561259273558,54.52435592882148,0.0,0.0,0.0
2026-01-01 21:22:35,26.96182462355996,77.5253034264115,30.00282994039687,54.49312449080554,0.0,0.0,0.0
2026-01-01 21:22:40,26.9023898196132,77.68510886841659,0.9410052740712268,54.51979026345582,0.0,0.0,0.0
2026-01-01 21:22:45,26.890421775234174,77.73222485724868,32.38201416588576,54.49641114941315,0.0,0.0,0.0
2026-01-01 21:22:50,26.94302344716617,77.74751624001375,15.777666153515774,54.60998388769191,0.0,0.0,0.0
2026-01-01 21:22:55,27.031337944027253,77.6158292744634,23.293634110951714,54.60574679005464,0.0,0.0,0.0
2026-01-01 21:23:00,26.9695427410216,77.54030880171078,35.728638627252046,54.53197495882998,0.0,0.0,0.0
2026-01-01 21:23:05,27.034183014341767,77.24762183059377,44.2295305818883,54.535982957144185,0.0,0.0,0.0
2026-01-01 21:23:10,27.045425633235727,77.31667865384345,0.0,54.58267931533412,0.0,0.0,0.0
2026-01-01 21:23:15,27.14031602762767,77.29385652824644,4.675918350273079,54.5357159049525,0.0,0.0,0.0
2026-01-01 21:23:20,27.19820623580049,77.13619482406294,8.795032121117366,54.59701642251562,0.0,0.0,0.0
2026-01-01 21:23:25,27.208080669672142,77.15455741900047,0.0,54.62988484698241,0.0,0.0,0.0
2026-01-01 21:23:30,27.28105049991235,77.22248735079538,36.731358543112485,54.64733821492602,0.0,0.0,0.0
2026-01-01 21:23:35,27.438832381964712,77.55067068280513,46.74097684364993,54.62867326202341,0.0,0.0,0.0
2026-01-01 21:23:40,27.383008138139022,77.39576638072604,33.95088023130103,54.6616169910262,0.0,0.0,0.0
2026-01-01 21:23:45,27.360375934244544,77.60115629419359,15.499777105325316,54.58283465146416,0.0,0.0,0.0
2026-01-01 21:23:50,27.455087565548485,77.47454828668972,29.549806415861088,54.56745201129419,0.0,0.0,0.0
2026-01-01 21:23:55,27.59892765478081,77.57239553594107,0.0,54.55026458112037,0.0,0.0,0.0
2026-01-01 21:24:00,27.64555853035249,77.76574411018858,17.622441365014392,54.55763578891869,0.0,0.0,0.0
2026-01-01 21:24:05,27.75959578135712,77.71903754121693,2.48098772843712,54.6363161996998,0.0,0.0,0.0
2026-01-01 21:24:10,27.714648244819816,77.73703123463292,46.944023625334026,54.61496388103333,0.0,0.0,0.0
2026-01-01 21:24:15,27.7769069832028,77.74642357323211,42.5245901083579,54.60483807097022,0.0,0.0,0.0
2026-01-01 21:24:20,27.86488182010328,77.6828149906234,23.1236338416956,54.62485373944327,0.0,0.0,0.0
2026-01-01 21:24:25,27.9040561172534,78.20654500906812,0.0,54.63941738306941,0.0,0.0,0.0
2026-01-01 21:24:30,28.030864081647053,78.21277739630473,22.30657624855681,54.648969247182,0.0,0.0,0.0
2026-01-01 21:24:35,28.03082931691123,77.75478932988904,23.67006842536662,54.63058481467922,0.0,0.0,0.0
2026-01-01 21:24:40,28.041655362673268,77.9150211211789,29.157169897147256,54.60238331899656,0.0,0.0,0.0
2026-01-01 21:24:45,28.0955414034828,78.06123540472433,14.385930092731977,54.5800677083175,0.0,0.0,0.0
2026-01-01 21:24:50,28.10483377300331,77.92589074596876,0.0,54.65591526137829,0.0,0.0,0.0
2026-01-01 21:24:55,28.05978742590037,77.71674401602648,17.0123397361658,54.59473906290941,0.0,0.0,0.0
2026-01-01 21:25:00,27.99926266000824,77.62478884634045,41.050369216440686,54.565829684348685,0.0,0.0,0.0
2026-01-01 21:25:05,27.992285823857987,77.7782070802716,14.830451603145782,54.54204542707655,0.0,0.0,0.0
2026-01-01 21:25:10,28.038115923254267,77.5747641325446,34.66095123222976,54.53677488804402,0.0,0.0,0.0
2026-01-01 21:25:15,27.98100226219516,77.49779509297201,0.0,54.56315409549741,0.0,0.0,0.0
2026-01-01 21:25:20,27.99948679399053,77.5366053411371,8.608026635993877,54.54403963790156,0.0,0.0,0.0
2026-01-01 21:25:25,27.896094385178152,77.57252477340266,7.670305675601097,54.55931422064006,0.0,0.0,0.0
2026-01-01 21:25:30,27.90310202396264,77.62582401520592,13.58980631722008,54.52401139631402,0.0,0.0,0.0
2026-01-01 21:25:35,27.7757901225596,77.23068895640185,1.6693575679761543,54.60825849694591,0.0,0.0,0.0
2026-01-01 21:25:40,27.80849773079225,77.29167792324496,37.37581582657665,54.61069608252861,0.0,0.0,0.0
2026-01-01 21:25:45,27.80016522946952,77.5363487609015,4.075718791632312,54.61865935434074,0.0,0.0,0.0
2026-01-01 21:25:50,27.86337639025615,77.5858846052019,26.62500054302493,54.647252254979065,0.0,0.0,0.0
2026-01-01 21:25:55,27.88019302350572,77.54351385874277,27.111653092186792,54.71713251933156,0.0,0.0,0.0
2026-01-01 21:26:00,27.80324763902297,77.4006290844216,6.555643169110174,54.65541560624207,0.0,0.0,0.0
2026-01-01 21:26:05,27.792538169669484,77.46099582619107,28.55019014574274,54.645606750376,0.0,0.0,0.0
2026-01-01 21:26:10,27.822010272647617,77.4965718757776,12.58264803471397,54.65604557145176,0.0,0.0,0.0
2026-01-01 21:26:15,27.76581546129736,77.31442414305873,30.478981756456907,54.59174313937534,0.0,0.0,0.0
2026-01-01 21:26:20,27.799697662426084,76.91699151035745,10.554179058264822,54.64916782947364,0.0,0.0,0.0
2026-01-01 21:26:25,27.73084154416482,77.0706012594204,33.046935566878844,54.62281763601357,0.0,0.0,0.0
2026-01-01 21:26:30,27.691817737041784,77.18432882416674,8.037939500897046,54.63795728704922,0.0,0.0,0.0
2026-01-01 21:26:35,27.623452796679217,77.13062095208628,20.880858343473484,54.57864558708685,0.0,0.0,0.0
2026-01-01 21:26:40,27.644506343351043,77.08491368599604,26.255849897903207,54.54205596957198,0.0,0.0,0.0
2026-01-01 21:26:45,27.57868243550121,77.09462249744008,0.0,54.501363392585056,0.0,0.0,0.0
2026-01-01 21:26:50,27.418580547897967,77.44853598869433,0.0,54.59874553014241,0.0,0.0,0.0
2026-01-01 21:26:55,27.42148308491027,77.37140401566008,27.133723565519208,54.5468109658844,0.0,0.0,0.0
2026-01-01 21:27:00,27.52447147386821,77.3914298957994,30.6213605622508,54.56170478104392,0.0,0.0,0.0
2026-01-01 21:27:05,27.42529148908824,77.39723558876638,25.695314533281746,54.61697535117621,0.0,0.0,0.0
2026-01-01 21:27:10,27.30566479358896,77.59388076178537,9.17800167486256,54.57424759245354,0.0,0.0,0.0
2026-01-01 21:27:15,27.32999641094532,77.67397422935254,26.80782386196658,54.623144619819,0.0,0.0,0.0
2026-01-01 21:27:20,27.33353054304291,77.80795888798006,0.6952914926798615,54.66480063980532,0.0,0.0,0.0
2026-01-01 21:27:25,27.431550918634883,77.91946994659267,17.21426098095096,54.6698357677565,0.0,0.0,0.0
2026-01-01 21:27:30,27.54818132865156,77.9898792234722,10.527156639043069,54.6515421733783,0.0,0.0,0.0
2026-01-01 21:27:35,27.59424343838868,78.03567939469094,0.0,54.6859056830842,0.0,0.0,0.0
2026-01-01 21:27:40,27.4449040597252,77.7442479248849,3.5156546522154093,54.66041306290637,0.0,0.0,0.0
2026-01-01 21:27:45,27.45865737604801,77.62882299358438,29.46807668553677,54.68145392557706,0.0,0.0,0.0
2026-01-01 21:27:50,27.472473692085902,77.69814336218367,28.51632358344389,54.73463844121055,0.0,0.0,0.0
2026-01-01 21:27:55,27.43220532747437,77.71248397456588,10.34996817351507,54.702423749119134,0.0,0.0,0.0
2026-01-01 21:28:00,27.35792573424512,77.80427009501268,13.994061200546216,54.64365039032391,0.0,0.0,0.0
2026-01-01 21:28:05,27.44267236613837,78.0507091137017,1.7552142455628328,54.64516639614878,0.0,0.0,0.0
2026-01-01 21:28:10,27.474372442483737,78.03291854769178,3.314702424217643,54.617778315449215,0.0,0.0,0.0
2026-01-01 21:28:15,27.50039377665505,78.46006910278153,0.0,54.61291910774443,0.0,0.0,0.0
2026-01-01 21:28:20,27.4393016030632,78.3525206592535,0.0,54.59531147731478,0.0,0.0,0.0
2026-01-01 21:28:25,27.426290979353467,78.49052691813732,37.7512045412909,54.6221856631939,0.0,0.0,0.0
2026-01-01 21:28:30,27.446789999254687,78.52024760239526,18.308595566980465,54.67385769462452,0.0,0.0,0.0
2026-01-01 21:28:35,27.329449377205545,78.09873996594985,9.002802218395896,54.65033934761237,0.0,0.0,0.0
2026-01-01 21:28:40,27.37759553294444,78.2090528806967,22.05516908186757,54.63691394837768,0.0,0.0,0.0
2026-01-01 21:28:45,27.235993495712226,78.61313955654516,25.29253450469415,54.6229706003318,0.0,0.0,0.0
2026-01-01 21:28:50,27.23693389584246,78.54489445890871,16.998129613253123,54.64072450092574,0.0,0.0,0.0
2026-01-01 21:28:55,27.257686485071897,78.26760807501113,22.287265414241173,54.656911910116406,0.0,0.0,0.0
2026-01-01 21:29:00,27.101930803203075,78.26336315559968,27.145755635349467,54.66014924391904,0.0,0.0,0.0
2026-01-01 21:29:05,27.06588196122203,78.15562442905006,0.0,54.59925609327327,0.0,0.0,0.0
2026-01-01 21:29:10,27.09142201543928,77.74314609609753,11.571908987662283,54.63899401275959,0.0,0.0,0.0
2026-01-01 21:29:15,27.084488836123377,78.11711824945012,10.127180845214982,54.62612164911839,0.0,0.0,0.0
2026-01-01 21:29:20,27.05585490651624,78.35065166920572,0.0,54.64399541932704,0.0,0.0,0.0
2026-01-01 21:29:25,26.9541716534106,78.3812053910689,24.569047938791314,54.64448027183068,0.0,0.0,0.0
2026-01-01 21:29:30,26.9355228381574,78.39359887282704,2.0705557068499862,54.55261091181984,0.0,0.0,0.0
2026-01-01 21:29:35,26.86113663259281,78.31617529274476,47.75835120330534,54.57144788191579,0.0,0.0,0.0
2026-01-01 21:29:40,26.8844918267751,78.3454468698662,10.30551347194786,54.67765923312746,0.0,0.0,0.0
2026-01-01 21:29:45,26.929995243119027,78.30593236831315,6.211661466349078,54.62957741158775,0.0,0.0,0.0
2026-01-01 21:29:50,26.90458557079486,78.02473501507706,23.148535164162027,54.51460962226837,0.0,0.0,0.0
2026-01-01 21:29:55,26.90890031555925,77.82094866818679,0.0,54.58359465874919,0.0,0.0,0.0
2026-01-01 21:30:00,26.9139263367498,77.94548025765934,6.689706540509137,54.53632155844104,0.0,0.0,0.0
2026-01-01 21:30:05,26.90819094088868,77.71464104141315,0.0,54.47293166362087,0.0,0.0,0.0
2026-01-01 21:30:10,27.065169198174942,78.10014705768104,31.30376525284976,54.59684022995876,0.0,0.0,0.0
2026-01-01 21:30:15,27.018693024540315,78.26213253878419,23.423053537587883,54.52579326733535,0.0,0.0,0.0
2026-01-01 21:30:20,27.03459818474727,78.49974909616324,27.159464252113573,54.54527936671019,0.0,0.0,0.0
2026-01-01 21:30:25,27.01206950823643,78.5491024996626,2.1958875708306422,54.62033542196564,0.0,0.0,0.0
2026-01-01 21:30:30,27.088018834691788,78.67835255407049,21.67916588353742,54.56902690703238,0.0,0.0,0.0
2026-01-01 21:30:35,27.050529869859925,79.05726039391011,37.07698358600137,54.59287643286828,0.0,0.0,0.0
2026-01-01 21:30:40,27.13828751024102,79.18311228258752,14.25904186172458,54.64158467734592,0.0,0.0,0.0
2026-01-01 21:30:45,27.17057726292277,79.22890197269696,56.175709119045294,54.60895612272924,0.0,0.0,0.0
2026-01-01 21:30:50,27.2170833381898,79.32469035529672,0.0,54.49154236913397,0.0,0.0,0.0
2026-01-01 21:30:55,27.227502833000813,79.20921438173716,9.573591819044786,54.58764698538411,0.0,0.0,0.0
2026-01-01 21:31:00,27.35941315187733,79.44479463425861,14.614418187983643,54.61871995235384,0.0,0.0,0.0
2026-01-01 21:31:05,27.323258363681745,79.34360412229915,9.265705776472984,54.59460113759793,0.0,0.0,0.0
2026-01-01 21:31:10,27.32150920060451,79.11122327673354,5.480181874832072,54.56049408214755,0.0,0.0,0.0
2026-01-01 21:31:15,27.3102047965314,79.16195807964668,43.19625079652005,54.554210070395285,0.0,0.0,0.0
2026-01-01 21:31:20,27.27428757780194,78.99493957404756,31.54606531568693,54.570776026656645,0.0,0.0,0.0
2026-01-01 21:31:25,27.25846767147464,79.0556584649717,18.29642794704685,54.589980542960106,0.0,0.0,0.0
2026-01-01 21:31:30,27.21727599117547,79.16809231107693,30.57377811730847,54.55263152827928,0.0,0.0,0.0
2026-01-01 21:31:35,27.232928957970493,79.38213047604727,0.1191173542241168,54.578488039250026,0.0,0.0,0.0
2026-01-01 21:31:40,27.232650645022343,79.31935254100065,0.0,54.66019120147013,0.0,0.0,0.0
2026-01-01 21:31:45,27.16883756196616,79.18340480552986,0.0,54.64788193852104,0.0,0.0,0.0
2026-01-01 21:31:50,27.18519823001187,79.51870113159765,0.0,54.558623626884106,0.0,0.0,0.0
2026-01-01 21:31:55,27.186034740724388,79.56813834360085,7.600444625901802,54.60891598425704,0.0,0.0,0.0
2026-01-01 21:32:00,27.1588423528414,79.82785330395,0.0,54.52958466770182,0.0,0.0,0.0
2026-01-01 21:32:05,27.046596154159207,79.56075005809116,5.4837775668083335,54.51774001453958,0.0,0.0,0.0
2026-01-01 21:32:10,27.02279062737734,79.87519568732266,8.45496688074838,54.507637754642445,0.0,0.0,0.0
2026-01-01 21:32:15,27.0941381601887,80.06638799457895,25.763425397449414,54.52318752178836,0.0,0.0,0.0
2026-01-01 21:32:20,27.14399662181784,80.18065743596831,18.623104380741545,54.493830253013385,0.0,0.0,0.0
2026-01-01 21:32:25,27.16480503133237,80.08810415110771,34.15577602882162,54.53028201707882,0.0,0.0,0.0
2026-01-01 21:32:30,27.132286738866256,79.90714398637337,0.4866454210020929,54.56102159856249,0.0,0.0,0.0
2026-01-01 21:32:35,27.27115692031286,79.7398826858624,14.008060716870862,54.554613117383184,0.0,0.0,0.0
2026-01-01 21:32:40,27.29245628027093,79.77543620414534,21.59551952096721,54.49739690102509,0.0,0.0,0.0
2026-01-01 21:32:45,27.271403513418147,79.51247001514449,25.68723786760116,54.52118480189922,0.0,0.0,0.0
2026-01-01 21:32:50,27.293786057482187,79.584573639697,37.06544062556394,54.47100304793344,0.0,0.0,0.0
2026-01-01 21:32:55,27.155181541978564,79.62780157960425,18.978719464501253,54.52206410383805,0.0,0.0,0.0
2026-01-01 21:33:00,27.11497029855473,79.37037622068691,3.933924958711975,54.52080156893104,0.0,0.0,0.0
2026-01-01 21:33:05,27.097936172912128,79.07168857794701,4.745163784458481,54.493232886701904,0.0,0.0,0.0
2026-01-01 21:33:10,27.021833635709186,79.18266142690715,38.180498819836814,54.50760293805486,0.0,0.0,0.0
2026-01-01 21:33:15,27.081379715852723,78.90712138582217,10.559185751554985,54.53219012783792,0.0,0.0,0.0
2026-01-01 21:33:20,26.989735762827987,79.00931930588753,14.164121132608877,54.5416918157424,0.0,0.0,0.0
2026-01-01 21:33:25,26.917248644266632,79.26532131168973,2.764927711026247,54.46406753926411,0.0,0.0,0.0
2026-01-01 21:33:30,26.8305427504827,79.31116424055341,8.195677284508983,54.5037761613373,0.0,0.0,0.0
2026-01-01 21:33:35,26.81223586678317,79.09020521875874,0.0,54.438155578906525,0.0,0.0,0.0
2026-01-01 21:33:40,26.784867254376778,79.00494975554398,14.44100243599984,54.44443347619625,0.0,0.0,0.0
2026-01-01 21:33:45,26.85755650031753,78.99102167577965,22.88058996463281,54.49765394940697,0.0,0.0,0.0
2026-01-01 21:33:50,26.88054090569712,79.23532933519155,13.558526625795356,54.50585007695781,0.0,0.0,0.0
2026-01-01 21:33:55,26.76847320780211,79.41338961004122,23.10631787408937,54.50149394408251,0.0,0.0,0.0
2026-01-01 21:34:00,26.751883757170702,79.3297931948596,0.0,54.50111188429976,0.0,0.0,0.0
2026-01-01 21:34:05,26.70253707364627,79.36443514521139,30.014994340323128,54.46377694736539,0.0,0.0,0.0
2026-01-01 21:34:10,26.699515811741943,79.31795563581761,9.959287295422753,54.36606340932236,0.0,0.0,0.0
2026-01-01 21:34:15,26.81029581664754,79.21622374786786,15.43945569799594,54.36557223421694,0.0,0.0,0.0
2026-01-01 21:34:20,26.72840330035237,79.3229539990616,30.356498330255043,54.4136678498493,0.0,0.0,0.0
2026-01-01 21:34:25,26.66040572744283,79.66572291107964,18.58991202524313,54.38172267068085,0.0,0.0,0.0
2026-01-01 21:34:30,26.68034365290681,79.52620603014022,6.785497146434194,54.3852740917198,0.0,0.0,0.0
2026-01-01 21:34:35,26.59358464762248,79.58531229446412,0.0,54.44356137236403,0.0,0.0,0.0
2026-01-01 21:34:40,26.584856167845462,79.46910206055789,8.916271251863941,54.52424373086927,0.0,0.0,0.0
2026-01-01 21:34:45,26.569001969606976,79.71857664636435,7.12099645450337,54.40666499451079,0.0,0.0,0.0
2026-01-01 21:34:50,26.640053758178045,79.42698098221422,9.900908041702218,54.39331081906497,0.0,0.0,0.0
2026-01-01 21:34:55,26.64919696368344,79.27171833115013,0.7245861347209992,54.36506531953978,0.0,0.0,0.0
2026-01-01 21:35:00,26.60428469616903,79.19470014091495,23.02639675114277,54.38372287663876,0.0,0.0,0.0
2026-01-01 21:35:05,26.59066002704256,79.3042102420973,33.241967620236785,54.35527614632929,0.0,0.0,0.0
2026-01-01 21:35:10,26.60029472242865,79.3228632238136,24.571802466542444,54.44443044535407,0.0,0.0,0.0
2026-01-01 21:35:15,26.641057408940394,79.37134558674506,11.505604660933065,54.36001025327626,0.0,0.0,0.0
2026-01-01 21:35:20,26.516817506132696,79.11004704956515,17.457743741846482,54.34309020933157,0.0,0.0,0.0
2026-01-01 21:35:25,26.4374328406182,79.04906492045608,10.319324954989222,54.37536582791675,0.0,0.0,0.0
2026-01-01 21:35:30,26.373099641258094,78.98948686150311,5.091668603321769,54.3533956451555,0.0,0.0,0.0
2026-01-01 21:35:35,26.333667613587423,78.98670339422969,0.0375784504449772,54.33905967252851,0.0,0.0,0.0
2026-01-01 21:35:40,26.34091679642515,78.83000073290194,1.5487014862977355,54.33337316206863,0.0,0.0,0.0
2026-01-01 21:35:45,26.27580335235473,79.14918958877266,16.309898805593882,54.38364452090181,0.0,0.0,0.0
2026-01-01 21:35:50,26.18961721732489,79.20456100694192,34.790971166408326,54.41533451778457,0.0,0.0,0.0
2026-01-01 21:35:55,26.192799781959,79.37686754663056,18.78735998541352,54.42388245087699,0.0,0.0,0.0
2026-01-01 21:36:00,26.260729954014703,79.23421723513555,18.49713969515143,54.41279883039584,0.0,0.0,0.0
2026-01-01 21:36:05,26.3136758267554,79.18115150089152,14.250853856798331,54.3409556901607,0.0,0.0,0.0
2026-01-01 21:36:10,26.372674422126654,79.28278895734465,10.864104535230211,54.38718608081173,0.0,0.0,0.0
2026-01-01 21:36:15,26.340149842843843,79.82013232111781,9.841332951511449,54.335836807752834,0.0,0.0,0.0
2026-01-01 21:36:20,26.366188381875425,80.0090080943971,0.0,54.36834796576005,0.0,0.0,0.0
2026-01-01 21:36:25,26.44702591432142,79.90822521150938,36.397253246049175,54.38825905362484,0.0,0.0,0.0
2026-01-01 21:36:30,26.463289692257742,80.08328364490634,0.0,54.319864816532,0.0,0.0,0.0
2026-01-01 21:36:35,26.439666832657043,80.07878292229618,7.666138269629492,54.34075614735062,0.0,0.0,0.0
2026-01-01 21:36:40,26.356428347012123,79.90527947025015,21.26014233010072,54.36924129336457,0.0,0.0,0.0
2026-01-01 21:36:45,26.212674610275904,79.57166485095819,22.99782176790356,54.37874815023817,0.0,0.0,0.0
2026-01-01 21:36:50,26.24065901284376,79.39590921717222,14.028312829159344,54.341991684868034,0.0,0.0,0.0
2026-01-01 21:36:55,26.245323722594627,79.37820797867874,16.48407218724383,54.40057601333684,0.0,0.0,0.0
2026-01-01 21:37:00,26.21446052335941,79.2490465243658,9.601632416465687,54.36484333328417,0.0,0.0,0.0
2026-01-01 21:37:05,26.080683496850646,79.5444344514671,25.389656893848244,54.35137328874703,0.0,0.0,0.0
2026-01-01 21:37:10,26.05258795444361,79.60490011136649,40.82701423020922,54.37472256780302,0.0,0.0,0.0
2026-01-01 21:37:15,26.21498892632285,79.62541777699708,11.601806290047,54.350445953749926,0.0,0.0,0.0
2026-01-01 21:37:20,26.324701464812456,79.48556511134848,23.46897251783569,54.32993318009922,0.0,0.0,0.0
2026-01-01 21:37:25,26.269628559053945,79.53075531091596,0.6313457845098949,54.3683492687662,0.0,0.0,0.0
2026-01-01 21:37:30,26.17606127462556,79.7432901733844,14.057023447524402,54.38372371733573,0.0,0.0,0.0
2026-01-01 21:37:35,26.151118456436432,79.78045764289656,12.074864030687278,54.39227381970029,0.0,0.0,0.0
2026-01-01 21:37:40,26.14500893716188,80.12819039641136,0.0,54.32339333977541,0.0,0.0,0.0
2026-01-01 21:37:45,26.26689418961422,79.80236903126183,0.0,54.33693369311011,0.0,0.0,0.0
2026-01-01 21:37:50,26.26268225857894,80.08409734044933,22.754598511918942,54.34660102264779,0.0,0.0,0.0
2026-01-01 21:37:55,26.29402197941613,80.24026901918113,14.65254042730722,54.3998885343844,0.0,0.0,0.0
2026-01-01 21:38:00,26.25575340022076,80.09328680002346,0.0,54.37703238876502,0.0,0.0,0.0
2026-01-01 21:38:05,26.24280570482431,80.25604449323835,27.88703925303771,54.36330732396863,0.0,0.0,0.0
2026-01-01 21:38:10,26.138617301995488,79.90162025297977,48.13390953760696,54.36698871208563,0.0,0.0,0.0
2026-01-01 21:38:15,26.17112772480862,79.7336940043645,26.73789515131588,54.34130800960173,0.0,0.0,0.0
2026-01-01 21:38:20,26.159945040384613,79.76052770171813,33.83886476790961,54.38133386547749,0.0,0.0,0.0
2026-01-01 21:38:25,26.06369151695732,79.61028892300892,31.591702083333,54.43959201512749,0.0,0.0,0.0
2026-01-01 21:38:30,26.19498036486796,79.78668042080655,0.0,54.40157747483181,0.0,0.0,0.0
2026-01-01 21:38:35,26.18183465615048,79.71499247285445,24.99202228699477,54.36420321274508,0.0,0.0,0.0
2026-01-01 21:38:40,26.22050458871055,79.83298120321108,12.043200182053337,54.33755930107844,0.0,0.0,0.0
2026-01-01 21:38:45,26.20108193924049,80.03046717287448,9.16466009644731,54.30579350651958,0.0,0.0,0.0
2026-01-01 21:38:50,26.24060217603412,79.60614797215565,27.94784106140281,54.32432726550967,0.0,0.0,0.0
2026-01-01 21:38:55,26.2994891241179,79.65978949159143,33.71435428292541,54.28482473266091,0.0,0.0,0.0
2026-01-01 21:39:00,26.30507727255556,79.7987951751116,0.0,54.319861429375045,0.0,0.0,0.0
2026-01-01 21:39:05,26.31036186334106,79.81571119252848,9.320785078133367,54.32861380380763,0.0,0.0,0.0
2026-01-01 21:39:10,26.222046877126864,79.53062596230076,21.315456176807608,54.27615610563609,0.0,0.0,0.0
2026-01-01 21:39:15,26.29577079527849,79.6407203118599,12.00405319824325,54.28854640450308,0.0,0.0,0.0
2026-01-01 21:39:20,26.2602678271378,79.74623826219525,46.70260401211748,54.32606233499128,0.0,0.0,0.0
2026-01-01 21:39:25,26.27747967042613,79.56617197068944,31.03003396563209,54.311419117560376,0.0,0.0,0.0
2026-01-01 21:39:30,26.23383307091625,79.18794942505865,20.79306244088025,54.33515816565416,0.0,0.0,0.0
2026-01-01 21:39:35,26.21141752879655,78.8744693941376,2.595801587775921,54.34635675870035,0.0,0.0,0.0
2026-01-01 21:39:40,26.255772080008864,78.80863985903332,45.977903877507416,54.35539937144146,0.0,0.0,0.0
2026-01-01 21:39:45,26.250342208026,78.74374090864009,9.590253271935625,54.369551125785314,0.0,0.0,0.0
2026-01-01 21:39:50,26.176047755165,78.64540775289368,0.0839822918491968,54.37904173203626,0.0,0.0,0.0
2026-01-01 21:39:55,26.123211423165028,78.74159379589096,6.232278304632777,54.33701017947624,0.0,0.0,0.0
2026-01-01 21:40:00,26.139462380473507,78.86592888959115,14.162978534370009,54.26745542553576,0.0,0.0,0.0
2026-01-01 21:40:05,26.24729893941884,78.9115789472983,32.60479585099435,54.28050257235303,0.0,0.0,0.0
2026-01-01 21:40:10,26.176813349776,78.8829994717997,0.0,54.34907353420708,0.0,0.0,0.0
2026-01-01 21:40:15,26.12780888183285,79.22396626388944,6.330028342016817,54.39218189795935,0.0,0.0,0.0
2026-01-01 21:40:20,26.08681933045632,79.4361184439437,22.005148909819965,54.35318500822292,0.0,0.0,0.0
2026-01-01 21:40:25,26.02752520309483,79.5563856834447,25.244928704599506,54.34814584366546,0.0,0.0,0.0
2026-01-01 21:40:30,25.964967978332947,79.2945296757769,21.44175042338388,54.30293850113276,0.0,0.0,0.0
2026-01-01 21:40:35,25.97961793637908,79.59991022613215,40.32354851137594,54.26756778329524,0.0,0.0,0.0
2026-01-01 21:40:40,25.98254498815486,79.6316490989044,1.160639594747517,54.28239756807457,0.0,0.0,0.0
2026-01-01 21:40:45,26.043360629955835,79.63216099126265,10.284712927662644,54.22417787971999,0.0,0.0,0.0
2026-01-01 21:40:50,26.01660826915581,79.91262505942288,21.452249422278,54.3216831448669,0.0,0.0,0.0
2026-01-01 21:40:55,26.05616895474295,79.98639872216987,18.301127285740066,54.30042450075466,0.0,0.0,0.0
2026-01-01 21:41:00,26.013263530326903,79.63413725854126,0.0,54.269001244981816,0.0,0.0,0.0
2026-01-01 21:41:05,26.06375391222604,79.56671380120916,11.832007780694658,54.27866955864816,0.0,0.0,0.0
2026-01-01 21:41:10,26.152652285437423,79.77057111480157,33.10588071780087,54.2287717756717,0.0,0.0,0.0
2026-01-01 21:41:15,26.1806488450404,79.5329743837384,12.208196237002712,54.28278553225516,0.0,0.0,0.0
2026-01-01 21:41:20,26.18771923113573,79.8034887751867,8.375886371708583,54.31309338809714,0.0,0.0,0.0
2026-01-01 21:41:25,26.276909147696987,79.90575089458511,0.3352067973112643,54.33150207917346,0.0,0.0,0.0
2026-01-01 21:41:30,26.336475609750355,80.11263407645029,35.73292054787266,54.322474092104045,0.0,0.0,0.0
2026-01-01 21:41:35,26.320868388723405,80.37668650211471,22.774306794078853,54.348105921139535,0.0,0.0,0.0
2026-01-01 21:41:40,26.226711160553226,80.25095955116208,0.1192135012829243,54.39632195195047,0.0,0.0,0.0
2026-01-01 21:41:45,26.238499949819133,80.11313297780174,19.79598959504208,54.38098073440212,0.0,0.0,0.0
2026-01-01 21:41:50,26.25596581279612,80.39656143713316,26.475522401618832,54.47000451876591,0.0,0.0,0.0
2026-01-01 21:41:55,26.23563298725028,80.17560370931258,18.48117792348542,54.392667809847154,0.0,0.0,0.0
2026-01-01 21:42:00,26.15408903362952,80.07236858606254,1.5405802596582632,54.40882354888328,0.0,0.0,0.0
2026-01-01 21:42:05,26.134484970725776,80.15041690984378,4.707218362209172,54.31875569041223,0.0,0.0,0.0
2026-01-01 21:42:10,25.98699298447304,80.2561433275025,10.069235006227183,54.36756892380845,0.0,0.0,0.0
2026-01-01 21:42:15,25.958414905795507,80.24477488141602,0.8092347629265032,54.40429874789515,0.0,0.0,0.0
2026-01-01 21:42:20,26.09670106503419,80.4558591218123,0.0,54.35854651330736,0.0,0.0,0.0
2026-01-01 21:42:25,25.96696759822032,80.44584383882832,0.0,54.37093695758641,0.0,0.0,0.0
2026-01-01 21:42:30,25.880689191088297,80.16551629805384,7.563602902283385,54.3129038352573,0.0,0.0,0.0
2026-01-01 21:42:35,25.873241969660683,80.45839043737752,0.0,54.35154644489221,0.0,0.0,0.0
2026-01-01 21:42:40,25.83425711890323,80.31490396403267,0.0,54.269262991051846,0.0,0.0,0.0
2026-01-01 21:42:45,25.77103559879131,80.45460176139684,2.2256604903559447,54.27210173312746,0.0,0.0,0.0
2026-01-01 21:42:50,25.8389585116929,80.33518756610528,9.857243564689954,54.32803074281923,0.0,0.0,0.0
2026-01-01 21:42:55,25.77501559562968,80.43608193285735,54.775308038294135,54.30274746194373,0.0,0.0,0.0
2026-01-01 21:43:00,25.85923815216152,80.02789151602376,22.707843691033137,54.304411164672686,0.0,0.0,0.0
2026-01-01 21:43:05,25.88375789503227,80.02832524054999,15.97268420843186,54.362351770296165,0.0,0.0,0.0
2026-01-01 21:43:10,25.86610880166524,79.83246787585672,11.53637847596818,54.43094262784192,0.0,0.0,0.0
2026-01-01 21:43:15,25.817109553978085,80.04456632693949,0.0,54.36560826904122,0.0,0.0,0.0
2026-01-01 21:43:20,25.90197736052972,79.95793697777856,50.749883718546826,54.366032770146106,0.0,0.0,0.0
2026-01-01 21:43:25,25.94423894985128,79.90354930359074,18.8085314263389,54.34837779050659,0.0,0.0,0.0
2026-01-01 21:43:30,25.838450945893307,80.12195090619558,13.523940244546896,54.397714901592096,0.0,0.0,0.0
2026-01-01 21:43:35,25.768926070199413,80.56815315693886,15.764639945569083,54.34260746397814,0.0,0.0,0.0
2026-01-01 21:43:40,25.81827975942585,80.93506510563729,0.0,54.3538893151208,0.0,0.0,0.0
2026-01-01 21:43:45,25.890972418115734,80.84087582973494,22.15935545810558,54.33578905166407,0.0,0.0,0.0
2026-01-01 21:43:50,25.86857445488353,80.55401733859922,26.53900470596372,54.27842160626236,0.0,0.0,0.0
2026-01-01 21:43:55,25.859216072206763,80.57386236224032,0.0,54.26114006980909,0.0,0.0,0.0
2026-01-01 21:44:00,25.93151703392278,80.77473394925171,11.888845718313124,54.27437174250262,0.0,0.0,0.0
2026-01-01 21:44:05,25.983072299738865,80.75662980694973,31.48037670237163,54.2488951985732,0.0,0.0,0.0
2026-01-01 21:44:10,26.028390765880488,80.71399881080035,16.759510486381565,54.30942200908751,0.0,0.0,0.0
2026-01-01 21:44:15,26.091721500308097,80.87402383734238,13.96310761488798,54.32618466883238,0.0,0.0,0.0
2026-01-01 21:44:20,26.070838530880184,81.06554679532792,0.0,54.27975376779696,0.0,0.0,0.0
2026-01-01 21:44:25,26.06616887025304,80.72180097603473,23.99719820249249,54.31016940478614,0.0,0.0,0.0
2026-01-01 21:44:30,25.958456923812268,80.70684232287037,31.208420793566013,54.33822507800018,0.0,0.0,0.0
2026-01-01 21:44:35,25.954240060147075,80.77147514169079,22.031208422643388,54.33166322326456,0.0,0.0,0.0
2026-01-01 21:44:40,25.91750218850886,80.77205418719846,0.0,54.34377185670144,0.0,0.0,0.0
2026-01-01 21:44:45,25.8525968927919,80.72443296909752,6.945277858346516,54.32738872938253,0.0,0.0,0.0
2026-01-01 21:44:50,25.82709127576216,80.8097027263281,14.427105720032865,54.2676217146997,0.0,0.0,0.0
2026-01-01 21:44:55,25.78534457070491,80.81462086393242,33.01032974776446,54.25253869192409,0.0,0.0,0.0
2026-01-01 21:45:00,25.718915680827514,80.71840986042059,7.04978850387595,54.305866283209,0.0,0.0,0.0
2026-01-01 21:45:05,25.62005067796508,80.91698526909335,14.343757810605291,54.31193415534143,0.0,0.0,0.0
2026-01-01 21:45:10,25.606956733568826,80.73310879104574,7.989571514944175,54.364824829948645,0.0,0.0,0.0
2026-01-01 21:45:15,25.5543918654514,80.60916870929456,3.135439884428733,54.32272007025677,0.0,0.0,0.0
2026-01-01 21:45:20,25.479142485828262,80.49502680657282,4.871204923387591,54.3335029297054,0.0,0.0,0.0
2026-01-01 21:45:25,25.45531046325239,80.66720411137094,28.716140350732708,54.28602647924821,0.0,0.0,0.0
2026-01-01 21:45:30,25.38890554892024,80.92150829274392,18.65502178437492,54.29910874770174,0.0,0.0,0.0
2026-01-01 21:45:35,25.281724372548425,81.22273314671018,7.491980779662302,54.37005858919622,0.0,0.0,0.0
2026-01-01 21:45:40,25.151935365529024,81.33987545682137,1.7084718637650829,54.372440453405744,0.0,0.0,0.0
2026-01-01 21:45:45,25.02258956248171,81.06482712763746,5.007982717161724,54.37352476428106,0.0,0.0,0.0
2026-01-01 21:45:50,25.01811747659276,81.0129296977977,49.46035527343106,54.414003568920975,0.0,0.0,0.0
2026-01-01 21:45:55,25.040421890909805,81.37058082197905,0.0,54.38510538693099,0.0,0.0,0.0
2026-01-01 21:46:00,25.06600900122485,81.00482107983196,8.144405196057704,54.40060542979138,0.0,0.0,0.0
2026-01-01 21:46:05,25.051515827786467,80.92536329755877,37.21029495855382,54.36611607191968,0.0,0.0,0.0
2026-01-01 21:46:10,25.058313851120708,81.08725633422843,5.224080980552626,54.30742333740825,0.0,0.0,0.0
2026-01-01 21:46:15,25.08788567489197,80.92066607982176,17.371782589179812,54.28048525993697,0.0,0.0,0.0
2026-01-01 21:46:20,25.121540630803057,81.07755622669718,28.72559263877028,54.3700738762115,0.0,0.0,0.0
2026-01-01 21:46:25,25.16946515017141,81.1139772964815,0.0,54.36620715245877,0.0,0.0,0.0
2026-01-01 21:46:30,25.207340728615574,81.12966376560736,43.58196018438039,54.34249077847388,0.0,0.0,0.0
2026-01-01 21:46:35,25.18726469484964,81.3919653050309,18.418270609050865,54.28733697025476,0.0,0.0,0.0
2026-01-01 21:46:40,25.236322113815497,81.34968646400407,16.43045222267776,54.34124433071701,0.0,0.0,0.0
2026-01-01 21:46:45,25.11762204358968,81.41301135033068,0.0,54.31125316830047,0.0,0.0,0.0
2026-01-01 21:46:50,25.18098202450784,81.52408694267946,1.3026272424730392,54.28612637001908,0.0,0.0,0.0
2026-01-01 21:46:55,25.11396615097188,81.5547832223539,65.97343393849984,54.31589744817595,0.0,0.0,0.0
2026-01-01 21:47:00,25.108117222120864,81.75280999415283,40.30965910987344,54.317608067749305,0.0,0.0,0.0
2026-01-01 21:47:05,25.06755799367076,81.85074797473565,8.38929960567926,54.33203765951176,0.0,0.0,0.0
2026-01-01 21:47:10,25.04804454937696,81.95100668075249,32.54454625960453,54.26888998359185,0.0,0.0,0.0
2026-01-01 21:47:15,25.11784980132953,81.65447748211841,0.0,54.18922054171887,0.0,0.0,0.0
2026-01-01 21:47:20,25.242881874223595,82.13111012192407,10.564006096924532,54.22336137165272,1.0,0.0,0.0
2026-01-01 21:47:25,25.26309113695624,82.03089293217381,10.597904873592965,54.31010358693635,1.0,0.0,0.0
2026-01-01 21:47:30,25.20784550522904,82.35072531396558,9.888565536790784,54.403653977101285,1.0,0.0,0.0
2026-01-01 21:47:35,25.341767139860625,82.39080148813282,37.98398423375299,54.51458114794208,0.0,0.0,0.0
2026-01-01 21:47:40,25.328849898381065,82.15484261079929,0.0,54.65306997639111,0.0,0.0,0.0
2026-01-01 21:47:45,25.333429591860064,82.19118308204023,0.4443278196212645,54.83708830254551,0.0,0.0,0.0
2026-01-01 21:47:50,25.309322153599577,82.2655414599113,0.0,54.9318620602864,0.0,0.0,0.0
2026-01-01 21:47:55,25.24510834274156,81.98072822264467,28.48820083498567,54.99994405835928,0.0,0.0,0.0
2026-01-01 21:48:00,25.25697678529712,82.05448027651035,25.73973623649197,55.13411590988672,0.0,0.0,0.0
2026-01-01 21:48:05,25.21757550655574,82.3374254298911,0.0,55.15488240057015,0.0,0.0,0.0
2026-01-01 21:48:10,25.02924641367198,81.98670724892206,26.50913003984221,55.15379045846365,0.0,0.0,0.0
2026-01-01 21:48:15,24.98803584790211,81.86296501341853,37.408572937857,55.11265478213237,0.0,0.0,0.0
2026-01-01 21:48:20,25.01822636676309,81.61947799770057,23.81003091943616,55.193805411703536,0.0,0.0,0.0
2026-01-01 21:48:25,25.04246471275856,81.64616133552168,23.26178592886909,55.24334634574414,0.0,0.0,0.0
2026-01-01 21:48:30,25.15266719438824,81.56138072396757,5.115725179609874,55.21400329088669,0.0,0.0,0.0
2026-01-01 21:48:35,25.166310648420584,81.40223447328908,18.80497213970983,55.26152371540176,0.0,0.0,0.0
2026-01-01 21:48:40,25.202236533952405,81.5171620071084,12.974275485392107,55.19648228423716,0.0,0.0,0.0
2026-01-01 21:48:45,25.1388974612501,81.72631015208012,7.036766593742319,55.240496155599374,0.0,0.0,0.0
2026-01-01 21:48:50,25.1356550786722,81.76173190026329,0.0,55.18719685592639,0.0,0.0,0.0
2026-01-01 21:48:55,25.22556256660165,81.98978412875833,0.1908928544575769,55.20513305127638,0.0,0.0,0.0
2026-01-01 21:49:00,25.10767853009968,81.64317068420883,1.3034960844602008,55.331512986301775,0.0,0.0,0.0
2026-01-01 21:49:05,25.10578166852129,81.76710551379352,39.27131699430975,55.23249774349894,0.0,0.0,0.0
2026-01-01 21:49:10,25.178881159730285,81.73137371221726,10.561486557210705,55.2402456594379,0.0,0.0,0.0
2026-01-01 21:49:15,25.20669820753688,81.43108750123498,36.148785896856,55.22812086178863,0.0,0.0,0.0
2026-01-01 21:49:20,25.09684515234505,81.43338686998183,13.819541437999034,55.19776620963472,0.0,0.0,0.0
2026-01-01 21:49:25,25.01059932219708,81.64028280233181,22.32026430267778,55.19986805426284,0.0,0.0,0.0
2026-01-01 21:49:30,24.99591632708705,82.037381098961,0.0,55.22016966716945,0.0,0.0,0.0
2026-01-01 21:49:35,25.13451146049972,81.72457591868697,26.60484311822485,55.16144638680206,0.0,0.0,0.0
2026-01-01 21:49:40,25.016128598697577,81.6050187077541,47.15823691596634,55.20584713892575,0.0,0.0,0.0
2026-01-01 21:49:45,25.07640429960448,81.69958269689612,0.0,55.1092268938165,0.0,0.0,0.0
2026-01-01 21:49:50,25.123956472499785,81.6145626408202,24.25411804155941,55.15770319572682,0.0,0.0,0.0
2026-01-01 21:49:55,25.07591208039253,81.62606490182043,4.259418873846334,55.18740469213205,0.0,0.0,0.0
2026-01-01 21:50:00,25.003998225752053,81.31396459830555,20.60771430955945,55.21229283974437,0.0,0.0,0.0
2026-01-01 21:50:05,25.05468343376436,81.3860023855737,18.781457006606207,55.2285108309826,0.0,0.0,0.0
2026-01-01 21:50:10,25.08195192239788,81.29464933344404,26.86309161872092,55.15312459438951,0.0,0.0,0.0
2026-01-01 21:50:15,25.07445261325979,81.15310803092191,7.407021604550364,55.23986354626022,0.0,0.0,0.0
2026-01-01 21:50:20,25.09027662378321,81.21849095732033,0.0,55.200268516591066,0.0,0.0,0.0
2026-01-01 21:50:25,25.0836981369881,81.21019358323343,34.04567474030115,55.19604619003814,0.0,0.0,0.0
2026-01-01 21:50:30,25.0820415536101,81.05415879709119,12.92754892445039,55.20922035212324,0.0,0.0,0.0
2026-01-01 21:50:35,25.036942177888864,81.42345842504805,10.783404908801566,55.19861493372221,0.0,0.0,0.0
2026-01-01 21:50:40,25.04392704938821,81.35725604248987,27.508755490031472,55.20697748865588,0.0,0.0,0.0
2026-01-01 21:50:45,25.08400208097866,81.43724893976459,7.776555299414499,55.14324702142521,0.0,0.0,0.0
2026-01-01 21:50:50,25.00722982028299,81.31195544374114,0.0,55.08632955458782,0.0,0.0,0.0
2026-01-01 21:50:55,25.04418881245677,81.67244067915118,0.0,55.16009601064306,0.0,0.0,0.0
2026-01-01 21:51:00,25.13369207753044,81.32924093704025,13.66259285116196,55.17883342798383,0.0,0.0,0.0
2026-01-01 21:51:05,25.06303333963134,81.18769964826467,7.882960855482368,55.09274082488122,0.0,0.0,0.0
2026-01-01 21:51:10,25.089883967453712,81.32160511949584,39.48859129964029,55.07053500101532,0.0,0.0,0.0
2026-01-01 21:51:15,25.0835501358188,81.25949870646028,21.073301757671985,55.1428207775927,0.0,0.0,0.0
2026-01-01 21:51:20,25.125372287233,81.43435340689939,13.748435968180576,55.10755687478792,0.0,0.0,0.0
2026-01-01 21:51:25,25.101187907400647,81.45387982129077,2.317144480937781,55.10988116422476,0.0,0.0,0.0
2026-01-01 21:51:30,25.147580764006257,81.64724680746097,0.0,55.13543620990024,0.0,0.0,0.0
2026-01-01 21:51:35,25.221553581663013,81.6047087432441,37.87471282182479,55.09949600931307,0.0,0.0,0.0
2026-01-01 21:51:40,25.36460226928017,81.73970542151827,6.19516951541994,55.14553997611851,0.0,0.0,0.0
2026-01-01 21:51:45,25.384578766017466,81.58830249563466,2.001694316620428,55.07988004964511,0.0,0.0,0.0
2026-01-01 21:51:50,25.32809564307154,81.61803664072832,28.853440684400752,55.06721031502079,0.0,0.0,0.0
2026-01-01 21:51:55,25.441902192116867,81.400935954935,19.23493656480841,55.16102711376213,0.0,0.0,0.0
2026-01-01 21:52:00,25.491715661881027,81.1975647859813,0.0,55.125555770140906,0.0,0.0,0.0
2026-01-01 21:52:05,25.452977570595603,81.18769254546854,9.13045106543679,55.03199828184479,0.0,0.0,0.0
2026-01-01 21:52:10,25.390139999694977,81.31025857478727,15.197524773135004,55.16105566219252,0.0,0.0,0.0
2026-01-01 21:52:15,25.39639094177235,81.00714349577453,19.232859814052127,55.16297908507213,0.0,0.0,0.0
2026-01-01 21:52:20,25.28703980719284,81.01685235558723,4.131973917892237,55.18682768901089,0.0,0.0,0.0
2026-01-01 21:52:25,25.29969412701721,80.96912629341331,8.290957401820801,55.24459992495396,0.0,0.0,0.0
2026-01-01 21:52:30,25.210285507658902,81.04810564751506,17.88052241259458,55.2112216098442,0.0,0.0,0.0
2026-01-01 21:52:35,25.22725689589588,80.86220772345891,25.80857445575106,55.209350113713725,0.0,0.0,0.0
2026-01-01 21:52:40,25.20309044048012,80.87004322645345,0.0,55.20043107203236,0.0,0.0,0.0
2026-01-01 21:52:45,25.27580147350353,80.585163783611,7.617365804022139,55.232983777977694,0.0,0.0,0.0
2026-01-01 21:52:50,25.321110564059023,80.54880106951109,22.557154903385083,55.2753845528942,0.0,0.0,0.0
2026-01-01 21:52:55,25.32663479334968,80.48898191703364,6.533206731854896,55.241940625286695,0.0,0.0,0.0
2026-01-01 21:53:00,25.401164141455777,80.46534728901362,23.46123655190437,55.218335268048016,0.0,0.0,0.0
2026-01-01 21:53:05,25.46186232978512,80.52464025465235,3.0960578932121265,55.242377589556966,0.0,0.0,0.0
2026-01-01 21:53:10,25.420094615452232,80.39555661274063,0.0,55.22498766164195,0.0,0.0,0.0
2026-01-01 21:53:15,25.4355815037968,80.4159503251178,12.669140633194251,55.19051763435779,0.0,0.0,0.0
2026-01-01 21:53:20,25.399616352673974,80.16145057879285,8.88848171258083,55.20592327562342,0.0,0.0,0.0
2026-01-01 21:53:25,25.50965239899692,80.23487836309845,37.791221725377824,55.1807520921127,0.0,0.0,0.0
2026-01-01 21:53:30,25.594929175444623,80.43056739903862,0.0,55.19526921349181,0.0,0.0,0.0
2026-01-01 21:53:35,25.696762483851984,80.24416184237236,0.0,55.23823616649332,0.0,0.0,0.0
2026-01-01 21:53:40,25.662125281186952,80.56899440009559,17.00423522462086,55.27743586074952,0.0,0.0,0.0
2026-01-01 21:53:45,25.77441674816572,80.9412036925041,45.326596540978194,55.29526573157126,0.0,0.0,0.0
2026-01-01 21:53:50,25.605415496423547,80.779117103268,9.561525446221514,55.26800212802195,0.0,0.0,0.0
2026-01-01 21:53:55,25.669423329193627,80.98153499429813,55.72834346155416,55.25738860743621,0.0,0.0,0.0
2026-01-01 21:54:00,25.58296922905114,80.94763855696364,24.05521017845448,55.22559879619318,0.0,0.0,0.0
2026-01-01 21:54:05,25.59872498144564,80.55887663750627,17.296913334560383,55.23757416507412,0.0,0.0,0.0
2026-01-01 21:54:10,25.55206824343493,80.65643281920566,37.95805506159111,55.26365531567549,0.0,0.0,0.0
2026-01-01 21:54:15,25.56068271859921,80.81719225881855,4.484919530956059,55.2324776614224,0.0,0.0,0.0
2026-01-01 21:54:20,25.52696021083244,80.86634139380965,8.586518906839053,55.14760763328138,0.0,0.0,0.0
2026-01-01 21:54:25,25.55940685812864,80.87272172621785,5.738399320452174,55.22487716884139,0.0,0.0,0.0
2026-01-01 21:54:30,25.53743004382495,80.93786844247751,5.319885290082166,55.17723545428571,0.0,0.0,0.0
2026-01-01 21:54:35,25.5930732240136,80.94579042765668,3.6238634579938624,55.18660490772611,0.0,0.0,0.0
2026-01-01 21:54:40,25.632293934251926,80.87049811490456,8.635712144411132,55.21006703004382,0.0,0.0,0.0
2026-01-01 21:54:45,25.624650359659523,80.57878076008505,26.721534467574543,55.25949692392006,0.0,0.0,0.0
2026-01-01 21:54:50,25.647990462701337,80.85634439126336,31.65141351393502,55.20601507704287,0.0,0.0,0.0
2026-01-01 21:54:55,25.724204240718542,80.90486491115394,12.396668339674276,55.2222899325508,0.0,0.0,0.0
2026-01-01 21:55:00,25.735314295914257,80.97276420517841,27.110487364437784,55.21491125653885,0.0,0.0,0.0
2026-01-01 21:55:05,25.70867290114716,80.92087199163451,31.893025848522072,55.22965730537656,0.0,0.0,0.0
2026-01-01 21:55:10,25.8178100311579,80.97542986795388,9.329926554975744,55.10740912838964,0.0,0.0,0.0
2026-01-01 21:55:15,25.92518672088788,81.12241859890476,0.0,55.09865638704176,0.0,0.0,0.0
2026-01-01 21:55:20,25.84585071876016,81.01136256437657,44.8842752572768,55.104539828548,0.0,0.0,0.0
2026-01-01 21:55:25,25.82414952141445,80.65297506060197,0.0,55.14443537822304,0.0,0.0,0.0
2026-01-01 21:55:30,25.83464541301356,80.44653127856414,18.25573649471976,55.13207750307808,0.0,0.0,0.0
2026-01-01 21:55:35,25.845462117324665,80.42877847385608,29.341317527443337,55.12924775975868,0.0,0.0,0.0
2026-01-01 21:55:40,25.858678957818324,80.57694893805973,11.046689080966718,55.16006545612196,0.0,0.0,0.0
2026-01-01 21:55:45,25.94164605629116,80.1257220049349,19.43012462859674,55.14177558656964,0.0,0.0,0.0
2026-01-01 21:55:50,25.95871435634407,80.05149170802028,39.340674616063865,55.1880726308288,0.0,0.0,0.0
2026-01-01 21:55:55,25.96129606251971,79.85416119235036,6.811778036460391,55.18534156919672,0.0,0.0,0.0
2026-01-01 21:56:00,25.847718896651457,79.97207723576918,8.195282521454029,55.07636752871871,0.0,0.0,0.0
2026-01-01 21:56:05,25.81741941162018,80.05074351388039,24.884391309999582,55.07320653618388,0.0,0.0,0.0
2026-01-01 21:56:10,25.84392651639902,79.8089443210869,18.35160802725284,55.13380685007272,0.0,0.0,0.0
2026-01-01 21:56:15,25.85254574372421,79.93069114616405,15.07443803877449,55.19917365431644,0.0,0.0,0.0
2026-01-01 21:56:20,25.81246561867325,79.82708631567236,24.904725957639823,55.0996453750234,0.0,0.0,0.0
2026-01-01 21:56:25,25.7754088066666,79.62235806135172,32.46670468747633,55.144394883530055,0.0,0.0,0.0
2026-01-01 21:56:30,25.850928011370065,79.65745668608358,16.685216887186336,55.08933166056524,0.0,0.0,0.0
2026-01-01 21:56:35,25.846355894016,80.17041684202425,0.0,55.1710629505116,0.0,0.0,0.0
2026-01-01 21:56:40,25.990326222536247,80.14125497342725,42.64750274997466,55.0779516005778,0.0,0.0,0.0
2026-01-01 21:56:45,26.020706607042232,79.98680002889651,0.0,55.11792513816122,0.0,0.0,0.0
2026-01-01 21:56:50,26.09704676321263,79.40341591522805,13.13329001105609,55.09791424386668,0.0,0.0,0.0
2026-01-01 21:56:55,26.1235182303076,79.43782053420271,6.486321518716881,55.14431327102326,0.0,0.0,0.0
2026-01-01 21:57:00,26.16279986476737,79.2414567544618,8.173711470726008,55.125763950498765,0.0,0.0,0.0
2026-01-01 21:57:05,26.145092117469225,79.64259224456036,33.436768965985166,55.05038645476111,0.0,0.0,0.0
2026-01-01 21:57:10,26.104664199220714,79.94013306636066,29.73742430799816,55.15281279400911,0.0,0.0,0.0
2026-01-01 21:57:15,26.140078633991344,80.09484223782997,14.324950075452664,55.19721618755681,0.0,0.0,0.0
2026-01-01 21:57:20,26.10071656491267,80.39687608325046,4.535109650476144,55.14147373514318,0.0,0.0,0.0
2026-01-01 21:57:25,26.12322628377973,80.51288050445777,0.0,55.11569973086685,0.0,0.0,0.0
2026-01-01 21:57:30,26.07736450055932,80.63753301655603,6.126709181485241,55.148827394524815,0.0,0.0,0.0
2026-01-01 21:57:35,26.09252137325789,80.68248152319401,22.95874889637863,55.1738742528998,0.0,0.0,0.0
2026-01-01 21:57:40,26.16125783772312,80.55341646605855,0.0,55.13628919597553,0.0,0.0,0.0
2026-01-01 21:57:45,26.228232475333503,80.680178974719,20.32628297411297,55.12216549918935,0.0,0.0,0.0
2026-01-01 21:57:50,26.30136950915948,80.52682809260138,13.275007310763645,55.0654287759338,0.0,0.0,0.0
2026-01-01 21:57:55,26.34600948802396,80.30725105483155,0.2939817436561736,55.14638042787652,0.0,0.0,0.0
2026-01-01 21:58:00,26.434634654244466,80.6775937453439,10.45256724333882,55.18521228114708,0.0,0.0,0.0
2026-01-01 21:58:05,26.432213838346783,80.63986681487397,8.219150447343276,55.19328925838195,0.0,0.0,0.0
2026-01-01 21:58:10,26.52648914517233,80.95572472595371,28.8143993333224,55.185059566843336,0.0,0.0,0.0
2026-01-01 21:58:15,26.516051352448024,80.92840204335337,18.12876548281433,55.17748819233866,0.0,0.0,0.0
2026-01-01 21:58:20,26.450085193836347,80.5417770447914,12.905379955627748,55.1235927947268,0.0,0.0,0.0
2026-01-01 21:58:25,26.5043924043943,80.74383878450688,25.398718093648974,55.13174201884733,0.0,0.0,0.0
2026-01-01 21:58:30,26.464243530011668,80.49982160355627,12.306301724506438,55.14957609086886,0.0,0.0,0.0
2026-01-01 21:58:35,26.3961594853278,80.3372410606917,8.90848205533092,55.06597592942404,0.0,0.0,0.0
2026-01-01 21:58:40,26.37292664857464,80.63819278618465,19.26935814873005,55.0561845741579,0.0,0.0,0.0
2026-01-01 21:58:45,26.31950253971416,80.85953159160488,29.30424848052497,55.05347492218945,0.0,0.0,0.0
2026-01-01 21:58:50,26.35808099607765,80.77048830275355,21.446239249252308,55.10885164327517,0.0,0.0,0.0
2026-01-01 21:58:55,26.32515483030795,80.77930980977234,33.38133988363745,55.15056432044091,0.0,0.0,0.0
2026-01-01 21:59:00,26.320890847455857,80.76005627178155,16.501658207127573,55.19236086440674,0.0,0.0,0.0
2026-01-01 21:59:05,26.32517467012897,80.81414927591746,1.7420448591266258,55.24214736588439,0.0,0.0,0.0
2026-01-01 21:59:10,26.296079998650004,80.98659021103622,3.656719373539749,55.23371998446065,0.0,0.0,0.0
2026-01-01 21:59:15,26.1964119003032,80.82456625540983,24.533313604748383,55.21168286301571,0.0,0.0,0.0
2026-01-01 21:59:20,26.2050730832254,80.45806550017787,19.69797359988389,55.267485151587046,0.0,0.0,0.0
2026-01-01 21:59:25,26.124457179791943,80.47292860607789,35.833301782825,55.27917729244089,0.0,0.0,0.0
2026-01-01 21:59:30,25.964737765008284,80.39346055199067,19.648523538584524,55.28668505815844,0.0,0.0,0.0
2026-01-01 21:59:35,26.02521383206021,80.5596482743745,9.163140192527916,55.17268335310828,0.0,0.0,0.0
2026-01-01 21:59:40,25.937238614047185,80.4216463691967,38.716793086446685,55.16962951657369,0.0,0.0,0.0
2026-01-01 21:59:45,25.93702665483317,80.13945322143996,32.899143336556165,55.118462080623736,0.0,0.0,0.0
2026-01-01 21:59:50,25.91320864079407,80.18287630876567,9.435735947719046,55.16853878130461,0.0,0.0,0.0
2026-01-01 21:59:55,25.923767662106503,79.8403017641801,12.739047910012628,55.17628197940978,0.0,0.0,0.0
