Timestamp,Temperature,Humidity,Light,Soil_Moisture,Drip,Mist,Fan
2026-04-12 17:00:00,31.2,52.6,146.5,54.0,0.0,0.0,0.0
2026-04-12 17:00:05,31.2,52.6,146.7,54.1,0.0,0.0,0.0
2026-04-12 17:00:10,31.2,52.8,128.9,54.1,0.0,0.0,0.0
2026-04-12 17:00:15,31.3,52.8,167.8,54.0,0.0,0.0,0.0
2026-04-12 17:00:20,31.3,52.8,174.1,54.0,0.0,0.0,0.0
2026-04-12 17:00:25,31.2,52.8,158.4,54.0,0.0,0.0,0.0
2026-04-12 17:00:30,31.0,52.9,157.4,54.1,0.0,0.0,0.0
2026-04-12 17:00:35,31.2,52.8,154.7,54.1,0.0,0.0,0.0
2026-04-12 17:00:40,31.3,52.8,155.8,54.1,0.0,0.0,0.0
2026-04-12 17:00:45,31.2,53.0,143.4,54.0,0.0,0.0,0.0
2026-04-12 17:00:50,31.2,52.9,153.7,54.0,0.0,0.0,0.0
2026-04-12 17:00:55,31.2,52.7,162.2,54.0,0.0,0.0,0.0
2026-04-12 17:01:00,31.2,52.6,152.1,54.0,0.0,0.0,0.0
2026-04-12 17:01:05,31.3,52.6,137.1,54.0,0.0,0.0,0.0
2026-04-12 17:01:10,31.4,52.6,154.8,54.1,0.0,0.0,0.0
2026-04-12 17:01:15,31.2,52.7,170.0,54.1,0.0,0.0,0.0
2026-04-12 17:01:20,31.4,52.8,143.8,54.0,0.0,0.0,0.0
2026-04-12 17:01:25,31.1,52.8,145.4,54.0,0.0,0.0,0.0
2026-04-12 17:01:30,31.2,52.9,152.1,54.0,0.0,0.0,0.0
2026-04-12 17:01:35,31.1,52.8,158.1,54.0,0.0,0.0,0.0
2026-04-12 17:01:40,31.2,52.8,140.2,54.0,0.0,0.0,0.0
2026-04-12 17:01:45,31.2,52.7,156.2,54.1,0.0,0.0,0.0
2026-04-12 17:01:50,31.3,52.6,157.5,54.1,0.0,0.0,0.0
2026-04-12 17:01:55,31.1,52.7,141.3,54.1,0.0,0.0,0.0
2026-04-12 17:02:00,31.3,52.7,131.7,54.1,0.0,0.0,0.0
2026-04-12 17:02:05,31.2,52.6,146.6,54.1,0.0,0.0,0.0
2026-04-12 17:02:10,31.1,52.7,140.2,54.0,0.0,0.0,0.0
2026-04-12 17:02:15,31.2,52.7,159.0,54.0,0.0,0.0,0.0
2026-04-12 17:02:20,31.0,52.6,141.9,54.0,0.0,0.0,0.0
2026-04-12 17:02:25,31.3,52.8,129.5,54.0,0.0,0.0,0.0
2026-04-12 17:02:30,31.2,52.9,152.9,54.0,0.0,0.0,0.0
2026-04-12 17:02:35,31.3,53.0,138.4,54.1,0.0,0.0,0.0
2026-04-12 17:02:40,31.2,53.1,144.0,54.1,0.0,0.0,0.0
2026-04-12 17:02:45,31.2,52.9,154.6,54.0,0.0,0.0,0.0
2026-04-12 17:02:50,31.3,52.9,148.7,54.0,0.0,0.0,0.0
2026-04-12 17:02:55,31.1,53.0,156.8,54.0,0.0,0.0,0.0
2026-04-12 17:03:00,31.3,53.0,144.4,54.0,0.0,0.0,0.0
2026-04-12 17:03:05,31.2,52.9,136.2,54.0,0.0,0.0,0.0
2026-04-12 17:03:10,31.1,52.9,154.0,54.1,0.0,0.0,0.0
2026-04-12 17:03:15,31.3,53.0,145.2,54.1,0.0,0.0,0.0
2026-04-12 17:03:20,31.2,53.0,147.4,54.1,0.0,0.0,0.0
2026-04-12 17:03:25,31.2,53.0,126.5,54.1,0.0,0.0,0.0
2026-04-12 17:03:30,31.2,53.0,143.2,54.1,0.0,0.0,0.0
2026-04-12 17:03:35,31.2,53.0,154.9,54.0,0.0,0.0,0.0
2026-04-12 17:03:40,31.2,53.0,133.6,54.0,0.0,0.0,0.0
2026-04-12 17:03:45,31.2,53.2,144.0,54.0,0.0,0.0,0.0
2026-04-12 17:03:50,31.3,53.3,146.5,54.1,0.0,0.0,0.0
2026-04-12 17:03:55,31.0,53.2,141.0,54.1,0.0,0.0,0.0
2026-04-12 17:04:00,31.2,53.2,127.6,54.0,0.0,0.0,0.0
2026-04-12 17:04:05,31.2,53.1,127.3,54.0,0.0,0.0,0.0
2026-04-12 17:04:10,31.0,53.1,151.5,54.0,0.0,0.0,0.0
2026-04-12 17:04:15,31.3,53.1,137.3,54.0,0.0,0.0,0.0
2026-04-12 17:04:20,31.3,53.2,139.1,54.0,0.0,0.0,0.0
2026-04-12 17:04:25,31.1,53.4,125.9,54.0,0.0,0.0,0.0
2026-04-12 17:04:30,31.1,53.3,138.3,54.0,0.0,0.0,0.0
2026-04-12 17:04:35,31.1,53.2,126.9,54.0,0.0,0.0,0.0
2026-04-12 17:04:40,31.1,53.3,151.8,54.0,0.0,0.0,0.0
2026-04-12 17:04:45,31.2,53.4,127.6,54.0,0.0,0.0,0.0
2026-04-12 17:04:50,31.1,53.4,154.1,54.0,0.0,0.0,0.0
2026-04-12 17:04:55,31.2,53.4,131.3,54.0,0.0,0.0,0.0
2026-04-12 17:05:00,31.3,53.5,142.7,54.0,0.0,0.0,0.0
2026-04-12 17:05:05,31.2,53.5,133.2,54.0,0.0,0.0,0.0
2026-04-12 17:05:10,31.2,53.5,129.5,54.1,0.0,0.0,0.0
2026-04-12 17:05:15,31.4,53.5,142.3,54.1,0.0,0.0,0.0
2026-04-12 17:05:20,31.1,53.4,132.6,54.1,0.0,0.0,0.0
2026-04-12 17:05:25,31.1,53.3,121.8,54.1,0.0,0.0,0.0
2026-04-12 17:05:30,31.1,53.2,149.0,54.0,0.0,0.0,0.0
2026-04-12 17:05:35,31.4,53.3,140.1,54.0,0.0,0.0,0.0
2026-04-12 17:05:40,31.3,53.3,125.0,54.0,0.0,0.0,0.0
2026-04-12 17:05:45,31.3,53.4,135.7,54.0,0.0,0.0,0.0
2026-04-12 17:05:50,31.1,53.4,147.0,54.0,0.0,0.0,0.0
2026-04-12 17:05:55,31.2,53.2,149.1,54.0,0.0,0.0,0.0
2026-04-12 17:06:00,31.1,53.2,128.0,54.0,0.0,0.0,0.0
2026-04-12 17:06:05,31.2,53.1,140.5,54.0,0.0,0.0,0.0
2026-04-12 17:06:10,31.2,53.0,129.0,54.0,0.0,0.0,0.0
2026-04-12 17:06:15,31.3,53.0,123.0,54.0,0.0,0.0,0.0
2026-04-12 17:06:20,31.0,52.9,132.2,54.0,0.0,0.0,0.0
2026-04-12 17:06:25,31.2,52.9,137.2,54.0,0.0,0.0,0.0
2026-04-12 17:06:30,31.2,53.0,143.0,54.0,0.0,0.0,0.0
2026-04-12 17:06:35,31.3,53.0,145.1,54.0,0.0,0.0,0.0
2026-04-12 17:06:40,31.3,53.0,135.7,54.0,0.0,0.0,0.0
2026-04-12 17:06:45,31.1,52.9,117.2,54.0,0.0,0.0,0.0
2026-04-12 17:06:50,31.4,53.0,136.2,54.0,0.0,0.0,0.0
2026-04-12 17:06:55,31.3,53.0,117.2,54.0,0.0,0.0,0.0
2026-04-12 17:07:00,31.3,52.9,138.5,54.0,0.0,0.0,0.0
2026-04-12 17:07:05,31.3,53.0,124.7,54.0,0.0,0.0,0.0
2026-04-12 17:07:10,31.1,52.9,127.3,54.0,0.0,0.0,0.0
2026-04-12 17:07:15,31.2,53.0,140.3,54.0,0.0,0.0,0.0
2026-04-12 17:07:20,31.2,53.0,135.4,54.0,0.0,0.0,0.0
2026-04-12 17:07:25,31.3,53.0,129.5,54.0,0.0,0.0,0.0
2026-04-12 17:07:30,31.3,53.0,137.4,54.0,0.0,0.0,0.0
2026-04-12 17:07:35,31.4,53.0,137.2,54.0,0.0,0.0,0.0
2026-04-12 17:07:40,31.2,53.0,126.5,54.0,0.0,0.0,0.0
2026-04-12 17:07:45,31.2,52.9,127.7,54.0,0.0,0.0,0.0
2026-04-12 17:07:50,31.2,52.9,142.3,54.0,0.0,0.0,0.0
2026-04-12 17:07:55,31.0,53.0,129.1,54.0,0.0,0.0,0.0
2026-04-12 17:08:00,31.2,53.0,132.5,54.0,0.0,0.0,0.0
2026-04-12 17:08:05,31.2,53.1,138.3,54.0,0.0,0.0,0.0
2026-04-12 17:08:10,31.3,52.9,116.7,54.0,0.0,0.0,0.0
2026-04-12 17:08:15,31.2,52.9,127.4,54.0,0.0,0.0,0.0
2026-04-12 17:08:20,31.2,53.0,128.7,54.0,0.0,0.0,0.0
2026-04-12 17:08:25,31.1,53.0,119.4,54.0,0.0,0.0,0.0
2026-04-12 17:08:30,31.2,53.0,140.9,54.0,0.0,0.0,0.0
2026-04-12 17:08:35,31.3,52.9,132.6,54.0,0.0,0.0,0.0
2026-04-12 17:08:40,31.3,53.0,149.7,54.0,0.0,0.0,0.0
2026-04-12 17:08:45,31.2,53.0,145.7,54.0,0.0,0.0,0.0
2026-04-12 17:08:50,31.2,52.9,136.0,54.0,0.0,0.0,0.0
2026-04-12 17:08:55,31.3,52.9,123.4,54.0,0.0,0.0,0.0
2026-04-12 17:09:00,31.2,53.1,125.0,54.0,0.0,0.0,0.0
2026-04-12 17:09:05,31.4,53.1,129.1,54.0,0.0,0.0,0.0
2026-04-12 17:09:10,31.3,53.3,99.7,54.0,0.0,0.0,0.0
2026-04-12 17:09:15,31.1,53.3,144.2,54.0,0.0,0.0,0.0
2026-04-12 17:09:20,31.3,53.2,123.9,54.0,0.0,0.0,0.0
2026-04-12 17:09:25,31.2,53.3,113.3,54.0,0.0,0.0,0.0
2026-04-12 17:09:30,31.3,53.2,120.8,54.0,0.0,0.0,0.0
2026-04-12 17:09:35,31.3,53.0,124.1,54.0,0.0,0.0,0.0
2026-04-12 17:09:40,31.3,53.1,128.5,54.0,0.0,0.0,0.0
2026-04-12 17:09:45,31.3,53.2,122.3,54.0,0.0,0.0,0.0
2026-04-12 17:09:50,31.3,53.0,132.9,54.0,0.0,0.0,0.0
2026-04-12 17:09:55,31.1,53.2,141.6,54.0,0.0,0.0,0.0
2026-04-12 17:10:00,31.2,53.2,146.2,54.0,0.0,0.0,0.0
2026-04-12 17:10:05,31.2,53.2,129.1,54.0,0.0,0.0,0.0
2026-04-12 17:10:10,31.3,53.0,128.1,54.1,0.0,0.0,0.0
2026-04-12 17:10:15,31.3,53.2,123.2,54.1,0.0,0.0,0.0
2026-04-12 17:10:20,31.3,53.1,125.4,54.1,0.0,0.0,0.0
2026-04-12 17:10:25,31.2,53.1,120.4,54.0,0.0,0.0,0.0
2026-04-12 17:10:30,31.2,53.1,133.3,54.0,0.0,0.0,0.0
2026-04-12 17:10:35,31.2,53.1,121.6,54.0,0.0,0.0,0.0
2026-04-12 17:10:40,31.3,52.9,122.5,54.0,0.0,0.0,0.0
2026-04-12 17:10:45,31.2,53.0,109.9,54.0,0.0,0.0,0.0
2026-04-12 17:10:50,31.0,53.0,128.7,54.1,0.0,0.0,0.0
2026-04-12 17:10:55,31.2,52.9,122.8,54.1,0.0,0.0,0.0
2026-04-12 17:11:00,31.1,53.0,120.5,54.1,0.0,0.0,0.0
2026-04-12 17:11:05,31.3,52.9,121.7,54.1,0.0,0.0,0.0
2026-04-12 17:11:10,31.1,52.9,138.3,54.1,0.0,0.0,0.0
2026-04-12 17:11:15,31.2,52.9,136.0,54.1,0.0,0.0,0.0
2026-04-12 17:11:20,31.1,52.9,129.4,54.1,0.0,0.0,0.0
2026-04-12 17:11:25,31.2,52.9,115.4,54.1,0.0,0.0,0.0
2026-04-12 17:11:30,31.2,52.8,139.2,54.1,0.0,0.0,0.0
2026-04-12 17:11:35,31.2,52.8,122.7,54.1,0.0,0.0,0.0
2026-04-12 17:11:40,31.1,52.9,128.7,54.0,0.0,0.0,0.0
2026-04-12 17:11:45,31.1,53.0,134.5,54.0,0.0,0.0,0.0
2026-04-12 17:11:50,31.3,53.0,123.2,54.0,0.0,0.0,0.0
2026-04-12 17:11:55,31.2,53.1,104.9,54.0,0.0,0.0,0.0
2026-04-12 17:12:00,31.2,53.0,110.8,54.0,0.0,0.0,0.0
2026-04-12 17:12:05,31.2,53.1,104.1,54.0,0.0,0.0,0.0
2026-04-12 17:12:10,31.2,53.2,117.4,54.0,0.0,0.0,0.0
2026-04-12 17:12:15,31.3,53.3,115.4,54.0,0.0,0.0,0.0
2026-04-12 17:12:20,31.2,53.3,123.7,54.0,0.0,0.0,0.0
2026-04-12 17:12:25,31.1,53.3,107.1,54.0,0.0,0.0,0.0
2026-04-12 17:12:30,31.0,53.4,118.2,54.0,0.0,0.0,0.0
2026-04-12 17:12:35,31.2,53.2,114.6,54.0,0.0,0.0,0.0
2026-04-12 17:12:40,31.1,53.3,129.5,54.0,0.0,0.0,0.0
2026-04-12 17:12:45,31.2,53.3,106.5,54.0,0.0,0.0,0.0
2026-04-12 17:12:50,31.3,53.3,103.4,54.0,0.0,0.0,0.0
2026-04-12 17:12:55,31.2,53.3,108.8,54.1,0.0,0.0,0.0
2026-04-12 17:13:00,31.2,53.3,114.8,54.1,0.0,0.0,0.0
2026-04-12 17:13:05,31.3,53.4,117.1,54.1,0.0,0.0,0.0
2026-04-12 17:13:10,31.3,53.3,130.5,54.1,0.0,0.0,0.0
2026-04-12 17:13:15,31.3,53.2,113.9,54.1,0.0,0.0,0.0
2026-04-12 17:13:20,31.3,53.4,118.5,54.1,0.0,0.0,0.0
2026-04-12 17:13:25,31.1,53.5,122.1,54.1,0.0,0.0,0.0
2026-04-12 17:13:30,31.2,53.7,119.4,54.0,0.0,0.0,0.0
2026-04-12 17:13:35,31.1,53.9,118.7,54.0,0.0,0.0,0.0
2026-04-12 17:13:40,31.2,53.9,98.7,54.0,0.0,0.0,0.0
2026-04-12 17:13:45,31.2,54.1,125.9,54.0,0.0,0.0,0.0
2026-04-12 17:13:50,31.1,54.0,114.0,54.0,0.0,0.0,0.0
2026-04-12 17:13:55,31.1,54.0,111.7,54.0,0.0,0.0,0.0
2026-04-12 17:14:00,31.2,54.1,115.9,54.0,0.0,0.0,0.0
2026-04-12 17:14:05,31.2,53.9,121.4,54.0,0.0,0.0,0.0
2026-04-12 17:14:10,31.2,54.0,114.7,54.0,0.0,0.0,0.0
2026-04-12 17:14:15,31.2,54.0,105.4,54.0,0.0,0.0,0.0
2026-04-12 17:14:20,31.1,54.0,121.0,54.0,0.0,0.0,0.0
2026-04-12 17:14:25,31.2,54.1,100.8,54.0,0.0,0.0,0.0
2026-04-12 17:14:30,31.3,54.2,108.8,54.0,0.0,0.0,0.0
2026-04-12 17:14:35,31.3,54.1,104.3,54.0,0.0,0.0,0.0
2026-04-12 17:14:40,31.2,54.1,104.5,54.0,0.0,0.0,0.0
2026-04-12 17:14:45,31.0,54.2,89.4,54.0,0.0,0.0,0.0
2026-04-12 17:14:50,31.2,54.2,116.7,54.0,0.0,0.0,0.0
2026-04-12 17:14:55,31.4,54.2,104.5,54.0,0.0,0.0,0.0
2026-04-12 17:15:00,31.2,54.2,101.0,54.0,0.0,0.0,0.0
2026-04-12 17:15:05,31.3,54.2,117.9,54.0,0.0,0.0,0.0
2026-04-12 17:15:10,31.3,54.2,96.0,54.0,0.0,0.0,0.0
2026-04-12 17:15:15,31.1,54.2,129.8,54.0,0.0,0.0,0.0
2026-04-12 17:15:20,31.2,54.1,111.8,54.0,0.0,0.0,0.0
2026-04-12 17:15:25,31.2,54.1,113.7,54.0,0.0,0.0,0.0
2026-04-12 17:15:30,31.2,54.2,103.9,54.1,0.0,0.0,0.0
2026-04-12 17:15:35,31.1,54.1,126.7,54.1,0.0,0.0,0.0
2026-04-12 17:15:40,31.3,54.0,101.1,54.1,0.0,0.0,0.0
2026-04-12 17:15:45,31.2,54.1,112.4,54.1,0.0,0.0,0.0
2026-04-12 17:15:50,31.2,53.9,111.6,54.1,0.0,0.0,0.0
2026-04-12 17:15:55,31.1,54.0,104.5,54.1,0.0,0.0,0.0
2026-04-12 17:16:00,31.2,54.0,111.7,54.0,0.0,0.0,0.0
2026-04-12 17:16:05,31.2,54.1,113.8,54.0,0.0,0.0,0.0
2026-04-12 17:16:10,31.2,54.0,109.0,54.0,0.0,0.0,0.0
2026-04-12 17:16:15,31.2,54.0,108.9,54.0,0.0,0.0,0.0
2026-04-12 17:16:20,31.2,54.0,110.0,54.0,0.0,0.0,0.0
2026-04-12 17:16:25,31.2,54.0,123.5,54.0,0.0,0.0,0.0
2026-04-12 17:16:30,31.0,54.0,120.2,54.0,0.0,0.0,0.0
2026-04-12 17:16:35,31.4,54.0,103.1,54.0,0.0,0.0,0.0
2026-04-12 17:16:40,31.2,54.0,101.6,54.0,0.0,0.0,0.0
2026-04-12 17:16:45,31.1,54.0,130.9,54.0,0.0,0.0,0.0
2026-04-12 17:16:50,31.0,53.9,108.7,54.0,0.0,0.0,0.0
2026-04-12 17:16:55,31.1,53.8,100.0,54.0,0.0,0.0,0.0
2026-04-12 17:17:00,31.3,53.7,105.2,54.0,0.0,0.0,0.0
2026-04-12 17:17:05,31.0,53.8,127.3,54.0,0.0,0.0,0.0
2026-04-12 17:17:10,31.1,53.8,117.2,54.0,0.0,0.0,0.0
2026-04-12 17:17:15,31.2,54.0,102.1,54.0,0.0,0.0,0.0
2026-04-12 17:17:20,31.0,53.9,113.0,54.0,0.0,0.0,0.0
2026-04-12 17:17:25,31.1,54.0,98.6,54.0,0.0,0.0,0.0
2026-04-12 17:17:30,31.2,54.0,127.1,54.0,0.0,0.0,0.0
2026-04-12 17:17:35,31.1,54.0,88.8,54.0,0.0,0.0,0.0
2026-04-12 17:17:40,31.3,53.9,103.9,54.0,0.0,0.0,0.0
2026-04-12 17:17:45,31.2,53.9,117.2,54.0,0.0,0.0,0.0
2026-04-12 17:17:50,31.1,54.0,97.2,54.0,0.0,0.0,0.0
2026-04-12 17:17:55,31.2,54.1,92.0,54.0,0.0,0.0,0.0
2026-04-12 17:18:00,31.0,54.1,111.7,54.0,0.0,0.0,0.0
2026-04-12 17:18:05,31.0,54.2,118.8,54.0,0.0,0.0,0.0
2026-04-12 17:18:10,31.2,54.2,99.9,54.0,0.0,0.0,0.0
2026-04-12 17:18:15,31.1,54.1,110.8,54.0,0.0,0.0,0.0
2026-04-12 17:18:20,31.0,54.1,111.5,54.0,0.0,0.0,0.0
2026-04-12 17:18:25,31.1,54.3,111.8,54.0,0.0,0.0,0.0
2026-04-12 17:18:30,31.1,54.3,95.9,53.9,0.0,0.0,0.0
2026-04-12 17:18:35,31.1,54.2,112.9,53.9,0.0,0.0,0.0
2026-04-12 17:18:40,31.1,54.4,95.7,54.0,0.0,0.0,0.0
2026-04-12 17:18:45,31.1,54.5,86.0,54.0,0.0,0.0,0.0
2026-04-12 17:18:50,31.1,54.5,104.9,54.0,0.0,0.0,0.0
2026-04-12 17:18:55,31.0,54.6,96.2,54.0,0.0,0.0,0.0
2026-04-12 17:19:00,31.1,54.7,104.8,54.0,0.0,0.0,0.0
2026-04-12 17:19:05,31.1,54.6,97.5,54.0,0.0,0.0,0.0
2026-04-12 17:19:10,31.2,54.5,102.3,54.0,0.0,0.0,0.0
2026-04-12 17:19:15,31.1,54.4,73.5,54.0,0.0,0.0,0.0
2026-04-12 17:19:20,31.1,54.4,100.5,54.0,0.0,0.0,0.0
2026-04-12 17:19:25,31.1,54.4,91.3,54.0,0.0,0.0,0.0
2026-04-12 17:19:30,31.1,54.5,86.8,54.0,0.0,0.0,0.0
2026-04-12 17:19:35,31.0,54.4,104.8,54.0,0.0,0.0,0.0
2026-04-12 17:19:40,31.3,54.3,92.1,54.0,0.0,0.0,0.0
2026-04-12 17:19:45,31.2,54.4,90.2,54.0,0.0,0.0,0.0
2026-04-12 17:19:50,31.0,54.4,89.5,54.0,0.0,0.0,0.0
2026-04-12 17:19:55,31.2,54.4,86.1,54.0,0.0,0.0,0.0
2026-04-12 17:20:00,31.0,54.4,103.1,54.0,0.0,0.0,0.0
2026-04-12 17:20:05,31.0,54.5,100.5,54.0,0.0,0.0,0.0
2026-04-12 17:20:10,31.1,54.5,92.7,54.0,0.0,0.0,0.0
2026-04-12 17:20:15,31.2,54.7,102.1,54.0,0.0,0.0,0.0
2026-04-12 17:20:20,31.3,54.6,93.0,54.0,0.0,0.0,0.0
2026-04-12 17:20:25,31.2,54.6,94.5,54.0,0.0,0.0,0.0
2026-04-12 17:20:30,31.0,54.7,88.5,54.0,0.0,0.0,0.0
2026-04-12 17:20:35,31.1,54.7,101.8,54.0,0.0,0.0,0.0
2026-04-12 17:20:40,31.0,54.7,110.4,54.0,0.0,0.0,0.0
2026-04-12 17:20:45,30.9,54.7,85.2,54.0,0.0,0.0,0.0
2026-04-12 17:20:50,31.1,54.7,130.9,54.0,0.0,0.0,0.0
2026-04-12 17:20:55,31.1,54.7,105.3,54.0,0.0,0.0,0.0
2026-04-12 17:21:00,31.2,54.6,99.5,54.0,0.0,0.0,0.0
2026-04-12 17:21:05,31.1,54.6,83.5,54.0,0.0,0.0,0.0
2026-04-12 17:21:10,31.1,54.7,105.8,54.0,0.0,0.0,0.0
2026-04-12 17:21:15,31.1,54.7,121.9,54.0,0.0,0.0,0.0
2026-04-12 17:21:20,31.1,54.7,87.5,54.0,0.0,0.0,0.0
2026-04-12 17:21:25,31.0,54.8,86.3,54.0,0.0,0.0,0.0
2026-04-12 17:21:30,31.1,54.8,109.4,54.0,0.0,0.0,0.0
2026-04-12 17:21:35,31.2,54.7,93.9,54.0,0.0,0.0,0.0
2026-04-12 17:21:40,31.1,54.6,89.5,54.0,0.0,0.0,0.0
2026-04-12 17:21:45,31.1,54.6,86.6,54.0,0.0,0.0,0.0
2026-04-12 17:21:50,31.1,54.6,93.3,54.0,0.0,0.0,0.0
2026-04-12 17:21:55,31.1,54.7,83.8,54.0,0.0,0.0,0.0
2026-04-12 17:22:00,31.2,54.7,98.9,54.0,0.0,0.0,0.0
2026-04-12 17:22:05,31.1,54.8,96.5,54.0,0.0,0.0,0.0
2026-04-12 17:22:10,31.2,54.8,82.9,54.0,0.0,0.0,0.0
2026-04-12 17:22:15,31.2,54.8,99.4,54.0,0.0,0.0,0.0
2026-04-12 17:22:20,31.1,54.7,90.0,54.0,0.0,0.0,0.0
2026-04-12 17:22:25,31.1,54.7,88.5,54.0,0.0,0.0,0.0
2026-04-12 17:22:30,31.2,54.7,96.1,54.0,0.0,0.0,0.0
2026-04-12 17:22:35,31.2,54.8,87.6,54.0,0.0,0.0,0.0
2026-04-12 17:22:40,31.1,54.9,99.6,54.0,0.0,0.0,0.0
2026-04-12 17:22:45,31.2,55.0,96.1,54.0,0.0,0.0,0.0
2026-04-12 17:22:50,31.2,55.0,81.3,54.0,0.0,0.0,0.0
2026-04-12 17:22:55,30.9,54.9,75.7,54.0,0.0,0.0,0.0
2026-04-12 17:23:00,31.2,55.0,89.9,54.0,0.0,0.0,0.0
2026-04-12 17:23:05,31.1,55.2,89.9,54.0,0.0,0.0,0.0
2026-04-12 17:23:10,31.1,55.2,92.4,54.0,0.0,0.0,0.0
2026-04-12 17:23:15,31.0,55.3,93.7,53.9,0.0,0.0,0.0
2026-04-12 17:23:20,31.1,55.3,93.5,53.9,0.0,0.0,0.0
2026-04-12 17:23:25,31.1,55.3,101.3,53.9,0.0,0.0,0.0
2026-04-12 17:23:30,31.0,55.2,87.7,53.9,0.0,0.0,0.0
2026-04-12 17:23:35,31.1,55.3,83.6,54.0,0.0,0.0,0.0
2026-04-12 17:23:40,31.0,55.4,107.8,54.0,0.0,0.0,0.0
2026-04-12 17:23:45,31.0,55.2,93.2,54.0,0.0,0.0,0.0
2026-04-12 17:23:50,31.1,55.3,91.3,54.0,0.0,0.0,0.0
2026-04-12 17:23:55,31.1,55.2,85.6,54.0,0.0,0.0,0.0
2026-04-12 17:24:00,30.9,55.2,106.1,54.0,0.0,0.0,0.0
2026-04-12 17:24:05,31.1,55.2,77.2,54.0,0.0,0.0,0.0
2026-04-12 17:24:10,31.1,55.0,97.8,54.0,0.0,0.0,0.0
2026-04-12 17:24:15,31.0,54.9,73.4,54.0,0.0,0.0,0.0
2026-04-12 17:24:20,31.0,55.0,107.1,54.0,0.0,0.0,0.0
2026-04-12 17:24:25,31.1,55.0,73.8,54.0,0.0,0.0,0.0
2026-04-12 17:24:30,31.1,55.2,85.8,54.0,0.0,0.0,0.0
2026-04-12 17:24:35,31.2,55.2,91.1,54.0,0.0,0.0,0.0
2026-04-12 17:24:40,31.0,55.2,100.8,54.0,0.0,0.0,0.0
2026-04-12 17:24:45,31.0,55.1,107.6,54.0,0.0,0.0,0.0
2026-04-12 17:24:50,31.1,55.0,83.2,54.0,0.0,0.0,0.0
2026-04-12 17:24:55,31.0,55.1,98.3,53.9,0.0,0.0,0.0
2026-04-12 17:25:00,31.1,55.1,88.2,53.9,0.0,0.0,0.0
2026-04-12 17:25:05,31.0,55.1,92.7,53.9,0.0,0.0,0.0
2026-04-12 17:25:10,31.1,55.1,84.2,53.9,0.0,0.0,0.0
2026-04-12 17:25:15,31.1,55.1,84.6,53.9,0.0,0.0,0.0
2026-04-12 17:25:20,31.0,55.3,92.5,53.9,0.0,0.0,0.0
2026-04-12 17:25:25,31.0,55.1,77.6,53.9,0.0,0.0,0.0
2026-04-12 17:25:30,31.2,55.0,73.5,53.9,0.0,0.0,0.0
2026-04-12 17:25:35,31.0,55.1,80.4,53.9,0.0,0.0,0.0
2026-04-12 17:25:40,31.2,55.1,85.4,53.9,0.0,0.0,0.0
2026-04-12 17:25:45,31.1,55.3,86.5,53.9,0.0,0.0,0.0
2026-04-12 17:25:50,31.2,55.3,97.7,53.9,0.0,0.0,0.0
2026-04-12 17:25:55,31.0,55.3,82.2,53.9,0.0,0.0,0.0
2026-04-12 17:26:00,30.9,55.4,84.3,53.9,0.0,0.0,0.0
2026-04-12 17:26:05,31.1,55.5,73.4,53.9,0.0,0.0,0.0
2026-04-12 17:26:10,31.0,55.4,73.7,53.9,0.0,0.0,0.0
2026-04-12 17:26:15,31.0,55.4,93.5,53.9,0.0,0.0,0.0
2026-04-12 17:26:20,31.0,55.4,82.7,53.9,0.0,0.0,0.0
2026-04-12 17:26:25,31.0,55.4,77.5,53.9,0.0,0.0,0.0
2026-04-12 17:26:30,30.8,55.6,66.8,53.9,0.0,0.0,0.0
2026-04-12 17:26:35,31.0,55.6,78.5,53.9,0.0,0.0,0.0
2026-04-12 17:26:40,31.0,55.6,73.6,53.9,0.0,0.0,0.0
2026-04-12 17:26:45,31.1,55.7,76.1,53.9,0.0,0.0,0.0
2026-04-12 17:26:50,31.1,55.7,74.2,53.9,0.0,0.0,0.0
2026-04-12 17:26:55,31.1,55.5,71.3,53.9,0.0,0.0,0.0
2026-04-12 17:27:00,31.0,55.5,93.5,53.9,0.0,0.0,0.0
2026-04-12 17:27:05,30.9,55.3,87.1,53.9,0.0,0.0,0.0
2026-04-12 17:27:10,31.0,55.4,60.3,53.9,0.0,0.0,0.0
2026-04-12 17:27:15,31.0,55.5,76.5,53.9,0.0,0.0,0.0
2026-04-12 17:27:20,31.0,55.4,61.0,53.9,0.0,0.0,0.0
2026-04-12 17:27:25,31.1,55.5,88.6,53.9,0.0,0.0,0.0
2026-04-12 17:27:30,30.9,55.5,82.1,53.9,0.0,0.0,0.0
2026-04-12 17:27:35,31.0,55.5,65.1,53.9,0.0,0.0,0.0
2026-04-12 17:27:40,31.0,55.6,80.7,53.9,0.0,0.0,0.0
2026-04-12 17:27:45,30.9,55.6,63.5,53.9,0.0,0.0,0.0
2026-04-12 17:27:50,30.9,55.6,80.0,53.9,0.0,0.0,0.0
2026-04-12 17:27:55,30.9,55.5,69.4,53.9,0.0,0.0,0.0
2026-04-12 17:28:00,31.0,55.4,66.2,53.9,0.0,0.0,0.0
2026-04-12 17:28:05,31.0,55.4,87.9,53.9,0.0,0.0,0.0
2026-04-12 17:28:10,31.0,55.4,72.7,53.9,0.0,0.0,0.0
2026-04-12 17:28:15,30.9,55.4,85.7,53.9,0.0,0.0,0.0
2026-04-12 17:28:20,31.0,55.4,65.3,53.9,0.0,0.0,0.0
2026-04-12 17:28:25,31.0,55.4,81.7,53.9,0.0,0.0,0.0
2026-04-12 17:28:30,31.0,55.3,58.2,53.9,0.0,0.0,0.0
2026-04-12 17:28:35,30.9,55.1,76.8,53.9,0.0,0.0,0.0
2026-04-12 17:28:40,31.0,55.1,70.4,53.9,0.0,0.0,0.0
2026-04-12 17:28:45,30.9,55.2,88.9,53.9,0.0,0.0,0.0
2026-04-12 17:28:50,31.0,55.2,87.2,53.9,0.0,0.0,0.0
2026-04-12 17:28:55,31.0,55.4,88.9,53.9,0.0,0.0,0.0
2026-04-12 17:29:00,30.9,55.4,76.6,53.9,0.0,0.0,0.0
2026-04-12 17:29:05,31.0,55.5,60.0,53.9,0.0,0.0,0.0
2026-04-12 17:29:10,31.0,55.6,80.3,53.9,0.0,0.0,0.0
2026-04-12 17:29:15,31.1,55.6,70.1,53.9,0.0,0.0,0.0
2026-04-12 17:29:20,30.8,55.7,58.3,53.9,0.0,0.0,0.0
2026-04-12 17:29:25,30.9,55.8,79.2,53.9,0.0,0.0,0.0
2026-04-12 17:29:30,30.8,55.9,96.3,53.9,0.0,0.0,0.0
2026-04-12 17:29:35,30.8,55.9,65.4,53.9,0.0,0.0,0.0
2026-04-12 17:29:40,31.0,55.9,84.8,53.9,0.0,0.0,0.0
2026-04-12 17:29:45,30.9,55.9,48.8,53.9,0.0,0.0,0.0
2026-04-12 17:29:50,30.9,55.9,70.6,53.9,0.0,0.0,0.0
2026-04-12 17:29:55,30.9,55.7,62.2,53.9,0.0,0.0,0.0
2026-04-12 17:30:00,31.0,55.7,54.8,53.9,0.0,0.0,0.0
2026-04-12 17:30:05,31.0,55.6,77.2,53.9,0.0,0.0,0.0
2026-04-12 17:30:10,30.9,55.6,52.3,53.9,0.0,0.0,0.0
2026-04-12 17:30:15,30.9,55.5,69.5,53.9,0.0,0.0,0.0
2026-04-12 17:30:20,30.9,55.5,73.5,53.9,0.0,0.0,0.0
2026-04-12 17:30:25,31.0,55.4,81.5,53.9,0.0,0.0,0.0
2026-04-12 17:30:30,31.0,55.4,68.9,53.9,0.0,0.0,0.0
2026-04-12 17:30:35,31.0,55.4,71.7,53.9,0.0,0.0,0.0
2026-04-12 17:30:40,30.9,55.4,86.1,53.9,0.0,0.0,0.0
2026-04-12 17:30:45,31.0,55.4,59.0,53.9,0.0,0.0,0.0
2026-04-12 17:30:50,31.1,55.3,64.5,53.9,0.0,0.0,0.0
2026-04-12 17:30:55,30.8,55.5,57.8,53.9,0.0,0.0,0.0
2026-04-12 17:31:00,31.0,55.4,66.8,53.9,0.0,0.0,0.0
2026-04-12 17:31:05,31.0,55.3,63.5,53.9,0.0,0.0,0.0
2026-04-12 17:31:10,31.1,55.4,67.5,53.9,0.0,0.0,0.0
2026-04-12 17:31:15,31.0,55.3,67.9,53.9,0.0,0.0,0.0
2026-04-12 17:31:20,30.9,55.2,68.3,53.9,0.0,0.0,0.0
2026-04-12 17:31:25,30.9,55.2,59.1,53.9,0.0,0.0,0.0
2026-04-12 17:31:30,31.0,55.2,66.9,53.9,0.0,0.0,0.0
2026-04-12 17:31:35,30.9,55.2,60.8,53.9,0.0,0.0,0.0
2026-04-12 17:31:40,31.1,55.3,59.0,53.9,0.0,0.0,0.0
2026-04-12 17:31:45,31.0,55.4,63.7,53.9,0.0,0.0,0.0
2026-04-12 17:31:50,31.0,55.4,76.6,53.9,0.0,0.0,0.0
2026-04-12 17:31:55,31.0,55.3,68.6,53.9,0.0,0.0,0.0
2026-04-12 17:32:00,31.1,55.4,74.7,53.9,0.0,0.0,0.0
2026-04-12 17:32:05,31.1,55.4,78.1,53.9,0.0,0.0,0.0
2026-04-12 17:32:10,31.0,55.5,77.2,53.9,0.0,0.0,0.0
2026-04-12 17:32:15,30.8,55.7,53.1,53.9,0.0,0.0,0.0
2026-04-12 17:32:20,31.1,55.7,75.0,53.9,0.0,0.0,0.0
2026-04-12 17:32:25,31.1,55.8,71.5,53.9,0.0,0.0,0.0
2026-04-12 17:32:30,31.1,55.9,71.9,53.9,0.0,0.0,0.0
2026-04-12 17:32:35,30.9,55.9,65.5,53.9,0.0,0.0,0.0
2026-04-12 17:32:40,30.9,55.9,67.2,53.9,0.0,0.0,0.0
2026-04-12 17:32:45,31.0,56.2,70.7,53.9,0.0,0.0,0.0
2026-04-12 17:32:50,31.0,56.2,68.8,53.9,0.0,0.0,0.0
2026-04-12 17:32:55,31.0,56.1,62.4,53.9,0.0,0.0,0.0
2026-04-12 17:33:00,31.1,56.1,76.9,53.9,0.0,0.0,0.0
2026-04-12 17:33:05,31.0,56.0,50.6,53.9,0.0,0.0,0.0
2026-04-12 17:33:10,30.9,55.9,51.9,53.9,0.0,0.0,0.0
2026-04-12 17:33:15,31.0,56.0,65.1,53.9,0.0,0.0,0.0
2026-04-12 17:33:20,30.9,56.0,68.9,53.9,0.0,0.0,0.0
2026-04-12 17:33:25,30.9,56.1,47.3,53.9,0.0,0.0,0.0
2026-04-12 17:33:30,31.1,56.0,77.6,53.9,0.0,0.0,0.0
2026-04-12 17:33:35,31.0,55.9,53.9,53.8,0.0,0.0,0.0
2026-04-12 17:33:40,30.9,55.7,71.6,53.8,0.0,0.0,0.0
2026-04-12 17:33:45,30.9,55.9,60.5,53.9,0.0,0.0,0.0
2026-04-12 17:33:50,30.8,56.0,55.3,53.9,0.0,0.0,0.0
2026-04-12 17:33:55,30.9,56.0,54.7,53.9,0.0,0.0,0.0
2026-04-12 17:34:00,31.0,55.9,63.4,53.9,0.0,0.0,0.0
2026-04-12 17:34:05,30.8,55.9,72.4,53.9,0.0,0.0,0.0
2026-04-12 17:34:10,30.9,56.0,59.0,53.8,0.0,0.0,0.0
2026-04-12 17:34:15,31.0,55.9,72.8,53.8,0.0,0.0,0.0
2026-04-12 17:34:20,30.9,56.0,74.6,53.8,0.0,0.0,0.0
2026-04-12 17:34:25,30.8,56.1,55.0,53.9,0.0,0.0,0.0
2026-04-12 17:34:30,30.9,56.1,77.8,53.9,0.0,0.0,0.0
2026-04-12 17:34:35,30.8,56.2,54.4,53.9,0.0,0.0,0.0
2026-04-12 17:34:40,30.9,56.3,72.2,53.9,0.0,0.0,0.0
2026-04-12 17:34:45,30.8,56.3,63.9,53.9,0.0,0.0,0.0
2026-04-12 17:34:50,30.9,56.4,65.7,53.9,0.0,0.0,0.0
2026-04-12 17:34:55,30.7,56.3,49.6,53.9,0.0,0.0,0.0
2026-04-12 17:35:00,31.0,56.4,61.2,53.9,0.0,0.0,0.0
2026-04-12 17:35:05,30.8,56.4,65.8,53.9,0.0,0.0,0.0
2026-04-12 17:35:10,30.9,56.2,55.0,53.9,0.0,0.0,0.0
2026-04-12 17:35:15,30.9,56.4,56.9,53.9,0.0,0.0,0.0
2026-04-12 17:35:20,30.9,56.4,63.2,53.9,0.0,0.0,0.0
2026-04-12 17:35:25,31.0,56.4,60.2,53.9,0.0,0.0,0.0
2026-04-12 17:35:30,30.8,56.3,62.4,53.9,0.0,0.0,0.0
2026-04-12 17:35:35,30.8,56.3,53.8,53.9,0.0,0.0,0.0
2026-04-12 17:35:40,30.8,56.5,58.1,53.9,0.0,0.0,0.0
2026-04-12 17:35:45,30.8,56.4,55.2,53.9,0.0,0.0,0.0
2026-04-12 17:35:50,30.9,56.4,58.8,53.9,0.0,0.0,0.0
2026-04-12 17:35:55,30.9,56.5,56.5,53.9,0.0,0.0,0.0
2026-04-12 17:36:00,31.0,56.4,45.8,53.9,0.0,0.0,0.0
2026-04-12 17:36:05,31.0,56.5,51.8,53.9,0.0,0.0,0.0
2026-04-12 17:36:10,30.8,56.6,48.2,53.9,0.0,0.0,0.0
2026-04-12 17:36:15,31.0,56.6,59.9,53.9,0.0,0.0,0.0
2026-04-12 17:36:20,30.8,56.7,56.4,53.9,0.0,0.0,0.0
2026-04-12 17:36:25,30.8,56.6,61.8,53.9,0.0,0.0,0.0
2026-04-12 17:36:30,30.8,56.5,55.7,53.9,0.0,0.0,0.0
2026-04-12 17:36:35,30.8,56.6,71.2,53.9,0.0,0.0,0.0
2026-04-12 17:36:40,30.8,56.6,62.4,53.9,0.0,0.0,0.0
2026-04-12 17:36:45,30.9,56.5,42.2,53.9,0.0,0.0,0.0
2026-04-12 17:36:50,30.9,56.6,62.6,53.9,0.0,0.0,0.0
2026-04-12 17:36:55,30.8,56.6,51.1,53.9,0.0,0.0,0.0
2026-04-12 17:37:00,30.9,56.7,62.1,53.9,0.0,0.0,0.0
2026-04-12 17:37:05,31.0,56.7,57.6,53.9,0.0,0.0,0.0
2026-04-12 17:37:10,30.8,56.8,33.6,53.9,0.0,0.0,0.0
2026-04-12 17:37:15,30.8,56.8,40.0,53.8,0.0,0.0,0.0
2026-04-12 17:37:20,31.2,56.9,48.7,53.8,0.0,0.0,0.0
2026-04-12 17:37:25,30.9,56.8,60.4,53.9,0.0,0.0,0.0
2026-04-12 17:37:30,30.9,56.8,57.9,53.9,0.0,0.0,0.0
2026-04-12 17:37:35,31.1,56.8,72.6,53.9,0.0,0.0,0.0
2026-04-12 17:37:40,31.0,56.7,43.7,53.9,0.0,0.0,0.0
2026-04-12 17:37:45,30.9,56.7,46.4,53.8,0.0,0.0,0.0
2026-04-12 17:37:50,30.9,56.7,65.9,53.8,0.0,0.0,0.0
2026-04-12 17:37:55,30.9,56.6,50.1,53.8,0.0,0.0,0.0
2026-04-12 17:38:00,30.9,56.6,44.7,53.8,0.0,0.0,0.0
2026-04-12 17:38:05,30.9,56.6,48.7,53.8,0.0,0.0,0.0
2026-04-12 17:38:10,30.8,56.5,63.2,53.8,0.0,0.0,0.0
2026-04-12 17:38:15,31.0,56.5,61.2,53.8,0.0,0.0,0.0
2026-04-12 17:38:20,30.9,56.5,45.6,53.8,0.0,0.0,0.0
2026-04-12 17:38:25,31.0,56.5,32.1,53.8,0.0,0.0,0.0
2026-04-12 17:38:30,30.8,56.5,58.3,53.8,0.0,0.0,0.0
2026-04-12 17:38:35,30.8,56.6,71.2,53.9,0.0,0.0,0.0
2026-04-12 17:38:40,30.9,56.5,55.7,53.9,0.0,0.0,0.0
2026-04-12 17:38:45,30.8,56.5,48.3,53.9,0.0,0.0,0.0
2026-04-12 17:38:50,30.8,56.5,56.9,53.9,0.0,0.0,0.0
2026-04-12 17:38:55,30.8,56.5,65.0,53.9,0.0,0.0,0.0
2026-04-12 17:39:00,30.9,56.5,49.0,53.9,0.0,0.0,0.0
2026-04-12 17:39:05,30.9,56.6,48.4,53.9,0.0,0.0,0.0
2026-04-12 17:39:10,31.0,56.6,68.8,53.9,0.0,0.0,0.0
2026-04-12 17:39:15,30.9,56.5,48.3,53.8,0.0,0.0,0.0
2026-04-12 17:39:20,30.9,56.6,54.5,53.8,0.0,0.0,0.0
2026-04-12 17:39:25,30.7,56.5,61.5,53.8,0.0,0.0,0.0
2026-04-12 17:39:30,31.0,56.5,52.9,53.8,0.0,0.0,0.0
2026-04-12 17:39:35,30.8,56.6,48.4,53.8,0.0,0.0,0.0
2026-04-12 17:39:40,30.9,56.5,40.9,53.8,0.0,0.0,0.0
2026-04-12 17:39:45,30.9,56.6,50.5,53.8,0.0,0.0,0.0
2026-04-12 17:39:50,31.1,56.7,56.4,53.8,0.0,0.0,0.0
2026-04-12 17:39:55,30.8,56.8,47.5,53.8,0.0,0.0,0.0
2026-04-12 17:40:00,31.0,56.8,58.1,53.9,0.0,0.0,0.0
2026-04-12 17:40:05,30.9,57.0,43.2,53.9,0.0,0.0,0.0
2026-04-12 17:40:10,30.9,56.9,50.6,53.8,0.0,0.0,0.0
2026-04-12 17:40:15,30.8,56.9,50.4,53.8,0.0,0.0,0.0
2026-04-12 17:40:20,31.0,56.9,39.6,53.9,0.0,0.0,0.0
2026-04-12 17:40:25,31.1,56.9,52.5,53.9,0.0,0.0,0.0
2026-04-12 17:40:30,30.7,56.9,52.6,53.9,0.0,0.0,0.0
2026-04-12 17:40:35,30.9,56.7,29.4,53.8,0.0,0.0,0.0
2026-04-12 17:40:40,31.1,56.7,48.8,53.8,0.0,0.0,0.0
2026-04-12 17:40:45,30.9,56.7,37.8,53.9,0.0,0.0,0.0
2026-04-12 17:40:50,30.9,56.6,52.0,53.9,0.0,0.0,0.0
2026-04-12 17:40:55,30.9,56.7,42.5,53.9,0.0,0.0,0.0
2026-04-12 17:41:00,30.8,56.7,43.1,53.9,0.0,0.0,0.0
2026-04-12 17:41:05,30.9,56.8,56.4,53.8,0.0,0.0,0.0
2026-04-12 17:41:10,30.8,56.8,37.5,53.8,0.0,0.0,0.0
2026-04-12 17:41:15,30.8,56.8,50.8,53.8,0.0,0.0,0.0
2026-04-12 17:41:20,30.8,56.7,41.2,53.8,0.0,0.0,0.0
2026-04-12 17:41:25,30.8,56.6,41.9,53.8,0.0,0.0,0.0
2026-04-12 17:41:30,30.7,56.5,40.4,53.8,0.0,0.0,0.0
2026-04-12 17:41:35,30.8,56.8,52.7,53.8,0.0,0.0,0.0
2026-04-12 17:41:40,30.7,56.7,37.2,53.8,0.0,0.0,0.0
2026-04-12 17:41:45,30.9,56.9,32.8,53.8,0.0,0.0,0.0
2026-04-12 17:41:50,30.9,56.7,36.2,53.9,0.0,0.0,0.0
2026-04-12 17:41:55,30.8,56.7,22.6,53.9,0.0,0.0,0.0
2026-04-12 17:42:00,31.1,56.9,54.9,53.8,0.0,0.0,0.0
2026-04-12 17:42:05,30.9,56.8,44.0,53.8,0.0,0.0,0.0
2026-04-12 17:42:10,30.9,56.9,30.5,53.8,0.0,0.0,0.0
2026-04-12 17:42:15,30.9,56.9,34.1,53.9,0.0,0.0,0.0
2026-04-12 17:42:20,30.8,56.8,52.9,53.9,0.0,0.0,0.0
2026-04-12 17:42:25,30.8,56.8,42.5,53.8,0.0,0.0,0.0
2026-04-12 17:42:30,30.6,56.8,53.1,53.8,0.0,0.0,0.0
2026-04-12 17:42:35,30.8,56.7,53.8,53.8,0.0,0.0,0.0
2026-04-12 17:42:40,30.9,56.7,40.3,53.8,0.0,0.0,0.0
2026-04-12 17:42:45,30.8,56.6,39.1,53.8,0.0,0.0,0.0
2026-04-12 17:42:50,30.8,56.5,56.8,53.8,0.0,0.0,0.0
2026-04-12 17:42:55,30.9,56.5,46.3,53.8,0.0,0.0,0.0
2026-04-12 17:43:00,30.8,56.6,58.5,53.8,0.0,0.0,0.0
2026-04-12 17:43:05,30.8,56.6,28.0,53.8,0.0,0.0,0.0
2026-04-12 17:43:10,30.9,56.8,49.1,53.8,0.0,0.0,0.0
2026-04-12 17:43:15,30.7,56.8,33.1,53.8,0.0,0.0,0.0
2026-04-12 17:43:20,30.9,56.8,47.7,53.8,0.0,0.0,0.0
2026-04-12 17:43:25,30.8,56.8,35.6,53.8,0.0,0.0,0.0
2026-04-12 17:43:30,30.7,56.9,20.1,53.8,0.0,0.0,0.0
2026-04-12 17:43:35,30.8,56.9,26.8,53.8,0.0,0.0,0.0
2026-04-12 17:43:40,30.7,56.9,56.1,53.8,0.0,0.0,0.0
2026-04-12 17:43:45,30.8,56.9,36.7,53.8,0.0,0.0,0.0
2026-04-12 17:43:50,30.8,56.8,37.3,53.8,0.0,0.0,0.0
2026-04-12 17:43:55,31.0,56.8,40.1,53.8,0.0,0.0,0.0
2026-04-12 17:44:00,30.8,56.9,47.7,53.8,0.0,0.0,0.0
2026-04-12 17:44:05,30.7,56.8,45.5,53.8,0.0,0.0,0.0
2026-04-12 17:44:10,30.8,56.9,49.1,53.8,0.0,0.0,0.0
2026-04-12 17:44:15,30.7,57.0,54.9,53.8,0.0,0.0,0.0
2026-04-12 17:44:20,31.0,57.0,46.7,53.8,0.0,0.0,0.0
2026-04-12 17:44:25,30.8,57.0,28.6,53.8,0.0,0.0,0.0
2026-04-12 17:44:30,30.7,57.0,46.0,53.8,0.0,0.0,0.0
2026-04-12 17:44:35,30.8,57.0,49.1,53.8,0.0,0.0,0.0
2026-04-12 17:44:40,30.8,57.1,39.0,53.8,0.0,0.0,0.0
2026-04-12 17:44:45,30.7,57.1,21.9,53.8,0.0,0.0,0.0
2026-04-12 17:44:50,30.7,57.3,60.5,53.8,0.0,0.0,0.0
2026-04-12 17:44:55,30.9,57.3,26.8,53.8,0.0,0.0,0.0
2026-04-12 17:45:00,31.0,57.3,34.4,53.8,0.0,0.0,0.0
2026-04-12 17:45:05,30.8,57.2,40.7,53.8,0.0,0.0,0.0
2026-04-12 17:45:10,30.6,57.1,41.3,53.8,0.0,0.0,0.0
2026-04-12 17:45:15,30.9,57.3,34.0,53.8,0.0,0.0,0.0
2026-04-12 17:45:20,30.8,57.3,41.2,53.8,0.0,0.0,0.0
2026-04-12 17:45:25,30.8,57.4,39.0,53.8,0.0,0.0,0.0
2026-04-12 17:45:30,30.7,57.5,23.4,53.8,0.0,0.0,0.0
2026-04-12 17:45:35,30.9,57.5,39.9,53.8,0.0,0.0,0.0
2026-04-12 17:45:40,30.7,57.5,31.6,53.8,0.0,0.0,0.0
2026-04-12 17:45:45,30.9,57.4,30.9,53.8,0.0,0.0,0.0
2026-04-12 17:45:50,30.8,57.5,36.8,53.8,0.0,0.0,0.0
2026-04-12 17:45:55,30.8,57.6,34.0,53.8,0.0,0.0,0.0
2026-04-12 17:46:00,30.9,57.7,35.5,53.8,0.0,0.0,0.0
2026-04-12 17:46:05,30.8,57.7,27.9,53.8,0.0,0.0,0.0
2026-04-12 17:46:10,30.8,57.7,25.8,53.8,0.0,0.0,0.0
2026-04-12 17:46:15,30.9,57.7,28.3,53.8,0.0,0.0,0.0
2026-04-12 17:46:20,30.8,57.7,25.2,53.8,0.0,0.0,0.0
2026-04-12 17:46:25,30.8,57.7,47.8,53.8,0.0,0.0,0.0
2026-04-12 17:46:30,30.9,57.7,31.2,53.8,0.0,0.0,0.0
2026-04-12 17:46:35,30.8,57.8,26.5,53.8,0.0,0.0,0.0
2026-04-12 17:46:40,30.8,57.8,43.9,53.8,0.0,0.0,0.0
2026-04-12 17:46:45,30.8,57.8,35.9,53.8,0.0,0.0,0.0
2026-04-12 17:46:50,30.9,57.7,47.3,53.8,0.0,0.0,0.0
2026-04-12 17:46:55,30.9,57.7,32.1,53.8,0.0,0.0,0.0
2026-04-12 17:47:00,30.7,57.7,43.1,53.8,0.0,0.0,0.0
2026-04-12 17:47:05,30.7,57.5,38.7,53.8,0.0,0.0,0.0
2026-04-12 17:47:10,30.7,57.6,35.1,53.8,0.0,0.0,0.0
2026-04-12 17:47:15,30.8,57.7,24.3,53.8,0.0,0.0,0.0
2026-04-12 17:47:20,30.9,57.7,32.6,53.8,0.0,0.0,0.0
2026-04-12 17:47:25,30.9,57.7,31.9,53.8,0.0,0.0,0.0
2026-04-12 17:47:30,30.8,57.7,36.6,53.8,0.0,0.0,0.0
2026-04-12 17:47:35,30.8,57.8,24.6,53.8,0.0,0.0,0.0
2026-04-12 17:47:40,30.8,57.8,30.6,53.8,0.0,0.0,0.0
2026-04-12 17:47:45,30.8,57.7,34.1,53.8,0.0,0.0,0.0
2026-04-12 17:47:50,30.8,57.8,35.2,53.8,0.0,0.0,0.0
2026-04-12 17:47:55,30.8,57.8,25.8,53.8,0.0,0.0,0.0
2026-04-12 17:48:00,30.9,57.9,26.7,53.8,0.0,0.0,0.0
2026-04-12 17:48:05,30.8,58.0,20.6,53.8,0.0,0.0,0.0
2026-04-12 17:48:10,30.6,58.0,26.2,53.8,0.0,0.0,0.0
2026-04-12 17:48:15,30.8,58.0,38.7,53.8,0.0,0.0,0.0
2026-04-12 17:48:20,30.8,58.0,27.5,53.8,0.0,0.0,0.0
2026-04-12 17:48:25,30.8,58.0,41.5,53.8,0.0,0.0,0.0
2026-04-12 17:48:30,30.8,57.9,20.7,53.8,0.0,0.0,0.0
2026-04-12 17:48:35,30.6,57.9,37.0,53.8,0.0,0.0,0.0
2026-04-12 17:48:40,30.8,57.8,21.8,53.8,0.0,0.0,0.0
2026-04-12 17:48:45,30.7,57.7,30.3,53.8,0.0,0.0,0.0
2026-04-12 17:48:50,30.8,57.6,24.8,53.8,0.0,0.0,0.0
2026-04-12 17:48:55,30.7,57.6,38.1,53.8,0.0,0.0,0.0
2026-04-12 17:49:00,30.5,57.7,22.8,53.8,0.0,0.0,0.0
2026-04-12 17:49:05,30.6,57.8,30.2,53.8,0.0,0.0,0.0
2026-04-12 17:49:10,30.8,57.8,22.9,53.8,0.0,0.0,0.0
2026-04-12 17:49:15,30.8,57.7,39.0,53.8,0.0,0.0,0.0
2026-04-12 17:49:20,30.6,57.7,33.5,53.8,0.0,0.0,0.0
2026-04-12 17:49:25,30.7,57.7,38.3,53.8,0.0,0.0,0.0
2026-04-12 17:49:30,30.7,57.9,32.4,53.8,0.0,0.0,0.0
2026-04-12 17:49:35,30.7,57.8,24.6,53.8,0.0,0.0,0.0
2026-04-12 17:49:40,30.8,57.9,39.7,53.8,0.0,0.0,0.0
2026-04-12 17:49:45,30.6,58.0,36.0,53.8,0.0,0.0,0.0
2026-04-12 17:49:50,30.7,57.9,40.8,53.8,0.0,0.0,0.0
2026-04-12 17:49:55,30.7,58.0,38.5,53.8,0.0,0.0,0.0
2026-04-12 17:50:00,30.7,57.8,28.8,53.8,0.0,0.0,0.0
2026-04-12 17:50:05,30.8,57.7,27.6,53.8,0.0,0.0,0.0
2026-04-12 17:50:10,30.8,57.9,19.8,53.8,0.0,0.0,0.0
2026-04-12 17:50:15,30.7,57.9,40.2,53.8,0.0,0.0,0.0
2026-04-12 17:50:20,30.5,57.9,37.0,53.8,0.0,0.0,0.0
2026-04-12 17:50:25,30.6,57.9,30.4,53.8,0.0,0.0,0.0
2026-04-12 17:50:30,30.8,57.9,18.2,53.8,0.0,0.0,0.0
2026-04-12 17:50:35,30.6,57.7,26.8,53.8,0.0,0.0,0.0
2026-04-12 17:50:40,30.8,57.7,21.1,53.8,0.0,0.0,0.0
2026-04-12 17:50:45,30.8,57.6,27.1,53.8,0.0,0.0,0.0
2026-04-12 17:50:50,30.8,57.7,45.8,53.8,0.0,0.0,0.0
2026-04-12 17:50:55,30.7,57.6,15.8,53.8,0.0,0.0,0.0
2026-04-12 17:51:00,30.7,57.6,20.1,53.8,0.0,0.0,0.0
2026-04-12 17:51:05,30.8,57.7,13.7,53.8,0.0,0.0,0.0
2026-04-12 17:51:10,30.7,57.8,25.1,53.8,0.0,0.0,0.0
2026-04-12 17:51:15,30.8,57.8,4.8,53.8,0.0,0.0,0.0
2026-04-12 17:51:20,30.7,57.8,27.1,53.8,0.0,0.0,0.0
2026-04-12 17:51:25,30.9,57.9,20.4,53.8,0.0,0.0,0.0
2026-04-12 17:51:30,30.6,57.9,24.2,53.8,0.0,0.0,0.0
2026-04-12 17:51:35,30.8,58.0,18.8,53.8,0.0,0.0,0.0
2026-04-12 17:51:40,30.7,57.8,19.5,53.8,0.0,0.0,0.0
2026-04-12 17:51:45,30.7,57.8,27.8,53.8,0.0,0.0,0.0
2026-04-12 17:51:50,30.7,57.9,18.1,53.8,0.0,0.0,0.0
2026-04-12 17:51:55,30.6,58.0,45.0,53.8,0.0,0.0,0.0
2026-04-12 17:52:00,30.7,58.1,21.9,53.8,0.0,0.0,0.0
2026-04-12 17:52:05,30.6,58.2,37.6,53.8,0.0,0.0,0.0
2026-04-12 17:52:10,30.8,58.2,34.7,53.8,0.0,0.0,0.0
2026-04-12 17:52:15,30.7,58.3,44.3,53.8,0.0,0.0,0.0
2026-04-12 17:52:20,30.8,58.3,20.2,53.8,0.0,0.0,0.0
2026-04-12 17:52:25,30.7,58.1,25.3,53.8,0.0,0.0,0.0
2026-04-12 17:52:30,30.7,58.1,14.1,53.8,0.0,0.0,0.0
2026-04-12 17:52:35,30.7,58.0,34.9,53.8,0.0,0.0,0.0
2026-04-12 17:52:40,30.6,58.0,33.9,53.8,0.0,0.0,0.0
2026-04-12 17:52:45,30.7,58.1,8.2,53.8,0.0,0.0,0.0
2026-04-12 17:52:50,30.8,58.1,17.9,53.8,0.0,0.0,0.0
2026-04-12 17:52:55,30.7,58.1,24.4,53.8,0.0,0.0,0.0
2026-04-12 17:53:00,30.7,58.0,18.8,53.8,0.0,0.0,0.0
2026-04-12 17:53:05,30.7,58.0,36.3,53.8,0.0,0.0,0.0
2026-04-12 17:53:10,30.7,58.2,32.7,53.8,0.0,0.0,0.0
2026-04-12 17:53:15,30.6,58.2,18.7,53.8,0.0,0.0,0.0
2026-04-12 17:53:20,30.7,58.2,15.2,53.8,0.0,0.0,0.0
2026-04-12 17:53:25,30.7,58.3,38.3,53.7,0.0,0.0,0.0
2026-04-12 17:53:30,30.6,58.2,27.5,53.7,0.0,0.0,0.0
2026-04-12 17:53:35,30.6,58.2,35.8,53.7,0.0,0.0,0.0
2026-04-12 17:53:40,30.5,58.2,36.0,53.7,0.0,0.0,0.0
2026-04-12 17:53:45,30.7,58.2,17.4,53.7,0.0,0.0,0.0
2026-04-12 17:53:50,30.6,58.4,10.0,53.7,0.0,0.0,0.0
2026-04-12 17:53:55,30.9,58.4,21.3,53.7,0.0,0.0,0.0
2026-04-12 17:54:00,30.6,58.4,12.3,53.8,0.0,0.0,0.0
2026-04-12 17:54:05,30.6,58.3,16.3,53.8,0.0,0.0,0.0
2026-04-12 17:54:10,30.6,58.3,14.2,53.7,0.0,0.0,0.0
2026-04-12 17:54:15,30.7,58.2,34.5,53.7,0.0,0.0,0.0
2026-04-12 17:54:20,30.6,58.2,15.1,53.8,0.0,0.0,0.0
2026-04-12 17:54:25,30.7,58.3,23.9,53.8,0.0,0.0,0.0
2026-04-12 17:54:30,30.6,58.3,15.7,53.8,0.0,0.0,0.0
2026-04-12 17:54:35,30.7,58.3,35.8,53.7,0.0,0.0,0.0
2026-04-12 17:54:40,30.7,58.3,0.0,53.7,0.0,0.0,0.0
2026-04-12 17:54:45,30.7,58.3,22.0,53.7,0.0,0.0,0.0
2026-04-12 17:54:50,30.6,58.4,37.4,53.8,0.0,0.0,0.0
2026-04-12 17:54:55,30.8,58.4,27.2,53.8,0.0,0.0,0.0
2026-04-12 17:55:00,30.9,58.4,36.0,53.8,0.0,0.0,0.0
2026-04-12 17:55:05,30.7,58.3,11.2,53.7,0.0,0.0,0.0
2026-04-12 17:55:10,30.7,58.4,40.2,53.7,0.0,0.0,0.0
2026-04-12 17:55:15,30.6,58.5,17.6,53.7,0.0,0.0,0.0
2026-04-12 17:55:20,30.7,58.5,21.7,53.7,0.0,0.0,0.0
2026-04-12 17:55:25,30.7,58.6,32.0,53.8,0.0,0.0,0.0
2026-04-12 17:55:30,30.7,58.5,26.6,53.8,0.0,0.0,0.0
2026-04-12 17:55:35,30.7,58.5,13.2,53.8,0.0,0.0,0.0
2026-04-12 17:55:40,30.7,58.5,22.5,53.8,0.0,0.0,0.0
2026-04-12 17:55:45,30.8,58.7,30.0,53.8,0.0,0.0,0.0
2026-04-12 17:55:50,30.7,58.7,11.7,53.8,0.0,0.0,0.0
2026-04-12 17:55:55,30.6,58.7,1.6,53.8,0.0,0.0,0.0
2026-04-12 17:56:00,30.6,58.8,26.0,53.8,0.0,0.0,0.0
2026-04-12 17:56:05,30.6,58.8,24.2,53.8,0.0,0.0,0.0
2026-04-12 17:56:10,30.6,58.9,17.2,53.7,0.0,0.0,0.0
2026-04-12 17:56:15,30.6,58.9,15.2,53.7,0.0,0.0,0.0
2026-04-12 17:56:20,30.6,58.9,25.7,53.7,0.0,0.0,0.0
2026-04-12 17:56:25,30.6,59.0,22.2,53.7,0.0,0.0,0.0
2026-04-12 17:56:30,30.6,59.0,17.7,53.7,0.0,0.0,0.0
2026-04-12 17:56:35,30.6,58.9,22.3,53.7,0.0,0.0,0.0
2026-04-12 17:56:40,30.6,59.0,32.7,53.8,0.0,0.0,0.0
2026-04-12 17:56:45,30.6,59.0,5.3,53.8,0.0,0.0,0.0
2026-04-12 17:56:50,30.7,59.1,21.8,53.7,0.0,0.0,0.0
2026-04-12 17:56:55,30.7,59.0,14.2,53.7,0.0,0.0,0.0
2026-04-12 17:57:00,30.6,58.8,14.5,53.7,0.0,0.0,0.0
2026-04-12 17:57:05,30.7,58.7,14.6,53.7,0.0,0.0,0.0
2026-04-12 17:57:10,30.7,58.8,18.1,53.7,0.0,0.0,0.0
2026-04-12 17:57:15,30.6,58.7,2.3,53.7,0.0,0.0,0.0
2026-04-12 17:57:20,30.6,58.8,27.1,53.7,0.0,0.0,0.0
2026-04-12 17:57:25,30.6,58.7,2.8,53.7,0.0,0.0,0.0
2026-04-12 17:57:30,30.6,58.7,25.4,53.7,0.0,0.0,0.0
2026-04-12 17:57:35,30.6,58.8,6.6,53.8,0.0,0.0,0.0
2026-04-12 17:57:40,30.6,58.7,19.0,53.8,0.0,0.0,0.0
2026-04-12 17:57:45,30.5,58.7,18.4,53.8,0.0,0.0,0.0
2026-04-12 17:57:50,30.6,58.6,12.2,53.8,0.0,0.0,0.0
2026-04-12 17:57:55,30.7,58.7,18.7,53.8,0.0,0.0,0.0
2026-04-12 17:58:00,30.6,58.7,28.6,53.8,0.0,0.0,0.0
2026-04-12 17:58:05,30.5,58.7,21.4,53.8,0.0,0.0,0.0
2026-04-12 17:58:10,30.7,58.9,13.0,53.8,0.0,0.0,0.0
2026-04-12 17:58:15,30.7,58.8,19.8,53.8,0.0,0.0,0.0
2026-04-12 17:58:20,30.6,58.9,36.9,53.8,0.0,0.0,0.0
2026-04-12 17:58:25,30.7,58.9,8.7,53.8,0.0,0.0,0.0
2026-04-12 17:58:30,30.6,58.9,17.1,53.8,0.0,0.0,0.0
2026-04-12 17:58:35,30.6,58.8,33.9,53.8,0.0,0.0,0.0
2026-04-12 17:58:40,30.6,58.8,23.4,53.8,0.0,0.0,0.0
2026-04-12 17:58:45,30.7,58.7,18.3,53.8,0.0,0.0,0.0
2026-04-12 17:58:50,30.6,58.5,42.2,53.8,0.0,0.0,0.0
2026-04-12 17:58:55,30.5,58.5,10.1,53.8,0.0,0.0,0.0
2026-04-12 17:59:00,30.7,58.6,25.9,53.7,0.0,0.0,0.0
2026-04-12 17:59:05,30.6,58.6,17.4,53.7,0.0,0.0,0.0
2026-04-12 17:59:10,30.7,58.6,9.8,53.7,0.0,0.0,0.0
2026-04-12 17:59:15,30.6,58.8,3.0,53.8,0.0,0.0,0.0
2026-04-12 17:59:20,30.6,58.9,29.4,53.8,0.0,0.0,0.0
2026-04-12 17:59:25,30.6,58.9,0.0,53.8,0.0,0.0,0.0
2026-04-12 17:59:30,30.6,59.0,0.0,53.7,0.0,0.0,0.0
2026-04-12 17:59:35,30.6,58.9,15.2,53.7,0.0,0.0,0.0
2026-04-12 17:59:40,30.6,59.0,20.8,53.8,0.0,0.0,0.0
2026-04-12 17:59:45,30.7,59.0,12.2,53.8,0.0,0.0,0.0
2026-04-12 17:59:50,30.6,59.1,13.3,53.8,0.0,0.0,0.0
2026-04-12 17:59:55,30.8,59.0,15.2,53.8,0.0,0.0,0.0
2026-04-12 18:00:00,30.6,58.9,18.6,53.8,0.0,0.0,0.0
2026-04-12 18:00:05,30.6,58.7,14.4,53.8,0.0,0.0,0.0
2026-04-12 18:00:10,30.6,58.7,12.2,53.7,0.0,0.0,0.0
2026-04-12 18:00:15,30.8,58.7,24.9,53.7,0.0,0.0,0.0
2026-04-12 18:00:20,30.7,58.7,17.9,53.7,0.0,0.0,0.0
2026-04-12 18:00:25,30.7,58.7,24.0,53.7,0.0,0.0,0.0
2026-04-12 18:00:30,30.5,58.8,17.9,53.7,0.0,0.0,0.0
2026-04-12 18:00:35,30.4,58.9,5.6,53.7,0.0,0.0,0.0
2026-04-12 18:00:40,30.7,58.8,24.3,53.7,0.0,0.0,0.0
2026-04-12 18:00:45,30.6,58.9,10.7,53.8,0.0,0.0,0.0
2026-04-12 18:00:50,30.6,58.8,1.2,53.8,0.0,0.0,0.0
2026-04-12 18:00:55,30.6,58.8,12.1,53.8,0.0,0.0,0.0
2026-04-12 18:01:00,30.6,58.8,17.7,53.8,0.0,0.0,0.0
2026-04-12 18:01:05,30.6,58.8,0.0,53.8,0.0,0.0,0.0
2026-04-12 18:01:10,30.5,58.8,19.3,53.7,0.0,0.0,0.0
2026-04-12 18:01:15,30.7,58.7,25.4,53.7,0.0,0.0,0.0
2026-04-12 18:01:20,30.6,58.7,28.3,53.7,0.0,0.0,0.0
2026-04-12 18:01:25,30.5,58.7,16.6,53.7,0.0,0.0,0.0
2026-04-12 18:01:30,30.7,58.7,9.1,53.7,0.0,0.0,0.0
2026-04-12 18:01:35,30.7,58.6,11.1,53.7,0.0,0.0,0.0
2026-04-12 18:01:40,30.6,58.6,0.0,53.7,0.0,0.0,0.0
2026-04-12 18:01:45,30.6,58.7,15.1,53.7,0.0,0.0,0.0
2026-04-12 18:01:50,30.6,58.7,23.7,53.7,0.0,0.0,0.0
2026-04-12 18:01:55,30.7,58.5,23.2,53.7,0.0,0.0,0.0
2026-04-12 18:02:00,30.5,58.4,17.8,53.7,0.0,0.0,0.0
2026-04-12 18:02:05,30.6,58.3,41.9,53.7,0.0,0.0,0.0
2026-04-12 18:02:10,30.5,58.4,7.6,53.7,0.0,0.0,0.0
2026-04-12 18:02:15,30.7,58.4,7.0,53.7,0.0,0.0,0.0
2026-04-12 18:02:20,30.7,58.5,28.6,53.7,0.0,0.0,0.0
2026-04-12 18:02:25,30.7,58.5,16.4,53.7,0.0,0.0,0.0
2026-04-12 18:02:30,30.7,58.6,25.0,53.7,0.0,0.0,0.0
2026-04-12 18:02:35,30.6,58.6,11.3,53.7,0.0,0.0,0.0
2026-04-12 18:02:40,30.7,58.7,17.8,53.7,0.0,0.0,0.0
2026-04-12 18:02:45,30.7,58.5,7.3,53.7,0.0,0.0,0.0
2026-04-12 18:02:50,30.7,58.5,19.0,53.7,0.0,0.0,0.0
2026-04-12 18:02:55,30.8,58.6,12.2,53.7,0.0,0.0,0.0
2026-04-12 18:03:00,30.6,58.7,19.4,53.7,0.0,0.0,0.0
2026-04-12 18:03:05,30.7,58.6,0.0,53.7,0.0,0.0,0.0
2026-04-12 18:03:10,30.7,58.6,0.0,53.7,0.0,0.0,0.0
2026-04-12 18:03:15,30.6,58.8,13.5,53.7,0.0,0.0,0.0
2026-04-12 18:03:20,30.7,58.7,1.1,53.7,0.0,0.0,0.0
2026-04-12 18:03:25,30.8,58.8,9.5,53.7,0.0,0.0,0.0
2026-04-12 18:03:30,30.6,58.8,22.3,53.7,0.0,0.0,0.0
2026-04-12 18:03:35,30.7,58.6,36.3,53.7,0.0,0.0,0.0
2026-04-12 18:03:40,30.6,58.7,1.6,53.7,0.0,0.0,0.0
2026-04-12 18:03:45,30.6,58.7,21.2,53.7,0.0,0.0,0.0
2026-04-12 18:03:50,30.6,58.9,0.0,53.7,0.0,0.0,0.0
2026-04-12 18:03:55,30.7,58.8,35.8,53.7,0.0,0.0,0.0
2026-04-12 18:04:00,30.7,59.0,35.6,53.7,0.0,0.0,0.0
2026-04-12 18:04:05,30.6,59.0,14.9,53.7,0.0,0.0,0.0
2026-04-12 18:04:10,30.5,59.0,12.6,53.7,0.0,0.0,0.0
2026-04-12 18:04:15,30.6,59.3,13.3,53.7,0.0,0.0,0.0
2026-04-12 18:04:20,30.6,59.3,11.4,53.7,0.0,0.0,0.0
2026-04-12 18:04:25,30.5,59.5,30.0,53.7,0.0,0.0,0.0
2026-04-12 18:04:30,30.6,59.5,25.2,53.7,0.0,0.0,0.0
2026-04-12 18:04:35,30.8,59.5,26.1,53.7,0.0,0.0,0.0
2026-04-12 18:04:40,30.6,59.5,5.5,53.7,0.0,0.0,0.0
2026-04-12 18:04:45,30.8,59.4,5.0,53.7,0.0,0.0,0.0
2026-04-12 18:04:50,30.8,59.5,12.4,53.7,0.0,0.0,0.0
2026-04-12 18:04:55,30.8,59.4,0.0,53.7,0.0,0.0,0.0
2026-04-12 18:05:00,30.6,59.5,23.3,53.7,0.0,0.0,0.0
2026-04-12 18:05:05,30.7,59.5,25.8,53.7,0.0,0.0,0.0
2026-04-12 18:05:10,30.6,59.6,7.5,53.7,0.0,0.0,0.0
2026-04-12 18:05:15,30.7,59.6,9.4,53.7,0.0,0.0,0.0
2026-04-12 18:05:20,30.6,59.7,26.4,53.7,0.0,0.0,0.0
2026-04-12 18:05:25,30.7,59.6,12.0,53.7,0.0,0.0,0.0
2026-04-12 18:05:30,30.7,59.6,12.9,53.7,0.0,0.0,0.0
2026-04-12 18:05:35,30.9,59.5,23.4,53.7,0.0,0.0,0.0
2026-04-12 18:05:40,30.6,59.7,15.4,53.7,0.0,0.0,0.0
2026-04-12 18:05:45,30.8,59.6,24.9,53.7,0.0,0.0,0.0
2026-04-12 18:05:50,30.7,59.6,20.4,53.7,0.0,0.0,0.0
2026-04-12 18:05:55,30.6,59.5,26.3,53.7,0.0,0.0,0.0
2026-04-12 18:06:00,30.7,59.5,19.0,53.7,0.0,0.0,0.0
2026-04-12 18:06:05,30.7,59.4,0.0,53.7,0.0,0.0,0.0
2026-04-12 18:06:10,30.6,59.3,4.0,53.7,0.0,0.0,0.0
2026-04-12 18:06:15,30.6,59.3,18.3,53.7,0.0,0.0,0.0
2026-04-12 18:06:20,30.6,59.3,30.0,53.7,0.0,0.0,0.0
2026-04-12 18:06:25,30.5,59.4,20.2,53.7,0.0,0.0,0.0
2026-04-12 18:06:30,30.7,59.3,29.5,53.7,0.0,0.0,0.0
2026-04-12 18:06:35,30.6,59.3,23.6,53.7,0.0,0.0,0.0
2026-04-12 18:06:40,30.8,59.1,18.7,53.7,0.0,0.0,0.0
2026-04-12 18:06:45,30.8,59.2,24.8,53.7,0.0,0.0,0.0
2026-04-12 18:06:50,30.7,59.4,5.2,53.7,0.0,0.0,0.0
2026-04-12 18:06:55,30.6,59.4,13.7,53.7,0.0,0.0,0.0
2026-04-12 18:07:00,30.7,59.3,0.0,53.7,0.0,0.0,0.0
2026-04-12 18:07:05,30.7,59.5,10.9,53.7,0.0,0.0,0.0
2026-04-12 18:07:10,30.5,59.6,23.1,53.7,0.0,0.0,0.0
2026-04-12 18:07:15,30.8,59.7,19.1,53.7,0.0,0.0,0.0
2026-04-12 18:07:20,30.8,59.7,36.2,53.7,0.0,0.0,0.0
2026-04-12 18:07:25,30.7,59.6,24.3,53.7,0.0,0.0,0.0
2026-04-12 18:07:30,30.7,59.4,0.0,53.7,0.0,0.0,0.0
2026-04-12 18:07:35,30.7,59.5,38.3,53.7,0.0,0.0,0.0
2026-04-12 18:07:40,30.6,59.5,22.5,53.8,0.0,0.0,0.0
2026-04-12 18:07:45,30.7,59.5,9.6,53.8,0.0,0.0,0.0
2026-04-12 18:07:50,30.7,59.5,5.9,53.7,0.0,0.0,0.0
2026-04-12 18:07:55,30.5,59.5,12.4,53.7,0.0,0.0,0.0
2026-04-12 18:08:00,30.7,59.5,20.0,53.7,0.0,0.0,0.0
2026-04-12 18:08:05,31.0,59.5,23.2,53.7,0.0,0.0,0.0
2026-04-12 18:08:10,30.7,59.5,8.6,53.8,0.0,0.0,0.0
2026-04-12 18:08:15,30.7,59.6,18.0,53.8,0.0,0.0,0.0
2026-04-12 18:08:20,30.8,59.6,12.2,53.8,0.0,0.0,0.0
2026-04-12 18:08:25,30.8,59.5,6.3,53.7,0.0,0.0,0.0
2026-04-12 18:08:30,30.6,59.6,14.1,53.7,0.0,0.0,0.0
2026-04-12 18:08:35,30.7,59.6,4.9,53.7,0.0,0.0,0.0
2026-04-12 18:08:40,30.7,59.6,9.5,53.7,0.0,0.0,0.0
2026-04-12 18:08:45,30.8,59.6,16.0,53.7,0.0,0.0,0.0
2026-04-12 18:08:50,30.8,59.4,25.8,53.7,0.0,0.0,0.0
2026-04-12 18:08:55,30.8,59.5,17.6,53.7,0.0,0.0,0.0
2026-04-12 18:09:00,30.9,59.5,12.7,53.7,0.0,0.0,0.0
2026-04-12 18:09:05,30.7,59.6,12.7,53.7,0.0,0.0,0.0
2026-04-12 18:09:10,30.8,59.6,12.8,53.7,0.0,0.0,0.0
2026-04-12 18:09:15,30.7,59.5,10.6,53.7,0.0,0.0,0.0
2026-04-12 18:09:20,30.8,59.6,10.8,53.7,0.0,0.0,0.0
2026-04-12 18:09:25,30.8,59.6,16.8,53.7,0.0,0.0,0.0
2026-04-12 18:09:30,30.8,59.6,0.0,53.7,0.0,0.0,0.0
2026-04-12 18:09:35,30.8,59.5,14.2,53.7,0.0,0.0,0.0
2026-04-12 18:09:40,30.7,59.5,17.7,53.7,0.0,0.0,0.0
2026-04-12 18:09:45,30.9,59.4,15.1,53.7,0.0,0.0,0.0
2026-04-12 18:09:50,30.8,59.3,0.0,53.7,0.0,0.0,0.0
2026-04-12 18:09:55,30.7,59.2,15.0,53.7,0.0,0.0,0.0
2026-04-12 18:10:00,30.7,59.3,0.0,53.7,0.0,0.0,0.0
2026-04-12 18:10:05,30.6,59.2,6.1,53.7,0.0,0.0,0.0
2026-04-12 18:10:10,30.7,59.1,4.8,53.7,0.0,0.0,0.0
2026-04-12 18:10:15,30.7,59.0,14.4,53.7,0.0,0.0,0.0
2026-04-12 18:10:20,30.9,59.1,12.0,53.7,0.0,0.0,0.0
2026-04-12 18:10:25,30.9,59.1,21.9,53.7,0.0,0.0,0.0
2026-04-12 18:10:30,30.8,59.1,9.0,53.7,0.0,0.0,0.0
2026-04-12 18:10:35,30.6,59.0,12.7,53.7,0.0,0.0,0.0
2026-04-12 18:10:40,30.6,59.2,22.4,53.7,0.0,0.0,0.0
2026-04-12 18:10:45,30.8,59.2,0.6,53.7,0.0,0.0,0.0
2026-04-12 18:10:50,30.6,59.1,0.0,53.7,0.0,0.0,0.0
2026-04-12 18:10:55,30.6,59.1,18.1,53.7,0.0,0.0,0.0
2026-04-12 18:11:00,30.7,59.0,1.7,53.7,0.0,0.0,0.0
2026-04-12 18:11:05,30.7,59.1,11.9,53.7,0.0,0.0,0.0
2026-04-12 18:11:10,30.7,59.2,7.8,53.7,0.0,0.0,0.0
2026-04-12 18:11:15,30.7,59.0,11.4,53.7,0.0,0.0,0.0
2026-04-12 18:11:20,30.7,58.9,40.7,53.7,0.0,0.0,0.0
2026-04-12 18:11:25,30.6,59.0,13.4,53.7,0.0,0.0,0.0
2026-04-12 18:11:30,30.7,59.0,22.9,53.7,0.0,0.0,0.0
2026-04-12 18:11:35,30.7,59.0,27.7,53.7,0.0,0.0,0.0
2026-04-12 18:11:40,30.8,58.8,12.4,53.7,0.0,0.0,0.0
2026-04-12 18:11:45,30.8,58.8,34.0,53.7,0.0,0.0,0.0
2026-04-12 18:11:50,30.7,58.9,24.6,53.7,0.0,0.0,0.0
2026-04-12 18:11:55,30.7,58.9,0.0,53.7,0.0,0.0,0.0
2026-04-12 18:12:00,30.7,59.0,7.4,53.7,0.0,0.0,0.0
2026-04-12 18:12:05,30.8,59.1,12.5,53.7,0.0,0.0,0.0
2026-04-12 18:12:10,30.6,59.1,36.0,53.7,0.0,0.0,0.0
2026-04-12 18:12:15,30.7,59.1,0.0,53.7,0.0,0.0,0.0
2026-04-12 18:12:20,30.7,59.1,11.8,53.7,0.0,0.0,0.0
2026-04-12 18:12:25,30.8,59.1,13.7,53.7,0.0,0.0,0.0
2026-04-12 18:12:30,30.7,59.1,12.8,53.7,0.0,0.0,0.0
2026-04-12 18:12:35,30.7,59.0,0.0,53.7,0.0,0.0,0.0
2026-04-12 18:12:40,30.7,59.0,33.2,53.7,0.0,0.0,0.0
2026-04-12 18:12:45,30.7,59.1,16.3,53.7,0.0,0.0,0.0
2026-04-12 18:12:50,30.6,59.1,14.3,53.7,0.0,0.0,0.0
2026-04-12 18:12:55,30.6,59.0,6.4,53.7,0.0,0.0,0.0
2026-04-12 18:13:00,30.7,59.1,1.3,53.7,0.0,0.0,0.0
2026-04-12 18:13:05,30.8,58.9,13.3,53.7,0.0,0.0,0.0
2026-04-12 18:13:10,30.7,58.9,2.2,53.7,0.0,0.0,0.0
2026-04-12 18:13:15,30.7,59.0,19.9,53.7,0.0,0.0,0.0
2026-04-12 18:13:20,30.8,59.0,30.0,53.8,0.0,0.0,0.0
2026-04-12 18:13:25,30.8,59.1,20.0,53.8,0.0,0.0,0.0
2026-04-12 18:13:30,30.7,59.0,27.3,53.8,0.0,0.0,0.0
2026-04-12 18:13:35,30.6,59.0,4.8,53.8,0.0,0.0,0.0
2026-04-12 18:13:40,30.7,59.0,0.0,53.8,0.0,0.0,0.0
2026-04-12 18:13:45,30.8,59.0,20.1,53.7,0.0,0.0,0.0
2026-04-12 18:13:50,30.6,59.0,29.9,53.7,0.0,0.0,0.0
2026-04-12 18:13:55,30.7,59.0,13.3,53.8,0.0,0.0,0.0
2026-04-12 18:14:00,30.8,59.0,11.0,53.8,0.0,0.0,0.0
2026-04-12 18:14:05,30.8,58.9,1.5,53.8,0.0,0.0,0.0
2026-04-12 18:14:10,30.8,59.0,19.9,53.8,0.0,0.0,0.0
2026-04-12 18:14:15,30.6,59.1,2.6,53.8,0.0,0.0,0.0
2026-04-12 18:14:20,30.5,59.1,0.0,53.8,0.0,0.0,0.0
2026-04-12 18:14:25,30.7,59.0,29.6,53.8,0.0,0.0,0.0
2026-04-12 18:14:30,30.8,59.0,14.6,53.7,0.0,0.0,0.0
2026-04-12 18:14:35,30.6,59.0,17.9,53.7,0.0,0.0,0.0
2026-04-12 18:14:40,30.7,59.1,0.2,53.7,0.0,0.0,0.0
2026-04-12 18:14:45,30.6,59.0,21.5,53.7,0.0,0.0,0.0
2026-04-12 18:14:50,30.7,59.1,24.7,53.7,0.0,0.0,0.0
2026-04-12 18:14:55,30.7,59.1,16.9,53.7,0.0,0.0,0.0
2026-04-12 18:15:00,30.7,59.1,21.9,53.7,0.0,0.0,0.0
2026-04-12 18:15:05,30.7,59.2,9.3,53.7,0.0,0.0,0.0
2026-04-12 18:15:10,30.7,59.2,0.0,53.7,0.0,0.0,0.0
2026-04-12 18:15:15,30.7,59.2,27.0,53.7,0.0,0.0,0.0
2026-04-12 18:15:20,30.8,59.2,11.7,53.7,0.0,0.0,0.0
2026-04-12 18:15:25,30.6,59.2,7.5,53.7,0.0,0.0,0.0
2026-04-12 18:15:30,30.6,59.3,28.8,53.7,0.0,0.0,0.0
2026-04-12 18:15:35,30.7,59.3,2.7,53.7,0.0,0.0,0.0
2026-04-12 18:15:40,30.6,59.5,16.8,53.7,0.0,0.0,0.0
2026-04-12 18:15:45,30.6,59.5,32.3,53.7,0.0,0.0,0.0
2026-04-12 18:15:50,30.7,59.7,41.4,53.7,0.0,0.0,0.0
2026-04-12 18:15:55,30.7,59.6,10.4,53.7,0.0,0.0,0.0
2026-04-12 18:16:00,30.6,59.7,24.2,53.7,0.0,0.0,0.0
2026-04-12 18:16:05,30.7,59.5,0.0,53.7,0.0,0.0,0.0
2026-04-12 18:16:10,30.6,59.5,10.1,53.7,0.0,0.0,0.0
2026-04-12 18:16:15,30.7,59.4,3.0,53.7,0.0,0.0,0.0
2026-04-12 18:16:20,30.8,59.4,23.6,53.7,0.0,0.0,0.0
2026-04-12 18:16:25,30.8,59.3,0.0,53.7,0.0,0.0,0.0
2026-04-12 18:16:30,30.5,59.2,14.3,53.7,0.0,0.0,0.0
2026-04-12 18:16:35,30.6,59.1,15.9,53.7,0.0,0.0,0.0
2026-04-12 18:16:40,30.5,59.0,14.8,53.7,0.0,0.0,0.0
2026-04-12 18:16:45,30.6,58.9,6.6,53.7,0.0,0.0,0.0
2026-04-12 18:16:50,30.6,58.9,20.9,53.7,0.0,0.0,0.0
2026-04-12 18:16:55,30.7,58.7,10.9,53.6,0.0,0.0,0.0
2026-04-12 18:17:00,30.7,58.8,1.2,53.6,0.0,0.0,0.0
2026-04-12 18:17:05,30.7,58.8,0.0,53.7,0.0,0.0,0.0
2026-04-12 18:17:10,30.7,58.9,13.2,53.7,0.0,0.0,0.0
2026-04-12 18:17:15,30.7,58.7,15.9,53.7,0.0,0.0,0.0
2026-04-12 18:17:20,30.5,58.8,3.4,53.7,0.0,0.0,0.0
2026-04-12 18:17:25,30.8,58.7,17.8,53.7,0.0,0.0,0.0
2026-04-12 18:17:30,30.6,58.8,14.3,53.7,0.0,0.0,0.0
2026-04-12 18:17:35,30.8,58.7,24.0,53.7,0.0,0.0,0.0
2026-04-12 18:17:40,30.6,58.6,17.9,53.7,0.0,0.0,0.0
2026-04-12 18:17:45,30.7,58.6,18.7,53.7,0.0,0.0,0.0
2026-04-12 18:17:50,30.6,58.7,18.3,53.7,0.0,0.0,0.0
2026-04-12 18:17:55,30.6,58.6,35.0,53.7,0.0,0.0,0.0
2026-04-12 18:18:00,30.6,58.6,16.8,53.7,0.0,0.0,0.0
2026-04-12 18:18:05,30.7,58.6,12.2,53.7,0.0,0.0,0.0
2026-04-12 18:18:10,30.7,58.6,26.0,53.7,0.0,0.0,0.0
2026-04-12 18:18:15,30.8,58.5,15.9,53.7,0.0,0.0,0.0
2026-04-12 18:18:20,30.7,58.5,0.0,53.7,0.0,0.0,0.0
2026-04-12 18:18:25,30.6,58.6,37.0,53.7,0.0,0.0,0.0
2026-04-12 18:18:30,30.8,58.6,2.5,53.7,0.0,0.0,0.0
2026-04-12 18:18:35,30.8,58.6,33.5,53.7,0.0,0.0,0.0
2026-04-12 18:18:40,30.5,58.5,20.0,53.7,0.0,0.0,0.0
2026-04-12 18:18:45,30.8,58.6,22.1,53.7,0.0,0.0,0.0
2026-04-12 18:18:50,30.6,58.6,10.7,53.7,0.0,0.0,0.0
2026-04-12 18:18:55,30.7,58.5,17.2,53.7,0.0,0.0,0.0
2026-04-12 18:19:00,30.7,58.6,25.8,53.6,0.0,0.0,0.0
2026-04-12 18:19:05,30.6,58.6,19.1,53.6,0.0,0.0,0.0
2026-04-12 18:19:10,30.7,58.6,11.5,53.7,0.0,0.0,0.0
2026-04-12 18:19:15,30.6,58.5,26.3,53.7,0.0,0.0,0.0
2026-04-12 18:19:20,30.7,58.5,42.1,53.7,0.0,0.0,0.0
2026-04-12 18:19:25,30.6,58.5,3.9,53.7,0.0,0.0,0.0
2026-04-12 18:19:30,30.7,58.7,20.9,53.7,0.0,0.0,0.0
2026-04-12 18:19:35,30.5,58.7,15.4,53.7,0.0,0.0,0.0
2026-04-12 18:19:40,30.7,58.8,20.5,53.7,0.0,0.0,0.0
2026-04-12 18:19:45,30.7,58.8,18.4,53.7,0.0,0.0,0.0
2026-04-12 18:19:50,30.8,58.9,1.6,53.7,0.0,0.0,0.0
2026-04-12 18:19:55,30.6,58.8,15.3,53.7,0.0,0.0,0.0
2026-04-12 18:20:00,30.7,58.6,34.7,53.7,0.0,0.0,0.0
2026-04-12 18:20:05,30.7,58.5,15.5,53.7,0.0,0.0,0.0
2026-04-12 18:20:10,30.7,58.6,20.6,53.7,0.0,0.0,0.0
2026-04-12 18:20:15,30.6,58.6,6.6,53.7,0.0,0.0,0.0
2026-04-12 18:20:20,30.7,58.6,12.9,53.7,0.0,0.0,0.0
2026-04-12 18:20:25,30.8,58.6,10.2,53.7,0.0,0.0,0.0
2026-04-12 18:20:30,30.6,58.6,25.4,53.7,0.0,0.0,0.0
2026-04-12 18:20:35,30.7,58.7,4.4,53.7,0.0,0.0,0.0
2026-04-12 18:20:40,30.8,58.7,6.0,53.7,0.0,0.0,0.0
2026-04-12 18:20:45,30.7,58.7,23.3,53.7,0.0,0.0,0.0
2026-04-12 18:20:50,30.6,58.8,2.1,53.7,0.0,0.0,0.0
2026-04-12 18:20:55,30.8,58.8,11.0,53.7,0.0,0.0,0.0
2026-04-12 18:21:00,30.8,58.7,28.1,53.7,0.0,0.0,0.0
2026-04-12 18:21:05,30.7,58.7,19.7,53.7,0.0,0.0,0.0
2026-04-12 18:21:10,30.7,58.7,3.6,53.7,0.0,0.0,0.0
2026-04-12 18:21:15,30.6,58.6,2.8,53.7,0.0,0.0,0.0
2026-04-12 18:21:20,30.6,58.7,24.0,53.7,0.0,0.0,0.0
2026-04-12 18:21:25,30.7,58.5,0.0,53.7,0.0,0.0,0.0
2026-04-12 18:21:30,30.6,58.5,31.4,53.7,0.0,0.0,0.0
2026-04-12 18:21:35,30.6,58.4,0.0,53.6,0.0,0.0,0.0
2026-04-12 18:21:40,30.6,58.5,27.0,53.6,0.0,0.0,0.0
2026-04-12 18:21:45,30.6,58.4,11.6,53.7,0.0,0.0,0.0
2026-04-12 18:21:50,30.8,58.3,31.1,53.7,0.0,0.0,0.0
2026-04-12 18:21:55,30.7,58.3,22.0,53.7,0.0,0.0,0.0
2026-04-12 18:22:00,30.6,58.2,22.1,53.7,0.0,0.0,0.0
2026-04-12 18:22:05,30.8,58.2,2.5,53.8,0.0,0.0,0.0
2026-04-12 18:22:10,30.7,58.1,27.1,53.8,0.0,0.0,0.0
2026-04-12 18:22:15,30.8,58.1,3.2,53.7,0.0,0.0,0.0
2026-04-12 18:22:20,30.6,58.1,0.0,53.7,0.0,0.0,0.0
2026-04-12 18:22:25,30.7,58.3,17.9,53.7,0.0,0.0,0.0
2026-04-12 18:22:30,30.7,58.3,23.7,53.7,0.0,0.0,0.0
2026-04-12 18:22:35,30.6,58.4,16.4,53.7,0.0,0.0,0.0
2026-04-12 18:22:40,30.7,58.4,15.5,53.7,0.0,0.0,0.0
2026-04-12 18:22:45,30.6,58.5,23.7,53.7,0.0,0.0,0.0
2026-04-12 18:22:50,30.6,58.5,18.0,53.7,0.0,0.0,0.0
2026-04-12 18:22:55,30.7,58.5,12.0,53.7,0.0,0.0,0.0
2026-04-12 18:23:00,30.6,58.6,16.1,53.7,0.0,0.0,0.0
2026-04-12 18:23:05,30.6,58.7,14.4,53.7,0.0,0.0,0.0
2026-04-12 18:23:10,30.5,58.7,10.5,53.7,0.0,0.0,0.0
2026-04-12 18:23:15,30.5,58.7,0.0,53.7,0.0,0.0,0.0
2026-04-12 18:23:20,30.4,58.6,15.1,53.7,0.0,0.0,0.0
2026-04-12 18:23:25,30.6,58.6,12.7,53.7,0.0,0.0,0.0
2026-04-12 18:23:30,30.7,58.6,0.0,53.7,0.0,0.0,0.0
2026-04-12 18:23:35,30.7,58.6,20.1,53.8,0.0,0.0,0.0
2026-04-12 18:23:40,30.7,58.7,11.5,53.8,0.0,0.0,0.0
2026-04-12 18:23:45,30.7,58.7,5.8,53.7,0.0,0.0,0.0
2026-04-12 18:23:50,30.7,58.7,0.0,53.7,0.0,0.0,0.0
2026-04-12 18:23:55,30.6,58.9,5.6,53.7,0.0,0.0,0.0
2026-04-12 18:24:00,30.5,58.7,0.7,53.7,0.0,0.0,0.0
2026-04-12 18:24:05,30.6,58.8,13.6,53.7,0.0,0.0,0.0
2026-04-12 18:24:10,30.6,58.9,37.6,53.7,0.0,0.0,0.0
2026-04-12 18:24:15,30.6,58.9,16.9,53.7,0.0,0.0,0.0
2026-04-12 18:24:20,30.7,58.9,9.5,53.7,0.0,0.0,0.0
2026-04-12 18:24:25,30.6,58.7,19.4,53.7,0.0,0.0,0.0
2026-04-12 18:24:30,30.6,58.7,21.5,53.7,0.0,0.0,0.0
2026-04-12 18:24:35,30.7,58.7,10.7,53.7,0.0,0.0,0.0
2026-04-12 18:24:40,30.5,58.7,14.3,53.7,0.0,0.0,0.0
2026-04-12 18:24:45,30.7,58.7,1.8,53.7,0.0,0.0,0.0
2026-04-12 18:24:50,30.5,58.8,20.2,53.7,0.0,0.0,0.0
2026-04-12 18:24:55,30.6,58.9,21.8,53.7,0.0,0.0,0.0
2026-04-12 18:25:00,30.8,59.1,11.5,53.7,0.0,0.0,0.0
2026-04-12 18:25:05,30.6,59.2,28.2,53.7,0.0,0.0,0.0
2026-04-12 18:25:10,30.7,59.2,26.7,53.7,0.0,0.0,0.0
2026-04-12 18:25:15,30.5,59.2,9.6,53.7,0.0,0.0,0.0
2026-04-12 18:25:20,30.6,59.1,21.3,53.7,0.0,0.0,0.0
2026-04-12 18:25:25,30.6,59.0,7.7,53.7,0.0,0.0,0.0
2026-04-12 18:25:30,30.8,59.0,0.0,53.7,0.0,0.0,0.0
2026-04-12 18:25:35,30.9,59.2,8.1,53.7,0.0,0.0,0.0
2026-04-12 18:25:40,30.6,59.2,2.9,53.7,0.0,0.0,0.0
2026-04-12 18:25:45,30.6,59.0,25.3,53.6,0.0,0.0,0.0
2026-04-12 18:25:50,30.7,58.9,9.0,53.6,0.0,0.0,0.0
2026-04-12 18:25:55,30.6,59.0,2.4,53.6,0.0,0.0,0.0
2026-04-12 18:26:00,30.8,58.9,20.1,53.6,0.0,0.0,0.0
2026-04-12 18:26:05,30.6,58.8,25.6,53.7,0.0,0.0,0.0
2026-04-12 18:26:10,30.7,58.8,32.7,53.7,0.0,0.0,0.0
2026-04-12 18:26:15,30.6,58.9,26.3,53.7,0.0,0.0,0.0
2026-04-12 18:26:20,30.6,59.0,26.0,53.6,0.0,0.0,0.0
2026-04-12 18:26:25,30.7,58.9,13.5,53.6,0.0,0.0,0.0
2026-04-12 18:26:30,30.7,58.8,16.6,53.7,0.0,0.0,0.0
2026-04-12 18:26:35,30.6,58.9,15.8,53.7,0.0,0.0,0.0
2026-04-12 18:26:40,30.6,58.9,33.8,53.7,0.0,0.0,0.0
2026-04-12 18:26:45,30.5,58.9,22.9,53.7,0.0,0.0,0.0
2026-04-12 18:26:50,30.6,58.8,13.3,53.7,0.0,0.0,0.0
2026-04-12 18:26:55,30.7,58.8,14.7,53.7,0.0,0.0,0.0
2026-04-12 18:27:00,30.5,58.7,0.0,53.7,0.0,0.0,0.0
2026-04-12 18:27:05,30.6,58.7,0.6,53.7,0.0,0.0,0.0
2026-04-12 18:27:10,30.7,58.7,33.1,53.7,0.0,0.0,0.0
2026-04-12 18:27:15,30.7,58.7,18.9,53.7,0.0,0.0,0.0
2026-04-12 18:27:20,30.7,58.7,24.4,53.7,0.0,0.0,0.0
2026-04-12 18:27:25,30.7,58.7,23.4,53.7,0.0,0.0,0.0
2026-04-12 18:27:30,30.6,58.8,25.1,53.7,0.0,0.0,0.0
2026-04-12 18:27:35,30.7,58.8,12.8,53.7,0.0,0.0,0.0
2026-04-12 18:27:40,30.7,58.8,8.0,53.7,0.0,0.0,0.0
2026-04-12 18:27:45,30.6,58.9,0.0,53.7,0.0,0.0,0.0
2026-04-12 18:27:50,30.6,58.9,8.8,53.7,0.0,0.0,0.0
2026-04-12 18:27:55,30.5,59.0,35.9,53.7,0.0,0.0,0.0
2026-04-12 18:28:00,30.6,59.1,23.8,53.7,0.0,0.0,0.0
2026-04-12 18:28:05,30.6,59.2,22.7,53.7,0.0,0.0,0.0
2026-04-12 18:28:10,30.8,59.2,16.5,53.7,0.0,0.0,0.0
2026-04-12 18:28:15,30.6,59.1,20.7,53.7,0.0,0.0,0.0
2026-04-12 18:28:20,30.6,58.9,21.6,53.7,0.0,0.0,0.0
2026-04-12 18:28:25,30.6,59.0,28.2,53.7,0.0,0.0,0.0
2026-04-12 18:28:30,30.6,58.9,36.7,53.7,0.0,0.0,0.0
2026-04-12 18:28:35,30.7,58.9,6.1,53.7,0.0,0.0,0.0
2026-04-12 18:28:40,30.7,59.0,13.3,53.7,0.0,0.0,0.0
2026-04-12 18:28:45,30.6,59.0,25.7,53.7,0.0,0.0,0.0
2026-04-12 18:28:50,30.6,59.1,17.7,53.7,0.0,0.0,0.0
2026-04-12 18:28:55,30.6,59.1,39.8,53.7,0.0,0.0,0.0
2026-04-12 18:29:00,30.7,59.1,6.1,53.7,0.0,0.0,0.0
2026-04-12 18:29:05,30.6,59.2,20.8,53.7,0.0,0.0,0.0
2026-04-12 18:29:10,30.6,59.1,28.8,53.7,0.0,0.0,0.0
2026-04-12 18:29:15,30.7,59.0,31.1,53.7,0.0,0.0,0.0
2026-04-12 18:29:20,30.5,59.0,15.3,53.7,0.0,0.0,0.0
2026-04-12 18:29:25,30.7,58.9,0.0,53.7,0.0,0.0,0.0
2026-04-12 18:29:30,30.8,58.9,23.9,53.7,0.0,0.0,0.0
2026-04-12 18:29:35,30.6,58.9,5.8,53.7,0.0,0.0,0.0
2026-04-12 18:29:40,30.7,58.9,25.4,53.7,0.0,0.0,0.0
2026-04-12 18:29:45,30.4,58.9,9.2,53.7,0.0,0.0,0.0
2026-04-12 18:29:50,30.6,58.9,24.1,53.7,0.0,0.0,0.0
2026-04-12 18:29:55,30.7,58.9,17.1,53.7,0.0,0.0,0.0
2026-04-12 18:30:00,30.7,59.0,5.8,53.7,0.0,0.0,0.0
2026-04-12 18:30:05,30.7,59.0,26.5,53.7,0.0,0.0,0.0
2026-04-12 18:30:10,30.7,59.0,23.9,53.7,0.0,0.0,0.0
2026-04-12 18:30:15,30.6,59.0,18.5,53.8,0.0,0.0,0.0
2026-04-12 18:30:20,30.7,58.9,21.6,53.8,0.0,0.0,0.0
2026-04-12 18:30:25,30.5,59.0,21.7,53.7,0.0,0.0,0.0
2026-04-12 18:30:30,30.7,59.0,19.1,53.7,0.0,0.0,0.0
2026-04-12 18:30:35,30.7,59.0,14.9,53.7,0.0,0.0,0.0
2026-04-12 18:30:40,30.8,59.0,1.3,53.7,0.0,0.0,0.0
2026-04-12 18:30:45,30.6,59.1,15.4,53.7,0.0,0.0,0.0
2026-04-12 18:30:50,30.6,59.0,1.5,53.7,0.0,0.0,0.0
2026-04-12 18:30:55,30.7,59.1,13.4,53.7,0.0,0.0,0.0
2026-04-12 18:31:00,30.6,59.1,17.5,53.7,0.0,0.0,0.0
2026-04-12 18:31:05,30.5,59.1,13.7,53.7,0.0,0.0,0.0
2026-04-12 18:31:10,30.6,59.0,21.3,53.7,0.0,0.0,0.0
2026-04-12 18:31:15,30.8,59.1,0.0,53.7,0.0,0.0,0.0
2026-04-12 18:31:20,30.7,59.0,24.1,53.7,0.0,0.0,0.0
2026-04-12 18:31:25,30.6,59.0,12.0,53.7,0.0,0.0,0.0
2026-04-12 18:31:30,30.7,58.9,9.9,53.7,0.0,0.0,0.0
2026-04-12 18:31:35,30.5,59.0,8.0,53.7,0.0,0.0,0.0
2026-04-12 18:31:40,30.7,59.0,29.6,53.7,0.0,0.0,0.0
2026-04-12 18:31:45,30.6,59.0,13.6,53.7,0.0,0.0,0.0
2026-04-12 18:31:50,30.7,58.9,28.3,53.7,0.0,0.0,0.0
2026-04-12 18:31:55,30.6,58.9,7.6,53.7,0.0,0.0,0.0
2026-04-12 18:32:00,30.7,59.0,7.8,53.7,0.0,0.0,0.0
2026-04-12 18:32:05,30.7,59.0,24.9,53.7,0.0,0.0,0.0
2026-04-12 18:32:10,30.7,58.8,15.4,53.7,0.0,0.0,0.0
2026-04-12 18:32:15,30.7,58.7,18.0,53.7,0.0,0.0,0.0
2026-04-12 18:32:20,30.7,58.7,16.8,53.7,0.0,0.0,0.0
2026-04-12 18:32:25,30.5,58.7,18.6,53.7,0.0,0.0,0.0
2026-04-12 18:32:30,30.6,58.7,17.6,53.7,0.0,0.0,0.0
2026-04-12 18:32:35,30.7,58.6,0.0,53.7,0.0,0.0,0.0
2026-04-12 18:32:40,30.7,58.5,12.0,53.7,0.0,0.0,0.0
2026-04-12 18:32:45,30.6,58.5,19.5,53.7,0.0,0.0,0.0
2026-04-12 18:32:50,30.7,58.4,25.7,53.7,0.0,0.0,0.0
2026-04-12 18:32:55,30.6,58.3,26.3,53.7,0.0,0.0,0.0
2026-04-12 18:33:00,30.7,58.3,27.7,53.7,0.0,0.0,0.0
2026-04-12 18:33:05,30.7,58.3,18.8,53.7,0.0,0.0,0.0
2026-04-12 18:33:10,30.8,58.1,15.4,53.7,0.0,0.0,0.0
2026-04-12 18:33:15,30.7,58.0,10.9,53.7,0.0,0.0,0.0
2026-04-12 18:33:20,30.6,58.0,8.4,53.7,0.0,0.0,0.0
2026-04-12 18:33:25,30.6,58.0,19.6,53.7,0.0,0.0,0.0
2026-04-12 18:33:30,30.6,58.0,5.9,53.7,0.0,0.0,0.0
2026-04-12 18:33:35,30.7,58.0,10.9,53.7,0.0,0.0,0.0
2026-04-12 18:33:40,30.6,58.1,12.4,53.7,0.0,0.0,0.0
2026-04-12 18:33:45,30.7,58.2,6.7,53.7,0.0,0.0,0.0
2026-04-12 18:33:50,30.8,58.2,22.2,53.7,0.0,0.0,0.0
2026-04-12 18:33:55,30.7,58.3,24.9,53.7,0.0,0.0,0.0
2026-04-12 18:34:00,30.7,58.3,22.6,53.7,0.0,0.0,0.0
2026-04-12 18:34:05,30.5,58.4,1.2,53.7,0.0,0.0,0.0
2026-04-12 18:34:10,30.7,58.5,19.3,53.7,0.0,0.0,0.0
2026-04-12 18:34:15,30.6,58.6,12.9,53.7,0.0,0.0,0.0
2026-04-12 18:34:20,30.5,58.5,19.0,53.6,0.0,0.0,0.0
2026-04-12 18:34:25,30.5,58.6,0.0,53.6,0.0,0.0,0.0
2026-04-12 18:34:30,30.7,58.6,0.7,53.6,0.0,0.0,0.0
2026-04-12 18:34:35,30.8,58.6,17.1,53.7,0.0,0.0,0.0
2026-04-12 18:34:40,30.6,58.8,15.4,53.7,0.0,0.0,0.0
2026-04-12 18:34:45,30.7,58.8,23.3,53.7,0.0,0.0,0.0
2026-04-12 18:34:50,30.9,58.9,25.4,53.7,0.0,0.0,0.0
2026-04-12 18:34:55,30.6,58.7,23.8,53.7,0.0,0.0,0.0
2026-04-12 18:35:00,30.7,58.8,18.0,53.7,0.0,0.0,0.0
2026-04-12 18:35:05,30.6,58.8,10.5,53.7,0.0,0.0,0.0
2026-04-12 18:35:10,30.8,58.7,12.8,53.7,0.0,0.0,0.0
2026-04-12 18:35:15,30.7,58.7,18.9,53.7,0.0,0.0,0.0
2026-04-12 18:35:20,30.6,58.7,10.4,53.7,0.0,0.0,0.0
2026-04-12 18:35:25,30.7,58.8,22.3,53.7,0.0,0.0,0.0
2026-04-12 18:35:30,30.5,58.7,17.3,53.7,0.0,0.0,0.0
2026-04-12 18:35:35,30.8,58.7,15.2,53.7,0.0,0.0,0.0
2026-04-12 18:35:40,30.8,58.7,25.6,53.7,0.0,0.0,0.0
2026-04-12 18:35:45,30.7,58.7,8.6,53.7,0.0,0.0,0.0
2026-04-12 18:35:50,30.8,58.7,14.3,53.7,0.0,0.0,0.0
2026-04-12 18:35:55,30.8,58.7,0.0,53.7,0.0,0.0,0.0
2026-04-12 18:36:00,30.7,58.8,32.1,53.7,0.0,0.0,0.0
2026-04-12 18:36:05,30.7,58.8,24.7,53.7,0.0,0.0,0.0
2026-04-12 18:36:10,30.6,58.9,0.0,53.6,0.0,0.0,0.0
2026-04-12 18:36:15,30.6,58.9,11.9,53.6,0.0,0.0,0.0
2026-04-12 18:36:20,30.7,58.8,5.0,53.6,0.0,0.0,0.0
2026-04-12 18:36:25,30.7,58.9,4.1,53.6,0.0,0.0,0.0
2026-04-12 18:36:30,30.7,59.0,5.3,53.6,0.0,0.0,0.0
2026-04-12 18:36:35,30.6,59.0,16.9,53.7,0.0,0.0,0.0
2026-04-12 18:36:40,30.6,59.0,0.0,53.7,0.0,0.0,0.0
2026-04-12 18:36:45,30.8,58.9,12.4,53.7,0.0,0.0,0.0
2026-04-12 18:36:50,30.7,59.0,14.3,53.7,0.0,0.0,0.0
2026-04-12 18:36:55,30.6,59.0,31.4,53.7,0.0,0.0,0.0
2026-04-12 18:37:00,30.6,59.0,12.9,53.7,0.0,0.0,0.0
2026-04-12 18:37:05,30.5,59.0,25.7,53.7,0.0,0.0,0.0
2026-04-12 18:37:10,30.6,59.1,0.0,53.7,0.0,0.0,0.0
2026-04-12 18:37:15,30.6,58.9,13.9,53.7,0.0,0.0,0.0
2026-04-12 18:37:20,30.7,58.9,0.0,53.7,0.0,0.0,0.0
2026-04-12 18:37:25,30.7,58.8,13.0,53.7,0.0,0.0,0.0
2026-04-12 18:37:30,30.6,58.8,7.1,53.7,0.0,0.0,0.0
2026-04-12 18:37:35,30.8,58.8,6.1,53.7,0.0,0.0,0.0
2026-04-12 18:37:40,30.7,58.9,12.1,53.7,0.0,0.0,0.0
2026-04-12 18:37:45,30.7,59.0,22.1,53.7,0.0,0.0,0.0
2026-04-12 18:37:50,30.6,58.9,21.5,53.7,0.0,0.0,0.0
2026-04-12 18:37:55,30.7,58.9,25.6,53.7,0.0,0.0,0.0
2026-04-12 18:38:00,30.7,59.0,7.9,53.7,0.0,0.0,0.0
2026-04-12 18:38:05,30.5,59.0,22.1,53.7,0.0,0.0,0.0
2026-04-12 18:38:10,30.8,59.1,7.1,53.7,0.0,0.0,0.0
2026-04-12 18:38:15,30.6,59.1,6.3,53.7,0.0,0.0,0.0
2026-04-12 18:38:20,30.7,59.0,26.8,53.7,0.0,0.0,0.0
2026-04-12 18:38:25,30.6,58.9,0.0,53.7,0.0,0.0,0.0
2026-04-12 18:38:30,30.7,59.0,35.9,53.7,0.0,0.0,0.0
2026-04-12 18:38:35,30.7,59.0,16.5,53.7,0.0,0.0,0.0
2026-04-12 18:38:40,30.6,59.1,10.2,53.7,0.0,0.0,0.0
2026-04-12 18:38:45,30.6,59.2,16.7,53.7,0.0,0.0,0.0
2026-04-12 18:38:50,30.8,59.2,7.1,53.7,0.0,0.0,0.0
2026-04-12 18:38:55,30.7,59.1,6.9,53.7,0.0,0.0,0.0
2026-04-12 18:39:00,30.6,59.0,27.2,53.7,0.0,0.0,0.0
2026-04-12 18:39:05,30.6,59.1,16.6,53.7,0.0,0.0,0.0
2026-04-12 18:39:10,30.6,59.0,25.6,53.7,0.0,0.0,0.0
2026-04-12 18:39:15,30.6,59.0,10.4,53.7,0.0,0.0,0.0
2026-04-12 18:39:20,30.6,59.1,7.4,53.7,0.0,0.0,0.0
2026-04-12 18:39:25,30.7,59.1,11.6,53.7,0.0,0.0,0.0
2026-04-12 18:39:30,30.7,59.3,17.8,53.7,0.0,0.0,0.0
2026-04-12 18:39:35,30.6,59.2,26.6,53.7,0.0,0.0,0.0
2026-04-12 18:39:40,30.6,59.1,2.9,53.7,0.0,0.0,0.0
2026-04-12 18:39:45,30.6,59.0,31.9,53.7,0.0,0.0,0.0
2026-04-12 18:39:50,30.6,59.1,15.9,53.7,0.0,0.0,0.0
2026-04-12 18:39:55,30.7,59.1,0.0,53.7,0.0,0.0,0.0
2026-04-12 18:40:00,30.6,59.0,0.0,53.7,0.0,0.0,0.0
2026-04-12 18:40:05,30.7,59.0,14.0,53.7,0.0,0.0,0.0
2026-04-12 18:40:10,30.6,59.0,19.9,53.7,0.0,0.0,0.0
2026-04-12 18:40:15,30.5,59.0,13.1,53.7,0.0,0.0,0.0
2026-04-12 18:40:20,30.7,59.0,8.2,53.7,0.0,0.0,0.0
2026-04-12 18:40:25,30.7,59.0,6.7,53.7,0.0,0.0,0.0
2026-04-12 18:40:30,30.7,59.1,40.1,53.7,0.0,0.0,0.0
2026-04-12 18:40:35,30.5,59.1,21.1,53.7,0.0,0.0,0.0
2026-04-12 18:40:40,30.6,59.1,6.0,53.7,0.0,0.0,0.0
2026-04-12 18:40:45,30.5,59.1,3.6,53.7,0.0,0.0,0.0
2026-04-12 18:40:50,30.7,59.0,9.4,53.7,0.0,0.0,0.0
2026-04-12 18:40:55,30.7,59.0,22.6,53.7,0.0,0.0,0.0
2026-04-12 18:41:00,30.7,59.2,29.2,53.7,0.0,0.0,0.0
2026-04-12 18:41:05,30.5,59.0,9.7,53.6,0.0,0.0,0.0
2026-04-12 18:41:10,30.7,59.0,7.9,53.6,0.0,0.0,0.0
2026-04-12 18:41:15,30.6,59.0,7.9,53.6,0.0,0.0,0.0
2026-04-12 18:41:20,30.6,59.2,19.3,53.7,0.0,0.0,0.0
2026-04-12 18:41:25,30.5,59.2,18.1,53.7,0.0,0.0,0.0
2026-04-12 18:41:30,30.5,59.2,27.5,53.7,0.0,0.0,0.0
2026-04-12 18:41:35,30.6,59.3,3.3,53.7,0.0,0.0,0.0
2026-04-12 18:41:40,30.5,59.2,10.9,53.7,0.0,0.0,0.0
2026-04-12 18:41:45,30.6,59.1,6.2,53.7,0.0,0.0,0.0
2026-04-12 18:41:50,30.6,59.0,1.5,53.7,0.0,0.0,0.0
2026-04-12 18:41:55,30.7,58.9,14.9,53.7,0.0,0.0,0.0
2026-04-12 18:42:00,30.6,58.9,14.5,53.7,0.0,0.0,0.0
2026-04-12 18:42:05,30.5,58.8,14.8,53.7,0.0,0.0,0.0
2026-04-12 18:42:10,30.5,58.9,0.0,53.7,0.0,0.0,0.0
2026-04-12 18:42:15,30.6,58.9,3.9,53.7,0.0,0.0,0.0
2026-04-12 18:42:20,30.6,58.8,4.8,53.7,0.0,0.0,0.0
2026-04-12 18:42:25,30.6,58.9,0.0,53.7,0.0,0.0,0.0
2026-04-12 18:42:30,30.7,59.0,10.2,53.7,0.0,0.0,0.0
2026-04-12 18:42:35,30.7,59.0,11.2,53.7,0.0,0.0,0.0
2026-04-12 18:42:40,30.6,59.0,8.0,53.7,0.0,0.0,0.0
2026-04-12 18:42:45,30.6,59.1,10.4,53.7,0.0,0.0,0.0
2026-04-12 18:42:50,30.7,59.1,0.0,53.7,0.0,0.0,0.0
2026-04-12 18:42:55,30.6,58.9,22.7,53.7,0.0,0.0,0.0
2026-04-12 18:43:00,30.6,58.9,1.3,53.7,0.0,0.0,0.0
2026-04-12 18:43:05,30.7,58.9,8.7,53.7,0.0,0.0,0.0
2026-04-12 18:43:10,30.6,59.1,4.7,53.7,0.0,0.0,0.0
2026-04-12 18:43:15,30.7,59.1,18.9,53.7,0.0,0.0,0.0
2026-04-12 18:43:20,30.6,59.0,3.9,53.7,0.0,0.0,0.0
2026-04-12 18:43:25,30.6,59.0,9.4,53.7,0.0,0.0,0.0
2026-04-12 18:43:30,30.7,58.9,6.1,53.7,0.0,0.0,0.0
2026-04-12 18:43:35,30.6,58.9,28.8,53.7,0.0,0.0,0.0
2026-04-12 18:43:40,30.7,58.8,22.4,53.7,0.0,0.0,0.0
2026-04-12 18:43:45,30.7,58.8,14.9,53.7,0.0,0.0,0.0
2026-04-12 18:43:50,30.6,58.9,13.6,53.6,0.0,0.0,0.0
2026-04-12 18:43:55,30.7,58.9,21.9,53.6,0.0,0.0,0.0
2026-04-12 18:44:00,30.7,58.9,25.2,53.7,0.0,0.0,0.0
2026-04-12 18:44:05,30.6,58.8,16.8,53.7,0.0,0.0,0.0
2026-04-12 18:44:10,30.6,58.8,14.1,53.7,0.0,0.0,0.0
2026-04-12 18:44:15,30.6,58.7,0.0,53.7,0.0,0.0,0.0
2026-04-12 18:44:20,30.6,58.8,4.0,53.7,0.0,0.0,0.0
2026-04-12 18:44:25,30.7,58.9,17.3,53.7,0.0,0.0,0.0
2026-04-12 18:44:30,30.7,59.0,14.4,53.7,0.0,0.0,0.0
2026-04-12 18:44:35,30.7,59.1,15.0,53.7,0.0,0.0,0.0
2026-04-12 18:44:40,30.6,59.1,15.8,53.7,0.0,0.0,0.0
2026-04-12 18:44:45,30.7,59.0,17.4,53.7,0.0,0.0,0.0
2026-04-12 18:44:50,30.7,59.1,6.1,53.7,0.0,0.0,0.0
2026-04-12 18:44:55,30.7,58.9,15.6,53.7,0.0,0.0,0.0
2026-04-12 18:45:00,30.7,58.9,21.4,53.7,0.0,0.0,0.0
2026-04-12 18:45:05,30.7,58.9,4.9,53.7,0.0,0.0,0.0
2026-04-12 18:45:10,30.7,58.9,0.7,53.7,0.0,0.0,0.0
2026-04-12 18:45:15,30.7,58.9,20.7,53.7,0.0,0.0,0.0
2026-04-12 18:45:20,30.6,58.9,10.8,53.7,0.0,0.0,0.0
2026-04-12 18:45:25,30.7,58.9,12.6,53.7,0.0,0.0,0.0
2026-04-12 18:45:30,30.7,58.8,24.6,53.7,0.0,0.0,0.0
2026-04-12 18:45:35,30.6,58.9,9.6,53.7,0.0,0.0,0.0
2026-04-12 18:45:40,30.6,58.9,2.3,53.7,0.0,0.0,0.0
2026-04-12 18:45:45,30.7,58.9,34.8,53.7,0.0,0.0,0.0
2026-04-12 18:45:50,30.6,58.8,27.5,53.7,0.0,0.0,0.0
2026-04-12 18:45:55,30.6,58.8,14.3,53.7,0.0,0.0,0.0
2026-04-12 18:46:00,30.7,58.8,13.2,53.7,0.0,0.0,0.0
2026-04-12 18:46:05,30.6,58.8,6.9,53.7,0.0,0.0,0.0
2026-04-12 18:46:10,30.6,58.7,20.8,53.7,0.0,0.0,0.0
2026-04-12 18:46:15,30.8,58.7,16.6,53.7,0.0,0.0,0.0
2026-04-12 18:46:20,30.8,58.7,25.4,53.7,0.0,0.0,0.0
2026-04-12 18:46:25,30.7,58.7,19.4,53.7,0.0,0.0,0.0
2026-04-12 18:46:30,30.7,58.8,17.3,53.7,0.0,0.0,0.0
2026-04-12 18:46:35,30.7,58.8,10.5,53.7,0.0,0.0,0.0
2026-04-12 18:46:40,30.8,58.8,38.5,53.7,0.0,0.0,0.0
2026-04-12 18:46:45,30.7,58.8,0.0,53.7,0.0,0.0,0.0
2026-04-12 18:46:50,30.6,59.0,18.3,53.7,0.0,0.0,0.0
2026-04-12 18:46:55,30.6,59.0,2.1,53.7,0.0,0.0,0.0
2026-04-12 18:47:00,30.6,59.1,10.4,53.7,0.0,0.0,0.0
2026-04-12 18:47:05,30.6,59.1,12.3,53.7,0.0,0.0,0.0
2026-04-12 18:47:10,30.6,59.1,0.3,53.7,0.0,0.0,0.0
2026-04-12 18:47:15,30.7,59.0,7.3,53.7,0.0,0.0,0.0
2026-04-12 18:47:20,30.6,58.9,8.4,53.7,0.0,0.0,0.0
2026-04-12 18:47:25,30.8,59.0,19.2,53.7,0.0,0.0,0.0
2026-04-12 18:47:30,30.8,59.0,29.9,53.7,0.0,0.0,0.0
2026-04-12 18:47:35,30.7,59.1,7.3,53.7,0.0,0.0,0.0
2026-04-12 18:47:40,30.7,58.9,0.0,53.7,0.0,0.0,0.0
2026-04-12 18:47:45,30.7,58.9,18.9,53.7,0.0,0.0,0.0
2026-04-12 18:47:50,30.6,58.9,0.9,53.7,0.0,0.0,0.0
2026-04-12 18:47:55,30.7,58.9,25.5,53.7,0.0,0.0,0.0
2026-04-12 18:48:00,30.7,58.8,21.2,53.6,0.0,0.0,0.0
2026-04-12 18:48:05,30.7,59.0,28.6,53.6,0.0,0.0,0.0
2026-04-12 18:48:10,30.6,59.1,22.3,53.6,0.0,0.0,0.0
2026-04-12 18:48:15,30.6,59.0,10.8,53.6,0.0,0.0,0.0
2026-04-12 18:48:20,30.7,59.0,6.2,53.6,0.0,0.0,0.0
2026-04-12 18:48:25,30.8,58.9,17.3,53.6,0.0,0.0,0.0
2026-04-12 18:48:30,30.7,58.8,6.3,53.6,0.0,0.0,0.0
2026-04-12 18:48:35,30.5,58.9,18.3,53.7,0.0,0.0,0.0
2026-04-12 18:48:40,30.6,59.0,8.6,53.7,0.0,0.0,0.0
2026-04-12 18:48:45,30.5,58.9,7.3,53.6,0.0,0.0,0.0
2026-04-12 18:48:50,30.6,58.9,18.6,53.6,0.0,0.0,0.0
2026-04-12 18:48:55,30.6,58.9,5.7,53.6,0.0,0.0,0.0
2026-04-12 18:49:00,30.7,58.9,7.1,53.6,0.0,0.0,0.0
2026-04-12 18:49:05,30.7,58.8,20.2,53.6,0.0,0.0,0.0
2026-04-12 18:49:10,30.7,58.8,5.7,53.7,0.0,0.0,0.0
2026-04-12 18:49:15,30.7,58.8,10.9,53.7,0.0,0.0,0.0
2026-04-12 18:49:20,30.7,58.8,28.9,53.6,0.0,0.0,0.0
2026-04-12 18:49:25,30.8,58.9,3.4,53.6,0.0,0.0,0.0
2026-04-12 18:49:30,30.6,58.9,5.5,53.6,0.0,0.0,0.0
2026-04-12 18:49:35,30.7,59.0,18.2,53.6,0.0,0.0,0.0
2026-04-12 18:49:40,30.7,59.0,1.7,53.6,0.0,0.0,0.0
2026-04-12 18:49:45,30.7,59.1,1.7,53.6,0.0,0.0,0.0
2026-04-12 18:49:50,30.7,59.1,14.7,53.6,0.0,0.0,0.0
2026-04-12 18:49:55,30.7,59.0,0.0,53.6,0.0,0.0,0.0
2026-04-12 18:50:00,30.6,59.0,13.1,53.6,0.0,0.0,0.0
2026-04-12 18:50:05,30.6,59.1,22.7,53.6,0.0,0.0,0.0
2026-04-12 18:50:10,30.5,59.0,13.9,53.6,0.0,0.0,0.0
2026-04-12 18:50:15,30.7,58.9,0.0,53.6,0.0,0.0,0.0
2026-04-12 18:50:20,30.6,59.0,27.3,53.6,0.0,0.0,0.0
2026-04-12 18:50:25,30.7,59.1,9.9,53.6,0.0,0.0,0.0
2026-04-12 18:50:30,30.7,59.1,19.8,53.6,0.0,0.0,0.0
2026-04-12 18:50:35,30.8,59.1,14.1,53.6,0.0,0.0,0.0
2026-04-12 18:50:40,30.7,59.1,21.0,53.6,0.0,0.0,0.0
2026-04-12 18:50:45,30.5,59.0,19.4,53.6,0.0,0.0,0.0
2026-04-12 18:50:50,30.7,58.9,13.5,53.6,0.0,0.0,0.0
2026-04-12 18:50:55,30.6,59.0,14.3,53.6,0.0,0.0,0.0
2026-04-12 18:51:00,30.6,59.1,15.6,53.6,0.0,0.0,0.0
2026-04-12 18:51:05,30.8,58.9,1.0,53.6,0.0,0.0,0.0
2026-04-12 18:51:10,30.7,58.9,5.9,53.6,0.0,0.0,0.0
2026-04-12 18:51:15,30.7,58.8,8.4,53.6,0.0,0.0,0.0
2026-04-12 18:51:20,30.6,58.8,16.4,53.6,0.0,0.0,0.0
2026-04-12 18:51:25,30.8,58.7,30.1,53.6,0.0,0.0,0.0
2026-04-12 18:51:30,30.6,58.8,8.8,53.5,0.0,0.0,0.0
2026-04-12 18:51:35,30.6,58.7,19.3,53.5,0.0,0.0,0.0
2026-04-12 18:51:40,30.7,58.7,0.0,53.6,0.0,0.0,0.0
2026-04-12 18:51:45,30.7,58.8,20.8,53.6,0.0,0.0,0.0
2026-04-12 18:51:50,30.7,58.8,0.0,53.6,0.0,0.0,0.0
2026-04-12 18:51:55,30.7,58.8,25.1,53.6,0.0,0.0,0.0
2026-04-12 18:52:00,30.6,58.9,27.0,53.6,0.0,0.0,0.0
2026-04-12 18:52:05,30.7,58.9,25.7,53.6,0.0,0.0,0.0
2026-04-12 18:52:10,30.5,58.9,21.8,53.6,0.0,0.0,0.0
2026-04-12 18:52:15,30.6,58.8,17.8,53.6,0.0,0.0,0.0
2026-04-12 18:52:20,30.6,58.8,13.9,53.6,0.0,0.0,0.0
2026-04-12 18:52:25,30.6,58.8,12.6,53.6,0.0,0.0,0.0
2026-04-12 18:52:30,30.5,58.9,18.2,53.6,0.0,0.0,0.0
2026-04-12 18:52:35,30.7,58.7,18.8,53.6,0.0,0.0,0.0
2026-04-12 18:52:40,30.6,58.8,13.6,53.6,0.0,0.0,0.0
2026-04-12 18:52:45,30.6,58.8,26.6,53.6,0.0,0.0,0.0
2026-04-12 18:52:50,30.7,58.9,44.6,53.6,0.0,0.0,0.0
2026-04-12 18:52:55,30.6,58.8,22.0,53.6,0.0,0.0,0.0
2026-04-12 18:53:00,30.8,58.7,8.9,53.6,0.0,0.0,0.0
2026-04-12 18:53:05,30.7,58.8,13.3,53.6,0.0,0.0,0.0
2026-04-12 18:53:10,30.9,58.8,4.3,53.6,0.0,0.0,0.0
2026-04-12 18:53:15,30.6,58.9,36.3,53.6,0.0,0.0,0.0
2026-04-12 18:53:20,30.6,58.9,5.4,53.6,0.0,0.0,0.0
2026-04-12 18:53:25,30.6,58.8,19.7,53.6,0.0,0.0,0.0
2026-04-12 18:53:30,30.6,58.8,5.5,53.6,0.0,0.0,0.0
2026-04-12 18:53:35,30.7,58.7,9.7,53.6,0.0,0.0,0.0
2026-04-12 18:53:40,30.6,58.6,12.1,53.6,0.0,0.0,0.0
2026-04-12 18:53:45,30.7,58.7,25.8,53.6,0.0,0.0,0.0
2026-04-12 18:53:50,30.8,58.7,15.9,53.6,0.0,0.0,0.0
2026-04-12 18:53:55,30.8,58.7,6.3,53.6,0.0,0.0,0.0
2026-04-12 18:54:00,30.6,58.8,17.6,53.6,0.0,0.0,0.0
2026-04-12 18:54:05,30.6,58.7,9.1,53.6,0.0,0.0,0.0
2026-04-12 18:54:10,30.6,58.7,16.3,53.6,0.0,0.0,0.0
2026-04-12 18:54:15,30.7,58.7,22.6,53.6,0.0,0.0,0.0
2026-04-12 18:54:20,30.5,58.7,5.0,53.6,0.0,0.0,0.0
2026-04-12 18:54:25,30.7,58.7,9.2,53.6,0.0,0.0,0.0
2026-04-12 18:54:30,30.7,58.8,26.2,53.6,0.0,0.0,0.0
2026-04-12 18:54:35,30.8,58.7,4.7,53.6,0.0,0.0,0.0
2026-04-12 18:54:40,30.6,58.7,30.2,53.6,0.0,0.0,0.0
2026-04-12 18:54:45,30.6,58.7,17.4,53.6,0.0,0.0,0.0
2026-04-12 18:54:50,30.6,58.7,16.8,53.6,0.0,0.0,0.0
2026-04-12 18:54:55,30.6,58.7,0.0,53.6,0.0,0.0,0.0
2026-04-12 18:55:00,30.7,58.7,17.0,53.6,0.0,0.0,0.0
2026-04-12 18:55:05,30.6,58.7,24.3,53.6,0.0,0.0,0.0
2026-04-12 18:55:10,30.9,58.5,24.3,53.6,0.0,0.0,0.0
2026-04-12 18:55:15,30.7,58.7,24.5,53.6,0.0,0.0,0.0
2026-04-12 18:55:20,30.6,58.6,3.1,53.6,0.0,0.0,0.0
2026-04-12 18:55:25,30.6,58.6,22.1,53.6,0.0,0.0,0.0
2026-04-12 18:55:30,30.6,58.7,15.3,53.6,0.0,0.0,0.0
2026-04-12 18:55:35,30.6,58.7,17.5,53.6,0.0,0.0,0.0
2026-04-12 18:55:40,30.6,58.6,3.4,53.6,0.0,0.0,0.0
2026-04-12 18:55:45,30.6,58.6,0.0,53.6,0.0,0.0,0.0
2026-04-12 18:55:50,30.6,58.6,43.7,53.6,0.0,0.0,0.0
2026-04-12 18:55:55,30.6,58.7,28.8,53.6,0.0,0.0,0.0
2026-04-12 18:56:00,30.6,58.7,9.9,53.5,0.0,0.0,0.0
2026-04-12 18:56:05,30.6,58.6,15.0,53.5,0.0,0.0,0.0
2026-04-12 18:56:10,30.7,58.6,17.8,53.5,0.0,0.0,0.0
2026-04-12 18:56:15,30.7,58.6,19.2,53.5,0.0,0.0,0.0
2026-04-12 18:56:20,30.6,58.6,5.1,53.5,0.0,0.0,0.0
2026-04-12 18:56:25,30.5,58.6,0.0,53.6,0.0,0.0,0.0
2026-04-12 18:56:30,30.7,58.6,15.5,53.6,0.0,0.0,0.0
2026-04-12 18:56:35,30.6,58.6,3.9,53.6,0.0,0.0,0.0
2026-04-12 18:56:40,30.7,58.7,19.7,53.6,0.0,0.0,0.0
2026-04-12 18:56:45,30.6,58.7,25.1,53.6,0.0,0.0,0.0
2026-04-12 18:56:50,30.5,58.7,11.7,53.6,0.0,0.0,0.0
2026-04-12 18:56:55,30.8,58.5,0.0,53.6,0.0,0.0,0.0
2026-04-12 18:57:00,30.7,58.4,34.4,53.6,0.0,0.0,0.0
2026-04-12 18:57:05,30.7,58.4,21.1,53.6,0.0,0.0,0.0
2026-04-12 18:57:10,30.9,58.4,19.3,53.6,0.0,0.0,0.0
2026-04-12 18:57:15,30.6,58.3,2.6,53.6,0.0,0.0,0.0
2026-04-12 18:57:20,30.6,58.3,4.6,53.6,0.0,0.0,0.0
2026-04-12 18:57:25,30.7,58.3,15.9,53.7,0.0,0.0,0.0
2026-04-12 18:57:30,30.5,58.4,12.1,53.7,0.0,0.0,0.0
2026-04-12 18:57:35,30.7,58.5,2.5,53.7,0.0,0.0,0.0
2026-04-12 18:57:40,30.8,58.4,9.8,53.7,0.0,0.0,0.0
2026-04-12 18:57:45,30.6,58.5,25.2,53.7,0.0,0.0,0.0
2026-04-12 18:57:50,30.8,58.6,0.0,53.6,0.0,0.0,0.0
2026-04-12 18:57:55,30.6,58.6,24.6,53.6,0.0,0.0,0.0
2026-04-12 18:58:00,30.7,58.6,6.3,53.6,0.0,0.0,0.0
2026-04-12 18:58:05,30.6,58.7,31.4,53.6,0.0,0.0,0.0
2026-04-12 18:58:10,30.5,58.7,12.2,53.6,0.0,0.0,0.0
2026-04-12 18:58:15,30.5,58.8,16.1,53.6,0.0,0.0,0.0
2026-04-12 18:58:20,30.7,58.9,11.3,53.6,0.0,0.0,0.0
2026-04-12 18:58:25,30.7,59.1,23.2,53.6,0.0,0.0,0.0
2026-04-12 18:58:30,30.6,59.1,17.0,53.6,0.0,0.0,0.0
2026-04-12 18:58:35,30.7,59.0,12.2,53.6,0.0,0.0,0.0
2026-04-12 18:58:40,30.6,59.1,22.3,53.6,0.0,0.0,0.0
2026-04-12 18:58:45,30.7,59.1,10.5,53.6,0.0,0.0,0.0
2026-04-12 18:58:50,30.6,59.1,8.6,53.6,0.0,0.0,0.0
2026-04-12 18:58:55,30.7,59.1,3.4,53.6,0.0,0.0,0.0
2026-04-12 18:59:00,30.7,59.1,11.5,53.6,0.0,0.0,0.0
2026-04-12 18:59:05,30.6,59.2,0.0,53.6,0.0,0.0,0.0
2026-04-12 18:59:10,30.5,59.2,36.1,53.6,0.0,0.0,0.0
2026-04-12 18:59:15,30.8,59.1,15.9,53.6,0.0,0.0,0.0
2026-04-12 18:59:20,30.7,59.1,7.6,53.5,0.0,0.0,0.0
2026-04-12 18:59:25,30.6,59.1,12.1,53.5,0.0,0.0,0.0
2026-04-12 18:59:30,30.6,59.1,8.5,53.6,0.0,0.0,0.0
2026-04-12 18:59:35,30.7,59.0,23.0,53.6,0.0,0.0,0.0
2026-04-12 18:59:40,30.7,59.0,9.6,53.6,0.0,0.0,0.0
2026-04-12 18:59:45,30.6,58.9,24.0,53.6,0.0,0.0,0.0
2026-04-12 18:59:50,30.7,58.7,1.4,53.6,0.0,0.0,0.0
2026-04-12 18:59:55,30.7,58.8,0.0,53.6,0.0,0.0,0.0
2026-04-12 19:00:00,30.6,58.8,18.4,53.6,0.0,0.0,0.0
2026-04-12 19:00:05,30.7,58.8,22.5,53.6,0.0,0.0,0.0
2026-04-12 19:00:10,30.7,58.9,23.3,53.6,0.0,0.0,0.0
2026-04-12 19:00:15,30.7,58.8,27.6,53.6,0.0,0.0,0.0
2026-04-12 19:00:20,30.6,58.9,2.1,53.6,0.0,0.0,0.0
2026-04-12 19:00:25,30.7,58.8,20.7,53.6,0.0,0.0,0.0
2026-04-12 19:00:30,30.6,58.6,0.0,53.6,0.0,0.0,0.0
2026-04-12 19:00:35,30.6,58.7,23.2,53.6,0.0,0.0,0.0
2026-04-12 19:00:40,30.6,58.7,6.3,53.6,0.0,0.0,0.0
2026-04-12 19:00:45,30.7,58.6,15.3,53.6,0.0,0.0,0.0
2026-04-12 19:00:50,30.7,58.6,4.3,53.6,0.0,0.0,0.0
2026-04-12 19:00:55,30.7,58.4,13.1,53.6,0.0,0.0,0.0
2026-04-12 19:01:00,30.7,58.4,12.3,53.6,0.0,0.0,0.0
2026-04-12 19:01:05,30.6,58.5,20.6,53.6,0.0,0.0,0.0
2026-04-12 19:01:10,30.6,58.6,19.1,53.6,0.0,0.0,0.0
2026-04-12 19:01:15,30.7,58.7,25.8,53.6,0.0,0.0,0.0
2026-04-12 19:01:20,30.7,58.8,18.6,53.6,0.0,0.0,0.0
2026-04-12 19:01:25,30.7,58.9,29.6,53.6,0.0,0.0,0.0
2026-04-12 19:01:30,30.7,58.8,15.0,53.6,0.0,0.0,0.0
2026-04-12 19:01:35,30.6,58.7,26.7,53.6,0.0,0.0,0.0
2026-04-12 19:01:40,30.7,58.7,11.8,53.6,0.0,0.0,0.0
2026-04-12 19:01:45,30.7,58.7,2.1,53.6,0.0,0.0,0.0
2026-04-12 19:01:50,30.7,58.6,33.2,53.6,0.0,0.0,0.0
2026-04-12 19:01:55,30.6,58.6,12.7,53.6,0.0,0.0,0.0
2026-04-12 19:02:00,30.7,58.7,7.7,53.6,0.0,0.0,0.0
2026-04-12 19:02:05,30.6,58.8,7.4,53.6,0.0,0.0,0.0
2026-04-12 19:02:10,30.7,58.7,18.2,53.6,0.0,0.0,0.0
2026-04-12 19:02:15,30.8,58.8,16.9,53.6,0.0,0.0,0.0
2026-04-12 19:02:20,30.8,58.9,14.8,53.6,0.0,0.0,0.0
2026-04-12 19:02:25,30.6,59.0,1.7,53.6,0.0,0.0,0.0
2026-04-12 19:02:30,30.6,59.1,7.4,53.6,0.0,0.0,0.0
2026-04-12 19:02:35,30.6,59.1,8.9,53.6,0.0,0.0,0.0
2026-04-12 19:02:40,30.8,59.0,0.1,53.6,0.0,0.0,0.0
2026-04-12 19:02:45,30.5,59.2,18.8,53.6,0.0,0.0,0.0
2026-04-12 19:02:50,30.8,59.1,24.9,53.6,0.0,0.0,0.0
2026-04-12 19:02:55,30.6,59.1,10.6,53.6,0.0,0.0,0.0
2026-04-12 19:03:00,30.8,59.2,20.5,53.6,0.0,0.0,0.0
2026-04-12 19:03:05,31.0,59.2,19.8,53.6,0.0,0.0,0.0
2026-04-12 19:03:10,30.8,59.3,7.3,53.6,0.0,0.0,0.0
2026-04-12 19:03:15,30.7,59.3,28.2,53.6,0.0,0.0,0.0
2026-04-12 19:03:20,30.8,59.4,10.2,53.6,0.0,0.0,0.0
2026-04-12 19:03:25,30.8,59.2,9.6,53.6,0.0,0.0,0.0
2026-04-12 19:03:30,30.7,59.1,18.4,53.6,0.0,0.0,0.0
2026-04-12 19:03:35,30.8,59.1,17.8,53.6,0.0,0.0,0.0
2026-04-12 19:03:40,30.7,59.1,6.6,53.6,0.0,0.0,0.0
2026-04-12 19:03:45,30.6,59.1,21.1,53.6,0.0,0.0,0.0
2026-04-12 19:03:50,30.6,59.0,15.6,53.6,0.0,0.0,0.0
2026-04-12 19:03:55,30.7,59.0,26.8,53.6,0.0,0.0,0.0
2026-04-12 19:04:00,30.7,59.1,32.5,53.5,0.0,0.0,0.0
2026-04-12 19:04:05,30.7,59.1,30.2,53.5,0.0,0.0,0.0
2026-04-12 19:04:10,30.5,59.2,1.2,53.5,0.0,0.0,0.0
2026-04-12 19:04:15,30.8,59.2,10.4,53.6,0.0,0.0,0.0
2026-04-12 19:04:20,30.7,59.1,12.9,53.6,0.0,0.0,0.0
2026-04-12 19:04:25,30.7,59.2,5.7,53.6,0.0,0.0,0.0
2026-04-12 19:04:30,30.7,59.2,17.7,53.6,0.0,0.0,0.0
2026-04-12 19:04:35,30.8,59.2,20.6,53.6,0.0,0.0,0.0
2026-04-12 19:04:40,30.6,59.2,4.2,53.6,0.0,0.0,0.0
2026-04-12 19:04:45,30.8,59.2,10.7,53.6,0.0,0.0,0.0
2026-04-12 19:04:50,30.7,59.2,22.6,53.6,0.0,0.0,0.0
2026-04-12 19:04:55,30.7,59.1,13.0,53.6,0.0,0.0,0.0
2026-04-12 19:05:00,30.8,58.9,38.8,53.6,0.0,0.0,0.0
2026-04-12 19:05:05,30.8,58.9,0.9,53.6,0.0,0.0,0.0
2026-04-12 19:05:10,30.7,58.9,18.9,53.6,0.0,0.0,0.0
2026-04-12 19:05:15,30.7,58.9,24.3,53.6,0.0,0.0,0.0
2026-04-12 19:05:20,30.7,58.8,26.0,53.6,0.0,0.0,0.0
2026-04-12 19:05:25,30.6,58.9,15.7,53.6,0.0,0.0,0.0
2026-04-12 19:05:30,30.8,59.0,13.5,53.6,0.0,0.0,0.0
2026-04-12 19:05:35,30.7,59.2,28.6,53.6,0.0,0.0,0.0
2026-04-12 19:05:40,30.6,59.3,19.2,53.6,0.0,0.0,0.0
2026-04-12 19:05:45,30.7,59.2,2.4,53.6,0.0,0.0,0.0
2026-04-12 19:05:50,30.8,59.3,0.0,53.6,0.0,0.0,0.0
2026-04-12 19:05:55,30.7,59.2,20.1,53.6,0.0,0.0,0.0
2026-04-12 19:06:00,30.7,59.2,7.6,53.6,0.0,0.0,0.0
2026-04-12 19:06:05,30.7,59.2,22.3,53.6,0.0,0.0,0.0
2026-04-12 19:06:10,30.7,59.1,8.2,53.6,0.0,0.0,0.0
2026-04-12 19:06:15,30.7,59.0,10.3,53.6,0.0,0.0,0.0
2026-04-12 19:06:20,30.6,59.1,5.6,53.6,0.0,0.0,0.0
2026-04-12 19:06:25,30.6,59.0,12.2,53.6,0.0,0.0,0.0
2026-04-12 19:06:30,30.6,58.9,7.7,53.6,0.0,0.0,0.0
2026-04-12 19:06:35,30.5,59.0,15.4,53.6,0.0,0.0,0.0
2026-04-12 19:06:40,30.8,59.0,4.3,53.6,0.0,0.0,0.0
2026-04-12 19:06:45,30.6,58.9,20.8,53.6,0.0,0.0,0.0
2026-04-12 19:06:50,30.8,58.9,5.3,53.6,0.0,0.0,0.0
2026-04-12 19:06:55,30.6,58.9,39.4,53.6,0.0,0.0,0.0
2026-04-12 19:07:00,30.7,59.0,23.7,53.6,0.0,0.0,0.0
2026-04-12 19:07:05,30.8,58.9,17.1,53.6,0.0,0.0,0.0
2026-04-12 19:07:10,30.7,58.9,21.1,53.6,0.0,0.0,0.0
2026-04-12 19:07:15,30.7,58.9,0.4,53.6,0.0,0.0,0.0
2026-04-12 19:07:20,30.5,58.8,0.0,53.6,0.0,0.0,0.0
2026-04-12 19:07:25,30.8,58.9,10.0,53.6,0.0,0.0,0.0
2026-04-12 19:07:30,30.5,58.9,13.0,53.6,0.0,0.0,0.0
2026-04-12 19:07:35,30.8,58.9,24.1,53.6,0.0,0.0,0.0
2026-04-12 19:07:40,30.8,58.9,22.3,53.6,0.0,0.0,0.0
2026-04-12 19:07:45,30.7,58.8,9.4,53.6,0.0,0.0,0.0
2026-04-12 19:07:50,30.7,58.7,6.7,53.6,0.0,0.0,0.0
2026-04-12 19:07:55,30.7,58.6,31.7,53.6,0.0,0.0,0.0
2026-04-12 19:08:00,30.7,58.5,14.2,53.6,0.0,0.0,0.0
2026-04-12 19:08:05,30.6,58.5,4.2,53.6,0.0,0.0,0.0
2026-04-12 19:08:10,30.6,58.6,19.4,53.6,0.0,0.0,0.0
2026-04-12 19:08:15,30.7,58.6,17.3,53.6,0.0,0.0,0.0
2026-04-12 19:08:20,30.6,58.6,0.0,53.6,0.0,0.0,0.0
2026-04-12 19:08:25,30.6,58.7,3.4,53.6,0.0,0.0,0.0
2026-04-12 19:08:30,30.7,58.7,21.4,53.6,0.0,0.0,0.0
2026-04-12 19:08:35,30.8,58.7,28.1,53.6,0.0,0.0,0.0
2026-04-12 19:08:40,30.7,58.8,10.7,53.6,0.0,0.0,0.0
2026-04-12 19:08:45,30.9,59.0,9.7,53.6,0.0,0.0,0.0
2026-04-12 19:08:50,30.7,58.9,15.7,53.6,0.0,0.0,0.0
2026-04-12 19:08:55,30.7,58.8,3.6,53.6,0.0,0.0,0.0
2026-04-12 19:09:00,30.8,58.8,6.3,53.6,0.0,0.0,0.0
2026-04-12 19:09:05,30.6,58.7,13.8,53.6,0.0,0.0,0.0
2026-04-12 19:09:10,30.6,58.8,8.5,53.6,0.0,0.0,0.0
2026-04-12 19:09:15,30.7,58.9,18.0,53.6,0.0,0.0,0.0
2026-04-12 19:09:20,30.6,58.9,18.3,53.6,0.0,0.0,0.0
2026-04-12 19:09:25,30.7,59.0,0.7,53.6,0.0,0.0,0.0
2026-04-12 19:09:30,30.7,59.0,10.5,53.6,0.0,0.0,0.0
2026-04-12 19:09:35,30.7,58.9,31.5,53.6,0.0,0.0,0.0
2026-04-12 19:09:40,30.7,58.7,5.5,53.6,0.0,0.0,0.0
2026-04-12 19:09:45,30.8,58.7,18.6,53.6,0.0,0.0,0.0
2026-04-12 19:09:50,30.6,58.6,15.7,53.6,0.0,0.0,0.0
2026-04-12 19:09:55,30.6,58.7,17.5,53.6,0.0,0.0,0.0
2026-04-12 19:10:00,30.7,58.8,17.7,53.6,0.0,0.0,0.0
2026-04-12 19:10:05,30.6,58.9,27.0,53.6,0.0,0.0,0.0
2026-04-12 19:10:10,30.6,58.9,22.5,53.6,0.0,0.0,0.0
2026-04-12 19:10:15,30.7,58.8,16.5,53.6,0.0,0.0,0.0
2026-04-12 19:10:20,30.6,58.8,19.8,53.6,0.0,0.0,0.0
2026-04-12 19:10:25,30.6,58.8,12.7,53.6,0.0,0.0,0.0
2026-04-12 19:10:30,30.7,58.8,25.9,53.6,0.0,0.0,0.0
2026-04-12 19:10:35,30.6,58.9,27.1,53.6,0.0,0.0,0.0
2026-04-12 19:10:40,30.6,58.9,18.9,53.6,0.0,0.0,0.0
2026-04-12 19:10:45,30.6,58.9,20.0,53.6,0.0,0.0,0.0
2026-04-12 19:10:50,30.6,58.9,24.3,53.6,0.0,0.0,0.0
2026-04-12 19:10:55,30.5,59.2,3.7,53.6,0.0,0.0,0.0
2026-04-12 19:11:00,30.7,59.1,26.3,53.6,0.0,0.0,0.0
2026-04-12 19:11:05,30.7,59.0,21.7,53.6,0.0,0.0,0.0
2026-04-12 19:11:10,30.8,59.1,6.7,53.6,0.0,0.0,0.0
2026-04-12 19:11:15,30.6,59.1,22.5,53.6,0.0,0.0,0.0
2026-04-12 19:11:20,30.7,59.1,12.8,53.6,0.0,0.0,0.0
2026-04-12 19:11:25,30.5,59.3,7.8,53.6,0.0,0.0,0.0
2026-04-12 19:11:30,30.7,59.3,17.8,53.6,0.0,0.0,0.0
2026-04-12 19:11:35,30.6,59.2,12.1,53.6,0.0,0.0,0.0
2026-04-12 19:11:40,30.7,59.3,0.6,53.6,0.0,0.0,0.0
2026-04-12 19:11:45,30.7,59.3,17.5,53.6,0.0,0.0,0.0
2026-04-12 19:11:50,30.7,59.3,4.7,53.6,0.0,0.0,0.0
2026-04-12 19:11:55,30.7,59.3,30.2,53.6,0.0,0.0,0.0
2026-04-12 19:12:00,30.6,59.4,24.9,53.6,0.0,0.0,0.0
2026-04-12 19:12:05,30.8,59.2,22.1,53.6,0.0,0.0,0.0
2026-04-12 19:12:10,30.7,59.2,13.3,53.6,0.0,0.0,0.0
2026-04-12 19:12:15,30.5,59.3,17.6,53.6,0.0,0.0,0.0
2026-04-12 19:12:20,30.7,59.4,18.8,53.6,0.0,0.0,0.0
2026-04-12 19:12:25,30.7,59.2,17.3,53.6,0.0,0.0,0.0
2026-04-12 19:12:30,30.6,59.2,0.1,53.6,0.0,0.0,0.0
2026-04-12 19:12:35,30.7,59.3,13.7,53.6,0.0,0.0,0.0
2026-04-12 19:12:40,30.6,59.2,36.9,53.6,0.0,0.0,0.0
2026-04-12 19:12:45,30.5,59.3,21.9,53.6,0.0,0.0,0.0
2026-04-12 19:12:50,30.5,59.1,23.4,53.6,0.0,0.0,0.0
2026-04-12 19:12:55,30.7,59.0,24.0,53.6,0.0,0.0,0.0
2026-04-12 19:13:00,30.4,59.0,17.4,53.6,0.0,0.0,0.0
2026-04-12 19:13:05,30.5,59.0,24.0,53.6,0.0,0.0,0.0
2026-04-12 19:13:10,30.5,59.0,12.7,53.6,0.0,0.0,0.0
2026-04-12 19:13:15,30.6,58.9,12.6,53.6,0.0,0.0,0.0
2026-04-12 19:13:20,30.6,58.8,0.0,53.6,0.0,0.0,0.0
2026-04-12 19:13:25,30.6,58.7,20.2,53.6,0.0,0.0,0.0
2026-04-12 19:13:30,30.5,58.8,6.6,53.6,0.0,0.0,0.0
2026-04-12 19:13:35,30.7,58.8,17.4,53.6,0.0,0.0,0.0
2026-04-12 19:13:40,30.5,58.9,12.7,53.6,0.0,0.0,0.0
2026-04-12 19:13:45,30.6,58.8,16.8,53.6,0.0,0.0,0.0
2026-04-12 19:13:50,30.5,58.8,9.7,53.6,0.0,0.0,0.0
2026-04-12 19:13:55,30.5,58.9,0.0,53.6,0.0,0.0,0.0
2026-04-12 19:14:00,30.5,58.8,10.2,53.6,0.0,0.0,0.0
2026-04-12 19:14:05,30.6,58.8,1.2,53.6,0.0,0.0,0.0
2026-04-12 19:14:10,30.6,58.8,31.0,53.6,0.0,0.0,0.0
2026-04-12 19:14:15,30.5,58.8,2.9,53.6,0.0,0.0,0.0
2026-04-12 19:14:20,30.4,58.9,14.6,53.6,0.0,0.0,0.0
2026-04-12 19:14:25,30.5,58.9,24.6,53.6,0.0,0.0,0.0
2026-04-12 19:14:30,30.6,58.8,32.8,53.6,0.0,0.0,0.0
2026-04-12 19:14:35,30.5,58.8,19.0,53.6,0.0,0.0,0.0
2026-04-12 19:14:40,30.5,58.7,19.0,53.6,0.0,0.0,0.0
2026-04-12 19:14:45,30.5,58.8,0.0,53.6,0.0,0.0,0.0
2026-04-12 19:14:50,30.5,58.7,5.8,53.6,0.0,0.0,0.0
2026-04-12 19:14:55,30.5,58.8,19.0,53.6,0.0,0.0,0.0
2026-04-12 19:15:00,30.5,59.0,22.5,53.6,0.0,0.0,0.0
2026-04-12 19:15:05,30.4,59.1,29.5,53.6,0.0,0.0,0.0
2026-04-12 19:15:10,30.6,59.2,0.0,53.6,0.0,0.0,0.0
2026-04-12 19:15:15,30.5,59.2,30.3,53.6,0.0,0.0,0.0
2026-04-12 19:15:20,30.5,59.3,16.1,53.6,0.0,0.0,0.0
2026-04-12 19:15:25,30.4,59.3,9.8,53.6,0.0,0.0,0.0
2026-04-12 19:15:30,30.6,59.3,6.1,53.6,0.0,0.0,0.0
2026-04-12 19:15:35,30.4,59.4,14.1,53.6,0.0,0.0,0.0
2026-04-12 19:15:40,30.5,59.3,15.0,53.6,0.0,0.0,0.0
2026-04-12 19:15:45,30.5,59.3,16.0,53.6,0.0,0.0,0.0
2026-04-12 19:15:50,30.5,59.2,21.0,53.6,0.0,0.0,0.0
2026-04-12 19:15:55,30.4,59.3,20.0,53.6,0.0,0.0,0.0
2026-04-12 19:16:00,30.5,59.3,6.5,53.6,0.0,0.0,0.0
2026-04-12 19:16:05,30.4,59.4,7.7,53.6,0.0,0.0,0.0
2026-04-12 19:16:10,30.6,59.3,27.9,53.6,0.0,0.0,0.0
2026-04-12 19:16:15,30.7,59.3,33.5,53.6,0.0,0.0,0.0
2026-04-12 19:16:20,30.3,59.3,8.6,53.6,0.0,0.0,0.0
2026-04-12 19:16:25,30.4,59.4,10.0,53.6,0.0,0.0,0.0
2026-04-12 19:16:30,30.6,59.4,19.4,53.6,0.0,0.0,0.0
2026-04-12 19:16:35,30.4,59.5,17.2,53.6,0.0,0.0,0.0
2026-04-12 19:16:40,30.7,59.4,15.2,53.6,0.0,0.0,0.0
2026-04-12 19:16:45,30.6,59.3,0.0,53.6,0.0,0.0,0.0
2026-04-12 19:16:50,30.5,59.2,22.0,53.6,0.0,0.0,0.0
2026-04-12 19:16:55,30.4,59.3,13.7,53.6,0.0,0.0,0.0
2026-04-12 19:17:00,30.5,59.3,16.7,53.6,0.0,0.0,0.0
2026-04-12 19:17:05,30.4,59.4,29.3,53.6,0.0,0.0,0.0
2026-04-12 19:17:10,30.5,59.3,19.4,53.6,0.0,0.0,0.0
2026-04-12 19:17:15,30.6,59.3,26.2,53.6,0.0,0.0,0.0
2026-04-12 19:17:20,30.4,59.2,39.5,53.6,0.0,0.0,0.0
2026-04-12 19:17:25,30.6,59.1,8.2,53.6,0.0,0.0,0.0
2026-04-12 19:17:30,30.5,59.1,13.8,53.6,0.0,0.0,0.0
2026-04-12 19:17:35,30.5,59.0,20.4,53.6,0.0,0.0,0.0
2026-04-12 19:17:40,30.5,58.9,16.3,53.6,0.0,0.0,0.0
2026-04-12 19:17:45,30.5,58.9,9.4,53.6,0.0,0.0,0.0
2026-04-12 19:17:50,30.4,59.0,17.1,53.6,0.0,0.0,0.0
2026-04-12 19:17:55,30.5,59.0,22.8,53.6,0.0,0.0,0.0
2026-04-12 19:18:00,30.7,59.0,16.8,53.6,0.0,0.0,0.0
2026-04-12 19:18:05,30.6,58.9,14.8,53.6,0.0,0.0,0.0
2026-04-12 19:18:10,30.3,58.9,9.5,53.6,0.0,0.0,0.0
2026-04-12 19:18:15,30.4,59.0,29.6,53.6,0.0,0.0,0.0
2026-04-12 19:18:20,30.6,59.0,10.6,53.6,0.0,0.0,0.0
2026-04-12 19:18:25,30.5,59.0,1.6,53.6,0.0,0.0,0.0
2026-04-12 19:18:30,30.5,59.1,1.6,53.6,0.0,0.0,0.0
2026-04-12 19:18:35,30.6,59.2,22.8,53.6,0.0,0.0,0.0
2026-04-12 19:18:40,30.5,59.1,14.8,53.6,0.0,0.0,0.0
2026-04-12 19:18:45,30.5,59.2,16.1,53.6,0.0,0.0,0.0
2026-04-12 19:18:50,30.5,59.3,9.7,53.6,0.0,0.0,0.0
2026-04-12 19:18:55,30.4,59.3,26.5,53.6,0.0,0.0,0.0
2026-04-12 19:19:00,30.5,59.3,21.1,53.6,0.0,0.0,0.0
2026-04-12 19:19:05,30.5,59.3,12.5,53.6,0.0,0.0,0.0
2026-04-12 19:19:10,30.5,59.4,17.3,53.6,0.0,0.0,0.0
2026-04-12 19:19:15,30.6,59.4,13.9,53.6,0.0,0.0,0.0
2026-04-12 19:19:20,30.4,59.4,17.1,53.6,0.0,0.0,0.0
2026-04-12 19:19:25,30.5,59.3,0.3,53.6,0.0,0.0,0.0
2026-04-12 19:19:30,30.5,59.5,15.1,53.6,0.0,0.0,0.0
2026-04-12 19:19:35,30.4,59.5,26.0,53.6,0.0,0.0,0.0
2026-04-12 19:19:40,30.5,59.3,29.7,53.6,0.0,0.0,0.0
2026-04-12 19:19:45,30.4,59.2,15.7,53.6,0.0,0.0,0.0
2026-04-12 19:19:50,30.5,59.1,8.6,53.6,0.0,0.0,0.0
2026-04-12 19:19:55,30.5,59.2,14.9,53.6,0.0,0.0,0.0
2026-04-12 19:20:00,30.5,59.3,25.8,53.6,0.0,0.0,0.0
2026-04-12 19:20:05,30.5,59.3,13.7,53.6,0.0,0.0,0.0
2026-04-12 19:20:10,30.5,59.2,24.2,53.6,0.0,0.0,0.0
2026-04-12 19:20:15,30.5,59.2,33.2,53.6,0.0,0.0,0.0
2026-04-12 19:20:20,30.6,59.2,12.4,53.6,0.0,0.0,0.0
2026-04-12 19:20:25,30.6,59.3,13.5,53.6,0.0,0.0,0.0
2026-04-12 19:20:30,30.4,59.4,18.4,53.6,0.0,0.0,0.0
2026-04-12 19:20:35,30.6,59.2,0.2,53.6,0.0,0.0,0.0
2026-04-12 19:20:40,30.5,59.4,29.1,53.6,0.0,0.0,0.0
2026-04-12 19:20:45,30.4,59.3,15.2,53.6,0.0,0.0,0.0
2026-04-12 19:20:50,30.6,59.3,3.7,53.6,0.0,0.0,0.0
2026-04-12 19:20:55,30.5,59.5,14.4,53.6,0.0,0.0,0.0
2026-04-12 19:21:00,30.5,59.3,6.9,53.6,0.0,0.0,0.0
2026-04-12 19:21:05,30.4,59.4,6.8,53.6,0.0,0.0,0.0
2026-04-12 19:21:10,30.5,59.3,17.2,53.6,0.0,0.0,0.0
2026-04-12 19:21:15,30.5,59.2,13.9,53.6,0.0,0.0,0.0
2026-04-12 19:21:20,30.6,59.2,14.4,53.6,0.0,0.0,0.0
2026-04-12 19:21:25,30.5,59.2,3.1,53.6,0.0,0.0,0.0
2026-04-12 19:21:30,30.3,59.2,8.7,53.6,0.0,0.0,0.0
2026-04-12 19:21:35,30.6,59.2,0.0,53.6,0.0,0.0,0.0
2026-04-12 19:21:40,30.7,59.3,1.8,53.6,0.0,0.0,0.0
2026-04-12 19:21:45,30.5,59.2,0.6,53.6,0.0,0.0,0.0
2026-04-12 19:21:50,30.5,59.1,18.6,53.6,0.0,0.0,0.0
2026-04-12 19:21:55,30.6,59.0,19.8,53.6,0.0,0.0,0.0
2026-04-12 19:22:00,30.6,59.2,5.9,53.5,0.0,0.0,0.0
2026-04-12 19:22:05,30.4,59.1,0.0,53.5,0.0,0.0,0.0
2026-04-12 19:22:10,30.5,59.1,10.8,53.5,0.0,0.0,0.0
2026-04-12 19:22:15,30.5,59.3,35.9,53.5,0.0,0.0,0.0
2026-04-12 19:22:20,30.5,59.2,24.9,53.5,0.0,0.0,0.0
2026-04-12 19:22:25,30.5,59.0,19.4,53.6,0.0,0.0,0.0
2026-04-12 19:22:30,30.6,58.9,6.9,53.6,0.0,0.0,0.0
2026-04-12 19:22:35,30.4,58.8,13.1,53.6,0.0,0.0,0.0
2026-04-12 19:22:40,30.5,58.9,0.0,53.6,0.0,0.0,0.0
2026-04-12 19:22:45,30.5,59.0,5.3,53.6,0.0,0.0,0.0
2026-04-12 19:22:50,30.6,59.0,11.4,53.6,0.0,0.0,0.0
2026-04-12 19:22:55,30.5,59.0,2.8,53.6,0.0,0.0,0.0
2026-04-12 19:23:00,30.6,58.8,9.2,53.6,0.0,0.0,0.0
2026-04-12 19:23:05,30.5,58.8,11.3,53.6,0.0,0.0,0.0
2026-04-12 19:23:10,30.5,58.8,20.4,53.7,0.0,0.0,0.0
2026-04-12 19:23:15,30.6,58.9,31.9,53.7,0.0,0.0,0.0
2026-04-12 19:23:20,30.5,58.9,5.3,53.6,0.0,0.0,0.0
2026-04-12 19:23:25,30.6,59.1,23.3,53.6,0.0,0.0,0.0
2026-04-12 19:23:30,30.5,59.1,20.5,53.6,0.0,0.0,0.0
2026-04-12 19:23:35,30.5,59.1,24.1,53.6,0.0,0.0,0.0
2026-04-12 19:23:40,30.5,59.0,16.1,53.6,0.0,0.0,0.0
2026-04-12 19:23:45,30.4,59.1,15.0,53.6,0.0,0.0,0.0
2026-04-12 19:23:50,30.6,59.1,6.3,53.6,0.0,0.0,0.0
2026-04-12 19:23:55,30.3,59.1,13.6,53.6,0.0,0.0,0.0
2026-04-12 19:24:00,30.5,59.1,20.9,53.6,0.0,0.0,0.0
2026-04-12 19:24:05,30.5,59.1,9.1,53.6,0.0,0.0,0.0
2026-04-12 19:24:10,30.5,59.1,15.7,53.6,0.0,0.0,0.0
2026-04-12 19:24:15,30.5,59.0,28.9,53.6,0.0,0.0,0.0
2026-04-12 19:24:20,30.5,59.0,14.0,53.6,0.0,0.0,0.0
2026-04-12 19:24:25,30.4,59.1,5.4,53.6,0.0,0.0,0.0
2026-04-12 19:24:30,30.6,59.1,16.8,53.6,0.0,0.0,0.0
2026-04-12 19:24:35,30.5,59.0,19.1,53.6,0.0,0.0,0.0
2026-04-12 19:24:40,30.4,58.9,26.9,53.6,0.0,0.0,0.0
2026-04-12 19:24:45,30.7,58.9,0.0,53.6,0.0,0.0,0.0
2026-04-12 19:24:50,30.5,58.9,17.5,53.6,0.0,0.0,0.0
2026-04-12 19:24:55,30.4,58.9,26.2,53.6,0.0,0.0,0.0
2026-04-12 19:25:00,30.5,59.0,26.3,53.6,0.0,0.0,0.0
2026-04-12 19:25:05,30.5,59.0,0.0,53.6,0.0,0.0,0.0
2026-04-12 19:25:10,30.6,58.9,5.8,53.6,0.0,0.0,0.0
2026-04-12 19:25:15,30.3,59.1,10.7,53.6,0.0,0.0,0.0
2026-04-12 19:25:20,30.6,59.1,18.0,53.6,0.0,0.0,0.0
2026-04-12 19:25:25,30.4,59.1,0.0,53.6,0.0,0.0,0.0
2026-04-12 19:25:30,30.4,59.0,25.7,53.6,0.0,0.0,0.0
2026-04-12 19:25:35,30.4,59.0,0.0,53.7,0.0,0.0,0.0
2026-04-12 19:25:40,30.5,59.1,14.0,53.7,0.0,0.0,0.0
2026-04-12 19:25:45,30.5,59.2,32.3,53.6,0.0,0.0,0.0
2026-04-12 19:25:50,30.6,59.0,0.0,53.6,0.0,0.0,0.0
2026-04-12 19:25:55,30.5,59.0,12.6,53.6,0.0,0.0,0.0
2026-04-12 19:26:00,30.5,59.0,8.7,53.6,0.0,0.0,0.0
2026-04-12 19:26:05,30.5,58.9,19.9,53.6,0.0,0.0,0.0
2026-04-12 19:26:10,30.5,59.0,0.0,53.6,0.0,0.0,0.0
2026-04-12 19:26:15,30.4,59.0,29.3,53.6,0.0,0.0,0.0
2026-04-12 19:26:20,30.4,59.0,10.0,53.6,0.0,0.0,0.0
2026-04-12 19:26:25,30.6,58.9,23.4,53.6,0.0,0.0,0.0
2026-04-12 19:26:30,30.4,58.9,9.3,53.6,0.0,0.0,0.0
2026-04-12 19:26:35,30.5,59.0,14.7,53.6,0.0,0.0,0.0
2026-04-12 19:26:40,30.5,59.1,0.0,53.6,0.0,0.0,0.0
2026-04-12 19:26:45,30.5,59.3,24.5,53.6,0.0,0.0,0.0
2026-04-12 19:26:50,30.4,59.3,29.9,53.6,0.0,0.0,0.0
2026-04-12 19:26:55,30.4,59.4,21.5,53.6,0.0,0.0,0.0
2026-04-12 19:27:00,30.5,59.4,20.0,53.6,0.0,0.0,0.0
2026-04-12 19:27:05,30.4,59.5,26.2,53.6,0.0,0.0,0.0
2026-04-12 19:27:10,30.4,59.6,23.4,53.6,0.0,0.0,0.0
2026-04-12 19:27:15,30.5,59.4,9.6,53.6,0.0,0.0,0.0
2026-04-12 19:27:20,30.5,59.4,9.2,53.6,0.0,0.0,0.0
2026-04-12 19:27:25,30.4,59.3,13.9,53.6,0.0,0.0,0.0
2026-04-12 19:27:30,30.4,59.3,5.1,53.6,0.0,0.0,0.0
2026-04-12 19:27:35,30.6,59.3,21.2,53.6,0.0,0.0,0.0
2026-04-12 19:27:40,30.6,59.2,8.4,53.6,0.0,0.0,0.0
2026-04-12 19:27:45,30.5,59.2,2.8,53.6,0.0,0.0,0.0
2026-04-12 19:27:50,30.5,59.2,13.5,53.6,0.0,0.0,0.0
2026-04-12 19:27:55,30.5,59.1,19.2,53.6,0.0,0.0,0.0
2026-04-12 19:28:00,30.5,59.2,0.0,53.6,0.0,0.0,0.0
2026-04-12 19:28:05,30.4,59.3,10.2,53.6,0.0,0.0,0.0
2026-04-12 19:28:10,30.5,59.3,19.0,53.6,0.0,0.0,0.0
2026-04-12 19:28:15,30.4,59.3,9.7,53.6,0.0,0.0,0.0
2026-04-12 19:28:20,30.5,59.2,20.3,53.6,0.0,0.0,0.0
2026-04-12 19:28:25,30.4,59.1,6.1,53.6,0.0,0.0,0.0
2026-04-12 19:28:30,30.4,59.1,3.8,53.6,0.0,0.0,0.0
2026-04-12 19:28:35,30.5,59.1,28.2,53.6,0.0,0.0,0.0
2026-04-12 19:28:40,30.5,59.1,0.0,53.6,0.0,0.0,0.0
2026-04-12 19:28:45,30.4,59.0,12.7,53.6,0.0,0.0,0.0
2026-04-12 19:28:50,30.6,59.0,15.9,53.6,0.0,0.0,0.0
2026-04-12 19:28:55,30.5,59.1,8.3,53.6,0.0,0.0,0.0
2026-04-12 19:29:00,30.5,58.9,19.1,53.6,0.0,0.0,0.0
2026-04-12 19:29:05,30.5,59.1,9.4,53.6,0.0,0.0,0.0
2026-04-12 19:29:10,30.4,59.0,32.2,53.6,0.0,0.0,0.0
2026-04-12 19:29:15,30.5,59.0,11.8,53.6,0.0,0.0,0.0
2026-04-12 19:29:20,30.4,59.0,17.1,53.6,0.0,0.0,0.0
2026-04-12 19:29:25,30.7,59.1,15.2,53.6,0.0,0.0,0.0
2026-04-12 19:29:30,30.5,59.0,7.5,53.6,0.0,0.0,0.0
2026-04-12 19:29:35,30.3,58.8,25.4,53.6,0.0,0.0,0.0
2026-04-12 19:29:40,30.4,58.9,13.2,53.6,0.0,0.0,0.0
2026-04-12 19:29:45,30.6,58.8,12.5,53.6,0.0,0.0,0.0
2026-04-12 19:29:50,30.3,58.9,7.0,53.6,0.0,0.0,0.0
2026-04-12 19:29:55,30.6,59.0,13.5,53.6,0.0,0.0,0.0
2026-04-12 19:30:00,30.5,59.0,8.7,53.6,0.0,0.0,0.0
2026-04-12 19:30:05,30.6,59.0,7.5,53.6,0.0,0.0,0.0
2026-04-12 19:30:10,30.4,59.0,14.4,53.6,0.0,0.0,0.0
2026-04-12 19:30:15,30.3,59.1,1.4,53.6,0.0,0.0,0.0
2026-04-12 19:30:20,30.4,59.2,12.8,53.6,0.0,0.0,0.0
2026-04-12 19:30:25,30.3,59.2,16.9,53.6,0.0,0.0,0.0
2026-04-12 19:30:30,30.5,59.1,17.5,53.6,0.0,0.0,0.0
2026-04-12 19:30:35,30.4,59.1,5.3,53.6,0.0,0.0,0.0
2026-04-12 19:30:40,30.5,59.0,24.7,53.6,0.0,0.0,0.0
2026-04-12 19:30:45,30.5,58.8,36.8,53.6,0.0,0.0,0.0
2026-04-12 19:30:50,30.5,58.7,39.5,53.6,0.0,0.0,0.0
2026-04-12 19:30:55,30.4,58.7,15.9,53.6,0.0,0.0,0.0
2026-04-12 19:31:00,30.6,58.8,7.5,53.6,0.0,0.0,0.0
2026-04-12 19:31:05,30.4,58.9,15.5,53.6,0.0,0.0,0.0
2026-04-12 19:31:10,30.7,58.9,11.4,53.6,0.0,0.0,0.0
2026-04-12 19:31:15,30.5,58.9,16.8,53.6,0.0,0.0,0.0
2026-04-12 19:31:20,30.5,58.8,21.0,53.6,0.0,0.0,0.0
2026-04-12 19:31:25,30.6,58.8,3.5,53.6,0.0,0.0,0.0
2026-04-12 19:31:30,30.5,58.9,12.3,53.6,0.0,0.0,0.0
2026-04-12 19:31:35,30.3,58.9,16.9,53.6,0.0,0.0,0.0
2026-04-12 19:31:40,30.3,58.7,4.7,53.6,0.0,0.0,0.0
2026-04-12 19:31:45,30.3,58.8,11.9,53.6,0.0,0.0,0.0
2026-04-12 19:31:50,30.4,58.8,0.0,53.6,0.0,0.0,0.0
2026-04-12 19:31:55,30.6,58.9,11.2,53.6,0.0,0.0,0.0
2026-04-12 19:32:00,30.4,59.0,28.4,53.6,0.0,0.0,0.0
2026-04-12 19:32:05,30.5,59.0,10.4,53.6,0.0,0.0,0.0
2026-04-12 19:32:10,30.4,59.0,19.5,53.6,0.0,0.0,0.0
2026-04-12 19:32:15,30.3,59.0,14.4,53.6,0.0,0.0,0.0
2026-04-12 19:32:20,30.5,59.1,11.8,53.6,0.0,0.0,0.0
2026-04-12 19:32:25,30.4,59.0,12.1,53.6,0.0,0.0,0.0
2026-04-12 19:32:30,30.5,59.1,11.4,53.6,0.0,0.0,0.0
2026-04-12 19:32:35,30.6,59.1,27.7,53.6,0.0,0.0,0.0
2026-04-12 19:32:40,30.4,59.1,2.5,53.6,0.0,0.0,0.0
2026-04-12 19:32:45,30.4,59.1,19.8,53.6,0.0,0.0,0.0
2026-04-12 19:32:50,30.5,59.2,40.3,53.6,0.0,0.0,0.0
2026-04-12 19:32:55,30.4,59.2,26.9,53.6,0.0,0.0,0.0
2026-04-12 19:33:00,30.5,59.2,22.2,53.6,0.0,0.0,0.0
2026-04-12 19:33:05,30.5,59.2,29.6,53.6,0.0,0.0,0.0
2026-04-12 19:33:10,30.5,59.2,3.4,53.6,0.0,0.0,0.0
2026-04-12 19:33:15,30.5,59.1,17.6,53.6,0.0,0.0,0.0
2026-04-12 19:33:20,30.6,59.1,17.9,53.6,0.0,0.0,0.0
2026-04-12 19:33:25,30.5,59.2,5.9,53.6,0.0,0.0,0.0
2026-04-12 19:33:30,30.5,59.2,23.4,53.6,0.0,0.0,0.0
2026-04-12 19:33:35,30.5,59.0,11.6,53.6,0.0,0.0,0.0
2026-04-12 19:33:40,30.4,59.0,21.4,53.6,0.0,0.0,0.0
2026-04-12 19:33:45,30.6,58.9,0.0,53.6,0.0,0.0,0.0
2026-04-12 19:33:50,30.4,59.0,0.0,53.6,0.0,0.0,0.0
2026-04-12 19:33:55,30.4,58.9,14.0,53.6,0.0,0.0,0.0
2026-04-12 19:34:00,30.4,58.9,18.9,53.6,0.0,0.0,0.0
2026-04-12 19:34:05,30.3,58.9,15.4,53.6,0.0,0.0,0.0
2026-04-12 19:34:10,30.5,59.0,31.3,53.6,0.0,0.0,0.0
2026-04-12 19:34:15,30.3,59.0,7.6,53.6,0.0,0.0,0.0
2026-04-12 19:34:20,30.4,59.1,3.4,53.6,0.0,0.0,0.0
2026-04-12 19:34:25,30.5,59.0,17.7,53.6,0.0,0.0,0.0
2026-04-12 19:34:30,30.4,59.0,19.9,53.6,0.0,0.0,0.0
2026-04-12 19:34:35,30.4,58.8,26.7,53.6,0.0,0.0,0.0
2026-04-12 19:34:40,30.6,58.8,22.5,53.6,0.0,0.0,0.0
2026-04-12 19:34:45,30.6,58.8,9.6,53.6,0.0,0.0,0.0
2026-04-12 19:34:50,30.5,59.0,20.6,53.6,0.0,0.0,0.0
2026-04-12 19:34:55,30.5,59.0,1.3,53.6,0.0,0.0,0.0
2026-04-12 19:35:00,30.5,58.9,17.5,53.6,0.0,0.0,0.0
2026-04-12 19:35:05,30.5,58.7,6.2,53.6,0.0,0.0,0.0
2026-04-12 19:35:10,30.5,58.7,29.7,53.6,0.0,0.0,0.0
2026-04-12 19:35:15,30.6,58.8,26.5,53.6,0.0,0.0,0.0
2026-04-12 19:35:20,30.6,58.9,11.2,53.6,0.0,0.0,0.0
2026-04-12 19:35:25,30.5,58.8,16.5,53.6,0.0,0.0,0.0
2026-04-12 19:35:30,30.4,58.8,0.0,53.6,0.0,0.0,0.0
2026-04-12 19:35:35,30.5,58.8,10.0,53.6,0.0,0.0,0.0
2026-04-12 19:35:40,30.5,58.8,25.6,53.6,0.0,0.0,0.0
2026-04-12 19:35:45,30.3,58.9,4.9,53.6,0.0,0.0,0.0
2026-04-12 19:35:50,30.4,58.7,4.6,53.6,0.0,0.0,0.0
2026-04-12 19:35:55,30.6,58.8,5.3,53.6,0.0,0.0,0.0
2026-04-12 19:36:00,30.4,58.7,13.3,53.6,0.0,0.0,0.0
2026-04-12 19:36:05,30.6,58.6,3.9,53.6,0.0,0.0,0.0
2026-04-12 19:36:10,30.5,58.7,15.0,53.6,0.0,0.0,0.0
2026-04-12 19:36:15,30.6,58.7,0.0,53.6,0.0,0.0,0.0
2026-04-12 19:36:20,30.4,58.6,7.2,53.6,0.0,0.0,0.0
2026-04-12 19:36:25,30.4,58.6,16.5,53.6,0.0,0.0,0.0
2026-04-12 19:36:30,30.6,58.8,28.5,53.6,0.0,0.0,0.0
2026-04-12 19:36:35,30.5,58.8,16.4,53.6,0.0,0.0,0.0
2026-04-12 19:36:40,30.5,58.9,19.3,53.6,0.0,0.0,0.0
2026-04-12 19:36:45,30.6,59.0,23.9,53.6,0.0,0.0,0.0
2026-04-12 19:36:50,30.4,59.0,11.4,53.6,0.0,0.0,0.0
2026-04-12 19:36:55,30.3,59.1,17.3,53.6,0.0,0.0,0.0
2026-04-12 19:37:00,30.4,59.0,6.7,53.6,0.0,0.0,0.0
2026-04-12 19:37:05,30.5,59.0,16.0,53.5,0.0,0.0,0.0
2026-04-12 19:37:10,30.4,58.8,25.4,53.5,0.0,0.0,0.0
2026-04-12 19:37:15,30.4,58.8,12.7,53.6,0.0,0.0,0.0
2026-04-12 19:37:20,30.4,58.9,34.1,53.6,0.0,0.0,0.0
2026-04-12 19:37:25,30.4,58.9,9.3,53.6,0.0,0.0,0.0
2026-04-12 19:37:30,30.4,58.9,7.9,53.6,0.0,0.0,0.0
2026-04-12 19:37:35,30.4,58.8,15.0,53.6,0.0,0.0,0.0
2026-04-12 19:37:40,30.3,58.8,21.7,53.6,0.0,0.0,0.0
2026-04-12 19:37:45,30.4,58.7,14.3,53.6,0.0,0.0,0.0
2026-04-12 19:37:50,30.4,58.9,15.0,53.6,0.0,0.0,0.0
2026-04-12 19:37:55,30.4,58.9,9.9,53.6,0.0,0.0,0.0
2026-04-12 19:38:00,30.5,58.9,16.3,53.6,0.0,0.0,0.0
2026-04-12 19:38:05,30.5,58.9,0.8,53.6,0.0,0.0,0.0
2026-04-12 19:38:10,30.6,58.9,20.4,53.6,0.0,0.0,0.0
2026-04-12 19:38:15,30.3,59.0,0.0,53.6,0.0,0.0,0.0
2026-04-12 19:38:20,30.5,58.8,16.1,53.6,0.0,0.0,0.0
2026-04-12 19:38:25,30.3,58.8,9.1,53.6,0.0,0.0,0.0
2026-04-12 19:38:30,30.3,58.9,10.3,53.5,0.0,0.0,0.0
2026-04-12 19:38:35,30.6,59.0,3.1,53.5,0.0,0.0,0.0
2026-04-12 19:38:40,30.4,59.0,5.5,53.5,0.0,0.0,0.0
2026-04-12 19:38:45,30.5,58.9,23.8,53.6,0.0,0.0,0.0
2026-04-12 19:38:50,30.4,58.9,33.4,53.6,0.0,0.0,0.0
2026-04-12 19:38:55,30.6,58.8,17.4,53.6,0.0,0.0,0.0
2026-04-12 19:39:00,30.5,58.7,26.5,53.6,0.0,0.0,0.0
2026-04-12 19:39:05,30.4,58.6,0.0,53.6,0.0,0.0,0.0
2026-04-12 19:39:10,30.5,58.6,13.9,53.5,0.0,0.0,0.0
2026-04-12 19:39:15,30.5,58.7,13.0,53.5,0.0,0.0,0.0
2026-04-12 19:39:20,30.3,58.6,12.3,53.5,0.0,0.0,0.0
2026-04-12 19:39:25,30.4,58.4,26.2,53.5,0.0,0.0,0.0
2026-04-12 19:39:30,30.4,58.5,31.3,53.5,0.0,0.0,0.0
2026-04-12 19:39:35,30.5,58.5,23.3,53.5,0.0,0.0,0.0
2026-04-12 19:39:40,30.5,58.5,0.0,53.5,0.0,0.0,0.0
2026-04-12 19:39:45,30.5,58.5,27.8,53.5,0.0,0.0,0.0
2026-04-12 19:39:50,30.5,58.5,0.0,53.5,0.0,0.0,0.0
2026-04-12 19:39:55,30.4,58.5,23.4,53.5,0.0,0.0,0.0
2026-04-12 19:40:00,30.4,58.6,15.5,53.5,0.0,0.0,0.0
2026-04-12 19:40:05,30.5,58.7,15.5,53.5,0.0,0.0,0.0
2026-04-12 19:40:10,30.4,58.6,11.5,53.5,0.0,0.0,0.0
2026-04-12 19:40:15,30.4,58.6,30.2,53.5,0.0,0.0,0.0
2026-04-12 19:40:20,30.5,58.7,12.5,53.5,0.0,0.0,0.0
2026-04-12 19:40:25,30.4,58.6,15.2,53.5,0.0,0.0,0.0
2026-04-12 19:40:30,30.5,58.6,21.0,53.6,0.0,0.0,0.0
2026-04-12 19:40:35,30.6,58.6,47.6,53.6,0.0,0.0,0.0
2026-04-12 19:40:40,30.5,58.7,9.5,53.5,0.0,0.0,0.0
2026-04-12 19:40:45,30.4,58.7,11.6,53.5,0.0,0.0,0.0
2026-04-12 19:40:50,30.5,58.8,6.7,53.5,0.0,0.0,0.0
2026-04-12 19:40:55,30.5,58.9,15.7,53.5,0.0,0.0,0.0
2026-04-12 19:41:00,30.5,58.8,12.9,53.5,0.0,0.0,0.0
2026-04-12 19:41:05,30.4,58.8,14.4,53.5,0.0,0.0,0.0
2026-04-12 19:41:10,30.6,58.8,20.9,53.5,0.0,0.0,0.0
2026-04-12 19:41:15,30.4,58.9,12.8,53.5,0.0,0.0,0.0
2026-04-12 19:41:20,30.5,58.9,18.7,53.5,0.0,0.0,0.0
2026-04-12 19:41:25,30.6,59.0,12.0,53.5,0.0,0.0,0.0
2026-04-12 19:41:30,30.5,59.1,12.2,53.5,0.0,0.0,0.0
2026-04-12 19:41:35,30.4,59.0,0.0,53.5,0.0,0.0,0.0
2026-04-12 19:41:40,30.5,59.2,2.1,53.5,0.0,0.0,0.0
2026-04-12 19:41:45,30.6,59.2,18.3,53.5,0.0,0.0,0.0
2026-04-12 19:41:50,30.3,59.2,3.2,53.5,0.0,0.0,0.0
2026-04-12 19:41:55,30.6,59.0,7.5,53.5,0.0,0.0,0.0
2026-04-12 19:42:00,30.4,59.0,1.5,53.5,0.0,0.0,0.0
2026-04-12 19:42:05,30.3,59.0,5.9,53.5,0.0,0.0,0.0
2026-04-12 19:42:10,30.5,59.1,14.7,53.5,0.0,0.0,0.0
2026-04-12 19:42:15,30.4,59.1,11.2,53.5,0.0,0.0,0.0
2026-04-12 19:42:20,30.4,59.1,25.6,53.5,0.0,0.0,0.0
2026-04-12 19:42:25,30.5,59.0,30.3,53.5,0.0,0.0,0.0
2026-04-12 19:42:30,30.4,59.1,10.1,53.5,0.0,0.0,0.0
2026-04-12 19:42:35,30.5,59.2,24.1,53.5,0.0,0.0,0.0
2026-04-12 19:42:40,30.6,59.3,11.0,53.5,0.0,0.0,0.0
2026-04-12 19:42:45,30.5,59.3,16.6,53.5,0.0,0.0,0.0
2026-04-12 19:42:50,30.4,59.3,12.7,53.5,0.0,0.0,0.0
2026-04-12 19:42:55,30.4,59.3,23.3,53.5,0.0,0.0,0.0
2026-04-12 19:43:00,30.3,59.4,21.0,53.5,0.0,0.0,0.0
2026-04-12 19:43:05,30.4,59.4,28.5,53.5,0.0,0.0,0.0
2026-04-12 19:43:10,30.4,59.3,21.3,53.5,0.0,0.0,0.0
2026-04-12 19:43:15,30.4,59.4,9.0,53.5,0.0,0.0,0.0
2026-04-12 19:43:20,30.5,59.4,20.8,53.5,0.0,0.0,0.0
2026-04-12 19:43:25,30.5,59.4,20.0,53.5,0.0,0.0,0.0
2026-04-12 19:43:30,30.4,59.4,17.3,53.5,0.0,0.0,0.0
2026-04-12 19:43:35,30.6,59.5,29.9,53.5,0.0,0.0,0.0
2026-04-12 19:43:40,30.4,59.5,0.0,53.5,0.0,0.0,0.0
2026-04-12 19:43:45,30.5,59.5,13.5,53.5,0.0,0.0,0.0
2026-04-12 19:43:50,30.5,59.5,18.5,53.5,0.0,0.0,0.0
2026-04-12 19:43:55,30.4,59.4,7.2,53.5,0.0,0.0,0.0
2026-04-12 19:44:00,30.4,59.5,17.7,53.5,0.0,0.0,0.0
2026-04-12 19:44:05,30.6,59.4,9.6,53.5,0.0,0.0,0.0
2026-04-12 19:44:10,30.2,59.4,14.1,53.5,0.0,0.0,0.0
2026-04-12 19:44:15,30.5,59.4,22.2,53.5,0.0,0.0,0.0
2026-04-12 19:44:20,30.2,59.3,22.4,53.5,0.0,0.0,0.0
2026-04-12 19:44:25,30.5,59.3,30.6,53.5,0.0,0.0,0.0
2026-04-12 19:44:30,30.5,59.3,11.6,53.5,0.0,0.0,0.0
2026-04-12 19:44:35,30.3,59.4,18.4,53.5,0.0,0.0,0.0
2026-04-12 19:44:40,30.4,59.4,8.0,53.5,0.0,0.0,0.0
2026-04-12 19:44:45,30.4,59.4,5.8,53.5,0.0,0.0,0.0
2026-04-12 19:44:50,30.4,59.4,17.3,53.4,0.0,0.0,0.0
2026-04-12 19:44:55,30.6,59.4,8.6,53.4,0.0,0.0,0.0
2026-04-12 19:45:00,30.5,59.3,7.7,53.5,0.0,0.0,0.0
2026-04-12 19:45:05,30.4,59.3,14.5,53.5,0.0,0.0,0.0
2026-04-12 19:45:10,30.5,59.3,4.3,53.5,0.0,0.0,0.0
2026-04-12 19:45:15,30.5,59.3,15.9,53.5,0.0,0.0,0.0
2026-04-12 19:45:20,30.4,59.3,9.3,53.5,0.0,0.0,0.0
2026-04-12 19:45:25,30.2,59.2,22.5,53.4,0.0,0.0,0.0
2026-04-12 19:45:30,30.3,59.2,17.1,53.4,0.0,0.0,0.0
2026-04-12 19:45:35,30.3,59.1,8.8,53.4,0.0,0.0,0.0
2026-04-12 19:45:40,30.4,59.1,6.4,53.5,0.0,0.0,0.0
2026-04-12 19:45:45,30.4,59.1,7.4,53.5,0.0,0.0,0.0
2026-04-12 19:45:50,30.2,59.0,3.4,53.5,0.0,0.0,0.0
2026-04-12 19:45:55,30.2,59.3,24.6,53.5,0.0,0.0,0.0
2026-04-12 19:46:00,30.3,59.1,11.2,53.5,0.0,0.0,0.0
2026-04-12 19:46:05,30.3,59.0,13.6,53.5,0.0,0.0,0.0
2026-04-12 19:46:10,30.3,59.0,13.1,53.5,0.0,0.0,0.0
2026-04-12 19:46:15,30.2,58.9,11.0,53.5,0.0,0.0,0.0
2026-04-12 19:46:20,30.4,59.0,35.8,53.5,0.0,0.0,0.0
2026-04-12 19:46:25,30.5,58.9,7.6,53.5,0.0,0.0,0.0
2026-04-12 19:46:30,30.4,58.8,17.5,53.5,0.0,0.0,0.0
2026-04-12 19:46:35,30.4,58.8,21.7,53.5,0.0,0.0,0.0
2026-04-12 19:46:40,30.5,58.8,0.0,53.5,0.0,0.0,0.0
2026-04-12 19:46:45,30.4,58.8,19.7,53.5,0.0,0.0,0.0
2026-04-12 19:46:50,30.4,58.8,15.7,53.5,0.0,0.0,0.0
2026-04-12 19:46:55,30.4,58.8,23.0,53.5,0.0,0.0,0.0
2026-04-12 19:47:00,30.2,58.8,14.0,53.5,0.0,0.0,0.0
2026-04-12 19:47:05,30.3,58.6,0.0,53.5,0.0,0.0,0.0
2026-04-12 19:47:10,30.4,58.7,18.8,53.5,0.0,0.0,0.0
2026-04-12 19:47:15,30.3,58.8,12.7,53.5,0.0,0.0,0.0
2026-04-12 19:47:20,30.1,58.8,18.4,53.5,0.0,0.0,0.0
2026-04-12 19:47:25,30.4,58.7,16.1,53.5,0.0,0.0,0.0
2026-04-12 19:47:30,30.2,58.8,26.8,53.5,0.0,0.0,0.0
2026-04-12 19:47:35,30.4,58.7,8.3,53.5,0.0,0.0,0.0
2026-04-12 19:47:40,30.5,58.7,18.1,53.5,0.0,0.0,0.0
2026-04-12 19:47:45,30.4,58.7,17.1,53.5,0.0,0.0,0.0
2026-04-12 19:47:50,30.3,58.9,10.6,53.5,0.0,0.0,0.0
2026-04-12 19:47:55,30.5,58.8,9.0,53.5,0.0,0.0,0.0
2026-04-12 19:48:00,30.4,59.0,13.7,53.5,0.0,0.0,0.0
2026-04-12 19:48:05,30.3,59.0,23.8,53.5,0.0,0.0,0.0
2026-04-12 19:48:10,30.3,58.8,22.4,53.5,0.0,0.0,0.0
2026-04-12 19:48:15,30.2,58.8,23.8,53.5,0.0,0.0,0.0
2026-04-12 19:48:20,30.4,58.9,13.3,53.5,0.0,0.0,0.0
2026-04-12 19:48:25,30.3,59.1,10.4,53.5,0.0,0.0,0.0
2026-04-12 19:48:30,30.5,58.9,6.3,53.5,0.0,0.0,0.0
2026-04-12 19:48:35,30.3,58.9,20.7,53.5,0.0,0.0,0.0
2026-04-12 19:48:40,30.4,59.1,3.5,53.5,0.0,0.0,0.0
2026-04-12 19:48:45,30.3,59.2,5.1,53.5,0.0,0.0,0.0
2026-04-12 19:48:50,30.3,59.1,3.7,53.5,0.0,0.0,0.0
2026-04-12 19:48:55,30.4,59.1,19.7,53.5,0.0,0.0,0.0
2026-04-12 19:49:00,30.4,59.1,13.3,53.4,0.0,0.0,0.0
2026-04-12 19:49:05,30.4,59.0,29.7,53.4,0.0,0.0,0.0
2026-04-12 19:49:10,30.5,59.0,10.0,53.5,0.0,0.0,0.0
2026-04-12 19:49:15,30.5,59.0,16.2,53.5,0.0,0.0,0.0
2026-04-12 19:49:20,30.3,59.0,10.2,53.5,0.0,0.0,0.0
2026-04-12 19:49:25,30.3,59.0,17.6,53.5,0.0,0.0,0.0
2026-04-12 19:49:30,30.3,59.0,24.4,53.5,0.0,0.0,0.0
2026-04-12 19:49:35,30.3,58.9,20.9,53.5,0.0,0.0,0.0
2026-04-12 19:49:40,30.3,59.0,27.2,53.5,0.0,0.0,0.0
2026-04-12 19:49:45,30.4,59.0,13.3,53.5,0.0,0.0,0.0
2026-04-12 19:49:50,30.3,59.0,19.6,53.5,0.0,0.0,0.0
2026-04-12 19:49:55,30.4,59.2,13.0,53.5,0.0,0.0,0.0
2026-04-12 19:50:00,30.3,59.3,11.5,53.5,0.0,0.0,0.0
2026-04-12 19:50:05,30.4,59.3,11.1,53.5,0.0,0.0,0.0
2026-04-12 19:50:10,30.4,59.3,2.9,53.5,0.0,0.0,0.0
2026-04-12 19:50:15,30.3,59.4,0.0,53.5,0.0,0.0,0.0
2026-04-12 19:50:20,30.4,59.5,32.0,53.5,0.0,0.0,0.0
2026-04-12 19:50:25,30.3,59.5,6.6,53.5,0.0,0.0,0.0
2026-04-12 19:50:30,30.3,59.5,11.1,53.5,0.0,0.0,0.0
2026-04-12 19:50:35,30.3,59.5,20.3,53.5,0.0,0.0,0.0
2026-04-12 19:50:40,30.4,59.5,0.0,53.5,0.0,0.0,0.0
2026-04-12 19:50:45,30.3,59.5,13.8,53.5,0.0,0.0,0.0
2026-04-12 19:50:50,30.3,59.5,24.3,53.5,0.0,0.0,0.0
2026-04-12 19:50:55,30.3,59.5,9.9,53.5,0.0,0.0,0.0
2026-04-12 19:51:00,30.4,59.4,20.1,53.5,0.0,0.0,0.0
2026-04-12 19:51:05,30.4,59.4,22.8,53.5,0.0,0.0,0.0
2026-04-12 19:51:10,30.2,59.4,27.5,53.5,0.0,0.0,0.0
2026-04-12 19:51:15,30.3,59.5,9.9,53.5,0.0,0.0,0.0
2026-04-12 19:51:20,30.3,59.5,33.3,53.5,0.0,0.0,0.0
2026-04-12 19:51:25,30.4,59.6,17.3,53.5,0.0,0.0,0.0
2026-04-12 19:51:30,30.4,59.5,1.8,53.5,0.0,0.0,0.0
2026-04-12 19:51:35,30.2,59.6,14.3,53.5,0.0,0.0,0.0
2026-04-12 19:51:40,30.4,59.6,23.0,53.5,0.0,0.0,0.0
2026-04-12 19:51:45,30.2,59.7,23.8,53.5,0.0,0.0,0.0
2026-04-12 19:51:50,30.4,59.7,33.5,53.5,0.0,0.0,0.0
2026-04-12 19:51:55,30.2,59.5,11.2,53.5,0.0,0.0,0.0
2026-04-12 19:52:00,30.3,59.5,4.7,53.5,0.0,0.0,0.0
2026-04-12 19:52:05,30.4,59.5,15.7,53.5,0.0,0.0,0.0
2026-04-12 19:52:10,30.3,59.4,0.0,53.5,0.0,0.0,0.0
2026-04-12 19:52:15,30.2,59.4,0.0,53.4,0.0,0.0,0.0
2026-04-12 19:52:20,30.3,59.3,11.3,53.4,0.0,0.0,0.0
2026-04-12 19:52:25,30.4,59.3,13.2,53.4,0.0,0.0,0.0
2026-04-12 19:52:30,30.4,59.3,5.8,53.5,0.0,0.0,0.0
2026-04-12 19:52:35,30.3,59.1,29.2,53.5,0.0,0.0,0.0
2026-04-12 19:52:40,30.5,59.2,0.0,53.5,0.0,0.0,0.0
2026-04-12 19:52:45,30.6,59.2,8.4,53.5,0.0,0.0,0.0
2026-04-12 19:52:50,30.5,59.2,13.8,53.5,0.0,0.0,0.0
2026-04-12 19:52:55,30.2,59.2,7.6,53.5,0.0,0.0,0.0
2026-04-12 19:53:00,30.4,59.2,15.0,53.5,0.0,0.0,0.0
2026-04-12 19:53:05,30.3,59.1,3.9,53.5,0.0,0.0,0.0
2026-04-12 19:53:10,30.5,59.3,0.0,53.5,0.0,0.0,0.0
2026-04-12 19:53:15,30.4,59.3,14.9,53.5,0.0,0.0,0.0
2026-04-12 19:53:20,30.4,59.2,13.6,53.5,0.0,0.0,0.0
2026-04-12 19:53:25,30.3,59.3,15.1,53.5,0.0,0.0,0.0
2026-04-12 19:53:30,30.4,59.2,22.3,53.5,0.0,0.0,0.0
2026-04-12 19:53:35,30.3,59.0,34.6,53.5,0.0,0.0,0.0
2026-04-12 19:53:40,30.4,59.0,16.2,53.5,0.0,0.0,0.0
2026-04-12 19:53:45,30.3,59.1,26.4,53.4,0.0,0.0,0.0
2026-04-12 19:53:50,30.3,59.2,0.0,53.4,0.0,0.0,0.0
2026-04-12 19:53:55,30.4,59.3,30.3,53.5,0.0,0.0,0.0
2026-04-12 19:54:00,30.3,59.3,21.3,53.5,0.0,0.0,0.0
2026-04-12 19:54:05,30.6,59.3,26.4,53.5,0.0,0.0,0.0
2026-04-12 19:54:10,30.5,59.4,6.7,53.5,0.0,0.0,0.0
2026-04-12 19:54:15,30.4,59.3,24.6,53.5,0.0,0.0,0.0
2026-04-12 19:54:20,30.4,59.2,27.7,53.5,0.0,0.0,0.0
2026-04-12 19:54:25,30.4,59.1,3.8,53.4,0.0,0.0,0.0
2026-04-12 19:54:30,30.2,59.1,6.0,53.4,0.0,0.0,0.0
2026-04-12 19:54:35,30.4,59.1,13.6,53.4,0.0,0.0,0.0
2026-04-12 19:54:40,30.3,59.1,15.3,53.4,0.0,0.0,0.0
2026-04-12 19:54:45,30.5,59.1,22.2,53.5,0.0,0.0,0.0
2026-04-12 19:54:50,30.5,59.2,34.2,53.5,0.0,0.0,0.0
2026-04-12 19:54:55,30.5,59.1,27.1,53.4,0.0,0.0,0.0
2026-04-12 19:55:00,30.4,59.1,7.0,53.4,0.0,0.0,0.0
2026-04-12 19:55:05,30.3,59.1,29.8,53.5,0.0,0.0,0.0
2026-04-12 19:55:10,30.5,59.2,19.6,53.5,0.0,0.0,0.0
2026-04-12 19:55:15,30.6,59.1,10.4,53.5,0.0,0.0,0.0
2026-04-12 19:55:20,30.5,59.3,19.4,53.5,0.0,0.0,0.0
2026-04-12 19:55:25,30.5,59.4,26.7,53.5,0.0,0.0,0.0
2026-04-12 19:55:30,30.5,59.4,7.2,53.5,0.0,0.0,0.0
2026-04-12 19:55:35,30.3,59.4,22.9,53.5,0.0,0.0,0.0
2026-04-12 19:55:40,30.3,59.4,2.1,53.5,0.0,0.0,0.0
2026-04-12 19:55:45,30.4,59.4,7.1,53.5,0.0,0.0,0.0
2026-04-12 19:55:50,30.4,59.3,21.0,53.5,0.0,0.0,0.0
2026-04-12 19:55:55,30.4,59.4,32.4,53.5,0.0,0.0,0.0
2026-04-12 19:56:00,30.3,59.5,5.6,53.5,0.0,0.0,0.0
2026-04-12 19:56:05,30.5,59.5,13.6,53.5,0.0,0.0,0.0
2026-04-12 19:56:10,30.4,59.5,33.4,53.5,0.0,0.0,0.0
2026-04-12 19:56:15,30.4,59.6,21.2,53.5,0.0,0.0,0.0
2026-04-12 19:56:20,30.6,59.6,14.6,53.5,0.0,0.0,0.0
2026-04-12 19:56:25,30.5,59.6,0.0,53.5,0.0,0.0,0.0
2026-04-12 19:56:30,30.4,59.7,20.5,53.5,0.0,0.0,0.0
2026-04-12 19:56:35,30.4,59.7,0.0,53.5,0.0,0.0,0.0
2026-04-12 19:56:40,30.4,59.6,16.6,53.5,0.0,0.0,0.0
2026-04-12 19:56:45,30.5,59.6,21.3,53.5,0.0,0.0,0.0
2026-04-12 19:56:50,30.4,59.6,18.4,53.5,0.0,0.0,0.0
2026-04-12 19:56:55,30.3,59.5,5.2,53.4,0.0,0.0,0.0
2026-04-12 19:57:00,30.3,59.6,26.8,53.4,0.0,0.0,0.0
2026-04-12 19:57:05,30.4,59.6,23.6,53.5,0.0,0.0,0.0
2026-04-12 19:57:10,30.4,59.7,31.4,53.5,0.0,0.0,0.0
2026-04-12 19:57:15,30.6,59.6,14.5,53.5,0.0,0.0,0.0
2026-04-12 19:57:20,30.3,59.6,1.2,53.5,0.0,0.0,0.0
2026-04-12 19:57:25,30.5,59.6,20.6,53.5,0.0,0.0,0.0
2026-04-12 19:57:30,30.6,59.5,24.7,53.5,0.0,0.0,0.0
2026-04-12 19:57:35,30.4,59.4,17.5,53.5,0.0,0.0,0.0
2026-04-12 19:57:40,30.4,59.4,11.1,53.5,0.0,0.0,0.0
2026-04-12 19:57:45,30.3,59.3,2.2,53.5,0.0,0.0,0.0
2026-04-12 19:57:50,30.3,59.3,25.1,53.5,0.0,0.0,0.0
2026-04-12 19:57:55,30.3,59.3,11.9,53.5,0.0,0.0,0.0
2026-04-12 19:58:00,30.4,59.4,4.3,53.5,0.0,0.0,0.0
2026-04-12 19:58:05,30.4,59.4,15.7,53.5,0.0,0.0,0.0
2026-04-12 19:58:10,30.2,59.5,24.6,53.4,0.0,0.0,0.0
2026-04-12 19:58:15,30.3,59.5,3.6,53.4,0.0,0.0,0.0
2026-04-12 19:58:20,30.2,59.6,18.3,53.5,0.0,0.0,0.0
2026-04-12 19:58:25,30.4,59.6,3.1,53.5,0.0,0.0,0.0
2026-04-12 19:58:30,30.4,59.6,1.4,53.5,0.0,0.0,0.0
2026-04-12 19:58:35,30.3,59.5,20.5,53.5,0.0,0.0,0.0
2026-04-12 19:58:40,30.5,59.5,29.9,53.5,0.0,0.0,0.0
2026-04-12 19:58:45,30.4,59.5,29.2,53.5,0.0,0.0,0.0
2026-04-12 19:58:50,30.3,59.5,24.8,53.5,0.0,0.0,0.0
2026-04-12 19:58:55,30.5,59.6,1.8,53.5,0.0,0.0,0.0
2026-04-12 19:59:00,30.4,59.4,7.1,53.5,0.0,0.0,0.0
2026-04-12 19:59:05,30.2,59.4,3.1,53.5,0.0,0.0,0.0
2026-04-12 19:59:10,30.5,59.5,20.0,53.5,0.0,0.0,0.0
2026-04-12 19:59:15,30.4,59.5,11.2,53.5,0.0,0.0,0.0
2026-04-12 19:59:20,30.4,59.6,8.5,53.5,0.0,0.0,0.0
2026-04-12 19:59:25,30.5,59.4,4.1,53.5,0.0,0.0,0.0
2026-04-12 19:59:30,30.4,59.6,25.4,53.5,0.0,0.0,0.0
2026-04-12 19:59:35,30.4,59.7,4.1,53.5,0.0,0.0,0.0
2026-04-12 19:59:40,30.2,59.6,3.5,53.5,0.0,0.0,0.0
2026-04-12 19:59:45,30.3,59.7,15.8,53.5,0.0,1.0,0.0
2026-04-12 19:59:50,30.4,61.7,18.5,53.4,0.0,1.0,0.0
2026-04-12 19:59:55,30.2,63.5,0.0,53.4,0.0,1.0,0.0
