Timestamp,Temperature,Humidity,Light,Soil_Moisture,Drip,Mist,Fan
2026-04-13 00:00:01,29.2,60.5,0.0,54.0,0.0,0.0,0.0
2026-04-13 00:00:06,29.5,60.4,18.3,54.0,0.0,0.0,0.0
2026-04-13 00:00:11,29.3,60.4,6.2,54.0,0.0,0.0,0.0
2026-04-13 00:00:16,29.3,60.3,13.7,54.1,0.0,0.0,0.0
2026-04-13 00:00:21,29.3,60.4,0.0,54.1,0.0,0.0,0.0
2026-04-13 00:00:26,29.2,60.4,24.3,54.1,0.0,0.0,0.0
2026-04-13 00:00:31,29.3,60.4,30.4,54.1,0.0,0.0,0.0
2026-04-13 00:00:36,29.2,60.3,13.0,54.1,0.0,0.0,0.0
2026-04-13 00:00:41,29.3,60.3,20.9,54.1,0.0,0.0,0.0
2026-04-13 00:00:46,29.1,60.3,21.7,54.1,0.0,0.0,0.0
2026-04-13 00:00:51,29.3,60.4,28.3,54.1,0.0,0.0,0.0
2026-04-13 00:00:56,29.1,60.5,0.4,54.1,0.0,0.0,0.0
2026-04-13 00:01:01,29.2,60.6,20.7,54.1,0.0,0.0,0.0
2026-04-13 00:01:06,29.3,60.4,36.1,54.1,0.0,0.0,0.0
2026-04-13 00:01:11,29.1,60.5,27.2,54.1,0.0,0.0,0.0
2026-04-13 00:01:16,29.2,60.6,0.0,54.1,0.0,0.0,0.0
2026-04-13 00:01:21,29.4,60.7,3.3,54.1,0.0,0.0,0.0
2026-04-13 00:01:26,29.3,60.6,17.8,54.1,0.0,0.0,0.0
2026-04-13 00:01:31,29.5,60.6,18.7,54.1,0.0,0.0,0.0
2026-04-13 00:01:36,29.3,60.6,12.1,54.1,0.0,0.0,0.0
2026-04-13 00:01:41,29.5,60.6,9.4,54.1,0.0,0.0,0.0
2026-04-13 00:01:46,29.2,60.5,8.6,54.1,0.0,0.0,0.0
2026-04-13 00:01:51,29.3,60.4,11.6,54.1,0.0,0.0,0.0
2026-04-13 00:01:56,29.3,60.5,14.7,54.1,0.0,0.0,0.0
2026-04-13 00:02:01,29.3,60.5,16.9,54.1,0.0,0.0,0.0
2026-04-13 00:02:06,29.2,60.5,0.0,54.0,0.0,0.0,0.0
2026-04-13 00:02:11,29.4,60.6,6.2,54.0,0.0,0.0,0.0
2026-04-13 00:02:16,29.3,60.7,3.8,54.1,0.0,0.0,0.0
2026-04-13 00:02:21,29.3,60.7,0.0,54.1,0.0,0.0,0.0
2026-04-13 00:02:26,29.0,60.7,11.4,54.1,0.0,0.0,0.0
2026-04-13 00:02:31,29.2,60.7,17.0,54.1,0.0,0.0,0.0
2026-04-13 00:02:36,29.4,60.7,49.8,54.1,0.0,0.0,0.0
2026-04-13 00:02:41,29.2,60.7,20.5,54.1,0.0,0.0,0.0
2026-04-13 00:02:46,29.4,60.7,8.6,54.1,0.0,0.0,0.0
2026-04-13 00:02:51,29.2,60.6,10.1,54.1,0.0,0.0,0.0
2026-04-13 00:02:56,29.3,60.6,1.0,54.1,0.0,0.0,0.0
2026-04-13 00:03:01,29.2,60.5,27.9,54.1,0.0,0.0,0.0
2026-04-13 00:03:06,29.2,60.4,0.0,54.1,0.0,0.0,0.0
2026-04-13 00:03:11,29.3,60.4,5.1,54.1,0.0,0.0,0.0
2026-04-13 00:03:16,29.2,60.5,8.7,54.1,0.0,0.0,0.0
2026-04-13 00:03:21,29.3,60.5,10.1,54.1,0.0,0.0,0.0
2026-04-13 00:03:26,29.3,60.5,11.9,54.1,0.0,0.0,0.0
2026-04-13 00:03:31,29.4,60.5,13.8,54.1,0.0,0.0,0.0
2026-04-13 00:03:36,29.2,60.3,26.6,54.1,0.0,0.0,0.0
2026-04-13 00:03:41,29.2,60.3,11.4,54.1,0.0,0.0,0.0
2026-04-13 00:03:46,29.3,60.3,38.3,54.1,0.0,0.0,0.0
2026-04-13 00:03:51,29.2,60.1,11.9,54.1,0.0,0.0,0.0
2026-04-13 00:03:56,29.2,60.2,13.3,54.1,0.0,0.0,0.0
2026-04-13 00:04:01,29.3,60.1,27.9,54.1,0.0,0.0,0.0
2026-04-13 00:04:06,29.2,60.1,19.1,54.1,0.0,0.0,0.0
2026-04-13 00:04:11,29.3,60.2,14.1,54.1,0.0,0.0,0.0
2026-04-13 00:04:16,29.2,60.3,0.9,54.1,0.0,0.0,0.0
2026-04-13 00:04:21,29.2,60.2,14.8,54.1,0.0,0.0,0.0
2026-04-13 00:04:26,29.3,60.2,17.0,54.1,0.0,0.0,0.0
2026-04-13 00:04:31,29.2,60.2,27.0,54.1,0.0,0.0,0.0
2026-04-13 00:04:36,29.1,60.2,14.0,54.1,0.0,0.0,0.0
2026-04-13 00:04:41,29.2,60.3,12.4,54.1,0.0,0.0,0.0
2026-04-13 00:04:46,29.2,60.4,18.4,54.1,0.0,0.0,0.0
2026-04-13 00:04:51,29.1,60.3,40.5,54.1,0.0,0.0,0.0
2026-04-13 00:04:56,29.2,60.3,13.9,54.1,0.0,0.0,0.0
2026-04-13 00:05:01,29.4,60.5,9.9,54.1,0.0,0.0,0.0
2026-04-13 00:05:06,29.3,60.6,7.3,54.1,0.0,0.0,0.0
2026-04-13 00:05:11,29.1,60.5,25.2,54.1,0.0,0.0,0.0
2026-04-13 00:05:16,29.2,60.5,8.6,54.1,0.0,0.0,0.0
2026-04-13 00:05:21,29.3,60.5,27.3,54.1,0.0,0.0,0.0
2026-04-13 00:05:26,29.2,60.5,6.3,54.1,0.0,0.0,0.0
2026-04-13 00:05:31,29.2,60.5,2.2,54.1,0.0,0.0,0.0
2026-04-13 00:05:36,29.2,60.6,24.4,54.1,0.0,0.0,0.0
2026-04-13 00:05:41,29.1,60.7,15.5,54.1,0.0,0.0,0.0
2026-04-13 00:05:46,29.2,60.6,16.2,54.0,0.0,0.0,0.0
2026-04-13 00:05:51,29.2,60.5,1.6,54.0,0.0,0.0,0.0
2026-04-13 00:05:56,29.2,60.6,17.8,54.0,0.0,0.0,0.0
2026-04-13 00:06:01,29.1,60.7,6.4,54.0,0.0,0.0,0.0
2026-04-13 00:06:06,29.2,60.7,17.6,54.1,0.0,0.0,0.0
2026-04-13 00:06:11,29.1,60.7,15.1,54.1,0.0,0.0,0.0
2026-04-13 00:06:16,29.1,60.7,17.1,54.1,0.0,0.0,0.0
2026-04-13 00:06:21,29.1,60.9,19.1,54.1,0.0,0.0,0.0
2026-04-13 00:06:26,29.2,60.9,14.2,54.1,0.0,0.0,0.0
2026-04-13 00:06:31,29.3,60.9,0.1,54.1,0.0,0.0,0.0
2026-04-13 00:06:36,29.3,60.9,18.1,54.1,0.0,0.0,0.0
2026-04-13 00:06:41,29.2,60.8,4.7,54.1,0.0,0.0,0.0
2026-04-13 00:06:46,29.2,60.9,9.6,54.1,0.0,0.0,0.0
2026-04-13 00:06:51,29.1,60.9,27.6,54.1,0.0,0.0,0.0
2026-04-13 00:06:56,29.2,60.8,25.6,54.1,0.0,0.0,0.0
2026-04-13 00:07:01,29.2,60.8,16.8,54.0,0.0,0.0,0.0
2026-04-13 00:07:06,29.2,60.7,16.2,54.0,0.0,0.0,0.0
2026-04-13 00:07:11,29.2,60.6,21.9,54.1,0.0,0.0,0.0
2026-04-13 00:07:16,29.3,60.5,23.1,54.1,0.0,0.0,0.0
2026-04-13 00:07:21,29.2,60.6,35.3,54.1,0.0,0.0,0.0
2026-04-13 00:07:26,29.1,60.7,13.4,54.1,0.0,0.0,0.0
2026-04-13 00:07:31,29.2,60.7,14.8,54.1,0.0,0.0,0.0
2026-04-13 00:07:36,29.2,60.7,21.3,54.1,0.0,0.0,0.0
2026-04-13 00:07:41,29.1,60.7,38.4,54.0,0.0,0.0,0.0
2026-04-13 00:07:46,29.3,60.7,4.2,54.0,0.0,0.0,0.0
2026-04-13 00:07:51,29.1,60.8,12.0,54.0,0.0,0.0,0.0
2026-04-13 00:07:56,29.1,60.6,21.8,54.1,0.0,0.0,0.0
2026-04-13 00:08:01,29.3,60.7,11.7,54.1,0.0,0.0,0.0
2026-04-13 00:08:06,29.2,60.7,20.1,54.1,0.0,0.0,0.0
2026-04-13 00:08:11,29.2,60.5,0.0,54.1,0.0,0.0,0.0
2026-04-13 00:08:16,29.0,60.6,0.0,54.1,0.0,0.0,0.0
2026-04-13 00:08:21,29.1,60.7,0.0,54.1,0.0,0.0,0.0
2026-04-13 00:08:26,29.0,60.7,17.8,54.1,0.0,0.0,0.0
2026-04-13 00:08:31,29.2,60.7,15.9,54.1,0.0,0.0,0.0
2026-04-13 00:08:36,29.2,60.6,25.1,54.1,0.0,0.0,0.0
2026-04-13 00:08:41,29.1,60.7,25.4,54.1,0.0,0.0,0.0
2026-04-13 00:08:46,29.2,60.7,22.6,54.1,0.0,0.0,0.0
2026-04-13 00:08:51,29.1,60.6,16.3,54.1,0.0,0.0,0.0
2026-04-13 00:08:56,29.1,60.7,24.4,54.1,0.0,0.0,0.0
2026-04-13 00:09:01,29.1,60.7,25.6,54.0,0.0,0.0,0.0
2026-04-13 00:09:06,29.2,60.7,3.5,54.0,0.0,0.0,0.0
2026-04-13 00:09:11,29.1,60.5,25.4,54.0,0.0,0.0,0.0
2026-04-13 00:09:16,29.1,60.6,9.7,54.0,0.0,0.0,0.0
2026-04-13 00:09:21,29.2,60.6,6.4,54.0,0.0,0.0,0.0
2026-04-13 00:09:26,29.2,60.8,22.4,54.0,0.0,0.0,0.0
2026-04-13 00:09:31,29.2,60.8,6.9,54.0,0.0,0.0,0.0
2026-04-13 00:09:36,28.9,60.8,23.1,54.0,0.0,0.0,0.0
2026-04-13 00:09:41,29.0,60.9,11.7,54.0,0.0,0.0,0.0
2026-04-13 00:09:46,29.1,60.9,26.1,54.0,0.0,0.0,0.0
2026-04-13 00:09:51,29.2,60.9,5.8,54.0,0.0,0.0,0.0
2026-04-13 00:09:56,29.2,60.7,17.7,54.0,0.0,0.0,0.0
2026-04-13 00:10:01,29.2,60.7,26.8,54.0,0.0,0.0,0.0
2026-04-13 00:10:06,29.3,60.8,13.1,54.0,0.0,0.0,0.0
2026-04-13 00:10:11,29.2,60.7,21.5,54.0,0.0,0.0,0.0
2026-04-13 00:10:16,29.1,60.7,25.4,54.0,0.0,0.0,0.0
2026-04-13 00:10:21,29.1,60.7,23.7,54.0,0.0,0.0,0.0
2026-04-13 00:10:26,29.1,60.8,6.1,54.1,0.0,0.0,0.0
2026-04-13 00:10:31,29.1,60.8,27.7,54.1,0.0,0.0,0.0
2026-04-13 00:10:36,29.0,60.7,3.8,54.0,0.0,0.0,0.0
2026-04-13 00:10:41,29.2,60.8,23.4,54.0,0.0,0.0,0.0
2026-04-13 00:10:46,29.2,60.7,23.0,54.0,0.0,0.0,0.0
2026-04-13 00:10:51,29.2,60.7,27.4,54.0,0.0,0.0,0.0
2026-04-13 00:10:56,29.1,60.8,11.1,54.0,0.0,0.0,0.0
2026-04-13 00:11:01,29.1,60.8,20.2,54.0,0.0,0.0,0.0
2026-04-13 00:11:06,29.2,60.7,13.3,54.0,0.0,0.0,0.0
2026-04-13 00:11:11,29.2,60.7,23.4,54.0,0.0,0.0,0.0
2026-04-13 00:11:16,29.2,60.6,29.5,54.0,0.0,0.0,0.0
2026-04-13 00:11:21,29.2,60.6,20.2,54.0,0.0,0.0,0.0
2026-04-13 00:11:26,29.2,60.6,6.4,54.0,0.0,0.0,0.0
2026-04-13 00:11:31,29.2,60.6,18.6,54.0,0.0,0.0,0.0
2026-04-13 00:11:36,29.2,60.6,24.0,54.0,0.0,0.0,0.0
2026-04-13 00:11:41,29.2,60.6,20.1,54.1,0.0,0.0,0.0
2026-04-13 00:11:46,29.2,60.5,17.1,54.1,0.0,0.0,0.0
2026-04-13 00:11:51,29.4,60.5,20.9,54.1,0.0,0.0,0.0
2026-04-13 00:11:56,29.1,60.5,23.4,54.1,0.0,0.0,0.0
2026-04-13 00:12:01,29.2,60.4,31.6,54.1,0.0,0.0,0.0
2026-04-13 00:12:06,29.2,60.6,33.9,54.1,0.0,0.0,0.0
2026-04-13 00:12:11,29.3,60.5,22.7,54.0,0.0,0.0,0.0
2026-04-13 00:12:16,29.2,60.6,0.0,54.0,0.0,0.0,0.0
2026-04-13 00:12:21,29.2,60.5,13.7,54.1,0.0,0.0,0.0
2026-04-13 00:12:26,29.2,60.6,24.9,54.1,0.0,0.0,0.0
2026-04-13 00:12:31,29.2,60.7,21.7,54.1,0.0,0.0,0.0
2026-04-13 00:12:36,29.1,60.7,0.0,54.1,0.0,0.0,0.0
2026-04-13 00:12:41,29.2,60.6,22.9,54.0,0.0,0.0,0.0
2026-04-13 00:12:46,29.4,60.6,0.0,54.0,0.0,0.0,0.0
2026-04-13 00:12:51,29.3,60.5,8.0,54.0,0.0,0.0,0.0
2026-04-13 00:12:56,29.2,60.7,17.2,54.0,0.0,0.0,0.0
2026-04-13 00:13:01,29.3,60.8,8.2,54.0,0.0,0.0,0.0
2026-04-13 00:13:06,29.2,60.7,2.9,54.0,0.0,0.0,0.0
2026-04-13 00:13:11,29.2,60.8,23.8,54.0,0.0,0.0,0.0
2026-04-13 00:13:16,29.2,60.8,18.8,54.0,0.0,0.0,0.0
2026-04-13 00:13:21,29.2,60.8,13.4,54.0,0.0,0.0,0.0
2026-04-13 00:13:26,29.3,60.8,6.7,54.0,0.0,0.0,0.0
2026-04-13 00:13:31,29.2,60.8,13.8,54.0,0.0,0.0,0.0
2026-04-13 00:13:36,29.3,60.7,12.7,54.0,0.0,0.0,0.0
2026-04-13 00:13:41,29.1,60.6,23.0,54.1,0.0,0.0,0.0
2026-04-13 00:13:46,29.3,60.5,5.1,54.1,0.0,0.0,0.0
2026-04-13 00:13:51,29.3,60.5,39.1,54.1,0.0,0.0,0.0
2026-04-13 00:13:56,29.2,60.3,21.8,54.1,0.0,0.0,0.0
2026-04-13 00:14:01,29.1,60.3,15.8,54.1,0.0,0.0,0.0
2026-04-13 00:14:06,29.2,60.3,20.8,54.1,0.0,0.0,0.0
2026-04-13 00:14:11,29.2,60.3,18.6,54.1,0.0,0.0,0.0
2026-04-13 00:14:16,29.1,60.4,19.3,54.1,0.0,0.0,0.0
2026-04-13 00:14:21,29.2,60.3,14.3,54.1,0.0,0.0,0.0
2026-04-13 00:14:26,29.1,60.5,10.7,54.1,0.0,0.0,0.0
2026-04-13 00:14:31,29.2,60.5,3.6,54.1,0.0,0.0,0.0
2026-04-13 00:14:36,29.3,60.7,21.3,54.1,0.0,0.0,0.0
2026-04-13 00:14:41,29.1,60.6,13.8,54.1,0.0,0.0,0.0
2026-04-13 00:14:46,29.3,60.5,10.5,54.1,0.0,0.0,0.0
2026-04-13 00:14:51,29.2,60.5,22.4,54.0,0.0,0.0,0.0
2026-04-13 00:14:56,29.2,60.6,9.6,54.0,0.0,0.0,0.0
2026-04-13 00:15:01,29.2,60.6,8.3,54.0,0.0,0.0,0.0
2026-04-13 00:15:06,29.3,60.8,40.1,54.0,0.0,0.0,0.0
2026-04-13 00:15:11,29.3,60.8,15.8,54.0,0.0,0.0,0.0
2026-04-13 00:15:16,29.3,60.8,0.0,54.0,0.0,0.0,0.0
2026-04-13 00:15:21,29.3,60.8,33.2,54.0,0.0,0.0,0.0
2026-04-13 00:15:26,29.4,60.9,19.4,54.0,0.0,0.0,0.0
2026-04-13 00:15:31,29.4,60.9,10.5,54.0,0.0,0.0,0.0
2026-04-13 00:15:36,29.2,60.9,13.8,54.1,0.0,0.0,0.0
2026-04-13 00:15:41,29.2,61.0,0.0,54.1,0.0,0.0,0.0
2026-04-13 00:15:46,29.1,61.0,21.9,54.0,0.0,0.0,0.0
2026-04-13 00:15:51,29.2,61.0,30.1,54.0,0.0,0.0,0.0
2026-04-13 00:15:56,29.3,60.9,23.9,54.1,0.0,0.0,0.0
2026-04-13 00:16:01,29.3,61.0,12.6,54.1,0.0,0.0,0.0
2026-04-13 00:16:06,29.2,61.0,8.7,54.1,0.0,0.0,0.0
2026-04-13 00:16:11,29.3,61.1,30.2,54.1,0.0,0.0,0.0
2026-04-13 00:16:16,29.2,61.1,20.3,54.0,0.0,0.0,0.0
2026-04-13 00:16:21,29.3,61.0,11.3,54.0,0.0,0.0,0.0
2026-04-13 00:16:26,29.2,61.1,10.1,54.0,0.0,0.0,0.0
2026-04-13 00:16:31,29.1,61.2,7.3,54.0,0.0,0.0,0.0
2026-04-13 00:16:36,29.1,61.3,7.3,54.0,0.0,0.0,0.0
2026-04-13 00:16:41,29.2,61.2,4.1,54.0,0.0,0.0,0.0
2026-04-13 00:16:46,29.1,61.2,16.7,54.0,0.0,0.0,0.0
2026-04-13 00:16:51,29.1,61.1,25.6,54.0,0.0,0.0,0.0
2026-04-13 00:16:56,29.4,61.1,18.8,54.0,0.0,0.0,0.0
2026-04-13 00:17:01,29.2,61.0,23.7,54.0,0.0,0.0,0.0
2026-04-13 00:17:06,29.2,61.0,26.5,54.1,0.0,0.0,0.0
2026-04-13 00:17:11,29.1,61.0,9.2,54.1,0.0,0.0,0.0
2026-04-13 00:17:16,29.2,60.9,16.5,54.1,0.0,0.0,0.0
2026-04-13 00:17:21,29.1,61.0,5.6,54.0,0.0,0.0,0.0
2026-04-13 00:17:26,29.2,60.9,17.4,54.0,0.0,0.0,0.0
2026-04-13 00:17:31,29.1,60.9,26.4,54.0,0.0,0.0,0.0
2026-04-13 00:17:36,29.2,60.9,15.5,54.0,0.0,0.0,0.0
2026-04-13 00:17:41,29.2,60.9,7.0,54.0,0.0,0.0,0.0
2026-04-13 00:17:46,29.0,61.0,25.5,54.1,0.0,0.0,0.0
2026-04-13 00:17:51,29.2,60.8,3.3,54.1,0.0,0.0,0.0
2026-04-13 00:17:56,29.1,60.7,10.2,54.1,0.0,0.0,0.0
2026-04-13 00:18:01,29.2,60.7,3.2,54.1,0.0,0.0,0.0
2026-04-13 00:18:06,29.2,60.6,7.1,54.1,0.0,0.0,0.0
2026-04-13 00:18:11,29.1,60.6,0.0,54.0,0.0,0.0,0.0
2026-04-13 00:18:16,29.1,60.5,13.9,54.0,0.0,0.0,0.0
2026-04-13 00:18:21,29.1,60.5,32.0,54.0,0.0,0.0,0.0
2026-04-13 00:18:26,29.1,60.5,28.1,54.0,0.0,0.0,0.0
2026-04-13 00:18:31,29.1,60.5,42.9,54.0,0.0,0.0,0.0
2026-04-13 00:18:36,29.0,60.5,14.2,54.0,0.0,0.0,0.0
2026-04-13 00:18:41,29.2,60.5,0.0,54.0,0.0,0.0,0.0
2026-04-13 00:18:46,29.2,60.5,18.8,54.0,0.0,0.0,0.0
2026-04-13 00:18:51,29.1,60.5,0.9,54.0,0.0,0.0,0.0
2026-04-13 00:18:56,29.1,60.4,18.3,54.0,0.0,0.0,0.0
2026-04-13 00:19:01,29.2,60.5,22.6,54.0,0.0,0.0,0.0
2026-04-13 00:19:06,29.2,60.6,33.9,54.0,0.0,0.0,0.0
2026-04-13 00:19:11,29.2,60.5,18.8,54.0,0.0,0.0,0.0
2026-04-13 00:19:16,29.1,60.6,0.0,54.1,0.0,0.0,0.0
2026-04-13 00:19:21,29.2,60.5,3.1,54.1,0.0,0.0,0.0
2026-04-13 00:19:26,29.0,60.6,21.3,54.0,0.0,0.0,0.0
2026-04-13 00:19:31,29.1,60.7,34.5,54.0,0.0,0.0,0.0
2026-04-13 00:19:36,29.4,60.6,21.5,54.0,0.0,0.0,0.0
2026-04-13 00:19:41,29.1,60.7,17.9,54.0,0.0,0.0,0.0
2026-04-13 00:19:46,29.2,60.8,17.0,54.0,0.0,0.0,0.0
2026-04-13 00:19:51,29.1,60.7,2.6,54.0,0.0,0.0,0.0
2026-04-13 00:19:56,29.3,60.7,23.5,54.0,0.0,0.0,0.0
2026-04-13 00:20:01,29.1,60.7,12.6,54.0,0.0,0.0,0.0
2026-04-13 00:20:06,29.2,60.5,7.3,54.0,0.0,0.0,0.0
2026-04-13 00:20:11,29.1,60.7,0.0,54.0,0.0,0.0,0.0
2026-04-13 00:20:16,29.2,60.6,0.0,54.0,0.0,0.0,0.0
2026-04-13 00:20:21,29.2,60.5,22.7,54.0,0.0,0.0,0.0
2026-04-13 00:20:26,29.3,60.5,8.8,54.0,0.0,0.0,0.0
2026-04-13 00:20:31,29.1,60.6,18.9,54.0,0.0,0.0,0.0
2026-04-13 00:20:36,29.1,60.6,16.0,54.0,0.0,0.0,0.0
2026-04-13 00:20:41,29.2,60.6,14.7,54.0,0.0,0.0,0.0
2026-04-13 00:20:46,29.1,60.6,17.9,54.0,0.0,0.0,0.0
2026-04-13 00:20:51,29.2,60.6,2.7,54.0,0.0,0.0,0.0
2026-04-13 00:20:56,29.2,60.5,14.1,54.0,0.0,0.0,0.0
2026-04-13 00:21:01,29.1,60.6,6.3,54.0,0.0,0.0,0.0
2026-04-13 00:21:06,29.2,60.7,18.0,54.0,0.0,0.0,0.0
2026-04-13 00:21:11,29.0,60.6,22.2,54.0,0.0,0.0,0.0
2026-04-13 00:21:16,29.1,60.5,26.5,54.1,0.0,0.0,0.0
2026-04-13 00:21:21,29.2,60.7,4.1,54.1,0.0,0.0,0.0
2026-04-13 00:21:26,29.2,60.5,10.7,54.0,0.0,0.0,0.0
2026-04-13 00:21:31,29.1,60.5,11.9,54.0,0.0,0.0,0.0
2026-04-13 00:21:36,29.1,60.6,15.7,54.0,0.0,0.0,0.0
2026-04-13 00:21:41,29.2,60.8,20.9,54.0,0.0,0.0,0.0
2026-04-13 00:21:46,29.2,60.8,11.7,54.0,0.0,0.0,0.0
2026-04-13 00:21:51,29.1,60.7,10.6,54.0,0.0,0.0,0.0
2026-04-13 00:21:56,29.3,60.8,1.8,54.0,0.0,0.0,0.0
2026-04-13 00:22:01,29.2,60.7,26.9,54.0,0.0,0.0,0.0
2026-04-13 00:22:06,29.2,60.7,7.3,54.1,0.0,0.0,0.0
2026-04-13 00:22:11,29.3,60.8,21.7,54.1,0.0,0.0,0.0
2026-04-13 00:22:16,29.2,60.9,0.0,54.0,0.0,0.0,0.0
2026-04-13 00:22:21,29.1,60.8,14.1,54.0,0.0,0.0,0.0
2026-04-13 00:22:26,29.2,60.8,5.9,54.0,0.0,0.0,0.0
2026-04-13 00:22:31,29.3,60.9,20.6,54.0,0.0,0.0,0.0
2026-04-13 00:22:36,29.2,60.8,0.2,54.0,0.0,0.0,0.0
2026-04-13 00:22:41,29.1,60.9,27.4,54.0,0.0,0.0,0.0
2026-04-13 00:22:46,29.0,61.1,31.3,54.0,0.0,0.0,0.0
2026-04-13 00:22:51,29.2,60.9,18.6,54.0,0.0,0.0,0.0
2026-04-13 00:22:56,29.3,61.0,26.5,54.0,0.0,0.0,0.0
2026-04-13 00:23:01,29.0,60.8,28.8,54.0,0.0,0.0,0.0
2026-04-13 00:23:06,29.1,60.8,6.5,54.0,0.0,0.0,0.0
2026-04-13 00:23:11,29.3,60.7,16.1,54.1,0.0,0.0,0.0
2026-04-13 00:23:16,29.2,60.7,32.4,54.1,0.0,0.0,0.0
2026-04-13 00:23:21,29.2,60.8,0.0,54.1,0.0,0.0,0.0
2026-04-13 00:23:26,29.2,60.8,13.0,54.1,0.0,0.0,0.0
2026-04-13 00:23:31,29.3,60.9,27.3,54.1,0.0,0.0,0.0
2026-04-13 00:23:36,29.2,60.8,29.6,54.1,0.0,0.0,0.0
2026-04-13 00:23:41,29.1,60.7,40.1,54.0,0.0,0.0,0.0
2026-04-13 00:23:46,29.1,60.6,7.5,54.0,0.0,0.0,0.0
2026-04-13 00:23:51,29.1,60.6,19.4,54.0,0.0,0.0,0.0
2026-04-13 00:23:56,29.2,60.7,12.4,54.0,0.0,0.0,0.0
2026-04-13 00:24:01,29.1,60.6,8.0,54.0,0.0,0.0,0.0
2026-04-13 00:24:06,29.2,60.6,16.7,54.0,0.0,0.0,0.0
2026-04-13 00:24:11,29.1,60.6,0.0,54.0,0.0,0.0,0.0
2026-04-13 00:24:16,29.3,60.5,17.5,54.0,0.0,0.0,0.0
2026-04-13 00:24:21,29.1,60.6,23.6,54.0,0.0,0.0,0.0
2026-04-13 00:24:26,29.3,60.8,37.8,54.0,0.0,0.0,0.0
2026-04-13 00:24:31,29.3,60.8,1.5,54.0,0.0,0.0,0.0
2026-04-13 00:24:36,29.3,60.6,38.0,54.0,0.0,0.0,0.0
2026-04-13 00:24:41,29.3,60.6,5.7,54.0,0.0,0.0,0.0
2026-04-13 00:24:46,29.1,60.6,0.0,54.0,0.0,0.0,0.0
2026-04-13 00:24:51,29.2,60.6,20.9,54.0,0.0,0.0,0.0
2026-04-13 00:24:56,29.3,60.5,4.7,54.0,0.0,0.0,0.0
2026-04-13 00:25:01,29.1,60.5,12.0,54.0,0.0,0.0,0.0
2026-04-13 00:25:06,29.3,60.5,7.1,54.1,0.0,0.0,0.0
2026-04-13 00:25:11,29.1,60.5,10.7,54.1,0.0,0.0,0.0
2026-04-13 00:25:16,29.2,60.5,35.5,54.1,0.0,0.0,0.0
2026-04-13 00:25:21,29.3,60.5,29.3,54.1,0.0,0.0,0.0
2026-04-13 00:25:26,29.1,60.4,2.7,54.1,0.0,0.0,0.0
2026-04-13 00:25:31,29.2,60.5,47.4,54.1,0.0,0.0,0.0
2026-04-13 00:25:36,29.2,60.5,18.3,54.1,0.0,0.0,0.0
2026-04-13 00:25:41,29.2,60.4,12.9,54.1,0.0,0.0,0.0
2026-04-13 00:25:46,29.4,60.4,6.4,54.0,0.0,0.0,0.0
2026-04-13 00:25:51,29.1,60.1,5.8,54.0,0.0,0.0,0.0
2026-04-13 00:25:56,29.2,60.2,11.0,54.0,0.0,0.0,0.0
2026-04-13 00:26:01,29.2,60.3,0.0,54.1,0.0,0.0,0.0
2026-04-13 00:26:06,29.1,60.3,5.8,54.1,0.0,0.0,0.0
2026-04-13 00:26:11,29.1,60.3,12.3,54.0,0.0,0.0,0.0
2026-04-13 00:26:16,29.3,60.3,8.8,54.0,0.0,0.0,0.0
2026-04-13 00:26:21,29.3,60.2,9.0,54.0,0.0,0.0,0.0
2026-04-13 00:26:26,29.2,60.1,34.8,54.0,0.0,0.0,0.0
2026-04-13 00:26:31,29.1,60.1,17.8,54.0,0.0,0.0,0.0
2026-04-13 00:26:36,29.3,60.2,0.0,54.0,0.0,0.0,0.0
2026-04-13 00:26:41,29.3,60.2,8.2,54.0,0.0,0.0,0.0
2026-04-13 00:26:46,29.3,60.3,25.0,54.0,0.0,0.0,0.0
2026-04-13 00:26:51,29.2,60.3,18.3,54.0,0.0,0.0,0.0
2026-04-13 00:26:56,29.2,60.3,11.9,54.0,0.0,0.0,0.0
2026-04-13 00:27:01,29.2,60.3,35.4,54.0,0.0,0.0,0.0
2026-04-13 00:27:06,29.2,60.3,33.6,54.0,0.0,0.0,0.0
2026-04-13 00:27:11,29.2,60.3,12.5,54.0,0.0,0.0,0.0
2026-04-13 00:27:16,29.2,60.3,0.2,54.0,0.0,0.0,0.0
2026-04-13 00:27:21,29.2,60.3,0.0,54.0,0.0,0.0,0.0
2026-04-13 00:27:26,29.2,60.4,0.0,54.0,0.0,0.0,0.0
2026-04-13 00:27:31,29.3,60.4,0.0,54.0,0.0,0.0,0.0
2026-04-13 00:27:36,29.3,60.4,33.1,54.0,0.0,0.0,0.0
2026-04-13 00:27:41,29.1,60.6,27.8,54.0,0.0,0.0,0.0
2026-04-13 00:27:46,29.4,60.6,21.6,54.0,0.0,0.0,0.0
2026-04-13 00:27:51,29.2,60.6,14.1,54.0,0.0,0.0,0.0
2026-04-13 00:27:56,29.1,60.6,14.7,54.0,0.0,0.0,0.0
2026-04-13 00:28:01,29.1,60.6,18.1,54.0,0.0,0.0,0.0
2026-04-13 00:28:06,29.3,60.5,24.1,54.0,0.0,0.0,0.0
2026-04-13 00:28:11,29.3,60.6,24.6,54.0,0.0,0.0,0.0
2026-04-13 00:28:16,29.1,60.6,16.9,54.0,0.0,0.0,0.0
2026-04-13 00:28:21,29.2,60.8,3.4,54.0,0.0,0.0,0.0
2026-04-13 00:28:26,29.2,60.8,14.5,54.0,0.0,0.0,0.0
2026-04-13 00:28:31,29.2,60.8,26.9,54.0,0.0,0.0,0.0
2026-04-13 00:28:36,29.1,60.9,9.8,54.0,0.0,0.0,0.0
2026-04-13 00:28:41,29.1,60.9,12.0,54.0,0.0,0.0,0.0
2026-04-13 00:28:46,29.2,60.9,3.0,54.0,0.0,0.0,0.0
2026-04-13 00:28:51,29.1,60.9,31.2,54.0,0.0,0.0,0.0
2026-04-13 00:28:56,29.1,60.8,18.2,54.0,0.0,0.0,0.0
2026-04-13 00:29:01,29.1,60.9,21.1,54.0,0.0,0.0,0.0
2026-04-13 00:29:06,29.2,60.9,21.8,54.0,0.0,0.0,0.0
2026-04-13 00:29:11,29.2,61.0,23.1,54.0,0.0,0.0,0.0
2026-04-13 00:29:16,29.2,61.0,15.9,54.0,0.0,0.0,0.0
2026-04-13 00:29:21,29.2,60.9,32.9,54.0,0.0,0.0,0.0
2026-04-13 00:29:26,29.2,60.9,1.1,54.0,0.0,0.0,0.0
2026-04-13 00:29:31,29.3,60.9,5.8,54.0,0.0,0.0,0.0
2026-04-13 00:29:36,29.3,60.8,28.5,54.0,0.0,0.0,0.0
2026-04-13 00:29:41,29.2,60.8,8.1,54.0,0.0,0.0,0.0
2026-04-13 00:29:46,29.2,60.8,25.6,54.0,0.0,0.0,0.0
2026-04-13 00:29:51,29.3,60.6,18.1,54.0,0.0,0.0,0.0
2026-04-13 00:29:56,29.2,60.5,24.9,54.0,0.0,0.0,0.0
2026-04-13 00:30:01,29.2,60.6,12.6,54.0,0.0,0.0,0.0
2026-04-13 00:30:06,29.2,60.5,22.7,54.0,0.0,0.0,0.0
2026-04-13 00:30:11,29.0,60.5,1.8,54.0,0.0,0.0,0.0
2026-04-13 00:30:16,29.2,60.5,18.5,54.0,0.0,0.0,0.0
2026-04-13 00:30:21,29.2,60.6,7.7,54.0,0.0,0.0,0.0
2026-04-13 00:30:26,29.3,60.5,17.3,54.0,0.0,0.0,0.0
2026-04-13 00:30:31,29.3,60.5,13.4,54.0,0.0,0.0,0.0
2026-04-13 00:30:36,29.0,60.6,14.9,54.0,0.0,0.0,0.0
2026-04-13 00:30:41,29.2,60.7,17.5,54.0,0.0,0.0,0.0
2026-04-13 00:30:46,29.1,60.7,0.0,54.0,0.0,0.0,0.0
2026-04-13 00:30:51,29.1,60.6,21.0,54.0,0.0,0.0,0.0
2026-04-13 00:30:56,29.3,60.8,3.0,54.0,0.0,0.0,0.0
2026-04-13 00:31:01,29.1,60.7,9.1,54.0,0.0,0.0,0.0
2026-04-13 00:31:06,29.0,60.7,10.4,54.0,0.0,0.0,0.0
2026-04-13 00:31:11,29.2,60.5,23.0,54.0,0.0,0.0,0.0
2026-04-13 00:31:16,29.1,60.6,21.7,54.0,0.0,0.0,0.0
2026-04-13 00:31:21,29.1,60.5,19.9,54.0,0.0,0.0,0.0
2026-04-13 00:31:26,29.1,60.7,10.2,54.0,0.0,0.0,0.0
2026-04-13 00:31:31,29.2,60.7,21.7,54.0,0.0,0.0,0.0
2026-04-13 00:31:36,29.1,60.6,37.3,54.0,0.0,0.0,0.0
2026-04-13 00:31:41,29.2,60.8,0.0,54.0,0.0,0.0,0.0
2026-04-13 00:31:46,29.2,60.8,0.0,54.0,0.0,0.0,0.0
2026-04-13 00:31:51,29.2,60.8,21.2,54.0,0.0,0.0,0.0
2026-04-13 00:31:56,29.2,60.6,9.8,54.0,0.0,0.0,0.0
2026-04-13 00:32:01,29.1,60.7,31.7,54.0,0.0,0.0,0.0
2026-04-13 00:32:06,29.4,60.7,18.1,54.0,0.0,0.0,0.0
2026-04-13 00:32:11,29.3,60.7,21.2,54.0,0.0,0.0,0.0
2026-04-13 00:32:16,29.3,60.6,25.7,54.0,0.0,0.0,0.0
2026-04-13 00:32:21,29.2,60.6,17.1,54.0,0.0,0.0,0.0
2026-04-13 00:32:26,29.1,60.6,10.6,54.0,0.0,0.0,0.0
2026-04-13 00:32:31,29.3,60.5,13.3,54.0,0.0,0.0,0.0
2026-04-13 00:32:36,29.3,60.6,9.3,54.0,0.0,0.0,0.0
2026-04-13 00:32:41,29.3,60.5,5.2,54.0,0.0,0.0,0.0
2026-04-13 00:32:46,29.3,60.5,18.8,54.0,0.0,0.0,0.0
2026-04-13 00:32:51,29.1,60.5,22.9,54.0,0.0,0.0,0.0
2026-04-13 00:32:56,29.3,60.6,2.7,54.0,0.0,0.0,0.0
2026-04-13 00:33:01,29.2,60.7,21.1,54.0,0.0,0.0,0.0
2026-04-13 00:33:06,29.2,60.8,22.3,53.9,0.0,0.0,0.0
2026-04-13 00:33:11,29.1,60.8,12.4,53.9,0.0,0.0,0.0
2026-04-13 00:33:16,29.3,60.7,12.2,53.9,0.0,0.0,0.0
2026-04-13 00:33:21,29.3,60.5,15.2,53.9,0.0,0.0,0.0
2026-04-13 00:33:26,29.2,60.5,6.2,54.0,0.0,0.0,0.0
2026-04-13 00:33:31,29.1,60.4,22.0,54.0,0.0,0.0,0.0
2026-04-13 00:33:36,29.3,60.5,9.1,54.0,0.0,0.0,0.0
2026-04-13 00:33:41,29.2,60.6,16.5,53.9,0.0,0.0,0.0
2026-04-13 00:33:46,29.2,60.6,1.1,53.9,0.0,0.0,0.0
2026-04-13 00:33:51,29.0,60.6,3.3,54.0,0.0,0.0,0.0
2026-04-13 00:33:56,29.0,60.7,0.0,54.0,0.0,0.0,0.0
2026-04-13 00:34:01,29.2,60.8,38.1,54.0,0.0,0.0,0.0
2026-04-13 00:34:06,29.2,60.8,31.3,53.9,0.0,0.0,0.0
2026-04-13 00:34:11,29.2,60.8,13.1,53.9,0.0,0.0,0.0
2026-04-13 00:34:16,29.3,60.8,0.3,53.9,0.0,0.0,0.0
2026-04-13 00:34:21,29.2,60.8,22.4,53.9,0.0,0.0,0.0
2026-04-13 00:34:26,29.2,60.9,15.3,53.9,0.0,0.0,0.0
2026-04-13 00:34:31,29.3,60.9,11.8,53.9,0.0,0.0,0.0
2026-04-13 00:34:36,29.3,60.9,24.9,53.9,0.0,0.0,0.0
2026-04-13 00:34:41,29.3,61.1,6.5,54.0,0.0,0.0,0.0
2026-04-13 00:34:46,29.2,60.9,6.9,54.0,0.0,0.0,0.0
2026-04-13 00:34:51,29.2,60.8,7.1,54.0,0.0,0.0,0.0
2026-04-13 00:34:56,29.2,60.9,5.2,54.0,0.0,0.0,0.0
2026-04-13 00:35:01,29.2,60.8,17.7,53.9,0.0,0.0,0.0
2026-04-13 00:35:06,29.2,60.8,28.6,53.9,0.0,0.0,0.0
2026-04-13 00:35:11,28.9,60.7,28.0,53.9,0.0,0.0,0.0
2026-04-13 00:35:16,29.1,60.8,5.4,53.9,0.0,0.0,0.0
2026-04-13 00:35:21,29.2,60.7,19.8,53.9,0.0,0.0,0.0
2026-04-13 00:35:26,29.2,60.7,14.7,54.0,0.0,0.0,0.0
2026-04-13 00:35:31,29.2,60.8,25.3,54.0,0.0,0.0,0.0
2026-04-13 00:35:36,29.1,60.8,27.1,53.9,0.0,0.0,0.0
2026-04-13 00:35:41,29.3,60.6,10.6,53.9,0.0,0.0,0.0
2026-04-13 00:35:46,29.3,60.5,13.5,53.9,0.0,0.0,0.0
2026-04-13 00:35:51,29.3,60.4,8.4,53.9,0.0,0.0,0.0
2026-04-13 00:35:56,29.1,60.4,34.9,53.9,0.0,0.0,0.0
2026-04-13 00:36:01,29.2,60.4,15.3,53.9,0.0,0.0,0.0
2026-04-13 00:36:06,29.1,60.4,0.0,53.9,0.0,0.0,0.0
2026-04-13 00:36:11,29.3,60.3,17.4,53.9,0.0,0.0,0.0
2026-04-13 00:36:16,29.2,60.4,16.1,53.9,0.0,0.0,0.0
2026-04-13 00:36:21,29.2,60.3,7.8,53.9,0.0,0.0,0.0
2026-04-13 00:36:26,29.2,60.3,21.6,53.9,0.0,0.0,0.0
2026-04-13 00:36:31,29.1,60.2,1.8,54.0,0.0,0.0,0.0
2026-04-13 00:36:36,29.2,60.2,5.3,54.0,0.0,0.0,0.0
2026-04-13 00:36:41,29.2,60.2,15.6,54.0,0.0,0.0,0.0
2026-04-13 00:36:46,29.1,60.2,11.5,53.9,0.0,0.0,0.0
2026-04-13 00:36:51,29.2,60.2,1.4,53.9,0.0,0.0,0.0
2026-04-13 00:36:56,29.1,60.2,15.6,53.9,0.0,0.0,0.0
2026-04-13 00:37:01,29.1,60.2,18.6,53.9,0.0,0.0,0.0
2026-04-13 00:37:06,29.1,60.2,19.9,53.9,0.0,0.0,0.0
2026-04-13 00:37:11,29.1,60.1,7.7,53.9,0.0,0.0,0.0
2026-04-13 00:37:16,29.1,60.2,20.1,53.9,0.0,0.0,0.0
2026-04-13 00:37:21,29.2,60.2,12.6,53.9,0.0,0.0,0.0
2026-04-13 00:37:26,29.1,60.3,12.2,53.9,0.0,0.0,0.0
2026-04-13 00:37:31,29.2,60.2,7.3,53.9,0.0,0.0,0.0
2026-04-13 00:37:36,29.0,60.2,1.0,54.0,0.0,0.0,0.0
2026-04-13 00:37:41,29.0,60.2,12.5,54.0,0.0,0.0,0.0
2026-04-13 00:37:46,29.3,60.2,22.2,54.0,0.0,0.0,0.0
2026-04-13 00:37:51,29.2,60.3,0.5,53.9,0.0,0.0,0.0
2026-04-13 00:37:56,29.1,60.3,0.0,53.9,0.0,0.0,0.0
2026-04-13 00:38:01,29.0,60.2,15.8,53.9,0.0,0.0,0.0
2026-04-13 00:38:06,29.1,60.3,15.4,53.9,0.0,0.0,0.0
2026-04-13 00:38:11,29.1,60.3,0.9,53.9,0.0,0.0,0.0
2026-04-13 00:38:16,29.0,60.3,21.8,53.9,0.0,0.0,0.0
2026-04-13 00:38:21,29.0,60.3,11.5,53.9,0.0,0.0,0.0
2026-04-13 00:38:26,29.1,60.3,17.6,53.9,0.0,0.0,0.0
2026-04-13 00:38:31,29.0,60.3,8.7,53.9,0.0,0.0,0.0
2026-04-13 00:38:36,29.0,60.2,7.6,53.9,0.0,0.0,0.0
2026-04-13 00:38:41,29.1,60.2,19.7,53.9,0.0,0.0,0.0
2026-04-13 00:38:46,29.1,60.1,20.3,53.9,0.0,0.0,0.0
2026-04-13 00:38:51,29.0,60.0,15.4,53.9,0.0,0.0,0.0
2026-04-13 00:38:56,29.1,60.0,0.0,53.9,0.0,0.0,0.0
2026-04-13 00:39:01,29.0,59.9,51.7,53.9,0.0,0.0,0.0
2026-04-13 00:39:06,29.0,59.8,7.4,53.9,0.0,0.0,0.0
2026-04-13 00:39:11,29.2,59.9,22.8,53.9,0.0,0.0,0.0
2026-04-13 00:39:16,29.2,59.8,11.7,53.9,0.0,0.0,0.0
2026-04-13 00:39:21,29.2,59.8,11.1,53.9,0.0,0.0,0.0
2026-04-13 00:39:26,28.9,59.9,23.1,53.9,0.0,0.0,0.0
2026-04-13 00:39:31,29.1,60.0,18.3,53.9,0.0,0.0,0.0
2026-04-13 00:39:36,29.0,60.0,15.3,53.9,0.0,0.0,0.0
2026-04-13 00:39:41,29.1,60.0,24.4,53.9,0.0,0.0,0.0
2026-04-13 00:39:46,29.1,59.9,27.0,53.9,0.0,0.0,0.0
2026-04-13 00:39:51,29.2,60.0,8.8,53.9,0.0,0.0,0.0
2026-04-13 00:39:56,29.1,59.9,20.0,53.9,0.0,0.0,0.0
2026-04-13 00:40:01,28.9,59.9,7.4,53.9,0.0,0.0,0.0
2026-04-13 00:40:06,29.1,59.9,28.1,53.9,0.0,0.0,0.0
2026-04-13 00:40:11,29.0,59.9,9.7,53.9,0.0,0.0,0.0
2026-04-13 00:40:16,29.0,59.9,32.9,53.9,0.0,0.0,0.0
2026-04-13 00:40:21,29.1,60.0,15.4,53.9,0.0,0.0,0.0
2026-04-13 00:40:26,29.0,60.2,9.0,53.9,0.0,0.0,0.0
2026-04-13 00:40:31,29.0,60.3,15.9,53.9,0.0,0.0,0.0
2026-04-13 00:40:36,29.0,60.3,10.1,53.9,0.0,0.0,0.0
2026-04-13 00:40:41,29.1,60.4,33.2,53.9,0.0,0.0,0.0
2026-04-13 00:40:46,28.9,60.5,27.5,53.9,0.0,0.0,0.0
2026-04-13 00:40:51,29.1,60.7,7.6,53.9,0.0,0.0,0.0
2026-04-13 00:40:56,29.0,60.8,2.0,53.9,0.0,0.0,0.0
2026-04-13 00:41:01,29.0,60.9,12.7,53.9,0.0,0.0,0.0
2026-04-13 00:41:06,29.1,60.8,17.1,53.9,0.0,0.0,0.0
2026-04-13 00:41:11,28.9,60.9,0.0,53.9,0.0,0.0,0.0
2026-04-13 00:41:16,29.2,60.8,6.4,53.9,0.0,0.0,0.0
2026-04-13 00:41:21,29.1,60.8,10.8,53.9,0.0,0.0,0.0
2026-04-13 00:41:26,29.1,60.9,9.9,53.9,0.0,0.0,0.0
2026-04-13 00:41:31,29.1,60.8,0.0,53.9,0.0,0.0,0.0
2026-04-13 00:41:36,28.9,60.8,15.9,53.9,0.0,0.0,0.0
2026-04-13 00:41:41,29.2,60.9,25.5,53.8,0.0,0.0,0.0
2026-04-13 00:41:46,29.0,60.9,4.1,53.8,0.0,0.0,0.0
2026-04-13 00:41:51,29.0,60.9,32.7,53.9,0.0,0.0,0.0
2026-04-13 00:41:56,29.1,60.8,12.7,53.9,0.0,0.0,0.0
2026-04-13 00:42:01,29.2,60.9,7.1,53.9,0.0,0.0,0.0
2026-04-13 00:42:06,29.0,60.8,6.4,53.9,0.0,0.0,0.0
2026-04-13 00:42:11,29.1,60.9,19.0,53.9,0.0,0.0,0.0
2026-04-13 00:42:16,29.1,60.9,0.0,53.9,0.0,0.0,0.0
2026-04-13 00:42:21,29.1,61.0,12.6,53.9,0.0,0.0,0.0
2026-04-13 00:42:26,29.2,61.0,23.2,53.9,0.0,0.0,0.0
2026-04-13 00:42:31,29.1,61.0,25.0,53.9,0.0,0.0,0.0
2026-04-13 00:42:36,29.0,60.9,0.0,53.9,0.0,0.0,0.0
2026-04-13 00:42:41,28.9,60.9,14.5,53.9,0.0,0.0,0.0
2026-04-13 00:42:46,29.2,60.9,14.2,53.9,0.0,0.0,0.0
2026-04-13 00:42:51,28.9,60.8,0.0,53.9,0.0,0.0,0.0
2026-04-13 00:42:56,29.0,60.9,16.1,53.9,0.0,0.0,0.0
2026-04-13 00:43:01,28.9,61.0,40.9,53.9,0.0,0.0,0.0
2026-04-13 00:43:06,28.9,60.9,23.5,53.9,0.0,0.0,0.0
2026-04-13 00:43:11,29.1,60.8,14.1,53.9,0.0,0.0,0.0
2026-04-13 00:43:16,29.1,60.9,23.4,53.9,0.0,0.0,0.0
2026-04-13 00:43:21,28.9,60.9,9.9,53.9,0.0,0.0,0.0
2026-04-13 00:43:26,29.0,61.0,21.2,53.9,0.0,0.0,0.0
2026-04-13 00:43:31,29.0,60.9,17.4,53.9,0.0,0.0,0.0
2026-04-13 00:43:36,29.0,60.9,10.2,53.9,0.0,0.0,0.0
2026-04-13 00:43:41,28.9,60.7,7.6,53.9,0.0,0.0,0.0
2026-04-13 00:43:46,29.1,60.7,20.4,53.9,0.0,0.0,0.0
2026-04-13 00:43:51,29.1,60.8,15.3,53.9,0.0,0.0,0.0
2026-04-13 00:43:56,29.2,60.7,32.6,53.9,0.0,0.0,0.0
2026-04-13 00:44:01,29.1,60.7,16.6,53.8,0.0,0.0,0.0
2026-04-13 00:44:06,29.0,60.7,17.8,53.8,0.0,0.0,0.0
2026-04-13 00:44:11,29.1,60.7,8.3,53.8,0.0,0.0,0.0
2026-04-13 00:44:16,28.9,60.9,29.3,53.9,0.0,0.0,0.0
2026-04-13 00:44:21,29.1,60.8,18.4,53.9,0.0,0.0,0.0
2026-04-13 00:44:26,29.1,60.8,19.0,53.9,0.0,0.0,0.0
2026-04-13 00:44:31,28.9,60.9,0.3,53.9,0.0,0.0,0.0
2026-04-13 00:44:36,29.1,60.7,2.2,53.9,0.0,0.0,0.0
2026-04-13 00:44:41,28.8,60.7,19.7,53.9,0.0,0.0,0.0
2026-04-13 00:44:46,28.9,60.7,1.2,53.9,0.0,0.0,0.0
2026-04-13 00:44:51,28.9,60.8,11.8,53.9,0.0,0.0,0.0
2026-04-13 00:44:56,28.9,60.7,4.9,53.9,0.0,0.0,0.0
2026-04-13 00:45:01,28.9,60.6,0.0,53.9,0.0,0.0,0.0
2026-04-13 00:45:06,29.1,60.6,18.5,53.9,0.0,0.0,0.0
2026-04-13 00:45:11,29.1,60.5,11.3,53.9,0.0,0.0,0.0
2026-04-13 00:45:16,29.1,60.5,17.4,53.8,0.0,0.0,0.0
2026-04-13 00:45:21,29.0,60.6,11.9,53.8,0.0,0.0,0.0
2026-04-13 00:45:26,29.0,60.7,20.8,53.9,0.0,0.0,0.0
2026-04-13 00:45:31,29.1,60.5,15.6,53.9,0.0,0.0,0.0
2026-04-13 00:45:36,28.9,60.5,2.2,53.9,0.0,0.0,0.0
2026-04-13 00:45:41,29.1,60.6,23.7,53.9,0.0,0.0,0.0
2026-04-13 00:45:46,29.0,60.6,20.5,53.9,0.0,0.0,0.0
2026-04-13 00:45:51,28.9,60.6,9.8,53.8,0.0,0.0,0.0
2026-04-13 00:45:56,29.1,60.6,18.0,53.8,0.0,0.0,0.0
2026-04-13 00:46:01,29.1,60.7,32.0,53.8,0.0,0.0,0.0
2026-04-13 00:46:06,29.0,60.7,30.4,53.8,0.0,0.0,0.0
2026-04-13 00:46:11,29.1,60.8,29.3,53.8,0.0,0.0,0.0
2026-04-13 00:46:16,29.0,60.8,8.1,53.8,0.0,0.0,0.0
2026-04-13 00:46:21,29.1,60.6,19.9,53.8,0.0,0.0,0.0
2026-04-13 00:46:26,29.0,60.6,12.2,53.8,0.0,0.0,0.0
2026-04-13 00:46:31,29.0,60.7,8.5,53.8,0.0,0.0,0.0
2026-04-13 00:46:36,29.1,60.5,2.0,53.8,0.0,0.0,0.0
2026-04-13 00:46:41,29.0,60.5,20.8,53.9,0.0,0.0,0.0
2026-04-13 00:46:46,29.0,60.6,1.3,53.9,0.0,0.0,0.0
2026-04-13 00:46:51,29.1,60.6,26.0,53.9,0.0,0.0,0.0
2026-04-13 00:46:56,29.0,60.6,29.1,53.8,0.0,0.0,0.0
2026-04-13 00:47:01,29.0,60.6,14.6,53.8,0.0,0.0,0.0
2026-04-13 00:47:06,29.1,60.7,22.5,53.8,0.0,0.0,0.0
2026-04-13 00:47:11,29.0,60.6,11.7,53.8,0.0,0.0,0.0
2026-04-13 00:47:16,29.1,60.5,33.6,53.8,0.0,0.0,0.0
2026-04-13 00:47:21,28.9,60.5,0.0,53.8,0.0,0.0,0.0
2026-04-13 00:47:26,29.1,60.5,11.2,53.9,0.0,0.0,0.0
2026-04-13 00:47:31,29.0,60.5,25.0,53.9,0.0,0.0,0.0
2026-04-13 00:47:36,29.2,60.5,2.0,53.8,0.0,0.0,0.0
2026-04-13 00:47:41,29.1,60.6,5.0,53.8,0.0,0.0,0.0
2026-04-13 00:47:46,29.2,60.5,15.3,53.8,0.0,0.0,0.0
2026-04-13 00:47:51,29.2,60.5,18.5,53.8,0.0,0.0,0.0
2026-04-13 00:47:56,29.1,60.4,19.2,53.8,0.0,0.0,0.0
2026-04-13 00:48:01,29.1,60.5,2.0,53.8,0.0,0.0,0.0
2026-04-13 00:48:06,29.0,60.4,2.8,53.8,0.0,0.0,0.0
2026-04-13 00:48:11,29.0,60.4,3.3,53.8,0.0,0.0,0.0
2026-04-13 00:48:16,29.1,60.4,14.0,53.8,0.0,0.0,0.0
2026-04-13 00:48:21,29.0,60.6,24.5,53.8,0.0,0.0,0.0
2026-04-13 00:48:26,29.0,60.7,0.5,53.8,0.0,0.0,0.0
2026-04-13 00:48:31,29.1,60.7,16.3,53.8,0.0,0.0,0.0
2026-04-13 00:48:36,29.1,60.6,25.2,53.8,0.0,0.0,0.0
2026-04-13 00:48:41,29.2,60.6,26.8,53.8,0.0,0.0,0.0
2026-04-13 00:48:46,29.2,60.5,21.5,53.8,0.0,0.0,0.0
2026-04-13 00:48:51,29.2,60.5,0.0,53.8,0.0,0.0,0.0
2026-04-13 00:48:56,29.0,60.6,20.8,53.8,0.0,0.0,0.0
2026-04-13 00:49:01,29.0,60.5,0.0,53.8,0.0,0.0,0.0
2026-04-13 00:49:06,29.1,60.5,6.7,53.8,0.0,0.0,0.0
2026-04-13 00:49:11,29.2,60.4,29.0,53.8,0.0,0.0,0.0
2026-04-13 00:49:16,29.0,60.5,25.2,53.9,0.0,0.0,0.0
2026-04-13 00:49:21,29.0,60.5,8.3,53.9,0.0,0.0,0.0
2026-04-13 00:49:26,29.0,60.5,15.1,53.9,0.0,0.0,0.0
2026-04-13 00:49:31,29.1,60.2,11.4,53.8,0.0,0.0,0.0
2026-04-13 00:49:36,29.0,60.2,11.0,53.8,0.0,0.0,0.0
2026-04-13 00:49:41,29.0,60.2,9.8,53.8,0.0,0.0,0.0
2026-04-13 00:49:46,29.2,60.3,14.6,53.8,0.0,0.0,0.0
2026-04-13 00:49:51,28.9,60.3,10.8,53.8,0.0,0.0,0.0
2026-04-13 00:49:56,29.0,60.5,12.4,53.8,0.0,0.0,0.0
2026-04-13 00:50:01,29.2,60.4,19.0,53.8,0.0,0.0,0.0
2026-04-13 00:50:06,29.0,60.5,24.7,53.8,0.0,0.0,0.0
2026-04-13 00:50:11,29.1,60.6,31.4,53.8,0.0,0.0,0.0
2026-04-13 00:50:16,29.1,60.7,12.7,53.9,0.0,0.0,0.0
2026-04-13 00:50:21,29.0,60.6,15.7,53.9,0.0,0.0,0.0
2026-04-13 00:50:26,29.1,60.6,19.1,53.9,0.0,0.0,0.0
2026-04-13 00:50:31,29.1,60.6,31.4,53.9,0.0,0.0,0.0
2026-04-13 00:50:36,28.9,60.6,11.5,53.9,0.0,0.0,0.0
2026-04-13 00:50:41,29.1,60.5,24.6,53.8,0.0,0.0,0.0
2026-04-13 00:50:46,29.1,60.4,19.5,53.8,0.0,0.0,0.0
2026-04-13 00:50:51,29.0,60.6,9.8,53.8,0.0,0.0,0.0
2026-04-13 00:50:56,29.1,60.4,14.4,53.8,0.0,0.0,0.0
2026-04-13 00:51:01,29.1,60.5,3.2,53.8,0.0,0.0,0.0
2026-04-13 00:51:06,29.1,60.4,26.6,53.8,0.0,0.0,0.0
2026-04-13 00:51:11,29.0,60.4,0.0,53.8,0.0,0.0,0.0
2026-04-13 00:51:16,29.0,60.4,20.2,53.8,0.0,0.0,0.0
2026-04-13 00:51:21,29.1,60.6,7.9,53.8,0.0,0.0,0.0
2026-04-13 00:51:26,29.0,60.7,0.0,53.8,0.0,0.0,0.0
2026-04-13 00:51:31,29.0,60.7,8.3,53.8,0.0,0.0,0.0
2026-04-13 00:51:36,29.0,60.6,18.6,53.8,0.0,0.0,0.0
2026-04-13 00:51:41,29.2,60.7,25.9,53.8,0.0,0.0,0.0
2026-04-13 00:51:46,29.1,60.5,30.1,53.8,0.0,0.0,0.0
2026-04-13 00:51:51,28.9,60.5,6.7,53.8,0.0,0.0,0.0
2026-04-13 00:51:56,29.0,60.6,18.8,53.8,0.0,0.0,0.0
2026-04-13 00:52:01,28.9,60.6,8.5,53.8,0.0,0.0,0.0
2026-04-13 00:52:06,29.0,60.6,17.4,53.8,0.0,0.0,0.0
2026-04-13 00:52:11,28.8,60.6,30.3,53.8,0.0,0.0,0.0
2026-04-13 00:52:16,28.9,60.6,9.4,53.8,0.0,0.0,0.0
2026-04-13 00:52:21,29.1,60.6,3.3,53.8,0.0,0.0,0.0
2026-04-13 00:52:26,28.9,60.7,10.0,53.9,0.0,0.0,0.0
2026-04-13 00:52:31,29.0,60.7,22.5,53.9,0.0,0.0,0.0
2026-04-13 00:52:36,29.0,60.7,12.7,53.9,0.0,0.0,0.0
2026-04-13 00:52:41,29.0,60.6,9.2,53.9,0.0,0.0,0.0
2026-04-13 00:52:46,29.1,60.7,20.8,53.9,0.0,0.0,0.0
2026-04-13 00:52:51,29.1,60.7,38.0,53.8,0.0,0.0,0.0
2026-04-13 00:52:56,29.0,60.6,16.9,53.8,0.0,0.0,0.0
2026-04-13 00:53:01,29.0,60.6,38.0,53.8,0.0,0.0,0.0
2026-04-13 00:53:06,29.0,60.6,14.0,53.8,0.0,0.0,0.0
2026-04-13 00:53:11,28.9,60.6,8.8,53.8,0.0,0.0,0.0
2026-04-13 00:53:16,29.1,60.6,36.5,53.8,0.0,0.0,0.0
2026-04-13 00:53:21,28.8,60.6,23.3,53.8,0.0,0.0,0.0
2026-04-13 00:53:26,29.1,60.6,13.9,53.8,0.0,0.0,0.0
2026-04-13 00:53:31,29.0,60.5,7.4,53.8,0.0,0.0,0.0
2026-04-13 00:53:36,29.1,60.3,14.0,53.8,0.0,0.0,0.0
2026-04-13 00:53:41,28.9,60.4,5.4,53.8,0.0,0.0,0.0
2026-04-13 00:53:46,28.9,60.4,10.6,53.8,0.0,0.0,0.0
2026-04-13 00:53:51,29.1,60.4,25.4,53.8,0.0,0.0,0.0
2026-04-13 00:53:56,28.8,60.6,17.2,53.8,0.0,0.0,0.0
2026-04-13 00:54:01,29.0,60.5,3.9,53.8,0.0,0.0,0.0
2026-04-13 00:54:06,29.0,60.4,31.6,53.8,0.0,0.0,0.0
2026-04-13 00:54:11,28.7,60.4,15.8,53.8,0.0,0.0,0.0
2026-04-13 00:54:16,29.0,60.3,14.6,53.8,0.0,0.0,0.0
2026-04-13 00:54:21,29.1,60.4,34.0,53.8,0.0,0.0,0.0
2026-04-13 00:54:26,29.0,60.4,18.4,53.8,0.0,0.0,0.0
2026-04-13 00:54:31,29.1,60.5,5.2,53.8,0.0,0.0,0.0
2026-04-13 00:54:36,29.1,60.6,4.2,53.8,0.0,0.0,0.0
2026-04-13 00:54:41,29.0,60.5,30.6,53.8,0.0,0.0,0.0
2026-04-13 00:54:46,29.0,60.5,10.1,53.8,0.0,0.0,0.0
2026-04-13 00:54:51,29.1,60.4,10.6,53.8,0.0,0.0,0.0
2026-04-13 00:54:56,29.0,60.4,26.2,53.8,0.0,0.0,0.0
2026-04-13 00:55:01,29.0,60.2,0.0,53.8,0.0,0.0,0.0
2026-04-13 00:55:06,29.0,60.2,16.7,53.8,0.0,0.0,0.0
2026-04-13 00:55:11,29.0,60.3,19.0,53.8,0.0,0.0,0.0
2026-04-13 00:55:16,29.1,60.4,28.3,53.7,0.0,0.0,0.0
2026-04-13 00:55:21,29.0,60.4,16.7,53.7,0.0,0.0,0.0
2026-04-13 00:55:26,29.0,60.5,0.2,53.7,0.0,0.0,0.0
2026-04-13 00:55:31,28.9,60.3,26.7,53.8,0.0,0.0,0.0
2026-04-13 00:55:36,29.2,60.4,4.2,53.8,0.0,0.0,0.0
2026-04-13 00:55:41,28.9,60.5,35.8,53.8,0.0,0.0,0.0
2026-04-13 00:55:46,29.0,60.4,19.2,53.8,0.0,0.0,0.0
2026-04-13 00:55:51,29.0,60.4,36.9,53.8,0.0,0.0,0.0
2026-04-13 00:55:56,29.0,60.4,17.2,53.8,0.0,0.0,0.0
2026-04-13 00:56:01,29.1,60.4,24.9,53.8,0.0,0.0,0.0
2026-04-13 00:56:06,28.9,60.4,23.1,53.8,0.0,0.0,0.0
2026-04-13 00:56:11,29.0,60.2,1.9,53.8,0.0,0.0,0.0
2026-04-13 00:56:16,29.0,60.3,13.3,53.8,0.0,0.0,0.0
2026-04-13 00:56:21,29.0,60.3,10.7,53.8,0.0,0.0,0.0
2026-04-13 00:56:26,29.0,60.4,7.8,53.8,0.0,0.0,0.0
2026-04-13 00:56:31,28.9,60.6,7.8,53.8,0.0,0.0,0.0
2026-04-13 00:56:36,29.0,60.6,17.7,53.8,0.0,0.0,0.0
2026-04-13 00:56:41,29.2,60.8,12.1,53.8,0.0,0.0,0.0
2026-04-13 00:56:46,29.0,60.9,10.2,53.8,0.0,0.0,0.0
2026-04-13 00:56:51,29.0,60.9,0.0,53.8,0.0,0.0,0.0
2026-04-13 00:56:56,29.0,60.9,8.2,53.8,0.0,0.0,0.0
2026-04-13 00:57:01,29.1,61.0,34.7,53.8,0.0,0.0,0.0
2026-04-13 00:57:06,28.9,60.9,5.8,53.8,0.0,0.0,0.0
2026-04-13 00:57:11,29.0,60.9,11.6,53.8,0.0,0.0,0.0
2026-04-13 00:57:16,28.9,60.8,4.7,53.8,0.0,0.0,0.0
2026-04-13 00:57:21,28.8,60.8,19.3,53.8,0.0,0.0,0.0
2026-04-13 00:57:26,29.1,60.8,46.1,53.8,0.0,0.0,0.0
2026-04-13 00:57:31,29.0,60.9,4.4,53.8,0.0,0.0,0.0
2026-04-13 00:57:36,29.1,61.0,14.6,53.8,0.0,0.0,0.0
2026-04-13 00:57:41,28.9,60.9,10.5,53.8,0.0,0.0,0.0
2026-04-13 00:57:46,28.9,60.8,1.2,53.8,0.0,0.0,0.0
2026-04-13 00:57:51,29.0,60.8,23.1,53.8,0.0,0.0,0.0
2026-04-13 00:57:56,29.0,60.7,11.5,53.8,0.0,0.0,0.0
2026-04-13 00:58:01,29.0,60.6,13.2,53.8,0.0,0.0,0.0
2026-04-13 00:58:06,29.0,60.6,24.7,53.8,0.0,0.0,0.0
2026-04-13 00:58:11,28.9,60.7,6.2,53.8,0.0,0.0,0.0
2026-04-13 00:58:16,29.1,60.7,3.0,53.8,0.0,0.0,0.0
2026-04-13 00:58:21,29.1,60.7,19.7,53.8,0.0,0.0,0.0
2026-04-13 00:58:26,28.9,60.6,11.2,53.8,0.0,0.0,0.0
2026-04-13 00:58:31,28.9,60.6,22.2,53.8,0.0,0.0,0.0
2026-04-13 00:58:36,29.0,60.6,16.5,53.8,0.0,0.0,0.0
2026-04-13 00:58:41,29.0,60.5,6.0,53.8,0.0,0.0,0.0
2026-04-13 00:58:46,28.9,60.5,20.7,53.8,0.0,0.0,0.0
2026-04-13 00:58:51,28.9,60.4,9.3,53.8,0.0,0.0,0.0
2026-04-13 00:58:56,28.9,60.5,22.8,53.8,0.0,0.0,0.0
2026-04-13 00:59:01,28.8,60.6,9.1,53.8,0.0,0.0,0.0
2026-04-13 00:59:06,29.0,60.6,12.7,53.9,0.0,0.0,0.0
2026-04-13 00:59:11,28.9,60.7,23.9,53.9,0.0,0.0,0.0
2026-04-13 00:59:16,29.0,60.7,10.5,53.9,0.0,0.0,0.0
2026-04-13 00:59:21,28.8,60.8,12.8,53.9,0.0,0.0,0.0
2026-04-13 00:59:26,29.0,60.7,4.8,53.9,0.0,0.0,0.0
2026-04-13 00:59:31,28.9,60.8,5.8,53.9,0.0,0.0,0.0
2026-04-13 00:59:36,28.9,60.6,28.7,53.9,0.0,0.0,0.0
2026-04-13 00:59:41,28.9,60.5,23.3,53.9,0.0,0.0,0.0
2026-04-13 00:59:46,29.0,60.6,14.8,53.9,0.0,0.0,0.0
2026-04-13 00:59:51,28.8,60.4,26.9,53.9,0.0,0.0,0.0
2026-04-13 00:59:56,28.9,60.4,0.0,53.9,0.0,0.0,0.0
2026-04-13 01:00:01,28.9,60.3,24.1,53.8,0.0,0.0,0.0
2026-04-13 01:00:06,28.9,60.3,11.6,53.8,0.0,0.0,0.0
2026-04-13 01:00:11,29.0,60.2,17.0,53.8,0.0,0.0,0.0
2026-04-13 01:00:16,29.0,60.3,13.7,53.8,0.0,0.0,0.0
2026-04-13 01:00:21,28.9,60.3,0.0,53.8,0.0,0.0,0.0
2026-04-13 01:00:26,28.9,60.3,5.5,53.8,0.0,0.0,0.0
2026-04-13 01:00:31,28.8,60.3,28.5,53.8,0.0,0.0,0.0
2026-04-13 01:00:36,28.9,60.4,1.7,53.8,0.0,0.0,0.0
2026-04-13 01:00:41,28.8,60.5,15.1,53.8,0.0,0.0,0.0
2026-04-13 01:00:46,28.9,60.3,13.7,53.8,0.0,0.0,0.0
2026-04-13 01:00:51,28.9,60.4,26.5,53.8,0.0,0.0,0.0
2026-04-13 01:00:56,28.9,60.5,11.3,53.8,0.0,0.0,0.0
2026-04-13 01:01:01,28.7,60.4,12.9,53.8,0.0,0.0,0.0
2026-04-13 01:01:06,28.9,60.4,19.9,53.8,0.0,0.0,0.0
2026-04-13 01:01:11,29.0,60.4,20.3,53.8,0.0,0.0,0.0
2026-04-13 01:01:16,29.0,60.5,19.0,53.8,0.0,0.0,0.0
2026-04-13 01:01:21,28.9,60.5,4.4,53.8,0.0,0.0,0.0
2026-04-13 01:01:26,28.8,60.5,0.0,53.8,0.0,0.0,0.0
2026-04-13 01:01:31,28.9,60.5,12.7,53.8,0.0,0.0,0.0
2026-04-13 01:01:36,28.7,60.4,28.4,53.8,0.0,0.0,0.0
2026-04-13 01:01:41,29.0,60.4,2.4,53.8,0.0,0.0,0.0
2026-04-13 01:01:46,29.0,60.3,29.5,53.8,0.0,0.0,0.0
2026-04-13 01:01:51,28.9,60.3,0.0,53.8,0.0,0.0,0.0
2026-04-13 01:01:56,29.0,60.4,11.9,53.8,0.0,0.0,0.0
2026-04-13 01:02:01,29.0,60.4,38.0,53.8,0.0,0.0,0.0
2026-04-13 01:02:06,28.9,60.3,25.1,53.8,0.0,0.0,0.0
2026-04-13 01:02:11,29.0,60.4,0.0,53.8,0.0,0.0,0.0
2026-04-13 01:02:16,28.9,60.3,19.1,53.8,0.0,0.0,0.0
2026-04-13 01:02:21,28.9,60.3,24.1,53.8,0.0,0.0,0.0
2026-04-13 01:02:26,28.8,60.3,15.3,53.8,0.0,0.0,0.0
2026-04-13 01:02:31,28.8,60.2,3.4,53.8,0.0,0.0,0.0
2026-04-13 01:02:36,28.9,60.3,0.0,53.8,0.0,0.0,0.0
2026-04-13 01:02:41,28.9,60.2,6.6,53.8,0.0,0.0,0.0
2026-04-13 01:02:46,28.8,60.3,11.8,53.8,0.0,0.0,0.0
2026-04-13 01:02:51,28.9,60.2,21.0,53.8,0.0,0.0,0.0
2026-04-13 01:02:56,29.0,60.2,9.0,53.8,0.0,0.0,0.0
2026-04-13 01:03:01,28.9,60.3,19.6,53.8,0.0,0.0,0.0
2026-04-13 01:03:06,29.1,60.3,22.1,53.8,0.0,0.0,0.0
2026-04-13 01:03:11,28.9,60.3,0.7,53.8,0.0,0.0,0.0
2026-04-13 01:03:16,29.0,60.4,8.4,53.8,0.0,0.0,0.0
2026-04-13 01:03:21,28.9,60.4,22.4,53.8,0.0,0.0,0.0
2026-04-13 01:03:26,28.9,60.5,20.4,53.8,0.0,0.0,0.0
2026-04-13 01:03:31,29.0,60.5,9.9,53.8,0.0,0.0,0.0
2026-04-13 01:03:36,28.9,60.5,13.8,53.8,0.0,0.0,0.0
2026-04-13 01:03:41,28.9,60.5,0.0,53.8,0.0,0.0,0.0
2026-04-13 01:03:46,28.9,60.5,5.9,53.8,0.0,0.0,0.0
2026-04-13 01:03:51,28.9,60.5,8.3,53.8,0.0,0.0,0.0
2026-04-13 01:03:56,29.0,60.7,24.1,53.8,0.0,0.0,0.0
2026-04-13 01:04:01,28.8,60.7,40.1,53.8,0.0,0.0,0.0
2026-04-13 01:04:06,28.9,60.7,2.1,53.8,0.0,0.0,0.0
2026-04-13 01:04:11,28.8,60.8,29.2,53.8,0.0,0.0,0.0
2026-04-13 01:04:16,28.9,60.7,26.2,53.9,0.0,0.0,0.0
2026-04-13 01:04:21,28.9,60.8,15.8,53.9,0.0,0.0,0.0
2026-04-13 01:04:26,28.9,60.9,15.1,53.8,0.0,0.0,0.0
2026-04-13 01:04:31,28.9,60.8,21.1,53.8,0.0,0.0,0.0
2026-04-13 01:04:36,29.0,60.7,10.8,53.8,0.0,0.0,0.0
2026-04-13 01:04:41,28.8,60.8,4.1,53.8,0.0,0.0,0.0
2026-04-13 01:04:46,29.0,61.0,14.6,53.8,0.0,0.0,0.0
2026-04-13 01:04:51,28.9,61.0,15.9,53.9,0.0,0.0,0.0
2026-04-13 01:04:56,28.8,61.1,12.1,53.9,0.0,0.0,0.0
2026-04-13 01:05:01,28.8,61.1,3.9,53.9,0.0,0.0,0.0
2026-04-13 01:05:06,29.0,61.0,12.6,53.8,0.0,0.0,0.0
2026-04-13 01:05:11,29.0,60.8,21.6,53.8,0.0,0.0,0.0
2026-04-13 01:05:16,28.8,60.9,17.4,53.8,0.0,0.0,0.0
2026-04-13 01:05:21,28.9,60.9,6.1,53.8,0.0,0.0,0.0
2026-04-13 01:05:26,29.0,61.0,6.2,53.9,0.0,0.0,0.0
2026-04-13 01:05:31,28.8,61.0,16.4,53.9,0.0,0.0,0.0
2026-04-13 01:05:36,28.8,61.0,6.1,53.9,0.0,0.0,0.0
2026-04-13 01:05:41,28.9,60.9,7.3,53.9,0.0,0.0,0.0
2026-04-13 01:05:46,29.0,61.0,16.1,53.8,0.0,0.0,0.0
2026-04-13 01:05:51,28.8,61.0,13.7,53.8,0.0,0.0,0.0
2026-04-13 01:05:56,29.0,61.0,14.7,53.8,0.0,0.0,0.0
2026-04-13 01:06:01,28.9,60.9,9.2,53.8,0.0,0.0,0.0
2026-04-13 01:06:06,28.9,61.0,19.5,53.8,0.0,0.0,0.0
2026-04-13 01:06:11,28.8,60.8,0.0,53.8,0.0,0.0,0.0
2026-04-13 01:06:16,28.7,60.9,4.4,53.8,0.0,0.0,0.0
2026-04-13 01:06:21,29.0,60.9,28.7,53.8,0.0,0.0,0.0
2026-04-13 01:06:26,28.9,60.8,32.6,53.8,0.0,0.0,0.0
2026-04-13 01:06:31,28.7,60.7,26.5,53.8,0.0,0.0,0.0
2026-04-13 01:06:36,28.9,60.7,13.3,53.8,0.0,0.0,0.0
2026-04-13 01:06:41,28.8,60.7,17.6,53.8,0.0,0.0,0.0
2026-04-13 01:06:46,28.7,60.7,33.9,53.8,0.0,0.0,0.0
2026-04-13 01:06:51,28.8,60.8,7.5,53.9,0.0,0.0,0.0
2026-04-13 01:06:56,28.7,60.8,14.9,53.9,0.0,0.0,0.0
2026-04-13 01:07:01,28.9,60.9,14.9,53.9,0.0,0.0,0.0
2026-04-13 01:07:06,28.8,60.8,4.9,53.8,0.0,0.0,0.0
2026-04-13 01:07:11,28.8,60.7,25.3,53.8,0.0,0.0,0.0
2026-04-13 01:07:16,28.9,60.7,6.1,53.9,0.0,0.0,0.0
2026-04-13 01:07:21,28.8,60.7,9.0,53.9,0.0,0.0,0.0
2026-04-13 01:07:26,28.9,60.6,16.3,53.8,0.0,0.0,0.0
2026-04-13 01:07:31,28.9,60.6,25.0,53.8,0.0,0.0,0.0
2026-04-13 01:07:36,28.9,60.5,19.8,53.8,0.0,0.0,0.0
2026-04-13 01:07:41,28.9,60.4,4.2,53.8,0.0,0.0,0.0
2026-04-13 01:07:46,28.8,60.4,19.4,53.8,0.0,0.0,0.0
2026-04-13 01:07:51,28.9,60.3,14.4,53.8,0.0,0.0,0.0
2026-04-13 01:07:56,28.7,60.2,7.9,53.9,0.0,0.0,0.0
2026-04-13 01:08:01,28.9,60.2,19.8,53.9,0.0,0.0,0.0
2026-04-13 01:08:06,28.7,60.1,0.0,53.9,0.0,0.0,0.0
2026-04-13 01:08:11,28.8,60.0,23.1,53.9,0.0,0.0,0.0
2026-04-13 01:08:16,28.8,60.0,10.6,53.9,0.0,0.0,0.0
2026-04-13 01:08:21,28.9,60.0,20.6,53.9,0.0,0.0,0.0
2026-04-13 01:08:26,28.8,60.0,31.6,53.9,0.0,0.0,0.0
2026-04-13 01:08:31,28.9,60.0,23.6,53.9,0.0,0.0,0.0
2026-04-13 01:08:36,28.9,60.1,11.1,53.8,0.0,0.0,0.0
2026-04-13 01:08:41,28.8,60.1,6.1,53.8,0.0,0.0,0.0
2026-04-13 01:08:46,28.9,60.1,28.9,53.8,0.0,0.0,0.0
2026-04-13 01:08:51,28.8,60.2,19.2,53.8,0.0,0.0,0.0
2026-04-13 01:08:56,28.9,60.2,31.8,53.8,0.0,0.0,0.0
2026-04-13 01:09:01,28.8,60.2,29.2,53.8,0.0,0.0,0.0
2026-04-13 01:09:06,28.9,60.3,28.7,53.8,0.0,0.0,0.0
2026-04-13 01:09:11,29.0,60.3,13.7,53.8,0.0,0.0,0.0
2026-04-13 01:09:16,28.7,60.3,10.9,53.8,0.0,0.0,0.0
2026-04-13 01:09:21,28.8,60.3,25.2,53.8,0.0,0.0,0.0
2026-04-13 01:09:26,28.9,60.2,13.0,53.8,0.0,0.0,0.0
2026-04-13 01:09:31,28.9,60.3,22.9,53.8,0.0,0.0,0.0
2026-04-13 01:09:36,29.0,60.2,8.9,53.8,0.0,0.0,0.0
2026-04-13 01:09:41,28.9,60.3,15.2,53.8,0.0,0.0,0.0
2026-04-13 01:09:46,28.8,60.4,11.9,53.8,0.0,0.0,0.0
2026-04-13 01:09:51,29.0,60.4,9.9,53.8,0.0,0.0,0.0
2026-04-13 01:09:56,28.9,60.5,1.4,53.8,0.0,0.0,0.0
2026-04-13 01:10:01,29.0,60.4,9.6,53.8,0.0,0.0,0.0
2026-04-13 01:10:06,28.8,60.4,2.0,53.8,0.0,0.0,0.0
2026-04-13 01:10:11,29.0,60.6,0.0,53.9,0.0,0.0,0.0
2026-04-13 01:10:16,28.9,60.6,8.7,53.9,0.0,0.0,0.0
2026-04-13 01:10:21,28.8,60.7,23.7,53.8,0.0,0.0,0.0
2026-04-13 01:10:26,29.0,60.7,23.4,53.8,0.0,0.0,0.0
2026-04-13 01:10:31,28.8,60.7,0.0,53.8,0.0,0.0,0.0
2026-04-13 01:10:36,28.9,60.8,25.9,53.8,0.0,0.0,0.0
2026-04-13 01:10:41,28.9,60.7,10.3,53.8,0.0,0.0,0.0
2026-04-13 01:10:46,28.9,60.7,1.9,53.8,0.0,0.0,0.0
2026-04-13 01:10:51,28.8,60.8,29.7,53.8,0.0,0.0,0.0
2026-04-13 01:10:56,28.8,60.8,11.0,53.8,0.0,0.0,0.0
2026-04-13 01:11:01,28.8,60.7,3.9,53.8,0.0,0.0,0.0
2026-04-13 01:11:06,28.8,60.8,3.6,53.8,0.0,0.0,0.0
2026-04-13 01:11:11,28.8,60.8,18.1,53.8,0.0,0.0,0.0
2026-04-13 01:11:16,28.9,60.7,0.0,53.9,0.0,0.0,0.0
2026-04-13 01:11:21,28.9,60.6,0.0,53.9,0.0,0.0,0.0
2026-04-13 01:11:26,28.9,60.6,24.7,53.8,0.0,0.0,0.0
2026-04-13 01:11:31,28.8,60.7,0.0,53.8,0.0,0.0,0.0
2026-04-13 01:11:36,28.9,60.7,5.7,53.8,0.0,0.0,0.0
2026-04-13 01:11:41,28.6,60.7,25.4,53.8,0.0,0.0,0.0
2026-04-13 01:11:46,28.9,60.7,12.9,53.8,0.0,0.0,0.0
2026-04-13 01:11:51,28.9,60.8,12.6,53.8,0.0,0.0,0.0
2026-04-13 01:11:56,28.8,60.9,27.8,53.8,0.0,0.0,0.0
2026-04-13 01:12:01,29.1,60.9,5.9,53.8,0.0,0.0,0.0
2026-04-13 01:12:06,28.9,60.8,14.7,53.8,0.0,0.0,0.0
2026-04-13 01:12:11,28.9,60.9,25.8,53.8,0.0,0.0,0.0
2026-04-13 01:12:16,28.9,60.9,10.1,53.8,0.0,0.0,0.0
2026-04-13 01:12:21,28.8,60.8,6.7,53.8,0.0,0.0,0.0
2026-04-13 01:12:26,28.9,60.9,4.1,53.8,0.0,0.0,0.0
2026-04-13 01:12:31,29.0,60.9,15.5,53.8,0.0,0.0,0.0
2026-04-13 01:12:36,28.9,61.0,22.8,53.8,0.0,0.0,0.0
2026-04-13 01:12:41,28.9,60.9,14.2,53.8,0.0,0.0,0.0
2026-04-13 01:12:46,28.8,61.0,6.1,53.8,0.0,0.0,0.0
2026-04-13 01:12:51,29.0,60.9,21.0,53.8,0.0,0.0,0.0
2026-04-13 01:12:56,29.0,60.9,14.5,53.8,0.0,0.0,0.0
2026-04-13 01:13:01,28.9,61.0,0.0,53.8,0.0,0.0,0.0
2026-04-13 01:13:06,28.9,61.1,11.6,53.8,0.0,0.0,0.0
2026-04-13 01:13:11,29.0,61.1,22.4,53.8,0.0,0.0,0.0
2026-04-13 01:13:16,29.0,61.0,15.8,53.8,0.0,0.0,0.0
2026-04-13 01:13:21,28.8,61.0,33.5,53.8,0.0,0.0,0.0
2026-04-13 01:13:26,28.9,60.9,25.5,53.8,0.0,0.0,0.0
2026-04-13 01:13:31,29.1,60.9,30.1,53.8,0.0,0.0,0.0
2026-04-13 01:13:36,28.9,60.9,18.2,53.8,0.0,0.0,0.0
2026-04-13 01:13:41,29.0,60.8,6.8,53.8,0.0,0.0,0.0
2026-04-13 01:13:46,28.8,60.9,14.6,53.8,0.0,0.0,0.0
2026-04-13 01:13:51,28.9,60.9,16.5,53.8,0.0,0.0,0.0
2026-04-13 01:13:56,29.0,61.0,8.0,53.8,0.0,0.0,0.0
2026-04-13 01:14:01,28.9,61.0,25.0,53.8,0.0,0.0,0.0
2026-04-13 01:14:06,28.8,60.9,0.0,53.8,0.0,0.0,0.0
2026-04-13 01:14:11,29.0,60.8,19.1,53.8,0.0,0.0,0.0
2026-04-13 01:14:16,29.2,60.9,12.9,53.8,0.0,0.0,0.0
2026-04-13 01:14:21,28.9,61.0,6.5,53.8,0.0,0.0,0.0
2026-04-13 01:14:26,28.7,61.1,17.8,53.9,0.0,0.0,0.0
2026-04-13 01:14:31,29.0,61.2,9.9,53.9,0.0,0.0,0.0
2026-04-13 01:14:36,29.1,61.0,10.0,53.9,0.0,0.0,0.0
2026-04-13 01:14:41,28.9,61.2,22.3,53.8,0.0,0.0,0.0
2026-04-13 01:14:46,28.9,61.1,0.0,53.8,0.0,0.0,0.0
2026-04-13 01:14:51,28.9,61.1,14.9,53.9,0.0,0.0,0.0
2026-04-13 01:14:56,28.8,61.0,5.4,53.9,0.0,0.0,0.0
2026-04-13 01:15:01,28.9,60.9,11.8,53.8,0.0,0.0,0.0
2026-04-13 01:15:06,28.9,61.0,21.1,53.8,0.0,0.0,0.0
2026-04-13 01:15:11,28.9,60.9,27.2,53.8,0.0,0.0,0.0
2026-04-13 01:15:16,28.9,60.8,6.2,53.9,0.0,0.0,0.0
2026-04-13 01:15:21,28.9,60.9,24.1,53.9,0.0,0.0,0.0
2026-04-13 01:15:26,28.8,60.9,16.9,53.9,0.0,0.0,0.0
2026-04-13 01:15:31,28.8,60.8,7.6,53.9,0.0,0.0,0.0
2026-04-13 01:15:36,,60.7,10.2,53.9,0.0,0.0,0.0
2026-04-13 01:15:41,28.8,60.7,28.3,53.9,0.0,0.0,0.0
2026-04-13 01:15:46,28.8,60.7,12.3,53.8,0.0,0.0,0.0
2026-04-13 01:15:51,28.8,60.6,26.5,53.8,0.0,0.0,0.0
2026-04-13 01:15:56,28.9,60.7,21.0,53.8,0.0,0.0,0.0
2026-04-13 01:16:01,28.8,60.7,15.3,53.8,0.0,0.0,0.0
2026-04-13 01:16:06,28.8,60.7,8.9,53.8,0.0,0.0,0.0
2026-04-13 01:16:11,28.9,60.5,16.0,53.8,0.0,0.0,0.0
2026-04-13 01:16:16,28.9,60.7,25.8,53.8,0.0,0.0,0.0
2026-04-13 01:16:21,28.9,60.6,22.7,53.8,0.0,0.0,0.0
2026-04-13 01:16:26,28.9,60.5,10.5,53.8,0.0,0.0,0.0
2026-04-13 01:16:31,28.9,60.6,5.6,53.8,0.0,0.0,0.0
2026-04-13 01:16:36,28.7,60.7,3.9,53.8,0.0,0.0,0.0
2026-04-13 01:16:41,28.9,60.5,6.8,53.8,0.0,0.0,0.0
2026-04-13 01:16:46,29.0,60.6,10.0,53.8,0.0,0.0,0.0
2026-04-13 01:16:51,28.9,60.5,23.4,53.8,0.0,0.0,0.0
2026-04-13 01:16:56,28.9,60.6,17.8,53.8,0.0,0.0,0.0
2026-04-13 01:17:01,28.7,60.7,22.6,53.8,0.0,0.0,0.0
2026-04-13 01:17:06,28.8,60.6,22.1,53.8,0.0,0.0,0.0
2026-04-13 01:17:11,28.9,60.7,22.2,53.8,0.0,0.0,0.0
2026-04-13 01:17:16,28.7,60.8,31.7,53.8,0.0,0.0,0.0
2026-04-13 01:17:21,28.7,60.9,11.0,53.8,0.0,0.0,0.0
2026-04-13 01:17:26,29.0,60.7,21.1,53.8,0.0,0.0,0.0
2026-04-13 01:17:31,28.9,60.7,21.2,53.8,0.0,0.0,0.0
2026-04-13 01:17:36,28.9,60.6,11.9,53.8,0.0,0.0,0.0
2026-04-13 01:17:41,29.0,60.7,21.5,53.8,0.0,0.0,0.0
2026-04-13 01:17:46,28.9,60.7,7.4,53.8,0.0,0.0,0.0
2026-04-13 01:17:51,28.9,60.9,3.0,53.8,0.0,0.0,0.0
2026-04-13 01:17:56,29.0,60.8,26.9,53.8,0.0,0.0,0.0
2026-04-13 01:18:01,28.9,60.7,16.6,53.8,0.0,0.0,0.0
2026-04-13 01:18:06,28.8,60.4,1.6,53.8,0.0,0.0,0.0
2026-04-13 01:18:11,28.9,60.6,23.4,53.8,0.0,0.0,0.0
2026-04-13 01:18:16,29.0,60.5,28.9,53.8,0.0,0.0,0.0
2026-04-13 01:18:21,28.9,60.5,26.9,53.8,0.0,0.0,0.0
2026-04-13 01:18:26,28.8,60.4,14.6,53.8,0.0,0.0,0.0
2026-04-13 01:18:31,28.8,60.4,10.2,53.8,0.0,0.0,0.0
2026-04-13 01:18:36,28.9,60.5,11.7,53.8,0.0,0.0,0.0
2026-04-13 01:18:41,28.9,60.4,15.6,53.8,0.0,0.0,0.0
2026-04-13 01:18:46,29.0,60.3,0.0,53.8,0.0,0.0,0.0
2026-04-13 01:18:51,28.9,60.5,21.6,53.8,0.0,0.0,0.0
2026-04-13 01:18:56,28.9,60.4,27.2,53.8,0.0,0.0,0.0
2026-04-13 01:19:01,28.9,60.5,6.5,53.8,0.0,0.0,0.0
2026-04-13 01:19:06,28.8,60.5,18.1,53.8,0.0,0.0,0.0
2026-04-13 01:19:11,28.8,60.4,21.8,53.8,0.0,0.0,0.0
2026-04-13 01:19:16,28.9,60.3,14.7,53.8,0.0,0.0,0.0
2026-04-13 01:19:21,28.8,60.3,15.2,53.8,0.0,0.0,0.0
2026-04-13 01:19:26,28.9,60.4,22.4,53.8,0.0,0.0,0.0
2026-04-13 01:19:31,28.8,60.3,3.0,53.8,0.0,0.0,0.0
2026-04-13 01:19:36,28.8,60.2,8.1,53.8,0.0,0.0,0.0
2026-04-13 01:19:41,28.9,60.3,20.6,53.8,0.0,0.0,0.0
2026-04-13 01:19:46,28.9,60.2,5.5,53.8,0.0,0.0,0.0
2026-04-13 01:19:51,28.8,60.1,22.2,53.8,0.0,0.0,0.0
2026-04-13 01:19:56,28.9,60.2,22.5,53.8,0.0,0.0,0.0
2026-04-13 01:20:01,28.7,60.2,9.2,53.8,0.0,0.0,0.0
2026-04-13 01:20:06,28.8,60.3,8.3,53.8,0.0,0.0,0.0
2026-04-13 01:20:11,28.9,60.3,18.2,53.8,0.0,0.0,0.0
2026-04-13 01:20:16,28.9,60.4,13.6,53.8,0.0,0.0,0.0
2026-04-13 01:20:21,28.8,60.2,0.0,53.8,0.0,0.0,0.0
2026-04-13 01:20:26,28.9,60.3,14.0,53.8,0.0,0.0,0.0
2026-04-13 01:20:31,28.8,60.3,14.4,53.8,0.0,0.0,0.0
2026-04-13 01:20:36,28.9,60.3,25.0,53.8,0.0,0.0,0.0
2026-04-13 01:20:41,28.9,60.3,28.9,53.8,0.0,0.0,0.0
2026-04-13 01:20:46,28.8,60.3,30.4,53.8,0.0,0.0,0.0
2026-04-13 01:20:51,28.7,60.3,0.0,53.8,0.0,0.0,0.0
2026-04-13 01:20:56,29.0,60.2,10.3,53.8,0.0,0.0,0.0
2026-04-13 01:21:01,28.9,60.4,30.4,53.8,0.0,0.0,0.0
2026-04-13 01:21:06,28.8,60.3,22.0,53.8,0.0,0.0,0.0
2026-04-13 01:21:11,28.8,60.6,16.8,53.8,0.0,0.0,0.0
2026-04-13 01:21:16,28.8,60.5,16.0,53.8,0.0,0.0,0.0
2026-04-13 01:21:21,28.8,60.4,24.1,53.8,0.0,0.0,0.0
2026-04-13 01:21:26,28.7,60.4,28.8,53.8,0.0,0.0,0.0
2026-04-13 01:21:31,28.8,60.4,8.2,53.9,0.0,0.0,0.0
2026-04-13 01:21:36,28.8,60.3,12.8,53.9,0.0,0.0,0.0
2026-04-13 01:21:41,28.7,60.3,13.3,53.9,0.0,0.0,0.0
2026-04-13 01:21:46,28.8,60.2,15.4,53.9,0.0,0.0,0.0
2026-04-13 01:21:51,28.8,60.2,15.7,53.9,0.0,0.0,0.0
2026-04-13 01:21:56,28.8,60.3,27.2,53.9,0.0,0.0,0.0
2026-04-13 01:22:01,28.8,60.5,3.4,53.9,0.0,0.0,0.0
2026-04-13 01:22:06,28.8,60.5,6.2,53.9,0.0,0.0,0.0
2026-04-13 01:22:11,28.7,60.4,1.0,53.9,0.0,0.0,0.0
2026-04-13 01:22:16,28.8,60.4,22.0,53.9,0.0,0.0,0.0
2026-04-13 01:22:21,28.9,60.5,13.1,53.9,0.0,0.0,0.0
2026-04-13 01:22:26,28.8,60.4,12.0,53.9,0.0,0.0,0.0
2026-04-13 01:22:31,28.7,60.5,7.6,53.9,0.0,0.0,0.0
2026-04-13 01:22:36,28.8,60.6,25.8,53.9,0.0,0.0,0.0
2026-04-13 01:22:41,28.6,60.7,22.4,53.8,0.0,0.0,0.0
2026-04-13 01:22:46,28.9,60.7,3.6,53.8,0.0,0.0,0.0
2026-04-13 01:22:51,28.9,60.9,2.4,53.8,0.0,0.0,0.0
2026-04-13 01:22:56,28.8,60.7,20.0,53.8,0.0,0.0,0.0
2026-04-13 01:23:01,28.9,60.8,6.6,53.8,0.0,0.0,0.0
2026-04-13 01:23:06,28.8,60.7,17.0,53.8,0.0,0.0,0.0
2026-04-13 01:23:11,28.8,60.8,21.4,53.8,0.0,0.0,0.0
2026-04-13 01:23:16,28.7,60.7,14.9,53.8,0.0,0.0,0.0
2026-04-13 01:23:21,28.9,60.8,1.2,53.8,0.0,0.0,0.0
2026-04-13 01:23:26,28.7,60.7,0.0,53.9,0.0,0.0,0.0
2026-04-13 01:23:31,28.7,60.9,15.9,53.9,0.0,0.0,0.0
2026-04-13 01:23:36,28.7,60.8,2.9,53.9,0.0,0.0,0.0
2026-04-13 01:23:41,28.7,60.8,13.3,53.9,0.0,0.0,0.0
2026-04-13 01:23:46,29.0,60.9,31.4,53.9,0.0,0.0,0.0
2026-04-13 01:23:51,28.7,60.8,30.3,53.8,0.0,0.0,0.0
2026-04-13 01:23:56,28.6,60.9,26.1,53.8,0.0,0.0,0.0
2026-04-13 01:24:01,28.8,60.8,29.9,53.8,0.0,0.0,0.0
2026-04-13 01:24:06,28.9,60.7,15.3,53.8,0.0,0.0,0.0
2026-04-13 01:24:11,28.6,60.7,6.7,53.8,0.0,0.0,0.0
2026-04-13 01:24:16,28.8,60.7,12.5,53.9,0.0,0.0,0.0
2026-04-13 01:24:21,28.8,60.6,15.3,53.9,0.0,0.0,0.0
2026-04-13 01:24:26,28.7,60.6,18.7,53.9,0.0,0.0,0.0
2026-04-13 01:24:31,28.8,60.5,9.9,53.9,0.0,0.0,0.0
2026-04-13 01:24:36,28.7,60.5,20.2,53.8,0.0,0.0,0.0
2026-04-13 01:24:41,28.8,60.5,35.2,53.8,0.0,0.0,0.0
2026-04-13 01:24:46,28.8,60.5,16.9,53.8,0.0,0.0,0.0
2026-04-13 01:24:51,28.7,60.5,9.8,53.8,0.0,0.0,0.0
2026-04-13 01:24:56,28.9,60.7,9.5,53.8,0.0,0.0,0.0
2026-04-13 01:25:01,28.7,60.6,6.5,53.9,0.0,0.0,0.0
2026-04-13 01:25:06,28.7,60.7,9.6,53.9,0.0,0.0,0.0
2026-04-13 01:25:11,28.7,60.7,33.1,53.8,0.0,0.0,0.0
2026-04-13 01:25:16,28.7,60.7,23.8,53.8,0.0,0.0,0.0
2026-04-13 01:25:21,28.7,60.8,0.6,53.8,0.0,0.0,0.0
2026-04-13 01:25:26,28.6,60.9,17.2,53.8,0.0,0.0,0.0
2026-04-13 01:25:31,28.8,61.0,16.6,53.8,0.0,0.0,0.0
2026-04-13 01:25:36,28.8,61.0,10.9,53.8,0.0,0.0,0.0
2026-04-13 01:25:41,28.6,61.0,15.6,53.8,0.0,0.0,0.0
2026-04-13 01:25:46,28.7,61.0,0.0,53.8,0.0,0.0,0.0
2026-04-13 01:25:51,28.6,60.9,21.6,53.8,0.0,0.0,0.0
2026-04-13 01:25:56,28.6,61.0,17.6,53.8,0.0,0.0,0.0
2026-04-13 01:26:01,28.7,61.1,18.2,53.9,0.0,0.0,0.0
2026-04-13 01:26:06,28.6,61.2,18.9,53.9,0.0,0.0,0.0
2026-04-13 01:26:11,28.6,61.2,28.1,53.9,0.0,0.0,0.0
2026-04-13 01:26:16,28.6,61.3,19.4,53.9,0.0,0.0,0.0
2026-04-13 01:26:21,28.6,61.2,25.2,53.8,0.0,0.0,0.0
2026-04-13 01:26:26,28.6,61.3,31.1,53.8,0.0,0.0,0.0
2026-04-13 01:26:31,28.7,61.2,24.4,53.8,0.0,0.0,0.0
2026-04-13 01:26:36,28.6,61.1,12.6,53.8,0.0,0.0,0.0
2026-04-13 01:26:41,28.7,61.0,7.6,53.8,0.0,0.0,0.0
2026-04-13 01:26:46,28.8,61.2,17.9,53.8,0.0,0.0,0.0
2026-04-13 01:26:51,28.6,61.2,14.4,53.8,0.0,0.0,0.0
2026-04-13 01:26:56,28.6,61.2,21.3,53.8,0.0,0.0,0.0
2026-04-13 01:27:01,28.5,61.3,13.4,53.8,0.0,0.0,0.0
2026-04-13 01:27:06,28.6,61.2,6.1,53.8,0.0,0.0,0.0
2026-04-13 01:27:11,28.7,61.3,19.1,53.8,0.0,0.0,0.0
2026-04-13 01:27:16,28.8,61.4,0.0,53.8,0.0,0.0,0.0
2026-04-13 01:27:21,28.7,61.3,23.9,53.8,0.0,0.0,0.0
2026-04-13 01:27:26,28.8,61.4,8.6,53.8,0.0,0.0,0.0
2026-04-13 01:27:31,28.7,61.3,0.0,53.8,0.0,0.0,0.0
2026-04-13 01:27:36,28.7,61.2,4.4,53.8,0.0,0.0,0.0
2026-04-13 01:27:41,28.8,61.2,7.4,53.8,0.0,0.0,0.0
2026-04-13 01:27:46,28.7,61.2,3.8,53.8,0.0,0.0,0.0
2026-04-13 01:27:51,28.7,61.1,15.5,53.8,0.0,0.0,0.0
2026-04-13 01:27:56,28.7,61.3,24.4,53.8,0.0,0.0,0.0
2026-04-13 01:28:01,28.7,61.4,9.3,53.8,0.0,0.0,0.0
2026-04-13 01:28:06,28.7,61.3,16.6,53.8,0.0,0.0,0.0
2026-04-13 01:28:11,28.7,61.2,0.0,53.8,0.0,0.0,0.0
2026-04-13 01:28:16,28.7,61.1,4.7,53.8,0.0,0.0,0.0
2026-04-13 01:28:21,28.5,61.2,3.0,53.8,0.0,0.0,0.0
2026-04-13 01:28:26,28.8,61.2,10.8,53.8,0.0,0.0,0.0
2026-04-13 01:28:31,28.6,61.2,0.0,53.9,0.0,0.0,0.0
2026-04-13 01:28:36,28.6,61.2,19.8,53.9,0.0,0.0,0.0
2026-04-13 01:28:41,28.6,61.1,30.9,53.8,0.0,0.0,0.0
2026-04-13 01:28:46,28.7,61.1,12.4,53.8,0.0,0.0,0.0
2026-04-13 01:28:51,28.8,61.0,5.4,53.8,0.0,0.0,0.0
2026-04-13 01:28:56,28.7,60.9,27.7,53.8,0.0,0.0,0.0
2026-04-13 01:29:01,28.6,60.7,1.8,53.8,0.0,0.0,0.0
2026-04-13 01:29:06,28.6,60.7,12.8,53.8,0.0,0.0,0.0
2026-04-13 01:29:11,28.8,60.7,6.8,53.8,0.0,0.0,0.0
2026-04-13 01:29:16,28.8,60.8,2.9,53.8,0.0,0.0,0.0
2026-04-13 01:29:21,28.6,60.7,16.3,53.8,0.0,0.0,0.0
2026-04-13 01:29:26,28.7,60.7,20.5,53.8,0.0,0.0,0.0
2026-04-13 01:29:31,28.6,60.7,7.4,53.8,0.0,0.0,0.0
2026-04-13 01:29:36,28.6,60.7,18.9,53.8,0.0,0.0,0.0
2026-04-13 01:29:41,28.8,60.6,23.9,53.8,0.0,0.0,0.0
2026-04-13 01:29:46,28.7,60.6,38.1,53.8,0.0,0.0,0.0
2026-04-13 01:29:51,28.6,60.6,21.9,53.8,0.0,0.0,0.0
2026-04-13 01:29:56,28.7,60.6,13.0,53.8,0.0,0.0,0.0
2026-04-13 01:30:01,28.8,60.6,8.6,53.8,0.0,0.0,0.0
2026-04-13 01:30:06,28.7,60.6,22.6,53.8,0.0,0.0,0.0
2026-04-13 01:30:11,28.7,60.6,32.1,53.8,0.0,0.0,0.0
2026-04-13 01:30:16,28.6,60.5,20.8,53.8,0.0,0.0,0.0
2026-04-13 01:30:21,28.6,60.4,1.7,53.8,0.0,0.0,0.0
2026-04-13 01:30:26,28.7,60.5,12.0,53.8,0.0,0.0,0.0
2026-04-13 01:30:31,28.8,60.5,29.6,53.8,0.0,0.0,0.0
2026-04-13 01:30:36,28.9,60.5,10.4,53.8,0.0,0.0,0.0
2026-04-13 01:30:41,28.8,60.6,6.1,53.8,0.0,0.0,0.0
2026-04-13 01:30:46,28.8,60.5,18.5,53.8,0.0,0.0,0.0
2026-04-13 01:30:51,28.7,60.6,26.7,53.8,0.0,0.0,0.0
2026-04-13 01:30:56,28.7,60.6,9.1,53.8,0.0,0.0,0.0
2026-04-13 01:31:01,28.7,60.6,13.1,53.8,0.0,0.0,0.0
2026-04-13 01:31:06,28.7,60.6,21.4,53.8,0.0,0.0,0.0
2026-04-13 01:31:11,28.9,60.6,16.2,53.8,0.0,0.0,0.0
2026-04-13 01:31:16,28.8,60.6,15.7,53.8,0.0,0.0,0.0
2026-04-13 01:31:21,28.7,60.7,14.6,53.8,0.0,0.0,0.0
2026-04-13 01:31:26,28.6,60.6,4.8,53.8,0.0,0.0,0.0
2026-04-13 01:31:31,28.9,60.7,9.5,53.8,0.0,0.0,0.0
2026-04-13 01:31:36,28.6,60.7,21.5,53.8,0.0,0.0,0.0
2026-04-13 01:31:41,28.7,60.6,10.5,53.8,0.0,0.0,0.0
2026-04-13 01:31:46,28.7,60.7,1.0,53.8,0.0,0.0,0.0
2026-04-13 01:31:51,28.8,60.7,12.3,53.8,0.0,0.0,0.0
2026-04-13 01:31:56,28.7,60.7,26.6,53.8,0.0,0.0,0.0
2026-04-13 01:32:01,28.7,60.7,11.0,53.8,0.0,0.0,0.0
2026-04-13 01:32:06,28.7,60.6,11.6,53.8,0.0,0.0,0.0
2026-04-13 01:32:11,28.7,60.6,6.4,53.8,0.0,0.0,0.0
2026-04-13 01:32:16,28.9,60.7,0.0,53.8,0.0,0.0,0.0
2026-04-13 01:32:21,28.7,60.7,23.4,53.8,0.0,0.0,0.0
2026-04-13 01:32:26,28.7,60.7,2.2,53.8,0.0,0.0,0.0
2026-04-13 01:32:31,28.8,60.7,16.2,53.8,0.0,0.0,0.0
2026-04-13 01:32:36,28.8,60.7,32.8,53.8,0.0,0.0,0.0
2026-04-13 01:32:41,28.7,60.7,8.5,53.8,0.0,0.0,0.0
2026-04-13 01:32:46,28.7,60.8,17.6,53.8,0.0,0.0,0.0
2026-04-13 01:32:51,28.8,60.9,9.5,53.8,0.0,0.0,0.0
2026-04-13 01:32:56,28.7,61.1,10.6,53.8,0.0,0.0,0.0
2026-04-13 01:33:01,28.7,61.1,21.4,53.8,0.0,0.0,0.0
2026-04-13 01:33:06,28.8,61.2,21.2,53.8,0.0,0.0,0.0
2026-04-13 01:33:11,28.8,61.2,25.0,53.8,0.0,0.0,0.0
2026-04-13 01:33:16,28.8,61.1,17.0,53.8,0.0,0.0,0.0
2026-04-13 01:33:21,28.8,61.1,2.9,53.8,0.0,0.0,0.0
2026-04-13 01:33:26,28.8,61.0,8.9,53.8,0.0,0.0,0.0
2026-04-13 01:33:31,28.9,61.0,23.5,53.8,0.0,0.0,0.0
2026-04-13 01:33:36,28.7,61.0,18.5,53.8,0.0,0.0,0.0
2026-04-13 01:33:41,28.8,61.0,0.0,53.8,0.0,0.0,0.0
2026-04-13 01:33:46,28.7,61.0,7.2,53.8,0.0,0.0,0.0
2026-04-13 01:33:51,28.8,61.1,23.0,53.8,0.0,0.0,0.0
2026-04-13 01:33:56,28.8,61.1,10.2,53.8,0.0,0.0,0.0
2026-04-13 01:34:01,28.8,61.1,9.6,53.8,0.0,0.0,0.0
2026-04-13 01:34:06,28.9,61.0,13.4,53.8,0.0,0.0,0.0
2026-04-13 01:34:11,28.7,61.2,10.4,53.8,0.0,0.0,0.0
2026-04-13 01:34:16,28.6,61.1,14.0,53.8,0.0,0.0,0.0
2026-04-13 01:34:21,28.7,61.1,2.4,53.8,0.0,0.0,0.0
2026-04-13 01:34:26,28.8,61.2,14.7,53.8,0.0,0.0,0.0
2026-04-13 01:34:31,28.8,61.3,22.3,53.8,0.0,0.0,0.0
2026-04-13 01:34:36,28.8,61.2,13.8,53.7,0.0,0.0,0.0
2026-04-13 01:34:41,28.7,61.1,25.7,53.7,0.0,0.0,0.0
2026-04-13 01:34:46,28.6,60.9,11.3,53.7,0.0,0.0,0.0
2026-04-13 01:34:51,28.8,60.9,3.4,53.8,0.0,0.0,0.0
2026-04-13 01:34:56,28.8,60.9,0.0,53.8,0.0,0.0,0.0
2026-04-13 01:35:01,28.8,60.9,3.9,53.8,0.0,0.0,0.0
2026-04-13 01:35:06,28.9,60.7,10.3,53.8,0.0,0.0,0.0
2026-04-13 01:35:11,28.8,60.8,23.0,53.8,0.0,0.0,0.0
2026-04-13 01:35:16,28.8,60.7,29.9,53.8,0.0,0.0,0.0
2026-04-13 01:35:21,28.8,60.7,5.0,53.8,0.0,0.0,0.0
2026-04-13 01:35:26,28.7,60.5,10.9,53.8,0.0,0.0,0.0
2026-04-13 01:35:31,28.7,60.3,21.8,53.8,0.0,0.0,0.0
2026-04-13 01:35:36,28.7,60.4,29.6,53.8,0.0,0.0,0.0
2026-04-13 01:35:41,28.7,60.2,8.9,53.8,0.0,0.0,0.0
2026-04-13 01:35:46,28.8,60.4,33.2,53.8,0.0,0.0,0.0
2026-04-13 01:35:51,28.7,60.3,11.3,53.8,0.0,0.0,0.0
2026-04-13 01:35:56,28.8,60.2,3.0,53.8,0.0,0.0,0.0
2026-04-13 01:36:01,28.8,60.1,21.7,53.8,0.0,0.0,0.0
2026-04-13 01:36:06,28.7,60.2,26.7,53.8,0.0,0.0,0.0
2026-04-13 01:36:11,29.0,60.2,14.9,53.8,0.0,0.0,0.0
2026-04-13 01:36:16,28.8,60.0,2.2,53.8,0.0,0.0,0.0
2026-04-13 01:36:21,28.6,60.0,10.3,53.8,0.0,0.0,0.0
2026-04-13 01:36:26,28.9,59.9,14.5,53.8,0.0,0.0,0.0
2026-04-13 01:36:31,28.7,60.0,20.4,53.8,0.0,0.0,0.0
2026-04-13 01:36:36,28.8,60.0,11.0,53.8,0.0,0.0,0.0
2026-04-13 01:36:41,28.8,59.9,8.8,53.8,0.0,0.0,0.0
2026-04-13 01:36:46,28.7,60.0,0.0,53.8,0.0,0.0,0.0
2026-04-13 01:36:51,28.7,60.1,10.7,53.8,0.0,0.0,0.0
2026-04-13 01:36:56,28.7,60.2,5.7,53.8,0.0,0.0,0.0
2026-04-13 01:37:01,28.8,60.2,12.0,53.8,0.0,0.0,0.0
2026-04-13 01:37:06,28.6,60.3,19.6,53.8,0.0,0.0,0.0
2026-04-13 01:37:11,28.6,60.3,16.8,53.8,0.0,0.0,0.0
2026-04-13 01:37:16,28.6,60.3,5.1,53.8,0.0,0.0,0.0
2026-04-13 01:37:21,28.6,60.3,24.0,53.8,0.0,0.0,0.0
2026-04-13 01:37:26,28.8,60.3,8.1,53.8,0.0,0.0,0.0
2026-04-13 01:37:31,28.7,60.2,14.8,53.8,0.0,0.0,0.0
2026-04-13 01:37:36,28.6,60.2,0.0,53.8,0.0,0.0,0.0
2026-04-13 01:37:41,28.7,60.2,14.0,53.8,0.0,0.0,0.0
2026-04-13 01:37:46,28.7,60.5,14.2,53.8,0.0,0.0,0.0
2026-04-13 01:37:51,28.7,60.4,29.3,53.8,0.0,0.0,0.0
2026-04-13 01:37:56,28.6,60.4,3.5,53.8,0.0,0.0,0.0
2026-04-13 01:38:01,28.9,60.3,19.1,53.8,0.0,0.0,0.0
2026-04-13 01:38:06,28.9,60.3,16.3,53.8,0.0,0.0,0.0
2026-04-13 01:38:11,28.7,60.4,40.2,53.8,0.0,0.0,0.0
2026-04-13 01:38:16,28.8,60.4,21.5,53.8,0.0,0.0,0.0
2026-04-13 01:38:21,28.7,60.5,9.4,53.8,0.0,0.0,0.0
2026-04-13 01:38:26,28.7,60.6,16.1,53.8,0.0,0.0,0.0
2026-04-13 01:38:31,28.7,60.6,13.3,53.7,0.0,0.0,0.0
2026-04-13 01:38:36,28.6,60.6,15.5,53.7,0.0,0.0,0.0
2026-04-13 01:38:41,28.6,60.7,22.4,53.8,0.0,0.0,0.0
2026-04-13 01:38:46,28.5,60.7,26.7,53.8,0.0,0.0,0.0
2026-04-13 01:38:51,28.7,60.7,5.3,53.8,0.0,0.0,0.0
2026-04-13 01:38:56,28.7,60.6,9.2,53.8,0.0,0.0,0.0
2026-04-13 01:39:01,28.9,60.7,14.6,53.8,0.0,0.0,0.0
2026-04-13 01:39:06,28.8,60.8,26.0,53.8,0.0,0.0,0.0
2026-04-13 01:39:11,28.8,60.8,7.2,53.8,0.0,0.0,0.0
2026-04-13 01:39:16,28.7,60.9,9.1,53.8,0.0,0.0,0.0
2026-04-13 01:39:21,28.6,61.0,31.8,53.8,0.0,0.0,0.0
2026-04-13 01:39:26,28.6,61.1,23.5,53.8,0.0,0.0,0.0
2026-04-13 01:39:31,28.6,61.0,11.7,53.8,0.0,0.0,0.0
2026-04-13 01:39:36,28.6,61.0,6.8,53.8,0.0,0.0,0.0
2026-04-13 01:39:41,28.9,61.0,0.0,53.8,0.0,0.0,0.0
2026-04-13 01:39:46,28.7,60.9,10.1,53.8,0.0,0.0,0.0
2026-04-13 01:39:51,28.7,61.0,18.0,53.8,0.0,0.0,0.0
2026-04-13 01:39:56,28.6,61.1,12.0,53.8,0.0,0.0,0.0
2026-04-13 01:40:01,28.6,61.2,10.4,53.8,0.0,0.0,0.0
2026-04-13 01:40:06,28.7,61.2,29.4,53.8,0.0,0.0,0.0
2026-04-13 01:40:11,28.7,61.1,12.2,53.8,0.0,0.0,0.0
2026-04-13 01:40:16,28.6,60.9,7.7,53.8,0.0,0.0,0.0
2026-04-13 01:40:21,28.6,61.0,16.1,53.8,0.0,0.0,0.0
2026-04-13 01:40:26,28.7,61.0,10.9,53.7,0.0,0.0,0.0
2026-04-13 01:40:31,28.6,61.1,7.2,53.7,0.0,0.0,0.0
2026-04-13 01:40:36,28.7,61.2,33.4,53.7,0.0,0.0,0.0
2026-04-13 01:40:41,28.5,61.3,17.8,53.7,0.0,0.0,0.0
2026-04-13 01:40:46,28.9,61.4,40.1,53.8,0.0,0.0,0.0
2026-04-13 01:40:51,28.5,61.4,34.7,53.8,0.0,0.0,0.0
2026-04-13 01:40:56,28.7,61.4,24.0,53.7,0.0,0.0,0.0
2026-04-13 01:41:01,28.5,61.4,14.9,53.7,0.0,0.0,0.0
2026-04-13 01:41:06,28.6,61.4,3.3,53.7,0.0,0.0,0.0
2026-04-13 01:41:11,28.6,61.4,16.5,53.7,0.0,0.0,0.0
2026-04-13 01:41:16,28.8,61.2,13.8,53.8,0.0,0.0,0.0
2026-04-13 01:41:21,28.8,61.3,19.0,53.8,0.0,0.0,0.0
2026-04-13 01:41:26,28.7,61.2,5.8,53.8,0.0,0.0,0.0
2026-04-13 01:41:31,28.6,61.1,11.9,53.8,0.0,0.0,0.0
2026-04-13 01:41:36,28.8,61.1,25.9,53.7,0.0,0.0,0.0
2026-04-13 01:41:41,28.6,61.1,8.0,53.7,0.0,0.0,0.0
2026-04-13 01:41:46,28.6,61.0,20.5,53.7,0.0,0.0,0.0
2026-04-13 01:41:51,28.5,61.0,7.2,53.8,0.0,0.0,0.0
2026-04-13 01:41:56,28.6,61.1,22.9,53.8,0.0,0.0,0.0
2026-04-13 01:42:01,28.6,61.1,29.6,53.8,0.0,0.0,0.0
2026-04-13 01:42:06,28.5,61.1,39.5,53.8,0.0,0.0,0.0
2026-04-13 01:42:11,28.4,61.2,38.7,53.8,0.0,0.0,0.0
2026-04-13 01:42:16,28.7,61.1,12.5,53.8,0.0,0.0,0.0
2026-04-13 01:42:21,28.8,61.1,11.3,53.8,0.0,0.0,0.0
2026-04-13 01:42:26,28.6,61.1,29.9,53.8,0.0,0.0,0.0
2026-04-13 01:42:31,28.5,61.1,0.0,53.8,0.0,0.0,0.0
2026-04-13 01:42:36,28.5,61.2,11.4,53.8,0.0,0.0,0.0
2026-04-13 01:42:41,28.8,61.2,28.7,53.8,0.0,0.0,0.0
2026-04-13 01:42:46,28.7,61.2,13.2,53.8,0.0,0.0,0.0
2026-04-13 01:42:51,28.6,61.2,7.4,53.8,0.0,0.0,0.0
2026-04-13 01:42:56,28.7,61.1,18.9,53.8,0.0,0.0,0.0
2026-04-13 01:43:01,28.7,61.1,16.1,53.8,0.0,0.0,0.0
2026-04-13 01:43:06,28.7,61.0,14.9,53.8,0.0,0.0,0.0
2026-04-13 01:43:11,28.7,61.0,19.4,53.8,0.0,0.0,0.0
2026-04-13 01:43:16,28.8,61.0,8.4,53.8,0.0,0.0,0.0
2026-04-13 01:43:21,28.7,61.0,15.9,53.8,0.0,0.0,0.0
2026-04-13 01:43:26,28.7,61.0,12.1,53.8,0.0,0.0,0.0
2026-04-13 01:43:31,28.7,60.9,12.1,53.8,0.0,0.0,0.0
2026-04-13 01:43:36,28.7,61.1,14.0,53.8,0.0,0.0,0.0
2026-04-13 01:43:41,28.8,61.0,14.0,53.8,0.0,0.0,0.0
2026-04-13 01:43:46,28.6,60.9,0.0,53.8,0.0,0.0,0.0
2026-04-13 01:43:51,29.0,60.9,0.2,53.8,0.0,0.0,0.0
2026-04-13 01:43:56,28.7,60.9,30.9,53.8,0.0,0.0,0.0
2026-04-13 01:44:01,28.7,60.9,23.7,53.8,0.0,0.0,0.0
2026-04-13 01:44:06,28.6,60.8,23.8,53.8,0.0,0.0,0.0
2026-04-13 01:44:11,28.8,60.9,27.1,53.8,0.0,0.0,0.0
2026-04-13 01:44:16,28.6,60.7,18.5,53.8,0.0,0.0,0.0
2026-04-13 01:44:21,28.9,60.7,2.7,53.8,0.0,0.0,0.0
2026-04-13 01:44:26,28.8,60.7,17.7,53.8,0.0,0.0,0.0
2026-04-13 01:44:31,28.6,60.6,13.0,53.8,0.0,0.0,0.0
2026-04-13 01:44:36,28.7,60.5,27.0,53.8,0.0,0.0,0.0
2026-04-13 01:44:41,28.7,60.5,24.8,53.8,0.0,0.0,0.0
2026-04-13 01:44:46,28.8,60.6,18.6,53.8,0.0,0.0,0.0
2026-04-13 01:44:51,28.6,60.6,10.5,53.8,0.0,0.0,0.0
2026-04-13 01:44:56,28.6,60.5,8.9,53.8,0.0,0.0,0.0
2026-04-13 01:45:01,28.7,60.5,14.0,53.8,0.0,0.0,0.0
2026-04-13 01:45:06,28.8,60.5,20.4,53.8,0.0,0.0,0.0
2026-04-13 01:45:11,28.9,60.6,16.0,53.8,0.0,0.0,0.0
2026-04-13 01:45:16,28.7,60.6,15.5,53.8,0.0,0.0,0.0
2026-04-13 01:45:21,28.7,60.6,10.0,53.8,0.0,0.0,0.0
2026-04-13 01:45:26,28.8,60.7,31.0,53.8,0.0,0.0,0.0
2026-04-13 01:45:31,28.8,60.6,22.7,53.8,0.0,0.0,0.0
2026-04-13 01:45:36,28.8,60.6,15.9,53.8,0.0,0.0,0.0
2026-04-13 01:45:41,28.7,60.6,14.0,53.8,0.0,0.0,0.0
2026-04-13 01:45:46,28.6,60.6,15.5,53.8,0.0,0.0,0.0
2026-04-13 01:45:51,28.8,60.7,18.2,53.8,0.0,0.0,0.0
2026-04-13 01:45:56,28.7,60.8,21.5,53.8,0.0,0.0,0.0
2026-04-13 01:46:01,28.7,60.7,3.0,53.8,0.0,0.0,0.0
2026-04-13 01:46:06,28.7,60.8,15.3,53.8,0.0,0.0,0.0
2026-04-13 01:46:11,28.7,60.9,7.3,53.8,0.0,0.0,0.0
2026-04-13 01:46:16,28.7,60.8,6.3,53.8,0.0,0.0,0.0
2026-04-13 01:46:21,28.7,60.7,19.3,53.8,0.0,0.0,0.0
2026-04-13 01:46:26,28.6,60.5,3.7,53.7,0.0,0.0,0.0
2026-04-13 01:46:31,28.7,60.7,25.3,53.7,0.0,0.0,0.0
2026-04-13 01:46:36,28.6,60.7,0.0,53.7,0.0,0.0,0.0
2026-04-13 01:46:41,28.8,60.6,9.6,53.7,0.0,0.0,0.0
2026-04-13 01:46:46,28.5,60.7,4.8,53.8,0.0,0.0,0.0
2026-04-13 01:46:51,28.5,60.7,24.0,53.8,0.0,0.0,0.0
2026-04-13 01:46:56,28.6,60.7,12.6,53.8,0.0,0.0,0.0
2026-04-13 01:47:01,28.8,60.8,8.7,53.8,0.0,0.0,0.0
2026-04-13 01:47:06,28.5,60.8,36.4,53.8,0.0,0.0,0.0
2026-04-13 01:47:11,28.7,60.9,35.9,53.7,0.0,0.0,0.0
2026-04-13 01:47:16,28.9,60.9,18.4,53.7,0.0,0.0,0.0
2026-04-13 01:47:21,28.7,60.9,5.3,53.7,0.0,0.0,0.0
2026-04-13 01:47:26,28.6,60.8,17.6,53.7,0.0,0.0,0.0
2026-04-13 01:47:31,28.6,60.9,12.7,53.7,0.0,0.0,0.0
2026-04-13 01:47:36,28.6,60.9,36.1,53.7,0.0,0.0,0.0
2026-04-13 01:47:41,28.6,60.9,24.0,53.8,0.0,0.0,0.0
2026-04-13 01:47:46,28.8,60.8,9.1,53.8,0.0,0.0,0.0
2026-04-13 01:47:51,28.7,60.9,33.2,53.8,0.0,0.0,0.0
2026-04-13 01:47:56,28.7,60.9,10.1,53.8,0.0,0.0,0.0
2026-04-13 01:48:01,28.7,60.8,37.4,53.7,0.0,0.0,0.0
2026-04-13 01:48:06,28.8,60.8,21.9,53.7,0.0,0.0,0.0
2026-04-13 01:48:11,28.7,60.9,29.0,53.8,0.0,0.0,0.0
2026-04-13 01:48:16,28.8,61.0,31.4,53.8,0.0,0.0,0.0
2026-04-13 01:48:21,28.7,61.0,40.2,53.8,0.0,0.0,0.0
2026-04-13 01:48:26,28.8,61.0,2.2,53.8,0.0,0.0,0.0
2026-04-13 01:48:31,28.6,61.0,28.9,53.8,0.0,0.0,0.0
2026-04-13 01:48:36,28.7,61.0,36.2,53.8,0.0,0.0,0.0
2026-04-13 01:48:41,28.7,61.0,0.0,53.8,0.0,0.0,0.0
2026-04-13 01:48:46,28.7,61.0,32.6,53.8,0.0,0.0,0.0
2026-04-13 01:48:51,28.6,61.0,5.3,53.8,0.0,0.0,0.0
2026-04-13 01:48:56,28.7,61.0,29.3,53.8,0.0,0.0,0.0
2026-04-13 01:49:01,28.7,61.0,26.4,53.8,0.0,0.0,0.0
2026-04-13 01:49:06,28.9,61.2,23.7,53.7,0.0,0.0,0.0
2026-04-13 01:49:11,28.7,61.1,0.0,53.7,0.0,0.0,0.0
2026-04-13 01:49:16,28.5,61.2,7.2,53.7,0.0,0.0,0.0
2026-04-13 01:49:21,28.7,61.1,25.6,53.7,0.0,0.0,0.0
2026-04-13 01:49:26,28.6,61.1,7.7,53.7,0.0,0.0,0.0
2026-04-13 01:49:31,28.9,61.2,25.5,53.7,0.0,0.0,0.0
2026-04-13 01:49:36,28.6,61.2,10.3,53.7,0.0,0.0,0.0
2026-04-13 01:49:41,28.7,61.3,8.6,53.8,0.0,0.0,0.0
2026-04-13 01:49:46,28.7,61.2,0.0,53.8,0.0,0.0,0.0
2026-04-13 01:49:51,28.8,61.2,8.3,53.7,0.0,0.0,0.0
2026-04-13 01:49:56,28.6,61.2,23.1,53.7,0.0,0.0,0.0
2026-04-13 01:50:01,28.6,61.2,0.0,53.7,0.0,0.0,0.0
2026-04-13 01:50:06,28.6,61.2,13.4,53.7,0.0,0.0,0.0
2026-04-13 01:50:11,28.7,61.2,3.3,53.8,0.0,0.0,0.0
2026-04-13 01:50:16,28.7,61.2,15.0,53.8,0.0,0.0,0.0
2026-04-13 01:50:21,28.6,61.2,15.5,53.8,0.0,0.0,0.0
2026-04-13 01:50:26,28.8,61.3,17.3,53.8,0.0,0.0,0.0
2026-04-13 01:50:31,28.6,61.3,21.0,53.8,0.0,0.0,0.0
2026-04-13 01:50:36,28.6,61.3,9.5,53.8,0.0,0.0,0.0
2026-04-13 01:50:41,28.7,61.2,9.6,53.8,0.0,0.0,0.0
2026-04-13 01:50:46,28.6,61.3,20.1,53.7,0.0,0.0,0.0
2026-04-13 01:50:51,28.8,61.3,18.9,53.7,0.0,0.0,0.0
2026-04-13 01:50:56,28.8,61.3,19.6,53.8,0.0,0.0,0.0
2026-04-13 01:51:01,28.7,61.2,21.8,53.8,0.0,0.0,0.0
2026-04-13 01:51:06,28.8,61.2,17.7,53.8,0.0,0.0,0.0
2026-04-13 01:51:11,28.7,61.2,16.7,53.8,0.0,0.0,0.0
2026-04-13 01:51:16,28.7,61.1,15.0,53.8,0.0,0.0,0.0
2026-04-13 01:51:21,28.7,61.0,16.2,53.8,0.0,0.0,0.0
2026-04-13 01:51:26,28.8,61.0,21.2,53.8,0.0,0.0,0.0
2026-04-13 01:51:31,28.7,61.0,19.0,53.8,0.0,0.0,0.0
2026-04-13 01:51:36,28.8,61.0,10.2,53.8,0.0,0.0,0.0
2026-04-13 01:51:41,28.8,61.0,15.0,53.8,0.0,0.0,0.0
2026-04-13 01:51:46,28.6,61.0,11.6,53.8,0.0,0.0,0.0
2026-04-13 01:51:51,28.7,60.9,3.0,53.8,0.0,0.0,0.0
2026-04-13 01:51:56,28.8,60.9,11.2,53.8,0.0,0.0,0.0
2026-04-13 01:52:01,28.7,60.8,1.4,53.8,0.0,0.0,0.0
2026-04-13 01:52:06,28.7,60.8,16.9,53.7,0.0,0.0,0.0
2026-04-13 01:52:11,29.0,60.8,6.6,53.7,0.0,0.0,0.0
2026-04-13 01:52:16,28.8,60.9,0.0,53.7,0.0,0.0,0.0
2026-04-13 01:52:21,28.7,61.0,13.6,53.7,0.0,0.0,0.0
2026-04-13 01:52:26,28.7,61.0,0.0,53.8,0.0,0.0,0.0
2026-04-13 01:52:31,28.7,60.9,30.2,53.8,0.0,0.0,0.0
2026-04-13 01:52:36,28.9,61.0,27.0,53.8,0.0,0.0,0.0
2026-04-13 01:52:41,28.7,61.1,12.0,53.8,0.0,0.0,0.0
2026-04-13 01:52:46,28.6,61.0,19.5,53.8,0.0,0.0,0.0
2026-04-13 01:52:51,28.8,60.9,14.8,53.8,0.0,0.0,0.0
2026-04-13 01:52:56,28.7,60.9,21.0,53.8,0.0,0.0,0.0
2026-04-13 01:53:01,28.6,61.0,13.2,53.8,0.0,0.0,0.0
2026-04-13 01:53:06,28.7,60.9,17.0,53.8,0.0,0.0,0.0
2026-04-13 01:53:11,28.7,60.9,21.6,53.8,0.0,0.0,0.0
2026-04-13 01:53:16,28.7,61.0,10.8,53.8,0.0,0.0,0.0
2026-04-13 01:53:21,28.8,60.9,20.6,53.8,0.0,0.0,0.0
2026-04-13 01:53:26,28.5,61.0,0.0,53.8,0.0,0.0,0.0
2026-04-13 01:53:31,28.9,61.0,16.2,53.8,0.0,0.0,0.0
2026-04-13 01:53:36,28.7,61.0,16.9,53.8,0.0,0.0,0.0
2026-04-13 01:53:41,28.9,61.0,20.5,53.8,0.0,0.0,0.0
2026-04-13 01:53:46,28.7,61.0,6.6,53.8,0.0,0.0,0.0
2026-04-13 01:53:51,28.8,61.0,30.4,53.8,0.0,0.0,0.0
2026-04-13 01:53:56,28.6,60.9,4.6,53.8,0.0,0.0,0.0
2026-04-13 01:54:01,28.6,60.9,29.7,53.8,0.0,0.0,0.0
2026-04-13 01:54:06,28.8,60.7,7.2,53.8,0.0,0.0,0.0
2026-04-13 01:54:11,28.7,60.8,2.2,53.8,0.0,0.0,0.0
2026-04-13 01:54:16,28.6,60.7,30.0,53.8,0.0,0.0,0.0
2026-04-13 01:54:21,28.8,60.6,10.4,53.8,0.0,0.0,0.0
2026-04-13 01:54:26,28.7,60.6,14.5,53.8,0.0,0.0,0.0
2026-04-13 01:54:31,28.7,60.6,12.8,53.8,0.0,0.0,0.0
2026-04-13 01:54:36,28.7,60.6,15.2,53.7,0.0,0.0,0.0
2026-04-13 01:54:41,28.7,60.7,12.3,53.7,0.0,0.0,0.0
2026-04-13 01:54:46,28.7,60.6,7.6,53.8,0.0,0.0,0.0
2026-04-13 01:54:51,28.7,60.6,32.0,53.8,0.0,0.0,0.0
2026-04-13 01:54:56,28.6,60.6,24.5,53.8,0.0,0.0,0.0
2026-04-13 01:55:01,28.8,60.4,19.1,53.8,0.0,0.0,0.0
2026-04-13 01:55:06,28.6,60.5,19.1,53.8,0.0,0.0,0.0
2026-04-13 01:55:11,28.7,60.6,1.3,53.8,0.0,0.0,0.0
2026-04-13 01:55:16,28.6,60.7,12.7,53.7,0.0,0.0,0.0
2026-04-13 01:55:21,28.7,60.7,0.8,53.7,0.0,0.0,0.0
2026-04-13 01:55:26,28.4,60.7,29.8,53.8,0.0,0.0,0.0
2026-04-13 01:55:31,28.6,60.7,3.7,53.8,0.0,0.0,0.0
2026-04-13 01:55:36,28.5,60.7,2.4,53.8,0.0,0.0,0.0
2026-04-13 01:55:41,28.7,60.6,6.3,53.7,0.0,0.0,0.0
2026-04-13 01:55:46,28.6,60.6,25.4,53.7,0.0,0.0,0.0
2026-04-13 01:55:51,28.7,60.7,20.3,53.8,0.0,0.0,0.0
2026-04-13 01:55:56,28.6,60.7,17.1,53.8,0.0,0.0,0.0
2026-04-13 01:56:01,28.8,60.5,2.1,53.8,0.0,0.0,0.0
2026-04-13 01:56:06,28.5,60.5,6.3,53.8,0.0,0.0,0.0
2026-04-13 01:56:11,28.5,60.5,19.6,53.8,0.0,0.0,0.0
2026-04-13 01:56:16,28.5,60.5,13.2,53.8,0.0,0.0,0.0
2026-04-13 01:56:21,28.7,60.6,35.4,53.8,0.0,0.0,0.0
2026-04-13 01:56:26,28.8,60.6,3.3,53.8,0.0,0.0,0.0
2026-04-13 01:56:31,28.6,60.7,21.0,53.8,0.0,0.0,0.0
2026-04-13 01:56:36,28.6,60.7,13.7,53.8,0.0,0.0,0.0
2026-04-13 01:56:41,28.5,60.8,18.9,53.7,0.0,0.0,0.0
2026-04-13 01:56:46,28.6,60.7,32.0,53.7,0.0,0.0,0.0
2026-04-13 01:56:51,28.8,60.7,0.0,53.7,0.0,0.0,0.0
2026-04-13 01:56:56,28.6,60.8,28.6,53.7,0.0,0.0,0.0
2026-04-13 01:57:01,28.6,60.8,15.1,53.8,0.0,0.0,0.0
2026-04-13 01:57:06,28.7,60.8,23.7,53.8,0.0,0.0,0.0
2026-04-13 01:57:11,28.5,60.8,31.3,53.8,0.0,0.0,0.0
2026-04-13 01:57:16,28.8,60.8,8.6,53.8,0.0,0.0,0.0
2026-04-13 01:57:21,28.6,60.9,27.7,53.8,0.0,0.0,0.0
2026-04-13 01:57:26,28.6,61.0,4.2,53.7,0.0,0.0,0.0
2026-04-13 01:57:31,28.7,60.9,17.9,53.7,0.0,0.0,0.0
2026-04-13 01:57:36,28.6,60.9,0.0,53.7,0.0,0.0,0.0
2026-04-13 01:57:41,28.6,60.9,11.0,53.7,0.0,0.0,0.0
2026-04-13 01:57:46,28.7,61.0,16.5,53.7,0.0,0.0,0.0
2026-04-13 01:57:51,28.8,61.1,8.1,53.8,0.0,0.0,0.0
2026-04-13 01:57:56,28.7,61.0,0.0,53.8,0.0,0.0,0.0
2026-04-13 01:58:01,28.7,61.1,20.0,53.8,0.0,0.0,0.0
2026-04-13 01:58:06,28.6,61.1,17.3,53.8,0.0,0.0,0.0
2026-04-13 01:58:11,28.6,61.2,14.4,53.8,0.0,0.0,0.0
2026-04-13 01:58:16,28.7,61.1,33.4,53.7,0.0,0.0,0.0
2026-04-13 01:58:21,28.6,61.0,17.8,53.7,0.0,0.0,0.0
2026-04-13 01:58:26,28.6,60.9,1.0,53.7,0.0,0.0,0.0
2026-04-13 01:58:31,28.6,60.9,25.2,53.7,0.0,0.0,0.0
2026-04-13 01:58:36,28.7,60.8,8.6,53.7,0.0,0.0,0.0
2026-04-13 01:58:41,28.6,60.8,21.0,53.7,0.0,0.0,0.0
2026-04-13 01:58:46,28.6,60.9,2.1,53.7,0.0,0.0,0.0
2026-04-13 01:58:51,28.7,60.9,0.0,53.8,0.0,0.0,0.0
2026-04-13 01:58:56,28.6,60.7,22.6,53.8,0.0,0.0,0.0
2026-04-13 01:59:01,28.8,60.8,24.9,53.7,0.0,0.0,0.0
2026-04-13 01:59:06,28.6,60.8,7.4,53.7,0.0,0.0,0.0
2026-04-13 01:59:11,28.6,60.8,3.8,53.7,0.0,0.0,0.0
2026-04-13 01:59:16,28.7,60.7,10.9,53.7,0.0,0.0,0.0
2026-04-13 01:59:21,28.7,60.9,20.1,53.7,0.0,0.0,0.0
2026-04-13 01:59:26,28.5,60.8,0.0,53.7,0.0,0.0,0.0
2026-04-13 01:59:31,28.7,60.8,20.0,53.7,0.0,0.0,0.0
2026-04-13 01:59:36,28.7,60.7,15.6,53.7,0.0,0.0,0.0
2026-04-13 01:59:41,28.8,60.8,11.4,53.7,0.0,0.0,0.0
2026-04-13 01:59:46,28.6,60.9,0.0,53.7,0.0,0.0,0.0
2026-04-13 01:59:51,28.6,60.9,2.9,53.7,0.0,0.0,0.0
2026-04-13 01:59:56,28.6,60.8,22.8,53.7,0.0,0.0,0.0
2026-04-13 02:00:01,28.6,60.7,5.6,53.7,0.0,0.0,0.0
2026-04-13 02:00:06,28.6,60.7,25.9,53.7,0.0,0.0,0.0
2026-04-13 02:00:11,28.7,60.8,21.7,53.7,0.0,0.0,0.0
2026-04-13 02:00:16,28.8,60.8,14.4,53.7,0.0,0.0,0.0
2026-04-13 02:00:21,28.8,60.7,3.5,53.7,0.0,0.0,0.0
2026-04-13 02:00:26,28.8,60.7,50.4,53.7,0.0,0.0,0.0
2026-04-13 02:00:31,28.8,60.6,23.1,53.7,0.0,0.0,0.0
2026-04-13 02:00:36,28.7,60.6,15.3,53.7,0.0,0.0,0.0
2026-04-13 02:00:41,28.6,60.7,28.5,53.7,0.0,0.0,0.0
2026-04-13 02:00:46,28.6,60.7,13.0,53.7,0.0,0.0,0.0
2026-04-13 02:00:51,28.6,60.7,9.2,53.7,0.0,0.0,0.0
2026-04-13 02:00:56,28.5,60.8,12.0,53.7,0.0,0.0,0.0
2026-04-13 02:01:01,28.6,60.8,16.7,53.7,0.0,0.0,0.0
2026-04-13 02:01:06,28.7,60.9,20.2,53.7,0.0,0.0,0.0
2026-04-13 02:01:11,28.7,60.7,20.1,53.7,0.0,0.0,0.0
2026-04-13 02:01:16,28.6,60.7,3.0,53.7,0.0,0.0,0.0
2026-04-13 02:01:21,28.5,60.9,22.7,53.7,0.0,0.0,0.0
2026-04-13 02:01:26,28.7,60.8,18.6,53.7,0.0,0.0,0.0
2026-04-13 02:01:31,28.7,60.8,11.5,53.7,0.0,0.0,0.0
2026-04-13 02:01:36,28.6,60.9,7.5,53.7,0.0,0.0,0.0
2026-04-13 02:01:41,28.6,61.0,10.1,53.7,0.0,0.0,0.0
2026-04-13 02:01:46,28.7,61.0,15.9,53.7,0.0,0.0,0.0
2026-04-13 02:01:51,28.5,61.1,10.2,53.7,0.0,0.0,0.0
2026-04-13 02:01:56,28.7,61.2,12.7,53.7,0.0,0.0,0.0
2026-04-13 02:02:01,28.7,61.2,3.9,53.7,0.0,0.0,0.0
2026-04-13 02:02:06,28.8,61.2,19.1,53.7,0.0,0.0,0.0
2026-04-13 02:02:11,28.6,61.2,18.7,53.7,0.0,0.0,0.0
2026-04-13 02:02:16,28.7,61.4,12.7,53.7,0.0,0.0,0.0
2026-04-13 02:02:21,28.5,61.5,6.5,53.7,0.0,0.0,0.0
2026-04-13 02:02:26,28.6,61.5,21.2,53.7,0.0,0.0,0.0
2026-04-13 02:02:31,28.6,61.4,0.0,53.7,0.0,0.0,0.0
2026-04-13 02:02:36,28.6,61.5,25.6,53.7,0.0,0.0,0.0
2026-04-13 02:02:41,28.6,61.4,12.6,53.7,0.0,0.0,0.0
2026-04-13 02:02:46,28.7,61.3,7.3,53.7,0.0,0.0,0.0
2026-04-13 02:02:51,28.7,61.3,13.8,53.7,0.0,0.0,0.0
2026-04-13 02:02:56,28.7,61.3,9.1,53.7,0.0,0.0,0.0
2026-04-13 02:03:01,28.7,61.2,0.0,53.7,0.0,0.0,0.0
2026-04-13 02:03:06,28.6,61.2,6.4,53.7,0.0,0.0,0.0
2026-04-13 02:03:11,28.6,61.2,17.7,53.7,0.0,0.0,0.0
2026-04-13 02:03:16,28.8,60.9,19.4,53.7,0.0,0.0,0.0
2026-04-13 02:03:21,28.6,60.9,24.0,53.7,0.0,0.0,0.0
2026-04-13 02:03:26,28.6,60.9,17.6,53.7,0.0,0.0,0.0
2026-04-13 02:03:31,28.7,60.8,3.8,53.7,0.0,0.0,0.0
2026-04-13 02:03:36,28.5,60.7,37.9,53.7,0.0,0.0,0.0
2026-04-13 02:03:41,28.5,60.9,0.9,53.6,0.0,0.0,0.0
2026-04-13 02:03:46,28.6,60.9,6.2,53.6,0.0,0.0,0.0
2026-04-13 02:03:51,28.7,61.0,15.4,53.7,0.0,0.0,0.0
2026-04-13 02:03:56,28.6,61.0,8.5,53.7,0.0,0.0,0.0
2026-04-13 02:04:01,28.8,61.1,13.7,53.7,0.0,0.0,0.0
2026-04-13 02:04:06,28.7,61.2,9.7,53.7,0.0,0.0,0.0
2026-04-13 02:04:11,28.7,61.2,26.5,53.7,0.0,0.0,0.0
2026-04-13 02:04:16,28.6,61.1,10.9,53.7,0.0,0.0,0.0
2026-04-13 02:04:21,28.5,61.1,13.7,53.7,0.0,0.0,0.0
2026-04-13 02:04:26,28.6,61.0,4.9,53.7,0.0,0.0,0.0
2026-04-13 02:04:31,28.7,61.0,14.3,53.7,0.0,0.0,0.0
2026-04-13 02:04:36,28.6,61.1,16.9,53.7,0.0,0.0,0.0
2026-04-13 02:04:41,28.7,61.0,0.0,53.7,0.0,0.0,0.0
2026-04-13 02:04:46,28.6,61.0,22.2,53.7,0.0,0.0,0.0
2026-04-13 02:04:51,28.6,61.0,0.3,53.7,0.0,0.0,0.0
2026-04-13 02:04:56,28.6,61.1,0.0,53.7,0.0,0.0,0.0
2026-04-13 02:05:01,28.7,61.2,0.0,53.7,0.0,0.0,0.0
2026-04-13 02:05:06,28.5,61.1,22.4,53.7,0.0,0.0,0.0
2026-04-13 02:05:11,28.7,61.1,19.2,53.7,0.0,0.0,0.0
2026-04-13 02:05:16,28.7,61.2,22.6,53.7,0.0,0.0,0.0
2026-04-13 02:05:21,28.6,61.1,28.6,53.7,0.0,0.0,0.0
2026-04-13 02:05:26,28.8,61.1,32.3,53.7,0.0,0.0,0.0
2026-04-13 02:05:31,28.6,61.2,5.9,53.7,0.0,0.0,0.0
2026-04-13 02:05:36,28.5,61.2,38.4,53.6,0.0,0.0,0.0
2026-04-13 02:05:41,28.6,61.1,20.3,53.6,0.0,0.0,0.0
2026-04-13 02:05:46,28.7,61.1,14.0,53.6,0.0,0.0,0.0
2026-04-13 02:05:51,28.6,61.1,15.7,53.7,0.0,0.0,0.0
2026-04-13 02:05:56,28.7,61.0,22.0,53.7,0.0,0.0,0.0
2026-04-13 02:06:01,28.5,61.0,25.6,53.7,0.0,0.0,0.0
2026-04-13 02:06:06,28.7,61.0,42.9,53.7,0.0,0.0,0.0
2026-04-13 02:06:11,28.7,60.9,25.7,53.7,0.0,0.0,0.0
2026-04-13 02:06:16,28.7,61.1,7.8,53.7,0.0,0.0,0.0
2026-04-13 02:06:21,28.6,61.1,10.5,53.6,0.0,0.0,0.0
2026-04-13 02:06:26,28.6,61.1,15.1,53.6,0.0,0.0,0.0
2026-04-13 02:06:31,28.7,61.0,15.6,53.6,0.0,0.0,0.0
2026-04-13 02:06:36,28.7,61.0,6.3,53.6,0.0,0.0,0.0
2026-04-13 02:06:41,28.8,61.0,0.0,53.6,0.0,0.0,0.0
2026-04-13 02:06:46,28.5,61.0,27.3,53.7,0.0,0.0,0.0
2026-04-13 02:06:51,28.7,60.8,4.3,53.7,0.0,0.0,0.0
2026-04-13 02:06:56,28.7,60.8,13.9,53.6,0.0,0.0,0.0
2026-04-13 02:07:01,28.7,60.9,12.2,53.6,0.0,0.0,0.0
2026-04-13 02:07:06,28.7,61.0,21.5,53.6,0.0,0.0,0.0
2026-04-13 02:07:11,28.7,60.9,17.0,53.6,0.0,0.0,0.0
2026-04-13 02:07:16,28.5,60.9,10.2,53.7,0.0,0.0,0.0
2026-04-13 02:07:21,28.6,60.7,0.0,53.7,0.0,0.0,0.0
2026-04-13 02:07:26,28.7,60.8,18.9,53.7,0.0,0.0,0.0
2026-04-13 02:07:31,28.6,60.9,1.7,53.7,0.0,0.0,0.0
2026-04-13 02:07:36,28.7,60.8,21.1,53.7,0.0,0.0,0.0
2026-04-13 02:07:41,28.7,60.8,16.1,53.7,0.0,0.0,0.0
2026-04-13 02:07:46,28.5,60.8,18.8,53.7,0.0,0.0,0.0
2026-04-13 02:07:51,28.6,60.9,5.4,53.6,0.0,0.0,0.0
2026-04-13 02:07:56,28.6,60.9,19.7,53.6,0.0,0.0,0.0
2026-04-13 02:08:01,28.6,60.9,28.9,53.6,0.0,0.0,0.0
2026-04-13 02:08:06,28.7,60.9,15.0,53.6,0.0,0.0,0.0
2026-04-13 02:08:11,28.6,60.9,22.2,53.6,0.0,0.0,0.0
2026-04-13 02:08:16,28.5,60.8,7.7,53.7,0.0,0.0,0.0
2026-04-13 02:08:21,28.8,60.9,10.6,53.7,0.0,0.0,0.0
2026-04-13 02:08:26,28.5,60.9,36.1,53.7,0.0,0.0,0.0
2026-04-13 02:08:31,28.5,61.0,15.2,53.7,0.0,0.0,0.0
2026-04-13 02:08:36,28.7,61.1,26.7,53.7,0.0,0.0,0.0
2026-04-13 02:08:41,28.7,61.0,9.1,53.7,0.0,0.0,0.0
2026-04-13 02:08:46,28.6,61.1,18.4,53.7,0.0,0.0,0.0
2026-04-13 02:08:51,28.6,61.0,26.7,53.7,0.0,0.0,0.0
2026-04-13 02:08:56,28.7,60.8,11.0,53.7,0.0,0.0,0.0
2026-04-13 02:09:01,28.6,60.8,17.3,53.6,0.0,0.0,0.0
2026-04-13 02:09:06,28.5,60.8,18.6,53.6,0.0,0.0,0.0
2026-04-13 02:09:11,28.7,60.8,0.0,53.7,0.0,0.0,0.0
2026-04-13 02:09:16,28.7,60.8,13.7,53.7,0.0,0.0,0.0
2026-04-13 02:09:21,28.7,60.8,26.8,53.7,0.0,0.0,0.0
2026-04-13 02:09:26,28.6,60.7,7.9,53.7,0.0,0.0,0.0
2026-04-13 02:09:31,28.5,60.7,20.5,53.7,0.0,0.0,0.0
2026-04-13 02:09:36,28.6,60.7,5.8,53.7,0.0,0.0,0.0
2026-04-13 02:09:41,28.6,60.6,28.3,53.7,0.0,0.0,0.0
2026-04-13 02:09:46,28.7,60.5,7.3,53.7,0.0,0.0,0.0
2026-04-13 02:09:51,28.5,60.5,10.1,53.7,0.0,0.0,0.0
2026-04-13 02:09:56,28.6,60.6,30.7,53.7,0.0,0.0,0.0
2026-04-13 02:10:01,28.6,60.7,0.0,53.7,0.0,0.0,0.0
2026-04-13 02:10:06,28.8,60.7,0.0,53.7,0.0,0.0,0.0
2026-04-13 02:10:11,28.6,60.7,20.3,53.7,0.0,0.0,0.0
2026-04-13 02:10:16,28.5,60.7,21.2,53.7,0.0,0.0,0.0
2026-04-13 02:10:21,28.6,60.7,11.7,53.7,0.0,0.0,0.0
2026-04-13 02:10:26,28.6,60.7,18.2,53.7,0.0,0.0,0.0
2026-04-13 02:10:31,28.7,60.6,28.4,53.7,0.0,0.0,0.0
2026-04-13 02:10:36,28.7,60.6,4.9,53.7,0.0,0.0,0.0
2026-04-13 02:10:41,28.6,60.7,20.1,53.7,0.0,0.0,0.0
2026-04-13 02:10:46,28.5,60.6,30.5,53.7,0.0,0.0,0.0
2026-04-13 02:10:51,28.6,60.6,6.4,53.7,0.0,0.0,0.0
2026-04-13 02:10:56,28.5,60.7,19.4,53.7,0.0,0.0,0.0
2026-04-13 02:11:01,28.5,60.7,12.5,53.7,0.0,0.0,0.0
2026-04-13 02:11:06,28.5,60.7,21.9,53.7,0.0,0.0,0.0
2026-04-13 02:11:11,28.6,60.7,12.3,53.6,0.0,0.0,0.0
2026-04-13 02:11:16,28.6,60.8,26.7,53.6,0.0,0.0,0.0
2026-04-13 02:11:21,28.6,60.7,11.2,53.6,0.0,0.0,0.0
2026-04-13 02:11:26,28.7,60.6,12.7,53.7,0.0,0.0,0.0
2026-04-13 02:11:31,28.7,60.6,0.0,53.7,0.0,0.0,0.0
2026-04-13 02:11:36,28.5,60.6,0.0,53.7,0.0,0.0,0.0
2026-04-13 02:11:41,28.5,60.6,11.3,53.7,0.0,0.0,0.0
2026-04-13 02:11:46,28.8,60.5,6.1,53.6,0.0,0.0,0.0
2026-04-13 02:11:51,28.6,60.5,21.6,53.6,0.0,0.0,0.0
2026-04-13 02:11:56,28.7,60.6,13.5,53.7,0.0,0.0,0.0
2026-04-13 02:12:01,28.5,60.6,14.8,53.7,0.0,0.0,0.0
2026-04-13 02:12:06,28.6,60.7,25.5,53.7,0.0,0.0,0.0
2026-04-13 02:12:11,28.8,60.7,26.5,53.7,0.0,0.0,0.0
2026-04-13 02:12:16,28.6,60.7,23.8,53.7,0.0,0.0,0.0
2026-04-13 02:12:21,28.7,60.8,25.4,53.7,0.0,0.0,0.0
2026-04-13 02:12:26,28.7,60.7,29.3,53.7,0.0,0.0,0.0
2026-04-13 02:12:31,28.6,60.7,15.9,53.7,0.0,0.0,0.0
2026-04-13 02:12:36,28.6,60.8,12.3,53.7,0.0,0.0,0.0
2026-04-13 02:12:41,28.5,60.8,3.6,53.7,0.0,0.0,0.0
2026-04-13 02:12:46,28.7,60.8,36.6,53.7,0.0,0.0,0.0
2026-04-13 02:12:51,28.7,60.9,25.4,53.7,0.0,0.0,0.0
2026-04-13 02:12:56,28.6,60.8,22.4,53.7,0.0,0.0,0.0
2026-04-13 02:13:01,28.6,60.9,0.0,53.7,0.0,0.0,0.0
2026-04-13 02:13:06,28.8,60.9,36.7,53.7,0.0,0.0,0.0
2026-04-13 02:13:11,28.7,61.0,13.9,53.7,0.0,0.0,0.0
2026-04-13 02:13:16,28.7,60.8,9.0,53.7,0.0,0.0,0.0
2026-04-13 02:13:21,28.7,60.9,9.3,53.7,0.0,0.0,0.0
2026-04-13 02:13:26,28.6,60.6,0.0,53.7,0.0,0.0,0.0
2026-04-13 02:13:31,28.5,60.5,20.3,53.7,0.0,0.0,0.0
2026-04-13 02:13:36,28.6,60.5,14.6,53.7,0.0,0.0,0.0
2026-04-13 02:13:41,28.6,60.6,16.5,53.7,0.0,0.0,0.0
2026-04-13 02:13:46,28.6,60.6,3.1,53.7,0.0,0.0,0.0
2026-04-13 02:13:51,28.6,60.5,13.5,53.7,0.0,0.0,0.0
2026-04-13 02:13:56,28.6,60.5,12.3,53.7,0.0,0.0,0.0
2026-04-13 02:14:01,28.7,60.6,7.6,53.7,0.0,0.0,0.0
2026-04-13 02:14:06,28.7,60.6,11.4,53.7,0.0,0.0,0.0
2026-04-13 02:14:11,28.6,60.6,0.0,53.7,0.0,0.0,0.0
2026-04-13 02:14:16,28.6,60.6,26.2,53.7,0.0,0.0,0.0
2026-04-13 02:14:21,28.5,60.4,18.1,53.7,0.0,0.0,0.0
2026-04-13 02:14:26,28.6,60.4,24.7,53.7,0.0,0.0,0.0
2026-04-13 02:14:31,28.5,60.4,7.0,53.7,0.0,0.0,0.0
2026-04-13 02:14:36,28.7,60.4,8.0,53.7,0.0,0.0,0.0
2026-04-13 02:14:41,28.6,60.5,3.1,53.7,0.0,0.0,0.0
2026-04-13 02:14:46,28.6,60.3,13.6,53.7,0.0,0.0,0.0
2026-04-13 02:14:51,28.7,60.3,6.9,53.7,0.0,0.0,0.0
2026-04-13 02:14:56,28.6,60.4,18.1,53.7,0.0,0.0,0.0
2026-04-13 02:15:01,28.4,60.5,0.0,53.7,0.0,0.0,0.0
2026-04-13 02:15:06,28.5,60.3,22.6,53.7,0.0,0.0,0.0
2026-04-13 02:15:11,28.6,60.4,27.0,53.7,0.0,0.0,0.0
2026-04-13 02:15:16,28.6,60.4,18.3,53.7,0.0,0.0,0.0
2026-04-13 02:15:21,28.6,60.4,9.7,53.7,0.0,0.0,0.0
2026-04-13 02:15:26,28.6,60.5,21.6,53.7,0.0,0.0,0.0
2026-04-13 02:15:31,28.6,60.8,28.8,53.7,0.0,0.0,0.0
2026-04-13 02:15:36,28.7,60.7,21.8,53.7,0.0,0.0,0.0
2026-04-13 02:15:41,28.6,60.8,31.9,53.7,0.0,0.0,0.0
2026-04-13 02:15:46,28.6,60.9,22.8,53.7,0.0,0.0,0.0
2026-04-13 02:15:51,28.5,60.9,6.4,53.7,0.0,0.0,0.0
2026-04-13 02:15:56,28.7,60.9,11.9,53.7,0.0,0.0,0.0
2026-04-13 02:16:01,28.6,60.9,19.4,53.7,0.0,0.0,0.0
2026-04-13 02:16:06,28.6,61.0,23.4,53.7,0.0,0.0,0.0
2026-04-13 02:16:11,28.7,61.0,14.7,53.7,0.0,0.0,0.0
2026-04-13 02:16:16,28.6,61.0,19.1,53.7,0.0,0.0,0.0
2026-04-13 02:16:21,28.6,61.0,12.1,53.7,0.0,0.0,0.0
2026-04-13 02:16:26,28.7,61.0,21.1,53.7,0.0,0.0,0.0
2026-04-13 02:16:31,28.7,61.0,11.2,53.7,0.0,0.0,0.0
2026-04-13 02:16:36,28.7,61.2,23.6,53.7,0.0,0.0,0.0
2026-04-13 02:16:41,28.6,61.1,0.2,53.7,0.0,0.0,0.0
2026-04-13 02:16:46,28.6,61.1,10.1,53.7,0.0,0.0,0.0
2026-04-13 02:16:51,28.5,61.1,8.2,53.7,0.0,0.0,0.0
2026-04-13 02:16:56,28.8,61.2,21.8,53.7,0.0,0.0,0.0
2026-04-13 02:17:01,28.5,61.2,24.6,53.7,0.0,0.0,0.0
2026-04-13 02:17:06,28.7,61.1,14.1,53.7,0.0,0.0,0.0
2026-04-13 02:17:11,28.8,61.2,14.5,53.7,0.0,0.0,0.0
2026-04-13 02:17:16,28.6,61.3,18.5,53.7,0.0,0.0,0.0
2026-04-13 02:17:21,28.5,61.2,27.4,53.6,0.0,0.0,0.0
2026-04-13 02:17:26,28.5,61.1,14.4,53.6,0.0,0.0,0.0
2026-04-13 02:17:31,28.6,61.1,17.4,53.6,0.0,0.0,0.0
2026-04-13 02:17:36,28.6,61.0,0.6,53.7,0.0,0.0,0.0
2026-04-13 02:17:41,28.5,61.1,19.6,53.7,0.0,0.0,0.0
2026-04-13 02:17:46,28.7,61.2,11.6,53.7,0.0,0.0,0.0
2026-04-13 02:17:51,28.6,61.0,3.5,53.7,0.0,0.0,0.0
2026-04-13 02:17:56,28.7,61.1,0.0,53.7,0.0,0.0,0.0
2026-04-13 02:18:01,28.6,61.1,26.6,53.7,0.0,0.0,0.0
2026-04-13 02:18:06,28.6,61.2,15.1,53.7,0.0,0.0,0.0
2026-04-13 02:18:11,28.6,61.1,20.2,53.7,0.0,0.0,0.0
2026-04-13 02:18:16,28.7,61.1,5.0,53.7,0.0,0.0,0.0
2026-04-13 02:18:21,28.6,61.1,9.1,53.7,0.0,0.0,0.0
2026-04-13 02:18:26,28.7,61.1,32.4,53.7,0.0,0.0,0.0
2026-04-13 02:18:31,28.7,61.0,0.0,53.7,0.0,0.0,0.0
2026-04-13 02:18:36,28.6,61.1,5.8,53.7,0.0,0.0,0.0
2026-04-13 02:18:41,28.6,61.1,26.1,53.7,0.0,0.0,0.0
2026-04-13 02:18:46,28.7,61.1,8.4,53.7,0.0,0.0,0.0
2026-04-13 02:18:51,28.5,61.1,27.6,53.7,0.0,0.0,0.0
2026-04-13 02:18:56,28.6,61.2,8.7,53.7,0.0,0.0,0.0
2026-04-13 02:19:01,28.6,61.2,21.7,53.7,0.0,0.0,0.0
2026-04-13 02:19:06,28.6,61.2,2.5,53.7,0.0,0.0,0.0
2026-04-13 02:19:11,28.6,61.1,7.0,53.7,0.0,0.0,0.0
2026-04-13 02:19:16,28.6,61.1,5.8,53.6,0.0,0.0,0.0
2026-04-13 02:19:21,28.6,61.0,20.5,53.6,0.0,0.0,0.0
2026-04-13 02:19:26,28.6,60.9,26.1,53.7,0.0,0.0,0.0
2026-04-13 02:19:31,28.7,60.9,20.4,53.7,0.0,0.0,0.0
2026-04-13 02:19:36,28.8,60.9,13.4,53.7,0.0,0.0,0.0
2026-04-13 02:19:41,28.6,60.9,31.2,53.7,0.0,0.0,0.0
2026-04-13 02:19:46,28.5,60.9,7.5,53.7,0.0,0.0,0.0
2026-04-13 02:19:51,28.7,61.1,16.0,53.7,0.0,0.0,0.0
2026-04-13 02:19:56,28.6,61.2,15.8,53.7,0.0,0.0,0.0
2026-04-13 02:20:01,28.6,61.3,11.3,53.7,0.0,0.0,0.0
2026-04-13 02:20:06,28.6,61.3,24.8,53.7,0.0,0.0,0.0
2026-04-13 02:20:11,28.5,61.2,8.7,53.7,0.0,0.0,0.0
2026-04-13 02:20:16,28.7,61.3,23.1,53.7,0.0,0.0,0.0
2026-04-13 02:20:21,28.7,61.3,15.6,53.7,0.0,0.0,0.0
2026-04-13 02:20:26,28.5,61.5,12.1,53.7,0.0,0.0,0.0
2026-04-13 02:20:31,28.6,61.4,12.3,53.6,0.0,0.0,0.0
2026-04-13 02:20:36,28.6,61.4,22.2,53.6,0.0,0.0,0.0
2026-04-13 02:20:41,28.7,61.4,5.0,53.7,0.0,0.0,0.0
2026-04-13 02:20:46,28.5,61.4,24.3,53.7,0.0,0.0,0.0
2026-04-13 02:20:51,28.7,61.3,34.1,53.7,0.0,0.0,0.0
2026-04-13 02:20:56,28.6,61.2,22.3,53.7,0.0,0.0,0.0
2026-04-13 02:21:01,28.7,61.3,23.1,53.7,0.0,0.0,0.0
2026-04-13 02:21:06,28.7,61.2,28.3,53.7,0.0,0.0,0.0
2026-04-13 02:21:11,28.9,61.3,10.2,53.7,0.0,0.0,0.0
2026-04-13 02:21:16,28.6,61.3,15.4,53.7,0.0,0.0,0.0
2026-04-13 02:21:21,28.8,61.3,18.0,53.7,0.0,0.0,0.0
2026-04-13 02:21:26,28.7,61.2,13.4,53.7,0.0,0.0,0.0
2026-04-13 02:21:31,28.6,61.2,11.8,53.7,0.0,0.0,0.0
2026-04-13 02:21:36,28.7,61.2,5.7,53.7,0.0,0.0,0.0
2026-04-13 02:21:41,28.7,61.1,11.1,53.7,0.0,0.0,0.0
2026-04-13 02:21:46,28.6,61.1,3.0,53.7,0.0,0.0,0.0
2026-04-13 02:21:51,28.5,61.1,21.2,53.7,0.0,0.0,0.0
2026-04-13 02:21:56,28.5,61.1,12.1,53.7,0.0,0.0,0.0
2026-04-13 02:22:01,28.6,61.2,12.3,53.7,0.0,0.0,0.0
2026-04-13 02:22:06,28.7,61.1,15.1,53.7,0.0,0.0,0.0
2026-04-13 02:22:11,28.5,61.1,11.3,53.7,0.0,0.0,0.0
2026-04-13 02:22:16,28.6,61.0,5.2,53.7,0.0,0.0,0.0
2026-04-13 02:22:21,28.6,61.1,22.0,53.7,0.0,0.0,0.0
2026-04-13 02:22:26,28.8,61.0,13.8,53.7,0.0,0.0,0.0
2026-04-13 02:22:31,28.6,60.9,23.3,53.7,0.0,0.0,0.0
2026-04-13 02:22:36,28.6,61.1,8.8,53.7,0.0,0.0,0.0
2026-04-13 02:22:41,28.7,61.0,23.9,53.7,0.0,0.0,0.0
2026-04-13 02:22:46,28.7,61.0,18.4,53.7,0.0,0.0,0.0
2026-04-13 02:22:51,28.7,61.0,15.9,53.7,0.0,0.0,0.0
2026-04-13 02:22:56,28.6,60.9,22.2,53.7,0.0,0.0,0.0
2026-04-13 02:23:01,28.7,60.9,10.7,53.7,0.0,0.0,0.0
2026-04-13 02:23:06,28.8,60.9,30.5,53.7,0.0,0.0,0.0
2026-04-13 02:23:11,28.8,60.9,29.6,53.7,0.0,0.0,0.0
2026-04-13 02:23:16,28.6,60.9,16.8,53.7,0.0,0.0,0.0
2026-04-13 02:23:21,28.7,60.9,14.0,53.7,0.0,0.0,0.0
2026-04-13 02:23:26,28.7,61.0,28.2,53.7,0.0,0.0,0.0
2026-04-13 02:23:31,28.7,60.9,10.5,53.7,0.0,0.0,0.0
2026-04-13 02:23:36,28.6,61.0,35.9,53.7,0.0,0.0,0.0
2026-04-13 02:23:41,28.6,61.0,2.8,53.7,0.0,0.0,0.0
2026-04-13 02:23:46,28.7,61.0,5.7,53.7,0.0,0.0,0.0
2026-04-13 02:23:51,28.7,60.9,27.6,53.7,0.0,0.0,0.0
2026-04-13 02:23:56,28.9,60.8,41.5,53.7,0.0,0.0,0.0
2026-04-13 02:24:01,28.5,60.8,15.7,53.7,0.0,0.0,0.0
2026-04-13 02:24:06,28.8,60.9,31.6,53.7,0.0,0.0,0.0
2026-04-13 02:24:11,28.6,60.8,13.0,53.7,0.0,0.0,0.0
2026-04-13 02:24:16,28.5,60.8,0.0,53.7,0.0,0.0,0.0
2026-04-13 02:24:21,28.8,60.8,18.1,53.7,0.0,0.0,0.0
2026-04-13 02:24:26,28.6,60.9,15.3,53.7,0.0,0.0,0.0
2026-04-13 02:24:31,28.7,60.7,12.6,53.7,0.0,0.0,0.0
2026-04-13 02:24:36,28.5,60.7,9.9,53.7,0.0,0.0,0.0
2026-04-13 02:24:41,28.7,60.9,23.6,53.7,0.0,0.0,0.0
2026-04-13 02:24:46,28.7,60.8,21.8,53.7,0.0,0.0,0.0
2026-04-13 02:24:51,28.6,60.8,14.7,53.7,0.0,0.0,0.0
2026-04-13 02:24:56,28.7,60.9,17.2,53.7,0.0,0.0,0.0
2026-04-13 02:25:01,28.7,61.0,33.3,53.7,0.0,0.0,0.0
2026-04-13 02:25:06,28.6,61.0,17.1,53.7,0.0,0.0,0.0
2026-04-13 02:25:11,28.8,61.0,18.4,53.7,0.0,0.0,0.0
2026-04-13 02:25:16,28.7,60.9,14.8,53.7,0.0,0.0,0.0
2026-04-13 02:25:21,28.8,60.9,8.9,53.7,0.0,0.0,0.0
2026-04-13 02:25:26,28.6,60.9,2.5,53.7,0.0,0.0,0.0
2026-04-13 02:25:31,28.5,60.9,9.6,53.7,0.0,0.0,0.0
2026-04-13 02:25:36,28.6,60.8,15.6,53.7,0.0,0.0,0.0
2026-04-13 02:25:41,28.6,60.8,13.2,53.7,0.0,0.0,0.0
2026-04-13 02:25:46,28.6,60.7,19.9,53.7,0.0,0.0,0.0
2026-04-13 02:25:51,28.8,60.8,0.0,53.7,0.0,0.0,0.0
2026-04-13 02:25:56,28.7,60.7,0.4,53.7,0.0,0.0,0.0
2026-04-13 02:26:01,28.6,60.7,21.1,53.7,0.0,0.0,0.0
2026-04-13 02:26:06,28.8,60.7,25.8,53.7,0.0,0.0,0.0
2026-04-13 02:26:11,28.7,60.6,25.8,53.7,0.0,0.0,0.0
2026-04-13 02:26:16,28.7,60.6,3.6,53.7,0.0,0.0,0.0
2026-04-13 02:26:21,28.7,60.4,14.9,53.7,0.0,0.0,0.0
2026-04-13 02:26:26,28.6,60.3,12.7,53.7,0.0,0.0,0.0
2026-04-13 02:26:31,28.6,60.3,31.1,53.7,0.0,0.0,0.0
2026-04-13 02:26:36,28.8,60.4,19.0,53.7,0.0,0.0,0.0
2026-04-13 02:26:41,28.8,60.3,31.6,53.7,0.0,0.0,0.0
2026-04-13 02:26:46,28.7,60.3,12.9,53.7,0.0,0.0,0.0
2026-04-13 02:26:51,28.7,60.3,0.0,53.7,0.0,0.0,0.0
2026-04-13 02:26:56,28.6,60.3,21.0,53.7,0.0,0.0,0.0
2026-04-13 02:27:01,28.8,60.3,20.4,53.7,0.0,0.0,0.0
2026-04-13 02:27:06,28.7,60.2,20.3,53.7,0.0,0.0,0.0
2026-04-13 02:27:11,28.7,60.4,9.3,53.7,0.0,0.0,0.0
2026-04-13 02:27:16,28.7,60.4,0.0,53.7,0.0,0.0,0.0
2026-04-13 02:27:21,28.8,60.5,9.2,53.7,0.0,0.0,0.0
2026-04-13 02:27:26,28.7,60.4,0.2,53.7,0.0,0.0,0.0
2026-04-13 02:27:31,28.5,60.4,27.2,53.7,0.0,0.0,0.0
2026-04-13 02:27:36,28.6,60.5,16.0,53.7,0.0,0.0,0.0
2026-04-13 02:27:41,28.6,60.4,6.2,53.7,0.0,0.0,0.0
2026-04-13 02:27:46,28.7,60.5,6.7,53.7,0.0,0.0,0.0
2026-04-13 02:27:51,28.6,60.5,7.1,53.7,0.0,0.0,0.0
2026-04-13 02:27:56,28.8,60.6,15.2,53.7,0.0,0.0,0.0
2026-04-13 02:28:01,28.6,60.6,14.2,53.7,0.0,0.0,0.0
2026-04-13 02:28:06,28.7,60.6,23.3,53.7,0.0,0.0,0.0
2026-04-13 02:28:11,28.7,60.6,0.0,53.6,0.0,0.0,0.0
2026-04-13 02:28:16,28.7,60.7,12.1,53.6,0.0,0.0,0.0
2026-04-13 02:28:21,28.7,60.6,16.9,53.6,0.0,0.0,0.0
2026-04-13 02:28:26,28.7,60.5,2.2,53.7,0.0,0.0,0.0
2026-04-13 02:28:31,28.8,60.6,15.9,53.7,0.0,0.0,0.0
2026-04-13 02:28:36,28.6,60.7,18.7,53.7,0.0,0.0,0.0
2026-04-13 02:28:41,28.8,60.7,8.6,53.7,0.0,0.0,0.0
2026-04-13 02:28:46,28.7,60.7,9.4,53.7,0.0,0.0,0.0
2026-04-13 02:28:51,28.6,60.7,13.8,53.6,0.0,0.0,0.0
2026-04-13 02:28:56,28.7,60.5,4.3,53.6,0.0,0.0,0.0
2026-04-13 02:29:01,28.5,60.5,4.6,53.6,0.0,0.0,0.0
2026-04-13 02:29:06,28.6,60.4,11.2,53.7,0.0,0.0,0.0
2026-04-13 02:29:11,28.6,60.3,25.5,53.7,0.0,0.0,0.0
2026-04-13 02:29:16,28.6,60.3,19.9,53.7,0.0,0.0,0.0
2026-04-13 02:29:21,28.8,60.1,2.3,53.7,0.0,0.0,0.0
2026-04-13 02:29:26,28.7,60.1,18.8,53.7,0.0,0.0,0.0
2026-04-13 02:29:31,28.7,60.1,21.1,53.7,0.0,0.0,0.0
2026-04-13 02:29:36,28.8,60.2,10.5,53.7,0.0,0.0,0.0
2026-04-13 02:29:41,28.8,60.1,6.1,53.7,0.0,0.0,0.0
2026-04-13 02:29:46,28.8,60.2,0.0,53.7,0.0,0.0,0.0
2026-04-13 02:29:51,28.6,60.3,29.1,53.7,0.0,0.0,0.0
2026-04-13 02:29:56,28.6,60.2,17.3,53.7,0.0,0.0,0.0
2026-04-13 02:30:01,28.7,60.4,17.7,53.7,0.0,0.0,0.0
2026-04-13 02:30:06,28.7,60.4,15.4,53.7,0.0,0.0,0.0
2026-04-13 02:30:11,28.5,60.3,0.0,53.7,0.0,0.0,0.0
2026-04-13 02:30:16,28.7,60.3,21.4,53.7,0.0,0.0,0.0
2026-04-13 02:30:21,28.5,60.4,0.0,53.7,0.0,0.0,0.0
2026-04-13 02:30:26,28.6,60.4,7.3,53.7,0.0,0.0,0.0
2026-04-13 02:30:31,28.6,60.3,20.4,53.7,0.0,0.0,0.0
2026-04-13 02:30:36,28.7,60.3,2.4,53.6,0.0,0.0,0.0
2026-04-13 02:30:41,28.5,60.4,1.4,53.6,0.0,0.0,0.0
2026-04-13 02:30:46,28.6,60.4,8.3,53.6,0.0,0.0,0.0
2026-04-13 02:30:51,28.8,60.6,27.8,53.7,0.0,0.0,0.0
2026-04-13 02:30:56,28.7,60.5,31.4,53.7,0.0,0.0,0.0
2026-04-13 02:31:01,28.7,60.5,13.4,53.7,0.0,0.0,0.0
2026-04-13 02:31:06,28.8,60.4,17.2,53.7,0.0,0.0,0.0
2026-04-13 02:31:11,28.5,60.4,7.1,53.7,0.0,0.0,0.0
2026-04-13 02:31:16,28.8,60.3,0.8,53.7,0.0,0.0,0.0
2026-04-13 02:31:21,28.9,60.3,12.6,53.7,0.0,0.0,0.0
2026-04-13 02:31:26,28.7,60.4,10.2,53.7,0.0,0.0,0.0
2026-04-13 02:31:31,28.8,60.6,25.8,53.7,0.0,0.0,0.0
2026-04-13 02:31:36,28.6,60.6,24.6,53.7,0.0,0.0,0.0
2026-04-13 02:31:41,28.7,60.6,22.0,53.7,0.0,0.0,0.0
2026-04-13 02:31:46,28.6,60.5,29.4,53.7,0.0,0.0,0.0
2026-04-13 02:31:51,28.8,60.5,28.3,53.7,0.0,0.0,0.0
2026-04-13 02:31:56,28.7,60.6,20.1,53.6,0.0,0.0,0.0
2026-04-13 02:32:01,28.8,60.5,26.9,53.6,0.0,0.0,0.0
2026-04-13 02:32:06,28.7,60.6,32.8,53.7,0.0,0.0,0.0
2026-04-13 02:32:11,28.5,60.6,17.4,53.7,0.0,0.0,0.0
2026-04-13 02:32:16,28.7,60.7,21.7,53.7,0.0,0.0,0.0
2026-04-13 02:32:21,28.7,60.7,0.9,53.7,0.0,0.0,0.0
2026-04-13 02:32:26,28.7,60.6,0.0,53.7,0.0,0.0,0.0
2026-04-13 02:32:31,28.8,60.7,9.4,53.7,0.0,0.0,0.0
2026-04-13 02:32:36,28.7,60.6,15.0,53.7,0.0,0.0,0.0
2026-04-13 02:32:41,28.8,60.7,15.6,53.7,0.0,0.0,0.0
2026-04-13 02:32:46,28.7,60.8,4.9,53.7,0.0,0.0,0.0
2026-04-13 02:32:51,28.7,60.9,29.2,53.6,0.0,0.0,0.0
2026-04-13 02:32:56,28.6,60.9,19.4,53.6,0.0,0.0,0.0
2026-04-13 02:33:01,28.8,60.9,15.3,53.7,0.0,0.0,0.0
2026-04-13 02:33:06,28.8,60.9,3.6,53.7,0.0,0.0,0.0
2026-04-13 02:33:11,28.8,60.8,23.8,53.6,0.0,0.0,0.0
2026-04-13 02:33:16,28.7,60.8,6.2,53.6,0.0,0.0,0.0
2026-04-13 02:33:21,28.8,61.0,27.1,53.6,0.0,0.0,0.0
2026-04-13 02:33:26,28.6,60.8,12.6,53.7,0.0,0.0,0.0
2026-04-13 02:33:31,28.8,60.8,21.3,53.7,0.0,0.0,0.0
2026-04-13 02:33:36,28.7,60.7,13.2,53.7,0.0,0.0,0.0
2026-04-13 02:33:41,28.8,60.6,18.4,53.7,0.0,0.0,0.0
2026-04-13 02:33:46,28.8,60.7,0.9,53.7,0.0,0.0,0.0
2026-04-13 02:33:51,28.7,60.7,8.1,53.7,0.0,0.0,0.0
2026-04-13 02:33:56,29.0,60.7,4.0,53.7,0.0,0.0,0.0
2026-04-13 02:34:01,28.8,60.7,4.9,53.7,0.0,0.0,0.0
2026-04-13 02:34:06,28.9,60.7,11.4,53.7,0.0,0.0,0.0
2026-04-13 02:34:11,28.8,60.5,8.0,53.7,0.0,0.0,0.0
2026-04-13 02:34:16,28.7,60.7,24.3,53.7,0.0,0.0,0.0
2026-04-13 02:34:21,28.6,60.7,20.7,53.7,0.0,0.0,0.0
2026-04-13 02:34:26,28.7,60.8,14.7,53.7,0.0,0.0,0.0
2026-04-13 02:34:31,28.5,60.6,46.0,53.7,0.0,0.0,0.0
2026-04-13 02:34:36,28.7,60.6,0.0,53.7,0.0,0.0,0.0
2026-04-13 02:34:41,28.9,60.5,18.5,53.7,0.0,0.0,0.0
2026-04-13 02:34:46,28.8,60.6,11.0,53.7,0.0,0.0,0.0
2026-04-13 02:34:51,28.6,60.6,8.6,53.6,0.0,0.0,0.0
2026-04-13 02:34:56,28.8,60.7,13.0,53.6,0.0,0.0,0.0
2026-04-13 02:35:01,28.7,60.6,22.5,53.6,0.0,0.0,0.0
2026-04-13 02:35:06,28.6,60.6,15.1,53.7,0.0,0.0,0.0
2026-04-13 02:35:11,28.6,60.5,18.9,53.7,0.0,0.0,0.0
2026-04-13 02:35:16,28.8,60.5,2.5,53.7,0.0,0.0,0.0
2026-04-13 02:35:21,28.7,60.7,6.9,53.7,0.0,0.0,0.0
2026-04-13 02:35:26,28.7,60.6,18.6,53.7,0.0,0.0,0.0
2026-04-13 02:35:31,28.8,60.7,7.1,53.7,0.0,0.0,0.0
2026-04-13 02:35:36,28.7,60.7,17.7,53.7,0.0,0.0,0.0
2026-04-13 02:35:41,28.9,60.6,5.9,53.7,0.0,0.0,0.0
2026-04-13 02:35:46,28.7,60.6,22.2,53.7,0.0,0.0,0.0
2026-04-13 02:35:51,28.7,60.6,20.4,53.7,0.0,0.0,0.0
2026-04-13 02:35:56,28.7,60.6,5.8,53.7,0.0,0.0,0.0
2026-04-13 02:36:01,28.7,60.7,5.0,53.7,0.0,0.0,0.0
2026-04-13 02:36:06,28.8,60.5,12.1,53.7,0.0,0.0,0.0
2026-04-13 02:36:11,28.7,60.6,12.1,53.7,0.0,0.0,0.0
2026-04-13 02:36:16,28.8,60.5,11.2,53.7,0.0,0.0,0.0
2026-04-13 02:36:21,28.8,60.6,15.1,53.7,0.0,0.0,0.0
2026-04-13 02:36:26,28.9,60.5,24.5,53.7,0.0,0.0,0.0
2026-04-13 02:36:31,28.7,60.5,7.8,53.7,0.0,0.0,0.0
2026-04-13 02:36:36,28.7,60.4,24.1,53.7,0.0,0.0,0.0
2026-04-13 02:36:41,28.8,60.5,17.2,53.7,0.0,0.0,0.0
2026-04-13 02:36:46,28.7,60.5,19.3,53.7,0.0,0.0,0.0
2026-04-13 02:36:51,28.7,60.3,6.0,53.7,0.0,0.0,0.0
2026-04-13 02:36:56,28.8,60.3,16.7,53.7,0.0,0.0,0.0
2026-04-13 02:37:01,28.6,60.4,22.3,53.7,0.0,0.0,0.0
2026-04-13 02:37:06,28.7,60.4,34.3,53.7,0.0,0.0,0.0
2026-04-13 02:37:11,28.8,60.3,13.9,53.7,0.0,0.0,0.0
2026-04-13 02:37:16,28.8,60.3,21.9,53.7,0.0,0.0,0.0
2026-04-13 02:37:21,28.8,60.4,11.0,53.7,0.0,0.0,0.0
2026-04-13 02:37:26,28.8,60.4,2.0,53.7,0.0,0.0,0.0
2026-04-13 02:37:31,28.7,60.6,0.0,53.7,0.0,0.0,0.0
2026-04-13 02:37:36,28.8,60.7,12.3,53.7,0.0,0.0,0.0
2026-04-13 02:37:41,28.9,60.6,20.2,53.7,0.0,0.0,0.0
2026-04-13 02:37:46,28.9,60.5,23.1,53.7,0.0,0.0,0.0
2026-04-13 02:37:51,28.7,60.6,29.5,53.7,0.0,0.0,0.0
2026-04-13 02:37:56,28.8,60.6,24.9,53.7,0.0,0.0,0.0
2026-04-13 02:38:01,28.7,60.7,10.9,53.7,0.0,0.0,0.0
2026-04-13 02:38:06,28.8,60.7,33.9,53.7,0.0,0.0,0.0
2026-04-13 02:38:11,28.7,60.7,22.8,53.7,0.0,0.0,0.0
2026-04-13 02:38:16,28.8,60.7,15.6,53.7,0.0,0.0,0.0
2026-04-13 02:38:21,28.6,60.9,21.0,53.7,0.0,0.0,0.0
2026-04-13 02:38:26,28.7,60.8,12.6,53.7,0.0,0.0,0.0
2026-04-13 02:38:31,28.6,60.9,25.7,53.6,0.0,0.0,0.0
2026-04-13 02:38:36,28.6,60.9,27.5,53.6,0.0,0.0,0.0
2026-04-13 02:38:41,28.5,60.9,4.6,53.6,0.0,0.0,0.0
2026-04-13 02:38:46,28.8,60.8,13.2,53.6,0.0,0.0,0.0
2026-04-13 02:38:51,28.7,60.7,32.6,53.6,0.0,0.0,0.0
2026-04-13 02:38:56,28.7,60.6,29.1,53.6,0.0,0.0,0.0
2026-04-13 02:39:01,28.7,60.5,7.5,53.6,0.0,0.0,0.0
2026-04-13 02:39:06,28.7,60.5,16.4,53.6,0.0,0.0,0.0
2026-04-13 02:39:11,28.7,60.4,6.1,53.6,0.0,0.0,0.0
2026-04-13 02:39:16,28.7,60.4,19.2,53.6,0.0,0.0,0.0
2026-04-13 02:39:21,28.7,60.3,8.9,53.6,0.0,0.0,0.0
2026-04-13 02:39:26,28.6,60.4,4.7,53.6,0.0,0.0,0.0
2026-04-13 02:39:31,28.8,60.4,17.0,53.6,0.0,0.0,0.0
2026-04-13 02:39:36,28.7,60.4,20.6,53.6,0.0,0.0,0.0
2026-04-13 02:39:41,28.8,60.4,12.6,53.6,0.0,0.0,0.0
2026-04-13 02:39:46,28.7,60.4,27.8,53.6,0.0,0.0,0.0
2026-04-13 02:39:51,28.8,60.6,5.6,53.6,0.0,0.0,0.0
2026-04-13 02:39:56,28.8,60.5,12.8,53.6,0.0,0.0,0.0
2026-04-13 02:40:01,28.8,60.6,6.6,53.6,0.0,0.0,0.0
2026-04-13 02:40:06,28.9,60.5,2.1,53.6,0.0,0.0,0.0
2026-04-13 02:40:11,28.9,60.6,26.6,53.6,0.0,0.0,0.0
2026-04-13 02:40:16,29.0,60.5,0.7,53.6,0.0,0.0,0.0
2026-04-13 02:40:21,28.7,60.5,11.3,53.6,0.0,0.0,0.0
2026-04-13 02:40:26,28.8,60.5,16.5,53.7,0.0,0.0,0.0
2026-04-13 02:40:31,28.8,60.5,13.9,53.7,0.0,0.0,0.0
2026-04-13 02:40:36,28.8,60.5,16.6,53.7,0.0,0.0,0.0
2026-04-13 02:40:41,28.8,60.6,13.5,53.6,0.0,0.0,0.0
2026-04-13 02:40:46,28.6,60.5,13.0,53.6,0.0,0.0,0.0
2026-04-13 02:40:51,28.8,60.5,0.0,53.6,0.0,0.0,0.0
2026-04-13 02:40:56,28.8,60.5,23.2,53.6,0.0,0.0,0.0
2026-04-13 02:41:01,28.7,60.3,28.0,53.6,0.0,0.0,0.0
2026-04-13 02:41:06,28.7,60.3,2.0,53.6,0.0,0.0,0.0
2026-04-13 02:41:11,28.9,60.3,13.1,53.6,0.0,0.0,0.0
2026-04-13 02:41:16,28.9,60.3,5.8,53.6,0.0,0.0,0.0
2026-04-13 02:41:21,28.7,60.2,4.2,53.6,0.0,0.0,0.0
2026-04-13 02:41:26,28.8,60.4,19.8,53.6,0.0,0.0,0.0
2026-04-13 02:41:31,28.9,60.4,11.1,53.6,0.0,0.0,0.0
2026-04-13 02:41:36,28.8,60.4,23.9,53.6,0.0,0.0,0.0
2026-04-13 02:41:41,28.8,60.4,0.0,53.6,0.0,0.0,0.0
2026-04-13 02:41:46,28.9,60.3,0.0,53.6,0.0,0.0,0.0
2026-04-13 02:41:51,28.8,60.3,8.6,53.7,0.0,0.0,0.0
2026-04-13 02:41:56,28.8,60.4,14.5,53.7,0.0,0.0,0.0
2026-04-13 02:42:01,28.8,60.5,3.9,53.6,0.0,0.0,0.0
2026-04-13 02:42:06,28.7,60.5,4.3,53.6,0.0,0.0,0.0
2026-04-13 02:42:11,28.8,60.5,21.6,53.6,0.0,0.0,0.0
2026-04-13 02:42:16,28.7,60.5,22.6,53.6,0.0,0.0,0.0
2026-04-13 02:42:21,28.8,60.3,8.2,53.6,0.0,0.0,0.0
2026-04-13 02:42:26,28.7,60.4,14.9,53.6,0.0,0.0,0.0
2026-04-13 02:42:31,28.9,60.4,16.3,53.6,0.0,0.0,0.0
2026-04-13 02:42:36,28.9,60.5,19.6,53.6,0.0,0.0,0.0
2026-04-13 02:42:41,28.8,60.5,26.6,53.6,0.0,0.0,0.0
2026-04-13 02:42:46,28.8,60.5,32.3,53.6,0.0,0.0,0.0
2026-04-13 02:42:51,28.8,60.4,22.8,53.6,0.0,0.0,0.0
2026-04-13 02:42:56,28.7,60.5,17.6,53.6,0.0,0.0,0.0
2026-04-13 02:43:01,28.8,60.5,30.8,53.6,0.0,0.0,0.0
2026-04-13 02:43:06,28.7,60.5,18.0,53.6,0.0,0.0,0.0
2026-04-13 02:43:11,28.8,60.5,2.2,53.6,0.0,0.0,0.0
2026-04-13 02:43:16,28.7,60.4,13.1,53.6,0.0,0.0,0.0
2026-04-13 02:43:21,28.7,60.4,0.0,53.6,0.0,0.0,0.0
2026-04-13 02:43:26,28.6,60.4,19.6,53.6,0.0,0.0,0.0
2026-04-13 02:43:31,28.8,60.4,4.1,53.6,0.0,0.0,0.0
2026-04-13 02:43:36,28.9,60.5,5.7,53.6,0.0,0.0,0.0
2026-04-13 02:43:41,28.8,60.6,8.5,53.6,0.0,0.0,0.0
2026-04-13 02:43:46,28.9,60.7,26.5,53.6,0.0,0.0,0.0
2026-04-13 02:43:51,28.9,60.6,2.2,53.6,0.0,0.0,0.0
2026-04-13 02:43:56,28.8,60.6,0.0,53.6,0.0,0.0,0.0
2026-04-13 02:44:01,28.6,60.6,29.5,53.6,0.0,0.0,0.0
2026-04-13 02:44:06,28.7,60.6,0.0,53.6,0.0,0.0,0.0
2026-04-13 02:44:11,28.7,60.6,14.7,53.6,0.0,0.0,0.0
2026-04-13 02:44:16,28.9,60.6,12.3,53.6,0.0,0.0,0.0
2026-04-13 02:44:21,28.7,60.5,23.0,53.6,0.0,0.0,0.0
2026-04-13 02:44:26,28.8,60.4,13.5,53.6,0.0,0.0,0.0
2026-04-13 02:44:31,28.6,60.4,10.2,53.6,0.0,0.0,0.0
2026-04-13 02:44:36,28.8,60.3,6.7,53.6,0.0,0.0,0.0
2026-04-13 02:44:41,28.8,60.2,12.8,53.6,0.0,0.0,0.0
2026-04-13 02:44:46,28.8,60.3,15.8,53.6,0.0,0.0,0.0
2026-04-13 02:44:51,28.7,60.4,4.8,53.6,0.0,0.0,0.0
2026-04-13 02:44:56,28.7,60.4,10.3,53.6,0.0,0.0,0.0
2026-04-13 02:45:01,28.8,60.4,8.5,53.6,0.0,0.0,0.0
2026-04-13 02:45:06,28.7,60.5,14.1,53.6,0.0,0.0,0.0
2026-04-13 02:45:11,28.6,60.6,25.6,53.6,0.0,0.0,0.0
2026-04-13 02:45:16,28.7,60.5,23.2,53.6,0.0,0.0,0.0
2026-04-13 02:45:21,28.7,60.5,21.2,53.6,0.0,0.0,0.0
2026-04-13 02:45:26,28.7,60.4,7.3,53.6,0.0,0.0,0.0
2026-04-13 02:45:31,28.7,60.4,11.7,53.6,0.0,0.0,0.0
2026-04-13 02:45:36,28.7,60.3,17.0,53.6,0.0,0.0,0.0
2026-04-13 02:45:41,28.7,60.2,10.5,53.6,0.0,0.0,0.0
2026-04-13 02:45:46,28.8,60.3,19.2,53.6,0.0,0.0,0.0
2026-04-13 02:45:51,28.5,60.4,5.5,53.6,0.0,0.0,0.0
2026-04-13 02:45:56,28.5,60.4,30.9,53.6,0.0,0.0,0.0
2026-04-13 02:46:01,28.8,60.5,13.4,53.6,0.0,0.0,0.0
2026-04-13 02:46:06,28.9,60.4,18.8,53.6,0.0,0.0,0.0
2026-04-13 02:46:11,28.8,60.4,3.2,53.6,0.0,0.0,0.0
2026-04-13 02:46:16,28.7,60.4,16.1,53.6,0.0,0.0,0.0
2026-04-13 02:46:21,28.7,60.6,36.4,53.6,0.0,0.0,0.0
2026-04-13 02:46:26,28.8,60.6,5.2,53.7,0.0,0.0,0.0
2026-04-13 02:46:31,28.8,60.5,4.9,53.7,0.0,0.0,0.0
2026-04-13 02:46:36,28.7,60.5,1.0,53.7,0.0,0.0,0.0
2026-04-13 02:46:41,28.8,60.7,14.4,53.6,0.0,0.0,0.0
2026-04-13 02:46:46,28.7,60.7,29.7,53.6,0.0,0.0,0.0
2026-04-13 02:46:51,28.9,60.6,23.4,53.6,0.0,0.0,0.0
2026-04-13 02:46:56,28.8,60.6,6.7,53.6,0.0,0.0,0.0
2026-04-13 02:47:01,28.8,60.6,22.9,53.6,0.0,0.0,0.0
2026-04-13 02:47:06,28.8,60.6,33.5,53.6,0.0,0.0,0.0
2026-04-13 02:47:11,28.6,60.6,13.6,53.6,0.0,0.0,0.0
2026-04-13 02:47:16,28.6,60.6,2.1,53.6,0.0,0.0,0.0
2026-04-13 02:47:21,28.7,60.6,9.7,53.6,0.0,0.0,0.0
2026-04-13 02:47:26,28.7,60.6,16.0,53.6,0.0,0.0,0.0
2026-04-13 02:47:31,28.7,60.7,0.0,53.6,0.0,0.0,0.0
2026-04-13 02:47:36,28.7,60.6,21.3,53.6,0.0,0.0,0.0
2026-04-13 02:47:41,28.7,60.5,24.3,53.6,0.0,0.0,0.0
2026-04-13 02:47:46,28.7,60.5,7.7,53.6,0.0,0.0,0.0
2026-04-13 02:47:51,28.6,60.5,22.0,53.6,0.0,0.0,0.0
2026-04-13 02:47:56,28.7,60.6,18.9,53.6,0.0,0.0,0.0
2026-04-13 02:48:01,28.7,60.5,19.3,53.6,0.0,0.0,0.0
2026-04-13 02:48:06,28.8,60.5,1.3,53.6,0.0,0.0,0.0
2026-04-13 02:48:11,28.6,60.5,26.3,53.6,0.0,0.0,0.0
2026-04-13 02:48:16,28.6,60.7,8.4,53.6,0.0,0.0,0.0
2026-04-13 02:48:21,28.8,60.6,14.3,53.6,0.0,0.0,0.0
2026-04-13 02:48:26,28.8,60.6,31.4,53.6,0.0,0.0,0.0
2026-04-13 02:48:31,28.6,60.5,15.5,53.6,0.0,0.0,0.0
2026-04-13 02:48:36,28.6,60.3,5.6,53.6,0.0,0.0,0.0
2026-04-13 02:48:41,28.7,60.4,23.3,53.7,0.0,0.0,0.0
2026-04-13 02:48:46,28.8,60.4,28.4,53.7,0.0,0.0,0.0
2026-04-13 02:48:51,28.9,60.5,12.2,53.7,0.0,0.0,0.0
2026-04-13 02:48:56,28.7,60.5,0.0,53.7,0.0,0.0,0.0
2026-04-13 02:49:01,28.6,60.4,5.6,53.7,0.0,0.0,0.0
2026-04-13 02:49:06,28.6,60.4,21.0,53.7,0.0,0.0,0.0
2026-04-13 02:49:11,28.8,60.4,23.0,53.7,0.0,0.0,0.0
2026-04-13 02:49:16,28.8,60.2,15.2,53.7,0.0,0.0,0.0
2026-04-13 02:49:21,28.7,60.3,1.9,53.7,0.0,0.0,0.0
2026-04-13 02:49:26,28.8,60.2,9.0,53.7,0.0,0.0,0.0
2026-04-13 02:49:31,28.8,60.3,10.3,53.7,0.0,0.0,0.0
2026-04-13 02:49:36,28.9,60.4,22.7,53.7,0.0,0.0,0.0
2026-04-13 02:49:41,28.7,60.3,34.6,53.7,0.0,0.0,0.0
2026-04-13 02:49:46,28.7,60.3,22.0,53.6,0.0,0.0,0.0
2026-04-13 02:49:51,28.7,60.4,14.1,53.6,0.0,0.0,0.0
2026-04-13 02:49:56,28.7,60.4,43.8,53.6,0.0,0.0,0.0
2026-04-13 02:50:01,28.8,60.4,14.7,53.6,0.0,0.0,0.0
2026-04-13 02:50:06,28.7,60.6,11.7,53.7,0.0,0.0,0.0
2026-04-13 02:50:11,28.8,60.5,14.0,53.7,0.0,0.0,0.0
2026-04-13 02:50:16,28.6,60.6,2.0,53.6,0.0,0.0,0.0
2026-04-13 02:50:21,28.9,60.5,19.8,53.6,0.0,0.0,0.0
2026-04-13 02:50:26,28.6,60.6,15.2,53.6,0.0,0.0,0.0
2026-04-13 02:50:31,28.7,60.6,34.7,53.6,0.0,0.0,0.0
2026-04-13 02:50:36,28.7,60.5,3.0,53.6,0.0,0.0,0.0
2026-04-13 02:50:41,28.7,60.6,9.7,53.6,0.0,0.0,0.0
2026-04-13 02:50:46,28.8,60.4,10.3,53.6,0.0,0.0,0.0
2026-04-13 02:50:51,28.6,60.5,30.2,53.6,0.0,0.0,0.0
2026-04-13 02:50:56,28.7,60.6,0.5,53.6,0.0,0.0,0.0
2026-04-13 02:51:01,28.8,60.6,14.4,53.6,0.0,0.0,0.0
2026-04-13 02:51:06,28.7,60.4,19.0,53.6,0.0,0.0,0.0
2026-04-13 02:51:11,28.8,60.5,10.6,53.7,0.0,0.0,0.0
2026-04-13 02:51:16,28.7,60.4,12.9,53.7,0.0,0.0,0.0
2026-04-13 02:51:21,28.7,60.6,8.3,53.7,0.0,0.0,0.0
2026-04-13 02:51:26,28.7,60.5,21.1,53.7,0.0,0.0,0.0
2026-04-13 02:51:31,28.8,60.5,17.1,53.6,0.0,0.0,0.0
2026-04-13 02:51:36,28.8,60.6,0.0,53.6,0.0,0.0,0.0
2026-04-13 02:51:41,28.7,60.6,4.9,53.6,0.0,0.0,0.0
2026-04-13 02:51:46,28.9,60.6,15.0,53.6,0.0,0.0,0.0
2026-04-13 02:51:51,28.8,60.5,17.1,53.6,0.0,0.0,0.0
2026-04-13 02:51:56,28.7,60.7,0.0,53.6,0.0,0.0,0.0
2026-04-13 02:52:01,28.8,60.7,33.6,53.6,0.0,0.0,0.0
2026-04-13 02:52:06,28.8,60.6,0.4,53.6,0.0,0.0,0.0
2026-04-13 02:52:11,28.8,60.7,9.9,53.7,0.0,0.0,0.0
2026-04-13 02:52:16,28.6,60.6,6.7,53.7,0.0,0.0,0.0
2026-04-13 02:52:21,28.6,60.6,14.5,53.7,0.0,0.0,0.0
2026-04-13 02:52:26,28.8,60.6,24.8,53.7,0.0,0.0,0.0
2026-04-13 02:52:31,28.8,60.5,33.0,53.7,0.0,0.0,0.0
2026-04-13 02:52:36,28.6,60.5,0.9,53.7,0.0,0.0,0.0
2026-04-13 02:52:41,28.8,60.3,0.4,53.7,0.0,0.0,0.0
2026-04-13 02:52:46,28.7,60.4,14.9,53.7,0.0,0.0,0.0
2026-04-13 02:52:51,28.7,60.4,18.3,53.7,0.0,0.0,0.0
2026-04-13 02:52:56,28.9,60.5,0.0,53.7,0.0,0.0,0.0
2026-04-13 02:53:01,28.7,60.5,19.9,53.7,0.0,0.0,0.0
2026-04-13 02:53:06,28.8,60.5,36.2,53.7,0.0,0.0,0.0
2026-04-13 02:53:11,28.8,60.4,19.4,53.7,0.0,0.0,0.0
2026-04-13 02:53:16,28.6,60.5,13.8,53.7,0.0,0.0,0.0
2026-04-13 02:53:21,28.7,60.6,11.2,53.6,0.0,0.0,0.0
2026-04-13 02:53:26,28.8,60.5,0.0,53.6,0.0,0.0,0.0
2026-04-13 02:53:31,28.7,60.5,23.6,53.6,0.0,0.0,0.0
2026-04-13 02:53:36,28.6,60.5,8.0,53.6,0.0,0.0,0.0
2026-04-13 02:53:41,28.7,60.5,7.1,53.7,0.0,0.0,0.0
2026-04-13 02:53:46,28.7,60.5,26.2,53.7,0.0,0.0,0.0
2026-04-13 02:53:51,28.8,60.7,8.8,53.7,0.0,0.0,0.0
2026-04-13 02:53:56,28.6,60.7,17.1,53.7,0.0,0.0,0.0
2026-04-13 02:54:01,28.8,60.9,27.4,53.7,0.0,0.0,0.0
2026-04-13 02:54:06,28.6,61.0,4.5,53.7,0.0,0.0,0.0
2026-04-13 02:54:11,28.8,61.0,20.6,53.7,0.0,0.0,0.0
2026-04-13 02:54:16,28.7,60.9,4.6,53.7,0.0,0.0,0.0
2026-04-13 02:54:21,28.7,61.0,15.4,53.7,0.0,0.0,0.0
2026-04-13 02:54:26,28.8,61.1,28.8,53.6,0.0,0.0,0.0
2026-04-13 02:54:31,28.7,60.9,24.1,53.6,0.0,0.0,0.0
2026-04-13 02:54:36,28.6,60.8,23.9,53.6,0.0,0.0,0.0
2026-04-13 02:54:41,28.6,60.8,9.3,53.7,0.0,0.0,0.0
2026-04-13 02:54:46,28.6,60.5,33.9,53.7,0.0,0.0,0.0
2026-04-13 02:54:51,28.7,60.5,11.1,53.7,0.0,0.0,0.0
2026-04-13 02:54:56,28.8,60.4,13.3,53.7,0.0,0.0,0.0
2026-04-13 02:55:01,28.8,60.4,8.3,53.7,0.0,0.0,0.0
2026-04-13 02:55:06,28.6,60.4,25.3,53.7,0.0,0.0,0.0
2026-04-13 02:55:11,28.7,60.4,29.2,53.6,0.0,0.0,0.0
2026-04-13 02:55:16,28.6,60.4,34.7,53.6,0.0,0.0,0.0
2026-04-13 02:55:21,28.8,60.3,19.5,53.6,0.0,0.0,0.0
2026-04-13 02:55:26,28.7,60.4,16.4,53.6,0.0,0.0,0.0
2026-04-13 02:55:31,28.7,60.4,23.7,53.7,0.0,0.0,0.0
2026-04-13 02:55:36,28.6,60.4,13.7,53.7,0.0,0.0,0.0
2026-04-13 02:55:41,28.6,60.4,6.5,53.7,0.0,0.0,0.0
2026-04-13 02:55:46,28.8,60.5,7.1,53.7,0.0,0.0,0.0
2026-04-13 02:55:51,28.8,60.5,0.0,53.7,0.0,0.0,0.0
2026-04-13 02:55:56,28.7,60.5,22.2,53.7,0.0,0.0,0.0
2026-04-13 02:56:01,28.7,60.6,46.7,53.7,0.0,0.0,0.0
2026-04-13 02:56:06,28.7,60.5,12.2,53.7,0.0,0.0,0.0
2026-04-13 02:56:11,28.7,60.5,11.4,53.7,0.0,0.0,0.0
2026-04-13 02:56:16,28.7,60.5,8.1,53.7,0.0,0.0,0.0
2026-04-13 02:56:21,28.7,60.5,11.0,53.7,0.0,0.0,0.0
2026-04-13 02:56:26,28.8,60.5,4.2,53.7,0.0,0.0,0.0
2026-04-13 02:56:31,28.7,60.6,0.0,53.7,0.0,0.0,0.0
2026-04-13 02:56:36,28.7,60.4,1.8,53.7,0.0,0.0,0.0
2026-04-13 02:56:41,28.6,60.3,4.4,53.7,0.0,0.0,0.0
2026-04-13 02:56:46,28.7,60.2,27.8,53.7,0.0,0.0,0.0
2026-04-13 02:56:51,28.7,60.3,15.5,53.7,0.0,0.0,0.0
2026-04-13 02:56:56,28.6,60.4,18.4,53.7,0.0,0.0,0.0
2026-04-13 02:57:01,28.8,60.2,18.2,53.7,0.0,0.0,0.0
2026-04-13 02:57:06,28.6,60.1,15.4,53.7,0.0,0.0,0.0
2026-04-13 02:57:11,28.7,60.0,4.3,53.7,0.0,0.0,0.0
2026-04-13 02:57:16,28.7,60.2,10.1,53.7,0.0,0.0,0.0
2026-04-13 02:57:21,28.7,60.2,13.7,53.7,0.0,0.0,0.0
2026-04-13 02:57:26,28.8,60.2,26.5,53.7,0.0,0.0,0.0
2026-04-13 02:57:31,28.8,60.2,5.1,53.7,0.0,0.0,0.0
2026-04-13 02:57:36,28.8,60.3,13.8,53.7,0.0,0.0,0.0
2026-04-13 02:57:41,28.7,60.3,20.8,53.7,0.0,0.0,0.0
2026-04-13 02:57:46,28.7,60.3,9.8,53.7,0.0,0.0,0.0
2026-04-13 02:57:51,28.9,60.2,19.5,53.7,0.0,0.0,0.0
2026-04-13 02:57:56,28.8,60.2,12.7,53.7,0.0,0.0,0.0
2026-04-13 02:58:01,28.8,60.3,23.6,53.7,0.0,0.0,0.0
2026-04-13 02:58:06,28.6,60.3,0.0,53.7,0.0,0.0,0.0
2026-04-13 02:58:11,28.8,60.3,22.0,53.7,0.0,0.0,0.0
2026-04-13 02:58:16,28.6,60.3,2.2,53.7,0.0,0.0,0.0
2026-04-13 02:58:21,28.8,60.5,31.9,53.7,0.0,0.0,0.0
2026-04-13 02:58:26,28.7,60.6,0.0,53.8,0.0,0.0,0.0
2026-04-13 02:58:31,28.7,60.6,10.2,53.8,0.0,0.0,0.0
2026-04-13 02:58:36,28.8,60.6,14.8,53.8,0.0,0.0,0.0
2026-04-13 02:58:41,28.9,60.5,8.4,53.7,0.0,0.0,0.0
2026-04-13 02:58:46,28.6,60.5,20.1,53.7,0.0,0.0,0.0
2026-04-13 02:58:51,28.8,60.6,3.9,53.7,0.0,0.0,0.0
2026-04-13 02:58:56,28.7,60.6,17.1,53.7,0.0,0.0,0.0
2026-04-13 02:59:01,28.8,60.6,7.2,53.7,0.0,0.0,0.0
2026-04-13 02:59:06,28.8,60.6,27.2,53.7,0.0,0.0,0.0
2026-04-13 02:59:11,28.7,60.6,26.5,53.7,0.0,0.0,0.0
2026-04-13 02:59:16,28.8,60.6,21.5,53.7,0.0,0.0,0.0
2026-04-13 02:59:21,28.7,60.7,0.0,53.7,0.0,0.0,0.0
2026-04-13 02:59:26,28.7,60.7,1.3,53.7,0.0,0.0,0.0
2026-04-13 02:59:31,28.6,60.7,4.8,53.7,0.0,0.0,0.0
2026-04-13 02:59:36,28.8,60.7,11.1,53.7,0.0,0.0,0.0
2026-04-13 02:59:41,28.7,60.7,7.5,53.7,0.0,0.0,0.0
2026-04-13 02:59:46,28.7,60.7,20.5,53.7,0.0,0.0,0.0
2026-04-13 02:59:51,28.9,60.7,5.7,53.7,0.0,0.0,0.0
2026-04-13 02:59:56,28.7,60.7,10.3,53.7,0.0,0.0,0.0
2026-04-13 03:00:01,28.8,60.7,25.5,53.7,0.0,0.0,0.0
2026-04-13 03:00:06,28.8,60.6,8.8,53.7,0.0,0.0,0.0
2026-04-13 03:00:11,28.6,60.5,17.0,53.7,0.0,0.0,0.0
2026-04-13 03:00:16,28.7,60.5,0.0,53.7,0.0,0.0,0.0
2026-04-13 03:00:21,28.8,60.6,22.5,53.7,0.0,0.0,0.0
2026-04-13 03:00:26,28.7,60.7,10.1,53.7,0.0,0.0,0.0
2026-04-13 03:00:31,28.8,60.7,22.1,53.7,0.0,0.0,0.0
2026-04-13 03:00:36,28.8,60.7,18.6,53.7,0.0,0.0,0.0
2026-04-13 03:00:41,28.8,60.6,13.0,53.7,0.0,0.0,0.0
2026-04-13 03:00:46,28.7,60.6,4.0,53.7,0.0,0.0,0.0
2026-04-13 03:00:51,28.7,60.6,0.7,53.7,0.0,0.0,0.0
2026-04-13 03:00:56,28.8,60.7,10.4,53.7,0.0,0.0,0.0
2026-04-13 03:01:01,28.7,60.9,2.3,53.7,0.0,0.0,0.0
2026-04-13 03:01:06,28.7,60.9,16.5,53.7,0.0,0.0,0.0
2026-04-13 03:01:11,28.6,60.8,9.3,53.7,0.0,0.0,0.0
2026-04-13 03:01:16,28.6,60.8,27.0,53.7,0.0,0.0,0.0
2026-04-13 03:01:21,28.7,60.8,9.8,53.7,0.0,0.0,0.0
2026-04-13 03:01:26,28.7,60.8,0.0,53.7,0.0,0.0,0.0
2026-04-13 03:01:31,28.8,60.7,0.0,53.7,0.0,0.0,0.0
2026-04-13 03:01:36,28.7,60.8,0.0,53.7,0.0,0.0,0.0
2026-04-13 03:01:41,28.6,60.8,0.0,53.7,0.0,0.0,0.0
2026-04-13 03:01:46,28.7,60.9,10.5,53.7,0.0,0.0,0.0
2026-04-13 03:01:51,28.8,60.8,2.2,53.7,0.0,0.0,0.0
2026-04-13 03:01:56,28.7,60.8,19.6,53.7,0.0,0.0,0.0
2026-04-13 03:02:01,28.7,60.9,11.2,53.7,0.0,0.0,0.0
2026-04-13 03:02:06,28.7,60.9,28.0,53.7,0.0,0.0,0.0
2026-04-13 03:02:11,28.9,60.9,21.8,53.7,0.0,0.0,0.0
2026-04-13 03:02:16,28.7,61.0,23.6,53.7,0.0,0.0,0.0
2026-04-13 03:02:21,28.8,61.0,13.0,53.7,0.0,0.0,0.0
2026-04-13 03:02:26,28.8,61.1,18.8,53.7,0.0,0.0,0.0
2026-04-13 03:02:31,28.7,61.0,9.1,53.7,0.0,0.0,0.0
2026-04-13 03:02:36,28.6,61.0,9.4,53.7,0.0,0.0,0.0
2026-04-13 03:02:41,28.8,61.1,23.2,53.7,0.0,0.0,0.0
2026-04-13 03:02:46,28.8,61.1,0.0,53.7,0.0,0.0,0.0
2026-04-13 03:02:51,28.7,61.0,14.2,53.7,0.0,0.0,0.0
2026-04-13 03:02:56,28.7,60.9,16.7,53.7,0.0,0.0,0.0
2026-04-13 03:03:01,28.7,60.8,18.7,53.7,0.0,0.0,0.0
2026-04-13 03:03:06,28.8,60.7,17.8,53.7,0.0,0.0,0.0
2026-04-13 03:03:11,28.7,60.6,7.6,53.7,0.0,0.0,0.0
2026-04-13 03:03:16,28.7,60.6,16.5,53.7,0.0,0.0,0.0
2026-04-13 03:03:21,28.8,60.5,3.8,53.7,0.0,0.0,0.0
2026-04-13 03:03:26,28.8,60.5,16.0,53.7,0.0,0.0,0.0
2026-04-13 03:03:31,28.9,60.5,13.2,53.7,0.0,0.0,0.0
2026-04-13 03:03:36,28.6,60.5,27.4,53.7,0.0,0.0,0.0
2026-04-13 03:03:41,28.7,60.5,0.0,53.7,0.0,0.0,0.0
2026-04-13 03:03:46,28.8,60.5,8.9,53.7,0.0,0.0,0.0
2026-04-13 03:03:51,28.7,60.6,7.9,53.7,0.0,0.0,0.0
2026-04-13 03:03:56,28.9,60.6,23.1,53.7,0.0,0.0,0.0
2026-04-13 03:04:01,28.7,60.7,18.6,53.7,0.0,0.0,0.0
2026-04-13 03:04:06,28.7,60.7,20.0,53.7,0.0,0.0,0.0
2026-04-13 03:04:11,28.6,60.7,12.0,53.7,0.0,0.0,0.0
2026-04-13 03:04:16,28.6,60.8,9.4,53.7,0.0,0.0,0.0
2026-04-13 03:04:21,28.6,60.7,27.3,53.7,0.0,0.0,0.0
2026-04-13 03:04:26,28.8,60.8,16.4,53.7,0.0,0.0,0.0
2026-04-13 03:04:31,28.9,60.7,8.3,53.7,0.0,0.0,0.0
2026-04-13 03:04:36,28.7,60.6,21.6,53.8,0.0,0.0,0.0
2026-04-13 03:04:41,28.7,60.6,24.4,53.8,0.0,0.0,0.0
2026-04-13 03:04:46,28.7,60.7,16.0,53.8,0.0,0.0,0.0
2026-04-13 03:04:51,28.8,60.7,12.1,53.8,0.0,0.0,0.0
2026-04-13 03:04:56,28.7,60.8,23.9,53.8,0.0,0.0,0.0
2026-04-13 03:05:01,28.6,60.9,28.3,53.8,0.0,0.0,0.0
2026-04-13 03:05:06,28.7,60.9,21.3,53.8,0.0,0.0,0.0
2026-04-13 03:05:11,28.6,61.0,6.0,53.8,0.0,0.0,0.0
2026-04-13 03:05:16,28.8,60.9,0.0,53.8,0.0,0.0,0.0
2026-04-13 03:05:21,28.7,60.8,4.1,53.8,0.0,0.0,0.0
2026-04-13 03:05:26,28.8,60.9,4.3,53.7,0.0,0.0,0.0
2026-04-13 03:05:31,28.7,60.7,2.8,53.7,0.0,0.0,0.0
2026-04-13 03:05:36,28.7,60.7,12.4,53.7,0.0,0.0,0.0
2026-04-13 03:05:41,28.6,60.8,36.0,53.7,0.0,0.0,0.0
2026-04-13 03:05:46,28.7,60.8,27.4,53.7,0.0,0.0,0.0
2026-04-13 03:05:51,28.9,60.8,31.1,53.7,0.0,0.0,0.0
2026-04-13 03:05:56,28.8,60.9,8.9,53.7,0.0,0.0,0.0
2026-04-13 03:06:01,28.7,60.8,25.5,53.7,0.0,0.0,0.0
2026-04-13 03:06:06,28.7,60.9,0.0,53.7,0.0,0.0,0.0
2026-04-13 03:06:11,28.7,60.9,43.7,53.7,0.0,0.0,0.0
2026-04-13 03:06:16,28.7,60.8,11.2,53.7,0.0,0.0,0.0
2026-04-13 03:06:21,28.8,60.7,43.9,53.7,0.0,0.0,0.0
2026-04-13 03:06:26,28.8,60.7,22.7,53.7,0.0,0.0,0.0
2026-04-13 03:06:31,28.6,60.8,6.4,53.7,0.0,0.0,0.0
2026-04-13 03:06:36,28.8,60.8,28.4,53.7,0.0,0.0,0.0
2026-04-13 03:06:41,28.7,60.7,16.7,53.8,0.0,0.0,0.0
2026-04-13 03:06:46,28.6,60.8,0.0,53.8,0.0,0.0,0.0
2026-04-13 03:06:51,28.7,60.7,2.1,53.7,0.0,0.0,0.0
2026-04-13 03:06:56,28.6,60.8,8.6,53.7,0.0,0.0,0.0
2026-04-13 03:07:01,28.7,60.8,0.0,53.8,0.0,0.0,0.0
2026-04-13 03:07:06,28.8,60.9,4.7,53.8,0.0,0.0,0.0
2026-04-13 03:07:11,28.7,60.9,19.8,53.8,0.0,0.0,0.0
2026-04-13 03:07:16,28.7,60.8,31.6,53.8,0.0,0.0,0.0
2026-04-13 03:07:21,28.8,60.9,26.1,53.7,0.0,0.0,0.0
2026-04-13 03:07:26,28.6,60.9,22.5,53.7,0.0,0.0,0.0
2026-04-13 03:07:31,28.8,60.8,18.9,53.7,0.0,0.0,0.0
2026-04-13 03:07:36,28.8,60.7,0.4,53.7,0.0,0.0,0.0
2026-04-13 03:07:41,28.5,60.7,15.8,53.7,0.0,0.0,0.0
2026-04-13 03:07:46,28.7,60.8,13.5,53.8,0.0,0.0,0.0
2026-04-13 03:07:51,28.6,61.0,19.5,53.8,0.0,0.0,0.0
2026-04-13 03:07:56,28.7,60.9,2.3,53.8,0.0,0.0,0.0
2026-04-13 03:08:01,28.8,60.9,23.1,53.8,0.0,0.0,0.0
2026-04-13 03:08:06,28.7,60.9,0.0,53.8,0.0,0.0,0.0
2026-04-13 03:08:11,28.6,60.7,14.0,53.8,0.0,0.0,0.0
2026-04-13 03:08:16,28.7,60.6,9.1,53.8,0.0,0.0,0.0
2026-04-13 03:08:21,28.8,60.6,1.7,53.8,0.0,0.0,0.0
2026-04-13 03:08:26,28.7,60.6,4.9,53.8,0.0,0.0,0.0
2026-04-13 03:08:31,28.8,60.4,0.0,53.8,0.0,0.0,0.0
2026-04-13 03:08:36,28.6,60.5,22.2,53.8,0.0,0.0,0.0
2026-04-13 03:08:41,28.6,60.6,0.0,53.8,0.0,0.0,0.0
2026-04-13 03:08:46,28.8,60.5,11.1,53.8,0.0,0.0,0.0
2026-04-13 03:08:51,28.8,60.6,15.0,53.8,0.0,0.0,0.0
2026-04-13 03:08:56,28.7,60.6,22.6,53.8,0.0,0.0,0.0
2026-04-13 03:09:01,28.6,60.6,25.7,53.8,0.0,0.0,0.0
2026-04-13 03:09:06,28.7,60.7,2.9,53.8,0.0,0.0,0.0
2026-04-13 03:09:11,28.7,60.7,21.7,53.7,0.0,0.0,0.0
2026-04-13 03:09:16,28.6,60.7,6.2,53.7,0.0,0.0,0.0
2026-04-13 03:09:21,28.7,60.6,22.7,53.8,0.0,0.0,0.0
2026-04-13 03:09:26,28.8,60.7,20.5,53.8,0.0,0.0,0.0
2026-04-13 03:09:31,28.8,60.7,12.8,53.8,0.0,0.0,0.0
2026-04-13 03:09:36,28.7,60.7,7.3,53.7,0.0,0.0,0.0
2026-04-13 03:09:41,28.7,60.7,16.2,53.7,0.0,0.0,0.0
2026-04-13 03:09:46,28.7,60.8,15.8,53.7,0.0,0.0,0.0
2026-04-13 03:09:51,28.8,60.8,9.8,53.7,0.0,0.0,0.0
2026-04-13 03:09:56,28.7,60.8,28.1,53.7,0.0,0.0,0.0
2026-04-13 03:10:01,28.6,60.8,9.0,53.7,0.0,0.0,0.0
2026-04-13 03:10:06,28.7,60.8,11.8,53.8,0.0,0.0,0.0
2026-04-13 03:10:11,28.7,60.9,2.1,53.8,0.0,0.0,0.0
2026-04-13 03:10:16,28.8,60.9,10.4,53.8,0.0,0.0,0.0
2026-04-13 03:10:21,28.7,60.9,27.7,53.7,0.0,0.0,0.0
2026-04-13 03:10:26,28.7,60.8,12.2,53.7,0.0,0.0,0.0
2026-04-13 03:10:31,28.6,60.8,18.5,53.7,0.0,0.0,0.0
2026-04-13 03:10:36,28.8,60.9,18.9,53.8,0.0,0.0,0.0
2026-04-13 03:10:41,28.5,60.9,15.9,53.8,0.0,0.0,0.0
2026-04-13 03:10:46,28.7,61.0,6.4,53.8,0.0,0.0,0.0
2026-04-13 03:10:51,28.6,61.0,12.4,53.8,0.0,0.0,0.0
2026-04-13 03:10:56,28.8,61.1,0.0,53.8,0.0,0.0,0.0
2026-04-13 03:11:01,28.6,60.9,11.2,53.8,0.0,0.0,0.0
2026-04-13 03:11:06,28.7,61.0,15.1,53.7,0.0,0.0,0.0
2026-04-13 03:11:11,28.9,61.0,22.1,53.7,0.0,0.0,0.0
2026-04-13 03:11:16,28.7,61.0,31.0,53.8,0.0,0.0,0.0
2026-04-13 03:11:21,28.8,60.9,21.8,53.8,0.0,0.0,0.0
2026-04-13 03:11:26,28.9,60.9,16.3,53.8,0.0,0.0,0.0
2026-04-13 03:11:31,28.8,60.9,18.1,53.8,0.0,0.0,0.0
2026-04-13 03:11:36,28.9,61.0,15.6,53.8,0.0,0.0,0.0
2026-04-13 03:11:41,28.7,61.0,10.8,53.8,0.0,0.0,0.0
2026-04-13 03:11:46,28.6,61.0,0.0,53.8,0.0,0.0,0.0
2026-04-13 03:11:51,28.7,60.9,15.2,53.8,0.0,0.0,0.0
2026-04-13 03:11:56,28.8,60.9,5.5,53.8,0.0,0.0,0.0
2026-04-13 03:12:01,28.8,61.1,19.8,53.8,0.0,0.0,0.0
2026-04-13 03:12:06,28.8,61.1,11.3,53.7,0.0,0.0,0.0
2026-04-13 03:12:11,28.6,61.2,14.7,53.7,0.0,0.0,0.0
2026-04-13 03:12:16,28.7,61.2,1.7,53.7,0.0,0.0,0.0
2026-04-13 03:12:21,28.8,61.1,19.5,53.7,0.0,0.0,0.0
2026-04-13 03:12:26,28.8,61.1,3.7,53.7,0.0,0.0,0.0
2026-04-13 03:12:31,29.0,61.1,9.5,53.7,0.0,0.0,0.0
2026-04-13 03:12:36,28.9,61.1,24.6,53.7,0.0,0.0,0.0
2026-04-13 03:12:41,28.9,61.2,51.0,53.7,0.0,0.0,0.0
2026-04-13 03:12:46,28.8,61.2,11.1,53.7,0.0,0.0,0.0
2026-04-13 03:12:51,28.9,61.0,14.1,53.7,0.0,0.0,0.0
2026-04-13 03:12:56,28.8,60.9,11.6,53.7,0.0,0.0,0.0
2026-04-13 03:13:01,28.8,60.7,17.9,53.7,0.0,0.0,0.0
2026-04-13 03:13:06,28.7,60.9,0.0,53.7,0.0,0.0,0.0
2026-04-13 03:13:11,28.7,60.9,0.0,53.7,0.0,0.0,0.0
2026-04-13 03:13:16,28.8,60.9,37.5,53.7,0.0,0.0,0.0
2026-04-13 03:13:21,28.8,60.8,3.9,53.7,0.0,0.0,0.0
2026-04-13 03:13:26,28.7,60.9,13.3,53.7,0.0,0.0,0.0
2026-04-13 03:13:31,28.7,60.9,33.6,53.7,0.0,0.0,0.0
2026-04-13 03:13:36,28.7,60.9,19.8,53.8,0.0,0.0,0.0
2026-04-13 03:13:41,28.8,60.9,15.0,53.8,0.0,0.0,0.0
2026-04-13 03:13:46,28.8,60.8,0.0,53.8,0.0,0.0,0.0
2026-04-13 03:13:51,28.8,60.8,20.1,53.8,0.0,0.0,0.0
2026-04-13 03:13:56,28.6,60.9,24.9,53.8,0.0,0.0,0.0
2026-04-13 03:14:01,28.7,61.1,13.5,53.8,0.0,0.0,0.0
2026-04-13 03:14:06,28.8,61.1,27.8,53.7,0.0,0.0,0.0
2026-04-13 03:14:11,28.7,61.1,15.5,53.7,0.0,0.0,0.0
2026-04-13 03:14:16,28.7,61.0,10.2,53.7,0.0,0.0,0.0
2026-04-13 03:14:21,28.7,60.9,14.2,53.7,0.0,0.0,0.0
2026-04-13 03:14:26,28.8,61.0,4.2,53.7,0.0,0.0,0.0
2026-04-13 03:14:31,28.7,61.0,0.0,53.7,0.0,0.0,0.0
2026-04-13 03:14:36,28.8,61.0,28.6,53.7,0.0,0.0,0.0
2026-04-13 03:14:41,28.6,60.9,19.8,53.7,0.0,0.0,0.0
2026-04-13 03:14:46,28.8,60.8,15.7,53.7,0.0,0.0,0.0
2026-04-13 03:14:51,28.7,60.7,10.3,53.8,0.0,0.0,0.0
2026-04-13 03:14:56,28.7,60.7,6.9,53.8,0.0,0.0,0.0
2026-04-13 03:15:01,28.7,60.6,17.0,53.8,0.0,0.0,0.0
2026-04-13 03:15:06,28.7,60.7,19.9,53.8,0.0,0.0,0.0
2026-04-13 03:15:11,28.7,60.8,7.5,53.8,0.0,0.0,0.0
2026-04-13 03:15:16,28.7,60.9,22.6,53.8,0.0,0.0,0.0
2026-04-13 03:15:21,28.8,60.8,11.0,53.8,0.0,0.0,0.0
2026-04-13 03:15:26,28.7,60.8,19.9,53.8,0.0,0.0,0.0
2026-04-13 03:15:31,28.7,60.7,15.2,53.8,0.0,0.0,0.0
2026-04-13 03:15:36,28.7,60.7,6.3,53.8,0.0,0.0,0.0
2026-04-13 03:15:41,28.8,60.8,20.4,53.7,0.0,0.0,0.0
2026-04-13 03:15:46,28.8,60.7,10.5,53.7,0.0,0.0,0.0
2026-04-13 03:15:51,28.7,60.6,18.7,53.7,0.0,0.0,0.0
2026-04-13 03:15:56,28.8,60.5,15.4,53.7,0.0,0.0,0.0
2026-04-13 03:16:01,28.6,60.4,23.5,53.8,0.0,0.0,0.0
2026-04-13 03:16:06,28.7,60.4,14.7,53.8,0.0,0.0,0.0
2026-04-13 03:16:11,28.8,60.5,18.8,53.8,0.0,0.0,0.0
2026-04-13 03:16:16,28.8,60.4,18.8,53.8,0.0,0.0,0.0
2026-04-13 03:16:21,28.7,60.6,0.0,53.7,0.0,0.0,0.0
2026-04-13 03:16:26,28.8,60.6,17.0,53.7,0.0,0.0,0.0
2026-04-13 03:16:31,28.8,60.5,24.0,53.7,0.0,0.0,0.0
2026-04-13 03:16:36,28.8,60.4,20.3,53.7,0.0,0.0,0.0
2026-04-13 03:16:41,28.6,60.2,0.0,53.8,0.0,0.0,0.0
2026-04-13 03:16:46,28.6,60.2,9.0,53.8,0.0,0.0,0.0
2026-04-13 03:16:51,28.6,60.3,9.2,53.8,0.0,0.0,0.0
2026-04-13 03:16:56,28.7,60.2,15.8,53.8,0.0,0.0,0.0
2026-04-13 03:17:01,28.8,60.3,15.7,53.8,0.0,0.0,0.0
2026-04-13 03:17:06,28.7,60.3,9.8,53.8,0.0,0.0,0.0
2026-04-13 03:17:11,28.7,60.3,11.4,53.8,0.0,0.0,0.0
2026-04-13 03:17:16,28.8,60.2,21.1,53.8,0.0,0.0,0.0
2026-04-13 03:17:21,28.7,60.2,17.8,53.8,0.0,0.0,0.0
2026-04-13 03:17:26,28.7,60.3,21.3,53.8,0.0,0.0,0.0
2026-04-13 03:17:31,28.6,60.3,24.1,53.8,0.0,0.0,0.0
2026-04-13 03:17:36,28.8,60.3,19.5,53.8,0.0,0.0,0.0
2026-04-13 03:17:41,28.6,60.4,26.7,53.8,0.0,0.0,0.0
2026-04-13 03:17:46,28.6,60.3,3.3,53.8,0.0,0.0,0.0
2026-04-13 03:17:51,28.7,60.3,18.8,53.8,0.0,0.0,0.0
2026-04-13 03:17:56,28.6,60.3,28.6,53.8,0.0,0.0,0.0
2026-04-13 03:18:01,28.6,60.3,9.0,53.8,0.0,0.0,0.0
2026-04-13 03:18:06,28.6,60.3,18.5,53.8,0.0,0.0,0.0
2026-04-13 03:18:11,28.7,60.3,22.2,53.8,0.0,0.0,0.0
2026-04-13 03:18:16,28.6,60.3,20.8,53.7,0.0,0.0,0.0
2026-04-13 03:18:21,28.6,60.3,27.4,53.7,0.0,0.0,0.0
2026-04-13 03:18:26,28.8,60.3,21.4,53.8,0.0,0.0,0.0
2026-04-13 03:18:31,28.7,60.3,2.8,53.8,0.0,0.0,0.0
2026-04-13 03:18:36,28.8,60.3,9.0,53.8,0.0,0.0,0.0
2026-04-13 03:18:41,28.6,60.4,5.8,53.8,0.0,0.0,0.0
2026-04-13 03:18:46,28.7,60.5,4.5,53.8,0.0,0.0,0.0
2026-04-13 03:18:51,28.6,60.6,8.9,53.8,0.0,0.0,0.0
2026-04-13 03:18:56,28.7,60.6,21.5,53.8,0.0,0.0,0.0
2026-04-13 03:19:01,28.7,60.7,24.6,53.8,0.0,0.0,0.0
2026-04-13 03:19:06,28.6,60.6,13.7,53.8,0.0,0.0,0.0
2026-04-13 03:19:11,28.6,60.6,0.0,53.8,0.0,0.0,0.0
2026-04-13 03:19:16,28.7,60.6,22.1,53.8,0.0,0.0,0.0
2026-04-13 03:19:21,28.7,60.6,2.7,53.8,0.0,0.0,0.0
2026-04-13 03:19:26,28.6,60.7,14.7,53.7,0.0,0.0,0.0
2026-04-13 03:19:31,28.6,60.7,3.0,53.7,0.0,0.0,0.0
2026-04-13 03:19:36,28.7,60.8,1.5,53.7,0.0,0.0,0.0
2026-04-13 03:19:41,28.7,60.8,18.0,53.7,0.0,0.0,0.0
2026-04-13 03:19:46,28.7,60.8,33.4,53.7,0.0,0.0,0.0
2026-04-13 03:19:51,28.6,60.8,6.7,53.7,0.0,0.0,0.0
2026-04-13 03:19:56,28.9,60.6,19.4,53.7,0.0,0.0,0.0
2026-04-13 03:20:01,28.6,60.6,2.6,53.7,0.0,0.0,0.0
2026-04-13 03:20:06,28.7,60.7,18.9,53.7,0.0,0.0,0.0
2026-04-13 03:20:11,28.6,60.5,0.0,53.8,0.0,0.0,0.0
2026-04-13 03:20:16,28.7,60.6,19.1,53.8,0.0,0.0,0.0
2026-04-13 03:20:21,28.5,60.7,2.7,53.7,0.0,0.0,0.0
2026-04-13 03:20:26,28.6,60.7,6.0,53.7,0.0,0.0,0.0
2026-04-13 03:20:31,28.8,60.7,14.8,53.7,0.0,0.0,0.0
2026-04-13 03:20:36,28.6,60.6,5.0,53.7,0.0,0.0,0.0
2026-04-13 03:20:41,28.8,60.7,7.9,53.7,0.0,0.0,0.0
2026-04-13 03:20:46,28.6,60.7,34.7,53.7,0.0,0.0,0.0
2026-04-13 03:20:51,28.5,60.8,6.1,53.7,0.0,0.0,0.0
2026-04-13 03:20:56,28.6,60.7,0.1,53.7,0.0,0.0,0.0
2026-04-13 03:21:01,28.8,60.8,0.0,53.8,0.0,0.0,0.0
2026-04-13 03:21:06,28.6,60.8,0.0,53.8,0.0,0.0,0.0
2026-04-13 03:21:11,28.7,60.7,33.7,53.8,0.0,0.0,0.0
2026-04-13 03:21:16,28.7,60.6,2.8,53.8,0.0,0.0,0.0
2026-04-13 03:21:21,28.7,60.7,26.4,53.8,0.0,0.0,0.0
2026-04-13 03:21:26,28.5,60.6,27.7,53.8,0.0,0.0,0.0
2026-04-13 03:21:31,28.7,60.6,13.9,53.8,0.0,0.0,0.0
2026-04-13 03:21:36,28.6,60.7,29.2,53.8,0.0,0.0,0.0
2026-04-13 03:21:41,28.5,60.8,14.6,53.8,0.0,0.0,0.0
2026-04-13 03:21:46,28.7,60.8,4.2,53.8,0.0,0.0,0.0
2026-04-13 03:21:51,28.6,60.9,13.2,53.8,0.0,0.0,0.0
2026-04-13 03:21:56,28.7,60.9,22.5,53.7,0.0,0.0,0.0
2026-04-13 03:22:01,28.7,60.9,12.8,53.7,0.0,0.0,0.0
2026-04-13 03:22:06,28.7,60.9,12.7,53.7,0.0,0.0,0.0
2026-04-13 03:22:11,28.6,60.9,17.7,53.8,0.0,0.0,0.0
2026-04-13 03:22:16,28.6,60.7,21.7,53.8,0.0,0.0,0.0
2026-04-13 03:22:21,28.6,60.8,23.8,53.8,0.0,0.0,0.0
2026-04-13 03:22:26,28.7,60.9,0.0,53.8,0.0,0.0,0.0
2026-04-13 03:22:31,28.7,60.8,22.8,53.8,0.0,0.0,0.0
2026-04-13 03:22:36,28.5,60.8,0.0,53.8,0.0,0.0,0.0
2026-04-13 03:22:41,28.7,60.9,6.9,53.8,0.0,0.0,0.0
2026-04-13 03:22:46,28.8,60.8,15.2,53.8,0.0,0.0,0.0
2026-04-13 03:22:51,28.7,60.9,0.4,53.8,0.0,0.0,0.0
2026-04-13 03:22:56,28.6,60.7,12.2,53.8,0.0,0.0,0.0
2026-04-13 03:23:01,28.6,60.8,28.0,53.8,0.0,0.0,0.0
2026-04-13 03:23:06,28.5,60.8,17.6,53.8,0.0,0.0,0.0
2026-04-13 03:23:11,28.6,60.6,23.2,53.8,0.0,0.0,0.0
2026-04-13 03:23:16,28.9,60.6,14.0,53.8,0.0,0.0,0.0
2026-04-13 03:23:21,28.6,60.6,6.6,53.8,0.0,0.0,0.0
2026-04-13 03:23:26,28.7,60.7,5.8,53.8,0.0,0.0,0.0
2026-04-13 03:23:31,28.7,60.7,14.4,53.8,0.0,0.0,0.0
2026-04-13 03:23:36,28.6,60.6,13.6,53.8,0.0,0.0,0.0
2026-04-13 03:23:41,28.6,60.7,8.2,53.8,0.0,0.0,0.0
2026-04-13 03:23:46,28.7,60.8,8.5,53.7,0.0,0.0,0.0
2026-04-13 03:23:51,28.7,60.8,21.7,53.7,0.0,0.0,0.0
2026-04-13 03:23:56,28.6,60.9,0.0,53.7,0.0,0.0,0.0
2026-04-13 03:24:01,28.5,60.9,16.7,53.7,0.0,0.0,0.0
2026-04-13 03:24:06,28.6,60.8,3.5,53.7,0.0,0.0,0.0
2026-04-13 03:24:11,28.7,60.7,7.7,53.7,0.0,0.0,0.0
2026-04-13 03:24:16,28.7,60.7,0.0,53.7,0.0,0.0,0.0
2026-04-13 03:24:21,28.7,60.6,20.4,53.7,0.0,0.0,0.0
2026-04-13 03:24:26,28.6,60.6,9.0,53.8,0.0,0.0,0.0
2026-04-13 03:24:31,28.7,60.7,2.4,53.8,0.0,0.0,0.0
2026-04-13 03:24:36,28.7,60.6,10.7,53.8,0.0,0.0,0.0
2026-04-13 03:24:41,28.7,60.6,4.6,53.8,0.0,0.0,0.0
2026-04-13 03:24:46,28.7,60.8,0.0,53.8,0.0,0.0,0.0
2026-04-13 03:24:51,28.6,60.9,11.0,53.8,0.0,0.0,0.0
2026-04-13 03:24:56,28.6,61.1,18.1,53.8,0.0,0.0,0.0
2026-04-13 03:25:01,28.8,61.0,26.5,53.8,0.0,0.0,0.0
2026-04-13 03:25:06,28.6,61.1,15.9,53.8,0.0,0.0,0.0
2026-04-13 03:25:11,28.7,61.1,0.0,53.8,0.0,0.0,0.0
2026-04-13 03:25:16,28.7,61.0,7.6,53.8,0.0,0.0,0.0
2026-04-13 03:25:21,28.6,61.1,11.9,53.8,0.0,0.0,0.0
2026-04-13 03:25:26,28.6,61.1,32.1,53.8,0.0,0.0,0.0
2026-04-13 03:25:31,28.7,61.1,16.9,53.8,0.0,0.0,0.0
2026-04-13 03:25:36,28.8,61.1,5.8,53.8,0.0,0.0,0.0
2026-04-13 03:25:41,28.6,61.0,4.5,53.8,0.0,0.0,0.0
2026-04-13 03:25:46,28.6,61.0,16.9,53.8,0.0,0.0,0.0
2026-04-13 03:25:51,28.7,61.0,19.3,53.8,0.0,0.0,0.0
2026-04-13 03:25:56,28.6,61.0,23.1,53.8,0.0,0.0,0.0
2026-04-13 03:26:01,28.8,61.2,17.1,53.8,0.0,0.0,0.0
2026-04-13 03:26:06,28.7,61.2,35.3,53.8,0.0,0.0,0.0
2026-04-13 03:26:11,28.7,61.2,19.5,53.8,0.0,0.0,0.0
2026-04-13 03:26:16,28.8,61.3,0.0,53.8,0.0,0.0,0.0
2026-04-13 03:26:21,28.7,61.4,7.8,53.8,0.0,0.0,0.0
2026-04-13 03:26:26,28.6,61.4,29.3,53.8,0.0,0.0,0.0
2026-04-13 03:26:31,28.5,61.3,20.4,53.8,0.0,0.0,0.0
2026-04-13 03:26:36,28.8,61.3,0.6,53.8,0.0,0.0,0.0
2026-04-13 03:26:41,28.6,61.4,19.5,53.8,0.0,0.0,0.0
2026-04-13 03:26:46,28.6,61.3,30.4,53.8,0.0,0.0,0.0
2026-04-13 03:26:51,28.5,61.2,21.1,53.8,0.0,0.0,0.0
2026-04-13 03:26:56,28.7,61.1,14.8,53.8,0.0,0.0,0.0
2026-04-13 03:27:01,28.5,61.2,11.6,53.8,0.0,0.0,0.0
2026-04-13 03:27:06,28.6,61.1,12.4,53.8,0.0,0.0,0.0
2026-04-13 03:27:11,28.7,60.9,9.2,53.8,0.0,0.0,0.0
2026-04-13 03:27:16,28.7,61.0,0.0,53.8,0.0,0.0,0.0
2026-04-13 03:27:21,28.5,61.1,19.6,53.8,0.0,0.0,0.0
2026-04-13 03:27:26,28.7,61.2,12.3,53.8,0.0,0.0,0.0
2026-04-13 03:27:31,28.7,61.1,25.7,53.8,0.0,0.0,0.0
2026-04-13 03:27:36,28.8,61.1,8.7,53.8,0.0,0.0,0.0
2026-04-13 03:27:41,28.8,61.1,15.9,53.8,0.0,0.0,0.0
2026-04-13 03:27:46,28.7,61.1,2.4,53.8,0.0,0.0,0.0
2026-04-13 03:27:51,28.6,61.0,0.0,53.8,0.0,0.0,0.0
2026-04-13 03:27:56,28.6,61.1,10.0,53.7,0.0,0.0,0.0
2026-04-13 03:28:01,28.7,61.1,0.0,53.7,0.0,0.0,0.0
2026-04-13 03:28:06,28.5,61.0,13.9,53.8,0.0,0.0,0.0
2026-04-13 03:28:11,28.7,60.9,29.8,53.8,0.0,0.0,0.0
2026-04-13 03:28:16,28.6,60.8,10.4,53.8,0.0,0.0,0.0
2026-04-13 03:28:21,28.7,60.9,0.0,53.8,0.0,0.0,0.0
2026-04-13 03:28:26,28.7,60.8,0.0,53.8,0.0,0.0,0.0
2026-04-13 03:28:31,28.6,60.9,30.0,53.7,0.0,0.0,0.0
2026-04-13 03:28:36,28.8,60.8,2.2,53.7,0.0,0.0,0.0
2026-04-13 03:28:41,28.5,60.7,20.7,53.8,0.0,0.0,0.0
2026-04-13 03:28:46,28.6,60.8,7.1,53.8,0.0,0.0,0.0
2026-04-13 03:28:51,28.7,60.8,12.2,53.8,0.0,0.0,0.0
2026-04-13 03:28:56,28.5,60.9,11.8,53.7,0.0,0.0,0.0
2026-04-13 03:29:01,28.7,60.9,17.1,53.7,0.0,0.0,0.0
2026-04-13 03:29:06,28.7,60.9,25.2,53.7,0.0,0.0,0.0
2026-04-13 03:29:11,28.7,61.0,17.4,53.7,0.0,0.0,0.0
2026-04-13 03:29:16,28.7,61.0,4.1,53.7,0.0,0.0,0.0
2026-04-13 03:29:21,28.6,60.9,25.5,53.7,0.0,0.0,0.0
2026-04-13 03:29:26,28.7,61.0,25.1,53.7,0.0,0.0,0.0
2026-04-13 03:29:31,28.7,61.0,17.4,53.7,0.0,0.0,0.0
2026-04-13 03:29:36,28.6,60.9,17.1,53.7,0.0,0.0,0.0
2026-04-13 03:29:41,28.6,60.8,7.7,53.7,0.0,0.0,0.0
2026-04-13 03:29:46,28.7,60.9,14.0,53.7,0.0,0.0,0.0
2026-04-13 03:29:51,28.6,60.7,1.4,53.8,0.0,0.0,0.0
2026-04-13 03:29:56,28.7,60.6,30.3,53.8,0.0,0.0,0.0
2026-04-13 03:30:01,28.7,60.6,16.9,53.7,0.0,0.0,0.0
2026-04-13 03:30:06,28.7,60.7,5.8,53.7,0.0,0.0,0.0
2026-04-13 03:30:11,28.6,60.8,0.6,53.8,0.0,0.0,0.0
2026-04-13 03:30:16,28.8,60.8,27.5,53.8,0.0,0.0,0.0
2026-04-13 03:30:21,28.5,60.8,2.1,53.8,0.0,0.0,0.0
2026-04-13 03:30:26,28.5,60.8,11.0,53.8,0.0,0.0,0.0
2026-04-13 03:30:31,28.6,60.8,19.1,53.8,0.0,0.0,0.0
2026-04-13 03:30:36,28.7,60.9,20.1,53.8,0.0,0.0,0.0
2026-04-13 03:30:41,28.6,60.9,41.8,53.8,0.0,0.0,0.0
2026-04-13 03:30:46,28.6,60.9,15.9,53.8,0.0,0.0,0.0
2026-04-13 03:30:51,28.6,60.7,4.9,53.7,0.0,0.0,0.0
2026-04-13 03:30:56,28.5,60.6,21.6,53.7,0.0,0.0,0.0
2026-04-13 03:31:01,28.6,60.6,6.0,53.7,0.0,0.0,0.0
2026-04-13 03:31:06,28.7,60.6,13.2,53.8,0.0,0.0,0.0
2026-04-13 03:31:11,28.6,60.5,12.3,53.8,0.0,0.0,0.0
2026-04-13 03:31:16,28.6,60.5,9.7,53.8,0.0,0.0,0.0
2026-04-13 03:31:21,28.5,60.5,9.1,53.8,0.0,0.0,0.0
2026-04-13 03:31:26,28.7,60.6,24.3,53.8,0.0,0.0,0.0
2026-04-13 03:31:31,28.7,60.7,16.2,53.8,0.0,0.0,0.0
2026-04-13 03:31:36,28.7,60.5,10.3,53.8,0.0,0.0,0.0
2026-04-13 03:31:41,28.6,60.7,27.9,53.8,0.0,0.0,0.0
2026-04-13 03:31:46,28.7,60.7,7.1,53.8,0.0,0.0,0.0
2026-04-13 03:31:51,28.5,60.7,3.4,53.8,0.0,0.0,0.0
2026-04-13 03:31:56,28.6,60.7,15.7,53.8,0.0,0.0,0.0
2026-04-13 03:32:01,28.7,60.6,7.5,53.8,0.0,0.0,0.0
2026-04-13 03:32:06,28.5,60.6,11.0,53.7,0.0,0.0,0.0
2026-04-13 03:32:11,28.5,60.5,26.3,53.7,0.0,0.0,0.0
2026-04-13 03:32:16,28.7,60.6,0.0,53.8,0.0,0.0,0.0
2026-04-13 03:32:21,28.7,60.6,19.0,53.8,0.0,0.0,0.0
2026-04-13 03:32:26,28.6,60.7,36.5,53.8,0.0,0.0,0.0
2026-04-13 03:32:31,28.7,60.7,1.3,53.8,0.0,0.0,0.0
2026-04-13 03:32:36,28.7,60.6,7.2,53.8,0.0,0.0,0.0
2026-04-13 03:32:41,28.6,60.7,9.8,53.8,0.0,0.0,0.0
2026-04-13 03:32:46,28.6,60.8,31.1,53.8,0.0,0.0,0.0
2026-04-13 03:32:51,28.6,60.8,28.5,53.8,0.0,0.0,0.0
2026-04-13 03:32:56,28.6,60.7,19.8,53.8,0.0,0.0,0.0
2026-04-13 03:33:01,28.8,60.8,20.4,53.8,0.0,0.0,0.0
2026-04-13 03:33:06,28.5,60.8,25.4,53.7,0.0,0.0,0.0
2026-04-13 03:33:11,28.6,60.8,23.3,53.7,0.0,0.0,0.0
2026-04-13 03:33:16,28.6,60.8,6.4,53.7,0.0,0.0,0.0
2026-04-13 03:33:21,28.5,60.8,7.6,53.8,0.0,0.0,0.0
2026-04-13 03:33:26,28.5,60.7,24.1,53.8,0.0,0.0,0.0
2026-04-13 03:33:31,28.6,60.6,23.1,53.8,0.0,0.0,0.0
2026-04-13 03:33:36,28.5,60.6,14.2,53.8,0.0,0.0,0.0
2026-04-13 03:33:41,28.4,60.6,20.2,53.8,0.0,0.0,0.0
2026-04-13 03:33:46,28.6,60.7,21.6,53.8,0.0,0.0,0.0
2026-04-13 03:33:51,28.7,60.8,21.1,53.8,0.0,0.0,0.0
2026-04-13 03:33:56,28.7,60.7,16.3,53.8,0.0,0.0,0.0
2026-04-13 03:34:01,28.6,60.7,5.5,53.8,0.0,0.0,0.0
2026-04-13 03:34:06,28.6,60.5,0.0,53.8,0.0,0.0,0.0
2026-04-13 03:34:11,28.6,60.5,24.4,53.8,0.0,0.0,0.0
2026-04-13 03:34:16,28.6,60.5,2.4,53.8,0.0,0.0,0.0
2026-04-13 03:34:21,28.6,60.6,0.0,53.8,0.0,0.0,0.0
2026-04-13 03:34:26,28.6,60.6,3.5,53.8,0.0,0.0,0.0
2026-04-13 03:34:31,28.6,60.7,8.2,53.8,0.0,0.0,0.0
2026-04-13 03:34:36,28.5,60.8,28.0,53.8,0.0,0.0,0.0
2026-04-13 03:34:41,28.6,60.7,35.9,53.8,0.0,0.0,0.0
2026-04-13 03:34:46,28.5,60.7,23.4,53.8,0.0,0.0,0.0
2026-04-13 03:34:51,28.6,60.7,3.3,53.8,0.0,0.0,0.0
2026-04-13 03:34:56,28.6,60.7,17.4,53.8,0.0,0.0,0.0
2026-04-13 03:35:01,28.5,60.7,3.3,53.8,0.0,0.0,0.0
2026-04-13 03:35:06,28.6,60.7,12.4,53.8,0.0,0.0,0.0
2026-04-13 03:35:11,28.5,60.8,9.7,53.8,0.0,0.0,0.0
2026-04-13 03:35:16,28.4,60.9,11.1,53.8,0.0,0.0,0.0
2026-04-13 03:35:21,28.5,60.8,19.1,53.8,0.0,0.0,0.0
2026-04-13 03:35:26,28.5,60.8,39.9,53.8,0.0,0.0,0.0
2026-04-13 03:35:31,28.5,60.9,8.5,53.8,0.0,0.0,0.0
2026-04-13 03:35:36,28.5,60.9,19.7,53.8,0.0,0.0,0.0
2026-04-13 03:35:41,28.6,61.0,16.6,53.8,0.0,0.0,0.0
2026-04-13 03:35:46,28.6,61.1,10.7,53.8,0.0,0.0,0.0
2026-04-13 03:35:51,28.5,61.0,7.6,53.8,0.0,0.0,0.0
2026-04-13 03:35:56,28.6,61.0,10.1,53.8,0.0,0.0,0.0
2026-04-13 03:36:01,28.4,61.3,5.7,53.8,0.0,0.0,0.0
2026-04-13 03:36:06,28.4,61.3,30.3,53.8,0.0,0.0,0.0
2026-04-13 03:36:11,28.6,61.2,16.4,53.8,0.0,0.0,0.0
2026-04-13 03:36:16,28.5,61.2,21.9,53.8,0.0,0.0,0.0
2026-04-13 03:36:21,28.6,61.0,25.6,53.8,0.0,0.0,0.0
2026-04-13 03:36:26,28.6,61.0,17.9,53.8,0.0,0.0,0.0
2026-04-13 03:36:31,28.5,61.0,6.2,53.8,0.0,0.0,0.0
2026-04-13 03:36:36,28.4,61.0,21.2,53.8,0.0,0.0,0.0
2026-04-13 03:36:41,28.4,61.1,7.0,53.8,0.0,0.0,0.0
2026-04-13 03:36:46,28.5,61.0,16.5,53.8,0.0,0.0,0.0
2026-04-13 03:36:51,28.5,60.9,9.2,53.8,0.0,0.0,0.0
2026-04-13 03:36:56,28.4,61.0,29.0,53.8,0.0,0.0,0.0
2026-04-13 03:37:01,28.6,61.1,5.8,53.8,0.0,0.0,0.0
2026-04-13 03:37:06,28.6,61.1,28.7,53.8,0.0,0.0,0.0
2026-04-13 03:37:11,28.6,61.0,15.8,53.8,0.0,0.0,0.0
2026-04-13 03:37:16,28.4,61.2,13.4,53.8,0.0,0.0,0.0
2026-04-13 03:37:21,28.6,61.3,19.2,53.8,0.0,0.0,0.0
2026-04-13 03:37:26,28.6,61.3,1.5,53.8,0.0,0.0,0.0
2026-04-13 03:37:31,28.5,61.3,8.8,53.8,0.0,0.0,0.0
2026-04-13 03:37:36,28.5,61.2,25.6,53.8,0.0,0.0,0.0
2026-04-13 03:37:41,28.5,61.4,9.4,53.8,0.0,0.0,0.0
2026-04-13 03:37:46,28.5,61.5,26.4,53.8,0.0,0.0,0.0
2026-04-13 03:37:51,28.4,61.6,5.0,53.8,0.0,0.0,0.0
2026-04-13 03:37:56,28.5,61.5,29.5,53.8,0.0,0.0,0.0
2026-04-13 03:38:01,28.4,61.6,31.2,53.8,0.0,0.0,0.0
2026-04-13 03:38:06,28.5,61.6,3.4,53.8,0.0,0.0,0.0
2026-04-13 03:38:11,28.5,61.5,6.2,53.8,0.0,0.0,0.0
2026-04-13 03:38:16,28.5,61.6,15.1,53.7,0.0,0.0,0.0
2026-04-13 03:38:21,28.5,61.6,3.9,53.7,0.0,0.0,0.0
2026-04-13 03:38:26,28.4,61.6,22.3,53.7,0.0,0.0,0.0
2026-04-13 03:38:31,28.5,61.8,2.8,53.8,0.0,0.0,0.0
2026-04-13 03:38:36,28.5,61.8,12.9,53.8,0.0,0.0,0.0
2026-04-13 03:38:41,28.5,61.7,0.0,53.8,0.0,0.0,0.0
2026-04-13 03:38:46,28.4,61.8,1.8,53.8,0.0,0.0,0.0
2026-04-13 03:38:51,28.5,61.7,21.0,53.8,0.0,0.0,0.0
2026-04-13 03:38:56,28.5,61.7,21.8,53.8,0.0,0.0,0.0
2026-04-13 03:39:01,28.6,61.7,19.8,53.8,0.0,0.0,0.0
2026-04-13 03:39:06,28.6,61.8,25.9,53.8,0.0,0.0,0.0
2026-04-13 03:39:11,28.6,61.7,0.7,53.8,0.0,0.0,0.0
2026-04-13 03:39:16,28.6,61.6,11.2,53.8,0.0,0.0,0.0
2026-04-13 03:39:21,28.5,61.5,26.3,53.8,0.0,0.0,0.0
2026-04-13 03:39:26,28.6,61.6,6.4,53.8,0.0,0.0,0.0
2026-04-13 03:39:31,28.7,61.8,22.7,53.8,0.0,0.0,0.0
2026-04-13 03:39:36,28.5,61.8,0.8,53.8,0.0,0.0,0.0
2026-04-13 03:39:41,28.5,61.7,31.0,53.8,0.0,0.0,0.0
2026-04-13 03:39:46,28.5,61.9,0.2,53.8,0.0,0.0,0.0
2026-04-13 03:39:51,28.7,61.8,5.4,53.8,0.0,0.0,0.0
2026-04-13 03:39:56,28.5,61.9,11.3,53.8,0.0,0.0,0.0
2026-04-13 03:40:01,28.5,61.9,6.0,53.8,0.0,0.0,0.0
2026-04-13 03:40:06,28.5,62.0,12.6,53.8,0.0,0.0,0.0
2026-04-13 03:40:11,28.4,62.1,5.6,53.8,0.0,0.0,0.0
2026-04-13 03:40:16,28.5,62.0,15.9,53.8,0.0,0.0,0.0
2026-04-13 03:40:21,28.6,62.0,16.3,53.8,0.0,0.0,0.0
2026-04-13 03:40:26,28.7,62.0,17.5,53.8,0.0,0.0,0.0
2026-04-13 03:40:31,28.5,61.9,22.2,53.8,0.0,0.0,0.0
2026-04-13 03:40:36,28.7,61.8,9.4,53.8,0.0,0.0,0.0
2026-04-13 03:40:41,28.4,61.9,8.1,53.8,0.0,0.0,0.0
2026-04-13 03:40:46,28.4,61.8,14.9,53.8,0.0,0.0,0.0
2026-04-13 03:40:51,28.5,61.8,28.4,53.8,0.0,0.0,0.0
2026-04-13 03:40:56,28.6,61.7,11.1,53.8,0.0,0.0,0.0
2026-04-13 03:41:01,28.4,61.6,15.6,53.8,0.0,0.0,0.0
2026-04-13 03:41:06,28.6,61.5,5.9,53.8,0.0,0.0,0.0
2026-04-13 03:41:11,28.6,61.4,20.4,53.8,0.0,0.0,0.0
2026-04-13 03:41:16,28.6,61.4,7.3,53.8,0.0,0.0,0.0
2026-04-13 03:41:21,28.6,61.3,18.6,53.7,0.0,0.0,0.0
2026-04-13 03:41:26,28.5,61.2,21.1,53.7,0.0,0.0,0.0
2026-04-13 03:41:31,28.6,61.3,9.0,53.7,0.0,0.0,0.0
2026-04-13 03:41:36,28.5,61.5,19.6,53.7,0.0,0.0,0.0
2026-04-13 03:41:41,28.5,61.4,38.9,53.7,0.0,0.0,0.0
2026-04-13 03:41:46,28.5,61.4,0.0,53.7,0.0,0.0,0.0
2026-04-13 03:41:51,28.6,61.5,13.2,53.7,0.0,0.0,0.0
2026-04-13 03:41:56,28.4,61.6,10.1,53.7,0.0,0.0,0.0
2026-04-13 03:42:01,28.5,61.7,20.7,53.7,0.0,0.0,0.0
2026-04-13 03:42:06,28.6,61.7,26.7,53.7,0.0,0.0,0.0
2026-04-13 03:42:11,28.4,61.8,5.2,53.7,0.0,0.0,0.0
2026-04-13 03:42:16,28.6,61.7,8.4,53.7,0.0,0.0,0.0
2026-04-13 03:42:21,28.6,61.7,25.0,53.7,0.0,0.0,0.0
2026-04-13 03:42:26,28.5,61.7,8.7,53.7,0.0,0.0,0.0
2026-04-13 03:42:31,28.5,61.7,23.2,53.7,0.0,0.0,0.0
2026-04-13 03:42:36,28.6,61.7,15.9,53.8,0.0,0.0,0.0
2026-04-13 03:42:41,28.5,61.7,18.3,53.8,0.0,0.0,0.0
2026-04-13 03:42:46,28.5,61.7,24.8,53.8,0.0,0.0,0.0
2026-04-13 03:42:51,28.4,61.6,24.4,53.8,0.0,0.0,0.0
2026-04-13 03:42:56,28.5,61.7,9.5,53.8,0.0,0.0,0.0
2026-04-13 03:43:01,28.6,61.7,10.8,53.8,0.0,0.0,0.0
2026-04-13 03:43:06,28.6,61.8,0.0,53.8,0.0,0.0,0.0
2026-04-13 03:43:11,28.5,61.8,0.0,53.8,0.0,0.0,0.0
2026-04-13 03:43:16,28.5,61.8,0.0,53.8,0.0,0.0,0.0
2026-04-13 03:43:21,28.4,61.7,17.7,53.8,0.0,0.0,0.0
2026-04-13 03:43:26,28.6,61.7,21.7,53.8,0.0,0.0,0.0
2026-04-13 03:43:31,28.4,61.6,33.7,53.8,0.0,0.0,0.0
2026-04-13 03:43:36,28.6,61.5,14.4,53.7,0.0,0.0,0.0
2026-04-13 03:43:41,28.7,61.4,14.3,53.7,0.0,0.0,0.0
2026-04-13 03:43:46,28.5,61.5,12.9,53.7,0.0,0.0,0.0
2026-04-13 03:43:51,28.8,61.4,17.7,53.7,0.0,0.0,0.0
2026-04-13 03:43:56,28.6,61.3,16.6,53.7,0.0,0.0,0.0
2026-04-13 03:44:01,28.6,61.3,0.0,53.7,0.0,0.0,0.0
2026-04-13 03:44:06,28.5,61.2,12.9,53.7,0.0,0.0,0.0
2026-04-13 03:44:11,28.5,61.2,23.6,53.7,0.0,0.0,0.0
2026-04-13 03:44:16,28.7,61.2,6.1,53.7,0.0,0.0,0.0
2026-04-13 03:44:21,28.5,61.3,5.0,53.7,0.0,0.0,0.0
2026-04-13 03:44:26,28.4,61.3,14.4,53.7,0.0,0.0,0.0
2026-04-13 03:44:31,28.6,61.3,14.8,53.7,0.0,0.0,0.0
2026-04-13 03:44:36,28.7,61.2,20.0,53.7,0.0,0.0,0.0
2026-04-13 03:44:41,28.7,61.4,21.7,53.7,0.0,0.0,0.0
2026-04-13 03:44:46,28.6,61.4,11.5,53.7,0.0,0.0,0.0
2026-04-13 03:44:51,28.7,61.5,10.9,53.7,0.0,0.0,0.0
2026-04-13 03:44:56,28.6,61.3,22.5,53.7,0.0,0.0,0.0
2026-04-13 03:45:01,28.7,61.4,14.0,53.7,0.0,0.0,0.0
2026-04-13 03:45:06,28.5,61.4,33.5,53.7,0.0,0.0,0.0
2026-04-13 03:45:11,28.5,61.4,24.8,53.7,0.0,0.0,0.0
2026-04-13 03:45:16,28.6,61.3,10.0,53.8,0.0,0.0,0.0
2026-04-13 03:45:21,28.6,61.3,10.4,53.8,0.0,0.0,0.0
2026-04-13 03:45:26,28.4,61.1,12.3,53.7,0.0,0.0,0.0
2026-04-13 03:45:31,28.6,61.1,10.7,53.7,0.0,0.0,0.0
2026-04-13 03:45:36,28.5,61.1,17.4,53.7,0.0,0.0,0.0
2026-04-13 03:45:41,28.6,61.1,5.4,53.7,0.0,0.0,0.0
2026-04-13 03:45:46,28.5,60.9,0.0,53.7,0.0,0.0,0.0
2026-04-13 03:45:51,28.6,60.9,19.4,53.7,0.0,0.0,0.0
2026-04-13 03:45:56,28.6,60.9,7.0,53.7,0.0,0.0,0.0
2026-04-13 03:46:01,28.6,60.9,9.2,53.7,0.0,0.0,0.0
2026-04-13 03:46:06,28.7,60.8,7.2,53.7,0.0,0.0,0.0
2026-04-13 03:46:11,28.5,60.7,8.0,53.7,0.0,0.0,0.0
2026-04-13 03:46:16,28.6,60.7,3.0,53.7,0.0,0.0,0.0
2026-04-13 03:46:21,28.6,60.6,11.7,53.7,0.0,0.0,0.0
2026-04-13 03:46:26,28.5,60.7,2.8,53.7,0.0,0.0,0.0
2026-04-13 03:46:31,28.5,60.8,3.8,53.7,0.0,0.0,0.0
2026-04-13 03:46:36,28.6,60.8,20.7,53.7,0.0,0.0,0.0
2026-04-13 03:46:41,28.5,60.8,25.4,53.7,0.0,0.0,0.0
2026-04-13 03:46:46,28.7,60.9,3.4,53.7,0.0,0.0,0.0
2026-04-13 03:46:51,28.6,60.9,18.6,53.7,0.0,0.0,0.0
2026-04-13 03:46:56,28.5,60.9,0.0,53.7,0.0,0.0,0.0
2026-04-13 03:47:01,28.6,60.9,14.7,53.7,0.0,0.0,0.0
2026-04-13 03:47:06,28.6,60.9,16.3,53.7,0.0,0.0,0.0
2026-04-13 03:47:11,28.6,60.8,16.8,53.8,0.0,0.0,0.0
2026-04-13 03:47:16,28.6,60.9,25.1,53.8,0.0,0.0,0.0
2026-04-13 03:47:21,28.6,60.8,22.2,53.8,0.0,0.0,0.0
2026-04-13 03:47:26,28.5,61.1,11.0,53.8,0.0,0.0,0.0
2026-04-13 03:47:31,28.7,61.0,9.1,53.7,0.0,0.0,0.0
2026-04-13 03:47:36,28.6,61.1,15.3,53.7,0.0,0.0,0.0
2026-04-13 03:47:41,28.5,61.1,3.0,53.7,0.0,0.0,0.0
2026-04-13 03:47:46,28.7,61.1,16.5,53.7,0.0,0.0,0.0
2026-04-13 03:47:51,28.6,61.2,12.6,53.7,0.0,0.0,0.0
2026-04-13 03:47:56,28.7,61.3,19.0,53.7,0.0,0.0,0.0
2026-04-13 03:48:01,28.5,61.2,12.9,53.7,0.0,0.0,0.0
2026-04-13 03:48:06,28.6,61.3,28.9,53.7,0.0,0.0,0.0
2026-04-13 03:48:11,28.6,61.1,18.1,53.7,0.0,0.0,0.0
2026-04-13 03:48:16,28.5,61.1,22.2,53.7,0.0,0.0,0.0
2026-04-13 03:48:21,28.6,61.0,4.0,53.7,0.0,0.0,0.0
2026-04-13 03:48:26,28.6,61.0,14.0,53.7,0.0,0.0,0.0
2026-04-13 03:48:31,28.6,61.1,0.0,53.7,0.0,0.0,0.0
2026-04-13 03:48:36,28.5,61.1,0.0,53.7,0.0,0.0,0.0
2026-04-13 03:48:41,28.5,61.1,11.0,53.7,0.0,0.0,0.0
2026-04-13 03:48:46,28.6,61.0,29.4,53.7,0.0,0.0,0.0
2026-04-13 03:48:51,28.7,61.0,21.3,53.7,0.0,0.0,0.0
2026-04-13 03:48:56,28.7,60.9,20.9,53.7,0.0,0.0,0.0
2026-04-13 03:49:01,28.6,60.9,22.3,53.7,0.0,0.0,0.0
2026-04-13 03:49:06,28.6,60.8,12.4,53.7,0.0,0.0,0.0
2026-04-13 03:49:11,28.6,60.8,28.4,53.7,0.0,0.0,0.0
2026-04-13 03:49:16,28.8,60.7,4.4,53.7,0.0,0.0,0.0
2026-04-13 03:49:21,28.6,60.7,11.0,53.7,0.0,0.0,0.0
2026-04-13 03:49:26,28.7,60.8,11.4,53.7,0.0,0.0,0.0
2026-04-13 03:49:31,28.5,60.8,24.8,53.7,0.0,0.0,0.0
2026-04-13 03:49:36,28.4,60.8,19.1,53.7,0.0,0.0,0.0
2026-04-13 03:49:41,28.6,60.8,17.6,53.7,0.0,0.0,0.0
2026-04-13 03:49:46,28.5,60.7,7.6,53.7,0.0,0.0,0.0
2026-04-13 03:49:51,28.5,60.8,21.3,53.6,0.0,0.0,0.0
2026-04-13 03:49:56,28.5,60.7,14.6,53.6,0.0,0.0,0.0
2026-04-13 03:50:01,28.6,60.7,1.1,53.7,0.0,0.0,0.0
2026-04-13 03:50:06,28.7,60.6,0.0,53.7,0.0,0.0,0.0
2026-04-13 03:50:11,28.6,60.5,18.4,53.7,0.0,0.0,0.0
2026-04-13 03:50:16,28.6,60.5,17.3,53.7,0.0,0.0,0.0
2026-04-13 03:50:21,28.6,60.4,14.6,53.7,0.0,0.0,0.0
2026-04-13 03:50:26,28.6,60.4,0.7,53.7,0.0,0.0,0.0
2026-04-13 03:50:31,28.7,60.5,21.6,53.7,0.0,0.0,0.0
2026-04-13 03:50:36,28.5,60.5,14.1,53.7,0.0,0.0,0.0
2026-04-13 03:50:41,28.6,60.5,23.9,53.7,0.0,0.0,0.0
2026-04-13 03:50:46,28.5,60.3,25.9,53.7,0.0,0.0,0.0
2026-04-13 03:50:51,28.6,60.4,0.6,53.7,0.0,0.0,0.0
2026-04-13 03:50:56,28.5,60.4,20.4,53.7,0.0,0.0,0.0
2026-04-13 03:51:01,28.9,60.3,17.6,53.7,0.0,0.0,0.0
2026-04-13 03:51:06,28.6,60.4,13.5,53.7,0.0,0.0,0.0
2026-04-13 03:51:11,28.6,60.5,24.5,53.7,0.0,0.0,0.0
2026-04-13 03:51:16,28.7,60.7,23.3,53.7,0.0,0.0,0.0
2026-04-13 03:51:21,28.6,60.5,15.7,53.7,0.0,0.0,0.0
2026-04-13 03:51:26,28.8,60.7,14.7,53.7,0.0,0.0,0.0
2026-04-13 03:51:31,28.7,60.7,18.8,53.7,0.0,0.0,0.0
2026-04-13 03:51:36,28.7,60.7,25.6,53.7,0.0,0.0,0.0
2026-04-13 03:51:41,28.7,60.7,13.9,53.7,0.0,0.0,0.0
2026-04-13 03:51:46,28.6,60.8,25.6,53.7,0.0,0.0,0.0
2026-04-13 03:51:51,28.7,60.8,22.2,53.7,0.0,0.0,0.0
2026-04-13 03:51:56,28.7,60.7,0.0,53.7,0.0,0.0,0.0
2026-04-13 03:52:01,28.8,60.8,6.9,53.7,0.0,0.0,0.0
2026-04-13 03:52:06,28.6,60.8,11.2,53.7,0.0,0.0,0.0
2026-04-13 03:52:11,28.5,60.8,7.4,53.7,0.0,0.0,0.0
2026-04-13 03:52:16,28.6,60.7,19.6,53.7,0.0,0.0,0.0
2026-04-13 03:52:21,28.6,60.7,28.3,53.7,0.0,0.0,0.0
2026-04-13 03:52:26,28.6,60.9,10.9,53.7,0.0,0.0,0.0
2026-04-13 03:52:31,28.7,60.8,20.1,53.7,0.0,0.0,0.0
2026-04-13 03:52:36,28.7,60.8,24.6,53.7,0.0,0.0,0.0
2026-04-13 03:52:41,28.7,60.8,28.4,53.7,0.0,0.0,0.0
2026-04-13 03:52:46,28.7,60.8,4.3,53.7,0.0,0.0,0.0
2026-04-13 03:52:51,28.7,60.8,13.6,53.7,0.0,0.0,0.0
2026-04-13 03:52:56,28.7,60.7,1.4,53.7,0.0,0.0,0.0
2026-04-13 03:53:01,28.6,60.8,21.6,53.7,0.0,0.0,0.0
2026-04-13 03:53:06,28.7,60.7,5.5,53.8,0.0,0.0,0.0
2026-04-13 03:53:11,28.6,60.7,15.9,53.8,0.0,0.0,0.0
2026-04-13 03:53:16,28.6,60.6,28.1,53.7,0.0,0.0,0.0
2026-04-13 03:53:21,28.8,60.7,25.4,53.7,0.0,0.0,0.0
2026-04-13 03:53:26,28.8,60.5,1.5,53.7,0.0,0.0,0.0
2026-04-13 03:53:31,28.8,60.4,13.2,53.7,0.0,0.0,0.0
2026-04-13 03:53:36,28.7,60.5,21.5,53.7,0.0,0.0,0.0
2026-04-13 03:53:41,28.7,60.6,12.7,53.7,0.0,0.0,0.0
2026-04-13 03:53:46,28.6,60.7,16.9,53.7,0.0,0.0,0.0
2026-04-13 03:53:51,28.6,60.6,1.3,53.7,0.0,0.0,0.0
2026-04-13 03:53:56,28.6,60.6,5.5,53.7,0.0,0.0,0.0
2026-04-13 03:54:01,28.6,60.6,8.8,53.7,0.0,0.0,0.0
2026-04-13 03:54:06,28.7,60.5,0.6,53.7,0.0,0.0,0.0
2026-04-13 03:54:11,28.7,60.5,0.0,53.7,0.0,0.0,0.0
2026-04-13 03:54:16,28.7,60.6,0.0,53.7,0.0,0.0,0.0
2026-04-13 03:54:21,28.7,60.6,0.0,53.7,0.0,0.0,0.0
2026-04-13 03:54:26,28.6,60.7,32.1,53.7,0.0,0.0,0.0
2026-04-13 03:54:31,28.7,60.8,9.1,53.7,0.0,0.0,0.0
2026-04-13 03:54:36,28.6,60.9,4.0,53.7,0.0,0.0,0.0
2026-04-13 03:54:41,28.6,60.9,31.4,53.7,0.0,0.0,0.0
2026-04-13 03:54:46,28.7,61.0,15.9,53.7,0.0,0.0,0.0
2026-04-13 03:54:51,28.7,61.1,3.5,53.7,0.0,0.0,0.0
2026-04-13 03:54:56,28.6,61.0,0.0,53.7,0.0,0.0,0.0
2026-04-13 03:55:01,28.7,61.2,13.9,53.7,0.0,0.0,0.0
2026-04-13 03:55:06,28.6,61.0,16.6,53.7,0.0,0.0,0.0
2026-04-13 03:55:11,28.7,61.0,4.7,53.7,0.0,0.0,0.0
2026-04-13 03:55:16,28.6,61.1,16.1,53.7,0.0,0.0,0.0
2026-04-13 03:55:21,28.7,61.2,16.0,53.7,0.0,0.0,0.0
2026-04-13 03:55:26,28.6,61.1,17.2,53.7,0.0,0.0,0.0
2026-04-13 03:55:31,28.7,61.1,0.0,53.7,0.0,0.0,0.0
2026-04-13 03:55:36,28.5,61.0,28.7,53.7,0.0,0.0,0.0
2026-04-13 03:55:41,28.6,61.0,20.3,53.7,0.0,0.0,0.0
2026-04-13 03:55:46,28.7,61.2,15.6,53.7,0.0,0.0,0.0
2026-04-13 03:55:51,28.7,61.1,1.9,53.7,0.0,0.0,0.0
2026-04-13 03:55:56,28.7,61.1,13.4,53.7,0.0,0.0,0.0
2026-04-13 03:56:01,28.7,61.1,18.9,53.7,0.0,0.0,0.0
2026-04-13 03:56:06,28.7,61.1,51.4,53.7,0.0,0.0,0.0
2026-04-13 03:56:11,28.8,61.2,5.2,53.7,0.0,0.0,0.0
2026-04-13 03:56:16,28.6,61.2,8.8,53.7,0.0,0.0,0.0
2026-04-13 03:56:21,28.7,61.2,8.6,53.7,0.0,0.0,0.0
2026-04-13 03:56:26,28.6,61.2,37.5,53.7,0.0,0.0,0.0
2026-04-13 03:56:31,28.7,61.0,12.5,53.7,0.0,0.0,0.0
2026-04-13 03:56:36,28.7,60.9,22.2,53.7,0.0,0.0,0.0
2026-04-13 03:56:41,28.7,61.0,22.3,53.7,0.0,0.0,0.0
2026-04-13 03:56:46,28.7,61.0,3.3,53.7,0.0,0.0,0.0
2026-04-13 03:56:51,28.8,61.1,20.8,53.7,0.0,0.0,0.0
2026-04-13 03:56:56,28.7,61.2,14.8,53.7,0.0,0.0,0.0
2026-04-13 03:57:01,28.6,61.1,13.5,53.7,0.0,0.0,0.0
2026-04-13 03:57:06,28.5,61.2,16.5,53.7,0.0,0.0,0.0
2026-04-13 03:57:11,28.6,61.2,20.4,53.7,0.0,0.0,0.0
2026-04-13 03:57:16,28.8,61.2,8.8,53.7,0.0,0.0,0.0
2026-04-13 03:57:21,28.7,60.9,22.0,53.7,0.0,0.0,0.0
2026-04-13 03:57:26,28.5,60.9,13.2,53.7,0.0,0.0,0.0
2026-04-13 03:57:31,28.8,60.9,0.0,53.7,0.0,0.0,0.0
2026-04-13 03:57:36,28.6,60.8,22.1,53.8,0.0,0.0,0.0
2026-04-13 03:57:41,28.7,60.9,12.8,53.8,0.0,0.0,0.0
2026-04-13 03:57:46,28.6,60.9,20.0,53.8,0.0,0.0,0.0
2026-04-13 03:57:51,28.5,61.0,17.5,53.8,0.0,0.0,0.0
2026-04-13 03:57:56,28.7,60.9,5.5,53.7,0.0,0.0,0.0
2026-04-13 03:58:01,28.7,60.8,13.1,53.7,0.0,0.0,0.0
2026-04-13 03:58:06,28.8,60.8,9.8,53.7,0.0,0.0,0.0
2026-04-13 03:58:11,28.6,60.9,20.2,53.7,0.0,0.0,0.0
2026-04-13 03:58:16,28.7,60.8,1.5,53.7,0.0,0.0,0.0
2026-04-13 03:58:21,28.7,60.8,11.3,53.7,0.0,0.0,0.0
2026-04-13 03:58:26,28.7,60.8,8.4,53.7,0.0,0.0,0.0
2026-04-13 03:58:31,28.7,60.8,24.8,53.7,0.0,0.0,0.0
2026-04-13 03:58:36,28.7,60.8,17.9,53.7,0.0,0.0,0.0
2026-04-13 03:58:41,28.8,60.8,3.3,53.7,0.0,0.0,0.0
2026-04-13 03:58:46,28.7,60.7,16.5,53.7,0.0,0.0,0.0
2026-04-13 03:58:51,28.8,60.8,2.9,53.7,0.0,0.0,0.0
2026-04-13 03:58:56,28.7,60.7,22.9,53.8,0.0,0.0,0.0
2026-04-13 03:59:01,28.7,60.6,25.8,53.8,0.0,0.0,0.0
2026-04-13 03:59:06,28.8,60.6,19.2,53.7,0.0,0.0,0.0
2026-04-13 03:59:11,28.7,60.5,12.7,53.7,0.0,0.0,0.0
2026-04-13 03:59:16,28.7,60.4,0.9,53.7,0.0,0.0,0.0
2026-04-13 03:59:21,28.7,60.5,18.2,53.7,0.0,0.0,0.0
2026-04-13 03:59:26,28.6,60.5,11.0,53.7,0.0,0.0,0.0
2026-04-13 03:59:31,28.7,60.4,14.2,53.7,0.0,0.0,0.0
2026-04-13 03:59:36,28.6,60.3,22.7,53.7,0.0,0.0,0.0
2026-04-13 03:59:41,28.7,60.3,18.0,53.7,0.0,0.0,0.0
2026-04-13 03:59:46,28.8,60.5,19.8,53.8,0.0,0.0,0.0
2026-04-13 03:59:51,28.7,60.5,23.3,53.8,0.0,0.0,0.0
2026-04-13 03:59:56,28.7,60.5,21.1,53.8,0.0,0.0,0.0
2026-04-13 04:00:01,28.8,60.6,16.6,53.8,0.0,0.0,0.0
2026-04-13 04:00:06,28.7,60.6,13.9,53.7,0.0,0.0,0.0
2026-04-13 04:00:11,28.7,60.6,14.5,53.7,0.0,0.0,0.0
2026-04-13 04:00:16,28.8,60.5,2.7,53.7,0.0,0.0,0.0
2026-04-13 04:00:21,28.7,60.6,2.8,53.7,0.0,0.0,0.0
2026-04-13 04:00:26,28.7,60.7,15.1,53.7,0.0,0.0,0.0
2026-04-13 04:00:31,28.7,60.7,4.3,53.7,0.0,0.0,0.0
2026-04-13 04:00:36,28.7,60.6,23.1,53.7,0.0,0.0,0.0
2026-04-13 04:00:41,28.8,60.7,19.5,53.7,0.0,0.0,0.0
2026-04-13 04:00:46,28.8,60.8,16.6,53.7,0.0,0.0,0.0
2026-04-13 04:00:51,28.7,60.5,0.0,53.7,0.0,0.0,0.0
2026-04-13 04:00:56,28.7,60.5,1.5,53.7,0.0,0.0,0.0
2026-04-13 04:01:01,28.7,60.5,4.3,53.8,0.0,0.0,0.0
2026-04-13 04:01:06,28.7,60.4,14.1,53.8,0.0,0.0,0.0
2026-04-13 04:01:11,28.8,60.6,12.6,53.8,0.0,0.0,0.0
2026-04-13 04:01:16,28.8,60.5,8.8,53.8,0.0,0.0,0.0
2026-04-13 04:01:21,28.7,60.6,11.6,53.8,0.0,0.0,0.0
2026-04-13 04:01:26,28.8,60.8,12.9,53.7,0.0,0.0,0.0
2026-04-13 04:01:31,28.6,60.9,2.7,53.7,0.0,0.0,0.0
2026-04-13 04:01:36,28.6,60.9,29.6,53.7,0.0,0.0,0.0
2026-04-13 04:01:41,28.7,60.9,18.0,53.7,0.0,0.0,0.0
2026-04-13 04:01:46,28.7,61.0,14.4,53.7,0.0,0.0,0.0
2026-04-13 04:01:51,28.8,61.0,25.8,53.7,0.0,0.0,0.0
2026-04-13 04:01:56,28.7,61.0,35.7,53.7,0.0,0.0,0.0
2026-04-13 04:02:01,28.7,60.9,12.8,53.7,0.0,0.0,0.0
2026-04-13 04:02:06,28.8,61.0,13.4,53.7,0.0,0.0,0.0
2026-04-13 04:02:11,28.8,61.0,8.1,53.7,0.0,0.0,0.0
2026-04-13 04:02:16,28.7,61.0,5.8,53.7,0.0,0.0,0.0
2026-04-13 04:02:21,28.6,61.0,16.9,53.8,0.0,0.0,0.0
2026-04-13 04:02:26,28.6,61.0,25.9,53.8,0.0,0.0,0.0
2026-04-13 04:02:31,28.6,61.2,16.6,53.7,0.0,0.0,0.0
2026-04-13 04:02:36,28.6,61.4,0.0,53.7,0.0,0.0,0.0
2026-04-13 04:02:41,28.6,61.4,9.7,53.7,0.0,0.0,0.0
2026-04-13 04:02:46,28.7,61.3,17.7,53.7,0.0,0.0,0.0
2026-04-13 04:02:51,28.7,61.2,0.1,53.7,0.0,0.0,0.0
2026-04-13 04:02:56,28.7,61.0,14.1,53.7,0.0,0.0,0.0
2026-04-13 04:03:01,28.7,61.0,1.1,53.7,0.0,0.0,0.0
2026-04-13 04:03:06,28.6,61.1,0.0,53.8,0.0,0.0,0.0
2026-04-13 04:03:11,28.7,61.1,11.6,53.8,0.0,0.0,0.0
2026-04-13 04:03:16,28.7,61.1,31.7,53.7,0.0,0.0,0.0
2026-04-13 04:03:21,28.7,61.0,23.4,53.7,0.0,0.0,0.0
2026-04-13 04:03:26,28.7,61.1,6.7,53.8,0.0,0.0,0.0
2026-04-13 04:03:31,28.8,61.0,6.4,53.8,0.0,0.0,0.0
2026-04-13 04:03:36,28.8,61.1,29.5,53.8,0.0,0.0,0.0
2026-04-13 04:03:41,28.7,61.1,5.7,53.8,0.0,0.0,0.0
2026-04-13 04:03:46,28.6,61.1,23.9,53.8,0.0,0.0,0.0
2026-04-13 04:03:51,28.6,61.1,0.0,53.8,0.0,0.0,0.0
2026-04-13 04:03:56,28.7,61.2,9.8,53.8,0.0,0.0,0.0
2026-04-13 04:04:01,28.5,61.1,0.0,53.8,0.0,0.0,0.0
2026-04-13 04:04:06,28.6,61.1,6.6,53.8,0.0,0.0,0.0
2026-04-13 04:04:11,28.7,61.1,4.0,53.8,0.0,0.0,0.0
2026-04-13 04:04:16,28.6,61.1,7.3,53.8,0.0,0.0,0.0
2026-04-13 04:04:21,28.6,61.0,3.5,53.8,0.0,0.0,0.0
2026-04-13 04:04:26,28.7,60.9,26.6,53.8,0.0,0.0,0.0
2026-04-13 04:04:31,28.6,60.9,2.7,53.8,0.0,0.0,0.0
2026-04-13 04:04:36,28.5,61.0,2.8,53.8,0.0,0.0,0.0
2026-04-13 04:04:41,28.6,61.0,10.6,53.8,0.0,0.0,0.0
2026-04-13 04:04:46,28.6,61.0,22.3,53.8,0.0,0.0,0.0
2026-04-13 04:04:51,28.6,61.2,25.6,53.8,0.0,0.0,0.0
2026-04-13 04:04:56,28.6,61.2,0.0,53.8,0.0,0.0,0.0
2026-04-13 04:05:01,28.7,61.2,4.4,53.8,0.0,0.0,0.0
2026-04-13 04:05:06,28.6,61.3,9.0,53.8,0.0,0.0,0.0
2026-04-13 04:05:11,28.7,61.4,17.5,53.8,0.0,0.0,0.0
2026-04-13 04:05:16,28.7,61.3,14.3,53.8,0.0,0.0,0.0
2026-04-13 04:05:21,28.7,61.1,20.3,53.8,0.0,0.0,0.0
2026-04-13 04:05:26,28.6,61.1,22.5,53.8,0.0,0.0,0.0
2026-04-13 04:05:31,28.7,61.0,3.8,53.8,0.0,0.0,0.0
2026-04-13 04:05:36,28.6,61.1,7.3,53.8,0.0,0.0,0.0
2026-04-13 04:05:41,28.6,61.0,9.2,53.8,0.0,0.0,0.0
2026-04-13 04:05:46,28.6,60.8,14.5,53.8,0.0,0.0,0.0
2026-04-13 04:05:51,28.6,61.0,24.3,53.8,0.0,0.0,0.0
2026-04-13 04:05:56,28.6,60.9,15.7,53.8,0.0,0.0,0.0
2026-04-13 04:06:01,28.6,60.7,0.0,53.8,0.0,0.0,0.0
2026-04-13 04:06:06,28.5,60.6,22.7,53.8,0.0,0.0,0.0
2026-04-13 04:06:11,28.8,60.7,33.1,53.8,0.0,0.0,0.0
2026-04-13 04:06:16,28.7,60.7,8.3,53.8,0.0,0.0,0.0
2026-04-13 04:06:21,28.7,60.7,18.6,53.8,0.0,0.0,0.0
2026-04-13 04:06:26,28.7,60.5,0.0,53.7,0.0,0.0,0.0
2026-04-13 04:06:31,28.7,60.6,23.3,53.7,0.0,0.0,0.0
2026-04-13 04:06:36,28.7,60.6,20.0,53.8,0.0,0.0,0.0
2026-04-13 04:06:41,28.5,60.6,0.0,53.8,0.0,0.0,0.0
2026-04-13 04:06:46,28.6,60.6,15.9,53.8,0.0,0.0,0.0
2026-04-13 04:06:51,28.7,60.6,3.5,53.8,0.0,0.0,0.0
2026-04-13 04:06:56,28.7,60.6,17.9,53.8,0.0,0.0,0.0
2026-04-13 04:07:01,28.7,60.7,7.9,53.7,0.0,0.0,0.0
2026-04-13 04:07:06,28.7,60.6,29.4,53.7,0.0,0.0,0.0
2026-04-13 04:07:11,28.6,60.6,2.9,53.7,0.0,0.0,0.0
2026-04-13 04:07:16,28.7,60.7,13.0,53.8,0.0,0.0,0.0
2026-04-13 04:07:21,28.5,60.5,1.8,53.8,0.0,0.0,0.0
2026-04-13 04:07:26,28.6,60.5,21.6,53.8,0.0,0.0,0.0
2026-04-13 04:07:31,28.7,60.6,7.8,53.8,0.0,0.0,0.0
2026-04-13 04:07:36,28.7,60.6,24.0,53.7,0.0,0.0,0.0
2026-04-13 04:07:41,28.8,60.7,17.1,53.7,0.0,0.0,0.0
2026-04-13 04:07:46,28.5,60.6,24.8,53.7,0.0,0.0,0.0
2026-04-13 04:07:51,28.6,60.6,27.1,53.7,0.0,0.0,0.0
2026-04-13 04:07:56,28.7,60.5,5.4,53.7,0.0,0.0,0.0
2026-04-13 04:08:01,28.6,60.6,0.0,53.7,0.0,0.0,0.0
2026-04-13 04:08:06,28.6,60.6,3.7,53.7,0.0,0.0,0.0
2026-04-13 04:08:11,28.6,60.6,11.1,53.7,0.0,0.0,0.0
2026-04-13 04:08:16,28.7,60.6,15.5,53.7,0.0,0.0,0.0
2026-04-13 04:08:21,28.7,60.6,37.1,53.7,0.0,0.0,0.0
2026-04-13 04:08:26,28.7,60.5,9.1,53.8,0.0,0.0,0.0
2026-04-13 04:08:31,28.7,60.4,19.4,53.8,0.0,0.0,0.0
2026-04-13 04:08:36,28.5,60.5,3.5,53.8,0.0,0.0,0.0
2026-04-13 04:08:41,28.6,60.5,13.7,53.8,0.0,0.0,0.0
2026-04-13 04:08:46,28.5,60.6,21.3,53.8,0.0,0.0,0.0
2026-04-13 04:08:51,28.7,60.6,9.4,53.8,0.0,0.0,0.0
2026-04-13 04:08:56,28.6,60.8,4.6,53.8,0.0,0.0,0.0
2026-04-13 04:09:01,28.5,60.8,8.2,53.8,0.0,0.0,0.0
2026-04-13 04:09:06,28.6,60.7,13.8,53.8,0.0,0.0,0.0
2026-04-13 04:09:11,28.7,60.7,29.6,53.8,0.0,0.0,0.0
2026-04-13 04:09:16,28.6,60.8,24.3,53.8,0.0,0.0,0.0
2026-04-13 04:09:21,28.5,60.7,20.0,53.8,0.0,0.0,0.0
2026-04-13 04:09:26,28.6,60.8,27.2,53.8,0.0,0.0,0.0
2026-04-13 04:09:31,28.6,60.6,14.0,53.8,0.0,0.0,0.0
2026-04-13 04:09:36,28.6,60.6,21.3,53.8,0.0,0.0,0.0
2026-04-13 04:09:41,28.5,60.5,7.8,53.8,0.0,0.0,0.0
2026-04-13 04:09:46,28.7,60.6,7.2,53.8,0.0,0.0,0.0
2026-04-13 04:09:51,28.6,60.6,28.8,53.8,0.0,0.0,0.0
2026-04-13 04:09:56,28.6,60.5,13.6,53.8,0.0,0.0,0.0
2026-04-13 04:10:01,28.6,60.6,19.4,53.7,0.0,0.0,0.0
2026-04-13 04:10:06,28.7,60.6,16.2,53.7,0.0,0.0,0.0
2026-04-13 04:10:11,28.7,60.7,32.0,53.7,0.0,0.0,0.0
2026-04-13 04:10:16,28.8,60.6,18.9,53.7,0.0,0.0,0.0
2026-04-13 04:10:21,28.4,60.6,31.5,53.8,0.0,0.0,0.0
2026-04-13 04:10:26,28.5,60.7,12.3,53.8,0.0,0.0,0.0
2026-04-13 04:10:31,28.7,60.8,27.0,53.8,0.0,0.0,0.0
2026-04-13 04:10:36,28.7,60.9,23.3,53.8,0.0,0.0,0.0
2026-04-13 04:10:41,28.6,60.9,0.0,53.8,0.0,0.0,0.0
2026-04-13 04:10:46,28.6,61.0,7.9,53.8,0.0,0.0,0.0
2026-04-13 04:10:51,28.6,60.9,31.2,53.7,0.0,0.0,0.0
2026-04-13 04:10:56,28.5,61.0,16.3,53.7,0.0,0.0,0.0
2026-04-13 04:11:01,28.7,61.0,17.9,53.7,0.0,0.0,0.0
2026-04-13 04:11:06,28.4,60.9,24.9,53.8,0.0,0.0,0.0
2026-04-13 04:11:11,28.5,60.9,14.7,53.8,0.0,0.0,0.0
2026-04-13 04:11:16,28.5,60.9,20.4,53.7,0.0,0.0,0.0
2026-04-13 04:11:21,28.6,61.0,0.0,53.7,0.0,0.0,0.0
2026-04-13 04:11:26,28.6,61.0,0.0,53.7,0.0,0.0,0.0
2026-04-13 04:11:31,28.6,60.9,0.0,53.7,0.0,0.0,0.0
2026-04-13 04:11:36,28.7,60.9,29.4,53.7,0.0,0.0,0.0
2026-04-13 04:11:41,28.5,60.8,8.3,53.7,0.0,0.0,0.0
2026-04-13 04:11:46,28.6,60.8,12.9,53.7,0.0,0.0,0.0
2026-04-13 04:11:51,28.4,60.8,7.3,53.7,0.0,0.0,0.0
2026-04-13 04:11:56,28.5,60.8,24.1,53.7,0.0,0.0,0.0
2026-04-13 04:12:01,28.5,60.9,21.9,53.7,0.0,0.0,0.0
2026-04-13 04:12:06,28.5,60.8,35.5,53.7,0.0,0.0,0.0
2026-04-13 04:12:11,28.6,60.7,10.4,53.7,0.0,0.0,0.0
2026-04-13 04:12:16,28.5,60.7,29.1,53.7,0.0,0.0,0.0
2026-04-13 04:12:21,28.6,60.8,21.6,53.7,0.0,0.0,0.0
2026-04-13 04:12:26,28.6,60.8,3.7,53.7,0.0,0.0,0.0
2026-04-13 04:12:31,28.5,60.9,17.6,53.7,0.0,0.0,0.0
2026-04-13 04:12:36,28.7,61.0,35.1,53.7,0.0,0.0,0.0
2026-04-13 04:12:41,28.5,61.0,17.0,53.7,0.0,0.0,0.0
2026-04-13 04:12:46,28.6,61.0,25.7,53.7,0.0,0.0,0.0
2026-04-13 04:12:51,28.5,60.9,2.7,53.7,0.0,0.0,0.0
2026-04-13 04:12:56,28.5,61.0,11.8,53.7,0.0,0.0,0.0
2026-04-13 04:13:01,28.5,60.9,19.2,53.7,0.0,0.0,0.0
2026-04-13 04:13:06,28.6,61.1,26.3,53.7,0.0,0.0,0.0
2026-04-13 04:13:11,28.5,60.9,27.2,53.7,0.0,0.0,0.0
2026-04-13 04:13:16,28.7,60.9,21.4,53.8,0.0,0.0,0.0
2026-04-13 04:13:21,28.7,60.8,13.6,53.8,0.0,0.0,0.0
2026-04-13 04:13:26,28.5,60.8,13.4,53.8,0.0,0.0,0.0
2026-04-13 04:13:31,28.7,60.9,7.7,53.7,0.0,0.0,0.0
2026-04-13 04:13:36,28.6,60.8,13.2,53.7,0.0,0.0,0.0
2026-04-13 04:13:41,28.5,60.8,17.3,53.7,0.0,0.0,0.0
2026-04-13 04:13:46,28.5,60.7,1.6,53.7,0.0,0.0,0.0
2026-04-13 04:13:51,28.5,60.6,17.9,53.7,0.0,0.0,0.0
2026-04-13 04:13:56,28.5,60.6,10.1,53.7,0.0,0.0,0.0
2026-04-13 04:14:01,28.6,60.6,22.1,53.8,0.0,0.0,0.0
2026-04-13 04:14:06,28.5,60.5,33.9,53.8,0.0,0.0,0.0
2026-04-13 04:14:11,28.5,60.4,5.8,53.8,0.0,0.0,0.0
2026-04-13 04:14:16,28.6,60.3,36.0,53.7,0.0,0.0,0.0
2026-04-13 04:14:21,28.6,60.4,5.2,53.7,0.0,0.0,0.0
2026-04-13 04:14:26,28.6,60.4,14.0,53.7,0.0,0.0,0.0
2026-04-13 04:14:31,28.6,60.5,28.7,53.8,0.0,0.0,0.0
2026-04-13 04:14:36,28.7,60.5,36.2,53.8,0.0,0.0,0.0
2026-04-13 04:14:41,28.6,60.5,20.5,53.7,0.0,0.0,0.0
2026-04-13 04:14:46,28.6,60.5,15.6,53.7,0.0,0.0,0.0
2026-04-13 04:14:51,28.6,60.5,22.7,53.7,0.0,0.0,0.0
2026-04-13 04:14:56,28.5,60.7,13.8,53.8,0.0,0.0,0.0
2026-04-13 04:15:01,28.6,60.7,26.7,53.8,0.0,0.0,0.0
2026-04-13 04:15:06,28.6,60.8,27.7,53.8,0.0,0.0,0.0
2026-04-13 04:15:11,28.6,60.8,0.0,53.8,0.0,0.0,0.0
2026-04-13 04:15:16,28.8,60.8,22.6,53.8,0.0,0.0,0.0
2026-04-13 04:15:21,28.5,60.9,10.8,53.8,0.0,0.0,0.0
2026-04-13 04:15:26,28.6,60.8,0.0,53.7,0.0,0.0,0.0
2026-04-13 04:15:31,28.6,60.9,15.4,53.7,0.0,0.0,0.0
2026-04-13 04:15:36,28.7,60.8,24.9,53.7,0.0,0.0,0.0
2026-04-13 04:15:41,28.7,60.8,29.0,53.7,0.0,0.0,0.0
2026-04-13 04:15:46,28.5,60.7,11.6,53.7,0.0,0.0,0.0
2026-04-13 04:15:51,28.7,60.6,23.5,53.7,0.0,0.0,0.0
2026-04-13 04:15:56,28.5,60.7,14.3,53.7,0.0,0.0,0.0
2026-04-13 04:16:01,28.6,60.7,20.6,53.7,0.0,0.0,0.0
2026-04-13 04:16:06,28.6,60.6,6.9,53.7,0.0,0.0,0.0
2026-04-13 04:16:11,28.6,60.7,6.3,53.7,0.0,0.0,0.0
2026-04-13 04:16:16,28.6,60.8,6.6,53.7,0.0,0.0,0.0
2026-04-13 04:16:21,28.5,60.7,10.9,53.7,0.0,0.0,0.0
2026-04-13 04:16:26,28.6,60.8,10.6,53.7,0.0,0.0,0.0
2026-04-13 04:16:31,28.4,60.8,16.7,53.7,0.0,0.0,0.0
2026-04-13 04:16:36,28.5,60.8,13.6,53.7,0.0,0.0,0.0
2026-04-13 04:16:41,28.5,60.8,5.9,53.7,0.0,0.0,0.0
2026-04-13 04:16:46,28.4,60.9,14.7,53.7,0.0,0.0,0.0
2026-04-13 04:16:51,28.6,60.7,23.0,53.7,0.0,0.0,0.0
2026-04-13 04:16:56,28.5,60.7,22.4,53.7,0.0,0.0,0.0
2026-04-13 04:17:01,28.6,60.7,8.2,53.7,0.0,0.0,0.0
2026-04-13 04:17:06,28.6,60.7,19.0,53.7,0.0,0.0,0.0
2026-04-13 04:17:11,28.6,60.8,7.2,53.7,0.0,0.0,0.0
2026-04-13 04:17:16,28.7,60.8,17.3,53.7,0.0,0.0,0.0
2026-04-13 04:17:21,28.6,60.7,1.1,53.7,0.0,0.0,0.0
2026-04-13 04:17:26,28.6,60.8,17.0,53.7,0.0,0.0,0.0
2026-04-13 04:17:31,28.6,60.7,22.3,53.7,0.0,0.0,0.0
2026-04-13 04:17:36,28.7,60.7,9.1,53.7,0.0,0.0,0.0
2026-04-13 04:17:41,28.4,60.8,23.0,53.7,0.0,0.0,0.0
2026-04-13 04:17:46,28.8,61.0,10.9,53.7,0.0,0.0,0.0
2026-04-13 04:17:51,28.5,61.1,10.4,53.7,0.0,0.0,0.0
2026-04-13 04:17:56,28.5,61.0,22.2,53.7,0.0,0.0,0.0
2026-04-13 04:18:01,28.6,61.0,14.0,53.7,0.0,0.0,0.0
2026-04-13 04:18:06,28.6,60.9,21.5,53.7,0.0,0.0,0.0
2026-04-13 04:18:11,28.6,60.8,15.0,53.7,0.0,0.0,0.0
2026-04-13 04:18:16,28.6,61.0,11.1,53.7,0.0,0.0,0.0
2026-04-13 04:18:21,28.7,60.9,6.5,53.7,0.0,0.0,0.0
2026-04-13 04:18:26,28.6,60.8,9.6,53.7,0.0,0.0,0.0
2026-04-13 04:18:31,28.6,60.8,12.6,53.7,0.0,0.0,0.0
2026-04-13 04:18:36,28.7,60.9,21.2,53.7,0.0,0.0,0.0
2026-04-13 04:18:41,28.6,60.9,37.2,53.8,0.0,0.0,0.0
2026-04-13 04:18:46,28.7,60.9,4.3,53.8,0.0,0.0,0.0
2026-04-13 04:18:51,28.7,61.0,21.9,53.8,0.0,0.0,0.0
2026-04-13 04:18:56,28.6,61.0,8.3,53.8,0.0,0.0,0.0
2026-04-13 04:19:01,28.8,60.9,21.2,53.8,0.0,0.0,0.0
2026-04-13 04:19:06,28.6,61.0,15.5,53.8,0.0,0.0,0.0
2026-04-13 04:19:11,28.7,60.9,14.2,53.8,0.0,0.0,0.0
2026-04-13 04:19:16,28.6,60.9,11.9,53.8,0.0,0.0,0.0
2026-04-13 04:19:21,28.5,60.8,18.6,53.8,0.0,0.0,0.0
2026-04-13 04:19:26,28.6,60.7,11.4,53.8,0.0,0.0,0.0
2026-04-13 04:19:31,28.6,60.6,23.3,53.8,0.0,0.0,0.0
2026-04-13 04:19:36,28.7,60.7,22.9,53.8,0.0,0.0,0.0
2026-04-13 04:19:41,28.8,60.7,4.7,53.8,0.0,0.0,0.0
2026-04-13 04:19:46,28.6,60.7,24.4,53.8,0.0,0.0,0.0
2026-04-13 04:19:51,28.7,60.7,1.2,53.8,0.0,0.0,0.0
2026-04-13 04:19:56,28.6,60.6,0.0,53.8,0.0,0.0,0.0
2026-04-13 04:20:01,28.7,60.7,0.0,53.8,0.0,0.0,0.0
2026-04-13 04:20:06,28.8,60.5,10.8,53.8,0.0,0.0,0.0
2026-04-13 04:20:11,28.7,60.5,18.0,53.8,0.0,0.0,0.0
2026-04-13 04:20:16,28.7,60.5,16.3,53.8,0.0,0.0,0.0
2026-04-13 04:20:21,28.6,60.4,11.1,53.7,0.0,0.0,0.0
2026-04-13 04:20:26,28.9,60.3,14.9,53.7,0.0,0.0,0.0
2026-04-13 04:20:31,28.6,60.2,15.7,53.7,0.0,0.0,0.0
2026-04-13 04:20:36,28.6,60.3,8.8,53.7,0.0,0.0,0.0
2026-04-13 04:20:41,28.7,60.1,32.9,53.8,0.0,0.0,0.0
2026-04-13 04:20:46,28.7,60.2,37.6,53.8,0.0,0.0,0.0
2026-04-13 04:20:51,28.7,60.2,5.4,53.8,0.0,0.0,0.0
2026-04-13 04:20:56,28.6,60.1,8.0,53.8,0.0,0.0,0.0
2026-04-13 04:21:01,28.7,60.2,10.3,53.8,0.0,0.0,0.0
2026-04-13 04:21:06,28.6,60.1,39.9,53.8,0.0,0.0,0.0
2026-04-13 04:21:11,28.6,60.2,19.3,53.8,0.0,0.0,0.0
2026-04-13 04:21:16,28.8,60.0,4.4,53.8,0.0,0.0,0.0
2026-04-13 04:21:21,28.6,60.0,18.1,53.8,0.0,0.0,0.0
2026-04-13 04:21:26,28.7,60.1,35.2,53.8,0.0,0.0,0.0
2026-04-13 04:21:31,28.7,60.2,11.6,53.8,0.0,0.0,0.0
2026-04-13 04:21:36,28.6,60.1,9.6,53.8,0.0,0.0,0.0
2026-04-13 04:21:41,28.7,60.2,9.6,53.8,0.0,0.0,0.0
2026-04-13 04:21:46,28.8,60.2,3.5,53.8,0.0,0.0,0.0
2026-04-13 04:21:51,28.7,60.3,14.0,53.8,0.0,0.0,0.0
2026-04-13 04:21:56,28.6,60.2,5.3,53.8,0.0,0.0,0.0
2026-04-13 04:22:01,28.8,60.2,42.6,53.8,0.0,0.0,0.0
2026-04-13 04:22:06,28.6,60.2,24.6,53.8,0.0,0.0,0.0
2026-04-13 04:22:11,28.6,60.3,11.8,53.8,0.0,0.0,0.0
2026-04-13 04:22:16,28.7,60.3,11.9,53.8,0.0,0.0,0.0
2026-04-13 04:22:21,28.6,60.3,16.7,53.8,0.0,0.0,0.0
2026-04-13 04:22:26,28.7,60.0,15.0,53.8,0.0,0.0,0.0
2026-04-13 04:22:31,28.6,60.1,5.8,53.8,0.0,0.0,0.0
2026-04-13 04:22:36,28.6,60.1,19.2,53.8,0.0,0.0,0.0
2026-04-13 04:22:41,28.6,60.0,27.3,53.8,0.0,0.0,0.0
2026-04-13 04:22:46,28.5,59.9,0.0,53.8,0.0,0.0,0.0
2026-04-13 04:22:51,28.4,59.9,29.9,53.8,0.0,0.0,0.0
2026-04-13 04:22:56,28.7,60.0,8.3,53.8,0.0,0.0,0.0
2026-04-13 04:23:01,28.6,60.1,7.3,53.8,0.0,0.0,0.0
2026-04-13 04:23:06,28.7,60.0,5.8,53.8,0.0,0.0,0.0
2026-04-13 04:23:11,28.6,60.0,5.6,53.8,0.0,0.0,0.0
2026-04-13 04:23:16,28.7,60.0,30.6,53.8,0.0,0.0,0.0
2026-04-13 04:23:21,28.7,60.0,25.9,53.8,0.0,0.0,0.0
2026-04-13 04:23:26,28.6,60.1,9.5,53.8,0.0,0.0,0.0
2026-04-13 04:23:31,28.5,60.1,15.7,53.8,0.0,0.0,0.0
2026-04-13 04:23:36,28.8,60.2,9.9,53.8,0.0,0.0,0.0
2026-04-13 04:23:41,28.7,60.3,13.3,53.8,0.0,0.0,0.0
2026-04-13 04:23:46,28.5,60.3,16.1,53.8,0.0,0.0,0.0
2026-04-13 04:23:51,28.7,60.4,15.7,53.8,0.0,0.0,0.0
2026-04-13 04:23:56,28.6,60.5,22.7,53.7,0.0,0.0,0.0
2026-04-13 04:24:01,28.6,60.5,5.9,53.7,0.0,0.0,0.0
2026-04-13 04:24:06,28.6,60.5,12.2,53.8,0.0,0.0,0.0
2026-04-13 04:24:11,28.6,60.4,10.3,53.8,0.0,0.0,0.0
2026-04-13 04:24:16,28.6,60.5,29.1,53.8,0.0,0.0,0.0
2026-04-13 04:24:21,28.7,60.6,12.9,53.8,0.0,0.0,0.0
2026-04-13 04:24:26,28.6,60.6,0.0,53.8,0.0,0.0,0.0
2026-04-13 04:24:31,28.6,60.7,18.0,53.8,0.0,0.0,0.0
2026-04-13 04:24:36,28.6,60.5,1.7,53.8,0.0,0.0,0.0
2026-04-13 04:24:41,28.4,60.5,1.4,53.8,0.0,0.0,0.0
2026-04-13 04:24:46,28.6,60.5,15.9,53.8,0.0,0.0,0.0
2026-04-13 04:24:51,28.6,60.5,27.1,53.8,0.0,0.0,0.0
2026-04-13 04:24:56,28.6,60.5,17.2,53.8,0.0,0.0,0.0
2026-04-13 04:25:01,28.5,60.6,12.8,53.8,0.0,0.0,0.0
2026-04-13 04:25:06,28.6,60.7,3.0,53.8,0.0,0.0,0.0
2026-04-13 04:25:11,28.7,60.7,20.9,53.8,0.0,0.0,0.0
2026-04-13 04:25:16,28.6,60.7,10.8,53.8,0.0,0.0,0.0
2026-04-13 04:25:21,28.6,60.7,11.0,53.8,0.0,0.0,0.0
2026-04-13 04:25:26,28.7,60.5,23.3,53.8,0.0,0.0,0.0
2026-04-13 04:25:31,28.6,60.5,0.0,53.8,0.0,0.0,0.0
2026-04-13 04:25:36,28.6,60.7,21.8,53.8,0.0,0.0,0.0
2026-04-13 04:25:41,28.5,60.6,16.9,53.8,0.0,0.0,0.0
2026-04-13 04:25:46,28.5,60.6,46.9,53.8,0.0,0.0,0.0
2026-04-13 04:25:51,28.7,60.7,0.4,53.8,0.0,0.0,0.0
2026-04-13 04:25:56,28.5,60.6,14.3,53.8,0.0,0.0,0.0
2026-04-13 04:26:01,28.6,60.5,25.2,53.8,0.0,0.0,0.0
2026-04-13 04:26:06,28.7,60.7,13.8,53.8,0.0,0.0,0.0
2026-04-13 04:26:11,28.7,60.6,13.4,53.8,0.0,0.0,0.0
2026-04-13 04:26:16,28.8,60.7,18.1,53.8,0.0,0.0,0.0
2026-04-13 04:26:21,28.7,60.7,22.0,53.8,0.0,0.0,0.0
2026-04-13 04:26:26,28.7,60.6,5.4,53.8,0.0,0.0,0.0
2026-04-13 04:26:31,28.6,60.7,21.3,53.8,0.0,0.0,0.0
2026-04-13 04:26:36,28.7,60.7,0.0,53.8,0.0,0.0,0.0
2026-04-13 04:26:41,28.6,60.8,30.2,53.8,0.0,0.0,0.0
2026-04-13 04:26:46,28.7,60.8,19.2,53.8,0.0,0.0,0.0
2026-04-13 04:26:51,28.6,60.9,15.3,53.8,0.0,0.0,0.0
2026-04-13 04:26:56,28.5,60.9,3.4,53.8,0.0,0.0,0.0
2026-04-13 04:27:01,28.7,60.8,23.9,53.8,0.0,0.0,0.0
2026-04-13 04:27:06,28.5,60.7,21.7,53.8,0.0,0.0,0.0
2026-04-13 04:27:11,28.6,60.6,4.6,53.8,0.0,0.0,0.0
2026-04-13 04:27:16,28.7,60.6,9.4,53.8,0.0,0.0,0.0
2026-04-13 04:27:21,28.5,60.7,14.8,53.8,0.0,0.0,0.0
2026-04-13 04:27:26,28.8,60.7,10.6,53.8,0.0,0.0,0.0
2026-04-13 04:27:31,28.5,60.8,12.1,53.8,0.0,0.0,0.0
2026-04-13 04:27:36,28.6,60.8,0.0,53.8,0.0,0.0,0.0
2026-04-13 04:27:41,28.7,60.8,9.2,53.8,0.0,0.0,0.0
2026-04-13 04:27:46,28.7,60.8,0.0,53.8,0.0,0.0,0.0
2026-04-13 04:27:51,28.7,60.6,0.0,53.8,0.0,0.0,0.0
2026-04-13 04:27:56,28.5,60.7,3.3,53.8,0.0,0.0,0.0
2026-04-13 04:28:01,28.6,60.7,2.3,53.8,0.0,0.0,0.0
2026-04-13 04:28:06,28.6,60.7,6.6,53.8,0.0,0.0,0.0
2026-04-13 04:28:11,28.6,60.5,14.4,53.8,0.0,0.0,0.0
2026-04-13 04:28:16,28.6,60.6,0.0,53.8,0.0,0.0,0.0
2026-04-13 04:28:21,28.7,60.5,0.0,53.8,0.0,0.0,0.0
2026-04-13 04:28:26,28.6,60.6,16.2,53.8,0.0,0.0,0.0
2026-04-13 04:28:31,28.7,60.4,17.9,53.8,0.0,0.0,0.0
2026-04-13 04:28:36,28.5,60.5,13.1,53.9,0.0,0.0,0.0
2026-04-13 04:28:41,28.6,60.4,9.6,53.9,0.0,0.0,0.0
2026-04-13 04:28:46,28.7,60.5,8.2,53.8,0.0,0.0,0.0
2026-04-13 04:28:51,28.7,60.6,0.0,53.8,0.0,0.0,0.0
2026-04-13 04:28:56,28.7,60.6,7.1,53.8,0.0,0.0,0.0
2026-04-13 04:29:01,28.7,60.6,18.3,53.8,0.0,0.0,0.0
2026-04-13 04:29:06,28.5,60.4,16.6,53.8,0.0,0.0,0.0
2026-04-13 04:29:11,28.7,60.5,25.6,53.8,0.0,0.0,0.0
2026-04-13 04:29:16,28.7,60.5,0.2,53.8,0.0,0.0,0.0
2026-04-13 04:29:21,28.6,60.5,17.9,53.8,0.0,0.0,0.0
2026-04-13 04:29:26,28.8,60.6,4.4,53.8,0.0,0.0,0.0
2026-04-13 04:29:31,28.8,60.7,5.8,53.8,0.0,0.0,0.0
2026-04-13 04:29:36,28.7,60.7,27.0,53.8,0.0,0.0,0.0
2026-04-13 04:29:41,28.6,60.6,12.7,53.8,0.0,0.0,0.0
2026-04-13 04:29:46,28.6,60.6,9.8,53.8,0.0,0.0,0.0
2026-04-13 04:29:51,28.7,60.6,3.7,53.8,0.0,0.0,0.0
2026-04-13 04:29:56,28.8,60.7,27.5,53.8,0.0,0.0,0.0
2026-04-13 04:30:01,28.6,60.8,12.2,53.8,0.0,0.0,0.0
2026-04-13 04:30:06,28.6,60.8,27.1,53.8,0.0,0.0,0.0
2026-04-13 04:30:11,28.7,60.8,22.1,53.8,0.0,0.0,0.0
2026-04-13 04:30:16,28.8,60.8,7.3,53.8,0.0,0.0,0.0
2026-04-13 04:30:21,28.7,60.8,24.3,53.8,0.0,0.0,0.0
2026-04-13 04:30:26,28.6,60.8,32.1,53.8,0.0,0.0,0.0
2026-04-13 04:30:31,28.7,60.7,5.4,53.8,0.0,0.0,0.0
2026-04-13 04:30:36,28.7,60.9,12.6,53.8,0.0,0.0,0.0
2026-04-13 04:30:41,28.6,60.8,9.6,53.8,0.0,0.0,0.0
2026-04-13 04:30:46,28.8,60.7,13.5,53.8,0.0,0.0,0.0
2026-04-13 04:30:51,28.7,60.6,0.0,53.8,0.0,0.0,0.0
2026-04-13 04:30:56,28.6,60.7,15.1,53.8,0.0,0.0,0.0
2026-04-13 04:31:01,28.7,60.7,2.3,53.8,0.0,0.0,0.0
2026-04-13 04:31:06,28.6,60.6,8.0,53.7,0.0,0.0,0.0
2026-04-13 04:31:11,28.8,60.5,17.5,53.7,0.0,0.0,0.0
2026-04-13 04:31:16,28.8,60.5,35.0,53.8,0.0,0.0,0.0
2026-04-13 04:31:21,28.8,60.3,15.0,53.8,0.0,0.0,0.0
2026-04-13 04:31:26,28.8,60.2,23.2,53.8,0.0,0.0,0.0
2026-04-13 04:31:31,28.7,60.4,23.5,53.8,0.0,0.0,0.0
2026-04-13 04:31:36,28.7,60.3,23.9,53.8,0.0,0.0,0.0
2026-04-13 04:31:41,28.8,60.4,0.0,53.8,0.0,0.0,0.0
2026-04-13 04:31:46,28.8,60.5,24.6,53.8,0.0,0.0,0.0
2026-04-13 04:31:51,28.8,60.6,12.2,53.8,0.0,0.0,0.0
2026-04-13 04:31:56,28.7,60.7,26.1,53.8,0.0,0.0,0.0
2026-04-13 04:32:01,28.9,60.7,5.6,53.8,0.0,0.0,0.0
2026-04-13 04:32:06,28.8,60.7,8.6,53.8,0.0,0.0,0.0
2026-04-13 04:32:11,28.7,60.7,24.7,53.8,0.0,0.0,0.0
2026-04-13 04:32:16,28.8,60.9,17.9,53.8,0.0,0.0,0.0
2026-04-13 04:32:21,28.8,60.8,3.0,53.8,0.0,0.0,0.0
2026-04-13 04:32:26,28.8,60.8,30.7,53.8,0.0,0.0,0.0
2026-04-13 04:32:31,28.7,60.8,23.6,53.8,0.0,0.0,0.0
2026-04-13 04:32:36,28.7,60.7,38.7,53.8,0.0,0.0,0.0
2026-04-13 04:32:41,28.6,60.6,20.5,53.8,0.0,0.0,0.0
2026-04-13 04:32:46,28.6,60.6,11.5,53.8,0.0,0.0,0.0
2026-04-13 04:32:51,28.7,60.5,24.2,53.8,0.0,0.0,0.0
2026-04-13 04:32:56,28.9,60.7,19.9,53.8,0.0,0.0,0.0
2026-04-13 04:33:01,28.7,60.6,15.9,53.8,0.0,0.0,0.0
2026-04-13 04:33:06,28.8,60.8,11.4,53.8,0.0,0.0,0.0
2026-04-13 04:33:11,28.7,60.8,8.0,53.8,0.0,0.0,0.0
2026-04-13 04:33:16,28.7,60.7,0.0,53.8,0.0,0.0,0.0
2026-04-13 04:33:21,28.7,60.9,29.9,53.8,0.0,0.0,0.0
2026-04-13 04:33:26,28.8,60.7,7.6,53.8,0.0,0.0,0.0
2026-04-13 04:33:31,28.7,60.8,24.4,53.8,0.0,0.0,0.0
2026-04-13 04:33:36,28.8,60.8,27.5,53.8,0.0,0.0,0.0
2026-04-13 04:33:41,28.8,60.9,0.0,53.8,0.0,0.0,0.0
2026-04-13 04:33:46,28.7,60.9,10.9,53.8,0.0,0.0,0.0
2026-04-13 04:33:51,28.8,60.9,20.7,53.8,0.0,0.0,0.0
2026-04-13 04:33:56,28.8,61.1,16.0,53.8,0.0,0.0,0.0
2026-04-13 04:34:01,28.7,61.1,18.6,53.8,0.0,0.0,0.0
2026-04-13 04:34:06,28.9,61.0,14.5,53.8,0.0,0.0,0.0
2026-04-13 04:34:11,28.8,61.0,10.1,53.8,0.0,0.0,0.0
2026-04-13 04:34:16,28.7,61.1,18.2,53.8,0.0,0.0,0.0
2026-04-13 04:34:21,28.8,61.1,8.2,53.8,0.0,0.0,0.0
2026-04-13 04:34:26,28.7,61.1,15.4,53.8,0.0,0.0,0.0
2026-04-13 04:34:31,28.8,61.1,19.0,53.8,0.0,0.0,0.0
2026-04-13 04:34:36,28.8,61.1,20.8,53.8,0.0,0.0,0.0
2026-04-13 04:34:41,28.8,61.0,38.3,53.8,0.0,0.0,0.0
2026-04-13 04:34:46,28.7,60.8,28.2,53.8,0.0,0.0,0.0
2026-04-13 04:34:51,28.9,60.8,26.5,53.8,0.0,0.0,0.0
2026-04-13 04:34:56,28.9,60.7,33.5,53.8,0.0,0.0,0.0
2026-04-13 04:35:01,28.9,60.6,23.8,53.8,0.0,0.0,0.0
2026-04-13 04:35:06,28.8,60.5,7.6,53.8,0.0,0.0,0.0
2026-04-13 04:35:11,28.8,60.6,3.2,53.8,0.0,0.0,0.0
2026-04-13 04:35:16,28.7,60.6,6.0,53.8,0.0,0.0,0.0
2026-04-13 04:35:21,28.7,60.7,13.1,53.8,0.0,0.0,0.0
2026-04-13 04:35:26,28.8,60.6,30.1,53.8,0.0,0.0,0.0
2026-04-13 04:35:31,28.8,60.7,8.2,53.8,0.0,0.0,0.0
2026-04-13 04:35:36,28.6,60.6,14.1,53.8,0.0,0.0,0.0
2026-04-13 04:35:41,28.8,60.7,13.0,53.8,0.0,0.0,0.0
2026-04-13 04:35:46,28.9,60.7,26.5,53.8,0.0,0.0,0.0
2026-04-13 04:35:51,29.0,60.7,8.6,53.8,0.0,0.0,0.0
2026-04-13 04:35:56,28.8,60.6,4.8,53.8,0.0,0.0,0.0
2026-04-13 04:36:01,28.8,60.5,5.1,53.8,0.0,0.0,0.0
2026-04-13 04:36:06,28.8,60.6,0.2,53.8,0.0,0.0,0.0
2026-04-13 04:36:11,28.9,60.5,21.3,53.8,0.0,0.0,0.0
2026-04-13 04:36:16,28.8,60.5,15.5,53.8,0.0,0.0,0.0
2026-04-13 04:36:21,28.8,60.6,22.4,53.8,0.0,0.0,0.0
2026-04-13 04:36:26,28.7,60.7,27.2,53.8,0.0,0.0,0.0
2026-04-13 04:36:31,29.0,60.7,3.3,53.8,0.0,0.0,0.0
2026-04-13 04:36:36,28.6,60.5,25.6,53.8,0.0,0.0,0.0
2026-04-13 04:36:41,28.8,60.4,23.9,53.8,0.0,0.0,0.0
2026-04-13 04:36:46,28.7,60.4,12.0,53.8,0.0,0.0,0.0
2026-04-13 04:36:51,28.7,60.4,26.6,53.8,0.0,0.0,0.0
2026-04-13 04:36:56,29.0,60.5,21.2,53.8,0.0,0.0,0.0
2026-04-13 04:37:01,28.7,60.5,14.8,53.8,0.0,0.0,0.0
2026-04-13 04:37:06,28.8,60.6,15.4,53.8,0.0,0.0,0.0
2026-04-13 04:37:11,28.9,60.4,7.6,53.8,0.0,0.0,0.0
2026-04-13 04:37:16,28.7,60.4,17.1,53.8,0.0,0.0,0.0
2026-04-13 04:37:21,28.7,60.5,26.5,53.8,0.0,0.0,0.0
2026-04-13 04:37:26,28.8,60.6,2.6,53.8,0.0,0.0,0.0
2026-04-13 04:37:31,28.8,60.6,15.6,53.8,0.0,0.0,0.0
2026-04-13 04:37:36,28.7,60.7,0.0,53.8,0.0,0.0,0.0
2026-04-13 04:37:41,28.9,60.8,14.6,53.8,0.0,0.0,0.0
2026-04-13 04:37:46,28.8,60.9,10.1,53.8,0.0,0.0,0.0
2026-04-13 04:37:51,28.9,60.9,22.2,53.8,0.0,0.0,0.0
2026-04-13 04:37:56,28.8,60.8,15.6,53.8,0.0,0.0,0.0
2026-04-13 04:38:01,28.9,60.7,19.9,53.8,0.0,0.0,0.0
2026-04-13 04:38:06,28.7,60.7,3.5,53.8,0.0,0.0,0.0
2026-04-13 04:38:11,28.8,60.8,13.6,53.8,0.0,0.0,0.0
2026-04-13 04:38:16,28.7,60.8,12.0,53.8,0.0,0.0,0.0
2026-04-13 04:38:21,28.8,60.7,12.1,53.8,0.0,0.0,0.0
2026-04-13 04:38:26,28.8,60.7,29.5,53.8,0.0,0.0,0.0
2026-04-13 04:38:31,28.8,60.6,14.4,53.8,0.0,0.0,0.0
2026-04-13 04:38:36,28.8,60.6,5.2,53.8,0.0,0.0,0.0
2026-04-13 04:38:41,28.7,60.6,15.2,53.8,0.0,0.0,0.0
2026-04-13 04:38:46,28.7,60.6,29.5,53.8,0.0,0.0,0.0
2026-04-13 04:38:51,28.7,60.4,31.0,53.8,0.0,0.0,0.0
2026-04-13 04:38:56,28.7,60.5,20.8,53.8,0.0,0.0,0.0
2026-04-13 04:39:01,28.9,60.6,9.1,53.8,0.0,0.0,0.0
2026-04-13 04:39:06,28.8,60.5,6.0,53.8,0.0,0.0,0.0
2026-04-13 04:39:11,28.8,60.5,16.5,53.8,0.0,0.0,0.0
2026-04-13 04:39:16,28.7,60.5,18.2,53.8,0.0,0.0,0.0
2026-04-13 04:39:21,28.5,60.5,17.3,53.8,0.0,0.0,0.0
2026-04-13 04:39:26,28.7,60.7,19.2,53.8,0.0,0.0,0.0
2026-04-13 04:39:31,28.9,60.8,10.0,53.8,0.0,0.0,0.0
2026-04-13 04:39:36,28.8,61.0,26.7,53.8,0.0,0.0,0.0
2026-04-13 04:39:41,28.9,61.0,0.0,53.8,0.0,0.0,0.0
2026-04-13 04:39:46,28.7,60.9,19.6,53.8,0.0,0.0,0.0
2026-04-13 04:39:51,28.8,60.9,7.8,53.8,0.0,0.0,0.0
2026-04-13 04:39:56,28.7,60.8,24.8,53.8,0.0,0.0,0.0
2026-04-13 04:40:01,28.7,60.8,19.7,53.8,0.0,0.0,0.0
2026-04-13 04:40:06,28.8,60.8,23.4,53.8,0.0,0.0,0.0
2026-04-13 04:40:11,28.7,60.8,10.3,53.8,0.0,0.0,0.0
2026-04-13 04:40:16,28.8,60.8,10.8,53.8,0.0,0.0,0.0
2026-04-13 04:40:21,28.8,60.7,19.2,53.8,0.0,0.0,0.0
2026-04-13 04:40:26,28.7,60.7,19.1,53.8,0.0,0.0,0.0
2026-04-13 04:40:31,28.7,60.6,11.1,53.8,0.0,0.0,0.0
2026-04-13 04:40:36,28.7,60.7,17.5,53.8,0.0,0.0,0.0
2026-04-13 04:40:41,28.8,60.7,7.6,53.8,0.0,0.0,0.0
2026-04-13 04:40:46,28.9,60.8,22.0,53.8,0.0,0.0,0.0
2026-04-13 04:40:51,28.7,60.9,20.8,53.8,0.0,0.0,0.0
2026-04-13 04:40:56,28.6,60.9,31.1,53.8,0.0,0.0,0.0
2026-04-13 04:41:01,28.9,61.0,0.0,53.8,0.0,0.0,0.0
2026-04-13 04:41:06,28.9,61.0,6.8,53.8,0.0,0.0,0.0
2026-04-13 04:41:11,28.7,61.1,10.2,53.8,0.0,0.0,0.0
2026-04-13 04:41:16,28.7,61.1,11.2,53.8,0.0,0.0,0.0
2026-04-13 04:41:21,28.9,61.0,11.5,53.8,0.0,0.0,0.0
2026-04-13 04:41:26,28.7,60.9,6.4,53.8,0.0,0.0,0.0
2026-04-13 04:41:31,28.8,61.0,9.7,53.8,0.0,0.0,0.0
2026-04-13 04:41:36,28.7,60.8,0.0,53.8,0.0,0.0,0.0
2026-04-13 04:41:41,28.7,60.9,14.3,53.8,0.0,0.0,0.0
2026-04-13 04:41:46,28.8,60.9,21.5,53.8,0.0,0.0,0.0
2026-04-13 04:41:51,28.8,60.9,26.5,53.8,0.0,0.0,0.0
2026-04-13 04:41:56,28.8,60.9,24.4,53.8,0.0,0.0,0.0
2026-04-13 04:42:01,28.8,61.0,17.8,53.8,0.0,0.0,0.0
2026-04-13 04:42:06,28.8,60.9,17.3,53.8,0.0,0.0,0.0
2026-04-13 04:42:11,28.8,60.8,20.8,53.8,0.0,0.0,0.0
2026-04-13 04:42:16,29.0,60.8,19.8,53.8,0.0,0.0,0.0
2026-04-13 04:42:21,28.7,60.8,14.1,53.8,0.0,0.0,0.0
2026-04-13 04:42:26,28.7,60.8,23.4,53.8,0.0,0.0,0.0
2026-04-13 04:42:31,29.0,60.8,12.7,53.8,0.0,0.0,0.0
2026-04-13 04:42:36,28.7,60.9,12.9,53.8,0.0,0.0,0.0
2026-04-13 04:42:41,28.7,60.9,21.1,53.8,0.0,0.0,0.0
2026-04-13 04:42:46,28.8,61.0,4.7,53.8,0.0,0.0,0.0
2026-04-13 04:42:51,28.7,60.9,20.3,53.8,0.0,0.0,0.0
2026-04-13 04:42:56,28.9,61.0,25.9,53.8,0.0,0.0,0.0
2026-04-13 04:43:01,28.9,61.0,5.0,53.8,0.0,0.0,0.0
2026-04-13 04:43:06,28.8,61.0,21.8,53.8,0.0,0.0,0.0
2026-04-13 04:43:11,28.7,61.1,0.0,53.8,0.0,0.0,0.0
2026-04-13 04:43:16,28.9,61.0,8.1,53.8,0.0,0.0,0.0
2026-04-13 04:43:21,28.8,61.0,25.0,53.8,0.0,0.0,0.0
2026-04-13 04:43:26,28.8,61.0,0.0,53.8,0.0,0.0,0.0
2026-04-13 04:43:31,28.7,61.1,11.6,53.8,0.0,0.0,0.0
2026-04-13 04:43:36,28.7,61.1,24.9,53.9,0.0,0.0,0.0
2026-04-13 04:43:41,28.8,61.3,21.8,53.9,0.0,0.0,0.0
2026-04-13 04:43:46,28.7,61.3,24.2,53.8,0.0,0.0,0.0
2026-04-13 04:43:51,28.7,61.3,16.8,53.8,0.0,0.0,0.0
2026-04-13 04:43:56,28.7,61.3,0.0,53.8,0.0,0.0,0.0
2026-04-13 04:44:01,29.0,61.4,9.7,53.8,0.0,0.0,0.0
2026-04-13 04:44:06,28.6,61.2,25.3,53.8,0.0,0.0,0.0
2026-04-13 04:44:11,28.8,61.2,6.8,53.8,0.0,0.0,0.0
2026-04-13 04:44:16,28.8,61.1,4.7,53.8,0.0,0.0,0.0
2026-04-13 04:44:21,28.7,60.9,27.3,53.8,0.0,0.0,0.0
2026-04-13 04:44:26,28.7,61.0,15.1,53.8,0.0,0.0,0.0
2026-04-13 04:44:31,28.8,61.0,5.8,53.8,0.0,0.0,0.0
2026-04-13 04:44:36,28.8,61.0,24.4,53.9,0.0,0.0,0.0
2026-04-13 04:44:41,28.7,61.0,20.1,53.9,0.0,0.0,0.0
2026-04-13 04:44:46,28.8,60.9,31.4,53.9,0.0,0.0,0.0
2026-04-13 04:44:51,28.7,61.0,24.1,53.9,0.0,0.0,0.0
2026-04-13 04:44:56,28.8,60.9,11.4,53.9,0.0,0.0,0.0
2026-04-13 04:45:01,28.6,61.0,10.6,53.9,0.0,0.0,0.0
2026-04-13 04:45:06,28.7,60.8,2.1,53.9,0.0,0.0,0.0
2026-04-13 04:45:11,28.8,60.7,5.4,53.9,0.0,0.0,0.0
2026-04-13 04:45:16,28.7,60.7,32.1,53.9,0.0,0.0,0.0
2026-04-13 04:45:21,28.9,60.7,27.2,53.9,0.0,0.0,0.0
2026-04-13 04:45:26,28.7,60.6,0.0,53.9,0.0,0.0,0.0
2026-04-13 04:45:31,28.9,60.7,22.7,53.9,0.0,0.0,0.0
2026-04-13 04:45:36,28.8,60.8,19.2,53.9,0.0,0.0,0.0
2026-04-13 04:45:41,28.8,60.7,21.7,53.9,0.0,0.0,0.0
2026-04-13 04:45:46,28.9,60.6,12.3,53.9,0.0,0.0,0.0
2026-04-13 04:45:51,28.6,60.6,0.0,53.9,0.0,0.0,0.0
2026-04-13 04:45:56,28.6,60.7,0.0,53.9,0.0,0.0,0.0
2026-04-13 04:46:01,28.7,60.6,25.0,53.9,0.0,0.0,0.0
2026-04-13 04:46:06,28.8,60.6,0.0,53.9,0.0,0.0,0.0
2026-04-13 04:46:11,28.7,60.7,23.7,53.9,0.0,0.0,0.0
2026-04-13 04:46:16,28.8,60.7,26.4,53.9,0.0,0.0,0.0
2026-04-13 04:46:21,28.9,60.8,13.3,53.9,0.0,0.0,0.0
2026-04-13 04:46:26,28.7,60.7,33.6,53.9,0.0,0.0,0.0
2026-04-13 04:46:31,28.7,60.6,24.5,53.9,0.0,0.0,0.0
2026-04-13 04:46:36,28.9,60.5,0.0,53.8,0.0,0.0,0.0
2026-04-13 04:46:41,28.7,60.5,23.9,53.8,0.0,0.0,0.0
2026-04-13 04:46:46,28.8,60.5,33.7,53.9,0.0,0.0,0.0
2026-04-13 04:46:51,28.8,60.6,11.8,53.9,0.0,0.0,0.0
2026-04-13 04:46:56,28.7,60.6,10.1,53.9,0.0,0.0,0.0
2026-04-13 04:47:01,28.6,60.7,20.9,53.9,0.0,0.0,0.0
2026-04-13 04:47:06,28.8,60.7,13.3,53.9,0.0,0.0,0.0
2026-04-13 04:47:11,28.7,60.8,17.0,53.9,0.0,0.0,0.0
2026-04-13 04:47:16,28.8,60.8,5.6,53.9,0.0,0.0,0.0
2026-04-13 04:47:21,28.7,60.9,6.4,53.8,0.0,0.0,0.0
2026-04-13 04:47:26,28.6,60.8,10.8,53.8,0.0,0.0,0.0
2026-04-13 04:47:31,28.7,60.9,3.0,53.8,0.0,0.0,0.0
2026-04-13 04:47:36,28.6,60.9,14.5,53.9,0.0,0.0,0.0
2026-04-13 04:47:41,28.7,60.8,0.0,53.9,0.0,0.0,0.0
2026-04-13 04:47:46,28.9,60.9,13.1,53.9,0.0,0.0,0.0
2026-04-13 04:47:51,28.7,60.7,19.6,53.9,0.0,0.0,0.0
2026-04-13 04:47:56,28.9,60.8,11.8,53.9,0.0,0.0,0.0
2026-04-13 04:48:01,28.9,60.7,2.8,53.9,0.0,0.0,0.0
2026-04-13 04:48:06,28.9,60.6,15.1,53.9,0.0,0.0,0.0
2026-04-13 04:48:11,28.7,60.7,1.6,53.8,0.0,0.0,0.0
2026-04-13 04:48:16,28.9,60.6,23.4,53.8,0.0,0.0,0.0
2026-04-13 04:48:21,28.8,60.6,25.7,53.9,0.0,0.0,0.0
2026-04-13 04:48:26,28.8,60.6,4.7,53.9,0.0,0.0,0.0
2026-04-13 04:48:31,28.7,60.6,28.3,53.9,0.0,0.0,0.0
2026-04-13 04:48:36,28.8,60.6,31.6,53.8,0.0,0.0,0.0
2026-04-13 04:48:41,28.7,60.6,36.2,53.8,0.0,0.0,0.0
2026-04-13 04:48:46,28.8,60.7,2.0,53.8,0.0,0.0,0.0
2026-04-13 04:48:51,28.6,60.8,22.1,53.8,0.0,0.0,0.0
2026-04-13 04:48:56,28.7,60.8,20.1,53.9,0.0,0.0,0.0
2026-04-13 04:49:01,28.8,60.9,14.9,53.9,0.0,0.0,0.0
2026-04-13 04:49:06,28.8,60.9,10.3,53.9,0.0,0.0,0.0
2026-04-13 04:49:11,28.7,61.0,20.0,53.8,0.0,0.0,0.0
2026-04-13 04:49:16,28.7,61.0,30.2,53.8,0.0,0.0,0.0
2026-04-13 04:49:21,28.7,60.9,4.3,53.8,0.0,0.0,0.0
2026-04-13 04:49:26,28.8,60.9,17.8,53.8,0.0,0.0,0.0
2026-04-13 04:49:31,28.6,60.8,14.4,53.9,0.0,0.0,0.0
2026-04-13 04:49:36,28.8,60.9,32.3,53.9,0.0,0.0,0.0
2026-04-13 04:49:41,28.7,61.1,16.3,53.9,0.0,0.0,0.0
2026-04-13 04:49:46,28.6,61.1,15.8,53.8,0.0,0.0,0.0
2026-04-13 04:49:51,28.8,61.0,3.3,53.8,0.0,0.0,0.0
2026-04-13 04:49:56,28.8,61.0,10.0,53.8,0.0,0.0,0.0
2026-04-13 04:50:01,28.7,61.0,19.9,53.8,0.0,0.0,0.0
2026-04-13 04:50:06,28.7,61.0,9.0,53.8,0.0,0.0,0.0
2026-04-13 04:50:11,28.7,60.9,9.3,53.8,0.0,0.0,0.0
2026-04-13 04:50:16,28.8,60.7,20.8,53.9,0.0,0.0,0.0
2026-04-13 04:50:21,28.8,60.7,11.0,53.9,0.0,0.0,0.0
2026-04-13 04:50:26,28.8,60.7,22.9,53.9,0.0,0.0,0.0
2026-04-13 04:50:31,28.9,60.5,25.7,53.9,0.0,0.0,0.0
2026-04-13 04:50:36,28.9,60.5,7.3,53.9,0.0,0.0,0.0
2026-04-13 04:50:41,28.8,60.6,11.3,53.9,0.0,0.0,0.0
2026-04-13 04:50:46,28.7,60.5,16.3,53.9,0.0,0.0,0.0
2026-04-13 04:50:51,28.8,60.5,17.5,53.9,0.0,0.0,0.0
2026-04-13 04:50:56,28.7,60.5,42.7,53.8,0.0,0.0,0.0
2026-04-13 04:51:01,28.8,60.5,19.8,53.8,0.0,0.0,0.0
2026-04-13 04:51:06,28.7,60.5,15.9,53.9,0.0,0.0,0.0
2026-04-13 04:51:11,28.8,60.5,13.6,53.9,0.0,0.0,0.0
2026-04-13 04:51:16,28.8,60.4,5.4,53.9,0.0,0.0,0.0
2026-04-13 04:51:21,28.8,60.5,23.7,53.9,0.0,0.0,0.0
2026-04-13 04:51:26,28.8,60.6,18.2,53.9,0.0,0.0,0.0
2026-04-13 04:51:31,28.8,60.6,22.3,53.9,0.0,0.0,0.0
2026-04-13 04:51:36,28.7,60.5,15.4,53.9,0.0,0.0,0.0
2026-04-13 04:51:41,28.6,60.5,27.9,53.9,0.0,0.0,0.0
2026-04-13 04:51:46,28.8,60.5,0.8,53.8,0.0,0.0,0.0
2026-04-13 04:51:51,28.8,60.4,0.0,53.8,0.0,0.0,0.0
2026-04-13 04:51:56,28.8,60.3,19.9,53.8,0.0,0.0,0.0
2026-04-13 04:52:01,28.6,60.4,26.3,53.8,0.0,0.0,0.0
2026-04-13 04:52:06,28.7,60.4,24.7,53.9,0.0,0.0,0.0
2026-04-13 04:52:11,28.6,60.5,22.6,53.9,0.0,0.0,0.0
2026-04-13 04:52:16,29.0,60.4,24.1,53.9,0.0,0.0,0.0
2026-04-13 04:52:21,28.7,60.6,0.0,53.8,0.0,0.0,0.0
2026-04-13 04:52:26,28.8,60.6,14.1,53.8,0.0,0.0,0.0
2026-04-13 04:52:31,28.8,60.7,17.0,53.9,0.0,0.0,0.0
2026-04-13 04:52:36,28.8,60.8,34.9,53.9,0.0,0.0,0.0
2026-04-13 04:52:41,28.7,60.8,18.8,53.9,0.0,0.0,0.0
2026-04-13 04:52:46,28.7,60.8,8.5,53.9,0.0,0.0,0.0
2026-04-13 04:52:51,28.7,60.9,15.2,53.9,0.0,0.0,0.0
2026-04-13 04:52:56,28.9,60.9,9.3,53.9,0.0,0.0,0.0
2026-04-13 04:53:01,28.7,60.9,11.6,53.9,0.0,0.0,0.0
2026-04-13 04:53:06,28.7,60.9,27.7,53.9,0.0,0.0,0.0
2026-04-13 04:53:11,28.8,61.0,13.4,53.9,0.0,0.0,0.0
2026-04-13 04:53:16,28.8,60.8,13.8,53.8,0.0,0.0,0.0
2026-04-13 04:53:21,28.8,60.9,10.5,53.8,0.0,0.0,0.0
2026-04-13 04:53:26,28.9,60.8,19.4,53.9,0.0,0.0,0.0
2026-04-13 04:53:31,28.7,60.7,8.9,53.9,0.0,0.0,0.0
2026-04-13 04:53:36,28.7,60.7,10.3,53.9,0.0,0.0,0.0
2026-04-13 04:53:41,28.6,60.9,10.4,53.9,0.0,0.0,0.0
2026-04-13 04:53:46,28.8,61.1,13.4,53.9,0.0,0.0,0.0
2026-04-13 04:53:51,28.6,61.0,9.5,53.9,0.0,0.0,0.0
2026-04-13 04:53:56,28.8,60.9,18.2,53.9,0.0,0.0,0.0
2026-04-13 04:54:01,28.5,60.8,13.1,53.9,0.0,0.0,0.0
2026-04-13 04:54:06,28.8,60.8,5.6,53.9,0.0,0.0,0.0
2026-04-13 04:54:11,28.9,60.8,0.4,53.9,0.0,0.0,0.0
2026-04-13 04:54:16,28.6,60.8,17.7,53.9,0.0,0.0,0.0
2026-04-13 04:54:21,28.9,60.8,20.4,53.9,0.0,0.0,0.0
2026-04-13 04:54:26,28.8,60.8,16.7,53.9,0.0,0.0,0.0
2026-04-13 04:54:31,28.8,60.9,18.1,53.9,0.0,0.0,0.0
2026-04-13 04:54:36,28.8,61.1,10.0,53.9,0.0,0.0,0.0
2026-04-13 04:54:41,28.7,60.9,2.3,53.9,0.0,0.0,0.0
2026-04-13 04:54:46,28.6,61.0,14.5,53.9,0.0,0.0,0.0
2026-04-13 04:54:51,28.9,61.0,23.7,53.9,0.0,0.0,0.0
2026-04-13 04:54:56,28.7,60.8,19.9,53.9,0.0,0.0,0.0
2026-04-13 04:55:01,28.7,60.9,5.1,53.9,0.0,0.0,0.0
2026-04-13 04:55:06,28.9,60.9,22.9,53.9,0.0,0.0,0.0
2026-04-13 04:55:11,28.8,60.8,18.8,53.9,0.0,0.0,0.0
2026-04-13 04:55:16,28.8,60.7,13.8,53.9,0.0,0.0,0.0
2026-04-13 04:55:21,28.7,60.8,22.8,53.9,0.0,0.0,0.0
2026-04-13 04:55:26,28.8,60.8,24.6,53.9,0.0,0.0,0.0
2026-04-13 04:55:31,28.6,60.8,14.8,53.9,0.0,0.0,0.0
2026-04-13 04:55:36,28.7,60.8,13.4,53.9,0.0,0.0,0.0
2026-04-13 04:55:41,28.8,60.8,15.5,53.9,0.0,0.0,0.0
2026-04-13 04:55:46,28.7,60.9,21.6,53.9,0.0,0.0,0.0
2026-04-13 04:55:51,28.9,60.9,22.8,53.9,0.0,0.0,0.0
2026-04-13 04:55:56,28.7,60.9,20.1,53.9,0.0,0.0,0.0
2026-04-13 04:56:01,28.8,60.9,4.0,53.9,0.0,0.0,0.0
2026-04-13 04:56:06,28.7,60.9,14.1,53.8,0.0,0.0,0.0
2026-04-13 04:56:11,28.8,60.7,16.9,53.8,0.0,0.0,0.0
2026-04-13 04:56:16,28.7,60.7,7.2,53.8,0.0,0.0,0.0
2026-04-13 04:56:21,28.7,60.6,29.7,53.9,0.0,0.0,0.0
2026-04-13 04:56:26,28.7,60.6,6.6,53.9,0.0,0.0,0.0
2026-04-13 04:56:31,28.8,60.8,26.6,53.9,0.0,0.0,0.0
2026-04-13 04:56:36,28.7,60.8,33.0,53.9,0.0,0.0,0.0
2026-04-13 04:56:41,28.7,60.8,15.7,53.9,0.0,0.0,0.0
2026-04-13 04:56:46,28.9,60.8,27.8,53.9,0.0,0.0,0.0
2026-04-13 04:56:51,28.8,60.7,28.1,53.9,0.0,0.0,0.0
2026-04-13 04:56:56,28.9,60.7,9.1,53.9,0.0,0.0,0.0
2026-04-13 04:57:01,28.8,60.7,16.5,53.9,0.0,0.0,0.0
2026-04-13 04:57:06,28.7,60.8,35.1,53.9,0.0,0.0,0.0
2026-04-13 04:57:11,28.8,60.9,16.7,53.9,0.0,0.0,0.0
2026-04-13 04:57:16,28.9,60.9,35.5,53.9,0.0,0.0,0.0
2026-04-13 04:57:21,28.8,61.1,6.8,53.9,0.0,0.0,0.0
2026-04-13 04:57:26,28.7,61.0,20.0,53.9,0.0,0.0,0.0
2026-04-13 04:57:31,28.7,60.9,12.1,53.9,0.0,0.0,0.0
2026-04-13 04:57:36,28.8,61.1,24.6,53.9,0.0,0.0,0.0
2026-04-13 04:57:41,28.7,61.1,4.9,53.9,0.0,0.0,0.0
2026-04-13 04:57:46,28.7,61.1,3.3,53.9,0.0,0.0,0.0
2026-04-13 04:57:51,28.7,61.1,15.8,53.9,0.0,0.0,0.0
2026-04-13 04:57:56,28.9,61.0,13.2,53.9,0.0,0.0,0.0
2026-04-13 04:58:01,28.7,60.9,18.0,53.9,0.0,0.0,0.0
2026-04-13 04:58:06,28.7,60.8,10.0,53.9,0.0,0.0,0.0
2026-04-13 04:58:11,28.8,60.9,3.9,53.9,0.0,0.0,0.0
2026-04-13 04:58:16,28.8,60.9,24.7,53.9,0.0,0.0,0.0
2026-04-13 04:58:21,28.8,61.0,0.0,53.9,0.0,0.0,0.0
2026-04-13 04:58:26,28.7,61.0,20.5,53.8,0.0,0.0,0.0
2026-04-13 04:58:31,28.9,60.8,0.0,53.8,0.0,0.0,0.0
2026-04-13 04:58:36,28.8,60.9,12.2,53.9,0.0,0.0,0.0
2026-04-13 04:58:41,28.7,60.8,23.6,53.9,0.0,0.0,0.0
2026-04-13 04:58:46,28.8,61.0,5.7,53.9,0.0,0.0,0.0
2026-04-13 04:58:51,28.7,61.0,11.8,53.9,0.0,0.0,0.0
2026-04-13 04:58:56,28.8,61.0,5.9,53.9,0.0,0.0,0.0
2026-04-13 04:59:01,28.7,61.1,23.9,53.9,0.0,0.0,0.0
2026-04-13 04:59:06,28.8,61.1,21.5,53.9,0.0,0.0,0.0
2026-04-13 04:59:11,28.7,61.0,22.0,53.9,0.0,0.0,0.0
2026-04-13 04:59:16,28.7,61.0,20.1,53.9,0.0,0.0,0.0
2026-04-13 04:59:21,28.9,61.2,17.3,53.9,0.0,0.0,0.0
2026-04-13 04:59:26,28.8,61.1,7.4,53.9,0.0,0.0,0.0
2026-04-13 04:59:31,28.8,61.2,11.4,53.9,0.0,0.0,0.0
2026-04-13 04:59:36,28.7,61.1,6.1,53.9,0.0,0.0,0.0
2026-04-13 04:59:41,28.8,61.0,0.0,53.9,0.0,0.0,0.0
2026-04-13 04:59:46,28.7,61.1,23.9,53.9,0.0,0.0,0.0
2026-04-13 04:59:51,28.7,61.0,17.2,53.9,0.0,0.0,0.0
2026-04-13 04:59:56,28.7,61.0,13.9,53.9,0.0,0.0,0.0
2026-04-13 05:00:01,28.7,61.1,0.0,53.9,0.0,0.0,0.0
2026-04-13 05:00:06,28.8,61.1,23.0,53.8,0.0,0.0,0.0
2026-04-13 05:00:11,28.6,61.1,3.3,53.8,0.0,0.0,0.0
2026-04-13 05:00:16,28.8,61.2,11.3,53.9,0.0,0.0,0.0
2026-04-13 05:00:21,28.8,61.1,20.6,53.9,0.0,0.0,0.0
2026-04-13 05:00:26,28.9,61.2,8.2,53.9,0.0,0.0,0.0
2026-04-13 05:00:31,28.7,61.1,18.1,53.9,0.0,0.0,0.0
2026-04-13 05:00:36,28.8,61.1,16.4,53.9,0.0,0.0,0.0
2026-04-13 05:00:41,28.8,61.0,0.0,53.9,0.0,0.0,0.0
2026-04-13 05:00:46,28.7,61.0,16.8,53.9,0.0,0.0,0.0
2026-04-13 05:00:51,28.8,61.2,0.1,53.9,0.0,0.0,0.0
2026-04-13 05:00:56,28.8,61.2,22.0,53.9,0.0,0.0,0.0
2026-04-13 05:01:01,28.7,61.0,33.1,53.9,0.0,0.0,0.0
2026-04-13 05:01:06,28.8,61.0,22.1,53.9,0.0,0.0,0.0
2026-04-13 05:01:11,28.7,61.0,16.5,53.9,0.0,0.0,0.0
2026-04-13 05:01:16,28.7,60.9,19.9,53.9,0.0,0.0,0.0
2026-04-13 05:01:21,28.9,61.1,18.7,53.9,0.0,0.0,0.0
2026-04-13 05:01:26,28.7,61.1,6.8,53.9,0.0,0.0,0.0
2026-04-13 05:01:31,28.9,61.0,19.2,53.9,0.0,0.0,0.0
2026-04-13 05:01:36,28.9,61.1,0.0,53.9,0.0,0.0,0.0
2026-04-13 05:01:41,28.7,61.1,2.8,53.9,0.0,0.0,0.0
2026-04-13 05:01:46,28.7,61.2,13.3,53.8,0.0,0.0,0.0
2026-04-13 05:01:51,28.5,61.2,3.0,53.8,0.0,0.0,0.0
2026-04-13 05:01:56,28.7,61.1,29.8,53.9,0.0,0.0,0.0
2026-04-13 05:02:01,28.8,61.1,19.2,53.9,0.0,0.0,0.0
2026-04-13 05:02:06,28.7,61.1,5.8,53.9,0.0,0.0,0.0
2026-04-13 05:02:11,28.8,61.1,4.1,53.9,0.0,0.0,0.0
2026-04-13 05:02:16,28.8,61.2,27.4,53.9,0.0,0.0,0.0
2026-04-13 05:02:21,28.8,61.3,14.5,53.9,0.0,0.0,0.0
2026-04-13 05:02:26,28.9,61.3,30.5,53.9,0.0,0.0,0.0
2026-04-13 05:02:31,28.7,61.2,11.8,53.9,0.0,0.0,0.0
2026-04-13 05:02:36,28.7,61.3,24.0,53.9,0.0,0.0,0.0
2026-04-13 05:02:41,28.8,61.3,28.1,53.9,0.0,0.0,0.0
2026-04-13 05:02:46,28.8,61.3,21.7,53.9,0.0,0.0,0.0
2026-04-13 05:02:51,28.8,61.4,11.3,53.9,0.0,0.0,0.0
2026-04-13 05:02:56,28.7,61.3,36.6,53.9,0.0,0.0,0.0
2026-04-13 05:03:01,28.8,61.3,14.9,53.9,0.0,0.0,0.0
2026-04-13 05:03:06,28.7,61.4,5.9,53.9,0.0,0.0,0.0
2026-04-13 05:03:11,28.8,61.3,7.8,53.9,0.0,0.0,0.0
2026-04-13 05:03:16,28.7,61.3,11.6,53.9,0.0,0.0,0.0
2026-04-13 05:03:21,28.7,61.2,0.0,53.9,0.0,0.0,0.0
2026-04-13 05:03:26,28.6,61.2,7.6,53.9,0.0,0.0,0.0
2026-04-13 05:03:31,28.8,61.3,17.3,53.9,0.0,0.0,0.0
2026-04-13 05:03:36,28.8,61.4,26.5,53.9,0.0,0.0,0.0
2026-04-13 05:03:41,28.7,61.1,5.8,53.9,0.0,0.0,0.0
2026-04-13 05:03:46,28.9,61.2,0.0,53.9,0.0,0.0,0.0
2026-04-13 05:03:51,28.9,61.1,11.5,53.9,0.0,0.0,0.0
2026-04-13 05:03:56,28.8,61.1,23.4,53.9,0.0,0.0,0.0
2026-04-13 05:04:01,28.6,61.2,18.2,53.9,0.0,0.0,0.0
2026-04-13 05:04:06,28.8,61.2,9.3,53.9,0.0,0.0,0.0
2026-04-13 05:04:11,28.9,61.3,28.4,53.8,0.0,0.0,0.0
2026-04-13 05:04:16,28.9,61.2,23.0,53.8,0.0,0.0,0.0
2026-04-13 05:04:21,28.9,61.3,29.9,53.9,0.0,0.0,0.0
2026-04-13 05:04:26,28.9,61.3,14.9,53.9,0.0,0.0,0.0
2026-04-13 05:04:31,28.8,61.2,8.9,53.9,0.0,0.0,0.0
2026-04-13 05:04:36,28.8,61.2,14.5,53.9,0.0,0.0,0.0
2026-04-13 05:04:41,28.8,61.2,26.8,53.9,0.0,0.0,0.0
2026-04-13 05:04:46,28.7,61.1,21.8,53.9,0.0,0.0,0.0
2026-04-13 05:04:51,28.7,61.3,9.6,53.9,0.0,0.0,0.0
2026-04-13 05:04:56,28.8,61.2,14.4,53.9,0.0,0.0,0.0
2026-04-13 05:05:01,28.9,61.1,9.7,53.9,0.0,0.0,0.0
2026-04-13 05:05:06,28.8,61.1,27.8,53.9,0.0,0.0,0.0
2026-04-13 05:05:11,28.8,61.2,24.4,53.9,0.0,0.0,0.0
2026-04-13 05:05:16,28.9,61.1,0.8,53.9,0.0,0.0,0.0
2026-04-13 05:05:21,28.8,61.2,5.5,53.9,0.0,0.0,0.0
2026-04-13 05:05:26,28.7,61.2,17.2,53.9,0.0,0.0,0.0
2026-04-13 05:05:31,28.8,61.1,4.5,53.9,0.0,0.0,0.0
2026-04-13 05:05:36,28.8,61.1,12.1,53.9,0.0,0.0,0.0
2026-04-13 05:05:41,28.7,61.1,11.8,54.0,0.0,0.0,0.0
2026-04-13 05:05:46,28.8,61.0,30.2,54.0,0.0,0.0,0.0
2026-04-13 05:05:51,28.7,61.0,7.2,53.9,0.0,0.0,0.0
2026-04-13 05:05:56,28.8,61.0,8.2,53.9,0.0,0.0,0.0
2026-04-13 05:06:01,28.6,61.1,5.7,53.9,0.0,0.0,0.0
2026-04-13 05:06:06,28.9,61.0,24.1,53.9,0.0,0.0,0.0
2026-04-13 05:06:11,28.8,61.0,20.8,53.9,0.0,0.0,0.0
2026-04-13 05:06:16,28.7,60.8,11.7,53.9,0.0,0.0,0.0
2026-04-13 05:06:21,28.9,60.8,28.1,53.9,0.0,0.0,0.0
2026-04-13 05:06:26,28.9,60.9,19.4,53.9,0.0,0.0,0.0
2026-04-13 05:06:31,28.7,60.9,0.0,53.9,0.0,0.0,0.0
2026-04-13 05:06:36,28.9,60.9,11.8,53.9,0.0,0.0,0.0
2026-04-13 05:06:41,28.8,60.8,17.2,53.9,0.0,0.0,0.0
2026-04-13 05:06:46,28.8,60.9,19.6,53.9,0.0,0.0,0.0
2026-04-13 05:06:51,28.7,61.0,18.4,53.9,0.0,0.0,0.0
2026-04-13 05:06:56,28.8,60.9,6.1,53.9,0.0,0.0,0.0
2026-04-13 05:07:01,28.7,60.9,22.6,53.9,0.0,0.0,0.0
2026-04-13 05:07:06,28.6,60.8,0.0,53.9,0.0,0.0,0.0
2026-04-13 05:07:11,28.7,60.8,21.5,53.9,0.0,0.0,0.0
2026-04-13 05:07:16,28.8,60.8,27.7,53.9,0.0,0.0,0.0
2026-04-13 05:07:21,28.6,60.8,14.6,53.9,0.0,0.0,0.0
2026-04-13 05:07:26,28.6,60.8,19.1,53.9,0.0,0.0,0.0
2026-04-13 05:07:31,28.7,60.8,22.6,53.9,0.0,0.0,0.0
2026-04-13 05:07:36,28.5,60.9,23.4,53.9,0.0,0.0,0.0
2026-04-13 05:07:41,28.7,60.9,19.4,53.9,0.0,0.0,0.0
2026-04-13 05:07:46,28.8,60.8,14.2,53.9,0.0,0.0,0.0
2026-04-13 05:07:51,28.8,60.9,17.2,53.9,0.0,0.0,0.0
2026-04-13 05:07:56,28.8,60.7,2.3,53.9,0.0,0.0,0.0
2026-04-13 05:08:01,28.6,60.6,0.2,53.9,0.0,0.0,0.0
2026-04-13 05:08:06,28.8,60.6,3.9,53.9,0.0,0.0,0.0
2026-04-13 05:08:11,28.7,60.7,0.0,53.9,0.0,0.0,0.0
2026-04-13 05:08:16,28.8,60.7,11.9,53.9,0.0,0.0,0.0
2026-04-13 05:08:21,28.7,60.6,14.1,53.9,0.0,0.0,0.0
2026-04-13 05:08:26,28.7,60.7,25.1,53.9,0.0,0.0,0.0
2026-04-13 05:08:31,28.7,60.8,23.3,53.9,0.0,0.0,0.0
2026-04-13 05:08:36,28.8,60.8,0.3,53.9,0.0,0.0,0.0
2026-04-13 05:08:41,28.6,60.8,14.6,53.9,0.0,0.0,0.0
2026-04-13 05:08:46,28.8,60.9,17.0,53.9,0.0,0.0,0.0
2026-04-13 05:08:51,28.8,61.1,21.7,53.9,0.0,0.0,0.0
2026-04-13 05:08:56,28.7,61.1,14.0,53.9,0.0,0.0,0.0
2026-04-13 05:09:01,28.7,61.0,15.0,53.9,0.0,0.0,0.0
2026-04-13 05:09:06,29.0,60.8,8.8,53.9,0.0,0.0,0.0
2026-04-13 05:09:11,28.7,60.7,0.0,54.0,0.0,0.0,0.0
2026-04-13 05:09:16,28.7,60.8,8.2,54.0,0.0,0.0,0.0
2026-04-13 05:09:21,28.7,60.8,0.0,53.9,0.0,0.0,0.0
2026-04-13 05:09:26,28.8,60.7,16.2,53.9,0.0,0.0,0.0
2026-04-13 05:09:31,28.8,60.7,32.4,53.9,0.0,0.0,0.0
2026-04-13 05:09:36,28.7,60.7,17.4,53.9,0.0,0.0,0.0
2026-04-13 05:09:41,28.6,60.7,16.8,53.9,0.0,0.0,0.0
2026-04-13 05:09:46,28.7,60.6,18.8,53.9,0.0,0.0,0.0
2026-04-13 05:09:51,28.7,60.7,22.0,53.9,0.0,0.0,0.0
2026-04-13 05:09:56,28.8,60.7,7.3,53.9,0.0,0.0,0.0
2026-04-13 05:10:01,28.7,60.7,23.8,53.9,0.0,0.0,0.0
2026-04-13 05:10:06,28.7,60.7,16.3,53.9,0.0,0.0,0.0
2026-04-13 05:10:11,28.7,60.7,31.9,53.9,0.0,0.0,0.0
2026-04-13 05:10:16,28.8,60.6,0.0,53.9,0.0,0.0,0.0
2026-04-13 05:10:21,28.7,60.6,0.4,53.9,0.0,0.0,0.0
2026-04-13 05:10:26,28.7,60.7,32.7,53.9,0.0,0.0,0.0
2026-04-13 05:10:31,28.6,60.7,0.0,53.9,0.0,0.0,0.0
2026-04-13 05:10:36,28.7,60.7,14.4,53.9,0.0,0.0,0.0
2026-04-13 05:10:41,28.6,60.6,15.3,53.9,0.0,0.0,0.0
2026-04-13 05:10:46,28.7,60.6,10.2,53.9,0.0,0.0,0.0
2026-04-13 05:10:51,28.8,60.5,5.7,53.9,0.0,0.0,0.0
2026-04-13 05:10:56,28.8,60.5,29.6,53.9,0.0,0.0,0.0
2026-04-13 05:11:01,28.7,60.3,20.4,53.9,0.0,0.0,0.0
2026-04-13 05:11:06,28.7,60.3,14.1,53.9,0.0,0.0,0.0
2026-04-13 05:11:11,28.7,60.4,0.0,53.9,0.0,0.0,0.0
2026-04-13 05:11:16,28.7,60.3,14.1,53.9,0.0,0.0,0.0
2026-04-13 05:11:21,28.7,60.4,33.0,53.9,0.0,0.0,0.0
2026-04-13 05:11:26,28.6,60.3,17.4,53.9,0.0,0.0,0.0
2026-04-13 05:11:31,28.8,60.3,14.4,53.9,0.0,0.0,0.0
2026-04-13 05:11:36,28.8,60.2,13.6,53.9,0.0,0.0,0.0
2026-04-13 05:11:41,28.7,60.2,0.5,53.9,0.0,0.0,0.0
2026-04-13 05:11:46,28.7,60.3,0.6,53.9,0.0,0.0,0.0
2026-04-13 05:11:51,28.7,60.2,26.5,53.9,0.0,0.0,0.0
2026-04-13 05:11:56,28.8,60.2,0.0,53.9,0.0,0.0,0.0
2026-04-13 05:12:01,28.6,60.3,20.8,53.9,0.0,0.0,0.0
2026-04-13 05:12:06,28.8,60.4,12.7,53.9,0.0,0.0,0.0
2026-04-13 05:12:11,28.6,60.3,8.2,53.9,0.0,0.0,0.0
2026-04-13 05:12:16,28.6,60.2,14.0,53.9,0.0,0.0,0.0
2026-04-13 05:12:21,28.6,60.2,4.6,53.9,0.0,0.0,0.0
2026-04-13 05:12:26,28.8,60.3,0.5,53.9,0.0,0.0,0.0
2026-04-13 05:12:31,28.8,60.2,15.5,53.9,0.0,0.0,0.0
2026-04-13 05:12:36,28.7,60.1,21.8,53.9,0.0,0.0,0.0
2026-04-13 05:12:41,28.7,60.2,22.4,53.9,0.0,0.0,0.0
2026-04-13 05:12:46,28.9,60.1,23.9,53.9,0.0,0.0,0.0
2026-04-13 05:12:51,28.6,60.3,14.6,53.9,0.0,0.0,0.0
2026-04-13 05:12:56,28.6,60.3,10.5,53.9,0.0,0.0,0.0
2026-04-13 05:13:01,28.6,60.4,13.4,53.9,0.0,0.0,0.0
2026-04-13 05:13:06,28.8,60.3,0.4,53.9,0.0,0.0,0.0
2026-04-13 05:13:11,28.7,60.4,19.2,53.9,0.0,0.0,0.0
2026-04-13 05:13:16,28.6,60.3,20.0,53.9,0.0,0.0,0.0
2026-04-13 05:13:21,28.9,60.2,12.0,53.9,0.0,0.0,0.0
2026-04-13 05:13:26,28.7,60.2,9.9,53.9,0.0,0.0,0.0
2026-04-13 05:13:31,28.8,60.1,14.5,53.9,0.0,0.0,0.0
2026-04-13 05:13:36,28.7,60.2,28.1,53.9,0.0,0.0,0.0
2026-04-13 05:13:41,28.8,60.2,24.7,53.9,0.0,0.0,0.0
2026-04-13 05:13:46,28.6,60.5,3.5,53.9,0.0,0.0,0.0
2026-04-13 05:13:51,28.7,60.5,4.6,53.9,0.0,0.0,0.0
2026-04-13 05:13:56,28.6,60.4,5.9,53.9,0.0,0.0,0.0
2026-04-13 05:14:01,28.7,60.5,22.1,53.9,0.0,0.0,0.0
2026-04-13 05:14:06,28.7,60.4,6.4,53.9,0.0,0.0,0.0
2026-04-13 05:14:11,28.7,60.5,0.0,53.9,0.0,0.0,0.0
2026-04-13 05:14:16,28.7,60.6,2.2,53.9,0.0,0.0,0.0
2026-04-13 05:14:21,28.6,60.6,36.2,53.9,0.0,0.0,0.0
2026-04-13 05:14:26,28.6,60.6,0.0,53.9,0.0,0.0,0.0
2026-04-13 05:14:31,28.5,60.6,26.3,53.9,0.0,0.0,0.0
2026-04-13 05:14:36,28.6,60.6,20.0,53.9,0.0,0.0,0.0
2026-04-13 05:14:41,28.8,60.6,0.0,53.9,0.0,0.0,0.0
2026-04-13 05:14:46,28.6,60.6,2.2,53.9,0.0,0.0,0.0
2026-04-13 05:14:51,28.6,60.6,4.2,54.0,0.0,0.0,0.0
2026-04-13 05:14:56,28.7,60.8,0.0,54.0,0.0,0.0,0.0
2026-04-13 05:15:01,28.8,60.8,8.3,54.0,0.0,0.0,0.0
2026-04-13 05:15:06,28.8,60.8,22.3,54.0,0.0,0.0,0.0
2026-04-13 05:15:11,28.7,60.7,4.8,54.0,0.0,0.0,0.0
2026-04-13 05:15:16,28.6,60.7,6.0,54.0,0.0,0.0,0.0
2026-04-13 05:15:21,28.6,60.7,24.6,54.0,0.0,0.0,0.0
2026-04-13 05:15:26,28.5,60.6,0.0,53.9,0.0,0.0,0.0
2026-04-13 05:15:31,28.7,60.7,19.2,53.9,0.0,0.0,0.0
2026-04-13 05:15:36,28.7,60.8,10.2,53.9,0.0,0.0,0.0
2026-04-13 05:15:41,28.5,60.6,12.3,53.9,0.0,0.0,0.0
2026-04-13 05:15:46,28.7,60.7,4.2,53.9,0.0,0.0,0.0
2026-04-13 05:15:51,28.6,60.6,16.5,53.9,0.0,0.0,0.0
2026-04-13 05:15:56,28.5,60.6,17.0,53.9,0.0,0.0,0.0
2026-04-13 05:16:01,28.5,60.5,17.0,53.9,0.0,0.0,0.0
2026-04-13 05:16:06,28.6,60.6,24.5,54.0,0.0,0.0,0.0
2026-04-13 05:16:11,28.6,60.6,6.9,54.0,0.0,0.0,0.0
2026-04-13 05:16:16,28.8,60.5,11.8,54.0,0.0,0.0,0.0
2026-04-13 05:16:21,28.6,60.5,17.7,54.0,0.0,0.0,0.0
2026-04-13 05:16:26,28.5,60.5,40.3,54.0,0.0,0.0,0.0
2026-04-13 05:16:31,28.5,60.4,12.2,54.0,0.0,0.0,0.0
2026-04-13 05:16:36,28.7,60.4,22.9,54.0,0.0,0.0,0.0
2026-04-13 05:16:41,28.6,60.5,20.8,54.0,0.0,0.0,0.0
2026-04-13 05:16:46,28.6,60.5,21.5,54.0,0.0,0.0,0.0
2026-04-13 05:16:51,28.6,60.5,4.3,54.0,0.0,0.0,0.0
2026-04-13 05:16:56,28.7,60.4,14.5,53.9,0.0,0.0,0.0
2026-04-13 05:17:01,28.5,60.5,0.0,53.9,0.0,0.0,0.0
2026-04-13 05:17:06,28.7,60.4,21.4,53.9,0.0,0.0,0.0
2026-04-13 05:17:11,28.6,60.4,19.9,54.0,0.0,0.0,0.0
2026-04-13 05:17:16,28.5,60.5,0.0,54.0,0.0,0.0,0.0
2026-04-13 05:17:21,28.5,60.3,22.0,53.9,0.0,0.0,0.0
2026-04-13 05:17:26,28.6,60.3,23.8,53.9,0.0,0.0,0.0
2026-04-13 05:17:31,28.6,60.4,8.1,53.9,0.0,0.0,0.0
2026-04-13 05:17:36,28.6,60.3,10.7,53.9,0.0,0.0,0.0
2026-04-13 05:17:41,28.6,60.4,12.8,53.9,0.0,0.0,0.0
2026-04-13 05:17:46,28.6,60.4,0.0,53.9,0.0,0.0,0.0
2026-04-13 05:17:51,28.7,60.4,12.0,54.0,0.0,0.0,0.0
2026-04-13 05:17:56,28.5,60.4,9.6,54.0,0.0,0.0,0.0
2026-04-13 05:18:01,28.6,60.3,4.7,54.0,0.0,0.0,0.0
2026-04-13 05:18:06,28.6,60.4,11.0,54.0,0.0,0.0,0.0
2026-04-13 05:18:11,28.5,60.5,22.0,54.0,0.0,0.0,0.0
2026-04-13 05:18:16,28.7,60.4,0.0,54.0,0.0,0.0,0.0
2026-04-13 05:18:21,28.6,60.5,7.1,54.0,0.0,0.0,0.0
2026-04-13 05:18:26,28.6,60.4,20.4,54.0,0.0,0.0,0.0
2026-04-13 05:18:31,28.6,60.4,5.4,54.0,0.0,0.0,0.0
2026-04-13 05:18:36,28.7,60.5,1.7,54.0,0.0,0.0,0.0
2026-04-13 05:18:41,28.5,60.4,10.8,54.0,0.0,0.0,0.0
2026-04-13 05:18:46,28.7,60.5,21.1,54.0,0.0,0.0,0.0
2026-04-13 05:18:51,28.6,60.4,15.2,54.0,0.0,0.0,0.0
2026-04-13 05:18:56,28.5,60.4,27.3,54.0,0.0,0.0,0.0
2026-04-13 05:19:01,28.7,60.4,11.5,54.0,0.0,0.0,0.0
2026-04-13 05:19:06,28.4,60.3,23.5,54.0,0.0,0.0,0.0
2026-04-13 05:19:11,28.6,60.3,4.0,54.0,0.0,0.0,0.0
2026-04-13 05:19:16,28.8,60.2,23.1,53.9,0.0,0.0,0.0
2026-04-13 05:19:21,28.6,60.2,17.4,53.9,0.0,0.0,0.0
2026-04-13 05:19:26,28.5,60.3,11.1,53.9,0.0,0.0,0.0
2026-04-13 05:19:31,28.6,60.4,39.8,53.9,0.0,0.0,0.0
2026-04-13 05:19:36,28.6,60.5,11.4,53.9,0.0,0.0,0.0
2026-04-13 05:19:41,28.6,60.6,27.4,54.0,0.0,0.0,0.0
2026-04-13 05:19:46,28.6,60.5,18.1,54.0,0.0,0.0,0.0
2026-04-13 05:19:51,28.6,60.5,9.3,54.0,0.0,0.0,0.0
2026-04-13 05:19:56,28.6,60.6,40.1,54.0,0.0,0.0,0.0
2026-04-13 05:20:01,28.7,60.7,10.3,53.9,0.0,0.0,0.0
2026-04-13 05:20:06,28.4,60.7,6.9,53.9,0.0,0.0,0.0
2026-04-13 05:20:11,28.6,60.6,35.7,53.9,0.0,0.0,0.0
2026-04-13 05:20:16,28.6,60.8,17.7,53.9,0.0,0.0,0.0
2026-04-13 05:20:21,28.6,60.8,13.0,54.0,0.0,0.0,0.0
2026-04-13 05:20:26,28.6,60.8,15.6,54.0,0.0,0.0,0.0
2026-04-13 05:20:31,28.6,60.7,16.4,53.9,0.0,0.0,0.0
2026-04-13 05:20:36,28.6,60.7,20.0,53.9,0.0,0.0,0.0
2026-04-13 05:20:41,28.7,60.7,12.5,53.9,0.0,0.0,0.0
2026-04-13 05:20:46,28.6,60.6,16.8,53.9,0.0,0.0,0.0
2026-04-13 05:20:51,28.5,60.5,4.6,53.9,0.0,0.0,0.0
2026-04-13 05:20:56,28.7,60.8,12.6,53.9,0.0,0.0,0.0
2026-04-13 05:21:01,28.7,60.8,0.0,53.9,0.0,0.0,0.0
2026-04-13 05:21:06,28.6,60.7,36.6,53.9,0.0,0.0,0.0
2026-04-13 05:21:11,28.6,60.7,26.0,53.9,0.0,0.0,0.0
2026-04-13 05:21:16,28.6,60.8,19.6,53.9,0.0,0.0,0.0
2026-04-13 05:21:21,28.6,60.6,27.2,53.9,0.0,0.0,0.0
2026-04-13 05:21:26,28.6,60.6,0.0,53.9,0.0,0.0,0.0
2026-04-13 05:21:31,28.6,60.5,17.3,53.9,0.0,0.0,0.0
2026-04-13 05:21:36,28.6,60.4,10.0,53.9,0.0,0.0,0.0
2026-04-13 05:21:41,28.7,60.4,10.3,53.9,0.0,0.0,0.0
2026-04-13 05:21:46,28.6,60.4,16.3,53.9,0.0,0.0,0.0
2026-04-13 05:21:51,28.6,60.3,10.5,53.9,0.0,0.0,0.0
2026-04-13 05:21:56,28.7,60.3,29.2,53.9,0.0,0.0,0.0
2026-04-13 05:22:01,28.6,60.4,0.0,53.9,0.0,0.0,0.0
2026-04-13 05:22:06,28.6,60.4,14.1,53.9,0.0,0.0,0.0
2026-04-13 05:22:11,28.6,60.2,15.8,53.9,0.0,0.0,0.0
2026-04-13 05:22:16,28.6,60.2,20.5,53.9,0.0,0.0,0.0
2026-04-13 05:22:21,28.6,60.1,23.9,53.9,0.0,0.0,0.0
2026-04-13 05:22:26,28.6,60.2,0.0,53.9,0.0,0.0,0.0
2026-04-13 05:22:31,28.6,60.0,13.7,53.9,0.0,0.0,0.0
2026-04-13 05:22:36,28.6,59.9,20.0,53.9,0.0,0.0,0.0
2026-04-13 05:22:41,28.7,59.9,5.2,53.9,0.0,0.0,0.0
2026-04-13 05:22:46,28.6,59.9,3.5,53.9,0.0,0.0,0.0
2026-04-13 05:22:51,28.6,60.0,8.1,53.9,0.0,0.0,0.0
2026-04-13 05:22:56,28.7,60.1,15.6,53.9,0.0,0.0,0.0
2026-04-13 05:23:01,28.6,60.2,0.0,53.9,0.0,0.0,0.0
2026-04-13 05:23:06,28.6,60.1,6.2,53.9,0.0,0.0,0.0
2026-04-13 05:23:11,28.6,60.1,25.2,54.0,0.0,0.0,0.0
2026-04-13 05:23:16,28.6,60.1,30.4,54.0,0.0,0.0,0.0
2026-04-13 05:23:21,28.6,60.2,6.8,54.0,0.0,0.0,0.0
2026-04-13 05:23:26,28.6,60.3,37.4,54.0,0.0,0.0,0.0
2026-04-13 05:23:31,28.6,60.2,18.9,54.0,0.0,0.0,0.0
2026-04-13 05:23:36,28.5,60.3,19.0,54.0,0.0,0.0,0.0
2026-04-13 05:23:41,28.6,60.3,12.4,53.9,0.0,0.0,0.0
2026-04-13 05:23:46,28.6,60.3,11.4,53.9,0.0,0.0,0.0
2026-04-13 05:23:51,28.5,60.3,14.5,54.0,0.0,0.0,0.0
2026-04-13 05:23:56,28.6,60.3,16.9,54.0,0.0,0.0,0.0
2026-04-13 05:24:01,28.6,60.3,19.0,54.0,0.0,0.0,0.0
2026-04-13 05:24:06,28.6,60.2,23.2,53.9,0.0,0.0,0.0
2026-04-13 05:24:11,28.7,60.4,11.7,53.9,0.0,0.0,0.0
2026-04-13 05:24:16,28.5,60.6,0.0,53.9,0.0,0.0,0.0
2026-04-13 05:24:21,28.6,60.6,8.4,53.9,0.0,0.0,0.0
2026-04-13 05:24:26,28.6,60.6,30.5,53.9,0.0,0.0,0.0
2026-04-13 05:24:31,28.8,60.5,16.9,53.9,0.0,0.0,0.0
2026-04-13 05:24:36,28.6,60.5,14.1,53.9,0.0,0.0,0.0
2026-04-13 05:24:41,28.6,60.5,20.0,53.9,0.0,0.0,0.0
2026-04-13 05:24:46,28.5,60.6,0.0,53.9,0.0,0.0,0.0
2026-04-13 05:24:51,28.5,60.5,8.8,53.9,0.0,0.0,0.0
2026-04-13 05:24:56,28.7,60.7,20.9,53.9,0.0,0.0,0.0
2026-04-13 05:25:01,28.4,60.8,9.9,53.9,0.0,0.0,0.0
2026-04-13 05:25:06,28.8,60.8,36.5,53.9,0.0,0.0,0.0
2026-04-13 05:25:11,28.6,61.1,10.6,53.9,0.0,0.0,0.0
2026-04-13 05:25:16,28.5,61.0,0.0,53.9,0.0,0.0,0.0
2026-04-13 05:25:21,28.5,60.9,30.4,53.9,0.0,0.0,0.0
2026-04-13 05:25:26,28.6,60.9,17.1,53.9,0.0,0.0,0.0
2026-04-13 05:25:31,28.6,60.8,28.3,53.9,0.0,0.0,0.0
2026-04-13 05:25:36,28.5,60.9,22.6,53.9,0.0,0.0,0.0
2026-04-13 05:25:41,28.6,61.0,27.5,54.0,0.0,0.0,0.0
2026-04-13 05:25:46,28.7,61.0,21.2,54.0,0.0,0.0,0.0
2026-04-13 05:25:51,28.6,61.1,8.2,54.0,0.0,0.0,0.0
2026-04-13 05:25:56,28.6,61.1,27.2,53.9,0.0,0.0,0.0
2026-04-13 05:26:01,28.5,61.1,8.9,53.9,0.0,0.0,0.0
2026-04-13 05:26:06,28.7,61.2,32.5,53.9,0.0,0.0,0.0
2026-04-13 05:26:11,28.6,61.1,16.8,53.9,0.0,0.0,0.0
2026-04-13 05:26:16,28.6,61.0,19.3,54.0,0.0,0.0,0.0
2026-04-13 05:26:21,28.7,60.9,19.1,54.0,0.0,0.0,0.0
2026-04-13 05:26:26,28.6,61.1,39.4,54.0,0.0,0.0,0.0
2026-04-13 05:26:31,28.5,61.1,7.1,54.0,0.0,0.0,0.0
2026-04-13 05:26:36,28.7,61.1,21.9,54.0,0.0,0.0,0.0
2026-04-13 05:26:41,28.4,61.0,31.1,54.0,0.0,0.0,0.0
2026-04-13 05:26:46,28.5,61.0,22.5,54.0,0.0,0.0,0.0
2026-04-13 05:26:51,28.7,60.9,12.9,53.9,0.0,0.0,0.0
2026-04-13 05:26:56,28.6,60.9,27.6,53.9,0.0,0.0,0.0
2026-04-13 05:27:01,28.5,61.0,6.6,53.9,0.0,0.0,0.0
2026-04-13 05:27:06,28.7,61.0,9.4,53.9,0.0,0.0,0.0
2026-04-13 05:27:11,28.8,61.0,10.3,53.9,0.0,0.0,0.0
2026-04-13 05:27:16,28.6,60.9,0.0,54.0,0.0,0.0,0.0
2026-04-13 05:27:21,28.7,60.9,0.0,54.0,0.0,0.0,0.0
2026-04-13 05:27:26,28.6,60.9,33.0,54.0,0.0,0.0,0.0
2026-04-13 05:27:31,28.6,60.8,14.5,54.0,0.0,0.0,0.0
2026-04-13 05:27:36,28.5,60.8,21.7,53.9,0.0,0.0,0.0
2026-04-13 05:27:41,28.6,60.9,0.0,53.9,0.0,0.0,0.0
2026-04-13 05:27:46,28.5,60.8,13.9,53.9,0.0,0.0,0.0
2026-04-13 05:27:51,28.7,60.9,0.0,53.9,0.0,0.0,0.0
2026-04-13 05:27:56,28.7,61.0,18.0,53.9,0.0,0.0,0.0
2026-04-13 05:28:01,28.6,60.9,15.1,54.0,0.0,0.0,0.0
2026-04-13 05:28:06,28.6,61.1,21.0,54.0,0.0,0.0,0.0
2026-04-13 05:28:11,28.6,60.9,31.3,53.9,0.0,0.0,0.0
2026-04-13 05:28:16,28.7,61.0,0.0,53.9,0.0,0.0,0.0
2026-04-13 05:28:21,28.6,61.0,20.4,54.0,0.0,0.0,0.0
2026-04-13 05:28:26,28.7,61.1,16.8,54.0,0.0,0.0,0.0
2026-04-13 05:28:31,28.5,61.0,20.6,54.0,0.0,0.0,0.0
2026-04-13 05:28:36,28.7,61.0,17.4,54.0,0.0,0.0,0.0
2026-04-13 05:28:41,28.6,61.0,11.9,54.0,0.0,0.0,0.0
2026-04-13 05:28:46,28.7,61.0,28.2,54.0,0.0,0.0,0.0
2026-04-13 05:28:51,28.6,61.0,24.0,54.0,0.0,0.0,0.0
2026-04-13 05:28:56,28.7,61.1,37.9,53.9,0.0,0.0,0.0
2026-04-13 05:29:01,28.7,61.2,11.9,53.9,0.0,0.0,0.0
2026-04-13 05:29:06,28.6,61.2,15.7,54.0,0.0,0.0,0.0
2026-04-13 05:29:11,28.6,61.1,30.4,54.0,0.0,0.0,0.0
2026-04-13 05:29:16,28.6,61.0,11.0,54.0,0.0,0.0,0.0
2026-04-13 05:29:21,28.6,61.0,8.8,54.0,0.0,0.0,0.0
2026-04-13 05:29:26,28.6,61.1,4.2,54.0,0.0,0.0,0.0
2026-04-13 05:29:31,28.6,61.0,0.0,54.0,0.0,0.0,0.0
2026-04-13 05:29:36,28.5,61.1,12.8,53.9,0.0,0.0,0.0
2026-04-13 05:29:41,28.7,60.9,0.9,53.9,0.0,0.0,0.0
2026-04-13 05:29:46,28.5,60.9,28.8,53.9,0.0,0.0,0.0
2026-04-13 05:29:51,28.5,60.9,9.0,53.9,0.0,0.0,0.0
2026-04-13 05:29:56,28.6,61.1,29.7,53.9,0.0,0.0,0.0
2026-04-13 05:30:01,28.7,61.0,3.1,53.9,0.0,0.0,0.0
2026-04-13 05:30:06,28.7,60.9,14.6,53.9,0.0,0.0,0.0
2026-04-13 05:30:11,28.7,60.9,21.2,54.0,0.0,0.0,0.0
2026-04-13 05:30:16,28.5,60.9,20.8,54.0,0.0,0.0,0.0
2026-04-13 05:30:21,28.6,60.8,21.3,54.0,0.0,0.0,0.0
2026-04-13 05:30:26,28.6,60.7,12.8,54.0,0.0,0.0,0.0
2026-04-13 05:30:31,28.6,60.6,13.7,53.9,0.0,0.0,0.0
2026-04-13 05:30:36,28.7,60.6,26.5,53.9,0.0,0.0,0.0
2026-04-13 05:30:41,28.6,60.7,34.9,53.9,0.0,0.0,0.0
2026-04-13 05:30:46,28.7,60.7,15.7,53.9,0.0,0.0,0.0
2026-04-13 05:30:51,28.6,60.6,26.9,54.0,0.0,0.0,0.0
2026-04-13 05:30:56,28.5,60.5,24.6,54.0,0.0,0.0,0.0
2026-04-13 05:31:01,28.6,60.6,12.6,54.0,0.0,0.0,0.0
2026-04-13 05:31:06,28.6,60.5,21.4,54.0,0.0,0.0,0.0
2026-04-13 05:31:11,28.7,60.6,7.9,54.0,0.0,0.0,0.0
2026-04-13 05:31:16,28.7,60.7,18.9,54.0,0.0,0.0,0.0
2026-04-13 05:31:21,28.5,60.6,20.3,54.0,0.0,0.0,0.0
2026-04-13 05:31:26,28.7,60.6,17.9,54.0,0.0,0.0,0.0
2026-04-13 05:31:31,28.6,60.6,5.1,54.0,0.0,0.0,0.0
2026-04-13 05:31:36,28.7,60.5,15.1,54.0,0.0,0.0,0.0
2026-04-13 05:31:41,28.7,60.5,13.3,54.0,0.0,0.0,0.0
2026-04-13 05:31:46,28.6,60.4,6.8,54.0,0.0,0.0,0.0
2026-04-13 05:31:51,28.6,60.5,23.3,54.0,0.0,0.0,0.0
2026-04-13 05:31:56,28.6,60.5,31.5,54.0,0.0,0.0,0.0
2026-04-13 05:32:01,28.6,60.4,19.4,54.0,0.0,0.0,0.0
2026-04-13 05:32:06,28.6,60.5,14.9,54.0,0.0,0.0,0.0
2026-04-13 05:32:11,28.5,60.5,13.0,53.9,0.0,0.0,0.0
2026-04-13 05:32:16,28.7,60.5,5.8,53.9,0.0,0.0,0.0
2026-04-13 05:32:21,28.5,60.5,9.4,53.9,0.0,0.0,0.0
2026-04-13 05:32:26,28.5,60.3,15.8,53.9,0.0,0.0,0.0
2026-04-13 05:32:31,28.6,60.4,18.0,54.0,0.0,0.0,0.0
2026-04-13 05:32:36,28.5,60.3,18.6,54.0,0.0,0.0,0.0
2026-04-13 05:32:41,28.6,60.4,12.4,54.0,0.0,0.0,0.0
2026-04-13 05:32:46,28.6,60.4,5.3,54.0,0.0,0.0,0.0
2026-04-13 05:32:51,28.6,60.3,28.0,54.0,0.0,0.0,0.0
2026-04-13 05:32:56,28.6,60.3,11.3,54.0,0.0,0.0,0.0
2026-04-13 05:33:01,28.7,60.4,0.0,54.0,0.0,0.0,0.0
2026-04-13 05:33:06,28.5,60.4,1.3,54.0,0.0,0.0,0.0
2026-04-13 05:33:11,28.7,60.4,29.6,54.0,0.0,0.0,0.0
2026-04-13 05:33:16,28.5,60.5,25.6,54.0,0.0,0.0,0.0
2026-04-13 05:33:21,28.7,60.5,17.8,53.9,0.0,0.0,0.0
2026-04-13 05:33:26,28.7,60.5,14.7,53.9,0.0,0.0,0.0
2026-04-13 05:33:31,28.7,60.6,8.9,53.9,0.0,0.0,0.0
2026-04-13 05:33:36,28.4,60.6,23.8,54.0,0.0,0.0,0.0
2026-04-13 05:33:41,28.7,60.6,18.6,54.0,0.0,0.0,0.0
2026-04-13 05:33:46,28.5,60.6,25.7,54.0,0.0,0.0,0.0
2026-04-13 05:33:51,28.7,60.7,34.5,54.0,0.0,0.0,0.0
2026-04-13 05:33:56,28.7,60.5,11.2,54.0,0.0,0.0,0.0
2026-04-13 05:34:01,28.5,60.6,18.2,54.0,0.0,0.0,0.0
2026-04-13 05:34:06,28.7,60.6,13.6,54.0,0.0,0.0,0.0
2026-04-13 05:34:11,28.6,60.7,17.4,54.0,0.0,0.0,0.0
2026-04-13 05:34:16,28.7,60.6,16.2,54.0,0.0,0.0,0.0
2026-04-13 05:34:21,28.7,60.7,13.7,54.0,0.0,0.0,0.0
2026-04-13 05:34:26,28.6,60.8,16.4,54.0,0.0,0.0,0.0
2026-04-13 05:34:31,28.7,60.9,9.7,54.0,0.0,0.0,0.0
2026-04-13 05:34:36,28.6,61.0,9.6,54.0,0.0,0.0,0.0
2026-04-13 05:34:41,28.7,60.9,40.3,54.0,0.0,0.0,0.0
2026-04-13 05:34:46,28.8,60.8,17.6,54.0,0.0,0.0,0.0
2026-04-13 05:34:51,28.6,60.9,9.8,54.0,0.0,0.0,0.0
2026-04-13 05:34:56,28.7,61.0,17.1,54.0,0.0,0.0,0.0
2026-04-13 05:35:01,28.6,60.9,20.5,54.0,0.0,0.0,0.0
2026-04-13 05:35:06,28.5,61.0,9.9,54.0,0.0,0.0,0.0
2026-04-13 05:35:11,28.7,61.0,0.0,54.0,0.0,0.0,0.0
2026-04-13 05:35:16,28.5,60.9,22.7,54.1,0.0,0.0,0.0
2026-04-13 05:35:21,28.6,61.0,21.5,54.1,0.0,0.0,0.0
2026-04-13 05:35:26,28.5,60.9,17.5,54.0,0.0,0.0,0.0
2026-04-13 05:35:31,28.7,61.0,8.4,54.0,0.0,0.0,0.0
2026-04-13 05:35:36,28.5,60.9,10.5,54.0,0.0,0.0,0.0
2026-04-13 05:35:41,28.6,60.8,12.7,54.0,0.0,0.0,0.0
2026-04-13 05:35:46,28.6,60.9,25.6,54.0,0.0,0.0,0.0
2026-04-13 05:35:51,28.5,60.9,13.1,54.0,0.0,0.0,0.0
2026-04-13 05:35:56,28.5,61.0,13.0,54.0,0.0,0.0,0.0
2026-04-13 05:36:01,28.5,61.1,12.9,54.0,0.0,0.0,0.0
2026-04-13 05:36:06,28.7,61.0,26.4,54.0,0.0,0.0,0.0
2026-04-13 05:36:11,28.6,60.9,0.0,54.0,0.0,0.0,0.0
2026-04-13 05:36:16,28.4,60.9,6.9,54.0,0.0,0.0,0.0
2026-04-13 05:36:21,28.6,61.0,22.0,54.0,0.0,0.0,0.0
2026-04-13 05:36:26,28.7,60.9,28.0,54.0,0.0,0.0,0.0
2026-04-13 05:36:31,28.7,61.0,23.7,54.0,0.0,0.0,0.0
2026-04-13 05:36:36,28.6,60.9,9.3,54.0,0.0,0.0,0.0
2026-04-13 05:36:41,28.7,61.0,19.6,54.0,0.0,0.0,0.0
2026-04-13 05:36:46,28.7,61.0,7.5,54.0,0.0,0.0,0.0
2026-04-13 05:36:51,28.6,61.1,21.6,54.0,0.0,0.0,0.0
2026-04-13 05:36:56,28.7,61.0,12.0,54.0,0.0,0.0,0.0
2026-04-13 05:37:01,28.6,61.0,18.2,54.0,0.0,0.0,0.0
2026-04-13 05:37:06,28.6,61.0,0.8,54.0,0.0,0.0,0.0
2026-04-13 05:37:11,28.7,61.0,10.1,54.0,0.0,0.0,0.0
2026-04-13 05:37:16,28.7,61.1,4.2,54.0,0.0,0.0,0.0
2026-04-13 05:37:21,28.6,61.1,25.3,54.0,0.0,0.0,0.0
2026-04-13 05:37:26,28.7,61.2,1.2,54.0,0.0,0.0,0.0
2026-04-13 05:37:31,28.6,61.1,4.7,54.0,0.0,0.0,0.0
2026-04-13 05:37:36,28.6,60.9,0.0,54.0,0.0,0.0,0.0
2026-04-13 05:37:41,28.6,60.8,0.0,54.0,0.0,0.0,0.0
2026-04-13 05:37:46,28.6,60.9,9.1,54.0,0.0,0.0,0.0
2026-04-13 05:37:51,28.6,60.9,21.6,54.0,0.0,0.0,0.0
2026-04-13 05:37:56,28.6,60.9,11.1,54.0,0.0,0.0,0.0
2026-04-13 05:38:01,28.5,61.0,11.7,54.0,0.0,0.0,0.0
2026-04-13 05:38:06,28.6,61.0,29.9,54.0,0.0,0.0,0.0
2026-04-13 05:38:11,28.4,61.0,33.6,54.0,0.0,0.0,0.0
2026-04-13 05:38:16,28.6,60.9,23.0,54.0,0.0,0.0,0.0
2026-04-13 05:38:21,28.5,60.9,11.1,54.0,0.0,0.0,0.0
2026-04-13 05:38:26,28.7,60.9,12.8,54.0,0.0,0.0,0.0
2026-04-13 05:38:31,28.6,61.0,12.7,54.0,0.0,0.0,0.0
2026-04-13 05:38:36,28.6,60.9,10.0,54.0,0.0,0.0,0.0
2026-04-13 05:38:41,28.5,60.9,8.4,54.0,0.0,0.0,0.0
2026-04-13 05:38:46,28.6,60.8,25.4,54.0,0.0,0.0,0.0
2026-04-13 05:38:51,28.5,60.9,4.0,54.0,0.0,0.0,0.0
2026-04-13 05:38:56,28.6,61.0,25.9,54.0,0.0,0.0,0.0
2026-04-13 05:39:01,28.6,60.9,14.4,54.1,0.0,0.0,0.0
2026-04-13 05:39:06,28.6,60.8,17.7,54.1,0.0,0.0,0.0
2026-04-13 05:39:11,28.5,60.8,14.2,54.0,0.0,0.0,0.0
2026-04-13 05:39:16,28.6,60.6,29.5,54.0,0.0,0.0,0.0
2026-04-13 05:39:21,28.7,60.6,12.1,54.0,0.0,0.0,0.0
2026-04-13 05:39:26,28.8,60.6,25.2,54.0,0.0,0.0,0.0
2026-04-13 05:39:31,28.8,60.6,24.7,54.0,0.0,0.0,0.0
2026-04-13 05:39:36,28.5,60.7,20.2,54.0,0.0,0.0,0.0
2026-04-13 05:39:41,28.6,60.7,24.9,54.0,0.0,0.0,0.0
2026-04-13 05:39:46,28.7,60.6,18.6,54.0,0.0,0.0,0.0
2026-04-13 05:39:51,28.5,60.5,23.1,54.0,0.0,0.0,0.0
2026-04-13 05:39:56,28.7,60.6,2.0,54.0,0.0,0.0,0.0
2026-04-13 05:40:01,28.6,60.7,12.7,54.0,0.0,0.0,0.0
2026-04-13 05:40:06,28.6,60.5,30.0,54.0,0.0,0.0,0.0
2026-04-13 05:40:11,28.6,60.6,24.7,54.0,0.0,0.0,0.0
2026-04-13 05:40:16,28.6,60.5,0.0,54.0,0.0,0.0,0.0
2026-04-13 05:40:21,28.6,60.7,16.9,54.0,0.0,0.0,0.0
2026-04-13 05:40:26,28.5,60.6,0.0,54.0,0.0,0.0,0.0
2026-04-13 05:40:31,28.5,60.7,19.5,54.0,0.0,0.0,0.0
2026-04-13 05:40:36,28.5,60.8,27.0,54.0,0.0,0.0,0.0
2026-04-13 05:40:41,28.6,60.8,33.9,54.0,0.0,0.0,0.0
2026-04-13 05:40:46,28.6,60.7,2.3,54.0,0.0,0.0,0.0
2026-04-13 05:40:51,28.6,60.8,1.0,54.0,0.0,0.0,0.0
2026-04-13 05:40:56,28.5,60.9,18.8,54.0,0.0,0.0,0.0
2026-04-13 05:41:01,28.7,60.9,17.5,54.0,0.0,0.0,0.0
2026-04-13 05:41:06,28.6,60.9,24.1,54.0,0.0,0.0,0.0
2026-04-13 05:41:11,28.7,60.8,8.5,54.0,0.0,0.0,0.0
2026-04-13 05:41:16,28.6,60.9,0.0,54.0,0.0,0.0,0.0
2026-04-13 05:41:21,28.4,61.0,8.7,54.0,0.0,0.0,0.0
2026-04-13 05:41:26,28.6,60.8,9.6,54.0,0.0,0.0,0.0
2026-04-13 05:41:31,28.6,60.7,4.1,54.0,0.0,0.0,0.0
2026-04-13 05:41:36,28.4,60.8,8.3,54.0,0.0,0.0,0.0
2026-04-13 05:41:41,28.6,60.6,15.8,54.0,0.0,0.0,0.0
2026-04-13 05:41:46,28.6,60.7,12.2,54.0,0.0,0.0,0.0
2026-04-13 05:41:51,28.6,60.7,22.5,54.0,0.0,0.0,0.0
2026-04-13 05:41:56,28.5,60.6,31.0,54.0,0.0,0.0,0.0
2026-04-13 05:42:01,28.5,60.8,17.0,54.0,0.0,0.0,0.0
2026-04-13 05:42:06,28.4,60.8,20.4,54.0,0.0,0.0,0.0
2026-04-13 05:42:11,28.5,60.9,34.4,54.0,0.0,0.0,0.0
2026-04-13 05:42:16,28.5,61.0,15.7,54.0,0.0,0.0,0.0
2026-04-13 05:42:21,28.7,60.9,42.3,54.0,0.0,0.0,0.0
2026-04-13 05:42:26,28.5,60.8,17.2,54.0,0.0,0.0,0.0
2026-04-13 05:42:31,28.6,60.9,28.3,54.0,0.0,0.0,0.0
2026-04-13 05:42:36,28.4,60.9,0.0,54.0,0.0,0.0,0.0
2026-04-13 05:42:41,28.6,60.8,23.6,54.0,0.0,0.0,0.0
2026-04-13 05:42:46,28.5,60.8,5.8,54.0,0.0,0.0,0.0
2026-04-13 05:42:51,28.7,60.8,22.6,54.0,0.0,0.0,0.0
2026-04-13 05:42:56,28.6,60.7,18.8,54.0,0.0,0.0,0.0
2026-04-13 05:43:01,28.6,60.7,7.5,54.0,0.0,0.0,0.0
2026-04-13 05:43:06,28.6,60.6,36.9,54.0,0.0,0.0,0.0
2026-04-13 05:43:11,28.6,60.7,44.0,54.0,0.0,0.0,0.0
2026-04-13 05:43:16,28.5,60.8,3.5,54.0,0.0,0.0,0.0
2026-04-13 05:43:21,28.5,60.8,15.8,54.0,0.0,0.0,0.0
2026-04-13 05:43:26,28.6,60.9,31.9,54.0,0.0,0.0,0.0
2026-04-13 05:43:31,28.6,60.9,6.5,54.0,0.0,0.0,0.0
2026-04-13 05:43:36,28.6,60.9,16.4,54.0,0.0,0.0,0.0
2026-04-13 05:43:41,28.5,61.0,9.0,54.0,0.0,0.0,0.0
2026-04-13 05:43:46,28.5,61.0,19.4,54.0,0.0,0.0,0.0
2026-04-13 05:43:51,28.6,61.0,0.0,54.0,0.0,0.0,0.0
2026-04-13 05:43:56,28.5,61.1,2.0,54.0,0.0,0.0,0.0
2026-04-13 05:44:01,28.5,61.0,18.3,54.0,0.0,0.0,0.0
2026-04-13 05:44:06,28.6,61.0,10.9,54.0,0.0,0.0,0.0
2026-04-13 05:44:11,28.6,61.1,14.8,54.0,0.0,0.0,0.0
2026-04-13 05:44:16,28.5,61.1,0.3,54.0,0.0,0.0,0.0
2026-04-13 05:44:21,28.5,61.0,18.2,54.0,0.0,0.0,0.0
2026-04-13 05:44:26,28.4,61.0,2.6,54.0,0.0,0.0,0.0
2026-04-13 05:44:31,28.6,61.0,6.8,54.0,0.0,0.0,0.0
2026-04-13 05:44:36,28.5,61.0,3.0,54.0,0.0,0.0,0.0
2026-04-13 05:44:41,28.5,61.0,2.6,54.0,0.0,0.0,0.0
2026-04-13 05:44:46,28.6,61.1,21.7,54.0,0.0,0.0,0.0
2026-04-13 05:44:51,28.5,61.0,12.6,54.0,0.0,0.0,0.0
2026-04-13 05:44:56,28.5,61.1,24.9,54.0,0.0,0.0,0.0
2026-04-13 05:45:01,28.5,61.1,21.8,54.0,0.0,0.0,0.0
2026-04-13 05:45:06,28.5,61.1,28.6,54.0,0.0,0.0,0.0
2026-04-13 05:45:11,28.6,61.3,8.4,54.0,0.0,0.0,0.0
2026-04-13 05:45:16,28.7,61.3,9.4,54.0,0.0,0.0,0.0
2026-04-13 05:45:21,28.6,61.3,7.8,54.0,0.0,0.0,0.0
2026-04-13 05:45:26,28.6,61.3,19.9,54.0,0.0,0.0,0.0
2026-04-13 05:45:31,28.5,61.3,14.5,54.0,0.0,0.0,0.0
2026-04-13 05:45:36,28.6,61.3,1.1,54.0,0.0,0.0,0.0
2026-04-13 05:45:41,28.5,61.3,8.7,54.0,0.0,0.0,0.0
2026-04-13 05:45:46,28.6,61.2,8.2,54.0,0.0,0.0,0.0
2026-04-13 05:45:51,28.5,61.3,3.6,54.0,0.0,0.0,0.0
2026-04-13 05:45:56,28.5,61.3,7.7,54.0,0.0,0.0,0.0
2026-04-13 05:46:01,28.7,61.3,15.0,53.9,0.0,0.0,0.0
2026-04-13 05:46:06,28.5,61.3,7.3,53.9,0.0,0.0,0.0
2026-04-13 05:46:11,28.4,61.3,28.9,53.9,0.0,0.0,0.0
2026-04-13 05:46:16,28.5,61.3,7.6,53.9,0.0,0.0,0.0
2026-04-13 05:46:21,28.6,61.4,13.0,53.9,0.0,0.0,0.0
2026-04-13 05:46:26,28.6,61.3,0.0,53.9,0.0,0.0,0.0
2026-04-13 05:46:31,28.6,61.4,13.6,53.9,0.0,0.0,0.0
2026-04-13 05:46:36,28.4,61.3,26.0,53.9,0.0,0.0,0.0
2026-04-13 05:46:41,28.6,61.2,21.8,53.9,0.0,0.0,0.0
2026-04-13 05:46:46,28.6,61.3,18.5,54.0,0.0,0.0,0.0
2026-04-13 05:46:51,28.4,61.3,12.1,54.0,0.0,0.0,0.0
2026-04-13 05:46:56,28.6,61.4,21.4,54.0,0.0,0.0,0.0
2026-04-13 05:47:01,28.5,61.3,31.8,54.0,0.0,0.0,0.0
2026-04-13 05:47:06,28.6,61.2,27.4,54.0,0.0,0.0,0.0
2026-04-13 05:47:11,28.6,61.2,7.8,54.0,0.0,0.0,0.0
2026-04-13 05:47:16,28.5,61.3,13.4,54.0,0.0,0.0,0.0
2026-04-13 05:47:21,28.7,61.3,8.5,54.0,0.0,0.0,0.0
2026-04-13 05:47:26,28.6,61.3,6.7,54.0,0.0,0.0,0.0
2026-04-13 05:47:31,28.6,61.3,20.7,54.0,0.0,0.0,0.0
2026-04-13 05:47:36,28.7,61.3,7.4,53.9,0.0,0.0,0.0
2026-04-13 05:47:41,28.6,61.3,10.1,53.9,0.0,0.0,0.0
2026-04-13 05:47:46,28.6,61.3,20.2,53.9,0.0,0.0,0.0
2026-04-13 05:47:51,28.6,61.4,0.0,53.9,0.0,0.0,0.0
2026-04-13 05:47:56,28.7,61.5,14.2,53.9,0.0,0.0,0.0
2026-04-13 05:48:01,28.5,61.4,26.2,53.9,0.0,0.0,0.0
2026-04-13 05:48:06,28.7,61.5,0.0,54.0,0.0,0.0,0.0
2026-04-13 05:48:11,28.5,61.3,7.3,54.0,0.0,0.0,0.0
2026-04-13 05:48:16,28.5,61.3,10.9,54.0,0.0,0.0,0.0
2026-04-13 05:48:21,28.6,61.2,14.9,54.0,0.0,0.0,0.0
2026-04-13 05:48:26,28.6,61.2,0.7,54.0,0.0,0.0,0.0
2026-04-13 05:48:31,28.7,61.0,13.4,54.0,0.0,0.0,0.0
2026-04-13 05:48:36,28.7,61.0,26.0,54.0,0.0,0.0,0.0
2026-04-13 05:48:41,28.6,60.9,23.0,54.0,0.0,0.0,0.0
2026-04-13 05:48:46,28.6,60.9,13.5,54.0,0.0,0.0,0.0
2026-04-13 05:48:51,28.5,60.9,24.1,54.0,0.0,0.0,0.0
2026-04-13 05:48:56,28.6,60.9,9.3,54.0,0.0,0.0,0.0
2026-04-13 05:49:01,28.6,61.0,19.6,54.0,0.0,0.0,0.0
2026-04-13 05:49:06,28.5,60.9,13.5,54.0,0.0,0.0,0.0
2026-04-13 05:49:11,28.4,60.9,11.4,54.0,0.0,0.0,0.0
2026-04-13 05:49:16,28.5,60.9,32.8,54.0,0.0,0.0,0.0
2026-04-13 05:49:21,28.6,60.9,7.4,54.0,0.0,0.0,0.0
2026-04-13 05:49:26,28.5,60.9,24.6,54.0,0.0,0.0,0.0
2026-04-13 05:49:31,28.5,60.9,5.2,54.0,0.0,0.0,0.0
2026-04-13 05:49:36,28.6,60.9,24.3,54.0,0.0,0.0,0.0
2026-04-13 05:49:41,28.5,60.9,2.8,54.0,0.0,0.0,0.0
2026-04-13 05:49:46,28.6,60.9,13.3,54.0,0.0,0.0,0.0
2026-04-13 05:49:51,28.5,60.8,11.2,54.0,0.0,0.0,0.0
2026-04-13 05:49:56,28.5,60.7,0.0,54.0,0.0,0.0,0.0
2026-04-13 05:50:01,28.5,60.8,7.0,54.0,0.0,0.0,0.0
2026-04-13 05:50:06,28.5,60.7,21.9,54.0,0.0,0.0,0.0
2026-04-13 05:50:11,28.7,60.7,13.7,54.0,0.0,0.0,0.0
2026-04-13 05:50:16,28.7,60.7,25.7,54.0,0.0,0.0,0.0
2026-04-13 05:50:21,28.4,60.7,15.1,54.0,0.0,0.0,0.0
2026-04-13 05:50:26,28.5,60.6,22.2,54.0,0.0,0.0,0.0
2026-04-13 05:50:31,28.6,60.4,15.0,54.0,0.0,0.0,0.0
2026-04-13 05:50:36,28.6,60.4,13.8,54.0,0.0,0.0,0.0
2026-04-13 05:50:41,28.6,60.5,10.8,54.0,0.0,0.0,0.0
2026-04-13 05:50:46,28.6,60.4,26.3,54.0,0.0,0.0,0.0
2026-04-13 05:50:51,28.6,60.5,20.4,54.0,0.0,0.0,0.0
2026-04-13 05:50:56,28.5,60.5,20.3,54.0,0.0,0.0,0.0
2026-04-13 05:51:01,28.5,60.6,32.6,54.0,0.0,0.0,0.0
2026-04-13 05:51:06,28.6,60.9,18.7,54.0,0.0,0.0,0.0
2026-04-13 05:51:11,28.6,60.9,13.4,54.0,0.0,0.0,0.0
2026-04-13 05:51:16,28.6,60.9,11.3,54.0,0.0,0.0,0.0
2026-04-13 05:51:21,28.7,60.9,28.4,54.0,0.0,0.0,0.0
2026-04-13 05:51:26,28.5,60.9,21.8,54.0,0.0,0.0,0.0
2026-04-13 05:51:31,28.6,60.8,5.3,54.0,0.0,0.0,0.0
2026-04-13 05:51:36,28.6,60.7,36.2,54.0,0.0,0.0,0.0
2026-04-13 05:51:41,28.5,60.7,22.2,54.0,0.0,0.0,0.0
2026-04-13 05:51:46,28.5,60.7,23.5,54.0,0.0,0.0,0.0
2026-04-13 05:51:51,28.6,60.7,18.6,54.0,0.0,0.0,0.0
2026-04-13 05:51:56,28.6,60.7,17.9,54.0,0.0,0.0,0.0
2026-04-13 05:52:01,28.6,60.8,0.0,54.0,0.0,0.0,0.0
2026-04-13 05:52:06,28.5,60.6,16.0,54.0,0.0,0.0,0.0
2026-04-13 05:52:11,28.6,60.6,5.1,54.0,0.0,0.0,0.0
2026-04-13 05:52:16,28.6,60.6,19.7,54.0,0.0,0.0,0.0
2026-04-13 05:52:21,28.6,60.7,39.8,54.0,0.0,0.0,0.0
2026-04-13 05:52:26,28.6,60.8,0.0,54.0,0.0,0.0,0.0
2026-04-13 05:52:31,28.4,60.7,21.9,54.0,0.0,0.0,0.0
2026-04-13 05:52:36,28.5,60.7,22.9,54.0,0.0,0.0,0.0
2026-04-13 05:52:41,28.4,60.7,0.0,54.0,0.0,0.0,0.0
2026-04-13 05:52:46,28.6,60.7,27.8,54.0,0.0,0.0,0.0
2026-04-13 05:52:51,28.4,60.7,0.0,54.0,0.0,0.0,0.0
2026-04-13 05:52:56,28.4,60.7,10.0,54.0,0.0,0.0,0.0
2026-04-13 05:53:01,28.5,60.9,16.7,54.0,0.0,0.0,0.0
2026-04-13 05:53:06,28.4,61.0,10.7,54.0,0.0,0.0,0.0
2026-04-13 05:53:11,28.6,61.0,14.4,54.0,0.0,0.0,0.0
2026-04-13 05:53:16,28.7,60.9,17.5,54.0,0.0,0.0,0.0
2026-04-13 05:53:21,28.6,61.0,23.5,54.0,0.0,0.0,0.0
2026-04-13 05:53:26,28.5,61.1,14.7,54.0,0.0,0.0,0.0
2026-04-13 05:53:31,28.5,61.1,26.9,54.0,0.0,0.0,0.0
2026-04-13 05:53:36,28.5,61.1,0.8,54.0,0.0,0.0,0.0
2026-04-13 05:53:41,28.6,60.9,16.6,54.0,0.0,0.0,0.0
2026-04-13 05:53:46,28.8,60.9,14.7,54.0,0.0,0.0,0.0
2026-04-13 05:53:51,28.4,60.8,0.0,54.0,0.0,0.0,0.0
2026-04-13 05:53:56,28.4,60.8,3.8,54.0,0.0,0.0,0.0
2026-04-13 05:54:01,28.4,60.8,21.8,54.0,0.0,0.0,0.0
2026-04-13 05:54:06,28.4,60.9,13.1,54.0,0.0,0.0,0.0
2026-04-13 05:54:11,28.4,60.8,5.0,54.0,0.0,0.0,0.0
2026-04-13 05:54:16,28.5,60.9,16.9,54.0,0.0,0.0,0.0
2026-04-13 05:54:21,28.6,60.8,28.9,54.0,0.0,0.0,0.0
2026-04-13 05:54:26,28.4,60.8,14.8,54.0,0.0,0.0,0.0
2026-04-13 05:54:31,28.6,60.8,0.0,53.9,0.0,0.0,0.0
2026-04-13 05:54:36,28.5,60.8,0.0,53.9,0.0,0.0,0.0
2026-04-13 05:54:41,28.5,60.9,0.0,54.0,0.0,0.0,0.0
2026-04-13 05:54:46,28.6,60.7,28.9,54.0,0.0,0.0,0.0
2026-04-13 05:54:51,28.6,60.8,0.0,54.0,0.0,0.0,0.0
2026-04-13 05:54:56,28.6,60.7,17.8,54.0,0.0,0.0,0.0
2026-04-13 05:55:01,28.5,60.6,20.0,54.0,0.0,0.0,0.0
2026-04-13 05:55:06,28.4,60.7,28.9,54.0,0.0,0.0,0.0
2026-04-13 05:55:11,28.5,60.9,9.2,54.0,0.0,0.0,0.0
2026-04-13 05:55:16,28.6,60.8,0.0,54.0,0.0,0.0,0.0
2026-04-13 05:55:21,28.4,60.8,15.3,54.0,0.0,0.0,0.0
2026-04-13 05:55:26,28.4,60.8,13.9,54.0,0.0,0.0,0.0
2026-04-13 05:55:31,28.5,61.0,6.2,54.0,0.0,0.0,0.0
2026-04-13 05:55:36,28.4,60.9,18.6,54.0,0.0,0.0,0.0
2026-04-13 05:55:41,28.6,60.8,0.0,54.0,0.0,0.0,0.0
2026-04-13 05:55:46,28.5,60.9,9.3,54.0,0.0,0.0,0.0
2026-04-13 05:55:51,28.5,60.8,17.7,54.0,0.0,0.0,0.0
2026-04-13 05:55:56,28.6,60.8,25.1,54.0,0.0,0.0,0.0
2026-04-13 05:56:01,28.5,60.8,37.3,54.0,0.0,0.0,0.0
2026-04-13 05:56:06,28.6,60.9,11.6,54.0,0.0,0.0,0.0
2026-04-13 05:56:11,28.4,61.0,18.1,54.0,0.0,0.0,0.0
2026-04-13 05:56:16,28.6,61.0,18.3,54.0,0.0,0.0,0.0
2026-04-13 05:56:21,28.5,61.0,9.6,54.0,0.0,0.0,0.0
2026-04-13 05:56:26,28.5,61.0,7.2,54.0,0.0,0.0,0.0
2026-04-13 05:56:31,28.4,61.1,6.0,54.0,0.0,0.0,0.0
2026-04-13 05:56:36,28.6,61.1,20.5,54.0,0.0,0.0,0.0
2026-04-13 05:56:41,28.5,61.0,0.0,54.0,0.0,0.0,0.0
2026-04-13 05:56:46,28.5,61.1,22.7,54.0,0.0,0.0,0.0
2026-04-13 05:56:51,28.7,61.0,17.3,54.0,0.0,0.0,0.0
2026-04-13 05:56:56,28.6,61.0,16.1,54.0,0.0,0.0,0.0
2026-04-13 05:57:01,28.3,61.1,16.1,53.9,0.0,0.0,0.0
2026-04-13 05:57:06,28.4,61.0,4.7,53.9,0.0,0.0,0.0
2026-04-13 05:57:11,28.4,61.1,26.7,53.9,0.0,0.0,0.0
2026-04-13 05:57:16,28.5,61.2,34.5,54.0,0.0,0.0,0.0
2026-04-13 05:57:21,28.6,61.2,17.6,54.0,0.0,0.0,0.0
2026-04-13 05:57:26,28.5,61.2,0.0,54.0,0.0,0.0,0.0
2026-04-13 05:57:31,28.6,61.1,0.0,54.0,0.0,0.0,0.0
2026-04-13 05:57:36,28.4,61.2,5.4,54.0,0.0,0.0,0.0
2026-04-13 05:57:41,28.5,61.3,1.2,54.0,0.0,0.0,0.0
2026-04-13 05:57:46,28.5,61.1,2.0,54.0,0.0,0.0,0.0
2026-04-13 05:57:51,28.4,61.1,18.8,54.0,0.0,0.0,0.0
2026-04-13 05:57:56,28.5,61.1,6.2,54.0,0.0,0.0,0.0
2026-04-13 05:58:01,28.5,61.2,0.0,54.0,0.0,0.0,0.0
2026-04-13 05:58:06,28.6,61.2,27.0,54.0,0.0,0.0,0.0
2026-04-13 05:58:11,28.5,61.2,23.4,54.0,0.0,0.0,0.0
2026-04-13 05:58:16,28.5,61.2,25.5,54.0,0.0,0.0,0.0
2026-04-13 05:58:21,28.7,61.2,0.0,54.0,0.0,0.0,0.0
2026-04-13 05:58:26,28.5,61.2,19.3,54.0,0.0,0.0,0.0
2026-04-13 05:58:31,28.5,61.2,11.5,54.0,0.0,0.0,0.0
2026-04-13 05:58:36,28.5,61.1,13.0,54.0,0.0,0.0,0.0
2026-04-13 05:58:41,28.4,61.1,11.4,54.0,0.0,0.0,0.0
2026-04-13 05:58:46,28.5,61.0,0.0,54.0,0.0,0.0,0.0
2026-04-13 05:58:51,28.5,61.2,32.4,54.0,0.0,0.0,0.0
2026-04-13 05:58:56,28.6,61.2,10.0,54.0,0.0,0.0,0.0
2026-04-13 05:59:01,28.4,61.2,23.8,54.0,0.0,0.0,0.0
2026-04-13 05:59:06,28.5,61.0,15.2,54.0,0.0,0.0,0.0
2026-04-13 05:59:11,28.5,61.1,27.1,54.0,0.0,0.0,0.0
2026-04-13 05:59:16,28.7,60.9,22.5,54.0,0.0,0.0,0.0
2026-04-13 05:59:21,28.6,60.9,9.8,54.0,0.0,0.0,0.0
2026-04-13 05:59:26,28.6,60.9,0.0,54.0,0.0,0.0,0.0
2026-04-13 05:59:31,28.5,60.9,1.2,54.0,0.0,0.0,0.0
2026-04-13 05:59:36,28.7,60.9,23.1,54.0,0.0,0.0,0.0
2026-04-13 05:59:41,28.5,60.9,8.8,54.0,0.0,0.0,0.0
2026-04-13 05:59:46,28.5,60.9,21.6,54.0,0.0,0.0,0.0
2026-04-13 05:59:51,28.6,60.8,11.2,54.0,0.0,0.0,0.0
2026-04-13 05:59:56,28.5,60.7,9.9,54.0,0.0,0.0,0.0
2026-04-13 06:00:01,28.5,60.7,13.4,54.0,0.0,0.0,0.0
2026-04-13 06:00:06,28.5,60.5,22.2,54.0,0.0,0.0,0.0
2026-04-13 06:00:11,28.6,60.4,45.5,54.0,0.0,0.0,0.0
2026-04-13 06:00:16,28.6,60.5,27.8,54.0,0.0,0.0,0.0
2026-04-13 06:00:21,28.5,60.6,16.7,54.0,0.0,0.0,0.0
2026-04-13 06:00:26,28.6,60.6,33.1,54.0,0.0,0.0,0.0
2026-04-13 06:00:31,28.4,60.6,30.6,54.0,0.0,0.0,0.0
2026-04-13 06:00:36,28.6,60.6,19.1,54.0,0.0,0.0,0.0
2026-04-13 06:00:41,28.6,60.7,32.1,54.0,0.0,0.0,0.0
2026-04-13 06:00:46,28.4,60.7,0.0,54.0,0.0,0.0,0.0
2026-04-13 06:00:51,28.6,60.7,16.2,54.0,0.0,0.0,0.0
2026-04-13 06:00:56,28.6,60.7,31.6,54.0,0.0,0.0,0.0
2026-04-13 06:01:01,28.6,60.7,29.7,54.0,0.0,0.0,0.0
2026-04-13 06:01:06,28.7,60.7,25.8,54.0,0.0,0.0,0.0
2026-04-13 06:01:11,28.6,60.7,24.0,54.0,0.0,0.0,0.0
2026-04-13 06:01:16,28.6,60.6,16.0,54.0,0.0,0.0,0.0
2026-04-13 06:01:21,28.6,60.7,7.8,54.0,0.0,0.0,0.0
2026-04-13 06:01:26,28.5,60.7,8.4,54.0,0.0,0.0,0.0
2026-04-13 06:01:31,28.5,60.7,0.0,54.0,0.0,0.0,0.0
2026-04-13 06:01:36,28.6,60.5,33.9,54.0,0.0,0.0,0.0
2026-04-13 06:01:41,28.6,60.6,12.1,54.0,0.0,0.0,0.0
2026-04-13 06:01:46,28.5,60.5,9.4,54.0,0.0,0.0,0.0
2026-04-13 06:01:51,28.5,60.5,17.6,54.0,0.0,0.0,0.0
2026-04-13 06:01:56,28.6,60.5,10.8,54.0,0.0,0.0,0.0
2026-04-13 06:02:01,28.5,60.6,20.0,54.0,0.0,0.0,0.0
2026-04-13 06:02:06,28.6,60.6,5.6,54.0,0.0,0.0,0.0
2026-04-13 06:02:11,28.5,60.7,23.5,54.0,0.0,0.0,0.0
2026-04-13 06:02:16,28.5,60.6,37.3,54.0,0.0,0.0,0.0
2026-04-13 06:02:21,28.7,60.6,23.6,54.0,0.0,0.0,0.0
2026-04-13 06:02:26,28.7,60.6,8.8,54.0,0.0,0.0,0.0
2026-04-13 06:02:31,28.6,60.5,16.0,54.0,0.0,0.0,0.0
2026-04-13 06:02:36,28.5,60.7,0.0,54.0,0.0,0.0,0.0
2026-04-13 06:02:41,28.6,60.7,12.6,54.0,0.0,0.0,0.0
2026-04-13 06:02:46,28.5,60.6,25.5,54.0,0.0,0.0,0.0
2026-04-13 06:02:51,28.6,60.6,15.6,54.0,0.0,0.0,0.0
2026-04-13 06:02:56,28.6,60.6,10.3,54.0,0.0,0.0,0.0
2026-04-13 06:03:01,28.6,60.6,0.0,54.0,0.0,0.0,0.0
2026-04-13 06:03:06,28.6,60.6,11.4,54.0,0.0,0.0,0.0
2026-04-13 06:03:11,28.5,60.6,9.8,54.0,0.0,0.0,0.0
2026-04-13 06:03:16,28.5,60.5,14.1,54.0,0.0,0.0,0.0
2026-04-13 06:03:21,28.6,60.6,16.0,54.0,0.0,0.0,0.0
2026-04-13 06:03:26,28.5,60.6,21.4,54.0,0.0,0.0,0.0
2026-04-13 06:03:31,28.7,60.5,27.9,54.0,0.0,0.0,0.0
2026-04-13 06:03:36,28.7,60.4,15.1,54.0,0.0,0.0,0.0
2026-04-13 06:03:41,28.7,60.4,12.8,54.0,0.0,0.0,0.0
2026-04-13 06:03:46,28.6,60.3,27.5,54.0,0.0,0.0,0.0
2026-04-13 06:03:51,28.6,60.2,13.9,54.0,0.0,0.0,0.0
2026-04-13 06:03:56,28.5,60.2,8.5,54.0,0.0,0.0,0.0
2026-04-13 06:04:01,28.5,60.2,3.0,54.0,0.0,0.0,0.0
2026-04-13 06:04:06,28.7,60.2,35.1,54.0,0.0,0.0,0.0
2026-04-13 06:04:11,28.5,60.3,8.2,54.0,0.0,0.0,0.0
2026-04-13 06:04:16,28.6,60.3,21.5,54.0,0.0,0.0,0.0
2026-04-13 06:04:21,28.5,60.3,26.0,54.0,0.0,0.0,0.0
2026-04-13 06:04:26,28.7,60.3,32.7,54.0,0.0,0.0,0.0
2026-04-13 06:04:31,28.6,60.5,23.6,54.0,0.0,0.0,0.0
2026-04-13 06:04:36,28.6,60.4,18.6,54.0,0.0,0.0,0.0
2026-04-13 06:04:41,28.7,60.3,5.0,54.0,0.0,0.0,0.0
2026-04-13 06:04:46,28.6,60.3,17.1,54.0,0.0,0.0,0.0
2026-04-13 06:04:51,28.4,60.4,8.7,54.0,0.0,0.0,0.0
2026-04-13 06:04:56,28.5,60.4,5.4,54.0,0.0,0.0,0.0
2026-04-13 06:05:01,28.6,60.3,24.3,54.0,0.0,0.0,0.0
2026-04-13 06:05:06,28.5,60.3,36.5,54.0,0.0,0.0,0.0
2026-04-13 06:05:11,28.7,60.3,20.1,54.0,0.0,0.0,0.0
2026-04-13 06:05:16,28.5,60.3,25.1,54.0,0.0,0.0,0.0
2026-04-13 06:05:21,28.5,60.2,18.8,54.0,0.0,0.0,0.0
2026-04-13 06:05:26,28.5,60.1,36.4,54.0,0.0,0.0,0.0
2026-04-13 06:05:31,28.5,60.3,18.6,54.0,0.0,0.0,0.0
2026-04-13 06:05:36,28.7,60.3,27.2,54.0,0.0,0.0,0.0
2026-04-13 06:05:41,28.6,60.4,25.2,54.0,0.0,0.0,0.0
2026-04-13 06:05:46,28.7,60.2,23.0,54.0,0.0,0.0,0.0
2026-04-13 06:05:51,28.6,60.1,16.4,54.0,0.0,0.0,0.0
2026-04-13 06:05:56,28.6,60.0,18.0,54.0,0.0,0.0,0.0
2026-04-13 06:06:01,28.5,60.0,16.3,54.0,0.0,0.0,0.0
2026-04-13 06:06:06,28.5,60.1,24.1,54.1,0.0,0.0,0.0
2026-04-13 06:06:11,28.7,60.0,22.3,54.1,0.0,0.0,0.0
2026-04-13 06:06:16,28.6,60.1,11.5,54.0,0.0,0.0,0.0
2026-04-13 06:06:21,28.7,59.9,14.8,54.0,0.0,0.0,0.0
2026-04-13 06:06:26,28.6,59.9,25.0,54.0,0.0,0.0,0.0
2026-04-13 06:06:31,28.7,60.0,22.8,54.0,0.0,0.0,0.0
2026-04-13 06:06:36,28.7,60.0,31.8,54.0,0.0,0.0,0.0
2026-04-13 06:06:41,28.6,60.0,8.4,54.0,0.0,0.0,0.0
2026-04-13 06:06:46,28.6,60.0,21.1,54.0,0.0,0.0,0.0
2026-04-13 06:06:51,28.5,60.1,16.3,54.0,0.0,0.0,0.0
2026-04-13 06:06:56,28.6,60.2,19.3,54.0,0.0,0.0,0.0
2026-04-13 06:07:01,28.8,60.1,40.8,54.0,0.0,0.0,0.0
2026-04-13 06:07:06,28.6,60.1,36.7,54.0,0.0,0.0,0.0
2026-04-13 06:07:11,28.7,60.1,26.2,54.0,0.0,0.0,0.0
2026-04-13 06:07:16,28.6,60.0,17.8,54.0,0.0,0.0,0.0
2026-04-13 06:07:21,28.6,60.0,31.8,54.0,0.0,0.0,0.0
2026-04-13 06:07:26,28.6,60.0,32.5,54.0,0.0,0.0,0.0
2026-04-13 06:07:31,28.5,60.1,32.5,54.0,0.0,0.0,0.0
2026-04-13 06:07:36,28.7,60.1,33.7,54.0,0.0,0.0,0.0
2026-04-13 06:07:41,28.7,60.2,28.7,54.0,0.0,0.0,0.0
2026-04-13 06:07:46,28.7,60.1,7.0,54.0,0.0,0.0,0.0
2026-04-13 06:07:51,28.8,60.1,31.5,54.0,0.0,0.0,0.0
2026-04-13 06:07:56,28.7,60.1,22.9,54.0,0.0,0.0,0.0
2026-04-13 06:08:01,28.6,60.1,20.1,54.0,0.0,0.0,0.0
2026-04-13 06:08:06,28.6,60.1,22.0,54.0,0.0,0.0,0.0
2026-04-13 06:08:11,28.4,60.1,42.5,54.0,0.0,0.0,0.0
2026-04-13 06:08:16,28.5,60.2,22.7,54.0,0.0,0.0,0.0
2026-04-13 06:08:21,28.6,60.1,21.5,54.0,0.0,0.0,0.0
2026-04-13 06:08:26,28.5,60.1,28.2,54.0,0.0,0.0,0.0
2026-04-13 06:08:31,28.6,60.2,25.1,54.0,0.0,0.0,0.0
2026-04-13 06:08:36,28.5,60.1,36.8,54.0,0.0,0.0,0.0
2026-04-13 06:08:41,28.6,60.2,16.3,54.0,0.0,0.0,0.0
2026-04-13 06:08:46,28.6,60.2,26.4,54.0,0.0,0.0,0.0
2026-04-13 06:08:51,28.6,60.3,7.9,54.0,0.0,0.0,0.0
2026-04-13 06:08:56,28.6,60.1,37.4,54.0,0.0,0.0,0.0
2026-04-13 06:09:01,28.6,60.1,29.1,54.0,0.0,0.0,0.0
2026-04-13 06:09:06,28.7,60.2,26.4,54.0,0.0,0.0,0.0
2026-04-13 06:09:11,28.6,60.2,17.6,54.0,0.0,0.0,0.0
2026-04-13 06:09:16,28.6,60.2,23.2,54.0,0.0,0.0,0.0
2026-04-13 06:09:21,28.6,60.1,18.1,54.0,0.0,0.0,0.0
2026-04-13 06:09:26,28.6,60.1,40.0,54.0,0.0,0.0,0.0
2026-04-13 06:09:31,28.5,60.2,6.9,54.0,0.0,0.0,0.0
2026-04-13 06:09:36,28.7,60.1,22.2,54.0,0.0,0.0,0.0
2026-04-13 06:09:41,28.7,60.2,19.7,54.0,0.0,0.0,0.0
2026-04-13 06:09:46,28.6,60.1,18.5,54.0,0.0,0.0,0.0
2026-04-13 06:09:51,28.5,60.3,29.3,54.0,0.0,0.0,0.0
2026-04-13 06:09:56,28.6,60.3,33.9,54.0,0.0,0.0,0.0
2026-04-13 06:10:01,28.5,60.3,23.4,54.0,0.0,0.0,0.0
2026-04-13 06:10:06,28.6,60.2,34.4,54.0,0.0,0.0,0.0
2026-04-13 06:10:11,28.6,60.1,29.4,54.0,0.0,0.0,0.0
2026-04-13 06:10:16,28.5,60.1,46.6,54.0,0.0,0.0,0.0
2026-04-13 06:10:21,28.7,60.1,24.1,54.0,0.0,0.0,0.0
2026-04-13 06:10:26,28.6,60.2,27.9,54.0,0.0,0.0,0.0
2026-04-13 06:10:31,28.6,60.1,53.0,54.0,0.0,0.0,0.0
2026-04-13 06:10:36,28.6,60.0,28.4,54.0,0.0,0.0,0.0
2026-04-13 06:10:41,28.7,60.0,25.4,54.0,0.0,0.0,0.0
2026-04-13 06:10:46,28.6,60.1,23.6,54.0,0.0,0.0,0.0
2026-04-13 06:10:51,28.7,60.0,51.7,54.0,0.0,0.0,0.0
2026-04-13 06:10:56,28.6,59.8,37.0,54.0,0.0,0.0,0.0
2026-04-13 06:11:01,28.7,59.8,13.7,54.0,0.0,0.0,0.0
2026-04-13 06:11:06,28.7,59.8,50.6,54.0,0.0,0.0,0.0
2026-04-13 06:11:11,28.7,59.8,46.4,54.0,0.0,0.0,0.0
2026-04-13 06:11:16,28.6,59.9,41.1,54.0,0.0,0.0,0.0
2026-04-13 06:11:21,28.4,59.8,14.3,54.0,0.0,0.0,0.0
2026-04-13 06:11:26,28.5,59.6,51.4,54.0,0.0,0.0,0.0
2026-04-13 06:11:31,28.6,59.7,25.6,54.0,0.0,0.0,0.0
2026-04-13 06:11:36,28.7,59.5,35.7,54.0,0.0,0.0,0.0
2026-04-13 06:11:41,28.7,59.6,41.2,54.1,0.0,0.0,0.0
2026-04-13 06:11:46,28.6,59.6,33.5,54.1,0.0,0.0,0.0
2026-04-13 06:11:51,28.7,59.6,20.0,54.0,0.0,0.0,0.0
2026-04-13 06:11:56,28.6,59.6,28.0,54.0,0.0,0.0,0.0
2026-04-13 06:12:01,28.5,59.6,51.2,54.0,0.0,0.0,0.0
2026-04-13 06:12:06,28.8,59.6,36.9,54.0,0.0,0.0,0.0
2026-04-13 06:12:11,28.6,59.7,43.3,54.0,0.0,0.0,0.0
2026-04-13 06:12:16,28.5,59.7,29.2,54.0,0.0,0.0,0.0
2026-04-13 06:12:21,28.5,59.6,24.3,54.0,0.0,0.0,0.0
2026-04-13 06:12:26,28.6,59.5,47.0,54.0,0.0,0.0,0.0
2026-04-13 06:12:31,28.7,59.4,26.8,54.0,0.0,0.0,0.0
2026-04-13 06:12:36,28.6,59.4,42.2,54.0,0.0,0.0,0.0
2026-04-13 06:12:41,28.6,59.6,28.6,54.0,0.0,0.0,0.0
2026-04-13 06:12:46,28.6,59.8,34.8,54.1,0.0,0.0,0.0
2026-04-13 06:12:51,28.7,59.9,47.5,54.1,0.0,0.0,0.0
2026-04-13 06:12:56,28.5,60.0,40.5,54.1,0.0,0.0,0.0
2026-04-13 06:13:01,28.6,60.0,16.9,54.0,0.0,0.0,0.0
2026-04-13 06:13:06,28.5,60.0,42.1,54.0,0.0,0.0,0.0
2026-04-13 06:13:11,28.5,60.1,42.0,54.0,0.0,0.0,0.0
2026-04-13 06:13:16,28.6,60.0,29.8,54.0,0.0,0.0,0.0
2026-04-13 06:13:21,28.5,60.1,25.0,54.0,0.0,0.0,0.0
2026-04-13 06:13:26,28.6,60.1,34.2,54.0,0.0,0.0,0.0
2026-04-13 06:13:31,28.7,60.1,36.5,54.0,0.0,0.0,0.0
2026-04-13 06:13:36,28.7,60.0,47.8,54.1,0.0,0.0,0.0
2026-04-13 06:13:41,28.5,59.9,27.8,54.1,0.0,0.0,0.0
2026-04-13 06:13:46,28.7,59.9,27.1,54.0,0.0,0.0,0.0
2026-04-13 06:13:51,28.6,59.8,50.0,54.0,0.0,0.0,0.0
2026-04-13 06:13:56,28.6,59.7,43.2,54.0,0.0,0.0,0.0
2026-04-13 06:14:01,28.6,59.7,30.3,54.0,0.0,0.0,0.0
2026-04-13 06:14:06,28.6,59.7,39.2,54.0,0.0,0.0,0.0
2026-04-13 06:14:11,28.7,59.5,35.8,54.1,0.0,0.0,0.0
2026-04-13 06:14:16,28.5,59.6,27.1,54.1,0.0,0.0,0.0
2026-04-13 06:14:21,28.5,59.6,57.8,54.1,0.0,0.0,0.0
2026-04-13 06:14:26,28.4,59.7,50.6,54.0,0.0,0.0,0.0
2026-04-13 06:14:31,28.5,59.5,59.3,54.0,0.0,0.0,0.0
2026-04-13 06:14:36,28.3,59.5,36.0,54.0,0.0,0.0,0.0
2026-04-13 06:14:41,28.6,59.4,34.2,54.0,0.0,0.0,0.0
2026-04-13 06:14:46,28.7,59.5,34.1,54.1,0.0,0.0,0.0
2026-04-13 06:14:51,28.5,59.3,34.6,54.1,0.0,0.0,0.0
2026-04-13 06:14:56,28.7,59.2,31.6,54.1,0.0,0.0,0.0
2026-04-13 06:15:01,28.6,59.3,35.1,54.1,0.0,0.0,0.0
2026-04-13 06:15:06,28.6,59.3,31.2,54.1,0.0,0.0,0.0
2026-04-13 06:15:11,28.5,59.4,50.8,54.1,0.0,0.0,0.0
2026-04-13 06:15:16,28.6,59.4,32.9,54.0,0.0,0.0,0.0
2026-04-13 06:15:21,28.5,59.5,32.6,54.0,0.0,0.0,0.0
2026-04-13 06:15:26,28.7,59.5,32.0,54.0,0.0,0.0,0.0
2026-04-13 06:15:31,28.6,59.4,52.5,54.0,0.0,0.0,0.0
2026-04-13 06:15:36,28.5,59.4,42.4,54.1,0.0,0.0,0.0
2026-04-13 06:15:41,28.6,59.5,59.2,54.1,0.0,0.0,0.0
2026-04-13 06:15:46,28.5,59.5,41.9,54.1,0.0,0.0,0.0
2026-04-13 06:15:51,28.6,59.5,41.9,54.0,0.0,0.0,0.0
2026-04-13 06:15:56,28.6,59.5,22.0,54.0,0.0,0.0,0.0
2026-04-13 06:16:01,28.5,59.5,37.0,54.1,0.0,0.0,0.0
2026-04-13 06:16:06,28.4,59.4,30.3,54.1,0.0,0.0,0.0
2026-04-13 06:16:11,28.7,59.5,52.8,54.1,0.0,0.0,0.0
2026-04-13 06:16:16,28.6,59.6,47.7,54.1,0.0,0.0,0.0
2026-04-13 06:16:21,28.6,59.5,33.7,54.1,0.0,0.0,0.0
2026-04-13 06:16:26,28.6,59.5,30.2,54.0,0.0,0.0,0.0
2026-04-13 06:16:31,28.6,59.5,30.7,54.0,0.0,0.0,0.0
2026-04-13 06:16:36,28.6,59.7,26.6,54.0,0.0,0.0,0.0
2026-04-13 06:16:41,28.7,59.6,31.9,54.0,0.0,0.0,0.0
2026-04-13 06:16:46,28.5,59.6,30.0,54.0,0.0,0.0,0.0
2026-04-13 06:16:51,28.6,59.6,20.0,54.0,0.0,0.0,0.0
2026-04-13 06:16:56,28.6,59.6,26.8,54.0,0.0,0.0,0.0
2026-04-13 06:17:01,28.7,59.5,43.9,54.0,0.0,0.0,0.0
2026-04-13 06:17:06,28.7,59.4,33.4,54.0,0.0,0.0,0.0
2026-04-13 06:17:11,28.6,59.5,29.4,54.0,0.0,0.0,0.0
2026-04-13 06:17:16,28.6,59.6,37.5,54.1,0.0,0.0,0.0
2026-04-13 06:17:21,28.7,59.4,51.9,54.1,0.0,0.0,0.0
2026-04-13 06:17:26,28.7,59.3,40.9,54.1,0.0,0.0,0.0
2026-04-13 06:17:31,28.7,59.1,41.4,54.1,0.0,0.0,0.0
2026-04-13 06:17:36,28.5,59.2,20.1,54.1,0.0,0.0,0.0
2026-04-13 06:17:41,28.6,59.2,53.5,54.1,0.0,0.0,0.0
2026-04-13 06:17:46,28.7,59.3,31.8,54.1,0.0,0.0,0.0
2026-04-13 06:17:51,28.5,59.3,62.6,54.0,0.0,0.0,0.0
2026-04-13 06:17:56,28.6,59.5,42.5,54.0,0.0,0.0,0.0
2026-04-13 06:18:01,28.6,59.4,54.1,54.0,0.0,0.0,0.0
2026-04-13 06:18:06,28.7,59.4,42.2,54.0,0.0,0.0,0.0
2026-04-13 06:18:11,28.6,59.4,40.8,54.0,0.0,0.0,0.0
2026-04-13 06:18:16,28.6,59.4,33.9,54.0,0.0,0.0,0.0
2026-04-13 06:18:21,28.7,59.4,45.0,54.0,0.0,0.0,0.0
2026-04-13 06:18:26,28.7,59.3,39.0,54.0,0.0,0.0,0.0
2026-04-13 06:18:31,28.7,59.3,31.4,54.0,0.0,0.0,0.0
2026-04-13 06:18:36,28.7,59.2,46.3,54.1,0.0,0.0,0.0
2026-04-13 06:18:41,28.6,59.4,28.2,54.1,0.0,0.0,0.0
2026-04-13 06:18:46,28.8,59.4,38.2,54.1,0.0,0.0,0.0
2026-04-13 06:18:51,28.6,59.5,40.2,54.0,0.0,0.0,0.0
2026-04-13 06:18:56,28.7,59.4,39.1,54.0,0.0,0.0,0.0
2026-04-13 06:19:01,28.7,59.4,63.9,54.0,0.0,0.0,0.0
2026-04-13 06:19:06,28.7,59.5,55.4,54.0,0.0,0.0,0.0
2026-04-13 06:19:11,28.6,59.5,59.7,54.0,0.0,0.0,0.0
2026-04-13 06:19:16,28.7,59.5,31.2,54.0,0.0,0.0,0.0
2026-04-13 06:19:21,28.6,59.6,52.7,54.0,0.0,0.0,0.0
2026-04-13 06:19:26,28.6,59.5,43.7,54.0,0.0,0.0,0.0
2026-04-13 06:19:31,28.7,59.4,40.7,54.0,0.0,0.0,0.0
2026-04-13 06:19:36,28.7,59.4,47.0,54.0,0.0,0.0,0.0
2026-04-13 06:19:41,28.6,59.3,63.7,54.0,0.0,0.0,0.0
2026-04-13 06:19:46,28.6,59.2,34.5,54.0,0.0,0.0,0.0
2026-04-13 06:19:51,28.6,59.3,47.1,54.0,0.0,0.0,0.0
2026-04-13 06:19:56,28.5,59.2,43.9,54.0,0.0,0.0,0.0
2026-04-13 06:20:01,28.6,59.2,55.2,54.0,0.0,0.0,0.0
2026-04-13 06:20:06,28.7,59.1,37.1,54.0,0.0,0.0,0.0
2026-04-13 06:20:11,28.5,59.1,37.0,54.1,0.0,0.0,0.0
2026-04-13 06:20:16,28.6,59.0,42.3,54.1,0.0,0.0,0.0
2026-04-13 06:20:21,28.6,59.0,55.1,54.0,0.0,0.0,0.0
2026-04-13 06:20:26,28.8,59.0,49.4,54.0,0.0,0.0,0.0
2026-04-13 06:20:31,28.4,59.1,36.9,54.1,0.0,0.0,0.0
2026-04-13 06:20:36,28.7,59.1,43.2,54.1,0.0,0.0,0.0
2026-04-13 06:20:41,28.6,59.1,56.7,54.1,0.0,0.0,0.0
2026-04-13 06:20:46,28.5,59.2,43.1,54.0,0.0,0.0,0.0
2026-04-13 06:20:51,28.7,59.3,43.8,54.0,0.0,0.0,0.0
2026-04-13 06:20:56,28.6,59.4,58.8,54.0,0.0,0.0,0.0
2026-04-13 06:21:01,28.6,59.3,46.0,54.0,0.0,0.0,0.0
2026-04-13 06:21:06,28.7,59.4,61.0,54.0,0.0,0.0,0.0
2026-04-13 06:21:11,28.6,59.2,50.4,54.0,0.0,0.0,0.0
2026-04-13 06:21:16,28.6,59.1,53.3,54.0,0.0,0.0,0.0
2026-04-13 06:21:21,28.5,59.2,46.6,54.0,0.0,0.0,0.0
2026-04-13 06:21:26,28.5,59.1,44.1,54.0,0.0,0.0,0.0
2026-04-13 06:21:31,28.6,59.1,51.3,54.0,0.0,0.0,0.0
2026-04-13 06:21:36,28.7,58.9,46.7,54.0,0.0,0.0,0.0
2026-04-13 06:21:41,28.6,58.8,50.4,54.0,0.0,0.0,0.0
2026-04-13 06:21:46,28.6,58.8,70.4,54.0,0.0,0.0,0.0
2026-04-13 06:21:51,28.7,58.9,63.1,54.0,0.0,0.0,0.0
2026-04-13 06:21:56,28.8,58.8,50.1,54.0,0.0,0.0,0.0
2026-04-13 06:22:01,28.7,58.8,56.0,54.0,0.0,0.0,0.0
2026-04-13 06:22:06,28.6,58.7,68.2,54.0,0.0,0.0,0.0
2026-04-13 06:22:11,28.6,58.8,30.2,54.0,0.0,0.0,0.0
2026-04-13 06:22:16,28.5,58.8,54.0,54.0,0.0,0.0,0.0
2026-04-13 06:22:21,28.6,58.8,48.1,54.0,0.0,0.0,0.0
2026-04-13 06:22:26,28.8,58.7,69.2,54.0,0.0,0.0,0.0
2026-04-13 06:22:31,28.7,58.8,37.0,54.0,0.0,0.0,0.0
2026-04-13 06:22:36,28.6,58.9,47.5,54.0,0.0,0.0,0.0
2026-04-13 06:22:41,28.7,58.9,50.0,54.0,0.0,0.0,0.0
2026-04-13 06:22:46,28.6,58.8,36.8,54.0,0.0,0.0,0.0
2026-04-13 06:22:51,28.7,58.8,54.3,54.0,0.0,0.0,0.0
2026-04-13 06:22:56,28.7,59.0,58.7,54.0,0.0,0.0,0.0
2026-04-13 06:23:01,28.8,58.9,54.3,54.0,0.0,0.0,0.0
2026-04-13 06:23:06,28.6,58.9,50.9,54.0,0.0,0.0,0.0
2026-04-13 06:23:11,28.7,58.9,61.6,54.0,0.0,0.0,0.0
2026-04-13 06:23:16,28.8,58.9,42.2,54.0,0.0,0.0,0.0
2026-04-13 06:23:21,28.6,58.9,50.8,54.0,0.0,0.0,0.0
2026-04-13 06:23:26,28.7,58.8,41.1,54.0,0.0,0.0,0.0
2026-04-13 06:23:31,28.7,58.8,28.6,54.0,0.0,0.0,0.0
2026-04-13 06:23:36,28.7,58.7,41.6,54.0,0.0,0.0,0.0
2026-04-13 06:23:41,28.6,58.6,59.0,54.0,0.0,0.0,0.0
2026-04-13 06:23:46,28.6,58.7,50.6,54.0,0.0,0.0,0.0
2026-04-13 06:23:51,28.5,58.8,63.8,54.0,0.0,0.0,0.0
2026-04-13 06:23:56,28.6,58.9,61.5,54.0,0.0,0.0,0.0
2026-04-13 06:24:01,28.6,59.0,50.2,54.0,0.0,0.0,0.0
2026-04-13 06:24:06,28.7,59.1,47.6,54.0,0.0,0.0,0.0
2026-04-13 06:24:11,28.7,59.0,48.2,54.0,0.0,0.0,0.0
2026-04-13 06:24:16,28.8,59.1,53.7,53.9,0.0,0.0,0.0
2026-04-13 06:24:21,28.6,59.0,48.9,53.9,0.0,0.0,0.0
2026-04-13 06:24:26,28.5,59.0,58.9,53.9,0.0,0.0,0.0
2026-04-13 06:24:31,28.9,58.9,53.5,54.0,0.0,0.0,0.0
2026-04-13 06:24:36,28.6,58.9,37.2,54.0,0.0,0.0,0.0
2026-04-13 06:24:41,28.8,59.0,56.0,54.0,0.0,0.0,0.0
2026-04-13 06:24:46,28.8,58.9,51.5,54.0,0.0,0.0,0.0
2026-04-13 06:24:51,28.6,58.9,71.5,53.9,0.0,0.0,0.0
2026-04-13 06:24:56,28.7,58.8,51.1,53.9,0.0,0.0,0.0
2026-04-13 06:25:01,28.6,58.6,77.8,53.9,0.0,0.0,0.0
2026-04-13 06:25:06,28.9,58.5,48.8,54.0,0.0,0.0,0.0
2026-04-13 06:25:11,28.7,58.4,52.7,54.0,0.0,0.0,0.0
2026-04-13 06:25:16,28.5,58.4,56.6,54.0,0.0,0.0,0.0
2026-04-13 06:25:21,28.6,58.3,73.8,54.0,0.0,0.0,0.0
2026-04-13 06:25:26,28.6,58.3,46.1,54.0,0.0,0.0,0.0
2026-04-13 06:25:31,28.5,58.3,61.3,54.0,0.0,0.0,0.0
2026-04-13 06:25:36,28.6,58.5,69.4,53.9,0.0,0.0,0.0
2026-04-13 06:25:41,28.6,58.6,55.8,53.9,0.0,0.0,0.0
2026-04-13 06:25:46,28.6,58.5,49.7,53.9,0.0,0.0,0.0
2026-04-13 06:25:51,28.6,58.5,44.7,53.9,0.0,0.0,0.0
2026-04-13 06:25:56,28.6,58.6,64.0,54.0,0.0,0.0,0.0
2026-04-13 06:26:01,28.6,58.6,46.3,54.0,0.0,0.0,0.0
2026-04-13 06:26:06,28.7,58.8,40.2,54.0,0.0,0.0,0.0
2026-04-13 06:26:11,28.7,58.6,47.5,54.0,0.0,0.0,0.0
2026-04-13 06:26:16,28.5,58.6,68.5,54.0,0.0,0.0,0.0
2026-04-13 06:26:21,28.6,58.6,51.7,54.0,0.0,0.0,0.0
2026-04-13 06:26:26,28.8,58.7,59.4,54.0,0.0,0.0,0.0
2026-04-13 06:26:31,28.7,58.8,55.1,54.0,0.0,0.0,0.0
2026-04-13 06:26:36,28.7,58.9,68.5,54.0,0.0,0.0,0.0
2026-04-13 06:26:41,28.8,58.8,57.3,54.0,0.0,0.0,0.0
2026-04-13 06:26:46,28.6,58.8,53.0,54.0,0.0,0.0,0.0
2026-04-13 06:26:51,28.5,58.7,56.2,54.0,0.0,0.0,0.0
2026-04-13 06:26:56,28.9,58.7,61.8,54.0,0.0,0.0,0.0
2026-04-13 06:27:01,28.5,58.7,65.2,54.0,0.0,0.0,0.0
2026-04-13 06:27:06,28.7,58.6,85.0,54.0,0.0,0.0,0.0
2026-04-13 06:27:11,28.8,58.5,63.6,54.0,0.0,0.0,0.0
2026-04-13 06:27:16,28.7,58.5,71.7,54.0,0.0,0.0,0.0
2026-04-13 06:27:21,28.7,58.4,51.1,54.0,0.0,0.0,0.0
2026-04-13 06:27:26,28.7,58.5,61.1,54.0,0.0,0.0,0.0
2026-04-13 06:27:31,28.7,58.6,60.1,54.0,0.0,0.0,0.0
2026-04-13 06:27:36,28.6,58.6,68.0,54.0,0.0,0.0,0.0
2026-04-13 06:27:41,28.7,58.7,47.1,54.0,0.0,0.0,0.0
2026-04-13 06:27:46,28.7,58.6,69.8,54.0,0.0,0.0,0.0
2026-04-13 06:27:51,28.6,58.4,65.4,54.0,0.0,0.0,0.0
2026-04-13 06:27:56,28.7,58.4,69.0,54.0,0.0,0.0,0.0
2026-04-13 06:28:01,28.8,58.4,59.7,54.0,0.0,0.0,0.0
2026-04-13 06:28:06,28.7,58.4,75.1,54.0,0.0,0.0,0.0
2026-04-13 06:28:11,28.7,58.4,60.0,54.0,0.0,0.0,0.0
2026-04-13 06:28:16,28.6,58.4,64.0,54.0,0.0,0.0,0.0
2026-04-13 06:28:21,28.7,58.5,54.3,54.0,0.0,0.0,0.0
2026-04-13 06:28:26,28.6,58.6,68.2,54.0,0.0,0.0,0.0
2026-04-13 06:28:31,28.8,58.7,69.6,54.0,0.0,0.0,0.0
2026-04-13 06:28:36,28.7,58.8,60.3,54.0,0.0,0.0,0.0
2026-04-13 06:28:41,28.7,58.8,70.8,54.0,0.0,0.0,0.0
2026-04-13 06:28:46,28.6,58.9,78.9,54.0,0.0,0.0,0.0
2026-04-13 06:28:51,28.7,58.8,74.3,54.0,0.0,0.0,0.0
2026-04-13 06:28:56,28.6,58.6,38.8,54.0,0.0,0.0,0.0
2026-04-13 06:29:01,28.7,58.7,58.2,53.9,0.0,0.0,0.0
2026-04-13 06:29:06,28.6,58.8,51.7,53.9,0.0,0.0,0.0
2026-04-13 06:29:11,28.7,58.7,59.4,54.0,0.0,0.0,0.0
2026-04-13 06:29:16,28.6,58.6,70.0,54.0,0.0,0.0,0.0
2026-04-13 06:29:21,28.8,58.7,60.7,54.0,0.0,0.0,0.0
2026-04-13 06:29:26,28.8,58.6,64.5,54.0,0.0,0.0,0.0
2026-04-13 06:29:31,28.7,58.5,60.9,54.0,0.0,0.0,0.0
2026-04-13 06:29:36,28.8,58.5,66.2,54.0,0.0,0.0,0.0
2026-04-13 06:29:41,28.5,58.5,64.0,54.0,0.0,0.0,0.0
2026-04-13 06:29:46,28.7,58.4,77.1,54.0,0.0,0.0,0.0
2026-04-13 06:29:51,28.7,58.3,73.1,54.0,0.0,0.0,0.0
2026-04-13 06:29:56,28.8,58.2,60.1,54.0,0.0,0.0,0.0
2026-04-13 06:30:01,28.6,58.2,77.4,54.0,0.0,0.0,0.0
2026-04-13 06:30:06,28.7,58.3,58.2,54.0,0.0,0.0,0.0
2026-04-13 06:30:11,28.6,58.2,75.6,54.0,0.0,0.0,0.0
2026-04-13 06:30:16,28.6,58.2,70.4,54.0,0.0,0.0,0.0
2026-04-13 06:30:21,28.9,58.2,73.7,54.0,0.0,0.0,0.0
2026-04-13 06:30:26,28.7,58.1,59.1,54.0,0.0,0.0,0.0
2026-04-13 06:30:31,28.7,58.0,75.6,54.0,0.0,0.0,0.0
2026-04-13 06:30:36,28.8,57.9,74.8,54.0,0.0,0.0,0.0
2026-04-13 06:30:41,28.5,58.0,53.9,54.0,0.0,0.0,0.0
2026-04-13 06:30:46,28.7,58.0,78.1,54.0,0.0,0.0,0.0
2026-04-13 06:30:51,28.7,57.9,60.2,54.0,0.0,0.0,0.0
2026-04-13 06:30:56,28.7,57.9,55.2,54.0,0.0,0.0,0.0
2026-04-13 06:31:01,28.6,57.9,65.7,54.0,0.0,0.0,0.0
2026-04-13 06:31:06,28.7,57.9,63.6,54.0,0.0,0.0,0.0
2026-04-13 06:31:11,28.8,57.8,58.3,54.0,0.0,0.0,0.0
2026-04-13 06:31:16,28.6,57.7,65.7,54.0,0.0,0.0,0.0
2026-04-13 06:31:21,28.7,57.7,73.4,54.0,0.0,0.0,0.0
2026-04-13 06:31:26,28.6,57.7,77.4,54.0,0.0,0.0,0.0
2026-04-13 06:31:31,28.8,57.8,74.6,54.0,0.0,0.0,0.0
2026-04-13 06:31:36,28.7,57.8,79.1,54.0,0.0,0.0,0.0
2026-04-13 06:31:41,28.6,57.8,54.0,54.0,0.0,0.0,0.0
2026-04-13 06:31:46,28.7,57.6,75.7,54.0,0.0,0.0,0.0
2026-04-13 06:31:51,28.7,57.6,75.7,54.0,0.0,0.0,0.0
2026-04-13 06:31:56,28.7,57.5,67.8,54.0,0.0,0.0,0.0
2026-04-13 06:32:01,28.7,57.4,69.2,54.0,0.0,0.0,0.0
2026-04-13 06:32:06,28.8,57.4,79.0,54.0,0.0,0.0,0.0
2026-04-13 06:32:11,28.7,57.3,57.0,54.0,0.0,0.0,0.0
2026-04-13 06:32:16,28.7,57.2,64.5,54.0,0.0,0.0,0.0
2026-04-13 06:32:21,28.7,57.1,57.6,54.0,0.0,0.0,0.0
2026-04-13 06:32:26,28.7,57.0,63.5,54.0,0.0,0.0,0.0
2026-04-13 06:32:31,28.7,57.0,64.2,54.0,0.0,0.0,0.0
2026-04-13 06:32:36,28.6,57.0,60.0,54.0,0.0,0.0,0.0
2026-04-13 06:32:41,28.8,57.0,75.8,54.0,0.0,0.0,0.0
2026-04-13 06:32:46,28.7,57.1,56.6,54.0,0.0,0.0,0.0
2026-04-13 06:32:51,28.7,57.2,55.0,54.0,0.0,0.0,0.0
2026-04-13 06:32:56,28.6,57.2,69.5,54.0,0.0,0.0,0.0
2026-04-13 06:33:01,28.8,57.2,75.8,54.0,0.0,0.0,0.0
2026-04-13 06:33:06,28.8,57.2,69.1,54.0,0.0,0.0,0.0
2026-04-13 06:33:11,28.7,57.2,83.6,54.0,0.0,0.0,0.0
2026-04-13 06:33:16,28.7,57.2,64.3,54.0,0.0,0.0,0.0
2026-04-13 06:33:21,28.8,57.3,74.5,54.0,0.0,0.0,0.0
2026-04-13 06:33:26,28.7,57.3,76.5,54.0,0.0,0.0,0.0
2026-04-13 06:33:31,28.7,57.2,57.5,54.0,0.0,0.0,0.0
2026-04-13 06:33:36,28.8,57.0,73.9,54.0,0.0,0.0,0.0
2026-04-13 06:33:41,28.6,57.1,66.2,54.0,0.0,0.0,0.0
2026-04-13 06:33:46,28.7,57.3,64.8,54.0,0.0,0.0,0.0
2026-04-13 06:33:51,28.7,57.2,75.6,54.0,0.0,0.0,0.0
2026-04-13 06:33:56,28.7,57.3,91.8,54.0,0.0,0.0,0.0
2026-04-13 06:34:01,28.8,57.2,72.0,54.0,0.0,0.0,0.0
2026-04-13 06:34:06,28.7,57.4,93.3,54.0,0.0,0.0,0.0
2026-04-13 06:34:11,28.6,57.3,80.6,54.0,0.0,0.0,0.0
2026-04-13 06:34:16,28.5,57.4,80.6,54.0,0.0,0.0,0.0
2026-04-13 06:34:21,28.6,57.3,53.7,54.0,0.0,0.0,0.0
2026-04-13 06:34:26,28.5,57.3,68.4,54.0,0.0,0.0,0.0
2026-04-13 06:34:31,28.7,57.3,62.3,54.0,0.0,0.0,0.0
2026-04-13 06:34:36,28.6,57.3,81.4,54.0,0.0,0.0,0.0
2026-04-13 06:34:41,28.5,57.3,73.5,54.0,0.0,0.0,0.0
2026-04-13 06:34:46,28.7,57.3,79.6,54.0,0.0,0.0,0.0
2026-04-13 06:34:51,28.7,57.2,87.5,54.0,0.0,0.0,0.0
2026-04-13 06:34:56,28.7,57.3,104.6,54.0,0.0,0.0,0.0
2026-04-13 06:35:01,28.8,57.2,62.5,54.0,0.0,0.0,0.0
2026-04-13 06:35:06,28.8,57.3,87.6,54.0,0.0,0.0,0.0
2026-04-13 06:35:11,28.7,57.2,70.5,54.1,0.0,0.0,0.0
2026-04-13 06:35:16,28.6,57.2,69.1,54.1,0.0,0.0,0.0
2026-04-13 06:35:21,28.7,57.2,70.5,54.0,0.0,0.0,0.0
2026-04-13 06:35:26,28.6,57.2,81.0,54.0,0.0,0.0,0.0
2026-04-13 06:35:31,28.8,57.3,78.6,54.0,0.0,0.0,0.0
2026-04-13 06:35:36,28.7,57.3,73.9,54.0,0.0,0.0,0.0
2026-04-13 06:35:41,28.6,57.4,74.1,54.0,0.0,0.0,0.0
2026-04-13 06:35:46,28.7,57.4,85.9,54.0,0.0,0.0,0.0
2026-04-13 06:35:51,28.7,57.5,71.1,54.0,0.0,0.0,0.0
2026-04-13 06:35:56,28.8,57.6,102.1,54.0,0.0,0.0,0.0
2026-04-13 06:36:01,28.6,57.5,69.7,54.0,0.0,0.0,0.0
2026-04-13 06:36:06,28.7,57.5,77.7,54.0,0.0,0.0,0.0
2026-04-13 06:36:11,28.6,57.6,95.2,54.0,0.0,0.0,0.0
2026-04-13 06:36:16,28.6,57.6,95.7,54.0,0.0,0.0,0.0
2026-04-13 06:36:21,28.6,57.5,79.0,54.0,0.0,0.0,0.0
2026-04-13 06:36:26,28.8,57.5,75.1,54.0,0.0,0.0,0.0
2026-04-13 06:36:31,28.6,57.4,82.0,54.0,0.0,0.0,0.0
2026-04-13 06:36:36,28.6,57.4,72.3,54.0,0.0,0.0,0.0
2026-04-13 06:36:41,28.8,57.5,77.3,54.0,0.0,0.0,0.0
2026-04-13 06:36:46,28.8,57.3,72.7,54.0,0.0,0.0,0.0
2026-04-13 06:36:51,28.7,57.3,89.8,54.0,0.0,0.0,0.0
2026-04-13 06:36:56,28.6,57.2,84.8,54.0,0.0,0.0,0.0
2026-04-13 06:37:01,28.6,57.3,68.3,54.0,0.0,0.0,0.0
2026-04-13 06:37:06,28.8,57.2,75.4,54.0,0.0,0.0,0.0
2026-04-13 06:37:11,28.8,57.2,90.7,54.0,0.0,0.0,0.0
2026-04-13 06:37:16,28.7,57.2,88.3,54.0,0.0,0.0,0.0
2026-04-13 06:37:21,28.8,57.3,86.5,54.0,0.0,0.0,0.0
2026-04-13 06:37:26,28.7,57.3,82.3,54.0,0.0,0.0,0.0
2026-04-13 06:37:31,28.8,57.3,87.2,54.0,0.0,0.0,0.0
2026-04-13 06:37:36,28.6,57.3,91.6,54.0,0.0,0.0,0.0
2026-04-13 06:37:41,28.7,57.3,69.8,54.0,0.0,0.0,0.0
2026-04-13 06:37:46,28.7,57.4,89.9,54.0,0.0,0.0,0.0
2026-04-13 06:37:51,28.7,57.3,78.7,54.0,0.0,0.0,0.0
2026-04-13 06:37:56,28.7,57.1,86.2,54.0,0.0,0.0,0.0
2026-04-13 06:38:01,28.7,57.1,81.1,54.0,0.0,0.0,0.0
2026-04-13 06:38:06,28.8,57.2,89.7,54.0,0.0,0.0,0.0
2026-04-13 06:38:11,28.8,57.3,80.3,54.0,0.0,0.0,0.0
2026-04-13 06:38:16,28.8,57.3,97.7,54.0,0.0,0.0,0.0
2026-04-13 06:38:21,28.7,57.3,93.0,54.0,0.0,0.0,0.0
2026-04-13 06:38:26,28.7,57.1,88.8,54.0,0.0,0.0,0.0
2026-04-13 06:38:31,28.8,57.1,64.9,54.0,0.0,0.0,0.0
2026-04-13 06:38:36,28.6,57.2,80.2,54.0,0.0,0.0,0.0
2026-04-13 06:38:41,28.7,57.2,84.8,54.0,0.0,0.0,0.0
2026-04-13 06:38:46,28.7,57.3,100.8,54.0,0.0,0.0,0.0
2026-04-13 06:38:51,28.7,57.2,78.4,54.0,0.0,0.0,0.0
2026-04-13 06:38:56,28.6,57.0,103.1,54.0,0.0,0.0,0.0
2026-04-13 06:39:01,28.8,57.0,95.0,54.0,0.0,0.0,0.0
2026-04-13 06:39:06,28.8,57.0,91.4,54.0,0.0,0.0,0.0
2026-04-13 06:39:11,28.8,57.1,86.3,54.0,0.0,0.0,0.0
2026-04-13 06:39:16,28.7,57.1,106.2,54.0,0.0,0.0,0.0
2026-04-13 06:39:21,28.8,57.0,90.9,54.0,0.0,0.0,0.0
2026-04-13 06:39:26,28.6,56.9,92.5,54.0,0.0,0.0,0.0
2026-04-13 06:39:31,28.8,56.9,88.1,54.0,0.0,0.0,0.0
2026-04-13 06:39:36,28.7,57.0,95.2,54.0,0.0,0.0,0.0
2026-04-13 06:39:41,28.8,57.0,99.2,54.0,0.0,0.0,0.0
2026-04-13 06:39:46,28.6,57.0,80.4,54.0,0.0,0.0,0.0
2026-04-13 06:39:51,28.6,56.9,85.9,54.0,0.0,0.0,0.0
2026-04-13 06:39:56,29.1,56.9,84.0,54.0,0.0,0.0,0.0
2026-04-13 06:40:01,28.7,57.0,92.6,54.0,0.0,0.0,0.0
2026-04-13 06:40:06,28.7,57.2,99.5,54.0,0.0,0.0,0.0
2026-04-13 06:40:11,28.7,57.2,105.7,54.0,0.0,0.0,0.0
2026-04-13 06:40:16,28.9,57.2,92.3,54.0,0.0,0.0,0.0
2026-04-13 06:40:21,28.6,57.1,84.9,54.0,0.0,0.0,0.0
2026-04-13 06:40:26,28.8,57.2,97.4,54.0,0.0,0.0,0.0
2026-04-13 06:40:31,28.8,57.3,89.5,54.0,0.0,0.0,0.0
2026-04-13 06:40:36,28.7,57.2,101.7,54.0,0.0,0.0,0.0
2026-04-13 06:40:41,28.7,57.0,84.2,54.0,0.0,0.0,0.0
2026-04-13 06:40:46,28.7,57.1,103.1,54.0,0.0,0.0,0.0
2026-04-13 06:40:51,28.6,57.0,88.8,54.0,0.0,0.0,0.0
2026-04-13 06:40:56,28.7,57.1,82.3,54.0,0.0,0.0,0.0
2026-04-13 06:41:01,28.8,57.1,81.1,54.1,0.0,0.0,0.0
2026-04-13 06:41:06,28.9,57.1,92.0,54.1,0.0,0.0,0.0
2026-04-13 06:41:11,28.8,57.1,94.9,54.1,0.0,0.0,0.0
2026-04-13 06:41:16,28.7,57.1,85.7,54.0,0.0,0.0,0.0
2026-04-13 06:41:21,28.9,57.1,92.2,54.0,0.0,0.0,0.0
2026-04-13 06:41:26,28.8,57.2,82.7,54.0,0.0,0.0,0.0
2026-04-13 06:41:31,28.7,57.1,92.5,54.0,0.0,0.0,0.0
2026-04-13 06:41:36,28.8,57.1,68.8,54.0,0.0,0.0,0.0
2026-04-13 06:41:41,28.7,57.1,115.0,54.0,0.0,0.0,0.0
2026-04-13 06:41:46,28.7,57.2,92.2,54.0,0.0,0.0,0.0
2026-04-13 06:41:51,28.8,57.2,74.0,54.0,0.0,0.0,0.0
2026-04-13 06:41:56,28.9,57.2,91.1,54.0,0.0,0.0,0.0
2026-04-13 06:42:01,28.8,57.2,107.8,54.1,0.0,0.0,0.0
2026-04-13 06:42:06,28.7,57.2,84.0,54.1,0.0,0.0,0.0
2026-04-13 06:42:11,28.7,57.1,92.3,54.1,0.0,0.0,0.0
2026-04-13 06:42:16,28.7,57.1,77.5,54.1,0.0,0.0,0.0
2026-04-13 06:42:21,28.8,57.1,100.7,54.0,0.0,0.0,0.0
2026-04-13 06:42:26,28.9,57.1,92.7,54.0,0.0,0.0,0.0
2026-04-13 06:42:31,28.9,57.1,108.1,54.0,0.0,0.0,0.0
2026-04-13 06:42:36,28.8,56.9,61.8,54.0,0.0,0.0,0.0
2026-04-13 06:42:41,28.8,57.0,77.0,54.0,0.0,0.0,0.0
2026-04-13 06:42:46,28.9,57.0,93.8,54.1,0.0,0.0,0.0
2026-04-13 06:42:51,28.6,56.9,85.9,54.1,0.0,0.0,0.0
2026-04-13 06:42:56,28.9,56.9,108.6,54.1,0.0,0.0,0.0
2026-04-13 06:43:01,28.8,56.8,112.8,54.0,0.0,0.0,0.0
2026-04-13 06:43:06,28.8,56.8,86.3,54.0,0.0,0.0,0.0
2026-04-13 06:43:11,28.8,56.7,102.6,54.0,0.0,0.0,0.0
2026-04-13 06:43:16,28.9,56.7,97.5,54.0,0.0,0.0,0.0
2026-04-13 06:43:21,28.8,56.8,95.7,54.0,0.0,0.0,0.0
2026-04-13 06:43:26,28.8,56.8,94.5,54.1,0.0,0.0,0.0
2026-04-13 06:43:31,28.7,56.7,94.4,54.1,0.0,0.0,0.0
2026-04-13 06:43:36,28.8,56.5,97.9,54.1,0.0,0.0,0.0
2026-04-13 06:43:41,28.9,56.6,87.7,54.0,0.0,0.0,0.0
2026-04-13 06:43:46,29.0,56.6,93.9,54.0,0.0,0.0,0.0
2026-04-13 06:43:51,28.9,56.5,74.5,54.0,0.0,0.0,0.0
2026-04-13 06:43:56,28.8,56.5,98.8,54.0,0.0,0.0,0.0
2026-04-13 06:44:01,28.7,56.4,110.8,54.0,0.0,0.0,0.0
2026-04-13 06:44:06,28.9,56.5,112.2,54.0,0.0,0.0,0.0
2026-04-13 06:44:11,29.0,56.5,101.4,54.0,0.0,0.0,0.0
2026-04-13 06:44:16,28.8,56.5,85.5,54.1,0.0,0.0,0.0
2026-04-13 06:44:21,28.8,56.6,94.5,54.1,0.0,0.0,0.0
2026-04-13 06:44:26,28.7,56.6,114.4,54.1,0.0,0.0,0.0
2026-04-13 06:44:31,28.8,56.5,97.1,54.1,0.0,0.0,0.0
2026-04-13 06:44:36,28.8,56.6,107.9,54.1,0.0,0.0,0.0
2026-04-13 06:44:41,29.0,56.6,123.6,54.1,0.0,0.0,0.0
2026-04-13 06:44:46,28.9,56.6,109.8,54.1,0.0,0.0,0.0
2026-04-13 06:44:51,28.8,56.7,87.9,54.1,0.0,0.0,0.0
2026-04-13 06:44:56,28.8,56.7,102.1,54.1,0.0,0.0,0.0
2026-04-13 06:45:01,28.9,56.6,88.1,54.1,0.0,0.0,0.0
2026-04-13 06:45:06,29.0,56.7,84.5,54.1,0.0,0.0,0.0
2026-04-13 06:45:11,28.9,56.7,81.0,54.1,0.0,0.0,0.0
2026-04-13 06:45:16,29.0,56.6,97.1,54.1,0.0,0.0,0.0
2026-04-13 06:45:21,29.0,56.7,92.8,54.1,0.0,0.0,0.0
2026-04-13 06:45:26,28.9,56.6,73.5,54.1,0.0,0.0,0.0
2026-04-13 06:45:31,28.9,56.7,94.5,54.0,0.0,0.0,0.0
2026-04-13 06:45:36,29.0,56.6,92.4,54.0,0.0,0.0,0.0
2026-04-13 06:45:41,28.7,56.4,104.1,54.0,0.0,0.0,0.0
2026-04-13 06:45:46,29.0,56.4,84.6,54.1,0.0,0.0,0.0
2026-04-13 06:45:51,28.9,56.3,110.2,54.1,0.0,0.0,0.0
2026-04-13 06:45:56,28.9,56.2,100.9,54.1,0.0,0.0,0.0
2026-04-13 06:46:01,28.7,56.1,95.5,54.0,0.0,0.0,0.0
2026-04-13 06:46:06,28.9,56.1,105.0,54.0,0.0,0.0,0.0
2026-04-13 06:46:11,28.9,56.0,103.3,54.0,0.0,0.0,0.0
2026-04-13 06:46:16,28.9,56.1,106.1,54.1,0.0,0.0,0.0
2026-04-13 06:46:21,28.9,56.1,109.2,54.1,0.0,0.0,0.0
2026-04-13 06:46:26,28.9,56.2,99.9,54.1,0.0,0.0,0.0
2026-04-13 06:46:31,28.7,56.3,102.5,54.1,0.0,0.0,0.0
2026-04-13 06:46:36,28.9,56.2,106.5,54.1,0.0,0.0,0.0
2026-04-13 06:46:41,29.0,56.2,98.8,54.1,0.0,0.0,0.0
2026-04-13 06:46:46,29.0,56.1,107.4,54.1,0.0,0.0,0.0
2026-04-13 06:46:51,28.9,56.0,112.6,54.1,0.0,0.0,0.0
2026-04-13 06:46:56,28.9,56.1,124.1,54.0,0.0,0.0,0.0
2026-04-13 06:47:01,28.9,56.1,104.9,54.0,0.0,0.0,0.0
2026-04-13 06:47:06,28.9,56.1,105.4,54.0,0.0,0.0,0.0
2026-04-13 06:47:11,28.8,56.0,99.0,54.0,0.0,0.0,0.0
2026-04-13 06:47:16,29.0,56.2,96.2,54.0,0.0,0.0,0.0
2026-04-13 06:47:21,28.9,56.2,94.5,54.0,0.0,0.0,0.0
2026-04-13 06:47:26,28.8,56.1,113.4,54.0,0.0,0.0,0.0
2026-04-13 06:47:31,28.9,56.2,109.5,54.0,0.0,0.0,0.0
2026-04-13 06:47:36,28.9,56.2,83.3,54.0,0.0,0.0,0.0
2026-04-13 06:47:41,28.9,56.0,111.6,54.0,0.0,0.0,0.0
2026-04-13 06:47:46,28.9,55.8,107.8,54.0,0.0,0.0,0.0
2026-04-13 06:47:51,28.9,55.9,123.4,54.0,0.0,0.0,0.0
2026-04-13 06:47:56,28.9,55.9,99.4,54.0,0.0,0.0,0.0
2026-04-13 06:48:01,28.8,55.8,100.6,54.0,0.0,0.0,0.0
2026-04-13 06:48:06,28.9,55.8,116.4,54.1,0.0,0.0,0.0
2026-04-13 06:48:11,29.0,55.8,115.5,54.1,0.0,0.0,0.0
2026-04-13 06:48:16,28.8,55.8,98.7,54.1,0.0,0.0,0.0
2026-04-13 06:48:21,28.9,55.9,111.0,54.1,0.0,0.0,0.0
2026-04-13 06:48:26,28.9,55.9,119.2,54.1,0.0,0.0,0.0
2026-04-13 06:48:31,28.9,55.8,116.6,54.0,0.0,0.0,0.0
2026-04-13 06:48:36,28.8,56.0,101.1,54.0,0.0,0.0,0.0
2026-04-13 06:48:41,28.8,56.1,115.4,54.0,0.0,0.0,0.0
2026-04-13 06:48:46,29.0,56.1,100.6,54.0,0.0,0.0,0.0
2026-04-13 06:48:51,28.9,56.0,103.4,54.0,0.0,0.0,0.0
2026-04-13 06:48:56,28.8,56.0,116.5,54.0,0.0,0.0,0.0
2026-04-13 06:49:01,28.8,56.0,108.4,54.0,0.0,0.0,0.0
2026-04-13 06:49:06,28.8,55.9,117.4,54.0,0.0,0.0,0.0
2026-04-13 06:49:11,28.9,55.8,107.2,54.0,0.0,0.0,0.0
2026-04-13 06:49:16,28.9,55.8,120.5,54.0,0.0,0.0,0.0
2026-04-13 06:49:21,28.8,55.9,109.4,54.0,0.0,0.0,0.0
2026-04-13 06:49:26,28.9,56.0,114.6,54.0,0.0,0.0,0.0
2026-04-13 06:49:31,28.8,56.0,108.5,54.0,0.0,0.0,0.0
2026-04-13 06:49:36,29.0,55.9,101.8,54.1,0.0,0.0,0.0
2026-04-13 06:49:41,28.9,56.1,103.5,54.1,0.0,0.0,0.0
2026-04-13 06:49:46,28.9,56.1,110.5,54.1,0.0,0.0,0.0
2026-04-13 06:49:51,28.8,56.0,118.3,54.1,0.0,0.0,0.0
2026-04-13 06:49:56,28.9,56.0,96.5,54.1,0.0,0.0,0.0
2026-04-13 06:50:01,28.7,55.9,110.3,54.0,0.0,0.0,0.0
2026-04-13 06:50:06,28.9,55.9,125.0,54.0,0.0,0.0,0.0
2026-04-13 06:50:11,28.8,55.9,101.6,54.0,0.0,0.0,0.0
2026-04-13 06:50:16,28.8,55.9,105.1,54.0,0.0,0.0,0.0
2026-04-13 06:50:21,29.0,55.9,109.1,54.0,0.0,0.0,0.0
2026-04-13 06:50:26,28.8,55.9,111.2,54.0,0.0,0.0,0.0
2026-04-13 06:50:31,28.9,55.9,112.8,54.0,0.0,0.0,0.0
2026-04-13 06:50:36,28.8,55.8,116.4,54.0,0.0,0.0,0.0
2026-04-13 06:50:41,29.0,55.7,119.1,54.0,0.0,0.0,0.0
2026-04-13 06:50:46,28.8,55.9,96.8,54.0,0.0,0.0,0.0
2026-04-13 06:50:51,28.9,56.1,112.4,54.0,0.0,0.0,0.0
2026-04-13 06:50:56,28.8,56.0,113.0,54.1,0.0,0.0,0.0
2026-04-13 06:51:01,28.9,55.9,122.6,54.1,0.0,0.0,0.0
2026-04-13 06:51:06,28.8,56.1,121.2,54.1,0.0,0.0,0.0
2026-04-13 06:51:11,29.0,55.9,119.6,54.1,0.0,0.0,0.0
2026-04-13 06:51:16,28.8,55.9,126.5,54.1,0.0,0.0,0.0
2026-04-13 06:51:21,28.9,55.9,115.0,54.1,0.0,0.0,0.0
2026-04-13 06:51:26,28.9,55.8,116.6,54.0,0.0,0.0,0.0
2026-04-13 06:51:31,28.9,55.7,114.8,54.0,0.0,0.0,0.0
2026-04-13 06:51:36,28.8,55.6,133.7,54.0,0.0,0.0,0.0
2026-04-13 06:51:41,28.9,55.5,131.4,54.0,0.0,0.0,0.0
2026-04-13 06:51:46,28.9,55.4,106.0,54.0,0.0,0.0,0.0
2026-04-13 06:51:51,28.8,55.3,112.9,54.0,0.0,0.0,0.0
2026-04-13 06:51:56,28.9,55.3,112.9,54.0,0.0,0.0,0.0
2026-04-13 06:52:01,28.8,55.4,112.1,54.1,0.0,0.0,0.0
2026-04-13 06:52:06,28.8,55.3,127.6,54.1,0.0,0.0,0.0
2026-04-13 06:52:11,28.7,55.3,123.8,54.1,0.0,0.0,0.0
2026-04-13 06:52:16,28.8,55.3,110.6,54.1,0.0,0.0,0.0
2026-04-13 06:52:21,28.7,55.4,116.1,54.1,0.0,0.0,0.0
2026-04-13 06:52:26,28.9,55.4,115.3,54.1,0.0,0.0,0.0
2026-04-13 06:52:31,28.8,55.6,126.1,54.1,0.0,0.0,0.0
2026-04-13 06:52:36,28.9,55.7,111.6,54.1,0.0,0.0,0.0
2026-04-13 06:52:41,28.8,55.5,114.0,54.1,0.0,0.0,0.0
2026-04-13 06:52:46,28.9,55.6,115.4,54.1,0.0,0.0,0.0
2026-04-13 06:52:51,28.7,55.6,112.5,54.1,0.0,0.0,0.0
2026-04-13 06:52:56,28.8,55.5,133.6,54.1,0.0,0.0,0.0
2026-04-13 06:53:01,28.8,55.4,108.8,54.1,0.0,0.0,0.0
2026-04-13 06:53:06,28.9,55.4,125.9,54.1,0.0,0.0,0.0
2026-04-13 06:53:11,28.8,55.6,127.5,54.1,0.0,0.0,0.0
2026-04-13 06:53:16,28.9,55.5,127.1,54.1,0.0,0.0,0.0
2026-04-13 06:53:21,28.8,55.5,129.1,54.1,0.0,0.0,0.0
2026-04-13 06:53:26,28.8,55.5,121.8,54.1,0.0,0.0,0.0
2026-04-13 06:53:31,28.8,55.4,98.9,54.1,0.0,0.0,0.0
2026-04-13 06:53:36,28.9,55.4,107.6,54.1,0.0,0.0,0.0
2026-04-13 06:53:41,28.9,55.3,126.8,54.1,0.0,0.0,0.0
2026-04-13 06:53:46,28.8,55.4,120.9,54.1,0.0,0.0,0.0
2026-04-13 06:53:51,28.8,55.5,107.9,54.0,0.0,0.0,0.0
2026-04-13 06:53:56,28.8,55.5,115.6,54.0,0.0,0.0,0.0
2026-04-13 06:54:01,28.8,55.7,97.1,54.0,0.0,0.0,0.0
2026-04-13 06:54:06,28.8,55.7,144.0,54.0,0.0,0.0,0.0
2026-04-13 06:54:11,28.8,55.7,128.6,54.0,0.0,0.0,0.0
2026-04-13 06:54:16,28.8,55.6,140.6,54.0,0.0,0.0,0.0
2026-04-13 06:54:21,28.8,55.6,127.9,54.0,0.0,0.0,0.0
2026-04-13 06:54:26,28.8,55.7,126.2,54.0,0.0,0.0,0.0
2026-04-13 06:54:31,28.8,55.6,138.0,54.0,0.0,0.0,0.0
2026-04-13 06:54:36,28.9,55.5,120.9,54.0,0.0,0.0,0.0
2026-04-13 06:54:41,28.7,55.6,105.0,54.0,0.0,0.0,0.0
2026-04-13 06:54:46,28.8,55.5,111.5,54.0,0.0,0.0,0.0
2026-04-13 06:54:51,28.9,55.6,117.8,54.0,0.0,0.0,0.0
2026-04-13 06:54:56,28.8,55.7,131.1,54.0,0.0,0.0,0.0
2026-04-13 06:55:01,28.9,55.7,126.6,54.0,0.0,0.0,0.0
2026-04-13 06:55:06,28.9,55.6,119.7,54.0,0.0,0.0,0.0
2026-04-13 06:55:11,28.9,55.5,121.6,54.0,0.0,0.0,0.0
2026-04-13 06:55:16,28.8,55.6,140.3,54.0,0.0,0.0,0.0
2026-04-13 06:55:21,28.9,55.7,117.9,54.0,0.0,0.0,0.0
2026-04-13 06:55:26,28.9,55.6,127.5,54.0,0.0,0.0,0.0
2026-04-13 06:55:31,28.8,55.6,113.1,54.0,0.0,0.0,0.0
2026-04-13 06:55:36,28.8,55.7,120.5,54.0,0.0,0.0,0.0
2026-04-13 06:55:41,28.9,55.6,120.1,54.0,0.0,0.0,0.0
2026-04-13 06:55:46,28.8,55.5,120.6,54.0,0.0,0.0,0.0
2026-04-13 06:55:51,28.8,55.6,126.7,54.0,0.0,0.0,0.0
2026-04-13 06:55:56,28.8,55.7,134.9,54.0,0.0,0.0,0.0
2026-04-13 06:56:01,29.0,55.6,123.5,54.0,0.0,0.0,0.0
2026-04-13 06:56:06,28.7,55.6,127.1,54.0,0.0,0.0,0.0
2026-04-13 06:56:11,28.9,55.6,121.5,54.0,0.0,0.0,0.0
2026-04-13 06:56:16,28.9,55.6,126.8,54.0,0.0,0.0,0.0
2026-04-13 06:56:21,28.7,55.6,144.4,54.0,0.0,0.0,0.0
2026-04-13 06:56:26,28.8,55.6,117.0,54.0,0.0,0.0,0.0
2026-04-13 06:56:31,28.8,55.6,138.1,54.0,0.0,0.0,0.0
2026-04-13 06:56:36,29.0,55.7,127.7,54.0,0.0,0.0,0.0
2026-04-13 06:56:41,28.9,55.5,115.5,54.0,0.0,0.0,0.0
2026-04-13 06:56:46,28.8,55.4,118.7,54.0,0.0,0.0,0.0
2026-04-13 06:56:51,28.9,55.3,123.5,54.0,0.0,0.0,0.0
2026-04-13 06:56:56,28.9,55.3,110.2,54.1,0.0,0.0,0.0
2026-04-13 06:57:01,28.8,55.3,124.6,54.1,0.0,0.0,0.0
2026-04-13 06:57:06,28.9,55.2,127.9,54.0,0.0,0.0,0.0
2026-04-13 06:57:11,28.8,55.3,128.1,54.0,0.0,0.0,0.0
2026-04-13 06:57:16,29.0,55.2,135.1,54.0,0.0,0.0,0.0
2026-04-13 06:57:21,28.8,55.2,130.0,54.0,0.0,0.0,0.0
2026-04-13 06:57:26,28.9,55.2,129.9,54.0,0.0,0.0,0.0
2026-04-13 06:57:31,28.8,55.4,106.9,54.0,0.0,0.0,0.0
2026-04-13 06:57:36,28.9,55.4,110.2,54.0,0.0,0.0,0.0
2026-04-13 06:57:41,28.9,55.4,128.1,54.0,0.0,0.0,0.0
2026-04-13 06:57:46,28.9,55.3,125.0,54.0,0.0,0.0,0.0
2026-04-13 06:57:51,29.0,55.4,125.5,54.0,0.0,0.0,0.0
2026-04-13 06:57:56,28.8,55.4,128.5,54.0,0.0,0.0,0.0
2026-04-13 06:58:01,28.9,55.4,134.6,54.0,0.0,0.0,0.0
2026-04-13 06:58:06,28.8,55.3,130.4,54.0,0.0,0.0,0.0
2026-04-13 06:58:11,28.7,55.3,123.2,54.0,0.0,0.0,0.0
2026-04-13 06:58:16,28.8,55.3,126.2,54.0,0.0,0.0,0.0
2026-04-13 06:58:21,29.0,55.3,134.2,54.0,0.0,0.0,0.0
2026-04-13 06:58:26,28.8,55.3,141.4,54.0,0.0,0.0,0.0
2026-04-13 06:58:31,29.0,55.3,132.3,54.0,0.0,0.0,0.0
2026-04-13 06:58:36,28.9,55.3,131.2,54.0,0.0,0.0,0.0
2026-04-13 06:58:41,28.9,55.1,138.4,54.0,0.0,0.0,0.0
2026-04-13 06:58:46,29.0,55.4,121.9,54.0,0.0,0.0,0.0
2026-04-13 06:58:51,29.0,55.4,119.1,54.0,0.0,0.0,0.0
2026-04-13 06:58:56,28.9,55.3,136.4,54.0,0.0,0.0,0.0
2026-04-13 06:59:01,28.9,55.1,120.5,54.1,0.0,0.0,0.0
2026-04-13 06:59:06,29.0,55.0,146.8,54.1,0.0,0.0,0.0
2026-04-13 06:59:11,28.8,55.0,129.5,54.1,0.0,0.0,0.0
2026-04-13 06:59:16,28.9,54.9,147.1,54.1,0.0,0.0,0.0
2026-04-13 06:59:21,28.9,55.0,138.9,54.1,0.0,0.0,0.0
2026-04-13 06:59:26,29.0,54.8,137.5,54.1,0.0,0.0,0.0
2026-04-13 06:59:31,28.8,54.9,120.1,54.0,0.0,0.0,0.0
2026-04-13 06:59:36,28.8,54.9,135.3,54.0,0.0,0.0,0.0
2026-04-13 06:59:41,28.9,54.9,147.5,54.0,0.0,0.0,0.0
2026-04-13 06:59:46,28.9,55.0,132.1,54.0,0.0,0.0,0.0
2026-04-13 06:59:51,29.0,55.0,140.0,54.0,0.0,0.0,0.0
2026-04-13 06:59:56,28.8,55.0,117.0,54.0,0.0,0.0,0.0
