Timestamp,Temperature,Humidity,Light,Soil_Moisture,Drip,Mist,Fan
2026-04-13 17:00:03,29.9,54.0,133.0,54.3,0.0,0.0,0.0
2026-04-13 17:00:08,30.0,54.0,138.8,54.3,0.0,0.0,0.0
2026-04-13 17:00:13,30.0,53.8,142.7,54.3,0.0,0.0,0.0
2026-04-13 17:00:18,29.9,53.8,150.0,54.3,0.0,0.0,0.0
2026-04-13 17:00:23,29.9,53.8,133.7,54.3,0.0,0.0,0.0
2026-04-13 17:00:28,30.0,53.9,144.3,54.3,0.0,0.0,0.0
2026-04-13 17:00:33,30.0,53.9,134.2,54.3,0.0,0.0,0.0
2026-04-13 17:00:38,30.0,54.0,127.3,54.3,0.0,0.0,0.0
2026-04-13 17:00:43,30.0,54.0,142.2,54.3,0.0,0.0,0.0
2026-04-13 17:00:48,30.2,54.1,122.3,54.3,0.0,0.0,0.0
2026-04-13 17:00:53,30.0,54.1,119.1,54.3,0.0,0.0,0.0
2026-04-13 17:00:58,30.0,53.9,127.7,54.3,0.0,0.0,0.0
2026-04-13 17:01:03,29.8,54.0,123.2,54.3,0.0,0.0,0.0
2026-04-13 17:01:08,29.9,53.9,136.6,54.3,0.0,0.0,0.0
2026-04-13 17:01:13,30.0,53.9,111.0,54.3,0.0,0.0,0.0
2026-04-13 17:01:18,30.0,54.0,130.4,54.3,0.0,0.0,0.0
2026-04-13 17:01:23,30.0,53.9,142.3,54.3,0.0,0.0,0.0
2026-04-13 17:01:28,30.0,53.8,120.1,54.3,0.0,0.0,0.0
2026-04-13 17:01:33,30.2,53.8,144.4,54.3,0.0,0.0,0.0
2026-04-13 17:01:38,30.0,53.9,149.8,54.3,0.0,0.0,0.0
2026-04-13 17:01:43,30.0,54.0,128.8,54.3,0.0,0.0,0.0
2026-04-13 17:01:48,30.2,53.9,119.0,54.3,0.0,0.0,0.0
2026-04-13 17:01:53,30.1,54.0,129.9,54.3,0.0,0.0,0.0
2026-04-13 17:01:58,30.0,54.1,138.3,54.3,0.0,0.0,0.0
2026-04-13 17:02:03,30.0,54.2,138.0,54.3,0.0,0.0,0.0
2026-04-13 17:02:08,29.8,54.2,119.9,54.3,0.0,0.0,0.0
2026-04-13 17:02:13,30.0,54.3,136.7,54.3,0.0,0.0,0.0
2026-04-13 17:02:18,30.0,54.2,135.8,54.3,0.0,0.0,0.0
2026-04-13 17:02:23,30.1,54.1,131.6,54.3,0.0,0.0,0.0
2026-04-13 17:02:28,30.2,54.0,128.6,54.3,0.0,0.0,0.0
2026-04-13 17:02:33,30.1,54.2,125.1,54.3,0.0,0.0,0.0
2026-04-13 17:02:38,30.0,54.1,127.2,54.3,0.0,0.0,0.0
2026-04-13 17:02:43,30.0,54.1,138.7,54.3,0.0,0.0,0.0
2026-04-13 17:02:48,30.3,54.1,142.0,54.3,0.0,0.0,0.0
2026-04-13 17:02:53,30.0,54.2,137.4,54.3,0.0,0.0,0.0
2026-04-13 17:02:58,30.0,54.2,125.7,54.3,0.0,0.0,0.0
2026-04-13 17:03:03,30.1,54.3,124.3,54.3,0.0,0.0,0.0
2026-04-13 17:03:08,29.9,54.3,133.8,54.3,0.0,0.0,0.0
2026-04-13 17:03:13,29.9,54.3,114.4,54.3,0.0,0.0,0.0
2026-04-13 17:03:18,30.0,54.4,141.2,54.3,0.0,0.0,0.0
2026-04-13 17:03:23,29.9,54.5,125.7,54.3,0.0,0.0,0.0
2026-04-13 17:03:28,30.0,54.6,112.5,54.3,0.0,0.0,0.0
2026-04-13 17:03:33,30.0,54.5,114.3,54.3,0.0,0.0,0.0
2026-04-13 17:03:38,30.0,54.6,105.2,54.3,0.0,0.0,0.0
2026-04-13 17:03:43,30.0,54.5,119.2,54.3,0.0,0.0,0.0
2026-04-13 17:03:48,30.0,54.5,139.7,54.3,0.0,0.0,0.0
2026-04-13 17:03:53,30.1,54.6,124.6,54.3,0.0,0.0,0.0
2026-04-13 17:03:58,30.0,54.6,144.3,54.3,0.0,0.0,0.0
2026-04-13 17:04:03,30.1,54.6,124.0,54.2,0.0,0.0,0.0
2026-04-13 17:04:08,30.1,54.5,128.6,54.2,0.0,0.0,0.0
2026-04-13 17:04:13,30.0,54.4,140.0,54.3,0.0,0.0,0.0
2026-04-13 17:04:18,30.1,54.4,125.1,54.3,0.0,0.0,0.0
2026-04-13 17:04:23,30.0,54.5,146.9,54.3,0.0,0.0,0.0
2026-04-13 17:04:28,29.9,54.5,122.4,54.3,0.0,0.0,0.0
2026-04-13 17:04:33,29.8,54.3,131.5,54.3,0.0,0.0,0.0
2026-04-13 17:04:38,30.0,54.3,128.6,54.3,0.0,0.0,0.0
2026-04-13 17:04:43,29.9,54.4,127.5,54.3,0.0,0.0,0.0
2026-04-13 17:04:48,30.0,54.5,149.5,54.3,0.0,0.0,0.0
2026-04-13 17:04:53,30.0,54.4,126.6,54.3,0.0,0.0,0.0
2026-04-13 17:04:58,30.0,54.4,127.7,54.3,0.0,0.0,0.0
2026-04-13 17:05:03,30.1,54.4,130.2,54.3,0.0,0.0,0.0
2026-04-13 17:05:08,30.0,54.3,126.4,54.3,0.0,0.0,0.0
2026-04-13 17:05:13,30.1,54.3,122.4,54.3,0.0,0.0,0.0
2026-04-13 17:05:18,30.1,54.3,111.6,54.3,0.0,0.0,0.0
2026-04-13 17:05:23,30.0,54.4,116.0,54.3,0.0,0.0,0.0
2026-04-13 17:05:28,30.1,54.4,119.4,54.3,0.0,0.0,0.0
2026-04-13 17:05:33,30.1,54.5,122.0,54.3,0.0,0.0,0.0
2026-04-13 17:05:38,30.1,54.6,123.0,54.3,0.0,0.0,0.0
2026-04-13 17:05:43,30.0,54.6,117.3,54.3,0.0,0.0,0.0
2026-04-13 17:05:48,29.9,54.7,121.5,54.3,0.0,0.0,0.0
2026-04-13 17:05:53,30.3,54.6,123.8,54.3,0.0,0.0,0.0
2026-04-13 17:05:58,30.1,54.4,123.7,54.3,0.0,0.0,0.0
2026-04-13 17:06:03,29.9,54.4,99.8,54.3,0.0,0.0,0.0
2026-04-13 17:06:08,30.0,54.5,125.1,54.2,0.0,0.0,0.0
2026-04-13 17:06:13,30.0,54.3,117.6,54.2,0.0,0.0,0.0
2026-04-13 17:06:18,30.0,54.3,129.3,54.3,0.0,0.0,0.0
2026-04-13 17:06:23,30.1,54.3,116.4,54.3,0.0,0.0,0.0
2026-04-13 17:06:28,30.1,54.3,132.3,54.3,0.0,0.0,0.0
2026-04-13 17:06:33,30.1,54.3,110.1,54.3,0.0,0.0,0.0
2026-04-13 17:06:38,30.0,54.2,121.0,54.3,0.0,0.0,0.0
2026-04-13 17:06:43,29.9,54.3,107.2,54.3,0.0,0.0,0.0
2026-04-13 17:06:48,30.1,54.5,126.5,54.3,0.0,0.0,0.0
2026-04-13 17:06:53,30.0,54.5,124.3,54.3,0.0,0.0,0.0
2026-04-13 17:06:58,30.0,54.5,107.4,54.3,0.0,0.0,0.0
2026-04-13 17:07:03,29.9,54.6,111.7,54.3,0.0,0.0,0.0
2026-04-13 17:07:08,30.0,54.6,125.3,54.3,0.0,0.0,0.0
2026-04-13 17:07:13,30.1,54.6,111.1,54.3,0.0,0.0,0.0
2026-04-13 17:07:18,30.1,54.7,117.2,54.3,0.0,0.0,0.0
2026-04-13 17:07:23,30.2,54.5,105.9,54.3,0.0,0.0,0.0
2026-04-13 17:07:28,29.9,54.4,122.8,54.3,0.0,0.0,0.0
2026-04-13 17:07:33,30.2,54.4,121.2,54.3,0.0,0.0,0.0
2026-04-13 17:07:38,30.0,54.4,117.0,54.3,0.0,0.0,0.0
2026-04-13 17:07:43,30.1,54.4,106.0,54.3,0.0,0.0,0.0
2026-04-13 17:07:48,30.1,54.3,125.2,54.3,0.0,0.0,0.0
2026-04-13 17:07:53,30.1,54.4,100.4,54.3,0.0,0.0,0.0
2026-04-13 17:07:58,30.1,54.4,109.7,54.3,0.0,0.0,0.0
2026-04-13 17:08:03,30.1,54.3,113.5,54.3,0.0,0.0,0.0
2026-04-13 17:08:08,30.2,54.1,110.3,54.3,0.0,0.0,0.0
2026-04-13 17:08:13,30.0,54.2,117.7,54.3,0.0,0.0,0.0
2026-04-13 17:08:18,30.0,54.2,113.2,54.3,0.0,0.0,0.0
2026-04-13 17:08:23,30.1,54.2,119.3,54.3,0.0,0.0,0.0
2026-04-13 17:08:28,30.0,54.3,121.2,54.3,0.0,0.0,0.0
2026-04-13 17:08:33,30.0,54.5,102.1,54.3,0.0,0.0,0.0
2026-04-13 17:08:38,30.1,54.5,121.2,54.2,0.0,0.0,0.0
2026-04-13 17:08:43,30.1,54.5,131.6,54.2,0.0,0.0,0.0
2026-04-13 17:08:48,30.1,54.6,120.4,54.2,0.0,0.0,0.0
2026-04-13 17:08:53,30.0,54.6,124.9,54.3,0.0,0.0,0.0
2026-04-13 17:08:58,30.2,54.5,110.0,54.3,0.0,0.0,0.0
2026-04-13 17:09:03,30.0,54.6,107.7,54.3,0.0,0.0,0.0
2026-04-13 17:09:08,30.0,54.6,111.1,54.3,0.0,0.0,0.0
2026-04-13 17:09:13,30.1,54.7,134.0,54.3,0.0,0.0,0.0
2026-04-13 17:09:18,29.9,54.7,115.2,54.3,0.0,0.0,0.0
2026-04-13 17:09:23,30.1,54.8,104.1,54.3,0.0,0.0,0.0
2026-04-13 17:09:28,30.0,54.8,114.4,54.3,0.0,0.0,0.0
2026-04-13 17:09:33,30.1,54.7,119.5,54.3,0.0,0.0,0.0
2026-04-13 17:09:38,29.9,54.7,129.1,54.3,0.0,0.0,0.0
2026-04-13 17:09:43,30.0,54.9,119.1,54.3,0.0,0.0,0.0
2026-04-13 17:09:48,30.0,54.7,103.3,54.2,0.0,0.0,0.0
2026-04-13 17:09:53,30.1,54.7,123.1,54.2,0.0,0.0,0.0
2026-04-13 17:09:58,30.0,54.7,109.7,54.3,0.0,0.0,0.0
2026-04-13 17:10:03,30.1,54.7,110.8,54.3,0.0,0.0,0.0
2026-04-13 17:10:08,30.1,54.6,124.0,54.3,0.0,0.0,0.0
2026-04-13 17:10:13,30.0,54.5,129.2,54.3,0.0,0.0,0.0
2026-04-13 17:10:18,30.0,54.4,88.5,54.3,0.0,0.0,0.0
2026-04-13 17:10:23,30.0,54.5,111.1,54.3,0.0,0.0,0.0
2026-04-13 17:10:28,30.1,54.5,109.0,54.3,0.0,0.0,0.0
2026-04-13 17:10:33,30.0,54.5,96.9,54.3,0.0,0.0,0.0
2026-04-13 17:10:38,29.9,54.5,122.9,54.3,0.0,0.0,0.0
2026-04-13 17:10:43,30.0,54.6,97.8,54.3,0.0,0.0,0.0
2026-04-13 17:10:48,30.0,54.6,102.7,54.3,0.0,0.0,0.0
2026-04-13 17:10:53,30.1,54.5,125.8,54.3,0.0,0.0,0.0
2026-04-13 17:10:58,30.1,54.7,111.7,54.3,0.0,0.0,0.0
2026-04-13 17:11:03,30.1,54.6,117.1,54.2,0.0,0.0,0.0
2026-04-13 17:11:08,30.2,54.6,103.7,54.2,0.0,0.0,0.0
2026-04-13 17:11:13,30.1,54.6,96.8,54.3,0.0,0.0,0.0
2026-04-13 17:11:18,29.9,54.6,108.5,54.3,0.0,0.0,0.0
2026-04-13 17:11:23,30.0,54.5,112.7,54.3,0.0,0.0,0.0
2026-04-13 17:11:28,30.1,54.6,106.8,54.3,0.0,0.0,0.0
2026-04-13 17:11:33,30.0,54.5,114.3,54.3,0.0,0.0,0.0
2026-04-13 17:11:38,29.9,54.5,98.7,54.3,0.0,0.0,0.0
2026-04-13 17:11:43,30.1,54.5,125.0,54.3,0.0,0.0,0.0
2026-04-13 17:11:48,30.1,54.5,94.3,54.3,0.0,0.0,0.0
2026-04-13 17:11:53,30.1,54.4,89.7,54.3,0.0,0.0,0.0
2026-04-13 17:11:58,30.0,54.5,113.7,54.3,0.0,0.0,0.0
2026-04-13 17:12:03,30.1,54.6,116.1,54.3,0.0,0.0,0.0
2026-04-13 17:12:08,30.0,54.6,105.6,54.3,0.0,0.0,0.0
2026-04-13 17:12:13,29.9,54.6,113.2,54.3,0.0,0.0,0.0
2026-04-13 17:12:18,29.8,54.5,97.2,54.3,0.0,0.0,0.0
2026-04-13 17:12:23,30.1,54.5,107.9,54.3,0.0,0.0,0.0
2026-04-13 17:12:28,30.0,54.5,92.2,54.3,0.0,0.0,0.0
2026-04-13 17:12:33,30.1,54.4,106.9,54.3,0.0,0.0,0.0
2026-04-13 17:12:38,30.0,54.4,99.5,54.3,0.0,0.0,0.0
2026-04-13 17:12:43,29.9,54.5,116.3,54.3,0.0,0.0,0.0
2026-04-13 17:12:48,30.0,54.6,114.8,54.3,0.0,0.0,0.0
2026-04-13 17:12:53,29.9,54.7,92.1,54.3,0.0,0.0,0.0
2026-04-13 17:12:58,30.0,54.6,108.2,54.3,0.0,0.0,0.0
2026-04-13 17:13:03,30.0,54.8,116.1,54.3,0.0,0.0,0.0
2026-04-13 17:13:08,30.1,54.9,110.9,54.3,0.0,0.0,0.0
2026-04-13 17:13:13,29.8,54.9,110.8,54.3,0.0,0.0,0.0
2026-04-13 17:13:18,29.9,55.0,105.9,54.3,0.0,0.0,0.0
2026-04-13 17:13:23,30.1,55.0,115.1,54.3,0.0,0.0,0.0
2026-04-13 17:13:28,30.0,55.0,108.6,54.3,0.0,0.0,0.0
2026-04-13 17:13:33,30.1,55.1,109.3,54.3,0.0,0.0,0.0
2026-04-13 17:13:38,30.0,55.1,92.8,54.3,0.0,0.0,0.0
2026-04-13 17:13:43,29.9,55.0,108.2,54.3,0.0,0.0,0.0
2026-04-13 17:13:48,30.0,55.2,111.7,54.3,0.0,0.0,0.0
2026-04-13 17:13:53,29.9,55.2,85.9,54.3,0.0,0.0,0.0
2026-04-13 17:13:58,30.0,55.3,95.8,54.3,0.0,0.0,0.0
2026-04-13 17:14:03,29.9,55.4,96.1,54.3,0.0,0.0,0.0
2026-04-13 17:14:08,30.0,55.3,114.0,54.3,0.0,0.0,0.0
2026-04-13 17:14:13,30.0,55.2,100.9,54.3,0.0,0.0,0.0
2026-04-13 17:14:18,30.0,55.3,103.1,54.3,0.0,0.0,0.0
2026-04-13 17:14:23,30.0,55.3,91.6,54.3,0.0,0.0,0.0
2026-04-13 17:14:28,29.9,55.3,106.6,54.3,0.0,0.0,0.0
2026-04-13 17:14:33,29.9,55.2,108.4,54.3,0.0,0.0,0.0
2026-04-13 17:14:38,29.9,55.2,106.2,54.3,0.0,0.0,0.0
2026-04-13 17:14:43,30.1,55.4,110.2,54.3,0.0,0.0,0.0
2026-04-13 17:14:48,30.1,55.2,98.8,54.3,0.0,0.0,0.0
2026-04-13 17:14:53,30.0,55.2,90.7,54.3,0.0,0.0,0.0
2026-04-13 17:14:58,30.1,55.3,105.9,54.3,0.0,0.0,0.0
2026-04-13 17:15:03,30.0,55.4,97.0,54.3,0.0,0.0,0.0
2026-04-13 17:15:08,30.0,55.4,80.4,54.3,0.0,0.0,0.0
2026-04-13 17:15:13,29.8,55.4,108.1,54.3,0.0,0.0,0.0
2026-04-13 17:15:18,30.1,55.3,105.6,54.3,0.0,0.0,0.0
2026-04-13 17:15:23,29.9,55.3,97.2,54.3,0.0,0.0,0.0
2026-04-13 17:15:28,30.0,55.4,104.6,54.3,0.0,0.0,0.0
2026-04-13 17:15:33,30.2,55.4,111.3,54.3,0.0,0.0,0.0
2026-04-13 17:15:38,30.0,55.2,115.1,54.3,0.0,0.0,0.0
2026-04-13 17:15:43,30.0,55.2,89.3,54.3,0.0,0.0,0.0
2026-04-13 17:15:48,29.9,55.2,105.9,54.3,0.0,0.0,0.0
2026-04-13 17:15:53,29.9,55.2,94.8,54.3,0.0,0.0,0.0
2026-04-13 17:15:58,30.0,55.3,99.1,54.3,0.0,0.0,0.0
2026-04-13 17:16:03,29.9,55.3,94.0,54.3,0.0,0.0,0.0
2026-04-13 17:16:08,30.0,55.2,96.9,54.3,0.0,0.0,0.0
2026-04-13 17:16:13,30.1,55.1,90.8,54.3,0.0,0.0,0.0
2026-04-13 17:16:18,30.1,55.2,99.7,54.3,0.0,0.0,0.0
2026-04-13 17:16:23,30.1,55.2,93.7,54.3,0.0,0.0,0.0
2026-04-13 17:16:28,30.0,55.2,88.5,54.3,0.0,0.0,0.0
2026-04-13 17:16:33,30.1,55.3,109.8,54.3,0.0,0.0,0.0
2026-04-13 17:16:38,30.0,55.3,105.6,54.3,0.0,0.0,0.0
2026-04-13 17:16:43,30.0,55.3,125.0,54.2,0.0,0.0,0.0
2026-04-13 17:16:48,29.9,55.3,87.6,54.2,0.0,0.0,0.0
2026-04-13 17:16:53,30.0,55.4,92.1,54.2,0.0,0.0,0.0
2026-04-13 17:16:58,29.9,55.4,113.5,54.3,0.0,0.0,0.0
2026-04-13 17:17:03,30.0,55.4,98.4,54.3,0.0,0.0,0.0
2026-04-13 17:17:08,30.0,55.4,99.5,54.3,0.0,0.0,0.0
2026-04-13 17:17:13,30.0,55.4,110.5,54.3,0.0,0.0,0.0
2026-04-13 17:17:18,29.9,55.4,95.4,54.3,0.0,0.0,0.0
2026-04-13 17:17:23,30.0,55.4,92.6,54.3,0.0,0.0,0.0
2026-04-13 17:17:28,30.0,55.4,87.7,54.3,0.0,0.0,0.0
2026-04-13 17:17:33,29.9,55.3,92.9,54.3,0.0,0.0,0.0
2026-04-13 17:17:38,30.0,55.2,100.5,54.3,0.0,0.0,0.0
2026-04-13 17:17:43,30.1,55.3,93.8,54.3,0.0,0.0,0.0
2026-04-13 17:17:48,29.9,55.2,100.9,54.3,0.0,0.0,0.0
2026-04-13 17:17:53,30.0,55.3,84.2,54.3,0.0,0.0,0.0
2026-04-13 17:17:58,29.8,55.3,108.8,54.3,0.0,0.0,0.0
2026-04-13 17:18:03,30.0,55.4,90.2,54.3,0.0,0.0,0.0
2026-04-13 17:18:08,30.0,55.5,76.9,54.2,0.0,0.0,0.0
2026-04-13 17:18:13,29.9,55.5,87.1,54.2,0.0,0.0,0.0
2026-04-13 17:18:18,29.9,55.5,100.0,54.2,0.0,0.0,0.0
2026-04-13 17:18:23,30.0,55.5,83.8,54.2,0.0,0.0,0.0
2026-04-13 17:18:28,30.0,55.4,95.5,54.2,0.0,0.0,0.0
2026-04-13 17:18:33,29.9,55.3,85.8,54.2,0.0,0.0,0.0
2026-04-13 17:18:38,30.0,55.4,99.3,54.2,0.0,0.0,0.0
2026-04-13 17:18:43,30.1,55.3,85.2,54.2,0.0,0.0,0.0
2026-04-13 17:18:48,29.9,55.4,83.4,54.2,0.0,0.0,0.0
2026-04-13 17:18:53,30.1,55.3,81.1,54.2,0.0,0.0,0.0
2026-04-13 17:18:58,30.0,55.4,82.0,54.2,0.0,0.0,0.0
2026-04-13 17:19:03,30.0,55.3,115.5,54.2,0.0,0.0,0.0
2026-04-13 17:19:08,30.1,55.3,100.1,54.2,0.0,0.0,0.0
2026-04-13 17:19:13,30.0,55.2,83.5,54.2,0.0,0.0,0.0
2026-04-13 17:19:18,29.7,55.2,101.9,54.2,0.0,0.0,0.0
2026-04-13 17:19:23,30.0,55.3,96.9,54.3,0.0,0.0,0.0
2026-04-13 17:19:28,30.0,55.4,93.4,54.3,0.0,0.0,0.0
2026-04-13 17:19:33,29.9,55.6,97.0,54.3,0.0,0.0,0.0
2026-04-13 17:19:38,30.0,55.5,90.2,54.3,0.0,0.0,0.0
2026-04-13 17:19:43,29.9,55.4,78.3,54.2,0.0,0.0,0.0
2026-04-13 17:19:48,29.8,55.5,92.9,54.2,0.0,0.0,0.0
2026-04-13 17:19:53,29.9,55.5,86.9,54.2,0.0,0.0,0.0
2026-04-13 17:19:58,30.0,55.5,96.2,54.2,0.0,0.0,0.0
2026-04-13 17:20:03,30.0,55.4,100.4,54.2,0.0,0.0,0.0
2026-04-13 17:20:08,29.9,55.4,88.6,54.2,0.0,0.0,0.0
2026-04-13 17:20:13,30.0,55.4,94.0,54.2,0.0,0.0,0.0
2026-04-13 17:20:18,30.0,55.5,94.8,54.2,0.0,0.0,0.0
2026-04-13 17:20:23,30.0,55.6,92.5,54.2,0.0,0.0,0.0
2026-04-13 17:20:28,29.8,55.6,93.3,54.2,0.0,0.0,0.0
2026-04-13 17:20:33,29.8,55.7,85.1,54.2,0.0,0.0,0.0
2026-04-13 17:20:38,29.9,55.6,82.7,54.2,0.0,0.0,0.0
2026-04-13 17:20:43,29.8,55.6,92.6,54.2,0.0,0.0,0.0
2026-04-13 17:20:48,29.9,55.7,68.3,54.2,0.0,0.0,0.0
2026-04-13 17:20:53,29.9,55.7,88.2,54.2,0.0,0.0,0.0
2026-04-13 17:20:58,29.9,55.6,86.1,54.2,0.0,0.0,0.0
2026-04-13 17:21:03,29.9,55.6,95.0,54.2,0.0,0.0,0.0
2026-04-13 17:21:08,29.9,55.7,101.8,54.2,0.0,0.0,0.0
2026-04-13 17:21:13,29.8,55.8,89.6,54.2,0.0,0.0,0.0
2026-04-13 17:21:18,30.0,55.8,97.0,54.2,0.0,0.0,0.0
2026-04-13 17:21:23,29.8,55.6,107.6,54.2,0.0,0.0,0.0
2026-04-13 17:21:28,30.0,55.6,93.7,54.2,0.0,0.0,0.0
2026-04-13 17:21:33,29.9,55.5,78.7,54.2,0.0,0.0,0.0
2026-04-13 17:21:38,30.0,55.4,86.5,54.2,0.0,0.0,0.0
2026-04-13 17:21:43,30.0,55.5,101.8,54.2,0.0,0.0,0.0
2026-04-13 17:21:48,30.1,55.3,79.9,54.2,0.0,0.0,0.0
2026-04-13 17:21:53,30.0,55.3,85.8,54.2,0.0,0.0,0.0
2026-04-13 17:21:58,29.9,55.4,86.4,54.2,0.0,0.0,0.0
2026-04-13 17:22:03,29.9,55.3,85.1,54.2,0.0,0.0,0.0
2026-04-13 17:22:08,30.0,55.3,92.4,54.2,0.0,0.0,0.0
2026-04-13 17:22:13,30.0,55.4,83.9,54.2,0.0,0.0,0.0
2026-04-13 17:22:18,29.9,55.4,85.9,54.2,0.0,0.0,0.0
2026-04-13 17:22:23,30.1,55.4,75.3,54.2,0.0,0.0,0.0
2026-04-13 17:22:28,29.9,55.3,90.9,54.2,0.0,0.0,0.0
2026-04-13 17:22:33,29.8,55.3,82.2,54.2,0.0,0.0,0.0
2026-04-13 17:22:38,29.8,55.3,94.2,54.2,0.0,0.0,0.0
2026-04-13 17:22:43,29.8,55.3,86.6,54.2,0.0,0.0,0.0
2026-04-13 17:22:48,30.0,55.2,57.1,54.2,0.0,0.0,0.0
2026-04-13 17:22:53,29.9,55.4,66.4,54.2,0.0,0.0,0.0
2026-04-13 17:22:58,30.0,55.5,66.6,54.2,0.0,0.0,0.0
2026-04-13 17:23:03,29.9,55.6,78.8,54.2,0.0,0.0,0.0
2026-04-13 17:23:08,30.0,55.5,95.5,54.2,0.0,0.0,0.0
2026-04-13 17:23:13,29.9,55.4,82.7,54.2,0.0,0.0,0.0
2026-04-13 17:23:18,29.8,55.5,66.6,54.2,0.0,0.0,0.0
2026-04-13 17:23:23,29.8,55.5,75.6,54.2,0.0,0.0,0.0
2026-04-13 17:23:28,30.0,55.4,80.8,54.2,0.0,0.0,0.0
2026-04-13 17:23:33,29.9,55.5,88.8,54.2,0.0,0.0,0.0
2026-04-13 17:23:38,30.1,55.5,93.5,54.2,0.0,0.0,0.0
2026-04-13 17:23:43,30.0,55.5,84.1,54.2,0.0,0.0,0.0
2026-04-13 17:23:48,30.0,55.5,72.7,54.2,0.0,0.0,0.0
2026-04-13 17:23:53,30.1,55.5,76.0,54.2,0.0,0.0,0.0
2026-04-13 17:23:58,29.9,55.5,87.8,54.2,0.0,0.0,0.0
2026-04-13 17:24:03,30.1,55.6,90.1,54.2,0.0,0.0,0.0
2026-04-13 17:24:08,29.8,55.7,78.7,54.2,0.0,0.0,0.0
2026-04-13 17:24:13,30.1,55.7,84.4,54.2,0.0,0.0,0.0
2026-04-13 17:24:18,30.0,55.7,87.2,54.2,0.0,0.0,0.0
2026-04-13 17:24:23,30.0,55.6,68.8,54.2,0.0,0.0,0.0
2026-04-13 17:24:28,30.0,55.5,85.1,54.2,0.0,0.0,0.0
2026-04-13 17:24:33,30.0,55.5,69.7,54.2,0.0,0.0,0.0
2026-04-13 17:24:38,30.0,55.5,91.3,54.2,0.0,0.0,0.0
2026-04-13 17:24:43,30.0,55.5,96.2,54.2,0.0,0.0,0.0
2026-04-13 17:24:48,30.0,55.3,73.6,54.2,0.0,0.0,0.0
2026-04-13 17:24:53,30.0,55.4,93.1,54.2,0.0,0.0,0.0
2026-04-13 17:24:58,29.9,55.6,79.3,54.2,0.0,0.0,0.0
2026-04-13 17:25:03,29.9,55.5,85.1,54.2,0.0,0.0,0.0
2026-04-13 17:25:08,30.0,55.6,79.5,54.2,0.0,0.0,0.0
2026-04-13 17:25:13,30.1,55.5,77.5,54.2,0.0,0.0,0.0
2026-04-13 17:25:18,30.0,55.5,68.1,54.2,0.0,0.0,0.0
2026-04-13 17:25:23,29.9,55.6,84.6,54.2,0.0,0.0,0.0
2026-04-13 17:25:28,30.0,55.6,87.8,54.2,0.0,0.0,0.0
2026-04-13 17:25:33,29.9,55.6,88.4,54.2,0.0,0.0,0.0
2026-04-13 17:25:38,29.9,55.7,101.2,54.2,0.0,0.0,0.0
2026-04-13 17:25:43,30.0,55.8,62.2,54.2,0.0,0.0,0.0
2026-04-13 17:25:48,30.0,55.8,94.1,54.2,0.0,0.0,0.0
2026-04-13 17:25:53,30.0,55.9,77.0,54.2,0.0,0.0,0.0
2026-04-13 17:25:58,30.1,55.9,75.2,54.2,0.0,0.0,0.0
2026-04-13 17:26:03,29.8,55.9,56.2,54.2,0.0,0.0,0.0
2026-04-13 17:26:08,30.0,55.9,71.7,54.2,0.0,0.0,0.0
2026-04-13 17:26:13,30.0,56.0,74.7,54.2,0.0,0.0,0.0
2026-04-13 17:26:18,29.9,56.1,77.3,54.2,0.0,0.0,0.0
2026-04-13 17:26:23,29.9,56.0,67.4,54.2,0.0,0.0,0.0
2026-04-13 17:26:28,30.1,56.1,82.4,54.2,0.0,0.0,0.0
2026-04-13 17:26:33,30.0,56.2,59.8,54.2,0.0,0.0,0.0
2026-04-13 17:26:38,30.1,56.3,71.8,54.2,0.0,0.0,0.0
2026-04-13 17:26:43,29.9,56.2,65.3,54.1,0.0,0.0,0.0
2026-04-13 17:26:48,29.9,56.3,65.2,54.1,0.0,0.0,0.0
2026-04-13 17:26:53,30.0,56.4,73.2,54.2,0.0,0.0,0.0
2026-04-13 17:26:58,30.1,56.5,88.6,54.2,0.0,0.0,0.0
2026-04-13 17:27:03,30.0,56.4,71.4,54.2,0.0,0.0,0.0
2026-04-13 17:27:08,30.0,56.4,73.1,54.2,0.0,0.0,0.0
2026-04-13 17:27:13,30.0,56.6,51.8,54.2,0.0,0.0,0.0
2026-04-13 17:27:18,29.8,56.4,89.5,54.2,0.0,0.0,0.0
2026-04-13 17:27:23,29.9,56.5,61.8,54.2,0.0,0.0,0.0
2026-04-13 17:27:28,30.1,56.5,84.2,54.2,0.0,0.0,0.0
2026-04-13 17:27:33,29.9,56.6,71.6,54.2,0.0,0.0,0.0
2026-04-13 17:27:38,30.0,56.6,75.4,54.2,0.0,0.0,0.0
2026-04-13 17:27:43,30.1,56.7,66.6,54.2,0.0,0.0,0.0
2026-04-13 17:27:48,30.0,56.7,57.6,54.2,0.0,0.0,0.0
2026-04-13 17:27:53,30.1,56.8,77.8,54.2,0.0,0.0,0.0
2026-04-13 17:27:58,30.1,56.8,75.9,54.2,0.0,0.0,0.0
2026-04-13 17:28:03,29.8,56.8,72.8,54.2,0.0,0.0,0.0
2026-04-13 17:28:08,30.0,56.7,89.2,54.2,0.0,0.0,0.0
2026-04-13 17:28:13,29.9,56.7,69.0,54.2,0.0,0.0,0.0
2026-04-13 17:28:18,30.0,56.6,58.5,54.2,0.0,0.0,0.0
2026-04-13 17:28:23,29.9,56.7,50.3,54.2,0.0,0.0,0.0
2026-04-13 17:28:28,29.9,56.8,74.3,54.2,0.0,0.0,0.0
2026-04-13 17:28:33,30.2,56.8,64.9,54.2,0.0,0.0,0.0
2026-04-13 17:28:38,30.0,56.8,56.3,54.2,0.0,0.0,0.0
2026-04-13 17:28:43,30.0,56.8,61.1,54.2,0.0,0.0,0.0
2026-04-13 17:28:48,30.0,56.9,73.4,54.2,0.0,0.0,0.0
2026-04-13 17:28:53,29.8,57.0,77.4,54.2,0.0,0.0,0.0
2026-04-13 17:28:58,30.0,56.9,74.9,54.2,0.0,0.0,0.0
2026-04-13 17:29:03,30.0,56.9,52.9,54.2,0.0,0.0,0.0
2026-04-13 17:29:08,30.0,57.1,58.4,54.2,0.0,0.0,0.0
2026-04-13 17:29:13,29.9,57.1,65.6,54.2,0.0,0.0,0.0
2026-04-13 17:29:18,29.9,57.0,72.5,54.1,0.0,0.0,0.0
2026-04-13 17:29:23,29.9,56.9,59.7,54.1,0.0,0.0,0.0
2026-04-13 17:29:28,30.0,56.9,72.2,54.1,0.0,0.0,0.0
2026-04-13 17:29:33,30.1,56.8,84.6,54.1,0.0,0.0,0.0
2026-04-13 17:29:38,30.0,56.9,70.2,54.2,0.0,0.0,0.0
2026-04-13 17:29:43,30.0,56.9,61.4,54.2,0.0,0.0,0.0
2026-04-13 17:29:48,29.9,56.9,71.2,54.2,0.0,0.0,0.0
2026-04-13 17:29:53,30.0,56.9,62.5,54.2,0.0,0.0,0.0
2026-04-13 17:29:58,30.0,56.9,66.8,54.2,0.0,0.0,0.0
2026-04-13 17:30:03,29.9,56.9,60.6,54.2,0.0,0.0,0.0
2026-04-13 17:30:08,30.1,56.9,52.4,54.2,0.0,0.0,0.0
2026-04-13 17:30:13,30.0,56.9,65.5,54.2,0.0,0.0,0.0
2026-04-13 17:30:18,29.8,56.9,57.1,54.2,0.0,0.0,0.0
2026-04-13 17:30:23,30.0,56.9,73.2,54.2,0.0,0.0,0.0
2026-04-13 17:30:28,30.0,56.9,60.4,54.2,0.0,0.0,0.0
2026-04-13 17:30:33,30.0,56.9,61.7,54.2,0.0,0.0,0.0
2026-04-13 17:30:38,29.9,56.8,65.9,54.1,0.0,0.0,0.0
2026-04-13 17:30:43,29.9,56.7,67.9,54.1,0.0,0.0,0.0
2026-04-13 17:30:48,29.9,56.7,72.8,54.2,0.0,0.0,0.0
2026-04-13 17:30:53,29.9,56.7,63.9,54.2,0.0,0.0,0.0
2026-04-13 17:30:58,29.9,56.8,64.2,54.2,0.0,0.0,0.0
2026-04-13 17:31:03,29.9,56.7,72.3,54.2,0.0,0.0,0.0
2026-04-13 17:31:08,29.8,56.9,60.1,54.2,0.0,0.0,0.0
2026-04-13 17:31:13,29.9,56.8,65.4,54.2,0.0,0.0,0.0
2026-04-13 17:31:18,29.9,56.9,66.4,54.2,0.0,0.0,0.0
2026-04-13 17:31:23,29.7,56.8,61.6,54.2,0.0,0.0,0.0
2026-04-13 17:31:28,30.0,56.9,74.6,54.2,0.0,0.0,0.0
2026-04-13 17:31:33,30.0,56.9,62.0,54.2,0.0,0.0,0.0
2026-04-13 17:31:38,29.8,56.9,68.4,54.2,0.0,0.0,0.0
2026-04-13 17:31:43,30.0,56.9,67.7,54.2,0.0,0.0,0.0
2026-04-13 17:31:48,29.9,57.0,66.5,54.2,0.0,0.0,0.0
2026-04-13 17:31:53,29.8,57.0,61.1,54.2,0.0,0.0,0.0
2026-04-13 17:31:58,29.9,56.9,72.8,54.1,0.0,0.0,0.0
2026-04-13 17:32:03,30.1,57.0,69.3,54.1,0.0,0.0,0.0
2026-04-13 17:32:08,30.1,57.1,67.2,54.2,0.0,0.0,0.0
2026-04-13 17:32:13,30.0,57.2,65.1,54.2,0.0,0.0,0.0
2026-04-13 17:32:18,29.9,57.2,73.1,54.1,0.0,0.0,0.0
2026-04-13 17:32:23,30.2,57.2,70.0,54.1,0.0,0.0,0.0
2026-04-13 17:32:28,29.9,57.2,54.7,54.2,0.0,0.0,0.0
2026-04-13 17:32:33,30.0,57.2,52.2,54.2,0.0,0.0,0.0
2026-04-13 17:32:38,29.8,57.0,76.3,54.1,0.0,0.0,0.0
2026-04-13 17:32:43,29.9,57.0,73.0,54.1,0.0,0.0,0.0
2026-04-13 17:32:48,30.0,57.0,64.3,54.2,0.0,0.0,0.0
2026-04-13 17:32:53,29.9,57.1,73.4,54.2,0.0,0.0,0.0
2026-04-13 17:32:58,29.8,57.1,57.5,54.2,0.0,0.0,0.0
2026-04-13 17:33:03,29.9,57.0,57.4,54.2,0.0,0.0,0.0
2026-04-13 17:33:08,29.8,57.0,67.8,54.1,0.0,0.0,0.0
2026-04-13 17:33:13,29.9,57.0,60.5,54.1,0.0,0.0,0.0
2026-04-13 17:33:18,29.9,56.9,50.3,54.1,0.0,0.0,0.0
2026-04-13 17:33:23,29.9,57.1,60.2,54.2,0.0,0.0,0.0
2026-04-13 17:33:28,29.9,57.1,74.6,54.2,0.0,0.0,0.0
2026-04-13 17:33:33,29.8,57.1,48.8,54.2,0.0,0.0,0.0
2026-04-13 17:33:38,29.9,57.0,50.2,54.2,0.0,0.0,0.0
2026-04-13 17:33:43,30.0,57.1,52.5,54.2,0.0,0.0,0.0
2026-04-13 17:33:48,29.9,57.2,43.7,54.1,0.0,0.0,0.0
2026-04-13 17:33:53,30.0,57.1,57.6,54.1,0.0,0.0,0.0
2026-04-13 17:33:58,30.1,57.1,63.8,54.1,0.0,0.0,0.0
2026-04-13 17:34:03,29.9,57.2,42.7,54.2,0.0,0.0,0.0
2026-04-13 17:34:08,30.1,57.3,54.2,54.2,0.0,0.0,0.0
2026-04-13 17:34:13,29.9,57.3,51.3,54.1,0.0,0.0,0.0
2026-04-13 17:34:18,29.9,57.3,56.9,54.1,0.0,0.0,0.0
2026-04-13 17:34:23,29.9,57.4,56.6,54.1,0.0,0.0,0.0
2026-04-13 17:34:28,30.0,57.4,50.2,54.1,0.0,0.0,0.0
2026-04-13 17:34:33,29.9,57.6,50.3,54.1,0.0,0.0,0.0
2026-04-13 17:34:38,29.8,57.7,63.1,54.2,0.0,0.0,0.0
2026-04-13 17:34:43,29.8,57.7,37.6,54.2,0.0,0.0,0.0
2026-04-13 17:34:48,30.0,57.9,54.2,54.1,0.0,0.0,0.0
2026-04-13 17:34:53,29.9,57.9,49.1,54.1,0.0,0.0,0.0
2026-04-13 17:34:58,29.9,57.8,54.7,54.1,0.0,0.0,0.0
2026-04-13 17:35:03,30.0,57.8,77.4,54.1,0.0,0.0,0.0
2026-04-13 17:35:08,30.0,57.7,55.8,54.1,0.0,0.0,0.0
2026-04-13 17:35:13,30.0,57.8,87.7,54.1,0.0,0.0,0.0
2026-04-13 17:35:18,30.0,57.8,62.0,54.1,0.0,0.0,0.0
2026-04-13 17:35:23,29.9,57.8,62.7,54.1,0.0,0.0,0.0
2026-04-13 17:35:28,29.8,57.9,67.2,54.1,0.0,0.0,0.0
2026-04-13 17:35:33,30.0,57.8,58.6,54.1,0.0,0.0,0.0
2026-04-13 17:35:38,30.0,57.7,49.3,54.2,0.0,0.0,0.0
2026-04-13 17:35:43,29.9,57.7,61.2,54.2,0.0,0.0,0.0
2026-04-13 17:35:48,29.9,57.6,60.0,54.2,0.0,0.0,0.0
2026-04-13 17:35:53,30.0,57.6,45.9,54.1,0.0,0.0,0.0
2026-04-13 17:35:58,29.8,57.6,61.9,54.1,0.0,0.0,0.0
2026-04-13 17:36:03,29.9,57.6,42.5,54.1,0.0,0.0,0.0
2026-04-13 17:36:08,30.0,57.6,52.1,54.1,0.0,0.0,0.0
2026-04-13 17:36:13,29.9,57.7,43.2,54.1,0.0,0.0,0.0
2026-04-13 17:36:18,30.1,57.7,65.1,54.1,0.0,0.0,0.0
2026-04-13 17:36:23,30.0,57.6,60.8,54.1,0.0,0.0,0.0
2026-04-13 17:36:28,29.9,57.7,42.1,54.1,0.0,0.0,0.0
2026-04-13 17:36:33,30.0,57.6,53.4,54.1,0.0,0.0,0.0
2026-04-13 17:36:38,30.1,57.7,56.1,54.1,0.0,0.0,0.0
2026-04-13 17:36:43,29.9,57.7,43.4,54.1,0.0,0.0,0.0
2026-04-13 17:36:48,29.8,57.7,48.0,54.1,0.0,0.0,0.0
2026-04-13 17:36:53,29.9,57.8,59.8,54.1,0.0,0.0,0.0
2026-04-13 17:36:58,30.0,57.9,38.1,54.1,0.0,0.0,0.0
2026-04-13 17:37:03,29.9,57.9,51.8,54.1,0.0,0.0,0.0
2026-04-13 17:37:08,30.1,57.9,58.0,54.1,0.0,0.0,0.0
2026-04-13 17:37:13,29.9,57.8,72.7,54.1,0.0,0.0,0.0
2026-04-13 17:37:18,30.0,57.9,39.3,54.1,0.0,0.0,0.0
2026-04-13 17:37:23,29.9,57.9,51.4,54.1,0.0,0.0,0.0
2026-04-13 17:37:28,30.0,57.9,65.3,54.1,0.0,0.0,0.0
2026-04-13 17:37:33,30.1,58.0,34.8,54.0,0.0,0.0,0.0
2026-04-13 17:37:38,30.1,58.1,39.6,54.0,0.0,0.0,0.0
2026-04-13 17:37:43,30.1,58.1,39.2,54.1,0.0,0.0,0.0
2026-04-13 17:37:48,29.8,58.2,65.2,54.1,0.0,0.0,0.0
2026-04-13 17:37:53,29.9,58.3,51.2,54.1,0.0,0.0,0.0
2026-04-13 17:37:58,29.9,58.2,48.6,54.1,0.0,0.0,0.0
2026-04-13 17:38:03,30.0,58.2,46.3,54.1,0.0,0.0,0.0
2026-04-13 17:38:08,30.0,58.2,46.2,54.1,0.0,0.0,0.0
2026-04-13 17:38:13,30.0,58.1,52.6,54.1,0.0,0.0,0.0
2026-04-13 17:38:18,29.8,58.0,54.0,54.1,0.0,0.0,0.0
2026-04-13 17:38:23,29.8,58.0,40.1,54.1,0.0,0.0,0.0
2026-04-13 17:38:28,30.0,57.9,38.3,54.1,0.0,0.0,0.0
2026-04-13 17:38:33,30.1,58.0,45.0,54.1,0.0,0.0,0.0
2026-04-13 17:38:38,29.9,58.0,18.8,54.1,0.0,0.0,0.0
2026-04-13 17:38:43,29.9,58.0,47.3,54.1,0.0,0.0,0.0
2026-04-13 17:38:48,30.0,58.0,51.6,54.1,0.0,0.0,0.0
2026-04-13 17:38:53,29.9,57.9,54.0,54.1,0.0,0.0,0.0
2026-04-13 17:38:58,29.8,57.9,46.1,54.1,0.0,0.0,0.0
2026-04-13 17:39:03,30.0,58.0,51.5,54.1,0.0,0.0,0.0
2026-04-13 17:39:08,30.0,57.9,37.8,54.0,0.0,0.0,0.0
2026-04-13 17:39:13,30.0,57.8,35.3,54.0,0.0,0.0,0.0
2026-04-13 17:39:18,29.8,57.7,42.5,54.1,0.0,0.0,0.0
2026-04-13 17:39:23,30.0,57.5,51.8,54.1,0.0,0.0,0.0
2026-04-13 17:39:28,30.0,57.5,67.3,54.1,0.0,0.0,0.0
2026-04-13 17:39:33,29.9,57.6,52.3,54.1,0.0,0.0,0.0
2026-04-13 17:39:38,30.0,57.6,49.2,54.1,0.0,0.0,0.0
2026-04-13 17:39:43,29.9,57.5,51.9,54.1,0.0,0.0,0.0
2026-04-13 17:39:48,29.9,57.5,43.2,54.1,0.0,0.0,0.0
2026-04-13 17:39:53,29.9,57.6,46.1,54.1,0.0,0.0,0.0
2026-04-13 17:39:58,30.0,57.7,34.0,54.1,0.0,0.0,0.0
2026-04-13 17:40:03,30.0,57.7,54.7,54.1,0.0,0.0,0.0
2026-04-13 17:40:08,30.1,57.8,43.6,54.1,0.0,0.0,0.0
2026-04-13 17:40:13,30.0,57.8,31.4,54.1,0.0,0.0,0.0
2026-04-13 17:40:18,29.9,57.7,58.0,54.0,0.0,0.0,0.0
2026-04-13 17:40:23,30.0,57.7,30.4,54.0,0.0,0.0,0.0
2026-04-13 17:40:28,30.0,57.7,41.1,54.0,0.0,0.0,0.0
2026-04-13 17:40:33,29.9,57.7,25.4,54.1,0.0,0.0,0.0
2026-04-13 17:40:38,29.9,57.8,29.6,54.1,0.0,0.0,0.0
2026-04-13 17:40:43,30.0,57.8,22.0,54.1,0.0,0.0,0.0
2026-04-13 17:40:48,30.1,57.8,34.8,54.1,0.0,0.0,0.0
2026-04-13 17:40:53,29.8,57.7,50.5,54.1,0.0,0.0,0.0
2026-04-13 17:40:58,30.0,57.7,42.4,54.1,0.0,0.0,0.0
2026-04-13 17:41:03,30.0,57.8,36.3,54.1,0.0,0.0,0.0
2026-04-13 17:41:08,29.8,57.9,57.0,54.1,0.0,0.0,0.0
2026-04-13 17:41:13,29.9,57.9,45.0,54.1,0.0,0.0,0.0
2026-04-13 17:41:18,30.0,57.8,41.7,54.1,0.0,0.0,0.0
2026-04-13 17:41:23,30.0,57.8,36.5,54.1,0.0,0.0,0.0
2026-04-13 17:41:28,30.0,57.7,41.0,54.1,0.0,0.0,0.0
2026-04-13 17:41:33,29.9,57.9,41.9,54.1,0.0,0.0,0.0
2026-04-13 17:41:38,29.9,58.0,37.9,54.1,0.0,0.0,0.0
2026-04-13 17:41:43,29.9,58.0,38.3,54.1,0.0,0.0,0.0
2026-04-13 17:41:48,29.9,58.1,44.2,54.1,0.0,0.0,0.0
2026-04-13 17:41:53,30.1,58.0,41.3,54.0,0.0,0.0,0.0
2026-04-13 17:41:58,29.8,58.0,26.1,54.0,0.0,0.0,0.0
2026-04-13 17:42:03,29.9,58.0,51.3,54.1,0.0,0.0,0.0
2026-04-13 17:42:08,29.9,58.0,29.2,54.1,0.0,0.0,0.0
2026-04-13 17:42:13,29.9,57.9,53.1,54.1,0.0,0.0,0.0
2026-04-13 17:42:18,29.9,57.9,36.2,54.1,0.0,0.0,0.0
2026-04-13 17:42:23,29.9,57.9,49.7,54.1,0.0,0.0,0.0
2026-04-13 17:42:28,30.0,57.8,38.5,54.1,0.0,0.0,0.0
2026-04-13 17:42:33,30.0,57.8,35.9,54.1,0.0,0.0,0.0
2026-04-13 17:42:38,30.0,57.8,48.9,54.1,0.0,0.0,0.0
2026-04-13 17:42:43,29.9,57.9,41.3,54.1,0.0,0.0,0.0
2026-04-13 17:42:48,29.9,58.0,26.7,54.0,0.0,0.0,0.0
2026-04-13 17:42:53,29.9,58.0,35.4,54.0,0.0,0.0,0.0
2026-04-13 17:42:58,29.9,57.9,41.1,54.1,0.0,0.0,0.0
2026-04-13 17:43:03,29.8,58.0,26.6,54.1,0.0,0.0,0.0
2026-04-13 17:43:08,30.0,58.2,47.9,54.0,0.0,0.0,0.0
2026-04-13 17:43:13,30.1,58.2,41.7,54.0,0.0,0.0,0.0
2026-04-13 17:43:18,30.0,58.0,33.2,54.0,0.0,0.0,0.0
2026-04-13 17:43:23,29.9,58.0,43.3,54.0,0.0,0.0,0.0
2026-04-13 17:43:28,29.8,58.1,33.4,54.0,0.0,0.0,0.0
2026-04-13 17:43:33,30.1,58.0,36.2,54.1,0.0,0.0,0.0
2026-04-13 17:43:38,29.9,57.9,46.7,54.1,0.0,0.0,0.0
2026-04-13 17:43:43,30.0,58.0,36.3,54.0,0.0,0.0,0.0
2026-04-13 17:43:48,30.0,57.9,27.2,54.0,0.0,0.0,0.0
2026-04-13 17:43:53,29.9,57.9,24.4,54.0,0.0,0.0,0.0
2026-04-13 17:43:58,30.0,58.0,38.9,54.0,0.0,0.0,0.0
2026-04-13 17:44:03,30.0,57.9,34.8,54.0,0.0,0.0,0.0
2026-04-13 17:44:08,29.9,58.1,42.9,54.0,0.0,0.0,0.0
2026-04-13 17:44:13,29.9,58.1,47.1,54.0,0.0,0.0,0.0
2026-04-13 17:44:18,29.9,58.1,34.2,54.0,0.0,0.0,0.0
2026-04-13 17:44:23,30.0,58.1,28.4,54.0,0.0,0.0,0.0
2026-04-13 17:44:28,30.0,58.2,41.6,54.0,0.0,0.0,0.0
2026-04-13 17:44:33,29.9,58.4,45.9,54.1,0.0,0.0,0.0
2026-04-13 17:44:38,29.9,58.4,50.3,54.1,0.0,0.0,0.0
2026-04-13 17:44:43,29.9,58.4,49.2,54.1,0.0,0.0,0.0
2026-04-13 17:44:48,29.9,58.4,35.7,54.1,0.0,0.0,0.0
2026-04-13 17:44:53,29.9,58.3,49.2,54.1,0.0,0.0,0.0
2026-04-13 17:44:58,29.9,58.4,51.5,54.0,0.0,0.0,0.0
2026-04-13 17:45:03,29.9,58.4,30.2,54.0,0.0,0.0,0.0
2026-04-13 17:45:08,30.0,58.5,29.5,54.0,0.0,0.0,0.0
2026-04-13 17:45:13,30.1,58.5,41.0,54.0,0.0,0.0,0.0
2026-04-13 17:45:18,29.9,58.4,33.2,54.0,0.0,0.0,0.0
2026-04-13 17:45:23,30.1,58.5,54.7,54.0,0.0,0.0,0.0
2026-04-13 17:45:28,29.8,58.4,24.7,54.0,0.0,0.0,0.0
2026-04-13 17:45:33,30.0,58.3,30.3,54.0,0.0,0.0,0.0
2026-04-13 17:45:38,30.0,58.5,34.0,54.1,0.0,0.0,0.0
2026-04-13 17:45:43,30.1,58.4,39.9,54.1,0.0,0.0,0.0
2026-04-13 17:45:48,29.9,58.4,30.9,54.1,0.0,0.0,0.0
2026-04-13 17:45:53,30.0,58.4,46.7,54.1,0.0,0.0,0.0
2026-04-13 17:45:58,29.8,58.4,37.2,54.1,0.0,0.0,0.0
2026-04-13 17:46:03,30.0,58.3,40.7,54.1,0.0,0.0,0.0
2026-04-13 17:46:08,30.0,58.2,23.0,54.1,0.0,0.0,0.0
2026-04-13 17:46:13,29.9,58.2,41.2,54.1,0.0,0.0,0.0
2026-04-13 17:46:18,29.9,58.2,27.2,54.1,0.0,0.0,0.0
2026-04-13 17:46:23,30.0,58.2,36.2,54.1,0.0,0.0,0.0
2026-04-13 17:46:28,29.9,58.1,27.1,54.1,0.0,0.0,0.0
2026-04-13 17:46:33,29.9,58.2,34.7,54.1,0.0,0.0,0.0
2026-04-13 17:46:38,30.1,58.2,37.0,54.1,0.0,0.0,0.0
2026-04-13 17:46:43,30.0,58.3,17.4,54.1,0.0,0.0,0.0
2026-04-13 17:46:48,30.1,58.3,32.4,54.1,0.0,0.0,0.0
2026-04-13 17:46:53,30.1,58.3,40.2,54.1,0.0,0.0,0.0
2026-04-13 17:46:58,30.0,58.1,16.0,54.0,0.0,0.0,0.0
2026-04-13 17:47:03,30.0,58.2,34.9,54.0,0.0,0.0,0.0
2026-04-13 17:47:08,30.0,58.1,32.2,54.0,0.0,0.0,0.0
2026-04-13 17:47:13,29.8,58.1,43.5,54.1,0.0,0.0,0.0
2026-04-13 17:47:18,30.1,58.1,29.6,54.1,0.0,0.0,0.0
2026-04-13 17:47:23,30.0,58.1,34.9,54.1,0.0,0.0,0.0
2026-04-13 17:47:28,30.0,58.0,34.7,54.0,0.0,0.0,0.0
2026-04-13 17:47:33,30.1,57.9,42.2,54.0,0.0,0.0,0.0
2026-04-13 17:47:38,29.9,57.8,39.2,54.0,0.0,0.0,0.0
2026-04-13 17:47:43,30.0,57.9,43.1,54.0,0.0,0.0,0.0
2026-04-13 17:47:48,29.9,58.1,37.0,54.0,0.0,0.0,0.0
2026-04-13 17:47:53,29.9,58.1,40.2,54.1,0.0,0.0,0.0
2026-04-13 17:47:58,30.0,58.2,41.7,54.1,0.0,0.0,0.0
2026-04-13 17:48:03,30.0,58.2,25.9,54.1,0.0,0.0,0.0
2026-04-13 17:48:08,29.9,58.1,46.0,54.1,0.0,0.0,0.0
2026-04-13 17:48:13,30.0,58.2,33.8,54.1,0.0,0.0,0.0
2026-04-13 17:48:18,30.0,58.3,34.8,54.1,0.0,0.0,0.0
2026-04-13 17:48:23,30.0,58.3,40.1,54.1,0.0,0.0,0.0
2026-04-13 17:48:28,29.8,58.3,27.1,54.1,0.0,0.0,0.0
2026-04-13 17:48:33,29.9,58.3,38.0,54.1,0.0,0.0,0.0
2026-04-13 17:48:38,29.9,58.2,24.3,54.1,0.0,0.0,0.0
2026-04-13 17:48:43,30.0,58.2,41.1,54.0,0.0,0.0,0.0
2026-04-13 17:48:48,29.9,58.3,32.4,54.0,0.0,0.0,0.0
2026-04-13 17:48:53,29.9,58.3,51.7,54.0,0.0,0.0,0.0
2026-04-13 17:48:58,29.9,58.3,23.4,54.0,0.0,0.0,0.0
2026-04-13 17:49:03,30.0,58.3,35.2,54.0,0.0,0.0,0.0
2026-04-13 17:49:08,29.8,58.3,30.7,54.0,0.0,0.0,0.0
2026-04-13 17:49:13,29.9,58.5,30.1,54.0,0.0,0.0,0.0
2026-04-13 17:49:18,29.9,58.4,33.2,54.0,0.0,0.0,0.0
2026-04-13 17:49:23,30.0,58.4,24.7,54.0,0.0,0.0,0.0
2026-04-13 17:49:28,30.0,58.4,24.0,54.0,0.0,0.0,0.0
2026-04-13 17:49:33,30.0,58.4,18.6,54.0,0.0,0.0,0.0
2026-04-13 17:49:38,30.0,58.6,31.4,54.0,0.0,0.0,0.0
2026-04-13 17:49:43,29.8,58.5,9.5,54.0,0.0,0.0,0.0
2026-04-13 17:49:48,30.1,58.7,43.4,54.0,0.0,0.0,0.0
2026-04-13 17:49:53,29.9,58.7,27.0,54.0,0.0,0.0,0.0
2026-04-13 17:49:58,29.9,58.7,19.5,54.0,0.0,0.0,0.0
2026-04-13 17:50:03,29.9,58.7,30.9,54.0,0.0,0.0,0.0
2026-04-13 17:50:08,30.0,58.7,4.3,54.0,0.0,0.0,0.0
2026-04-13 17:50:13,30.1,58.8,24.8,54.0,0.0,0.0,0.0
2026-04-13 17:50:18,29.9,58.6,0.0,54.0,0.0,0.0,0.0
2026-04-13 17:50:23,30.1,58.8,17.1,54.0,0.0,0.0,0.0
2026-04-13 17:50:28,30.0,58.8,41.3,54.0,0.0,0.0,0.0
2026-04-13 17:50:33,30.0,58.9,27.1,54.0,0.0,0.0,0.0
2026-04-13 17:50:38,30.1,58.9,42.1,54.0,0.0,0.0,0.0
2026-04-13 17:50:43,30.0,58.8,27.0,54.0,0.0,0.0,0.0
2026-04-13 17:50:48,29.9,58.8,37.0,54.0,0.0,0.0,0.0
2026-04-13 17:50:53,30.0,58.8,37.6,54.0,0.0,0.0,0.0
2026-04-13 17:50:58,29.9,58.7,35.0,54.0,0.0,0.0,0.0
2026-04-13 17:51:03,29.8,58.8,22.5,54.0,0.0,0.0,0.0
2026-04-13 17:51:08,30.0,58.8,45.4,54.0,0.0,0.0,0.0
2026-04-13 17:51:13,30.1,58.8,10.7,54.0,0.0,0.0,0.0
2026-04-13 17:51:18,29.9,58.8,21.2,54.1,0.0,0.0,0.0
2026-04-13 17:51:23,29.9,58.8,37.7,54.1,0.0,0.0,0.0
2026-04-13 17:51:28,30.0,58.9,32.1,54.1,0.0,0.0,0.0
2026-04-13 17:51:33,30.0,59.0,25.9,54.0,0.0,0.0,0.0
2026-04-13 17:51:38,30.0,59.0,17.6,54.0,0.0,0.0,0.0
2026-04-13 17:51:43,30.0,59.0,18.3,54.0,0.0,0.0,0.0
2026-04-13 17:51:48,30.0,59.1,27.4,54.0,0.0,0.0,0.0
2026-04-13 17:51:53,30.1,59.3,15.8,54.0,0.0,0.0,0.0
2026-04-13 17:51:58,29.9,59.3,15.8,54.0,0.0,0.0,0.0
2026-04-13 17:52:03,29.9,59.2,15.9,54.0,0.0,0.0,0.0
2026-04-13 17:52:08,30.0,59.3,33.0,54.0,0.0,0.0,0.0
2026-04-13 17:52:13,29.9,59.4,24.1,54.0,0.0,0.0,0.0
2026-04-13 17:52:18,29.9,59.3,12.2,54.0,0.0,0.0,0.0
2026-04-13 17:52:23,30.0,59.3,27.3,54.0,0.0,0.0,0.0
2026-04-13 17:52:28,29.9,59.3,7.9,54.0,0.0,0.0,0.0
2026-04-13 17:52:33,29.8,59.1,38.1,54.0,0.0,0.0,0.0
2026-04-13 17:52:38,30.0,59.2,15.8,54.0,0.0,0.0,0.0
2026-04-13 17:52:43,30.0,59.2,16.6,54.0,0.0,0.0,0.0
2026-04-13 17:52:48,30.0,59.2,14.9,54.0,0.0,0.0,0.0
2026-04-13 17:52:53,30.0,59.2,19.7,54.0,0.0,0.0,0.0
2026-04-13 17:52:58,29.9,59.0,29.7,54.0,0.0,0.0,0.0
2026-04-13 17:53:03,29.9,59.0,28.7,54.0,0.0,0.0,0.0
2026-04-13 17:53:08,29.9,59.0,36.4,54.0,0.0,0.0,0.0
2026-04-13 17:53:13,29.8,58.9,23.2,54.0,0.0,0.0,0.0
2026-04-13 17:53:18,29.9,58.9,25.1,54.0,0.0,0.0,0.0
2026-04-13 17:53:23,29.7,59.0,26.7,54.0,0.0,0.0,0.0
2026-04-13 17:53:28,29.9,59.1,18.0,54.0,0.0,0.0,0.0
2026-04-13 17:53:33,29.8,59.1,27.2,54.0,0.0,0.0,0.0
2026-04-13 17:53:38,29.7,59.1,23.2,54.0,0.0,0.0,0.0
2026-04-13 17:53:43,29.9,59.2,18.3,54.0,0.0,0.0,0.0
2026-04-13 17:53:48,29.9,59.3,19.5,54.0,0.0,0.0,0.0
2026-04-13 17:53:53,30.0,59.2,17.9,54.0,0.0,0.0,0.0
2026-04-13 17:53:58,29.8,59.2,6.9,54.0,0.0,0.0,0.0
2026-04-13 17:54:03,29.9,59.2,4.4,54.0,0.0,0.0,0.0
2026-04-13 17:54:08,29.9,59.2,7.5,54.0,0.0,0.0,0.0
2026-04-13 17:54:13,29.9,59.2,4.4,54.0,0.0,0.0,0.0
2026-04-13 17:54:18,29.9,59.2,27.3,54.0,0.0,0.0,0.0
2026-04-13 17:54:23,29.8,59.2,27.5,54.0,0.0,0.0,0.0
2026-04-13 17:54:28,30.0,59.3,24.5,54.0,0.0,0.0,0.0
2026-04-13 17:54:33,29.9,59.3,32.3,54.0,0.0,0.0,0.0
2026-04-13 17:54:38,29.9,59.3,0.8,54.0,0.0,0.0,0.0
2026-04-13 17:54:43,30.0,59.4,25.7,54.0,0.0,0.0,0.0
2026-04-13 17:54:48,30.0,59.4,24.9,54.0,0.0,0.0,0.0
2026-04-13 17:54:53,30.0,59.4,21.2,54.0,0.0,0.0,0.0
2026-04-13 17:54:58,30.0,59.3,18.4,54.0,0.0,0.0,0.0
2026-04-13 17:55:03,29.9,59.2,11.9,54.0,0.0,0.0,0.0
2026-04-13 17:55:08,29.9,59.1,26.2,54.0,0.0,0.0,0.0
2026-04-13 17:55:13,29.9,59.2,14.1,54.0,0.0,0.0,0.0
2026-04-13 17:55:18,30.0,59.2,16.0,54.0,0.0,0.0,0.0
2026-04-13 17:55:23,29.8,59.2,9.5,54.0,0.0,0.0,0.0
2026-04-13 17:55:28,29.7,59.4,21.4,54.0,0.0,0.0,0.0
2026-04-13 17:55:33,29.8,59.5,22.6,54.0,0.0,0.0,0.0
2026-04-13 17:55:38,30.0,59.4,4.5,54.0,0.0,0.0,0.0
2026-04-13 17:55:43,29.9,59.5,10.9,54.0,0.0,0.0,0.0
2026-04-13 17:55:48,29.8,59.5,21.7,54.0,0.0,0.0,0.0
2026-04-13 17:55:53,29.9,59.7,5.9,54.0,0.0,0.0,0.0
2026-04-13 17:55:58,29.8,59.7,36.4,54.0,0.0,0.0,0.0
2026-04-13 17:56:03,29.8,59.7,22.4,54.0,0.0,0.0,0.0
2026-04-13 17:56:08,30.0,59.7,27.5,54.0,0.0,0.0,0.0
2026-04-13 17:56:13,29.9,59.7,27.7,53.9,0.0,0.0,0.0
2026-04-13 17:56:18,30.0,59.6,12.9,53.9,0.0,0.0,0.0
2026-04-13 17:56:23,29.8,59.7,32.2,54.0,0.0,0.0,0.0
2026-04-13 17:56:28,29.9,59.7,13.8,54.0,0.0,0.0,0.0
2026-04-13 17:56:33,29.7,59.7,7.2,54.0,0.0,0.0,0.0
2026-04-13 17:56:38,29.9,59.7,30.2,54.0,0.0,0.0,0.0
2026-04-13 17:56:43,29.7,59.8,13.5,54.0,0.0,0.0,0.0
2026-04-13 17:56:48,29.9,59.8,29.1,54.0,0.0,0.0,0.0
2026-04-13 17:56:53,29.9,59.7,33.1,54.0,0.0,0.0,0.0
2026-04-13 17:56:58,29.8,59.7,8.0,54.0,0.0,0.0,0.0
2026-04-13 17:57:03,29.9,59.6,16.1,54.0,0.0,0.0,0.0
2026-04-13 17:57:08,30.0,59.6,0.0,54.0,0.0,0.0,0.0
2026-04-13 17:57:13,29.9,59.7,5.4,54.0,0.0,0.0,0.0
2026-04-13 17:57:18,30.0,59.7,8.9,54.0,0.0,0.0,0.0
2026-04-13 17:57:23,30.0,59.7,0.0,54.0,0.0,0.0,0.0
2026-04-13 17:57:28,29.8,59.6,6.9,54.0,0.0,0.0,0.0
2026-04-13 17:57:33,29.9,59.8,18.3,54.0,0.0,0.0,0.0
2026-04-13 17:57:38,30.0,59.8,11.9,54.0,0.0,0.0,0.0
2026-04-13 17:57:43,29.9,59.9,9.3,54.0,0.0,0.0,0.0
2026-04-13 17:57:48,29.7,59.9,19.9,54.0,0.0,0.0,0.0
2026-04-13 17:57:53,29.8,59.9,1.8,54.0,0.0,0.0,0.0
2026-04-13 17:57:58,29.8,59.9,21.7,54.0,0.0,0.0,0.0
2026-04-13 17:58:03,29.9,59.8,33.3,54.0,0.0,0.0,0.0
2026-04-13 17:58:08,29.9,59.8,12.7,54.0,0.0,0.0,0.0
2026-04-13 17:58:13,29.9,59.7,10.5,53.9,0.0,0.0,0.0
2026-04-13 17:58:18,29.8,59.7,19.5,53.9,0.0,0.0,0.0
2026-04-13 17:58:23,29.9,59.7,6.0,54.0,0.0,0.0,0.0
2026-04-13 17:58:28,30.0,59.7,6.6,54.0,0.0,0.0,0.0
2026-04-13 17:58:33,29.9,59.7,18.0,54.0,0.0,0.0,0.0
2026-04-13 17:58:38,29.7,59.7,16.2,54.0,0.0,0.0,0.0
2026-04-13 17:58:43,30.0,59.6,22.9,54.0,0.0,0.0,0.0
2026-04-13 17:58:48,30.0,59.5,28.2,54.0,0.0,0.0,0.0
2026-04-13 17:58:53,29.9,59.5,9.2,54.0,0.0,0.0,0.0
2026-04-13 17:58:58,29.9,59.5,18.1,54.0,0.0,0.0,0.0
2026-04-13 17:59:03,30.0,59.6,25.3,54.0,0.0,0.0,0.0
2026-04-13 17:59:08,29.9,59.7,21.0,54.0,0.0,0.0,0.0
2026-04-13 17:59:13,29.8,59.7,31.9,54.0,0.0,0.0,0.0
2026-04-13 17:59:18,29.9,59.7,23.8,53.9,0.0,0.0,0.0
2026-04-13 17:59:23,29.8,59.8,8.0,53.9,0.0,0.0,0.0
2026-04-13 17:59:28,29.9,59.8,6.2,54.0,0.0,0.0,0.0
2026-04-13 17:59:33,29.9,59.9,3.3,54.0,0.0,0.0,0.0
2026-04-13 17:59:38,29.9,59.9,11.1,54.0,0.0,0.0,0.0
2026-04-13 17:59:43,30.1,60.0,10.8,54.0,0.0,0.0,0.0
2026-04-13 17:59:48,29.9,60.0,0.0,54.0,0.0,0.0,0.0
2026-04-13 17:59:53,30.0,60.2,14.6,54.0,0.0,0.0,0.0
2026-04-13 17:59:58,29.9,60.2,17.6,54.0,0.0,0.0,0.0
2026-04-13 18:00:03,29.8,60.0,13.1,54.0,0.0,0.0,0.0
2026-04-13 18:00:08,29.9,60.0,2.1,54.0,0.0,0.0,0.0
2026-04-13 18:00:13,29.9,60.1,23.1,53.9,0.0,0.0,0.0
2026-04-13 18:00:18,29.9,60.0,16.6,53.9,0.0,0.0,0.0
2026-04-13 18:00:23,29.8,60.1,14.0,53.9,0.0,0.0,0.0
2026-04-13 18:00:28,29.8,60.0,11.2,54.0,0.0,0.0,0.0
2026-04-13 18:00:33,29.9,60.0,6.0,54.0,0.0,0.0,0.0
2026-04-13 18:00:38,29.9,60.0,26.8,53.9,0.0,0.0,0.0
2026-04-13 18:00:43,29.9,59.9,4.2,53.9,0.0,0.0,0.0
2026-04-13 18:00:48,29.9,60.0,13.5,53.9,0.0,0.0,0.0
2026-04-13 18:00:53,29.9,60.1,6.5,53.9,0.0,0.0,0.0
2026-04-13 18:00:58,29.8,60.0,0.0,54.0,0.0,0.0,0.0
2026-04-13 18:01:03,29.8,60.1,0.0,54.0,0.0,0.0,0.0
2026-04-13 18:01:08,29.9,60.1,0.0,54.0,0.0,0.0,0.0
2026-04-13 18:01:13,29.9,60.2,23.6,54.0,0.0,0.0,0.0
2026-04-13 18:01:18,29.8,60.2,16.1,54.0,0.0,0.0,0.0
2026-04-13 18:01:23,29.8,60.2,15.8,54.0,0.0,0.0,0.0
2026-04-13 18:01:28,29.8,60.2,10.7,54.0,0.0,0.0,0.0
2026-04-13 18:01:33,29.8,60.1,15.4,54.0,0.0,0.0,0.0
2026-04-13 18:01:38,29.7,60.1,7.5,54.0,0.0,0.0,0.0
2026-04-13 18:01:43,29.7,60.2,21.2,54.0,0.0,0.0,0.0
2026-04-13 18:01:48,29.8,60.1,15.8,54.0,0.0,0.0,0.0
2026-04-13 18:01:53,29.7,60.1,16.2,54.0,0.0,0.0,0.0
2026-04-13 18:01:58,29.8,60.1,2.9,54.0,0.0,0.0,0.0
2026-04-13 18:02:03,29.7,60.1,8.9,54.0,0.0,0.0,0.0
2026-04-13 18:02:08,29.8,60.3,20.8,54.0,0.0,0.0,0.0
2026-04-13 18:02:13,29.9,60.3,31.0,54.0,0.0,0.0,0.0
2026-04-13 18:02:18,29.8,60.5,0.0,54.0,0.0,0.0,0.0
2026-04-13 18:02:23,29.8,60.5,12.2,54.0,0.0,0.0,0.0
2026-04-13 18:02:28,29.8,60.4,20.1,54.0,0.0,0.0,0.0
2026-04-13 18:02:33,29.8,60.3,23.2,54.0,0.0,0.0,0.0
2026-04-13 18:02:38,29.7,60.4,0.0,54.0,0.0,0.0,0.0
2026-04-13 18:02:43,29.9,60.4,11.3,54.0,0.0,0.0,0.0
2026-04-13 18:02:48,29.9,60.3,20.7,54.0,0.0,0.0,0.0
2026-04-13 18:02:53,29.8,60.2,20.0,54.0,0.0,0.0,0.0
2026-04-13 18:02:58,29.8,60.1,12.7,54.0,0.0,0.0,0.0
2026-04-13 18:03:03,29.8,60.0,6.5,54.0,0.0,0.0,0.0
2026-04-13 18:03:08,29.7,60.0,15.4,54.0,0.0,0.0,0.0
2026-04-13 18:03:13,29.8,60.0,14.0,54.0,0.0,0.0,0.0
2026-04-13 18:03:18,29.7,60.1,12.0,54.0,0.0,0.0,0.0
2026-04-13 18:03:23,29.8,60.1,14.9,54.0,0.0,0.0,0.0
2026-04-13 18:03:28,29.8,60.1,14.5,54.0,0.0,0.0,0.0
2026-04-13 18:03:33,29.9,60.2,12.4,54.0,0.0,0.0,0.0
2026-04-13 18:03:38,29.9,60.3,11.4,54.0,0.0,0.0,0.0
2026-04-13 18:03:43,29.8,60.3,28.6,54.0,0.0,0.0,0.0
2026-04-13 18:03:48,29.7,60.4,23.7,54.0,0.0,0.0,0.0
2026-04-13 18:03:53,29.8,60.5,25.2,54.0,0.0,0.0,0.0
2026-04-13 18:03:58,30.0,60.5,14.3,54.0,0.0,0.0,0.0
2026-04-13 18:04:03,29.8,60.5,35.8,53.9,0.0,0.0,0.0
2026-04-13 18:04:08,29.9,60.5,15.2,53.9,0.0,0.0,0.0
2026-04-13 18:04:13,29.8,60.4,9.4,53.9,0.0,0.0,0.0
2026-04-13 18:04:18,29.9,60.4,0.0,54.0,0.0,0.0,0.0
2026-04-13 18:04:23,29.8,60.3,13.1,54.0,0.0,0.0,0.0
2026-04-13 18:04:28,29.9,60.3,13.7,54.0,0.0,0.0,0.0
2026-04-13 18:04:33,30.0,60.2,0.0,54.0,0.0,0.0,0.0
2026-04-13 18:04:38,29.9,60.2,22.2,54.0,0.0,0.0,0.0
2026-04-13 18:04:43,29.9,60.3,19.8,54.0,0.0,0.0,0.0
2026-04-13 18:04:48,29.7,60.4,4.1,54.0,0.0,0.0,0.0
2026-04-13 18:04:53,29.8,60.4,24.8,54.0,0.0,0.0,0.0
2026-04-13 18:04:58,29.7,60.5,9.0,54.0,0.0,0.0,0.0
2026-04-13 18:05:03,29.9,60.4,3.3,54.0,0.0,0.0,0.0
2026-04-13 18:05:08,29.9,60.5,14.8,54.0,0.0,0.0,0.0
2026-04-13 18:05:13,29.8,60.4,10.4,54.0,0.0,0.0,0.0
2026-04-13 18:05:18,29.9,60.5,16.9,54.0,0.0,0.0,0.0
2026-04-13 18:05:23,29.9,60.5,17.8,54.0,0.0,0.0,0.0
2026-04-13 18:05:28,30.0,60.5,24.9,54.0,0.0,0.0,0.0
2026-04-13 18:05:33,29.9,60.6,9.0,54.0,0.0,0.0,0.0
2026-04-13 18:05:38,29.9,60.5,15.7,54.0,0.0,0.0,0.0
2026-04-13 18:05:43,29.7,60.1,7.9,54.0,0.0,0.0,0.0
2026-04-13 18:05:48,29.8,60.1,26.9,54.0,0.0,0.0,0.0
2026-04-13 18:05:53,29.8,60.0,2.4,54.0,0.0,0.0,0.0
2026-04-13 18:05:58,29.9,59.9,14.6,54.0,0.0,0.0,0.0
2026-04-13 18:06:03,29.9,59.9,5.1,54.0,0.0,0.0,0.0
2026-04-13 18:06:08,29.8,59.9,20.8,54.0,0.0,0.0,0.0
2026-04-13 18:06:13,29.9,60.0,4.2,54.0,0.0,0.0,0.0
2026-04-13 18:06:18,30.0,59.9,2.2,54.0,0.0,0.0,0.0
2026-04-13 18:06:23,29.7,59.8,13.9,54.0,0.0,0.0,0.0
2026-04-13 18:06:28,30.0,59.6,0.0,54.0,0.0,0.0,0.0
2026-04-13 18:06:33,29.9,59.8,17.8,54.0,0.0,0.0,0.0
2026-04-13 18:06:38,29.8,59.8,18.7,54.0,0.0,0.0,0.0
2026-04-13 18:06:43,29.9,59.9,22.9,54.0,0.0,0.0,0.0
2026-04-13 18:06:48,29.9,60.0,0.0,54.0,0.0,0.0,0.0
2026-04-13 18:06:53,29.7,60.0,3.9,54.0,0.0,0.0,0.0
2026-04-13 18:06:58,29.8,60.1,35.7,54.0,0.0,0.0,0.0
2026-04-13 18:07:03,29.8,60.2,11.8,54.0,0.0,0.0,0.0
2026-04-13 18:07:08,29.9,60.2,28.0,54.0,0.0,0.0,0.0
2026-04-13 18:07:13,29.8,60.3,5.8,54.0,0.0,0.0,0.0
2026-04-13 18:07:18,29.9,60.3,40.4,54.0,0.0,0.0,0.0
2026-04-13 18:07:23,29.9,60.4,4.5,54.0,0.0,0.0,0.0
2026-04-13 18:07:28,30.0,60.4,0.0,54.0,0.0,0.0,0.0
2026-04-13 18:07:33,29.8,60.4,20.9,54.0,0.0,0.0,0.0
2026-04-13 18:07:38,30.0,60.4,0.0,54.0,0.0,0.0,0.0
2026-04-13 18:07:43,29.9,60.6,13.1,54.0,0.0,0.0,0.0
2026-04-13 18:07:48,29.9,60.6,0.0,54.0,0.0,0.0,0.0
2026-04-13 18:07:53,30.1,60.5,14.4,54.0,0.0,0.0,0.0
2026-04-13 18:07:58,29.8,60.4,23.1,54.0,0.0,0.0,0.0
2026-04-13 18:08:03,29.9,60.4,15.6,54.0,0.0,0.0,0.0
2026-04-13 18:08:08,29.9,60.5,18.6,54.0,0.0,0.0,0.0
2026-04-13 18:08:13,29.9,60.5,27.8,54.0,0.0,0.0,0.0
2026-04-13 18:08:18,30.0,60.4,8.5,54.0,0.0,0.0,0.0
2026-04-13 18:08:23,29.9,60.4,11.2,54.0,0.0,0.0,0.0
2026-04-13 18:08:28,29.8,60.5,13.9,54.0,0.0,0.0,0.0
2026-04-13 18:08:33,29.9,60.5,15.0,54.0,0.0,0.0,0.0
2026-04-13 18:08:38,29.8,60.4,20.8,54.0,0.0,0.0,0.0
2026-04-13 18:08:43,29.8,60.3,21.2,54.0,0.0,0.0,0.0
2026-04-13 18:08:48,29.9,60.2,25.0,54.0,0.0,0.0,0.0
2026-04-13 18:08:53,29.9,60.3,25.1,54.0,0.0,0.0,0.0
2026-04-13 18:08:58,29.8,60.3,11.1,54.0,0.0,0.0,0.0
2026-04-13 18:09:03,29.7,60.3,20.0,54.0,0.0,0.0,0.0
2026-04-13 18:09:08,29.9,60.3,4.8,54.0,0.0,0.0,0.0
2026-04-13 18:09:13,29.7,60.3,28.0,54.0,0.0,0.0,0.0
2026-04-13 18:09:18,29.8,60.3,6.7,54.0,0.0,0.0,0.0
2026-04-13 18:09:23,29.8,60.4,16.3,54.0,0.0,0.0,0.0
2026-04-13 18:09:28,29.9,60.5,33.4,54.0,0.0,0.0,0.0
2026-04-13 18:09:33,29.8,60.5,23.1,54.0,0.0,0.0,0.0
2026-04-13 18:09:38,29.8,60.6,21.8,54.0,0.0,0.0,0.0
2026-04-13 18:09:43,29.9,60.5,14.2,54.0,0.0,0.0,0.0
2026-04-13 18:09:48,29.8,60.4,17.7,54.0,0.0,0.0,0.0
2026-04-13 18:09:53,29.9,60.4,18.5,54.0,0.0,0.0,0.0
2026-04-13 18:09:58,29.9,60.5,13.8,54.0,0.0,0.0,0.0
2026-04-13 18:10:03,29.9,60.5,3.7,54.0,0.0,0.0,0.0
2026-04-13 18:10:08,29.9,60.6,6.5,54.0,0.0,0.0,0.0
2026-04-13 18:10:13,30.0,60.6,20.9,54.0,0.0,0.0,0.0
2026-04-13 18:10:18,29.8,60.6,14.5,54.0,0.0,0.0,0.0
2026-04-13 18:10:23,29.8,60.6,12.5,54.0,0.0,0.0,0.0
2026-04-13 18:10:28,29.9,60.6,0.0,54.0,0.0,0.0,0.0
2026-04-13 18:10:33,29.9,60.5,21.4,54.0,0.0,0.0,0.0
2026-04-13 18:10:38,29.9,60.6,20.2,54.0,0.0,0.0,0.0
2026-04-13 18:10:43,30.0,60.6,12.7,54.0,0.0,0.0,0.0
2026-04-13 18:10:48,30.0,60.7,5.4,54.0,0.0,0.0,0.0
2026-04-13 18:10:53,29.9,60.7,13.2,54.0,0.0,0.0,0.0
2026-04-13 18:10:58,29.9,60.6,24.5,54.0,0.0,0.0,0.0
2026-04-13 18:11:03,30.0,60.5,0.0,54.0,0.0,0.0,0.0
2026-04-13 18:11:08,30.0,60.6,28.3,54.0,0.0,0.0,0.0
2026-04-13 18:11:13,29.9,60.6,10.5,54.0,0.0,0.0,0.0
2026-04-13 18:11:18,30.0,60.6,4.0,54.0,0.0,0.0,0.0
2026-04-13 18:11:23,30.0,60.5,8.8,54.0,0.0,0.0,0.0
2026-04-13 18:11:28,29.9,60.4,9.8,54.0,0.0,0.0,0.0
2026-04-13 18:11:33,30.0,60.5,26.7,54.0,0.0,0.0,0.0
2026-04-13 18:11:38,30.0,60.5,16.6,54.0,0.0,0.0,0.0
2026-04-13 18:11:43,29.9,60.7,25.6,54.0,0.0,0.0,0.0
2026-04-13 18:11:48,29.9,60.6,12.2,54.0,0.0,0.0,0.0
2026-04-13 18:11:53,29.9,60.5,5.5,53.9,0.0,0.0,0.0
2026-04-13 18:11:58,30.0,60.6,28.1,53.9,0.0,0.0,0.0
2026-04-13 18:12:03,29.8,60.4,33.6,54.0,0.0,0.0,0.0
2026-04-13 18:12:08,29.9,60.3,5.7,54.0,0.0,0.0,0.0
2026-04-13 18:12:13,30.1,60.3,40.0,53.9,0.0,0.0,0.0
2026-04-13 18:12:18,30.1,60.3,9.3,53.9,0.0,0.0,0.0
2026-04-13 18:12:23,30.0,60.3,20.0,54.0,0.0,0.0,0.0
2026-04-13 18:12:28,29.9,60.2,21.3,54.0,0.0,0.0,0.0
2026-04-13 18:12:33,29.9,60.2,0.3,54.0,0.0,0.0,0.0
2026-04-13 18:12:38,29.9,60.2,7.6,54.0,0.0,0.0,0.0
2026-04-13 18:12:43,30.0,60.2,11.2,54.0,0.0,0.0,0.0
2026-04-13 18:12:48,29.9,60.2,16.1,54.0,0.0,0.0,0.0
2026-04-13 18:12:53,29.9,60.2,3.9,54.0,0.0,0.0,0.0
2026-04-13 18:12:58,29.8,60.2,0.0,54.0,0.0,0.0,0.0
2026-04-13 18:13:03,30.0,60.0,6.6,54.0,0.0,0.0,0.0
2026-04-13 18:13:08,29.8,60.0,13.4,54.0,0.0,0.0,0.0
2026-04-13 18:13:13,30.0,59.9,17.5,54.0,0.0,0.0,0.0
2026-04-13 18:13:18,30.0,60.0,11.2,54.0,0.0,0.0,0.0
2026-04-13 18:13:23,30.0,60.1,8.2,54.0,0.0,0.0,0.0
2026-04-13 18:13:28,29.9,60.0,5.2,54.0,0.0,0.0,0.0
2026-04-13 18:13:33,29.9,59.9,20.6,54.0,0.0,0.0,0.0
2026-04-13 18:13:38,29.9,59.9,24.6,54.0,0.0,0.0,0.0
2026-04-13 18:13:43,29.9,59.9,11.7,54.0,0.0,0.0,0.0
2026-04-13 18:13:48,29.7,59.9,0.0,54.0,0.0,0.0,0.0
2026-04-13 18:13:53,30.0,60.1,8.0,54.0,0.0,0.0,0.0
2026-04-13 18:13:58,29.8,60.2,1.8,54.0,0.0,0.0,0.0
2026-04-13 18:14:03,29.9,60.2,21.9,54.0,0.0,0.0,0.0
2026-04-13 18:14:08,29.8,60.4,10.4,53.9,0.0,0.0,0.0
2026-04-13 18:14:13,29.8,60.5,12.5,53.9,0.0,0.0,0.0
2026-04-13 18:14:18,30.0,60.5,18.3,53.9,0.0,0.0,0.0
2026-04-13 18:14:23,29.8,60.5,30.5,54.0,0.0,0.0,0.0
2026-04-13 18:14:28,30.0,60.5,10.7,54.0,0.0,0.0,0.0
2026-04-13 18:14:33,30.0,60.5,0.0,54.0,0.0,0.0,0.0
2026-04-13 18:14:38,30.0,60.4,9.7,54.0,0.0,0.0,0.0
2026-04-13 18:14:43,29.9,60.4,28.8,54.0,0.0,0.0,0.0
2026-04-13 18:14:48,29.9,60.4,1.2,53.9,0.0,0.0,0.0
2026-04-13 18:14:53,29.9,60.4,20.2,53.9,0.0,0.0,0.0
2026-04-13 18:14:58,30.1,60.5,18.6,53.9,0.0,0.0,0.0
2026-04-13 18:15:03,30.0,60.4,20.4,53.9,0.0,0.0,0.0
2026-04-13 18:15:08,29.9,60.3,23.3,53.9,0.0,0.0,0.0
2026-04-13 18:15:13,29.8,60.3,26.0,54.0,0.0,0.0,0.0
2026-04-13 18:15:18,30.0,60.3,37.3,54.0,0.0,0.0,0.0
2026-04-13 18:15:23,29.9,60.3,18.4,54.0,0.0,0.0,0.0
2026-04-13 18:15:28,29.9,60.3,30.2,54.0,0.0,0.0,0.0
2026-04-13 18:15:33,30.0,60.2,1.4,54.0,0.0,0.0,0.0
2026-04-13 18:15:38,29.8,60.3,14.4,54.0,0.0,0.0,0.0
2026-04-13 18:15:43,29.9,60.3,14.9,54.0,0.0,0.0,0.0
2026-04-13 18:15:48,29.9,60.1,9.8,54.0,0.0,0.0,0.0
2026-04-13 18:15:53,29.9,60.2,0.0,53.9,0.0,0.0,0.0
2026-04-13 18:15:58,29.8,60.2,20.6,53.9,0.0,0.0,0.0
2026-04-13 18:16:03,29.9,60.2,16.2,53.9,0.0,0.0,0.0
2026-04-13 18:16:08,30.1,60.2,30.9,53.9,0.0,0.0,0.0
2026-04-13 18:16:13,30.0,60.3,19.1,53.9,0.0,0.0,0.0
2026-04-13 18:16:18,30.0,60.3,4.6,53.9,0.0,0.0,0.0
2026-04-13 18:16:23,30.0,60.3,11.6,54.0,0.0,0.0,0.0
2026-04-13 18:16:28,29.8,60.3,0.0,54.0,0.0,0.0,0.0
2026-04-13 18:16:33,30.0,60.3,18.2,54.0,0.0,0.0,0.0
2026-04-13 18:16:38,29.9,60.2,11.0,54.0,0.0,0.0,0.0
2026-04-13 18:16:43,29.9,60.3,2.1,54.0,0.0,0.0,0.0
2026-04-13 18:16:48,29.9,60.3,11.8,54.0,0.0,0.0,0.0
2026-04-13 18:16:53,29.9,60.3,26.9,53.9,0.0,0.0,0.0
2026-04-13 18:16:58,30.0,60.3,8.0,53.9,0.0,0.0,0.0
2026-04-13 18:17:03,29.8,60.2,29.0,53.9,0.0,0.0,0.0
2026-04-13 18:17:08,30.0,60.1,24.7,53.9,0.0,0.0,0.0
2026-04-13 18:17:13,29.9,60.0,8.3,53.9,0.0,0.0,0.0
2026-04-13 18:17:18,30.1,59.9,19.5,53.9,0.0,0.0,0.0
2026-04-13 18:17:23,29.9,59.8,27.6,53.9,0.0,0.0,0.0
2026-04-13 18:17:28,30.1,59.9,15.6,53.9,0.0,0.0,0.0
2026-04-13 18:17:33,30.0,59.8,1.4,53.9,0.0,0.0,0.0
2026-04-13 18:17:38,29.8,60.0,16.3,53.9,0.0,0.0,0.0
2026-04-13 18:17:43,30.1,60.0,9.9,53.9,0.0,0.0,0.0
2026-04-13 18:17:48,30.0,60.0,12.7,53.9,0.0,0.0,0.0
2026-04-13 18:17:53,30.0,60.0,2.3,53.9,0.0,0.0,0.0
2026-04-13 18:17:58,29.9,60.0,17.9,53.9,0.0,0.0,0.0
2026-04-13 18:18:03,29.9,59.9,31.5,54.0,0.0,0.0,0.0
2026-04-13 18:18:08,30.0,60.0,29.2,54.0,0.0,0.0,0.0
2026-04-13 18:18:13,30.0,60.0,27.5,54.0,0.0,0.0,0.0
2026-04-13 18:18:18,30.0,60.0,13.1,54.0,0.0,0.0,0.0
2026-04-13 18:18:23,30.0,60.0,16.2,54.0,0.0,0.0,0.0
2026-04-13 18:18:28,29.8,60.1,23.6,54.0,0.0,0.0,0.0
2026-04-13 18:18:33,30.0,60.1,26.2,54.0,0.0,0.0,0.0
2026-04-13 18:18:38,30.0,60.2,2.5,53.9,0.0,0.0,0.0
2026-04-13 18:18:43,29.9,59.9,0.0,53.9,0.0,0.0,0.0
2026-04-13 18:18:48,30.0,59.9,5.4,53.9,0.0,0.0,0.0
2026-04-13 18:18:53,30.0,59.9,22.4,53.9,0.0,0.0,0.0
2026-04-13 18:18:58,30.1,59.9,32.8,53.9,0.0,0.0,0.0
2026-04-13 18:19:03,30.1,59.9,11.8,54.0,0.0,0.0,0.0
2026-04-13 18:19:08,29.9,59.8,7.9,54.0,0.0,0.0,0.0
2026-04-13 18:19:13,30.1,60.0,0.0,54.0,0.0,0.0,0.0
2026-04-13 18:19:18,30.0,60.2,3.7,54.0,0.0,0.0,0.0
2026-04-13 18:19:23,30.0,60.2,25.2,54.0,0.0,0.0,0.0
2026-04-13 18:19:28,29.9,60.1,1.7,53.9,0.0,0.0,0.0
2026-04-13 18:19:33,30.0,60.1,24.1,53.9,0.0,0.0,0.0
2026-04-13 18:19:38,29.9,60.0,7.4,53.9,0.0,0.0,0.0
2026-04-13 18:19:43,29.9,60.1,15.5,53.9,0.0,0.0,0.0
2026-04-13 18:19:48,30.0,60.1,11.4,53.9,0.0,0.0,0.0
2026-04-13 18:19:53,30.0,60.1,9.7,53.9,0.0,0.0,0.0
2026-04-13 18:19:58,30.0,60.1,25.5,53.9,0.0,0.0,0.0
2026-04-13 18:20:03,30.0,60.0,15.1,53.9,0.0,0.0,0.0
2026-04-13 18:20:08,30.0,60.1,13.3,53.9,0.0,0.0,0.0
2026-04-13 18:20:13,30.0,60.0,16.7,53.9,0.0,0.0,0.0
2026-04-13 18:20:18,29.9,60.1,16.6,53.9,0.0,0.0,0.0
2026-04-13 18:20:23,29.9,60.1,22.1,53.9,0.0,0.0,0.0
2026-04-13 18:20:28,30.0,60.1,0.0,53.9,0.0,0.0,0.0
2026-04-13 18:20:33,30.1,60.1,0.0,53.9,0.0,0.0,0.0
2026-04-13 18:20:38,30.0,60.2,28.4,53.9,0.0,0.0,0.0
2026-04-13 18:20:43,30.0,60.2,12.1,53.9,0.0,0.0,0.0
2026-04-13 18:20:48,29.9,60.3,12.4,53.9,0.0,0.0,0.0
2026-04-13 18:20:53,30.0,60.2,20.4,53.9,0.0,0.0,0.0
2026-04-13 18:20:58,30.1,60.3,20.5,53.9,0.0,0.0,0.0
2026-04-13 18:21:03,29.9,60.3,8.7,53.9,0.0,0.0,0.0
2026-04-13 18:21:08,30.0,60.2,12.8,53.9,0.0,0.0,0.0
2026-04-13 18:21:13,30.0,60.1,0.0,53.9,0.0,0.0,0.0
2026-04-13 18:21:18,30.1,60.3,26.2,54.0,0.0,0.0,0.0
2026-04-13 18:21:23,30.1,60.2,24.5,54.0,0.0,0.0,0.0
2026-04-13 18:21:28,29.9,60.1,31.4,54.0,0.0,0.0,0.0
2026-04-13 18:21:33,30.1,60.0,7.0,54.0,0.0,0.0,0.0
2026-04-13 18:21:38,29.9,60.0,0.0,54.0,0.0,0.0,0.0
2026-04-13 18:21:43,30.0,60.2,8.9,54.0,0.0,0.0,0.0
2026-04-13 18:21:48,30.0,60.1,20.5,54.0,0.0,0.0,0.0
2026-04-13 18:21:53,30.0,60.0,19.1,54.0,0.0,0.0,0.0
2026-04-13 18:21:58,30.1,60.1,11.9,53.9,0.0,0.0,0.0
2026-04-13 18:22:03,30.1,60.2,1.3,53.9,0.0,0.0,0.0
2026-04-13 18:22:08,30.1,60.1,16.9,54.0,0.0,0.0,0.0
2026-04-13 18:22:13,30.1,60.0,31.6,54.0,0.0,0.0,0.0
2026-04-13 18:22:18,29.9,59.8,15.1,53.9,0.0,0.0,0.0
2026-04-13 18:22:23,30.0,59.9,15.1,53.9,0.0,0.0,0.0
2026-04-13 18:22:28,30.1,59.8,20.1,53.9,0.0,0.0,0.0
2026-04-13 18:22:33,29.9,59.7,15.9,53.9,0.0,0.0,0.0
2026-04-13 18:22:38,29.9,59.7,10.8,53.9,0.0,0.0,0.0
2026-04-13 18:22:43,30.0,59.7,6.7,53.9,0.0,0.0,0.0
2026-04-13 18:22:48,29.9,59.8,0.0,53.9,0.0,0.0,0.0
2026-04-13 18:22:53,30.1,59.8,10.1,53.9,0.0,0.0,0.0
2026-04-13 18:22:58,29.9,59.7,6.9,53.9,0.0,0.0,0.0
2026-04-13 18:23:03,30.0,59.7,7.2,53.9,0.0,0.0,0.0
2026-04-13 18:23:08,30.2,59.8,0.0,53.9,0.0,0.0,0.0
2026-04-13 18:23:13,30.0,59.9,39.6,53.9,0.0,0.0,0.0
2026-04-13 18:23:18,30.0,59.9,5.9,53.9,0.0,0.0,0.0
2026-04-13 18:23:23,29.9,59.9,24.1,53.9,0.0,0.0,0.0
2026-04-13 18:23:28,30.0,59.9,0.0,53.9,0.0,0.0,0.0
2026-04-13 18:23:33,30.0,59.9,15.8,53.9,0.0,0.0,0.0
2026-04-13 18:23:38,30.1,60.0,10.3,53.9,0.0,0.0,0.0
2026-04-13 18:23:43,29.9,59.8,8.6,53.9,0.0,0.0,0.0
2026-04-13 18:23:48,30.0,59.8,24.4,53.9,0.0,0.0,0.0
2026-04-13 18:23:53,30.0,59.8,18.8,53.9,0.0,0.0,0.0
2026-04-13 18:23:58,30.0,59.8,0.0,53.9,0.0,0.0,0.0
2026-04-13 18:24:03,30.0,59.8,11.7,53.9,0.0,0.0,0.0
2026-04-13 18:24:08,30.0,59.7,6.2,53.9,0.0,0.0,0.0
2026-04-13 18:24:13,30.1,59.6,41.9,53.9,0.0,0.0,0.0
2026-04-13 18:24:18,30.0,59.7,30.6,53.9,0.0,0.0,0.0
2026-04-13 18:24:23,30.1,59.6,11.3,54.0,0.0,0.0,0.0
2026-04-13 18:24:28,30.1,59.6,25.5,54.0,0.0,0.0,0.0
2026-04-13 18:24:33,29.8,59.7,9.2,53.9,0.0,0.0,0.0
2026-04-13 18:24:38,30.0,59.6,16.7,53.9,0.0,0.0,0.0
2026-04-13 18:24:43,29.9,59.7,15.3,53.9,0.0,0.0,0.0
2026-04-13 18:24:48,30.0,59.8,15.8,53.9,0.0,0.0,0.0
2026-04-13 18:24:53,30.0,59.8,22.3,53.9,0.0,0.0,0.0
2026-04-13 18:24:58,30.0,59.8,10.1,53.9,0.0,0.0,0.0
2026-04-13 18:25:03,30.2,59.8,14.7,53.9,0.0,0.0,0.0
2026-04-13 18:25:08,30.0,59.8,6.5,53.9,0.0,0.0,0.0
2026-04-13 18:25:13,30.0,59.8,24.5,53.9,0.0,0.0,0.0
2026-04-13 18:25:18,30.0,59.9,9.3,53.9,0.0,0.0,0.0
2026-04-13 18:25:23,30.0,60.0,17.9,53.9,0.0,0.0,0.0
2026-04-13 18:25:28,30.0,59.9,19.2,53.9,0.0,0.0,0.0
2026-04-13 18:25:33,30.0,60.0,14.3,53.9,0.0,0.0,0.0
2026-04-13 18:25:38,29.9,60.0,8.0,53.9,0.0,0.0,0.0
2026-04-13 18:25:43,29.9,60.1,8.4,53.9,0.0,0.0,0.0
2026-04-13 18:25:48,30.0,59.9,0.0,53.9,0.0,0.0,0.0
2026-04-13 18:25:53,30.1,60.1,1.4,53.9,0.0,0.0,0.0
2026-04-13 18:25:58,30.0,60.1,12.7,53.9,0.0,0.0,0.0
2026-04-13 18:26:03,29.9,60.1,15.1,53.9,0.0,0.0,0.0
2026-04-13 18:26:08,30.0,60.2,3.9,53.9,0.0,0.0,0.0
2026-04-13 18:26:13,30.0,60.1,12.4,53.9,0.0,0.0,0.0
2026-04-13 18:26:18,29.9,60.1,5.6,54.0,0.0,0.0,0.0
2026-04-13 18:26:23,29.9,60.0,21.3,54.0,0.0,0.0,0.0
2026-04-13 18:26:28,30.0,59.9,14.6,53.9,0.0,0.0,0.0
2026-04-13 18:26:33,30.0,60.1,9.5,53.9,0.0,0.0,0.0
2026-04-13 18:26:38,30.1,60.0,20.6,53.9,0.0,0.0,0.0
2026-04-13 18:26:43,30.0,59.9,0.0,53.9,0.0,0.0,0.0
2026-04-13 18:26:48,30.0,59.8,6.5,53.9,0.0,0.0,0.0
2026-04-13 18:26:53,29.8,59.8,13.9,53.9,0.0,0.0,0.0
2026-04-13 18:26:58,30.1,59.8,8.3,53.9,0.0,0.0,0.0
2026-04-13 18:27:03,29.9,59.7,18.5,53.9,0.0,0.0,0.0
2026-04-13 18:27:08,30.0,59.8,12.4,53.9,0.0,0.0,0.0
2026-04-13 18:27:13,29.9,59.8,7.3,53.9,0.0,0.0,0.0
2026-04-13 18:27:18,30.0,59.9,30.4,53.9,0.0,0.0,0.0
2026-04-13 18:27:23,30.1,59.9,12.7,53.9,0.0,0.0,0.0
2026-04-13 18:27:28,30.0,59.8,3.7,53.9,0.0,0.0,0.0
2026-04-13 18:27:33,30.0,59.7,0.0,53.9,0.0,0.0,0.0
2026-04-13 18:27:38,30.1,59.7,10.1,53.9,0.0,0.0,0.0
2026-04-13 18:27:43,30.0,59.8,11.0,53.9,0.0,0.0,0.0
2026-04-13 18:27:48,29.9,59.8,16.5,53.9,0.0,0.0,0.0
2026-04-13 18:27:53,29.9,59.7,20.0,53.9,0.0,0.0,0.0
2026-04-13 18:27:58,30.1,59.7,7.7,53.9,0.0,0.0,0.0
2026-04-13 18:28:03,30.1,59.7,4.2,53.9,0.0,0.0,0.0
2026-04-13 18:28:08,30.1,59.7,11.6,53.9,0.0,0.0,0.0
2026-04-13 18:28:13,30.0,59.7,1.5,53.9,0.0,0.0,0.0
2026-04-13 18:28:18,30.0,59.6,3.1,53.9,0.0,0.0,0.0
2026-04-13 18:28:23,30.0,59.6,23.6,53.9,0.0,0.0,0.0
2026-04-13 18:28:28,30.0,59.7,13.1,53.9,0.0,0.0,0.0
2026-04-13 18:28:33,30.0,59.7,28.0,53.9,0.0,0.0,0.0
2026-04-13 18:28:38,29.9,59.6,3.3,53.9,0.0,0.0,0.0
2026-04-13 18:28:43,30.0,59.7,0.0,53.9,0.0,0.0,0.0
2026-04-13 18:28:48,30.1,59.6,0.0,53.9,0.0,0.0,0.0
2026-04-13 18:28:53,30.0,59.6,8.4,53.9,0.0,0.0,0.0
2026-04-13 18:28:58,30.0,59.6,0.0,53.9,0.0,0.0,0.0
2026-04-13 18:29:03,30.0,59.5,2.1,53.9,0.0,0.0,0.0
2026-04-13 18:29:08,29.9,59.4,19.3,53.9,0.0,0.0,0.0
2026-04-13 18:29:13,29.9,59.5,10.0,53.9,0.0,0.0,0.0
2026-04-13 18:29:18,30.1,59.5,6.4,53.9,0.0,0.0,0.0
2026-04-13 18:29:23,30.0,59.5,5.1,53.9,0.0,0.0,0.0
2026-04-13 18:29:28,30.1,59.4,3.8,53.9,0.0,0.0,0.0
2026-04-13 18:29:33,29.9,59.3,6.0,53.9,0.0,0.0,0.0
2026-04-13 18:29:38,30.0,59.2,15.1,53.9,0.0,0.0,0.0
2026-04-13 18:29:43,30.0,59.2,5.2,53.9,0.0,0.0,0.0
2026-04-13 18:29:48,29.9,59.3,9.1,53.9,0.0,0.0,0.0
2026-04-13 18:29:53,29.8,59.2,19.2,53.9,0.0,0.0,0.0
2026-04-13 18:29:58,29.9,59.3,2.8,53.9,0.0,0.0,0.0
2026-04-13 18:30:03,30.0,59.4,22.1,53.8,0.0,0.0,0.0
2026-04-13 18:30:08,30.0,59.5,3.5,53.8,0.0,0.0,0.0
2026-04-13 18:30:13,30.1,59.5,23.1,53.8,0.0,0.0,0.0
2026-04-13 18:30:18,30.0,59.5,26.9,53.9,0.0,0.0,0.0
2026-04-13 18:30:23,29.8,59.7,20.1,53.9,0.0,0.0,0.0
2026-04-13 18:30:28,29.9,59.8,11.4,53.9,0.0,0.0,0.0
2026-04-13 18:30:33,29.9,59.8,10.5,53.9,0.0,0.0,0.0
2026-04-13 18:30:38,29.9,59.8,26.8,53.9,0.0,0.0,0.0
2026-04-13 18:30:43,30.1,59.9,7.3,53.9,0.0,0.0,0.0
2026-04-13 18:30:48,29.9,59.9,27.1,53.9,0.0,0.0,0.0
2026-04-13 18:30:53,29.9,60.0,4.5,53.9,0.0,0.0,0.0
2026-04-13 18:30:58,29.8,60.1,6.8,53.8,0.0,0.0,0.0
2026-04-13 18:31:03,30.0,60.0,23.1,53.8,0.0,0.0,0.0
2026-04-13 18:31:08,30.0,60.0,12.8,53.8,0.0,0.0,0.0
2026-04-13 18:31:13,30.0,60.0,28.2,53.8,0.0,0.0,0.0
2026-04-13 18:31:18,29.9,60.1,0.0,53.8,0.0,0.0,0.0
2026-04-13 18:31:23,30.0,60.0,2.8,53.8,0.0,0.0,0.0
2026-04-13 18:31:28,30.1,60.0,31.7,53.8,0.0,0.0,0.0
2026-04-13 18:31:33,30.1,60.2,6.8,53.9,0.0,0.0,0.0
2026-04-13 18:31:38,30.0,60.2,11.5,53.9,0.0,0.0,0.0
2026-04-13 18:31:43,29.9,60.3,22.7,53.9,0.0,0.0,0.0
2026-04-13 18:31:48,29.9,60.2,3.2,53.9,0.0,0.0,0.0
2026-04-13 18:31:53,29.9,60.1,24.4,53.9,0.0,0.0,0.0
2026-04-13 18:31:58,30.1,60.1,4.7,53.9,0.0,0.0,0.0
2026-04-13 18:32:03,29.9,60.1,17.9,53.9,0.0,0.0,0.0
2026-04-13 18:32:08,29.8,60.2,38.7,53.9,0.0,0.0,0.0
2026-04-13 18:32:13,30.0,60.2,28.9,53.9,0.0,0.0,0.0
2026-04-13 18:32:18,29.9,60.2,16.3,53.9,0.0,0.0,0.0
2026-04-13 18:32:23,30.0,60.2,10.4,53.8,0.0,0.0,0.0
2026-04-13 18:32:28,29.9,60.3,14.5,53.8,0.0,0.0,0.0
2026-04-13 18:32:33,30.1,60.2,4.4,53.8,0.0,0.0,0.0
2026-04-13 18:32:38,30.1,60.3,24.2,53.8,0.0,0.0,0.0
2026-04-13 18:32:43,29.9,60.2,13.7,53.9,0.0,0.0,0.0
2026-04-13 18:32:48,30.0,60.2,24.9,53.9,0.0,0.0,0.0
2026-04-13 18:32:53,30.0,60.2,0.0,53.9,0.0,0.0,0.0
2026-04-13 18:32:58,29.9,60.2,15.0,53.9,0.0,0.0,0.0
2026-04-13 18:33:03,29.9,60.2,30.0,53.8,0.0,0.0,0.0
2026-04-13 18:33:08,29.9,60.2,10.5,53.8,0.0,0.0,0.0
2026-04-13 18:33:13,30.0,60.2,18.5,53.8,0.0,0.0,0.0
2026-04-13 18:33:18,30.0,60.1,7.1,53.8,0.0,0.0,0.0
2026-04-13 18:33:23,30.0,60.1,10.5,53.8,0.0,0.0,0.0
2026-04-13 18:33:28,30.0,60.0,4.9,53.8,0.0,0.0,0.0
2026-04-13 18:33:33,30.0,60.1,14.6,53.8,0.0,0.0,0.0
2026-04-13 18:33:38,29.9,60.1,20.0,53.9,0.0,0.0,0.0
2026-04-13 18:33:43,29.9,60.2,21.9,53.9,0.0,0.0,0.0
2026-04-13 18:33:48,30.0,60.2,10.0,53.9,0.0,0.0,0.0
2026-04-13 18:33:53,29.9,60.3,11.8,53.9,0.0,0.0,0.0
2026-04-13 18:33:58,29.9,60.3,12.5,53.9,0.0,0.0,0.0
2026-04-13 18:34:03,30.0,60.3,6.2,53.9,0.0,0.0,0.0
2026-04-13 18:34:08,30.1,60.4,7.0,53.9,0.0,0.0,0.0
2026-04-13 18:34:13,30.0,60.3,27.2,53.9,0.0,0.0,0.0
2026-04-13 18:34:18,30.0,60.2,7.2,53.9,0.0,0.0,0.0
2026-04-13 18:34:23,29.9,60.1,26.1,53.9,0.0,0.0,0.0
2026-04-13 18:34:28,29.9,60.1,21.3,53.9,0.0,0.0,0.0
2026-04-13 18:34:33,30.0,60.0,10.7,53.8,0.0,0.0,0.0
2026-04-13 18:34:38,30.2,60.0,22.4,53.8,0.0,0.0,0.0
2026-04-13 18:34:43,30.1,60.0,15.8,53.8,0.0,0.0,0.0
2026-04-13 18:34:48,30.1,59.9,25.4,53.8,0.0,0.0,0.0
2026-04-13 18:34:53,29.9,60.0,19.1,53.9,0.0,0.0,0.0
2026-04-13 18:34:58,29.8,59.9,27.0,53.9,0.0,0.0,0.0
2026-04-13 18:35:03,30.0,60.0,0.0,53.9,0.0,0.0,0.0
2026-04-13 18:35:08,29.9,59.9,26.0,53.8,0.0,0.0,0.0
2026-04-13 18:35:13,30.0,60.0,14.1,53.8,0.0,0.0,0.0
2026-04-13 18:35:18,29.9,60.1,5.5,53.8,0.0,0.0,0.0
2026-04-13 18:35:23,29.9,60.1,16.2,53.8,0.0,0.0,0.0
2026-04-13 18:35:28,29.9,60.1,13.8,53.8,0.0,0.0,0.0
2026-04-13 18:35:33,30.1,60.0,21.7,53.8,0.0,0.0,0.0
2026-04-13 18:35:38,30.0,60.0,7.0,53.8,0.0,0.0,0.0
2026-04-13 18:35:43,30.0,60.0,21.5,53.8,0.0,0.0,0.0
2026-04-13 18:35:48,30.0,60.0,8.0,53.9,0.0,0.0,0.0
2026-04-13 18:35:53,30.0,60.1,11.1,53.9,0.0,0.0,0.0
2026-04-13 18:35:58,30.0,60.1,18.8,53.9,0.0,0.0,0.0
2026-04-13 18:36:03,29.9,59.9,30.0,53.8,0.0,0.0,0.0
2026-04-13 18:36:08,29.9,60.0,11.0,53.8,0.0,0.0,0.0
2026-04-13 18:36:13,30.0,60.1,13.0,53.8,0.0,0.0,0.0
2026-04-13 18:36:18,30.0,59.9,13.1,53.8,0.0,0.0,0.0
2026-04-13 18:36:23,30.0,60.1,12.8,53.8,0.0,0.0,0.0
2026-04-13 18:36:28,30.0,60.0,10.4,53.8,0.0,0.0,0.0
2026-04-13 18:36:33,30.0,60.0,19.1,53.8,0.0,0.0,0.0
2026-04-13 18:36:38,29.9,59.9,7.1,53.8,0.0,0.0,0.0
2026-04-13 18:36:43,30.1,59.9,0.0,53.8,0.0,0.0,0.0
2026-04-13 18:36:48,30.1,59.9,27.8,53.8,0.0,0.0,0.0
2026-04-13 18:36:53,30.0,59.9,19.2,53.8,0.0,0.0,0.0
2026-04-13 18:36:58,30.0,59.9,9.4,53.8,0.0,0.0,0.0
2026-04-13 18:37:03,29.9,59.8,9.1,53.8,0.0,0.0,0.0
2026-04-13 18:37:08,30.0,59.9,15.5,53.8,0.0,0.0,0.0
2026-04-13 18:37:13,30.0,59.8,21.3,53.8,0.0,0.0,0.0
2026-04-13 18:37:18,30.0,59.7,14.5,53.8,0.0,0.0,0.0
2026-04-13 18:37:23,30.0,59.6,6.6,53.8,0.0,0.0,0.0
2026-04-13 18:37:28,29.9,59.6,0.0,53.8,0.0,0.0,0.0
2026-04-13 18:37:33,29.9,59.8,10.4,53.8,0.0,0.0,0.0
2026-04-13 18:37:38,30.0,59.8,29.3,53.8,0.0,0.0,0.0
2026-04-13 18:37:43,30.0,59.7,15.6,53.8,0.0,0.0,0.0
2026-04-13 18:37:48,29.9,59.9,9.4,53.8,0.0,0.0,0.0
2026-04-13 18:37:53,30.0,60.0,0.0,53.8,0.0,0.0,0.0
2026-04-13 18:37:58,30.0,59.9,6.2,53.8,0.0,0.0,0.0
2026-04-13 18:38:03,29.8,59.9,36.4,53.8,0.0,0.0,0.0
2026-04-13 18:38:08,30.0,59.9,27.0,53.8,0.0,0.0,0.0
2026-04-13 18:38:13,30.0,59.9,1.9,53.8,0.0,0.0,0.0
2026-04-13 18:38:18,30.0,59.9,17.5,53.8,0.0,0.0,0.0
2026-04-13 18:38:23,30.0,59.9,18.9,53.8,0.0,0.0,0.0
2026-04-13 18:38:28,29.8,59.9,24.6,53.8,0.0,0.0,0.0
2026-04-13 18:38:33,29.9,59.9,23.6,53.8,0.0,0.0,0.0
2026-04-13 18:38:38,30.0,59.8,21.9,53.8,0.0,0.0,0.0
2026-04-13 18:38:43,29.9,59.8,26.2,53.8,0.0,0.0,0.0
2026-04-13 18:38:48,30.0,59.7,13.6,53.8,0.0,0.0,0.0
2026-04-13 18:38:53,30.0,59.7,18.2,53.8,0.0,0.0,0.0
2026-04-13 18:38:58,29.9,59.8,18.1,53.8,0.0,0.0,0.0
2026-04-13 18:39:03,29.9,59.8,3.5,53.8,0.0,0.0,0.0
2026-04-13 18:39:08,29.9,60.0,14.3,53.8,0.0,0.0,0.0
2026-04-13 18:39:13,30.0,59.9,26.3,53.8,0.0,0.0,0.0
2026-04-13 18:39:18,30.0,60.0,0.0,53.8,0.0,0.0,0.0
2026-04-13 18:39:23,29.9,59.9,0.0,53.8,0.0,0.0,0.0
2026-04-13 18:39:28,29.9,59.9,19.4,53.8,0.0,0.0,0.0
2026-04-13 18:39:33,29.9,59.9,25.9,53.8,0.0,0.0,0.0
2026-04-13 18:39:38,30.2,59.9,29.6,53.8,0.0,0.0,0.0
2026-04-13 18:39:43,29.9,59.9,21.8,53.8,0.0,0.0,0.0
2026-04-13 18:39:48,30.0,59.8,5.8,53.8,0.0,0.0,0.0
2026-04-13 18:39:53,30.1,59.8,25.2,53.8,0.0,0.0,0.0
2026-04-13 18:39:58,29.9,59.9,14.3,53.8,0.0,0.0,0.0
2026-04-13 18:40:03,30.0,59.8,8.9,53.8,0.0,0.0,0.0
2026-04-13 18:40:08,30.0,59.8,27.2,53.8,0.0,0.0,0.0
2026-04-13 18:40:13,30.1,59.9,21.4,53.8,0.0,0.0,0.0
2026-04-13 18:40:18,30.0,59.9,20.7,53.8,0.0,0.0,0.0
2026-04-13 18:40:23,30.0,59.9,35.7,53.8,0.0,0.0,0.0
2026-04-13 18:40:28,29.9,60.1,0.0,53.8,0.0,0.0,0.0
2026-04-13 18:40:33,29.9,60.0,0.8,53.9,0.0,0.0,0.0
2026-04-13 18:40:38,30.0,60.1,20.3,53.9,0.0,0.0,0.0
2026-04-13 18:40:43,29.9,59.9,25.7,53.9,0.0,0.0,0.0
2026-04-13 18:40:48,29.9,59.8,18.4,,0.0,0.0,0.0
2026-04-13 18:40:53,30.0,59.8,11.8,,0.0,0.0,0.0
2026-04-13 18:40:58,29.9,59.8,15.8,,0.0,0.0,0.0
2026-04-13 18:41:03,29.9,59.8,14.7,,0.0,0.0,0.0
2026-04-13 18:41:08,29.9,59.7,27.5,53.8,0.0,0.0,0.0
2026-04-13 18:41:13,29.9,59.7,4.1,53.8,0.0,0.0,0.0
2026-04-13 18:41:18,30.0,59.9,0.0,53.8,0.0,0.0,0.0
2026-04-13 18:41:23,30.1,59.9,16.6,53.8,0.0,0.0,0.0
2026-04-13 18:41:28,29.9,59.8,12.2,53.8,0.0,0.0,0.0
2026-04-13 18:41:33,30.1,59.8,17.8,53.8,0.0,0.0,0.0
2026-04-13 18:41:38,30.0,59.8,25.6,53.8,0.0,0.0,0.0
2026-04-13 18:41:43,29.7,59.9,14.6,53.8,0.0,0.0,0.0
2026-04-13 18:41:48,29.8,59.9,6.0,53.8,0.0,0.0,0.0
2026-04-13 18:41:53,29.9,59.8,4.8,53.8,0.0,0.0,0.0
2026-04-13 18:41:58,30.0,59.9,0.0,53.8,0.0,0.0,0.0
2026-04-13 18:42:03,29.9,60.0,22.9,53.8,0.0,0.0,0.0
2026-04-13 18:42:08,30.0,59.9,10.4,53.8,0.0,0.0,0.0
2026-04-13 18:42:13,30.0,59.9,8.0,53.8,0.0,0.0,0.0
2026-04-13 18:42:18,30.1,59.8,19.1,53.8,0.0,0.0,0.0
2026-04-13 18:42:23,29.9,59.8,17.5,53.8,0.0,0.0,0.0
2026-04-13 18:42:28,29.9,59.8,22.7,53.8,0.0,0.0,0.0
2026-04-13 18:42:33,30.0,59.7,14.8,53.8,0.0,0.0,0.0
2026-04-13 18:42:38,29.9,59.8,19.2,53.8,0.0,0.0,0.0
2026-04-13 18:42:43,29.8,59.9,18.9,53.8,0.0,0.0,0.0
2026-04-13 18:42:48,29.8,60.1,0.0,53.8,0.0,0.0,0.0
2026-04-13 18:42:53,30.0,60.1,19.7,53.8,0.0,0.0,0.0
2026-04-13 18:42:58,29.9,60.2,12.4,53.8,0.0,0.0,0.0
2026-04-13 18:43:03,29.9,60.1,8.0,53.8,0.0,0.0,0.0
2026-04-13 18:43:08,29.9,60.2,18.4,53.8,0.0,0.0,0.0
2026-04-13 18:43:13,30.0,60.1,16.7,53.8,0.0,0.0,0.0
2026-04-13 18:43:18,29.9,60.1,9.4,53.8,0.0,0.0,0.0
2026-04-13 18:43:23,29.8,60.2,12.5,53.8,0.0,0.0,0.0
2026-04-13 18:43:28,29.9,60.2,22.4,53.8,0.0,0.0,0.0
2026-04-13 18:43:33,30.0,60.2,16.6,53.8,0.0,0.0,0.0
2026-04-13 18:43:38,30.1,60.2,2.2,53.8,0.0,0.0,0.0
2026-04-13 18:43:43,29.8,60.1,9.7,53.8,0.0,0.0,0.0
2026-04-13 18:43:48,30.0,60.3,8.7,53.8,0.0,0.0,0.0
2026-04-13 18:43:53,29.9,60.2,26.7,53.8,0.0,0.0,0.0
2026-04-13 18:43:58,29.9,60.3,0.7,53.8,0.0,0.0,0.0
2026-04-13 18:44:03,30.1,60.3,8.9,53.8,0.0,0.0,0.0
2026-04-13 18:44:08,30.1,60.3,11.3,53.8,0.0,0.0,0.0
2026-04-13 18:44:13,30.1,60.2,11.7,53.8,0.0,0.0,0.0
2026-04-13 18:44:18,30.0,60.3,0.6,53.8,0.0,0.0,0.0
2026-04-13 18:44:23,30.0,60.2,16.9,53.8,0.0,0.0,0.0
2026-04-13 18:44:28,29.8,60.3,24.4,53.8,0.0,0.0,0.0
2026-04-13 18:44:33,29.9,60.4,9.7,53.8,0.0,0.0,0.0
2026-04-13 18:44:38,29.8,60.5,0.0,53.8,0.0,0.0,0.0
2026-04-13 18:44:43,29.8,60.5,19.9,53.8,0.0,0.0,0.0
2026-04-13 18:44:48,29.8,60.5,24.4,53.8,0.0,0.0,0.0
2026-04-13 18:44:53,29.9,60.3,17.4,53.8,0.0,0.0,0.0
2026-04-13 18:44:58,29.9,60.4,0.0,53.8,0.0,0.0,0.0
2026-04-13 18:45:03,30.0,60.3,0.0,53.8,0.0,0.0,0.0
2026-04-13 18:45:08,29.9,60.3,11.3,53.8,0.0,0.0,0.0
2026-04-13 18:45:13,29.8,60.2,0.0,53.8,0.0,0.0,0.0
2026-04-13 18:45:18,29.9,60.1,5.3,53.8,0.0,0.0,0.0
2026-04-13 18:45:23,29.9,60.1,16.8,53.8,0.0,0.0,0.0
2026-04-13 18:45:28,29.7,60.0,4.0,53.8,0.0,0.0,0.0
2026-04-13 18:45:33,29.8,60.1,11.7,53.8,0.0,0.0,0.0
2026-04-13 18:45:38,30.1,60.0,0.0,53.8,0.0,0.0,0.0
2026-04-13 18:45:43,29.9,60.1,37.5,53.8,0.0,0.0,0.0
2026-04-13 18:45:48,29.8,60.1,9.1,53.8,0.0,0.0,0.0
2026-04-13 18:45:53,29.8,60.1,12.3,53.8,0.0,0.0,0.0
2026-04-13 18:45:58,29.9,60.1,34.8,53.8,0.0,0.0,0.0
2026-04-13 18:46:03,29.8,60.2,21.5,53.8,0.0,0.0,0.0
2026-04-13 18:46:08,29.9,60.0,21.8,53.8,0.0,0.0,0.0
2026-04-13 18:46:13,29.9,60.1,9.9,53.8,0.0,0.0,0.0
2026-04-13 18:46:18,29.8,60.0,33.4,53.8,0.0,0.0,0.0
2026-04-13 18:46:23,29.9,59.9,12.8,53.8,0.0,0.0,0.0
2026-04-13 18:46:28,29.9,59.9,15.8,53.8,0.0,0.0,0.0
2026-04-13 18:46:33,29.9,60.0,9.7,53.8,0.0,0.0,0.0
2026-04-13 18:46:38,30.0,60.2,18.7,53.8,0.0,0.0,0.0
2026-04-13 18:46:43,29.8,60.3,6.5,53.8,0.0,0.0,0.0
2026-04-13 18:46:48,30.0,60.3,16.1,53.8,0.0,0.0,0.0
2026-04-13 18:46:53,29.9,60.3,14.9,53.8,0.0,0.0,0.0
2026-04-13 18:46:58,30.0,60.3,13.4,53.8,0.0,0.0,0.0
2026-04-13 18:47:03,30.0,60.3,5.9,53.8,0.0,0.0,0.0
2026-04-13 18:47:08,29.9,60.3,20.5,53.8,0.0,0.0,0.0
2026-04-13 18:47:13,30.0,60.2,25.8,53.8,0.0,0.0,0.0
2026-04-13 18:47:18,29.9,60.1,7.9,53.8,0.0,0.0,0.0
2026-04-13 18:47:23,29.9,60.2,34.6,53.7,0.0,0.0,0.0
2026-04-13 18:47:28,29.8,60.3,6.3,53.7,0.0,0.0,0.0
2026-04-13 18:47:33,29.8,60.3,12.5,53.8,0.0,0.0,0.0
2026-04-13 18:47:38,30.0,60.4,0.0,53.8,0.0,0.0,0.0
2026-04-13 18:47:43,29.7,60.3,12.1,53.8,0.0,0.0,0.0
2026-04-13 18:47:48,29.8,60.4,20.9,53.8,0.0,0.0,0.0
2026-04-13 18:47:53,29.9,60.5,34.9,53.8,0.0,0.0,0.0
2026-04-13 18:47:58,29.8,60.3,1.5,53.8,0.0,0.0,0.0
2026-04-13 18:48:03,29.9,60.3,10.6,53.8,0.0,0.0,0.0
2026-04-13 18:48:08,29.9,60.3,9.4,53.8,0.0,0.0,0.0
2026-04-13 18:48:13,29.9,60.3,23.7,53.8,0.0,0.0,0.0
2026-04-13 18:48:18,29.9,60.3,4.2,53.8,0.0,0.0,0.0
2026-04-13 18:48:23,29.9,60.2,19.6,53.8,0.0,0.0,0.0
2026-04-13 18:48:28,29.8,60.1,19.0,53.8,0.0,0.0,0.0
2026-04-13 18:48:33,29.7,60.1,8.3,53.8,0.0,0.0,0.0
2026-04-13 18:48:38,29.9,60.2,17.0,53.8,0.0,0.0,0.0
2026-04-13 18:48:43,29.8,60.2,12.5,53.8,0.0,0.0,0.0
2026-04-13 18:48:48,29.8,60.2,18.1,53.8,0.0,0.0,0.0
2026-04-13 18:48:53,29.8,60.2,15.4,53.8,0.0,0.0,0.0
2026-04-13 18:48:58,29.9,60.2,22.4,53.8,0.0,0.0,0.0
2026-04-13 18:49:03,29.9,60.2,5.4,53.8,0.0,0.0,0.0
2026-04-13 18:49:08,29.9,60.2,30.5,53.8,0.0,0.0,0.0
2026-04-13 18:49:13,29.8,60.3,15.9,53.8,0.0,0.0,0.0
2026-04-13 18:49:18,29.9,60.2,1.7,53.8,0.0,0.0,0.0
2026-04-13 18:49:23,29.8,60.2,0.0,53.8,0.0,0.0,0.0
2026-04-13 18:49:28,29.8,60.1,3.9,53.8,0.0,0.0,0.0
2026-04-13 18:49:33,29.8,60.2,9.0,53.8,0.0,0.0,0.0
2026-04-13 18:49:38,29.8,60.3,10.9,53.8,0.0,0.0,0.0
2026-04-13 18:49:43,29.9,60.3,0.0,53.8,0.0,0.0,0.0
2026-04-13 18:49:48,29.7,60.4,7.9,53.8,0.0,0.0,0.0
2026-04-13 18:49:53,29.7,60.5,28.4,53.8,0.0,0.0,0.0
2026-04-13 18:49:58,29.7,60.5,10.5,53.8,0.0,0.0,0.0
2026-04-13 18:50:03,29.7,60.6,2.5,53.8,0.0,0.0,0.0
2026-04-13 18:50:08,29.8,60.5,27.5,53.8,0.0,0.0,0.0
2026-04-13 18:50:13,29.8,60.6,18.7,53.8,0.0,0.0,0.0
2026-04-13 18:50:18,29.8,60.5,4.8,53.8,0.0,0.0,0.0
2026-04-13 18:50:23,29.8,60.6,16.6,53.8,0.0,0.0,0.0
2026-04-13 18:50:28,30.0,60.7,21.2,53.8,0.0,0.0,0.0
2026-04-13 18:50:33,29.8,60.8,20.9,53.8,0.0,0.0,0.0
2026-04-13 18:50:38,29.8,60.9,15.3,53.8,0.0,0.0,0.0
2026-04-13 18:50:43,29.8,60.9,4.5,53.8,0.0,0.0,0.0
2026-04-13 18:50:48,29.7,60.7,2.3,53.8,0.0,0.0,0.0
2026-04-13 18:50:53,29.9,60.7,5.2,53.8,0.0,0.0,0.0
2026-04-13 18:50:58,30.0,60.5,12.8,53.8,0.0,0.0,0.0
2026-04-13 18:51:03,29.8,60.5,36.8,53.8,0.0,0.0,0.0
2026-04-13 18:51:08,29.9,60.4,0.0,53.8,0.0,0.0,0.0
2026-04-13 18:51:13,29.9,60.4,15.5,53.8,0.0,0.0,0.0
2026-04-13 18:51:18,29.7,60.3,38.5,53.8,0.0,0.0,0.0
2026-04-13 18:51:23,29.7,60.2,35.5,53.8,0.0,0.0,0.0
2026-04-13 18:51:28,29.9,60.2,17.3,53.8,0.0,0.0,0.0
2026-04-13 18:51:33,30.0,60.2,23.3,53.8,0.0,0.0,0.0
2026-04-13 18:51:38,29.9,60.0,17.3,53.8,0.0,0.0,0.0
2026-04-13 18:51:43,29.6,60.0,23.0,53.8,0.0,0.0,0.0
2026-04-13 18:51:48,29.8,60.0,11.0,53.8,0.0,0.0,0.0
2026-04-13 18:51:53,29.8,60.1,13.2,53.8,0.0,0.0,0.0
2026-04-13 18:51:58,29.7,60.2,3.8,53.8,0.0,0.0,0.0
2026-04-13 18:52:03,29.9,60.1,2.9,53.8,0.0,0.0,0.0
2026-04-13 18:52:08,29.8,60.3,11.5,53.8,0.0,0.0,0.0
2026-04-13 18:52:13,30.0,60.1,7.1,53.8,0.0,0.0,0.0
2026-04-13 18:52:18,29.8,60.2,4.7,53.8,0.0,0.0,0.0
2026-04-13 18:52:23,29.9,60.1,11.2,53.8,0.0,0.0,0.0
2026-04-13 18:52:28,29.7,60.1,30.4,53.8,0.0,0.0,0.0
2026-04-13 18:52:33,29.8,60.1,0.0,53.8,0.0,0.0,0.0
2026-04-13 18:52:38,29.6,60.0,38.5,53.8,0.0,0.0,0.0
2026-04-13 18:52:43,29.8,60.0,10.4,53.8,0.0,0.0,0.0
2026-04-13 18:52:48,29.9,59.9,16.1,53.8,0.0,0.0,0.0
2026-04-13 18:52:53,29.8,60.0,3.3,53.8,0.0,0.0,0.0
2026-04-13 18:52:58,29.7,60.0,14.4,53.8,0.0,0.0,0.0
2026-04-13 18:53:03,29.8,60.0,9.1,53.8,0.0,0.0,0.0
2026-04-13 18:53:08,29.8,60.0,16.8,53.8,0.0,0.0,0.0
2026-04-13 18:53:13,29.8,60.0,13.8,53.7,0.0,0.0,0.0
2026-04-13 18:53:18,29.8,60.0,11.3,53.7,0.0,0.0,0.0
2026-04-13 18:53:23,29.8,60.0,26.2,53.8,0.0,0.0,0.0
2026-04-13 18:53:28,30.0,60.0,0.0,53.8,0.0,0.0,0.0
2026-04-13 18:53:33,29.9,60.0,24.3,53.8,0.0,0.0,0.0
2026-04-13 18:53:38,29.8,59.9,15.8,53.8,0.0,0.0,0.0
2026-04-13 18:53:43,29.8,59.9,21.3,53.8,0.0,0.0,0.0
2026-04-13 18:53:48,30.0,59.9,19.0,53.8,0.0,0.0,0.0
2026-04-13 18:53:53,29.9,59.9,23.8,53.8,0.0,0.0,0.0
2026-04-13 18:53:58,29.9,59.8,32.4,53.8,0.0,0.0,0.0
2026-04-13 18:54:03,29.8,59.8,18.1,53.8,0.0,0.0,0.0
2026-04-13 18:54:08,29.9,59.7,22.0,53.8,0.0,0.0,0.0
2026-04-13 18:54:13,29.8,59.7,7.4,53.8,0.0,0.0,0.0
2026-04-13 18:54:18,29.9,59.7,8.0,53.8,0.0,0.0,0.0
2026-04-13 18:54:23,29.9,59.7,24.1,53.8,0.0,0.0,0.0
2026-04-13 18:54:28,29.9,59.7,15.5,53.8,0.0,0.0,0.0
2026-04-13 18:54:33,29.9,59.8,19.8,53.8,0.0,0.0,0.0
2026-04-13 18:54:38,29.9,59.7,3.7,53.8,0.0,0.0,0.0
2026-04-13 18:54:43,30.0,59.6,22.9,53.8,0.0,0.0,0.0
2026-04-13 18:54:48,30.0,59.8,2.3,53.8,0.0,0.0,0.0
2026-04-13 18:54:53,30.0,59.8,20.0,53.8,0.0,0.0,0.0
2026-04-13 18:54:58,29.8,59.6,7.1,53.8,0.0,0.0,0.0
2026-04-13 18:55:03,29.8,59.6,4.6,53.8,0.0,0.0,0.0
2026-04-13 18:55:08,29.8,59.7,23.7,53.8,0.0,0.0,0.0
2026-04-13 18:55:13,29.8,59.7,1.4,53.8,0.0,0.0,0.0
2026-04-13 18:55:18,29.9,59.8,1.1,53.8,0.0,0.0,0.0
2026-04-13 18:55:23,29.9,59.8,27.3,53.8,0.0,0.0,0.0
2026-04-13 18:55:28,29.8,59.9,0.0,53.8,0.0,0.0,0.0
2026-04-13 18:55:33,29.7,59.8,24.8,53.8,0.0,0.0,0.0
2026-04-13 18:55:38,29.9,59.9,30.1,53.8,0.0,0.0,0.0
2026-04-13 18:55:43,30.0,59.9,18.7,53.8,0.0,0.0,0.0
2026-04-13 18:55:48,29.9,59.7,29.2,53.8,0.0,0.0,0.0
2026-04-13 18:55:53,29.9,59.8,18.0,53.7,0.0,0.0,0.0
2026-04-13 18:55:58,29.9,59.9,7.1,53.7,0.0,0.0,0.0
2026-04-13 18:56:03,29.9,59.8,0.0,53.7,0.0,0.0,0.0
2026-04-13 18:56:08,30.0,59.7,9.9,53.7,0.0,0.0,0.0
2026-04-13 18:56:13,29.9,59.8,13.9,53.8,0.0,0.0,0.0
2026-04-13 18:56:18,30.0,59.9,27.1,53.8,0.0,0.0,0.0
2026-04-13 18:56:23,30.0,59.7,15.9,53.8,0.0,0.0,0.0
2026-04-13 18:56:28,29.9,59.6,8.7,53.8,0.0,0.0,0.0
2026-04-13 18:56:33,29.8,59.6,24.4,53.8,0.0,0.0,0.0
2026-04-13 18:56:38,29.9,59.6,14.5,53.8,0.0,0.0,0.0
2026-04-13 18:56:43,29.8,59.6,28.9,53.8,0.0,0.0,0.0
2026-04-13 18:56:48,29.8,59.6,10.1,53.8,0.0,0.0,0.0
2026-04-13 18:56:53,29.8,59.6,21.0,53.8,0.0,0.0,0.0
2026-04-13 18:56:58,29.7,59.5,23.9,53.8,0.0,0.0,0.0
2026-04-13 18:57:03,30.0,59.4,0.0,53.8,0.0,0.0,0.0
2026-04-13 18:57:08,29.8,59.5,11.4,53.8,0.0,0.0,0.0
2026-04-13 18:57:13,29.9,59.5,13.9,53.8,0.0,0.0,0.0
2026-04-13 18:57:18,29.8,59.4,18.3,53.8,0.0,0.0,0.0
2026-04-13 18:57:23,29.8,59.5,30.6,53.8,0.0,0.0,0.0
2026-04-13 18:57:28,29.9,59.5,22.0,53.7,0.0,0.0,0.0
2026-04-13 18:57:33,29.7,59.5,6.1,53.7,0.0,0.0,0.0
2026-04-13 18:57:38,29.9,59.5,19.7,53.8,0.0,0.0,0.0
2026-04-13 18:57:43,29.7,59.5,16.4,53.8,0.0,0.0,0.0
2026-04-13 18:57:48,29.9,59.6,10.0,53.8,0.0,0.0,0.0
2026-04-13 18:57:53,30.0,59.5,9.8,53.8,0.0,0.0,0.0
2026-04-13 18:57:58,29.9,59.5,0.0,53.8,0.0,0.0,0.0
2026-04-13 18:58:03,29.8,59.6,7.5,53.8,0.0,0.0,0.0
2026-04-13 18:58:08,29.8,59.8,26.7,53.8,0.0,0.0,0.0
2026-04-13 18:58:13,29.7,59.8,35.1,53.8,0.0,0.0,0.0
2026-04-13 18:58:18,29.8,59.8,12.3,53.8,0.0,0.0,0.0
2026-04-13 18:58:23,29.9,59.9,21.6,53.7,0.0,0.0,0.0
2026-04-13 18:58:28,29.7,59.9,4.0,53.7,0.0,0.0,0.0
2026-04-13 18:58:33,29.9,60.0,32.2,53.8,0.0,0.0,0.0
2026-04-13 18:58:38,29.7,59.9,13.1,53.8,0.0,0.0,0.0
2026-04-13 18:58:43,29.8,59.9,13.6,53.8,0.0,0.0,0.0
2026-04-13 18:58:48,29.9,59.9,24.8,53.8,0.0,0.0,0.0
2026-04-13 18:58:53,29.9,59.9,16.0,53.8,0.0,0.0,0.0
2026-04-13 18:58:58,29.9,59.9,16.0,53.8,0.0,0.0,0.0
2026-04-13 18:59:03,29.7,59.9,16.9,53.8,0.0,0.0,0.0
2026-04-13 18:59:08,29.9,59.7,28.2,53.8,0.0,0.0,0.0
2026-04-13 18:59:13,29.9,59.7,7.1,53.8,0.0,0.0,0.0
2026-04-13 18:59:18,29.9,59.9,14.8,53.8,0.0,0.0,0.0
2026-04-13 18:59:23,29.8,59.9,5.8,53.8,0.0,0.0,0.0
2026-04-13 18:59:28,29.9,59.8,26.2,53.8,0.0,0.0,0.0
2026-04-13 18:59:33,29.9,60.0,8.0,53.8,0.0,0.0,0.0
2026-04-13 18:59:38,29.7,59.9,0.6,53.8,0.0,0.0,0.0
2026-04-13 18:59:43,29.7,59.9,6.3,53.8,0.0,0.0,0.0
2026-04-13 18:59:48,29.6,59.9,23.8,53.8,0.0,0.0,0.0
2026-04-13 18:59:53,29.7,59.9,6.9,53.7,0.0,0.0,0.0
2026-04-13 18:59:58,29.9,59.8,25.1,53.7,0.0,0.0,0.0
2026-04-13 19:00:03,29.9,59.8,8.1,53.8,0.0,0.0,0.0
2026-04-13 19:00:08,29.7,59.8,11.3,53.8,0.0,0.0,0.0
2026-04-13 19:00:13,29.7,59.9,14.8,53.8,0.0,0.0,0.0
2026-04-13 19:00:18,29.8,60.1,18.0,53.8,0.0,0.0,0.0
2026-04-13 19:00:23,29.7,60.0,24.5,53.8,0.0,0.0,0.0
2026-04-13 19:00:28,29.7,59.9,6.6,53.8,0.0,0.0,0.0
2026-04-13 19:00:33,29.7,59.9,2.1,53.8,0.0,0.0,0.0
2026-04-13 19:00:38,29.7,59.9,4.1,53.8,0.0,0.0,0.0
2026-04-13 19:00:43,29.7,60.0,17.7,53.8,0.0,0.0,0.0
2026-04-13 19:00:48,29.7,60.1,10.6,53.8,0.0,0.0,0.0
2026-04-13 19:00:53,29.9,60.2,32.4,53.8,0.0,0.0,0.0
2026-04-13 19:00:58,29.6,60.1,13.4,53.8,0.0,0.0,0.0
2026-04-13 19:01:03,29.7,60.2,30.7,53.8,0.0,0.0,0.0
2026-04-13 19:01:08,29.7,60.2,32.1,53.8,0.0,0.0,0.0
2026-04-13 19:01:13,29.7,60.2,3.4,53.8,0.0,0.0,0.0
2026-04-13 19:01:18,29.7,60.4,20.6,53.8,0.0,0.0,0.0
2026-04-13 19:01:23,29.5,60.4,30.1,53.8,0.0,0.0,0.0
2026-04-13 19:01:28,29.6,60.4,32.3,53.8,0.0,0.0,0.0
2026-04-13 19:01:33,29.7,60.4,0.0,53.8,0.0,0.0,0.0
2026-04-13 19:01:38,29.8,60.3,18.8,53.8,0.0,0.0,0.0
2026-04-13 19:01:43,29.7,60.3,7.6,53.8,0.0,0.0,0.0
2026-04-13 19:01:48,29.8,60.4,3.7,53.8,0.0,0.0,0.0
2026-04-13 19:01:53,29.6,60.3,7.4,53.8,0.0,0.0,0.0
2026-04-13 19:01:58,29.7,60.2,34.6,53.8,0.0,0.0,0.0
2026-04-13 19:02:03,29.7,60.2,30.0,53.8,0.0,0.0,0.0
2026-04-13 19:02:08,29.7,60.3,12.2,53.8,0.0,0.0,0.0
2026-04-13 19:02:13,29.7,60.2,24.4,53.8,0.0,0.0,0.0
2026-04-13 19:02:18,29.7,60.1,25.2,53.8,0.0,0.0,0.0
2026-04-13 19:02:23,29.7,60.2,8.3,53.8,0.0,0.0,0.0
2026-04-13 19:02:28,29.7,60.1,8.1,53.8,0.0,0.0,0.0
2026-04-13 19:02:33,29.7,60.1,9.1,53.8,0.0,0.0,0.0
2026-04-13 19:02:38,29.7,60.0,8.9,53.8,0.0,0.0,0.0
2026-04-13 19:02:43,29.7,60.2,17.2,53.8,0.0,0.0,0.0
2026-04-13 19:02:48,29.6,60.2,17.1,53.8,0.0,0.0,0.0
2026-04-13 19:02:53,29.7,60.2,11.8,53.8,0.0,0.0,0.0
2026-04-13 19:02:58,29.6,60.3,22.5,53.8,0.0,0.0,0.0
2026-04-13 19:03:03,29.7,60.3,11.2,53.8,0.0,0.0,0.0
2026-04-13 19:03:08,29.8,60.2,29.5,53.8,0.0,0.0,0.0
2026-04-13 19:03:13,29.8,60.0,22.2,53.8,0.0,0.0,0.0
2026-04-13 19:03:18,29.6,59.9,22.7,53.8,0.0,0.0,0.0
2026-04-13 19:03:23,29.7,59.9,1.3,53.8,0.0,0.0,0.0
2026-04-13 19:03:28,29.7,60.2,5.4,53.8,0.0,0.0,0.0
2026-04-13 19:03:33,29.7,60.2,24.3,53.8,0.0,0.0,0.0
2026-04-13 19:03:38,29.7,60.3,0.0,53.8,0.0,0.0,0.0
2026-04-13 19:03:43,29.7,60.3,3.2,53.8,0.0,0.0,0.0
2026-04-13 19:03:48,29.7,60.3,12.6,53.8,0.0,0.0,0.0
2026-04-13 19:03:53,29.8,60.2,18.8,53.8,0.0,0.0,0.0
2026-04-13 19:03:58,29.7,60.3,16.5,53.8,0.0,0.0,0.0
2026-04-13 19:04:03,29.7,60.4,6.5,53.8,0.0,0.0,0.0
2026-04-13 19:04:08,29.7,60.2,17.5,53.8,0.0,0.0,0.0
2026-04-13 19:04:13,29.5,60.2,5.6,53.8,0.0,0.0,0.0
2026-04-13 19:04:18,29.9,60.2,24.5,53.8,0.0,0.0,0.0
2026-04-13 19:04:23,29.6,60.2,24.4,53.8,0.0,0.0,0.0
2026-04-13 19:04:28,29.7,60.1,18.4,53.8,0.0,0.0,0.0
2026-04-13 19:04:33,29.8,60.1,17.4,53.8,0.0,0.0,0.0
2026-04-13 19:04:38,29.7,60.0,21.0,53.8,0.0,0.0,0.0
2026-04-13 19:04:43,29.7,60.0,10.5,53.8,0.0,0.0,0.0
2026-04-13 19:04:48,29.7,59.9,27.1,53.8,0.0,0.0,0.0
2026-04-13 19:04:53,29.7,60.0,19.0,53.8,0.0,0.0,0.0
2026-04-13 19:04:58,29.7,60.0,12.5,53.8,0.0,0.0,0.0
2026-04-13 19:05:03,29.7,60.0,12.4,53.8,0.0,0.0,0.0
2026-04-13 19:05:08,29.8,60.0,1.2,53.8,0.0,0.0,0.0
2026-04-13 19:05:13,29.8,60.1,0.0,53.8,0.0,0.0,0.0
2026-04-13 19:05:18,29.6,60.1,7.2,53.8,0.0,0.0,0.0
2026-04-13 19:05:23,29.8,60.1,3.3,53.8,0.0,0.0,0.0
2026-04-13 19:05:28,29.7,60.0,3.5,53.8,0.0,0.0,0.0
2026-04-13 19:05:33,29.8,60.0,38.5,53.8,0.0,0.0,0.0
2026-04-13 19:05:38,29.9,60.0,26.4,53.8,0.0,0.0,0.0
2026-04-13 19:05:43,29.7,60.1,5.7,53.8,0.0,0.0,0.0
2026-04-13 19:05:48,29.7,60.2,0.7,53.8,0.0,0.0,0.0
2026-04-13 19:05:53,29.6,60.3,17.4,53.8,0.0,0.0,0.0
2026-04-13 19:05:58,29.8,60.4,32.2,53.8,0.0,0.0,0.0
2026-04-13 19:06:03,29.7,60.3,23.5,53.8,0.0,0.0,0.0
2026-04-13 19:06:08,29.7,60.4,23.5,53.8,0.0,0.0,0.0
2026-04-13 19:06:13,29.7,60.5,16.0,53.8,0.0,0.0,0.0
2026-04-13 19:06:18,29.8,60.5,11.0,53.8,0.0,0.0,0.0
2026-04-13 19:06:23,29.8,60.6,18.1,53.8,0.0,0.0,0.0
2026-04-13 19:06:28,29.8,60.5,25.9,53.8,0.0,0.0,0.0
2026-04-13 19:06:33,29.8,60.5,15.1,53.8,0.0,0.0,0.0
2026-04-13 19:06:38,29.8,60.6,9.2,53.8,0.0,0.0,0.0
2026-04-13 19:06:43,29.8,60.6,9.5,53.8,0.0,0.0,0.0
2026-04-13 19:06:48,29.6,60.6,46.4,53.8,0.0,0.0,0.0
2026-04-13 19:06:53,29.8,60.5,15.4,53.8,0.0,0.0,0.0
2026-04-13 19:06:58,29.8,60.5,21.4,53.8,0.0,0.0,0.0
2026-04-13 19:07:03,29.6,60.5,11.8,53.8,0.0,0.0,0.0
2026-04-13 19:07:08,29.8,60.5,9.3,53.8,0.0,0.0,0.0
2026-04-13 19:07:13,29.8,60.6,19.4,53.8,0.0,0.0,0.0
2026-04-13 19:07:18,29.8,60.6,3.9,53.8,0.0,0.0,0.0
2026-04-13 19:07:23,29.6,60.6,9.6,53.8,0.0,0.0,0.0
2026-04-13 19:07:28,29.7,60.4,34.0,53.8,0.0,0.0,0.0
2026-04-13 19:07:33,29.6,60.3,27.5,53.8,0.0,0.0,0.0
2026-04-13 19:07:38,29.7,60.4,2.7,53.8,0.0,0.0,0.0
2026-04-13 19:07:43,29.7,60.5,14.5,53.8,0.0,0.0,0.0
2026-04-13 19:07:48,29.8,60.5,5.5,53.8,0.0,0.0,0.0
2026-04-13 19:07:53,29.7,60.5,11.5,53.8,0.0,0.0,0.0
2026-04-13 19:07:58,29.8,60.4,31.2,53.8,0.0,0.0,0.0
2026-04-13 19:08:03,29.7,60.3,6.5,53.8,0.0,0.0,0.0
2026-04-13 19:08:08,29.6,60.2,11.1,53.8,0.0,0.0,0.0
2026-04-13 19:08:13,29.8,60.1,19.1,53.8,0.0,0.0,0.0
2026-04-13 19:08:18,29.7,60.1,23.8,53.8,0.0,0.0,0.0
2026-04-13 19:08:23,29.5,60.2,29.2,53.8,0.0,0.0,0.0
2026-04-13 19:08:28,29.6,60.1,0.0,53.8,0.0,0.0,0.0
2026-04-13 19:08:33,29.8,60.1,5.3,53.8,0.0,0.0,0.0
2026-04-13 19:08:38,29.6,60.0,19.4,53.8,0.0,0.0,0.0
2026-04-13 19:08:43,29.8,60.0,17.7,53.8,0.0,0.0,0.0
2026-04-13 19:08:48,29.9,59.9,17.7,53.8,0.0,0.0,0.0
2026-04-13 19:08:53,29.7,59.9,22.8,53.7,0.0,0.0,0.0
2026-04-13 19:08:58,29.7,59.9,28.9,53.7,0.0,0.0,0.0
2026-04-13 19:09:03,29.8,59.8,13.9,53.8,0.0,0.0,0.0
2026-04-13 19:09:08,29.7,59.8,32.5,53.8,0.0,0.0,0.0
2026-04-13 19:09:13,29.6,59.9,5.9,53.8,0.0,0.0,0.0
2026-04-13 19:09:18,29.5,59.9,25.4,53.8,0.0,0.0,0.0
2026-04-13 19:09:23,29.6,59.9,12.0,53.8,0.0,0.0,0.0
2026-04-13 19:09:28,29.7,59.8,24.3,53.8,0.0,0.0,0.0
2026-04-13 19:09:33,29.6,59.9,14.0,53.8,0.0,0.0,0.0
2026-04-13 19:09:38,29.7,60.0,23.1,53.9,0.0,0.0,0.0
2026-04-13 19:09:43,29.6,60.0,14.9,53.9,0.0,0.0,0.0
2026-04-13 19:09:48,29.8,60.1,14.7,53.9,0.0,0.0,0.0
2026-04-13 19:09:53,29.7,60.0,16.1,53.8,0.0,0.0,0.0
2026-04-13 19:09:58,29.6,60.1,14.5,53.8,0.0,0.0,0.0
2026-04-13 19:10:03,29.8,60.0,27.2,53.8,0.0,0.0,0.0
2026-04-13 19:10:08,29.8,60.0,7.6,53.8,0.0,0.0,0.0
2026-04-13 19:10:13,29.8,60.0,14.2,53.8,0.0,0.0,0.0
2026-04-13 19:10:18,29.7,60.2,6.9,53.8,0.0,0.0,0.0
2026-04-13 19:10:23,29.6,60.2,20.7,53.8,0.0,0.0,0.0
2026-04-13 19:10:28,29.7,60.3,19.0,53.8,0.0,0.0,0.0
2026-04-13 19:10:33,29.7,60.3,11.3,53.8,0.0,0.0,0.0
2026-04-13 19:10:38,29.6,60.3,18.5,53.8,0.0,0.0,0.0
2026-04-13 19:10:43,29.8,60.4,9.3,53.8,0.0,0.0,0.0
2026-04-13 19:10:48,29.7,60.4,12.8,53.8,0.0,0.0,0.0
2026-04-13 19:10:53,29.7,60.4,0.9,53.8,0.0,0.0,0.0
2026-04-13 19:10:58,29.7,60.4,11.5,53.8,0.0,0.0,0.0
2026-04-13 19:11:03,29.6,60.4,42.4,53.8,0.0,0.0,0.0
2026-04-13 19:11:08,29.7,60.4,31.1,53.8,0.0,0.0,0.0
2026-04-13 19:11:13,29.6,60.4,10.2,53.8,0.0,0.0,0.0
2026-04-13 19:11:18,29.7,60.2,0.0,53.8,0.0,0.0,0.0
2026-04-13 19:11:23,29.7,60.2,27.4,53.8,0.0,0.0,0.0
2026-04-13 19:11:28,29.7,60.1,7.3,53.8,0.0,0.0,0.0
2026-04-13 19:11:33,29.8,60.1,1.9,53.8,0.0,0.0,0.0
2026-04-13 19:11:38,29.6,60.2,29.7,53.8,0.0,0.0,0.0
2026-04-13 19:11:43,29.6,60.2,13.6,53.8,0.0,0.0,0.0
2026-04-13 19:11:48,29.6,60.1,16.5,53.8,0.0,0.0,0.0
2026-04-13 19:11:53,29.6,60.2,25.1,53.8,0.0,0.0,0.0
2026-04-13 19:11:58,29.7,60.2,0.0,53.8,0.0,0.0,0.0
2026-04-13 19:12:03,29.6,60.1,12.2,53.8,0.0,0.0,0.0
2026-04-13 19:12:08,29.8,60.4,15.4,53.8,0.0,0.0,0.0
2026-04-13 19:12:13,29.7,60.1,0.0,53.8,0.0,0.0,0.0
2026-04-13 19:12:18,29.7,60.0,23.0,53.8,0.0,0.0,0.0
2026-04-13 19:12:23,29.6,60.2,21.4,53.8,0.0,0.0,0.0
2026-04-13 19:12:28,29.6,60.2,17.1,53.8,0.0,0.0,0.0
2026-04-13 19:12:33,29.6,60.1,19.8,53.8,0.0,0.0,0.0
2026-04-13 19:12:38,29.6,60.2,16.1,53.8,0.0,0.0,0.0
2026-04-13 19:12:43,29.7,60.1,10.1,53.8,0.0,0.0,0.0
2026-04-13 19:12:48,29.5,60.1,13.7,53.8,0.0,0.0,0.0
2026-04-13 19:12:53,29.7,60.1,20.5,53.8,0.0,0.0,0.0
2026-04-13 19:12:58,29.6,60.2,21.9,53.8,0.0,0.0,0.0
2026-04-13 19:13:03,29.5,60.2,18.6,53.8,0.0,0.0,0.0
2026-04-13 19:13:08,29.8,60.2,24.3,53.8,0.0,0.0,0.0
2026-04-13 19:13:13,29.5,60.2,10.0,53.8,0.0,0.0,0.0
2026-04-13 19:13:18,29.6,60.2,5.4,53.8,0.0,0.0,0.0
2026-04-13 19:13:23,29.8,60.3,24.3,53.8,0.0,0.0,0.0
2026-04-13 19:13:28,29.6,60.2,16.0,53.8,0.0,0.0,0.0
2026-04-13 19:13:33,29.6,60.1,22.3,53.8,0.0,0.0,0.0
2026-04-13 19:13:38,29.6,60.2,15.1,53.8,0.0,0.0,0.0
2026-04-13 19:13:43,29.5,60.0,1.4,53.8,0.0,0.0,0.0
2026-04-13 19:13:48,29.7,60.1,22.3,53.8,0.0,0.0,0.0
2026-04-13 19:13:53,29.5,60.2,29.7,53.8,0.0,0.0,0.0
2026-04-13 19:13:58,29.7,60.3,0.0,53.8,0.0,0.0,0.0
2026-04-13 19:14:03,29.7,60.4,19.9,53.8,0.0,0.0,0.0
2026-04-13 19:14:08,29.7,60.4,5.8,53.8,0.0,0.0,0.0
2026-04-13 19:14:13,29.5,60.4,14.4,53.8,0.0,0.0,0.0
2026-04-13 19:14:18,29.7,60.4,0.0,53.8,0.0,0.0,0.0
2026-04-13 19:14:23,29.7,60.4,26.5,53.8,0.0,0.0,0.0
2026-04-13 19:14:28,29.7,60.4,17.0,53.8,0.0,0.0,0.0
2026-04-13 19:14:33,29.8,60.5,25.2,53.8,0.0,0.0,0.0
2026-04-13 19:14:38,29.7,60.5,21.0,53.8,0.0,0.0,0.0
2026-04-13 19:14:43,29.8,60.4,0.0,53.8,0.0,0.0,0.0
2026-04-13 19:14:48,29.7,60.3,12.1,53.8,0.0,0.0,0.0
2026-04-13 19:14:53,29.7,60.3,14.0,53.8,0.0,0.0,0.0
2026-04-13 19:14:58,29.7,60.3,19.2,53.8,0.0,0.0,0.0
2026-04-13 19:15:03,29.9,60.3,18.7,53.8,0.0,0.0,0.0
2026-04-13 19:15:08,29.6,60.2,0.6,53.8,0.0,0.0,0.0
2026-04-13 19:15:13,29.8,60.2,5.8,53.8,0.0,0.0,0.0
2026-04-13 19:15:18,29.7,60.3,33.3,53.8,0.0,0.0,0.0
2026-04-13 19:15:23,29.5,60.2,29.7,53.8,0.0,0.0,0.0
2026-04-13 19:15:28,29.8,60.2,17.2,53.8,0.0,0.0,0.0
2026-04-13 19:15:33,29.8,60.3,5.3,53.8,0.0,0.0,0.0
2026-04-13 19:15:38,29.6,60.2,12.4,53.8,0.0,0.0,0.0
2026-04-13 19:15:43,29.7,60.3,26.2,53.8,0.0,0.0,0.0
2026-04-13 19:15:48,29.6,60.2,15.3,53.8,0.0,0.0,0.0
2026-04-13 19:15:53,29.7,60.1,3.8,53.8,0.0,0.0,0.0
2026-04-13 19:15:58,29.6,60.2,21.8,53.8,0.0,0.0,0.0
2026-04-13 19:16:03,29.6,60.2,15.4,53.8,0.0,0.0,0.0
2026-04-13 19:16:08,29.6,60.2,8.6,53.8,0.0,0.0,0.0
2026-04-13 19:16:13,29.7,60.3,3.0,53.8,0.0,0.0,0.0
2026-04-13 19:16:18,29.7,60.3,20.2,53.8,0.0,0.0,0.0
2026-04-13 19:16:23,29.8,60.5,18.4,53.8,0.0,0.0,0.0
2026-04-13 19:16:28,29.7,60.5,5.7,53.8,0.0,0.0,0.0
2026-04-13 19:16:33,29.6,60.5,12.4,53.8,0.0,0.0,0.0
2026-04-13 19:16:38,29.8,60.5,8.0,53.8,0.0,0.0,0.0
2026-04-13 19:16:43,29.6,60.6,17.4,53.8,0.0,0.0,0.0
2026-04-13 19:16:48,29.7,60.5,22.9,53.8,0.0,0.0,0.0
2026-04-13 19:16:53,29.8,60.5,5.0,53.8,0.0,0.0,0.0
2026-04-13 19:16:58,29.7,60.3,20.7,53.8,0.0,0.0,0.0
2026-04-13 19:17:03,29.7,60.3,20.2,53.8,0.0,0.0,0.0
2026-04-13 19:17:08,29.8,60.4,17.0,53.8,0.0,0.0,0.0
2026-04-13 19:17:13,29.7,60.4,12.2,53.8,0.0,0.0,0.0
2026-04-13 19:17:18,29.6,60.4,17.1,53.8,0.0,0.0,0.0
2026-04-13 19:17:23,29.7,60.3,16.1,53.8,0.0,0.0,0.0
2026-04-13 19:17:28,29.7,60.2,27.1,53.8,0.0,0.0,0.0
2026-04-13 19:17:33,29.5,60.1,4.0,53.8,0.0,0.0,0.0
2026-04-13 19:17:38,29.6,60.1,12.9,53.8,0.0,0.0,0.0
2026-04-13 19:17:43,29.7,60.1,18.5,53.8,0.0,0.0,0.0
2026-04-13 19:17:48,29.7,60.0,42.3,53.8,0.0,0.0,0.0
2026-04-13 19:17:53,29.6,60.0,9.3,53.8,0.0,0.0,0.0
2026-04-13 19:17:58,29.7,60.2,24.3,53.8,0.0,0.0,0.0
2026-04-13 19:18:03,29.6,60.1,28.4,53.8,0.0,0.0,0.0
2026-04-13 19:18:08,29.6,60.2,25.5,53.8,0.0,0.0,0.0
2026-04-13 19:18:13,29.7,60.3,21.0,53.8,0.0,0.0,0.0
2026-04-13 19:18:18,29.8,60.2,13.5,53.8,0.0,0.0,0.0
2026-04-13 19:18:23,29.6,60.2,9.4,53.7,0.0,0.0,0.0
2026-04-13 19:18:28,29.7,60.2,13.0,53.7,0.0,0.0,0.0
2026-04-13 19:18:33,29.7,60.2,8.7,53.8,0.0,0.0,0.0
2026-04-13 19:18:38,29.7,60.2,23.2,53.8,0.0,0.0,0.0
2026-04-13 19:18:43,29.7,60.1,19.4,53.8,0.0,0.0,0.0
2026-04-13 19:18:48,29.7,60.1,0.0,53.8,0.0,0.0,0.0
2026-04-13 19:18:53,29.7,60.1,6.8,53.8,0.0,0.0,0.0
2026-04-13 19:18:58,29.8,60.1,17.9,53.7,0.0,0.0,0.0
2026-04-13 19:19:03,29.7,60.0,24.2,53.7,0.0,0.0,0.0
2026-04-13 19:19:08,29.6,60.1,12.2,53.7,0.0,0.0,0.0
2026-04-13 19:19:13,29.7,60.1,19.2,53.7,0.0,0.0,0.0
2026-04-13 19:19:18,29.8,60.1,18.0,53.7,0.0,0.0,0.0
2026-04-13 19:19:23,29.8,60.1,21.1,53.7,0.0,0.0,0.0
2026-04-13 19:19:28,29.6,60.1,0.0,53.7,0.0,0.0,0.0
2026-04-13 19:19:33,29.8,60.2,2.1,53.7,0.0,0.0,0.0
2026-04-13 19:19:38,29.7,60.3,39.0,53.7,0.0,0.0,0.0
2026-04-13 19:19:43,29.6,60.4,20.6,53.7,0.0,0.0,0.0
2026-04-13 19:19:48,29.8,60.4,16.7,53.7,0.0,0.0,0.0
2026-04-13 19:19:53,29.8,60.6,27.5,53.7,0.0,0.0,0.0
2026-04-13 19:19:58,29.7,60.4,14.6,53.8,0.0,0.0,0.0
2026-04-13 19:20:03,29.7,60.4,6.7,53.8,0.0,0.0,0.0
2026-04-13 19:20:08,29.6,60.5,36.0,53.8,0.0,0.0,0.0
2026-04-13 19:20:13,29.7,60.5,9.3,53.8,0.0,0.0,0.0
2026-04-13 19:20:18,29.7,60.6,0.0,53.8,0.0,0.0,0.0
2026-04-13 19:20:23,29.7,60.8,,53.8,0.0,0.0,0.0
2026-04-13 19:20:28,29.6,60.8,31.1,53.8,0.0,0.0,0.0
2026-04-13 19:20:33,29.7,60.7,3.7,53.8,0.0,0.0,0.0
2026-04-13 19:20:38,29.8,60.6,16.5,53.8,0.0,0.0,0.0
2026-04-13 19:20:43,29.8,60.5,11.7,53.8,0.0,0.0,0.0
2026-04-13 19:20:48,29.8,60.5,29.1,53.8,0.0,0.0,0.0
2026-04-13 19:20:53,29.6,60.5,22.5,53.8,0.0,0.0,0.0
2026-04-13 19:20:58,29.8,60.7,17.3,53.8,0.0,0.0,0.0
2026-04-13 19:21:03,29.8,60.6,22.6,53.7,0.0,0.0,0.0
2026-04-13 19:21:08,29.7,60.5,8.8,53.7,0.0,0.0,0.0
2026-04-13 19:21:13,29.7,60.6,30.3,53.8,0.0,0.0,0.0
2026-04-13 19:21:18,29.8,60.5,4.8,53.8,0.0,0.0,0.0
2026-04-13 19:21:23,29.7,60.5,35.1,53.8,0.0,0.0,0.0
2026-04-13 19:21:28,29.8,60.5,30.3,53.8,0.0,0.0,0.0
2026-04-13 19:21:33,29.6,60.5,22.6,53.8,0.0,0.0,0.0
2026-04-13 19:21:38,29.7,60.5,9.6,53.7,0.0,0.0,0.0
2026-04-13 19:21:43,29.7,60.5,25.2,53.7,0.0,0.0,0.0
2026-04-13 19:21:48,29.6,60.6,15.5,53.7,0.0,0.0,0.0
2026-04-13 19:21:53,29.7,60.5,13.1,53.7,0.0,0.0,0.0
2026-04-13 19:21:58,29.7,60.5,12.8,53.7,0.0,0.0,0.0
2026-04-13 19:22:03,29.9,60.5,13.2,53.7,0.0,0.0,0.0
2026-04-13 19:22:08,29.6,60.4,22.5,53.7,0.0,0.0,0.0
2026-04-13 19:22:13,29.9,60.5,15.1,53.8,0.0,0.0,0.0
2026-04-13 19:22:18,29.7,60.5,7.4,53.8,0.0,0.0,0.0
2026-04-13 19:22:23,29.8,60.5,30.0,53.8,0.0,0.0,0.0
2026-04-13 19:22:28,29.7,60.6,11.7,53.8,0.0,0.0,0.0
2026-04-13 19:22:33,29.6,60.6,4.9,53.8,0.0,0.0,0.0
2026-04-13 19:22:38,29.7,60.5,21.9,53.8,0.0,0.0,0.0
2026-04-13 19:22:43,29.7,60.6,28.7,53.7,0.0,0.0,0.0
2026-04-13 19:22:48,29.8,60.6,0.0,53.7,0.0,0.0,0.0
2026-04-13 19:22:53,29.7,60.5,13.3,53.8,0.0,0.0,0.0
2026-04-13 19:22:58,29.8,60.3,1.6,53.8,0.0,0.0,0.0
2026-04-13 19:23:03,29.7,60.2,3.6,53.8,0.0,0.0,0.0
2026-04-13 19:23:08,29.8,60.3,34.8,53.8,0.0,0.0,0.0
2026-04-13 19:23:13,29.7,60.3,8.9,53.8,0.0,0.0,0.0
2026-04-13 19:23:18,29.7,60.1,31.5,53.7,0.0,0.0,0.0
2026-04-13 19:23:23,29.8,60.1,25.2,53.7,0.0,0.0,0.0
2026-04-13 19:23:28,29.9,60.0,19.4,53.8,0.0,0.0,0.0
2026-04-13 19:23:33,29.8,59.8,8.9,53.8,0.0,0.0,0.0
2026-04-13 19:23:38,29.7,59.8,38.4,53.8,0.0,0.0,0.0
2026-04-13 19:23:43,29.7,59.9,16.4,53.7,0.0,0.0,0.0
2026-04-13 19:23:48,29.6,59.7,9.1,53.7,0.0,0.0,0.0
2026-04-13 19:23:53,29.8,59.8,5.0,53.8,0.0,0.0,0.0
2026-04-13 19:23:58,29.8,59.6,3.8,53.8,0.0,0.0,0.0
2026-04-13 19:24:03,29.6,59.6,2.5,53.8,0.0,0.0,0.0
2026-04-13 19:24:08,29.6,59.4,2.2,53.8,0.0,0.0,0.0
2026-04-13 19:24:13,29.7,59.6,13.4,53.8,0.0,0.0,0.0
2026-04-13 19:24:18,29.6,59.6,19.7,53.8,0.0,0.0,0.0
2026-04-13 19:24:23,29.7,59.6,6.1,53.8,0.0,0.0,0.0
2026-04-13 19:24:28,29.8,59.6,20.4,53.7,0.0,0.0,0.0
2026-04-13 19:24:33,29.8,59.6,7.3,53.7,0.0,0.0,0.0
2026-04-13 19:24:38,29.6,59.7,17.2,53.7,0.0,0.0,0.0
2026-04-13 19:24:43,29.5,59.6,9.8,53.8,0.0,0.0,0.0
2026-04-13 19:24:48,29.6,59.7,12.1,53.8,0.0,0.0,0.0
2026-04-13 19:24:53,29.7,59.8,11.4,53.8,0.0,0.0,0.0
2026-04-13 19:24:58,29.7,59.9,2.7,53.8,0.0,0.0,0.0
2026-04-13 19:25:03,29.7,59.9,29.4,53.8,0.0,0.0,0.0
2026-04-13 19:25:08,29.7,59.8,7.4,53.8,0.0,0.0,0.0
2026-04-13 19:25:13,29.6,59.8,25.2,53.8,0.0,0.0,0.0
2026-04-13 19:25:18,29.5,59.8,7.7,53.7,0.0,0.0,0.0
2026-04-13 19:25:23,29.6,59.8,16.2,53.7,0.0,0.0,0.0
2026-04-13 19:25:28,29.5,59.9,0.0,53.8,0.0,0.0,0.0
2026-04-13 19:25:33,29.7,59.9,31.3,53.8,0.0,0.0,0.0
2026-04-13 19:25:38,29.6,59.9,12.6,53.7,0.0,0.0,0.0
2026-04-13 19:25:43,29.6,60.0,16.0,53.7,0.0,0.0,0.0
2026-04-13 19:25:48,29.5,60.1,5.2,53.7,0.0,0.0,0.0
2026-04-13 19:25:53,29.6,60.0,0.5,53.7,0.0,0.0,0.0
2026-04-13 19:25:58,29.6,60.1,2.4,53.8,0.0,0.0,0.0
2026-04-13 19:26:03,29.5,60.1,22.2,53.8,0.0,0.0,0.0
2026-04-13 19:26:08,29.7,60.1,11.4,53.7,0.0,0.0,0.0
2026-04-13 19:26:13,29.8,60.1,15.0,53.7,0.0,0.0,0.0
2026-04-13 19:26:18,29.5,60.4,14.3,53.7,0.0,0.0,0.0
2026-04-13 19:26:23,29.7,60.4,11.7,53.7,0.0,0.0,0.0
2026-04-13 19:26:28,29.7,60.4,6.1,53.7,0.0,0.0,0.0
2026-04-13 19:26:33,29.6,60.3,10.9,53.7,0.0,0.0,0.0
2026-04-13 19:26:38,29.6,60.3,4.0,53.7,0.0,0.0,0.0
2026-04-13 19:26:43,29.6,60.4,6.5,53.7,0.0,0.0,0.0
2026-04-13 19:26:48,29.7,60.4,26.7,53.7,0.0,0.0,0.0
2026-04-13 19:26:53,29.7,60.5,13.9,53.7,0.0,0.0,0.0
2026-04-13 19:26:58,29.6,60.4,0.0,53.7,0.0,0.0,0.0
2026-04-13 19:27:03,29.7,60.4,0.7,53.7,0.0,0.0,0.0
2026-04-13 19:27:08,29.7,60.4,20.2,53.7,0.0,0.0,0.0
2026-04-13 19:27:13,29.6,60.5,16.9,53.7,0.0,0.0,0.0
2026-04-13 19:27:18,29.6,60.5,12.8,53.7,0.0,0.0,0.0
2026-04-13 19:27:23,29.4,60.4,23.5,53.7,0.0,0.0,0.0
2026-04-13 19:27:28,29.7,60.3,18.9,53.7,0.0,0.0,0.0
2026-04-13 19:27:33,29.6,60.3,13.9,53.7,0.0,0.0,0.0
2026-04-13 19:27:38,29.5,60.2,5.7,53.7,0.0,0.0,0.0
2026-04-13 19:27:43,29.6,60.3,18.6,53.7,0.0,0.0,0.0
2026-04-13 19:27:48,29.6,60.3,28.3,53.7,0.0,0.0,0.0
2026-04-13 19:27:53,29.6,60.4,5.4,53.7,0.0,0.0,0.0
2026-04-13 19:27:58,29.6,60.4,0.0,53.8,0.0,0.0,0.0
2026-04-13 19:28:03,29.7,60.2,15.7,53.8,0.0,0.0,0.0
2026-04-13 19:28:08,29.7,60.1,13.9,53.8,0.0,0.0,0.0
2026-04-13 19:28:13,29.6,60.0,14.2,53.7,0.0,0.0,0.0
2026-04-13 19:28:18,29.6,60.0,0.0,53.7,0.0,0.0,0.0
2026-04-13 19:28:23,29.7,60.1,48.6,53.7,0.0,0.0,0.0
2026-04-13 19:28:28,29.4,60.0,24.1,53.7,0.0,0.0,0.0
2026-04-13 19:28:33,29.5,60.1,24.0,53.7,0.0,0.0,0.0
2026-04-13 19:28:38,29.5,60.2,15.7,53.7,0.0,0.0,0.0
2026-04-13 19:28:43,29.7,60.2,10.8,53.7,0.0,0.0,0.0
2026-04-13 19:28:48,29.7,60.3,6.0,53.7,0.0,0.0,0.0
2026-04-13 19:28:53,29.5,60.2,27.1,53.7,0.0,0.0,0.0
2026-04-13 19:28:58,29.5,60.2,6.1,53.7,0.0,0.0,0.0
2026-04-13 19:29:03,29.5,60.2,13.4,53.7,0.0,0.0,0.0
2026-04-13 19:29:08,29.6,60.3,0.0,53.7,0.0,0.0,0.0
2026-04-13 19:29:13,29.7,60.4,20.8,53.7,0.0,0.0,0.0
2026-04-13 19:29:18,29.6,60.5,15.5,53.7,0.0,0.0,0.0
2026-04-13 19:29:23,29.6,60.4,13.3,53.7,0.0,0.0,0.0
2026-04-13 19:29:28,29.6,60.3,12.2,53.8,0.0,0.0,0.0
2026-04-13 19:29:33,29.6,60.2,0.0,53.8,0.0,0.0,0.0
2026-04-13 19:29:38,29.6,60.1,28.6,53.7,0.0,0.0,0.0
2026-04-13 19:29:43,29.6,60.2,3.7,53.7,0.0,0.0,0.0
2026-04-13 19:29:48,29.5,60.1,28.0,53.7,0.0,0.0,0.0
2026-04-13 19:29:53,29.6,60.1,12.6,53.7,0.0,0.0,0.0
2026-04-13 19:29:58,29.6,60.1,8.6,53.7,0.0,0.0,0.0
2026-04-13 19:30:03,29.5,60.0,16.1,53.7,0.0,0.0,0.0
2026-04-13 19:30:08,29.5,60.1,20.3,53.7,0.0,0.0,0.0
2026-04-13 19:30:13,29.6,59.9,23.8,53.7,0.0,0.0,0.0
2026-04-13 19:30:18,29.6,59.8,10.6,53.7,0.0,0.0,0.0
2026-04-13 19:30:23,29.6,59.8,8.6,53.7,0.0,0.0,0.0
2026-04-13 19:30:28,29.5,59.9,14.5,53.7,0.0,0.0,0.0
2026-04-13 19:30:33,29.7,59.8,25.8,53.7,0.0,0.0,0.0
2026-04-13 19:30:38,29.6,60.0,0.0,53.7,0.0,0.0,0.0
2026-04-13 19:30:43,29.6,59.9,4.0,53.7,0.0,0.0,0.0
2026-04-13 19:30:48,29.6,59.8,13.2,53.7,0.0,0.0,0.0
2026-04-13 19:30:53,29.5,59.8,20.6,53.7,0.0,0.0,0.0
2026-04-13 19:30:58,29.5,59.6,3.0,53.7,0.0,0.0,0.0
2026-04-13 19:31:03,29.6,59.7,8.3,53.7,0.0,0.0,0.0
2026-04-13 19:31:08,29.5,59.9,7.6,53.7,0.0,0.0,0.0
2026-04-13 19:31:13,29.6,59.9,19.6,53.7,0.0,0.0,0.0
2026-04-13 19:31:18,29.5,60.1,17.0,53.7,0.0,0.0,0.0
2026-04-13 19:31:23,29.6,60.0,9.7,53.7,0.0,0.0,0.0
2026-04-13 19:31:28,29.4,60.0,26.5,53.7,0.0,0.0,0.0
2026-04-13 19:31:33,29.6,59.9,8.0,53.7,0.0,0.0,0.0
2026-04-13 19:31:38,29.5,60.1,8.6,53.7,0.0,0.0,0.0
2026-04-13 19:31:43,29.5,60.2,23.5,53.7,0.0,0.0,0.0
2026-04-13 19:31:48,29.7,60.2,26.3,53.7,0.0,0.0,0.0
2026-04-13 19:31:53,29.6,60.3,35.0,53.7,0.0,0.0,0.0
2026-04-13 19:31:58,29.7,60.3,2.5,53.7,0.0,0.0,0.0
2026-04-13 19:32:03,29.5,60.3,27.0,53.7,0.0,0.0,0.0
2026-04-13 19:32:08,29.7,60.3,18.5,53.7,0.0,0.0,0.0
2026-04-13 19:32:13,29.6,60.2,5.5,53.7,0.0,0.0,0.0
2026-04-13 19:32:18,29.6,60.2,31.0,53.8,0.0,0.0,0.0
2026-04-13 19:32:23,29.6,60.3,26.8,53.8,0.0,0.0,0.0
2026-04-13 19:32:28,29.5,60.2,7.9,53.7,0.0,0.0,0.0
2026-04-13 19:32:33,29.6,60.3,14.4,53.7,0.0,0.0,0.0
2026-04-13 19:32:38,29.4,60.3,0.0,53.7,0.0,0.0,0.0
2026-04-13 19:32:43,29.6,60.4,31.6,53.7,0.0,0.0,0.0
2026-04-13 19:32:48,29.4,60.5,7.5,53.7,0.0,0.0,0.0
2026-04-13 19:32:53,29.5,60.4,35.3,53.7,0.0,0.0,0.0
2026-04-13 19:32:58,29.7,60.2,17.4,53.7,0.0,0.0,0.0
2026-04-13 19:33:03,29.5,60.3,0.0,53.7,0.0,0.0,0.0
2026-04-13 19:33:08,29.5,60.4,27.6,53.7,0.0,0.0,0.0
2026-04-13 19:33:13,29.5,60.3,9.1,53.7,0.0,0.0,0.0
2026-04-13 19:33:18,29.6,60.2,25.6,53.7,0.0,0.0,0.0
2026-04-13 19:33:23,29.6,60.2,17.2,53.7,0.0,0.0,0.0
2026-04-13 19:33:28,29.4,60.2,19.3,53.7,0.0,0.0,0.0
2026-04-13 19:33:33,29.6,60.2,29.0,53.7,0.0,0.0,0.0
2026-04-13 19:33:38,29.6,60.1,19.2,53.7,0.0,0.0,0.0
2026-04-13 19:33:43,29.6,60.3,0.0,53.7,0.0,0.0,0.0
2026-04-13 19:33:48,29.4,60.2,17.0,53.7,0.0,0.0,0.0
2026-04-13 19:33:53,29.5,60.3,23.3,53.7,0.0,0.0,0.0
2026-04-13 19:33:58,29.6,60.1,17.5,53.7,0.0,0.0,0.0
2026-04-13 19:34:03,29.7,60.1,21.2,53.7,0.0,0.0,0.0
2026-04-13 19:34:08,29.7,60.0,20.0,53.7,0.0,0.0,0.0
2026-04-13 19:34:13,29.5,60.1,24.7,53.7,0.0,0.0,0.0
2026-04-13 19:34:18,29.6,60.1,30.8,53.7,0.0,0.0,0.0
2026-04-13 19:34:23,29.7,59.8,0.0,53.8,0.0,0.0,0.0
2026-04-13 19:34:28,29.7,59.8,29.0,53.8,0.0,0.0,0.0
2026-04-13 19:34:33,29.7,59.9,25.7,53.8,0.0,0.0,0.0
2026-04-13 19:34:38,29.6,59.9,26.5,53.8,0.0,0.0,0.0
2026-04-13 19:34:43,29.8,59.9,18.3,53.8,0.0,0.0,0.0
2026-04-13 19:34:48,29.5,59.9,19.2,53.8,0.0,0.0,0.0
2026-04-13 19:34:53,29.5,59.9,21.7,53.7,0.0,0.0,0.0
2026-04-13 19:34:58,29.6,59.9,6.9,53.7,0.0,0.0,0.0
2026-04-13 19:35:03,29.6,60.0,10.7,53.7,0.0,0.0,0.0
2026-04-13 19:35:08,29.5,60.1,11.5,53.7,0.0,0.0,0.0
2026-04-13 19:35:13,29.5,60.1,1.8,53.7,0.0,0.0,0.0
2026-04-13 19:35:18,29.5,60.1,26.0,53.7,0.0,0.0,0.0
2026-04-13 19:35:23,29.6,60.2,18.8,53.7,0.0,0.0,0.0
2026-04-13 19:35:28,29.7,60.1,42.9,53.7,0.0,0.0,0.0
2026-04-13 19:35:33,29.5,60.2,0.0,53.7,0.0,0.0,0.0
2026-04-13 19:35:38,29.6,60.4,11.6,53.8,0.0,0.0,0.0
2026-04-13 19:35:43,29.5,60.3,27.7,53.8,0.0,0.0,0.0
2026-04-13 19:35:48,29.5,60.4,2.6,53.8,0.0,0.0,0.0
2026-04-13 19:35:53,29.6,60.5,7.0,53.7,0.0,0.0,0.0
2026-04-13 19:35:58,29.5,60.6,10.8,53.7,0.0,0.0,0.0
2026-04-13 19:36:03,29.7,60.6,7.6,53.7,0.0,0.0,0.0
2026-04-13 19:36:08,29.6,60.4,0.0,53.7,0.0,0.0,0.0
2026-04-13 19:36:13,29.6,60.4,10.3,53.7,0.0,0.0,0.0
2026-04-13 19:36:18,29.6,60.4,29.7,53.7,0.0,0.0,0.0
2026-04-13 19:36:23,29.6,60.4,22.4,53.7,0.0,0.0,0.0
2026-04-13 19:36:28,29.5,60.2,28.0,53.7,0.0,0.0,0.0
2026-04-13 19:36:33,29.5,60.1,23.1,53.7,0.0,0.0,0.0
2026-04-13 19:36:38,29.4,60.1,20.2,53.7,0.0,0.0,0.0
2026-04-13 19:36:43,29.6,60.1,0.8,53.7,0.0,0.0,0.0
2026-04-13 19:36:48,29.5,60.1,20.8,53.7,0.0,0.0,0.0
2026-04-13 19:36:53,29.5,60.1,8.1,53.7,0.0,0.0,0.0
2026-04-13 19:36:58,29.6,60.1,7.5,53.7,0.0,0.0,0.0
2026-04-13 19:37:03,29.7,60.2,35.5,53.7,0.0,0.0,0.0
2026-04-13 19:37:08,29.5,60.2,15.4,53.7,0.0,0.0,0.0
2026-04-13 19:37:13,29.5,60.1,0.4,53.7,0.0,0.0,0.0
2026-04-13 19:37:18,29.7,60.1,13.0,53.7,0.0,0.0,0.0
2026-04-13 19:37:23,29.6,60.0,17.5,53.8,0.0,0.0,0.0
2026-04-13 19:37:28,29.5,60.2,25.2,53.8,0.0,0.0,0.0
2026-04-13 19:37:33,29.6,60.2,17.6,53.8,0.0,0.0,0.0
2026-04-13 19:37:38,29.6,60.3,26.9,53.7,0.0,0.0,0.0
2026-04-13 19:37:43,29.5,60.2,18.2,53.7,0.0,0.0,0.0
2026-04-13 19:37:48,29.6,60.2,17.6,53.7,0.0,0.0,0.0
2026-04-13 19:37:53,29.6,60.2,16.5,53.7,0.0,0.0,0.0
2026-04-13 19:37:58,29.6,60.2,9.5,53.7,0.0,0.0,0.0
2026-04-13 19:38:03,29.5,60.3,36.8,53.7,0.0,0.0,0.0
2026-04-13 19:38:08,29.5,60.4,12.0,53.7,0.0,0.0,0.0
2026-04-13 19:38:13,29.5,60.4,7.0,53.7,0.0,0.0,0.0
2026-04-13 19:38:18,29.5,60.5,13.0,53.7,0.0,0.0,0.0
2026-04-13 19:38:23,29.6,60.3,4.4,53.7,0.0,0.0,0.0
2026-04-13 19:38:28,29.7,60.2,13.7,53.7,0.0,0.0,0.0
2026-04-13 19:38:33,29.6,60.3,5.0,53.7,0.0,0.0,0.0
2026-04-13 19:38:38,29.6,60.3,11.7,53.7,0.0,0.0,0.0
2026-04-13 19:38:43,29.5,60.5,19.8,53.7,0.0,0.0,0.0
2026-04-13 19:38:48,29.6,60.5,0.0,53.7,0.0,0.0,0.0
2026-04-13 19:38:53,29.5,60.4,11.2,53.7,0.0,0.0,0.0
2026-04-13 19:38:58,29.5,60.3,0.0,53.7,0.0,0.0,0.0
2026-04-13 19:39:03,29.6,60.3,5.0,53.7,0.0,0.0,0.0
2026-04-13 19:39:08,29.6,60.2,27.1,53.7,0.0,0.0,0.0
2026-04-13 19:39:13,29.6,60.0,19.9,53.8,0.0,0.0,0.0
2026-04-13 19:39:18,29.5,60.1,25.9,53.8,0.0,0.0,0.0
2026-04-13 19:39:23,29.7,60.0,17.3,53.8,0.0,0.0,0.0
2026-04-13 19:39:28,29.6,60.1,18.4,53.8,0.0,0.0,0.0
2026-04-13 19:39:33,29.7,60.2,23.0,53.7,0.0,0.0,0.0
2026-04-13 19:39:38,29.5,60.3,9.2,53.7,0.0,0.0,0.0
2026-04-13 19:39:43,29.6,60.3,0.0,53.7,0.0,0.0,0.0
2026-04-13 19:39:48,29.5,60.3,5.7,53.7,0.0,0.0,0.0
2026-04-13 19:39:53,29.6,60.3,22.0,53.7,0.0,0.0,0.0
2026-04-13 19:39:58,29.5,60.1,20.1,53.7,0.0,0.0,0.0
2026-04-13 19:40:03,29.5,60.3,7.9,53.7,0.0,0.0,0.0
2026-04-13 19:40:08,29.4,60.2,18.1,53.7,0.0,0.0,0.0
2026-04-13 19:40:13,29.6,60.2,24.7,53.8,0.0,0.0,0.0
2026-04-13 19:40:18,29.6,60.2,17.1,53.8,0.0,0.0,0.0
2026-04-13 19:40:23,29.4,60.2,11.5,53.7,0.0,0.0,0.0
2026-04-13 19:40:28,29.5,60.3,2.4,53.7,0.0,0.0,0.0
2026-04-13 19:40:33,29.4,60.3,24.3,53.7,0.0,0.0,0.0
2026-04-13 19:40:38,29.5,60.3,21.4,53.7,0.0,0.0,0.0
2026-04-13 19:40:43,29.5,60.3,18.0,53.7,0.0,0.0,0.0
2026-04-13 19:40:48,29.6,60.2,19.5,53.7,0.0,0.0,0.0
2026-04-13 19:40:53,29.5,60.3,16.8,53.7,0.0,0.0,0.0
2026-04-13 19:40:58,29.6,60.3,15.3,53.7,0.0,0.0,0.0
2026-04-13 19:41:03,29.6,60.2,18.8,53.7,0.0,0.0,0.0
2026-04-13 19:41:08,29.4,60.3,5.1,53.7,0.0,0.0,0.0
2026-04-13 19:41:13,29.5,60.4,0.0,53.7,0.0,0.0,0.0
2026-04-13 19:41:18,29.5,60.3,16.5,53.7,0.0,0.0,0.0
2026-04-13 19:41:23,29.5,60.1,6.5,53.7,0.0,0.0,0.0
2026-04-13 19:41:28,29.4,60.2,4.8,53.7,0.0,0.0,0.0
2026-04-13 19:41:33,29.6,60.1,5.6,53.7,0.0,0.0,0.0
2026-04-13 19:41:38,29.4,60.2,0.0,53.7,0.0,0.0,0.0
2026-04-13 19:41:43,29.5,60.1,16.5,53.7,0.0,0.0,0.0
2026-04-13 19:41:48,29.5,60.2,10.5,53.7,0.0,0.0,0.0
2026-04-13 19:41:53,29.4,60.4,0.0,53.7,0.0,0.0,0.0
2026-04-13 19:41:58,29.4,60.4,0.0,53.7,0.0,0.0,0.0
2026-04-13 19:42:03,29.5,60.4,3.5,53.7,0.0,0.0,0.0
2026-04-13 19:42:08,29.4,60.6,9.2,53.7,0.0,0.0,0.0
2026-04-13 19:42:13,29.5,60.6,37.2,53.7,0.0,0.0,0.0
2026-04-13 19:42:18,29.5,60.8,2.6,53.7,0.0,0.0,0.0
2026-04-13 19:42:23,29.6,60.8,19.5,53.7,0.0,0.0,0.0
2026-04-13 19:42:28,29.5,60.8,32.8,53.7,0.0,0.0,0.0
2026-04-13 19:42:33,29.5,60.8,17.2,53.7,0.0,0.0,0.0
2026-04-13 19:42:38,29.6,60.8,18.3,53.7,0.0,0.0,0.0
2026-04-13 19:42:43,29.5,60.8,4.7,53.7,0.0,0.0,0.0
2026-04-13 19:42:48,29.5,60.8,8.1,53.7,0.0,0.0,0.0
2026-04-13 19:42:53,29.4,60.8,2.3,53.7,0.0,0.0,0.0
2026-04-13 19:42:58,29.5,60.8,17.7,53.7,0.0,0.0,0.0
2026-04-13 19:43:03,29.4,60.6,25.1,53.7,0.0,0.0,0.0
2026-04-13 19:43:08,29.4,60.7,16.1,53.7,0.0,0.0,0.0
2026-04-13 19:43:13,29.5,60.8,8.2,53.7,0.0,0.0,0.0
2026-04-13 19:43:18,29.5,60.8,25.7,53.7,0.0,0.0,0.0
2026-04-13 19:43:23,29.5,60.7,7.9,53.7,0.0,0.0,0.0
2026-04-13 19:43:28,29.3,60.6,25.5,53.7,0.0,0.0,0.0
2026-04-13 19:43:33,29.5,60.7,11.9,53.7,0.0,0.0,0.0
2026-04-13 19:43:38,29.5,60.8,33.9,53.7,0.0,0.0,0.0
2026-04-13 19:43:43,29.4,60.7,19.0,53.7,0.0,0.0,0.0
2026-04-13 19:43:48,29.5,60.7,11.5,53.7,0.0,0.0,0.0
2026-04-13 19:43:53,29.4,60.6,8.3,53.7,0.0,0.0,0.0
2026-04-13 19:43:58,29.5,60.6,15.3,53.7,0.0,0.0,0.0
2026-04-13 19:44:03,29.5,60.6,0.0,53.7,0.0,0.0,0.0
2026-04-13 19:44:08,29.4,60.7,15.5,53.7,0.0,0.0,0.0
2026-04-13 19:44:13,29.5,60.6,35.9,53.7,0.0,0.0,0.0
2026-04-13 19:44:18,29.5,60.6,22.9,53.8,0.0,0.0,0.0
2026-04-13 19:44:23,29.5,60.6,22.0,53.8,0.0,0.0,0.0
2026-04-13 19:44:28,29.6,60.6,2.8,53.8,0.0,0.0,0.0
2026-04-13 19:44:33,29.5,60.6,20.7,53.8,0.0,0.0,0.0
2026-04-13 19:44:38,29.3,60.5,4.4,53.8,0.0,0.0,0.0
2026-04-13 19:44:43,29.5,60.7,32.9,53.8,0.0,0.0,0.0
2026-04-13 19:44:48,29.3,60.8,33.3,53.7,0.0,0.0,0.0
2026-04-13 19:44:53,29.4,60.7,14.2,53.7,0.0,0.0,0.0
2026-04-13 19:44:58,29.4,60.6,18.7,53.7,0.0,0.0,0.0
2026-04-13 19:45:03,29.4,60.6,22.0,53.7,0.0,0.0,0.0
2026-04-13 19:45:08,29.5,60.6,15.7,53.7,0.0,0.0,0.0
2026-04-13 19:45:13,29.4,60.7,11.4,53.7,0.0,0.0,0.0
2026-04-13 19:45:18,29.4,60.7,15.5,53.7,0.0,0.0,0.0
2026-04-13 19:45:23,29.4,60.8,14.2,53.7,0.0,0.0,0.0
2026-04-13 19:45:28,29.6,60.7,15.6,53.7,0.0,0.0,0.0
2026-04-13 19:45:33,29.5,60.6,1.3,53.7,0.0,0.0,0.0
2026-04-13 19:45:38,29.3,60.5,9.5,53.7,0.0,0.0,0.0
2026-04-13 19:45:43,29.4,60.5,0.3,53.7,0.0,0.0,0.0
2026-04-13 19:45:48,29.5,60.4,16.3,53.7,0.0,0.0,0.0
2026-04-13 19:45:53,29.6,60.4,0.0,53.7,0.0,0.0,0.0
2026-04-13 19:45:58,29.5,60.3,0.0,53.7,0.0,0.0,0.0
2026-04-13 19:46:03,29.4,60.3,7.6,53.7,0.0,0.0,0.0
2026-04-13 19:46:08,29.5,60.4,1.2,53.7,0.0,0.0,0.0
2026-04-13 19:46:13,29.4,60.4,20.7,53.7,0.0,0.0,0.0
2026-04-13 19:46:18,29.4,60.4,17.9,53.7,0.0,0.0,0.0
2026-04-13 19:46:23,29.5,60.4,30.5,53.7,0.0,0.0,0.0
2026-04-13 19:46:28,29.4,60.4,29.1,53.7,0.0,0.0,0.0
2026-04-13 19:46:33,29.4,60.4,16.3,53.7,0.0,0.0,0.0
2026-04-13 19:46:38,29.4,60.4,3.7,53.7,0.0,0.0,0.0
2026-04-13 19:46:43,29.6,60.3,0.3,53.7,0.0,0.0,0.0
2026-04-13 19:46:48,29.4,60.5,15.4,53.7,0.0,0.0,0.0
2026-04-13 19:46:53,29.5,60.3,3.8,53.7,0.0,0.0,0.0
2026-04-13 19:46:58,29.4,60.4,32.2,53.7,0.0,0.0,0.0
2026-04-13 19:47:03,29.5,60.4,9.0,53.7,0.0,0.0,0.0
2026-04-13 19:47:08,29.4,60.4,13.4,53.7,0.0,0.0,0.0
2026-04-13 19:47:13,29.5,60.5,18.3,53.7,0.0,0.0,0.0
2026-04-13 19:47:18,29.5,60.4,16.8,53.7,0.0,0.0,0.0
2026-04-13 19:47:23,29.4,60.6,21.1,53.7,0.0,0.0,0.0
2026-04-13 19:47:28,29.4,60.5,7.3,53.7,0.0,0.0,0.0
2026-04-13 19:47:33,29.5,60.6,2.0,53.7,0.0,0.0,0.0
2026-04-13 19:47:38,29.4,60.6,48.8,53.7,0.0,0.0,0.0
2026-04-13 19:47:43,29.5,60.7,17.2,53.7,0.0,0.0,0.0
2026-04-13 19:47:48,29.4,60.7,4.5,53.7,0.0,0.0,0.0
2026-04-13 19:47:53,29.3,60.8,15.0,53.7,0.0,0.0,0.0
2026-04-13 19:47:58,29.4,60.9,30.8,53.7,0.0,0.0,0.0
2026-04-13 19:48:03,29.4,60.8,12.2,53.7,0.0,0.0,0.0
2026-04-13 19:48:08,29.3,60.8,0.0,53.7,0.0,0.0,0.0
2026-04-13 19:48:13,29.3,60.9,0.0,53.7,0.0,0.0,0.0
2026-04-13 19:48:18,29.4,60.9,13.9,53.7,0.0,0.0,0.0
2026-04-13 19:48:23,29.5,60.9,29.2,53.7,0.0,0.0,0.0
2026-04-13 19:48:28,29.5,60.7,14.7,53.7,0.0,0.0,0.0
2026-04-13 19:48:33,29.4,60.7,29.2,53.7,0.0,0.0,0.0
2026-04-13 19:48:38,29.5,60.5,17.1,53.7,0.0,0.0,0.0
2026-04-13 19:48:43,29.5,60.6,12.9,53.7,0.0,0.0,0.0
2026-04-13 19:48:48,29.4,60.5,17.2,53.7,0.0,0.0,0.0
2026-04-13 19:48:53,29.5,60.5,5.4,53.7,0.0,0.0,0.0
2026-04-13 19:48:58,29.5,60.5,2.4,53.7,0.0,0.0,0.0
2026-04-13 19:49:03,29.3,60.4,1.3,53.7,0.0,0.0,0.0
2026-04-13 19:49:08,29.4,60.5,25.6,53.7,0.0,0.0,0.0
2026-04-13 19:49:13,29.4,60.5,7.9,53.7,0.0,0.0,0.0
2026-04-13 19:49:18,29.4,60.5,0.0,53.7,0.0,0.0,0.0
2026-04-13 19:49:23,29.3,60.6,0.0,53.8,0.0,0.0,0.0
2026-04-13 19:49:28,29.3,60.5,19.3,53.8,0.0,0.0,0.0
2026-04-13 19:49:33,29.5,60.6,0.0,53.7,0.0,0.0,0.0
2026-04-13 19:49:38,29.4,60.5,23.3,53.7,0.0,0.0,0.0
2026-04-13 19:49:43,29.4,60.6,2.1,53.7,0.0,0.0,0.0
2026-04-13 19:49:48,29.5,60.5,19.7,53.7,0.0,0.0,0.0
2026-04-13 19:49:53,29.4,60.6,25.7,53.7,0.0,0.0,0.0
2026-04-13 19:49:58,29.6,60.6,3.8,53.7,0.0,0.0,0.0
2026-04-13 19:50:03,29.4,60.6,27.5,53.7,0.0,0.0,0.0
2026-04-13 19:50:08,29.4,60.6,3.9,53.7,0.0,0.0,0.0
2026-04-13 19:50:13,29.5,60.6,0.0,53.7,0.0,0.0,0.0
2026-04-13 19:50:18,29.5,60.6,22.7,53.7,0.0,0.0,0.0
2026-04-13 19:50:23,29.4,60.6,7.3,53.7,0.0,0.0,0.0
2026-04-13 19:50:28,29.4,60.5,5.3,53.7,0.0,0.0,0.0
2026-04-13 19:50:33,29.5,60.5,19.5,53.7,0.0,0.0,0.0
2026-04-13 19:50:38,29.4,60.7,9.0,53.7,0.0,0.0,0.0
2026-04-13 19:50:43,29.4,60.8,22.1,53.7,0.0,0.0,0.0
2026-04-13 19:50:48,29.6,60.8,24.0,53.7,0.0,0.0,0.0
2026-04-13 19:50:53,29.4,60.8,19.8,53.7,0.0,0.0,0.0
2026-04-13 19:50:58,29.3,60.8,23.6,53.8,0.0,0.0,0.0
2026-04-13 19:51:03,29.5,60.7,5.4,53.8,0.0,0.0,0.0
2026-04-13 19:51:08,29.5,60.7,17.5,53.8,0.0,0.0,0.0
2026-04-13 19:51:13,29.5,60.7,7.1,53.8,0.0,0.0,0.0
2026-04-13 19:51:18,29.4,60.8,24.8,53.8,0.0,0.0,0.0
2026-04-13 19:51:23,29.5,60.7,10.8,53.7,0.0,0.0,0.0
2026-04-13 19:51:28,29.3,60.7,40.5,53.7,0.0,0.0,0.0
2026-04-13 19:51:33,29.4,60.8,3.1,53.7,0.0,0.0,0.0
2026-04-13 19:51:38,29.5,60.7,5.4,53.7,0.0,0.0,0.0
2026-04-13 19:51:43,29.4,60.7,27.8,53.7,0.0,0.0,0.0
2026-04-13 19:51:48,29.4,60.6,0.0,53.7,0.0,0.0,0.0
2026-04-13 19:51:53,29.5,60.7,15.5,53.7,0.0,0.0,0.0
2026-04-13 19:51:58,29.5,60.7,12.3,53.7,0.0,0.0,0.0
2026-04-13 19:52:03,29.3,60.8,17.9,53.7,0.0,0.0,0.0
2026-04-13 19:52:08,29.4,60.7,21.4,53.7,0.0,0.0,0.0
2026-04-13 19:52:13,29.4,60.7,24.1,53.7,0.0,0.0,0.0
2026-04-13 19:52:18,29.5,60.5,21.3,53.7,0.0,0.0,0.0
2026-04-13 19:52:23,29.5,60.6,16.7,53.8,0.0,0.0,0.0
2026-04-13 19:52:28,29.5,60.6,3.4,53.8,0.0,0.0,0.0
2026-04-13 19:52:33,29.6,60.6,10.4,53.8,0.0,0.0,0.0
2026-04-13 19:52:38,29.5,60.6,9.1,53.8,0.0,0.0,0.0
2026-04-13 19:52:43,29.4,60.6,23.7,53.7,0.0,0.0,0.0
2026-04-13 19:52:48,29.4,60.8,1.2,53.7,0.0,0.0,0.0
2026-04-13 19:52:53,29.5,60.8,21.0,53.8,0.0,0.0,0.0
2026-04-13 19:52:58,29.5,60.8,25.2,53.8,0.0,0.0,0.0
2026-04-13 19:53:03,29.4,60.8,0.0,53.8,0.0,0.0,0.0
2026-04-13 19:53:08,29.4,60.7,8.2,53.8,0.0,0.0,0.0
2026-04-13 19:53:13,29.4,60.5,9.6,53.8,0.0,0.0,0.0
2026-04-13 19:53:18,29.4,60.4,2.4,53.7,0.0,0.0,0.0
2026-04-13 19:53:23,29.4,60.4,21.4,53.7,0.0,0.0,0.0
2026-04-13 19:53:28,29.5,60.3,18.3,53.7,0.0,0.0,0.0
2026-04-13 19:53:33,29.4,60.2,4.8,53.7,0.0,0.0,0.0
2026-04-13 19:53:38,29.4,60.4,9.1,53.7,0.0,0.0,0.0
2026-04-13 19:53:43,29.5,60.4,8.6,53.7,0.0,0.0,0.0
2026-04-13 19:53:48,29.4,60.4,29.8,53.7,0.0,0.0,0.0
2026-04-13 19:53:53,29.5,60.4,0.0,53.7,0.0,0.0,0.0
2026-04-13 19:53:58,29.5,60.4,13.9,53.7,0.0,0.0,0.0
2026-04-13 19:54:03,29.6,60.4,10.6,53.7,0.0,0.0,0.0
2026-04-13 19:54:08,29.5,60.3,19.7,53.7,0.0,0.0,0.0
2026-04-13 19:54:13,29.4,60.3,11.9,53.7,0.0,0.0,0.0
2026-04-13 19:54:18,29.5,60.2,13.6,53.7,0.0,0.0,0.0
2026-04-13 19:54:23,29.4,60.3,0.0,53.7,0.0,0.0,0.0
2026-04-13 19:54:28,29.4,60.5,6.7,53.7,0.0,0.0,0.0
2026-04-13 19:54:33,29.4,60.6,20.4,53.7,0.0,0.0,0.0
2026-04-13 19:54:38,29.4,60.5,21.4,53.7,0.0,0.0,0.0
2026-04-13 19:54:43,29.5,60.5,31.4,53.7,0.0,0.0,0.0
2026-04-13 19:54:48,29.5,60.4,24.2,53.7,0.0,0.0,0.0
2026-04-13 19:54:53,29.3,60.5,16.0,53.7,0.0,0.0,0.0
2026-04-13 19:54:58,29.4,60.5,15.2,53.7,0.0,0.0,0.0
2026-04-13 19:55:03,29.4,60.4,3.2,53.7,0.0,0.0,0.0
2026-04-13 19:55:08,29.6,60.3,25.2,53.7,0.0,0.0,0.0
2026-04-13 19:55:13,29.5,60.4,22.8,53.7,0.0,0.0,0.0
2026-04-13 19:55:18,29.4,60.4,39.9,53.7,0.0,0.0,0.0
2026-04-13 19:55:23,29.4,60.3,7.7,53.7,0.0,0.0,0.0
2026-04-13 19:55:28,29.5,60.3,26.8,53.7,0.0,0.0,0.0
2026-04-13 19:55:33,29.4,60.3,13.6,53.8,0.0,0.0,0.0
2026-04-13 19:55:38,29.5,60.3,4.6,53.8,0.0,0.0,0.0
2026-04-13 19:55:43,29.4,60.3,6.3,53.8,0.0,0.0,0.0
2026-04-13 19:55:48,29.5,60.2,5.6,53.8,0.0,0.0,0.0
2026-04-13 19:55:53,29.4,60.2,16.6,53.8,0.0,0.0,0.0
2026-04-13 19:55:58,29.4,60.2,17.6,53.7,0.0,0.0,0.0
2026-04-13 19:56:03,29.3,60.3,22.5,53.7,0.0,0.0,0.0
2026-04-13 19:56:08,29.3,60.1,27.1,53.7,0.0,0.0,0.0
2026-04-13 19:56:13,29.4,60.0,13.9,53.7,0.0,0.0,0.0
2026-04-13 19:56:18,29.5,60.0,12.4,53.7,0.0,0.0,0.0
2026-04-13 19:56:23,29.5,59.9,4.6,53.7,0.0,0.0,0.0
2026-04-13 19:56:28,29.4,59.9,13.7,53.7,0.0,0.0,0.0
2026-04-13 19:56:33,29.5,60.0,9.4,53.7,0.0,0.0,0.0
2026-04-13 19:56:38,29.5,60.0,24.9,53.7,0.0,0.0,0.0
2026-04-13 19:56:43,29.3,60.0,15.2,53.7,0.0,0.0,0.0
2026-04-13 19:56:48,29.3,60.0,7.4,53.8,0.0,0.0,0.0
2026-04-13 19:56:53,29.4,60.0,18.3,53.8,0.0,0.0,0.0
2026-04-13 19:56:58,29.4,60.0,13.5,53.8,0.0,0.0,0.0
2026-04-13 19:57:03,29.5,59.9,29.4,53.8,0.0,0.0,0.0
2026-04-13 19:57:08,29.4,59.9,26.6,53.8,0.0,0.0,0.0
2026-04-13 19:57:13,29.5,59.8,19.8,53.8,0.0,0.0,0.0
2026-04-13 19:57:18,29.4,59.8,22.0,53.8,0.0,0.0,0.0
2026-04-13 19:57:23,29.6,59.8,7.0,53.8,0.0,0.0,0.0
2026-04-13 19:57:28,29.5,59.9,4.4,53.8,0.0,0.0,0.0
2026-04-13 19:57:33,29.4,60.0,30.0,53.8,0.0,0.0,0.0
2026-04-13 19:57:38,29.4,60.0,18.3,53.8,0.0,0.0,0.0
2026-04-13 19:57:43,29.2,59.9,22.8,53.8,0.0,0.0,0.0
2026-04-13 19:57:48,29.5,60.1,14.1,53.8,0.0,0.0,0.0
2026-04-13 19:57:53,29.5,60.1,14.3,53.8,0.0,0.0,0.0
2026-04-13 19:57:58,29.5,60.0,4.6,53.8,0.0,0.0,0.0
2026-04-13 19:58:03,29.5,60.1,16.8,53.8,0.0,0.0,0.0
2026-04-13 19:58:08,29.5,60.1,23.0,53.8,0.0,0.0,0.0
2026-04-13 19:58:13,29.4,60.1,9.5,53.8,0.0,0.0,0.0
2026-04-13 19:58:18,29.4,60.0,39.4,53.8,0.0,0.0,0.0
2026-04-13 19:58:23,29.5,59.9,27.2,53.8,0.0,0.0,0.0
2026-04-13 19:58:28,29.5,60.0,16.6,53.8,0.0,0.0,0.0
2026-04-13 19:58:33,29.6,59.8,21.1,53.8,0.0,0.0,0.0
2026-04-13 19:58:38,29.4,59.8,25.6,53.8,0.0,0.0,0.0
2026-04-13 19:58:43,29.5,59.8,16.2,53.8,0.0,0.0,0.0
2026-04-13 19:58:48,29.5,59.9,26.4,53.8,0.0,0.0,0.0
2026-04-13 19:58:53,29.5,60.0,12.0,53.8,0.0,0.0,0.0
2026-04-13 19:58:58,29.5,60.1,15.6,53.8,0.0,0.0,0.0
2026-04-13 19:59:03,29.5,60.0,21.6,53.8,0.0,0.0,0.0
2026-04-13 19:59:08,29.5,60.0,6.2,53.8,0.0,0.0,0.0
2026-04-13 19:59:13,29.5,60.1,21.9,53.8,0.0,0.0,0.0
2026-04-13 19:59:18,29.4,60.1,30.7,53.8,0.0,0.0,0.0
2026-04-13 19:59:23,29.4,60.2,0.0,53.8,0.0,0.0,0.0
2026-04-13 19:59:28,29.5,60.2,19.1,53.8,0.0,0.0,0.0
2026-04-13 19:59:33,29.5,60.1,0.0,53.8,0.0,0.0,0.0
2026-04-13 19:59:38,29.5,60.0,4.7,53.8,0.0,0.0,0.0
2026-04-13 19:59:43,29.3,60.1,17.0,53.8,0.0,0.0,0.0
2026-04-13 19:59:48,29.4,60.0,3.2,53.8,0.0,0.0,0.0
2026-04-13 19:59:53,29.4,60.0,15.6,53.7,0.0,0.0,0.0
2026-04-13 19:59:58,29.5,60.1,20.6,53.7,0.0,0.0,0.0
