Timestamp,Temperature,Humidity,Light,Soil_Moisture,Drip,Mist,Fan
2026-01-01 07:00:00,29.4,75.1,136.4,55.0,0.0,0.0,0.0
2026-01-01 07:00:05,29.6,75.3,143.8,55.1,0.0,0.0,0.0
2026-01-01 07:00:10,29.6,75.4,137.8,55.1,0.0,0.0,0.0
2026-01-01 07:00:15,29.8,75.4,140.3,55.0,0.0,0.0,0.0
2026-01-01 07:00:20,29.8,75.4,140.8,55.0,0.0,0.0,0.0
2026-01-01 07:00:25,29.9,75.4,141.2,55.0,0.0,0.0,0.0
2026-01-01 07:00:30,30.0,75.2,138.0,55.0,0.0,0.0,0.0
2026-01-01 07:00:35,30.1,75.2,136.8,55.0,0.0,0.0,0.0
2026-01-01 07:00:40,30.1,75.1,126.5,54.9,0.0,0.0,0.0
2026-01-01 07:00:45,30.4,75.4,124.8,54.9,0.0,0.0,0.0
2026-01-01 07:00:50,30.5,75.8,150.3,55.0,0.0,0.0,0.0
2026-01-01 07:00:55,30.6,75.9,152.7,55.0,0.0,0.0,0.0
2026-01-01 07:01:00,30.6,75.7,147.1,55.0,0.0,0.0,1.0
2026-01-01 07:01:05,30.3,75.8,150.4,54.9,0.0,0.0,1.0
2026-01-01 07:01:10,30.1,76.1,152.0,54.9,0.0,0.0,0.0
2026-01-01 07:01:15,29.9,75.9,128.8,54.9,0.0,0.0,0.0
2026-01-01 07:01:20,29.8,75.8,133.0,54.9,0.0,0.0,0.0
2026-01-01 07:01:25,29.7,76.1,151.2,54.8,0.0,0.0,0.0
2026-01-01 07:01:30,29.5,75.8,130.5,54.8,0.0,0.0,0.0
2026-01-01 07:01:35,29.6,75.7,134.8,54.8,0.0,0.0,0.0
2026-01-01 07:01:40,29.5,75.8,99.2,54.8,0.0,0.0,0.0
2026-01-01 07:01:45,29.5,75.6,156.5,54.9,0.0,0.0,0.0
2026-01-01 07:01:50,29.6,75.6,121.0,54.8,0.0,0.0,0.0
2026-01-01 07:01:55,29.6,75.6,145.8,54.9,0.0,0.0,0.0
2026-01-01 07:02:00,29.7,75.3,132.9,54.9,0.0,0.0,0.0
2026-01-01 07:02:05,29.9,75.2,122.5,54.9,0.0,0.0,0.0
2026-01-01 07:02:10,30.1,75.0,159.7,54.8,0.0,0.0,0.0
2026-01-01 07:02:15,30.2,74.9,129.8,54.9,0.0,0.0,0.0
2026-01-01 07:02:20,30.4,75.0,144.4,54.9,0.0,0.0,0.0
2026-01-01 07:02:25,30.6,74.9,143.5,54.9,0.0,0.0,0.0
2026-01-01 07:02:30,30.5,74.8,149.0,54.8,0.0,0.0,1.0
2026-01-01 07:02:35,30.5,74.8,153.4,54.8,0.0,0.0,0.0
2026-01-01 07:02:40,30.4,74.8,155.6,54.8,0.0,0.0,0.0
2026-01-01 07:02:45,30.4,75.1,158.2,54.9,0.0,0.0,0.0
2026-01-01 07:02:50,30.4,74.8,149.3,54.8,0.0,0.0,0.0
2026-01-01 07:02:55,30.4,74.8,119.8,54.8,0.0,0.0,0.0
2026-01-01 07:03:00,30.3,75.0,132.0,54.8,0.0,0.0,0.0
2026-01-01 07:03:05,30.4,75.2,141.2,54.8,0.0,0.0,0.0
2026-01-01 07:03:10,30.4,75.3,153.2,54.8,0.0,0.0,0.0
2026-01-01 07:03:15,30.5,75.6,135.2,54.8,0.0,0.0,0.0
2026-01-01 07:03:20,30.6,75.6,161.9,54.8,0.0,0.0,0.0
2026-01-01 07:03:25,30.3,75.5,150.3,54.8,0.0,0.0,1.0
2026-01-01 07:03:30,30.2,75.3,164.7,54.8,0.0,0.0,0.0
2026-01-01 07:03:35,30.1,75.2,137.3,54.7,0.0,0.0,0.0
2026-01-01 07:03:40,30.0,75.2,155.0,54.8,0.0,0.0,0.0
2026-01-01 07:03:45,29.9,75.1,161.5,54.8,0.0,0.0,0.0
2026-01-01 07:03:50,30.0,74.8,166.3,54.8,0.0,0.0,0.0
2026-01-01 07:03:55,30.1,74.5,147.8,54.9,0.0,0.0,0.0
2026-01-01 07:04:00,30.1,74.5,142.9,54.9,0.0,0.0,0.0
2026-01-01 07:04:05,30.2,74.6,156.8,54.8,0.0,0.0,0.0
2026-01-01 07:04:10,30.3,75.1,151.4,54.9,0.0,0.0,0.0
2026-01-01 07:04:15,30.3,74.9,158.3,54.9,0.0,0.0,0.0
2026-01-01 07:04:20,30.4,75.1,133.5,54.9,0.0,0.0,0.0
2026-01-01 07:04:25,30.6,74.9,158.0,54.9,0.0,0.0,0.0
2026-01-01 07:04:30,30.4,74.8,138.2,54.9,0.0,0.0,1.0
2026-01-01 07:04:35,30.3,74.6,175.8,54.8,0.0,0.0,0.0
2026-01-01 07:04:40,30.2,74.6,117.8,54.7,0.0,0.0,0.0
2026-01-01 07:04:45,30.2,74.8,134.7,54.7,0.0,0.0,0.0
2026-01-01 07:04:50,30.1,74.9,149.9,54.8,0.0,0.0,0.0
2026-01-01 07:04:55,30.0,74.8,167.7,54.8,0.0,0.0,0.0
2026-01-01 07:05:00,30.2,74.9,150.1,54.8,0.0,0.0,0.0
2026-01-01 07:05:05,30.2,74.8,137.2,54.9,0.0,0.0,0.0
2026-01-01 07:05:10,30.2,74.6,138.6,54.9,0.0,0.0,0.0
2026-01-01 07:05:15,30.3,75.0,155.8,54.8,0.0,0.0,0.0
2026-01-01 07:05:20,30.3,75.1,138.9,54.8,0.0,0.0,0.0
2026-01-01 07:05:25,30.4,74.8,180.5,54.8,0.0,0.0,0.0
2026-01-01 07:05:30,30.4,75.5,163.0,54.8,0.0,0.0,0.0
2026-01-01 07:05:35,30.5,75.8,161.8,54.8,0.0,0.0,0.0
2026-01-01 07:05:40,30.6,75.6,109.0,54.8,0.0,0.0,0.0
2026-01-01 07:05:45,30.6,75.6,149.5,54.7,0.0,0.0,1.0
2026-01-01 07:05:50,30.3,75.5,146.2,54.7,0.0,0.0,1.0
2026-01-01 07:05:55,30.1,75.5,157.8,54.8,0.0,0.0,0.0
2026-01-01 07:06:00,29.9,75.5,148.0,54.8,0.0,0.0,0.0
2026-01-01 07:06:05,29.7,75.5,176.0,54.8,0.0,0.0,0.0
2026-01-01 07:06:10,29.5,75.2,130.6,54.7,0.0,0.0,0.0
2026-01-01 07:06:15,29.5,75.1,155.8,54.8,0.0,0.0,0.0
2026-01-01 07:06:20,29.3,74.8,153.8,54.8,0.0,0.0,0.0
2026-01-01 07:06:25,29.3,74.7,171.2,54.7,0.0,0.0,0.0
2026-01-01 07:06:30,29.5,74.6,153.2,54.8,0.0,0.0,0.0
2026-01-01 07:06:35,29.6,74.6,166.1,54.8,0.0,0.0,0.0
2026-01-01 07:06:40,29.6,74.4,177.3,54.8,0.0,0.0,0.0
2026-01-01 07:06:45,29.5,74.4,143.2,54.7,0.0,0.0,0.0
2026-01-01 07:06:50,29.6,74.2,155.7,54.7,0.0,0.0,0.0
2026-01-01 07:06:55,29.6,74.4,143.0,54.7,0.0,0.0,0.0
2026-01-01 07:07:00,29.7,74.2,150.2,54.7,0.0,0.0,0.0
2026-01-01 07:07:05,29.7,74.0,133.1,54.8,0.0,0.0,0.0
2026-01-01 07:07:10,29.9,74.0,149.8,54.8,0.0,0.0,0.0
2026-01-01 07:07:15,30.1,74.2,166.6,54.8,0.0,0.0,0.0
2026-01-01 07:07:20,30.2,73.9,112.3,54.8,0.0,0.0,0.0
2026-01-01 07:07:25,30.2,74.0,175.0,54.8,0.0,0.0,0.0
2026-01-01 07:07:30,30.4,74.2,168.2,54.8,0.0,0.0,0.0
2026-01-01 07:07:35,30.6,74.3,134.2,54.7,0.0,0.0,0.0
2026-01-01 07:07:40,30.5,74.5,165.6,54.7,0.0,0.0,1.0
2026-01-01 07:07:45,30.4,74.3,169.8,54.7,0.0,0.0,1.0
2026-01-01 07:07:50,30.1,74.2,138.6,54.7,0.0,0.0,0.0
2026-01-01 07:07:55,30.0,74.2,132.3,54.8,0.0,0.0,0.0
2026-01-01 07:08:00,29.8,74.4,171.4,54.7,0.0,0.0,0.0
2026-01-01 07:08:05,29.6,74.6,160.1,54.7,0.0,0.0,0.0
2026-01-01 07:08:10,29.5,74.5,152.0,54.7,0.0,0.0,0.0
2026-01-01 07:08:15,29.5,74.6,160.2,54.7,0.0,0.0,0.0
2026-01-01 07:08:20,29.6,75.0,133.5,54.7,0.0,0.0,0.0
2026-01-01 07:08:25,29.5,74.9,150.9,54.7,0.0,0.0,0.0
2026-01-01 07:08:30,29.6,74.8,142.9,54.6,0.0,0.0,0.0
2026-01-01 07:08:35,29.6,75.1,182.8,54.6,0.0,0.0,0.0
2026-01-01 07:08:40,29.6,75.1,172.4,54.6,0.0,0.0,0.0
2026-01-01 07:08:45,29.7,75.2,134.4,54.6,0.0,0.0,0.0
2026-01-01 07:08:50,29.8,75.3,139.6,54.6,0.0,0.0,0.0
2026-01-01 07:08:55,29.8,75.3,158.8,54.5,0.0,0.0,0.0
2026-01-01 07:09:00,29.8,75.1,164.2,54.5,0.0,0.0,0.0
2026-01-01 07:09:05,29.9,75.2,145.2,54.6,0.0,0.0,0.0
2026-01-01 07:09:10,30.0,75.5,158.3,54.5,0.0,0.0,0.0
2026-01-01 07:09:15,30.1,75.7,160.0,54.6,0.0,0.0,0.0
2026-01-01 07:09:20,30.3,75.8,164.2,54.6,0.0,0.0,0.0
2026-01-01 07:09:25,30.4,76.2,155.4,54.5,0.0,0.0,0.0
2026-01-01 07:09:30,30.6,76.3,139.5,54.5,0.0,0.0,0.0
2026-01-01 07:09:35,30.5,76.4,159.4,54.5,0.0,0.0,1.0
2026-01-01 07:09:40,30.4,76.0,149.2,54.6,0.0,0.0,1.0
2026-01-01 07:09:45,30.1,75.8,196.0,54.6,0.0,0.0,0.0
2026-01-01 07:09:50,30.0,75.6,166.5,54.5,0.0,0.0,0.0
2026-01-01 07:09:55,29.9,75.3,186.2,54.5,0.0,0.0,0.0
2026-01-01 07:10:00,29.8,75.4,155.4,54.6,0.0,0.0,0.0
2026-01-01 07:10:05,29.8,75.6,183.7,54.6,0.0,0.0,0.0
2026-01-01 07:10:10,29.8,75.7,154.4,54.6,0.0,0.0,0.0
2026-01-01 07:10:15,29.9,75.3,177.5,54.5,0.0,0.0,0.0
2026-01-01 07:10:20,30.0,75.5,183.0,54.4,0.0,0.0,0.0
2026-01-01 07:10:25,30.0,75.4,152.6,54.5,0.0,0.0,0.0
2026-01-01 07:10:30,30.1,75.3,155.5,54.5,0.0,0.0,0.0
2026-01-01 07:10:35,30.2,75.1,150.7,54.6,0.0,0.0,0.0
2026-01-01 07:10:40,30.2,74.9,152.0,54.6,0.0,0.0,0.0
2026-01-01 07:10:45,30.3,75.2,164.5,54.6,0.0,0.0,0.0
2026-01-01 07:10:50,30.4,75.3,173.5,54.6,0.0,0.0,0.0
2026-01-01 07:10:55,30.5,75.2,168.1,54.6,0.0,0.0,0.0
2026-01-01 07:11:00,30.6,75.1,176.9,54.6,0.0,0.0,0.0
2026-01-01 07:11:05,30.3,75.1,141.9,54.6,0.0,0.0,1.0
2026-01-01 07:11:10,30.2,75.3,151.7,54.5,0.0,0.0,0.0
2026-01-01 07:11:15,30.1,75.2,123.1,54.5,0.0,0.0,0.0
2026-01-01 07:11:20,30.0,75.0,166.8,54.5,0.0,0.0,0.0
2026-01-01 07:11:25,30.1,75.1,172.4,54.6,0.0,0.0,0.0
2026-01-01 07:11:30,30.1,74.7,160.3,54.6,0.0,0.0,0.0
2026-01-01 07:11:35,30.1,74.4,134.4,54.5,0.0,0.0,0.0
2026-01-01 07:11:40,30.2,74.5,173.6,54.5,0.0,0.0,0.0
2026-01-01 07:11:45,30.2,74.7,157.9,54.6,0.0,0.0,0.0
2026-01-01 07:11:50,30.4,74.8,157.2,54.6,0.0,0.0,0.0
2026-01-01 07:11:55,30.6,74.5,151.8,54.6,0.0,0.0,0.0
2026-01-01 07:12:00,30.6,74.4,128.7,54.5,0.0,0.0,1.0
2026-01-01 07:12:05,30.3,74.4,185.1,54.5,0.0,0.0,1.0
2026-01-01 07:12:10,30.2,74.3,164.7,54.5,0.0,0.0,0.0
2026-01-01 07:12:15,30.1,74.3,153.8,54.5,0.0,0.0,0.0
2026-01-01 07:12:20,30.0,74.1,173.2,54.6,0.0,0.0,0.0
2026-01-01 07:12:25,30.0,74.1,170.3,54.6,0.0,0.0,0.0
2026-01-01 07:12:30,30.1,73.7,149.1,54.6,0.0,0.0,0.0
2026-01-01 07:12:35,30.0,73.6,168.7,54.6,0.0,0.0,0.0
2026-01-01 07:12:40,30.1,73.7,182.8,54.6,0.0,0.0,0.0
2026-01-01 07:12:45,30.1,73.9,173.9,54.6,0.0,0.0,0.0
2026-01-01 07:12:50,30.2,73.8,181.6,54.6,0.0,0.0,0.0
2026-01-01 07:12:55,30.2,73.7,137.1,54.5,0.0,0.0,0.0
2026-01-01 07:13:00,30.4,73.8,151.8,54.5,0.0,0.0,0.0
2026-01-01 07:13:05,30.5,74.0,211.4,54.5,0.0,0.0,0.0
2026-01-01 07:13:10,30.6,73.8,160.6,54.6,0.0,0.0,0.0
2026-01-01 07:13:15,30.4,73.5,175.6,54.5,0.0,0.0,1.0
2026-01-01 07:13:20,30.3,73.8,151.7,54.5,0.0,0.0,0.0
2026-01-01 07:13:25,30.2,73.6,186.1,54.5,0.0,0.0,0.0
2026-01-01 07:13:30,30.3,73.5,152.8,54.5,0.0,0.0,0.0
2026-01-01 07:13:35,30.2,73.4,191.2,54.5,0.0,0.0,0.0
2026-01-01 07:13:40,30.2,73.7,172.6,54.5,0.0,0.0,0.0
2026-01-01 07:13:45,30.3,73.8,168.5,54.4,0.0,0.0,0.0
2026-01-01 07:13:50,30.6,73.8,160.7,54.4,0.0,0.0,0.0
2026-01-01 07:13:55,30.5,73.6,170.6,54.5,0.0,0.0,1.0
2026-01-01 07:14:00,30.2,73.6,173.9,54.5,0.0,0.0,1.0
2026-01-01 07:14:05,30.0,73.7,174.6,54.5,0.0,0.0,0.0
2026-01-01 07:14:10,29.9,73.4,153.8,54.4,0.0,0.0,0.0
2026-01-01 07:14:15,29.9,73.2,145.3,54.4,0.0,0.0,0.0
2026-01-01 07:14:20,29.8,73.3,151.8,54.4,0.0,0.0,0.0
2026-01-01 07:14:25,29.7,73.5,175.2,54.4,0.0,0.0,0.0
2026-01-01 07:14:30,29.7,73.5,166.2,54.3,0.0,0.0,0.0
2026-01-01 07:14:35,29.7,73.4,185.3,54.3,0.0,0.0,0.0
2026-01-01 07:14:40,29.8,73.2,156.7,54.3,0.0,0.0,0.0
2026-01-01 07:14:45,29.8,73.4,175.6,54.3,0.0,0.0,0.0
2026-01-01 07:14:50,30.0,73.7,187.7,54.3,0.0,0.0,0.0
2026-01-01 07:14:55,30.0,73.4,195.0,54.3,0.0,0.0,0.0
2026-01-01 07:15:00,30.1,73.5,179.8,54.3,0.0,0.0,0.0
2026-01-01 07:15:05,30.3,73.1,177.4,54.3,0.0,0.0,0.0
2026-01-01 07:15:10,30.4,73.4,159.6,54.3,0.0,0.0,0.0
2026-01-01 07:15:15,30.4,73.4,147.5,54.3,0.0,0.0,0.0
2026-01-01 07:15:20,30.6,73.5,183.0,54.2,0.0,0.0,0.0
2026-01-01 07:15:25,30.5,73.5,168.9,54.2,0.0,0.0,1.0
2026-01-01 07:15:30,30.4,73.8,160.7,54.3,0.0,0.0,1.0
2026-01-01 07:15:35,30.2,73.6,170.9,54.2,0.0,0.0,0.0
2026-01-01 07:15:40,30.1,73.8,150.5,54.3,1.0,0.0,0.0
2026-01-01 07:15:45,30.0,74.0,166.6,54.2,1.0,0.0,0.0
2026-01-01 07:15:50,30.0,74.0,179.2,54.3,1.0,0.0,0.0
2026-01-01 07:15:55,30.0,74.2,156.7,54.4,0.0,0.0,0.0
2026-01-01 07:16:00,30.0,74.3,156.0,54.6,0.0,0.0,0.0
2026-01-01 07:16:05,30.0,74.2,160.2,54.7,0.0,0.0,0.0
2026-01-01 07:16:10,30.0,74.4,188.2,54.8,0.0,0.0,0.0
2026-01-01 07:16:15,30.0,74.3,159.1,54.8,0.0,0.0,0.0
2026-01-01 07:16:20,30.1,74.2,165.6,54.9,0.0,0.0,0.0
2026-01-01 07:16:25,30.2,74.2,158.8,54.9,0.0,0.0,0.0
2026-01-01 07:16:30,30.4,73.9,205.9,55.0,0.0,0.0,0.0
2026-01-01 07:16:35,30.5,74.1,148.1,55.0,0.0,0.0,0.0
2026-01-01 07:16:40,30.6,74.0,163.0,55.0,0.0,0.0,0.0
2026-01-01 07:16:45,30.5,74.0,165.5,55.0,0.0,0.0,1.0
2026-01-01 07:16:50,30.3,74.2,140.7,55.0,0.0,0.0,1.0
2026-01-01 07:16:55,30.2,74.4,169.5,55.0,0.0,0.0,0.0
2026-01-01 07:17:00,30.0,74.2,157.9,55.0,0.0,0.0,0.0
2026-01-01 07:17:05,29.8,74.5,174.0,55.0,0.0,0.0,0.0
2026-01-01 07:17:10,29.8,74.5,162.0,55.0,0.0,0.0,0.0
2026-01-01 07:17:15,29.7,74.3,186.3,55.0,0.0,0.0,0.0
2026-01-01 07:17:20,29.8,74.5,203.6,54.9,0.0,0.0,0.0
2026-01-01 07:17:25,29.6,74.8,174.7,54.9,0.0,0.0,0.0
2026-01-01 07:17:30,29.7,74.8,170.5,55.0,0.0,0.0,0.0
2026-01-01 07:17:35,29.8,74.8,190.4,54.9,0.0,0.0,0.0
2026-01-01 07:17:40,30.0,74.8,161.0,54.9,0.0,0.0,0.0
2026-01-01 07:17:45,30.1,74.8,167.2,54.9,0.0,0.0,0.0
2026-01-01 07:17:50,30.2,74.7,166.9,54.9,0.0,0.0,0.0
2026-01-01 07:17:55,30.2,74.5,166.7,54.9,0.0,0.0,0.0
2026-01-01 07:18:00,30.3,74.4,166.4,54.9,0.0,0.0,0.0
2026-01-01 07:18:05,30.4,74.5,171.9,54.8,0.0,0.0,0.0
2026-01-01 07:18:10,30.6,74.5,175.5,54.8,0.0,0.0,0.0
2026-01-01 07:18:15,30.5,74.5,193.2,54.8,0.0,0.0,1.0
2026-01-01 07:18:20,30.4,74.4,169.1,54.8,0.0,0.0,1.0
2026-01-01 07:18:25,30.2,74.6,162.8,54.8,0.0,0.0,0.0
2026-01-01 07:18:30,30.0,74.6,155.2,54.9,0.0,0.0,0.0
2026-01-01 07:18:35,29.9,74.5,187.5,54.9,0.0,0.0,0.0
2026-01-01 07:18:40,29.9,74.0,161.2,54.8,0.0,0.0,0.0
2026-01-01 07:18:45,29.9,74.1,195.6,54.9,0.0,0.0,0.0
2026-01-01 07:18:50,29.9,74.2,164.3,54.9,0.0,0.0,0.0
2026-01-01 07:18:55,29.9,74.2,165.0,54.9,0.0,0.0,0.0
2026-01-01 07:19:00,29.9,74.2,195.2,54.9,0.0,0.0,0.0
2026-01-01 07:19:05,30.0,74.7,171.8,54.8,0.0,0.0,0.0
2026-01-01 07:19:10,30.0,74.6,164.1,54.9,0.0,0.0,0.0
2026-01-01 07:19:15,30.1,74.6,184.0,54.9,0.0,0.0,0.0
2026-01-01 07:19:20,30.2,74.8,185.3,54.8,0.0,0.0,0.0
2026-01-01 07:19:25,30.4,74.6,193.2,54.8,0.0,0.0,0.0
2026-01-01 07:19:30,30.4,74.8,146.3,54.8,0.0,0.0,0.0
2026-01-01 07:19:35,30.6,74.9,172.6,54.8,0.0,0.0,0.0
2026-01-01 07:19:40,30.5,75.1,203.2,54.8,0.0,0.0,1.0
2026-01-01 07:19:45,30.2,74.8,184.4,54.9,0.0,0.0,0.0
2026-01-01 07:19:50,30.3,74.6,164.8,54.8,0.0,0.0,0.0
2026-01-01 07:19:55,30.4,74.5,191.0,54.9,0.0,0.0,0.0
2026-01-01 07:20:00,30.3,74.2,173.1,54.9,0.0,0.0,0.0
2026-01-01 07:20:05,30.4,74.3,159.8,54.9,0.0,0.0,0.0
2026-01-01 07:20:10,30.5,74.4,187.4,54.8,0.0,0.0,0.0
2026-01-01 07:20:15,30.6,74.2,209.7,54.8,0.0,0.0,0.0
2026-01-01 07:20:20,30.6,74.3,167.1,54.8,0.0,0.0,1.0
2026-01-01 07:20:25,30.4,74.4,170.4,54.8,0.0,0.0,1.0
2026-01-01 07:20:30,30.1,74.4,173.7,54.8,0.0,0.0,0.0
2026-01-01 07:20:35,30.0,74.6,162.4,54.9,0.0,0.0,0.0
2026-01-01 07:20:40,29.9,74.6,177.5,54.8,0.0,0.0,0.0
2026-01-01 07:20:45,29.9,74.7,195.9,54.9,0.0,0.0,0.0
2026-01-01 07:20:50,29.9,74.9,150.6,54.9,0.0,0.0,0.0
2026-01-01 07:20:55,29.9,75.1,186.8,54.9,0.0,0.0,0.0
2026-01-01 07:21:00,30.0,75.0,193.3,54.9,0.0,0.0,0.0
2026-01-01 07:21:05,30.0,74.9,180.8,54.9,0.0,0.0,0.0
2026-01-01 07:21:10,30.1,75.0,191.2,54.9,0.0,0.0,0.0
2026-01-01 07:21:15,30.1,74.8,195.0,54.8,0.0,0.0,0.0
2026-01-01 07:21:20,30.3,74.9,201.8,54.9,0.0,0.0,0.0
2026-01-01 07:21:25,30.4,75.3,211.3,54.9,0.0,0.0,0.0
2026-01-01 07:21:30,30.5,75.4,190.2,54.8,0.0,0.0,0.0
2026-01-01 07:21:35,30.7,75.5,198.6,54.8,0.0,0.0,0.0
2026-01-01 07:21:40,30.6,75.4,184.4,54.8,0.0,0.0,1.0
2026-01-01 07:21:45,30.5,75.1,216.2,54.8,0.0,0.0,1.0
2026-01-01 07:21:50,30.2,75.1,201.7,54.8,0.0,0.0,0.0
2026-01-01 07:21:55,30.1,75.2,179.0,54.9,0.0,0.0,0.0
2026-01-01 07:22:00,30.0,75.2,171.5,54.8,0.0,0.0,0.0
2026-01-01 07:22:05,30.0,75.2,177.6,54.7,0.0,0.0,0.0
2026-01-01 07:22:10,29.9,75.2,160.7,54.8,0.0,0.0,0.0
2026-01-01 07:22:15,30.0,74.8,210.8,54.8,0.0,0.0,0.0
2026-01-01 07:22:20,30.0,74.8,194.5,54.8,0.0,0.0,0.0
2026-01-01 07:22:25,30.0,74.8,179.3,54.8,0.0,0.0,0.0
2026-01-01 07:22:30,30.1,74.8,190.4,54.8,0.0,0.0,0.0
2026-01-01 07:22:35,30.3,74.9,180.2,54.8,0.0,0.0,0.0
2026-01-01 07:22:40,30.5,74.8,171.4,54.7,0.0,0.0,0.0
2026-01-01 07:22:45,30.6,74.7,186.6,54.8,0.0,0.0,0.0
2026-01-01 07:22:50,30.5,74.8,166.4,54.7,0.0,0.0,1.0
2026-01-01 07:22:55,30.4,74.6,189.5,54.7,0.0,0.0,0.0
2026-01-01 07:23:00,30.4,74.8,189.9,54.7,0.0,0.0,0.0
2026-01-01 07:23:05,30.4,75.0,189.6,54.7,0.0,0.0,0.0
2026-01-01 07:23:10,30.4,75.1,187.7,54.6,0.0,0.0,0.0
2026-01-01 07:23:15,30.5,75.1,207.1,54.7,0.0,0.0,0.0
2026-01-01 07:23:20,30.5,74.9,195.3,54.8,0.0,0.0,1.0
2026-01-01 07:23:25,30.4,74.8,183.7,54.7,0.0,0.0,1.0
2026-01-01 07:23:30,30.0,74.8,175.6,54.6,0.0,0.0,0.0
2026-01-01 07:23:35,29.9,74.7,171.8,54.7,0.0,0.0,0.0
2026-01-01 07:23:40,29.8,74.9,170.9,54.7,0.0,0.0,0.0
2026-01-01 07:23:45,29.8,74.6,193.1,54.7,0.0,0.0,0.0
2026-01-01 07:23:50,29.8,74.6,203.7,54.7,0.0,0.0,0.0
2026-01-01 07:23:55,29.9,74.7,163.8,54.7,0.0,0.0,0.0
2026-01-01 07:24:00,29.9,74.8,190.3,54.7,0.0,0.0,0.0
2026-01-01 07:24:05,29.8,75.0,162.5,54.7,0.0,0.0,0.0
2026-01-01 07:24:10,29.8,74.9,200.8,54.6,0.0,0.0,0.0
2026-01-01 07:24:15,29.9,74.8,208.7,54.7,0.0,0.0,0.0
2026-01-01 07:24:20,30.0,75.1,189.4,54.7,0.0,0.0,0.0
2026-01-01 07:24:25,30.1,75.2,221.3,54.7,0.0,0.0,0.0
2026-01-01 07:24:30,30.2,75.2,183.3,54.7,0.0,0.0,0.0
2026-01-01 07:24:35,30.3,74.8,175.8,54.7,0.0,0.0,0.0
2026-01-01 07:24:40,30.4,74.6,217.4,54.7,0.0,0.0,0.0
2026-01-01 07:24:45,30.6,74.8,199.7,54.6,0.0,0.0,0.0
2026-01-01 07:24:50,30.7,74.7,185.8,54.7,0.0,0.0,1.0
2026-01-01 07:24:55,30.5,74.7,171.9,54.7,0.0,0.0,1.0
2026-01-01 07:25:00,30.3,74.7,181.3,54.7,0.0,0.0,0.0
2026-01-01 07:25:05,30.2,74.4,166.3,54.6,0.0,0.0,0.0
2026-01-01 07:25:10,30.2,74.3,172.3,54.8,0.0,0.0,0.0
2026-01-01 07:25:15,30.1,74.3,186.0,54.7,0.0,0.0,0.0
2026-01-01 07:25:20,30.2,74.4,197.3,54.7,0.0,0.0,0.0
2026-01-01 07:25:25,30.3,74.6,194.6,54.6,0.0,0.0,0.0
2026-01-01 07:25:30,30.2,74.6,196.2,54.6,0.0,0.0,0.0
2026-01-01 07:25:35,30.3,74.7,151.5,54.6,0.0,0.0,0.0
2026-01-01 07:25:40,30.3,74.8,179.4,54.6,0.0,0.0,0.0
2026-01-01 07:25:45,30.4,74.7,179.7,54.6,0.0,0.0,0.0
2026-01-01 07:25:50,30.5,74.7,202.3,54.6,0.0,0.0,0.0
2026-01-01 07:25:55,30.5,74.8,184.3,54.6,0.0,0.0,1.0
2026-01-01 07:26:00,30.2,75.0,168.6,54.6,0.0,0.0,1.0
2026-01-01 07:26:05,30.1,75.0,173.2,54.5,0.0,0.0,0.0
2026-01-01 07:26:10,30.0,75.0,169.6,54.5,0.0,0.0,0.0
2026-01-01 07:26:15,30.0,75.0,184.9,54.5,0.0,0.0,0.0
2026-01-01 07:26:20,30.0,74.6,190.5,54.6,0.0,0.0,0.0
2026-01-01 07:26:25,29.9,74.2,191.1,54.5,0.0,0.0,0.0
2026-01-01 07:26:30,30.0,74.2,188.4,54.6,0.0,0.0,0.0
2026-01-01 07:26:35,30.0,74.3,200.2,54.5,0.0,0.0,0.0
2026-01-01 07:26:40,30.1,74.5,222.7,54.5,0.0,0.0,0.0
2026-01-01 07:26:45,30.3,74.9,196.4,54.6,0.0,0.0,0.0
2026-01-01 07:26:50,30.4,74.7,222.8,54.6,0.0,0.0,0.0
2026-01-01 07:26:55,30.4,74.7,177.1,54.6,0.0,0.0,0.0
2026-01-01 07:27:00,30.6,74.6,190.8,54.5,0.0,0.0,0.0
2026-01-01 07:27:05,30.4,74.4,174.5,54.5,0.0,0.0,1.0
2026-01-01 07:27:10,30.4,74.4,198.6,54.5,0.0,0.0,0.0
2026-01-01 07:27:15,30.4,74.6,157.6,54.5,0.0,0.0,0.0
2026-01-01 07:27:20,30.4,74.7,207.2,54.5,0.0,0.0,0.0
2026-01-01 07:27:25,30.6,74.5,194.6,54.5,0.0,0.0,0.0
2026-01-01 07:27:30,30.4,74.2,223.3,54.5,0.0,0.0,1.0
2026-01-01 07:27:35,30.3,74.1,177.2,54.4,0.0,0.0,0.0
2026-01-01 07:27:40,30.3,74.2,203.6,54.4,0.0,0.0,0.0
2026-01-01 07:27:45,30.3,74.1,211.0,54.4,0.0,0.0,0.0
2026-01-01 07:27:50,30.3,74.1,231.3,54.4,0.0,0.0,0.0
2026-01-01 07:27:55,30.3,74.0,182.5,54.4,0.0,0.0,0.0
2026-01-01 07:28:00,30.4,74.0,176.4,54.5,0.0,0.0,0.0
2026-01-01 07:28:05,30.5,74.0,210.3,54.4,0.0,0.0,0.0
2026-01-01 07:28:10,30.5,74.0,165.7,54.4,0.0,0.0,0.0
2026-01-01 07:28:15,30.3,74.4,218.2,54.4,0.0,0.0,1.0
2026-01-01 07:28:20,30.2,74.7,175.2,54.4,0.0,0.0,0.0
2026-01-01 07:28:25,30.2,74.7,205.2,54.4,0.0,0.0,0.0
2026-01-01 07:28:30,30.3,74.4,187.4,54.4,0.0,0.0,0.0
2026-01-01 07:28:35,30.3,74.6,209.0,54.3,0.0,0.0,0.0
2026-01-01 07:28:40,30.4,74.6,194.9,54.4,0.0,0.0,0.0
2026-01-01 07:28:45,30.6,74.7,207.6,54.4,0.0,0.0,0.0
2026-01-01 07:28:50,30.5,74.7,205.1,54.4,0.0,0.0,1.0
2026-01-01 07:28:55,30.5,74.6,190.2,54.4,0.0,0.0,0.0
2026-01-01 07:29:00,30.4,74.6,207.6,54.3,0.0,0.0,0.0
2026-01-01 07:29:05,30.7,74.7,226.7,54.4,0.0,0.0,0.0
2026-01-01 07:29:10,30.5,74.7,211.7,54.3,0.0,0.0,1.0
2026-01-01 07:29:15,30.3,74.5,183.2,54.4,0.0,0.0,0.0
2026-01-01 07:29:20,30.2,74.7,188.8,54.3,0.0,0.0,0.0
2026-01-01 07:29:25,30.0,74.7,213.8,54.4,0.0,0.0,0.0
2026-01-01 07:29:30,30.1,74.8,180.9,54.4,0.0,0.0,0.0
2026-01-01 07:29:35,30.1,75.0,198.1,54.4,0.0,0.0,0.0
2026-01-01 07:29:40,30.1,74.9,196.4,54.3,0.0,0.0,0.0
2026-01-01 07:29:45,30.2,74.7,193.9,54.3,0.0,0.0,0.0
2026-01-01 07:29:50,30.2,74.6,213.3,54.3,0.0,0.0,0.0
2026-01-01 07:29:55,30.3,74.6,219.9,54.3,0.0,0.0,0.0
2026-01-01 07:30:00,30.3,74.8,200.6,54.3,0.0,0.0,0.0
2026-01-01 07:30:05,30.5,74.9,228.5,54.3,0.0,0.0,0.0
2026-01-01 07:30:10,30.7,74.9,202.1,54.3,0.0,0.0,0.0
2026-01-01 07:30:15,30.6,74.9,193.3,54.3,0.0,0.0,1.0
2026-01-01 07:30:20,30.4,75.0,186.4,54.3,0.0,0.0,1.0
2026-01-01 07:30:25,30.4,75.0,190.3,54.3,0.0,0.0,0.0
2026-01-01 07:30:30,30.2,74.8,196.0,54.2,0.0,0.0,0.0
2026-01-01 07:30:35,30.2,74.8,196.1,54.2,0.0,0.0,0.0
2026-01-01 07:30:40,30.1,74.9,196.0,54.3,0.0,0.0,0.0
2026-01-01 07:30:45,30.0,75.0,196.4,54.3,0.0,0.0,0.0
2026-01-01 07:30:50,30.0,74.8,180.5,54.3,0.0,0.0,0.0
2026-01-01 07:30:55,30.0,74.7,185.9,54.3,0.0,0.0,0.0
2026-01-01 07:31:00,30.1,74.4,217.7,54.4,0.0,0.0,0.0
2026-01-01 07:31:05,30.2,74.6,200.2,54.3,0.0,0.0,0.0
2026-01-01 07:31:10,30.2,74.5,231.4,54.2,0.0,0.0,0.0
2026-01-01 07:31:15,30.5,74.2,220.2,54.2,0.0,0.0,0.0
2026-01-01 07:31:20,30.8,73.9,219.4,54.3,0.0,0.0,0.0
2026-01-01 07:31:25,30.7,73.9,213.6,54.2,0.0,0.0,1.0
2026-01-01 07:31:30,30.5,73.8,190.5,54.2,0.0,0.0,1.0
2026-01-01 07:31:35,30.4,73.6,170.3,54.2,0.0,0.0,0.0
2026-01-01 07:31:40,30.3,73.6,206.4,54.3,0.0,0.0,0.0
2026-01-01 07:31:45,30.2,73.7,206.8,54.3,0.0,0.0,0.0
2026-01-01 07:31:50,30.1,73.8,191.2,54.2,0.0,0.0,0.0
2026-01-01 07:31:55,30.1,73.7,225.3,54.2,0.0,0.0,0.0
2026-01-01 07:32:00,30.2,73.8,206.3,54.2,0.0,0.0,0.0
2026-01-01 07:32:05,30.2,73.8,227.4,54.2,0.0,0.0,0.0
2026-01-01 07:32:10,30.4,73.7,202.4,54.2,0.0,0.0,0.0
2026-01-01 07:32:15,30.5,73.6,206.1,54.2,1.0,0.0,0.0
2026-01-01 07:32:20,30.5,73.6,195.4,54.2,1.0,0.0,1.0
2026-01-01 07:32:25,30.3,73.5,212.8,54.2,1.0,0.0,1.0
2026-01-01 07:32:30,30.2,73.8,186.9,54.3,1.0,0.0,0.0
2026-01-01 07:32:35,30.1,73.6,189.9,54.4,1.0,0.0,0.0
2026-01-01 07:32:40,30.0,73.7,202.9,54.7,1.0,0.0,0.0
2026-01-01 07:32:45,30.0,73.6,185.4,55.0,0.0,0.0,0.0
2026-01-01 07:32:50,30.0,73.7,208.8,55.2,0.0,0.0,0.0
2026-01-01 07:32:55,30.0,73.9,199.4,55.4,0.0,0.0,0.0
2026-01-01 07:33:00,30.1,74.1,192.0,55.5,0.0,0.0,0.0
2026-01-01 07:33:05,30.2,74.2,203.3,55.6,0.0,0.0,0.0
2026-01-01 07:33:10,30.2,74.2,203.5,55.7,0.0,0.0,0.0
2026-01-01 07:33:15,30.4,74.4,220.5,55.7,0.0,0.0,0.0
2026-01-01 07:33:20,30.4,74.0,203.3,55.8,0.0,0.0,0.0
2026-01-01 07:33:25,30.6,73.6,173.3,55.8,0.0,0.0,0.0
2026-01-01 07:33:30,30.6,73.6,204.7,55.8,0.0,0.0,1.0
2026-01-01 07:33:35,30.3,73.6,204.1,55.8,0.0,0.0,1.0
2026-01-01 07:33:40,30.3,73.8,227.8,55.8,0.0,0.0,0.0
2026-01-01 07:33:45,30.1,73.8,202.3,55.9,0.0,0.0,0.0
2026-01-01 07:33:50,30.1,73.8,225.2,55.8,0.0,0.0,0.0
2026-01-01 07:33:55,29.9,74.1,219.9,55.8,0.0,0.0,0.0
2026-01-01 07:34:00,29.8,73.8,184.5,55.8,0.0,0.0,0.0
2026-01-01 07:34:05,29.8,73.9,221.9,55.9,0.0,0.0,0.0
2026-01-01 07:34:10,29.8,73.8,230.2,55.9,0.0,0.0,0.0
2026-01-01 07:34:15,29.8,74.0,202.8,55.8,0.0,0.0,0.0
2026-01-01 07:34:20,30.0,73.7,209.1,55.8,0.0,0.0,0.0
2026-01-01 07:34:25,30.1,73.6,198.5,55.8,0.0,0.0,0.0
2026-01-01 07:34:30,30.2,73.1,174.3,55.8,0.0,0.0,0.0
2026-01-01 07:34:35,30.4,73.4,194.1,55.8,0.0,0.0,0.0
2026-01-01 07:34:40,30.5,73.4,199.9,55.8,0.0,0.0,0.0
2026-01-01 07:34:45,30.7,73.6,221.3,55.8,0.0,0.0,0.0
2026-01-01 07:34:50,30.7,73.5,188.1,55.8,0.0,0.0,1.0
2026-01-01 07:34:55,30.5,73.6,213.0,55.8,0.0,0.0,1.0
2026-01-01 07:35:00,30.2,73.1,180.4,55.8,0.0,0.0,1.0
2026-01-01 07:35:05,30.0,73.1,221.2,55.7,0.0,0.0,0.0
2026-01-01 07:35:10,29.8,73.4,180.3,55.7,0.0,0.0,0.0
2026-01-01 07:35:15,29.8,73.5,243.7,55.7,0.0,0.0,0.0
2026-01-01 07:35:20,29.7,73.4,220.9,55.7,0.0,0.0,0.0
2026-01-01 07:35:25,29.7,73.5,228.5,55.7,0.0,0.0,0.0
2026-01-01 07:35:30,29.7,73.7,185.6,55.7,0.0,0.0,0.0
2026-01-01 07:35:35,29.7,73.9,198.4,55.7,0.0,0.0,0.0
2026-01-01 07:35:40,29.8,73.8,213.0,55.7,0.0,0.0,0.0
2026-01-01 07:35:45,29.9,73.7,199.7,55.7,0.0,0.0,0.0
2026-01-01 07:35:50,30.0,73.8,203.2,55.7,0.0,0.0,0.0
2026-01-01 07:35:55,30.0,73.6,194.5,55.7,0.0,0.0,0.0
2026-01-01 07:36:00,30.2,73.6,237.8,55.7,0.0,0.0,0.0
2026-01-01 07:36:05,30.3,73.9,202.6,55.7,0.0,0.0,0.0
2026-01-01 07:36:10,30.4,74.5,210.1,55.7,0.0,0.0,0.0
2026-01-01 07:36:15,30.6,74.8,232.5,55.7,0.0,0.0,0.0
2026-01-01 07:36:20,30.4,74.9,202.2,55.6,0.0,0.0,1.0
2026-01-01 07:36:25,30.4,74.9,206.3,55.7,0.0,0.0,0.0
2026-01-01 07:36:30,30.5,74.9,215.9,55.7,0.0,0.0,0.0
2026-01-01 07:36:35,30.5,74.6,220.3,55.7,0.0,0.0,0.0
2026-01-01 07:36:40,30.4,74.2,204.6,55.7,0.0,0.0,0.0
2026-01-01 07:36:45,30.5,74.8,215.5,55.7,0.0,0.0,0.0
2026-01-01 07:36:50,30.7,74.5,212.8,55.7,0.0,0.0,0.0
2026-01-01 07:36:55,30.6,74.2,225.9,55.7,0.0,0.0,1.0
2026-01-01 07:37:00,30.4,74.2,198.2,55.7,0.0,0.0,1.0
2026-01-01 07:37:05,30.2,74.4,196.9,55.6,0.0,0.0,0.0
2026-01-01 07:37:10,30.2,74.2,208.4,55.7,0.0,0.0,0.0
2026-01-01 07:37:15,30.2,73.9,202.8,55.6,0.0,0.0,0.0
2026-01-01 07:37:20,30.2,73.9,208.3,55.6,0.0,0.0,0.0
2026-01-01 07:37:25,30.3,74.1,220.0,55.6,0.0,0.0,0.0
2026-01-01 07:37:30,30.3,73.8,202.2,55.7,0.0,0.0,0.0
2026-01-01 07:37:35,30.3,73.9,193.4,55.7,0.0,0.0,0.0
2026-01-01 07:37:40,30.4,74.0,240.4,55.7,0.0,0.0,0.0
2026-01-01 07:37:45,30.6,73.8,207.2,55.7,0.0,0.0,0.0
2026-01-01 07:37:50,30.5,73.7,185.6,55.7,0.0,0.0,1.0
2026-01-01 07:37:55,30.4,73.8,197.6,55.7,0.0,0.0,0.0
2026-01-01 07:38:00,30.2,73.8,196.8,55.7,0.0,0.0,0.0
2026-01-01 07:38:05,30.2,74.1,222.8,55.6,0.0,0.0,0.0
2026-01-01 07:38:10,30.2,74.3,204.7,55.6,0.0,0.0,0.0
2026-01-01 07:38:15,30.2,74.4,198.6,55.6,0.0,0.0,0.0
2026-01-01 07:38:20,30.2,74.4,204.0,55.6,0.0,0.0,0.0
2026-01-01 07:38:25,30.3,74.5,216.9,55.6,0.0,0.0,0.0
2026-01-01 07:38:30,30.4,74.5,218.0,55.6,0.0,0.0,0.0
2026-01-01 07:38:35,30.5,74.7,209.0,55.5,0.0,0.0,0.0
2026-01-01 07:38:40,30.4,74.7,224.2,55.5,0.0,0.0,1.0
2026-01-01 07:38:45,30.5,74.5,199.7,55.5,0.0,0.0,0.0
2026-01-01 07:38:50,30.5,74.4,241.3,55.5,0.0,0.0,0.0
2026-01-01 07:38:55,30.3,74.2,228.3,55.6,0.0,0.0,1.0
2026-01-01 07:39:00,30.3,74.3,225.3,55.6,0.0,0.0,0.0
2026-01-01 07:39:05,30.3,74.2,234.7,55.5,0.0,0.0,0.0
2026-01-01 07:39:10,30.2,73.8,228.8,55.5,0.0,0.0,0.0
2026-01-01 07:39:15,30.4,74.0,208.5,55.6,0.0,0.0,0.0
2026-01-01 07:39:20,30.5,74.0,190.0,55.6,0.0,0.0,0.0
2026-01-01 07:39:25,30.4,73.7,203.8,55.5,0.0,0.0,1.0
2026-01-01 07:39:30,30.3,73.8,216.1,55.5,0.0,0.0,0.0
2026-01-01 07:39:35,30.3,73.8,227.7,55.5,0.0,0.0,0.0
2026-01-01 07:39:40,30.3,73.9,187.9,55.5,0.0,0.0,0.0
2026-01-01 07:39:45,30.3,73.8,226.5,55.5,0.0,0.0,0.0
2026-01-01 07:39:50,30.3,74.0,209.9,55.5,0.0,0.0,0.0
2026-01-01 07:39:55,30.4,73.7,208.1,55.5,0.0,0.0,0.0
2026-01-01 07:40:00,30.6,74.2,199.9,55.4,0.0,0.0,0.0
2026-01-01 07:40:05,30.6,73.9,213.7,55.3,0.0,0.0,1.0
2026-01-01 07:40:10,30.3,73.6,192.2,55.4,0.0,0.0,1.0
2026-01-01 07:40:15,30.2,73.5,225.7,55.4,0.0,0.0,0.0
2026-01-01 07:40:20,30.0,73.5,202.9,55.3,0.0,0.0,0.0
2026-01-01 07:40:25,30.0,73.5,202.8,55.4,0.0,0.0,0.0
2026-01-01 07:40:30,30.0,73.2,238.4,55.4,0.0,0.0,0.0
2026-01-01 07:40:35,30.1,73.1,241.0,55.4,0.0,0.0,0.0
2026-01-01 07:40:40,30.2,72.9,212.2,55.4,0.0,0.0,0.0
2026-01-01 07:40:45,30.3,72.7,237.5,55.4,0.0,0.0,0.0
2026-01-01 07:40:50,30.3,72.8,220.4,55.4,0.0,0.0,0.0
2026-01-01 07:40:55,30.4,73.1,213.6,55.3,0.0,0.0,0.0
2026-01-01 07:41:00,30.7,73.2,210.7,55.3,0.0,0.0,0.0
2026-01-01 07:41:05,30.7,73.2,223.7,55.3,0.0,0.0,1.0
2026-01-01 07:41:10,30.6,72.8,222.0,55.3,0.0,0.0,1.0
2026-01-01 07:41:15,30.4,72.6,214.7,55.3,0.0,0.0,1.0
2026-01-01 07:41:20,30.2,72.4,218.6,55.4,0.0,0.0,0.0
2026-01-01 07:41:25,30.0,72.4,215.2,55.4,0.0,0.0,0.0
2026-01-01 07:41:30,30.0,72.4,223.2,55.4,0.0,0.0,0.0
2026-01-01 07:41:35,29.9,72.6,228.0,55.4,0.0,0.0,0.0
2026-01-01 07:41:40,29.9,72.7,216.0,55.4,0.0,0.0,0.0
2026-01-01 07:41:45,29.9,72.6,207.3,55.3,0.0,0.0,0.0
2026-01-01 07:41:50,29.9,72.3,212.7,55.3,0.0,0.0,0.0
2026-01-01 07:41:55,29.9,72.2,206.1,55.3,0.0,0.0,0.0
2026-01-01 07:42:00,30.1,72.4,207.8,55.3,0.0,0.0,0.0
2026-01-01 07:42:05,30.2,72.2,209.7,55.3,0.0,0.0,0.0
2026-01-01 07:42:10,30.4,71.9,209.5,55.3,0.0,0.0,0.0
2026-01-01 07:42:15,30.7,72.2,218.7,55.3,0.0,0.0,0.0
2026-01-01 07:42:20,30.6,72.0,208.7,55.3,0.0,0.0,1.0
2026-01-01 07:42:25,30.6,72.2,252.1,55.3,0.0,0.0,1.0
2026-01-01 07:42:30,30.3,72.4,215.2,55.3,0.0,0.0,1.0
2026-01-01 07:42:35,30.1,72.5,233.7,55.2,0.0,0.0,0.0
2026-01-01 07:42:40,30.0,72.3,220.9,55.2,0.0,0.0,0.0
2026-01-01 07:42:45,29.9,72.1,210.9,55.2,0.0,0.0,0.0
2026-01-01 07:42:50,29.8,72.2,216.8,55.2,0.0,0.0,0.0
2026-01-01 07:42:55,29.8,72.2,215.1,55.2,0.0,0.0,0.0
2026-01-01 07:43:00,29.7,72.1,197.3,55.2,0.0,0.0,0.0
2026-01-01 07:43:05,29.7,72.2,213.0,55.2,0.0,0.0,0.0
2026-01-01 07:43:10,29.8,72.3,242.3,55.1,0.0,0.0,0.0
2026-01-01 07:43:15,29.8,72.3,235.8,55.2,0.0,0.0,0.0
2026-01-01 07:43:20,30.0,72.3,228.8,55.2,0.0,0.0,0.0
2026-01-01 07:43:25,30.2,72.5,197.4,55.2,0.0,0.0,0.0
2026-01-01 07:43:30,30.3,72.8,206.2,55.2,0.0,0.0,0.0
2026-01-01 07:43:35,30.5,72.5,214.2,55.2,0.0,0.0,0.0
2026-01-01 07:43:40,30.6,72.5,241.2,55.2,0.0,0.0,0.0
2026-01-01 07:43:45,30.7,72.3,208.3,55.1,0.0,0.0,1.0
2026-01-01 07:43:50,30.5,72.4,201.7,55.1,0.0,0.0,1.0
2026-01-01 07:43:55,30.3,72.3,215.6,55.1,0.0,0.0,0.0
2026-01-01 07:44:00,30.3,72.4,236.6,55.1,0.0,0.0,0.0
2026-01-01 07:44:05,30.3,72.4,219.6,55.0,0.0,0.0,0.0
2026-01-01 07:44:10,30.3,72.6,235.9,55.0,0.0,0.0,0.0
2026-01-01 07:44:15,30.4,72.4,252.2,55.0,0.0,0.0,0.0
2026-01-01 07:44:20,30.4,72.3,227.8,55.0,0.0,0.0,0.0
2026-01-01 07:44:25,30.5,72.6,229.7,55.0,0.0,0.0,0.0
2026-01-01 07:44:30,30.6,72.9,210.3,55.0,0.0,0.0,0.0
2026-01-01 07:44:35,30.4,73.0,224.9,55.0,0.0,0.0,1.0
2026-01-01 07:44:40,30.5,73.2,216.7,55.0,0.0,0.0,0.0
2026-01-01 07:44:45,30.4,73.4,196.5,55.0,0.0,0.0,0.0
2026-01-01 07:44:50,30.4,73.5,237.0,55.0,0.0,0.0,0.0
2026-01-01 07:44:55,30.6,73.8,241.5,55.0,0.0,0.0,0.0
2026-01-01 07:45:00,30.4,73.5,247.9,55.0,0.0,0.0,1.0
2026-01-01 07:45:05,30.4,73.0,225.2,54.9,0.0,0.0,0.0
2026-01-01 07:45:10,30.4,73.0,231.4,54.8,0.0,0.0,0.0
2026-01-01 07:45:15,30.5,73.2,237.6,54.8,0.0,0.0,0.0
2026-01-01 07:45:20,30.4,73.1,208.3,54.9,0.0,0.0,1.0
2026-01-01 07:45:25,30.3,73.2,255.3,54.8,0.0,0.0,0.0
2026-01-01 07:45:30,30.3,73.1,244.6,54.9,0.0,0.0,0.0
2026-01-01 07:45:35,30.2,73.1,207.8,54.9,0.0,0.0,0.0
2026-01-01 07:45:40,30.2,73.4,229.6,54.9,0.0,0.0,0.0
2026-01-01 07:45:45,30.2,73.6,255.3,54.9,0.0,0.0,0.0
2026-01-01 07:45:50,30.2,73.3,225.5,54.9,0.0,0.0,0.0
2026-01-01 07:45:55,30.4,73.5,231.0,54.9,0.0,0.0,0.0
2026-01-01 07:46:00,30.4,73.5,201.8,54.9,0.0,0.0,0.0
2026-01-01 07:46:05,30.6,73.6,219.3,54.8,0.0,0.0,0.0
2026-01-01 07:46:10,30.5,73.4,231.9,54.8,0.0,0.0,1.0
2026-01-01 07:46:15,30.3,73.7,213.2,54.9,0.0,0.0,1.0
2026-01-01 07:46:20,30.2,73.6,198.0,54.9,0.0,0.0,0.0
2026-01-01 07:46:25,30.2,73.4,211.3,54.8,0.0,0.0,0.0
2026-01-01 07:46:30,30.2,73.3,244.8,54.8,0.0,0.0,0.0
2026-01-01 07:46:35,30.3,73.1,226.7,54.8,0.0,0.0,0.0
2026-01-01 07:46:40,30.4,73.0,219.0,54.8,0.0,0.0,0.0
2026-01-01 07:46:45,30.4,73.3,207.4,54.8,0.0,0.0,0.0
2026-01-01 07:46:50,30.5,73.2,248.1,54.8,0.0,0.0,0.0
2026-01-01 07:46:55,30.6,73.4,239.3,54.7,0.0,0.0,0.0
2026-01-01 07:47:00,30.4,73.4,247.1,54.7,0.0,0.0,1.0
2026-01-01 07:47:05,30.4,73.5,230.3,54.7,0.0,0.0,0.0
2026-01-01 07:47:10,30.3,73.6,239.6,54.7,0.0,0.0,0.0
2026-01-01 07:47:15,30.4,73.5,233.5,54.7,0.0,0.0,0.0
2026-01-01 07:47:20,30.5,73.5,221.1,54.8,0.0,0.0,0.0
2026-01-01 07:47:25,30.4,73.2,228.3,54.7,0.0,0.0,1.0
2026-01-01 07:47:30,30.4,73.1,194.6,54.7,0.0,0.0,0.0
2026-01-01 07:47:35,30.5,73.0,257.9,54.8,0.0,0.0,0.0
2026-01-01 07:47:40,30.4,73.2,240.6,54.7,0.0,0.0,1.0
2026-01-01 07:47:45,30.3,73.2,217.5,54.6,0.0,0.0,0.0
2026-01-01 07:47:50,30.3,73.1,250.7,54.6,0.0,0.0,0.0
2026-01-01 07:47:55,30.4,73.1,239.8,54.6,0.0,0.0,0.0
2026-01-01 07:48:00,30.4,73.1,223.2,54.6,0.0,0.0,0.0
2026-01-01 07:48:05,30.4,73.2,215.7,54.6,0.0,0.0,0.0
2026-01-01 07:48:10,30.5,73.1,236.1,54.6,0.0,0.0,0.0
2026-01-01 07:48:15,30.7,73.0,259.9,54.7,0.0,0.0,0.0
2026-01-01 07:48:20,30.6,73.2,234.3,54.7,0.0,0.0,1.0
2026-01-01 07:48:25,30.6,73.1,246.0,54.7,0.0,0.0,1.0
2026-01-01 07:48:30,30.3,73.2,244.2,54.6,0.0,0.0,1.0
2026-01-01 07:48:35,30.1,72.9,220.4,54.6,0.0,0.0,0.0
2026-01-01 07:48:40,30.0,72.9,234.8,54.6,0.0,0.0,0.0
2026-01-01 07:48:45,30.0,72.9,226.4,54.6,0.0,0.0,0.0
2026-01-01 07:48:50,30.0,72.8,234.0,54.7,0.0,0.0,0.0
2026-01-01 07:48:55,30.1,72.8,230.8,54.6,0.0,0.0,0.0
2026-01-01 07:49:00,30.1,72.3,235.2,54.6,0.0,0.0,0.0
2026-01-01 07:49:05,30.2,72.1,242.2,54.6,0.0,0.0,0.0
2026-01-01 07:49:10,30.3,72.2,246.9,54.6,0.0,0.0,0.0
2026-01-01 07:49:15,30.4,72.4,240.0,54.6,0.0,0.0,0.0
2026-01-01 07:49:20,30.4,72.7,231.7,54.6,0.0,0.0,0.0
2026-01-01 07:49:25,30.6,72.7,228.7,54.6,0.0,0.0,0.0
2026-01-01 07:49:30,30.6,72.6,253.6,54.6,0.0,0.0,1.0
2026-01-01 07:49:35,30.4,72.6,262.4,54.6,0.0,0.0,1.0
2026-01-01 07:49:40,30.4,72.5,223.6,54.6,0.0,0.0,0.0
2026-01-01 07:49:45,30.3,72.6,243.9,54.6,0.0,0.0,0.0
2026-01-01 07:49:50,30.4,72.8,252.0,54.6,0.0,0.0,0.0
2026-01-01 07:49:55,30.4,72.9,227.8,54.6,0.0,0.0,0.0
2026-01-01 07:50:00,30.3,73.0,250.7,54.6,0.0,0.0,0.0
2026-01-01 07:50:05,30.4,73.2,261.8,54.6,0.0,0.0,0.0
2026-01-01 07:50:10,30.4,73.3,250.7,54.6,0.0,0.0,0.0
2026-01-01 07:50:15,30.6,73.4,237.7,54.6,0.0,0.0,0.0
2026-01-01 07:50:20,30.6,73.5,217.4,54.6,0.0,0.0,1.0
2026-01-01 07:50:25,30.4,73.8,243.9,54.7,0.0,0.0,1.0
2026-01-01 07:50:30,30.3,73.5,229.2,54.6,0.0,0.0,0.0
2026-01-01 07:50:35,30.2,73.5,248.2,54.6,0.0,0.0,0.0
2026-01-01 07:50:40,30.2,73.2,246.1,54.6,0.0,0.0,0.0
2026-01-01 07:50:45,30.2,73.1,242.4,54.6,0.0,0.0,0.0
2026-01-01 07:50:50,30.1,72.9,227.0,54.6,0.0,0.0,0.0
2026-01-01 07:50:55,30.2,72.8,195.2,54.5,0.0,0.0,0.0
2026-01-01 07:51:00,30.2,72.6,227.5,54.5,0.0,0.0,0.0
2026-01-01 07:51:05,30.4,72.5,238.8,54.5,0.0,0.0,0.0
2026-01-01 07:51:10,30.5,72.7,236.7,54.5,0.0,0.0,0.0
2026-01-01 07:51:15,30.5,72.8,249.7,54.5,0.0,0.0,0.0
2026-01-01 07:51:20,30.5,72.8,234.8,54.6,0.0,0.0,1.0
2026-01-01 07:51:25,30.4,72.4,235.8,54.6,0.0,0.0,1.0
2026-01-01 07:51:30,30.3,72.3,239.4,54.5,0.0,0.0,0.0
2026-01-01 07:51:35,30.2,72.4,236.0,54.5,0.0,0.0,0.0
2026-01-01 07:51:40,30.3,72.3,239.4,54.5,0.0,0.0,0.0
2026-01-01 07:51:45,30.3,72.2,244.2,54.6,0.0,0.0,0.0
2026-01-01 07:51:50,30.3,72.2,217.3,54.5,0.0,0.0,0.0
2026-01-01 07:51:55,30.5,71.9,230.5,54.5,0.0,0.0,0.0
2026-01-01 07:52:00,30.4,71.8,228.9,54.5,0.0,0.0,1.0
2026-01-01 07:52:05,30.4,71.8,219.2,54.5,0.0,0.0,0.0
2026-01-01 07:52:10,30.3,71.5,259.1,54.5,0.0,0.0,0.0
2026-01-01 07:52:15,30.3,71.6,235.6,54.5,0.0,0.0,0.0
2026-01-01 07:52:20,30.3,71.7,236.4,54.6,0.0,0.0,0.0
2026-01-01 07:52:25,30.4,71.9,245.0,54.6,0.0,0.0,0.0
2026-01-01 07:52:30,30.5,71.9,269.0,54.6,0.0,0.0,0.0
2026-01-01 07:52:35,30.5,72.0,250.1,54.4,0.0,0.0,1.0
2026-01-01 07:52:40,30.3,72.2,241.8,54.5,0.0,0.0,1.0
2026-01-01 07:52:45,30.1,72.2,227.8,54.4,0.0,0.0,0.0
2026-01-01 07:52:50,30.1,72.5,239.1,54.4,0.0,0.0,0.0
2026-01-01 07:52:55,30.2,72.5,261.0,54.4,0.0,0.0,0.0
2026-01-01 07:53:00,30.2,72.3,226.8,54.4,0.0,0.0,0.0
2026-01-01 07:53:05,30.1,72.0,248.1,54.4,0.0,0.0,0.0
2026-01-01 07:53:10,30.1,72.2,231.4,54.4,0.0,0.0,0.0
2026-01-01 07:53:15,30.3,72.2,249.0,54.5,0.0,0.0,0.0
2026-01-01 07:53:20,30.5,72.2,246.3,54.4,0.0,0.0,0.0
2026-01-01 07:53:25,30.7,72.6,253.8,54.4,0.0,0.0,0.0
2026-01-01 07:53:30,30.5,72.6,249.8,54.3,0.0,0.0,1.0
2026-01-01 07:53:35,30.5,72.7,239.9,54.4,0.0,0.0,0.0
2026-01-01 07:53:40,30.4,72.6,236.9,54.4,0.0,0.0,1.0
2026-01-01 07:53:45,30.4,72.3,261.6,54.4,0.0,0.0,0.0
2026-01-01 07:53:50,30.3,72.4,223.5,54.4,0.0,0.0,0.0
2026-01-01 07:53:55,30.3,72.1,221.0,54.3,0.0,0.0,0.0
2026-01-01 07:54:00,30.4,72.3,250.6,54.4,0.0,0.0,0.0
2026-01-01 07:54:05,30.5,72.4,252.9,54.4,0.0,0.0,0.0
2026-01-01 07:54:10,30.5,72.5,227.7,54.3,0.0,0.0,0.0
2026-01-01 07:54:15,30.4,72.2,222.2,54.3,0.0,0.0,1.0
2026-01-01 07:54:20,30.3,72.1,216.8,54.3,0.0,0.0,0.0
2026-01-01 07:54:25,30.3,71.9,246.1,54.4,0.0,0.0,0.0
2026-01-01 07:54:30,30.4,71.8,212.2,54.3,0.0,0.0,0.0
2026-01-01 07:54:35,30.5,71.6,250.2,54.2,0.0,0.0,0.0
2026-01-01 07:54:40,30.5,71.6,224.3,54.2,1.0,0.0,1.0
2026-01-01 07:54:45,30.4,71.4,224.8,54.2,1.0,0.0,0.0
2026-01-01 07:54:50,30.4,71.5,245.5,54.2,1.0,0.0,0.0
2026-01-01 07:54:55,30.4,71.4,246.8,54.3,0.0,0.0,0.0
2026-01-01 07:55:00,30.5,71.5,258.3,54.5,0.0,0.0,0.0
2026-01-01 07:55:05,30.6,71.4,232.9,54.7,0.0,0.0,0.0
2026-01-01 07:55:10,30.5,71.4,232.5,54.8,0.0,0.0,1.0
2026-01-01 07:55:15,30.4,71.3,250.1,54.8,0.0,0.0,0.0
2026-01-01 07:55:20,30.4,70.9,256.2,54.9,0.0,0.0,0.0
2026-01-01 07:55:25,30.4,70.9,240.6,55.0,0.0,0.0,0.0
2026-01-01 07:55:30,30.6,71.3,255.4,55.0,0.0,0.0,0.0
2026-01-01 07:55:35,30.5,71.0,264.8,55.1,0.0,0.0,1.0
2026-01-01 07:55:40,30.4,70.9,260.8,55.1,0.0,0.0,0.0
2026-01-01 07:55:45,30.4,71.1,227.9,55.1,0.0,0.0,0.0
2026-01-01 07:55:50,30.5,71.2,237.4,55.2,0.0,0.0,0.0
2026-01-01 07:55:55,30.6,71.1,252.3,55.1,0.0,0.0,0.0
2026-01-01 07:56:00,30.5,71.0,240.0,55.1,0.0,0.0,1.0
2026-01-01 07:56:05,30.4,71.0,240.6,55.1,0.0,0.0,0.0
2026-01-01 07:56:10,30.4,71.0,235.0,55.1,0.0,0.0,0.0
2026-01-01 07:56:15,30.4,71.0,242.2,55.1,0.0,0.0,0.0
2026-01-01 07:56:20,30.5,71.4,233.6,55.0,0.0,0.0,0.0
2026-01-01 07:56:25,30.5,71.7,254.8,55.1,0.0,0.0,0.0
2026-01-01 07:56:30,30.6,71.5,246.5,55.0,0.0,0.0,1.0
2026-01-01 07:56:35,30.5,71.1,255.6,55.1,0.0,0.0,1.0
2026-01-01 07:56:40,30.4,71.4,274.3,55.1,0.0,0.0,1.0
2026-01-01 07:56:45,30.2,71.5,244.3,55.1,0.0,0.0,0.0
2026-01-01 07:56:50,30.1,71.4,234.2,55.0,0.0,0.0,0.0
2026-01-01 07:56:55,30.1,71.4,255.2,55.0,0.0,0.0,0.0
2026-01-01 07:57:00,30.1,71.3,255.8,55.0,0.0,0.0,0.0
2026-01-01 07:57:05,30.2,71.4,232.7,55.0,0.0,0.0,0.0
2026-01-01 07:57:10,30.3,71.3,290.2,55.1,0.0,0.0,0.0
2026-01-01 07:57:15,30.4,71.1,234.8,55.1,0.0,0.0,0.0
2026-01-01 07:57:20,30.5,71.6,245.8,55.1,0.0,0.0,0.0
2026-01-01 07:57:25,30.6,71.4,273.7,55.1,0.0,0.0,0.0
2026-01-01 07:57:30,30.6,71.6,243.7,55.0,0.0,0.0,1.0
2026-01-01 07:57:35,30.4,71.9,239.9,55.0,0.0,0.0,1.0
2026-01-01 07:57:40,30.3,71.9,244.0,55.0,0.0,0.0,0.0
2026-01-01 07:57:45,30.2,72.0,261.8,55.0,0.0,0.0,0.0
2026-01-01 07:57:50,30.4,72.1,270.8,55.1,0.0,0.0,0.0
2026-01-01 07:57:55,30.5,72.3,227.7,55.0,0.0,0.0,0.0
2026-01-01 07:58:00,30.6,72.6,258.0,55.1,0.0,0.0,0.0
2026-01-01 07:58:05,30.5,72.5,264.5,55.1,0.0,0.0,1.0
2026-01-01 07:58:10,30.5,72.6,256.6,55.1,0.0,0.0,0.0
2026-01-01 07:58:15,30.5,72.2,287.7,55.0,0.0,0.0,0.0
2026-01-01 07:58:20,30.6,72.4,273.6,55.0,0.0,0.0,0.0
2026-01-01 07:58:25,30.5,72.6,258.4,55.0,0.0,0.0,1.0
2026-01-01 07:58:30,30.4,72.5,243.7,55.0,0.0,0.0,0.0
2026-01-01 07:58:35,30.5,72.5,253.0,55.0,0.0,0.0,0.0
2026-01-01 07:58:40,30.6,72.1,257.4,54.9,0.0,0.0,0.0
2026-01-01 07:58:45,30.5,72.1,269.2,55.0,0.0,0.0,1.0
2026-01-01 07:58:50,30.5,72.0,243.4,55.0,0.0,0.0,0.0
2026-01-01 07:58:55,30.4,72.1,251.0,55.0,0.0,0.0,0.0
2026-01-01 07:59:00,30.5,72.4,248.6,55.0,0.0,0.0,0.0
2026-01-01 07:59:05,30.4,72.4,254.9,55.0,0.0,0.0,1.0
2026-01-01 07:59:10,30.3,72.6,246.5,55.0,0.0,0.0,0.0
2026-01-01 07:59:15,30.2,72.5,253.7,54.9,0.0,0.0,0.0
2026-01-01 07:59:20,30.2,72.4,236.0,55.0,0.0,0.0,0.0
2026-01-01 07:59:25,30.4,72.4,276.0,55.0,0.0,0.0,0.0
2026-01-01 07:59:30,30.4,72.5,261.0,54.9,0.0,0.0,0.0
2026-01-01 07:59:35,30.5,72.3,254.0,54.9,0.0,0.0,0.0
2026-01-01 07:59:40,30.4,72.2,205.8,55.0,0.0,0.0,1.0
2026-01-01 07:59:45,30.4,72.3,285.0,55.0,0.0,0.0,0.0
2026-01-01 07:59:50,30.4,72.2,268.5,55.0,0.0,0.0,0.0
2026-01-01 07:59:55,30.6,72.2,241.5,54.9,0.0,0.0,0.0
2026-01-01 08:00:00,30.6,72.1,282.9,55.0,0.0,0.0,1.0
2026-01-01 08:00:05,30.3,72.0,261.5,55.0,0.0,0.0,1.0
2026-01-01 08:00:10,30.2,71.8,277.0,55.0,0.0,0.0,0.0
2026-01-01 08:00:15,30.1,72.0,253.0,55.0,0.0,0.0,0.0
2026-01-01 08:00:20,30.0,71.9,284.8,55.0,0.0,0.0,0.0
2026-01-01 08:00:25,29.9,72.3,269.4,54.9,0.0,0.0,0.0
2026-01-01 08:00:30,30.1,72.5,234.4,54.9,0.0,0.0,0.0
2026-01-01 08:00:35,30.2,72.5,240.1,54.9,0.0,0.0,0.0
2026-01-01 08:00:40,30.4,72.4,253.6,54.9,0.0,0.0,0.0
2026-01-01 08:00:45,30.5,72.7,237.4,54.9,0.0,0.0,0.0
2026-01-01 08:00:50,30.6,72.8,241.3,54.9,0.0,0.0,1.0
2026-01-01 08:00:55,30.3,72.9,261.4,54.9,0.0,0.0,1.0
2026-01-01 08:01:00,30.3,72.8,224.6,54.9,0.0,0.0,0.0
2026-01-01 08:01:05,30.2,72.9,240.7,54.9,0.0,0.0,0.0
2026-01-01 08:01:10,30.2,73.0,247.6,54.9,0.0,0.0,0.0
2026-01-01 08:01:15,30.2,72.6,251.8,54.9,0.0,0.0,0.0
2026-01-01 08:01:20,30.3,72.6,247.3,54.9,0.0,0.0,0.0
2026-01-01 08:01:25,30.4,72.7,257.0,54.9,0.0,0.0,0.0
2026-01-01 08:01:30,30.5,72.8,260.9,54.9,0.0,0.0,0.0
2026-01-01 08:01:35,30.4,72.7,253.8,54.8,0.0,0.0,1.0
2026-01-01 08:01:40,30.4,72.6,262.4,54.8,0.0,0.0,0.0
2026-01-01 08:01:45,30.3,72.6,248.7,54.8,0.0,0.0,0.0
2026-01-01 08:01:50,30.4,72.8,281.1,54.9,0.0,0.0,0.0
2026-01-01 08:01:55,30.6,72.7,249.6,54.9,0.0,0.0,0.0
2026-01-01 08:02:00,30.6,72.8,252.7,54.8,0.0,0.0,1.0
2026-01-01 08:02:05,30.4,72.8,255.4,54.8,0.0,0.0,1.0
2026-01-01 08:02:10,30.4,72.8,255.7,54.9,0.0,0.0,0.0
2026-01-01 08:02:15,30.2,72.7,256.6,54.9,0.0,0.0,0.0
2026-01-01 08:02:20,30.2,72.8,246.7,54.9,0.0,0.0,0.0
2026-01-01 08:02:25,30.3,72.9,254.7,54.9,0.0,0.0,0.0
2026-01-01 08:02:30,30.3,72.8,248.2,54.9,0.0,0.0,0.0
2026-01-01 08:02:35,30.3,72.8,251.6,54.8,0.0,0.0,0.0
2026-01-01 08:02:40,30.5,72.9,248.3,54.8,0.0,0.0,0.0
2026-01-01 08:02:45,30.7,72.9,273.8,54.8,0.0,0.0,0.0
2026-01-01 08:02:50,30.7,72.8,267.7,54.8,0.0,0.0,1.0
2026-01-01 08:02:55,30.6,73.0,270.9,54.9,0.0,0.0,1.0
2026-01-01 08:03:00,30.4,72.8,242.7,54.8,0.0,0.0,1.0
2026-01-01 08:03:05,30.2,72.5,260.0,54.8,0.0,0.0,0.0
2026-01-01 08:03:10,30.3,72.4,257.8,54.9,0.0,0.0,0.0
2026-01-01 08:03:15,30.3,72.7,270.3,54.8,0.0,0.0,0.0
2026-01-01 08:03:20,30.3,72.5,284.1,54.8,0.0,0.0,0.0
2026-01-01 08:03:25,30.4,72.5,253.7,54.7,0.0,0.0,0.0
2026-01-01 08:03:30,30.5,72.5,242.4,54.7,0.0,0.0,0.0
2026-01-01 08:03:35,30.6,72.5,273.1,54.7,0.0,0.0,0.0
2026-01-01 08:03:40,30.6,72.4,246.9,54.8,0.0,0.0,1.0
2026-01-01 08:03:45,30.5,72.1,251.3,54.8,0.0,0.0,1.0
2026-01-01 08:03:50,30.4,71.9,243.0,54.8,0.0,0.0,0.0
2026-01-01 08:03:55,30.3,71.8,249.8,54.7,0.0,0.0,0.0
2026-01-01 08:04:00,30.4,72.1,267.7,54.7,0.0,0.0,0.0
2026-01-01 08:04:05,30.4,72.0,253.1,54.7,0.0,0.0,0.0
2026-01-01 08:04:10,30.5,72.0,258.7,54.7,0.0,0.0,0.0
2026-01-01 08:04:15,30.6,72.0,288.9,54.7,0.0,0.0,0.0
2026-01-01 08:04:20,30.4,72.3,237.5,54.7,0.0,0.0,1.0
2026-01-01 08:04:25,30.4,72.4,267.5,54.7,0.0,0.0,0.0
2026-01-01 08:04:30,30.4,72.4,257.2,54.7,0.0,0.0,0.0
2026-01-01 08:04:35,30.4,72.1,255.2,54.7,0.0,0.0,0.0
2026-01-01 08:04:40,30.5,71.8,272.6,54.7,0.0,0.0,0.0
2026-01-01 08:04:45,30.4,71.8,270.9,54.7,0.0,0.0,1.0
2026-01-01 08:04:50,30.5,71.6,292.9,54.7,0.0,0.0,0.0
2026-01-01 08:04:55,30.5,71.4,270.0,54.6,0.0,0.0,0.0
2026-01-01 08:05:00,30.5,71.5,287.0,54.6,0.0,0.0,0.0
2026-01-01 08:05:05,30.5,71.4,263.0,54.6,0.0,0.0,0.0
2026-01-01 08:05:10,30.5,71.4,270.8,54.6,0.0,0.0,1.0
2026-01-01 08:05:15,30.4,71.6,277.8,54.6,0.0,0.0,1.0
2026-01-01 08:05:20,30.2,71.7,242.4,54.6,0.0,0.0,0.0
2026-01-01 08:05:25,30.3,72.0,278.6,54.5,0.0,0.0,0.0
2026-01-01 08:05:30,30.3,71.9,269.1,54.5,0.0,0.0,0.0
2026-01-01 08:05:35,30.4,71.8,261.4,54.6,0.0,0.0,0.0
2026-01-01 08:05:40,30.4,71.8,298.7,54.6,0.0,0.0,0.0
2026-01-01 08:05:45,30.5,71.8,255.8,54.6,0.0,0.0,0.0
2026-01-01 08:05:50,30.5,71.6,266.3,54.5,0.0,0.0,1.0
2026-01-01 08:05:55,30.3,71.6,259.1,54.6,0.0,0.0,1.0
2026-01-01 08:06:00,30.2,71.6,274.0,54.5,0.0,0.0,0.0
2026-01-01 08:06:05,30.1,71.7,278.2,54.6,0.0,0.0,0.0
2026-01-01 08:06:10,30.2,71.5,288.0,54.6,0.0,0.0,0.0
2026-01-01 08:06:15,30.3,71.4,285.2,54.6,0.0,0.0,0.0
2026-01-01 08:06:20,30.3,71.4,304.9,54.5,0.0,0.0,0.0
2026-01-01 08:06:25,30.5,71.8,282.2,54.5,0.0,0.0,0.0
2026-01-01 08:06:30,30.5,71.8,248.9,54.5,0.0,0.0,1.0
2026-01-01 08:06:35,30.5,72.1,256.5,54.4,0.0,0.0,0.0
2026-01-01 08:06:40,30.7,72.1,270.4,54.5,0.0,0.0,0.0
2026-01-01 08:06:45,30.7,72.4,271.4,54.5,0.0,0.0,1.0
2026-01-01 08:06:50,30.4,72.5,267.4,54.5,0.0,0.0,1.0
2026-01-01 08:06:55,30.3,72.4,270.8,54.5,0.0,0.0,0.0
2026-01-01 08:07:00,30.3,72.4,273.8,54.5,0.0,0.0,0.0
2026-01-01 08:07:05,30.4,72.4,238.1,54.5,0.0,0.0,0.0
2026-01-01 08:07:10,30.4,72.5,260.6,54.5,0.0,0.0,0.0
2026-01-01 08:07:15,30.5,72.0,264.1,54.5,0.0,0.0,0.0
2026-01-01 08:07:20,30.6,71.9,289.6,54.5,0.0,0.0,1.0
2026-01-01 08:07:25,30.4,72.0,275.1,54.5,0.0,0.0,1.0
2026-01-01 08:07:30,30.3,72.0,296.8,54.5,0.0,0.0,0.0
2026-01-01 08:07:35,30.2,72.1,265.6,54.4,0.0,0.0,0.0
2026-01-01 08:07:40,30.2,72.3,290.3,54.5,0.0,0.0,0.0
2026-01-01 08:07:45,30.3,72.3,286.6,54.4,0.0,0.0,0.0
2026-01-01 08:07:50,30.4,72.5,285.1,54.4,0.0,0.0,0.0
2026-01-01 08:07:55,30.4,72.6,240.9,54.5,0.0,0.0,0.0
2026-01-01 08:08:00,30.6,72.6,265.0,54.4,0.0,0.0,0.0
2026-01-01 08:08:05,30.5,72.5,285.2,54.5,0.0,0.0,1.0
2026-01-01 08:08:10,30.3,72.4,269.2,54.4,0.0,0.0,1.0
2026-01-01 08:08:15,30.2,72.2,259.6,54.5,0.0,0.0,0.0
2026-01-01 08:08:20,30.2,72.0,283.0,54.4,0.0,0.0,0.0
2026-01-01 08:08:25,30.2,72.0,279.3,54.5,0.0,0.0,0.0
2026-01-01 08:08:30,30.3,71.9,275.2,54.5,0.0,0.0,0.0
2026-01-01 08:08:35,30.4,72.0,258.1,54.5,0.0,0.0,0.0
2026-01-01 08:08:40,30.7,71.9,272.1,54.4,0.0,0.0,0.0
2026-01-01 08:08:45,30.7,72.0,301.8,54.4,0.0,0.0,1.0
2026-01-01 08:08:50,30.6,72.0,259.7,54.5,0.0,0.0,1.0
2026-01-01 08:08:55,30.4,71.8,288.7,54.4,0.0,0.0,1.0
2026-01-01 08:09:00,30.3,72.1,268.4,54.4,0.0,0.0,0.0
2026-01-01 08:09:05,30.4,72.1,278.4,54.4,0.0,0.0,0.0
2026-01-01 08:09:10,30.5,72.2,256.8,54.5,0.0,0.0,0.0
2026-01-01 08:09:15,30.5,72.2,260.7,54.5,0.0,0.0,0.0
2026-01-01 08:09:20,30.5,72.4,278.1,54.5,0.0,0.0,0.0
2026-01-01 08:09:25,30.3,72.1,292.8,54.5,0.0,0.0,1.0
2026-01-01 08:09:30,30.3,72.2,292.0,54.4,0.0,0.0,0.0
2026-01-01 08:09:35,30.3,71.8,254.9,54.4,0.0,0.0,0.0
2026-01-01 08:09:40,30.4,71.8,270.5,54.4,0.0,0.0,0.0
2026-01-01 08:09:45,30.5,71.6,252.1,54.4,0.0,0.0,0.0
2026-01-01 08:09:50,30.4,71.7,292.5,54.5,0.0,0.0,1.0
2026-01-01 08:09:55,30.4,71.8,301.2,54.5,0.0,0.0,0.0
2026-01-01 08:10:00,30.6,71.6,257.1,54.5,0.0,0.0,0.0
2026-01-01 08:10:05,30.5,71.4,276.3,54.4,0.0,0.0,1.0
2026-01-01 08:10:10,30.3,71.5,316.5,54.4,0.0,0.0,1.0
2026-01-01 08:10:15,30.2,71.5,264.1,54.4,0.0,0.0,0.0
2026-01-01 08:10:20,30.2,71.5,309.4,54.4,0.0,0.0,0.0
2026-01-01 08:10:25,30.2,71.5,266.1,54.4,0.0,0.0,0.0
2026-01-01 08:10:30,30.2,71.5,292.3,54.4,0.0,0.0,0.0
2026-01-01 08:10:35,30.1,71.5,288.9,54.4,0.0,0.0,0.0
2026-01-01 08:10:40,30.3,71.5,260.8,54.4,0.0,0.0,0.0
2026-01-01 08:10:45,30.4,71.3,256.3,54.4,0.0,0.0,0.0
2026-01-01 08:10:50,30.6,71.2,279.4,54.4,0.0,0.0,0.0
2026-01-01 08:10:55,30.5,70.8,289.3,54.4,0.0,0.0,1.0
2026-01-01 08:11:00,30.5,70.8,267.4,54.4,0.0,0.0,1.0
2026-01-01 08:11:05,30.3,70.6,306.7,54.3,0.0,0.0,1.0
2026-01-01 08:11:10,30.3,70.6,262.4,54.4,0.0,0.0,0.0
2026-01-01 08:11:15,30.2,70.5,270.1,54.4,0.0,0.0,0.0
2026-01-01 08:11:20,30.1,70.7,284.1,54.4,0.0,0.0,0.0
2026-01-01 08:11:25,30.2,70.6,268.0,54.4,0.0,0.0,0.0
2026-01-01 08:11:30,30.4,70.6,283.2,54.3,0.0,0.0,0.0
2026-01-01 08:11:35,30.4,70.6,285.2,54.3,0.0,0.0,0.0
2026-01-01 08:11:40,30.6,70.5,272.9,54.3,0.0,0.0,0.0
2026-01-01 08:11:45,30.6,70.6,289.5,54.3,0.0,0.0,1.0
2026-01-01 08:11:50,30.6,70.7,285.9,54.4,0.0,0.0,1.0
2026-01-01 08:11:55,30.4,70.9,285.3,54.3,0.0,0.0,1.0
2026-01-01 08:12:00,30.4,71.0,260.0,54.2,0.0,0.0,0.0
2026-01-01 08:12:05,30.4,71.4,287.2,54.2,0.0,0.0,0.0
2026-01-01 08:12:10,30.3,71.2,283.4,54.2,0.0,0.0,0.0
2026-01-01 08:12:15,30.3,71.3,314.5,54.3,0.0,0.0,0.0
2026-01-01 08:12:20,30.5,71.2,272.4,54.3,0.0,0.0,0.0
2026-01-01 08:12:25,30.6,71.2,264.5,54.3,0.0,0.0,0.0
2026-01-01 08:12:30,30.6,71.4,292.7,54.2,0.0,0.0,1.0
2026-01-01 08:12:35,30.5,71.4,290.2,54.2,1.0,0.0,1.0
2026-01-01 08:12:40,30.4,71.3,296.9,54.2,1.0,0.0,1.0
2026-01-01 08:12:45,30.1,71.3,273.0,54.3,1.0,0.0,0.0
2026-01-01 08:12:50,30.0,71.0,260.6,54.4,0.0,0.0,0.0
2026-01-01 08:12:55,30.2,70.8,297.7,54.4,0.0,0.0,0.0
2026-01-01 08:13:00,30.2,71.0,278.2,54.6,0.0,0.0,0.0
2026-01-01 08:13:05,30.2,71.0,278.0,54.7,0.0,0.0,0.0
2026-01-01 08:13:10,30.3,71.1,249.7,54.8,0.0,0.0,0.0
2026-01-01 08:13:15,30.5,71.0,281.1,54.9,0.0,0.0,0.0
2026-01-01 08:13:20,30.6,71.1,282.6,55.0,0.0,0.0,0.0
2026-01-01 08:13:25,30.5,71.0,289.6,55.0,0.0,0.0,1.0
2026-01-01 08:13:30,30.5,71.3,268.6,55.0,0.0,0.0,0.0
2026-01-01 08:13:35,30.4,71.2,278.1,55.0,0.0,0.0,0.0
2026-01-01 08:13:40,30.6,71.3,275.7,55.0,0.0,0.0,0.0
2026-01-01 08:13:45,30.6,71.3,256.0,55.0,0.0,0.0,1.0
2026-01-01 08:13:50,30.4,71.1,279.4,55.0,0.0,0.0,1.0
2026-01-01 08:13:55,30.3,71.1,256.8,55.1,0.0,0.0,0.0
2026-01-01 08:14:00,30.3,71.1,273.3,55.1,0.0,0.0,0.0
2026-01-01 08:14:05,30.4,71.0,265.3,55.0,0.0,0.0,0.0
2026-01-01 08:14:10,30.4,71.2,285.3,55.0,0.0,0.0,0.0
2026-01-01 08:14:15,30.5,71.2,246.5,55.1,0.0,0.0,0.0
2026-01-01 08:14:20,30.5,71.5,248.8,55.0,0.0,0.0,0.0
2026-01-01 08:14:25,30.5,71.7,285.4,55.0,0.0,0.0,0.0
2026-01-01 08:14:30,30.5,71.7,276.1,55.1,0.0,0.0,1.0
2026-01-01 08:14:35,30.5,72.2,273.2,55.1,0.0,0.0,0.0
2026-01-01 08:14:40,30.3,72.3,307.1,55.1,0.0,0.0,1.0
2026-01-01 08:14:45,30.2,72.1,244.5,55.0,0.0,0.0,0.0
2026-01-01 08:14:50,30.2,71.9,291.9,55.0,0.0,0.0,0.0
2026-01-01 08:14:55,30.2,71.8,304.4,55.0,0.0,0.0,0.0
2026-01-01 08:15:00,30.3,71.7,278.4,55.0,0.0,0.0,0.0
2026-01-01 08:15:05,30.3,71.9,278.5,55.0,0.0,0.0,0.0
2026-01-01 08:15:10,30.5,71.6,276.6,55.0,0.0,0.0,0.0
2026-01-01 08:15:15,30.7,71.5,274.0,54.9,0.0,0.0,0.0
2026-01-01 08:15:20,30.8,71.5,291.9,54.9,0.0,0.0,1.0
2026-01-01 08:15:25,30.6,71.5,278.7,54.9,0.0,0.0,1.0
2026-01-01 08:15:30,30.5,71.1,284.5,55.0,0.0,0.0,1.0
2026-01-01 08:15:35,30.4,70.8,289.1,55.0,0.0,0.0,1.0
2026-01-01 08:15:40,30.3,70.4,281.8,55.0,0.0,0.0,0.0
2026-01-01 08:15:45,30.3,70.4,290.1,54.9,0.0,0.0,0.0
2026-01-01 08:15:50,30.3,70.5,297.5,54.9,0.0,0.0,0.0
2026-01-01 08:15:55,30.2,70.3,286.4,54.9,0.0,0.0,0.0
2026-01-01 08:16:00,30.4,70.4,279.2,54.9,0.0,0.0,0.0
2026-01-01 08:16:05,30.4,70.4,271.5,54.9,0.0,0.0,0.0
2026-01-01 08:16:10,30.6,70.4,281.2,54.8,0.0,0.0,0.0
2026-01-01 08:16:15,30.7,70.7,271.9,54.9,0.0,0.0,1.0
2026-01-01 08:16:20,30.5,70.7,282.6,54.9,0.0,0.0,1.0
2026-01-01 08:16:25,30.4,70.5,293.1,54.8,0.0,0.0,1.0
2026-01-01 08:16:30,30.3,70.4,294.8,54.8,0.0,0.0,0.0
2026-01-01 08:16:35,30.2,70.4,304.8,54.8,0.0,0.0,0.0
2026-01-01 08:16:40,30.1,70.5,300.0,54.8,0.0,0.0,0.0
2026-01-01 08:16:45,30.2,70.3,289.9,54.9,0.0,0.0,0.0
2026-01-01 08:16:50,30.3,70.4,270.8,54.9,0.0,0.0,0.0
2026-01-01 08:16:55,30.4,70.8,269.8,54.9,0.0,0.0,0.0
2026-01-01 08:17:00,30.4,70.7,265.2,54.8,0.0,0.0,0.0
2026-01-01 08:17:05,30.6,70.7,303.9,54.8,0.0,0.0,0.0
2026-01-01 08:17:10,30.6,70.8,286.6,54.8,0.0,0.0,1.0
2026-01-01 08:17:15,30.6,70.8,313.9,54.8,0.0,0.0,1.0
2026-01-01 08:17:20,30.5,70.5,278.4,54.8,0.0,0.0,1.0
2026-01-01 08:17:25,30.3,70.5,274.4,54.8,0.0,0.0,0.0
2026-01-01 08:17:30,30.3,70.6,296.4,54.8,0.0,0.0,0.0
2026-01-01 08:17:35,30.3,70.5,278.1,54.8,0.0,0.0,0.0
2026-01-01 08:17:40,30.4,70.4,279.0,54.7,0.0,0.0,0.0
2026-01-01 08:17:45,30.5,70.2,261.8,54.6,0.0,0.0,0.0
2026-01-01 08:17:50,30.4,70.4,319.2,54.6,0.0,0.0,1.0
2026-01-01 08:17:55,30.4,70.2,272.1,54.6,0.0,0.0,0.0
2026-01-01 08:18:00,30.4,69.9,267.3,54.7,0.0,0.0,0.0
2026-01-01 08:18:05,30.6,69.8,310.0,54.6,0.0,0.0,0.0
2026-01-01 08:18:10,30.5,69.8,292.7,54.7,0.0,0.0,1.0
2026-01-01 08:18:15,30.4,69.9,291.8,54.7,0.0,0.0,1.0
2026-01-01 08:18:20,30.4,70.0,274.8,54.7,0.0,0.0,0.0
2026-01-01 08:18:25,30.4,70.2,271.0,54.6,0.0,0.0,0.0
2026-01-01 08:18:30,30.3,70.1,281.4,54.7,0.0,0.0,0.0
2026-01-01 08:18:35,30.4,69.9,258.1,54.6,0.0,0.0,0.0
2026-01-01 08:18:40,30.6,69.9,298.0,54.6,0.0,0.0,0.0
2026-01-01 08:18:45,30.5,69.8,253.6,54.6,0.0,0.0,1.0
2026-01-01 08:18:50,30.4,69.8,277.2,54.6,0.0,0.0,0.0
2026-01-01 08:18:55,30.4,69.6,308.1,54.6,0.0,0.0,0.0
2026-01-01 08:19:00,30.6,69.8,284.3,54.6,0.0,0.0,0.0
2026-01-01 08:19:05,30.6,70.0,256.8,54.6,0.0,0.0,1.0
2026-01-01 08:19:10,30.5,70.3,280.6,54.5,0.0,0.0,1.0
2026-01-01 08:19:15,30.3,70.2,294.2,54.5,0.0,0.0,1.0
2026-01-01 08:19:20,30.2,70.3,291.7,54.5,0.0,0.0,0.0
2026-01-01 08:19:25,30.1,70.5,269.5,54.6,0.0,0.0,0.0
2026-01-01 08:19:30,30.2,70.7,260.6,54.5,0.0,0.0,0.0
2026-01-01 08:19:35,30.1,70.5,265.6,54.5,0.0,0.0,0.0
2026-01-01 08:19:40,30.2,70.5,303.8,54.5,0.0,0.0,0.0
2026-01-01 08:19:45,30.3,70.9,296.6,54.4,0.0,0.0,0.0
2026-01-01 08:19:50,30.5,70.8,278.8,54.4,0.0,0.0,0.0
2026-01-01 08:19:55,30.7,70.9,291.5,54.5,0.0,0.0,0.0
2026-01-01 08:20:00,30.6,70.7,312.2,54.5,0.0,0.0,1.0
2026-01-01 08:20:05,30.6,70.4,325.5,54.4,0.0,0.0,1.0
2026-01-01 08:20:10,30.4,70.7,296.3,54.5,0.0,0.0,1.0
2026-01-01 08:20:15,30.4,70.7,282.7,54.5,0.0,0.0,0.0
2026-01-01 08:20:20,30.4,70.8,289.8,54.4,0.0,0.0,0.0
2026-01-01 08:20:25,30.4,70.8,281.5,54.5,0.0,0.0,0.0
2026-01-01 08:20:30,30.3,71.0,313.2,54.5,0.0,0.0,0.0
2026-01-01 08:20:35,30.4,70.6,265.5,54.5,0.0,0.0,0.0
2026-01-01 08:20:40,30.5,70.6,296.8,54.5,0.0,0.0,0.0
2026-01-01 08:20:45,30.7,70.6,290.4,54.4,0.0,0.0,0.0
2026-01-01 08:20:50,30.7,70.7,286.6,54.4,0.0,0.0,1.0
2026-01-01 08:20:55,30.6,70.6,267.5,54.4,0.0,0.0,1.0
2026-01-01 08:21:00,30.5,70.8,308.9,54.4,0.0,0.0,1.0
2026-01-01 08:21:05,30.4,70.9,290.2,54.4,0.0,0.0,0.0
2026-01-01 08:21:10,30.4,71.1,315.4,54.4,0.0,0.0,0.0
2026-01-01 08:21:15,30.5,71.3,289.3,54.4,0.0,0.0,0.0
2026-01-01 08:21:20,30.5,71.1,314.8,54.4,0.0,0.0,1.0
2026-01-01 08:21:25,30.5,71.0,270.1,54.5,0.0,0.0,0.0
2026-01-01 08:21:30,30.4,71.3,301.2,54.4,0.0,0.0,1.0
2026-01-01 08:21:35,30.3,71.3,288.6,54.4,0.0,0.0,0.0
2026-01-01 08:21:40,30.4,71.3,308.1,54.4,0.0,0.0,0.0
2026-01-01 08:21:45,30.2,71.0,262.4,54.4,0.0,0.0,0.0
2026-01-01 08:21:50,30.3,71.3,295.0,54.4,0.0,0.0,0.0
2026-01-01 08:21:55,30.4,71.1,269.4,54.3,0.0,0.0,0.0
2026-01-01 08:22:00,30.6,71.1,288.0,54.3,0.0,0.0,0.0
2026-01-01 08:22:05,30.8,71.2,293.4,54.3,0.0,0.0,1.0
2026-01-01 08:22:10,30.8,71.2,300.0,54.3,0.0,0.0,1.0
2026-01-01 08:22:15,30.5,71.1,283.4,54.4,0.0,0.0,1.0
2026-01-01 08:22:20,30.4,70.8,296.1,54.3,0.0,0.0,1.0
2026-01-01 08:22:25,30.2,70.9,304.1,54.3,0.0,0.0,0.0
2026-01-01 08:22:30,30.2,70.9,300.4,54.3,0.0,0.0,0.0
2026-01-01 08:22:35,30.2,70.6,274.4,54.3,0.0,0.0,0.0
2026-01-01 08:22:40,30.2,70.6,275.1,54.3,0.0,0.0,0.0
2026-01-01 08:22:45,30.4,70.8,304.4,54.4,0.0,0.0,0.0
2026-01-01 08:22:50,30.6,70.8,290.5,54.4,0.0,0.0,0.0
2026-01-01 08:22:55,30.6,71.0,301.5,54.3,0.0,0.0,1.0
2026-01-01 08:23:00,30.5,70.4,291.2,54.2,0.0,0.0,1.0
2026-01-01 08:23:05,30.5,70.4,275.2,54.3,0.0,0.0,1.0
2026-01-01 08:23:10,30.5,70.4,320.3,54.2,0.0,0.0,0.0
2026-01-01 08:23:15,30.4,70.5,273.8,54.3,0.0,0.0,1.0
2026-01-01 08:23:20,30.3,70.7,290.6,54.3,0.0,0.0,0.0
2026-01-01 08:23:25,30.2,70.3,305.8,54.2,0.0,0.0,0.0
2026-01-01 08:23:30,30.2,70.7,310.5,54.2,0.0,0.0,0.0
2026-01-01 08:23:35,30.2,70.7,308.6,54.2,0.0,0.0,0.0
2026-01-01 08:23:40,30.2,70.7,309.2,54.3,1.0,0.0,0.0
2026-01-01 08:23:45,30.3,70.7,266.4,54.2,1.0,0.0,0.0
2026-01-01 08:23:50,30.4,70.9,287.3,54.3,1.0,0.0,0.0
2026-01-01 08:23:55,30.8,70.7,297.9,54.4,0.0,0.0,0.0
2026-01-01 08:24:00,30.8,70.5,296.5,54.5,0.0,0.0,1.0
2026-01-01 08:24:05,30.7,70.7,312.9,54.7,0.0,0.0,1.0
2026-01-01 08:24:10,30.6,70.8,310.2,54.8,0.0,0.0,1.0
2026-01-01 08:24:15,30.4,70.8,261.4,54.8,0.0,0.0,1.0
2026-01-01 08:24:20,30.3,70.6,286.0,54.8,0.0,0.0,0.0
2026-01-01 08:24:25,30.2,70.4,324.6,54.9,0.0,0.0,0.0
2026-01-01 08:24:30,30.2,70.5,291.5,55.0,0.0,0.0,0.0
2026-01-01 08:24:35,30.2,70.7,290.9,55.0,0.0,0.0,0.0
2026-01-01 08:24:40,30.5,70.4,281.7,55.1,0.0,0.0,0.0
2026-01-01 08:24:45,30.7,70.3,284.0,55.1,0.0,0.0,0.0
2026-01-01 08:24:50,30.6,70.2,280.4,55.1,0.0,0.0,1.0
2026-01-01 08:24:55,30.5,70.2,297.4,55.1,0.0,0.0,1.0
2026-01-01 08:25:00,30.5,70.2,306.8,55.1,0.0,0.0,0.0
2026-01-01 08:25:05,30.6,70.5,302.5,55.1,0.0,0.0,0.0
2026-01-01 08:25:10,30.6,70.5,303.8,55.1,0.0,0.0,1.0
2026-01-01 08:25:15,30.5,70.7,321.5,55.1,0.0,0.0,1.0
2026-01-01 08:25:20,30.3,70.8,288.2,55.1,0.0,0.0,0.0
2026-01-01 08:25:25,30.3,70.9,292.3,55.1,0.0,0.0,0.0
2026-01-01 08:25:30,30.3,71.0,342.5,55.1,0.0,0.0,0.0
2026-01-01 08:25:35,30.3,71.2,289.9,55.1,0.0,0.0,0.0
2026-01-01 08:25:40,30.4,71.3,280.7,55.1,0.0,0.0,0.0
2026-01-01 08:25:45,30.6,71.4,322.3,55.0,0.0,0.0,0.0
2026-01-01 08:25:50,30.6,71.1,315.4,55.0,0.0,0.0,1.0
2026-01-01 08:25:55,30.6,71.0,275.4,55.0,0.0,0.0,1.0
2026-01-01 08:26:00,30.4,71.3,300.3,55.1,0.0,0.0,1.0
2026-01-01 08:26:05,30.2,71.0,318.3,55.2,0.0,0.0,0.0
2026-01-01 08:26:10,30.2,70.9,298.5,55.1,0.0,0.0,0.0
2026-01-01 08:26:15,30.3,71.1,267.7,55.1,0.0,0.0,0.0
2026-01-01 08:26:20,30.4,71.2,281.5,55.1,0.0,0.0,0.0
2026-01-01 08:26:25,30.5,70.9,306.4,55.1,0.0,0.0,0.0
2026-01-01 08:26:30,30.5,70.8,301.7,55.1,0.0,0.0,0.0
2026-01-01 08:26:35,30.6,71.0,289.8,55.0,0.0,0.0,1.0
2026-01-01 08:26:40,30.4,70.6,301.7,55.1,0.0,0.0,1.0
2026-01-01 08:26:45,30.5,70.5,337.4,55.0,0.0,0.0,0.0
2026-01-01 08:26:50,30.5,70.4,299.4,55.0,0.0,0.0,0.0
2026-01-01 08:26:55,30.4,70.4,287.3,55.0,0.0,0.0,1.0
2026-01-01 08:27:00,30.4,70.5,319.4,55.0,0.0,0.0,0.0
2026-01-01 08:27:05,30.4,70.6,300.1,55.0,0.0,0.0,0.0
2026-01-01 08:27:10,30.4,70.7,338.1,55.0,0.0,0.0,0.0
2026-01-01 08:27:15,30.5,70.6,320.1,55.0,0.0,0.0,0.0
2026-01-01 08:27:20,30.4,70.4,299.6,54.9,0.0,0.0,1.0
2026-01-01 08:27:25,30.5,70.4,282.5,54.9,0.0,0.0,0.0
2026-01-01 08:27:30,30.6,70.7,292.0,54.9,0.0,0.0,0.0
2026-01-01 08:27:35,30.5,70.6,330.0,54.9,0.0,0.0,1.0
2026-01-01 08:27:40,30.7,70.6,309.0,54.9,0.0,0.0,0.0
2026-01-01 08:27:45,30.6,70.3,279.9,54.9,0.0,0.0,1.0
2026-01-01 08:27:50,30.4,70.4,298.8,54.9,0.0,0.0,1.0
2026-01-01 08:27:55,30.2,70.4,309.2,55.0,0.0,0.0,0.0
2026-01-01 08:28:00,30.3,70.6,292.8,54.9,0.0,0.0,0.0
2026-01-01 08:28:05,30.4,70.4,313.7,54.9,0.0,0.0,0.0
2026-01-01 08:28:10,30.5,70.6,269.6,54.9,0.0,0.0,0.0
2026-01-01 08:28:15,30.5,70.5,297.1,54.9,0.0,0.0,0.0
2026-01-01 08:28:20,30.7,70.8,303.2,54.9,0.0,0.0,0.0
2026-01-01 08:28:25,30.6,70.6,285.6,54.9,0.0,0.0,1.0
2026-01-01 08:28:30,30.5,70.9,292.0,54.9,0.0,0.0,1.0
2026-01-01 08:28:35,30.4,71.0,308.2,54.9,0.0,0.0,1.0
2026-01-01 08:28:40,30.4,70.7,277.0,55.0,0.0,0.0,0.0
2026-01-01 08:28:45,30.3,70.4,297.0,54.9,0.0,0.0,0.0
2026-01-01 08:28:50,30.3,70.8,295.1,54.9,0.0,0.0,0.0
2026-01-01 08:28:55,30.5,71.1,300.2,55.0,0.0,0.0,0.0
2026-01-01 08:29:00,30.6,71.2,276.9,54.9,0.0,0.0,0.0
2026-01-01 08:29:05,30.5,71.1,264.7,54.9,0.0,0.0,1.0
2026-01-01 08:29:10,30.5,71.0,321.8,54.9,0.0,0.0,0.0
2026-01-01 08:29:15,30.6,71.0,316.2,54.9,0.0,0.0,0.0
2026-01-01 08:29:20,30.6,70.9,293.0,54.9,0.0,0.0,1.0
2026-01-01 08:29:25,30.6,70.8,309.9,54.9,0.0,0.0,1.0
2026-01-01 08:29:30,30.4,70.6,270.9,54.9,0.0,0.0,1.0
2026-01-01 08:29:35,30.4,70.5,337.0,54.8,0.0,0.0,0.0
2026-01-01 08:29:40,30.3,70.6,323.5,54.8,0.0,0.0,0.0
2026-01-01 08:29:45,30.3,70.9,317.1,54.8,0.0,0.0,0.0
2026-01-01 08:29:50,30.5,71.1,289.1,54.8,0.0,0.0,0.0
2026-01-01 08:29:55,30.6,71.0,284.5,54.8,0.0,0.0,0.0
2026-01-01 08:30:00,30.5,71.4,286.1,54.7,0.0,0.0,1.0
2026-01-01 08:30:05,30.5,71.6,314.4,54.9,0.0,0.0,0.0
2026-01-01 08:30:10,30.5,71.5,325.2,54.8,0.0,0.0,1.0
2026-01-01 08:30:15,30.5,71.4,311.5,54.8,0.0,0.0,0.0
2026-01-01 08:30:20,30.5,71.1,290.3,54.8,0.0,0.0,0.0
2026-01-01 08:30:25,30.5,71.0,288.1,54.8,0.0,0.0,0.0
2026-01-01 08:30:30,30.5,71.3,305.0,54.8,0.0,0.0,0.0
2026-01-01 08:30:35,30.5,71.3,296.5,54.8,0.0,0.0,1.0
2026-01-01 08:30:40,30.4,71.2,294.1,54.8,0.0,0.0,1.0
2026-01-01 08:30:45,30.4,71.2,296.4,54.8,0.0,0.0,0.0
2026-01-01 08:30:50,30.4,71.1,313.4,54.7,0.0,0.0,0.0
2026-01-01 08:30:55,30.4,71.0,303.9,54.7,0.0,0.0,0.0
2026-01-01 08:31:00,30.5,71.2,286.0,54.7,0.0,0.0,0.0
2026-01-01 08:31:05,30.6,70.9,305.2,54.7,0.0,0.0,1.0
2026-01-01 08:31:10,30.6,70.9,308.0,54.7,0.0,0.0,1.0
2026-01-01 08:31:15,30.4,71.1,291.2,54.8,0.0,0.0,1.0
2026-01-01 08:31:20,30.3,71.4,322.4,54.8,0.0,0.0,0.0
2026-01-01 08:31:25,30.2,71.3,272.1,54.8,0.0,0.0,0.0
2026-01-01 08:31:30,30.2,71.0,303.4,54.8,0.0,0.0,0.0
2026-01-01 08:31:35,30.2,70.8,299.4,54.7,0.0,0.0,0.0
2026-01-01 08:31:40,30.4,71.0,306.1,54.7,0.0,0.0,0.0
2026-01-01 08:31:45,30.6,70.8,308.6,54.7,0.0,0.0,0.0
2026-01-01 08:31:50,30.6,70.3,304.8,54.7,0.0,0.0,1.0
2026-01-01 08:31:55,30.5,70.2,323.0,54.7,0.0,0.0,1.0
2026-01-01 08:32:00,30.3,70.3,349.8,54.7,0.0,0.0,1.0
2026-01-01 08:32:05,30.2,70.4,323.1,54.7,0.0,0.0,0.0
2026-01-01 08:32:10,30.2,70.6,290.5,54.8,0.0,0.0,0.0
2026-01-01 08:32:15,30.2,70.5,315.9,54.8,0.0,0.0,0.0
2026-01-01 08:32:20,30.5,70.2,323.3,54.7,0.0,0.0,0.0
2026-01-01 08:32:25,30.5,69.9,305.4,54.7,0.0,0.0,1.0
2026-01-01 08:32:30,30.5,70.3,320.9,54.6,0.0,0.0,0.0
2026-01-01 08:32:35,30.5,70.2,307.9,54.6,0.0,0.0,1.0
2026-01-01 08:32:40,30.4,70.3,274.4,54.6,0.0,0.0,0.0
2026-01-01 08:32:45,30.4,70.4,299.5,54.6,0.0,0.0,0.0
2026-01-01 08:32:50,30.5,70.3,336.9,54.6,0.0,0.0,0.0
2026-01-01 08:32:55,30.4,70.2,311.9,54.6,0.0,0.0,1.0
2026-01-01 08:33:00,30.4,70.4,297.5,54.5,0.0,0.0,0.0
2026-01-01 08:33:05,30.4,70.5,303.0,54.5,0.0,0.0,0.0
2026-01-01 08:33:10,30.6,70.8,293.7,54.6,0.0,0.0,0.0
2026-01-01 08:33:15,30.6,70.6,320.4,54.6,0.0,0.0,1.0
2026-01-01 08:33:20,30.5,70.7,309.4,54.6,0.0,0.0,1.0
2026-01-01 08:33:25,30.4,71.0,311.3,54.6,0.0,0.0,1.0
2026-01-01 08:33:30,30.3,71.2,303.1,54.6,0.0,0.0,0.0
2026-01-01 08:33:35,30.3,71.2,303.8,54.6,0.0,0.0,0.0
2026-01-01 08:33:40,30.4,71.2,290.4,54.6,0.0,0.0,0.0
2026-01-01 08:33:45,30.4,71.2,316.2,54.6,0.0,0.0,0.0
2026-01-01 08:33:50,30.6,71.0,298.6,54.6,0.0,0.0,0.0
2026-01-01 08:33:55,30.5,70.9,320.1,54.6,0.0,0.0,1.0
2026-01-01 08:34:00,30.4,70.8,316.1,54.5,0.0,0.0,1.0
2026-01-01 08:34:05,30.3,70.7,289.6,54.5,0.0,0.0,0.0
2026-01-01 08:34:10,30.3,70.8,309.0,54.5,0.0,0.0,0.0
2026-01-01 08:34:15,30.5,70.8,317.3,54.6,0.0,0.0,0.0
2026-01-01 08:34:20,30.6,70.6,289.5,54.4,0.0,0.0,0.0
2026-01-01 08:34:25,30.6,70.5,356.1,54.4,0.0,0.0,1.0
2026-01-01 08:34:30,30.5,70.8,320.8,54.4,0.0,0.0,1.0
2026-01-01 08:34:35,30.4,70.8,328.4,54.5,0.0,0.0,1.0
2026-01-01 08:34:40,30.2,70.7,328.5,54.5,0.0,0.0,0.0
2026-01-01 08:34:45,30.3,70.7,333.1,54.5,0.0,0.0,0.0
2026-01-01 08:34:50,30.4,70.6,322.6,54.5,0.0,0.0,0.0
2026-01-01 08:34:55,30.5,71.0,309.4,54.5,0.0,0.0,0.0
2026-01-01 08:35:00,30.5,70.7,315.9,54.4,0.0,0.0,1.0
2026-01-01 08:35:05,30.4,70.3,308.7,54.4,0.0,0.0,1.0
2026-01-01 08:35:10,30.4,70.4,326.2,54.3,0.0,0.0,0.0
2026-01-01 08:35:15,30.5,70.7,325.0,54.3,0.0,0.0,0.0
2026-01-01 08:35:20,30.4,70.6,336.9,54.3,0.0,0.0,1.0
2026-01-01 08:35:25,30.4,70.5,303.9,54.3,0.0,0.0,0.0
2026-01-01 08:35:30,30.6,70.4,328.4,54.4,0.0,0.0,0.0
2026-01-01 08:35:35,30.6,70.5,296.5,54.4,0.0,0.0,1.0
2026-01-01 08:35:40,30.5,70.6,317.7,54.3,0.0,0.0,1.0
2026-01-01 08:35:45,30.4,70.3,315.1,54.4,0.0,0.0,1.0
2026-01-01 08:35:50,30.3,70.0,298.6,54.4,0.0,0.0,0.0
2026-01-01 08:35:55,30.2,69.9,310.6,54.4,0.0,0.0,0.0
2026-01-01 08:36:00,30.2,69.8,323.0,54.4,0.0,0.0,0.0
2026-01-01 08:36:05,30.3,69.7,315.9,54.4,0.0,0.0,0.0
2026-01-01 08:36:10,30.4,69.6,305.7,54.4,0.0,0.0,0.0
2026-01-01 08:36:15,30.4,69.6,310.6,54.2,0.0,0.0,0.0
2026-01-01 08:36:20,30.7,69.4,307.0,54.3,0.0,0.0,0.0
2026-01-01 08:36:25,30.8,69.7,334.6,54.3,0.0,0.0,1.0
2026-01-01 08:36:30,30.8,69.6,301.8,54.2,0.0,0.0,1.0
2026-01-01 08:36:35,30.6,69.4,323.3,54.2,0.0,0.0,1.0
2026-01-01 08:36:40,30.4,69.6,336.3,54.2,0.0,0.0,1.0
2026-01-01 08:36:45,30.3,69.1,337.8,54.2,1.0,0.0,0.0
2026-01-01 08:36:50,30.3,69.2,339.4,54.2,1.0,0.0,0.0
2026-01-01 08:36:55,30.3,69.0,311.8,54.3,1.0,0.0,0.0
2026-01-01 08:37:00,30.3,69.0,327.0,54.4,0.0,0.0,0.0
2026-01-01 08:37:05,30.4,68.8,291.6,54.5,0.0,0.0,0.0
2026-01-01 08:37:10,30.6,68.4,333.0,54.7,0.0,0.0,0.0
2026-01-01 08:37:15,30.7,68.6,340.0,54.9,0.0,0.0,1.0
2026-01-01 08:37:20,30.7,68.7,340.7,54.9,0.0,0.0,1.0
2026-01-01 08:37:25,30.5,68.7,340.9,55.0,0.0,0.0,1.0
2026-01-01 08:37:30,30.4,68.6,326.4,55.0,0.0,0.0,0.0
2026-01-01 08:37:35,30.6,68.8,302.8,55.0,0.0,0.0,0.0
2026-01-01 08:37:40,30.4,68.4,336.2,55.0,0.0,0.0,1.0
2026-01-01 08:37:45,30.5,68.5,337.8,55.0,0.0,0.0,0.0
2026-01-01 08:37:50,30.6,68.3,313.3,55.1,0.0,0.0,0.0
2026-01-01 08:37:55,30.4,68.3,293.3,55.0,0.0,0.0,1.0
2026-01-01 08:38:00,30.3,68.6,310.8,55.0,0.0,0.0,0.0
2026-01-01 08:38:05,30.5,68.7,322.8,55.0,0.0,0.0,0.0
2026-01-01 08:38:10,30.5,68.5,325.9,55.1,0.0,0.0,1.0
2026-01-01 08:38:15,30.4,68.7,295.6,55.0,0.0,0.0,1.0
2026-01-01 08:38:20,30.3,69.0,334.5,55.0,0.0,0.0,0.0
2026-01-01 08:38:25,30.3,69.2,333.9,55.0,0.0,0.0,0.0
2026-01-01 08:38:30,30.4,69.4,291.2,55.0,0.0,0.0,0.0
2026-01-01 08:38:35,30.4,69.5,316.0,55.0,0.0,0.0,0.0
2026-01-01 08:38:40,30.6,69.5,288.0,55.0,0.0,0.0,0.0
2026-01-01 08:38:45,30.7,69.6,307.6,55.0,0.0,0.0,1.0
2026-01-01 08:38:50,30.6,69.8,332.7,55.0,0.0,0.0,1.0
2026-01-01 08:38:55,30.4,70.3,316.3,55.0,0.0,0.0,1.0
2026-01-01 08:39:00,30.4,70.0,320.8,54.9,0.0,0.0,0.0
2026-01-01 08:39:05,30.4,69.8,321.2,55.0,0.0,0.0,0.0
2026-01-01 08:39:10,30.4,69.8,290.1,54.9,0.0,0.0,0.0
2026-01-01 08:39:15,30.6,70.0,273.3,54.9,0.0,0.0,0.0
2026-01-01 08:39:20,30.5,70.1,309.4,54.9,0.0,0.0,1.0
2026-01-01 08:39:25,30.5,70.3,326.0,54.9,0.0,0.0,0.0
2026-01-01 08:39:30,30.4,70.0,296.1,54.9,0.0,0.0,1.0
2026-01-01 08:39:35,30.4,70.3,310.9,54.9,0.0,0.0,0.0
2026-01-01 08:39:40,30.3,70.4,280.6,54.9,0.0,0.0,0.0
2026-01-01 08:39:45,30.4,70.6,333.0,54.9,0.0,0.0,0.0
2026-01-01 08:39:50,30.6,70.7,324.5,54.9,0.0,0.0,0.0
2026-01-01 08:39:55,30.5,70.7,315.0,54.9,0.0,0.0,1.0
2026-01-01 08:40:00,30.4,70.8,315.6,55.0,0.0,0.0,1.0
2026-01-01 08:40:05,30.6,70.7,309.7,55.0,0.0,0.0,0.0
2026-01-01 08:40:10,30.5,70.6,320.8,54.9,0.0,0.0,1.0
2026-01-01 08:40:15,30.3,70.6,309.2,54.8,0.0,0.0,1.0
2026-01-01 08:40:20,30.2,70.8,330.8,54.9,0.0,0.0,0.0
2026-01-01 08:40:25,30.2,71.0,297.2,54.9,0.0,0.0,0.0
2026-01-01 08:40:30,30.4,70.9,306.2,54.9,0.0,0.0,0.0
2026-01-01 08:40:35,30.5,70.9,307.0,54.9,0.0,0.0,0.0
2026-01-01 08:40:40,30.6,70.5,325.2,54.9,0.0,0.0,0.0
2026-01-01 08:40:45,30.7,70.5,325.1,54.9,0.0,0.0,1.0
2026-01-01 08:40:50,30.6,70.2,329.3,54.7,0.0,0.0,1.0
2026-01-01 08:40:55,30.5,70.1,317.6,54.7,0.0,0.0,1.0
2026-01-01 08:41:00,30.4,70.1,320.8,54.8,0.0,0.0,1.0
2026-01-01 08:41:05,30.3,70.5,325.7,54.8,0.0,0.0,0.0
2026-01-01 08:41:10,30.3,70.1,321.3,54.8,0.0,0.0,0.0
2026-01-01 08:41:15,30.3,69.8,331.9,54.8,0.0,0.0,0.0
2026-01-01 08:41:20,30.4,69.7,345.8,54.7,0.0,0.0,0.0
2026-01-01 08:41:25,30.6,69.6,343.0,54.7,0.0,0.0,0.0
2026-01-01 08:41:30,30.7,69.7,351.4,54.7,0.0,0.0,1.0
2026-01-01 08:41:35,30.5,69.8,324.1,54.7,0.0,0.0,1.0
2026-01-01 08:41:40,30.5,69.6,345.9,54.7,0.0,0.0,0.0
2026-01-01 08:41:45,30.5,69.7,333.3,54.7,0.0,0.0,0.0
2026-01-01 08:41:50,30.6,69.7,339.3,54.7,0.0,0.0,0.0
2026-01-01 08:41:55,30.6,70.1,325.1,54.6,0.0,0.0,1.0
2026-01-01 08:42:00,30.4,70.0,323.8,54.6,0.0,0.0,1.0
2026-01-01 08:42:05,30.3,69.9,333.2,54.7,0.0,0.0,0.0
2026-01-01 08:42:10,30.3,70.1,344.2,54.6,0.0,0.0,0.0
2026-01-01 08:42:15,30.4,70.2,384.2,54.7,0.0,0.0,0.0
2026-01-01 08:42:20,30.5,69.9,352.5,54.6,0.0,0.0,0.0
2026-01-01 08:42:25,30.5,70.1,321.8,54.6,0.0,0.0,1.0
2026-01-01 08:42:30,30.6,69.9,316.3,54.6,0.0,0.0,0.0
2026-01-01 08:42:35,30.5,69.8,332.5,54.7,0.0,0.0,1.0
2026-01-01 08:42:40,30.4,69.8,329.3,54.7,0.0,0.0,1.0
2026-01-01 08:42:45,30.2,69.6,303.6,54.7,0.0,0.0,0.0
2026-01-01 08:42:50,30.3,69.8,318.5,54.6,0.0,0.0,0.0
2026-01-01 08:42:55,30.3,69.9,324.2,54.6,0.0,0.0,0.0
2026-01-01 08:43:00,30.5,70.0,342.2,54.6,0.0,0.0,0.0
2026-01-01 08:43:05,30.5,69.7,353.0,54.7,0.0,0.0,1.0
2026-01-01 08:43:10,30.5,69.8,339.8,54.7,0.0,0.0,0.0
2026-01-01 08:43:15,30.5,69.6,334.2,54.7,0.0,0.0,1.0
2026-01-01 08:43:20,30.6,69.3,324.7,54.8,0.0,0.0,0.0
2026-01-01 08:43:25,30.5,69.5,346.8,54.7,0.0,0.0,1.0
2026-01-01 08:43:30,30.5,69.4,317.4,54.6,0.0,0.0,1.0
2026-01-01 08:43:35,30.4,69.2,367.3,54.6,0.0,0.0,0.0
2026-01-01 08:43:40,30.4,69.3,342.9,54.7,0.0,0.0,0.0
2026-01-01 08:43:45,30.4,69.5,329.6,54.7,0.0,0.0,0.0
2026-01-01 08:43:50,30.5,69.4,331.2,54.7,0.0,0.0,0.0
2026-01-01 08:43:55,30.7,69.5,332.2,54.6,0.0,0.0,0.0
2026-01-01 08:44:00,30.7,69.4,321.4,54.6,0.0,0.0,1.0
2026-01-01 08:44:05,30.6,69.3,339.7,54.7,0.0,0.0,1.0
2026-01-01 08:44:10,30.6,69.6,314.0,54.7,0.0,0.0,1.0
2026-01-01 08:44:15,30.5,69.6,341.0,54.7,0.0,0.0,1.0
2026-01-01 08:44:20,30.4,69.2,333.9,54.6,0.0,0.0,0.0
2026-01-01 08:44:25,30.4,69.1,348.8,54.7,0.0,0.0,0.0
2026-01-01 08:44:30,30.4,69.0,343.2,54.6,0.0,0.0,0.0
2026-01-01 08:44:35,30.4,69.2,321.1,54.6,0.0,0.0,0.0
2026-01-01 08:44:40,30.6,68.9,308.5,54.6,0.0,0.0,0.0
2026-01-01 08:44:45,30.6,69.0,331.4,54.6,0.0,0.0,1.0
2026-01-01 08:44:50,30.5,68.7,339.0,54.6,0.0,0.0,1.0
2026-01-01 08:44:55,30.4,68.6,337.4,54.6,0.0,0.0,0.0
2026-01-01 08:45:00,30.6,68.6,356.2,54.6,0.0,0.0,0.0
2026-01-01 08:45:05,30.6,68.5,334.7,54.6,0.0,0.0,1.0
2026-01-01 08:45:10,30.6,68.4,339.6,54.6,0.0,0.0,1.0
2026-01-01 08:45:15,30.4,68.6,340.2,54.6,0.0,0.0,1.0
2026-01-01 08:45:20,30.4,69.0,332.7,54.6,0.0,0.0,0.0
2026-01-01 08:45:25,30.3,69.0,333.6,54.6,0.0,0.0,0.0
2026-01-01 08:45:30,30.3,69.0,336.8,54.6,0.0,0.0,0.0
2026-01-01 08:45:35,30.2,68.9,337.4,54.6,0.0,0.0,0.0
2026-01-01 08:45:40,30.4,68.9,318.7,54.5,0.0,0.0,0.0
2026-01-01 08:45:45,30.5,69.2,320.9,54.6,0.0,0.0,0.0
2026-01-01 08:45:50,30.6,69.2,342.2,54.5,0.0,0.0,1.0
2026-01-01 08:45:55,30.6,69.5,347.3,54.5,0.0,0.0,1.0
2026-01-01 08:46:00,30.6,69.2,324.3,54.5,0.0,0.0,1.0
2026-01-01 08:46:05,30.5,69.0,346.0,54.5,0.0,0.0,1.0
2026-01-01 08:46:10,30.2,68.9,348.6,54.5,0.0,0.0,1.0
2026-01-01 08:46:15,30.2,69.0,309.6,54.5,0.0,0.0,0.0
2026-01-01 08:46:20,30.2,68.6,309.6,54.4,0.0,0.0,0.0
2026-01-01 08:46:25,30.3,68.6,347.2,54.6,0.0,0.0,0.0
2026-01-01 08:46:30,30.5,68.9,300.5,54.5,0.0,0.0,0.0
2026-01-01 08:46:35,30.5,68.7,320.4,54.5,0.0,0.0,1.0
2026-01-01 08:46:40,30.4,68.6,371.5,54.5,0.0,0.0,1.0
2026-01-01 08:46:45,30.4,68.7,337.9,54.5,0.0,0.0,0.0
2026-01-01 08:46:50,30.5,68.5,354.0,54.5,0.0,0.0,0.0
2026-01-01 08:46:55,30.5,68.6,307.0,54.4,0.0,0.0,0.0
2026-01-01 08:47:00,30.5,68.5,316.7,54.4,0.0,0.0,0.0
2026-01-01 08:47:05,30.6,68.6,339.0,54.4,0.0,0.0,1.0
2026-01-01 08:47:10,30.6,68.8,330.1,54.4,0.0,0.0,1.0
2026-01-01 08:47:15,30.4,68.6,339.7,54.4,0.0,0.0,1.0
2026-01-01 08:47:20,30.4,68.8,314.3,54.4,0.0,0.0,0.0
2026-01-01 08:47:25,30.3,68.7,325.3,54.4,0.0,0.0,0.0
2026-01-01 08:47:30,30.4,68.7,325.9,54.4,0.0,0.0,0.0
2026-01-01 08:47:35,30.4,68.4,323.4,54.4,0.0,0.0,0.0
2026-01-01 08:47:40,30.6,68.9,358.4,54.4,0.0,0.0,0.0
2026-01-01 08:47:45,30.6,68.6,351.2,54.4,0.0,0.0,1.0
2026-01-01 08:47:50,30.5,68.8,325.6,54.3,0.0,0.0,1.0
2026-01-01 08:47:55,30.4,68.8,354.0,54.4,0.0,0.0,0.0
2026-01-01 08:48:00,30.5,68.8,344.1,54.4,0.0,0.0,0.0
2026-01-01 08:48:05,30.4,68.9,349.9,54.4,0.0,0.0,0.0
2026-01-01 08:48:10,30.6,69.0,349.5,54.4,0.0,0.0,0.0
2026-01-01 08:48:15,30.6,68.9,309.2,54.4,0.0,0.0,1.0
2026-01-01 08:48:20,30.5,68.9,352.3,54.4,0.0,0.0,1.0
2026-01-01 08:48:25,30.2,68.9,331.9,54.3,0.0,0.0,1.0
2026-01-01 08:48:30,30.2,68.9,350.7,54.3,0.0,0.0,0.0
2026-01-01 08:48:35,30.3,69.2,296.4,54.3,0.0,0.0,0.0
2026-01-01 08:48:40,30.4,69.3,323.5,54.2,0.0,0.0,0.0
2026-01-01 08:48:45,30.5,69.5,324.8,54.3,0.0,0.0,0.0
2026-01-01 08:48:50,30.5,69.3,331.2,54.3,0.0,0.0,1.0
2026-01-01 08:48:55,30.4,69.3,348.3,54.3,0.0,0.0,1.0
2026-01-01 08:49:00,30.4,69.5,331.4,54.3,0.0,0.0,0.0
2026-01-01 08:49:05,30.4,69.5,314.6,54.3,0.0,0.0,0.0
2026-01-01 08:49:10,30.5,69.9,344.4,54.3,0.0,0.0,0.0
2026-01-01 08:49:15,30.5,70.0,340.5,54.2,0.0,0.0,0.0
2026-01-01 08:49:20,30.6,69.9,320.2,54.2,0.0,0.0,1.0
2026-01-01 08:49:25,30.5,69.9,355.0,54.2,1.0,0.0,1.0
2026-01-01 08:49:30,30.3,69.8,324.0,54.2,1.0,0.0,0.0
2026-01-01 08:49:35,30.3,69.7,316.6,54.3,1.0,0.0,0.0
2026-01-01 08:49:40,30.4,69.8,336.6,54.4,0.0,0.0,0.0
2026-01-01 08:49:45,30.6,69.8,349.1,54.6,0.0,0.0,0.0
2026-01-01 08:49:50,30.6,69.9,326.4,54.7,0.0,0.0,1.0
2026-01-01 08:49:55,30.5,69.9,289.3,54.8,0.0,0.0,1.0
2026-01-01 08:50:00,30.5,70.1,343.0,54.9,0.0,0.0,0.0
2026-01-01 08:50:05,30.6,69.8,312.3,54.9,0.0,0.0,0.0
2026-01-01 08:50:10,30.5,69.4,353.8,54.9,0.0,0.0,1.0
2026-01-01 08:50:15,30.6,69.2,351.2,55.0,0.0,0.0,0.0
2026-01-01 08:50:20,30.4,69.2,335.1,54.9,0.0,0.0,1.0
2026-01-01 08:50:25,30.5,69.1,327.4,55.0,0.0,0.0,0.0
2026-01-01 08:50:30,30.5,69.0,346.9,55.1,0.0,0.0,0.0
2026-01-01 08:50:35,30.5,68.9,347.0,55.1,0.0,0.0,1.0
2026-01-01 08:50:40,30.3,68.7,329.6,55.0,0.0,0.0,1.0
2026-01-01 08:50:45,30.2,68.6,316.0,55.0,0.0,0.0,0.0
2026-01-01 08:50:50,30.3,69.0,350.9,55.1,0.0,0.0,0.0
2026-01-01 08:50:55,30.5,68.9,342.0,55.0,0.0,0.0,0.0
2026-01-01 08:51:00,30.5,68.9,336.3,55.0,0.0,0.0,1.0
2026-01-01 08:51:05,30.5,69.0,345.8,55.0,0.0,0.0,1.0
2026-01-01 08:51:10,30.4,69.0,321.4,55.1,0.0,0.0,0.0
2026-01-01 08:51:15,30.5,68.7,340.5,55.1,0.0,0.0,0.0
2026-01-01 08:51:20,30.5,68.7,351.2,55.0,0.0,0.0,0.0
2026-01-01 08:51:25,30.7,68.8,330.4,55.1,0.0,0.0,0.0
2026-01-01 08:51:30,30.8,68.5,345.4,55.1,0.0,0.0,1.0
2026-01-01 08:51:35,30.6,68.3,359.8,55.1,0.0,0.0,1.0
2026-01-01 08:51:40,30.5,68.6,317.2,55.0,0.0,0.0,1.0
2026-01-01 08:51:45,30.3,68.6,347.2,54.9,0.0,0.0,1.0
2026-01-01 08:51:50,30.4,68.5,320.4,54.9,0.0,0.0,0.0
2026-01-01 08:51:55,30.2,68.9,350.2,55.0,0.0,0.0,0.0
2026-01-01 08:52:00,30.3,69.4,350.6,55.0,0.0,0.0,0.0
2026-01-01 08:52:05,30.4,69.4,341.5,55.0,0.0,0.0,0.0
2026-01-01 08:52:10,30.5,69.3,324.4,55.0,0.0,0.0,0.0
2026-01-01 08:52:15,30.8,69.4,359.4,55.0,0.0,0.0,0.0
2026-01-01 08:52:20,30.9,69.4,336.5,55.0,0.0,0.0,1.0
2026-01-01 08:52:25,30.8,69.2,345.8,55.0,0.0,0.0,1.0
2026-01-01 08:52:30,30.8,69.1,311.1,55.0,0.0,0.0,1.0
2026-01-01 08:52:35,30.6,69.1,326.6,54.9,0.0,0.0,1.0
2026-01-01 08:52:40,30.4,69.0,359.5,54.9,0.0,0.0,1.0
2026-01-01 08:52:45,30.4,69.0,366.6,54.9,0.0,0.0,0.0
2026-01-01 08:52:50,30.4,68.8,336.8,54.9,0.0,0.0,0.0
2026-01-01 08:52:55,30.3,68.8,335.9,55.0,0.0,0.0,0.0
2026-01-01 08:53:00,30.4,68.9,317.7,55.0,0.0,0.0,0.0
2026-01-01 08:53:05,30.6,68.9,342.0,55.0,0.0,0.0,0.0
2026-01-01 08:53:10,30.5,68.7,328.3,55.0,0.0,0.0,1.0
2026-01-01 08:53:15,30.5,68.5,330.6,55.0,0.0,0.0,1.0
2026-01-01 08:53:20,30.5,68.5,333.8,55.0,0.0,0.0,0.0
2026-01-01 08:53:25,30.4,68.4,366.2,54.9,0.0,0.0,1.0
2026-01-01 08:53:30,30.4,68.5,327.5,54.9,0.0,0.0,0.0
2026-01-01 08:53:35,30.4,68.4,343.8,55.0,0.0,0.0,0.0
2026-01-01 08:53:40,30.6,68.3,343.6,55.0,0.0,0.0,0.0
2026-01-01 08:53:45,30.5,68.5,367.4,55.0,0.0,0.0,1.0
2026-01-01 08:53:50,30.3,68.5,336.7,55.0,0.0,0.0,1.0
2026-01-01 08:53:55,30.4,68.2,346.2,54.9,0.0,0.0,0.0
2026-01-01 08:54:00,30.4,68.3,333.3,55.0,0.0,0.0,0.0
2026-01-01 08:54:05,30.5,68.5,303.4,55.0,0.0,0.0,0.0
2026-01-01 08:54:10,30.6,68.2,308.0,55.0,0.0,0.0,0.0
2026-01-01 08:54:15,30.7,68.1,344.5,54.9,0.0,0.0,1.0
2026-01-01 08:54:20,30.7,68.5,353.7,54.8,0.0,0.0,1.0
2026-01-01 08:54:25,30.8,68.7,323.7,54.9,0.0,0.0,1.0
2026-01-01 08:54:30,30.7,68.9,368.4,54.9,0.0,0.0,1.0
2026-01-01 08:54:35,30.6,69.2,321.7,54.9,0.0,0.0,1.0
2026-01-01 08:54:40,30.5,69.1,322.5,54.8,0.0,0.0,1.0
2026-01-01 08:54:45,30.3,69.2,345.6,54.8,0.0,0.0,1.0
2026-01-01 08:54:50,30.1,69.3,320.6,54.8,0.0,0.0,0.0
2026-01-01 08:54:55,30.1,69.1,351.2,54.8,0.0,0.0,0.0
2026-01-01 08:55:00,30.2,68.8,375.3,54.9,0.0,0.0,0.0
2026-01-01 08:55:05,30.2,68.8,350.7,54.8,0.0,0.0,0.0
2026-01-01 08:55:10,30.3,69.1,347.6,54.8,0.0,0.0,0.0
2026-01-01 08:55:15,30.5,69.2,374.7,54.8,0.0,0.0,0.0
2026-01-01 08:55:20,30.6,69.2,332.6,54.8,0.0,0.0,1.0
2026-01-01 08:55:25,30.5,69.2,322.0,54.8,0.0,0.0,1.0
2026-01-01 08:55:30,30.5,69.3,330.8,54.7,0.0,0.0,1.0
2026-01-01 08:55:35,30.4,69.5,343.6,54.8,0.0,0.0,1.0
2026-01-01 08:55:40,30.3,69.6,371.2,54.8,0.0,0.0,0.0
2026-01-01 08:55:45,30.4,69.7,367.1,54.7,0.0,0.0,0.0
2026-01-01 08:55:50,30.4,69.6,349.8,54.7,0.0,0.0,0.0
2026-01-01 08:55:55,30.5,69.8,364.6,54.7,0.0,0.0,0.0
2026-01-01 08:56:00,30.8,70.4,340.0,54.7,0.0,0.0,0.0
2026-01-01 08:56:05,30.7,70.8,368.9,54.8,0.0,0.0,1.0
2026-01-01 08:56:10,30.8,70.5,352.7,54.8,0.0,0.0,1.0
2026-01-01 08:56:15,30.8,70.4,327.3,54.7,0.0,0.0,1.0
2026-01-01 08:56:20,30.8,70.6,334.2,54.7,0.0,0.0,1.0
2026-01-01 08:56:25,30.8,70.4,380.6,54.7,0.0,0.0,1.0
2026-01-01 08:56:30,30.6,70.5,376.2,54.8,0.0,0.0,1.0
2026-01-01 08:56:35,30.5,70.4,353.2,54.7,0.0,0.0,1.0
2026-01-01 08:56:40,30.3,70.0,361.8,54.8,0.0,0.0,0.0
2026-01-01 08:56:45,30.4,70.0,361.7,54.8,0.0,0.0,0.0
2026-01-01 08:56:50,30.4,70.0,355.7,54.7,0.0,0.0,0.0
2026-01-01 08:56:55,30.5,69.9,362.4,54.7,0.0,0.0,0.0
2026-01-01 08:57:00,30.5,70.1,377.7,54.7,0.0,0.0,1.0
2026-01-01 08:57:05,30.6,69.9,336.4,54.6,0.0,0.0,0.0
2026-01-01 08:57:10,30.6,69.9,339.1,54.6,0.0,0.0,1.0
2026-01-01 08:57:15,30.5,70.0,360.1,54.5,0.0,0.0,1.0
2026-01-01 08:57:20,30.5,69.7,323.0,54.5,0.0,0.0,0.0
2026-01-01 08:57:25,30.6,69.9,363.5,54.5,0.0,0.0,0.0
2026-01-01 08:57:30,30.6,69.8,353.3,54.5,0.0,0.0,1.0
2026-01-01 08:57:35,30.5,69.9,333.5,54.5,0.0,0.0,1.0
2026-01-01 08:57:40,30.5,70.0,370.3,54.6,0.0,0.0,0.0
2026-01-01 08:57:45,30.4,69.7,343.0,54.5,0.0,0.0,1.0
2026-01-01 08:57:50,30.4,69.8,330.6,54.5,0.0,0.0,0.0
2026-01-01 08:57:55,30.5,70.0,352.2,54.5,0.0,0.0,0.0
2026-01-01 08:58:00,30.6,70.0,341.6,54.5,0.0,0.0,0.0
2026-01-01 08:58:05,30.5,69.9,324.3,54.5,0.0,0.0,1.0
2026-01-01 08:58:10,30.7,69.9,348.3,54.5,0.0,0.0,0.0
2026-01-01 08:58:15,30.6,69.9,357.9,54.6,0.0,0.0,1.0
2026-01-01 08:58:20,30.6,70.0,348.9,54.5,0.0,0.0,1.0
2026-01-01 08:58:25,30.4,69.9,344.4,54.5,0.0,0.0,1.0
2026-01-01 08:58:30,30.4,69.8,335.0,54.5,0.0,0.0,0.0
2026-01-01 08:58:35,30.4,69.6,364.2,54.5,0.0,0.0,0.0
2026-01-01 08:58:40,30.4,69.6,350.9,54.5,0.0,0.0,0.0
2026-01-01 08:58:45,30.6,69.4,369.8,54.4,0.0,0.0,0.0
2026-01-01 08:58:50,30.7,69.2,345.3,54.4,0.0,0.0,1.0
2026-01-01 08:58:55,30.5,69.4,338.4,54.5,0.0,0.0,1.0
2026-01-01 08:59:00,30.5,69.8,346.8,54.5,0.0,0.0,0.0
2026-01-01 08:59:05,30.4,70.0,342.0,54.5,0.0,0.0,1.0
2026-01-01 08:59:10,30.4,70.0,354.1,54.5,0.0,0.0,0.0
2026-01-01 08:59:15,30.6,69.8,337.0,54.5,0.0,0.0,0.0
2026-01-01 08:59:20,30.6,69.7,364.2,54.4,0.0,0.0,1.0
2026-01-01 08:59:25,30.5,69.9,362.4,54.4,0.0,0.0,1.0
2026-01-01 08:59:30,30.4,69.5,335.9,54.4,0.0,0.0,1.0
2026-01-01 08:59:35,30.5,69.5,396.0,54.4,0.0,0.0,0.0
2026-01-01 08:59:40,30.4,69.5,327.2,54.4,0.0,0.0,1.0
2026-01-01 08:59:45,30.5,69.2,395.9,54.4,0.0,0.0,0.0
2026-01-01 08:59:50,30.5,69.0,341.0,54.4,0.0,0.0,0.0
2026-01-01 08:59:55,30.6,69.1,366.4,54.3,0.0,0.0,1.0
2026-01-01 11:30:00,32.0,67.6,496.2,54.5,0.0,0.0,1.0
2026-01-01 11:30:05,31.9,68.0,496.0,54.5,0.0,1.0,1.0
2026-01-01 11:30:10,31.9,68.1,457.6,54.5,0.0,0.0,1.0
2026-01-01 11:30:15,32.0,68.0,460.3,54.5,0.0,0.0,1.0
2026-01-01 11:30:20,32.0,67.7,504.5,54.4,0.0,1.0,1.0
2026-01-01 11:30:25,31.9,68.0,486.2,54.4,0.0,1.0,1.0
2026-01-01 11:30:30,31.7,68.2,500.4,54.5,0.0,0.0,1.0
2026-01-01 11:30:35,31.8,68.2,510.8,54.4,0.0,0.0,1.0
2026-01-01 11:30:40,31.8,68.2,521.2,54.4,0.0,0.0,1.0
2026-01-01 11:30:45,31.7,67.8,479.1,54.5,0.0,0.0,1.0
2026-01-01 11:30:50,31.8,67.7,482.0,54.4,0.0,1.0,1.0
2026-01-01 11:30:55,31.7,67.9,486.4,54.4,0.0,1.0,1.0
2026-01-01 11:31:00,31.8,68.7,486.6,54.5,0.0,1.0,1.0
2026-01-01 11:31:05,31.8,69.1,494.6,54.5,0.0,0.0,1.0
2026-01-01 11:31:10,31.8,69.1,471.0,54.4,0.0,0.0,1.0
2026-01-01 11:31:15,31.9,68.8,519.7,54.4,0.0,0.0,1.0
2026-01-01 11:31:20,31.9,68.2,483.4,54.4,0.0,0.0,1.0
2026-01-01 11:31:25,31.8,67.9,499.6,54.4,0.0,0.0,1.0
2026-01-01 11:31:30,31.8,67.9,509.9,54.3,0.0,1.0,1.0
2026-01-01 11:31:35,31.7,68.4,503.5,54.4,0.0,1.0,1.0
2026-01-01 11:31:40,31.7,68.3,484.1,54.4,0.0,0.0,1.0
2026-01-01 11:31:45,31.8,68.3,488.9,54.4,0.0,0.0,1.0
2026-01-01 11:31:50,31.9,68.1,505.6,54.3,0.0,0.0,1.0
2026-01-01 11:31:55,31.9,67.9,456.5,54.2,0.0,0.0,1.0
2026-01-01 11:32:00,31.9,68.0,501.9,54.2,0.0,1.0,1.0
2026-01-01 11:32:05,31.8,68.3,473.6,54.3,0.0,1.0,1.0
2026-01-01 11:32:10,31.8,68.4,490.0,54.4,0.0,0.0,1.0
2026-01-01 11:32:15,31.9,68.5,448.8,54.4,0.0,0.0,1.0
2026-01-01 11:32:20,32.0,68.3,496.4,54.3,0.0,0.0,1.0
2026-01-01 11:32:25,32.0,67.6,488.3,54.3,0.0,0.0,1.0
2026-01-01 11:32:30,31.9,68.0,510.0,54.3,0.0,1.0,1.0
2026-01-01 11:32:35,31.9,68.4,476.7,54.3,0.0,1.0,1.0
2026-01-01 11:32:40,31.9,68.3,501.5,54.3,0.0,0.0,1.0
2026-01-01 11:32:45,31.9,68.2,499.7,54.2,0.0,0.0,1.0
2026-01-01 11:32:50,32.0,68.2,498.1,54.2,0.0,0.0,1.0
2026-01-01 11:32:55,32.1,67.8,474.2,54.2,0.0,0.0,1.0
2026-01-01 11:33:00,32.1,67.9,494.4,54.2,0.0,1.0,1.0
2026-01-01 11:33:05,32.2,68.2,473.3,54.1,1.0,1.0,1.0
2026-01-01 11:33:10,32.1,68.3,478.6,54.1,1.0,0.0,1.0
2026-01-01 11:33:15,32.1,68.2,488.7,54.2,1.0,0.0,1.0
2026-01-01 11:33:20,32.2,67.8,479.8,54.3,1.0,0.0,1.0
2026-01-01 11:33:25,32.1,68.0,487.1,54.5,1.0,1.0,1.0
2026-01-01 11:33:30,32.0,68.2,472.6,54.7,1.0,1.0,1.0
2026-01-01 11:33:35,32.0,68.1,497.1,54.9,0.0,0.0,1.0
2026-01-01 11:33:40,32.0,68.1,475.8,55.1,0.0,0.0,1.0
2026-01-01 11:33:45,32.1,68.1,494.8,55.3,0.0,0.0,1.0
2026-01-01 11:33:50,32.1,67.7,494.6,55.4,0.0,0.0,1.0
2026-01-01 11:33:55,32.1,67.9,510.1,55.5,0.0,1.0,1.0
2026-01-01 11:34:00,32.1,68.3,519.8,55.6,0.0,1.0,1.0
2026-01-01 11:34:05,32.1,68.2,492.3,55.6,0.0,0.0,1.0
2026-01-01 11:34:10,32.0,68.0,492.8,55.7,0.0,0.0,1.0
2026-01-01 11:34:15,32.0,67.5,472.2,55.7,0.0,0.0,1.0
2026-01-01 11:34:20,31.9,67.7,499.3,55.8,0.0,1.0,1.0
2026-01-01 11:34:25,32.0,68.1,493.1,55.8,0.0,1.0,1.0
2026-01-01 11:34:30,32.0,68.3,456.7,55.8,0.0,0.0,1.0
2026-01-01 11:34:35,31.9,68.1,505.8,55.8,0.0,0.0,1.0
2026-01-01 11:34:40,32.0,68.2,498.8,55.7,0.0,0.0,1.0
2026-01-01 11:34:45,32.0,68.0,500.5,55.8,0.0,0.0,1.0
2026-01-01 11:34:50,32.0,67.8,469.2,55.8,0.0,0.0,1.0
2026-01-01 11:34:55,31.9,67.8,505.0,55.8,0.0,1.0,1.0
2026-01-01 11:35:00,31.8,68.4,486.4,55.7,0.0,1.0,1.0
2026-01-01 11:35:05,31.8,68.5,509.6,55.7,0.0,0.0,1.0
2026-01-01 11:35:10,31.9,68.2,495.0,55.8,0.0,0.0,1.0
2026-01-01 11:35:15,31.9,68.1,498.1,55.8,0.0,0.0,1.0
2026-01-01 11:35:20,32.0,67.6,475.2,55.7,0.0,0.0,1.0
2026-01-01 11:35:25,32.0,67.6,485.2,55.6,0.0,1.0,1.0
2026-01-01 11:35:30,32.0,67.8,493.7,55.6,0.0,1.0,1.0
2026-01-01 11:35:35,32.0,68.4,461.2,55.6,0.0,1.0,1.0
2026-01-01 11:35:40,32.0,68.5,511.1,55.6,0.0,0.0,1.0
2026-01-01 11:35:45,32.0,68.4,502.2,55.5,0.0,0.0,1.0
2026-01-01 11:35:50,32.0,67.9,485.3,55.6,0.0,0.0,1.0
2026-01-01 11:35:55,31.9,67.8,510.6,55.6,0.0,1.0,1.0
2026-01-01 11:36:00,31.9,68.2,492.5,55.5,0.0,1.0,1.0
2026-01-01 11:36:05,32.0,68.4,491.2,55.6,0.0,0.0,1.0
2026-01-01 11:36:10,32.0,68.2,472.4,55.5,0.0,0.0,1.0
2026-01-01 11:36:15,32.0,68.0,515.2,55.5,0.0,0.0,1.0
2026-01-01 11:36:20,32.0,68.2,490.7,55.6,0.0,1.0,1.0
2026-01-01 11:36:25,32.0,68.2,487.4,55.5,0.0,0.0,1.0
2026-01-01 11:36:30,31.9,67.7,506.3,55.5,0.0,0.0,1.0
2026-01-01 11:36:35,31.9,68.3,509.5,55.5,0.0,1.0,1.0
2026-01-01 11:36:40,31.9,68.4,503.8,55.6,0.0,0.0,1.0
2026-01-01 11:36:45,32.0,68.0,495.2,55.6,0.0,0.0,1.0
2026-01-01 11:36:50,31.8,68.1,473.4,55.6,0.0,1.0,1.0
2026-01-01 11:36:55,31.7,68.2,488.7,55.5,0.0,0.0,1.0
2026-01-01 11:37:00,31.9,68.1,479.8,55.5,0.0,0.0,1.0
2026-01-01 11:37:05,31.9,67.6,453.3,55.5,0.0,0.0,1.0
2026-01-01 11:37:10,31.9,67.7,491.0,55.5,0.0,1.0,1.0
2026-01-01 11:37:15,31.9,68.4,517.2,55.4,0.0,1.0,1.0
2026-01-01 11:37:20,32.0,68.4,479.1,55.4,0.0,0.0,1.0
2026-01-01 11:37:25,32.1,68.0,497.1,55.3,0.0,0.0,1.0
2026-01-01 11:37:30,32.0,67.4,465.7,55.3,0.0,0.0,1.0
2026-01-01 11:37:35,31.9,67.8,509.0,55.4,0.0,1.0,1.0
2026-01-01 11:37:40,31.9,68.5,465.6,55.4,0.0,1.0,1.0
2026-01-01 11:37:45,32.0,68.5,491.8,55.4,0.0,0.0,1.0
2026-01-01 11:37:50,32.0,68.6,492.3,55.4,0.0,0.0,1.0
2026-01-01 11:37:55,32.0,68.4,488.6,55.4,0.0,0.0,1.0
2026-01-01 11:38:00,32.1,68.3,502.3,55.3,0.0,0.0,1.0
2026-01-01 11:38:05,32.0,67.8,523.3,55.4,0.0,0.0,1.0
2026-01-01 11:38:10,32.1,67.8,520.7,55.4,0.0,1.0,1.0
2026-01-01 11:38:15,32.1,68.2,476.0,55.3,0.0,1.0,1.0
2026-01-01 11:38:20,32.0,68.0,475.1,55.3,0.0,0.0,1.0
2026-01-01 11:38:25,32.1,68.3,502.4,55.3,0.0,1.0,1.0
2026-01-01 11:38:30,32.1,68.2,469.3,55.3,0.0,0.0,1.0
2026-01-01 11:38:35,32.0,68.3,522.1,55.3,0.0,0.0,1.0
2026-01-01 11:38:40,32.0,68.3,468.7,55.3,0.0,0.0,1.0
2026-01-01 11:38:45,32.0,67.9,496.0,55.2,0.0,0.0,1.0
2026-01-01 11:38:50,31.9,68.2,496.2,55.3,0.0,1.0,1.0
2026-01-01 11:38:55,32.0,68.1,487.3,55.2,0.0,0.0,1.0
2026-01-01 11:39:00,32.0,67.6,517.2,55.2,0.0,0.0,1.0
2026-01-01 11:39:05,31.9,67.7,472.7,55.2,0.0,1.0,1.0
2026-01-01 11:39:10,31.9,68.1,476.9,55.2,0.0,1.0,1.0
2026-01-01 11:39:15,32.0,68.3,474.2,55.1,0.0,0.0,1.0
2026-01-01 11:39:20,32.0,68.3,512.2,55.2,0.0,0.0,1.0
2026-01-01 11:39:25,32.0,68.2,493.7,55.1,0.0,0.0,1.0
2026-01-01 11:39:30,32.1,68.2,510.2,55.2,0.0,0.0,1.0
2026-01-01 11:39:35,32.1,67.7,479.3,55.1,0.0,0.0,1.0
2026-01-01 11:39:40,32.0,67.8,516.2,55.2,0.0,1.0,1.0
2026-01-01 11:39:45,32.1,68.3,512.0,55.1,0.0,1.0,1.0
2026-01-01 11:39:50,32.2,68.2,484.6,55.2,0.0,0.0,1.0
2026-01-01 11:39:55,32.1,68.1,492.0,55.2,0.0,0.0,1.0
2026-01-01 11:40:00,32.1,68.1,494.9,55.1,0.0,0.0,1.0
2026-01-01 11:40:05,32.1,68.1,506.9,55.1,0.0,1.0,1.0
2026-01-01 11:40:10,32.1,68.1,477.1,55.1,0.0,1.0,1.0
2026-01-01 11:40:15,32.1,68.0,482.5,55.2,0.0,0.0,1.0
2026-01-01 11:40:20,32.1,68.0,509.9,55.1,0.0,0.0,1.0
2026-01-01 11:40:25,32.1,68.0,497.2,55.1,0.0,0.0,1.0
2026-01-01 11:40:30,32.1,68.0,535.8,55.2,0.0,0.0,1.0
2026-01-01 11:40:35,32.2,68.1,510.6,55.1,0.0,1.0,1.0
2026-01-01 11:40:40,32.3,67.9,486.5,55.0,0.0,0.0,1.0
2026-01-01 11:40:45,32.4,68.2,498.9,55.1,0.0,1.0,1.0
2026-01-01 11:40:50,32.4,68.2,476.6,55.1,0.0,0.0,1.0
2026-01-01 11:40:55,32.4,67.7,520.6,55.2,0.0,0.0,1.0
2026-01-01 11:41:00,32.4,67.8,467.7,55.1,0.0,1.0,1.0
2026-01-01 11:41:05,32.4,68.2,511.4,55.1,0.0,1.0,1.0
2026-01-01 11:41:10,32.4,68.3,477.9,55.0,0.0,0.0,1.0
2026-01-01 11:41:15,32.5,67.9,533.1,55.0,0.0,0.0,1.0
2026-01-01 11:41:20,32.4,68.2,466.0,55.0,0.0,1.0,1.0
2026-01-01 11:41:25,32.4,68.0,505.8,54.9,0.0,0.0,1.0
2026-01-01 11:41:30,32.3,68.2,478.9,54.9,0.0,1.0,1.0
2026-01-01 11:41:35,32.3,68.3,502.6,55.0,0.0,0.0,1.0
2026-01-01 11:41:40,32.2,68.2,516.6,55.0,0.0,0.0,1.0
2026-01-01 11:41:45,32.2,67.7,516.6,54.9,0.0,0.0,1.0
2026-01-01 11:41:50,32.2,68.1,468.0,54.9,0.0,1.0,1.0
2026-01-01 11:41:55,32.2,67.9,503.3,54.9,0.0,0.0,1.0
2026-01-01 11:42:00,32.2,68.0,499.5,55.0,0.0,1.0,1.0
2026-01-01 11:42:05,32.2,68.0,516.9,55.0,0.0,0.0,1.0
2026-01-01 11:42:10,32.3,67.5,499.8,55.0,0.0,0.0,1.0
2026-01-01 11:42:15,32.3,67.5,505.5,54.9,0.0,1.0,1.0
2026-01-01 11:42:20,32.4,68.0,475.2,54.9,0.0,1.0,1.0
2026-01-01 11:42:25,32.4,68.2,484.9,54.9,0.0,0.0,1.0
2026-01-01 11:42:30,32.5,68.1,502.4,54.9,0.0,0.0,1.0
2026-01-01 11:42:35,32.5,68.1,479.4,55.0,0.0,0.0,1.0
2026-01-01 11:42:40,32.5,67.9,489.0,54.9,0.0,0.0,1.0
2026-01-01 11:42:45,32.5,68.4,468.4,54.9,0.0,1.0,1.0
2026-01-01 11:42:50,32.4,68.3,457.1,54.9,0.0,0.0,1.0
2026-01-01 11:42:55,32.5,68.1,519.1,54.8,0.0,0.0,1.0
2026-01-01 11:43:00,32.6,67.7,505.8,54.8,0.0,0.0,1.0
2026-01-01 11:43:05,32.4,67.8,495.6,54.8,0.0,1.0,1.0
2026-01-01 11:43:10,32.3,68.0,482.8,54.8,0.0,1.0,1.0
2026-01-01 11:43:15,32.4,68.0,471.3,54.8,0.0,0.0,1.0
2026-01-01 11:43:20,32.3,68.2,480.3,54.7,0.0,1.0,1.0
2026-01-01 11:43:25,32.3,68.3,469.9,54.7,0.0,0.0,1.0
2026-01-01 11:43:30,32.2,68.0,506.3,54.8,0.0,0.0,1.0
2026-01-01 11:43:35,32.3,68.3,483.2,54.8,0.0,1.0,1.0
2026-01-01 11:43:40,32.3,68.2,531.3,54.8,0.0,0.0,1.0
2026-01-01 11:43:45,32.3,68.0,486.2,54.7,0.0,0.0,1.0
2026-01-01 11:43:50,32.3,68.2,483.6,54.7,0.0,1.0,1.0
2026-01-01 11:43:55,32.4,68.2,480.7,54.7,0.0,0.0,1.0
2026-01-01 11:44:00,32.3,67.9,493.3,54.7,0.0,0.0,1.0
2026-01-01 11:44:05,32.3,67.8,470.6,54.7,0.0,1.0,1.0
2026-01-01 11:44:10,32.3,68.0,489.0,54.7,0.0,1.0,1.0
2026-01-01 11:44:15,32.2,68.6,476.4,54.7,0.0,1.0,1.0
2026-01-01 11:44:20,32.2,68.9,489.1,54.6,0.0,0.0,1.0
2026-01-01 11:44:25,32.2,69.1,475.4,54.6,0.0,0.0,1.0
2026-01-01 11:44:30,32.3,68.9,486.1,54.6,0.0,0.0,1.0
2026-01-01 11:44:35,32.4,68.6,480.7,54.6,0.0,0.0,1.0
2026-01-01 11:44:40,32.3,68.6,495.2,54.6,0.0,0.0,1.0
2026-01-01 11:44:45,32.4,68.0,492.1,54.6,0.0,0.0,1.0
2026-01-01 11:44:50,32.4,67.6,476.0,54.6,0.0,0.0,1.0
2026-01-01 11:44:55,32.5,67.4,477.1,54.6,0.0,1.0,1.0
2026-01-01 11:45:00,32.4,67.5,486.8,54.6,0.0,1.0,1.0
2026-01-01 11:45:05,32.4,68.3,505.6,54.5,0.0,1.0,1.0
2026-01-01 11:45:10,32.3,68.4,480.0,54.6,0.0,0.0,1.0
2026-01-01 11:45:15,32.2,68.0,495.6,54.6,0.0,0.0,1.0
2026-01-01 11:45:20,32.3,67.7,477.4,54.6,0.0,0.0,1.0
2026-01-01 11:45:25,32.3,67.9,510.5,54.6,0.0,1.0,1.0
2026-01-01 11:45:30,32.4,68.3,476.8,54.5,0.0,1.0,1.0
2026-01-01 11:45:35,32.4,68.4,482.6,54.4,0.0,0.0,1.0
2026-01-01 11:45:40,32.4,68.0,499.9,54.5,0.0,0.0,1.0
2026-01-01 11:45:45,32.2,68.4,477.2,54.4,0.0,1.0,1.0
2026-01-01 11:45:50,32.2,68.4,482.2,54.4,0.0,0.0,1.0
2026-01-01 11:45:55,32.2,67.9,502.4,54.5,0.0,0.0,1.0
2026-01-01 11:46:00,32.3,67.8,513.9,54.5,0.0,1.0,1.0
2026-01-01 11:46:05,32.2,68.4,515.5,54.5,0.0,1.0,1.0
2026-01-01 11:46:10,32.3,68.4,489.3,54.4,0.0,0.0,1.0
2026-01-01 11:46:15,32.4,67.8,508.3,54.4,0.0,0.0,1.0
2026-01-01 11:46:20,32.4,67.9,492.9,54.3,0.0,1.0,1.0
2026-01-01 11:46:25,32.4,68.4,501.0,54.3,0.0,1.0,1.0
2026-01-01 11:46:30,32.3,68.6,495.7,54.4,0.0,0.0,1.0
2026-01-01 11:46:35,32.4,68.5,492.2,54.4,0.0,0.0,1.0
2026-01-01 11:46:40,32.3,68.3,497.9,54.4,0.0,0.0,1.0
2026-01-01 11:46:45,32.3,67.7,454.5,54.4,0.0,0.0,1.0
2026-01-01 11:46:50,32.3,67.8,497.8,54.3,0.0,1.0,1.0
2026-01-01 11:46:55,32.2,68.0,466.0,54.3,0.0,1.0,1.0
2026-01-01 11:47:00,32.3,68.1,519.4,54.3,0.0,0.0,1.0
2026-01-01 11:47:05,32.3,68.0,485.2,54.2,0.0,0.0,1.0
2026-01-01 11:47:10,32.4,67.9,526.4,54.2,0.0,0.0,1.0
2026-01-01 11:47:15,32.4,68.4,507.5,54.3,0.0,1.0,1.0
2026-01-01 11:47:20,32.2,68.4,482.7,54.4,0.0,0.0,1.0
2026-01-01 11:47:25,32.3,68.1,479.9,54.3,0.0,0.0,1.0
2026-01-01 11:47:30,32.3,67.9,522.4,54.3,0.0,0.0,1.0
2026-01-01 11:47:35,32.2,68.0,487.7,54.3,0.0,1.0,1.0
2026-01-01 11:47:40,32.2,67.9,474.2,54.3,0.0,0.0,1.0
2026-01-01 11:47:45,32.2,68.2,497.0,54.2,0.0,1.0,1.0
2026-01-01 11:47:50,32.2,68.2,483.8,54.3,0.0,0.0,1.0
2026-01-01 11:47:55,32.2,67.8,494.8,54.2,0.0,0.0,1.0
2026-01-01 11:48:00,32.1,68.2,490.2,54.2,0.0,1.0,1.0
2026-01-01 11:48:05,32.3,68.3,461.1,54.2,0.0,0.0,1.0
2026-01-01 11:48:10,32.3,68.2,499.7,54.2,0.0,0.0,1.0
2026-01-01 11:48:15,32.4,68.1,478.7,54.2,1.0,0.0,1.0
2026-01-01 11:48:20,32.4,67.6,487.8,54.2,1.0,0.0,1.0
2026-01-01 11:48:25,32.4,67.6,495.9,54.3,1.0,1.0,1.0
2026-01-01 11:48:30,32.3,67.9,506.2,54.3,0.0,1.0,1.0
2026-01-01 11:48:35,32.2,68.3,516.3,54.5,0.0,1.0,1.0
2026-01-01 11:48:40,32.2,68.1,502.6,54.6,0.0,0.0,1.0
2026-01-01 11:48:45,32.2,67.9,482.2,54.7,0.0,0.0,1.0
2026-01-01 11:48:50,32.1,68.3,475.9,54.8,0.0,1.0,1.0
2026-01-01 11:48:55,32.1,68.2,481.2,54.9,0.0,0.0,1.0
2026-01-01 11:49:00,32.1,68.0,481.9,54.9,0.0,0.0,1.0
2026-01-01 11:49:05,32.2,67.8,487.5,54.9,0.0,0.0,1.0
2026-01-01 11:49:10,32.1,68.1,504.4,54.9,0.0,1.0,1.0
2026-01-01 11:49:15,32.0,67.6,463.1,54.9,0.0,0.0,1.0
2026-01-01 11:49:20,32.0,67.7,518.5,54.9,0.0,1.0,1.0
2026-01-01 11:49:25,32.1,68.2,487.3,54.9,0.0,1.0,1.0
2026-01-01 11:49:30,32.2,68.7,518.5,55.0,0.0,0.0,1.0
2026-01-01 11:49:35,32.2,68.5,480.2,55.0,0.0,0.0,1.0
2026-01-01 11:49:40,32.3,68.4,493.6,55.0,0.0,0.0,1.0
2026-01-01 11:49:45,32.4,68.0,502.6,54.9,0.0,0.0,1.0
2026-01-01 11:49:50,32.5,67.4,487.5,54.9,0.0,0.0,1.0
2026-01-01 11:49:55,32.5,67.6,483.4,54.9,0.0,1.0,1.0
2026-01-01 11:50:00,32.4,67.8,503.6,54.9,0.0,1.0,1.0
2026-01-01 11:50:05,32.5,68.1,492.2,54.9,0.0,1.0,1.0
2026-01-01 11:50:10,32.5,68.1,491.9,54.9,0.0,0.0,1.0
2026-01-01 11:50:15,32.5,67.8,469.0,54.9,0.0,0.0,1.0
2026-01-01 11:50:20,32.4,68.1,471.2,54.8,0.0,1.0,1.0
2026-01-01 11:50:25,32.3,67.7,488.8,54.8,0.0,0.0,1.0
2026-01-01 11:50:30,32.2,68.1,494.4,54.8,0.0,1.0,1.0
2026-01-01 11:50:35,32.3,67.9,501.4,54.8,0.0,0.0,1.0
2026-01-01 11:50:40,32.2,67.9,516.4,54.8,0.0,1.0,1.0
2026-01-01 11:50:45,32.2,68.6,500.5,54.8,0.0,1.0,1.0
2026-01-01 11:50:50,32.2,68.7,506.1,54.7,0.0,0.0,1.0
2026-01-01 11:50:55,32.2,68.8,476.4,54.8,0.0,0.0,1.0
2026-01-01 11:51:00,32.3,68.6,486.9,54.7,0.0,0.0,1.0
2026-01-01 11:51:05,32.2,68.2,502.2,54.8,0.0,0.0,1.0
2026-01-01 11:51:10,32.2,67.5,455.5,54.7,0.0,0.0,1.0
2026-01-01 11:51:15,32.4,67.8,500.4,54.6,0.0,1.0,1.0
2026-01-01 11:51:20,32.3,68.2,513.1,54.7,0.0,1.0,1.0
2026-01-01 11:51:25,32.3,68.0,474.1,54.7,0.0,0.0,1.0
2026-01-01 11:51:30,32.4,67.6,485.9,54.6,0.0,0.0,1.0
2026-01-01 11:51:35,32.5,68.0,504.7,54.7,0.0,1.0,1.0
2026-01-01 11:51:40,32.4,67.9,511.5,54.6,0.0,0.0,1.0
2026-01-01 11:51:45,32.4,68.0,486.0,54.6,0.0,1.0,1.0
2026-01-01 11:51:50,32.5,68.0,482.7,54.6,0.0,0.0,1.0
2026-01-01 11:51:55,32.4,68.1,460.2,54.6,0.0,1.0,1.0
2026-01-01 11:52:00,32.2,68.1,503.0,54.6,0.0,0.0,1.0
2026-01-01 11:52:05,32.3,68.1,475.4,54.6,0.0,0.0,1.0
2026-01-01 11:52:10,32.4,67.7,508.1,54.6,0.0,0.0,1.0
2026-01-01 11:52:15,32.3,67.8,507.3,54.6,0.0,1.0,1.0
2026-01-01 11:52:20,32.2,68.5,479.2,54.6,0.0,1.0,1.0
2026-01-01 11:52:25,32.1,68.5,494.4,54.6,0.0,0.0,1.0
2026-01-01 11:52:30,32.1,68.5,526.4,54.5,0.0,0.0,1.0
2026-01-01 11:52:35,32.2,68.3,483.5,54.6,0.0,0.0,1.0
2026-01-01 11:52:40,32.3,67.8,499.9,54.5,0.0,0.0,1.0
2026-01-01 11:52:45,32.4,68.2,504.2,54.4,0.0,1.0,1.0
2026-01-01 11:52:50,32.3,68.2,511.9,54.5,0.0,0.0,1.0
2026-01-01 11:52:55,32.4,68.2,479.4,54.5,0.0,0.0,1.0
2026-01-01 11:53:00,32.4,67.6,541.5,54.5,0.0,0.0,1.0
2026-01-01 11:53:05,32.2,67.9,498.0,54.4,0.0,1.0,1.0
2026-01-01 11:53:10,32.2,68.2,475.2,54.4,0.0,1.0,1.0
2026-01-01 11:53:15,32.0,68.3,480.8,54.4,0.0,0.0,1.0
2026-01-01 11:53:20,32.0,68.1,499.2,54.4,0.0,0.0,1.0
2026-01-01 11:53:25,32.1,67.7,493.4,54.4,0.0,0.0,1.0
2026-01-01 11:53:30,32.0,68.1,503.5,54.4,0.0,1.0,1.0
2026-01-01 11:53:35,32.1,67.9,480.8,54.4,0.0,0.0,1.0
2026-01-01 11:53:40,32.0,68.4,491.3,54.4,0.0,1.0,1.0
2026-01-01 11:53:45,31.9,68.2,481.2,54.3,0.0,0.0,1.0
2026-01-01 11:53:50,31.9,68.0,531.1,54.4,0.0,0.0,1.0
2026-01-01 11:53:55,31.8,67.7,488.7,54.3,0.0,0.0,1.0
2026-01-01 11:54:00,31.9,68.1,483.9,54.4,0.0,1.0,1.0
2026-01-01 11:54:05,32.0,68.0,520.8,54.4,0.0,0.0,1.0
2026-01-01 11:54:10,31.9,67.8,486.8,54.4,0.0,0.0,1.0
2026-01-01 11:54:15,31.9,67.8,517.0,54.3,0.0,1.0,1.0
2026-01-01 11:54:20,31.8,68.6,473.8,54.4,0.0,1.0,1.0
2026-01-01 11:54:25,31.8,68.7,494.4,54.3,0.0,0.0,1.0
2026-01-01 11:54:30,31.8,68.4,518.6,54.3,0.0,0.0,1.0
2026-01-01 11:54:35,31.9,68.2,481.0,54.3,0.0,0.0,1.0
2026-01-01 11:54:40,32.0,67.9,523.4,54.3,0.0,0.0,1.0
2026-01-01 11:54:45,31.9,67.9,499.4,54.3,0.0,1.0,1.0
2026-01-01 11:54:50,32.0,68.3,473.9,54.2,0.0,1.0,1.0
2026-01-01 11:54:55,32.1,68.4,486.9,54.2,0.0,0.0,1.0
2026-01-01 11:55:00,32.0,68.3,502.2,54.2,1.0,0.0,1.0
2026-01-01 11:55:05,32.1,67.6,482.3,54.2,1.0,0.0,1.0
2026-01-01 11:55:10,32.1,67.8,491.0,54.3,1.0,1.0,1.0
2026-01-01 11:55:15,31.9,68.3,491.9,54.4,0.0,1.0,1.0
2026-01-01 11:55:20,32.0,68.4,506.8,54.5,0.0,0.0,1.0
2026-01-01 11:55:25,32.0,68.3,503.0,54.7,0.0,0.0,1.0
2026-01-01 11:55:30,32.1,67.8,529.9,54.7,0.0,0.0,1.0
2026-01-01 11:55:35,32.0,68.2,494.3,54.8,0.0,1.0,1.0
2026-01-01 11:55:40,32.0,68.4,490.0,54.8,0.0,0.0,1.0
2026-01-01 11:55:45,32.0,67.8,486.6,54.9,0.0,0.0,1.0
2026-01-01 11:55:50,32.1,68.2,487.8,54.9,0.0,1.0,1.0
2026-01-01 11:55:55,32.2,68.2,506.7,54.9,0.0,0.0,1.0
2026-01-01 11:56:00,32.0,68.1,511.6,55.0,0.0,0.0,1.0
2026-01-01 11:56:05,32.1,67.7,488.2,55.0,0.0,0.0,1.0
2026-01-01 11:56:10,32.2,67.5,510.0,55.0,0.0,1.0,1.0
2026-01-01 11:56:15,32.2,67.8,528.7,55.0,0.0,1.0,1.0
2026-01-01 11:56:20,32.2,68.4,477.2,55.0,0.0,1.0,1.0
2026-01-01 11:56:25,32.1,68.3,468.0,55.0,0.0,0.0,1.0
2026-01-01 11:56:30,32.2,68.2,486.6,55.0,0.0,0.0,1.0
2026-01-01 11:56:35,32.2,67.8,496.1,55.0,0.0,0.0,1.0
2026-01-01 11:56:40,32.2,68.0,505.0,54.9,0.0,1.0,1.0
2026-01-01 11:56:45,32.2,68.1,477.6,54.9,0.0,1.0,1.0
2026-01-01 11:56:50,32.1,68.2,499.2,54.9,0.0,0.0,1.0
2026-01-01 11:56:55,32.1,68.2,488.3,55.0,0.0,0.0,1.0
2026-01-01 11:57:00,32.1,68.1,482.7,54.9,0.0,0.0,1.0
2026-01-01 11:57:05,32.1,67.8,500.9,54.9,0.0,0.0,1.0
2026-01-01 11:57:10,32.0,67.8,484.2,54.8,0.0,1.0,1.0
2026-01-01 11:57:15,32.1,67.9,476.4,54.9,0.0,1.0,1.0
2026-01-01 11:57:20,32.1,68.4,510.3,54.8,0.0,1.0,1.0
2026-01-01 11:57:25,32.2,68.7,482.7,54.8,0.0,0.0,1.0
2026-01-01 11:57:30,32.1,68.5,497.4,54.8,0.0,0.0,1.0
2026-01-01 11:57:35,32.1,68.1,503.9,54.9,0.0,0.0,1.0
2026-01-01 11:57:40,32.2,67.8,484.0,54.8,0.0,0.0,1.0
2026-01-01 11:57:45,32.2,68.2,518.9,54.8,0.0,1.0,1.0
2026-01-01 11:57:50,32.3,68.1,511.6,54.6,0.0,0.0,1.0
2026-01-01 11:57:55,32.3,68.0,505.2,54.6,0.0,0.0,1.0
2026-01-01 11:58:00,32.4,68.2,502.5,54.6,0.0,1.0,1.0
2026-01-01 11:58:05,32.4,67.7,510.9,54.7,0.0,0.0,1.0
2026-01-01 11:58:10,32.3,68.1,482.6,54.7,0.0,1.0,1.0
2026-01-01 11:58:15,32.3,68.3,481.6,54.6,0.0,0.0,1.0
2026-01-01 11:58:20,32.3,68.2,502.2,54.6,0.0,0.0,1.0
2026-01-01 11:58:25,32.3,67.8,478.0,54.6,0.0,0.0,1.0
2026-01-01 11:58:30,32.2,67.8,501.4,54.6,0.0,1.0,1.0
2026-01-01 11:58:35,32.2,68.2,468.1,54.5,0.0,1.0,1.0
2026-01-01 11:58:40,32.3,68.2,500.9,54.5,0.0,0.0,1.0
2026-01-01 11:58:45,32.3,68.0,468.0,54.5,0.0,0.0,1.0
2026-01-01 11:58:50,32.3,68.6,498.2,54.5,0.0,1.0,1.0
2026-01-01 11:58:55,32.3,68.3,480.4,54.5,0.0,0.0,1.0
2026-01-01 11:59:00,32.3,68.1,497.4,54.5,0.0,0.0,1.0
2026-01-01 11:59:05,32.3,67.7,502.1,54.5,0.0,0.0,1.0
2026-01-01 11:59:10,32.3,67.9,484.4,54.5,0.0,1.0,1.0
2026-01-01 11:59:15,32.2,68.2,519.7,54.5,0.0,1.0,1.0
2026-01-01 11:59:20,32.1,68.4,508.2,54.5,0.0,0.0,1.0
2026-01-01 11:59:25,32.2,68.2,487.4,54.6,0.0,0.0,1.0
2026-01-01 11:59:30,32.2,67.8,482.6,54.6,0.0,0.0,1.0
2026-01-01 11:59:35,32.2,68.0,504.0,54.5,0.0,1.0,1.0
2026-01-01 11:59:40,32.2,67.8,489.2,54.5,0.0,0.0,1.0
2026-01-01 11:59:45,32.1,68.0,479.8,54.4,0.0,1.0,1.0
2026-01-01 11:59:50,32.2,68.0,512.7,54.4,0.0,0.0,1.0
2026-01-01 11:59:55,32.2,67.8,477.8,54.5,0.0,0.0,1.0
2026-01-01 12:00:00,32.2,68.2,485.3,54.4,0.0,1.0,1.0
2026-01-01 12:00:05,32.1,67.8,506.8,54.4,0.0,0.0,1.0
2026-01-01 12:00:10,32.1,68.0,510.9,54.4,0.0,1.0,1.0
2026-01-01 12:00:15,32.1,68.3,496.5,54.4,0.0,0.0,1.0
2026-01-01 12:00:20,32.2,67.9,488.5,54.4,0.0,0.0,1.0
2026-01-01 12:00:25,32.2,68.0,492.3,54.4,0.0,1.0,1.0
2026-01-01 12:00:30,32.2,68.0,492.2,54.4,0.0,1.0,1.0
2026-01-01 12:00:35,32.2,68.7,502.1,54.5,0.0,1.0,1.0
2026-01-01 12:00:40,32.3,69.3,466.6,54.4,0.0,0.0,1.0
2026-01-01 12:00:45,32.3,69.6,486.5,54.4,0.0,0.0,1.0
2026-01-01 12:00:50,32.2,69.1,494.1,54.4,0.0,0.0,1.0
2026-01-01 12:00:55,32.3,69.0,506.9,54.3,0.0,0.0,1.0
2026-01-01 12:01:00,32.2,68.4,511.2,54.3,0.0,0.0,1.0
2026-01-01 12:01:05,32.4,68.1,490.3,54.4,0.0,0.0,1.0
2026-01-01 12:01:10,32.4,67.6,478.0,54.3,0.0,0.0,1.0
2026-01-01 12:01:15,32.5,67.5,471.2,54.3,0.0,1.0,1.0
2026-01-01 12:01:20,32.4,68.1,499.0,54.3,0.0,1.0,1.0
2026-01-01 12:01:25,32.4,68.3,492.9,54.3,0.0,0.0,1.0
2026-01-01 12:01:30,32.5,68.1,479.2,54.2,0.0,0.0,1.0
2026-01-01 12:01:35,32.6,67.5,496.7,54.2,0.0,0.0,1.0
2026-01-01 12:01:40,32.7,67.5,478.7,54.2,1.0,1.0,1.0
2026-01-01 12:01:45,32.6,67.6,475.7,54.2,1.0,1.0,1.0
2026-01-01 12:01:50,32.4,68.2,471.8,54.3,1.0,1.0,1.0
2026-01-01 12:01:55,32.4,68.0,497.4,54.4,0.0,0.0,1.0
2026-01-01 12:02:00,32.3,68.3,515.0,54.6,0.0,1.0,1.0
2026-01-01 12:02:05,32.1,68.2,473.0,54.8,0.0,0.0,1.0
2026-01-01 12:02:10,32.1,68.1,515.4,54.8,0.0,0.0,1.0
2026-01-01 12:02:15,32.1,67.7,500.4,54.9,0.0,0.0,1.0
2026-01-01 12:02:20,32.1,67.7,485.7,55.0,0.0,1.0,1.0
2026-01-01 12:02:25,32.1,68.4,482.7,55.0,0.0,1.0,1.0
2026-01-01 12:02:30,32.1,68.5,501.3,55.1,0.0,0.0,1.0
2026-01-01 12:02:35,32.0,68.4,488.6,55.1,0.0,0.0,1.0
2026-01-01 12:02:40,32.1,67.7,497.1,55.0,0.0,0.0,1.0
2026-01-01 12:02:45,32.1,68.1,495.5,55.1,0.0,1.0,1.0
2026-01-01 12:02:50,32.0,67.9,487.5,55.1,0.0,0.0,1.0
2026-01-01 12:02:55,32.0,68.2,490.6,55.1,0.0,1.0,1.0
2026-01-01 12:03:00,32.0,68.2,468.7,55.1,0.0,0.0,1.0
2026-01-01 12:03:05,32.1,67.7,510.8,55.1,0.0,0.0,1.0
2026-01-01 12:03:10,32.1,68.3,495.4,55.2,0.0,1.0,1.0
2026-01-01 12:03:15,32.1,68.3,501.7,55.1,0.0,0.0,1.0
2026-01-01 12:03:20,32.2,68.1,480.6,55.0,0.0,0.0,1.0
2026-01-01 12:03:25,32.3,67.6,514.9,55.0,0.0,0.0,1.0
2026-01-01 12:03:30,32.2,67.5,507.6,55.0,0.0,1.0,1.0
2026-01-01 12:03:35,32.1,68.2,500.2,54.9,0.0,1.0,1.0
2026-01-01 12:03:40,32.2,68.2,506.8,55.0,0.0,0.0,1.0
2026-01-01 12:03:45,32.2,67.9,488.7,55.0,0.0,0.0,1.0
2026-01-01 12:03:50,32.2,68.4,495.7,54.9,0.0,1.0,1.0
2026-01-01 12:03:55,32.2,68.5,493.1,54.9,0.0,0.0,1.0
2026-01-01 12:04:00,32.2,68.0,487.8,54.9,0.0,0.0,1.0
2026-01-01 12:04:05,32.4,67.6,501.5,54.8,0.0,0.0,1.0
2026-01-01 12:04:10,32.4,68.0,501.4,54.8,0.0,0.0,1.0
2026-01-01 12:04:15,32.4,68.5,501.2,54.8,0.0,1.0,1.0
2026-01-01 12:04:20,32.5,68.3,487.7,54.7,0.0,0.0,1.0
2026-01-01 12:04:25,32.5,68.3,517.7,54.7,0.0,0.0,1.0
2026-01-01 12:04:30,32.3,67.9,511.6,54.8,0.0,0.0,1.0
2026-01-01 12:04:35,32.2,68.2,495.9,54.9,0.0,1.0,1.0
2026-01-01 12:04:40,32.2,68.2,494.7,54.8,0.0,0.0,1.0
2026-01-01 12:04:45,32.2,67.9,509.3,54.7,0.0,0.0,1.0
2026-01-01 12:04:50,32.2,68.2,477.3,54.7,0.0,1.0,1.0
2026-01-01 12:04:55,32.3,67.5,489.2,54.7,0.0,0.0,1.0
2026-01-01 12:05:00,32.1,67.6,521.3,54.8,0.0,1.0,1.0
2026-01-01 12:05:05,32.1,67.9,500.7,54.8,0.0,1.0,1.0
2026-01-01 12:05:10,32.2,68.4,525.7,54.8,0.0,1.0,1.0
2026-01-01 12:05:15,32.2,69.0,491.2,54.8,0.0,0.0,1.0
2026-01-01 12:05:20,32.4,68.9,503.0,54.7,0.0,0.0,1.0
2026-01-01 12:05:25,32.4,68.8,514.5,54.8,0.0,0.0,1.0
2026-01-01 12:05:30,32.4,68.1,464.6,54.8,0.0,0.0,1.0
2026-01-01 12:05:35,32.4,67.4,473.3,54.7,0.0,0.0,1.0
2026-01-01 12:05:40,32.5,67.5,510.6,54.7,0.0,1.0,1.0
2026-01-01 12:05:45,32.5,68.2,500.1,54.7,0.0,1.0,1.0
2026-01-01 12:05:50,32.4,67.8,521.0,54.7,0.0,0.0,1.0
2026-01-01 12:05:55,32.4,67.9,484.5,54.7,0.0,1.0,1.0
2026-01-01 12:06:00,32.4,68.1,538.5,54.7,0.0,1.0,1.0
2026-01-01 12:06:05,32.4,68.2,482.9,54.6,0.0,0.0,1.0
2026-01-01 12:06:10,32.5,67.9,480.8,54.7,0.0,0.0,1.0
2026-01-01 12:06:15,32.5,67.9,492.4,54.7,0.0,1.0,1.0
2026-01-01 12:06:20,32.4,68.2,476.6,54.7,0.0,1.0,1.0
2026-01-01 12:06:25,32.4,68.0,490.5,54.7,0.0,0.0,1.0
2026-01-01 12:06:30,32.4,68.2,524.2,54.6,0.0,1.0,1.0
2026-01-01 12:06:35,32.4,68.2,495.5,54.6,0.0,0.0,1.0
2026-01-01 12:06:40,32.4,67.8,520.0,54.5,0.0,0.0,1.0
2026-01-01 12:06:45,32.4,68.1,524.3,54.6,0.0,1.0,1.0
2026-01-01 12:06:50,32.4,68.1,543.7,54.5,0.0,0.0,1.0
2026-01-01 12:06:55,32.5,68.1,490.5,54.5,0.0,0.0,1.0
2026-01-01 12:07:00,32.5,68.0,484.4,54.5,0.0,0.0,1.0
2026-01-01 12:07:05,32.5,67.8,480.6,54.5,0.0,0.0,1.0
2026-01-01 12:07:10,32.5,67.9,486.5,54.5,0.0,1.0,1.0
2026-01-01 12:07:15,32.6,68.4,478.1,54.5,0.0,1.0,1.0
2026-01-01 12:07:20,32.5,68.6,527.5,54.5,0.0,0.0,1.0
2026-01-01 12:07:25,32.6,68.9,498.7,54.5,0.0,0.0,1.0
2026-01-01 12:07:30,32.6,68.6,496.7,54.5,0.0,0.0,1.0
2026-01-01 12:07:35,32.6,68.1,493.9,54.4,0.0,0.0,1.0
2026-01-01 12:07:40,32.7,67.7,479.4,54.5,0.0,0.0,1.0
2026-01-01 12:07:45,32.7,68.2,497.0,54.4,0.0,1.0,1.0
2026-01-01 12:07:50,32.6,67.7,520.7,54.5,0.0,0.0,1.0
2026-01-01 12:07:55,32.7,68.0,547.4,54.5,0.0,1.0,1.0
2026-01-01 12:08:00,32.5,67.9,490.1,54.4,0.0,0.0,1.0
2026-01-01 12:08:05,32.5,68.4,514.7,54.4,0.0,1.0,1.0
2026-01-01 12:08:10,32.4,68.3,507.6,54.4,0.0,0.0,1.0
2026-01-01 12:08:15,32.4,68.1,512.4,54.4,0.0,0.0,1.0
2026-01-01 12:08:20,32.5,67.7,491.8,54.4,0.0,0.0,1.0
2026-01-01 12:08:25,32.4,68.0,483.5,54.3,0.0,1.0,1.0
2026-01-01 12:08:30,32.4,68.2,494.3,54.3,0.0,1.0,1.0
2026-01-01 12:08:35,32.4,68.2,469.3,54.3,0.0,0.0,1.0
2026-01-01 12:08:40,32.4,67.9,510.8,54.2,0.0,0.0,1.0
2026-01-01 12:08:45,32.3,67.8,482.1,54.4,0.0,1.0,1.0
2026-01-01 12:08:50,32.3,68.5,451.0,54.3,0.0,1.0,1.0
2026-01-01 12:08:55,32.3,68.6,512.9,54.3,0.0,0.0,1.0
2026-01-01 12:09:00,32.2,68.5,496.6,54.2,0.0,0.0,1.0
2026-01-01 12:09:05,32.3,68.0,493.8,54.2,0.0,0.0,1.0
2026-01-01 12:09:10,32.3,68.2,513.3,54.2,1.0,1.0,1.0
2026-01-01 12:09:15,32.3,68.3,508.2,54.2,1.0,0.0,1.0
2026-01-01 12:09:20,32.3,67.8,510.8,54.2,1.0,0.0,1.0
2026-01-01 12:09:25,32.2,68.2,499.9,54.3,0.0,1.0,1.0
2026-01-01 12:09:30,32.3,68.2,501.9,54.5,0.0,0.0,1.0
2026-01-01 12:09:35,32.3,67.9,515.7,54.6,0.0,0.0,1.0
2026-01-01 12:09:40,32.3,68.1,496.7,54.8,0.0,1.0,1.0
2026-01-01 12:09:45,32.4,68.1,494.4,54.8,0.0,0.0,1.0
2026-01-01 12:09:50,32.3,67.8,489.3,54.8,0.0,0.0,1.0
2026-01-01 12:09:55,32.3,68.1,516.0,54.9,0.0,1.0,1.0
2026-01-01 12:10:00,32.4,68.1,499.1,54.9,0.0,0.0,1.0
2026-01-01 12:10:05,32.4,67.6,460.5,55.0,0.0,0.0,1.0
2026-01-01 12:10:10,32.4,67.8,476.2,55.0,0.0,1.0,1.0
2026-01-01 12:10:15,32.3,68.3,518.8,55.0,0.0,1.0,1.0
2026-01-01 12:10:20,32.4,68.1,514.1,55.0,0.0,0.0,1.0
2026-01-01 12:10:25,32.5,68.0,485.0,54.9,0.0,0.0,1.0
2026-01-01 12:10:30,32.5,67.9,514.0,55.0,0.0,0.0,1.0
2026-01-01 12:10:35,32.4,68.2,498.5,54.9,0.0,1.0,1.0
2026-01-01 12:10:40,32.6,68.0,478.2,54.9,0.0,0.0,1.0
2026-01-01 12:10:45,32.6,67.9,486.8,54.8,0.0,0.0,1.0
2026-01-01 12:10:50,32.6,68.2,508.9,54.8,0.0,1.0,1.0
2026-01-01 12:10:55,32.6,68.2,474.6,54.9,0.0,0.0,1.0
2026-01-01 12:11:00,32.6,68.0,486.6,54.9,0.0,0.0,1.0
2026-01-01 12:11:05,32.6,67.7,473.4,54.8,0.0,0.0,1.0
2026-01-01 12:11:10,32.6,67.7,494.1,54.8,0.0,1.0,1.0
2026-01-01 12:11:15,32.6,68.4,494.3,54.9,0.0,1.0,1.0
2026-01-01 12:11:20,32.6,68.6,520.8,54.9,0.0,0.0,1.0
2026-01-01 12:11:25,32.7,68.6,502.4,54.8,0.0,0.0,1.0
2026-01-01 12:11:30,32.6,68.0,505.1,54.8,0.0,0.0,1.0
2026-01-01 12:11:35,32.6,67.8,473.9,54.8,0.0,0.0,1.0
2026-01-01 12:11:40,32.7,68.0,494.7,54.7,0.0,1.0,1.0
2026-01-01 12:11:45,32.6,67.8,502.8,54.7,0.0,0.0,1.0
2026-01-01 12:11:50,32.6,68.1,474.1,54.7,0.0,1.0,1.0
2026-01-01 12:11:55,32.6,68.0,492.0,54.7,0.0,0.0,1.0
2026-01-01 12:12:00,32.6,68.2,463.6,54.7,0.0,1.0,1.0
2026-01-01 12:12:05,32.6,68.1,462.0,54.7,0.0,0.0,1.0
2026-01-01 12:12:10,32.5,68.0,495.7,54.7,0.0,0.0,1.0
2026-01-01 12:12:15,32.5,67.9,486.3,54.7,0.0,1.0,1.0
2026-01-01 12:12:20,32.4,68.4,464.5,54.7,0.0,1.0,1.0
2026-01-01 12:12:25,32.5,68.7,500.9,54.7,0.0,0.0,1.0
2026-01-01 12:12:30,32.4,68.3,471.2,54.7,0.0,0.0,1.0
2026-01-01 12:12:35,32.5,68.0,452.2,54.7,0.0,0.0,1.0
2026-01-01 12:12:40,32.5,67.9,507.0,54.6,0.0,1.0,1.0
2026-01-01 12:12:45,32.4,68.1,466.1,54.6,0.0,1.0,1.0
2026-01-01 12:12:50,32.4,68.2,479.8,54.6,0.0,0.0,1.0
2026-01-01 12:12:55,32.4,67.9,479.2,54.5,0.0,0.0,1.0
2026-01-01 12:13:00,32.5,68.3,472.9,54.6,0.0,1.0,1.0
2026-01-01 12:13:05,32.5,68.0,505.1,54.5,0.0,0.0,1.0
2026-01-01 12:13:10,32.5,68.2,479.3,54.5,0.0,1.0,1.0
2026-01-01 12:13:15,32.5,67.9,487.4,54.5,0.0,0.0,1.0
2026-01-01 12:13:20,32.5,68.3,528.0,54.5,0.0,1.0,1.0
2026-01-01 12:13:25,32.6,68.1,503.6,54.5,0.0,0.0,1.0
2026-01-01 12:13:30,32.6,67.9,471.3,54.5,0.0,0.0,1.0
2026-01-01 12:13:35,32.5,68.0,517.3,54.5,0.0,1.0,1.0
2026-01-01 12:13:40,32.5,67.8,467.0,54.5,0.0,0.0,1.0
2026-01-01 12:13:45,32.4,68.6,498.7,54.5,0.0,1.0,1.0
2026-01-01 12:13:50,32.4,68.3,513.8,54.5,0.0,0.0,1.0
2026-01-01 12:13:55,32.4,68.0,494.5,54.4,0.0,0.0,1.0
2026-01-01 12:14:00,32.4,67.5,476.4,54.5,0.0,0.0,1.0
2026-01-01 12:14:05,32.3,67.7,489.8,54.4,0.0,1.0,1.0
2026-01-01 12:14:10,32.2,68.0,499.0,54.4,0.0,1.0,1.0
2026-01-01 12:14:15,32.2,68.6,470.6,54.3,0.0,1.0,1.0
2026-01-01 12:14:20,32.2,68.4,479.7,54.3,0.0,0.0,1.0
2026-01-01 12:14:25,32.3,68.2,474.9,54.4,0.0,0.0,1.0
2026-01-01 12:14:30,32.3,68.0,495.8,54.3,0.0,0.0,1.0
2026-01-01 12:14:35,32.4,68.3,520.0,54.4,0.0,1.0,1.0
2026-01-01 12:14:40,32.5,68.0,492.1,54.3,0.0,0.0,1.0
2026-01-01 12:14:45,32.6,68.2,497.1,54.4,0.0,1.0,1.0
2026-01-01 12:14:50,32.6,68.4,484.3,54.3,0.0,0.0,1.0
2026-01-01 12:14:55,32.6,68.0,527.4,54.2,0.0,0.0,1.0
2026-01-01 12:15:00,32.5,68.1,517.6,54.3,0.0,1.0,1.0
2026-01-01 12:15:05,32.5,68.2,496.7,54.3,0.0,0.0,1.0
2026-01-01 12:15:10,32.5,68.0,487.5,54.3,0.0,0.0,1.0
2026-01-01 12:15:15,32.4,67.5,491.3,54.3,0.0,0.0,1.0
2026-01-01 12:15:20,32.4,67.4,507.9,54.2,0.0,1.0,1.0
2026-01-01 12:15:25,32.3,68.2,481.5,54.2,0.0,1.0,1.0
2026-01-01 12:15:30,32.3,68.2,520.8,54.2,0.0,0.0,1.0
2026-01-01 12:15:35,32.5,68.3,520.6,54.2,1.0,0.0,1.0
2026-01-01 12:15:40,32.6,67.8,514.7,54.1,1.0,0.0,1.0
2026-01-01 12:15:45,32.6,68.0,481.2,54.2,1.0,1.0,1.0
2026-01-01 12:15:50,32.6,68.6,521.0,54.3,1.0,1.0,1.0
2026-01-01 12:15:55,32.5,68.6,463.6,54.5,1.0,0.0,1.0
2026-01-01 12:16:00,32.5,68.7,483.6,54.6,1.0,0.0,1.0
2026-01-01 12:16:05,32.5,68.3,470.5,54.8,0.0,0.0,1.0
2026-01-01 12:16:10,32.5,68.2,497.5,55.0,0.0,0.0,1.0
2026-01-01 12:16:15,32.5,67.7,495.8,55.2,0.0,0.0,1.0
2026-01-01 12:16:20,32.4,67.8,485.9,55.4,0.0,1.0,1.0
2026-01-01 12:16:25,32.5,68.0,501.1,55.4,0.0,1.0,1.0
2026-01-01 12:16:30,32.5,68.4,529.1,55.6,0.0,0.0,1.0
2026-01-01 12:16:35,32.6,68.0,502.0,55.6,0.0,0.0,1.0
2026-01-01 12:16:40,32.7,67.9,479.6,55.7,0.0,0.0,1.0
2026-01-01 12:16:45,32.8,68.0,497.6,55.8,0.0,1.0,1.0
2026-01-01 12:16:50,32.8,67.7,494.7,55.8,0.0,0.0,1.0
2026-01-01 12:16:55,32.7,67.8,515.7,55.8,0.0,1.0,1.0
2026-01-01 12:17:00,32.7,68.1,501.3,55.7,0.0,1.0,1.0
2026-01-01 12:17:05,32.7,68.4,501.9,55.7,0.0,0.0,1.0
2026-01-01 12:17:10,32.8,68.2,520.7,55.7,0.0,0.0,1.0
2026-01-01 12:17:15,32.7,68.0,496.6,55.7,0.0,0.0,1.0
2026-01-01 12:17:20,32.8,68.0,482.4,55.7,0.0,1.0,1.0
2026-01-01 12:17:25,32.8,67.7,493.5,55.7,0.0,0.0,1.0
2026-01-01 12:17:30,32.7,67.9,508.8,55.6,0.0,1.0,1.0
2026-01-01 12:17:35,32.6,68.3,513.5,55.7,0.0,1.0,1.0
2026-01-01 12:17:40,32.6,68.4,492.4,55.6,0.0,0.0,1.0
2026-01-01 12:17:45,32.7,67.9,498.0,55.6,0.0,0.0,1.0
2026-01-01 12:17:50,32.7,68.0,465.9,55.7,0.0,1.0,1.0
2026-01-01 12:17:55,32.8,67.5,502.0,55.7,0.0,0.0,1.0
2026-01-01 12:18:00,32.7,67.6,519.9,55.6,0.0,1.0,1.0
2026-01-01 12:18:05,32.6,68.0,475.3,55.6,0.0,1.0,1.0
2026-01-01 12:18:10,32.6,68.8,513.6,55.5,0.0,1.0,1.0
2026-01-01 12:18:15,32.4,69.2,490.3,55.5,0.0,0.0,1.0
2026-01-01 12:18:20,32.5,69.1,492.8,55.5,0.0,0.0,1.0
2026-01-01 12:18:25,32.5,68.8,486.9,55.5,0.0,0.0,1.0
2026-01-01 12:18:30,32.5,68.2,493.1,55.4,0.0,0.0,1.0
2026-01-01 12:18:35,32.6,68.1,506.4,55.4,0.0,0.0,1.0
2026-01-01 12:18:40,32.7,67.5,464.2,55.5,0.0,0.0,1.0
2026-01-01 12:18:45,32.7,67.4,485.0,55.4,0.0,1.0,1.0
2026-01-01 12:18:50,32.7,67.7,493.5,55.4,0.0,1.0,1.0
2026-01-01 12:18:55,32.6,68.3,499.9,55.4,0.0,1.0,1.0
2026-01-01 12:19:00,32.7,68.4,518.6,55.4,0.0,0.0,1.0
2026-01-01 12:19:05,32.6,68.2,499.2,55.5,0.0,0.0,1.0
2026-01-01 12:19:10,32.6,67.7,498.4,55.5,0.0,0.0,1.0
2026-01-01 12:19:15,32.6,68.0,495.6,55.4,0.0,1.0,1.0
2026-01-01 12:19:20,32.5,68.4,496.7,55.4,0.0,1.0,1.0
2026-01-01 12:19:25,32.5,68.6,477.2,55.4,0.0,0.0,1.0
2026-01-01 12:19:30,32.4,68.5,497.6,55.3,0.0,0.0,1.0
2026-01-01 12:19:35,32.4,67.9,496.0,55.4,0.0,0.0,1.0
2026-01-01 12:19:40,32.4,68.5,511.4,55.4,0.0,1.0,1.0
2026-01-01 12:19:45,32.3,68.4,500.0,55.3,0.0,0.0,1.0
2026-01-01 12:19:50,32.4,68.2,497.2,55.3,0.0,0.0,1.0
2026-01-01 12:19:55,32.4,68.0,485.4,55.3,0.0,0.0,1.0
2026-01-01 12:20:00,32.4,68.2,516.2,55.4,0.0,1.0,1.0
2026-01-01 12:20:05,32.5,68.0,504.9,55.3,0.0,0.0,1.0
2026-01-01 12:20:10,32.4,67.7,452.9,55.3,0.0,0.0,1.0
2026-01-01 12:20:15,32.4,67.7,496.9,55.3,0.0,1.0,1.0
2026-01-01 12:20:20,32.4,67.6,454.5,55.3,0.0,1.0,1.0
2026-01-01 12:20:25,32.4,68.3,525.9,55.3,0.0,1.0,1.0
2026-01-01 12:20:30,32.5,68.6,509.2,55.2,0.0,0.0,1.0
2026-01-01 12:20:35,32.5,68.7,487.9,55.2,0.0,0.0,1.0
2026-01-01 12:20:40,32.5,68.4,550.2,55.2,0.0,0.0,1.0
2026-01-01 12:20:45,32.5,67.8,487.9,55.2,0.0,0.0,1.0
2026-01-01 12:20:50,32.5,67.7,497.5,55.2,0.0,1.0,1.0
2026-01-01 12:20:55,32.5,68.0,467.4,55.2,0.0,1.0,1.0
2026-01-01 12:21:00,32.4,68.6,494.2,55.2,0.0,1.0,1.0
2026-01-01 12:21:05,32.4,68.4,503.0,55.1,0.0,0.0,1.0
2026-01-01 12:21:10,32.5,68.4,465.3,55.1,0.0,0.0,1.0
2026-01-01 12:21:15,32.5,68.0,506.0,55.1,0.0,0.0,1.0
2026-01-01 12:21:20,32.5,68.2,480.1,55.2,0.0,1.0,1.0
2026-01-01 12:21:25,32.6,68.2,462.9,55.1,0.0,0.0,1.0
2026-01-01 12:21:30,32.6,68.2,531.7,55.1,0.0,0.0,1.0
2026-01-01 12:21:35,32.6,68.1,501.4,55.1,0.0,0.0,1.0
2026-01-01 12:21:40,32.7,67.6,511.3,55.0,0.0,0.0,1.0
2026-01-01 12:21:45,32.7,68.1,493.2,55.0,0.0,1.0,1.0
2026-01-01 12:21:50,32.8,68.0,469.0,54.9,0.0,0.0,1.0
2026-01-01 12:21:55,32.8,67.7,482.8,55.0,0.0,0.0,1.0
2026-01-01 12:22:00,32.7,67.6,495.4,54.9,0.0,1.0,1.0
2026-01-01 12:22:05,32.7,67.8,461.4,55.0,0.0,1.0,1.0
2026-01-01 12:22:10,32.8,68.3,500.4,54.9,0.0,1.0,1.0
2026-01-01 12:22:15,32.6,68.6,491.8,54.9,0.0,0.0,1.0
2026-01-01 12:22:20,32.5,68.8,481.5,54.9,0.0,0.0,1.0
2026-01-01 12:22:25,32.5,68.5,492.2,54.8,0.0,0.0,1.0
2026-01-01 12:22:30,32.6,67.9,502.2,54.9,0.0,0.0,1.0
2026-01-01 12:22:35,32.6,68.0,474.5,54.9,0.0,1.0,1.0
2026-01-01 12:22:40,32.5,67.6,496.2,54.9,0.0,0.0,1.0
2026-01-01 12:22:45,32.6,68.1,465.6,54.9,0.0,1.0,1.0
2026-01-01 12:22:50,32.6,68.0,474.6,54.9,0.0,0.0,1.0
2026-01-01 12:22:55,32.5,67.7,491.9,54.8,0.0,0.0,1.0
2026-01-01 12:23:00,32.6,67.7,503.5,54.8,0.0,1.0,1.0
2026-01-01 12:23:05,32.4,68.2,486.4,54.8,0.0,1.0,1.0
2026-01-01 12:23:10,32.4,68.3,514.4,54.8,0.0,0.0,1.0
2026-01-01 12:23:15,32.5,68.2,496.2,54.7,0.0,0.0,1.0
2026-01-01 12:23:20,32.6,67.8,487.0,54.7,0.0,0.0,1.0
2026-01-01 12:23:25,32.7,68.3,536.9,54.7,0.0,1.0,1.0
2026-01-01 12:23:30,32.7,68.0,475.6,54.7,0.0,0.0,1.0
2026-01-01 12:23:35,32.8,67.9,507.6,54.7,0.0,0.0,1.0
2026-01-01 12:23:40,32.7,67.9,495.0,54.7,0.0,1.0,1.0
2026-01-01 12:23:45,32.6,68.3,493.2,54.6,0.0,1.0,1.0
2026-01-01 12:23:50,32.6,68.2,471.6,54.6,0.0,0.0,1.0
2026-01-01 12:23:55,32.6,68.0,495.2,54.6,0.0,0.0,1.0
2026-01-01 12:24:00,32.6,68.2,511.6,54.6,0.0,1.0,1.0
2026-01-01 12:24:05,32.6,68.0,468.3,54.6,0.0,0.0,1.0
2026-01-01 12:24:10,32.5,67.8,495.9,54.6,0.0,1.0,1.0
2026-01-01 12:24:15,32.5,68.2,486.2,54.6,0.0,1.0,1.0
2026-01-01 12:24:20,32.5,68.4,511.3,54.6,0.0,0.0,1.0
2026-01-01 12:24:25,32.6,67.9,460.4,54.6,0.0,0.0,1.0
2026-01-01 12:24:30,32.6,68.2,471.1,54.6,0.0,1.0,1.0
2026-01-01 12:24:35,32.5,67.9,482.6,54.6,0.0,0.0,1.0
2026-01-01 12:24:40,32.6,68.3,508.9,54.6,0.0,1.0,1.0
2026-01-01 12:24:45,32.7,68.2,492.9,54.6,0.0,0.0,1.0
2026-01-01 12:24:50,32.6,67.9,497.6,54.6,0.0,0.0,1.0
2026-01-01 12:24:55,32.7,68.2,488.2,54.7,0.0,1.0,1.0
2026-01-01 12:25:00,32.7,68.0,496.8,54.6,0.0,0.0,1.0
2026-01-01 12:25:05,32.7,68.3,472.9,54.6,0.0,1.0,1.0
2026-01-01 12:25:10,32.7,68.1,496.0,54.6,0.0,0.0,1.0
2026-01-01 12:25:15,32.7,67.9,493.9,54.5,0.0,0.0,1.0
2026-01-01 12:25:20,32.8,67.8,488.7,54.4,0.0,1.0,1.0
2026-01-01 12:25:25,32.8,68.2,493.1,54.4,0.0,1.0,1.0
2026-01-01 12:25:30,32.7,68.3,483.0,54.4,0.0,0.0,1.0
2026-01-01 12:25:35,32.7,67.9,493.6,54.5,0.0,0.0,1.0
2026-01-01 12:25:40,32.6,68.0,514.3,54.5,0.0,1.0,1.0
2026-01-01 12:25:45,32.5,68.4,484.1,54.5,0.0,1.0,1.0
2026-01-01 12:25:50,32.4,68.6,499.3,54.5,0.0,0.0,1.0
2026-01-01 12:25:55,32.5,68.1,530.9,54.5,0.0,0.0,1.0
2026-01-01 12:26:00,32.6,67.6,505.6,54.5,0.0,0.0,1.0
2026-01-01 12:26:05,32.6,67.7,496.9,54.4,0.0,1.0,1.0
2026-01-01 12:26:10,32.5,68.0,484.5,54.4,0.0,1.0,1.0
2026-01-01 12:26:15,32.5,68.3,487.6,54.4,0.0,1.0,1.0
2026-01-01 12:26:20,32.4,68.1,515.7,54.4,0.0,0.0,1.0
2026-01-01 12:26:25,32.5,67.9,457.9,54.4,0.0,0.0,1.0
2026-01-01 12:26:30,32.5,68.0,494.5,54.4,0.0,1.0,1.0
2026-01-01 12:26:35,32.5,67.6,495.2,54.4,0.0,0.0,1.0
2026-01-01 12:26:40,32.6,67.8,480.8,54.4,0.0,1.0,1.0
2026-01-01 12:26:45,32.5,68.0,486.2,54.3,0.0,1.0,1.0
2026-01-01 12:26:50,32.5,68.2,486.6,54.3,0.0,0.0,1.0
2026-01-01 12:26:55,32.5,68.2,510.5,54.4,0.0,0.0,1.0
2026-01-01 12:27:00,32.6,68.0,490.9,54.2,0.0,0.0,1.0
2026-01-01 12:27:05,32.5,68.0,476.4,54.2,0.0,1.0,1.0
2026-01-01 12:27:10,32.5,68.0,510.1,54.3,0.0,0.0,1.0
2026-01-01 12:27:15,32.5,67.5,462.3,54.3,0.0,0.0,1.0
2026-01-01 12:27:20,32.5,67.6,494.8,54.3,0.0,1.0,1.0
2026-01-01 12:27:25,32.5,68.4,487.2,54.3,0.0,1.0,1.0
2026-01-01 12:27:30,32.4,68.1,504.4,54.3,0.0,0.0,1.0
2026-01-01 12:27:35,32.3,68.0,474.1,54.3,0.0,0.0,1.0
2026-01-01 12:27:40,32.3,68.2,467.9,54.2,0.0,1.0,1.0
2026-01-01 12:27:45,32.4,68.0,497.2,54.3,0.0,0.0,1.0
2026-01-01 12:27:50,32.4,67.7,492.1,54.3,0.0,0.0,1.0
2026-01-01 12:27:55,32.4,67.7,462.4,54.4,0.0,1.0,1.0
2026-01-01 12:28:00,32.3,68.0,503.0,54.4,0.0,1.0,1.0
2026-01-01 12:28:05,32.3,68.7,474.4,54.3,0.0,1.0,1.0
2026-01-01 12:28:10,32.3,68.9,494.5,54.3,0.0,0.0,1.0
2026-01-01 12:28:15,32.3,68.4,532.5,54.2,0.0,0.0,1.0
2026-01-01 12:28:20,32.4,68.1,469.2,54.2,0.0,0.0,1.0
2026-01-01 12:28:25,32.5,67.7,486.0,54.2,0.0,0.0,1.0
2026-01-01 12:28:30,32.5,68.1,461.2,54.2,0.0,1.0,1.0
2026-01-01 12:28:35,32.5,67.8,478.3,54.2,1.0,0.0,1.0
2026-01-01 12:28:40,32.6,68.3,524.0,54.1,1.0,1.0,1.0
2026-01-01 12:28:45,32.6,68.1,512.4,54.2,1.0,0.0,1.0
2026-01-01 12:28:50,32.6,67.4,496.5,54.4,0.0,0.0,1.0
2026-01-01 12:28:55,32.5,67.7,478.2,54.5,0.0,1.0,1.0
2026-01-01 12:29:00,32.5,68.1,496.1,54.6,0.0,1.0,1.0
2026-01-01 12:29:05,32.4,68.3,481.2,54.6,0.0,0.0,1.0
2026-01-01 12:29:10,32.5,68.2,476.3,54.8,0.0,0.0,1.0
2026-01-01 12:29:15,32.4,67.5,484.4,54.8,0.0,0.0,1.0
2026-01-01 12:29:20,32.5,68.1,487.0,54.8,0.0,1.0,1.0
2026-01-01 12:29:25,32.5,68.1,482.1,54.8,0.0,0.0,1.0
2026-01-01 12:29:30,32.6,67.8,465.3,54.7,0.0,0.0,1.0
2026-01-01 12:29:35,32.5,67.9,482.0,54.8,0.0,1.0,1.0
2026-01-01 12:29:40,32.6,68.3,493.5,54.9,0.0,1.0,1.0
2026-01-01 12:29:45,32.6,68.5,502.9,54.8,0.0,0.0,1.0
2026-01-01 12:29:50,32.7,68.1,476.8,54.8,0.0,0.0,1.0
2026-01-01 12:29:55,32.7,67.6,489.8,54.8,0.0,0.0,1.0
2026-01-01 12:30:00,32.7,67.8,465.8,54.8,0.0,1.0,1.0
2026-01-01 12:30:05,32.6,68.1,493.1,54.9,0.0,1.0,1.0
2026-01-01 12:30:10,32.7,68.2,497.0,54.9,0.0,0.0,1.0
2026-01-01 12:30:15,32.6,68.2,477.2,54.9,0.0,0.0,1.0
2026-01-01 12:30:20,32.6,67.8,492.1,54.9,0.0,0.0,1.0
2026-01-01 12:30:25,32.7,67.6,512.9,54.8,0.0,1.0,1.0
2026-01-01 12:30:30,32.7,67.7,537.5,54.8,0.0,1.0,1.0
2026-01-01 12:30:35,32.6,68.1,484.0,54.8,0.0,1.0,1.0
2026-01-01 12:30:40,32.6,68.2,476.6,54.8,0.0,0.0,1.0
2026-01-01 12:30:45,32.6,68.1,493.1,54.8,0.0,0.0,1.0
2026-01-01 12:30:50,32.6,67.7,510.2,54.8,0.0,0.0,1.0
2026-01-01 12:30:55,32.5,68.0,484.4,54.8,0.0,1.0,1.0
2026-01-01 12:31:00,32.5,68.0,483.2,54.8,0.0,0.0,1.0
2026-01-01 12:31:05,32.6,67.7,475.9,54.8,0.0,0.0,1.0
2026-01-01 12:31:10,32.4,67.4,494.3,54.8,0.0,1.0,1.0
2026-01-01 12:31:15,32.3,67.7,498.6,54.8,0.0,1.0,1.0
2026-01-01 12:31:20,32.3,68.1,474.7,54.8,0.0,1.0,1.0
2026-01-01 12:31:25,32.4,68.2,467.0,54.7,0.0,0.0,1.0
2026-01-01 12:31:30,32.3,68.2,507.5,54.6,0.0,0.0,1.0
2026-01-01 12:31:35,32.4,67.9,508.5,54.6,0.0,0.0,1.0
2026-01-01 12:31:40,32.4,68.2,462.2,54.6,0.0,1.0,1.0
2026-01-01 12:31:45,32.4,68.3,493.3,54.6,0.0,0.0,1.0
2026-01-01 12:31:50,32.4,67.6,480.9,54.6,0.0,0.0,1.0
2026-01-01 12:31:55,32.4,67.5,483.8,54.7,0.0,1.0,1.0
2026-01-01 12:32:00,32.4,67.7,502.8,54.6,0.0,1.0,1.0
2026-01-01 12:32:05,32.4,68.3,507.4,54.6,0.0,1.0,1.0
2026-01-01 12:32:10,32.4,68.4,466.5,54.7,0.0,0.0,1.0
2026-01-01 12:32:15,32.4,68.6,505.3,54.6,0.0,0.0,1.0
2026-01-01 12:32:20,32.3,68.0,484.4,54.6,0.0,0.0,1.0
2026-01-01 12:32:25,32.4,68.4,489.6,54.6,0.0,1.0,1.0
2026-01-01 12:32:30,32.5,68.2,483.4,54.6,0.0,0.0,1.0
2026-01-01 12:32:35,32.4,67.7,479.0,54.6,0.0,0.0,1.0
2026-01-01 12:32:40,32.5,67.6,474.2,54.6,0.0,1.0,1.0
2026-01-01 12:32:45,32.5,68.2,497.8,54.6,0.0,1.0,1.0
2026-01-01 12:32:50,32.4,68.2,457.0,54.5,0.0,0.0,1.0
2026-01-01 12:32:55,32.5,68.0,493.3,54.6,0.0,0.0,1.0
2026-01-01 12:33:00,32.5,67.7,489.0,54.5,0.0,0.0,1.0
2026-01-01 12:33:05,32.6,67.5,493.1,54.5,0.0,1.0,1.0
2026-01-01 12:33:10,32.6,67.8,477.3,54.4,0.0,1.0,1.0
2026-01-01 12:33:15,32.6,68.6,512.2,54.5,0.0,1.0,1.0
2026-01-01 12:33:20,32.6,68.6,471.9,54.5,0.0,0.0,1.0
2026-01-01 12:33:25,32.6,68.2,494.8,54.4,0.0,0.0,1.0
2026-01-01 12:33:30,32.7,67.8,490.5,54.4,0.0,0.0,1.0
2026-01-01 12:33:35,32.7,68.1,477.0,54.4,0.0,1.0,1.0
2026-01-01 12:33:40,32.7,67.9,488.7,54.4,0.0,0.0,1.0
2026-01-01 12:33:45,32.7,68.2,487.7,54.4,0.0,1.0,1.0
2026-01-01 12:33:50,32.7,68.0,523.3,54.4,0.0,0.0,1.0
2026-01-01 12:33:55,32.7,68.4,481.1,54.4,0.0,1.0,1.0
2026-01-01 12:34:00,32.7,68.2,483.1,54.4,0.0,0.0,1.0
2026-01-01 12:34:05,32.7,68.0,483.7,54.4,0.0,0.0,1.0
2026-01-01 12:34:10,32.7,68.3,488.5,54.3,0.0,1.0,1.0
2026-01-01 12:34:15,32.7,67.9,511.0,54.3,0.0,0.0,1.0
2026-01-01 12:34:20,32.7,68.4,485.2,54.3,0.0,1.0,1.0
2026-01-01 12:34:25,32.7,68.0,517.3,54.3,0.0,0.0,1.0
2026-01-01 12:34:30,32.7,67.8,496.9,54.3,0.0,1.0,1.0
2026-01-01 12:34:35,32.6,68.1,469.1,54.3,0.0,1.0,1.0
2026-01-01 12:34:40,32.5,68.4,465.8,54.3,0.0,0.0,1.0
2026-01-01 12:34:45,32.5,68.4,511.1,54.3,0.0,0.0,1.0
2026-01-01 12:34:50,32.6,67.8,478.0,54.4,0.0,0.0,1.0
2026-01-01 12:34:55,32.6,67.8,514.4,54.3,0.0,1.0,1.0
2026-01-01 12:35:00,32.6,68.3,488.2,54.2,0.0,1.0,1.0
2026-01-01 12:35:05,32.5,68.5,493.9,54.2,0.0,0.0,1.0
2026-01-01 12:35:10,32.4,68.1,464.2,54.2,0.0,0.0,1.0
2026-01-01 12:35:15,32.4,67.6,483.2,54.2,0.0,0.0,1.0
2026-01-01 12:35:20,32.5,67.6,487.0,54.2,0.0,1.0,1.0
2026-01-01 12:35:25,32.5,67.9,484.7,54.2,1.0,1.0,1.0
2026-01-01 12:35:30,32.4,68.3,501.0,54.2,1.0,1.0,1.0
2026-01-01 12:35:35,32.5,68.3,472.3,54.2,1.0,0.0,1.0
2026-01-01 12:35:40,32.5,68.2,475.0,54.3,0.0,0.0,1.0
2026-01-01 12:35:45,32.5,67.9,517.1,54.4,0.0,0.0,1.0
2026-01-01 12:35:50,32.4,68.0,472.5,54.6,0.0,1.0,1.0
2026-01-01 12:35:55,32.4,68.6,514.2,54.6,0.0,1.0,1.0
2026-01-01 12:36:00,32.6,68.4,495.6,54.7,0.0,0.0,1.0
2026-01-01 12:36:05,32.6,68.2,508.2,54.8,0.0,0.0,1.0
2026-01-01 12:36:10,32.6,67.9,475.3,54.7,0.0,0.0,1.0
2026-01-01 12:36:15,32.7,68.0,507.6,54.8,0.0,1.0,1.0
2026-01-01 12:36:20,32.7,68.0,502.8,54.8,0.0,0.0,1.0
2026-01-01 12:36:25,32.8,67.9,493.4,54.8,0.0,1.0,1.0
2026-01-01 12:36:30,32.7,68.3,446.8,54.8,0.0,1.0,1.0
2026-01-01 12:36:35,32.6,68.4,489.9,54.8,0.0,0.0,1.0
2026-01-01 12:36:40,32.6,68.3,474.1,54.8,0.0,0.0,1.0
2026-01-01 12:36:45,32.5,68.1,463.0,54.8,0.0,0.0,1.0
2026-01-01 12:36:50,32.4,67.4,492.0,54.8,0.0,0.0,1.0
2026-01-01 12:36:55,32.3,67.6,488.2,54.9,0.0,1.0,1.0
2026-01-01 12:37:00,32.3,67.9,478.9,54.8,0.0,1.0,1.0
2026-01-01 12:37:05,32.2,68.4,469.6,54.7,0.0,1.0,1.0
2026-01-01 12:37:10,32.3,68.5,473.8,54.8,0.0,0.0,1.0
2026-01-01 12:37:15,32.4,68.4,498.9,54.7,0.0,0.0,1.0
2026-01-01 12:37:20,32.4,68.2,488.7,54.7,0.0,0.0,1.0
2026-01-01 12:37:25,32.4,67.7,486.3,54.8,0.0,0.0,1.0
2026-01-01 12:37:30,32.4,67.6,486.4,54.7,0.0,1.0,1.0
2026-01-01 12:37:35,32.5,67.9,470.8,54.7,0.0,1.0,1.0
2026-01-01 12:37:40,32.6,68.3,495.2,54.7,0.0,1.0,1.0
2026-01-01 12:37:45,32.7,68.3,490.1,54.6,0.0,0.0,1.0
2026-01-01 12:37:50,32.6,68.3,491.9,54.6,0.0,0.0,1.0
2026-01-01 12:37:55,32.6,67.9,508.2,54.7,0.0,0.0,1.0
2026-01-01 12:38:00,32.6,68.0,470.9,54.7,0.0,1.0,1.0
2026-01-01 12:38:05,32.6,68.8,461.8,54.7,0.0,1.0,1.0
2026-01-01 12:38:10,32.7,68.8,463.6,54.7,0.0,0.0,1.0
2026-01-01 12:38:15,32.7,68.9,505.5,54.7,0.0,0.0,1.0
2026-01-01 12:38:20,32.7,68.4,501.2,54.6,0.0,0.0,1.0
2026-01-01 12:38:25,32.8,68.0,473.0,54.6,0.0,0.0,1.0
2026-01-01 12:38:30,32.9,67.9,488.3,54.6,0.0,1.0,1.0
2026-01-01 12:38:35,32.7,67.7,491.6,54.5,0.0,1.0,1.0
2026-01-01 12:38:40,32.7,68.1,489.0,54.5,0.0,1.0,1.0
2026-01-01 12:38:45,32.6,68.1,505.4,54.6,0.0,0.0,1.0
2026-01-01 12:38:50,32.6,67.9,496.5,54.6,0.0,0.0,1.0
2026-01-01 12:38:55,32.5,67.9,479.0,54.5,0.0,1.0,1.0
2026-01-01 12:39:00,32.4,68.4,498.4,54.6,0.0,1.0,1.0
2026-01-01 12:39:05,32.4,68.4,478.9,54.4,0.0,0.0,1.0
2026-01-01 12:39:10,32.4,68.4,494.3,54.5,0.0,0.0,1.0
2026-01-01 12:39:15,32.4,67.7,481.7,54.4,0.0,0.0,1.0
2026-01-01 12:39:20,32.5,68.2,525.7,54.4,0.0,1.0,1.0
2026-01-01 12:39:25,32.4,68.2,488.4,54.4,0.0,0.0,1.0
2026-01-01 12:39:30,32.4,68.0,498.2,54.4,0.0,0.0,1.0
2026-01-01 12:39:35,32.5,67.9,475.8,54.4,0.0,1.0,1.0
2026-01-01 12:39:40,32.5,68.2,496.2,54.4,0.0,1.0,1.0
2026-01-01 12:39:45,32.5,68.1,471.2,54.3,0.0,0.0,1.0
2026-01-01 12:39:50,32.5,67.6,481.2,54.3,0.0,0.0,1.0
2026-01-01 12:39:55,32.5,67.7,517.1,54.4,0.0,1.0,1.0
2026-01-01 12:40:00,32.4,68.1,503.7,54.4,0.0,1.0,1.0
2026-01-01 12:40:05,32.5,68.6,486.4,54.4,0.0,0.0,1.0
2026-01-01 12:40:10,32.5,68.5,500.6,54.3,0.0,0.0,1.0
2026-01-01 12:40:15,32.5,68.3,502.3,54.3,0.0,0.0,1.0
2026-01-01 12:40:20,32.5,68.1,482.7,54.3,0.0,0.0,1.0
2026-01-01 12:40:25,32.6,67.8,469.4,54.3,0.0,0.0,1.0
2026-01-01 12:40:30,32.5,67.5,446.8,54.4,0.0,1.0,1.0
2026-01-01 12:40:35,32.4,68.2,469.9,54.3,0.0,1.0,1.0
2026-01-01 12:40:40,32.4,68.4,477.4,54.3,0.0,0.0,1.0
2026-01-01 12:40:45,32.4,68.1,479.8,54.4,0.0,0.0,1.0
2026-01-01 12:40:50,32.4,67.5,511.2,54.3,0.0,0.0,1.0
2026-01-01 12:40:55,32.4,67.6,489.5,54.3,0.0,1.0,1.0
2026-01-01 12:41:00,32.3,67.7,466.2,54.3,0.0,1.0,1.0
2026-01-01 12:41:05,32.3,68.4,498.8,54.3,0.0,1.0,1.0
2026-01-01 12:41:10,32.3,68.3,462.0,54.3,0.0,0.0,1.0
2026-01-01 12:41:15,32.3,68.1,499.0,54.2,0.0,0.0,1.0
2026-01-01 12:41:20,32.4,67.7,489.7,54.2,1.0,0.0,1.0
2026-01-01 12:41:25,32.4,67.9,498.9,54.2,1.0,1.0,1.0
2026-01-01 12:41:30,32.4,68.2,473.2,54.3,1.0,1.0,1.0
2026-01-01 12:41:35,32.5,68.3,472.8,54.4,0.0,0.0,1.0
2026-01-01 12:41:40,32.6,68.1,494.7,54.5,0.0,0.0,1.0
2026-01-01 12:41:45,32.7,68.0,497.8,54.7,0.0,0.0,1.0
2026-01-01 12:41:50,32.7,68.2,482.2,54.8,0.0,1.0,1.0
2026-01-01 12:41:55,32.8,68.1,457.7,54.8,0.0,0.0,1.0
2026-01-01 12:42:00,32.8,67.2,498.7,54.9,0.0,0.0,1.0
2026-01-01 12:42:05,32.6,67.2,466.2,54.9,0.0,1.0,1.0
2026-01-01 12:42:10,32.5,67.8,479.9,55.0,0.0,1.0,1.0
2026-01-01 12:42:15,32.5,68.4,470.9,55.0,0.0,1.0,1.0
2026-01-01 12:42:20,32.5,67.9,539.7,54.9,0.0,0.0,1.0
2026-01-01 12:42:25,32.5,68.2,458.6,54.9,0.0,1.0,1.0
2026-01-01 12:42:30,32.5,68.1,486.7,54.9,0.0,0.0,1.0
2026-01-01 12:42:35,32.4,67.7,471.7,55.0,0.0,0.0,1.0
2026-01-01 12:42:40,32.4,68.0,519.2,55.0,0.0,1.0,1.0
2026-01-01 12:42:45,32.4,68.3,473.2,54.9,0.0,1.0,1.0
2026-01-01 12:42:50,32.4,68.2,481.3,54.9,0.0,0.0,1.0
2026-01-01 12:42:55,32.4,68.0,477.9,54.9,0.0,0.0,1.0
2026-01-01 12:43:00,32.6,67.8,509.8,54.9,0.0,0.0,1.0
2026-01-01 12:43:05,32.4,68.1,497.6,54.9,0.0,1.0,1.0
2026-01-01 12:43:10,32.5,67.9,512.2,54.9,0.0,0.0,1.0
2026-01-01 12:43:15,32.4,68.4,464.4,54.8,0.0,1.0,1.0
2026-01-01 12:43:20,32.6,68.3,474.3,54.9,0.0,0.0,1.0
2026-01-01 12:43:25,32.6,68.1,493.2,54.8,0.0,0.0,1.0
2026-01-01 12:43:30,32.6,67.4,501.0,54.7,0.0,0.0,1.0
2026-01-01 12:43:35,32.6,67.7,498.1,54.8,0.0,1.0,1.0
2026-01-01 12:43:40,32.7,68.2,466.6,54.8,0.0,1.0,1.0
2026-01-01 12:43:45,32.8,68.0,478.3,54.7,0.0,0.0,1.0
2026-01-01 12:43:50,32.9,68.4,477.0,54.8,0.0,1.0,1.0
2026-01-01 12:43:55,32.9,68.6,480.7,54.8,0.0,0.0,1.0
2026-01-01 12:44:00,32.8,68.3,498.9,54.7,0.0,0.0,1.0
2026-01-01 12:44:05,33.0,67.8,509.6,54.7,0.0,0.0,1.0
2026-01-01 12:44:10,33.0,67.7,484.4,54.8,0.0,1.0,1.0
2026-01-01 12:44:15,32.9,68.1,488.1,54.7,0.0,1.0,1.0
2026-01-01 12:44:20,33.0,68.1,504.4,54.7,0.0,0.0,1.0
2026-01-01 12:44:25,33.0,67.7,487.5,54.7,0.0,0.0,1.0
2026-01-01 12:44:30,33.0,68.2,493.4,54.7,0.0,1.0,1.0
2026-01-01 12:44:35,32.9,68.0,518.2,54.7,0.0,0.0,1.0
2026-01-01 12:44:40,33.0,68.3,458.6,54.7,0.0,1.0,1.0
2026-01-01 12:44:45,33.0,67.7,477.6,54.7,0.0,0.0,1.0
2026-01-01 12:44:50,32.9,68.1,505.1,54.7,0.0,1.0,1.0
2026-01-01 12:44:55,32.9,67.8,493.4,54.7,0.0,0.0,1.0
2026-01-01 12:45:00,32.8,68.0,473.7,54.7,0.0,1.0,1.0
2026-01-01 12:45:05,32.7,68.4,492.2,54.6,0.0,1.0,1.0
2026-01-01 12:45:10,32.7,68.2,482.9,54.6,0.0,0.0,1.0
2026-01-01 12:45:15,32.7,67.8,482.6,54.6,0.0,0.0,1.0
2026-01-01 12:45:20,32.8,68.0,500.1,54.5,0.0,1.0,1.0
2026-01-01 12:45:25,32.7,67.8,445.7,54.5,0.0,0.0,1.0
2026-01-01 12:45:30,32.6,67.8,472.0,54.6,0.0,1.0,1.0
2026-01-01 12:45:35,32.5,68.2,466.8,54.5,0.0,1.0,1.0
2026-01-01 12:45:40,32.5,68.4,454.9,54.5,0.0,0.0,1.0
2026-01-01 12:45:45,32.5,68.0,485.9,54.5,0.0,0.0,1.0
2026-01-01 12:45:50,32.5,68.3,487.7,54.6,0.0,1.0,1.0
2026-01-01 12:45:55,32.5,68.1,502.8,54.5,0.0,0.0,1.0
2026-01-01 12:46:00,32.6,67.9,475.6,54.5,0.0,0.0,1.0
2026-01-01 12:46:05,32.7,68.1,476.2,54.4,0.0,1.0,1.0
2026-01-01 12:46:10,32.8,68.0,509.6,54.5,0.0,0.0,1.0
2026-01-01 12:46:15,32.8,68.3,471.7,54.5,0.0,1.0,1.0
2026-01-01 12:46:20,32.8,68.0,518.8,54.5,0.0,0.0,1.0
2026-01-01 12:46:25,32.7,68.3,466.7,54.4,0.0,1.0,1.0
2026-01-01 12:46:30,32.8,68.2,484.6,54.4,0.0,0.0,1.0
2026-01-01 12:46:35,32.7,68.0,477.1,54.4,0.0,0.0,1.0
2026-01-01 12:46:40,32.6,67.6,484.3,54.4,0.0,0.0,1.0
2026-01-01 12:46:45,32.6,67.6,470.1,54.4,0.0,1.0,1.0
2026-01-01 12:46:50,32.6,67.8,468.7,54.3,0.0,1.0,1.0
2026-01-01 12:46:55,32.4,68.4,493.9,54.3,0.0,1.0,1.0
2026-01-01 12:47:00,32.4,68.5,509.5,54.3,0.0,0.0,1.0
2026-01-01 12:47:05,32.5,68.2,460.8,54.3,0.0,0.0,1.0
2026-01-01 12:47:10,32.6,67.8,478.9,54.3,0.0,0.0,1.0
2026-01-01 12:47:15,32.6,68.0,476.4,54.3,0.0,1.0,1.0
2026-01-01 12:47:20,32.5,68.1,505.6,54.3,0.0,1.0,1.0
2026-01-01 12:47:25,32.6,68.1,495.4,54.2,0.0,0.0,1.0
2026-01-01 12:47:30,32.6,67.8,473.6,54.3,0.0,0.0,1.0
2026-01-01 12:47:35,32.6,68.1,460.0,54.3,0.0,1.0,1.0
2026-01-01 12:47:40,32.5,68.0,476.3,54.2,0.0,0.0,1.0
2026-01-01 12:47:45,32.6,68.3,501.0,54.2,0.0,1.0,1.0
2026-01-01 12:47:50,32.5,68.2,495.8,54.2,0.0,0.0,1.0
2026-01-01 12:47:55,32.7,68.1,501.2,54.3,0.0,0.0,1.0
2026-01-01 12:48:00,32.7,67.4,467.1,54.2,0.0,0.0,1.0
2026-01-01 12:48:05,32.6,67.5,485.4,54.2,0.0,1.0,1.0
2026-01-01 12:48:10,32.5,68.4,468.8,54.2,1.0,1.0,1.0
2026-01-01 12:48:15,32.6,68.3,480.1,54.2,1.0,0.0,1.0
2026-01-01 12:48:20,32.6,68.0,517.9,54.2,1.0,0.0,1.0
2026-01-01 12:48:25,32.7,67.5,485.6,54.3,1.0,0.0,1.0
2026-01-01 12:48:30,32.7,67.6,509.1,54.5,1.0,1.0,1.0
2026-01-01 12:48:35,32.6,67.8,495.1,54.7,1.0,1.0,1.0
2026-01-01 12:48:40,32.6,68.4,493.8,54.8,0.0,1.0,1.0
2026-01-01 12:48:45,32.7,68.6,458.2,55.1,0.0,0.0,1.0
2026-01-01 12:48:50,32.7,68.6,486.8,55.2,0.0,0.0,1.0
2026-01-01 12:48:55,32.8,68.0,495.9,55.4,0.0,0.0,1.0
2026-01-01 12:49:00,32.8,67.6,483.7,55.5,0.0,0.0,1.0
2026-01-01 12:49:05,32.8,67.6,492.4,55.6,0.0,1.0,1.0
2026-01-01 12:49:10,32.9,68.1,465.0,55.6,0.0,1.0,1.0
2026-01-01 12:49:15,32.8,68.1,462.6,55.6,0.0,0.0,1.0
2026-01-01 12:49:20,32.9,67.8,461.1,55.7,0.0,0.0,1.0
2026-01-01 12:49:25,32.9,68.2,484.1,55.8,0.0,1.0,1.0
2026-01-01 12:49:30,32.9,68.1,490.0,55.8,0.0,0.0,1.0
2026-01-01 12:49:35,33.0,67.6,497.8,55.8,0.0,0.0,1.0
2026-01-01 12:49:40,32.9,67.7,482.4,55.7,0.0,1.0,1.0
2026-01-01 12:49:45,32.9,68.0,505.1,55.8,0.0,1.0,1.0
2026-01-01 12:49:50,32.9,68.1,509.5,55.7,0.0,0.0,1.0
2026-01-01 12:49:55,33.0,67.9,475.5,55.8,0.0,0.0,1.0
2026-01-01 12:50:00,32.8,68.0,487.8,55.7,0.0,1.0,1.0
2026-01-01 12:50:05,32.8,67.7,465.8,55.7,0.0,0.0,1.0
2026-01-01 12:50:10,32.8,67.9,483.7,55.7,0.0,1.0,1.0
2026-01-01 12:50:15,32.7,68.4,494.5,55.8,0.0,1.0,1.0
2026-01-01 12:50:20,32.7,68.4,455.9,55.7,0.0,0.0,1.0
2026-01-01 12:50:25,32.6,68.1,485.0,55.7,0.0,0.0,1.0
2026-01-01 12:50:30,32.6,67.7,489.8,55.6,0.0,0.0,1.0
2026-01-01 12:50:35,32.7,67.9,443.3,55.6,0.0,1.0,1.0
2026-01-01 12:50:40,32.6,68.0,476.4,55.5,0.0,1.0,1.0
2026-01-01 12:50:45,32.7,68.2,501.3,55.6,0.0,1.0,1.0
2026-01-01 12:50:50,32.7,68.4,490.1,55.6,0.0,0.0,1.0
2026-01-01 12:50:55,32.7,68.3,461.9,55.6,0.0,0.0,1.0
2026-01-01 12:51:00,32.7,67.7,476.0,55.6,0.0,0.0,1.0
2026-01-01 12:51:05,32.8,68.3,496.5,55.6,0.0,1.0,1.0
2026-01-01 12:51:10,32.7,68.2,514.8,55.6,0.0,0.0,1.0
2026-01-01 12:51:15,32.9,67.9,503.6,55.5,0.0,0.0,1.0
2026-01-01 12:51:20,32.8,67.8,487.1,55.5,0.0,1.0,1.0
2026-01-01 12:51:25,32.9,68.3,492.6,55.5,0.0,1.0,1.0
2026-01-01 12:51:30,32.9,68.3,474.7,55.5,0.0,0.0,1.0
2026-01-01 12:51:35,32.9,67.9,466.6,55.5,0.0,0.0,1.0
2026-01-01 12:51:40,33.0,68.2,500.1,55.5,0.0,1.0,1.0
2026-01-01 12:51:45,33.0,67.9,466.9,55.6,0.0,0.0,1.0
2026-01-01 12:51:50,32.9,68.3,500.7,55.5,0.0,1.0,1.0
2026-01-01 12:51:55,32.9,68.1,477.5,55.5,0.0,0.0,1.0
2026-01-01 12:52:00,32.9,68.0,473.9,55.4,0.0,0.0,1.0
2026-01-01 12:52:05,32.8,67.8,473.0,55.4,0.0,1.0,1.0
2026-01-01 12:52:10,32.8,68.2,470.4,55.4,0.0,1.0,1.0
2026-01-01 12:52:15,32.8,68.2,472.7,55.4,0.0,0.0,1.0
2026-01-01 12:52:20,32.7,67.8,453.0,55.4,0.0,0.0,1.0
2026-01-01 12:52:25,32.6,68.1,502.5,55.4,0.0,1.0,1.0
2026-01-01 12:52:30,32.6,68.3,485.2,55.4,0.0,0.0,1.0
2026-01-01 12:52:35,32.6,67.8,450.3,55.3,0.0,0.0,1.0
2026-01-01 12:52:40,32.7,68.0,465.9,55.3,0.0,1.0,1.0
2026-01-01 12:52:45,32.7,68.2,463.2,55.3,0.0,0.0,1.0
2026-01-01 12:52:50,32.8,67.9,502.7,55.3,0.0,0.0,1.0
2026-01-01 12:52:55,32.7,68.2,468.0,55.3,0.0,1.0,1.0
2026-01-01 12:53:00,32.6,68.2,492.1,55.4,0.0,0.0,1.0
2026-01-01 12:53:05,32.8,67.9,487.0,55.2,0.0,0.0,1.0
2026-01-01 12:53:10,32.8,68.1,508.9,55.3,0.0,1.0,1.0
2026-01-01 12:53:15,32.8,68.0,484.4,55.3,0.0,0.0,1.0
2026-01-01 12:53:20,32.8,67.4,500.6,55.3,0.0,0.0,1.0
2026-01-01 12:53:25,32.7,67.3,503.6,55.2,0.0,1.0,1.0
2026-01-01 12:53:30,32.7,67.6,476.7,55.2,0.0,1.0,1.0
2026-01-01 12:53:35,32.8,67.9,459.5,55.2,0.0,1.0,1.0
2026-01-01 12:53:40,32.7,68.7,498.2,55.2,0.0,1.0,1.0
2026-01-01 12:53:45,32.8,68.7,499.6,55.2,0.0,0.0,1.0
2026-01-01 12:53:50,32.8,68.7,496.1,55.2,0.0,0.0,1.0
2026-01-01 12:53:55,32.8,68.4,492.6,55.1,0.0,0.0,1.0
2026-01-01 12:54:00,32.7,68.1,453.8,55.1,0.0,0.0,1.0
2026-01-01 12:54:05,32.7,67.6,489.4,55.1,0.0,0.0,1.0
2026-01-01 12:54:10,32.7,67.9,466.5,55.1,0.0,1.0,1.0
2026-01-01 12:54:15,32.7,68.1,446.0,55.1,0.0,1.0,1.0
2026-01-01 12:54:20,32.8,67.9,465.6,55.1,0.0,0.0,1.0
2026-01-01 12:54:25,32.7,68.4,507.5,55.1,0.0,1.0,1.0
2026-01-01 12:54:30,32.7,68.2,475.6,55.0,0.0,0.0,1.0
2026-01-01 12:54:35,32.7,67.8,495.7,54.9,0.0,0.0,1.0
2026-01-01 12:54:40,32.6,68.1,489.9,55.0,0.0,1.0,1.0
2026-01-01 12:54:45,32.7,67.8,487.3,55.0,0.0,0.0,1.0
2026-01-01 12:54:50,32.8,67.8,487.3,54.9,0.0,1.0,1.0
2026-01-01 12:54:55,32.6,68.2,490.0,54.9,0.0,1.0,1.0
2026-01-01 12:55:00,32.6,68.2,465.7,55.0,0.0,0.0,1.0
2026-01-01 12:55:05,32.7,68.1,490.4,55.0,0.0,0.0,1.0
2026-01-01 12:55:10,32.7,67.7,510.8,55.0,0.0,0.0,1.0
2026-01-01 12:55:15,32.7,67.7,496.3,55.0,0.0,1.0,1.0
2026-01-01 12:55:20,32.8,68.1,474.4,55.0,0.0,1.0,1.0
2026-01-01 12:55:25,32.8,68.0,481.8,55.0,0.0,0.0,1.0
2026-01-01 12:55:30,32.7,68.1,493.0,54.9,0.0,1.0,1.0
2026-01-01 12:55:35,32.8,67.9,492.9,54.9,0.0,0.0,1.0
2026-01-01 12:55:40,32.8,68.0,457.7,54.9,0.0,1.0,1.0
2026-01-01 12:55:45,32.7,68.3,465.0,54.9,0.0,1.0,1.0
2026-01-01 12:55:50,32.8,68.2,493.0,54.9,0.0,0.0,1.0
2026-01-01 12:55:55,32.9,68.1,467.4,54.9,0.0,0.0,1.0
2026-01-01 12:56:00,32.9,67.7,495.3,54.9,0.0,0.0,1.0
2026-01-01 12:56:05,32.8,68.1,476.2,54.8,0.0,1.0,1.0
2026-01-01 12:56:10,32.7,67.9,476.9,54.8,0.0,0.0,1.0
2026-01-01 12:56:15,32.7,67.9,477.2,54.8,0.0,1.0,1.0
2026-01-01 12:56:20,32.7,68.4,468.1,54.8,0.0,1.0,1.0
2026-01-01 12:56:25,32.7,68.4,473.5,54.8,0.0,0.0,1.0
2026-01-01 12:56:30,32.7,68.1,489.6,54.8,0.0,0.0,1.0
2026-01-01 12:56:35,32.7,67.5,480.2,54.8,0.0,0.0,1.0
2026-01-01 12:56:40,32.7,67.6,479.2,54.7,0.0,1.0,1.0
2026-01-01 12:56:45,32.8,67.9,472.8,54.8,0.0,1.0,1.0
2026-01-01 12:56:50,32.7,68.2,470.7,54.8,0.0,1.0,1.0
2026-01-01 12:56:55,32.6,68.4,446.9,54.7,0.0,0.0,1.0
2026-01-01 12:57:00,32.7,68.1,463.1,54.7,0.0,0.0,1.0
2026-01-01 12:57:05,32.8,67.4,484.1,54.7,0.0,0.0,1.0
2026-01-01 12:57:10,32.7,67.5,490.7,54.7,0.0,1.0,1.0
2026-01-01 12:57:15,32.7,67.9,459.6,54.7,0.0,1.0,1.0
2026-01-01 12:57:20,32.7,67.8,443.2,54.6,0.0,1.0,1.0
2026-01-01 12:57:25,32.6,68.4,480.5,54.6,0.0,1.0,1.0
2026-01-01 12:57:30,32.5,68.6,458.8,54.6,0.0,0.0,1.0
2026-01-01 12:57:35,32.6,68.7,468.8,54.6,0.0,0.0,1.0
2026-01-01 12:57:40,32.7,68.4,473.1,54.5,0.0,0.0,1.0
2026-01-01 12:57:45,32.8,67.6,484.4,54.6,0.0,0.0,1.0
2026-01-01 12:57:50,32.8,67.8,491.3,54.6,0.0,1.0,1.0
2026-01-01 12:57:55,32.6,68.2,465.3,54.6,0.0,1.0,1.0
2026-01-01 12:58:00,32.6,68.4,476.2,54.6,0.0,0.0,1.0
2026-01-01 12:58:05,32.7,68.2,480.5,54.6,0.0,0.0,1.0
2026-01-01 12:58:10,32.7,67.8,470.8,54.6,0.0,0.0,1.0
2026-01-01 12:58:15,32.7,68.0,494.4,54.6,0.0,1.0,1.0
2026-01-01 12:58:20,32.8,68.4,517.2,54.6,0.0,1.0,1.0
2026-01-01 12:58:25,32.8,67.8,486.8,54.5,0.0,0.0,1.0
2026-01-01 12:58:30,32.8,68.2,469.8,54.5,0.0,1.0,1.0
2026-01-01 12:58:35,32.7,68.4,456.8,54.5,0.0,0.0,1.0
2026-01-01 12:58:40,32.7,67.9,481.7,54.4,0.0,0.0,1.0
2026-01-01 12:58:45,32.7,68.1,499.9,54.5,0.0,1.0,1.0
2026-01-01 12:58:50,32.8,68.0,497.7,54.5,0.0,0.0,1.0
2026-01-01 12:58:55,32.8,68.2,483.9,54.5,0.0,1.0,1.0
2026-01-01 12:59:00,32.8,68.2,473.3,54.4,0.0,0.0,1.0
2026-01-01 12:59:05,32.9,68.2,489.5,54.4,0.0,0.0,1.0
2026-01-01 12:59:10,32.9,67.4,454.7,54.4,0.0,0.0,1.0
2026-01-01 12:59:15,33.0,67.5,427.8,54.4,0.0,1.0,1.0
2026-01-01 12:59:20,32.9,68.1,501.7,54.4,0.0,1.0,1.0
2026-01-01 12:59:25,32.9,68.4,503.1,54.4,0.0,0.0,1.0
2026-01-01 12:59:30,32.9,67.6,496.2,54.4,0.0,0.0,1.0
2026-01-01 12:59:35,32.8,67.4,479.1,54.4,0.0,1.0,1.0
2026-01-01 12:59:40,32.8,68.1,455.5,54.4,0.0,1.0,1.0
2026-01-01 12:59:45,32.9,68.5,481.6,54.4,0.0,0.0,1.0
2026-01-01 12:59:50,32.9,68.0,473.8,54.3,0.0,0.0,1.0
2026-01-01 12:59:55,32.8,68.2,510.0,54.3,0.0,1.0,1.0
2026-01-01 13:00:00,32.7,67.9,472.8,54.3,0.0,0.0,1.0
2026-01-01 13:00:05,32.6,68.2,500.7,54.3,0.0,1.0,1.0
2026-01-01 13:00:10,32.7,67.7,460.5,54.2,0.0,0.0,1.0
2026-01-01 13:00:15,32.6,68.0,458.0,54.2,0.0,1.0,1.0
2026-01-01 13:00:20,32.7,68.0,463.2,54.2,1.0,0.0,1.0
2026-01-01 13:00:25,32.7,67.8,478.0,54.3,1.0,0.0,1.0
2026-01-01 13:00:30,32.7,67.8,474.2,54.3,1.0,1.0,1.0
2026-01-01 13:00:35,32.6,68.4,437.6,54.4,0.0,1.0,1.0
2026-01-01 13:00:40,32.6,68.4,463.1,54.6,0.0,0.0,1.0
2026-01-01 13:00:45,32.6,68.0,465.2,54.7,0.0,0.0,1.0
2026-01-01 13:00:50,32.6,67.5,470.6,54.7,0.0,0.0,1.0
2026-01-01 13:00:55,32.5,67.4,474.2,54.8,0.0,1.0,1.0
2026-01-01 13:01:00,32.5,67.3,459.9,54.8,0.0,1.0,1.0
2026-01-01 13:01:05,32.5,67.9,482.7,55.0,0.0,1.0,1.0
2026-01-01 13:01:10,32.5,68.4,473.3,55.0,0.0,1.0,1.0
2026-01-01 13:01:15,32.4,68.5,478.8,55.0,0.0,0.0,1.0
2026-01-01 13:01:20,32.5,68.0,475.2,55.0,0.0,0.0,1.0
2026-01-01 13:01:25,32.5,68.3,485.0,55.0,0.0,1.0,1.0
2026-01-01 13:01:30,32.4,67.9,473.7,55.0,0.0,0.0,1.0
2026-01-01 13:01:35,32.4,68.0,460.5,55.0,0.0,1.0,1.0
2026-01-01 13:01:40,32.5,68.1,461.8,55.1,0.0,1.0,1.0
2026-01-01 13:01:45,32.4,67.7,476.4,55.0,0.0,0.0,1.0
2026-01-01 13:01:50,32.5,67.8,492.1,55.0,0.0,1.0,1.0
2026-01-01 13:01:55,32.4,68.2,483.1,55.0,0.0,1.0,1.0
2026-01-01 13:02:00,32.5,68.2,507.4,54.9,0.0,0.0,1.0
2026-01-01 13:02:05,32.6,67.8,452.9,54.8,0.0,0.0,1.0
2026-01-01 13:02:10,32.8,68.1,469.8,54.8,0.0,1.0,1.0
2026-01-01 13:02:15,32.7,68.0,452.8,54.8,0.0,0.0,1.0
2026-01-01 13:02:20,32.6,67.8,469.5,54.8,0.0,0.0,1.0
2026-01-01 13:02:25,32.5,68.3,466.1,54.8,0.0,1.0,1.0
2026-01-01 13:02:30,32.4,67.9,490.7,54.9,0.0,0.0,1.0
2026-01-01 13:02:35,32.4,67.6,445.1,54.8,0.0,1.0,1.0
2026-01-01 13:02:40,32.4,68.1,467.1,54.9,0.0,1.0,1.0
2026-01-01 13:02:45,32.4,68.1,480.5,54.9,0.0,0.0,1.0
2026-01-01 13:02:50,32.5,68.1,466.5,54.8,0.0,0.0,1.0
2026-01-01 13:02:55,32.6,67.8,460.2,54.8,0.0,0.0,1.0
2026-01-01 13:03:00,32.6,67.8,460.5,54.8,0.0,1.0,1.0
2026-01-01 13:03:05,32.6,68.0,455.5,54.8,0.0,1.0,1.0
2026-01-01 13:03:10,32.7,67.8,461.0,54.8,0.0,0.0,1.0
2026-01-01 13:03:15,32.7,68.1,483.4,54.8,0.0,1.0,1.0
2026-01-01 13:03:20,32.7,68.0,474.2,54.8,0.0,0.0,1.0
2026-01-01 13:03:25,32.8,67.7,486.0,54.7,0.0,0.0,1.0
2026-01-01 13:03:30,32.8,68.0,482.4,54.7,0.0,1.0,1.0
2026-01-01 13:03:35,32.8,68.0,477.4,54.8,0.0,0.0,1.0
2026-01-01 13:03:40,32.7,68.1,458.9,54.8,0.0,1.0,1.0
2026-01-01 13:03:45,32.7,67.8,459.5,54.7,0.0,0.0,1.0
2026-01-01 13:03:50,32.7,68.1,469.4,54.6,0.0,1.0,1.0
2026-01-01 13:03:55,32.8,68.3,467.5,54.6,0.0,0.0,1.0
2026-01-01 13:04:00,32.9,68.4,465.9,54.7,0.0,0.0,1.0
2026-01-01 13:04:05,32.9,67.9,486.7,54.7,0.0,0.0,1.0
2026-01-01 13:04:10,32.9,67.8,467.8,54.6,0.0,1.0,1.0
2026-01-01 13:04:15,32.9,68.0,478.4,54.6,0.0,1.0,1.0
2026-01-01 13:04:20,32.8,67.8,451.1,54.6,0.0,0.0,1.0
2026-01-01 13:04:25,32.8,68.1,487.2,54.6,0.0,1.0,1.0
2026-01-01 13:04:30,32.8,68.2,482.7,54.7,0.0,0.0,1.0
2026-01-01 13:04:35,32.8,67.9,487.0,54.7,0.0,0.0,1.0
2026-01-01 13:04:40,32.8,67.8,457.0,54.7,0.0,1.0,1.0
2026-01-01 13:04:45,32.7,68.2,492.1,54.7,0.0,1.0,1.0
2026-01-01 13:04:50,32.7,68.1,475.1,54.6,0.0,0.0,1.0
2026-01-01 13:04:55,32.6,68.0,482.3,54.6,0.0,0.0,1.0
2026-01-01 13:05:00,32.7,68.0,478.5,54.6,0.0,1.0,1.0
2026-01-01 13:05:05,32.6,67.9,485.3,54.6,0.0,0.0,1.0
2026-01-01 13:05:10,32.6,67.8,474.2,54.6,0.0,1.0,1.0
2026-01-01 13:05:15,32.6,68.0,475.3,54.6,0.0,1.0,1.0
2026-01-01 13:05:20,32.5,68.1,486.5,54.6,0.0,0.0,1.0
2026-01-01 13:05:25,32.6,67.8,493.7,54.5,0.0,0.0,1.0
2026-01-01 13:05:30,32.7,67.8,503.2,54.6,0.0,1.0,1.0
2026-01-01 13:05:35,32.6,68.3,493.0,54.6,0.0,1.0,1.0
2026-01-01 13:05:40,32.6,68.5,474.6,54.5,0.0,0.0,1.0
2026-01-01 13:05:45,32.6,68.2,509.4,54.5,0.0,0.0,1.0
2026-01-01 13:05:50,32.7,67.8,495.8,54.4,0.0,0.0,1.0
2026-01-01 13:05:55,32.7,67.6,462.8,54.5,0.0,1.0,1.0
2026-01-01 13:06:00,32.8,68.1,472.5,54.4,0.0,1.0,1.0
2026-01-01 13:06:05,32.8,68.0,487.2,54.4,0.0,0.0,1.0
2026-01-01 13:06:10,32.8,68.1,501.3,54.4,0.0,0.0,1.0
2026-01-01 13:06:15,32.8,67.1,502.2,54.4,0.0,0.0,1.0
2026-01-01 13:06:20,32.7,66.9,488.1,54.4,0.0,1.0,1.0
2026-01-01 13:06:25,32.7,67.9,470.2,54.4,0.0,1.0,1.0
2026-01-01 13:06:30,32.6,68.2,465.8,54.4,0.0,1.0,1.0
2026-01-01 13:06:35,32.5,68.5,488.9,54.4,0.0,0.0,1.0
2026-01-01 13:06:40,32.6,68.5,478.8,54.4,0.0,0.0,1.0
2026-01-01 13:06:45,32.8,68.2,481.2,54.4,0.0,0.0,1.0
2026-01-01 13:06:50,32.9,67.6,467.8,54.3,0.0,0.0,1.0
2026-01-01 13:06:55,32.8,67.5,463.0,54.4,0.0,1.0,1.0
2026-01-01 13:07:00,32.9,67.9,492.3,54.4,0.0,1.0,1.0
2026-01-01 13:07:05,32.9,68.0,465.4,54.3,0.0,1.0,1.0
2026-01-01 13:07:10,32.9,68.3,473.0,54.3,0.0,0.0,1.0
2026-01-01 13:07:15,32.9,67.8,457.4,54.3,0.0,0.0,1.0
2026-01-01 13:07:20,32.9,67.8,493.2,54.2,0.0,1.0,1.0
2026-01-01 13:07:25,32.9,68.5,474.4,54.2,0.0,1.0,1.0
2026-01-01 13:07:30,32.9,68.4,465.0,54.3,0.0,0.0,1.0
2026-01-01 13:07:35,32.8,68.0,476.5,54.3,0.0,0.0,1.0
2026-01-01 13:07:40,32.8,67.8,497.7,54.2,0.0,0.0,1.0
2026-01-01 13:07:45,32.7,67.8,463.8,54.2,0.0,1.0,1.0
2026-01-01 13:07:50,32.8,68.2,502.7,54.1,0.0,1.0,1.0
2026-01-01 13:07:55,32.8,68.4,484.1,54.2,1.0,0.0,1.0
2026-01-01 13:08:00,32.7,68.0,469.4,54.1,1.0,0.0,1.0
2026-01-01 13:08:05,32.7,67.4,468.6,54.2,1.0,0.0,1.0
2026-01-01 13:08:10,32.6,67.7,505.6,54.3,1.0,1.0,1.0
2026-01-01 13:08:15,32.6,67.8,473.5,54.5,1.0,1.0,1.0
2026-01-01 13:08:20,32.5,68.0,444.0,54.6,1.0,1.0,1.0
2026-01-01 13:08:25,32.6,68.2,463.7,54.8,0.0,0.0,1.0
2026-01-01 13:08:30,32.7,67.7,456.9,55.1,0.0,0.0,1.0
2026-01-01 13:08:35,32.6,68.0,476.1,55.3,0.0,1.0,1.0
2026-01-01 13:08:40,32.6,68.1,476.1,55.4,0.0,0.0,1.0
2026-01-01 13:08:45,32.6,67.7,515.0,55.4,0.0,0.0,1.0
2026-01-01 13:08:50,32.7,67.8,475.0,55.5,0.0,1.0,1.0
2026-01-01 13:08:55,32.7,68.1,490.5,55.6,0.0,1.0,1.0
2026-01-01 13:09:00,32.7,67.8,483.7,55.7,0.0,0.0,1.0
2026-01-01 13:09:05,32.6,68.0,463.8,55.8,0.0,1.0,1.0
2026-01-01 13:09:10,32.8,67.9,463.9,55.7,0.0,0.0,1.0
2026-01-01 13:09:15,32.7,68.2,461.6,55.7,0.0,1.0,1.0
2026-01-01 13:09:20,32.8,68.3,449.1,55.7,0.0,0.0,1.0
2026-01-01 13:09:25,32.7,68.1,494.4,55.7,0.0,0.0,1.0
2026-01-01 13:09:30,32.7,67.8,492.9,55.7,0.0,0.0,1.0
2026-01-01 13:09:35,32.6,67.5,467.6,55.7,0.0,1.0,1.0
2026-01-01 13:09:40,32.6,68.2,449.3,55.6,0.0,1.0,1.0
2026-01-01 13:09:45,32.6,67.9,476.2,55.7,0.0,0.0,1.0
2026-01-01 13:09:50,32.6,68.1,495.3,55.7,0.0,1.0,1.0
2026-01-01 13:09:55,32.7,67.9,479.1,55.7,0.0,0.0,1.0
2026-01-01 13:10:00,32.6,68.0,475.3,55.6,0.0,1.0,1.0
2026-01-01 13:10:05,32.6,67.9,457.8,55.7,0.0,0.0,1.0
2026-01-01 13:10:10,32.6,68.1,522.3,55.6,0.0,1.0,1.0
2026-01-01 13:10:15,32.7,67.9,473.9,55.7,0.0,0.0,1.0
2026-01-01 13:10:20,32.7,68.1,470.4,55.7,0.0,1.0,1.0
2026-01-01 13:10:25,32.8,67.5,469.5,55.5,0.0,0.0,1.0
2026-01-01 13:10:30,32.8,67.5,460.5,55.5,0.0,1.0,1.0
2026-01-01 13:10:35,32.8,68.1,483.7,55.5,0.0,1.0,1.0
2026-01-01 13:10:40,32.7,68.0,480.7,55.5,0.0,0.0,1.0
2026-01-01 13:10:45,32.7,68.2,487.8,55.6,0.0,1.0,1.0
2026-01-01 13:10:50,32.7,68.1,466.6,55.5,0.0,0.0,1.0
2026-01-01 13:10:55,32.8,67.7,473.6,55.6,0.0,0.0,1.0
2026-01-01 13:11:00,32.8,67.8,475.8,55.5,0.0,1.0,1.0
2026-01-01 13:11:05,32.8,68.3,427.6,55.5,0.0,1.0,1.0
2026-01-01 13:11:10,32.8,68.2,468.2,55.4,0.0,0.0,1.0
2026-01-01 13:11:15,32.8,67.9,457.0,55.5,0.0,0.0,1.0
2026-01-01 13:11:20,32.8,67.6,467.6,55.5,0.0,1.0,1.0
2026-01-01 13:11:25,32.9,68.0,463.0,55.4,0.0,1.0,1.0
2026-01-01 13:11:30,32.7,68.3,468.9,55.5,0.0,0.0,1.0
2026-01-01 13:11:35,32.8,68.2,494.4,55.4,0.0,0.0,1.0
2026-01-01 13:11:40,32.8,67.4,476.9,55.4,0.0,0.0,1.0
2026-01-01 13:11:45,32.9,67.8,461.2,55.4,0.0,1.0,1.0
2026-01-01 13:11:50,32.9,68.4,473.7,55.3,0.0,1.0,1.0
2026-01-01 13:11:55,32.9,68.2,461.9,55.3,0.0,0.0,1.0
2026-01-01 13:12:00,32.9,68.0,483.9,55.3,0.0,0.0,1.0
2026-01-01 13:12:05,32.9,67.6,473.4,55.3,0.0,0.0,1.0
2026-01-01 13:12:10,32.8,67.7,453.3,55.4,0.0,1.0,1.0
2026-01-01 13:12:15,32.8,67.9,459.9,55.3,0.0,1.0,1.0
2026-01-01 13:12:20,32.8,68.6,474.7,55.3,0.0,1.0,1.0
2026-01-01 13:12:25,32.8,68.7,465.1,55.3,0.0,0.0,1.0
2026-01-01 13:12:30,32.7,68.5,491.1,55.2,0.0,0.0,1.0
2026-01-01 13:12:35,32.7,68.1,450.1,55.3,0.0,0.0,1.0
2026-01-01 13:12:40,32.7,67.7,473.5,55.2,0.0,0.0,1.0
2026-01-01 13:12:45,32.6,67.4,485.6,55.2,0.0,1.0,1.0
2026-01-01 13:12:50,32.6,67.6,480.6,55.2,0.0,1.0,1.0
2026-01-01 13:12:55,32.5,67.9,470.5,55.2,0.0,1.0,1.0
2026-01-01 13:13:00,32.4,68.4,474.6,55.1,0.0,1.0,1.0
2026-01-01 13:13:05,32.5,68.3,444.1,55.2,0.0,0.0,1.0
2026-01-01 13:13:10,32.6,68.2,482.0,55.2,0.0,0.0,1.0
2026-01-01 13:13:15,32.6,67.7,476.0,55.2,0.0,0.0,1.0
2026-01-01 13:13:20,32.7,67.6,471.2,55.1,0.0,1.0,1.0
2026-01-01 13:13:25,32.7,68.1,462.9,55.0,0.0,1.0,1.0
2026-01-01 13:13:30,32.7,68.2,457.1,55.0,0.0,0.0,1.0
2026-01-01 13:13:35,32.6,68.1,460.6,55.0,0.0,0.0,1.0
2026-01-01 13:13:40,32.5,67.5,467.8,55.0,0.0,0.0,1.0
2026-01-01 13:13:45,32.5,67.6,483.0,55.0,0.0,1.0,1.0
2026-01-01 13:13:50,32.4,68.0,469.7,55.0,0.0,1.0,1.0
2026-01-01 13:13:55,32.4,68.0,460.8,54.9,0.0,0.0,1.0
2026-01-01 13:14:00,32.5,67.6,451.5,55.0,0.0,0.0,1.0
2026-01-01 13:14:05,32.5,67.4,440.8,54.9,0.0,1.0,1.0
2026-01-01 13:14:10,32.4,67.9,443.9,54.9,0.0,1.0,1.0
2026-01-01 13:14:15,32.4,68.4,468.2,55.0,0.0,1.0,1.0
2026-01-01 13:14:20,32.4,68.6,509.3,55.0,0.0,0.0,1.0
2026-01-01 13:14:25,32.5,68.5,488.4,54.9,0.0,0.0,1.0
2026-01-01 13:14:30,32.5,68.0,474.3,55.0,0.0,0.0,1.0
2026-01-01 13:14:35,32.4,68.2,468.8,54.9,0.0,1.0,1.0
2026-01-01 13:14:40,32.4,68.0,425.8,54.9,0.0,0.0,1.0
2026-01-01 13:14:45,32.5,68.1,452.3,54.9,0.0,1.0,1.0
2026-01-01 13:14:50,32.5,67.7,472.4,54.9,0.0,0.0,1.0
2026-01-01 13:14:55,32.6,67.7,449.5,54.9,0.0,1.0,1.0
2026-01-01 13:15:00,32.6,68.4,450.5,54.9,0.0,1.0,1.0
2026-01-01 13:15:05,32.5,68.7,485.3,54.9,0.0,0.0,1.0
2026-01-01 13:15:10,32.5,68.2,496.8,54.9,0.0,0.0,1.0
2026-01-01 13:15:15,32.6,67.8,478.2,54.9,0.0,0.0,1.0
2026-01-01 13:15:20,32.6,67.9,450.8,54.9,0.0,1.0,1.0
2026-01-01 13:15:25,32.5,68.4,444.8,54.9,0.0,1.0,1.0
2026-01-01 13:15:30,32.6,68.2,453.0,54.9,0.0,0.0,1.0
2026-01-01 13:15:35,32.6,67.8,490.2,54.8,0.0,0.0,1.0
2026-01-01 13:15:40,32.7,68.2,481.1,54.8,0.0,1.0,1.0
2026-01-01 13:15:45,32.6,67.8,463.1,54.8,0.0,0.0,1.0
2026-01-01 13:15:50,32.6,68.2,460.8,54.8,0.0,1.0,1.0
2026-01-01 13:15:55,32.5,67.8,464.5,54.8,0.0,0.0,1.0
2026-01-01 13:16:00,32.5,67.8,477.2,54.8,0.0,1.0,1.0
2026-01-01 13:16:05,32.4,68.1,434.7,54.8,0.0,1.0,1.0
2026-01-01 13:16:10,32.4,68.4,464.8,54.7,0.0,0.0,1.0
2026-01-01 13:16:15,32.6,67.8,444.8,54.8,0.0,0.0,1.0
2026-01-01 13:16:20,32.7,68.1,455.6,54.8,0.0,1.0,1.0
2026-01-01 13:16:25,32.7,67.9,455.6,54.7,0.0,0.0,1.0
2026-01-01 13:16:30,32.7,68.0,447.0,54.7,0.0,1.0,1.0
2026-01-01 13:16:35,32.7,67.8,478.7,54.7,0.0,0.0,1.0
2026-01-01 13:16:40,32.6,68.1,491.9,54.7,0.0,1.0,1.0
2026-01-01 13:16:45,32.7,68.1,484.3,54.8,0.0,0.0,1.0
2026-01-01 13:16:50,32.8,67.7,475.6,54.7,0.0,0.0,1.0
2026-01-01 13:16:55,32.8,67.8,470.6,54.7,0.0,1.0,1.0
2026-01-01 13:17:00,32.8,68.4,473.2,54.6,0.0,1.0,1.0
2026-01-01 13:17:05,32.8,68.3,470.4,54.6,0.0,0.0,1.0
2026-01-01 13:17:10,32.8,67.9,461.4,54.6,0.0,0.0,1.0
2026-01-01 13:17:15,32.8,67.8,462.3,54.6,0.0,1.0,1.0
2026-01-01 13:17:20,32.7,68.3,459.2,54.7,0.0,1.0,1.0
2026-01-01 13:17:25,32.8,68.4,474.7,54.7,0.0,0.0,1.0
2026-01-01 13:17:30,32.8,68.1,443.4,54.6,0.0,0.0,1.0
2026-01-01 13:17:35,32.8,68.1,450.9,54.6,0.0,0.0,1.0
2026-01-01 13:17:40,32.8,67.3,481.4,54.6,0.0,0.0,1.0
2026-01-01 13:17:45,32.7,67.1,443.0,54.7,0.0,1.0,1.0
2026-01-01 13:17:50,32.7,67.6,471.8,54.6,0.0,1.0,1.0
2026-01-01 13:17:55,32.6,68.2,464.4,54.6,0.0,1.0,1.0
2026-01-01 13:18:00,32.5,68.4,456.0,54.6,0.0,0.0,1.0
2026-01-01 13:18:05,32.6,68.2,443.4,54.5,0.0,0.0,1.0
2026-01-01 13:18:10,32.8,67.8,478.1,54.5,0.0,0.0,1.0
2026-01-01 13:18:15,32.8,67.8,467.6,54.6,0.0,1.0,1.0
2026-01-01 13:18:20,32.7,68.2,493.5,54.5,0.0,1.0,1.0
2026-01-01 13:18:25,32.7,68.3,466.4,54.5,0.0,0.0,1.0
2026-01-01 13:18:30,32.7,68.0,457.7,54.5,0.0,0.0,1.0
2026-01-01 13:18:35,32.6,68.1,453.4,54.5,0.0,1.0,1.0
2026-01-01 13:18:40,32.7,68.0,478.0,54.5,0.0,0.0,1.0
2026-01-01 13:18:45,32.7,68.1,465.8,54.4,0.0,1.0,1.0
2026-01-01 13:18:50,32.6,67.9,441.9,54.4,0.0,0.0,1.0
2026-01-01 13:18:55,32.6,67.6,464.7,54.4,0.0,1.0,1.0
2026-01-01 13:19:00,32.7,68.0,476.6,54.3,0.0,1.0,1.0
2026-01-01 13:19:05,32.7,68.0,460.4,54.4,0.0,0.0,1.0
2026-01-01 13:19:10,32.7,68.5,472.5,54.3,0.0,1.0,1.0
2026-01-01 13:19:15,32.8,68.0,487.0,54.4,0.0,0.0,1.0
2026-01-01 13:19:20,32.8,67.7,475.2,54.4,0.0,1.0,1.0
2026-01-01 13:19:25,32.9,68.5,499.7,54.3,0.0,1.0,1.0
2026-01-01 13:19:30,32.9,68.4,477.0,54.4,0.0,0.0,1.0
2026-01-01 13:19:35,32.9,68.3,451.1,54.4,0.0,0.0,1.0
2026-01-01 13:19:40,33.0,67.7,485.4,54.4,0.0,0.0,1.0
2026-01-01 13:19:45,33.0,67.7,472.5,54.4,0.0,1.0,1.0
2026-01-01 13:19:50,33.0,68.0,450.9,54.4,0.0,1.0,1.0
2026-01-01 13:19:55,33.0,68.7,463.0,54.4,0.0,1.0,1.0
2026-01-01 13:20:00,33.0,68.8,455.4,54.3,0.0,0.0,1.0
2026-01-01 13:20:05,33.0,68.4,458.5,54.3,0.0,0.0,1.0
2026-01-01 13:20:10,32.9,68.0,448.6,54.3,0.0,0.0,1.0
2026-01-01 13:20:15,32.9,68.0,469.2,54.3,0.0,1.0,1.0
2026-01-01 13:20:20,32.9,68.2,497.7,54.2,0.0,1.0,1.0
2026-01-01 13:20:25,32.9,68.0,460.2,54.2,0.0,0.0,1.0
2026-01-01 13:20:30,32.9,68.2,456.4,54.2,0.0,1.0,1.0
2026-01-01 13:20:35,32.8,67.9,498.2,54.2,1.0,0.0,1.0
2026-01-01 13:20:40,32.8,68.2,481.6,54.2,1.0,1.0,1.0
2026-01-01 13:20:45,32.7,68.0,462.0,54.2,1.0,0.0,1.0
2026-01-01 13:20:50,32.7,67.6,461.1,54.4,0.0,0.0,1.0
2026-01-01 13:20:55,32.7,67.6,482.8,54.5,0.0,1.0,1.0
2026-01-01 13:21:00,32.7,67.8,439.9,54.6,0.0,1.0,1.0
2026-01-01 13:21:05,32.6,68.4,436.5,54.7,0.0,1.0,1.0
2026-01-01 13:21:10,32.6,68.3,453.7,54.7,0.0,0.0,1.0
2026-01-01 13:21:15,32.6,67.9,467.9,54.8,0.0,0.0,1.0
2026-01-01 13:21:20,32.6,68.2,430.5,54.8,0.0,1.0,1.0
2026-01-01 13:21:25,32.7,68.2,458.1,54.9,0.0,0.0,1.0
2026-01-01 13:21:30,32.7,67.8,472.5,54.9,0.0,0.0,1.0
2026-01-01 13:21:35,32.8,68.2,462.6,54.9,0.0,1.0,1.0
2026-01-01 13:21:40,32.9,67.9,458.1,54.9,0.0,0.0,1.0
2026-01-01 13:21:45,32.9,68.1,508.2,54.9,0.0,1.0,1.0
2026-01-01 13:21:50,33.0,68.0,470.5,54.9,0.0,0.0,1.0
2026-01-01 13:21:55,32.9,67.8,476.6,54.9,0.0,0.0,1.0
2026-01-01 13:22:00,32.8,67.7,439.0,54.8,0.0,1.0,1.0
2026-01-01 13:22:05,32.8,68.2,463.6,54.9,0.0,1.0,1.0
2026-01-01 13:22:10,32.7,67.8,468.2,54.9,0.0,0.0,1.0
2026-01-01 13:22:15,32.7,68.1,467.4,54.9,0.0,1.0,1.0
2026-01-01 13:22:20,32.6,67.8,462.2,54.9,0.0,0.0,1.0
2026-01-01 13:22:25,32.5,67.9,440.2,54.8,0.0,1.0,1.0
2026-01-01 13:22:30,32.5,68.2,447.2,54.9,0.0,1.0,1.0
2026-01-01 13:22:35,32.5,68.2,484.2,54.8,0.0,0.0,1.0
2026-01-01 13:22:40,32.5,67.7,470.0,54.8,0.0,0.0,1.0
2026-01-01 13:22:45,32.5,67.6,477.2,54.8,0.0,1.0,1.0
2026-01-01 13:22:50,32.5,68.4,474.7,54.9,0.0,1.0,1.0
2026-01-01 13:22:55,32.4,68.5,465.3,54.9,0.0,0.0,1.0
2026-01-01 13:23:00,32.6,67.9,457.9,54.9,0.0,0.0,1.0
2026-01-01 13:23:05,32.5,68.0,471.7,54.9,0.0,1.0,1.0
2026-01-01 13:23:10,32.5,68.4,453.7,54.9,0.0,1.0,1.0
2026-01-01 13:23:15,32.6,68.4,475.8,54.8,0.0,0.0,1.0
2026-01-01 13:23:20,32.6,68.1,429.2,54.7,0.0,0.0,1.0
2026-01-01 13:23:25,32.6,67.7,451.7,54.7,0.0,0.0,1.0
2026-01-01 13:23:30,32.6,67.8,440.1,54.7,0.0,1.0,1.0
2026-01-01 13:23:35,32.7,68.1,477.5,54.7,0.0,1.0,1.0
2026-01-01 13:23:40,32.7,68.0,472.2,54.8,0.0,0.0,1.0
2026-01-01 13:23:45,32.8,68.5,448.3,54.7,0.0,1.0,1.0
2026-01-01 13:23:50,32.8,68.2,483.4,54.7,0.0,0.0,1.0
2026-01-01 13:23:55,32.9,67.9,460.3,54.7,0.0,0.0,1.0
2026-01-01 13:24:00,32.8,68.1,459.4,54.6,0.0,1.0,1.0
2026-01-01 13:24:05,32.8,67.5,469.3,54.6,0.0,0.0,1.0
2026-01-01 13:24:10,32.9,67.9,449.9,54.6,0.0,1.0,1.0
2026-01-01 13:24:15,32.8,67.9,459.9,54.6,0.0,1.0,1.0
2026-01-01 13:24:20,32.8,68.4,444.8,54.7,0.0,1.0,1.0
2026-01-01 13:24:25,32.8,68.5,488.2,54.6,0.0,0.0,1.0
2026-01-01 13:24:30,32.9,68.1,486.2,54.7,0.0,0.0,1.0
2026-01-01 13:24:35,32.9,68.1,477.4,54.7,0.0,0.0,1.0
2026-01-01 13:24:40,33.0,67.4,441.8,54.7,0.0,0.0,1.0
2026-01-01 13:24:45,33.0,67.3,450.0,54.7,0.0,1.0,1.0
2026-01-01 13:24:50,33.0,67.4,458.2,54.7,0.0,1.0,1.0
2026-01-01 13:24:55,33.0,68.0,467.0,54.7,0.0,1.0,1.0
2026-01-01 13:25:00,32.9,67.5,457.1,54.6,0.0,0.0,1.0
2026-01-01 13:25:05,32.9,67.7,476.9,54.6,0.0,1.0,1.0
2026-01-01 13:25:10,32.9,67.8,472.0,54.6,0.0,1.0,1.0
2026-01-01 13:25:15,32.8,68.2,472.9,54.6,0.0,1.0,1.0
2026-01-01 13:25:20,32.9,68.0,451.4,54.6,0.0,0.0,1.0
2026-01-01 13:25:25,32.8,68.0,479.3,54.6,0.0,0.0,1.0
2026-01-01 13:25:30,32.7,68.1,479.9,54.6,0.0,1.0,1.0
2026-01-01 13:25:35,32.7,68.1,472.7,54.6,0.0,0.0,1.0
2026-01-01 13:25:40,32.8,67.8,443.6,54.6,0.0,0.0,1.0
2026-01-01 13:25:45,32.9,67.7,469.0,54.5,0.0,1.0,1.0
2026-01-01 13:25:50,32.8,67.8,454.2,54.4,0.0,1.0,1.0
2026-01-01 13:25:55,32.8,68.0,470.8,54.5,0.0,1.0,1.0
2026-01-01 13:26:00,32.7,67.9,430.4,54.4,0.0,0.0,1.0
2026-01-01 13:26:05,32.7,68.4,487.1,54.4,0.0,1.0,1.0
2026-01-01 13:26:10,32.7,67.9,488.1,54.4,0.0,0.0,1.0
2026-01-01 13:26:15,32.7,67.9,464.3,54.4,0.0,1.0,1.0
2026-01-01 13:26:20,32.7,68.3,459.4,54.4,0.0,1.0,1.0
2026-01-01 13:26:25,32.8,68.2,459.1,54.4,0.0,0.0,1.0
2026-01-01 13:26:30,32.9,67.9,487.5,54.4,0.0,0.0,1.0
2026-01-01 13:26:35,32.8,68.4,441.0,54.3,0.0,1.0,1.0
2026-01-01 13:26:40,32.8,68.1,434.8,54.4,0.0,0.0,1.0
2026-01-01 13:26:45,32.8,67.6,465.3,54.3,0.0,0.0,1.0
2026-01-01 13:26:50,32.7,67.3,422.8,54.3,0.0,1.0,1.0
2026-01-01 13:26:55,32.7,67.3,460.0,54.2,0.0,1.0,1.0
2026-01-01 13:27:00,32.7,67.7,449.2,54.2,0.0,1.0,1.0
2026-01-01 13:27:05,32.6,68.5,450.7,54.3,0.0,1.0,1.0
2026-01-01 13:27:10,32.6,68.4,464.5,54.2,0.0,0.0,1.0
2026-01-01 13:27:15,32.6,68.7,439.3,54.3,0.0,0.0,1.0
2026-01-01 13:27:20,32.6,68.1,452.7,54.3,0.0,0.0,1.0
2026-01-01 13:27:25,32.6,67.6,466.3,54.3,0.0,0.0,1.0
2026-01-01 13:27:30,32.6,67.6,498.8,54.2,0.0,1.0,1.0
2026-01-01 13:27:35,32.6,67.7,455.4,54.3,0.0,1.0,1.0
2026-01-01 13:27:40,32.6,68.6,441.1,54.2,0.0,1.0,1.0
2026-01-01 13:27:45,32.6,68.8,471.2,54.3,0.0,0.0,1.0
2026-01-01 13:27:50,32.7,68.6,436.9,54.2,0.0,0.0,1.0
2026-01-01 13:27:55,32.7,68.1,468.9,54.2,0.0,0.0,1.0
2026-01-01 13:28:00,32.7,67.3,482.9,54.2,0.0,0.0,1.0
2026-01-01 13:28:05,32.8,67.4,447.2,54.3,0.0,1.0,1.0
2026-01-01 13:28:10,32.8,68.0,477.4,54.3,0.0,1.0,1.0
2026-01-01 13:28:15,32.6,68.2,478.1,54.3,0.0,1.0,1.0
2026-01-01 13:28:20,32.7,67.8,463.0,54.2,0.0,0.0,1.0
2026-01-01 13:28:25,32.7,67.8,464.0,54.2,1.0,1.0,1.0
2026-01-01 13:28:30,32.8,68.0,450.6,54.1,1.0,1.0,1.0
2026-01-01 13:28:35,32.7,68.7,455.6,54.2,1.0,1.0,1.0
2026-01-01 13:28:40,32.8,69.1,480.0,54.3,0.0,0.0,1.0
2026-01-01 13:28:45,32.7,69.0,463.7,54.5,0.0,0.0,1.0
2026-01-01 13:28:50,32.8,68.5,461.9,54.6,0.0,0.0,1.0
2026-01-01 13:28:55,32.9,67.9,485.6,54.7,0.0,0.0,1.0
2026-01-01 13:29:00,32.8,67.6,439.5,54.8,0.0,1.0,1.0
2026-01-01 13:29:05,32.8,67.9,452.0,54.7,0.0,1.0,1.0
2026-01-01 13:29:10,32.8,68.7,464.3,54.7,0.0,1.0,1.0
2026-01-01 13:29:15,32.8,68.7,465.8,54.8,0.0,0.0,1.0
2026-01-01 13:29:20,32.8,68.1,446.9,54.9,0.0,0.0,1.0
2026-01-01 13:29:25,32.7,67.3,457.0,54.9,0.0,0.0,1.0
2026-01-01 13:29:30,32.7,67.6,456.3,54.9,0.0,1.0,1.0
2026-01-01 13:29:35,32.6,67.8,453.9,54.9,0.0,1.0,1.0
2026-01-01 13:29:40,32.6,68.4,469.6,54.8,0.0,1.0,1.0
2026-01-01 13:29:45,32.6,68.8,485.0,54.9,0.0,0.0,1.0
2026-01-01 13:29:50,32.6,68.6,443.7,54.9,0.0,0.0,1.0
2026-01-01 13:29:55,32.7,68.2,457.6,54.9,0.0,0.0,1.0
2026-01-01 15:00:00,32.0,67.4,335.5,54.2,0.0,0.0,1.0
2026-01-01 15:00:05,32.0,67.4,357.5,54.2,0.0,1.0,1.0
2026-01-01 15:00:10,31.9,67.8,326.4,54.3,0.0,1.0,1.0
2026-01-01 15:00:15,31.9,68.4,383.8,54.3,0.0,1.0,1.0
2026-01-01 15:00:20,31.9,68.6,355.0,54.2,0.0,0.0,1.0
2026-01-01 15:00:25,32.0,68.2,322.0,54.2,0.0,0.0,1.0
2026-01-01 15:00:30,32.0,67.8,334.2,54.2,0.0,0.0,1.0
2026-01-01 15:00:35,32.0,67.4,346.3,54.2,1.0,0.0,1.0
2026-01-01 15:00:40,32.0,67.0,336.5,54.2,1.0,1.0,1.0
2026-01-01 15:00:45,32.1,67.4,336.1,54.2,1.0,1.0,1.0
2026-01-01 15:00:50,32.1,67.8,317.2,54.3,0.0,1.0,1.0
2026-01-01 15:00:55,32.1,68.3,372.4,54.5,0.0,1.0,1.0
2026-01-01 15:01:00,32.1,68.4,361.2,54.6,0.0,0.0,1.0
2026-01-01 15:01:05,32.1,68.3,369.7,54.7,0.0,0.0,1.0
2026-01-01 15:01:10,32.2,68.1,353.1,54.8,0.0,0.0,1.0
2026-01-01 15:01:15,32.3,67.4,349.1,54.8,0.0,0.0,1.0
2026-01-01 15:01:20,32.3,67.8,340.8,54.9,0.0,1.0,1.0
2026-01-01 15:01:25,32.4,67.9,346.6,54.9,0.0,1.0,1.0
2026-01-01 15:01:30,32.3,67.9,364.6,55.0,0.0,1.0,1.0
2026-01-01 15:01:35,32.3,68.4,355.2,55.0,0.0,1.0,1.0
2026-01-01 15:01:40,32.3,68.6,348.2,55.0,0.0,0.0,1.0
2026-01-01 15:01:45,32.4,68.7,364.7,55.0,0.0,0.0,1.0
2026-01-01 15:01:50,32.4,68.4,372.9,55.0,0.0,0.0,1.0
2026-01-01 15:01:55,32.3,67.6,346.9,54.9,0.0,0.0,1.0
2026-01-01 15:02:00,32.2,67.7,370.7,55.0,0.0,1.0,1.0
2026-01-01 15:02:05,32.2,68.0,359.2,54.9,0.0,1.0,1.0
2026-01-01 15:02:10,32.2,67.8,355.6,55.0,0.0,0.0,1.0
2026-01-01 15:02:15,32.3,68.2,325.3,54.8,0.0,1.0,1.0
2026-01-01 15:02:20,32.3,68.1,354.4,54.9,0.0,0.0,1.0
2026-01-01 15:02:25,32.2,67.8,383.0,54.9,0.0,0.0,1.0
2026-01-01 15:02:30,32.3,67.8,351.2,54.8,0.0,1.0,1.0
2026-01-01 15:02:35,32.2,68.2,335.9,54.8,0.0,1.0,1.0
2026-01-01 15:02:40,32.2,68.2,341.4,54.8,0.0,0.0,1.0
2026-01-01 15:02:45,32.3,68.2,339.2,54.8,0.0,0.0,1.0
2026-01-01 15:02:50,32.3,67.5,361.2,54.8,0.0,0.0,1.0
2026-01-01 15:02:55,32.2,67.5,369.4,54.8,0.0,1.0,1.0
2026-01-01 15:03:00,32.2,67.7,338.2,54.8,0.0,1.0,1.0
2026-01-01 15:03:05,32.2,68.0,364.1,54.8,0.0,1.0,1.0
2026-01-01 15:03:10,32.1,68.1,331.7,54.9,0.0,0.0,1.0
2026-01-01 15:03:15,32.2,68.1,327.6,54.7,0.0,0.0,1.0
2026-01-01 15:03:20,32.0,67.6,324.9,54.7,0.0,0.0,1.0
2026-01-01 15:03:25,31.9,67.8,356.3,54.8,0.0,1.0,1.0
2026-01-01 15:03:30,31.9,67.8,379.7,54.8,0.0,1.0,1.0
2026-01-01 15:03:35,31.9,68.2,369.3,54.7,0.0,1.0,1.0
2026-01-01 15:03:40,31.9,68.2,376.0,54.7,0.0,0.0,1.0
2026-01-01 15:03:45,32.0,68.4,375.1,54.6,0.0,0.0,1.0
2026-01-01 15:03:50,31.8,68.0,360.1,54.7,0.0,0.0,1.0
2026-01-01 15:03:55,32.0,67.6,352.7,54.6,0.0,0.0,1.0
2026-01-01 15:04:00,32.0,68.0,376.6,54.6,0.0,1.0,1.0
2026-01-01 15:04:05,32.0,68.3,336.4,54.6,0.0,1.0,1.0
2026-01-01 15:04:10,32.0,68.3,354.1,54.7,0.0,0.0,1.0
2026-01-01 15:04:15,32.0,68.0,324.7,54.6,0.0,0.0,1.0
2026-01-01 15:04:20,31.9,68.0,342.4,54.6,0.0,1.0,1.0
2026-01-01 15:04:25,32.0,67.8,323.0,54.6,0.0,0.0,1.0
2026-01-01 15:04:30,31.9,67.7,350.9,54.6,0.0,1.0,1.0
2026-01-01 15:04:35,32.0,68.0,356.2,54.6,0.0,1.0,1.0
2026-01-01 15:04:40,32.0,68.1,327.0,54.6,0.0,0.0,1.0
2026-01-01 15:04:45,32.0,68.3,354.5,54.5,0.0,0.0,1.0
2026-01-01 15:04:50,32.0,67.8,332.4,54.6,0.0,0.0,1.0
2026-01-01 15:04:55,32.0,67.9,300.1,54.5,0.0,1.0,1.0
2026-01-01 15:05:00,31.9,68.4,345.6,54.5,0.0,1.0,1.0
2026-01-01 15:05:05,32.0,68.1,338.0,54.5,0.0,0.0,1.0
2026-01-01 15:05:10,32.0,67.5,339.5,54.5,0.0,0.0,1.0
2026-01-01 15:05:15,32.0,67.7,332.4,54.5,0.0,1.0,1.0
2026-01-01 15:05:20,31.9,68.1,345.8,54.5,0.0,1.0,1.0
2026-01-01 15:05:25,31.9,68.2,342.0,54.5,0.0,0.0,1.0
2026-01-01 15:05:30,31.9,67.8,374.0,54.5,0.0,0.0,1.0
2026-01-01 15:05:35,31.9,67.9,370.1,54.4,0.0,1.0,1.0
2026-01-01 15:05:40,31.8,68.2,345.5,54.4,0.0,1.0,1.0
2026-01-01 15:05:45,31.8,68.2,348.8,54.4,0.0,0.0,1.0
2026-01-01 15:05:50,31.9,68.3,344.8,54.4,0.0,0.0,1.0
2026-01-01 15:05:55,31.9,68.0,362.8,54.4,0.0,0.0,1.0
2026-01-01 15:06:00,31.9,68.1,327.6,54.4,0.0,1.0,1.0
2026-01-01 15:06:05,31.9,67.7,370.8,54.5,0.0,0.0,1.0
2026-01-01 15:06:10,31.9,68.0,333.0,54.4,0.0,1.0,1.0
2026-01-01 15:06:15,31.8,68.0,331.8,54.4,0.0,0.0,1.0
2026-01-01 15:06:20,31.9,68.3,361.2,54.4,0.0,1.0,1.0
2026-01-01 15:06:25,31.8,68.3,310.0,54.4,0.0,0.0,1.0
2026-01-01 15:06:30,31.8,68.0,337.1,54.4,0.0,0.0,1.0
2026-01-01 15:06:35,31.8,68.1,357.1,54.4,0.0,1.0,1.0
2026-01-01 15:06:40,31.9,67.6,360.1,54.4,0.0,0.0,1.0
2026-01-01 15:06:45,32.0,67.6,344.7,54.3,0.0,1.0,1.0
2026-01-01 15:06:50,31.9,68.0,375.2,54.3,0.0,1.0,1.0
2026-01-01 15:06:55,31.9,67.7,352.0,54.3,0.0,0.0,1.0
2026-01-01 15:07:00,31.8,68.0,323.2,54.3,0.0,1.0,1.0
2026-01-01 15:07:05,31.8,68.3,340.4,54.3,0.0,0.0,1.0
2026-01-01 15:07:10,31.9,68.0,357.3,54.3,0.0,0.0,1.0
2026-01-01 15:07:15,31.9,68.1,355.5,54.2,0.0,1.0,1.0
2026-01-01 15:07:20,32.0,67.7,340.8,54.1,0.0,0.0,1.0
2026-01-01 15:07:25,31.9,67.9,339.6,54.1,1.0,1.0,1.0
2026-01-01 15:07:30,31.9,68.6,342.4,54.2,1.0,1.0,1.0
2026-01-01 15:07:35,31.8,68.9,354.9,54.2,1.0,0.0,1.0
2026-01-01 15:07:40,32.0,68.4,352.0,54.3,0.0,0.0,1.0
2026-01-01 15:07:45,32.1,68.2,336.4,54.5,0.0,0.0,1.0
2026-01-01 15:07:50,32.1,67.5,311.1,54.7,0.0,0.0,1.0
2026-01-01 15:07:55,32.1,67.8,345.3,54.8,0.0,1.0,1.0
2026-01-01 15:08:00,32.1,67.9,352.3,54.8,0.0,1.0,1.0
2026-01-01 15:08:05,31.9,68.0,304.2,54.9,0.0,1.0,1.0
2026-01-01 15:08:10,31.9,68.2,340.7,54.8,0.0,1.0,1.0
2026-01-01 15:08:15,31.9,68.4,301.3,54.9,0.0,0.0,1.0
2026-01-01 15:08:20,31.9,67.8,304.2,54.9,0.0,0.0,1.0
2026-01-01 15:08:25,31.9,67.9,324.7,54.9,0.0,1.0,1.0
2026-01-01 15:08:30,31.8,68.0,324.4,55.0,0.0,1.0,1.0
2026-01-01 15:08:35,31.9,68.0,339.3,54.9,0.0,0.0,1.0
2026-01-01 15:08:40,31.9,68.5,331.5,54.9,0.0,1.0,1.0
2026-01-01 15:08:45,31.9,68.5,356.3,55.0,0.0,0.0,1.0
2026-01-01 15:08:50,31.9,68.2,328.8,55.0,0.0,0.0,1.0
2026-01-01 15:08:55,32.0,67.7,353.6,54.9,0.0,0.0,1.0
2026-01-01 15:09:00,32.0,67.5,339.3,54.8,0.0,1.0,1.0
2026-01-01 15:09:05,32.0,68.0,373.1,54.8,0.0,1.0,1.0
2026-01-01 15:09:10,32.0,68.2,342.3,54.9,0.0,0.0,1.0
2026-01-01 15:09:15,32.1,67.9,347.4,54.9,0.0,0.0,1.0
2026-01-01 15:09:20,32.1,68.1,356.0,54.9,0.0,1.0,1.0
2026-01-01 15:09:25,32.2,67.6,346.6,54.8,0.0,0.0,1.0
2026-01-01 15:09:30,32.1,67.8,342.2,54.8,0.0,1.0,1.0
2026-01-01 15:09:35,32.1,68.3,322.2,54.8,0.0,1.0,1.0
2026-01-01 15:09:40,32.1,68.4,359.4,54.8,0.0,0.0,1.0
2026-01-01 15:09:45,32.2,67.7,345.9,54.8,0.0,0.0,1.0
2026-01-01 15:09:50,32.2,67.9,357.8,54.8,0.0,1.0,1.0
2026-01-01 15:09:55,32.1,68.4,332.3,54.9,0.0,1.0,1.0
2026-01-01 15:10:00,32.0,68.4,322.9,54.8,0.0,0.0,1.0
2026-01-01 15:10:05,32.1,68.0,328.2,54.8,0.0,0.0,1.0
2026-01-01 15:10:10,32.1,67.6,356.1,54.8,0.0,0.0,1.0
2026-01-01 15:10:15,32.2,67.5,357.1,54.8,0.0,1.0,1.0
2026-01-01 15:10:20,32.0,67.9,356.5,54.8,0.0,1.0,1.0
2026-01-01 15:10:25,32.0,68.4,331.5,54.8,0.0,1.0,1.0
2026-01-01 15:10:30,32.0,68.7,356.3,54.8,0.0,0.0,1.0
2026-01-01 15:10:35,32.0,68.2,355.4,54.7,0.0,0.0,1.0
2026-01-01 15:10:40,32.0,67.7,360.5,54.7,0.0,0.0,1.0
2026-01-01 15:10:45,32.0,68.0,327.7,54.7,0.0,1.0,1.0
2026-01-01 15:10:50,31.9,68.2,312.2,54.7,0.0,1.0,1.0
2026-01-01 15:10:55,31.8,68.3,315.0,54.6,0.0,0.0,1.0
2026-01-01 15:11:00,31.8,68.3,326.5,54.6,0.0,0.0,1.0
2026-01-01 15:11:05,31.8,67.7,353.1,54.6,0.0,0.0,1.0
2026-01-01 15:11:10,31.8,67.6,343.9,54.6,0.0,1.0,1.0
2026-01-01 15:11:15,31.9,68.0,361.8,54.6,0.0,1.0,1.0
2026-01-01 15:11:20,31.9,68.5,319.9,54.7,0.0,1.0,1.0
2026-01-01 15:11:25,32.0,68.6,319.8,54.6,0.0,0.0,1.0
2026-01-01 15:11:30,31.9,68.3,314.0,54.6,0.0,0.0,1.0
2026-01-01 15:11:35,31.9,68.0,336.7,54.7,0.0,0.0,1.0
2026-01-01 15:11:40,31.9,67.5,343.3,54.6,0.0,0.0,1.0
2026-01-01 15:11:45,32.0,67.6,340.5,54.6,0.0,1.0,1.0
2026-01-01 15:11:50,32.1,68.0,327.8,54.6,0.0,1.0,1.0
2026-01-01 15:11:55,32.0,68.0,345.8,54.5,0.0,0.0,1.0
2026-01-01 15:12:00,32.0,68.1,352.2,54.6,0.0,0.0,1.0
2026-01-01 15:12:05,32.2,67.7,358.0,54.5,0.0,0.0,1.0
2026-01-01 15:12:10,32.0,68.1,337.5,54.6,0.0,1.0,1.0
2026-01-01 15:12:15,32.0,67.9,345.2,54.6,0.0,0.0,1.0
2026-01-01 15:12:20,32.0,68.2,346.8,54.4,0.0,1.0,1.0
2026-01-01 15:12:25,32.0,68.0,352.1,54.4,0.0,0.0,1.0
2026-01-01 15:12:30,31.9,68.4,351.8,54.4,0.0,1.0,1.0
2026-01-01 15:12:35,31.8,68.2,309.9,54.4,0.0,0.0,1.0
2026-01-01 15:12:40,31.7,68.0,332.1,54.4,0.0,0.0,1.0
2026-01-01 15:12:45,31.6,68.0,337.8,54.4,0.0,1.0,1.0
2026-01-01 15:12:50,31.7,68.2,334.2,54.4,0.0,1.0,1.0
2026-01-01 15:12:55,31.6,67.9,318.0,54.4,0.0,0.0,1.0
2026-01-01 15:13:00,31.6,68.3,345.5,54.4,0.0,1.0,1.0
2026-01-01 15:13:05,31.6,68.5,360.3,54.4,0.0,0.0,1.0
2026-01-01 15:13:10,31.8,68.2,332.2,54.4,0.0,0.0,1.0
2026-01-01 15:13:15,31.8,68.0,346.4,54.3,0.0,0.0,1.0
2026-01-01 15:13:20,31.8,67.7,341.8,54.3,0.0,0.0,1.0
2026-01-01 15:13:25,31.9,67.8,351.5,54.3,0.0,1.0,1.0
2026-01-01 15:13:30,31.9,67.9,334.1,54.3,0.0,1.0,1.0
2026-01-01 15:13:35,31.9,68.4,346.6,54.2,0.0,1.0,1.0
2026-01-01 15:13:40,31.7,68.6,314.3,54.2,0.0,0.0,1.0
2026-01-01 15:13:45,31.7,68.4,324.8,54.2,0.0,0.0,1.0
2026-01-01 15:13:50,31.6,67.8,347.1,54.3,0.0,0.0,1.0
2026-01-01 15:13:55,31.7,68.1,322.2,54.2,0.0,1.0,1.0
2026-01-01 15:14:00,31.6,68.0,340.9,54.2,0.0,0.0,1.0
2026-01-01 15:14:05,31.6,68.3,339.1,54.2,0.0,1.0,1.0
2026-01-01 15:14:10,31.5,68.2,314.8,54.2,0.0,0.0,1.0
2026-01-01 15:14:15,31.5,67.5,308.3,54.3,0.0,0.0,1.0
2026-01-01 15:14:20,31.4,67.4,323.2,54.2,0.0,1.0,1.0
2026-01-01 15:14:25,31.4,67.6,365.7,54.2,0.0,1.0,1.0
2026-01-01 15:14:30,31.4,68.1,332.1,54.2,0.0,1.0,1.0
2026-01-01 15:14:35,31.5,68.0,325.3,54.2,0.0,0.0,1.0
2026-01-01 15:14:40,31.5,68.5,329.1,54.2,0.0,1.0,1.0
2026-01-01 15:14:45,31.5,68.6,327.0,54.2,0.0,0.0,1.0
2026-01-01 15:14:50,31.5,68.2,332.9,54.1,1.0,0.0,1.0
2026-01-01 15:14:55,31.6,68.1,339.4,54.2,1.0,0.0,1.0
2026-01-01 15:15:00,31.6,67.6,349.6,54.2,1.0,0.0,1.0
2026-01-01 15:15:05,31.6,67.4,337.7,54.2,0.0,1.0,1.0
2026-01-01 15:15:10,31.7,67.5,338.2,54.4,0.0,1.0,1.0
2026-01-01 15:15:15,31.7,67.9,336.2,54.6,0.0,1.0,1.0
2026-01-01 15:15:20,31.7,68.3,322.0,54.7,0.0,1.0,1.0
2026-01-01 15:15:25,31.6,68.9,318.6,54.8,0.0,0.0,1.0
2026-01-01 15:15:30,31.7,68.6,304.3,54.8,0.0,0.0,1.0
2026-01-01 15:15:35,31.7,67.8,332.8,54.8,0.0,0.0,1.0
2026-01-01 15:15:40,31.7,68.1,325.2,54.8,0.0,1.0,1.0
2026-01-01 15:15:45,31.7,68.1,318.6,54.8,0.0,0.0,1.0
2026-01-01 15:15:50,31.7,67.6,317.2,54.8,0.0,0.0,1.0
2026-01-01 15:15:55,31.6,67.8,347.3,54.9,0.0,1.0,1.0
2026-01-01 15:16:00,31.7,68.4,299.4,54.9,0.0,1.0,1.0
2026-01-01 15:16:05,31.6,68.4,323.4,55.0,0.0,0.0,1.0
2026-01-01 15:16:10,31.6,68.0,321.5,55.0,0.0,0.0,1.0
2026-01-01 15:16:15,31.6,68.0,362.1,55.0,0.0,1.0,1.0
2026-01-01 15:16:20,31.7,68.2,323.4,54.9,0.0,1.0,1.0
2026-01-01 15:16:25,31.7,68.4,322.7,54.8,0.0,0.0,1.0
2026-01-01 15:16:30,31.8,68.0,360.0,54.9,0.0,0.0,1.0
2026-01-01 15:16:35,31.9,68.2,325.4,54.8,0.0,1.0,1.0
2026-01-01 15:16:40,31.9,67.9,302.4,54.8,0.0,0.0,1.0
2026-01-01 15:16:45,31.9,68.2,324.8,54.8,0.0,1.0,1.0
2026-01-01 15:16:50,31.9,68.1,331.2,54.8,0.0,0.0,1.0
2026-01-01 15:16:55,31.8,68.1,320.6,54.9,0.0,0.0,1.0
2026-01-01 15:17:00,31.9,67.7,345.6,54.8,0.0,0.0,1.0
2026-01-01 15:17:05,31.9,67.9,332.8,54.8,0.0,1.0,1.0
2026-01-01 15:17:10,31.8,68.3,334.4,54.8,0.0,1.0,1.0
2026-01-01 15:17:15,31.8,68.2,339.9,54.8,0.0,0.0,1.0
2026-01-01 15:17:20,31.7,67.8,354.2,54.8,0.0,0.0,1.0
2026-01-01 15:17:25,31.6,67.7,329.8,54.8,0.0,1.0,1.0
2026-01-01 15:17:30,31.7,68.1,320.2,54.8,0.0,1.0,1.0
2026-01-01 15:17:35,31.7,67.7,338.5,54.8,0.0,0.0,1.0
2026-01-01 15:17:40,31.6,67.9,342.3,54.7,0.0,1.0,1.0
2026-01-01 15:17:45,31.5,68.6,330.2,54.7,0.0,1.0,1.0
2026-01-01 15:17:50,31.5,68.8,350.4,54.7,0.0,0.0,1.0
2026-01-01 15:17:55,31.6,68.5,346.2,54.6,0.0,0.0,1.0
2026-01-01 15:18:00,31.7,68.2,331.3,54.6,0.0,0.0,1.0
2026-01-01 15:18:05,31.7,67.8,293.3,54.6,0.0,0.0,1.0
2026-01-01 15:18:10,31.7,67.7,325.2,54.6,0.0,1.0,1.0
2026-01-01 15:18:15,31.8,68.0,343.6,54.6,0.0,1.0,1.0
2026-01-01 15:18:20,31.8,67.4,330.6,54.7,0.0,0.0,1.0
2026-01-01 15:18:25,31.8,67.8,359.8,54.7,0.0,1.0,1.0
2026-01-01 15:18:30,31.8,68.1,339.2,54.7,0.0,1.0,1.0
2026-01-01 15:18:35,31.8,68.0,329.6,54.6,0.0,0.0,1.0
2026-01-01 15:18:40,31.8,68.6,359.6,54.6,0.0,1.0,1.0
2026-01-01 15:18:45,31.9,68.5,318.3,54.5,0.0,0.0,1.0
2026-01-01 15:18:50,31.9,68.3,333.9,54.5,0.0,0.0,1.0
2026-01-01 15:18:55,32.0,67.9,327.0,54.5,0.0,0.0,1.0
2026-01-01 15:19:00,32.0,67.9,347.4,54.6,0.0,1.0,1.0
2026-01-01 15:19:05,31.9,68.2,315.3,54.5,0.0,1.0,1.0
2026-01-01 15:19:10,31.9,68.2,322.2,54.5,0.0,0.0,1.0
2026-01-01 15:19:15,31.8,68.0,326.5,54.5,0.0,0.0,1.0
2026-01-01 15:19:20,31.8,68.0,340.0,54.4,0.0,1.0,1.0
2026-01-01 15:19:25,31.9,68.5,310.0,54.4,0.0,1.0,1.0
2026-01-01 15:19:30,31.9,68.3,338.6,54.4,0.0,0.0,1.0
2026-01-01 15:19:35,31.9,68.1,320.8,54.4,0.0,0.0,1.0
2026-01-01 15:19:40,31.9,67.5,337.6,54.4,0.0,0.0,1.0
2026-01-01 15:19:45,31.9,67.9,301.8,54.4,0.0,1.0,1.0
2026-01-01 15:19:50,31.7,68.2,329.8,54.4,0.0,1.0,1.0
2026-01-01 15:19:55,31.7,68.0,338.3,54.5,0.0,0.0,1.0
2026-01-01 15:20:00,31.8,67.6,346.1,54.4,0.0,0.0,1.0
2026-01-01 15:20:05,31.8,67.6,310.4,54.4,0.0,1.0,1.0
2026-01-01 15:20:10,31.8,68.0,329.2,54.4,0.0,1.0,1.0
2026-01-01 15:20:15,31.7,68.6,314.3,54.3,0.0,1.0,1.0
2026-01-01 15:20:20,31.7,68.5,350.5,54.3,0.0,0.0,1.0
2026-01-01 15:20:25,31.7,68.3,292.3,54.3,0.0,0.0,1.0
2026-01-01 15:20:30,31.7,68.2,315.3,54.3,0.0,0.0,1.0
2026-01-01 15:20:35,31.7,67.7,333.6,54.3,0.0,0.0,1.0
2026-01-01 15:20:40,31.7,67.4,290.8,54.2,0.0,1.0,1.0
2026-01-01 15:20:45,31.7,67.7,322.1,54.3,0.0,1.0,1.0
2026-01-01 15:20:50,31.8,68.3,331.1,54.3,0.0,1.0,1.0
2026-01-01 15:20:55,31.8,68.2,353.9,54.3,0.0,0.0,1.0
2026-01-01 15:21:00,31.9,68.1,331.1,54.2,0.0,0.0,1.0
2026-01-01 15:21:05,31.9,67.8,294.4,54.2,0.0,0.0,1.0
2026-01-01 15:21:10,31.9,68.3,340.6,54.2,0.0,1.0,1.0
2026-01-01 15:21:15,31.9,67.8,335.5,54.3,0.0,0.0,1.0
2026-01-01 15:21:20,31.9,68.3,356.7,54.2,0.0,1.0,1.0
2026-01-01 15:21:25,31.9,68.2,340.2,54.2,0.0,0.0,1.0
2026-01-01 15:21:30,32.0,67.7,332.6,54.3,0.0,0.0,1.0
2026-01-01 15:21:35,32.0,67.8,307.2,54.2,0.0,1.0,1.0
2026-01-01 15:21:40,32.0,68.2,320.3,54.2,0.0,1.0,1.0
2026-01-01 15:21:45,32.0,68.4,328.5,54.2,1.0,0.0,1.0
2026-01-01 15:21:50,32.0,68.0,289.7,54.2,1.0,0.0,1.0
2026-01-01 15:21:55,32.0,68.3,322.4,54.2,1.0,1.0,1.0
2026-01-01 15:22:00,32.0,68.0,321.6,54.3,0.0,0.0,1.0
2026-01-01 15:22:05,32.1,67.1,316.8,54.5,0.0,0.0,1.0
2026-01-01 15:22:10,32.0,67.2,336.9,54.6,0.0,1.0,1.0
2026-01-01 15:22:15,32.0,67.6,307.3,54.7,0.0,1.0,1.0
2026-01-01 15:22:20,31.9,68.0,334.8,54.8,0.0,1.0,1.0
2026-01-01 15:22:25,31.9,68.4,320.3,54.8,0.0,0.0,1.0
2026-01-01 15:22:30,32.0,68.2,336.7,54.9,0.0,0.0,1.0
2026-01-01 15:22:35,31.9,67.5,324.1,54.9,0.0,0.0,1.0
2026-01-01 15:22:40,31.9,67.5,340.8,54.9,0.0,1.0,1.0
2026-01-01 15:22:45,31.7,68.0,303.2,54.9,0.0,1.0,1.0
2026-01-01 15:22:50,31.7,67.9,303.5,54.9,0.0,0.0,1.0
2026-01-01 15:22:55,31.6,68.2,277.0,55.0,0.0,1.0,1.0
2026-01-01 15:23:00,31.7,67.9,349.3,55.0,0.0,0.0,1.0
2026-01-01 15:23:05,31.7,67.8,317.1,55.0,0.0,1.0,1.0
2026-01-01 15:23:10,31.7,68.5,320.0,55.0,0.0,1.0,1.0
2026-01-01 15:23:15,31.8,68.7,302.3,55.0,0.0,0.0,1.0
2026-01-01 15:23:20,31.8,68.4,329.0,55.0,0.0,0.0,1.0
2026-01-01 15:23:25,31.8,68.0,319.1,55.0,0.0,0.0,1.0
2026-01-01 15:23:30,31.7,68.4,313.1,55.0,0.0,1.0,1.0
2026-01-01 15:23:35,31.7,68.0,332.6,55.0,0.0,0.0,1.0
2026-01-01 15:23:40,31.7,67.6,321.6,55.0,0.0,0.0,1.0
2026-01-01 15:23:45,31.7,67.7,294.3,54.9,0.0,1.0,1.0
2026-01-01 15:23:50,31.7,68.3,334.0,54.9,0.0,1.0,1.0
2026-01-01 15:23:55,31.7,68.4,314.8,54.9,0.0,0.0,1.0
2026-01-01 15:24:00,31.7,68.2,302.5,54.9,0.0,0.0,1.0
2026-01-01 15:24:05,31.9,67.8,334.9,54.9,0.0,0.0,1.0
2026-01-01 15:24:10,31.9,68.0,341.3,54.9,0.0,1.0,1.0
2026-01-01 15:24:15,31.8,68.0,323.6,54.9,0.0,1.0,1.0
2026-01-01 15:24:20,31.8,68.5,318.7,54.8,0.0,1.0,1.0
2026-01-01 15:24:25,31.8,68.3,342.1,54.8,0.0,0.0,1.0
2026-01-01 15:24:30,31.8,68.2,304.7,54.7,0.0,0.0,1.0
2026-01-01 15:24:35,31.8,68.2,324.2,54.8,0.0,0.0,1.0
2026-01-01 15:24:40,31.8,67.9,311.0,54.7,0.0,0.0,1.0
2026-01-01 15:24:45,31.8,68.0,321.2,54.6,0.0,1.0,1.0
2026-01-01 15:24:50,31.8,67.4,310.0,54.7,0.0,0.0,1.0
2026-01-01 15:24:55,31.8,67.6,320.9,54.7,0.0,1.0,1.0
2026-01-01 15:25:00,31.8,68.0,330.4,54.7,0.0,1.0,1.0
2026-01-01 15:25:05,31.8,68.2,304.1,54.6,0.0,0.0,1.0
2026-01-01 15:25:10,31.7,68.1,296.4,54.6,0.0,0.0,1.0
2026-01-01 15:25:15,31.7,68.2,317.5,54.6,0.0,0.0,1.0
2026-01-01 15:25:20,31.7,67.9,290.0,54.6,0.0,0.0,1.0
2026-01-01 15:25:25,31.7,67.6,283.9,54.6,0.0,1.0,1.0
2026-01-01 15:25:30,31.7,67.8,306.0,54.7,0.0,1.0,1.0
2026-01-01 15:25:35,31.6,68.6,291.5,54.6,0.0,1.0,1.0
2026-01-01 15:25:40,31.6,68.8,317.7,54.6,0.0,0.0,1.0
2026-01-01 15:25:45,31.6,68.4,310.2,54.6,0.0,0.0,1.0
2026-01-01 15:25:50,31.6,68.0,302.5,54.6,0.0,0.0,1.0
2026-01-01 15:25:55,31.5,67.6,287.4,54.5,0.0,0.0,1.0
2026-01-01 15:26:00,31.6,67.6,288.5,54.5,0.0,1.0,1.0
2026-01-01 15:26:05,31.4,68.0,316.9,54.6,0.0,1.0,1.0
2026-01-01 15:26:10,31.4,68.5,295.0,54.5,0.0,1.0,1.0
2026-01-01 15:26:15,31.4,68.4,310.5,54.5,0.0,0.0,1.0
2026-01-01 15:26:20,31.5,67.9,304.1,54.5,0.0,0.0,1.0
2026-01-01 15:26:25,31.5,68.0,298.0,54.5,0.0,1.0,1.0
2026-01-01 15:26:30,31.5,68.2,335.3,54.4,0.0,1.0,1.0
2026-01-01 15:26:35,31.6,68.3,319.2,54.5,0.0,0.0,1.0
2026-01-01 15:26:40,31.7,68.0,295.4,54.5,0.0,0.0,1.0
2026-01-01 15:26:45,31.7,67.9,301.3,54.5,0.0,1.0,1.0
2026-01-01 15:26:50,31.7,68.2,283.4,54.5,0.0,1.0,1.0
2026-01-01 15:26:55,31.7,67.9,312.0,54.5,0.0,0.0,1.0
2026-01-01 15:27:00,31.7,68.4,317.6,54.6,0.0,1.0,1.0
2026-01-01 15:27:05,31.6,68.3,305.4,54.5,0.0,0.0,1.0
2026-01-01 15:27:10,31.7,68.0,322.6,54.5,0.0,0.0,1.0
2026-01-01 15:27:15,31.8,68.1,315.0,54.4,0.0,1.0,1.0
2026-01-01 15:27:20,31.9,67.8,322.1,54.4,0.0,0.0,1.0
2026-01-01 15:27:25,31.9,68.1,313.1,54.4,0.0,1.0,1.0
2026-01-01 15:27:30,31.9,67.8,296.0,54.4,0.0,0.0,1.0
2026-01-01 15:27:35,31.9,67.8,298.8,54.5,0.0,1.0,1.0
2026-01-01 15:27:40,32.0,68.2,300.6,54.4,0.0,1.0,1.0
2026-01-01 15:27:45,32.0,68.5,281.5,54.4,0.0,0.0,1.0
2026-01-01 15:27:50,32.0,68.2,338.9,54.4,0.0,0.0,1.0
2026-01-01 15:27:55,31.9,67.7,284.0,54.4,0.0,0.0,1.0
2026-01-01 15:28:00,31.8,67.7,300.7,54.4,0.0,1.0,1.0
2026-01-01 15:28:05,31.8,68.2,344.2,54.3,0.0,1.0,1.0
2026-01-01 15:28:10,31.7,67.9,303.1,54.4,0.0,0.0,1.0
2026-01-01 15:28:15,31.7,68.0,328.6,54.4,0.0,1.0,1.0
2026-01-01 15:28:20,31.7,67.7,316.1,54.3,0.0,0.0,1.0
2026-01-01 15:28:25,31.6,67.9,310.2,54.3,0.0,1.0,1.0
2026-01-01 15:28:30,31.6,68.3,293.0,54.3,0.0,1.0,1.0
2026-01-01 15:28:35,31.6,68.2,317.2,54.3,0.0,0.0,1.0
2026-01-01 15:28:40,31.7,68.1,281.8,54.3,0.0,0.0,1.0
2026-01-01 15:28:45,31.8,67.8,335.7,54.2,0.0,0.0,1.0
2026-01-01 15:28:50,31.6,67.9,301.4,54.3,0.0,1.0,1.0
2026-01-01 15:28:55,31.6,68.1,303.7,54.3,0.0,1.0,1.0
2026-01-01 15:29:00,31.7,68.1,318.0,54.3,0.0,0.0,1.0
2026-01-01 15:29:05,31.8,67.8,313.7,54.3,0.0,0.0,1.0
2026-01-01 15:29:10,31.8,68.0,276.6,54.3,0.0,1.0,1.0
2026-01-01 15:29:15,31.8,67.6,308.8,54.2,0.0,0.0,1.0
2026-01-01 15:29:20,31.8,67.4,307.9,54.2,1.0,1.0,1.0
2026-01-01 15:29:25,31.8,67.8,321.6,54.2,1.0,1.0,1.0
2026-01-01 15:29:30,31.6,68.4,322.0,54.3,1.0,1.0,1.0
2026-01-01 15:29:35,31.6,68.6,291.1,54.4,0.0,0.0,1.0
2026-01-01 15:29:40,31.5,68.4,306.7,54.5,0.0,0.0,1.0
2026-01-01 15:29:45,31.5,68.0,319.0,54.6,0.0,0.0,1.0
2026-01-01 15:29:50,31.6,68.1,285.7,54.7,0.0,1.0,1.0
2026-01-01 15:29:55,31.6,68.2,304.8,54.9,0.0,0.0,1.0
2026-01-01 15:30:00,31.6,68.0,304.8,54.9,0.0,0.0,1.0
2026-01-01 15:30:05,31.8,67.7,291.3,55.0,0.0,0.0,1.0
2026-01-01 15:30:10,31.7,67.8,318.8,54.9,0.0,1.0,1.0
2026-01-01 15:30:15,31.6,68.0,314.5,55.0,0.0,1.0,1.0
2026-01-01 15:30:20,31.7,68.2,309.2,54.9,0.0,0.0,1.0
2026-01-01 15:30:25,31.8,67.7,290.3,54.9,0.0,0.0,1.0
2026-01-01 15:30:30,31.8,67.7,299.7,55.0,0.0,1.0,1.0
2026-01-01 15:30:35,31.8,68.0,282.4,55.0,0.0,1.0,1.0
2026-01-01 15:30:40,31.8,67.9,300.2,55.0,0.0,0.0,1.0
2026-01-01 15:30:45,31.7,68.0,315.1,55.0,0.0,1.0,1.0
2026-01-01 15:30:50,31.8,67.9,306.3,55.1,0.0,0.0,1.0
2026-01-01 15:30:55,31.9,67.9,323.1,55.0,0.0,1.0,1.0
2026-01-01 15:31:00,31.9,68.3,318.4,55.0,0.0,1.0,1.0
2026-01-01 15:31:05,32.0,68.4,290.1,55.0,0.0,0.0,1.0
2026-01-01 15:31:10,32.0,67.8,289.6,55.1,0.0,0.0,1.0
2026-01-01 15:31:15,32.0,68.2,307.5,55.1,0.0,1.0,1.0
2026-01-01 15:31:20,32.0,68.2,319.9,55.0,0.0,0.0,1.0
2026-01-01 15:31:25,32.0,67.8,293.6,55.0,0.0,0.0,1.0
2026-01-01 15:31:30,32.0,67.5,310.6,54.9,0.0,1.0,1.0
2026-01-01 15:31:35,31.9,68.1,324.7,55.0,0.0,1.0,1.0
2026-01-01 15:31:40,31.7,68.2,282.4,54.9,0.0,0.0,1.0
2026-01-01 15:31:45,31.7,67.8,326.9,55.0,0.0,0.0,1.0
2026-01-01 15:31:50,31.6,68.0,285.7,55.0,0.0,1.0,1.0
2026-01-01 15:31:55,31.6,68.4,322.5,55.0,0.0,0.0,1.0
2026-01-01 15:32:00,31.7,68.1,339.3,55.0,0.0,0.0,1.0
2026-01-01 15:32:05,31.8,67.4,300.4,54.9,0.0,0.0,1.0
2026-01-01 15:32:10,31.6,67.8,285.4,54.9,0.0,1.0,1.0
2026-01-01 15:32:15,31.7,68.0,328.4,54.9,0.0,1.0,1.0
2026-01-01 15:32:20,31.6,68.4,313.0,54.9,0.0,1.0,1.0
2026-01-01 15:32:25,31.6,68.3,332.8,54.9,0.0,0.0,1.0
2026-01-01 15:32:30,31.7,67.8,293.7,54.8,0.0,0.0,1.0
2026-01-01 15:32:35,31.7,68.2,274.4,54.9,0.0,1.0,1.0
2026-01-01 15:32:40,31.7,68.2,322.0,54.9,0.0,0.0,1.0
2026-01-01 15:32:45,31.8,68.1,261.4,54.8,0.0,0.0,1.0
2026-01-01 15:32:50,31.8,67.5,308.9,54.8,0.0,0.0,1.0
2026-01-01 15:32:55,31.7,67.6,295.6,54.9,0.0,1.0,1.0
2026-01-01 15:33:00,31.5,67.9,289.5,54.9,0.0,1.0,1.0
2026-01-01 15:33:05,31.5,67.8,303.1,54.9,0.0,1.0,1.0
2026-01-01 15:33:10,31.5,68.1,283.1,54.8,0.0,1.0,1.0
2026-01-01 15:33:15,31.4,68.4,305.3,54.9,0.0,0.0,1.0
2026-01-01 15:33:20,31.6,68.2,272.4,54.9,0.0,0.0,1.0
2026-01-01 15:33:25,31.5,68.0,298.3,54.9,0.0,0.0,1.0
2026-01-01 15:33:30,31.6,67.9,311.0,54.8,0.0,0.0,1.0
2026-01-01 15:33:35,31.5,68.0,284.6,54.7,0.0,1.0,1.0
2026-01-01 15:33:40,31.5,68.0,344.5,54.6,0.0,1.0,1.0
2026-01-01 15:33:45,31.4,67.7,320.0,54.8,0.0,0.0,1.0
2026-01-01 15:33:50,31.4,67.9,300.8,54.8,0.0,1.0,1.0
2026-01-01 15:33:55,31.4,68.2,291.4,54.8,0.0,1.0,1.0
2026-01-01 15:34:00,31.4,68.5,309.1,54.8,0.0,0.0,1.0
2026-01-01 15:34:05,31.6,68.1,313.3,54.7,0.0,0.0,1.0
2026-01-01 15:34:10,31.6,67.7,307.4,54.8,0.0,0.0,1.0
2026-01-01 15:34:15,31.6,67.7,291.2,54.7,0.0,1.0,1.0
2026-01-01 15:34:20,31.6,68.0,296.9,54.7,0.0,1.0,1.0
2026-01-01 15:34:25,31.5,68.5,289.3,54.7,0.0,1.0,1.0
2026-01-01 15:34:30,31.5,68.2,301.5,54.7,0.0,0.0,1.0
2026-01-01 15:34:35,31.5,68.3,280.7,54.7,0.0,0.0,1.0
2026-01-01 15:34:40,31.6,68.1,308.3,54.7,0.0,0.0,1.0
2026-01-01 15:34:45,31.6,67.6,303.6,54.7,0.0,0.0,1.0
2026-01-01 15:34:50,31.7,67.8,297.5,54.7,0.0,1.0,1.0
2026-01-01 15:34:55,31.6,68.5,279.9,54.8,0.0,1.0,1.0
2026-01-01 15:35:00,31.6,68.4,273.2,54.7,0.0,0.0,1.0
2026-01-01 15:35:05,31.6,68.2,300.2,54.7,0.0,0.0,1.0
2026-01-01 15:35:10,31.6,67.7,285.9,54.6,0.0,0.0,1.0
2026-01-01 15:35:15,31.6,67.9,296.3,54.7,0.0,1.0,1.0
2026-01-01 15:35:20,31.6,68.7,294.8,54.7,0.0,1.0,1.0
2026-01-01 15:35:25,31.7,68.8,307.3,54.7,0.0,0.0,1.0
2026-01-01 15:35:30,31.7,68.7,295.4,54.6,0.0,0.0,1.0
2026-01-01 15:35:35,31.8,68.3,297.7,54.6,0.0,0.0,1.0
2026-01-01 15:35:40,31.8,67.5,308.2,54.6,0.0,0.0,1.0
2026-01-01 15:35:45,31.9,67.8,309.2,54.6,0.0,1.0,1.0
2026-01-01 15:35:50,31.8,68.1,284.0,54.6,0.0,1.0,1.0
2026-01-01 15:35:55,31.8,67.8,320.0,54.6,0.0,0.0,1.0
2026-01-01 15:36:00,31.7,68.2,308.6,54.6,0.0,1.0,1.0
2026-01-01 15:36:05,31.7,68.2,287.5,54.6,0.0,0.0,1.0
2026-01-01 15:36:10,31.7,68.1,304.5,54.6,0.0,0.0,1.0
2026-01-01 15:36:15,31.7,67.9,309.2,54.5,0.0,0.0,1.0
2026-01-01 15:36:20,31.6,67.8,301.1,54.5,0.0,1.0,1.0
2026-01-01 15:36:25,31.6,67.7,294.9,54.5,0.0,1.0,1.0
2026-01-01 15:36:30,31.5,68.2,287.6,54.5,0.0,1.0,1.0
2026-01-01 15:36:35,31.4,68.3,267.8,54.6,0.0,0.0,1.0
2026-01-01 15:36:40,31.4,68.2,314.8,54.6,0.0,0.0,1.0
2026-01-01 15:36:45,31.4,67.7,304.8,54.6,0.0,0.0,1.0
2026-01-01 15:36:50,31.5,67.7,282.6,54.5,0.0,1.0,1.0
2026-01-01 15:36:55,31.5,68.1,279.2,54.5,0.0,1.0,1.0
2026-01-01 15:37:00,31.6,68.4,300.9,54.4,0.0,0.0,1.0
2026-01-01 15:37:05,31.6,68.2,292.9,54.4,0.0,0.0,1.0
2026-01-01 15:37:10,31.6,67.8,268.7,54.4,0.0,0.0,1.0
2026-01-01 15:37:15,31.7,67.9,308.2,54.4,0.0,1.0,1.0
2026-01-01 15:37:20,31.6,68.2,284.1,54.4,0.0,1.0,1.0
2026-01-01 15:37:25,31.6,68.1,289.4,54.3,0.0,0.0,1.0
2026-01-01 15:37:30,31.7,68.0,306.0,54.4,0.0,0.0,1.0
2026-01-01 15:37:35,31.6,67.9,271.2,54.4,0.0,0.0,1.0
2026-01-01 15:37:40,31.7,67.7,292.9,54.4,0.0,1.0,1.0
2026-01-01 15:37:45,31.8,68.3,308.0,54.4,0.0,1.0,1.0
2026-01-01 15:37:50,31.7,68.6,266.1,54.4,0.0,0.0,1.0
2026-01-01 15:37:55,31.6,68.4,302.6,54.4,0.0,0.0,1.0
2026-01-01 15:38:00,31.7,68.4,276.3,54.3,0.0,0.0,1.0
2026-01-01 15:38:05,31.8,67.7,269.8,54.3,0.0,0.0,1.0
2026-01-01 15:38:10,31.6,67.4,293.8,54.3,0.0,1.0,1.0
2026-01-01 15:38:15,31.6,67.9,303.1,54.4,0.0,1.0,1.0
2026-01-01 15:38:20,31.5,68.7,279.9,54.3,0.0,1.0,1.0
2026-01-01 15:38:25,31.5,69.1,298.7,54.3,0.0,0.0,1.0
2026-01-01 15:38:30,31.6,69.1,303.3,54.3,0.0,0.0,1.0
2026-01-01 15:38:35,31.7,68.9,295.7,54.3,0.0,0.0,1.0
2026-01-01 15:38:40,31.7,68.4,290.0,54.3,0.0,0.0,1.0
2026-01-01 15:38:45,31.8,67.9,267.4,54.3,0.0,0.0,1.0
2026-01-01 15:38:50,31.7,67.8,261.1,54.3,0.0,1.0,1.0
2026-01-01 15:38:55,31.7,68.1,286.2,54.2,0.0,1.0,1.0
2026-01-01 15:39:00,31.7,68.0,276.1,54.3,0.0,0.0,1.0
2026-01-01 15:39:05,31.8,68.6,286.8,54.3,0.0,1.0,1.0
2026-01-01 15:39:10,31.8,68.6,292.9,54.3,0.0,0.0,1.0
2026-01-01 15:39:15,31.7,68.5,257.2,54.2,0.0,0.0,1.0
2026-01-01 15:39:20,31.7,68.2,300.6,54.1,0.0,0.0,1.0
2026-01-01 15:39:25,31.7,67.6,298.6,54.2,1.0,0.0,1.0
2026-01-01 15:39:30,31.7,67.7,264.8,54.2,1.0,1.0,1.0
2026-01-01 15:39:35,31.8,68.1,268.8,54.3,1.0,1.0,1.0
2026-01-01 15:39:40,31.8,67.8,306.9,54.5,0.0,0.0,1.0
2026-01-01 15:39:45,31.8,68.1,295.9,54.5,0.0,1.0,1.0
2026-01-01 15:39:50,31.7,67.7,303.4,54.7,0.0,0.0,1.0
2026-01-01 15:39:55,31.7,67.8,321.5,54.8,0.0,1.0,1.0
2026-01-01 15:40:00,31.8,68.5,312.0,54.9,0.0,1.0,1.0
2026-01-01 15:40:05,31.7,68.8,290.7,54.9,0.0,0.0,1.0
2026-01-01 15:40:10,31.8,68.7,294.3,54.9,0.0,0.0,1.0
2026-01-01 15:40:15,31.9,68.1,268.5,55.0,0.0,0.0,1.0
2026-01-01 15:40:20,31.9,68.0,293.0,55.0,0.0,0.0,1.0
2026-01-01 15:40:25,32.0,67.3,302.3,55.0,0.0,0.0,1.0
2026-01-01 15:40:30,31.9,67.5,289.0,55.0,0.0,1.0,1.0
2026-01-01 15:40:35,31.9,67.6,311.7,54.9,0.0,1.0,1.0
2026-01-01 15:40:40,31.9,68.0,276.8,55.0,0.0,1.0,1.0
2026-01-01 15:40:45,31.8,67.8,265.6,55.0,0.0,0.0,1.0
2026-01-01 15:40:50,31.7,68.4,316.4,55.0,0.0,1.0,1.0
2026-01-01 15:40:55,31.7,68.3,277.1,55.0,0.0,0.0,1.0
2026-01-01 15:41:00,31.6,68.1,301.3,54.9,0.0,0.0,1.0
2026-01-01 15:41:05,31.6,67.7,279.0,54.9,0.0,0.0,1.0
2026-01-01 15:41:10,31.6,67.9,304.0,54.8,0.0,1.0,1.0
2026-01-01 15:41:15,31.6,68.1,313.7,54.9,0.0,1.0,1.0
2026-01-01 15:41:20,31.6,68.2,294.2,54.9,0.0,0.0,1.0
2026-01-01 15:41:25,31.6,68.0,287.9,55.0,0.0,0.0,1.0
2026-01-01 15:41:30,31.6,68.1,303.7,54.9,0.0,1.0,1.0
2026-01-01 15:41:35,31.6,68.1,290.1,54.9,0.0,0.0,1.0
2026-01-01 15:41:40,31.7,68.1,322.7,54.9,0.0,0.0,1.0
2026-01-01 15:41:45,31.8,67.8,280.1,54.8,0.0,0.0,1.0
2026-01-01 15:41:50,31.8,67.9,280.5,54.8,0.0,1.0,1.0
2026-01-01 15:41:55,31.8,68.2,260.3,54.8,0.0,1.0,1.0
2026-01-01 15:42:00,31.8,68.4,279.7,54.8,0.0,0.0,1.0
2026-01-01 15:42:05,31.8,68.1,275.9,54.7,0.0,0.0,1.0
2026-01-01 15:42:10,31.8,67.7,298.9,54.8,0.0,0.0,1.0
2026-01-01 15:42:15,31.7,67.7,287.6,54.7,0.0,1.0,1.0
2026-01-01 15:42:20,31.7,68.0,266.9,54.8,0.0,1.0,1.0
2026-01-01 15:42:25,31.7,68.6,302.8,54.8,0.0,1.0,1.0
2026-01-01 15:42:30,31.8,68.8,319.9,54.8,0.0,0.0,1.0
2026-01-01 15:42:35,31.8,68.8,288.2,54.8,0.0,0.0,1.0
2026-01-01 15:42:40,31.9,68.8,278.4,54.8,0.0,0.0,1.0
2026-01-01 15:42:45,32.0,68.1,310.7,54.8,0.0,0.0,1.0
2026-01-01 15:42:50,31.9,67.5,273.3,54.8,0.0,0.0,1.0
2026-01-01 15:42:55,31.9,67.1,280.2,54.8,0.0,1.0,1.0
2026-01-01 15:43:00,31.9,67.3,296.0,54.8,0.0,1.0,1.0
2026-01-01 15:43:05,31.8,67.6,275.6,54.7,0.0,1.0,1.0
2026-01-01 15:43:10,31.7,68.1,288.4,54.8,0.0,1.0,1.0
2026-01-01 15:43:15,31.6,68.5,294.4,54.7,0.0,0.0,1.0
2026-01-01 15:43:20,31.6,68.2,271.2,54.7,0.0,0.0,1.0
2026-01-01 15:43:25,31.7,67.7,267.8,54.6,0.0,0.0,1.0
2026-01-01 15:43:30,31.7,67.9,266.9,54.7,0.0,1.0,1.0
2026-01-01 15:43:35,31.6,68.5,293.3,54.7,0.0,1.0,1.0
2026-01-01 15:43:40,31.6,68.2,275.6,54.6,0.0,0.0,1.0
2026-01-01 15:43:45,31.6,68.1,282.5,54.7,0.0,0.0,1.0
2026-01-01 15:43:50,31.6,67.9,264.0,54.6,0.0,0.0,1.0
2026-01-01 15:43:55,31.7,67.6,316.8,54.6,0.0,1.0,1.0
2026-01-01 15:44:00,31.7,68.0,285.7,54.6,0.0,1.0,1.0
2026-01-01 15:44:05,31.6,68.4,284.5,54.6,0.0,1.0,1.0
2026-01-01 15:44:10,31.6,68.6,298.1,54.6,0.0,0.0,1.0
2026-01-01 15:44:15,31.6,68.4,272.3,54.7,0.0,0.0,1.0
2026-01-01 15:44:20,31.6,67.9,274.4,54.6,0.0,0.0,1.0
2026-01-01 15:44:25,31.5,67.8,290.0,54.6,0.0,1.0,1.0
2026-01-01 15:44:30,31.5,68.3,295.1,54.6,0.0,1.0,1.0
2026-01-01 15:44:35,31.6,68.2,282.1,54.6,0.0,0.0,1.0
2026-01-01 15:44:40,31.5,68.0,260.9,54.6,0.0,0.0,1.0
2026-01-01 15:44:45,31.5,67.8,280.9,54.5,0.0,0.0,1.0
2026-01-01 15:44:50,31.5,68.0,270.4,54.5,0.0,1.0,1.0
2026-01-01 15:44:55,31.5,68.4,293.7,54.6,0.0,1.0,1.0
2026-01-01 15:45:00,31.5,68.2,283.4,54.5,0.0,0.0,1.0
2026-01-01 15:45:05,31.5,67.7,259.4,54.5,0.0,0.0,1.0
2026-01-01 15:45:10,31.5,67.9,320.0,54.5,0.0,1.0,1.0
2026-01-01 15:45:15,31.4,68.1,276.9,54.5,0.0,1.0,1.0
2026-01-01 15:45:20,31.4,67.9,257.0,54.5,0.0,0.0,1.0
2026-01-01 15:45:25,31.5,68.2,294.4,54.5,0.0,1.0,1.0
2026-01-01 15:45:30,31.5,68.0,295.2,54.5,0.0,0.0,1.0
2026-01-01 15:45:35,31.5,68.0,310.4,54.5,0.0,0.0,1.0
2026-01-01 15:45:40,31.5,67.8,309.2,54.5,0.0,1.0,1.0
2026-01-01 15:45:45,31.4,68.2,293.8,54.6,0.0,1.0,1.0
2026-01-01 15:45:50,31.5,68.1,290.4,54.6,0.0,0.0,1.0
2026-01-01 15:45:55,31.6,67.9,255.2,54.6,0.0,0.0,1.0
2026-01-01 15:46:00,31.5,67.9,285.5,54.5,0.0,1.0,1.0
2026-01-01 15:46:05,31.5,68.1,285.5,54.5,0.0,1.0,1.0
2026-01-01 15:46:10,31.5,68.1,276.3,54.5,0.0,0.0,1.0
2026-01-01 15:46:15,31.5,68.3,280.2,54.5,0.0,0.0,1.0
2026-01-01 15:46:20,31.4,68.3,266.1,54.5,0.0,0.0,1.0
2026-01-01 15:46:25,31.5,68.1,250.8,54.5,0.0,0.0,1.0
2026-01-01 15:46:30,31.5,67.7,269.8,54.5,0.0,0.0,1.0
2026-01-01 15:46:35,31.4,68.0,257.6,54.4,0.0,1.0,1.0
2026-01-01 15:46:40,31.3,68.0,261.2,54.4,0.0,0.0,1.0
2026-01-01 15:46:45,31.2,68.2,273.2,54.4,0.0,1.0,1.0
2026-01-01 15:46:50,31.4,68.4,283.8,54.4,0.0,0.0,1.0
2026-01-01 15:46:55,31.4,68.0,263.8,54.4,0.0,0.0,1.0
2026-01-01 15:47:00,31.3,68.1,284.2,54.4,0.0,1.0,1.0
2026-01-01 15:47:05,31.2,68.1,244.4,54.4,0.0,0.0,1.0
2026-01-01 15:47:10,31.3,68.3,256.8,54.5,0.0,0.0,1.0
2026-01-01 15:47:15,31.3,67.8,293.9,54.5,0.0,0.0,1.0
2026-01-01 15:47:20,31.2,67.9,284.3,54.4,0.0,1.0,1.0
2026-01-01 15:47:25,31.2,68.7,276.1,54.4,0.0,1.0,1.0
2026-01-01 15:47:30,31.3,68.8,250.6,54.4,0.0,0.0,1.0
2026-01-01 15:47:35,31.2,68.3,260.2,54.4,0.0,0.0,1.0
2026-01-01 15:47:40,31.2,67.7,267.1,54.4,0.0,0.0,1.0
2026-01-01 15:47:45,31.2,67.7,306.0,54.4,0.0,1.0,1.0
2026-01-01 15:47:50,31.2,68.2,268.9,54.4,0.0,1.0,1.0
2026-01-01 15:47:55,31.2,68.2,241.7,54.3,0.0,0.0,1.0
2026-01-01 15:48:00,31.2,68.0,262.8,54.3,0.0,0.0,1.0
2026-01-01 15:48:05,31.1,68.3,256.2,54.3,0.0,1.0,1.0
2026-01-01 15:48:10,31.2,68.0,290.0,54.3,0.0,0.0,1.0
2026-01-01 15:48:15,31.3,67.8,282.2,54.4,0.0,0.0,1.0
2026-01-01 15:48:20,31.3,67.6,276.2,54.3,0.0,1.0,1.0
2026-01-01 15:48:25,31.3,67.9,246.7,54.3,0.0,1.0,1.0
2026-01-01 15:48:30,31.2,68.3,268.3,54.3,0.0,1.0,1.0
2026-01-01 15:48:35,31.2,68.2,249.8,54.3,0.0,0.0,1.0
2026-01-01 15:48:40,31.2,68.0,277.4,54.2,0.0,0.0,1.0
2026-01-01 15:48:45,31.2,67.5,263.5,54.2,0.0,0.0,1.0
2026-01-01 15:48:50,31.2,68.0,280.6,54.2,1.0,1.0,1.0
2026-01-01 15:48:55,31.2,68.0,272.2,54.2,1.0,1.0,1.0
2026-01-01 15:49:00,31.3,68.4,288.2,54.3,1.0,0.0,1.0
2026-01-01 15:49:05,31.4,68.1,270.0,54.4,0.0,0.0,1.0
2026-01-01 15:49:10,31.5,67.9,265.6,54.6,0.0,0.0,1.0
2026-01-01 15:49:15,31.4,67.9,267.6,54.7,0.0,1.0,1.0
2026-01-01 15:49:20,31.3,68.4,266.0,54.9,0.0,1.0,1.0
2026-01-01 15:49:25,31.2,68.3,243.9,55.0,0.0,0.0,1.0
2026-01-01 15:49:30,31.4,68.0,282.0,54.9,0.0,0.0,1.0
2026-01-01 15:49:35,31.4,67.8,272.4,55.0,0.0,0.0,1.0
2026-01-01 15:49:40,31.4,68.1,280.2,55.1,0.0,1.0,1.0
2026-01-01 15:49:45,31.4,67.9,275.7,55.1,0.0,0.0,1.0
2026-01-01 15:49:50,31.5,68.0,301.8,55.0,0.0,1.0,1.0
2026-01-01 15:49:55,31.4,68.7,262.5,55.0,0.0,1.0,1.0
2026-01-01 15:50:00,31.4,69.0,297.7,55.0,0.0,0.0,1.0
2026-01-01 15:50:05,31.5,68.8,304.1,55.1,0.0,0.0,1.0
2026-01-01 15:50:10,31.6,68.1,279.8,55.2,0.0,0.0,1.0
2026-01-01 15:50:15,31.6,67.9,266.6,55.1,0.0,0.0,1.0
2026-01-01 15:50:20,31.6,68.2,274.2,55.0,0.0,1.0,1.0
2026-01-01 15:50:25,31.5,68.0,274.6,55.1,0.0,0.0,1.0
2026-01-01 15:50:30,31.5,67.8,291.8,55.0,0.0,0.0,1.0
2026-01-01 15:50:35,31.5,67.9,246.9,55.0,0.0,1.0,1.0
2026-01-01 15:50:40,31.5,68.4,262.3,55.0,0.0,1.0,1.0
2026-01-01 15:50:45,31.5,68.0,278.1,55.0,0.0,0.0,1.0
2026-01-01 15:50:50,31.5,67.9,276.5,55.0,0.0,0.0,1.0
2026-01-01 15:50:55,31.6,67.5,287.6,55.0,0.0,1.0,1.0
2026-01-01 15:51:00,31.5,67.8,275.8,55.0,0.0,1.0,1.0
2026-01-01 15:51:05,31.5,68.0,300.8,55.0,0.0,1.0,1.0
2026-01-01 15:51:10,31.4,68.3,249.1,54.9,0.0,0.0,1.0
2026-01-01 15:51:15,31.3,68.4,273.5,54.9,0.0,0.0,1.0
2026-01-01 15:51:20,31.3,68.5,254.7,54.9,0.0,0.0,1.0
2026-01-01 15:51:25,31.3,68.1,290.8,54.9,0.0,0.0,1.0
2026-01-01 15:51:30,31.3,67.9,257.2,54.9,0.0,0.0,1.0
2026-01-01 15:51:35,31.2,68.1,287.1,54.9,0.0,1.0,1.0
2026-01-01 15:51:40,31.3,68.1,284.9,54.8,0.0,0.0,1.0
2026-01-01 15:51:45,31.3,67.8,253.2,54.8,0.0,0.0,1.0
2026-01-01 15:51:50,31.2,68.1,257.2,54.8,0.0,1.0,1.0
2026-01-01 15:51:55,31.3,67.8,259.6,54.8,0.0,0.0,1.0
2026-01-01 15:52:00,31.4,68.2,266.9,54.7,0.0,1.0,1.0
2026-01-01 15:52:05,31.4,68.1,263.9,54.8,0.0,0.0,1.0
2026-01-01 15:52:10,31.5,67.9,273.6,54.8,0.0,0.0,1.0
2026-01-01 15:52:15,31.5,67.9,279.2,54.8,0.0,1.0,1.0
2026-01-01 15:52:20,31.4,68.1,289.3,54.9,0.0,1.0,1.0
2026-01-01 15:52:25,31.4,68.0,266.3,54.8,0.0,0.0,1.0
2026-01-01 15:52:30,31.5,68.0,271.9,54.8,0.0,0.0,1.0
2026-01-01 15:52:35,31.6,67.6,255.7,54.8,0.0,0.0,1.0
2026-01-01 15:52:40,31.6,67.9,300.3,54.8,0.0,1.0,1.0
2026-01-01 15:52:45,31.6,68.1,298.4,54.8,0.0,1.0,1.0
2026-01-01 15:52:50,31.5,68.5,269.9,54.7,0.0,0.0,1.0
2026-01-01 15:52:55,31.6,68.5,269.7,54.7,0.0,0.0,1.0
2026-01-01 15:53:00,31.7,68.0,296.5,54.7,0.0,0.0,1.0
2026-01-01 15:53:05,31.7,68.1,265.9,54.7,0.0,1.0,1.0
2026-01-01 15:53:10,31.6,68.1,291.2,54.7,0.0,0.0,1.0
2026-01-01 15:53:15,31.7,67.6,271.4,54.7,0.0,0.0,1.0
2026-01-01 15:53:20,31.6,68.0,259.8,54.6,0.0,1.0,1.0
2026-01-01 15:53:25,31.5,68.1,272.6,54.7,0.0,1.0,1.0
2026-01-01 15:53:30,31.4,67.9,254.3,54.7,0.0,0.0,1.0
2026-01-01 15:53:35,31.3,68.4,261.5,54.6,0.0,1.0,1.0
2026-01-01 15:53:40,31.4,68.5,267.1,54.5,0.0,0.0,1.0
2026-01-01 15:53:45,31.3,68.5,277.1,54.5,0.0,0.0,1.0
2026-01-01 15:53:50,31.3,68.2,273.8,54.6,0.0,0.0,1.0
2026-01-01 15:53:55,31.3,68.1,270.4,54.6,0.0,0.0,1.0
2026-01-01 15:54:00,31.3,67.8,278.3,54.5,0.0,0.0,1.0
2026-01-01 15:54:05,31.2,67.9,239.3,54.5,0.0,1.0,1.0
2026-01-01 15:54:10,31.2,67.9,261.2,54.4,0.0,1.0,1.0
2026-01-01 15:54:15,31.2,68.3,254.8,54.4,0.0,1.0,1.0
2026-01-01 15:54:20,31.2,68.4,285.5,54.5,0.0,0.0,1.0
2026-01-01 15:54:25,31.2,68.0,251.7,54.6,0.0,0.0,1.0
2026-01-01 15:54:30,31.2,68.1,276.0,54.5,0.0,1.0,1.0
2026-01-01 15:54:35,31.2,67.7,240.1,54.5,0.0,0.0,1.0
2026-01-01 15:54:40,31.3,68.1,252.9,54.5,0.0,1.0,1.0
2026-01-01 15:54:45,31.3,68.0,246.9,54.4,0.0,0.0,1.0
2026-01-01 15:54:50,31.2,67.8,233.2,54.4,0.0,0.0,1.0
2026-01-01 15:54:55,31.2,67.9,259.6,54.5,0.0,1.0,1.0
2026-01-01 15:55:00,31.1,68.5,272.5,54.5,0.0,1.0,1.0
2026-01-01 15:55:05,31.2,68.4,251.3,54.5,0.0,0.0,1.0
2026-01-01 15:55:10,31.2,68.5,276.8,54.5,0.0,0.0,1.0
2026-01-01 15:55:15,31.2,68.4,266.8,54.4,0.0,0.0,1.0
2026-01-01 15:55:20,31.2,67.9,278.1,54.4,0.0,0.0,1.0
2026-01-01 15:55:25,31.3,68.0,242.5,54.4,0.0,1.0,1.0
2026-01-01 15:55:30,31.2,68.0,241.2,54.5,0.0,1.0,1.0
2026-01-01 15:55:35,31.3,68.1,263.7,54.4,0.0,0.0,1.0
2026-01-01 15:55:40,31.3,67.8,265.9,54.4,0.0,0.0,1.0
2026-01-01 15:55:45,31.4,68.0,255.2,54.3,0.0,1.0,1.0
2026-01-01 15:55:50,31.3,68.0,285.0,54.4,0.0,0.0,1.0
2026-01-01 15:55:55,31.3,68.6,268.8,54.4,0.0,1.0,1.0
2026-01-01 15:56:00,31.2,68.5,261.1,54.4,0.0,0.0,1.0
2026-01-01 15:56:05,31.2,68.1,273.9,54.4,0.0,0.0,1.0
2026-01-01 15:56:10,31.2,67.7,277.0,54.4,0.0,0.0,1.0
2026-01-01 15:56:15,31.2,67.6,255.0,54.4,0.0,1.0,1.0
2026-01-01 15:56:20,31.2,67.8,253.1,54.4,0.0,1.0,1.0
2026-01-01 15:56:25,31.2,68.2,251.5,54.4,0.0,1.0,1.0
2026-01-01 15:56:30,31.3,68.3,271.8,54.4,0.0,0.0,1.0
2026-01-01 15:56:35,31.2,68.0,268.9,54.4,0.0,0.0,1.0
2026-01-01 15:56:40,31.2,68.0,267.4,54.4,0.0,0.0,1.0
2026-01-01 15:56:45,31.3,67.7,285.0,54.3,0.0,0.0,1.0
2026-01-01 15:56:50,31.2,67.9,263.8,54.3,0.0,1.0,1.0
2026-01-01 15:56:55,31.2,68.3,222.4,54.3,0.0,1.0,1.0
2026-01-01 15:57:00,31.2,68.3,257.3,54.3,0.0,0.0,1.0
2026-01-01 15:57:05,31.3,68.1,254.1,54.3,0.0,0.0,1.0
2026-01-01 15:57:10,31.3,67.7,268.9,54.2,0.0,0.0,1.0
2026-01-01 15:57:15,31.3,67.8,277.8,54.3,0.0,1.0,1.0
2026-01-01 15:57:20,31.2,68.2,251.0,54.3,0.0,1.0,1.0
2026-01-01 15:57:25,31.2,68.3,245.9,54.2,0.0,0.0,1.0
2026-01-01 15:57:30,31.1,67.9,263.0,54.2,0.0,0.0,1.0
2026-01-01 15:57:35,31.1,67.9,258.9,54.2,0.0,1.0,1.0
2026-01-01 15:57:40,31.1,68.6,261.5,54.2,0.0,1.0,1.0
2026-01-01 15:57:45,31.1,68.9,263.0,54.2,0.0,0.0,1.0
2026-01-01 15:57:50,31.1,68.6,254.0,54.2,0.0,0.0,1.0
2026-01-01 15:57:55,31.1,68.0,273.9,54.2,0.0,0.0,1.0
2026-01-01 15:58:00,31.3,67.4,244.0,54.2,1.0,0.0,1.0
2026-01-01 15:58:05,31.2,67.3,260.5,54.2,1.0,1.0,1.0
2026-01-01 15:58:10,31.1,67.6,264.8,54.3,1.0,1.0,1.0
2026-01-01 15:58:15,31.1,68.1,228.8,54.3,0.0,1.0,1.0
2026-01-01 15:58:20,31.1,68.4,254.4,54.4,0.0,0.0,1.0
2026-01-01 15:58:25,31.0,68.2,243.5,54.5,0.0,0.0,1.0
2026-01-01 15:58:30,31.0,67.9,295.4,54.6,0.0,0.0,1.0
2026-01-01 15:58:35,31.0,67.3,232.8,54.8,0.0,0.0,1.0
2026-01-01 15:58:40,31.0,66.6,249.8,54.8,0.0,0.0,1.0
2026-01-01 15:58:45,31.0,66.0,243.5,54.9,0.0,0.0,1.0
2026-01-01 15:58:50,31.1,66.2,235.5,54.9,0.0,1.0,1.0
2026-01-01 15:58:55,31.1,66.8,238.0,54.9,0.0,1.0,1.0
2026-01-01 15:59:00,31.0,67.6,274.0,55.0,0.0,1.0,1.0
2026-01-01 15:59:05,30.8,68.0,236.8,54.9,0.0,0.0,1.0
2026-01-01 15:59:10,31.0,67.7,266.2,55.0,0.0,0.0,1.0
2026-01-01 15:59:15,31.0,67.2,267.0,54.9,0.0,0.0,1.0
2026-01-01 15:59:20,31.0,67.2,246.4,54.9,0.0,1.0,1.0
2026-01-01 15:59:25,31.0,67.6,263.6,54.9,0.0,1.0,1.0
2026-01-01 15:59:30,31.0,68.3,260.3,54.9,0.0,1.0,1.0
2026-01-01 15:59:35,31.1,68.5,246.1,54.9,0.0,0.0,1.0
2026-01-01 15:59:40,31.2,68.4,248.2,54.9,0.0,0.0,1.0
2026-01-01 15:59:45,31.3,68.3,282.4,54.8,0.0,0.0,1.0
2026-01-01 15:59:50,31.3,67.5,252.9,54.8,0.0,0.0,1.0
2026-01-01 15:59:55,31.3,67.4,260.6,54.9,0.0,1.0,1.0
2026-01-01 16:00:00,31.3,67.8,249.2,54.9,0.0,1.0,1.0
2026-01-01 16:00:05,31.3,67.4,260.9,54.8,0.0,0.0,1.0
2026-01-01 16:00:10,31.3,67.1,220.5,54.9,0.0,0.0,1.0
2026-01-01 16:00:15,31.3,66.8,265.9,54.8,0.0,0.0,1.0
2026-01-01 16:00:20,31.3,66.7,269.5,54.8,0.0,0.0,1.0
2026-01-01 16:00:25,31.4,66.4,266.3,54.8,0.0,0.0,1.0
2026-01-01 16:00:30,31.4,65.8,265.8,54.9,0.0,0.0,1.0
2026-01-01 16:00:35,31.3,65.8,268.7,54.8,0.0,0.0,1.0
2026-01-01 16:00:40,31.3,65.4,266.8,54.8,0.0,0.0,1.0
2026-01-01 16:00:45,31.3,64.8,259.3,54.9,0.0,0.0,1.0
2026-01-01 16:00:50,31.3,64.6,298.0,54.9,0.0,0.0,1.0
2026-01-01 16:00:55,31.4,64.0,265.2,54.8,0.0,0.0,1.0
2026-01-01 16:01:00,31.3,63.6,223.6,54.8,0.0,0.0,1.0
2026-01-01 16:01:05,31.3,63.7,257.6,54.8,0.0,0.0,1.0
2026-01-01 16:01:10,31.4,63.6,270.8,54.8,0.0,0.0,1.0
2026-01-01 16:01:15,31.4,63.0,246.4,54.8,0.0,0.0,1.0
2026-01-01 16:01:20,31.4,62.9,256.5,54.8,0.0,0.0,1.0
2026-01-01 16:01:25,31.5,62.4,255.2,54.8,0.0,0.0,1.0
2026-01-01 16:01:30,31.4,62.7,253.6,54.9,0.0,0.0,1.0
2026-01-01 16:01:35,31.4,62.9,234.6,54.8,0.0,0.0,1.0
2026-01-01 16:01:40,31.5,62.5,251.3,54.8,0.0,0.0,1.0
2026-01-01 16:01:45,31.5,62.6,261.5,54.7,0.0,0.0,1.0
2026-01-01 16:01:50,31.5,62.6,258.4,54.7,0.0,0.0,1.0
2026-01-01 16:01:55,31.5,62.4,248.6,54.8,0.0,0.0,1.0
2026-01-01 16:02:00,31.5,62.4,262.0,54.7,0.0,0.0,1.0
2026-01-01 16:02:05,31.4,62.5,242.1,54.7,0.0,0.0,1.0
2026-01-01 16:02:10,31.5,62.9,247.0,54.8,0.0,0.0,1.0
2026-01-01 16:02:15,31.5,62.8,275.1,54.8,0.0,0.0,1.0
2026-01-01 16:02:20,31.5,62.8,265.7,54.8,0.0,0.0,1.0
2026-01-01 16:02:25,31.4,62.6,271.7,54.7,0.0,0.0,1.0
2026-01-01 16:02:30,31.4,62.5,229.9,54.7,0.0,0.0,1.0
2026-01-01 16:02:35,31.3,62.3,254.9,54.7,0.0,0.0,1.0
2026-01-01 16:02:40,31.3,62.3,238.7,54.7,0.0,0.0,1.0
2026-01-01 16:02:45,31.4,62.0,251.9,54.6,0.0,0.0,1.0
2026-01-01 16:02:50,31.4,61.8,243.8,54.7,0.0,0.0,1.0
2026-01-01 16:02:55,31.4,61.9,234.4,54.6,0.0,0.0,1.0
2026-01-01 16:03:00,31.4,61.9,257.0,54.7,0.0,0.0,1.0
2026-01-01 16:03:05,31.3,62.0,262.7,54.6,0.0,0.0,1.0
2026-01-01 16:03:10,31.2,61.8,241.8,54.6,0.0,0.0,1.0
2026-01-01 16:03:15,31.3,61.8,264.4,54.6,0.0,0.0,1.0
2026-01-01 16:03:20,31.2,61.8,278.2,54.5,0.0,0.0,1.0
2026-01-01 16:03:25,31.3,61.8,244.9,54.5,0.0,0.0,1.0
2026-01-01 16:03:30,31.4,62.3,259.8,54.5,0.0,0.0,1.0
2026-01-01 16:03:35,31.4,62.3,249.6,54.5,0.0,0.0,1.0
2026-01-01 16:03:40,31.5,61.8,253.6,54.5,0.0,0.0,1.0
2026-01-01 16:03:45,31.4,61.8,248.0,54.5,0.0,0.0,1.0
2026-01-01 16:03:50,31.4,62.1,250.3,54.5,0.0,0.0,1.0
2026-01-01 16:03:55,31.4,62.0,212.3,54.5,0.0,0.0,1.0
2026-01-01 16:04:00,31.4,61.9,264.2,54.5,0.0,0.0,1.0
2026-01-01 16:04:05,31.4,61.4,265.4,54.5,0.0,0.0,1.0
2026-01-01 16:04:10,31.4,61.6,245.5,54.5,0.0,0.0,1.0
2026-01-01 16:04:15,31.3,61.6,239.2,54.4,0.0,0.0,1.0
2026-01-01 16:04:20,31.3,61.6,241.9,54.4,0.0,0.0,1.0
2026-01-01 16:04:25,31.5,61.9,254.2,54.4,0.0,0.0,1.0
2026-01-01 16:04:30,31.4,61.8,275.7,54.4,0.0,0.0,1.0
2026-01-01 16:04:35,31.3,61.4,243.2,54.4,0.0,0.0,1.0
2026-01-01 16:04:40,31.4,61.1,246.6,54.4,0.0,0.0,1.0
2026-01-01 16:04:45,31.3,61.0,247.8,54.4,0.0,0.0,1.0
2026-01-01 16:04:50,31.4,61.0,237.3,54.4,0.0,0.0,1.0
2026-01-01 16:04:55,31.5,60.9,232.6,54.4,0.0,0.0,1.0
2026-01-01 16:05:00,31.5,60.8,241.3,54.3,0.0,0.0,1.0
2026-01-01 16:05:05,31.4,60.9,230.4,54.4,0.0,0.0,1.0
2026-01-01 16:05:10,31.2,60.7,261.8,54.3,0.0,0.0,1.0
2026-01-01 16:05:15,31.3,60.8,251.1,54.3,0.0,0.0,1.0
2026-01-01 16:05:20,31.4,61.0,240.9,54.3,0.0,0.0,1.0
2026-01-01 16:05:25,31.4,61.2,277.5,54.2,0.0,0.0,1.0
2026-01-01 16:05:30,31.4,61.5,245.5,54.3,0.0,0.0,1.0
2026-01-01 16:05:35,31.4,61.4,243.7,54.3,0.0,0.0,1.0
2026-01-01 16:05:40,31.5,61.6,245.8,54.3,0.0,0.0,1.0
2026-01-01 16:05:45,31.5,61.9,258.2,54.3,0.0,0.0,1.0
2026-01-01 16:05:50,31.6,61.9,232.6,54.3,0.0,0.0,1.0
2026-01-01 16:05:55,31.6,61.8,225.8,54.2,0.0,0.0,1.0
2026-01-01 16:06:00,31.6,61.4,256.9,54.3,0.0,0.0,1.0
2026-01-01 16:06:05,31.6,61.5,238.8,54.3,0.0,0.0,1.0
2026-01-01 16:06:10,31.4,61.7,234.6,54.2,0.0,0.0,1.0
2026-01-01 16:06:15,31.4,61.5,266.3,54.2,0.0,0.0,1.0
2026-01-01 16:06:20,31.4,61.5,266.4,54.2,1.0,0.0,1.0
2026-01-01 16:06:25,31.4,61.4,243.3,54.2,1.0,0.0,1.0
2026-01-01 16:06:30,31.4,61.7,244.0,54.2,1.0,0.0,1.0
2026-01-01 16:06:35,31.2,61.7,232.6,54.4,1.0,0.0,1.0
2026-01-01 16:06:40,31.3,61.2,251.1,54.5,1.0,0.0,1.0
2026-01-01 16:06:45,31.4,61.2,259.6,54.6,1.0,0.0,1.0
2026-01-01 16:06:50,31.4,61.3,227.3,54.9,0.0,0.0,1.0
2026-01-01 16:06:55,31.4,61.3,258.3,55.2,0.0,0.0,1.0
2026-01-01 16:07:00,31.4,61.5,260.3,55.3,0.0,0.0,1.0
2026-01-01 16:07:05,31.4,61.6,229.2,55.4,0.0,0.0,1.0
2026-01-01 16:07:10,31.5,62.0,238.6,55.6,0.0,0.0,1.0
2026-01-01 16:07:15,31.6,61.9,232.9,55.6,0.0,0.0,1.0
2026-01-01 16:07:20,31.6,61.8,255.6,55.6,0.0,0.0,1.0
2026-01-01 16:07:25,31.6,62.0,247.0,55.7,0.0,0.0,1.0
2026-01-01 16:07:30,31.6,62.2,210.2,55.8,0.0,0.0,1.0
2026-01-01 16:07:35,31.5,62.0,237.7,55.8,0.0,0.0,1.0
2026-01-01 16:07:40,31.5,61.9,223.4,55.8,0.0,0.0,1.0
2026-01-01 16:07:45,31.4,62.1,251.0,55.8,0.0,0.0,1.0
2026-01-01 16:07:50,31.6,62.0,242.7,55.8,0.0,0.0,1.0
2026-01-01 16:07:55,31.4,62.0,229.2,55.8,0.0,0.0,1.0
2026-01-01 16:08:00,31.4,61.8,239.9,55.8,0.0,0.0,1.0
2026-01-01 16:08:05,31.4,61.4,233.2,55.8,0.0,0.0,1.0
2026-01-01 16:08:10,31.4,61.8,252.7,55.7,0.0,0.0,1.0
2026-01-01 16:08:15,31.5,61.7,234.1,55.7,0.0,0.0,1.0
2026-01-01 16:08:20,31.5,61.8,258.3,55.7,0.0,0.0,1.0
2026-01-01 16:08:25,31.5,62.0,220.6,55.7,0.0,0.0,1.0
2026-01-01 16:08:30,31.5,62.0,255.6,55.7,0.0,0.0,1.0
2026-01-01 16:08:35,31.6,61.9,246.3,55.7,0.0,0.0,1.0
2026-01-01 16:08:40,31.6,61.8,228.9,55.8,0.0,0.0,1.0
2026-01-01 16:08:45,31.6,61.9,244.3,55.7,0.0,0.0,1.0
2026-01-01 16:08:50,31.6,62.2,262.9,55.7,0.0,0.0,1.0
2026-01-01 16:08:55,31.6,62.2,249.9,55.7,0.0,0.0,1.0
2026-01-01 16:09:00,31.6,61.8,237.7,55.6,0.0,0.0,1.0
2026-01-01 16:09:05,31.6,61.7,237.3,55.7,0.0,0.0,1.0
2026-01-01 16:09:10,31.6,61.6,206.7,55.6,0.0,0.0,1.0
2026-01-01 16:09:15,31.6,61.8,224.9,55.7,0.0,0.0,1.0
2026-01-01 16:09:20,31.6,62.0,224.8,55.6,0.0,0.0,1.0
2026-01-01 16:09:25,31.6,61.6,242.4,55.6,0.0,0.0,1.0
2026-01-01 16:09:30,31.6,61.4,248.9,55.5,0.0,0.0,1.0
2026-01-01 16:09:35,31.7,61.2,236.0,55.5,0.0,0.0,1.0
2026-01-01 16:09:40,31.7,61.2,218.4,55.5,0.0,0.0,1.0
2026-01-01 16:09:45,31.6,61.1,229.5,55.6,0.0,0.0,1.0
2026-01-01 16:09:50,31.4,60.9,220.1,55.5,0.0,0.0,1.0
2026-01-01 16:09:55,31.5,60.8,251.1,55.5,0.0,0.0,1.0
2026-01-01 16:10:00,31.5,60.8,184.5,55.5,0.0,0.0,1.0
2026-01-01 16:10:05,31.4,61.0,237.3,55.5,0.0,0.0,1.0
2026-01-01 16:10:10,31.4,61.0,243.8,55.6,0.0,0.0,1.0
2026-01-01 16:10:15,31.4,61.3,216.3,55.5,0.0,0.0,1.0
2026-01-01 16:10:20,31.4,61.6,268.4,55.6,0.0,0.0,1.0
2026-01-01 16:10:25,31.3,61.5,218.9,55.5,0.0,0.0,1.0
2026-01-01 16:10:30,31.3,61.3,274.1,55.5,0.0,0.0,1.0
2026-01-01 16:10:35,31.4,61.6,250.0,55.4,0.0,0.0,1.0
2026-01-01 16:10:40,31.4,61.5,231.0,55.4,0.0,0.0,1.0
2026-01-01 16:10:45,31.5,61.5,209.1,55.5,0.0,0.0,1.0
2026-01-01 16:10:50,31.4,61.1,228.2,55.4,0.0,0.0,1.0
2026-01-01 16:10:55,31.5,61.2,254.9,55.4,0.0,0.0,1.0
2026-01-01 16:11:00,31.5,61.2,241.1,55.4,0.0,0.0,1.0
2026-01-01 16:11:05,31.5,61.4,242.3,55.4,0.0,0.0,1.0
2026-01-01 16:11:10,31.5,61.4,245.6,55.4,0.0,0.0,1.0
2026-01-01 16:11:15,31.6,61.4,226.2,55.4,0.0,0.0,1.0
2026-01-01 16:11:20,31.5,61.5,231.4,55.4,0.0,0.0,1.0
2026-01-01 16:11:25,31.6,61.4,231.8,55.4,0.0,0.0,1.0
2026-01-01 16:11:30,31.5,61.3,211.4,55.4,0.0,0.0,1.0
2026-01-01 16:11:35,31.5,61.6,238.4,55.3,0.0,0.0,1.0
2026-01-01 16:11:40,31.5,61.4,250.5,55.3,0.0,0.0,1.0
2026-01-01 16:11:45,31.5,61.5,218.4,55.3,0.0,0.0,1.0
2026-01-01 16:11:50,31.5,61.4,226.9,55.3,0.0,0.0,1.0
2026-01-01 16:11:55,31.5,61.3,227.3,55.2,0.0,0.0,1.0
2026-01-01 16:12:00,31.4,61.4,204.3,55.3,0.0,0.0,1.0
2026-01-01 16:12:05,31.4,61.2,246.9,55.2,0.0,0.0,1.0
2026-01-01 16:12:10,31.3,61.5,205.0,55.2,0.0,0.0,1.0
2026-01-01 16:12:15,31.3,61.6,224.2,55.2,0.0,0.0,1.0
2026-01-01 16:12:20,31.2,61.9,262.1,55.2,0.0,0.0,1.0
2026-01-01 16:12:25,31.3,61.9,195.0,55.2,0.0,0.0,1.0
2026-01-01 16:12:30,31.3,61.7,226.6,55.2,0.0,0.0,1.0
2026-01-01 16:12:35,31.3,61.3,214.0,55.2,0.0,0.0,1.0
2026-01-01 16:12:40,31.3,61.4,234.6,55.2,0.0,0.0,1.0
2026-01-01 16:12:45,31.3,61.1,223.2,55.2,0.0,0.0,1.0
2026-01-01 16:12:50,31.3,61.0,241.6,55.2,0.0,0.0,1.0
2026-01-01 16:12:55,31.2,61.1,215.4,55.1,0.0,0.0,1.0
2026-01-01 16:13:00,31.2,61.1,233.4,55.1,0.0,0.0,1.0
2026-01-01 16:13:05,31.1,61.2,243.8,55.1,0.0,0.0,1.0
2026-01-01 16:13:10,31.0,61.0,240.1,55.1,0.0,0.0,1.0
2026-01-01 16:13:15,31.0,61.0,214.8,55.0,0.0,0.0,1.0
2026-01-01 16:13:20,31.1,61.1,256.2,55.1,0.0,0.0,1.0
2026-01-01 16:13:25,31.2,61.0,224.5,55.1,0.0,0.0,1.0
2026-01-01 16:13:30,31.0,61.2,230.1,55.1,0.0,0.0,1.0
2026-01-01 16:13:35,31.2,61.1,224.0,55.0,0.0,0.0,1.0
2026-01-01 16:13:40,31.3,61.5,221.5,55.1,0.0,0.0,1.0
2026-01-01 16:13:45,31.3,61.6,214.9,55.1,0.0,0.0,1.0
2026-01-01 16:13:50,31.5,61.5,217.1,55.0,0.0,0.0,1.0
2026-01-01 16:13:55,31.4,61.6,212.4,54.9,0.0,0.0,1.0
2026-01-01 16:14:00,31.4,61.5,236.6,55.0,0.0,0.0,1.0
2026-01-01 16:14:05,31.3,61.6,255.9,55.0,0.0,0.0,1.0
2026-01-01 16:14:10,31.3,61.7,195.9,55.0,0.0,0.0,1.0
2026-01-01 16:14:15,31.3,61.9,221.3,54.9,0.0,0.0,1.0
2026-01-01 16:14:20,31.2,62.2,226.1,55.0,0.0,0.0,1.0
2026-01-01 16:14:25,31.2,62.1,231.9,55.0,0.0,0.0,1.0
2026-01-01 16:14:30,31.3,62.0,239.6,54.9,0.0,0.0,1.0
2026-01-01 16:14:35,31.2,62.2,224.9,54.9,0.0,0.0,1.0
2026-01-01 16:14:40,31.2,62.4,218.3,55.0,0.0,0.0,1.0
2026-01-01 16:14:45,31.2,62.6,231.5,55.0,0.0,0.0,1.0
2026-01-01 16:14:50,31.3,62.8,247.3,55.0,0.0,0.0,1.0
2026-01-01 16:14:55,31.2,62.6,214.1,54.9,0.0,0.0,1.0
2026-01-01 16:15:00,31.2,62.5,233.6,54.9,0.0,0.0,1.0
2026-01-01 16:15:05,31.2,62.6,218.6,54.8,0.0,0.0,1.0
2026-01-01 16:15:10,31.2,62.2,196.9,54.9,0.0,0.0,1.0
2026-01-01 16:15:15,31.2,62.6,255.3,54.8,0.0,0.0,1.0
2026-01-01 16:15:20,31.2,62.5,236.5,54.9,0.0,0.0,1.0
2026-01-01 16:15:25,31.2,62.2,220.1,54.9,0.0,0.0,1.0
2026-01-01 16:15:30,31.2,62.3,231.4,54.9,0.0,0.0,1.0
2026-01-01 16:15:35,31.1,62.3,214.8,54.8,0.0,0.0,1.0
2026-01-01 16:15:40,31.2,62.5,212.7,54.8,0.0,0.0,1.0
2026-01-01 16:15:45,31.3,62.4,210.8,54.9,0.0,0.0,1.0
2026-01-01 16:15:50,31.3,62.2,205.1,54.9,0.0,0.0,1.0
2026-01-01 16:15:55,31.2,62.1,227.2,54.8,0.0,0.0,1.0
2026-01-01 16:16:00,31.2,61.9,223.1,54.8,0.0,0.0,1.0
2026-01-01 16:16:05,31.1,61.9,243.6,54.8,0.0,0.0,1.0
2026-01-01 16:16:10,31.0,61.8,228.2,54.8,0.0,0.0,1.0
2026-01-01 16:16:15,31.1,61.6,236.6,54.7,0.0,0.0,1.0
2026-01-01 16:16:20,31.2,61.5,248.0,54.8,0.0,0.0,1.0
2026-01-01 16:16:25,31.3,61.7,241.0,54.8,0.0,0.0,1.0
2026-01-01 16:16:30,31.3,61.6,211.9,54.8,0.0,0.0,1.0
2026-01-01 16:16:35,31.3,61.7,240.2,54.8,0.0,0.0,1.0
2026-01-01 16:16:40,31.2,61.8,249.2,54.9,0.0,0.0,1.0
2026-01-01 16:16:45,31.2,62.0,237.6,54.8,0.0,0.0,1.0
2026-01-01 16:16:50,31.3,62.0,230.8,54.8,0.0,0.0,1.0
2026-01-01 16:16:55,31.2,62.1,222.3,54.7,0.0,0.0,1.0
2026-01-01 16:17:00,31.2,62.3,202.6,54.7,0.0,0.0,1.0
2026-01-01 16:17:05,31.2,62.4,224.8,54.7,0.0,0.0,1.0
2026-01-01 16:17:10,31.1,62.4,226.1,54.8,0.0,0.0,1.0
2026-01-01 16:17:15,31.1,62.4,241.7,54.8,0.0,0.0,1.0
2026-01-01 16:17:20,31.2,62.3,219.9,54.8,0.0,0.0,1.0
2026-01-01 16:17:25,31.3,62.4,175.1,54.8,0.0,0.0,1.0
2026-01-01 16:17:30,31.1,62.2,208.7,54.7,0.0,0.0,1.0
2026-01-01 16:17:35,31.2,62.4,217.0,54.8,0.0,0.0,1.0
2026-01-01 16:17:40,31.2,62.5,220.8,54.8,0.0,0.0,1.0
2026-01-01 16:17:45,31.3,62.3,232.9,54.8,0.0,0.0,1.0
2026-01-01 16:17:50,31.3,62.3,214.0,54.7,0.0,0.0,1.0
2026-01-01 16:17:55,31.3,62.4,232.7,54.7,0.0,0.0,1.0
2026-01-01 16:18:00,31.3,62.8,196.6,54.8,0.0,0.0,1.0
2026-01-01 16:18:05,31.3,62.9,186.8,54.8,0.0,0.0,1.0
2026-01-01 16:18:10,31.2,62.7,197.5,54.8,0.0,0.0,1.0
2026-01-01 16:18:15,31.3,62.5,215.6,54.7,0.0,0.0,1.0
2026-01-01 16:18:20,31.2,62.4,205.9,54.8,0.0,0.0,1.0
2026-01-01 16:18:25,31.1,62.4,234.7,54.7,0.0,0.0,1.0
2026-01-01 16:18:30,31.0,62.4,226.5,54.8,0.0,0.0,1.0
2026-01-01 16:18:35,31.1,62.3,241.8,54.7,0.0,0.0,1.0
2026-01-01 16:18:40,31.2,62.3,234.8,54.7,0.0,0.0,1.0
2026-01-01 16:18:45,31.2,62.3,168.2,54.8,0.0,0.0,1.0
2026-01-01 16:18:50,31.2,62.1,218.7,54.7,0.0,0.0,1.0
2026-01-01 16:18:55,31.2,62.0,190.7,54.6,0.0,0.0,1.0
2026-01-01 16:19:00,31.1,61.7,244.4,54.7,0.0,0.0,1.0
2026-01-01 16:19:05,31.1,61.6,190.1,54.7,0.0,0.0,1.0
2026-01-01 16:19:10,31.1,61.5,224.5,54.7,0.0,0.0,1.0
2026-01-01 16:19:15,31.2,61.5,227.4,54.7,0.0,0.0,1.0
2026-01-01 16:19:20,31.1,61.4,212.4,54.7,0.0,0.0,1.0
2026-01-01 16:19:25,31.1,61.1,219.2,54.7,0.0,0.0,1.0
2026-01-01 16:19:30,31.0,61.4,226.3,54.8,0.0,0.0,1.0
2026-01-01 16:19:35,31.0,61.6,222.0,54.7,0.0,0.0,1.0
2026-01-01 16:19:40,31.0,61.8,219.8,54.7,0.0,0.0,1.0
2026-01-01 16:19:45,31.0,61.6,193.0,54.7,0.0,0.0,1.0
2026-01-01 16:19:50,31.0,61.1,216.9,54.7,0.0,0.0,1.0
2026-01-01 16:19:55,31.1,61.2,220.8,54.7,0.0,0.0,1.0
2026-01-01 16:20:00,31.1,61.0,225.8,54.7,0.0,0.0,1.0
2026-01-01 16:20:05,31.1,60.9,204.1,54.7,0.0,0.0,1.0
2026-01-01 16:20:10,31.0,60.7,221.6,54.8,0.0,0.0,1.0
2026-01-01 16:20:15,31.0,61.0,229.4,54.7,0.0,0.0,1.0
2026-01-01 16:20:20,31.0,60.9,225.0,54.8,0.0,0.0,1.0
2026-01-01 16:20:25,31.0,61.3,223.2,54.7,0.0,0.0,1.0
2026-01-01 16:20:30,31.0,61.6,209.9,54.6,0.0,0.0,1.0
2026-01-01 16:20:35,31.0,61.4,213.5,54.7,0.0,0.0,1.0
2026-01-01 16:20:40,31.0,61.7,208.4,54.7,0.0,0.0,1.0
2026-01-01 16:20:45,31.0,61.9,225.8,54.7,0.0,0.0,1.0
2026-01-01 16:20:50,31.0,62.0,234.7,54.7,0.0,0.0,1.0
2026-01-01 16:20:55,31.1,62.2,190.2,54.6,0.0,0.0,1.0
2026-01-01 16:21:00,31.1,62.3,205.5,54.6,0.0,0.0,1.0
2026-01-01 16:21:05,31.2,62.4,225.1,54.6,0.0,0.0,1.0
2026-01-01 16:21:10,31.2,61.8,222.0,54.5,0.0,0.0,1.0
2026-01-01 16:21:15,31.3,62.1,222.6,54.7,0.0,0.0,1.0
2026-01-01 16:21:20,31.3,62.1,197.9,54.7,0.0,0.0,1.0
2026-01-01 16:21:25,31.3,62.4,218.6,54.6,0.0,0.0,1.0
2026-01-01 16:21:30,31.3,62.2,233.3,54.6,0.0,0.0,1.0
2026-01-01 16:21:35,31.2,62.5,213.8,54.6,0.0,0.0,1.0
2026-01-01 16:21:40,31.2,62.4,226.2,54.6,0.0,0.0,1.0
2026-01-01 16:21:45,31.2,62.2,256.3,54.6,0.0,0.0,1.0
2026-01-01 16:21:50,31.2,62.0,197.5,54.6,0.0,0.0,1.0
2026-01-01 16:21:55,31.2,62.0,236.7,54.6,0.0,0.0,1.0
2026-01-01 16:22:00,31.2,62.5,200.1,54.6,0.0,0.0,1.0
2026-01-01 16:22:05,31.2,62.3,200.2,54.6,0.0,0.0,1.0
2026-01-01 16:22:10,31.3,62.2,192.0,54.6,0.0,0.0,1.0
2026-01-01 16:22:15,31.3,62.2,232.6,54.5,0.0,0.0,1.0
2026-01-01 16:22:20,31.3,62.3,204.6,54.6,0.0,0.0,1.0
2026-01-01 16:22:25,31.2,62.2,246.6,54.5,0.0,0.0,1.0
2026-01-01 16:22:30,31.2,62.4,224.2,54.5,0.0,0.0,1.0
2026-01-01 16:22:35,31.2,62.4,209.4,54.5,0.0,0.0,1.0
2026-01-01 16:22:40,31.2,62.1,212.7,54.5,0.0,0.0,1.0
2026-01-01 16:22:45,31.1,62.3,211.7,54.5,0.0,0.0,1.0
2026-01-01 16:22:50,31.1,62.2,207.7,54.5,0.0,0.0,1.0
2026-01-01 16:22:55,31.1,62.1,199.5,54.4,0.0,0.0,1.0
2026-01-01 16:23:00,31.0,61.8,198.8,54.5,0.0,0.0,1.0
2026-01-01 16:23:05,30.9,62.0,181.1,54.5,0.0,0.0,1.0
2026-01-01 16:23:10,30.9,61.6,206.3,54.5,0.0,0.0,1.0
2026-01-01 16:23:15,31.0,61.5,207.6,54.5,0.0,0.0,1.0
2026-01-01 16:23:20,31.1,61.7,213.8,54.5,0.0,0.0,1.0
2026-01-01 16:23:25,31.0,61.5,209.8,54.5,0.0,0.0,1.0
2026-01-01 16:23:30,31.0,61.6,184.2,54.4,0.0,0.0,1.0
2026-01-01 16:23:35,30.9,61.8,220.8,54.4,0.0,0.0,1.0
2026-01-01 16:23:40,31.0,61.7,203.2,54.4,0.0,0.0,1.0
2026-01-01 16:23:45,31.0,61.5,191.9,54.4,0.0,0.0,1.0
2026-01-01 16:23:50,31.0,61.3,203.1,54.4,0.0,0.0,1.0
2026-01-01 16:23:55,31.1,60.9,211.6,54.4,0.0,0.0,1.0
2026-01-01 16:24:00,31.2,60.9,224.1,54.4,0.0,0.0,1.0
2026-01-01 16:24:05,31.2,61.0,200.9,54.4,0.0,0.0,1.0
2026-01-01 16:24:10,31.2,61.1,197.5,54.4,0.0,0.0,1.0
2026-01-01 16:24:15,31.3,61.4,229.1,54.4,0.0,0.0,1.0
2026-01-01 16:24:20,31.3,62.0,227.5,54.4,0.0,0.0,1.0
2026-01-01 16:24:25,31.3,61.6,195.8,54.3,0.0,0.0,1.0
2026-01-01 16:24:30,31.5,61.7,203.5,54.3,0.0,0.0,1.0
2026-01-01 16:24:35,31.4,61.8,198.0,54.4,0.0,0.0,1.0
2026-01-01 16:24:40,31.4,61.9,217.9,54.4,0.0,0.0,1.0
2026-01-01 16:24:45,31.4,61.7,200.7,54.4,0.0,0.0,1.0
2026-01-01 16:24:50,31.4,61.7,229.9,54.4,0.0,0.0,1.0
2026-01-01 16:24:55,31.4,61.8,214.4,54.3,0.0,0.0,1.0
2026-01-01 16:25:00,31.4,62.0,183.8,54.3,0.0,0.0,1.0
2026-01-01 16:25:05,31.3,61.8,213.8,54.2,0.0,0.0,1.0
2026-01-01 16:25:10,31.3,62.0,193.6,54.2,1.0,0.0,1.0
2026-01-01 16:25:15,31.2,62.4,226.0,54.2,1.0,0.0,1.0
2026-01-01 16:25:20,31.1,62.4,215.6,54.2,1.0,0.0,1.0
2026-01-01 16:25:25,30.9,62.2,248.5,54.4,0.0,0.0,1.0
2026-01-01 16:25:30,30.9,62.1,207.8,54.5,0.0,0.0,1.0
2026-01-01 16:25:35,30.9,61.8,202.7,54.7,0.0,0.0,1.0
2026-01-01 16:25:40,30.9,61.8,206.6,54.8,0.0,0.0,1.0
2026-01-01 16:25:45,30.9,61.8,199.2,54.8,0.0,0.0,1.0
2026-01-01 16:25:50,30.9,62.3,242.4,54.9,0.0,0.0,1.0
2026-01-01 16:25:55,30.8,62.1,197.1,54.9,0.0,0.0,1.0
2026-01-01 16:26:00,30.8,61.7,218.6,54.9,0.0,0.0,1.0
2026-01-01 16:26:05,30.9,61.8,214.6,54.9,0.0,0.0,1.0
2026-01-01 16:26:10,30.9,61.5,207.6,54.9,0.0,0.0,1.0
2026-01-01 16:26:15,30.9,61.0,216.6,55.0,0.0,0.0,1.0
2026-01-01 16:26:20,31.0,61.2,209.9,55.0,0.0,0.0,1.0
2026-01-01 16:26:25,31.0,61.4,194.2,55.0,0.0,0.0,1.0
2026-01-01 16:26:30,31.0,61.4,210.2,55.1,0.0,0.0,1.0
2026-01-01 16:26:35,31.0,61.5,205.1,55.0,0.0,0.0,1.0
2026-01-01 16:26:40,31.0,61.5,204.2,55.0,0.0,0.0,1.0
2026-01-01 16:26:45,31.1,61.5,195.4,55.0,0.0,0.0,1.0
2026-01-01 16:26:50,31.2,61.3,198.6,55.0,0.0,0.0,1.0
2026-01-01 16:26:55,31.1,61.5,196.7,55.0,0.0,0.0,1.0
2026-01-01 16:27:00,31.0,61.7,215.9,55.0,0.0,0.0,1.0
2026-01-01 16:27:05,31.0,61.9,196.4,54.9,0.0,0.0,1.0
2026-01-01 16:27:10,31.1,61.9,195.4,54.9,0.0,0.0,1.0
2026-01-01 16:27:15,31.1,62.0,206.6,54.9,0.0,0.0,1.0
2026-01-01 16:27:20,31.0,62.0,165.0,54.8,0.0,0.0,1.0
2026-01-01 16:27:25,31.0,62.0,245.4,54.8,0.0,0.0,1.0
2026-01-01 16:27:30,30.9,62.2,230.9,54.8,0.0,0.0,1.0
2026-01-01 16:27:35,30.9,62.3,218.0,54.8,0.0,0.0,1.0
2026-01-01 16:27:40,30.9,62.5,194.2,54.8,0.0,0.0,1.0
2026-01-01 16:27:45,30.9,62.4,194.8,54.9,0.0,0.0,1.0
2026-01-01 16:27:50,31.0,62.6,211.4,54.8,0.0,0.0,1.0
2026-01-01 16:27:55,31.0,62.7,174.9,54.8,0.0,0.0,1.0
2026-01-01 16:28:00,30.9,62.6,196.9,54.8,0.0,0.0,1.0
2026-01-01 16:28:05,31.0,62.4,197.3,54.8,0.0,0.0,1.0
2026-01-01 16:28:10,31.0,62.6,224.4,54.8,0.0,0.0,1.0
2026-01-01 16:28:15,30.9,62.6,175.8,54.8,0.0,0.0,1.0
2026-01-01 16:28:20,31.0,62.4,199.3,54.8,0.0,0.0,1.0
2026-01-01 16:28:25,31.0,62.4,201.0,54.8,0.0,0.0,1.0
2026-01-01 16:28:30,31.0,62.1,177.4,54.8,0.0,0.0,1.0
2026-01-01 16:28:35,31.0,61.9,193.7,54.8,0.0,0.0,1.0
2026-01-01 16:28:40,30.8,61.8,204.6,54.8,0.0,0.0,1.0
2026-01-01 16:28:45,30.8,61.6,210.5,54.8,0.0,0.0,1.0
2026-01-01 16:28:50,30.8,61.6,196.2,54.7,0.0,0.0,1.0
2026-01-01 16:28:55,30.7,61.7,186.0,54.7,0.0,0.0,1.0
2026-01-01 16:29:00,30.8,61.8,213.5,54.8,0.0,0.0,1.0
2026-01-01 16:29:05,30.7,62.1,188.5,54.7,0.0,0.0,1.0
2026-01-01 16:29:10,30.8,62.1,236.7,54.7,0.0,0.0,1.0
2026-01-01 16:29:15,30.9,62.3,201.9,54.7,0.0,0.0,1.0
2026-01-01 16:29:20,31.0,62.4,211.5,54.6,0.0,0.0,1.0
2026-01-01 16:29:25,30.9,62.1,237.3,54.6,0.0,0.0,1.0
2026-01-01 16:29:30,30.9,61.9,209.0,54.6,0.0,0.0,1.0
2026-01-01 16:29:35,30.8,62.1,196.6,54.7,0.0,0.0,1.0
2026-01-01 16:29:40,30.8,62.4,166.9,54.6,0.0,0.0,1.0
2026-01-01 16:29:45,30.8,62.3,201.3,54.6,0.0,0.0,1.0
2026-01-01 16:29:50,30.7,61.9,184.6,54.6,0.0,0.0,1.0
2026-01-01 16:29:55,30.7,61.8,204.5,54.6,0.0,0.0,1.0
2026-01-01 16:30:00,30.8,61.8,202.0,54.6,0.0,0.0,1.0
2026-01-01 16:30:05,30.7,61.7,192.9,54.5,0.0,0.0,1.0
2026-01-01 16:30:10,30.6,61.9,213.2,54.6,0.0,0.0,1.0
2026-01-01 16:30:15,30.7,62.0,190.2,54.5,0.0,0.0,1.0
2026-01-01 16:30:20,30.9,61.9,219.0,54.5,0.0,0.0,1.0
2026-01-01 16:30:25,30.9,62.2,205.4,54.5,0.0,0.0,1.0
2026-01-01 16:30:30,30.9,62.1,200.0,54.5,0.0,0.0,1.0
2026-01-01 16:30:35,30.9,62.4,180.2,54.5,0.0,0.0,1.0
2026-01-01 16:30:40,30.8,62.5,236.7,54.4,0.0,0.0,1.0
2026-01-01 16:30:45,30.9,62.5,200.0,54.4,0.0,0.0,1.0
2026-01-01 16:30:50,30.9,62.3,198.3,54.3,0.0,0.0,1.0
2026-01-01 16:30:55,31.0,62.7,212.8,54.4,0.0,0.0,1.0
2026-01-01 16:31:00,31.0,62.6,197.8,54.4,0.0,0.0,1.0
2026-01-01 16:31:05,31.0,62.6,190.0,54.4,0.0,0.0,1.0
2026-01-01 16:31:10,30.9,62.7,183.0,54.4,0.0,0.0,1.0
2026-01-01 16:31:15,31.0,62.8,176.1,54.5,0.0,0.0,1.0
2026-01-01 16:31:20,31.0,62.7,191.4,54.4,0.0,0.0,1.0
2026-01-01 16:31:25,31.0,62.8,186.9,54.3,0.0,0.0,1.0
2026-01-01 16:31:30,30.9,62.6,188.0,54.4,0.0,0.0,1.0
2026-01-01 16:31:35,30.9,62.6,191.9,54.3,0.0,0.0,1.0
2026-01-01 16:31:40,30.9,62.9,202.5,54.3,0.0,0.0,1.0
2026-01-01 16:31:45,31.0,62.9,194.6,54.4,0.0,0.0,1.0
2026-01-01 16:31:50,30.9,62.9,192.0,54.4,0.0,0.0,1.0
2026-01-01 16:31:55,30.9,62.5,189.4,54.3,0.0,0.0,1.0
2026-01-01 16:32:00,30.9,62.2,221.6,54.4,0.0,0.0,1.0
2026-01-01 16:32:05,31.0,62.4,199.2,54.4,0.0,0.0,1.0
2026-01-01 16:32:10,31.0,61.9,198.5,54.4,0.0,0.0,1.0
2026-01-01 16:32:15,31.0,61.9,199.8,54.4,0.0,0.0,1.0
2026-01-01 16:32:20,31.0,61.8,202.3,54.4,0.0,0.0,1.0
2026-01-01 16:32:25,30.8,62.0,173.7,54.4,0.0,0.0,1.0
2026-01-01 16:32:30,30.7,62.2,204.6,54.3,0.0,0.0,1.0
2026-01-01 16:32:35,30.7,62.3,205.9,54.3,0.0,0.0,1.0
2026-01-01 16:32:40,30.6,62.2,196.7,54.3,0.0,0.0,1.0
2026-01-01 16:32:45,30.6,62.2,185.3,54.4,0.0,0.0,1.0
2026-01-01 16:32:50,30.6,62.4,206.8,54.3,0.0,0.0,1.0
2026-01-01 16:32:55,30.6,62.1,190.6,54.3,0.0,0.0,1.0
2026-01-01 16:33:00,30.6,62.0,178.0,54.2,0.0,0.0,1.0
2026-01-01 16:33:05,30.7,61.9,211.8,54.2,0.0,0.0,1.0
2026-01-01 16:33:10,30.8,62.0,189.4,54.3,0.0,0.0,1.0
2026-01-01 16:33:15,30.8,62.1,167.9,54.3,0.0,0.0,1.0
2026-01-01 16:33:20,30.8,62.0,184.7,54.3,0.0,0.0,1.0
2026-01-01 16:33:25,30.8,62.0,197.0,54.3,0.0,0.0,1.0
2026-01-01 16:33:30,30.8,62.0,200.3,54.2,0.0,0.0,1.0
2026-01-01 16:33:35,30.9,62.1,215.5,54.3,0.0,0.0,1.0
2026-01-01 16:33:40,31.0,62.5,199.9,54.2,0.0,0.0,1.0
2026-01-01 16:33:45,31.0,62.2,180.0,54.2,0.0,0.0,1.0
2026-01-01 16:33:50,31.0,62.0,188.4,54.2,0.0,0.0,1.0
2026-01-01 16:33:55,31.0,61.7,180.0,54.2,0.0,0.0,1.0
2026-01-01 16:34:00,30.9,61.8,193.0,54.1,1.0,0.0,1.0
2026-01-01 16:34:05,30.9,61.7,226.2,54.2,1.0,0.0,1.0
2026-01-01 16:34:10,30.9,61.5,158.4,54.2,1.0,0.0,1.0
2026-01-01 16:34:15,30.9,61.7,206.2,54.4,0.0,0.0,1.0
2026-01-01 16:34:20,30.9,61.8,210.0,54.5,0.0,0.0,1.0
2026-01-01 16:34:25,30.9,62.1,177.4,54.6,0.0,0.0,1.0
2026-01-01 16:34:30,31.0,61.6,194.0,54.7,0.0,0.0,1.0
2026-01-01 16:34:35,31.1,61.6,191.5,54.7,0.0,0.0,1.0
2026-01-01 16:34:40,31.1,61.5,200.8,54.8,0.0,0.0,1.0
2026-01-01 16:34:45,31.0,61.5,214.3,55.0,0.0,0.0,1.0
2026-01-01 16:34:50,31.0,61.5,189.2,54.9,0.0,0.0,1.0
2026-01-01 16:34:55,31.0,61.6,172.6,54.9,0.0,0.0,1.0
2026-01-01 16:35:00,31.1,61.8,179.9,54.9,0.0,0.0,1.0
2026-01-01 16:35:05,31.1,62.0,178.4,54.9,0.0,0.0,1.0
2026-01-01 16:35:10,31.2,61.8,203.8,55.0,0.0,0.0,1.0
2026-01-01 16:35:15,31.2,61.9,195.4,55.0,0.0,0.0,1.0
2026-01-01 16:35:20,31.1,61.6,188.8,54.9,0.0,0.0,1.0
2026-01-01 16:35:25,31.1,61.7,169.3,54.9,0.0,0.0,1.0
2026-01-01 16:35:30,31.0,61.6,180.0,54.9,0.0,0.0,1.0
2026-01-01 16:35:35,30.9,61.4,186.5,54.9,0.0,0.0,1.0
2026-01-01 16:35:40,30.8,62.0,197.0,54.8,0.0,0.0,1.0
2026-01-01 16:35:45,30.8,62.0,166.0,54.9,0.0,0.0,1.0
2026-01-01 16:35:50,30.8,61.6,174.9,54.8,0.0,0.0,1.0
2026-01-01 16:35:55,30.8,62.0,196.1,54.7,0.0,0.0,1.0
2026-01-01 16:36:00,30.9,61.8,165.6,54.7,0.0,0.0,1.0
2026-01-01 16:36:05,30.9,61.8,179.7,54.6,0.0,0.0,1.0
2026-01-01 16:36:10,30.8,61.9,186.2,54.7,0.0,0.0,1.0
2026-01-01 16:36:15,30.9,61.8,186.3,54.7,0.0,0.0,1.0
2026-01-01 16:36:20,30.9,62.0,169.7,54.7,0.0,0.0,1.0
2026-01-01 16:36:25,30.9,62.1,228.0,54.7,0.0,0.0,1.0
2026-01-01 16:36:30,30.9,62.1,213.0,54.7,0.0,0.0,1.0
2026-01-01 16:36:35,30.9,62.2,191.3,54.7,0.0,0.0,1.0
2026-01-01 16:36:40,30.9,62.1,185.1,54.7,0.0,0.0,1.0
2026-01-01 16:36:45,30.8,61.8,179.0,54.7,0.0,0.0,1.0
2026-01-01 16:36:50,30.7,61.5,220.4,54.8,0.0,0.0,1.0
2026-01-01 16:36:55,30.7,61.5,192.4,54.8,0.0,0.0,1.0
2026-01-01 16:37:00,30.7,61.5,190.2,54.8,0.0,0.0,1.0
2026-01-01 16:37:05,30.8,61.4,181.0,54.7,0.0,0.0,1.0
2026-01-01 16:37:10,30.8,61.5,179.6,54.7,0.0,0.0,1.0
2026-01-01 16:37:15,30.9,61.4,177.5,54.7,0.0,0.0,1.0
2026-01-01 16:37:20,30.9,61.6,190.0,54.7,0.0,0.0,1.0
2026-01-01 16:37:25,30.9,61.7,189.4,54.7,0.0,0.0,1.0
2026-01-01 16:37:30,31.0,61.7,196.7,54.7,0.0,0.0,1.0
2026-01-01 16:37:35,31.0,61.6,171.6,54.6,0.0,0.0,1.0
2026-01-01 16:37:40,30.9,61.5,197.4,54.5,0.0,0.0,1.0
2026-01-01 16:37:45,30.9,61.8,171.0,54.6,0.0,0.0,1.0
2026-01-01 16:37:50,30.9,61.7,167.2,54.6,0.0,0.0,1.0
2026-01-01 16:37:55,30.8,61.6,196.8,54.6,0.0,0.0,1.0
2026-01-01 16:38:00,30.8,61.7,193.8,54.5,0.0,0.0,1.0
2026-01-01 16:38:05,30.8,61.6,164.8,54.5,0.0,0.0,1.0
2026-01-01 16:38:10,30.8,61.8,168.1,54.6,0.0,0.0,1.0
2026-01-01 16:38:15,30.8,61.6,172.4,54.6,0.0,0.0,1.0
2026-01-01 16:38:20,30.9,61.5,150.2,54.6,0.0,0.0,1.0
2026-01-01 16:38:25,30.9,61.8,211.6,54.6,0.0,0.0,1.0
2026-01-01 16:38:30,30.9,61.7,173.4,54.6,0.0,0.0,1.0
2026-01-01 16:38:35,30.9,61.6,196.3,54.5,0.0,0.0,1.0
2026-01-01 16:38:40,30.8,61.5,165.0,54.6,0.0,0.0,1.0
2026-01-01 16:38:45,30.8,61.5,157.0,54.6,0.0,0.0,1.0
2026-01-01 16:38:50,30.8,61.4,183.8,54.5,0.0,0.0,1.0
2026-01-01 16:38:55,30.6,61.5,193.3,54.5,0.0,0.0,1.0
2026-01-01 16:39:00,30.5,61.4,184.5,54.6,0.0,0.0,1.0
2026-01-01 16:39:05,30.5,61.3,166.4,54.5,0.0,0.0,1.0
2026-01-01 16:39:10,30.6,61.4,172.3,54.6,0.0,0.0,1.0
2026-01-01 16:39:15,30.5,61.4,175.5,54.5,0.0,0.0,1.0
2026-01-01 16:39:20,30.5,61.4,179.6,54.5,0.0,0.0,1.0
2026-01-01 16:39:25,30.5,61.2,196.7,54.5,0.0,0.0,1.0
2026-01-01 16:39:30,30.6,61.2,181.4,54.6,0.0,0.0,1.0
2026-01-01 16:39:35,30.6,61.3,189.8,54.5,0.0,0.0,1.0
2026-01-01 16:39:40,30.6,61.6,188.4,54.5,0.0,0.0,1.0
2026-01-01 16:39:45,30.5,61.6,196.7,54.5,0.0,0.0,1.0
2026-01-01 16:39:50,30.5,61.5,165.2,54.4,0.0,0.0,0.0
2026-01-01 16:39:55,30.6,61.7,177.8,54.4,0.0,0.0,1.0
2026-01-01 16:40:00,30.7,61.6,192.1,54.4,0.0,0.0,1.0
2026-01-01 16:40:05,30.7,61.5,177.7,54.4,0.0,0.0,1.0
2026-01-01 16:40:10,30.7,61.4,187.6,54.4,0.0,0.0,1.0
2026-01-01 16:40:15,30.6,61.6,185.3,54.5,0.0,0.0,1.0
2026-01-01 16:40:20,30.6,61.7,174.9,54.5,0.0,0.0,1.0
2026-01-01 16:40:25,30.7,61.7,161.5,54.5,0.0,0.0,1.0
2026-01-01 16:40:30,30.8,61.5,191.2,54.5,0.0,0.0,1.0
2026-01-01 16:40:35,30.7,61.6,159.0,54.5,0.0,0.0,1.0
2026-01-01 16:40:40,30.7,61.7,149.3,54.5,0.0,0.0,1.0
2026-01-01 16:40:45,30.6,61.6,194.9,54.4,0.0,0.0,1.0
2026-01-01 16:40:50,30.5,61.6,164.7,54.5,0.0,0.0,1.0
2026-01-01 16:40:55,30.6,61.7,170.2,54.4,0.0,0.0,0.0
2026-01-01 16:41:00,30.5,61.5,177.4,54.4,0.0,0.0,1.0
2026-01-01 16:41:05,30.5,61.4,182.5,54.5,0.0,0.0,0.0
2026-01-01 16:41:10,30.6,61.4,169.2,54.4,0.0,0.0,0.0
2026-01-01 16:41:15,30.7,61.7,200.7,54.3,0.0,0.0,1.0
2026-01-01 16:41:20,30.7,61.8,170.7,54.4,0.0,0.0,1.0
2026-01-01 16:41:25,30.7,61.6,198.0,54.4,0.0,0.0,1.0
2026-01-01 16:41:30,30.7,62.0,180.1,54.4,0.0,0.0,1.0
2026-01-01 16:41:35,30.7,62.2,153.3,54.4,0.0,0.0,1.0
2026-01-01 16:41:40,30.7,62.0,166.6,54.3,0.0,0.0,1.0
2026-01-01 16:41:45,30.6,62.1,211.3,54.3,0.0,0.0,1.0
2026-01-01 16:41:50,30.7,62.1,189.9,54.3,0.0,0.0,1.0
2026-01-01 16:41:55,30.6,62.3,164.8,54.3,0.0,0.0,1.0
2026-01-01 16:42:00,30.7,62.2,179.6,54.3,0.0,0.0,1.0
2026-01-01 16:42:05,30.6,62.3,173.5,54.3,0.0,0.0,1.0
2026-01-01 16:42:10,30.6,62.2,198.2,54.3,0.0,0.0,1.0
2026-01-01 16:42:15,30.7,62.2,164.1,54.3,0.0,0.0,1.0
2026-01-01 16:42:20,30.7,62.2,179.8,54.3,0.0,0.0,1.0
2026-01-01 16:42:25,30.8,62.4,180.7,54.2,0.0,0.0,1.0
2026-01-01 16:42:30,30.7,62.4,158.2,54.2,0.0,0.0,1.0
2026-01-01 16:42:35,30.7,62.5,172.5,54.1,1.0,0.0,1.0
2026-01-01 16:42:40,30.6,62.4,167.0,54.2,1.0,0.0,1.0
2026-01-01 16:42:45,30.6,62.5,194.9,54.2,1.0,0.0,1.0
2026-01-01 16:42:50,30.6,62.5,185.6,54.3,0.0,0.0,1.0
2026-01-01 16:42:55,30.7,62.7,183.6,54.4,0.0,0.0,1.0
2026-01-01 16:43:00,30.7,63.0,173.0,54.7,0.0,0.0,1.0
2026-01-01 16:43:05,30.7,63.0,164.0,54.7,0.0,0.0,1.0
2026-01-01 16:43:10,30.6,63.1,174.8,54.8,0.0,0.0,1.0
2026-01-01 16:43:15,30.6,63.0,167.2,54.9,0.0,0.0,1.0
2026-01-01 16:43:20,30.6,63.0,173.8,54.9,0.0,0.0,1.0
2026-01-01 16:43:25,30.7,62.6,199.8,54.9,0.0,0.0,1.0
2026-01-01 16:43:30,30.6,62.3,187.6,55.0,0.0,0.0,1.0
2026-01-01 16:43:35,30.8,62.6,168.7,54.9,0.0,0.0,1.0
2026-01-01 16:43:40,30.7,62.5,162.1,55.0,0.0,0.0,1.0
2026-01-01 16:43:45,30.6,62.9,167.8,54.9,0.0,0.0,1.0
2026-01-01 16:43:50,30.6,62.9,180.1,55.0,0.0,0.0,1.0
2026-01-01 16:43:55,30.7,62.9,176.3,55.0,0.0,0.0,1.0
2026-01-01 16:44:00,30.6,62.7,186.1,55.0,0.0,0.0,1.0
2026-01-01 16:44:05,30.6,62.9,153.4,54.9,0.0,0.0,1.0
2026-01-01 16:44:10,30.7,62.7,156.4,54.9,0.0,0.0,1.0
2026-01-01 16:44:15,30.6,62.6,184.6,54.8,0.0,0.0,1.0
2026-01-01 16:44:20,30.5,62.7,155.5,54.9,0.0,0.0,1.0
2026-01-01 16:44:25,30.5,62.8,164.4,54.9,0.0,0.0,0.0
2026-01-01 16:44:30,30.6,62.9,164.6,54.8,0.0,0.0,1.0
2026-01-01 16:44:35,30.5,63.1,191.6,54.8,0.0,0.0,1.0
2026-01-01 16:44:40,30.6,62.8,168.9,54.8,0.0,0.0,1.0
2026-01-01 16:44:45,30.5,62.8,156.2,54.8,0.0,0.0,1.0
2026-01-01 16:44:50,30.5,62.6,183.7,54.8,0.0,0.0,1.0
2026-01-01 16:44:55,30.6,62.4,179.3,54.8,0.0,0.0,0.0
2026-01-01 16:45:00,30.6,62.4,162.3,54.7,0.0,0.0,1.0
2026-01-01 16:45:05,30.6,62.3,152.0,54.8,0.0,0.0,1.0
2026-01-01 16:45:10,30.7,62.0,153.4,54.8,0.0,0.0,1.0
2026-01-01 16:45:15,30.7,62.1,163.9,54.8,0.0,0.0,1.0
2026-01-01 16:45:20,30.6,62.2,140.8,54.8,0.0,0.0,1.0
2026-01-01 16:45:25,30.7,62.1,114.4,54.8,0.0,0.0,1.0
2026-01-01 16:45:30,30.6,62.3,168.5,54.8,0.0,0.0,1.0
2026-01-01 16:45:35,30.6,62.7,158.7,54.8,0.0,0.0,1.0
2026-01-01 16:45:40,30.6,62.8,131.8,54.8,0.0,0.0,1.0
2026-01-01 16:45:45,30.7,62.8,159.5,54.8,0.0,0.0,1.0
2026-01-01 16:45:50,30.6,62.8,154.2,54.7,0.0,0.0,1.0
2026-01-01 16:45:55,30.6,62.9,147.6,54.8,0.0,0.0,1.0
2026-01-01 16:46:00,30.6,63.0,171.6,54.7,0.0,0.0,1.0
2026-01-01 16:46:05,30.5,62.6,193.2,54.6,0.0,0.0,1.0
2026-01-01 16:46:10,30.5,62.5,157.2,54.6,0.0,0.0,1.0
2026-01-01 16:46:15,30.7,63.0,149.8,54.6,0.0,0.0,1.0
2026-01-01 16:46:20,30.8,63.2,193.6,54.7,0.0,0.0,1.0
2026-01-01 16:46:25,30.7,63.1,136.4,54.6,0.0,0.0,1.0
2026-01-01 16:46:30,30.8,63.2,160.9,54.7,0.0,0.0,1.0
2026-01-01 16:46:35,30.7,62.9,169.8,54.7,0.0,0.0,1.0
2026-01-01 16:46:40,30.5,62.9,158.9,54.6,0.0,0.0,1.0
2026-01-01 16:46:45,30.4,62.9,141.1,54.7,0.0,0.0,0.0
2026-01-01 16:46:50,30.6,63.2,173.9,54.7,0.0,0.0,0.0
2026-01-01 16:46:55,30.6,62.8,162.8,54.7,0.0,0.0,1.0
2026-01-01 16:47:00,30.6,62.9,160.3,54.6,0.0,0.0,1.0
2026-01-01 16:47:05,30.7,62.9,181.1,54.6,0.0,0.0,1.0
2026-01-01 16:47:10,30.7,62.7,133.0,54.7,0.0,0.0,1.0
2026-01-01 16:47:15,30.7,63.0,182.6,54.7,0.0,0.0,1.0
2026-01-01 16:47:20,30.6,63.2,159.2,54.6,0.0,0.0,1.0
2026-01-01 16:47:25,30.6,63.3,145.1,54.7,0.0,0.0,1.0
2026-01-01 16:47:30,30.5,63.2,175.0,54.6,0.0,0.0,1.0
2026-01-01 16:47:35,30.6,62.8,156.4,54.6,0.0,0.0,1.0
2026-01-01 16:47:40,30.5,62.7,164.8,54.7,0.0,0.0,1.0
2026-01-01 16:47:45,30.6,62.8,162.0,54.6,0.0,0.0,1.0
2026-01-01 16:47:50,30.6,62.9,208.2,54.6,0.0,0.0,1.0
2026-01-01 16:47:55,30.6,62.9,159.0,54.6,0.0,0.0,1.0
2026-01-01 16:48:00,30.7,62.8,199.9,54.6,0.0,0.0,1.0
2026-01-01 16:48:05,30.7,62.6,178.3,54.5,0.0,0.0,1.0
2026-01-01 16:48:10,30.7,62.4,159.7,54.6,0.0,0.0,1.0
2026-01-01 16:48:15,30.8,62.5,153.9,54.5,0.0,0.0,1.0
2026-01-01 16:48:20,30.7,62.3,164.8,54.6,0.0,0.0,1.0
2026-01-01 16:48:25,30.7,62.3,160.8,54.5,0.0,0.0,1.0
2026-01-01 16:48:30,30.7,62.2,200.0,54.6,0.0,0.0,1.0
2026-01-01 16:48:35,30.6,62.4,185.1,54.5,0.0,0.0,1.0
2026-01-01 16:48:40,30.5,62.3,138.6,54.6,0.0,0.0,1.0
2026-01-01 16:48:45,30.5,62.4,135.4,54.6,0.0,0.0,1.0
2026-01-01 16:48:50,30.5,62.5,159.8,54.6,0.0,0.0,0.0
2026-01-01 16:48:55,30.5,62.3,136.3,54.5,0.0,0.0,1.0
2026-01-01 16:49:00,30.5,62.0,170.8,54.5,0.0,0.0,1.0
2026-01-01 16:49:05,30.5,62.1,175.8,54.5,0.0,0.0,0.0
2026-01-01 16:49:10,30.5,62.3,137.2,54.6,0.0,0.0,0.0
2026-01-01 16:49:15,30.6,62.2,159.0,54.5,0.0,0.0,1.0
2026-01-01 16:49:20,30.5,62.5,165.2,54.5,0.0,0.0,1.0
2026-01-01 16:49:25,30.6,62.3,138.7,54.6,0.0,0.0,0.0
2026-01-01 16:49:30,30.6,62.3,132.9,54.5,0.0,0.0,1.0
2026-01-01 16:49:35,30.6,62.5,167.4,54.4,0.0,0.0,1.0
2026-01-01 16:49:40,30.6,62.2,175.0,54.4,0.0,0.0,1.0
2026-01-01 16:49:45,30.6,62.2,177.3,54.4,0.0,0.0,1.0
2026-01-01 16:49:50,30.6,62.4,111.6,54.5,0.0,0.0,1.0
2026-01-01 16:49:55,30.6,62.4,163.2,54.4,0.0,0.0,1.0
2026-01-01 16:50:00,30.6,62.6,149.7,54.4,0.0,0.0,1.0
2026-01-01 16:50:05,30.6,62.8,176.4,54.4,0.0,0.0,1.0
2026-01-01 16:50:10,30.6,62.8,163.3,54.4,0.0,0.0,1.0
2026-01-01 16:50:15,30.4,62.6,142.7,54.4,0.0,0.0,1.0
2026-01-01 16:50:20,30.5,62.7,141.2,54.3,0.0,0.0,0.0
2026-01-01 16:50:25,30.5,62.8,153.2,54.4,0.0,0.0,0.0
2026-01-01 16:50:30,30.6,62.8,160.8,54.4,0.0,0.0,1.0
2026-01-01 16:50:35,30.5,62.8,173.7,54.4,0.0,0.0,1.0
2026-01-01 16:50:40,30.7,62.9,163.6,54.4,0.0,0.0,1.0
2026-01-01 16:50:45,30.7,63.2,158.0,54.4,0.0,0.0,1.0
2026-01-01 16:50:50,30.6,63.2,140.2,54.3,0.0,0.0,1.0
2026-01-01 16:50:55,30.6,63.2,147.5,54.2,0.0,0.0,1.0
2026-01-01 16:51:00,30.6,63.3,151.2,54.3,0.0,0.0,1.0
2026-01-01 16:51:05,30.6,63.1,136.1,54.3,0.0,0.0,1.0
2026-01-01 16:51:10,30.6,62.8,165.7,54.3,0.0,0.0,1.0
2026-01-01 16:51:15,30.6,62.8,155.9,54.3,0.0,0.0,1.0
2026-01-01 16:51:20,30.6,62.7,171.0,54.3,0.0,0.0,1.0
2026-01-01 16:51:25,30.6,62.6,144.0,54.3,0.0,0.0,1.0
2026-01-01 16:51:30,30.5,62.5,187.9,54.3,0.0,0.0,1.0
2026-01-01 16:51:35,30.5,62.6,180.4,54.3,0.0,0.0,1.0
2026-01-01 16:51:40,30.5,62.6,171.6,54.3,0.0,0.0,1.0
2026-01-01 16:51:45,30.5,62.7,138.0,54.2,0.0,0.0,1.0
2026-01-01 16:51:50,30.6,62.7,149.9,54.3,0.0,0.0,1.0
2026-01-01 16:51:55,30.6,62.8,160.6,54.3,0.0,0.0,1.0
2026-01-01 16:52:00,30.6,63.0,129.6,54.4,0.0,0.0,1.0
2026-01-01 16:52:05,30.6,62.8,160.5,54.3,0.0,0.0,1.0
2026-01-01 16:52:10,30.7,63.0,145.9,54.3,0.0,0.0,1.0
2026-01-01 16:52:15,30.7,63.1,165.0,54.2,0.0,0.0,1.0
2026-01-01 16:52:20,30.7,63.2,160.5,54.3,0.0,0.0,1.0
2026-01-01 16:52:25,30.6,63.1,157.3,54.3,0.0,0.0,1.0
2026-01-01 16:52:30,30.6,63.3,129.7,54.2,0.0,0.0,1.0
2026-01-01 16:52:35,30.7,63.2,145.0,54.2,0.0,0.0,1.0
2026-01-01 16:52:40,30.6,63.5,167.9,54.3,0.0,0.0,1.0
2026-01-01 16:52:45,30.4,63.6,109.6,54.3,0.0,0.0,1.0
2026-01-01 16:52:50,30.6,63.6,166.2,54.3,0.0,0.0,0.0
2026-01-01 16:52:55,30.6,63.4,150.6,54.4,0.0,0.0,1.0
2026-01-01 16:53:00,30.6,63.4,134.7,54.3,0.0,0.0,1.0
2026-01-01 16:53:05,30.5,63.5,148.7,54.3,0.0,0.0,1.0
2026-01-01 16:53:10,30.5,63.3,149.2,54.2,0.0,0.0,1.0
2026-01-01 16:53:15,30.5,63.3,157.9,54.2,0.0,0.0,0.0
2026-01-01 16:53:20,30.6,63.4,135.0,54.2,0.0,0.0,1.0
2026-01-01 16:53:25,30.6,63.4,155.3,54.2,0.0,0.0,1.0
2026-01-01 16:53:30,30.7,63.5,143.6,54.2,0.0,0.0,1.0
2026-01-01 16:53:35,30.7,63.8,169.6,54.2,1.0,0.0,1.0
2026-01-01 16:53:40,30.6,63.6,131.5,54.1,1.0,0.0,1.0
2026-01-01 16:53:45,30.7,63.5,162.0,54.2,1.0,0.0,1.0
2026-01-01 16:53:50,30.6,63.4,139.2,54.3,0.0,0.0,1.0
2026-01-01 16:53:55,30.6,63.4,141.1,54.4,0.0,0.0,1.0
2026-01-01 16:54:00,30.6,63.4,176.7,54.6,0.0,0.0,1.0
2026-01-01 16:54:05,30.5,63.6,145.1,54.7,0.0,0.0,1.0
2026-01-01 16:54:10,30.5,63.3,160.1,54.8,0.0,0.0,1.0
2026-01-01 16:54:15,30.5,63.4,165.4,54.8,0.0,0.0,1.0
2026-01-01 16:54:20,30.5,63.5,181.8,54.8,0.0,0.0,0.0
2026-01-01 16:54:25,30.5,63.8,197.8,54.9,0.0,0.0,1.0
2026-01-01 16:54:30,30.6,63.6,144.7,54.9,0.0,0.0,1.0
2026-01-01 16:54:35,30.4,63.4,144.2,54.9,0.0,0.0,1.0
2026-01-01 16:54:40,30.4,63.2,141.7,55.0,0.0,0.0,0.0
2026-01-01 16:54:45,30.4,63.0,148.9,55.0,0.0,0.0,0.0
2026-01-01 16:54:50,30.5,62.7,126.7,55.0,0.0,0.0,0.0
2026-01-01 16:54:55,30.5,62.7,138.6,55.0,0.0,0.0,0.0
2026-01-01 16:55:00,30.6,62.7,143.5,55.0,0.0,0.0,1.0
2026-01-01 16:55:05,30.6,62.6,154.9,54.9,0.0,0.0,1.0
2026-01-01 16:55:10,30.6,62.4,146.8,54.9,0.0,0.0,1.0
2026-01-01 16:55:15,30.5,62.2,144.0,54.9,0.0,0.0,1.0
2026-01-01 16:55:20,30.5,62.2,128.4,54.9,0.0,0.0,1.0
2026-01-01 16:55:25,30.5,62.0,127.4,54.9,0.0,0.0,0.0
2026-01-01 16:55:30,30.5,62.0,136.7,54.9,0.0,0.0,1.0
2026-01-01 16:55:35,30.5,61.7,146.1,54.9,0.0,0.0,0.0
2026-01-01 16:55:40,30.6,61.8,145.0,55.0,0.0,0.0,0.0
2026-01-01 16:55:45,30.7,62.3,145.9,54.8,0.0,0.0,1.0
2026-01-01 16:55:50,30.7,62.5,155.7,54.9,0.0,0.0,1.0
2026-01-01 16:55:55,30.7,62.7,136.3,54.9,0.0,0.0,1.0
2026-01-01 16:56:00,30.7,62.3,146.0,55.0,0.0,0.0,1.0
2026-01-01 16:56:05,30.6,62.6,149.9,54.9,0.0,0.0,1.0
2026-01-01 16:56:10,30.5,62.7,157.9,54.9,0.0,0.0,1.0
2026-01-01 16:56:15,30.5,63.0,149.8,54.8,0.0,0.0,1.0
2026-01-01 16:56:20,30.6,63.0,139.0,54.8,0.0,0.0,0.0
2026-01-01 16:56:25,30.7,62.8,106.0,54.8,0.0,0.0,1.0
2026-01-01 16:56:30,30.6,62.9,133.8,54.8,0.0,0.0,1.0
2026-01-01 16:56:35,30.5,63.4,148.6,54.8,0.0,0.0,1.0
2026-01-01 16:56:40,30.5,63.1,145.1,54.8,0.0,0.0,1.0
2026-01-01 16:56:45,30.5,62.8,150.5,54.8,0.0,0.0,1.0
2026-01-01 16:56:50,30.6,62.5,144.9,54.8,0.0,0.0,0.0
2026-01-01 16:56:55,30.7,62.7,132.4,54.8,0.0,0.0,1.0
2026-01-01 16:57:00,30.7,62.3,139.2,54.8,0.0,0.0,1.0
2026-01-01 16:57:05,30.7,62.4,166.1,54.7,0.0,0.0,1.0
2026-01-01 16:57:10,30.7,62.3,144.9,54.8,0.0,0.0,1.0
2026-01-01 16:57:15,30.7,62.1,126.4,54.8,0.0,0.0,1.0
2026-01-01 16:57:20,30.7,62.2,98.8,54.8,0.0,0.0,1.0
2026-01-01 16:57:25,30.7,62.0,139.2,54.8,0.0,0.0,1.0
2026-01-01 16:57:30,30.7,62.0,149.3,54.8,0.0,0.0,1.0
2026-01-01 16:57:35,30.6,62.1,151.8,54.8,0.0,0.0,1.0
2026-01-01 16:57:40,30.7,62.3,152.7,54.8,0.0,0.0,1.0
2026-01-01 16:57:45,30.7,62.1,147.0,54.7,0.0,0.0,1.0
2026-01-01 16:57:50,30.6,62.2,157.5,54.7,0.0,0.0,1.0
2026-01-01 16:57:55,30.6,62.6,161.4,54.7,0.0,0.0,1.0
2026-01-01 16:58:00,30.6,62.7,96.9,54.7,0.0,0.0,1.0
2026-01-01 16:58:05,30.6,62.7,155.8,54.7,0.0,0.0,1.0
2026-01-01 16:58:10,30.4,62.8,154.1,54.7,0.0,0.0,1.0
2026-01-01 16:58:15,30.5,62.6,141.4,54.7,0.0,0.0,0.0
2026-01-01 16:58:20,30.5,62.7,129.7,54.7,0.0,0.0,0.0
2026-01-01 16:58:25,30.6,63.0,119.8,54.7,0.0,0.0,0.0
2026-01-01 16:58:30,30.5,63.0,136.5,54.6,0.0,0.0,1.0
2026-01-01 16:58:35,30.5,62.8,145.8,54.7,0.0,0.0,1.0
2026-01-01 16:58:40,30.5,62.6,112.2,54.7,0.0,0.0,0.0
2026-01-01 16:58:45,30.5,62.4,149.6,54.7,0.0,0.0,0.0
2026-01-01 16:58:50,30.5,62.2,152.0,54.6,0.0,0.0,1.0
2026-01-01 16:58:55,30.6,62.3,158.6,54.6,0.0,0.0,1.0
2026-01-01 16:59:00,30.5,62.5,151.5,54.6,0.0,0.0,1.0
2026-01-01 16:59:05,30.5,62.6,145.6,54.7,0.0,0.0,0.0
2026-01-01 16:59:10,30.5,62.6,130.7,54.7,0.0,0.0,0.0
2026-01-01 16:59:15,30.4,62.5,108.5,54.7,0.0,0.0,0.0
2026-01-01 16:59:20,30.5,62.3,164.9,54.8,0.0,0.0,0.0
2026-01-01 16:59:25,30.5,62.3,128.7,54.7,0.0,0.0,0.0
2026-01-01 16:59:30,30.6,62.3,145.6,54.7,0.0,0.0,0.0
2026-01-01 16:59:35,30.8,62.4,151.2,54.7,0.0,0.0,1.0
2026-01-01 16:59:40,30.9,62.2,135.3,54.7,0.0,0.0,1.0
2026-01-01 16:59:45,30.9,62.0,143.7,54.7,0.0,0.0,1.0
2026-01-01 16:59:50,30.8,62.0,159.4,54.6,0.0,0.0,1.0
2026-01-01 16:59:55,30.9,62.0,123.6,54.6,0.0,0.0,1.0
2026-01-01 20:00:00,29.1,73.9,43.2,54.4,0.0,0.0,0.0
2026-01-01 20:00:05,29.1,73.8,19.0,54.4,0.0,0.0,0.0
2026-01-01 20:00:10,29.1,73.9,34.4,54.4,0.0,0.0,0.0
2026-01-01 20:00:15,29.1,73.8,22.1,54.5,0.0,0.0,0.0
2026-01-01 20:00:20,29.1,73.6,3.4,54.4,0.0,0.0,0.0
2026-01-01 20:00:25,29.2,73.5,4.2,54.4,0.0,0.0,0.0
2026-01-01 20:00:30,29.2,73.4,5.1,54.4,0.0,0.0,0.0
2026-01-01 20:00:35,29.2,73.6,0.0,54.5,0.0,0.0,0.0
2026-01-01 20:00:40,29.2,73.6,3.1,54.4,0.0,0.0,0.0
2026-01-01 20:00:45,29.3,73.8,1.1,54.3,0.0,0.0,0.0
2026-01-01 20:00:50,29.3,73.8,0.0,54.4,0.0,0.0,0.0
2026-01-01 20:00:55,29.4,73.3,17.4,54.3,0.0,0.0,0.0
2026-01-01 20:01:00,29.4,73.6,54.9,54.3,0.0,0.0,0.0
2026-01-01 20:01:05,29.5,73.7,39.8,54.3,0.0,0.0,0.0
2026-01-01 20:01:10,29.5,73.6,10.2,54.4,0.0,0.0,0.0
2026-01-01 20:01:15,29.5,73.5,4.6,54.5,0.0,0.0,0.0
2026-01-01 20:01:20,29.4,73.6,19.2,54.5,0.0,0.0,0.0
2026-01-01 20:01:25,29.4,73.6,18.1,54.4,0.0,0.0,0.0
2026-01-01 20:01:30,29.4,73.6,1.8,54.4,0.0,0.0,0.0
2026-01-01 20:01:35,29.3,74.3,0.0,54.4,0.0,0.0,0.0
2026-01-01 20:01:40,29.3,74.6,7.0,54.4,0.0,0.0,0.0
2026-01-01 20:01:45,29.4,74.8,17.9,54.4,0.0,0.0,0.0
2026-01-01 20:01:50,29.4,75.0,8.7,54.4,0.0,0.0,0.0
2026-01-01 20:01:55,29.4,75.1,0.4,54.5,0.0,0.0,0.0
2026-01-01 20:02:00,29.5,75.1,30.0,54.3,0.0,0.0,0.0
2026-01-01 20:02:05,29.5,75.0,17.1,54.4,0.0,0.0,0.0
2026-01-01 20:02:10,29.5,75.2,41.2,54.4,0.0,0.0,0.0
2026-01-01 20:02:15,29.6,75.3,7.7,54.4,0.0,0.0,0.0
2026-01-01 20:02:20,29.5,75.3,48.2,54.4,0.0,0.0,0.0
2026-01-01 20:02:25,29.5,75.4,31.5,54.4,0.0,0.0,0.0
2026-01-01 20:02:30,29.5,75.3,13.5,54.5,0.0,0.0,0.0
2026-01-01 20:02:35,29.5,75.1,0.0,54.5,0.0,0.0,0.0
2026-01-01 20:02:40,29.4,74.9,8.2,54.4,0.0,0.0,0.0
2026-01-01 20:02:45,29.4,74.6,31.9,54.4,0.0,0.0,0.0
2026-01-01 20:02:50,29.4,74.8,0.0,54.4,0.0,0.0,0.0
2026-01-01 20:02:55,29.4,75.1,73.8,54.3,0.0,0.0,0.0
2026-01-01 20:03:00,29.3,74.9,27.9,54.4,0.0,0.0,0.0
2026-01-01 20:03:05,29.3,75.0,4.9,54.4,0.0,0.0,0.0
2026-01-01 20:03:10,29.4,74.9,14.8,54.3,0.0,0.0,0.0
2026-01-01 20:03:15,29.4,74.9,4.9,54.4,0.0,0.0,0.0
2026-01-01 20:03:20,29.5,75.0,42.4,54.4,0.0,0.0,0.0
2026-01-01 20:03:25,29.6,74.7,30.7,54.3,0.0,0.0,0.0
2026-01-01 20:03:30,29.6,75.0,4.8,54.3,0.0,0.0,0.0
2026-01-01 20:03:35,29.5,74.7,10.2,54.3,0.0,0.0,0.0
2026-01-01 20:03:40,29.4,74.8,43.9,54.3,0.0,0.0,0.0
2026-01-01 20:03:45,29.4,74.9,29.6,54.4,0.0,0.0,0.0
2026-01-01 20:03:50,29.4,74.9,4.4,54.3,0.0,0.0,0.0
2026-01-01 20:03:55,29.4,74.9,0.0,54.3,0.0,0.0,0.0
2026-01-01 20:04:00,29.4,75.0,40.4,54.3,0.0,0.0,0.0
2026-01-01 20:04:05,29.4,75.2,16.5,54.4,0.0,0.0,0.0
2026-01-01 20:04:10,29.4,75.0,1.2,54.4,0.0,0.0,0.0
2026-01-01 20:04:15,29.4,74.9,14.0,54.4,0.0,0.0,0.0
2026-01-01 20:04:20,29.4,74.6,7.9,54.3,0.0,0.0,0.0
2026-01-01 20:04:25,29.4,74.6,9.0,54.3,0.0,0.0,0.0
2026-01-01 20:04:30,29.5,74.5,35.4,54.3,0.0,0.0,0.0
2026-01-01 20:04:35,29.5,74.5,0.0,54.2,0.0,0.0,0.0
2026-01-01 20:04:40,29.4,74.6,3.7,54.3,0.0,0.0,0.0
2026-01-01 20:04:45,29.3,74.5,0.9,54.2,0.0,0.0,0.0
2026-01-01 20:04:50,29.3,74.5,36.0,54.2,0.0,0.0,0.0
2026-01-01 20:04:55,29.2,74.4,0.0,54.3,0.0,0.0,0.0
2026-01-01 20:05:00,29.2,74.6,0.0,54.3,0.0,0.0,0.0
2026-01-01 20:05:05,29.3,74.6,23.0,54.3,0.0,0.0,0.0
2026-01-01 20:05:10,29.4,74.6,0.0,54.3,0.0,0.0,0.0
2026-01-01 20:05:15,29.3,74.5,9.8,54.3,0.0,0.0,0.0
2026-01-01 20:05:20,29.3,74.4,20.7,54.3,0.0,0.0,0.0
2026-01-01 20:05:25,29.2,74.1,19.6,54.4,0.0,0.0,0.0
2026-01-01 20:05:30,29.2,74.2,30.6,54.3,0.0,0.0,0.0
2026-01-01 20:05:35,29.1,74.1,2.8,54.4,0.0,0.0,0.0
2026-01-01 20:05:40,29.0,73.7,9.6,54.4,0.0,0.0,0.0
2026-01-01 20:05:45,29.0,73.6,0.0,54.4,0.0,0.0,0.0
2026-01-01 20:05:50,28.9,73.6,2.9,54.4,0.0,0.0,0.0
2026-01-01 20:05:55,29.1,73.8,38.6,54.4,0.0,0.0,0.0
2026-01-01 20:06:00,29.1,73.9,21.8,54.4,0.0,0.0,0.0
2026-01-01 20:06:05,29.0,74.0,37.6,54.4,0.0,0.0,0.0
2026-01-01 20:06:10,28.9,74.1,27.0,54.3,0.0,0.0,0.0
2026-01-01 20:06:15,29.0,73.9,19.1,54.3,0.0,0.0,0.0
2026-01-01 20:06:20,28.9,73.8,26.9,54.3,0.0,0.0,0.0
2026-01-01 20:06:25,28.8,73.8,14.2,54.3,0.0,0.0,0.0
2026-01-01 20:06:30,28.8,73.6,31.9,54.4,0.0,0.0,0.0
2026-01-01 20:06:35,28.9,73.5,13.3,54.3,0.0,0.0,0.0
2026-01-01 20:06:40,29.0,73.3,9.4,54.3,0.0,0.0,0.0
2026-01-01 20:06:45,29.0,73.3,8.8,54.3,0.0,0.0,0.0
2026-01-01 20:06:50,29.0,73.0,26.0,54.3,0.0,0.0,0.0
2026-01-01 20:06:55,29.1,73.1,35.6,54.2,0.0,0.0,0.0
2026-01-01 20:07:00,29.1,73.0,23.4,54.3,0.0,0.0,0.0
2026-01-01 20:07:05,29.1,73.2,0.0,54.3,0.0,0.0,0.0
2026-01-01 20:07:10,29.1,72.8,8.1,54.3,0.0,0.0,0.0
2026-01-01 20:07:15,29.1,72.9,22.9,54.3,0.0,0.0,0.0
2026-01-01 20:07:20,29.2,73.0,8.8,54.3,0.0,0.0,0.0
2026-01-01 20:07:25,29.1,73.2,11.1,54.3,0.0,0.0,0.0
2026-01-01 20:07:30,29.0,73.5,0.0,54.4,0.0,0.0,0.0
2026-01-01 20:07:35,28.9,73.7,8.3,54.4,0.0,0.0,0.0
2026-01-01 20:07:40,28.9,73.7,2.5,54.3,0.0,0.0,0.0
2026-01-01 20:07:45,28.9,73.4,7.2,54.3,0.0,0.0,0.0
2026-01-01 20:07:50,28.8,73.2,0.0,54.3,0.0,0.0,0.0
2026-01-01 20:07:55,28.7,73.2,0.0,54.4,0.0,0.0,0.0
2026-01-01 20:08:00,28.7,73.2,12.7,54.4,0.0,0.0,0.0
2026-01-01 20:08:05,28.6,73.5,0.0,54.2,0.0,0.0,0.0
2026-01-01 20:08:10,28.6,73.3,21.0,54.3,0.0,0.0,0.0
2026-01-01 20:08:15,28.5,73.2,0.0,54.3,0.0,0.0,0.0
2026-01-01 20:08:20,28.4,73.3,37.6,54.3,0.0,0.0,0.0
2026-01-01 20:08:25,28.4,73.1,27.3,54.3,0.0,0.0,0.0
2026-01-01 20:08:30,28.5,73.2,28.2,54.3,0.0,0.0,0.0
2026-01-01 20:08:35,28.5,73.4,34.0,54.3,0.0,0.0,0.0
2026-01-01 20:08:40,28.6,73.6,4.0,54.3,0.0,0.0,0.0
2026-01-01 20:08:45,28.6,73.5,9.2,54.3,0.0,0.0,0.0
2026-01-01 20:08:50,28.6,73.2,5.9,54.3,0.0,0.0,0.0
2026-01-01 20:08:55,28.5,73.3,42.3,54.2,0.0,0.0,0.0
2026-01-01 20:09:00,28.4,73.6,2.9,54.3,0.0,0.0,0.0
2026-01-01 20:09:05,28.4,73.7,28.9,54.3,0.0,0.0,0.0
2026-01-01 20:09:10,28.4,74.0,16.4,54.3,0.0,0.0,0.0
2026-01-01 20:09:15,28.5,73.9,39.7,54.4,0.0,0.0,0.0
2026-01-01 20:09:20,28.5,74.0,39.8,54.3,0.0,0.0,0.0
2026-01-01 20:09:25,28.4,74.1,25.1,54.3,0.0,0.0,0.0
2026-01-01 20:09:30,28.5,74.1,35.7,54.3,0.0,0.0,0.0
2026-01-01 20:09:35,28.4,74.1,0.2,54.3,0.0,0.0,0.0
2026-01-01 20:09:40,28.4,74.3,18.4,54.3,0.0,0.0,0.0
2026-01-01 20:09:45,28.4,74.3,20.6,54.3,0.0,0.0,0.0
2026-01-01 20:09:50,28.4,74.2,28.8,54.4,0.0,0.0,0.0
2026-01-01 20:09:55,28.4,73.9,4.1,54.3,0.0,0.0,0.0
2026-01-01 20:10:00,28.4,73.9,0.0,54.4,0.0,0.0,0.0
2026-01-01 20:10:05,28.4,74.1,17.8,54.3,0.0,0.0,0.0
2026-01-01 20:10:10,28.4,73.9,21.1,54.3,0.0,0.0,0.0
2026-01-01 20:10:15,28.6,73.7,11.7,54.3,0.0,0.0,0.0
2026-01-01 20:10:20,28.6,73.8,11.2,54.3,0.0,0.0,0.0
2026-01-01 20:10:25,28.5,74.0,7.6,54.4,0.0,0.0,0.0
2026-01-01 20:10:30,28.5,74.2,10.6,54.4,0.0,0.0,0.0
2026-01-01 20:10:35,28.4,74.0,26.1,54.3,0.0,0.0,0.0
2026-01-01 20:10:40,28.3,73.7,36.3,54.3,0.0,0.0,0.0
2026-01-01 20:10:45,28.4,73.8,32.6,54.3,0.0,0.0,0.0
2026-01-01 20:10:50,28.4,73.6,11.5,54.4,0.0,0.0,0.0
2026-01-01 20:10:55,28.3,73.6,0.0,54.4,0.0,0.0,0.0
2026-01-01 20:11:00,28.3,73.6,28.4,54.4,0.0,0.0,0.0
2026-01-01 20:11:05,28.3,73.8,32.6,54.4,0.0,0.0,0.0
2026-01-01 20:11:10,28.3,73.6,28.5,54.4,0.0,0.0,0.0
2026-01-01 20:11:15,28.4,73.2,8.7,54.4,0.0,0.0,0.0
2026-01-01 20:11:20,28.4,73.4,12.2,54.4,0.0,0.0,0.0
2026-01-01 20:11:25,28.4,73.4,10.4,54.4,0.0,0.0,0.0
2026-01-01 20:11:30,28.5,73.4,17.2,54.4,0.0,0.0,0.0
2026-01-01 20:11:35,28.5,73.4,0.8,54.4,0.0,0.0,0.0
2026-01-01 20:11:40,28.5,73.3,25.3,54.4,0.0,0.0,0.0
2026-01-01 20:11:45,28.6,73.2,0.0,54.4,0.0,0.0,0.0
2026-01-01 20:11:50,28.6,73.6,22.8,54.4,0.0,0.0,0.0
2026-01-01 20:11:55,28.6,73.6,2.2,54.4,0.0,0.0,0.0
2026-01-01 20:12:00,28.6,73.8,23.2,54.4,0.0,0.0,0.0
2026-01-01 20:12:05,28.5,73.8,26.4,54.4,0.0,0.0,0.0
2026-01-01 20:12:10,28.6,74.1,36.2,54.4,0.0,0.0,0.0
2026-01-01 20:12:15,28.6,74.2,16.4,54.4,0.0,0.0,0.0
2026-01-01 20:12:20,28.7,74.4,19.9,54.3,0.0,0.0,0.0
2026-01-01 20:12:25,28.8,74.3,15.1,54.3,0.0,0.0,0.0
2026-01-01 20:12:30,28.8,74.4,48.6,54.4,0.0,0.0,0.0
2026-01-01 20:12:35,28.8,74.4,3.2,54.4,0.0,0.0,0.0
2026-01-01 20:12:40,28.8,74.6,20.7,54.4,0.0,0.0,0.0
2026-01-01 20:12:45,28.9,74.5,22.0,54.4,0.0,0.0,0.0
2026-01-01 20:12:50,28.9,74.4,0.0,54.4,0.0,0.0,0.0
2026-01-01 20:12:55,28.9,74.4,0.0,54.3,0.0,0.0,0.0
2026-01-01 20:13:00,29.0,74.3,5.6,54.4,0.0,0.0,0.0
2026-01-01 20:13:05,28.9,74.5,0.0,54.4,0.0,0.0,0.0
2026-01-01 20:13:10,29.0,74.5,42.2,54.4,0.0,0.0,0.0
2026-01-01 20:13:15,28.9,74.2,26.2,54.4,0.0,0.0,0.0
2026-01-01 20:13:20,29.0,74.3,20.0,54.4,0.0,0.0,0.0
2026-01-01 20:13:25,28.9,74.2,24.5,54.4,0.0,0.0,0.0
2026-01-01 20:13:30,28.8,74.2,16.4,54.4,0.0,0.0,0.0
2026-01-01 20:13:35,28.8,74.1,0.2,54.4,0.0,0.0,0.0
2026-01-01 20:13:40,28.7,74.1,27.7,54.4,0.0,0.0,0.0
2026-01-01 20:13:45,28.6,74.0,0.0,54.3,0.0,0.0,0.0
2026-01-01 20:13:50,28.6,74.2,48.7,54.3,0.0,0.0,0.0
2026-01-01 20:13:55,28.6,74.3,5.0,54.3,0.0,0.0,0.0
2026-01-01 20:14:00,28.5,74.3,0.0,54.4,0.0,0.0,0.0
2026-01-01 20:14:05,28.6,74.0,8.3,54.4,0.0,0.0,0.0
2026-01-01 20:14:10,28.8,74.0,7.0,54.3,0.0,0.0,0.0
2026-01-01 20:14:15,28.9,74.1,12.6,54.3,0.0,0.0,0.0
2026-01-01 20:14:20,29.0,74.2,7.7,54.3,0.0,0.0,0.0
2026-01-01 20:14:25,29.0,74.0,6.6,54.3,0.0,0.0,0.0
2026-01-01 20:14:30,29.0,74.0,4.6,54.3,0.0,0.0,0.0
2026-01-01 20:14:35,28.9,74.0,27.6,54.4,0.0,0.0,0.0
2026-01-01 20:14:40,28.9,74.1,0.0,54.4,0.0,0.0,0.0
2026-01-01 20:14:45,29.0,74.1,2.7,54.4,0.0,0.0,0.0
2026-01-01 20:14:50,29.0,74.1,0.9,54.3,0.0,0.0,0.0
2026-01-01 20:14:55,29.0,74.4,12.3,54.2,0.0,0.0,0.0
2026-01-01 20:15:00,28.8,74.5,32.3,54.2,0.0,0.0,0.0
2026-01-01 20:15:05,28.7,74.9,0.0,54.2,0.0,0.0,0.0
2026-01-01 20:15:10,28.8,74.8,15.8,54.3,0.0,0.0,0.0
2026-01-01 20:15:15,28.8,74.9,34.6,54.3,0.0,0.0,0.0
2026-01-01 20:15:20,28.8,75.0,11.4,54.4,0.0,0.0,0.0
2026-01-01 20:15:25,28.9,75.1,14.0,54.3,0.0,0.0,0.0
2026-01-01 20:15:30,28.9,75.2,21.4,54.4,0.0,0.0,0.0
2026-01-01 20:15:35,28.9,75.5,7.4,54.3,0.0,0.0,0.0
2026-01-01 20:15:40,28.8,75.7,1.2,54.3,0.0,0.0,0.0
2026-01-01 20:15:45,28.7,75.6,12.7,54.3,0.0,0.0,0.0
2026-01-01 20:15:50,28.8,75.4,29.5,54.3,0.0,0.0,0.0
2026-01-01 20:15:55,28.8,75.7,13.7,54.3,0.0,0.0,0.0
2026-01-01 20:16:00,28.6,75.7,10.7,54.3,0.0,0.0,0.0
2026-01-01 20:16:05,28.6,76.0,16.1,54.3,0.0,0.0,0.0
2026-01-01 20:16:10,28.7,76.2,6.7,54.2,0.0,0.0,0.0
2026-01-01 20:16:15,28.6,76.0,11.2,54.1,1.0,0.0,0.0
2026-01-01 20:16:20,28.6,75.8,0.0,54.2,1.0,0.0,0.0
2026-01-01 20:16:25,28.6,75.7,4.6,54.3,1.0,0.0,0.0
2026-01-01 20:16:30,28.5,75.1,24.3,54.5,0.0,0.0,0.0
2026-01-01 20:16:35,28.6,75.0,17.2,54.6,0.0,0.0,0.0
2026-01-01 20:16:40,28.5,74.8,10.6,54.7,0.0,0.0,0.0
2026-01-01 20:16:45,28.6,74.8,35.2,54.8,0.0,0.0,0.0
2026-01-01 20:16:50,28.5,74.7,22.4,54.9,0.0,0.0,0.0
2026-01-01 20:16:55,28.4,74.5,15.9,55.0,0.0,0.0,0.0
2026-01-01 20:17:00,28.4,74.9,26.4,55.0,0.0,0.0,0.0
2026-01-01 20:17:05,28.3,75.1,0.0,55.0,0.0,0.0,0.0
2026-01-01 20:17:10,28.3,75.3,25.0,55.1,0.0,0.0,0.0
2026-01-01 20:17:15,28.4,75.3,9.8,55.1,0.0,0.0,0.0
2026-01-01 20:17:20,28.2,75.3,0.0,55.1,0.0,0.0,0.0
2026-01-01 20:17:25,28.2,75.4,20.9,55.1,0.0,0.0,0.0
2026-01-01 20:17:30,28.1,75.2,10.3,55.1,0.0,0.0,0.0
2026-01-01 20:17:35,28.0,75.4,19.8,55.1,0.0,0.0,0.0
2026-01-01 20:17:40,28.0,75.3,5.4,55.1,0.0,0.0,0.0
2026-01-01 20:17:45,27.9,75.0,34.6,55.2,0.0,0.0,0.0
2026-01-01 20:17:50,27.8,74.9,5.9,55.2,0.0,0.0,0.0
2026-01-01 20:17:55,27.8,74.8,20.4,55.2,0.0,0.0,0.0
2026-01-01 20:18:00,27.9,75.0,31.6,55.2,0.0,0.0,0.0
2026-01-01 20:18:05,27.8,75.3,11.5,55.2,0.0,0.0,0.0
2026-01-01 20:18:10,27.8,75.3,10.0,55.2,0.0,0.0,0.0
2026-01-01 20:18:15,27.8,75.4,0.0,55.2,0.0,0.0,0.0
2026-01-01 20:18:20,27.8,75.3,29.4,55.2,0.0,0.0,0.0
2026-01-01 20:18:25,27.9,75.2,22.7,55.1,0.0,0.0,0.0
2026-01-01 20:18:30,28.0,75.1,8.6,55.2,0.0,0.0,0.0
2026-01-01 20:18:35,28.0,75.1,10.1,55.2,0.0,0.0,0.0
2026-01-01 20:18:40,28.1,75.0,44.2,55.2,0.0,0.0,0.0
2026-01-01 20:18:45,28.2,74.8,30.5,55.2,0.0,0.0,0.0
2026-01-01 20:18:50,28.1,75.1,5.6,55.1,0.0,0.0,0.0
2026-01-01 20:18:55,28.2,75.2,32.2,55.1,0.0,0.0,0.0
2026-01-01 20:19:00,28.2,75.3,0.0,55.2,0.0,0.0,0.0
2026-01-01 20:19:05,28.2,75.7,0.0,55.2,0.0,0.0,0.0
2026-01-01 20:19:10,28.2,75.9,0.0,55.2,0.0,0.0,0.0
2026-01-01 20:19:15,28.2,75.8,34.3,55.2,0.0,0.0,0.0
2026-01-01 20:19:20,28.1,75.5,40.5,55.2,0.0,0.0,0.0
2026-01-01 20:19:25,28.3,75.5,55.9,55.2,0.0,0.0,0.0
2026-01-01 20:19:30,28.4,75.5,16.0,55.2,0.0,0.0,0.0
2026-01-01 20:19:35,28.4,75.3,26.9,55.2,0.0,0.0,0.0
2026-01-01 20:19:40,28.3,75.0,17.0,55.3,0.0,0.0,0.0
2026-01-01 20:19:45,28.2,75.2,1.5,55.3,0.0,0.0,0.0
2026-01-01 20:19:50,28.3,75.2,32.7,55.2,0.0,0.0,0.0
2026-01-01 20:19:55,28.4,75.2,23.5,55.2,0.0,0.0,0.0
2026-01-01 20:20:00,28.4,74.8,46.1,55.2,0.0,0.0,0.0
2026-01-01 20:20:05,28.4,74.4,30.5,55.3,0.0,0.0,0.0
2026-01-01 20:20:10,28.4,74.4,4.6,55.2,0.0,0.0,0.0
2026-01-01 20:20:15,28.4,74.2,0.0,55.2,0.0,0.0,0.0
2026-01-01 20:20:20,28.4,74.0,29.1,55.2,0.0,0.0,0.0
2026-01-01 20:20:25,28.4,73.9,26.1,55.2,0.0,0.0,0.0
2026-01-01 20:20:30,28.5,74.0,27.8,55.1,0.0,0.0,0.0
2026-01-01 20:20:35,28.5,74.1,41.5,55.1,0.0,0.0,0.0
2026-01-01 20:20:40,28.6,74.4,0.0,55.1,0.0,0.0,0.0
2026-01-01 20:20:45,28.6,74.3,0.0,55.1,0.0,0.0,0.0
2026-01-01 20:20:50,28.7,74.8,5.9,55.2,0.0,0.0,0.0
2026-01-01 20:20:55,28.7,74.7,6.3,55.1,0.0,0.0,0.0
2026-01-01 20:21:00,28.6,74.8,11.3,55.1,0.0,0.0,0.0
2026-01-01 20:21:05,28.6,75.2,13.3,55.1,0.0,0.0,0.0
2026-01-01 20:21:10,28.5,75.1,33.1,55.2,0.0,0.0,0.0
2026-01-01 20:21:15,28.6,75.2,7.4,55.1,0.0,0.0,0.0
2026-01-01 20:21:20,28.6,75.1,22.3,55.2,0.0,0.0,0.0
2026-01-01 20:21:25,28.6,75.0,20.8,55.2,0.0,0.0,0.0
2026-01-01 20:21:30,28.6,75.0,17.6,55.1,0.0,0.0,0.0
2026-01-01 20:21:35,28.6,75.1,22.4,55.2,0.0,0.0,0.0
2026-01-01 20:21:40,28.6,75.0,38.4,55.1,0.0,0.0,0.0
2026-01-01 20:21:45,28.7,74.8,27.4,55.2,0.0,0.0,0.0
2026-01-01 20:21:50,28.7,74.8,6.6,55.2,0.0,0.0,0.0
2026-01-01 20:21:55,28.7,75.1,25.2,55.2,0.0,0.0,0.0
2026-01-01 20:22:00,28.7,75.3,2.9,55.2,0.0,0.0,0.0
2026-01-01 20:22:05,28.6,75.1,39.4,55.2,0.0,0.0,0.0
2026-01-01 20:22:10,28.6,75.1,6.2,55.1,0.0,0.0,0.0
2026-01-01 20:22:15,28.6,75.2,33.8,55.2,0.0,0.0,0.0
2026-01-01 20:22:20,28.5,75.2,16.2,55.1,0.0,0.0,0.0
2026-01-01 20:22:25,28.4,75.3,27.9,55.1,0.0,0.0,0.0
2026-01-01 20:22:30,28.5,75.2,0.0,55.1,0.0,0.0,0.0
2026-01-01 20:22:35,28.5,75.1,4.0,55.1,0.0,0.0,0.0
2026-01-01 20:22:40,28.5,74.8,3.6,55.1,0.0,0.0,0.0
2026-01-01 20:22:45,28.5,74.9,23.1,55.2,0.0,0.0,0.0
2026-01-01 20:22:50,28.7,75.2,28.6,55.1,0.0,0.0,0.0
2026-01-01 20:22:55,28.7,75.2,23.4,55.2,0.0,0.0,0.0
2026-01-01 20:23:00,28.7,75.2,9.9,55.2,0.0,0.0,0.0
2026-01-01 20:23:05,28.6,75.4,4.2,55.2,0.0,0.0,0.0
2026-01-01 20:23:10,28.5,75.5,45.0,55.2,0.0,0.0,0.0
2026-01-01 20:23:15,28.5,75.2,1.7,55.1,0.0,0.0,0.0
2026-01-01 20:23:20,28.5,75.2,25.6,55.1,0.0,0.0,0.0
2026-01-01 20:23:25,28.5,75.1,29.6,55.2,0.0,0.0,0.0
2026-01-01 20:23:30,28.4,74.8,15.3,55.2,0.0,0.0,0.0
2026-01-01 20:23:35,28.3,74.9,0.0,55.2,0.0,0.0,0.0
2026-01-01 20:23:40,28.2,74.6,14.7,55.2,0.0,0.0,0.0
2026-01-01 20:23:45,28.2,74.5,17.5,55.1,0.0,0.0,0.0
2026-01-01 20:23:50,28.2,74.5,5.5,55.1,0.0,0.0,0.0
2026-01-01 20:23:55,28.4,74.4,1.2,55.1,0.0,0.0,0.0
2026-01-01 20:24:00,28.4,74.1,27.0,55.1,0.0,0.0,0.0
2026-01-01 20:24:05,28.4,74.4,7.8,55.1,0.0,0.0,0.0
2026-01-01 20:24:10,28.4,74.6,24.1,55.0,0.0,0.0,0.0
2026-01-01 20:24:15,28.5,74.4,0.0,55.0,0.0,0.0,0.0
2026-01-01 20:24:20,28.5,74.6,50.2,55.0,0.0,0.0,0.0
2026-01-01 20:24:25,28.5,74.7,39.6,55.1,0.0,0.0,0.0
2026-01-01 20:24:30,28.5,74.8,6.4,55.0,0.0,0.0,0.0
2026-01-01 20:24:35,28.5,74.7,28.8,55.0,0.0,0.0,0.0
2026-01-01 20:24:40,28.5,74.4,23.0,55.1,0.0,0.0,0.0
2026-01-01 20:24:45,28.5,74.4,15.5,55.0,0.0,0.0,0.0
2026-01-01 20:24:50,28.4,74.3,16.3,55.0,0.0,0.0,0.0
2026-01-01 20:24:55,28.3,74.2,5.2,55.1,0.0,0.0,0.0
2026-01-01 20:25:00,28.3,74.3,6.3,55.0,0.0,0.0,0.0
2026-01-01 20:25:05,28.3,74.2,7.2,55.0,0.0,0.0,0.0
2026-01-01 20:25:10,28.2,74.3,8.7,55.0,0.0,0.0,0.0
2026-01-01 20:25:15,28.2,74.4,7.9,55.0,0.0,0.0,0.0
2026-01-01 20:25:20,28.2,74.3,22.4,54.9,0.0,0.0,0.0
2026-01-01 20:25:25,28.2,74.3,27.3,54.9,0.0,0.0,0.0
2026-01-01 20:25:30,28.3,74.5,0.0,54.9,0.0,0.0,0.0
2026-01-01 20:25:35,28.2,74.5,20.5,54.9,0.0,0.0,0.0
2026-01-01 20:25:40,28.2,74.9,23.7,55.0,0.0,0.0,0.0
2026-01-01 20:25:45,28.0,74.9,1.0,55.0,0.0,0.0,0.0
2026-01-01 20:25:50,27.9,74.8,0.0,55.0,0.0,0.0,0.0
2026-01-01 20:25:55,27.9,74.8,5.5,55.0,0.0,0.0,0.0
2026-01-01 20:26:00,27.9,74.9,35.6,54.9,0.0,0.0,0.0
2026-01-01 20:26:05,27.7,74.9,4.1,54.9,0.0,0.0,0.0
2026-01-01 20:26:10,27.6,74.7,11.9,55.0,0.0,0.0,0.0
2026-01-01 20:26:15,27.8,74.5,24.2,55.0,0.0,0.0,0.0
2026-01-01 20:26:20,27.8,74.3,16.9,55.0,0.0,0.0,0.0
2026-01-01 20:26:25,27.8,74.2,7.1,55.0,0.0,0.0,0.0
2026-01-01 20:26:30,27.9,74.5,3.3,55.0,0.0,0.0,0.0
2026-01-01 20:26:35,27.8,74.6,9.9,55.0,0.0,0.0,0.0
2026-01-01 20:26:40,27.9,74.9,29.7,55.0,0.0,0.0,0.0
2026-01-01 20:26:45,27.8,74.7,7.4,55.0,0.0,0.0,0.0
2026-01-01 20:26:50,27.8,74.9,25.0,55.0,0.0,0.0,0.0
2026-01-01 20:26:55,27.9,75.0,16.7,55.0,0.0,0.0,0.0
2026-01-01 20:27:00,28.0,74.7,0.0,54.9,0.0,0.0,0.0
2026-01-01 20:27:05,28.0,74.5,18.9,54.9,0.0,0.0,0.0
2026-01-01 20:27:10,28.1,74.4,16.4,55.0,0.0,0.0,0.0
2026-01-01 20:27:15,28.2,74.3,34.0,54.9,0.0,0.0,0.0
2026-01-01 20:27:20,28.2,74.5,14.2,54.9,0.0,0.0,0.0
2026-01-01 20:27:25,28.1,74.4,3.5,54.9,0.0,0.0,0.0
2026-01-01 20:27:30,28.1,74.5,31.5,54.9,0.0,0.0,0.0
2026-01-01 20:27:35,28.1,74.5,15.9,54.9,0.0,0.0,0.0
2026-01-01 20:27:40,28.1,74.2,20.9,54.9,0.0,0.0,0.0
2026-01-01 20:27:45,28.0,74.0,22.5,55.0,0.0,0.0,0.0
2026-01-01 20:27:50,28.1,74.0,4.3,55.0,0.0,0.0,0.0
2026-01-01 20:27:55,28.0,73.9,19.8,55.1,0.0,0.0,0.0
2026-01-01 20:28:00,28.0,74.0,27.6,55.0,0.0,0.0,0.0
2026-01-01 20:28:05,27.9,73.8,24.1,55.0,0.0,0.0,0.0
2026-01-01 20:28:10,28.0,73.7,12.4,55.0,0.0,0.0,0.0
2026-01-01 20:28:15,28.0,73.7,36.7,55.0,0.0,0.0,0.0
2026-01-01 20:28:20,28.1,73.6,1.7,54.9,0.0,0.0,0.0
2026-01-01 20:28:25,28.1,73.5,7.6,55.0,0.0,0.0,0.0
2026-01-01 20:28:30,28.2,73.4,14.1,55.0,0.0,0.0,0.0
2026-01-01 20:28:35,28.2,73.3,9.5,55.0,0.0,0.0,0.0
2026-01-01 20:28:40,28.2,73.2,0.0,55.0,0.0,0.0,0.0
2026-01-01 20:28:45,28.2,73.2,3.2,54.9,0.0,0.0,0.0
2026-01-01 20:28:50,28.2,73.1,2.2,55.0,0.0,0.0,0.0
2026-01-01 20:28:55,28.2,72.9,26.3,55.0,0.0,0.0,0.0
2026-01-01 20:29:00,28.2,73.1,0.9,55.0,0.0,0.0,0.0
2026-01-01 20:29:05,28.2,73.2,0.0,55.0,0.0,0.0,0.0
2026-01-01 20:29:10,28.3,73.3,24.0,54.9,0.0,0.0,0.0
2026-01-01 20:29:15,28.3,73.4,19.2,55.0,0.0,0.0,0.0
2026-01-01 20:29:20,28.3,73.4,5.5,55.0,0.0,0.0,0.0
2026-01-01 20:29:25,28.2,73.7,14.9,55.0,0.0,0.0,0.0
2026-01-01 20:29:30,28.3,73.8,30.1,55.0,0.0,0.0,0.0
2026-01-01 20:29:35,28.2,73.8,0.0,55.0,0.0,0.0,0.0
2026-01-01 20:29:40,28.3,73.7,13.0,54.9,0.0,0.0,0.0
2026-01-01 20:29:45,28.2,73.5,28.1,54.9,0.0,0.0,0.0
2026-01-01 20:29:50,28.3,73.4,42.1,54.9,0.0,0.0,0.0
2026-01-01 20:29:55,28.3,73.2,2.0,54.9,0.0,0.0,0.0
2026-01-01 20:30:00,28.3,73.2,24.2,54.9,0.0,0.0,0.0
2026-01-01 20:30:05,28.2,73.0,6.9,54.9,0.0,0.0,0.0
2026-01-01 20:30:10,28.2,72.8,12.8,54.9,0.0,0.0,0.0
2026-01-01 20:30:15,28.2,72.9,40.9,54.9,0.0,0.0,0.0
2026-01-01 20:30:20,28.1,72.9,27.5,54.9,0.0,0.0,0.0
2026-01-01 20:30:25,28.1,72.7,0.0,54.8,0.0,0.0,0.0
2026-01-01 20:30:30,28.2,72.9,5.2,54.9,0.0,0.0,0.0
2026-01-01 20:30:35,28.2,72.9,13.8,54.9,0.0,0.0,0.0
2026-01-01 20:30:40,28.2,73.3,37.2,54.9,0.0,0.0,0.0
2026-01-01 20:30:45,28.1,73.2,16.6,54.9,0.0,0.0,0.0
2026-01-01 20:30:50,28.2,73.3,0.0,54.9,0.0,0.0,0.0
2026-01-01 20:30:55,28.2,73.4,30.4,54.9,0.0,0.0,0.0
2026-01-01 20:31:00,28.2,73.5,0.0,54.9,0.0,0.0,0.0
2026-01-01 20:31:05,28.2,73.3,6.6,54.9,0.0,0.0,0.0
2026-01-01 20:31:10,28.2,73.2,0.0,54.9,0.0,0.0,0.0
2026-01-01 20:31:15,28.2,73.2,1.2,54.9,0.0,0.0,0.0
2026-01-01 20:31:20,28.3,73.2,4.5,54.9,0.0,0.0,0.0
2026-01-01 20:31:25,28.2,72.9,6.4,54.8,0.0,0.0,0.0
2026-01-01 20:31:30,28.2,72.9,0.0,54.9,0.0,0.0,0.0
2026-01-01 20:31:35,28.1,72.8,12.4,54.8,0.0,0.0,0.0
2026-01-01 20:31:40,28.0,72.8,0.0,54.8,0.0,0.0,0.0
2026-01-01 20:31:45,28.1,72.9,5.2,54.8,0.0,0.0,0.0
2026-01-01 20:31:50,28.1,73.3,6.9,54.8,0.0,0.0,0.0
2026-01-01 20:31:55,28.1,73.3,22.9,54.8,0.0,0.0,0.0
2026-01-01 20:32:00,28.1,73.3,8.4,54.7,0.0,0.0,0.0
2026-01-01 20:32:05,28.0,73.2,25.8,54.8,0.0,0.0,0.0
2026-01-01 20:32:10,27.9,73.1,2.1,54.7,0.0,0.0,0.0
2026-01-01 20:32:15,27.9,73.3,0.0,54.8,0.0,0.0,0.0
2026-01-01 20:32:20,27.9,73.5,20.9,54.7,0.0,0.0,0.0
2026-01-01 20:32:25,27.8,73.4,0.0,54.8,0.0,0.0,0.0
2026-01-01 20:32:30,27.8,73.3,15.0,54.9,0.0,0.0,0.0
2026-01-01 20:32:35,27.8,73.2,11.9,54.8,0.0,0.0,0.0
2026-01-01 20:32:40,27.7,73.4,0.0,54.8,0.0,0.0,0.0
2026-01-01 20:32:45,27.8,73.4,3.6,54.8,0.0,0.0,0.0
2026-01-01 20:32:50,27.7,73.4,27.5,54.8,0.0,0.0,0.0
2026-01-01 20:32:55,27.8,73.3,5.5,54.8,0.0,0.0,0.0
2026-01-01 20:33:00,27.6,73.5,25.6,54.8,0.0,0.0,0.0
2026-01-01 20:33:05,27.6,73.6,4.8,54.9,0.0,0.0,0.0
2026-01-01 20:33:10,27.6,73.5,13.1,54.9,0.0,0.0,0.0
2026-01-01 20:33:15,27.6,73.4,0.9,54.9,0.0,0.0,0.0
2026-01-01 20:33:20,27.4,73.6,31.6,54.8,0.0,0.0,0.0
2026-01-01 20:33:25,27.5,73.5,25.5,54.8,0.0,0.0,0.0
2026-01-01 20:33:30,27.6,73.4,1.7,54.8,0.0,0.0,0.0
2026-01-01 20:33:35,27.5,73.5,0.0,54.9,0.0,0.0,0.0
2026-01-01 20:33:40,27.5,73.4,20.9,54.8,0.0,0.0,0.0
2026-01-01 20:33:45,27.5,73.6,15.6,54.8,0.0,0.0,0.0
2026-01-01 20:33:50,27.5,73.6,17.6,54.8,0.0,0.0,0.0
2026-01-01 20:33:55,27.5,73.8,3.8,54.8,0.0,0.0,0.0
2026-01-01 20:34:00,27.5,73.8,10.6,54.8,0.0,0.0,0.0
2026-01-01 20:34:05,27.4,73.9,19.5,54.8,0.0,0.0,0.0
2026-01-01 20:34:10,27.3,73.9,1.6,54.8,0.0,0.0,0.0
2026-01-01 20:34:15,27.3,74.1,0.0,54.8,0.0,0.0,0.0
2026-01-01 20:34:20,27.3,74.0,0.0,54.8,0.0,0.0,0.0
2026-01-01 20:34:25,27.3,74.1,31.5,54.8,0.0,0.0,0.0
2026-01-01 20:34:30,27.2,74.0,11.7,54.8,0.0,0.0,0.0
2026-01-01 20:34:35,27.2,74.1,32.9,54.9,0.0,0.0,0.0
2026-01-01 20:34:40,27.2,74.3,25.5,54.8,0.0,0.0,0.0
2026-01-01 20:34:45,27.3,74.2,21.8,54.8,0.0,0.0,0.0
2026-01-01 20:34:50,27.2,73.9,5.1,54.7,0.0,0.0,0.0
2026-01-01 20:34:55,27.2,74.3,0.9,54.8,0.0,0.0,0.0
2026-01-01 20:35:00,27.2,74.3,13.5,54.8,0.0,0.0,0.0
2026-01-01 20:35:05,27.2,74.0,22.6,54.8,0.0,0.0,0.0
2026-01-01 20:35:10,27.2,74.2,5.4,54.8,0.0,0.0,0.0
2026-01-01 20:35:15,27.1,74.3,0.8,54.8,0.0,0.0,0.0
2026-01-01 20:35:20,27.1,74.3,11.7,54.8,0.0,0.0,0.0
2026-01-01 20:35:25,27.1,74.2,33.4,54.8,0.0,0.0,0.0
2026-01-01 20:35:30,27.2,74.3,13.4,54.8,0.0,0.0,0.0
2026-01-01 20:35:35,27.3,74.4,26.2,54.8,0.0,0.0,0.0
2026-01-01 20:35:40,27.4,74.4,3.4,54.9,0.0,0.0,0.0
2026-01-01 20:35:45,27.3,74.4,24.5,54.9,0.0,0.0,0.0
2026-01-01 20:35:50,27.3,74.6,4.1,54.9,0.0,0.0,0.0
2026-01-01 20:35:55,27.4,74.6,23.1,54.9,0.0,0.0,0.0
2026-01-01 20:36:00,27.3,74.7,8.3,54.8,0.0,0.0,0.0
2026-01-01 20:36:05,27.4,74.8,12.4,54.8,0.0,0.0,0.0
2026-01-01 20:36:10,27.4,74.6,36.8,54.8,0.0,0.0,0.0
2026-01-01 20:36:15,27.4,74.9,8.0,54.8,0.0,0.0,0.0
2026-01-01 20:36:20,27.4,75.0,46.9,54.9,0.0,0.0,0.0
2026-01-01 20:36:25,27.4,75.2,0.0,54.8,0.0,0.0,0.0
2026-01-01 20:36:30,27.3,75.3,2.2,54.8,0.0,0.0,0.0
2026-01-01 20:36:35,27.3,75.3,0.0,54.9,0.0,0.0,0.0
2026-01-01 20:36:40,27.3,75.4,25.3,54.8,0.0,0.0,0.0
2026-01-01 20:36:45,27.4,75.0,16.4,54.8,0.0,0.0,0.0
2026-01-01 20:36:50,27.3,75.1,32.8,54.8,0.0,0.0,0.0
2026-01-01 20:36:55,27.2,74.8,18.6,54.7,0.0,0.0,0.0
2026-01-01 20:37:00,27.2,74.6,8.0,54.8,0.0,0.0,0.0
2026-01-01 20:37:05,27.1,75.1,5.6,54.9,0.0,0.0,0.0
2026-01-01 20:37:10,27.1,74.8,1.9,54.8,0.0,0.0,0.0
2026-01-01 20:37:15,27.1,75.0,29.8,54.8,0.0,0.0,0.0
2026-01-01 20:37:20,27.2,75.3,0.0,54.8,0.0,0.0,0.0
2026-01-01 20:37:25,27.1,75.2,11.0,54.8,0.0,0.0,0.0
2026-01-01 20:37:30,27.1,75.4,32.8,54.8,0.0,0.0,0.0
2026-01-01 20:37:35,27.0,75.4,7.8,54.8,0.0,0.0,0.0
2026-01-01 20:37:40,26.9,75.4,11.4,54.8,0.0,0.0,0.0
2026-01-01 20:37:45,26.9,75.4,3.9,54.7,0.0,0.0,0.0
2026-01-01 20:37:50,26.9,75.4,17.2,54.7,0.0,0.0,0.0
2026-01-01 20:37:55,26.8,75.2,34.6,54.8,0.0,0.0,0.0
2026-01-01 20:38:00,26.9,75.5,7.8,54.8,0.0,0.0,0.0
2026-01-01 20:38:05,26.9,75.9,16.7,54.8,0.0,0.0,0.0
2026-01-01 20:38:10,26.9,75.8,30.6,54.8,0.0,0.0,0.0
2026-01-01 20:38:15,26.9,75.7,0.0,54.8,0.0,0.0,0.0
2026-01-01 20:38:20,26.8,75.8,24.8,54.7,0.0,0.0,0.0
2026-01-01 20:38:25,26.9,75.5,0.5,54.8,0.0,0.0,0.0
2026-01-01 20:38:30,26.9,75.5,11.0,54.8,0.0,0.0,0.0
2026-01-01 20:38:35,26.9,75.7,11.2,54.8,0.0,0.0,0.0
2026-01-01 20:38:40,26.8,75.7,12.2,54.8,0.0,0.0,0.0
2026-01-01 20:38:45,26.7,75.8,12.0,54.8,0.0,0.0,0.0
2026-01-01 20:38:50,26.7,75.5,32.5,54.8,0.0,0.0,0.0
2026-01-01 20:38:55,26.6,75.7,0.0,54.8,0.0,0.0,0.0
2026-01-01 20:39:00,26.6,75.4,0.0,54.8,0.0,0.0,0.0
2026-01-01 20:39:05,26.6,75.7,20.0,54.7,0.0,0.0,0.0
2026-01-01 20:39:10,26.5,76.0,28.6,54.7,0.0,0.0,0.0
2026-01-01 20:39:15,26.6,76.0,39.9,54.7,0.0,0.0,0.0
2026-01-01 20:39:20,26.6,75.9,19.1,54.8,0.0,0.0,0.0
2026-01-01 20:39:25,26.6,75.6,9.8,54.8,0.0,0.0,0.0
2026-01-01 20:39:30,26.7,75.6,0.0,54.8,0.0,0.0,0.0
2026-01-01 20:39:35,26.7,75.7,14.4,54.8,0.0,0.0,0.0
2026-01-01 20:39:40,26.7,75.7,18.6,54.7,0.0,0.0,0.0
2026-01-01 20:39:45,26.7,75.7,21.2,54.7,0.0,0.0,0.0
2026-01-01 20:39:50,26.7,75.7,34.5,54.8,0.0,0.0,0.0
2026-01-01 20:39:55,26.7,75.5,60.8,54.8,0.0,0.0,0.0
2026-01-01 20:40:00,26.7,75.5,34.5,54.8,0.0,0.0,0.0
2026-01-01 20:40:05,26.6,75.8,45.2,54.7,0.0,0.0,0.0
2026-01-01 20:40:10,26.6,76.0,20.5,54.8,0.0,0.0,0.0
2026-01-01 20:40:15,26.7,75.9,0.0,54.7,0.0,0.0,0.0
2026-01-01 20:40:20,26.8,76.0,22.7,54.8,0.0,0.0,0.0
2026-01-01 20:40:25,26.9,76.1,16.9,54.8,0.0,0.0,0.0
2026-01-01 20:40:30,27.0,75.8,61.4,54.7,0.0,0.0,0.0
2026-01-01 20:40:35,27.0,75.9,17.8,54.8,0.0,0.0,0.0
2026-01-01 20:40:40,27.0,76.2,13.5,54.9,0.0,0.0,0.0
2026-01-01 20:40:45,27.1,76.5,14.1,54.8,0.0,0.0,0.0
2026-01-01 20:40:50,27.1,76.8,16.8,54.8,0.0,0.0,0.0
2026-01-01 20:40:55,27.0,77.2,48.0,54.7,0.0,0.0,0.0
2026-01-01 20:41:00,27.1,77.0,35.7,54.7,0.0,0.0,0.0
2026-01-01 20:41:05,27.2,76.8,19.9,54.6,0.0,0.0,0.0
2026-01-01 20:41:10,27.2,77.1,6.3,54.7,0.0,0.0,0.0
2026-01-01 20:41:15,27.2,77.2,5.2,54.7,0.0,0.0,0.0
2026-01-01 20:41:20,27.1,77.2,46.6,54.7,0.0,0.0,0.0
2026-01-01 20:41:25,27.2,77.1,25.6,54.6,0.0,0.0,0.0
2026-01-01 20:41:30,27.1,77.1,8.7,54.7,0.0,0.0,0.0
2026-01-01 20:41:35,27.0,77.2,27.9,54.6,0.0,0.0,0.0
2026-01-01 20:41:40,26.9,77.4,29.9,54.6,0.0,0.0,0.0
2026-01-01 20:41:45,26.9,77.3,0.3,54.7,0.0,0.0,0.0
2026-01-01 20:41:50,27.1,77.2,9.7,54.7,0.0,0.0,0.0
2026-01-01 20:41:55,27.2,77.1,2.0,54.7,0.0,0.0,0.0
2026-01-01 20:42:00,27.3,77.2,0.0,54.6,0.0,0.0,0.0
2026-01-01 20:42:05,27.3,77.1,25.8,54.6,0.0,0.0,0.0
2026-01-01 20:42:10,27.4,77.1,4.0,54.6,0.0,0.0,0.0
2026-01-01 20:42:15,27.3,76.9,0.0,54.7,0.0,0.0,0.0
2026-01-01 20:42:20,27.4,77.0,32.7,54.7,0.0,0.0,0.0
2026-01-01 20:42:25,27.4,76.9,12.3,54.7,0.0,0.0,0.0
2026-01-01 20:42:30,27.4,76.9,0.0,54.7,0.0,0.0,0.0
2026-01-01 20:42:35,27.4,76.7,44.3,54.6,0.0,0.0,0.0
2026-01-01 20:42:40,27.5,76.7,10.3,54.6,0.0,0.0,0.0
2026-01-01 20:42:45,27.5,76.8,21.0,54.6,0.0,0.0,0.0
2026-01-01 20:42:50,27.5,77.1,0.0,54.6,0.0,0.0,0.0
2026-01-01 20:42:55,27.5,77.2,39.0,54.7,0.0,0.0,0.0
2026-01-01 20:43:00,27.6,77.1,9.5,54.7,0.0,0.0,0.0
2026-01-01 20:43:05,27.6,76.9,10.7,54.6,0.0,0.0,0.0
2026-01-01 20:43:10,27.6,76.6,23.8,54.7,0.0,0.0,0.0
2026-01-01 20:43:15,27.8,76.3,22.4,54.6,0.0,0.0,0.0
2026-01-01 20:43:20,27.8,76.4,0.0,54.6,0.0,0.0,0.0
2026-01-01 20:43:25,27.8,76.5,11.6,54.6,0.0,0.0,0.0
2026-01-01 20:43:30,27.8,76.7,32.7,54.6,0.0,0.0,0.0
2026-01-01 20:43:35,27.9,77.0,0.0,54.6,0.0,0.0,0.0
2026-01-01 20:43:40,27.9,76.6,13.2,54.6,0.0,0.0,0.0
2026-01-01 20:43:45,28.0,76.8,0.0,54.6,0.0,0.0,0.0
2026-01-01 20:43:50,27.9,76.8,9.3,54.6,0.0,0.0,0.0
2026-01-01 20:43:55,27.9,76.7,9.8,54.7,0.0,0.0,0.0
2026-01-01 20:44:00,27.8,76.4,31.8,54.6,0.0,0.0,0.0
2026-01-01 20:44:05,27.8,76.7,39.7,54.6,0.0,0.0,0.0
2026-01-01 20:44:10,27.8,76.6,21.4,54.6,0.0,0.0,0.0
2026-01-01 20:44:15,27.9,76.4,0.0,54.7,0.0,0.0,0.0
2026-01-01 20:44:20,27.9,76.6,0.0,54.6,0.0,0.0,0.0
2026-01-01 20:44:25,27.9,76.7,9.0,54.6,0.0,0.0,0.0
2026-01-01 20:44:30,28.0,76.6,60.4,54.7,0.0,0.0,0.0
2026-01-01 20:44:35,28.1,76.7,0.0,54.7,0.0,0.0,0.0
2026-01-01 20:44:40,28.2,76.5,4.3,54.7,0.0,0.0,0.0
2026-01-01 20:44:45,28.2,76.6,3.0,54.6,0.0,0.0,0.0
2026-01-01 20:44:50,28.2,76.6,0.0,54.7,0.0,0.0,0.0
2026-01-01 20:44:55,28.2,76.8,20.1,54.7,0.0,0.0,0.0
2026-01-01 20:45:00,28.1,77.0,36.4,54.6,0.0,0.0,0.0
2026-01-01 20:45:05,28.1,77.0,19.6,54.6,0.0,0.0,0.0
2026-01-01 20:45:10,28.2,76.7,33.9,54.6,0.0,0.0,0.0
2026-01-01 20:45:15,28.1,76.7,22.2,54.6,0.0,0.0,0.0
2026-01-01 20:45:20,28.0,76.5,5.0,54.5,0.0,0.0,0.0
2026-01-01 20:45:25,28.0,76.6,11.5,54.5,0.0,0.0,0.0
2026-01-01 20:45:30,28.0,76.8,7.6,54.6,0.0,0.0,0.0
2026-01-01 20:45:35,28.0,77.0,0.0,54.6,0.0,0.0,0.0
2026-01-01 20:45:40,28.1,77.0,0.0,54.6,0.0,0.0,0.0
2026-01-01 20:45:45,28.2,77.3,6.1,54.5,0.0,0.0,0.0
2026-01-01 20:45:50,28.1,77.6,11.4,54.6,0.0,0.0,0.0
2026-01-01 20:45:55,28.2,77.5,4.1,54.5,0.0,0.0,0.0
2026-01-01 20:46:00,28.2,77.6,0.0,54.5,0.0,0.0,0.0
2026-01-01 20:46:05,28.3,77.6,0.0,54.6,0.0,0.0,0.0
2026-01-01 20:46:10,28.3,77.6,4.4,54.5,0.0,0.0,0.0
2026-01-01 20:46:15,28.4,77.5,16.3,54.6,0.0,0.0,0.0
2026-01-01 20:46:20,28.4,77.7,0.7,54.6,0.0,0.0,0.0
2026-01-01 20:46:25,28.3,77.6,13.1,54.6,0.0,0.0,0.0
2026-01-01 20:46:30,28.3,77.3,11.0,54.6,0.0,0.0,0.0
2026-01-01 20:46:35,28.3,77.4,21.3,54.6,0.0,0.0,0.0
2026-01-01 20:46:40,28.2,77.4,17.7,54.6,0.0,0.0,0.0
2026-01-01 20:46:45,28.2,77.4,27.4,54.6,0.0,0.0,0.0
2026-01-01 20:46:50,28.1,77.0,2.5,54.6,0.0,0.0,0.0
2026-01-01 20:46:55,28.0,77.0,14.1,54.5,0.0,0.0,0.0
2026-01-01 20:47:00,27.9,76.8,8.9,54.5,0.0,0.0,0.0
2026-01-01 20:47:05,27.9,76.6,42.0,54.5,0.0,0.0,0.0
2026-01-01 20:47:10,27.8,76.6,2.8,54.5,0.0,0.0,0.0
2026-01-01 20:47:15,27.7,76.1,18.9,54.5,0.0,0.0,0.0
2026-01-01 20:47:20,27.5,75.9,1.9,54.5,0.0,0.0,0.0
2026-01-01 20:47:25,27.5,75.9,3.0,54.5,0.0,0.0,0.0
2026-01-01 20:47:30,27.5,75.9,11.1,54.5,0.0,0.0,0.0
2026-01-01 20:47:35,27.6,76.3,36.5,54.6,0.0,0.0,0.0
2026-01-01 20:47:40,27.5,75.9,31.9,54.6,0.0,0.0,0.0
2026-01-01 20:47:45,27.5,75.7,26.7,54.5,0.0,0.0,0.0
2026-01-01 20:47:50,27.6,75.8,17.2,54.5,0.0,0.0,0.0
2026-01-01 20:47:55,27.6,75.7,22.8,54.5,0.0,0.0,0.0
2026-01-01 20:48:00,27.7,75.6,0.0,54.5,0.0,0.0,0.0
2026-01-01 20:48:05,27.8,75.2,8.1,54.5,0.0,0.0,0.0
2026-01-01 20:48:10,27.9,74.8,3.7,54.5,0.0,0.0,0.0
2026-01-01 20:48:15,27.9,74.9,38.0,54.6,0.0,0.0,0.0
2026-01-01 20:48:20,27.9,74.8,9.5,54.6,0.0,0.0,0.0
2026-01-01 20:48:25,27.9,74.8,19.8,54.6,0.0,0.0,0.0
2026-01-01 20:48:30,27.8,74.8,43.7,54.6,0.0,0.0,0.0
2026-01-01 20:48:35,27.7,75.2,9.6,54.6,0.0,0.0,0.0
2026-01-01 20:48:40,27.7,75.4,46.5,54.6,0.0,0.0,0.0
2026-01-01 20:48:45,27.6,75.3,26.4,54.5,0.0,0.0,0.0
2026-01-01 20:48:50,27.7,75.1,21.0,54.5,0.0,0.0,0.0
2026-01-01 20:48:55,27.6,75.1,12.7,54.4,0.0,0.0,0.0
2026-01-01 20:49:00,27.6,75.0,9.2,54.5,0.0,0.0,0.0
2026-01-01 20:49:05,27.6,75.1,22.4,54.5,0.0,0.0,0.0
2026-01-01 20:49:10,27.6,75.4,34.4,54.4,0.0,0.0,0.0
2026-01-01 20:49:15,27.7,75.5,18.8,54.5,0.0,0.0,0.0
2026-01-01 20:49:20,27.6,75.7,19.3,54.6,0.0,0.0,0.0
2026-01-01 20:49:25,27.6,75.8,32.7,54.6,0.0,0.0,0.0
2026-01-01 20:49:30,27.7,75.8,0.0,54.5,0.0,0.0,0.0
2026-01-01 20:49:35,27.7,76.2,5.1,54.6,0.0,0.0,0.0
2026-01-01 20:49:40,27.8,76.0,28.3,54.5,0.0,0.0,0.0
2026-01-01 20:49:45,27.8,76.1,22.2,54.5,0.0,0.0,0.0
2026-01-01 20:49:50,27.8,76.1,1.6,54.4,0.0,0.0,0.0
2026-01-01 20:49:55,27.7,75.8,44.7,54.4,0.0,0.0,0.0
2026-01-01 20:50:00,27.6,76.1,13.1,54.5,0.0,0.0,0.0
2026-01-01 20:50:05,27.7,76.3,45.8,54.4,0.0,0.0,0.0
2026-01-01 20:50:10,27.7,76.5,10.9,54.4,0.0,0.0,0.0
2026-01-01 20:50:15,27.7,76.6,0.3,54.4,0.0,0.0,0.0
2026-01-01 20:50:20,27.7,76.5,34.6,54.4,0.0,0.0,0.0
2026-01-01 20:50:25,27.7,76.5,30.4,54.3,0.0,0.0,0.0
2026-01-01 20:50:30,27.7,76.5,20.0,54.4,0.0,0.0,0.0
2026-01-01 20:50:35,27.7,76.6,25.2,54.4,0.0,0.0,0.0
2026-01-01 20:50:40,27.7,76.6,4.5,54.4,0.0,0.0,0.0
2026-01-01 20:50:45,27.7,76.4,14.6,54.4,0.0,0.0,0.0
2026-01-01 20:50:50,27.6,76.6,24.7,54.3,0.0,0.0,0.0
2026-01-01 20:50:55,27.7,76.7,44.7,54.3,0.0,0.0,0.0
2026-01-01 20:51:00,27.7,76.8,0.0,54.4,0.0,0.0,0.0
2026-01-01 20:51:05,27.7,76.9,1.1,54.4,0.0,0.0,0.0
2026-01-01 20:51:10,27.7,77.0,41.7,54.4,0.0,0.0,0.0
2026-01-01 20:51:15,27.8,77.1,19.9,54.4,0.0,0.0,0.0
2026-01-01 20:51:20,27.6,77.5,37.2,54.4,0.0,0.0,0.0
2026-01-01 20:51:25,27.7,77.6,29.7,54.4,0.0,0.0,0.0
2026-01-01 20:51:30,27.7,77.6,0.0,54.4,0.0,0.0,0.0
2026-01-01 20:51:35,27.7,77.7,28.5,54.4,0.0,0.0,0.0
2026-01-01 20:51:40,27.7,77.7,10.0,54.4,0.0,0.0,0.0
2026-01-01 20:51:45,27.7,78.3,11.7,54.4,0.0,0.0,0.0
2026-01-01 20:51:50,27.7,78.3,11.3,54.4,0.0,0.0,0.0
2026-01-01 20:51:55,27.7,78.2,3.4,54.4,0.0,0.0,0.0
2026-01-01 20:52:00,27.7,78.3,14.9,54.4,0.0,0.0,0.0
2026-01-01 20:52:05,27.6,78.3,28.8,54.4,0.0,0.0,0.0
2026-01-01 20:52:10,27.5,78.2,14.2,54.4,0.0,0.0,0.0
2026-01-01 20:52:15,27.5,78.0,21.9,54.3,0.0,0.0,0.0
2026-01-01 20:52:20,27.5,78.2,10.2,54.3,0.0,0.0,0.0
2026-01-01 20:52:25,27.5,78.2,35.3,54.4,0.0,0.0,0.0
2026-01-01 20:52:30,27.5,78.1,24.4,54.3,0.0,0.0,0.0
2026-01-01 20:52:35,27.6,77.8,22.7,54.4,0.0,0.0,0.0
2026-01-01 20:52:40,27.6,77.6,7.6,54.4,0.0,0.0,0.0
2026-01-01 20:52:45,27.4,77.6,4.0,54.4,0.0,0.0,0.0
2026-01-01 20:52:50,27.3,77.5,29.7,54.3,0.0,0.0,0.0
2026-01-01 20:52:55,27.4,77.5,0.0,54.4,0.0,0.0,0.0
2026-01-01 20:53:00,27.4,77.6,0.0,54.3,0.0,0.0,0.0
2026-01-01 20:53:05,27.4,77.3,19.4,54.4,0.0,0.0,0.0
2026-01-01 20:53:10,27.4,77.1,20.8,54.4,0.0,0.0,0.0
2026-01-01 20:53:15,27.6,77.5,5.8,54.4,0.0,0.0,0.0
2026-01-01 20:53:20,27.5,77.2,19.4,54.3,0.0,0.0,0.0
2026-01-01 20:53:25,27.5,77.2,6.9,54.3,0.0,0.0,0.0
2026-01-01 20:53:30,27.5,77.1,23.8,54.3,0.0,0.0,0.0
2026-01-01 20:53:35,27.5,76.5,0.0,54.3,0.0,0.0,0.0
2026-01-01 20:53:40,27.4,76.4,21.1,54.3,0.0,0.0,0.0
2026-01-01 20:53:45,27.4,76.2,17.9,54.4,0.0,0.0,0.0
2026-01-01 20:53:50,27.4,76.4,16.8,54.4,0.0,0.0,0.0
2026-01-01 20:53:55,27.3,76.1,7.6,54.4,0.0,0.0,0.0
2026-01-01 20:54:00,27.3,76.2,0.8,54.4,0.0,0.0,0.0
2026-01-01 20:54:05,27.3,76.3,0.0,54.4,0.0,0.0,0.0
2026-01-01 20:54:10,27.2,76.6,19.2,54.4,0.0,0.0,0.0
2026-01-01 20:54:15,27.2,76.8,20.7,54.5,0.0,0.0,0.0
2026-01-01 20:54:20,27.3,76.8,6.4,54.4,0.0,0.0,0.0
2026-01-01 20:54:25,27.3,76.9,32.0,54.4,0.0,0.0,0.0
2026-01-01 20:54:30,27.3,76.9,7.4,54.4,0.0,0.0,0.0
2026-01-01 20:54:35,27.3,76.9,0.0,54.4,0.0,0.0,0.0
2026-01-01 20:54:40,27.3,76.8,25.3,54.4,0.0,0.0,0.0
2026-01-01 20:54:45,27.5,77.2,21.8,54.4,0.0,0.0,0.0
2026-01-01 20:54:50,27.4,77.1,2.4,54.4,0.0,0.0,0.0
2026-01-01 20:54:55,27.4,77.2,8.0,54.5,0.0,0.0,0.0
2026-01-01 20:55:00,27.4,76.9,11.7,54.4,0.0,0.0,0.0
2026-01-01 20:55:05,27.5,76.6,10.2,54.4,0.0,0.0,0.0
2026-01-01 20:55:10,27.5,76.2,4.1,54.4,0.0,0.0,0.0
2026-01-01 20:55:15,27.5,76.4,38.8,54.4,0.0,0.0,0.0
2026-01-01 20:55:20,27.5,76.4,28.2,54.5,0.0,0.0,0.0
2026-01-01 20:55:25,27.5,76.3,0.0,54.5,0.0,0.0,0.0
2026-01-01 20:55:30,27.6,76.4,16.2,54.4,0.0,0.0,0.0
2026-01-01 20:55:35,27.6,76.3,4.7,54.4,0.0,0.0,0.0
2026-01-01 20:55:40,27.7,76.5,14.1,54.4,0.0,0.0,0.0
2026-01-01 20:55:45,27.6,76.5,36.0,54.4,0.0,0.0,0.0
2026-01-01 20:55:50,27.7,76.4,3.0,54.4,0.0,0.0,0.0
2026-01-01 20:55:55,27.8,76.3,27.6,54.5,0.0,0.0,0.0
2026-01-01 20:56:00,27.7,76.1,0.0,54.4,0.0,0.0,0.0
2026-01-01 20:56:05,27.8,76.2,7.4,54.5,0.0,0.0,0.0
2026-01-01 20:56:10,27.8,76.0,0.0,54.4,0.0,0.0,0.0
2026-01-01 20:56:15,27.7,75.9,10.0,54.5,0.0,0.0,0.0
2026-01-01 20:56:20,27.6,75.9,4.3,54.4,0.0,0.0,0.0
2026-01-01 20:56:25,27.7,75.5,2.7,54.4,0.0,0.0,0.0
2026-01-01 20:56:30,27.7,75.5,15.0,54.5,0.0,0.0,0.0
2026-01-01 20:56:35,27.7,75.7,33.0,54.5,0.0,0.0,0.0
2026-01-01 20:56:40,27.7,75.4,15.1,54.5,0.0,0.0,0.0
2026-01-01 20:56:45,27.6,75.5,20.4,54.5,0.0,0.0,0.0
2026-01-01 20:56:50,27.7,75.4,10.0,54.4,0.0,0.0,0.0
2026-01-01 20:56:55,27.7,75.8,14.3,54.4,0.0,0.0,0.0
2026-01-01 20:57:00,27.8,76.0,10.9,54.4,0.0,0.0,0.0
2026-01-01 20:57:05,27.6,76.2,0.0,54.4,0.0,0.0,0.0
2026-01-01 20:57:10,27.6,76.3,28.7,54.3,0.0,0.0,0.0
2026-01-01 20:57:15,27.6,76.3,14.3,54.2,0.0,0.0,0.0
2026-01-01 20:57:20,27.7,76.7,0.0,54.3,0.0,0.0,0.0
2026-01-01 20:57:25,27.7,76.6,27.1,54.2,0.0,0.0,0.0
2026-01-01 20:57:30,27.7,76.6,48.0,54.3,0.0,0.0,0.0
2026-01-01 20:57:35,27.8,76.3,1.1,54.4,0.0,0.0,0.0
2026-01-01 20:57:40,27.8,76.2,0.0,54.3,0.0,0.0,0.0
2026-01-01 20:57:45,28.0,76.2,18.8,54.3,0.0,0.0,0.0
2026-01-01 20:57:50,28.0,76.1,0.0,54.4,0.0,0.0,0.0
2026-01-01 20:57:55,27.9,76.3,14.8,54.4,0.0,0.0,0.0
2026-01-01 20:58:00,27.9,76.4,29.9,54.4,0.0,0.0,0.0
2026-01-01 20:58:05,28.0,76.4,19.5,54.4,0.0,0.0,0.0
2026-01-01 20:58:10,28.0,76.1,0.0,54.4,0.0,0.0,0.0
2026-01-01 20:58:15,28.0,76.0,49.4,54.4,0.0,0.0,0.0
2026-01-01 20:58:20,27.9,76.0,20.0,54.4,0.0,0.0,0.0
2026-01-01 20:58:25,27.9,76.4,21.6,54.4,0.0,0.0,0.0
2026-01-01 20:58:30,27.9,76.4,18.6,54.4,0.0,0.0,0.0
2026-01-01 20:58:35,27.9,76.2,22.7,54.4,0.0,0.0,0.0
2026-01-01 20:58:40,27.9,75.9,9.2,54.3,0.0,0.0,0.0
2026-01-01 20:58:45,27.8,76.3,0.0,54.4,0.0,0.0,0.0
2026-01-01 20:58:50,27.7,76.2,10.4,54.3,0.0,0.0,0.0
2026-01-01 20:58:55,27.7,76.3,0.0,54.3,0.0,0.0,0.0
2026-01-01 20:59:00,27.7,76.1,8.5,54.3,0.0,0.0,0.0
2026-01-01 20:59:05,27.8,76.2,13.6,54.3,0.0,0.0,0.0
2026-01-01 20:59:10,27.8,76.0,16.5,54.3,0.0,0.0,0.0
2026-01-01 20:59:15,27.9,75.9,30.3,54.4,0.0,0.0,0.0
2026-01-01 20:59:20,28.0,76.1,19.7,54.4,0.0,0.0,0.0
2026-01-01 20:59:25,28.0,76.2,32.9,54.4,0.0,0.0,0.0
2026-01-01 20:59:30,28.0,75.9,12.9,54.3,0.0,0.0,0.0
2026-01-01 20:59:35,27.9,75.9,8.2,54.3,0.0,0.0,0.0
2026-01-01 20:59:40,27.8,76.2,15.0,54.3,0.0,0.0,0.0
2026-01-01 20:59:45,27.7,76.1,16.2,54.3,0.0,0.0,0.0
2026-01-01 20:59:50,27.7,76.2,28.0,54.3,0.0,0.0,0.0
2026-01-01 20:59:55,27.7,76.0,3.4,54.3,0.0,0.0,0.0
2026-01-01 21:00:00,27.8,76.2,0.0,54.2,0.0,0.0,0.0
2026-01-01 21:00:05,27.7,76.2,44.8,54.3,0.0,0.0,0.0
2026-01-01 21:00:10,27.7,76.1,8.7,54.3,0.0,0.0,0.0
2026-01-01 21:00:15,27.7,75.9,0.0,54.2,0.0,0.0,0.0
2026-01-01 21:00:20,27.7,75.8,11.9,54.3,0.0,0.0,0.0
2026-01-01 21:00:25,27.7,75.9,13.7,54.3,0.0,0.0,0.0
2026-01-01 21:00:30,27.7,75.8,28.3,54.3,0.0,0.0,0.0
2026-01-01 21:00:35,27.8,76.0,2.9,54.3,0.0,0.0,0.0
2026-01-01 21:00:40,27.8,75.9,20.2,54.3,0.0,0.0,0.0
2026-01-01 21:00:45,27.8,76.0,0.0,54.4,0.0,0.0,0.0
2026-01-01 21:00:50,27.8,75.8,10.6,54.4,0.0,0.0,0.0
2026-01-01 21:00:55,27.7,75.8,5.7,54.3,0.0,0.0,0.0
2026-01-01 21:01:00,27.8,75.8,15.4,54.3,0.0,0.0,0.0
2026-01-01 21:01:05,27.8,75.9,38.4,54.4,0.0,0.0,0.0
2026-01-01 21:01:10,27.9,76.6,11.2,54.3,0.0,0.0,0.0
2026-01-01 21:01:15,27.9,76.7,2.0,54.3,0.0,0.0,0.0
2026-01-01 21:01:20,28.0,76.9,10.2,54.2,0.0,0.0,0.0
2026-01-01 21:01:25,28.0,77.1,0.0,54.2,0.0,0.0,0.0
2026-01-01 21:01:30,27.9,76.9,14.9,54.3,0.0,0.0,0.0
2026-01-01 21:01:35,27.9,76.9,23.3,54.2,0.0,0.0,0.0
2026-01-01 21:01:40,27.9,77.0,26.8,54.2,0.0,0.0,0.0
2026-01-01 21:01:45,27.9,77.0,30.2,54.2,0.0,0.0,0.0
2026-01-01 21:01:50,27.9,77.0,33.6,54.3,0.0,0.0,0.0
2026-01-01 21:01:55,27.9,77.1,37.1,54.3,0.0,0.0,0.0
2026-01-01 21:02:00,27.9,77.2,40.1,54.3,0.0,0.0,0.0
2026-01-01 21:02:05,27.9,77.4,13.8,54.3,0.0,0.0,0.0
2026-01-01 21:02:10,27.9,77.3,16.4,54.2,0.0,0.0,0.0
2026-01-01 21:02:15,28.0,77.4,9.6,54.3,0.0,0.0,0.0
2026-01-01 21:02:20,28.0,77.8,10.3,54.2,0.0,0.0,0.0
2026-01-01 21:02:25,28.0,77.8,42.8,54.2,0.0,0.0,0.0
2026-01-01 21:02:30,27.9,77.8,0.7,54.3,0.0,0.0,0.0
2026-01-01 21:02:35,27.9,77.9,0.0,54.3,0.0,0.0,0.0
2026-01-01 21:02:40,27.9,78.1,39.3,54.4,0.0,0.0,0.0
2026-01-01 21:02:45,27.8,78.4,0.0,54.4,0.0,0.0,0.0
2026-01-01 21:02:50,27.8,78.0,35.6,54.4,0.0,0.0,0.0
2026-01-01 21:02:55,27.8,78.2,29.4,54.4,0.0,0.0,0.0
2026-01-01 21:03:00,27.8,78.2,0.7,54.3,0.0,0.0,0.0
2026-01-01 21:03:05,27.8,78.1,30.4,54.4,0.0,0.0,0.0
2026-01-01 21:03:10,27.8,78.2,12.5,54.4,0.0,0.0,0.0
2026-01-01 21:03:15,27.8,77.9,9.6,54.3,0.0,0.0,0.0
2026-01-01 21:03:20,27.8,77.8,8.5,54.3,0.0,0.0,0.0
2026-01-01 21:03:25,27.8,77.4,33.8,54.4,0.0,0.0,0.0
2026-01-01 21:03:30,27.7,77.1,4.1,54.3,0.0,0.0,0.0
2026-01-01 21:03:35,27.6,77.1,38.8,54.3,0.0,0.0,0.0
2026-01-01 21:03:40,27.6,76.8,23.8,54.3,0.0,0.0,0.0
2026-01-01 21:03:45,27.6,77.0,0.0,54.4,0.0,0.0,0.0
2026-01-01 21:03:50,27.6,77.2,0.0,54.4,0.0,0.0,0.0
2026-01-01 21:03:55,27.5,77.5,15.5,54.4,0.0,0.0,0.0
2026-01-01 21:04:00,27.6,77.3,23.8,54.4,0.0,0.0,0.0
2026-01-01 21:04:05,27.6,77.3,13.8,54.4,0.0,0.0,0.0
2026-01-01 21:04:10,27.6,77.4,10.3,54.3,0.0,0.0,0.0
2026-01-01 21:04:15,27.6,77.4,33.2,54.4,0.0,0.0,0.0
2026-01-01 21:04:20,27.5,77.3,12.8,54.4,0.0,0.0,0.0
2026-01-01 21:04:25,27.5,77.3,0.0,54.4,0.0,0.0,0.0
2026-01-01 21:04:30,27.6,77.2,9.8,54.4,0.0,0.0,0.0
2026-01-01 21:04:35,27.5,77.2,27.3,54.4,0.0,0.0,0.0
2026-01-01 21:04:40,27.4,76.9,7.5,54.4,0.0,0.0,0.0
2026-01-01 21:04:45,27.5,77.1,0.0,54.4,0.0,0.0,0.0
2026-01-01 21:04:50,27.4,76.9,20.9,54.4,0.0,0.0,0.0
2026-01-01 21:04:55,27.4,76.9,0.0,54.4,0.0,0.0,0.0
2026-01-01 21:05:00,27.3,77.2,11.0,54.4,0.0,0.0,0.0
2026-01-01 21:05:05,27.4,77.2,16.8,54.3,0.0,0.0,0.0
2026-01-01 21:05:10,27.3,77.4,24.8,54.3,0.0,0.0,0.0
2026-01-01 21:05:15,27.2,77.7,2.6,54.4,0.0,0.0,0.0
2026-01-01 21:05:20,27.2,77.5,0.0,54.3,0.0,0.0,0.0
2026-01-01 21:05:25,27.2,77.9,0.0,54.4,0.0,0.0,0.0
2026-01-01 21:05:30,27.1,77.9,0.0,54.4,0.0,0.0,0.0
2026-01-01 21:05:35,27.1,78.2,32.4,54.4,0.0,0.0,0.0
2026-01-01 21:05:40,27.0,77.6,14.5,54.4,0.0,0.0,0.0
2026-01-01 21:05:45,27.0,77.8,12.0,54.4,0.0,0.0,0.0
2026-01-01 21:05:50,27.0,78.2,0.0,54.3,0.0,0.0,0.0
2026-01-01 21:05:55,27.1,78.3,5.2,54.4,0.0,0.0,0.0
2026-01-01 21:06:00,27.0,78.5,33.6,54.4,0.0,0.0,0.0
2026-01-01 21:06:05,27.1,78.2,2.6,54.3,0.0,0.0,0.0
2026-01-01 21:06:10,27.1,78.2,21.2,54.4,0.0,0.0,0.0
2026-01-01 21:06:15,27.1,78.6,27.2,54.4,0.0,0.0,0.0
2026-01-01 21:06:20,27.0,78.5,8.2,54.4,0.0,0.0,0.0
2026-01-01 21:06:25,26.9,78.6,0.0,54.4,0.0,0.0,0.0
2026-01-01 21:06:30,26.9,78.6,15.0,54.4,0.0,0.0,0.0
2026-01-01 21:06:35,26.8,78.8,56.8,54.5,0.0,0.0,0.0
2026-01-01 21:06:40,26.8,78.8,24.3,54.5,0.0,0.0,0.0
2026-01-01 21:06:45,26.8,78.7,7.4,54.4,0.0,0.0,0.0
2026-01-01 21:06:50,26.9,78.6,13.0,54.4,0.0,0.0,0.0
2026-01-01 21:06:55,26.9,78.9,10.5,54.4,0.0,0.0,0.0
2026-01-01 21:07:00,26.9,79.1,10.8,54.4,0.0,0.0,0.0
2026-01-01 21:07:05,26.9,78.9,27.9,54.4,0.0,0.0,0.0
2026-01-01 21:07:10,26.9,78.6,0.0,54.4,0.0,0.0,0.0
2026-01-01 21:07:15,26.9,78.6,0.0,54.5,0.0,0.0,0.0
2026-01-01 21:07:20,26.9,78.7,0.0,54.5,0.0,0.0,0.0
2026-01-01 21:07:25,26.9,78.5,24.5,54.5,0.0,0.0,0.0
2026-01-01 21:07:30,26.9,78.6,27.8,54.5,0.0,0.0,0.0
2026-01-01 21:07:35,26.9,78.6,24.3,54.5,0.0,0.0,0.0
2026-01-01 21:07:40,26.8,78.2,46.1,54.4,0.0,0.0,0.0
2026-01-01 21:07:45,26.8,78.4,21.7,54.5,0.0,0.0,0.0
2026-01-01 21:07:50,26.8,78.2,4.9,54.5,0.0,0.0,0.0
2026-01-01 21:07:55,26.8,78.3,23.3,54.6,0.0,0.0,0.0
2026-01-01 21:08:00,26.9,78.2,28.3,54.5,0.0,0.0,0.0
2026-01-01 21:08:05,26.9,78.2,0.0,54.6,0.0,0.0,0.0
2026-01-01 21:08:10,26.9,78.1,31.0,54.5,0.0,0.0,0.0
2026-01-01 21:08:15,26.9,78.1,7.2,54.5,0.0,0.0,0.0
2026-01-01 21:08:20,26.9,78.1,0.0,54.5,0.0,0.0,0.0
2026-01-01 21:08:25,26.9,78.2,31.0,54.5,0.0,0.0,0.0
2026-01-01 21:08:30,26.9,78.4,13.1,54.5,0.0,0.0,0.0
2026-01-01 21:08:35,26.9,78.1,13.9,54.5,0.0,0.0,0.0
2026-01-01 21:08:40,26.8,78.4,29.5,54.5,0.0,0.0,0.0
2026-01-01 21:08:45,26.8,78.2,18.4,54.5,0.0,0.0,0.0
2026-01-01 21:08:50,26.9,78.1,0.0,54.4,0.0,0.0,0.0
2026-01-01 21:08:55,26.9,78.0,17.0,54.4,0.0,0.0,0.0
2026-01-01 21:09:00,26.8,78.0,0.0,54.5,0.0,0.0,0.0
2026-01-01 21:09:05,26.8,77.9,6.8,54.4,0.0,0.0,0.0
2026-01-01 21:09:10,26.8,78.0,0.0,54.5,0.0,0.0,0.0
2026-01-01 21:09:15,26.7,78.0,10.9,54.5,0.0,0.0,0.0
2026-01-01 21:09:20,26.6,77.8,14.5,54.5,0.0,0.0,0.0
2026-01-01 21:09:25,26.6,77.6,0.0,54.4,0.0,0.0,0.0
2026-01-01 21:09:30,26.6,77.8,11.7,54.4,0.0,0.0,0.0
2026-01-01 21:09:35,26.6,77.7,22.5,54.5,0.0,0.0,0.0
2026-01-01 21:09:40,26.5,78.1,10.4,54.5,0.0,0.0,0.0
2026-01-01 21:09:45,26.5,78.0,25.0,54.5,0.0,0.0,0.0
2026-01-01 21:09:50,26.4,78.0,0.0,54.5,0.0,0.0,0.0
2026-01-01 21:09:55,26.4,77.9,32.0,54.4,0.0,0.0,0.0
2026-01-01 21:10:00,26.3,78.0,50.8,54.5,0.0,0.0,0.0
2026-01-01 21:10:05,26.2,77.9,11.9,54.6,0.0,0.0,0.0
2026-01-01 21:10:10,26.3,77.9,35.6,54.5,0.0,0.0,0.0
2026-01-01 21:10:15,26.2,77.8,4.1,54.6,0.0,0.0,0.0
2026-01-01 21:10:20,26.3,78.0,0.0,54.5,0.0,0.0,0.0
2026-01-01 21:10:25,26.3,78.2,26.7,54.5,0.0,0.0,0.0
2026-01-01 21:10:30,26.3,78.4,0.0,54.4,0.0,0.0,0.0
2026-01-01 21:10:35,26.3,78.6,25.8,54.4,0.0,0.0,0.0
2026-01-01 21:10:40,26.3,78.4,27.7,54.5,0.0,0.0,0.0
2026-01-01 21:10:45,26.5,78.7,25.1,54.4,0.0,0.0,0.0
2026-01-01 21:10:50,26.5,78.8,0.0,54.4,0.0,0.0,0.0
2026-01-01 21:10:55,26.6,78.9,17.6,54.4,0.0,0.0,0.0
2026-01-01 21:11:00,26.6,78.8,27.6,54.4,0.0,0.0,0.0
2026-01-01 21:11:05,26.5,79.0,12.4,54.4,0.0,0.0,0.0
2026-01-01 21:11:10,26.4,78.7,2.4,54.4,0.0,0.0,0.0
2026-01-01 21:11:15,26.4,78.7,7.1,54.4,0.0,0.0,0.0
2026-01-01 21:11:20,26.3,79.0,8.1,54.4,0.0,0.0,0.0
2026-01-01 21:11:25,26.4,79.1,15.0,54.4,0.0,0.0,0.0
2026-01-01 21:11:30,26.4,79.1,25.3,54.4,0.0,0.0,0.0
2026-01-01 21:11:35,26.4,79.3,23.0,54.4,0.0,0.0,0.0
2026-01-01 21:11:40,26.5,79.3,7.4,54.4,0.0,0.0,0.0
2026-01-01 21:11:45,26.4,79.6,11.3,54.4,0.0,0.0,0.0
2026-01-01 21:11:50,26.4,79.4,18.4,54.4,0.0,0.0,0.0
2026-01-01 21:11:55,26.5,79.3,14.1,54.3,0.0,0.0,0.0
2026-01-01 21:12:00,26.3,79.4,50.1,54.4,0.0,0.0,0.0
2026-01-01 21:12:05,26.3,79.4,3.2,54.3,0.0,0.0,0.0
2026-01-01 21:12:10,26.2,79.2,7.9,54.5,0.0,0.0,0.0
2026-01-01 21:12:15,26.2,79.4,0.0,54.5,0.0,0.0,0.0
2026-01-01 21:12:20,26.2,79.6,13.0,54.5,0.0,0.0,0.0
2026-01-01 21:12:25,26.3,79.9,31.4,54.4,0.0,0.0,0.0
2026-01-01 21:12:30,26.4,80.2,7.4,54.4,0.0,0.0,0.0
2026-01-01 21:12:35,26.3,80.2,20.0,54.4,0.0,0.0,0.0
2026-01-01 21:12:40,26.5,79.9,16.4,54.4,0.0,0.0,0.0
2026-01-01 21:12:45,26.6,79.8,9.4,54.4,0.0,0.0,0.0
2026-01-01 21:12:50,26.6,79.7,19.6,54.4,0.0,0.0,0.0
2026-01-01 21:12:55,26.6,79.4,38.8,54.4,0.0,0.0,0.0
2026-01-01 21:13:00,26.6,79.4,5.9,54.4,0.0,0.0,0.0
2026-01-01 21:13:05,26.6,79.4,26.4,54.4,0.0,0.0,0.0
2026-01-01 21:13:10,26.6,79.6,5.4,54.5,0.0,0.0,0.0
2026-01-01 21:13:15,26.7,79.2,21.3,54.5,0.0,0.0,0.0
2026-01-01 21:13:20,26.7,78.7,50.4,54.6,0.0,0.0,0.0
2026-01-01 21:13:25,26.6,78.8,0.0,54.6,0.0,0.0,0.0
2026-01-01 21:13:30,26.6,78.6,32.1,54.6,0.0,0.0,0.0
2026-01-01 21:13:35,26.6,78.4,23.7,54.5,0.0,0.0,0.0
2026-01-01 21:13:40,26.6,78.6,10.6,54.6,0.0,0.0,0.0
2026-01-01 21:13:45,26.5,78.6,37.9,54.6,0.0,0.0,0.0
2026-01-01 21:13:50,26.6,78.3,42.6,54.6,0.0,0.0,0.0
2026-01-01 21:13:55,26.6,78.6,0.0,54.6,0.0,0.0,0.0
2026-01-01 21:14:00,26.5,78.5,20.3,54.6,0.0,0.0,0.0
2026-01-01 21:14:05,26.6,78.4,32.0,54.6,0.0,0.0,0.0
2026-01-01 21:14:10,26.6,78.0,2.8,54.6,0.0,0.0,0.0
2026-01-01 21:14:15,26.6,78.2,32.8,54.6,0.0,0.0,0.0
2026-01-01 21:14:20,26.6,78.3,0.0,54.5,0.0,0.0,0.0
2026-01-01 21:14:25,26.7,78.1,10.7,54.5,0.0,0.0,0.0
2026-01-01 21:14:30,26.7,78.2,34.5,54.6,0.0,0.0,0.0
2026-01-01 21:14:35,26.8,78.1,21.7,54.6,0.0,0.0,0.0
2026-01-01 21:14:40,26.9,78.3,3.0,54.6,0.0,0.0,0.0
2026-01-01 21:14:45,26.8,78.2,25.8,54.6,0.0,0.0,0.0
2026-01-01 21:14:50,26.8,78.0,0.0,54.5,0.0,0.0,0.0
2026-01-01 21:14:55,26.9,77.8,4.1,54.5,0.0,0.0,0.0
2026-01-01 21:15:00,26.9,78.2,21.4,54.5,0.0,0.0,0.0
2026-01-01 21:15:05,26.9,78.4,0.0,54.5,0.0,0.0,0.0
2026-01-01 21:15:10,26.9,78.6,0.0,54.6,0.0,0.0,0.0
2026-01-01 21:15:15,26.9,78.8,43.6,54.5,0.0,0.0,0.0
2026-01-01 21:15:20,26.9,78.7,17.2,54.6,0.0,0.0,0.0
2026-01-01 21:15:25,27.0,78.8,32.2,54.5,0.0,0.0,0.0
2026-01-01 21:15:30,27.1,78.9,20.1,54.5,0.0,0.0,0.0
2026-01-01 21:15:35,27.1,78.4,23.8,54.5,0.0,0.0,0.0
2026-01-01 21:15:40,27.2,78.2,40.6,54.5,0.0,0.0,0.0
2026-01-01 21:15:45,27.2,77.6,25.8,54.5,0.0,0.0,0.0
2026-01-01 21:15:50,27.0,77.6,11.6,54.5,0.0,0.0,0.0
2026-01-01 21:15:55,27.1,77.6,30.4,54.6,0.0,0.0,0.0
2026-01-01 21:16:00,27.1,77.6,15.9,54.5,0.0,0.0,0.0
2026-01-01 21:16:05,27.2,77.8,32.2,54.4,0.0,0.0,0.0
2026-01-01 21:16:10,27.3,78.1,3.3,54.5,0.0,0.0,0.0
2026-01-01 21:16:15,27.4,77.9,10.4,54.5,0.0,0.0,0.0
2026-01-01 21:16:20,27.4,78.1,24.4,54.5,0.0,0.0,0.0
2026-01-01 21:16:25,27.3,77.8,7.8,54.4,0.0,0.0,0.0
2026-01-01 21:16:30,27.3,77.9,11.7,54.4,0.0,0.0,0.0
2026-01-01 21:16:35,27.2,77.7,11.8,54.5,0.0,0.0,0.0
2026-01-01 21:16:40,27.2,77.7,16.8,54.5,0.0,0.0,0.0
2026-01-01 21:16:45,27.3,77.8,27.7,54.5,0.0,0.0,0.0
2026-01-01 21:16:50,27.2,78.2,1.9,54.4,0.0,0.0,0.0
2026-01-01 21:16:55,27.2,78.1,6.0,54.5,0.0,0.0,0.0
2026-01-01 21:17:00,27.1,78.0,10.2,54.4,0.0,0.0,0.0
2026-01-01 21:17:05,27.1,78.0,4.1,54.5,0.0,0.0,0.0
2026-01-01 21:17:10,27.0,77.5,6.5,54.5,0.0,0.0,0.0
2026-01-01 21:17:15,26.9,77.8,11.5,54.4,0.0,0.0,0.0
2026-01-01 21:17:20,27.0,78.0,6.5,54.4,0.0,0.0,0.0
2026-01-01 21:17:25,27.0,78.2,25.0,54.4,0.0,0.0,0.0
2026-01-01 21:17:30,27.0,77.9,19.8,54.4,0.0,0.0,0.0
2026-01-01 21:17:35,26.9,78.0,5.6,54.4,0.0,0.0,0.0
2026-01-01 21:17:40,26.9,78.1,10.0,54.4,0.0,0.0,0.0
2026-01-01 21:17:45,26.9,77.8,8.1,54.5,0.0,0.0,0.0
2026-01-01 21:17:50,26.8,78.0,1.2,54.4,0.0,0.0,0.0
2026-01-01 21:17:55,26.8,78.2,16.0,54.5,0.0,0.0,0.0
2026-01-01 21:18:00,26.9,78.1,5.2,54.5,0.0,0.0,0.0
2026-01-01 21:18:05,26.8,77.7,0.0,54.5,0.0,0.0,0.0
2026-01-01 21:18:10,26.8,77.7,12.3,54.6,0.0,0.0,0.0
2026-01-01 21:18:15,26.8,77.5,12.0,54.5,0.0,0.0,0.0
2026-01-01 21:18:20,26.7,77.5,22.5,54.5,0.0,0.0,0.0
2026-01-01 21:18:25,26.6,77.7,36.4,54.4,0.0,0.0,0.0
2026-01-01 21:18:30,26.8,77.5,0.0,54.5,0.0,0.0,0.0
2026-01-01 21:18:35,26.7,77.6,39.3,54.5,0.0,0.0,0.0
2026-01-01 21:18:40,26.7,77.8,0.0,54.5,0.0,0.0,0.0
2026-01-01 21:18:45,26.7,77.6,17.8,54.4,0.0,0.0,0.0
2026-01-01 21:18:50,26.7,77.5,5.8,54.4,0.0,0.0,0.0
2026-01-01 21:18:55,26.6,77.7,0.9,54.4,0.0,0.0,0.0
2026-01-01 21:19:00,26.6,77.6,0.0,54.4,0.0,0.0,0.0
2026-01-01 21:19:05,26.6,77.4,19.7,54.5,0.0,0.0,0.0
2026-01-01 21:19:10,26.5,77.5,0.0,54.5,0.0,0.0,0.0
2026-01-01 21:19:15,26.6,77.8,15.5,54.5,0.0,0.0,0.0
2026-01-01 21:19:20,26.6,77.6,22.0,54.5,0.0,0.0,0.0
2026-01-01 21:19:25,26.6,77.5,0.0,54.5,0.0,0.0,0.0
2026-01-01 21:19:30,26.6,77.7,11.1,54.5,0.0,0.0,0.0
2026-01-01 21:19:35,26.7,77.6,13.3,54.5,0.0,0.0,0.0
2026-01-01 21:19:40,26.7,77.8,7.1,54.5,0.0,0.0,0.0
2026-01-01 21:19:45,26.7,77.9,23.7,54.5,0.0,0.0,0.0
2026-01-01 21:19:50,26.7,77.6,0.0,54.5,0.0,0.0,0.0
2026-01-01 21:19:55,26.7,77.4,7.5,54.5,0.0,0.0,0.0
2026-01-01 21:20:00,26.7,77.6,0.0,54.4,0.0,0.0,0.0
2026-01-01 21:20:05,26.7,77.3,54.7,54.4,0.0,0.0,0.0
2026-01-01 21:20:10,26.8,77.4,0.0,54.5,0.0,0.0,0.0
2026-01-01 21:20:15,26.8,77.3,2.3,54.5,0.0,0.0,0.0
2026-01-01 21:20:20,26.7,77.4,51.0,54.5,0.0,0.0,0.0
2026-01-01 21:20:25,26.8,77.7,0.0,54.4,0.0,0.0,0.0
2026-01-01 21:20:30,26.8,77.6,0.0,54.4,0.0,0.0,0.0
2026-01-01 21:20:35,26.8,77.8,1.2,54.4,0.0,0.0,0.0
2026-01-01 21:20:40,26.8,77.7,27.0,54.4,0.0,0.0,0.0
2026-01-01 21:20:45,26.8,77.6,27.1,54.5,0.0,0.0,0.0
2026-01-01 21:20:50,26.8,77.2,26.4,54.5,0.0,0.0,0.0
2026-01-01 21:20:55,26.8,77.2,5.6,54.5,0.0,0.0,0.0
2026-01-01 21:21:00,26.8,77.1,23.0,54.6,0.0,0.0,0.0
2026-01-01 21:21:05,26.9,77.2,25.1,54.5,0.0,0.0,0.0
2026-01-01 21:21:10,26.8,77.2,9.1,54.5,0.0,0.0,0.0
2026-01-01 21:21:15,26.9,77.0,12.8,54.5,0.0,0.0,0.0
2026-01-01 21:21:20,26.9,77.0,41.7,54.5,0.0,0.0,0.0
2026-01-01 21:21:25,26.9,76.8,10.9,54.6,0.0,0.0,0.0
2026-01-01 21:21:30,26.9,77.0,15.9,54.5,0.0,0.0,0.0
2026-01-01 21:21:35,26.8,77.2,0.0,54.5,0.0,0.0,0.0
2026-01-01 21:21:40,26.8,77.2,20.4,54.5,0.0,0.0,0.0
2026-01-01 21:21:45,26.9,77.2,6.8,54.5,0.0,0.0,0.0
2026-01-01 21:21:50,26.9,77.3,0.0,54.5,0.0,0.0,0.0
2026-01-01 21:21:55,26.9,77.2,30.2,54.5,0.0,0.0,0.0
2026-01-01 21:22:00,27.0,77.2,14.4,54.5,0.0,0.0,0.0
2026-01-01 21:22:05,26.9,77.1,38.5,54.5,0.0,0.0,0.0
2026-01-01 21:22:10,26.9,77.3,23.7,54.6,0.0,0.0,0.0
2026-01-01 21:22:15,27.0,77.3,29.2,54.6,0.0,0.0,0.0
2026-01-01 21:22:20,27.0,77.6,8.4,54.6,0.0,0.0,0.0
2026-01-01 21:22:25,26.9,77.5,13.4,54.5,0.0,0.0,0.0
2026-01-01 21:22:30,26.9,77.5,13.0,54.5,0.0,0.0,0.0
2026-01-01 21:22:35,27.0,77.5,30.0,54.5,0.0,0.0,0.0
2026-01-01 21:22:40,26.9,77.7,0.9,54.5,0.0,0.0,0.0
2026-01-01 21:22:45,26.9,77.7,32.4,54.5,0.0,0.0,0.0
2026-01-01 21:22:50,26.9,77.8,15.8,54.6,0.0,0.0,0.0
2026-01-01 21:22:55,27.0,77.6,23.3,54.6,0.0,0.0,0.0
2026-01-01 21:23:00,27.0,77.5,35.7,54.5,0.0,0.0,0.0
2026-01-01 21:23:05,27.0,77.2,44.2,54.5,0.0,0.0,0.0
2026-01-01 21:23:10,27.0,77.3,0.0,54.6,0.0,0.0,0.0
2026-01-01 21:23:15,27.1,77.3,4.7,54.5,0.0,0.0,0.0
2026-01-01 21:23:20,27.2,77.1,8.8,54.6,0.0,0.0,0.0
2026-01-01 21:23:25,27.2,77.2,0.0,54.6,0.0,0.0,0.0
2026-01-01 21:23:30,27.3,77.2,36.7,54.6,0.0,0.0,0.0
2026-01-01 21:23:35,27.4,77.6,46.7,54.6,0.0,0.0,0.0
2026-01-01 21:23:40,27.4,77.4,34.0,54.7,0.0,0.0,0.0
2026-01-01 21:23:45,27.4,77.6,15.5,54.6,0.0,0.0,0.0
2026-01-01 21:23:50,27.5,77.5,29.6,54.6,0.0,0.0,0.0
2026-01-01 21:23:55,27.6,77.6,0.0,54.6,0.0,0.0,0.0
2026-01-01 21:24:00,27.6,77.8,17.6,54.6,0.0,0.0,0.0
2026-01-01 21:24:05,27.8,77.7,2.5,54.6,0.0,0.0,0.0
2026-01-01 21:24:10,27.7,77.7,46.9,54.6,0.0,0.0,0.0
2026-01-01 21:24:15,27.8,77.8,42.5,54.6,0.0,0.0,0.0
2026-01-01 21:24:20,27.9,77.7,23.1,54.6,0.0,0.0,0.0
2026-01-01 21:24:25,27.9,78.2,0.0,54.6,0.0,0.0,0.0
2026-01-01 21:24:30,28.0,78.2,22.3,54.6,0.0,0.0,0.0
2026-01-01 21:24:35,28.0,77.8,23.7,54.6,0.0,0.0,0.0
2026-01-01 21:24:40,28.0,77.9,29.2,54.6,0.0,0.0,0.0
2026-01-01 21:24:45,28.1,78.1,14.4,54.6,0.0,0.0,0.0
2026-01-01 21:24:50,28.1,77.9,0.0,54.7,0.0,0.0,0.0
2026-01-01 21:24:55,28.1,77.7,17.0,54.6,0.0,0.0,0.0
2026-01-01 21:25:00,28.0,77.6,41.0,54.6,0.0,0.0,0.0
2026-01-01 21:25:05,28.0,77.8,14.8,54.5,0.0,0.0,0.0
2026-01-01 21:25:10,28.0,77.6,34.7,54.5,0.0,0.0,0.0
2026-01-01 21:25:15,28.0,77.5,0.0,54.6,0.0,0.0,0.0
2026-01-01 21:25:20,28.0,77.5,8.6,54.5,0.0,0.0,0.0
2026-01-01 21:25:25,27.9,77.6,7.7,54.6,0.0,0.0,0.0
2026-01-01 21:25:30,27.9,77.6,13.6,54.5,0.0,0.0,0.0
2026-01-01 21:25:35,27.8,77.2,1.7,54.6,0.0,0.0,0.0
2026-01-01 21:25:40,27.8,77.3,37.4,54.6,0.0,0.0,0.0
2026-01-01 21:25:45,27.8,77.5,4.1,54.6,0.0,0.0,0.0
2026-01-01 21:25:50,27.9,77.6,26.6,54.6,0.0,0.0,0.0
2026-01-01 21:25:55,27.9,77.5,27.1,54.7,0.0,0.0,0.0
2026-01-01 21:26:00,27.8,77.4,6.6,54.7,0.0,0.0,0.0
2026-01-01 21:26:05,27.8,77.5,28.6,54.6,0.0,0.0,0.0
2026-01-01 21:26:10,27.8,77.5,12.6,54.7,0.0,0.0,0.0
2026-01-01 21:26:15,27.8,77.3,30.5,54.6,0.0,0.0,0.0
2026-01-01 21:26:20,27.8,76.9,10.6,54.6,0.0,0.0,0.0
2026-01-01 21:26:25,27.7,77.1,33.0,54.6,0.0,0.0,0.0
2026-01-01 21:26:30,27.7,77.2,8.0,54.6,0.0,0.0,0.0
2026-01-01 21:26:35,27.6,77.1,20.9,54.6,0.0,0.0,0.0
2026-01-01 21:26:40,27.6,77.1,26.3,54.5,0.0,0.0,0.0
2026-01-01 21:26:45,27.6,77.1,0.0,54.5,0.0,0.0,0.0
2026-01-01 21:26:50,27.4,77.4,0.0,54.6,0.0,0.0,0.0
2026-01-01 21:26:55,27.4,77.4,27.1,54.6,0.0,0.0,0.0
2026-01-01 21:27:00,27.5,77.4,30.6,54.6,0.0,0.0,0.0
2026-01-01 21:27:05,27.4,77.4,25.7,54.6,0.0,0.0,0.0
2026-01-01 21:27:10,27.3,77.6,9.2,54.6,0.0,0.0,0.0
2026-01-01 21:27:15,27.3,77.7,26.8,54.6,0.0,0.0,0.0
2026-01-01 21:27:20,27.3,77.8,0.7,54.7,0.0,0.0,0.0
2026-01-01 21:27:25,27.4,77.9,17.2,54.7,0.0,0.0,0.0
2026-01-01 21:27:30,27.6,78.0,10.5,54.6,0.0,0.0,0.0
2026-01-01 21:27:35,27.6,78.0,0.0,54.7,0.0,0.0,0.0
2026-01-01 21:27:40,27.4,77.7,3.5,54.7,0.0,0.0,0.0
2026-01-01 21:27:45,27.5,77.6,29.5,54.7,0.0,0.0,0.0
2026-01-01 21:27:50,27.5,77.7,28.5,54.7,0.0,0.0,0.0
2026-01-01 21:27:55,27.4,77.7,10.4,54.7,0.0,0.0,0.0
2026-01-01 21:28:00,27.4,77.8,14.0,54.6,0.0,0.0,0.0
2026-01-01 21:28:05,27.4,78.0,1.8,54.6,0.0,0.0,0.0
2026-01-01 21:28:10,27.5,78.0,3.3,54.6,0.0,0.0,0.0
2026-01-01 21:28:15,27.5,78.5,0.0,54.6,0.0,0.0,0.0
2026-01-01 21:28:20,27.4,78.4,0.0,54.6,0.0,0.0,0.0
2026-01-01 21:28:25,27.4,78.5,37.8,54.6,0.0,0.0,0.0
2026-01-01 21:28:30,27.4,78.5,18.3,54.7,0.0,0.0,0.0
2026-01-01 21:28:35,27.3,78.1,9.0,54.6,0.0,0.0,0.0
2026-01-01 21:28:40,27.4,78.2,22.1,54.6,0.0,0.0,0.0
2026-01-01 21:28:45,27.2,78.6,25.3,54.6,0.0,0.0,0.0
2026-01-01 21:28:50,27.2,78.5,17.0,54.6,0.0,0.0,0.0
2026-01-01 21:28:55,27.3,78.3,22.3,54.7,0.0,0.0,0.0
2026-01-01 21:29:00,27.1,78.3,27.2,54.7,0.0,0.0,0.0
2026-01-01 21:29:05,27.1,78.2,0.0,54.6,0.0,0.0,0.0
2026-01-01 21:29:10,27.1,77.7,11.6,54.6,0.0,0.0,0.0
2026-01-01 21:29:15,27.1,78.1,10.1,54.6,0.0,0.0,0.0
2026-01-01 21:29:20,27.1,78.4,0.0,54.6,0.0,0.0,0.0
2026-01-01 21:29:25,27.0,78.4,24.6,54.6,0.0,0.0,0.0
2026-01-01 21:29:30,26.9,78.4,2.1,54.6,0.0,0.0,0.0
2026-01-01 21:29:35,26.9,78.3,47.8,54.6,0.0,0.0,0.0
2026-01-01 21:29:40,26.9,78.4,10.3,54.7,0.0,0.0,0.0
2026-01-01 21:29:45,26.9,78.3,6.2,54.6,0.0,0.0,0.0
2026-01-01 21:29:50,26.9,78.0,23.2,54.5,0.0,0.0,0.0
2026-01-01 21:29:55,26.9,77.8,0.0,54.6,0.0,0.0,0.0
2026-01-01 21:30:00,26.9,78.0,6.7,54.5,0.0,0.0,0.0
2026-01-01 21:30:05,26.9,77.7,0.0,54.5,0.0,0.0,0.0
2026-01-01 21:30:10,27.1,78.1,31.3,54.6,0.0,0.0,0.0
2026-01-01 21:30:15,27.0,78.3,23.4,54.5,0.0,0.0,0.0
2026-01-01 21:30:20,27.0,78.5,27.2,54.6,0.0,0.0,0.0
2026-01-01 21:30:25,27.0,78.6,2.2,54.6,0.0,0.0,0.0
2026-01-01 21:30:30,27.1,78.7,21.7,54.6,0.0,0.0,0.0
2026-01-01 21:30:35,27.0,79.1,37.1,54.6,0.0,0.0,0.0
2026-01-01 21:30:40,27.1,79.2,14.3,54.6,0.0,0.0,0.0
2026-01-01 21:30:45,27.2,79.2,56.2,54.6,0.0,0.0,0.0
2026-01-01 21:30:50,27.2,79.3,0.0,54.5,0.0,0.0,0.0
2026-01-01 21:30:55,27.2,79.2,9.6,54.6,0.0,0.0,0.0
2026-01-01 21:31:00,27.4,79.4,14.6,54.6,0.0,0.0,0.0
2026-01-01 21:31:05,27.3,79.3,9.3,54.6,0.0,0.0,0.0
2026-01-01 21:31:10,27.3,79.1,5.5,54.6,0.0,0.0,0.0
2026-01-01 21:31:15,27.3,79.2,43.2,54.6,0.0,0.0,0.0
2026-01-01 21:31:20,27.3,79.0,31.6,54.6,0.0,0.0,0.0
2026-01-01 21:31:25,27.3,79.1,18.3,54.6,0.0,0.0,0.0
2026-01-01 21:31:30,27.2,79.2,30.6,54.6,0.0,0.0,0.0
2026-01-01 21:31:35,27.2,79.4,0.1,54.6,0.0,0.0,0.0
2026-01-01 21:31:40,27.2,79.3,0.0,54.7,0.0,0.0,0.0
2026-01-01 21:31:45,27.2,79.2,0.0,54.6,0.0,0.0,0.0
2026-01-01 21:31:50,27.2,79.5,0.0,54.6,0.0,0.0,0.0
2026-01-01 21:31:55,27.2,79.6,7.6,54.6,0.0,0.0,0.0
2026-01-01 21:32:00,27.2,79.8,0.0,54.5,0.0,0.0,0.0
2026-01-01 21:32:05,27.0,79.6,5.5,54.5,0.0,0.0,0.0
2026-01-01 21:32:10,27.0,79.9,8.4,54.5,0.0,0.0,0.0
2026-01-01 21:32:15,27.1,80.1,25.8,54.5,0.0,0.0,0.0
2026-01-01 21:32:20,27.1,80.2,18.6,54.5,0.0,0.0,0.0
2026-01-01 21:32:25,27.2,80.1,34.2,54.5,0.0,0.0,0.0
2026-01-01 21:32:30,27.1,79.9,0.5,54.6,0.0,0.0,0.0
2026-01-01 21:32:35,27.3,79.7,14.0,54.6,0.0,0.0,0.0
2026-01-01 21:32:40,27.3,79.8,21.6,54.5,0.0,0.0,0.0
2026-01-01 21:32:45,27.3,79.5,25.7,54.5,0.0,0.0,0.0
2026-01-01 21:32:50,27.3,79.6,37.1,54.5,0.0,0.0,0.0
2026-01-01 21:32:55,27.2,79.6,19.0,54.5,0.0,0.0,0.0
2026-01-01 21:33:00,27.1,79.4,3.9,54.5,0.0,0.0,0.0
2026-01-01 21:33:05,27.1,79.1,4.8,54.5,0.0,0.0,0.0
2026-01-01 21:33:10,27.0,79.2,38.2,54.5,0.0,0.0,0.0
2026-01-01 21:33:15,27.1,78.9,10.6,54.5,0.0,0.0,0.0
2026-01-01 21:33:20,27.0,79.0,14.2,54.5,0.0,0.0,0.0
2026-01-01 21:33:25,26.9,79.3,2.8,54.5,0.0,0.0,0.0
2026-01-01 21:33:30,26.8,79.3,8.2,54.5,0.0,0.0,0.0
2026-01-01 21:33:35,26.8,79.1,0.0,54.4,0.0,0.0,0.0
2026-01-01 21:33:40,26.8,79.0,14.4,54.4,0.0,0.0,0.0
2026-01-01 21:33:45,26.9,79.0,22.9,54.5,0.0,0.0,0.0
2026-01-01 21:33:50,26.9,79.2,13.6,54.5,0.0,0.0,0.0
2026-01-01 21:33:55,26.8,79.4,23.1,54.5,0.0,0.0,0.0
2026-01-01 21:34:00,26.8,79.3,0.0,54.5,0.0,0.0,0.0
2026-01-01 21:34:05,26.7,79.4,30.0,54.5,0.0,0.0,0.0
2026-01-01 21:34:10,26.7,79.3,10.0,54.4,0.0,0.0,0.0
2026-01-01 21:34:15,26.8,79.2,15.4,54.4,0.0,0.0,0.0
2026-01-01 21:34:20,26.7,79.3,30.4,54.4,0.0,0.0,0.0
2026-01-01 21:34:25,26.7,79.7,18.6,54.4,0.0,0.0,0.0
2026-01-01 21:34:30,26.7,79.5,6.8,54.4,0.0,0.0,0.0
2026-01-01 21:34:35,26.6,79.6,0.0,54.4,0.0,0.0,0.0
2026-01-01 21:34:40,26.6,79.5,8.9,54.5,0.0,0.0,0.0
2026-01-01 21:34:45,26.6,79.7,7.1,54.4,0.0,0.0,0.0
2026-01-01 21:34:50,26.6,79.4,9.9,54.4,0.0,0.0,0.0
2026-01-01 21:34:55,26.6,79.3,0.7,54.4,0.0,0.0,0.0
2026-01-01 21:35:00,26.6,79.2,23.0,54.4,0.0,0.0,0.0
2026-01-01 21:35:05,26.6,79.3,33.2,54.4,0.0,0.0,0.0
2026-01-01 21:35:10,26.6,79.3,24.6,54.4,0.0,0.0,0.0
2026-01-01 21:35:15,26.6,79.4,11.5,54.4,0.0,0.0,0.0
2026-01-01 21:35:20,26.5,79.1,17.5,54.3,0.0,0.0,0.0
2026-01-01 21:35:25,26.4,79.0,10.3,54.4,0.0,0.0,0.0
2026-01-01 21:35:30,26.4,79.0,5.1,54.4,0.0,0.0,0.0
2026-01-01 21:35:35,26.3,79.0,0.0,54.3,0.0,0.0,0.0
2026-01-01 21:35:40,26.3,78.8,1.6,54.3,0.0,0.0,0.0
2026-01-01 21:35:45,26.3,79.2,16.3,54.4,0.0,0.0,0.0
2026-01-01 21:35:50,26.2,79.2,34.8,54.4,0.0,0.0,0.0
2026-01-01 21:35:55,26.2,79.4,18.8,54.4,0.0,0.0,0.0
2026-01-01 21:36:00,26.3,79.2,18.5,54.4,0.0,0.0,0.0
2026-01-01 21:36:05,26.3,79.2,14.2,54.3,0.0,0.0,0.0
2026-01-01 21:36:10,26.4,79.3,10.9,54.4,0.0,0.0,0.0
2026-01-01 21:36:15,26.3,79.8,9.8,54.3,0.0,0.0,0.0
2026-01-01 21:36:20,26.4,80.0,0.0,54.4,0.0,0.0,0.0
2026-01-01 21:36:25,26.4,79.9,36.4,54.4,0.0,0.0,0.0
2026-01-01 21:36:30,26.5,80.1,0.0,54.3,0.0,0.0,0.0
2026-01-01 21:36:35,26.4,80.1,7.7,54.3,0.0,0.0,0.0
2026-01-01 21:36:40,26.4,79.9,21.3,54.4,0.0,0.0,0.0
2026-01-01 21:36:45,26.2,79.6,23.0,54.4,0.0,0.0,0.0
2026-01-01 21:36:50,26.2,79.4,14.0,54.3,0.0,0.0,0.0
2026-01-01 21:36:55,26.2,79.4,16.5,54.4,0.0,0.0,0.0
2026-01-01 21:37:00,26.2,79.2,9.6,54.4,0.0,0.0,0.0
2026-01-01 21:37:05,26.1,79.5,25.4,54.4,0.0,0.0,0.0
2026-01-01 21:37:10,26.0,79.6,40.8,54.4,0.0,0.0,0.0
2026-01-01 21:37:15,26.2,79.6,11.6,54.4,0.0,0.0,0.0
2026-01-01 21:37:20,26.3,79.5,23.5,54.3,0.0,0.0,0.0
2026-01-01 21:37:25,26.3,79.5,0.6,54.4,0.0,0.0,0.0
2026-01-01 21:37:30,26.2,79.7,14.1,54.4,0.0,0.0,0.0
2026-01-01 21:37:35,26.2,79.8,12.1,54.4,0.0,0.0,0.0
2026-01-01 21:37:40,26.2,80.1,0.0,54.3,0.0,0.0,0.0
2026-01-01 21:37:45,26.3,79.8,0.0,54.3,0.0,0.0,0.0
2026-01-01 21:37:50,26.3,80.1,22.8,54.4,0.0,0.0,0.0
2026-01-01 21:37:55,26.3,80.2,14.6,54.4,0.0,0.0,0.0
2026-01-01 21:38:00,26.3,80.1,0.0,54.4,0.0,0.0,0.0
2026-01-01 21:38:05,26.2,80.3,27.9,54.4,0.0,0.0,0.0
2026-01-01 21:38:10,26.1,79.9,48.1,54.4,0.0,0.0,0.0
2026-01-01 21:38:15,26.2,79.7,26.7,54.3,0.0,0.0,0.0
2026-01-01 21:38:20,26.2,79.8,33.8,54.4,0.0,0.0,0.0
2026-01-01 21:38:25,26.1,79.6,31.6,54.4,0.0,0.0,0.0
2026-01-01 21:38:30,26.2,79.8,0.0,54.4,0.0,0.0,0.0
2026-01-01 21:38:35,26.2,79.7,25.0,54.4,0.0,0.0,0.0
2026-01-01 21:38:40,26.2,79.8,12.0,54.3,0.0,0.0,0.0
2026-01-01 21:38:45,26.2,80.0,9.2,54.3,0.0,0.0,0.0
2026-01-01 21:38:50,26.2,79.6,28.0,54.3,0.0,0.0,0.0
2026-01-01 21:38:55,26.3,79.7,33.7,54.3,0.0,0.0,0.0
2026-01-01 21:39:00,26.3,79.8,0.0,54.3,0.0,0.0,0.0
2026-01-01 21:39:05,26.3,79.8,9.3,54.3,0.0,0.0,0.0
2026-01-01 21:39:10,26.2,79.5,21.3,54.3,0.0,0.0,0.0
2026-01-01 21:39:15,26.3,79.6,12.0,54.3,0.0,0.0,0.0
2026-01-01 21:39:20,26.3,79.8,46.7,54.3,0.0,0.0,0.0
2026-01-01 21:39:25,26.3,79.6,31.0,54.3,0.0,0.0,0.0
2026-01-01 21:39:30,26.2,79.2,20.8,54.3,0.0,0.0,0.0
2026-01-01 21:39:35,26.2,78.9,2.6,54.4,0.0,0.0,0.0
2026-01-01 21:39:40,26.3,78.8,46.0,54.4,0.0,0.0,0.0
2026-01-01 21:39:45,26.2,78.7,9.6,54.4,0.0,0.0,0.0
2026-01-01 21:39:50,26.2,78.6,0.1,54.4,0.0,0.0,0.0
2026-01-01 21:39:55,26.1,78.7,6.2,54.3,0.0,0.0,0.0
2026-01-01 21:40:00,26.1,78.9,14.2,54.3,0.0,0.0,0.0
2026-01-01 21:40:05,26.2,78.9,32.6,54.3,0.0,0.0,0.0
2026-01-01 21:40:10,26.2,78.9,0.0,54.4,0.0,0.0,0.0
2026-01-01 21:40:15,26.1,79.2,6.3,54.4,0.0,0.0,0.0
2026-01-01 21:40:20,26.1,79.4,22.0,54.4,0.0,0.0,0.0
2026-01-01 21:40:25,26.0,79.6,25.2,54.4,0.0,0.0,0.0
2026-01-01 21:40:30,26.0,79.3,21.4,54.3,0.0,0.0,0.0
2026-01-01 21:40:35,26.0,79.6,40.3,54.3,0.0,0.0,0.0
2026-01-01 21:40:40,26.0,79.6,1.2,54.3,0.0,0.0,0.0
2026-01-01 21:40:45,26.0,79.6,10.3,54.2,0.0,0.0,0.0
2026-01-01 21:40:50,26.0,79.9,21.4,54.3,0.0,0.0,0.0
2026-01-01 21:40:55,26.1,80.0,18.3,54.3,0.0,0.0,0.0
2026-01-01 21:41:00,26.0,79.6,0.0,54.3,0.0,0.0,0.0
2026-01-01 21:41:05,26.1,79.6,11.8,54.3,0.0,0.0,0.0
2026-01-01 21:41:10,26.2,79.8,33.1,54.2,0.0,0.0,0.0
2026-01-01 21:41:15,26.2,79.5,12.2,54.3,0.0,0.0,0.0
2026-01-01 21:41:20,26.2,79.8,8.4,54.3,0.0,0.0,0.0
2026-01-01 21:41:25,26.3,79.9,0.3,54.3,0.0,0.0,0.0
2026-01-01 21:41:30,26.3,80.1,35.7,54.3,0.0,0.0,0.0
2026-01-01 21:41:35,26.3,80.4,22.8,54.4,0.0,0.0,0.0
2026-01-01 21:41:40,26.2,80.2,0.1,54.4,0.0,0.0,0.0
2026-01-01 21:41:45,26.2,80.1,19.8,54.4,0.0,0.0,0.0
2026-01-01 21:41:50,26.3,80.4,26.5,54.5,0.0,0.0,0.0
2026-01-01 21:41:55,26.2,80.2,18.5,54.4,0.0,0.0,0.0
2026-01-01 21:42:00,26.2,80.1,1.5,54.4,0.0,0.0,0.0
2026-01-01 21:42:05,26.1,80.2,4.7,54.3,0.0,0.0,0.0
2026-01-01 21:42:10,26.0,80.3,10.1,54.4,0.0,0.0,0.0
2026-01-01 21:42:15,26.0,80.2,0.8,54.4,0.0,0.0,0.0
2026-01-01 21:42:20,26.1,80.5,0.0,54.4,0.0,0.0,0.0
2026-01-01 21:42:25,26.0,80.4,0.0,54.4,0.0,0.0,0.0
2026-01-01 21:42:30,25.9,80.2,7.6,54.3,0.0,0.0,0.0
2026-01-01 21:42:35,25.9,80.5,0.0,54.4,0.0,0.0,0.0
2026-01-01 21:42:40,25.8,80.3,0.0,54.3,0.0,0.0,0.0
2026-01-01 21:42:45,25.8,80.4,2.2,54.3,0.0,0.0,0.0
2026-01-01 21:42:50,25.8,80.3,9.9,54.3,0.0,0.0,0.0
2026-01-01 21:42:55,25.8,80.4,54.8,54.3,0.0,0.0,0.0
2026-01-01 21:43:00,25.9,80.0,22.7,54.3,0.0,0.0,0.0
2026-01-01 21:43:05,25.9,80.0,16.0,54.4,0.0,0.0,0.0
2026-01-01 21:43:10,25.9,79.8,11.5,54.4,0.0,0.0,0.0
2026-01-01 21:43:15,25.8,80.0,0.0,54.4,0.0,0.0,0.0
2026-01-01 21:43:20,25.9,80.0,50.8,54.4,0.0,0.0,0.0
2026-01-01 21:43:25,25.9,79.9,18.8,54.4,0.0,0.0,0.0
2026-01-01 21:43:30,25.8,80.1,13.5,54.4,0.0,0.0,0.0
2026-01-01 21:43:35,25.8,80.6,15.8,54.3,0.0,0.0,0.0
2026-01-01 21:43:40,25.8,80.9,0.0,54.4,0.0,0.0,0.0
2026-01-01 21:43:45,25.9,80.8,22.2,54.3,0.0,0.0,0.0
2026-01-01 21:43:50,25.9,80.6,26.5,54.3,0.0,0.0,0.0
2026-01-01 21:43:55,25.9,80.6,0.0,54.3,0.0,0.0,0.0
2026-01-01 21:44:00,25.9,80.8,11.9,54.3,0.0,0.0,0.0
2026-01-01 21:44:05,26.0,80.8,31.5,54.2,0.0,0.0,0.0
2026-01-01 21:44:10,26.0,80.7,16.8,54.3,0.0,0.0,0.0
2026-01-01 21:44:15,26.1,80.9,14.0,54.3,0.0,0.0,0.0
2026-01-01 21:44:20,26.1,81.1,0.0,54.3,0.0,0.0,0.0
2026-01-01 21:44:25,26.1,80.7,24.0,54.3,0.0,0.0,0.0
2026-01-01 21:44:30,26.0,80.7,31.2,54.3,0.0,0.0,0.0
2026-01-01 21:44:35,26.0,80.8,22.0,54.3,0.0,0.0,0.0
2026-01-01 21:44:40,25.9,80.8,0.0,54.3,0.0,0.0,0.0
2026-01-01 21:44:45,25.8,80.7,7.0,54.3,0.0,0.0,0.0
2026-01-01 21:44:50,25.8,80.8,14.4,54.3,0.0,0.0,0.0
2026-01-01 21:44:55,25.8,80.8,33.0,54.2,0.0,0.0,0.0
2026-01-01 21:45:00,25.7,80.7,7.0,54.3,0.0,0.0,0.0
2026-01-01 21:45:05,25.6,80.9,14.3,54.3,0.0,0.0,0.0
2026-01-01 21:45:10,25.6,80.7,8.0,54.4,0.0,0.0,0.0
2026-01-01 21:45:15,25.6,80.6,3.1,54.3,0.0,0.0,0.0
2026-01-01 21:45:20,25.5,80.5,4.9,54.3,0.0,0.0,0.0
2026-01-01 21:45:25,25.5,80.7,28.7,54.3,0.0,0.0,0.0
2026-01-01 21:45:30,25.4,80.9,18.7,54.3,0.0,0.0,0.0
2026-01-01 21:45:35,25.3,81.2,7.5,54.4,0.0,0.0,0.0
2026-01-01 21:45:40,25.2,81.3,1.7,54.4,0.0,0.0,0.0
2026-01-01 21:45:45,25.0,81.1,5.0,54.4,0.0,0.0,0.0
2026-01-01 21:45:50,25.0,81.0,49.5,54.4,0.0,0.0,0.0
2026-01-01 21:45:55,25.0,81.4,0.0,54.4,0.0,0.0,0.0
2026-01-01 21:46:00,25.1,81.0,8.1,54.4,0.0,0.0,0.0
2026-01-01 21:46:05,25.0,80.9,37.2,54.4,0.0,0.0,0.0
2026-01-01 21:46:10,25.1,81.1,5.2,54.3,0.0,0.0,0.0
2026-01-01 21:46:15,25.1,80.9,17.4,54.3,0.0,0.0,0.0
2026-01-01 21:46:20,25.1,81.1,28.7,54.4,0.0,0.0,0.0
2026-01-01 21:46:25,25.2,81.1,0.0,54.4,0.0,0.0,0.0
2026-01-01 21:46:30,25.2,81.1,43.6,54.3,0.0,0.0,0.0
2026-01-01 21:46:35,25.2,81.4,18.4,54.3,0.0,0.0,0.0
2026-01-01 21:46:40,25.2,81.4,16.4,54.3,0.0,0.0,0.0
2026-01-01 21:46:45,25.1,81.4,0.0,54.3,0.0,0.0,0.0
2026-01-01 21:46:50,25.2,81.5,1.3,54.3,0.0,0.0,0.0
2026-01-01 21:46:55,25.1,81.6,66.0,54.3,0.0,0.0,0.0
2026-01-01 21:47:00,25.1,81.8,40.3,54.3,0.0,0.0,0.0
2026-01-01 21:47:05,25.1,81.8,8.4,54.3,0.0,0.0,0.0
2026-01-01 21:47:10,25.0,82.0,32.5,54.3,0.0,0.0,0.0
2026-01-01 21:47:15,25.1,81.6,0.0,54.2,0.0,0.0,0.0
2026-01-01 21:47:20,25.2,82.1,10.6,54.2,1.0,0.0,0.0
2026-01-01 21:47:25,25.3,82.0,10.6,54.3,1.0,0.0,0.0
2026-01-01 21:47:30,25.2,82.4,9.9,54.4,1.0,0.0,0.0
2026-01-01 21:47:35,25.3,82.4,38.0,54.5,0.0,0.0,0.0
2026-01-01 21:47:40,25.3,82.2,0.0,54.6,0.0,0.0,0.0
2026-01-01 21:47:45,25.3,82.2,0.4,54.8,0.0,0.0,0.0
2026-01-01 21:47:50,25.3,82.3,0.0,54.9,0.0,0.0,0.0
2026-01-01 21:47:55,25.2,82.0,28.5,55.0,0.0,0.0,0.0
2026-01-01 21:48:00,25.3,82.0,25.7,55.1,0.0,0.0,0.0
2026-01-01 21:48:05,25.2,82.3,0.0,55.2,0.0,0.0,0.0
2026-01-01 21:48:10,25.0,82.0,26.5,55.2,0.0,0.0,0.0
2026-01-01 21:48:15,25.0,81.9,37.4,55.1,0.0,0.0,0.0
2026-01-01 21:48:20,25.0,81.6,23.8,55.2,0.0,0.0,0.0
2026-01-01 21:48:25,25.0,81.6,23.3,55.2,0.0,0.0,0.0
2026-01-01 21:48:30,25.2,81.6,5.1,55.2,0.0,0.0,0.0
2026-01-01 21:48:35,25.2,81.4,18.8,55.3,0.0,0.0,0.0
2026-01-01 21:48:40,25.2,81.5,13.0,55.2,0.0,0.0,0.0
2026-01-01 21:48:45,25.1,81.7,7.0,55.2,0.0,0.0,0.0
2026-01-01 21:48:50,25.1,81.8,0.0,55.2,0.0,0.0,0.0
2026-01-01 21:48:55,25.2,82.0,0.2,55.2,0.0,0.0,0.0
2026-01-01 21:49:00,25.1,81.6,1.3,55.3,0.0,0.0,0.0
2026-01-01 21:49:05,25.1,81.8,39.3,55.2,0.0,0.0,0.0
2026-01-01 21:49:10,25.2,81.7,10.6,55.2,0.0,0.0,0.0
2026-01-01 21:49:15,25.2,81.4,36.2,55.2,0.0,0.0,0.0
2026-01-01 21:49:20,25.1,81.4,13.8,55.2,0.0,0.0,0.0
2026-01-01 21:49:25,25.0,81.6,22.3,55.2,0.0,0.0,0.0
2026-01-01 21:49:30,25.0,82.0,0.0,55.2,0.0,0.0,0.0
2026-01-01 21:49:35,25.1,81.7,26.6,55.2,0.0,0.0,0.0
2026-01-01 21:49:40,25.0,81.6,47.2,55.2,0.0,0.0,0.0
2026-01-01 21:49:45,25.1,81.7,0.0,55.1,0.0,0.0,0.0
2026-01-01 21:49:50,25.1,81.6,24.2,55.2,0.0,0.0,0.0
2026-01-01 21:49:55,25.1,81.6,4.3,55.2,0.0,0.0,0.0
2026-01-01 21:50:00,25.0,81.3,20.6,55.2,0.0,0.0,0.0
2026-01-01 21:50:05,25.0,81.4,18.8,55.2,0.0,0.0,0.0
2026-01-01 21:50:10,25.1,81.3,26.9,55.2,0.0,0.0,0.0
2026-01-01 21:50:15,25.1,81.2,7.4,55.2,0.0,0.0,0.0
2026-01-01 21:50:20,25.1,81.2,0.0,55.2,0.0,0.0,0.0
2026-01-01 21:50:25,25.1,81.2,34.0,55.2,0.0,0.0,0.0
2026-01-01 21:50:30,25.1,81.0,12.9,55.2,0.0,0.0,0.0
2026-01-01 21:50:35,25.0,81.4,10.8,55.2,0.0,0.0,0.0
2026-01-01 21:50:40,25.0,81.4,27.5,55.2,0.0,0.0,0.0
2026-01-01 21:50:45,25.1,81.4,7.8,55.1,0.0,0.0,0.0
2026-01-01 21:50:50,25.0,81.3,0.0,55.1,0.0,0.0,0.0
2026-01-01 21:50:55,25.0,81.7,0.0,55.2,0.0,0.0,0.0
2026-01-01 21:51:00,25.1,81.3,13.7,55.2,0.0,0.0,0.0
2026-01-01 21:51:05,25.1,81.2,7.9,55.1,0.0,0.0,0.0
2026-01-01 21:51:10,25.1,81.3,39.5,55.1,0.0,0.0,0.0
2026-01-01 21:51:15,25.1,81.3,21.1,55.1,0.0,0.0,0.0
2026-01-01 21:51:20,25.1,81.4,13.8,55.1,0.0,0.0,0.0
2026-01-01 21:51:25,25.1,81.4,2.3,55.1,0.0,0.0,0.0
2026-01-01 21:51:30,25.2,81.6,0.0,55.1,0.0,0.0,0.0
2026-01-01 21:51:35,25.2,81.6,37.9,55.1,0.0,0.0,0.0
2026-01-01 21:51:40,25.4,81.7,6.2,55.2,0.0,0.0,0.0
2026-01-01 21:51:45,25.4,81.6,2.0,55.1,0.0,0.0,0.0
2026-01-01 21:51:50,25.3,81.6,28.8,55.1,0.0,0.0,0.0
2026-01-01 21:51:55,25.4,81.4,19.2,55.2,0.0,0.0,0.0
2026-01-01 21:52:00,25.5,81.2,0.0,55.1,0.0,0.0,0.0
2026-01-01 21:52:05,25.4,81.2,9.1,55.0,0.0,0.0,0.0
2026-01-01 21:52:10,25.4,81.3,15.2,55.2,0.0,0.0,0.0
2026-01-01 21:52:15,25.4,81.0,19.2,55.2,0.0,0.0,0.0
2026-01-01 21:52:20,25.3,81.0,4.1,55.2,0.0,0.0,0.0
2026-01-01 21:52:25,25.3,81.0,8.3,55.2,0.0,0.0,0.0
2026-01-01 21:52:30,25.2,81.0,17.9,55.2,0.0,0.0,0.0
2026-01-01 21:52:35,25.2,80.9,25.8,55.2,0.0,0.0,0.0
2026-01-01 21:52:40,25.2,80.9,0.0,55.2,0.0,0.0,0.0
2026-01-01 21:52:45,25.3,80.6,7.6,55.2,0.0,0.0,0.0
2026-01-01 21:52:50,25.3,80.6,22.6,55.3,0.0,0.0,0.0
2026-01-01 21:52:55,25.3,80.5,6.5,55.2,0.0,0.0,0.0
2026-01-01 21:53:00,25.4,80.5,23.5,55.2,0.0,0.0,0.0
2026-01-01 21:53:05,25.5,80.5,3.1,55.2,0.0,0.0,0.0
2026-01-01 21:53:10,25.4,80.4,0.0,55.2,0.0,0.0,0.0
2026-01-01 21:53:15,25.4,80.4,12.7,55.2,0.0,0.0,0.0
2026-01-01 21:53:20,25.4,80.2,8.9,55.2,0.0,0.0,0.0
2026-01-01 21:53:25,25.5,80.2,37.8,55.2,0.0,0.0,0.0
2026-01-01 21:53:30,25.6,80.4,0.0,55.2,0.0,0.0,0.0
2026-01-01 21:53:35,25.7,80.2,0.0,55.2,0.0,0.0,0.0
2026-01-01 21:53:40,25.7,80.6,17.0,55.3,0.0,0.0,0.0
2026-01-01 21:53:45,25.8,80.9,45.3,55.3,0.0,0.0,0.0
2026-01-01 21:53:50,25.6,80.8,9.6,55.3,0.0,0.0,0.0
2026-01-01 21:53:55,25.7,81.0,55.7,55.3,0.0,0.0,0.0
2026-01-01 21:54:00,25.6,81.0,24.1,55.2,0.0,0.0,0.0
2026-01-01 21:54:05,25.6,80.6,17.3,55.2,0.0,0.0,0.0
2026-01-01 21:54:10,25.6,80.7,38.0,55.3,0.0,0.0,0.0
2026-01-01 21:54:15,25.6,80.8,4.5,55.2,0.0,0.0,0.0
2026-01-01 21:54:20,25.5,80.9,8.6,55.2,0.0,0.0,0.0
2026-01-01 21:54:25,25.6,80.9,5.7,55.2,0.0,0.0,0.0
2026-01-01 21:54:30,25.5,80.9,5.3,55.2,0.0,0.0,0.0
2026-01-01 21:54:35,25.6,81.0,3.6,55.2,0.0,0.0,0.0
2026-01-01 21:54:40,25.6,80.9,8.6,55.2,0.0,0.0,0.0
2026-01-01 21:54:45,25.6,80.6,26.7,55.3,0.0,0.0,0.0
2026-01-01 21:54:50,25.6,80.9,31.6,55.2,0.0,0.0,0.0
2026-01-01 21:54:55,25.7,80.9,12.4,55.2,0.0,0.0,0.0
2026-01-01 21:55:00,25.7,81.0,27.1,55.2,0.0,0.0,0.0
2026-01-01 21:55:05,25.7,80.9,31.9,55.2,0.0,0.0,0.0
2026-01-01 21:55:10,25.8,81.0,9.3,55.1,0.0,0.0,0.0
2026-01-01 21:55:15,25.9,81.1,0.0,55.1,0.0,0.0,0.0
2026-01-01 21:55:20,25.8,81.0,44.9,55.1,0.0,0.0,0.0
2026-01-01 21:55:25,25.8,80.6,0.0,55.1,0.0,0.0,0.0
2026-01-01 21:55:30,25.8,80.4,18.3,55.1,0.0,0.0,0.0
2026-01-01 21:55:35,25.8,80.4,29.3,55.1,0.0,0.0,0.0
2026-01-01 21:55:40,25.9,80.6,11.0,55.2,0.0,0.0,0.0
2026-01-01 21:55:45,25.9,80.1,19.4,55.1,0.0,0.0,0.0
2026-01-01 21:55:50,26.0,80.0,39.3,55.2,0.0,0.0,0.0
2026-01-01 21:55:55,26.0,79.8,6.8,55.2,0.0,0.0,0.0
2026-01-01 21:56:00,25.8,80.0,8.2,55.1,0.0,0.0,0.0
2026-01-01 21:56:05,25.8,80.0,24.9,55.1,0.0,0.0,0.0
2026-01-01 21:56:10,25.8,79.8,18.4,55.1,0.0,0.0,0.0
2026-01-01 21:56:15,25.8,79.9,15.1,55.2,0.0,0.0,0.0
2026-01-01 21:56:20,25.8,79.8,24.9,55.1,0.0,0.0,0.0
2026-01-01 21:56:25,25.8,79.6,32.5,55.1,0.0,0.0,0.0
2026-01-01 21:56:30,25.8,79.7,16.7,55.1,0.0,0.0,0.0
2026-01-01 21:56:35,25.8,80.2,0.0,55.2,0.0,0.0,0.0
2026-01-01 21:56:40,26.0,80.1,42.6,55.1,0.0,0.0,0.0
2026-01-01 21:56:45,26.0,80.0,0.0,55.1,0.0,0.0,0.0
2026-01-01 21:56:50,26.1,79.4,13.1,55.1,0.0,0.0,0.0
2026-01-01 21:56:55,26.1,79.4,6.5,55.1,0.0,0.0,0.0
2026-01-01 21:57:00,26.2,79.2,8.2,55.1,0.0,0.0,0.0
2026-01-01 21:57:05,26.2,79.6,33.4,55.0,0.0,0.0,0.0
2026-01-01 21:57:10,26.1,79.9,29.7,55.2,0.0,0.0,0.0
2026-01-01 21:57:15,26.1,80.1,14.3,55.2,0.0,0.0,0.0
2026-01-01 21:57:20,26.1,80.4,4.5,55.1,0.0,0.0,0.0
2026-01-01 21:57:25,26.1,80.5,0.0,55.1,0.0,0.0,0.0
2026-01-01 21:57:30,26.1,80.6,6.1,55.2,0.0,0.0,0.0
2026-01-01 21:57:35,26.1,80.7,23.0,55.2,0.0,0.0,0.0
2026-01-01 21:57:40,26.2,80.6,0.0,55.1,0.0,0.0,0.0
2026-01-01 21:57:45,26.2,80.7,20.3,55.1,0.0,0.0,0.0
2026-01-01 21:57:50,26.3,80.5,13.3,55.1,0.0,0.0,0.0
2026-01-01 21:57:55,26.4,80.3,0.3,55.2,0.0,0.0,0.0
2026-01-01 21:58:00,26.4,80.7,10.4,55.2,0.0,0.0,0.0
2026-01-01 21:58:05,26.4,80.6,8.2,55.2,0.0,0.0,0.0
2026-01-01 21:58:10,26.5,81.0,28.8,55.2,0.0,0.0,0.0
2026-01-01 21:58:15,26.5,80.9,18.1,55.2,0.0,0.0,0.0
2026-01-01 21:58:20,26.4,80.5,12.9,55.1,0.0,0.0,0.0
2026-01-01 21:58:25,26.5,80.7,25.4,55.1,0.0,0.0,0.0
2026-01-01 21:58:30,26.5,80.5,12.3,55.2,0.0,0.0,0.0
2026-01-01 21:58:35,26.4,80.3,8.9,55.1,0.0,0.0,0.0
2026-01-01 21:58:40,26.4,80.6,19.3,55.1,0.0,0.0,0.0
2026-01-01 21:58:45,26.3,80.9,29.3,55.0,0.0,0.0,0.0
2026-01-01 21:58:50,26.4,80.8,21.4,55.1,0.0,0.0,0.0
2026-01-01 21:58:55,26.3,80.8,33.4,55.2,0.0,0.0,0.0
2026-01-01 21:59:00,26.3,80.8,16.5,55.2,0.0,0.0,0.0
2026-01-01 21:59:05,26.3,80.8,1.7,55.2,0.0,0.0,0.0
2026-01-01 21:59:10,26.3,81.0,3.7,55.2,0.0,0.0,0.0
2026-01-01 21:59:15,26.2,80.8,24.5,55.2,0.0,0.0,0.0
2026-01-01 21:59:20,26.2,80.5,19.7,55.3,0.0,0.0,0.0
2026-01-01 21:59:25,26.1,80.5,35.8,55.3,0.0,0.0,0.0
2026-01-01 21:59:30,26.0,80.4,19.6,55.3,0.0,0.0,0.0
2026-01-01 21:59:35,26.0,80.6,9.2,55.2,0.0,0.0,0.0
2026-01-01 21:59:40,25.9,80.4,38.7,55.2,0.0,0.0,0.0
2026-01-01 21:59:45,25.9,80.1,32.9,55.1,0.0,0.0,0.0
2026-01-01 21:59:50,25.9,80.2,9.4,55.2,0.0,0.0,0.0
2026-01-01 21:59:55,25.9,79.8,12.7,55.2,0.0,0.0,0.0
