Timestamp,Temperature,Humidity,Light,Soil_Moisture,Drip,Mist,Fan
2026-04-18 17:00:00,30.7,52.4,134.9,54.2,0.0,0.0,0.0
2026-04-18 17:00:05,30.6,52.3,139.1,54.2,0.0,0.0,0.0
2026-04-18 17:00:10,30.7,52.4,150.2,54.2,0.0,0.0,0.0
2026-04-18 17:00:15,30.6,52.3,122.6,54.2,0.0,0.0,0.0
2026-04-18 17:00:20,30.6,52.4,154.9,54.2,0.0,0.0,0.0
2026-04-18 17:00:25,30.5,52.3,140.4,54.2,0.0,0.0,0.0
2026-04-18 17:00:30,30.6,52.3,155.2,54.2,0.0,0.0,0.0
2026-04-18 17:00:35,30.6,52.3,130.9,54.2,0.0,0.0,0.0
2026-04-18 17:00:40,30.7,52.4,155.9,54.1,0.0,0.0,0.0
2026-04-18 17:00:45,30.7,52.3,145.4,54.1,0.0,0.0,0.0
2026-04-18 17:00:50,30.7,52.4,136.9,54.1,0.0,0.0,0.0
2026-04-18 17:00:55,30.6,52.3,149.7,54.1,0.0,0.0,0.0
2026-04-18 17:01:00,30.5,52.2,130.8,54.1,0.0,0.0,0.0
2026-04-18 17:01:05,30.4,52.3,129.9,54.1,0.0,0.0,0.0
2026-04-18 17:01:10,30.5,52.3,160.3,54.1,0.0,0.0,0.0
2026-04-18 17:01:15,30.6,52.3,132.9,54.1,0.0,0.0,0.0
2026-04-18 17:01:20,30.6,52.3,131.3,54.1,0.0,0.0,0.0
2026-04-18 17:01:25,30.7,52.2,122.8,54.1,0.0,0.0,0.0
2026-04-18 17:01:30,30.5,52.3,143.7,54.1,0.0,0.0,0.0
2026-04-18 17:01:35,30.6,52.2,141.8,54.1,0.0,0.0,0.0
2026-04-18 17:01:40,30.7,52.2,127.5,54.1,0.0,0.0,0.0
2026-04-18 17:01:45,30.5,52.1,130.2,54.2,0.0,0.0,0.0
2026-04-18 17:01:50,30.7,52.2,111.9,54.2,0.0,0.0,0.0
2026-04-18 17:01:55,30.4,52.3,137.8,54.2,0.0,0.0,0.0
2026-04-18 17:02:00,30.5,52.2,160.3,54.2,0.0,0.0,0.0
2026-04-18 17:02:05,30.6,52.2,133.8,54.1,0.0,0.0,0.0
2026-04-18 17:02:10,30.6,52.1,154.6,54.1,0.0,0.0,0.0
2026-04-18 17:02:15,30.4,52.1,128.8,54.1,0.0,0.0,0.0
2026-04-18 17:02:20,30.6,52.2,127.9,54.1,0.0,0.0,0.0
2026-04-18 17:02:25,30.5,52.1,142.1,54.1,0.0,0.0,0.0
2026-04-18 17:02:30,30.6,52.2,130.0,54.1,0.0,0.0,0.0
2026-04-18 17:02:35,30.5,52.1,145.9,54.1,0.0,0.0,0.0
2026-04-18 17:02:40,30.6,52.2,131.1,54.1,0.0,0.0,0.0
2026-04-18 17:02:45,30.6,52.2,117.8,54.1,0.0,0.0,0.0
2026-04-18 17:02:50,30.8,52.1,121.6,54.1,0.0,0.0,0.0
2026-04-18 17:02:55,30.5,52.2,123.7,54.1,0.0,0.0,0.0
2026-04-18 17:03:00,30.4,52.3,130.3,54.1,0.0,0.0,0.0
2026-04-18 17:03:05,30.6,52.4,134.9,54.1,0.0,0.0,0.0
2026-04-18 17:03:10,30.6,52.4,133.5,54.2,0.0,0.0,0.0
2026-04-18 17:03:15,30.7,52.5,129.4,54.2,0.0,0.0,0.0
2026-04-18 17:03:20,30.6,52.5,150.8,54.2,0.0,0.0,0.0
2026-04-18 17:03:25,30.6,52.7,139.9,54.2,0.0,0.0,0.0
2026-04-18 17:03:30,30.6,52.7,125.6,54.2,0.0,0.0,0.0
2026-04-18 17:03:35,30.6,52.6,135.3,54.1,0.0,0.0,0.0
2026-04-18 17:03:40,30.6,52.6,147.8,54.1,0.0,0.0,0.0
2026-04-18 17:03:45,30.7,52.5,121.0,54.1,0.0,0.0,0.0
2026-04-18 17:03:50,30.5,52.5,141.8,54.1,0.0,0.0,0.0
2026-04-18 17:03:55,30.6,52.6,135.9,54.1,0.0,0.0,0.0
2026-04-18 17:04:00,30.6,52.6,128.7,54.1,0.0,0.0,0.0
2026-04-18 17:04:05,30.5,52.5,137.1,54.1,0.0,0.0,0.0
2026-04-18 17:04:10,30.4,52.5,133.0,54.1,0.0,0.0,0.0
2026-04-18 17:04:15,30.6,52.5,138.6,54.2,0.0,0.0,0.0
2026-04-18 17:04:20,30.6,52.5,122.6,54.2,0.0,0.0,0.0
2026-04-18 17:04:25,30.6,52.6,131.0,54.2,0.0,0.0,0.0
2026-04-18 17:04:30,30.7,52.7,131.5,54.1,0.0,0.0,0.0
2026-04-18 17:04:35,30.5,52.8,128.0,54.1,0.0,0.0,0.0
2026-04-18 17:04:40,30.6,52.7,128.1,54.1,0.0,0.0,0.0
2026-04-18 17:04:45,30.5,52.7,134.0,54.1,0.0,0.0,0.0
2026-04-18 17:04:50,30.6,52.7,133.7,54.1,0.0,0.0,0.0
2026-04-18 17:04:55,30.6,52.8,125.0,54.1,0.0,0.0,0.0
2026-04-18 17:05:00,30.5,52.7,135.2,54.1,0.0,0.0,0.0
2026-04-18 17:05:05,30.6,52.5,123.7,54.1,0.0,0.0,0.0
2026-04-18 17:05:10,30.6,52.6,129.8,54.1,0.0,0.0,0.0
2026-04-18 17:05:15,30.6,52.4,121.1,54.1,0.0,0.0,0.0
2026-04-18 17:05:20,30.5,52.5,130.0,54.1,0.0,0.0,0.0
2026-04-18 17:05:25,30.7,52.6,130.4,54.1,0.0,0.0,0.0
2026-04-18 17:05:30,30.6,52.6,128.9,54.1,0.0,0.0,0.0
2026-04-18 17:05:35,30.6,52.6,120.4,54.1,0.0,0.0,0.0
2026-04-18 17:05:40,30.6,52.8,129.1,54.1,0.0,0.0,0.0
2026-04-18 17:05:45,30.4,52.9,124.4,54.1,0.0,0.0,0.0
2026-04-18 17:05:50,30.6,52.7,135.3,54.1,0.0,0.0,0.0
2026-04-18 17:05:55,30.7,52.8,128.0,54.1,0.0,0.0,0.0
2026-04-18 17:06:00,30.7,52.8,106.8,54.1,0.0,0.0,0.0
2026-04-18 17:06:05,30.5,52.8,129.7,54.1,0.0,0.0,0.0
2026-04-18 17:06:10,30.6,52.8,132.9,54.1,0.0,0.0,0.0
2026-04-18 17:06:15,30.5,52.8,113.9,54.1,0.0,0.0,0.0
2026-04-18 17:06:20,30.5,52.7,110.6,54.1,0.0,0.0,0.0
2026-04-18 17:06:25,30.5,52.8,131.8,54.1,0.0,0.0,0.0
2026-04-18 17:06:30,30.4,52.7,108.7,54.1,0.0,0.0,0.0
2026-04-18 17:06:35,30.5,52.7,114.5,54.1,0.0,0.0,0.0
2026-04-18 17:06:40,30.5,52.7,127.1,54.1,0.0,0.0,0.0
2026-04-18 17:06:45,30.6,52.8,113.7,54.1,0.0,0.0,0.0
2026-04-18 17:06:50,30.6,52.8,133.5,54.1,0.0,0.0,0.0
2026-04-18 17:06:55,30.6,52.8,123.3,54.1,0.0,0.0,0.0
2026-04-18 17:07:00,30.6,52.7,122.6,54.1,0.0,0.0,0.0
2026-04-18 17:07:05,30.7,52.8,129.2,54.1,0.0,0.0,0.0
2026-04-18 17:07:10,30.5,52.9,121.8,54.1,0.0,0.0,0.0
2026-04-18 17:07:15,30.6,53.1,130.0,54.1,0.0,0.0,0.0
2026-04-18 17:07:20,30.4,53.0,102.8,54.1,0.0,0.0,0.0
2026-04-18 17:07:25,30.5,53.1,149.3,54.1,0.0,0.0,0.0
2026-04-18 17:07:30,30.7,53.0,126.1,54.1,0.0,0.0,0.0
2026-04-18 17:07:35,30.5,53.1,121.6,54.1,0.0,0.0,0.0
2026-04-18 17:07:40,30.6,53.0,118.2,54.1,0.0,0.0,0.0
2026-04-18 17:07:45,30.4,53.0,121.7,54.1,0.0,0.0,0.0
2026-04-18 17:07:50,30.6,52.9,105.7,54.1,0.0,0.0,0.0
2026-04-18 17:07:55,30.4,53.1,131.0,54.1,0.0,0.0,0.0
2026-04-18 17:08:00,30.5,53.0,117.2,54.1,0.0,0.0,0.0
2026-04-18 17:08:05,30.6,53.1,111.2,54.1,0.0,0.0,0.0
2026-04-18 17:08:10,30.4,53.0,118.1,54.1,0.0,0.0,0.0
2026-04-18 17:08:15,30.5,53.0,104.6,54.1,0.0,0.0,0.0
2026-04-18 17:08:20,30.5,53.1,109.0,54.1,0.0,0.0,0.0
2026-04-18 17:08:25,30.6,53.2,128.0,54.1,0.0,0.0,0.0
2026-04-18 17:08:30,30.5,53.2,129.1,54.1,0.0,0.0,0.0
2026-04-18 17:08:35,30.6,53.0,115.0,54.1,0.0,0.0,0.0
2026-04-18 17:08:40,30.6,53.0,128.9,54.1,0.0,0.0,0.0
2026-04-18 17:08:45,30.6,53.1,116.5,54.1,0.0,0.0,0.0
2026-04-18 17:08:50,30.7,53.1,126.8,54.1,0.0,0.0,0.0
2026-04-18 17:08:55,30.6,53.2,110.9,54.1,0.0,0.0,0.0
2026-04-18 17:09:00,30.6,53.1,117.7,54.1,0.0,0.0,0.0
2026-04-18 17:09:05,30.7,53.1,116.4,54.1,0.0,0.0,0.0
2026-04-18 17:09:10,30.6,53.2,129.0,54.1,0.0,0.0,0.0
2026-04-18 17:09:15,30.5,53.1,134.5,54.1,0.0,0.0,0.0
2026-04-18 17:09:20,30.5,53.1,130.8,54.1,0.0,0.0,0.0
2026-04-18 17:09:25,30.4,53.0,119.7,54.1,0.0,0.0,0.0
2026-04-18 17:09:30,30.5,53.0,114.8,54.1,0.0,0.0,0.0
2026-04-18 17:09:35,30.6,53.0,118.1,54.1,0.0,0.0,0.0
2026-04-18 17:09:40,30.6,52.9,121.4,54.1,0.0,0.0,0.0
2026-04-18 17:09:45,30.4,52.9,113.7,54.1,0.0,0.0,0.0
2026-04-18 17:09:50,30.6,53.1,118.5,54.1,0.0,0.0,0.0
2026-04-18 17:09:55,30.4,53.0,121.9,54.1,0.0,0.0,0.0
2026-04-18 17:10:00,30.5,53.0,128.6,54.1,0.0,0.0,0.0
2026-04-18 17:10:05,30.6,53.0,128.2,54.1,0.0,0.0,0.0
2026-04-18 17:10:10,30.5,53.2,113.0,54.1,0.0,0.0,0.0
2026-04-18 17:10:15,30.5,53.1,117.0,54.1,0.0,0.0,0.0
2026-04-18 17:10:20,30.3,53.1,106.4,54.1,0.0,0.0,0.0
2026-04-18 17:10:25,30.5,53.1,98.4,54.1,0.0,0.0,0.0
2026-04-18 17:10:30,30.5,53.0,129.5,54.1,0.0,0.0,0.0
2026-04-18 17:10:35,30.5,53.0,124.0,54.1,0.0,0.0,0.0
2026-04-18 17:10:40,30.5,53.0,119.7,54.1,0.0,0.0,0.0
2026-04-18 17:10:45,30.5,52.9,127.5,54.1,0.0,0.0,0.0
2026-04-18 17:10:50,30.6,53.0,104.9,54.1,0.0,0.0,0.0
2026-04-18 17:10:55,30.4,53.0,119.8,54.1,0.0,0.0,0.0
2026-04-18 17:11:00,30.5,53.0,115.6,54.1,0.0,0.0,0.0
2026-04-18 17:11:05,30.6,53.0,103.1,54.1,0.0,0.0,0.0
2026-04-18 17:11:10,30.5,52.9,127.5,54.1,0.0,0.0,0.0
2026-04-18 17:11:15,30.6,53.0,113.1,54.1,0.0,0.0,0.0
2026-04-18 17:11:20,30.6,53.1,123.1,54.1,0.0,0.0,0.0
2026-04-18 17:11:25,30.4,53.0,105.3,54.1,0.0,0.0,0.0
2026-04-18 17:11:30,30.6,53.0,89.6,54.1,0.0,0.0,0.0
2026-04-18 17:11:35,30.5,53.3,110.9,54.2,0.0,0.0,0.0
2026-04-18 17:11:40,30.3,53.4,116.0,54.2,0.0,0.0,0.0
2026-04-18 17:11:45,30.5,53.4,118.4,54.1,0.0,0.0,0.0
2026-04-18 17:11:50,30.6,53.5,114.0,54.1,0.0,0.0,0.0
2026-04-18 17:11:55,30.5,53.7,111.0,54.1,0.0,0.0,0.0
2026-04-18 17:12:00,30.4,53.6,98.0,54.1,0.0,0.0,0.0
2026-04-18 17:12:05,30.4,53.6,107.7,54.1,0.0,0.0,0.0
2026-04-18 17:12:10,30.5,53.6,122.6,54.1,0.0,0.0,0.0
2026-04-18 17:12:15,30.5,53.5,113.8,54.1,0.0,0.0,0.0
2026-04-18 17:12:20,30.5,53.5,105.0,54.1,0.0,0.0,0.0
2026-04-18 17:12:25,30.4,53.5,94.6,54.1,0.0,0.0,0.0
2026-04-18 17:12:30,30.5,53.6,108.8,54.1,0.0,0.0,0.0
2026-04-18 17:12:35,30.5,53.6,109.2,54.1,0.0,0.0,0.0
2026-04-18 17:12:40,30.6,53.6,96.2,54.1,0.0,0.0,0.0
2026-04-18 17:12:45,30.5,53.5,93.5,54.1,0.0,0.0,0.0
2026-04-18 17:12:50,30.5,53.4,114.5,54.1,0.0,0.0,0.0
2026-04-18 17:12:55,30.4,53.5,112.7,54.1,0.0,0.0,0.0
2026-04-18 17:13:00,30.5,53.6,107.5,54.1,0.0,0.0,0.0
2026-04-18 17:13:05,30.4,53.6,100.7,54.1,0.0,0.0,0.0
2026-04-18 17:13:10,30.4,53.5,93.1,54.1,0.0,0.0,0.0
2026-04-18 17:13:15,30.5,53.5,110.9,54.1,0.0,0.0,0.0
2026-04-18 17:13:20,30.4,53.4,98.6,54.1,0.0,0.0,0.0
2026-04-18 17:13:25,30.6,53.5,107.9,54.1,0.0,0.0,0.0
2026-04-18 17:13:30,30.4,53.5,122.0,54.1,0.0,0.0,0.0
2026-04-18 17:13:35,30.5,53.5,115.2,54.1,0.0,0.0,0.0
2026-04-18 17:13:40,30.3,53.5,109.9,54.1,0.0,0.0,0.0
2026-04-18 17:13:45,30.4,53.6,111.6,54.1,0.0,0.0,0.0
2026-04-18 17:13:50,30.5,53.5,123.2,54.1,0.0,0.0,0.0
2026-04-18 17:13:55,30.4,53.6,113.8,54.1,0.0,0.0,0.0
2026-04-18 17:14:00,30.5,53.5,120.3,54.1,0.0,0.0,0.0
2026-04-18 17:14:05,30.6,53.6,98.1,54.1,0.0,0.0,0.0
2026-04-18 17:14:10,30.4,53.5,114.4,54.1,0.0,0.0,0.0
2026-04-18 17:14:15,30.4,53.5,102.5,54.1,0.0,0.0,0.0
2026-04-18 17:14:20,30.4,53.5,98.9,54.1,0.0,0.0,0.0
2026-04-18 17:14:25,30.5,53.7,103.6,54.1,0.0,0.0,0.0
2026-04-18 17:14:30,30.5,53.7,101.4,54.1,0.0,0.0,0.0
2026-04-18 17:14:35,30.5,53.6,112.3,54.1,0.0,0.0,0.0
2026-04-18 17:14:40,30.5,53.8,98.6,54.1,0.0,0.0,0.0
2026-04-18 17:14:45,30.6,53.7,102.4,54.1,0.0,0.0,0.0
2026-04-18 17:14:50,30.5,53.8,101.5,54.1,0.0,0.0,0.0
2026-04-18 17:14:55,30.5,53.8,117.0,54.1,0.0,0.0,0.0
2026-04-18 17:15:00,30.5,53.9,104.3,54.1,0.0,0.0,0.0
2026-04-18 17:15:05,30.4,53.9,100.9,54.1,0.0,0.0,0.0
2026-04-18 17:15:10,30.4,54.0,110.1,54.1,0.0,0.0,0.0
2026-04-18 17:15:15,30.6,54.0,101.5,54.1,0.0,0.0,0.0
2026-04-18 17:15:20,30.5,54.0,99.3,54.1,0.0,0.0,0.0
2026-04-18 17:15:25,30.5,54.1,106.4,54.1,0.0,0.0,0.0
2026-04-18 17:15:30,30.6,54.0,111.2,54.1,0.0,0.0,0.0
2026-04-18 17:15:35,30.5,54.0,108.1,54.1,0.0,0.0,0.0
2026-04-18 17:15:40,30.4,54.0,104.1,54.1,0.0,0.0,0.0
2026-04-18 17:15:45,30.5,54.0,96.3,54.1,0.0,0.0,0.0
2026-04-18 17:15:50,30.4,53.9,100.4,54.1,0.0,0.0,0.0
2026-04-18 17:15:55,30.6,53.9,102.2,54.1,0.0,0.0,0.0
2026-04-18 17:16:00,30.6,53.9,99.1,54.1,0.0,0.0,0.0
2026-04-18 17:16:05,30.5,53.9,109.1,54.1,0.0,0.0,0.0
2026-04-18 17:16:10,30.5,54.0,116.9,54.1,0.0,0.0,0.0
2026-04-18 17:16:15,30.5,53.9,95.0,54.1,0.0,0.0,0.0
2026-04-18 17:16:20,30.5,53.8,110.0,54.1,0.0,0.0,0.0
2026-04-18 17:16:25,30.4,53.8,68.1,54.1,0.0,0.0,0.0
2026-04-18 17:16:30,30.5,53.6,108.9,54.1,0.0,0.0,0.0
2026-04-18 17:16:35,30.6,53.7,102.6,54.1,0.0,0.0,0.0
2026-04-18 17:16:40,30.6,53.7,98.1,54.1,0.0,0.0,0.0
2026-04-18 17:16:45,30.4,53.5,91.4,54.1,0.0,0.0,0.0
2026-04-18 17:16:50,30.5,53.5,103.9,54.1,0.0,0.0,0.0
2026-04-18 17:16:55,30.5,53.5,91.4,54.1,0.0,0.0,0.0
2026-04-18 17:17:00,30.5,53.6,102.5,54.1,0.0,0.0,0.0
2026-04-18 17:17:05,30.6,53.7,98.2,54.1,0.0,0.0,0.0
2026-04-18 17:17:10,30.5,53.7,108.0,54.1,0.0,0.0,0.0
2026-04-18 17:17:15,30.3,53.9,98.0,54.1,0.0,0.0,0.0
2026-04-18 17:17:20,30.5,53.9,106.3,54.1,0.0,0.0,0.0
2026-04-18 17:17:25,30.3,54.1,89.7,54.1,0.0,0.0,0.0
2026-04-18 17:17:30,30.5,54.1,106.6,54.1,0.0,0.0,0.0
2026-04-18 17:17:35,30.3,54.1,99.6,54.1,0.0,0.0,0.0
2026-04-18 17:17:40,30.4,54.1,105.9,54.1,0.0,0.0,0.0
2026-04-18 17:17:45,30.4,54.1,93.0,54.1,0.0,0.0,0.0
2026-04-18 17:17:50,30.5,54.0,83.9,54.1,0.0,0.0,0.0
2026-04-18 17:17:55,30.4,54.0,108.4,54.1,0.0,0.0,0.0
2026-04-18 17:18:00,30.7,54.0,93.5,54.1,0.0,0.0,0.0
2026-04-18 17:18:05,30.5,54.0,100.8,54.1,0.0,0.0,0.0
2026-04-18 17:18:10,30.6,54.0,91.9,54.1,0.0,0.0,0.0
2026-04-18 17:18:15,30.4,54.0,98.8,54.1,0.0,0.0,0.0
2026-04-18 17:18:20,30.6,54.2,96.5,54.1,0.0,0.0,0.0
2026-04-18 17:18:25,30.4,54.1,93.2,54.1,0.0,0.0,0.0
2026-04-18 17:18:30,30.5,54.0,96.5,54.1,0.0,0.0,0.0
2026-04-18 17:18:35,30.6,54.2,90.7,54.1,0.0,0.0,0.0
2026-04-18 17:18:40,30.4,54.1,90.3,54.0,0.0,0.0,0.0
2026-04-18 17:18:45,30.6,54.0,108.4,54.0,0.0,0.0,0.0
2026-04-18 17:18:50,30.3,54.0,109.1,54.1,0.0,0.0,0.0
2026-04-18 17:18:55,30.5,54.0,95.3,54.1,0.0,0.0,0.0
2026-04-18 17:19:00,30.6,53.9,100.4,54.1,0.0,0.0,0.0
2026-04-18 17:19:05,30.5,53.9,90.6,54.1,0.0,0.0,0.0
2026-04-18 17:19:10,30.4,53.8,77.9,54.1,0.0,0.0,0.0
2026-04-18 17:19:15,30.5,53.8,95.2,54.1,0.0,0.0,0.0
2026-04-18 17:19:20,30.4,53.9,86.0,54.1,0.0,0.0,0.0
2026-04-18 17:19:25,30.4,53.9,96.9,54.1,0.0,0.0,0.0
2026-04-18 17:19:30,30.5,54.0,111.3,54.1,0.0,0.0,0.0
2026-04-18 17:19:35,30.7,54.1,83.3,54.1,0.0,0.0,0.0
2026-04-18 17:19:40,30.6,54.1,80.8,54.1,0.0,0.0,0.0
2026-04-18 17:19:45,30.4,54.0,107.6,54.1,0.0,0.0,0.0
2026-04-18 17:19:50,30.5,54.0,111.5,54.1,0.0,0.0,0.0
2026-04-18 17:19:55,30.7,54.0,117.2,54.1,0.0,0.0,0.0
2026-04-18 17:20:00,30.5,54.1,89.7,54.1,0.0,0.0,0.0
2026-04-18 17:20:05,30.6,54.2,88.2,54.1,0.0,0.0,0.0
2026-04-18 17:20:10,30.6,54.2,107.5,54.1,0.0,0.0,0.0
2026-04-18 17:20:15,30.6,54.4,91.4,54.1,0.0,0.0,0.0
2026-04-18 17:20:20,30.6,54.4,90.3,54.1,0.0,0.0,0.0
2026-04-18 17:20:25,30.4,54.3,99.8,54.1,0.0,0.0,0.0
2026-04-18 17:20:30,30.6,54.2,91.0,54.1,0.0,0.0,0.0
2026-04-18 17:20:35,30.6,54.3,93.5,54.0,0.0,0.0,0.0
2026-04-18 17:20:40,30.5,54.3,103.4,54.0,0.0,0.0,0.0
2026-04-18 17:20:45,30.6,54.2,62.2,54.0,0.0,0.0,0.0
2026-04-18 17:20:50,30.6,54.1,89.4,54.0,0.0,0.0,0.0
2026-04-18 17:20:55,30.6,54.2,77.7,54.0,0.0,0.0,0.0
2026-04-18 17:21:00,30.5,54.2,87.9,54.1,0.0,0.0,0.0
2026-04-18 17:21:05,30.6,54.4,78.5,54.1,0.0,0.0,0.0
2026-04-18 17:21:10,30.5,54.4,90.0,54.1,0.0,0.0,0.0
2026-04-18 17:21:15,30.5,54.3,88.1,54.1,0.0,0.0,0.0
2026-04-18 17:21:20,30.5,54.2,95.2,54.1,0.0,0.0,0.0
2026-04-18 17:21:25,30.5,54.3,94.9,54.1,0.0,0.0,0.0
2026-04-18 17:21:30,30.5,54.5,89.8,54.1,0.0,0.0,0.0
2026-04-18 17:21:35,30.6,54.5,95.8,54.1,0.0,0.0,0.0
2026-04-18 17:21:40,30.7,54.5,85.9,54.1,0.0,0.0,0.0
2026-04-18 17:21:45,30.5,54.6,68.9,54.1,0.0,0.0,0.0
2026-04-18 17:21:50,30.5,54.6,91.1,54.1,0.0,0.0,0.0
2026-04-18 17:21:55,30.5,54.6,70.8,54.1,0.0,0.0,0.0
2026-04-18 17:22:00,30.6,54.6,75.6,54.1,0.0,0.0,0.0
2026-04-18 17:22:05,30.5,54.7,80.3,54.1,0.0,0.0,0.0
2026-04-18 17:22:10,30.6,54.7,91.8,54.1,0.0,0.0,0.0
2026-04-18 17:22:15,30.5,54.7,81.5,54.1,0.0,0.0,0.0
2026-04-18 17:22:20,30.5,54.9,95.8,54.1,0.0,0.0,0.0
2026-04-18 17:22:25,30.5,54.9,95.3,54.1,0.0,0.0,0.0
2026-04-18 17:22:30,30.6,54.8,98.7,54.1,0.0,0.0,0.0
2026-04-18 17:22:35,30.7,54.8,90.1,54.1,0.0,0.0,0.0
2026-04-18 17:22:40,30.6,54.8,77.4,54.1,0.0,0.0,0.0
2026-04-18 17:22:45,30.5,54.9,75.9,54.1,0.0,0.0,0.0
2026-04-18 17:22:50,30.7,55.0,92.9,54.1,0.0,0.0,0.0
2026-04-18 17:22:55,30.6,55.2,87.8,54.1,0.0,0.0,0.0
2026-04-18 17:23:00,30.5,55.2,80.6,54.1,0.0,0.0,0.0
2026-04-18 17:23:05,30.7,55.2,85.1,54.1,0.0,0.0,0.0
2026-04-18 17:23:10,30.6,55.0,79.2,54.1,0.0,0.0,0.0
2026-04-18 17:23:15,30.6,54.9,89.5,54.1,0.0,0.0,0.0
2026-04-18 17:23:20,30.4,54.9,91.6,54.1,0.0,0.0,0.0
2026-04-18 17:23:25,30.6,55.0,78.4,54.1,0.0,0.0,0.0
2026-04-18 17:23:30,30.7,55.0,61.5,54.0,0.0,0.0,0.0
2026-04-18 17:23:35,30.6,55.1,82.1,54.0,0.0,0.0,0.0
2026-04-18 17:23:40,30.5,55.1,82.3,54.0,0.0,0.0,0.0
2026-04-18 17:23:45,30.4,55.2,92.2,54.0,0.0,0.0,0.0
2026-04-18 17:23:50,30.7,55.2,72.8,54.0,0.0,0.0,0.0
2026-04-18 17:23:55,30.6,55.0,104.0,54.0,0.0,0.0,0.0
2026-04-18 17:24:00,30.4,55.1,92.6,54.0,0.0,0.0,0.0
2026-04-18 17:24:05,30.5,55.0,83.0,54.0,0.0,0.0,0.0
2026-04-18 17:24:10,30.5,55.1,74.8,54.1,0.0,0.0,0.0
2026-04-18 17:24:15,30.6,55.0,89.9,54.1,0.0,0.0,0.0
2026-04-18 17:24:20,30.6,55.1,80.9,54.1,0.0,0.0,0.0
2026-04-18 17:24:25,30.4,55.0,68.6,54.0,0.0,0.0,0.0
2026-04-18 17:24:30,30.7,54.9,69.2,54.0,0.0,0.0,0.0
2026-04-18 17:24:35,30.6,55.0,90.6,54.1,0.0,0.0,0.0
2026-04-18 17:24:40,30.4,55.0,75.9,54.1,0.0,0.0,0.0
2026-04-18 17:24:45,30.6,54.8,82.1,54.1,0.0,0.0,0.0
2026-04-18 17:24:50,30.6,54.8,75.6,54.1,0.0,0.0,0.0
2026-04-18 17:24:55,30.6,54.8,83.8,54.1,0.0,0.0,0.0
2026-04-18 17:25:00,30.6,54.8,71.6,54.1,0.0,0.0,0.0
2026-04-18 17:25:05,30.5,54.8,89.4,54.1,0.0,0.0,0.0
2026-04-18 17:25:10,30.6,54.8,57.8,54.0,0.0,0.0,0.0
2026-04-18 17:25:15,30.6,54.8,76.6,54.0,0.0,0.0,0.0
2026-04-18 17:25:20,30.5,54.7,82.3,54.0,0.0,0.0,0.0
2026-04-18 17:25:25,30.6,54.8,69.5,54.0,0.0,0.0,0.0
2026-04-18 17:25:30,30.7,54.8,69.5,54.0,0.0,0.0,0.0
2026-04-18 17:25:35,30.7,54.8,92.7,54.1,0.0,0.0,0.0
2026-04-18 17:25:40,30.6,54.7,83.2,54.1,0.0,0.0,0.0
2026-04-18 17:25:45,30.6,54.9,73.0,54.1,0.0,0.0,0.0
2026-04-18 17:25:50,30.7,55.1,83.6,54.1,0.0,0.0,0.0
2026-04-18 17:25:55,30.6,55.2,71.0,54.1,0.0,0.0,0.0
2026-04-18 17:26:00,30.7,55.3,99.7,54.1,0.0,0.0,0.0
2026-04-18 17:26:05,30.4,55.2,70.8,54.1,0.0,0.0,0.0
2026-04-18 17:26:10,30.7,55.2,81.2,54.1,0.0,0.0,0.0
2026-04-18 17:26:15,30.7,55.2,100.1,54.1,0.0,0.0,0.0
2026-04-18 17:26:20,30.7,55.3,85.5,54.1,0.0,0.0,0.0
2026-04-18 17:26:25,30.7,55.2,101.7,54.1,0.0,0.0,0.0
2026-04-18 17:26:30,30.5,55.2,80.8,54.1,0.0,0.0,0.0
2026-04-18 17:26:35,30.4,55.2,83.3,54.1,0.0,0.0,0.0
2026-04-18 17:26:40,30.7,55.2,82.3,54.1,0.0,0.0,0.0
2026-04-18 17:26:45,30.4,55.2,85.2,54.0,0.0,0.0,0.0
2026-04-18 17:26:50,30.6,55.1,72.0,54.0,0.0,0.0,0.0
2026-04-18 17:26:55,30.5,55.1,84.4,54.0,0.0,0.0,0.0
2026-04-18 17:27:00,30.4,55.1,67.9,54.0,0.0,0.0,0.0
2026-04-18 17:27:05,30.6,55.0,75.1,54.0,0.0,0.0,0.0
2026-04-18 17:27:10,30.6,55.0,57.0,54.0,0.0,0.0,0.0
2026-04-18 17:27:15,30.6,55.1,75.8,54.1,0.0,0.0,0.0
2026-04-18 17:27:20,30.6,55.1,70.3,54.1,0.0,0.0,0.0
2026-04-18 17:27:25,30.6,55.0,78.9,54.1,0.0,0.0,0.0
2026-04-18 17:27:30,30.6,54.9,58.4,54.1,0.0,0.0,0.0
2026-04-18 17:27:35,30.6,54.8,58.7,54.0,0.0,0.0,0.0
2026-04-18 17:27:40,30.6,54.8,70.9,54.0,0.0,0.0,0.0
2026-04-18 17:27:45,30.5,54.7,69.8,54.1,0.0,0.0,0.0
2026-04-18 17:27:50,30.5,54.7,94.5,54.1,0.0,0.0,0.0
2026-04-18 17:27:55,30.6,54.6,65.7,54.1,0.0,0.0,0.0
2026-04-18 17:28:00,30.6,54.7,79.8,54.1,0.0,0.0,0.0
2026-04-18 17:28:05,30.5,54.6,53.6,54.1,0.0,0.0,0.0
2026-04-18 17:28:10,30.5,54.7,79.1,54.1,0.0,0.0,0.0
2026-04-18 17:28:15,30.4,54.7,68.1,54.1,0.0,0.0,0.0
2026-04-18 17:28:20,30.7,54.6,66.9,54.0,0.0,0.0,0.0
2026-04-18 17:28:25,30.7,54.6,64.3,54.0,0.0,0.0,0.0
2026-04-18 17:28:30,30.6,54.6,77.5,54.0,0.0,0.0,0.0
2026-04-18 17:28:35,30.6,54.7,60.7,54.0,0.0,0.0,0.0
2026-04-18 17:28:40,30.6,54.8,79.6,54.0,0.0,0.0,0.0
2026-04-18 17:28:45,30.5,55.1,58.5,54.0,0.0,0.0,0.0
2026-04-18 17:28:50,30.5,55.2,71.1,54.0,0.0,0.0,0.0
2026-04-18 17:28:55,30.5,55.2,95.6,54.0,0.0,0.0,0.0
2026-04-18 17:29:00,30.5,55.2,77.1,54.0,0.0,0.0,0.0
2026-04-18 17:29:05,30.5,55.2,77.6,54.0,0.0,0.0,0.0
2026-04-18 17:29:10,30.4,55.1,68.8,54.0,0.0,0.0,0.0
2026-04-18 17:29:15,30.6,55.0,73.9,54.0,0.0,0.0,0.0
2026-04-18 17:29:20,30.6,55.0,76.6,54.0,0.0,0.0,0.0
2026-04-18 17:29:25,30.5,55.0,69.4,54.0,0.0,0.0,0.0
2026-04-18 17:29:30,30.5,54.9,82.4,54.0,0.0,0.0,0.0
2026-04-18 17:29:35,30.5,54.9,75.6,54.0,0.0,0.0,0.0
2026-04-18 17:29:40,30.5,54.8,58.4,54.0,0.0,0.0,0.0
2026-04-18 17:29:45,30.6,54.9,88.6,54.0,0.0,0.0,0.0
2026-04-18 17:29:50,30.6,54.9,68.9,54.0,0.0,0.0,0.0
2026-04-18 17:29:55,30.5,54.9,72.0,54.0,0.0,0.0,0.0
2026-04-18 17:30:00,30.4,54.9,70.3,54.0,0.0,0.0,0.0
2026-04-18 17:30:05,30.3,54.9,70.5,54.0,0.0,0.0,0.0
2026-04-18 17:30:10,30.5,54.9,60.9,54.0,0.0,0.0,0.0
2026-04-18 17:30:15,30.7,55.0,93.4,54.0,0.0,0.0,0.0
2026-04-18 17:30:20,30.5,55.0,76.8,54.0,0.0,0.0,0.0
2026-04-18 17:30:25,30.5,55.0,78.1,54.0,0.0,0.0,0.0
2026-04-18 17:30:30,30.5,55.0,63.3,54.0,0.0,0.0,0.0
2026-04-18 17:30:35,30.3,55.1,63.9,54.0,0.0,0.0,0.0
2026-04-18 17:30:40,30.5,55.0,65.8,54.0,0.0,0.0,0.0
2026-04-18 17:30:45,30.7,54.8,54.5,54.0,0.0,0.0,0.0
2026-04-18 17:30:50,30.6,54.8,73.0,54.0,0.0,0.0,0.0
2026-04-18 17:30:55,30.4,54.9,65.6,54.0,0.0,0.0,0.0
2026-04-18 17:31:00,30.6,55.0,66.3,54.0,0.0,0.0,0.0
2026-04-18 17:31:05,30.5,55.0,70.0,54.0,0.0,0.0,0.0
2026-04-18 17:31:10,30.5,55.1,72.4,54.0,0.0,0.0,0.0
2026-04-18 17:31:15,30.5,55.0,66.5,54.0,0.0,0.0,0.0
2026-04-18 17:31:20,30.6,55.0,85.1,54.0,0.0,0.0,0.0
2026-04-18 17:31:25,30.5,54.9,70.4,54.0,0.0,0.0,0.0
2026-04-18 17:31:30,30.4,54.9,71.6,54.0,0.0,0.0,0.0
2026-04-18 17:31:35,30.5,54.8,61.1,54.0,0.0,0.0,0.0
2026-04-18 17:31:40,30.5,54.9,58.0,54.0,0.0,0.0,0.0
2026-04-18 17:31:45,30.5,55.0,73.7,54.0,0.0,0.0,0.0
2026-04-18 17:31:50,30.6,54.9,60.5,54.0,0.0,0.0,0.0
2026-04-18 17:31:55,30.5,54.9,74.6,54.0,0.0,0.0,0.0
2026-04-18 17:32:00,30.5,55.0,68.8,54.0,0.0,0.0,0.0
2026-04-18 17:32:05,30.5,55.0,61.0,54.0,0.0,0.0,0.0
2026-04-18 17:32:10,30.4,55.0,65.1,54.0,0.0,0.0,0.0
2026-04-18 17:32:15,30.6,55.1,56.9,54.0,0.0,0.0,0.0
2026-04-18 17:32:20,30.5,55.3,65.1,54.0,0.0,0.0,0.0
2026-04-18 17:32:25,30.6,55.3,68.8,54.0,0.0,0.0,0.0
2026-04-18 17:32:30,30.5,55.4,51.9,54.0,0.0,0.0,0.0
2026-04-18 17:32:35,30.4,55.4,54.0,54.0,0.0,0.0,0.0
2026-04-18 17:32:40,30.4,55.4,58.1,54.0,0.0,0.0,0.0
2026-04-18 17:32:45,30.5,55.4,73.7,54.0,0.0,0.0,0.0
2026-04-18 17:32:50,30.5,55.4,53.2,53.9,0.0,0.0,0.0
2026-04-18 17:32:55,30.7,55.5,71.2,53.9,0.0,0.0,0.0
2026-04-18 17:33:00,30.6,55.5,63.0,54.0,0.0,0.0,0.0
2026-04-18 17:33:05,30.6,55.5,53.2,54.0,0.0,0.0,0.0
2026-04-18 17:33:10,30.5,55.6,58.9,54.0,0.0,0.0,0.0
2026-04-18 17:33:15,30.6,55.8,69.8,54.0,0.0,0.0,0.0
2026-04-18 17:33:20,30.5,55.7,64.5,54.0,0.0,0.0,0.0
2026-04-18 17:33:25,30.5,55.8,73.1,54.0,0.0,0.0,0.0
2026-04-18 17:33:30,30.5,55.8,76.0,53.9,0.0,0.0,0.0
2026-04-18 17:33:35,30.5,55.9,60.6,53.9,0.0,0.0,0.0
2026-04-18 17:33:40,30.3,55.7,48.0,54.0,0.0,0.0,0.0
2026-04-18 17:33:45,30.5,55.8,58.5,54.0,0.0,0.0,0.0
2026-04-18 17:33:50,30.4,55.9,60.8,54.0,0.0,0.0,0.0
2026-04-18 17:33:55,30.3,55.9,80.8,54.0,0.0,0.0,0.0
2026-04-18 17:34:00,30.5,55.9,48.9,54.0,0.0,0.0,0.0
2026-04-18 17:34:05,30.5,55.9,75.7,54.0,0.0,0.0,0.0
2026-04-18 17:34:10,30.4,56.0,73.4,54.0,0.0,0.0,0.0
2026-04-18 17:34:15,30.5,56.1,56.6,54.0,0.0,0.0,0.0
2026-04-18 17:34:20,30.4,56.2,64.5,54.0,0.0,0.0,0.0
2026-04-18 17:34:25,30.4,56.2,67.2,54.0,0.0,0.0,0.0
2026-04-18 17:34:30,30.4,56.1,64.3,53.9,0.0,0.0,0.0
2026-04-18 17:34:35,30.5,56.2,64.4,53.9,0.0,0.0,0.0
2026-04-18 17:34:40,30.4,56.2,52.7,54.0,0.0,0.0,0.0
2026-04-18 17:34:45,30.4,56.0,50.8,54.0,0.0,0.0,0.0
2026-04-18 17:34:50,30.3,56.2,67.3,53.9,0.0,0.0,0.0
2026-04-18 17:34:55,30.5,56.1,52.0,53.9,0.0,0.0,0.0
2026-04-18 17:35:00,30.6,56.1,70.3,54.0,0.0,0.0,0.0
2026-04-18 17:35:05,30.4,56.2,34.1,54.0,0.0,0.0,0.0
2026-04-18 17:35:10,30.3,56.3,57.0,54.0,0.0,0.0,0.0
2026-04-18 17:35:15,30.6,56.2,80.4,54.0,0.0,0.0,0.0
2026-04-18 17:35:20,30.4,56.2,35.9,54.0,0.0,0.0,0.0
2026-04-18 17:35:25,30.5,56.3,56.5,54.0,0.0,0.0,0.0
2026-04-18 17:35:30,30.5,56.4,35.4,54.0,0.0,0.0,0.0
2026-04-18 17:35:35,30.4,56.5,28.6,53.9,0.0,0.0,0.0
2026-04-18 17:35:40,30.5,56.6,66.0,53.9,0.0,0.0,0.0
2026-04-18 17:35:45,30.6,56.7,38.5,53.9,0.0,0.0,0.0
2026-04-18 17:35:50,30.4,56.6,44.9,53.9,0.0,0.0,0.0
2026-04-18 17:35:55,30.4,56.8,78.4,54.0,0.0,0.0,0.0
2026-04-18 17:36:00,30.4,56.8,55.2,54.0,0.0,0.0,0.0
2026-04-18 17:36:05,30.5,56.7,52.7,54.0,0.0,0.0,0.0
2026-04-18 17:36:10,30.5,56.8,41.1,54.0,0.0,0.0,0.0
2026-04-18 17:36:15,30.4,56.8,49.4,54.0,0.0,0.0,0.0
2026-04-18 17:36:20,30.5,56.6,42.5,54.0,0.0,0.0,0.0
2026-04-18 17:36:25,30.5,56.6,36.4,54.0,0.0,0.0,0.0
2026-04-18 17:36:30,30.4,56.5,44.0,54.0,0.0,0.0,0.0
2026-04-18 17:36:35,30.6,56.4,58.4,54.0,0.0,0.0,0.0
2026-04-18 17:36:40,30.5,56.4,43.9,54.0,0.0,0.0,0.0
2026-04-18 17:36:45,30.4,56.5,45.6,54.0,0.0,0.0,0.0
2026-04-18 17:36:50,30.4,56.6,64.1,54.0,0.0,0.0,0.0
2026-04-18 17:36:55,30.4,56.5,49.6,54.0,0.0,0.0,0.0
2026-04-18 17:37:00,30.4,56.6,51.1,54.0,0.0,0.0,0.0
2026-04-18 17:37:05,30.5,56.6,55.2,54.0,0.0,0.0,0.0
2026-04-18 17:37:10,30.6,56.5,57.3,54.0,0.0,0.0,0.0
2026-04-18 17:37:15,30.4,56.5,64.0,54.0,0.0,0.0,0.0
2026-04-18 17:37:20,30.4,56.6,64.3,54.0,0.0,0.0,0.0
2026-04-18 17:37:25,30.4,56.6,59.7,54.0,0.0,0.0,0.0
2026-04-18 17:37:30,30.7,56.5,51.4,54.0,0.0,0.0,0.0
2026-04-18 17:37:35,30.6,56.5,45.1,54.0,0.0,0.0,0.0
2026-04-18 17:37:40,30.4,56.5,35.0,54.0,0.0,0.0,0.0
2026-04-18 17:37:45,30.5,56.5,49.2,54.0,0.0,0.0,0.0
2026-04-18 17:37:50,30.4,56.5,55.6,54.0,0.0,0.0,0.0
2026-04-18 17:37:55,30.4,56.5,39.7,54.0,0.0,0.0,0.0
2026-04-18 17:38:00,30.7,56.5,41.7,54.0,0.0,0.0,0.0
2026-04-18 17:38:05,30.4,56.6,53.6,54.0,0.0,0.0,0.0
2026-04-18 17:38:10,30.4,56.6,65.2,54.0,0.0,0.0,0.0
2026-04-18 17:38:15,30.4,56.6,61.5,54.0,0.0,0.0,0.0
2026-04-18 17:38:20,30.5,56.6,37.3,54.0,0.0,0.0,0.0
2026-04-18 17:38:25,30.3,56.4,59.8,54.0,0.0,0.0,0.0
2026-04-18 17:38:30,30.3,56.4,30.0,54.0,0.0,0.0,0.0
2026-04-18 17:38:35,30.5,56.3,34.8,54.0,0.0,0.0,0.0
2026-04-18 17:38:40,30.4,56.3,36.8,54.0,0.0,0.0,0.0
2026-04-18 17:38:45,30.7,56.3,41.9,54.0,0.0,0.0,0.0
2026-04-18 17:38:50,30.5,56.5,54.3,53.9,0.0,0.0,0.0
2026-04-18 17:38:55,30.4,56.4,44.8,53.9,0.0,0.0,0.0
2026-04-18 17:39:00,30.6,56.4,49.7,53.9,0.0,0.0,0.0
2026-04-18 17:39:05,30.3,56.5,54.8,54.0,0.0,0.0,0.0
2026-04-18 17:39:10,30.5,56.6,63.7,54.0,0.0,0.0,0.0
2026-04-18 17:39:15,30.5,56.6,53.3,54.0,0.0,0.0,0.0
2026-04-18 17:39:20,30.5,56.7,53.9,54.0,0.0,0.0,0.0
2026-04-18 17:39:25,30.3,56.7,34.6,54.0,0.0,0.0,0.0
2026-04-18 17:39:30,30.5,56.8,30.6,54.0,0.0,0.0,0.0
2026-04-18 17:39:35,30.4,56.8,43.0,54.0,0.0,0.0,0.0
2026-04-18 17:39:40,30.5,56.8,64.1,54.0,0.0,0.0,0.0
2026-04-18 17:39:45,30.5,56.9,47.6,54.0,0.0,0.0,0.0
2026-04-18 17:39:50,30.5,57.0,42.3,54.0,0.0,0.0,0.0
2026-04-18 17:39:55,30.5,56.9,58.5,54.0,0.0,0.0,0.0
2026-04-18 17:40:00,30.4,56.9,62.8,54.0,0.0,0.0,0.0
2026-04-18 17:40:05,30.5,56.8,56.8,54.0,0.0,0.0,0.0
2026-04-18 17:40:10,30.6,56.8,31.4,54.0,0.0,0.0,0.0
2026-04-18 17:40:15,30.3,56.7,38.3,54.0,0.0,0.0,0.0
2026-04-18 17:40:20,30.5,56.8,43.4,54.0,0.0,0.0,0.0
2026-04-18 17:40:25,30.5,56.7,49.8,54.0,0.0,0.0,0.0
2026-04-18 17:40:30,30.6,56.8,47.6,54.0,0.0,0.0,0.0
2026-04-18 17:40:35,30.4,56.8,51.3,54.0,0.0,0.0,0.0
2026-04-18 17:40:40,30.4,56.8,46.4,54.0,0.0,0.0,0.0
2026-04-18 17:40:45,30.6,56.8,43.8,54.0,0.0,0.0,0.0
2026-04-18 17:40:50,30.4,56.7,29.2,54.0,0.0,0.0,0.0
2026-04-18 17:40:55,30.4,56.7,54.9,54.0,0.0,0.0,0.0
2026-04-18 17:41:00,30.4,56.8,48.8,54.0,0.0,0.0,0.0
2026-04-18 17:41:05,30.5,56.7,30.8,54.0,0.0,0.0,0.0
2026-04-18 17:41:10,30.3,56.8,50.0,54.0,0.0,0.0,0.0
2026-04-18 17:41:15,30.3,56.9,53.1,54.0,0.0,0.0,0.0
2026-04-18 17:41:20,30.4,56.8,39.2,54.0,0.0,0.0,0.0
2026-04-18 17:41:25,30.4,56.8,46.6,54.0,0.0,0.0,0.0
2026-04-18 17:41:30,30.4,56.8,48.6,54.0,0.0,0.0,0.0
2026-04-18 17:41:35,30.5,56.6,44.7,54.0,0.0,0.0,0.0
2026-04-18 17:41:40,30.4,56.6,48.6,54.0,0.0,0.0,0.0
2026-04-18 17:41:45,30.4,56.5,29.7,54.0,0.0,0.0,0.0
2026-04-18 17:41:50,30.4,56.6,47.7,54.0,0.0,0.0,0.0
2026-04-18 17:41:55,30.4,56.4,42.1,54.0,0.0,0.0,0.0
2026-04-18 17:42:00,30.2,56.5,40.6,54.0,0.0,0.0,0.0
2026-04-18 17:42:05,30.4,56.5,47.2,54.0,0.0,0.0,0.0
2026-04-18 17:42:10,30.3,56.5,47.2,54.0,0.0,0.0,0.0
2026-04-18 17:42:15,30.3,56.4,41.8,54.0,0.0,0.0,0.0
2026-04-18 17:42:20,30.2,56.5,44.8,54.0,0.0,0.0,0.0
2026-04-18 17:42:25,30.5,56.5,44.5,54.0,0.0,0.0,0.0
2026-04-18 17:42:30,30.4,56.5,37.6,54.0,0.0,0.0,0.0
2026-04-18 17:42:35,30.3,56.4,47.0,54.0,0.0,0.0,0.0
2026-04-18 17:42:40,30.3,56.4,39.1,54.0,0.0,0.0,0.0
2026-04-18 17:42:45,30.4,56.4,71.1,54.0,0.0,0.0,0.0
2026-04-18 17:42:50,30.4,56.4,49.9,54.0,0.0,0.0,0.0
2026-04-18 17:42:55,30.4,56.4,33.1,54.0,0.0,0.0,0.0
2026-04-18 17:43:00,30.4,56.5,44.3,54.0,0.0,0.0,0.0
2026-04-18 17:43:05,30.4,56.4,40.0,54.0,0.0,0.0,0.0
2026-04-18 17:43:10,30.3,56.3,66.2,54.0,0.0,0.0,0.0
2026-04-18 17:43:15,30.4,56.3,29.5,54.0,0.0,0.0,0.0
2026-04-18 17:43:20,30.4,56.3,29.7,54.0,0.0,0.0,0.0
2026-04-18 17:43:25,30.3,56.4,22.2,54.0,0.0,0.0,0.0
2026-04-18 17:43:30,30.3,56.4,43.8,54.0,0.0,0.0,0.0
2026-04-18 17:43:35,30.4,56.5,44.2,53.9,0.0,0.0,0.0
2026-04-18 17:43:40,30.3,56.5,42.2,53.9,0.0,0.0,0.0
2026-04-18 17:43:45,30.3,56.7,37.5,54.0,0.0,0.0,0.0
2026-04-18 17:43:50,30.3,56.8,42.1,54.0,0.0,0.0,0.0
2026-04-18 17:43:55,30.2,56.8,57.6,54.0,0.0,0.0,0.0
2026-04-18 17:44:00,30.5,56.9,38.5,54.0,0.0,0.0,0.0
2026-04-18 17:44:05,30.3,56.9,43.9,54.0,0.0,0.0,0.0
2026-04-18 17:44:10,30.4,57.0,41.6,54.0,0.0,0.0,0.0
2026-04-18 17:44:15,30.3,57.1,48.3,54.0,0.0,0.0,0.0
2026-04-18 17:44:20,30.2,57.2,21.4,54.0,0.0,0.0,0.0
2026-04-18 17:44:25,30.3,57.1,35.9,54.0,0.0,0.0,0.0
2026-04-18 17:44:30,30.3,57.1,22.9,54.0,0.0,0.0,0.0
2026-04-18 17:44:35,30.3,57.1,27.0,54.0,0.0,0.0,0.0
2026-04-18 17:44:40,30.3,57.0,38.4,54.0,0.0,0.0,0.0
2026-04-18 17:44:45,30.3,57.1,35.5,54.0,0.0,0.0,0.0
2026-04-18 17:44:50,30.2,57.0,55.6,54.0,0.0,0.0,0.0
2026-04-18 17:44:55,30.2,57.0,17.8,54.0,0.0,0.0,0.0
2026-04-18 17:45:00,30.4,57.1,48.0,54.0,0.0,0.0,0.0
2026-04-18 17:45:05,30.5,57.0,45.4,54.0,0.0,0.0,0.0
2026-04-18 17:45:10,30.2,57.1,19.8,54.0,0.0,0.0,0.0
2026-04-18 17:45:15,30.2,57.2,29.8,53.9,0.0,0.0,0.0
2026-04-18 17:45:20,30.3,57.0,53.8,53.9,0.0,0.0,0.0
2026-04-18 17:45:25,30.4,57.1,39.1,53.9,0.0,0.0,0.0
2026-04-18 17:45:30,30.3,57.2,26.5,53.9,0.0,0.0,0.0
2026-04-18 17:45:35,30.3,57.2,39.2,53.9,0.0,0.0,0.0
2026-04-18 17:45:40,30.4,57.2,45.6,53.9,0.0,0.0,0.0
2026-04-18 17:45:45,30.4,57.2,47.5,54.0,0.0,0.0,0.0
2026-04-18 17:45:50,30.3,57.2,22.2,54.0,0.0,0.0,0.0
2026-04-18 17:45:55,30.3,57.2,30.5,54.0,0.0,0.0,0.0
2026-04-18 17:46:00,30.4,57.2,44.0,54.0,0.0,0.0,0.0
2026-04-18 17:46:05,30.3,57.1,10.4,54.0,0.0,0.0,0.0
2026-04-18 17:46:10,30.2,57.1,38.7,54.0,0.0,0.0,0.0
2026-04-18 17:46:15,30.1,57.2,33.0,54.0,0.0,0.0,0.0
2026-04-18 17:46:20,30.1,57.1,35.2,54.0,0.0,0.0,0.0
2026-04-18 17:46:25,30.3,57.0,24.2,54.0,0.0,0.0,0.0
2026-04-18 17:46:30,30.2,57.1,53.4,54.0,0.0,0.0,0.0
2026-04-18 17:46:35,30.3,57.1,43.8,54.0,0.0,0.0,0.0
2026-04-18 17:46:40,30.2,57.1,24.6,54.0,0.0,0.0,0.0
2026-04-18 17:46:45,30.3,56.9,18.8,54.0,0.0,0.0,0.0
2026-04-18 17:46:50,30.3,57.0,29.4,54.0,0.0,0.0,0.0
2026-04-18 17:46:55,30.3,57.0,27.9,54.0,0.0,0.0,0.0
2026-04-18 17:47:00,30.2,57.1,42.7,54.0,0.0,0.0,0.0
2026-04-18 17:47:05,30.3,57.2,43.0,54.0,0.0,0.0,0.0
2026-04-18 17:47:10,30.4,57.2,34.3,53.9,0.0,0.0,0.0
2026-04-18 17:47:15,30.2,57.1,35.7,53.9,0.0,0.0,0.0
2026-04-18 17:47:20,30.3,57.1,24.6,53.9,0.0,0.0,0.0
2026-04-18 17:47:25,30.2,57.1,25.4,53.9,0.0,0.0,0.0
2026-04-18 17:47:30,30.2,57.1,28.5,53.9,0.0,0.0,0.0
2026-04-18 17:47:35,30.2,57.1,26.2,53.9,0.0,0.0,0.0
2026-04-18 17:47:40,30.1,57.2,33.0,53.9,0.0,0.0,0.0
2026-04-18 17:47:45,30.3,57.2,28.8,53.9,0.0,0.0,0.0
2026-04-18 17:47:50,30.4,57.3,30.6,53.9,0.0,0.0,0.0
2026-04-18 17:47:55,30.2,57.4,36.9,53.9,0.0,0.0,0.0
2026-04-18 17:48:00,30.4,57.5,54.4,53.9,0.0,0.0,0.0
2026-04-18 17:48:05,30.3,57.4,39.5,53.9,0.0,0.0,0.0
2026-04-18 17:48:10,30.3,57.5,44.9,53.9,0.0,0.0,0.0
2026-04-18 17:48:15,30.2,57.5,19.9,53.9,0.0,0.0,0.0
2026-04-18 17:48:20,30.4,57.6,23.2,53.9,0.0,0.0,0.0
2026-04-18 17:48:25,30.0,57.6,40.6,53.9,0.0,0.0,0.0
2026-04-18 17:48:30,30.1,57.6,29.7,53.9,0.0,0.0,0.0
2026-04-18 17:48:35,30.1,57.6,21.4,53.9,0.0,0.0,0.0
2026-04-18 17:48:40,30.3,57.7,6.1,53.9,0.0,0.0,0.0
2026-04-18 17:48:45,30.2,57.7,29.9,53.9,0.0,0.0,0.0
2026-04-18 17:48:50,30.3,57.7,9.1,53.9,0.0,0.0,0.0
2026-04-18 17:48:55,30.2,57.7,32.4,53.9,0.0,0.0,0.0
2026-04-18 17:49:00,30.3,57.7,24.0,53.9,0.0,0.0,0.0
2026-04-18 17:49:05,30.4,57.8,25.5,53.9,0.0,0.0,0.0
2026-04-18 17:49:10,30.3,57.7,25.6,54.0,0.0,0.0,0.0
2026-04-18 17:49:15,30.2,57.8,10.5,54.0,0.0,0.0,0.0
2026-04-18 17:49:20,30.3,57.8,55.8,54.0,0.0,0.0,0.0
2026-04-18 17:49:25,30.1,57.7,38.2,54.0,0.0,0.0,0.0
2026-04-18 17:49:30,30.2,57.6,19.7,54.0,0.0,0.0,0.0
2026-04-18 17:49:35,30.1,57.7,26.6,54.0,0.0,0.0,0.0
2026-04-18 17:49:40,30.3,57.7,24.3,54.0,0.0,0.0,0.0
2026-04-18 17:49:45,30.4,57.8,34.0,54.0,0.0,0.0,0.0
2026-04-18 17:49:50,30.3,58.0,42.2,54.0,0.0,0.0,0.0
2026-04-18 17:49:55,30.3,58.0,26.5,54.0,0.0,0.0,0.0
2026-04-18 17:50:00,30.2,58.1,47.7,53.9,0.0,0.0,0.0
2026-04-18 17:50:05,30.2,58.0,36.8,53.9,0.0,0.0,0.0
2026-04-18 17:50:10,30.1,58.1,10.8,54.0,0.0,0.0,0.0
2026-04-18 17:50:15,30.1,58.1,21.6,54.0,0.0,0.0,0.0
2026-04-18 17:50:20,30.2,58.0,22.6,54.0,0.0,0.0,0.0
2026-04-18 17:50:25,30.3,58.0,22.5,54.0,0.0,0.0,0.0
2026-04-18 17:50:30,30.3,58.0,42.1,54.0,0.0,0.0,0.0
2026-04-18 17:50:35,30.3,57.8,45.4,53.9,0.0,0.0,0.0
2026-04-18 17:50:40,30.1,57.7,19.2,53.9,0.0,0.0,0.0
2026-04-18 17:50:45,30.2,57.7,40.9,53.9,0.0,0.0,0.0
2026-04-18 17:50:50,30.1,57.6,10.7,53.9,0.0,0.0,0.0
2026-04-18 17:50:55,30.3,57.6,42.5,53.9,0.0,0.0,0.0
2026-04-18 17:51:00,30.2,57.6,23.0,53.9,0.0,0.0,0.0
2026-04-18 17:51:05,30.4,57.6,48.6,53.9,0.0,0.0,0.0
2026-04-18 17:51:10,30.1,57.6,20.0,53.9,0.0,0.0,0.0
2026-04-18 17:51:15,30.1,57.5,35.0,53.9,0.0,0.0,0.0
2026-04-18 17:51:20,30.3,57.5,47.5,54.0,0.0,0.0,0.0
2026-04-18 17:51:25,30.2,57.5,46.8,54.0,0.0,0.0,0.0
2026-04-18 17:51:30,30.3,57.6,28.4,54.0,0.0,0.0,0.0
2026-04-18 17:51:35,30.2,57.7,26.6,54.0,0.0,0.0,0.0
2026-04-18 17:51:40,30.2,57.8,21.7,54.0,0.0,0.0,0.0
2026-04-18 17:51:45,30.3,57.8,10.5,54.0,0.0,0.0,0.0
2026-04-18 17:51:50,30.3,57.9,31.2,54.0,0.0,0.0,0.0
2026-04-18 17:51:55,30.3,57.8,41.0,54.0,0.0,0.0,0.0
2026-04-18 17:52:00,30.4,57.9,20.8,54.0,0.0,0.0,0.0
2026-04-18 17:52:05,30.4,58.0,27.5,54.0,0.0,0.0,0.0
2026-04-18 17:52:10,30.2,58.0,7.1,54.0,0.0,0.0,0.0
2026-04-18 17:52:15,30.2,58.0,24.9,54.0,0.0,0.0,0.0
2026-04-18 17:52:20,30.3,58.1,18.0,54.0,0.0,0.0,0.0
2026-04-18 17:52:25,30.3,58.0,31.0,54.0,0.0,0.0,0.0
2026-04-18 17:52:30,30.4,58.1,29.4,54.0,0.0,0.0,0.0
2026-04-18 17:52:35,30.3,58.1,24.4,54.0,0.0,0.0,0.0
2026-04-18 17:52:40,30.3,58.1,22.4,54.0,0.0,0.0,0.0
2026-04-18 17:52:45,30.3,58.0,25.9,54.0,0.0,0.0,0.0
2026-04-18 17:52:50,30.2,58.2,24.3,54.0,0.0,0.0,0.0
2026-04-18 17:52:55,30.2,58.3,39.3,54.0,0.0,0.0,0.0
2026-04-18 17:53:00,30.1,58.4,9.1,54.0,0.0,0.0,0.0
2026-04-18 17:53:05,30.3,58.5,8.6,54.0,0.0,0.0,0.0
2026-04-18 17:53:10,30.2,58.6,10.2,54.0,0.0,0.0,0.0
2026-04-18 17:53:15,30.3,58.4,40.1,53.9,0.0,0.0,0.0
2026-04-18 17:53:20,30.2,58.5,21.7,53.9,0.0,0.0,0.0
2026-04-18 17:53:25,30.3,58.6,29.5,53.9,0.0,0.0,0.0
2026-04-18 17:53:30,30.3,58.5,26.3,53.9,0.0,0.0,0.0
2026-04-18 17:53:35,30.2,58.6,24.5,54.0,0.0,0.0,0.0
2026-04-18 17:53:40,30.3,58.6,11.6,54.0,0.0,0.0,0.0
2026-04-18 17:53:45,30.2,58.6,20.7,54.0,0.0,0.0,0.0
2026-04-18 17:53:50,30.1,58.4,27.7,54.0,0.0,0.0,0.0
2026-04-18 17:53:55,30.3,58.4,24.5,54.0,0.0,0.0,0.0
2026-04-18 17:54:00,30.1,58.3,9.3,54.0,0.0,0.0,0.0
2026-04-18 17:54:05,30.2,58.3,12.8,54.0,0.0,0.0,0.0
2026-04-18 17:54:10,30.3,58.3,27.6,54.0,0.0,0.0,0.0
2026-04-18 17:54:15,30.3,58.2,11.8,54.0,0.0,0.0,0.0
2026-04-18 17:54:20,30.3,58.2,27.7,54.0,0.0,0.0,0.0
2026-04-18 17:54:25,30.3,58.3,36.4,54.0,0.0,0.0,0.0
2026-04-18 17:54:30,30.2,58.2,18.5,54.0,0.0,0.0,0.0
2026-04-18 17:54:35,30.3,58.3,26.2,54.0,0.0,0.0,0.0
2026-04-18 17:54:40,30.2,58.4,17.2,54.0,0.0,0.0,0.0
2026-04-18 17:54:45,30.3,58.5,19.9,54.0,0.0,0.0,0.0
2026-04-18 17:54:50,30.3,58.5,16.6,54.0,0.0,0.0,0.0
2026-04-18 17:54:55,30.4,58.6,15.2,54.0,0.0,0.0,0.0
2026-04-18 17:55:00,30.3,58.5,43.2,54.0,0.0,0.0,0.0
2026-04-18 17:55:05,30.2,58.4,12.0,53.9,0.0,0.0,0.0
2026-04-18 17:55:10,30.3,58.3,15.9,53.9,0.0,0.0,0.0
2026-04-18 17:55:15,30.1,58.4,21.5,54.0,0.0,0.0,0.0
2026-04-18 17:55:20,30.4,58.4,11.6,54.0,0.0,0.0,0.0
2026-04-18 17:55:25,30.3,58.3,25.8,53.9,0.0,0.0,0.0
2026-04-18 17:55:30,30.3,58.4,34.1,53.9,0.0,0.0,0.0
2026-04-18 17:55:35,30.3,58.5,32.3,53.9,0.0,0.0,0.0
2026-04-18 17:55:40,30.1,58.5,11.7,53.9,0.0,0.0,0.0
2026-04-18 17:55:45,30.3,58.5,22.4,53.9,0.0,0.0,0.0
2026-04-18 17:55:50,30.2,58.6,17.8,53.9,0.0,0.0,0.0
2026-04-18 17:55:55,30.2,58.7,13.8,53.9,0.0,0.0,0.0
2026-04-18 17:56:00,30.3,58.8,3.4,53.9,0.0,0.0,0.0
2026-04-18 17:56:05,30.2,58.8,13.5,53.9,0.0,0.0,0.0
2026-04-18 17:56:10,30.3,58.7,20.2,53.9,0.0,0.0,0.0
2026-04-18 17:56:15,30.4,58.7,11.4,53.9,0.0,0.0,0.0
2026-04-18 17:56:20,30.3,58.8,27.9,53.9,0.0,0.0,0.0
2026-04-18 17:56:25,30.3,58.8,15.1,53.9,0.0,0.0,0.0
2026-04-18 17:56:30,30.2,58.9,22.4,53.9,0.0,0.0,0.0
2026-04-18 17:56:35,30.3,58.8,19.1,53.9,0.0,0.0,0.0
2026-04-18 17:56:40,30.4,58.7,18.0,53.9,0.0,0.0,0.0
2026-04-18 17:56:45,30.3,58.7,5.9,53.9,0.0,0.0,0.0
2026-04-18 17:56:50,30.4,58.8,15.3,53.9,0.0,0.0,0.0
2026-04-18 17:56:55,30.5,58.8,24.7,53.9,0.0,0.0,0.0
2026-04-18 17:57:00,30.1,58.8,23.7,53.9,0.0,0.0,0.0
2026-04-18 17:57:05,30.4,58.9,5.3,53.9,0.0,0.0,0.0
2026-04-18 17:57:10,30.4,59.1,29.3,53.9,0.0,0.0,0.0
2026-04-18 17:57:15,30.2,59.2,6.1,53.9,0.0,0.0,0.0
2026-04-18 17:57:20,30.3,59.3,26.0,54.0,0.0,0.0,0.0
2026-04-18 17:57:25,30.4,59.3,18.7,54.0,0.0,0.0,0.0
2026-04-18 17:57:30,30.4,59.3,10.1,54.0,0.0,0.0,0.0
2026-04-18 17:57:35,30.2,59.2,11.4,53.9,0.0,0.0,0.0
2026-04-18 17:57:40,30.3,59.2,22.5,53.9,0.0,0.0,0.0
2026-04-18 17:57:45,30.4,59.2,0.0,53.9,0.0,0.0,0.0
2026-04-18 17:57:50,30.3,59.0,26.2,54.0,0.0,0.0,0.0
2026-04-18 17:57:55,30.3,59.1,31.6,54.0,0.0,0.0,0.0
2026-04-18 17:58:00,30.4,59.1,34.3,53.9,0.0,0.0,0.0
2026-04-18 17:58:05,30.4,59.1,31.2,53.9,0.0,0.0,0.0
2026-04-18 17:58:10,30.2,58.9,33.8,53.9,0.0,0.0,0.0
2026-04-18 17:58:15,30.4,59.0,16.0,53.9,0.0,0.0,0.0
2026-04-18 17:58:20,30.5,59.1,15.6,53.9,0.0,0.0,0.0
2026-04-18 17:58:25,30.3,59.1,10.4,53.9,0.0,0.0,0.0
2026-04-18 17:58:30,30.4,59.1,7.7,53.9,0.0,0.0,0.0
2026-04-18 17:58:35,30.3,59.0,10.8,53.9,0.0,0.0,0.0
2026-04-18 17:58:40,30.2,59.0,13.6,53.9,0.0,0.0,0.0
2026-04-18 17:58:45,30.4,58.9,27.5,53.9,0.0,0.0,0.0
2026-04-18 17:58:50,30.4,58.9,10.3,53.9,0.0,0.0,0.0
2026-04-18 17:58:55,30.2,59.0,26.5,53.9,0.0,0.0,0.0
2026-04-18 17:59:00,30.3,58.8,16.1,53.9,0.0,0.0,0.0
2026-04-18 17:59:05,30.4,58.7,23.6,53.9,0.0,0.0,0.0
2026-04-18 17:59:10,30.3,58.8,3.1,53.9,0.0,0.0,0.0
2026-04-18 17:59:15,30.4,58.7,4.3,53.9,0.0,0.0,0.0
2026-04-18 17:59:20,30.3,58.7,18.7,53.9,0.0,0.0,0.0
2026-04-18 17:59:25,30.3,58.7,27.9,53.9,0.0,0.0,0.0
2026-04-18 17:59:30,30.3,58.8,16.0,53.9,0.0,0.0,0.0
2026-04-18 17:59:35,30.4,58.7,8.1,53.9,0.0,0.0,0.0
2026-04-18 17:59:40,30.3,58.8,0.0,53.9,0.0,0.0,0.0
2026-04-18 17:59:45,30.2,59.0,32.6,53.9,0.0,0.0,0.0
2026-04-18 17:59:50,30.4,59.1,16.4,53.9,0.0,0.0,0.0
2026-04-18 17:59:55,30.4,59.0,14.9,54.0,0.0,0.0,0.0
2026-04-18 18:00:00,30.4,59.0,19.7,54.0,0.0,0.0,0.0
2026-04-18 18:00:05,30.4,59.0,12.7,53.9,0.0,0.0,0.0
2026-04-18 18:00:10,30.2,58.9,19.8,53.9,0.0,0.0,0.0
2026-04-18 18:00:15,30.4,59.0,18.5,53.9,0.0,0.0,0.0
2026-04-18 18:00:20,30.4,59.0,24.0,53.9,0.0,0.0,0.0
2026-04-18 18:00:25,30.3,59.0,21.7,53.9,0.0,0.0,0.0
2026-04-18 18:00:30,30.2,58.9,14.7,53.9,0.0,0.0,0.0
2026-04-18 18:00:35,30.4,58.7,3.9,53.9,0.0,0.0,0.0
2026-04-18 18:00:40,30.4,58.8,6.5,53.9,0.0,0.0,0.0
2026-04-18 18:00:45,30.4,58.7,10.3,53.9,0.0,0.0,0.0
2026-04-18 18:00:50,30.5,58.6,15.0,53.9,0.0,0.0,0.0
2026-04-18 18:00:55,30.5,58.7,5.7,53.9,0.0,0.0,0.0
2026-04-18 18:01:00,30.3,58.8,18.9,53.9,0.0,0.0,0.0
2026-04-18 18:01:05,30.3,58.8,22.2,54.0,0.0,0.0,0.0
2026-04-18 18:01:10,30.4,58.7,18.3,54.0,0.0,0.0,0.0
2026-04-18 18:01:15,30.3,58.8,29.0,54.0,0.0,0.0,0.0
2026-04-18 18:01:20,30.2,58.6,26.7,53.9,0.0,0.0,0.0
2026-04-18 18:01:25,30.2,58.6,38.8,53.9,0.0,0.0,0.0
2026-04-18 18:01:30,30.3,58.8,17.1,53.9,0.0,0.0,0.0
2026-04-18 18:01:35,30.3,58.6,27.3,53.9,0.0,0.0,0.0
2026-04-18 18:01:40,30.3,58.6,24.5,53.9,0.0,0.0,0.0
2026-04-18 18:01:45,30.3,58.6,16.7,53.9,0.0,0.0,0.0
2026-04-18 18:01:50,30.4,58.7,12.7,53.9,0.0,0.0,0.0
2026-04-18 18:01:55,30.3,58.7,12.5,53.9,0.0,0.0,0.0
2026-04-18 18:02:00,30.3,58.6,36.1,53.9,0.0,0.0,0.0
2026-04-18 18:02:05,30.4,58.7,21.7,53.9,0.0,0.0,0.0
2026-04-18 18:02:10,30.3,58.8,15.7,53.9,0.0,0.0,0.0
2026-04-18 18:02:15,30.2,58.8,9.4,53.9,0.0,0.0,0.0
2026-04-18 18:02:20,30.3,58.8,10.0,53.9,0.0,0.0,0.0
2026-04-18 18:02:25,30.4,58.8,23.9,53.9,0.0,0.0,0.0
2026-04-18 18:02:30,30.3,58.7,8.4,53.9,0.0,0.0,0.0
2026-04-18 18:02:35,30.4,58.8,29.9,53.9,0.0,0.0,0.0
2026-04-18 18:02:40,30.3,58.8,10.0,53.9,0.0,0.0,0.0
2026-04-18 18:02:45,30.3,58.7,11.4,53.9,0.0,0.0,0.0
2026-04-18 18:02:50,30.3,58.7,26.4,53.9,0.0,0.0,0.0
2026-04-18 18:02:55,30.4,58.6,19.9,53.9,0.0,0.0,0.0
2026-04-18 18:03:00,30.3,58.5,14.0,53.9,0.0,0.0,0.0
2026-04-18 18:03:05,30.3,58.5,20.0,53.9,0.0,0.0,0.0
2026-04-18 18:03:10,30.4,58.5,15.0,53.9,0.0,0.0,0.0
2026-04-18 18:03:15,30.4,58.5,30.7,53.9,0.0,0.0,0.0
2026-04-18 18:03:20,30.4,58.6,2.9,53.9,0.0,0.0,0.0
2026-04-18 18:03:25,30.2,58.6,17.9,53.9,0.0,0.0,0.0
2026-04-18 18:03:30,30.4,58.7,23.0,53.9,0.0,0.0,0.0
2026-04-18 18:03:35,30.3,58.7,6.7,54.0,0.0,0.0,0.0
2026-04-18 18:03:40,30.3,58.6,14.9,54.0,0.0,0.0,0.0
2026-04-18 18:03:45,30.4,58.5,17.5,53.9,0.0,0.0,0.0
2026-04-18 18:03:50,30.4,58.5,18.7,53.9,0.0,0.0,0.0
2026-04-18 18:03:55,30.3,58.5,29.3,53.9,0.0,0.0,0.0
2026-04-18 18:04:00,30.3,58.5,12.5,53.9,0.0,0.0,0.0
2026-04-18 18:04:05,30.4,58.6,8.6,53.9,0.0,0.0,0.0
2026-04-18 18:04:10,30.3,58.6,22.0,53.9,0.0,0.0,0.0
2026-04-18 18:04:15,30.4,58.6,0.0,53.9,0.0,0.0,0.0
2026-04-18 18:04:20,30.3,58.6,13.8,53.9,0.0,0.0,0.0
2026-04-18 18:04:25,30.4,58.6,16.3,53.9,0.0,0.0,0.0
2026-04-18 18:04:30,30.3,58.6,1.5,53.9,0.0,0.0,0.0
2026-04-18 18:04:35,30.3,58.6,19.0,53.9,0.0,0.0,0.0
2026-04-18 18:04:40,30.4,58.5,16.5,53.9,0.0,0.0,0.0
2026-04-18 18:04:45,30.5,58.6,2.1,53.9,0.0,0.0,0.0
2026-04-18 18:04:50,30.5,58.8,26.9,53.9,0.0,0.0,0.0
2026-04-18 18:04:55,30.4,58.7,18.4,53.9,0.0,0.0,0.0
2026-04-18 18:05:00,30.4,58.9,16.1,53.9,0.0,0.0,0.0
2026-04-18 18:05:05,30.3,58.7,7.3,53.9,0.0,0.0,0.0
2026-04-18 18:05:10,30.3,58.6,16.9,53.9,0.0,0.0,0.0
2026-04-18 18:05:15,30.3,58.7,18.3,53.9,0.0,0.0,0.0
2026-04-18 18:05:20,30.3,58.6,4.4,53.9,0.0,0.0,0.0
2026-04-18 18:05:25,30.3,58.7,18.5,53.9,0.0,0.0,0.0
2026-04-18 18:05:30,30.3,58.7,10.9,53.9,0.0,0.0,0.0
2026-04-18 18:05:35,30.3,58.8,31.8,53.9,0.0,0.0,0.0
2026-04-18 18:05:40,30.4,58.8,0.0,53.9,0.0,0.0,0.0
2026-04-18 18:05:45,30.3,58.8,15.9,53.9,0.0,0.0,0.0
2026-04-18 18:05:50,30.3,58.8,14.1,53.9,0.0,0.0,0.0
2026-04-18 18:05:55,30.3,58.8,16.5,53.9,0.0,0.0,0.0
2026-04-18 18:06:00,30.3,58.7,0.8,53.9,0.0,0.0,0.0
2026-04-18 18:06:05,30.3,58.8,30.2,53.9,0.0,0.0,0.0
2026-04-18 18:06:10,30.3,58.7,0.0,53.9,0.0,0.0,0.0
2026-04-18 18:06:15,30.3,58.8,7.0,53.9,0.0,0.0,0.0
2026-04-18 18:06:20,30.2,58.8,11.0,53.9,0.0,0.0,0.0
2026-04-18 18:06:25,30.4,58.8,19.1,53.9,0.0,0.0,0.0
2026-04-18 18:06:30,30.3,58.7,17.5,53.9,0.0,0.0,0.0
2026-04-18 18:06:35,30.3,58.8,35.8,53.9,0.0,0.0,0.0
2026-04-18 18:06:40,30.3,58.9,32.3,53.9,0.0,0.0,0.0
2026-04-18 18:06:45,30.3,58.8,18.1,53.9,0.0,0.0,0.0
2026-04-18 18:06:50,30.4,58.9,10.6,53.9,0.0,0.0,0.0
2026-04-18 18:06:55,30.3,58.9,31.7,53.9,0.0,0.0,0.0
2026-04-18 18:07:00,30.3,59.0,12.7,53.9,0.0,0.0,0.0
2026-04-18 18:07:05,30.5,58.9,10.7,53.9,0.0,0.0,0.0
2026-04-18 18:07:10,30.2,59.0,10.8,53.9,0.0,0.0,0.0
2026-04-18 18:07:15,30.3,59.0,0.2,53.9,0.0,0.0,0.0
2026-04-18 18:07:20,30.3,58.9,22.9,53.9,0.0,0.0,0.0
2026-04-18 18:07:25,30.3,59.0,31.3,53.9,0.0,0.0,0.0
2026-04-18 18:07:30,30.4,58.8,9.2,53.9,0.0,0.0,0.0
2026-04-18 18:07:35,30.3,59.0,7.1,53.9,0.0,0.0,0.0
2026-04-18 18:07:40,30.3,59.0,13.5,53.9,0.0,0.0,0.0
2026-04-18 18:07:45,30.3,58.9,12.0,53.9,0.0,0.0,0.0
2026-04-18 18:07:50,30.3,58.9,22.4,54.0,0.0,0.0,0.0
2026-04-18 18:07:55,30.4,58.9,9.9,54.0,0.0,0.0,0.0
2026-04-18 18:08:00,30.3,58.9,8.4,53.9,0.0,0.0,0.0
2026-04-18 18:08:05,30.3,58.9,20.2,53.9,0.0,0.0,0.0
2026-04-18 18:08:10,30.3,58.8,20.9,53.9,0.0,0.0,0.0
2026-04-18 18:08:15,30.2,58.7,15.8,53.9,0.0,0.0,0.0
2026-04-18 18:08:20,30.4,58.8,17.0,53.9,0.0,0.0,0.0
2026-04-18 18:08:25,30.5,58.8,18.2,53.9,0.0,0.0,0.0
2026-04-18 18:08:30,30.4,58.8,7.1,53.9,0.0,0.0,0.0
2026-04-18 18:08:35,30.3,58.8,13.2,53.9,0.0,0.0,0.0
2026-04-18 18:08:40,30.4,58.9,17.6,53.9,0.0,0.0,0.0
2026-04-18 18:08:45,30.5,58.9,32.4,53.9,0.0,0.0,0.0
2026-04-18 18:08:50,30.4,58.8,32.3,53.9,0.0,0.0,0.0
2026-04-18 18:08:55,30.4,58.8,0.0,53.9,0.0,0.0,0.0
2026-04-18 18:09:00,30.3,58.8,14.3,53.9,0.0,0.0,0.0
2026-04-18 18:09:05,30.3,58.8,14.5,53.9,0.0,0.0,0.0
2026-04-18 18:09:10,30.5,58.7,13.2,53.9,0.0,0.0,0.0
2026-04-18 18:09:15,30.3,58.7,11.2,53.9,0.0,0.0,0.0
2026-04-18 18:09:20,30.3,58.5,7.7,53.9,0.0,0.0,0.0
2026-04-18 18:09:25,30.4,58.3,18.6,53.9,0.0,0.0,0.0
2026-04-18 18:09:30,30.4,58.6,33.4,53.9,0.0,0.0,0.0
2026-04-18 18:09:35,30.3,58.6,25.3,54.0,0.0,0.0,0.0
2026-04-18 18:09:40,30.5,58.5,4.5,54.0,0.0,0.0,0.0
2026-04-18 18:09:45,30.4,58.4,18.8,53.9,0.0,0.0,0.0
2026-04-18 18:09:50,30.4,58.4,18.2,53.9,0.0,0.0,0.0
2026-04-18 18:09:55,30.4,58.3,9.3,53.9,0.0,0.0,0.0
2026-04-18 18:10:00,30.3,58.3,12.9,53.9,0.0,0.0,0.0
2026-04-18 18:10:05,30.3,58.4,18.9,53.9,0.0,0.0,0.0
2026-04-18 18:10:10,30.5,58.5,29.6,53.9,0.0,0.0,0.0
2026-04-18 18:10:15,30.3,58.4,28.8,53.9,0.0,0.0,0.0
2026-04-18 18:10:20,30.4,58.5,10.5,53.9,0.0,0.0,0.0
2026-04-18 18:10:25,30.3,58.4,21.5,53.9,0.0,0.0,0.0
2026-04-18 18:10:30,30.4,58.5,33.8,53.9,0.0,0.0,0.0
2026-04-18 18:10:35,30.5,58.4,19.4,53.9,0.0,0.0,0.0
2026-04-18 18:10:40,30.5,58.5,20.6,53.9,0.0,0.0,0.0
2026-04-18 18:10:45,30.4,58.6,28.7,53.9,0.0,0.0,0.0
2026-04-18 18:10:50,30.3,58.6,6.7,53.9,0.0,0.0,0.0
2026-04-18 18:10:55,30.4,58.6,8.3,53.9,0.0,0.0,0.0
2026-04-18 18:11:00,30.3,58.7,8.7,53.9,0.0,0.0,0.0
2026-04-18 18:11:05,30.5,58.5,19.8,53.9,0.0,0.0,0.0
2026-04-18 18:11:10,30.4,58.5,27.2,53.9,0.0,0.0,0.0
2026-04-18 18:11:15,30.4,58.4,10.4,53.9,0.0,0.0,0.0
2026-04-18 18:11:20,30.4,58.4,24.1,53.9,0.0,0.0,0.0
2026-04-18 18:11:25,30.4,58.4,22.3,53.9,0.0,0.0,0.0
2026-04-18 18:11:30,30.2,58.3,27.5,53.9,0.0,0.0,0.0
2026-04-18 18:11:35,30.3,58.3,0.0,53.9,0.0,0.0,0.0
2026-04-18 18:11:40,30.4,58.2,2.1,53.9,0.0,0.0,0.0
2026-04-18 18:11:45,30.4,58.3,3.8,53.9,0.0,0.0,0.0
2026-04-18 18:11:50,30.4,58.2,15.7,53.9,0.0,0.0,0.0
2026-04-18 18:11:55,30.4,58.3,8.6,53.9,0.0,0.0,0.0
2026-04-18 18:12:00,30.3,58.3,26.7,53.9,0.0,0.0,0.0
2026-04-18 18:12:05,30.3,58.3,15.6,53.9,0.0,0.0,0.0
2026-04-18 18:12:10,30.3,58.4,13.2,53.9,0.0,0.0,0.0
2026-04-18 18:12:15,30.4,58.5,19.4,53.9,0.0,0.0,0.0
2026-04-18 18:12:20,30.3,58.5,0.0,53.9,0.0,0.0,0.0
2026-04-18 18:12:25,30.4,58.5,4.0,53.9,0.0,0.0,0.0
2026-04-18 18:12:30,30.5,58.7,39.2,53.9,0.0,0.0,0.0
2026-04-18 18:12:35,30.3,58.7,5.7,53.9,0.0,0.0,0.0
2026-04-18 18:12:40,30.3,58.7,24.1,53.9,0.0,0.0,0.0
2026-04-18 18:12:45,30.5,58.6,20.5,53.9,0.0,0.0,0.0
2026-04-18 18:12:50,30.4,58.6,25.7,53.9,0.0,0.0,0.0
2026-04-18 18:12:55,30.5,58.6,8.9,53.9,0.0,0.0,0.0
2026-04-18 18:13:00,30.3,58.8,19.3,53.9,0.0,0.0,0.0
2026-04-18 18:13:05,30.4,58.8,15.2,53.9,0.0,0.0,0.0
2026-04-18 18:13:10,30.2,58.7,0.0,53.9,0.0,0.0,0.0
2026-04-18 18:13:15,30.3,58.7,12.0,53.9,0.0,0.0,0.0
2026-04-18 18:13:20,30.4,58.7,13.8,53.9,0.0,0.0,0.0
2026-04-18 18:13:25,30.3,58.9,21.0,54.0,0.0,0.0,0.0
2026-04-18 18:13:30,30.4,58.9,28.1,54.0,0.0,0.0,0.0
2026-04-18 18:13:35,30.4,58.9,10.8,53.9,0.0,0.0,0.0
2026-04-18 18:13:40,30.2,58.9,23.2,53.9,0.0,0.0,0.0
2026-04-18 18:13:45,30.5,58.7,30.1,54.0,0.0,0.0,0.0
2026-04-18 18:13:50,30.2,58.8,16.8,54.0,0.0,0.0,0.0
2026-04-18 18:13:55,30.4,58.8,17.4,53.9,0.0,0.0,0.0
2026-04-18 18:14:00,30.3,58.8,0.0,53.9,0.0,0.0,0.0
2026-04-18 18:14:05,30.3,58.8,19.9,53.9,0.0,0.0,0.0
2026-04-18 18:14:10,30.5,58.9,14.2,53.9,0.0,0.0,0.0
2026-04-18 18:14:15,30.3,58.8,27.9,53.9,0.0,0.0,0.0
2026-04-18 18:14:20,30.3,58.8,3.0,53.9,0.0,0.0,0.0
2026-04-18 18:14:25,30.3,58.9,15.1,54.0,0.0,0.0,0.0
2026-04-18 18:14:30,30.4,58.8,20.7,54.0,0.0,0.0,0.0
2026-04-18 18:14:35,30.4,58.7,15.1,53.9,0.0,0.0,0.0
2026-04-18 18:14:40,30.3,58.6,14.5,53.9,0.0,0.0,0.0
2026-04-18 18:14:45,30.3,58.6,5.2,53.9,0.0,0.0,0.0
2026-04-18 18:14:50,30.3,58.6,16.7,53.9,0.0,0.0,0.0
2026-04-18 18:14:55,30.5,58.6,25.8,53.9,0.0,0.0,0.0
2026-04-18 18:15:00,30.3,58.5,20.5,53.9,0.0,0.0,0.0
2026-04-18 18:15:05,30.3,58.5,11.7,53.9,0.0,0.0,0.0
2026-04-18 18:15:10,30.3,58.6,1.4,53.9,0.0,0.0,0.0
2026-04-18 18:15:15,30.4,58.7,8.5,53.9,0.0,0.0,0.0
2026-04-18 18:15:20,30.4,58.8,18.3,53.9,0.0,0.0,0.0
2026-04-18 18:15:25,30.4,58.9,17.5,53.9,0.0,0.0,0.0
2026-04-18 18:15:30,30.4,58.9,6.4,53.9,0.0,0.0,0.0
2026-04-18 18:15:35,30.4,58.9,4.2,53.9,0.0,0.0,0.0
2026-04-18 18:15:40,30.4,58.9,26.4,54.0,0.0,0.0,0.0
2026-04-18 18:15:45,30.3,58.9,23.0,54.0,0.0,0.0,0.0
2026-04-18 18:15:50,30.3,58.9,7.2,53.9,0.0,0.0,0.0
2026-04-18 18:15:55,30.4,58.8,22.6,53.9,0.0,0.0,0.0
2026-04-18 18:16:00,30.4,58.9,3.9,53.9,0.0,0.0,0.0
2026-04-18 18:16:05,30.5,58.9,26.7,53.9,0.0,0.0,0.0
2026-04-18 18:16:10,30.3,58.8,33.3,53.9,0.0,0.0,0.0
2026-04-18 18:16:15,30.3,58.8,19.1,53.9,0.0,0.0,0.0
2026-04-18 18:16:20,30.3,58.7,0.0,53.9,0.0,0.0,0.0
2026-04-18 18:16:25,30.4,58.6,26.6,53.9,0.0,0.0,0.0
2026-04-18 18:16:30,30.4,58.7,17.5,53.9,0.0,0.0,0.0
2026-04-18 18:16:35,30.3,58.8,8.9,53.9,0.0,0.0,0.0
2026-04-18 18:16:40,30.3,58.7,21.2,53.9,0.0,0.0,0.0
2026-04-18 18:16:45,30.2,58.8,20.2,53.9,0.0,0.0,0.0
2026-04-18 18:16:50,30.4,58.9,26.3,53.9,0.0,0.0,0.0
2026-04-18 18:16:55,30.2,59.0,9.4,53.9,0.0,0.0,0.0
2026-04-18 18:17:00,30.4,58.8,28.9,53.9,0.0,0.0,0.0
2026-04-18 18:17:05,30.4,58.7,22.9,53.9,0.0,0.0,0.0
2026-04-18 18:17:10,30.3,58.7,12.8,53.9,0.0,0.0,0.0
2026-04-18 18:17:15,30.3,58.8,16.8,53.9,0.0,0.0,0.0
2026-04-18 18:17:20,30.2,58.9,21.3,53.9,0.0,0.0,0.0
2026-04-18 18:17:25,30.4,58.7,0.0,53.9,0.0,0.0,0.0
2026-04-18 18:17:30,30.3,58.8,7.4,53.9,0.0,0.0,0.0
2026-04-18 18:17:35,30.4,58.7,1.5,53.9,0.0,0.0,0.0
2026-04-18 18:17:40,30.2,58.7,20.9,53.9,0.0,0.0,0.0
2026-04-18 18:17:45,30.3,58.7,12.5,53.9,0.0,0.0,0.0
2026-04-18 18:17:50,30.4,58.7,15.3,53.9,0.0,0.0,0.0
2026-04-18 18:17:55,30.4,58.9,24.5,53.9,0.0,0.0,0.0
2026-04-18 18:18:00,30.4,58.9,0.0,53.9,0.0,0.0,0.0
2026-04-18 18:18:05,30.4,58.9,11.6,53.9,0.0,0.0,0.0
2026-04-18 18:18:10,30.3,59.0,15.4,53.9,0.0,0.0,0.0
2026-04-18 18:18:15,30.2,59.0,21.5,53.9,0.0,0.0,0.0
2026-04-18 18:18:20,30.4,59.0,25.1,53.9,0.0,0.0,0.0
2026-04-18 18:18:25,30.4,58.9,13.6,53.9,0.0,0.0,0.0
2026-04-18 18:18:30,30.3,58.9,14.2,53.9,0.0,0.0,0.0
2026-04-18 18:18:35,30.2,58.8,14.5,53.9,0.0,0.0,0.0
2026-04-18 18:18:40,30.4,58.8,13.1,53.9,0.0,0.0,0.0
2026-04-18 18:18:45,30.4,58.8,20.0,53.9,0.0,0.0,0.0
2026-04-18 18:18:50,30.4,58.8,5.3,53.9,0.0,0.0,0.0
2026-04-18 18:18:55,30.4,58.9,21.7,53.9,0.0,0.0,0.0
2026-04-18 18:19:00,30.3,58.9,11.3,53.9,0.0,0.0,0.0
2026-04-18 18:19:05,30.3,59.0,19.0,53.9,0.0,0.0,0.0
2026-04-18 18:19:10,30.3,59.0,16.7,53.9,0.0,0.0,0.0
2026-04-18 18:19:15,30.4,58.9,1.2,53.9,0.0,0.0,0.0
2026-04-18 18:19:20,30.4,58.9,22.3,53.9,0.0,0.0,0.0
2026-04-18 18:19:25,30.5,58.9,8.6,53.9,0.0,0.0,0.0
2026-04-18 18:19:30,30.3,59.0,21.6,53.9,0.0,0.0,0.0
2026-04-18 18:19:35,30.3,59.1,24.2,53.9,0.0,0.0,0.0
2026-04-18 18:19:40,30.3,59.1,20.0,53.9,0.0,0.0,0.0
2026-04-18 18:19:45,30.2,59.1,17.2,53.9,0.0,0.0,0.0
2026-04-18 18:19:50,30.5,59.1,6.5,53.9,0.0,0.0,0.0
2026-04-18 18:19:55,30.3,59.1,25.6,53.9,0.0,0.0,0.0
2026-04-18 18:20:00,30.4,59.1,11.5,53.9,0.0,0.0,0.0
2026-04-18 18:20:05,30.3,59.1,20.4,53.9,0.0,0.0,0.0
2026-04-18 18:20:10,30.3,59.1,20.1,53.9,0.0,0.0,0.0
2026-04-18 18:20:15,30.3,59.0,18.2,53.9,0.0,0.0,0.0
2026-04-18 18:20:20,30.3,59.0,15.5,53.9,0.0,0.0,0.0
2026-04-18 18:20:25,30.4,59.1,0.0,53.9,0.0,0.0,0.0
2026-04-18 18:20:30,30.3,59.1,24.7,53.9,0.0,0.0,0.0
2026-04-18 18:20:35,30.4,59.1,10.2,53.9,0.0,0.0,0.0
2026-04-18 18:20:40,30.4,59.0,11.3,53.9,0.0,0.0,0.0
2026-04-18 18:20:45,30.4,59.2,7.8,53.9,0.0,0.0,0.0
2026-04-18 18:20:50,30.4,59.3,13.6,53.9,0.0,0.0,0.0
2026-04-18 18:20:55,30.1,59.2,15.3,53.9,0.0,0.0,0.0
2026-04-18 18:21:00,30.4,59.2,21.1,53.9,0.0,0.0,0.0
2026-04-18 18:21:05,30.3,59.1,12.4,53.9,0.0,0.0,0.0
2026-04-18 18:21:10,30.4,59.0,27.5,54.0,0.0,0.0,0.0
2026-04-18 18:21:15,30.1,58.9,23.9,54.0,0.0,0.0,0.0
2026-04-18 18:21:20,30.3,58.9,0.0,54.0,0.0,0.0,0.0
2026-04-18 18:21:25,30.4,58.9,0.0,54.0,0.0,0.0,0.0
2026-04-18 18:21:30,30.2,58.8,11.6,54.0,0.0,0.0,0.0
2026-04-18 18:21:35,30.4,58.8,0.0,53.9,0.0,0.0,0.0
2026-04-18 18:21:40,30.5,58.8,23.4,53.9,0.0,0.0,0.0
2026-04-18 18:21:45,30.4,58.9,2.9,53.9,0.0,0.0,0.0
2026-04-18 18:21:50,30.3,58.9,24.1,53.9,0.0,0.0,0.0
2026-04-18 18:21:55,30.4,58.9,0.0,53.9,0.0,0.0,0.0
2026-04-18 18:22:00,30.2,59.0,19.5,53.9,0.0,0.0,0.0
2026-04-18 18:22:05,30.4,59.0,24.1,53.9,0.0,0.0,0.0
2026-04-18 18:22:10,30.5,59.0,6.8,53.9,0.0,0.0,0.0
2026-04-18 18:22:15,30.4,58.9,11.1,53.9,0.0,0.0,0.0
2026-04-18 18:22:20,30.4,58.8,19.4,53.9,0.0,0.0,0.0
2026-04-18 18:22:25,30.4,58.7,14.1,53.9,0.0,0.0,0.0
2026-04-18 18:22:30,30.4,58.6,17.9,53.9,0.0,0.0,0.0
2026-04-18 18:22:35,30.3,58.7,14.0,53.9,0.0,0.0,0.0
2026-04-18 18:22:40,30.5,58.7,18.0,53.9,0.0,0.0,0.0
2026-04-18 18:22:45,30.5,58.7,19.7,53.9,0.0,0.0,0.0
2026-04-18 18:22:50,30.4,58.5,22.1,53.9,0.0,0.0,0.0
2026-04-18 18:22:55,30.3,58.6,6.5,54.0,0.0,0.0,0.0
2026-04-18 18:23:00,30.3,58.5,13.9,54.0,0.0,0.0,0.0
2026-04-18 18:23:05,30.3,58.4,19.4,54.0,0.0,0.0,0.0
2026-04-18 18:23:10,30.5,58.4,13.9,53.9,0.0,0.0,0.0
2026-04-18 18:23:15,30.3,58.5,13.0,53.9,0.0,0.0,0.0
2026-04-18 18:23:20,30.4,58.5,30.7,53.9,0.0,0.0,0.0
2026-04-18 18:23:25,30.4,58.5,17.5,53.9,0.0,0.0,0.0
2026-04-18 18:23:30,30.4,58.5,4.0,53.9,0.0,0.0,0.0
2026-04-18 18:23:35,30.5,58.5,28.1,53.9,0.0,0.0,0.0
2026-04-18 18:23:40,30.4,58.5,17.9,53.9,0.0,0.0,0.0
2026-04-18 18:23:45,30.3,58.4,12.3,53.9,0.0,0.0,0.0
2026-04-18 18:23:50,30.3,58.5,6.3,53.9,0.0,0.0,0.0
2026-04-18 18:23:55,30.2,58.8,0.0,53.9,0.0,0.0,0.0
2026-04-18 18:24:00,30.2,58.6,14.9,53.9,0.0,0.0,0.0
2026-04-18 18:24:05,30.4,58.5,14.8,53.9,0.0,0.0,0.0
2026-04-18 18:24:10,30.3,58.5,2.8,53.9,0.0,0.0,0.0
2026-04-18 18:24:15,30.3,58.5,7.0,53.9,0.0,0.0,0.0
2026-04-18 18:24:20,30.3,58.4,18.0,53.9,0.0,0.0,0.0
2026-04-18 18:24:25,30.3,58.4,12.4,53.9,0.0,0.0,0.0
2026-04-18 18:24:30,30.4,58.4,32.8,53.9,0.0,0.0,0.0
2026-04-18 18:24:35,30.4,58.4,0.2,53.9,0.0,0.0,0.0
2026-04-18 18:24:40,30.3,58.5,11.1,53.9,0.0,0.0,0.0
2026-04-18 18:24:45,30.3,58.5,7.2,53.9,0.0,0.0,0.0
2026-04-18 18:24:50,30.3,58.5,19.8,53.9,0.0,0.0,0.0
2026-04-18 18:24:55,30.3,58.5,17.5,53.9,0.0,0.0,0.0
2026-04-18 18:25:00,30.4,58.5,18.5,53.9,0.0,0.0,0.0
2026-04-18 18:25:05,30.3,58.5,11.1,53.9,0.0,0.0,0.0
2026-04-18 18:25:10,30.4,58.5,29.7,53.9,0.0,0.0,0.0
2026-04-18 18:25:15,30.2,58.5,11.0,53.9,0.0,0.0,0.0
2026-04-18 18:25:20,30.3,58.4,42.4,53.9,0.0,0.0,0.0
2026-04-18 18:25:25,30.3,58.5,7.6,54.0,0.0,0.0,0.0
2026-04-18 18:25:30,30.3,58.6,9.0,54.0,0.0,0.0,0.0
2026-04-18 18:25:35,30.5,58.6,23.8,54.0,0.0,0.0,0.0
2026-04-18 18:25:40,30.2,58.5,25.4,54.0,0.0,0.0,0.0
2026-04-18 18:25:45,30.4,58.4,14.4,54.0,0.0,0.0,0.0
2026-04-18 18:25:50,30.3,58.5,15.0,54.0,0.0,0.0,0.0
2026-04-18 18:25:55,30.5,58.5,8.3,54.0,0.0,0.0,0.0
2026-04-18 18:26:00,30.3,58.4,19.1,54.0,0.0,0.0,0.0
2026-04-18 18:26:05,30.3,58.6,9.3,54.0,0.0,0.0,0.0
2026-04-18 18:26:10,30.4,58.5,13.4,54.0,0.0,0.0,0.0
2026-04-18 18:26:15,30.4,58.5,3.4,54.0,0.0,0.0,0.0
2026-04-18 18:26:20,30.3,58.5,9.8,54.0,0.0,0.0,0.0
2026-04-18 18:26:25,30.3,58.4,8.0,54.0,0.0,0.0,0.0
2026-04-18 18:26:30,30.3,58.4,11.9,54.0,0.0,0.0,0.0
2026-04-18 18:26:35,30.4,58.5,11.0,54.0,0.0,0.0,0.0
2026-04-18 18:26:40,30.4,58.6,7.5,54.0,0.0,0.0,0.0
2026-04-18 18:26:45,30.4,58.6,15.8,54.0,0.0,0.0,0.0
2026-04-18 18:26:50,30.4,58.7,10.3,54.0,0.0,0.0,0.0
2026-04-18 18:26:55,30.2,58.6,6.7,54.0,0.0,0.0,0.0
2026-04-18 18:27:00,30.2,58.6,25.1,54.0,0.0,0.0,0.0
2026-04-18 18:27:05,30.3,58.7,2.3,54.0,0.0,0.0,0.0
2026-04-18 18:27:10,30.3,58.6,9.4,54.0,0.0,0.0,0.0
2026-04-18 18:27:15,30.3,58.6,44.8,53.9,0.0,0.0,0.0
2026-04-18 18:27:20,30.2,58.6,24.4,53.9,0.0,0.0,0.0
2026-04-18 18:27:25,30.3,58.7,40.1,53.9,0.0,0.0,0.0
2026-04-18 18:27:30,30.4,58.8,3.5,53.9,0.0,0.0,0.0
2026-04-18 18:27:35,30.3,58.7,10.5,53.9,0.0,0.0,0.0
2026-04-18 18:27:40,30.4,58.7,25.5,53.9,0.0,0.0,0.0
2026-04-18 18:27:45,30.5,58.7,21.1,53.9,0.0,0.0,0.0
2026-04-18 18:27:50,30.6,58.8,3.0,53.9,0.0,0.0,0.0
2026-04-18 18:27:55,30.4,58.7,7.3,54.0,0.0,0.0,0.0
2026-04-18 18:28:00,30.3,58.7,14.5,54.0,0.0,0.0,0.0
2026-04-18 18:28:05,30.3,58.6,8.1,54.0,0.0,0.0,0.0
2026-04-18 18:28:10,30.3,58.7,22.8,54.0,0.0,0.0,0.0
2026-04-18 18:28:15,30.3,58.8,22.0,54.0,0.0,0.0,0.0
2026-04-18 18:28:20,30.3,58.8,14.9,53.9,0.0,0.0,0.0
2026-04-18 18:28:25,30.2,58.9,12.1,53.9,0.0,0.0,0.0
2026-04-18 18:28:30,30.5,58.9,2.7,53.9,0.0,0.0,0.0
2026-04-18 18:28:35,30.5,59.0,13.1,53.9,0.0,0.0,0.0
2026-04-18 18:28:40,30.3,58.9,8.6,53.9,0.0,0.0,0.0
2026-04-18 18:28:45,30.2,59.0,5.3,53.9,0.0,0.0,0.0
2026-04-18 18:28:50,30.4,58.9,11.3,53.9,0.0,0.0,0.0
2026-04-18 18:28:55,30.2,58.8,15.8,53.9,0.0,0.0,0.0
2026-04-18 18:29:00,30.3,58.8,35.1,53.9,0.0,0.0,0.0
2026-04-18 18:29:05,30.4,58.6,3.6,53.9,0.0,0.0,0.0
2026-04-18 18:29:10,30.3,58.7,6.5,54.0,0.0,0.0,0.0
2026-04-18 18:29:15,30.2,58.9,4.8,54.0,0.0,0.0,0.0
2026-04-18 18:29:20,30.3,58.8,5.7,54.0,0.0,0.0,0.0
2026-04-18 18:29:25,30.3,58.8,28.4,53.9,0.0,0.0,0.0
2026-04-18 18:29:30,30.2,58.9,20.0,53.9,0.0,0.0,0.0
2026-04-18 18:29:35,30.3,58.9,20.9,53.9,0.0,0.0,0.0
2026-04-18 18:29:40,30.3,58.8,14.9,54.0,0.0,0.0,0.0
2026-04-18 18:29:45,30.3,58.8,26.3,54.0,0.0,0.0,0.0
2026-04-18 18:29:50,30.2,58.7,0.0,54.0,0.0,0.0,0.0
2026-04-18 18:29:55,30.2,58.5,20.1,54.0,0.0,0.0,0.0
2026-04-18 18:30:00,30.4,58.6,18.4,54.0,0.0,0.0,0.0
2026-04-18 18:30:05,30.3,58.6,6.4,54.0,0.0,0.0,0.0
2026-04-18 18:30:10,30.4,58.7,16.2,54.0,0.0,0.0,0.0
2026-04-18 18:30:15,30.2,58.7,13.2,54.0,0.0,0.0,0.0
2026-04-18 18:30:20,30.4,58.6,21.0,54.0,0.0,0.0,0.0
2026-04-18 18:30:25,30.3,58.6,32.7,54.0,0.0,0.0,0.0
2026-04-18 18:30:30,30.4,58.6,27.5,54.0,0.0,0.0,0.0
2026-04-18 18:30:35,30.3,58.6,20.6,54.0,0.0,0.0,0.0
2026-04-18 18:30:40,30.2,58.5,11.0,54.0,0.0,0.0,0.0
2026-04-18 18:30:45,30.3,58.4,9.0,54.0,0.0,0.0,0.0
2026-04-18 18:30:50,30.2,58.4,16.9,54.0,0.0,0.0,0.0
2026-04-18 18:30:55,30.3,58.6,33.9,53.9,0.0,0.0,0.0
2026-04-18 18:31:00,30.4,58.6,10.9,53.9,0.0,0.0,0.0
2026-04-18 18:31:05,30.3,58.6,23.8,53.9,0.0,0.0,0.0
2026-04-18 18:31:10,30.2,58.6,9.5,53.9,0.0,0.0,0.0
2026-04-18 18:31:15,30.2,58.5,2.3,53.9,0.0,0.0,0.0
2026-04-18 18:31:20,30.2,58.5,19.0,53.9,0.0,0.0,0.0
2026-04-18 18:31:25,30.3,58.5,2.4,53.9,0.0,0.0,0.0
2026-04-18 18:31:30,30.5,58.5,3.1,53.9,0.0,0.0,0.0
2026-04-18 18:31:35,30.3,58.6,22.3,53.9,0.0,0.0,0.0
2026-04-18 18:31:40,30.2,58.7,11.9,54.0,0.0,0.0,0.0
2026-04-18 18:31:45,30.5,58.6,22.3,54.0,0.0,0.0,0.0
2026-04-18 18:31:50,30.3,58.5,21.7,54.0,0.0,0.0,0.0
2026-04-18 18:31:55,30.3,58.5,15.6,54.0,0.0,0.0,0.0
2026-04-18 18:32:00,30.2,58.3,13.7,54.0,0.0,0.0,0.0
2026-04-18 18:32:05,30.4,58.4,15.9,53.9,0.0,0.0,0.0
2026-04-18 18:32:10,30.3,58.4,6.6,53.9,0.0,0.0,0.0
2026-04-18 18:32:15,30.3,58.4,11.6,53.9,0.0,0.0,0.0
2026-04-18 18:32:20,30.3,58.2,30.7,53.9,0.0,0.0,0.0
2026-04-18 18:32:25,30.2,58.2,0.0,54.0,0.0,0.0,0.0
2026-04-18 18:32:30,30.3,58.1,6.8,54.0,0.0,0.0,0.0
2026-04-18 18:32:35,30.3,58.1,12.3,54.0,0.0,0.0,0.0
2026-04-18 18:32:40,30.2,58.2,13.7,54.0,0.0,0.0,0.0
2026-04-18 18:32:45,30.3,58.2,15.6,54.0,0.0,0.0,0.0
2026-04-18 18:32:50,30.4,58.3,12.8,54.0,0.0,0.0,0.0
2026-04-18 18:32:55,30.4,58.2,17.2,54.0,0.0,0.0,0.0
2026-04-18 18:33:00,30.5,58.2,7.7,54.0,0.0,0.0,0.0
2026-04-18 18:33:05,30.3,58.2,8.7,54.0,0.0,0.0,0.0
2026-04-18 18:33:10,30.2,58.3,0.0,54.0,0.0,0.0,0.0
2026-04-18 18:33:15,30.3,58.2,11.1,54.0,0.0,0.0,0.0
2026-04-18 18:33:20,30.3,58.3,0.0,54.0,0.0,0.0,0.0
2026-04-18 18:33:25,30.4,58.4,8.7,53.9,0.0,0.0,0.0
2026-04-18 18:33:30,30.3,58.4,2.3,53.9,0.0,0.0,0.0
2026-04-18 18:33:35,30.3,58.5,12.3,53.9,0.0,0.0,0.0
2026-04-18 18:33:40,30.3,58.4,10.1,53.9,0.0,0.0,0.0
2026-04-18 18:33:45,30.3,58.5,14.1,54.0,0.0,0.0,0.0
2026-04-18 18:33:50,30.2,58.6,16.1,54.0,0.0,0.0,0.0
2026-04-18 18:33:55,30.4,58.4,14.4,54.0,0.0,0.0,0.0
2026-04-18 18:34:00,30.0,58.4,14.3,54.0,0.0,0.0,0.0
2026-04-18 18:34:05,30.2,58.5,1.3,53.9,0.0,0.0,0.0
2026-04-18 18:34:10,30.2,58.5,21.0,53.9,0.0,0.0,0.0
2026-04-18 18:34:15,30.3,58.4,18.4,53.9,0.0,0.0,0.0
2026-04-18 18:34:20,30.5,58.4,7.9,54.0,0.0,0.0,0.0
2026-04-18 18:34:25,30.2,58.5,18.2,54.0,0.0,0.0,0.0
2026-04-18 18:34:30,30.3,58.5,3.1,54.0,0.0,0.0,0.0
2026-04-18 18:34:35,30.3,58.6,5.2,54.0,0.0,0.0,0.0
2026-04-18 18:34:40,30.2,58.5,19.1,54.0,0.0,0.0,0.0
2026-04-18 18:34:45,30.3,58.5,16.5,54.0,0.0,0.0,0.0
2026-04-18 18:34:50,30.3,58.6,26.9,54.0,0.0,0.0,0.0
2026-04-18 18:34:55,30.2,58.7,26.9,53.9,0.0,0.0,0.0
2026-04-18 18:35:00,30.3,58.7,10.2,53.9,0.0,0.0,0.0
2026-04-18 18:35:05,30.2,58.6,19.8,53.9,0.0,0.0,0.0
2026-04-18 18:35:10,30.3,58.5,27.9,54.0,0.0,0.0,0.0
2026-04-18 18:35:15,30.3,58.6,0.3,54.0,0.0,0.0,0.0
2026-04-18 18:35:20,30.3,58.5,24.5,54.0,0.0,0.0,0.0
2026-04-18 18:35:25,30.3,58.6,13.3,54.0,0.0,0.0,0.0
2026-04-18 18:35:30,30.3,58.5,4.0,54.0,0.0,0.0,0.0
2026-04-18 18:35:35,30.3,58.5,10.8,54.0,0.0,0.0,0.0
2026-04-18 18:35:40,30.2,58.7,20.8,54.0,0.0,0.0,0.0
2026-04-18 18:35:45,30.1,58.7,22.2,54.0,0.0,0.0,0.0
2026-04-18 18:35:50,30.1,58.8,6.2,54.0,0.0,0.0,0.0
2026-04-18 18:35:55,30.4,58.7,0.7,54.0,0.0,0.0,0.0
2026-04-18 18:36:00,30.1,58.8,26.8,54.0,0.0,0.0,0.0
2026-04-18 18:36:05,30.2,59.0,8.4,54.0,0.0,0.0,0.0
2026-04-18 18:36:10,30.2,59.0,17.0,54.0,0.0,0.0,0.0
2026-04-18 18:36:15,30.2,59.0,25.1,53.9,0.0,0.0,0.0
2026-04-18 18:36:20,30.3,59.0,8.7,53.9,0.0,0.0,0.0
2026-04-18 18:36:25,30.2,59.0,21.1,53.9,0.0,0.0,0.0
2026-04-18 18:36:30,30.1,59.0,19.3,53.9,0.0,0.0,0.0
2026-04-18 18:36:35,30.2,59.0,24.4,53.9,0.0,0.0,0.0
2026-04-18 18:36:40,30.3,58.8,21.2,53.9,0.0,0.0,0.0
2026-04-18 18:36:45,30.4,58.7,13.9,53.9,0.0,0.0,0.0
2026-04-18 18:36:50,30.1,58.7,0.0,53.9,0.0,0.0,0.0
2026-04-18 18:36:55,30.2,58.7,15.4,53.9,0.0,0.0,0.0
2026-04-18 18:37:00,30.4,58.8,8.0,53.9,0.0,0.0,0.0
2026-04-18 18:37:05,30.3,58.7,0.0,53.9,0.0,0.0,0.0
2026-04-18 18:37:10,30.2,58.7,28.5,53.9,0.0,0.0,0.0
2026-04-18 18:37:15,30.1,58.8,24.3,53.9,0.0,0.0,0.0
2026-04-18 18:37:20,30.3,58.9,13.9,53.9,0.0,0.0,0.0
2026-04-18 18:37:25,30.3,58.8,9.6,53.9,0.0,0.0,0.0
2026-04-18 18:37:30,30.1,58.8,5.5,54.0,0.0,0.0,0.0
2026-04-18 18:37:35,30.3,58.7,47.6,54.0,0.0,0.0,0.0
2026-04-18 18:37:40,30.2,58.6,20.2,54.0,0.0,0.0,0.0
2026-04-18 18:37:45,30.2,58.6,39.7,54.0,0.0,0.0,0.0
2026-04-18 18:37:50,30.4,58.6,16.4,54.0,0.0,0.0,0.0
2026-04-18 18:37:55,30.4,58.5,20.3,54.0,0.0,0.0,0.0
2026-04-18 18:38:00,30.3,58.5,23.6,54.0,0.0,0.0,0.0
2026-04-18 18:38:05,30.3,58.5,18.4,54.0,0.0,0.0,0.0
2026-04-18 18:38:10,30.2,58.4,2.6,54.0,0.0,0.0,0.0
2026-04-18 18:38:15,30.3,58.2,7.9,54.0,0.0,0.0,0.0
2026-04-18 18:38:20,30.3,58.2,4.1,54.0,0.0,0.0,0.0
2026-04-18 18:38:25,30.2,58.3,23.3,53.9,0.0,0.0,0.0
2026-04-18 18:38:30,30.3,58.2,12.5,53.9,0.0,0.0,0.0
2026-04-18 18:38:35,30.3,58.3,7.8,53.9,0.0,0.0,0.0
2026-04-18 18:38:40,30.2,58.2,17.7,53.9,0.0,0.0,0.0
2026-04-18 18:38:45,30.3,58.3,9.5,53.9,0.0,0.0,0.0
2026-04-18 18:38:50,30.2,58.4,11.1,53.9,0.0,0.0,0.0
2026-04-18 18:38:55,30.3,58.3,14.7,53.9,0.0,0.0,0.0
2026-04-18 18:39:00,30.3,58.2,18.5,54.0,0.0,0.0,0.0
2026-04-18 18:39:05,30.2,58.3,17.7,54.0,0.0,0.0,0.0
2026-04-18 18:39:10,30.3,58.3,9.9,54.0,0.0,0.0,0.0
2026-04-18 18:39:15,30.3,58.4,6.0,53.9,0.0,0.0,0.0
2026-04-18 18:39:20,30.1,58.4,9.3,53.9,0.0,0.0,0.0
2026-04-18 18:39:25,30.2,58.6,0.0,53.9,0.0,0.0,0.0
2026-04-18 18:39:30,30.1,58.7,6.7,54.0,0.0,0.0,0.0
2026-04-18 18:39:35,30.4,58.7,16.6,54.0,0.0,0.0,0.0
2026-04-18 18:39:40,30.3,58.7,7.4,53.9,0.0,0.0,0.0
2026-04-18 18:39:45,30.3,58.8,14.1,53.9,0.0,0.0,0.0
2026-04-18 18:39:50,30.2,58.8,0.0,53.9,0.0,0.0,0.0
2026-04-18 18:39:55,30.3,58.8,15.3,53.9,0.0,0.0,0.0
2026-04-18 18:40:00,30.3,58.9,4.7,53.9,0.0,0.0,0.0
2026-04-18 18:40:05,30.2,58.9,28.0,53.9,0.0,0.0,0.0
2026-04-18 18:40:10,30.3,58.9,0.0,53.9,0.0,0.0,0.0
2026-04-18 18:40:15,30.1,58.9,17.6,53.9,0.0,0.0,0.0
2026-04-18 18:40:20,30.2,59.0,9.1,53.9,0.0,0.0,0.0
2026-04-18 18:40:25,30.2,59.0,2.8,53.9,0.0,0.0,0.0
2026-04-18 18:40:30,30.2,58.9,28.9,53.9,0.0,0.0,0.0
2026-04-18 18:40:35,30.2,58.8,28.8,53.9,0.0,0.0,0.0
2026-04-18 18:40:40,30.2,58.9,9.2,53.9,0.0,0.0,0.0
2026-04-18 18:40:45,30.3,58.8,7.0,53.9,0.0,0.0,0.0
2026-04-18 18:40:50,30.3,58.8,10.4,53.9,0.0,0.0,0.0
2026-04-18 18:40:55,30.3,59.0,7.9,53.9,0.0,0.0,0.0
2026-04-18 18:41:00,30.2,58.9,15.9,53.9,0.0,0.0,0.0
2026-04-18 18:41:05,30.2,58.8,7.4,53.9,0.0,0.0,0.0
2026-04-18 18:41:10,30.2,58.9,11.6,53.9,0.0,0.0,0.0
2026-04-18 18:41:15,30.0,58.9,4.9,53.9,0.0,0.0,0.0
2026-04-18 18:41:20,30.2,58.8,14.4,53.9,0.0,0.0,0.0
2026-04-18 18:41:25,30.2,58.7,27.7,53.9,0.0,0.0,0.0
2026-04-18 18:41:30,30.3,58.7,26.9,53.9,0.0,0.0,0.0
2026-04-18 18:41:35,30.3,58.9,7.8,53.9,0.0,0.0,0.0
2026-04-18 18:41:40,30.3,58.8,10.2,53.9,0.0,0.0,0.0
2026-04-18 18:41:45,30.1,58.7,37.8,53.9,0.0,0.0,0.0
2026-04-18 18:41:50,30.2,58.7,23.2,53.9,0.0,0.0,0.0
2026-04-18 18:41:55,30.2,58.7,14.2,53.9,0.0,0.0,0.0
2026-04-18 18:42:00,30.2,58.6,4.6,53.9,0.0,0.0,0.0
2026-04-18 18:42:05,30.2,58.4,1.4,53.9,0.0,0.0,0.0
2026-04-18 18:42:10,30.2,58.4,16.5,53.9,0.0,0.0,0.0
2026-04-18 18:42:15,30.3,58.3,14.6,53.9,0.0,0.0,0.0
2026-04-18 18:42:20,30.1,58.3,15.4,53.9,0.0,0.0,0.0
2026-04-18 18:42:25,30.1,58.2,0.0,53.9,0.0,0.0,0.0
2026-04-18 18:42:30,30.2,58.3,34.8,53.9,0.0,0.0,0.0
2026-04-18 18:42:35,30.1,58.4,1.6,53.9,0.0,0.0,0.0
2026-04-18 18:42:40,30.2,58.5,14.9,53.9,0.0,0.0,0.0
2026-04-18 18:42:45,30.2,58.5,5.7,53.9,0.0,0.0,0.0
2026-04-18 18:42:50,30.2,58.6,17.0,53.9,0.0,0.0,0.0
2026-04-18 18:42:55,30.3,58.5,1.5,53.9,0.0,0.0,0.0
2026-04-18 18:43:00,30.3,58.5,0.0,53.9,0.0,0.0,0.0
2026-04-18 18:43:05,30.3,58.5,13.7,53.9,0.0,0.0,0.0
2026-04-18 18:43:10,30.2,58.5,16.3,53.9,0.0,0.0,0.0
2026-04-18 18:43:15,30.1,58.6,5.9,53.9,0.0,0.0,0.0
2026-04-18 18:43:20,30.1,58.7,26.0,53.9,0.0,0.0,0.0
2026-04-18 18:43:25,30.2,58.7,12.4,53.9,0.0,0.0,0.0
2026-04-18 18:43:30,30.2,58.7,9.5,53.9,0.0,0.0,0.0
2026-04-18 18:43:35,30.2,58.7,26.1,53.9,0.0,0.0,0.0
2026-04-18 18:43:40,30.2,58.6,12.6,53.9,0.0,0.0,0.0
2026-04-18 18:43:45,30.2,58.8,24.7,53.9,0.0,0.0,0.0
2026-04-18 18:43:50,30.3,58.8,11.8,53.9,0.0,0.0,0.0
2026-04-18 18:43:55,30.2,58.8,10.5,53.9,0.0,0.0,0.0
2026-04-18 18:44:00,30.0,58.9,17.5,53.9,0.0,0.0,0.0
2026-04-18 18:44:05,30.2,58.8,3.4,53.9,0.0,0.0,0.0
2026-04-18 18:44:10,30.3,58.8,24.9,53.9,0.0,0.0,0.0
2026-04-18 18:44:15,30.2,58.8,21.3,54.0,0.0,0.0,0.0
2026-04-18 18:44:20,30.2,58.9,5.6,54.0,0.0,0.0,0.0
2026-04-18 18:44:25,30.3,58.7,4.2,54.0,0.0,0.0,0.0
2026-04-18 18:44:30,30.3,58.8,4.6,54.0,0.0,0.0,0.0
2026-04-18 18:44:35,30.2,58.8,17.2,54.0,0.0,0.0,0.0
2026-04-18 18:44:40,30.2,58.8,0.0,54.0,0.0,0.0,0.0
2026-04-18 18:44:45,30.3,59.0,25.7,53.9,0.0,0.0,0.0
2026-04-18 18:44:50,30.3,59.1,9.6,53.9,0.0,0.0,0.0
2026-04-18 18:44:55,30.3,59.0,10.0,53.9,0.0,0.0,0.0
2026-04-18 18:45:00,30.3,59.0,12.2,54.0,0.0,0.0,0.0
2026-04-18 18:45:05,30.2,59.1,13.5,54.0,0.0,0.0,0.0
2026-04-18 18:45:10,30.3,59.2,21.4,54.0,0.0,0.0,0.0
2026-04-18 18:45:15,30.2,59.1,21.1,54.0,0.0,0.0,0.0
2026-04-18 18:45:20,30.4,59.0,28.3,54.0,0.0,0.0,0.0
2026-04-18 18:45:25,30.3,58.9,8.5,54.0,0.0,0.0,0.0
2026-04-18 18:45:30,30.2,58.9,17.4,54.0,0.0,0.0,0.0
2026-04-18 18:45:35,30.0,58.8,22.2,54.0,0.0,0.0,0.0
2026-04-18 18:45:40,30.2,58.9,10.6,54.0,0.0,0.0,0.0
2026-04-18 18:45:45,30.2,59.0,0.0,54.0,0.0,0.0,0.0
2026-04-18 18:45:50,30.2,59.0,19.3,54.0,0.0,0.0,0.0
2026-04-18 18:45:55,30.1,58.9,21.7,54.0,0.0,0.0,0.0
2026-04-18 18:46:00,30.2,58.8,31.4,54.0,0.0,0.0,0.0
2026-04-18 18:46:05,30.2,58.8,4.4,54.0,0.0,0.0,0.0
2026-04-18 18:46:10,30.3,58.9,25.6,54.0,0.0,0.0,0.0
2026-04-18 18:46:15,30.3,58.9,3.3,54.0,0.0,0.0,0.0
2026-04-18 18:46:20,30.1,58.9,9.1,54.0,0.0,0.0,0.0
2026-04-18 18:46:25,30.2,58.9,19.0,54.0,0.0,0.0,0.0
2026-04-18 18:46:30,30.4,59.1,4.4,54.0,0.0,0.0,0.0
2026-04-18 18:46:35,30.1,59.0,15.8,53.9,0.0,0.0,0.0
2026-04-18 18:46:40,30.3,59.0,6.4,53.9,0.0,0.0,0.0
2026-04-18 18:46:45,30.1,59.1,1.3,53.9,0.0,0.0,0.0
2026-04-18 18:46:50,30.2,59.2,25.8,53.9,0.0,0.0,0.0
2026-04-18 18:46:55,30.4,59.1,22.1,53.9,0.0,0.0,0.0
2026-04-18 18:47:00,30.3,59.0,23.2,54.0,0.0,0.0,0.0
2026-04-18 18:47:05,30.1,59.2,10.7,54.0,0.0,0.0,0.0
2026-04-18 18:47:10,30.1,59.2,36.7,54.0,0.0,0.0,0.0
2026-04-18 18:47:15,30.2,59.3,17.9,54.0,0.0,0.0,0.0
2026-04-18 18:47:20,30.3,59.1,19.6,54.0,0.0,0.0,0.0
2026-04-18 18:47:25,30.3,59.2,15.3,54.0,0.0,0.0,0.0
2026-04-18 18:47:30,30.2,59.2,9.8,54.0,0.0,0.0,0.0
2026-04-18 18:47:35,30.3,59.2,10.0,54.0,0.0,0.0,0.0
2026-04-18 18:47:40,30.2,59.2,12.0,54.0,0.0,0.0,0.0
2026-04-18 18:47:45,30.2,59.3,0.0,54.0,0.0,0.0,0.0
2026-04-18 18:47:50,30.3,59.2,13.9,54.0,0.0,0.0,0.0
2026-04-18 18:47:55,30.2,59.3,27.4,54.0,0.0,0.0,0.0
2026-04-18 18:48:00,30.2,59.4,12.0,54.0,0.0,0.0,0.0
2026-04-18 18:48:05,30.2,59.4,18.3,54.0,0.0,0.0,0.0
2026-04-18 18:48:10,30.1,59.3,34.2,54.0,0.0,0.0,0.0
2026-04-18 18:48:15,30.3,59.3,24.0,54.0,0.0,0.0,0.0
2026-04-18 18:48:20,30.1,59.3,20.5,54.0,0.0,0.0,0.0
2026-04-18 18:48:25,30.3,59.4,0.0,54.0,0.0,0.0,0.0
2026-04-18 18:48:30,30.2,59.4,0.0,54.0,0.0,0.0,0.0
2026-04-18 18:48:35,30.1,59.4,26.8,54.0,0.0,0.0,0.0
2026-04-18 18:48:40,30.2,59.3,0.0,54.0,0.0,0.0,0.0
2026-04-18 18:48:45,30.4,59.4,20.7,54.0,0.0,0.0,0.0
2026-04-18 18:48:50,30.1,59.2,4.2,54.0,0.0,0.0,0.0
2026-04-18 18:48:55,30.3,59.1,24.4,54.0,0.0,0.0,0.0
2026-04-18 18:49:00,30.2,59.1,13.4,54.0,0.0,0.0,0.0
2026-04-18 18:49:05,30.1,59.1,26.2,54.0,0.0,0.0,0.0
2026-04-18 18:49:10,30.3,59.1,15.5,54.0,0.0,0.0,0.0
2026-04-18 18:49:15,30.2,59.3,25.9,54.0,0.0,0.0,0.0
2026-04-18 18:49:20,30.3,59.3,25.4,54.0,0.0,0.0,0.0
2026-04-18 18:49:25,30.1,59.4,24.2,54.0,0.0,0.0,0.0
2026-04-18 18:49:30,30.1,59.4,14.4,54.0,0.0,0.0,0.0
2026-04-18 18:49:35,30.1,59.4,8.8,54.0,0.0,0.0,0.0
2026-04-18 18:49:40,30.2,59.2,18.1,54.0,0.0,0.0,0.0
2026-04-18 18:49:45,30.2,59.1,26.2,54.0,0.0,0.0,0.0
2026-04-18 18:49:50,30.2,59.1,12.1,54.0,0.0,0.0,0.0
2026-04-18 18:49:55,30.3,59.0,27.9,54.0,0.0,0.0,0.0
2026-04-18 18:50:00,30.3,58.8,20.2,54.0,0.0,0.0,0.0
2026-04-18 18:50:05,30.2,59.0,22.0,54.0,0.0,0.0,0.0
2026-04-18 18:50:10,30.3,59.0,5.6,54.0,0.0,0.0,0.0
2026-04-18 18:50:15,30.3,58.9,22.3,54.0,0.0,0.0,0.0
2026-04-18 18:50:20,30.2,59.0,13.0,54.0,0.0,0.0,0.0
2026-04-18 18:50:25,30.3,58.9,3.5,54.0,0.0,0.0,0.0
2026-04-18 18:50:30,30.2,58.9,13.6,53.9,0.0,0.0,0.0
2026-04-18 18:50:35,30.2,58.9,18.7,53.9,0.0,0.0,0.0
2026-04-18 18:50:40,30.2,58.9,16.4,53.9,0.0,0.0,0.0
2026-04-18 18:50:45,30.1,58.9,0.0,53.9,0.0,0.0,0.0
2026-04-18 18:50:50,30.2,58.9,9.6,54.0,0.0,0.0,0.0
2026-04-18 18:50:55,30.3,58.9,33.2,54.0,0.0,0.0,0.0
2026-04-18 18:51:00,30.1,58.8,33.2,54.0,0.0,0.0,0.0
2026-04-18 18:51:05,30.1,58.9,15.8,54.0,0.0,0.0,0.0
2026-04-18 18:51:10,30.4,59.0,18.8,54.0,0.0,0.0,0.0
2026-04-18 18:51:15,30.3,59.0,10.1,54.0,0.0,0.0,0.0
2026-04-18 18:51:20,30.3,59.0,35.0,54.0,0.0,0.0,0.0
2026-04-18 18:51:25,30.4,58.9,11.7,54.0,0.0,0.0,0.0
2026-04-18 18:51:30,30.2,58.9,13.1,54.0,0.0,0.0,0.0
2026-04-18 18:51:35,30.4,59.0,7.5,54.0,0.0,0.0,0.0
2026-04-18 18:51:40,30.2,59.0,17.0,54.0,0.0,0.0,0.0
2026-04-18 18:51:45,30.4,58.9,4.2,54.0,0.0,0.0,0.0
2026-04-18 18:51:50,30.1,58.8,0.0,54.0,0.0,0.0,0.0
2026-04-18 18:51:55,30.3,58.7,23.5,54.0,0.0,0.0,0.0
2026-04-18 18:52:00,30.3,58.6,20.0,54.0,0.0,0.0,0.0
2026-04-18 18:52:05,30.4,58.6,36.6,54.0,0.0,0.0,0.0
2026-04-18 18:52:10,30.3,58.6,17.2,54.0,0.0,0.0,0.0
2026-04-18 18:52:15,30.3,58.7,3.6,54.0,0.0,0.0,0.0
2026-04-18 18:52:20,30.4,58.9,17.3,54.0,0.0,0.0,0.0
2026-04-18 18:52:25,30.4,59.0,10.4,54.0,0.0,0.0,0.0
2026-04-18 18:52:30,30.3,58.9,25.6,54.0,0.0,0.0,0.0
2026-04-18 18:52:35,30.5,58.9,26.1,54.0,0.0,0.0,0.0
2026-04-18 18:52:40,30.3,59.0,14.2,53.9,0.0,0.0,0.0
2026-04-18 18:52:45,30.3,58.9,9.3,53.9,0.0,0.0,0.0
2026-04-18 18:52:50,30.4,58.8,19.2,53.9,0.0,0.0,0.0
2026-04-18 18:52:55,30.4,58.8,0.0,54.0,0.0,0.0,0.0
2026-04-18 18:53:00,30.3,58.9,9.8,54.0,0.0,0.0,0.0
2026-04-18 18:53:05,30.4,58.8,0.4,54.0,0.0,0.0,0.0
2026-04-18 18:53:10,30.4,58.8,7.1,54.0,0.0,0.0,0.0
2026-04-18 18:53:15,30.3,58.9,17.1,54.0,0.0,0.0,0.0
2026-04-18 18:53:20,30.4,58.9,13.1,53.9,0.0,0.0,0.0
2026-04-18 18:53:25,30.3,58.9,24.9,53.9,0.0,0.0,0.0
2026-04-18 18:53:30,30.4,58.9,39.7,53.9,0.0,0.0,0.0
2026-04-18 18:53:35,30.3,58.9,15.5,53.9,0.0,0.0,0.0
2026-04-18 18:53:40,30.4,59.0,13.9,53.9,0.0,0.0,0.0
2026-04-18 18:53:45,30.4,59.0,20.8,54.0,0.0,0.0,0.0
2026-04-18 18:53:50,30.3,59.0,0.3,54.0,0.0,0.0,0.0
2026-04-18 18:53:55,30.5,58.9,29.7,54.0,0.0,0.0,0.0
2026-04-18 18:54:00,30.4,58.8,20.0,54.0,0.0,0.0,0.0
2026-04-18 18:54:05,30.4,58.7,13.0,54.0,0.0,0.0,0.0
2026-04-18 18:54:10,30.3,58.7,5.2,54.0,0.0,0.0,0.0
2026-04-18 18:54:15,30.4,58.7,17.4,53.9,0.0,0.0,0.0
2026-04-18 18:54:20,30.3,58.7,15.9,53.9,0.0,0.0,0.0
2026-04-18 18:54:25,30.3,58.7,10.7,53.9,0.0,0.0,0.0
2026-04-18 18:54:30,30.4,58.7,10.0,54.0,0.0,0.0,0.0
2026-04-18 18:54:35,30.2,58.8,20.2,54.0,0.0,0.0,0.0
2026-04-18 18:54:40,30.3,58.9,20.4,54.0,0.0,0.0,0.0
2026-04-18 18:54:45,30.4,58.8,19.0,54.0,0.0,0.0,0.0
2026-04-18 18:54:50,30.3,58.8,15.1,54.0,0.0,0.0,0.0
2026-04-18 18:54:55,30.3,58.8,1.4,54.0,0.0,0.0,0.0
2026-04-18 18:55:00,30.2,58.7,4.9,54.0,0.0,0.0,0.0
2026-04-18 18:55:05,30.5,58.5,7.3,53.9,0.0,0.0,0.0
2026-04-18 18:55:10,30.3,58.5,23.2,53.9,0.0,0.0,0.0
2026-04-18 18:55:15,30.4,58.7,6.2,53.9,0.0,0.0,0.0
2026-04-18 18:55:20,30.3,58.7,0.0,53.9,0.0,0.0,0.0
2026-04-18 18:55:25,30.4,58.7,20.4,53.9,0.0,0.0,0.0
2026-04-18 18:55:30,30.3,58.7,2.9,54.0,0.0,0.0,0.0
2026-04-18 18:55:35,30.4,58.7,18.2,54.0,0.0,0.0,0.0
2026-04-18 18:55:40,30.4,58.5,18.7,54.0,0.0,0.0,0.0
2026-04-18 18:55:45,30.4,58.5,0.0,54.0,0.0,0.0,0.0
2026-04-18 18:55:50,30.4,58.4,16.8,54.0,0.0,0.0,0.0
2026-04-18 18:55:55,30.2,58.5,5.1,54.0,0.0,0.0,0.0
2026-04-18 18:56:00,30.4,58.4,7.9,54.0,0.0,0.0,0.0
2026-04-18 18:56:05,30.4,58.4,0.0,54.0,0.0,0.0,0.0
2026-04-18 18:56:10,30.5,58.5,11.2,53.9,0.0,0.0,0.0
2026-04-18 18:56:15,30.4,58.5,18.5,53.9,0.0,0.0,0.0
2026-04-18 18:56:20,30.4,58.5,5.1,53.9,0.0,0.0,0.0
2026-04-18 18:56:25,30.2,58.7,12.9,53.9,0.0,0.0,0.0
2026-04-18 18:56:30,30.3,58.7,23.3,53.9,0.0,0.0,0.0
2026-04-18 18:56:35,30.3,58.8,15.9,54.0,0.0,0.0,0.0
2026-04-18 18:56:40,30.4,58.8,5.6,54.0,0.0,0.0,0.0
2026-04-18 18:56:45,30.4,58.8,14.8,54.0,0.0,0.0,0.0
2026-04-18 18:56:50,30.3,58.9,26.3,54.0,0.0,0.0,0.0
2026-04-18 18:56:55,30.3,58.9,9.3,54.0,0.0,0.0,0.0
2026-04-18 18:57:00,30.3,58.8,35.8,54.0,0.0,0.0,0.0
2026-04-18 18:57:05,30.2,58.9,12.4,54.0,0.0,0.0,0.0
2026-04-18 18:57:10,30.3,58.7,7.7,53.9,0.0,0.0,0.0
2026-04-18 18:57:15,30.4,58.8,21.0,53.9,0.0,0.0,0.0
2026-04-18 18:57:20,30.3,58.7,4.0,53.9,0.0,0.0,0.0
2026-04-18 18:57:25,30.2,58.7,6.8,54.0,0.0,0.0,0.0
2026-04-18 18:57:30,30.3,58.7,17.4,54.0,0.0,0.0,0.0
2026-04-18 18:57:35,30.3,58.7,0.0,54.0,0.0,0.0,0.0
2026-04-18 18:57:40,30.4,58.6,33.7,54.0,0.0,0.0,0.0
2026-04-18 18:57:45,30.3,58.5,17.3,54.0,0.0,0.0,0.0
2026-04-18 18:57:50,30.2,58.4,15.2,54.0,0.0,0.0,0.0
2026-04-18 18:57:55,30.4,58.4,36.5,54.0,0.0,0.0,0.0
2026-04-18 18:58:00,30.4,58.4,23.5,54.0,0.0,0.0,0.0
2026-04-18 18:58:05,30.4,58.3,33.0,54.0,0.0,0.0,0.0
2026-04-18 18:58:10,30.4,58.2,15.3,54.0,0.0,0.0,0.0
2026-04-18 18:58:15,30.2,58.2,20.5,54.0,0.0,0.0,0.0
2026-04-18 18:58:20,30.4,58.3,19.0,54.0,0.0,0.0,0.0
2026-04-18 18:58:25,30.3,58.3,4.5,54.0,0.0,0.0,0.0
2026-04-18 18:58:30,30.5,58.2,22.7,54.0,0.0,0.0,0.0
2026-04-18 18:58:35,30.3,58.3,16.1,54.0,0.0,0.0,0.0
2026-04-18 18:58:40,30.3,58.4,24.8,54.0,0.0,0.0,0.0
2026-04-18 18:58:45,30.3,58.5,0.0,54.0,0.0,0.0,0.0
2026-04-18 18:58:50,30.6,58.6,0.0,54.0,0.0,0.0,0.0
2026-04-18 18:58:55,30.3,58.6,13.6,54.0,0.0,0.0,0.0
2026-04-18 18:59:00,30.5,58.7,4.7,54.0,0.0,0.0,0.0
2026-04-18 18:59:05,30.2,58.6,4.9,54.0,0.0,0.0,0.0
2026-04-18 18:59:10,30.5,58.5,19.5,53.9,0.0,0.0,0.0
2026-04-18 18:59:15,30.4,58.6,10.9,53.9,0.0,0.0,0.0
2026-04-18 18:59:20,30.5,58.7,10.7,53.9,0.0,0.0,0.0
2026-04-18 18:59:25,30.3,58.6,25.0,54.0,0.0,0.0,0.0
2026-04-18 18:59:30,30.3,58.5,31.8,54.0,0.0,0.0,0.0
2026-04-18 18:59:35,30.1,58.5,26.1,54.0,0.0,0.0,0.0
2026-04-18 18:59:40,30.4,58.5,4.6,54.0,0.0,0.0,0.0
2026-04-18 18:59:45,30.2,58.4,11.4,54.0,0.0,0.0,0.0
2026-04-18 18:59:50,30.2,58.5,28.1,54.0,0.0,0.0,0.0
2026-04-18 18:59:55,30.2,58.5,17.8,54.0,0.0,0.0,0.0
2026-04-18 19:00:00,30.3,58.5,0.3,54.0,0.0,0.0,0.0
2026-04-18 19:00:05,30.2,58.5,7.2,54.0,0.0,0.0,0.0
2026-04-18 19:00:10,30.4,58.4,2.5,54.0,0.0,0.0,0.0
2026-04-18 19:00:15,30.4,58.4,13.9,54.0,0.0,0.0,0.0
2026-04-18 19:00:20,30.2,58.3,18.1,54.0,0.0,0.0,0.0
2026-04-18 19:00:25,30.4,58.3,30.1,54.0,0.0,0.0,0.0
2026-04-18 19:00:30,30.3,58.3,5.1,54.0,0.0,0.0,0.0
2026-04-18 19:00:35,30.4,58.4,11.9,53.9,0.0,0.0,0.0
2026-04-18 19:00:40,30.2,58.3,0.0,53.9,0.0,0.0,0.0
2026-04-18 19:00:45,30.3,58.3,19.2,54.0,0.0,0.0,0.0
2026-04-18 19:00:50,30.3,58.4,16.0,54.0,0.0,0.0,0.0
2026-04-18 19:00:55,30.4,58.2,11.5,53.9,0.0,0.0,0.0
2026-04-18 19:01:00,30.2,58.2,23.7,53.9,0.0,0.0,0.0
2026-04-18 19:01:05,30.5,58.2,20.8,54.0,0.0,0.0,0.0
2026-04-18 19:01:10,30.3,58.2,32.2,54.0,0.0,0.0,0.0
2026-04-18 19:01:15,30.4,58.3,5.6,54.0,0.0,0.0,0.0
2026-04-18 19:01:20,30.5,58.3,18.0,54.0,0.0,0.0,0.0
2026-04-18 19:01:25,30.2,58.4,11.6,54.0,0.0,0.0,0.0
2026-04-18 19:01:30,30.3,58.2,0.7,54.0,0.0,0.0,0.0
2026-04-18 19:01:35,30.5,58.2,7.5,53.9,0.0,0.0,0.0
2026-04-18 19:01:40,30.3,58.0,20.2,53.9,0.0,0.0,0.0
2026-04-18 19:01:45,30.5,58.0,16.9,53.9,0.0,0.0,0.0
2026-04-18 19:01:50,30.2,58.0,12.1,54.0,0.0,0.0,0.0
2026-04-18 19:01:55,30.3,58.0,6.9,54.0,0.0,0.0,0.0
2026-04-18 19:02:00,30.2,58.1,6.3,54.0,0.0,0.0,0.0
2026-04-18 19:02:05,30.3,58.3,23.4,54.0,0.0,0.0,0.0
2026-04-18 19:02:10,30.2,58.1,8.9,54.0,0.0,0.0,0.0
2026-04-18 19:02:15,30.4,58.3,23.3,54.0,0.0,0.0,0.0
2026-04-18 19:02:20,30.2,58.3,40.8,54.0,0.0,0.0,0.0
2026-04-18 19:02:25,30.3,58.3,19.9,54.0,0.0,0.0,0.0
2026-04-18 19:02:30,30.2,58.3,14.5,54.0,0.0,0.0,0.0
2026-04-18 19:02:35,30.5,58.3,11.8,54.0,0.0,0.0,0.0
2026-04-18 19:02:40,30.3,58.4,15.2,54.0,0.0,0.0,0.0
2026-04-18 19:02:45,30.3,58.5,20.7,53.9,0.0,0.0,0.0
2026-04-18 19:02:50,30.3,58.5,0.6,53.9,0.0,0.0,0.0
2026-04-18 19:02:55,30.3,58.5,11.5,53.9,0.0,0.0,0.0
2026-04-18 19:03:00,30.3,58.4,13.6,53.9,0.0,0.0,0.0
2026-04-18 19:03:05,30.4,58.4,22.6,53.9,0.0,0.0,0.0
2026-04-18 19:03:10,30.2,58.5,11.7,53.9,0.0,0.0,0.0
2026-04-18 19:03:15,30.2,58.5,31.2,53.9,0.0,0.0,0.0
2026-04-18 19:03:20,30.3,58.6,23.6,53.9,0.0,0.0,0.0
2026-04-18 19:03:25,30.4,58.6,4.0,53.9,0.0,0.0,0.0
2026-04-18 19:03:30,30.1,58.5,0.0,54.0,0.0,0.0,0.0
2026-04-18 19:03:35,30.4,58.5,15.0,54.0,0.0,0.0,0.0
2026-04-18 19:03:40,30.4,58.5,8.4,54.0,0.0,0.0,0.0
2026-04-18 19:03:45,30.3,58.5,12.3,53.9,0.0,0.0,0.0
2026-04-18 19:03:50,30.4,58.3,16.0,53.9,0.0,0.0,0.0
2026-04-18 19:03:55,30.2,58.3,3.3,53.9,0.0,0.0,0.0
2026-04-18 19:04:00,30.3,58.3,18.8,53.9,0.0,0.0,0.0
2026-04-18 19:04:05,30.5,58.5,12.3,53.9,0.0,0.0,0.0
2026-04-18 19:04:10,30.4,58.6,18.0,53.9,0.0,0.0,0.0
2026-04-18 19:04:15,30.4,58.8,9.4,53.9,0.0,0.0,0.0
2026-04-18 19:04:20,30.4,58.9,31.0,53.9,0.0,0.0,0.0
2026-04-18 19:04:25,30.3,58.6,55.2,53.9,0.0,0.0,0.0
2026-04-18 19:04:30,30.4,58.8,20.6,53.9,0.0,0.0,0.0
2026-04-18 19:04:35,30.1,58.8,0.0,54.0,0.0,0.0,0.0
2026-04-18 19:04:40,30.3,58.9,15.8,54.0,0.0,0.0,0.0
2026-04-18 19:04:45,30.4,58.9,31.4,53.9,0.0,0.0,0.0
2026-04-18 19:04:50,30.4,59.0,8.6,53.9,0.0,0.0,0.0
2026-04-18 19:04:55,30.3,59.1,22.1,53.9,0.0,0.0,0.0
2026-04-18 19:05:00,30.2,59.0,28.1,53.9,0.0,0.0,0.0
2026-04-18 19:05:05,30.4,59.0,25.1,53.9,0.0,0.0,0.0
2026-04-18 19:05:10,30.2,58.9,10.0,53.9,0.0,0.0,0.0
2026-04-18 19:05:15,30.5,58.8,25.2,53.9,0.0,0.0,0.0
2026-04-18 19:05:20,30.3,58.9,3.7,53.9,0.0,0.0,0.0
2026-04-18 19:05:25,30.3,58.8,12.9,53.9,0.0,0.0,0.0
2026-04-18 19:05:30,30.3,58.8,10.1,53.9,0.0,0.0,0.0
2026-04-18 19:05:35,30.3,58.7,22.9,53.9,0.0,0.0,0.0
2026-04-18 19:05:40,30.2,58.7,0.0,53.9,0.0,0.0,0.0
2026-04-18 19:05:45,30.3,58.8,1.7,54.0,0.0,0.0,0.0
2026-04-18 19:05:50,30.3,58.8,12.9,54.0,0.0,0.0,0.0
2026-04-18 19:05:55,30.2,58.8,5.1,54.0,0.0,0.0,0.0
2026-04-18 19:06:00,30.4,58.8,13.1,54.0,0.0,0.0,0.0
2026-04-18 19:06:05,30.2,58.6,24.7,54.0,0.0,0.0,0.0
2026-04-18 19:06:10,30.1,58.7,15.6,54.0,0.0,0.0,0.0
2026-04-18 19:06:15,30.4,58.7,4.4,53.9,0.0,0.0,0.0
2026-04-18 19:06:20,30.2,58.7,8.0,53.9,0.0,0.0,0.0
2026-04-18 19:06:25,30.3,58.9,14.6,53.9,0.0,0.0,0.0
2026-04-18 19:06:30,30.2,59.0,15.1,54.0,0.0,0.0,0.0
2026-04-18 19:06:35,30.2,59.0,18.1,54.0,0.0,0.0,0.0
2026-04-18 19:06:40,30.3,59.0,30.1,54.0,0.0,0.0,0.0
2026-04-18 19:06:45,30.1,58.8,10.6,54.0,0.0,0.0,0.0
2026-04-18 19:06:50,30.3,58.8,22.3,53.9,0.0,0.0,0.0
2026-04-18 19:06:55,30.3,58.8,0.2,53.9,0.0,0.0,0.0
2026-04-18 19:07:00,30.2,58.7,13.1,53.9,0.0,0.0,0.0
2026-04-18 19:07:05,30.2,58.6,29.4,53.9,0.0,0.0,0.0
2026-04-18 19:07:10,30.3,58.6,15.4,53.9,0.0,0.0,0.0
2026-04-18 19:07:15,30.3,58.7,0.0,53.9,0.0,0.0,0.0
2026-04-18 19:07:20,30.4,59.0,22.5,53.9,0.0,0.0,0.0
2026-04-18 19:07:25,30.3,58.9,13.3,53.9,0.0,0.0,0.0
2026-04-18 19:07:30,30.3,58.9,29.2,53.9,0.0,0.0,0.0
2026-04-18 19:07:35,30.2,58.8,4.8,53.9,0.0,0.0,0.0
2026-04-18 19:07:40,30.5,58.9,23.8,53.9,0.0,0.0,0.0
2026-04-18 19:07:45,30.2,58.8,12.8,53.9,0.0,0.0,0.0
2026-04-18 19:07:50,30.4,58.8,11.4,53.9,0.0,0.0,0.0
2026-04-18 19:07:55,30.4,58.8,6.5,53.9,0.0,0.0,0.0
2026-04-18 19:08:00,30.4,58.8,26.7,53.9,0.0,0.0,0.0
2026-04-18 19:08:05,30.3,58.8,12.6,53.9,0.0,0.0,0.0
2026-04-18 19:08:10,30.4,58.9,13.8,54.0,0.0,0.0,0.0
2026-04-18 19:08:15,30.3,58.8,33.5,54.0,0.0,0.0,0.0
2026-04-18 19:08:20,30.3,58.9,0.0,54.0,0.0,0.0,0.0
2026-04-18 19:08:25,30.2,58.9,12.0,54.0,0.0,0.0,0.0
2026-04-18 19:08:30,30.3,58.7,13.8,54.0,0.0,0.0,0.0
2026-04-18 19:08:35,30.2,58.8,10.4,53.9,0.0,0.0,0.0
2026-04-18 19:08:40,30.2,58.7,0.0,53.9,0.0,0.0,0.0
2026-04-18 19:08:45,30.3,58.7,7.9,53.9,0.0,0.0,0.0
2026-04-18 19:08:50,30.3,58.7,14.3,53.9,0.0,0.0,0.0
2026-04-18 19:08:55,30.2,58.6,17.7,53.9,0.0,0.0,0.0
2026-04-18 19:09:00,30.3,58.6,24.7,54.0,0.0,0.0,0.0
2026-04-18 19:09:05,30.3,58.5,16.5,54.0,0.0,0.0,0.0
2026-04-18 19:09:10,30.3,58.5,13.7,54.0,0.0,0.0,0.0
2026-04-18 19:09:15,30.2,58.5,0.0,54.0,0.0,0.0,0.0
2026-04-18 19:09:20,30.2,58.5,20.0,54.0,0.0,0.0,0.0
2026-04-18 19:09:25,30.4,58.5,18.8,53.9,0.0,0.0,0.0
2026-04-18 19:09:30,30.3,58.5,14.0,53.9,0.0,0.0,0.0
2026-04-18 19:09:35,30.5,58.5,17.5,53.9,0.0,0.0,0.0
2026-04-18 19:09:40,30.4,58.6,28.9,53.9,0.0,0.0,0.0
2026-04-18 19:09:45,30.3,58.7,16.9,53.9,0.0,0.0,0.0
2026-04-18 19:09:50,30.2,58.6,15.3,53.9,0.0,0.0,0.0
2026-04-18 19:09:55,30.4,58.7,30.8,53.9,0.0,0.0,0.0
2026-04-18 19:10:00,30.3,58.7,15.5,54.0,0.0,0.0,0.0
2026-04-18 19:10:05,30.5,58.7,30.2,54.0,0.0,0.0,0.0
2026-04-18 19:10:10,30.3,58.8,13.2,53.9,0.0,0.0,0.0
2026-04-18 19:10:15,30.4,58.6,22.8,53.9,0.0,0.0,0.0
2026-04-18 19:10:20,30.4,58.7,28.2,54.0,0.0,0.0,0.0
2026-04-18 19:10:25,30.4,58.6,15.8,54.0,0.0,0.0,0.0
2026-04-18 19:10:30,30.4,58.7,12.5,54.0,0.0,0.0,0.0
2026-04-18 19:10:35,30.2,58.6,30.3,53.9,0.0,0.0,0.0
2026-04-18 19:10:40,30.2,58.5,10.3,53.9,0.0,0.0,0.0
2026-04-18 19:10:45,30.4,58.5,7.7,53.9,0.0,0.0,0.0
2026-04-18 19:10:50,30.4,58.5,22.2,53.9,0.0,0.0,0.0
2026-04-18 19:10:55,30.4,58.6,8.2,53.9,0.0,0.0,0.0
2026-04-18 19:11:00,30.4,58.7,18.5,53.9,0.0,0.0,0.0
2026-04-18 19:11:05,30.3,58.6,33.4,53.9,0.0,0.0,0.0
2026-04-18 19:11:10,30.3,58.7,25.3,53.9,0.0,0.0,0.0
2026-04-18 19:11:15,30.2,58.7,22.7,54.0,0.0,0.0,0.0
2026-04-18 19:11:20,30.5,58.7,16.0,54.0,0.0,0.0,0.0
2026-04-18 19:11:25,30.5,58.8,11.0,53.9,0.0,0.0,0.0
2026-04-18 19:11:30,30.3,58.8,26.8,53.9,0.0,0.0,0.0
2026-04-18 19:11:35,30.4,58.6,20.4,53.9,0.0,0.0,0.0
2026-04-18 19:11:40,30.3,58.7,3.6,53.9,0.0,0.0,0.0
2026-04-18 19:11:45,30.4,58.7,3.5,53.9,0.0,0.0,0.0
2026-04-18 19:11:50,30.4,58.7,34.2,54.0,0.0,0.0,0.0
2026-04-18 19:11:55,30.3,58.7,20.8,54.0,0.0,0.0,0.0
2026-04-18 19:12:00,30.3,58.6,11.7,54.0,0.0,0.0,0.0
2026-04-18 19:12:05,30.4,58.6,20.9,54.0,0.0,0.0,0.0
2026-04-18 19:12:10,30.5,58.6,26.2,53.9,0.0,0.0,0.0
2026-04-18 19:12:15,30.4,58.6,7.5,53.9,0.0,0.0,0.0
2026-04-18 19:12:20,30.3,58.7,22.8,53.9,0.0,0.0,0.0
2026-04-18 19:12:25,30.3,58.7,14.4,53.9,0.0,0.0,0.0
2026-04-18 19:12:30,30.5,58.7,11.8,53.9,0.0,0.0,0.0
2026-04-18 19:12:35,30.3,58.8,17.2,53.9,0.0,0.0,0.0
2026-04-18 19:12:40,30.5,58.9,10.4,53.9,0.0,0.0,0.0
2026-04-18 19:12:45,30.4,59.0,18.7,53.9,0.0,0.0,0.0
2026-04-18 19:12:50,30.4,59.0,0.0,53.9,0.0,0.0,0.0
2026-04-18 19:12:55,30.4,58.9,9.6,53.9,0.0,0.0,0.0
2026-04-18 19:13:00,30.4,58.9,0.7,53.9,0.0,0.0,0.0
2026-04-18 19:13:05,30.3,58.8,37.5,53.9,0.0,0.0,0.0
2026-04-18 19:13:10,30.4,58.8,35.1,53.9,0.0,0.0,0.0
2026-04-18 19:13:15,30.6,58.8,15.2,53.9,0.0,0.0,0.0
2026-04-18 19:13:20,30.4,58.7,30.5,53.9,0.0,0.0,0.0
2026-04-18 19:13:25,30.3,58.6,5.3,53.9,0.0,0.0,0.0
2026-04-18 19:13:30,30.3,58.5,12.8,53.9,0.0,0.0,0.0
2026-04-18 19:13:35,30.4,58.6,23.2,53.9,0.0,0.0,0.0
2026-04-18 19:13:40,30.3,58.5,20.5,53.9,0.0,0.0,0.0
2026-04-18 19:13:45,30.5,58.6,0.0,53.9,0.0,0.0,0.0
2026-04-18 19:13:50,30.4,58.5,10.7,53.9,0.0,0.0,0.0
2026-04-18 19:13:55,30.5,58.4,19.4,53.9,0.0,0.0,0.0
2026-04-18 19:14:00,30.4,58.5,4.9,53.9,0.0,0.0,0.0
2026-04-18 19:14:05,30.3,58.5,9.0,54.0,0.0,0.0,0.0
2026-04-18 19:14:10,30.4,58.6,11.1,54.0,0.0,0.0,0.0
2026-04-18 19:14:15,30.3,58.5,27.9,53.9,0.0,0.0,0.0
2026-04-18 19:14:20,30.5,58.6,22.6,53.9,0.0,0.0,0.0
2026-04-18 19:14:25,30.4,58.6,20.0,53.9,0.0,0.0,0.0
2026-04-18 19:14:30,30.3,58.7,19.6,53.9,0.0,0.0,0.0
2026-04-18 19:14:35,30.4,58.5,17.4,53.9,0.0,0.0,0.0
2026-04-18 19:14:40,30.3,58.7,17.0,53.9,0.0,0.0,0.0
2026-04-18 19:14:45,30.2,58.7,12.7,53.9,0.0,0.0,0.0
2026-04-18 19:14:50,30.5,58.8,2.5,53.9,0.0,0.0,0.0
2026-04-18 19:14:55,30.5,58.7,0.0,53.9,0.0,0.0,0.0
2026-04-18 19:15:00,30.3,58.6,0.0,53.9,0.0,0.0,0.0
2026-04-18 19:15:05,30.5,58.6,7.9,53.9,0.0,0.0,0.0
2026-04-18 19:15:10,30.5,58.7,35.3,53.9,0.0,0.0,0.0
2026-04-18 19:15:15,30.3,58.6,23.9,53.9,0.0,0.0,0.0
2026-04-18 19:15:20,30.3,58.6,6.3,53.9,0.0,0.0,0.0
2026-04-18 19:15:25,30.5,58.6,17.5,53.9,0.0,0.0,0.0
2026-04-18 19:15:30,30.5,58.6,3.2,53.9,0.0,0.0,0.0
2026-04-18 19:15:35,30.4,58.6,1.6,53.9,0.0,0.0,0.0
2026-04-18 19:15:40,30.4,58.7,10.8,53.9,0.0,0.0,0.0
2026-04-18 19:15:45,30.4,58.8,28.5,53.9,0.0,0.0,0.0
2026-04-18 19:15:50,30.3,58.7,17.3,53.9,0.0,0.0,0.0
2026-04-18 19:15:55,30.4,58.8,31.8,53.9,0.0,0.0,0.0
2026-04-18 19:16:00,30.3,58.7,14.7,53.9,0.0,0.0,0.0
2026-04-18 19:16:05,30.6,58.7,14.2,53.9,0.0,0.0,0.0
2026-04-18 19:16:10,30.5,58.6,5.6,53.9,0.0,0.0,0.0
2026-04-18 19:16:15,30.4,58.7,24.9,53.9,0.0,0.0,0.0
2026-04-18 19:16:20,30.4,58.6,21.5,53.9,0.0,0.0,0.0
2026-04-18 19:16:25,30.5,58.5,23.2,53.9,0.0,0.0,0.0
2026-04-18 19:16:30,30.5,58.6,21.6,53.9,0.0,0.0,0.0
2026-04-18 19:16:35,30.4,58.5,8.9,53.9,0.0,0.0,0.0
2026-04-18 19:16:40,30.6,58.5,15.1,53.9,0.0,0.0,0.0
2026-04-18 19:16:45,30.6,58.5,10.9,53.9,0.0,0.0,0.0
2026-04-18 19:16:50,30.5,58.6,0.0,53.9,0.0,0.0,0.0
2026-04-18 19:16:55,30.5,58.6,18.3,53.9,0.0,0.0,0.0
2026-04-18 19:17:00,30.5,58.6,0.0,53.9,0.0,0.0,0.0
2026-04-18 19:17:05,30.3,58.6,24.4,53.9,0.0,0.0,0.0
2026-04-18 19:17:10,30.4,58.7,0.0,53.9,0.0,0.0,0.0
2026-04-18 19:17:15,30.5,58.6,13.0,53.9,0.0,0.0,0.0
2026-04-18 19:17:20,30.6,58.8,30.5,53.9,0.0,0.0,0.0
2026-04-18 19:17:25,30.4,58.8,0.0,53.9,0.0,0.0,0.0
2026-04-18 19:17:30,30.4,58.6,15.6,53.9,0.0,0.0,0.0
2026-04-18 19:17:35,30.4,58.4,29.4,53.9,0.0,0.0,0.0
2026-04-18 19:17:40,30.4,58.4,25.8,53.9,0.0,0.0,0.0
2026-04-18 19:17:45,30.4,58.4,21.6,53.9,0.0,0.0,0.0
2026-04-18 19:17:50,30.4,58.4,19.4,53.9,0.0,0.0,0.0
2026-04-18 19:17:55,30.5,58.4,13.0,53.9,0.0,0.0,0.0
2026-04-18 19:18:00,30.6,58.4,12.8,53.9,0.0,0.0,0.0
2026-04-18 19:18:05,30.5,58.5,4.1,53.9,0.0,0.0,0.0
2026-04-18 19:18:10,30.5,58.5,13.4,53.9,0.0,0.0,0.0
2026-04-18 19:18:15,30.5,58.5,15.3,53.9,0.0,0.0,0.0
2026-04-18 19:18:20,30.5,58.6,7.8,53.9,0.0,0.0,0.0
2026-04-18 19:18:25,30.6,58.6,15.2,53.9,0.0,0.0,0.0
2026-04-18 19:18:30,30.4,58.5,22.2,53.9,0.0,0.0,0.0
2026-04-18 19:18:35,30.3,58.5,26.2,53.9,0.0,0.0,0.0
2026-04-18 19:18:40,30.5,58.6,21.4,53.9,0.0,0.0,0.0
2026-04-18 19:18:45,30.4,58.7,17.9,53.9,0.0,0.0,0.0
2026-04-18 19:18:50,30.4,58.7,3.8,53.9,0.0,0.0,0.0
2026-04-18 19:18:55,30.4,58.5,23.8,53.9,0.0,0.0,0.0
2026-04-18 19:19:00,30.4,58.4,3.3,53.9,0.0,0.0,0.0
2026-04-18 19:19:05,30.5,58.5,11.6,53.9,0.0,0.0,0.0
2026-04-18 19:19:10,30.4,58.6,23.0,53.9,0.0,0.0,0.0
2026-04-18 19:19:15,30.4,58.6,11.0,53.9,0.0,0.0,0.0
2026-04-18 19:19:20,30.5,58.6,23.2,53.9,0.0,0.0,0.0
2026-04-18 19:19:25,30.3,58.6,34.0,53.9,0.0,0.0,0.0
2026-04-18 19:19:30,30.5,58.5,16.0,53.9,0.0,0.0,0.0
2026-04-18 19:19:35,30.3,58.5,5.3,53.9,0.0,0.0,0.0
2026-04-18 19:19:40,30.4,58.6,9.5,53.9,0.0,0.0,0.0
2026-04-18 19:19:45,30.4,58.6,0.0,53.9,0.0,0.0,0.0
2026-04-18 19:19:50,30.4,58.5,14.8,53.9,0.0,0.0,0.0
2026-04-18 19:19:55,30.5,58.5,12.3,53.9,0.0,0.0,0.0
2026-04-18 19:20:00,30.5,58.5,33.1,53.9,0.0,0.0,0.0
2026-04-18 19:20:05,30.4,58.4,0.0,53.9,0.0,0.0,0.0
2026-04-18 19:20:10,30.5,58.4,15.2,53.9,0.0,0.0,0.0
2026-04-18 19:20:15,30.4,58.5,29.4,53.9,0.0,0.0,0.0
2026-04-18 19:20:20,30.4,58.4,13.4,53.9,0.0,0.0,0.0
2026-04-18 19:20:25,30.4,58.4,20.2,53.9,0.0,0.0,0.0
2026-04-18 19:20:30,30.5,58.4,15.4,53.9,0.0,0.0,0.0
2026-04-18 19:20:35,30.4,58.4,14.6,53.9,0.0,0.0,0.0
2026-04-18 19:20:40,30.4,58.6,31.2,53.9,0.0,0.0,0.0
2026-04-18 19:20:45,30.4,58.7,21.2,53.9,0.0,0.0,0.0
2026-04-18 19:20:50,30.4,58.6,4.7,53.9,0.0,0.0,0.0
2026-04-18 19:20:55,30.4,58.6,18.3,53.9,0.0,0.0,0.0
2026-04-18 19:21:00,30.5,58.5,27.7,53.9,0.0,0.0,0.0
2026-04-18 19:21:05,30.4,58.6,12.2,53.9,0.0,0.0,0.0
2026-04-18 19:21:10,30.4,58.5,9.5,53.9,0.0,0.0,0.0
2026-04-18 19:21:15,30.4,58.3,8.1,53.9,0.0,0.0,0.0
2026-04-18 19:21:20,30.5,58.3,18.5,53.8,0.0,0.0,0.0
2026-04-18 19:21:25,30.4,58.3,20.5,53.8,0.0,0.0,0.0
2026-04-18 19:21:30,30.5,58.1,19.9,53.9,0.0,0.0,0.0
2026-04-18 19:21:35,30.4,58.2,8.5,53.9,0.0,0.0,0.0
2026-04-18 19:21:40,30.5,58.2,23.8,53.9,0.0,0.0,0.0
2026-04-18 19:21:45,30.4,58.2,13.0,53.9,0.0,0.0,0.0
2026-04-18 19:21:50,30.3,58.2,11.6,53.9,0.0,0.0,0.0
2026-04-18 19:21:55,30.4,58.1,14.1,53.9,0.0,0.0,0.0
2026-04-18 19:22:00,30.5,58.1,14.0,53.9,0.0,0.0,0.0
2026-04-18 19:22:05,30.5,58.3,38.5,53.9,0.0,0.0,0.0
2026-04-18 19:22:10,30.4,58.3,38.9,53.9,0.0,0.0,0.0
2026-04-18 19:22:15,30.4,58.3,18.8,53.9,0.0,0.0,0.0
2026-04-18 19:22:20,30.5,58.3,25.9,53.9,0.0,0.0,0.0
2026-04-18 19:22:25,30.4,58.3,22.8,53.9,0.0,0.0,0.0
2026-04-18 19:22:30,30.5,58.3,15.0,53.9,0.0,0.0,0.0
2026-04-18 19:22:35,30.5,58.2,9.5,53.9,0.0,0.0,0.0
2026-04-18 19:22:40,30.6,58.4,6.8,53.9,0.0,0.0,0.0
2026-04-18 19:22:45,30.4,58.4,21.2,53.9,0.0,0.0,0.0
2026-04-18 19:22:50,30.3,58.3,7.5,53.9,0.0,0.0,0.0
2026-04-18 19:22:55,30.4,58.4,13.2,53.9,0.0,0.0,0.0
2026-04-18 19:23:00,30.5,58.4,28.1,53.9,0.0,0.0,0.0
2026-04-18 19:23:05,30.5,58.4,3.2,53.9,0.0,0.0,0.0
2026-04-18 19:23:10,30.5,58.4,26.5,53.9,0.0,0.0,0.0
2026-04-18 19:23:15,30.5,58.3,20.0,53.9,0.0,0.0,0.0
2026-04-18 19:23:20,30.5,58.3,0.0,53.9,0.0,0.0,0.0
2026-04-18 19:23:25,30.4,58.5,9.0,53.9,0.0,0.0,0.0
2026-04-18 19:23:30,30.5,58.5,17.6,53.9,0.0,0.0,0.0
2026-04-18 19:23:35,30.4,58.5,9.4,53.9,0.0,0.0,0.0
2026-04-18 19:23:40,30.4,58.5,13.6,53.9,0.0,0.0,0.0
2026-04-18 19:23:45,30.5,58.4,17.2,53.9,0.0,0.0,0.0
2026-04-18 19:23:50,30.5,58.5,17.8,53.9,0.0,0.0,0.0
2026-04-18 19:23:55,30.4,58.7,20.2,53.9,0.0,0.0,0.0
2026-04-18 19:24:00,30.3,58.6,22.5,53.9,0.0,0.0,0.0
2026-04-18 19:24:05,30.4,58.5,3.2,53.9,0.0,0.0,0.0
2026-04-18 19:24:10,30.3,58.6,7.0,53.9,0.0,0.0,0.0
2026-04-18 19:24:15,30.3,58.8,0.0,53.9,0.0,0.0,0.0
2026-04-18 19:24:20,30.5,58.7,9.6,53.9,0.0,0.0,0.0
2026-04-18 19:24:25,30.5,58.7,10.5,53.9,0.0,0.0,0.0
2026-04-18 19:24:30,30.4,58.7,20.1,53.9,0.0,0.0,0.0
2026-04-18 19:24:35,30.5,58.5,29.9,53.9,0.0,0.0,0.0
2026-04-18 19:24:40,30.3,58.5,8.9,53.9,0.0,0.0,0.0
2026-04-18 19:24:45,30.4,58.6,2.4,53.9,0.0,0.0,0.0
2026-04-18 19:24:50,30.4,58.6,7.0,53.9,0.0,0.0,0.0
2026-04-18 19:24:55,30.5,58.6,25.8,53.9,0.0,0.0,0.0
2026-04-18 19:25:00,30.4,58.5,0.2,53.9,0.0,0.0,0.0
2026-04-18 19:25:05,30.6,58.6,19.7,53.9,0.0,0.0,0.0
2026-04-18 19:25:10,30.4,58.4,21.5,53.9,0.0,0.0,0.0
2026-04-18 19:25:15,30.6,58.4,19.8,53.9,0.0,0.0,0.0
2026-04-18 19:25:20,30.4,58.4,5.8,53.9,0.0,0.0,0.0
2026-04-18 19:25:25,30.5,58.3,15.1,53.9,0.0,0.0,0.0
2026-04-18 19:25:30,30.5,58.4,11.4,53.8,0.0,0.0,0.0
2026-04-18 19:25:35,30.4,58.4,3.8,53.8,0.0,0.0,0.0
2026-04-18 19:25:40,30.5,58.4,0.0,53.9,0.0,0.0,0.0
2026-04-18 19:25:45,30.4,58.4,8.4,53.9,0.0,0.0,0.0
2026-04-18 19:25:50,30.5,58.3,27.0,53.9,0.0,0.0,0.0
2026-04-18 19:25:55,30.4,58.4,28.1,53.9,0.0,0.0,0.0
2026-04-18 19:26:00,30.3,58.5,19.1,53.9,0.0,0.0,0.0
2026-04-18 19:26:05,30.4,58.6,6.0,53.8,0.0,0.0,0.0
2026-04-18 19:26:10,30.3,58.5,4.1,53.8,0.0,0.0,0.0
2026-04-18 19:26:15,30.6,58.6,18.2,53.8,0.0,0.0,0.0
2026-04-18 19:26:20,30.4,58.5,13.1,53.9,0.0,0.0,0.0
2026-04-18 19:26:25,30.4,58.5,14.3,53.9,0.0,0.0,0.0
2026-04-18 19:26:30,30.4,58.4,17.0,53.9,0.0,0.0,0.0
2026-04-18 19:26:35,30.5,58.4,5.5,53.9,0.0,0.0,0.0
2026-04-18 19:26:40,30.5,58.5,7.0,53.9,0.0,0.0,0.0
2026-04-18 19:26:45,30.4,58.5,29.3,53.9,0.0,0.0,0.0
2026-04-18 19:26:50,30.7,58.5,13.5,53.9,0.0,0.0,0.0
2026-04-18 19:26:55,30.3,58.6,12.6,53.9,0.0,0.0,0.0
2026-04-18 19:27:00,30.5,58.4,18.2,53.9,0.0,0.0,0.0
2026-04-18 19:27:05,30.3,58.4,22.6,53.9,0.0,0.0,0.0
2026-04-18 19:27:10,30.5,58.4,19.0,53.9,0.0,0.0,0.0
2026-04-18 19:27:15,30.4,58.5,16.0,53.9,0.0,0.0,0.0
2026-04-18 19:27:20,30.5,58.6,27.1,53.9,0.0,0.0,0.0
2026-04-18 19:27:25,30.5,58.7,8.7,53.9,0.0,0.0,0.0
2026-04-18 19:27:30,30.6,58.6,4.8,53.9,0.0,0.0,0.0
2026-04-18 19:27:35,30.7,58.5,0.0,53.9,0.0,0.0,0.0
2026-04-18 19:27:40,30.5,58.3,0.5,53.9,0.0,0.0,0.0
2026-04-18 19:27:45,30.5,58.3,6.2,53.9,0.0,0.0,0.0
2026-04-18 19:27:50,30.4,58.4,21.6,53.9,0.0,0.0,0.0
2026-04-18 19:27:55,30.4,58.4,6.0,53.9,0.0,0.0,0.0
2026-04-18 19:28:00,30.5,58.3,0.9,53.9,0.0,0.0,0.0
2026-04-18 19:28:05,30.5,58.5,14.2,53.9,0.0,0.0,0.0
2026-04-18 19:28:10,30.4,58.5,6.9,53.9,0.0,0.0,0.0
2026-04-18 19:28:15,30.4,58.5,11.9,53.9,0.0,0.0,0.0
2026-04-18 19:28:20,30.6,58.5,29.4,53.9,0.0,0.0,0.0
2026-04-18 19:28:25,30.5,58.7,25.1,53.9,0.0,0.0,0.0
2026-04-18 19:28:30,30.4,58.6,3.8,53.9,0.0,0.0,0.0
2026-04-18 19:28:35,30.4,58.5,20.1,53.9,0.0,0.0,0.0
2026-04-18 19:28:40,30.5,58.6,3.2,53.9,0.0,0.0,0.0
2026-04-18 19:28:45,30.4,58.7,13.7,53.9,0.0,0.0,0.0
2026-04-18 19:28:50,30.4,58.6,18.6,53.9,0.0,0.0,0.0
2026-04-18 19:28:55,30.5,58.6,9.7,53.9,0.0,0.0,0.0
2026-04-18 19:29:00,30.4,58.6,0.8,53.9,0.0,0.0,0.0
2026-04-18 19:29:05,30.5,58.5,6.8,53.9,0.0,0.0,0.0
2026-04-18 19:29:10,30.6,58.6,2.1,53.9,0.0,0.0,0.0
2026-04-18 19:29:15,30.5,58.5,7.8,53.9,0.0,0.0,0.0
2026-04-18 19:29:20,30.6,58.4,14.1,53.9,0.0,0.0,0.0
2026-04-18 19:29:25,30.5,58.5,6.7,53.9,0.0,0.0,0.0
2026-04-18 19:29:30,30.5,58.4,23.5,53.9,0.0,0.0,0.0
2026-04-18 19:29:35,30.5,58.4,33.6,53.9,0.0,0.0,0.0
2026-04-18 19:29:40,30.5,58.4,19.6,53.9,0.0,0.0,0.0
2026-04-18 19:29:45,30.5,58.5,24.9,53.9,0.0,0.0,0.0
2026-04-18 19:29:50,30.5,58.5,28.4,53.9,0.0,0.0,0.0
2026-04-18 19:29:55,30.4,58.4,24.5,53.9,0.0,0.0,0.0
2026-04-18 19:30:00,30.4,58.4,11.2,53.9,0.0,0.0,0.0
2026-04-18 19:30:05,30.4,58.4,20.0,53.9,0.0,0.0,0.0
2026-04-18 19:30:10,30.3,58.3,0.0,53.9,0.0,0.0,0.0
2026-04-18 19:30:15,30.5,58.3,8.8,53.9,0.0,0.0,0.0
2026-04-18 19:30:20,30.6,58.3,7.2,53.9,0.0,0.0,0.0
2026-04-18 19:30:25,30.5,58.2,20.9,53.9,0.0,0.0,0.0
2026-04-18 19:30:30,30.4,58.3,8.2,53.9,0.0,0.0,0.0
2026-04-18 19:30:35,30.5,58.2,0.0,53.9,0.0,0.0,0.0
2026-04-18 19:30:40,30.5,58.3,18.8,53.9,0.0,0.0,0.0
2026-04-18 19:30:45,30.4,58.2,11.5,53.9,0.0,0.0,0.0
2026-04-18 19:30:50,30.5,58.3,20.5,53.9,0.0,0.0,0.0
2026-04-18 19:30:55,30.5,58.2,0.0,53.9,0.0,0.0,0.0
2026-04-18 19:31:00,30.4,58.1,25.6,53.9,0.0,0.0,0.0
2026-04-18 19:31:05,30.5,58.1,9.5,53.9,0.0,0.0,0.0
2026-04-18 19:31:10,30.5,58.1,7.1,53.9,0.0,0.0,0.0
2026-04-18 19:31:15,30.4,58.1,40.7,53.9,0.0,0.0,0.0
2026-04-18 19:31:20,30.5,58.1,12.6,53.9,0.0,0.0,0.0
2026-04-18 19:31:25,30.3,58.0,14.5,53.9,0.0,0.0,0.0
2026-04-18 19:31:30,30.4,58.1,6.8,53.9,0.0,0.0,0.0
2026-04-18 19:31:35,30.4,58.1,0.0,53.9,0.0,0.0,0.0
2026-04-18 19:31:40,30.6,58.2,17.4,53.9,0.0,0.0,0.0
2026-04-18 19:31:45,30.4,58.2,23.3,53.9,0.0,0.0,0.0
2026-04-18 19:31:50,30.5,58.3,31.1,53.9,0.0,0.0,0.0
2026-04-18 19:31:55,30.4,58.3,16.3,53.8,0.0,0.0,0.0
2026-04-18 19:32:00,30.5,58.3,17.3,53.8,0.0,0.0,0.0
2026-04-18 19:32:05,30.6,58.5,1.1,53.9,0.0,0.0,0.0
2026-04-18 19:32:10,30.5,58.6,7.9,53.9,0.0,0.0,0.0
2026-04-18 19:32:15,30.3,58.5,29.5,53.8,0.0,0.0,0.0
2026-04-18 19:32:20,30.5,58.5,19.0,53.8,0.0,0.0,0.0
2026-04-18 19:32:25,30.5,58.5,25.8,53.8,0.0,0.0,0.0
2026-04-18 19:32:30,30.6,58.6,14.4,53.8,0.0,0.0,0.0
2026-04-18 19:32:35,30.4,58.6,27.7,53.9,0.0,0.0,0.0
2026-04-18 19:32:40,30.6,58.6,19.3,53.9,0.0,0.0,0.0
2026-04-18 19:32:45,30.4,58.5,20.5,53.9,0.0,0.0,0.0
2026-04-18 19:32:50,30.5,58.5,22.2,53.9,0.0,0.0,0.0
2026-04-18 19:32:55,30.4,58.5,13.2,53.9,0.0,0.0,0.0
2026-04-18 19:33:00,30.4,58.5,7.3,53.9,0.0,0.0,0.0
2026-04-18 19:33:05,30.5,58.5,0.0,53.9,0.0,0.0,0.0
2026-04-18 19:33:10,30.4,58.4,28.5,53.8,0.0,0.0,0.0
2026-04-18 19:33:15,30.6,58.4,14.3,53.8,0.0,0.0,0.0
2026-04-18 19:33:20,30.5,58.3,32.1,53.9,0.0,0.0,0.0
2026-04-18 19:33:25,30.5,58.4,14.0,53.9,0.0,0.0,0.0
2026-04-18 19:33:30,30.6,58.4,27.8,53.9,0.0,0.0,0.0
2026-04-18 19:33:35,30.5,58.4,6.6,53.8,0.0,0.0,0.0
2026-04-18 19:33:40,30.5,58.4,23.1,53.8,0.0,0.0,0.0
2026-04-18 19:33:45,30.5,58.4,17.8,53.8,0.0,0.0,0.0
2026-04-18 19:33:50,30.5,58.5,21.7,53.8,0.0,0.0,0.0
2026-04-18 19:33:55,30.6,58.5,6.5,53.8,0.0,0.0,0.0
2026-04-18 19:34:00,30.4,58.4,17.7,53.8,0.0,0.0,0.0
2026-04-18 19:34:05,30.4,58.4,0.0,53.9,0.0,0.0,0.0
2026-04-18 19:34:10,30.5,58.5,15.5,53.9,0.0,0.0,0.0
2026-04-18 19:34:15,30.5,58.6,16.5,53.9,0.0,0.0,0.0
2026-04-18 19:34:20,30.6,58.8,4.7,53.9,0.0,0.0,0.0
2026-04-18 19:34:25,30.4,58.9,35.6,53.9,0.0,0.0,0.0
2026-04-18 19:34:30,30.4,59.0,34.6,53.8,0.0,0.0,0.0
2026-04-18 19:34:35,30.5,59.0,34.6,53.8,0.0,0.0,0.0
2026-04-18 19:34:40,30.4,59.0,2.1,53.8,0.0,0.0,0.0
2026-04-18 19:34:45,30.5,59.2,17.5,53.8,0.0,0.0,0.0
2026-04-18 19:34:50,30.3,59.2,15.0,53.8,0.0,0.0,0.0
2026-04-18 19:34:55,30.6,59.1,0.0,53.8,0.0,0.0,0.0
2026-04-18 19:35:00,30.4,59.1,1.7,53.8,0.0,0.0,0.0
2026-04-18 19:35:05,30.6,59.2,9.0,53.8,0.0,0.0,0.0
2026-04-18 19:35:10,30.6,59.3,22.9,53.8,0.0,0.0,0.0
2026-04-18 19:35:15,30.4,59.2,17.9,53.8,0.0,0.0,0.0
2026-04-18 19:35:20,30.4,59.0,29.0,53.8,0.0,0.0,0.0
2026-04-18 19:35:25,30.5,59.1,5.7,53.8,0.0,0.0,0.0
2026-04-18 19:35:30,30.6,59.3,8.7,53.8,0.0,0.0,0.0
2026-04-18 19:35:35,30.4,59.2,9.0,53.8,0.0,0.0,0.0
2026-04-18 19:35:40,30.5,59.1,9.3,53.8,0.0,0.0,0.0
2026-04-18 19:35:45,30.5,59.2,7.8,53.8,0.0,0.0,0.0
2026-04-18 19:35:50,30.6,59.1,3.1,53.8,0.0,0.0,0.0
2026-04-18 19:35:55,30.5,59.2,18.7,53.8,0.0,0.0,0.0
2026-04-18 19:36:00,30.5,59.2,11.9,53.8,0.0,0.0,0.0
2026-04-18 19:36:05,30.4,59.3,15.1,53.8,0.0,0.0,0.0
2026-04-18 19:36:10,30.5,59.3,4.3,53.8,0.0,0.0,0.0
2026-04-18 19:36:15,30.4,59.5,22.1,53.8,0.0,0.0,0.0
2026-04-18 19:36:20,30.5,59.4,34.4,53.8,0.0,0.0,0.0
2026-04-18 19:36:25,30.4,59.4,0.0,53.8,0.0,0.0,0.0
2026-04-18 19:36:30,30.5,59.5,15.9,53.8,0.0,0.0,0.0
2026-04-18 19:36:35,30.6,59.4,12.7,53.8,0.0,0.0,0.0
2026-04-18 19:36:40,30.4,59.4,10.0,53.8,0.0,0.0,0.0
2026-04-18 19:36:45,30.4,59.5,37.8,53.8,0.0,0.0,0.0
2026-04-18 19:36:50,30.5,59.5,6.0,53.8,0.0,0.0,0.0
2026-04-18 19:36:55,30.3,59.5,14.9,53.8,0.0,0.0,0.0
2026-04-18 19:37:00,30.4,59.6,24.4,53.8,0.0,0.0,0.0
2026-04-18 19:37:05,30.5,59.5,23.7,53.8,0.0,0.0,0.0
2026-04-18 19:37:10,30.5,59.5,34.6,53.8,0.0,0.0,0.0
2026-04-18 19:37:15,30.3,59.5,23.7,53.8,0.0,0.0,0.0
2026-04-18 19:37:20,30.6,59.6,19.4,53.8,0.0,0.0,0.0
2026-04-18 19:37:25,30.4,59.5,19.8,53.8,0.0,0.0,0.0
2026-04-18 19:37:30,30.5,59.5,19.0,53.8,0.0,0.0,0.0
2026-04-18 19:37:35,30.4,59.6,13.7,53.8,0.0,0.0,0.0
2026-04-18 19:37:40,30.5,59.6,9.4,53.8,0.0,0.0,0.0
2026-04-18 19:37:45,30.5,59.7,10.3,53.8,0.0,0.0,0.0
2026-04-18 19:37:50,30.4,59.8,21.3,53.8,0.0,0.0,0.0
2026-04-18 19:37:55,30.5,59.8,28.5,53.8,0.0,0.0,0.0
2026-04-18 19:38:00,30.4,59.8,20.1,53.8,0.0,0.0,0.0
2026-04-18 19:38:05,30.5,59.9,13.8,53.8,0.0,0.0,0.0
2026-04-18 19:38:10,30.5,59.7,27.6,53.8,0.0,0.0,0.0
2026-04-18 19:38:15,30.4,59.7,14.1,53.8,0.0,0.0,0.0
2026-04-18 19:38:20,30.4,59.8,7.8,53.8,0.0,0.0,0.0
2026-04-18 19:38:25,30.6,59.8,17.8,53.8,0.0,0.0,0.0
2026-04-18 19:38:30,30.3,59.8,26.4,53.8,0.0,0.0,0.0
2026-04-18 19:38:35,30.5,59.9,9.1,53.8,0.0,0.0,0.0
2026-04-18 19:38:40,30.6,59.8,32.3,53.8,0.0,0.0,0.0
2026-04-18 19:38:45,30.5,59.8,14.6,53.8,0.0,0.0,0.0
2026-04-18 19:38:50,30.4,59.9,18.8,53.8,0.0,0.0,0.0
2026-04-18 19:38:55,30.4,59.9,10.6,53.8,0.0,0.0,0.0
2026-04-18 19:39:00,30.5,59.9,25.5,53.9,0.0,0.0,0.0
2026-04-18 19:39:05,30.6,59.9,0.0,53.9,0.0,0.0,0.0
2026-04-18 19:39:10,30.5,60.0,8.3,53.8,0.0,0.0,0.0
2026-04-18 19:39:15,30.5,60.0,6.9,53.8,0.0,0.0,0.0
2026-04-18 19:39:20,30.5,59.9,12.9,53.8,0.0,0.0,0.0
2026-04-18 19:39:25,30.6,59.9,14.7,53.8,0.0,0.0,0.0
2026-04-18 19:39:30,30.4,59.9,18.2,53.8,0.0,0.0,0.0
2026-04-18 19:39:35,30.6,59.9,6.7,53.8,0.0,0.0,0.0
2026-04-18 19:39:40,30.4,59.8,10.4,53.8,0.0,0.0,0.0
2026-04-18 19:39:45,30.5,59.8,30.4,53.8,0.0,0.0,0.0
2026-04-18 19:39:50,30.5,59.7,10.1,53.8,0.0,0.0,0.0
2026-04-18 19:39:55,30.5,59.6,8.5,53.8,0.0,0.0,0.0
2026-04-18 19:40:00,30.4,59.7,11.5,53.8,0.0,0.0,0.0
2026-04-18 19:40:05,30.6,59.6,22.3,53.8,0.0,0.0,0.0
2026-04-18 19:40:10,30.5,59.7,19.8,53.8,0.0,0.0,0.0
2026-04-18 19:40:15,30.6,59.6,23.3,53.8,0.0,0.0,0.0
2026-04-18 19:40:20,30.4,59.5,10.1,53.8,0.0,0.0,0.0
2026-04-18 19:40:25,30.4,59.6,2.5,53.8,0.0,0.0,0.0
2026-04-18 19:40:30,30.3,59.5,6.9,53.8,0.0,0.0,0.0
2026-04-18 19:40:35,30.5,59.5,19.2,53.8,0.0,0.0,0.0
2026-04-18 19:40:40,30.5,59.6,10.2,53.8,0.0,0.0,0.0
2026-04-18 19:40:45,30.2,59.5,4.7,53.8,0.0,0.0,0.0
2026-04-18 19:40:50,30.5,59.5,7.2,53.8,0.0,0.0,0.0
2026-04-18 19:40:55,30.5,59.4,27.5,53.8,0.0,0.0,0.0
2026-04-18 19:41:00,30.6,59.3,1.6,53.8,0.0,0.0,0.0
2026-04-18 19:41:05,30.4,59.2,38.6,53.8,0.0,0.0,0.0
2026-04-18 19:41:10,30.5,59.3,15.2,53.9,0.0,0.0,0.0
2026-04-18 19:41:15,30.5,59.2,39.2,53.9,0.0,0.0,0.0
2026-04-18 19:41:20,30.5,59.2,5.0,53.9,0.0,0.0,0.0
2026-04-18 19:41:25,30.5,59.1,22.5,53.9,0.0,0.0,0.0
2026-04-18 19:41:30,30.6,58.9,18.7,53.9,0.0,0.0,0.0
2026-04-18 19:41:35,30.6,58.8,28.9,53.9,0.0,0.0,0.0
2026-04-18 19:41:40,30.5,58.9,3.9,53.9,0.0,0.0,0.0
2026-04-18 19:41:45,30.6,58.8,27.0,53.9,0.0,0.0,0.0
2026-04-18 19:41:50,30.4,58.9,25.7,53.9,0.0,0.0,0.0
2026-04-18 19:41:55,30.5,58.8,20.5,53.8,0.0,0.0,0.0
2026-04-18 19:42:00,30.4,58.8,10.0,53.8,0.0,0.0,0.0
2026-04-18 19:42:05,30.5,58.6,22.0,53.8,0.0,0.0,0.0
2026-04-18 19:42:10,30.4,58.4,1.8,53.8,0.0,0.0,0.0
2026-04-18 19:42:15,30.4,58.5,16.0,53.8,0.0,0.0,0.0
2026-04-18 19:42:20,30.4,58.5,5.0,53.8,0.0,0.0,0.0
2026-04-18 19:42:25,30.3,58.4,8.0,53.8,0.0,0.0,0.0
2026-04-18 19:42:30,30.5,58.5,28.7,53.8,0.0,0.0,0.0
2026-04-18 19:42:35,30.5,58.5,0.7,53.8,0.0,0.0,0.0
2026-04-18 19:42:40,30.5,58.5,0.0,53.8,0.0,0.0,0.0
2026-04-18 19:42:45,30.6,58.5,2.6,53.8,0.0,0.0,0.0
2026-04-18 19:42:50,30.5,58.5,15.8,53.8,0.0,0.0,0.0
2026-04-18 19:42:55,30.4,58.6,23.6,53.8,0.0,0.0,0.0
2026-04-18 19:43:00,30.6,58.7,30.2,53.8,0.0,0.0,0.0
2026-04-18 19:43:05,30.5,58.6,27.2,53.8,0.0,0.0,0.0
2026-04-18 19:43:10,30.4,58.6,18.0,53.8,0.0,0.0,0.0
2026-04-18 19:43:15,30.4,58.5,24.5,53.8,0.0,0.0,0.0
2026-04-18 19:43:20,30.5,58.6,8.6,53.8,0.0,0.0,0.0
2026-04-18 19:43:25,30.4,58.6,17.8,53.8,0.0,0.0,0.0
2026-04-18 19:43:30,30.4,58.6,18.2,53.8,0.0,0.0,0.0
2026-04-18 19:43:35,30.5,58.6,16.4,53.8,0.0,0.0,0.0
2026-04-18 19:43:40,30.4,58.5,15.1,53.8,0.0,0.0,0.0
2026-04-18 19:43:45,30.4,58.5,1.8,53.8,0.0,0.0,0.0
2026-04-18 19:43:50,30.5,58.4,11.5,53.9,0.0,0.0,0.0
2026-04-18 19:43:55,30.5,58.3,17.8,53.9,0.0,0.0,0.0
2026-04-18 19:44:00,30.6,58.3,18.5,53.9,0.0,0.0,0.0
2026-04-18 19:44:05,30.4,58.4,26.1,53.9,0.0,0.0,0.0
2026-04-18 19:44:10,30.4,58.4,24.7,53.9,0.0,0.0,0.0
2026-04-18 19:44:15,30.6,58.4,18.1,53.9,0.0,0.0,0.0
2026-04-18 19:44:20,30.4,58.4,42.7,53.9,0.0,0.0,0.0
2026-04-18 19:44:25,30.4,58.2,30.2,53.9,0.0,0.0,0.0
2026-04-18 19:44:30,30.6,58.3,0.0,53.9,0.0,0.0,0.0
2026-04-18 19:44:35,30.4,58.3,15.5,53.9,0.0,0.0,0.0
2026-04-18 19:44:40,30.5,58.4,7.3,53.8,0.0,0.0,0.0
2026-04-18 19:44:45,30.5,58.4,12.7,53.8,0.0,0.0,0.0
2026-04-18 19:44:50,30.5,58.3,9.2,53.8,0.0,0.0,0.0
2026-04-18 19:44:55,30.5,58.4,12.5,53.8,0.0,0.0,0.0
2026-04-18 19:45:00,30.5,58.5,24.9,53.8,0.0,0.0,0.0
2026-04-18 19:45:05,30.3,58.6,21.8,53.8,0.0,0.0,0.0
2026-04-18 19:45:10,30.4,58.7,1.7,53.8,0.0,0.0,0.0
2026-04-18 19:45:15,30.5,58.9,18.3,53.8,0.0,0.0,0.0
2026-04-18 19:45:20,30.5,58.8,22.7,53.8,0.0,0.0,0.0
2026-04-18 19:45:25,30.5,58.8,5.9,53.8,0.0,0.0,0.0
2026-04-18 19:45:30,30.5,58.7,11.5,53.9,0.0,0.0,0.0
2026-04-18 19:45:35,30.4,58.8,14.2,53.9,0.0,0.0,0.0
2026-04-18 19:45:40,30.6,58.9,0.0,53.9,0.0,0.0,0.0
2026-04-18 19:45:45,30.5,58.9,14.2,53.9,0.0,0.0,0.0
2026-04-18 19:45:50,30.4,59.0,23.6,53.9,0.0,0.0,0.0
2026-04-18 19:45:55,30.5,58.9,17.9,53.9,0.0,0.0,0.0
2026-04-18 19:46:00,30.6,58.9,26.5,53.9,0.0,0.0,0.0
2026-04-18 19:46:05,30.3,58.9,23.9,53.8,0.0,0.0,0.0
2026-04-18 19:46:10,30.5,58.8,11.7,53.8,0.0,0.0,0.0
2026-04-18 19:46:15,30.5,58.8,18.5,53.8,0.0,0.0,0.0
2026-04-18 19:46:20,30.4,58.9,6.4,53.8,0.0,0.0,0.0
2026-04-18 19:46:25,30.4,58.7,16.8,53.8,0.0,0.0,0.0
2026-04-18 19:46:30,30.5,58.7,11.3,53.8,0.0,0.0,0.0
2026-04-18 19:46:35,30.6,58.9,12.2,53.8,0.0,0.0,0.0
2026-04-18 19:46:40,30.4,58.9,24.5,53.8,0.0,0.0,0.0
2026-04-18 19:46:45,30.4,58.9,33.5,53.8,0.0,0.0,0.0
2026-04-18 19:46:50,30.5,58.8,22.9,53.8,0.0,0.0,0.0
2026-04-18 19:46:55,30.6,58.9,13.3,53.8,0.0,0.0,0.0
2026-04-18 19:47:00,30.4,58.8,26.1,53.8,0.0,0.0,0.0
2026-04-18 19:47:05,30.5,58.8,20.2,53.8,0.0,0.0,0.0
2026-04-18 19:47:10,30.4,58.9,5.7,53.8,0.0,0.0,0.0
2026-04-18 19:47:15,30.5,58.8,6.4,53.8,0.0,0.0,0.0
2026-04-18 19:47:20,30.5,58.9,40.8,53.8,0.0,0.0,0.0
2026-04-18 19:47:25,30.6,58.9,13.2,53.8,0.0,0.0,0.0
2026-04-18 19:47:30,30.5,58.8,0.0,53.8,0.0,0.0,0.0
2026-04-18 19:47:35,30.4,58.8,17.5,53.8,0.0,0.0,0.0
2026-04-18 19:47:40,30.5,58.9,0.0,53.9,0.0,0.0,0.0
2026-04-18 19:47:45,30.5,58.9,16.2,53.9,0.0,0.0,0.0
2026-04-18 19:47:50,30.5,58.9,33.1,53.8,0.0,0.0,0.0
2026-04-18 19:47:55,30.5,58.9,13.2,53.8,0.0,0.0,0.0
2026-04-18 19:48:00,30.5,58.7,6.0,53.8,0.0,0.0,0.0
2026-04-18 19:48:05,30.4,58.7,24.7,53.9,0.0,0.0,0.0
2026-04-18 19:48:10,30.5,58.6,0.0,53.9,0.0,0.0,0.0
2026-04-18 19:48:15,30.5,58.8,16.1,53.9,0.0,0.0,0.0
2026-04-18 19:48:20,30.5,58.6,35.5,53.9,0.0,0.0,0.0
2026-04-18 19:48:25,30.4,58.6,30.2,53.8,0.0,0.0,0.0
2026-04-18 19:48:30,30.5,58.6,12.1,53.8,0.0,0.0,0.0
2026-04-18 19:48:35,30.6,58.6,16.3,53.8,0.0,0.0,0.0
2026-04-18 19:48:40,30.3,58.7,1.6,53.8,0.0,0.0,0.0
2026-04-18 19:48:45,30.5,58.5,1.7,53.8,0.0,0.0,0.0
2026-04-18 19:48:50,30.5,58.7,9.7,53.8,0.0,0.0,0.0
2026-04-18 19:48:55,30.5,58.6,3.9,53.8,0.0,0.0,0.0
2026-04-18 19:49:00,30.6,58.5,25.7,53.9,0.0,0.0,0.0
2026-04-18 19:49:05,30.6,58.5,16.7,53.9,0.0,0.0,0.0
2026-04-18 19:49:10,30.5,58.6,7.1,53.9,0.0,0.0,0.0
2026-04-18 19:49:15,30.4,58.5,4.2,53.8,0.0,0.0,0.0
2026-04-18 19:49:20,30.4,58.6,14.5,53.8,0.0,0.0,0.0
2026-04-18 19:49:25,30.4,58.8,34.0,53.8,0.0,0.0,0.0
2026-04-18 19:49:30,30.3,58.7,13.0,53.8,0.0,0.0,0.0
2026-04-18 19:49:35,30.4,58.7,11.2,53.8,0.0,0.0,0.0
2026-04-18 19:49:40,30.4,58.7,16.3,53.8,0.0,0.0,0.0
2026-04-18 19:49:45,30.5,58.8,26.8,53.8,0.0,0.0,0.0
2026-04-18 19:49:50,30.6,58.6,0.0,53.8,0.0,0.0,0.0
2026-04-18 19:49:55,30.5,58.7,15.3,53.8,0.0,0.0,0.0
2026-04-18 19:50:00,30.5,58.6,6.5,53.8,0.0,0.0,0.0
2026-04-18 19:50:05,30.3,58.7,9.9,53.8,0.0,0.0,0.0
2026-04-18 19:50:10,30.5,58.8,10.4,53.8,0.0,0.0,0.0
2026-04-18 19:50:15,30.6,58.9,7.5,53.8,0.0,0.0,0.0
2026-04-18 19:50:20,30.5,58.9,13.9,53.8,0.0,0.0,0.0
2026-04-18 19:50:25,30.3,58.8,0.0,53.8,0.0,0.0,0.0
2026-04-18 19:50:30,30.4,58.9,16.7,53.8,0.0,0.0,0.0
2026-04-18 19:50:35,30.6,58.9,24.9,53.9,0.0,0.0,0.0
2026-04-18 19:50:40,30.6,58.7,33.6,53.9,0.0,0.0,0.0
2026-04-18 19:50:45,30.5,58.7,7.4,53.9,0.0,0.0,0.0
2026-04-18 19:50:50,30.4,58.7,4.9,53.9,0.0,0.0,0.0
2026-04-18 19:50:55,30.4,58.7,13.8,53.9,0.0,0.0,0.0
2026-04-18 19:51:00,30.4,58.6,25.9,53.9,0.0,0.0,0.0
2026-04-18 19:51:05,30.4,58.8,25.2,53.9,0.0,0.0,0.0
2026-04-18 19:51:10,30.6,58.9,20.7,53.8,0.0,0.0,0.0
2026-04-18 19:51:15,30.4,58.8,14.4,53.8,0.0,0.0,0.0
2026-04-18 19:51:20,30.4,58.9,8.6,53.8,0.0,0.0,0.0
2026-04-18 19:51:25,30.4,58.8,15.0,53.8,0.0,0.0,0.0
2026-04-18 19:51:30,30.4,58.7,8.7,53.9,0.0,0.0,0.0
2026-04-18 19:51:35,30.4,58.6,17.4,53.9,0.0,0.0,0.0
2026-04-18 19:51:40,30.4,58.6,22.0,53.9,0.0,0.0,0.0
2026-04-18 19:51:45,30.4,58.6,16.2,53.9,0.0,0.0,0.0
2026-04-18 19:51:50,30.5,58.5,21.9,53.9,0.0,0.0,0.0
2026-04-18 19:51:55,30.4,58.5,11.4,53.8,0.0,0.0,0.0
2026-04-18 19:52:00,30.4,58.4,26.2,53.8,0.0,0.0,0.0
2026-04-18 19:52:05,30.3,58.3,17.3,53.9,0.0,0.0,0.0
2026-04-18 19:52:10,30.4,58.1,16.6,53.9,0.0,0.0,0.0
2026-04-18 19:52:15,30.4,58.2,6.8,53.9,0.0,0.0,0.0
2026-04-18 19:52:20,30.4,58.3,22.9,53.8,0.0,0.0,0.0
2026-04-18 19:52:25,30.4,58.3,24.6,53.8,0.0,0.0,0.0
2026-04-18 19:52:30,30.4,58.2,16.1,53.8,0.0,0.0,0.0
2026-04-18 19:52:35,30.4,58.3,0.0,53.8,0.0,0.0,0.0
2026-04-18 19:52:40,30.5,58.3,28.4,53.8,0.0,0.0,0.0
2026-04-18 19:52:45,30.4,58.3,30.3,53.8,0.0,0.0,0.0
2026-04-18 19:52:50,30.5,58.1,15.8,53.8,0.0,0.0,0.0
2026-04-18 19:52:55,30.4,58.3,20.1,53.8,0.0,0.0,0.0
2026-04-18 19:53:00,30.4,58.5,26.8,53.8,0.0,0.0,0.0
2026-04-18 19:53:05,30.4,58.4,0.0,53.8,0.0,0.0,0.0
2026-04-18 19:53:10,30.4,58.2,8.1,53.8,0.0,0.0,0.0
2026-04-18 19:53:15,30.4,58.4,6.0,53.8,0.0,0.0,0.0
2026-04-18 19:53:20,30.4,58.4,9.5,53.8,0.0,0.0,0.0
2026-04-18 19:53:25,30.4,58.4,8.5,53.8,0.0,0.0,0.0
2026-04-18 19:53:30,30.4,58.5,17.6,53.8,0.0,0.0,0.0
2026-04-18 19:53:35,30.5,58.6,12.0,53.8,0.0,0.0,0.0
2026-04-18 19:53:40,30.4,58.5,26.7,53.8,0.0,0.0,0.0
2026-04-18 19:53:45,30.4,58.5,0.0,53.9,0.0,0.0,0.0
2026-04-18 19:53:50,30.5,58.6,0.0,53.9,0.0,0.0,0.0
2026-04-18 19:53:55,30.4,58.5,33.2,53.9,0.0,0.0,0.0
2026-04-18 19:54:00,30.4,58.5,0.6,53.9,0.0,0.0,0.0
2026-04-18 19:54:05,30.4,58.5,8.7,53.9,0.0,0.0,0.0
2026-04-18 19:54:10,30.4,58.3,15.7,53.9,0.0,0.0,0.0
2026-04-18 19:54:15,30.4,58.2,26.6,53.9,0.0,0.0,0.0
2026-04-18 19:54:20,30.2,58.3,10.0,53.9,0.0,0.0,0.0
2026-04-18 19:54:25,30.2,58.2,34.2,53.9,0.0,0.0,0.0
2026-04-18 19:54:30,30.3,58.2,12.9,53.9,0.0,0.0,0.0
2026-04-18 19:54:35,30.3,58.2,24.8,53.9,0.0,0.0,0.0
2026-04-18 19:54:40,30.4,58.3,13.3,53.9,0.0,0.0,0.0
2026-04-18 19:54:45,30.1,58.4,23.8,53.9,0.0,0.0,0.0
2026-04-18 19:54:50,30.3,58.5,10.7,53.9,0.0,0.0,0.0
2026-04-18 19:54:55,30.3,58.6,24.6,53.9,0.0,0.0,0.0
2026-04-18 19:55:00,30.3,58.6,9.5,53.9,0.0,0.0,0.0
2026-04-18 19:55:05,30.3,58.7,21.4,53.9,0.0,0.0,0.0
2026-04-18 19:55:10,30.3,58.7,16.3,53.9,0.0,0.0,0.0
2026-04-18 19:55:15,30.3,58.6,18.4,53.9,0.0,0.0,0.0
2026-04-18 19:55:20,30.2,58.6,4.4,53.9,0.0,0.0,0.0
2026-04-18 19:55:25,30.2,58.5,20.4,53.9,0.0,0.0,0.0
2026-04-18 19:55:30,30.5,58.5,11.7,53.9,0.0,0.0,0.0
2026-04-18 19:55:35,30.2,58.3,18.3,53.9,0.0,0.0,0.0
2026-04-18 19:55:40,30.4,58.5,11.7,53.8,0.0,0.0,0.0
2026-04-18 19:55:45,30.3,58.5,25.0,53.8,0.0,0.0,0.0
2026-04-18 19:55:50,30.5,58.5,4.5,53.9,0.0,0.0,0.0
2026-04-18 19:55:55,30.4,58.6,1.3,53.9,0.0,0.0,0.0
2026-04-18 19:56:00,30.3,58.7,7.9,53.9,0.0,0.0,0.0
2026-04-18 19:56:05,30.5,58.8,21.0,53.9,0.0,0.0,0.0
2026-04-18 19:56:10,30.3,58.8,0.0,53.9,0.0,0.0,0.0
2026-04-18 19:56:15,30.5,59.0,17.6,53.9,0.0,0.0,0.0
2026-04-18 19:56:20,30.4,59.0,10.6,53.9,0.0,0.0,0.0
2026-04-18 19:56:25,30.5,58.9,2.6,53.9,0.0,0.0,0.0
2026-04-18 19:56:30,30.3,58.9,14.6,53.9,0.0,0.0,0.0
2026-04-18 19:56:35,30.3,58.9,16.5,53.9,0.0,0.0,0.0
2026-04-18 19:56:40,30.3,58.7,14.8,53.9,0.0,0.0,0.0
2026-04-18 19:56:45,30.3,58.7,0.1,53.9,0.0,0.0,0.0
2026-04-18 19:56:50,30.3,58.8,18.2,53.9,0.0,0.0,0.0
2026-04-18 19:56:55,30.3,58.9,21.1,53.9,0.0,0.0,0.0
2026-04-18 19:57:00,30.2,58.8,5.0,53.9,0.0,0.0,0.0
2026-04-18 19:57:05,30.3,58.7,0.8,53.9,0.0,0.0,0.0
2026-04-18 19:57:10,30.3,58.7,32.9,53.9,0.0,0.0,0.0
2026-04-18 19:57:15,30.3,58.5,13.1,53.9,0.0,0.0,0.0
2026-04-18 19:57:20,30.3,58.6,0.3,53.9,0.0,0.0,0.0
2026-04-18 19:57:25,30.4,58.6,17.3,53.9,0.0,0.0,0.0
2026-04-18 19:57:30,30.3,58.5,16.7,53.9,0.0,0.0,0.0
2026-04-18 19:57:35,30.5,58.6,28.9,53.8,0.0,0.0,0.0
2026-04-18 19:57:40,30.3,58.5,22.6,53.8,0.0,0.0,0.0
2026-04-18 19:57:45,30.3,58.5,19.1,53.8,0.0,0.0,0.0
2026-04-18 19:57:50,30.3,58.7,13.7,53.8,0.0,0.0,0.0
2026-04-18 19:57:55,30.2,58.6,2.2,53.9,0.0,0.0,0.0
2026-04-18 19:58:00,30.3,58.8,15.6,53.9,0.0,0.0,0.0
2026-04-18 19:58:05,30.3,58.9,17.7,53.9,0.0,0.0,0.0
2026-04-18 19:58:10,30.3,58.9,0.0,53.9,0.0,0.0,0.0
2026-04-18 19:58:15,30.4,59.1,12.1,53.8,0.0,0.0,0.0
2026-04-18 19:58:20,30.3,59.0,1.9,53.8,0.0,0.0,0.0
2026-04-18 19:58:25,30.5,59.1,4.8,53.8,0.0,0.0,0.0
2026-04-18 19:58:30,30.3,59.0,35.8,53.9,0.0,0.0,0.0
2026-04-18 19:58:35,30.3,59.0,6.4,53.9,0.0,0.0,0.0
2026-04-18 19:58:40,30.3,59.0,15.9,53.9,0.0,0.0,0.0
2026-04-18 19:58:45,30.3,59.2,12.6,53.9,0.0,0.0,0.0
2026-04-18 19:58:50,30.3,59.2,0.5,53.9,0.0,0.0,0.0
2026-04-18 19:58:55,30.4,59.0,18.9,53.9,0.0,0.0,0.0
2026-04-18 19:59:00,30.3,59.2,18.6,53.9,0.0,0.0,0.0
2026-04-18 19:59:05,30.2,59.1,19.8,53.9,0.0,0.0,0.0
2026-04-18 19:59:10,30.3,59.2,22.6,53.9,0.0,0.0,0.0
2026-04-18 19:59:15,30.3,59.3,15.7,53.8,0.0,0.0,0.0
2026-04-18 19:59:20,30.3,59.3,20.1,53.8,0.0,0.0,0.0
2026-04-18 19:59:25,30.4,59.0,5.5,53.9,0.0,0.0,0.0
2026-04-18 19:59:30,30.3,59.1,12.3,53.9,0.0,0.0,0.0
2026-04-18 19:59:35,30.4,59.1,26.5,53.9,0.0,0.0,0.0
2026-04-18 19:59:40,30.4,59.0,17.1,53.9,0.0,0.0,0.0
2026-04-18 19:59:45,30.4,59.0,17.0,53.9,0.0,0.0,0.0
2026-04-18 19:59:50,30.3,58.9,24.3,53.9,0.0,0.0,0.0
2026-04-18 19:59:55,30.2,58.9,3.3,53.9,0.0,0.0,0.0
