Timestamp,Temperature,Humidity,Light,Soil_Moisture,Drip,Mist,Fan
2026-04-09 17:00:03,30.1,52.5,140.6,54.4,0.0,0.0,0.0
2026-04-09 17:00:08,29.9,52.5,142.0,54.3,0.0,0.0,0.0
2026-04-09 17:00:13,30.0,52.6,145.4,54.3,0.0,0.0,0.0
2026-04-09 17:00:18,30.0,52.7,154.4,54.3,0.0,0.0,0.0
2026-04-09 17:00:23,30.1,52.7,159.7,54.3,0.0,0.0,0.0
2026-04-09 17:00:28,29.9,52.7,153.6,54.3,0.0,0.0,0.0
2026-04-09 17:00:33,30.1,52.7,140.3,54.3,0.0,0.0,0.0
2026-04-09 17:00:38,29.9,52.7,139.7,54.3,0.0,0.0,0.0
2026-04-09 17:00:43,30.1,52.7,134.4,54.3,0.0,0.0,0.0
2026-04-09 17:00:48,29.9,52.8,138.8,54.3,0.0,0.0,0.0
2026-04-09 17:00:53,29.9,52.7,132.2,54.4,0.0,0.0,0.0
2026-04-09 17:00:58,29.8,52.7,141.0,54.4,0.0,0.0,0.0
2026-04-09 17:01:03,29.8,52.7,140.7,54.4,0.0,0.0,0.0
2026-04-09 17:01:08,30.1,52.6,121.0,54.4,0.0,0.0,0.0
2026-04-09 17:01:13,30.0,52.6,136.4,54.4,0.0,0.0,0.0
2026-04-09 17:01:18,30.0,52.7,147.4,54.4,0.0,0.0,0.0
2026-04-09 17:01:23,29.9,52.8,141.6,54.3,0.0,0.0,0.0
2026-04-09 17:01:28,30.0,52.8,128.2,54.3,0.0,0.0,0.0
2026-04-09 17:01:33,29.8,52.8,126.2,54.3,0.0,0.0,0.0
2026-04-09 17:01:38,29.9,52.7,144.2,54.3,0.0,0.0,0.0
2026-04-09 17:01:43,29.9,52.7,140.7,54.3,0.0,0.0,0.0
2026-04-09 17:01:48,30.0,52.6,134.4,54.3,0.0,0.0,0.0
2026-04-09 17:01:53,30.0,52.8,138.5,54.3,0.0,0.0,0.0
2026-04-09 17:01:58,29.9,52.8,131.9,54.3,0.0,0.0,0.0
2026-04-09 17:02:03,30.0,53.0,130.4,54.3,0.0,0.0,0.0
2026-04-09 17:02:08,30.1,52.7,148.7,54.3,0.0,0.0,0.0
2026-04-09 17:02:13,29.9,52.9,147.9,54.3,0.0,0.0,0.0
2026-04-09 17:02:18,30.0,52.9,139.7,54.3,0.0,0.0,0.0
2026-04-09 17:02:23,30.0,52.9,137.5,54.3,0.0,0.0,0.0
2026-04-09 17:02:28,30.2,52.9,119.2,54.3,0.0,0.0,0.0
2026-04-09 17:02:33,29.9,52.9,148.6,54.3,0.0,0.0,0.0
2026-04-09 17:02:38,30.0,52.9,118.1,54.3,0.0,0.0,0.0
2026-04-09 17:02:43,29.9,52.9,144.7,54.3,0.0,0.0,0.0
2026-04-09 17:02:48,30.1,53.0,123.9,54.3,0.0,0.0,0.0
2026-04-09 17:02:53,30.0,53.0,141.5,54.3,0.0,0.0,0.0
2026-04-09 17:02:58,30.1,53.0,134.7,54.3,0.0,0.0,0.0
2026-04-09 17:03:03,29.9,53.1,140.2,54.3,0.0,0.0,0.0
2026-04-09 17:03:08,30.1,53.0,143.0,54.3,0.0,0.0,0.0
2026-04-09 17:03:13,30.0,53.1,137.3,54.3,0.0,0.0,0.0
2026-04-09 17:03:18,29.9,52.9,125.4,54.3,0.0,0.0,0.0
2026-04-09 17:03:23,30.0,53.0,139.7,54.3,0.0,0.0,0.0
2026-04-09 17:03:28,29.7,53.0,146.7,54.3,0.0,0.0,0.0
2026-04-09 17:03:33,30.0,53.0,152.5,54.3,0.0,0.0,0.0
2026-04-09 17:03:38,29.8,52.8,144.9,54.3,0.0,0.0,0.0
2026-04-09 17:03:43,29.9,52.7,124.1,54.3,0.0,0.0,0.0
2026-04-09 17:03:48,29.9,52.8,132.5,54.3,0.0,0.0,0.0
2026-04-09 17:03:53,29.9,52.8,145.1,54.3,0.0,0.0,0.0
2026-04-09 17:03:58,30.0,52.9,130.5,54.3,0.0,0.0,0.0
2026-04-09 17:04:03,29.8,53.0,126.3,54.3,0.0,0.0,0.0
2026-04-09 17:04:08,29.9,53.0,138.6,54.3,0.0,0.0,0.0
2026-04-09 17:04:13,29.8,53.1,140.5,54.3,0.0,0.0,0.0
2026-04-09 17:04:18,30.1,52.9,147.0,54.3,0.0,0.0,0.0
2026-04-09 17:04:23,30.0,53.0,127.6,54.3,0.0,0.0,0.0
2026-04-09 17:04:28,30.0,53.0,122.7,54.3,0.0,0.0,0.0
2026-04-09 17:04:33,30.0,52.9,133.0,54.3,0.0,0.0,0.0
2026-04-09 17:04:38,30.0,53.0,142.5,54.3,0.0,0.0,0.0
2026-04-09 17:04:43,29.8,53.0,132.4,54.3,0.0,0.0,0.0
2026-04-09 17:04:48,29.9,52.9,129.3,54.3,0.0,0.0,0.0
2026-04-09 17:04:53,30.0,52.9,145.6,54.3,0.0,0.0,0.0
2026-04-09 17:04:58,29.9,53.1,130.3,54.3,0.0,0.0,0.0
2026-04-09 17:05:03,29.9,53.1,140.5,54.3,0.0,0.0,0.0
2026-04-09 17:05:08,29.9,52.9,146.6,54.3,0.0,0.0,0.0
2026-04-09 17:05:13,29.9,53.0,131.0,54.3,0.0,0.0,0.0
2026-04-09 17:05:18,29.9,52.9,124.8,54.3,0.0,0.0,0.0
2026-04-09 17:05:23,30.0,53.0,116.7,54.3,0.0,0.0,0.0
2026-04-09 17:05:28,30.0,53.0,110.2,54.2,0.0,0.0,0.0
2026-04-09 17:05:33,29.9,52.9,132.6,54.2,0.0,0.0,0.0
2026-04-09 17:05:38,30.0,53.0,111.0,54.3,0.0,0.0,0.0
2026-04-09 17:05:43,29.9,53.0,127.5,54.3,0.0,0.0,0.0
2026-04-09 17:05:48,30.0,53.2,110.8,54.3,0.0,0.0,0.0
2026-04-09 17:05:53,30.2,53.2,133.0,54.3,0.0,0.0,0.0
2026-04-09 17:05:58,30.0,53.3,119.0,54.3,0.0,0.0,0.0
2026-04-09 17:06:03,30.0,53.3,140.9,54.3,0.0,0.0,0.0
2026-04-09 17:06:08,30.0,53.2,123.1,54.3,0.0,0.0,0.0
2026-04-09 17:06:13,30.0,53.3,135.0,54.3,0.0,0.0,0.0
2026-04-09 17:06:18,30.1,53.2,140.6,54.3,0.0,0.0,0.0
2026-04-09 17:06:23,29.9,53.2,119.1,54.3,0.0,0.0,0.0
2026-04-09 17:06:28,30.1,53.2,114.2,54.3,0.0,0.0,0.0
2026-04-09 17:06:33,30.0,53.2,125.4,54.3,0.0,0.0,0.0
2026-04-09 17:06:38,30.0,53.1,131.8,54.3,0.0,0.0,0.0
2026-04-09 17:06:43,30.0,53.2,132.3,54.3,0.0,0.0,0.0
2026-04-09 17:06:48,29.9,53.2,101.2,54.3,0.0,0.0,0.0
2026-04-09 17:06:53,30.1,53.1,119.2,54.3,0.0,0.0,0.0
2026-04-09 17:06:58,29.9,53.1,120.9,54.3,0.0,0.0,0.0
2026-04-09 17:07:03,30.0,53.2,118.0,54.3,0.0,0.0,0.0
2026-04-09 17:07:08,29.9,53.1,126.0,54.3,0.0,0.0,0.0
2026-04-09 17:07:13,30.0,53.1,95.5,54.3,0.0,0.0,0.0
2026-04-09 17:07:18,29.9,53.0,137.3,54.3,0.0,0.0,0.0
2026-04-09 17:07:23,29.9,53.1,114.2,54.3,0.0,0.0,0.0
2026-04-09 17:07:28,29.9,53.1,111.4,54.3,0.0,0.0,0.0
2026-04-09 17:07:33,29.9,53.2,122.0,54.3,0.0,0.0,0.0
2026-04-09 17:07:38,30.0,53.3,117.9,54.3,0.0,0.0,0.0
2026-04-09 17:07:43,30.1,53.4,118.7,54.3,0.0,0.0,0.0
2026-04-09 17:07:48,30.0,53.4,134.8,54.3,0.0,0.0,0.0
2026-04-09 17:07:53,30.0,53.3,133.4,54.3,0.0,0.0,0.0
2026-04-09 17:07:58,30.1,53.4,123.4,54.3,0.0,0.0,0.0
2026-04-09 17:08:03,29.7,53.3,125.9,54.3,0.0,0.0,0.0
2026-04-09 17:08:08,30.0,53.4,120.3,54.3,0.0,0.0,0.0
2026-04-09 17:08:13,29.8,53.5,109.2,54.2,0.0,0.0,0.0
2026-04-09 17:08:18,30.0,53.4,118.6,54.2,0.0,0.0,0.0
2026-04-09 17:08:23,29.9,53.4,135.3,54.2,0.0,0.0,0.0
2026-04-09 17:08:28,29.9,53.5,116.5,54.2,0.0,0.0,0.0
2026-04-09 17:08:33,30.0,53.5,137.4,54.3,0.0,0.0,0.0
2026-04-09 17:08:38,30.0,53.6,108.8,54.3,0.0,0.0,0.0
2026-04-09 17:08:43,29.9,53.6,120.0,54.3,0.0,0.0,0.0
2026-04-09 17:08:48,29.9,53.5,114.7,54.3,0.0,0.0,0.0
2026-04-09 17:08:53,30.0,53.4,114.2,54.3,0.0,0.0,0.0
2026-04-09 17:08:58,29.9,53.4,133.8,54.3,0.0,0.0,0.0
2026-04-09 17:09:03,30.0,53.5,121.2,54.3,0.0,0.0,0.0
2026-04-09 17:09:08,30.0,53.3,129.9,54.3,0.0,0.0,0.0
2026-04-09 17:09:13,29.9,53.3,116.8,54.3,0.0,0.0,0.0
2026-04-09 17:09:18,29.9,53.4,123.2,54.3,0.0,0.0,0.0
2026-04-09 17:09:23,29.9,53.5,116.7,54.3,0.0,0.0,0.0
2026-04-09 17:09:28,30.0,53.4,129.3,54.3,0.0,0.0,0.0
2026-04-09 17:09:33,29.9,53.4,112.8,54.3,0.0,0.0,0.0
2026-04-09 17:09:38,29.9,53.4,102.7,54.3,0.0,0.0,0.0
2026-04-09 17:09:43,30.0,53.4,126.3,54.3,0.0,0.0,0.0
2026-04-09 17:09:48,30.0,53.2,99.2,54.3,0.0,0.0,0.0
2026-04-09 17:09:53,29.9,53.3,106.2,54.3,0.0,0.0,0.0
2026-04-09 17:09:58,29.9,53.3,126.9,54.3,0.0,0.0,0.0
2026-04-09 17:10:03,30.0,53.2,114.9,54.2,0.0,0.0,0.0
2026-04-09 17:10:08,30.0,53.2,118.5,54.2,0.0,0.0,0.0
2026-04-09 17:10:13,30.0,53.3,127.8,54.2,0.0,0.0,0.0
2026-04-09 17:10:18,29.9,53.2,113.0,54.2,0.0,0.0,0.0
2026-04-09 17:10:23,29.9,53.2,121.9,54.3,0.0,0.0,0.0
2026-04-09 17:10:28,29.9,53.1,126.3,54.3,0.0,0.0,0.0
2026-04-09 17:10:33,29.9,53.1,104.5,54.3,0.0,0.0,0.0
2026-04-09 17:10:38,30.0,53.1,127.7,54.3,0.0,0.0,0.0
2026-04-09 17:10:43,30.0,53.0,104.3,54.3,0.0,0.0,0.0
2026-04-09 17:10:48,30.1,53.1,110.9,54.3,0.0,0.0,0.0
2026-04-09 17:10:53,30.0,53.1,113.0,54.3,0.0,0.0,0.0
2026-04-09 17:10:58,29.9,53.2,116.3,54.3,0.0,0.0,0.0
2026-04-09 17:11:03,29.8,53.1,123.3,54.3,0.0,0.0,0.0
2026-04-09 17:11:08,30.1,53.1,104.3,54.2,0.0,0.0,0.0
2026-04-09 17:11:13,29.9,53.2,116.0,54.2,0.0,0.0,0.0
2026-04-09 17:11:18,30.0,53.3,104.4,54.2,0.0,0.0,0.0
2026-04-09 17:11:23,29.9,53.4,125.7,54.3,0.0,0.0,0.0
2026-04-09 17:11:28,29.8,53.4,122.7,54.3,0.0,0.0,0.0
2026-04-09 17:11:33,30.0,53.5,112.5,54.3,0.0,0.0,0.0
2026-04-09 17:11:38,30.0,53.4,94.9,54.3,0.0,0.0,0.0
2026-04-09 17:11:43,30.0,53.5,96.6,54.3,0.0,0.0,0.0
2026-04-09 17:11:48,30.0,53.5,119.4,54.3,0.0,0.0,0.0
2026-04-09 17:11:53,29.8,53.5,107.8,54.3,0.0,0.0,0.0
2026-04-09 17:11:58,29.9,53.4,104.2,54.3,0.0,0.0,0.0
2026-04-09 17:12:03,29.9,53.5,124.0,54.3,0.0,0.0,0.0
2026-04-09 17:12:08,29.9,53.5,94.4,54.3,0.0,0.0,0.0
2026-04-09 17:12:13,29.7,53.5,120.4,54.3,0.0,0.0,0.0
2026-04-09 17:12:18,29.7,53.5,113.9,54.3,0.0,0.0,0.0
2026-04-09 17:12:23,30.1,53.6,131.8,54.3,0.0,0.0,0.0
2026-04-09 17:12:28,29.9,53.7,107.2,54.3,0.0,0.0,0.0
2026-04-09 17:12:33,29.9,53.6,106.8,54.3,0.0,0.0,0.0
2026-04-09 17:12:38,29.9,53.7,109.6,54.3,0.0,0.0,0.0
2026-04-09 17:12:43,29.9,53.7,123.9,54.3,0.0,0.0,0.0
2026-04-09 17:12:48,29.8,53.7,128.2,54.3,0.0,0.0,0.0
2026-04-09 17:12:53,29.9,53.8,111.4,54.3,0.0,0.0,0.0
2026-04-09 17:12:58,29.9,53.8,96.5,54.3,0.0,0.0,0.0
2026-04-09 17:13:03,30.0,53.7,118.0,54.3,0.0,0.0,0.0
2026-04-09 17:13:08,29.9,53.7,128.8,54.3,0.0,0.0,0.0
2026-04-09 17:13:13,29.9,53.8,130.3,54.3,0.0,0.0,0.0
2026-04-09 17:13:18,29.8,53.6,113.5,54.3,0.0,0.0,0.0
2026-04-09 17:13:23,29.9,53.8,118.4,54.3,0.0,0.0,0.0
2026-04-09 17:13:28,29.9,53.8,99.7,54.3,0.0,0.0,0.0
2026-04-09 17:13:33,29.9,53.9,105.5,54.3,0.0,0.0,0.0
2026-04-09 17:13:38,29.9,53.9,115.6,54.3,0.0,0.0,0.0
2026-04-09 17:13:43,29.8,53.9,102.4,54.3,0.0,0.0,0.0
2026-04-09 17:13:48,29.8,53.7,111.6,54.2,0.0,0.0,0.0
2026-04-09 17:13:53,29.9,53.8,89.4,54.2,0.0,0.0,0.0
2026-04-09 17:13:58,30.0,53.7,103.9,54.2,0.0,0.0,0.0
2026-04-09 17:14:03,29.9,53.8,97.5,54.2,0.0,0.0,0.0
2026-04-09 17:14:08,30.0,53.9,95.2,54.2,0.0,0.0,0.0
2026-04-09 17:14:13,29.8,53.9,116.2,54.3,0.0,0.0,0.0
2026-04-09 17:14:18,29.8,54.0,105.7,54.3,0.0,0.0,0.0
2026-04-09 17:14:23,29.9,53.9,105.5,54.3,0.0,0.0,0.0
2026-04-09 17:14:28,29.9,54.0,135.9,54.2,0.0,0.0,0.0
2026-04-09 17:14:33,30.0,54.0,98.6,54.2,0.0,0.0,0.0
2026-04-09 17:14:38,30.0,54.0,109.6,54.2,0.0,0.0,0.0
2026-04-09 17:14:43,29.8,54.0,108.1,54.3,0.0,0.0,0.0
2026-04-09 17:14:48,29.7,54.0,108.2,54.3,0.0,0.0,0.0
2026-04-09 17:14:53,30.1,54.1,117.6,54.3,0.0,0.0,0.0
2026-04-09 17:14:58,29.9,54.0,93.6,54.3,0.0,0.0,0.0
2026-04-09 17:15:03,29.9,54.0,95.1,54.3,0.0,0.0,0.0
2026-04-09 17:15:08,30.1,54.0,101.5,54.3,0.0,0.0,0.0
2026-04-09 17:15:13,30.0,54.0,95.7,54.3,0.0,0.0,0.0
2026-04-09 17:15:18,30.1,54.1,105.9,54.3,0.0,0.0,0.0
2026-04-09 17:15:23,29.9,54.2,100.0,54.3,0.0,0.0,0.0
2026-04-09 17:15:28,30.0,54.2,102.5,54.3,0.0,0.0,0.0
2026-04-09 17:15:33,30.0,54.2,110.7,54.3,0.0,0.0,0.0
2026-04-09 17:15:38,29.9,54.3,112.7,54.3,0.0,0.0,0.0
2026-04-09 17:15:43,29.8,54.3,104.7,54.3,0.0,0.0,0.0
2026-04-09 17:15:48,30.0,54.2,107.9,54.3,0.0,0.0,0.0
2026-04-09 17:15:53,30.0,54.4,103.5,54.3,0.0,0.0,0.0
2026-04-09 17:15:58,30.0,54.3,109.3,54.3,0.0,0.0,0.0
2026-04-09 17:16:03,29.9,54.3,93.7,54.3,0.0,0.0,0.0
2026-04-09 17:16:08,30.0,54.3,90.9,54.3,0.0,0.0,0.0
2026-04-09 17:16:13,29.9,54.4,88.6,54.2,0.0,0.0,0.0
2026-04-09 17:16:18,30.0,54.3,98.6,54.2,0.0,0.0,0.0
2026-04-09 17:16:23,29.9,54.3,104.1,54.2,0.0,0.0,0.0
2026-04-09 17:16:28,29.8,54.4,98.6,54.2,0.0,0.0,0.0
2026-04-09 17:16:33,29.9,54.3,94.7,54.2,0.0,0.0,0.0
2026-04-09 17:16:38,30.0,54.3,92.6,54.3,0.0,0.0,0.0
2026-04-09 17:16:43,29.8,54.4,100.7,54.3,0.0,0.0,0.0
2026-04-09 17:16:48,30.0,54.5,94.8,54.3,0.0,0.0,0.0
2026-04-09 17:16:53,29.9,54.5,105.3,54.3,0.0,0.0,0.0
2026-04-09 17:16:58,30.0,54.5,87.6,54.3,0.0,0.0,0.0
2026-04-09 17:17:03,30.1,54.5,85.9,54.3,0.0,0.0,0.0
2026-04-09 17:17:08,30.0,54.5,102.3,54.3,0.0,0.0,0.0
2026-04-09 17:17:13,30.1,54.4,106.5,54.3,0.0,0.0,0.0
2026-04-09 17:17:18,29.8,54.6,80.2,54.3,0.0,0.0,0.0
2026-04-09 17:17:23,30.0,54.5,64.6,54.3,0.0,0.0,0.0
2026-04-09 17:17:28,29.9,54.6,80.1,54.3,0.0,0.0,0.0
2026-04-09 17:17:33,29.9,54.7,107.8,54.3,0.0,0.0,0.0
2026-04-09 17:17:38,30.1,54.6,89.3,54.3,0.0,0.0,0.0
2026-04-09 17:17:43,29.9,54.6,100.1,54.3,0.0,0.0,0.0
2026-04-09 17:17:48,29.9,54.6,104.8,54.3,0.0,0.0,0.0
2026-04-09 17:17:53,30.0,54.6,92.7,54.2,0.0,0.0,0.0
2026-04-09 17:17:58,29.9,54.6,91.5,54.2,0.0,0.0,0.0
2026-04-09 17:18:03,29.8,54.5,114.2,54.2,0.0,0.0,0.0
2026-04-09 17:18:08,29.9,54.6,93.7,54.2,0.0,0.0,0.0
2026-04-09 17:18:13,29.9,54.4,95.0,54.2,0.0,0.0,0.0
2026-04-09 17:18:18,29.8,54.5,106.3,54.2,0.0,0.0,0.0
2026-04-09 17:18:23,30.0,54.5,93.9,54.3,0.0,0.0,0.0
2026-04-09 17:18:28,29.8,54.4,103.1,54.3,0.0,0.0,0.0
2026-04-09 17:18:33,30.0,54.4,110.9,54.3,0.0,0.0,0.0
2026-04-09 17:18:38,29.7,54.4,91.7,54.3,0.0,0.0,0.0
2026-04-09 17:18:43,30.0,54.5,90.0,54.3,0.0,0.0,0.0
2026-04-09 17:18:48,29.9,54.4,109.2,54.3,0.0,0.0,0.0
2026-04-09 17:18:53,30.0,54.4,83.7,54.2,0.0,0.0,0.0
2026-04-09 17:18:58,29.9,54.5,97.9,54.2,0.0,0.0,0.0
2026-04-09 17:19:03,29.9,54.6,90.3,54.2,0.0,0.0,0.0
2026-04-09 17:19:08,29.8,54.5,73.3,54.3,0.0,0.0,0.0
2026-04-09 17:19:13,30.0,54.6,98.6,54.3,0.0,0.0,0.0
2026-04-09 17:19:18,29.9,54.6,106.0,54.2,0.0,0.0,0.0
2026-04-09 17:19:23,30.0,54.4,101.2,54.2,0.0,0.0,0.0
2026-04-09 17:19:28,30.0,54.4,91.8,54.2,0.0,0.0,0.0
2026-04-09 17:19:33,29.9,54.4,80.9,54.3,0.0,0.0,0.0
2026-04-09 17:19:38,30.0,54.3,90.8,54.3,0.0,0.0,0.0
2026-04-09 17:19:43,29.8,54.4,87.8,54.3,0.0,0.0,0.0
2026-04-09 17:19:48,29.9,54.4,90.2,54.3,0.0,0.0,0.0
2026-04-09 17:19:53,30.1,54.4,86.7,54.3,0.0,0.0,0.0
2026-04-09 17:19:58,30.0,54.4,82.9,54.3,0.0,0.0,0.0
2026-04-09 17:20:03,30.0,54.4,84.8,54.3,0.0,0.0,0.0
2026-04-09 17:20:08,30.0,54.5,88.8,54.3,0.0,0.0,0.0
2026-04-09 17:20:13,29.9,54.5,95.3,54.3,0.0,0.0,0.0
2026-04-09 17:20:18,29.9,54.4,88.5,54.3,0.0,0.0,0.0
2026-04-09 17:20:23,29.9,54.4,90.2,54.3,0.0,0.0,0.0
2026-04-09 17:20:28,29.9,54.3,100.9,54.3,0.0,0.0,0.0
2026-04-09 17:20:33,29.8,54.3,98.6,54.3,0.0,0.0,0.0
2026-04-09 17:20:38,30.0,54.3,85.5,54.3,0.0,0.0,0.0
2026-04-09 17:20:43,29.9,54.3,83.4,54.3,0.0,0.0,0.0
2026-04-09 17:20:48,29.9,54.2,93.7,54.3,0.0,0.0,0.0
2026-04-09 17:20:53,30.1,54.1,90.8,54.3,0.0,0.0,0.0
2026-04-09 17:20:58,29.9,54.1,81.0,54.2,0.0,0.0,0.0
2026-04-09 17:21:03,29.9,54.0,114.0,54.2,0.0,0.0,0.0
2026-04-09 17:21:08,29.9,54.0,99.9,54.2,0.0,0.0,0.0
2026-04-09 17:21:13,29.9,53.9,93.2,54.2,0.0,0.0,0.0
2026-04-09 17:21:18,30.0,53.9,80.1,54.2,0.0,0.0,0.0
2026-04-09 17:21:23,29.9,54.0,96.8,54.2,0.0,0.0,0.0
2026-04-09 17:21:28,29.9,53.9,93.5,54.2,0.0,0.0,0.0
2026-04-09 17:21:33,29.8,53.9,92.3,54.2,0.0,0.0,0.0
2026-04-09 17:21:38,29.9,54.0,84.2,54.2,0.0,0.0,0.0
2026-04-09 17:21:43,29.8,54.1,93.9,54.2,0.0,0.0,0.0
2026-04-09 17:21:48,29.9,54.1,97.7,54.2,0.0,0.0,0.0
2026-04-09 17:21:53,30.0,54.1,92.6,54.2,0.0,0.0,0.0
2026-04-09 17:21:58,29.8,54.3,92.6,54.3,0.0,0.0,0.0
2026-04-09 17:22:03,29.8,54.3,92.6,54.3,0.0,0.0,0.0
2026-04-09 17:22:08,29.9,54.4,70.0,54.3,0.0,0.0,0.0
2026-04-09 17:22:13,29.9,54.3,73.8,54.3,0.0,0.0,0.0
2026-04-09 17:22:18,30.0,54.3,83.5,54.3,0.0,0.0,0.0
2026-04-09 17:22:23,29.7,54.4,95.1,54.2,0.0,0.0,0.0
2026-04-09 17:22:28,30.0,54.4,81.4,54.2,0.0,0.0,0.0
2026-04-09 17:22:33,29.9,54.5,72.7,54.2,0.0,0.0,0.0
2026-04-09 17:22:38,30.0,54.4,77.9,54.2,0.0,0.0,0.0
2026-04-09 17:22:43,30.1,54.4,93.8,54.2,0.0,0.0,0.0
2026-04-09 17:22:48,30.0,54.5,81.3,54.2,0.0,0.0,0.0
2026-04-09 17:22:53,29.8,54.5,84.2,54.2,0.0,0.0,0.0
2026-04-09 17:22:58,29.9,54.5,93.0,54.2,0.0,0.0,0.0
2026-04-09 17:23:03,29.9,54.4,97.0,54.2,0.0,0.0,0.0
2026-04-09 17:23:08,29.9,54.4,65.5,54.2,0.0,0.0,0.0
2026-04-09 17:23:13,29.9,54.4,100.6,54.2,0.0,0.0,0.0
2026-04-09 17:23:18,29.9,54.3,98.1,54.2,0.0,0.0,0.0
2026-04-09 17:23:23,29.9,54.4,73.4,54.2,0.0,0.0,0.0
2026-04-09 17:23:28,29.9,54.6,92.3,54.2,0.0,0.0,0.0
2026-04-09 17:23:33,29.9,54.6,87.6,54.2,0.0,0.0,0.0
2026-04-09 17:23:38,30.0,54.7,75.7,54.2,0.0,0.0,0.0
2026-04-09 17:23:43,29.9,54.6,77.5,54.2,0.0,0.0,0.0
2026-04-09 17:23:48,29.8,54.7,93.4,54.3,0.0,0.0,0.0
2026-04-09 17:23:53,30.0,54.6,75.6,54.3,0.0,0.0,0.0
2026-04-09 17:23:58,30.0,54.6,64.5,54.3,0.0,0.0,0.0
2026-04-09 17:24:03,29.9,54.6,89.1,54.2,0.0,0.0,0.0
2026-04-09 17:24:08,29.8,54.7,91.9,54.2,0.0,0.0,0.0
2026-04-09 17:24:13,29.9,54.5,91.2,54.2,0.0,0.0,0.0
2026-04-09 17:24:18,30.1,54.7,72.3,54.2,0.0,0.0,0.0
2026-04-09 17:24:23,30.0,54.7,91.9,54.2,0.0,0.0,0.0
2026-04-09 17:24:28,30.0,54.6,67.5,54.2,0.0,0.0,0.0
2026-04-09 17:24:33,29.8,54.6,67.2,54.2,0.0,0.0,0.0
2026-04-09 17:24:38,29.9,54.6,92.4,54.2,0.0,0.0,0.0
2026-04-09 17:24:43,29.8,54.7,94.1,54.3,0.0,0.0,0.0
2026-04-09 17:24:48,29.8,54.8,80.0,54.3,0.0,0.0,0.0
2026-04-09 17:24:53,30.0,54.6,71.6,54.2,0.0,0.0,0.0
2026-04-09 17:24:58,29.8,54.6,77.4,54.2,0.0,0.0,0.0
2026-04-09 17:25:03,29.9,54.7,81.2,54.2,0.0,0.0,0.0
2026-04-09 17:25:08,29.8,54.7,70.0,54.2,0.0,0.0,0.0
2026-04-09 17:25:13,29.9,54.7,73.6,54.2,0.0,0.0,0.0
2026-04-09 17:25:18,29.8,54.7,82.2,54.2,0.0,0.0,0.0
2026-04-09 17:25:23,29.9,54.7,76.4,54.2,0.0,0.0,0.0
2026-04-09 17:25:28,29.9,54.7,80.1,54.2,0.0,0.0,0.0
2026-04-09 17:25:33,30.0,54.7,70.7,54.2,0.0,0.0,0.0
2026-04-09 17:25:38,29.8,54.7,86.9,54.2,0.0,0.0,0.0
2026-04-09 17:25:43,29.9,54.8,66.9,54.2,0.0,0.0,0.0
2026-04-09 17:25:48,29.9,54.8,69.0,54.2,0.0,0.0,0.0
2026-04-09 17:25:53,30.0,54.9,78.0,54.2,0.0,0.0,0.0
2026-04-09 17:25:58,29.7,54.9,93.4,54.2,0.0,0.0,0.0
2026-04-09 17:26:03,29.9,55.0,89.3,54.2,0.0,0.0,0.0
2026-04-09 17:26:08,30.0,54.9,81.4,54.2,0.0,0.0,0.0
2026-04-09 17:26:13,30.0,54.9,78.0,54.2,0.0,0.0,0.0
2026-04-09 17:26:18,29.9,54.9,67.4,54.2,0.0,0.0,0.0
2026-04-09 17:26:23,29.8,54.9,94.6,54.2,0.0,0.0,0.0
2026-04-09 17:26:28,30.0,54.9,78.8,54.2,0.0,0.0,0.0
2026-04-09 17:26:33,29.9,55.0,70.1,54.2,0.0,0.0,0.0
2026-04-09 17:26:38,29.7,55.0,77.4,54.2,0.0,0.0,0.0
2026-04-09 17:26:43,29.7,54.9,85.5,54.2,0.0,0.0,0.0
2026-04-09 17:26:48,29.7,54.8,74.8,54.2,0.0,0.0,0.0
2026-04-09 17:26:53,30.0,54.9,95.5,54.2,0.0,0.0,0.0
2026-04-09 17:26:58,29.9,55.0,84.4,54.2,0.0,0.0,0.0
2026-04-09 17:27:03,30.0,55.0,99.6,54.2,0.0,0.0,0.0
2026-04-09 17:27:08,30.0,55.0,91.1,54.2,0.0,0.0,0.0
2026-04-09 17:27:13,29.8,55.0,73.8,54.2,0.0,0.0,0.0
2026-04-09 17:27:18,29.9,55.1,81.2,54.2,0.0,0.0,0.0
2026-04-09 17:27:23,29.7,55.1,73.4,54.2,0.0,0.0,0.0
2026-04-09 17:27:28,29.9,55.1,80.5,54.2,0.0,0.0,0.0
2026-04-09 17:27:33,29.8,55.1,80.9,54.2,0.0,0.0,0.0
2026-04-09 17:27:38,29.8,55.1,79.1,54.2,0.0,0.0,0.0
2026-04-09 17:27:43,29.8,55.0,75.0,54.2,0.0,0.0,0.0
2026-04-09 17:27:48,29.8,54.9,79.5,54.2,0.0,0.0,0.0
2026-04-09 17:27:53,29.7,54.9,66.0,54.2,0.0,0.0,0.0
2026-04-09 17:27:58,29.9,54.9,89.5,54.2,0.0,0.0,0.0
2026-04-09 17:28:03,29.8,54.9,86.8,54.2,0.0,0.0,0.0
2026-04-09 17:28:08,29.7,54.9,77.2,54.2,0.0,0.0,0.0
2026-04-09 17:28:13,29.7,54.9,75.0,54.2,0.0,0.0,0.0
2026-04-09 17:28:18,29.8,54.8,68.4,54.2,0.0,0.0,0.0
2026-04-09 17:28:23,29.8,54.7,81.6,54.2,0.0,0.0,0.0
2026-04-09 17:28:28,29.8,54.7,57.9,54.2,0.0,0.0,0.0
2026-04-09 17:28:33,29.9,54.7,72.8,54.2,0.0,0.0,0.0
2026-04-09 17:28:38,30.0,54.9,81.5,54.2,0.0,0.0,0.0
2026-04-09 17:28:43,29.7,54.8,68.7,54.2,0.0,0.0,0.0
2026-04-09 17:28:48,,54.8,79.1,54.2,0.0,0.0,0.0
2026-04-09 17:28:53,29.8,54.7,76.1,54.2,0.0,0.0,0.0
2026-04-09 17:28:58,29.8,54.8,86.1,54.3,0.0,0.0,0.0
2026-04-09 17:29:03,29.8,54.8,83.1,54.3,0.0,0.0,0.0
2026-04-09 17:29:08,29.8,54.7,87.3,54.3,0.0,0.0,0.0
2026-04-09 17:29:13,29.8,54.6,80.6,54.2,0.0,0.0,0.0
2026-04-09 17:29:18,29.7,54.6,91.9,54.2,0.0,0.0,0.0
2026-04-09 17:29:23,29.8,54.6,72.2,54.2,0.0,0.0,0.0
2026-04-09 17:29:28,29.8,54.6,49.4,54.2,0.0,0.0,0.0
2026-04-09 17:29:33,29.8,54.6,75.7,54.2,0.0,0.0,0.0
2026-04-09 17:29:38,29.9,54.5,68.5,54.2,0.0,0.0,0.0
2026-04-09 17:29:43,29.9,54.6,77.5,54.2,0.0,0.0,0.0
2026-04-09 17:29:48,29.7,54.7,55.2,54.2,0.0,0.0,0.0
2026-04-09 17:29:53,29.8,54.7,71.4,54.2,0.0,0.0,0.0
2026-04-09 17:29:58,29.8,54.6,57.5,54.2,0.0,0.0,0.0
2026-04-09 17:30:03,29.7,54.6,71.9,54.2,0.0,0.0,0.0
2026-04-09 17:30:08,29.8,54.7,61.6,54.2,0.0,0.0,0.0
2026-04-09 17:30:13,29.8,54.7,67.0,54.3,0.0,0.0,0.0
2026-04-09 17:30:18,29.8,54.8,70.0,54.3,0.0,0.0,0.0
2026-04-09 17:30:23,29.7,54.8,72.1,54.3,0.0,0.0,0.0
2026-04-09 17:30:28,29.9,54.9,76.1,54.3,0.0,0.0,0.0
2026-04-09 17:30:33,29.8,54.9,70.6,54.3,0.0,0.0,0.0
2026-04-09 17:30:38,29.9,54.9,71.7,54.2,0.0,0.0,0.0
2026-04-09 17:30:43,29.8,54.9,88.2,54.2,0.0,0.0,0.0
2026-04-09 17:30:48,29.7,54.8,60.0,54.2,0.0,0.0,0.0
2026-04-09 17:30:53,29.7,54.8,68.5,54.3,0.0,0.0,0.0
2026-04-09 17:30:58,29.8,55.0,68.2,54.3,0.0,0.0,0.0
2026-04-09 17:31:03,29.8,55.0,51.0,54.3,0.0,0.0,0.0
2026-04-09 17:31:08,29.7,55.1,52.5,54.3,0.0,0.0,0.0
2026-04-09 17:31:13,29.9,55.1,63.5,54.2,0.0,0.0,0.0
2026-04-09 17:31:18,30.0,55.2,73.8,54.2,0.0,0.0,0.0
2026-04-09 17:31:23,29.9,55.3,51.7,54.2,0.0,0.0,0.0
2026-04-09 17:31:28,29.8,55.2,59.1,54.2,0.0,0.0,0.0
2026-04-09 17:31:33,29.8,55.2,38.4,54.2,0.0,0.0,0.0
2026-04-09 17:31:38,29.8,55.2,62.5,54.2,0.0,0.0,0.0
2026-04-09 17:31:43,29.7,55.3,58.8,54.2,0.0,0.0,0.0
2026-04-09 17:31:48,29.7,55.3,81.4,54.2,0.0,0.0,0.0
2026-04-09 17:31:53,29.7,55.4,64.3,54.2,0.0,0.0,0.0
2026-04-09 17:31:58,29.9,55.5,69.8,54.2,0.0,0.0,0.0
2026-04-09 17:32:03,30.0,55.6,44.4,54.2,0.0,0.0,0.0
2026-04-09 17:32:08,29.9,55.4,60.1,54.2,0.0,0.0,0.0
2026-04-09 17:32:13,29.9,55.4,54.9,54.2,0.0,0.0,0.0
2026-04-09 17:32:18,29.9,55.3,68.0,54.2,0.0,0.0,0.0
2026-04-09 17:32:23,29.9,55.5,64.5,54.2,0.0,0.0,0.0
2026-04-09 17:32:28,29.8,55.3,56.4,54.3,0.0,0.0,0.0
2026-04-09 17:32:33,29.8,55.2,73.0,54.3,0.0,0.0,0.0
2026-04-09 17:32:38,29.7,55.2,47.6,54.3,0.0,0.0,0.0
2026-04-09 17:32:43,29.8,55.1,49.6,54.2,0.0,0.0,0.0
2026-04-09 17:32:48,29.9,55.1,62.9,54.2,0.0,0.0,0.0
2026-04-09 17:32:53,29.8,55.1,64.2,54.2,0.0,0.0,0.0
2026-04-09 17:32:58,29.8,55.2,65.7,54.2,0.0,0.0,0.0
2026-04-09 17:33:03,29.8,55.3,54.7,54.2,0.0,0.0,0.0
2026-04-09 17:33:08,29.7,55.4,76.7,54.2,0.0,0.0,0.0
2026-04-09 17:33:13,29.7,55.5,61.9,54.3,0.0,0.0,0.0
2026-04-09 17:33:18,29.7,55.7,52.7,54.3,0.0,0.0,0.0
2026-04-09 17:33:23,29.7,55.7,66.2,54.3,0.0,0.0,0.0
2026-04-09 17:33:28,29.8,55.7,44.3,54.3,0.0,0.0,0.0
2026-04-09 17:33:33,29.9,55.8,53.0,54.3,0.0,0.0,0.0
2026-04-09 17:33:38,29.8,55.8,50.9,54.2,0.0,0.0,0.0
2026-04-09 17:33:43,29.7,55.8,58.3,54.2,0.0,0.0,0.0
2026-04-09 17:33:48,29.7,55.7,63.6,54.2,0.0,0.0,0.0
2026-04-09 17:33:53,29.8,55.7,56.9,54.2,0.0,0.0,0.0
2026-04-09 17:33:58,29.9,55.7,63.3,54.2,0.0,0.0,0.0
2026-04-09 17:34:03,29.8,55.6,62.6,54.2,0.0,0.0,0.0
2026-04-09 17:34:08,29.8,55.5,75.8,54.2,0.0,0.0,0.0
2026-04-09 17:34:13,29.7,55.5,64.9,54.2,0.0,0.0,0.0
2026-04-09 17:34:18,29.6,55.4,60.8,54.2,0.0,0.0,0.0
2026-04-09 17:34:23,29.8,55.5,49.5,54.2,0.0,0.0,0.0
2026-04-09 17:34:28,29.9,55.5,69.4,54.2,0.0,0.0,0.0
2026-04-09 17:34:33,29.8,55.6,58.2,54.2,0.0,0.0,0.0
2026-04-09 17:34:38,29.8,55.5,69.0,54.3,0.0,0.0,0.0
2026-04-09 17:34:43,29.8,55.5,68.5,54.3,0.0,0.0,0.0
2026-04-09 17:34:48,29.8,55.6,54.9,54.3,0.0,0.0,0.0
2026-04-09 17:34:53,29.7,55.5,56.8,54.3,0.0,0.0,0.0
2026-04-09 17:34:58,29.8,55.5,58.0,54.3,0.0,0.0,0.0
2026-04-09 17:35:03,29.8,55.4,81.6,54.3,0.0,0.0,0.0
2026-04-09 17:35:08,29.9,55.4,45.4,54.3,0.0,0.0,0.0
2026-04-09 17:35:13,29.8,55.5,47.3,54.3,0.0,0.0,0.0
2026-04-09 17:35:18,29.8,55.3,70.5,54.3,0.0,0.0,0.0
2026-04-09 17:35:23,29.8,55.4,62.2,54.3,0.0,0.0,0.0
2026-04-09 17:35:28,29.8,55.5,61.9,54.3,0.0,0.0,0.0
2026-04-09 17:35:33,29.9,55.4,49.1,54.2,0.0,0.0,0.0
2026-04-09 17:35:38,29.8,55.4,55.3,54.2,0.0,0.0,0.0
2026-04-09 17:35:43,29.8,55.3,44.2,54.2,0.0,0.0,0.0
2026-04-09 17:35:48,29.8,55.3,60.4,54.2,0.0,0.0,0.0
2026-04-09 17:35:53,29.8,55.3,59.5,54.2,0.0,0.0,0.0
2026-04-09 17:35:58,29.7,55.3,54.1,54.2,0.0,0.0,0.0
2026-04-09 17:36:03,29.7,55.5,52.4,54.2,0.0,0.0,0.0
2026-04-09 17:36:08,29.7,55.4,61.9,54.2,0.0,0.0,0.0
2026-04-09 17:36:13,29.8,55.6,69.0,54.2,0.0,0.0,0.0
2026-04-09 17:36:18,29.9,55.7,58.6,54.2,0.0,0.0,0.0
2026-04-09 17:36:23,29.8,55.6,52.4,54.2,0.0,0.0,0.0
2026-04-09 17:36:28,29.7,55.5,38.9,54.2,0.0,0.0,0.0
2026-04-09 17:36:33,29.7,55.5,69.8,54.2,0.0,0.0,0.0
2026-04-09 17:36:38,29.7,55.5,40.4,54.2,0.0,0.0,0.0
2026-04-09 17:36:43,29.7,55.4,33.0,54.3,0.0,0.0,0.0
2026-04-09 17:36:48,29.7,55.6,64.4,54.3,0.0,0.0,0.0
2026-04-09 17:36:53,29.8,55.6,52.9,54.3,0.0,0.0,0.0
2026-04-09 17:36:58,29.8,55.5,62.6,54.3,0.0,0.0,0.0
2026-04-09 17:37:03,29.9,55.7,49.7,54.3,0.0,0.0,0.0
2026-04-09 17:37:08,29.7,55.7,67.6,54.3,0.0,0.0,0.0
2026-04-09 17:37:13,29.8,55.5,54.6,54.3,0.0,0.0,0.0
2026-04-09 17:37:18,29.7,55.5,52.7,54.3,0.0,0.0,0.0
2026-04-09 17:37:23,29.8,55.5,63.4,54.3,0.0,0.0,0.0
2026-04-09 17:37:28,29.9,55.5,50.4,54.3,0.0,0.0,0.0
2026-04-09 17:37:33,29.8,55.6,60.6,54.3,0.0,0.0,0.0
2026-04-09 17:37:38,29.8,55.7,44.3,54.3,0.0,0.0,0.0
2026-04-09 17:37:43,29.8,55.8,44.8,54.3,0.0,0.0,0.0
2026-04-09 17:37:48,29.8,55.6,49.6,54.3,0.0,0.0,0.0
2026-04-09 17:37:53,29.8,55.7,58.2,54.3,0.0,0.0,0.0
2026-04-09 17:37:58,29.8,55.8,56.9,54.3,0.0,0.0,0.0
2026-04-09 17:38:03,29.7,55.6,57.4,54.3,0.0,0.0,0.0
2026-04-09 17:38:08,29.8,55.8,64.0,54.3,0.0,0.0,0.0
2026-04-09 17:38:13,29.7,55.9,46.1,54.3,0.0,0.0,0.0
2026-04-09 17:38:18,29.8,55.9,58.0,54.3,0.0,0.0,0.0
2026-04-09 17:38:23,29.9,55.9,45.2,54.3,0.0,0.0,0.0
2026-04-09 17:38:28,29.9,56.0,56.5,54.3,0.0,0.0,0.0
2026-04-09 17:38:33,29.8,56.0,62.2,54.3,0.0,0.0,0.0
2026-04-09 17:38:38,29.9,56.0,55.4,54.3,0.0,0.0,0.0
2026-04-09 17:38:43,29.8,56.0,40.7,54.2,0.0,0.0,0.0
2026-04-09 17:38:48,29.9,55.9,37.2,54.2,0.0,0.0,0.0
2026-04-09 17:38:53,29.9,56.0,43.4,54.3,0.0,0.0,0.0
2026-04-09 17:38:58,29.7,56.2,31.5,54.3,0.0,0.0,0.0
2026-04-09 17:39:03,29.7,56.1,47.6,54.3,0.0,0.0,0.0
2026-04-09 17:39:08,29.7,56.0,44.9,54.3,0.0,0.0,0.0
2026-04-09 17:39:13,29.9,56.0,46.1,54.2,0.0,0.0,0.0
2026-04-09 17:39:18,29.8,56.0,48.2,54.2,0.0,0.0,0.0
2026-04-09 17:39:23,29.9,55.9,63.0,54.2,0.0,0.0,0.0
2026-04-09 17:39:28,29.8,56.0,49.2,54.2,0.0,0.0,0.0
2026-04-09 17:39:33,29.7,55.8,48.7,54.2,0.0,0.0,0.0
2026-04-09 17:39:38,29.8,55.8,36.4,54.2,0.0,0.0,0.0
2026-04-09 17:39:43,29.9,55.7,50.2,54.2,0.0,0.0,0.0
2026-04-09 17:39:48,29.8,55.8,44.7,54.2,0.0,0.0,0.0
2026-04-09 17:39:53,29.8,55.9,57.4,54.2,0.0,0.0,0.0
2026-04-09 17:39:58,29.9,55.8,40.6,54.2,0.0,0.0,0.0
2026-04-09 17:40:03,29.8,55.7,44.5,54.2,0.0,0.0,0.0
2026-04-09 17:40:08,29.7,55.7,50.3,54.2,0.0,0.0,0.0
2026-04-09 17:40:13,29.9,55.8,43.1,54.2,0.0,0.0,0.0
2026-04-09 17:40:18,29.8,55.9,38.3,54.2,0.0,0.0,0.0
2026-04-09 17:40:23,29.9,55.9,32.4,54.3,0.0,0.0,0.0
2026-04-09 17:40:28,29.8,56.0,50.3,54.3,0.0,0.0,0.0
2026-04-09 17:40:33,29.9,55.9,56.2,54.3,0.0,0.0,0.0
2026-04-09 17:40:38,29.7,56.1,33.9,54.3,0.0,0.0,0.0
2026-04-09 17:40:43,29.7,56.2,52.6,54.3,0.0,0.0,0.0
2026-04-09 17:40:48,29.9,56.1,62.2,54.3,0.0,0.0,0.0
2026-04-09 17:40:53,29.8,56.1,60.7,54.3,0.0,0.0,0.0
2026-04-09 17:40:58,29.7,56.2,51.0,54.3,0.0,0.0,0.0
2026-04-09 17:41:03,29.8,56.4,56.6,54.2,0.0,0.0,0.0
2026-04-09 17:41:08,29.9,56.3,46.3,54.2,0.0,0.0,0.0
2026-04-09 17:41:13,29.8,56.2,47.5,54.2,0.0,0.0,0.0
2026-04-09 17:41:18,29.8,56.2,22.5,54.2,0.0,0.0,0.0
2026-04-09 17:41:23,29.8,56.2,49.3,54.3,0.0,0.0,0.0
2026-04-09 17:41:28,29.8,56.3,18.3,54.3,0.0,0.0,0.0
2026-04-09 17:41:33,29.7,56.3,22.9,54.3,0.0,0.0,0.0
2026-04-09 17:41:38,30.0,56.3,59.2,54.3,0.0,0.0,0.0
2026-04-09 17:41:43,29.6,56.4,63.6,54.3,0.0,0.0,0.0
2026-04-09 17:41:48,29.8,56.2,58.0,54.3,0.0,0.0,0.0
2026-04-09 17:41:53,29.7,56.2,42.1,54.3,0.0,0.0,0.0
2026-04-09 17:41:58,29.8,56.1,35.6,54.3,0.0,0.0,0.0
2026-04-09 17:42:03,29.9,56.1,55.4,54.3,0.0,0.0,0.0
2026-04-09 17:42:08,29.6,56.0,36.4,54.2,0.0,0.0,0.0
2026-04-09 17:42:13,29.7,56.0,25.0,54.2,0.0,0.0,0.0
2026-04-09 17:42:18,29.6,56.1,35.9,54.2,0.0,0.0,0.0
2026-04-09 17:42:23,29.7,55.9,51.3,54.2,0.0,0.0,0.0
2026-04-09 17:42:28,29.7,55.9,38.7,54.3,0.0,0.0,0.0
2026-04-09 17:42:33,29.7,55.9,50.8,54.3,0.0,0.0,0.0
2026-04-09 17:42:38,29.9,56.1,30.7,54.3,0.0,0.0,0.0
2026-04-09 17:42:43,29.9,56.2,37.4,54.3,0.0,0.0,0.0
2026-04-09 17:42:48,29.8,56.3,39.2,54.3,0.0,0.0,0.0
2026-04-09 17:42:53,29.9,56.3,46.4,54.3,0.0,0.0,0.0
2026-04-09 17:42:58,29.7,56.3,37.0,54.2,0.0,0.0,0.0
2026-04-09 17:43:03,29.7,56.3,43.2,54.2,0.0,0.0,0.0
2026-04-09 17:43:08,29.7,56.3,38.6,54.3,0.0,0.0,0.0
2026-04-09 17:43:13,29.7,56.3,34.0,54.3,0.0,0.0,0.0
2026-04-09 17:43:18,29.9,56.5,35.0,54.3,0.0,0.0,0.0
2026-04-09 17:43:23,29.9,56.4,47.0,54.3,0.0,0.0,0.0
2026-04-09 17:43:28,29.6,56.4,38.3,54.3,0.0,0.0,0.0
2026-04-09 17:43:33,29.6,56.5,24.3,54.3,0.0,0.0,0.0
2026-04-09 17:43:38,29.9,56.6,37.2,54.3,0.0,0.0,0.0
2026-04-09 17:43:43,29.7,56.7,38.7,54.3,0.0,0.0,0.0
2026-04-09 17:43:48,29.9,56.7,42.5,54.3,0.0,0.0,0.0
2026-04-09 17:43:53,29.8,56.7,33.9,54.3,0.0,0.0,0.0
2026-04-09 17:43:58,29.7,56.8,14.6,54.3,0.0,0.0,0.0
2026-04-09 17:44:03,29.7,56.7,41.8,54.2,0.0,0.0,0.0
2026-04-09 17:44:08,29.6,56.7,23.4,54.2,0.0,0.0,0.0
2026-04-09 17:44:13,29.8,56.6,41.5,54.2,0.0,0.0,0.0
2026-04-09 17:44:18,29.8,56.7,64.0,54.2,0.0,0.0,0.0
2026-04-09 17:44:23,29.7,56.7,31.4,54.2,0.0,0.0,0.0
2026-04-09 17:44:28,29.6,56.9,50.9,54.3,0.0,0.0,0.0
2026-04-09 17:44:33,29.7,57.0,47.6,54.3,0.0,0.0,0.0
2026-04-09 17:44:38,29.7,57.0,42.3,54.2,0.0,0.0,0.0
2026-04-09 17:44:43,29.7,57.1,34.0,54.2,0.0,0.0,0.0
2026-04-09 17:44:48,29.7,57.1,26.4,54.2,0.0,0.0,0.0
2026-04-09 17:44:53,29.7,57.2,39.5,54.2,0.0,0.0,0.0
2026-04-09 17:44:58,29.6,57.3,34.7,54.2,0.0,0.0,0.0
2026-04-09 17:45:03,29.8,57.2,31.6,54.2,0.0,0.0,0.0
2026-04-09 17:45:08,29.6,57.2,45.8,54.2,0.0,0.0,0.0
2026-04-09 17:45:13,29.8,57.1,40.4,54.2,0.0,0.0,0.0
2026-04-09 17:45:18,29.7,57.0,39.4,54.2,0.0,0.0,0.0
2026-04-09 17:45:23,29.7,57.0,42.4,54.2,0.0,0.0,0.0
2026-04-09 17:45:28,29.8,57.1,36.5,54.3,0.0,0.0,0.0
2026-04-09 17:45:33,29.6,57.1,42.6,54.3,0.0,0.0,0.0
2026-04-09 17:45:38,29.8,57.0,35.2,54.3,0.0,0.0,0.0
2026-04-09 17:45:43,29.7,57.0,47.0,54.3,0.0,0.0,0.0
2026-04-09 17:45:48,29.9,57.1,13.7,54.3,0.0,0.0,0.0
2026-04-09 17:45:53,29.8,57.2,39.0,54.3,0.0,0.0,0.0
2026-04-09 17:45:58,29.6,57.1,34.9,54.2,0.0,0.0,0.0
2026-04-09 17:46:03,29.7,57.0,30.8,54.2,0.0,0.0,0.0
2026-04-09 17:46:08,29.9,56.9,36.4,54.2,0.0,0.0,0.0
2026-04-09 17:46:13,29.8,56.9,25.9,54.3,0.0,0.0,0.0
2026-04-09 17:46:18,29.8,56.8,45.5,54.3,0.0,0.0,0.0
2026-04-09 17:46:23,29.7,56.7,36.2,54.2,0.0,0.0,0.0
2026-04-09 17:46:28,29.7,56.8,23.8,54.2,0.0,0.0,0.0
2026-04-09 17:46:33,29.7,56.8,41.3,54.2,0.0,0.0,0.0
2026-04-09 17:46:38,29.8,56.9,30.3,54.2,0.0,0.0,0.0
2026-04-09 17:46:43,29.7,56.9,40.2,54.2,0.0,0.0,0.0
2026-04-09 17:46:48,29.8,56.7,42.4,54.2,0.0,0.0,0.0
2026-04-09 17:46:53,29.9,56.9,29.8,54.2,0.0,0.0,0.0
2026-04-09 17:46:58,29.9,56.9,30.4,54.2,0.0,0.0,0.0
2026-04-09 17:47:03,29.7,57.0,42.9,54.2,0.0,0.0,0.0
2026-04-09 17:47:08,29.7,57.0,27.0,54.2,0.0,0.0,0.0
2026-04-09 17:47:13,29.7,57.0,24.1,54.2,0.0,0.0,0.0
2026-04-09 17:47:18,29.7,57.1,7.4,54.2,0.0,0.0,0.0
2026-04-09 17:47:23,29.6,57.0,19.9,54.2,0.0,0.0,0.0
2026-04-09 17:47:28,29.6,57.1,38.9,54.2,0.0,0.0,0.0
2026-04-09 17:47:33,29.8,57.1,44.7,54.2,0.0,0.0,0.0
2026-04-09 17:47:38,29.6,57.3,43.4,54.2,0.0,0.0,0.0
2026-04-09 17:47:43,29.6,57.2,23.1,54.2,0.0,0.0,0.0
2026-04-09 17:47:48,29.8,57.2,25.2,54.2,0.0,0.0,0.0
2026-04-09 17:47:53,29.6,57.2,39.3,54.2,0.0,0.0,0.0
2026-04-09 17:47:58,29.8,57.2,28.1,54.2,0.0,0.0,0.0
2026-04-09 17:48:03,29.7,57.1,21.6,54.2,0.0,0.0,0.0
2026-04-09 17:48:08,29.6,57.1,12.7,54.2,0.0,0.0,0.0
2026-04-09 17:48:13,29.8,57.2,20.9,54.2,0.0,0.0,0.0
2026-04-09 17:48:18,29.7,57.3,35.3,54.2,0.0,0.0,0.0
2026-04-09 17:48:23,29.6,57.3,38.4,54.2,0.0,0.0,0.0
2026-04-09 17:48:28,29.7,57.3,30.7,54.2,0.0,0.0,0.0
2026-04-09 17:48:33,29.7,57.3,16.9,54.2,0.0,0.0,0.0
2026-04-09 17:48:38,29.7,57.2,19.2,54.2,0.0,0.0,0.0
2026-04-09 17:48:43,29.7,57.3,27.4,54.2,0.0,0.0,0.0
2026-04-09 17:48:48,29.6,57.2,35.4,54.2,0.0,0.0,0.0
2026-04-09 17:48:53,29.6,57.2,26.6,54.2,0.0,0.0,0.0
2026-04-09 17:48:58,29.7,57.2,40.2,54.2,0.0,0.0,0.0
2026-04-09 17:49:03,29.7,57.1,31.0,54.2,0.0,0.0,0.0
2026-04-09 17:49:08,29.6,57.1,40.5,54.2,0.0,0.0,0.0
2026-04-09 17:49:13,29.6,57.1,32.1,54.2,0.0,0.0,0.0
2026-04-09 17:49:18,29.6,57.2,43.9,54.2,0.0,0.0,0.0
2026-04-09 17:49:23,29.6,57.0,41.6,54.2,0.0,0.0,0.0
2026-04-09 17:49:28,29.6,57.1,34.2,54.2,0.0,0.0,0.0
2026-04-09 17:49:33,29.7,57.1,30.2,54.2,0.0,0.0,0.0
2026-04-09 17:49:38,29.5,57.2,31.5,54.2,0.0,0.0,0.0
2026-04-09 17:49:43,29.7,57.3,39.6,54.2,0.0,0.0,0.0
2026-04-09 17:49:48,29.6,57.3,16.1,54.2,0.0,0.0,0.0
2026-04-09 17:49:53,29.6,57.2,27.4,54.2,0.0,0.0,0.0
2026-04-09 17:49:58,29.6,57.2,38.1,54.2,0.0,0.0,0.0
2026-04-09 17:50:03,29.5,57.1,27.3,54.2,0.0,0.0,0.0
2026-04-09 17:50:08,29.7,57.1,29.6,54.2,0.0,0.0,0.0
2026-04-09 17:50:13,29.5,57.1,44.0,54.2,0.0,0.0,0.0
2026-04-09 17:50:18,29.7,57.2,26.3,54.2,0.0,0.0,0.0
2026-04-09 17:50:23,29.7,57.2,13.6,54.2,0.0,0.0,0.0
2026-04-09 17:50:28,29.5,57.3,37.5,54.2,0.0,0.0,0.0
2026-04-09 17:50:28,29.5,57.3,37.5,54.2,0.0,0.0,0.0
2026-04-09 17:50:33,29.4,57.5,35.2,54.2,0.0,0.0,0.0
2026-04-09 17:50:38,29.6,57.3,26.1,54.2,0.0,0.0,0.0
2026-04-09 17:50:43,29.5,57.4,39.4,54.2,0.0,0.0,0.0
2026-04-09 17:50:48,29.6,57.3,29.2,54.2,0.0,0.0,0.0
2026-04-09 17:50:53,29.5,57.4,40.2,54.2,0.0,0.0,0.0
2026-04-09 17:50:58,29.6,57.4,28.3,54.2,0.0,0.0,0.0
2026-04-09 17:51:03,29.6,57.3,29.0,54.2,0.0,0.0,0.0
2026-04-09 17:51:08,29.6,57.4,35.7,54.2,0.0,0.0,0.0
2026-04-09 17:51:13,29.8,57.4,33.5,54.2,0.0,0.0,0.0
2026-04-09 17:51:18,29.6,57.4,20.2,54.2,0.0,0.0,0.0
2026-04-09 17:51:23,29.6,57.5,24.9,54.2,0.0,0.0,0.0
2026-04-09 17:51:28,29.6,57.5,9.2,54.2,0.0,0.0,0.0
2026-04-09 17:51:33,29.6,57.4,29.2,54.2,0.0,0.0,0.0
2026-04-09 17:51:38,29.7,57.4,26.5,54.2,0.0,0.0,0.0
2026-04-09 17:51:43,29.6,57.4,9.4,54.2,0.0,0.0,0.0
2026-04-09 17:51:48,29.6,57.4,34.4,54.2,0.0,0.0,0.0
2026-04-09 17:51:53,29.6,57.3,38.7,54.2,0.0,0.0,0.0
2026-04-09 17:51:58,29.5,57.3,14.8,54.2,0.0,0.0,0.0
2026-04-09 17:52:03,29.7,57.4,24.5,54.2,0.0,0.0,0.0
2026-04-09 17:52:08,29.5,57.4,4.8,54.2,0.0,0.0,0.0
2026-04-09 17:52:13,29.6,57.5,20.7,54.2,0.0,0.0,0.0
2026-04-09 17:52:18,29.6,57.4,8.4,54.2,0.0,0.0,0.0
2026-04-09 17:52:23,29.7,57.5,25.2,54.2,0.0,0.0,0.0
2026-04-09 17:52:28,29.8,57.6,33.2,54.2,0.0,0.0,0.0
2026-04-09 17:52:33,29.6,57.7,17.0,54.2,0.0,0.0,0.0
2026-04-09 17:52:38,29.6,57.6,27.6,54.2,0.0,0.0,0.0
2026-04-09 17:52:43,29.6,57.6,40.0,54.2,0.0,0.0,0.0
2026-04-09 17:52:48,29.5,57.7,23.1,54.2,0.0,0.0,0.0
2026-04-09 17:52:53,29.7,57.5,30.0,54.2,0.0,0.0,0.0
2026-04-09 17:52:58,29.5,57.5,19.1,54.2,0.0,0.0,0.0
2026-04-09 17:53:03,29.7,57.4,28.4,54.2,0.0,0.0,0.0
2026-04-09 17:53:08,29.6,57.4,33.8,54.2,0.0,0.0,0.0
2026-04-09 17:53:13,29.7,57.4,32.6,54.2,0.0,0.0,0.0
2026-04-09 17:53:18,29.7,57.5,0.3,54.2,0.0,0.0,0.0
2026-04-09 17:53:23,29.7,57.5,28.3,54.2,0.0,0.0,0.0
2026-04-09 17:53:28,29.6,57.4,7.5,54.2,0.0,0.0,0.0
2026-04-09 17:53:33,29.6,57.4,30.8,54.2,0.0,0.0,0.0
2026-04-09 17:53:38,29.6,57.4,27.9,54.2,0.0,0.0,0.0
2026-04-09 17:53:43,29.6,57.5,21.9,54.2,0.0,0.0,0.0
2026-04-09 17:53:48,29.6,57.6,23.0,54.2,0.0,0.0,0.0
2026-04-09 17:53:53,29.7,57.6,11.1,54.2,0.0,0.0,0.0
2026-04-09 17:53:58,29.7,57.7,21.9,54.2,0.0,0.0,0.0
2026-04-09 17:54:03,29.6,57.6,12.6,54.2,0.0,0.0,0.0
2026-04-09 17:54:08,29.8,57.7,26.8,54.2,0.0,0.0,0.0
2026-04-09 17:54:13,29.7,57.7,24.1,54.2,0.0,0.0,0.0
2026-04-09 17:54:18,29.7,57.7,12.2,54.2,0.0,0.0,0.0
2026-04-09 17:54:23,29.6,57.7,23.4,54.2,0.0,0.0,0.0
2026-04-09 17:54:28,29.7,57.8,29.7,54.2,0.0,0.0,0.0
2026-04-09 17:54:33,29.6,57.9,35.7,54.2,0.0,0.0,0.0
2026-04-09 17:54:38,29.7,57.7,24.5,54.2,0.0,0.0,0.0
2026-04-09 17:54:43,29.8,57.7,13.5,54.2,0.0,0.0,0.0
2026-04-09 17:54:48,29.6,57.6,16.6,54.2,0.0,0.0,0.0
2026-04-09 17:54:53,29.6,57.4,22.5,54.2,0.0,0.0,0.0
2026-04-09 17:54:58,29.6,57.4,22.7,54.2,0.0,0.0,0.0
2026-04-09 17:55:03,29.6,57.5,26.9,54.2,0.0,0.0,0.0
2026-04-09 17:55:08,29.6,57.5,17.6,54.2,0.0,0.0,0.0
2026-04-09 17:55:13,29.7,57.5,7.4,54.1,0.0,0.0,0.0
2026-04-09 17:55:18,29.7,57.6,18.6,54.1,0.0,0.0,0.0
2026-04-09 17:55:23,29.6,57.6,12.7,54.2,0.0,0.0,0.0
2026-04-09 17:55:28,29.7,57.6,10.0,54.2,0.0,0.0,0.0
2026-04-09 17:55:33,29.7,57.6,14.8,54.2,0.0,0.0,0.0
2026-04-09 17:55:38,29.7,57.6,30.9,54.2,0.0,0.0,0.0
2026-04-09 17:55:43,29.7,57.7,3.7,54.2,0.0,0.0,0.0
2026-04-09 17:55:48,29.8,57.6,13.2,54.2,0.0,0.0,0.0
2026-04-09 17:55:53,29.8,57.7,23.1,54.2,0.0,0.0,0.0
2026-04-09 17:55:58,29.6,57.7,0.0,54.1,0.0,0.0,0.0
2026-04-09 17:56:03,29.7,57.8,19.1,54.1,0.0,0.0,0.0
2026-04-09 17:56:08,29.8,57.7,16.9,54.1,0.0,0.0,0.0
2026-04-09 17:56:13,29.6,57.6,21.1,54.1,0.0,0.0,0.0
2026-04-09 17:56:18,29.6,57.5,18.9,54.2,0.0,0.0,0.0
2026-04-09 17:56:23,29.7,57.5,19.5,54.2,0.0,0.0,0.0
2026-04-09 17:56:28,29.7,57.5,18.9,54.1,0.0,0.0,0.0
2026-04-09 17:56:33,29.7,57.5,8.6,54.1,0.0,0.0,0.0
2026-04-09 17:56:38,29.8,57.6,16.1,54.2,0.0,0.0,0.0
2026-04-09 17:56:43,29.6,57.8,27.6,54.2,0.0,0.0,0.0
2026-04-09 17:56:48,29.7,57.8,13.0,54.2,0.0,0.0,0.0
2026-04-09 17:56:53,29.8,57.8,18.7,54.2,0.0,0.0,0.0
2026-04-09 17:56:58,29.7,57.8,20.9,54.2,0.0,0.0,0.0
2026-04-09 17:57:03,29.6,57.9,22.1,54.2,0.0,0.0,0.0
2026-04-09 17:57:08,29.7,57.9,5.1,54.2,0.0,0.0,0.0
2026-04-09 17:57:13,29.7,58.0,33.3,54.2,0.0,0.0,0.0
2026-04-09 17:57:18,29.7,58.1,17.9,54.2,0.0,0.0,0.0
2026-04-09 17:57:23,29.7,58.1,22.7,54.2,0.0,0.0,0.0
2026-04-09 17:57:28,29.6,58.1,21.1,54.2,0.0,0.0,0.0
2026-04-09 17:57:33,29.7,58.0,35.0,54.2,0.0,0.0,0.0
2026-04-09 17:57:38,29.6,57.9,25.9,54.2,0.0,0.0,0.0
2026-04-09 17:57:43,29.7,58.0,10.0,54.2,0.0,0.0,0.0
2026-04-09 17:57:48,29.7,58.0,10.3,54.2,0.0,0.0,0.0
2026-04-09 17:57:53,29.7,58.1,11.6,54.2,0.0,0.0,0.0
2026-04-09 17:57:58,29.6,58.1,5.3,54.2,0.0,0.0,0.0
2026-04-09 17:58:03,29.7,58.1,11.7,54.2,0.0,0.0,0.0
2026-04-09 17:58:08,29.8,58.1,1.6,54.2,0.0,0.0,0.0
2026-04-09 17:58:13,29.7,58.3,21.0,54.2,0.0,0.0,0.0
2026-04-09 17:58:18,29.6,58.1,13.5,54.2,0.0,0.0,0.0
2026-04-09 17:58:23,29.6,58.1,11.9,54.2,0.0,0.0,0.0
2026-04-09 17:58:28,29.7,58.1,15.4,54.2,0.0,0.0,0.0
2026-04-09 17:58:33,29.7,58.2,5.5,54.2,0.0,0.0,0.0
2026-04-09 17:58:38,29.5,58.3,22.0,54.2,0.0,0.0,0.0
2026-04-09 17:58:43,29.6,58.2,3.2,54.2,0.0,0.0,0.0
2026-04-09 17:58:48,29.7,58.4,12.5,54.2,0.0,0.0,0.0
2026-04-09 17:58:53,29.5,58.2,18.5,54.2,0.0,0.0,0.0
2026-04-09 17:58:58,29.7,58.2,40.5,54.2,0.0,0.0,0.0
2026-04-09 17:59:03,29.5,58.1,6.9,54.2,0.0,0.0,0.0
2026-04-09 17:59:08,29.6,58.2,6.1,54.2,0.0,0.0,0.0
2026-04-09 17:59:13,29.7,58.2,25.0,54.2,0.0,0.0,0.0
2026-04-09 17:59:18,29.6,58.2,2.2,54.2,0.0,0.0,0.0
2026-04-09 17:59:23,29.6,58.2,5.8,54.2,0.0,0.0,0.0
2026-04-09 17:59:28,29.7,58.2,23.9,54.2,0.0,0.0,0.0
2026-04-09 17:59:33,29.7,58.2,3.7,54.2,0.0,0.0,0.0
2026-04-09 17:59:38,29.6,58.4,21.8,54.2,0.0,0.0,0.0
2026-04-09 17:59:43,29.7,58.5,17.6,54.1,0.0,0.0,0.0
2026-04-09 17:59:48,29.7,58.4,18.5,54.1,0.0,0.0,0.0
2026-04-09 17:59:53,29.6,58.4,16.9,54.1,0.0,0.0,0.0
2026-04-09 17:59:58,29.7,58.2,24.9,54.1,0.0,0.0,0.0
2026-04-09 18:00:03,29.6,58.3,5.9,54.2,0.0,0.0,0.0
2026-04-09 18:00:08,29.6,58.4,20.8,54.2,0.0,0.0,0.0
2026-04-09 18:00:13,29.6,58.3,19.6,54.2,0.0,0.0,0.0
2026-04-09 18:00:18,29.5,58.5,7.8,54.2,0.0,0.0,0.0
2026-04-09 18:00:23,29.7,58.6,6.7,54.2,0.0,0.0,0.0
2026-04-09 18:00:28,29.8,58.6,14.4,54.2,0.0,0.0,0.0
2026-04-09 18:00:33,29.6,58.6,12.8,54.2,0.0,0.0,0.0
2026-04-09 18:00:38,29.6,58.6,24.9,54.2,0.0,0.0,0.0
2026-04-09 18:00:43,29.7,58.5,16.4,54.2,0.0,0.0,0.0
2026-04-09 18:00:48,29.7,58.5,26.8,54.2,0.0,0.0,0.0
2026-04-09 18:00:53,29.7,58.7,26.3,54.1,0.0,0.0,0.0
2026-04-09 18:00:58,29.8,58.6,11.8,54.1,0.0,0.0,0.0
2026-04-09 18:01:03,29.5,58.6,13.2,54.1,0.0,0.0,0.0
2026-04-09 18:01:08,29.6,58.6,24.4,54.1,0.0,0.0,0.0
2026-04-09 18:01:13,29.7,58.7,22.0,54.1,0.0,0.0,0.0
2026-04-09 18:01:18,29.6,58.7,7.9,54.2,0.0,0.0,0.0
2026-04-09 18:01:23,29.7,58.7,14.6,54.2,0.0,0.0,0.0
2026-04-09 18:01:28,29.7,58.6,34.4,54.2,0.0,0.0,0.0
2026-04-09 18:01:33,29.7,58.8,15.2,54.2,0.0,0.0,0.0
2026-04-09 18:01:38,29.7,58.8,0.0,54.2,0.0,0.0,0.0
2026-04-09 18:01:43,29.7,58.8,1.8,54.2,0.0,0.0,0.0
2026-04-09 18:01:48,29.7,58.9,22.1,54.2,0.0,0.0,0.0
2026-04-09 18:01:53,29.7,58.8,19.4,54.2,0.0,0.0,0.0
2026-04-09 18:01:58,29.6,58.7,14.3,54.2,0.0,0.0,0.0
2026-04-09 18:02:03,29.7,58.7,14.6,54.2,0.0,0.0,0.0
2026-04-09 18:02:08,29.7,58.6,10.8,54.2,0.0,0.0,0.0
2026-04-09 18:02:13,29.7,58.7,7.7,54.2,0.0,0.0,0.0
2026-04-09 18:02:18,29.6,58.9,34.4,54.1,0.0,0.0,0.0
2026-04-09 18:02:23,29.7,58.8,28.2,54.1,0.0,0.0,0.0
2026-04-09 18:02:28,29.7,58.7,18.9,54.1,0.0,0.0,0.0
2026-04-09 18:02:33,29.6,58.7,13.1,54.2,0.0,0.0,0.0
2026-04-09 18:02:38,29.6,58.6,3.7,54.2,0.0,0.0,0.0
2026-04-09 18:02:43,29.7,58.7,21.0,54.2,0.0,0.0,0.0
2026-04-09 18:02:48,29.7,58.7,0.2,54.2,0.0,0.0,0.0
2026-04-09 18:02:53,29.8,58.7,12.4,54.2,0.0,0.0,0.0
2026-04-09 18:02:58,29.7,58.6,15.1,54.2,0.0,0.0,0.0
2026-04-09 18:03:03,29.8,58.6,15.6,54.2,0.0,0.0,0.0
2026-04-09 18:03:08,29.7,58.6,0.0,54.2,0.0,0.0,0.0
2026-04-09 18:03:13,29.8,58.7,18.8,54.2,0.0,0.0,0.0
2026-04-09 18:03:18,29.6,58.7,19.6,54.2,0.0,0.0,0.0
2026-04-09 18:03:23,29.4,58.9,9.9,54.2,0.0,0.0,0.0
2026-04-09 18:03:28,29.6,58.8,10.0,54.2,0.0,0.0,0.0
2026-04-09 18:03:33,29.7,58.6,12.1,54.2,0.0,0.0,0.0
2026-04-09 18:03:38,29.6,58.8,9.9,54.2,0.0,0.0,0.0
2026-04-09 18:03:43,29.6,58.8,20.2,54.2,0.0,0.0,0.0
2026-04-09 18:03:48,29.7,58.9,6.2,54.2,0.0,0.0,0.0
2026-04-09 18:03:53,29.6,58.8,32.8,54.2,0.0,0.0,0.0
2026-04-09 18:03:58,29.7,58.8,3.9,54.2,0.0,0.0,0.0
2026-04-09 18:04:03,29.6,58.7,3.9,54.2,0.0,0.0,0.0
2026-04-09 18:04:08,29.7,58.8,7.8,54.2,0.0,0.0,0.0
2026-04-09 18:04:13,29.6,58.8,0.0,54.2,0.0,0.0,0.0
2026-04-09 18:04:18,29.7,59.0,21.7,54.2,0.0,0.0,0.0
2026-04-09 18:04:23,29.7,59.0,18.3,54.2,0.0,0.0,0.0
2026-04-09 18:04:28,29.7,58.8,5.3,54.2,0.0,0.0,0.0
2026-04-09 18:04:33,29.6,58.9,16.9,54.2,0.0,0.0,0.0
2026-04-09 18:04:38,29.8,59.0,10.4,54.2,0.0,0.0,0.0
2026-04-09 18:04:43,29.7,59.0,21.6,54.2,0.0,0.0,0.0
2026-04-09 18:04:48,29.7,59.1,29.0,54.1,0.0,0.0,0.0
2026-04-09 18:04:53,29.7,59.0,13.7,54.1,0.0,0.0,0.0
2026-04-09 18:04:58,29.6,59.1,18.3,54.1,0.0,0.0,0.0
2026-04-09 18:05:03,29.7,59.0,11.6,54.1,0.0,0.0,0.0
2026-04-09 18:05:08,29.7,59.0,14.3,54.2,0.0,0.0,0.0
2026-04-09 18:05:13,29.7,58.9,14.4,54.2,0.0,0.0,0.0
2026-04-09 18:05:18,29.7,59.0,0.0,54.2,0.0,0.0,0.0
2026-04-09 18:05:23,29.5,59.0,10.8,54.2,0.0,0.0,0.0
2026-04-09 18:05:28,29.7,59.1,3.8,54.2,0.0,0.0,0.0
2026-04-09 18:05:33,29.8,59.0,41.9,54.2,0.0,0.0,0.0
2026-04-09 18:05:38,29.6,59.0,32.0,54.2,0.0,0.0,0.0
2026-04-09 18:05:43,29.7,59.0,29.5,54.2,0.0,0.0,0.0
2026-04-09 18:05:48,29.7,59.0,17.8,54.2,0.0,0.0,0.0
2026-04-09 18:05:53,29.6,59.0,11.0,54.2,0.0,0.0,0.0
2026-04-09 18:05:58,29.6,59.0,11.9,54.2,0.0,0.0,0.0
2026-04-09 18:06:03,29.6,59.0,21.2,54.2,0.0,0.0,0.0
2026-04-09 18:06:08,29.6,59.0,10.8,54.1,0.0,0.0,0.0
2026-04-09 18:06:13,29.7,58.9,21.8,54.1,0.0,0.0,0.0
2026-04-09 18:06:18,29.5,59.0,17.8,54.1,0.0,0.0,0.0
2026-04-09 18:06:23,29.5,59.0,8.3,54.1,0.0,0.0,0.0
2026-04-09 18:06:28,29.5,59.1,12.6,54.1,0.0,0.0,0.0
2026-04-09 18:06:33,29.5,59.0,4.7,54.1,0.0,0.0,0.0
2026-04-09 18:06:38,29.6,59.0,35.5,54.1,0.0,0.0,0.0
2026-04-09 18:06:43,29.6,58.9,5.5,54.1,0.0,0.0,0.0
2026-04-09 18:06:48,29.7,59.0,13.0,54.1,0.0,0.0,0.0
2026-04-09 18:06:53,29.6,59.0,15.6,54.1,0.0,0.0,0.0
2026-04-09 18:06:58,29.6,59.0,25.6,54.1,0.0,0.0,0.0
2026-04-09 18:07:03,29.7,59.0,14.1,54.1,0.0,0.0,0.0
2026-04-09 18:07:08,29.6,59.0,23.8,54.1,0.0,0.0,0.0
2026-04-09 18:07:13,29.7,58.9,15.3,54.2,0.0,0.0,0.0
2026-04-09 18:07:18,29.6,58.9,31.6,54.2,0.0,0.0,0.0
2026-04-09 18:07:23,29.5,58.8,6.9,54.2,0.0,0.0,0.0
2026-04-09 18:07:28,29.7,58.9,13.8,54.2,0.0,0.0,0.0
2026-04-09 18:07:33,29.6,58.9,13.2,54.2,0.0,0.0,0.0
2026-04-09 18:07:38,29.6,58.9,29.4,54.2,0.0,0.0,0.0
2026-04-09 18:07:43,29.7,58.8,20.9,54.2,0.0,0.0,0.0
2026-04-09 18:07:48,29.6,58.9,24.7,54.2,0.0,0.0,0.0
2026-04-09 18:07:53,29.6,58.7,1.3,54.2,0.0,0.0,0.0
2026-04-09 18:07:58,29.5,58.7,20.1,54.2,0.0,0.0,0.0
2026-04-09 18:08:03,29.6,58.8,21.1,54.2,0.0,0.0,0.0
2026-04-09 18:08:08,29.7,58.7,16.4,54.1,0.0,0.0,0.0
2026-04-09 18:08:13,29.6,58.8,28.9,54.1,0.0,0.0,0.0
2026-04-09 18:08:18,29.6,58.7,18.5,54.2,0.0,0.0,0.0
2026-04-09 18:08:23,29.6,58.7,12.2,54.2,0.0,0.0,0.0
2026-04-09 18:08:28,29.6,58.7,5.8,54.1,0.0,0.0,0.0
2026-04-09 18:08:33,29.5,58.7,14.1,54.1,0.0,0.0,0.0
2026-04-09 18:08:38,29.5,58.7,21.2,54.2,0.0,0.0,0.0
2026-04-09 18:08:43,29.6,58.8,12.1,54.2,0.0,0.0,0.0
2026-04-09 18:08:48,29.7,58.9,29.9,54.1,0.0,0.0,0.0
2026-04-09 18:08:53,29.6,58.8,27.1,54.1,0.0,0.0,0.0
2026-04-09 18:08:58,29.5,58.8,17.9,54.1,0.0,0.0,0.0
2026-04-09 18:09:03,29.7,58.9,10.7,54.1,0.0,0.0,0.0
2026-04-09 18:09:08,29.8,59.0,16.9,54.2,0.0,0.0,0.0
2026-04-09 18:09:13,29.6,58.9,12.1,54.2,0.0,0.0,0.0
2026-04-09 18:09:18,29.6,59.0,0.7,54.2,0.0,0.0,0.0
2026-04-09 18:09:23,29.6,59.0,21.1,54.1,0.0,0.0,0.0
2026-04-09 18:09:28,29.6,58.9,20.8,54.1,0.0,0.0,0.0
2026-04-09 18:09:33,29.5,59.0,17.8,54.2,0.0,0.0,0.0
2026-04-09 18:09:38,29.6,59.0,14.2,54.2,0.0,0.0,0.0
2026-04-09 18:09:43,29.7,59.0,0.0,54.2,0.0,0.0,0.0
2026-04-09 18:09:48,29.7,58.8,20.8,54.2,0.0,0.0,0.0
2026-04-09 18:09:53,29.5,58.7,25.1,54.2,0.0,0.0,0.0
2026-04-09 18:09:58,29.6,58.8,22.5,54.2,0.0,0.0,0.0
2026-04-09 18:10:03,29.5,58.8,19.2,54.1,0.0,0.0,0.0
2026-04-09 18:10:08,29.7,58.7,17.7,54.1,0.0,0.0,0.0
2026-04-09 18:10:13,29.6,58.7,9.0,54.1,0.0,0.0,0.0
2026-04-09 18:10:18,29.5,58.8,21.8,54.1,0.0,0.0,0.0
2026-04-09 18:10:23,29.5,58.8,34.6,54.1,0.0,0.0,0.0
2026-04-09 18:10:28,29.6,58.8,18.8,54.1,0.0,0.0,0.0
2026-04-09 18:10:33,29.6,58.8,5.6,54.1,0.0,0.0,0.0
2026-04-09 18:10:38,29.7,58.9,18.7,54.1,0.0,0.0,0.0
2026-04-09 18:10:43,29.7,58.9,26.7,54.1,0.0,0.0,0.0
2026-04-09 18:10:48,29.8,58.9,31.8,54.1,0.0,0.0,0.0
2026-04-09 18:10:53,29.7,58.9,2.5,54.1,0.0,0.0,0.0
2026-04-09 18:10:58,29.5,58.8,14.3,54.1,0.0,0.0,0.0
2026-04-09 18:11:03,29.5,58.8,41.0,54.2,0.0,0.0,0.0
2026-04-09 18:11:08,29.6,58.7,19.7,54.2,0.0,0.0,0.0
2026-04-09 18:11:13,29.7,58.7,10.8,54.2,0.0,0.0,0.0
2026-04-09 18:11:18,29.6,58.7,7.8,54.2,0.0,0.0,0.0
2026-04-09 18:11:23,29.6,58.6,0.0,54.2,0.0,0.0,0.0
2026-04-09 18:11:28,29.6,58.7,10.7,54.2,0.0,0.0,0.0
2026-04-09 18:11:33,29.6,58.8,12.4,54.2,0.0,0.0,0.0
2026-04-09 18:11:38,29.8,58.8,14.0,54.1,0.0,0.0,0.0
2026-04-09 18:11:43,29.7,58.7,8.4,54.1,0.0,0.0,0.0
2026-04-09 18:11:48,29.7,58.8,32.6,54.1,0.0,0.0,0.0
2026-04-09 18:11:53,29.6,58.8,13.9,54.1,0.0,0.0,0.0
2026-04-09 18:11:58,29.7,58.8,10.1,54.1,0.0,0.0,0.0
2026-04-09 18:12:03,29.7,58.9,10.8,54.1,0.0,0.0,0.0
2026-04-09 18:12:08,29.5,58.9,10.0,54.1,0.0,0.0,0.0
2026-04-09 18:12:13,29.5,59.0,22.4,54.1,0.0,0.0,0.0
2026-04-09 18:12:18,29.7,59.0,17.2,54.1,0.0,0.0,0.0
2026-04-09 18:12:23,29.6,58.9,12.6,54.1,0.0,0.0,0.0
2026-04-09 18:12:28,29.6,58.9,27.4,54.2,0.0,0.0,0.0
2026-04-09 18:12:33,29.7,58.9,22.3,54.2,0.0,0.0,0.0
2026-04-09 18:12:38,29.6,58.9,16.5,54.2,0.0,0.0,0.0
2026-04-09 18:12:43,29.6,59.0,25.8,54.2,0.0,0.0,0.0
2026-04-09 18:12:48,29.7,58.9,10.8,54.2,0.0,0.0,0.0
2026-04-09 18:12:53,29.5,58.8,0.0,54.2,0.0,0.0,0.0
2026-04-09 18:12:58,29.5,58.8,22.0,54.2,0.0,0.0,0.0
2026-04-09 18:13:03,29.6,58.9,38.2,54.2,0.0,0.0,0.0
2026-04-09 18:13:08,29.7,58.9,3.3,54.2,0.0,0.0,0.0
2026-04-09 18:13:13,29.6,58.9,17.6,54.2,0.0,0.0,0.0
2026-04-09 18:13:18,29.5,58.8,21.0,54.2,0.0,0.0,0.0
2026-04-09 18:13:23,29.5,58.7,14.9,54.2,0.0,0.0,0.0
2026-04-09 18:13:28,29.7,58.8,9.4,54.1,0.0,0.0,0.0
2026-04-09 18:13:33,29.6,58.9,10.0,54.1,0.0,0.0,0.0
2026-04-09 18:13:38,29.8,58.8,15.9,54.1,0.0,0.0,0.0
2026-04-09 18:13:43,29.7,58.7,33.4,54.1,0.0,0.0,0.0
2026-04-09 18:13:48,29.6,58.7,9.1,54.1,0.0,0.0,0.0
2026-04-09 18:13:53,29.7,58.6,20.0,54.1,0.0,0.0,0.0
2026-04-09 18:13:58,29.6,58.6,4.5,54.1,0.0,0.0,0.0
2026-04-09 18:14:03,29.7,58.6,9.8,54.1,0.0,0.0,0.0
2026-04-09 18:14:08,29.7,58.5,27.9,54.1,0.0,0.0,0.0
2026-04-09 18:14:13,29.6,58.6,10.8,54.1,0.0,0.0,0.0
2026-04-09 18:14:18,29.6,58.6,23.3,54.1,0.0,0.0,0.0
2026-04-09 18:14:23,29.5,58.7,0.0,54.1,0.0,0.0,0.0
2026-04-09 18:14:28,29.6,58.7,15.6,54.1,0.0,0.0,0.0
2026-04-09 18:14:33,29.7,58.6,26.0,54.1,0.0,0.0,0.0
2026-04-09 18:14:38,29.5,58.6,29.5,54.1,0.0,0.0,0.0
2026-04-09 18:14:43,29.7,58.6,8.9,54.1,0.0,0.0,0.0
2026-04-09 18:14:48,29.7,58.8,20.9,54.1,0.0,0.0,0.0
2026-04-09 18:14:53,29.6,58.8,18.3,54.1,0.0,0.0,0.0
2026-04-09 18:14:58,29.5,58.8,10.0,54.2,0.0,0.0,0.0
2026-04-09 18:15:03,29.5,58.8,0.0,54.2,0.0,0.0,0.0
2026-04-09 18:15:08,29.6,58.9,22.9,54.1,0.0,0.0,0.0
2026-04-09 18:15:13,29.5,58.9,25.2,54.1,0.0,0.0,0.0
2026-04-09 18:15:18,29.6,58.9,16.9,54.1,0.0,0.0,0.0
2026-04-09 18:15:23,29.6,58.9,0.0,54.1,0.0,0.0,0.0
2026-04-09 18:15:28,29.6,58.9,9.3,54.1,0.0,0.0,0.0
2026-04-09 18:15:33,29.3,59.0,12.4,54.1,0.0,0.0,0.0
2026-04-09 18:15:38,29.5,59.0,29.3,54.1,0.0,0.0,0.0
2026-04-09 18:15:43,29.6,59.0,9.0,54.1,0.0,0.0,0.0
2026-04-09 18:15:48,29.6,59.1,26.4,54.1,0.0,0.0,0.0
2026-04-09 18:15:53,29.6,59.0,9.0,54.1,0.0,0.0,0.0
2026-04-09 18:15:58,29.5,58.9,5.1,54.1,0.0,0.0,0.0
2026-04-09 18:16:03,29.5,58.8,11.5,54.1,0.0,0.0,0.0
2026-04-09 18:16:08,29.7,58.8,29.4,54.1,0.0,0.0,0.0
2026-04-09 18:16:13,29.5,58.8,11.4,54.1,0.0,0.0,0.0
2026-04-09 18:16:18,29.6,58.7,28.3,54.1,0.0,0.0,0.0
2026-04-09 18:16:23,29.5,58.8,1.5,54.1,0.0,0.0,0.0
2026-04-09 18:16:28,29.5,58.8,21.4,54.1,0.0,0.0,0.0
2026-04-09 18:16:33,29.5,58.7,17.9,54.1,0.0,0.0,0.0
2026-04-09 18:16:38,29.6,58.6,25.3,54.1,0.0,0.0,0.0
2026-04-09 18:16:43,29.5,58.7,2.4,54.1,0.0,0.0,0.0
2026-04-09 18:16:48,29.7,58.6,18.3,54.1,0.0,0.0,0.0
2026-04-09 18:16:53,29.6,58.5,9.3,54.1,0.0,0.0,0.0
2026-04-09 18:16:58,29.6,58.4,0.6,54.1,0.0,0.0,0.0
2026-04-09 18:17:03,29.6,58.3,16.1,54.1,0.0,0.0,0.0
2026-04-09 18:17:08,29.7,58.3,29.4,54.1,0.0,0.0,0.0
2026-04-09 18:17:13,29.6,58.4,24.4,54.1,0.0,0.0,0.0
2026-04-09 18:17:18,29.5,58.6,14.8,54.1,0.0,0.0,0.0
2026-04-09 18:17:23,29.4,58.6,34.6,54.1,0.0,0.0,0.0
2026-04-09 18:17:28,29.5,58.7,8.2,54.1,0.0,0.0,0.0
2026-04-09 18:17:33,29.6,58.6,29.6,54.1,0.0,0.0,0.0
2026-04-09 18:17:38,29.6,58.6,21.6,54.1,0.0,0.0,0.0
2026-04-09 18:17:43,29.5,58.6,16.4,54.1,0.0,0.0,0.0
2026-04-09 18:17:48,29.6,58.6,19.9,54.1,0.0,0.0,0.0
2026-04-09 18:17:53,29.6,58.7,19.3,54.2,0.0,0.0,0.0
2026-04-09 18:17:58,29.6,58.7,34.2,54.2,0.0,0.0,0.0
2026-04-09 18:18:03,29.5,58.8,10.6,54.1,0.0,0.0,0.0
2026-04-09 18:18:08,29.4,58.9,12.6,54.1,0.0,0.0,0.0
2026-04-09 18:18:13,29.6,58.7,26.6,54.1,0.0,0.0,0.0
2026-04-09 18:18:18,29.5,58.7,17.3,54.1,0.0,0.0,0.0
2026-04-09 18:18:23,29.5,58.6,16.6,54.1,0.0,0.0,0.0
2026-04-09 18:18:28,29.6,58.5,14.2,54.1,0.0,0.0,0.0
2026-04-09 18:18:33,29.4,58.5,8.8,54.1,0.0,0.0,0.0
2026-04-09 18:18:38,29.6,58.5,0.0,54.1,0.0,0.0,0.0
2026-04-09 18:18:43,29.5,58.6,19.2,54.1,0.0,0.0,0.0
2026-04-09 18:18:48,29.6,58.6,20.4,54.1,0.0,0.0,0.0
2026-04-09 18:18:53,29.6,58.7,18.6,54.1,0.0,0.0,0.0
2026-04-09 18:18:58,29.4,58.8,15.2,54.1,0.0,0.0,0.0
2026-04-09 18:19:03,29.5,58.8,12.5,54.1,0.0,0.0,0.0
2026-04-09 18:19:08,29.6,58.8,18.4,54.1,0.0,0.0,0.0
2026-04-09 18:19:13,29.6,58.7,29.6,54.1,0.0,0.0,0.0
2026-04-09 18:19:18,29.7,58.8,3.8,54.1,0.0,0.0,0.0
2026-04-09 18:19:23,29.6,58.7,25.7,54.1,0.0,0.0,0.0
2026-04-09 18:19:28,29.7,58.9,12.5,54.1,0.0,0.0,0.0
2026-04-09 18:19:33,29.7,58.9,6.4,54.1,0.0,0.0,0.0
2026-04-09 18:19:38,29.6,58.9,11.0,54.1,0.0,0.0,0.0
2026-04-09 18:19:43,29.5,59.0,8.7,54.1,0.0,0.0,0.0
2026-04-09 18:19:48,29.7,58.9,35.8,54.1,0.0,0.0,0.0
2026-04-09 18:19:53,29.6,59.0,19.4,54.1,0.0,0.0,0.0
2026-04-09 18:19:58,29.6,59.0,0.0,54.1,0.0,0.0,0.0
2026-04-09 18:20:03,29.6,59.1,18.9,54.1,0.0,0.0,0.0
2026-04-09 18:20:08,29.6,59.0,25.7,54.1,0.0,0.0,0.0
2026-04-09 18:20:13,29.6,59.0,18.5,54.1,0.0,0.0,0.0
2026-04-09 18:20:18,29.6,59.1,0.0,54.1,0.0,0.0,0.0
2026-04-09 18:20:23,29.6,59.0,21.0,54.1,0.0,0.0,0.0
2026-04-09 18:20:28,29.7,59.1,9.4,54.1,0.0,0.0,0.0
2026-04-09 18:20:33,29.6,59.1,11.4,54.1,0.0,0.0,0.0
2026-04-09 18:20:38,29.6,59.2,27.5,54.1,0.0,0.0,0.0
2026-04-09 18:20:43,29.7,59.2,6.0,54.1,0.0,0.0,0.0
2026-04-09 18:20:48,29.6,59.3,2.4,54.1,0.0,0.0,0.0
2026-04-09 18:20:53,29.5,59.3,0.0,54.1,0.0,0.0,0.0
2026-04-09 18:20:58,29.6,59.2,0.0,54.1,0.0,0.0,0.0
2026-04-09 18:21:03,29.6,59.1,14.3,54.1,0.0,0.0,0.0
2026-04-09 18:21:08,29.8,59.2,25.7,54.1,0.0,0.0,0.0
2026-04-09 18:21:13,29.5,59.2,4.8,54.1,0.0,0.0,0.0
2026-04-09 18:21:18,29.7,59.1,5.7,54.1,0.0,0.0,0.0
2026-04-09 18:21:23,29.6,59.1,17.1,54.1,0.0,0.0,0.0
2026-04-09 18:21:28,29.7,59.1,17.3,54.1,0.0,0.0,0.0
2026-04-09 18:21:33,29.7,59.0,12.5,54.1,0.0,0.0,0.0
2026-04-09 18:21:38,29.6,59.0,15.1,54.1,0.0,0.0,0.0
2026-04-09 18:21:43,29.6,59.0,24.3,54.1,0.0,0.0,0.0
2026-04-09 18:21:48,29.7,59.0,0.0,54.1,0.0,0.0,0.0
2026-04-09 18:21:53,29.6,59.1,16.7,54.1,0.0,0.0,0.0
2026-04-09 18:21:58,29.7,59.1,1.3,54.1,0.0,0.0,0.0
2026-04-09 18:22:03,29.6,58.9,26.2,54.1,0.0,0.0,0.0
2026-04-09 18:22:08,29.6,58.9,6.4,54.1,0.0,0.0,0.0
2026-04-09 18:22:13,29.6,58.8,6.0,54.1,0.0,0.0,0.0
2026-04-09 18:22:18,29.7,58.7,19.2,54.1,0.0,0.0,0.0
2026-04-09 18:22:23,29.7,58.7,4.9,54.1,0.0,0.0,0.0
2026-04-09 18:22:28,29.5,58.8,30.4,54.1,0.0,0.0,0.0
2026-04-09 18:22:33,29.7,58.9,0.0,54.1,0.0,0.0,0.0
2026-04-09 18:22:38,29.5,58.9,26.3,54.1,0.0,0.0,0.0
2026-04-09 18:22:43,29.7,58.9,27.6,54.1,0.0,0.0,0.0
2026-04-09 18:22:48,29.6,58.9,37.8,54.1,0.0,0.0,0.0
2026-04-09 18:22:53,29.6,58.8,10.0,54.1,0.0,0.0,0.0
2026-04-09 18:22:58,29.5,58.8,25.4,54.1,0.0,0.0,0.0
2026-04-09 18:23:03,29.8,58.9,4.0,54.1,0.0,0.0,0.0
2026-04-09 18:23:08,29.6,59.0,13.0,54.1,0.0,0.0,0.0
2026-04-09 18:23:13,29.6,58.9,7.9,54.1,0.0,0.0,0.0
2026-04-09 18:23:18,29.7,59.0,7.8,54.1,0.0,0.0,0.0
2026-04-09 18:23:23,29.6,59.0,20.9,54.1,0.0,0.0,0.0
2026-04-09 18:23:28,29.7,59.1,14.9,54.1,0.0,0.0,0.0
2026-04-09 18:23:33,29.7,59.0,5.2,54.1,0.0,0.0,0.0
2026-04-09 18:23:38,29.6,58.9,16.5,54.1,0.0,0.0,0.0
2026-04-09 18:23:43,29.8,58.9,13.0,54.1,0.0,0.0,0.0
2026-04-09 18:23:48,29.8,58.9,10.4,54.1,0.0,0.0,0.0
2026-04-09 18:23:53,29.5,58.9,27.7,54.1,0.0,0.0,0.0
2026-04-09 18:23:58,29.6,58.9,13.0,54.1,0.0,0.0,0.0
2026-04-09 18:24:03,29.7,58.8,5.3,54.0,0.0,0.0,0.0
2026-04-09 18:24:08,29.7,58.8,14.3,54.0,0.0,0.0,0.0
2026-04-09 18:24:13,29.7,58.8,16.0,54.0,0.0,0.0,0.0
2026-04-09 18:24:18,29.7,58.8,11.4,54.0,0.0,0.0,0.0
2026-04-09 18:24:23,29.8,58.8,5.5,54.0,0.0,0.0,0.0
2026-04-09 18:24:28,29.7,58.6,4.8,54.1,0.0,0.0,0.0
2026-04-09 18:24:33,29.7,58.5,21.1,54.1,0.0,0.0,0.0
2026-04-09 18:24:38,29.8,58.5,11.5,54.1,0.0,0.0,0.0
2026-04-09 18:24:43,29.8,58.6,2.9,54.1,0.0,0.0,0.0
2026-04-09 18:24:48,29.7,58.5,25.6,54.1,0.0,0.0,0.0
2026-04-09 18:24:53,29.6,58.5,14.7,54.1,0.0,0.0,0.0
2026-04-09 18:24:58,29.8,58.5,27.6,54.0,0.0,0.0,0.0
2026-04-09 18:25:03,29.6,58.6,16.0,54.0,0.0,0.0,0.0
2026-04-09 18:25:08,29.8,58.6,18.1,54.0,0.0,0.0,0.0
2026-04-09 18:25:13,29.5,58.7,22.2,54.0,0.0,0.0,0.0
2026-04-09 18:25:18,29.6,58.6,54.3,54.0,0.0,0.0,0.0
2026-04-09 18:25:23,29.7,58.7,18.1,54.0,0.0,0.0,0.0
2026-04-09 18:25:28,29.8,58.6,14.5,54.0,0.0,0.0,0.0
2026-04-09 18:25:33,29.6,58.7,0.0,54.0,0.0,0.0,0.0
2026-04-09 18:25:38,29.7,58.7,20.2,54.0,0.0,0.0,0.0
2026-04-09 18:25:43,29.9,58.7,0.0,54.0,0.0,0.0,0.0
2026-04-09 18:25:48,29.8,58.7,28.6,54.1,0.0,0.0,0.0
2026-04-09 18:25:53,29.9,58.7,11.7,54.1,0.0,0.0,0.0
2026-04-09 18:25:58,29.8,58.8,14.7,54.1,0.0,0.0,0.0
2026-04-09 18:26:03,29.7,58.8,7.5,54.1,0.0,0.0,0.0
2026-04-09 18:26:08,29.7,58.9,39.6,54.1,0.0,0.0,0.0
2026-04-09 18:26:13,29.6,58.8,24.7,54.1,0.0,0.0,0.0
2026-04-09 18:26:18,29.6,58.6,14.3,54.1,0.0,0.0,0.0
2026-04-09 18:26:23,29.6,,0.0,54.1,0.0,0.0,0.0
2026-04-09 18:26:28,29.6,58.6,25.3,54.1,0.0,0.0,0.0
2026-04-09 18:26:33,29.9,58.8,15.8,54.1,0.0,0.0,0.0
2026-04-09 18:26:38,29.7,58.7,15.5,54.1,0.0,0.0,0.0
2026-04-09 18:26:43,29.7,58.6,25.6,54.1,0.0,0.0,0.0
2026-04-09 18:26:48,29.8,58.6,14.7,54.1,0.0,0.0,0.0
2026-04-09 18:26:53,29.6,58.7,13.0,54.0,0.0,0.0,0.0
2026-04-09 18:26:58,29.7,58.6,14.9,54.0,0.0,0.0,0.0
2026-04-09 18:27:03,29.6,58.5,1.8,54.0,0.0,0.0,0.0
2026-04-09 18:27:08,29.7,58.5,21.3,54.1,0.0,0.0,0.0
2026-04-09 18:27:13,29.7,58.5,4.3,54.1,0.0,0.0,0.0
2026-04-09 18:27:18,29.7,58.4,16.7,54.1,0.0,0.0,0.0
2026-04-09 18:27:23,29.6,58.5,17.3,54.1,0.0,0.0,0.0
2026-04-09 18:27:28,29.6,58.3,14.2,54.1,0.0,0.0,0.0
2026-04-09 18:27:33,29.8,58.4,10.4,54.1,0.0,0.0,0.0
2026-04-09 18:27:38,29.6,58.3,9.0,54.1,0.0,0.0,0.0
2026-04-09 18:27:43,29.5,58.3,28.3,54.1,0.0,0.0,0.0
2026-04-09 18:27:48,29.6,58.4,21.3,54.1,0.0,0.0,0.0
2026-04-09 18:27:53,29.6,58.5,9.4,54.1,0.0,0.0,0.0
2026-04-09 18:27:58,29.6,58.4,3.9,54.1,0.0,0.0,0.0
2026-04-09 18:28:03,29.7,58.3,19.1,54.1,0.0,0.0,0.0
2026-04-09 18:28:08,29.6,58.4,19.0,54.1,0.0,0.0,0.0
2026-04-09 18:28:13,30.0,58.4,3.5,54.1,0.0,0.0,0.0
2026-04-09 18:28:18,29.8,58.3,4.2,54.1,0.0,0.0,0.0
2026-04-09 18:28:23,29.7,58.2,29.9,54.1,0.0,0.0,0.0
2026-04-09 18:28:28,29.6,58.2,25.9,54.1,0.0,0.0,0.0
2026-04-09 18:28:33,29.7,58.3,0.0,54.1,0.0,0.0,0.0
2026-04-09 18:28:38,29.6,58.2,27.9,54.1,0.0,0.0,0.0
2026-04-09 18:28:43,29.7,58.2,0.0,54.1,0.0,0.0,0.0
2026-04-09 18:28:48,29.7,58.3,27.5,54.1,0.0,0.0,0.0
2026-04-09 18:28:53,29.7,58.2,24.3,54.1,0.0,0.0,0.0
2026-04-09 18:28:58,29.6,58.2,6.3,54.1,0.0,0.0,0.0
2026-04-09 18:29:03,29.7,58.4,20.4,54.1,0.0,0.0,0.0
2026-04-09 18:29:08,29.6,58.3,11.8,54.0,0.0,0.0,0.0
2026-04-09 18:29:13,29.6,58.2,11.1,54.0,0.0,0.0,0.0
2026-04-09 18:29:18,29.5,58.4,31.5,54.0,0.0,0.0,0.0
2026-04-09 18:29:23,29.5,58.3,28.5,54.0,0.0,0.0,0.0
2026-04-09 18:29:28,29.9,58.3,15.5,54.0,0.0,0.0,0.0
2026-04-09 18:29:33,29.5,58.3,5.8,54.0,0.0,0.0,0.0
2026-04-09 18:29:38,29.6,58.2,4.4,54.0,0.0,0.0,0.0
2026-04-09 18:29:43,29.6,58.3,15.3,54.0,0.0,0.0,0.0
2026-04-09 18:29:48,29.7,58.3,1.4,54.0,0.0,0.0,0.0
2026-04-09 18:29:53,29.8,58.3,5.9,54.0,0.0,0.0,0.0
2026-04-09 18:29:58,29.6,58.3,10.0,54.0,0.0,0.0,0.0
2026-04-09 18:30:03,29.7,58.4,33.5,54.0,0.0,0.0,0.0
2026-04-09 18:30:08,29.7,58.4,32.7,54.0,0.0,0.0,0.0
2026-04-09 18:30:13,29.7,58.5,7.2,54.0,0.0,0.0,0.0
2026-04-09 18:30:18,29.7,58.6,4.9,54.0,0.0,0.0,0.0
2026-04-09 18:30:23,29.7,58.5,13.9,54.0,0.0,0.0,0.0
2026-04-09 18:30:28,29.7,58.5,26.3,54.0,0.0,0.0,0.0
2026-04-09 18:30:33,29.7,58.6,19.7,54.0,0.0,0.0,0.0
2026-04-09 18:30:38,29.7,58.6,8.4,54.0,0.0,0.0,0.0
2026-04-09 18:30:43,29.7,58.6,33.9,54.0,0.0,0.0,0.0
2026-04-09 18:30:48,29.6,58.7,13.3,54.0,0.0,0.0,0.0
2026-04-09 18:30:53,29.5,58.7,3.7,54.0,0.0,0.0,0.0
2026-04-09 18:30:58,29.7,58.8,28.6,54.0,0.0,0.0,0.0
2026-04-09 18:31:03,29.7,58.7,20.5,54.0,0.0,0.0,0.0
2026-04-09 18:31:08,29.6,58.7,3.6,54.0,0.0,0.0,0.0
2026-04-09 18:31:13,29.7,58.6,26.0,54.1,0.0,0.0,0.0
2026-04-09 18:31:18,29.7,58.5,10.5,54.1,0.0,0.0,0.0
2026-04-09 18:31:23,29.6,58.5,29.1,54.1,0.0,0.0,0.0
2026-04-09 18:31:28,29.7,58.5,26.9,54.0,0.0,0.0,0.0
2026-04-09 18:31:33,29.5,58.5,15.9,54.0,0.0,0.0,0.0
2026-04-09 18:31:38,29.6,58.6,9.5,54.0,0.0,0.0,0.0
2026-04-09 18:31:43,29.6,58.5,19.7,54.0,0.0,0.0,0.0
2026-04-09 18:31:48,29.6,58.5,22.1,54.0,0.0,0.0,0.0
2026-04-09 18:31:53,29.6,58.4,25.6,54.0,0.0,0.0,0.0
2026-04-09 18:31:58,29.6,58.5,10.8,54.0,0.0,0.0,0.0
2026-04-09 18:32:03,29.6,58.6,23.9,54.0,0.0,0.0,0.0
2026-04-09 18:32:08,29.8,58.6,16.1,54.0,0.0,0.0,0.0
2026-04-09 18:32:13,29.6,58.6,7.8,54.0,0.0,0.0,0.0
2026-04-09 18:32:18,29.7,58.6,13.2,54.0,0.0,0.0,0.0
2026-04-09 18:32:23,29.8,58.6,5.4,54.0,0.0,0.0,0.0
2026-04-09 18:32:28,29.5,58.6,10.9,54.0,0.0,0.0,0.0
2026-04-09 18:32:33,29.6,58.5,6.7,54.0,0.0,0.0,0.0
2026-04-09 18:32:38,29.4,58.4,23.7,54.0,0.0,0.0,0.0
2026-04-09 18:32:43,29.8,58.4,20.9,54.0,0.0,0.0,0.0
2026-04-09 18:32:48,29.8,58.4,1.0,54.0,0.0,0.0,0.0
2026-04-09 18:32:53,29.6,58.5,17.0,54.0,0.0,0.0,0.0
2026-04-09 18:32:58,29.6,58.6,4.8,54.0,0.0,0.0,0.0
2026-04-09 18:33:03,29.6,58.5,11.0,54.1,0.0,0.0,0.0
2026-04-09 18:33:08,29.7,58.8,16.4,54.1,0.0,0.0,0.0
2026-04-09 18:33:13,29.7,58.8,0.0,54.1,0.0,0.0,0.0
2026-04-09 18:33:18,29.6,58.7,28.2,54.1,0.0,0.0,0.0
2026-04-09 18:33:23,29.6,58.9,0.0,54.1,0.0,0.0,0.0
2026-04-09 18:33:28,29.6,59.0,17.5,54.1,0.0,0.0,0.0
2026-04-09 18:33:33,29.6,59.1,24.9,54.1,0.0,0.0,0.0
2026-04-09 18:33:38,29.6,59.0,16.9,54.1,0.0,0.0,0.0
2026-04-09 18:33:43,29.7,59.1,22.9,54.1,0.0,0.0,0.0
2026-04-09 18:33:48,29.6,59.1,17.3,54.0,0.0,0.0,0.0
2026-04-09 18:33:53,29.7,59.2,25.1,54.0,0.0,0.0,0.0
2026-04-09 18:33:58,29.8,59.1,19.4,54.0,0.0,0.0,0.0
2026-04-09 18:34:03,29.8,58.9,8.9,54.0,0.0,0.0,0.0
2026-04-09 18:34:08,29.7,58.9,5.2,54.0,0.0,0.0,0.0
2026-04-09 18:34:13,29.6,59.0,23.6,54.0,0.0,0.0,0.0
2026-04-09 18:34:18,29.7,58.8,0.0,54.0,0.0,0.0,0.0
2026-04-09 18:34:23,29.7,58.8,10.6,54.0,0.0,0.0,0.0
2026-04-09 18:34:28,29.7,58.9,21.2,54.0,0.0,0.0,0.0
2026-04-09 18:34:33,29.6,58.9,32.4,54.0,0.0,0.0,0.0
2026-04-09 18:34:38,29.6,58.8,2.7,54.0,0.0,0.0,0.0
2026-04-09 18:34:43,29.7,58.9,21.1,54.0,0.0,0.0,0.0
2026-04-09 18:34:48,29.7,59.0,12.4,54.0,0.0,0.0,0.0
2026-04-09 18:34:53,29.5,58.8,6.7,54.0,0.0,0.0,0.0
2026-04-09 18:34:58,29.7,58.9,19.4,54.0,0.0,0.0,0.0
2026-04-09 18:35:03,29.7,58.9,20.3,54.0,0.0,0.0,0.0
2026-04-09 18:35:08,29.7,58.8,18.2,54.0,0.0,0.0,0.0
2026-04-09 18:35:13,29.8,58.8,18.0,54.0,0.0,0.0,0.0
2026-04-09 18:35:18,29.8,58.7,27.7,54.0,0.0,0.0,0.0
2026-04-09 18:35:23,29.8,58.6,23.3,54.0,0.0,0.0,0.0
2026-04-09 18:35:28,29.8,58.6,2.3,54.0,0.0,0.0,0.0
2026-04-09 18:35:33,29.7,58.5,9.5,54.0,0.0,0.0,0.0
2026-04-09 18:35:38,29.7,58.5,6.5,54.0,0.0,0.0,0.0
2026-04-09 18:35:43,29.7,58.6,19.8,54.0,0.0,0.0,0.0
2026-04-09 18:35:48,29.8,58.6,16.7,54.0,0.0,0.0,0.0
2026-04-09 18:35:53,29.6,58.5,13.6,54.0,0.0,0.0,0.0
2026-04-09 18:35:58,29.7,58.6,5.6,54.0,0.0,0.0,0.0
2026-04-09 18:36:03,29.8,58.6,12.7,54.0,0.0,0.0,0.0
2026-04-09 18:36:08,29.7,58.8,11.4,54.0,0.0,0.0,0.0
2026-04-09 18:36:13,29.6,58.8,22.6,54.0,0.0,0.0,0.0
2026-04-09 18:36:18,29.7,58.7,17.7,54.0,0.0,0.0,0.0
2026-04-09 18:36:23,29.7,58.8,14.1,54.0,0.0,0.0,0.0
2026-04-09 18:36:28,29.7,58.8,10.7,54.0,0.0,0.0,0.0
2026-04-09 18:36:33,29.6,58.7,9.9,54.0,0.0,0.0,0.0
2026-04-09 18:36:38,29.6,58.9,23.5,54.0,0.0,0.0,0.0
2026-04-09 18:36:43,29.8,58.9,26.7,54.0,0.0,0.0,0.0
2026-04-09 18:36:48,29.8,58.9,13.1,54.0,0.0,0.0,0.0
2026-04-09 18:36:53,29.6,58.9,21.5,54.0,0.0,0.0,0.0
2026-04-09 18:36:58,29.6,58.8,5.5,54.0,0.0,0.0,0.0
2026-04-09 18:37:03,29.6,58.9,14.2,54.0,0.0,0.0,0.0
2026-04-09 18:37:08,29.8,58.9,26.0,54.0,0.0,0.0,0.0
2026-04-09 18:37:13,29.7,58.9,23.0,54.0,0.0,0.0,0.0
2026-04-09 18:37:18,29.8,58.9,20.7,54.0,0.0,0.0,0.0
2026-04-09 18:37:23,29.8,58.8,8.7,54.0,0.0,0.0,0.0
2026-04-09 18:37:28,29.6,58.9,19.0,54.0,0.0,0.0,0.0
2026-04-09 18:37:33,29.7,58.9,22.7,54.0,0.0,0.0,0.0
2026-04-09 18:37:38,29.7,58.8,18.4,54.0,0.0,0.0,0.0
2026-04-09 18:37:43,29.6,59.0,6.1,54.0,0.0,0.0,0.0
2026-04-09 18:37:48,29.6,59.0,18.7,54.0,0.0,0.0,0.0
2026-04-09 18:37:53,29.6,58.9,25.5,54.0,0.0,0.0,0.0
2026-04-09 18:37:58,29.5,58.9,10.4,54.0,0.0,0.0,0.0
2026-04-09 18:38:03,29.7,58.9,10.3,54.0,0.0,0.0,0.0
2026-04-09 18:38:08,29.6,58.8,21.8,54.0,0.0,0.0,0.0
2026-04-09 18:38:13,29.6,58.8,20.1,54.0,0.0,0.0,0.0
2026-04-09 18:38:18,29.5,58.9,11.9,54.0,0.0,0.0,0.0
2026-04-09 18:38:23,29.6,59.1,17.4,54.0,0.0,0.0,0.0
2026-04-09 18:38:28,29.5,59.1,28.2,54.0,0.0,0.0,0.0
2026-04-09 18:38:33,29.8,59.0,0.0,54.0,0.0,0.0,0.0
2026-04-09 18:38:38,29.7,58.9,37.0,54.0,0.0,0.0,0.0
2026-04-09 18:38:43,29.8,58.9,10.2,54.0,0.0,0.0,0.0
2026-04-09 18:38:48,29.6,58.7,15.9,54.0,0.0,0.0,0.0
2026-04-09 18:38:53,29.8,58.7,22.2,54.0,0.0,0.0,0.0
2026-04-09 18:38:58,29.8,58.8,25.4,54.0,0.0,0.0,0.0
2026-04-09 18:39:03,29.6,58.8,13.3,54.0,0.0,0.0,0.0
2026-04-09 18:39:08,29.7,58.9,4.7,54.0,0.0,0.0,0.0
2026-04-09 18:39:13,29.6,59.0,14.8,54.0,0.0,0.0,0.0
2026-04-09 18:39:18,29.6,59.0,10.7,54.0,0.0,0.0,0.0
2026-04-09 18:39:23,29.7,58.9,20.9,54.0,0.0,0.0,0.0
2026-04-09 18:39:28,29.8,58.9,20.1,54.0,0.0,0.0,0.0
2026-04-09 18:39:33,29.6,58.7,18.3,54.0,0.0,0.0,0.0
2026-04-09 18:39:38,29.5,58.6,26.0,54.0,0.0,0.0,0.0
2026-04-09 18:39:43,29.6,58.7,8.7,54.0,0.0,0.0,0.0
2026-04-09 18:39:48,29.7,58.7,8.8,54.0,0.0,0.0,0.0
2026-04-09 18:39:53,29.6,58.6,17.3,54.0,0.0,0.0,0.0
2026-04-09 18:39:58,29.6,58.6,16.0,54.0,0.0,0.0,0.0
2026-04-09 18:40:03,29.6,58.5,12.7,54.0,0.0,0.0,0.0
2026-04-09 18:40:08,29.5,58.5,8.4,54.0,0.0,0.0,0.0
2026-04-09 18:40:13,29.6,58.5,3.7,54.0,0.0,0.0,0.0
2026-04-09 18:40:18,29.8,58.4,26.1,54.0,0.0,0.0,0.0
2026-04-09 18:40:23,29.7,58.4,17.6,54.0,0.0,0.0,0.0
2026-04-09 18:40:28,29.7,58.5,20.4,54.0,0.0,0.0,0.0
2026-04-09 18:40:33,29.7,58.6,4.5,54.0,0.0,0.0,0.0
2026-04-09 18:40:38,29.8,58.5,8.5,54.0,0.0,0.0,0.0
2026-04-09 18:40:43,29.6,58.4,10.6,54.0,0.0,0.0,0.0
2026-04-09 18:40:48,29.6,58.6,15.0,54.0,0.0,0.0,0.0
2026-04-09 18:40:53,29.8,58.7,27.1,54.0,0.0,0.0,0.0
2026-04-09 18:40:58,29.7,58.8,9.2,54.0,0.0,0.0,0.0
2026-04-09 18:41:03,29.6,58.8,11.3,54.0,0.0,0.0,0.0
2026-04-09 18:41:08,29.7,59.0,0.0,54.0,0.0,0.0,0.0
2026-04-09 18:41:13,29.7,59.1,1.1,54.0,0.0,0.0,0.0
2026-04-09 18:41:18,29.6,58.9,2.3,54.0,0.0,0.0,0.0
2026-04-09 18:41:23,29.8,58.8,22.2,54.0,0.0,0.0,0.0
2026-04-09 18:41:28,29.6,58.6,15.3,54.1,0.0,0.0,0.0
2026-04-09 18:41:33,29.9,58.7,20.0,54.1,0.0,0.0,0.0
2026-04-09 18:41:38,29.8,58.7,13.4,54.0,0.0,0.0,0.0
2026-04-09 18:41:43,29.6,58.7,7.3,54.0,0.0,0.0,0.0
2026-04-09 18:41:48,29.6,58.6,22.4,54.0,0.0,0.0,0.0
2026-04-09 18:41:53,29.6,58.5,32.1,54.0,0.0,0.0,0.0
2026-04-09 18:41:58,29.6,58.4,6.1,54.0,0.0,0.0,0.0
2026-04-09 18:42:03,29.7,58.4,4.1,54.1,0.0,0.0,0.0
2026-04-09 18:42:08,29.6,58.4,24.0,54.1,0.0,0.0,0.0
2026-04-09 18:42:13,29.9,58.3,15.4,54.1,0.0,0.0,0.0
2026-04-09 18:42:18,29.5,58.3,12.1,54.1,0.0,0.0,0.0
2026-04-09 18:42:23,29.6,58.2,17.0,54.1,0.0,0.0,0.0
2026-04-09 18:42:28,29.7,58.4,26.3,54.1,0.0,0.0,0.0
2026-04-09 18:42:33,29.6,58.4,27.8,54.0,0.0,0.0,0.0
2026-04-09 18:42:38,29.5,58.3,25.8,54.0,0.0,0.0,0.0
2026-04-09 18:42:43,29.6,58.3,3.7,54.0,0.0,0.0,0.0
2026-04-09 18:42:48,29.7,58.2,21.1,54.0,0.0,0.0,0.0
2026-04-09 18:42:53,29.7,58.3,9.5,54.0,0.0,0.0,0.0
2026-04-09 18:42:58,29.7,58.6,19.1,54.0,0.0,0.0,0.0
2026-04-09 18:43:03,29.8,58.7,7.6,54.0,0.0,0.0,0.0
2026-04-09 18:43:08,29.7,58.8,22.8,54.0,0.0,0.0,0.0
2026-04-09 18:43:13,29.7,58.6,13.7,54.0,0.0,0.0,0.0
2026-04-09 18:43:18,29.6,58.6,22.1,54.0,0.0,0.0,0.0
2026-04-09 18:43:23,29.7,58.5,26.2,54.0,0.0,0.0,0.0
2026-04-09 18:43:28,29.7,58.5,15.3,54.0,0.0,0.0,0.0
2026-04-09 18:43:33,29.5,58.5,28.7,54.0,0.0,0.0,0.0
2026-04-09 18:43:38,29.7,58.5,3.1,54.0,0.0,0.0,0.0
2026-04-09 18:43:43,29.6,58.5,18.7,54.0,0.0,0.0,0.0
2026-04-09 18:43:48,29.8,58.6,21.1,54.0,0.0,0.0,0.0
2026-04-09 18:43:53,29.7,58.6,21.8,54.0,0.0,0.0,0.0
2026-04-09 18:43:58,29.6,58.6,14.5,54.0,0.0,0.0,0.0
2026-04-09 18:44:03,29.7,58.6,11.3,54.0,0.0,0.0,0.0
2026-04-09 18:44:08,29.6,58.7,8.4,54.0,0.0,0.0,0.0
2026-04-09 18:44:13,29.7,58.5,12.6,54.0,0.0,0.0,0.0
2026-04-09 18:44:18,29.7,58.5,28.9,54.1,0.0,0.0,0.0
2026-04-09 18:44:23,29.7,58.5,6.0,54.1,0.0,0.0,0.0
2026-04-09 18:44:28,29.8,58.5,6.6,54.1,0.0,0.0,0.0
2026-04-09 18:44:33,29.6,58.5,37.2,54.1,0.0,0.0,0.0
2026-04-09 18:44:38,29.6,58.4,5.1,54.1,0.0,0.0,0.0
2026-04-09 18:44:43,29.6,58.4,12.1,54.1,0.0,0.0,0.0
2026-04-09 18:44:48,29.7,58.3,29.4,54.1,0.0,0.0,0.0
2026-04-09 18:44:53,29.7,58.3,16.2,54.0,0.0,0.0,0.0
2026-04-09 18:44:58,29.7,58.3,11.0,54.0,0.0,0.0,0.0
2026-04-09 18:45:03,29.5,58.3,14.8,54.0,0.0,0.0,0.0
2026-04-09 18:45:08,29.8,58.3,13.4,54.0,0.0,0.0,0.0
2026-04-09 18:45:13,29.7,58.3,3.9,54.0,0.0,0.0,0.0
2026-04-09 18:45:18,29.7,58.2,12.8,54.0,0.0,0.0,0.0
2026-04-09 18:45:23,29.7,58.2,25.5,54.0,0.0,0.0,0.0
2026-04-09 18:45:28,29.7,58.3,0.0,54.0,0.0,0.0,0.0
2026-04-09 18:45:33,29.7,58.4,14.2,54.0,0.0,0.0,0.0
2026-04-09 18:45:38,29.7,58.3,14.5,54.1,0.0,0.0,0.0
2026-04-09 18:45:43,29.6,58.5,14.4,54.1,0.0,0.0,0.0
2026-04-09 18:45:48,29.7,58.4,14.3,54.0,0.0,0.0,0.0
2026-04-09 18:45:53,29.8,58.5,20.6,54.0,0.0,0.0,0.0
2026-04-09 18:45:58,29.8,58.6,5.8,54.0,0.0,0.0,0.0
2026-04-09 18:46:03,29.6,58.5,14.8,54.1,0.0,0.0,0.0
2026-04-09 18:46:08,29.7,58.4,8.2,54.1,0.0,0.0,0.0
2026-04-09 18:46:13,29.6,58.4,11.1,54.0,0.0,0.0,0.0
2026-04-09 18:46:18,29.9,58.5,32.5,54.0,0.0,0.0,0.0
2026-04-09 18:46:23,29.6,58.5,22.7,54.1,0.0,0.0,0.0
2026-04-09 18:46:28,29.8,58.4,7.5,54.1,0.0,0.0,0.0
2026-04-09 18:46:33,29.7,58.5,14.9,54.1,0.0,0.0,0.0
2026-04-09 18:46:38,29.7,58.5,29.1,54.1,0.0,0.0,0.0
2026-04-09 18:46:43,29.7,58.5,14.0,54.1,0.0,0.0,0.0
2026-04-09 18:46:48,29.8,58.6,24.8,54.1,0.0,0.0,0.0
2026-04-09 18:46:53,29.8,58.6,21.7,54.1,0.0,0.0,0.0
2026-04-09 18:46:58,29.9,58.6,21.3,54.1,0.0,0.0,0.0
2026-04-09 18:47:03,29.7,58.5,21.7,54.0,0.0,0.0,0.0
2026-04-09 18:47:08,29.8,58.4,15.9,54.0,0.0,0.0,0.0
2026-04-09 18:47:13,29.7,58.4,33.7,54.0,0.0,0.0,0.0
2026-04-09 18:47:18,29.7,58.5,0.0,54.0,0.0,0.0,0.0
2026-04-09 18:47:23,29.8,58.6,16.6,54.0,0.0,0.0,0.0
2026-04-09 18:47:28,29.8,58.5,23.3,54.1,0.0,0.0,0.0
2026-04-09 18:47:33,29.7,58.5,24.1,54.1,0.0,0.0,0.0
2026-04-09 18:47:38,29.8,58.5,19.7,54.0,0.0,0.0,0.0
2026-04-09 18:47:43,29.7,58.6,7.0,54.0,0.0,0.0,0.0
2026-04-09 18:47:48,29.9,58.5,14.0,54.0,0.0,0.0,0.0
2026-04-09 18:47:53,29.7,58.5,22.1,54.0,0.0,0.0,0.0
2026-04-09 18:47:58,29.5,58.5,32.3,54.0,0.0,0.0,0.0
2026-04-09 18:48:03,29.7,58.5,16.9,54.0,0.0,0.0,0.0
2026-04-09 18:48:08,29.7,58.6,10.4,54.0,0.0,0.0,0.0
2026-04-09 18:48:13,29.8,58.5,0.0,54.0,0.0,0.0,0.0
2026-04-09 18:48:18,29.7,58.5,12.4,54.0,0.0,0.0,0.0
2026-04-09 18:48:23,29.7,58.7,14.3,54.0,0.0,0.0,0.0
2026-04-09 18:48:28,29.6,58.6,7.6,54.0,0.0,0.0,0.0
2026-04-09 18:48:33,29.7,58.5,9.5,54.0,0.0,0.0,0.0
2026-04-09 18:48:38,29.7,58.5,34.3,54.0,0.0,0.0,0.0
2026-04-09 18:48:43,29.7,58.4,15.0,54.0,0.0,0.0,0.0
2026-04-09 18:48:48,29.7,58.4,17.6,54.0,0.0,0.0,0.0
2026-04-09 18:48:53,29.7,58.4,19.7,54.1,0.0,0.0,0.0
2026-04-09 18:48:58,29.7,58.5,32.5,54.1,0.0,0.0,0.0
2026-04-09 18:49:03,29.7,58.5,0.0,54.0,0.0,0.0,0.0
2026-04-09 18:49:08,29.7,58.5,20.5,54.0,0.0,0.0,0.0
2026-04-09 18:49:13,29.7,58.3,18.2,54.1,0.0,0.0,0.0
2026-04-09 18:49:18,29.6,58.4,27.4,54.1,0.0,0.0,0.0
2026-04-09 18:49:23,29.6,58.6,13.5,54.1,0.0,0.0,0.0
2026-04-09 18:49:28,29.6,58.6,0.0,54.1,0.0,0.0,0.0
2026-04-09 18:49:33,29.7,58.7,24.1,54.1,0.0,0.0,0.0
2026-04-09 18:49:38,29.7,58.7,24.4,54.1,0.0,0.0,0.0
2026-04-09 18:49:43,29.6,58.6,28.9,54.1,0.0,0.0,0.0
2026-04-09 18:49:48,29.8,58.8,16.8,54.0,0.0,0.0,0.0
2026-04-09 18:49:53,29.8,58.7,21.1,54.0,0.0,0.0,0.0
2026-04-09 18:49:58,29.6,58.8,9.3,54.0,0.0,0.0,0.0
2026-04-09 18:50:03,29.5,58.7,18.3,54.0,0.0,0.0,0.0
2026-04-09 18:50:08,29.6,58.7,28.8,54.0,0.0,0.0,0.0
2026-04-09 18:50:13,29.7,58.7,6.3,54.0,0.0,0.0,0.0
2026-04-09 18:50:18,29.7,58.8,11.8,54.0,0.0,0.0,0.0
2026-04-09 18:50:23,29.7,58.8,10.9,54.0,0.0,0.0,0.0
2026-04-09 18:50:28,29.7,58.9,4.9,54.0,0.0,0.0,0.0
2026-04-09 18:50:33,29.6,58.9,0.0,54.0,0.0,0.0,0.0
2026-04-09 18:50:38,29.7,59.0,11.8,54.0,0.0,0.0,0.0
2026-04-09 18:50:43,29.7,58.9,16.9,54.0,0.0,0.0,0.0
2026-04-09 18:50:48,29.7,59.0,23.0,54.0,0.0,0.0,0.0
2026-04-09 18:50:53,29.8,59.0,5.7,54.0,0.0,0.0,0.0
2026-04-09 18:50:58,29.6,58.9,18.8,54.1,0.0,0.0,0.0
2026-04-09 18:51:03,29.6,58.9,17.6,54.1,0.0,0.0,0.0
2026-04-09 18:51:08,29.6,58.9,10.0,54.1,0.0,0.0,0.0
2026-04-09 18:51:13,29.8,58.9,7.6,54.1,0.0,0.0,0.0
2026-04-09 18:51:18,29.6,58.8,17.0,54.0,0.0,0.0,0.0
2026-04-09 18:51:23,29.6,58.7,0.0,54.0,0.0,0.0,0.0
2026-04-09 18:51:28,29.7,58.7,14.3,54.0,0.0,0.0,0.0
2026-04-09 18:51:33,29.6,58.8,21.6,54.1,0.0,0.0,0.0
2026-04-09 18:51:38,29.7,58.8,25.3,54.1,0.0,0.0,0.0
2026-04-09 18:51:43,29.6,58.8,6.4,54.0,0.0,0.0,0.0
2026-04-09 18:51:48,29.6,58.8,13.9,54.0,0.0,0.0,0.0
2026-04-09 18:51:53,29.6,58.7,10.8,54.0,0.0,0.0,0.0
2026-04-09 18:51:58,29.6,58.7,19.6,54.0,0.0,0.0,0.0
2026-04-09 18:52:03,30.0,58.6,3.6,54.0,0.0,0.0,0.0
2026-04-09 18:52:08,29.7,58.6,4.8,54.0,0.0,0.0,0.0
2026-04-09 18:52:13,29.8,58.6,12.8,54.0,0.0,0.0,0.0
2026-04-09 18:52:18,29.7,58.6,16.9,54.0,0.0,0.0,0.0
2026-04-09 18:52:23,29.6,58.6,20.9,54.0,0.0,0.0,0.0
2026-04-09 18:52:28,29.8,58.4,0.0,54.1,0.0,0.0,0.0
2026-04-09 18:52:33,29.8,58.4,38.7,54.1,0.0,0.0,0.0
2026-04-09 18:52:38,29.7,58.5,21.5,54.0,0.0,0.0,0.0
2026-04-09 18:52:43,29.7,58.5,0.0,54.0,0.0,0.0,0.0
2026-04-09 18:52:48,29.7,58.6,17.3,54.0,0.0,0.0,0.0
2026-04-09 18:52:53,29.9,58.6,27.0,54.0,0.0,0.0,0.0
2026-04-09 18:52:58,29.7,58.5,3.5,54.0,0.0,0.0,0.0
2026-04-09 18:53:03,29.6,58.5,28.1,54.0,0.0,0.0,0.0
2026-04-09 18:53:08,29.7,58.5,6.0,54.0,0.0,0.0,0.0
2026-04-09 18:53:13,29.7,58.5,21.3,54.0,0.0,0.0,0.0
2026-04-09 18:53:18,30.0,58.5,20.7,54.0,0.0,0.0,0.0
2026-04-09 18:53:23,29.8,58.5,0.0,54.0,0.0,0.0,0.0
2026-04-09 18:53:28,29.7,58.6,19.3,54.0,0.0,0.0,0.0
2026-04-09 18:53:33,29.8,58.5,18.9,54.0,0.0,0.0,0.0
2026-04-09 18:53:38,29.8,58.5,0.6,54.0,0.0,0.0,0.0
2026-04-09 18:53:43,29.9,58.4,4.6,54.0,0.0,0.0,0.0
2026-04-09 18:53:48,29.7,58.5,3.8,54.0,0.0,0.0,0.0
2026-04-09 18:53:53,29.7,58.3,23.9,54.0,0.0,0.0,0.0
2026-04-09 18:53:58,29.7,58.4,12.2,54.0,0.0,0.0,0.0
2026-04-09 18:54:03,29.8,58.3,9.8,54.0,0.0,0.0,0.0
2026-04-09 18:54:08,29.8,58.3,0.0,54.0,0.0,0.0,0.0
2026-04-09 18:54:13,29.8,58.5,21.8,54.0,0.0,0.0,0.0
2026-04-09 18:54:18,29.8,58.6,22.3,54.0,0.0,0.0,0.0
2026-04-09 18:54:23,29.8,58.5,23.1,54.0,0.0,0.0,0.0
2026-04-09 18:54:28,29.8,58.5,15.6,54.0,0.0,0.0,0.0
2026-04-09 18:54:33,29.8,58.7,26.8,54.0,0.0,0.0,0.0
2026-04-09 18:54:38,29.8,58.7,28.3,54.0,0.0,0.0,0.0
2026-04-09 18:54:43,29.8,58.6,23.0,54.0,0.0,0.0,0.0
2026-04-09 18:54:48,29.8,58.6,18.9,54.0,0.0,0.0,0.0
2026-04-09 18:54:53,29.7,58.6,13.9,54.0,0.0,0.0,0.0
2026-04-09 18:54:58,29.8,58.6,21.5,54.0,0.0,0.0,0.0
2026-04-09 18:55:03,29.9,58.7,21.2,54.0,0.0,0.0,0.0
2026-04-09 18:55:08,29.7,58.8,0.3,54.0,0.0,0.0,0.0
2026-04-09 18:55:13,29.8,58.8,7.3,54.0,0.0,0.0,0.0
2026-04-09 18:55:18,29.8,58.8,18.5,54.0,0.0,0.0,0.0
2026-04-09 18:55:23,29.8,58.8,9.6,54.0,0.0,0.0,0.0
2026-04-09 18:55:28,29.7,58.8,14.4,54.0,0.0,0.0,0.0
2026-04-09 18:55:33,29.9,58.9,25.9,54.0,0.0,0.0,0.0
2026-04-09 18:55:38,29.7,58.8,10.2,54.0,0.0,0.0,0.0
2026-04-09 18:55:43,29.7,58.9,9.1,54.0,0.0,0.0,0.0
2026-04-09 18:55:48,29.8,58.9,15.2,54.0,0.0,0.0,0.0
2026-04-09 18:55:53,29.7,58.8,17.6,54.0,0.0,0.0,0.0
2026-04-09 18:55:58,29.8,58.8,13.3,54.0,0.0,0.0,0.0
2026-04-09 18:56:03,29.8,58.7,19.7,54.0,0.0,0.0,0.0
2026-04-09 18:56:08,29.9,58.5,11.5,54.0,0.0,0.0,0.0
2026-04-09 18:56:13,29.9,58.5,18.2,54.0,0.0,0.0,0.0
2026-04-09 18:56:18,29.9,58.5,19.3,54.0,0.0,0.0,0.0
2026-04-09 18:56:23,29.8,58.5,27.9,54.0,0.0,0.0,0.0
2026-04-09 18:56:28,29.8,58.5,9.7,54.0,0.0,0.0,0.0
2026-04-09 18:56:33,29.7,58.4,11.1,54.0,0.0,0.0,0.0
2026-04-09 18:56:38,29.7,58.5,19.8,54.0,0.0,0.0,0.0
2026-04-09 18:56:43,29.8,58.5,24.9,54.0,0.0,0.0,0.0
2026-04-09 18:56:48,29.8,58.4,27.1,54.0,0.0,0.0,0.0
2026-04-09 18:56:53,29.8,58.2,10.8,54.1,0.0,0.0,0.0
2026-04-09 18:56:58,29.9,58.2,29.1,54.1,0.0,0.0,0.0
2026-04-09 18:57:03,29.7,58.1,0.0,54.1,0.0,0.0,0.0
2026-04-09 18:57:08,29.7,58.0,12.6,54.0,0.0,0.0,0.0
2026-04-09 18:57:13,30.0,58.0,10.7,54.0,0.0,0.0,0.0
2026-04-09 18:57:18,29.7,58.0,20.3,54.0,0.0,0.0,0.0
2026-04-09 18:57:23,29.8,58.1,20.4,54.0,0.0,0.0,0.0
2026-04-09 18:57:28,29.8,58.3,16.1,54.0,0.0,0.0,0.0
2026-04-09 18:57:33,29.7,58.1,13.1,54.0,0.0,0.0,0.0
2026-04-09 18:57:38,29.9,58.1,10.9,54.0,0.0,0.0,0.0
2026-04-09 18:57:43,29.9,58.0,21.7,54.0,0.0,0.0,0.0
2026-04-09 18:57:48,29.8,57.9,28.7,54.0,0.0,0.0,0.0
2026-04-09 18:57:53,29.8,57.8,16.9,54.0,0.0,0.0,0.0
2026-04-09 18:57:58,29.8,57.9,19.9,54.0,0.0,0.0,0.0
2026-04-09 18:58:03,29.9,58.1,17.2,54.0,0.0,0.0,0.0
2026-04-09 18:58:08,29.8,58.1,10.2,54.0,0.0,0.0,0.0
2026-04-09 18:58:13,29.8,58.1,3.0,54.0,0.0,0.0,0.0
2026-04-09 18:58:18,29.8,58.1,11.3,54.0,0.0,0.0,0.0
2026-04-09 18:58:23,29.9,58.0,6.8,54.0,0.0,0.0,0.0
2026-04-09 18:58:28,29.6,57.9,19.9,54.0,0.0,0.0,0.0
2026-04-09 18:58:33,29.8,57.8,16.2,53.9,0.0,0.0,0.0
2026-04-09 18:58:38,30.0,57.7,17.0,53.9,0.0,0.0,0.0
2026-04-09 18:58:43,29.8,57.8,10.8,54.0,0.0,0.0,0.0
2026-04-09 18:58:48,29.8,57.8,23.4,54.0,0.0,0.0,0.0
2026-04-09 18:58:53,29.8,57.7,15.8,54.0,0.0,0.0,0.0
2026-04-09 18:58:58,29.8,57.7,29.0,54.0,0.0,0.0,0.0
2026-04-09 18:59:03,29.8,57.6,21.8,54.0,0.0,0.0,0.0
2026-04-09 18:59:08,29.7,57.7,15.4,54.0,0.0,0.0,0.0
2026-04-09 18:59:13,29.9,57.8,4.5,54.0,0.0,0.0,0.0
2026-04-09 18:59:18,29.9,58.1,10.8,54.0,0.0,0.0,0.0
2026-04-09 18:59:23,29.7,58.1,10.0,54.0,0.0,0.0,0.0
2026-04-09 18:59:28,29.8,58.3,2.0,54.0,0.0,0.0,0.0
2026-04-09 18:59:33,29.8,58.3,26.0,54.0,0.0,0.0,0.0
2026-04-09 18:59:38,29.9,58.2,2.6,54.0,0.0,0.0,0.0
2026-04-09 18:59:43,29.8,58.4,13.6,54.0,0.0,0.0,0.0
2026-04-09 18:59:48,29.8,58.5,10.0,54.0,0.0,0.0,0.0
2026-04-09 18:59:53,29.8,58.6,12.4,54.0,0.0,0.0,0.0
2026-04-09 18:59:58,29.8,58.5,10.8,54.0,0.0,0.0,0.0
2026-04-09 19:00:03,29.8,58.5,10.1,54.0,0.0,0.0,0.0
2026-04-09 19:00:08,29.7,58.6,14.7,54.0,0.0,0.0,0.0
2026-04-09 19:00:13,29.9,58.6,16.4,54.0,0.0,0.0,0.0
2026-04-09 19:00:18,29.8,58.7,19.6,54.0,0.0,0.0,0.0
2026-04-09 19:00:23,29.8,58.7,8.7,54.0,0.0,0.0,0.0
2026-04-09 19:00:28,29.7,58.7,29.9,54.0,0.0,0.0,0.0
2026-04-09 19:00:33,29.8,58.7,18.4,54.0,0.0,0.0,0.0
2026-04-09 19:00:38,29.8,58.8,20.1,54.0,0.0,0.0,0.0
2026-04-09 19:00:43,29.8,58.8,7.2,54.0,0.0,0.0,0.0
2026-04-09 19:00:48,29.9,58.7,19.4,54.0,0.0,0.0,0.0
2026-04-09 19:00:53,29.8,58.6,27.4,54.0,0.0,0.0,0.0
2026-04-09 19:00:58,29.8,58.6,12.5,54.0,0.0,0.0,0.0
2026-04-09 19:01:03,29.9,58.6,1.9,54.0,0.0,0.0,0.0
2026-04-09 19:01:08,29.8,58.7,6.3,54.0,0.0,0.0,0.0
2026-04-09 19:01:13,29.7,58.7,10.0,54.0,0.0,0.0,0.0
2026-04-09 19:01:18,29.7,58.6,24.9,54.0,0.0,0.0,0.0
2026-04-09 19:01:23,29.7,58.6,10.2,54.0,0.0,0.0,0.0
2026-04-09 19:01:28,29.9,58.7,20.8,54.0,0.0,0.0,0.0
2026-04-09 19:01:33,29.8,58.7,6.5,54.0,0.0,0.0,0.0
2026-04-09 19:01:38,29.6,58.6,10.5,54.0,0.0,0.0,0.0
2026-04-09 19:01:43,29.8,58.7,22.5,54.0,0.0,0.0,0.0
2026-04-09 19:01:48,29.9,58.7,13.7,54.0,0.0,0.0,0.0
2026-04-09 19:01:53,29.7,58.6,10.9,53.9,0.0,0.0,0.0
2026-04-09 19:01:58,29.8,58.6,1.9,53.9,0.0,0.0,0.0
2026-04-09 19:02:03,29.7,58.6,16.6,54.0,0.0,0.0,0.0
2026-04-09 19:02:08,29.7,58.6,23.1,54.0,0.0,0.0,0.0
2026-04-09 19:02:13,29.8,58.4,24.7,54.0,0.0,0.0,0.0
2026-04-09 19:02:18,29.9,58.3,11.3,54.0,0.0,0.0,0.0
2026-04-09 19:02:23,29.7,58.3,0.0,54.0,0.0,0.0,0.0
2026-04-09 19:02:28,29.8,58.3,19.2,54.0,0.0,0.0,0.0
2026-04-09 19:02:33,29.6,58.3,4.4,54.0,0.0,0.0,0.0
2026-04-09 19:02:38,29.7,58.3,14.9,54.0,0.0,0.0,0.0
2026-04-09 19:02:43,29.9,58.3,5.8,54.0,0.0,0.0,0.0
2026-04-09 19:02:48,29.7,58.3,10.7,54.0,0.0,0.0,0.0
2026-04-09 19:02:53,29.8,58.4,1.5,54.0,0.0,0.0,0.0
2026-04-09 19:02:58,29.7,58.5,15.0,54.0,0.0,0.0,0.0
2026-04-09 19:03:03,29.6,58.5,24.6,54.0,0.0,0.0,0.0
2026-04-09 19:03:08,29.7,58.5,5.8,54.0,0.0,0.0,0.0
2026-04-09 19:03:13,29.7,58.6,30.5,54.0,0.0,0.0,0.0
2026-04-09 19:03:18,29.9,58.6,6.4,54.0,0.0,0.0,0.0
2026-04-09 19:03:23,29.7,58.6,25.1,54.0,0.0,0.0,0.0
2026-04-09 19:03:28,29.9,58.7,16.3,54.0,0.0,0.0,0.0
2026-04-09 19:03:33,29.8,58.6,35.0,54.0,0.0,0.0,0.0
2026-04-09 19:03:38,29.8,58.6,0.0,54.0,0.0,0.0,0.0
2026-04-09 19:03:43,29.8,58.6,19.3,54.0,0.0,0.0,0.0
2026-04-09 19:03:48,29.6,58.6,12.2,54.0,0.0,0.0,0.0
2026-04-09 19:03:53,29.9,58.6,13.8,54.0,0.0,0.0,0.0
2026-04-09 19:03:58,29.7,58.5,10.3,54.0,0.0,0.0,0.0
2026-04-09 19:04:03,29.7,58.5,35.7,54.0,0.0,0.0,0.0
2026-04-09 19:04:08,29.8,58.6,25.8,54.0,0.0,0.0,0.0
2026-04-09 19:04:13,29.7,58.6,33.6,54.0,0.0,0.0,0.0
2026-04-09 19:04:18,29.7,58.7,5.4,54.0,0.0,0.0,0.0
2026-04-09 19:04:23,29.8,58.8,14.0,54.0,0.0,0.0,0.0
2026-04-09 19:04:28,29.8,58.8,3.7,54.0,0.0,0.0,0.0
2026-04-09 19:04:33,29.8,58.8,26.9,54.0,0.0,0.0,0.0
2026-04-09 19:04:38,29.8,58.8,18.5,54.0,0.0,0.0,0.0
2026-04-09 19:04:43,29.9,58.7,18.3,54.0,0.0,0.0,0.0
2026-04-09 19:04:48,29.7,58.6,15.7,54.0,0.0,0.0,0.0
2026-04-09 19:04:53,29.8,58.6,19.6,54.0,0.0,0.0,0.0
2026-04-09 19:04:58,29.9,58.4,9.9,54.0,0.0,0.0,0.0
2026-04-09 19:05:03,30.0,58.4,11.5,54.0,0.0,0.0,0.0
2026-04-09 19:05:08,29.9,58.3,16.7,54.0,0.0,0.0,0.0
2026-04-09 19:05:13,29.8,58.2,8.8,54.0,0.0,0.0,0.0
2026-04-09 19:05:18,29.8,58.3,8.6,54.0,0.0,0.0,0.0
2026-04-09 19:05:23,29.7,58.4,12.1,54.0,0.0,0.0,0.0
2026-04-09 19:05:28,29.9,58.4,30.4,54.0,0.0,0.0,0.0
2026-04-09 19:05:33,29.7,58.4,20.5,54.0,0.0,0.0,0.0
2026-04-09 19:05:38,29.8,58.4,1.1,54.0,0.0,0.0,0.0
2026-04-09 19:05:43,29.8,58.4,20.0,54.0,0.0,0.0,0.0
2026-04-09 19:05:48,29.7,58.5,7.3,54.0,0.0,0.0,0.0
2026-04-09 19:05:53,29.8,58.4,6.3,54.0,0.0,0.0,0.0
2026-04-09 19:05:58,29.8,58.4,13.4,54.0,0.0,0.0,0.0
2026-04-09 19:06:03,29.9,58.4,11.7,54.0,0.0,0.0,0.0
2026-04-09 19:06:08,29.7,58.4,1.9,54.0,0.0,0.0,0.0
2026-04-09 19:06:13,29.9,58.6,10.1,54.0,0.0,0.0,0.0
2026-04-09 19:06:18,29.7,58.6,21.2,54.0,0.0,0.0,0.0
2026-04-09 19:06:23,29.8,58.6,4.9,54.0,0.0,0.0,0.0
2026-04-09 19:06:28,29.9,58.5,12.9,54.0,0.0,0.0,0.0
2026-04-09 19:06:33,29.9,58.6,13.4,54.0,0.0,0.0,0.0
2026-04-09 19:06:38,29.8,58.6,6.6,54.0,0.0,0.0,0.0
2026-04-09 19:06:43,29.9,58.7,0.0,54.0,0.0,0.0,0.0
2026-04-09 19:06:48,29.8,58.7,26.3,54.0,0.0,0.0,0.0
2026-04-09 19:06:53,29.8,58.8,8.2,54.0,0.0,0.0,0.0
2026-04-09 19:06:58,29.9,58.7,36.1,54.0,0.0,0.0,0.0
2026-04-09 19:07:03,29.8,58.6,8.2,54.0,0.0,0.0,0.0
2026-04-09 19:07:08,29.7,58.6,11.0,54.0,0.0,0.0,0.0
2026-04-09 19:07:13,29.8,58.5,10.9,54.0,0.0,0.0,0.0
2026-04-09 19:07:18,29.8,58.5,13.1,54.0,0.0,0.0,0.0
2026-04-09 19:07:23,29.9,58.4,8.0,54.0,0.0,0.0,0.0
2026-04-09 19:07:28,29.9,58.5,21.9,53.9,0.0,0.0,0.0
2026-04-09 19:07:33,29.8,58.4,6.5,53.9,0.0,0.0,0.0
2026-04-09 19:07:38,29.7,58.5,35.1,54.0,0.0,0.0,0.0
2026-04-09 19:07:43,29.9,58.5,0.0,54.0,0.0,0.0,0.0
2026-04-09 19:07:48,29.9,58.5,26.2,54.0,0.0,0.0,0.0
2026-04-09 19:07:53,29.7,58.5,11.5,54.0,0.0,0.0,0.0
2026-04-09 19:07:58,29.8,58.4,34.2,54.0,0.0,0.0,0.0
2026-04-09 19:08:03,30.0,58.5,3.8,54.0,0.0,0.0,0.0
2026-04-09 19:08:08,29.9,58.6,24.0,54.0,0.0,0.0,0.0
2026-04-09 19:08:13,29.8,58.7,1.2,54.0,0.0,0.0,0.0
2026-04-09 19:08:18,29.8,58.6,15.1,54.0,0.0,0.0,0.0
2026-04-09 19:08:23,30.0,58.7,3.8,54.0,0.0,0.0,0.0
2026-04-09 19:08:28,29.9,58.9,7.6,54.0,0.0,0.0,0.0
2026-04-09 19:08:33,29.8,58.9,11.5,54.0,0.0,0.0,0.0
2026-04-09 19:08:38,29.9,58.8,23.1,54.0,0.0,0.0,0.0
2026-04-09 19:08:43,29.7,58.8,5.4,54.0,0.0,0.0,0.0
2026-04-09 19:08:48,29.9,58.6,15.4,54.0,0.0,0.0,0.0
2026-04-09 19:08:53,29.8,58.7,23.1,54.0,0.0,0.0,0.0
2026-04-09 19:08:58,29.7,58.8,0.0,54.0,0.0,0.0,0.0
2026-04-09 19:09:03,29.9,58.8,27.5,54.0,0.0,0.0,0.0
2026-04-09 19:09:08,29.8,58.8,15.9,54.0,0.0,0.0,0.0
2026-04-09 19:09:13,29.9,58.8,13.7,54.0,0.0,0.0,0.0
2026-04-09 19:09:18,29.9,58.7,35.0,54.0,0.0,0.0,0.0
2026-04-09 19:09:23,29.8,58.6,28.5,54.0,0.0,0.0,0.0
2026-04-09 19:09:28,29.7,58.9,22.4,54.0,0.0,0.0,0.0
2026-04-09 19:09:33,29.8,58.7,2.0,54.0,0.0,0.0,0.0
2026-04-09 19:09:38,29.8,58.7,25.9,54.0,0.0,0.0,0.0
2026-04-09 19:09:43,29.9,58.7,6.4,54.0,0.0,0.0,0.0
2026-04-09 19:09:48,29.8,58.7,22.4,54.0,0.0,0.0,0.0
2026-04-09 19:09:53,29.9,58.7,26.8,54.0,0.0,0.0,0.0
2026-04-09 19:09:58,29.9,58.6,13.0,54.0,0.0,0.0,0.0
2026-04-09 19:10:03,29.7,58.6,20.8,54.0,0.0,0.0,0.0
2026-04-09 19:10:08,29.8,58.6,6.0,54.0,0.0,0.0,0.0
2026-04-09 19:10:13,29.9,58.5,24.2,54.0,0.0,0.0,0.0
2026-04-09 19:10:18,29.9,58.6,23.8,54.0,0.0,0.0,0.0
2026-04-09 19:10:23,29.8,58.7,0.0,54.0,0.0,0.0,0.0
2026-04-09 19:10:28,29.8,58.6,25.7,54.0,0.0,0.0,0.0
2026-04-09 19:10:33,29.8,58.6,15.4,54.0,0.0,0.0,0.0
2026-04-09 19:10:38,29.8,58.5,9.6,54.0,0.0,0.0,0.0
2026-04-09 19:10:43,29.8,58.5,0.3,54.0,0.0,0.0,0.0
2026-04-09 19:10:48,29.9,58.3,17.9,54.0,0.0,0.0,0.0
2026-04-09 19:10:53,29.8,58.3,24.2,54.0,0.0,0.0,0.0
2026-04-09 19:10:58,29.8,58.3,7.5,54.0,0.0,0.0,0.0
2026-04-09 19:11:03,29.9,58.4,2.6,54.0,0.0,0.0,0.0
2026-04-09 19:11:08,29.7,58.5,11.2,54.0,0.0,0.0,0.0
2026-04-09 19:11:13,29.9,58.6,0.0,53.9,0.0,0.0,0.0
2026-04-09 19:11:18,29.9,58.6,18.0,53.9,0.0,0.0,0.0
2026-04-09 19:11:23,30.0,58.5,10.5,53.9,0.0,0.0,0.0
2026-04-09 19:11:28,29.7,58.4,24.0,53.9,0.0,0.0,0.0
2026-04-09 19:11:33,29.9,58.4,19.1,53.9,0.0,0.0,0.0
2026-04-09 19:11:38,29.8,58.4,4.5,53.9,0.0,0.0,0.0
2026-04-09 19:11:43,29.8,58.4,28.0,54.0,0.0,0.0,0.0
2026-04-09 19:11:48,29.8,58.3,14.0,54.0,0.0,0.0,0.0
2026-04-09 19:11:53,29.9,58.4,20.0,54.0,0.0,0.0,0.0
2026-04-09 19:11:58,29.7,58.4,0.0,53.9,0.0,0.0,0.0
2026-04-09 19:12:03,29.9,58.4,18.9,53.9,0.0,0.0,0.0
2026-04-09 19:12:08,29.8,58.4,12.7,53.9,0.0,0.0,0.0
2026-04-09 19:12:13,29.8,58.3,36.1,53.9,0.0,0.0,0.0
2026-04-09 19:12:18,29.7,58.4,2.6,53.9,0.0,0.0,0.0
2026-04-09 19:12:23,29.8,58.4,3.5,53.9,0.0,0.0,0.0
2026-04-09 19:12:28,29.9,58.5,13.9,53.9,0.0,0.0,0.0
2026-04-09 19:12:33,29.9,58.5,19.4,53.9,0.0,0.0,0.0
2026-04-09 19:12:38,29.8,58.5,13.5,53.9,0.0,0.0,0.0
2026-04-09 19:12:43,29.8,58.4,2.0,53.9,0.0,0.0,0.0
2026-04-09 19:12:48,29.8,58.6,6.0,54.0,0.0,0.0,0.0
2026-04-09 19:12:53,29.9,58.6,11.4,54.0,0.0,0.0,0.0
2026-04-09 19:12:58,29.7,58.8,11.8,54.0,0.0,0.0,0.0
2026-04-09 19:13:03,29.6,58.7,4.6,54.0,0.0,0.0,0.0
2026-04-09 19:13:08,29.7,58.7,11.6,54.0,0.0,0.0,0.0
2026-04-09 19:13:13,29.8,58.6,27.3,54.0,0.0,0.0,0.0
2026-04-09 19:13:18,29.8,58.4,5.7,54.0,0.0,0.0,0.0
2026-04-09 19:13:23,29.9,58.4,9.3,54.0,0.0,0.0,0.0
2026-04-09 19:13:28,29.8,58.4,19.3,54.0,0.0,0.0,0.0
2026-04-09 19:13:33,29.8,58.4,19.1,54.0,0.0,0.0,0.0
2026-04-09 19:13:38,29.8,58.2,18.5,54.0,0.0,0.0,0.0
2026-04-09 19:13:43,29.8,58.3,27.0,54.0,0.0,0.0,0.0
2026-04-09 19:13:48,29.9,58.2,31.5,53.9,0.0,0.0,0.0
2026-04-09 19:13:53,29.9,58.1,27.8,53.9,0.0,0.0,0.0
2026-04-09 19:13:58,29.8,58.0,21.5,53.9,0.0,0.0,0.0
2026-04-09 19:14:03,29.8,58.0,19.4,54.0,0.0,0.0,0.0
2026-04-09 19:14:08,29.8,58.0,7.4,54.0,0.0,0.0,0.0
2026-04-09 19:14:13,29.9,57.8,2.2,53.9,0.0,0.0,0.0
2026-04-09 19:14:18,29.8,57.9,23.4,53.9,0.0,0.0,0.0
2026-04-09 19:14:23,29.8,57.8,10.6,54.0,0.0,0.0,0.0
2026-04-09 19:14:28,29.9,57.8,11.8,54.0,0.0,0.0,0.0
2026-04-09 19:14:33,29.7,57.9,10.5,54.0,0.0,0.0,0.0
2026-04-09 19:14:38,29.9,57.9,21.8,54.0,0.0,0.0,0.0
2026-04-09 19:14:43,29.9,57.8,9.9,54.0,0.0,0.0,0.0
2026-04-09 19:14:48,29.9,57.9,18.7,54.0,0.0,0.0,0.0
2026-04-09 19:14:53,29.8,57.9,6.5,54.0,0.0,0.0,0.0
2026-04-09 19:14:58,29.7,57.8,5.0,54.0,0.0,0.0,0.0
2026-04-09 19:15:03,29.7,57.8,23.3,54.0,0.0,0.0,0.0
2026-04-09 19:15:08,29.8,57.9,6.0,54.0,0.0,0.0,0.0
2026-04-09 19:15:13,29.9,58.0,0.0,54.0,0.0,0.0,0.0
2026-04-09 19:15:18,29.9,58.0,16.1,54.0,0.0,0.0,0.0
2026-04-09 19:15:23,29.8,58.0,14.1,54.0,0.0,0.0,0.0
2026-04-09 19:15:28,29.8,57.9,17.1,54.0,0.0,0.0,0.0
2026-04-09 19:15:33,29.8,57.9,19.6,54.0,0.0,0.0,0.0
2026-04-09 19:15:38,29.8,57.8,7.9,54.0,0.0,0.0,0.0
2026-04-09 19:15:43,29.7,57.8,11.8,54.0,0.0,0.0,0.0
2026-04-09 19:15:48,29.9,57.8,14.2,53.9,0.0,0.0,0.0
2026-04-09 19:15:53,29.9,57.7,14.8,53.9,0.0,0.0,0.0
2026-04-09 19:15:58,29.7,57.7,0.0,54.0,0.0,0.0,0.0
2026-04-09 19:16:03,29.9,57.6,10.5,54.0,0.0,0.0,0.0
2026-04-09 19:16:08,29.7,57.6,4.1,54.0,0.0,0.0,0.0
2026-04-09 19:16:13,29.8,57.5,32.5,54.0,0.0,0.0,0.0
2026-04-09 19:16:18,29.7,57.6,5.0,54.0,0.0,0.0,0.0
2026-04-09 19:16:23,29.9,57.5,8.7,54.0,0.0,0.0,0.0
2026-04-09 19:16:28,29.7,57.5,14.6,54.0,0.0,0.0,0.0
2026-04-09 19:16:33,29.9,57.5,0.0,54.0,0.0,0.0,0.0
2026-04-09 19:16:38,29.8,57.6,17.5,54.0,0.0,0.0,0.0
2026-04-09 19:16:43,29.8,57.6,29.2,54.0,0.0,0.0,0.0
2026-04-09 19:16:48,29.9,57.8,11.6,54.0,0.0,0.0,0.0
2026-04-09 19:16:53,29.8,57.6,18.9,54.0,0.0,0.0,0.0
2026-04-09 19:16:58,29.9,57.7,25.9,54.0,0.0,0.0,0.0
2026-04-09 19:17:03,29.9,57.8,26.2,54.0,0.0,0.0,0.0
2026-04-09 19:17:08,29.8,57.8,15.3,54.0,0.0,0.0,0.0
2026-04-09 19:17:13,29.8,57.8,21.1,54.0,0.0,0.0,0.0
2026-04-09 19:17:18,29.9,57.7,17.2,53.9,0.0,0.0,0.0
2026-04-09 19:17:23,29.7,57.7,28.9,53.9,0.0,0.0,0.0
2026-04-09 19:17:28,29.8,57.7,27.4,53.9,0.0,0.0,0.0
2026-04-09 19:17:33,29.9,57.8,41.7,53.9,0.0,0.0,0.0
2026-04-09 19:17:38,29.9,57.8,15.0,53.9,0.0,0.0,0.0
2026-04-09 19:17:43,29.9,58.0,9.6,54.0,0.0,0.0,0.0
2026-04-09 19:17:48,29.8,58.0,10.8,54.0,0.0,0.0,0.0
2026-04-09 19:17:53,30.0,58.0,9.1,54.0,0.0,0.0,0.0
2026-04-09 19:17:58,30.0,58.0,1.0,54.0,0.0,0.0,0.0
2026-04-09 19:18:03,30.0,58.2,6.9,54.0,0.0,0.0,0.0
2026-04-09 19:18:08,29.8,58.3,18.7,54.0,0.0,0.0,0.0
2026-04-09 19:18:13,29.9,58.3,14.4,54.0,0.0,0.0,0.0
2026-04-09 19:18:18,29.9,58.4,3.9,54.0,0.0,0.0,0.0
2026-04-09 19:18:23,29.9,58.4,6.5,54.0,0.0,0.0,0.0
2026-04-09 19:18:28,29.9,58.5,26.0,54.0,0.0,0.0,0.0
2026-04-09 19:18:33,29.9,58.6,23.6,54.0,0.0,0.0,0.0
2026-04-09 19:18:38,29.9,58.5,22.0,54.0,0.0,0.0,0.0
2026-04-09 19:18:43,29.9,58.6,9.0,54.0,0.0,0.0,0.0
2026-04-09 19:18:48,29.7,58.6,10.6,54.0,0.0,0.0,0.0
2026-04-09 19:18:53,29.9,58.6,16.3,54.0,0.0,0.0,0.0
2026-04-09 19:18:58,29.8,58.5,0.0,54.0,0.0,0.0,0.0
2026-04-09 19:19:03,29.9,58.4,10.6,54.0,0.0,0.0,0.0
2026-04-09 19:19:08,29.9,58.3,35.1,54.0,0.0,0.0,0.0
2026-04-09 19:19:13,30.0,58.4,18.3,54.0,0.0,0.0,0.0
2026-04-09 19:19:18,30.0,58.5,11.7,53.9,0.0,0.0,0.0
2026-04-09 19:19:23,29.9,58.7,16.6,53.9,0.0,0.0,0.0
2026-04-09 19:19:28,29.8,58.6,0.0,53.9,0.0,0.0,0.0
2026-04-09 19:19:33,30.0,58.6,20.7,53.9,0.0,0.0,0.0
2026-04-09 19:19:38,29.8,58.6,7.7,53.9,0.0,0.0,0.0
2026-04-09 19:19:43,29.9,58.6,8.1,53.9,0.0,0.0,0.0
2026-04-09 19:19:48,29.9,58.6,13.6,53.9,0.0,0.0,0.0
2026-04-09 19:19:53,29.9,58.6,11.5,53.9,0.0,0.0,0.0
2026-04-09 19:19:58,30.1,58.7,11.3,53.9,0.0,0.0,0.0
2026-04-09 19:20:03,30.0,58.7,7.3,53.9,0.0,0.0,0.0
2026-04-09 19:20:08,29.9,58.8,1.0,53.9,0.0,0.0,0.0
2026-04-09 19:20:13,29.9,58.7,12.5,53.9,0.0,0.0,0.0
2026-04-09 19:20:18,30.0,58.6,17.4,53.9,0.0,0.0,0.0
2026-04-09 19:20:23,29.8,58.6,17.7,53.9,0.0,0.0,0.0
2026-04-09 19:20:28,29.9,58.6,22.2,53.9,0.0,0.0,0.0
2026-04-09 19:20:33,29.9,58.5,23.7,53.9,0.0,0.0,0.0
2026-04-09 19:20:38,30.1,58.5,12.5,53.9,0.0,0.0,0.0
2026-04-09 19:20:43,29.9,58.5,9.8,53.9,0.0,0.0,0.0
2026-04-09 19:20:48,29.9,58.5,17.6,53.9,0.0,0.0,0.0
2026-04-09 19:20:53,29.9,58.5,25.2,53.9,0.0,0.0,0.0
2026-04-09 19:20:58,29.9,58.4,21.6,53.9,0.0,0.0,0.0
2026-04-09 19:21:03,30.0,58.3,8.7,53.9,0.0,0.0,0.0
2026-04-09 19:21:08,30.0,58.2,8.4,53.9,0.0,0.0,0.0
2026-04-09 19:21:13,29.9,58.1,18.5,53.9,0.0,0.0,0.0
2026-04-09 19:21:18,30.0,58.3,19.5,53.9,0.0,0.0,0.0
2026-04-09 19:21:23,29.9,58.4,29.3,53.9,0.0,0.0,0.0
2026-04-09 19:21:28,29.9,58.5,1.5,53.9,0.0,0.0,0.0
2026-04-09 19:21:33,29.9,58.5,0.0,53.9,0.0,0.0,0.0
2026-04-09 19:21:38,29.9,58.4,11.6,53.9,0.0,0.0,0.0
2026-04-09 19:21:43,30.0,58.3,6.9,53.9,0.0,0.0,0.0
2026-04-09 19:21:48,29.9,58.3,8.3,53.9,0.0,0.0,0.0
2026-04-09 19:21:53,29.8,58.4,12.0,53.9,0.0,0.0,0.0
2026-04-09 19:21:58,30.0,58.5,8.5,53.9,0.0,0.0,0.0
2026-04-09 19:22:03,30.0,58.5,14.1,53.9,0.0,0.0,0.0
2026-04-09 19:22:08,29.9,58.4,15.6,53.9,0.0,0.0,0.0
2026-04-09 19:22:13,30.0,58.4,15.2,53.9,0.0,0.0,0.0
2026-04-09 19:22:18,29.8,58.5,12.6,53.9,0.0,0.0,0.0
2026-04-09 19:22:23,29.9,58.4,24.9,53.9,0.0,0.0,0.0
2026-04-09 19:22:28,30.0,58.3,14.5,53.9,0.0,0.0,0.0
2026-04-09 19:22:33,29.8,58.4,10.5,54.0,0.0,0.0,0.0
2026-04-09 19:22:38,29.9,58.2,16.4,54.0,0.0,0.0,0.0
2026-04-09 19:22:43,29.8,58.1,7.8,54.0,0.0,0.0,0.0
2026-04-09 19:22:48,29.9,58.2,6.5,54.0,0.0,0.0,0.0
2026-04-09 19:22:53,30.0,58.2,19.6,53.9,0.0,0.0,0.0
2026-04-09 19:22:58,29.9,58.0,22.5,53.9,0.0,0.0,0.0
2026-04-09 19:23:03,30.0,57.9,2.4,53.9,0.0,0.0,0.0
2026-04-09 19:23:08,29.9,58.1,11.8,53.9,0.0,0.0,0.0
2026-04-09 19:23:13,30.0,58.0,0.0,53.9,0.0,0.0,0.0
2026-04-09 19:23:18,29.8,58.0,18.8,53.9,0.0,0.0,0.0
2026-04-09 19:23:23,29.9,57.8,15.5,53.9,0.0,0.0,0.0
2026-04-09 19:23:28,29.9,57.9,39.6,53.9,0.0,0.0,0.0
2026-04-09 19:23:33,29.9,58.0,7.7,53.9,0.0,0.0,0.0
2026-04-09 19:23:38,29.9,58.0,2.4,53.9,0.0,0.0,0.0
2026-04-09 19:23:43,29.9,58.2,22.5,53.9,0.0,0.0,0.0
2026-04-09 19:23:48,29.9,58.3,12.3,53.9,0.0,0.0,0.0
2026-04-09 19:23:53,30.0,58.3,1.2,53.9,0.0,0.0,0.0
2026-04-09 19:23:58,29.8,58.1,19.7,53.9,0.0,0.0,0.0
2026-04-09 19:24:03,30.0,58.2,38.3,53.9,0.0,0.0,0.0
2026-04-09 19:24:08,30.0,58.2,21.9,53.9,0.0,0.0,0.0
2026-04-09 19:24:13,29.9,58.2,8.9,53.9,0.0,0.0,0.0
2026-04-09 19:24:18,30.0,58.2,7.8,53.9,0.0,0.0,0.0
2026-04-09 19:24:23,29.9,58.2,9.2,53.9,0.0,0.0,0.0
2026-04-09 19:24:28,29.8,58.5,22.5,53.9,0.0,0.0,0.0
2026-04-09 19:24:33,29.9,58.5,11.7,54.0,0.0,0.0,0.0
2026-04-09 19:24:38,29.9,58.7,23.2,54.0,0.0,0.0,0.0
2026-04-09 19:24:43,29.9,58.8,20.4,54.0,0.0,0.0,0.0
2026-04-09 19:24:48,29.9,58.7,4.2,54.0,0.0,0.0,0.0
2026-04-09 19:24:53,29.8,58.7,12.8,53.9,0.0,0.0,0.0
2026-04-09 19:24:58,29.9,58.7,33.9,53.9,0.0,0.0,0.0
2026-04-09 19:25:03,30.0,58.7,19.8,53.9,0.0,0.0,0.0
2026-04-09 19:25:08,29.8,58.7,11.7,53.9,0.0,0.0,0.0
2026-04-09 19:25:13,29.9,58.8,25.4,53.9,0.0,0.0,0.0
2026-04-09 19:25:18,29.9,58.9,25.3,53.9,0.0,0.0,0.0
2026-04-09 19:25:23,29.8,58.9,24.7,53.9,0.0,0.0,0.0
2026-04-09 19:25:28,29.9,58.9,0.8,53.9,0.0,0.0,0.0
2026-04-09 19:25:33,29.9,58.9,13.9,53.9,0.0,0.0,0.0
2026-04-09 19:25:38,29.9,59.0,27.3,53.9,0.0,0.0,0.0
2026-04-09 19:25:43,29.9,59.0,3.6,53.9,0.0,0.0,0.0
2026-04-09 19:25:48,29.9,58.8,13.8,53.9,0.0,0.0,0.0
2026-04-09 19:25:53,29.8,58.8,5.5,53.9,0.0,0.0,0.0
2026-04-09 19:25:58,29.9,58.6,7.6,53.9,0.0,0.0,0.0
2026-04-09 19:26:03,29.9,58.6,21.1,53.9,0.0,0.0,0.0
2026-04-09 19:26:08,29.9,58.5,9.5,53.9,0.0,0.0,0.0
2026-04-09 19:26:13,29.9,58.5,0.0,54.0,0.0,0.0,0.0
2026-04-09 19:26:18,29.8,58.5,21.8,54.0,0.0,0.0,0.0
2026-04-09 19:26:23,29.8,58.5,28.1,54.0,0.0,0.0,0.0
2026-04-09 19:26:28,29.8,58.5,10.1,54.0,0.0,0.0,0.0
2026-04-09 19:26:33,29.8,58.4,21.8,54.0,0.0,0.0,0.0
2026-04-09 19:26:38,29.9,58.3,7.4,54.0,0.0,0.0,0.0
2026-04-09 19:26:43,30.0,58.3,30.5,53.9,0.0,0.0,0.0
2026-04-09 19:26:48,29.9,58.3,14.4,53.9,0.0,0.0,0.0
2026-04-09 19:26:53,29.9,58.3,14.5,53.9,0.0,0.0,0.0
2026-04-09 19:26:58,29.9,58.3,1.8,53.9,0.0,0.0,0.0
2026-04-09 19:27:03,29.8,58.5,4.2,53.9,0.0,0.0,0.0
2026-04-09 19:27:08,29.8,58.4,27.3,54.0,0.0,0.0,0.0
2026-04-09 19:27:13,29.8,58.5,20.7,54.0,0.0,0.0,0.0
2026-04-09 19:27:18,29.9,58.5,15.5,54.0,0.0,0.0,0.0
2026-04-09 19:27:23,29.9,58.6,4.3,53.9,0.0,0.0,0.0
2026-04-09 19:27:28,29.9,58.5,15.6,53.9,0.0,0.0,0.0
2026-04-09 19:27:33,29.9,58.5,,54.0,0.0,0.0,0.0
2026-04-09 19:27:38,30.0,58.4,17.6,54.0,0.0,0.0,0.0
2026-04-09 19:27:43,30.0,58.5,24.5,54.0,0.0,0.0,0.0
2026-04-09 19:27:48,29.9,58.4,23.9,54.0,0.0,0.0,0.0
2026-04-09 19:27:53,29.9,58.4,10.6,54.0,0.0,0.0,0.0
2026-04-09 19:27:58,30.1,58.5,16.5,53.9,0.0,0.0,0.0
2026-04-09 19:28:03,29.9,58.4,15.7,53.9,0.0,0.0,0.0
2026-04-09 19:28:08,30.0,58.3,10.5,54.0,0.0,0.0,0.0
2026-04-09 19:28:13,29.9,58.4,27.0,54.0,0.0,0.0,0.0
2026-04-09 19:28:18,30.0,58.5,32.2,54.0,0.0,0.0,0.0
2026-04-09 19:28:23,29.8,58.4,4.3,53.9,0.0,0.0,0.0
2026-04-09 19:28:28,29.9,58.3,12.9,53.9,0.0,0.0,0.0
2026-04-09 19:28:33,29.9,58.4,5.6,53.9,0.0,0.0,0.0
2026-04-09 19:28:38,29.9,58.2,17.9,53.9,0.0,0.0,0.0
2026-04-09 19:28:43,30.0,58.2,22.3,53.9,0.0,0.0,0.0
2026-04-09 19:28:48,29.7,58.4,18.2,53.9,0.0,0.0,0.0
2026-04-09 19:28:53,30.0,58.3,7.1,53.9,0.0,0.0,0.0
2026-04-09 19:28:58,29.9,58.2,5.2,53.9,0.0,0.0,0.0
2026-04-09 19:29:03,29.9,58.4,20.9,54.0,0.0,0.0,0.0
2026-04-09 19:29:08,29.9,58.5,40.3,54.0,0.0,0.0,0.0
2026-04-09 19:29:13,29.8,58.5,0.0,54.0,0.0,0.0,0.0
2026-04-09 19:29:18,29.9,58.6,0.0,54.0,0.0,0.0,0.0
2026-04-09 19:29:23,29.9,58.6,5.4,54.0,0.0,0.0,0.0
2026-04-09 19:29:28,29.9,58.6,10.2,54.0,0.0,0.0,0.0
2026-04-09 19:29:33,29.9,58.6,34.3,54.0,0.0,0.0,0.0
2026-04-09 19:29:38,29.9,58.6,13.2,54.0,0.0,0.0,0.0
2026-04-09 19:29:43,29.8,58.6,23.2,54.0,0.0,0.0,0.0
2026-04-09 19:29:48,30.0,58.6,10.9,54.0,0.0,0.0,0.0
2026-04-09 19:29:53,29.9,58.7,6.7,54.0,0.0,0.0,0.0
2026-04-09 19:29:58,29.9,58.8,11.1,54.0,0.0,0.0,0.0
2026-04-09 19:30:03,30.1,58.7,13.1,54.0,0.0,0.0,0.0
2026-04-09 19:30:08,29.9,58.7,0.0,54.0,0.0,0.0,0.0
2026-04-09 19:30:13,30.0,58.8,24.4,53.9,0.0,0.0,0.0
2026-04-09 19:30:18,29.9,58.8,30.6,53.9,0.0,0.0,0.0
2026-04-09 19:30:23,30.0,58.8,12.9,53.9,0.0,0.0,0.0
2026-04-09 19:30:28,30.1,58.8,10.5,53.9,0.0,0.0,0.0
2026-04-09 19:30:33,29.9,58.7,0.0,53.9,0.0,0.0,0.0
2026-04-09 19:30:38,30.1,58.7,20.1,53.9,0.0,0.0,0.0
2026-04-09 19:30:43,29.9,58.8,1.8,53.9,0.0,0.0,0.0
2026-04-09 19:30:48,30.2,58.8,15.5,54.0,0.0,0.0,0.0
2026-04-09 19:30:53,29.9,58.9,11.3,54.0,0.0,0.0,0.0
2026-04-09 19:30:58,30.0,58.9,17.1,54.0,0.0,0.0,0.0
2026-04-09 19:31:03,30.0,58.9,12.2,54.0,0.0,0.0,0.0
2026-04-09 19:31:08,30.2,59.0,23.5,54.0,0.0,0.0,0.0
2026-04-09 19:31:13,30.0,58.9,19.0,54.0,0.0,0.0,0.0
2026-04-09 19:31:18,30.0,58.8,20.5,54.0,0.0,0.0,0.0
2026-04-09 19:31:23,30.0,58.8,23.2,54.0,0.0,0.0,0.0
2026-04-09 19:31:28,29.9,58.8,16.7,54.0,0.0,0.0,0.0
2026-04-09 19:31:33,29.8,58.9,28.3,54.0,0.0,0.0,0.0
2026-04-09 19:31:38,29.9,58.8,27.3,54.0,0.0,0.0,0.0
2026-04-09 19:31:43,30.0,58.9,3.8,54.0,0.0,0.0,0.0
2026-04-09 19:31:48,29.9,58.9,0.0,54.0,0.0,0.0,0.0
2026-04-09 19:31:53,30.0,58.8,26.7,54.0,0.0,0.0,0.0
2026-04-09 19:31:58,30.0,58.9,22.1,54.0,0.0,0.0,0.0
2026-04-09 19:32:03,30.0,59.0,6.9,54.0,0.0,0.0,0.0
2026-04-09 19:32:08,29.9,59.1,19.3,54.0,0.0,0.0,0.0
2026-04-09 19:32:13,30.0,59.1,14.0,54.0,0.0,0.0,0.0
2026-04-09 19:32:18,30.0,59.2,0.9,54.0,0.0,0.0,0.0
2026-04-09 19:32:23,30.0,59.1,0.0,54.0,0.0,0.0,0.0
2026-04-09 19:32:28,30.0,59.0,12.4,54.0,0.0,0.0,0.0
2026-04-09 19:32:33,30.0,59.0,30.0,54.0,0.0,0.0,0.0
2026-04-09 19:32:38,30.0,59.1,12.9,54.0,0.0,0.0,0.0
2026-04-09 19:32:43,30.0,59.1,15.8,54.0,0.0,0.0,0.0
2026-04-09 19:32:48,30.0,59.1,13.5,54.0,0.0,0.0,0.0
2026-04-09 19:32:53,30.0,59.1,20.5,54.0,0.0,0.0,0.0
2026-04-09 19:32:58,29.9,59.1,22.5,54.0,0.0,0.0,0.0
2026-04-09 19:33:03,30.1,59.2,22.6,54.0,0.0,0.0,0.0
2026-04-09 19:33:08,29.9,59.0,11.0,54.0,0.0,0.0,0.0
2026-04-09 19:33:13,30.0,59.0,19.6,54.0,0.0,0.0,0.0
2026-04-09 19:33:18,30.0,59.0,3.5,54.0,0.0,0.0,0.0
2026-04-09 19:33:23,30.1,59.0,21.9,54.0,0.0,0.0,0.0
2026-04-09 19:33:28,30.0,59.1,32.6,54.0,0.0,0.0,0.0
2026-04-09 19:33:33,30.0,59.0,0.0,54.0,0.0,0.0,0.0
2026-04-09 19:33:38,29.9,59.0,30.4,54.0,0.0,0.0,0.0
2026-04-09 19:33:43,29.9,59.0,11.6,53.9,0.0,0.0,0.0
2026-04-09 19:33:48,30.0,58.9,20.0,53.9,0.0,0.0,0.0
2026-04-09 19:33:53,30.1,58.9,1.0,54.0,0.0,0.0,0.0
2026-04-09 19:33:58,29.9,58.8,26.1,54.0,0.0,0.0,0.0
2026-04-09 19:34:03,30.1,59.0,15.8,54.0,0.0,0.0,0.0
2026-04-09 19:34:08,30.0,58.8,37.7,54.0,0.0,0.0,0.0
2026-04-09 19:34:13,30.1,58.9,5.3,54.0,0.0,0.0,0.0
2026-04-09 19:34:18,29.9,58.9,17.9,54.0,0.0,0.0,0.0
2026-04-09 19:34:23,30.1,58.8,0.0,54.0,0.0,0.0,0.0
2026-04-09 19:34:28,29.9,58.8,25.2,54.0,0.0,0.0,0.0
2026-04-09 19:34:33,29.8,58.8,19.6,54.0,0.0,0.0,0.0
2026-04-09 19:34:38,30.0,58.8,8.7,54.0,0.0,0.0,0.0
2026-04-09 19:34:43,29.9,58.8,0.0,54.0,0.0,0.0,0.0
2026-04-09 19:34:48,30.0,58.8,16.3,54.0,0.0,0.0,0.0
2026-04-09 19:34:53,29.9,58.8,14.0,54.0,0.0,0.0,0.0
2026-04-09 19:34:58,30.0,58.8,11.1,54.0,0.0,0.0,0.0
2026-04-09 19:35:03,29.9,58.7,7.5,54.0,0.0,0.0,0.0
2026-04-09 19:35:08,29.9,58.7,17.9,54.0,0.0,0.0,0.0
2026-04-09 19:35:13,30.0,58.7,18.5,54.0,0.0,0.0,0.0
2026-04-09 19:35:18,30.0,58.7,11.7,53.9,0.0,0.0,0.0
2026-04-09 19:35:23,29.9,58.7,9.2,53.9,0.0,0.0,0.0
2026-04-09 19:35:28,30.1,58.8,26.9,54.0,0.0,0.0,0.0
2026-04-09 19:35:33,30.0,58.8,5.0,54.0,0.0,0.0,0.0
2026-04-09 19:35:38,29.9,58.8,9.2,54.0,0.0,0.0,0.0
2026-04-09 19:35:43,29.9,58.8,0.0,54.0,0.0,0.0,0.0
2026-04-09 19:35:48,30.1,58.8,2.6,54.0,0.0,0.0,0.0
2026-04-09 19:35:53,30.1,58.8,7.7,54.0,0.0,0.0,0.0
2026-04-09 19:35:58,30.1,58.8,10.0,54.0,0.0,0.0,0.0
2026-04-09 19:36:03,30.1,58.8,0.0,54.0,0.0,0.0,0.0
2026-04-09 19:36:08,29.9,58.8,14.1,54.0,0.0,0.0,0.0
2026-04-09 19:36:13,30.0,58.9,23.7,54.0,0.0,0.0,0.0
2026-04-09 19:36:18,29.9,59.0,21.5,54.0,0.0,0.0,0.0
2026-04-09 19:36:23,30.1,58.8,3.6,54.0,0.0,0.0,0.0
2026-04-09 19:36:28,30.0,59.0,11.0,54.0,0.0,0.0,0.0
2026-04-09 19:36:33,29.9,59.0,23.2,54.0,0.0,0.0,0.0
2026-04-09 19:36:38,30.1,59.0,9.8,54.0,0.0,0.0,0.0
2026-04-09 19:36:43,30.1,59.1,13.9,54.0,0.0,0.0,0.0
2026-04-09 19:36:48,30.0,59.1,17.8,54.0,0.0,0.0,0.0
2026-04-09 19:36:53,30.1,59.2,24.8,54.0,0.0,0.0,0.0
2026-04-09 19:36:58,29.9,59.1,22.0,54.0,0.0,0.0,0.0
2026-04-09 19:37:03,30.0,59.0,13.7,54.0,0.0,0.0,0.0
2026-04-09 19:37:08,30.0,59.0,9.5,54.0,0.0,0.0,0.0
2026-04-09 19:37:13,30.1,59.2,19.5,54.0,0.0,0.0,0.0
2026-04-09 19:37:18,30.1,59.3,10.8,54.0,0.0,0.0,0.0
2026-04-09 19:37:23,30.1,59.3,18.2,54.0,0.0,0.0,0.0
2026-04-09 19:37:28,30.0,59.2,15.5,54.0,0.0,0.0,0.0
2026-04-09 19:37:33,30.0,59.2,21.6,54.0,0.0,0.0,0.0
2026-04-09 19:37:38,30.1,59.2,16.3,54.0,0.0,0.0,0.0
2026-04-09 19:37:43,30.0,59.3,22.3,54.0,0.0,0.0,0.0
2026-04-09 19:37:48,30.0,59.3,8.7,54.0,0.0,0.0,0.0
2026-04-09 19:37:53,30.0,59.3,25.0,54.0,0.0,0.0,0.0
2026-04-09 19:37:58,30.1,59.1,14.9,54.0,0.0,0.0,0.0
2026-04-09 19:38:03,30.1,59.1,11.8,54.0,0.0,0.0,0.0
2026-04-09 19:38:08,30.0,59.0,13.1,54.0,0.0,0.0,0.0
2026-04-09 19:38:13,30.0,58.9,3.8,54.0,0.0,0.0,0.0
2026-04-09 19:38:18,30.0,58.9,25.0,54.0,0.0,0.0,0.0
2026-04-09 19:38:23,30.0,58.8,9.1,54.0,0.0,0.0,0.0
2026-04-09 19:38:28,30.1,58.8,19.6,54.0,0.0,0.0,0.0
2026-04-09 19:38:33,30.1,58.8,1.6,54.0,0.0,0.0,0.0
2026-04-09 19:38:38,30.1,58.7,26.0,53.9,0.0,0.0,0.0
2026-04-09 19:38:43,30.0,58.7,24.4,53.9,0.0,0.0,0.0
2026-04-09 19:38:48,30.1,58.6,36.5,54.0,0.0,0.0,0.0
2026-04-09 19:38:53,30.0,58.5,21.6,54.0,0.0,0.0,0.0
2026-04-09 19:38:58,30.0,58.6,20.5,54.0,0.0,0.0,0.0
2026-04-09 19:39:03,30.0,58.6,27.4,54.0,0.0,0.0,0.0
2026-04-09 19:39:08,30.0,58.7,23.8,54.0,0.0,0.0,0.0
2026-04-09 19:39:13,29.9,58.8,0.0,54.0,0.0,0.0,0.0
2026-04-09 19:39:18,29.9,58.9,27.3,54.0,0.0,0.0,0.0
2026-04-09 19:39:23,30.1,58.8,20.9,54.0,0.0,0.0,0.0
2026-04-09 19:39:28,29.9,58.8,7.9,54.0,0.0,0.0,0.0
2026-04-09 19:39:33,29.9,58.8,6.6,54.0,0.0,0.0,0.0
2026-04-09 19:39:38,30.1,58.8,0.0,54.0,0.0,0.0,0.0
2026-04-09 19:39:43,30.2,58.8,9.3,54.0,0.0,0.0,0.0
2026-04-09 19:39:48,30.2,58.8,0.0,54.0,0.0,0.0,0.0
2026-04-09 19:39:53,30.0,58.8,0.6,54.0,0.0,0.0,0.0
2026-04-09 19:39:58,29.9,58.8,7.8,54.0,0.0,0.0,0.0
2026-04-09 19:40:03,30.0,58.9,22.2,54.0,0.0,0.0,0.0
2026-04-09 19:40:08,30.0,58.9,22.5,54.0,0.0,0.0,0.0
2026-04-09 19:40:13,30.1,58.9,16.1,54.0,0.0,0.0,0.0
2026-04-09 19:40:18,30.1,58.7,29.6,54.0,0.0,0.0,0.0
2026-04-09 19:40:23,30.0,58.7,2.1,54.0,0.0,0.0,0.0
2026-04-09 19:40:28,30.1,58.6,5.1,54.0,0.0,0.0,0.0
2026-04-09 19:40:33,29.9,58.5,0.0,54.0,0.0,0.0,0.0
2026-04-09 19:40:38,30.0,58.6,17.0,54.0,0.0,0.0,0.0
2026-04-09 19:40:43,30.1,58.6,2.6,54.0,0.0,0.0,0.0
2026-04-09 19:40:48,30.2,58.4,3.5,54.0,0.0,0.0,0.0
2026-04-09 19:40:53,30.1,58.6,21.7,54.0,0.0,0.0,0.0
2026-04-09 19:40:58,30.1,58.5,14.0,54.0,0.0,0.0,0.0
2026-04-09 19:41:03,30.2,58.4,9.0,54.0,0.0,0.0,0.0
2026-04-09 19:41:08,30.0,58.5,0.7,54.0,0.0,0.0,0.0
2026-04-09 19:41:13,30.1,58.7,15.4,54.0,0.0,0.0,0.0
2026-04-09 19:41:18,30.1,58.7,7.1,54.0,0.0,0.0,0.0
2026-04-09 19:41:23,30.1,58.6,4.4,54.0,0.0,0.0,0.0
2026-04-09 19:41:28,29.9,58.7,18.8,54.0,0.0,0.0,0.0
2026-04-09 19:41:33,30.1,58.9,0.0,54.0,0.0,0.0,0.0
2026-04-09 19:41:38,30.0,58.9,17.7,54.0,0.0,0.0,0.0
2026-04-09 19:41:43,30.1,58.9,29.2,54.0,0.0,0.0,0.0
2026-04-09 19:41:48,30.0,58.9,14.1,54.0,0.0,0.0,0.0
2026-04-09 19:41:53,30.1,59.0,4.2,54.0,0.0,0.0,0.0
2026-04-09 19:41:58,30.1,58.9,0.5,54.0,0.0,0.0,0.0
2026-04-09 19:42:03,30.3,58.9,7.3,54.0,0.0,0.0,0.0
2026-04-09 19:42:08,30.1,58.9,4.2,54.0,0.0,0.0,0.0
2026-04-09 19:42:13,30.3,58.8,25.4,54.0,0.0,0.0,0.0
2026-04-09 19:42:18,30.1,59.0,0.0,54.0,0.0,0.0,0.0
2026-04-09 19:42:23,30.2,59.0,31.5,54.0,0.0,0.0,0.0
2026-04-09 19:42:28,30.2,59.3,16.9,54.0,0.0,0.0,0.0
2026-04-09 19:42:33,30.0,59.3,15.4,54.0,0.0,0.0,0.0
2026-04-09 19:42:38,30.0,59.3,16.9,54.0,0.0,0.0,0.0
2026-04-09 19:42:43,29.9,59.3,1.9,54.0,0.0,0.0,0.0
2026-04-09 19:42:48,30.0,59.3,23.2,54.0,0.0,0.0,0.0
2026-04-09 19:42:53,29.9,59.0,0.0,54.0,0.0,0.0,0.0
2026-04-09 19:42:58,30.2,58.8,18.4,54.0,0.0,0.0,0.0
2026-04-09 19:43:03,30.2,58.7,13.7,54.0,0.0,0.0,0.0
2026-04-09 19:43:08,30.0,58.7,29.4,54.0,0.0,0.0,0.0
2026-04-09 19:43:13,30.0,58.8,22.0,54.0,0.0,0.0,0.0
2026-04-09 19:43:18,30.1,58.8,0.0,54.0,0.0,0.0,0.0
2026-04-09 19:43:23,30.1,58.8,8.9,54.0,0.0,0.0,0.0
2026-04-09 19:43:28,30.1,58.7,18.1,54.0,0.0,0.0,0.0
2026-04-09 19:43:33,29.9,58.7,2.9,54.0,0.0,0.0,0.0
2026-04-09 19:43:38,29.9,58.7,15.2,54.0,0.0,0.0,0.0
2026-04-09 19:43:43,30.3,58.5,6.7,54.0,0.0,0.0,0.0
2026-04-09 19:43:48,30.1,58.4,12.4,54.0,0.0,0.0,0.0
2026-04-09 19:43:53,30.1,58.4,9.4,54.0,0.0,0.0,0.0
2026-04-09 19:43:58,30.0,58.5,17.4,54.0,0.0,0.0,0.0
2026-04-09 19:44:03,30.1,58.5,0.0,54.0,0.0,0.0,0.0
2026-04-09 19:44:08,30.1,58.8,12.9,54.0,0.0,0.0,0.0
2026-04-09 19:44:13,30.1,58.6,7.6,54.0,0.0,0.0,0.0
2026-04-09 19:44:18,29.8,58.6,12.1,54.0,0.0,0.0,0.0
2026-04-09 19:44:23,29.9,58.5,6.8,54.0,0.0,0.0,0.0
2026-04-09 19:44:28,30.1,58.5,25.5,54.0,0.0,0.0,0.0
2026-04-09 19:44:33,30.1,58.4,14.2,54.0,0.0,0.0,0.0
2026-04-09 19:44:38,30.2,58.5,17.6,54.0,0.0,0.0,0.0
2026-04-09 19:44:43,29.9,58.5,17.5,54.0,0.0,0.0,0.0
2026-04-09 19:44:48,30.0,58.4,16.8,54.0,0.0,0.0,0.0
2026-04-09 19:44:53,30.0,58.6,9.4,54.0,0.0,0.0,0.0
2026-04-09 19:44:58,30.0,58.3,18.7,54.0,0.0,0.0,0.0
2026-04-09 19:45:03,30.0,58.3,4.5,54.0,0.0,0.0,0.0
2026-04-09 19:45:08,30.1,58.2,15.8,54.0,0.0,0.0,0.0
2026-04-09 19:45:13,30.0,58.2,27.6,54.0,0.0,0.0,0.0
2026-04-09 19:45:18,30.1,58.1,1.7,54.0,0.0,0.0,0.0
2026-04-09 19:45:23,30.0,58.0,17.2,54.0,0.0,0.0,0.0
2026-04-09 19:45:28,30.0,58.1,7.0,54.0,0.0,0.0,0.0
2026-04-09 19:45:33,30.0,58.2,25.1,54.0,0.0,0.0,0.0
2026-04-09 19:45:38,30.0,58.1,6.5,54.0,0.0,0.0,0.0
2026-04-09 19:45:43,30.1,58.0,24.3,54.0,0.0,0.0,0.0
2026-04-09 19:45:48,29.8,57.9,0.0,53.9,0.0,0.0,0.0
2026-04-09 19:45:53,30.0,57.8,18.9,53.9,0.0,0.0,0.0
2026-04-09 19:45:58,30.2,57.9,9.7,54.0,0.0,0.0,0.0
2026-04-09 19:46:03,30.3,58.0,1.1,54.0,0.0,0.0,0.0
2026-04-09 19:46:08,30.1,58.1,2.7,54.0,0.0,0.0,0.0
2026-04-09 19:46:13,29.9,58.0,13.6,54.0,0.0,0.0,0.0
2026-04-09 19:46:18,30.0,58.0,18.1,54.0,0.0,0.0,0.0
2026-04-09 19:46:23,30.0,57.9,6.6,54.0,0.0,0.0,0.0
2026-04-09 19:46:28,29.9,57.9,19.2,54.0,0.0,0.0,0.0
2026-04-09 19:46:33,30.1,58.2,14.7,54.0,0.0,0.0,0.0
2026-04-09 19:46:38,29.9,58.1,10.5,54.0,0.0,0.0,0.0
2026-04-09 19:46:43,30.2,58.1,17.3,54.0,0.0,0.0,0.0
2026-04-09 19:46:48,30.2,58.0,34.1,54.0,0.0,0.0,0.0
2026-04-09 19:46:53,30.0,57.9,24.2,54.0,0.0,0.0,0.0
2026-04-09 19:46:58,30.1,57.9,27.3,54.0,0.0,0.0,0.0
2026-04-09 19:47:03,30.1,58.0,13.8,54.0,0.0,0.0,0.0
2026-04-09 19:47:08,30.0,58.1,24.4,54.0,0.0,0.0,0.0
2026-04-09 19:47:13,30.1,58.1,26.0,54.0,0.0,0.0,0.0
2026-04-09 19:47:18,30.2,58.1,9.7,54.0,0.0,0.0,0.0
2026-04-09 19:47:23,30.1,58.0,0.0,54.0,0.0,0.0,0.0
2026-04-09 19:47:28,30.0,58.1,12.9,54.0,0.0,0.0,0.0
2026-04-09 19:47:33,30.0,58.1,19.1,54.0,0.0,0.0,0.0
2026-04-09 19:47:38,30.3,58.1,35.1,54.0,0.0,0.0,0.0
2026-04-09 19:47:43,30.0,58.1,12.6,54.0,0.0,0.0,0.0
2026-04-09 19:47:48,30.2,58.2,14.5,54.0,0.0,0.0,0.0
2026-04-09 19:47:53,30.0,58.1,9.2,54.0,0.0,0.0,0.0
2026-04-09 19:47:58,30.1,58.2,18.3,54.0,0.0,0.0,0.0
2026-04-09 19:48:03,30.1,58.2,5.5,54.0,0.0,0.0,0.0
2026-04-09 19:48:08,30.0,58.2,29.3,54.0,0.0,0.0,0.0
2026-04-09 19:48:13,30.1,58.3,25.8,54.0,0.0,0.0,0.0
2026-04-09 19:48:18,30.0,58.3,15.3,54.0,0.0,0.0,0.0
2026-04-09 19:48:23,30.1,58.4,9.7,54.0,0.0,0.0,0.0
2026-04-09 19:48:28,30.0,58.4,15.3,54.0,0.0,0.0,0.0
2026-04-09 19:48:33,30.1,58.3,7.0,54.0,0.0,0.0,0.0
2026-04-09 19:48:38,30.1,58.3,24.6,54.0,0.0,0.0,0.0
2026-04-09 19:48:43,30.0,58.3,23.6,54.0,0.0,0.0,0.0
2026-04-09 19:48:48,30.2,58.4,18.3,54.0,0.0,0.0,0.0
2026-04-09 19:48:53,29.9,58.3,21.4,54.0,0.0,0.0,0.0
2026-04-09 19:48:58,30.1,58.4,13.6,54.0,0.0,0.0,0.0
2026-04-09 19:49:03,30.1,58.4,15.1,54.0,0.0,0.0,0.0
2026-04-09 19:49:08,30.0,58.2,29.1,54.0,0.0,0.0,0.0
2026-04-09 19:49:13,30.1,58.4,7.5,54.0,0.0,0.0,0.0
2026-04-09 19:49:18,29.9,58.5,11.0,54.0,0.0,0.0,0.0
2026-04-09 19:49:23,30.0,58.5,0.0,53.9,0.0,0.0,0.0
2026-04-09 19:49:28,30.0,58.5,38.4,53.9,0.0,0.0,0.0
2026-04-09 19:49:33,30.0,58.6,29.6,53.9,0.0,0.0,0.0
2026-04-09 19:49:38,30.1,58.6,8.8,54.0,0.0,0.0,0.0
2026-04-09 19:49:43,29.9,58.7,6.0,54.0,0.0,0.0,0.0
2026-04-09 19:49:48,30.0,58.7,0.0,54.0,0.0,0.0,0.0
2026-04-09 19:49:53,30.1,58.8,19.9,54.0,0.0,0.0,0.0
2026-04-09 19:49:58,29.9,58.7,20.1,54.0,0.0,0.0,0.0
2026-04-09 19:50:03,30.1,58.6,4.7,54.0,0.0,0.0,0.0
2026-04-09 19:50:08,30.0,58.5,8.2,54.0,0.0,0.0,0.0
2026-04-09 19:50:13,30.0,58.5,6.7,54.0,0.0,0.0,0.0
2026-04-09 19:50:18,29.9,58.5,22.8,54.0,0.0,0.0,0.0
2026-04-09 19:50:23,30.2,58.5,8.0,54.0,0.0,0.0,0.0
2026-04-09 19:50:28,30.1,58.6,3.9,54.0,0.0,0.0,0.0
2026-04-09 19:50:33,30.1,58.7,25.0,54.0,0.0,0.0,0.0
2026-04-09 19:50:38,30.0,58.6,7.3,53.9,0.0,0.0,0.0
2026-04-09 19:50:43,30.1,58.6,0.0,53.9,0.0,0.0,0.0
2026-04-09 19:50:48,29.9,58.6,21.2,54.0,0.0,0.0,0.0
2026-04-09 19:50:53,29.9,58.7,15.6,54.0,0.0,0.0,0.0
2026-04-09 19:50:58,30.1,58.6,15.6,54.0,0.0,0.0,0.0
2026-04-09 19:51:03,30.1,58.5,20.0,54.0,0.0,0.0,0.0
2026-04-09 19:51:08,30.1,58.6,7.1,54.0,0.0,0.0,0.0
2026-04-09 19:51:13,30.0,58.6,16.1,54.0,0.0,0.0,0.0
2026-04-09 19:51:18,30.1,58.6,4.1,54.0,0.0,0.0,0.0
2026-04-09 19:51:23,30.1,58.7,6.8,54.0,0.0,0.0,0.0
2026-04-09 19:51:28,30.0,58.8,23.5,54.0,0.0,0.0,0.0
2026-04-09 19:51:33,30.1,58.7,35.0,54.0,0.0,0.0,0.0
2026-04-09 19:51:38,29.9,58.7,20.0,54.0,0.0,0.0,0.0
2026-04-09 19:51:43,30.1,58.7,7.4,54.0,0.0,0.0,0.0
2026-04-09 19:51:48,30.0,58.9,17.0,54.0,0.0,0.0,0.0
2026-04-09 19:51:53,30.0,58.9,8.9,53.9,0.0,0.0,0.0
2026-04-09 19:51:58,30.0,58.8,5.2,53.9,0.0,0.0,0.0
2026-04-09 19:52:03,30.1,58.8,9.8,53.9,0.0,0.0,0.0
2026-04-09 19:52:08,29.9,58.8,19.2,54.0,0.0,0.0,0.0
2026-04-09 19:52:13,30.0,58.8,15.3,54.0,0.0,0.0,0.0
2026-04-09 19:52:18,30.2,58.8,22.9,54.0,0.0,0.0,0.0
2026-04-09 19:52:23,30.1,58.8,2.0,54.0,0.0,0.0,0.0
2026-04-09 19:52:28,30.1,58.9,27.9,54.0,0.0,0.0,0.0
2026-04-09 19:52:33,30.0,58.9,38.1,54.0,0.0,0.0,0.0
2026-04-09 19:52:38,30.0,59.0,10.2,54.0,0.0,0.0,0.0
2026-04-09 19:52:43,30.1,59.0,21.7,54.0,0.0,0.0,0.0
2026-04-09 19:52:48,30.2,59.0,15.6,54.0,0.0,0.0,0.0
2026-04-09 19:52:53,30.1,58.9,12.4,54.0,0.0,0.0,0.0
2026-04-09 19:52:58,30.2,58.8,20.4,54.0,0.0,0.0,0.0
2026-04-09 19:53:03,30.2,58.8,0.0,54.0,0.0,0.0,0.0
2026-04-09 19:53:08,29.9,58.9,15.7,54.0,0.0,0.0,0.0
2026-04-09 19:53:13,30.0,58.9,18.7,54.0,0.0,0.0,0.0
2026-04-09 19:53:18,30.1,58.7,9.2,54.0,0.0,0.0,0.0
2026-04-09 19:53:23,30.2,58.7,16.1,54.0,0.0,0.0,0.0
2026-04-09 19:53:28,30.1,58.7,14.0,54.0,0.0,0.0,0.0
2026-04-09 19:53:33,30.1,58.6,9.3,53.9,0.0,0.0,0.0
2026-04-09 19:53:38,30.0,58.5,1.9,53.9,0.0,0.0,0.0
2026-04-09 19:53:43,30.0,58.6,1.9,53.9,0.0,0.0,0.0
2026-04-09 19:53:48,30.0,58.5,12.8,53.9,0.0,0.0,0.0
2026-04-09 19:53:53,30.0,58.4,25.1,53.9,0.0,0.0,0.0
2026-04-09 19:53:58,29.9,58.5,0.0,53.9,0.0,0.0,0.0
2026-04-09 19:54:03,30.2,58.4,22.8,54.0,0.0,0.0,0.0
2026-04-09 19:54:08,30.2,58.2,22.6,54.0,0.0,0.0,0.0
2026-04-09 19:54:13,30.1,58.3,7.7,54.0,0.0,0.0,0.0
2026-04-09 19:54:18,29.9,58.2,0.0,54.0,0.0,0.0,0.0
2026-04-09 19:54:23,30.1,58.4,23.1,54.0,0.0,0.0,0.0
2026-04-09 19:54:28,29.9,58.4,28.9,54.0,0.0,0.0,0.0
2026-04-09 19:54:33,30.0,58.4,0.0,54.0,0.0,0.0,0.0
2026-04-09 19:54:38,30.1,58.4,6.0,54.0,0.0,0.0,0.0
2026-04-09 19:54:43,30.0,58.5,11.1,54.0,0.0,0.0,0.0
2026-04-09 19:54:48,30.1,58.4,0.0,54.0,0.0,0.0,0.0
2026-04-09 19:54:53,30.1,58.5,28.0,54.0,0.0,0.0,0.0
2026-04-09 19:54:58,30.0,58.3,13.6,54.0,0.0,0.0,0.0
2026-04-09 19:55:03,30.1,58.5,11.9,54.0,0.0,0.0,0.0
2026-04-09 19:55:08,30.1,58.4,1.2,54.0,0.0,0.0,0.0
2026-04-09 19:55:13,30.1,58.2,20.2,54.0,0.0,0.0,0.0
2026-04-09 19:55:18,30.1,58.4,0.0,54.0,0.0,0.0,0.0
2026-04-09 19:55:23,30.2,58.4,13.6,54.0,0.0,0.0,0.0
2026-04-09 19:55:28,30.1,58.4,19.7,54.0,0.0,0.0,0.0
2026-04-09 19:55:33,30.1,58.4,28.0,54.0,0.0,0.0,0.0
2026-04-09 19:55:38,30.0,58.4,6.0,54.0,0.0,0.0,0.0
2026-04-09 19:55:43,30.1,58.4,23.6,54.0,0.0,0.0,0.0
2026-04-09 19:55:48,30.1,58.5,15.1,54.0,0.0,0.0,0.0
2026-04-09 19:55:53,29.9,58.6,24.5,54.0,0.0,0.0,0.0
2026-04-09 19:55:58,30.1,58.7,15.2,54.0,0.0,0.0,0.0
2026-04-09 19:56:03,30.1,58.8,28.1,54.0,0.0,0.0,0.0
2026-04-09 19:56:08,30.1,58.8,14.6,54.0,0.0,0.0,0.0
2026-04-09 19:56:13,30.0,58.8,25.6,54.0,0.0,0.0,0.0
2026-04-09 19:56:18,30.1,58.7,18.0,54.0,0.0,0.0,0.0
2026-04-09 19:56:23,30.1,58.8,13.2,54.0,0.0,0.0,0.0
2026-04-09 19:56:28,30.0,58.8,8.9,54.0,0.0,0.0,0.0
2026-04-09 19:56:33,30.1,58.6,0.5,54.0,0.0,0.0,0.0
2026-04-09 19:56:38,30.1,58.6,23.1,54.0,0.0,0.0,0.0
2026-04-09 19:56:43,30.2,58.7,12.7,54.0,0.0,0.0,0.0
2026-04-09 19:56:48,30.1,58.6,13.6,54.0,0.0,0.0,0.0
2026-04-09 19:56:53,30.1,58.6,21.9,54.0,0.0,0.0,0.0
2026-04-09 19:56:58,30.2,58.6,14.6,54.0,0.0,0.0,0.0
2026-04-09 19:57:03,30.2,58.6,27.8,53.9,0.0,0.0,0.0
2026-04-09 19:57:08,30.2,58.7,17.4,53.9,0.0,0.0,0.0
2026-04-09 19:57:13,30.3,58.7,0.0,54.0,0.0,0.0,0.0
2026-04-09 19:57:18,30.0,58.6,8.8,54.0,0.0,0.0,0.0
2026-04-09 19:57:23,30.1,58.6,21.1,54.0,0.0,0.0,0.0
2026-04-09 19:57:28,30.1,58.7,0.0,54.0,0.0,0.0,0.0
2026-04-09 19:57:33,30.2,58.7,11.7,54.0,0.0,0.0,0.0
2026-04-09 19:57:38,30.0,58.8,4.5,54.0,0.0,0.0,0.0
2026-04-09 19:57:43,30.1,58.7,20.7,54.0,0.0,0.0,0.0
2026-04-09 19:57:48,30.1,58.6,13.9,54.0,0.0,0.0,0.0
2026-04-09 19:57:53,30.2,58.6,16.0,54.0,0.0,0.0,0.0
2026-04-09 19:57:58,30.2,58.6,18.3,54.0,0.0,0.0,0.0
2026-04-09 19:58:03,30.1,58.5,23.9,54.0,0.0,0.0,0.0
2026-04-09 19:58:08,30.2,58.5,17.3,54.0,0.0,0.0,0.0
2026-04-09 19:58:13,30.1,58.5,4.4,54.0,0.0,0.0,0.0
2026-04-09 19:58:18,30.2,58.6,8.2,54.0,0.0,0.0,0.0
2026-04-09 19:58:23,30.0,58.5,19.1,54.0,0.0,0.0,0.0
2026-04-09 19:58:28,30.2,58.5,14.5,54.0,0.0,0.0,0.0
2026-04-09 19:58:33,30.1,58.4,0.0,54.0,0.0,0.0,0.0
2026-04-09 19:58:38,30.2,58.5,22.6,54.0,0.0,0.0,0.0
2026-04-09 19:58:43,30.0,58.5,19.0,54.0,0.0,0.0,0.0
2026-04-09 19:58:48,30.2,58.4,23.1,54.0,0.0,0.0,0.0
2026-04-09 19:58:53,30.2,58.3,11.2,54.0,0.0,0.0,0.0
2026-04-09 19:58:58,30.2,58.3,11.4,54.0,0.0,0.0,0.0
2026-04-09 19:59:03,30.1,58.3,18.1,54.0,0.0,0.0,0.0
2026-04-09 19:59:08,30.3,58.3,0.0,54.0,0.0,0.0,0.0
2026-04-09 19:59:13,30.1,58.3,10.9,54.0,0.0,0.0,0.0
2026-04-09 19:59:18,30.2,58.4,4.6,54.0,0.0,0.0,0.0
2026-04-09 19:59:23,30.1,58.5,14.2,54.0,0.0,0.0,0.0
2026-04-09 19:59:28,30.1,58.6,28.1,54.0,0.0,0.0,0.0
2026-04-09 19:59:33,30.0,58.8,22.6,54.0,0.0,0.0,0.0
2026-04-09 19:59:38,30.0,58.5,34.2,54.0,0.0,0.0,0.0
2026-04-09 19:59:43,30.1,58.6,9.7,54.0,0.0,0.0,0.0
2026-04-09 19:59:48,30.1,58.5,25.7,54.0,0.0,0.0,0.0
2026-04-09 19:59:53,30.1,58.3,1.4,54.0,0.0,0.0,0.0
2026-04-09 19:59:58,30.1,58.3,26.6,54.0,0.0,0.0,0.0
