Timestamp,Temperature,Humidity,Light,Soil_Moisture,Drip,Mist,Fan
2026-04-11 00:00:00,29.8,57.5,0.0,54.1,0.0,0.0,0.0
2026-04-11 00:00:05,30.0,57.5,0.2,54.1,0.0,0.0,0.0
2026-04-11 00:00:10,30.0,57.5,24.8,54.1,0.0,0.0,0.0
2026-04-11 00:00:15,29.9,57.5,25.5,54.2,0.0,0.0,0.0
2026-04-11 00:00:20,29.9,57.5,15.2,54.2,0.0,0.0,0.0
2026-04-11 00:00:25,29.9,57.5,30.7,54.1,0.0,0.0,0.0
2026-04-11 00:00:30,29.9,57.5,4.0,54.1,0.0,0.0,0.0
2026-04-11 00:00:35,29.8,57.6,15.9,54.1,0.0,0.0,0.0
2026-04-11 00:00:40,29.9,57.7,20.0,54.1,0.0,0.0,0.0
2026-04-11 00:00:45,29.8,57.7,0.0,54.1,0.0,0.0,0.0
2026-04-11 00:00:50,29.9,57.7,11.2,54.1,0.0,0.0,0.0
2026-04-11 00:00:55,29.8,57.7,26.1,54.1,0.0,0.0,0.0
2026-04-11 00:01:00,29.9,57.7,14.3,54.1,0.0,0.0,0.0
2026-04-11 00:01:05,29.9,57.7,12.6,54.1,0.0,0.0,0.0
2026-04-11 00:01:10,29.8,57.7,2.5,54.1,0.0,0.0,0.0
2026-04-11 00:01:15,29.8,57.7,33.4,54.1,0.0,0.0,0.0
2026-04-11 00:01:20,29.9,57.7,3.3,54.1,0.0,0.0,0.0
2026-04-11 00:01:25,29.8,57.6,26.8,54.1,0.0,0.0,0.0
2026-04-11 00:01:30,29.8,57.5,23.3,54.1,0.0,0.0,0.0
2026-04-11 00:01:35,29.8,57.6,7.6,54.1,0.0,0.0,0.0
2026-04-11 00:01:40,29.8,57.6,0.0,54.1,0.0,0.0,0.0
2026-04-11 00:01:45,30.0,57.6,0.0,54.1,0.0,0.0,0.0
2026-04-11 00:01:50,29.7,57.6,14.7,54.1,0.0,0.0,0.0
2026-04-11 00:01:55,29.6,57.5,2.4,54.1,0.0,0.0,0.0
2026-04-11 00:02:00,29.9,57.6,17.1,54.1,0.0,0.0,0.0
2026-04-11 00:02:05,29.8,57.6,25.7,54.1,0.0,0.0,0.0
2026-04-11 00:02:10,29.6,57.6,27.4,54.1,0.0,0.0,0.0
2026-04-11 00:02:15,29.6,57.6,0.0,54.1,0.0,0.0,0.0
2026-04-11 00:02:20,29.9,57.6,23.2,54.1,0.0,0.0,0.0
2026-04-11 00:02:25,29.8,57.4,24.5,54.1,0.0,0.0,0.0
2026-04-11 00:02:30,29.7,57.4,11.0,54.1,0.0,0.0,0.0
2026-04-11 00:02:35,29.9,57.3,11.5,54.1,0.0,0.0,0.0
2026-04-11 00:02:40,29.8,57.4,32.9,54.1,0.0,0.0,0.0
2026-04-11 00:02:45,29.8,57.2,25.7,54.1,0.0,0.0,0.0
2026-04-11 00:02:50,29.7,57.2,14.4,54.1,0.0,0.0,0.0
2026-04-11 00:02:55,29.8,57.2,12.7,54.1,0.0,0.0,0.0
2026-04-11 00:03:00,29.8,57.2,11.1,54.1,0.0,0.0,0.0
2026-04-11 00:03:05,30.0,57.3,25.5,54.1,0.0,0.0,0.0
2026-04-11 00:03:10,29.9,57.2,37.6,54.1,0.0,0.0,0.0
2026-04-11 00:03:15,29.9,57.4,16.3,54.1,0.0,0.0,0.0
2026-04-11 00:03:20,30.0,57.4,26.0,54.1,0.0,0.0,0.0
2026-04-11 00:03:25,29.8,57.4,16.5,54.1,0.0,0.0,0.0
2026-04-11 00:03:30,29.8,57.4,0.0,54.1,0.0,0.0,0.0
2026-04-11 00:03:35,29.8,57.4,24.2,54.1,0.0,0.0,0.0
2026-04-11 00:03:40,29.9,57.4,24.9,54.1,0.0,0.0,0.0
2026-04-11 00:03:45,29.7,57.3,0.0,54.2,0.0,0.0,0.0
2026-04-11 00:03:50,29.8,57.4,6.0,54.2,0.0,0.0,0.0
2026-04-11 00:03:55,29.8,57.4,29.2,54.2,0.0,0.0,0.0
2026-04-11 00:04:00,29.7,57.4,13.2,54.2,0.0,0.0,0.0
2026-04-11 00:04:05,29.9,57.4,27.5,54.2,0.0,0.0,0.0
2026-04-11 00:04:10,29.8,57.4,30.2,54.2,0.0,0.0,0.0
2026-04-11 00:04:15,29.9,57.5,0.0,54.2,0.0,0.0,0.0
2026-04-11 00:04:20,29.9,57.6,14.5,54.2,0.0,0.0,0.0
2026-04-11 00:04:25,29.9,57.6,4.0,54.2,0.0,0.0,0.0
2026-04-11 00:04:30,29.7,57.6,18.7,54.2,0.0,0.0,0.0
2026-04-11 00:04:35,29.9,57.6,20.8,54.1,0.0,0.0,0.0
2026-04-11 00:04:40,29.9,57.7,17.9,54.1,0.0,0.0,0.0
2026-04-11 00:04:45,29.8,57.7,9.2,54.1,0.0,0.0,0.0
2026-04-11 00:04:50,29.8,57.6,37.2,54.1,0.0,0.0,0.0
2026-04-11 00:04:55,29.9,57.7,13.1,54.1,0.0,0.0,0.0
2026-04-11 00:05:00,29.8,57.8,19.1,54.1,0.0,0.0,0.0
2026-04-11 00:05:05,29.9,57.8,24.9,54.1,0.0,0.0,0.0
2026-04-11 00:05:10,29.9,57.8,40.0,54.1,0.0,0.0,0.0
2026-04-11 00:05:15,30.0,57.8,20.9,54.1,0.0,0.0,0.0
2026-04-11 00:05:20,29.9,57.9,22.0,54.1,0.0,0.0,0.0
2026-04-11 00:05:25,30.0,57.9,10.0,54.1,0.0,0.0,0.0
2026-04-11 00:05:30,29.8,57.9,4.8,54.2,0.0,0.0,0.0
2026-04-11 00:05:35,29.8,57.9,9.7,54.2,0.0,0.0,0.0
2026-04-11 00:05:40,29.8,58.0,10.0,54.2,0.0,0.0,0.0
2026-04-11 00:05:45,30.0,58.0,4.0,54.2,0.0,0.0,0.0
2026-04-11 00:05:50,29.8,58.0,19.6,54.1,0.0,0.0,0.0
2026-04-11 00:05:55,29.9,58.0,14.9,54.1,0.0,0.0,0.0
2026-04-11 00:06:00,29.8,58.1,43.4,54.1,0.0,0.0,0.0
2026-04-11 00:06:05,29.7,58.2,11.2,54.1,0.0,0.0,0.0
2026-04-11 00:06:10,29.9,58.2,12.3,54.1,0.0,0.0,0.0
2026-04-11 00:06:15,29.9,58.2,11.8,54.2,0.0,0.0,0.0
2026-04-11 00:06:20,29.8,58.2,16.1,54.2,0.0,0.0,0.0
2026-04-11 00:06:25,29.9,58.2,11.7,54.1,0.0,0.0,0.0
2026-04-11 00:06:30,29.8,58.3,10.5,54.1,0.0,0.0,0.0
2026-04-11 00:06:35,29.7,58.4,1.5,54.1,0.0,0.0,0.0
2026-04-11 00:06:40,29.8,58.4,16.5,54.1,0.0,0.0,0.0
2026-04-11 00:06:45,29.9,58.5,0.0,54.1,0.0,0.0,0.0
2026-04-11 00:06:50,29.8,58.7,1.9,54.1,0.0,0.0,0.0
2026-04-11 00:06:55,29.8,58.7,12.8,54.2,0.0,0.0,0.0
2026-04-11 00:07:00,29.9,58.7,13.8,54.2,0.0,0.0,0.0
2026-04-11 00:07:05,29.8,58.6,21.8,54.1,0.0,0.0,0.0
2026-04-11 00:07:10,29.9,58.6,28.0,54.1,0.0,0.0,0.0
2026-04-11 00:07:15,29.8,58.7,13.4,54.1,0.0,0.0,0.0
2026-04-11 00:07:20,29.8,58.6,14.6,54.1,0.0,0.0,0.0
2026-04-11 00:07:25,29.7,58.6,19.2,54.1,0.0,0.0,0.0
2026-04-11 00:07:30,29.8,58.5,19.3,54.1,0.0,0.0,0.0
2026-04-11 00:07:35,29.9,58.6,3.7,54.1,0.0,0.0,0.0
2026-04-11 00:07:40,29.8,58.5,20.4,54.1,0.0,0.0,0.0
2026-04-11 00:07:45,29.8,58.3,22.5,54.1,0.0,0.0,0.0
2026-04-11 00:07:50,29.8,58.2,0.0,54.1,0.0,0.0,0.0
2026-04-11 00:07:55,29.8,58.1,14.9,54.1,0.0,0.0,0.0
2026-04-11 00:08:00,29.7,58.1,0.0,54.1,0.0,0.0,0.0
2026-04-11 00:08:05,29.8,58.1,19.7,54.1,0.0,0.0,0.0
2026-04-11 00:08:10,29.7,58.2,25.6,54.2,0.0,0.0,0.0
2026-04-11 00:08:15,29.8,58.1,20.7,54.2,0.0,0.0,0.0
2026-04-11 00:08:20,29.8,58.1,9.3,54.2,0.0,0.0,0.0
2026-04-11 00:08:25,29.7,58.0,3.0,54.2,0.0,0.0,0.0
2026-04-11 00:08:30,29.7,57.9,22.3,54.2,0.0,0.0,0.0
2026-04-11 00:08:35,29.8,58.0,3.6,54.1,0.0,0.0,0.0
2026-04-11 00:08:40,29.9,57.9,9.0,54.1,0.0,0.0,0.0
2026-04-11 00:08:45,29.8,58.0,32.5,54.1,0.0,0.0,0.0
2026-04-11 00:08:50,29.8,58.1,4.4,54.1,0.0,0.0,0.0
2026-04-11 00:08:55,29.8,58.1,3.6,54.1,0.0,0.0,0.0
2026-04-11 00:09:00,29.8,58.0,11.8,54.2,0.0,0.0,0.0
2026-04-11 00:09:05,29.7,58.1,2.2,54.2,0.0,0.0,0.0
2026-04-11 00:09:10,29.8,58.1,0.0,54.2,0.0,0.0,0.0
2026-04-11 00:09:15,29.7,58.1,0.6,54.2,0.0,0.0,0.0
2026-04-11 00:09:20,29.8,58.2,20.3,54.2,0.0,0.0,0.0
2026-04-11 00:09:25,29.8,58.1,11.9,54.2,0.0,0.0,0.0
2026-04-11 00:09:30,29.8,58.1,17.7,54.2,0.0,0.0,0.0
2026-04-11 00:09:35,29.7,58.0,23.4,54.1,0.0,0.0,0.0
2026-04-11 00:09:40,29.9,58.1,14.3,54.1,0.0,0.0,0.0
2026-04-11 00:09:45,29.8,58.0,16.6,54.1,0.0,0.0,0.0
2026-04-11 00:09:50,29.7,57.8,22.8,54.1,0.0,0.0,0.0
2026-04-11 00:09:55,29.9,57.7,29.7,54.1,0.0,0.0,0.0
2026-04-11 00:10:00,29.8,57.8,4.6,54.1,0.0,0.0,0.0
2026-04-11 00:10:05,29.8,57.8,12.7,54.1,0.0,0.0,0.0
2026-04-11 00:10:10,29.7,57.6,16.9,54.1,0.0,0.0,0.0
2026-04-11 00:10:15,29.6,57.7,24.1,54.2,0.0,0.0,0.0
2026-04-11 00:10:20,29.7,57.9,17.3,54.2,0.0,0.0,0.0
2026-04-11 00:10:25,29.8,57.9,5.3,54.2,0.0,0.0,0.0
2026-04-11 00:10:30,29.8,57.8,15.2,54.2,0.0,0.0,0.0
2026-04-11 00:10:35,29.8,57.8,12.8,54.1,0.0,0.0,0.0
2026-04-11 00:10:40,29.7,57.8,7.8,54.1,0.0,0.0,0.0
2026-04-11 00:10:45,29.7,57.9,4.4,54.1,0.0,0.0,0.0
2026-04-11 00:10:50,29.8,58.0,12.1,54.2,0.0,0.0,0.0
2026-04-11 00:10:55,29.8,58.0,9.3,54.2,0.0,0.0,0.0
2026-04-11 00:11:00,29.8,58.1,18.9,54.2,0.0,0.0,0.0
2026-04-11 00:11:05,29.8,57.9,3.2,54.2,0.0,0.0,0.0
2026-04-11 00:11:10,29.7,57.9,9.6,54.1,0.0,0.0,0.0
2026-04-11 00:11:15,29.7,57.9,19.2,54.1,0.0,0.0,0.0
2026-04-11 00:11:20,29.7,57.9,1.6,54.2,0.0,0.0,0.0
2026-04-11 00:11:25,29.9,58.0,26.7,54.2,0.0,0.0,0.0
2026-04-11 00:11:30,29.6,57.9,1.6,54.2,0.0,0.0,0.0
2026-04-11 00:11:35,29.8,57.9,0.0,54.1,0.0,0.0,0.0
2026-04-11 00:11:40,29.9,57.9,0.0,54.1,0.0,0.0,0.0
2026-04-11 00:11:45,29.7,57.8,5.3,54.1,0.0,0.0,0.0
2026-04-11 00:11:50,29.9,57.9,0.0,54.1,0.0,0.0,0.0
2026-04-11 00:11:55,30.0,57.9,22.1,54.1,0.0,0.0,0.0
2026-04-11 00:12:00,29.9,58.0,30.9,54.1,0.0,0.0,0.0
2026-04-11 00:12:05,29.8,58.0,16.8,54.1,0.0,0.0,0.0
2026-04-11 00:12:10,29.8,58.0,0.0,54.1,0.0,0.0,0.0
2026-04-11 00:12:15,29.9,58.0,9.7,54.1,0.0,0.0,0.0
2026-04-11 00:12:20,29.8,57.8,30.9,54.1,0.0,0.0,0.0
2026-04-11 00:12:25,29.7,57.7,13.0,54.1,0.0,0.0,0.0
2026-04-11 00:12:30,29.8,57.7,13.0,54.1,0.0,0.0,0.0
2026-04-11 00:12:35,29.8,57.7,18.4,54.1,0.0,0.0,0.0
2026-04-11 00:12:40,29.8,57.7,25.5,54.1,0.0,0.0,0.0
2026-04-11 00:12:45,29.8,57.7,21.2,54.1,0.0,0.0,0.0
2026-04-11 00:12:50,29.9,57.8,24.4,54.1,0.0,0.0,0.0
2026-04-11 00:12:55,29.8,57.8,0.0,54.2,0.0,0.0,0.0
2026-04-11 00:13:00,29.8,57.7,22.8,54.2,0.0,0.0,0.0
2026-04-11 00:13:05,29.9,57.9,2.9,54.2,0.0,0.0,0.0
2026-04-11 00:13:10,29.9,58.1,14.3,54.2,0.0,0.0,0.0
2026-04-11 00:13:15,29.7,58.0,24.7,54.2,0.0,0.0,0.0
2026-04-11 00:13:20,29.7,57.9,1.2,54.2,0.0,0.0,0.0
2026-04-11 00:13:25,29.7,57.8,18.3,54.2,0.0,0.0,0.0
2026-04-11 00:13:30,29.8,57.9,21.7,54.2,0.0,0.0,0.0
2026-04-11 00:13:35,29.8,57.9,17.5,54.1,0.0,0.0,0.0
2026-04-11 00:13:40,29.8,58.1,5.0,54.1,0.0,0.0,0.0
2026-04-11 00:13:45,29.9,58.0,11.0,54.1,0.0,0.0,0.0
2026-04-11 00:13:50,29.8,58.0,17.2,54.1,0.0,0.0,0.0
2026-04-11 00:13:55,29.8,58.0,21.4,54.1,0.0,0.0,0.0
2026-04-11 00:14:00,29.8,58.1,13.4,54.1,0.0,0.0,0.0
2026-04-11 00:14:05,29.8,58.1,4.4,54.1,0.0,0.0,0.0
2026-04-11 00:14:10,29.8,58.1,8.4,54.1,0.0,0.0,0.0
2026-04-11 00:14:15,29.8,58.1,1.5,54.1,0.0,0.0,0.0
2026-04-11 00:14:20,29.8,58.2,18.8,54.1,0.0,0.0,0.0
2026-04-11 00:14:25,29.9,58.1,25.3,54.1,0.0,0.0,0.0
2026-04-11 00:14:30,30.0,58.0,21.4,54.1,0.0,0.0,0.0
2026-04-11 00:14:35,29.7,58.0,13.9,54.1,0.0,0.0,0.0
2026-04-11 00:14:40,29.8,58.0,8.1,54.2,0.0,0.0,0.0
2026-04-11 00:14:45,29.8,57.9,12.9,54.2,0.0,0.0,0.0
2026-04-11 00:14:50,29.8,58.1,17.8,54.2,0.0,0.0,0.0
2026-04-11 00:14:55,29.9,58.1,19.8,54.2,0.0,0.0,0.0
2026-04-11 00:15:00,29.9,58.0,24.2,54.1,0.0,0.0,0.0
2026-04-11 00:15:05,29.9,57.9,29.4,54.1,0.0,0.0,0.0
2026-04-11 00:15:10,29.9,57.7,4.4,54.1,0.0,0.0,0.0
2026-04-11 00:15:15,29.8,57.8,16.3,54.1,0.0,0.0,0.0
2026-04-11 00:15:20,29.8,57.8,5.9,54.1,0.0,0.0,0.0
2026-04-11 00:15:25,29.8,57.7,15.6,54.1,0.0,0.0,0.0
2026-04-11 00:15:30,29.8,57.7,29.2,54.2,0.0,0.0,0.0
2026-04-11 00:15:35,29.9,57.6,5.6,54.2,0.0,0.0,0.0
2026-04-11 00:15:40,29.8,57.6,0.5,54.1,0.0,0.0,0.0
2026-04-11 00:15:45,29.9,57.5,28.5,54.1,0.0,0.0,0.0
2026-04-11 00:15:50,29.7,57.3,5.9,54.1,0.0,0.0,0.0
2026-04-11 00:15:55,29.8,57.5,35.3,54.1,0.0,0.0,0.0
2026-04-11 00:16:00,29.8,57.4,19.7,54.1,0.0,0.0,0.0
2026-04-11 00:16:05,29.8,57.5,11.8,54.1,0.0,0.0,0.0
2026-04-11 00:16:10,29.9,57.5,19.5,54.1,0.0,0.0,0.0
2026-04-11 00:16:15,30.0,57.7,9.0,54.1,0.0,0.0,0.0
2026-04-11 00:16:20,29.8,57.6,4.3,54.1,0.0,0.0,0.0
2026-04-11 00:16:25,29.8,57.6,24.4,54.1,0.0,0.0,0.0
2026-04-11 00:16:30,29.9,57.6,10.4,54.1,0.0,0.0,0.0
2026-04-11 00:16:35,29.9,57.6,22.8,54.1,0.0,0.0,0.0
2026-04-11 00:16:40,29.9,57.8,26.3,54.1,0.0,0.0,0.0
2026-04-11 00:16:45,29.7,57.7,0.0,54.1,0.0,0.0,0.0
2026-04-11 00:16:50,29.7,57.7,27.8,54.1,0.0,0.0,0.0
2026-04-11 00:16:55,30.0,57.6,19.8,54.1,0.0,0.0,0.0
2026-04-11 00:17:00,29.9,57.7,22.0,54.1,0.0,0.0,0.0
2026-04-11 00:17:05,30.0,57.8,25.2,54.1,0.0,0.0,0.0
2026-04-11 00:17:10,30.0,57.7,7.5,54.1,0.0,0.0,0.0
2026-04-11 00:17:15,29.8,57.9,5.2,54.1,0.0,0.0,0.0
2026-04-11 00:17:20,29.8,57.9,14.3,54.1,0.0,0.0,0.0
2026-04-11 00:17:25,29.8,57.9,0.0,54.1,0.0,0.0,0.0
2026-04-11 00:17:30,29.9,58.0,37.8,54.1,0.0,0.0,0.0
2026-04-11 00:17:35,29.9,57.9,23.0,54.1,0.0,0.0,0.0
2026-04-11 00:17:40,29.8,57.9,13.5,54.1,0.0,0.0,0.0
2026-04-11 00:17:45,29.7,57.8,28.3,54.1,0.0,0.0,0.0
2026-04-11 00:17:50,29.8,57.7,16.1,54.1,0.0,0.0,0.0
2026-04-11 00:17:55,29.9,57.8,12.9,54.1,0.0,0.0,0.0
2026-04-11 00:18:00,29.8,57.8,23.7,54.1,0.0,0.0,0.0
2026-04-11 00:18:05,29.7,57.9,21.6,54.1,0.0,0.0,0.0
2026-04-11 00:18:10,29.8,58.1,18.4,54.1,0.0,0.0,0.0
2026-04-11 00:18:15,29.8,58.0,3.2,54.1,0.0,0.0,0.0
2026-04-11 00:18:20,29.7,58.0,7.8,54.1,0.0,0.0,0.0
2026-04-11 00:18:25,29.8,58.0,16.3,54.1,0.0,0.0,0.0
2026-04-11 00:18:30,29.7,58.1,9.1,54.1,0.0,0.0,0.0
2026-04-11 00:18:35,29.7,58.0,17.0,54.1,0.0,0.0,0.0
2026-04-11 00:18:40,29.9,57.8,19.6,54.1,0.0,0.0,0.0
2026-04-11 00:18:45,29.8,57.8,36.9,54.1,0.0,0.0,0.0
2026-04-11 00:18:50,29.8,58.0,22.3,54.1,0.0,0.0,0.0
2026-04-11 00:18:55,29.8,57.9,17.4,54.1,0.0,0.0,0.0
2026-04-11 00:19:00,29.8,57.7,26.8,54.1,0.0,0.0,0.0
2026-04-11 00:19:05,29.8,57.8,19.8,54.1,0.0,0.0,0.0
2026-04-11 00:19:10,29.8,57.7,16.7,54.1,0.0,0.0,0.0
2026-04-11 00:19:15,29.8,57.7,36.6,54.1,0.0,0.0,0.0
2026-04-11 00:19:20,29.8,57.6,2.4,54.1,0.0,0.0,0.0
2026-04-11 00:19:25,29.8,57.6,12.9,54.1,0.0,0.0,0.0
2026-04-11 00:19:30,29.8,57.6,10.1,54.1,0.0,0.0,0.0
2026-04-11 00:19:35,29.7,57.7,12.4,54.1,0.0,0.0,0.0
2026-04-11 00:19:40,29.8,57.7,15.7,54.1,0.0,0.0,0.0
2026-04-11 00:19:45,29.6,57.6,19.9,54.1,0.0,0.0,0.0
2026-04-11 00:19:50,29.7,57.7,7.2,54.1,0.0,0.0,0.0
2026-04-11 00:19:55,29.8,57.8,2.5,54.1,0.0,0.0,0.0
2026-04-11 00:20:00,29.7,57.7,10.9,54.1,0.0,0.0,0.0
2026-04-11 00:20:05,29.8,57.7,21.1,54.1,0.0,0.0,0.0
2026-04-11 00:20:10,29.7,57.7,22.7,54.1,0.0,0.0,0.0
2026-04-11 00:20:15,29.8,57.6,28.4,54.1,0.0,0.0,0.0
2026-04-11 00:20:20,29.7,57.5,24.3,54.1,0.0,0.0,0.0
2026-04-11 00:20:25,29.6,57.5,19.5,54.1,0.0,0.0,0.0
2026-04-11 00:20:30,29.8,57.5,13.6,54.1,0.0,0.0,0.0
2026-04-11 00:20:35,29.8,57.6,15.7,54.2,0.0,0.0,0.0
2026-04-11 00:20:40,29.7,57.7,21.8,54.2,0.0,0.0,0.0
2026-04-11 00:20:45,29.6,57.7,9.0,54.1,0.0,0.0,0.0
2026-04-11 00:20:50,29.6,57.8,25.4,54.1,0.0,0.0,0.0
2026-04-11 00:20:55,29.8,57.8,4.6,54.1,0.0,0.0,0.0
2026-04-11 00:21:00,29.8,57.9,16.5,54.1,0.0,0.0,0.0
2026-04-11 00:21:05,29.8,57.8,6.6,54.1,0.0,0.0,0.0
2026-04-11 00:21:10,29.9,57.8,10.0,54.0,0.0,0.0,0.0
2026-04-11 00:21:15,29.8,57.8,16.0,54.0,0.0,0.0,0.0
2026-04-11 00:21:20,29.8,58.0,7.9,54.1,0.0,0.0,0.0
2026-04-11 00:21:25,29.8,57.9,6.6,54.1,0.0,0.0,0.0
2026-04-11 00:21:30,29.8,58.0,23.2,54.1,0.0,0.0,0.0
2026-04-11 00:21:35,29.7,58.1,12.2,54.1,0.0,0.0,0.0
2026-04-11 00:21:40,30.0,58.0,6.8,54.1,0.0,0.0,0.0
2026-04-11 00:21:45,29.8,58.0,20.3,54.1,0.0,0.0,0.0
2026-04-11 00:21:50,29.9,58.0,8.8,54.1,0.0,0.0,0.0
2026-04-11 00:21:55,29.7,58.0,18.6,54.1,0.0,0.0,0.0
2026-04-11 00:22:00,29.7,58.0,26.0,54.1,0.0,0.0,0.0
2026-04-11 00:22:05,29.9,57.9,0.7,54.1,0.0,0.0,0.0
2026-04-11 00:22:10,29.9,57.9,4.3,54.1,0.0,0.0,0.0
2026-04-11 00:22:15,29.6,57.9,11.1,54.1,0.0,0.0,0.0
2026-04-11 00:22:20,29.7,57.8,0.2,54.1,0.0,0.0,0.0
2026-04-11 00:22:25,29.7,57.7,24.1,54.1,0.0,0.0,0.0
2026-04-11 00:22:30,29.7,57.8,13.9,54.1,0.0,0.0,0.0
2026-04-11 00:22:35,29.8,57.6,7.6,54.1,0.0,0.0,0.0
2026-04-11 00:22:40,29.8,57.7,10.7,54.1,0.0,0.0,0.0
2026-04-11 00:22:45,29.6,57.7,28.5,54.1,0.0,0.0,0.0
2026-04-11 00:22:50,29.6,57.7,26.8,54.1,0.0,0.0,0.0
2026-04-11 00:22:55,29.8,57.7,14.3,54.1,0.0,0.0,0.0
2026-04-11 00:23:00,29.7,57.8,26.4,54.1,0.0,0.0,0.0
2026-04-11 00:23:05,29.7,57.8,17.8,54.1,0.0,0.0,0.0
2026-04-11 00:23:10,29.5,57.8,26.5,54.1,0.0,0.0,0.0
2026-04-11 00:23:15,29.8,57.8,24.0,54.1,0.0,0.0,0.0
2026-04-11 00:23:20,29.6,57.8,0.0,54.1,0.0,0.0,0.0
2026-04-11 00:23:25,29.6,58.0,13.5,54.1,0.0,0.0,0.0
2026-04-11 00:23:30,29.8,58.0,0.0,54.1,0.0,0.0,0.0
2026-04-11 00:23:35,29.5,58.1,3.6,54.1,0.0,0.0,0.0
2026-04-11 00:23:40,29.6,58.2,2.3,54.1,0.0,0.0,0.0
2026-04-11 00:23:45,29.6,58.2,14.1,54.1,0.0,0.0,0.0
2026-04-11 00:23:50,29.8,58.3,27.9,54.1,0.0,0.0,0.0
2026-04-11 00:23:55,29.8,58.3,20.4,54.1,0.0,0.0,0.0
2026-04-11 00:24:00,29.8,58.4,27.7,54.1,0.0,0.0,0.0
2026-04-11 00:24:05,29.7,58.4,32.9,54.1,0.0,0.0,0.0
2026-04-11 00:24:10,29.6,58.3,21.6,54.1,0.0,0.0,0.0
2026-04-11 00:24:15,29.5,58.3,17.4,54.1,0.0,0.0,0.0
2026-04-11 00:24:20,29.6,58.2,20.3,54.1,0.0,0.0,0.0
2026-04-11 00:24:25,29.7,58.2,11.3,54.1,0.0,0.0,0.0
2026-04-11 00:24:30,29.8,58.3,23.7,54.1,0.0,0.0,0.0
2026-04-11 00:24:35,29.9,58.3,12.6,54.1,0.0,0.0,0.0
2026-04-11 00:24:40,29.6,58.3,33.2,54.1,0.0,0.0,0.0
2026-04-11 00:24:45,29.8,58.4,4.4,54.1,0.0,0.0,0.0
2026-04-11 00:24:50,29.7,58.2,7.8,54.1,0.0,0.0,0.0
2026-04-11 00:24:55,29.6,58.3,10.1,54.1,0.0,0.0,0.0
2026-04-11 00:25:00,29.7,58.3,20.9,54.1,0.0,0.0,0.0
2026-04-11 00:25:05,29.8,58.4,2.0,54.1,0.0,0.0,0.0
2026-04-11 00:25:10,29.6,58.4,20.2,54.1,0.0,0.0,0.0
2026-04-11 00:25:15,29.7,58.3,26.0,54.1,0.0,0.0,0.0
2026-04-11 00:25:20,29.8,58.3,26.0,54.1,0.0,0.0,0.0
2026-04-11 00:25:25,29.7,58.3,4.5,54.1,0.0,0.0,0.0
2026-04-11 00:25:30,29.6,58.3,27.8,54.1,0.0,0.0,0.0
2026-04-11 00:25:35,29.7,58.2,10.8,54.1,0.0,0.0,0.0
2026-04-11 00:25:40,29.7,58.3,24.3,54.1,0.0,0.0,0.0
2026-04-11 00:25:45,29.7,58.3,12.9,54.1,0.0,0.0,0.0
2026-04-11 00:25:50,29.7,58.3,25.4,54.1,0.0,0.0,0.0
2026-04-11 00:25:55,29.8,58.3,2.4,54.1,0.0,0.0,0.0
2026-04-11 00:26:00,29.6,58.2,23.3,54.1,0.0,0.0,0.0
2026-04-11 00:26:05,29.7,58.4,28.5,54.1,0.0,0.0,0.0
2026-04-11 00:26:10,29.7,58.4,10.3,54.1,0.0,0.0,0.0
2026-04-11 00:26:15,29.5,58.5,10.3,54.1,0.0,0.0,0.0
2026-04-11 00:26:20,29.5,58.6,24.9,54.1,0.0,0.0,0.0
2026-04-11 00:26:25,29.6,58.7,35.5,54.1,0.0,0.0,0.0
2026-04-11 00:26:30,29.6,58.7,21.6,54.1,0.0,0.0,0.0
2026-04-11 00:26:35,29.6,58.7,9.7,54.1,0.0,0.0,0.0
2026-04-11 00:26:40,29.7,58.6,23.0,54.1,0.0,0.0,0.0
2026-04-11 00:26:45,29.7,58.6,10.0,54.1,0.0,0.0,0.0
2026-04-11 00:26:50,29.7,58.7,24.0,54.1,0.0,0.0,0.0
2026-04-11 00:26:55,29.7,58.7,6.8,54.1,0.0,0.0,0.0
2026-04-11 00:27:00,29.8,58.8,13.9,54.1,0.0,0.0,0.0
2026-04-11 00:27:05,29.7,58.8,18.4,54.1,0.0,0.0,0.0
2026-04-11 00:27:10,29.6,58.9,18.1,54.1,0.0,0.0,0.0
2026-04-11 00:27:15,29.6,58.8,33.3,54.1,0.0,0.0,0.0
2026-04-11 00:27:20,29.7,58.9,6.0,54.1,0.0,0.0,0.0
2026-04-11 00:27:25,29.8,59.0,22.5,54.1,0.0,0.0,0.0
2026-04-11 00:27:30,29.7,58.9,28.1,54.1,0.0,0.0,0.0
2026-04-11 00:27:35,29.7,59.0,0.0,54.1,0.0,0.0,0.0
2026-04-11 00:27:40,29.7,59.0,9.2,54.1,0.0,0.0,0.0
2026-04-11 00:27:45,29.8,59.0,36.3,54.1,0.0,0.0,0.0
2026-04-11 00:27:50,29.7,58.9,16.2,54.1,0.0,0.0,0.0
2026-04-11 00:27:55,29.7,59.0,17.1,54.1,0.0,0.0,0.0
2026-04-11 00:28:00,29.8,59.1,27.7,54.1,0.0,0.0,0.0
2026-04-11 00:28:05,29.7,59.1,7.9,54.1,0.0,0.0,0.0
2026-04-11 00:28:10,30.0,58.9,18.7,54.1,0.0,0.0,0.0
2026-04-11 00:28:15,29.7,58.8,28.6,54.1,0.0,0.0,0.0
2026-04-11 00:28:20,29.6,58.7,15.1,54.1,0.0,0.0,0.0
2026-04-11 00:28:25,29.7,58.5,13.4,54.1,0.0,0.0,0.0
2026-04-11 00:28:30,29.6,58.4,20.4,54.1,0.0,0.0,0.0
2026-04-11 00:28:35,29.6,58.4,28.0,54.1,0.0,0.0,0.0
2026-04-11 00:28:40,29.7,58.3,5.4,54.1,0.0,0.0,0.0
2026-04-11 00:28:45,29.8,58.3,13.3,54.1,0.0,0.0,0.0
2026-04-11 00:28:50,29.5,58.3,2.9,54.1,0.0,0.0,0.0
2026-04-11 00:28:55,29.8,58.3,8.7,54.1,0.0,0.0,0.0
2026-04-11 00:29:00,29.6,58.1,27.0,54.1,0.0,0.0,0.0
2026-04-11 00:29:05,29.7,58.0,8.6,54.1,0.0,0.0,0.0
2026-04-11 00:29:10,29.7,58.0,29.4,54.1,0.0,0.0,0.0
2026-04-11 00:29:15,29.7,57.9,8.4,54.1,0.0,0.0,0.0
2026-04-11 00:29:20,29.7,58.1,14.6,54.2,0.0,0.0,0.0
2026-04-11 00:29:25,29.6,57.9,22.0,54.2,0.0,0.0,0.0
2026-04-11 00:29:30,29.8,57.9,20.1,54.2,0.0,0.0,0.0
2026-04-11 00:29:35,29.7,57.9,13.2,54.1,0.0,0.0,0.0
2026-04-11 00:29:40,29.9,57.8,16.1,54.1,0.0,0.0,0.0
2026-04-11 00:29:45,29.6,57.8,16.2,54.1,0.0,0.0,0.0
2026-04-11 00:29:50,29.7,57.7,15.4,54.1,0.0,0.0,0.0
2026-04-11 00:29:55,29.7,57.7,3.0,54.1,0.0,0.0,0.0
2026-04-11 00:30:00,29.6,57.6,24.0,54.1,0.0,0.0,0.0
2026-04-11 00:30:05,29.6,57.6,9.2,54.1,0.0,0.0,0.0
2026-04-11 00:30:10,29.8,57.5,19.1,54.1,0.0,0.0,0.0
2026-04-11 00:30:15,29.7,57.5,0.0,54.1,0.0,0.0,0.0
2026-04-11 00:30:20,29.5,57.6,22.7,54.1,0.0,0.0,0.0
2026-04-11 00:30:25,29.7,57.6,12.5,54.1,0.0,0.0,0.0
2026-04-11 00:30:30,29.7,57.7,8.6,54.1,0.0,0.0,0.0
2026-04-11 00:30:35,29.7,57.7,6.4,54.1,0.0,0.0,0.0
2026-04-11 00:30:40,29.8,57.7,25.2,54.1,0.0,0.0,0.0
2026-04-11 00:30:45,29.5,57.7,26.1,54.1,0.0,0.0,0.0
2026-04-11 00:30:50,29.6,57.8,9.3,54.1,0.0,0.0,0.0
2026-04-11 00:30:55,29.7,57.8,22.1,54.1,0.0,0.0,0.0
2026-04-11 00:31:00,29.6,57.7,31.1,54.1,0.0,0.0,0.0
2026-04-11 00:31:05,29.6,57.8,14.1,54.1,0.0,0.0,0.0
2026-04-11 00:31:10,29.7,57.9,0.0,54.1,0.0,0.0,0.0
2026-04-11 00:31:15,29.7,57.9,17.2,54.2,0.0,0.0,0.0
2026-04-11 00:31:20,29.5,57.8,13.1,54.2,0.0,0.0,0.0
2026-04-11 00:31:25,29.8,57.7,2.0,54.1,0.0,0.0,0.0
2026-04-11 00:31:30,29.5,57.8,10.6,54.1,0.0,0.0,0.0
2026-04-11 00:31:35,29.6,57.8,11.8,54.1,0.0,0.0,0.0
2026-04-11 00:31:40,29.7,57.7,21.9,54.2,0.0,0.0,0.0
2026-04-11 00:31:45,29.7,57.7,0.3,54.2,0.0,0.0,0.0
2026-04-11 00:31:50,29.6,57.7,36.4,54.1,0.0,0.0,0.0
2026-04-11 00:31:55,29.6,57.7,20.0,54.1,0.0,0.0,0.0
2026-04-11 00:32:00,29.8,57.9,8.0,54.1,0.0,0.0,0.0
2026-04-11 00:32:05,29.6,57.8,16.3,54.1,0.0,0.0,0.0
2026-04-11 00:32:10,29.6,57.8,2.7,54.1,0.0,0.0,0.0
2026-04-11 00:32:15,29.8,57.7,18.0,54.1,0.0,0.0,0.0
2026-04-11 00:32:20,29.7,57.7,19.1,54.1,0.0,0.0,0.0
2026-04-11 00:32:25,29.7,57.7,18.9,54.1,0.0,0.0,0.0
2026-04-11 00:32:30,29.7,57.9,18.4,54.1,0.0,0.0,0.0
2026-04-11 00:32:35,29.8,57.9,23.2,54.1,0.0,0.0,0.0
2026-04-11 00:32:40,29.6,57.7,4.0,54.1,0.0,0.0,0.0
2026-04-11 00:32:45,29.7,57.6,15.1,54.1,0.0,0.0,0.0
2026-04-11 00:32:50,29.5,57.5,2.3,54.1,0.0,0.0,0.0
2026-04-11 00:32:55,29.8,57.5,13.0,54.1,0.0,0.0,0.0
2026-04-11 00:33:00,29.8,57.7,8.3,54.1,0.0,0.0,0.0
2026-04-11 00:33:05,29.6,57.7,11.0,54.1,0.0,0.0,0.0
2026-04-11 00:33:10,29.7,57.8,19.4,54.1,0.0,0.0,0.0
2026-04-11 00:33:15,29.6,57.8,40.5,54.1,0.0,0.0,0.0
2026-04-11 00:33:20,29.7,57.7,24.2,54.1,0.0,0.0,0.0
2026-04-11 00:33:25,29.5,57.7,23.2,54.1,0.0,0.0,0.0
2026-04-11 00:33:30,29.7,57.6,13.9,54.1,0.0,0.0,0.0
2026-04-11 00:33:35,29.6,57.6,16.5,54.1,0.0,0.0,0.0
2026-04-11 00:33:40,29.7,57.8,15.6,54.1,0.0,0.0,0.0
2026-04-11 00:33:45,29.5,57.8,8.9,54.1,0.0,0.0,0.0
2026-04-11 00:33:50,29.6,57.9,22.8,54.1,0.0,0.0,0.0
2026-04-11 00:33:55,29.7,57.9,10.6,54.1,0.0,0.0,0.0
2026-04-11 00:34:00,29.5,57.9,4.2,54.1,0.0,0.0,0.0
2026-04-11 00:34:05,29.7,57.9,10.5,54.1,0.0,0.0,0.0
2026-04-11 00:34:10,29.6,57.9,21.3,54.1,0.0,0.0,0.0
2026-04-11 00:34:15,29.6,57.8,24.6,54.1,0.0,0.0,0.0
2026-04-11 00:34:20,29.6,57.9,0.0,54.1,0.0,0.0,0.0
2026-04-11 00:34:25,29.7,57.8,25.8,54.1,0.0,0.0,0.0
2026-04-11 00:34:30,29.6,57.9,10.9,54.1,0.0,0.0,0.0
2026-04-11 00:34:35,29.6,57.9,9.0,54.1,0.0,0.0,0.0
2026-04-11 00:34:40,29.8,57.9,14.6,54.1,0.0,0.0,0.0
2026-04-11 00:34:45,29.5,57.7,14.1,54.1,0.0,0.0,0.0
2026-04-11 00:34:50,29.6,57.8,11.7,54.1,0.0,0.0,0.0
2026-04-11 00:34:55,29.6,57.7,17.8,54.1,0.0,0.0,0.0
2026-04-11 00:35:00,29.7,57.8,20.1,54.1,0.0,0.0,0.0
2026-04-11 00:35:05,29.5,57.8,15.6,54.1,0.0,0.0,0.0
2026-04-11 00:35:10,29.7,57.5,16.2,54.1,0.0,0.0,0.0
2026-04-11 00:35:15,29.8,57.6,9.8,54.1,0.0,0.0,0.0
2026-04-11 00:35:20,29.6,57.6,22.2,54.1,0.0,0.0,0.0
2026-04-11 00:35:25,29.7,57.5,8.3,54.1,0.0,0.0,0.0
2026-04-11 00:35:30,29.7,57.5,13.5,54.1,0.0,0.0,0.0
2026-04-11 00:35:35,29.7,57.5,16.1,54.1,0.0,0.0,0.0
2026-04-11 00:35:40,29.6,57.4,8.7,54.1,0.0,0.0,0.0
2026-04-11 00:35:45,29.7,57.4,10.4,54.1,0.0,0.0,0.0
2026-04-11 00:35:50,29.7,57.4,13.8,54.1,0.0,0.0,0.0
2026-04-11 00:35:55,29.5,57.4,7.2,54.1,0.0,0.0,0.0
2026-04-11 00:36:00,29.6,57.4,27.3,54.1,0.0,0.0,0.0
2026-04-11 00:36:05,29.7,57.2,18.1,54.1,0.0,0.0,0.0
2026-04-11 00:36:10,29.5,57.3,8.7,54.1,0.0,0.0,0.0
2026-04-11 00:36:15,29.7,57.3,17.8,54.1,0.0,0.0,0.0
2026-04-11 00:36:20,29.5,57.3,0.0,54.1,0.0,0.0,0.0
2026-04-11 00:36:25,29.7,57.3,20.8,54.1,0.0,0.0,0.0
2026-04-11 00:36:30,29.6,57.2,27.9,54.1,0.0,0.0,0.0
2026-04-11 00:36:35,29.5,57.1,18.0,54.1,0.0,0.0,0.0
2026-04-11 00:36:40,29.8,57.0,0.0,54.1,0.0,0.0,0.0
2026-04-11 00:36:45,29.6,56.9,11.7,54.1,0.0,0.0,0.0
2026-04-11 00:36:50,29.6,57.0,0.0,54.1,0.0,0.0,0.0
2026-04-11 00:36:55,29.6,57.2,23.7,54.1,0.0,0.0,0.0
2026-04-11 00:37:00,29.6,57.3,7.4,54.1,0.0,0.0,0.0
2026-04-11 00:37:05,29.8,57.3,19.1,54.1,0.0,0.0,0.0
2026-04-11 00:37:10,29.5,57.4,0.0,54.1,0.0,0.0,0.0
2026-04-11 00:37:15,29.6,57.5,9.2,54.1,0.0,0.0,0.0
2026-04-11 00:37:20,29.7,57.4,9.7,54.1,0.0,0.0,0.0
2026-04-11 00:37:25,29.6,57.5,7.1,54.1,0.0,0.0,0.0
2026-04-11 00:37:30,29.4,57.5,18.7,54.1,0.0,0.0,0.0
2026-04-11 00:37:35,29.5,57.6,21.9,54.1,0.0,0.0,0.0
2026-04-11 00:37:40,29.6,57.7,23.1,54.1,0.0,0.0,0.0
2026-04-11 00:37:45,29.7,57.6,14.9,54.1,0.0,0.0,0.0
2026-04-11 00:37:50,29.5,57.7,0.0,54.1,0.0,0.0,0.0
2026-04-11 00:37:55,29.7,57.6,23.9,54.1,0.0,0.0,0.0
2026-04-11 00:38:00,29.6,57.6,2.8,54.1,0.0,0.0,0.0
2026-04-11 00:38:05,29.7,57.6,5.1,54.1,0.0,0.0,0.0
2026-04-11 00:38:10,29.5,57.7,15.5,54.1,0.0,0.0,0.0
2026-04-11 00:38:15,29.6,57.7,23.1,54.1,0.0,0.0,0.0
2026-04-11 00:38:20,29.5,57.8,13.5,54.1,0.0,0.0,0.0
2026-04-11 00:38:25,29.7,57.8,0.0,54.1,0.0,0.0,0.0
2026-04-11 00:38:30,29.6,57.9,11.1,54.1,0.0,0.0,0.0
2026-04-11 00:38:35,29.4,58.0,17.3,54.1,0.0,0.0,0.0
2026-04-11 00:38:40,29.6,58.1,14.0,54.1,0.0,0.0,0.0
2026-04-11 00:38:45,29.6,58.2,15.8,54.1,0.0,0.0,0.0
2026-04-11 00:38:50,29.7,58.1,0.0,54.1,0.0,0.0,0.0
2026-04-11 00:38:55,29.5,58.1,29.9,54.1,0.0,0.0,0.0
2026-04-11 00:39:00,29.6,58.1,34.0,54.1,0.0,0.0,0.0
2026-04-11 00:39:05,29.5,58.1,22.1,54.1,0.0,0.0,0.0
2026-04-11 00:39:10,29.4,58.1,6.4,54.1,0.0,0.0,0.0
2026-04-11 00:39:15,29.5,58.0,7.5,54.1,0.0,0.0,0.0
2026-04-11 00:39:20,29.6,57.9,24.6,54.1,0.0,0.0,0.0
2026-04-11 00:39:25,29.5,58.0,7.5,54.1,0.0,0.0,0.0
2026-04-11 00:39:30,29.5,58.0,8.4,54.1,0.0,0.0,0.0
2026-04-11 00:39:35,29.4,57.9,30.9,54.1,0.0,0.0,0.0
2026-04-11 00:39:40,29.5,57.9,4.7,54.1,0.0,0.0,0.0
2026-04-11 00:39:45,29.5,57.9,15.5,54.1,0.0,0.0,0.0
2026-04-11 00:39:50,29.7,57.8,17.6,54.1,0.0,0.0,0.0
2026-04-11 00:39:55,29.5,57.9,18.2,54.1,0.0,0.0,0.0
2026-04-11 00:40:00,29.7,57.8,27.4,54.1,0.0,0.0,0.0
2026-04-11 00:40:05,29.5,57.9,17.9,54.1,0.0,0.0,0.0
2026-04-11 00:40:10,29.4,58.0,22.3,54.1,0.0,0.0,0.0
2026-04-11 00:40:15,29.7,58.1,20.0,54.1,0.0,0.0,0.0
2026-04-11 00:40:20,29.5,58.3,27.7,54.1,0.0,0.0,0.0
2026-04-11 00:40:25,29.5,58.3,19.6,54.1,0.0,0.0,0.0
2026-04-11 00:40:30,29.6,58.2,2.2,54.1,0.0,0.0,0.0
2026-04-11 00:40:35,29.6,58.1,0.0,54.1,0.0,0.0,0.0
2026-04-11 00:40:40,29.6,58.0,18.4,54.1,0.0,0.0,0.0
2026-04-11 00:40:45,29.4,58.1,13.5,54.1,0.0,0.0,0.0
2026-04-11 00:40:50,29.5,58.0,7.3,54.1,0.0,0.0,0.0
2026-04-11 00:40:55,29.4,57.9,7.6,54.1,0.0,0.0,0.0
2026-04-11 00:41:00,29.6,57.9,3.4,54.1,0.0,0.0,0.0
2026-04-11 00:41:05,29.6,58.0,11.1,54.1,0.0,0.0,0.0
2026-04-11 00:41:10,29.4,58.0,20.4,54.1,0.0,0.0,0.0
2026-04-11 00:41:15,29.6,58.0,20.5,54.1,0.0,0.0,0.0
2026-04-11 00:41:20,29.6,57.9,13.7,54.1,0.0,0.0,0.0
2026-04-11 00:41:25,29.5,58.0,28.3,54.1,0.0,0.0,0.0
2026-04-11 00:41:30,29.5,57.9,11.6,54.1,0.0,0.0,0.0
2026-04-11 00:41:35,29.5,57.9,0.0,54.1,0.0,0.0,0.0
2026-04-11 00:41:40,29.6,57.8,18.2,54.1,0.0,0.0,0.0
2026-04-11 00:41:45,29.6,57.9,27.9,54.1,0.0,0.0,0.0
2026-04-11 00:41:50,29.5,57.9,26.0,54.1,0.0,0.0,0.0
2026-04-11 00:41:55,29.6,57.7,1.9,54.1,0.0,0.0,0.0
2026-04-11 00:42:00,29.6,57.9,33.8,54.1,0.0,0.0,0.0
2026-04-11 00:42:05,29.5,57.9,20.0,54.1,0.0,0.0,0.0
2026-04-11 00:42:10,29.5,57.8,6.6,54.1,0.0,0.0,0.0
2026-04-11 00:42:15,29.4,57.9,16.6,54.1,0.0,0.0,0.0
2026-04-11 00:42:20,29.5,57.8,19.2,54.1,0.0,0.0,0.0
2026-04-11 00:42:25,29.5,58.0,9.8,54.1,0.0,0.0,0.0
2026-04-11 00:42:30,29.6,57.9,15.4,54.1,0.0,0.0,0.0
2026-04-11 00:42:35,29.6,57.9,12.1,54.1,0.0,0.0,0.0
2026-04-11 00:42:40,29.6,57.8,6.3,54.1,0.0,0.0,0.0
2026-04-11 00:42:45,29.5,57.8,20.8,54.1,0.0,0.0,0.0
2026-04-11 00:42:50,29.6,57.9,16.1,54.1,0.0,0.0,0.0
2026-04-11 00:42:55,29.6,58.0,11.2,54.1,0.0,0.0,0.0
2026-04-11 00:43:00,29.4,57.8,0.0,54.1,0.0,0.0,0.0
2026-04-11 00:43:05,29.5,57.8,9.7,54.1,0.0,0.0,0.0
2026-04-11 00:43:10,29.4,57.9,15.4,54.1,0.0,0.0,0.0
2026-04-11 00:43:15,29.6,57.8,32.1,54.1,0.0,0.0,0.0
2026-04-11 00:43:20,29.4,58.0,23.1,54.1,0.0,0.0,0.0
2026-04-11 00:43:25,29.4,58.0,31.1,54.1,0.0,0.0,0.0
2026-04-11 00:43:30,29.3,58.0,31.7,54.1,0.0,0.0,0.0
2026-04-11 00:43:35,29.5,58.1,30.4,54.1,0.0,0.0,0.0
2026-04-11 00:43:40,29.5,58.0,22.7,54.1,0.0,0.0,0.0
2026-04-11 00:43:45,29.5,57.9,13.1,54.1,0.0,0.0,0.0
2026-04-11 00:43:50,29.6,57.9,8.3,54.1,0.0,0.0,0.0
2026-04-11 00:43:55,29.5,58.0,11.8,54.1,0.0,0.0,0.0
2026-04-11 00:44:00,29.5,58.0,19.6,54.1,0.0,0.0,0.0
2026-04-11 00:44:05,29.4,58.1,30.3,54.1,0.0,0.0,0.0
2026-04-11 00:44:10,29.5,57.9,11.1,54.1,0.0,0.0,0.0
2026-04-11 00:44:15,29.5,58.0,21.8,54.1,0.0,0.0,0.0
2026-04-11 00:44:20,29.6,58.1,25.9,54.1,0.0,0.0,0.0
2026-04-11 00:44:25,29.5,58.1,20.7,54.1,0.0,0.0,0.0
2026-04-11 00:44:30,29.4,58.2,39.8,54.1,0.0,0.0,0.0
2026-04-11 00:44:35,29.5,58.2,18.4,54.1,0.0,0.0,0.0
2026-04-11 00:44:40,29.5,58.3,17.9,54.1,0.0,0.0,0.0
2026-04-11 00:44:45,29.4,58.2,19.0,54.1,0.0,0.0,0.0
2026-04-11 00:44:50,29.4,58.2,26.8,54.1,0.0,0.0,0.0
2026-04-11 00:44:55,29.7,58.3,17.0,54.1,0.0,0.0,0.0
2026-04-11 00:45:00,29.4,58.3,14.6,54.1,0.0,0.0,0.0
2026-04-11 00:45:05,29.4,58.3,18.9,54.1,0.0,0.0,0.0
2026-04-11 00:45:10,29.4,58.3,23.9,54.1,0.0,0.0,0.0
2026-04-11 00:45:15,29.6,58.2,3.8,54.1,0.0,0.0,0.0
2026-04-11 00:45:20,29.5,58.2,8.6,54.1,0.0,0.0,0.0
2026-04-11 00:45:25,29.5,58.2,1.3,54.1,0.0,0.0,0.0
2026-04-11 00:45:30,29.4,58.2,0.0,54.1,0.0,0.0,0.0
2026-04-11 00:45:35,29.4,58.1,14.6,54.1,0.0,0.0,0.0
2026-04-11 00:45:40,29.7,58.0,15.8,54.1,0.0,0.0,0.0
2026-04-11 00:45:45,29.5,57.9,6.2,54.1,0.0,0.0,0.0
2026-04-11 00:45:50,29.6,57.9,18.0,54.1,0.0,0.0,0.0
2026-04-11 00:45:55,29.5,57.9,12.7,54.1,0.0,0.0,0.0
2026-04-11 00:46:00,29.3,57.7,13.8,54.1,0.0,0.0,0.0
2026-04-11 00:46:05,29.6,57.7,25.1,54.1,0.0,0.0,0.0
2026-04-11 00:46:10,29.4,57.9,18.0,54.1,0.0,0.0,0.0
2026-04-11 00:46:15,29.4,57.8,18.1,54.1,0.0,0.0,0.0
2026-04-11 00:46:20,29.5,57.8,12.4,54.1,0.0,0.0,0.0
2026-04-11 00:46:25,29.5,57.7,15.0,54.1,0.0,0.0,0.0
2026-04-11 00:46:30,29.4,57.7,17.4,54.1,0.0,0.0,0.0
2026-04-11 00:46:35,29.5,57.5,19.3,54.1,0.0,0.0,0.0
2026-04-11 00:46:40,29.6,57.4,24.9,54.1,0.0,0.0,0.0
2026-04-11 00:46:45,29.4,57.3,14.3,54.1,0.0,0.0,0.0
2026-04-11 00:46:50,29.6,57.2,15.3,54.1,0.0,0.0,0.0
2026-04-11 00:46:55,29.4,57.2,16.3,54.1,0.0,0.0,0.0
2026-04-11 00:47:00,29.4,57.3,9.0,54.1,0.0,0.0,0.0
2026-04-11 00:47:05,29.6,57.4,12.6,54.1,0.0,0.0,0.0
2026-04-11 00:47:10,29.4,57.3,5.2,54.1,0.0,0.0,0.0
2026-04-11 00:47:15,29.4,57.3,25.9,54.1,0.0,0.0,0.0
2026-04-11 00:47:20,29.6,57.3,13.8,54.1,0.0,0.0,0.0
2026-04-11 00:47:25,29.4,57.3,19.4,54.1,0.0,0.0,0.0
2026-04-11 00:47:30,29.4,57.2,4.3,54.1,0.0,0.0,0.0
2026-04-11 00:47:35,29.3,57.3,17.8,54.1,0.0,0.0,0.0
2026-04-11 00:47:40,29.6,57.4,9.2,54.1,0.0,0.0,0.0
2026-04-11 00:47:45,29.5,57.4,31.9,54.1,0.0,0.0,0.0
2026-04-11 00:47:50,29.5,57.5,7.8,54.1,0.0,0.0,0.0
2026-04-11 00:47:55,29.5,57.4,31.3,54.1,0.0,0.0,0.0
2026-04-11 00:48:00,29.6,57.4,20.0,54.1,0.0,0.0,0.0
2026-04-11 00:48:05,29.4,57.3,34.8,54.1,0.0,0.0,0.0
2026-04-11 00:48:10,29.5,57.4,19.3,54.1,0.0,0.0,0.0
2026-04-11 00:48:15,29.6,57.4,19.8,54.1,0.0,0.0,0.0
2026-04-11 00:48:20,29.4,57.3,16.4,54.1,0.0,0.0,0.0
2026-04-11 00:48:25,29.4,57.3,17.7,54.1,0.0,0.0,0.0
2026-04-11 00:48:30,29.4,57.5,16.9,54.1,0.0,0.0,0.0
2026-04-11 00:48:35,29.5,57.5,19.1,54.1,0.0,0.0,0.0
2026-04-11 00:48:40,29.5,57.4,11.0,54.1,0.0,0.0,0.0
2026-04-11 00:48:45,29.5,57.6,17.8,54.1,0.0,0.0,0.0
2026-04-11 00:48:50,29.4,57.7,0.0,54.1,0.0,0.0,0.0
2026-04-11 00:48:55,29.6,57.6,13.3,54.1,0.0,0.0,0.0
2026-04-11 00:49:00,29.5,57.6,9.7,54.1,0.0,0.0,0.0
2026-04-11 00:49:05,29.5,57.8,5.0,54.1,0.0,0.0,0.0
2026-04-11 00:49:10,29.5,57.7,14.8,54.1,0.0,0.0,0.0
2026-04-11 00:49:15,29.4,57.8,11.4,54.1,0.0,0.0,0.0
2026-04-11 00:49:20,29.4,57.8,0.0,54.1,0.0,0.0,0.0
2026-04-11 00:49:25,29.5,57.7,5.4,54.1,0.0,0.0,0.0
2026-04-11 00:49:30,29.6,57.9,12.2,54.1,0.0,0.0,0.0
2026-04-11 00:49:35,29.5,57.9,4.5,54.1,0.0,0.0,0.0
2026-04-11 00:49:40,29.5,58.0,8.0,54.1,0.0,0.0,0.0
2026-04-11 00:49:45,29.5,57.9,21.9,54.1,0.0,0.0,0.0
2026-04-11 00:49:50,29.6,57.9,5.6,54.1,0.0,0.0,0.0
2026-04-11 00:49:55,29.7,58.0,9.1,54.1,0.0,0.0,0.0
2026-04-11 00:50:00,29.6,57.9,0.0,54.1,0.0,0.0,0.0
2026-04-11 00:50:05,29.4,58.0,24.4,54.1,0.0,0.0,0.0
2026-04-11 00:50:10,29.5,57.9,10.0,54.1,0.0,0.0,0.0
2026-04-11 00:50:15,29.4,57.9,25.6,54.1,0.0,0.0,0.0
2026-04-11 00:50:20,29.5,58.0,20.5,54.1,0.0,0.0,0.0
2026-04-11 00:50:25,29.5,57.9,0.0,54.1,0.0,0.0,0.0
2026-04-11 00:50:30,29.4,58.0,11.2,54.1,0.0,0.0,0.0
2026-04-11 00:50:35,29.5,57.9,15.3,54.1,0.0,0.0,0.0
2026-04-11 00:50:40,29.5,58.0,28.0,54.1,0.0,0.0,0.0
2026-04-11 00:50:45,29.4,58.0,20.8,54.1,0.0,0.0,0.0
2026-04-11 00:50:50,29.5,58.0,11.9,54.1,0.0,0.0,0.0
2026-04-11 00:50:55,29.5,58.0,19.4,54.1,0.0,0.0,0.0
2026-04-11 00:51:00,29.5,57.9,29.8,54.1,0.0,0.0,0.0
2026-04-11 00:51:05,29.4,57.9,12.0,54.1,0.0,0.0,0.0
2026-04-11 00:51:10,29.5,57.9,24.3,54.1,0.0,0.0,0.0
2026-04-11 00:51:15,29.4,58.0,15.3,54.1,0.0,0.0,0.0
2026-04-11 00:51:20,29.3,58.1,18.6,54.1,0.0,0.0,0.0
2026-04-11 00:51:25,29.3,58.0,1.9,54.1,0.0,0.0,0.0
2026-04-11 00:51:30,29.5,57.9,31.4,54.1,0.0,0.0,0.0
2026-04-11 00:51:35,29.4,57.8,14.2,54.1,0.0,0.0,0.0
2026-04-11 00:51:40,29.4,57.8,9.0,54.1,0.0,0.0,0.0
2026-04-11 00:51:45,29.5,57.9,12.4,54.1,0.0,0.0,0.0
2026-04-11 00:51:50,29.2,57.9,16.9,54.1,0.0,0.0,0.0
2026-04-11 00:51:55,29.4,57.9,7.3,54.1,0.0,0.0,0.0
2026-04-11 00:52:00,29.5,58.0,0.0,54.1,0.0,0.0,0.0
2026-04-11 00:52:05,29.4,57.8,14.2,54.1,0.0,0.0,0.0
2026-04-11 00:52:10,29.5,57.8,4.7,54.1,0.0,0.0,0.0
2026-04-11 00:52:15,29.4,57.9,10.0,54.1,0.0,0.0,0.0
2026-04-11 00:52:20,29.4,57.9,21.2,54.1,0.0,0.0,0.0
2026-04-11 00:52:25,29.5,57.9,22.1,54.1,0.0,0.0,0.0
2026-04-11 00:52:30,29.4,57.8,20.3,54.1,0.0,0.0,0.0
2026-04-11 00:52:35,29.4,57.8,14.8,54.1,0.0,0.0,0.0
2026-04-11 00:52:40,29.5,57.8,7.8,54.1,0.0,0.0,0.0
2026-04-11 00:52:45,29.3,57.8,39.2,54.1,0.0,0.0,0.0
2026-04-11 00:52:50,29.4,57.9,10.0,54.1,0.0,0.0,0.0
2026-04-11 00:52:55,29.6,57.9,25.7,54.1,0.0,0.0,0.0
2026-04-11 00:53:00,29.5,57.8,20.3,54.1,0.0,0.0,0.0
2026-04-11 00:53:05,29.4,57.9,18.8,54.1,0.0,0.0,0.0
2026-04-11 00:53:10,29.5,57.8,23.1,54.1,0.0,0.0,0.0
2026-04-11 00:53:15,29.4,57.9,10.0,54.1,0.0,0.0,0.0
2026-04-11 00:53:20,29.5,57.9,23.0,54.1,0.0,0.0,0.0
2026-04-11 00:53:25,29.4,57.8,11.6,54.1,0.0,0.0,0.0
2026-04-11 00:53:30,29.5,57.8,0.0,54.1,0.0,0.0,0.0
2026-04-11 00:53:35,29.5,57.7,9.9,54.0,0.0,0.0,0.0
2026-04-11 00:53:40,29.6,57.7,20.6,54.0,0.0,0.0,0.0
2026-04-11 00:53:45,29.4,57.7,7.3,54.1,0.0,0.0,0.0
2026-04-11 00:53:50,29.5,57.5,19.5,54.1,0.0,0.0,0.0
2026-04-11 00:53:55,29.5,57.6,36.1,54.1,0.0,0.0,0.0
2026-04-11 00:54:00,29.6,57.6,13.5,54.1,0.0,0.0,0.0
2026-04-11 00:54:05,29.4,57.6,12.2,54.1,0.0,0.0,0.0
2026-04-11 00:54:10,29.4,57.5,14.7,54.1,0.0,0.0,0.0
2026-04-11 00:54:15,29.3,57.5,0.0,54.1,0.0,0.0,0.0
2026-04-11 00:54:20,29.6,57.5,11.7,54.1,0.0,0.0,0.0
2026-04-11 00:54:25,29.4,57.5,2.1,54.1,0.0,0.0,0.0
2026-04-11 00:54:30,29.5,57.5,21.7,54.1,0.0,0.0,0.0
2026-04-11 00:54:35,29.6,57.5,25.9,54.1,0.0,0.0,0.0
2026-04-11 00:54:40,29.4,57.5,14.8,54.1,0.0,0.0,0.0
2026-04-11 00:54:45,29.5,57.5,9.9,54.1,0.0,0.0,0.0
2026-04-11 00:54:50,29.5,57.6,30.0,54.1,0.0,0.0,0.0
2026-04-11 00:54:55,29.5,57.6,8.1,54.1,0.0,0.0,0.0
2026-04-11 00:55:00,29.5,57.5,25.9,54.1,0.0,0.0,0.0
2026-04-11 00:55:05,29.4,57.5,18.9,54.1,0.0,0.0,0.0
2026-04-11 00:55:10,29.3,57.6,24.2,54.1,0.0,0.0,0.0
2026-04-11 00:55:15,29.4,57.5,5.2,54.1,0.0,0.0,0.0
2026-04-11 00:55:20,29.4,57.6,2.6,54.1,0.0,0.0,0.0
2026-04-11 00:55:25,29.5,57.6,10.9,54.1,0.0,0.0,0.0
2026-04-11 00:55:30,29.4,57.6,12.3,54.1,0.0,0.0,0.0
2026-04-11 00:55:35,29.4,57.5,6.3,54.1,0.0,0.0,0.0
2026-04-11 00:55:40,29.4,57.7,12.6,54.1,0.0,0.0,0.0
2026-04-11 00:55:45,29.5,57.7,18.3,54.1,0.0,0.0,0.0
2026-04-11 00:55:50,29.4,57.8,7.2,54.1,0.0,0.0,0.0
2026-04-11 00:55:55,29.4,57.7,22.7,54.1,0.0,0.0,0.0
2026-04-11 00:56:00,29.5,57.8,6.0,54.1,0.0,0.0,0.0
2026-04-11 00:56:05,29.3,57.8,18.5,54.1,0.0,0.0,0.0
2026-04-11 00:56:10,29.5,57.8,26.4,54.1,0.0,0.0,0.0
2026-04-11 00:56:15,29.4,57.8,13.1,54.1,0.0,0.0,0.0
2026-04-11 00:56:20,29.4,57.9,22.1,54.1,0.0,0.0,0.0
2026-04-11 00:56:25,29.3,57.9,22.9,54.1,0.0,0.0,0.0
2026-04-11 00:56:30,29.5,58.0,20.8,54.1,0.0,0.0,0.0
2026-04-11 00:56:35,29.6,58.0,7.7,54.1,0.0,0.0,0.0
2026-04-11 00:56:40,29.5,57.9,19.0,54.1,0.0,0.0,0.0
2026-04-11 00:56:45,29.5,58.0,14.1,54.1,0.0,0.0,0.0
2026-04-11 00:56:50,29.4,58.1,17.4,54.1,0.0,0.0,0.0
2026-04-11 00:56:55,29.4,58.0,18.1,54.1,0.0,0.0,0.0
2026-04-11 00:57:00,29.4,57.8,22.6,54.1,0.0,0.0,0.0
2026-04-11 00:57:05,29.4,57.7,19.5,54.1,0.0,0.0,0.0
2026-04-11 00:57:10,29.4,57.7,6.3,54.1,0.0,0.0,0.0
2026-04-11 00:57:15,29.4,57.6,24.3,54.1,0.0,0.0,0.0
2026-04-11 00:57:20,29.3,57.8,7.5,54.1,0.0,0.0,0.0
2026-04-11 00:57:25,29.6,57.9,37.6,54.1,0.0,0.0,0.0
2026-04-11 00:57:30,29.4,57.8,10.8,54.1,0.0,0.0,0.0
2026-04-11 00:57:35,29.5,57.8,30.9,54.1,0.0,0.0,0.0
2026-04-11 00:57:40,29.4,57.7,3.6,54.1,0.0,0.0,0.0
2026-04-11 00:57:45,29.6,57.8,21.7,54.1,0.0,0.0,0.0
2026-04-11 00:57:50,29.5,57.8,19.9,54.1,0.0,0.0,0.0
2026-04-11 00:57:55,29.4,57.7,2.1,54.1,0.0,0.0,0.0
2026-04-11 00:58:00,29.3,57.8,28.1,54.1,0.0,0.0,0.0
2026-04-11 00:58:05,29.4,57.9,11.6,54.1,0.0,0.0,0.0
2026-04-11 00:58:10,29.6,57.9,32.9,54.2,0.0,0.0,0.0
2026-04-11 00:58:15,29.5,57.9,6.9,54.2,0.0,0.0,0.0
2026-04-11 00:58:20,29.2,57.9,8.0,54.1,0.0,0.0,0.0
2026-04-11 00:58:25,29.5,58.0,17.2,54.1,0.0,0.0,0.0
2026-04-11 00:58:30,29.4,58.0,15.9,54.1,0.0,0.0,0.0
2026-04-11 00:58:35,29.5,58.0,13.7,54.1,0.0,0.0,0.0
2026-04-11 00:58:40,29.4,58.0,2.6,54.1,0.0,0.0,0.0
2026-04-11 00:58:45,29.5,58.0,24.5,54.1,0.0,0.0,0.0
2026-04-11 00:58:50,29.4,58.1,0.0,54.1,0.0,0.0,0.0
2026-04-11 00:58:55,29.5,58.2,3.2,54.1,0.0,0.0,0.0
2026-04-11 00:59:00,29.4,58.3,1.4,54.1,0.0,0.0,0.0
2026-04-11 00:59:05,29.3,58.3,3.5,54.1,0.0,0.0,0.0
2026-04-11 00:59:10,29.5,58.3,0.9,54.1,0.0,0.0,0.0
2026-04-11 00:59:15,29.5,58.3,27.4,54.1,0.0,0.0,0.0
2026-04-11 00:59:20,29.5,58.4,33.5,54.1,0.0,0.0,0.0
2026-04-11 00:59:25,29.5,58.4,14.8,54.1,0.0,0.0,0.0
2026-04-11 00:59:30,29.5,58.3,12.0,54.1,0.0,0.0,0.0
2026-04-11 00:59:35,29.3,58.3,17.3,54.1,0.0,0.0,0.0
2026-04-11 00:59:40,29.5,58.3,17.8,54.1,0.0,0.0,0.0
2026-04-11 00:59:45,29.3,58.2,8.6,54.1,0.0,0.0,0.0
2026-04-11 00:59:50,29.3,58.2,2.5,54.1,0.0,0.0,0.0
2026-04-11 00:59:55,29.4,58.3,22.1,54.1,0.0,0.0,0.0
2026-04-11 01:00:00,29.6,58.4,11.5,54.1,0.0,0.0,0.0
2026-04-11 01:00:05,29.5,58.5,15.3,54.1,0.0,0.0,0.0
2026-04-11 01:00:10,29.5,58.5,16.0,54.1,0.0,0.0,0.0
2026-04-11 01:00:15,29.4,58.5,26.7,54.1,0.0,0.0,0.0
2026-04-11 01:00:20,29.5,58.5,15.5,54.1,0.0,0.0,0.0
2026-04-11 01:00:25,29.5,58.5,28.0,54.1,0.0,0.0,0.0
2026-04-11 01:00:30,29.4,58.4,31.3,54.1,0.0,0.0,0.0
2026-04-11 01:00:35,29.4,58.4,21.4,54.0,0.0,0.0,0.0
2026-04-11 01:00:40,29.5,58.3,8.9,54.0,0.0,0.0,0.0
2026-04-11 01:00:45,29.5,58.2,6.9,54.0,0.0,0.0,0.0
2026-04-11 01:00:50,29.5,58.4,29.4,54.0,0.0,0.0,0.0
2026-04-11 01:00:55,29.6,58.4,27.1,54.0,0.0,0.0,0.0
2026-04-11 01:01:00,29.5,58.4,1.7,54.1,0.0,0.0,0.0
2026-04-11 01:01:05,29.7,58.4,26.3,54.1,0.0,0.0,0.0
2026-04-11 01:01:10,29.5,58.3,6.0,54.1,0.0,0.0,0.0
2026-04-11 01:01:15,29.3,58.3,7.2,54.1,0.0,0.0,0.0
2026-04-11 01:01:20,29.6,58.3,13.7,54.1,0.0,0.0,0.0
2026-04-11 01:01:25,29.5,58.3,34.1,54.1,0.0,0.0,0.0
2026-04-11 01:01:30,29.6,58.3,25.8,54.1,0.0,0.0,0.0
2026-04-11 01:01:35,29.4,58.2,1.5,54.1,0.0,0.0,0.0
2026-04-11 01:01:40,29.4,58.2,10.2,54.1,0.0,0.0,0.0
2026-04-11 01:01:45,29.3,58.2,21.8,54.1,0.0,0.0,0.0
2026-04-11 01:01:50,29.3,58.3,27.8,54.1,0.0,0.0,0.0
2026-04-11 01:01:55,29.5,58.4,17.8,54.1,0.0,0.0,0.0
2026-04-11 01:02:00,29.5,58.3,20.7,54.1,0.0,0.0,0.0
2026-04-11 01:02:05,29.5,58.3,19.5,54.1,0.0,0.0,0.0
2026-04-11 01:02:10,29.4,58.1,7.2,54.1,0.0,0.0,0.0
2026-04-11 01:02:15,29.4,58.1,4.8,54.1,0.0,0.0,0.0
2026-04-11 01:02:20,29.5,58.1,28.9,54.1,0.0,0.0,0.0
2026-04-11 01:02:25,29.5,58.1,43.1,54.1,0.0,0.0,0.0
2026-04-11 01:02:30,29.6,58.1,11.4,54.1,0.0,0.0,0.0
2026-04-11 01:02:35,29.5,58.1,8.8,54.1,0.0,0.0,0.0
2026-04-11 01:02:40,29.5,58.1,12.4,54.1,0.0,0.0,0.0
2026-04-11 01:02:45,29.5,58.1,25.1,54.1,0.0,0.0,0.0
2026-04-11 01:02:50,29.4,58.2,8.3,54.1,0.0,0.0,0.0
2026-04-11 01:02:55,29.6,58.1,16.1,54.1,0.0,0.0,0.0
2026-04-11 01:03:00,29.5,58.0,4.0,54.1,0.0,0.0,0.0
2026-04-11 01:03:05,29.4,58.1,28.2,54.1,0.0,0.0,0.0
2026-04-11 01:03:10,29.4,58.2,0.0,54.1,0.0,0.0,0.0
2026-04-11 01:03:15,29.5,58.1,8.8,54.1,0.0,0.0,0.0
2026-04-11 01:03:20,29.5,58.2,20.8,54.1,0.0,0.0,0.0
2026-04-11 01:03:25,29.5,58.2,27.3,54.1,0.0,0.0,0.0
2026-04-11 01:03:30,29.5,58.2,11.9,54.1,0.0,0.0,0.0
2026-04-11 01:03:35,29.4,58.2,24.0,54.1,0.0,0.0,0.0
2026-04-11 01:03:40,29.4,58.3,8.5,54.1,0.0,0.0,0.0
2026-04-11 01:03:45,29.5,58.3,3.3,54.1,0.0,0.0,0.0
2026-04-11 01:03:50,29.5,58.2,19.5,54.1,0.0,0.0,0.0
2026-04-11 01:03:55,29.3,58.1,18.0,54.1,0.0,0.0,0.0
2026-04-11 01:04:00,29.5,58.2,5.0,54.1,0.0,0.0,0.0
2026-04-11 01:04:05,29.5,58.2,12.9,54.1,0.0,0.0,0.0
2026-04-11 01:04:10,29.5,58.3,0.0,54.1,0.0,0.0,0.0
2026-04-11 01:04:15,29.6,58.2,7.2,54.1,0.0,0.0,0.0
2026-04-11 01:04:20,29.4,58.2,25.8,54.1,0.0,0.0,0.0
2026-04-11 01:04:25,29.5,58.1,17.7,54.1,0.0,0.0,0.0
2026-04-11 01:04:30,29.4,58.0,13.3,54.1,0.0,0.0,0.0
2026-04-11 01:04:35,29.4,58.0,13.7,54.1,0.0,0.0,0.0
2026-04-11 01:04:40,29.5,58.1,5.6,54.1,0.0,0.0,0.0
2026-04-11 01:04:45,29.7,58.0,21.6,54.1,0.0,0.0,0.0
2026-04-11 01:04:50,29.5,58.0,16.2,54.1,0.0,0.0,0.0
2026-04-11 01:04:55,29.6,58.1,12.0,54.1,0.0,0.0,0.0
2026-04-11 01:05:00,29.6,58.2,8.3,54.1,0.0,0.0,0.0
2026-04-11 01:05:05,29.5,58.2,5.5,54.1,0.0,0.0,0.0
2026-04-11 01:05:10,29.5,58.3,23.5,54.1,0.0,0.0,0.0
2026-04-11 01:05:15,29.5,58.3,11.3,54.1,0.0,0.0,0.0
2026-04-11 01:05:20,29.4,58.1,3.8,54.1,0.0,0.0,0.0
2026-04-11 01:05:25,29.4,58.1,8.4,54.1,0.0,0.0,0.0
2026-04-11 01:05:30,29.4,58.1,4.3,54.1,0.0,0.0,0.0
2026-04-11 01:05:35,29.5,58.1,1.5,54.1,0.0,0.0,0.0
2026-04-11 01:05:40,29.6,58.2,13.1,54.1,0.0,0.0,0.0
2026-04-11 01:05:45,29.6,58.2,15.5,54.1,0.0,0.0,0.0
2026-04-11 01:05:50,29.4,58.2,3.0,54.1,0.0,0.0,0.0
2026-04-11 01:05:55,29.5,58.2,6.1,54.1,0.0,0.0,0.0
2026-04-11 01:06:00,29.4,58.3,15.9,54.1,0.0,0.0,0.0
2026-04-11 01:06:05,29.4,58.3,18.2,54.1,0.0,0.0,0.0
2026-04-11 01:06:10,29.5,58.4,16.3,54.1,0.0,0.0,0.0
2026-04-11 01:06:15,29.4,58.4,31.5,54.1,0.0,0.0,0.0
2026-04-11 01:06:20,29.5,58.4,23.7,54.2,0.0,0.0,0.0
2026-04-11 01:06:25,29.5,58.4,23.1,54.2,0.0,0.0,0.0
2026-04-11 01:06:30,29.4,58.3,27.5,54.2,0.0,0.0,0.0
2026-04-11 01:06:35,29.4,58.3,0.0,54.2,0.0,0.0,0.0
2026-04-11 01:06:40,29.5,58.3,14.6,54.2,0.0,0.0,0.0
2026-04-11 01:06:45,29.4,58.2,12.0,54.2,0.0,0.0,0.0
2026-04-11 01:06:50,29.5,58.3,26.0,54.2,0.0,0.0,0.0
2026-04-11 01:06:55,29.4,58.2,11.7,54.1,0.0,0.0,0.0
2026-04-11 01:07:00,29.5,58.0,10.5,54.1,0.0,0.0,0.0
2026-04-11 01:07:05,29.4,58.1,27.6,54.1,0.0,0.0,0.0
2026-04-11 01:07:10,29.6,58.1,0.0,54.1,0.0,0.0,0.0
2026-04-11 01:07:15,29.4,58.1,31.0,54.1,0.0,0.0,0.0
2026-04-11 01:07:20,29.5,58.1,13.0,54.1,0.0,0.0,0.0
2026-04-11 01:07:25,29.5,58.1,29.0,54.1,0.0,0.0,0.0
2026-04-11 01:07:30,29.7,57.9,8.2,54.1,0.0,0.0,0.0
2026-04-11 01:07:35,29.5,58.0,0.0,54.1,0.0,0.0,0.0
2026-04-11 01:07:40,29.4,57.9,23.6,54.1,0.0,0.0,0.0
2026-04-11 01:07:45,29.5,58.0,25.5,54.1,0.0,0.0,0.0
2026-04-11 01:07:50,29.6,58.0,5.9,54.1,0.0,0.0,0.0
2026-04-11 01:07:55,29.3,58.0,30.8,54.1,0.0,0.0,0.0
2026-04-11 01:08:00,29.5,58.0,14.0,54.1,0.0,0.0,0.0
2026-04-11 01:08:05,29.6,58.1,18.5,54.1,0.0,0.0,0.0
2026-04-11 01:08:10,29.5,58.3,18.6,54.1,0.0,0.0,0.0
2026-04-11 01:08:15,29.5,58.1,23.3,54.1,0.0,0.0,0.0
2026-04-11 01:08:20,29.4,58.1,13.8,54.1,0.0,0.0,0.0
2026-04-11 01:08:25,29.4,58.1,6.2,54.1,0.0,0.0,0.0
2026-04-11 01:08:30,29.6,58.0,2.4,54.1,0.0,0.0,0.0
2026-04-11 01:08:35,29.5,58.0,15.8,54.1,0.0,0.0,0.0
2026-04-11 01:08:40,29.6,57.9,9.9,54.1,0.0,0.0,0.0
2026-04-11 01:08:45,29.6,57.8,22.7,54.1,0.0,0.0,0.0
2026-04-11 01:08:50,29.5,57.8,23.1,54.1,0.0,0.0,0.0
2026-04-11 01:08:55,29.5,58.0,17.6,54.1,0.0,0.0,0.0
2026-04-11 01:09:00,29.6,58.0,4.7,54.1,0.0,0.0,0.0
2026-04-11 01:09:05,29.6,58.0,22.0,54.1,0.0,0.0,0.0
2026-04-11 01:09:10,29.5,58.0,15.7,54.1,0.0,0.0,0.0
2026-04-11 01:09:15,29.5,57.9,35.4,54.1,0.0,0.0,0.0
2026-04-11 01:09:20,29.5,57.9,24.5,54.1,0.0,0.0,0.0
2026-04-11 01:09:25,29.3,58.0,23.5,54.1,0.0,0.0,0.0
2026-04-11 01:09:30,29.6,58.1,2.2,54.1,0.0,0.0,0.0
2026-04-11 01:09:35,29.6,58.0,30.4,54.1,0.0,0.0,0.0
2026-04-11 01:09:40,29.5,58.1,24.6,54.1,0.0,0.0,0.0
2026-04-11 01:09:45,29.6,58.2,19.9,54.1,0.0,0.0,0.0
2026-04-11 01:09:50,29.6,58.1,45.9,54.1,0.0,0.0,0.0
2026-04-11 01:09:55,29.6,58.1,9.0,54.1,0.0,0.0,0.0
2026-04-11 01:10:00,29.6,58.0,0.0,54.1,0.0,0.0,0.0
2026-04-11 01:10:05,29.6,58.0,11.5,54.1,0.0,0.0,0.0
2026-04-11 01:10:10,29.4,58.0,25.6,54.1,0.0,0.0,0.0
2026-04-11 01:10:15,29.6,58.0,19.7,54.1,0.0,0.0,0.0
2026-04-11 01:10:20,29.5,58.0,18.1,54.1,0.0,0.0,0.0
2026-04-11 01:10:25,29.6,58.0,16.5,54.1,0.0,0.0,0.0
2026-04-11 01:10:30,29.6,57.9,0.0,54.1,0.0,0.0,0.0
2026-04-11 01:10:35,29.4,57.9,31.1,54.1,0.0,0.0,0.0
2026-04-11 01:10:40,29.6,58.0,25.7,54.1,0.0,0.0,0.0
2026-04-11 01:10:45,29.5,57.9,18.8,54.1,0.0,0.0,0.0
2026-04-11 01:10:50,29.5,57.9,32.3,54.1,0.0,0.0,0.0
2026-04-11 01:10:55,29.6,58.0,11.9,54.1,0.0,0.0,0.0
2026-04-11 01:11:00,29.5,58.1,1.2,54.1,0.0,0.0,0.0
2026-04-11 01:11:05,29.4,58.1,26.2,54.1,0.0,0.0,0.0
2026-04-11 01:11:10,29.6,58.0,11.5,54.1,0.0,0.0,0.0
2026-04-11 01:11:15,29.3,58.0,10.6,54.1,0.0,0.0,0.0
2026-04-11 01:11:20,29.4,58.1,34.2,54.1,0.0,0.0,0.0
2026-04-11 01:11:25,29.5,58.2,5.5,54.1,0.0,0.0,0.0
2026-04-11 01:11:30,29.4,58.1,4.5,54.2,0.0,0.0,0.0
2026-04-11 01:11:35,29.6,58.2,2.8,54.2,0.0,0.0,0.0
2026-04-11 01:11:40,29.5,58.2,6.8,54.1,0.0,0.0,0.0
2026-04-11 01:11:45,29.5,58.2,5.7,54.1,0.0,0.0,0.0
2026-04-11 01:11:50,29.4,58.1,0.0,54.1,0.0,0.0,0.0
2026-04-11 01:11:55,29.5,58.2,14.9,54.1,0.0,0.0,0.0
2026-04-11 01:12:00,29.7,58.1,5.4,54.1,0.0,0.0,0.0
2026-04-11 01:12:05,29.5,58.1,15.6,54.1,0.0,0.0,0.0
2026-04-11 01:12:10,29.4,58.0,20.5,54.1,0.0,0.0,0.0
2026-04-11 01:12:15,29.5,58.0,0.0,54.0,0.0,0.0,0.0
2026-04-11 01:12:20,29.4,57.9,9.9,54.0,0.0,0.0,0.0
2026-04-11 01:12:25,29.5,57.8,8.4,54.1,0.0,0.0,0.0
2026-04-11 01:12:30,29.5,57.8,13.8,54.1,0.0,0.0,0.0
2026-04-11 01:12:35,29.6,58.0,1.5,54.1,0.0,0.0,0.0
2026-04-11 01:12:40,29.4,57.9,0.0,54.1,0.0,0.0,0.0
2026-04-11 01:12:45,29.5,57.7,11.2,54.1,0.0,0.0,0.0
2026-04-11 01:12:50,29.4,57.8,0.0,54.1,0.0,0.0,0.0
2026-04-11 01:12:55,29.5,57.7,17.6,54.1,0.0,0.0,0.0
2026-04-11 01:13:00,29.6,57.7,19.4,54.1,0.0,0.0,0.0
2026-04-11 01:13:05,29.5,57.8,18.8,54.1,0.0,0.0,0.0
2026-04-11 01:13:10,29.5,57.9,17.6,54.1,0.0,0.0,0.0
2026-04-11 01:13:15,29.6,57.8,25.4,54.1,0.0,0.0,0.0
2026-04-11 01:13:20,29.6,57.6,19.0,54.1,0.0,0.0,0.0
2026-04-11 01:13:25,29.5,57.5,10.0,54.1,0.0,0.0,0.0
2026-04-11 01:13:30,29.4,57.5,17.5,54.1,0.0,0.0,0.0
2026-04-11 01:13:35,29.5,57.4,9.6,54.1,0.0,0.0,0.0
2026-04-11 01:13:40,29.4,57.4,7.1,54.1,0.0,0.0,0.0
2026-04-11 01:13:45,29.7,57.4,0.0,54.1,0.0,0.0,0.0
2026-04-11 01:13:50,29.6,57.3,12.9,54.1,0.0,0.0,0.0
2026-04-11 01:13:55,29.5,57.3,14.6,54.1,0.0,0.0,0.0
2026-04-11 01:14:00,29.5,57.3,12.0,54.1,0.0,0.0,0.0
2026-04-11 01:14:05,29.6,57.3,8.1,54.1,0.0,0.0,0.0
2026-04-11 01:14:10,29.6,57.2,9.7,54.1,0.0,0.0,0.0
2026-04-11 01:14:15,29.4,57.1,21.0,54.1,0.0,0.0,0.0
2026-04-11 01:14:20,29.6,57.1,10.8,54.1,0.0,0.0,0.0
2026-04-11 01:14:25,29.5,57.1,14.7,54.1,0.0,0.0,0.0
2026-04-11 01:14:30,29.6,57.2,20.9,54.1,0.0,0.0,0.0
2026-04-11 01:14:35,29.6,57.3,18.9,54.1,0.0,0.0,0.0
2026-04-11 01:14:40,29.4,57.2,14.0,54.1,0.0,0.0,0.0
2026-04-11 01:14:45,29.7,57.2,19.9,54.1,0.0,0.0,0.0
2026-04-11 01:14:50,29.6,57.2,8.9,54.1,0.0,0.0,0.0
2026-04-11 01:14:55,29.7,57.0,21.8,54.1,0.0,0.0,0.0
2026-04-11 01:15:00,29.6,57.0,3.1,54.1,0.0,0.0,0.0
2026-04-11 01:15:05,29.4,57.0,14.4,54.1,0.0,0.0,0.0
2026-04-11 01:15:10,29.6,57.1,7.7,54.1,0.0,0.0,0.0
2026-04-11 01:15:15,29.6,57.1,9.8,54.1,0.0,0.0,0.0
2026-04-11 01:15:20,29.5,57.2,17.6,54.1,0.0,0.0,0.0
2026-04-11 01:15:25,29.7,57.0,12.2,54.1,0.0,0.0,0.0
2026-04-11 01:15:30,29.3,57.1,17.2,54.1,0.0,0.0,0.0
2026-04-11 01:15:35,29.4,57.1,10.3,54.1,0.0,0.0,0.0
2026-04-11 01:15:40,29.5,57.2,10.4,54.1,0.0,0.0,0.0
2026-04-11 01:15:45,29.5,57.0,0.0,54.1,0.0,0.0,0.0
2026-04-11 01:15:50,29.6,57.1,15.3,54.1,0.0,0.0,0.0
2026-04-11 01:15:55,29.5,57.0,17.9,54.1,0.0,0.0,0.0
2026-04-11 01:16:00,29.5,57.1,17.4,54.1,0.0,0.0,0.0
2026-04-11 01:16:05,29.7,57.1,2.6,54.1,0.0,0.0,0.0
2026-04-11 01:16:10,29.6,57.2,6.9,54.1,0.0,0.0,0.0
2026-04-11 01:16:15,29.6,57.1,30.3,54.1,0.0,0.0,0.0
2026-04-11 01:16:20,29.6,57.1,24.6,54.1,0.0,0.0,0.0
2026-04-11 01:16:25,29.7,57.2,8.7,54.1,0.0,0.0,0.0
2026-04-11 01:16:30,29.5,57.1,13.8,54.1,0.0,0.0,0.0
2026-04-11 01:16:35,29.6,57.1,16.2,54.1,0.0,0.0,0.0
2026-04-11 01:16:40,29.5,57.0,15.0,54.1,0.0,0.0,0.0
2026-04-11 01:16:45,29.5,57.2,9.8,54.1,0.0,0.0,0.0
2026-04-11 01:16:50,29.6,57.3,8.2,54.1,0.0,0.0,0.0
2026-04-11 01:16:55,29.6,57.3,15.8,54.1,0.0,0.0,0.0
2026-04-11 01:17:00,29.4,57.3,15.7,54.1,0.0,0.0,0.0
2026-04-11 01:17:05,29.5,57.3,16.1,54.1,0.0,0.0,0.0
2026-04-11 01:17:10,29.5,57.4,31.8,54.1,0.0,0.0,0.0
2026-04-11 01:17:15,29.6,57.5,19.3,54.1,0.0,0.0,0.0
2026-04-11 01:17:20,29.4,57.6,15.0,54.1,0.0,0.0,0.0
2026-04-11 01:17:25,29.5,57.6,0.0,54.1,0.0,0.0,0.0
2026-04-11 01:17:30,29.5,57.8,20.1,54.1,0.0,0.0,0.0
2026-04-11 01:17:35,29.4,57.9,7.7,54.1,0.0,0.0,0.0
2026-04-11 01:17:40,29.4,57.9,21.7,54.1,0.0,0.0,0.0
2026-04-11 01:17:45,29.5,58.0,0.9,54.1,0.0,0.0,0.0
2026-04-11 01:17:50,29.4,57.9,32.6,54.1,0.0,0.0,0.0
2026-04-11 01:17:55,29.5,57.8,5.7,54.1,0.0,0.0,0.0
2026-04-11 01:18:00,29.6,57.8,11.6,54.1,0.0,0.0,0.0
2026-04-11 01:18:05,29.4,57.8,6.4,54.1,0.0,0.0,0.0
2026-04-11 01:18:10,29.7,57.8,9.6,54.1,0.0,0.0,0.0
2026-04-11 01:18:15,29.5,57.9,7.1,54.0,0.0,0.0,0.0
2026-04-11 01:18:20,29.4,58.1,23.3,54.0,0.0,0.0,0.0
2026-04-11 01:18:25,29.5,58.0,7.6,54.0,0.0,0.0,0.0
2026-04-11 01:18:30,29.5,58.0,12.4,54.1,0.0,0.0,0.0
2026-04-11 01:18:35,29.4,58.0,26.1,54.1,0.0,0.0,0.0
2026-04-11 01:18:40,29.6,58.0,26.2,54.1,0.0,0.0,0.0
2026-04-11 01:18:45,29.5,58.0,0.1,54.1,0.0,0.0,0.0
2026-04-11 01:18:50,29.5,58.0,24.5,54.1,0.0,0.0,0.0
2026-04-11 01:18:55,29.6,58.0,0.0,54.1,0.0,0.0,0.0
2026-04-11 01:19:00,29.4,58.1,33.6,54.1,0.0,0.0,0.0
2026-04-11 01:19:05,29.6,58.2,12.0,54.1,0.0,0.0,0.0
2026-04-11 01:19:10,29.5,58.2,12.6,54.1,0.0,0.0,0.0
2026-04-11 01:19:15,29.3,58.2,17.9,54.1,0.0,0.0,0.0
2026-04-11 01:19:20,29.5,57.9,2.7,54.1,0.0,0.0,0.0
2026-04-11 01:19:25,29.6,57.9,30.3,54.1,0.0,0.0,0.0
2026-04-11 01:19:30,29.4,58.0,16.9,54.1,0.0,0.0,0.0
2026-04-11 01:19:35,29.4,58.0,25.8,54.1,0.0,0.0,0.0
2026-04-11 01:19:40,29.5,58.0,21.2,54.1,0.0,0.0,0.0
2026-04-11 01:19:45,29.3,58.1,20.7,54.1,0.0,0.0,0.0
2026-04-11 01:19:50,29.3,58.1,15.8,54.1,0.0,0.0,0.0
2026-04-11 01:19:55,29.3,58.1,0.0,54.1,0.0,0.0,0.0
2026-04-11 01:20:00,29.4,58.2,21.4,54.1,0.0,0.0,0.0
2026-04-11 01:20:05,29.4,58.0,37.9,54.1,0.0,0.0,0.0
2026-04-11 01:20:10,29.4,58.0,16.1,54.1,0.0,0.0,0.0
2026-04-11 01:20:15,29.5,58.0,7.4,54.1,0.0,0.0,0.0
2026-04-11 01:20:20,29.3,58.0,12.1,54.1,0.0,0.0,0.0
2026-04-11 01:20:25,29.3,58.1,31.8,54.1,0.0,0.0,0.0
2026-04-11 01:20:30,29.4,58.0,13.1,54.1,0.0,0.0,0.0
2026-04-11 01:20:35,29.3,58.1,17.1,54.1,0.0,0.0,0.0
2026-04-11 01:20:40,29.3,58.1,14.8,54.1,0.0,0.0,0.0
2026-04-11 01:20:45,29.5,58.0,2.4,54.1,0.0,0.0,0.0
2026-04-11 01:20:50,29.5,58.1,13.6,54.1,0.0,0.0,0.0
2026-04-11 01:20:55,29.3,58.2,0.0,54.2,0.0,0.0,0.0
2026-04-11 01:21:00,29.4,58.2,22.2,54.2,0.0,0.0,0.0
2026-04-11 01:21:05,29.5,58.2,20.0,54.1,0.0,0.0,0.0
2026-04-11 01:21:10,29.5,58.2,25.7,54.1,0.0,0.0,0.0
2026-04-11 01:21:15,29.3,58.3,0.0,54.1,0.0,0.0,0.0
2026-04-11 01:21:20,29.4,58.2,9.6,54.1,0.0,0.0,0.0
2026-04-11 01:21:25,29.3,58.1,19.8,54.1,0.0,0.0,0.0
2026-04-11 01:21:30,29.4,58.1,18.1,54.1,0.0,0.0,0.0
2026-04-11 01:21:35,29.4,58.0,22.2,54.1,0.0,0.0,0.0
2026-04-11 01:21:40,29.3,58.0,27.9,54.1,0.0,0.0,0.0
2026-04-11 01:21:45,29.6,58.0,17.5,54.1,0.0,0.0,0.0
2026-04-11 01:21:50,29.4,58.0,10.4,54.1,0.0,0.0,0.0
2026-04-11 01:21:55,29.2,58.0,4.1,54.1,0.0,0.0,0.0
2026-04-11 01:22:00,29.4,57.9,17.4,54.1,0.0,0.0,0.0
2026-04-11 01:22:05,29.3,58.0,9.4,54.1,0.0,0.0,0.0
2026-04-11 01:22:10,29.4,58.0,15.5,54.1,0.0,0.0,0.0
2026-04-11 01:22:15,29.3,58.1,5.2,54.1,0.0,0.0,0.0
2026-04-11 01:22:20,29.3,58.1,27.6,54.1,0.0,0.0,0.0
2026-04-11 01:22:25,29.4,58.2,11.2,54.1,0.0,0.0,0.0
2026-04-11 01:22:30,29.4,58.3,13.3,54.1,0.0,0.0,0.0
2026-04-11 01:22:35,29.4,58.2,4.5,54.1,0.0,0.0,0.0
2026-04-11 01:22:40,29.4,58.3,28.5,54.1,0.0,0.0,0.0
2026-04-11 01:22:45,29.3,58.3,21.7,54.1,0.0,0.0,0.0
2026-04-11 01:22:50,29.4,58.3,6.9,54.1,0.0,0.0,0.0
2026-04-11 01:22:55,29.4,58.4,21.6,54.1,0.0,0.0,0.0
2026-04-11 01:23:00,29.3,58.4,26.8,54.1,0.0,0.0,0.0
2026-04-11 01:23:05,29.3,58.3,17.3,54.1,0.0,0.0,0.0
2026-04-11 01:23:10,29.5,58.3,3.5,54.1,0.0,0.0,0.0
2026-04-11 01:23:15,29.4,58.3,8.0,54.1,0.0,0.0,0.0
2026-04-11 01:23:20,29.3,58.3,20.9,54.1,0.0,0.0,0.0
2026-04-11 01:23:25,29.3,58.3,33.4,54.1,0.0,0.0,0.0
2026-04-11 01:23:30,29.3,58.4,32.5,54.1,0.0,0.0,0.0
2026-04-11 01:23:35,29.3,58.4,21.8,54.1,0.0,0.0,0.0
2026-04-11 01:23:40,29.3,58.2,13.0,54.1,0.0,0.0,0.0
2026-04-11 01:23:45,29.3,58.0,18.1,54.1,0.0,0.0,0.0
2026-04-11 01:23:50,29.4,58.0,13.3,54.1,0.0,0.0,0.0
2026-04-11 01:23:55,29.4,58.0,7.2,54.1,0.0,0.0,0.0
2026-04-11 01:24:00,29.4,57.9,19.8,54.1,0.0,0.0,0.0
2026-04-11 01:24:05,29.4,57.8,21.6,54.1,0.0,0.0,0.0
2026-04-11 01:24:10,29.3,57.7,8.0,54.1,0.0,0.0,0.0
2026-04-11 01:24:15,29.2,57.8,3.6,54.1,0.0,0.0,0.0
2026-04-11 01:24:20,29.3,57.5,34.4,54.1,0.0,0.0,0.0
2026-04-11 01:24:25,29.5,57.4,16.4,54.1,0.0,0.0,0.0
2026-04-11 01:24:30,29.3,57.5,25.1,54.1,0.0,0.0,0.0
2026-04-11 01:24:35,29.3,57.6,8.6,54.1,0.0,0.0,0.0
2026-04-11 01:24:40,29.4,57.7,17.5,54.1,0.0,0.0,0.0
2026-04-11 01:24:45,29.3,57.5,4.5,54.1,0.0,0.0,0.0
2026-04-11 01:24:50,29.4,57.6,0.0,54.1,0.0,0.0,0.0
2026-04-11 01:24:55,29.3,57.5,9.9,54.1,0.0,0.0,0.0
2026-04-11 01:25:00,29.3,57.7,11.1,54.1,0.0,0.0,0.0
2026-04-11 01:25:05,29.4,57.6,22.6,54.1,0.0,0.0,0.0
2026-04-11 01:25:10,29.3,57.6,0.0,54.1,0.0,0.0,0.0
2026-04-11 01:25:15,29.5,57.5,23.5,54.1,0.0,0.0,0.0
2026-04-11 01:25:20,29.2,57.6,9.1,54.1,0.0,0.0,0.0
2026-04-11 01:25:25,29.2,57.6,14.9,54.1,0.0,0.0,0.0
2026-04-11 01:25:30,29.3,57.6,10.8,54.1,0.0,0.0,0.0
2026-04-11 01:25:35,29.3,57.5,8.8,54.1,0.0,0.0,0.0
2026-04-11 01:25:40,29.3,57.6,7.5,54.1,0.0,0.0,0.0
2026-04-11 01:25:45,29.2,57.7,16.0,54.1,0.0,0.0,0.0
2026-04-11 01:25:50,29.3,57.8,18.1,54.1,0.0,0.0,0.0
2026-04-11 01:25:55,29.2,57.9,6.6,54.1,0.0,0.0,0.0
2026-04-11 01:26:00,29.2,57.9,39.0,54.1,0.0,0.0,0.0
2026-04-11 01:26:05,29.5,58.1,29.0,54.1,0.0,0.0,0.0
2026-04-11 01:26:10,29.3,58.2,0.0,54.1,0.0,0.0,0.0
2026-04-11 01:26:15,29.4,58.1,12.6,54.1,0.0,0.0,0.0
2026-04-11 01:26:20,29.3,57.9,12.6,54.1,0.0,0.0,0.0
2026-04-11 01:26:25,29.1,58.0,0.0,54.1,0.0,0.0,0.0
2026-04-11 01:26:30,29.3,58.1,3.5,54.1,0.0,0.0,0.0
2026-04-11 01:26:35,29.4,58.1,5.9,54.1,0.0,0.0,0.0
2026-04-11 01:26:40,29.5,58.0,24.1,54.1,0.0,0.0,0.0
2026-04-11 01:26:45,29.4,58.0,30.1,54.1,0.0,0.0,0.0
2026-04-11 01:26:50,29.3,58.1,13.4,54.1,0.0,0.0,0.0
2026-04-11 01:26:55,29.3,58.1,19.2,54.1,0.0,0.0,0.0
2026-04-11 01:27:00,29.3,58.0,22.0,54.1,0.0,0.0,0.0
2026-04-11 01:27:05,29.4,58.1,12.0,54.1,0.0,0.0,0.0
2026-04-11 01:27:10,29.3,58.0,11.0,54.1,0.0,0.0,0.0
2026-04-11 01:27:15,29.3,58.1,0.0,54.1,0.0,0.0,0.0
2026-04-11 01:27:20,29.4,58.0,10.6,54.1,0.0,0.0,0.0
2026-04-11 01:27:25,29.4,57.9,11.8,54.1,0.0,0.0,0.0
2026-04-11 01:27:30,29.3,57.9,20.4,54.1,0.0,0.0,0.0
2026-04-11 01:27:35,29.5,57.9,0.0,54.1,0.0,0.0,0.0
2026-04-11 01:27:40,29.3,57.8,6.3,54.1,0.0,0.0,0.0
2026-04-11 01:27:45,29.5,57.7,20.8,54.1,0.0,0.0,0.0
2026-04-11 01:27:50,29.3,57.8,5.2,54.1,0.0,0.0,0.0
2026-04-11 01:27:55,29.3,57.9,7.9,54.1,0.0,0.0,0.0
2026-04-11 01:28:00,29.5,57.8,19.3,54.1,0.0,0.0,0.0
2026-04-11 01:28:05,29.4,57.8,17.7,54.1,0.0,0.0,0.0
2026-04-11 01:28:10,29.4,57.9,0.0,54.1,0.0,0.0,0.0
2026-04-11 01:28:15,29.4,57.8,23.3,54.1,0.0,0.0,0.0
2026-04-11 01:28:20,29.4,57.7,20.3,54.1,0.0,0.0,0.0
2026-04-11 01:28:25,29.4,57.6,11.5,54.1,0.0,0.0,0.0
2026-04-11 01:28:30,29.4,57.6,5.3,54.1,0.0,0.0,0.0
2026-04-11 01:28:35,29.3,57.6,12.7,54.1,0.0,0.0,0.0
2026-04-11 01:28:40,29.4,57.6,9.8,54.1,0.0,0.0,0.0
2026-04-11 01:28:45,29.5,57.6,4.0,54.1,0.0,0.0,0.0
2026-04-11 01:28:50,29.4,57.6,20.0,54.1,0.0,0.0,0.0
2026-04-11 01:28:55,29.5,57.8,21.0,54.1,0.0,0.0,0.0
2026-04-11 01:29:00,29.4,57.7,20.9,54.1,0.0,0.0,0.0
2026-04-11 01:29:05,29.3,57.6,7.7,54.1,0.0,0.0,0.0
2026-04-11 01:29:10,29.3,57.6,11.8,54.1,0.0,0.0,0.0
2026-04-11 01:29:15,29.4,57.6,27.2,54.1,0.0,0.0,0.0
2026-04-11 01:29:20,29.2,57.5,18.7,54.1,0.0,0.0,0.0
2026-04-11 01:29:25,29.3,57.7,19.3,54.1,0.0,0.0,0.0
2026-04-11 01:29:30,29.2,57.8,0.0,54.1,0.0,0.0,0.0
2026-04-11 01:29:35,29.4,57.7,10.7,54.0,0.0,0.0,0.0
2026-04-11 01:29:40,29.2,57.7,9.7,54.0,0.0,0.0,0.0
2026-04-11 01:29:45,29.3,57.6,14.1,54.0,0.0,0.0,0.0
2026-04-11 01:29:50,29.5,57.6,11.9,54.1,0.0,0.0,0.0
2026-04-11 01:29:55,29.4,57.6,28.8,54.1,0.0,0.0,0.0
2026-04-11 01:30:00,29.4,57.6,13.7,54.1,0.0,0.0,0.0
2026-04-11 01:30:05,29.3,57.6,7.1,54.1,0.0,0.0,0.0
2026-04-11 01:30:10,29.4,57.6,0.0,54.1,0.0,0.0,0.0
2026-04-11 01:30:15,29.4,57.7,15.1,54.1,0.0,0.0,0.0
2026-04-11 01:30:20,29.2,57.8,17.2,54.1,0.0,0.0,0.0
2026-04-11 01:30:25,29.3,57.8,10.1,54.1,0.0,0.0,0.0
2026-04-11 01:30:30,29.4,57.9,23.6,54.1,0.0,0.0,0.0
2026-04-11 01:30:35,29.2,58.0,10.7,54.1,0.0,0.0,0.0
2026-04-11 01:30:40,29.3,57.9,14.3,54.1,0.0,0.0,0.0
2026-04-11 01:30:45,29.3,57.9,5.3,54.1,0.0,0.0,0.0
2026-04-11 01:30:50,29.3,57.8,26.6,54.1,0.0,0.0,0.0
2026-04-11 01:30:55,29.3,57.7,9.7,54.1,0.0,0.0,0.0
2026-04-11 01:31:00,29.3,57.7,3.5,54.1,0.0,0.0,0.0
2026-04-11 01:31:05,29.4,57.7,0.6,54.1,0.0,0.0,0.0
2026-04-11 01:31:10,29.2,57.7,0.0,54.1,0.0,0.0,0.0
2026-04-11 01:31:15,29.4,57.7,14.2,54.1,0.0,0.0,0.0
2026-04-11 01:31:20,29.3,57.5,11.1,54.0,0.0,0.0,0.0
2026-04-11 01:31:25,29.2,57.5,7.3,54.0,0.0,0.0,0.0
2026-04-11 01:31:30,29.3,57.5,17.4,54.1,0.0,0.0,0.0
2026-04-11 01:31:35,29.3,57.5,16.2,54.1,0.0,0.0,0.0
2026-04-11 01:31:40,29.2,57.5,20.2,54.1,0.0,0.0,0.0
2026-04-11 01:31:45,29.3,57.5,13.8,54.1,0.0,0.0,0.0
2026-04-11 01:31:50,29.3,57.4,0.0,54.1,0.0,0.0,0.0
2026-04-11 01:31:55,29.4,57.4,5.8,54.1,0.0,0.0,0.0
2026-04-11 01:32:00,29.4,57.4,29.4,54.1,0.0,0.0,0.0
2026-04-11 01:32:05,29.3,57.5,14.7,54.1,0.0,0.0,0.0
2026-04-11 01:32:10,29.5,57.4,19.6,54.0,0.0,0.0,0.0
2026-04-11 01:32:15,29.5,57.4,36.1,54.0,0.0,0.0,0.0
2026-04-11 01:32:20,29.4,57.5,16.8,54.0,0.0,0.0,0.0
2026-04-11 01:32:25,29.5,57.5,9.7,54.0,0.0,0.0,0.0
2026-04-11 01:32:30,29.3,57.5,18.2,54.0,0.0,0.0,0.0
2026-04-11 01:32:35,29.3,57.6,0.5,54.0,0.0,0.0,0.0
2026-04-11 01:32:40,29.4,57.7,0.0,54.1,0.0,0.0,0.0
2026-04-11 01:32:45,29.3,57.7,6.2,54.1,0.0,0.0,0.0
2026-04-11 01:32:50,29.2,57.8,9.8,54.1,0.0,0.0,0.0
2026-04-11 01:32:55,29.3,57.8,9.0,54.1,0.0,0.0,0.0
2026-04-11 01:33:00,29.3,57.8,6.8,54.1,0.0,0.0,0.0
2026-04-11 01:33:05,29.2,57.8,29.6,54.1,0.0,0.0,0.0
2026-04-11 01:33:10,29.3,57.6,16.1,54.1,0.0,0.0,0.0
2026-04-11 01:33:15,29.2,57.6,27.5,54.0,0.0,0.0,0.0
2026-04-11 01:33:20,29.3,57.8,23.9,54.0,0.0,0.0,0.0
2026-04-11 01:33:25,29.3,57.8,36.7,54.0,0.0,0.0,0.0
2026-04-11 01:33:30,29.4,57.7,27.1,54.0,0.0,0.0,0.0
2026-04-11 01:33:35,29.3,57.7,22.1,54.1,0.0,0.0,0.0
2026-04-11 01:33:40,29.3,57.8,19.1,54.1,0.0,0.0,0.0
2026-04-11 01:33:45,29.5,57.7,17.9,54.0,0.0,0.0,0.0
2026-04-11 01:33:50,29.4,57.7,14.7,54.0,0.0,0.0,0.0
2026-04-11 01:33:55,29.3,57.8,7.8,54.0,0.0,0.0,0.0
2026-04-11 01:34:00,29.3,57.9,31.8,54.0,0.0,0.0,0.0
2026-04-11 01:34:05,29.4,57.9,16.0,54.1,0.0,0.0,0.0
2026-04-11 01:34:10,29.3,57.8,0.0,54.1,0.0,0.0,0.0
2026-04-11 01:34:15,29.5,57.9,15.3,54.1,0.0,0.0,0.0
2026-04-11 01:34:20,29.2,57.9,19.3,54.0,0.0,0.0,0.0
2026-04-11 01:34:25,29.3,58.0,11.6,54.0,0.0,0.0,0.0
2026-04-11 01:34:30,29.5,57.9,5.9,54.0,0.0,0.0,0.0
2026-04-11 01:34:35,29.4,57.8,8.2,54.0,0.0,0.0,0.0
2026-04-11 01:34:40,29.3,57.8,27.3,54.0,0.0,0.0,0.0
2026-04-11 01:34:45,29.4,57.8,19.5,54.0,0.0,0.0,0.0
2026-04-11 01:34:50,29.6,57.8,15.1,54.0,0.0,0.0,0.0
2026-04-11 01:34:55,29.4,57.7,9.0,54.0,0.0,0.0,0.0
2026-04-11 01:35:00,29.4,57.7,11.8,54.1,0.0,0.0,0.0
2026-04-11 01:35:05,29.3,57.7,19.7,54.1,0.0,0.0,0.0
2026-04-11 01:35:10,29.2,57.7,6.5,54.1,0.0,0.0,0.0
2026-04-11 01:35:15,29.4,57.6,2.9,54.1,0.0,0.0,0.0
2026-04-11 01:35:20,29.4,57.6,7.9,54.1,0.0,0.0,0.0
2026-04-11 01:35:25,29.3,57.6,27.7,54.1,0.0,0.0,0.0
2026-04-11 01:35:30,29.4,57.6,10.0,54.1,0.0,0.0,0.0
2026-04-11 01:35:35,29.4,57.6,20.5,54.1,0.0,0.0,0.0
2026-04-11 01:35:40,29.3,57.7,5.3,54.1,0.0,0.0,0.0
2026-04-11 01:35:45,29.4,57.8,1.3,54.1,0.0,0.0,0.0
2026-04-11 01:35:50,29.3,57.7,23.7,54.1,0.0,0.0,0.0
2026-04-11 01:35:55,29.3,57.8,16.8,54.1,0.0,0.0,0.0
2026-04-11 01:36:00,29.3,57.8,23.6,54.1,0.0,0.0,0.0
2026-04-11 01:36:05,29.3,57.8,5.2,54.1,0.0,0.0,0.0
2026-04-11 01:36:10,29.4,57.8,7.5,54.1,0.0,0.0,0.0
2026-04-11 01:36:15,29.5,57.7,19.6,54.0,0.0,0.0,0.0
2026-04-11 01:36:20,29.3,57.9,22.6,54.0,0.0,0.0,0.0
2026-04-11 01:36:25,29.3,57.9,30.1,54.1,0.0,0.0,0.0
2026-04-11 01:36:30,29.3,57.9,27.2,54.1,0.0,0.0,0.0
2026-04-11 01:36:35,29.4,57.8,9.6,54.1,0.0,0.0,0.0
2026-04-11 01:36:40,29.3,57.8,18.0,54.1,0.0,0.0,0.0
2026-04-11 01:36:45,29.5,57.8,15.2,54.1,0.0,0.0,0.0
2026-04-11 01:36:50,29.4,57.9,14.2,54.1,0.0,0.0,0.0
2026-04-11 01:36:55,29.2,57.8,14.6,54.1,0.0,0.0,0.0
2026-04-11 01:37:00,29.5,57.7,29.7,54.1,0.0,0.0,0.0
2026-04-11 01:37:05,29.5,57.7,10.0,54.1,0.0,0.0,0.0
2026-04-11 01:37:10,29.3,57.7,37.4,54.1,0.0,0.0,0.0
2026-04-11 01:37:15,29.3,57.6,0.0,54.1,0.0,0.0,0.0
2026-04-11 01:37:20,29.3,57.7,19.3,54.1,0.0,0.0,0.0
2026-04-11 01:37:25,29.4,57.6,20.8,54.1,0.0,0.0,0.0
2026-04-11 01:37:30,29.3,57.6,2.4,54.1,0.0,0.0,0.0
2026-04-11 01:37:35,29.4,57.6,4.7,54.1,0.0,0.0,0.0
2026-04-11 01:37:40,29.4,57.6,19.1,54.1,0.0,0.0,0.0
2026-04-11 01:37:45,29.3,57.7,15.6,54.1,0.0,0.0,0.0
2026-04-11 01:37:50,29.4,57.6,11.2,54.1,0.0,0.0,0.0
2026-04-11 01:37:55,29.4,57.7,9.2,54.1,0.0,0.0,0.0
2026-04-11 01:38:00,29.6,57.7,14.5,54.1,0.0,0.0,0.0
2026-04-11 01:38:05,29.4,57.6,15.1,54.1,0.0,0.0,0.0
2026-04-11 01:38:10,29.5,57.6,20.0,54.1,0.0,0.0,0.0
2026-04-11 01:38:15,29.4,57.6,33.4,54.1,0.0,0.0,0.0
2026-04-11 01:38:20,29.4,57.7,19.8,54.1,0.0,0.0,0.0
2026-04-11 01:38:25,29.5,57.6,22.7,54.1,0.0,0.0,0.0
2026-04-11 01:38:30,29.4,57.7,19.0,54.1,0.0,0.0,0.0
2026-04-11 01:38:35,29.4,57.5,4.2,54.1,0.0,0.0,0.0
2026-04-11 01:38:40,29.3,57.6,0.0,54.1,0.0,0.0,0.0
2026-04-11 01:38:45,29.5,57.7,17.1,54.1,0.0,0.0,0.0
2026-04-11 01:38:50,29.6,57.7,22.9,54.1,0.0,0.0,0.0
2026-04-11 01:38:55,29.5,57.7,9.6,54.1,0.0,0.0,0.0
2026-04-11 01:39:00,29.3,57.7,22.3,54.1,0.0,0.0,0.0
2026-04-11 01:39:05,29.5,57.8,12.0,54.1,0.0,0.0,0.0
2026-04-11 01:39:10,29.4,57.8,16.9,54.1,0.0,0.0,0.0
2026-04-11 01:39:15,29.4,57.7,14.5,54.1,0.0,0.0,0.0
2026-04-11 01:39:20,29.5,57.6,3.1,54.1,0.0,0.0,0.0
2026-04-11 01:39:25,29.4,57.6,11.4,54.1,0.0,0.0,0.0
2026-04-11 01:39:30,29.4,57.6,19.5,54.1,0.0,0.0,0.0
2026-04-11 01:39:35,29.3,57.6,23.3,54.1,0.0,0.0,0.0
2026-04-11 01:39:40,29.4,57.6,2.1,54.1,0.0,0.0,0.0
2026-04-11 01:39:45,29.3,57.7,14.2,54.1,0.0,0.0,0.0
2026-04-11 01:39:50,29.5,57.7,9.3,54.1,0.0,0.0,0.0
2026-04-11 01:39:55,29.5,57.7,17.5,54.1,0.0,0.0,0.0
2026-04-11 01:40:00,29.6,57.7,18.8,54.1,0.0,0.0,0.0
2026-04-11 01:40:05,29.5,57.7,5.0,54.1,0.0,0.0,0.0
2026-04-11 01:40:10,29.4,57.6,22.5,54.1,0.0,0.0,0.0
2026-04-11 01:40:15,29.6,57.8,20.5,54.1,0.0,0.0,0.0
2026-04-11 01:40:20,29.5,57.7,30.9,54.1,0.0,0.0,0.0
2026-04-11 01:40:25,29.6,57.8,14.1,54.1,0.0,0.0,0.0
2026-04-11 01:40:30,29.4,57.8,9.5,54.1,0.0,0.0,0.0
2026-04-11 01:40:35,29.5,57.7,13.7,54.1,0.0,0.0,0.0
2026-04-11 01:40:40,29.5,57.8,10.1,54.1,0.0,0.0,0.0
2026-04-11 01:40:45,29.5,57.8,20.5,54.1,0.0,0.0,0.0
2026-04-11 01:40:50,29.5,57.8,0.0,54.1,0.0,0.0,0.0
2026-04-11 01:40:55,29.4,57.7,13.3,54.1,0.0,0.0,0.0
2026-04-11 01:41:00,29.4,57.7,0.0,54.1,0.0,0.0,0.0
2026-04-11 01:41:05,29.4,57.7,0.0,54.1,0.0,0.0,0.0
2026-04-11 01:41:10,29.4,57.7,2.2,54.1,0.0,0.0,0.0
2026-04-11 01:41:15,29.5,57.8,24.0,54.1,0.0,0.0,0.0
2026-04-11 01:41:20,29.4,57.8,18.1,54.1,0.0,0.0,0.0
2026-04-11 01:41:25,29.4,57.8,22.8,54.1,0.0,0.0,0.0
2026-04-11 01:41:30,29.4,57.8,2.6,54.1,0.0,0.0,0.0
2026-04-11 01:41:35,29.3,57.9,26.1,54.1,0.0,0.0,0.0
2026-04-11 01:41:40,29.6,57.8,7.4,54.1,0.0,0.0,0.0
2026-04-11 01:41:45,29.3,57.9,7.8,54.1,0.0,0.0,0.0
2026-04-11 01:41:50,29.4,57.9,21.9,54.1,0.0,0.0,0.0
2026-04-11 01:41:55,29.4,58.0,17.2,54.1,0.0,0.0,0.0
2026-04-11 01:42:00,29.5,58.1,10.5,54.1,0.0,0.0,0.0
2026-04-11 01:42:05,29.4,58.2,8.5,54.1,0.0,0.0,0.0
2026-04-11 01:42:10,29.4,58.1,19.9,54.0,0.0,0.0,0.0
2026-04-11 01:42:15,29.4,58.1,0.0,54.0,0.0,0.0,0.0
2026-04-11 01:42:20,29.5,58.1,14.9,54.0,0.0,0.0,0.0
2026-04-11 01:42:25,29.4,58.0,27.5,54.1,0.0,0.0,0.0
2026-04-11 01:42:30,29.5,58.0,27.5,54.1,0.0,0.0,0.0
2026-04-11 01:42:35,29.5,58.0,8.8,54.1,0.0,0.0,0.0
2026-04-11 01:42:40,29.5,57.8,28.2,54.1,0.0,0.0,0.0
2026-04-11 01:42:45,29.6,58.0,19.8,54.1,0.0,0.0,0.0
2026-04-11 01:42:50,29.4,58.0,31.4,54.1,0.0,0.0,0.0
2026-04-11 01:42:55,29.5,57.9,21.3,54.1,0.0,0.0,0.0
2026-04-11 01:43:00,29.5,58.1,20.8,54.1,0.0,0.0,0.0
2026-04-11 01:43:05,29.6,58.1,0.0,54.1,0.0,0.0,0.0
2026-04-11 01:43:10,29.5,58.1,6.0,54.0,0.0,0.0,0.0
2026-04-11 01:43:15,29.4,58.1,3.0,54.0,0.0,0.0,0.0
2026-04-11 01:43:20,29.5,58.1,25.4,54.0,0.0,0.0,0.0
2026-04-11 01:43:25,29.5,58.0,8.2,54.0,0.0,0.0,0.0
2026-04-11 01:43:30,29.5,58.0,17.9,54.0,0.0,0.0,0.0
2026-04-11 01:43:35,29.4,57.9,17.4,54.0,0.0,0.0,0.0
2026-04-11 01:43:40,29.5,58.0,11.8,54.0,0.0,0.0,0.0
2026-04-11 01:43:45,29.5,57.9,0.0,54.0,0.0,0.0,0.0
2026-04-11 01:43:50,29.5,57.9,5.8,54.1,0.0,0.0,0.0
2026-04-11 01:43:55,29.5,57.9,0.0,54.1,0.0,0.0,0.0
2026-04-11 01:44:00,29.5,57.8,6.1,54.0,0.0,0.0,0.0
2026-04-11 01:44:05,29.4,57.7,20.2,54.0,0.0,0.0,0.0
2026-04-11 01:44:10,29.4,57.6,8.7,54.0,0.0,0.0,0.0
2026-04-11 01:44:15,29.4,57.7,13.6,54.0,0.0,0.0,0.0
2026-04-11 01:44:20,29.5,57.7,22.5,54.1,0.0,0.0,0.0
2026-04-11 01:44:25,29.4,57.7,6.3,54.1,0.0,0.0,0.0
2026-04-11 01:44:30,29.5,57.7,35.0,54.1,0.0,0.0,0.0
2026-04-11 01:44:35,29.4,57.8,21.4,54.0,0.0,0.0,0.0
2026-04-11 01:44:40,29.5,58.0,10.6,54.0,0.0,0.0,0.0
2026-04-11 01:44:45,29.4,57.9,14.3,54.0,0.0,0.0,0.0
2026-04-11 01:44:50,29.6,57.9,0.0,54.0,0.0,0.0,0.0
2026-04-11 01:44:55,29.5,58.0,23.6,54.0,0.0,0.0,0.0
2026-04-11 01:45:00,29.4,58.0,15.8,54.0,0.0,0.0,0.0
2026-04-11 01:45:05,29.3,58.1,22.1,54.0,0.0,0.0,0.0
2026-04-11 01:45:10,29.6,58.1,26.6,54.0,0.0,0.0,0.0
2026-04-11 01:45:15,29.6,58.1,19.6,54.1,0.0,0.0,0.0
2026-04-11 01:45:20,29.5,58.1,7.6,54.1,0.0,0.0,0.0
2026-04-11 01:45:25,29.5,58.1,10.0,54.1,0.0,0.0,0.0
2026-04-11 01:45:30,29.5,58.2,33.7,54.1,0.0,0.0,0.0
2026-04-11 01:45:35,29.6,58.1,17.7,54.1,0.0,0.0,0.0
2026-04-11 01:45:40,29.5,58.2,15.9,54.1,0.0,0.0,0.0
2026-04-11 01:45:45,29.3,58.2,14.4,54.1,0.0,0.0,0.0
2026-04-11 01:45:50,29.6,58.1,4.6,54.1,0.0,0.0,0.0
2026-04-11 01:45:55,29.6,58.3,21.4,54.1,0.0,0.0,0.0
2026-04-11 01:46:00,29.5,58.2,3.0,54.0,0.0,0.0,0.0
2026-04-11 01:46:05,29.5,58.2,12.0,54.0,0.0,0.0,0.0
2026-04-11 01:46:10,29.4,58.2,1.8,54.0,0.0,0.0,0.0
2026-04-11 01:46:15,29.4,58.4,15.5,54.0,0.0,0.0,0.0
2026-04-11 01:46:20,29.5,58.3,7.5,54.0,0.0,0.0,0.0
2026-04-11 01:46:25,29.4,58.5,11.1,54.0,0.0,0.0,0.0
2026-04-11 01:46:30,29.5,58.5,13.5,54.1,0.0,0.0,0.0
2026-04-11 01:46:35,29.4,58.6,10.8,54.1,0.0,0.0,0.0
2026-04-11 01:46:40,29.5,58.6,0.0,54.1,0.0,0.0,0.0
2026-04-11 01:46:45,29.5,58.5,11.1,54.1,0.0,0.0,0.0
2026-04-11 01:46:50,29.3,58.5,19.3,54.1,0.0,0.0,0.0
2026-04-11 01:46:55,29.4,58.5,30.0,54.1,0.0,0.0,0.0
2026-04-11 01:47:00,29.6,58.5,2.1,54.0,0.0,0.0,0.0
2026-04-11 01:47:05,29.3,58.4,0.4,54.0,0.0,0.0,0.0
2026-04-11 01:47:10,29.5,58.4,16.4,54.1,0.0,0.0,0.0
2026-04-11 01:47:15,29.5,58.4,17.6,54.1,0.0,0.0,0.0
2026-04-11 01:47:20,29.5,58.3,21.5,54.1,0.0,0.0,0.0
2026-04-11 01:47:25,29.5,58.4,29.1,54.1,0.0,0.0,0.0
2026-04-11 01:47:30,29.5,58.5,15.4,54.1,0.0,0.0,0.0
2026-04-11 01:47:35,29.5,58.3,31.8,54.1,0.0,0.0,0.0
2026-04-11 01:47:40,29.6,58.2,27.6,54.1,0.0,0.0,0.0
2026-04-11 01:47:45,29.4,58.1,4.4,54.1,0.0,0.0,0.0
2026-04-11 01:47:50,29.4,58.3,5.6,54.1,0.0,0.0,0.0
2026-04-11 01:47:55,29.6,58.3,11.5,54.1,0.0,0.0,0.0
2026-04-11 01:48:00,29.4,58.3,14.4,54.1,0.0,0.0,0.0
2026-04-11 01:48:05,29.3,58.2,19.3,54.1,0.0,0.0,0.0
2026-04-11 01:48:10,29.5,58.3,8.8,54.1,0.0,0.0,0.0
2026-04-11 01:48:15,29.4,58.4,18.3,54.1,0.0,0.0,0.0
2026-04-11 01:48:20,29.6,58.3,0.6,54.1,0.0,0.0,0.0
2026-04-11 01:48:25,29.4,58.3,10.4,54.1,0.0,0.0,0.0
2026-04-11 01:48:30,29.5,58.3,23.3,54.1,0.0,0.0,0.0
2026-04-11 01:48:35,29.4,58.3,12.4,54.1,0.0,0.0,0.0
2026-04-11 01:48:40,29.4,58.1,16.5,54.1,0.0,0.0,0.0
2026-04-11 01:48:45,29.4,58.0,6.9,54.1,0.0,0.0,0.0
2026-04-11 01:48:50,29.5,57.9,28.2,54.1,0.0,0.0,0.0
2026-04-11 01:48:55,29.6,58.0,29.7,54.1,0.0,0.0,0.0
2026-04-11 01:49:00,29.6,57.9,5.7,54.1,0.0,0.0,0.0
2026-04-11 01:49:05,29.5,57.9,16.3,54.1,0.0,0.0,0.0
2026-04-11 01:49:10,29.4,57.9,11.4,54.1,0.0,0.0,0.0
2026-04-11 01:49:15,29.6,58.0,16.0,54.1,0.0,0.0,0.0
2026-04-11 01:49:20,29.5,58.0,12.9,54.1,0.0,0.0,0.0
2026-04-11 01:49:25,29.6,58.1,11.8,54.1,0.0,0.0,0.0
2026-04-11 01:49:30,29.4,58.2,19.5,54.1,0.0,0.0,0.0
2026-04-11 01:49:35,29.5,58.3,6.4,54.1,0.0,0.0,0.0
2026-04-11 01:49:40,29.5,58.3,8.7,54.1,0.0,0.0,0.0
2026-04-11 01:49:45,29.4,58.4,19.0,54.1,0.0,0.0,0.0
2026-04-11 01:49:50,29.4,58.5,1.4,54.1,0.0,0.0,0.0
2026-04-11 01:49:55,29.5,58.5,16.8,54.1,0.0,0.0,0.0
2026-04-11 01:50:00,29.4,58.5,0.0,54.1,0.0,0.0,0.0
2026-04-11 01:50:05,29.6,58.6,18.2,54.1,0.0,0.0,0.0
2026-04-11 01:50:10,29.6,58.6,17.5,54.0,0.0,0.0,0.0
2026-04-11 01:50:15,29.4,58.6,5.7,54.0,0.0,0.0,0.0
2026-04-11 01:50:20,29.6,58.5,12.0,54.0,0.0,0.0,0.0
2026-04-11 01:50:25,29.4,58.5,28.8,54.1,0.0,0.0,0.0
2026-04-11 01:50:30,29.5,58.5,16.2,54.1,0.0,0.0,0.0
2026-04-11 01:50:35,29.5,58.6,29.4,54.1,0.0,0.0,0.0
2026-04-11 01:50:40,29.4,58.6,15.1,54.1,0.0,0.0,0.0
2026-04-11 01:50:45,29.6,58.7,15.2,54.1,0.0,0.0,0.0
2026-04-11 01:50:50,29.3,58.6,19.7,54.1,0.0,0.0,0.0
2026-04-11 01:50:55,29.5,58.5,12.0,54.1,0.0,0.0,0.0
2026-04-11 01:51:00,29.5,58.4,17.3,54.1,0.0,0.0,0.0
2026-04-11 01:51:05,29.4,58.3,38.6,54.1,0.0,0.0,0.0
2026-04-11 01:51:10,29.5,58.4,27.9,54.1,0.0,0.0,0.0
2026-04-11 01:51:15,29.5,58.5,6.2,54.1,0.0,0.0,0.0
2026-04-11 01:51:20,29.4,58.5,16.6,54.1,0.0,0.0,0.0
2026-04-11 01:51:25,29.5,58.6,13.5,54.1,0.0,0.0,0.0
2026-04-11 01:51:30,29.6,58.5,11.0,54.1,0.0,0.0,0.0
2026-04-11 01:51:35,29.4,58.5,11.3,54.0,0.0,0.0,0.0
2026-04-11 01:51:40,29.5,58.4,17.9,54.0,0.0,0.0,0.0
2026-04-11 01:51:45,29.3,58.3,30.9,54.0,0.0,0.0,0.0
2026-04-11 01:51:50,29.3,58.2,9.0,54.1,0.0,0.0,0.0
2026-04-11 01:51:55,29.4,58.3,24.3,54.1,0.0,0.0,0.0
2026-04-11 01:52:00,29.6,58.3,12.8,54.1,0.0,0.0,0.0
2026-04-11 01:52:05,29.3,58.4,17.5,54.1,0.0,0.0,0.0
2026-04-11 01:52:10,29.4,58.5,24.8,54.1,0.0,0.0,0.0
2026-04-11 01:52:15,29.3,58.5,20.2,54.1,0.0,0.0,0.0
2026-04-11 01:52:20,29.5,58.6,14.0,54.1,0.0,0.0,0.0
2026-04-11 01:52:25,29.4,58.6,8.9,54.1,0.0,0.0,0.0
2026-04-11 01:52:30,29.4,58.5,21.0,54.1,0.0,0.0,0.0
2026-04-11 01:52:35,29.4,58.6,33.2,54.1,0.0,0.0,0.0
2026-04-11 01:52:40,29.5,58.5,0.0,54.1,0.0,0.0,0.0
2026-04-11 01:52:45,29.4,58.5,26.2,54.1,0.0,0.0,0.0
2026-04-11 01:52:50,29.4,58.6,12.2,54.1,0.0,0.0,0.0
2026-04-11 01:52:55,29.4,58.6,5.2,54.1,0.0,0.0,0.0
2026-04-11 01:53:00,29.6,58.5,19.0,54.1,0.0,0.0,0.0
2026-04-11 01:53:05,29.4,58.5,17.2,54.1,0.0,0.0,0.0
2026-04-11 01:53:10,29.6,58.5,20.5,54.0,0.0,0.0,0.0
2026-04-11 01:53:15,29.5,58.6,18.4,54.0,0.0,0.0,0.0
2026-04-11 01:53:20,29.6,58.7,15.1,54.0,0.0,0.0,0.0
2026-04-11 01:53:25,29.5,58.6,8.4,54.0,0.0,0.0,0.0
2026-04-11 01:53:30,29.3,58.5,20.6,54.0,0.0,0.0,0.0
2026-04-11 01:53:35,29.4,58.5,0.0,54.0,0.0,0.0,0.0
2026-04-11 01:53:40,29.4,58.4,18.5,54.0,0.0,0.0,0.0
2026-04-11 01:53:45,29.4,58.4,0.0,54.0,0.0,0.0,0.0
2026-04-11 01:53:50,29.4,58.6,19.9,54.0,0.0,0.0,0.0
2026-04-11 01:53:55,29.4,58.6,17.7,54.0,0.0,0.0,0.0
2026-04-11 01:54:00,29.5,58.5,26.1,54.0,0.0,0.0,0.0
2026-04-11 01:54:05,29.4,58.5,20.2,54.0,0.0,0.0,0.0
2026-04-11 01:54:10,29.4,58.5,30.5,54.0,0.0,0.0,0.0
2026-04-11 01:54:15,29.4,58.6,15.6,54.0,0.0,0.0,0.0
2026-04-11 01:54:20,29.3,58.5,28.7,54.0,0.0,0.0,0.0
2026-04-11 01:54:25,29.5,58.5,26.8,54.0,0.0,0.0,0.0
2026-04-11 01:54:30,29.4,58.5,23.5,54.0,0.0,0.0,0.0
2026-04-11 01:54:35,29.4,58.5,8.6,54.0,0.0,0.0,0.0
2026-04-11 01:54:40,29.4,58.5,27.2,54.0,0.0,0.0,0.0
2026-04-11 01:54:45,29.3,58.5,33.1,54.0,0.0,0.0,0.0
2026-04-11 01:54:50,29.3,58.4,35.7,54.0,0.0,0.0,0.0
2026-04-11 01:54:55,29.4,58.4,0.0,54.0,0.0,0.0,0.0
2026-04-11 01:55:00,29.5,58.4,14.3,54.0,0.0,0.0,0.0
2026-04-11 01:55:05,29.4,58.4,20.5,54.0,0.0,0.0,0.0
2026-04-11 01:55:10,29.2,58.4,20.1,54.0,0.0,0.0,0.0
2026-04-11 01:55:15,29.5,58.6,16.3,54.0,0.0,0.0,0.0
2026-04-11 01:55:20,29.3,58.7,6.4,54.0,0.0,0.0,0.0
2026-04-11 01:55:25,29.4,58.7,8.7,54.0,0.0,0.0,0.0
2026-04-11 01:55:30,29.4,58.8,15.8,54.0,0.0,0.0,0.0
2026-04-11 01:55:35,29.4,58.8,13.7,54.0,0.0,0.0,0.0
2026-04-11 01:55:40,29.4,58.6,5.2,54.0,0.0,0.0,0.0
2026-04-11 01:55:45,29.3,58.6,16.0,54.0,0.0,0.0,0.0
2026-04-11 01:55:50,29.3,58.4,23.8,54.0,0.0,0.0,0.0
2026-04-11 01:55:55,29.3,58.4,29.7,54.1,0.0,0.0,0.0
2026-04-11 01:56:00,29.4,58.4,20.1,54.1,0.0,0.0,0.0
2026-04-11 01:56:05,29.3,58.3,12.4,54.1,0.0,0.0,0.0
2026-04-11 01:56:10,29.3,58.2,16.4,54.1,0.0,0.0,0.0
2026-04-11 01:56:15,29.3,58.4,14.0,54.0,0.0,0.0,0.0
2026-04-11 01:56:20,29.5,58.4,15.7,54.0,0.0,0.0,0.0
2026-04-11 01:56:25,29.3,58.4,9.6,54.0,0.0,0.0,0.0
2026-04-11 01:56:30,29.5,58.5,4.4,54.0,0.0,0.0,0.0
2026-04-11 01:56:35,29.3,58.5,6.1,54.0,0.0,0.0,0.0
2026-04-11 01:56:40,29.3,58.5,5.1,54.0,0.0,0.0,0.0
2026-04-11 01:56:45,29.4,58.5,12.7,54.0,0.0,0.0,0.0
2026-04-11 01:56:50,29.3,58.3,7.2,54.0,0.0,0.0,0.0
2026-04-11 01:56:55,29.3,58.4,14.9,54.0,0.0,0.0,0.0
2026-04-11 01:57:00,29.5,58.3,10.3,54.0,0.0,0.0,0.0
2026-04-11 01:57:05,29.3,58.5,12.7,54.1,0.0,0.0,0.0
2026-04-11 01:57:10,29.3,58.4,0.0,54.1,0.0,0.0,0.0
2026-04-11 01:57:15,29.3,58.3,28.7,54.1,0.0,0.0,0.0
2026-04-11 01:57:20,29.3,58.4,18.1,54.0,0.0,0.0,0.0
2026-04-11 01:57:25,29.4,58.4,24.0,54.0,0.0,0.0,0.0
2026-04-11 01:57:30,29.4,58.4,14.1,54.0,0.0,0.0,0.0
2026-04-11 01:57:35,29.6,58.5,7.7,54.0,0.0,0.0,0.0
2026-04-11 01:57:40,29.3,58.5,22.6,54.0,0.0,0.0,0.0
2026-04-11 01:57:45,29.3,58.4,15.3,54.0,0.0,0.0,0.0
2026-04-11 01:57:50,29.3,58.2,0.0,54.0,0.0,0.0,0.0
2026-04-11 01:57:55,29.5,58.2,11.6,54.0,0.0,0.0,0.0
2026-04-11 01:58:00,29.4,58.2,16.5,54.0,0.0,0.0,0.0
2026-04-11 01:58:05,29.3,58.1,23.5,54.0,0.0,0.0,0.0
2026-04-11 01:58:10,29.3,58.0,7.9,54.1,0.0,0.0,0.0
2026-04-11 01:58:15,29.5,57.9,21.9,54.1,0.0,0.0,0.0
2026-04-11 01:58:20,29.3,58.0,25.6,54.1,0.0,0.0,0.0
2026-04-11 01:58:25,29.4,57.9,14.3,54.0,0.0,0.0,0.0
2026-04-11 01:58:30,29.4,57.8,11.2,54.0,0.0,0.0,0.0
2026-04-11 01:58:35,29.4,57.9,3.9,54.0,0.0,0.0,0.0
2026-04-11 01:58:40,29.4,57.9,10.7,54.0,0.0,0.0,0.0
2026-04-11 01:58:45,29.4,57.9,16.4,54.0,0.0,0.0,0.0
2026-04-11 01:58:50,29.3,58.0,21.1,54.0,0.0,0.0,0.0
2026-04-11 01:58:55,29.4,58.0,16.8,54.0,0.0,0.0,0.0
2026-04-11 01:59:00,29.4,58.0,15.8,54.0,0.0,0.0,0.0
2026-04-11 01:59:05,29.2,58.0,16.5,54.0,0.0,0.0,0.0
2026-04-11 01:59:10,29.4,57.9,3.3,54.0,0.0,0.0,0.0
2026-04-11 01:59:15,29.3,58.0,14.6,54.0,0.0,0.0,0.0
2026-04-11 01:59:20,29.4,58.0,0.0,54.0,0.0,0.0,0.0
2026-04-11 01:59:25,29.2,57.9,15.0,54.0,0.0,0.0,0.0
2026-04-11 01:59:30,29.3,58.0,28.3,54.0,0.0,0.0,0.0
2026-04-11 01:59:35,29.3,58.0,4.3,54.0,0.0,0.0,0.0
2026-04-11 01:59:40,29.3,58.0,9.2,54.0,0.0,0.0,0.0
2026-04-11 01:59:45,29.3,58.0,30.3,54.0,0.0,0.0,0.0
2026-04-11 01:59:50,29.4,57.9,16.6,54.0,0.0,0.0,0.0
2026-04-11 01:59:55,29.4,57.9,14.5,54.0,0.0,0.0,0.0
2026-04-11 02:00:00,29.4,57.8,20.1,54.0,0.0,0.0,0.0
2026-04-11 02:00:05,29.2,58.0,21.6,54.0,0.0,0.0,0.0
2026-04-11 02:00:10,29.4,57.9,0.0,54.0,0.0,0.0,0.0
2026-04-11 02:00:15,29.4,58.0,19.8,54.0,0.0,0.0,0.0
2026-04-11 02:00:20,29.3,58.1,9.8,54.0,0.0,0.0,0.0
2026-04-11 02:00:25,29.3,58.0,22.1,54.0,0.0,0.0,0.0
2026-04-11 02:00:30,29.4,57.9,14.3,54.0,0.0,0.0,0.0
2026-04-11 02:00:35,29.4,57.8,23.6,54.0,0.0,0.0,0.0
2026-04-11 02:00:40,29.3,57.8,0.0,54.0,0.0,0.0,0.0
2026-04-11 02:00:45,29.3,57.8,7.2,54.0,0.0,0.0,0.0
2026-04-11 02:00:50,29.4,57.7,4.2,54.0,0.0,0.0,0.0
2026-04-11 02:00:55,29.2,57.5,7.4,54.0,0.0,0.0,0.0
2026-04-11 02:01:00,29.4,57.5,19.8,54.0,0.0,0.0,0.0
2026-04-11 02:01:05,29.2,57.4,21.1,54.1,0.0,0.0,0.0
2026-04-11 02:01:10,29.3,57.5,13.1,54.1,0.0,0.0,0.0
2026-04-11 02:01:15,29.3,57.6,22.3,54.1,0.0,0.0,0.0
2026-04-11 02:01:20,29.3,57.7,10.8,54.1,0.0,0.0,0.0
2026-04-11 02:01:25,29.4,57.7,15.6,54.0,0.0,0.0,0.0
2026-04-11 02:01:30,29.2,57.8,23.0,54.0,0.0,0.0,0.0
2026-04-11 02:01:35,29.2,57.7,28.7,54.0,0.0,0.0,0.0
2026-04-11 02:01:40,29.3,57.7,12.3,54.0,0.0,0.0,0.0
2026-04-11 02:01:45,29.3,57.6,7.6,54.0,0.0,0.0,0.0
2026-04-11 02:01:50,29.1,57.6,0.0,54.0,0.0,0.0,0.0
2026-04-11 02:01:55,29.4,57.8,25.4,54.0,0.0,0.0,0.0
2026-04-11 02:02:00,29.3,57.9,7.5,54.0,0.0,0.0,0.0
2026-04-11 02:02:05,29.3,57.9,4.4,54.0,0.0,0.0,0.0
2026-04-11 02:02:10,29.3,58.1,18.0,54.0,0.0,0.0,0.0
2026-04-11 02:02:15,29.1,58.1,3.2,54.0,0.0,0.0,0.0
2026-04-11 02:02:20,29.3,58.2,19.0,54.0,0.0,0.0,0.0
2026-04-11 02:02:25,29.4,58.1,18.3,54.0,0.0,0.0,0.0
2026-04-11 02:02:30,29.4,58.1,13.3,54.0,0.0,0.0,0.0
2026-04-11 02:02:35,29.4,58.1,17.2,54.0,0.0,0.0,0.0
2026-04-11 02:02:40,29.3,58.0,24.8,54.0,0.0,0.0,0.0
2026-04-11 02:02:45,29.2,57.9,4.9,54.0,0.0,0.0,0.0
2026-04-11 02:02:50,29.3,57.9,7.0,54.0,0.0,0.0,0.0
2026-04-11 02:02:55,29.1,57.8,3.4,54.1,0.0,0.0,0.0
2026-04-11 02:03:00,29.1,57.9,34.6,54.1,0.0,0.0,0.0
2026-04-11 02:03:05,29.5,58.0,17.1,54.1,0.0,0.0,0.0
2026-04-11 02:03:10,29.3,58.1,17.0,54.0,0.0,0.0,0.0
2026-04-11 02:03:15,29.3,58.1,15.4,54.0,0.0,0.0,0.0
2026-04-11 02:03:20,29.1,58.1,8.2,54.0,0.0,0.0,0.0
2026-04-11 02:03:25,29.2,58.1,25.8,54.0,0.0,0.0,0.0
2026-04-11 02:03:30,29.3,58.0,25.9,54.0,0.0,0.0,0.0
2026-04-11 02:03:35,29.4,58.2,25.8,54.0,0.0,0.0,0.0
2026-04-11 02:03:40,29.2,58.1,15.9,54.0,0.0,0.0,0.0
2026-04-11 02:03:45,29.3,58.1,6.2,54.0,0.0,0.0,0.0
2026-04-11 02:03:50,29.3,58.2,10.4,54.0,0.0,0.0,0.0
2026-04-11 02:03:55,29.3,58.3,20.0,54.0,0.0,0.0,0.0
2026-04-11 02:04:00,29.4,58.3,8.3,54.0,0.0,0.0,0.0
2026-04-11 02:04:05,29.1,58.4,11.9,54.0,0.0,0.0,0.0
2026-04-11 02:04:10,29.2,58.4,20.8,54.0,0.0,0.0,0.0
2026-04-11 02:04:15,29.2,58.4,3.1,54.0,0.0,0.0,0.0
2026-04-11 02:04:20,29.3,58.4,16.0,54.0,0.0,0.0,0.0
2026-04-11 02:04:25,29.3,58.4,22.5,54.0,0.0,0.0,0.0
2026-04-11 02:04:30,29.4,58.3,7.2,54.0,0.0,0.0,0.0
2026-04-11 02:04:35,29.3,58.4,12.0,54.0,0.0,0.0,0.0
2026-04-11 02:04:40,29.2,58.5,26.4,54.0,0.0,0.0,0.0
2026-04-11 02:04:45,29.3,58.6,14.4,54.0,0.0,0.0,0.0
2026-04-11 02:04:50,29.3,58.7,14.8,54.0,0.0,0.0,0.0
2026-04-11 02:04:55,29.3,58.8,22.1,54.0,0.0,0.0,0.0
2026-04-11 02:05:00,29.2,58.6,21.5,54.0,0.0,0.0,0.0
2026-04-11 02:05:05,29.4,58.7,25.2,54.0,0.0,0.0,0.0
2026-04-11 02:05:10,29.3,58.7,32.5,54.0,0.0,0.0,0.0
2026-04-11 02:05:15,29.2,58.5,0.0,54.0,0.0,0.0,0.0
2026-04-11 02:05:20,29.3,58.6,23.0,54.0,0.0,0.0,0.0
2026-04-11 02:05:25,29.3,58.5,3.3,54.0,0.0,0.0,0.0
2026-04-11 02:05:30,29.4,58.5,8.9,54.0,0.0,0.0,0.0
2026-04-11 02:05:35,29.4,58.5,27.8,54.0,0.0,0.0,0.0
2026-04-11 02:05:40,29.2,58.4,0.0,54.0,0.0,0.0,0.0
2026-04-11 02:05:45,29.3,58.5,23.5,54.1,0.0,0.0,0.0
2026-04-11 02:05:50,29.2,58.4,4.4,54.1,0.0,0.0,0.0
2026-04-11 02:05:55,29.5,58.4,39.5,54.0,0.0,0.0,0.0
2026-04-11 02:06:00,29.3,58.3,24.7,54.0,0.0,0.0,0.0
2026-04-11 02:06:05,29.2,58.3,6.2,54.0,0.0,0.0,0.0
2026-04-11 02:06:10,29.3,58.3,5.7,54.0,0.0,0.0,0.0
2026-04-11 02:06:15,29.2,58.3,0.0,54.0,0.0,0.0,0.0
2026-04-11 02:06:20,29.4,58.4,8.5,54.0,0.0,0.0,0.0
2026-04-11 02:06:25,29.3,58.5,16.5,54.0,0.0,0.0,0.0
2026-04-11 02:06:30,29.5,58.5,9.2,54.0,0.0,0.0,0.0
2026-04-11 02:06:35,29.2,58.5,0.0,54.0,0.0,0.0,0.0
2026-04-11 02:06:40,29.2,58.5,30.3,54.0,0.0,0.0,0.0
2026-04-11 02:06:45,29.2,58.5,20.5,54.0,0.0,0.0,0.0
2026-04-11 02:06:50,29.3,58.6,3.4,54.1,0.0,0.0,0.0
2026-04-11 02:06:55,29.2,58.6,9.0,54.1,0.0,0.0,0.0
2026-04-11 02:07:00,29.2,58.6,25.7,54.1,0.0,0.0,0.0
2026-04-11 02:07:05,29.3,58.6,26.8,54.1,0.0,0.0,0.0
2026-04-11 02:07:10,29.4,58.7,25.3,54.0,0.0,0.0,0.0
2026-04-11 02:07:15,29.4,58.7,24.0,54.0,0.0,0.0,0.0
2026-04-11 02:07:20,29.2,58.7,4.9,54.0,0.0,0.0,0.0
2026-04-11 02:07:25,29.3,58.6,13.3,54.0,0.0,0.0,0.0
2026-04-11 02:07:30,29.3,58.6,10.7,54.0,0.0,0.0,0.0
2026-04-11 02:07:35,29.2,58.6,5.3,54.0,0.0,0.0,0.0
2026-04-11 02:07:40,29.2,58.7,16.8,54.0,0.0,0.0,0.0
2026-04-11 02:07:45,29.2,58.7,29.2,54.0,0.0,0.0,0.0
2026-04-11 02:07:50,29.2,58.7,18.7,54.0,0.0,0.0,0.0
2026-04-11 02:07:55,29.1,58.7,18.3,54.0,0.0,0.0,0.0
2026-04-11 02:08:00,29.3,58.6,21.5,54.0,0.0,0.0,0.0
2026-04-11 02:08:05,29.4,58.8,16.2,54.0,0.0,0.0,0.0
2026-04-11 02:08:10,29.1,58.6,19.9,54.0,0.0,0.0,0.0
2026-04-11 02:08:15,29.2,58.7,17.4,54.0,0.0,0.0,0.0
2026-04-11 02:08:20,29.3,58.7,13.6,54.0,0.0,0.0,0.0
2026-04-11 02:08:25,29.2,58.8,24.2,54.0,0.0,0.0,0.0
2026-04-11 02:08:30,29.2,58.5,19.1,54.0,0.0,0.0,0.0
2026-04-11 02:08:35,29.4,58.5,21.6,54.1,0.0,0.0,0.0
2026-04-11 02:08:40,29.2,58.6,14.0,54.1,0.0,0.0,0.0
2026-04-11 02:08:45,29.2,58.7,27.6,54.1,0.0,0.0,0.0
2026-04-11 02:08:50,29.3,58.7,17.3,54.1,0.0,0.0,0.0
2026-04-11 02:08:55,29.3,58.5,28.5,54.1,0.0,0.0,0.0
2026-04-11 02:09:00,29.3,58.5,10.2,54.1,0.0,0.0,0.0
2026-04-11 02:09:05,29.1,58.4,7.9,54.1,0.0,0.0,0.0
2026-04-11 02:09:10,29.2,58.3,17.1,54.0,0.0,0.0,0.0
2026-04-11 02:09:15,29.2,58.4,17.5,54.0,0.0,0.0,0.0
2026-04-11 02:09:20,29.3,58.2,0.0,54.0,0.0,0.0,0.0
2026-04-11 02:09:25,29.2,58.1,11.1,54.1,0.0,0.0,0.0
2026-04-11 02:09:30,29.2,58.1,14.1,54.1,0.0,0.0,0.0
2026-04-11 02:09:35,29.1,58.0,2.6,54.1,0.0,0.0,0.0
2026-04-11 02:09:40,29.2,58.0,18.7,54.1,0.0,0.0,0.0
2026-04-11 02:09:45,29.3,57.9,36.9,54.1,0.0,0.0,0.0
2026-04-11 02:09:50,29.5,58.1,8.7,54.1,0.0,0.0,0.0
2026-04-11 02:09:55,29.2,58.0,11.7,54.1,0.0,0.0,0.0
2026-04-11 02:10:00,29.2,58.2,34.8,54.1,0.0,0.0,0.0
2026-04-11 02:10:05,29.2,58.2,10.5,54.1,0.0,0.0,0.0
2026-04-11 02:10:10,29.2,58.3,13.2,54.0,0.0,0.0,0.0
2026-04-11 02:10:15,29.1,58.2,17.0,54.0,0.0,0.0,0.0
2026-04-11 02:10:20,29.4,58.1,2.7,54.0,0.0,0.0,0.0
2026-04-11 02:10:25,29.3,58.2,27.8,54.0,0.0,0.0,0.0
2026-04-11 02:10:30,29.2,58.2,1.7,54.0,0.0,0.0,0.0
2026-04-11 02:10:35,29.3,58.3,0.0,54.0,0.0,0.0,0.0
2026-04-11 02:10:40,29.2,58.3,19.1,54.1,0.0,0.0,0.0
2026-04-11 02:10:45,29.3,58.3,5.4,54.1,0.0,0.0,0.0
2026-04-11 02:10:50,29.2,58.3,15.9,54.1,0.0,0.0,0.0
2026-04-11 02:10:55,29.3,58.3,38.3,54.1,0.0,0.0,0.0
2026-04-11 02:11:00,29.2,58.4,2.6,54.1,0.0,0.0,0.0
2026-04-11 02:11:05,29.2,58.3,25.7,54.1,0.0,0.0,0.0
2026-04-11 02:11:10,29.3,58.3,19.7,54.1,0.0,0.0,0.0
2026-04-11 02:11:15,29.1,58.3,22.9,54.0,0.0,0.0,0.0
2026-04-11 02:11:20,29.2,58.3,12.8,54.0,0.0,0.0,0.0
2026-04-11 02:11:25,29.2,58.3,14.6,54.0,0.0,0.0,0.0
2026-04-11 02:11:30,29.2,58.4,18.3,54.0,0.0,0.0,0.0
2026-04-11 02:11:35,29.2,58.3,13.2,54.0,0.0,0.0,0.0
2026-04-11 02:11:40,29.3,58.4,26.2,54.0,0.0,0.0,0.0
2026-04-11 02:11:45,29.2,58.4,22.4,54.0,0.0,0.0,0.0
2026-04-11 02:11:50,29.2,58.2,0.8,54.0,0.0,0.0,0.0
2026-04-11 02:11:55,29.2,58.1,14.6,54.0,0.0,0.0,0.0
2026-04-11 02:12:00,29.2,58.1,1.6,54.0,0.0,0.0,0.0
2026-04-11 02:12:05,29.1,58.1,11.4,54.0,0.0,0.0,0.0
2026-04-11 02:12:10,29.1,58.2,8.9,54.0,0.0,0.0,0.0
2026-04-11 02:12:15,29.2,58.2,11.5,54.0,0.0,0.0,0.0
2026-04-11 02:12:20,29.0,58.2,25.0,54.1,0.0,0.0,0.0
2026-04-11 02:12:25,29.2,58.1,23.8,54.1,0.0,0.0,0.0
2026-04-11 02:12:30,29.0,58.1,8.2,54.1,0.0,0.0,0.0
2026-04-11 02:12:35,29.3,58.0,7.1,54.0,0.0,0.0,0.0
2026-04-11 02:12:40,29.3,57.9,9.8,54.0,0.0,0.0,0.0
2026-04-11 02:12:45,29.0,57.9,20.7,54.0,0.0,0.0,0.0
2026-04-11 02:12:50,29.2,58.0,22.1,54.0,0.0,0.0,0.0
2026-04-11 02:12:55,29.1,58.1,7.6,54.0,0.0,0.0,0.0
2026-04-11 02:13:00,29.3,58.1,1.5,54.0,0.0,0.0,0.0
2026-04-11 02:13:05,29.2,58.2,17.8,54.0,0.0,0.0,0.0
2026-04-11 02:13:10,29.1,58.4,15.1,54.0,0.0,0.0,0.0
2026-04-11 02:13:15,29.1,58.4,35.2,54.1,0.0,0.0,0.0
2026-04-11 02:13:20,29.3,58.5,17.3,54.1,0.0,0.0,0.0
2026-04-11 02:13:25,29.1,58.5,27.6,54.0,0.0,0.0,0.0
2026-04-11 02:13:30,29.3,58.6,0.0,54.0,0.0,0.0,0.0
2026-04-11 02:13:35,29.1,58.7,0.0,54.1,0.0,0.0,0.0
2026-04-11 02:13:40,29.2,58.5,4.7,54.1,0.0,0.0,0.0
2026-04-11 02:13:45,29.3,58.4,19.8,54.1,0.0,0.0,0.0
2026-04-11 02:13:50,29.3,58.5,1.5,54.1,0.0,0.0,0.0
2026-04-11 02:13:55,29.2,58.4,28.5,54.1,0.0,0.0,0.0
2026-04-11 02:14:00,29.3,58.4,24.9,54.0,0.0,0.0,0.0
2026-04-11 02:14:05,29.3,58.3,4.4,54.0,0.0,0.0,0.0
2026-04-11 02:14:10,29.3,58.3,8.5,54.0,0.0,0.0,0.0
2026-04-11 02:14:15,29.2,58.3,15.1,54.0,0.0,0.0,0.0
2026-04-11 02:14:20,29.1,58.4,22.2,54.0,0.0,0.0,0.0
2026-04-11 02:14:25,29.1,58.4,43.7,54.0,0.0,0.0,0.0
2026-04-11 02:14:30,29.1,58.4,11.7,54.0,0.0,0.0,0.0
2026-04-11 02:14:35,29.3,58.4,24.6,54.0,0.0,0.0,0.0
2026-04-11 02:14:40,29.3,58.5,20.7,54.0,0.0,0.0,0.0
2026-04-11 02:14:45,29.3,58.5,7.9,54.0,0.0,0.0,0.0
2026-04-11 02:14:50,29.2,58.5,13.0,54.0,0.0,0.0,0.0
2026-04-11 02:14:55,29.3,58.4,11.4,54.0,0.0,0.0,0.0
2026-04-11 02:15:00,29.3,58.4,17.0,54.0,0.0,0.0,0.0
2026-04-11 02:15:05,29.2,58.4,24.1,54.0,0.0,0.0,0.0
2026-04-11 02:15:10,29.4,58.3,10.1,54.0,0.0,0.0,0.0
2026-04-11 02:15:15,29.3,58.3,19.2,54.0,0.0,0.0,0.0
2026-04-11 02:15:20,29.1,58.1,0.0,54.0,0.0,0.0,0.0
2026-04-11 02:15:25,29.1,58.0,22.8,54.0,0.0,0.0,0.0
2026-04-11 02:15:30,29.1,58.0,19.1,54.0,0.0,0.0,0.0
2026-04-11 02:15:35,29.2,58.0,21.2,54.1,0.0,0.0,0.0
2026-04-11 02:15:40,29.2,58.2,31.5,54.1,0.0,0.0,0.0
2026-04-11 02:15:45,29.2,58.0,13.3,54.0,0.0,0.0,0.0
2026-04-11 02:15:50,29.3,58.0,14.7,54.0,0.0,0.0,0.0
2026-04-11 02:15:55,29.3,58.1,12.6,54.0,0.0,0.0,0.0
2026-04-11 02:16:00,29.3,58.1,13.5,54.0,0.0,0.0,0.0
2026-04-11 02:16:05,29.2,58.0,17.7,54.0,0.0,0.0,0.0
2026-04-11 02:16:10,29.1,58.1,8.5,54.0,0.0,0.0,0.0
2026-04-11 02:16:15,29.2,58.1,3.9,54.0,0.0,0.0,0.0
2026-04-11 02:16:20,29.2,58.2,14.8,54.0,0.0,0.0,0.0
2026-04-11 02:16:25,29.3,58.2,42.1,54.0,0.0,0.0,0.0
2026-04-11 02:16:30,29.2,58.2,28.0,54.0,0.0,0.0,0.0
2026-04-11 02:16:35,29.2,58.1,37.2,54.0,0.0,0.0,0.0
2026-04-11 02:16:40,29.1,58.1,12.6,54.1,0.0,0.0,0.0
2026-04-11 02:16:45,29.2,58.1,15.5,54.1,0.0,0.0,0.0
2026-04-11 02:16:50,29.2,58.2,27.9,54.0,0.0,0.0,0.0
2026-04-11 02:16:55,29.2,58.2,24.8,54.0,0.0,0.0,0.0
2026-04-11 02:17:00,29.4,58.1,16.1,54.1,0.0,0.0,0.0
2026-04-11 02:17:05,29.3,58.0,21.6,54.1,0.0,0.0,0.0
2026-04-11 02:17:10,29.2,58.0,2.7,54.1,0.0,0.0,0.0
2026-04-11 02:17:15,29.1,58.0,3.7,54.1,0.0,0.0,0.0
2026-04-11 02:17:20,29.2,58.1,26.6,54.0,0.0,0.0,0.0
2026-04-11 02:17:25,29.1,58.1,6.6,54.0,0.0,0.0,0.0
2026-04-11 02:17:30,29.2,58.0,32.3,54.1,0.0,0.0,0.0
2026-04-11 02:17:35,29.3,57.9,6.3,54.1,0.0,0.0,0.0
2026-04-11 02:17:40,29.2,57.7,34.7,54.0,0.0,0.0,0.0
2026-04-11 02:17:45,29.3,57.9,37.1,54.0,0.0,0.0,0.0
2026-04-11 02:17:50,29.2,57.8,24.7,54.0,0.0,0.0,0.0
2026-04-11 02:17:55,29.4,57.9,17.7,54.0,0.0,0.0,0.0
2026-04-11 02:18:00,29.2,58.0,36.1,54.0,0.0,0.0,0.0
2026-04-11 02:18:05,29.3,57.9,4.1,54.0,0.0,0.0,0.0
2026-04-11 02:18:10,29.2,58.1,11.5,54.0,0.0,0.0,0.0
2026-04-11 02:18:15,29.3,58.2,16.5,54.0,0.0,0.0,0.0
2026-04-11 02:18:20,29.3,58.4,1.9,54.0,0.0,0.0,0.0
2026-04-11 02:18:25,29.1,58.4,10.9,54.0,0.0,0.0,0.0
2026-04-11 02:18:30,29.2,58.3,10.6,54.0,0.0,0.0,0.0
2026-04-11 02:18:35,29.2,58.3,12.6,54.0,0.0,0.0,0.0
2026-04-11 02:18:40,29.4,58.3,22.3,54.0,0.0,0.0,0.0
2026-04-11 02:18:45,29.2,58.4,16.6,54.0,0.0,0.0,0.0
2026-04-11 02:18:50,29.3,58.3,12.3,54.0,0.0,0.0,0.0
2026-04-11 02:18:55,29.4,58.2,24.0,54.0,0.0,0.0,0.0
2026-04-11 02:19:00,29.4,58.2,28.6,54.0,0.0,0.0,0.0
2026-04-11 02:19:05,29.3,58.3,14.3,54.0,0.0,0.0,0.0
2026-04-11 02:19:10,29.2,58.4,3.7,54.0,0.0,0.0,0.0
2026-04-11 02:19:15,29.2,58.3,10.7,54.0,0.0,0.0,0.0
2026-04-11 02:19:20,29.2,58.3,6.7,54.0,0.0,0.0,0.0
2026-04-11 02:19:25,29.3,58.2,27.6,54.0,0.0,0.0,0.0
2026-04-11 02:19:30,29.3,58.4,14.3,54.0,0.0,0.0,0.0
2026-04-11 02:19:35,29.3,58.5,23.4,54.0,0.0,0.0,0.0
2026-04-11 02:19:40,29.4,58.5,8.0,54.0,0.0,0.0,0.0
2026-04-11 02:19:45,29.3,58.5,0.4,54.0,0.0,0.0,0.0
2026-04-11 02:19:50,29.3,58.4,5.0,54.0,0.0,0.0,0.0
2026-04-11 02:19:55,29.3,58.4,33.7,54.0,0.0,0.0,0.0
2026-04-11 02:20:00,29.2,58.5,5.4,54.0,0.0,0.0,0.0
2026-04-11 02:20:05,29.2,58.6,13.0,54.0,0.0,0.0,0.0
2026-04-11 02:20:10,29.2,58.6,12.7,54.0,0.0,0.0,0.0
2026-04-11 02:20:15,29.2,58.6,9.0,54.0,0.0,0.0,0.0
2026-04-11 02:20:20,29.3,58.6,32.4,54.0,0.0,0.0,0.0
2026-04-11 02:20:25,29.2,58.5,5.9,54.0,0.0,0.0,0.0
2026-04-11 02:20:30,29.3,58.5,19.8,54.0,0.0,0.0,0.0
2026-04-11 02:20:35,29.2,58.5,13.0,54.0,0.0,0.0,0.0
2026-04-11 02:20:40,29.1,58.5,23.3,54.0,0.0,0.0,0.0
2026-04-11 02:20:45,29.3,58.4,25.8,54.0,0.0,0.0,0.0
2026-04-11 02:20:50,29.1,58.5,19.6,54.0,0.0,0.0,0.0
2026-04-11 02:20:55,29.1,58.7,12.2,54.0,0.0,0.0,0.0
2026-04-11 02:21:00,29.2,58.6,1.9,54.0,0.0,0.0,0.0
2026-04-11 02:21:05,29.2,58.6,26.9,54.0,0.0,0.0,0.0
2026-04-11 02:21:10,29.3,58.6,19.0,54.0,0.0,0.0,0.0
2026-04-11 02:21:15,29.2,58.5,7.8,54.0,0.0,0.0,0.0
2026-04-11 02:21:20,29.2,58.4,23.0,54.0,0.0,0.0,0.0
2026-04-11 02:21:25,29.1,58.7,21.6,54.0,0.0,0.0,0.0
2026-04-11 02:21:30,29.3,58.6,0.0,54.0,0.0,0.0,0.0
2026-04-11 02:21:35,29.3,58.7,0.0,54.0,0.0,0.0,0.0
2026-04-11 02:21:40,29.1,58.6,25.1,54.0,0.0,0.0,0.0
2026-04-11 02:21:45,29.2,58.6,14.3,54.0,0.0,0.0,0.0
2026-04-11 02:21:50,29.1,58.4,30.7,54.0,0.0,0.0,0.0
2026-04-11 02:21:55,29.3,58.4,10.9,54.0,0.0,0.0,0.0
2026-04-11 02:22:00,29.3,58.4,30.9,54.0,0.0,0.0,0.0
2026-04-11 02:22:05,29.2,58.5,4.5,54.0,0.0,0.0,0.0
2026-04-11 02:22:10,29.1,58.4,18.0,54.0,0.0,0.0,0.0
2026-04-11 02:22:15,29.2,58.4,15.8,54.0,0.0,0.0,0.0
2026-04-11 02:22:20,29.3,58.3,24.7,54.0,0.0,0.0,0.0
2026-04-11 02:22:25,29.3,58.5,12.4,54.0,0.0,0.0,0.0
2026-04-11 02:22:30,29.3,58.5,16.3,54.0,0.0,0.0,0.0
2026-04-11 02:22:35,29.1,58.5,3.7,54.0,0.0,0.0,0.0
2026-04-11 02:22:40,29.4,58.4,8.0,54.0,0.0,0.0,0.0
2026-04-11 02:22:45,29.3,58.5,3.9,54.0,0.0,0.0,0.0
2026-04-11 02:22:50,29.2,58.5,10.2,54.0,0.0,0.0,0.0
2026-04-11 02:22:55,29.3,58.6,25.9,54.0,0.0,0.0,0.0
2026-04-11 02:23:00,29.4,58.6,13.9,54.0,0.0,0.0,0.0
2026-04-11 02:23:05,29.3,58.6,10.4,54.0,0.0,0.0,0.0
2026-04-11 02:23:10,29.4,58.7,1.3,54.0,0.0,0.0,0.0
2026-04-11 02:23:15,29.4,58.7,17.8,54.0,0.0,0.0,0.0
2026-04-11 02:23:20,29.2,58.7,15.3,54.0,0.0,0.0,0.0
2026-04-11 02:23:25,29.2,58.5,25.5,54.0,0.0,0.0,0.0
2026-04-11 02:23:30,29.2,58.4,9.8,54.0,0.0,0.0,0.0
2026-04-11 02:23:35,29.2,58.3,15.4,54.1,0.0,0.0,0.0
2026-04-11 02:23:40,29.3,58.3,13.5,54.1,0.0,0.0,0.0
2026-04-11 02:23:45,29.2,58.2,7.3,54.1,0.0,0.0,0.0
2026-04-11 02:23:50,29.2,58.2,7.4,54.1,0.0,0.0,0.0
2026-04-11 02:23:55,29.2,58.2,22.5,54.1,0.0,0.0,0.0
2026-04-11 02:24:00,29.3,58.2,7.3,54.0,0.0,0.0,0.0
2026-04-11 02:24:05,29.3,58.2,9.0,54.0,0.0,0.0,0.0
2026-04-11 02:24:10,29.3,58.2,23.2,54.0,0.0,0.0,0.0
2026-04-11 02:24:15,29.3,58.3,11.6,54.0,0.0,0.0,0.0
2026-04-11 02:24:20,29.1,58.2,12.0,54.0,0.0,0.0,0.0
2026-04-11 02:24:25,29.2,58.1,11.9,54.0,0.0,0.0,0.0
2026-04-11 02:24:30,29.3,58.2,13.5,54.0,0.0,0.0,0.0
2026-04-11 02:24:35,29.2,58.2,13.2,54.0,0.0,0.0,0.0
2026-04-11 02:24:40,29.4,58.2,16.2,54.0,0.0,0.0,0.0
2026-04-11 02:24:45,29.4,58.3,17.9,54.0,0.0,0.0,0.0
2026-04-11 02:24:50,29.2,58.4,29.5,54.0,0.0,0.0,0.0
2026-04-11 02:24:55,29.0,58.4,0.1,54.0,0.0,0.0,0.0
2026-04-11 02:25:00,29.1,58.3,21.7,54.0,0.0,0.0,0.0
2026-04-11 02:25:05,29.3,58.2,7.4,54.0,0.0,0.0,0.0
2026-04-11 02:25:10,29.2,58.1,18.0,54.0,0.0,0.0,0.0
2026-04-11 02:25:15,29.1,58.0,16.2,54.0,0.0,0.0,0.0
2026-04-11 02:25:20,29.3,58.1,13.6,54.0,0.0,0.0,0.0
2026-04-11 02:25:25,29.1,57.9,19.9,54.0,0.0,0.0,0.0
2026-04-11 02:25:30,29.3,57.9,31.6,54.0,0.0,0.0,0.0
2026-04-11 02:25:35,29.2,58.0,21.9,54.0,0.0,0.0,0.0
2026-04-11 02:25:40,29.3,58.1,25.0,54.0,0.0,0.0,0.0
2026-04-11 02:25:45,29.3,58.1,35.2,54.0,0.0,0.0,0.0
2026-04-11 02:25:50,29.2,58.0,7.0,54.0,0.0,0.0,0.0
2026-04-11 02:25:55,29.2,58.0,0.1,54.0,0.0,0.0,0.0
2026-04-11 02:26:00,29.2,58.0,10.1,54.0,0.0,0.0,0.0
2026-04-11 02:26:05,29.0,58.0,19.4,54.0,0.0,0.0,0.0
2026-04-11 02:26:10,29.3,58.0,18.3,54.0,0.0,0.0,0.0
2026-04-11 02:26:15,29.2,57.9,30.9,54.0,0.0,0.0,0.0
2026-04-11 02:26:20,29.3,57.9,33.1,54.0,0.0,0.0,0.0
2026-04-11 02:26:25,29.1,58.0,28.1,54.0,0.0,0.0,0.0
2026-04-11 02:26:30,29.2,57.9,21.9,54.0,0.0,0.0,0.0
2026-04-11 02:26:35,29.2,57.9,20.5,54.0,0.0,0.0,0.0
2026-04-11 02:26:40,29.2,57.9,2.0,54.0,0.0,0.0,0.0
2026-04-11 02:26:45,29.2,57.9,34.1,54.0,0.0,0.0,0.0
2026-04-11 02:26:50,29.2,57.9,25.0,54.0,0.0,0.0,0.0
2026-04-11 02:26:55,29.3,57.7,28.6,54.0,0.0,0.0,0.0
2026-04-11 02:27:00,29.2,57.8,18.4,54.0,0.0,0.0,0.0
2026-04-11 02:27:05,29.4,57.7,0.0,54.0,0.0,0.0,0.0
2026-04-11 02:27:10,29.3,57.7,14.5,54.0,0.0,0.0,0.0
2026-04-11 02:27:15,29.2,57.8,18.6,54.0,0.0,0.0,0.0
2026-04-11 02:27:20,29.3,57.8,1.9,54.0,0.0,0.0,0.0
2026-04-11 02:27:25,29.2,57.7,28.3,53.9,0.0,0.0,0.0
2026-04-11 02:27:30,29.1,57.6,0.0,53.9,0.0,0.0,0.0
2026-04-11 02:27:35,29.3,57.5,5.0,54.0,0.0,0.0,0.0
2026-04-11 02:27:40,29.2,57.6,4.9,54.0,0.0,0.0,0.0
2026-04-11 02:27:45,29.2,57.7,21.0,54.0,0.0,0.0,0.0
2026-04-11 02:27:50,29.1,57.8,12.4,54.0,0.0,0.0,0.0
2026-04-11 02:27:55,29.1,57.7,21.1,54.0,0.0,0.0,0.0
2026-04-11 02:28:00,29.2,57.8,12.7,54.0,0.0,0.0,0.0
2026-04-11 02:28:05,29.1,57.9,28.7,54.0,0.0,0.0,0.0
2026-04-11 02:28:10,29.1,57.9,11.1,54.0,0.0,0.0,0.0
2026-04-11 02:28:15,29.3,57.8,25.3,54.0,0.0,0.0,0.0
2026-04-11 02:28:20,29.2,57.9,11.0,54.0,0.0,0.0,0.0
2026-04-11 02:28:25,29.2,57.9,5.9,54.0,0.0,0.0,0.0
2026-04-11 02:28:30,29.1,57.9,20.8,54.0,0.0,0.0,0.0
2026-04-11 02:28:35,29.1,58.0,18.7,54.0,0.0,0.0,0.0
2026-04-11 02:28:40,29.3,57.9,33.7,54.0,0.0,0.0,0.0
2026-04-11 02:28:45,29.2,57.8,16.5,54.0,0.0,0.0,0.0
2026-04-11 02:28:50,29.2,57.9,32.7,54.0,0.0,0.0,0.0
2026-04-11 02:28:55,29.2,58.0,12.8,54.0,0.0,0.0,0.0
2026-04-11 02:29:00,29.2,57.8,9.7,54.0,0.0,0.0,0.0
2026-04-11 02:29:05,29.2,57.8,4.0,54.0,0.0,0.0,0.0
2026-04-11 02:29:10,29.2,57.7,18.1,54.0,0.0,0.0,0.0
2026-04-11 02:29:15,29.1,57.8,23.6,54.0,0.0,0.0,0.0
2026-04-11 02:29:20,29.3,57.9,20.9,54.0,0.0,0.0,0.0
2026-04-11 02:29:25,29.1,58.1,8.7,54.0,0.0,0.0,0.0
2026-04-11 02:29:30,29.2,58.2,17.9,54.0,0.0,0.0,0.0
2026-04-11 02:29:35,29.2,58.2,40.0,54.0,0.0,0.0,0.0
2026-04-11 02:29:40,29.2,58.3,24.4,54.0,0.0,0.0,0.0
2026-04-11 02:29:45,29.2,58.2,22.3,54.0,0.0,0.0,0.0
2026-04-11 02:29:50,29.3,58.3,15.2,54.0,0.0,0.0,0.0
2026-04-11 02:29:55,29.4,58.3,33.8,54.0,0.0,0.0,0.0
2026-04-11 02:30:00,29.2,58.3,12.5,54.0,0.0,0.0,0.0
2026-04-11 02:30:05,29.2,58.1,7.1,54.0,0.0,0.0,0.0
2026-04-11 02:30:10,29.4,58.3,5.1,54.0,0.0,0.0,0.0
2026-04-11 02:30:15,29.3,58.3,33.6,54.0,0.0,0.0,0.0
2026-04-11 02:30:20,29.3,58.3,13.0,54.0,0.0,0.0,0.0
2026-04-11 02:30:25,29.2,58.3,11.4,53.9,0.0,0.0,0.0
2026-04-11 02:30:30,29.3,58.1,20.9,53.9,0.0,0.0,0.0
2026-04-11 02:30:35,29.2,58.1,34.3,53.9,0.0,0.0,0.0
2026-04-11 02:30:40,29.2,58.0,13.7,53.9,0.0,0.0,0.0
2026-04-11 02:30:45,29.2,58.0,6.8,53.9,0.0,0.0,0.0
2026-04-11 02:30:50,29.4,58.0,28.1,54.0,0.0,0.0,0.0
2026-04-11 02:30:55,29.1,58.0,11.6,54.0,0.0,0.0,0.0
2026-04-11 02:31:00,29.2,58.1,30.5,53.9,0.0,0.0,0.0
2026-04-11 02:31:05,29.2,58.1,26.4,53.9,0.0,0.0,0.0
2026-04-11 02:31:10,29.2,58.2,13.7,53.9,0.0,0.0,0.0
2026-04-11 02:31:15,29.1,58.1,9.4,54.0,0.0,0.0,0.0
2026-04-11 02:31:20,29.2,58.1,0.0,54.0,0.0,0.0,0.0
2026-04-11 02:31:25,29.3,58.1,14.5,54.0,0.0,0.0,0.0
2026-04-11 02:31:30,29.1,58.1,13.8,54.0,0.0,0.0,0.0
2026-04-11 02:31:35,29.2,58.1,7.2,54.0,0.0,0.0,0.0
2026-04-11 02:31:40,29.2,58.2,24.5,54.0,0.0,0.0,0.0
2026-04-11 02:31:45,29.2,58.2,5.4,53.9,0.0,0.0,0.0
2026-04-11 02:31:50,29.1,58.2,21.8,53.9,0.0,0.0,0.0
2026-04-11 02:31:55,29.2,58.3,4.2,53.9,0.0,0.0,0.0
2026-04-11 02:32:00,29.3,58.2,12.8,53.9,0.0,0.0,0.0
2026-04-11 02:32:05,29.2,58.2,23.5,53.9,0.0,0.0,0.0
2026-04-11 02:32:10,29.3,58.1,18.0,54.0,0.0,0.0,0.0
2026-04-11 02:32:15,29.1,58.1,15.0,54.0,0.0,0.0,0.0
2026-04-11 02:32:20,29.1,58.1,10.8,54.0,0.0,0.0,0.0
2026-04-11 02:32:25,29.2,58.1,5.3,54.0,0.0,0.0,0.0
2026-04-11 02:32:30,29.1,58.1,13.5,54.0,0.0,0.0,0.0
2026-04-11 02:32:35,29.3,58.2,9.8,54.0,0.0,0.0,0.0
2026-04-11 02:32:40,29.2,58.1,12.4,54.0,0.0,0.0,0.0
2026-04-11 02:32:45,29.3,58.2,9.9,54.0,0.0,0.0,0.0
2026-04-11 02:32:50,29.3,58.3,12.6,54.0,0.0,0.0,0.0
2026-04-11 02:32:55,29.1,58.4,26.2,53.9,0.0,0.0,0.0
2026-04-11 02:33:00,29.0,58.4,32.9,53.9,0.0,0.0,0.0
2026-04-11 02:33:05,29.2,58.4,18.0,53.9,0.0,0.0,0.0
2026-04-11 02:33:10,29.2,58.5,18.0,53.9,0.0,0.0,0.0
2026-04-11 02:33:15,29.2,58.5,16.2,53.9,0.0,0.0,0.0
2026-04-11 02:33:20,29.1,58.5,16.0,53.9,0.0,0.0,0.0
2026-04-11 02:33:25,29.3,58.5,10.5,53.9,0.0,0.0,0.0
2026-04-11 02:33:30,29.0,58.4,19.1,54.0,0.0,0.0,0.0
2026-04-11 02:33:35,29.1,58.3,7.3,54.0,0.0,0.0,0.0
2026-04-11 02:33:40,29.2,58.4,21.4,54.0,0.0,0.0,0.0
2026-04-11 02:33:45,29.0,58.3,0.0,54.0,0.0,0.0,0.0
2026-04-11 02:33:50,29.2,58.4,19.6,53.9,0.0,0.0,0.0
2026-04-11 02:33:55,29.2,58.4,39.3,53.9,0.0,0.0,0.0
2026-04-11 02:34:00,29.2,58.4,4.3,53.9,0.0,0.0,0.0
2026-04-11 02:34:05,29.1,58.4,12.0,53.9,0.0,0.0,0.0
2026-04-11 02:34:10,29.3,58.3,9.0,54.0,0.0,0.0,0.0
2026-04-11 02:34:15,29.2,58.2,14.2,54.0,0.0,0.0,0.0
2026-04-11 02:34:20,29.3,58.2,11.8,54.0,0.0,0.0,0.0
2026-04-11 02:34:25,29.1,58.3,14.2,54.0,0.0,0.0,0.0
2026-04-11 02:34:30,29.1,58.2,3.3,54.0,0.0,0.0,0.0
2026-04-11 02:34:35,29.2,58.1,9.2,54.0,0.0,0.0,0.0
2026-04-11 02:34:40,29.2,58.0,1.3,54.0,0.0,0.0,0.0
2026-04-11 02:34:45,29.1,58.1,16.0,54.0,0.0,0.0,0.0
2026-04-11 02:34:50,29.2,58.2,11.7,53.9,0.0,0.0,0.0
2026-04-11 02:34:55,29.3,58.0,21.6,53.9,0.0,0.0,0.0
2026-04-11 02:35:00,29.2,58.1,15.0,54.0,0.0,0.0,0.0
2026-04-11 02:35:05,29.0,58.1,29.7,54.0,0.0,0.0,0.0
2026-04-11 02:35:10,29.1,58.2,10.2,54.0,0.0,0.0,0.0
2026-04-11 02:35:15,29.2,58.3,12.1,54.0,0.0,0.0,0.0
2026-04-11 02:35:20,29.2,58.1,0.0,54.0,0.0,0.0,0.0
2026-04-11 02:35:25,29.3,58.1,25.5,54.0,0.0,0.0,0.0
2026-04-11 02:35:30,29.2,58.0,0.0,54.0,0.0,0.0,0.0
2026-04-11 02:35:35,29.2,57.9,26.2,54.0,0.0,0.0,0.0
2026-04-11 02:35:40,29.2,57.9,13.6,54.0,0.0,0.0,0.0
2026-04-11 02:35:45,29.2,58.0,13.8,54.0,0.0,0.0,0.0
2026-04-11 02:35:50,29.2,57.9,11.3,54.0,0.0,0.0,0.0
2026-04-11 02:35:55,29.2,57.9,27.6,54.0,0.0,0.0,0.0
2026-04-11 02:36:00,29.0,57.8,32.2,54.0,0.0,0.0,0.0
2026-04-11 02:36:05,29.1,57.9,15.1,54.0,0.0,0.0,0.0
2026-04-11 02:36:10,29.2,57.8,16.9,54.0,0.0,0.0,0.0
2026-04-11 02:36:15,29.1,57.8,29.8,54.0,0.0,0.0,0.0
2026-04-11 02:36:20,29.1,57.8,11.2,53.9,0.0,0.0,0.0
2026-04-11 02:36:25,29.3,57.8,26.4,53.9,0.0,0.0,0.0
2026-04-11 02:36:30,29.2,57.7,21.1,54.0,0.0,0.0,0.0
2026-04-11 02:36:35,29.1,57.7,24.2,54.0,0.0,0.0,0.0
2026-04-11 02:36:40,29.1,57.8,0.0,54.0,0.0,0.0,0.0
2026-04-11 02:36:45,29.1,57.7,20.0,54.0,0.0,0.0,0.0
2026-04-11 02:36:50,29.2,57.5,14.6,54.0,0.0,0.0,0.0
2026-04-11 02:36:55,29.2,57.5,0.0,54.0,0.0,0.0,0.0
2026-04-11 02:37:00,29.1,57.6,13.2,54.0,0.0,0.0,0.0
2026-04-11 02:37:05,29.2,57.6,6.1,54.0,0.0,0.0,0.0
2026-04-11 02:37:10,29.2,57.8,0.0,54.0,0.0,0.0,0.0
2026-04-11 02:37:15,29.2,57.8,0.0,54.0,0.0,0.0,0.0
2026-04-11 02:37:20,29.1,57.9,24.5,54.0,0.0,0.0,0.0
2026-04-11 02:37:25,29.1,57.9,17.0,54.0,0.0,0.0,0.0
2026-04-11 02:37:30,29.1,57.8,11.3,54.0,0.0,0.0,0.0
2026-04-11 02:37:35,29.2,58.0,5.4,54.0,0.0,0.0,0.0
2026-04-11 02:37:40,29.2,58.1,25.5,54.0,0.0,0.0,0.0
2026-04-11 02:37:45,29.1,58.1,15.9,54.0,0.0,0.0,0.0
2026-04-11 02:37:50,29.1,58.2,3.1,54.0,0.0,0.0,0.0
2026-04-11 02:37:55,29.1,58.2,19.8,54.0,0.0,0.0,0.0
2026-04-11 02:38:00,29.1,58.2,4.6,54.0,0.0,0.0,0.0
2026-04-11 02:38:05,29.0,58.2,1.6,54.0,0.0,0.0,0.0
2026-04-11 02:38:10,29.2,58.2,26.0,54.0,0.0,0.0,0.0
2026-04-11 02:38:15,29.1,58.3,19.2,54.0,0.0,0.0,0.0
2026-04-11 02:38:20,29.1,58.4,12.0,54.0,0.0,0.0,0.0
2026-04-11 02:38:25,29.1,58.4,13.2,54.0,0.0,0.0,0.0
2026-04-11 02:38:30,29.2,58.2,16.7,54.0,0.0,0.0,0.0
2026-04-11 02:38:35,29.2,58.1,21.8,54.0,0.0,0.0,0.0
2026-04-11 02:38:40,29.1,58.0,3.7,54.0,0.0,0.0,0.0
2026-04-11 02:38:45,29.3,58.1,16.3,54.0,0.0,0.0,0.0
2026-04-11 02:38:50,29.2,58.2,19.0,54.0,0.0,0.0,0.0
2026-04-11 02:38:55,29.3,58.2,15.8,54.0,0.0,0.0,0.0
2026-04-11 02:39:00,29.2,58.1,27.1,54.0,0.0,0.0,0.0
2026-04-11 02:39:05,29.2,58.2,21.2,54.0,0.0,0.0,0.0
2026-04-11 02:39:10,29.1,58.2,22.3,54.0,0.0,0.0,0.0
2026-04-11 02:39:15,29.2,58.0,11.8,54.0,0.0,0.0,0.0
2026-04-11 02:39:20,29.3,58.0,22.5,54.0,0.0,0.0,0.0
2026-04-11 02:39:25,29.2,58.0,8.6,54.0,0.0,0.0,0.0
2026-04-11 02:39:30,29.2,58.1,13.0,54.0,0.0,0.0,0.0
2026-04-11 02:39:35,29.3,58.1,13.1,54.0,0.0,0.0,0.0
2026-04-11 02:39:40,29.1,58.1,26.4,54.0,0.0,0.0,0.0
2026-04-11 02:39:45,29.1,58.3,14.7,54.0,0.0,0.0,0.0
2026-04-11 02:39:50,29.3,58.3,11.0,54.0,0.0,0.0,0.0
2026-04-11 02:39:55,29.3,58.2,4.4,54.0,0.0,0.0,0.0
2026-04-11 02:40:00,29.3,58.1,0.4,54.0,0.0,0.0,0.0
2026-04-11 02:40:05,29.1,58.1,16.0,54.0,0.0,0.0,0.0
2026-04-11 02:40:10,29.2,58.0,6.0,54.0,0.0,0.0,0.0
2026-04-11 02:40:15,29.2,58.2,28.4,54.0,0.0,0.0,0.0
2026-04-11 02:40:20,29.3,58.3,32.9,54.0,0.0,0.0,0.0
2026-04-11 02:40:25,29.1,58.2,25.5,54.0,0.0,0.0,0.0
2026-04-11 02:40:30,29.1,58.1,15.3,54.0,0.0,0.0,0.0
2026-04-11 02:40:35,29.1,58.0,19.3,54.0,0.0,0.0,0.0
2026-04-11 02:40:40,29.1,58.0,12.9,54.0,0.0,0.0,0.0
2026-04-11 02:40:45,29.2,58.0,13.4,54.0,0.0,0.0,0.0
2026-04-11 02:40:50,29.0,57.9,0.0,54.0,0.0,0.0,0.0
2026-04-11 02:40:55,29.3,57.9,13.2,54.0,0.0,0.0,0.0
2026-04-11 02:41:00,29.0,58.0,5.8,54.0,0.0,0.0,0.0
2026-04-11 02:41:05,29.2,57.9,18.4,54.0,0.0,0.0,0.0
2026-04-11 02:41:10,29.1,58.1,21.8,54.0,0.0,0.0,0.0
2026-04-11 02:41:15,29.2,58.1,17.1,54.0,0.0,0.0,0.0
2026-04-11 02:41:20,29.2,58.1,11.1,54.0,0.0,0.0,0.0
2026-04-11 02:41:25,29.1,57.9,18.2,54.0,0.0,0.0,0.0
2026-04-11 02:41:30,29.0,57.8,14.3,54.0,0.0,0.0,0.0
2026-04-11 02:41:35,29.2,57.7,15.6,53.9,0.0,0.0,0.0
2026-04-11 02:41:40,29.0,57.7,7.6,53.9,0.0,0.0,0.0
2026-04-11 02:41:45,29.2,57.7,14.1,54.0,0.0,0.0,0.0
2026-04-11 02:41:50,29.1,57.6,18.0,54.0,0.0,0.0,0.0
2026-04-11 02:41:55,29.2,57.6,21.2,54.0,0.0,0.0,0.0
2026-04-11 02:42:00,29.0,57.8,19.5,54.0,0.0,0.0,0.0
2026-04-11 02:42:05,29.1,57.7,16.9,54.0,0.0,0.0,0.0
2026-04-11 02:42:10,29.1,57.8,5.5,54.0,0.0,0.0,0.0
2026-04-11 02:42:15,29.1,57.8,12.7,54.0,0.0,0.0,0.0
2026-04-11 02:42:20,29.2,57.9,20.5,54.0,0.0,0.0,0.0
2026-04-11 02:42:25,29.1,57.9,16.6,54.0,0.0,0.0,0.0
2026-04-11 02:42:30,29.0,57.8,30.7,54.0,0.0,0.0,0.0
2026-04-11 02:42:35,29.1,57.8,9.1,54.0,0.0,0.0,0.0
2026-04-11 02:42:40,29.1,57.9,4.5,54.0,0.0,0.0,0.0
2026-04-11 02:42:45,29.2,57.9,26.6,54.0,0.0,0.0,0.0
2026-04-11 02:42:50,29.1,57.9,26.7,54.0,0.0,0.0,0.0
2026-04-11 02:42:55,29.0,57.9,19.0,54.0,0.0,0.0,0.0
2026-04-11 02:43:00,29.1,58.0,11.9,54.0,0.0,0.0,0.0
2026-04-11 02:43:05,28.9,58.0,22.3,54.0,0.0,0.0,0.0
2026-04-11 02:43:10,29.1,58.0,0.0,54.0,0.0,0.0,0.0
2026-04-11 02:43:15,29.0,58.0,16.9,54.0,0.0,0.0,0.0
2026-04-11 02:43:20,29.1,57.8,4.5,54.0,0.0,0.0,0.0
2026-04-11 02:43:25,29.0,57.8,16.2,54.0,0.0,0.0,0.0
2026-04-11 02:43:30,29.1,57.8,9.5,54.0,0.0,0.0,0.0
2026-04-11 02:43:35,29.0,57.7,13.7,54.0,0.0,0.0,0.0
2026-04-11 02:43:40,29.0,57.8,8.0,54.0,0.0,0.0,0.0
2026-04-11 02:43:45,29.3,57.8,23.3,54.0,0.0,0.0,0.0
2026-04-11 02:43:50,29.1,57.9,12.3,54.0,0.0,0.0,0.0
2026-04-11 02:43:55,29.0,57.9,7.3,54.0,0.0,0.0,0.0
2026-04-11 02:44:00,29.1,57.8,23.3,54.0,0.0,0.0,0.0
2026-04-11 02:44:05,29.2,57.8,25.3,54.0,0.0,0.0,0.0
2026-04-11 02:44:10,29.1,57.8,0.0,54.0,0.0,0.0,0.0
2026-04-11 02:44:15,29.2,57.8,36.4,54.0,0.0,0.0,0.0
2026-04-11 02:44:20,29.1,57.7,18.1,54.0,0.0,0.0,0.0
2026-04-11 02:44:25,29.1,57.9,19.9,54.0,0.0,0.0,0.0
2026-04-11 02:44:30,29.1,58.0,25.5,54.0,0.0,0.0,0.0
2026-04-11 02:44:35,29.3,58.1,10.1,54.0,0.0,0.0,0.0
2026-04-11 02:44:40,29.2,58.2,17.1,54.0,0.0,0.0,0.0
2026-04-11 02:44:45,29.1,58.2,3.2,54.0,0.0,0.0,0.0
2026-04-11 02:44:50,29.0,58.3,4.4,54.0,0.0,0.0,0.0
2026-04-11 02:44:55,29.2,58.3,10.0,54.0,0.0,0.0,0.0
2026-04-11 02:45:00,29.0,58.2,26.5,54.0,0.0,0.0,0.0
2026-04-11 02:45:05,29.1,58.1,12.4,54.0,0.0,0.0,0.0
2026-04-11 02:45:10,29.2,58.1,17.2,54.0,0.0,0.0,0.0
2026-04-11 02:45:15,29.1,58.1,17.8,54.0,0.0,0.0,0.0
2026-04-11 02:45:20,29.0,58.1,0.0,54.0,0.0,0.0,0.0
2026-04-11 02:45:25,29.1,58.0,1.8,54.0,0.0,0.0,0.0
2026-04-11 02:45:30,29.2,58.0,7.3,54.0,0.0,0.0,0.0
2026-04-11 02:45:35,29.1,58.0,10.4,54.0,0.0,0.0,0.0
2026-04-11 02:45:40,29.1,58.1,0.0,54.0,0.0,0.0,0.0
2026-04-11 02:45:45,29.2,58.1,0.0,54.0,0.0,0.0,0.0
2026-04-11 02:45:50,29.2,58.2,20.9,54.0,0.0,0.0,0.0
2026-04-11 02:45:55,29.0,58.2,22.9,54.0,0.0,0.0,0.0
2026-04-11 02:46:00,28.9,58.0,0.0,54.0,0.0,0.0,0.0
2026-04-11 02:46:05,29.0,58.1,11.2,54.0,0.0,0.0,0.0
2026-04-11 02:46:10,29.1,58.0,23.9,54.0,0.0,0.0,0.0
2026-04-11 02:46:15,29.2,58.0,2.3,54.0,0.0,0.0,0.0
2026-04-11 02:46:20,29.3,57.9,15.1,54.0,0.0,0.0,0.0
2026-04-11 02:46:25,29.1,57.8,18.1,54.0,0.0,0.0,0.0
2026-04-11 02:46:30,29.2,57.6,0.0,54.0,0.0,0.0,0.0
2026-04-11 02:46:35,29.2,57.7,7.1,54.0,0.0,0.0,0.0
2026-04-11 02:46:40,29.1,57.8,22.6,54.0,0.0,0.0,0.0
2026-04-11 02:46:45,29.1,57.8,0.0,54.0,0.0,0.0,0.0
2026-04-11 02:46:50,29.2,57.8,11.5,54.0,0.0,0.0,0.0
2026-04-11 02:46:55,29.2,57.8,10.2,54.0,0.0,0.0,0.0
2026-04-11 02:47:00,29.1,57.8,29.5,54.0,0.0,0.0,0.0
2026-04-11 02:47:05,29.0,57.8,29.3,54.0,0.0,0.0,0.0
2026-04-11 02:47:10,29.1,57.8,7.9,54.0,0.0,0.0,0.0
2026-04-11 02:47:15,29.2,58.0,34.9,54.0,0.0,0.0,0.0
2026-04-11 02:47:20,29.1,58.0,7.0,54.0,0.0,0.0,0.0
2026-04-11 02:47:25,29.0,58.0,14.2,54.0,0.0,0.0,0.0
2026-04-11 02:47:30,29.2,58.1,36.2,53.9,0.0,0.0,0.0
2026-04-11 02:47:35,29.2,58.0,7.5,53.9,0.0,0.0,0.0
2026-04-11 02:47:40,29.2,58.1,6.5,54.0,0.0,0.0,0.0
2026-04-11 02:47:45,29.2,58.1,18.2,54.0,0.0,0.0,0.0
2026-04-11 02:47:50,29.2,58.0,4.4,54.0,0.0,0.0,0.0
2026-04-11 02:47:55,29.0,58.1,14.7,54.0,0.0,0.0,0.0
2026-04-11 02:48:00,29.3,58.0,29.2,54.0,0.0,0.0,0.0
2026-04-11 02:48:05,29.1,58.0,14.3,54.0,0.0,0.0,0.0
2026-04-11 02:48:10,29.1,58.1,7.7,54.0,0.0,0.0,0.0
2026-04-11 02:48:15,29.1,58.2,10.5,54.0,0.0,0.0,0.0
2026-04-11 02:48:20,29.0,58.2,6.3,54.0,0.0,0.0,0.0
2026-04-11 02:48:25,29.1,58.2,16.9,54.0,0.0,0.0,0.0
2026-04-11 02:48:30,29.1,58.1,7.4,54.0,0.0,0.0,0.0
2026-04-11 02:48:35,29.1,58.1,4.0,54.0,0.0,0.0,0.0
2026-04-11 02:48:40,29.0,58.0,3.9,54.0,0.0,0.0,0.0
2026-04-11 02:48:45,29.2,57.9,15.6,54.0,0.0,0.0,0.0
2026-04-11 02:48:50,29.2,57.9,13.0,54.0,0.0,0.0,0.0
2026-04-11 02:48:55,29.2,57.9,31.0,54.0,0.0,0.0,0.0
2026-04-11 02:49:00,29.2,57.8,16.8,54.0,0.0,0.0,0.0
2026-04-11 02:49:05,29.1,57.9,36.2,54.0,0.0,0.0,0.0
2026-04-11 02:49:10,29.2,57.9,10.3,54.0,0.0,0.0,0.0
2026-04-11 02:49:15,29.1,57.9,14.6,54.0,0.0,0.0,0.0
2026-04-11 02:49:20,29.1,57.9,10.5,54.0,0.0,0.0,0.0
2026-04-11 02:49:25,29.3,57.9,13.9,54.0,0.0,0.0,0.0
2026-04-11 02:49:30,29.2,58.0,30.2,54.0,0.0,0.0,0.0
2026-04-11 02:49:35,29.3,58.0,25.2,54.0,0.0,0.0,0.0
2026-04-11 02:49:40,29.2,57.9,20.4,54.0,0.0,0.0,0.0
2026-04-11 02:49:45,29.0,58.0,15.0,54.0,0.0,0.0,0.0
2026-04-11 02:49:50,29.1,58.0,27.6,54.0,0.0,0.0,0.0
2026-04-11 02:49:55,29.3,57.9,14.3,54.0,0.0,0.0,0.0
2026-04-11 02:50:00,29.1,57.9,2.8,54.0,0.0,0.0,0.0
2026-04-11 02:50:05,29.2,57.9,7.2,54.0,0.0,0.0,0.0
2026-04-11 02:50:10,29.2,58.0,0.0,54.0,0.0,0.0,0.0
2026-04-11 02:50:15,29.1,57.9,29.6,54.0,0.0,0.0,0.0
2026-04-11 02:50:20,29.2,57.9,15.2,54.1,0.0,0.0,0.0
2026-04-11 02:50:25,28.9,58.1,33.2,54.1,0.0,0.0,0.0
2026-04-11 02:50:30,29.1,58.2,7.9,54.1,0.0,0.0,0.0
2026-04-11 02:50:35,29.1,58.3,16.1,54.0,0.0,0.0,0.0
2026-04-11 02:50:40,29.2,58.3,15.2,54.0,0.0,0.0,0.0
2026-04-11 02:50:45,29.2,58.3,29.5,54.0,0.0,0.0,0.0
2026-04-11 02:50:50,29.1,58.3,28.7,54.0,0.0,0.0,0.0
2026-04-11 02:50:55,29.2,58.2,4.0,54.0,0.0,0.0,0.0
2026-04-11 02:51:00,29.3,58.3,11.7,54.0,0.0,0.0,0.0
2026-04-11 02:51:05,29.1,58.3,11.3,53.9,0.0,0.0,0.0
2026-04-11 02:51:10,29.2,58.3,11.0,53.9,0.0,0.0,0.0
2026-04-11 02:51:15,29.2,58.4,7.3,54.0,0.0,0.0,0.0
2026-04-11 02:51:20,29.2,58.4,4.1,54.0,0.0,0.0,0.0
2026-04-11 02:51:25,29.1,58.4,0.0,54.0,0.0,0.0,0.0
2026-04-11 02:51:30,29.1,58.4,24.1,54.0,0.0,0.0,0.0
2026-04-11 02:51:35,29.2,58.5,18.1,54.0,0.0,0.0,0.0
2026-04-11 02:51:40,29.2,58.4,1.1,54.0,0.0,0.0,0.0
2026-04-11 02:51:45,29.1,58.5,6.1,54.0,0.0,0.0,0.0
2026-04-11 02:51:50,29.3,58.4,10.5,54.0,0.0,0.0,0.0
2026-04-11 02:51:55,29.1,58.5,24.0,54.0,0.0,0.0,0.0
2026-04-11 02:52:00,29.1,58.6,0.0,54.0,0.0,0.0,0.0
2026-04-11 02:52:05,29.1,58.6,7.9,54.0,0.0,0.0,0.0
2026-04-11 02:52:10,29.0,58.6,17.8,54.0,0.0,0.0,0.0
2026-04-11 02:52:15,29.1,58.6,12.1,54.0,0.0,0.0,0.0
2026-04-11 02:52:20,29.1,58.7,5.7,54.0,0.0,0.0,0.0
2026-04-11 02:52:25,29.1,58.7,10.7,54.0,0.0,0.0,0.0
2026-04-11 02:52:30,29.3,58.6,11.4,54.0,0.0,0.0,0.0
2026-04-11 02:52:35,29.3,58.5,24.2,53.9,0.0,0.0,0.0
2026-04-11 02:52:40,29.2,58.5,1.8,53.9,0.0,0.0,0.0
2026-04-11 02:52:45,29.1,58.4,16.0,53.9,0.0,0.0,0.0
2026-04-11 02:52:50,29.1,58.4,0.0,54.0,0.0,0.0,0.0
2026-04-11 02:52:55,29.2,58.5,16.8,54.0,0.0,0.0,0.0
2026-04-11 02:53:00,29.2,58.5,8.8,54.0,0.0,0.0,0.0
2026-04-11 02:53:05,29.0,58.5,19.9,54.0,0.0,0.0,0.0
2026-04-11 02:53:10,29.0,58.6,0.0,53.9,0.0,0.0,0.0
2026-04-11 02:53:15,29.1,58.6,16.4,53.9,0.0,0.0,0.0
2026-04-11 02:53:20,29.2,58.6,24.2,54.0,0.0,0.0,0.0
2026-04-11 02:53:25,29.1,58.6,50.7,54.0,0.0,0.0,0.0
2026-04-11 02:53:30,29.1,58.6,14.5,54.0,0.0,0.0,0.0
2026-04-11 02:53:35,29.1,58.5,12.3,54.0,0.0,0.0,0.0
2026-04-11 02:53:40,29.1,58.4,0.4,54.0,0.0,0.0,0.0
2026-04-11 02:53:45,28.9,58.4,2.7,54.0,0.0,0.0,0.0
2026-04-11 02:53:50,29.1,58.5,18.0,54.0,0.0,0.0,0.0
2026-04-11 02:53:55,29.1,58.4,6.6,53.9,0.0,0.0,0.0
2026-04-11 02:54:00,29.1,58.4,4.7,53.9,0.0,0.0,0.0
2026-04-11 02:54:05,29.2,58.5,18.0,53.9,0.0,0.0,0.0
2026-04-11 02:54:10,29.0,58.5,28.6,54.0,0.0,0.0,0.0
2026-04-11 02:54:15,29.1,58.5,10.6,54.0,0.0,0.0,0.0
2026-04-11 02:54:20,29.2,58.5,7.0,53.9,0.0,0.0,0.0
2026-04-11 02:54:25,29.1,58.4,2.6,53.9,0.0,0.0,0.0
2026-04-11 02:54:30,29.1,58.3,22.6,53.9,0.0,0.0,0.0
2026-04-11 02:54:35,29.0,58.1,16.6,53.9,0.0,0.0,0.0
2026-04-11 02:54:40,29.2,58.2,32.9,53.9,0.0,0.0,0.0
2026-04-11 02:54:45,29.2,58.2,26.9,53.9,0.0,0.0,0.0
2026-04-11 02:54:50,29.0,58.0,15.3,54.0,0.0,0.0,0.0
2026-04-11 02:54:55,29.1,58.1,6.2,54.0,0.0,0.0,0.0
2026-04-11 02:55:00,29.2,58.1,0.0,54.0,0.0,0.0,0.0
2026-04-11 02:55:05,29.0,58.1,25.0,54.0,0.0,0.0,0.0
2026-04-11 02:55:10,29.1,58.2,18.0,54.0,0.0,0.0,0.0
2026-04-11 02:55:15,29.1,58.3,14.2,54.0,0.0,0.0,0.0
2026-04-11 02:55:20,29.1,58.4,27.6,53.9,0.0,0.0,0.0
2026-04-11 02:55:25,29.2,58.3,19.7,53.9,0.0,0.0,0.0
2026-04-11 02:55:30,29.1,58.3,13.8,53.9,0.0,0.0,0.0
2026-04-11 02:55:35,29.2,58.4,17.7,54.0,0.0,0.0,0.0
2026-04-11 02:55:40,29.1,58.4,22.5,54.0,0.0,0.0,0.0
2026-04-11 02:55:45,29.1,58.4,8.3,54.0,0.0,0.0,0.0
2026-04-11 02:55:50,29.3,58.3,22.3,53.9,0.0,0.0,0.0
2026-04-11 02:55:55,29.1,58.4,18.6,53.9,0.0,0.0,0.0
2026-04-11 02:56:00,29.1,58.4,14.1,53.9,0.0,0.0,0.0
2026-04-11 02:56:05,29.2,58.5,2.9,53.9,0.0,0.0,0.0
2026-04-11 02:56:10,29.1,58.4,25.8,54.0,0.0,0.0,0.0
2026-04-11 02:56:15,29.1,58.4,10.3,54.0,0.0,0.0,0.0
2026-04-11 02:56:20,29.1,58.3,23.3,54.0,0.0,0.0,0.0
2026-04-11 02:56:25,29.1,58.3,15.6,53.9,0.0,0.0,0.0
2026-04-11 02:56:30,29.1,58.3,25.5,53.9,0.0,0.0,0.0
2026-04-11 02:56:35,29.1,58.5,7.2,53.9,0.0,0.0,0.0
2026-04-11 02:56:40,29.2,58.6,7.2,54.0,0.0,0.0,0.0
2026-04-11 02:56:45,29.0,58.5,22.0,54.0,0.0,0.0,0.0
2026-04-11 02:56:50,29.1,58.5,17.7,54.0,0.0,0.0,0.0
2026-04-11 02:56:55,29.2,58.3,28.7,53.9,0.0,0.0,0.0
2026-04-11 02:57:00,29.2,58.3,30.8,53.9,0.0,0.0,0.0
2026-04-11 02:57:05,29.1,58.3,19.8,53.9,0.0,0.0,0.0
2026-04-11 02:57:10,29.1,58.3,7.3,54.0,0.0,0.0,0.0
2026-04-11 02:57:15,29.2,58.2,21.9,54.0,0.0,0.0,0.0
2026-04-11 02:57:20,29.2,58.3,18.3,54.0,0.0,0.0,0.0
2026-04-11 02:57:25,29.1,58.4,13.3,54.0,0.0,0.0,0.0
2026-04-11 02:57:30,29.1,58.4,12.3,54.0,0.0,0.0,0.0
2026-04-11 02:57:35,29.1,58.4,3.6,53.9,0.0,0.0,0.0
2026-04-11 02:57:40,29.2,58.5,30.1,53.9,0.0,0.0,0.0
2026-04-11 02:57:45,29.2,58.7,19.5,53.9,0.0,0.0,0.0
2026-04-11 02:57:50,29.0,58.7,13.0,54.0,0.0,0.0,0.0
2026-04-11 02:57:55,29.0,58.5,34.6,54.0,0.0,0.0,0.0
2026-04-11 02:58:00,29.1,58.5,14.9,53.9,0.0,0.0,0.0
2026-04-11 02:58:05,29.1,58.5,13.3,53.9,0.0,0.0,0.0
2026-04-11 02:58:10,29.1,58.6,13.5,53.9,0.0,0.0,0.0
2026-04-11 02:58:15,29.2,58.6,15.4,53.9,0.0,0.0,0.0
2026-04-11 02:58:20,29.1,58.7,31.1,53.9,0.0,0.0,0.0
2026-04-11 02:58:25,29.2,58.7,0.0,53.9,0.0,0.0,0.0
2026-04-11 02:58:30,29.1,58.7,2.3,53.9,0.0,0.0,0.0
2026-04-11 02:58:35,29.2,58.7,0.0,53.9,0.0,0.0,0.0
2026-04-11 02:58:40,29.2,58.7,32.7,53.9,0.0,0.0,0.0
2026-04-11 02:58:45,29.0,58.7,25.0,53.9,0.0,0.0,0.0
2026-04-11 02:58:50,28.9,58.7,26.6,53.9,0.0,0.0,0.0
2026-04-11 02:58:55,29.1,58.8,12.2,54.0,0.0,0.0,0.0
2026-04-11 02:59:00,29.1,58.8,5.3,54.0,0.0,0.0,0.0
2026-04-11 02:59:05,29.0,58.7,19.7,54.0,0.0,0.0,0.0
2026-04-11 02:59:10,29.1,58.7,33.0,54.0,0.0,0.0,0.0
2026-04-11 02:59:15,29.0,58.6,2.8,54.0,0.0,0.0,0.0
2026-04-11 02:59:20,29.0,58.6,20.5,54.0,0.0,0.0,0.0
2026-04-11 02:59:25,29.0,58.6,25.0,53.9,0.0,0.0,0.0
2026-04-11 02:59:30,29.1,58.7,6.3,53.9,0.0,0.0,0.0
2026-04-11 02:59:35,29.1,58.9,24.0,53.9,0.0,0.0,0.0
2026-04-11 02:59:40,29.1,58.8,25.6,53.9,0.0,0.0,0.0
2026-04-11 02:59:45,29.3,58.7,24.6,53.9,0.0,0.0,0.0
2026-04-11 02:59:50,29.2,58.6,0.0,53.9,0.0,0.0,0.0
2026-04-11 02:59:55,29.2,58.5,18.8,53.9,0.0,0.0,0.0
2026-04-11 03:00:00,29.2,58.3,15.1,53.9,0.0,0.0,0.0
2026-04-11 03:00:05,29.1,58.3,14.2,53.9,0.0,0.0,0.0
2026-04-11 03:00:10,29.2,58.4,26.2,53.9,0.0,0.0,0.0
2026-04-11 03:00:15,29.1,58.5,9.8,53.9,0.0,0.0,0.0
2026-04-11 03:00:20,29.1,58.5,10.4,53.9,0.0,0.0,0.0
2026-04-11 03:00:25,29.1,58.6,4.8,53.9,0.0,0.0,0.0
2026-04-11 03:00:30,29.2,58.6,14.0,53.9,0.0,0.0,0.0
2026-04-11 03:00:35,29.2,58.5,1.8,54.0,0.0,0.0,0.0
2026-04-11 03:00:40,29.2,58.5,7.9,54.0,0.0,0.0,0.0
2026-04-11 03:00:45,29.0,58.5,6.5,54.0,0.0,0.0,0.0
2026-04-11 03:00:50,29.3,58.5,15.0,54.0,0.0,0.0,0.0
2026-04-11 03:00:55,29.0,58.4,30.1,54.0,0.0,0.0,0.0
2026-04-11 03:01:00,29.2,58.3,11.4,54.0,0.0,0.0,0.0
2026-04-11 03:01:05,29.0,58.3,26.8,53.9,0.0,0.0,0.0
2026-04-11 03:01:10,29.2,58.3,4.4,53.9,0.0,0.0,0.0
2026-04-11 03:01:15,29.0,58.2,3.1,53.9,0.0,0.0,0.0
2026-04-11 03:01:20,29.1,58.3,18.5,53.9,0.0,0.0,0.0
2026-04-11 03:01:25,29.2,58.4,1.7,53.9,0.0,0.0,0.0
2026-04-11 03:01:30,29.1,58.3,1.2,53.9,0.0,0.0,0.0
2026-04-11 03:01:35,29.2,58.3,20.8,53.9,0.0,0.0,0.0
2026-04-11 03:01:40,29.0,58.2,5.4,53.9,0.0,0.0,0.0
2026-04-11 03:01:45,29.1,58.1,12.4,53.9,0.0,0.0,0.0
2026-04-11 03:01:50,29.1,58.0,13.7,53.9,0.0,0.0,0.0
2026-04-11 03:01:55,29.1,58.0,16.8,53.9,0.0,0.0,0.0
2026-04-11 03:02:00,29.1,58.1,22.3,53.9,0.0,0.0,0.0
2026-04-11 03:02:05,29.2,58.1,26.3,53.9,0.0,0.0,0.0
2026-04-11 03:02:10,29.1,58.2,18.0,53.9,0.0,0.0,0.0
2026-04-11 03:02:15,29.1,58.2,23.6,53.9,0.0,0.0,0.0
2026-04-11 03:02:20,29.2,58.2,30.1,53.9,0.0,0.0,0.0
2026-04-11 03:02:25,29.1,58.1,24.0,53.9,0.0,0.0,0.0
2026-04-11 03:02:30,29.0,57.9,30.1,53.9,0.0,0.0,0.0
2026-04-11 03:02:35,29.1,57.9,16.4,53.9,0.0,0.0,0.0
2026-04-11 03:02:40,29.2,58.0,22.6,53.9,0.0,0.0,0.0
2026-04-11 03:02:45,29.1,58.1,19.4,53.9,0.0,0.0,0.0
2026-04-11 03:02:50,29.1,58.1,16.2,53.9,0.0,0.0,0.0
2026-04-11 03:02:55,29.0,58.1,16.0,53.9,0.0,0.0,0.0
2026-04-11 03:03:00,29.1,58.2,21.4,53.9,0.0,0.0,0.0
2026-04-11 03:03:05,29.0,58.3,2.2,53.9,0.0,0.0,0.0
2026-04-11 03:03:10,29.1,58.2,7.8,53.9,0.0,0.0,0.0
2026-04-11 03:03:15,29.1,58.2,0.0,53.9,0.0,0.0,0.0
2026-04-11 03:03:20,29.0,58.2,14.8,53.9,0.0,0.0,0.0
2026-04-11 03:03:25,29.2,58.1,7.6,53.9,0.0,0.0,0.0
2026-04-11 03:03:30,29.2,58.1,20.4,53.9,0.0,0.0,0.0
2026-04-11 03:03:35,29.1,58.0,22.3,53.9,0.0,0.0,0.0
2026-04-11 03:03:40,29.2,58.0,29.4,53.9,0.0,0.0,0.0
2026-04-11 03:03:45,29.1,57.9,22.1,53.9,0.0,0.0,0.0
2026-04-11 03:03:50,28.9,58.1,25.9,53.9,0.0,0.0,0.0
2026-04-11 03:03:55,28.9,58.2,14.2,53.9,0.0,0.0,0.0
2026-04-11 03:04:00,29.2,58.0,13.0,53.9,0.0,0.0,0.0
2026-04-11 03:04:05,29.0,58.1,8.2,53.9,0.0,0.0,0.0
2026-04-11 03:04:10,29.1,58.1,0.0,53.9,0.0,0.0,0.0
2026-04-11 03:04:15,29.0,58.2,39.3,53.9,0.0,0.0,0.0
2026-04-11 03:04:20,29.1,58.4,38.3,53.9,0.0,0.0,0.0
2026-04-11 03:04:25,29.3,58.4,31.5,53.9,0.0,0.0,0.0
2026-04-11 03:04:30,29.0,58.3,24.3,53.9,0.0,0.0,0.0
2026-04-11 03:04:35,29.1,58.4,15.9,53.9,0.0,0.0,0.0
2026-04-11 03:04:40,29.1,58.3,31.1,53.9,0.0,0.0,0.0
2026-04-11 03:04:45,29.1,58.4,3.8,53.9,0.0,0.0,0.0
2026-04-11 03:04:50,29.2,58.4,0.5,53.9,0.0,0.0,0.0
2026-04-11 03:04:55,29.1,58.5,20.7,53.9,0.0,0.0,0.0
2026-04-11 03:05:00,29.2,58.5,5.0,53.9,0.0,0.0,0.0
2026-04-11 03:05:05,29.2,58.4,4.7,53.9,0.0,0.0,0.0
2026-04-11 03:05:10,29.1,58.3,3.7,53.9,0.0,0.0,0.0
2026-04-11 03:05:15,29.1,58.4,2.0,53.9,0.0,0.0,0.0
2026-04-11 03:05:20,29.1,58.3,7.9,53.9,0.0,0.0,0.0
2026-04-11 03:05:25,28.9,58.3,20.2,53.9,0.0,0.0,0.0
2026-04-11 03:05:30,29.2,58.3,19.4,53.9,0.0,0.0,0.0
2026-04-11 03:05:35,29.0,58.2,1.5,53.9,0.0,0.0,0.0
2026-04-11 03:05:40,29.1,58.1,28.4,53.9,0.0,0.0,0.0
2026-04-11 03:05:45,29.0,58.0,15.6,53.9,0.0,0.0,0.0
2026-04-11 03:05:50,29.0,58.0,16.6,53.9,0.0,0.0,0.0
2026-04-11 03:05:55,29.0,58.1,18.5,53.9,0.0,0.0,0.0
2026-04-11 03:06:00,29.2,58.1,18.7,53.9,0.0,0.0,0.0
2026-04-11 03:06:05,29.1,58.2,2.2,53.9,0.0,0.0,0.0
2026-04-11 03:06:10,29.1,58.2,26.1,53.9,0.0,0.0,0.0
2026-04-11 03:06:15,29.2,58.2,8.6,53.9,0.0,0.0,0.0
2026-04-11 03:06:20,29.1,58.1,11.3,53.9,0.0,0.0,0.0
2026-04-11 03:06:25,29.2,58.1,1.6,53.9,0.0,0.0,0.0
2026-04-11 03:06:30,29.2,58.2,16.1,53.9,0.0,0.0,0.0
2026-04-11 03:06:35,29.2,58.3,2.0,53.9,0.0,0.0,0.0
2026-04-11 03:06:40,29.1,58.3,15.2,53.9,0.0,0.0,0.0
2026-04-11 03:06:45,29.1,58.3,9.3,53.9,0.0,0.0,0.0
2026-04-11 03:06:50,29.0,58.3,14.5,53.9,0.0,0.0,0.0
2026-04-11 03:06:55,29.1,58.4,2.3,53.9,0.0,0.0,0.0
2026-04-11 03:07:00,29.2,58.5,38.6,53.9,0.0,0.0,0.0
2026-04-11 03:07:05,29.1,58.6,27.7,53.9,0.0,0.0,0.0
2026-04-11 03:07:10,29.1,58.6,10.4,53.9,0.0,0.0,0.0
2026-04-11 03:07:15,29.2,58.6,9.7,53.9,0.0,0.0,0.0
2026-04-11 03:07:20,29.1,58.5,12.8,53.9,0.0,0.0,0.0
2026-04-11 03:07:25,29.0,58.6,25.5,53.9,0.0,0.0,0.0
2026-04-11 03:07:30,29.1,58.5,15.6,53.9,0.0,0.0,0.0
2026-04-11 03:07:35,29.0,58.4,8.1,53.9,0.0,0.0,0.0
2026-04-11 03:07:40,29.1,58.5,16.7,53.9,0.0,0.0,0.0
2026-04-11 03:07:45,29.1,58.5,18.9,53.9,0.0,0.0,0.0
2026-04-11 03:07:50,29.3,58.6,20.9,53.9,0.0,0.0,0.0
2026-04-11 03:07:55,29.2,58.5,12.8,53.9,0.0,0.0,0.0
2026-04-11 03:08:00,29.2,58.5,20.6,53.9,0.0,0.0,0.0
2026-04-11 03:08:05,29.2,58.5,20.7,53.9,0.0,0.0,0.0
2026-04-11 03:08:10,29.0,58.5,10.2,53.9,0.0,0.0,0.0
2026-04-11 03:08:15,29.0,58.5,0.0,53.9,0.0,0.0,0.0
2026-04-11 03:08:20,29.0,58.5,13.3,53.9,0.0,0.0,0.0
2026-04-11 03:08:25,29.1,58.5,31.4,53.9,0.0,0.0,0.0
2026-04-11 03:08:30,29.2,58.4,24.0,53.9,0.0,0.0,0.0
2026-04-11 03:08:35,29.1,58.5,4.2,53.9,0.0,0.0,0.0
2026-04-11 03:08:40,28.9,58.4,34.9,53.9,0.0,0.0,0.0
2026-04-11 03:08:45,29.1,58.3,18.6,53.9,0.0,0.0,0.0
2026-04-11 03:08:50,29.0,58.3,24.9,53.9,0.0,0.0,0.0
2026-04-11 03:08:55,28.9,58.3,11.9,53.9,0.0,0.0,0.0
2026-04-11 03:09:00,29.0,58.3,11.8,53.9,0.0,0.0,0.0
2026-04-11 03:09:05,29.0,58.4,11.2,53.9,0.0,0.0,0.0
2026-04-11 03:09:10,29.0,58.5,13.5,53.9,0.0,0.0,0.0
2026-04-11 03:09:15,29.0,58.5,10.5,53.9,0.0,0.0,0.0
2026-04-11 03:09:20,29.1,58.5,26.8,53.9,0.0,0.0,0.0
2026-04-11 03:09:25,29.0,58.6,12.3,53.9,0.0,0.0,0.0
2026-04-11 03:09:30,29.1,58.6,31.5,53.9,0.0,0.0,0.0
2026-04-11 03:09:35,29.1,58.6,11.5,53.9,0.0,0.0,0.0
2026-04-11 03:09:40,29.0,58.4,1.7,53.9,0.0,0.0,0.0
2026-04-11 03:09:45,29.1,58.5,11.3,53.9,0.0,0.0,0.0
2026-04-11 03:09:50,29.1,58.5,26.7,53.9,0.0,0.0,0.0
2026-04-11 03:09:55,29.0,58.5,22.2,53.9,0.0,0.0,0.0
2026-04-11 03:10:00,29.1,58.5,24.8,53.9,0.0,0.0,0.0
2026-04-11 03:10:05,29.0,58.4,25.2,53.9,0.0,0.0,0.0
2026-04-11 03:10:10,29.2,58.5,13.9,53.9,0.0,0.0,0.0
2026-04-11 03:10:15,29.2,58.6,36.7,53.9,0.0,0.0,0.0
2026-04-11 03:10:20,29.0,58.6,24.6,53.9,0.0,0.0,0.0
2026-04-11 03:10:25,29.0,58.6,6.2,54.0,0.0,0.0,0.0
2026-04-11 03:10:30,29.0,58.6,16.5,54.0,0.0,0.0,0.0
2026-04-11 03:10:35,29.1,58.6,4.9,54.0,0.0,0.0,0.0
2026-04-11 03:10:40,29.2,58.5,0.1,54.0,0.0,0.0,0.0
2026-04-11 03:10:45,29.1,58.6,4.0,53.9,0.0,0.0,0.0
2026-04-11 03:10:50,29.0,58.5,22.4,53.9,0.0,0.0,0.0
2026-04-11 03:10:55,29.1,58.5,0.0,53.9,0.0,0.0,0.0
2026-04-11 03:11:00,29.1,58.5,13.7,53.9,0.0,0.0,0.0
2026-04-11 03:11:05,29.1,58.6,8.6,53.9,0.0,0.0,0.0
2026-04-11 03:11:10,29.0,58.6,17.4,53.9,0.0,0.0,0.0
2026-04-11 03:11:15,29.1,58.6,28.4,53.9,0.0,0.0,0.0
2026-04-11 03:11:20,28.9,58.6,2.9,53.9,0.0,0.0,0.0
2026-04-11 03:11:25,29.0,58.7,22.9,53.9,0.0,0.0,0.0
2026-04-11 03:11:30,29.1,58.7,10.5,53.9,0.0,0.0,0.0
2026-04-11 03:11:35,29.0,58.9,28.7,53.9,0.0,0.0,0.0
2026-04-11 03:11:40,29.0,59.1,20.6,53.9,0.0,0.0,0.0
2026-04-11 03:11:45,29.0,59.1,19.7,53.9,0.0,0.0,0.0
2026-04-11 03:11:50,29.0,59.0,18.7,53.9,0.0,0.0,0.0
2026-04-11 03:11:55,29.1,59.0,12.0,53.9,0.0,0.0,0.0
2026-04-11 03:12:00,29.1,59.0,15.6,53.9,0.0,0.0,0.0
2026-04-11 03:12:05,29.2,59.0,14.2,53.9,0.0,0.0,0.0
2026-04-11 03:12:10,29.0,59.0,22.1,53.9,0.0,0.0,0.0
2026-04-11 03:12:15,29.0,59.1,7.5,53.9,0.0,0.0,0.0
2026-04-11 03:12:20,29.0,59.1,15.7,53.9,0.0,0.0,0.0
2026-04-11 03:12:25,29.1,59.1,20.9,53.9,0.0,0.0,0.0
2026-04-11 03:12:30,29.1,59.0,0.4,53.9,0.0,0.0,0.0
2026-04-11 03:12:35,29.1,59.0,4.9,53.9,0.0,0.0,0.0
2026-04-11 03:12:40,29.2,58.9,12.3,53.9,0.0,0.0,0.0
2026-04-11 03:12:45,29.2,58.9,8.3,53.9,0.0,0.0,0.0
2026-04-11 03:12:50,29.1,58.9,20.9,53.9,0.0,0.0,0.0
2026-04-11 03:12:55,29.2,58.9,8.4,53.9,0.0,0.0,0.0
2026-04-11 03:13:00,29.0,58.9,15.4,53.9,0.0,0.0,0.0
2026-04-11 03:13:05,29.1,58.9,23.9,53.9,0.0,0.0,0.0
2026-04-11 03:13:10,28.9,59.0,24.8,53.9,0.0,0.0,0.0
2026-04-11 03:13:15,29.1,59.1,18.2,53.9,0.0,0.0,0.0
2026-04-11 03:13:20,29.2,58.9,35.9,53.9,0.0,0.0,0.0
2026-04-11 03:13:25,29.2,58.9,0.0,53.9,0.0,0.0,0.0
2026-04-11 03:13:30,29.0,58.8,10.4,53.9,0.0,0.0,0.0
2026-04-11 03:13:35,29.2,58.8,32.0,53.9,0.0,0.0,0.0
2026-04-11 03:13:40,29.1,58.9,30.2,53.9,0.0,0.0,0.0
2026-04-11 03:13:45,29.1,58.7,16.7,53.9,0.0,0.0,0.0
2026-04-11 03:13:50,29.0,58.7,2.7,53.9,0.0,0.0,0.0
2026-04-11 03:13:55,29.1,58.7,24.3,53.9,0.0,0.0,0.0
2026-04-11 03:14:00,29.0,58.7,14.5,53.9,0.0,0.0,0.0
2026-04-11 03:14:05,29.1,58.6,11.5,53.9,0.0,0.0,0.0
2026-04-11 03:14:10,29.0,58.6,16.9,54.0,0.0,0.0,0.0
2026-04-11 03:14:15,29.3,58.6,25.3,54.0,0.0,0.0,0.0
2026-04-11 03:14:20,29.1,58.5,3.7,54.0,0.0,0.0,0.0
2026-04-11 03:14:25,29.2,58.4,12.1,54.0,0.0,0.0,0.0
2026-04-11 03:14:30,29.3,58.5,3.8,53.9,0.0,0.0,0.0
2026-04-11 03:14:35,29.1,58.4,14.6,53.9,0.0,0.0,0.0
2026-04-11 03:14:40,29.1,58.4,12.7,53.9,0.0,0.0,0.0
2026-04-11 03:14:45,29.1,58.4,11.1,53.9,0.0,0.0,0.0
2026-04-11 03:14:50,29.2,58.4,28.5,53.9,0.0,0.0,0.0
2026-04-11 03:14:55,29.1,58.5,3.3,53.9,0.0,0.0,0.0
2026-04-11 03:15:00,29.1,58.5,23.1,53.9,0.0,0.0,0.0
2026-04-11 03:15:05,29.2,58.6,5.2,53.9,0.0,0.0,0.0
2026-04-11 03:15:10,29.0,58.5,31.4,53.9,0.0,0.0,0.0
2026-04-11 03:15:15,29.2,58.5,2.6,54.0,0.0,0.0,0.0
2026-04-11 03:15:20,29.1,58.5,18.0,54.0,0.0,0.0,0.0
2026-04-11 03:15:25,29.3,58.6,0.3,54.0,0.0,0.0,0.0
2026-04-11 03:15:30,29.1,58.5,10.8,54.0,0.0,0.0,0.0
2026-04-11 03:15:35,29.0,58.5,10.4,54.0,0.0,0.0,0.0
2026-04-11 03:15:40,29.0,58.5,10.1,54.0,0.0,0.0,0.0
2026-04-11 03:15:45,29.1,58.4,10.5,54.0,0.0,0.0,0.0
2026-04-11 03:15:50,29.1,58.5,0.3,54.0,0.0,0.0,0.0
2026-04-11 03:15:55,29.1,58.5,11.5,54.0,0.0,0.0,0.0
2026-04-11 03:16:00,29.2,58.5,18.4,54.0,0.0,0.0,0.0
2026-04-11 03:16:05,29.1,58.4,11.7,54.0,0.0,0.0,0.0
2026-04-11 03:16:10,29.3,58.3,12.7,54.0,0.0,0.0,0.0
2026-04-11 03:16:15,28.9,58.3,19.6,54.0,0.0,0.0,0.0
2026-04-11 03:16:20,29.1,58.4,3.6,54.0,0.0,0.0,0.0
2026-04-11 03:16:25,29.2,58.4,25.2,53.9,0.0,0.0,0.0
2026-04-11 03:16:30,29.0,58.3,22.8,53.9,0.0,0.0,0.0
2026-04-11 03:16:35,29.1,58.3,12.9,53.9,0.0,0.0,0.0
2026-04-11 03:16:40,29.2,58.4,22.3,53.9,0.0,0.0,0.0
2026-04-11 03:16:45,29.2,58.3,13.8,53.9,0.0,0.0,0.0
2026-04-11 03:16:50,29.1,58.3,29.0,53.9,0.0,0.0,0.0
2026-04-11 03:16:55,29.3,58.2,13.4,53.9,0.0,0.0,0.0
2026-04-11 03:17:00,29.0,58.3,12.0,53.9,0.0,0.0,0.0
2026-04-11 03:17:05,29.2,58.3,0.0,53.9,0.0,0.0,0.0
2026-04-11 03:17:10,29.2,58.2,8.8,53.9,0.0,0.0,0.0
2026-04-11 03:17:15,29.1,58.0,27.5,53.9,0.0,0.0,0.0
2026-04-11 03:17:20,29.0,58.1,10.9,53.9,0.0,0.0,0.0
2026-04-11 03:17:25,29.1,58.0,15.7,53.9,0.0,0.0,0.0
2026-04-11 03:17:30,29.1,58.1,17.0,53.9,0.0,0.0,0.0
2026-04-11 03:17:35,29.0,58.2,24.1,53.9,0.0,0.0,0.0
2026-04-11 03:17:40,29.2,58.2,4.7,53.9,0.0,0.0,0.0
2026-04-11 03:17:45,29.1,58.2,0.0,53.9,0.0,0.0,0.0
2026-04-11 03:17:50,29.1,58.2,2.1,53.9,0.0,0.0,0.0
2026-04-11 03:17:55,29.1,58.4,7.4,53.9,0.0,0.0,0.0
2026-04-11 03:18:00,29.3,58.4,6.0,54.0,0.0,0.0,0.0
2026-04-11 03:18:05,29.2,58.3,2.7,54.0,0.0,0.0,0.0
2026-04-11 03:18:10,29.0,58.3,16.4,54.0,0.0,0.0,0.0
2026-04-11 03:18:15,29.2,58.4,7.8,54.0,0.0,0.0,0.0
2026-04-11 03:18:20,29.1,58.5,19.8,54.0,0.0,0.0,0.0
2026-04-11 03:18:25,29.1,58.5,20.3,53.9,0.0,0.0,0.0
2026-04-11 03:18:30,29.1,58.5,9.6,53.9,0.0,0.0,0.0
2026-04-11 03:18:35,29.1,58.4,23.4,53.9,0.0,0.0,0.0
2026-04-11 03:18:40,29.2,58.5,13.2,53.9,0.0,0.0,0.0
2026-04-11 03:18:45,29.1,58.7,11.7,53.9,0.0,0.0,0.0
2026-04-11 03:18:50,29.1,58.8,35.4,53.9,0.0,0.0,0.0
2026-04-11 03:18:55,29.2,58.8,6.1,53.9,0.0,0.0,0.0
2026-04-11 03:19:00,29.1,58.9,9.8,53.9,0.0,0.0,0.0
2026-04-11 03:19:05,29.0,58.7,18.0,53.9,0.0,0.0,0.0
2026-04-11 03:19:10,29.2,58.8,9.1,53.9,0.0,0.0,0.0
2026-04-11 03:19:15,29.0,58.6,12.9,53.9,0.0,0.0,0.0
2026-04-11 03:19:20,29.2,58.8,11.1,53.9,0.0,0.0,0.0
2026-04-11 03:19:25,29.2,58.7,28.3,53.9,0.0,0.0,0.0
2026-04-11 03:19:30,29.0,58.7,3.4,53.9,0.0,0.0,0.0
2026-04-11 03:19:35,29.2,58.8,27.9,53.9,0.0,0.0,0.0
2026-04-11 03:19:40,29.2,58.8,18.7,53.9,0.0,0.0,0.0
2026-04-11 03:19:45,29.2,58.7,12.4,53.9,0.0,0.0,0.0
2026-04-11 03:19:50,29.0,58.7,2.0,53.9,0.0,0.0,0.0
2026-04-11 03:19:55,29.2,58.7,10.4,53.9,0.0,0.0,0.0
2026-04-11 03:20:00,29.1,58.7,20.5,53.9,0.0,0.0,0.0
2026-04-11 03:20:05,29.2,58.6,34.8,53.9,0.0,0.0,0.0
2026-04-11 03:20:10,29.1,58.6,20.7,53.9,0.0,0.0,0.0
2026-04-11 03:20:15,29.2,58.8,35.0,53.9,0.0,0.0,0.0
2026-04-11 03:20:20,29.2,58.6,7.7,53.9,0.0,0.0,0.0
2026-04-11 03:20:25,29.2,58.6,20.7,53.9,0.0,0.0,0.0
2026-04-11 03:20:30,29.2,58.5,8.8,53.9,0.0,0.0,0.0
2026-04-11 03:20:35,29.1,58.4,1.6,53.9,0.0,0.0,0.0
2026-04-11 03:20:40,29.2,58.3,32.2,53.9,0.0,0.0,0.0
2026-04-11 03:20:45,29.1,58.2,34.2,53.9,0.0,0.0,0.0
2026-04-11 03:20:50,29.1,58.1,34.7,54.0,0.0,0.0,0.0
2026-04-11 03:20:55,29.2,58.0,9.7,54.0,0.0,0.0,0.0
2026-04-11 03:21:00,29.1,58.0,19.9,54.0,0.0,0.0,0.0
2026-04-11 03:21:05,29.3,57.9,7.7,53.9,0.0,0.0,0.0
2026-04-11 03:21:10,29.0,58.0,16.5,53.9,0.0,0.0,0.0
2026-04-11 03:21:15,29.1,58.0,10.4,53.9,0.0,0.0,0.0
2026-04-11 03:21:20,29.1,58.0,0.0,53.9,0.0,0.0,0.0
2026-04-11 03:21:25,29.1,58.2,31.3,53.9,0.0,0.0,0.0
2026-04-11 03:21:30,29.1,58.1,8.1,53.9,0.0,0.0,0.0
2026-04-11 03:21:35,29.2,58.1,0.0,53.9,0.0,0.0,0.0
2026-04-11 03:21:40,29.1,58.0,17.9,53.9,0.0,0.0,0.0
2026-04-11 03:21:45,29.1,58.0,18.0,53.9,0.0,0.0,0.0
2026-04-11 03:21:50,29.0,58.1,20.7,53.9,0.0,0.0,0.0
2026-04-11 03:21:55,29.3,58.2,17.5,53.9,0.0,0.0,0.0
2026-04-11 03:22:00,29.1,58.3,10.4,54.0,0.0,0.0,0.0
2026-04-11 03:22:05,29.2,58.2,10.1,54.0,0.0,0.0,0.0
2026-04-11 03:22:10,29.1,58.3,22.6,54.0,0.0,0.0,0.0
2026-04-11 03:22:15,29.0,58.4,38.4,54.0,0.0,0.0,0.0
2026-04-11 03:22:20,29.1,58.5,0.0,54.0,0.0,0.0,0.0
2026-04-11 03:22:25,29.2,58.5,0.0,54.0,0.0,0.0,0.0
2026-04-11 03:22:30,29.2,58.4,0.0,53.9,0.0,0.0,0.0
2026-04-11 03:22:35,29.2,58.4,13.0,53.9,0.0,0.0,0.0
2026-04-11 03:22:40,29.2,58.4,25.0,53.9,0.0,0.0,0.0
2026-04-11 03:22:45,29.1,58.5,2.0,53.9,0.0,0.0,0.0
2026-04-11 03:22:50,29.1,58.6,17.9,53.9,0.0,0.0,0.0
2026-04-11 03:22:55,29.2,58.6,29.7,53.9,0.0,0.0,0.0
2026-04-11 03:23:00,29.1,58.7,8.9,53.9,0.0,0.0,0.0
2026-04-11 03:23:05,29.2,58.6,24.1,53.9,0.0,0.0,0.0
2026-04-11 03:23:10,29.2,58.7,11.0,53.9,0.0,0.0,0.0
2026-04-11 03:23:15,29.2,58.7,14.9,53.9,0.0,0.0,0.0
2026-04-11 03:23:20,29.3,58.8,17.3,53.9,0.0,0.0,0.0
2026-04-11 03:23:25,29.2,58.8,0.0,53.9,0.0,0.0,0.0
2026-04-11 03:23:30,29.3,58.7,0.0,53.9,0.0,0.0,0.0
2026-04-11 03:23:35,29.2,58.6,14.5,53.9,0.0,0.0,0.0
2026-04-11 03:23:40,29.3,58.7,1.1,53.9,0.0,0.0,0.0
2026-04-11 03:23:45,29.2,58.7,24.7,53.9,0.0,0.0,0.0
2026-04-11 03:23:50,29.1,58.7,0.0,53.9,0.0,0.0,0.0
2026-04-11 03:23:55,29.2,58.6,27.4,53.9,0.0,0.0,0.0
2026-04-11 03:24:00,29.0,58.5,24.9,53.9,0.0,0.0,0.0
2026-04-11 03:24:05,29.2,58.5,20.2,53.9,0.0,0.0,0.0
2026-04-11 03:24:10,29.1,58.5,11.2,53.9,0.0,0.0,0.0
2026-04-11 03:24:15,29.2,58.5,14.9,53.9,0.0,0.0,0.0
2026-04-11 03:24:20,29.0,58.5,3.5,53.9,0.0,0.0,0.0
2026-04-11 03:24:25,29.2,58.5,36.9,53.9,0.0,0.0,0.0
2026-04-11 03:24:30,29.2,58.5,3.7,53.9,0.0,0.0,0.0
2026-04-11 03:24:35,29.1,58.3,13.6,53.9,0.0,0.0,0.0
2026-04-11 03:24:40,29.0,58.3,14.3,53.9,0.0,0.0,0.0
2026-04-11 03:24:45,29.1,58.2,20.7,53.9,0.0,0.0,0.0
2026-04-11 03:24:50,29.1,58.3,9.9,53.9,0.0,0.0,0.0
2026-04-11 03:24:55,29.2,58.2,7.9,53.9,0.0,0.0,0.0
2026-04-11 03:25:00,29.1,58.2,3.8,53.9,0.0,0.0,0.0
2026-04-11 03:25:05,29.2,58.1,19.1,53.9,0.0,0.0,0.0
2026-04-11 03:25:10,28.9,58.1,20.9,53.9,0.0,0.0,0.0
2026-04-11 03:25:15,29.2,58.1,15.8,53.9,0.0,0.0,0.0
2026-04-11 03:25:20,29.2,58.2,15.7,53.9,0.0,0.0,0.0
2026-04-11 03:25:25,29.0,58.1,32.8,53.9,0.0,0.0,0.0
2026-04-11 03:25:30,29.1,58.1,23.0,53.9,0.0,0.0,0.0
2026-04-11 03:25:35,29.1,58.0,22.3,53.9,0.0,0.0,0.0
2026-04-11 03:25:40,29.0,57.9,37.0,53.9,0.0,0.0,0.0
2026-04-11 03:25:45,29.2,58.0,6.6,53.9,0.0,0.0,0.0
2026-04-11 03:25:50,29.0,58.0,19.3,53.9,0.0,0.0,0.0
2026-04-11 03:25:55,29.0,58.0,6.3,53.9,0.0,0.0,0.0
2026-04-11 03:26:00,29.0,58.0,0.0,53.9,0.0,0.0,0.0
2026-04-11 03:26:05,29.2,58.1,14.4,53.9,0.0,0.0,0.0
2026-04-11 03:26:10,29.1,58.1,0.0,53.9,0.0,0.0,0.0
2026-04-11 03:26:15,29.0,58.0,15.8,53.9,0.0,0.0,0.0
2026-04-11 03:26:20,29.0,58.2,22.8,53.9,0.0,0.0,0.0
2026-04-11 03:26:25,29.1,58.3,19.2,53.9,0.0,0.0,0.0
2026-04-11 03:26:30,29.1,58.3,17.2,53.9,0.0,0.0,0.0
2026-04-11 03:26:35,29.3,58.4,21.6,53.9,0.0,0.0,0.0
2026-04-11 03:26:40,29.1,58.4,14.2,53.9,0.0,0.0,0.0
2026-04-11 03:26:45,29.0,58.3,20.9,53.9,0.0,0.0,0.0
2026-04-11 03:26:50,29.1,58.3,1.3,53.9,0.0,0.0,0.0
2026-04-11 03:26:55,29.2,58.1,14.0,53.9,0.0,0.0,0.0
2026-04-11 03:27:00,29.0,58.2,0.0,53.9,0.0,0.0,0.0
2026-04-11 03:27:05,29.1,58.1,16.0,53.8,0.0,0.0,0.0
2026-04-11 03:27:10,29.1,58.2,35.0,53.8,0.0,0.0,0.0
2026-04-11 03:27:15,28.9,58.2,16.0,53.9,0.0,0.0,0.0
2026-04-11 03:27:20,29.2,58.2,21.2,53.9,0.0,0.0,0.0
2026-04-11 03:27:25,29.1,58.1,22.6,53.9,0.0,0.0,0.0
2026-04-11 03:27:30,29.1,58.0,12.5,53.9,0.0,0.0,0.0
2026-04-11 03:27:35,29.1,57.9,3.7,53.9,0.0,0.0,0.0
2026-04-11 03:27:40,29.0,57.9,43.8,53.9,0.0,0.0,0.0
2026-04-11 03:27:45,29.1,58.0,25.6,53.9,0.0,0.0,0.0
2026-04-11 03:27:50,29.1,58.0,19.5,53.9,0.0,0.0,0.0
2026-04-11 03:27:55,29.0,58.0,24.7,53.9,0.0,0.0,0.0
2026-04-11 03:28:00,29.0,58.0,19.6,53.9,0.0,0.0,0.0
2026-04-11 03:28:05,29.1,58.0,11.5,53.9,0.0,0.0,0.0
2026-04-11 03:28:10,29.2,58.2,24.1,53.9,0.0,0.0,0.0
2026-04-11 03:28:15,29.0,58.1,8.0,53.9,0.0,0.0,0.0
2026-04-11 03:28:20,29.2,58.2,18.7,53.9,0.0,0.0,0.0
2026-04-11 03:28:25,29.1,58.3,17.4,53.9,0.0,0.0,0.0
2026-04-11 03:28:30,29.2,58.1,22.2,53.9,0.0,0.0,0.0
2026-04-11 03:28:35,29.1,58.0,19.2,53.9,0.0,0.0,0.0
2026-04-11 03:28:40,29.1,58.0,14.0,53.9,0.0,0.0,0.0
2026-04-11 03:28:45,29.1,58.0,22.6,53.9,0.0,0.0,0.0
2026-04-11 03:28:50,29.1,58.1,0.0,53.9,0.0,0.0,0.0
2026-04-11 03:28:55,29.0,58.1,11.8,53.9,0.0,0.0,0.0
2026-04-11 03:29:00,29.1,58.1,13.4,53.9,0.0,0.0,0.0
2026-04-11 03:29:05,29.2,58.1,32.0,53.8,0.0,0.0,0.0
2026-04-11 03:29:10,29.1,58.0,21.5,53.8,0.0,0.0,0.0
2026-04-11 03:29:15,29.0,58.0,15.4,53.9,0.0,0.0,0.0
2026-04-11 03:29:20,29.2,57.9,17.9,53.9,0.0,0.0,0.0
2026-04-11 03:29:25,29.0,58.0,13.0,53.9,0.0,0.0,0.0
2026-04-11 03:29:30,29.0,57.9,10.3,53.9,0.0,0.0,0.0
2026-04-11 03:29:35,29.2,57.8,28.0,53.9,0.0,0.0,0.0
2026-04-11 03:29:40,29.0,57.8,24.4,53.9,0.0,0.0,0.0
2026-04-11 03:29:45,29.1,57.7,38.2,53.9,0.0,0.0,0.0
2026-04-11 03:29:50,29.2,57.7,18.0,53.9,0.0,0.0,0.0
2026-04-11 03:29:55,29.0,57.7,21.4,53.9,0.0,0.0,0.0
2026-04-11 03:30:00,29.1,57.7,31.2,53.9,0.0,0.0,0.0
2026-04-11 03:30:05,29.2,57.7,5.0,53.9,0.0,0.0,0.0
2026-04-11 03:30:10,29.0,57.8,13.2,53.9,0.0,0.0,0.0
2026-04-11 03:30:15,29.1,57.8,11.2,53.9,0.0,0.0,0.0
2026-04-11 03:30:20,29.0,57.9,2.6,53.9,0.0,0.0,0.0
2026-04-11 03:30:25,29.3,57.9,27.8,53.9,0.0,0.0,0.0
2026-04-11 03:30:30,29.1,58.0,33.6,53.9,0.0,0.0,0.0
2026-04-11 03:30:35,29.0,57.9,17.0,53.9,0.0,0.0,0.0
2026-04-11 03:30:40,29.2,57.8,15.2,53.9,0.0,0.0,0.0
2026-04-11 03:30:45,29.2,57.9,25.2,53.9,0.0,0.0,0.0
2026-04-11 03:30:50,29.0,57.8,13.7,53.9,0.0,0.0,0.0
2026-04-11 03:30:55,29.0,57.9,0.0,53.9,0.0,0.0,0.0
2026-04-11 03:31:00,29.2,57.9,14.8,53.9,0.0,0.0,0.0
2026-04-11 03:31:05,29.2,58.0,10.7,53.9,0.0,0.0,0.0
2026-04-11 03:31:10,29.1,58.1,18.4,53.9,0.0,0.0,0.0
2026-04-11 03:31:15,29.2,58.1,30.2,53.8,0.0,0.0,0.0
2026-04-11 03:31:20,29.3,58.1,0.0,53.8,0.0,0.0,0.0
2026-04-11 03:31:25,29.1,58.1,24.0,53.9,0.0,0.0,0.0
2026-04-11 03:31:30,29.1,58.2,42.4,53.9,0.0,0.0,0.0
2026-04-11 03:31:35,29.2,58.2,23.0,53.9,0.0,0.0,0.0
2026-04-11 03:31:40,29.2,58.4,19.3,53.9,0.0,0.0,0.0
2026-04-11 03:31:45,29.0,58.4,26.9,53.9,0.0,0.0,0.0
2026-04-11 03:31:50,29.2,58.4,20.9,53.9,0.0,0.0,0.0
2026-04-11 03:31:55,29.2,58.3,21.3,53.9,0.0,0.0,0.0
2026-04-11 03:32:00,29.1,58.3,17.1,53.9,0.0,0.0,0.0
2026-04-11 03:32:05,29.2,58.4,27.2,53.9,0.0,0.0,0.0
2026-04-11 03:32:10,29.2,58.3,21.9,53.9,0.0,0.0,0.0
2026-04-11 03:32:15,29.1,58.2,15.8,53.9,0.0,0.0,0.0
2026-04-11 03:32:20,29.1,58.2,13.1,53.9,0.0,0.0,0.0
2026-04-11 03:32:25,29.2,58.3,24.3,53.9,0.0,0.0,0.0
2026-04-11 03:32:30,29.3,58.3,12.8,53.9,0.0,0.0,0.0
2026-04-11 03:32:35,29.2,58.2,15.3,53.9,0.0,0.0,0.0
2026-04-11 03:32:40,29.2,58.2,14.1,53.9,0.0,0.0,0.0
2026-04-11 03:32:45,29.1,58.3,38.2,53.9,0.0,0.0,0.0
2026-04-11 03:32:50,29.1,58.4,11.4,53.9,0.0,0.0,0.0
2026-04-11 03:32:55,29.1,58.2,0.0,53.9,0.0,0.0,0.0
2026-04-11 03:33:00,29.0,58.3,19.4,53.9,0.0,0.0,0.0
2026-04-11 03:33:05,29.2,58.3,11.9,53.9,0.0,0.0,0.0
2026-04-11 03:33:10,29.0,58.3,2.1,53.9,0.0,0.0,0.0
2026-04-11 03:33:15,29.1,58.2,25.8,53.9,0.0,0.0,0.0
2026-04-11 03:33:20,29.0,58.1,13.9,53.9,0.0,0.0,0.0
2026-04-11 03:33:25,29.0,58.2,7.7,53.9,0.0,0.0,0.0
2026-04-11 03:33:30,29.1,58.1,18.2,53.9,0.0,0.0,0.0
2026-04-11 03:33:35,29.0,58.2,25.8,53.9,0.0,0.0,0.0
2026-04-11 03:33:40,29.1,58.2,4.8,53.9,0.0,0.0,0.0
2026-04-11 03:33:45,29.0,58.3,21.7,53.9,0.0,0.0,0.0
2026-04-11 03:33:50,29.2,58.2,23.1,53.9,0.0,0.0,0.0
2026-04-11 03:33:55,29.2,58.4,0.7,53.9,0.0,0.0,0.0
2026-04-11 03:34:00,29.1,58.6,35.8,53.9,0.0,0.0,0.0
2026-04-11 03:34:05,29.2,58.5,22.6,53.9,0.0,0.0,0.0
2026-04-11 03:34:10,29.2,58.5,17.4,53.9,0.0,0.0,0.0
2026-04-11 03:34:15,29.0,58.6,2.3,53.9,0.0,0.0,0.0
2026-04-11 03:34:20,29.2,58.6,0.0,53.9,0.0,0.0,0.0
2026-04-11 03:34:25,29.3,58.6,29.4,53.9,0.0,0.0,0.0
2026-04-11 03:34:30,29.1,58.6,6.7,53.9,0.0,0.0,0.0
2026-04-11 03:34:35,29.3,58.8,11.5,53.9,0.0,0.0,0.0
2026-04-11 03:34:40,29.1,58.8,5.2,53.9,0.0,0.0,0.0
2026-04-11 03:34:45,29.0,58.9,22.2,53.9,0.0,0.0,0.0
2026-04-11 03:34:50,29.3,58.9,3.9,53.9,0.0,0.0,0.0
2026-04-11 03:34:55,29.0,58.8,21.7,53.9,0.0,0.0,0.0
2026-04-11 03:35:00,29.2,58.8,3.8,53.9,0.0,0.0,0.0
2026-04-11 03:35:05,29.1,58.8,18.2,53.9,0.0,0.0,0.0
2026-04-11 03:35:10,29.1,58.8,30.5,53.9,0.0,0.0,0.0
2026-04-11 03:35:15,29.0,58.9,35.2,53.9,0.0,0.0,0.0
2026-04-11 03:35:20,29.2,58.9,20.0,53.9,0.0,0.0,0.0
2026-04-11 03:35:25,29.2,58.8,13.7,53.9,0.0,0.0,0.0
2026-04-11 03:35:30,29.0,58.9,29.6,53.9,0.0,0.0,0.0
2026-04-11 03:35:35,29.1,58.9,6.0,53.9,0.0,0.0,0.0
2026-04-11 03:35:40,29.1,59.0,3.6,53.9,0.0,0.0,0.0
2026-04-11 03:35:45,29.2,59.0,18.6,53.9,0.0,0.0,0.0
2026-04-11 03:35:50,29.1,58.9,12.5,53.9,0.0,0.0,0.0
2026-04-11 03:35:55,29.1,59.0,22.8,53.9,0.0,0.0,0.0
2026-04-11 03:36:00,29.1,58.9,11.1,53.9,0.0,0.0,0.0
2026-04-11 03:36:05,29.1,59.0,16.1,53.9,0.0,0.0,0.0
2026-04-11 03:36:10,29.1,59.0,12.1,53.9,0.0,0.0,0.0
2026-04-11 03:36:15,29.1,59.0,22.3,53.9,0.0,0.0,0.0
2026-04-11 03:36:20,29.1,59.1,0.0,53.9,0.0,0.0,0.0
2026-04-11 03:36:25,29.2,59.0,22.6,53.9,0.0,0.0,0.0
2026-04-11 03:36:30,29.2,58.8,17.4,53.9,0.0,0.0,0.0
2026-04-11 03:36:35,29.2,58.7,11.2,53.9,0.0,0.0,0.0
2026-04-11 03:36:40,29.1,58.8,13.2,53.9,0.0,0.0,0.0
2026-04-11 03:36:45,29.1,58.9,30.0,53.9,0.0,0.0,0.0
2026-04-11 03:36:50,29.1,58.9,15.7,53.9,0.0,0.0,0.0
2026-04-11 03:36:55,29.2,58.9,12.3,53.9,0.0,0.0,0.0
2026-04-11 03:37:00,29.2,58.9,5.1,53.9,0.0,0.0,0.0
2026-04-11 03:37:05,29.0,58.9,7.9,53.9,0.0,0.0,0.0
2026-04-11 03:37:10,29.1,58.9,27.4,53.9,0.0,0.0,0.0
2026-04-11 03:37:15,29.1,58.9,18.3,53.9,0.0,0.0,0.0
2026-04-11 03:37:20,29.1,58.8,26.8,53.9,0.0,0.0,0.0
2026-04-11 03:37:25,29.0,58.7,14.4,53.9,0.0,0.0,0.0
2026-04-11 03:37:30,29.1,58.7,4.6,53.9,0.0,0.0,0.0
2026-04-11 03:37:35,29.2,58.5,9.5,53.9,0.0,0.0,0.0
2026-04-11 03:37:40,29.1,58.6,12.3,53.9,0.0,0.0,0.0
2026-04-11 03:37:45,29.1,58.6,33.7,53.9,0.0,0.0,0.0
2026-04-11 03:37:50,29.1,58.5,12.1,53.9,0.0,0.0,0.0
2026-04-11 03:37:55,29.1,58.4,19.7,53.9,0.0,0.0,0.0
2026-04-11 03:38:00,29.0,58.6,2.5,53.9,0.0,0.0,0.0
2026-04-11 03:38:05,29.0,58.6,8.4,53.9,0.0,0.0,0.0
2026-04-11 03:38:10,29.0,58.6,21.7,53.9,0.0,0.0,0.0
2026-04-11 03:38:15,29.2,58.6,22.9,53.9,0.0,0.0,0.0
2026-04-11 03:38:20,29.2,58.6,1.3,53.9,0.0,0.0,0.0
2026-04-11 03:38:25,29.2,58.5,0.0,53.9,0.0,0.0,0.0
2026-04-11 03:38:30,29.2,58.4,12.5,53.9,0.0,0.0,0.0
2026-04-11 03:38:35,29.0,58.3,8.8,53.9,0.0,0.0,0.0
2026-04-11 03:38:40,29.0,58.3,10.1,53.9,0.0,0.0,0.0
2026-04-11 03:38:45,29.1,58.2,26.1,53.9,0.0,0.0,0.0
2026-04-11 03:38:50,29.1,58.2,21.9,53.9,0.0,0.0,0.0
2026-04-11 03:38:55,29.1,58.3,12.4,53.9,0.0,0.0,0.0
2026-04-11 03:39:00,29.1,58.3,8.1,53.9,0.0,0.0,0.0
2026-04-11 03:39:05,29.1,58.2,17.6,53.9,0.0,0.0,0.0
2026-04-11 03:39:10,29.1,58.3,33.5,53.9,0.0,0.0,0.0
2026-04-11 03:39:15,29.1,58.4,0.0,53.9,0.0,0.0,0.0
2026-04-11 03:39:20,29.2,58.3,13.0,53.9,0.0,0.0,0.0
2026-04-11 03:39:25,29.1,58.3,0.0,53.9,0.0,0.0,0.0
2026-04-11 03:39:30,29.0,58.6,18.1,53.9,0.0,0.0,0.0
2026-04-11 03:39:35,29.0,58.5,12.2,53.9,0.0,0.0,0.0
2026-04-11 03:39:40,29.1,58.4,41.7,53.9,0.0,0.0,0.0
2026-04-11 03:39:45,29.0,58.3,11.3,53.9,0.0,0.0,0.0
2026-04-11 03:39:50,29.0,58.5,18.5,53.9,0.0,0.0,0.0
2026-04-11 03:39:55,29.0,58.4,14.9,53.9,0.0,0.0,0.0
2026-04-11 03:40:00,29.0,58.4,9.9,53.9,0.0,0.0,0.0
2026-04-11 03:40:05,29.2,58.4,8.8,53.9,0.0,0.0,0.0
2026-04-11 03:40:10,29.0,58.4,23.3,53.9,0.0,0.0,0.0
2026-04-11 03:40:15,28.9,58.3,13.4,53.9,0.0,0.0,0.0
2026-04-11 03:40:20,29.1,58.3,18.3,53.8,0.0,0.0,0.0
2026-04-11 03:40:25,29.1,58.5,27.0,53.8,0.0,0.0,0.0
2026-04-11 03:40:30,29.2,58.6,7.5,53.9,0.0,0.0,0.0
2026-04-11 03:40:35,29.0,58.6,0.0,53.9,0.0,0.0,0.0
2026-04-11 03:40:40,29.2,58.5,13.2,53.9,0.0,0.0,0.0
2026-04-11 03:40:45,29.1,58.4,11.1,53.9,0.0,0.0,0.0
2026-04-11 03:40:50,29.1,58.4,23.3,53.9,0.0,0.0,0.0
2026-04-11 03:40:55,29.1,58.4,9.3,53.9,0.0,0.0,0.0
2026-04-11 03:41:00,29.1,58.3,22.9,53.9,0.0,0.0,0.0
2026-04-11 03:41:05,29.2,58.2,17.3,53.8,0.0,0.0,0.0
2026-04-11 03:41:10,29.0,58.3,45.3,53.8,0.0,0.0,0.0
2026-04-11 03:41:15,29.0,58.3,16.7,53.8,0.0,0.0,0.0
2026-04-11 03:41:20,29.0,58.4,0.0,53.8,0.0,0.0,0.0
2026-04-11 03:41:25,29.2,58.4,15.5,53.8,0.0,0.0,0.0
2026-04-11 03:41:30,29.2,58.4,9.2,53.9,0.0,0.0,0.0
2026-04-11 03:41:35,29.1,58.5,0.0,53.9,0.0,0.0,0.0
2026-04-11 03:41:40,29.0,58.4,5.4,53.9,0.0,0.0,0.0
2026-04-11 03:41:45,29.1,58.4,34.3,53.9,0.0,0.0,0.0
2026-04-11 03:41:50,29.1,58.5,6.9,53.8,0.0,0.0,0.0
2026-04-11 03:41:55,28.9,58.3,37.5,53.8,0.0,0.0,0.0
2026-04-11 03:42:00,29.0,58.4,13.6,53.8,0.0,0.0,0.0
2026-04-11 03:42:05,29.1,58.4,21.5,53.8,0.0,0.0,0.0
2026-04-11 03:42:10,29.1,58.3,24.1,53.8,0.0,0.0,0.0
2026-04-11 03:42:15,29.1,58.3,3.6,53.8,0.0,0.0,0.0
2026-04-11 03:42:20,29.2,58.2,4.5,53.9,0.0,0.0,0.0
2026-04-11 03:42:25,28.9,58.1,14.7,53.9,0.0,0.0,0.0
2026-04-11 03:42:30,29.0,58.2,16.3,53.9,0.0,0.0,0.0
2026-04-11 03:42:35,29.0,58.3,16.4,53.9,0.0,0.0,0.0
2026-04-11 03:42:40,29.1,58.4,17.0,53.8,0.0,0.0,0.0
2026-04-11 03:42:45,29.0,58.5,26.6,53.8,0.0,0.0,0.0
2026-04-11 03:42:50,29.1,58.5,20.2,53.9,0.0,0.0,0.0
2026-04-11 03:42:55,29.1,58.6,20.5,53.9,0.0,0.0,0.0
2026-04-11 03:43:00,28.9,58.4,3.4,53.9,0.0,0.0,0.0
2026-04-11 03:43:05,29.0,58.4,26.1,53.9,0.0,0.0,0.0
2026-04-11 03:43:10,29.1,58.4,6.1,53.9,0.0,0.0,0.0
2026-04-11 03:43:15,29.0,58.3,22.3,53.9,0.0,0.0,0.0
2026-04-11 03:43:20,29.0,58.4,23.6,53.8,0.0,0.0,0.0
2026-04-11 03:43:25,29.2,58.4,18.3,53.8,0.0,0.0,0.0
2026-04-11 03:43:30,29.1,58.5,34.3,53.8,0.0,0.0,0.0
2026-04-11 03:43:35,29.1,58.6,8.4,53.9,0.0,0.0,0.0
2026-04-11 03:43:40,28.9,58.4,18.4,53.9,0.0,0.0,0.0
2026-04-11 03:43:45,29.0,58.3,28.1,53.9,0.0,0.0,0.0
2026-04-11 03:43:50,29.2,58.4,0.0,53.9,0.0,0.0,0.0
2026-04-11 03:43:55,29.0,58.3,22.9,53.9,0.0,0.0,0.0
2026-04-11 03:44:00,29.2,58.2,33.9,53.9,0.0,0.0,0.0
2026-04-11 03:44:05,29.1,58.4,14.7,53.9,0.0,0.0,0.0
2026-04-11 03:44:10,29.0,58.5,14.6,53.9,0.0,0.0,0.0
2026-04-11 03:44:15,29.1,58.4,22.7,53.9,0.0,0.0,0.0
2026-04-11 03:44:20,29.0,58.5,15.1,53.8,0.0,0.0,0.0
2026-04-11 03:44:25,29.0,58.5,16.2,53.8,0.0,0.0,0.0
2026-04-11 03:44:30,29.0,58.5,7.1,53.8,0.0,0.0,0.0
2026-04-11 03:44:35,29.1,58.5,31.0,53.9,0.0,0.0,0.0
2026-04-11 03:44:40,29.2,58.6,13.7,53.9,0.0,0.0,0.0
2026-04-11 03:44:45,29.1,58.6,30.1,53.9,0.0,0.0,0.0
2026-04-11 03:44:50,28.9,58.5,20.5,53.9,0.0,0.0,0.0
2026-04-11 03:44:55,28.9,58.6,17.9,53.9,0.0,0.0,0.0
2026-04-11 03:45:00,28.9,58.6,13.2,53.9,0.0,0.0,0.0
2026-04-11 03:45:05,29.0,58.6,10.8,53.9,0.0,0.0,0.0
2026-04-11 03:45:10,29.0,58.5,10.8,53.9,0.0,0.0,0.0
2026-04-11 03:45:15,29.0,58.5,31.9,53.9,0.0,0.0,0.0
2026-04-11 03:45:20,28.8,58.5,20.5,53.9,0.0,0.0,0.0
2026-04-11 03:45:25,29.1,58.4,7.9,53.9,0.0,0.0,0.0
2026-04-11 03:45:30,29.1,58.5,20.0,53.9,0.0,0.0,0.0
2026-04-11 03:45:35,29.1,58.6,30.2,53.9,0.0,0.0,0.0
2026-04-11 03:45:40,29.0,58.5,25.0,53.9,0.0,0.0,0.0
2026-04-11 03:45:45,29.0,58.5,11.9,53.9,0.0,0.0,0.0
2026-04-11 03:45:50,29.2,58.5,12.6,53.9,0.0,0.0,0.0
2026-04-11 03:45:55,29.0,58.5,17.0,53.9,0.0,0.0,0.0
2026-04-11 03:46:00,29.2,58.5,13.7,53.9,0.0,0.0,0.0
2026-04-11 03:46:05,28.8,58.5,16.8,53.9,0.0,0.0,0.0
2026-04-11 03:46:10,29.0,58.5,18.9,53.9,0.0,0.0,0.0
2026-04-11 03:46:15,29.0,58.6,29.9,53.9,0.0,0.0,0.0
2026-04-11 03:46:20,29.0,58.5,0.0,53.9,0.0,0.0,0.0
2026-04-11 03:46:25,29.0,58.6,34.6,53.9,0.0,0.0,0.0
2026-04-11 03:46:30,29.1,58.7,25.5,53.9,0.0,0.0,0.0
2026-04-11 03:46:35,28.9,58.7,6.7,53.9,0.0,0.0,0.0
2026-04-11 03:46:40,29.1,58.6,11.6,53.9,0.0,0.0,0.0
2026-04-11 03:46:45,28.9,58.6,13.0,53.9,0.0,0.0,0.0
2026-04-11 03:46:50,28.9,58.5,23.9,53.9,0.0,0.0,0.0
2026-04-11 03:46:55,29.1,58.5,16.3,53.8,0.0,0.0,0.0
2026-04-11 03:47:00,29.0,58.4,10.7,53.8,0.0,0.0,0.0
2026-04-11 03:47:05,29.0,58.4,1.0,53.8,0.0,0.0,0.0
2026-04-11 03:47:10,28.9,58.4,9.1,53.8,0.0,0.0,0.0
2026-04-11 03:47:15,28.9,58.5,2.3,53.8,0.0,0.0,0.0
2026-04-11 03:47:20,29.1,58.5,9.0,53.8,0.0,0.0,0.0
2026-04-11 03:47:25,29.1,58.4,16.5,53.9,0.0,0.0,0.0
2026-04-11 03:47:30,29.0,58.4,13.9,53.9,0.0,0.0,0.0
2026-04-11 03:47:35,29.2,58.4,24.1,53.9,0.0,0.0,0.0
2026-04-11 03:47:40,29.0,58.6,13.0,53.9,0.0,0.0,0.0
2026-04-11 03:47:45,29.1,58.5,12.9,53.9,0.0,0.0,0.0
2026-04-11 03:47:50,28.9,58.5,18.6,53.9,0.0,0.0,0.0
2026-04-11 03:47:55,29.0,58.4,0.0,53.8,0.0,0.0,0.0
2026-04-11 03:48:00,29.0,58.4,0.0,53.8,0.0,0.0,0.0
2026-04-11 03:48:05,29.3,58.4,9.2,53.8,0.0,0.0,0.0
2026-04-11 03:48:10,29.1,58.5,0.0,53.8,0.0,0.0,0.0
2026-04-11 03:48:15,29.0,58.4,23.3,53.8,0.0,0.0,0.0
2026-04-11 03:48:20,29.0,58.5,7.8,53.8,0.0,0.0,0.0
2026-04-11 03:48:25,29.0,58.5,24.1,53.8,0.0,0.0,0.0
2026-04-11 03:48:30,29.0,58.5,19.9,53.8,0.0,0.0,0.0
2026-04-11 03:48:35,29.0,58.4,9.2,53.9,0.0,0.0,0.0
2026-04-11 03:48:40,29.1,58.4,11.2,53.9,0.0,0.0,0.0
2026-04-11 03:48:45,29.1,58.5,11.4,53.9,0.0,0.0,0.0
2026-04-11 03:48:50,29.1,58.6,12.4,53.9,0.0,0.0,0.0
2026-04-11 03:48:55,28.9,58.6,18.5,53.8,0.0,0.0,0.0
2026-04-11 03:49:00,29.1,58.7,17.6,53.8,0.0,0.0,0.0
2026-04-11 03:49:05,29.1,58.6,19.1,53.8,0.0,0.0,0.0
2026-04-11 03:49:10,28.9,58.6,21.2,53.8,0.0,0.0,0.0
2026-04-11 03:49:15,29.1,58.6,12.2,53.9,0.0,0.0,0.0
2026-04-11 03:49:20,29.2,58.6,12.5,53.9,0.0,0.0,0.0
2026-04-11 03:49:25,29.0,58.6,16.0,53.9,0.0,0.0,0.0
2026-04-11 03:49:30,29.0,58.5,23.1,53.9,0.0,0.0,0.0
2026-04-11 03:49:35,29.1,58.5,13.3,53.9,0.0,0.0,0.0
2026-04-11 03:49:40,29.0,58.4,29.9,53.9,0.0,0.0,0.0
2026-04-11 03:49:45,29.1,58.5,20.1,53.9,0.0,0.0,0.0
2026-04-11 03:49:50,29.0,58.4,21.7,53.9,0.0,0.0,0.0
2026-04-11 03:49:55,29.0,58.4,16.7,53.9,0.0,0.0,0.0
2026-04-11 03:50:00,29.1,58.4,21.4,53.9,0.0,0.0,0.0
2026-04-11 03:50:05,29.0,58.3,16.2,53.9,0.0,0.0,0.0
2026-04-11 03:50:10,28.9,58.4,20.9,53.9,0.0,0.0,0.0
2026-04-11 03:50:15,29.0,58.5,18.6,53.9,0.0,0.0,0.0
2026-04-11 03:50:20,29.1,58.5,11.8,53.9,0.0,0.0,0.0
2026-04-11 03:50:25,29.2,58.6,0.0,53.9,0.0,0.0,0.0
2026-04-11 03:50:30,29.1,58.5,21.7,53.9,0.0,0.0,0.0
2026-04-11 03:50:35,29.1,58.4,20.7,53.8,0.0,0.0,0.0
2026-04-11 03:50:40,29.0,58.4,10.9,53.8,0.0,0.0,0.0
2026-04-11 03:50:45,29.0,58.7,20.6,53.8,0.0,0.0,0.0
2026-04-11 03:50:50,29.0,58.5,23.4,53.8,0.0,0.0,0.0
2026-04-11 03:50:55,29.1,58.6,22.5,53.8,0.0,0.0,0.0
2026-04-11 03:51:00,28.8,58.5,9.6,53.8,0.0,0.0,0.0
2026-04-11 03:51:05,29.0,58.6,12.5,53.8,0.0,0.0,0.0
2026-04-11 03:51:10,29.0,58.6,11.3,53.8,0.0,0.0,0.0
2026-04-11 03:51:15,29.2,58.7,0.0,53.8,0.0,0.0,0.0
2026-04-11 03:51:20,29.0,58.6,21.2,53.8,0.0,0.0,0.0
2026-04-11 03:51:25,29.0,58.7,35.9,53.8,0.0,0.0,0.0
2026-04-11 03:51:30,28.9,58.7,32.4,53.8,0.0,0.0,0.0
2026-04-11 03:51:35,29.2,58.5,5.4,53.8,0.0,0.0,0.0
2026-04-11 03:51:40,29.1,58.7,12.8,53.8,0.0,0.0,0.0
2026-04-11 03:51:45,28.9,58.5,20.4,53.8,0.0,0.0,0.0
2026-04-11 03:51:50,29.0,58.7,16.5,53.8,0.0,0.0,0.0
2026-04-11 03:51:55,29.0,58.6,16.6,53.8,0.0,0.0,0.0
2026-04-11 03:52:00,29.1,58.5,15.5,53.8,0.0,0.0,0.0
2026-04-11 03:52:05,29.1,58.4,0.0,53.8,0.0,0.0,0.0
2026-04-11 03:52:10,28.9,58.4,15.5,53.9,0.0,0.0,0.0
2026-04-11 03:52:15,29.1,58.4,0.0,53.9,0.0,0.0,0.0
2026-04-11 03:52:20,29.1,58.3,12.2,53.8,0.0,0.0,0.0
2026-04-11 03:52:25,29.0,58.2,14.6,53.8,0.0,0.0,0.0
2026-04-11 03:52:30,29.1,58.3,23.2,53.8,0.0,0.0,0.0
2026-04-11 03:52:35,29.0,58.4,7.4,53.8,0.0,0.0,0.0
2026-04-11 03:52:40,28.7,58.5,10.7,53.8,0.0,0.0,0.0
2026-04-11 03:52:45,29.0,58.4,26.2,53.8,0.0,0.0,0.0
2026-04-11 03:52:50,28.9,58.5,0.0,53.8,0.0,0.0,0.0
2026-04-11 03:52:55,28.9,58.4,12.4,53.8,0.0,0.0,0.0
2026-04-11 03:53:00,29.0,58.4,4.3,53.8,0.0,0.0,0.0
2026-04-11 03:53:05,29.0,58.4,12.3,53.8,0.0,0.0,0.0
2026-04-11 03:53:10,29.0,58.3,10.0,53.8,0.0,0.0,0.0
2026-04-11 03:53:15,29.0,58.3,21.3,53.8,0.0,0.0,0.0
2026-04-11 03:53:20,29.1,58.2,9.2,53.8,0.0,0.0,0.0
2026-04-11 03:53:25,29.0,58.2,15.1,53.8,0.0,0.0,0.0
2026-04-11 03:53:30,29.1,58.3,9.9,53.8,0.0,0.0,0.0
2026-04-11 03:53:35,29.0,58.3,22.1,53.8,0.0,0.0,0.0
2026-04-11 03:53:40,29.0,58.4,26.1,53.8,0.0,0.0,0.0
2026-04-11 03:53:45,29.2,58.5,24.5,53.9,0.0,0.0,0.0
2026-04-11 03:53:50,29.0,58.5,3.4,53.9,0.0,0.0,0.0
2026-04-11 03:53:55,28.8,58.4,0.0,53.9,0.0,0.0,0.0
2026-04-11 03:54:00,29.1,58.5,2.4,53.9,0.0,0.0,0.0
2026-04-11 03:54:05,29.0,58.6,0.0,53.9,0.0,0.0,0.0
2026-04-11 03:54:10,29.0,58.6,14.1,53.9,0.0,0.0,0.0
2026-04-11 03:54:15,29.0,58.7,0.3,53.9,0.0,0.0,0.0
2026-04-11 03:54:20,29.0,58.7,3.4,53.9,0.0,0.0,0.0
2026-04-11 03:54:25,29.1,58.7,25.5,53.9,0.0,0.0,0.0
2026-04-11 03:54:30,29.0,58.4,3.3,53.9,0.0,0.0,0.0
2026-04-11 03:54:35,28.9,58.5,18.7,53.9,0.0,0.0,0.0
2026-04-11 03:54:40,29.0,58.5,19.1,53.9,0.0,0.0,0.0
2026-04-11 03:54:45,29.0,58.4,3.5,53.9,0.0,0.0,0.0
2026-04-11 03:54:50,28.9,58.3,8.3,53.8,0.0,0.0,0.0
2026-04-11 03:54:55,29.1,58.3,14.2,53.8,0.0,0.0,0.0
2026-04-11 03:55:00,28.9,58.3,12.4,53.8,0.0,0.0,0.0
2026-04-11 03:55:05,29.0,58.3,23.6,53.8,0.0,0.0,0.0
2026-04-11 03:55:10,29.1,58.3,1.7,53.8,0.0,0.0,0.0
2026-04-11 03:55:15,29.0,58.4,14.3,53.8,0.0,0.0,0.0
2026-04-11 03:55:20,29.1,58.2,11.4,53.9,0.0,0.0,0.0
2026-04-11 03:55:25,29.0,58.3,12.2,53.9,0.0,0.0,0.0
2026-04-11 03:55:30,29.0,58.2,34.9,53.9,0.0,0.0,0.0
2026-04-11 03:55:35,29.0,58.1,14.3,53.9,0.0,0.0,0.0
2026-04-11 03:55:40,29.0,58.0,9.4,53.9,0.0,0.0,0.0
2026-04-11 03:55:45,29.0,58.1,10.1,53.9,0.0,0.0,0.0
2026-04-11 03:55:50,29.2,58.1,15.8,53.9,0.0,0.0,0.0
2026-04-11 03:55:55,29.0,58.1,15.4,53.9,0.0,0.0,0.0
2026-04-11 03:56:00,29.1,58.1,8.6,53.9,0.0,0.0,0.0
2026-04-11 03:56:05,29.1,58.0,21.0,53.9,0.0,0.0,0.0
2026-04-11 03:56:10,29.2,58.1,9.5,53.9,0.0,0.0,0.0
2026-04-11 03:56:15,29.0,58.2,18.3,53.9,0.0,0.0,0.0
2026-04-11 03:56:20,29.2,58.2,20.1,53.9,0.0,0.0,0.0
2026-04-11 03:56:25,29.0,58.2,18.6,53.9,0.0,0.0,0.0
2026-04-11 03:56:30,29.0,58.1,14.1,53.9,0.0,0.0,0.0
2026-04-11 03:56:35,28.9,58.2,0.0,53.9,0.0,0.0,0.0
2026-04-11 03:56:40,29.1,58.1,12.6,53.9,0.0,0.0,0.0
2026-04-11 03:56:45,29.0,58.0,11.4,53.8,0.0,0.0,0.0
2026-04-11 03:56:50,29.1,58.0,18.0,53.8,0.0,0.0,0.0
2026-04-11 03:56:55,29.0,57.9,21.4,53.9,0.0,0.0,0.0
2026-04-11 03:57:00,29.1,57.8,4.3,53.9,0.0,0.0,0.0
2026-04-11 03:57:05,29.1,57.8,14.9,53.9,0.0,0.0,0.0
2026-04-11 03:57:10,29.0,57.8,4.1,53.9,0.0,0.0,0.0
2026-04-11 03:57:15,29.0,57.9,15.6,53.9,0.0,0.0,0.0
2026-04-11 03:57:20,29.1,57.9,30.1,53.9,0.0,0.0,0.0
2026-04-11 03:57:25,29.0,57.9,15.0,53.9,0.0,0.0,0.0
2026-04-11 03:57:30,29.2,57.9,4.7,53.9,0.0,0.0,0.0
2026-04-11 03:57:35,29.0,58.1,0.0,53.9,0.0,0.0,0.0
2026-04-11 03:57:40,29.0,58.3,22.8,53.9,0.0,0.0,0.0
2026-04-11 03:57:45,28.9,58.3,15.9,53.9,0.0,0.0,0.0
2026-04-11 03:57:50,29.2,58.3,19.8,53.9,0.0,0.0,0.0
2026-04-11 03:57:55,28.9,58.2,0.2,53.9,0.0,0.0,0.0
2026-04-11 03:58:00,29.1,58.4,18.1,53.9,0.0,0.0,0.0
2026-04-11 03:58:05,29.0,58.4,8.4,53.9,0.0,0.0,0.0
2026-04-11 03:58:10,29.1,58.3,13.3,53.9,0.0,0.0,0.0
2026-04-11 03:58:15,29.2,58.3,10.9,53.9,0.0,0.0,0.0
2026-04-11 03:58:20,29.2,58.2,25.0,53.9,0.0,0.0,0.0
2026-04-11 03:58:25,29.2,58.2,18.0,53.9,0.0,0.0,0.0
2026-04-11 03:58:30,29.2,58.2,13.0,53.9,0.0,0.0,0.0
2026-04-11 03:58:35,29.1,58.2,12.1,53.9,0.0,0.0,0.0
2026-04-11 03:58:40,29.2,58.2,10.8,53.9,0.0,0.0,0.0
2026-04-11 03:58:45,29.0,58.0,0.0,53.9,0.0,0.0,0.0
2026-04-11 03:58:50,29.0,57.9,21.5,53.9,0.0,0.0,0.0
2026-04-11 03:58:55,29.0,58.0,2.7,53.9,0.0,0.0,0.0
2026-04-11 03:59:00,29.2,58.1,19.3,53.9,0.0,0.0,0.0
2026-04-11 03:59:05,29.0,58.1,17.5,53.9,0.0,0.0,0.0
2026-04-11 03:59:10,29.1,58.2,1.0,53.9,0.0,0.0,0.0
2026-04-11 03:59:15,29.1,58.2,10.8,53.9,0.0,0.0,0.0
2026-04-11 03:59:20,29.1,58.2,9.6,53.9,0.0,0.0,0.0
2026-04-11 03:59:25,29.0,58.1,12.3,53.9,0.0,0.0,0.0
2026-04-11 03:59:30,29.1,58.3,19.0,53.9,0.0,0.0,0.0
2026-04-11 03:59:35,29.1,58.2,0.0,53.9,0.0,0.0,0.0
2026-04-11 03:59:40,29.1,58.1,8.4,53.9,0.0,0.0,0.0
2026-04-11 03:59:45,29.1,58.2,22.4,53.9,0.0,0.0,0.0
2026-04-11 03:59:50,29.1,58.1,25.2,53.9,0.0,0.0,0.0
2026-04-11 03:59:55,29.1,58.1,1.6,53.9,0.0,0.0,0.0
2026-04-11 04:00:00,29.1,58.1,16.3,53.9,0.0,0.0,0.0
2026-04-11 04:00:05,29.0,58.1,12.2,53.9,0.0,0.0,0.0
2026-04-11 04:00:10,29.2,58.1,3.3,53.9,0.0,0.0,0.0
2026-04-11 04:00:15,29.1,58.2,16.2,53.9,0.0,0.0,0.0
2026-04-11 04:00:20,29.1,58.3,29.1,53.9,0.0,0.0,0.0
2026-04-11 04:00:25,29.0,58.3,44.8,53.9,0.0,0.0,0.0
2026-04-11 04:00:30,29.2,58.3,12.4,53.9,0.0,0.0,0.0
2026-04-11 04:00:35,29.1,58.3,32.1,53.9,0.0,0.0,0.0
2026-04-11 04:00:40,29.1,58.2,15.1,53.9,0.0,0.0,0.0
2026-04-11 04:00:45,29.0,58.3,28.2,53.9,0.0,0.0,0.0
2026-04-11 04:00:50,28.9,58.4,4.9,53.9,0.0,0.0,0.0
2026-04-11 04:00:55,29.2,58.4,0.3,53.9,0.0,0.0,0.0
2026-04-11 04:01:00,29.2,58.4,2.8,53.9,0.0,0.0,0.0
2026-04-11 04:01:05,29.1,58.5,0.1,53.9,0.0,0.0,0.0
2026-04-11 04:01:10,29.1,58.4,11.0,53.9,0.0,0.0,0.0
2026-04-11 04:01:15,29.1,58.4,8.7,53.9,0.0,0.0,0.0
2026-04-11 04:01:20,29.1,58.4,11.5,53.9,0.0,0.0,0.0
2026-04-11 04:01:25,29.2,58.3,18.0,53.9,0.0,0.0,0.0
2026-04-11 04:01:30,29.2,58.4,26.4,53.9,0.0,0.0,0.0
2026-04-11 04:01:35,29.2,58.4,1.8,53.9,0.0,0.0,0.0
2026-04-11 04:01:40,29.0,58.4,39.9,53.9,0.0,0.0,0.0
2026-04-11 04:01:45,29.0,58.4,35.7,53.9,0.0,0.0,0.0
2026-04-11 04:01:50,29.1,58.4,7.4,53.9,0.0,0.0,0.0
2026-04-11 04:01:55,29.3,58.3,30.8,53.9,0.0,0.0,0.0
2026-04-11 04:02:00,28.9,58.3,15.4,53.9,0.0,0.0,0.0
2026-04-11 04:02:05,29.1,58.4,0.0,53.9,0.0,0.0,0.0
2026-04-11 04:02:10,29.1,58.4,12.7,53.9,0.0,0.0,0.0
2026-04-11 04:02:15,29.0,58.5,29.6,53.9,0.0,0.0,0.0
2026-04-11 04:02:20,29.0,58.4,21.1,53.8,0.0,0.0,0.0
2026-04-11 04:02:25,29.2,58.5,22.0,53.8,0.0,0.0,0.0
2026-04-11 04:02:30,29.1,58.5,22.2,53.9,0.0,0.0,0.0
2026-04-11 04:02:35,29.0,58.5,36.2,53.9,0.0,0.0,0.0
2026-04-11 04:02:40,28.9,58.5,26.0,53.9,0.0,0.0,0.0
2026-04-11 04:02:45,29.2,58.5,22.4,53.9,0.0,0.0,0.0
2026-04-11 04:02:50,29.0,58.4,17.8,53.9,0.0,0.0,0.0
2026-04-11 04:02:55,29.2,58.4,27.3,53.9,0.0,0.0,0.0
2026-04-11 04:03:00,29.0,58.2,26.2,53.9,0.0,0.0,0.0
2026-04-11 04:03:05,29.0,58.2,19.4,53.9,0.0,0.0,0.0
2026-04-11 04:03:10,29.0,58.2,9.5,53.9,0.0,0.0,0.0
2026-04-11 04:03:15,29.0,58.3,20.8,53.9,0.0,0.0,0.0
2026-04-11 04:03:20,29.1,58.3,15.6,53.9,0.0,0.0,0.0
2026-04-11 04:03:25,29.1,58.4,5.7,53.9,0.0,0.0,0.0
2026-04-11 04:03:30,28.9,58.6,26.4,53.9,0.0,0.0,0.0
2026-04-11 04:03:35,29.2,58.6,16.0,53.9,0.0,0.0,0.0
2026-04-11 04:03:40,29.1,58.6,0.8,53.9,0.0,0.0,0.0
2026-04-11 04:03:45,29.2,58.7,7.5,53.9,0.0,0.0,0.0
2026-04-11 04:03:50,29.0,58.7,19.5,53.9,0.0,0.0,0.0
2026-04-11 04:03:55,29.0,58.8,26.5,53.9,0.0,0.0,0.0
2026-04-11 04:04:00,29.0,58.5,0.0,53.9,0.0,0.0,0.0
2026-04-11 04:04:05,29.0,58.5,8.6,53.9,0.0,0.0,0.0
2026-04-11 04:04:10,29.2,58.5,9.7,53.9,0.0,0.0,0.0
2026-04-11 04:04:15,28.9,58.5,25.8,53.9,0.0,0.0,0.0
2026-04-11 04:04:20,29.0,58.5,5.8,53.9,0.0,0.0,0.0
2026-04-11 04:04:25,29.2,58.4,29.8,53.9,0.0,0.0,0.0
2026-04-11 04:04:30,29.1,58.3,20.5,53.9,0.0,0.0,0.0
2026-04-11 04:04:35,29.1,58.2,19.2,53.9,0.0,0.0,0.0
2026-04-11 04:04:40,29.1,58.3,18.9,53.9,0.0,0.0,0.0
2026-04-11 04:04:45,29.0,58.3,18.9,53.9,0.0,0.0,0.0
2026-04-11 04:04:50,28.9,58.2,12.4,53.9,0.0,0.0,0.0
2026-04-11 04:04:55,29.1,58.2,7.3,53.9,0.0,0.0,0.0
2026-04-11 04:05:00,29.0,58.2,9.2,53.9,0.0,0.0,0.0
2026-04-11 04:05:05,28.8,58.1,19.4,53.9,0.0,0.0,0.0
2026-04-11 04:05:10,29.0,58.2,29.3,53.9,0.0,0.0,0.0
2026-04-11 04:05:15,29.1,58.1,16.7,53.9,0.0,0.0,0.0
2026-04-11 04:05:20,29.0,58.1,13.6,53.9,0.0,0.0,0.0
2026-04-11 04:05:25,28.9,58.1,19.9,53.9,0.0,0.0,0.0
2026-04-11 04:05:30,28.9,58.0,30.2,53.9,0.0,0.0,0.0
2026-04-11 04:05:35,29.3,58.1,39.9,53.9,0.0,0.0,0.0
2026-04-11 04:05:40,29.1,58.1,5.5,53.9,0.0,0.0,0.0
2026-04-11 04:05:45,29.0,58.1,10.9,53.9,0.0,0.0,0.0
2026-04-11 04:05:50,29.1,58.2,15.4,53.9,0.0,0.0,0.0
2026-04-11 04:05:55,28.9,58.0,18.9,53.9,0.0,0.0,0.0
2026-04-11 04:06:00,29.0,58.0,26.6,53.9,0.0,0.0,0.0
2026-04-11 04:06:05,29.0,58.2,27.2,53.9,0.0,0.0,0.0
2026-04-11 04:06:10,29.1,58.1,22.2,53.9,0.0,0.0,0.0
2026-04-11 04:06:15,29.0,57.9,27.6,53.9,0.0,0.0,0.0
2026-04-11 04:06:20,28.9,57.9,11.3,53.9,0.0,0.0,0.0
2026-04-11 04:06:25,28.9,57.9,10.4,53.9,0.0,0.0,0.0
2026-04-11 04:06:30,28.9,57.8,18.1,53.9,0.0,0.0,0.0
2026-04-11 04:06:35,29.1,57.8,10.3,53.9,0.0,0.0,0.0
2026-04-11 04:06:40,29.1,58.0,6.6,53.9,0.0,0.0,0.0
2026-04-11 04:06:45,29.1,58.1,21.9,53.9,0.0,0.0,0.0
2026-04-11 04:06:50,29.1,58.0,14.9,53.9,0.0,0.0,0.0
2026-04-11 04:06:55,29.1,58.1,22.0,53.9,0.0,0.0,0.0
2026-04-11 04:07:00,29.2,58.0,24.9,53.9,0.0,0.0,0.0
2026-04-11 04:07:05,29.0,57.9,8.1,53.9,0.0,0.0,0.0
2026-04-11 04:07:10,29.1,57.9,28.5,53.9,0.0,0.0,0.0
2026-04-11 04:07:15,29.0,57.9,3.8,53.9,0.0,0.0,0.0
2026-04-11 04:07:20,29.1,57.9,22.6,53.9,0.0,0.0,0.0
2026-04-11 04:07:25,28.9,57.9,0.0,53.9,0.0,0.0,0.0
2026-04-11 04:07:30,29.3,57.8,17.0,53.9,0.0,0.0,0.0
2026-04-11 04:07:35,29.2,57.7,9.1,53.9,0.0,0.0,0.0
2026-04-11 04:07:40,29.1,57.8,33.3,53.9,0.0,0.0,0.0
2026-04-11 04:07:45,29.1,57.7,21.4,53.9,0.0,0.0,0.0
2026-04-11 04:07:50,29.0,57.8,13.1,53.9,0.0,0.0,0.0
2026-04-11 04:07:55,28.9,57.9,18.1,53.9,0.0,0.0,0.0
2026-04-11 04:08:00,29.0,58.0,9.6,53.9,0.0,0.0,0.0
2026-04-11 04:08:05,28.9,57.9,10.7,53.9,0.0,0.0,0.0
2026-04-11 04:08:10,29.2,57.9,15.5,53.9,0.0,0.0,0.0
2026-04-11 04:08:15,29.2,57.9,17.4,53.9,0.0,0.0,0.0
2026-04-11 04:08:20,29.1,58.0,17.6,53.9,0.0,0.0,0.0
2026-04-11 04:08:25,29.0,58.0,12.2,53.9,0.0,0.0,0.0
2026-04-11 04:08:30,29.0,58.0,6.6,53.9,0.0,0.0,0.0
2026-04-11 04:08:35,29.0,58.0,0.7,53.9,0.0,0.0,0.0
2026-04-11 04:08:40,29.0,58.2,22.0,53.9,0.0,0.0,0.0
2026-04-11 04:08:45,29.0,58.2,21.7,53.9,0.0,0.0,0.0
2026-04-11 04:08:50,29.2,58.3,6.1,53.9,0.0,0.0,0.0
2026-04-11 04:08:55,29.2,58.3,11.9,53.9,0.0,0.0,0.0
2026-04-11 04:09:00,29.1,58.1,25.3,53.9,0.0,0.0,0.0
2026-04-11 04:09:05,29.1,58.2,12.4,53.9,0.0,0.0,0.0
2026-04-11 04:09:10,29.0,58.4,11.2,53.9,0.0,0.0,0.0
2026-04-11 04:09:15,29.1,58.5,33.5,53.9,0.0,0.0,0.0
2026-04-11 04:09:20,29.2,58.5,8.5,53.9,0.0,0.0,0.0
2026-04-11 04:09:25,29.1,58.5,19.6,53.9,0.0,0.0,0.0
2026-04-11 04:09:30,29.1,58.5,24.7,53.9,0.0,0.0,0.0
2026-04-11 04:09:35,29.0,58.6,21.6,53.9,0.0,0.0,0.0
2026-04-11 04:09:40,29.0,58.6,24.8,53.9,0.0,0.0,0.0
2026-04-11 04:09:45,29.1,58.6,31.9,53.8,0.0,0.0,0.0
2026-04-11 04:09:50,29.1,58.5,30.2,53.8,0.0,0.0,0.0
2026-04-11 04:09:55,29.1,58.6,8.9,53.9,0.0,0.0,0.0
2026-04-11 04:10:00,29.0,58.6,18.3,53.9,0.0,0.0,0.0
2026-04-11 04:10:05,28.9,58.8,5.4,53.9,0.0,0.0,0.0
2026-04-11 04:10:10,29.0,58.7,19.2,53.8,0.0,0.0,0.0
2026-04-11 04:10:15,29.1,58.6,25.5,53.8,0.0,0.0,0.0
2026-04-11 04:10:20,29.1,58.5,6.6,53.8,0.0,0.0,0.0
2026-04-11 04:10:25,29.0,58.5,25.0,53.8,0.0,0.0,0.0
2026-04-11 04:10:30,29.0,58.5,11.5,53.8,0.0,0.0,0.0
2026-04-11 04:10:35,29.1,58.4,24.2,53.8,0.0,0.0,0.0
2026-04-11 04:10:40,29.0,58.3,11.3,53.9,0.0,0.0,0.0
2026-04-11 04:10:45,29.0,58.3,17.9,53.9,0.0,0.0,0.0
2026-04-11 04:10:50,29.2,58.3,13.1,53.9,0.0,0.0,0.0
2026-04-11 04:10:55,29.1,58.2,26.8,53.9,0.0,0.0,0.0
2026-04-11 04:11:00,29.0,58.3,16.6,53.9,0.0,0.0,0.0
2026-04-11 04:11:05,29.0,58.4,5.7,53.9,0.0,0.0,0.0
2026-04-11 04:11:10,29.1,58.4,0.0,53.9,0.0,0.0,0.0
2026-04-11 04:11:15,29.0,58.5,0.0,53.9,0.0,0.0,0.0
2026-04-11 04:11:20,29.1,58.5,6.4,53.9,0.0,0.0,0.0
2026-04-11 04:11:25,29.3,58.4,15.2,53.9,0.0,0.0,0.0
2026-04-11 04:11:30,29.1,58.4,18.4,53.8,0.0,0.0,0.0
2026-04-11 04:11:35,29.0,58.4,21.7,53.8,0.0,0.0,0.0
2026-04-11 04:11:40,28.9,58.5,9.2,53.8,0.0,0.0,0.0
2026-04-11 04:11:45,29.2,58.6,18.9,53.8,0.0,0.0,0.0
2026-04-11 04:11:50,29.0,58.5,11.7,53.9,0.0,0.0,0.0
2026-04-11 04:11:55,29.1,58.4,3.8,53.9,0.0,0.0,0.0
2026-04-11 04:12:00,29.3,58.4,13.3,53.9,0.0,0.0,0.0
2026-04-11 04:12:05,29.1,58.5,24.2,53.9,0.0,0.0,0.0
2026-04-11 04:12:10,29.1,58.4,14.9,53.9,0.0,0.0,0.0
2026-04-11 04:12:15,29.2,58.3,0.9,53.9,0.0,0.0,0.0
2026-04-11 04:12:20,29.1,58.3,2.6,53.9,0.0,0.0,0.0
2026-04-11 04:12:25,29.1,58.3,12.9,53.9,0.0,0.0,0.0
2026-04-11 04:12:30,29.2,58.3,26.2,53.9,0.0,0.0,0.0
2026-04-11 04:12:35,29.1,58.2,28.4,53.9,0.0,0.0,0.0
2026-04-11 04:12:40,29.1,58.3,14.8,53.9,0.0,0.0,0.0
2026-04-11 04:12:45,29.1,58.2,6.8,53.9,0.0,0.0,0.0
2026-04-11 04:12:50,29.0,58.3,14.7,53.9,0.0,0.0,0.0
2026-04-11 04:12:55,29.1,58.4,31.0,53.9,0.0,0.0,0.0
2026-04-11 04:13:00,29.1,58.4,0.0,53.9,0.0,0.0,0.0
2026-04-11 04:13:05,28.9,58.4,4.2,53.9,0.0,0.0,0.0
2026-04-11 04:13:10,29.0,58.4,18.9,53.9,0.0,0.0,0.0
2026-04-11 04:13:15,29.1,58.4,14.1,53.9,0.0,0.0,0.0
2026-04-11 04:13:20,29.1,58.3,21.8,53.9,0.0,0.0,0.0
2026-04-11 04:13:25,28.9,58.2,21.4,53.9,0.0,0.0,0.0
2026-04-11 04:13:30,28.9,58.1,26.5,53.9,0.0,0.0,0.0
2026-04-11 04:13:35,29.1,58.3,23.3,53.9,0.0,0.0,0.0
2026-04-11 04:13:40,29.0,58.2,16.5,53.9,0.0,0.0,0.0
2026-04-11 04:13:45,28.9,58.1,9.1,53.9,0.0,0.0,0.0
2026-04-11 04:13:50,29.0,58.2,3.6,53.9,0.0,0.0,0.0
2026-04-11 04:13:55,28.9,58.1,10.7,53.9,0.0,0.0,0.0
2026-04-11 04:14:00,28.9,58.2,6.3,53.9,0.0,0.0,0.0
2026-04-11 04:14:05,29.1,58.1,15.8,53.9,0.0,0.0,0.0
2026-04-11 04:14:10,29.0,58.3,16.5,53.9,0.0,0.0,0.0
2026-04-11 04:14:15,29.1,58.2,0.0,53.9,0.0,0.0,0.0
2026-04-11 04:14:20,29.0,58.1,32.9,53.9,0.0,0.0,0.0
2026-04-11 04:14:25,29.0,58.1,14.6,53.9,0.0,0.0,0.0
2026-04-11 04:14:30,29.0,58.0,0.8,53.9,0.0,0.0,0.0
2026-04-11 04:14:35,29.0,57.8,21.7,53.9,0.0,0.0,0.0
2026-04-11 04:14:40,29.0,57.7,10.3,53.9,0.0,0.0,0.0
2026-04-11 04:14:45,29.1,57.7,16.2,53.9,0.0,0.0,0.0
2026-04-11 04:14:50,29.1,57.5,31.1,53.9,0.0,0.0,0.0
2026-04-11 04:14:55,29.0,57.6,7.6,53.9,0.0,0.0,0.0
2026-04-11 04:15:00,29.1,57.5,28.1,53.9,0.0,0.0,0.0
2026-04-11 04:15:05,28.9,57.5,19.6,53.9,0.0,0.0,0.0
2026-04-11 04:15:10,29.0,57.5,19.3,53.9,0.0,0.0,0.0
2026-04-11 04:15:15,29.1,57.4,11.7,53.9,0.0,0.0,0.0
2026-04-11 04:15:20,29.1,57.4,2.3,53.9,0.0,0.0,0.0
2026-04-11 04:15:25,28.9,57.5,18.3,53.9,0.0,0.0,0.0
2026-04-11 04:15:30,29.0,57.6,24.0,53.9,0.0,0.0,0.0
2026-04-11 04:15:35,29.1,57.7,2.4,53.9,0.0,0.0,0.0
2026-04-11 04:15:40,29.1,57.7,0.0,53.9,0.0,0.0,0.0
2026-04-11 04:15:45,29.1,57.7,22.7,53.9,0.0,0.0,0.0
2026-04-11 04:15:50,28.8,57.7,30.6,53.9,0.0,0.0,0.0
2026-04-11 04:15:55,29.1,57.6,15.5,53.9,0.0,0.0,0.0
2026-04-11 04:16:00,28.9,57.5,13.6,53.9,0.0,0.0,0.0
2026-04-11 04:16:05,29.2,57.6,15.9,53.9,0.0,0.0,0.0
2026-04-11 04:16:10,28.7,57.6,14.1,53.9,0.0,0.0,0.0
2026-04-11 04:16:15,29.1,57.7,15.1,53.9,0.0,0.0,0.0
2026-04-11 04:16:20,29.1,57.8,0.0,53.9,0.0,0.0,0.0
2026-04-11 04:16:25,28.9,57.7,18.9,53.9,0.0,0.0,0.0
2026-04-11 04:16:30,29.1,57.7,6.0,53.9,0.0,0.0,0.0
2026-04-11 04:16:35,28.8,57.7,8.9,53.9,0.0,0.0,0.0
2026-04-11 04:16:40,29.1,57.7,12.8,53.9,0.0,0.0,0.0
2026-04-11 04:16:45,29.0,57.9,23.8,53.9,0.0,0.0,0.0
2026-04-11 04:16:50,28.9,58.0,38.7,53.9,0.0,0.0,0.0
2026-04-11 04:16:55,29.0,58.0,13.3,53.9,0.0,0.0,0.0
2026-04-11 04:17:00,28.9,58.0,28.3,53.9,0.0,0.0,0.0
2026-04-11 04:17:05,29.0,58.0,1.4,53.9,0.0,0.0,0.0
2026-04-11 04:17:10,29.1,58.1,16.7,53.9,0.0,0.0,0.0
2026-04-11 04:17:15,29.1,58.1,30.5,53.9,0.0,0.0,0.0
2026-04-11 04:17:20,29.1,58.0,14.4,53.9,0.0,0.0,0.0
2026-04-11 04:17:25,29.0,58.0,17.2,53.9,0.0,0.0,0.0
2026-04-11 04:17:30,29.0,57.9,24.7,53.9,0.0,0.0,0.0
2026-04-11 04:17:35,29.2,58.0,13.3,53.9,0.0,0.0,0.0
2026-04-11 04:17:40,29.1,58.0,21.6,53.9,0.0,0.0,0.0
2026-04-11 04:17:45,28.9,57.9,20.5,53.9,0.0,0.0,0.0
2026-04-11 04:17:50,29.0,57.9,12.9,53.9,0.0,0.0,0.0
2026-04-11 04:17:55,29.1,57.9,23.9,53.9,0.0,0.0,0.0
2026-04-11 04:18:00,29.0,57.8,4.2,53.9,0.0,0.0,0.0
2026-04-11 04:18:05,29.1,58.0,2.3,53.9,0.0,0.0,0.0
2026-04-11 04:18:10,29.0,58.1,19.1,53.9,0.0,0.0,0.0
2026-04-11 04:18:15,28.9,57.9,21.2,53.9,0.0,0.0,0.0
2026-04-11 04:18:20,29.0,57.9,21.4,53.9,0.0,0.0,0.0
2026-04-11 04:18:25,29.0,57.9,1.6,53.9,0.0,0.0,0.0
2026-04-11 04:18:30,29.1,57.9,1.4,53.9,0.0,0.0,0.0
2026-04-11 04:18:35,29.0,57.8,20.4,53.9,0.0,0.0,0.0
2026-04-11 04:18:40,28.9,57.9,15.4,53.9,0.0,0.0,0.0
2026-04-11 04:18:45,29.0,57.9,15.9,53.9,0.0,0.0,0.0
2026-04-11 04:18:50,29.0,57.9,15.3,53.9,0.0,0.0,0.0
2026-04-11 04:18:55,29.1,58.0,45.6,53.9,0.0,0.0,0.0
2026-04-11 04:19:00,29.2,58.1,11.8,53.9,0.0,0.0,0.0
2026-04-11 04:19:05,29.0,58.1,4.1,53.9,0.0,0.0,0.0
2026-04-11 04:19:10,29.0,58.3,22.3,53.9,0.0,0.0,0.0
2026-04-11 04:19:15,29.0,58.3,14.2,53.9,0.0,0.0,0.0
2026-04-11 04:19:20,29.1,58.3,12.9,53.9,0.0,0.0,0.0
2026-04-11 04:19:25,28.9,58.4,7.6,53.9,0.0,0.0,0.0
2026-04-11 04:19:30,28.9,58.4,13.4,53.9,0.0,0.0,0.0
2026-04-11 04:19:35,29.0,58.4,7.1,53.9,0.0,0.0,0.0
2026-04-11 04:19:40,28.8,58.5,10.9,53.9,0.0,0.0,0.0
2026-04-11 04:19:45,29.0,58.5,19.2,53.9,0.0,0.0,0.0
2026-04-11 04:19:50,29.2,58.4,31.1,53.9,0.0,0.0,0.0
2026-04-11 04:19:55,29.0,58.4,16.1,53.9,0.0,0.0,0.0
2026-04-11 04:20:00,29.0,58.5,13.2,53.9,0.0,0.0,0.0
2026-04-11 04:20:05,29.0,58.4,29.1,53.9,0.0,0.0,0.0
2026-04-11 04:20:10,29.1,58.3,8.6,53.9,0.0,0.0,0.0
2026-04-11 04:20:15,29.1,58.2,19.4,53.9,0.0,0.0,0.0
2026-04-11 04:20:20,29.1,58.1,20.2,53.9,0.0,0.0,0.0
2026-04-11 04:20:25,29.1,58.2,7.5,53.9,0.0,0.0,0.0
2026-04-11 04:20:30,29.0,58.2,22.2,53.9,0.0,0.0,0.0
2026-04-11 04:20:35,29.1,58.3,0.0,53.9,0.0,0.0,0.0
2026-04-11 04:20:40,29.0,58.2,0.8,53.9,0.0,0.0,0.0
2026-04-11 04:20:45,29.2,58.1,0.3,53.9,0.0,0.0,0.0
2026-04-11 04:20:50,29.1,58.1,1.1,53.9,0.0,0.0,0.0
2026-04-11 04:20:55,29.1,58.3,3.4,53.9,0.0,0.0,0.0
2026-04-11 04:21:00,28.8,58.4,23.8,53.9,0.0,0.0,0.0
2026-04-11 04:21:05,29.1,58.6,30.5,53.9,0.0,0.0,0.0
2026-04-11 04:21:10,29.0,58.5,12.1,53.9,0.0,0.0,0.0
2026-04-11 04:21:15,29.2,58.4,7.8,53.9,0.0,0.0,0.0
2026-04-11 04:21:20,28.9,58.2,18.4,53.9,0.0,0.0,0.0
2026-04-11 04:21:25,29.0,58.2,11.7,53.9,0.0,0.0,0.0
2026-04-11 04:21:30,29.1,58.2,24.7,53.9,0.0,0.0,0.0
2026-04-11 04:21:35,29.1,58.1,7.7,53.9,0.0,0.0,0.0
2026-04-11 04:21:40,29.2,58.0,9.9,53.9,0.0,0.0,0.0
2026-04-11 04:21:45,29.0,58.1,19.8,53.9,0.0,0.0,0.0
2026-04-11 04:21:50,29.2,57.9,23.7,53.9,0.0,0.0,0.0
2026-04-11 04:21:55,29.0,58.1,7.8,53.9,0.0,0.0,0.0
2026-04-11 04:22:00,29.0,58.0,0.0,53.9,0.0,0.0,0.0
2026-04-11 04:22:05,29.1,58.2,9.1,53.9,0.0,0.0,0.0
2026-04-11 04:22:10,29.1,58.1,15.1,53.9,0.0,0.0,0.0
2026-04-11 04:22:15,28.9,58.0,7.5,53.9,0.0,0.0,0.0
2026-04-11 04:22:20,29.0,58.1,24.0,53.9,0.0,0.0,0.0
2026-04-11 04:22:25,29.1,58.1,11.3,53.9,0.0,0.0,0.0
2026-04-11 04:22:30,28.9,58.1,23.5,53.9,0.0,0.0,0.0
2026-04-11 04:22:35,29.0,58.1,15.5,53.9,0.0,0.0,0.0
2026-04-11 04:22:40,29.1,58.2,24.1,53.9,0.0,0.0,0.0
2026-04-11 04:22:45,29.0,58.2,13.8,53.9,0.0,0.0,0.0
2026-04-11 04:22:50,29.2,58.1,20.8,53.9,0.0,0.0,0.0
2026-04-11 04:22:55,29.2,58.3,10.8,53.9,0.0,0.0,0.0
2026-04-11 04:23:00,29.2,58.4,21.8,53.9,0.0,0.0,0.0
2026-04-11 04:23:05,29.0,58.3,12.5,53.9,0.0,0.0,0.0
2026-04-11 04:23:10,29.3,58.3,4.0,53.9,0.0,0.0,0.0
2026-04-11 04:23:15,29.1,58.2,20.5,53.9,0.0,0.0,0.0
2026-04-11 04:23:20,29.1,58.1,2.6,53.9,0.0,0.0,0.0
2026-04-11 04:23:25,28.9,58.1,11.4,53.9,0.0,0.0,0.0
2026-04-11 04:23:30,28.9,58.2,15.9,53.9,0.0,0.0,0.0
2026-04-11 04:23:35,29.1,58.1,18.9,53.9,0.0,0.0,0.0
2026-04-11 04:23:40,29.0,58.1,26.8,53.9,0.0,0.0,0.0
2026-04-11 04:23:45,29.2,58.3,20.8,53.9,0.0,0.0,0.0
2026-04-11 04:23:50,29.2,58.2,6.0,53.9,0.0,0.0,0.0
2026-04-11 04:23:55,29.1,58.2,21.3,53.9,0.0,0.0,0.0
2026-04-11 04:24:00,29.0,58.2,24.3,53.9,0.0,0.0,0.0
2026-04-11 04:24:05,29.1,58.2,17.8,53.9,0.0,0.0,0.0
2026-04-11 04:24:10,29.2,58.3,19.5,53.9,0.0,0.0,0.0
2026-04-11 04:24:15,29.0,58.4,19.8,53.9,0.0,0.0,0.0
2026-04-11 04:24:20,29.0,58.4,20.0,53.9,0.0,0.0,0.0
2026-04-11 04:24:25,28.9,58.5,0.0,54.0,0.0,0.0,0.0
2026-04-11 04:24:30,29.0,58.4,5.8,54.0,0.0,0.0,0.0
2026-04-11 04:24:35,29.1,58.3,11.1,53.9,0.0,0.0,0.0
2026-04-11 04:24:40,29.0,58.4,1.5,53.9,0.0,0.0,0.0
2026-04-11 04:24:45,29.1,58.3,1.4,53.9,0.0,0.0,0.0
2026-04-11 04:24:50,29.0,58.3,0.0,53.9,0.0,0.0,0.0
2026-04-11 04:24:55,29.1,58.4,13.4,53.9,0.0,0.0,0.0
2026-04-11 04:25:00,29.1,58.3,4.4,53.9,0.0,0.0,0.0
2026-04-11 04:25:05,29.1,58.4,12.4,53.9,0.0,0.0,0.0
2026-04-11 04:25:10,28.9,58.5,11.0,53.9,0.0,0.0,0.0
2026-04-11 04:25:15,29.0,58.4,6.5,53.9,0.0,0.0,0.0
2026-04-11 04:25:20,29.3,58.4,12.6,53.9,0.0,0.0,0.0
2026-04-11 04:25:25,29.1,58.5,0.0,53.9,0.0,0.0,0.0
2026-04-11 04:25:30,29.2,58.4,15.6,53.8,0.0,0.0,0.0
2026-04-11 04:25:35,29.2,58.4,24.1,53.8,0.0,0.0,0.0
2026-04-11 04:25:40,29.1,58.4,11.4,53.9,0.0,0.0,0.0
2026-04-11 04:25:45,29.0,58.4,13.8,53.9,0.0,0.0,0.0
2026-04-11 04:25:50,29.0,58.4,9.5,53.9,0.0,0.0,0.0
2026-04-11 04:25:55,29.0,58.4,11.6,53.9,0.0,0.0,0.0
2026-04-11 04:26:00,29.0,58.4,5.8,53.9,0.0,0.0,0.0
2026-04-11 04:26:05,29.0,58.4,33.5,53.9,0.0,0.0,0.0
2026-04-11 04:26:10,29.0,58.5,30.4,53.9,0.0,0.0,0.0
2026-04-11 04:26:15,29.1,58.5,8.0,53.9,0.0,0.0,0.0
2026-04-11 04:26:20,29.2,58.6,29.3,53.9,0.0,0.0,0.0
2026-04-11 04:26:25,29.1,58.6,0.0,53.9,0.0,0.0,0.0
2026-04-11 04:26:30,29.2,58.8,6.3,53.9,0.0,0.0,0.0
2026-04-11 04:26:35,29.1,58.9,7.0,53.9,0.0,0.0,0.0
2026-04-11 04:26:40,29.0,58.9,22.4,53.9,0.0,0.0,0.0
2026-04-11 04:26:45,29.0,58.8,10.7,53.9,0.0,0.0,0.0
2026-04-11 04:26:50,29.0,58.9,19.4,53.9,0.0,0.0,0.0
2026-04-11 04:26:55,29.0,59.0,31.4,53.9,0.0,0.0,0.0
2026-04-11 04:27:00,29.1,59.1,17.2,53.9,0.0,0.0,0.0
2026-04-11 04:27:05,29.0,59.1,19.5,53.8,0.0,0.0,0.0
2026-04-11 04:27:10,28.9,59.0,14.2,53.8,0.0,0.0,0.0
2026-04-11 04:27:15,29.0,58.9,26.3,53.8,0.0,0.0,0.0
2026-04-11 04:27:20,29.0,58.8,23.4,53.9,0.0,0.0,0.0
2026-04-11 04:27:25,28.9,58.8,2.7,53.9,0.0,0.0,0.0
2026-04-11 04:27:30,28.9,58.8,27.6,53.9,0.0,0.0,0.0
2026-04-11 04:27:35,29.0,59.1,20.7,53.9,0.0,0.0,0.0
2026-04-11 04:27:40,29.0,59.0,2.8,53.9,0.0,0.0,0.0
2026-04-11 04:27:45,29.0,59.1,11.5,53.9,0.0,0.0,0.0
2026-04-11 04:27:50,29.1,59.1,13.4,53.9,0.0,0.0,0.0
2026-04-11 04:27:55,29.0,59.1,13.9,53.9,0.0,0.0,0.0
2026-04-11 04:28:00,29.0,59.1,0.0,54.0,0.0,0.0,0.0
2026-04-11 04:28:05,29.0,59.0,12.5,54.0,0.0,0.0,0.0
2026-04-11 04:28:10,29.1,59.1,23.0,54.0,0.0,0.0,0.0
2026-04-11 04:28:15,29.0,59.0,8.2,53.9,0.0,0.0,0.0
2026-04-11 04:28:20,29.0,59.0,28.0,53.9,0.0,0.0,0.0
2026-04-11 04:28:25,28.9,59.0,36.5,53.9,0.0,0.0,0.0
2026-04-11 04:28:30,29.0,59.1,21.0,53.9,0.0,0.0,0.0
2026-04-11 04:28:35,29.0,59.1,26.7,53.9,0.0,0.0,0.0
2026-04-11 04:28:40,29.1,59.0,3.3,53.9,0.0,0.0,0.0
2026-04-11 04:28:45,29.0,58.9,14.1,53.9,0.0,0.0,0.0
2026-04-11 04:28:50,29.0,58.8,12.4,53.9,0.0,0.0,0.0
2026-04-11 04:28:55,29.0,58.7,17.9,53.9,0.0,0.0,0.0
2026-04-11 04:29:00,29.0,58.7,19.1,53.9,0.0,0.0,0.0
2026-04-11 04:29:05,28.9,58.7,0.0,53.9,0.0,0.0,0.0
2026-04-11 04:29:10,29.0,58.6,32.6,53.9,0.0,0.0,0.0
2026-04-11 04:29:15,28.9,58.6,13.3,53.9,0.0,0.0,0.0
2026-04-11 04:29:20,28.9,58.7,26.8,53.9,0.0,0.0,0.0
2026-04-11 04:29:25,28.9,58.5,10.4,53.9,0.0,0.0,0.0
2026-04-11 04:29:30,29.0,58.6,27.0,53.9,0.0,0.0,0.0
2026-04-11 04:29:35,29.0,58.6,19.3,53.9,0.0,0.0,0.0
2026-04-11 04:29:40,29.1,58.5,14.8,53.9,0.0,0.0,0.0
2026-04-11 04:29:45,28.9,58.4,24.0,53.9,0.0,0.0,0.0
2026-04-11 04:29:50,29.0,58.2,35.7,53.9,0.0,0.0,0.0
2026-04-11 04:29:55,29.0,58.3,24.1,53.9,0.0,0.0,0.0
2026-04-11 04:30:00,28.9,58.3,13.1,53.9,0.0,0.0,0.0
2026-04-11 04:30:05,28.8,58.2,1.2,53.9,0.0,0.0,0.0
2026-04-11 04:30:10,28.9,58.1,19.7,53.9,0.0,0.0,0.0
2026-04-11 04:30:15,29.0,58.1,0.0,53.9,0.0,0.0,0.0
2026-04-11 04:30:20,29.2,58.3,14.7,53.9,0.0,0.0,0.0
2026-04-11 04:30:25,28.9,58.2,24.2,53.9,0.0,0.0,0.0
2026-04-11 04:30:30,28.9,58.3,8.8,53.9,0.0,0.0,0.0
2026-04-11 04:30:35,28.8,58.4,14.5,53.9,0.0,0.0,0.0
2026-04-11 04:30:40,29.0,58.3,7.6,53.9,0.0,0.0,0.0
2026-04-11 04:30:45,28.9,58.3,20.3,53.9,0.0,0.0,0.0
2026-04-11 04:30:50,29.1,58.4,16.6,53.9,0.0,0.0,0.0
2026-04-11 04:30:55,28.8,58.4,12.7,53.9,0.0,0.0,0.0
2026-04-11 04:31:00,29.0,58.5,17.8,53.9,0.0,0.0,0.0
2026-04-11 04:31:05,28.9,58.6,50.7,53.9,0.0,0.0,0.0
2026-04-11 04:31:10,28.9,58.6,20.1,53.9,0.0,0.0,0.0
2026-04-11 04:31:15,28.9,58.6,25.5,53.9,0.0,0.0,0.0
2026-04-11 04:31:20,28.9,58.6,3.4,53.9,0.0,0.0,0.0
2026-04-11 04:31:25,28.8,58.6,15.1,53.9,0.0,0.0,0.0
2026-04-11 04:31:30,28.9,58.4,16.1,53.9,0.0,0.0,0.0
2026-04-11 04:31:35,28.9,58.5,35.4,53.9,0.0,0.0,0.0
2026-04-11 04:31:40,28.8,58.4,20.5,53.9,0.0,0.0,0.0
2026-04-11 04:31:45,29.0,58.4,24.3,53.9,0.0,0.0,0.0
2026-04-11 04:31:50,29.1,58.4,21.4,53.9,0.0,0.0,0.0
2026-04-11 04:31:55,28.9,58.3,7.7,53.9,0.0,0.0,0.0
2026-04-11 04:32:00,28.8,58.4,7.0,53.9,0.0,0.0,0.0
2026-04-11 04:32:05,29.0,58.4,33.1,53.9,0.0,0.0,0.0
2026-04-11 04:32:10,29.0,58.5,15.4,53.9,0.0,0.0,0.0
2026-04-11 04:32:15,28.8,58.5,15.8,53.9,0.0,0.0,0.0
2026-04-11 04:32:20,29.0,58.6,10.8,53.9,0.0,0.0,0.0
2026-04-11 04:32:25,28.9,58.7,3.6,53.9,0.0,0.0,0.0
2026-04-11 04:32:30,28.9,58.7,5.4,53.9,0.0,0.0,0.0
2026-04-11 04:32:35,28.9,58.6,2.1,53.9,0.0,0.0,0.0
2026-04-11 04:32:40,28.9,58.8,12.0,53.9,0.0,0.0,0.0
2026-04-11 04:32:45,29.0,58.9,20.7,53.9,0.0,0.0,0.0
2026-04-11 04:32:50,29.0,58.9,22.3,53.9,0.0,0.0,0.0
2026-04-11 04:32:55,28.9,58.9,13.4,53.9,0.0,0.0,0.0
2026-04-11 04:33:00,29.0,58.9,21.4,53.9,0.0,0.0,0.0
2026-04-11 04:33:05,28.8,59.0,18.5,53.9,0.0,0.0,0.0
2026-04-11 04:33:10,28.9,58.9,9.0,53.9,0.0,0.0,0.0
2026-04-11 04:33:15,28.9,58.9,25.4,53.8,0.0,0.0,0.0
2026-04-11 04:33:20,29.1,58.8,20.3,53.8,0.0,0.0,0.0
2026-04-11 04:33:25,29.0,58.8,21.4,53.9,0.0,0.0,0.0
2026-04-11 04:33:30,28.9,58.8,3.6,53.9,0.0,0.0,0.0
2026-04-11 04:33:35,29.1,58.9,18.3,53.9,0.0,0.0,0.0
2026-04-11 04:33:40,29.0,58.9,13.3,53.9,0.0,0.0,0.0
2026-04-11 04:33:45,28.9,59.0,11.0,53.9,0.0,0.0,0.0
2026-04-11 04:33:50,28.9,59.0,15.8,53.9,0.0,0.0,0.0
2026-04-11 04:33:55,28.9,59.0,15.2,53.9,0.0,0.0,0.0
2026-04-11 04:34:00,29.0,59.0,23.3,53.8,0.0,0.0,0.0
2026-04-11 04:34:05,28.8,59.1,27.7,53.8,0.0,0.0,0.0
2026-04-11 04:34:10,28.9,59.2,17.5,53.9,0.0,0.0,0.0
2026-04-11 04:34:15,28.7,59.1,0.4,53.9,0.0,0.0,0.0
2026-04-11 04:34:20,28.8,59.1,19.5,53.9,0.0,0.0,0.0
2026-04-11 04:34:25,28.9,59.0,4.8,53.9,0.0,0.0,0.0
2026-04-11 04:34:30,29.0,59.1,23.4,53.8,0.0,0.0,0.0
2026-04-11 04:34:35,29.0,59.0,13.0,53.8,0.0,0.0,0.0
2026-04-11 04:34:40,28.9,59.0,12.7,53.9,0.0,0.0,0.0
2026-04-11 04:34:45,28.9,58.9,6.5,53.9,0.0,0.0,0.0
2026-04-11 04:34:50,28.8,58.7,20.2,53.9,0.0,0.0,0.0
2026-04-11 04:34:55,28.9,58.6,0.0,53.8,0.0,0.0,0.0
2026-04-11 04:35:00,28.9,58.6,9.3,53.8,0.0,0.0,0.0
2026-04-11 04:35:05,28.8,58.6,13.1,53.8,0.0,0.0,0.0
2026-04-11 04:35:10,28.8,58.6,27.7,53.8,0.0,0.0,0.0
2026-04-11 04:35:15,29.0,58.8,24.6,53.8,0.0,0.0,0.0
2026-04-11 04:35:20,28.9,58.8,7.3,53.8,0.0,0.0,0.0
2026-04-11 04:35:25,28.9,58.9,15.6,53.8,0.0,0.0,0.0
2026-04-11 04:35:30,28.9,59.0,16.7,53.8,0.0,0.0,0.0
2026-04-11 04:35:35,28.9,59.0,5.6,53.8,0.0,0.0,0.0
2026-04-11 04:35:40,29.0,58.9,4.9,53.8,0.0,0.0,0.0
2026-04-11 04:35:45,29.0,58.9,1.6,53.8,0.0,0.0,0.0
2026-04-11 04:35:50,29.0,58.8,20.8,53.8,0.0,0.0,0.0
2026-04-11 04:35:55,29.0,59.0,14.0,53.8,0.0,0.0,0.0
2026-04-11 04:36:00,28.9,58.9,0.5,53.8,0.0,0.0,0.0
2026-04-11 04:36:05,28.9,58.9,15.1,53.8,0.0,0.0,0.0
2026-04-11 04:36:10,29.0,59.0,0.0,53.8,0.0,0.0,0.0
2026-04-11 04:36:15,29.1,59.0,46.0,53.8,0.0,0.0,0.0
2026-04-11 04:36:20,29.0,58.9,13.7,53.8,0.0,0.0,0.0
2026-04-11 04:36:25,28.9,58.7,31.8,53.8,0.0,0.0,0.0
2026-04-11 04:36:30,28.9,58.7,26.1,53.8,0.0,0.0,0.0
2026-04-11 04:36:35,28.9,58.6,14.4,53.8,0.0,0.0,0.0
2026-04-11 04:36:40,28.9,58.6,20.3,53.8,0.0,0.0,0.0
2026-04-11 04:36:45,28.8,58.5,14.2,53.9,0.0,0.0,0.0
2026-04-11 04:36:50,28.9,58.4,10.0,53.9,0.0,0.0,0.0
2026-04-11 04:36:55,28.9,58.4,10.7,53.9,0.0,0.0,0.0
2026-04-11 04:37:00,29.0,58.5,0.0,53.9,0.0,0.0,0.0
2026-04-11 04:37:05,29.0,58.4,23.6,53.9,0.0,0.0,0.0
2026-04-11 04:37:10,29.0,58.4,29.9,53.9,0.0,0.0,0.0
2026-04-11 04:37:15,29.0,58.4,4.9,53.9,0.0,0.0,0.0
2026-04-11 04:37:20,28.9,58.5,23.8,53.9,0.0,0.0,0.0
2026-04-11 04:37:25,29.0,58.2,21.1,53.9,0.0,0.0,0.0
2026-04-11 04:37:30,29.0,58.3,13.8,53.9,0.0,0.0,0.0
2026-04-11 04:37:35,28.9,58.4,0.0,53.9,0.0,0.0,0.0
2026-04-11 04:37:40,29.1,58.3,8.5,53.9,0.0,0.0,0.0
2026-04-11 04:37:45,29.1,58.3,5.2,53.9,0.0,0.0,0.0
2026-04-11 04:37:50,28.9,58.2,25.2,53.9,0.0,0.0,0.0
2026-04-11 04:37:55,28.8,58.2,8.7,53.9,0.0,0.0,0.0
2026-04-11 04:38:00,28.8,58.3,20.0,53.9,0.0,0.0,0.0
2026-04-11 04:38:05,28.9,58.3,4.1,53.9,0.0,0.0,0.0
2026-04-11 04:38:10,28.9,58.4,15.8,53.8,0.0,0.0,0.0
2026-04-11 04:38:15,29.0,58.3,16.9,53.8,0.0,0.0,0.0
2026-04-11 04:38:20,29.0,58.2,14.8,53.8,0.0,0.0,0.0
2026-04-11 04:38:25,28.9,58.2,5.9,53.8,0.0,0.0,0.0
2026-04-11 04:38:30,28.9,58.2,15.7,53.8,0.0,0.0,0.0
2026-04-11 04:38:35,29.0,58.1,29.3,53.8,0.0,0.0,0.0
2026-04-11 04:38:40,29.0,58.1,29.3,53.8,0.0,0.0,0.0
2026-04-11 04:38:45,29.0,58.1,4.2,53.8,0.0,0.0,0.0
2026-04-11 04:38:50,29.0,58.2,19.9,53.8,0.0,0.0,0.0
2026-04-11 04:38:55,28.9,58.2,30.9,53.9,0.0,0.0,0.0
2026-04-11 04:39:00,29.1,58.2,15.1,53.9,0.0,0.0,0.0
2026-04-11 04:39:05,29.0,58.2,13.0,53.9,0.0,0.0,0.0
2026-04-11 04:39:10,28.9,58.3,11.1,53.9,0.0,0.0,0.0
2026-04-11 04:39:15,29.1,58.2,12.7,53.8,0.0,0.0,0.0
2026-04-11 04:39:20,29.1,58.3,8.5,53.8,0.0,0.0,0.0
2026-04-11 04:39:25,28.9,58.4,21.8,53.8,0.0,0.0,0.0
2026-04-11 04:39:30,29.0,58.1,21.4,53.8,0.0,0.0,0.0
2026-04-11 04:39:35,29.1,58.2,8.6,53.8,0.0,0.0,0.0
2026-04-11 04:39:40,29.1,58.2,6.5,53.8,0.0,0.0,0.0
2026-04-11 04:39:45,29.1,58.4,15.1,53.8,0.0,0.0,0.0
2026-04-11 04:39:50,29.0,58.4,12.4,53.8,0.0,0.0,0.0
2026-04-11 04:39:55,29.0,58.6,31.1,53.8,0.0,0.0,0.0
2026-04-11 04:40:00,29.0,58.5,0.0,53.8,0.0,0.0,0.0
2026-04-11 04:40:05,29.1,58.5,17.8,53.8,0.0,0.0,0.0
2026-04-11 04:40:10,28.9,58.4,13.3,53.8,0.0,0.0,0.0
2026-04-11 04:40:15,28.9,58.4,24.2,53.8,0.0,0.0,0.0
2026-04-11 04:40:20,29.0,58.3,22.5,53.8,0.0,0.0,0.0
2026-04-11 04:40:25,29.0,58.2,0.0,53.8,0.0,0.0,0.0
2026-04-11 04:40:30,29.1,58.1,18.3,53.8,0.0,0.0,0.0
2026-04-11 04:40:35,29.0,58.0,23.6,53.8,0.0,0.0,0.0
2026-04-11 04:40:40,29.1,58.1,0.0,53.8,0.0,0.0,0.0
2026-04-11 04:40:45,29.1,57.9,0.0,53.8,0.0,0.0,0.0
2026-04-11 04:40:50,29.0,58.0,30.1,53.8,0.0,0.0,0.0
2026-04-11 04:40:55,29.0,58.0,11.9,53.8,0.0,0.0,0.0
2026-04-11 04:41:00,29.0,58.1,2.4,53.8,0.0,0.0,0.0
2026-04-11 04:41:05,29.0,58.2,22.9,53.8,0.0,0.0,0.0
2026-04-11 04:41:10,29.0,58.1,23.0,53.8,0.0,0.0,0.0
2026-04-11 04:41:15,29.1,58.2,27.0,53.8,0.0,0.0,0.0
2026-04-11 04:41:20,29.1,58.2,10.0,53.8,0.0,0.0,0.0
2026-04-11 04:41:25,29.0,58.3,23.4,53.8,0.0,0.0,0.0
2026-04-11 04:41:30,28.9,58.4,7.3,53.8,0.0,0.0,0.0
2026-04-11 04:41:35,29.2,58.4,19.4,53.8,0.0,0.0,0.0
2026-04-11 04:41:40,28.9,58.5,10.7,53.8,0.0,0.0,0.0
2026-04-11 04:41:45,29.1,58.4,25.7,53.8,0.0,0.0,0.0
2026-04-11 04:41:50,29.0,58.4,15.6,53.8,0.0,0.0,0.0
2026-04-11 04:41:55,28.9,58.3,16.7,53.8,0.0,0.0,0.0
2026-04-11 04:42:00,29.0,58.3,21.7,53.8,0.0,0.0,0.0
2026-04-11 04:42:05,28.9,58.3,4.3,53.8,0.0,0.0,0.0
2026-04-11 04:42:10,29.0,58.3,11.2,53.8,0.0,0.0,0.0
2026-04-11 04:42:15,29.1,58.3,19.1,53.8,0.0,0.0,0.0
2026-04-11 04:42:20,29.0,58.4,19.8,53.8,0.0,0.0,0.0
2026-04-11 04:42:25,29.0,58.3,18.0,53.8,0.0,0.0,0.0
2026-04-11 04:42:30,29.1,58.2,24.6,53.8,0.0,0.0,0.0
2026-04-11 04:42:35,29.0,58.3,20.8,53.8,0.0,0.0,0.0
2026-04-11 04:42:40,28.9,58.5,12.9,53.8,0.0,0.0,0.0
2026-04-11 04:42:45,29.0,58.4,28.7,53.8,0.0,0.0,0.0
2026-04-11 04:42:50,29.0,58.4,18.3,53.8,0.0,0.0,0.0
2026-04-11 04:42:55,28.9,58.4,0.0,53.8,0.0,0.0,0.0
2026-04-11 04:43:00,29.0,58.5,11.1,53.8,0.0,0.0,0.0
2026-04-11 04:43:05,28.9,58.5,19.9,53.8,0.0,0.0,0.0
2026-04-11 04:43:10,28.9,58.6,23.1,53.8,0.0,0.0,0.0
2026-04-11 04:43:15,28.9,58.7,8.5,53.8,0.0,0.0,0.0
2026-04-11 04:43:20,29.0,58.6,18.6,53.8,0.0,0.0,0.0
2026-04-11 04:43:25,28.9,58.6,15.5,53.8,0.0,0.0,0.0
2026-04-11 04:43:30,29.0,58.5,20.0,53.8,0.0,0.0,0.0
2026-04-11 04:43:35,29.0,58.3,18.2,53.8,0.0,0.0,0.0
2026-04-11 04:43:40,29.0,58.4,22.8,53.8,0.0,0.0,0.0
2026-04-11 04:43:45,28.9,58.4,22.7,53.8,0.0,0.0,0.0
2026-04-11 04:43:50,29.0,58.5,10.6,53.8,0.0,0.0,0.0
2026-04-11 04:43:55,28.9,58.5,12.3,53.8,0.0,0.0,0.0
2026-04-11 04:44:00,28.9,58.7,28.9,53.8,0.0,0.0,0.0
2026-04-11 04:44:05,28.9,58.8,4.3,53.8,0.0,0.0,0.0
2026-04-11 04:44:10,28.8,58.9,13.6,53.8,0.0,0.0,0.0
2026-04-11 04:44:15,29.0,58.9,18.4,53.8,0.0,0.0,0.0
2026-04-11 04:44:20,28.9,58.7,18.9,53.8,0.0,0.0,0.0
2026-04-11 04:44:25,28.9,58.8,18.0,53.8,0.0,0.0,0.0
2026-04-11 04:44:30,28.8,58.7,15.0,53.8,0.0,0.0,0.0
2026-04-11 04:44:35,28.9,58.7,11.0,53.8,0.0,0.0,0.0
2026-04-11 04:44:40,28.9,58.7,8.8,53.8,0.0,0.0,0.0
2026-04-11 04:44:45,28.9,58.7,16.9,53.8,0.0,0.0,0.0
2026-04-11 04:44:50,29.0,58.9,17.4,53.8,0.0,0.0,0.0
2026-04-11 04:44:55,28.9,58.9,16.3,53.8,0.0,0.0,0.0
2026-04-11 04:45:00,28.8,58.8,4.0,53.8,0.0,0.0,0.0
2026-04-11 04:45:05,28.9,58.8,23.5,53.8,0.0,0.0,0.0
2026-04-11 04:45:10,28.9,58.8,9.0,53.8,0.0,0.0,0.0
2026-04-11 04:45:15,28.9,58.9,10.9,53.8,0.0,0.0,0.0
2026-04-11 04:45:20,29.0,58.8,5.8,53.8,0.0,0.0,0.0
2026-04-11 04:45:25,29.0,58.8,35.8,53.8,0.0,0.0,0.0
2026-04-11 04:45:30,29.0,58.7,6.3,53.8,0.0,0.0,0.0
2026-04-11 04:45:35,28.9,58.8,16.8,53.8,0.0,0.0,0.0
2026-04-11 04:45:40,29.1,58.8,37.4,53.8,0.0,0.0,0.0
2026-04-11 04:45:45,29.0,58.9,18.2,53.8,0.0,0.0,0.0
2026-04-11 04:45:50,28.8,58.9,19.6,53.8,0.0,0.0,0.0
2026-04-11 04:45:55,28.9,58.9,42.6,53.8,0.0,0.0,0.0
2026-04-11 04:46:00,29.0,58.8,1.3,53.8,0.0,0.0,0.0
2026-04-11 04:46:05,28.9,58.7,29.4,53.8,0.0,0.0,0.0
2026-04-11 04:46:10,28.8,58.8,8.4,53.8,0.0,0.0,0.0
2026-04-11 04:46:15,28.8,58.7,31.1,53.8,0.0,0.0,0.0
2026-04-11 04:46:20,28.8,58.8,13.5,53.8,0.0,0.0,0.0
2026-04-11 04:46:25,28.9,58.8,9.6,53.8,0.0,0.0,0.0
2026-04-11 04:46:30,28.9,58.9,9.9,53.8,0.0,0.0,0.0
2026-04-11 04:46:35,28.9,58.9,6.3,53.8,0.0,0.0,0.0
2026-04-11 04:46:40,28.9,58.9,2.3,53.8,0.0,0.0,0.0
2026-04-11 04:46:45,29.0,58.9,0.0,53.8,0.0,0.0,0.0
2026-04-11 04:46:50,28.9,58.9,8.6,53.8,0.0,0.0,0.0
2026-04-11 04:46:55,28.9,58.8,8.4,53.8,0.0,0.0,0.0
2026-04-11 04:47:00,28.8,58.8,18.1,53.8,0.0,0.0,0.0
2026-04-11 04:47:05,28.8,58.7,10.9,53.8,0.0,0.0,0.0
2026-04-11 04:47:10,28.9,58.8,16.3,53.8,0.0,0.0,0.0
2026-04-11 04:47:15,29.1,58.7,35.1,53.8,0.0,0.0,0.0
2026-04-11 04:47:20,28.9,58.8,19.7,53.8,0.0,0.0,0.0
2026-04-11 04:47:25,29.1,58.8,0.0,53.8,0.0,0.0,0.0
2026-04-11 04:47:30,29.1,58.7,5.0,53.8,0.0,0.0,0.0
2026-04-11 04:47:35,28.9,58.8,23.5,53.8,0.0,0.0,0.0
2026-04-11 04:47:40,28.9,58.8,7.8,53.8,0.0,0.0,0.0
2026-04-11 04:47:45,28.9,58.8,22.5,53.8,0.0,0.0,0.0
2026-04-11 04:47:50,29.0,58.8,15.9,53.8,0.0,0.0,0.0
2026-04-11 04:47:55,29.0,58.8,20.1,53.8,0.0,0.0,0.0
2026-04-11 04:48:00,28.9,58.9,0.0,53.8,0.0,0.0,0.0
2026-04-11 04:48:05,29.0,58.8,14.6,53.8,0.0,0.0,0.0
2026-04-11 04:48:10,28.9,58.7,11.8,53.8,0.0,0.0,0.0
2026-04-11 04:48:15,28.8,58.8,19.0,53.8,0.0,0.0,0.0
2026-04-11 04:48:20,28.9,58.7,3.2,53.8,0.0,0.0,0.0
2026-04-11 04:48:25,28.9,58.6,10.7,53.8,0.0,0.0,0.0
2026-04-11 04:48:30,28.9,58.6,10.5,53.8,0.0,0.0,0.0
2026-04-11 04:48:35,28.9,58.6,12.0,53.8,0.0,0.0,0.0
2026-04-11 04:48:40,28.9,58.7,3.0,53.8,0.0,0.0,0.0
2026-04-11 04:48:45,29.0,58.7,26.8,53.8,0.0,0.0,0.0
2026-04-11 04:48:50,28.8,58.8,17.1,53.8,0.0,0.0,0.0
2026-04-11 04:48:55,28.8,58.8,22.2,53.8,0.0,0.0,0.0
2026-04-11 04:49:00,28.8,58.6,17.4,53.8,0.0,0.0,0.0
2026-04-11 04:49:05,29.0,58.6,13.9,53.8,0.0,0.0,0.0
2026-04-11 04:49:10,28.9,58.5,24.9,53.8,0.0,0.0,0.0
2026-04-11 04:49:15,29.0,58.5,11.2,53.8,0.0,0.0,0.0
2026-04-11 04:49:20,29.0,58.3,42.1,53.8,0.0,0.0,0.0
2026-04-11 04:49:25,28.9,58.3,9.0,53.8,0.0,0.0,0.0
2026-04-11 04:49:30,28.8,58.2,21.8,53.8,0.0,0.0,0.0
2026-04-11 04:49:35,29.0,58.2,6.6,53.8,0.0,0.0,0.0
2026-04-11 04:49:40,28.8,58.2,14.5,53.8,0.0,0.0,0.0
2026-04-11 04:49:45,29.0,58.3,12.2,53.8,0.0,0.0,0.0
2026-04-11 04:49:50,28.9,58.3,8.1,53.8,0.0,0.0,0.0
2026-04-11 04:49:55,28.8,58.4,9.5,53.8,0.0,0.0,0.0
2026-04-11 04:50:00,29.1,58.3,11.1,53.8,0.0,0.0,0.0
2026-04-11 04:50:05,28.9,58.2,8.7,53.8,0.0,0.0,0.0
2026-04-11 04:50:10,28.9,58.3,1.7,53.8,0.0,0.0,0.0
2026-04-11 04:50:15,29.0,58.3,15.3,53.8,0.0,0.0,0.0
2026-04-11 04:50:20,29.1,58.4,0.0,53.8,0.0,0.0,0.0
2026-04-11 04:50:25,28.9,58.3,11.3,53.8,0.0,0.0,0.0
2026-04-11 04:50:30,28.9,58.4,0.0,53.8,0.0,0.0,0.0
2026-04-11 04:50:35,28.9,58.4,12.5,53.8,0.0,0.0,0.0
2026-04-11 04:50:40,28.9,58.3,16.7,53.8,0.0,0.0,0.0
2026-04-11 04:50:45,28.9,58.3,23.1,53.8,0.0,0.0,0.0
2026-04-11 04:50:50,29.1,58.3,28.4,53.8,0.0,0.0,0.0
2026-04-11 04:50:55,29.0,58.3,29.2,53.8,0.0,0.0,0.0
2026-04-11 04:51:00,28.8,58.2,35.4,53.8,0.0,0.0,0.0
2026-04-11 04:51:05,28.8,58.1,3.9,53.8,0.0,0.0,0.0
2026-04-11 04:51:10,28.9,58.2,0.1,53.8,0.0,0.0,0.0
2026-04-11 04:51:15,29.0,58.2,22.4,53.8,0.0,0.0,0.0
2026-04-11 04:51:20,28.9,58.1,2.2,53.8,0.0,0.0,0.0
2026-04-11 04:51:25,29.0,58.2,20.0,53.8,0.0,0.0,0.0
2026-04-11 04:51:30,28.9,58.0,0.0,53.8,0.0,0.0,0.0
2026-04-11 04:51:35,28.7,58.0,10.2,53.8,0.0,0.0,0.0
2026-04-11 04:51:40,28.8,58.0,15.2,53.8,0.0,0.0,0.0
2026-04-11 04:51:45,28.9,57.9,7.0,53.8,0.0,0.0,0.0
2026-04-11 04:51:50,28.9,57.9,12.5,53.8,0.0,0.0,0.0
2026-04-11 04:51:55,28.8,57.9,19.5,53.8,0.0,0.0,0.0
2026-04-11 04:52:00,28.9,58.0,24.9,53.8,0.0,0.0,0.0
2026-04-11 04:52:05,28.9,57.8,30.5,53.8,0.0,0.0,0.0
2026-04-11 04:52:10,28.9,57.9,15.5,53.8,0.0,0.0,0.0
2026-04-11 04:52:15,28.9,57.9,6.1,53.8,0.0,0.0,0.0
2026-04-11 04:52:20,28.8,57.9,0.0,53.8,0.0,0.0,0.0
2026-04-11 04:52:25,29.0,58.0,15.3,53.8,0.0,0.0,0.0
2026-04-11 04:52:30,28.9,58.0,13.4,53.8,0.0,0.0,0.0
2026-04-11 04:52:35,28.8,58.3,10.7,53.8,0.0,0.0,0.0
2026-04-11 04:52:40,28.9,58.3,8.5,53.8,0.0,0.0,0.0
2026-04-11 04:52:45,28.9,58.3,38.1,53.8,0.0,0.0,0.0
2026-04-11 04:52:50,28.9,58.3,20.7,53.7,0.0,0.0,0.0
2026-04-11 04:52:55,28.8,58.2,24.0,53.7,0.0,0.0,0.0
2026-04-11 04:53:00,28.9,58.1,12.0,53.7,0.0,0.0,0.0
2026-04-11 04:53:05,28.9,58.1,26.2,53.8,0.0,0.0,0.0
2026-04-11 04:53:10,28.8,58.1,25.7,53.8,0.0,0.0,0.0
2026-04-11 04:53:15,28.9,58.1,16.8,53.8,0.0,0.0,0.0
2026-04-11 04:53:20,28.8,58.1,4.5,53.8,0.0,0.0,0.0
2026-04-11 04:53:25,28.9,58.2,33.5,53.8,0.0,0.0,0.0
2026-04-11 04:53:30,29.0,58.2,30.2,53.8,0.0,0.0,0.0
2026-04-11 04:53:35,28.9,58.3,23.2,53.8,0.0,0.0,0.0
2026-04-11 04:53:40,28.9,58.4,4.4,53.8,0.0,0.0,0.0
2026-04-11 04:53:45,28.9,58.4,11.9,53.8,0.0,0.0,0.0
2026-04-11 04:53:50,29.0,58.3,25.2,53.8,0.0,0.0,0.0
2026-04-11 04:53:55,29.0,58.3,21.9,53.8,0.0,0.0,0.0
2026-04-11 04:54:00,29.0,58.1,20.7,53.7,0.0,0.0,0.0
2026-04-11 04:54:05,29.1,58.2,7.1,53.7,0.0,0.0,0.0
2026-04-11 04:54:10,28.9,58.1,0.0,53.8,0.0,0.0,0.0
2026-04-11 04:54:15,29.1,58.0,1.3,53.8,0.0,0.0,0.0
2026-04-11 04:54:20,28.9,58.2,10.2,53.8,0.0,0.0,0.0
2026-04-11 04:54:25,28.9,58.1,12.0,53.8,0.0,0.0,0.0
2026-04-11 04:54:30,28.8,58.2,2.9,53.7,0.0,0.0,0.0
2026-04-11 04:54:35,28.9,58.3,25.1,53.7,0.0,0.0,0.0
2026-04-11 04:54:40,29.0,58.3,15.0,53.8,0.0,0.0,0.0
2026-04-11 04:54:45,28.9,58.3,0.0,53.8,0.0,0.0,0.0
2026-04-11 04:54:50,28.9,58.4,3.6,53.8,0.0,0.0,0.0
2026-04-11 04:54:55,29.0,58.3,28.5,53.8,0.0,0.0,0.0
2026-04-11 04:55:00,28.8,58.4,26.0,53.8,0.0,0.0,0.0
2026-04-11 04:55:05,28.9,58.5,23.2,53.8,0.0,0.0,0.0
2026-04-11 04:55:10,29.0,58.6,0.0,53.8,0.0,0.0,0.0
2026-04-11 04:55:15,28.9,58.5,0.0,53.7,0.0,0.0,0.0
2026-04-11 04:55:20,29.0,58.7,2.3,53.7,0.0,0.0,0.0
2026-04-11 04:55:25,29.0,58.7,15.8,53.7,0.0,0.0,0.0
2026-04-11 04:55:30,28.9,58.6,14.5,53.7,0.0,0.0,0.0
2026-04-11 04:55:35,28.9,58.5,21.6,53.7,0.0,0.0,0.0
2026-04-11 04:55:40,29.0,58.5,18.8,53.7,0.0,0.0,0.0
2026-04-11 04:55:45,28.9,58.6,6.6,53.7,0.0,0.0,0.0
2026-04-11 04:55:50,28.9,58.6,13.2,53.7,0.0,0.0,0.0
2026-04-11 04:55:55,29.0,58.5,6.3,53.8,0.0,0.0,0.0
2026-04-11 04:56:00,29.0,58.5,18.7,53.8,0.0,0.0,0.0
2026-04-11 04:56:05,28.9,58.5,10.5,53.8,0.0,0.0,0.0
2026-04-11 04:56:10,28.9,58.6,10.4,53.8,0.0,0.0,0.0
2026-04-11 04:56:15,28.9,58.6,17.3,53.8,0.0,0.0,0.0
2026-04-11 04:56:20,29.0,58.5,8.8,53.8,0.0,0.0,0.0
2026-04-11 04:56:25,28.8,58.5,12.6,53.8,0.0,0.0,0.0
2026-04-11 04:56:30,29.0,58.4,18.4,53.8,0.0,0.0,0.0
2026-04-11 04:56:35,29.0,58.3,7.8,53.8,0.0,0.0,0.0
2026-04-11 04:56:40,28.8,58.4,22.8,53.8,0.0,0.0,0.0
2026-04-11 04:56:45,28.9,58.4,13.7,53.7,0.0,0.0,0.0
2026-04-11 04:56:50,29.0,58.5,15.0,53.7,0.0,0.0,0.0
2026-04-11 04:56:55,28.9,58.6,6.5,53.7,0.0,0.0,0.0
2026-04-11 04:57:00,28.9,58.5,14.7,53.7,0.0,0.0,0.0
2026-04-11 04:57:05,29.0,58.6,6.7,53.8,0.0,0.0,0.0
2026-04-11 04:57:10,29.0,58.6,0.0,53.8,0.0,0.0,0.0
2026-04-11 04:57:15,28.9,58.6,8.7,53.8,0.0,0.0,0.0
2026-04-11 04:57:20,28.9,58.7,4.3,53.8,0.0,0.0,0.0
2026-04-11 04:57:25,29.0,58.7,6.4,53.8,0.0,0.0,0.0
2026-04-11 04:57:30,28.9,58.8,18.6,53.8,0.0,0.0,0.0
2026-04-11 04:57:35,29.0,58.7,32.7,53.8,0.0,0.0,0.0
2026-04-11 04:57:40,28.9,58.6,18.1,53.8,0.0,0.0,0.0
2026-04-11 04:57:45,29.0,58.7,34.1,53.8,0.0,0.0,0.0
2026-04-11 04:57:50,29.0,58.5,17.9,53.8,0.0,0.0,0.0
2026-04-11 04:57:55,29.0,58.4,17.2,53.8,0.0,0.0,0.0
2026-04-11 04:58:00,28.9,58.3,19.1,53.7,0.0,0.0,0.0
2026-04-11 04:58:05,28.9,58.6,17.6,53.7,0.0,0.0,0.0
2026-04-11 04:58:10,28.9,58.5,10.1,53.7,0.0,0.0,0.0
2026-04-11 04:58:15,29.0,58.6,10.1,53.7,0.0,0.0,0.0
2026-04-11 04:58:20,29.0,58.5,28.3,53.7,0.0,0.0,0.0
2026-04-11 04:58:25,29.1,58.4,8.2,53.7,0.0,0.0,0.0
2026-04-11 04:58:30,29.0,58.4,13.5,53.8,0.0,0.0,0.0
2026-04-11 04:58:35,29.0,58.5,15.1,53.8,0.0,0.0,0.0
2026-04-11 04:58:40,29.1,58.6,13.8,53.7,0.0,0.0,0.0
2026-04-11 04:58:45,28.9,58.4,34.4,53.7,0.0,0.0,0.0
2026-04-11 04:58:50,29.1,58.3,12.7,53.7,0.0,0.0,0.0
2026-04-11 04:58:55,28.9,58.4,8.6,53.7,0.0,0.0,0.0
2026-04-11 04:59:00,28.9,58.4,5.0,53.7,0.0,0.0,0.0
2026-04-11 04:59:05,28.8,58.4,8.2,53.7,0.0,0.0,0.0
2026-04-11 04:59:10,29.0,58.4,0.0,53.7,0.0,0.0,0.0
2026-04-11 04:59:15,28.9,58.4,3.3,53.7,0.0,0.0,0.0
2026-04-11 04:59:20,28.8,58.5,21.7,53.7,0.0,0.0,0.0
2026-04-11 04:59:25,29.0,58.5,23.9,53.7,0.0,0.0,0.0
2026-04-11 04:59:30,28.9,58.5,27.4,53.7,0.0,0.0,0.0
2026-04-11 04:59:35,28.9,58.4,6.7,53.7,0.0,0.0,0.0
2026-04-11 04:59:40,28.9,58.2,16.1,53.7,0.0,0.0,0.0
2026-04-11 04:59:45,28.9,58.3,24.4,53.7,0.0,0.0,0.0
2026-04-11 04:59:50,29.0,58.2,15.7,53.8,0.0,0.0,0.0
2026-04-11 04:59:55,29.1,58.2,0.0,53.8,0.0,0.0,0.0
2026-04-11 05:00:00,29.0,58.0,22.5,53.8,0.0,0.0,0.0
2026-04-11 05:00:05,29.0,57.9,24.5,53.8,0.0,0.0,0.0
2026-04-11 05:00:10,29.0,57.9,16.7,53.7,0.0,0.0,0.0
2026-04-11 05:00:15,29.0,57.8,19.7,53.7,0.0,0.0,0.0
2026-04-11 05:00:20,28.9,57.9,1.7,53.7,0.0,0.0,0.0
2026-04-11 05:00:25,29.0,57.9,15.3,53.7,0.0,0.0,0.0
2026-04-11 05:00:30,29.0,57.9,20.0,53.7,0.0,0.0,0.0
2026-04-11 05:00:35,28.9,57.8,8.5,53.7,0.0,0.0,0.0
2026-04-11 05:00:40,29.1,57.8,8.7,53.7,0.0,0.0,0.0
2026-04-11 05:00:45,28.9,57.9,19.9,53.7,0.0,0.0,0.0
2026-04-11 05:00:50,28.8,57.9,33.6,53.7,0.0,0.0,0.0
2026-04-11 05:00:55,29.1,57.9,38.9,53.7,0.0,0.0,0.0
2026-04-11 05:01:00,28.9,57.8,8.0,53.7,0.0,0.0,0.0
2026-04-11 05:01:05,29.1,57.8,9.3,53.7,0.0,0.0,0.0
2026-04-11 05:01:10,28.7,57.8,27.3,53.7,0.0,0.0,0.0
2026-04-11 05:01:15,28.9,57.8,18.5,53.7,0.0,0.0,0.0
2026-04-11 05:01:20,29.0,57.9,12.5,53.7,0.0,0.0,0.0
2026-04-11 05:01:25,29.1,58.1,10.0,53.7,0.0,0.0,0.0
2026-04-11 05:01:30,29.0,58.1,10.5,53.7,0.0,0.0,0.0
2026-04-11 05:01:35,29.0,58.1,36.1,53.7,0.0,0.0,0.0
2026-04-11 05:01:40,29.0,58.0,12.8,53.7,0.0,0.0,0.0
2026-04-11 05:01:45,29.1,58.1,22.5,53.7,0.0,0.0,0.0
2026-04-11 05:01:50,29.0,58.1,31.2,53.7,0.0,0.0,0.0
2026-04-11 05:01:55,28.9,58.2,17.8,53.7,0.0,0.0,0.0
2026-04-11 05:02:00,29.0,58.2,25.1,53.7,0.0,0.0,0.0
2026-04-11 05:02:05,28.9,58.1,10.2,53.7,0.0,0.0,0.0
2026-04-11 05:02:10,29.1,58.1,15.3,53.7,0.0,0.0,0.0
2026-04-11 05:02:15,28.8,58.1,20.6,53.7,0.0,0.0,0.0
2026-04-11 05:02:20,28.8,58.1,0.0,53.7,0.0,0.0,0.0
2026-04-11 05:02:25,29.0,58.0,17.5,53.7,0.0,0.0,0.0
2026-04-11 05:02:30,29.0,58.0,23.5,53.7,0.0,0.0,0.0
2026-04-11 05:02:35,28.9,58.0,18.5,53.7,0.0,0.0,0.0
2026-04-11 05:02:40,28.9,57.9,26.1,53.7,0.0,0.0,0.0
2026-04-11 05:02:45,29.2,57.9,24.7,53.7,0.0,0.0,0.0
2026-04-11 05:02:50,28.8,58.0,10.8,53.7,0.0,0.0,0.0
2026-04-11 05:02:55,29.1,58.1,1.8,53.7,0.0,0.0,0.0
2026-04-11 05:03:00,29.0,58.1,30.5,53.7,0.0,0.0,0.0
2026-04-11 05:03:05,28.9,58.1,18.4,53.7,0.0,0.0,0.0
2026-04-11 05:03:10,29.0,58.0,21.4,53.7,0.0,0.0,0.0
2026-04-11 05:03:15,28.9,58.1,18.6,53.7,0.0,0.0,0.0
2026-04-11 05:03:20,29.0,58.0,31.3,53.7,0.0,0.0,0.0
2026-04-11 05:03:25,28.9,58.1,5.0,53.7,0.0,0.0,0.0
2026-04-11 05:03:30,29.0,58.1,7.4,53.7,0.0,0.0,0.0
2026-04-11 05:03:35,29.0,58.1,12.0,53.7,0.0,0.0,0.0
2026-04-11 05:03:40,28.9,58.2,0.0,53.7,0.0,0.0,0.0
2026-04-11 05:03:45,29.1,58.2,0.0,53.7,0.0,0.0,0.0
2026-04-11 05:03:50,29.1,58.1,32.2,53.7,0.0,0.0,0.0
2026-04-11 05:03:55,29.1,58.0,12.0,53.7,0.0,0.0,0.0
2026-04-11 05:04:00,28.9,58.0,21.1,53.7,0.0,0.0,0.0
2026-04-11 05:04:05,29.0,58.1,32.3,53.7,0.0,0.0,0.0
2026-04-11 05:04:10,29.0,58.0,19.8,53.7,0.0,0.0,0.0
2026-04-11 05:04:15,28.9,58.0,6.6,53.7,0.0,0.0,0.0
2026-04-11 05:04:20,28.9,58.1,14.8,53.7,0.0,0.0,0.0
2026-04-11 05:04:25,28.9,58.0,2.0,53.7,0.0,0.0,0.0
2026-04-11 05:04:30,28.9,58.0,9.2,53.7,0.0,0.0,0.0
2026-04-11 05:04:35,29.1,58.1,12.9,53.7,0.0,0.0,0.0
2026-04-11 05:04:40,28.9,58.1,10.2,53.7,0.0,0.0,0.0
2026-04-11 05:04:45,29.1,58.0,5.4,53.7,0.0,0.0,0.0
2026-04-11 05:04:50,29.1,58.1,16.2,53.7,0.0,0.0,0.0
2026-04-11 05:04:55,29.0,58.1,11.2,53.7,0.0,0.0,0.0
2026-04-11 05:05:00,28.9,58.2,11.4,53.7,0.0,0.0,0.0
2026-04-11 05:05:05,28.9,58.3,12.2,53.7,0.0,0.0,0.0
2026-04-11 05:05:10,29.0,58.3,15.9,53.7,0.0,0.0,0.0
2026-04-11 05:05:15,28.9,58.2,7.7,53.7,0.0,0.0,0.0
2026-04-11 05:05:20,29.0,58.2,9.1,53.7,0.0,0.0,0.0
2026-04-11 05:05:25,29.1,58.2,15.3,53.7,0.0,0.0,0.0
2026-04-11 05:05:30,29.0,58.1,18.3,53.7,0.0,0.0,0.0
2026-04-11 05:05:35,28.9,58.2,14.2,53.7,0.0,0.0,0.0
2026-04-11 05:05:40,29.0,58.1,15.8,53.7,0.0,0.0,0.0
2026-04-11 05:05:45,29.0,58.1,7.3,53.6,0.0,0.0,0.0
2026-04-11 05:05:50,29.0,58.2,0.0,53.6,0.0,0.0,0.0
2026-04-11 05:05:55,29.1,58.1,10.3,53.7,0.0,0.0,0.0
2026-04-11 05:06:00,29.0,58.0,19.3,53.7,0.0,0.0,0.0
2026-04-11 05:06:05,29.0,58.0,4.7,53.6,0.0,0.0,0.0
2026-04-11 05:06:10,29.0,58.0,23.1,53.6,0.0,0.0,0.0
2026-04-11 05:06:15,28.9,58.0,16.3,53.6,0.0,0.0,0.0
2026-04-11 05:06:20,28.9,58.0,14.0,53.6,0.0,0.0,0.0
2026-04-11 05:06:25,29.0,57.9,26.7,53.6,0.0,0.0,0.0
2026-04-11 05:06:30,29.0,57.9,0.0,53.6,0.0,0.0,0.0
2026-04-11 05:06:35,28.9,57.8,3.8,53.6,0.0,0.0,0.0
2026-04-11 05:06:40,29.0,57.7,0.0,53.6,0.0,0.0,0.0
2026-04-11 05:06:45,29.1,57.9,6.4,53.6,0.0,0.0,0.0
2026-04-11 05:06:50,29.0,58.0,30.8,53.6,0.0,0.0,0.0
2026-04-11 05:06:55,29.0,58.1,13.4,53.6,0.0,0.0,0.0
2026-04-11 05:07:00,28.8,58.1,12.7,53.6,0.0,0.0,0.0
2026-04-11 05:07:05,29.0,58.3,11.7,53.7,0.0,0.0,0.0
2026-04-11 05:07:10,29.1,58.3,11.5,53.7,0.0,0.0,0.0
2026-04-11 05:07:15,28.9,58.4,27.1,53.7,0.0,0.0,0.0
2026-04-11 05:07:20,28.8,58.4,15.9,53.7,0.0,0.0,0.0
2026-04-11 05:07:25,29.0,58.2,17.5,53.7,0.0,0.0,0.0
2026-04-11 05:07:30,28.8,58.3,17.3,53.7,0.0,0.0,0.0
2026-04-11 05:07:35,28.9,58.3,14.4,53.7,0.0,0.0,0.0
2026-04-11 05:07:40,29.0,58.3,15.0,53.7,0.0,0.0,0.0
2026-04-11 05:07:45,28.9,58.3,19.1,53.7,0.0,0.0,0.0
2026-04-11 05:07:50,28.9,58.4,28.8,53.7,0.0,0.0,0.0
2026-04-11 05:07:55,28.9,58.4,43.8,53.7,0.0,0.0,0.0
2026-04-11 05:08:00,29.0,58.4,0.0,53.7,0.0,0.0,0.0
2026-04-11 05:08:05,28.8,58.4,20.6,53.7,0.0,0.0,0.0
2026-04-11 05:08:10,28.9,58.5,38.7,53.7,0.0,0.0,0.0
2026-04-11 05:08:15,29.1,58.4,4.2,53.7,0.0,0.0,0.0
2026-04-11 05:08:20,29.0,58.4,8.9,53.7,0.0,0.0,0.0
2026-04-11 05:08:25,29.0,58.3,22.8,53.7,0.0,0.0,0.0
2026-04-11 05:08:30,28.9,58.3,9.9,53.7,0.0,0.0,0.0
2026-04-11 05:08:35,29.1,58.4,0.0,53.7,0.0,0.0,0.0
2026-04-11 05:08:40,29.0,58.3,12.0,53.7,0.0,0.0,0.0
2026-04-11 05:08:45,28.8,58.3,17.4,53.7,0.0,0.0,0.0
2026-04-11 05:08:50,29.0,58.3,21.7,53.7,0.0,0.0,0.0
2026-04-11 05:08:55,28.9,58.4,0.4,53.7,0.0,0.0,0.0
2026-04-11 05:09:00,28.9,58.4,16.1,53.7,0.0,0.0,0.0
2026-04-11 05:09:05,28.7,58.2,20.3,53.7,0.0,0.0,0.0
2026-04-11 05:09:10,28.9,58.3,13.1,53.7,0.0,0.0,0.0
2026-04-11 05:09:15,28.9,58.1,3.5,53.7,0.0,0.0,0.0
2026-04-11 05:09:20,29.1,58.2,0.4,53.7,0.0,0.0,0.0
2026-04-11 05:09:25,28.9,58.2,50.7,53.7,0.0,0.0,0.0
2026-04-11 05:09:30,28.9,58.2,5.0,53.7,0.0,0.0,0.0
2026-04-11 05:09:35,29.0,58.0,14.5,53.7,0.0,0.0,0.0
2026-04-11 05:09:40,28.9,58.1,31.7,53.7,0.0,0.0,0.0
2026-04-11 05:09:45,28.8,58.1,0.0,53.6,0.0,0.0,0.0
2026-04-11 05:09:50,28.8,58.1,10.6,53.6,0.0,0.0,0.0
2026-04-11 05:09:55,28.8,58.1,34.3,53.6,0.0,0.0,0.0
2026-04-11 05:10:00,28.8,58.1,10.6,53.6,0.0,0.0,0.0
2026-04-11 05:10:05,28.9,58.2,9.7,53.7,0.0,0.0,0.0
2026-04-11 05:10:10,28.9,58.1,14.2,53.7,0.0,0.0,0.0
2026-04-11 05:10:15,28.8,58.2,23.1,53.6,0.0,0.0,0.0
2026-04-11 05:10:20,28.7,58.1,0.0,53.6,0.0,0.0,0.0
2026-04-11 05:10:25,28.8,58.1,0.0,53.7,0.0,0.0,0.0
2026-04-11 05:10:30,29.0,58.1,31.0,53.7,0.0,0.0,0.0
2026-04-11 05:10:35,28.9,58.2,9.7,53.6,0.0,0.0,0.0
2026-04-11 05:10:40,28.9,58.2,44.3,53.6,0.0,0.0,0.0
2026-04-11 05:10:45,28.9,58.2,7.9,53.6,0.0,0.0,0.0
2026-04-11 05:10:50,28.9,58.3,26.4,53.7,0.0,0.0,0.0
2026-04-11 05:10:55,28.9,58.4,11.4,53.7,0.0,0.0,0.0
2026-04-11 05:11:00,28.8,58.3,21.0,53.6,0.0,0.0,0.0
2026-04-11 05:11:05,29.0,58.2,8.1,53.6,0.0,0.0,0.0
2026-04-11 05:11:10,28.9,58.1,11.1,53.6,0.0,0.0,0.0
2026-04-11 05:11:15,29.0,58.1,1.6,53.6,0.0,0.0,0.0
2026-04-11 05:11:20,28.9,58.1,11.7,53.6,0.0,0.0,0.0
2026-04-11 05:11:25,29.1,58.0,24.6,53.6,0.0,0.0,0.0
2026-04-11 05:11:30,29.0,58.0,18.2,53.6,0.0,0.0,0.0
2026-04-11 05:11:35,28.8,57.9,21.3,53.6,0.0,0.0,0.0
2026-04-11 05:11:40,28.9,57.9,14.7,53.6,0.0,0.0,0.0
2026-04-11 05:11:45,28.9,58.0,20.1,53.6,0.0,0.0,0.0
2026-04-11 05:11:50,29.1,57.9,22.6,53.6,0.0,0.0,0.0
2026-04-11 05:11:55,29.0,58.0,16.1,53.6,0.0,0.0,0.0
2026-04-11 05:12:00,28.9,58.0,9.2,53.7,0.0,0.0,0.0
2026-04-11 05:12:05,28.9,58.0,14.8,53.7,0.0,0.0,0.0
2026-04-11 05:12:10,29.0,58.0,13.1,53.7,0.0,0.0,0.0
2026-04-11 05:12:15,29.0,58.1,12.3,53.6,0.0,0.0,0.0
2026-04-11 05:12:20,28.9,58.1,20.0,53.6,0.0,0.0,0.0
2026-04-11 05:12:25,28.8,58.1,19.0,53.6,0.0,0.0,0.0
2026-04-11 05:12:30,28.9,58.0,0.3,53.6,0.0,0.0,0.0
2026-04-11 05:12:35,28.9,58.1,10.2,53.6,0.0,0.0,0.0
2026-04-11 05:12:40,28.9,58.2,19.5,53.6,0.0,0.0,0.0
2026-04-11 05:12:45,29.0,58.3,7.9,53.7,0.0,0.0,0.0
2026-04-11 05:12:50,28.9,58.2,27.2,53.7,0.0,0.0,0.0
2026-04-11 05:12:55,29.0,58.4,44.5,53.7,0.0,0.0,0.0
2026-04-11 05:13:00,28.8,58.4,28.9,53.7,0.0,0.0,0.0
2026-04-11 05:13:05,28.9,58.6,11.0,53.7,0.0,0.0,0.0
2026-04-11 05:13:10,28.9,58.7,0.0,53.7,0.0,0.0,0.0
2026-04-11 05:13:15,29.0,58.5,1.1,53.7,0.0,0.0,0.0
2026-04-11 05:13:20,29.0,58.6,27.2,53.7,0.0,0.0,0.0
2026-04-11 05:13:25,28.9,58.4,16.9,53.7,0.0,0.0,0.0
2026-04-11 05:13:30,29.0,58.3,12.8,53.6,0.0,0.0,0.0
2026-04-11 05:13:35,28.9,58.2,22.5,53.6,0.0,0.0,0.0
2026-04-11 05:13:40,28.9,58.2,17.3,53.6,0.0,0.0,0.0
2026-04-11 05:13:45,28.8,58.2,32.5,53.7,0.0,0.0,0.0
2026-04-11 05:13:50,29.0,58.3,6.0,53.7,0.0,0.0,0.0
2026-04-11 05:13:55,28.8,58.3,25.7,53.7,0.0,0.0,0.0
2026-04-11 05:14:00,28.9,58.3,5.3,53.6,0.0,0.0,0.0
2026-04-11 05:14:05,28.9,58.3,8.0,53.6,0.0,0.0,0.0
2026-04-11 05:14:10,29.0,58.3,14.1,53.6,0.0,0.0,0.0
2026-04-11 05:14:15,28.9,58.3,15.4,53.6,0.0,0.0,0.0
2026-04-11 05:14:20,29.0,58.3,7.6,53.7,0.0,0.0,0.0
2026-04-11 05:14:25,28.8,58.1,6.3,53.7,0.0,0.0,0.0
2026-04-11 05:14:30,29.1,58.2,0.0,53.7,0.0,0.0,0.0
2026-04-11 05:14:35,29.0,58.2,4.6,53.7,0.0,0.0,0.0
2026-04-11 05:14:40,28.8,58.1,27.2,53.7,0.0,0.0,0.0
2026-04-11 05:14:45,28.9,58.3,8.6,53.7,0.0,0.0,0.0
2026-04-11 05:14:50,28.8,58.0,7.7,53.7,0.0,0.0,0.0
2026-04-11 05:14:55,29.0,58.0,30.4,53.7,0.0,0.0,0.0
2026-04-11 05:15:00,28.9,58.0,1.2,53.7,0.0,0.0,0.0
2026-04-11 05:15:05,28.8,57.9,32.6,53.7,0.0,0.0,0.0
2026-04-11 05:15:10,29.0,57.8,4.9,53.7,0.0,0.0,0.0
2026-04-11 05:15:15,28.9,57.8,26.2,53.7,0.0,0.0,0.0
2026-04-11 05:15:20,28.9,57.8,1.2,53.6,0.0,0.0,0.0
2026-04-11 05:15:25,29.0,57.7,5.0,53.6,0.0,0.0,0.0
2026-04-11 05:15:30,29.0,57.6,11.7,53.6,0.0,0.0,0.0
2026-04-11 05:15:35,28.8,57.6,14.9,53.6,0.0,0.0,0.0
2026-04-11 05:15:40,29.0,57.6,43.2,53.6,0.0,0.0,0.0
2026-04-11 05:15:45,29.1,57.6,20.2,53.6,0.0,0.0,0.0
2026-04-11 05:15:50,29.0,57.6,0.0,53.6,0.0,0.0,0.0
2026-04-11 05:15:55,29.0,57.6,1.8,53.6,0.0,0.0,0.0
2026-04-11 05:16:00,29.2,57.7,26.8,53.6,0.0,0.0,0.0
2026-04-11 05:16:05,29.0,57.7,32.2,53.6,0.0,0.0,0.0
2026-04-11 05:16:10,29.1,57.6,25.5,53.6,0.0,0.0,0.0
2026-04-11 05:16:15,28.9,57.8,7.0,53.6,0.0,0.0,0.0
2026-04-11 05:16:20,28.9,57.9,15.4,53.7,0.0,0.0,0.0
2026-04-11 05:16:25,29.0,58.0,0.0,53.7,0.0,0.0,0.0
2026-04-11 05:16:30,28.9,58.1,5.2,53.7,0.0,0.0,0.0
2026-04-11 05:16:35,29.0,58.2,16.9,53.6,0.0,0.0,0.0
2026-04-11 05:16:40,29.0,58.0,2.1,53.6,0.0,0.0,0.0
2026-04-11 05:16:45,29.0,58.1,8.1,53.6,0.0,0.0,0.0
2026-04-11 05:16:50,28.9,58.0,0.0,53.6,0.0,0.0,0.0
2026-04-11 05:16:55,29.0,58.1,27.7,53.6,0.0,0.0,0.0
2026-04-11 05:17:00,29.1,58.2,2.9,53.6,0.0,0.0,0.0
2026-04-11 05:17:05,28.9,58.1,0.4,53.6,0.0,0.0,0.0
2026-04-11 05:17:10,29.0,58.1,20.7,53.6,0.0,0.0,0.0
2026-04-11 05:17:15,29.0,58.2,8.1,53.6,0.0,0.0,0.0
2026-04-11 05:17:20,29.1,58.0,0.0,53.6,0.0,0.0,0.0
2026-04-11 05:17:25,28.8,58.1,22.2,53.6,0.0,0.0,0.0
2026-04-11 05:17:30,28.9,58.0,31.7,53.6,0.0,0.0,0.0
2026-04-11 05:17:35,29.0,58.2,26.9,53.6,0.0,0.0,0.0
2026-04-11 05:17:40,28.9,58.3,19.2,53.6,0.0,0.0,0.0
2026-04-11 05:17:45,29.0,58.3,15.6,53.7,0.0,0.0,0.0
2026-04-11 05:17:50,28.9,58.4,11.5,53.7,0.0,0.0,0.0
2026-04-11 05:17:55,29.0,58.4,19.0,53.7,0.0,0.0,0.0
2026-04-11 05:18:00,29.0,58.5,3.0,53.6,0.0,0.0,0.0
2026-04-11 05:18:05,29.0,58.4,19.0,53.6,0.0,0.0,0.0
2026-04-11 05:18:10,28.9,58.3,0.0,53.6,0.0,0.0,0.0
2026-04-11 05:18:15,29.0,58.3,30.4,53.6,0.0,0.0,0.0
2026-04-11 05:18:20,29.0,58.4,16.9,53.6,0.0,0.0,0.0
2026-04-11 05:18:25,28.9,58.4,24.0,53.7,0.0,0.0,0.0
2026-04-11 05:18:30,28.9,58.3,31.3,53.7,0.0,0.0,0.0
2026-04-11 05:18:35,29.1,58.3,6.9,53.6,0.0,0.0,0.0
2026-04-11 05:18:40,29.0,58.3,18.4,53.6,0.0,0.0,0.0
2026-04-11 05:18:45,29.0,58.2,0.0,53.6,0.0,0.0,0.0
2026-04-11 05:18:50,29.0,58.3,3.0,53.7,0.0,0.0,0.0
2026-04-11 05:18:55,29.1,58.3,8.5,53.7,0.0,0.0,0.0
2026-04-11 05:19:00,29.1,58.4,19.5,53.7,0.0,0.0,0.0
2026-04-11 05:19:05,29.0,58.5,0.0,53.7,0.0,0.0,0.0
2026-04-11 05:19:10,29.0,58.4,19.5,53.7,0.0,0.0,0.0
2026-04-11 05:19:15,29.0,58.3,10.0,53.7,0.0,0.0,0.0
2026-04-11 05:19:20,29.2,58.4,29.7,53.7,0.0,0.0,0.0
2026-04-11 05:19:25,29.0,58.2,1.4,53.7,0.0,0.0,0.0
2026-04-11 05:19:30,29.1,58.3,12.5,53.7,0.0,0.0,0.0
2026-04-11 05:19:35,29.0,58.4,19.7,53.7,0.0,0.0,0.0
2026-04-11 05:19:40,29.1,58.3,15.9,53.7,0.0,0.0,0.0
2026-04-11 05:19:45,29.0,58.3,3.5,53.7,0.0,0.0,0.0
2026-04-11 05:19:50,29.0,58.4,0.8,53.7,0.0,0.0,0.0
2026-04-11 05:19:55,29.0,58.4,23.6,53.7,0.0,0.0,0.0
2026-04-11 05:20:00,29.0,58.3,18.8,53.7,0.0,0.0,0.0
2026-04-11 05:20:05,28.9,58.4,11.5,53.7,0.0,0.0,0.0
2026-04-11 05:20:10,29.0,58.2,0.0,53.7,0.0,0.0,0.0
2026-04-11 05:20:15,28.9,58.3,5.1,53.7,0.0,0.0,0.0
2026-04-11 05:20:20,28.9,58.4,15.4,53.7,0.0,0.0,0.0
2026-04-11 05:20:25,29.0,58.4,23.8,53.6,0.0,0.0,0.0
2026-04-11 05:20:30,29.0,58.4,16.4,53.6,0.0,0.0,0.0
2026-04-11 05:20:35,28.9,58.3,30.2,53.6,0.0,0.0,0.0
2026-04-11 05:20:40,29.1,58.3,6.1,53.6,0.0,0.0,0.0
2026-04-11 05:20:45,29.1,58.3,2.1,53.6,0.0,0.0,0.0
2026-04-11 05:20:50,29.1,58.3,8.1,53.6,0.0,0.0,0.0
2026-04-11 05:20:55,29.0,58.3,5.9,53.6,0.0,0.0,0.0
2026-04-11 05:21:00,29.1,58.1,27.2,53.6,0.0,0.0,0.0
2026-04-11 05:21:05,29.0,58.2,17.7,53.7,0.0,0.0,0.0
2026-04-11 05:21:10,28.9,58.0,14.9,53.7,0.0,0.0,0.0
2026-04-11 05:21:15,29.0,57.8,0.0,53.7,0.0,0.0,0.0
2026-04-11 05:21:20,28.9,57.9,15.8,53.7,0.0,0.0,0.0
2026-04-11 05:21:25,29.0,58.0,27.2,53.7,0.0,0.0,0.0
2026-04-11 05:21:30,29.0,58.1,12.7,53.7,0.0,0.0,0.0
2026-04-11 05:21:35,29.0,58.1,4.4,53.7,0.0,0.0,0.0
2026-04-11 05:21:40,29.0,58.1,15.9,53.6,0.0,0.0,0.0
2026-04-11 05:21:45,28.8,58.1,30.7,53.6,0.0,0.0,0.0
2026-04-11 05:21:50,29.0,58.2,40.8,53.6,0.0,0.0,0.0
2026-04-11 05:21:55,28.9,58.2,17.7,53.6,0.0,0.0,0.0
2026-04-11 05:22:00,28.9,58.1,5.9,53.7,0.0,0.0,0.0
2026-04-11 05:22:05,29.0,58.0,25.9,53.7,0.0,0.0,0.0
2026-04-11 05:22:10,28.9,58.0,17.2,53.7,0.0,0.0,0.0
2026-04-11 05:22:15,28.9,58.0,6.4,53.7,0.0,0.0,0.0
2026-04-11 05:22:20,28.9,58.0,0.0,53.7,0.0,0.0,0.0
2026-04-11 05:22:25,29.0,58.1,14.2,53.7,0.0,0.0,0.0
2026-04-11 05:22:30,29.0,58.3,0.0,53.7,0.0,0.0,0.0
2026-04-11 05:22:35,29.0,58.2,14.9,53.7,0.0,0.0,0.0
2026-04-11 05:22:40,28.9,58.3,11.3,53.7,0.0,0.0,0.0
2026-04-11 05:22:45,29.0,58.3,4.3,53.6,0.0,0.0,0.0
2026-04-11 05:22:50,28.9,58.3,14.8,53.6,0.0,0.0,0.0
2026-04-11 05:22:55,28.9,58.3,25.6,53.6,0.0,0.0,0.0
2026-04-11 05:23:00,28.8,58.3,11.0,53.6,0.0,0.0,0.0
2026-04-11 05:23:05,28.9,58.2,5.3,53.6,0.0,0.0,0.0
2026-04-11 05:23:10,29.0,58.1,14.0,53.6,0.0,0.0,0.0
2026-04-11 05:23:15,28.9,58.2,22.6,53.6,0.0,0.0,0.0
2026-04-11 05:23:20,29.0,58.2,28.6,53.7,0.0,0.0,0.0
2026-04-11 05:23:25,29.1,58.3,15.9,53.7,0.0,0.0,0.0
2026-04-11 05:23:30,28.9,58.3,0.0,53.7,0.0,0.0,0.0
2026-04-11 05:23:35,29.0,58.3,11.3,53.6,0.0,0.0,0.0
2026-04-11 05:23:40,29.0,58.3,16.0,53.6,0.0,0.0,0.0
2026-04-11 05:23:45,29.0,58.1,20.8,53.6,0.0,0.0,0.0
2026-04-11 05:23:50,28.9,57.9,21.7,53.6,0.0,0.0,0.0
2026-04-11 05:23:55,29.0,57.9,14.0,53.6,0.0,0.0,0.0
2026-04-11 05:24:00,28.9,57.7,18.3,53.6,0.0,0.0,0.0
2026-04-11 05:24:05,28.9,57.8,10.0,53.6,0.0,0.0,0.0
2026-04-11 05:24:10,29.0,57.9,9.5,53.6,0.0,0.0,0.0
2026-04-11 05:24:15,28.9,58.1,23.5,53.7,0.0,0.0,0.0
2026-04-11 05:24:20,28.9,58.2,0.0,53.7,0.0,0.0,0.0
2026-04-11 05:24:25,28.9,58.0,14.0,53.7,0.0,0.0,0.0
2026-04-11 05:24:30,29.0,58.0,12.9,53.7,0.0,0.0,0.0
2026-04-11 05:24:35,28.9,58.2,20.1,53.7,0.0,0.0,0.0
2026-04-11 05:24:40,29.0,58.1,13.9,53.7,0.0,0.0,0.0
2026-04-11 05:24:45,28.9,58.1,1.7,53.6,0.0,0.0,0.0
2026-04-11 05:24:50,28.9,58.2,22.8,53.6,0.0,0.0,0.0
2026-04-11 05:24:55,28.8,58.1,14.1,53.6,0.0,0.0,0.0
2026-04-11 05:25:00,29.0,58.1,4.0,53.6,0.0,0.0,0.0
2026-04-11 05:25:05,29.0,58.2,14.1,53.6,0.0,0.0,0.0
2026-04-11 05:25:10,28.9,58.2,0.0,53.6,0.0,0.0,0.0
2026-04-11 05:25:15,28.9,58.2,12.6,53.6,0.0,0.0,0.0
2026-04-11 05:25:20,29.0,58.2,18.6,53.6,0.0,0.0,0.0
2026-04-11 05:25:25,28.8,58.1,0.0,53.6,0.0,0.0,0.0
2026-04-11 05:25:30,29.0,58.2,9.7,53.7,0.0,0.0,0.0
2026-04-11 05:25:35,28.9,58.2,14.5,53.7,0.0,0.0,0.0
2026-04-11 05:25:40,28.9,58.3,5.7,53.7,0.0,0.0,0.0
2026-04-11 05:25:45,29.0,58.3,16.6,53.6,0.0,0.0,0.0
2026-04-11 05:25:50,28.9,58.3,18.2,53.6,0.0,0.0,0.0
2026-04-11 05:25:55,29.0,58.3,12.3,53.6,0.0,0.0,0.0
2026-04-11 05:26:00,29.0,58.3,15.6,53.6,0.0,0.0,0.0
2026-04-11 05:26:05,28.9,58.3,17.7,53.6,0.0,0.0,0.0
2026-04-11 05:26:10,29.0,58.2,21.9,53.6,0.0,0.0,0.0
2026-04-11 05:26:15,28.8,58.1,21.3,53.6,0.0,0.0,0.0
2026-04-11 05:26:20,28.9,58.0,23.9,53.6,0.0,0.0,0.0
2026-04-11 05:26:25,28.9,58.0,15.6,53.6,0.0,0.0,0.0
2026-04-11 05:26:30,29.0,58.0,27.7,53.6,0.0,0.0,0.0
2026-04-11 05:26:35,28.8,57.9,15.2,53.6,0.0,0.0,0.0
2026-04-11 05:26:40,29.0,57.7,14.7,53.6,0.0,0.0,0.0
2026-04-11 05:26:45,28.9,57.7,27.1,53.6,0.0,0.0,0.0
2026-04-11 05:26:50,29.1,57.7,0.0,53.6,0.0,0.0,0.0
2026-04-11 05:26:55,29.0,57.8,6.0,53.6,0.0,0.0,0.0
2026-04-11 05:27:00,28.8,57.9,27.7,53.7,0.0,0.0,0.0
2026-04-11 05:27:05,29.0,57.8,0.9,53.7,0.0,0.0,0.0
2026-04-11 05:27:10,29.1,57.7,9.9,53.7,0.0,0.0,0.0
2026-04-11 05:27:15,29.0,57.8,14.4,53.7,0.0,0.0,0.0
2026-04-11 05:27:20,29.1,57.9,41.2,53.7,0.0,0.0,0.0
2026-04-11 05:27:25,29.0,57.8,9.2,53.6,0.0,0.0,0.0
2026-04-11 05:27:30,28.9,57.6,8.8,53.6,0.0,0.0,0.0
2026-04-11 05:27:35,28.9,57.7,13.4,53.6,0.0,0.0,0.0
2026-04-11 05:27:40,29.1,57.7,16.1,53.6,0.0,0.0,0.0
2026-04-11 05:27:45,29.0,57.5,8.4,53.6,0.0,0.0,0.0
2026-04-11 05:27:50,29.0,57.4,30.1,53.6,0.0,0.0,0.0
2026-04-11 05:27:55,28.8,57.5,17.1,53.7,0.0,0.0,0.0
2026-04-11 05:28:00,28.9,57.4,18.6,53.7,0.0,0.0,0.0
2026-04-11 05:28:05,28.9,57.3,18.5,53.7,0.0,0.0,0.0
2026-04-11 05:28:10,28.9,57.4,15.8,53.7,0.0,0.0,0.0
2026-04-11 05:28:15,29.0,57.4,0.0,53.6,0.0,0.0,0.0
2026-04-11 05:28:20,29.0,57.4,15.3,53.6,0.0,0.0,0.0
2026-04-11 05:28:25,29.1,57.5,13.2,53.6,0.0,0.0,0.0
2026-04-11 05:28:30,28.9,57.4,35.5,53.6,0.0,0.0,0.0
2026-04-11 05:28:35,28.9,57.4,25.4,53.6,0.0,0.0,0.0
2026-04-11 05:28:40,28.8,57.4,11.3,53.6,0.0,0.0,0.0
2026-04-11 05:28:45,29.0,57.3,20.4,53.6,0.0,0.0,0.0
2026-04-11 05:28:50,28.8,57.3,14.5,53.6,0.0,0.0,0.0
2026-04-11 05:28:55,29.0,57.4,12.7,53.6,0.0,0.0,0.0
2026-04-11 05:29:00,28.8,57.6,21.8,53.7,0.0,0.0,0.0
2026-04-11 05:29:05,29.0,57.7,4.6,53.7,0.0,0.0,0.0
2026-04-11 05:29:10,29.0,57.8,26.2,53.7,0.0,0.0,0.0
2026-04-11 05:29:15,28.9,57.8,15.2,53.6,0.0,0.0,0.0
2026-04-11 05:29:20,28.7,57.8,0.5,53.6,0.0,0.0,0.0
2026-04-11 05:29:25,28.9,58.0,6.0,53.6,0.0,0.0,0.0
2026-04-11 05:29:30,29.0,58.0,8.4,53.6,0.0,0.0,0.0
2026-04-11 05:29:35,29.0,58.0,20.4,53.6,0.0,0.0,0.0
2026-04-11 05:29:40,29.0,58.0,12.0,53.6,0.0,0.0,0.0
2026-04-11 05:29:45,29.1,58.1,0.0,53.6,0.0,0.0,0.0
2026-04-11 05:29:50,28.8,58.2,13.2,53.6,0.0,0.0,0.0
2026-04-11 05:29:55,28.9,58.3,26.8,53.6,0.0,0.0,0.0
2026-04-11 05:30:00,28.9,58.2,19.7,53.6,0.0,0.0,0.0
2026-04-11 05:30:05,29.0,58.1,0.0,53.6,0.0,0.0,0.0
2026-04-11 05:30:10,29.0,58.1,24.3,53.6,0.0,0.0,0.0
2026-04-11 05:30:15,28.9,58.2,20.3,53.6,0.0,0.0,0.0
2026-04-11 05:30:20,28.9,58.2,0.0,53.6,0.0,0.0,0.0
2026-04-11 05:30:25,28.8,58.3,7.6,53.6,0.0,0.0,0.0
2026-04-11 05:30:30,28.9,58.3,4.6,53.6,0.0,0.0,0.0
2026-04-11 05:30:35,29.0,58.3,24.6,53.6,0.0,0.0,0.0
2026-04-11 05:30:40,28.9,58.4,21.1,53.6,0.0,0.0,0.0
2026-04-11 05:30:45,28.9,58.4,26.5,53.6,0.0,0.0,0.0
2026-04-11 05:30:50,29.0,58.4,7.4,53.6,0.0,0.0,0.0
2026-04-11 05:30:55,29.0,58.3,16.7,53.6,0.0,0.0,0.0
2026-04-11 05:31:00,29.2,58.4,36.9,53.6,0.0,0.0,0.0
2026-04-11 05:31:05,28.9,58.4,10.2,53.6,0.0,0.0,0.0
2026-04-11 05:31:10,29.0,58.2,1.4,53.6,0.0,0.0,0.0
2026-04-11 05:31:15,29.1,58.1,5.7,53.6,0.0,0.0,0.0
2026-04-11 05:31:20,28.8,58.1,0.0,53.6,0.0,0.0,0.0
2026-04-11 05:31:25,29.0,58.1,16.5,53.6,0.0,0.0,0.0
2026-04-11 05:31:30,29.0,58.1,35.9,53.6,0.0,0.0,0.0
2026-04-11 05:31:35,28.8,58.2,8.8,53.6,0.0,0.0,0.0
2026-04-11 05:31:40,28.9,58.2,11.5,53.6,0.0,0.0,0.0
2026-04-11 05:31:45,28.9,58.2,19.2,53.6,0.0,0.0,0.0
2026-04-11 05:31:50,28.9,58.2,8.4,53.6,0.0,0.0,0.0
2026-04-11 05:31:55,28.9,58.2,39.5,53.6,0.0,0.0,0.0
2026-04-11 05:32:00,29.1,58.4,18.9,53.7,0.0,0.0,0.0
2026-04-11 05:32:05,29.0,58.4,34.2,53.7,0.0,0.0,0.0
2026-04-11 05:32:10,29.0,58.6,26.6,53.7,0.0,0.0,0.0
2026-04-11 05:32:15,29.0,58.6,0.0,53.6,0.0,0.0,0.0
2026-04-11 05:32:20,29.0,58.5,12.8,53.6,0.0,0.0,0.0
2026-04-11 05:32:25,28.8,58.5,5.2,53.6,0.0,0.0,0.0
2026-04-11 05:32:30,28.9,58.6,9.0,53.6,0.0,0.0,0.0
2026-04-11 05:32:35,29.0,58.5,12.5,53.7,0.0,0.0,0.0
2026-04-11 05:32:40,29.0,58.4,12.1,53.7,0.0,0.0,0.0
2026-04-11 05:32:45,28.9,58.3,8.2,53.7,0.0,0.0,0.0
2026-04-11 05:32:50,28.9,58.4,13.9,53.7,0.0,0.0,0.0
2026-04-11 05:32:55,28.9,58.4,0.0,53.7,0.0,0.0,0.0
2026-04-11 05:33:00,29.1,58.3,28.1,53.7,0.0,0.0,0.0
2026-04-11 05:33:05,29.1,58.3,3.4,53.7,0.0,0.0,0.0
2026-04-11 05:33:10,29.0,58.3,11.7,53.6,0.0,0.0,0.0
2026-04-11 05:33:15,28.9,58.4,19.0,53.6,0.0,0.0,0.0
2026-04-11 05:33:20,28.8,58.3,15.6,53.6,0.0,0.0,0.0
2026-04-11 05:33:25,28.8,58.4,12.5,53.6,0.0,0.0,0.0
2026-04-11 05:33:30,28.9,58.5,28.5,53.6,0.0,0.0,0.0
2026-04-11 05:33:35,28.9,58.4,15.6,53.6,0.0,0.0,0.0
2026-04-11 05:33:40,28.9,58.5,16.7,53.7,0.0,0.0,0.0
2026-04-11 05:33:45,28.8,58.4,14.8,53.7,0.0,0.0,0.0
2026-04-11 05:33:50,28.9,58.5,15.4,53.7,0.0,0.0,0.0
2026-04-11 05:33:55,28.9,58.5,26.8,53.7,0.0,0.0,0.0
2026-04-11 05:34:00,29.0,58.4,11.8,53.7,0.0,0.0,0.0
2026-04-11 05:34:05,28.9,58.5,19.3,53.7,0.0,0.0,0.0
2026-04-11 05:34:10,29.0,58.5,21.2,53.7,0.0,0.0,0.0
2026-04-11 05:34:15,28.8,58.6,20.9,53.7,0.0,0.0,0.0
2026-04-11 05:34:20,28.9,58.6,9.9,53.7,0.0,0.0,0.0
2026-04-11 05:34:25,28.9,58.5,18.3,53.7,0.0,0.0,0.0
2026-04-11 05:34:30,28.9,58.4,1.9,53.7,0.0,0.0,0.0
2026-04-11 05:34:35,29.0,58.5,5.4,53.7,0.0,0.0,0.0
2026-04-11 05:34:40,28.8,58.6,11.6,53.7,0.0,0.0,0.0
2026-04-11 05:34:45,28.9,58.7,6.6,53.7,0.0,0.0,0.0
2026-04-11 05:34:50,29.0,58.8,13.6,53.6,0.0,0.0,0.0
2026-04-11 05:34:55,28.9,59.0,14.0,53.6,0.0,0.0,0.0
2026-04-11 05:35:00,28.8,58.8,5.7,53.6,0.0,0.0,0.0
2026-04-11 05:35:05,28.9,58.7,20.4,53.7,0.0,0.0,0.0
2026-04-11 05:35:10,28.8,58.7,31.4,53.7,0.0,0.0,0.0
2026-04-11 05:35:15,28.9,58.6,22.7,53.7,0.0,0.0,0.0
2026-04-11 05:35:20,28.8,58.7,22.0,53.7,0.0,0.0,0.0
2026-04-11 05:35:25,29.0,58.7,11.0,53.6,0.0,0.0,0.0
2026-04-11 05:35:30,28.9,58.7,13.5,53.6,0.0,0.0,0.0
2026-04-11 05:35:35,28.8,58.5,14.7,53.6,0.0,0.0,0.0
2026-04-11 05:35:40,28.9,58.5,0.0,53.6,0.0,0.0,0.0
2026-04-11 05:35:45,28.8,58.4,9.0,53.6,0.0,0.0,0.0
2026-04-11 05:35:50,28.9,58.3,2.0,53.7,0.0,0.0,0.0
2026-04-11 05:35:55,28.8,58.3,15.6,53.7,0.0,0.0,0.0
2026-04-11 05:36:00,28.8,58.1,29.2,53.7,0.0,0.0,0.0
2026-04-11 05:36:05,28.7,58.3,11.7,53.7,0.0,0.0,0.0
2026-04-11 05:36:10,28.8,58.2,1.8,53.7,0.0,0.0,0.0
2026-04-11 05:36:15,29.0,58.3,6.6,53.7,0.0,0.0,0.0
2026-04-11 05:36:20,29.0,58.1,19.6,53.7,0.0,0.0,0.0
2026-04-11 05:36:25,28.9,58.2,34.4,53.7,0.0,0.0,0.0
2026-04-11 05:36:30,28.8,58.2,4.3,53.7,0.0,0.0,0.0
2026-04-11 05:36:35,29.0,58.2,7.8,53.7,0.0,0.0,0.0
2026-04-11 05:36:40,28.9,58.4,0.0,53.7,0.0,0.0,0.0
2026-04-11 05:36:45,28.8,58.3,43.7,53.7,0.0,0.0,0.0
2026-04-11 05:36:50,28.9,58.5,25.8,53.7,0.0,0.0,0.0
2026-04-11 05:36:55,28.8,58.5,12.7,53.7,0.0,0.0,0.0
2026-04-11 05:37:00,28.9,58.5,3.6,53.7,0.0,0.0,0.0
2026-04-11 05:37:05,28.9,58.5,24.1,53.7,0.0,0.0,0.0
2026-04-11 05:37:10,28.9,58.5,25.3,53.7,0.0,0.0,0.0
2026-04-11 05:37:15,28.7,58.4,20.2,53.7,0.0,0.0,0.0
2026-04-11 05:37:20,28.8,58.4,36.0,53.7,0.0,0.0,0.0
2026-04-11 05:37:25,28.8,58.5,8.1,53.7,0.0,0.0,0.0
2026-04-11 05:37:30,28.7,58.4,20.9,53.7,0.0,0.0,0.0
2026-04-11 05:37:35,28.8,58.4,14.8,53.7,0.0,0.0,0.0
2026-04-11 05:37:40,28.9,58.5,16.5,53.7,0.0,0.0,0.0
2026-04-11 05:37:45,28.8,58.7,11.1,53.6,0.0,0.0,0.0
2026-04-11 05:37:50,28.8,58.7,4.0,53.6,0.0,0.0,0.0
2026-04-11 05:37:55,28.7,58.8,20.3,53.7,0.0,0.0,0.0
2026-04-11 05:38:00,28.8,58.7,0.0,53.7,0.0,0.0,0.0
2026-04-11 05:38:05,28.9,58.8,14.4,53.7,0.0,0.0,0.0
2026-04-11 05:38:10,29.0,58.7,18.8,53.7,0.0,0.0,0.0
2026-04-11 05:38:15,28.7,58.6,15.6,53.7,0.0,0.0,0.0
2026-04-11 05:38:20,28.6,58.5,12.9,53.7,0.0,0.0,0.0
2026-04-11 05:38:25,28.8,58.5,16.7,53.7,0.0,0.0,0.0
2026-04-11 05:38:30,28.8,58.6,18.2,53.7,0.0,0.0,0.0
2026-04-11 05:38:35,28.7,58.7,18.0,53.7,0.0,0.0,0.0
2026-04-11 05:38:40,28.8,58.6,18.9,53.7,0.0,0.0,0.0
2026-04-11 05:38:45,28.7,58.7,13.7,53.7,0.0,0.0,0.0
2026-04-11 05:38:50,28.8,58.7,38.9,53.7,0.0,0.0,0.0
2026-04-11 05:38:55,28.8,58.7,6.2,53.7,0.0,0.0,0.0
2026-04-11 05:39:00,28.7,58.7,16.1,53.7,0.0,0.0,0.0
2026-04-11 05:39:05,29.0,58.7,30.3,53.7,0.0,0.0,0.0
2026-04-11 05:39:10,28.8,58.7,9.6,53.7,0.0,0.0,0.0
2026-04-11 05:39:15,29.0,58.7,11.8,53.7,0.0,0.0,0.0
2026-04-11 05:39:20,28.9,58.7,20.9,53.7,0.0,0.0,0.0
2026-04-11 05:39:25,28.9,58.7,8.5,53.7,0.0,0.0,0.0
2026-04-11 05:39:30,28.7,58.7,16.0,53.7,0.0,0.0,0.0
2026-04-11 05:39:35,28.8,58.6,11.6,53.7,0.0,0.0,0.0
2026-04-11 05:39:40,28.8,58.6,12.8,53.7,0.0,0.0,0.0
2026-04-11 05:39:45,28.7,58.6,0.0,53.7,0.0,0.0,0.0
2026-04-11 05:39:50,28.7,58.7,0.9,53.7,0.0,0.0,0.0
2026-04-11 05:39:55,28.9,58.6,10.3,53.7,0.0,0.0,0.0
2026-04-11 05:40:00,28.9,58.4,20.6,53.7,0.0,0.0,0.0
2026-04-11 05:40:05,28.8,58.5,9.3,53.7,0.0,0.0,0.0
2026-04-11 05:40:10,28.8,58.5,8.9,53.7,0.0,0.0,0.0
2026-04-11 05:40:15,28.8,58.4,14.6,53.7,0.0,0.0,0.0
2026-04-11 05:40:20,28.8,58.4,21.4,53.7,0.0,0.0,0.0
2026-04-11 05:40:25,28.9,58.5,8.3,53.7,0.0,0.0,0.0
2026-04-11 05:40:30,28.9,58.5,20.8,53.7,0.0,0.0,0.0
2026-04-11 05:40:35,28.9,58.5,9.7,53.7,0.0,0.0,0.0
2026-04-11 05:40:40,28.7,58.6,20.3,53.7,0.0,0.0,0.0
2026-04-11 05:40:45,28.8,58.7,34.4,53.7,0.0,0.0,0.0
2026-04-11 05:40:50,28.8,58.6,18.3,53.7,0.0,0.0,0.0
2026-04-11 05:40:55,29.0,58.5,14.3,53.7,0.0,0.0,0.0
2026-04-11 05:41:00,28.9,58.4,16.2,53.7,0.0,0.0,0.0
2026-04-11 05:41:05,28.8,58.4,11.5,53.7,0.0,0.0,0.0
2026-04-11 05:41:10,28.9,58.4,19.9,53.7,0.0,0.0,0.0
2026-04-11 05:41:15,28.9,58.5,2.0,53.7,0.0,0.0,0.0
2026-04-11 05:41:20,28.7,58.5,10.5,53.7,0.0,0.0,0.0
2026-04-11 05:41:25,28.8,58.6,29.3,53.7,0.0,0.0,0.0
2026-04-11 05:41:30,28.8,58.6,13.0,53.7,0.0,0.0,0.0
2026-04-11 05:41:35,28.8,58.7,19.0,53.7,0.0,0.0,0.0
2026-04-11 05:41:40,28.8,58.6,14.8,53.7,0.0,0.0,0.0
2026-04-11 05:41:45,28.8,58.6,14.6,53.6,0.0,0.0,0.0
2026-04-11 05:41:50,28.8,58.5,7.0,53.6,0.0,0.0,0.0
2026-04-11 05:41:55,28.8,58.5,32.4,53.6,0.0,0.0,0.0
2026-04-11 05:42:00,28.7,58.4,7.7,53.7,0.0,0.0,0.0
2026-04-11 05:42:05,28.8,58.5,14.3,53.7,0.0,0.0,0.0
2026-04-11 05:42:10,28.8,58.5,18.6,53.7,0.0,0.0,0.0
2026-04-11 05:42:15,28.7,58.4,6.0,53.7,0.0,0.0,0.0
2026-04-11 05:42:20,28.8,58.3,19.0,53.6,0.0,0.0,0.0
2026-04-11 05:42:25,28.8,58.4,21.6,53.6,0.0,0.0,0.0
2026-04-11 05:42:30,28.9,58.5,1.0,53.6,0.0,0.0,0.0
2026-04-11 05:42:35,28.7,58.5,25.8,53.7,0.0,0.0,0.0
2026-04-11 05:42:40,28.9,58.6,15.9,53.7,0.0,0.0,0.0
2026-04-11 05:42:45,28.6,58.5,23.0,53.7,0.0,0.0,0.0
2026-04-11 05:42:50,28.8,58.5,12.8,53.7,0.0,0.0,0.0
2026-04-11 05:42:55,28.8,58.5,3.9,53.7,0.0,0.0,0.0
2026-04-11 05:43:00,28.8,58.6,12.5,53.7,0.0,0.0,0.0
2026-04-11 05:43:05,28.9,58.5,0.7,53.7,0.0,0.0,0.0
2026-04-11 05:43:10,28.8,58.5,11.3,53.7,0.0,0.0,0.0
2026-04-11 05:43:15,28.8,58.5,19.9,53.7,0.0,0.0,0.0
2026-04-11 05:43:20,28.9,58.5,35.1,53.7,0.0,0.0,0.0
2026-04-11 05:43:25,28.9,58.5,18.5,53.7,0.0,0.0,0.0
2026-04-11 05:43:30,28.9,58.6,11.0,53.7,0.0,0.0,0.0
2026-04-11 05:43:35,28.8,58.5,2.3,53.6,0.0,0.0,0.0
2026-04-11 05:43:40,28.7,58.6,13.6,53.6,0.0,0.0,0.0
2026-04-11 05:43:45,28.8,58.5,10.9,53.6,0.0,0.0,0.0
2026-04-11 05:43:50,28.9,58.6,9.7,53.7,0.0,0.0,0.0
2026-04-11 05:43:55,28.8,58.5,28.8,53.7,0.0,0.0,0.0
2026-04-11 05:44:00,28.9,58.4,14.8,53.7,0.0,0.0,0.0
2026-04-11 05:44:05,28.7,58.4,0.0,53.7,0.0,0.0,0.0
2026-04-11 05:44:10,28.8,58.2,25.0,53.7,0.0,0.0,0.0
2026-04-11 05:44:15,28.7,58.2,16.8,53.7,0.0,0.0,0.0
2026-04-11 05:44:20,29.0,58.3,17.9,53.7,0.0,0.0,0.0
2026-04-11 05:44:25,28.8,58.4,25.6,53.7,0.0,0.0,0.0
2026-04-11 05:44:30,28.7,58.5,0.0,53.6,0.0,0.0,0.0
2026-04-11 05:44:35,28.7,58.6,10.2,53.6,0.0,0.0,0.0
2026-04-11 05:44:40,28.8,58.8,12.1,53.6,0.0,0.0,0.0
2026-04-11 05:44:45,28.6,58.7,20.3,53.7,0.0,0.0,0.0
2026-04-11 05:44:50,28.8,58.7,12.2,53.7,0.0,0.0,0.0
2026-04-11 05:44:55,28.6,58.7,19.4,53.7,0.0,0.0,0.0
2026-04-11 05:45:00,28.6,58.8,7.1,53.7,0.0,0.0,0.0
2026-04-11 05:45:05,28.8,58.6,0.0,53.7,0.0,0.0,0.0
2026-04-11 05:45:10,28.8,58.6,9.3,53.7,0.0,0.0,0.0
2026-04-11 05:45:15,28.6,58.6,16.5,53.7,0.0,0.0,0.0
2026-04-11 05:45:20,28.8,58.7,10.0,53.7,0.0,0.0,0.0
2026-04-11 05:45:25,28.9,58.6,17.9,53.7,0.0,0.0,0.0
2026-04-11 05:45:30,28.7,58.6,12.8,53.6,0.0,0.0,0.0
2026-04-11 05:45:35,28.8,58.7,12.9,53.6,0.0,0.0,0.0
2026-04-11 05:45:40,28.8,58.6,19.7,53.6,0.0,0.0,0.0
2026-04-11 05:45:45,28.9,58.4,8.6,53.7,0.0,0.0,0.0
2026-04-11 05:45:50,28.7,58.5,30.1,53.7,0.0,0.0,0.0
2026-04-11 05:45:55,28.8,58.5,0.3,53.7,0.0,0.0,0.0
2026-04-11 05:46:00,28.8,58.6,28.9,53.7,0.0,0.0,0.0
2026-04-11 05:46:05,28.9,58.5,36.0,53.7,0.0,0.0,0.0
2026-04-11 05:46:10,29.0,58.5,5.7,53.7,0.0,0.0,0.0
2026-04-11 05:46:15,28.7,58.6,20.7,53.7,0.0,0.0,0.0
2026-04-11 05:46:20,28.8,58.6,27.7,53.7,0.0,0.0,0.0
2026-04-11 05:46:25,28.8,58.6,0.0,53.7,0.0,0.0,0.0
2026-04-11 05:46:30,28.8,58.6,0.0,53.7,0.0,0.0,0.0
2026-04-11 05:46:35,28.9,58.6,0.0,53.7,0.0,0.0,0.0
2026-04-11 05:46:40,28.8,58.6,8.3,53.7,0.0,0.0,0.0
2026-04-11 05:46:45,28.9,58.6,17.0,53.7,0.0,0.0,0.0
2026-04-11 05:46:50,28.7,58.5,18.6,53.7,0.0,0.0,0.0
2026-04-11 05:46:55,28.7,58.7,0.0,53.6,0.0,0.0,0.0
2026-04-11 05:47:00,28.9,58.7,28.6,53.6,0.0,0.0,0.0
2026-04-11 05:47:05,28.7,58.6,0.0,53.6,0.0,0.0,0.0
2026-04-11 05:47:10,28.9,58.5,0.0,53.6,0.0,0.0,0.0
2026-04-11 05:47:15,28.8,58.5,21.4,53.6,0.0,0.0,0.0
2026-04-11 05:47:20,28.8,58.6,17.4,53.7,0.0,0.0,0.0
2026-04-11 05:47:25,28.9,58.4,11.6,53.7,0.0,0.0,0.0
2026-04-11 05:47:30,28.8,58.4,11.7,53.7,0.0,0.0,0.0
2026-04-11 05:47:35,28.9,58.5,8.2,53.7,0.0,0.0,0.0
2026-04-11 05:47:40,28.8,58.5,12.1,53.7,0.0,0.0,0.0
2026-04-11 05:47:45,28.7,58.6,16.8,53.7,0.0,0.0,0.0
2026-04-11 05:47:50,29.0,58.5,7.6,53.7,0.0,0.0,0.0
2026-04-11 05:47:55,28.8,58.6,0.0,53.7,0.0,0.0,0.0
2026-04-11 05:48:00,28.7,58.6,11.3,53.7,0.0,0.0,0.0
2026-04-11 05:48:05,28.8,58.6,14.5,53.7,0.0,0.0,0.0
2026-04-11 05:48:10,28.8,58.5,28.1,53.7,0.0,0.0,0.0
2026-04-11 05:48:15,28.8,58.4,21.3,53.7,0.0,0.0,0.0
2026-04-11 05:48:20,28.9,58.3,10.6,53.7,0.0,0.0,0.0
2026-04-11 05:48:25,28.8,58.2,14.6,53.7,0.0,0.0,0.0
2026-04-11 05:48:30,28.7,58.1,15.1,53.7,0.0,0.0,0.0
2026-04-11 05:48:35,28.7,58.0,23.8,53.7,0.0,0.0,0.0
2026-04-11 05:48:40,28.7,58.0,0.0,53.7,0.0,0.0,0.0
2026-04-11 05:48:45,28.7,57.9,21.6,53.7,0.0,0.0,0.0
2026-04-11 05:48:50,28.9,57.9,7.6,53.7,0.0,0.0,0.0
2026-04-11 05:48:55,28.8,57.9,14.2,53.7,0.0,0.0,0.0
2026-04-11 05:49:00,28.7,57.8,15.4,53.7,0.0,0.0,0.0
2026-04-11 05:49:05,28.7,57.9,3.6,53.7,0.0,0.0,0.0
2026-04-11 05:49:10,28.9,57.9,1.6,53.7,0.0,0.0,0.0
2026-04-11 05:49:15,28.7,57.9,12.8,53.7,0.0,0.0,0.0
2026-04-11 05:49:20,28.9,58.0,22.5,53.7,0.0,0.0,0.0
2026-04-11 05:49:25,28.9,58.1,3.5,53.7,0.0,0.0,0.0
2026-04-11 05:49:30,28.9,58.0,20.9,53.7,0.0,0.0,0.0
2026-04-11 05:49:35,28.7,58.1,17.3,53.7,0.0,0.0,0.0
2026-04-11 05:49:40,28.7,58.0,32.5,53.7,0.0,0.0,0.0
2026-04-11 05:49:45,28.8,57.9,17.5,53.7,0.0,0.0,0.0
2026-04-11 05:49:50,28.8,57.8,12.0,53.6,0.0,0.0,0.0
2026-04-11 05:49:55,28.8,57.7,12.6,53.6,0.0,0.0,0.0
2026-04-11 05:50:00,28.7,57.7,12.6,53.6,0.0,0.0,0.0
2026-04-11 05:50:05,28.8,57.8,7.8,53.6,0.0,0.0,0.0
2026-04-11 05:50:10,28.7,57.9,5.9,53.7,0.0,0.0,0.0
2026-04-11 05:50:15,28.8,57.9,22.8,53.7,0.0,0.0,0.0
2026-04-11 05:50:20,28.9,57.9,6.4,53.7,0.0,0.0,0.0
2026-04-11 05:50:25,28.7,58.0,9.2,53.7,0.0,0.0,0.0
2026-04-11 05:50:30,28.7,58.0,7.5,53.7,0.0,0.0,0.0
2026-04-11 05:50:35,28.8,58.0,21.6,53.7,0.0,0.0,0.0
2026-04-11 05:50:40,28.9,58.0,11.4,53.7,0.0,0.0,0.0
2026-04-11 05:50:45,28.7,57.8,25.0,53.7,0.0,0.0,0.0
2026-04-11 05:50:50,28.8,57.8,22.2,53.7,0.0,0.0,0.0
2026-04-11 05:50:55,28.8,57.8,24.7,53.7,0.0,0.0,0.0
2026-04-11 05:51:00,28.8,57.8,6.8,53.7,0.0,0.0,0.0
2026-04-11 05:51:05,28.8,57.9,12.7,53.7,0.0,0.0,0.0
2026-04-11 05:51:10,28.9,57.7,8.6,53.7,0.0,0.0,0.0
2026-04-11 05:51:15,28.8,57.7,18.6,53.7,0.0,0.0,0.0
2026-04-11 05:51:20,28.8,57.8,0.0,53.6,0.0,0.0,0.0
2026-04-11 05:51:25,28.7,57.8,27.4,53.6,0.0,0.0,0.0
2026-04-11 05:51:30,28.9,57.9,20.1,53.6,0.0,0.0,0.0
2026-04-11 05:51:35,28.7,57.9,21.1,53.6,0.0,0.0,0.0
2026-04-11 05:51:40,28.9,57.8,2.2,53.7,0.0,0.0,0.0
2026-04-11 05:51:45,28.8,57.9,25.1,53.7,0.0,0.0,0.0
2026-04-11 05:51:50,28.9,57.9,3.9,53.7,0.0,0.0,0.0
2026-04-11 05:51:55,28.8,57.9,18.0,53.7,0.0,0.0,0.0
2026-04-11 05:52:00,28.8,57.9,15.5,53.7,0.0,0.0,0.0
2026-04-11 05:52:05,28.8,57.9,17.6,53.7,0.0,0.0,0.0
2026-04-11 05:52:10,28.7,57.9,27.3,53.7,0.0,0.0,0.0
2026-04-11 05:52:15,28.8,57.9,13.6,53.7,0.0,0.0,0.0
2026-04-11 05:52:20,28.5,58.0,0.0,53.7,0.0,0.0,0.0
2026-04-11 05:52:25,28.9,58.0,23.9,53.7,0.0,0.0,0.0
2026-04-11 05:52:30,28.6,58.0,23.5,53.7,0.0,0.0,0.0
2026-04-11 05:52:35,28.8,58.0,14.1,53.7,0.0,0.0,0.0
2026-04-11 05:52:40,28.8,57.8,16.8,53.7,0.0,0.0,0.0
2026-04-11 05:52:45,28.8,57.8,7.9,53.7,0.0,0.0,0.0
2026-04-11 05:52:50,28.8,57.7,3.9,53.7,0.0,0.0,0.0
2026-04-11 05:52:55,28.7,57.8,5.1,53.7,0.0,0.0,0.0
2026-04-11 05:53:00,28.7,57.9,28.8,53.7,0.0,0.0,0.0
2026-04-11 05:53:05,28.9,57.8,21.7,53.7,0.0,0.0,0.0
2026-04-11 05:53:10,28.7,57.8,6.2,53.7,0.0,0.0,0.0
2026-04-11 05:53:15,28.8,57.8,36.6,53.7,0.0,0.0,0.0
2026-04-11 05:53:20,28.8,57.8,4.9,53.7,0.0,0.0,0.0
2026-04-11 05:53:25,28.8,57.8,4.8,53.7,0.0,0.0,0.0
2026-04-11 05:53:30,28.7,57.7,28.1,53.6,0.0,0.0,0.0
2026-04-11 05:53:35,28.9,57.7,11.2,53.6,0.0,0.0,0.0
2026-04-11 05:53:40,28.8,57.9,12.6,53.6,0.0,0.0,0.0
2026-04-11 05:53:45,28.8,57.8,20.3,53.6,0.0,0.0,0.0
2026-04-11 05:53:50,28.6,57.8,22.1,53.6,0.0,0.0,0.0
2026-04-11 05:53:55,28.7,58.0,6.9,53.6,0.0,0.0,0.0
2026-04-11 05:54:00,28.7,58.0,15.2,53.6,0.0,0.0,0.0
2026-04-11 05:54:05,28.8,58.0,10.9,53.6,0.0,0.0,0.0
2026-04-11 05:54:10,28.6,58.1,0.0,53.6,0.0,0.0,0.0
2026-04-11 05:54:15,28.9,58.1,0.0,53.6,0.0,0.0,0.0
2026-04-11 05:54:20,28.8,58.0,5.5,53.6,0.0,0.0,0.0
2026-04-11 05:54:25,28.7,58.2,14.2,53.7,0.0,0.0,0.0
2026-04-11 05:54:30,28.7,58.2,13.0,53.7,0.0,0.0,0.0
2026-04-11 05:54:35,28.8,58.2,12.1,53.7,0.0,0.0,0.0
2026-04-11 05:54:40,28.8,58.4,0.0,53.7,0.0,0.0,0.0
2026-04-11 05:54:45,28.8,58.5,29.1,53.7,0.0,0.0,0.0
2026-04-11 05:54:50,28.9,58.4,8.9,53.7,0.0,0.0,0.0
2026-04-11 05:54:55,28.8,58.3,16.2,53.7,0.0,0.0,0.0
2026-04-11 05:55:00,28.7,58.3,7.8,53.7,0.0,0.0,0.0
2026-04-11 05:55:05,28.9,58.5,22.4,53.7,0.0,0.0,0.0
2026-04-11 05:55:10,28.6,58.4,27.8,53.7,0.0,0.0,0.0
2026-04-11 05:55:15,28.8,58.4,16.3,53.7,0.0,0.0,0.0
2026-04-11 05:55:20,28.8,58.4,19.2,53.6,0.0,0.0,0.0
2026-04-11 05:55:25,28.7,58.4,13.4,53.6,0.0,0.0,0.0
2026-04-11 05:55:30,28.8,58.3,31.2,53.6,0.0,0.0,0.0
2026-04-11 05:55:35,28.8,58.4,10.9,53.6,0.0,0.0,0.0
2026-04-11 05:55:40,28.8,58.4,6.8,53.7,0.0,0.0,0.0
2026-04-11 05:55:45,28.9,58.3,10.0,53.7,0.0,0.0,0.0
2026-04-11 05:55:50,28.8,58.3,30.9,53.7,0.0,0.0,0.0
2026-04-11 05:55:55,28.5,58.2,4.4,53.7,0.0,0.0,0.0
2026-04-11 05:56:00,28.8,58.3,17.6,53.6,0.0,0.0,0.0
2026-04-11 05:56:05,28.8,58.5,14.0,53.6,0.0,0.0,0.0
2026-04-11 05:56:10,28.8,58.6,5.1,53.6,0.0,0.0,0.0
2026-04-11 05:56:15,29.0,58.7,31.9,53.6,0.0,0.0,0.0
2026-04-11 05:56:20,28.8,58.8,20.7,53.6,0.0,0.0,0.0
2026-04-11 05:56:25,28.8,58.8,6.0,53.6,0.0,0.0,0.0
2026-04-11 05:56:30,28.7,58.7,18.2,53.6,0.0,0.0,0.0
2026-04-11 05:56:35,28.9,58.7,33.5,53.6,0.0,0.0,0.0
2026-04-11 05:56:40,28.7,58.9,15.8,53.6,0.0,0.0,0.0
2026-04-11 05:56:45,28.9,58.7,9.5,53.6,0.0,0.0,0.0
2026-04-11 05:56:50,28.6,58.7,9.3,53.6,0.0,0.0,0.0
2026-04-11 05:56:55,28.6,58.7,6.4,53.6,0.0,0.0,0.0
2026-04-11 05:57:00,28.7,58.6,5.7,53.6,0.0,0.0,0.0
2026-04-11 05:57:05,28.8,58.6,22.3,53.6,0.0,0.0,0.0
2026-04-11 05:57:10,28.7,58.7,13.4,53.6,0.0,0.0,0.0
2026-04-11 05:57:15,28.8,58.6,4.6,53.6,0.0,0.0,0.0
2026-04-11 05:57:20,28.7,58.6,3.3,53.6,0.0,0.0,0.0
2026-04-11 05:57:25,28.9,58.5,24.6,53.6,0.0,0.0,0.0
2026-04-11 05:57:30,28.9,58.4,16.2,53.6,0.0,0.0,0.0
2026-04-11 05:57:35,28.7,58.6,11.6,53.6,0.0,0.0,0.0
2026-04-11 05:57:40,28.8,58.5,13.3,53.6,0.0,0.0,0.0
2026-04-11 05:57:45,28.6,58.3,0.0,53.6,0.0,0.0,0.0
2026-04-11 05:57:50,28.7,58.3,0.0,53.6,0.0,0.0,0.0
2026-04-11 05:57:55,28.7,58.2,26.6,53.6,0.0,0.0,0.0
2026-04-11 05:58:00,28.9,58.1,23.5,53.6,0.0,0.0,0.0
2026-04-11 05:58:05,28.7,58.2,18.1,53.6,0.0,0.0,0.0
2026-04-11 05:58:10,28.6,58.2,8.9,53.6,0.0,0.0,0.0
2026-04-11 05:58:15,28.7,58.3,9.6,53.6,0.0,0.0,0.0
2026-04-11 05:58:20,28.8,58.3,21.8,53.6,0.0,0.0,0.0
2026-04-11 05:58:25,28.8,58.2,22.9,53.7,0.0,0.0,0.0
2026-04-11 05:58:30,28.9,58.1,2.9,53.7,0.0,0.0,0.0
2026-04-11 05:58:35,28.8,58.1,8.2,53.7,0.0,0.0,0.0
2026-04-11 05:58:40,28.7,58.0,14.5,53.7,0.0,0.0,0.0
2026-04-11 05:58:45,28.9,58.1,14.8,53.7,0.0,0.0,0.0
2026-04-11 05:58:50,28.9,58.0,11.8,53.7,0.0,0.0,0.0
2026-04-11 05:58:55,28.6,57.9,14.5,53.7,0.0,0.0,0.0
2026-04-11 05:59:00,28.7,57.8,14.2,53.7,0.0,0.0,0.0
2026-04-11 05:59:05,28.9,57.9,25.4,53.7,0.0,0.0,0.0
2026-04-11 05:59:10,28.8,58.0,12.8,53.7,0.0,0.0,0.0
2026-04-11 05:59:15,28.6,58.1,16.3,53.6,0.0,0.0,0.0
2026-04-11 05:59:20,28.6,58.2,0.0,53.6,0.0,0.0,0.0
2026-04-11 05:59:25,28.6,58.2,18.8,53.7,0.0,0.0,0.0
2026-04-11 05:59:30,28.7,58.4,31.0,53.7,0.0,0.0,0.0
2026-04-11 05:59:35,28.7,58.4,17.7,53.7,0.0,0.0,0.0
2026-04-11 05:59:40,28.8,58.4,25.5,53.6,0.0,0.0,0.0
2026-04-11 05:59:45,28.6,58.5,0.0,53.6,0.0,0.0,0.0
2026-04-11 05:59:50,28.8,58.5,14.9,53.7,0.0,0.0,0.0
2026-04-11 05:59:55,28.8,58.6,27.7,53.7,0.0,0.0,0.0
2026-04-11 06:00:00,28.8,58.5,25.7,53.6,0.0,0.0,0.0
2026-04-11 06:00:05,28.7,58.6,13.0,53.6,0.0,0.0,0.0
2026-04-11 06:00:10,28.6,58.6,25.2,53.6,0.0,0.0,0.0
2026-04-11 06:00:15,28.7,58.6,1.3,53.6,0.0,0.0,0.0
2026-04-11 06:00:20,28.6,58.5,16.7,53.7,0.0,0.0,0.0
2026-04-11 06:00:25,28.6,58.6,15.3,53.7,0.0,0.0,0.0
2026-04-11 06:00:30,28.8,58.5,0.0,53.7,0.0,0.0,0.0
2026-04-11 06:00:35,28.7,58.5,10.7,53.7,0.0,0.0,0.0
2026-04-11 06:00:40,28.6,58.5,22.2,53.7,0.0,0.0,0.0
2026-04-11 06:00:45,28.9,58.4,22.5,53.7,0.0,0.0,0.0
2026-04-11 06:00:50,28.8,58.5,26.4,53.7,0.0,0.0,0.0
2026-04-11 06:00:55,29.0,58.4,25.4,53.7,0.0,0.0,0.0
2026-04-11 06:01:00,28.7,58.4,3.9,53.7,0.0,0.0,0.0
2026-04-11 06:01:05,28.7,58.5,6.2,53.7,0.0,0.0,0.0
2026-04-11 06:01:10,28.8,58.2,17.0,53.7,0.0,0.0,0.0
2026-04-11 06:01:15,28.7,58.2,28.1,53.7,0.0,0.0,0.0
2026-04-11 06:01:20,28.7,58.1,19.9,53.7,0.0,0.0,0.0
2026-04-11 06:01:25,28.8,58.2,11.4,53.7,0.0,0.0,0.0
2026-04-11 06:01:30,28.8,58.4,17.8,53.6,0.0,0.0,0.0
2026-04-11 06:01:35,28.7,58.5,11.5,53.6,0.0,0.0,0.0
2026-04-11 06:01:40,28.6,58.6,34.0,53.7,0.0,0.0,0.0
2026-04-11 06:01:45,28.7,58.7,2.9,53.7,0.0,0.0,0.0
2026-04-11 06:01:50,28.8,58.6,24.4,53.7,0.0,0.0,0.0
2026-04-11 06:01:55,28.7,58.8,17.1,53.7,0.0,0.0,0.0
2026-04-11 06:02:00,28.6,58.8,9.2,53.7,0.0,0.0,0.0
2026-04-11 06:02:05,28.7,58.8,11.1,53.7,0.0,0.0,0.0
2026-04-11 06:02:10,28.7,58.6,33.4,53.7,0.0,0.0,0.0
2026-04-11 06:02:15,28.6,58.5,18.8,53.6,0.0,0.0,0.0
2026-04-11 06:02:20,28.8,58.4,0.0,53.6,0.0,0.0,0.0
2026-04-11 06:02:25,28.7,58.5,19.2,53.6,0.0,0.0,0.0
2026-04-11 06:02:30,28.7,58.4,0.0,53.6,0.0,0.0,0.0
2026-04-11 06:02:35,28.9,58.4,26.7,53.6,0.0,0.0,0.0
2026-04-11 06:02:40,28.7,58.4,35.6,53.6,0.0,0.0,0.0
2026-04-11 06:02:45,28.8,58.5,12.3,53.6,0.0,0.0,0.0
2026-04-11 06:02:50,28.7,58.3,8.0,53.6,0.0,0.0,0.0
2026-04-11 06:02:55,28.7,58.4,37.8,53.6,0.0,0.0,0.0
2026-04-11 06:03:00,28.8,58.4,35.5,53.6,0.0,0.0,0.0
2026-04-11 06:03:05,28.7,58.4,23.7,53.6,0.0,0.0,0.0
2026-04-11 06:03:10,28.9,58.4,14.3,53.6,0.0,0.0,0.0
2026-04-11 06:03:15,28.7,58.3,22.8,53.6,0.0,0.0,0.0
2026-04-11 06:03:20,28.8,58.3,14.4,53.6,0.0,0.0,0.0
2026-04-11 06:03:25,28.8,58.2,23.0,53.6,0.0,0.0,0.0
2026-04-11 06:03:30,28.6,58.1,29.8,53.6,0.0,0.0,0.0
2026-04-11 06:03:35,28.8,58.1,16.4,53.6,0.0,0.0,0.0
2026-04-11 06:03:40,28.9,58.3,35.5,53.6,0.0,0.0,0.0
2026-04-11 06:03:45,28.9,58.2,12.7,53.6,0.0,0.0,0.0
2026-04-11 06:03:50,28.7,58.3,22.8,53.6,0.0,0.0,0.0
2026-04-11 06:03:55,28.8,58.2,37.1,53.6,0.0,0.0,0.0
2026-04-11 06:04:00,28.7,58.1,16.7,53.6,0.0,0.0,0.0
2026-04-11 06:04:05,28.8,58.1,25.3,53.6,0.0,0.0,0.0
2026-04-11 06:04:10,28.8,58.0,18.3,53.6,0.0,0.0,0.0
2026-04-11 06:04:15,28.9,57.9,19.8,53.6,0.0,0.0,0.0
2026-04-11 06:04:20,28.8,57.9,18.4,53.6,0.0,0.0,0.0
2026-04-11 06:04:25,28.8,57.8,19.5,53.6,0.0,0.0,0.0
2026-04-11 06:04:30,29.0,57.8,28.8,53.6,0.0,0.0,0.0
2026-04-11 06:04:35,28.8,57.9,22.7,53.6,0.0,0.0,0.0
2026-04-11 06:04:40,28.8,58.0,14.8,53.6,0.0,0.0,0.0
2026-04-11 06:04:45,28.7,57.9,5.9,53.6,0.0,0.0,0.0
2026-04-11 06:04:50,28.7,57.9,23.3,53.6,0.0,0.0,0.0
2026-04-11 06:04:55,28.9,57.8,43.0,53.6,0.0,0.0,0.0
2026-04-11 06:05:00,28.9,58.0,26.0,53.6,0.0,0.0,0.0
2026-04-11 06:05:05,28.9,58.1,26.0,53.6,0.0,0.0,0.0
2026-04-11 06:05:10,28.9,58.1,14.4,53.6,0.0,0.0,0.0
2026-04-11 06:05:15,28.9,58.1,27.1,53.6,0.0,0.0,0.0
2026-04-11 06:05:20,29.0,58.1,25.4,53.6,0.0,0.0,0.0
2026-04-11 06:05:25,28.8,58.2,28.9,53.6,0.0,0.0,0.0
2026-04-11 06:05:30,28.9,58.2,19.0,53.6,0.0,0.0,0.0
2026-04-11 06:05:35,28.8,58.2,26.4,53.6,0.0,0.0,0.0
2026-04-11 06:05:40,28.8,58.1,30.0,53.6,0.0,0.0,0.0
2026-04-11 06:05:45,29.0,58.0,9.4,53.6,0.0,0.0,0.0
2026-04-11 06:05:50,28.9,57.9,25.1,53.6,0.0,0.0,0.0
2026-04-11 06:05:55,28.8,58.0,39.3,53.6,0.0,0.0,0.0
2026-04-11 06:06:00,28.8,57.8,21.0,53.6,0.0,0.0,0.0
2026-04-11 06:06:05,28.7,57.8,14.8,53.6,0.0,0.0,0.0
2026-04-11 06:06:10,28.9,57.7,33.6,53.6,0.0,0.0,0.0
2026-04-11 06:06:15,28.8,57.7,16.9,53.6,0.0,0.0,0.0
2026-04-11 06:06:20,28.8,57.6,25.4,53.6,0.0,0.0,0.0
2026-04-11 06:06:25,28.8,57.7,8.0,53.6,0.0,0.0,0.0
2026-04-11 06:06:30,28.9,57.6,27.6,53.6,0.0,0.0,0.0
2026-04-11 06:06:35,28.9,57.7,0.0,53.6,0.0,0.0,0.0
2026-04-11 06:06:40,28.8,57.8,41.4,53.6,0.0,0.0,0.0
2026-04-11 06:06:45,28.8,57.8,25.7,53.6,0.0,0.0,0.0
2026-04-11 06:06:50,29.0,57.7,28.1,53.6,0.0,0.0,0.0
2026-04-11 06:06:55,28.9,57.7,14.6,53.6,0.0,0.0,0.0
2026-04-11 06:07:00,28.9,57.6,21.0,53.6,0.0,0.0,0.0
2026-04-11 06:07:05,28.8,57.6,23.6,53.6,0.0,0.0,0.0
2026-04-11 06:07:10,28.8,57.7,19.3,53.6,0.0,0.0,0.0
2026-04-11 06:07:15,28.8,57.6,31.2,53.7,0.0,0.0,0.0
2026-04-11 06:07:20,29.0,57.7,31.4,53.7,0.0,0.0,0.0
2026-04-11 06:07:25,28.8,57.7,14.9,53.7,0.0,0.0,0.0
2026-04-11 06:07:30,28.8,57.7,20.1,53.7,0.0,0.0,0.0
2026-04-11 06:07:35,28.8,57.8,39.5,53.6,0.0,0.0,0.0
2026-04-11 06:07:40,28.9,57.8,26.1,53.6,0.0,0.0,0.0
2026-04-11 06:07:45,28.7,57.9,15.7,53.6,0.0,0.0,0.0
2026-04-11 06:07:50,28.8,57.9,13.8,53.6,0.0,0.0,0.0
2026-04-11 06:07:55,28.9,58.0,38.1,53.6,0.0,0.0,0.0
2026-04-11 06:08:00,29.0,57.8,33.1,53.6,0.0,0.0,0.0
2026-04-11 06:08:05,28.8,57.8,18.0,53.6,0.0,0.0,0.0
2026-04-11 06:08:10,28.9,57.9,31.0,53.6,0.0,0.0,0.0
2026-04-11 06:08:15,28.9,58.0,41.9,53.6,0.0,0.0,0.0
2026-04-11 06:08:20,28.8,57.8,17.9,53.6,0.0,0.0,0.0
2026-04-11 06:08:25,28.9,57.9,24.2,53.6,0.0,0.0,0.0
2026-04-11 06:08:30,28.9,58.0,21.8,53.6,0.0,0.0,0.0
2026-04-11 06:08:35,28.9,58.0,38.5,53.6,0.0,0.0,0.0
2026-04-11 06:08:40,28.9,57.9,43.6,53.6,0.0,0.0,0.0
2026-04-11 06:08:45,28.8,57.9,33.9,53.7,0.0,0.0,0.0
2026-04-11 06:08:50,28.9,58.0,22.8,53.7,0.0,0.0,0.0
2026-04-11 06:08:55,28.9,58.0,34.1,53.7,0.0,0.0,0.0
2026-04-11 06:09:00,28.9,58.0,34.5,53.6,0.0,0.0,0.0
2026-04-11 06:09:05,28.8,58.0,26.3,53.6,0.0,0.0,0.0
2026-04-11 06:09:10,29.1,58.0,26.9,53.6,0.0,0.0,0.0
2026-04-11 06:09:15,29.0,57.9,32.4,53.6,0.0,0.0,0.0
2026-04-11 06:09:20,28.9,58.1,26.1,53.6,0.0,0.0,0.0
2026-04-11 06:09:25,28.9,58.0,51.4,53.6,0.0,0.0,0.0
2026-04-11 06:09:30,28.9,57.9,36.4,53.6,0.0,0.0,0.0
2026-04-11 06:09:35,29.0,57.9,33.7,53.6,0.0,0.0,0.0
2026-04-11 06:09:40,28.9,58.0,25.7,53.6,0.0,0.0,0.0
2026-04-11 06:09:45,28.9,58.0,41.1,53.6,0.0,0.0,0.0
2026-04-11 06:09:50,29.0,58.1,26.6,53.6,0.0,0.0,0.0
2026-04-11 06:09:55,28.8,58.1,29.0,53.6,0.0,0.0,0.0
2026-04-11 06:10:00,28.8,58.1,25.9,53.6,0.0,0.0,0.0
2026-04-11 06:10:05,29.1,58.1,21.3,53.6,0.0,0.0,0.0
2026-04-11 06:10:10,29.1,58.2,32.5,53.6,0.0,0.0,0.0
2026-04-11 06:10:15,28.9,58.1,23.5,53.6,0.0,0.0,0.0
2026-04-11 06:10:20,29.1,58.0,41.4,53.7,0.0,0.0,0.0
2026-04-11 06:10:25,29.0,58.1,38.5,53.7,0.0,0.0,0.0
2026-04-11 06:10:30,28.9,58.1,30.7,53.7,0.0,0.0,0.0
2026-04-11 06:10:35,29.0,58.0,63.4,53.6,0.0,0.0,0.0
2026-04-11 06:10:40,29.0,58.1,26.2,53.6,0.0,0.0,0.0
2026-04-11 06:10:45,29.0,58.0,29.0,53.6,0.0,0.0,0.0
2026-04-11 06:10:50,28.9,58.1,39.2,53.6,0.0,0.0,0.0
2026-04-11 06:10:55,28.9,58.2,44.5,53.6,0.0,0.0,0.0
2026-04-11 06:11:00,29.0,58.1,44.3,53.6,0.0,0.0,0.0
2026-04-11 06:11:05,28.9,58.1,23.6,53.6,0.0,0.0,0.0
2026-04-11 06:11:10,28.9,58.2,40.2,53.6,0.0,0.0,0.0
2026-04-11 06:11:15,29.1,58.1,24.5,53.6,0.0,0.0,0.0
2026-04-11 06:11:20,29.1,57.9,25.0,53.6,0.0,0.0,0.0
2026-04-11 06:11:25,29.1,57.7,22.7,53.6,0.0,0.0,0.0
2026-04-11 06:11:30,29.1,57.7,33.0,53.6,0.0,0.0,0.0
2026-04-11 06:11:35,28.9,57.8,29.9,53.6,0.0,0.0,0.0
2026-04-11 06:11:40,29.0,57.6,15.1,53.6,0.0,0.0,0.0
2026-04-11 06:11:45,28.9,57.6,50.5,53.6,0.0,0.0,0.0
2026-04-11 06:11:50,29.0,57.6,32.6,53.6,0.0,0.0,0.0
2026-04-11 06:11:55,29.1,57.6,30.0,53.6,0.0,0.0,0.0
2026-04-11 06:12:00,28.9,57.7,44.5,53.6,0.0,0.0,0.0
2026-04-11 06:12:05,29.1,57.7,30.5,53.6,0.0,0.0,0.0
2026-04-11 06:12:10,29.0,57.7,33.7,53.6,0.0,0.0,0.0
2026-04-11 06:12:15,29.0,57.7,50.3,53.6,0.0,0.0,0.0
2026-04-11 06:12:20,29.0,57.8,11.2,53.6,0.0,0.0,0.0
2026-04-11 06:12:25,29.0,57.8,31.6,53.6,0.0,0.0,0.0
2026-04-11 06:12:30,29.1,57.8,12.2,53.6,0.0,0.0,0.0
2026-04-11 06:12:35,28.9,57.7,29.7,53.6,0.0,0.0,0.0
2026-04-11 06:12:40,29.0,57.7,32.0,53.6,0.0,0.0,0.0
2026-04-11 06:12:45,29.0,57.5,21.6,53.6,0.0,0.0,0.0
2026-04-11 06:12:50,29.0,57.5,27.9,53.6,0.0,0.0,0.0
2026-04-11 06:12:55,28.9,57.4,20.8,53.6,0.0,0.0,0.0
2026-04-11 06:13:00,28.8,57.4,31.1,53.6,0.0,0.0,0.0
2026-04-11 06:13:05,29.0,57.4,41.0,53.6,0.0,0.0,0.0
2026-04-11 06:13:10,28.9,57.3,32.7,53.6,0.0,0.0,0.0
2026-04-11 06:13:15,29.1,57.3,26.0,53.6,0.0,0.0,0.0
2026-04-11 06:13:20,28.9,57.3,34.7,53.6,0.0,0.0,0.0
2026-04-11 06:13:25,28.9,57.3,34.2,53.6,0.0,0.0,0.0
2026-04-11 06:13:30,29.1,57.3,31.8,53.6,0.0,0.0,0.0
2026-04-11 06:13:35,29.1,57.3,49.4,53.6,0.0,0.0,0.0
2026-04-11 06:13:40,28.9,57.4,31.8,53.6,0.0,0.0,0.0
2026-04-11 06:13:45,29.0,57.5,40.1,53.6,0.0,0.0,0.0
2026-04-11 06:13:50,29.1,57.4,40.8,53.6,0.0,0.0,0.0
2026-04-11 06:13:55,28.9,57.4,39.9,53.6,0.0,0.0,0.0
2026-04-11 06:14:00,29.0,57.4,43.7,53.6,0.0,0.0,0.0
2026-04-11 06:14:05,29.0,57.4,49.2,53.6,0.0,0.0,0.0
2026-04-11 06:14:10,28.9,57.4,29.6,53.7,0.0,0.0,0.0
2026-04-11 06:14:15,28.9,57.4,41.7,53.7,0.0,0.0,0.0
2026-04-11 06:14:20,29.1,57.4,33.9,53.7,0.0,0.0,0.0
2026-04-11 06:14:25,29.0,57.4,38.5,53.7,0.0,0.0,0.0
2026-04-11 06:14:30,29.0,57.3,26.8,53.6,0.0,0.0,0.0
2026-04-11 06:14:35,29.0,57.3,44.2,53.6,0.0,0.0,0.0
2026-04-11 06:14:40,29.0,57.2,44.2,53.6,0.0,0.0,0.0
2026-04-11 06:14:45,29.2,57.3,29.3,53.6,0.0,0.0,0.0
2026-04-11 06:14:50,28.9,57.3,43.1,53.7,0.0,0.0,0.0
2026-04-11 06:14:55,29.0,57.2,30.6,53.7,0.0,0.0,0.0
2026-04-11 06:15:00,29.0,57.3,31.6,53.6,0.0,0.0,0.0
2026-04-11 06:15:05,29.1,57.2,31.2,53.6,0.0,0.0,0.0
2026-04-11 06:15:10,29.0,57.3,34.2,53.6,0.0,0.0,0.0
2026-04-11 06:15:15,29.2,57.1,40.5,53.6,0.0,0.0,0.0
2026-04-11 06:15:20,29.1,57.0,37.6,53.6,0.0,0.0,0.0
2026-04-11 06:15:25,29.1,56.9,41.7,53.6,0.0,0.0,0.0
2026-04-11 06:15:30,29.0,56.9,29.7,53.6,0.0,0.0,0.0
2026-04-11 06:15:35,29.1,56.9,51.9,53.6,0.0,0.0,0.0
2026-04-11 06:15:40,29.1,56.8,35.6,53.6,0.0,0.0,0.0
2026-04-11 06:15:45,28.9,56.8,35.2,53.6,0.0,0.0,0.0
2026-04-11 06:15:50,28.9,56.7,45.3,53.6,0.0,0.0,0.0
2026-04-11 06:15:55,29.2,56.6,36.5,53.6,0.0,0.0,0.0
2026-04-11 06:16:00,29.0,56.4,42.7,53.6,0.0,0.0,0.0
2026-04-11 06:16:05,29.1,56.5,31.5,53.6,0.0,0.0,0.0
2026-04-11 06:16:10,29.1,56.5,41.2,53.6,0.0,0.0,0.0
2026-04-11 06:16:15,28.9,56.5,40.1,53.6,0.0,0.0,0.0
2026-04-11 06:16:20,29.1,56.4,42.2,53.6,0.0,0.0,0.0
2026-04-11 06:16:25,28.9,56.3,55.4,53.7,0.0,0.0,0.0
2026-04-11 06:16:30,29.0,56.3,46.3,53.7,0.0,0.0,0.0
2026-04-11 06:16:35,28.9,56.4,43.7,53.6,0.0,0.0,0.0
2026-04-11 06:16:40,29.0,56.4,43.4,53.6,0.0,0.0,0.0
2026-04-11 06:16:45,29.1,56.4,31.8,53.6,0.0,0.0,0.0
2026-04-11 06:16:50,29.1,56.5,54.0,53.6,0.0,0.0,0.0
2026-04-11 06:16:55,29.0,56.5,48.2,53.6,0.0,0.0,0.0
2026-04-11 06:17:00,28.9,56.6,36.1,53.6,0.0,0.0,0.0
2026-04-11 06:17:05,29.2,56.6,50.7,53.7,0.0,0.0,0.0
2026-04-11 06:17:10,29.0,56.7,29.7,53.7,0.0,0.0,0.0
2026-04-11 06:17:15,29.0,56.7,27.4,53.7,0.0,0.0,0.0
2026-04-11 06:17:20,28.9,56.7,32.1,53.7,0.0,0.0,0.0
2026-04-11 06:17:25,29.0,56.6,32.1,53.6,0.0,0.0,0.0
2026-04-11 06:17:30,29.1,56.5,53.0,53.6,0.0,0.0,0.0
2026-04-11 06:17:35,28.9,56.6,46.7,53.6,0.0,0.0,0.0
2026-04-11 06:17:40,29.0,56.5,50.8,53.6,0.0,0.0,0.0
2026-04-11 06:17:45,28.9,56.5,41.1,53.6,0.0,0.0,0.0
2026-04-11 06:17:50,28.9,56.6,35.3,53.6,0.0,0.0,0.0
2026-04-11 06:17:55,29.0,56.6,34.4,53.6,0.0,0.0,0.0
2026-04-11 06:18:00,29.0,56.6,57.3,53.6,0.0,0.0,0.0
2026-04-11 06:18:05,29.1,56.7,51.1,53.6,0.0,0.0,0.0
2026-04-11 06:18:10,29.1,56.7,61.7,53.6,0.0,0.0,0.0
2026-04-11 06:18:15,29.1,56.8,42.0,53.6,0.0,0.0,0.0
2026-04-11 06:18:20,29.1,56.8,38.7,53.7,0.0,0.0,0.0
2026-04-11 06:18:25,29.0,56.5,61.4,53.7,0.0,0.0,0.0
2026-04-11 06:18:30,29.0,56.5,53.6,53.7,0.0,0.0,0.0
2026-04-11 06:18:35,28.9,56.3,44.4,53.6,0.0,0.0,0.0
2026-04-11 06:18:40,29.0,56.3,65.4,53.6,0.0,0.0,0.0
2026-04-11 06:18:45,29.0,56.5,48.7,53.6,0.0,0.0,0.0
2026-04-11 06:18:50,29.0,56.7,43.2,53.6,0.0,0.0,0.0
2026-04-11 06:18:55,29.0,56.6,53.6,53.6,0.0,0.0,0.0
2026-04-11 06:19:00,29.0,56.6,42.8,53.6,0.0,0.0,0.0
2026-04-11 06:19:05,29.0,56.5,55.3,53.6,0.0,0.0,0.0
2026-04-11 06:19:10,29.0,56.5,42.3,53.6,0.0,0.0,0.0
2026-04-11 06:19:15,28.8,56.4,51.2,53.6,0.0,0.0,0.0
2026-04-11 06:19:20,28.9,56.3,37.5,53.6,0.0,0.0,0.0
2026-04-11 06:19:25,29.1,56.3,37.7,53.6,0.0,0.0,0.0
2026-04-11 06:19:30,29.1,56.4,58.0,53.6,0.0,0.0,0.0
2026-04-11 06:19:35,29.1,56.4,52.9,53.6,0.0,0.0,0.0
2026-04-11 06:19:40,29.2,56.3,44.3,53.6,0.0,0.0,0.0
2026-04-11 06:19:45,29.1,56.3,31.7,53.7,0.0,0.0,0.0
2026-04-11 06:19:50,28.9,56.3,36.0,53.7,0.0,0.0,0.0
2026-04-11 06:19:55,29.0,56.3,57.1,53.7,0.0,0.0,0.0
2026-04-11 06:20:00,29.1,56.2,40.1,53.6,0.0,0.0,0.0
2026-04-11 06:20:05,29.0,56.5,41.3,53.6,0.0,0.0,0.0
2026-04-11 06:20:10,28.9,56.6,38.9,53.6,0.0,0.0,0.0
2026-04-11 06:20:15,29.0,56.5,41.3,53.6,0.0,0.0,0.0
2026-04-11 06:20:20,29.1,56.6,52.3,53.6,0.0,0.0,0.0
2026-04-11 06:20:25,29.2,56.6,61.0,53.6,0.0,0.0,0.0
2026-04-11 06:20:30,29.0,56.7,58.3,53.6,0.0,0.0,0.0
2026-04-11 06:20:35,29.1,56.7,66.5,53.7,0.0,0.0,0.0
2026-04-11 06:20:40,29.0,56.7,30.1,53.7,0.0,0.0,0.0
2026-04-11 06:20:45,29.1,56.6,70.8,53.7,0.0,0.0,0.0
2026-04-11 06:20:50,29.1,56.7,41.3,53.6,0.0,0.0,0.0
2026-04-11 06:20:55,29.0,56.6,43.7,53.6,0.0,0.0,0.0
2026-04-11 06:21:00,29.2,56.7,64.4,53.7,0.0,0.0,0.0
2026-04-11 06:21:05,29.3,56.6,51.3,53.7,0.0,0.0,0.0
2026-04-11 06:21:10,29.2,56.6,56.7,53.7,0.0,0.0,0.0
2026-04-11 06:21:15,29.1,56.7,76.8,53.7,0.0,0.0,0.0
2026-04-11 06:21:20,29.1,56.7,49.0,53.7,0.0,0.0,0.0
2026-04-11 06:21:25,29.1,56.5,46.0,53.7,0.0,0.0,0.0
2026-04-11 06:21:30,29.2,56.6,50.2,53.7,0.0,0.0,0.0
2026-04-11 06:21:35,29.2,56.6,43.3,53.7,0.0,0.0,0.0
2026-04-11 06:21:40,29.0,56.5,46.3,53.7,0.0,0.0,0.0
2026-04-11 06:21:45,29.1,56.4,49.5,53.7,0.0,0.0,0.0
2026-04-11 06:21:50,28.9,56.2,53.4,53.7,0.0,0.0,0.0
2026-04-11 06:21:55,29.2,56.0,56.9,53.6,0.0,0.0,0.0
2026-04-11 06:22:00,29.2,55.9,40.2,53.6,0.0,0.0,0.0
2026-04-11 06:22:05,29.2,55.9,61.7,53.6,0.0,0.0,0.0
2026-04-11 06:22:10,29.1,55.9,56.4,53.6,0.0,0.0,0.0
2026-04-11 06:22:15,29.1,55.7,50.8,53.6,0.0,0.0,0.0
2026-04-11 06:22:20,29.2,55.7,61.4,53.6,0.0,0.0,0.0
2026-04-11 06:22:25,29.1,55.7,64.0,53.6,0.0,0.0,0.0
2026-04-11 06:22:30,29.0,55.8,67.4,53.6,0.0,0.0,0.0
2026-04-11 06:22:35,29.1,55.8,56.3,53.6,0.0,0.0,0.0
2026-04-11 06:22:40,29.2,55.9,62.1,53.6,0.0,0.0,0.0
2026-04-11 06:22:45,29.1,56.0,53.9,53.7,0.0,0.0,0.0
2026-04-11 06:22:50,29.2,56.1,67.6,53.7,0.0,0.0,0.0
2026-04-11 06:22:55,29.0,55.9,59.6,53.7,0.0,0.0,0.0
2026-04-11 06:23:00,29.0,55.9,39.3,53.7,0.0,0.0,0.0
2026-04-11 06:23:05,29.1,55.9,48.4,53.7,0.0,0.0,0.0
2026-04-11 06:23:10,29.1,55.9,67.3,53.7,0.0,0.0,0.0
2026-04-11 06:23:15,29.0,56.0,35.2,53.7,0.0,0.0,0.0
2026-04-11 06:23:20,29.2,56.1,60.2,53.7,0.0,0.0,0.0
2026-04-11 06:23:25,29.1,56.1,41.8,53.7,0.0,0.0,0.0
2026-04-11 06:23:30,29.0,56.2,54.1,53.7,0.0,0.0,0.0
2026-04-11 06:23:35,29.2,56.1,57.7,53.6,0.0,0.0,0.0
2026-04-11 06:23:40,29.0,56.3,66.1,53.6,0.0,0.0,0.0
2026-04-11 06:23:45,29.2,56.2,46.6,53.6,0.0,0.0,0.0
2026-04-11 06:23:50,29.1,56.2,59.4,53.6,0.0,0.0,0.0
2026-04-11 06:23:55,29.1,56.2,73.2,53.6,0.0,0.0,0.0
2026-04-11 06:24:00,29.1,56.2,79.9,53.6,0.0,0.0,0.0
2026-04-11 06:24:05,29.1,56.2,40.8,53.6,0.0,0.0,0.0
2026-04-11 06:24:10,29.2,56.3,67.6,53.7,0.0,0.0,0.0
2026-04-11 06:24:15,29.1,56.4,51.2,53.7,0.0,0.0,0.0
2026-04-11 06:24:20,29.1,56.5,72.6,53.6,0.0,0.0,0.0
2026-04-11 06:24:25,29.2,56.7,66.6,53.6,0.0,0.0,0.0
2026-04-11 06:24:30,29.2,56.6,58.1,53.6,0.0,0.0,0.0
2026-04-11 06:24:35,29.1,56.6,74.9,53.6,0.0,0.0,0.0
2026-04-11 06:24:40,29.1,56.7,58.6,53.6,0.0,0.0,0.0
2026-04-11 06:24:45,28.9,56.7,52.1,53.6,0.0,0.0,0.0
2026-04-11 06:24:50,29.1,56.7,67.0,53.6,0.0,0.0,0.0
2026-04-11 06:24:55,29.1,56.7,61.7,53.6,0.0,0.0,0.0
2026-04-11 06:25:00,29.2,56.7,68.0,53.6,0.0,0.0,0.0
2026-04-11 06:25:05,29.2,56.8,69.3,53.6,0.0,0.0,0.0
2026-04-11 06:25:10,29.2,56.7,72.2,53.6,0.0,0.0,0.0
2026-04-11 06:25:15,29.1,56.4,61.9,53.6,0.0,0.0,0.0
2026-04-11 06:25:20,29.1,56.3,44.4,53.6,0.0,0.0,0.0
2026-04-11 06:25:25,29.2,56.3,70.1,53.6,0.0,0.0,0.0
2026-04-11 06:25:30,29.2,56.3,58.0,53.6,0.0,0.0,0.0
2026-04-11 06:25:35,29.0,56.3,78.5,53.6,0.0,0.0,0.0
2026-04-11 06:25:40,29.0,56.4,54.4,53.6,0.0,0.0,0.0
2026-04-11 06:25:45,29.0,56.3,52.2,53.6,0.0,0.0,0.0
2026-04-11 06:25:50,29.2,56.3,48.3,53.6,0.0,0.0,0.0
2026-04-11 06:25:55,29.2,56.3,69.5,53.6,0.0,0.0,0.0
2026-04-11 06:26:00,29.2,56.3,69.2,53.6,0.0,0.0,0.0
2026-04-11 06:26:05,29.1,56.3,61.7,53.6,0.0,0.0,0.0
2026-04-11 06:26:10,29.1,56.5,68.2,53.6,0.0,0.0,0.0
2026-04-11 06:26:15,29.1,56.3,61.6,53.6,0.0,0.0,0.0
2026-04-11 06:26:20,29.2,56.3,71.3,53.6,0.0,0.0,0.0
2026-04-11 06:26:25,29.1,56.2,58.5,53.6,0.0,0.0,0.0
2026-04-11 06:26:30,29.0,56.1,69.2,53.6,0.0,0.0,0.0
2026-04-11 06:26:35,29.1,56.2,54.1,53.6,0.0,0.0,0.0
2026-04-11 06:26:40,29.2,56.1,59.3,53.6,0.0,0.0,0.0
2026-04-11 06:26:45,29.1,56.1,70.9,53.6,0.0,0.0,0.0
2026-04-11 06:26:50,29.2,56.1,72.0,53.6,0.0,0.0,0.0
2026-04-11 06:26:55,29.1,56.0,75.5,53.6,0.0,0.0,0.0
2026-04-11 06:27:00,29.1,56.1,87.1,53.7,0.0,0.0,0.0
2026-04-11 06:27:05,29.0,56.0,61.8,53.7,0.0,0.0,0.0
2026-04-11 06:27:10,29.2,56.0,66.4,53.6,0.0,0.0,0.0
2026-04-11 06:27:15,29.2,56.0,75.6,53.6,0.0,0.0,0.0
2026-04-11 06:27:20,29.2,56.0,51.8,53.6,0.0,0.0,0.0
2026-04-11 06:27:25,29.2,56.0,64.1,53.6,0.0,0.0,0.0
2026-04-11 06:27:30,29.1,55.9,59.6,53.6,0.0,0.0,0.0
2026-04-11 06:27:35,29.1,56.0,70.1,53.6,0.0,0.0,0.0
2026-04-11 06:27:40,29.1,56.0,62.7,53.6,0.0,0.0,0.0
2026-04-11 06:27:45,29.3,55.9,68.4,53.6,0.0,0.0,0.0
2026-04-11 06:27:50,29.3,55.9,68.6,53.6,0.0,0.0,0.0
2026-04-11 06:27:55,29.1,55.8,58.8,53.6,0.0,0.0,0.0
2026-04-11 06:28:00,29.2,55.9,81.6,53.6,0.0,0.0,0.0
2026-04-11 06:28:05,29.1,55.9,90.5,53.6,0.0,0.0,0.0
2026-04-11 06:28:10,29.2,55.9,75.9,53.6,0.0,0.0,0.0
2026-04-11 06:28:15,29.1,56.0,58.9,53.6,0.0,0.0,0.0
2026-04-11 06:28:20,29.1,56.0,82.9,53.6,0.0,0.0,0.0
2026-04-11 06:28:25,29.1,56.0,73.4,53.6,0.0,0.0,0.0
2026-04-11 06:28:30,29.1,55.9,63.2,53.6,0.0,0.0,0.0
2026-04-11 06:28:35,29.2,56.0,75.7,53.6,0.0,0.0,0.0
2026-04-11 06:28:40,29.2,55.9,56.0,53.6,0.0,0.0,0.0
2026-04-11 06:28:45,29.3,56.0,86.0,53.6,0.0,0.0,0.0
2026-04-11 06:28:50,29.1,56.0,54.1,53.6,0.0,0.0,0.0
2026-04-11 06:28:55,29.1,55.9,84.2,53.6,0.0,0.0,0.0
2026-04-11 06:29:00,29.3,56.0,64.4,53.6,0.0,0.0,0.0
2026-04-11 06:29:05,29.1,56.1,53.7,53.6,0.0,0.0,0.0
2026-04-11 06:29:10,29.2,56.1,80.2,53.6,0.0,0.0,0.0
2026-04-11 06:29:15,29.1,56.0,72.2,53.6,0.0,0.0,0.0
2026-04-11 06:29:20,29.1,56.1,76.9,53.6,0.0,0.0,0.0
2026-04-11 06:29:25,29.0,56.1,73.1,53.6,0.0,0.0,0.0
2026-04-11 06:29:30,29.0,56.0,91.7,53.6,0.0,0.0,0.0
2026-04-11 06:29:35,29.1,56.0,74.7,53.6,0.0,0.0,0.0
2026-04-11 06:29:40,29.1,55.9,76.4,53.6,0.0,0.0,0.0
2026-04-11 06:29:45,29.2,55.8,58.4,53.6,0.0,0.0,0.0
2026-04-11 06:29:50,29.1,55.9,63.4,53.6,0.0,0.0,0.0
2026-04-11 06:29:55,29.2,55.8,80.6,53.6,0.0,0.0,0.0
2026-04-11 06:30:00,29.3,55.7,72.3,53.6,0.0,0.0,0.0
2026-04-11 06:30:05,29.2,55.7,85.8,53.6,0.0,0.0,0.0
2026-04-11 06:30:10,29.1,55.9,63.7,53.6,0.0,0.0,0.0
2026-04-11 06:30:15,29.2,55.9,83.8,53.6,0.0,0.0,0.0
2026-04-11 06:30:20,29.0,55.9,61.0,53.6,0.0,0.0,0.0
2026-04-11 06:30:25,29.2,55.8,84.7,53.6,0.0,0.0,0.0
2026-04-11 06:30:30,29.2,55.8,76.0,53.6,0.0,0.0,0.0
2026-04-11 06:30:35,29.1,55.9,65.5,53.6,0.0,0.0,0.0
2026-04-11 06:30:40,29.3,55.9,77.7,53.6,0.0,0.0,0.0
2026-04-11 06:30:45,29.2,55.9,70.1,53.6,0.0,0.0,0.0
2026-04-11 06:30:50,29.2,55.9,69.7,53.6,0.0,0.0,0.0
2026-04-11 06:30:55,29.2,55.8,86.0,53.6,0.0,0.0,0.0
2026-04-11 06:31:00,29.1,55.7,82.1,53.6,0.0,0.0,0.0
2026-04-11 06:31:05,29.3,55.7,70.1,53.6,0.0,0.0,0.0
2026-04-11 06:31:10,29.3,55.7,77.1,53.6,0.0,0.0,0.0
2026-04-11 06:31:15,29.1,55.7,82.0,53.6,0.0,0.0,0.0
2026-04-11 06:31:20,29.1,55.8,81.3,53.6,0.0,0.0,0.0
2026-04-11 06:31:25,29.1,55.9,70.9,53.6,0.0,0.0,0.0
2026-04-11 06:31:30,29.1,55.8,78.2,53.6,0.0,0.0,0.0
2026-04-11 06:31:35,29.3,55.7,67.5,53.6,0.0,0.0,0.0
2026-04-11 06:31:40,29.3,55.8,97.5,53.6,0.0,0.0,0.0
2026-04-11 06:31:45,29.1,55.7,72.8,53.6,0.0,0.0,0.0
2026-04-11 06:31:50,29.3,55.6,79.2,53.6,0.0,0.0,0.0
2026-04-11 06:31:55,29.2,55.6,79.1,53.6,0.0,0.0,0.0
2026-04-11 06:32:00,29.3,55.6,72.5,53.6,0.0,0.0,0.0
2026-04-11 06:32:05,29.1,55.6,76.1,53.6,0.0,0.0,0.0
2026-04-11 06:32:10,29.2,55.8,62.1,53.6,0.0,0.0,0.0
2026-04-11 06:32:15,29.2,55.7,72.2,53.6,0.0,0.0,0.0
2026-04-11 06:32:20,29.2,55.7,87.3,53.6,0.0,0.0,0.0
2026-04-11 06:32:25,29.2,55.6,96.1,53.6,0.0,0.0,0.0
2026-04-11 06:32:30,29.3,55.6,78.7,53.6,0.0,0.0,0.0
2026-04-11 06:32:35,29.2,55.8,93.1,53.6,0.0,0.0,0.0
2026-04-11 06:32:40,29.2,55.7,82.6,53.6,0.0,0.0,0.0
2026-04-11 06:32:45,29.2,55.8,96.8,53.6,0.0,0.0,0.0
2026-04-11 06:32:50,29.2,55.6,81.6,53.6,0.0,0.0,0.0
2026-04-11 06:32:55,29.1,55.6,94.4,53.6,0.0,0.0,0.0
2026-04-11 06:33:00,29.1,55.5,99.2,53.6,0.0,0.0,0.0
2026-04-11 06:33:05,29.2,55.6,108.9,53.7,0.0,0.0,0.0
2026-04-11 06:33:10,29.2,55.5,101.9,53.7,0.0,0.0,0.0
2026-04-11 06:33:15,29.4,55.4,84.8,53.6,0.0,0.0,0.0
2026-04-11 06:33:20,29.3,55.4,71.3,53.6,0.0,0.0,0.0
2026-04-11 06:33:25,29.2,55.5,71.3,53.6,0.0,0.0,0.0
2026-04-11 06:33:30,29.1,55.6,70.1,53.6,0.0,0.0,0.0
2026-04-11 06:33:35,29.1,55.6,80.0,53.6,0.0,0.0,0.0
2026-04-11 06:33:40,29.3,55.6,72.3,53.6,0.0,0.0,0.0
2026-04-11 06:33:45,29.2,55.5,86.7,53.6,0.0,0.0,0.0
2026-04-11 06:33:50,29.1,55.5,94.5,53.6,0.0,0.0,0.0
2026-04-11 06:33:55,29.0,55.4,66.8,53.6,0.0,0.0,0.0
2026-04-11 06:34:00,29.2,55.4,83.4,53.6,0.0,0.0,0.0
2026-04-11 06:34:05,29.0,55.4,77.4,53.6,0.0,0.0,0.0
2026-04-11 06:34:10,29.2,55.4,73.2,53.6,0.0,0.0,0.0
2026-04-11 06:34:15,29.2,55.4,81.5,53.6,0.0,0.0,0.0
2026-04-11 06:34:20,29.1,55.2,78.5,53.6,0.0,0.0,0.0
2026-04-11 06:34:25,29.3,55.3,80.5,53.6,0.0,0.0,0.0
2026-04-11 06:34:30,29.2,55.2,83.0,53.6,0.0,0.0,0.0
2026-04-11 06:34:35,29.2,55.3,73.4,53.6,0.0,0.0,0.0
2026-04-11 06:34:40,29.3,55.3,95.9,53.6,0.0,0.0,0.0
2026-04-11 06:34:45,29.1,55.1,81.6,53.6,0.0,0.0,0.0
2026-04-11 06:34:50,29.2,55.0,77.8,53.6,0.0,0.0,0.0
2026-04-11 06:34:55,29.2,55.0,88.2,53.6,0.0,0.0,0.0
2026-04-11 06:35:00,29.2,54.8,109.1,53.6,0.0,0.0,0.0
2026-04-11 06:35:05,29.2,54.6,100.2,53.6,0.0,0.0,0.0
2026-04-11 06:35:10,29.3,54.6,101.7,53.6,0.0,0.0,0.0
2026-04-11 06:35:15,29.1,54.7,88.9,53.6,0.0,0.0,0.0
2026-04-11 06:35:20,29.3,54.6,99.1,53.6,0.0,0.0,0.0
2026-04-11 06:35:25,29.3,54.6,98.9,53.6,0.0,0.0,0.0
2026-04-11 06:35:30,29.2,54.7,82.5,53.6,0.0,0.0,0.0
2026-04-11 06:35:35,29.2,54.7,78.4,53.6,0.0,0.0,0.0
2026-04-11 06:35:40,29.1,54.7,87.1,53.6,0.0,0.0,0.0
2026-04-11 06:35:45,29.1,54.8,67.5,53.6,0.0,0.0,0.0
2026-04-11 06:35:50,29.2,54.8,107.5,53.6,0.0,0.0,0.0
2026-04-11 06:35:55,29.1,54.8,91.6,53.5,0.0,0.0,0.0
2026-04-11 06:36:00,29.2,54.9,83.1,53.5,0.0,0.0,0.0
2026-04-11 06:36:05,29.1,54.8,79.8,53.6,0.0,0.0,0.0
2026-04-11 06:36:10,29.2,54.7,71.9,53.6,0.0,0.0,0.0
2026-04-11 06:36:15,29.2,54.8,87.8,53.6,0.0,0.0,0.0
2026-04-11 06:36:20,29.1,54.7,95.3,53.6,0.0,0.0,0.0
2026-04-11 06:36:25,29.1,54.8,106.9,53.6,0.0,0.0,0.0
2026-04-11 06:36:30,29.3,54.8,81.1,53.6,0.0,0.0,0.0
2026-04-11 06:36:35,29.1,54.8,92.6,53.6,0.0,0.0,0.0
2026-04-11 06:36:40,29.2,54.9,109.9,53.6,0.0,0.0,0.0
2026-04-11 06:36:45,29.1,54.9,78.7,53.6,0.0,0.0,0.0
2026-04-11 06:36:50,29.1,55.0,89.1,53.6,0.0,0.0,0.0
2026-04-11 06:36:55,29.3,54.9,96.4,53.6,0.0,0.0,0.0
2026-04-11 06:37:00,29.3,55.2,90.6,53.6,0.0,0.0,0.0
2026-04-11 06:37:05,29.1,55.2,101.9,53.6,0.0,0.0,0.0
2026-04-11 06:37:10,29.3,55.1,87.4,53.6,0.0,0.0,0.0
2026-04-11 06:37:15,29.1,55.1,97.4,53.6,0.0,0.0,0.0
2026-04-11 06:37:20,29.1,55.1,104.3,53.6,0.0,0.0,0.0
2026-04-11 06:37:25,29.2,55.0,79.6,53.6,0.0,0.0,0.0
2026-04-11 06:37:30,29.2,54.9,113.3,53.6,0.0,0.0,0.0
2026-04-11 06:37:35,29.2,54.9,92.6,53.6,0.0,0.0,0.0
2026-04-11 06:37:40,29.1,54.9,74.6,53.6,0.0,0.0,0.0
2026-04-11 06:37:45,29.2,55.0,97.4,53.6,0.0,0.0,0.0
2026-04-11 06:37:50,29.3,54.8,89.4,53.6,0.0,0.0,0.0
2026-04-11 06:37:55,29.1,54.8,91.0,53.6,0.0,0.0,0.0
2026-04-11 06:38:00,29.3,54.6,98.4,53.5,0.0,0.0,0.0
2026-04-11 06:38:05,29.2,54.7,95.8,53.5,0.0,0.0,0.0
2026-04-11 06:38:10,29.3,54.8,113.1,53.6,0.0,0.0,0.0
2026-04-11 06:38:15,29.3,54.5,103.5,53.6,0.0,0.0,0.0
2026-04-11 06:38:20,29.2,54.6,94.2,53.6,0.0,0.0,0.0
2026-04-11 06:38:25,29.2,54.6,102.6,53.6,0.0,0.0,0.0
2026-04-11 06:38:30,29.2,54.6,86.2,53.6,0.0,0.0,0.0
2026-04-11 06:38:35,29.0,54.6,75.1,53.6,0.0,0.0,0.0
2026-04-11 06:38:40,29.3,54.6,88.7,53.5,0.0,0.0,0.0
2026-04-11 06:38:45,29.3,54.6,124.0,53.5,0.0,0.0,0.0
2026-04-11 06:38:50,29.3,54.6,107.0,53.5,0.0,0.0,0.0
2026-04-11 06:38:55,29.3,54.6,116.5,53.5,0.0,0.0,0.0
2026-04-11 06:39:00,29.3,54.7,92.7,53.5,0.0,0.0,0.0
2026-04-11 06:39:05,29.3,54.8,96.2,53.5,0.0,0.0,0.0
2026-04-11 06:39:10,29.2,54.8,108.2,53.5,0.0,0.0,0.0
2026-04-11 06:39:15,29.2,54.8,112.3,53.6,0.0,0.0,0.0
2026-04-11 06:39:20,29.3,54.8,91.6,53.6,0.0,0.0,0.0
2026-04-11 06:39:25,29.2,54.9,106.9,53.6,0.0,0.0,0.0
2026-04-11 06:39:30,29.2,54.8,103.9,53.6,0.0,0.0,0.0
2026-04-11 06:39:35,29.3,54.7,114.1,53.6,0.0,0.0,0.0
2026-04-11 06:39:40,29.4,54.7,92.6,53.6,0.0,0.0,0.0
2026-04-11 06:39:45,29.2,54.8,84.8,53.6,0.0,0.0,0.0
2026-04-11 06:39:50,29.4,54.6,81.1,53.6,0.0,0.0,0.0
2026-04-11 06:39:55,29.2,54.7,106.6,53.6,0.0,0.0,0.0
2026-04-11 06:40:00,29.3,54.7,103.6,53.6,0.0,0.0,0.0
2026-04-11 06:40:05,29.2,54.7,85.2,53.6,0.0,0.0,0.0
2026-04-11 06:40:10,29.2,54.7,103.7,53.6,0.0,0.0,0.0
2026-04-11 06:40:15,29.2,54.6,99.3,53.6,0.0,0.0,0.0
2026-04-11 06:40:20,29.3,54.5,90.9,53.6,0.0,0.0,0.0
2026-04-11 06:40:25,29.3,54.5,90.7,53.6,0.0,0.0,0.0
2026-04-11 06:40:30,29.3,54.5,74.1,53.5,0.0,0.0,0.0
2026-04-11 06:40:35,29.2,54.4,106.1,53.5,0.0,0.0,0.0
2026-04-11 06:40:40,29.2,54.5,97.0,53.5,0.0,0.0,0.0
2026-04-11 06:40:45,29.3,54.4,113.4,53.5,0.0,0.0,0.0
2026-04-11 06:40:50,29.2,54.4,103.9,53.5,0.0,0.0,0.0
2026-04-11 06:40:55,29.2,54.4,94.9,53.5,0.0,0.0,0.0
2026-04-11 06:41:00,29.2,54.4,101.7,53.5,0.0,0.0,0.0
2026-04-11 06:41:05,29.3,54.4,102.4,53.6,0.0,0.0,0.0
2026-04-11 06:41:10,29.2,54.3,98.1,53.6,0.0,0.0,0.0
2026-04-11 06:41:15,29.2,54.3,80.1,53.6,0.0,0.0,0.0
2026-04-11 06:41:20,29.3,54.2,93.7,53.6,0.0,0.0,0.0
2026-04-11 06:41:25,29.3,54.2,101.9,53.6,0.0,0.0,0.0
2026-04-11 06:41:30,29.3,54.2,102.2,53.6,0.0,0.0,0.0
2026-04-11 06:41:35,29.3,54.3,111.7,53.6,0.0,0.0,0.0
2026-04-11 06:41:40,29.3,54.3,117.5,53.6,0.0,0.0,0.0
2026-04-11 06:41:45,29.3,54.3,110.9,53.6,0.0,0.0,0.0
2026-04-11 06:41:50,29.1,54.1,98.0,53.6,0.0,0.0,0.0
2026-04-11 06:41:55,29.3,54.2,107.9,53.6,0.0,0.0,0.0
2026-04-11 06:42:00,29.3,54.3,114.0,53.6,0.0,0.0,0.0
2026-04-11 06:42:05,29.2,54.2,101.1,53.6,0.0,0.0,0.0
2026-04-11 06:42:10,29.4,54.3,72.4,53.6,0.0,0.0,0.0
2026-04-11 06:42:15,29.3,54.1,87.7,53.6,0.0,0.0,0.0
2026-04-11 06:42:20,29.3,54.1,113.1,53.5,0.0,0.0,0.0
2026-04-11 06:42:25,29.4,54.2,110.5,53.5,0.0,0.0,0.0
2026-04-11 06:42:30,29.2,54.2,97.0,53.6,0.0,0.0,0.0
2026-04-11 06:42:35,29.2,54.4,102.0,53.6,0.0,0.0,0.0
2026-04-11 06:42:40,29.2,54.4,92.0,53.6,0.0,0.0,0.0
2026-04-11 06:42:45,29.2,54.4,110.0,53.6,0.0,0.0,0.0
2026-04-11 06:42:50,29.1,54.3,118.6,53.6,0.0,0.0,0.0
2026-04-11 06:42:55,29.3,54.4,102.6,53.5,0.0,0.0,0.0
2026-04-11 06:43:00,29.2,54.4,102.6,53.5,0.0,0.0,0.0
2026-04-11 06:43:05,29.3,54.3,121.0,53.5,0.0,0.0,0.0
2026-04-11 06:43:10,29.2,54.4,111.7,53.6,0.0,0.0,0.0
2026-04-11 06:43:15,29.3,54.3,105.3,53.6,0.0,0.0,0.0
2026-04-11 06:43:20,29.4,54.4,117.4,53.6,0.0,0.0,0.0
2026-04-11 06:43:25,29.3,54.3,98.1,53.6,0.0,0.0,0.0
2026-04-11 06:43:30,29.4,54.4,101.8,53.6,0.0,0.0,0.0
2026-04-11 06:43:35,29.3,54.4,100.0,53.6,0.0,0.0,0.0
2026-04-11 06:43:40,29.2,54.4,89.1,53.6,0.0,0.0,0.0
2026-04-11 06:43:45,29.3,54.4,111.6,53.6,0.0,0.0,0.0
2026-04-11 06:43:50,29.2,54.4,118.3,53.6,0.0,0.0,0.0
2026-04-11 06:43:55,29.3,54.3,109.3,53.5,0.0,0.0,0.0
2026-04-11 06:44:00,29.2,54.3,101.2,53.5,0.0,0.0,0.0
2026-04-11 06:44:05,29.3,54.3,98.0,53.6,0.0,0.0,0.0
2026-04-11 06:44:10,29.2,54.4,95.6,53.6,0.0,0.0,0.0
2026-04-11 06:44:15,29.3,54.3,112.1,53.6,0.0,0.0,0.0
2026-04-11 06:44:20,29.2,54.3,115.1,53.6,0.0,0.0,0.0
2026-04-11 06:44:25,29.1,54.3,108.4,53.6,0.0,0.0,0.0
2026-04-11 06:44:30,29.2,54.2,84.4,53.6,0.0,0.0,0.0
2026-04-11 06:44:35,29.2,54.3,107.7,53.6,0.0,0.0,0.0
2026-04-11 06:44:40,29.2,54.2,113.1,53.6,0.0,0.0,0.0
2026-04-11 06:44:45,29.2,54.2,101.8,53.6,0.0,0.0,0.0
2026-04-11 06:44:50,29.3,54.1,112.7,53.6,0.0,0.0,0.0
2026-04-11 06:44:55,29.3,54.2,113.2,53.6,0.0,0.0,0.0
2026-04-11 06:45:00,29.2,54.1,118.9,53.6,0.0,0.0,0.0
2026-04-11 06:45:05,29.3,54.2,89.8,53.6,0.0,0.0,0.0
2026-04-11 06:45:10,29.3,54.1,125.9,53.6,0.0,0.0,0.0
2026-04-11 06:45:15,29.3,54.1,101.9,53.6,0.0,0.0,0.0
2026-04-11 06:45:20,29.3,54.0,111.5,53.5,0.0,0.0,0.0
2026-04-11 06:45:25,29.4,53.9,117.9,53.5,0.0,0.0,0.0
2026-04-11 06:45:30,29.4,54.0,112.7,53.5,0.0,0.0,0.0
2026-04-11 06:45:35,29.3,54.0,117.9,53.5,0.0,0.0,0.0
2026-04-11 06:45:40,29.4,54.0,122.1,53.5,0.0,0.0,0.0
2026-04-11 06:45:45,29.3,54.0,103.7,53.5,0.0,0.0,0.0
2026-04-11 06:45:50,29.3,53.8,120.1,53.6,0.0,0.0,0.0
2026-04-11 06:45:55,29.4,53.7,113.4,53.6,0.0,0.0,0.0
2026-04-11 06:46:00,29.3,53.6,124.8,53.6,0.0,0.0,0.0
2026-04-11 06:46:05,29.4,53.6,105.5,53.6,0.0,0.0,0.0
2026-04-11 06:46:10,29.3,53.6,92.3,53.6,0.0,0.0,0.0
2026-04-11 06:46:15,29.3,53.7,118.3,53.6,0.0,0.0,0.0
2026-04-11 06:46:20,29.3,53.7,109.9,53.6,0.0,0.0,0.0
2026-04-11 06:46:25,29.3,53.5,128.1,53.5,0.0,0.0,0.0
2026-04-11 06:46:30,29.3,53.6,118.5,53.5,0.0,0.0,0.0
2026-04-11 06:46:35,29.4,53.7,116.8,53.5,0.0,0.0,0.0
2026-04-11 06:46:40,29.4,53.6,121.0,53.5,0.0,0.0,0.0
2026-04-11 06:46:45,29.4,53.6,127.5,53.6,0.0,0.0,0.0
2026-04-11 06:46:50,29.3,53.4,121.3,53.6,0.0,0.0,0.0
2026-04-11 06:46:55,29.2,53.3,108.2,53.6,0.0,0.0,0.0
2026-04-11 06:47:00,29.4,53.4,117.1,53.6,0.0,0.0,0.0
2026-04-11 06:47:05,29.3,53.3,98.5,53.6,0.0,0.0,0.0
2026-04-11 06:47:10,29.2,53.2,114.8,53.6,0.0,0.0,0.0
2026-04-11 06:47:15,29.4,53.1,122.0,53.6,0.0,0.0,0.0
2026-04-11 06:47:20,29.3,53.0,113.0,53.6,0.0,0.0,0.0
2026-04-11 06:47:25,29.4,53.1,116.9,53.6,0.0,0.0,0.0
2026-04-11 06:47:30,29.4,53.1,114.3,53.6,0.0,0.0,0.0
2026-04-11 06:47:35,29.4,53.2,112.1,53.6,0.0,0.0,0.0
2026-04-11 06:47:40,29.4,53.2,127.7,53.6,0.0,0.0,0.0
2026-04-11 06:47:45,29.5,53.2,121.2,53.5,0.0,0.0,0.0
2026-04-11 06:47:50,29.4,53.2,108.9,53.5,0.0,0.0,0.0
2026-04-11 06:47:55,29.5,53.1,130.1,53.5,0.0,0.0,0.0
2026-04-11 06:48:00,29.4,53.1,113.0,53.6,0.0,0.0,0.0
2026-04-11 06:48:05,29.4,53.1,111.0,53.6,0.0,0.0,0.0
2026-04-11 06:48:10,29.3,53.2,104.7,53.6,0.0,0.0,0.0
2026-04-11 06:48:15,29.3,53.2,121.9,53.6,0.0,0.0,0.0
2026-04-11 06:48:20,29.4,53.2,115.4,53.6,0.0,0.0,0.0
2026-04-11 06:48:25,29.4,53.4,105.2,53.6,0.0,0.0,0.0
2026-04-11 06:48:30,29.4,53.5,127.3,53.6,0.0,0.0,0.0
2026-04-11 06:48:35,29.4,53.6,116.6,53.6,0.0,0.0,0.0
2026-04-11 06:48:40,29.4,53.6,117.3,53.6,0.0,0.0,0.0
2026-04-11 06:48:45,29.4,53.5,129.8,53.6,0.0,0.0,0.0
2026-04-11 06:48:50,29.5,53.6,117.0,53.6,0.0,0.0,0.0
2026-04-11 06:48:55,29.5,53.6,121.6,53.6,0.0,0.0,0.0
2026-04-11 06:49:00,29.4,53.5,141.1,53.5,0.0,0.0,0.0
2026-04-11 06:49:05,29.2,53.4,122.6,53.5,0.0,0.0,0.0
2026-04-11 06:49:10,29.5,53.4,123.4,53.6,0.0,0.0,0.0
2026-04-11 06:49:15,29.5,53.3,113.1,53.6,0.0,0.0,0.0
2026-04-11 06:49:20,29.6,53.3,112.5,53.6,0.0,0.0,0.0
2026-04-11 06:49:25,29.4,53.4,126.5,53.6,0.0,0.0,0.0
2026-04-11 06:49:30,29.6,53.4,148.0,53.5,0.0,0.0,0.0
2026-04-11 06:49:35,29.3,53.5,102.6,53.5,0.0,0.0,0.0
2026-04-11 06:49:40,29.4,53.3,114.5,53.6,0.0,0.0,0.0
2026-04-11 06:49:45,29.3,53.2,101.6,53.6,0.0,0.0,0.0
2026-04-11 06:49:50,29.5,53.2,126.9,53.6,0.0,0.0,0.0
2026-04-11 06:49:55,29.4,53.2,122.2,53.6,0.0,0.0,0.0
2026-04-11 06:50:00,29.4,53.2,119.0,53.6,0.0,0.0,0.0
2026-04-11 06:50:05,29.5,53.3,121.4,53.6,0.0,0.0,0.0
2026-04-11 06:50:10,29.5,53.3,132.4,53.6,0.0,0.0,0.0
2026-04-11 06:50:15,29.6,53.4,135.4,53.6,0.0,0.0,0.0
2026-04-11 06:50:20,29.4,53.3,122.7,53.6,0.0,0.0,0.0
2026-04-11 06:50:25,29.4,53.5,130.8,53.6,0.0,0.0,0.0
2026-04-11 06:50:30,29.5,53.4,116.1,53.6,0.0,0.0,0.0
2026-04-11 06:50:35,29.5,53.5,128.8,53.6,0.0,0.0,0.0
2026-04-11 06:50:40,29.4,53.5,116.8,53.6,0.0,0.0,0.0
2026-04-11 06:50:45,29.6,53.4,138.2,53.6,0.0,0.0,0.0
2026-04-11 06:50:50,29.5,53.4,133.1,53.6,0.0,0.0,0.0
2026-04-11 06:50:55,29.5,53.5,127.9,53.6,0.0,0.0,0.0
2026-04-11 06:51:00,29.5,53.5,126.1,53.6,0.0,0.0,0.0
2026-04-11 06:51:05,29.5,53.4,114.6,53.6,0.0,0.0,0.0
2026-04-11 06:51:10,29.5,53.4,120.6,53.6,0.0,0.0,0.0
2026-04-11 06:51:15,29.5,53.4,127.7,53.6,0.0,0.0,0.0
2026-04-11 06:51:20,29.4,53.2,146.7,53.6,0.0,0.0,0.0
2026-04-11 06:51:25,29.5,53.2,124.8,53.6,0.0,0.0,0.0
2026-04-11 06:51:30,29.5,53.2,129.2,53.6,0.0,0.0,0.0
2026-04-11 06:51:35,29.5,53.1,143.1,53.6,0.0,0.0,0.0
2026-04-11 06:51:40,29.5,53.1,130.5,53.6,0.0,0.0,0.0
2026-04-11 06:51:45,29.5,53.0,115.7,53.6,0.0,0.0,0.0
2026-04-11 06:51:50,29.5,53.0,115.9,53.6,0.0,0.0,0.0
2026-04-11 06:51:55,29.5,52.9,145.5,53.6,0.0,0.0,0.0
2026-04-11 06:52:00,29.4,52.9,120.0,53.6,0.0,0.0,0.0
2026-04-11 06:52:05,29.5,53.0,117.2,53.6,0.0,0.0,0.0
2026-04-11 06:52:10,29.6,52.9,144.4,53.6,0.0,0.0,0.0
2026-04-11 06:52:15,29.5,53.0,139.1,53.6,0.0,0.0,0.0
2026-04-11 06:52:20,29.4,52.9,131.4,53.6,0.0,0.0,0.0
2026-04-11 06:52:25,29.5,52.9,132.7,53.6,0.0,0.0,0.0
2026-04-11 06:52:30,29.3,52.9,142.9,53.6,0.0,0.0,0.0
2026-04-11 06:52:35,29.6,52.9,135.9,53.6,0.0,0.0,0.0
2026-04-11 06:52:40,29.4,52.9,115.3,53.6,0.0,0.0,0.0
2026-04-11 06:52:45,29.5,52.9,149.8,53.6,0.0,0.0,0.0
2026-04-11 06:52:50,29.5,52.9,149.6,53.5,0.0,0.0,0.0
2026-04-11 06:52:55,29.4,53.0,133.1,53.5,0.0,0.0,0.0
2026-04-11 06:53:00,29.5,52.9,127.5,53.6,0.0,0.0,0.0
2026-04-11 06:53:05,29.5,52.9,148.8,53.6,0.0,0.0,0.0
2026-04-11 06:53:10,29.5,52.9,148.1,53.6,0.0,0.0,0.0
2026-04-11 06:53:15,29.4,52.8,149.6,53.6,0.0,0.0,0.0
2026-04-11 06:53:20,29.4,52.9,117.1,53.6,0.0,0.0,0.0
2026-04-11 06:53:25,29.6,52.9,135.5,53.5,0.0,0.0,0.0
2026-04-11 06:53:30,29.4,52.8,107.7,53.5,0.0,0.0,0.0
2026-04-11 06:53:35,29.4,52.6,135.4,53.6,0.0,0.0,0.0
2026-04-11 06:53:40,29.6,52.5,130.2,53.6,0.0,0.0,0.0
2026-04-11 06:53:45,29.5,52.5,145.6,53.6,0.0,0.0,0.0
2026-04-11 06:53:50,29.5,52.5,133.8,53.6,0.0,0.0,0.0
2026-04-11 06:53:55,29.4,52.5,140.2,53.6,0.0,0.0,0.0
2026-04-11 06:54:00,29.6,52.5,131.4,53.6,0.0,0.0,0.0
2026-04-11 06:54:05,29.5,52.5,133.4,53.6,0.0,0.0,0.0
2026-04-11 06:54:10,29.5,52.6,125.4,53.6,0.0,0.0,0.0
2026-04-11 06:54:15,29.4,52.5,133.2,53.6,0.0,0.0,0.0
2026-04-11 06:54:20,29.5,52.4,128.4,53.6,0.0,0.0,0.0
2026-04-11 06:54:25,29.4,52.4,145.9,53.6,0.0,0.0,0.0
2026-04-11 06:54:30,29.4,52.4,129.9,53.6,0.0,0.0,0.0
2026-04-11 06:54:35,29.5,52.5,145.8,53.6,0.0,0.0,0.0
2026-04-11 06:54:40,29.4,52.4,135.7,53.6,0.0,0.0,0.0
2026-04-11 06:54:45,29.5,52.6,138.3,53.6,0.0,0.0,0.0
2026-04-11 06:54:50,29.4,52.6,136.6,53.5,0.0,0.0,0.0
2026-04-11 06:54:55,29.5,52.6,155.7,53.5,0.0,0.0,0.0
2026-04-11 06:55:00,29.6,52.5,120.1,53.5,0.0,0.0,0.0
2026-04-11 06:55:05,29.4,52.4,154.7,53.6,0.0,0.0,0.0
2026-04-11 06:55:10,29.5,52.3,138.7,53.6,0.0,0.0,0.0
2026-04-11 06:55:15,29.4,52.4,137.5,53.6,0.0,0.0,0.0
2026-04-11 06:55:20,29.3,52.4,141.7,53.6,0.0,0.0,0.0
2026-04-11 06:55:25,29.5,52.4,144.0,53.6,0.0,0.0,0.0
2026-04-11 06:55:30,29.4,52.4,133.5,53.6,0.0,0.0,0.0
2026-04-11 06:55:35,29.5,52.6,132.5,53.6,0.0,0.0,0.0
2026-04-11 06:55:40,29.6,52.8,146.2,53.6,0.0,0.0,0.0
2026-04-11 06:55:45,29.4,52.8,148.1,53.6,0.0,0.0,0.0
2026-04-11 06:55:50,29.4,52.7,141.1,53.6,0.0,0.0,0.0
2026-04-11 06:55:55,29.5,52.7,139.0,53.6,0.0,0.0,0.0
2026-04-11 06:56:00,29.3,52.7,149.4,53.6,0.0,0.0,0.0
2026-04-11 06:56:05,29.3,52.8,127.7,53.6,0.0,0.0,0.0
2026-04-11 06:56:10,29.5,52.9,116.3,53.6,0.0,0.0,0.0
2026-04-11 06:56:15,29.4,52.9,145.4,53.5,0.0,0.0,0.0
2026-04-11 06:56:20,29.5,52.7,138.2,53.5,0.0,0.0,0.0
2026-04-11 06:56:25,29.3,52.6,118.1,53.5,0.0,0.0,0.0
2026-04-11 06:56:30,29.3,52.8,136.2,53.5,0.0,0.0,0.0
2026-04-11 06:56:35,29.7,52.8,134.9,53.5,0.0,0.0,0.0
2026-04-11 06:56:40,29.5,52.8,142.3,53.5,0.0,0.0,0.0
2026-04-11 06:56:45,29.5,52.7,149.1,53.5,0.0,0.0,0.0
2026-04-11 06:56:50,29.5,52.6,137.9,53.5,0.0,0.0,0.0
2026-04-11 06:56:55,29.5,52.6,143.5,53.5,0.0,0.0,0.0
2026-04-11 06:57:00,29.5,52.5,153.8,53.5,0.0,0.0,0.0
2026-04-11 06:57:05,29.6,52.6,156.3,53.5,0.0,0.0,0.0
2026-04-11 06:57:10,29.3,52.6,154.6,53.5,0.0,0.0,0.0
2026-04-11 06:57:15,29.6,52.6,159.9,53.5,0.0,0.0,0.0
2026-04-11 06:57:20,29.6,52.7,163.1,53.5,0.0,0.0,0.0
2026-04-11 06:57:25,29.5,52.7,135.6,53.5,0.0,0.0,0.0
2026-04-11 06:57:30,29.5,52.7,160.7,53.5,0.0,0.0,0.0
2026-04-11 06:57:35,29.5,52.7,164.7,53.5,0.0,0.0,0.0
2026-04-11 06:57:40,29.5,52.6,137.6,53.5,0.0,0.0,0.0
2026-04-11 06:57:45,29.5,52.5,142.4,53.5,0.0,0.0,0.0
2026-04-11 06:57:50,29.6,52.6,137.1,53.5,0.0,0.0,0.0
2026-04-11 06:57:55,29.5,52.7,138.1,53.5,0.0,0.0,0.0
2026-04-11 06:58:00,29.5,52.7,150.7,53.5,0.0,0.0,0.0
2026-04-11 06:58:05,29.4,52.7,138.4,53.5,0.0,0.0,0.0
2026-04-11 06:58:10,29.4,52.8,139.8,53.5,0.0,0.0,0.0
2026-04-11 06:58:15,29.6,52.6,144.2,53.5,0.0,0.0,0.0
2026-04-11 06:58:20,29.4,52.7,149.7,53.5,0.0,0.0,0.0
2026-04-11 06:58:25,29.6,52.7,154.8,53.5,0.0,0.0,0.0
2026-04-11 06:58:30,29.6,52.7,153.8,53.5,0.0,0.0,0.0
2026-04-11 06:58:35,29.4,52.7,129.4,53.5,0.0,0.0,0.0
2026-04-11 06:58:40,29.6,52.6,158.7,53.5,0.0,0.0,0.0
2026-04-11 06:58:45,29.7,52.5,143.0,53.5,0.0,0.0,0.0
2026-04-11 06:58:50,29.6,52.5,142.8,53.5,0.0,0.0,0.0
2026-04-11 06:58:55,29.6,52.4,153.1,53.5,0.0,0.0,0.0
2026-04-11 06:59:00,29.5,52.5,137.9,53.5,0.0,0.0,0.0
2026-04-11 06:59:05,29.6,52.5,154.5,53.5,0.0,0.0,0.0
2026-04-11 06:59:10,29.6,52.5,142.7,53.5,0.0,0.0,0.0
2026-04-11 06:59:15,29.6,52.4,149.6,53.5,0.0,0.0,0.0
2026-04-11 06:59:20,29.5,52.3,152.1,53.5,0.0,0.0,0.0
2026-04-11 06:59:25,29.5,52.4,147.0,53.5,0.0,0.0,0.0
2026-04-11 06:59:30,29.5,52.5,159.8,53.5,0.0,0.0,0.0
2026-04-11 06:59:35,29.5,52.5,162.6,53.5,0.0,1.0,0.0
2026-04-11 06:59:40,29.6,55.1,147.5,53.5,0.0,1.0,0.0
2026-04-11 06:59:45,29.5,57.3,156.8,53.5,0.0,1.0,0.0
2026-04-11 06:59:50,29.5,59.3,139.5,53.5,0.0,1.0,0.0
2026-04-11 06:59:55,29.7,61.1,149.8,53.5,0.0,1.0,0.0
