Timestamp,Temperature,Humidity,Light,Soil_Moisture,Drip,Mist,Fan
2026-04-08 17:00:00,30.4,52.7,144.6,54.2,0.0,0.0,0.0
2026-04-08 17:00:05,30.4,52.8,139.8,54.2,0.0,0.0,0.0
2026-04-08 17:00:10,30.4,52.8,137.8,54.2,0.0,0.0,0.0
2026-04-08 17:00:15,30.5,52.9,131.1,54.2,0.0,0.0,0.0
2026-04-08 17:00:20,30.4,52.8,143.9,54.2,0.0,0.0,0.0
2026-04-08 17:00:25,30.5,52.9,148.6,54.2,0.0,0.0,0.0
2026-04-08 17:00:30,30.3,52.9,126.9,54.2,0.0,0.0,0.0
2026-04-08 17:00:35,30.4,52.9,125.7,54.2,0.0,0.0,0.0
2026-04-08 17:00:40,30.4,52.9,129.2,54.2,0.0,0.0,0.0
2026-04-08 17:00:45,30.3,53.0,145.7,54.2,0.0,0.0,0.0
2026-04-08 17:00:50,30.3,53.1,154.2,54.2,0.0,0.0,0.0
2026-04-08 17:00:55,30.4,53.1,137.6,54.2,0.0,0.0,0.0
2026-04-08 17:01:00,30.5,53.0,138.4,54.2,0.0,0.0,0.0
2026-04-08 17:01:05,30.3,52.9,131.7,54.2,0.0,0.0,0.0
2026-04-08 17:01:10,30.4,52.8,137.4,54.2,0.0,0.0,0.0
2026-04-08 17:01:15,30.3,52.8,141.3,54.1,0.0,0.0,0.0
2026-04-08 17:01:20,30.5,52.8,143.0,54.1,0.0,0.0,0.0
2026-04-08 17:01:25,30.4,52.8,124.5,54.1,0.0,0.0,0.0
2026-04-08 17:01:30,30.3,52.8,122.4,54.1,0.0,0.0,0.0
2026-04-08 17:01:35,30.4,52.9,133.9,54.1,0.0,0.0,0.0
2026-04-08 17:01:40,30.4,53.0,129.3,54.1,0.0,0.0,0.0
2026-04-08 17:01:45,30.3,53.1,128.2,54.1,0.0,0.0,0.0
2026-04-08 17:01:50,30.4,53.1,127.5,54.1,0.0,0.0,0.0
2026-04-08 17:01:55,30.4,53.2,126.6,54.1,0.0,0.0,0.0
2026-04-08 17:02:00,30.2,53.2,143.4,54.1,0.0,0.0,0.0
2026-04-08 17:02:05,30.4,53.1,134.4,54.1,0.0,0.0,0.0
2026-04-08 17:02:10,30.4,53.0,137.0,54.1,0.0,0.0,0.0
2026-04-08 17:02:15,30.4,53.0,142.2,54.2,0.0,0.0,0.0
2026-04-08 17:02:20,30.5,53.1,132.8,54.2,0.0,0.0,0.0
2026-04-08 17:02:25,30.5,53.1,133.2,54.2,0.0,0.0,0.0
2026-04-08 17:02:30,30.5,53.1,126.9,54.2,0.0,0.0,0.0
2026-04-08 17:02:35,30.6,53.2,144.6,54.2,0.0,0.0,0.0
2026-04-08 17:02:40,30.4,53.2,119.3,54.2,0.0,0.0,0.0
2026-04-08 17:02:45,30.5,53.2,133.8,54.2,0.0,0.0,0.0
2026-04-08 17:02:50,30.4,53.1,133.8,54.2,0.0,0.0,0.0
2026-04-08 17:02:55,30.6,53.1,116.1,54.1,0.0,0.0,0.0
2026-04-08 17:03:00,30.4,53.2,130.6,54.1,0.0,0.0,0.0
2026-04-08 17:03:05,30.5,53.1,117.7,54.1,0.0,0.0,0.0
2026-04-08 17:03:10,30.4,53.1,133.9,54.1,0.0,0.0,0.0
2026-04-08 17:03:15,30.4,53.2,113.1,54.2,0.0,0.0,0.0
2026-04-08 17:03:20,30.4,53.3,143.2,54.2,0.0,0.0,0.0
2026-04-08 17:03:25,30.4,53.3,129.9,54.2,0.0,0.0,0.0
2026-04-08 17:03:30,30.3,53.1,113.0,54.2,0.0,0.0,0.0
2026-04-08 17:03:35,30.4,53.1,128.9,54.2,0.0,0.0,0.0
2026-04-08 17:03:40,30.5,53.2,136.4,54.1,0.0,0.0,0.0
2026-04-08 17:03:45,30.3,53.3,128.5,54.1,0.0,0.0,0.0
2026-04-08 17:03:50,30.4,53.2,139.7,54.2,0.0,0.0,0.0
2026-04-08 17:03:55,30.4,53.2,123.8,54.2,0.0,0.0,0.0
2026-04-08 17:04:00,30.4,53.2,136.6,54.2,0.0,0.0,0.0
2026-04-08 17:04:05,30.3,53.0,137.1,54.2,0.0,0.0,0.0
2026-04-08 17:04:10,30.3,53.1,126.1,54.2,0.0,0.0,0.0
2026-04-08 17:04:15,30.5,53.3,122.2,54.2,0.0,0.0,0.0
2026-04-08 17:04:20,30.5,53.3,141.5,54.2,0.0,0.0,0.0
2026-04-08 17:04:25,30.4,53.3,120.9,54.2,0.0,0.0,0.0
2026-04-08 17:04:30,30.4,53.2,115.6,54.2,0.0,0.0,0.0
2026-04-08 17:04:35,30.4,53.1,139.4,54.2,0.0,0.0,0.0
2026-04-08 17:04:40,30.4,53.1,134.8,54.2,0.0,0.0,0.0
2026-04-08 17:04:45,30.5,53.0,127.5,54.2,0.0,0.0,0.0
2026-04-08 17:04:50,30.4,53.1,139.2,54.2,0.0,0.0,0.0
2026-04-08 17:04:55,30.5,53.1,134.1,54.2,0.0,0.0,0.0
2026-04-08 17:05:00,30.5,53.0,119.1,54.2,0.0,0.0,0.0
2026-04-08 17:05:05,30.6,52.9,129.9,54.1,0.0,0.0,0.0
2026-04-08 17:05:10,30.4,53.1,131.6,54.1,0.0,0.0,0.0
2026-04-08 17:05:15,30.5,53.1,130.5,54.2,0.0,0.0,0.0
2026-04-08 17:05:20,30.5,53.1,126.7,54.2,0.0,0.0,0.0
2026-04-08 17:05:25,30.4,53.1,125.2,54.2,0.0,0.0,0.0
2026-04-08 17:05:30,30.3,53.1,114.1,54.2,0.0,0.0,0.0
2026-04-08 17:05:35,30.5,53.1,112.8,54.2,0.0,0.0,0.0
2026-04-08 17:05:40,30.4,53.1,118.9,54.2,0.0,0.0,0.0
2026-04-08 17:05:45,30.5,53.2,128.0,54.2,0.0,0.0,0.0
2026-04-08 17:05:50,30.4,53.3,144.6,54.2,0.0,0.0,0.0
2026-04-08 17:05:55,30.5,53.3,122.0,54.2,0.0,0.0,0.0
2026-04-08 17:06:00,30.3,53.4,124.4,54.2,0.0,0.0,0.0
2026-04-08 17:06:05,30.4,53.3,128.2,54.2,0.0,0.0,0.0
2026-04-08 17:06:10,30.6,53.2,129.3,54.1,0.0,0.0,0.0
2026-04-08 17:06:15,30.2,53.3,137.7,54.1,0.0,0.0,0.0
2026-04-08 17:06:20,30.4,53.3,134.3,54.2,0.0,0.0,0.0
2026-04-08 17:06:25,30.4,53.2,115.2,54.2,0.0,0.0,0.0
2026-04-08 17:06:30,30.4,53.2,116.6,54.2,0.0,0.0,0.0
2026-04-08 17:06:35,30.6,53.1,107.7,54.2,0.0,0.0,0.0
2026-04-08 17:06:40,30.4,53.2,133.8,54.2,0.0,0.0,0.0
2026-04-08 17:06:45,30.4,53.2,115.3,54.2,0.0,0.0,0.0
2026-04-08 17:06:50,30.4,53.3,132.6,54.2,0.0,0.0,0.0
2026-04-08 17:06:55,30.4,53.3,115.4,54.2,0.0,0.0,0.0
2026-04-08 17:07:00,30.4,53.3,114.4,54.1,0.0,0.0,0.0
2026-04-08 17:07:05,30.4,53.4,111.2,54.1,0.0,0.0,0.0
2026-04-08 17:07:10,30.6,53.4,120.0,54.1,0.0,0.0,0.0
2026-04-08 17:07:15,30.3,53.3,139.1,54.2,0.0,0.0,0.0
2026-04-08 17:07:20,30.5,53.3,104.8,54.2,0.0,0.0,0.0
2026-04-08 17:07:25,30.4,53.2,110.0,54.2,0.0,0.0,0.0
2026-04-08 17:07:30,30.5,53.2,114.2,54.2,0.0,0.0,0.0
2026-04-08 17:07:35,30.5,53.3,100.7,54.2,0.0,0.0,0.0
2026-04-08 17:07:40,30.3,53.3,123.1,54.2,0.0,0.0,0.0
2026-04-08 17:07:45,30.2,53.4,121.1,54.1,0.0,0.0,0.0
2026-04-08 17:07:50,30.2,53.4,117.6,54.1,0.0,0.0,0.0
2026-04-08 17:07:55,30.5,53.5,124.7,54.2,0.0,0.0,0.0
2026-04-08 17:08:00,30.6,53.5,125.8,54.2,0.0,0.0,0.0
2026-04-08 17:08:05,30.5,53.4,121.7,54.2,0.0,0.0,0.0
2026-04-08 17:08:10,30.3,53.5,102.0,54.2,0.0,0.0,0.0
2026-04-08 17:08:15,30.5,53.4,108.0,54.1,0.0,0.0,0.0
2026-04-08 17:08:20,30.5,53.4,116.6,54.1,0.0,0.0,0.0
2026-04-08 17:08:25,30.5,53.4,111.2,54.1,0.0,0.0,0.0
2026-04-08 17:08:30,30.4,53.4,120.8,54.1,0.0,0.0,0.0
2026-04-08 17:08:35,30.4,53.5,120.8,54.1,0.0,0.0,0.0
2026-04-08 17:08:40,30.3,53.5,116.3,54.1,0.0,0.0,0.0
2026-04-08 17:08:45,30.3,53.6,127.5,54.2,0.0,0.0,0.0
2026-04-08 17:08:50,30.6,53.7,104.2,54.2,0.0,0.0,0.0
2026-04-08 17:08:55,30.4,53.7,106.6,54.1,0.0,0.0,0.0
2026-04-08 17:09:00,30.3,53.7,118.6,54.1,0.0,0.0,0.0
2026-04-08 17:09:05,30.4,53.9,123.0,54.1,0.0,0.0,0.0
2026-04-08 17:09:10,30.5,53.8,107.6,54.1,0.0,0.0,0.0
2026-04-08 17:09:15,30.5,53.9,110.4,54.1,0.0,0.0,0.0
2026-04-08 17:09:20,30.4,53.8,122.2,54.1,0.0,0.0,0.0
2026-04-08 17:09:25,30.4,53.9,113.8,54.1,0.0,0.0,0.0
2026-04-08 17:09:30,30.4,53.8,114.4,54.1,0.0,0.0,0.0
2026-04-08 17:09:35,30.5,53.9,112.0,54.2,0.0,0.0,0.0
2026-04-08 17:09:40,30.5,53.8,93.3,54.2,0.0,0.0,0.0
2026-04-08 17:09:45,30.5,53.8,100.7,54.1,0.0,0.0,0.0
2026-04-08 17:09:50,30.4,53.9,129.2,54.1,0.0,0.0,0.0
2026-04-08 17:09:55,30.4,53.9,119.4,54.1,0.0,0.0,0.0
2026-04-08 17:10:00,30.3,53.8,110.8,54.1,0.0,0.0,0.0
2026-04-08 17:10:05,30.3,53.9,118.4,54.1,0.0,0.0,0.0
2026-04-08 17:10:10,30.5,54.0,108.6,54.2,0.0,0.0,0.0
2026-04-08 17:10:15,30.6,54.2,121.2,54.2,0.0,0.0,0.0
2026-04-08 17:10:20,30.5,54.0,120.3,54.2,0.0,0.0,0.0
2026-04-08 17:10:25,30.4,53.9,121.1,54.2,0.0,0.0,0.0
2026-04-08 17:10:30,30.4,53.9,119.9,54.2,0.0,0.0,0.0
2026-04-08 17:10:35,30.5,53.9,106.7,54.2,0.0,0.0,0.0
2026-04-08 17:10:40,30.2,53.9,116.0,54.2,0.0,0.0,0.0
2026-04-08 17:10:45,30.4,53.8,107.5,54.2,0.0,0.0,0.0
2026-04-08 17:10:50,30.5,53.8,123.0,54.2,0.0,0.0,0.0
2026-04-08 17:10:55,30.5,53.8,110.5,54.2,0.0,0.0,0.0
2026-04-08 17:11:00,30.5,53.8,86.2,54.2,0.0,0.0,0.0
2026-04-08 17:11:05,30.4,53.8,106.4,54.1,0.0,0.0,0.0
2026-04-08 17:11:10,30.4,53.9,113.3,54.1,0.0,0.0,0.0
2026-04-08 17:11:15,30.4,54.1,121.8,54.1,0.0,0.0,0.0
2026-04-08 17:11:20,30.3,54.2,93.4,54.1,0.0,0.0,0.0
2026-04-08 17:11:25,30.5,54.1,103.4,54.1,0.0,0.0,0.0
2026-04-08 17:11:30,30.5,54.2,114.3,54.2,0.0,0.0,0.0
2026-04-08 17:11:35,30.3,54.1,119.8,54.2,0.0,0.0,0.0
2026-04-08 17:11:40,30.4,54.1,120.9,54.2,0.0,0.0,0.0
2026-04-08 17:11:45,30.4,54.1,97.4,54.2,0.0,0.0,0.0
2026-04-08 17:11:50,30.3,54.1,108.0,54.2,0.0,0.0,0.0
2026-04-08 17:11:55,30.4,54.1,107.3,54.2,0.0,0.0,0.0
2026-04-08 17:12:00,30.3,54.1,102.4,54.2,0.0,0.0,0.0
2026-04-08 17:12:05,30.2,54.0,98.0,54.2,0.0,0.0,0.0
2026-04-08 17:12:10,30.5,54.1,130.9,54.2,0.0,0.0,0.0
2026-04-08 17:12:15,30.4,54.0,102.8,54.1,0.0,0.0,0.0
2026-04-08 17:12:20,30.5,54.0,112.3,54.1,0.0,0.0,0.0
2026-04-08 17:12:25,30.4,54.0,109.0,54.1,0.0,0.0,0.0
2026-04-08 17:12:30,30.3,54.0,112.8,54.1,0.0,0.0,0.0
2026-04-08 17:12:35,30.4,54.0,120.2,54.1,0.0,0.0,0.0
2026-04-08 17:12:40,30.4,54.1,95.0,54.1,0.0,0.0,0.0
2026-04-08 17:12:45,30.3,54.1,113.7,54.1,0.0,0.0,0.0
2026-04-08 17:12:50,30.5,54.1,120.4,54.1,0.0,0.0,0.0
2026-04-08 17:12:55,30.4,54.1,111.9,54.1,0.0,0.0,0.0
2026-04-08 17:13:00,30.3,54.1,107.7,54.1,0.0,0.0,0.0
2026-04-08 17:13:05,30.4,54.3,95.9,54.1,0.0,0.0,0.0
2026-04-08 17:13:10,30.4,54.2,116.1,54.1,0.0,0.0,0.0
2026-04-08 17:13:15,30.5,54.3,121.5,54.1,0.0,0.0,0.0
2026-04-08 17:13:20,30.6,54.3,104.8,54.1,0.0,0.0,0.0
2026-04-08 17:13:25,30.3,54.3,119.5,54.1,0.0,0.0,0.0
2026-04-08 17:13:30,30.5,54.2,100.2,54.1,0.0,0.0,0.0
2026-04-08 17:13:35,30.4,54.1,107.3,54.1,0.0,0.0,0.0
2026-04-08 17:13:40,30.4,54.0,86.1,54.1,0.0,0.0,0.0
2026-04-08 17:13:45,30.4,54.1,112.6,54.1,0.0,0.0,0.0
2026-04-08 17:13:50,30.4,54.2,109.9,54.1,0.0,0.0,0.0
2026-04-08 17:13:55,30.4,54.1,112.4,54.1,0.0,0.0,0.0
2026-04-08 17:14:00,30.4,54.1,122.4,54.2,0.0,0.0,0.0
2026-04-08 17:14:05,30.3,54.2,80.3,54.2,0.0,0.0,0.0
2026-04-08 17:14:10,30.5,54.2,128.0,54.1,0.0,0.0,0.0
2026-04-08 17:14:15,30.3,54.3,89.2,54.1,0.0,0.0,0.0
2026-04-08 17:14:20,30.4,54.3,101.7,54.1,0.0,0.0,0.0
2026-04-08 17:14:25,30.3,54.1,108.6,54.1,0.0,0.0,0.0
2026-04-08 17:14:30,30.5,54.2,94.2,54.1,0.0,0.0,0.0
2026-04-08 17:14:35,30.4,54.1,98.1,54.1,0.0,0.0,0.0
2026-04-08 17:14:40,30.2,54.1,97.9,54.1,0.0,0.0,0.0
2026-04-08 17:14:45,30.3,54.1,98.2,54.1,0.0,0.0,0.0
2026-04-08 17:14:50,30.4,54.2,99.3,54.1,0.0,0.0,0.0
2026-04-08 17:14:55,30.1,54.3,98.2,54.1,0.0,0.0,0.0
2026-04-08 17:15:00,30.2,54.4,108.9,54.1,0.0,0.0,0.0
2026-04-08 17:15:05,30.3,54.2,105.8,54.1,0.0,0.0,0.0
2026-04-08 17:15:10,30.1,54.3,109.3,54.1,0.0,0.0,0.0
2026-04-08 17:15:15,30.4,54.1,91.7,54.1,0.0,0.0,0.0
2026-04-08 17:15:20,30.3,54.0,97.5,54.1,0.0,0.0,0.0
2026-04-08 17:15:25,30.2,54.0,92.4,54.1,0.0,0.0,0.0
2026-04-08 17:15:30,30.3,54.1,100.9,54.1,0.0,0.0,0.0
2026-04-08 17:15:35,30.2,54.1,112.7,54.1,0.0,0.0,0.0
2026-04-08 17:15:40,30.3,54.0,104.8,54.1,0.0,0.0,0.0
2026-04-08 17:15:45,30.3,54.0,96.0,54.1,0.0,0.0,0.0
2026-04-08 17:15:50,30.3,54.1,93.6,54.1,0.0,0.0,0.0
2026-04-08 17:15:55,30.2,54.2,83.3,54.1,0.0,0.0,0.0
2026-04-08 17:16:00,30.3,54.1,101.6,54.1,0.0,0.0,0.0
2026-04-08 17:16:05,30.2,54.1,118.3,54.1,0.0,0.0,0.0
2026-04-08 17:16:10,30.4,54.1,97.4,54.1,0.0,0.0,0.0
2026-04-08 17:16:15,30.3,54.1,85.8,54.1,0.0,0.0,0.0
2026-04-08 17:16:20,30.1,54.1,103.5,54.1,0.0,0.0,0.0
2026-04-08 17:16:25,30.3,54.1,84.6,54.1,0.0,0.0,0.0
2026-04-08 17:16:30,30.3,54.1,88.1,54.1,0.0,0.0,0.0
2026-04-08 17:16:35,30.2,54.0,86.9,54.1,0.0,0.0,0.0
2026-04-08 17:16:40,30.3,54.0,92.2,54.1,0.0,0.0,0.0
2026-04-08 17:16:45,30.3,54.0,98.9,54.1,0.0,0.0,0.0
2026-04-08 17:16:50,30.3,54.1,103.5,54.1,0.0,0.0,0.0
2026-04-08 17:16:55,30.2,54.0,99.7,54.1,0.0,0.0,0.0
2026-04-08 17:17:00,30.3,53.9,119.9,54.1,0.0,0.0,0.0
2026-04-08 17:17:05,30.3,53.8,99.2,54.1,0.0,0.0,0.0
2026-04-08 17:17:10,30.2,53.8,103.4,54.1,0.0,0.0,0.0
2026-04-08 17:17:15,30.3,53.8,78.1,54.1,0.0,0.0,0.0
2026-04-08 17:17:20,30.3,53.9,100.5,54.1,0.0,0.0,0.0
2026-04-08 17:17:25,30.2,53.9,84.9,54.1,0.0,0.0,0.0
2026-04-08 17:17:30,30.3,54.0,104.0,54.1,0.0,0.0,0.0
2026-04-08 17:17:35,30.2,54.1,95.3,54.1,0.0,0.0,0.0
2026-04-08 17:17:40,30.3,54.1,116.3,54.1,0.0,0.0,0.0
2026-04-08 17:17:45,30.3,54.3,93.1,54.1,0.0,0.0,0.0
2026-04-08 17:17:50,30.2,54.2,96.3,54.1,0.0,0.0,0.0
2026-04-08 17:17:55,30.2,54.2,98.9,54.1,0.0,0.0,0.0
2026-04-08 17:18:00,30.2,54.2,93.3,54.1,0.0,0.0,0.0
2026-04-08 17:18:05,30.3,54.2,95.4,54.2,0.0,0.0,0.0
2026-04-08 17:18:10,30.2,54.2,77.5,54.2,0.0,0.0,0.0
2026-04-08 17:18:15,30.3,54.2,92.2,54.1,0.0,0.0,0.0
2026-04-08 17:18:20,30.0,54.2,95.2,54.1,0.0,0.0,0.0
2026-04-08 17:18:25,30.1,54.3,82.9,54.2,0.0,0.0,0.0
2026-04-08 17:18:30,30.2,54.2,104.4,54.2,0.0,0.0,0.0
2026-04-08 17:18:35,30.2,54.4,86.0,54.2,0.0,0.0,0.0
2026-04-08 17:18:40,30.2,54.5,102.1,54.2,0.0,0.0,0.0
2026-04-08 17:18:45,30.3,54.5,99.4,54.1,0.0,0.0,0.0
2026-04-08 17:18:50,30.2,54.6,110.6,54.1,0.0,0.0,0.0
2026-04-08 17:18:55,30.2,54.6,103.1,54.1,0.0,0.0,0.0
2026-04-08 17:19:00,30.1,54.8,93.5,54.1,0.0,0.0,0.0
2026-04-08 17:19:05,30.3,54.8,90.4,54.1,0.0,0.0,0.0
2026-04-08 17:19:10,30.3,54.7,97.1,54.1,0.0,0.0,0.0
2026-04-08 17:19:15,30.2,54.7,114.3,54.1,0.0,0.0,0.0
2026-04-08 17:19:20,30.1,54.7,78.7,54.1,0.0,0.0,0.0
2026-04-08 17:19:25,30.2,54.7,74.1,54.1,0.0,0.0,0.0
2026-04-08 17:19:30,30.2,54.7,88.5,54.1,0.0,0.0,0.0
2026-04-08 17:19:35,30.1,54.7,116.6,54.1,0.0,0.0,0.0
2026-04-08 17:19:40,30.2,54.8,112.4,54.1,0.0,0.0,0.0
2026-04-08 17:19:45,30.2,54.8,87.4,54.1,0.0,0.0,0.0
2026-04-08 17:19:50,30.2,54.8,83.8,54.1,0.0,0.0,0.0
2026-04-08 17:19:55,30.1,54.8,85.2,54.1,0.0,0.0,0.0
2026-04-08 17:20:00,30.2,54.8,98.1,54.1,0.0,0.0,0.0
2026-04-08 17:20:05,30.2,54.9,96.7,54.1,0.0,0.0,0.0
2026-04-08 17:20:10,30.2,54.9,108.6,54.1,0.0,0.0,0.0
2026-04-08 17:20:15,30.2,54.9,102.5,54.1,0.0,0.0,0.0
2026-04-08 17:20:20,30.2,54.8,81.8,54.1,0.0,0.0,0.0
2026-04-08 17:20:25,30.1,54.8,101.5,54.1,0.0,0.0,0.0
2026-04-08 17:20:30,30.3,54.8,90.8,54.1,0.0,0.0,0.0
2026-04-08 17:20:35,30.3,54.8,78.3,54.1,0.0,0.0,0.0
2026-04-08 17:20:40,30.2,54.8,93.8,54.1,0.0,0.0,0.0
2026-04-08 17:20:45,30.3,54.9,80.2,54.1,0.0,0.0,0.0
2026-04-08 17:20:50,30.0,54.9,93.6,54.1,0.0,0.0,0.0
2026-04-08 17:20:55,30.2,54.9,100.3,54.1,0.0,0.0,0.0
2026-04-08 17:21:00,30.2,54.9,85.6,54.1,0.0,0.0,0.0
2026-04-08 17:21:05,30.3,55.0,81.1,54.1,0.0,0.0,0.0
2026-04-08 17:21:10,30.2,55.1,70.4,54.1,0.0,0.0,0.0
2026-04-08 17:21:15,30.1,55.1,73.3,54.1,0.0,0.0,0.0
2026-04-08 17:21:20,30.3,55.0,77.0,54.1,0.0,0.0,0.0
2026-04-08 17:21:25,30.3,55.0,88.5,54.1,0.0,0.0,0.0
2026-04-08 17:21:30,30.1,55.0,103.7,54.1,0.0,0.0,0.0
2026-04-08 17:21:35,30.2,55.0,85.8,54.1,0.0,0.0,0.0
2026-04-08 17:21:40,30.2,55.0,82.7,54.1,0.0,0.0,0.0
2026-04-08 17:21:45,30.3,55.1,81.4,54.1,0.0,0.0,0.0
2026-04-08 17:21:50,30.1,55.0,75.6,54.1,0.0,0.0,0.0
2026-04-08 17:21:55,30.0,55.0,83.1,54.1,0.0,0.0,0.0
2026-04-08 17:22:00,30.2,55.0,91.6,54.1,0.0,0.0,0.0
2026-04-08 17:22:05,30.1,55.0,101.5,54.1,0.0,0.0,0.0
2026-04-08 17:22:10,30.1,55.0,84.7,54.1,0.0,0.0,0.0
2026-04-08 17:22:15,30.2,54.8,90.0,54.1,0.0,0.0,0.0
2026-04-08 17:22:20,30.1,54.8,83.8,54.1,0.0,0.0,0.0
2026-04-08 17:22:25,30.1,54.9,95.2,54.1,0.0,0.0,0.0
2026-04-08 17:22:30,30.3,54.9,90.6,54.1,0.0,0.0,0.0
2026-04-08 17:22:35,30.2,54.9,78.4,54.1,0.0,0.0,0.0
2026-04-08 17:22:40,30.3,55.0,86.7,54.1,0.0,0.0,0.0
2026-04-08 17:22:45,30.2,54.9,97.6,54.1,0.0,0.0,0.0
2026-04-08 17:22:50,30.2,54.9,81.2,54.1,0.0,0.0,0.0
2026-04-08 17:22:55,30.2,55.0,87.3,54.1,0.0,0.0,0.0
2026-04-08 17:23:00,30.1,54.9,74.1,54.1,0.0,0.0,0.0
2026-04-08 17:23:05,30.2,54.9,78.0,54.1,0.0,0.0,0.0
2026-04-08 17:23:10,30.2,55.0,80.4,54.1,0.0,0.0,0.0
2026-04-08 17:23:15,30.1,54.9,82.1,54.1,0.0,0.0,0.0
2026-04-08 17:23:20,30.2,54.9,88.6,54.1,0.0,0.0,0.0
2026-04-08 17:23:25,30.1,54.9,84.4,54.2,0.0,0.0,0.0
2026-04-08 17:23:30,30.1,54.9,76.0,54.2,0.0,0.0,0.0
2026-04-08 17:23:35,30.1,54.9,95.9,54.1,0.0,0.0,0.0
2026-04-08 17:23:40,30.0,54.9,72.2,54.1,0.0,0.0,0.0
2026-04-08 17:23:45,30.2,54.9,72.3,54.1,0.0,0.0,0.0
2026-04-08 17:23:50,30.1,55.1,78.6,54.1,0.0,0.0,0.0
2026-04-08 17:23:55,30.1,55.2,69.1,54.1,0.0,0.0,0.0
2026-04-08 17:24:00,30.2,55.2,70.2,54.1,0.0,0.0,0.0
2026-04-08 17:24:05,30.2,55.5,71.8,54.1,0.0,0.0,0.0
2026-04-08 17:24:10,30.3,55.5,71.7,54.1,0.0,0.0,0.0
2026-04-08 17:24:15,30.3,55.5,81.7,54.1,0.0,0.0,0.0
2026-04-08 17:24:20,30.2,55.4,86.8,54.1,0.0,0.0,0.0
2026-04-08 17:24:25,30.2,55.5,81.2,54.1,0.0,0.0,0.0
2026-04-08 17:24:30,30.2,55.5,82.8,54.1,0.0,0.0,0.0
2026-04-08 17:24:35,30.1,55.5,60.4,54.2,0.0,0.0,0.0
2026-04-08 17:24:40,30.1,55.5,79.5,54.2,0.0,0.0,0.0
2026-04-08 17:24:45,30.3,55.4,67.5,54.2,0.0,0.0,0.0
2026-04-08 17:24:50,30.0,55.4,85.9,54.1,0.0,0.0,0.0
2026-04-08 17:24:55,30.2,55.5,75.1,54.1,0.0,0.0,0.0
2026-04-08 17:25:00,30.2,55.5,74.2,54.1,0.0,0.0,0.0
2026-04-08 17:25:05,30.1,55.4,57.5,54.1,0.0,0.0,0.0
2026-04-08 17:25:10,30.1,55.5,66.6,54.1,0.0,0.0,0.0
2026-04-08 17:25:15,30.2,55.5,86.2,54.1,0.0,0.0,0.0
2026-04-08 17:25:20,30.3,55.6,67.5,54.1,0.0,0.0,0.0
2026-04-08 17:25:25,30.0,55.5,79.8,54.1,0.0,0.0,0.0
2026-04-08 17:25:30,30.1,55.4,61.8,54.1,0.0,0.0,0.0
2026-04-08 17:25:35,30.1,55.4,82.9,54.1,0.0,0.0,0.0
2026-04-08 17:25:40,30.1,55.5,64.9,54.1,0.0,0.0,0.0
2026-04-08 17:25:45,30.2,55.6,63.3,54.1,0.0,0.0,0.0
2026-04-08 17:25:50,30.2,55.4,82.7,54.1,0.0,0.0,0.0
2026-04-08 17:25:55,30.2,55.4,68.1,54.1,0.0,0.0,0.0
2026-04-08 17:26:00,30.2,55.6,69.9,54.1,0.0,0.0,0.0
2026-04-08 17:26:05,30.1,55.6,71.1,54.1,0.0,0.0,0.0
2026-04-08 17:26:10,30.2,55.8,66.8,54.1,0.0,0.0,0.0
2026-04-08 17:26:15,30.1,55.8,86.3,54.1,0.0,0.0,0.0
2026-04-08 17:26:20,30.2,55.9,64.4,54.1,0.0,0.0,0.0
2026-04-08 17:26:25,30.1,56.0,70.0,54.1,0.0,0.0,0.0
2026-04-08 17:26:30,30.0,56.0,63.2,54.2,0.0,0.0,0.0
2026-04-08 17:26:35,30.2,55.9,66.1,54.2,0.0,0.0,0.0
2026-04-08 17:26:40,30.1,55.9,70.1,54.2,0.0,0.0,0.0
2026-04-08 17:26:45,30.2,55.9,75.7,54.2,0.0,0.0,0.0
2026-04-08 17:26:50,30.1,55.8,91.0,54.2,0.0,0.0,0.0
2026-04-08 17:26:55,30.3,55.9,89.5,54.2,0.0,0.0,0.0
2026-04-08 17:27:00,30.0,55.9,52.5,54.2,0.0,0.0,0.0
2026-04-08 17:27:05,29.8,55.8,86.1,54.2,0.0,0.0,0.0
2026-04-08 17:27:10,30.1,55.8,61.5,54.1,0.0,0.0,0.0
2026-04-08 17:27:15,30.0,55.8,63.0,54.1,0.0,0.0,0.0
2026-04-08 17:27:20,30.2,55.9,71.7,54.1,0.0,0.0,0.0
2026-04-08 17:27:25,30.1,55.9,79.6,54.1,0.0,0.0,0.0
2026-04-08 17:27:30,30.2,55.9,77.1,54.1,0.0,0.0,0.0
2026-04-08 17:27:35,30.0,56.1,72.8,54.1,0.0,0.0,0.0
2026-04-08 17:27:40,30.1,56.1,68.3,54.1,0.0,0.0,0.0
2026-04-08 17:27:45,30.1,56.1,89.7,54.1,0.0,0.0,0.0
2026-04-08 17:27:50,30.1,56.1,82.0,54.1,0.0,0.0,0.0
2026-04-08 17:27:55,30.3,56.0,87.3,54.1,0.0,0.0,0.0
2026-04-08 17:28:00,30.1,56.1,74.1,54.1,0.0,0.0,0.0
2026-04-08 17:28:05,30.1,56.1,61.0,54.1,0.0,0.0,0.0
2026-04-08 17:28:10,30.2,56.3,82.6,54.1,0.0,0.0,0.0
2026-04-08 17:28:15,30.1,56.3,57.7,54.1,0.0,0.0,0.0
2026-04-08 17:28:20,30.2,56.3,67.9,54.1,0.0,0.0,0.0
2026-04-08 17:28:25,30.1,56.3,75.3,54.1,0.0,0.0,0.0
2026-04-08 17:28:30,30.1,56.2,66.5,54.1,0.0,0.0,0.0
2026-04-08 17:28:35,30.1,55.9,69.0,54.1,0.0,0.0,0.0
2026-04-08 17:28:40,30.1,55.8,74.9,54.1,0.0,0.0,0.0
2026-04-08 17:28:45,30.1,55.9,89.6,54.1,0.0,0.0,0.0
2026-04-08 17:28:50,30.2,55.8,81.2,54.1,0.0,0.0,0.0
2026-04-08 17:28:55,30.1,55.6,63.0,54.1,0.0,0.0,0.0
2026-04-08 17:29:00,30.0,55.6,67.0,54.1,0.0,0.0,0.0
2026-04-08 17:29:05,30.1,55.6,51.4,54.1,0.0,0.0,0.0
2026-04-08 17:29:10,30.1,55.6,79.4,54.1,0.0,0.0,0.0
2026-04-08 17:29:15,30.2,55.6,66.5,54.1,0.0,0.0,0.0
2026-04-08 17:29:20,30.1,55.7,63.1,54.1,0.0,0.0,0.0
2026-04-08 17:29:25,30.0,55.5,58.0,54.1,0.0,0.0,0.0
2026-04-08 17:29:30,30.1,55.5,76.2,54.1,0.0,0.0,0.0
2026-04-08 17:29:35,30.1,55.5,75.3,54.1,0.0,0.0,0.0
2026-04-08 17:29:40,30.1,55.5,81.0,54.1,0.0,0.0,0.0
2026-04-08 17:29:45,30.1,55.6,65.4,54.1,0.0,0.0,0.0
2026-04-08 17:29:50,30.0,55.7,46.9,54.1,0.0,0.0,0.0
2026-04-08 17:29:55,30.0,55.7,70.1,54.1,0.0,0.0,0.0
2026-04-08 17:30:00,30.0,55.7,73.1,54.1,0.0,0.0,0.0
2026-04-08 17:30:05,30.1,55.8,70.7,54.1,0.0,0.0,0.0
2026-04-08 17:30:10,30.1,55.8,46.1,54.1,0.0,0.0,0.0
2026-04-08 17:30:15,30.0,55.8,62.2,54.1,0.0,0.0,0.0
2026-04-08 17:30:20,30.1,55.8,67.4,54.1,0.0,0.0,0.0
2026-04-08 17:30:25,30.2,55.9,79.9,54.1,0.0,0.0,0.0
2026-04-08 17:30:30,30.2,55.9,57.5,54.1,0.0,0.0,0.0
2026-04-08 17:30:35,30.0,56.0,50.0,54.1,0.0,0.0,0.0
2026-04-08 17:30:40,30.2,55.9,79.6,54.1,0.0,0.0,0.0
2026-04-08 17:30:45,30.1,55.9,62.4,54.1,0.0,0.0,0.0
2026-04-08 17:30:50,30.1,55.9,56.1,54.1,0.0,0.0,0.0
2026-04-08 17:30:55,30.1,56.0,62.7,54.1,0.0,0.0,0.0
2026-04-08 17:31:00,30.0,55.9,57.4,54.1,0.0,0.0,0.0
2026-04-08 17:31:05,30.2,56.1,89.4,54.1,0.0,0.0,0.0
2026-04-08 17:31:10,30.0,56.1,63.3,54.1,0.0,0.0,0.0
2026-04-08 17:31:15,30.2,56.0,51.7,54.1,0.0,0.0,0.0
2026-04-08 17:31:20,30.2,56.0,65.1,54.1,0.0,0.0,0.0
2026-04-08 17:31:25,30.1,56.0,72.2,54.1,0.0,0.0,0.0
2026-04-08 17:31:30,30.1,56.0,59.7,54.1,0.0,0.0,0.0
2026-04-08 17:31:35,30.2,56.1,50.6,54.1,0.0,0.0,0.0
2026-04-08 17:31:40,30.1,56.0,54.7,54.1,0.0,0.0,0.0
2026-04-08 17:31:45,30.2,56.1,55.1,54.1,0.0,0.0,0.0
2026-04-08 17:31:50,30.0,56.1,55.9,54.1,0.0,0.0,0.0
2026-04-08 17:31:55,30.1,56.3,56.6,54.1,0.0,0.0,0.0
2026-04-08 17:32:00,30.1,56.4,53.2,54.1,0.0,0.0,0.0
2026-04-08 17:32:05,30.0,56.3,66.8,54.1,0.0,0.0,0.0
2026-04-08 17:32:10,30.2,56.1,48.7,54.1,0.0,0.0,0.0
2026-04-08 17:32:15,30.1,56.1,56.7,54.1,0.0,0.0,0.0
2026-04-08 17:32:20,30.1,56.3,53.3,54.0,0.0,0.0,0.0
2026-04-08 17:32:25,30.1,56.3,67.3,54.0,0.0,0.0,0.0
2026-04-08 17:32:30,30.1,56.4,86.8,54.1,0.0,0.0,0.0
2026-04-08 17:32:35,30.1,56.4,63.2,54.1,0.0,0.0,0.0
2026-04-08 17:32:40,30.2,56.4,72.9,54.1,0.0,0.0,0.0
2026-04-08 17:32:45,30.0,56.4,48.1,54.1,0.0,0.0,0.0
2026-04-08 17:32:50,30.1,56.5,66.7,54.1,0.0,0.0,0.0
2026-04-08 17:32:55,30.2,56.5,62.1,54.1,0.0,0.0,0.0
2026-04-08 17:33:00,30.2,56.5,56.9,54.1,0.0,0.0,0.0
2026-04-08 17:33:05,30.1,56.5,54.9,54.1,0.0,0.0,0.0
2026-04-08 17:33:10,30.2,56.7,74.8,54.1,0.0,0.0,0.0
2026-04-08 17:33:15,30.2,56.8,76.7,54.1,0.0,0.0,0.0
2026-04-08 17:33:20,30.0,56.7,53.1,54.1,0.0,0.0,0.0
2026-04-08 17:33:25,30.2,56.7,61.9,54.1,0.0,0.0,0.0
2026-04-08 17:33:30,30.3,56.8,48.8,54.1,0.0,0.0,0.0
2026-04-08 17:33:35,30.1,56.7,56.9,54.1,0.0,0.0,0.0
2026-04-08 17:33:40,30.1,56.9,66.4,54.1,0.0,0.0,0.0
2026-04-08 17:33:45,30.1,56.9,63.1,54.1,0.0,0.0,0.0
2026-04-08 17:33:50,30.1,57.0,63.0,54.1,0.0,0.0,0.0
2026-04-08 17:33:55,30.1,57.0,68.4,54.1,0.0,0.0,0.0
2026-04-08 17:34:00,30.0,56.8,64.7,54.1,0.0,0.0,0.0
2026-04-08 17:34:05,30.2,56.9,56.8,54.1,0.0,0.0,0.0
2026-04-08 17:34:10,30.1,56.8,39.8,54.1,0.0,0.0,0.0
2026-04-08 17:34:15,30.1,56.8,64.0,54.1,0.0,0.0,0.0
2026-04-08 17:34:20,30.2,56.9,50.3,54.1,0.0,0.0,0.0
2026-04-08 17:34:25,30.1,56.9,63.3,54.1,0.0,0.0,0.0
2026-04-08 17:34:30,30.1,56.8,41.5,54.1,0.0,0.0,0.0
2026-04-08 17:34:35,30.0,56.8,41.1,54.1,0.0,0.0,0.0
2026-04-08 17:34:40,30.0,56.9,77.5,54.1,0.0,0.0,0.0
2026-04-08 17:34:45,30.1,57.0,63.3,54.1,0.0,0.0,0.0
2026-04-08 17:34:50,30.1,57.0,45.8,54.1,0.0,0.0,0.0
2026-04-08 17:34:55,30.1,56.9,67.0,54.0,0.0,0.0,0.0
2026-04-08 17:35:00,30.1,56.9,61.4,54.0,0.0,0.0,0.0
2026-04-08 17:35:05,30.0,56.9,34.4,54.0,0.0,0.0,0.0
2026-04-08 17:35:10,30.1,56.8,60.6,54.0,0.0,0.0,0.0
2026-04-08 17:35:15,30.0,56.8,50.8,54.0,0.0,0.0,0.0
2026-04-08 17:35:20,30.0,56.9,44.5,54.1,0.0,0.0,0.0
2026-04-08 17:35:25,30.1,56.8,51.8,54.1,0.0,0.0,0.0
2026-04-08 17:35:30,30.0,56.9,58.3,54.1,0.0,0.0,0.0
2026-04-08 17:35:35,30.1,57.0,64.9,54.1,0.0,0.0,0.0
2026-04-08 17:35:40,30.0,56.8,56.6,54.1,0.0,0.0,0.0
2026-04-08 17:35:45,30.0,56.9,76.7,54.1,0.0,0.0,0.0
2026-04-08 17:35:50,30.0,56.9,74.2,54.1,0.0,0.0,0.0
2026-04-08 17:35:55,30.0,56.8,67.6,54.1,0.0,0.0,0.0
2026-04-08 17:36:00,30.0,56.8,38.2,54.1,0.0,0.0,0.0
2026-04-08 17:36:05,30.0,56.8,60.6,54.0,0.0,0.0,0.0
2026-04-08 17:36:10,29.9,56.9,55.3,54.0,0.0,0.0,0.0
2026-04-08 17:36:15,29.9,56.8,48.6,54.0,0.0,0.0,0.0
2026-04-08 17:36:20,30.0,56.9,56.6,54.1,0.0,0.0,0.0
2026-04-08 17:36:25,29.8,56.8,54.6,54.1,0.0,0.0,0.0
2026-04-08 17:36:30,29.9,57.0,73.5,54.1,0.0,0.0,0.0
2026-04-08 17:36:35,30.0,57.1,48.8,54.0,0.0,0.0,0.0
2026-04-08 17:36:40,30.1,57.2,52.1,54.0,0.0,0.0,0.0
2026-04-08 17:36:45,30.0,57.3,45.9,54.0,0.0,0.0,0.0
2026-04-08 17:36:50,30.0,57.2,55.1,54.0,0.0,0.0,0.0
2026-04-08 17:36:55,30.0,57.2,49.1,54.0,0.0,0.0,0.0
2026-04-08 17:37:00,30.0,57.1,50.6,54.0,0.0,0.0,0.0
2026-04-08 17:37:05,30.0,57.0,71.4,54.0,0.0,0.0,0.0
2026-04-08 17:37:10,30.0,57.0,47.6,54.0,0.0,0.0,0.0
2026-04-08 17:37:15,30.0,56.8,53.6,54.0,0.0,0.0,0.0
2026-04-08 17:37:20,30.1,57.0,48.6,54.0,0.0,0.0,0.0
2026-04-08 17:37:25,29.8,57.0,62.3,54.0,0.0,0.0,0.0
2026-04-08 17:37:30,29.9,57.1,48.2,54.0,0.0,0.0,0.0
2026-04-08 17:37:35,30.0,57.0,48.1,54.0,0.0,0.0,0.0
2026-04-08 17:37:40,30.0,57.0,42.1,54.0,0.0,0.0,0.0
2026-04-08 17:37:45,30.0,57.1,49.3,54.0,0.0,0.0,0.0
2026-04-08 17:37:50,29.9,57.1,56.8,54.0,0.0,0.0,0.0
2026-04-08 17:37:55,29.9,57.0,39.3,54.0,0.0,0.0,0.0
2026-04-08 17:38:00,30.0,56.9,69.8,54.0,0.0,0.0,0.0
2026-04-08 17:38:05,29.9,56.9,45.3,54.0,0.0,0.0,0.0
2026-04-08 17:38:10,30.0,56.9,55.7,54.0,0.0,0.0,0.0
2026-04-08 17:38:15,30.0,56.8,54.3,54.0,0.0,0.0,0.0
2026-04-08 17:38:20,30.0,56.8,36.9,54.0,0.0,0.0,0.0
2026-04-08 17:38:25,30.0,56.8,45.8,54.1,0.0,0.0,0.0
2026-04-08 17:38:30,29.9,56.7,57.5,54.1,0.0,0.0,0.0
2026-04-08 17:38:35,29.9,56.7,56.6,54.1,0.0,0.0,0.0
2026-04-08 17:38:40,30.0,56.6,32.7,54.1,0.0,0.0,0.0
2026-04-08 17:38:45,30.1,56.6,52.3,54.1,0.0,0.0,0.0
2026-04-08 17:38:50,30.2,56.5,57.4,54.1,0.0,0.0,0.0
2026-04-08 17:38:55,30.1,56.5,41.4,54.1,0.0,0.0,0.0
2026-04-08 17:39:00,29.9,56.5,71.7,54.1,0.0,0.0,0.0
2026-04-08 17:39:05,29.8,56.5,44.3,54.0,0.0,0.0,0.0
2026-04-08 17:39:10,30.1,56.5,47.6,54.0,0.0,0.0,0.0
2026-04-08 17:39:15,29.9,56.6,50.7,54.1,0.0,0.0,0.0
2026-04-08 17:39:20,29.9,56.7,43.0,54.1,0.0,0.0,0.0
2026-04-08 17:39:25,30.1,56.8,39.5,54.1,0.0,0.0,0.0
2026-04-08 17:39:30,29.9,56.9,46.7,54.0,0.0,0.0,0.0
2026-04-08 17:39:35,30.0,56.8,50.7,54.0,0.0,0.0,0.0
2026-04-08 17:39:40,29.9,56.8,23.1,54.0,0.0,0.0,0.0
2026-04-08 17:39:45,29.9,56.9,52.1,54.1,0.0,0.0,0.0
2026-04-08 17:39:50,30.1,57.0,53.3,54.1,0.0,0.0,0.0
2026-04-08 17:39:55,29.9,57.1,41.0,54.1,0.0,0.0,0.0
2026-04-08 17:40:00,30.0,57.1,55.3,54.1,0.0,0.0,0.0
2026-04-08 17:40:05,30.0,57.2,39.0,54.1,0.0,0.0,0.0
2026-04-08 17:40:10,30.0,57.2,44.4,54.1,0.0,0.0,0.0
2026-04-08 17:40:15,29.9,57.4,62.3,54.1,0.0,0.0,0.0
2026-04-08 17:40:20,30.0,57.4,42.4,54.1,0.0,0.0,0.0
2026-04-08 17:40:25,29.9,57.5,72.9,54.0,0.0,0.0,0.0
2026-04-08 17:40:30,30.0,57.4,43.6,54.0,0.0,0.0,0.0
2026-04-08 17:40:35,29.8,57.3,58.3,54.0,0.0,0.0,0.0
2026-04-08 17:40:40,30.0,57.3,56.0,54.0,0.0,0.0,0.0
2026-04-08 17:40:45,30.0,57.3,47.0,54.0,0.0,0.0,0.0
2026-04-08 17:40:50,29.9,57.2,30.6,54.0,0.0,0.0,0.0
2026-04-08 17:40:55,29.9,57.1,48.1,54.0,0.0,0.0,0.0
2026-04-08 17:41:00,30.0,57.1,23.8,54.0,0.0,0.0,0.0
2026-04-08 17:41:05,29.9,57.2,43.8,54.0,0.0,0.0,0.0
2026-04-08 17:41:10,30.0,57.1,35.7,54.0,0.0,0.0,0.0
2026-04-08 17:41:15,29.9,57.1,46.4,54.0,0.0,0.0,0.0
2026-04-08 17:41:20,30.0,57.2,47.1,54.0,0.0,0.0,0.0
2026-04-08 17:41:25,30.0,57.2,30.6,54.0,0.0,0.0,0.0
2026-04-08 17:41:30,30.0,57.1,52.3,54.0,0.0,0.0,0.0
2026-04-08 17:41:35,29.9,57.2,50.2,54.0,0.0,0.0,0.0
2026-04-08 17:41:40,29.9,57.3,40.4,54.0,0.0,0.0,0.0
2026-04-08 17:41:45,30.0,57.3,43.5,54.1,0.0,0.0,0.0
2026-04-08 17:41:50,29.8,57.3,40.1,54.1,0.0,0.0,0.0
2026-04-08 17:41:55,29.9,57.3,32.5,54.0,0.0,0.0,0.0
2026-04-08 17:42:00,29.8,57.4,38.9,54.0,0.0,0.0,0.0
2026-04-08 17:42:05,30.0,57.5,43.8,54.0,0.0,0.0,0.0
2026-04-08 17:42:10,30.0,57.4,39.3,54.0,0.0,0.0,0.0
2026-04-08 17:42:15,29.9,57.4,36.0,54.0,0.0,0.0,0.0
2026-04-08 17:42:20,29.8,57.4,15.9,54.0,0.0,0.0,0.0
2026-04-08 17:42:25,29.9,57.5,41.9,54.0,0.0,0.0,0.0
2026-04-08 17:42:30,29.9,57.5,46.3,54.0,0.0,0.0,0.0
2026-04-08 17:42:35,29.9,57.4,25.1,54.0,0.0,0.0,0.0
2026-04-08 17:42:40,30.0,57.4,42.3,54.0,0.0,0.0,0.0
2026-04-08 17:42:45,30.0,57.5,43.9,54.0,0.0,0.0,0.0
2026-04-08 17:42:50,29.9,57.6,75.5,54.0,0.0,0.0,0.0
2026-04-08 17:42:55,30.0,57.6,39.9,54.0,0.0,0.0,0.0
2026-04-08 17:43:00,29.7,57.8,39.8,54.0,0.0,0.0,0.0
2026-04-08 17:43:05,30.0,57.7,37.1,54.0,0.0,0.0,0.0
2026-04-08 17:43:10,29.9,57.7,44.9,54.0,0.0,0.0,0.0
2026-04-08 17:43:15,29.7,57.8,48.8,54.0,0.0,0.0,0.0
2026-04-08 17:43:20,29.8,57.8,36.6,54.0,0.0,0.0,0.0
2026-04-08 17:43:25,29.9,57.8,35.2,54.0,0.0,0.0,0.0
2026-04-08 17:43:30,29.9,57.8,43.9,54.0,0.0,0.0,0.0
2026-04-08 17:43:35,29.8,57.9,39.9,54.0,0.0,0.0,0.0
2026-04-08 17:43:40,29.8,57.8,50.0,54.0,0.0,0.0,0.0
2026-04-08 17:43:45,30.0,57.8,37.7,54.0,0.0,0.0,0.0
2026-04-08 17:43:50,29.9,57.9,44.2,54.0,0.0,0.0,0.0
2026-04-08 17:43:55,29.8,58.0,45.5,54.0,0.0,0.0,0.0
2026-04-08 17:44:00,29.8,57.9,51.0,54.0,0.0,0.0,0.0
2026-04-08 17:44:05,30.0,57.9,42.8,54.0,0.0,0.0,0.0
2026-04-08 17:44:10,29.9,57.8,46.3,54.0,0.0,0.0,0.0
2026-04-08 17:44:15,30.0,57.8,40.3,54.0,0.0,0.0,0.0
2026-04-08 17:44:20,29.9,57.8,30.2,54.0,0.0,0.0,0.0
2026-04-08 17:44:25,29.8,57.7,38.9,54.0,0.0,0.0,0.0
2026-04-08 17:44:30,29.9,57.9,30.7,54.0,0.0,0.0,0.0
2026-04-08 17:44:35,29.9,57.8,32.9,54.0,0.0,0.0,0.0
2026-04-08 17:44:40,29.8,57.9,37.6,54.0,0.0,0.0,0.0
2026-04-08 17:44:45,29.9,57.8,44.4,54.0,0.0,0.0,0.0
2026-04-08 17:44:50,29.9,57.8,25.9,54.0,0.0,0.0,0.0
2026-04-08 17:44:55,30.0,57.8,24.9,54.0,0.0,0.0,0.0
2026-04-08 17:45:00,29.9,57.8,23.0,54.0,0.0,0.0,0.0
2026-04-08 17:45:05,29.9,57.8,30.3,54.0,0.0,0.0,0.0
2026-04-08 17:45:10,30.0,57.7,32.4,54.0,0.0,0.0,0.0
2026-04-08 17:45:15,29.8,57.8,20.6,54.0,0.0,0.0,0.0
2026-04-08 17:45:20,29.7,57.7,30.5,54.0,0.0,0.0,0.0
2026-04-08 17:45:25,30.0,57.5,32.9,54.0,0.0,0.0,0.0
2026-04-08 17:45:30,29.8,57.4,20.2,54.0,0.0,0.0,0.0
2026-04-08 17:45:35,30.0,57.6,36.6,54.0,0.0,0.0,0.0
2026-04-08 17:45:40,29.7,57.7,38.5,54.0,0.0,0.0,0.0
2026-04-08 17:45:45,29.9,57.7,40.1,54.0,0.0,0.0,0.0
2026-04-08 17:45:50,30.0,57.8,45.5,54.0,0.0,0.0,0.0
2026-04-08 17:45:55,29.9,57.7,16.9,54.0,0.0,0.0,0.0
2026-04-08 17:46:00,29.9,57.7,42.2,54.0,0.0,0.0,0.0
2026-04-08 17:46:05,29.8,57.6,24.2,54.0,0.0,0.0,0.0
2026-04-08 17:46:10,29.9,57.7,35.8,54.0,0.0,0.0,0.0
2026-04-08 17:46:15,29.9,57.8,19.7,54.0,0.0,0.0,0.0
2026-04-08 17:46:20,29.7,57.8,42.3,54.0,0.0,0.0,0.0
2026-04-08 17:46:25,29.8,57.9,53.4,54.0,0.0,0.0,0.0
2026-04-08 17:46:30,30.0,58.0,41.6,54.0,0.0,0.0,0.0
2026-04-08 17:46:35,29.9,58.2,27.0,54.0,0.0,0.0,0.0
2026-04-08 17:46:40,30.0,58.3,44.3,54.0,0.0,0.0,0.0
2026-04-08 17:46:45,29.8,58.2,29.6,54.0,0.0,0.0,0.0
2026-04-08 17:46:50,29.7,58.2,27.2,54.0,0.0,0.0,0.0
2026-04-08 17:46:55,29.8,58.3,28.5,54.0,0.0,0.0,0.0
2026-04-08 17:47:00,29.9,58.4,47.3,54.0,0.0,0.0,0.0
2026-04-08 17:47:05,29.9,58.5,40.0,54.0,0.0,0.0,0.0
2026-04-08 17:47:10,29.8,58.4,11.5,54.0,0.0,0.0,0.0
2026-04-08 17:47:15,29.8,58.3,41.7,54.0,0.0,0.0,0.0
2026-04-08 17:47:20,29.9,58.2,31.2,54.0,0.0,0.0,0.0
2026-04-08 17:47:25,29.9,58.2,18.2,54.0,0.0,0.0,0.0
2026-04-08 17:47:30,29.9,58.2,28.9,54.0,0.0,0.0,0.0
2026-04-08 17:47:35,29.8,58.4,36.6,53.9,0.0,0.0,0.0
2026-04-08 17:47:40,29.9,58.3,30.1,53.9,0.0,0.0,0.0
2026-04-08 17:47:45,29.8,58.3,32.0,53.9,0.0,0.0,0.0
2026-04-08 17:47:50,29.9,58.2,29.4,53.9,0.0,0.0,0.0
2026-04-08 17:47:55,29.9,58.2,19.5,53.9,0.0,0.0,0.0
2026-04-08 17:48:00,29.9,58.3,42.8,53.9,0.0,0.0,0.0
2026-04-08 17:48:05,29.9,58.2,41.8,53.9,0.0,0.0,0.0
2026-04-08 17:48:10,29.9,58.1,33.4,54.0,0.0,0.0,0.0
2026-04-08 17:48:15,29.8,58.2,28.2,54.0,0.0,0.0,0.0
2026-04-08 17:48:20,30.0,58.1,16.0,54.0,0.0,0.0,0.0
2026-04-08 17:48:25,30.1,58.2,32.3,54.0,0.0,0.0,0.0
2026-04-08 17:48:30,29.7,58.4,27.9,54.0,0.0,0.0,0.0
2026-04-08 17:48:35,29.9,58.5,32.4,54.0,0.0,0.0,0.0
2026-04-08 17:48:40,29.8,58.3,25.4,54.0,0.0,0.0,0.0
2026-04-08 17:48:45,29.8,58.2,32.3,54.0,0.0,0.0,0.0
2026-04-08 17:48:50,29.8,58.2,38.0,54.0,0.0,0.0,0.0
2026-04-08 17:48:55,29.8,58.3,42.2,54.0,0.0,0.0,0.0
2026-04-08 17:49:00,30.0,58.2,30.6,54.0,0.0,0.0,0.0
2026-04-08 17:49:05,29.8,58.1,20.1,54.0,0.0,0.0,0.0
2026-04-08 17:49:10,29.7,58.3,27.6,54.0,0.0,0.0,0.0
2026-04-08 17:49:15,29.9,58.4,28.7,54.0,0.0,0.0,0.0
2026-04-08 17:49:20,29.8,58.3,30.6,54.0,0.0,0.0,0.0
2026-04-08 17:49:25,29.8,58.3,26.7,53.9,0.0,0.0,0.0
2026-04-08 17:49:30,29.9,58.4,29.2,53.9,0.0,0.0,0.0
2026-04-08 17:49:35,29.9,58.4,29.8,54.0,0.0,0.0,0.0
2026-04-08 17:49:40,29.9,58.5,27.2,54.0,0.0,0.0,0.0
2026-04-08 17:49:45,29.8,58.7,20.0,54.0,0.0,0.0,0.0
2026-04-08 17:49:50,29.8,58.8,25.2,54.0,0.0,0.0,0.0
2026-04-08 17:49:55,29.9,58.8,18.2,54.0,0.0,0.0,0.0
2026-04-08 17:50:00,30.0,58.7,2.2,53.9,0.0,0.0,0.0
2026-04-08 17:50:05,29.9,58.5,28.2,53.9,0.0,0.0,0.0
2026-04-08 17:50:10,29.8,58.5,38.9,53.9,0.0,0.0,0.0
2026-04-08 17:50:15,29.9,58.5,40.9,54.0,0.0,0.0,0.0
2026-04-08 17:50:20,29.8,58.4,40.7,54.0,0.0,0.0,0.0
2026-04-08 17:50:25,29.9,58.5,3.9,54.0,0.0,0.0,0.0
2026-04-08 17:50:30,29.9,58.5,35.2,54.0,0.0,0.0,0.0
2026-04-08 17:50:35,29.8,58.6,36.4,54.0,0.0,0.0,0.0
2026-04-08 17:50:40,29.9,58.6,30.5,54.0,0.0,0.0,0.0
2026-04-08 17:50:45,29.8,58.7,33.8,54.0,0.0,0.0,0.0
2026-04-08 17:50:50,29.8,58.7,17.4,54.0,0.0,0.0,0.0
2026-04-08 17:50:55,29.8,58.8,16.4,54.0,0.0,0.0,0.0
2026-04-08 17:51:00,30.0,58.8,29.6,54.0,0.0,0.0,0.0
2026-04-08 17:51:05,29.9,58.9,9.1,54.0,0.0,0.0,0.0
2026-04-08 17:51:10,29.8,58.9,29.9,54.0,0.0,0.0,0.0
2026-04-08 17:51:15,29.9,58.8,37.1,54.0,0.0,0.0,0.0
2026-04-08 17:51:20,29.9,58.8,18.6,54.0,0.0,0.0,0.0
2026-04-08 17:51:25,29.8,58.7,40.1,54.0,0.0,0.0,0.0
2026-04-08 17:51:30,29.9,58.8,8.3,53.9,0.0,0.0,0.0
2026-04-08 17:51:35,30.0,58.8,33.8,53.9,0.0,0.0,0.0
2026-04-08 17:51:40,29.9,58.9,47.2,53.9,0.0,0.0,0.0
2026-04-08 17:51:45,29.8,58.8,24.9,53.9,0.0,0.0,0.0
2026-04-08 17:51:50,29.8,58.9,31.3,53.9,0.0,0.0,0.0
2026-04-08 17:51:55,30.0,58.8,16.7,54.0,0.0,0.0,0.0
2026-04-08 17:52:00,29.9,58.8,44.4,54.0,0.0,0.0,0.0
2026-04-08 17:52:05,29.8,58.9,23.0,54.0,0.0,0.0,0.0
2026-04-08 17:52:10,29.7,59.0,26.3,54.0,0.0,0.0,0.0
2026-04-08 17:52:15,29.8,59.0,38.1,54.0,0.0,0.0,0.0
2026-04-08 17:52:20,30.0,58.8,15.3,54.0,0.0,0.0,0.0
2026-04-08 17:52:25,29.9,58.8,22.4,54.0,0.0,0.0,0.0
2026-04-08 17:52:30,29.8,58.7,25.3,54.0,0.0,0.0,0.0
2026-04-08 17:52:35,29.8,58.5,9.7,53.9,0.0,0.0,0.0
2026-04-08 17:52:40,30.0,58.6,22.8,53.9,0.0,0.0,0.0
2026-04-08 17:52:45,29.8,58.6,37.8,53.9,0.0,0.0,0.0
2026-04-08 17:52:50,29.9,58.6,44.0,53.9,0.0,0.0,0.0
2026-04-08 17:52:55,29.8,58.6,30.9,53.9,0.0,0.0,0.0
2026-04-08 17:53:00,29.8,58.6,29.4,54.0,0.0,0.0,0.0
2026-04-08 17:53:05,29.7,58.6,19.2,54.0,0.0,0.0,0.0
2026-04-08 17:53:10,29.9,58.6,6.0,54.0,0.0,0.0,0.0
2026-04-08 17:53:15,29.8,58.7,17.5,54.0,0.0,0.0,0.0
2026-04-08 17:53:20,30.0,58.7,11.4,54.0,0.0,0.0,0.0
2026-04-08 17:53:25,30.0,58.7,29.1,54.0,0.0,0.0,0.0
2026-04-08 17:53:30,29.8,58.8,8.6,54.0,0.0,0.0,0.0
2026-04-08 17:53:35,29.8,58.8,23.3,54.0,0.0,0.0,0.0
2026-04-08 17:53:40,29.8,58.7,14.1,54.0,0.0,0.0,0.0
2026-04-08 17:53:45,29.8,58.8,21.7,54.0,0.0,0.0,0.0
2026-04-08 17:53:50,29.7,58.9,0.0,53.9,0.0,0.0,0.0
2026-04-08 17:53:55,29.9,59.0,28.1,53.9,0.0,0.0,0.0
2026-04-08 17:54:00,29.9,59.0,34.5,53.9,0.0,0.0,0.0
2026-04-08 17:54:05,29.8,58.9,30.1,53.9,0.0,0.0,0.0
2026-04-08 17:54:10,29.8,59.1,20.7,54.0,0.0,0.0,0.0
2026-04-08 17:54:15,29.8,59.0,12.1,54.0,0.0,0.0,0.0
2026-04-08 17:54:20,29.7,59.0,29.0,54.0,0.0,0.0,0.0
2026-04-08 17:54:25,29.8,59.1,8.3,54.0,0.0,0.0,0.0
2026-04-08 17:54:30,29.9,59.1,19.2,54.0,0.0,0.0,0.0
2026-04-08 17:54:35,29.8,59.1,19.4,54.0,0.0,0.0,0.0
2026-04-08 17:54:40,30.0,59.2,24.0,53.9,0.0,0.0,0.0
2026-04-08 17:54:45,29.8,59.0,10.5,53.9,0.0,0.0,0.0
2026-04-08 17:54:50,29.9,58.9,20.9,54.0,0.0,0.0,0.0
2026-04-08 17:54:55,29.8,59.1,28.7,54.0,0.0,0.0,0.0
2026-04-08 17:55:00,29.9,59.1,7.4,54.0,0.0,0.0,0.0
2026-04-08 17:55:05,29.8,59.1,36.8,53.9,0.0,0.0,0.0
2026-04-08 17:55:10,29.8,58.9,9.8,53.9,0.0,0.0,0.0
2026-04-08 17:55:15,29.9,59.0,15.5,53.9,0.0,0.0,0.0
2026-04-08 17:55:20,29.9,58.9,28.0,53.9,0.0,0.0,0.0
2026-04-08 17:55:25,29.8,59.0,28.0,54.0,0.0,0.0,0.0
2026-04-08 17:55:30,29.8,59.0,0.1,54.0,0.0,0.0,0.0
2026-04-08 17:55:35,29.8,59.1,4.8,54.0,0.0,0.0,0.0
2026-04-08 17:55:40,29.9,59.1,8.7,54.0,0.0,0.0,0.0
2026-04-08 17:55:45,29.7,59.0,15.7,54.0,0.0,0.0,0.0
2026-04-08 17:55:50,29.8,59.2,21.3,54.0,0.0,0.0,0.0
2026-04-08 17:55:55,29.8,59.1,25.4,54.0,0.0,0.0,0.0
2026-04-08 17:56:00,29.7,59.0,25.4,54.0,0.0,0.0,0.0
2026-04-08 17:56:05,29.8,59.1,13.0,54.0,0.0,0.0,0.0
2026-04-08 17:56:10,29.9,59.0,17.9,54.0,0.0,0.0,0.0
2026-04-08 17:56:15,29.6,59.0,21.8,54.0,0.0,0.0,0.0
2026-04-08 17:56:20,29.8,59.0,16.4,54.0,0.0,0.0,0.0
2026-04-08 17:56:25,29.9,59.0,32.3,54.0,0.0,0.0,0.0
2026-04-08 17:56:30,29.7,59.0,18.1,54.0,0.0,0.0,0.0
2026-04-08 17:56:35,29.9,59.0,26.3,54.0,0.0,0.0,0.0
2026-04-08 17:56:40,29.8,59.0,11.3,54.0,0.0,0.0,0.0
2026-04-08 17:56:45,29.7,58.9,4.3,54.0,0.0,0.0,0.0
2026-04-08 17:56:50,29.9,58.9,22.1,54.0,0.0,0.0,0.0
2026-04-08 17:56:55,29.8,58.9,9.1,54.0,0.0,0.0,0.0
2026-04-08 17:57:00,29.9,58.9,2.4,54.0,0.0,0.0,0.0
2026-04-08 17:57:05,29.8,58.9,20.0,54.0,0.0,0.0,0.0
2026-04-08 17:57:10,29.9,59.0,31.0,54.0,0.0,0.0,0.0
2026-04-08 17:57:15,29.7,59.0,0.1,54.0,0.0,0.0,0.0
2026-04-08 17:57:20,29.8,58.9,9.8,54.0,0.0,0.0,0.0
2026-04-08 17:57:25,29.8,58.8,32.6,53.9,0.0,0.0,0.0
2026-04-08 17:57:30,29.9,58.8,36.8,53.9,0.0,0.0,0.0
2026-04-08 17:57:35,29.8,58.8,14.4,54.0,0.0,0.0,0.0
2026-04-08 17:57:40,29.9,58.7,22.5,54.0,0.0,0.0,0.0
2026-04-08 17:57:45,29.9,58.8,19.9,54.0,0.0,0.0,0.0
2026-04-08 17:57:50,29.7,58.8,14.8,54.0,0.0,0.0,0.0
2026-04-08 17:57:55,29.8,58.8,7.8,54.0,0.0,0.0,0.0
2026-04-08 17:58:00,29.7,58.8,12.2,54.0,0.0,0.0,0.0
2026-04-08 17:58:05,29.8,58.9,22.3,54.0,0.0,0.0,0.0
2026-04-08 17:58:10,29.8,59.0,26.7,54.0,0.0,0.0,0.0
2026-04-08 17:58:15,29.7,59.0,9.8,54.0,0.0,0.0,0.0
2026-04-08 17:58:20,29.8,58.9,18.7,54.0,0.0,0.0,0.0
2026-04-08 17:58:25,29.8,59.0,1.2,54.0,0.0,0.0,0.0
2026-04-08 17:58:30,29.8,59.0,11.8,53.9,0.0,0.0,0.0
2026-04-08 17:58:35,29.8,59.1,15.9,53.9,0.0,0.0,0.0
2026-04-08 17:58:40,29.7,59.1,10.0,53.9,0.0,0.0,0.0
2026-04-08 17:58:45,29.8,59.1,12.5,54.0,0.0,0.0,0.0
2026-04-08 17:58:50,29.8,59.1,9.5,54.0,0.0,0.0,0.0
2026-04-08 17:58:55,29.7,59.1,12.7,53.9,0.0,0.0,0.0
2026-04-08 17:59:00,29.9,59.2,6.8,53.9,0.0,0.0,0.0
2026-04-08 17:59:05,29.7,59.3,25.2,53.9,0.0,0.0,0.0
2026-04-08 17:59:10,29.8,59.2,12.1,54.0,0.0,0.0,0.0
2026-04-08 17:59:15,29.7,59.2,3.5,54.0,0.0,0.0,0.0
2026-04-08 17:59:20,30.0,59.3,0.6,54.0,0.0,0.0,0.0
2026-04-08 17:59:25,29.9,59.4,8.8,54.0,0.0,0.0,0.0
2026-04-08 17:59:30,29.7,59.3,24.3,54.0,0.0,0.0,0.0
2026-04-08 17:59:35,29.8,59.3,13.5,54.0,0.0,0.0,0.0
2026-04-08 17:59:40,29.8,59.3,6.7,54.0,0.0,0.0,0.0
2026-04-08 17:59:45,29.6,59.2,24.5,54.0,0.0,0.0,0.0
2026-04-08 17:59:50,29.7,59.2,27.1,54.0,0.0,0.0,0.0
2026-04-08 17:59:55,29.8,59.3,20.4,54.0,0.0,0.0,0.0
2026-04-08 18:00:00,29.8,59.2,18.6,54.0,0.0,0.0,0.0
2026-04-08 18:00:05,29.9,59.1,18.1,54.0,0.0,0.0,0.0
2026-04-08 18:00:10,29.7,59.0,0.0,54.0,0.0,0.0,0.0
2026-04-08 18:00:15,29.8,59.0,17.3,54.0,0.0,0.0,0.0
2026-04-08 18:00:20,29.8,59.0,8.9,54.0,0.0,0.0,0.0
2026-04-08 18:00:25,29.8,59.0,18.0,54.0,0.0,0.0,0.0
2026-04-08 18:00:30,29.7,59.1,16.9,54.0,0.0,0.0,0.0
2026-04-08 18:00:35,29.8,59.3,1.7,54.0,0.0,0.0,0.0
2026-04-08 18:00:40,29.8,59.3,2.1,54.0,0.0,0.0,0.0
2026-04-08 18:00:45,29.9,59.3,12.4,54.0,0.0,0.0,0.0
2026-04-08 18:00:50,29.8,59.3,26.8,54.0,0.0,0.0,0.0
2026-04-08 18:00:55,29.7,59.3,3.5,54.0,0.0,0.0,0.0
2026-04-08 18:01:00,29.7,59.2,10.3,54.0,0.0,0.0,0.0
2026-04-08 18:01:05,29.8,59.2,8.3,54.0,0.0,0.0,0.0
2026-04-08 18:01:10,29.9,59.3,23.8,54.0,0.0,0.0,0.0
2026-04-08 18:01:15,29.8,59.2,25.4,54.0,0.0,0.0,0.0
2026-04-08 18:01:20,29.7,59.2,24.8,54.0,0.0,0.0,0.0
2026-04-08 18:01:25,29.9,59.2,0.5,54.0,0.0,0.0,0.0
2026-04-08 18:01:30,29.8,59.2,20.7,54.0,0.0,0.0,0.0
2026-04-08 18:01:35,29.8,59.1,21.3,54.0,0.0,0.0,0.0
2026-04-08 18:01:40,29.8,59.1,7.7,54.0,0.0,0.0,0.0
2026-04-08 18:01:45,29.7,59.1,21.2,54.0,0.0,0.0,0.0
2026-04-08 18:01:50,29.9,59.2,51.3,53.9,0.0,0.0,0.0
2026-04-08 18:01:55,29.8,59.2,0.0,53.9,0.0,0.0,0.0
2026-04-08 18:02:00,29.8,59.3,23.5,54.0,0.0,0.0,0.0
2026-04-08 18:02:05,29.7,59.2,19.1,54.0,0.0,0.0,0.0
2026-04-08 18:02:10,29.8,59.1,6.9,54.0,0.0,0.0,0.0
2026-04-08 18:02:15,29.8,59.0,0.0,54.0,0.0,0.0,0.0
2026-04-08 18:02:20,29.7,59.0,17.1,54.0,0.0,0.0,0.0
2026-04-08 18:02:25,29.9,58.8,25.1,54.0,0.0,0.0,0.0
2026-04-08 18:02:30,29.7,58.9,16.0,54.0,0.0,0.0,0.0
2026-04-08 18:02:35,29.8,58.9,21.2,54.0,0.0,0.0,0.0
2026-04-08 18:02:40,29.8,58.9,5.0,54.0,0.0,0.0,0.0
2026-04-08 18:02:45,29.7,58.8,6.2,54.0,0.0,0.0,0.0
2026-04-08 18:02:50,29.7,58.8,15.3,54.0,0.0,0.0,0.0
2026-04-08 18:02:55,29.5,59.1,19.0,54.0,0.0,0.0,0.0
2026-04-08 18:03:00,29.8,59.0,12.9,54.0,0.0,0.0,0.0
2026-04-08 18:03:05,29.8,58.9,23.3,54.0,0.0,0.0,0.0
2026-04-08 18:03:10,29.8,59.1,14.3,54.0,0.0,0.0,0.0
2026-04-08 18:03:15,29.8,59.0,24.3,54.0,0.0,0.0,0.0
2026-04-08 18:03:20,29.7,59.2,0.0,54.0,0.0,0.0,0.0
2026-04-08 18:03:25,29.7,59.1,3.7,54.0,0.0,0.0,0.0
2026-04-08 18:03:30,29.7,59.2,4.6,54.0,0.0,0.0,0.0
2026-04-08 18:03:35,29.7,59.3,17.2,54.0,0.0,0.0,0.0
2026-04-08 18:03:40,29.8,59.2,14.9,54.0,0.0,0.0,0.0
2026-04-08 18:03:45,29.8,59.2,1.6,54.0,0.0,0.0,0.0
2026-04-08 18:03:50,29.8,59.1,1.8,54.0,0.0,0.0,0.0
2026-04-08 18:03:55,29.7,59.2,0.0,54.0,0.0,0.0,0.0
2026-04-08 18:04:00,29.8,59.1,1.7,54.0,0.0,0.0,0.0
2026-04-08 18:04:05,29.9,59.2,0.0,54.0,0.0,0.0,0.0
2026-04-08 18:04:10,29.8,59.3,10.3,54.0,0.0,0.0,0.0
2026-04-08 18:04:15,29.7,59.3,22.4,54.0,0.0,0.0,0.0
2026-04-08 18:04:20,29.7,59.4,17.2,54.0,0.0,0.0,0.0
2026-04-08 18:04:25,29.7,59.5,0.6,54.0,0.0,0.0,0.0
2026-04-08 18:04:30,29.8,59.5,5.2,54.0,0.0,0.0,0.0
2026-04-08 18:04:35,29.7,59.5,13.2,54.0,0.0,0.0,0.0
2026-04-08 18:04:40,29.6,59.4,32.2,54.0,0.0,0.0,0.0
2026-04-08 18:04:45,29.7,59.3,9.4,54.0,0.0,0.0,0.0
2026-04-08 18:04:50,29.6,59.4,27.6,54.0,0.0,0.0,0.0
2026-04-08 18:04:55,29.7,59.5,0.0,54.0,0.0,0.0,0.0
2026-04-08 18:05:00,29.7,59.5,12.0,54.0,0.0,0.0,0.0
2026-04-08 18:05:05,29.7,59.5,17.9,54.0,0.0,0.0,0.0
2026-04-08 18:05:10,29.7,59.5,10.0,54.0,0.0,0.0,0.0
2026-04-08 18:05:15,29.8,59.4,12.3,54.0,0.0,0.0,0.0
2026-04-08 18:05:20,29.7,59.4,11.0,54.0,0.0,0.0,0.0
2026-04-08 18:05:25,29.6,59.4,0.0,54.0,0.0,0.0,0.0
2026-04-08 18:05:30,29.7,59.5,0.0,54.0,0.0,0.0,0.0
2026-04-08 18:05:35,29.6,59.6,9.6,54.0,0.0,0.0,0.0
2026-04-08 18:05:40,29.7,59.5,19.2,54.0,0.0,0.0,0.0
2026-04-08 18:05:45,29.8,59.5,12.4,54.0,0.0,0.0,0.0
2026-04-08 18:05:50,29.8,59.4,14.0,54.0,0.0,0.0,0.0
2026-04-08 18:05:55,29.6,59.4,8.1,54.0,0.0,0.0,0.0
2026-04-08 18:06:00,29.5,59.3,12.8,54.0,0.0,0.0,0.0
2026-04-08 18:06:05,29.8,59.2,21.6,54.0,0.0,0.0,0.0
2026-04-08 18:06:10,29.7,59.2,0.0,54.0,0.0,0.0,0.0
2026-04-08 18:06:15,29.6,59.0,24.4,54.0,0.0,0.0,0.0
2026-04-08 18:06:20,29.5,59.0,10.5,54.0,0.0,0.0,0.0
2026-04-08 18:06:25,29.7,59.0,10.3,54.0,0.0,0.0,0.0
2026-04-08 18:06:30,29.7,58.9,17.9,54.0,0.0,0.0,0.0
2026-04-08 18:06:35,29.8,58.8,0.0,54.0,0.0,0.0,0.0
2026-04-08 18:06:40,29.5,58.9,29.6,54.0,0.0,0.0,0.0
2026-04-08 18:06:45,29.6,58.9,4.2,54.0,0.0,0.0,0.0
2026-04-08 18:06:50,29.7,58.9,5.4,54.0,0.0,0.0,0.0
2026-04-08 18:06:55,29.8,58.8,26.0,54.0,0.0,0.0,0.0
2026-04-08 18:07:00,29.6,58.8,16.0,54.0,0.0,0.0,0.0
2026-04-08 18:07:05,29.6,59.0,3.4,54.0,0.0,0.0,0.0
2026-04-08 18:07:10,29.8,59.1,35.2,54.0,0.0,0.0,0.0
2026-04-08 18:07:15,29.8,59.2,17.0,54.0,0.0,0.0,0.0
2026-04-08 18:07:20,29.7,59.2,0.0,54.0,0.0,0.0,0.0
2026-04-08 18:07:25,29.8,59.4,15.6,54.0,0.0,0.0,0.0
2026-04-08 18:07:30,29.8,59.3,11.2,54.0,0.0,0.0,0.0
2026-04-08 18:07:35,29.7,59.3,12.1,54.0,0.0,0.0,0.0
2026-04-08 18:07:40,29.7,59.4,10.7,54.0,0.0,0.0,0.0
2026-04-08 18:07:45,29.8,59.2,1.3,54.0,0.0,0.0,0.0
2026-04-08 18:07:50,29.7,59.3,30.3,54.0,0.0,0.0,0.0
2026-04-08 18:07:55,29.6,59.2,16.5,54.0,0.0,0.0,0.0
2026-04-08 18:08:00,29.7,59.3,33.2,54.0,0.0,0.0,0.0
2026-04-08 18:08:05,29.8,59.3,3.3,54.0,0.0,0.0,0.0
2026-04-08 18:08:10,29.7,59.3,11.4,54.0,0.0,0.0,0.0
2026-04-08 18:08:15,29.7,59.2,17.5,54.0,0.0,0.0,0.0
2026-04-08 18:08:20,29.7,59.2,17.0,54.0,0.0,0.0,0.0
2026-04-08 18:08:25,29.7,59.3,16.5,54.0,0.0,0.0,0.0
2026-04-08 18:08:30,29.7,59.3,18.1,54.0,0.0,0.0,0.0
2026-04-08 18:08:35,29.6,59.2,23.5,54.0,0.0,0.0,0.0
2026-04-08 18:08:40,29.8,59.3,15.8,54.0,0.0,0.0,0.0
2026-04-08 18:08:45,29.6,59.3,0.0,54.0,0.0,0.0,0.0
2026-04-08 18:08:50,29.7,59.1,11.5,54.0,0.0,0.0,0.0
2026-04-08 18:08:55,29.8,59.3,11.1,54.0,0.0,0.0,0.0
2026-04-08 18:09:00,29.5,59.4,28.1,54.0,0.0,0.0,0.0
2026-04-08 18:09:05,29.7,59.4,13.3,54.0,0.0,0.0,0.0
2026-04-08 18:09:10,29.6,59.4,19.9,54.0,0.0,0.0,0.0
2026-04-08 18:09:15,29.9,59.3,23.1,54.0,0.0,0.0,0.0
2026-04-08 18:09:20,29.9,59.3,25.9,54.0,0.0,0.0,0.0
2026-04-08 18:09:25,29.8,59.3,18.2,54.0,0.0,0.0,0.0
2026-04-08 18:09:30,29.8,59.4,24.5,54.0,0.0,0.0,0.0
2026-04-08 18:09:35,29.8,59.4,24.0,53.9,0.0,0.0,0.0
2026-04-08 18:09:40,29.7,59.4,1.4,53.9,0.0,0.0,0.0
2026-04-08 18:09:45,29.7,59.4,16.6,53.9,0.0,0.0,0.0
2026-04-08 18:09:50,29.7,59.6,17.7,53.9,0.0,0.0,0.0
2026-04-08 18:09:55,29.8,59.6,11.6,53.9,0.0,0.0,0.0
2026-04-08 18:10:00,29.7,59.6,29.8,53.9,0.0,0.0,0.0
2026-04-08 18:10:05,29.8,59.6,4.2,54.0,0.0,0.0,0.0
2026-04-08 18:10:10,29.7,59.5,26.7,54.0,0.0,0.0,0.0
2026-04-08 18:10:15,29.6,59.4,10.5,54.0,0.0,0.0,0.0
2026-04-08 18:10:20,29.6,59.6,8.5,54.0,0.0,0.0,0.0
2026-04-08 18:10:25,29.7,59.3,15.0,54.0,0.0,0.0,0.0
2026-04-08 18:10:30,29.5,59.4,20.7,54.0,0.0,0.0,0.0
2026-04-08 18:10:35,29.5,59.4,18.0,54.0,0.0,0.0,0.0
2026-04-08 18:10:40,29.8,59.3,2.4,54.0,0.0,0.0,0.0
2026-04-08 18:10:45,29.7,59.4,5.0,54.0,0.0,0.0,0.0
2026-04-08 18:10:50,29.8,59.3,18.7,54.0,0.0,0.0,0.0
2026-04-08 18:10:55,29.6,59.3,17.2,54.0,0.0,0.0,0.0
2026-04-08 18:11:00,29.7,59.3,0.5,54.0,0.0,0.0,0.0
2026-04-08 18:11:05,29.8,59.4,13.5,54.0,0.0,0.0,0.0
2026-04-08 18:11:10,29.7,59.4,2.6,54.0,0.0,0.0,0.0
2026-04-08 18:11:15,29.7,59.3,7.6,54.0,0.0,0.0,0.0
2026-04-08 18:11:20,29.7,59.1,9.7,54.0,0.0,0.0,0.0
2026-04-08 18:11:25,29.6,59.1,7.2,54.0,0.0,0.0,0.0
2026-04-08 18:11:30,29.9,59.0,2.2,54.0,0.0,0.0,0.0
2026-04-08 18:11:35,29.8,59.1,2.6,54.0,0.0,0.0,0.0
2026-04-08 18:11:40,29.7,59.1,4.7,53.9,0.0,0.0,0.0
2026-04-08 18:11:45,29.7,59.1,14.5,53.9,0.0,0.0,0.0
2026-04-08 18:11:50,29.7,59.3,9.8,53.9,0.0,0.0,0.0
2026-04-08 18:11:55,29.9,59.2,20.0,54.0,0.0,0.0,0.0
2026-04-08 18:12:00,29.6,59.2,7.5,54.0,0.0,0.0,0.0
2026-04-08 18:12:05,29.7,59.2,26.8,54.0,0.0,0.0,0.0
2026-04-08 18:12:10,29.5,59.4,20.7,54.0,0.0,0.0,0.0
2026-04-08 18:12:15,29.7,59.3,23.2,53.9,0.0,0.0,0.0
2026-04-08 18:12:20,29.8,59.2,11.9,53.9,0.0,0.0,0.0
2026-04-08 18:12:25,29.9,59.1,20.5,53.9,0.0,0.0,0.0
2026-04-08 18:12:30,29.8,59.2,2.1,53.9,0.0,0.0,0.0
2026-04-08 18:12:35,29.7,59.3,2.9,53.9,0.0,0.0,0.0
2026-04-08 18:12:40,29.8,59.3,47.5,54.0,0.0,0.0,0.0
2026-04-08 18:12:45,29.6,59.4,31.2,54.0,0.0,0.0,0.0
2026-04-08 18:12:50,29.8,59.5,16.9,54.0,0.0,0.0,0.0
2026-04-08 18:12:55,29.7,59.4,21.0,54.0,0.0,0.0,0.0
2026-04-08 18:13:00,29.7,59.5,24.8,54.0,0.0,0.0,0.0
2026-04-08 18:13:05,29.8,59.5,17.6,54.0,0.0,0.0,0.0
2026-04-08 18:13:10,29.7,59.6,16.0,54.0,0.0,0.0,0.0
2026-04-08 18:13:15,29.7,59.7,16.9,54.0,0.0,0.0,0.0
2026-04-08 18:13:20,29.7,59.6,14.5,54.0,0.0,0.0,0.0
2026-04-08 18:13:25,30.0,59.7,8.7,54.0,0.0,0.0,0.0
2026-04-08 18:13:30,29.7,59.6,11.3,54.0,0.0,0.0,0.0
2026-04-08 18:13:35,29.7,59.6,28.4,54.0,0.0,0.0,0.0
2026-04-08 18:13:40,29.8,59.7,17.6,54.0,0.0,0.0,0.0
2026-04-08 18:13:45,29.7,59.6,23.6,54.0,0.0,0.0,0.0
2026-04-08 18:13:50,29.7,59.6,7.4,54.0,0.0,0.0,0.0
2026-04-08 18:13:55,29.8,59.5,3.4,53.9,0.0,0.0,0.0
2026-04-08 18:14:00,29.7,59.5,9.7,53.9,0.0,0.0,0.0
2026-04-08 18:14:05,29.7,59.5,3.5,53.9,0.0,0.0,0.0
2026-04-08 18:14:10,29.7,59.6,19.1,53.9,0.0,0.0,0.0
2026-04-08 18:14:15,29.8,59.6,38.1,53.9,0.0,0.0,0.0
2026-04-08 18:14:20,29.8,59.6,23.2,53.9,0.0,0.0,0.0
2026-04-08 18:14:25,29.7,59.6,2.8,53.9,0.0,0.0,0.0
2026-04-08 18:14:30,29.8,59.6,18.7,53.9,0.0,0.0,0.0
2026-04-08 18:14:35,29.6,59.5,19.0,53.9,0.0,0.0,0.0
2026-04-08 18:14:40,29.8,59.5,20.2,53.9,0.0,0.0,0.0
2026-04-08 18:14:45,29.7,59.5,9.8,53.9,0.0,0.0,0.0
2026-04-08 18:14:50,29.5,59.4,0.4,54.0,0.0,0.0,0.0
2026-04-08 18:14:55,29.8,59.3,0.0,54.0,0.0,0.0,0.0
2026-04-08 18:15:00,29.8,59.5,19.9,54.0,0.0,0.0,0.0
2026-04-08 18:15:05,29.8,59.4,26.3,54.0,0.0,0.0,0.0
2026-04-08 18:15:10,29.7,59.5,13.9,54.0,0.0,0.0,0.0
2026-04-08 18:15:15,29.7,59.4,11.9,54.0,0.0,0.0,0.0
2026-04-08 18:15:20,29.8,59.3,4.7,54.0,0.0,0.0,0.0
2026-04-08 18:15:25,29.7,59.4,0.1,53.9,0.0,0.0,0.0
2026-04-08 18:15:30,29.7,59.5,0.0,53.9,0.0,0.0,0.0
2026-04-08 18:15:35,29.8,59.6,6.9,53.9,0.0,0.0,0.0
2026-04-08 18:15:40,29.8,59.6,9.4,53.9,0.0,0.0,0.0
2026-04-08 18:15:45,29.7,59.6,8.9,53.9,0.0,0.0,0.0
2026-04-08 18:15:50,29.7,59.6,3.8,53.9,0.0,0.0,0.0
2026-04-08 18:15:55,29.7,59.7,26.7,53.9,0.0,0.0,0.0
2026-04-08 18:16:00,29.8,59.6,6.1,53.9,0.0,0.0,0.0
2026-04-08 18:16:05,29.8,59.6,12.2,53.9,0.0,0.0,0.0
2026-04-08 18:16:10,29.8,59.5,6.1,53.9,0.0,0.0,0.0
2026-04-08 18:16:15,29.9,59.5,2.9,53.9,0.0,0.0,0.0
2026-04-08 18:16:20,29.9,59.5,0.8,53.9,0.0,0.0,0.0
2026-04-08 18:16:25,29.8,59.4,11.5,53.9,0.0,0.0,0.0
2026-04-08 18:16:30,29.6,59.3,0.0,53.9,0.0,0.0,0.0
2026-04-08 18:16:35,29.8,59.3,20.1,53.9,0.0,0.0,0.0
2026-04-08 18:16:40,29.9,59.3,7.8,53.9,0.0,0.0,0.0
2026-04-08 18:16:45,29.8,59.4,42.4,53.9,0.0,0.0,0.0
2026-04-08 18:16:50,29.8,59.4,20.0,53.9,0.0,0.0,0.0
2026-04-08 18:16:55,29.7,59.3,30.1,53.9,0.0,0.0,0.0
2026-04-08 18:17:00,29.7,59.2,12.9,53.9,0.0,0.0,0.0
2026-04-08 18:17:05,29.6,59.4,9.0,53.9,0.0,0.0,0.0
2026-04-08 18:17:10,29.8,59.3,26.6,54.0,0.0,0.0,0.0
2026-04-08 18:17:15,30.0,59.3,19.5,54.0,0.0,0.0,0.0
2026-04-08 18:17:20,29.7,59.3,16.0,54.0,0.0,0.0,0.0
2026-04-08 18:17:25,29.9,59.3,8.8,53.9,0.0,0.0,0.0
2026-04-08 18:17:30,29.7,59.2,0.0,53.9,0.0,0.0,0.0
2026-04-08 18:17:35,29.8,59.2,3.1,53.9,0.0,0.0,0.0
2026-04-08 18:17:40,29.9,59.3,14.1,53.9,0.0,0.0,0.0
2026-04-08 18:17:45,29.7,59.2,20.6,53.9,0.0,0.0,0.0
2026-04-08 18:17:50,29.8,59.2,18.9,53.9,0.0,0.0,0.0
2026-04-08 18:17:55,29.8,59.1,20.7,53.9,0.0,0.0,0.0
2026-04-08 18:18:00,29.9,59.0,16.8,53.9,0.0,0.0,0.0
2026-04-08 18:18:05,29.9,59.0,10.3,53.9,0.0,0.0,0.0
2026-04-08 18:18:10,29.7,59.0,5.5,53.9,0.0,0.0,0.0
2026-04-08 18:18:15,29.9,58.9,6.0,53.9,0.0,0.0,0.0
2026-04-08 18:18:20,29.8,59.0,0.0,53.9,0.0,0.0,0.0
2026-04-08 18:18:25,29.7,59.0,20.3,53.9,0.0,0.0,0.0
2026-04-08 18:18:30,29.8,59.0,25.8,53.9,0.0,0.0,0.0
2026-04-08 18:18:35,29.8,59.0,32.7,53.9,0.0,0.0,0.0
2026-04-08 18:18:40,29.9,59.0,23.2,53.9,0.0,0.0,0.0
2026-04-08 18:18:45,29.8,59.1,40.5,53.9,0.0,0.0,0.0
2026-04-08 18:18:50,29.8,59.0,34.9,53.9,0.0,0.0,0.0
2026-04-08 18:18:55,29.8,59.2,35.4,53.9,0.0,0.0,0.0
2026-04-08 18:19:00,29.7,59.1,14.1,53.9,0.0,0.0,0.0
2026-04-08 18:19:05,29.9,59.2,0.0,53.9,0.0,0.0,0.0
2026-04-08 18:19:10,29.6,59.3,7.1,53.9,0.0,0.0,0.0
2026-04-08 18:19:15,29.8,59.2,2.2,53.9,0.0,0.0,0.0
2026-04-08 18:19:20,29.7,59.2,14.3,53.9,0.0,0.0,0.0
2026-04-08 18:19:25,29.6,59.3,17.6,53.9,0.0,0.0,0.0
2026-04-08 18:19:30,29.7,59.3,15.0,53.9,0.0,0.0,0.0
2026-04-08 18:19:35,29.9,59.4,28.4,53.9,0.0,0.0,0.0
2026-04-08 18:19:40,29.9,59.3,14.6,53.9,0.0,0.0,0.0
2026-04-08 18:19:45,29.9,59.3,30.2,53.9,0.0,0.0,0.0
2026-04-08 18:19:50,29.9,59.3,11.9,53.9,0.0,0.0,0.0
2026-04-08 18:19:55,29.8,59.3,2.6,53.9,0.0,0.0,0.0
2026-04-08 18:20:00,29.8,59.4,10.0,53.9,0.0,0.0,0.0
2026-04-08 18:20:05,29.7,59.5,21.8,53.9,0.0,0.0,0.0
2026-04-08 18:20:10,29.8,59.5,9.6,53.9,0.0,0.0,0.0
2026-04-08 18:20:15,29.7,59.4,2.0,53.9,0.0,0.0,0.0
2026-04-08 18:20:20,29.7,59.3,16.4,53.9,0.0,0.0,0.0
2026-04-08 18:20:25,29.7,59.4,2.5,53.9,0.0,0.0,0.0
2026-04-08 18:20:30,29.8,59.4,8.7,53.9,0.0,0.0,0.0
2026-04-08 18:20:35,29.9,59.4,3.4,53.9,0.0,0.0,0.0
2026-04-08 18:20:40,29.7,59.4,22.2,53.9,0.0,0.0,0.0
2026-04-08 18:20:45,29.8,59.4,14.4,53.9,0.0,0.0,0.0
2026-04-08 18:20:50,29.8,59.4,15.3,53.9,0.0,0.0,0.0
2026-04-08 18:20:55,29.8,59.4,16.7,53.9,0.0,0.0,0.0
2026-04-08 18:21:00,29.8,59.4,17.2,54.0,0.0,0.0,0.0
2026-04-08 18:21:05,29.9,59.3,29.2,54.0,0.0,0.0,0.0
2026-04-08 18:21:10,29.9,59.4,12.6,54.0,0.0,0.0,0.0
2026-04-08 18:21:15,29.9,59.5,20.8,53.9,0.0,0.0,0.0
2026-04-08 18:21:20,29.8,59.4,7.8,53.9,0.0,0.0,0.0
2026-04-08 18:21:25,29.7,59.4,12.9,53.9,0.0,0.0,0.0
2026-04-08 18:21:30,29.7,59.4,13.3,53.9,0.0,0.0,0.0
2026-04-08 18:21:35,29.7,59.5,23.7,53.9,0.0,0.0,0.0
2026-04-08 18:21:40,29.6,59.4,17.6,53.9,0.0,0.0,0.0
2026-04-08 18:21:45,29.7,59.5,20.1,53.9,0.0,0.0,0.0
2026-04-08 18:21:50,29.8,59.5,8.5,53.9,0.0,0.0,0.0
2026-04-08 18:21:55,29.7,59.5,15.4,53.9,0.0,0.0,0.0
2026-04-08 18:22:00,29.7,59.5,22.6,53.9,0.0,0.0,0.0
2026-04-08 18:22:05,29.7,59.5,17.8,53.9,0.0,0.0,0.0
2026-04-08 18:22:10,29.7,59.6,26.4,53.9,0.0,0.0,0.0
2026-04-08 18:22:15,29.6,59.7,29.3,53.9,0.0,0.0,0.0
2026-04-08 18:22:20,29.8,59.6,4.3,53.9,0.0,0.0,0.0
2026-04-08 18:22:25,29.8,59.6,15.2,53.9,0.0,0.0,0.0
2026-04-08 18:22:30,30.0,59.7,38.0,53.9,0.0,0.0,0.0
2026-04-08 18:22:35,29.9,59.7,15.3,53.9,0.0,0.0,0.0
2026-04-08 18:22:40,29.8,59.6,21.0,53.9,0.0,0.0,0.0
2026-04-08 18:22:45,29.8,59.7,26.0,53.9,0.0,0.0,0.0
2026-04-08 18:22:50,29.8,59.8,22.8,53.9,0.0,0.0,0.0
2026-04-08 18:22:55,29.8,59.6,3.4,53.9,0.0,0.0,0.0
2026-04-08 18:23:00,29.9,59.7,10.1,53.9,0.0,0.0,0.0
2026-04-08 18:23:05,29.8,59.7,10.6,53.9,0.0,0.0,0.0
2026-04-08 18:23:10,29.8,59.7,24.8,53.9,0.0,0.0,0.0
2026-04-08 18:23:15,29.9,59.8,7.4,53.9,0.0,0.0,0.0
2026-04-08 18:23:20,29.8,59.9,24.2,53.9,0.0,0.0,0.0
2026-04-08 18:23:25,30.0,60.0,8.6,53.9,0.0,0.0,0.0
2026-04-08 18:23:30,29.7,60.1,7.9,53.9,0.0,0.0,0.0
2026-04-08 18:23:35,29.9,60.0,0.0,53.9,0.0,0.0,0.0
2026-04-08 18:23:40,29.8,59.8,21.1,53.9,0.0,0.0,0.0
2026-04-08 18:23:45,29.9,59.8,10.3,53.9,0.0,0.0,0.0
2026-04-08 18:23:50,29.8,59.8,7.5,53.9,0.0,0.0,0.0
2026-04-08 18:23:55,29.8,59.7,4.1,53.9,0.0,0.0,0.0
2026-04-08 18:24:00,29.7,59.8,13.0,53.9,0.0,0.0,0.0
2026-04-08 18:24:05,29.9,59.9,18.3,53.9,0.0,0.0,0.0
2026-04-08 18:24:10,29.8,59.8,9.0,53.9,0.0,0.0,0.0
2026-04-08 18:24:15,29.7,59.8,19.4,53.9,0.0,0.0,0.0
2026-04-08 18:24:20,29.8,59.9,12.5,53.9,0.0,0.0,0.0
2026-04-08 18:24:25,29.9,59.9,17.0,53.9,0.0,0.0,0.0
2026-04-08 18:24:30,29.9,59.8,27.9,53.9,0.0,0.0,0.0
2026-04-08 18:24:35,29.8,59.8,6.7,53.9,0.0,0.0,0.0
2026-04-08 18:24:40,29.8,60.0,6.6,53.9,0.0,0.0,0.0
2026-04-08 18:24:45,29.9,60.1,27.4,53.9,0.0,0.0,0.0
2026-04-08 18:24:50,29.8,60.0,17.1,53.9,0.0,0.0,0.0
2026-04-08 18:24:55,29.7,60.0,20.3,53.9,0.0,0.0,0.0
2026-04-08 18:25:00,29.9,59.8,10.8,53.9,0.0,0.0,0.0
2026-04-08 18:25:05,29.7,59.5,3.1,53.9,0.0,0.0,0.0
2026-04-08 18:25:10,30.0,59.5,32.7,53.9,0.0,0.0,0.0
2026-04-08 18:25:15,29.9,59.5,15.3,53.9,0.0,0.0,0.0
2026-04-08 18:25:20,29.9,59.4,0.2,53.9,0.0,0.0,0.0
2026-04-08 18:25:25,29.8,59.4,2.6,53.9,0.0,0.0,0.0
2026-04-08 18:25:30,29.9,59.4,9.4,53.9,0.0,0.0,0.0
2026-04-08 18:25:35,29.7,59.4,0.0,53.9,0.0,0.0,0.0
2026-04-08 18:25:40,29.8,59.3,23.7,53.9,0.0,0.0,0.0
2026-04-08 18:25:45,29.8,59.3,0.0,53.9,0.0,0.0,0.0
2026-04-08 18:25:50,29.9,59.2,19.0,53.9,0.0,0.0,0.0
2026-04-08 18:25:55,29.8,59.1,13.8,53.9,0.0,0.0,0.0
2026-04-08 18:26:00,29.9,59.2,5.8,53.9,0.0,0.0,0.0
2026-04-08 18:26:05,29.7,59.2,10.9,53.9,0.0,0.0,0.0
2026-04-08 18:26:10,29.8,59.1,17.1,53.9,0.0,0.0,0.0
2026-04-08 18:26:15,29.8,59.1,16.7,53.9,0.0,0.0,0.0
2026-04-08 18:26:20,29.8,59.2,9.2,53.9,0.0,0.0,0.0
2026-04-08 18:26:25,29.8,59.0,11.0,53.9,0.0,0.0,0.0
2026-04-08 18:26:30,29.6,59.0,32.3,53.9,0.0,0.0,0.0
2026-04-08 18:26:35,29.9,59.1,21.8,53.9,0.0,0.0,0.0
2026-04-08 18:26:40,29.7,59.1,17.3,53.9,0.0,0.0,0.0
2026-04-08 18:26:45,29.8,59.1,13.6,53.9,0.0,0.0,0.0
2026-04-08 18:26:50,29.7,59.1,14.1,53.9,0.0,0.0,0.0
2026-04-08 18:26:55,29.8,59.0,17.2,53.9,0.0,0.0,0.0
2026-04-08 18:27:00,29.8,59.1,7.9,53.9,0.0,0.0,0.0
2026-04-08 18:27:05,29.8,59.0,11.5,53.9,0.0,0.0,0.0
2026-04-08 18:27:10,29.7,59.0,11.4,53.9,0.0,0.0,0.0
2026-04-08 18:27:15,29.8,59.0,10.7,53.9,0.0,0.0,0.0
2026-04-08 18:27:20,29.7,59.1,5.6,53.9,0.0,0.0,0.0
2026-04-08 18:27:25,29.7,59.0,17.1,53.9,0.0,0.0,0.0
2026-04-08 18:27:30,29.9,59.0,31.9,53.9,0.0,0.0,0.0
2026-04-08 18:27:35,29.8,59.0,14.1,53.9,0.0,0.0,0.0
2026-04-08 18:27:40,29.8,59.0,26.2,54.0,0.0,0.0,0.0
2026-04-08 18:27:45,29.8,59.0,18.6,54.0,0.0,0.0,0.0
2026-04-08 18:27:50,29.9,59.1,14.0,53.9,0.0,0.0,0.0
2026-04-08 18:27:55,29.8,59.1,31.0,53.9,0.0,0.0,0.0
2026-04-08 18:28:00,29.9,59.0,15.1,53.9,0.0,0.0,0.0
2026-04-08 18:28:05,29.8,59.0,14.7,54.0,0.0,0.0,0.0
2026-04-08 18:28:10,29.7,59.0,20.0,54.0,0.0,0.0,0.0
2026-04-08 18:28:15,29.9,59.0,22.2,54.0,0.0,0.0,0.0
2026-04-08 18:28:20,29.9,58.9,23.3,54.0,0.0,0.0,0.0
2026-04-08 18:28:25,29.9,58.9,0.5,53.9,0.0,0.0,0.0
2026-04-08 18:28:30,29.8,59.0,11.1,53.9,0.0,0.0,0.0
2026-04-08 18:28:35,30.1,58.8,13.9,53.9,0.0,0.0,0.0
2026-04-08 18:28:40,29.8,58.8,13.8,53.9,0.0,0.0,0.0
2026-04-08 18:28:45,29.9,58.8,18.6,53.9,0.0,0.0,0.0
2026-04-08 18:28:50,29.7,58.8,7.2,53.9,0.0,0.0,0.0
2026-04-08 18:28:55,29.8,58.8,8.3,53.9,0.0,0.0,0.0
2026-04-08 18:29:00,29.9,58.7,9.4,53.9,0.0,0.0,0.0
2026-04-08 18:29:05,29.9,58.8,16.3,53.9,0.0,0.0,0.0
2026-04-08 18:29:10,30.0,58.9,0.0,53.9,0.0,0.0,0.0
2026-04-08 18:29:15,29.9,58.9,18.6,53.9,0.0,0.0,0.0
2026-04-08 18:29:20,29.9,59.1,19.7,53.9,0.0,0.0,0.0
2026-04-08 18:29:25,29.9,59.2,4.8,53.9,0.0,0.0,0.0
2026-04-08 18:29:30,29.9,59.3,23.7,53.9,0.0,0.0,0.0
2026-04-08 18:29:35,30.0,59.3,20.4,53.9,0.0,0.0,0.0
2026-04-08 18:29:40,29.9,59.3,26.0,53.9,0.0,0.0,0.0
2026-04-08 18:29:45,29.9,59.4,18.7,53.9,0.0,0.0,0.0
2026-04-08 18:29:50,29.9,59.3,10.4,53.9,0.0,0.0,0.0
2026-04-08 18:29:55,29.9,59.4,14.1,53.9,0.0,0.0,0.0
2026-04-08 18:30:00,30.0,59.4,3.7,53.9,0.0,0.0,0.0
2026-04-08 18:30:05,29.9,59.4,7.5,53.9,0.0,0.0,0.0
2026-04-08 18:30:10,29.9,59.5,0.0,53.9,0.0,0.0,0.0
2026-04-08 18:30:15,29.9,59.4,38.5,53.9,0.0,0.0,0.0
2026-04-08 18:30:20,29.8,59.5,12.4,53.9,0.0,0.0,0.0
2026-04-08 18:30:25,29.9,59.5,3.1,53.9,0.0,0.0,0.0
2026-04-08 18:30:30,30.0,59.6,10.1,53.9,0.0,0.0,0.0
2026-04-08 18:30:35,29.9,59.6,5.9,53.9,0.0,0.0,0.0
2026-04-08 18:30:40,29.9,59.6,17.1,53.9,0.0,0.0,0.0
2026-04-08 18:30:45,30.0,59.5,0.0,53.9,0.0,0.0,0.0
2026-04-08 18:30:50,30.0,59.6,20.4,53.9,0.0,0.0,0.0
2026-04-08 18:30:55,29.8,59.6,18.4,53.9,0.0,0.0,0.0
2026-04-08 18:31:00,29.9,59.6,16.5,53.9,0.0,0.0,0.0
2026-04-08 18:31:05,29.7,59.6,38.6,53.9,0.0,0.0,0.0
2026-04-08 18:31:10,29.9,59.6,33.4,53.9,0.0,0.0,0.0
2026-04-08 18:31:15,29.8,59.6,13.9,53.9,0.0,0.0,0.0
2026-04-08 18:31:20,29.8,59.6,34.4,53.9,0.0,0.0,0.0
2026-04-08 18:31:25,29.9,59.7,15.7,53.9,0.0,0.0,0.0
2026-04-08 18:31:30,29.8,59.6,0.0,53.9,0.0,0.0,0.0
2026-04-08 18:31:35,29.9,59.6,9.4,53.9,0.0,0.0,0.0
2026-04-08 18:31:40,29.9,59.6,35.1,53.9,0.0,0.0,0.0
2026-04-08 18:31:45,29.7,59.5,11.0,53.9,0.0,0.0,0.0
2026-04-08 18:31:50,29.9,59.5,24.5,53.9,0.0,0.0,0.0
2026-04-08 18:31:55,29.9,59.6,10.7,53.9,0.0,0.0,0.0
2026-04-08 18:32:00,30.0,59.4,20.1,53.9,0.0,0.0,0.0
2026-04-08 18:32:05,29.9,59.2,0.5,53.9,0.0,0.0,0.0
2026-04-08 18:32:10,29.7,59.2,9.3,53.9,0.0,0.0,0.0
2026-04-08 18:32:15,29.8,59.3,2.0,53.9,0.0,0.0,0.0
2026-04-08 18:32:20,29.9,59.1,0.0,53.9,0.0,0.0,0.0
2026-04-08 18:32:25,30.0,59.3,20.3,53.9,0.0,0.0,0.0
2026-04-08 18:32:30,29.9,59.2,17.7,53.9,0.0,0.0,0.0
2026-04-08 18:32:35,29.9,59.1,12.3,53.9,0.0,0.0,0.0
2026-04-08 18:32:40,29.8,59.3,0.3,53.9,0.0,0.0,0.0
2026-04-08 18:32:45,29.7,59.1,0.0,53.9,0.0,0.0,0.0
2026-04-08 18:32:50,29.8,59.2,20.3,53.9,0.0,0.0,0.0
2026-04-08 18:32:55,29.8,59.2,24.2,53.9,0.0,0.0,0.0
2026-04-08 18:33:00,30.0,59.2,4.6,53.9,0.0,0.0,0.0
2026-04-08 18:33:05,29.7,59.2,3.3,53.9,0.0,0.0,0.0
2026-04-08 18:33:10,29.9,59.2,0.0,53.9,0.0,0.0,0.0
2026-04-08 18:33:15,29.8,59.2,33.6,53.9,0.0,0.0,0.0
2026-04-08 18:33:20,29.9,59.2,11.1,53.9,0.0,0.0,0.0
2026-04-08 18:33:25,29.9,59.1,15.5,53.9,0.0,0.0,0.0
2026-04-08 18:33:30,29.8,59.2,23.2,53.9,0.0,0.0,0.0
2026-04-08 18:33:35,30.0,59.4,18.2,53.9,0.0,0.0,0.0
2026-04-08 18:33:40,29.7,59.6,13.1,53.9,0.0,0.0,0.0
2026-04-08 18:33:45,29.9,59.6,7.3,53.9,0.0,0.0,0.0
2026-04-08 18:33:50,29.8,59.6,18.2,53.9,0.0,0.0,0.0
2026-04-08 18:33:55,30.1,59.7,1.5,53.9,0.0,0.0,0.0
2026-04-08 18:34:00,30.0,59.6,25.1,53.9,0.0,0.0,0.0
2026-04-08 18:34:05,29.9,59.6,26.4,53.9,0.0,0.0,0.0
2026-04-08 18:34:10,29.9,59.5,23.9,53.9,0.0,0.0,0.0
2026-04-08 18:34:15,29.8,59.4,13.6,53.9,0.0,0.0,0.0
2026-04-08 18:34:20,29.9,59.4,3.5,53.9,0.0,0.0,0.0
2026-04-08 18:34:25,29.9,59.4,13.0,53.9,0.0,0.0,0.0
2026-04-08 18:34:30,30.0,59.4,14.0,53.9,0.0,0.0,0.0
2026-04-08 18:34:35,29.8,59.3,11.2,53.9,0.0,0.0,0.0
2026-04-08 18:34:40,30.0,59.4,25.8,53.9,0.0,0.0,0.0
2026-04-08 18:34:45,29.8,59.3,3.4,53.9,0.0,0.0,0.0
2026-04-08 18:34:50,29.9,59.2,12.1,53.9,0.0,0.0,0.0
2026-04-08 18:34:55,29.9,59.2,16.7,53.9,0.0,0.0,0.0
2026-04-08 18:35:00,29.9,59.3,9.3,53.9,0.0,0.0,0.0
2026-04-08 18:35:05,29.7,59.3,22.0,53.9,0.0,0.0,0.0
2026-04-08 18:35:10,29.9,59.4,30.5,53.9,0.0,0.0,0.0
2026-04-08 18:35:15,29.8,59.4,24.1,53.9,0.0,0.0,0.0
2026-04-08 18:35:20,29.9,59.4,25.9,53.9,0.0,0.0,0.0
2026-04-08 18:35:25,29.9,59.5,9.7,53.9,0.0,0.0,0.0
2026-04-08 18:35:30,29.8,59.7,12.5,53.9,0.0,0.0,0.0
2026-04-08 18:35:35,30.0,59.6,12.3,53.9,0.0,0.0,0.0
2026-04-08 18:35:40,30.0,59.6,0.0,53.9,0.0,0.0,0.0
2026-04-08 18:35:45,29.8,59.7,14.5,53.9,0.0,0.0,0.0
2026-04-08 18:35:50,30.1,59.6,18.5,53.9,0.0,0.0,0.0
2026-04-08 18:35:55,29.9,59.7,29.2,53.9,0.0,0.0,0.0
2026-04-08 18:36:00,29.9,59.7,18.1,53.9,0.0,0.0,0.0
2026-04-08 18:36:05,29.8,59.7,2.5,53.9,0.0,0.0,0.0
2026-04-08 18:36:10,29.9,59.7,8.2,53.9,0.0,0.0,0.0
2026-04-08 18:36:15,30.0,59.8,30.2,53.9,0.0,0.0,0.0
2026-04-08 18:36:20,29.9,59.8,36.6,53.8,0.0,0.0,0.0
2026-04-08 18:36:25,29.9,59.9,37.2,53.8,0.0,0.0,0.0
2026-04-08 18:36:30,29.8,59.7,17.9,53.9,0.0,0.0,0.0
2026-04-08 18:36:35,29.8,59.8,17.0,53.9,0.0,0.0,0.0
2026-04-08 18:36:40,30.0,59.8,25.2,53.9,0.0,0.0,0.0
2026-04-08 18:36:45,29.9,59.8,9.8,53.9,0.0,0.0,0.0
2026-04-08 18:36:50,30.0,59.9,0.0,53.9,0.0,0.0,0.0
2026-04-08 18:36:55,29.9,60.1,12.8,53.9,0.0,0.0,0.0
2026-04-08 18:37:00,30.0,60.2,6.6,53.9,0.0,0.0,0.0
2026-04-08 18:37:05,30.1,60.3,21.3,53.9,0.0,0.0,0.0
2026-04-08 18:37:10,30.0,60.2,20.6,53.9,0.0,0.0,0.0
2026-04-08 18:37:15,30.0,60.2,22.2,53.9,0.0,0.0,0.0
2026-04-08 18:37:20,30.0,60.1,17.5,53.9,0.0,0.0,0.0
2026-04-08 18:37:25,29.9,60.2,16.1,53.9,0.0,0.0,0.0
2026-04-08 18:37:30,30.1,60.2,14.2,53.9,0.0,0.0,0.0
2026-04-08 18:37:35,30.0,60.0,19.1,53.9,0.0,0.0,0.0
2026-04-08 18:37:40,30.0,60.1,4.3,53.9,0.0,0.0,0.0
2026-04-08 18:37:45,29.9,60.1,15.3,53.9,0.0,0.0,0.0
2026-04-08 18:37:50,29.9,60.1,16.7,53.9,0.0,0.0,0.0
2026-04-08 18:37:55,30.1,60.1,2.7,53.9,0.0,0.0,0.0
2026-04-08 18:38:00,29.8,60.0,31.4,53.9,0.0,0.0,0.0
2026-04-08 18:38:05,29.9,60.0,37.5,53.9,0.0,0.0,0.0
2026-04-08 18:38:10,30.0,59.9,14.5,53.9,0.0,0.0,0.0
2026-04-08 18:38:15,29.9,60.0,20.2,53.9,0.0,0.0,0.0
2026-04-08 18:38:20,29.9,59.9,18.5,53.9,0.0,0.0,0.0
2026-04-08 18:38:25,29.9,59.9,1.4,53.9,0.0,0.0,0.0
2026-04-08 18:38:30,29.8,59.9,23.1,53.9,0.0,0.0,0.0
2026-04-08 18:38:35,30.0,59.9,17.2,53.9,0.0,0.0,0.0
2026-04-08 18:38:40,29.9,59.8,18.9,53.9,0.0,0.0,0.0
2026-04-08 18:38:45,29.9,59.7,13.1,53.9,0.0,0.0,0.0
2026-04-08 18:38:50,29.9,59.6,19.2,53.9,0.0,0.0,0.0
2026-04-08 18:38:55,30.1,59.6,16.9,53.9,0.0,0.0,0.0
2026-04-08 18:39:00,29.9,59.6,32.1,53.9,0.0,0.0,0.0
2026-04-08 18:39:05,30.0,59.7,12.9,53.9,0.0,0.0,0.0
2026-04-08 18:39:10,29.7,59.5,12.1,53.9,0.0,0.0,0.0
2026-04-08 18:39:15,29.9,59.5,27.5,53.9,0.0,0.0,0.0
2026-04-08 18:39:20,29.9,59.5,6.1,53.9,0.0,0.0,0.0
2026-04-08 18:39:25,29.9,59.4,26.2,53.9,0.0,0.0,0.0
2026-04-08 18:39:30,29.9,59.4,5.1,53.9,0.0,0.0,0.0
2026-04-08 18:39:35,30.0,59.2,5.7,53.9,0.0,0.0,0.0
2026-04-08 18:39:40,29.8,59.0,22.6,53.9,0.0,0.0,0.0
2026-04-08 18:39:45,30.0,58.9,27.1,53.9,0.0,0.0,0.0
2026-04-08 18:39:50,29.9,59.0,16.1,53.9,0.0,0.0,0.0
2026-04-08 18:39:55,30.0,59.1,19.8,53.9,0.0,0.0,0.0
2026-04-08 18:40:00,29.8,59.1,14.0,53.9,0.0,0.0,0.0
2026-04-08 18:40:05,29.9,59.3,27.5,53.9,0.0,0.0,0.0
2026-04-08 18:40:10,29.9,59.3,4.9,53.9,0.0,0.0,0.0
2026-04-08 18:40:15,29.9,59.4,21.7,53.9,0.0,0.0,0.0
2026-04-08 18:40:20,29.9,59.4,5.9,53.9,0.0,0.0,0.0
2026-04-08 18:40:25,30.0,59.4,5.1,53.9,0.0,0.0,0.0
2026-04-08 18:40:30,29.9,59.5,9.7,53.9,0.0,0.0,0.0
2026-04-08 18:40:35,29.9,59.4,25.4,53.9,0.0,0.0,0.0
2026-04-08 18:40:40,30.0,59.3,7.3,53.9,0.0,0.0,0.0
2026-04-08 18:40:45,29.9,59.4,22.1,53.8,0.0,0.0,0.0
2026-04-08 18:40:50,30.0,59.4,4.5,53.8,0.0,0.0,0.0
2026-04-08 18:40:55,30.0,59.4,2.3,53.8,0.0,0.0,0.0
2026-04-08 18:41:00,29.9,59.2,22.7,53.8,0.0,0.0,0.0
2026-04-08 18:41:05,29.8,59.3,23.0,53.8,0.0,0.0,0.0
2026-04-08 18:41:10,29.9,59.2,15.2,53.9,0.0,0.0,0.0
2026-04-08 18:41:15,29.9,59.2,26.9,53.9,0.0,0.0,0.0
2026-04-08 18:41:20,29.9,59.1,14.9,53.9,0.0,0.0,0.0
2026-04-08 18:41:25,29.8,59.1,15.4,53.9,0.0,0.0,0.0
2026-04-08 18:41:30,29.8,59.2,3.3,53.9,0.0,0.0,0.0
2026-04-08 18:41:35,29.9,59.2,7.5,53.9,0.0,0.0,0.0
2026-04-08 18:41:40,29.8,59.3,12.1,53.9,0.0,0.0,0.0
2026-04-08 18:41:45,30.0,59.1,0.0,53.9,0.0,0.0,0.0
2026-04-08 18:41:50,29.9,59.2,4.7,53.9,0.0,0.0,0.0
2026-04-08 18:41:55,29.8,59.2,14.5,53.9,0.0,0.0,0.0
2026-04-08 18:42:00,29.9,59.3,26.8,53.9,0.0,0.0,0.0
2026-04-08 18:42:05,30.0,59.2,23.4,53.9,0.0,0.0,0.0
2026-04-08 18:42:10,30.0,59.3,11.2,53.9,0.0,0.0,0.0
2026-04-08 18:42:15,29.9,59.3,16.4,53.9,0.0,0.0,0.0
2026-04-08 18:42:20,29.9,59.2,5.1,53.9,0.0,0.0,0.0
2026-04-08 18:42:25,29.9,59.0,14.2,53.9,0.0,0.0,0.0
2026-04-08 18:42:30,29.9,59.0,8.8,53.9,0.0,0.0,0.0
2026-04-08 18:42:35,29.9,59.0,9.6,53.9,0.0,0.0,0.0
2026-04-08 18:42:40,29.9,59.0,15.4,53.9,0.0,0.0,0.0
2026-04-08 18:42:45,29.9,59.0,21.5,53.9,0.0,0.0,0.0
2026-04-08 18:42:50,29.8,59.1,17.2,53.9,0.0,0.0,0.0
2026-04-08 18:42:55,29.9,59.0,16.3,53.9,0.0,0.0,0.0
2026-04-08 18:43:00,29.8,59.0,17.1,53.9,0.0,0.0,0.0
2026-04-08 18:43:05,29.9,59.0,16.6,53.9,0.0,0.0,0.0
2026-04-08 18:43:10,29.9,58.9,12.7,53.9,0.0,0.0,0.0
2026-04-08 18:43:15,29.9,58.9,18.7,53.8,0.0,0.0,0.0
2026-04-08 18:43:20,29.9,58.9,17.0,53.8,0.0,0.0,0.0
2026-04-08 18:43:25,30.0,58.8,24.8,53.8,0.0,0.0,0.0
2026-04-08 18:43:30,29.9,58.9,11.0,53.9,0.0,0.0,0.0
2026-04-08 18:43:35,29.8,58.9,8.5,53.9,0.0,0.0,0.0
2026-04-08 18:43:40,29.9,58.9,21.7,53.9,0.0,0.0,0.0
2026-04-08 18:43:45,29.8,58.8,16.0,53.9,0.0,0.0,0.0
2026-04-08 18:43:50,29.9,58.7,29.4,53.9,0.0,0.0,0.0
2026-04-08 18:43:55,29.9,58.7,7.0,53.9,0.0,0.0,0.0
2026-04-08 18:44:00,29.9,58.8,13.7,53.9,0.0,0.0,0.0
2026-04-08 18:44:05,29.8,58.9,22.3,53.9,0.0,0.0,0.0
2026-04-08 18:44:10,29.8,59.1,19.5,53.9,0.0,0.0,0.0
2026-04-08 18:44:15,30.0,59.1,13.0,53.8,0.0,0.0,0.0
2026-04-08 18:44:20,29.9,59.2,22.4,53.8,0.0,0.0,0.0
2026-04-08 18:44:25,30.0,59.1,1.4,53.9,0.0,0.0,0.0
2026-04-08 18:44:30,29.9,59.3,12.0,53.9,0.0,0.0,0.0
2026-04-08 18:44:35,29.8,59.3,25.1,53.9,0.0,0.0,0.0
2026-04-08 18:44:40,29.8,59.2,18.1,53.9,0.0,0.0,0.0
2026-04-08 18:44:45,29.7,59.3,3.2,53.9,0.0,0.0,0.0
2026-04-08 18:44:50,29.8,59.5,17.2,53.9,0.0,0.0,0.0
2026-04-08 18:44:55,29.8,59.4,12.8,53.9,0.0,0.0,0.0
2026-04-08 18:45:00,29.8,59.5,29.4,53.9,0.0,0.0,0.0
2026-04-08 18:45:05,30.0,59.6,42.1,53.9,0.0,0.0,0.0
2026-04-08 18:45:10,29.8,59.6,3.9,53.9,0.0,0.0,0.0
2026-04-08 18:45:15,29.7,59.4,15.2,53.9,0.0,0.0,0.0
2026-04-08 18:45:20,30.1,59.3,18.2,53.9,0.0,0.0,0.0
2026-04-08 18:45:25,29.9,59.3,26.7,53.9,0.0,0.0,0.0
2026-04-08 18:45:30,29.8,59.3,23.4,53.9,0.0,0.0,0.0
2026-04-08 18:45:35,29.9,59.5,18.6,53.9,0.0,0.0,0.0
2026-04-08 18:45:40,30.0,59.3,18.7,53.9,0.0,0.0,0.0
2026-04-08 18:45:45,29.8,59.5,21.9,53.9,0.0,0.0,0.0
2026-04-08 18:45:50,29.9,59.4,23.1,53.9,0.0,0.0,0.0
2026-04-08 18:45:55,29.8,59.2,26.1,53.9,0.0,0.0,0.0
2026-04-08 18:46:00,29.8,59.2,9.7,53.9,0.0,0.0,0.0
2026-04-08 18:46:05,29.7,59.1,11.5,53.9,0.0,0.0,0.0
2026-04-08 18:46:10,29.8,59.0,16.7,53.8,0.0,0.0,0.0
2026-04-08 18:46:15,29.9,59.1,20.5,53.8,0.0,0.0,0.0
2026-04-08 18:46:20,29.8,59.0,12.4,53.8,0.0,0.0,0.0
2026-04-08 18:46:25,29.8,58.9,18.8,53.9,0.0,0.0,0.0
2026-04-08 18:46:30,29.7,58.8,1.1,53.9,0.0,0.0,0.0
2026-04-08 18:46:35,29.8,58.8,25.9,53.9,0.0,0.0,0.0
2026-04-08 18:46:40,29.8,58.9,26.8,53.9,0.0,0.0,0.0
2026-04-08 18:46:45,29.8,58.9,14.7,53.9,0.0,0.0,0.0
2026-04-08 18:46:50,29.8,59.0,15.0,53.9,0.0,0.0,0.0
2026-04-08 18:46:55,29.7,59.1,13.1,53.9,0.0,0.0,0.0
2026-04-08 18:47:00,29.9,59.0,20.7,53.9,0.0,0.0,0.0
2026-04-08 18:47:05,29.8,59.0,18.7,53.9,0.0,0.0,0.0
2026-04-08 18:47:10,29.8,59.1,0.0,53.9,0.0,0.0,0.0
2026-04-08 18:47:15,29.9,59.3,10.4,53.8,0.0,0.0,0.0
2026-04-08 18:47:20,29.9,59.4,12.4,53.8,0.0,0.0,0.0
2026-04-08 18:47:25,29.9,59.3,19.3,53.8,0.0,0.0,0.0
2026-04-08 18:47:30,29.9,59.2,3.2,53.9,0.0,0.0,0.0
2026-04-08 18:47:35,29.8,59.3,8.8,53.9,0.0,0.0,0.0
2026-04-08 18:47:40,29.8,59.3,30.5,53.9,0.0,0.0,0.0
2026-04-08 18:47:45,29.9,59.2,22.0,53.8,0.0,0.0,0.0
2026-04-08 18:47:50,29.9,59.2,9.9,53.8,0.0,0.0,0.0
2026-04-08 18:47:55,29.9,59.2,27.3,53.8,0.0,0.0,0.0
2026-04-08 18:48:00,29.9,59.2,22.8,53.9,0.0,0.0,0.0
2026-04-08 18:48:05,29.8,59.2,21.0,53.9,0.0,0.0,0.0
2026-04-08 18:48:10,29.8,59.2,23.4,53.9,0.0,0.0,0.0
2026-04-08 18:48:15,29.8,59.4,23.3,53.9,0.0,0.0,0.0
2026-04-08 18:48:20,29.8,59.3,24.1,53.9,0.0,0.0,0.0
2026-04-08 18:48:25,29.9,59.4,18.1,53.9,0.0,0.0,0.0
2026-04-08 18:48:30,29.9,59.5,7.8,53.9,0.0,0.0,0.0
2026-04-08 18:48:35,29.7,59.4,27.5,53.9,0.0,0.0,0.0
2026-04-08 18:48:40,30.0,59.4,11.2,53.9,0.0,0.0,0.0
2026-04-08 18:48:45,29.8,59.4,13.2,53.9,0.0,0.0,0.0
2026-04-08 18:48:50,29.8,59.5,23.1,53.9,0.0,0.0,0.0
2026-04-08 18:48:55,29.8,59.5,16.0,53.9,0.0,0.0,0.0
2026-04-08 18:49:00,29.8,59.5,7.9,53.9,0.0,0.0,0.0
2026-04-08 18:49:05,29.9,59.5,20.4,53.9,0.0,0.0,0.0
2026-04-08 18:49:10,29.9,59.5,14.6,53.9,0.0,0.0,0.0
2026-04-08 18:49:15,30.0,59.6,4.9,53.9,0.0,0.0,0.0
2026-04-08 18:49:20,30.0,59.5,12.9,53.9,0.0,0.0,0.0
2026-04-08 18:49:25,29.9,59.5,12.0,53.9,0.0,0.0,0.0
2026-04-08 18:49:30,29.9,59.5,16.9,53.9,0.0,0.0,0.0
2026-04-08 18:49:35,29.8,59.6,17.6,53.9,0.0,0.0,0.0
2026-04-08 18:49:40,29.9,59.6,0.0,53.9,0.0,0.0,0.0
2026-04-08 18:49:45,29.8,59.7,4.9,53.9,0.0,0.0,0.0
2026-04-08 18:49:50,29.8,59.7,9.5,53.9,0.0,0.0,0.0
2026-04-08 18:49:55,30.0,59.7,21.8,53.9,0.0,0.0,0.0
2026-04-08 18:50:00,29.8,59.7,19.9,53.9,0.0,0.0,0.0
2026-04-08 18:50:05,29.9,59.6,2.9,53.9,0.0,0.0,0.0
2026-04-08 18:50:10,29.9,59.5,0.0,53.9,0.0,0.0,0.0
2026-04-08 18:50:15,29.9,59.5,15.7,53.9,0.0,0.0,0.0
2026-04-08 18:50:20,29.9,59.4,10.9,53.9,0.0,0.0,0.0
2026-04-08 18:50:25,29.9,59.4,21.2,53.9,0.0,0.0,0.0
2026-04-08 18:50:30,29.8,59.5,6.2,53.9,0.0,0.0,0.0
2026-04-08 18:50:35,29.8,59.4,16.9,53.9,0.0,0.0,0.0
2026-04-08 18:50:40,30.0,59.5,20.6,53.8,0.0,0.0,0.0
2026-04-08 18:50:45,29.9,59.7,13.3,53.8,0.0,0.0,0.0
2026-04-08 18:50:50,29.9,59.6,9.7,53.9,0.0,0.0,0.0
2026-04-08 18:50:55,30.0,59.6,31.9,53.9,0.0,0.0,0.0
2026-04-08 18:51:00,29.9,59.6,19.3,53.9,0.0,0.0,0.0
2026-04-08 18:51:05,29.9,59.8,15.0,53.9,0.0,0.0,0.0
2026-04-08 18:51:10,29.9,59.7,17.0,53.9,0.0,0.0,0.0
2026-04-08 18:51:15,29.9,59.8,18.8,53.9,0.0,0.0,0.0
2026-04-08 18:51:20,29.9,59.7,26.3,53.9,0.0,0.0,0.0
2026-04-08 18:51:25,30.0,59.6,16.5,53.9,0.0,0.0,0.0
2026-04-08 18:51:30,30.0,59.6,13.7,53.9,0.0,0.0,0.0
2026-04-08 18:51:35,29.8,59.6,8.7,53.9,0.0,0.0,0.0
2026-04-08 18:51:40,29.8,59.6,1.8,53.8,0.0,0.0,0.0
2026-04-08 18:51:45,29.8,59.5,0.0,53.8,0.0,0.0,0.0
2026-04-08 18:51:50,29.9,59.4,19.6,53.8,0.0,0.0,0.0
2026-04-08 18:51:55,29.9,59.4,8.0,53.8,0.0,0.0,0.0
2026-04-08 18:52:00,30.1,59.5,25.7,53.8,0.0,0.0,0.0
2026-04-08 18:52:05,30.0,59.4,8.9,53.8,0.0,0.0,0.0
2026-04-08 18:52:10,29.8,59.4,13.1,53.9,0.0,0.0,0.0
2026-04-08 18:52:15,30.0,59.4,24.5,53.9,0.0,0.0,0.0
2026-04-08 18:52:20,30.0,59.4,24.8,53.8,0.0,0.0,0.0
2026-04-08 18:52:25,29.8,59.4,21.7,53.8,0.0,0.0,0.0
2026-04-08 18:52:30,29.9,59.7,24.5,53.9,0.0,0.0,0.0
2026-04-08 18:52:35,30.0,59.5,14.2,53.9,0.0,0.0,0.0
2026-04-08 18:52:40,30.0,59.5,21.5,53.9,0.0,0.0,0.0
2026-04-08 18:52:45,29.9,59.5,0.0,53.9,0.0,0.0,0.0
2026-04-08 18:52:50,29.8,59.4,2.4,53.9,0.0,0.0,0.0
2026-04-08 18:52:55,29.9,59.3,3.7,53.8,0.0,0.0,0.0
2026-04-08 18:53:00,30.0,59.4,30.1,53.8,0.0,0.0,0.0
2026-04-08 18:53:05,29.8,59.4,1.1,53.8,0.0,0.0,0.0
2026-04-08 18:53:10,29.9,59.4,22.4,53.8,0.0,0.0,0.0
2026-04-08 18:53:15,29.8,59.5,20.1,53.8,0.0,0.0,0.0
2026-04-08 18:53:20,30.0,59.4,17.7,53.8,0.0,0.0,0.0
2026-04-08 18:53:25,29.9,59.3,16.1,53.8,0.0,0.0,0.0
2026-04-08 18:53:30,29.8,59.1,4.2,53.8,0.0,0.0,0.0
2026-04-08 18:53:35,29.9,59.0,12.3,53.8,0.0,0.0,0.0
2026-04-08 18:53:40,30.0,58.9,12.5,53.8,0.0,0.0,0.0
2026-04-08 18:53:45,30.0,59.0,15.5,53.8,0.0,0.0,0.0
2026-04-08 18:53:50,29.8,59.0,9.3,53.8,0.0,0.0,0.0
2026-04-08 18:53:55,29.8,59.2,17.3,53.8,0.0,0.0,0.0
2026-04-08 18:54:00,30.0,59.2,12.6,53.8,0.0,0.0,0.0
2026-04-08 18:54:05,29.9,59.2,21.4,53.8,0.0,0.0,0.0
2026-04-08 18:54:10,29.9,59.3,22.4,53.8,0.0,0.0,0.0
2026-04-08 18:54:15,29.9,59.3,22.7,53.9,0.0,0.0,0.0
2026-04-08 18:54:20,30.0,59.4,19.9,53.9,0.0,0.0,0.0
2026-04-08 18:54:25,30.0,59.3,23.6,53.9,0.0,0.0,0.0
2026-04-08 18:54:30,30.0,59.4,19.3,53.8,0.0,0.0,0.0
2026-04-08 18:54:35,29.8,59.2,0.0,53.8,0.0,0.0,0.0
2026-04-08 18:54:40,29.8,59.3,13.7,53.8,0.0,0.0,0.0
2026-04-08 18:54:45,29.9,59.4,21.3,53.8,0.0,0.0,0.0
2026-04-08 18:54:50,30.0,59.4,15.8,53.8,0.0,0.0,0.0
2026-04-08 18:54:55,29.8,59.3,21.1,53.8,0.0,0.0,0.0
2026-04-08 18:55:00,30.0,59.3,12.8,53.8,0.0,0.0,0.0
2026-04-08 18:55:05,29.8,59.2,19.0,53.9,0.0,0.0,0.0
2026-04-08 18:55:10,29.9,59.3,15.8,53.9,0.0,0.0,0.0
2026-04-08 18:55:15,29.8,59.4,23.2,53.9,0.0,0.0,0.0
2026-04-08 18:55:20,29.8,59.5,25.1,53.9,0.0,0.0,0.0
2026-04-08 18:55:25,29.9,59.4,39.3,53.9,0.0,0.0,0.0
2026-04-08 18:55:30,29.8,59.4,21.2,53.9,0.0,0.0,0.0
2026-04-08 18:55:35,29.8,59.5,17.4,53.9,0.0,0.0,0.0
2026-04-08 18:55:40,29.7,59.5,15.8,53.9,0.0,0.0,0.0
2026-04-08 18:55:45,30.0,59.6,17.5,53.9,0.0,0.0,0.0
2026-04-08 18:55:50,29.8,59.6,6.0,53.9,0.0,0.0,0.0
2026-04-08 18:55:55,29.8,59.6,18.4,53.8,0.0,0.0,0.0
2026-04-08 18:56:00,29.8,59.5,20.0,53.8,0.0,0.0,0.0
2026-04-08 18:56:05,29.8,59.5,12.8,53.8,0.0,0.0,0.0
2026-04-08 18:56:10,29.8,59.4,15.3,53.8,0.0,0.0,0.0
2026-04-08 18:56:15,29.9,59.4,8.7,53.8,0.0,0.0,0.0
2026-04-08 18:56:20,29.8,59.4,17.5,53.8,0.0,0.0,0.0
2026-04-08 18:56:25,29.8,59.4,4.1,53.8,0.0,0.0,0.0
2026-04-08 18:56:30,29.8,59.6,0.0,53.8,0.0,0.0,0.0
2026-04-08 18:56:35,29.9,59.6,19.0,53.8,0.0,0.0,0.0
2026-04-08 18:56:40,30.0,59.6,9.4,53.8,0.0,0.0,0.0
2026-04-08 18:56:45,29.8,59.5,25.7,53.8,0.0,0.0,0.0
2026-04-08 18:56:50,29.8,59.5,25.2,53.8,0.0,0.0,0.0
2026-04-08 18:56:55,29.7,59.5,24.2,53.8,0.0,0.0,0.0
2026-04-08 18:57:00,29.9,59.5,12.9,53.8,0.0,0.0,0.0
2026-04-08 18:57:05,29.9,59.6,8.6,53.8,0.0,0.0,0.0
2026-04-08 18:57:10,30.0,59.5,19.2,53.8,0.0,0.0,0.0
2026-04-08 18:57:15,29.9,59.4,17.6,53.8,0.0,0.0,0.0
2026-04-08 18:57:20,29.8,59.4,15.9,53.8,0.0,0.0,0.0
2026-04-08 18:57:25,29.9,59.3,0.0,53.8,0.0,0.0,0.0
2026-04-08 18:57:30,30.0,59.3,3.0,53.8,0.0,0.0,0.0
2026-04-08 18:57:35,29.9,59.3,21.2,53.8,0.0,0.0,0.0
2026-04-08 18:57:40,30.0,59.5,11.7,53.8,0.0,0.0,0.0
2026-04-08 18:57:45,29.9,59.6,11.0,53.8,0.0,0.0,0.0
2026-04-08 18:57:50,29.9,59.6,6.6,53.8,0.0,0.0,0.0
2026-04-08 18:57:55,30.0,59.7,15.2,53.8,0.0,0.0,0.0
2026-04-08 18:58:00,30.1,59.8,14.7,53.8,0.0,0.0,0.0
2026-04-08 18:58:05,30.0,59.8,13.3,53.8,0.0,0.0,0.0
2026-04-08 18:58:10,29.9,59.7,18.6,53.8,0.0,0.0,0.0
2026-04-08 18:58:15,29.8,59.7,18.3,53.8,0.0,0.0,0.0
2026-04-08 18:58:20,30.0,59.8,20.6,53.8,0.0,0.0,0.0
2026-04-08 18:58:25,30.0,59.7,12.8,53.8,0.0,0.0,0.0
2026-04-08 18:58:30,30.0,59.6,17.0,53.8,0.0,0.0,0.0
2026-04-08 18:58:35,30.0,59.6,23.8,53.8,0.0,0.0,0.0
2026-04-08 18:58:40,30.1,59.8,14.5,53.8,0.0,0.0,0.0
2026-04-08 18:58:45,29.9,59.8,12.3,53.8,0.0,0.0,0.0
2026-04-08 18:58:50,30.0,60.0,15.8,53.8,0.0,0.0,0.0
2026-04-08 18:58:55,30.0,60.0,15.3,53.8,0.0,0.0,0.0
2026-04-08 18:59:00,29.8,59.8,20.4,53.8,0.0,0.0,0.0
2026-04-08 18:59:05,30.0,59.8,14.1,53.8,0.0,0.0,0.0
2026-04-08 18:59:10,29.9,59.9,22.7,53.8,0.0,0.0,0.0
2026-04-08 18:59:15,30.0,59.8,24.6,53.8,0.0,0.0,0.0
2026-04-08 18:59:20,29.9,59.8,6.7,53.9,0.0,0.0,0.0
2026-04-08 18:59:25,29.9,59.7,12.8,53.9,0.0,0.0,0.0
2026-04-08 18:59:30,30.0,59.7,18.4,53.8,0.0,0.0,0.0
2026-04-08 18:59:35,30.1,59.7,47.8,53.8,0.0,0.0,0.0
2026-04-08 18:59:40,30.0,59.8,0.0,53.8,0.0,0.0,0.0
2026-04-08 18:59:45,30.0,59.8,16.6,53.8,0.0,0.0,0.0
2026-04-08 18:59:50,29.9,59.7,29.6,53.8,0.0,0.0,0.0
2026-04-08 18:59:55,29.9,59.7,20.6,53.8,0.0,0.0,0.0
2026-04-08 19:00:00,30.0,59.7,32.2,53.8,0.0,0.0,0.0
2026-04-08 19:00:05,29.9,59.8,17.5,53.8,0.0,0.0,0.0
2026-04-08 19:00:10,30.0,59.8,4.8,53.8,0.0,0.0,0.0
2026-04-08 19:00:15,29.8,59.8,26.0,53.8,0.0,0.0,0.0
2026-04-08 19:00:20,29.9,59.8,11.7,53.8,0.0,0.0,0.0
2026-04-08 19:00:25,30.1,59.9,13.9,53.8,0.0,0.0,0.0
2026-04-08 19:00:30,29.9,59.9,20.1,53.8,0.0,0.0,0.0
2026-04-08 19:00:35,30.1,59.9,0.0,53.8,0.0,0.0,0.0
2026-04-08 19:00:40,30.1,59.8,17.9,53.8,0.0,0.0,0.0
2026-04-08 19:00:45,30.0,59.8,21.1,53.8,0.0,0.0,0.0
2026-04-08 19:00:50,30.0,59.7,6.5,53.8,0.0,0.0,0.0
2026-04-08 19:00:55,30.1,59.6,20.1,53.8,0.0,0.0,0.0
2026-04-08 19:01:00,30.0,59.5,11.8,53.8,0.0,0.0,0.0
2026-04-08 19:01:05,29.9,59.5,23.1,53.8,0.0,0.0,0.0
2026-04-08 19:01:10,30.0,59.4,28.0,53.8,0.0,0.0,0.0
2026-04-08 19:01:15,30.1,59.4,21.9,53.8,0.0,0.0,0.0
2026-04-08 19:01:20,30.1,59.3,28.2,53.8,0.0,0.0,0.0
2026-04-08 19:01:25,30.1,59.3,32.9,53.8,0.0,0.0,0.0
2026-04-08 19:01:30,29.9,59.2,22.0,53.8,0.0,0.0,0.0
2026-04-08 19:01:35,30.0,59.2,3.3,53.8,0.0,0.0,0.0
2026-04-08 19:01:40,29.9,59.1,3.6,53.8,0.0,0.0,0.0
2026-04-08 19:01:45,30.0,59.2,0.0,53.8,0.0,0.0,0.0
2026-04-08 19:01:50,30.1,59.2,12.2,53.8,0.0,0.0,0.0
2026-04-08 19:01:55,30.1,59.3,6.0,53.8,0.0,0.0,0.0
2026-04-08 19:02:00,30.1,59.3,16.0,53.8,0.0,0.0,0.0
2026-04-08 19:02:05,30.0,59.3,0.0,53.8,0.0,0.0,0.0
2026-04-08 19:02:10,30.0,59.3,1.8,53.8,0.0,0.0,0.0
2026-04-08 19:02:15,29.9,59.3,10.3,53.8,0.0,0.0,0.0
2026-04-08 19:02:20,30.0,59.3,31.4,53.8,0.0,0.0,0.0
2026-04-08 19:02:25,30.1,59.2,9.2,53.8,0.0,0.0,0.0
2026-04-08 19:02:30,30.0,59.3,21.8,53.8,0.0,0.0,0.0
2026-04-08 19:02:35,29.9,59.3,21.5,53.8,0.0,0.0,0.0
2026-04-08 19:02:40,29.9,59.3,2.1,53.8,0.0,0.0,0.0
2026-04-08 19:02:45,30.1,59.3,10.5,53.8,0.0,0.0,0.0
2026-04-08 19:02:50,30.0,59.2,17.9,53.8,0.0,0.0,0.0
2026-04-08 19:02:55,29.9,59.2,8.4,53.8,0.0,0.0,0.0
2026-04-08 19:03:00,29.9,59.3,38.6,53.8,0.0,0.0,0.0
2026-04-08 19:03:05,30.0,59.5,0.0,53.8,0.0,0.0,0.0
2026-04-08 19:03:10,29.9,59.5,21.0,53.8,0.0,0.0,0.0
2026-04-08 19:03:15,30.0,59.5,9.9,53.8,0.0,0.0,0.0
2026-04-08 19:03:20,30.0,59.4,22.4,53.8,0.0,0.0,0.0
2026-04-08 19:03:25,30.0,59.4,30.9,53.8,0.0,0.0,0.0
2026-04-08 19:03:30,29.9,59.4,13.7,53.8,0.0,0.0,0.0
2026-04-08 19:03:35,29.9,59.5,15.2,53.8,0.0,0.0,0.0
2026-04-08 19:03:40,30.0,59.6,7.7,53.8,0.0,0.0,0.0
2026-04-08 19:03:45,30.0,59.6,14.1,53.8,0.0,0.0,0.0
2026-04-08 19:03:50,30.0,59.8,8.6,53.8,0.0,0.0,0.0
2026-04-08 19:03:55,30.1,59.6,6.5,53.8,0.0,0.0,0.0
2026-04-08 19:04:00,29.8,59.7,1.0,53.8,0.0,0.0,0.0
2026-04-08 19:04:05,30.0,59.7,14.1,53.8,0.0,0.0,0.0
2026-04-08 19:04:10,30.0,59.6,5.5,53.8,0.0,0.0,0.0
2026-04-08 19:04:15,29.9,59.6,2.5,53.8,0.0,0.0,0.0
2026-04-08 19:04:20,30.0,59.6,1.6,53.8,0.0,0.0,0.0
2026-04-08 19:04:25,30.0,59.5,22.8,53.8,0.0,0.0,0.0
2026-04-08 19:04:30,29.9,59.7,11.7,53.8,0.0,0.0,0.0
2026-04-08 19:04:35,29.9,59.7,17.8,53.8,0.0,0.0,0.0
2026-04-08 19:04:40,30.1,59.5,16.9,53.8,0.0,0.0,0.0
2026-04-08 19:04:45,29.8,59.7,21.2,53.8,0.0,0.0,0.0
2026-04-08 19:04:50,30.0,59.7,16.6,53.8,0.0,0.0,0.0
2026-04-08 19:04:55,30.0,59.5,34.2,53.8,0.0,0.0,0.0
2026-04-08 19:05:00,30.0,59.5,7.8,53.8,0.0,0.0,0.0
2026-04-08 19:05:05,30.1,59.6,5.2,53.8,0.0,0.0,0.0
2026-04-08 19:05:10,30.0,59.6,3.8,53.8,0.0,0.0,0.0
2026-04-08 19:05:15,29.9,59.7,30.7,53.8,0.0,0.0,0.0
2026-04-08 19:05:20,30.0,59.7,6.3,53.8,0.0,0.0,0.0
2026-04-08 19:05:25,30.0,59.6,33.0,53.8,0.0,0.0,0.0
2026-04-08 19:05:30,30.1,59.5,11.3,53.8,0.0,0.0,0.0
2026-04-08 19:05:35,29.9,59.4,30.8,53.8,0.0,0.0,0.0
2026-04-08 19:05:40,30.0,59.3,26.4,53.8,0.0,0.0,0.0
2026-04-08 19:05:45,29.9,59.3,14.6,53.8,0.0,0.0,0.0
2026-04-08 19:05:50,29.9,59.2,17.2,53.8,0.0,0.0,0.0
2026-04-08 19:05:55,29.9,59.3,0.2,53.8,0.0,0.0,0.0
2026-04-08 19:06:00,30.0,59.3,6.9,53.8,0.0,0.0,0.0
2026-04-08 19:06:05,29.9,59.3,26.8,53.8,0.0,0.0,0.0
2026-04-08 19:06:10,30.0,59.3,8.5,53.8,0.0,0.0,0.0
2026-04-08 19:06:15,29.9,59.1,11.6,53.8,0.0,0.0,0.0
2026-04-08 19:06:20,30.1,59.2,17.1,53.8,0.0,0.0,0.0
2026-04-08 19:06:25,29.9,59.1,14.7,53.8,0.0,0.0,0.0
2026-04-08 19:06:30,30.1,59.1,13.4,53.8,0.0,0.0,0.0
2026-04-08 19:06:35,29.9,59.2,16.5,53.8,0.0,0.0,0.0
2026-04-08 19:06:40,29.9,59.2,8.7,53.8,0.0,0.0,0.0
2026-04-08 19:06:45,29.9,59.0,18.8,53.8,0.0,0.0,0.0
2026-04-08 19:06:50,29.9,59.0,31.8,53.8,0.0,0.0,0.0
2026-04-08 19:06:55,30.1,59.0,4.8,53.8,0.0,0.0,0.0
2026-04-08 19:07:00,29.9,59.1,0.0,53.8,0.0,0.0,0.0
2026-04-08 19:07:05,30.0,59.0,22.7,53.8,0.0,0.0,0.0
2026-04-08 19:07:10,29.9,59.2,22.9,53.8,0.0,0.0,0.0
2026-04-08 19:07:15,29.9,59.1,6.8,53.8,0.0,0.0,0.0
2026-04-08 19:07:20,29.9,59.0,26.6,53.8,0.0,0.0,0.0
2026-04-08 19:07:25,30.0,59.0,0.0,53.8,0.0,0.0,0.0
2026-04-08 19:07:30,29.8,59.0,12.1,53.8,0.0,0.0,0.0
2026-04-08 19:07:35,29.8,59.0,16.3,53.8,0.0,0.0,0.0
2026-04-08 19:07:40,30.0,59.0,5.5,53.8,0.0,0.0,0.0
2026-04-08 19:07:45,29.9,59.0,17.1,53.8,0.0,0.0,0.0
2026-04-08 19:07:50,29.9,58.9,28.8,53.8,0.0,0.0,0.0
2026-04-08 19:07:55,29.9,59.1,9.6,53.8,0.0,0.0,0.0
2026-04-08 19:08:00,30.1,59.1,2.4,53.8,0.0,0.0,0.0
2026-04-08 19:08:05,29.9,59.2,18.4,53.8,0.0,0.0,0.0
2026-04-08 19:08:10,29.8,59.3,7.3,53.8,0.0,0.0,0.0
2026-04-08 19:08:15,29.9,59.3,12.7,53.8,0.0,0.0,0.0
2026-04-08 19:08:20,30.0,59.4,8.7,53.8,0.0,0.0,0.0
2026-04-08 19:08:25,30.1,59.3,29.2,53.8,0.0,0.0,0.0
2026-04-08 19:08:30,29.8,59.2,16.4,53.8,0.0,0.0,0.0
2026-04-08 19:08:35,29.8,59.3,1.7,53.8,0.0,0.0,0.0
2026-04-08 19:08:40,29.9,59.4,10.1,53.8,0.0,0.0,0.0
2026-04-08 19:08:45,29.9,59.4,17.7,53.8,0.0,0.0,0.0
2026-04-08 19:08:50,29.8,59.3,6.7,53.8,0.0,0.0,0.0
2026-04-08 19:08:55,29.8,59.4,4.9,53.8,0.0,0.0,0.0
2026-04-08 19:09:00,29.9,59.4,13.2,53.8,0.0,0.0,0.0
2026-04-08 19:09:05,29.9,59.6,0.0,53.8,0.0,0.0,0.0
2026-04-08 19:09:10,30.0,59.6,33.0,53.8,0.0,0.0,0.0
2026-04-08 19:09:15,29.9,59.7,10.6,53.8,0.0,0.0,0.0
2026-04-08 19:09:20,29.8,59.8,8.8,53.8,0.0,0.0,0.0
2026-04-08 19:09:25,29.9,59.8,7.7,53.8,0.0,0.0,0.0
2026-04-08 19:09:30,30.0,59.8,15.7,53.8,0.0,0.0,0.0
2026-04-08 19:09:35,29.7,59.6,13.5,53.8,0.0,0.0,0.0
2026-04-08 19:09:40,29.9,59.6,15.7,53.8,0.0,0.0,0.0
2026-04-08 19:09:45,30.0,59.5,17.5,53.8,0.0,0.0,0.0
2026-04-08 19:09:50,29.7,59.6,18.6,53.8,0.0,0.0,0.0
2026-04-08 19:09:55,29.8,59.6,1.1,53.8,0.0,0.0,0.0
2026-04-08 19:10:00,29.8,59.5,21.0,53.8,0.0,0.0,0.0
2026-04-08 19:10:05,29.8,59.4,11.6,53.8,0.0,0.0,0.0
2026-04-08 19:10:10,29.8,59.4,20.1,53.8,0.0,0.0,0.0
2026-04-08 19:10:15,29.8,59.5,9.2,53.8,0.0,0.0,0.0
2026-04-08 19:10:20,29.8,59.4,11.1,53.8,0.0,0.0,0.0
2026-04-08 19:10:25,30.0,59.5,15.5,53.8,0.0,0.0,0.0
2026-04-08 19:10:30,29.9,59.4,20.6,53.8,0.0,0.0,0.0
2026-04-08 19:10:35,29.9,59.4,2.2,53.8,0.0,0.0,0.0
2026-04-08 19:10:40,29.8,59.4,0.0,53.8,0.0,0.0,0.0
2026-04-08 19:10:45,29.8,59.3,16.5,53.8,0.0,0.0,0.0
2026-04-08 19:10:50,29.8,59.3,15.4,53.8,0.0,0.0,0.0
2026-04-08 19:10:55,29.8,59.2,25.8,53.8,0.0,0.0,0.0
2026-04-08 19:11:00,29.8,59.3,0.0,53.8,0.0,0.0,0.0
2026-04-08 19:11:05,29.9,59.3,30.8,53.8,0.0,0.0,0.0
2026-04-08 19:11:10,29.7,59.4,16.2,53.8,0.0,0.0,0.0
2026-04-08 19:11:15,29.9,59.4,5.2,53.8,0.0,0.0,0.0
2026-04-08 19:11:20,29.8,59.5,8.9,53.8,0.0,0.0,0.0
2026-04-08 19:11:25,29.8,59.4,21.4,53.8,0.0,0.0,0.0
2026-04-08 19:11:30,29.8,59.3,9.7,53.8,0.0,0.0,0.0
2026-04-08 19:11:35,29.8,59.4,34.3,53.8,0.0,0.0,0.0
2026-04-08 19:11:40,29.9,59.3,18.5,53.8,0.0,0.0,0.0
2026-04-08 19:11:45,29.8,59.4,20.2,53.8,0.0,0.0,0.0
2026-04-08 19:11:50,29.7,59.4,26.0,53.8,0.0,0.0,0.0
2026-04-08 19:11:55,29.7,59.5,20.1,53.8,0.0,0.0,0.0
2026-04-08 19:12:00,29.9,59.4,27.4,53.9,0.0,0.0,0.0
2026-04-08 19:12:05,29.8,59.4,12.0,53.9,0.0,0.0,0.0
2026-04-08 19:12:10,30.0,59.3,13.3,53.9,0.0,0.0,0.0
2026-04-08 19:12:15,29.9,59.4,11.9,53.9,0.0,0.0,0.0
2026-04-08 19:12:20,29.9,59.5,17.7,53.9,0.0,0.0,0.0
2026-04-08 19:12:25,29.8,59.5,0.0,53.8,0.0,0.0,0.0
2026-04-08 19:12:30,29.9,59.5,10.4,53.8,0.0,0.0,0.0
2026-04-08 19:12:35,30.0,59.5,6.4,53.8,0.0,0.0,0.0
2026-04-08 19:12:40,29.8,59.4,16.1,53.8,0.0,0.0,0.0
2026-04-08 19:12:45,29.8,59.4,18.8,53.8,0.0,0.0,0.0
2026-04-08 19:12:50,30.0,59.4,19.7,53.8,0.0,0.0,0.0
2026-04-08 19:12:55,29.8,59.3,14.9,53.8,0.0,0.0,0.0
2026-04-08 19:13:00,29.9,59.2,12.0,53.8,0.0,0.0,0.0
2026-04-08 19:13:05,30.0,59.1,20.3,53.8,0.0,0.0,0.0
2026-04-08 19:13:10,29.8,59.2,15.7,53.8,0.0,0.0,0.0
2026-04-08 19:13:15,29.9,59.2,11.1,53.8,0.0,0.0,0.0
2026-04-08 19:13:20,29.9,59.3,21.3,53.8,0.0,0.0,0.0
2026-04-08 19:13:25,29.9,59.5,17.5,53.8,0.0,0.0,0.0
2026-04-08 19:13:30,29.8,59.5,18.2,53.8,0.0,0.0,0.0
2026-04-08 19:13:35,29.8,59.5,18.6,53.8,0.0,0.0,0.0
2026-04-08 19:13:40,29.8,59.5,26.4,53.8,0.0,0.0,0.0
2026-04-08 19:13:45,30.0,59.5,26.2,53.8,0.0,0.0,0.0
2026-04-08 19:13:50,29.6,59.6,28.9,53.8,0.0,0.0,0.0
2026-04-08 19:13:55,29.8,59.6,15.8,53.8,0.0,0.0,0.0
2026-04-08 19:14:00,29.8,59.7,6.1,53.8,0.0,0.0,0.0
2026-04-08 19:14:05,29.9,59.7,27.4,53.8,0.0,0.0,0.0
2026-04-08 19:14:10,29.8,59.6,0.0,53.8,0.0,0.0,0.0
2026-04-08 19:14:15,29.9,59.6,7.9,53.7,0.0,0.0,0.0
2026-04-08 19:14:20,29.9,59.6,23.6,53.7,0.0,0.0,0.0
2026-04-08 19:14:25,30.0,59.6,22.6,53.8,0.0,0.0,0.0
2026-04-08 19:14:30,29.9,59.7,19.7,53.8,0.0,0.0,0.0
2026-04-08 19:14:35,29.8,59.6,2.9,53.8,0.0,0.0,0.0
2026-04-08 19:14:40,30.0,59.5,14.1,53.8,0.0,0.0,0.0
2026-04-08 19:14:45,29.8,59.5,11.7,53.8,0.0,0.0,0.0
2026-04-08 19:14:50,29.9,59.5,10.7,53.8,0.0,0.0,0.0
2026-04-08 19:14:55,30.1,59.4,0.0,53.8,0.0,0.0,0.0
2026-04-08 19:15:00,30.0,59.5,1.6,53.8,0.0,0.0,0.0
2026-04-08 19:15:05,29.8,59.5,14.7,53.8,0.0,0.0,0.0
2026-04-08 19:15:10,29.8,59.6,15.2,53.8,0.0,0.0,0.0
2026-04-08 19:15:15,29.9,59.6,12.0,53.8,0.0,0.0,0.0
2026-04-08 19:15:20,29.8,59.6,8.9,53.8,0.0,0.0,0.0
2026-04-08 19:15:25,30.0,59.6,12.6,53.8,0.0,0.0,0.0
2026-04-08 19:15:30,29.8,59.5,3.0,53.8,0.0,0.0,0.0
2026-04-08 19:15:35,29.8,59.5,16.3,53.8,0.0,0.0,0.0
2026-04-08 19:15:40,29.8,59.6,7.4,53.8,0.0,0.0,0.0
2026-04-08 19:15:45,29.8,59.5,10.2,53.8,0.0,0.0,0.0
2026-04-08 19:15:50,29.8,59.5,5.3,53.8,0.0,0.0,0.0
2026-04-08 19:15:55,29.8,59.6,21.5,53.8,0.0,0.0,0.0
2026-04-08 19:16:00,30.0,59.5,18.0,53.8,0.0,0.0,0.0
2026-04-08 19:16:05,29.8,59.5,22.4,53.8,0.0,0.0,0.0
2026-04-08 19:16:10,29.7,59.4,17.7,53.8,0.0,0.0,0.0
2026-04-08 19:16:15,29.9,59.4,18.9,53.8,0.0,0.0,0.0
2026-04-08 19:16:20,29.9,59.4,1.1,53.8,0.0,0.0,0.0
2026-04-08 19:16:25,29.7,59.2,28.8,53.8,0.0,0.0,0.0
2026-04-08 19:16:30,29.9,59.3,13.0,53.8,0.0,0.0,0.0
2026-04-08 19:16:35,29.9,59.4,19.8,53.8,0.0,0.0,0.0
2026-04-08 19:16:40,29.8,59.4,1.2,53.8,0.0,0.0,0.0
2026-04-08 19:16:45,29.9,59.5,29.2,53.8,0.0,0.0,0.0
2026-04-08 19:16:50,29.8,59.5,0.0,53.8,0.0,0.0,0.0
2026-04-08 19:16:55,29.9,59.4,22.7,53.8,0.0,0.0,0.0
2026-04-08 19:17:00,29.8,59.5,12.9,53.8,0.0,0.0,0.0
2026-04-08 19:17:05,29.8,59.4,28.0,53.8,0.0,0.0,0.0
2026-04-08 19:17:10,29.8,59.4,14.0,53.8,0.0,0.0,0.0
2026-04-08 19:17:15,29.9,59.4,10.5,53.8,0.0,0.0,0.0
2026-04-08 19:17:20,29.7,59.3,26.4,53.8,0.0,0.0,0.0
2026-04-08 19:17:25,29.8,59.3,0.0,53.8,0.0,0.0,0.0
2026-04-08 19:17:30,29.8,59.3,10.0,53.8,0.0,0.0,0.0
2026-04-08 19:17:35,29.9,59.3,3.9,53.8,0.0,0.0,0.0
2026-04-08 19:17:40,29.7,59.4,3.4,53.8,0.0,0.0,0.0
2026-04-08 19:17:45,29.8,59.4,29.3,53.8,0.0,0.0,0.0
2026-04-08 19:17:50,29.7,59.4,19.1,53.8,0.0,0.0,0.0
2026-04-08 19:17:55,29.9,59.4,6.2,53.8,0.0,0.0,0.0
2026-04-08 19:18:00,29.6,59.3,8.3,53.8,0.0,0.0,0.0
2026-04-08 19:18:05,29.6,59.3,2.8,53.8,0.0,0.0,0.0
2026-04-08 19:18:10,29.8,59.3,4.6,53.8,0.0,0.0,0.0
2026-04-08 19:18:15,29.7,59.3,18.3,53.8,0.0,0.0,0.0
2026-04-08 19:18:20,29.9,59.2,0.0,53.8,0.0,0.0,0.0
2026-04-08 19:18:25,29.8,59.3,27.9,53.8,0.0,0.0,0.0
2026-04-08 19:18:30,29.8,59.2,22.7,53.8,0.0,0.0,0.0
2026-04-08 19:18:35,29.9,59.2,13.6,53.8,0.0,0.0,0.0
2026-04-08 19:18:40,29.7,59.3,21.8,53.8,0.0,0.0,0.0
2026-04-08 19:18:45,29.6,59.4,5.7,53.7,0.0,0.0,0.0
2026-04-08 19:18:50,29.9,59.4,0.3,53.7,0.0,0.0,0.0
2026-04-08 19:18:55,29.6,59.4,24.0,53.8,0.0,0.0,0.0
2026-04-08 19:19:00,29.8,59.5,16.9,53.8,0.0,0.0,0.0
2026-04-08 19:19:05,29.8,59.7,18.7,53.8,0.0,0.0,0.0
2026-04-08 19:19:10,29.9,59.7,18.2,53.8,0.0,0.0,0.0
2026-04-08 19:19:15,29.9,59.8,21.3,53.8,0.0,0.0,0.0
2026-04-08 19:19:20,29.7,59.7,25.2,53.8,0.0,0.0,0.0
2026-04-08 19:19:25,29.8,59.7,20.9,53.8,0.0,0.0,0.0
2026-04-08 19:19:30,29.9,59.7,31.8,53.8,0.0,0.0,0.0
2026-04-08 19:19:35,29.9,59.4,0.0,53.8,0.0,0.0,0.0
2026-04-08 19:19:40,29.6,59.6,29.9,53.8,0.0,0.0,0.0
2026-04-08 19:19:45,29.7,59.5,0.0,53.8,0.0,0.0,0.0
2026-04-08 19:19:50,29.7,59.5,19.2,53.8,0.0,0.0,0.0
2026-04-08 19:19:55,29.8,59.6,9.2,53.7,0.0,0.0,0.0
2026-04-08 19:20:00,29.9,59.6,2.0,53.7,0.0,0.0,0.0
2026-04-08 19:20:05,29.8,59.6,29.8,53.8,0.0,0.0,0.0
2026-04-08 19:20:10,29.7,59.7,4.1,53.8,0.0,0.0,0.0
2026-04-08 19:20:15,29.7,59.7,14.6,53.8,0.0,0.0,0.0
2026-04-08 19:20:20,29.7,59.7,25.8,53.8,0.0,0.0,0.0
2026-04-08 19:20:25,29.7,59.6,10.3,53.8,0.0,0.0,0.0
2026-04-08 19:20:30,29.7,59.5,9.0,53.8,0.0,0.0,0.0
2026-04-08 19:20:35,29.8,59.5,15.8,53.8,0.0,0.0,0.0
2026-04-08 19:20:40,29.8,59.4,19.1,53.8,0.0,0.0,0.0
2026-04-08 19:20:45,29.8,59.4,17.4,53.8,0.0,0.0,0.0
2026-04-08 19:20:50,29.9,59.4,4.5,53.8,0.0,0.0,0.0
2026-04-08 19:20:55,29.6,59.5,10.6,53.8,0.0,0.0,0.0
2026-04-08 19:21:00,29.8,59.4,28.9,53.8,0.0,0.0,0.0
2026-04-08 19:21:05,29.8,59.3,14.9,53.8,0.0,0.0,0.0
2026-04-08 19:21:10,29.9,59.4,30.0,53.8,0.0,0.0,0.0
2026-04-08 19:21:15,29.9,59.4,10.5,53.8,0.0,0.0,0.0
2026-04-08 19:21:20,29.8,59.4,22.1,53.8,0.0,0.0,0.0
2026-04-08 19:21:25,29.7,59.5,14.5,53.8,0.0,0.0,0.0
2026-04-08 19:21:30,29.9,59.3,11.0,53.8,0.0,0.0,0.0
2026-04-08 19:21:35,29.8,59.3,15.4,53.8,0.0,0.0,0.0
2026-04-08 19:21:40,29.8,59.4,17.9,53.8,0.0,0.0,0.0
2026-04-08 19:21:45,29.9,59.3,15.1,53.8,0.0,0.0,0.0
2026-04-08 19:21:50,29.8,59.2,11.1,53.8,0.0,0.0,0.0
2026-04-08 19:21:55,29.7,59.2,16.5,53.8,0.0,0.0,0.0
2026-04-08 19:22:00,30.0,59.2,26.4,53.7,0.0,0.0,0.0
2026-04-08 19:22:05,29.7,59.1,19.9,53.7,0.0,0.0,0.0
2026-04-08 19:22:10,29.7,59.1,4.3,53.8,0.0,0.0,0.0
2026-04-08 19:22:15,29.9,59.2,19.2,53.8,0.0,0.0,0.0
2026-04-08 19:22:20,29.8,59.2,36.0,53.8,0.0,0.0,0.0
2026-04-08 19:22:25,30.0,59.1,0.0,53.7,0.0,0.0,0.0
2026-04-08 19:22:30,29.8,59.1,18.2,53.7,0.0,0.0,0.0
2026-04-08 19:22:35,29.7,59.1,19.5,53.7,0.0,0.0,0.0
2026-04-08 19:22:40,29.7,59.0,0.0,53.7,0.0,0.0,0.0
2026-04-08 19:22:45,29.8,58.9,12.9,53.7,0.0,0.0,0.0
2026-04-08 19:22:50,29.9,58.8,10.5,53.7,0.0,0.0,0.0
2026-04-08 19:22:55,29.9,58.8,9.7,53.7,0.0,0.0,0.0
2026-04-08 19:23:00,29.9,58.9,20.1,53.8,0.0,0.0,0.0
2026-04-08 19:23:05,29.8,58.8,28.2,53.8,0.0,0.0,0.0
2026-04-08 19:23:10,29.8,58.9,11.7,53.8,0.0,0.0,0.0
2026-04-08 19:23:15,29.6,59.0,11.6,53.7,0.0,0.0,0.0
2026-04-08 19:23:20,29.8,58.9,2.0,53.7,0.0,0.0,0.0
2026-04-08 19:23:25,29.8,58.9,2.3,53.7,0.0,0.0,0.0
2026-04-08 19:23:30,29.7,58.9,28.0,53.7,0.0,0.0,0.0
2026-04-08 19:23:35,29.8,58.8,19.5,53.7,0.0,0.0,0.0
2026-04-08 19:23:40,29.8,58.9,15.4,53.7,0.0,0.0,0.0
2026-04-08 19:23:45,29.7,59.1,2.7,53.7,0.0,0.0,0.0
2026-04-08 19:23:50,29.8,59.1,18.1,53.7,0.0,0.0,0.0
2026-04-08 19:23:55,29.9,59.2,16.8,53.7,0.0,0.0,0.0
2026-04-08 19:24:00,29.9,59.2,15.4,53.7,0.0,0.0,0.0
2026-04-08 19:24:05,29.8,59.2,17.7,53.7,0.0,0.0,0.0
2026-04-08 19:24:10,29.8,59.2,31.8,53.7,0.0,0.0,0.0
2026-04-08 19:24:15,29.8,59.3,14.0,53.7,0.0,0.0,0.0
2026-04-08 19:24:20,29.8,59.3,31.6,53.7,0.0,0.0,0.0
2026-04-08 19:24:25,29.8,59.2,18.9,53.7,0.0,0.0,0.0
2026-04-08 19:24:30,29.8,59.2,18.9,53.7,0.0,0.0,0.0
2026-04-08 19:24:35,29.8,59.0,26.7,53.8,0.0,0.0,0.0
2026-04-08 19:24:40,29.8,59.1,29.2,53.8,0.0,0.0,0.0
2026-04-08 19:24:45,29.7,59.1,10.5,53.7,0.0,0.0,0.0
2026-04-08 19:24:50,29.9,59.2,0.0,53.7,0.0,0.0,0.0
2026-04-08 19:24:55,29.9,59.3,23.9,53.7,0.0,0.0,0.0
2026-04-08 19:25:00,29.9,59.4,9.6,53.7,0.0,0.0,0.0
2026-04-08 19:25:05,29.8,59.4,10.0,53.8,0.0,0.0,0.0
2026-04-08 19:25:10,29.8,59.5,21.6,53.8,0.0,0.0,0.0
2026-04-08 19:25:15,29.7,59.4,17.5,53.8,0.0,0.0,0.0
2026-04-08 19:25:20,29.8,59.5,0.7,53.8,0.0,0.0,0.0
2026-04-08 19:25:25,29.8,59.3,16.1,53.8,0.0,0.0,0.0
2026-04-08 19:25:30,30.0,59.3,12.8,53.8,0.0,0.0,0.0
2026-04-08 19:25:35,29.8,59.2,30.6,53.8,0.0,0.0,0.0
2026-04-08 19:25:40,29.9,59.1,23.4,53.7,0.0,0.0,0.0
2026-04-08 19:25:45,29.9,59.2,0.0,53.7,0.0,0.0,0.0
2026-04-08 19:25:50,29.9,59.4,22.4,53.7,0.0,0.0,0.0
2026-04-08 19:25:55,29.8,59.3,25.8,53.7,0.0,0.0,0.0
2026-04-08 19:26:00,29.8,59.4,28.3,53.7,0.0,0.0,0.0
2026-04-08 19:26:05,29.9,59.3,12.1,53.7,0.0,0.0,0.0
2026-04-08 19:26:10,29.8,59.3,11.3,53.7,0.0,0.0,0.0
2026-04-08 19:26:15,29.8,59.3,16.6,53.7,0.0,0.0,0.0
2026-04-08 19:26:20,29.8,59.3,23.3,53.7,0.0,0.0,0.0
2026-04-08 19:26:25,29.8,59.3,8.0,53.7,0.0,0.0,0.0
2026-04-08 19:26:30,29.9,59.1,17.0,53.7,0.0,0.0,0.0
2026-04-08 19:26:35,29.8,59.1,0.9,53.7,0.0,0.0,0.0
2026-04-08 19:26:40,29.9,59.2,1.7,53.7,0.0,0.0,0.0
2026-04-08 19:26:45,29.9,59.2,22.7,53.7,0.0,0.0,0.0
2026-04-08 19:26:50,30.0,59.2,4.0,53.7,0.0,0.0,0.0
2026-04-08 19:26:55,30.0,59.3,9.1,53.7,0.0,0.0,0.0
2026-04-08 19:27:00,29.9,59.1,17.6,53.7,0.0,0.0,0.0
2026-04-08 19:27:05,29.9,59.1,23.1,53.7,0.0,0.0,0.0
2026-04-08 19:27:10,29.9,59.1,9.0,53.7,0.0,0.0,0.0
2026-04-08 19:27:15,29.9,59.2,30.3,53.7,0.0,0.0,0.0
2026-04-08 19:27:20,29.8,59.0,13.7,53.7,0.0,0.0,0.0
2026-04-08 19:27:25,29.8,59.1,13.5,53.7,0.0,0.0,0.0
2026-04-08 19:27:30,29.9,59.0,9.0,53.7,0.0,0.0,0.0
2026-04-08 19:27:35,29.9,58.9,9.8,53.7,0.0,0.0,0.0
2026-04-08 19:27:40,29.9,59.0,5.9,53.7,0.0,0.0,0.0
2026-04-08 19:27:45,30.0,59.1,16.1,53.7,0.0,0.0,0.0
2026-04-08 19:27:50,29.9,59.2,6.5,53.7,0.0,0.0,0.0
2026-04-08 19:27:55,29.9,59.2,25.9,53.7,0.0,0.0,0.0
2026-04-08 19:28:00,29.9,59.2,29.6,53.7,0.0,0.0,0.0
2026-04-08 19:28:05,29.8,59.3,7.7,53.7,0.0,0.0,0.0
2026-04-08 19:28:10,29.9,59.1,20.1,53.7,0.0,0.0,0.0
2026-04-08 19:28:15,29.9,59.2,12.3,53.7,0.0,0.0,0.0
2026-04-08 19:28:20,29.8,58.9,0.0,53.7,0.0,0.0,0.0
2026-04-08 19:28:25,29.8,59.0,17.6,53.7,0.0,0.0,0.0
2026-04-08 19:28:30,29.8,59.2,1.2,53.7,0.0,0.0,0.0
2026-04-08 19:28:35,29.8,59.4,18.0,53.7,0.0,0.0,0.0
2026-04-08 19:28:40,30.0,59.3,14.9,53.7,0.0,0.0,0.0
2026-04-08 19:28:45,30.0,59.4,20.1,53.7,0.0,0.0,0.0
2026-04-08 19:28:50,29.9,59.5,13.8,53.7,0.0,0.0,0.0
2026-04-08 19:28:55,29.9,59.5,10.8,53.7,0.0,0.0,0.0
2026-04-08 19:29:00,29.8,59.7,10.0,53.7,0.0,0.0,0.0
2026-04-08 19:29:05,29.8,59.6,27.1,53.7,0.0,0.0,0.0
2026-04-08 19:29:10,30.0,59.6,12.5,53.7,0.0,0.0,0.0
2026-04-08 19:29:15,29.9,59.5,18.5,53.7,0.0,0.0,0.0
2026-04-08 19:29:20,29.9,59.5,22.1,53.7,0.0,0.0,0.0
2026-04-08 19:29:25,30.0,59.5,0.0,53.7,0.0,0.0,0.0
2026-04-08 19:29:30,29.8,59.4,2.1,53.7,0.0,0.0,0.0
2026-04-08 19:29:35,29.8,59.4,32.9,53.7,0.0,0.0,0.0
2026-04-08 19:29:40,30.0,59.4,26.7,53.7,0.0,0.0,0.0
2026-04-08 19:29:45,29.9,59.4,25.7,53.7,0.0,0.0,0.0
2026-04-08 19:29:50,29.8,59.3,15.4,53.7,0.0,0.0,0.0
2026-04-08 19:29:55,29.7,59.3,15.1,53.7,0.0,0.0,0.0
2026-04-08 19:30:00,30.0,59.3,0.0,53.7,0.0,0.0,0.0
2026-04-08 19:30:05,29.7,59.3,13.4,53.7,0.0,0.0,0.0
2026-04-08 19:30:10,30.0,59.2,15.1,53.7,0.0,0.0,0.0
2026-04-08 19:30:15,29.8,59.3,27.0,53.7,0.0,0.0,0.0
2026-04-08 19:30:20,29.9,59.2,15.3,53.8,0.0,0.0,0.0
2026-04-08 19:30:25,30.0,59.3,22.4,53.8,0.0,0.0,0.0
2026-04-08 19:30:30,29.9,59.2,12.9,53.8,0.0,0.0,0.0
2026-04-08 19:30:35,29.8,59.3,12.1,53.7,0.0,0.0,0.0
2026-04-08 19:30:40,29.9,59.2,11.7,53.7,0.0,0.0,0.0
2026-04-08 19:30:45,29.8,59.2,23.7,53.7,0.0,0.0,0.0
2026-04-08 19:30:50,29.9,59.2,12.9,53.7,0.0,0.0,0.0
2026-04-08 19:30:55,29.8,59.2,0.0,53.7,0.0,0.0,0.0
2026-04-08 19:31:00,30.0,59.2,13.1,53.7,0.0,0.0,0.0
2026-04-08 19:31:05,30.0,59.2,5.0,53.7,0.0,0.0,0.0
2026-04-08 19:31:10,29.9,59.2,2.2,53.7,0.0,0.0,0.0
2026-04-08 19:31:15,29.8,59.3,10.9,53.7,0.0,0.0,0.0
2026-04-08 19:31:20,29.9,59.5,15.9,53.7,0.0,0.0,0.0
2026-04-08 19:31:25,29.9,59.7,27.5,53.7,0.0,0.0,0.0
2026-04-08 19:31:30,29.8,59.6,12.8,53.7,0.0,0.0,0.0
2026-04-08 19:31:35,29.8,59.6,22.6,53.7,0.0,0.0,0.0
2026-04-08 19:31:40,30.0,59.7,20.8,53.7,0.0,0.0,0.0
2026-04-08 19:31:45,29.9,59.7,11.0,53.7,0.0,0.0,0.0
2026-04-08 19:31:50,29.7,59.7,18.9,53.7,0.0,0.0,0.0
2026-04-08 19:31:55,29.9,59.7,18.3,53.7,0.0,0.0,0.0
2026-04-08 19:32:00,29.9,59.7,10.6,53.7,0.0,0.0,0.0
2026-04-08 19:32:05,29.9,59.7,21.2,53.7,0.0,0.0,0.0
2026-04-08 19:32:10,29.9,59.7,6.0,53.7,0.0,0.0,0.0
2026-04-08 19:32:15,30.0,59.6,12.2,53.7,0.0,0.0,0.0
2026-04-08 19:32:20,30.0,59.7,25.5,53.7,0.0,0.0,0.0
2026-04-08 19:32:25,29.9,59.7,10.6,53.7,0.0,0.0,0.0
2026-04-08 19:32:30,30.0,59.7,12.0,53.7,0.0,0.0,0.0
2026-04-08 19:32:35,29.8,59.7,17.6,53.7,0.0,0.0,0.0
2026-04-08 19:32:40,30.1,59.7,2.5,53.7,0.0,0.0,0.0
2026-04-08 19:32:45,29.8,59.6,9.4,53.7,0.0,0.0,0.0
2026-04-08 19:32:50,29.8,59.7,15.0,53.7,0.0,0.0,0.0
2026-04-08 19:32:55,30.0,59.6,34.9,53.7,0.0,0.0,0.0
2026-04-08 19:33:00,29.7,59.7,34.8,53.7,0.0,0.0,0.0
2026-04-08 19:33:05,30.0,59.8,0.0,53.7,0.0,0.0,0.0
2026-04-08 19:33:10,30.0,59.7,24.0,53.7,0.0,0.0,0.0
2026-04-08 19:33:15,29.8,59.8,2.3,53.7,0.0,0.0,0.0
2026-04-08 19:33:20,29.9,59.7,23.5,53.7,0.0,0.0,0.0
2026-04-08 19:33:25,29.9,59.7,15.6,53.7,0.0,0.0,0.0
2026-04-08 19:33:30,29.9,59.6,13.3,53.7,0.0,0.0,0.0
2026-04-08 19:33:35,29.9,59.6,0.5,53.7,0.0,0.0,0.0
2026-04-08 19:33:40,30.0,59.7,4.8,53.7,0.0,0.0,0.0
2026-04-08 19:33:45,30.0,59.7,24.3,53.7,0.0,0.0,0.0
2026-04-08 19:33:50,30.1,59.9,11.4,53.7,0.0,0.0,0.0
2026-04-08 19:33:55,29.8,59.8,27.3,53.7,0.0,0.0,0.0
2026-04-08 19:34:00,30.0,59.8,34.8,53.7,0.0,0.0,0.0
2026-04-08 19:34:05,30.1,59.9,33.6,53.7,0.0,0.0,0.0
2026-04-08 19:34:10,30.0,60.0,31.1,53.7,0.0,0.0,0.0
2026-04-08 19:34:15,29.9,60.0,20.9,53.7,0.0,0.0,0.0
2026-04-08 19:34:20,30.1,60.0,27.0,53.7,0.0,0.0,0.0
2026-04-08 19:34:25,30.0,59.9,15.7,53.7,0.0,0.0,0.0
2026-04-08 19:34:30,30.0,59.8,32.7,53.7,0.0,0.0,0.0
2026-04-08 19:34:35,29.9,59.8,10.8,53.7,0.0,0.0,0.0
2026-04-08 19:34:40,30.0,59.8,10.5,53.7,0.0,0.0,0.0
2026-04-08 19:34:45,30.1,59.7,3.0,53.7,0.0,0.0,0.0
2026-04-08 19:34:50,30.0,59.8,24.6,53.7,0.0,0.0,0.0
2026-04-08 19:34:55,29.9,59.8,27.2,53.7,0.0,0.0,0.0
2026-04-08 19:35:00,30.0,59.8,11.7,53.7,0.0,0.0,0.0
2026-04-08 19:35:05,30.0,59.5,21.0,53.7,0.0,0.0,0.0
2026-04-08 19:35:10,29.9,59.3,11.2,53.7,0.0,0.0,0.0
2026-04-08 19:35:15,29.9,59.3,19.0,53.7,0.0,0.0,0.0
2026-04-08 19:35:20,29.9,59.3,11.5,53.7,0.0,0.0,0.0
2026-04-08 19:35:25,29.9,59.3,26.0,53.7,0.0,0.0,0.0
2026-04-08 19:35:30,30.0,59.2,20.3,53.7,0.0,0.0,0.0
2026-04-08 19:35:35,29.9,59.3,12.3,53.7,0.0,0.0,0.0
2026-04-08 19:35:40,30.1,59.3,20.5,53.7,0.0,0.0,0.0
2026-04-08 19:35:45,30.1,59.2,14.3,53.6,0.0,0.0,0.0
2026-04-08 19:35:50,29.9,59.2,20.5,53.6,0.0,0.0,0.0
2026-04-08 19:35:55,30.1,59.3,0.0,53.7,0.0,0.0,0.0
2026-04-08 19:36:00,30.0,59.2,23.6,53.7,0.0,0.0,0.0
2026-04-08 19:36:05,30.0,59.2,27.2,53.6,0.0,0.0,0.0
2026-04-08 19:36:10,30.0,59.1,11.0,53.6,0.0,0.0,0.0
2026-04-08 19:36:15,30.0,59.2,33.0,53.6,0.0,0.0,0.0
2026-04-08 19:36:20,30.0,59.2,10.9,53.6,0.0,0.0,0.0
2026-04-08 19:36:25,29.8,59.2,19.8,53.7,0.0,0.0,0.0
2026-04-08 19:36:30,29.8,59.2,14.2,53.7,0.0,0.0,0.0
2026-04-08 19:36:35,29.8,59.3,3.8,53.6,0.0,0.0,0.0
2026-04-08 19:36:40,29.8,59.2,11.8,53.6,0.0,0.0,0.0
2026-04-08 19:36:45,29.9,59.2,20.5,53.6,0.0,0.0,0.0
2026-04-08 19:36:50,29.8,59.3,1.2,53.6,0.0,0.0,0.0
2026-04-08 19:36:55,30.0,59.2,26.7,53.7,0.0,0.0,0.0
2026-04-08 19:37:00,30.2,59.3,19.3,53.7,0.0,0.0,0.0
2026-04-08 19:37:05,29.9,59.4,0.0,53.7,0.0,0.0,0.0
2026-04-08 19:37:10,30.0,59.3,0.0,53.7,0.0,0.0,0.0
2026-04-08 19:37:15,30.0,59.3,0.2,53.7,0.0,0.0,0.0
2026-04-08 19:37:20,29.8,59.3,16.2,53.7,0.0,0.0,0.0
2026-04-08 19:37:25,29.8,59.2,27.0,53.6,0.0,0.0,0.0
2026-04-08 19:37:30,30.0,59.1,16.4,53.6,0.0,0.0,0.0
2026-04-08 19:37:35,29.9,59.2,3.0,53.6,0.0,0.0,0.0
2026-04-08 19:37:40,29.9,59.2,3.8,53.6,0.0,0.0,0.0
2026-04-08 19:37:45,29.9,59.2,20.8,53.6,0.0,0.0,0.0
2026-04-08 19:37:50,29.9,59.2,21.0,53.6,0.0,0.0,0.0
2026-04-08 19:37:55,29.8,59.3,19.2,53.6,0.0,0.0,0.0
2026-04-08 19:38:00,29.9,59.4,22.9,53.7,0.0,0.0,0.0
2026-04-08 19:38:05,29.8,59.4,0.0,53.7,0.0,0.0,0.0
2026-04-08 19:38:10,29.9,59.4,10.3,53.7,0.0,0.0,0.0
2026-04-08 19:38:15,30.0,59.4,19.0,53.7,0.0,0.0,0.0
2026-04-08 19:38:20,30.0,59.4,0.0,53.7,0.0,0.0,0.0
2026-04-08 19:38:25,29.9,59.5,13.2,53.7,0.0,0.0,0.0
2026-04-08 19:38:30,29.9,59.4,3.3,53.7,0.0,0.0,0.0
2026-04-08 19:38:35,29.9,59.4,15.7,53.7,0.0,0.0,0.0
2026-04-08 19:38:40,29.9,59.4,21.5,53.7,0.0,0.0,0.0
2026-04-08 19:38:45,29.8,59.3,20.8,53.7,0.0,0.0,0.0
2026-04-08 19:38:50,29.9,59.3,28.4,53.7,0.0,0.0,0.0
2026-04-08 19:38:55,29.8,59.3,20.2,53.7,0.0,0.0,0.0
2026-04-08 19:39:00,29.9,59.5,21.8,53.7,0.0,0.0,0.0
2026-04-08 19:39:05,29.9,59.5,11.4,53.7,0.0,0.0,0.0
2026-04-08 19:39:10,29.8,59.5,19.3,53.6,0.0,0.0,0.0
2026-04-08 19:39:15,29.9,59.4,26.6,53.6,0.0,0.0,0.0
2026-04-08 19:39:20,30.0,59.3,0.0,53.7,0.0,0.0,0.0
2026-04-08 19:39:25,29.9,59.2,8.0,53.7,0.0,0.0,0.0
2026-04-08 19:39:30,30.0,59.2,30.3,53.7,0.0,0.0,0.0
2026-04-08 19:39:35,30.0,59.2,12.0,53.7,0.0,0.0,0.0
2026-04-08 19:39:40,29.9,59.2,2.1,53.7,0.0,0.0,0.0
2026-04-08 19:39:45,29.9,59.3,23.2,53.7,0.0,0.0,0.0
2026-04-08 19:39:50,29.9,59.3,0.0,53.7,0.0,0.0,0.0
2026-04-08 19:39:55,29.9,59.2,14.2,53.7,0.0,0.0,0.0
2026-04-08 19:40:00,29.9,59.1,9.4,53.7,0.0,0.0,0.0
2026-04-08 19:40:05,30.0,59.1,15.4,53.7,0.0,0.0,0.0
2026-04-08 19:40:10,29.9,59.1,17.3,53.7,0.0,0.0,0.0
2026-04-08 19:40:15,30.0,59.2,7.2,53.7,0.0,0.0,0.0
2026-04-08 19:40:20,29.8,59.1,13.3,53.7,0.0,0.0,0.0
2026-04-08 19:40:25,30.0,59.0,0.0,53.7,0.0,0.0,0.0
2026-04-08 19:40:30,29.8,58.8,1.3,53.7,0.0,0.0,0.0
2026-04-08 19:40:35,30.0,58.9,0.0,53.7,0.0,0.0,0.0
2026-04-08 19:40:40,29.8,58.8,0.0,53.7,0.0,0.0,0.0
2026-04-08 19:40:45,30.0,58.9,5.2,53.7,0.0,0.0,0.0
2026-04-08 19:40:50,29.9,58.9,18.2,53.7,0.0,0.0,0.0
2026-04-08 19:40:55,29.8,59.0,12.1,53.7,0.0,0.0,0.0
2026-04-08 19:41:00,29.9,58.9,7.5,53.7,0.0,0.0,0.0
2026-04-08 19:41:05,30.0,58.9,30.7,53.7,0.0,0.0,0.0
2026-04-08 19:41:10,30.0,59.0,10.1,53.7,0.0,0.0,0.0
2026-04-08 19:41:15,29.8,59.1,17.4,53.7,0.0,0.0,0.0
2026-04-08 19:41:20,29.8,59.2,11.8,53.7,0.0,0.0,0.0
2026-04-08 19:41:25,29.9,59.1,30.7,53.7,0.0,0.0,0.0
2026-04-08 19:41:30,29.9,59.1,9.7,53.7,0.0,0.0,0.0
2026-04-08 19:41:35,29.9,59.1,19.8,53.7,0.0,0.0,0.0
2026-04-08 19:41:40,30.0,59.3,31.2,53.7,0.0,0.0,0.0
2026-04-08 19:41:45,29.8,59.3,26.6,53.7,0.0,0.0,0.0
2026-04-08 19:41:50,29.9,59.3,11.4,53.7,0.0,0.0,0.0
2026-04-08 19:41:55,30.0,59.3,12.5,53.7,0.0,0.0,0.0
2026-04-08 19:42:00,30.0,59.2,0.0,53.7,0.0,0.0,0.0
2026-04-08 19:42:05,29.9,59.2,24.9,53.7,0.0,0.0,0.0
2026-04-08 19:42:10,29.9,59.2,13.0,53.7,0.0,0.0,0.0
2026-04-08 19:42:15,29.9,59.1,28.0,53.7,0.0,0.0,0.0
2026-04-08 19:42:20,30.0,59.0,26.7,53.7,0.0,0.0,0.0
2026-04-08 19:42:25,29.9,59.1,13.8,53.7,0.0,0.0,0.0
2026-04-08 19:42:30,29.9,59.1,17.2,53.6,0.0,0.0,0.0
2026-04-08 19:42:35,29.7,59.2,14.6,53.6,0.0,0.0,0.0
2026-04-08 19:42:40,29.9,59.1,12.7,53.6,0.0,0.0,0.0
2026-04-08 19:42:45,29.8,59.1,18.0,53.6,0.0,0.0,0.0
2026-04-08 19:42:50,29.9,59.0,5.7,53.7,0.0,0.0,0.0
2026-04-08 19:42:55,30.0,58.8,15.2,53.7,0.0,0.0,0.0
2026-04-08 19:43:00,30.0,58.8,25.9,53.7,0.0,0.0,0.0
2026-04-08 19:43:05,29.9,58.8,30.7,53.7,0.0,0.0,0.0
2026-04-08 19:43:10,29.9,58.8,7.5,53.7,0.0,0.0,0.0
2026-04-08 19:43:15,29.8,58.8,26.5,53.7,0.0,0.0,0.0
2026-04-08 19:43:20,29.8,58.8,23.2,53.6,0.0,0.0,0.0
2026-04-08 19:43:25,29.9,58.8,26.5,53.6,0.0,0.0,0.0
2026-04-08 19:43:30,30.0,58.9,14.9,53.6,0.0,0.0,0.0
2026-04-08 19:43:35,29.8,59.0,5.6,53.6,0.0,0.0,0.0
2026-04-08 19:43:40,30.0,59.0,18.7,53.6,0.0,0.0,0.0
2026-04-08 19:43:45,29.8,59.0,11.4,53.6,0.0,0.0,0.0
2026-04-08 19:43:50,29.9,59.1,23.5,53.6,0.0,0.0,0.0
2026-04-08 19:43:55,30.0,59.1,12.6,53.6,0.0,0.0,0.0
2026-04-08 19:44:00,29.8,59.0,25.2,53.6,0.0,0.0,0.0
2026-04-08 19:44:05,29.8,59.1,12.8,53.6,0.0,0.0,0.0
2026-04-08 19:44:10,29.9,59.2,14.1,53.6,0.0,0.0,0.0
2026-04-08 19:44:15,29.9,59.1,17.3,53.7,0.0,0.0,0.0
2026-04-08 19:44:20,29.9,59.2,28.4,53.7,0.0,0.0,0.0
2026-04-08 19:44:25,30.1,59.2,17.3,53.7,0.0,0.0,0.0
2026-04-08 19:44:30,29.9,59.2,12.7,53.7,0.0,0.0,0.0
2026-04-08 19:44:35,29.9,59.2,20.4,53.7,0.0,0.0,0.0
2026-04-08 19:44:40,29.8,59.3,0.0,53.7,0.0,0.0,0.0
2026-04-08 19:44:45,29.8,59.3,6.1,53.7,0.0,0.0,0.0
2026-04-08 19:44:50,29.8,59.1,36.0,53.7,0.0,0.0,0.0
2026-04-08 19:44:55,30.0,59.2,23.4,53.7,0.0,0.0,0.0
2026-04-08 19:45:00,30.0,59.1,7.2,53.7,0.0,0.0,0.0
2026-04-08 19:45:05,29.9,59.1,6.5,53.7,0.0,0.0,0.0
2026-04-08 19:45:10,30.0,59.1,14.8,53.7,0.0,0.0,0.0
2026-04-08 19:45:15,29.8,59.1,5.5,53.7,0.0,0.0,0.0
2026-04-08 19:45:20,29.9,59.3,5.3,53.7,0.0,0.0,0.0
2026-04-08 19:45:25,29.8,59.3,29.9,53.7,0.0,0.0,0.0
2026-04-08 19:45:30,29.8,59.5,19.1,53.7,0.0,0.0,0.0
2026-04-08 19:45:35,30.0,59.5,3.4,53.7,0.0,0.0,0.0
2026-04-08 19:45:40,29.8,59.5,14.6,53.7,0.0,0.0,0.0
2026-04-08 19:45:45,30.0,59.4,12.3,53.7,0.0,0.0,0.0
2026-04-08 19:45:50,29.8,59.3,6.6,53.7,0.0,0.0,0.0
2026-04-08 19:45:55,29.7,59.3,10.3,53.7,0.0,0.0,0.0
2026-04-08 19:46:00,29.8,59.4,8.2,53.7,0.0,0.0,0.0
2026-04-08 19:46:05,30.0,59.5,16.8,53.7,0.0,0.0,0.0
2026-04-08 19:46:10,29.9,59.7,28.4,53.7,0.0,0.0,0.0
2026-04-08 19:46:15,29.7,59.7,8.0,53.7,0.0,0.0,0.0
2026-04-08 19:46:20,29.9,59.8,8.7,53.7,0.0,0.0,0.0
2026-04-08 19:46:25,30.0,59.6,2.8,53.7,0.0,0.0,0.0
2026-04-08 19:46:30,30.0,59.7,16.6,53.7,0.0,0.0,0.0
2026-04-08 19:46:35,29.9,59.6,0.4,53.7,0.0,0.0,0.0
2026-04-08 19:46:40,29.7,59.7,3.9,53.7,0.0,0.0,0.0
2026-04-08 19:46:45,30.0,59.7,14.8,53.7,0.0,0.0,0.0
2026-04-08 19:46:50,29.9,59.7,11.1,53.7,0.0,0.0,0.0
2026-04-08 19:46:55,29.8,59.6,12.9,53.7,0.0,0.0,0.0
2026-04-08 19:47:00,30.0,59.6,4.4,53.7,0.0,0.0,0.0
2026-04-08 19:47:05,30.0,59.6,27.7,53.7,0.0,0.0,0.0
2026-04-08 19:47:10,30.0,59.6,0.0,53.7,0.0,0.0,0.0
2026-04-08 19:47:15,29.9,59.7,1.3,53.8,0.0,0.0,0.0
2026-04-08 19:47:20,29.7,59.6,22.3,53.8,0.0,0.0,0.0
2026-04-08 19:47:25,29.9,59.6,23.5,53.7,0.0,0.0,0.0
2026-04-08 19:47:30,29.9,59.5,10.6,53.7,0.0,0.0,0.0
2026-04-08 19:47:35,29.8,59.6,16.0,53.7,0.0,0.0,0.0
2026-04-08 19:47:40,29.8,59.7,12.0,53.7,0.0,0.0,0.0
2026-04-08 19:47:45,29.8,59.5,10.6,53.7,0.0,0.0,0.0
2026-04-08 19:47:50,30.0,59.3,14.3,53.7,0.0,0.0,0.0
2026-04-08 19:47:55,29.8,59.4,9.0,53.7,0.0,0.0,0.0
2026-04-08 19:48:00,30.0,59.4,13.2,53.7,0.0,0.0,0.0
2026-04-08 19:48:05,29.8,59.3,2.4,53.7,0.0,0.0,0.0
2026-04-08 19:48:10,29.8,59.2,24.8,53.7,0.0,0.0,0.0
2026-04-08 19:48:15,30.0,59.1,10.7,53.7,0.0,0.0,0.0
2026-04-08 19:48:20,29.7,59.0,20.7,53.7,0.0,0.0,0.0
2026-04-08 19:48:25,29.8,59.0,28.6,53.7,0.0,0.0,0.0
2026-04-08 19:48:30,29.8,59.1,15.5,53.7,0.0,0.0,0.0
2026-04-08 19:48:35,29.8,59.1,0.7,53.7,0.0,0.0,0.0
2026-04-08 19:48:40,29.9,58.9,24.5,53.7,0.0,0.0,0.0
2026-04-08 19:48:45,29.8,59.0,16.7,53.7,0.0,0.0,0.0
2026-04-08 19:48:50,29.8,59.0,19.3,53.7,0.0,0.0,0.0
2026-04-08 19:48:55,29.7,58.9,10.5,53.7,0.0,0.0,0.0
2026-04-08 19:49:00,29.8,59.0,5.0,53.7,0.0,0.0,0.0
2026-04-08 19:49:05,29.8,59.1,8.6,53.7,0.0,0.0,0.0
2026-04-08 19:49:10,29.9,59.2,8.2,53.7,0.0,0.0,0.0
2026-04-08 19:49:15,29.7,59.2,22.6,53.7,0.0,0.0,0.0
2026-04-08 19:49:20,29.7,59.3,10.3,53.7,0.0,0.0,0.0
2026-04-08 19:49:25,29.7,59.3,4.8,53.7,0.0,0.0,0.0
2026-04-08 19:49:30,29.9,59.4,15.5,53.7,0.0,0.0,0.0
2026-04-08 19:49:35,29.9,59.3,12.3,53.7,0.0,0.0,0.0
2026-04-08 19:49:40,29.7,59.5,6.4,53.7,0.0,0.0,0.0
2026-04-08 19:49:45,29.9,59.4,23.9,53.7,0.0,0.0,0.0
2026-04-08 19:49:50,29.8,59.4,0.0,53.7,0.0,0.0,0.0
2026-04-08 19:49:55,29.8,59.6,11.8,53.7,0.0,0.0,0.0
2026-04-08 19:50:00,29.7,59.6,10.6,53.7,0.0,0.0,0.0
2026-04-08 19:50:05,29.7,59.6,27.0,53.7,0.0,0.0,0.0
2026-04-08 19:50:10,29.8,59.6,26.4,53.7,0.0,0.0,0.0
2026-04-08 19:50:15,29.9,59.5,9.8,53.7,0.0,0.0,0.0
2026-04-08 19:50:20,29.7,59.4,26.4,53.7,0.0,0.0,0.0
2026-04-08 19:50:25,29.7,59.4,24.4,53.7,0.0,0.0,0.0
2026-04-08 19:50:30,29.8,59.6,3.4,53.7,0.0,0.0,0.0
2026-04-08 19:50:35,29.8,59.6,2.5,53.7,0.0,0.0,0.0
2026-04-08 19:50:40,29.7,59.5,9.2,53.7,0.0,0.0,0.0
2026-04-08 19:50:45,29.8,59.4,0.0,53.7,0.0,0.0,0.0
2026-04-08 19:50:50,29.8,59.5,0.0,53.7,0.0,0.0,0.0
2026-04-08 19:50:55,29.7,59.5,27.3,53.7,0.0,0.0,0.0
2026-04-08 19:51:00,29.8,59.6,27.5,53.7,0.0,0.0,0.0
2026-04-08 19:51:05,29.7,59.6,2.8,53.7,0.0,0.0,0.0
2026-04-08 19:51:10,29.8,59.6,31.2,53.7,0.0,0.0,0.0
2026-04-08 19:51:15,29.9,59.5,33.3,53.7,0.0,0.0,0.0
2026-04-08 19:51:20,29.9,59.4,8.3,53.7,0.0,0.0,0.0
2026-04-08 19:51:25,29.8,59.5,27.4,53.7,0.0,0.0,0.0
2026-04-08 19:51:30,29.7,59.4,4.8,53.7,0.0,0.0,0.0
2026-04-08 19:51:35,29.8,59.5,18.8,53.7,0.0,0.0,0.0
2026-04-08 19:51:40,29.8,59.3,8.6,53.7,0.0,0.0,0.0
2026-04-08 19:51:45,29.5,59.2,31.1,53.7,0.0,0.0,0.0
2026-04-08 19:51:50,29.9,59.1,25.2,53.7,0.0,0.0,0.0
2026-04-08 19:51:55,29.8,59.2,19.3,53.7,0.0,0.0,0.0
2026-04-08 19:52:00,29.8,59.3,34.9,53.7,0.0,0.0,0.0
2026-04-08 19:52:05,29.9,59.3,5.9,53.7,0.0,0.0,0.0
2026-04-08 19:52:10,29.8,59.3,16.4,53.7,0.0,0.0,0.0
2026-04-08 19:52:15,29.7,59.2,10.6,53.7,0.0,0.0,0.0
2026-04-08 19:52:20,29.8,59.1,4.4,53.7,0.0,0.0,0.0
2026-04-08 19:52:25,29.7,59.2,0.0,53.7,0.0,0.0,0.0
2026-04-08 19:52:30,29.9,59.2,11.0,53.7,0.0,0.0,0.0
2026-04-08 19:52:35,29.9,59.2,0.0,53.7,0.0,0.0,0.0
2026-04-08 19:52:40,29.8,59.1,9.6,53.7,0.0,0.0,0.0
2026-04-08 19:52:45,29.8,58.9,20.8,53.7,0.0,0.0,0.0
2026-04-08 19:52:50,29.6,58.9,12.7,53.7,0.0,0.0,0.0
2026-04-08 19:52:55,29.7,58.9,8.6,53.7,0.0,0.0,0.0
2026-04-08 19:53:00,29.7,59.0,17.2,53.7,0.0,0.0,0.0
2026-04-08 19:53:05,29.8,59.0,10.7,53.7,0.0,0.0,0.0
2026-04-08 19:53:10,29.6,59.1,19.3,53.7,0.0,0.0,0.0
2026-04-08 19:53:15,29.8,59.1,10.6,53.7,0.0,0.0,0.0
2026-04-08 19:53:20,29.9,59.0,16.5,53.7,0.0,0.0,0.0
2026-04-08 19:53:25,29.8,58.9,6.2,53.7,0.0,0.0,0.0
2026-04-08 19:53:30,29.8,58.8,39.4,53.7,0.0,0.0,0.0
2026-04-08 19:53:35,29.8,58.8,0.7,53.7,0.0,0.0,0.0
2026-04-08 19:53:40,29.6,58.7,18.0,53.7,0.0,0.0,0.0
2026-04-08 19:53:45,29.8,58.6,12.7,53.7,0.0,0.0,0.0
2026-04-08 19:53:50,29.8,58.6,3.8,53.7,0.0,0.0,0.0
2026-04-08 19:53:55,29.8,58.9,7.0,53.7,0.0,0.0,0.0
2026-04-08 19:54:00,29.8,58.9,17.3,53.7,0.0,0.0,0.0
2026-04-08 19:54:05,29.6,59.0,0.5,53.7,0.0,0.0,0.0
2026-04-08 19:54:10,30.0,58.9,33.6,53.7,0.0,0.0,0.0
2026-04-08 19:54:15,29.7,58.9,31.1,53.7,0.0,0.0,0.0
2026-04-08 19:54:20,29.9,59.1,15.1,53.7,0.0,0.0,0.0
2026-04-08 19:54:25,29.8,59.1,8.7,53.7,0.0,0.0,0.0
2026-04-08 19:54:30,29.8,59.0,17.1,53.7,0.0,0.0,0.0
2026-04-08 19:54:35,29.7,59.0,8.6,53.7,0.0,0.0,0.0
2026-04-08 19:54:40,29.7,58.9,0.0,53.7,0.0,0.0,0.0
2026-04-08 19:54:45,29.7,59.1,26.5,53.7,0.0,0.0,0.0
2026-04-08 19:54:50,29.7,59.0,11.8,53.7,0.0,0.0,0.0
2026-04-08 19:54:55,29.8,59.0,23.6,53.7,0.0,0.0,0.0
2026-04-08 19:55:00,29.8,59.0,20.8,53.7,0.0,0.0,0.0
2026-04-08 19:55:05,29.9,59.1,15.2,53.7,0.0,0.0,0.0
2026-04-08 19:55:10,29.8,59.1,25.3,53.7,0.0,0.0,0.0
2026-04-08 19:55:15,29.8,59.1,6.6,53.7,0.0,0.0,0.0
2026-04-08 19:55:20,29.7,59.2,0.0,53.7,0.0,0.0,0.0
2026-04-08 19:55:25,29.8,59.4,24.5,53.7,0.0,0.0,0.0
2026-04-08 19:55:30,29.8,59.4,1.7,53.8,0.0,0.0,0.0
2026-04-08 19:55:35,29.8,59.3,11.5,53.8,0.0,0.0,0.0
2026-04-08 19:55:40,29.7,59.2,0.3,53.8,0.0,0.0,0.0
2026-04-08 19:55:45,29.7,59.2,5.1,53.8,0.0,0.0,0.0
2026-04-08 19:55:50,29.8,59.1,28.1,53.7,0.0,0.0,0.0
2026-04-08 19:55:55,29.7,59.2,36.3,53.7,0.0,0.0,0.0
2026-04-08 19:56:00,29.8,59.2,19.0,53.7,0.0,0.0,0.0
2026-04-08 19:56:05,29.7,59.1,28.9,53.7,0.0,0.0,0.0
2026-04-08 19:56:10,29.7,59.1,38.6,53.7,0.0,0.0,0.0
2026-04-08 19:56:15,29.7,59.1,19.1,53.7,0.0,0.0,0.0
2026-04-08 19:56:20,29.9,59.1,20.9,53.7,0.0,0.0,0.0
2026-04-08 19:56:25,29.8,59.2,0.0,53.8,0.0,0.0,0.0
2026-04-08 19:56:30,29.8,59.3,9.9,53.8,0.0,0.0,0.0
2026-04-08 19:56:35,29.7,59.1,20.2,53.8,0.0,0.0,0.0
2026-04-08 19:56:40,29.6,59.1,14.5,53.7,0.0,0.0,0.0
2026-04-08 19:56:45,29.8,59.2,0.0,53.7,0.0,0.0,0.0
2026-04-08 19:56:50,29.7,59.1,0.0,53.7,0.0,0.0,0.0
2026-04-08 19:56:55,29.8,59.2,3.1,53.7,0.0,0.0,0.0
2026-04-08 19:57:00,29.8,59.2,27.8,53.7,0.0,0.0,0.0
2026-04-08 19:57:05,29.7,59.2,9.2,53.7,0.0,0.0,0.0
2026-04-08 19:57:10,29.7,59.1,14.8,53.7,0.0,0.0,0.0
2026-04-08 19:57:15,29.8,59.1,4.4,53.8,0.0,0.0,0.0
2026-04-08 19:57:20,29.7,59.1,10.4,53.8,0.0,0.0,0.0
2026-04-08 19:57:25,29.7,59.1,0.0,53.8,0.0,0.0,0.0
2026-04-08 19:57:30,29.9,59.2,37.3,53.8,0.0,0.0,0.0
2026-04-08 19:57:35,29.8,59.3,15.9,53.8,0.0,0.0,0.0
2026-04-08 19:57:40,29.8,59.3,1.7,53.8,0.0,0.0,0.0
2026-04-08 19:57:45,29.8,59.4,12.0,53.8,0.0,0.0,0.0
2026-04-08 19:57:50,29.8,59.3,23.5,53.8,0.0,0.0,0.0
2026-04-08 19:57:55,29.7,59.3,14.7,53.8,0.0,0.0,0.0
2026-04-08 19:58:00,29.8,59.3,18.2,53.7,0.0,0.0,0.0
2026-04-08 19:58:05,29.7,59.3,12.1,53.7,0.0,0.0,0.0
2026-04-08 19:58:10,29.8,59.2,15.4,53.7,0.0,0.0,0.0
2026-04-08 19:58:15,29.9,59.3,3.6,53.7,0.0,0.0,0.0
2026-04-08 19:58:20,29.8,59.3,10.6,53.7,0.0,0.0,0.0
2026-04-08 19:58:25,29.9,59.3,9.2,53.7,0.0,0.0,0.0
2026-04-08 19:58:30,29.7,59.3,24.5,53.7,0.0,0.0,0.0
2026-04-08 19:58:35,29.8,59.3,20.1,53.7,0.0,0.0,0.0
2026-04-08 19:58:40,29.8,59.3,8.8,53.7,0.0,0.0,0.0
2026-04-08 19:58:45,29.6,59.2,22.2,53.7,0.0,0.0,0.0
2026-04-08 19:58:50,29.7,59.2,19.6,53.7,0.0,0.0,0.0
2026-04-08 19:58:55,29.7,59.3,13.7,53.7,0.0,0.0,0.0
2026-04-08 19:59:00,29.7,59.3,15.4,53.7,0.0,0.0,0.0
2026-04-08 19:59:05,29.8,59.2,23.6,53.7,0.0,0.0,0.0
2026-04-08 19:59:10,29.9,59.1,6.0,53.7,0.0,0.0,0.0
2026-04-08 19:59:15,29.8,59.1,25.4,53.7,0.0,0.0,0.0
2026-04-08 19:59:20,29.7,59.1,17.0,53.7,0.0,0.0,0.0
2026-04-08 19:59:25,29.8,59.0,14.4,53.7,0.0,0.0,0.0
2026-04-08 19:59:30,29.8,58.9,24.2,53.7,0.0,0.0,0.0
2026-04-08 19:59:35,29.7,58.8,18.0,53.7,0.0,0.0,0.0
2026-04-08 19:59:40,29.6,59.0,13.2,53.7,0.0,0.0,0.0
2026-04-08 19:59:45,29.8,59.1,18.9,53.7,0.0,0.0,0.0
2026-04-08 19:59:50,29.9,59.2,3.2,53.7,0.0,0.0,0.0
2026-04-08 19:59:55,29.8,59.2,12.0,53.8,0.0,0.0,0.0
