Timestamp,Temperature,Humidity,Light,Soil_Moisture,Drip,Mist,Fan
2026-04-09 17:00:00,30.1,52.5,140.6,54.4,0.0,0.0,0.0
2026-04-09 17:00:05,29.9,52.5,142.0,54.3,0.0,0.0,0.0
2026-04-09 17:00:10,30.0,52.6,145.4,54.3,0.0,0.0,0.0
2026-04-09 17:00:15,30.0,52.7,154.4,54.3,0.0,0.0,0.0
2026-04-09 17:00:20,30.1,52.7,159.7,54.3,0.0,0.0,0.0
2026-04-09 17:00:25,29.9,52.7,153.6,54.3,0.0,0.0,0.0
2026-04-09 17:00:30,30.1,52.7,140.3,54.3,0.0,0.0,0.0
2026-04-09 17:00:35,29.9,52.7,139.7,54.3,0.0,0.0,0.0
2026-04-09 17:00:40,30.1,52.7,134.4,54.3,0.0,0.0,0.0
2026-04-09 17:00:45,29.9,52.8,138.8,54.3,0.0,0.0,0.0
2026-04-09 17:00:50,29.9,52.7,132.2,54.4,0.0,0.0,0.0
2026-04-09 17:00:55,29.8,52.7,141.0,54.4,0.0,0.0,0.0
2026-04-09 17:01:00,29.8,52.7,140.7,54.4,0.0,0.0,0.0
2026-04-09 17:01:05,30.1,52.6,121.0,54.4,0.0,0.0,0.0
2026-04-09 17:01:10,30.0,52.6,136.4,54.4,0.0,0.0,0.0
2026-04-09 17:01:15,30.0,52.7,147.4,54.4,0.0,0.0,0.0
2026-04-09 17:01:20,29.9,52.8,141.6,54.3,0.0,0.0,0.0
2026-04-09 17:01:25,30.0,52.8,128.2,54.3,0.0,0.0,0.0
2026-04-09 17:01:30,29.8,52.8,126.2,54.3,0.0,0.0,0.0
2026-04-09 17:01:35,29.9,52.7,144.2,54.3,0.0,0.0,0.0
2026-04-09 17:01:40,29.9,52.7,140.7,54.3,0.0,0.0,0.0
2026-04-09 17:01:45,30.0,52.6,134.4,54.3,0.0,0.0,0.0
2026-04-09 17:01:50,30.0,52.8,138.5,54.3,0.0,0.0,0.0
2026-04-09 17:01:55,29.9,52.8,131.9,54.3,0.0,0.0,0.0
2026-04-09 17:02:00,30.0,53.0,130.4,54.3,0.0,0.0,0.0
2026-04-09 17:02:05,30.1,52.7,148.7,54.3,0.0,0.0,0.0
2026-04-09 17:02:10,29.9,52.9,147.9,54.3,0.0,0.0,0.0
2026-04-09 17:02:15,30.0,52.9,139.7,54.3,0.0,0.0,0.0
2026-04-09 17:02:20,30.0,52.9,137.5,54.3,0.0,0.0,0.0
2026-04-09 17:02:25,30.2,52.9,119.2,54.3,0.0,0.0,0.0
2026-04-09 17:02:30,29.9,52.9,148.6,54.3,0.0,0.0,0.0
2026-04-09 17:02:35,30.0,52.9,118.1,54.3,0.0,0.0,0.0
2026-04-09 17:02:40,29.9,52.9,144.7,54.3,0.0,0.0,0.0
2026-04-09 17:02:45,30.1,53.0,123.9,54.3,0.0,0.0,0.0
2026-04-09 17:02:50,30.0,53.0,141.5,54.3,0.0,0.0,0.0
2026-04-09 17:02:55,30.1,53.0,134.7,54.3,0.0,0.0,0.0
2026-04-09 17:03:00,29.9,53.1,140.2,54.3,0.0,0.0,0.0
2026-04-09 17:03:05,30.1,53.0,143.0,54.3,0.0,0.0,0.0
2026-04-09 17:03:10,30.0,53.1,137.3,54.3,0.0,0.0,0.0
2026-04-09 17:03:15,29.9,52.9,125.4,54.3,0.0,0.0,0.0
2026-04-09 17:03:20,30.0,53.0,139.7,54.3,0.0,0.0,0.0
2026-04-09 17:03:25,29.7,53.0,146.7,54.3,0.0,0.0,0.0
2026-04-09 17:03:30,30.0,53.0,152.5,54.3,0.0,0.0,0.0
2026-04-09 17:03:35,29.8,52.8,144.9,54.3,0.0,0.0,0.0
2026-04-09 17:03:40,29.9,52.7,124.1,54.3,0.0,0.0,0.0
2026-04-09 17:03:45,29.9,52.8,132.5,54.3,0.0,0.0,0.0
2026-04-09 17:03:50,29.9,52.8,145.1,54.3,0.0,0.0,0.0
2026-04-09 17:03:55,30.0,52.9,130.5,54.3,0.0,0.0,0.0
2026-04-09 17:04:00,29.8,53.0,126.3,54.3,0.0,0.0,0.0
2026-04-09 17:04:05,29.9,53.0,138.6,54.3,0.0,0.0,0.0
2026-04-09 17:04:10,29.8,53.1,140.5,54.3,0.0,0.0,0.0
2026-04-09 17:04:15,30.1,52.9,147.0,54.3,0.0,0.0,0.0
2026-04-09 17:04:20,30.0,53.0,127.6,54.3,0.0,0.0,0.0
2026-04-09 17:04:25,30.0,53.0,122.7,54.3,0.0,0.0,0.0
2026-04-09 17:04:30,30.0,52.9,133.0,54.3,0.0,0.0,0.0
2026-04-09 17:04:35,30.0,53.0,142.5,54.3,0.0,0.0,0.0
2026-04-09 17:04:40,29.8,53.0,132.4,54.3,0.0,0.0,0.0
2026-04-09 17:04:45,29.9,52.9,129.3,54.3,0.0,0.0,0.0
2026-04-09 17:04:50,30.0,52.9,145.6,54.3,0.0,0.0,0.0
2026-04-09 17:04:55,29.9,53.1,130.3,54.3,0.0,0.0,0.0
2026-04-09 17:05:00,29.9,53.1,140.5,54.3,0.0,0.0,0.0
2026-04-09 17:05:05,29.9,52.9,146.6,54.3,0.0,0.0,0.0
2026-04-09 17:05:10,29.9,53.0,131.0,54.3,0.0,0.0,0.0
2026-04-09 17:05:15,29.9,52.9,124.8,54.3,0.0,0.0,0.0
2026-04-09 17:05:20,30.0,53.0,116.7,54.3,0.0,0.0,0.0
2026-04-09 17:05:25,30.0,53.0,110.2,54.2,0.0,0.0,0.0
2026-04-09 17:05:30,29.9,52.9,132.6,54.2,0.0,0.0,0.0
2026-04-09 17:05:35,30.0,53.0,111.0,54.3,0.0,0.0,0.0
2026-04-09 17:05:40,29.9,53.0,127.5,54.3,0.0,0.0,0.0
2026-04-09 17:05:45,30.0,53.2,110.8,54.3,0.0,0.0,0.0
2026-04-09 17:05:50,30.2,53.2,133.0,54.3,0.0,0.0,0.0
2026-04-09 17:05:55,30.0,53.3,119.0,54.3,0.0,0.0,0.0
2026-04-09 17:06:00,30.0,53.3,140.9,54.3,0.0,0.0,0.0
2026-04-09 17:06:05,30.0,53.2,123.1,54.3,0.0,0.0,0.0
2026-04-09 17:06:10,30.0,53.3,135.0,54.3,0.0,0.0,0.0
2026-04-09 17:06:15,30.1,53.2,140.6,54.3,0.0,0.0,0.0
2026-04-09 17:06:20,29.9,53.2,119.1,54.3,0.0,0.0,0.0
2026-04-09 17:06:25,30.1,53.2,114.2,54.3,0.0,0.0,0.0
2026-04-09 17:06:30,30.0,53.2,125.4,54.3,0.0,0.0,0.0
2026-04-09 17:06:35,30.0,53.1,131.8,54.3,0.0,0.0,0.0
2026-04-09 17:06:40,30.0,53.2,132.3,54.3,0.0,0.0,0.0
2026-04-09 17:06:45,29.9,53.2,101.2,54.3,0.0,0.0,0.0
2026-04-09 17:06:50,30.1,53.1,119.2,54.3,0.0,0.0,0.0
2026-04-09 17:06:55,29.9,53.1,120.9,54.3,0.0,0.0,0.0
2026-04-09 17:07:00,30.0,53.2,118.0,54.3,0.0,0.0,0.0
2026-04-09 17:07:05,29.9,53.1,126.0,54.3,0.0,0.0,0.0
2026-04-09 17:07:10,30.0,53.1,95.5,54.3,0.0,0.0,0.0
2026-04-09 17:07:15,29.9,53.0,137.3,54.3,0.0,0.0,0.0
2026-04-09 17:07:20,29.9,53.1,114.2,54.3,0.0,0.0,0.0
2026-04-09 17:07:25,29.9,53.1,111.4,54.3,0.0,0.0,0.0
2026-04-09 17:07:30,29.9,53.2,122.0,54.3,0.0,0.0,0.0
2026-04-09 17:07:35,30.0,53.3,117.9,54.3,0.0,0.0,0.0
2026-04-09 17:07:40,30.1,53.4,118.7,54.3,0.0,0.0,0.0
2026-04-09 17:07:45,30.0,53.4,134.8,54.3,0.0,0.0,0.0
2026-04-09 17:07:50,30.0,53.3,133.4,54.3,0.0,0.0,0.0
2026-04-09 17:07:55,30.1,53.4,123.4,54.3,0.0,0.0,0.0
2026-04-09 17:08:00,29.7,53.3,125.9,54.3,0.0,0.0,0.0
2026-04-09 17:08:05,30.0,53.4,120.3,54.3,0.0,0.0,0.0
2026-04-09 17:08:10,29.8,53.5,109.2,54.2,0.0,0.0,0.0
2026-04-09 17:08:15,30.0,53.4,118.6,54.2,0.0,0.0,0.0
2026-04-09 17:08:20,29.9,53.4,135.3,54.2,0.0,0.0,0.0
2026-04-09 17:08:25,29.9,53.5,116.5,54.2,0.0,0.0,0.0
2026-04-09 17:08:30,30.0,53.5,137.4,54.3,0.0,0.0,0.0
2026-04-09 17:08:35,30.0,53.6,108.8,54.3,0.0,0.0,0.0
2026-04-09 17:08:40,29.9,53.6,120.0,54.3,0.0,0.0,0.0
2026-04-09 17:08:45,29.9,53.5,114.7,54.3,0.0,0.0,0.0
2026-04-09 17:08:50,30.0,53.4,114.2,54.3,0.0,0.0,0.0
2026-04-09 17:08:55,29.9,53.4,133.8,54.3,0.0,0.0,0.0
2026-04-09 17:09:00,30.0,53.5,121.2,54.3,0.0,0.0,0.0
2026-04-09 17:09:05,30.0,53.3,129.9,54.3,0.0,0.0,0.0
2026-04-09 17:09:10,29.9,53.3,116.8,54.3,0.0,0.0,0.0
2026-04-09 17:09:15,29.9,53.4,123.2,54.3,0.0,0.0,0.0
2026-04-09 17:09:20,29.9,53.5,116.7,54.3,0.0,0.0,0.0
2026-04-09 17:09:25,30.0,53.4,129.3,54.3,0.0,0.0,0.0
2026-04-09 17:09:30,29.9,53.4,112.8,54.3,0.0,0.0,0.0
2026-04-09 17:09:35,29.9,53.4,102.7,54.3,0.0,0.0,0.0
2026-04-09 17:09:40,30.0,53.4,126.3,54.3,0.0,0.0,0.0
2026-04-09 17:09:45,30.0,53.2,99.2,54.3,0.0,0.0,0.0
2026-04-09 17:09:50,29.9,53.3,106.2,54.3,0.0,0.0,0.0
2026-04-09 17:09:55,29.9,53.3,126.9,54.3,0.0,0.0,0.0
2026-04-09 17:10:00,30.0,53.2,114.9,54.2,0.0,0.0,0.0
2026-04-09 17:10:05,30.0,53.2,118.5,54.2,0.0,0.0,0.0
2026-04-09 17:10:10,30.0,53.3,127.8,54.2,0.0,0.0,0.0
2026-04-09 17:10:15,29.9,53.2,113.0,54.2,0.0,0.0,0.0
2026-04-09 17:10:20,29.9,53.2,121.9,54.3,0.0,0.0,0.0
2026-04-09 17:10:25,29.9,53.1,126.3,54.3,0.0,0.0,0.0
2026-04-09 17:10:30,29.9,53.1,104.5,54.3,0.0,0.0,0.0
2026-04-09 17:10:35,30.0,53.1,127.7,54.3,0.0,0.0,0.0
2026-04-09 17:10:40,30.0,53.0,104.3,54.3,0.0,0.0,0.0
2026-04-09 17:10:45,30.1,53.1,110.9,54.3,0.0,0.0,0.0
2026-04-09 17:10:50,30.0,53.1,113.0,54.3,0.0,0.0,0.0
2026-04-09 17:10:55,29.9,53.2,116.3,54.3,0.0,0.0,0.0
2026-04-09 17:11:00,29.8,53.1,123.3,54.3,0.0,0.0,0.0
2026-04-09 17:11:05,30.1,53.1,104.3,54.2,0.0,0.0,0.0
2026-04-09 17:11:10,29.9,53.2,116.0,54.2,0.0,0.0,0.0
2026-04-09 17:11:15,30.0,53.3,104.4,54.2,0.0,0.0,0.0
2026-04-09 17:11:20,29.9,53.4,125.7,54.3,0.0,0.0,0.0
2026-04-09 17:11:25,29.8,53.4,122.7,54.3,0.0,0.0,0.0
2026-04-09 17:11:30,30.0,53.5,112.5,54.3,0.0,0.0,0.0
2026-04-09 17:11:35,30.0,53.4,94.9,54.3,0.0,0.0,0.0
2026-04-09 17:11:40,30.0,53.5,96.6,54.3,0.0,0.0,0.0
2026-04-09 17:11:45,30.0,53.5,119.4,54.3,0.0,0.0,0.0
2026-04-09 17:11:50,29.8,53.5,107.8,54.3,0.0,0.0,0.0
2026-04-09 17:11:55,29.9,53.4,104.2,54.3,0.0,0.0,0.0
2026-04-09 17:12:00,29.9,53.5,124.0,54.3,0.0,0.0,0.0
2026-04-09 17:12:05,29.9,53.5,94.4,54.3,0.0,0.0,0.0
2026-04-09 17:12:10,29.7,53.5,120.4,54.3,0.0,0.0,0.0
2026-04-09 17:12:15,29.7,53.5,113.9,54.3,0.0,0.0,0.0
2026-04-09 17:12:20,30.1,53.6,131.8,54.3,0.0,0.0,0.0
2026-04-09 17:12:25,29.9,53.7,107.2,54.3,0.0,0.0,0.0
2026-04-09 17:12:30,29.9,53.6,106.8,54.3,0.0,0.0,0.0
2026-04-09 17:12:35,29.9,53.7,109.6,54.3,0.0,0.0,0.0
2026-04-09 17:12:40,29.9,53.7,123.9,54.3,0.0,0.0,0.0
2026-04-09 17:12:45,29.8,53.7,128.2,54.3,0.0,0.0,0.0
2026-04-09 17:12:50,29.9,53.8,111.4,54.3,0.0,0.0,0.0
2026-04-09 17:12:55,29.9,53.8,96.5,54.3,0.0,0.0,0.0
2026-04-09 17:13:00,30.0,53.7,118.0,54.3,0.0,0.0,0.0
2026-04-09 17:13:05,29.9,53.7,128.8,54.3,0.0,0.0,0.0
2026-04-09 17:13:10,29.9,53.8,130.3,54.3,0.0,0.0,0.0
2026-04-09 17:13:15,29.8,53.6,113.5,54.3,0.0,0.0,0.0
2026-04-09 17:13:20,29.9,53.8,118.4,54.3,0.0,0.0,0.0
2026-04-09 17:13:25,29.9,53.8,99.7,54.3,0.0,0.0,0.0
2026-04-09 17:13:30,29.9,53.9,105.5,54.3,0.0,0.0,0.0
2026-04-09 17:13:35,29.9,53.9,115.6,54.3,0.0,0.0,0.0
2026-04-09 17:13:40,29.8,53.9,102.4,54.3,0.0,0.0,0.0
2026-04-09 17:13:45,29.8,53.7,111.6,54.2,0.0,0.0,0.0
2026-04-09 17:13:50,29.9,53.8,89.4,54.2,0.0,0.0,0.0
2026-04-09 17:13:55,30.0,53.7,103.9,54.2,0.0,0.0,0.0
2026-04-09 17:14:00,29.9,53.8,97.5,54.2,0.0,0.0,0.0
2026-04-09 17:14:05,30.0,53.9,95.2,54.2,0.0,0.0,0.0
2026-04-09 17:14:10,29.8,53.9,116.2,54.3,0.0,0.0,0.0
2026-04-09 17:14:15,29.8,54.0,105.7,54.3,0.0,0.0,0.0
2026-04-09 17:14:20,29.9,53.9,105.5,54.3,0.0,0.0,0.0
2026-04-09 17:14:25,29.9,54.0,135.9,54.2,0.0,0.0,0.0
2026-04-09 17:14:30,30.0,54.0,98.6,54.2,0.0,0.0,0.0
2026-04-09 17:14:35,30.0,54.0,109.6,54.2,0.0,0.0,0.0
2026-04-09 17:14:40,29.8,54.0,108.1,54.3,0.0,0.0,0.0
2026-04-09 17:14:45,29.7,54.0,108.2,54.3,0.0,0.0,0.0
2026-04-09 17:14:50,30.1,54.1,117.6,54.3,0.0,0.0,0.0
2026-04-09 17:14:55,29.9,54.0,93.6,54.3,0.0,0.0,0.0
2026-04-09 17:15:00,29.9,54.0,95.1,54.3,0.0,0.0,0.0
2026-04-09 17:15:05,30.1,54.0,101.5,54.3,0.0,0.0,0.0
2026-04-09 17:15:10,30.0,54.0,95.7,54.3,0.0,0.0,0.0
2026-04-09 17:15:15,30.1,54.1,105.9,54.3,0.0,0.0,0.0
2026-04-09 17:15:20,29.9,54.2,100.0,54.3,0.0,0.0,0.0
2026-04-09 17:15:25,30.0,54.2,102.5,54.3,0.0,0.0,0.0
2026-04-09 17:15:30,30.0,54.2,110.7,54.3,0.0,0.0,0.0
2026-04-09 17:15:35,29.9,54.3,112.7,54.3,0.0,0.0,0.0
2026-04-09 17:15:40,29.8,54.3,104.7,54.3,0.0,0.0,0.0
2026-04-09 17:15:45,30.0,54.2,107.9,54.3,0.0,0.0,0.0
2026-04-09 17:15:50,30.0,54.4,103.5,54.3,0.0,0.0,0.0
2026-04-09 17:15:55,30.0,54.3,109.3,54.3,0.0,0.0,0.0
2026-04-09 17:16:00,29.9,54.3,93.7,54.3,0.0,0.0,0.0
2026-04-09 17:16:05,30.0,54.3,90.9,54.3,0.0,0.0,0.0
2026-04-09 17:16:10,29.9,54.4,88.6,54.2,0.0,0.0,0.0
2026-04-09 17:16:15,30.0,54.3,98.6,54.2,0.0,0.0,0.0
2026-04-09 17:16:20,29.9,54.3,104.1,54.2,0.0,0.0,0.0
2026-04-09 17:16:25,29.8,54.4,98.6,54.2,0.0,0.0,0.0
2026-04-09 17:16:30,29.9,54.3,94.7,54.2,0.0,0.0,0.0
2026-04-09 17:16:35,30.0,54.3,92.6,54.3,0.0,0.0,0.0
2026-04-09 17:16:40,29.8,54.4,100.7,54.3,0.0,0.0,0.0
2026-04-09 17:16:45,30.0,54.5,94.8,54.3,0.0,0.0,0.0
2026-04-09 17:16:50,29.9,54.5,105.3,54.3,0.0,0.0,0.0
2026-04-09 17:16:55,30.0,54.5,87.6,54.3,0.0,0.0,0.0
2026-04-09 17:17:00,30.1,54.5,85.9,54.3,0.0,0.0,0.0
2026-04-09 17:17:05,30.0,54.5,102.3,54.3,0.0,0.0,0.0
2026-04-09 17:17:10,30.1,54.4,106.5,54.3,0.0,0.0,0.0
2026-04-09 17:17:15,29.8,54.6,80.2,54.3,0.0,0.0,0.0
2026-04-09 17:17:20,30.0,54.5,64.6,54.3,0.0,0.0,0.0
2026-04-09 17:17:25,29.9,54.6,80.1,54.3,0.0,0.0,0.0
2026-04-09 17:17:30,29.9,54.7,107.8,54.3,0.0,0.0,0.0
2026-04-09 17:17:35,30.1,54.6,89.3,54.3,0.0,0.0,0.0
2026-04-09 17:17:40,29.9,54.6,100.1,54.3,0.0,0.0,0.0
2026-04-09 17:17:45,29.9,54.6,104.8,54.3,0.0,0.0,0.0
2026-04-09 17:17:50,30.0,54.6,92.7,54.2,0.0,0.0,0.0
2026-04-09 17:17:55,29.9,54.6,91.5,54.2,0.0,0.0,0.0
2026-04-09 17:18:00,29.8,54.5,114.2,54.2,0.0,0.0,0.0
2026-04-09 17:18:05,29.9,54.6,93.7,54.2,0.0,0.0,0.0
2026-04-09 17:18:10,29.9,54.4,95.0,54.2,0.0,0.0,0.0
2026-04-09 17:18:15,29.8,54.5,106.3,54.2,0.0,0.0,0.0
2026-04-09 17:18:20,30.0,54.5,93.9,54.3,0.0,0.0,0.0
2026-04-09 17:18:25,29.8,54.4,103.1,54.3,0.0,0.0,0.0
2026-04-09 17:18:30,30.0,54.4,110.9,54.3,0.0,0.0,0.0
2026-04-09 17:18:35,29.7,54.4,91.7,54.3,0.0,0.0,0.0
2026-04-09 17:18:40,30.0,54.5,90.0,54.3,0.0,0.0,0.0
2026-04-09 17:18:45,29.9,54.4,109.2,54.3,0.0,0.0,0.0
2026-04-09 17:18:50,30.0,54.4,83.7,54.2,0.0,0.0,0.0
2026-04-09 17:18:55,29.9,54.5,97.9,54.2,0.0,0.0,0.0
2026-04-09 17:19:00,29.9,54.6,90.3,54.2,0.0,0.0,0.0
2026-04-09 17:19:05,29.8,54.5,73.3,54.3,0.0,0.0,0.0
2026-04-09 17:19:10,30.0,54.6,98.6,54.3,0.0,0.0,0.0
2026-04-09 17:19:15,29.9,54.6,106.0,54.2,0.0,0.0,0.0
2026-04-09 17:19:20,30.0,54.4,101.2,54.2,0.0,0.0,0.0
2026-04-09 17:19:25,30.0,54.4,91.8,54.2,0.0,0.0,0.0
2026-04-09 17:19:30,29.9,54.4,80.9,54.3,0.0,0.0,0.0
2026-04-09 17:19:35,30.0,54.3,90.8,54.3,0.0,0.0,0.0
2026-04-09 17:19:40,29.8,54.4,87.8,54.3,0.0,0.0,0.0
2026-04-09 17:19:45,29.9,54.4,90.2,54.3,0.0,0.0,0.0
2026-04-09 17:19:50,30.1,54.4,86.7,54.3,0.0,0.0,0.0
2026-04-09 17:19:55,30.0,54.4,82.9,54.3,0.0,0.0,0.0
2026-04-09 17:20:00,30.0,54.4,84.8,54.3,0.0,0.0,0.0
2026-04-09 17:20:05,30.0,54.5,88.8,54.3,0.0,0.0,0.0
2026-04-09 17:20:10,29.9,54.5,95.3,54.3,0.0,0.0,0.0
2026-04-09 17:20:15,29.9,54.4,88.5,54.3,0.0,0.0,0.0
2026-04-09 17:20:20,29.9,54.4,90.2,54.3,0.0,0.0,0.0
2026-04-09 17:20:25,29.9,54.3,100.9,54.3,0.0,0.0,0.0
2026-04-09 17:20:30,29.8,54.3,98.6,54.3,0.0,0.0,0.0
2026-04-09 17:20:35,30.0,54.3,85.5,54.3,0.0,0.0,0.0
2026-04-09 17:20:40,29.9,54.3,83.4,54.3,0.0,0.0,0.0
2026-04-09 17:20:45,29.9,54.2,93.7,54.3,0.0,0.0,0.0
2026-04-09 17:20:50,30.1,54.1,90.8,54.3,0.0,0.0,0.0
2026-04-09 17:20:55,29.9,54.1,81.0,54.2,0.0,0.0,0.0
2026-04-09 17:21:00,29.9,54.0,114.0,54.2,0.0,0.0,0.0
2026-04-09 17:21:05,29.9,54.0,99.9,54.2,0.0,0.0,0.0
2026-04-09 17:21:10,29.9,53.9,93.2,54.2,0.0,0.0,0.0
2026-04-09 17:21:15,30.0,53.9,80.1,54.2,0.0,0.0,0.0
2026-04-09 17:21:20,29.9,54.0,96.8,54.2,0.0,0.0,0.0
2026-04-09 17:21:25,29.9,53.9,93.5,54.2,0.0,0.0,0.0
2026-04-09 17:21:30,29.8,53.9,92.3,54.2,0.0,0.0,0.0
2026-04-09 17:21:35,29.9,54.0,84.2,54.2,0.0,0.0,0.0
2026-04-09 17:21:40,29.8,54.1,93.9,54.2,0.0,0.0,0.0
2026-04-09 17:21:45,29.9,54.1,97.7,54.2,0.0,0.0,0.0
2026-04-09 17:21:50,30.0,54.1,92.6,54.2,0.0,0.0,0.0
2026-04-09 17:21:55,29.8,54.3,92.6,54.3,0.0,0.0,0.0
2026-04-09 17:22:00,29.8,54.3,92.6,54.3,0.0,0.0,0.0
2026-04-09 17:22:05,29.9,54.4,70.0,54.3,0.0,0.0,0.0
2026-04-09 17:22:10,29.9,54.3,73.8,54.3,0.0,0.0,0.0
2026-04-09 17:22:15,30.0,54.3,83.5,54.3,0.0,0.0,0.0
2026-04-09 17:22:20,29.7,54.4,95.1,54.2,0.0,0.0,0.0
2026-04-09 17:22:25,30.0,54.4,81.4,54.2,0.0,0.0,0.0
2026-04-09 17:22:30,29.9,54.5,72.7,54.2,0.0,0.0,0.0
2026-04-09 17:22:35,30.0,54.4,77.9,54.2,0.0,0.0,0.0
2026-04-09 17:22:40,30.1,54.4,93.8,54.2,0.0,0.0,0.0
2026-04-09 17:22:45,30.0,54.5,81.3,54.2,0.0,0.0,0.0
2026-04-09 17:22:50,29.8,54.5,84.2,54.2,0.0,0.0,0.0
2026-04-09 17:22:55,29.9,54.5,93.0,54.2,0.0,0.0,0.0
2026-04-09 17:23:00,29.9,54.4,97.0,54.2,0.0,0.0,0.0
2026-04-09 17:23:05,29.9,54.4,65.5,54.2,0.0,0.0,0.0
2026-04-09 17:23:10,29.9,54.4,100.6,54.2,0.0,0.0,0.0
2026-04-09 17:23:15,29.9,54.3,98.1,54.2,0.0,0.0,0.0
2026-04-09 17:23:20,29.9,54.4,73.4,54.2,0.0,0.0,0.0
2026-04-09 17:23:25,29.9,54.6,92.3,54.2,0.0,0.0,0.0
2026-04-09 17:23:30,29.9,54.6,87.6,54.2,0.0,0.0,0.0
2026-04-09 17:23:35,30.0,54.7,75.7,54.2,0.0,0.0,0.0
2026-04-09 17:23:40,29.9,54.6,77.5,54.2,0.0,0.0,0.0
2026-04-09 17:23:45,29.8,54.7,93.4,54.3,0.0,0.0,0.0
2026-04-09 17:23:50,30.0,54.6,75.6,54.3,0.0,0.0,0.0
2026-04-09 17:23:55,30.0,54.6,64.5,54.3,0.0,0.0,0.0
2026-04-09 17:24:00,29.9,54.6,89.1,54.2,0.0,0.0,0.0
2026-04-09 17:24:05,29.8,54.7,91.9,54.2,0.0,0.0,0.0
2026-04-09 17:24:10,29.9,54.5,91.2,54.2,0.0,0.0,0.0
2026-04-09 17:24:15,30.1,54.7,72.3,54.2,0.0,0.0,0.0
2026-04-09 17:24:20,30.0,54.7,91.9,54.2,0.0,0.0,0.0
2026-04-09 17:24:25,30.0,54.6,67.5,54.2,0.0,0.0,0.0
2026-04-09 17:24:30,29.8,54.6,67.2,54.2,0.0,0.0,0.0
2026-04-09 17:24:35,29.9,54.6,92.4,54.2,0.0,0.0,0.0
2026-04-09 17:24:40,29.8,54.7,94.1,54.3,0.0,0.0,0.0
2026-04-09 17:24:45,29.8,54.8,80.0,54.3,0.0,0.0,0.0
2026-04-09 17:24:50,30.0,54.6,71.6,54.2,0.0,0.0,0.0
2026-04-09 17:24:55,29.8,54.6,77.4,54.2,0.0,0.0,0.0
2026-04-09 17:25:00,29.9,54.7,81.2,54.2,0.0,0.0,0.0
2026-04-09 17:25:05,29.8,54.7,70.0,54.2,0.0,0.0,0.0
2026-04-09 17:25:10,29.9,54.7,73.6,54.2,0.0,0.0,0.0
2026-04-09 17:25:15,29.8,54.7,82.2,54.2,0.0,0.0,0.0
2026-04-09 17:25:20,29.9,54.7,76.4,54.2,0.0,0.0,0.0
2026-04-09 17:25:25,29.9,54.7,80.1,54.2,0.0,0.0,0.0
2026-04-09 17:25:30,30.0,54.7,70.7,54.2,0.0,0.0,0.0
2026-04-09 17:25:35,29.8,54.7,86.9,54.2,0.0,0.0,0.0
2026-04-09 17:25:40,29.9,54.8,66.9,54.2,0.0,0.0,0.0
2026-04-09 17:25:45,29.9,54.8,69.0,54.2,0.0,0.0,0.0
2026-04-09 17:25:50,30.0,54.9,78.0,54.2,0.0,0.0,0.0
2026-04-09 17:25:55,29.7,54.9,93.4,54.2,0.0,0.0,0.0
2026-04-09 17:26:00,29.9,55.0,89.3,54.2,0.0,0.0,0.0
2026-04-09 17:26:05,30.0,54.9,81.4,54.2,0.0,0.0,0.0
2026-04-09 17:26:10,30.0,54.9,78.0,54.2,0.0,0.0,0.0
2026-04-09 17:26:15,29.9,54.9,67.4,54.2,0.0,0.0,0.0
2026-04-09 17:26:20,29.8,54.9,94.6,54.2,0.0,0.0,0.0
2026-04-09 17:26:25,30.0,54.9,78.8,54.2,0.0,0.0,0.0
2026-04-09 17:26:30,29.9,55.0,70.1,54.2,0.0,0.0,0.0
2026-04-09 17:26:35,29.7,55.0,77.4,54.2,0.0,0.0,0.0
2026-04-09 17:26:40,29.7,54.9,85.5,54.2,0.0,0.0,0.0
2026-04-09 17:26:45,29.7,54.8,74.8,54.2,0.0,0.0,0.0
2026-04-09 17:26:50,30.0,54.9,95.5,54.2,0.0,0.0,0.0
2026-04-09 17:26:55,29.9,55.0,84.4,54.2,0.0,0.0,0.0
2026-04-09 17:27:00,30.0,55.0,99.6,54.2,0.0,0.0,0.0
2026-04-09 17:27:05,30.0,55.0,91.1,54.2,0.0,0.0,0.0
2026-04-09 17:27:10,29.8,55.0,73.8,54.2,0.0,0.0,0.0
2026-04-09 17:27:15,29.9,55.1,81.2,54.2,0.0,0.0,0.0
2026-04-09 17:27:20,29.7,55.1,73.4,54.2,0.0,0.0,0.0
2026-04-09 17:27:25,29.9,55.1,80.5,54.2,0.0,0.0,0.0
2026-04-09 17:27:30,29.8,55.1,80.9,54.2,0.0,0.0,0.0
2026-04-09 17:27:35,29.8,55.1,79.1,54.2,0.0,0.0,0.0
2026-04-09 17:27:40,29.8,55.0,75.0,54.2,0.0,0.0,0.0
2026-04-09 17:27:45,29.8,54.9,79.5,54.2,0.0,0.0,0.0
2026-04-09 17:27:50,29.7,54.9,66.0,54.2,0.0,0.0,0.0
2026-04-09 17:27:55,29.9,54.9,89.5,54.2,0.0,0.0,0.0
2026-04-09 17:28:00,29.8,54.9,86.8,54.2,0.0,0.0,0.0
2026-04-09 17:28:05,29.7,54.9,77.2,54.2,0.0,0.0,0.0
2026-04-09 17:28:10,29.7,54.9,75.0,54.2,0.0,0.0,0.0
2026-04-09 17:28:15,29.8,54.8,68.4,54.2,0.0,0.0,0.0
2026-04-09 17:28:20,29.8,54.7,81.6,54.2,0.0,0.0,0.0
2026-04-09 17:28:25,29.8,54.7,57.9,54.2,0.0,0.0,0.0
2026-04-09 17:28:30,29.9,54.7,72.8,54.2,0.0,0.0,0.0
2026-04-09 17:28:35,30.0,54.9,81.5,54.2,0.0,0.0,0.0
2026-04-09 17:28:40,29.7,54.8,68.7,54.2,0.0,0.0,0.0
2026-04-09 17:28:45,29.8,54.8,79.1,54.2,0.0,0.0,0.0
2026-04-09 17:28:50,29.8,54.7,76.1,54.2,0.0,0.0,0.0
2026-04-09 17:28:55,29.8,54.8,86.1,54.3,0.0,0.0,0.0
2026-04-09 17:29:00,29.8,54.8,83.1,54.3,0.0,0.0,0.0
2026-04-09 17:29:05,29.8,54.7,87.3,54.3,0.0,0.0,0.0
2026-04-09 17:29:10,29.8,54.6,80.6,54.2,0.0,0.0,0.0
2026-04-09 17:29:15,29.7,54.6,91.9,54.2,0.0,0.0,0.0
2026-04-09 17:29:20,29.8,54.6,72.2,54.2,0.0,0.0,0.0
2026-04-09 17:29:25,29.8,54.6,49.4,54.2,0.0,0.0,0.0
2026-04-09 17:29:30,29.8,54.6,75.7,54.2,0.0,0.0,0.0
2026-04-09 17:29:35,29.9,54.5,68.5,54.2,0.0,0.0,0.0
2026-04-09 17:29:40,29.9,54.6,77.5,54.2,0.0,0.0,0.0
2026-04-09 17:29:45,29.7,54.7,55.2,54.2,0.0,0.0,0.0
2026-04-09 17:29:50,29.8,54.7,71.4,54.2,0.0,0.0,0.0
2026-04-09 17:29:55,29.8,54.6,57.5,54.2,0.0,0.0,0.0
2026-04-09 17:30:00,29.7,54.6,71.9,54.2,0.0,0.0,0.0
2026-04-09 17:30:05,29.8,54.7,61.6,54.2,0.0,0.0,0.0
2026-04-09 17:30:10,29.8,54.7,67.0,54.3,0.0,0.0,0.0
2026-04-09 17:30:15,29.8,54.8,70.0,54.3,0.0,0.0,0.0
2026-04-09 17:30:20,29.7,54.8,72.1,54.3,0.0,0.0,0.0
2026-04-09 17:30:25,29.9,54.9,76.1,54.3,0.0,0.0,0.0
2026-04-09 17:30:30,29.8,54.9,70.6,54.3,0.0,0.0,0.0
2026-04-09 17:30:35,29.9,54.9,71.7,54.2,0.0,0.0,0.0
2026-04-09 17:30:40,29.8,54.9,88.2,54.2,0.0,0.0,0.0
2026-04-09 17:30:45,29.7,54.8,60.0,54.2,0.0,0.0,0.0
2026-04-09 17:30:50,29.7,54.8,68.5,54.3,0.0,0.0,0.0
2026-04-09 17:30:55,29.8,55.0,68.2,54.3,0.0,0.0,0.0
2026-04-09 17:31:00,29.8,55.0,51.0,54.3,0.0,0.0,0.0
2026-04-09 17:31:05,29.7,55.1,52.5,54.3,0.0,0.0,0.0
2026-04-09 17:31:10,29.9,55.1,63.5,54.2,0.0,0.0,0.0
2026-04-09 17:31:15,30.0,55.2,73.8,54.2,0.0,0.0,0.0
2026-04-09 17:31:20,29.9,55.3,51.7,54.2,0.0,0.0,0.0
2026-04-09 17:31:25,29.8,55.2,59.1,54.2,0.0,0.0,0.0
2026-04-09 17:31:30,29.8,55.2,38.4,54.2,0.0,0.0,0.0
2026-04-09 17:31:35,29.8,55.2,62.5,54.2,0.0,0.0,0.0
2026-04-09 17:31:40,29.7,55.3,58.8,54.2,0.0,0.0,0.0
2026-04-09 17:31:45,29.7,55.3,81.4,54.2,0.0,0.0,0.0
2026-04-09 17:31:50,29.7,55.4,64.3,54.2,0.0,0.0,0.0
2026-04-09 17:31:55,29.9,55.5,69.8,54.2,0.0,0.0,0.0
2026-04-09 17:32:00,30.0,55.6,44.4,54.2,0.0,0.0,0.0
2026-04-09 17:32:05,29.9,55.4,60.1,54.2,0.0,0.0,0.0
2026-04-09 17:32:10,29.9,55.4,54.9,54.2,0.0,0.0,0.0
2026-04-09 17:32:15,29.9,55.3,68.0,54.2,0.0,0.0,0.0
2026-04-09 17:32:20,29.9,55.5,64.5,54.2,0.0,0.0,0.0
2026-04-09 17:32:25,29.8,55.3,56.4,54.3,0.0,0.0,0.0
2026-04-09 17:32:30,29.8,55.2,73.0,54.3,0.0,0.0,0.0
2026-04-09 17:32:35,29.7,55.2,47.6,54.3,0.0,0.0,0.0
2026-04-09 17:32:40,29.8,55.1,49.6,54.2,0.0,0.0,0.0
2026-04-09 17:32:45,29.9,55.1,62.9,54.2,0.0,0.0,0.0
2026-04-09 17:32:50,29.8,55.1,64.2,54.2,0.0,0.0,0.0
2026-04-09 17:32:55,29.8,55.2,65.7,54.2,0.0,0.0,0.0
2026-04-09 17:33:00,29.8,55.3,54.7,54.2,0.0,0.0,0.0
2026-04-09 17:33:05,29.7,55.4,76.7,54.2,0.0,0.0,0.0
2026-04-09 17:33:10,29.7,55.5,61.9,54.3,0.0,0.0,0.0
2026-04-09 17:33:15,29.7,55.7,52.7,54.3,0.0,0.0,0.0
2026-04-09 17:33:20,29.7,55.7,66.2,54.3,0.0,0.0,0.0
2026-04-09 17:33:25,29.8,55.7,44.3,54.3,0.0,0.0,0.0
2026-04-09 17:33:30,29.9,55.8,53.0,54.3,0.0,0.0,0.0
2026-04-09 17:33:35,29.8,55.8,50.9,54.2,0.0,0.0,0.0
2026-04-09 17:33:40,29.7,55.8,58.3,54.2,0.0,0.0,0.0
2026-04-09 17:33:45,29.7,55.7,63.6,54.2,0.0,0.0,0.0
2026-04-09 17:33:50,29.8,55.7,56.9,54.2,0.0,0.0,0.0
2026-04-09 17:33:55,29.9,55.7,63.3,54.2,0.0,0.0,0.0
2026-04-09 17:34:00,29.8,55.6,62.6,54.2,0.0,0.0,0.0
2026-04-09 17:34:05,29.8,55.5,75.8,54.2,0.0,0.0,0.0
2026-04-09 17:34:10,29.7,55.5,64.9,54.2,0.0,0.0,0.0
2026-04-09 17:34:15,29.6,55.4,60.8,54.2,0.0,0.0,0.0
2026-04-09 17:34:20,29.8,55.5,49.5,54.2,0.0,0.0,0.0
2026-04-09 17:34:25,29.9,55.5,69.4,54.2,0.0,0.0,0.0
2026-04-09 17:34:30,29.8,55.6,58.2,54.2,0.0,0.0,0.0
2026-04-09 17:34:35,29.8,55.5,69.0,54.3,0.0,0.0,0.0
2026-04-09 17:34:40,29.8,55.5,68.5,54.3,0.0,0.0,0.0
2026-04-09 17:34:45,29.8,55.6,54.9,54.3,0.0,0.0,0.0
2026-04-09 17:34:50,29.7,55.5,56.8,54.3,0.0,0.0,0.0
2026-04-09 17:34:55,29.8,55.5,58.0,54.3,0.0,0.0,0.0
2026-04-09 17:35:00,29.8,55.4,81.6,54.3,0.0,0.0,0.0
2026-04-09 17:35:05,29.9,55.4,45.4,54.3,0.0,0.0,0.0
2026-04-09 17:35:10,29.8,55.5,47.3,54.3,0.0,0.0,0.0
2026-04-09 17:35:15,29.8,55.3,70.5,54.3,0.0,0.0,0.0
2026-04-09 17:35:20,29.8,55.4,62.2,54.3,0.0,0.0,0.0
2026-04-09 17:35:25,29.8,55.5,61.9,54.3,0.0,0.0,0.0
2026-04-09 17:35:30,29.9,55.4,49.1,54.2,0.0,0.0,0.0
2026-04-09 17:35:35,29.8,55.4,55.3,54.2,0.0,0.0,0.0
2026-04-09 17:35:40,29.8,55.3,44.2,54.2,0.0,0.0,0.0
2026-04-09 17:35:45,29.8,55.3,60.4,54.2,0.0,0.0,0.0
2026-04-09 17:35:50,29.8,55.3,59.5,54.2,0.0,0.0,0.0
2026-04-09 17:35:55,29.7,55.3,54.1,54.2,0.0,0.0,0.0
2026-04-09 17:36:00,29.7,55.5,52.4,54.2,0.0,0.0,0.0
2026-04-09 17:36:05,29.7,55.4,61.9,54.2,0.0,0.0,0.0
2026-04-09 17:36:10,29.8,55.6,69.0,54.2,0.0,0.0,0.0
2026-04-09 17:36:15,29.9,55.7,58.6,54.2,0.0,0.0,0.0
2026-04-09 17:36:20,29.8,55.6,52.4,54.2,0.0,0.0,0.0
2026-04-09 17:36:25,29.7,55.5,38.9,54.2,0.0,0.0,0.0
2026-04-09 17:36:30,29.7,55.5,69.8,54.2,0.0,0.0,0.0
2026-04-09 17:36:35,29.7,55.5,40.4,54.2,0.0,0.0,0.0
2026-04-09 17:36:40,29.7,55.4,33.0,54.3,0.0,0.0,0.0
2026-04-09 17:36:45,29.7,55.6,64.4,54.3,0.0,0.0,0.0
2026-04-09 17:36:50,29.8,55.6,52.9,54.3,0.0,0.0,0.0
2026-04-09 17:36:55,29.8,55.5,62.6,54.3,0.0,0.0,0.0
2026-04-09 17:37:00,29.9,55.7,49.7,54.3,0.0,0.0,0.0
2026-04-09 17:37:05,29.7,55.7,67.6,54.3,0.0,0.0,0.0
2026-04-09 17:37:10,29.8,55.5,54.6,54.3,0.0,0.0,0.0
2026-04-09 17:37:15,29.7,55.5,52.7,54.3,0.0,0.0,0.0
2026-04-09 17:37:20,29.8,55.5,63.4,54.3,0.0,0.0,0.0
2026-04-09 17:37:25,29.9,55.5,50.4,54.3,0.0,0.0,0.0
2026-04-09 17:37:30,29.8,55.6,60.6,54.3,0.0,0.0,0.0
2026-04-09 17:37:35,29.8,55.7,44.3,54.3,0.0,0.0,0.0
2026-04-09 17:37:40,29.8,55.8,44.8,54.3,0.0,0.0,0.0
2026-04-09 17:37:45,29.8,55.6,49.6,54.3,0.0,0.0,0.0
2026-04-09 17:37:50,29.8,55.7,58.2,54.3,0.0,0.0,0.0
2026-04-09 17:37:55,29.8,55.8,56.9,54.3,0.0,0.0,0.0
2026-04-09 17:38:00,29.7,55.6,57.4,54.3,0.0,0.0,0.0
2026-04-09 17:38:05,29.8,55.8,64.0,54.3,0.0,0.0,0.0
2026-04-09 17:38:10,29.7,55.9,46.1,54.3,0.0,0.0,0.0
2026-04-09 17:38:15,29.8,55.9,58.0,54.3,0.0,0.0,0.0
2026-04-09 17:38:20,29.9,55.9,45.2,54.3,0.0,0.0,0.0
2026-04-09 17:38:25,29.9,56.0,56.5,54.3,0.0,0.0,0.0
2026-04-09 17:38:30,29.8,56.0,62.2,54.3,0.0,0.0,0.0
2026-04-09 17:38:35,29.9,56.0,55.4,54.3,0.0,0.0,0.0
2026-04-09 17:38:40,29.8,56.0,40.7,54.2,0.0,0.0,0.0
2026-04-09 17:38:45,29.9,55.9,37.2,54.2,0.0,0.0,0.0
2026-04-09 17:38:50,29.9,56.0,43.4,54.3,0.0,0.0,0.0
2026-04-09 17:38:55,29.7,56.2,31.5,54.3,0.0,0.0,0.0
2026-04-09 17:39:00,29.7,56.1,47.6,54.3,0.0,0.0,0.0
2026-04-09 17:39:05,29.7,56.0,44.9,54.3,0.0,0.0,0.0
2026-04-09 17:39:10,29.9,56.0,46.1,54.2,0.0,0.0,0.0
2026-04-09 17:39:15,29.8,56.0,48.2,54.2,0.0,0.0,0.0
2026-04-09 17:39:20,29.9,55.9,63.0,54.2,0.0,0.0,0.0
2026-04-09 17:39:25,29.8,56.0,49.2,54.2,0.0,0.0,0.0
2026-04-09 17:39:30,29.7,55.8,48.7,54.2,0.0,0.0,0.0
2026-04-09 17:39:35,29.8,55.8,36.4,54.2,0.0,0.0,0.0
2026-04-09 17:39:40,29.9,55.7,50.2,54.2,0.0,0.0,0.0
2026-04-09 17:39:45,29.8,55.8,44.7,54.2,0.0,0.0,0.0
2026-04-09 17:39:50,29.8,55.9,57.4,54.2,0.0,0.0,0.0
2026-04-09 17:39:55,29.9,55.8,40.6,54.2,0.0,0.0,0.0
2026-04-09 17:40:00,29.8,55.7,44.5,54.2,0.0,0.0,0.0
2026-04-09 17:40:05,29.7,55.7,50.3,54.2,0.0,0.0,0.0
2026-04-09 17:40:10,29.9,55.8,43.1,54.2,0.0,0.0,0.0
2026-04-09 17:40:15,29.8,55.9,38.3,54.2,0.0,0.0,0.0
2026-04-09 17:40:20,29.9,55.9,32.4,54.3,0.0,0.0,0.0
2026-04-09 17:40:25,29.8,56.0,50.3,54.3,0.0,0.0,0.0
2026-04-09 17:40:30,29.9,55.9,56.2,54.3,0.0,0.0,0.0
2026-04-09 17:40:35,29.7,56.1,33.9,54.3,0.0,0.0,0.0
2026-04-09 17:40:40,29.7,56.2,52.6,54.3,0.0,0.0,0.0
2026-04-09 17:40:45,29.9,56.1,62.2,54.3,0.0,0.0,0.0
2026-04-09 17:40:50,29.8,56.1,60.7,54.3,0.0,0.0,0.0
2026-04-09 17:40:55,29.7,56.2,51.0,54.3,0.0,0.0,0.0
2026-04-09 17:41:00,29.8,56.4,56.6,54.2,0.0,0.0,0.0
2026-04-09 17:41:05,29.9,56.3,46.3,54.2,0.0,0.0,0.0
2026-04-09 17:41:10,29.8,56.2,47.5,54.2,0.0,0.0,0.0
2026-04-09 17:41:15,29.8,56.2,22.5,54.2,0.0,0.0,0.0
2026-04-09 17:41:20,29.8,56.2,49.3,54.3,0.0,0.0,0.0
2026-04-09 17:41:25,29.8,56.3,18.3,54.3,0.0,0.0,0.0
2026-04-09 17:41:30,29.7,56.3,22.9,54.3,0.0,0.0,0.0
2026-04-09 17:41:35,30.0,56.3,59.2,54.3,0.0,0.0,0.0
2026-04-09 17:41:40,29.6,56.4,63.6,54.3,0.0,0.0,0.0
2026-04-09 17:41:45,29.8,56.2,58.0,54.3,0.0,0.0,0.0
2026-04-09 17:41:50,29.7,56.2,42.1,54.3,0.0,0.0,0.0
2026-04-09 17:41:55,29.8,56.1,35.6,54.3,0.0,0.0,0.0
2026-04-09 17:42:00,29.9,56.1,55.4,54.3,0.0,0.0,0.0
2026-04-09 17:42:05,29.6,56.0,36.4,54.2,0.0,0.0,0.0
2026-04-09 17:42:10,29.7,56.0,25.0,54.2,0.0,0.0,0.0
2026-04-09 17:42:15,29.6,56.1,35.9,54.2,0.0,0.0,0.0
2026-04-09 17:42:20,29.7,55.9,51.3,54.2,0.0,0.0,0.0
2026-04-09 17:42:25,29.7,55.9,38.7,54.3,0.0,0.0,0.0
2026-04-09 17:42:30,29.7,55.9,50.8,54.3,0.0,0.0,0.0
2026-04-09 17:42:35,29.9,56.1,30.7,54.3,0.0,0.0,0.0
2026-04-09 17:42:40,29.9,56.2,37.4,54.3,0.0,0.0,0.0
2026-04-09 17:42:45,29.8,56.3,39.2,54.3,0.0,0.0,0.0
2026-04-09 17:42:50,29.9,56.3,46.4,54.3,0.0,0.0,0.0
2026-04-09 17:42:55,29.7,56.3,37.0,54.2,0.0,0.0,0.0
2026-04-09 17:43:00,29.7,56.3,43.2,54.2,0.0,0.0,0.0
2026-04-09 17:43:05,29.7,56.3,38.6,54.3,0.0,0.0,0.0
2026-04-09 17:43:10,29.7,56.3,34.0,54.3,0.0,0.0,0.0
2026-04-09 17:43:15,29.9,56.5,35.0,54.3,0.0,0.0,0.0
2026-04-09 17:43:20,29.9,56.4,47.0,54.3,0.0,0.0,0.0
2026-04-09 17:43:25,29.6,56.4,38.3,54.3,0.0,0.0,0.0
2026-04-09 17:43:30,29.6,56.5,24.3,54.3,0.0,0.0,0.0
2026-04-09 17:43:35,29.9,56.6,37.2,54.3,0.0,0.0,0.0
2026-04-09 17:43:40,29.7,56.7,38.7,54.3,0.0,0.0,0.0
2026-04-09 17:43:45,29.9,56.7,42.5,54.3,0.0,0.0,0.0
2026-04-09 17:43:50,29.8,56.7,33.9,54.3,0.0,0.0,0.0
2026-04-09 17:43:55,29.7,56.8,14.6,54.3,0.0,0.0,0.0
2026-04-09 17:44:00,29.7,56.7,41.8,54.2,0.0,0.0,0.0
2026-04-09 17:44:05,29.6,56.7,23.4,54.2,0.0,0.0,0.0
2026-04-09 17:44:10,29.8,56.6,41.5,54.2,0.0,0.0,0.0
2026-04-09 17:44:15,29.8,56.7,64.0,54.2,0.0,0.0,0.0
2026-04-09 17:44:20,29.7,56.7,31.4,54.2,0.0,0.0,0.0
2026-04-09 17:44:25,29.6,56.9,50.9,54.3,0.0,0.0,0.0
2026-04-09 17:44:30,29.7,57.0,47.6,54.3,0.0,0.0,0.0
2026-04-09 17:44:35,29.7,57.0,42.3,54.2,0.0,0.0,0.0
2026-04-09 17:44:40,29.7,57.1,34.0,54.2,0.0,0.0,0.0
2026-04-09 17:44:45,29.7,57.1,26.4,54.2,0.0,0.0,0.0
2026-04-09 17:44:50,29.7,57.2,39.5,54.2,0.0,0.0,0.0
2026-04-09 17:44:55,29.6,57.3,34.7,54.2,0.0,0.0,0.0
2026-04-09 17:45:00,29.8,57.2,31.6,54.2,0.0,0.0,0.0
2026-04-09 17:45:05,29.6,57.2,45.8,54.2,0.0,0.0,0.0
2026-04-09 17:45:10,29.8,57.1,40.4,54.2,0.0,0.0,0.0
2026-04-09 17:45:15,29.7,57.0,39.4,54.2,0.0,0.0,0.0
2026-04-09 17:45:20,29.7,57.0,42.4,54.2,0.0,0.0,0.0
2026-04-09 17:45:25,29.8,57.1,36.5,54.3,0.0,0.0,0.0
2026-04-09 17:45:30,29.6,57.1,42.6,54.3,0.0,0.0,0.0
2026-04-09 17:45:35,29.8,57.0,35.2,54.3,0.0,0.0,0.0
2026-04-09 17:45:40,29.7,57.0,47.0,54.3,0.0,0.0,0.0
2026-04-09 17:45:45,29.9,57.1,13.7,54.3,0.0,0.0,0.0
2026-04-09 17:45:50,29.8,57.2,39.0,54.3,0.0,0.0,0.0
2026-04-09 17:45:55,29.6,57.1,34.9,54.2,0.0,0.0,0.0
2026-04-09 17:46:00,29.7,57.0,30.8,54.2,0.0,0.0,0.0
2026-04-09 17:46:05,29.9,56.9,36.4,54.2,0.0,0.0,0.0
2026-04-09 17:46:10,29.8,56.9,25.9,54.3,0.0,0.0,0.0
2026-04-09 17:46:15,29.8,56.8,45.5,54.3,0.0,0.0,0.0
2026-04-09 17:46:20,29.7,56.7,36.2,54.2,0.0,0.0,0.0
2026-04-09 17:46:25,29.7,56.8,23.8,54.2,0.0,0.0,0.0
2026-04-09 17:46:30,29.7,56.8,41.3,54.2,0.0,0.0,0.0
2026-04-09 17:46:35,29.8,56.9,30.3,54.2,0.0,0.0,0.0
2026-04-09 17:46:40,29.7,56.9,40.2,54.2,0.0,0.0,0.0
2026-04-09 17:46:45,29.8,56.7,42.4,54.2,0.0,0.0,0.0
2026-04-09 17:46:50,29.9,56.9,29.8,54.2,0.0,0.0,0.0
2026-04-09 17:46:55,29.9,56.9,30.4,54.2,0.0,0.0,0.0
2026-04-09 17:47:00,29.7,57.0,42.9,54.2,0.0,0.0,0.0
2026-04-09 17:47:05,29.7,57.0,27.0,54.2,0.0,0.0,0.0
2026-04-09 17:47:10,29.7,57.0,24.1,54.2,0.0,0.0,0.0
2026-04-09 17:47:15,29.7,57.1,7.4,54.2,0.0,0.0,0.0
2026-04-09 17:47:20,29.6,57.0,19.9,54.2,0.0,0.0,0.0
2026-04-09 17:47:25,29.6,57.1,38.9,54.2,0.0,0.0,0.0
2026-04-09 17:47:30,29.8,57.1,44.7,54.2,0.0,0.0,0.0
2026-04-09 17:47:35,29.6,57.3,43.4,54.2,0.0,0.0,0.0
2026-04-09 17:47:40,29.6,57.2,23.1,54.2,0.0,0.0,0.0
2026-04-09 17:47:45,29.8,57.2,25.2,54.2,0.0,0.0,0.0
2026-04-09 17:47:50,29.6,57.2,39.3,54.2,0.0,0.0,0.0
2026-04-09 17:47:55,29.8,57.2,28.1,54.2,0.0,0.0,0.0
2026-04-09 17:48:00,29.7,57.1,21.6,54.2,0.0,0.0,0.0
2026-04-09 17:48:05,29.6,57.1,12.7,54.2,0.0,0.0,0.0
2026-04-09 17:48:10,29.8,57.2,20.9,54.2,0.0,0.0,0.0
2026-04-09 17:48:15,29.7,57.3,35.3,54.2,0.0,0.0,0.0
2026-04-09 17:48:20,29.6,57.3,38.4,54.2,0.0,0.0,0.0
2026-04-09 17:48:25,29.7,57.3,30.7,54.2,0.0,0.0,0.0
2026-04-09 17:48:30,29.7,57.3,16.9,54.2,0.0,0.0,0.0
2026-04-09 17:48:35,29.7,57.2,19.2,54.2,0.0,0.0,0.0
2026-04-09 17:48:40,29.7,57.3,27.4,54.2,0.0,0.0,0.0
2026-04-09 17:48:45,29.6,57.2,35.4,54.2,0.0,0.0,0.0
2026-04-09 17:48:50,29.6,57.2,26.6,54.2,0.0,0.0,0.0
2026-04-09 17:48:55,29.7,57.2,40.2,54.2,0.0,0.0,0.0
2026-04-09 17:49:00,29.7,57.1,31.0,54.2,0.0,0.0,0.0
2026-04-09 17:49:05,29.6,57.1,40.5,54.2,0.0,0.0,0.0
2026-04-09 17:49:10,29.6,57.1,32.1,54.2,0.0,0.0,0.0
2026-04-09 17:49:15,29.6,57.2,43.9,54.2,0.0,0.0,0.0
2026-04-09 17:49:20,29.6,57.0,41.6,54.2,0.0,0.0,0.0
2026-04-09 17:49:25,29.6,57.1,34.2,54.2,0.0,0.0,0.0
2026-04-09 17:49:30,29.7,57.1,30.2,54.2,0.0,0.0,0.0
2026-04-09 17:49:35,29.5,57.2,31.5,54.2,0.0,0.0,0.0
2026-04-09 17:49:40,29.7,57.3,39.6,54.2,0.0,0.0,0.0
2026-04-09 17:49:45,29.6,57.3,16.1,54.2,0.0,0.0,0.0
2026-04-09 17:49:50,29.6,57.2,27.4,54.2,0.0,0.0,0.0
2026-04-09 17:49:55,29.6,57.2,38.1,54.2,0.0,0.0,0.0
2026-04-09 17:50:00,29.5,57.1,27.3,54.2,0.0,0.0,0.0
2026-04-09 17:50:05,29.7,57.1,29.6,54.2,0.0,0.0,0.0
2026-04-09 17:50:10,29.5,57.1,44.0,54.2,0.0,0.0,0.0
2026-04-09 17:50:15,29.7,57.2,26.3,54.2,0.0,0.0,0.0
2026-04-09 17:50:20,29.7,57.2,13.6,54.2,0.0,0.0,0.0
2026-04-09 17:50:25,29.5,57.3,37.5,54.2,0.0,0.0,0.0
2026-04-09 17:50:30,29.4,57.5,35.2,54.2,0.0,0.0,0.0
2026-04-09 17:50:35,29.6,57.3,26.1,54.2,0.0,0.0,0.0
2026-04-09 17:50:40,29.5,57.4,39.4,54.2,0.0,0.0,0.0
2026-04-09 17:50:45,29.6,57.3,29.2,54.2,0.0,0.0,0.0
2026-04-09 17:50:50,29.5,57.4,40.2,54.2,0.0,0.0,0.0
2026-04-09 17:50:55,29.6,57.4,28.3,54.2,0.0,0.0,0.0
2026-04-09 17:51:00,29.6,57.3,29.0,54.2,0.0,0.0,0.0
2026-04-09 17:51:05,29.6,57.4,35.7,54.2,0.0,0.0,0.0
2026-04-09 17:51:10,29.8,57.4,33.5,54.2,0.0,0.0,0.0
2026-04-09 17:51:15,29.6,57.4,20.2,54.2,0.0,0.0,0.0
2026-04-09 17:51:20,29.6,57.5,24.9,54.2,0.0,0.0,0.0
2026-04-09 17:51:25,29.6,57.5,9.2,54.2,0.0,0.0,0.0
2026-04-09 17:51:30,29.6,57.4,29.2,54.2,0.0,0.0,0.0
2026-04-09 17:51:35,29.7,57.4,26.5,54.2,0.0,0.0,0.0
2026-04-09 17:51:40,29.6,57.4,9.4,54.2,0.0,0.0,0.0
2026-04-09 17:51:45,29.6,57.4,34.4,54.2,0.0,0.0,0.0
2026-04-09 17:51:50,29.6,57.3,38.7,54.2,0.0,0.0,0.0
2026-04-09 17:51:55,29.5,57.3,14.8,54.2,0.0,0.0,0.0
2026-04-09 17:52:00,29.7,57.4,24.5,54.2,0.0,0.0,0.0
2026-04-09 17:52:05,29.5,57.4,4.8,54.2,0.0,0.0,0.0
2026-04-09 17:52:10,29.6,57.5,20.7,54.2,0.0,0.0,0.0
2026-04-09 17:52:15,29.6,57.4,8.4,54.2,0.0,0.0,0.0
2026-04-09 17:52:20,29.7,57.5,25.2,54.2,0.0,0.0,0.0
2026-04-09 17:52:25,29.8,57.6,33.2,54.2,0.0,0.0,0.0
2026-04-09 17:52:30,29.6,57.7,17.0,54.2,0.0,0.0,0.0
2026-04-09 17:52:35,29.6,57.6,27.6,54.2,0.0,0.0,0.0
2026-04-09 17:52:40,29.6,57.6,40.0,54.2,0.0,0.0,0.0
2026-04-09 17:52:45,29.5,57.7,23.1,54.2,0.0,0.0,0.0
2026-04-09 17:52:50,29.7,57.5,30.0,54.2,0.0,0.0,0.0
2026-04-09 17:52:55,29.5,57.5,19.1,54.2,0.0,0.0,0.0
2026-04-09 17:53:00,29.7,57.4,28.4,54.2,0.0,0.0,0.0
2026-04-09 17:53:05,29.6,57.4,33.8,54.2,0.0,0.0,0.0
2026-04-09 17:53:10,29.7,57.4,32.6,54.2,0.0,0.0,0.0
2026-04-09 17:53:15,29.7,57.5,0.3,54.2,0.0,0.0,0.0
2026-04-09 17:53:20,29.7,57.5,28.3,54.2,0.0,0.0,0.0
2026-04-09 17:53:25,29.6,57.4,7.5,54.2,0.0,0.0,0.0
2026-04-09 17:53:30,29.6,57.4,30.8,54.2,0.0,0.0,0.0
2026-04-09 17:53:35,29.6,57.4,27.9,54.2,0.0,0.0,0.0
2026-04-09 17:53:40,29.6,57.5,21.9,54.2,0.0,0.0,0.0
2026-04-09 17:53:45,29.6,57.6,23.0,54.2,0.0,0.0,0.0
2026-04-09 17:53:50,29.7,57.6,11.1,54.2,0.0,0.0,0.0
2026-04-09 17:53:55,29.7,57.7,21.9,54.2,0.0,0.0,0.0
2026-04-09 17:54:00,29.6,57.6,12.6,54.2,0.0,0.0,0.0
2026-04-09 17:54:05,29.8,57.7,26.8,54.2,0.0,0.0,0.0
2026-04-09 17:54:10,29.7,57.7,24.1,54.2,0.0,0.0,0.0
2026-04-09 17:54:15,29.7,57.7,12.2,54.2,0.0,0.0,0.0
2026-04-09 17:54:20,29.6,57.7,23.4,54.2,0.0,0.0,0.0
2026-04-09 17:54:25,29.7,57.8,29.7,54.2,0.0,0.0,0.0
2026-04-09 17:54:30,29.6,57.9,35.7,54.2,0.0,0.0,0.0
2026-04-09 17:54:35,29.7,57.7,24.5,54.2,0.0,0.0,0.0
2026-04-09 17:54:40,29.8,57.7,13.5,54.2,0.0,0.0,0.0
2026-04-09 17:54:45,29.6,57.6,16.6,54.2,0.0,0.0,0.0
2026-04-09 17:54:50,29.6,57.4,22.5,54.2,0.0,0.0,0.0
2026-04-09 17:54:55,29.6,57.4,22.7,54.2,0.0,0.0,0.0
2026-04-09 17:55:00,29.6,57.5,26.9,54.2,0.0,0.0,0.0
2026-04-09 17:55:05,29.6,57.5,17.6,54.2,0.0,0.0,0.0
2026-04-09 17:55:10,29.7,57.5,7.4,54.1,0.0,0.0,0.0
2026-04-09 17:55:15,29.7,57.6,18.6,54.1,0.0,0.0,0.0
2026-04-09 17:55:20,29.6,57.6,12.7,54.2,0.0,0.0,0.0
2026-04-09 17:55:25,29.7,57.6,10.0,54.2,0.0,0.0,0.0
2026-04-09 17:55:30,29.7,57.6,14.8,54.2,0.0,0.0,0.0
2026-04-09 17:55:35,29.7,57.6,30.9,54.2,0.0,0.0,0.0
2026-04-09 17:55:40,29.7,57.7,3.7,54.2,0.0,0.0,0.0
2026-04-09 17:55:45,29.8,57.6,13.2,54.2,0.0,0.0,0.0
2026-04-09 17:55:50,29.8,57.7,23.1,54.2,0.0,0.0,0.0
2026-04-09 17:55:55,29.6,57.7,0.0,54.1,0.0,0.0,0.0
2026-04-09 17:56:00,29.7,57.8,19.1,54.1,0.0,0.0,0.0
2026-04-09 17:56:05,29.8,57.7,16.9,54.1,0.0,0.0,0.0
2026-04-09 17:56:10,29.6,57.6,21.1,54.1,0.0,0.0,0.0
2026-04-09 17:56:15,29.6,57.5,18.9,54.2,0.0,0.0,0.0
2026-04-09 17:56:20,29.7,57.5,19.5,54.2,0.0,0.0,0.0
2026-04-09 17:56:25,29.7,57.5,18.9,54.1,0.0,0.0,0.0
2026-04-09 17:56:30,29.7,57.5,8.6,54.1,0.0,0.0,0.0
2026-04-09 17:56:35,29.8,57.6,16.1,54.2,0.0,0.0,0.0
2026-04-09 17:56:40,29.6,57.8,27.6,54.2,0.0,0.0,0.0
2026-04-09 17:56:45,29.7,57.8,13.0,54.2,0.0,0.0,0.0
2026-04-09 17:56:50,29.8,57.8,18.7,54.2,0.0,0.0,0.0
2026-04-09 17:56:55,29.7,57.8,20.9,54.2,0.0,0.0,0.0
2026-04-09 17:57:00,29.6,57.9,22.1,54.2,0.0,0.0,0.0
2026-04-09 17:57:05,29.7,57.9,5.1,54.2,0.0,0.0,0.0
2026-04-09 17:57:10,29.7,58.0,33.3,54.2,0.0,0.0,0.0
2026-04-09 17:57:15,29.7,58.1,17.9,54.2,0.0,0.0,0.0
2026-04-09 17:57:20,29.7,58.1,22.7,54.2,0.0,0.0,0.0
2026-04-09 17:57:25,29.6,58.1,21.1,54.2,0.0,0.0,0.0
2026-04-09 17:57:30,29.7,58.0,35.0,54.2,0.0,0.0,0.0
2026-04-09 17:57:35,29.6,57.9,25.9,54.2,0.0,0.0,0.0
2026-04-09 17:57:40,29.7,58.0,10.0,54.2,0.0,0.0,0.0
2026-04-09 17:57:45,29.7,58.0,10.3,54.2,0.0,0.0,0.0
2026-04-09 17:57:50,29.7,58.1,11.6,54.2,0.0,0.0,0.0
2026-04-09 17:57:55,29.6,58.1,5.3,54.2,0.0,0.0,0.0
2026-04-09 17:58:00,29.7,58.1,11.7,54.2,0.0,0.0,0.0
2026-04-09 17:58:05,29.8,58.1,1.6,54.2,0.0,0.0,0.0
2026-04-09 17:58:10,29.7,58.3,21.0,54.2,0.0,0.0,0.0
2026-04-09 17:58:15,29.6,58.1,13.5,54.2,0.0,0.0,0.0
2026-04-09 17:58:20,29.6,58.1,11.9,54.2,0.0,0.0,0.0
2026-04-09 17:58:25,29.7,58.1,15.4,54.2,0.0,0.0,0.0
2026-04-09 17:58:30,29.7,58.2,5.5,54.2,0.0,0.0,0.0
2026-04-09 17:58:35,29.5,58.3,22.0,54.2,0.0,0.0,0.0
2026-04-09 17:58:40,29.6,58.2,3.2,54.2,0.0,0.0,0.0
2026-04-09 17:58:45,29.7,58.4,12.5,54.2,0.0,0.0,0.0
2026-04-09 17:58:50,29.5,58.2,18.5,54.2,0.0,0.0,0.0
2026-04-09 17:58:55,29.7,58.2,40.5,54.2,0.0,0.0,0.0
2026-04-09 17:59:00,29.5,58.1,6.9,54.2,0.0,0.0,0.0
2026-04-09 17:59:05,29.6,58.2,6.1,54.2,0.0,0.0,0.0
2026-04-09 17:59:10,29.7,58.2,25.0,54.2,0.0,0.0,0.0
2026-04-09 17:59:15,29.6,58.2,2.2,54.2,0.0,0.0,0.0
2026-04-09 17:59:20,29.6,58.2,5.8,54.2,0.0,0.0,0.0
2026-04-09 17:59:25,29.7,58.2,23.9,54.2,0.0,0.0,0.0
2026-04-09 17:59:30,29.7,58.2,3.7,54.2,0.0,0.0,0.0
2026-04-09 17:59:35,29.6,58.4,21.8,54.2,0.0,0.0,0.0
2026-04-09 17:59:40,29.7,58.5,17.6,54.1,0.0,0.0,0.0
2026-04-09 17:59:45,29.7,58.4,18.5,54.1,0.0,0.0,0.0
2026-04-09 17:59:50,29.6,58.4,16.9,54.1,0.0,0.0,0.0
2026-04-09 17:59:55,29.7,58.2,24.9,54.1,0.0,0.0,0.0
2026-04-09 18:00:00,29.6,58.3,5.9,54.2,0.0,0.0,0.0
2026-04-09 18:00:05,29.6,58.4,20.8,54.2,0.0,0.0,0.0
2026-04-09 18:00:10,29.6,58.3,19.6,54.2,0.0,0.0,0.0
2026-04-09 18:00:15,29.5,58.5,7.8,54.2,0.0,0.0,0.0
2026-04-09 18:00:20,29.7,58.6,6.7,54.2,0.0,0.0,0.0
2026-04-09 18:00:25,29.8,58.6,14.4,54.2,0.0,0.0,0.0
2026-04-09 18:00:30,29.6,58.6,12.8,54.2,0.0,0.0,0.0
2026-04-09 18:00:35,29.6,58.6,24.9,54.2,0.0,0.0,0.0
2026-04-09 18:00:40,29.7,58.5,16.4,54.2,0.0,0.0,0.0
2026-04-09 18:00:45,29.7,58.5,26.8,54.2,0.0,0.0,0.0
2026-04-09 18:00:50,29.7,58.7,26.3,54.1,0.0,0.0,0.0
2026-04-09 18:00:55,29.8,58.6,11.8,54.1,0.0,0.0,0.0
2026-04-09 18:01:00,29.5,58.6,13.2,54.1,0.0,0.0,0.0
2026-04-09 18:01:05,29.6,58.6,24.4,54.1,0.0,0.0,0.0
2026-04-09 18:01:10,29.7,58.7,22.0,54.1,0.0,0.0,0.0
2026-04-09 18:01:15,29.6,58.7,7.9,54.2,0.0,0.0,0.0
2026-04-09 18:01:20,29.7,58.7,14.6,54.2,0.0,0.0,0.0
2026-04-09 18:01:25,29.7,58.6,34.4,54.2,0.0,0.0,0.0
2026-04-09 18:01:30,29.7,58.8,15.2,54.2,0.0,0.0,0.0
2026-04-09 18:01:35,29.7,58.8,0.0,54.2,0.0,0.0,0.0
2026-04-09 18:01:40,29.7,58.8,1.8,54.2,0.0,0.0,0.0
2026-04-09 18:01:45,29.7,58.9,22.1,54.2,0.0,0.0,0.0
2026-04-09 18:01:50,29.7,58.8,19.4,54.2,0.0,0.0,0.0
2026-04-09 18:01:55,29.6,58.7,14.3,54.2,0.0,0.0,0.0
2026-04-09 18:02:00,29.7,58.7,14.6,54.2,0.0,0.0,0.0
2026-04-09 18:02:05,29.7,58.6,10.8,54.2,0.0,0.0,0.0
2026-04-09 18:02:10,29.7,58.7,7.7,54.2,0.0,0.0,0.0
2026-04-09 18:02:15,29.6,58.9,34.4,54.1,0.0,0.0,0.0
2026-04-09 18:02:20,29.7,58.8,28.2,54.1,0.0,0.0,0.0
2026-04-09 18:02:25,29.7,58.7,18.9,54.1,0.0,0.0,0.0
2026-04-09 18:02:30,29.6,58.7,13.1,54.2,0.0,0.0,0.0
2026-04-09 18:02:35,29.6,58.6,3.7,54.2,0.0,0.0,0.0
2026-04-09 18:02:40,29.7,58.7,21.0,54.2,0.0,0.0,0.0
2026-04-09 18:02:45,29.7,58.7,0.2,54.2,0.0,0.0,0.0
2026-04-09 18:02:50,29.8,58.7,12.4,54.2,0.0,0.0,0.0
2026-04-09 18:02:55,29.7,58.6,15.1,54.2,0.0,0.0,0.0
2026-04-09 18:03:00,29.8,58.6,15.6,54.2,0.0,0.0,0.0
2026-04-09 18:03:05,29.7,58.6,0.0,54.2,0.0,0.0,0.0
2026-04-09 18:03:10,29.8,58.7,18.8,54.2,0.0,0.0,0.0
2026-04-09 18:03:15,29.6,58.7,19.6,54.2,0.0,0.0,0.0
2026-04-09 18:03:20,29.4,58.9,9.9,54.2,0.0,0.0,0.0
2026-04-09 18:03:25,29.6,58.8,10.0,54.2,0.0,0.0,0.0
2026-04-09 18:03:30,29.7,58.6,12.1,54.2,0.0,0.0,0.0
2026-04-09 18:03:35,29.6,58.8,9.9,54.2,0.0,0.0,0.0
2026-04-09 18:03:40,29.6,58.8,20.2,54.2,0.0,0.0,0.0
2026-04-09 18:03:45,29.7,58.9,6.2,54.2,0.0,0.0,0.0
2026-04-09 18:03:50,29.6,58.8,32.8,54.2,0.0,0.0,0.0
2026-04-09 18:03:55,29.7,58.8,3.9,54.2,0.0,0.0,0.0
2026-04-09 18:04:00,29.6,58.7,3.9,54.2,0.0,0.0,0.0
2026-04-09 18:04:05,29.7,58.8,7.8,54.2,0.0,0.0,0.0
2026-04-09 18:04:10,29.6,58.8,0.0,54.2,0.0,0.0,0.0
2026-04-09 18:04:15,29.7,59.0,21.7,54.2,0.0,0.0,0.0
2026-04-09 18:04:20,29.7,59.0,18.3,54.2,0.0,0.0,0.0
2026-04-09 18:04:25,29.7,58.8,5.3,54.2,0.0,0.0,0.0
2026-04-09 18:04:30,29.6,58.9,16.9,54.2,0.0,0.0,0.0
2026-04-09 18:04:35,29.8,59.0,10.4,54.2,0.0,0.0,0.0
2026-04-09 18:04:40,29.7,59.0,21.6,54.2,0.0,0.0,0.0
2026-04-09 18:04:45,29.7,59.1,29.0,54.1,0.0,0.0,0.0
2026-04-09 18:04:50,29.7,59.0,13.7,54.1,0.0,0.0,0.0
2026-04-09 18:04:55,29.6,59.1,18.3,54.1,0.0,0.0,0.0
2026-04-09 18:05:00,29.7,59.0,11.6,54.1,0.0,0.0,0.0
2026-04-09 18:05:05,29.7,59.0,14.3,54.2,0.0,0.0,0.0
2026-04-09 18:05:10,29.7,58.9,14.4,54.2,0.0,0.0,0.0
2026-04-09 18:05:15,29.7,59.0,0.0,54.2,0.0,0.0,0.0
2026-04-09 18:05:20,29.5,59.0,10.8,54.2,0.0,0.0,0.0
2026-04-09 18:05:25,29.7,59.1,3.8,54.2,0.0,0.0,0.0
2026-04-09 18:05:30,29.8,59.0,41.9,54.2,0.0,0.0,0.0
2026-04-09 18:05:35,29.6,59.0,32.0,54.2,0.0,0.0,0.0
2026-04-09 18:05:40,29.7,59.0,29.5,54.2,0.0,0.0,0.0
2026-04-09 18:05:45,29.7,59.0,17.8,54.2,0.0,0.0,0.0
2026-04-09 18:05:50,29.6,59.0,11.0,54.2,0.0,0.0,0.0
2026-04-09 18:05:55,29.6,59.0,11.9,54.2,0.0,0.0,0.0
2026-04-09 18:06:00,29.6,59.0,21.2,54.2,0.0,0.0,0.0
2026-04-09 18:06:05,29.6,59.0,10.8,54.1,0.0,0.0,0.0
2026-04-09 18:06:10,29.7,58.9,21.8,54.1,0.0,0.0,0.0
2026-04-09 18:06:15,29.5,59.0,17.8,54.1,0.0,0.0,0.0
2026-04-09 18:06:20,29.5,59.0,8.3,54.1,0.0,0.0,0.0
2026-04-09 18:06:25,29.5,59.1,12.6,54.1,0.0,0.0,0.0
2026-04-09 18:06:30,29.5,59.0,4.7,54.1,0.0,0.0,0.0
2026-04-09 18:06:35,29.6,59.0,35.5,54.1,0.0,0.0,0.0
2026-04-09 18:06:40,29.6,58.9,5.5,54.1,0.0,0.0,0.0
2026-04-09 18:06:45,29.7,59.0,13.0,54.1,0.0,0.0,0.0
2026-04-09 18:06:50,29.6,59.0,15.6,54.1,0.0,0.0,0.0
2026-04-09 18:06:55,29.6,59.0,25.6,54.1,0.0,0.0,0.0
2026-04-09 18:07:00,29.7,59.0,14.1,54.1,0.0,0.0,0.0
2026-04-09 18:07:05,29.6,59.0,23.8,54.1,0.0,0.0,0.0
2026-04-09 18:07:10,29.7,58.9,15.3,54.2,0.0,0.0,0.0
2026-04-09 18:07:15,29.6,58.9,31.6,54.2,0.0,0.0,0.0
2026-04-09 18:07:20,29.5,58.8,6.9,54.2,0.0,0.0,0.0
2026-04-09 18:07:25,29.7,58.9,13.8,54.2,0.0,0.0,0.0
2026-04-09 18:07:30,29.6,58.9,13.2,54.2,0.0,0.0,0.0
2026-04-09 18:07:35,29.6,58.9,29.4,54.2,0.0,0.0,0.0
2026-04-09 18:07:40,29.7,58.8,20.9,54.2,0.0,0.0,0.0
2026-04-09 18:07:45,29.6,58.9,24.7,54.2,0.0,0.0,0.0
2026-04-09 18:07:50,29.6,58.7,1.3,54.2,0.0,0.0,0.0
2026-04-09 18:07:55,29.5,58.7,20.1,54.2,0.0,0.0,0.0
2026-04-09 18:08:00,29.6,58.8,21.1,54.2,0.0,0.0,0.0
2026-04-09 18:08:05,29.7,58.7,16.4,54.1,0.0,0.0,0.0
2026-04-09 18:08:10,29.6,58.8,28.9,54.1,0.0,0.0,0.0
2026-04-09 18:08:15,29.6,58.7,18.5,54.2,0.0,0.0,0.0
2026-04-09 18:08:20,29.6,58.7,12.2,54.2,0.0,0.0,0.0
2026-04-09 18:08:25,29.6,58.7,5.8,54.1,0.0,0.0,0.0
2026-04-09 18:08:30,29.5,58.7,14.1,54.1,0.0,0.0,0.0
2026-04-09 18:08:35,29.5,58.7,21.2,54.2,0.0,0.0,0.0
2026-04-09 18:08:40,29.6,58.8,12.1,54.2,0.0,0.0,0.0
2026-04-09 18:08:45,29.7,58.9,29.9,54.1,0.0,0.0,0.0
2026-04-09 18:08:50,29.6,58.8,27.1,54.1,0.0,0.0,0.0
2026-04-09 18:08:55,29.5,58.8,17.9,54.1,0.0,0.0,0.0
2026-04-09 18:09:00,29.7,58.9,10.7,54.1,0.0,0.0,0.0
2026-04-09 18:09:05,29.8,59.0,16.9,54.2,0.0,0.0,0.0
2026-04-09 18:09:10,29.6,58.9,12.1,54.2,0.0,0.0,0.0
2026-04-09 18:09:15,29.6,59.0,0.7,54.2,0.0,0.0,0.0
2026-04-09 18:09:20,29.6,59.0,21.1,54.1,0.0,0.0,0.0
2026-04-09 18:09:25,29.6,58.9,20.8,54.1,0.0,0.0,0.0
2026-04-09 18:09:30,29.5,59.0,17.8,54.2,0.0,0.0,0.0
2026-04-09 18:09:35,29.6,59.0,14.2,54.2,0.0,0.0,0.0
2026-04-09 18:09:40,29.7,59.0,0.0,54.2,0.0,0.0,0.0
2026-04-09 18:09:45,29.7,58.8,20.8,54.2,0.0,0.0,0.0
2026-04-09 18:09:50,29.5,58.7,25.1,54.2,0.0,0.0,0.0
2026-04-09 18:09:55,29.6,58.8,22.5,54.2,0.0,0.0,0.0
2026-04-09 18:10:00,29.5,58.8,19.2,54.1,0.0,0.0,0.0
2026-04-09 18:10:05,29.7,58.7,17.7,54.1,0.0,0.0,0.0
2026-04-09 18:10:10,29.6,58.7,9.0,54.1,0.0,0.0,0.0
2026-04-09 18:10:15,29.5,58.8,21.8,54.1,0.0,0.0,0.0
2026-04-09 18:10:20,29.5,58.8,34.6,54.1,0.0,0.0,0.0
2026-04-09 18:10:25,29.6,58.8,18.8,54.1,0.0,0.0,0.0
2026-04-09 18:10:30,29.6,58.8,5.6,54.1,0.0,0.0,0.0
2026-04-09 18:10:35,29.7,58.9,18.7,54.1,0.0,0.0,0.0
2026-04-09 18:10:40,29.7,58.9,26.7,54.1,0.0,0.0,0.0
2026-04-09 18:10:45,29.8,58.9,31.8,54.1,0.0,0.0,0.0
2026-04-09 18:10:50,29.7,58.9,2.5,54.1,0.0,0.0,0.0
2026-04-09 18:10:55,29.5,58.8,14.3,54.1,0.0,0.0,0.0
2026-04-09 18:11:00,29.5,58.8,41.0,54.2,0.0,0.0,0.0
2026-04-09 18:11:05,29.6,58.7,19.7,54.2,0.0,0.0,0.0
2026-04-09 18:11:10,29.7,58.7,10.8,54.2,0.0,0.0,0.0
2026-04-09 18:11:15,29.6,58.7,7.8,54.2,0.0,0.0,0.0
2026-04-09 18:11:20,29.6,58.6,0.0,54.2,0.0,0.0,0.0
2026-04-09 18:11:25,29.6,58.7,10.7,54.2,0.0,0.0,0.0
2026-04-09 18:11:30,29.6,58.8,12.4,54.2,0.0,0.0,0.0
2026-04-09 18:11:35,29.8,58.8,14.0,54.1,0.0,0.0,0.0
2026-04-09 18:11:40,29.7,58.7,8.4,54.1,0.0,0.0,0.0
2026-04-09 18:11:45,29.7,58.8,32.6,54.1,0.0,0.0,0.0
2026-04-09 18:11:50,29.6,58.8,13.9,54.1,0.0,0.0,0.0
2026-04-09 18:11:55,29.7,58.8,10.1,54.1,0.0,0.0,0.0
2026-04-09 18:12:00,29.7,58.9,10.8,54.1,0.0,0.0,0.0
2026-04-09 18:12:05,29.5,58.9,10.0,54.1,0.0,0.0,0.0
2026-04-09 18:12:10,29.5,59.0,22.4,54.1,0.0,0.0,0.0
2026-04-09 18:12:15,29.7,59.0,17.2,54.1,0.0,0.0,0.0
2026-04-09 18:12:20,29.6,58.9,12.6,54.1,0.0,0.0,0.0
2026-04-09 18:12:25,29.6,58.9,27.4,54.2,0.0,0.0,0.0
2026-04-09 18:12:30,29.7,58.9,22.3,54.2,0.0,0.0,0.0
2026-04-09 18:12:35,29.6,58.9,16.5,54.2,0.0,0.0,0.0
2026-04-09 18:12:40,29.6,59.0,25.8,54.2,0.0,0.0,0.0
2026-04-09 18:12:45,29.7,58.9,10.8,54.2,0.0,0.0,0.0
2026-04-09 18:12:50,29.5,58.8,0.0,54.2,0.0,0.0,0.0
2026-04-09 18:12:55,29.5,58.8,22.0,54.2,0.0,0.0,0.0
2026-04-09 18:13:00,29.6,58.9,38.2,54.2,0.0,0.0,0.0
2026-04-09 18:13:05,29.7,58.9,3.3,54.2,0.0,0.0,0.0
2026-04-09 18:13:10,29.6,58.9,17.6,54.2,0.0,0.0,0.0
2026-04-09 18:13:15,29.5,58.8,21.0,54.2,0.0,0.0,0.0
2026-04-09 18:13:20,29.5,58.7,14.9,54.2,0.0,0.0,0.0
2026-04-09 18:13:25,29.7,58.8,9.4,54.1,0.0,0.0,0.0
2026-04-09 18:13:30,29.6,58.9,10.0,54.1,0.0,0.0,0.0
2026-04-09 18:13:35,29.8,58.8,15.9,54.1,0.0,0.0,0.0
2026-04-09 18:13:40,29.7,58.7,33.4,54.1,0.0,0.0,0.0
2026-04-09 18:13:45,29.6,58.7,9.1,54.1,0.0,0.0,0.0
2026-04-09 18:13:50,29.7,58.6,20.0,54.1,0.0,0.0,0.0
2026-04-09 18:13:55,29.6,58.6,4.5,54.1,0.0,0.0,0.0
2026-04-09 18:14:00,29.7,58.6,9.8,54.1,0.0,0.0,0.0
2026-04-09 18:14:05,29.7,58.5,27.9,54.1,0.0,0.0,0.0
2026-04-09 18:14:10,29.6,58.6,10.8,54.1,0.0,0.0,0.0
2026-04-09 18:14:15,29.6,58.6,23.3,54.1,0.0,0.0,0.0
2026-04-09 18:14:20,29.5,58.7,0.0,54.1,0.0,0.0,0.0
2026-04-09 18:14:25,29.6,58.7,15.6,54.1,0.0,0.0,0.0
2026-04-09 18:14:30,29.7,58.6,26.0,54.1,0.0,0.0,0.0
2026-04-09 18:14:35,29.5,58.6,29.5,54.1,0.0,0.0,0.0
2026-04-09 18:14:40,29.7,58.6,8.9,54.1,0.0,0.0,0.0
2026-04-09 18:14:45,29.7,58.8,20.9,54.1,0.0,0.0,0.0
2026-04-09 18:14:50,29.6,58.8,18.3,54.1,0.0,0.0,0.0
2026-04-09 18:14:55,29.5,58.8,10.0,54.2,0.0,0.0,0.0
2026-04-09 18:15:00,29.5,58.8,0.0,54.2,0.0,0.0,0.0
2026-04-09 18:15:05,29.6,58.9,22.9,54.1,0.0,0.0,0.0
2026-04-09 18:15:10,29.5,58.9,25.2,54.1,0.0,0.0,0.0
2026-04-09 18:15:15,29.6,58.9,16.9,54.1,0.0,0.0,0.0
2026-04-09 18:15:20,29.6,58.9,0.0,54.1,0.0,0.0,0.0
2026-04-09 18:15:25,29.6,58.9,9.3,54.1,0.0,0.0,0.0
2026-04-09 18:15:30,29.3,59.0,12.4,54.1,0.0,0.0,0.0
2026-04-09 18:15:35,29.5,59.0,29.3,54.1,0.0,0.0,0.0
2026-04-09 18:15:40,29.6,59.0,9.0,54.1,0.0,0.0,0.0
2026-04-09 18:15:45,29.6,59.1,26.4,54.1,0.0,0.0,0.0
2026-04-09 18:15:50,29.6,59.0,9.0,54.1,0.0,0.0,0.0
2026-04-09 18:15:55,29.5,58.9,5.1,54.1,0.0,0.0,0.0
2026-04-09 18:16:00,29.5,58.8,11.5,54.1,0.0,0.0,0.0
2026-04-09 18:16:05,29.7,58.8,29.4,54.1,0.0,0.0,0.0
2026-04-09 18:16:10,29.5,58.8,11.4,54.1,0.0,0.0,0.0
2026-04-09 18:16:15,29.6,58.7,28.3,54.1,0.0,0.0,0.0
2026-04-09 18:16:20,29.5,58.8,1.5,54.1,0.0,0.0,0.0
2026-04-09 18:16:25,29.5,58.8,21.4,54.1,0.0,0.0,0.0
2026-04-09 18:16:30,29.5,58.7,17.9,54.1,0.0,0.0,0.0
2026-04-09 18:16:35,29.6,58.6,25.3,54.1,0.0,0.0,0.0
2026-04-09 18:16:40,29.5,58.7,2.4,54.1,0.0,0.0,0.0
2026-04-09 18:16:45,29.7,58.6,18.3,54.1,0.0,0.0,0.0
2026-04-09 18:16:50,29.6,58.5,9.3,54.1,0.0,0.0,0.0
2026-04-09 18:16:55,29.6,58.4,0.6,54.1,0.0,0.0,0.0
2026-04-09 18:17:00,29.6,58.3,16.1,54.1,0.0,0.0,0.0
2026-04-09 18:17:05,29.7,58.3,29.4,54.1,0.0,0.0,0.0
2026-04-09 18:17:10,29.6,58.4,24.4,54.1,0.0,0.0,0.0
2026-04-09 18:17:15,29.5,58.6,14.8,54.1,0.0,0.0,0.0
2026-04-09 18:17:20,29.4,58.6,34.6,54.1,0.0,0.0,0.0
2026-04-09 18:17:25,29.5,58.7,8.2,54.1,0.0,0.0,0.0
2026-04-09 18:17:30,29.6,58.6,29.6,54.1,0.0,0.0,0.0
2026-04-09 18:17:35,29.6,58.6,21.6,54.1,0.0,0.0,0.0
2026-04-09 18:17:40,29.5,58.6,16.4,54.1,0.0,0.0,0.0
2026-04-09 18:17:45,29.6,58.6,19.9,54.1,0.0,0.0,0.0
2026-04-09 18:17:50,29.6,58.7,19.3,54.2,0.0,0.0,0.0
2026-04-09 18:17:55,29.6,58.7,34.2,54.2,0.0,0.0,0.0
2026-04-09 18:18:00,29.5,58.8,10.6,54.1,0.0,0.0,0.0
2026-04-09 18:18:05,29.4,58.9,12.6,54.1,0.0,0.0,0.0
2026-04-09 18:18:10,29.6,58.7,26.6,54.1,0.0,0.0,0.0
2026-04-09 18:18:15,29.5,58.7,17.3,54.1,0.0,0.0,0.0
2026-04-09 18:18:20,29.5,58.6,16.6,54.1,0.0,0.0,0.0
2026-04-09 18:18:25,29.6,58.5,14.2,54.1,0.0,0.0,0.0
2026-04-09 18:18:30,29.4,58.5,8.8,54.1,0.0,0.0,0.0
2026-04-09 18:18:35,29.6,58.5,0.0,54.1,0.0,0.0,0.0
2026-04-09 18:18:40,29.5,58.6,19.2,54.1,0.0,0.0,0.0
2026-04-09 18:18:45,29.6,58.6,20.4,54.1,0.0,0.0,0.0
2026-04-09 18:18:50,29.6,58.7,18.6,54.1,0.0,0.0,0.0
2026-04-09 18:18:55,29.4,58.8,15.2,54.1,0.0,0.0,0.0
2026-04-09 18:19:00,29.5,58.8,12.5,54.1,0.0,0.0,0.0
2026-04-09 18:19:05,29.6,58.8,18.4,54.1,0.0,0.0,0.0
2026-04-09 18:19:10,29.6,58.7,29.6,54.1,0.0,0.0,0.0
2026-04-09 18:19:15,29.7,58.8,3.8,54.1,0.0,0.0,0.0
2026-04-09 18:19:20,29.6,58.7,25.7,54.1,0.0,0.0,0.0
2026-04-09 18:19:25,29.7,58.9,12.5,54.1,0.0,0.0,0.0
2026-04-09 18:19:30,29.7,58.9,6.4,54.1,0.0,0.0,0.0
2026-04-09 18:19:35,29.6,58.9,11.0,54.1,0.0,0.0,0.0
2026-04-09 18:19:40,29.5,59.0,8.7,54.1,0.0,0.0,0.0
2026-04-09 18:19:45,29.7,58.9,35.8,54.1,0.0,0.0,0.0
2026-04-09 18:19:50,29.6,59.0,19.4,54.1,0.0,0.0,0.0
2026-04-09 18:19:55,29.6,59.0,0.0,54.1,0.0,0.0,0.0
2026-04-09 18:20:00,29.6,59.1,18.9,54.1,0.0,0.0,0.0
2026-04-09 18:20:05,29.6,59.0,25.7,54.1,0.0,0.0,0.0
2026-04-09 18:20:10,29.6,59.0,18.5,54.1,0.0,0.0,0.0
2026-04-09 18:20:15,29.6,59.1,0.0,54.1,0.0,0.0,0.0
2026-04-09 18:20:20,29.6,59.0,21.0,54.1,0.0,0.0,0.0
2026-04-09 18:20:25,29.7,59.1,9.4,54.1,0.0,0.0,0.0
2026-04-09 18:20:30,29.6,59.1,11.4,54.1,0.0,0.0,0.0
2026-04-09 18:20:35,29.6,59.2,27.5,54.1,0.0,0.0,0.0
2026-04-09 18:20:40,29.7,59.2,6.0,54.1,0.0,0.0,0.0
2026-04-09 18:20:45,29.6,59.3,2.4,54.1,0.0,0.0,0.0
2026-04-09 18:20:50,29.5,59.3,0.0,54.1,0.0,0.0,0.0
2026-04-09 18:20:55,29.6,59.2,0.0,54.1,0.0,0.0,0.0
2026-04-09 18:21:00,29.6,59.1,14.3,54.1,0.0,0.0,0.0
2026-04-09 18:21:05,29.8,59.2,25.7,54.1,0.0,0.0,0.0
2026-04-09 18:21:10,29.5,59.2,4.8,54.1,0.0,0.0,0.0
2026-04-09 18:21:15,29.7,59.1,5.7,54.1,0.0,0.0,0.0
2026-04-09 18:21:20,29.6,59.1,17.1,54.1,0.0,0.0,0.0
2026-04-09 18:21:25,29.7,59.1,17.3,54.1,0.0,0.0,0.0
2026-04-09 18:21:30,29.7,59.0,12.5,54.1,0.0,0.0,0.0
2026-04-09 18:21:35,29.6,59.0,15.1,54.1,0.0,0.0,0.0
2026-04-09 18:21:40,29.6,59.0,24.3,54.1,0.0,0.0,0.0
2026-04-09 18:21:45,29.7,59.0,0.0,54.1,0.0,0.0,0.0
2026-04-09 18:21:50,29.6,59.1,16.7,54.1,0.0,0.0,0.0
2026-04-09 18:21:55,29.7,59.1,1.3,54.1,0.0,0.0,0.0
2026-04-09 18:22:00,29.6,58.9,26.2,54.1,0.0,0.0,0.0
2026-04-09 18:22:05,29.6,58.9,6.4,54.1,0.0,0.0,0.0
2026-04-09 18:22:10,29.6,58.8,6.0,54.1,0.0,0.0,0.0
2026-04-09 18:22:15,29.7,58.7,19.2,54.1,0.0,0.0,0.0
2026-04-09 18:22:20,29.7,58.7,4.9,54.1,0.0,0.0,0.0
2026-04-09 18:22:25,29.5,58.8,30.4,54.1,0.0,0.0,0.0
2026-04-09 18:22:30,29.7,58.9,0.0,54.1,0.0,0.0,0.0
2026-04-09 18:22:35,29.5,58.9,26.3,54.1,0.0,0.0,0.0
2026-04-09 18:22:40,29.7,58.9,27.6,54.1,0.0,0.0,0.0
2026-04-09 18:22:45,29.6,58.9,37.8,54.1,0.0,0.0,0.0
2026-04-09 18:22:50,29.6,58.8,10.0,54.1,0.0,0.0,0.0
2026-04-09 18:22:55,29.5,58.8,25.4,54.1,0.0,0.0,0.0
2026-04-09 18:23:00,29.8,58.9,4.0,54.1,0.0,0.0,0.0
2026-04-09 18:23:05,29.6,59.0,13.0,54.1,0.0,0.0,0.0
2026-04-09 18:23:10,29.6,58.9,7.9,54.1,0.0,0.0,0.0
2026-04-09 18:23:15,29.7,59.0,7.8,54.1,0.0,0.0,0.0
2026-04-09 18:23:20,29.6,59.0,20.9,54.1,0.0,0.0,0.0
2026-04-09 18:23:25,29.7,59.1,14.9,54.1,0.0,0.0,0.0
2026-04-09 18:23:30,29.7,59.0,5.2,54.1,0.0,0.0,0.0
2026-04-09 18:23:35,29.6,58.9,16.5,54.1,0.0,0.0,0.0
2026-04-09 18:23:40,29.8,58.9,13.0,54.1,0.0,0.0,0.0
2026-04-09 18:23:45,29.8,58.9,10.4,54.1,0.0,0.0,0.0
2026-04-09 18:23:50,29.5,58.9,27.7,54.1,0.0,0.0,0.0
2026-04-09 18:23:55,29.6,58.9,13.0,54.1,0.0,0.0,0.0
2026-04-09 18:24:00,29.7,58.8,5.3,54.0,0.0,0.0,0.0
2026-04-09 18:24:05,29.7,58.8,14.3,54.0,0.0,0.0,0.0
2026-04-09 18:24:10,29.7,58.8,16.0,54.0,0.0,0.0,0.0
2026-04-09 18:24:15,29.7,58.8,11.4,54.0,0.0,0.0,0.0
2026-04-09 18:24:20,29.8,58.8,5.5,54.0,0.0,0.0,0.0
2026-04-09 18:24:25,29.7,58.6,4.8,54.1,0.0,0.0,0.0
2026-04-09 18:24:30,29.7,58.5,21.1,54.1,0.0,0.0,0.0
2026-04-09 18:24:35,29.8,58.5,11.5,54.1,0.0,0.0,0.0
2026-04-09 18:24:40,29.8,58.6,2.9,54.1,0.0,0.0,0.0
2026-04-09 18:24:45,29.7,58.5,25.6,54.1,0.0,0.0,0.0
2026-04-09 18:24:50,29.6,58.5,14.7,54.1,0.0,0.0,0.0
2026-04-09 18:24:55,29.8,58.5,27.6,54.0,0.0,0.0,0.0
2026-04-09 18:25:00,29.6,58.6,16.0,54.0,0.0,0.0,0.0
2026-04-09 18:25:05,29.8,58.6,18.1,54.0,0.0,0.0,0.0
2026-04-09 18:25:10,29.5,58.7,22.2,54.0,0.0,0.0,0.0
2026-04-09 18:25:15,29.6,58.6,54.3,54.0,0.0,0.0,0.0
2026-04-09 18:25:20,29.7,58.7,18.1,54.0,0.0,0.0,0.0
2026-04-09 18:25:25,29.8,58.6,14.5,54.0,0.0,0.0,0.0
2026-04-09 18:25:30,29.6,58.7,0.0,54.0,0.0,0.0,0.0
2026-04-09 18:25:35,29.7,58.7,20.2,54.0,0.0,0.0,0.0
2026-04-09 18:25:40,29.9,58.7,0.0,54.0,0.0,0.0,0.0
2026-04-09 18:25:45,29.8,58.7,28.6,54.1,0.0,0.0,0.0
2026-04-09 18:25:50,29.9,58.7,11.7,54.1,0.0,0.0,0.0
2026-04-09 18:25:55,29.8,58.8,14.7,54.1,0.0,0.0,0.0
2026-04-09 18:26:00,29.7,58.8,7.5,54.1,0.0,0.0,0.0
2026-04-09 18:26:05,29.7,58.9,39.6,54.1,0.0,0.0,0.0
2026-04-09 18:26:10,29.6,58.8,24.7,54.1,0.0,0.0,0.0
2026-04-09 18:26:15,29.6,58.6,14.3,54.1,0.0,0.0,0.0
2026-04-09 18:26:20,29.6,58.6,0.0,54.1,0.0,0.0,0.0
2026-04-09 18:26:25,29.6,58.6,25.3,54.1,0.0,0.0,0.0
2026-04-09 18:26:30,29.9,58.8,15.8,54.1,0.0,0.0,0.0
2026-04-09 18:26:35,29.7,58.7,15.5,54.1,0.0,0.0,0.0
2026-04-09 18:26:40,29.7,58.6,25.6,54.1,0.0,0.0,0.0
2026-04-09 18:26:45,29.8,58.6,14.7,54.1,0.0,0.0,0.0
2026-04-09 18:26:50,29.6,58.7,13.0,54.0,0.0,0.0,0.0
2026-04-09 18:26:55,29.7,58.6,14.9,54.0,0.0,0.0,0.0
2026-04-09 18:27:00,29.6,58.5,1.8,54.0,0.0,0.0,0.0
2026-04-09 18:27:05,29.7,58.5,21.3,54.1,0.0,0.0,0.0
2026-04-09 18:27:10,29.7,58.5,4.3,54.1,0.0,0.0,0.0
2026-04-09 18:27:15,29.7,58.4,16.7,54.1,0.0,0.0,0.0
2026-04-09 18:27:20,29.6,58.5,17.3,54.1,0.0,0.0,0.0
2026-04-09 18:27:25,29.6,58.3,14.2,54.1,0.0,0.0,0.0
2026-04-09 18:27:30,29.8,58.4,10.4,54.1,0.0,0.0,0.0
2026-04-09 18:27:35,29.6,58.3,9.0,54.1,0.0,0.0,0.0
2026-04-09 18:27:40,29.5,58.3,28.3,54.1,0.0,0.0,0.0
2026-04-09 18:27:45,29.6,58.4,21.3,54.1,0.0,0.0,0.0
2026-04-09 18:27:50,29.6,58.5,9.4,54.1,0.0,0.0,0.0
2026-04-09 18:27:55,29.6,58.4,3.9,54.1,0.0,0.0,0.0
2026-04-09 18:28:00,29.7,58.3,19.1,54.1,0.0,0.0,0.0
2026-04-09 18:28:05,29.6,58.4,19.0,54.1,0.0,0.0,0.0
2026-04-09 18:28:10,30.0,58.4,3.5,54.1,0.0,0.0,0.0
2026-04-09 18:28:15,29.8,58.3,4.2,54.1,0.0,0.0,0.0
2026-04-09 18:28:20,29.7,58.2,29.9,54.1,0.0,0.0,0.0
2026-04-09 18:28:25,29.6,58.2,25.9,54.1,0.0,0.0,0.0
2026-04-09 18:28:30,29.7,58.3,0.0,54.1,0.0,0.0,0.0
2026-04-09 18:28:35,29.6,58.2,27.9,54.1,0.0,0.0,0.0
2026-04-09 18:28:40,29.7,58.2,0.0,54.1,0.0,0.0,0.0
2026-04-09 18:28:45,29.7,58.3,27.5,54.1,0.0,0.0,0.0
2026-04-09 18:28:50,29.7,58.2,24.3,54.1,0.0,0.0,0.0
2026-04-09 18:28:55,29.6,58.2,6.3,54.1,0.0,0.0,0.0
2026-04-09 18:29:00,29.7,58.4,20.4,54.1,0.0,0.0,0.0
2026-04-09 18:29:05,29.6,58.3,11.8,54.0,0.0,0.0,0.0
2026-04-09 18:29:10,29.6,58.2,11.1,54.0,0.0,0.0,0.0
2026-04-09 18:29:15,29.5,58.4,31.5,54.0,0.0,0.0,0.0
2026-04-09 18:29:20,29.5,58.3,28.5,54.0,0.0,0.0,0.0
2026-04-09 18:29:25,29.9,58.3,15.5,54.0,0.0,0.0,0.0
2026-04-09 18:29:30,29.5,58.3,5.8,54.0,0.0,0.0,0.0
2026-04-09 18:29:35,29.6,58.2,4.4,54.0,0.0,0.0,0.0
2026-04-09 18:29:40,29.6,58.3,15.3,54.0,0.0,0.0,0.0
2026-04-09 18:29:45,29.7,58.3,1.4,54.0,0.0,0.0,0.0
2026-04-09 18:29:50,29.8,58.3,5.9,54.0,0.0,0.0,0.0
2026-04-09 18:29:55,29.6,58.3,10.0,54.0,0.0,0.0,0.0
2026-04-09 18:30:00,29.7,58.4,33.5,54.0,0.0,0.0,0.0
2026-04-09 18:30:05,29.7,58.4,32.7,54.0,0.0,0.0,0.0
2026-04-09 18:30:10,29.7,58.5,7.2,54.0,0.0,0.0,0.0
2026-04-09 18:30:15,29.7,58.6,4.9,54.0,0.0,0.0,0.0
2026-04-09 18:30:20,29.7,58.5,13.9,54.0,0.0,0.0,0.0
2026-04-09 18:30:25,29.7,58.5,26.3,54.0,0.0,0.0,0.0
2026-04-09 18:30:30,29.7,58.6,19.7,54.0,0.0,0.0,0.0
2026-04-09 18:30:35,29.7,58.6,8.4,54.0,0.0,0.0,0.0
2026-04-09 18:30:40,29.7,58.6,33.9,54.0,0.0,0.0,0.0
2026-04-09 18:30:45,29.6,58.7,13.3,54.0,0.0,0.0,0.0
2026-04-09 18:30:50,29.5,58.7,3.7,54.0,0.0,0.0,0.0
2026-04-09 18:30:55,29.7,58.8,28.6,54.0,0.0,0.0,0.0
2026-04-09 18:31:00,29.7,58.7,20.5,54.0,0.0,0.0,0.0
2026-04-09 18:31:05,29.6,58.7,3.6,54.0,0.0,0.0,0.0
2026-04-09 18:31:10,29.7,58.6,26.0,54.1,0.0,0.0,0.0
2026-04-09 18:31:15,29.7,58.5,10.5,54.1,0.0,0.0,0.0
2026-04-09 18:31:20,29.6,58.5,29.1,54.1,0.0,0.0,0.0
2026-04-09 18:31:25,29.7,58.5,26.9,54.0,0.0,0.0,0.0
2026-04-09 18:31:30,29.5,58.5,15.9,54.0,0.0,0.0,0.0
2026-04-09 18:31:35,29.6,58.6,9.5,54.0,0.0,0.0,0.0
2026-04-09 18:31:40,29.6,58.5,19.7,54.0,0.0,0.0,0.0
2026-04-09 18:31:45,29.6,58.5,22.1,54.0,0.0,0.0,0.0
2026-04-09 18:31:50,29.6,58.4,25.6,54.0,0.0,0.0,0.0
2026-04-09 18:31:55,29.6,58.5,10.8,54.0,0.0,0.0,0.0
2026-04-09 18:32:00,29.6,58.6,23.9,54.0,0.0,0.0,0.0
2026-04-09 18:32:05,29.8,58.6,16.1,54.0,0.0,0.0,0.0
2026-04-09 18:32:10,29.6,58.6,7.8,54.0,0.0,0.0,0.0
2026-04-09 18:32:15,29.7,58.6,13.2,54.0,0.0,0.0,0.0
2026-04-09 18:32:20,29.8,58.6,5.4,54.0,0.0,0.0,0.0
2026-04-09 18:32:25,29.5,58.6,10.9,54.0,0.0,0.0,0.0
2026-04-09 18:32:30,29.6,58.5,6.7,54.0,0.0,0.0,0.0
2026-04-09 18:32:35,29.4,58.4,23.7,54.0,0.0,0.0,0.0
2026-04-09 18:32:40,29.8,58.4,20.9,54.0,0.0,0.0,0.0
2026-04-09 18:32:45,29.8,58.4,1.0,54.0,0.0,0.0,0.0
2026-04-09 18:32:50,29.6,58.5,17.0,54.0,0.0,0.0,0.0
2026-04-09 18:32:55,29.6,58.6,4.8,54.0,0.0,0.0,0.0
2026-04-09 18:33:00,29.6,58.5,11.0,54.1,0.0,0.0,0.0
2026-04-09 18:33:05,29.7,58.8,16.4,54.1,0.0,0.0,0.0
2026-04-09 18:33:10,29.7,58.8,0.0,54.1,0.0,0.0,0.0
2026-04-09 18:33:15,29.6,58.7,28.2,54.1,0.0,0.0,0.0
2026-04-09 18:33:20,29.6,58.9,0.0,54.1,0.0,0.0,0.0
2026-04-09 18:33:25,29.6,59.0,17.5,54.1,0.0,0.0,0.0
2026-04-09 18:33:30,29.6,59.1,24.9,54.1,0.0,0.0,0.0
2026-04-09 18:33:35,29.6,59.0,16.9,54.1,0.0,0.0,0.0
2026-04-09 18:33:40,29.7,59.1,22.9,54.1,0.0,0.0,0.0
2026-04-09 18:33:45,29.6,59.1,17.3,54.0,0.0,0.0,0.0
2026-04-09 18:33:50,29.7,59.2,25.1,54.0,0.0,0.0,0.0
2026-04-09 18:33:55,29.8,59.1,19.4,54.0,0.0,0.0,0.0
2026-04-09 18:34:00,29.8,58.9,8.9,54.0,0.0,0.0,0.0
2026-04-09 18:34:05,29.7,58.9,5.2,54.0,0.0,0.0,0.0
2026-04-09 18:34:10,29.6,59.0,23.6,54.0,0.0,0.0,0.0
2026-04-09 18:34:15,29.7,58.8,0.0,54.0,0.0,0.0,0.0
2026-04-09 18:34:20,29.7,58.8,10.6,54.0,0.0,0.0,0.0
2026-04-09 18:34:25,29.7,58.9,21.2,54.0,0.0,0.0,0.0
2026-04-09 18:34:30,29.6,58.9,32.4,54.0,0.0,0.0,0.0
2026-04-09 18:34:35,29.6,58.8,2.7,54.0,0.0,0.0,0.0
2026-04-09 18:34:40,29.7,58.9,21.1,54.0,0.0,0.0,0.0
2026-04-09 18:34:45,29.7,59.0,12.4,54.0,0.0,0.0,0.0
2026-04-09 18:34:50,29.5,58.8,6.7,54.0,0.0,0.0,0.0
2026-04-09 18:34:55,29.7,58.9,19.4,54.0,0.0,0.0,0.0
2026-04-09 18:35:00,29.7,58.9,20.3,54.0,0.0,0.0,0.0
2026-04-09 18:35:05,29.7,58.8,18.2,54.0,0.0,0.0,0.0
2026-04-09 18:35:10,29.8,58.8,18.0,54.0,0.0,0.0,0.0
2026-04-09 18:35:15,29.8,58.7,27.7,54.0,0.0,0.0,0.0
2026-04-09 18:35:20,29.8,58.6,23.3,54.0,0.0,0.0,0.0
2026-04-09 18:35:25,29.8,58.6,2.3,54.0,0.0,0.0,0.0
2026-04-09 18:35:30,29.7,58.5,9.5,54.0,0.0,0.0,0.0
2026-04-09 18:35:35,29.7,58.5,6.5,54.0,0.0,0.0,0.0
2026-04-09 18:35:40,29.7,58.6,19.8,54.0,0.0,0.0,0.0
2026-04-09 18:35:45,29.8,58.6,16.7,54.0,0.0,0.0,0.0
2026-04-09 18:35:50,29.6,58.5,13.6,54.0,0.0,0.0,0.0
2026-04-09 18:35:55,29.7,58.6,5.6,54.0,0.0,0.0,0.0
2026-04-09 18:36:00,29.8,58.6,12.7,54.0,0.0,0.0,0.0
2026-04-09 18:36:05,29.7,58.8,11.4,54.0,0.0,0.0,0.0
2026-04-09 18:36:10,29.6,58.8,22.6,54.0,0.0,0.0,0.0
2026-04-09 18:36:15,29.7,58.7,17.7,54.0,0.0,0.0,0.0
2026-04-09 18:36:20,29.7,58.8,14.1,54.0,0.0,0.0,0.0
2026-04-09 18:36:25,29.7,58.8,10.7,54.0,0.0,0.0,0.0
2026-04-09 18:36:30,29.6,58.7,9.9,54.0,0.0,0.0,0.0
2026-04-09 18:36:35,29.6,58.9,23.5,54.0,0.0,0.0,0.0
2026-04-09 18:36:40,29.8,58.9,26.7,54.0,0.0,0.0,0.0
2026-04-09 18:36:45,29.8,58.9,13.1,54.0,0.0,0.0,0.0
2026-04-09 18:36:50,29.6,58.9,21.5,54.0,0.0,0.0,0.0
2026-04-09 18:36:55,29.6,58.8,5.5,54.0,0.0,0.0,0.0
2026-04-09 18:37:00,29.6,58.9,14.2,54.0,0.0,0.0,0.0
2026-04-09 18:37:05,29.8,58.9,26.0,54.0,0.0,0.0,0.0
2026-04-09 18:37:10,29.7,58.9,23.0,54.0,0.0,0.0,0.0
2026-04-09 18:37:15,29.8,58.9,20.7,54.0,0.0,0.0,0.0
2026-04-09 18:37:20,29.8,58.8,8.7,54.0,0.0,0.0,0.0
2026-04-09 18:37:25,29.6,58.9,19.0,54.0,0.0,0.0,0.0
2026-04-09 18:37:30,29.7,58.9,22.7,54.0,0.0,0.0,0.0
2026-04-09 18:37:35,29.7,58.8,18.4,54.0,0.0,0.0,0.0
2026-04-09 18:37:40,29.6,59.0,6.1,54.0,0.0,0.0,0.0
2026-04-09 18:37:45,29.6,59.0,18.7,54.0,0.0,0.0,0.0
2026-04-09 18:37:50,29.6,58.9,25.5,54.0,0.0,0.0,0.0
2026-04-09 18:37:55,29.5,58.9,10.4,54.0,0.0,0.0,0.0
2026-04-09 18:38:00,29.7,58.9,10.3,54.0,0.0,0.0,0.0
2026-04-09 18:38:05,29.6,58.8,21.8,54.0,0.0,0.0,0.0
2026-04-09 18:38:10,29.6,58.8,20.1,54.0,0.0,0.0,0.0
2026-04-09 18:38:15,29.5,58.9,11.9,54.0,0.0,0.0,0.0
2026-04-09 18:38:20,29.6,59.1,17.4,54.0,0.0,0.0,0.0
2026-04-09 18:38:25,29.5,59.1,28.2,54.0,0.0,0.0,0.0
2026-04-09 18:38:30,29.8,59.0,0.0,54.0,0.0,0.0,0.0
2026-04-09 18:38:35,29.7,58.9,37.0,54.0,0.0,0.0,0.0
2026-04-09 18:38:40,29.8,58.9,10.2,54.0,0.0,0.0,0.0
2026-04-09 18:38:45,29.6,58.7,15.9,54.0,0.0,0.0,0.0
2026-04-09 18:38:50,29.8,58.7,22.2,54.0,0.0,0.0,0.0
2026-04-09 18:38:55,29.8,58.8,25.4,54.0,0.0,0.0,0.0
2026-04-09 18:39:00,29.6,58.8,13.3,54.0,0.0,0.0,0.0
2026-04-09 18:39:05,29.7,58.9,4.7,54.0,0.0,0.0,0.0
2026-04-09 18:39:10,29.6,59.0,14.8,54.0,0.0,0.0,0.0
2026-04-09 18:39:15,29.6,59.0,10.7,54.0,0.0,0.0,0.0
2026-04-09 18:39:20,29.7,58.9,20.9,54.0,0.0,0.0,0.0
2026-04-09 18:39:25,29.8,58.9,20.1,54.0,0.0,0.0,0.0
2026-04-09 18:39:30,29.6,58.7,18.3,54.0,0.0,0.0,0.0
2026-04-09 18:39:35,29.5,58.6,26.0,54.0,0.0,0.0,0.0
2026-04-09 18:39:40,29.6,58.7,8.7,54.0,0.0,0.0,0.0
2026-04-09 18:39:45,29.7,58.7,8.8,54.0,0.0,0.0,0.0
2026-04-09 18:39:50,29.6,58.6,17.3,54.0,0.0,0.0,0.0
2026-04-09 18:39:55,29.6,58.6,16.0,54.0,0.0,0.0,0.0
2026-04-09 18:40:00,29.6,58.5,12.7,54.0,0.0,0.0,0.0
2026-04-09 18:40:05,29.5,58.5,8.4,54.0,0.0,0.0,0.0
2026-04-09 18:40:10,29.6,58.5,3.7,54.0,0.0,0.0,0.0
2026-04-09 18:40:15,29.8,58.4,26.1,54.0,0.0,0.0,0.0
2026-04-09 18:40:20,29.7,58.4,17.6,54.0,0.0,0.0,0.0
2026-04-09 18:40:25,29.7,58.5,20.4,54.0,0.0,0.0,0.0
2026-04-09 18:40:30,29.7,58.6,4.5,54.0,0.0,0.0,0.0
2026-04-09 18:40:35,29.8,58.5,8.5,54.0,0.0,0.0,0.0
2026-04-09 18:40:40,29.6,58.4,10.6,54.0,0.0,0.0,0.0
2026-04-09 18:40:45,29.6,58.6,15.0,54.0,0.0,0.0,0.0
2026-04-09 18:40:50,29.8,58.7,27.1,54.0,0.0,0.0,0.0
2026-04-09 18:40:55,29.7,58.8,9.2,54.0,0.0,0.0,0.0
2026-04-09 18:41:00,29.6,58.8,11.3,54.0,0.0,0.0,0.0
2026-04-09 18:41:05,29.7,59.0,0.0,54.0,0.0,0.0,0.0
2026-04-09 18:41:10,29.7,59.1,1.1,54.0,0.0,0.0,0.0
2026-04-09 18:41:15,29.6,58.9,2.3,54.0,0.0,0.0,0.0
2026-04-09 18:41:20,29.8,58.8,22.2,54.0,0.0,0.0,0.0
2026-04-09 18:41:25,29.6,58.6,15.3,54.1,0.0,0.0,0.0
2026-04-09 18:41:30,29.9,58.7,20.0,54.1,0.0,0.0,0.0
2026-04-09 18:41:35,29.8,58.7,13.4,54.0,0.0,0.0,0.0
2026-04-09 18:41:40,29.6,58.7,7.3,54.0,0.0,0.0,0.0
2026-04-09 18:41:45,29.6,58.6,22.4,54.0,0.0,0.0,0.0
2026-04-09 18:41:50,29.6,58.5,32.1,54.0,0.0,0.0,0.0
2026-04-09 18:41:55,29.6,58.4,6.1,54.0,0.0,0.0,0.0
2026-04-09 18:42:00,29.7,58.4,4.1,54.1,0.0,0.0,0.0
2026-04-09 18:42:05,29.6,58.4,24.0,54.1,0.0,0.0,0.0
2026-04-09 18:42:10,29.9,58.3,15.4,54.1,0.0,0.0,0.0
2026-04-09 18:42:15,29.5,58.3,12.1,54.1,0.0,0.0,0.0
2026-04-09 18:42:20,29.6,58.2,17.0,54.1,0.0,0.0,0.0
2026-04-09 18:42:25,29.7,58.4,26.3,54.1,0.0,0.0,0.0
2026-04-09 18:42:30,29.6,58.4,27.8,54.0,0.0,0.0,0.0
2026-04-09 18:42:35,29.5,58.3,25.8,54.0,0.0,0.0,0.0
2026-04-09 18:42:40,29.6,58.3,3.7,54.0,0.0,0.0,0.0
2026-04-09 18:42:45,29.7,58.2,21.1,54.0,0.0,0.0,0.0
2026-04-09 18:42:50,29.7,58.3,9.5,54.0,0.0,0.0,0.0
2026-04-09 18:42:55,29.7,58.6,19.1,54.0,0.0,0.0,0.0
2026-04-09 18:43:00,29.8,58.7,7.6,54.0,0.0,0.0,0.0
2026-04-09 18:43:05,29.7,58.8,22.8,54.0,0.0,0.0,0.0
2026-04-09 18:43:10,29.7,58.6,13.7,54.0,0.0,0.0,0.0
2026-04-09 18:43:15,29.6,58.6,22.1,54.0,0.0,0.0,0.0
2026-04-09 18:43:20,29.7,58.5,26.2,54.0,0.0,0.0,0.0
2026-04-09 18:43:25,29.7,58.5,15.3,54.0,0.0,0.0,0.0
2026-04-09 18:43:30,29.5,58.5,28.7,54.0,0.0,0.0,0.0
2026-04-09 18:43:35,29.7,58.5,3.1,54.0,0.0,0.0,0.0
2026-04-09 18:43:40,29.6,58.5,18.7,54.0,0.0,0.0,0.0
2026-04-09 18:43:45,29.8,58.6,21.1,54.0,0.0,0.0,0.0
2026-04-09 18:43:50,29.7,58.6,21.8,54.0,0.0,0.0,0.0
2026-04-09 18:43:55,29.6,58.6,14.5,54.0,0.0,0.0,0.0
2026-04-09 18:44:00,29.7,58.6,11.3,54.0,0.0,0.0,0.0
2026-04-09 18:44:05,29.6,58.7,8.4,54.0,0.0,0.0,0.0
2026-04-09 18:44:10,29.7,58.5,12.6,54.0,0.0,0.0,0.0
2026-04-09 18:44:15,29.7,58.5,28.9,54.1,0.0,0.0,0.0
2026-04-09 18:44:20,29.7,58.5,6.0,54.1,0.0,0.0,0.0
2026-04-09 18:44:25,29.8,58.5,6.6,54.1,0.0,0.0,0.0
2026-04-09 18:44:30,29.6,58.5,37.2,54.1,0.0,0.0,0.0
2026-04-09 18:44:35,29.6,58.4,5.1,54.1,0.0,0.0,0.0
2026-04-09 18:44:40,29.6,58.4,12.1,54.1,0.0,0.0,0.0
2026-04-09 18:44:45,29.7,58.3,29.4,54.1,0.0,0.0,0.0
2026-04-09 18:44:50,29.7,58.3,16.2,54.0,0.0,0.0,0.0
2026-04-09 18:44:55,29.7,58.3,11.0,54.0,0.0,0.0,0.0
2026-04-09 18:45:00,29.5,58.3,14.8,54.0,0.0,0.0,0.0
2026-04-09 18:45:05,29.8,58.3,13.4,54.0,0.0,0.0,0.0
2026-04-09 18:45:10,29.7,58.3,3.9,54.0,0.0,0.0,0.0
2026-04-09 18:45:15,29.7,58.2,12.8,54.0,0.0,0.0,0.0
2026-04-09 18:45:20,29.7,58.2,25.5,54.0,0.0,0.0,0.0
2026-04-09 18:45:25,29.7,58.3,0.0,54.0,0.0,0.0,0.0
2026-04-09 18:45:30,29.7,58.4,14.2,54.0,0.0,0.0,0.0
2026-04-09 18:45:35,29.7,58.3,14.5,54.1,0.0,0.0,0.0
2026-04-09 18:45:40,29.6,58.5,14.4,54.1,0.0,0.0,0.0
2026-04-09 18:45:45,29.7,58.4,14.3,54.0,0.0,0.0,0.0
2026-04-09 18:45:50,29.8,58.5,20.6,54.0,0.0,0.0,0.0
2026-04-09 18:45:55,29.8,58.6,5.8,54.0,0.0,0.0,0.0
2026-04-09 18:46:00,29.6,58.5,14.8,54.1,0.0,0.0,0.0
2026-04-09 18:46:05,29.7,58.4,8.2,54.1,0.0,0.0,0.0
2026-04-09 18:46:10,29.6,58.4,11.1,54.0,0.0,0.0,0.0
2026-04-09 18:46:15,29.9,58.5,32.5,54.0,0.0,0.0,0.0
2026-04-09 18:46:20,29.6,58.5,22.7,54.1,0.0,0.0,0.0
2026-04-09 18:46:25,29.8,58.4,7.5,54.1,0.0,0.0,0.0
2026-04-09 18:46:30,29.7,58.5,14.9,54.1,0.0,0.0,0.0
2026-04-09 18:46:35,29.7,58.5,29.1,54.1,0.0,0.0,0.0
2026-04-09 18:46:40,29.7,58.5,14.0,54.1,0.0,0.0,0.0
2026-04-09 18:46:45,29.8,58.6,24.8,54.1,0.0,0.0,0.0
2026-04-09 18:46:50,29.8,58.6,21.7,54.1,0.0,0.0,0.0
2026-04-09 18:46:55,29.9,58.6,21.3,54.1,0.0,0.0,0.0
2026-04-09 18:47:00,29.7,58.5,21.7,54.0,0.0,0.0,0.0
2026-04-09 18:47:05,29.8,58.4,15.9,54.0,0.0,0.0,0.0
2026-04-09 18:47:10,29.7,58.4,33.7,54.0,0.0,0.0,0.0
2026-04-09 18:47:15,29.7,58.5,0.0,54.0,0.0,0.0,0.0
2026-04-09 18:47:20,29.8,58.6,16.6,54.0,0.0,0.0,0.0
2026-04-09 18:47:25,29.8,58.5,23.3,54.1,0.0,0.0,0.0
2026-04-09 18:47:30,29.7,58.5,24.1,54.1,0.0,0.0,0.0
2026-04-09 18:47:35,29.8,58.5,19.7,54.0,0.0,0.0,0.0
2026-04-09 18:47:40,29.7,58.6,7.0,54.0,0.0,0.0,0.0
2026-04-09 18:47:45,29.9,58.5,14.0,54.0,0.0,0.0,0.0
2026-04-09 18:47:50,29.7,58.5,22.1,54.0,0.0,0.0,0.0
2026-04-09 18:47:55,29.5,58.5,32.3,54.0,0.0,0.0,0.0
2026-04-09 18:48:00,29.7,58.5,16.9,54.0,0.0,0.0,0.0
2026-04-09 18:48:05,29.7,58.6,10.4,54.0,0.0,0.0,0.0
2026-04-09 18:48:10,29.8,58.5,0.0,54.0,0.0,0.0,0.0
2026-04-09 18:48:15,29.7,58.5,12.4,54.0,0.0,0.0,0.0
2026-04-09 18:48:20,29.7,58.7,14.3,54.0,0.0,0.0,0.0
2026-04-09 18:48:25,29.6,58.6,7.6,54.0,0.0,0.0,0.0
2026-04-09 18:48:30,29.7,58.5,9.5,54.0,0.0,0.0,0.0
2026-04-09 18:48:35,29.7,58.5,34.3,54.0,0.0,0.0,0.0
2026-04-09 18:48:40,29.7,58.4,15.0,54.0,0.0,0.0,0.0
2026-04-09 18:48:45,29.7,58.4,17.6,54.0,0.0,0.0,0.0
2026-04-09 18:48:50,29.7,58.4,19.7,54.1,0.0,0.0,0.0
2026-04-09 18:48:55,29.7,58.5,32.5,54.1,0.0,0.0,0.0
2026-04-09 18:49:00,29.7,58.5,0.0,54.0,0.0,0.0,0.0
2026-04-09 18:49:05,29.7,58.5,20.5,54.0,0.0,0.0,0.0
2026-04-09 18:49:10,29.7,58.3,18.2,54.1,0.0,0.0,0.0
2026-04-09 18:49:15,29.6,58.4,27.4,54.1,0.0,0.0,0.0
2026-04-09 18:49:20,29.6,58.6,13.5,54.1,0.0,0.0,0.0
2026-04-09 18:49:25,29.6,58.6,0.0,54.1,0.0,0.0,0.0
2026-04-09 18:49:30,29.7,58.7,24.1,54.1,0.0,0.0,0.0
2026-04-09 18:49:35,29.7,58.7,24.4,54.1,0.0,0.0,0.0
2026-04-09 18:49:40,29.6,58.6,28.9,54.1,0.0,0.0,0.0
2026-04-09 18:49:45,29.8,58.8,16.8,54.0,0.0,0.0,0.0
2026-04-09 18:49:50,29.8,58.7,21.1,54.0,0.0,0.0,0.0
2026-04-09 18:49:55,29.6,58.8,9.3,54.0,0.0,0.0,0.0
2026-04-09 18:50:00,29.5,58.7,18.3,54.0,0.0,0.0,0.0
2026-04-09 18:50:05,29.6,58.7,28.8,54.0,0.0,0.0,0.0
2026-04-09 18:50:10,29.7,58.7,6.3,54.0,0.0,0.0,0.0
2026-04-09 18:50:15,29.7,58.8,11.8,54.0,0.0,0.0,0.0
2026-04-09 18:50:20,29.7,58.8,10.9,54.0,0.0,0.0,0.0
2026-04-09 18:50:25,29.7,58.9,4.9,54.0,0.0,0.0,0.0
2026-04-09 18:50:30,29.6,58.9,0.0,54.0,0.0,0.0,0.0
2026-04-09 18:50:35,29.7,59.0,11.8,54.0,0.0,0.0,0.0
2026-04-09 18:50:40,29.7,58.9,16.9,54.0,0.0,0.0,0.0
2026-04-09 18:50:45,29.7,59.0,23.0,54.0,0.0,0.0,0.0
2026-04-09 18:50:50,29.8,59.0,5.7,54.0,0.0,0.0,0.0
2026-04-09 18:50:55,29.6,58.9,18.8,54.1,0.0,0.0,0.0
2026-04-09 18:51:00,29.6,58.9,17.6,54.1,0.0,0.0,0.0
2026-04-09 18:51:05,29.6,58.9,10.0,54.1,0.0,0.0,0.0
2026-04-09 18:51:10,29.8,58.9,7.6,54.1,0.0,0.0,0.0
2026-04-09 18:51:15,29.6,58.8,17.0,54.0,0.0,0.0,0.0
2026-04-09 18:51:20,29.6,58.7,0.0,54.0,0.0,0.0,0.0
2026-04-09 18:51:25,29.7,58.7,14.3,54.0,0.0,0.0,0.0
2026-04-09 18:51:30,29.6,58.8,21.6,54.1,0.0,0.0,0.0
2026-04-09 18:51:35,29.7,58.8,25.3,54.1,0.0,0.0,0.0
2026-04-09 18:51:40,29.6,58.8,6.4,54.0,0.0,0.0,0.0
2026-04-09 18:51:45,29.6,58.8,13.9,54.0,0.0,0.0,0.0
2026-04-09 18:51:50,29.6,58.7,10.8,54.0,0.0,0.0,0.0
2026-04-09 18:51:55,29.6,58.7,19.6,54.0,0.0,0.0,0.0
2026-04-09 18:52:00,30.0,58.6,3.6,54.0,0.0,0.0,0.0
2026-04-09 18:52:05,29.7,58.6,4.8,54.0,0.0,0.0,0.0
2026-04-09 18:52:10,29.8,58.6,12.8,54.0,0.0,0.0,0.0
2026-04-09 18:52:15,29.7,58.6,16.9,54.0,0.0,0.0,0.0
2026-04-09 18:52:20,29.6,58.6,20.9,54.0,0.0,0.0,0.0
2026-04-09 18:52:25,29.8,58.4,0.0,54.1,0.0,0.0,0.0
2026-04-09 18:52:30,29.8,58.4,38.7,54.1,0.0,0.0,0.0
2026-04-09 18:52:35,29.7,58.5,21.5,54.0,0.0,0.0,0.0
2026-04-09 18:52:40,29.7,58.5,0.0,54.0,0.0,0.0,0.0
2026-04-09 18:52:45,29.7,58.6,17.3,54.0,0.0,0.0,0.0
2026-04-09 18:52:50,29.9,58.6,27.0,54.0,0.0,0.0,0.0
2026-04-09 18:52:55,29.7,58.5,3.5,54.0,0.0,0.0,0.0
2026-04-09 18:53:00,29.6,58.5,28.1,54.0,0.0,0.0,0.0
2026-04-09 18:53:05,29.7,58.5,6.0,54.0,0.0,0.0,0.0
2026-04-09 18:53:10,29.7,58.5,21.3,54.0,0.0,0.0,0.0
2026-04-09 18:53:15,30.0,58.5,20.7,54.0,0.0,0.0,0.0
2026-04-09 18:53:20,29.8,58.5,0.0,54.0,0.0,0.0,0.0
2026-04-09 18:53:25,29.7,58.6,19.3,54.0,0.0,0.0,0.0
2026-04-09 18:53:30,29.8,58.5,18.9,54.0,0.0,0.0,0.0
2026-04-09 18:53:35,29.8,58.5,0.6,54.0,0.0,0.0,0.0
2026-04-09 18:53:40,29.9,58.4,4.6,54.0,0.0,0.0,0.0
2026-04-09 18:53:45,29.7,58.5,3.8,54.0,0.0,0.0,0.0
2026-04-09 18:53:50,29.7,58.3,23.9,54.0,0.0,0.0,0.0
2026-04-09 18:53:55,29.7,58.4,12.2,54.0,0.0,0.0,0.0
2026-04-09 18:54:00,29.8,58.3,9.8,54.0,0.0,0.0,0.0
2026-04-09 18:54:05,29.8,58.3,0.0,54.0,0.0,0.0,0.0
2026-04-09 18:54:10,29.8,58.5,21.8,54.0,0.0,0.0,0.0
2026-04-09 18:54:15,29.8,58.6,22.3,54.0,0.0,0.0,0.0
2026-04-09 18:54:20,29.8,58.5,23.1,54.0,0.0,0.0,0.0
2026-04-09 18:54:25,29.8,58.5,15.6,54.0,0.0,0.0,0.0
2026-04-09 18:54:30,29.8,58.7,26.8,54.0,0.0,0.0,0.0
2026-04-09 18:54:35,29.8,58.7,28.3,54.0,0.0,0.0,0.0
2026-04-09 18:54:40,29.8,58.6,23.0,54.0,0.0,0.0,0.0
2026-04-09 18:54:45,29.8,58.6,18.9,54.0,0.0,0.0,0.0
2026-04-09 18:54:50,29.7,58.6,13.9,54.0,0.0,0.0,0.0
2026-04-09 18:54:55,29.8,58.6,21.5,54.0,0.0,0.0,0.0
2026-04-09 18:55:00,29.9,58.7,21.2,54.0,0.0,0.0,0.0
2026-04-09 18:55:05,29.7,58.8,0.3,54.0,0.0,0.0,0.0
2026-04-09 18:55:10,29.8,58.8,7.3,54.0,0.0,0.0,0.0
2026-04-09 18:55:15,29.8,58.8,18.5,54.0,0.0,0.0,0.0
2026-04-09 18:55:20,29.8,58.8,9.6,54.0,0.0,0.0,0.0
2026-04-09 18:55:25,29.7,58.8,14.4,54.0,0.0,0.0,0.0
2026-04-09 18:55:30,29.9,58.9,25.9,54.0,0.0,0.0,0.0
2026-04-09 18:55:35,29.7,58.8,10.2,54.0,0.0,0.0,0.0
2026-04-09 18:55:40,29.7,58.9,9.1,54.0,0.0,0.0,0.0
2026-04-09 18:55:45,29.8,58.9,15.2,54.0,0.0,0.0,0.0
2026-04-09 18:55:50,29.7,58.8,17.6,54.0,0.0,0.0,0.0
2026-04-09 18:55:55,29.8,58.8,13.3,54.0,0.0,0.0,0.0
2026-04-09 18:56:00,29.8,58.7,19.7,54.0,0.0,0.0,0.0
2026-04-09 18:56:05,29.9,58.5,11.5,54.0,0.0,0.0,0.0
2026-04-09 18:56:10,29.9,58.5,18.2,54.0,0.0,0.0,0.0
2026-04-09 18:56:15,29.9,58.5,19.3,54.0,0.0,0.0,0.0
2026-04-09 18:56:20,29.8,58.5,27.9,54.0,0.0,0.0,0.0
2026-04-09 18:56:25,29.8,58.5,9.7,54.0,0.0,0.0,0.0
2026-04-09 18:56:30,29.7,58.4,11.1,54.0,0.0,0.0,0.0
2026-04-09 18:56:35,29.7,58.5,19.8,54.0,0.0,0.0,0.0
2026-04-09 18:56:40,29.8,58.5,24.9,54.0,0.0,0.0,0.0
2026-04-09 18:56:45,29.8,58.4,27.1,54.0,0.0,0.0,0.0
2026-04-09 18:56:50,29.8,58.2,10.8,54.1,0.0,0.0,0.0
2026-04-09 18:56:55,29.9,58.2,29.1,54.1,0.0,0.0,0.0
2026-04-09 18:57:00,29.7,58.1,0.0,54.1,0.0,0.0,0.0
2026-04-09 18:57:05,29.7,58.0,12.6,54.0,0.0,0.0,0.0
2026-04-09 18:57:10,30.0,58.0,10.7,54.0,0.0,0.0,0.0
2026-04-09 18:57:15,29.7,58.0,20.3,54.0,0.0,0.0,0.0
2026-04-09 18:57:20,29.8,58.1,20.4,54.0,0.0,0.0,0.0
2026-04-09 18:57:25,29.8,58.3,16.1,54.0,0.0,0.0,0.0
2026-04-09 18:57:30,29.7,58.1,13.1,54.0,0.0,0.0,0.0
2026-04-09 18:57:35,29.9,58.1,10.9,54.0,0.0,0.0,0.0
2026-04-09 18:57:40,29.9,58.0,21.7,54.0,0.0,0.0,0.0
2026-04-09 18:57:45,29.8,57.9,28.7,54.0,0.0,0.0,0.0
2026-04-09 18:57:50,29.8,57.8,16.9,54.0,0.0,0.0,0.0
2026-04-09 18:57:55,29.8,57.9,19.9,54.0,0.0,0.0,0.0
2026-04-09 18:58:00,29.9,58.1,17.2,54.0,0.0,0.0,0.0
2026-04-09 18:58:05,29.8,58.1,10.2,54.0,0.0,0.0,0.0
2026-04-09 18:58:10,29.8,58.1,3.0,54.0,0.0,0.0,0.0
2026-04-09 18:58:15,29.8,58.1,11.3,54.0,0.0,0.0,0.0
2026-04-09 18:58:20,29.9,58.0,6.8,54.0,0.0,0.0,0.0
2026-04-09 18:58:25,29.6,57.9,19.9,54.0,0.0,0.0,0.0
2026-04-09 18:58:30,29.8,57.8,16.2,53.9,0.0,0.0,0.0
2026-04-09 18:58:35,30.0,57.7,17.0,53.9,0.0,0.0,0.0
2026-04-09 18:58:40,29.8,57.8,10.8,54.0,0.0,0.0,0.0
2026-04-09 18:58:45,29.8,57.8,23.4,54.0,0.0,0.0,0.0
2026-04-09 18:58:50,29.8,57.7,15.8,54.0,0.0,0.0,0.0
2026-04-09 18:58:55,29.8,57.7,29.0,54.0,0.0,0.0,0.0
2026-04-09 18:59:00,29.8,57.6,21.8,54.0,0.0,0.0,0.0
2026-04-09 18:59:05,29.7,57.7,15.4,54.0,0.0,0.0,0.0
2026-04-09 18:59:10,29.9,57.8,4.5,54.0,0.0,0.0,0.0
2026-04-09 18:59:15,29.9,58.1,10.8,54.0,0.0,0.0,0.0
2026-04-09 18:59:20,29.7,58.1,10.0,54.0,0.0,0.0,0.0
2026-04-09 18:59:25,29.8,58.3,2.0,54.0,0.0,0.0,0.0
2026-04-09 18:59:30,29.8,58.3,26.0,54.0,0.0,0.0,0.0
2026-04-09 18:59:35,29.9,58.2,2.6,54.0,0.0,0.0,0.0
2026-04-09 18:59:40,29.8,58.4,13.6,54.0,0.0,0.0,0.0
2026-04-09 18:59:45,29.8,58.5,10.0,54.0,0.0,0.0,0.0
2026-04-09 18:59:50,29.8,58.6,12.4,54.0,0.0,0.0,0.0
2026-04-09 18:59:55,29.8,58.5,10.8,54.0,0.0,0.0,0.0
2026-04-09 19:00:00,29.8,58.5,10.1,54.0,0.0,0.0,0.0
2026-04-09 19:00:05,29.7,58.6,14.7,54.0,0.0,0.0,0.0
2026-04-09 19:00:10,29.9,58.6,16.4,54.0,0.0,0.0,0.0
2026-04-09 19:00:15,29.8,58.7,19.6,54.0,0.0,0.0,0.0
2026-04-09 19:00:20,29.8,58.7,8.7,54.0,0.0,0.0,0.0
2026-04-09 19:00:25,29.7,58.7,29.9,54.0,0.0,0.0,0.0
2026-04-09 19:00:30,29.8,58.7,18.4,54.0,0.0,0.0,0.0
2026-04-09 19:00:35,29.8,58.8,20.1,54.0,0.0,0.0,0.0
2026-04-09 19:00:40,29.8,58.8,7.2,54.0,0.0,0.0,0.0
2026-04-09 19:00:45,29.9,58.7,19.4,54.0,0.0,0.0,0.0
2026-04-09 19:00:50,29.8,58.6,27.4,54.0,0.0,0.0,0.0
2026-04-09 19:00:55,29.8,58.6,12.5,54.0,0.0,0.0,0.0
2026-04-09 19:01:00,29.9,58.6,1.9,54.0,0.0,0.0,0.0
2026-04-09 19:01:05,29.8,58.7,6.3,54.0,0.0,0.0,0.0
2026-04-09 19:01:10,29.7,58.7,10.0,54.0,0.0,0.0,0.0
2026-04-09 19:01:15,29.7,58.6,24.9,54.0,0.0,0.0,0.0
2026-04-09 19:01:20,29.7,58.6,10.2,54.0,0.0,0.0,0.0
2026-04-09 19:01:25,29.9,58.7,20.8,54.0,0.0,0.0,0.0
2026-04-09 19:01:30,29.8,58.7,6.5,54.0,0.0,0.0,0.0
2026-04-09 19:01:35,29.6,58.6,10.5,54.0,0.0,0.0,0.0
2026-04-09 19:01:40,29.8,58.7,22.5,54.0,0.0,0.0,0.0
2026-04-09 19:01:45,29.9,58.7,13.7,54.0,0.0,0.0,0.0
2026-04-09 19:01:50,29.7,58.6,10.9,53.9,0.0,0.0,0.0
2026-04-09 19:01:55,29.8,58.6,1.9,53.9,0.0,0.0,0.0
2026-04-09 19:02:00,29.7,58.6,16.6,54.0,0.0,0.0,0.0
2026-04-09 19:02:05,29.7,58.6,23.1,54.0,0.0,0.0,0.0
2026-04-09 19:02:10,29.8,58.4,24.7,54.0,0.0,0.0,0.0
2026-04-09 19:02:15,29.9,58.3,11.3,54.0,0.0,0.0,0.0
2026-04-09 19:02:20,29.7,58.3,0.0,54.0,0.0,0.0,0.0
2026-04-09 19:02:25,29.8,58.3,19.2,54.0,0.0,0.0,0.0
2026-04-09 19:02:30,29.6,58.3,4.4,54.0,0.0,0.0,0.0
2026-04-09 19:02:35,29.7,58.3,14.9,54.0,0.0,0.0,0.0
2026-04-09 19:02:40,29.9,58.3,5.8,54.0,0.0,0.0,0.0
2026-04-09 19:02:45,29.7,58.3,10.7,54.0,0.0,0.0,0.0
2026-04-09 19:02:50,29.8,58.4,1.5,54.0,0.0,0.0,0.0
2026-04-09 19:02:55,29.7,58.5,15.0,54.0,0.0,0.0,0.0
2026-04-09 19:03:00,29.6,58.5,24.6,54.0,0.0,0.0,0.0
2026-04-09 19:03:05,29.7,58.5,5.8,54.0,0.0,0.0,0.0
2026-04-09 19:03:10,29.7,58.6,30.5,54.0,0.0,0.0,0.0
2026-04-09 19:03:15,29.9,58.6,6.4,54.0,0.0,0.0,0.0
2026-04-09 19:03:20,29.7,58.6,25.1,54.0,0.0,0.0,0.0
2026-04-09 19:03:25,29.9,58.7,16.3,54.0,0.0,0.0,0.0
2026-04-09 19:03:30,29.8,58.6,35.0,54.0,0.0,0.0,0.0
2026-04-09 19:03:35,29.8,58.6,0.0,54.0,0.0,0.0,0.0
2026-04-09 19:03:40,29.8,58.6,19.3,54.0,0.0,0.0,0.0
2026-04-09 19:03:45,29.6,58.6,12.2,54.0,0.0,0.0,0.0
2026-04-09 19:03:50,29.9,58.6,13.8,54.0,0.0,0.0,0.0
2026-04-09 19:03:55,29.7,58.5,10.3,54.0,0.0,0.0,0.0
2026-04-09 19:04:00,29.7,58.5,35.7,54.0,0.0,0.0,0.0
2026-04-09 19:04:05,29.8,58.6,25.8,54.0,0.0,0.0,0.0
2026-04-09 19:04:10,29.7,58.6,33.6,54.0,0.0,0.0,0.0
2026-04-09 19:04:15,29.7,58.7,5.4,54.0,0.0,0.0,0.0
2026-04-09 19:04:20,29.8,58.8,14.0,54.0,0.0,0.0,0.0
2026-04-09 19:04:25,29.8,58.8,3.7,54.0,0.0,0.0,0.0
2026-04-09 19:04:30,29.8,58.8,26.9,54.0,0.0,0.0,0.0
2026-04-09 19:04:35,29.8,58.8,18.5,54.0,0.0,0.0,0.0
2026-04-09 19:04:40,29.9,58.7,18.3,54.0,0.0,0.0,0.0
2026-04-09 19:04:45,29.7,58.6,15.7,54.0,0.0,0.0,0.0
2026-04-09 19:04:50,29.8,58.6,19.6,54.0,0.0,0.0,0.0
2026-04-09 19:04:55,29.9,58.4,9.9,54.0,0.0,0.0,0.0
2026-04-09 19:05:00,30.0,58.4,11.5,54.0,0.0,0.0,0.0
2026-04-09 19:05:05,29.9,58.3,16.7,54.0,0.0,0.0,0.0
2026-04-09 19:05:10,29.8,58.2,8.8,54.0,0.0,0.0,0.0
2026-04-09 19:05:15,29.8,58.3,8.6,54.0,0.0,0.0,0.0
2026-04-09 19:05:20,29.7,58.4,12.1,54.0,0.0,0.0,0.0
2026-04-09 19:05:25,29.9,58.4,30.4,54.0,0.0,0.0,0.0
2026-04-09 19:05:30,29.7,58.4,20.5,54.0,0.0,0.0,0.0
2026-04-09 19:05:35,29.8,58.4,1.1,54.0,0.0,0.0,0.0
2026-04-09 19:05:40,29.8,58.4,20.0,54.0,0.0,0.0,0.0
2026-04-09 19:05:45,29.7,58.5,7.3,54.0,0.0,0.0,0.0
2026-04-09 19:05:50,29.8,58.4,6.3,54.0,0.0,0.0,0.0
2026-04-09 19:05:55,29.8,58.4,13.4,54.0,0.0,0.0,0.0
2026-04-09 19:06:00,29.9,58.4,11.7,54.0,0.0,0.0,0.0
2026-04-09 19:06:05,29.7,58.4,1.9,54.0,0.0,0.0,0.0
2026-04-09 19:06:10,29.9,58.6,10.1,54.0,0.0,0.0,0.0
2026-04-09 19:06:15,29.7,58.6,21.2,54.0,0.0,0.0,0.0
2026-04-09 19:06:20,29.8,58.6,4.9,54.0,0.0,0.0,0.0
2026-04-09 19:06:25,29.9,58.5,12.9,54.0,0.0,0.0,0.0
2026-04-09 19:06:30,29.9,58.6,13.4,54.0,0.0,0.0,0.0
2026-04-09 19:06:35,29.8,58.6,6.6,54.0,0.0,0.0,0.0
2026-04-09 19:06:40,29.9,58.7,0.0,54.0,0.0,0.0,0.0
2026-04-09 19:06:45,29.8,58.7,26.3,54.0,0.0,0.0,0.0
2026-04-09 19:06:50,29.8,58.8,8.2,54.0,0.0,0.0,0.0
2026-04-09 19:06:55,29.9,58.7,36.1,54.0,0.0,0.0,0.0
2026-04-09 19:07:00,29.8,58.6,8.2,54.0,0.0,0.0,0.0
2026-04-09 19:07:05,29.7,58.6,11.0,54.0,0.0,0.0,0.0
2026-04-09 19:07:10,29.8,58.5,10.9,54.0,0.0,0.0,0.0
2026-04-09 19:07:15,29.8,58.5,13.1,54.0,0.0,0.0,0.0
2026-04-09 19:07:20,29.9,58.4,8.0,54.0,0.0,0.0,0.0
2026-04-09 19:07:25,29.9,58.5,21.9,53.9,0.0,0.0,0.0
2026-04-09 19:07:30,29.8,58.4,6.5,53.9,0.0,0.0,0.0
2026-04-09 19:07:35,29.7,58.5,35.1,54.0,0.0,0.0,0.0
2026-04-09 19:07:40,29.9,58.5,0.0,54.0,0.0,0.0,0.0
2026-04-09 19:07:45,29.9,58.5,26.2,54.0,0.0,0.0,0.0
2026-04-09 19:07:50,29.7,58.5,11.5,54.0,0.0,0.0,0.0
2026-04-09 19:07:55,29.8,58.4,34.2,54.0,0.0,0.0,0.0
2026-04-09 19:08:00,30.0,58.5,3.8,54.0,0.0,0.0,0.0
2026-04-09 19:08:05,29.9,58.6,24.0,54.0,0.0,0.0,0.0
2026-04-09 19:08:10,29.8,58.7,1.2,54.0,0.0,0.0,0.0
2026-04-09 19:08:15,29.8,58.6,15.1,54.0,0.0,0.0,0.0
2026-04-09 19:08:20,30.0,58.7,3.8,54.0,0.0,0.0,0.0
2026-04-09 19:08:25,29.9,58.9,7.6,54.0,0.0,0.0,0.0
2026-04-09 19:08:30,29.8,58.9,11.5,54.0,0.0,0.0,0.0
2026-04-09 19:08:35,29.9,58.8,23.1,54.0,0.0,0.0,0.0
2026-04-09 19:08:40,29.7,58.8,5.4,54.0,0.0,0.0,0.0
2026-04-09 19:08:45,29.9,58.6,15.4,54.0,0.0,0.0,0.0
2026-04-09 19:08:50,29.8,58.7,23.1,54.0,0.0,0.0,0.0
2026-04-09 19:08:55,29.7,58.8,0.0,54.0,0.0,0.0,0.0
2026-04-09 19:09:00,29.9,58.8,27.5,54.0,0.0,0.0,0.0
2026-04-09 19:09:05,29.8,58.8,15.9,54.0,0.0,0.0,0.0
2026-04-09 19:09:10,29.9,58.8,13.7,54.0,0.0,0.0,0.0
2026-04-09 19:09:15,29.9,58.7,35.0,54.0,0.0,0.0,0.0
2026-04-09 19:09:20,29.8,58.6,28.5,54.0,0.0,0.0,0.0
2026-04-09 19:09:25,29.7,58.9,22.4,54.0,0.0,0.0,0.0
2026-04-09 19:09:30,29.8,58.7,2.0,54.0,0.0,0.0,0.0
2026-04-09 19:09:35,29.8,58.7,25.9,54.0,0.0,0.0,0.0
2026-04-09 19:09:40,29.9,58.7,6.4,54.0,0.0,0.0,0.0
2026-04-09 19:09:45,29.8,58.7,22.4,54.0,0.0,0.0,0.0
2026-04-09 19:09:50,29.9,58.7,26.8,54.0,0.0,0.0,0.0
2026-04-09 19:09:55,29.9,58.6,13.0,54.0,0.0,0.0,0.0
2026-04-09 19:10:00,29.7,58.6,20.8,54.0,0.0,0.0,0.0
2026-04-09 19:10:05,29.8,58.6,6.0,54.0,0.0,0.0,0.0
2026-04-09 19:10:10,29.9,58.5,24.2,54.0,0.0,0.0,0.0
2026-04-09 19:10:15,29.9,58.6,23.8,54.0,0.0,0.0,0.0
2026-04-09 19:10:20,29.8,58.7,0.0,54.0,0.0,0.0,0.0
2026-04-09 19:10:25,29.8,58.6,25.7,54.0,0.0,0.0,0.0
2026-04-09 19:10:30,29.8,58.6,15.4,54.0,0.0,0.0,0.0
2026-04-09 19:10:35,29.8,58.5,9.6,54.0,0.0,0.0,0.0
2026-04-09 19:10:40,29.8,58.5,0.3,54.0,0.0,0.0,0.0
2026-04-09 19:10:45,29.9,58.3,17.9,54.0,0.0,0.0,0.0
2026-04-09 19:10:50,29.8,58.3,24.2,54.0,0.0,0.0,0.0
2026-04-09 19:10:55,29.8,58.3,7.5,54.0,0.0,0.0,0.0
2026-04-09 19:11:00,29.9,58.4,2.6,54.0,0.0,0.0,0.0
2026-04-09 19:11:05,29.7,58.5,11.2,54.0,0.0,0.0,0.0
2026-04-09 19:11:10,29.9,58.6,0.0,53.9,0.0,0.0,0.0
2026-04-09 19:11:15,29.9,58.6,18.0,53.9,0.0,0.0,0.0
2026-04-09 19:11:20,30.0,58.5,10.5,53.9,0.0,0.0,0.0
2026-04-09 19:11:25,29.7,58.4,24.0,53.9,0.0,0.0,0.0
2026-04-09 19:11:30,29.9,58.4,19.1,53.9,0.0,0.0,0.0
2026-04-09 19:11:35,29.8,58.4,4.5,53.9,0.0,0.0,0.0
2026-04-09 19:11:40,29.8,58.4,28.0,54.0,0.0,0.0,0.0
2026-04-09 19:11:45,29.8,58.3,14.0,54.0,0.0,0.0,0.0
2026-04-09 19:11:50,29.9,58.4,20.0,54.0,0.0,0.0,0.0
2026-04-09 19:11:55,29.7,58.4,0.0,53.9,0.0,0.0,0.0
2026-04-09 19:12:00,29.9,58.4,18.9,53.9,0.0,0.0,0.0
2026-04-09 19:12:05,29.8,58.4,12.7,53.9,0.0,0.0,0.0
2026-04-09 19:12:10,29.8,58.3,36.1,53.9,0.0,0.0,0.0
2026-04-09 19:12:15,29.7,58.4,2.6,53.9,0.0,0.0,0.0
2026-04-09 19:12:20,29.8,58.4,3.5,53.9,0.0,0.0,0.0
2026-04-09 19:12:25,29.9,58.5,13.9,53.9,0.0,0.0,0.0
2026-04-09 19:12:30,29.9,58.5,19.4,53.9,0.0,0.0,0.0
2026-04-09 19:12:35,29.8,58.5,13.5,53.9,0.0,0.0,0.0
2026-04-09 19:12:40,29.8,58.4,2.0,53.9,0.0,0.0,0.0
2026-04-09 19:12:45,29.8,58.6,6.0,54.0,0.0,0.0,0.0
2026-04-09 19:12:50,29.9,58.6,11.4,54.0,0.0,0.0,0.0
2026-04-09 19:12:55,29.7,58.8,11.8,54.0,0.0,0.0,0.0
2026-04-09 19:13:00,29.6,58.7,4.6,54.0,0.0,0.0,0.0
2026-04-09 19:13:05,29.7,58.7,11.6,54.0,0.0,0.0,0.0
2026-04-09 19:13:10,29.8,58.6,27.3,54.0,0.0,0.0,0.0
2026-04-09 19:13:15,29.8,58.4,5.7,54.0,0.0,0.0,0.0
2026-04-09 19:13:20,29.9,58.4,9.3,54.0,0.0,0.0,0.0
2026-04-09 19:13:25,29.8,58.4,19.3,54.0,0.0,0.0,0.0
2026-04-09 19:13:30,29.8,58.4,19.1,54.0,0.0,0.0,0.0
2026-04-09 19:13:35,29.8,58.2,18.5,54.0,0.0,0.0,0.0
2026-04-09 19:13:40,29.8,58.3,27.0,54.0,0.0,0.0,0.0
2026-04-09 19:13:45,29.9,58.2,31.5,53.9,0.0,0.0,0.0
2026-04-09 19:13:50,29.9,58.1,27.8,53.9,0.0,0.0,0.0
2026-04-09 19:13:55,29.8,58.0,21.5,53.9,0.0,0.0,0.0
2026-04-09 19:14:00,29.8,58.0,19.4,54.0,0.0,0.0,0.0
2026-04-09 19:14:05,29.8,58.0,7.4,54.0,0.0,0.0,0.0
2026-04-09 19:14:10,29.9,57.8,2.2,53.9,0.0,0.0,0.0
2026-04-09 19:14:15,29.8,57.9,23.4,53.9,0.0,0.0,0.0
2026-04-09 19:14:20,29.8,57.8,10.6,54.0,0.0,0.0,0.0
2026-04-09 19:14:25,29.9,57.8,11.8,54.0,0.0,0.0,0.0
2026-04-09 19:14:30,29.7,57.9,10.5,54.0,0.0,0.0,0.0
2026-04-09 19:14:35,29.9,57.9,21.8,54.0,0.0,0.0,0.0
2026-04-09 19:14:40,29.9,57.8,9.9,54.0,0.0,0.0,0.0
2026-04-09 19:14:45,29.9,57.9,18.7,54.0,0.0,0.0,0.0
2026-04-09 19:14:50,29.8,57.9,6.5,54.0,0.0,0.0,0.0
2026-04-09 19:14:55,29.7,57.8,5.0,54.0,0.0,0.0,0.0
2026-04-09 19:15:00,29.7,57.8,23.3,54.0,0.0,0.0,0.0
2026-04-09 19:15:05,29.8,57.9,6.0,54.0,0.0,0.0,0.0
2026-04-09 19:15:10,29.9,58.0,0.0,54.0,0.0,0.0,0.0
2026-04-09 19:15:15,29.9,58.0,16.1,54.0,0.0,0.0,0.0
2026-04-09 19:15:20,29.8,58.0,14.1,54.0,0.0,0.0,0.0
2026-04-09 19:15:25,29.8,57.9,17.1,54.0,0.0,0.0,0.0
2026-04-09 19:15:30,29.8,57.9,19.6,54.0,0.0,0.0,0.0
2026-04-09 19:15:35,29.8,57.8,7.9,54.0,0.0,0.0,0.0
2026-04-09 19:15:40,29.7,57.8,11.8,54.0,0.0,0.0,0.0
2026-04-09 19:15:45,29.9,57.8,14.2,53.9,0.0,0.0,0.0
2026-04-09 19:15:50,29.9,57.7,14.8,53.9,0.0,0.0,0.0
2026-04-09 19:15:55,29.7,57.7,0.0,54.0,0.0,0.0,0.0
2026-04-09 19:16:00,29.9,57.6,10.5,54.0,0.0,0.0,0.0
2026-04-09 19:16:05,29.7,57.6,4.1,54.0,0.0,0.0,0.0
2026-04-09 19:16:10,29.8,57.5,32.5,54.0,0.0,0.0,0.0
2026-04-09 19:16:15,29.7,57.6,5.0,54.0,0.0,0.0,0.0
2026-04-09 19:16:20,29.9,57.5,8.7,54.0,0.0,0.0,0.0
2026-04-09 19:16:25,29.7,57.5,14.6,54.0,0.0,0.0,0.0
2026-04-09 19:16:30,29.9,57.5,0.0,54.0,0.0,0.0,0.0
2026-04-09 19:16:35,29.8,57.6,17.5,54.0,0.0,0.0,0.0
2026-04-09 19:16:40,29.8,57.6,29.2,54.0,0.0,0.0,0.0
2026-04-09 19:16:45,29.9,57.8,11.6,54.0,0.0,0.0,0.0
2026-04-09 19:16:50,29.8,57.6,18.9,54.0,0.0,0.0,0.0
2026-04-09 19:16:55,29.9,57.7,25.9,54.0,0.0,0.0,0.0
2026-04-09 19:17:00,29.9,57.8,26.2,54.0,0.0,0.0,0.0
2026-04-09 19:17:05,29.8,57.8,15.3,54.0,0.0,0.0,0.0
2026-04-09 19:17:10,29.8,57.8,21.1,54.0,0.0,0.0,0.0
2026-04-09 19:17:15,29.9,57.7,17.2,53.9,0.0,0.0,0.0
2026-04-09 19:17:20,29.7,57.7,28.9,53.9,0.0,0.0,0.0
2026-04-09 19:17:25,29.8,57.7,27.4,53.9,0.0,0.0,0.0
2026-04-09 19:17:30,29.9,57.8,41.7,53.9,0.0,0.0,0.0
2026-04-09 19:17:35,29.9,57.8,15.0,53.9,0.0,0.0,0.0
2026-04-09 19:17:40,29.9,58.0,9.6,54.0,0.0,0.0,0.0
2026-04-09 19:17:45,29.8,58.0,10.8,54.0,0.0,0.0,0.0
2026-04-09 19:17:50,30.0,58.0,9.1,54.0,0.0,0.0,0.0
2026-04-09 19:17:55,30.0,58.0,1.0,54.0,0.0,0.0,0.0
2026-04-09 19:18:00,30.0,58.2,6.9,54.0,0.0,0.0,0.0
2026-04-09 19:18:05,29.8,58.3,18.7,54.0,0.0,0.0,0.0
2026-04-09 19:18:10,29.9,58.3,14.4,54.0,0.0,0.0,0.0
2026-04-09 19:18:15,29.9,58.4,3.9,54.0,0.0,0.0,0.0
2026-04-09 19:18:20,29.9,58.4,6.5,54.0,0.0,0.0,0.0
2026-04-09 19:18:25,29.9,58.5,26.0,54.0,0.0,0.0,0.0
2026-04-09 19:18:30,29.9,58.6,23.6,54.0,0.0,0.0,0.0
2026-04-09 19:18:35,29.9,58.5,22.0,54.0,0.0,0.0,0.0
2026-04-09 19:18:40,29.9,58.6,9.0,54.0,0.0,0.0,0.0
2026-04-09 19:18:45,29.7,58.6,10.6,54.0,0.0,0.0,0.0
2026-04-09 19:18:50,29.9,58.6,16.3,54.0,0.0,0.0,0.0
2026-04-09 19:18:55,29.8,58.5,0.0,54.0,0.0,0.0,0.0
2026-04-09 19:19:00,29.9,58.4,10.6,54.0,0.0,0.0,0.0
2026-04-09 19:19:05,29.9,58.3,35.1,54.0,0.0,0.0,0.0
2026-04-09 19:19:10,30.0,58.4,18.3,54.0,0.0,0.0,0.0
2026-04-09 19:19:15,30.0,58.5,11.7,53.9,0.0,0.0,0.0
2026-04-09 19:19:20,29.9,58.7,16.6,53.9,0.0,0.0,0.0
2026-04-09 19:19:25,29.8,58.6,0.0,53.9,0.0,0.0,0.0
2026-04-09 19:19:30,30.0,58.6,20.7,53.9,0.0,0.0,0.0
2026-04-09 19:19:35,29.8,58.6,7.7,53.9,0.0,0.0,0.0
2026-04-09 19:19:40,29.9,58.6,8.1,53.9,0.0,0.0,0.0
2026-04-09 19:19:45,29.9,58.6,13.6,53.9,0.0,0.0,0.0
2026-04-09 19:19:50,29.9,58.6,11.5,53.9,0.0,0.0,0.0
2026-04-09 19:19:55,30.1,58.7,11.3,53.9,0.0,0.0,0.0
2026-04-09 19:20:00,30.0,58.7,7.3,53.9,0.0,0.0,0.0
2026-04-09 19:20:05,29.9,58.8,1.0,53.9,0.0,0.0,0.0
2026-04-09 19:20:10,29.9,58.7,12.5,53.9,0.0,0.0,0.0
2026-04-09 19:20:15,30.0,58.6,17.4,53.9,0.0,0.0,0.0
2026-04-09 19:20:20,29.8,58.6,17.7,53.9,0.0,0.0,0.0
2026-04-09 19:20:25,29.9,58.6,22.2,53.9,0.0,0.0,0.0
2026-04-09 19:20:30,29.9,58.5,23.7,53.9,0.0,0.0,0.0
2026-04-09 19:20:35,30.1,58.5,12.5,53.9,0.0,0.0,0.0
2026-04-09 19:20:40,29.9,58.5,9.8,53.9,0.0,0.0,0.0
2026-04-09 19:20:45,29.9,58.5,17.6,53.9,0.0,0.0,0.0
2026-04-09 19:20:50,29.9,58.5,25.2,53.9,0.0,0.0,0.0
2026-04-09 19:20:55,29.9,58.4,21.6,53.9,0.0,0.0,0.0
2026-04-09 19:21:00,30.0,58.3,8.7,53.9,0.0,0.0,0.0
2026-04-09 19:21:05,30.0,58.2,8.4,53.9,0.0,0.0,0.0
2026-04-09 19:21:10,29.9,58.1,18.5,53.9,0.0,0.0,0.0
2026-04-09 19:21:15,30.0,58.3,19.5,53.9,0.0,0.0,0.0
2026-04-09 19:21:20,29.9,58.4,29.3,53.9,0.0,0.0,0.0
2026-04-09 19:21:25,29.9,58.5,1.5,53.9,0.0,0.0,0.0
2026-04-09 19:21:30,29.9,58.5,0.0,53.9,0.0,0.0,0.0
2026-04-09 19:21:35,29.9,58.4,11.6,53.9,0.0,0.0,0.0
2026-04-09 19:21:40,30.0,58.3,6.9,53.9,0.0,0.0,0.0
2026-04-09 19:21:45,29.9,58.3,8.3,53.9,0.0,0.0,0.0
2026-04-09 19:21:50,29.8,58.4,12.0,53.9,0.0,0.0,0.0
2026-04-09 19:21:55,30.0,58.5,8.5,53.9,0.0,0.0,0.0
2026-04-09 19:22:00,30.0,58.5,14.1,53.9,0.0,0.0,0.0
2026-04-09 19:22:05,29.9,58.4,15.6,53.9,0.0,0.0,0.0
2026-04-09 19:22:10,30.0,58.4,15.2,53.9,0.0,0.0,0.0
2026-04-09 19:22:15,29.8,58.5,12.6,53.9,0.0,0.0,0.0
2026-04-09 19:22:20,29.9,58.4,24.9,53.9,0.0,0.0,0.0
2026-04-09 19:22:25,30.0,58.3,14.5,53.9,0.0,0.0,0.0
2026-04-09 19:22:30,29.8,58.4,10.5,54.0,0.0,0.0,0.0
2026-04-09 19:22:35,29.9,58.2,16.4,54.0,0.0,0.0,0.0
2026-04-09 19:22:40,29.8,58.1,7.8,54.0,0.0,0.0,0.0
2026-04-09 19:22:45,29.9,58.2,6.5,54.0,0.0,0.0,0.0
2026-04-09 19:22:50,30.0,58.2,19.6,53.9,0.0,0.0,0.0
2026-04-09 19:22:55,29.9,58.0,22.5,53.9,0.0,0.0,0.0
2026-04-09 19:23:00,30.0,57.9,2.4,53.9,0.0,0.0,0.0
2026-04-09 19:23:05,29.9,58.1,11.8,53.9,0.0,0.0,0.0
2026-04-09 19:23:10,30.0,58.0,0.0,53.9,0.0,0.0,0.0
2026-04-09 19:23:15,29.8,58.0,18.8,53.9,0.0,0.0,0.0
2026-04-09 19:23:20,29.9,57.8,15.5,53.9,0.0,0.0,0.0
2026-04-09 19:23:25,29.9,57.9,39.6,53.9,0.0,0.0,0.0
2026-04-09 19:23:30,29.9,58.0,7.7,53.9,0.0,0.0,0.0
2026-04-09 19:23:35,29.9,58.0,2.4,53.9,0.0,0.0,0.0
2026-04-09 19:23:40,29.9,58.2,22.5,53.9,0.0,0.0,0.0
2026-04-09 19:23:45,29.9,58.3,12.3,53.9,0.0,0.0,0.0
2026-04-09 19:23:50,30.0,58.3,1.2,53.9,0.0,0.0,0.0
2026-04-09 19:23:55,29.8,58.1,19.7,53.9,0.0,0.0,0.0
2026-04-09 19:24:00,30.0,58.2,38.3,53.9,0.0,0.0,0.0
2026-04-09 19:24:05,30.0,58.2,21.9,53.9,0.0,0.0,0.0
2026-04-09 19:24:10,29.9,58.2,8.9,53.9,0.0,0.0,0.0
2026-04-09 19:24:15,30.0,58.2,7.8,53.9,0.0,0.0,0.0
2026-04-09 19:24:20,29.9,58.2,9.2,53.9,0.0,0.0,0.0
2026-04-09 19:24:25,29.8,58.5,22.5,53.9,0.0,0.0,0.0
2026-04-09 19:24:30,29.9,58.5,11.7,54.0,0.0,0.0,0.0
2026-04-09 19:24:35,29.9,58.7,23.2,54.0,0.0,0.0,0.0
2026-04-09 19:24:40,29.9,58.8,20.4,54.0,0.0,0.0,0.0
2026-04-09 19:24:45,29.9,58.7,4.2,54.0,0.0,0.0,0.0
2026-04-09 19:24:50,29.8,58.7,12.8,53.9,0.0,0.0,0.0
2026-04-09 19:24:55,29.9,58.7,33.9,53.9,0.0,0.0,0.0
2026-04-09 19:25:00,30.0,58.7,19.8,53.9,0.0,0.0,0.0
2026-04-09 19:25:05,29.8,58.7,11.7,53.9,0.0,0.0,0.0
2026-04-09 19:25:10,29.9,58.8,25.4,53.9,0.0,0.0,0.0
2026-04-09 19:25:15,29.9,58.9,25.3,53.9,0.0,0.0,0.0
2026-04-09 19:25:20,29.8,58.9,24.7,53.9,0.0,0.0,0.0
2026-04-09 19:25:25,29.9,58.9,0.8,53.9,0.0,0.0,0.0
2026-04-09 19:25:30,29.9,58.9,13.9,53.9,0.0,0.0,0.0
2026-04-09 19:25:35,29.9,59.0,27.3,53.9,0.0,0.0,0.0
2026-04-09 19:25:40,29.9,59.0,3.6,53.9,0.0,0.0,0.0
2026-04-09 19:25:45,29.9,58.8,13.8,53.9,0.0,0.0,0.0
2026-04-09 19:25:50,29.8,58.8,5.5,53.9,0.0,0.0,0.0
2026-04-09 19:25:55,29.9,58.6,7.6,53.9,0.0,0.0,0.0
2026-04-09 19:26:00,29.9,58.6,21.1,53.9,0.0,0.0,0.0
2026-04-09 19:26:05,29.9,58.5,9.5,53.9,0.0,0.0,0.0
2026-04-09 19:26:10,29.9,58.5,0.0,54.0,0.0,0.0,0.0
2026-04-09 19:26:15,29.8,58.5,21.8,54.0,0.0,0.0,0.0
2026-04-09 19:26:20,29.8,58.5,28.1,54.0,0.0,0.0,0.0
2026-04-09 19:26:25,29.8,58.5,10.1,54.0,0.0,0.0,0.0
2026-04-09 19:26:30,29.8,58.4,21.8,54.0,0.0,0.0,0.0
2026-04-09 19:26:35,29.9,58.3,7.4,54.0,0.0,0.0,0.0
2026-04-09 19:26:40,30.0,58.3,30.5,53.9,0.0,0.0,0.0
2026-04-09 19:26:45,29.9,58.3,14.4,53.9,0.0,0.0,0.0
2026-04-09 19:26:50,29.9,58.3,14.5,53.9,0.0,0.0,0.0
2026-04-09 19:26:55,29.9,58.3,1.8,53.9,0.0,0.0,0.0
2026-04-09 19:27:00,29.8,58.5,4.2,53.9,0.0,0.0,0.0
2026-04-09 19:27:05,29.8,58.4,27.3,54.0,0.0,0.0,0.0
2026-04-09 19:27:10,29.8,58.5,20.7,54.0,0.0,0.0,0.0
2026-04-09 19:27:15,29.9,58.5,15.5,54.0,0.0,0.0,0.0
2026-04-09 19:27:20,29.9,58.6,4.3,53.9,0.0,0.0,0.0
2026-04-09 19:27:25,29.9,58.5,15.6,53.9,0.0,0.0,0.0
2026-04-09 19:27:30,29.9,58.5,16.6,54.0,0.0,0.0,0.0
2026-04-09 19:27:35,30.0,58.4,17.6,54.0,0.0,0.0,0.0
2026-04-09 19:27:40,30.0,58.5,24.5,54.0,0.0,0.0,0.0
2026-04-09 19:27:45,29.9,58.4,23.9,54.0,0.0,0.0,0.0
2026-04-09 19:27:50,29.9,58.4,10.6,54.0,0.0,0.0,0.0
2026-04-09 19:27:55,30.1,58.5,16.5,53.9,0.0,0.0,0.0
2026-04-09 19:28:00,29.9,58.4,15.7,53.9,0.0,0.0,0.0
2026-04-09 19:28:05,30.0,58.3,10.5,54.0,0.0,0.0,0.0
2026-04-09 19:28:10,29.9,58.4,27.0,54.0,0.0,0.0,0.0
2026-04-09 19:28:15,30.0,58.5,32.2,54.0,0.0,0.0,0.0
2026-04-09 19:28:20,29.8,58.4,4.3,53.9,0.0,0.0,0.0
2026-04-09 19:28:25,29.9,58.3,12.9,53.9,0.0,0.0,0.0
2026-04-09 19:28:30,29.9,58.4,5.6,53.9,0.0,0.0,0.0
2026-04-09 19:28:35,29.9,58.2,17.9,53.9,0.0,0.0,0.0
2026-04-09 19:28:40,30.0,58.2,22.3,53.9,0.0,0.0,0.0
2026-04-09 19:28:45,29.7,58.4,18.2,53.9,0.0,0.0,0.0
2026-04-09 19:28:50,30.0,58.3,7.1,53.9,0.0,0.0,0.0
2026-04-09 19:28:55,29.9,58.2,5.2,53.9,0.0,0.0,0.0
2026-04-09 19:29:00,29.9,58.4,20.9,54.0,0.0,0.0,0.0
2026-04-09 19:29:05,29.9,58.5,40.3,54.0,0.0,0.0,0.0
2026-04-09 19:29:10,29.8,58.5,0.0,54.0,0.0,0.0,0.0
2026-04-09 19:29:15,29.9,58.6,0.0,54.0,0.0,0.0,0.0
2026-04-09 19:29:20,29.9,58.6,5.4,54.0,0.0,0.0,0.0
2026-04-09 19:29:25,29.9,58.6,10.2,54.0,0.0,0.0,0.0
2026-04-09 19:29:30,29.9,58.6,34.3,54.0,0.0,0.0,0.0
2026-04-09 19:29:35,29.9,58.6,13.2,54.0,0.0,0.0,0.0
2026-04-09 19:29:40,29.8,58.6,23.2,54.0,0.0,0.0,0.0
2026-04-09 19:29:45,30.0,58.6,10.9,54.0,0.0,0.0,0.0
2026-04-09 19:29:50,29.9,58.7,6.7,54.0,0.0,0.0,0.0
2026-04-09 19:29:55,29.9,58.8,11.1,54.0,0.0,0.0,0.0
2026-04-09 19:30:00,30.1,58.7,13.1,54.0,0.0,0.0,0.0
2026-04-09 19:30:05,29.9,58.7,0.0,54.0,0.0,0.0,0.0
2026-04-09 19:30:10,30.0,58.8,24.4,53.9,0.0,0.0,0.0
2026-04-09 19:30:15,29.9,58.8,30.6,53.9,0.0,0.0,0.0
2026-04-09 19:30:20,30.0,58.8,12.9,53.9,0.0,0.0,0.0
2026-04-09 19:30:25,30.1,58.8,10.5,53.9,0.0,0.0,0.0
2026-04-09 19:30:30,29.9,58.7,0.0,53.9,0.0,0.0,0.0
2026-04-09 19:30:35,30.1,58.7,20.1,53.9,0.0,0.0,0.0
2026-04-09 19:30:40,29.9,58.8,1.8,53.9,0.0,0.0,0.0
2026-04-09 19:30:45,30.2,58.8,15.5,54.0,0.0,0.0,0.0
2026-04-09 19:30:50,29.9,58.9,11.3,54.0,0.0,0.0,0.0
2026-04-09 19:30:55,30.0,58.9,17.1,54.0,0.0,0.0,0.0
2026-04-09 19:31:00,30.0,58.9,12.2,54.0,0.0,0.0,0.0
2026-04-09 19:31:05,30.2,59.0,23.5,54.0,0.0,0.0,0.0
2026-04-09 19:31:10,30.0,58.9,19.0,54.0,0.0,0.0,0.0
2026-04-09 19:31:15,30.0,58.8,20.5,54.0,0.0,0.0,0.0
2026-04-09 19:31:20,30.0,58.8,23.2,54.0,0.0,0.0,0.0
2026-04-09 19:31:25,29.9,58.8,16.7,54.0,0.0,0.0,0.0
2026-04-09 19:31:30,29.8,58.9,28.3,54.0,0.0,0.0,0.0
2026-04-09 19:31:35,29.9,58.8,27.3,54.0,0.0,0.0,0.0
2026-04-09 19:31:40,30.0,58.9,3.8,54.0,0.0,0.0,0.0
2026-04-09 19:31:45,29.9,58.9,0.0,54.0,0.0,0.0,0.0
2026-04-09 19:31:50,30.0,58.8,26.7,54.0,0.0,0.0,0.0
2026-04-09 19:31:55,30.0,58.9,22.1,54.0,0.0,0.0,0.0
2026-04-09 19:32:00,30.0,59.0,6.9,54.0,0.0,0.0,0.0
2026-04-09 19:32:05,29.9,59.1,19.3,54.0,0.0,0.0,0.0
2026-04-09 19:32:10,30.0,59.1,14.0,54.0,0.0,0.0,0.0
2026-04-09 19:32:15,30.0,59.2,0.9,54.0,0.0,0.0,0.0
2026-04-09 19:32:20,30.0,59.1,0.0,54.0,0.0,0.0,0.0
2026-04-09 19:32:25,30.0,59.0,12.4,54.0,0.0,0.0,0.0
2026-04-09 19:32:30,30.0,59.0,30.0,54.0,0.0,0.0,0.0
2026-04-09 19:32:35,30.0,59.1,12.9,54.0,0.0,0.0,0.0
2026-04-09 19:32:40,30.0,59.1,15.8,54.0,0.0,0.0,0.0
2026-04-09 19:32:45,30.0,59.1,13.5,54.0,0.0,0.0,0.0
2026-04-09 19:32:50,30.0,59.1,20.5,54.0,0.0,0.0,0.0
2026-04-09 19:32:55,29.9,59.1,22.5,54.0,0.0,0.0,0.0
2026-04-09 19:33:00,30.1,59.2,22.6,54.0,0.0,0.0,0.0
2026-04-09 19:33:05,29.9,59.0,11.0,54.0,0.0,0.0,0.0
2026-04-09 19:33:10,30.0,59.0,19.6,54.0,0.0,0.0,0.0
2026-04-09 19:33:15,30.0,59.0,3.5,54.0,0.0,0.0,0.0
2026-04-09 19:33:20,30.1,59.0,21.9,54.0,0.0,0.0,0.0
2026-04-09 19:33:25,30.0,59.1,32.6,54.0,0.0,0.0,0.0
2026-04-09 19:33:30,30.0,59.0,0.0,54.0,0.0,0.0,0.0
2026-04-09 19:33:35,29.9,59.0,30.4,54.0,0.0,0.0,0.0
2026-04-09 19:33:40,29.9,59.0,11.6,53.9,0.0,0.0,0.0
2026-04-09 19:33:45,30.0,58.9,20.0,53.9,0.0,0.0,0.0
2026-04-09 19:33:50,30.1,58.9,1.0,54.0,0.0,0.0,0.0
2026-04-09 19:33:55,29.9,58.8,26.1,54.0,0.0,0.0,0.0
2026-04-09 19:34:00,30.1,59.0,15.8,54.0,0.0,0.0,0.0
2026-04-09 19:34:05,30.0,58.8,37.7,54.0,0.0,0.0,0.0
2026-04-09 19:34:10,30.1,58.9,5.3,54.0,0.0,0.0,0.0
2026-04-09 19:34:15,29.9,58.9,17.9,54.0,0.0,0.0,0.0
2026-04-09 19:34:20,30.1,58.8,0.0,54.0,0.0,0.0,0.0
2026-04-09 19:34:25,29.9,58.8,25.2,54.0,0.0,0.0,0.0
2026-04-09 19:34:30,29.8,58.8,19.6,54.0,0.0,0.0,0.0
2026-04-09 19:34:35,30.0,58.8,8.7,54.0,0.0,0.0,0.0
2026-04-09 19:34:40,29.9,58.8,0.0,54.0,0.0,0.0,0.0
2026-04-09 19:34:45,30.0,58.8,16.3,54.0,0.0,0.0,0.0
2026-04-09 19:34:50,29.9,58.8,14.0,54.0,0.0,0.0,0.0
2026-04-09 19:34:55,30.0,58.8,11.1,54.0,0.0,0.0,0.0
2026-04-09 19:35:00,29.9,58.7,7.5,54.0,0.0,0.0,0.0
2026-04-09 19:35:05,29.9,58.7,17.9,54.0,0.0,0.0,0.0
2026-04-09 19:35:10,30.0,58.7,18.5,54.0,0.0,0.0,0.0
2026-04-09 19:35:15,30.0,58.7,11.7,53.9,0.0,0.0,0.0
2026-04-09 19:35:20,29.9,58.7,9.2,53.9,0.0,0.0,0.0
2026-04-09 19:35:25,30.1,58.8,26.9,54.0,0.0,0.0,0.0
2026-04-09 19:35:30,30.0,58.8,5.0,54.0,0.0,0.0,0.0
2026-04-09 19:35:35,29.9,58.8,9.2,54.0,0.0,0.0,0.0
2026-04-09 19:35:40,29.9,58.8,0.0,54.0,0.0,0.0,0.0
2026-04-09 19:35:45,30.1,58.8,2.6,54.0,0.0,0.0,0.0
2026-04-09 19:35:50,30.1,58.8,7.7,54.0,0.0,0.0,0.0
2026-04-09 19:35:55,30.1,58.8,10.0,54.0,0.0,0.0,0.0
2026-04-09 19:36:00,30.1,58.8,0.0,54.0,0.0,0.0,0.0
2026-04-09 19:36:05,29.9,58.8,14.1,54.0,0.0,0.0,0.0
2026-04-09 19:36:10,30.0,58.9,23.7,54.0,0.0,0.0,0.0
2026-04-09 19:36:15,29.9,59.0,21.5,54.0,0.0,0.0,0.0
2026-04-09 19:36:20,30.1,58.8,3.6,54.0,0.0,0.0,0.0
2026-04-09 19:36:25,30.0,59.0,11.0,54.0,0.0,0.0,0.0
2026-04-09 19:36:30,29.9,59.0,23.2,54.0,0.0,0.0,0.0
2026-04-09 19:36:35,30.1,59.0,9.8,54.0,0.0,0.0,0.0
2026-04-09 19:36:40,30.1,59.1,13.9,54.0,0.0,0.0,0.0
2026-04-09 19:36:45,30.0,59.1,17.8,54.0,0.0,0.0,0.0
2026-04-09 19:36:50,30.1,59.2,24.8,54.0,0.0,0.0,0.0
2026-04-09 19:36:55,29.9,59.1,22.0,54.0,0.0,0.0,0.0
2026-04-09 19:37:00,30.0,59.0,13.7,54.0,0.0,0.0,0.0
2026-04-09 19:37:05,30.0,59.0,9.5,54.0,0.0,0.0,0.0
2026-04-09 19:37:10,30.1,59.2,19.5,54.0,0.0,0.0,0.0
2026-04-09 19:37:15,30.1,59.3,10.8,54.0,0.0,0.0,0.0
2026-04-09 19:37:20,30.1,59.3,18.2,54.0,0.0,0.0,0.0
2026-04-09 19:37:25,30.0,59.2,15.5,54.0,0.0,0.0,0.0
2026-04-09 19:37:30,30.0,59.2,21.6,54.0,0.0,0.0,0.0
2026-04-09 19:37:35,30.1,59.2,16.3,54.0,0.0,0.0,0.0
2026-04-09 19:37:40,30.0,59.3,22.3,54.0,0.0,0.0,0.0
2026-04-09 19:37:45,30.0,59.3,8.7,54.0,0.0,0.0,0.0
2026-04-09 19:37:50,30.0,59.3,25.0,54.0,0.0,0.0,0.0
2026-04-09 19:37:55,30.1,59.1,14.9,54.0,0.0,0.0,0.0
2026-04-09 19:38:00,30.1,59.1,11.8,54.0,0.0,0.0,0.0
2026-04-09 19:38:05,30.0,59.0,13.1,54.0,0.0,0.0,0.0
2026-04-09 19:38:10,30.0,58.9,3.8,54.0,0.0,0.0,0.0
2026-04-09 19:38:15,30.0,58.9,25.0,54.0,0.0,0.0,0.0
2026-04-09 19:38:20,30.0,58.8,9.1,54.0,0.0,0.0,0.0
2026-04-09 19:38:25,30.1,58.8,19.6,54.0,0.0,0.0,0.0
2026-04-09 19:38:30,30.1,58.8,1.6,54.0,0.0,0.0,0.0
2026-04-09 19:38:35,30.1,58.7,26.0,53.9,0.0,0.0,0.0
2026-04-09 19:38:40,30.0,58.7,24.4,53.9,0.0,0.0,0.0
2026-04-09 19:38:45,30.1,58.6,36.5,54.0,0.0,0.0,0.0
2026-04-09 19:38:50,30.0,58.5,21.6,54.0,0.0,0.0,0.0
2026-04-09 19:38:55,30.0,58.6,20.5,54.0,0.0,0.0,0.0
2026-04-09 19:39:00,30.0,58.6,27.4,54.0,0.0,0.0,0.0
2026-04-09 19:39:05,30.0,58.7,23.8,54.0,0.0,0.0,0.0
2026-04-09 19:39:10,29.9,58.8,0.0,54.0,0.0,0.0,0.0
2026-04-09 19:39:15,29.9,58.9,27.3,54.0,0.0,0.0,0.0
2026-04-09 19:39:20,30.1,58.8,20.9,54.0,0.0,0.0,0.0
2026-04-09 19:39:25,29.9,58.8,7.9,54.0,0.0,0.0,0.0
2026-04-09 19:39:30,29.9,58.8,6.6,54.0,0.0,0.0,0.0
2026-04-09 19:39:35,30.1,58.8,0.0,54.0,0.0,0.0,0.0
2026-04-09 19:39:40,30.2,58.8,9.3,54.0,0.0,0.0,0.0
2026-04-09 19:39:45,30.2,58.8,0.0,54.0,0.0,0.0,0.0
2026-04-09 19:39:50,30.0,58.8,0.6,54.0,0.0,0.0,0.0
2026-04-09 19:39:55,29.9,58.8,7.8,54.0,0.0,0.0,0.0
2026-04-09 19:40:00,30.0,58.9,22.2,54.0,0.0,0.0,0.0
2026-04-09 19:40:05,30.0,58.9,22.5,54.0,0.0,0.0,0.0
2026-04-09 19:40:10,30.1,58.9,16.1,54.0,0.0,0.0,0.0
2026-04-09 19:40:15,30.1,58.7,29.6,54.0,0.0,0.0,0.0
2026-04-09 19:40:20,30.0,58.7,2.1,54.0,0.0,0.0,0.0
2026-04-09 19:40:25,30.1,58.6,5.1,54.0,0.0,0.0,0.0
2026-04-09 19:40:30,29.9,58.5,0.0,54.0,0.0,0.0,0.0
2026-04-09 19:40:35,30.0,58.6,17.0,54.0,0.0,0.0,0.0
2026-04-09 19:40:40,30.1,58.6,2.6,54.0,0.0,0.0,0.0
2026-04-09 19:40:45,30.2,58.4,3.5,54.0,0.0,0.0,0.0
2026-04-09 19:40:50,30.1,58.6,21.7,54.0,0.0,0.0,0.0
2026-04-09 19:40:55,30.1,58.5,14.0,54.0,0.0,0.0,0.0
2026-04-09 19:41:00,30.2,58.4,9.0,54.0,0.0,0.0,0.0
2026-04-09 19:41:05,30.0,58.5,0.7,54.0,0.0,0.0,0.0
2026-04-09 19:41:10,30.1,58.7,15.4,54.0,0.0,0.0,0.0
2026-04-09 19:41:15,30.1,58.7,7.1,54.0,0.0,0.0,0.0
2026-04-09 19:41:20,30.1,58.6,4.4,54.0,0.0,0.0,0.0
2026-04-09 19:41:25,29.9,58.7,18.8,54.0,0.0,0.0,0.0
2026-04-09 19:41:30,30.1,58.9,0.0,54.0,0.0,0.0,0.0
2026-04-09 19:41:35,30.0,58.9,17.7,54.0,0.0,0.0,0.0
2026-04-09 19:41:40,30.1,58.9,29.2,54.0,0.0,0.0,0.0
2026-04-09 19:41:45,30.0,58.9,14.1,54.0,0.0,0.0,0.0
2026-04-09 19:41:50,30.1,59.0,4.2,54.0,0.0,0.0,0.0
2026-04-09 19:41:55,30.1,58.9,0.5,54.0,0.0,0.0,0.0
2026-04-09 19:42:00,30.3,58.9,7.3,54.0,0.0,0.0,0.0
2026-04-09 19:42:05,30.1,58.9,4.2,54.0,0.0,0.0,0.0
2026-04-09 19:42:10,30.3,58.8,25.4,54.0,0.0,0.0,0.0
2026-04-09 19:42:15,30.1,59.0,0.0,54.0,0.0,0.0,0.0
2026-04-09 19:42:20,30.2,59.0,31.5,54.0,0.0,0.0,0.0
2026-04-09 19:42:25,30.2,59.3,16.9,54.0,0.0,0.0,0.0
2026-04-09 19:42:30,30.0,59.3,15.4,54.0,0.0,0.0,0.0
2026-04-09 19:42:35,30.0,59.3,16.9,54.0,0.0,0.0,0.0
2026-04-09 19:42:40,29.9,59.3,1.9,54.0,0.0,0.0,0.0
2026-04-09 19:42:45,30.0,59.3,23.2,54.0,0.0,0.0,0.0
2026-04-09 19:42:50,29.9,59.0,0.0,54.0,0.0,0.0,0.0
2026-04-09 19:42:55,30.2,58.8,18.4,54.0,0.0,0.0,0.0
2026-04-09 19:43:00,30.2,58.7,13.7,54.0,0.0,0.0,0.0
2026-04-09 19:43:05,30.0,58.7,29.4,54.0,0.0,0.0,0.0
2026-04-09 19:43:10,30.0,58.8,22.0,54.0,0.0,0.0,0.0
2026-04-09 19:43:15,30.1,58.8,0.0,54.0,0.0,0.0,0.0
2026-04-09 19:43:20,30.1,58.8,8.9,54.0,0.0,0.0,0.0
2026-04-09 19:43:25,30.1,58.7,18.1,54.0,0.0,0.0,0.0
2026-04-09 19:43:30,29.9,58.7,2.9,54.0,0.0,0.0,0.0
2026-04-09 19:43:35,29.9,58.7,15.2,54.0,0.0,0.0,0.0
2026-04-09 19:43:40,30.3,58.5,6.7,54.0,0.0,0.0,0.0
2026-04-09 19:43:45,30.1,58.4,12.4,54.0,0.0,0.0,0.0
2026-04-09 19:43:50,30.1,58.4,9.4,54.0,0.0,0.0,0.0
2026-04-09 19:43:55,30.0,58.5,17.4,54.0,0.0,0.0,0.0
2026-04-09 19:44:00,30.1,58.5,0.0,54.0,0.0,0.0,0.0
2026-04-09 19:44:05,30.1,58.8,12.9,54.0,0.0,0.0,0.0
2026-04-09 19:44:10,30.1,58.6,7.6,54.0,0.0,0.0,0.0
2026-04-09 19:44:15,29.8,58.6,12.1,54.0,0.0,0.0,0.0
2026-04-09 19:44:20,29.9,58.5,6.8,54.0,0.0,0.0,0.0
2026-04-09 19:44:25,30.1,58.5,25.5,54.0,0.0,0.0,0.0
2026-04-09 19:44:30,30.1,58.4,14.2,54.0,0.0,0.0,0.0
2026-04-09 19:44:35,30.2,58.5,17.6,54.0,0.0,0.0,0.0
2026-04-09 19:44:40,29.9,58.5,17.5,54.0,0.0,0.0,0.0
2026-04-09 19:44:45,30.0,58.4,16.8,54.0,0.0,0.0,0.0
2026-04-09 19:44:50,30.0,58.6,9.4,54.0,0.0,0.0,0.0
2026-04-09 19:44:55,30.0,58.3,18.7,54.0,0.0,0.0,0.0
2026-04-09 19:45:00,30.0,58.3,4.5,54.0,0.0,0.0,0.0
2026-04-09 19:45:05,30.1,58.2,15.8,54.0,0.0,0.0,0.0
2026-04-09 19:45:10,30.0,58.2,27.6,54.0,0.0,0.0,0.0
2026-04-09 19:45:15,30.1,58.1,1.7,54.0,0.0,0.0,0.0
2026-04-09 19:45:20,30.0,58.0,17.2,54.0,0.0,0.0,0.0
2026-04-09 19:45:25,30.0,58.1,7.0,54.0,0.0,0.0,0.0
2026-04-09 19:45:30,30.0,58.2,25.1,54.0,0.0,0.0,0.0
2026-04-09 19:45:35,30.0,58.1,6.5,54.0,0.0,0.0,0.0
2026-04-09 19:45:40,30.1,58.0,24.3,54.0,0.0,0.0,0.0
2026-04-09 19:45:45,29.8,57.9,0.0,53.9,0.0,0.0,0.0
2026-04-09 19:45:50,30.0,57.8,18.9,53.9,0.0,0.0,0.0
2026-04-09 19:45:55,30.2,57.9,9.7,54.0,0.0,0.0,0.0
2026-04-09 19:46:00,30.3,58.0,1.1,54.0,0.0,0.0,0.0
2026-04-09 19:46:05,30.1,58.1,2.7,54.0,0.0,0.0,0.0
2026-04-09 19:46:10,29.9,58.0,13.6,54.0,0.0,0.0,0.0
2026-04-09 19:46:15,30.0,58.0,18.1,54.0,0.0,0.0,0.0
2026-04-09 19:46:20,30.0,57.9,6.6,54.0,0.0,0.0,0.0
2026-04-09 19:46:25,29.9,57.9,19.2,54.0,0.0,0.0,0.0
2026-04-09 19:46:30,30.1,58.2,14.7,54.0,0.0,0.0,0.0
2026-04-09 19:46:35,29.9,58.1,10.5,54.0,0.0,0.0,0.0
2026-04-09 19:46:40,30.2,58.1,17.3,54.0,0.0,0.0,0.0
2026-04-09 19:46:45,30.2,58.0,34.1,54.0,0.0,0.0,0.0
2026-04-09 19:46:50,30.0,57.9,24.2,54.0,0.0,0.0,0.0
2026-04-09 19:46:55,30.1,57.9,27.3,54.0,0.0,0.0,0.0
2026-04-09 19:47:00,30.1,58.0,13.8,54.0,0.0,0.0,0.0
2026-04-09 19:47:05,30.0,58.1,24.4,54.0,0.0,0.0,0.0
2026-04-09 19:47:10,30.1,58.1,26.0,54.0,0.0,0.0,0.0
2026-04-09 19:47:15,30.2,58.1,9.7,54.0,0.0,0.0,0.0
2026-04-09 19:47:20,30.1,58.0,0.0,54.0,0.0,0.0,0.0
2026-04-09 19:47:25,30.0,58.1,12.9,54.0,0.0,0.0,0.0
2026-04-09 19:47:30,30.0,58.1,19.1,54.0,0.0,0.0,0.0
2026-04-09 19:47:35,30.3,58.1,35.1,54.0,0.0,0.0,0.0
2026-04-09 19:47:40,30.0,58.1,12.6,54.0,0.0,0.0,0.0
2026-04-09 19:47:45,30.2,58.2,14.5,54.0,0.0,0.0,0.0
2026-04-09 19:47:50,30.0,58.1,9.2,54.0,0.0,0.0,0.0
2026-04-09 19:47:55,30.1,58.2,18.3,54.0,0.0,0.0,0.0
2026-04-09 19:48:00,30.1,58.2,5.5,54.0,0.0,0.0,0.0
2026-04-09 19:48:05,30.0,58.2,29.3,54.0,0.0,0.0,0.0
2026-04-09 19:48:10,30.1,58.3,25.8,54.0,0.0,0.0,0.0
2026-04-09 19:48:15,30.0,58.3,15.3,54.0,0.0,0.0,0.0
2026-04-09 19:48:20,30.1,58.4,9.7,54.0,0.0,0.0,0.0
2026-04-09 19:48:25,30.0,58.4,15.3,54.0,0.0,0.0,0.0
2026-04-09 19:48:30,30.1,58.3,7.0,54.0,0.0,0.0,0.0
2026-04-09 19:48:35,30.1,58.3,24.6,54.0,0.0,0.0,0.0
2026-04-09 19:48:40,30.0,58.3,23.6,54.0,0.0,0.0,0.0
2026-04-09 19:48:45,30.2,58.4,18.3,54.0,0.0,0.0,0.0
2026-04-09 19:48:50,29.9,58.3,21.4,54.0,0.0,0.0,0.0
2026-04-09 19:48:55,30.1,58.4,13.6,54.0,0.0,0.0,0.0
2026-04-09 19:49:00,30.1,58.4,15.1,54.0,0.0,0.0,0.0
2026-04-09 19:49:05,30.0,58.2,29.1,54.0,0.0,0.0,0.0
2026-04-09 19:49:10,30.1,58.4,7.5,54.0,0.0,0.0,0.0
2026-04-09 19:49:15,29.9,58.5,11.0,54.0,0.0,0.0,0.0
2026-04-09 19:49:20,30.0,58.5,0.0,53.9,0.0,0.0,0.0
2026-04-09 19:49:25,30.0,58.5,38.4,53.9,0.0,0.0,0.0
2026-04-09 19:49:30,30.0,58.6,29.6,53.9,0.0,0.0,0.0
2026-04-09 19:49:35,30.1,58.6,8.8,54.0,0.0,0.0,0.0
2026-04-09 19:49:40,29.9,58.7,6.0,54.0,0.0,0.0,0.0
2026-04-09 19:49:45,30.0,58.7,0.0,54.0,0.0,0.0,0.0
2026-04-09 19:49:50,30.1,58.8,19.9,54.0,0.0,0.0,0.0
2026-04-09 19:49:55,29.9,58.7,20.1,54.0,0.0,0.0,0.0
2026-04-09 19:50:00,30.1,58.6,4.7,54.0,0.0,0.0,0.0
2026-04-09 19:50:05,30.0,58.5,8.2,54.0,0.0,0.0,0.0
2026-04-09 19:50:10,30.0,58.5,6.7,54.0,0.0,0.0,0.0
2026-04-09 19:50:15,29.9,58.5,22.8,54.0,0.0,0.0,0.0
2026-04-09 19:50:20,30.2,58.5,8.0,54.0,0.0,0.0,0.0
2026-04-09 19:50:25,30.1,58.6,3.9,54.0,0.0,0.0,0.0
2026-04-09 19:50:30,30.1,58.7,25.0,54.0,0.0,0.0,0.0
2026-04-09 19:50:35,30.0,58.6,7.3,53.9,0.0,0.0,0.0
2026-04-09 19:50:40,30.1,58.6,0.0,53.9,0.0,0.0,0.0
2026-04-09 19:50:45,29.9,58.6,21.2,54.0,0.0,0.0,0.0
2026-04-09 19:50:50,29.9,58.7,15.6,54.0,0.0,0.0,0.0
2026-04-09 19:50:55,30.1,58.6,15.6,54.0,0.0,0.0,0.0
2026-04-09 19:51:00,30.1,58.5,20.0,54.0,0.0,0.0,0.0
2026-04-09 19:51:05,30.1,58.6,7.1,54.0,0.0,0.0,0.0
2026-04-09 19:51:10,30.0,58.6,16.1,54.0,0.0,0.0,0.0
2026-04-09 19:51:15,30.1,58.6,4.1,54.0,0.0,0.0,0.0
2026-04-09 19:51:20,30.1,58.7,6.8,54.0,0.0,0.0,0.0
2026-04-09 19:51:25,30.0,58.8,23.5,54.0,0.0,0.0,0.0
2026-04-09 19:51:30,30.1,58.7,35.0,54.0,0.0,0.0,0.0
2026-04-09 19:51:35,29.9,58.7,20.0,54.0,0.0,0.0,0.0
2026-04-09 19:51:40,30.1,58.7,7.4,54.0,0.0,0.0,0.0
2026-04-09 19:51:45,30.0,58.9,17.0,54.0,0.0,0.0,0.0
2026-04-09 19:51:50,30.0,58.9,8.9,53.9,0.0,0.0,0.0
2026-04-09 19:51:55,30.0,58.8,5.2,53.9,0.0,0.0,0.0
2026-04-09 19:52:00,30.1,58.8,9.8,53.9,0.0,0.0,0.0
2026-04-09 19:52:05,29.9,58.8,19.2,54.0,0.0,0.0,0.0
2026-04-09 19:52:10,30.0,58.8,15.3,54.0,0.0,0.0,0.0
2026-04-09 19:52:15,30.2,58.8,22.9,54.0,0.0,0.0,0.0
2026-04-09 19:52:20,30.1,58.8,2.0,54.0,0.0,0.0,0.0
2026-04-09 19:52:25,30.1,58.9,27.9,54.0,0.0,0.0,0.0
2026-04-09 19:52:30,30.0,58.9,38.1,54.0,0.0,0.0,0.0
2026-04-09 19:52:35,30.0,59.0,10.2,54.0,0.0,0.0,0.0
2026-04-09 19:52:40,30.1,59.0,21.7,54.0,0.0,0.0,0.0
2026-04-09 19:52:45,30.2,59.0,15.6,54.0,0.0,0.0,0.0
2026-04-09 19:52:50,30.1,58.9,12.4,54.0,0.0,0.0,0.0
2026-04-09 19:52:55,30.2,58.8,20.4,54.0,0.0,0.0,0.0
2026-04-09 19:53:00,30.2,58.8,0.0,54.0,0.0,0.0,0.0
2026-04-09 19:53:05,29.9,58.9,15.7,54.0,0.0,0.0,0.0
2026-04-09 19:53:10,30.0,58.9,18.7,54.0,0.0,0.0,0.0
2026-04-09 19:53:15,30.1,58.7,9.2,54.0,0.0,0.0,0.0
2026-04-09 19:53:20,30.2,58.7,16.1,54.0,0.0,0.0,0.0
2026-04-09 19:53:25,30.1,58.7,14.0,54.0,0.0,0.0,0.0
2026-04-09 19:53:30,30.1,58.6,9.3,53.9,0.0,0.0,0.0
2026-04-09 19:53:35,30.0,58.5,1.9,53.9,0.0,0.0,0.0
2026-04-09 19:53:40,30.0,58.6,1.9,53.9,0.0,0.0,0.0
2026-04-09 19:53:45,30.0,58.5,12.8,53.9,0.0,0.0,0.0
2026-04-09 19:53:50,30.0,58.4,25.1,53.9,0.0,0.0,0.0
2026-04-09 19:53:55,29.9,58.5,0.0,53.9,0.0,0.0,0.0
2026-04-09 19:54:00,30.2,58.4,22.8,54.0,0.0,0.0,0.0
2026-04-09 19:54:05,30.2,58.2,22.6,54.0,0.0,0.0,0.0
2026-04-09 19:54:10,30.1,58.3,7.7,54.0,0.0,0.0,0.0
2026-04-09 19:54:15,29.9,58.2,0.0,54.0,0.0,0.0,0.0
2026-04-09 19:54:20,30.1,58.4,23.1,54.0,0.0,0.0,0.0
2026-04-09 19:54:25,29.9,58.4,28.9,54.0,0.0,0.0,0.0
2026-04-09 19:54:30,30.0,58.4,0.0,54.0,0.0,0.0,0.0
2026-04-09 19:54:35,30.1,58.4,6.0,54.0,0.0,0.0,0.0
2026-04-09 19:54:40,30.0,58.5,11.1,54.0,0.0,0.0,0.0
2026-04-09 19:54:45,30.1,58.4,0.0,54.0,0.0,0.0,0.0
2026-04-09 19:54:50,30.1,58.5,28.0,54.0,0.0,0.0,0.0
2026-04-09 19:54:55,30.0,58.3,13.6,54.0,0.0,0.0,0.0
2026-04-09 19:55:00,30.1,58.5,11.9,54.0,0.0,0.0,0.0
2026-04-09 19:55:05,30.1,58.4,1.2,54.0,0.0,0.0,0.0
2026-04-09 19:55:10,30.1,58.2,20.2,54.0,0.0,0.0,0.0
2026-04-09 19:55:15,30.1,58.4,0.0,54.0,0.0,0.0,0.0
2026-04-09 19:55:20,30.2,58.4,13.6,54.0,0.0,0.0,0.0
2026-04-09 19:55:25,30.1,58.4,19.7,54.0,0.0,0.0,0.0
2026-04-09 19:55:30,30.1,58.4,28.0,54.0,0.0,0.0,0.0
2026-04-09 19:55:35,30.0,58.4,6.0,54.0,0.0,0.0,0.0
2026-04-09 19:55:40,30.1,58.4,23.6,54.0,0.0,0.0,0.0
2026-04-09 19:55:45,30.1,58.5,15.1,54.0,0.0,0.0,0.0
2026-04-09 19:55:50,29.9,58.6,24.5,54.0,0.0,0.0,0.0
2026-04-09 19:55:55,30.1,58.7,15.2,54.0,0.0,0.0,0.0
2026-04-09 19:56:00,30.1,58.8,28.1,54.0,0.0,0.0,0.0
2026-04-09 19:56:05,30.1,58.8,14.6,54.0,0.0,0.0,0.0
2026-04-09 19:56:10,30.0,58.8,25.6,54.0,0.0,0.0,0.0
2026-04-09 19:56:15,30.1,58.7,18.0,54.0,0.0,0.0,0.0
2026-04-09 19:56:20,30.1,58.8,13.2,54.0,0.0,0.0,0.0
2026-04-09 19:56:25,30.0,58.8,8.9,54.0,0.0,0.0,0.0
2026-04-09 19:56:30,30.1,58.6,0.5,54.0,0.0,0.0,0.0
2026-04-09 19:56:35,30.1,58.6,23.1,54.0,0.0,0.0,0.0
2026-04-09 19:56:40,30.2,58.7,12.7,54.0,0.0,0.0,0.0
2026-04-09 19:56:45,30.1,58.6,13.6,54.0,0.0,0.0,0.0
2026-04-09 19:56:50,30.1,58.6,21.9,54.0,0.0,0.0,0.0
2026-04-09 19:56:55,30.2,58.6,14.6,54.0,0.0,0.0,0.0
2026-04-09 19:57:00,30.2,58.6,27.8,53.9,0.0,0.0,0.0
2026-04-09 19:57:05,30.2,58.7,17.4,53.9,0.0,0.0,0.0
2026-04-09 19:57:10,30.3,58.7,0.0,54.0,0.0,0.0,0.0
2026-04-09 19:57:15,30.0,58.6,8.8,54.0,0.0,0.0,0.0
2026-04-09 19:57:20,30.1,58.6,21.1,54.0,0.0,0.0,0.0
2026-04-09 19:57:25,30.1,58.7,0.0,54.0,0.0,0.0,0.0
2026-04-09 19:57:30,30.2,58.7,11.7,54.0,0.0,0.0,0.0
2026-04-09 19:57:35,30.0,58.8,4.5,54.0,0.0,0.0,0.0
2026-04-09 19:57:40,30.1,58.7,20.7,54.0,0.0,0.0,0.0
2026-04-09 19:57:45,30.1,58.6,13.9,54.0,0.0,0.0,0.0
2026-04-09 19:57:50,30.2,58.6,16.0,54.0,0.0,0.0,0.0
2026-04-09 19:57:55,30.2,58.6,18.3,54.0,0.0,0.0,0.0
2026-04-09 19:58:00,30.1,58.5,23.9,54.0,0.0,0.0,0.0
2026-04-09 19:58:05,30.2,58.5,17.3,54.0,0.0,0.0,0.0
2026-04-09 19:58:10,30.1,58.5,4.4,54.0,0.0,0.0,0.0
2026-04-09 19:58:15,30.2,58.6,8.2,54.0,0.0,0.0,0.0
2026-04-09 19:58:20,30.0,58.5,19.1,54.0,0.0,0.0,0.0
2026-04-09 19:58:25,30.2,58.5,14.5,54.0,0.0,0.0,0.0
2026-04-09 19:58:30,30.1,58.4,0.0,54.0,0.0,0.0,0.0
2026-04-09 19:58:35,30.2,58.5,22.6,54.0,0.0,0.0,0.0
2026-04-09 19:58:40,30.0,58.5,19.0,54.0,0.0,0.0,0.0
2026-04-09 19:58:45,30.2,58.4,23.1,54.0,0.0,0.0,0.0
2026-04-09 19:58:50,30.2,58.3,11.2,54.0,0.0,0.0,0.0
2026-04-09 19:58:55,30.2,58.3,11.4,54.0,0.0,0.0,0.0
2026-04-09 19:59:00,30.1,58.3,18.1,54.0,0.0,0.0,0.0
2026-04-09 19:59:05,30.3,58.3,0.0,54.0,0.0,0.0,0.0
2026-04-09 19:59:10,30.1,58.3,10.9,54.0,0.0,0.0,0.0
2026-04-09 19:59:15,30.2,58.4,4.6,54.0,0.0,0.0,0.0
2026-04-09 19:59:20,30.1,58.5,14.2,54.0,0.0,0.0,0.0
2026-04-09 19:59:25,30.1,58.6,28.1,54.0,0.0,0.0,0.0
2026-04-09 19:59:30,30.0,58.8,22.6,54.0,0.0,0.0,0.0
2026-04-09 19:59:35,30.0,58.5,34.2,54.0,0.0,0.0,0.0
2026-04-09 19:59:40,30.1,58.6,9.7,54.0,0.0,0.0,0.0
2026-04-09 19:59:45,30.1,58.5,25.7,54.0,0.0,0.0,0.0
2026-04-09 19:59:50,30.1,58.3,1.4,54.0,0.0,0.0,0.0
2026-04-09 19:59:55,30.1,58.3,26.6,54.0,0.0,0.0,0.0
