Timestamp,Temperature,Humidity,Light,Soil_Moisture,Drip,Mist,Fan
2026-04-12 17:00:03,31.2,52.6,146.5,54.0,0.0,0.0,0.0
2026-04-12 17:00:08,31.2,52.6,146.7,54.1,0.0,0.0,0.0
2026-04-12 17:00:13,31.2,52.8,128.9,54.1,0.0,0.0,0.0
2026-04-12 17:00:18,31.3,52.8,167.8,54.0,0.0,0.0,0.0
2026-04-12 17:00:23,31.3,52.8,174.1,54.0,0.0,0.0,0.0
2026-04-12 17:00:28,31.2,52.8,158.4,54.0,0.0,0.0,0.0
2026-04-12 17:00:33,31.0,52.9,157.4,54.1,0.0,0.0,0.0
2026-04-12 17:00:38,31.2,52.8,154.7,54.1,0.0,0.0,0.0
2026-04-12 17:00:43,31.3,52.8,155.8,54.1,0.0,0.0,0.0
2026-04-12 17:00:48,31.2,53.0,143.4,54.0,0.0,0.0,0.0
2026-04-12 17:00:53,31.2,52.9,153.7,54.0,0.0,0.0,0.0
2026-04-12 17:00:58,31.2,52.7,162.2,54.0,0.0,0.0,0.0
2026-04-12 17:01:03,31.2,52.6,152.1,54.0,0.0,0.0,0.0
2026-04-12 17:01:08,31.3,52.6,137.1,54.0,0.0,0.0,0.0
2026-04-12 17:01:13,31.4,52.6,154.8,54.1,0.0,0.0,0.0
2026-04-12 17:01:18,31.2,52.7,170.0,54.1,0.0,0.0,0.0
2026-04-12 17:01:23,31.4,52.8,143.8,54.0,0.0,0.0,0.0
2026-04-12 17:01:28,31.1,52.8,145.4,54.0,0.0,0.0,0.0
2026-04-12 17:01:33,31.2,52.9,152.1,54.0,0.0,0.0,0.0
2026-04-12 17:01:38,31.1,52.8,158.1,54.0,0.0,0.0,0.0
2026-04-12 17:01:43,31.2,52.8,140.2,54.0,0.0,0.0,0.0
2026-04-12 17:01:48,31.2,52.7,156.2,54.1,0.0,0.0,0.0
2026-04-12 17:01:53,31.3,52.6,157.5,54.1,0.0,0.0,0.0
2026-04-12 17:01:58,31.1,52.7,141.3,54.1,0.0,0.0,0.0
2026-04-12 17:02:03,31.3,52.7,131.7,54.1,0.0,0.0,0.0
2026-04-12 17:02:08,31.2,52.6,146.6,54.1,0.0,0.0,0.0
2026-04-12 17:02:13,31.1,52.7,140.2,54.0,0.0,0.0,0.0
2026-04-12 17:02:18,31.2,52.7,159.0,54.0,0.0,0.0,0.0
2026-04-12 17:02:23,31.0,52.6,141.9,54.0,0.0,0.0,0.0
2026-04-12 17:02:28,31.3,52.8,129.5,54.0,0.0,0.0,0.0
2026-04-12 17:02:33,31.2,52.9,152.9,54.0,0.0,0.0,0.0
2026-04-12 17:02:38,31.3,53.0,138.4,54.1,0.0,0.0,0.0
2026-04-12 17:02:43,31.2,53.1,144.0,54.1,0.0,0.0,0.0
2026-04-12 17:02:48,31.2,52.9,154.6,54.0,0.0,0.0,0.0
2026-04-12 17:02:53,31.3,52.9,148.7,54.0,0.0,0.0,0.0
2026-04-12 17:02:58,31.1,53.0,156.8,54.0,0.0,0.0,0.0
2026-04-12 17:03:03,31.3,53.0,144.4,54.0,0.0,0.0,0.0
2026-04-12 17:03:08,31.2,52.9,136.2,54.0,0.0,0.0,0.0
2026-04-12 17:03:13,31.1,52.9,154.0,54.1,0.0,0.0,0.0
2026-04-12 17:03:18,31.3,53.0,145.2,54.1,0.0,0.0,0.0
2026-04-12 17:03:23,31.2,53.0,147.4,54.1,0.0,0.0,0.0
2026-04-12 17:03:28,31.2,53.0,126.5,54.1,0.0,0.0,0.0
2026-04-12 17:03:33,31.2,53.0,143.2,54.1,0.0,0.0,0.0
2026-04-12 17:03:38,31.2,53.0,154.9,54.0,0.0,0.0,0.0
2026-04-12 17:03:43,31.2,53.0,133.6,54.0,0.0,0.0,0.0
2026-04-12 17:03:48,31.2,53.2,144.0,54.0,0.0,0.0,0.0
2026-04-12 17:03:53,31.3,53.3,146.5,54.1,0.0,0.0,0.0
2026-04-12 17:03:58,31.0,53.2,141.0,54.1,0.0,0.0,0.0
2026-04-12 17:04:03,31.2,53.2,127.6,54.0,0.0,0.0,0.0
2026-04-12 17:04:08,31.2,53.1,127.3,54.0,0.0,0.0,0.0
2026-04-12 17:04:13,31.0,53.1,151.5,54.0,0.0,0.0,0.0
2026-04-12 17:04:18,31.3,53.1,137.3,54.0,0.0,0.0,0.0
2026-04-12 17:04:23,31.3,53.2,139.1,54.0,0.0,0.0,0.0
2026-04-12 17:04:28,31.1,53.4,125.9,54.0,0.0,0.0,0.0
2026-04-12 17:04:33,31.1,53.3,138.3,54.0,0.0,0.0,0.0
2026-04-12 17:04:38,31.1,53.2,126.9,54.0,0.0,0.0,0.0
2026-04-12 17:04:43,31.1,53.3,151.8,54.0,0.0,0.0,0.0
2026-04-12 17:04:48,31.2,53.4,127.6,54.0,0.0,0.0,0.0
2026-04-12 17:04:53,31.1,53.4,154.1,54.0,0.0,0.0,0.0
2026-04-12 17:04:58,31.2,53.4,131.3,54.0,0.0,0.0,0.0
2026-04-12 17:05:03,31.3,53.5,142.7,54.0,0.0,0.0,0.0
2026-04-12 17:05:08,31.2,53.5,133.2,54.0,0.0,0.0,0.0
2026-04-12 17:05:13,31.2,53.5,129.5,54.1,0.0,0.0,0.0
2026-04-12 17:05:18,31.4,53.5,142.3,54.1,0.0,0.0,0.0
2026-04-12 17:05:23,31.1,53.4,132.6,54.1,0.0,0.0,0.0
2026-04-12 17:05:28,31.1,53.3,121.8,54.1,0.0,0.0,0.0
2026-04-12 17:05:33,31.1,53.2,149.0,54.0,0.0,0.0,0.0
2026-04-12 17:05:38,31.4,53.3,140.1,54.0,0.0,0.0,0.0
2026-04-12 17:05:43,31.3,53.3,125.0,54.0,0.0,0.0,0.0
2026-04-12 17:05:48,31.3,53.4,135.7,54.0,0.0,0.0,0.0
2026-04-12 17:05:53,31.1,53.4,147.0,54.0,0.0,0.0,0.0
2026-04-12 17:05:58,31.2,53.2,149.1,54.0,0.0,0.0,0.0
2026-04-12 17:06:03,31.1,53.2,128.0,54.0,0.0,0.0,0.0
2026-04-12 17:06:08,31.2,53.1,140.5,54.0,0.0,0.0,0.0
2026-04-12 17:06:13,31.2,53.0,129.0,54.0,0.0,0.0,0.0
2026-04-12 17:06:18,31.3,53.0,123.0,54.0,0.0,0.0,0.0
2026-04-12 17:06:23,31.0,52.9,132.2,54.0,0.0,0.0,0.0
2026-04-12 17:06:28,31.2,52.9,137.2,54.0,0.0,0.0,0.0
2026-04-12 17:06:33,31.2,53.0,143.0,54.0,0.0,0.0,0.0
2026-04-12 17:06:38,31.3,53.0,145.1,54.0,0.0,0.0,0.0
2026-04-12 17:06:43,31.3,53.0,135.7,54.0,0.0,0.0,0.0
2026-04-12 17:06:48,31.1,52.9,117.2,54.0,0.0,0.0,0.0
2026-04-12 17:06:53,31.4,53.0,136.2,54.0,0.0,0.0,0.0
2026-04-12 17:06:58,31.3,53.0,117.2,54.0,0.0,0.0,0.0
2026-04-12 17:07:03,31.3,52.9,138.5,54.0,0.0,0.0,0.0
2026-04-12 17:07:08,31.3,53.0,124.7,54.0,0.0,0.0,0.0
2026-04-12 17:07:13,31.1,52.9,127.3,54.0,0.0,0.0,0.0
2026-04-12 17:07:18,31.2,53.0,140.3,54.0,0.0,0.0,0.0
2026-04-12 17:07:23,31.2,53.0,135.4,54.0,0.0,0.0,0.0
2026-04-12 17:07:28,31.3,53.0,129.5,54.0,0.0,0.0,0.0
2026-04-12 17:07:33,31.3,53.0,137.4,54.0,0.0,0.0,0.0
2026-04-12 17:07:38,31.4,53.0,137.2,54.0,0.0,0.0,0.0
2026-04-12 17:07:43,31.2,53.0,126.5,54.0,0.0,0.0,0.0
2026-04-12 17:07:48,31.2,52.9,127.7,54.0,0.0,0.0,0.0
2026-04-12 17:07:53,31.2,52.9,142.3,54.0,0.0,0.0,0.0
2026-04-12 17:07:58,31.0,53.0,129.1,54.0,0.0,0.0,0.0
2026-04-12 17:08:03,31.2,53.0,132.5,54.0,0.0,0.0,0.0
2026-04-12 17:08:08,31.2,53.1,138.3,54.0,0.0,0.0,0.0
2026-04-12 17:08:13,31.3,52.9,116.7,54.0,0.0,0.0,0.0
2026-04-12 17:08:18,31.2,52.9,127.4,54.0,0.0,0.0,0.0
2026-04-12 17:08:23,31.2,53.0,128.7,54.0,0.0,0.0,0.0
2026-04-12 17:08:28,31.1,53.0,119.4,54.0,0.0,0.0,0.0
2026-04-12 17:08:33,31.2,53.0,140.9,54.0,0.0,0.0,0.0
2026-04-12 17:08:38,31.3,52.9,132.6,54.0,0.0,0.0,0.0
2026-04-12 17:08:43,31.3,53.0,149.7,54.0,0.0,0.0,0.0
2026-04-12 17:08:48,31.2,53.0,145.7,54.0,0.0,0.0,0.0
2026-04-12 17:08:53,31.2,52.9,136.0,54.0,0.0,0.0,0.0
2026-04-12 17:08:58,31.3,52.9,123.4,54.0,0.0,0.0,0.0
2026-04-12 17:09:03,31.2,53.1,125.0,54.0,0.0,0.0,0.0
2026-04-12 17:09:08,31.4,53.1,129.1,54.0,0.0,0.0,0.0
2026-04-12 17:09:13,31.3,53.3,99.7,54.0,0.0,0.0,0.0
2026-04-12 17:09:18,31.1,53.3,144.2,54.0,0.0,0.0,0.0
2026-04-12 17:09:23,31.3,53.2,123.9,54.0,0.0,0.0,0.0
2026-04-12 17:09:28,31.2,53.3,113.3,54.0,0.0,0.0,0.0
2026-04-12 17:09:33,31.3,53.2,120.8,54.0,0.0,0.0,0.0
2026-04-12 17:09:38,31.3,53.0,124.1,54.0,0.0,0.0,0.0
2026-04-12 17:09:43,31.3,53.1,128.5,54.0,0.0,0.0,0.0
2026-04-12 17:09:48,31.3,53.2,122.3,54.0,0.0,0.0,0.0
2026-04-12 17:09:53,31.3,53.0,132.9,54.0,0.0,0.0,0.0
2026-04-12 17:09:58,31.1,53.2,141.6,54.0,0.0,0.0,0.0
2026-04-12 17:10:03,31.2,53.2,146.2,54.0,0.0,0.0,0.0
2026-04-12 17:10:08,31.2,53.2,129.1,54.0,0.0,0.0,0.0
2026-04-12 17:10:13,31.3,53.0,128.1,54.1,0.0,0.0,0.0
2026-04-12 17:10:18,31.3,53.2,123.2,54.1,0.0,0.0,0.0
2026-04-12 17:10:23,31.3,53.1,125.4,54.1,0.0,0.0,0.0
2026-04-12 17:10:28,31.2,53.1,120.4,54.0,0.0,0.0,0.0
2026-04-12 17:10:33,31.2,53.1,133.3,54.0,0.0,0.0,0.0
2026-04-12 17:10:38,31.2,53.1,121.6,54.0,0.0,0.0,0.0
2026-04-12 17:10:43,31.3,52.9,122.5,54.0,0.0,0.0,0.0
2026-04-12 17:10:48,31.2,53.0,109.9,54.0,0.0,0.0,0.0
2026-04-12 17:10:53,31.0,53.0,128.7,54.1,0.0,0.0,0.0
2026-04-12 17:10:58,31.2,52.9,122.8,54.1,0.0,0.0,0.0
2026-04-12 17:11:03,31.1,53.0,120.5,54.1,0.0,0.0,0.0
2026-04-12 17:11:08,31.3,52.9,121.7,54.1,0.0,0.0,0.0
2026-04-12 17:11:13,31.1,52.9,138.3,54.1,0.0,0.0,0.0
2026-04-12 17:11:18,31.2,52.9,136.0,54.1,0.0,0.0,0.0
2026-04-12 17:11:23,31.1,52.9,129.4,54.1,0.0,0.0,0.0
2026-04-12 17:11:28,31.2,52.9,115.4,54.1,0.0,0.0,0.0
2026-04-12 17:11:33,31.2,52.8,139.2,54.1,0.0,0.0,0.0
2026-04-12 17:11:38,31.2,52.8,122.7,54.1,0.0,0.0,0.0
2026-04-12 17:11:43,31.1,52.9,128.7,54.0,0.0,0.0,0.0
2026-04-12 17:11:48,31.1,53.0,134.5,54.0,0.0,0.0,0.0
2026-04-12 17:11:53,31.3,53.0,123.2,54.0,0.0,0.0,0.0
2026-04-12 17:11:58,31.2,53.1,104.9,54.0,0.0,0.0,0.0
2026-04-12 17:12:03,31.2,53.0,110.8,54.0,0.0,0.0,0.0
2026-04-12 17:12:08,31.2,53.1,104.1,54.0,0.0,0.0,0.0
2026-04-12 17:12:13,31.2,53.2,117.4,54.0,0.0,0.0,0.0
2026-04-12 17:12:18,31.3,53.3,115.4,54.0,0.0,0.0,0.0
2026-04-12 17:12:23,31.2,53.3,123.7,54.0,0.0,0.0,0.0
2026-04-12 17:12:28,31.1,53.3,107.1,54.0,0.0,0.0,0.0
2026-04-12 17:12:33,31.0,53.4,118.2,54.0,0.0,0.0,0.0
2026-04-12 17:12:38,31.2,53.2,114.6,54.0,0.0,0.0,0.0
2026-04-12 17:12:43,31.1,53.3,129.5,54.0,0.0,0.0,0.0
2026-04-12 17:12:48,31.2,53.3,106.5,54.0,0.0,0.0,0.0
2026-04-12 17:12:53,31.3,53.3,103.4,54.0,0.0,0.0,0.0
2026-04-12 17:12:58,31.2,53.3,108.8,54.1,0.0,0.0,0.0
2026-04-12 17:13:03,31.2,53.3,114.8,54.1,0.0,0.0,0.0
2026-04-12 17:13:08,31.3,53.4,117.1,54.1,0.0,0.0,0.0
2026-04-12 17:13:13,31.3,53.3,130.5,54.1,0.0,0.0,0.0
2026-04-12 17:13:18,31.3,53.2,113.9,54.1,0.0,0.0,0.0
2026-04-12 17:13:23,31.3,53.4,118.5,54.1,0.0,0.0,0.0
2026-04-12 17:13:28,31.1,53.5,122.1,54.1,0.0,0.0,0.0
2026-04-12 17:13:33,31.2,53.7,119.4,54.0,0.0,0.0,0.0
2026-04-12 17:13:38,31.1,53.9,118.7,54.0,0.0,0.0,0.0
2026-04-12 17:13:43,31.2,53.9,98.7,54.0,0.0,0.0,0.0
2026-04-12 17:13:48,31.2,54.1,125.9,54.0,0.0,0.0,0.0
2026-04-12 17:13:53,31.1,54.0,114.0,54.0,0.0,0.0,0.0
2026-04-12 17:13:58,31.1,54.0,111.7,54.0,0.0,0.0,0.0
2026-04-12 17:14:03,31.2,54.1,115.9,54.0,0.0,0.0,0.0
2026-04-12 17:14:08,31.2,53.9,121.4,54.0,0.0,0.0,0.0
2026-04-12 17:14:13,31.2,54.0,114.7,54.0,0.0,0.0,0.0
2026-04-12 17:14:18,31.2,54.0,105.4,54.0,0.0,0.0,0.0
2026-04-12 17:14:23,31.1,54.0,121.0,54.0,0.0,0.0,0.0
2026-04-12 17:14:28,31.2,54.1,100.8,54.0,0.0,0.0,0.0
2026-04-12 17:14:33,31.3,54.2,108.8,54.0,0.0,0.0,0.0
2026-04-12 17:14:38,31.3,54.1,104.3,54.0,0.0,0.0,0.0
2026-04-12 17:14:43,31.2,54.1,104.5,54.0,0.0,0.0,0.0
2026-04-12 17:14:48,31.0,54.2,89.4,54.0,0.0,0.0,0.0
2026-04-12 17:14:53,31.2,54.2,116.7,54.0,0.0,0.0,0.0
2026-04-12 17:14:58,31.4,54.2,104.5,54.0,0.0,0.0,0.0
2026-04-12 17:15:03,31.2,54.2,101.0,54.0,0.0,0.0,0.0
2026-04-12 17:15:08,31.3,54.2,117.9,54.0,0.0,0.0,0.0
2026-04-12 17:15:13,31.3,54.2,96.0,54.0,0.0,0.0,0.0
2026-04-12 17:15:18,31.1,54.2,129.8,54.0,0.0,0.0,0.0
2026-04-12 17:15:23,31.2,54.1,111.8,54.0,0.0,0.0,0.0
2026-04-12 17:15:28,31.2,54.1,113.7,54.0,0.0,0.0,0.0
2026-04-12 17:15:33,31.2,54.2,103.9,54.1,0.0,0.0,0.0
2026-04-12 17:15:38,31.1,54.1,126.7,54.1,0.0,0.0,0.0
2026-04-12 17:15:43,31.3,54.0,101.1,54.1,0.0,0.0,0.0
2026-04-12 17:15:48,31.2,54.1,112.4,54.1,0.0,0.0,0.0
2026-04-12 17:15:53,31.2,53.9,111.6,54.1,0.0,0.0,0.0
2026-04-12 17:15:58,31.1,54.0,104.5,54.1,0.0,0.0,0.0
2026-04-12 17:16:03,31.2,54.0,111.7,54.0,0.0,0.0,0.0
2026-04-12 17:16:08,31.2,54.1,113.8,54.0,0.0,0.0,0.0
2026-04-12 17:16:13,31.2,54.0,109.0,54.0,0.0,0.0,0.0
2026-04-12 17:16:18,31.2,54.0,108.9,54.0,0.0,0.0,0.0
2026-04-12 17:16:23,31.2,54.0,110.0,54.0,0.0,0.0,0.0
2026-04-12 17:16:28,31.2,54.0,123.5,54.0,0.0,0.0,0.0
2026-04-12 17:16:33,31.0,54.0,120.2,54.0,0.0,0.0,0.0
2026-04-12 17:16:38,31.4,54.0,103.1,54.0,0.0,0.0,0.0
2026-04-12 17:16:43,31.2,54.0,101.6,54.0,0.0,0.0,0.0
2026-04-12 17:16:48,31.1,54.0,130.9,54.0,0.0,0.0,0.0
2026-04-12 17:16:53,31.0,53.9,108.7,54.0,0.0,0.0,0.0
2026-04-12 17:16:58,31.1,53.8,100.0,54.0,0.0,0.0,0.0
2026-04-12 17:17:03,31.3,53.7,105.2,54.0,0.0,0.0,0.0
2026-04-12 17:17:08,31.0,53.8,127.3,54.0,0.0,0.0,0.0
2026-04-12 17:17:13,31.1,53.8,117.2,54.0,0.0,0.0,0.0
2026-04-12 17:17:18,31.2,54.0,102.1,54.0,0.0,0.0,0.0
2026-04-12 17:17:23,31.0,53.9,113.0,54.0,0.0,0.0,0.0
2026-04-12 17:17:28,31.1,54.0,98.6,54.0,0.0,0.0,0.0
2026-04-12 17:17:33,31.2,54.0,127.1,54.0,0.0,0.0,0.0
2026-04-12 17:17:38,31.1,54.0,88.8,54.0,0.0,0.0,0.0
2026-04-12 17:17:43,31.3,53.9,103.9,54.0,0.0,0.0,0.0
2026-04-12 17:17:48,31.2,53.9,117.2,54.0,0.0,0.0,0.0
2026-04-12 17:17:53,31.1,54.0,97.2,54.0,0.0,0.0,0.0
2026-04-12 17:17:58,31.2,54.1,92.0,54.0,0.0,0.0,0.0
2026-04-12 17:18:03,31.0,54.1,111.7,54.0,0.0,0.0,0.0
2026-04-12 17:18:08,31.0,54.2,118.8,54.0,0.0,0.0,0.0
2026-04-12 17:18:13,31.2,54.2,99.9,54.0,0.0,0.0,0.0
2026-04-12 17:18:18,31.1,54.1,110.8,54.0,0.0,0.0,0.0
2026-04-12 17:18:23,31.0,54.1,111.5,54.0,0.0,0.0,0.0
2026-04-12 17:18:28,31.1,54.3,111.8,54.0,0.0,0.0,0.0
2026-04-12 17:18:33,31.1,54.3,95.9,53.9,0.0,0.0,0.0
2026-04-12 17:18:38,31.1,54.2,112.9,53.9,0.0,0.0,0.0
2026-04-12 17:18:43,31.1,54.4,95.7,54.0,0.0,0.0,0.0
2026-04-12 17:18:48,31.1,54.5,86.0,54.0,0.0,0.0,0.0
2026-04-12 17:18:53,31.1,54.5,104.9,54.0,0.0,0.0,0.0
2026-04-12 17:18:58,31.0,54.6,96.2,54.0,0.0,0.0,0.0
2026-04-12 17:19:03,31.1,54.7,104.8,54.0,0.0,0.0,0.0
2026-04-12 17:19:08,31.1,54.6,97.5,54.0,0.0,0.0,0.0
2026-04-12 17:19:13,31.2,54.5,102.3,54.0,0.0,0.0,0.0
2026-04-12 17:19:18,31.1,54.4,73.5,54.0,0.0,0.0,0.0
2026-04-12 17:19:23,31.1,54.4,100.5,54.0,0.0,0.0,0.0
2026-04-12 17:19:28,31.1,54.4,91.3,54.0,0.0,0.0,0.0
2026-04-12 17:19:33,31.1,54.5,86.8,54.0,0.0,0.0,0.0
2026-04-12 17:19:38,31.0,54.4,104.8,54.0,0.0,0.0,0.0
2026-04-12 17:19:43,31.3,54.3,92.1,54.0,0.0,0.0,0.0
2026-04-12 17:19:48,31.2,54.4,90.2,54.0,0.0,0.0,0.0
2026-04-12 17:19:53,31.0,54.4,89.5,54.0,0.0,0.0,0.0
2026-04-12 17:19:58,31.2,54.4,86.1,54.0,0.0,0.0,0.0
2026-04-12 17:20:03,31.0,54.4,103.1,54.0,0.0,0.0,0.0
2026-04-12 17:20:08,31.0,54.5,100.5,54.0,0.0,0.0,0.0
2026-04-12 17:20:13,31.1,54.5,92.7,54.0,0.0,0.0,0.0
2026-04-12 17:20:18,31.2,54.7,102.1,54.0,0.0,0.0,0.0
2026-04-12 17:20:23,31.3,54.6,93.0,54.0,0.0,0.0,0.0
2026-04-12 17:20:28,31.2,54.6,94.5,54.0,0.0,0.0,0.0
2026-04-12 17:20:33,31.0,54.7,88.5,54.0,0.0,0.0,0.0
2026-04-12 17:20:38,31.1,54.7,101.8,54.0,0.0,0.0,0.0
2026-04-12 17:20:43,31.0,54.7,110.4,54.0,0.0,0.0,0.0
2026-04-12 17:20:48,30.9,54.7,85.2,54.0,0.0,0.0,0.0
2026-04-12 17:20:53,31.1,54.7,130.9,54.0,0.0,0.0,0.0
2026-04-12 17:20:58,31.1,54.7,105.3,54.0,0.0,0.0,0.0
2026-04-12 17:21:03,31.2,54.6,99.5,54.0,0.0,0.0,0.0
2026-04-12 17:21:08,31.1,54.6,83.5,54.0,0.0,0.0,0.0
2026-04-12 17:21:13,31.1,54.7,105.8,54.0,0.0,0.0,0.0
2026-04-12 17:21:18,31.1,54.7,121.9,54.0,0.0,0.0,0.0
2026-04-12 17:21:23,31.1,54.7,87.5,54.0,0.0,0.0,0.0
2026-04-12 17:21:28,31.0,54.8,86.3,54.0,0.0,0.0,0.0
2026-04-12 17:21:33,31.1,54.8,109.4,54.0,0.0,0.0,0.0
2026-04-12 17:21:38,31.2,54.7,93.9,54.0,0.0,0.0,0.0
2026-04-12 17:21:43,31.1,54.6,89.5,54.0,0.0,0.0,0.0
2026-04-12 17:21:48,31.1,54.6,86.6,54.0,0.0,0.0,0.0
2026-04-12 17:21:53,31.1,54.6,93.3,54.0,0.0,0.0,0.0
2026-04-12 17:21:58,31.1,54.7,83.8,54.0,0.0,0.0,0.0
2026-04-12 17:22:03,31.2,54.7,98.9,54.0,0.0,0.0,0.0
2026-04-12 17:22:08,31.1,54.8,96.5,54.0,0.0,0.0,0.0
2026-04-12 17:22:13,31.2,54.8,82.9,54.0,0.0,0.0,0.0
2026-04-12 17:22:18,31.2,54.8,99.4,54.0,0.0,0.0,0.0
2026-04-12 17:22:23,31.1,54.7,90.0,54.0,0.0,0.0,0.0
2026-04-12 17:22:28,31.1,54.7,88.5,54.0,0.0,0.0,0.0
2026-04-12 17:22:33,31.2,54.7,96.1,54.0,0.0,0.0,0.0
2026-04-12 17:22:38,31.2,54.8,87.6,54.0,0.0,0.0,0.0
2026-04-12 17:22:43,31.1,54.9,99.6,54.0,0.0,0.0,0.0
2026-04-12 17:22:48,31.2,55.0,96.1,54.0,0.0,0.0,0.0
2026-04-12 17:22:53,31.2,55.0,81.3,54.0,0.0,0.0,0.0
2026-04-12 17:22:58,30.9,54.9,75.7,54.0,0.0,0.0,0.0
2026-04-12 17:23:03,31.2,55.0,89.9,54.0,0.0,0.0,0.0
2026-04-12 17:23:08,31.1,55.2,89.9,54.0,0.0,0.0,0.0
2026-04-12 17:23:13,31.1,55.2,92.4,54.0,0.0,0.0,0.0
2026-04-12 17:23:18,31.0,55.3,93.7,53.9,0.0,0.0,0.0
2026-04-12 17:23:23,31.1,55.3,93.5,53.9,0.0,0.0,0.0
2026-04-12 17:23:28,31.1,55.3,101.3,53.9,0.0,0.0,0.0
2026-04-12 17:23:33,31.0,55.2,87.7,53.9,0.0,0.0,0.0
2026-04-12 17:23:38,31.1,55.3,83.6,54.0,0.0,0.0,0.0
2026-04-12 17:23:43,31.0,55.4,107.8,54.0,0.0,0.0,0.0
2026-04-12 17:23:48,31.0,55.2,93.2,54.0,0.0,0.0,0.0
2026-04-12 17:23:53,31.1,55.3,91.3,54.0,0.0,0.0,0.0
2026-04-12 17:23:58,31.1,55.2,85.6,54.0,0.0,0.0,0.0
2026-04-12 17:24:03,30.9,55.2,106.1,54.0,0.0,0.0,0.0
2026-04-12 17:24:08,31.1,55.2,77.2,54.0,0.0,0.0,0.0
2026-04-12 17:24:13,31.1,55.0,97.8,54.0,0.0,0.0,0.0
2026-04-12 17:24:18,31.0,54.9,73.4,54.0,0.0,0.0,0.0
2026-04-12 17:24:23,31.0,55.0,107.1,54.0,0.0,0.0,0.0
2026-04-12 17:24:28,31.1,55.0,73.8,54.0,0.0,0.0,0.0
2026-04-12 17:24:33,31.1,55.2,85.8,54.0,0.0,0.0,0.0
2026-04-12 17:24:38,31.2,55.2,91.1,54.0,0.0,0.0,0.0
2026-04-12 17:24:43,31.0,55.2,100.8,54.0,0.0,0.0,0.0
2026-04-12 17:24:48,31.0,55.1,107.6,54.0,0.0,0.0,0.0
2026-04-12 17:24:53,31.1,55.0,83.2,54.0,0.0,0.0,0.0
2026-04-12 17:24:58,31.0,55.1,98.3,53.9,0.0,0.0,0.0
2026-04-12 17:25:03,31.1,55.1,88.2,53.9,0.0,0.0,0.0
2026-04-12 17:25:08,31.0,55.1,92.7,53.9,0.0,0.0,0.0
2026-04-12 17:25:13,31.1,55.1,84.2,53.9,0.0,0.0,0.0
2026-04-12 17:25:18,31.1,55.1,84.6,53.9,0.0,0.0,0.0
2026-04-12 17:25:23,31.0,55.3,92.5,53.9,0.0,0.0,0.0
2026-04-12 17:25:28,31.0,55.1,77.6,53.9,0.0,0.0,0.0
2026-04-12 17:25:33,31.2,55.0,73.5,53.9,0.0,0.0,0.0
2026-04-12 17:25:38,31.0,55.1,80.4,53.9,0.0,0.0,0.0
2026-04-12 17:25:43,31.2,55.1,85.4,53.9,0.0,0.0,0.0
2026-04-12 17:25:48,31.1,55.3,86.5,53.9,0.0,0.0,0.0
2026-04-12 17:25:53,31.2,55.3,97.7,53.9,0.0,0.0,0.0
2026-04-12 17:25:58,31.0,55.3,82.2,53.9,0.0,0.0,0.0
2026-04-12 17:26:03,30.9,55.4,84.3,53.9,0.0,0.0,0.0
2026-04-12 17:26:08,31.1,55.5,73.4,53.9,0.0,0.0,0.0
2026-04-12 17:26:13,31.0,55.4,73.7,53.9,0.0,0.0,0.0
2026-04-12 17:26:18,31.0,55.4,93.5,53.9,0.0,0.0,0.0
2026-04-12 17:26:23,31.0,55.4,82.7,53.9,0.0,0.0,0.0
2026-04-12 17:26:28,31.0,55.4,77.5,53.9,0.0,0.0,0.0
2026-04-12 17:26:33,30.8,55.6,66.8,53.9,0.0,0.0,0.0
2026-04-12 17:26:38,31.0,55.6,78.5,53.9,0.0,0.0,0.0
2026-04-12 17:26:43,31.0,55.6,73.6,53.9,0.0,0.0,0.0
2026-04-12 17:26:48,31.1,55.7,76.1,53.9,0.0,0.0,0.0
2026-04-12 17:26:53,31.1,55.7,74.2,53.9,0.0,0.0,0.0
2026-04-12 17:26:58,31.1,55.5,71.3,53.9,0.0,0.0,0.0
2026-04-12 17:27:03,31.0,55.5,93.5,53.9,0.0,0.0,0.0
2026-04-12 17:27:08,30.9,55.3,87.1,53.9,0.0,0.0,0.0
2026-04-12 17:27:13,31.0,55.4,60.3,53.9,0.0,0.0,0.0
2026-04-12 17:27:18,31.0,55.5,76.5,53.9,0.0,0.0,0.0
2026-04-12 17:27:23,31.0,55.4,61.0,53.9,0.0,0.0,0.0
2026-04-12 17:27:28,31.1,55.5,88.6,53.9,0.0,0.0,0.0
2026-04-12 17:27:33,30.9,55.5,82.1,53.9,0.0,0.0,0.0
2026-04-12 17:27:38,31.0,55.5,65.1,53.9,0.0,0.0,0.0
2026-04-12 17:27:43,31.0,55.6,80.7,53.9,0.0,0.0,0.0
2026-04-12 17:27:48,30.9,55.6,63.5,53.9,0.0,0.0,0.0
2026-04-12 17:27:53,30.9,55.6,80.0,53.9,0.0,0.0,0.0
2026-04-12 17:27:58,30.9,55.5,69.4,53.9,0.0,0.0,0.0
2026-04-12 17:28:03,31.0,55.4,66.2,53.9,0.0,0.0,0.0
2026-04-12 17:28:08,31.0,55.4,87.9,53.9,0.0,0.0,0.0
2026-04-12 17:28:13,31.0,55.4,72.7,53.9,0.0,0.0,0.0
2026-04-12 17:28:18,30.9,55.4,85.7,53.9,0.0,0.0,0.0
2026-04-12 17:28:23,31.0,55.4,65.3,53.9,0.0,0.0,0.0
2026-04-12 17:28:28,31.0,55.4,81.7,53.9,0.0,0.0,0.0
2026-04-12 17:28:33,31.0,55.3,58.2,53.9,0.0,0.0,0.0
2026-04-12 17:28:38,30.9,55.1,76.8,53.9,0.0,0.0,0.0
2026-04-12 17:28:43,31.0,55.1,70.4,53.9,0.0,0.0,0.0
2026-04-12 17:28:48,30.9,55.2,88.9,53.9,0.0,0.0,0.0
2026-04-12 17:28:53,31.0,55.2,87.2,53.9,0.0,0.0,0.0
2026-04-12 17:28:58,31.0,55.4,88.9,53.9,0.0,0.0,0.0
2026-04-12 17:29:03,30.9,55.4,76.6,53.9,0.0,0.0,0.0
2026-04-12 17:29:08,31.0,55.5,60.0,53.9,0.0,0.0,0.0
2026-04-12 17:29:13,31.0,55.6,80.3,53.9,0.0,0.0,0.0
2026-04-12 17:29:18,31.1,55.6,70.1,53.9,0.0,0.0,0.0
2026-04-12 17:29:23,30.8,55.7,58.3,53.9,0.0,0.0,0.0
2026-04-12 17:29:28,30.9,55.8,79.2,53.9,0.0,0.0,0.0
2026-04-12 17:29:33,30.8,55.9,96.3,53.9,0.0,0.0,0.0
2026-04-12 17:29:38,30.8,55.9,65.4,53.9,0.0,0.0,0.0
2026-04-12 17:29:43,31.0,55.9,84.8,53.9,0.0,0.0,0.0
2026-04-12 17:29:48,30.9,55.9,48.8,53.9,0.0,0.0,0.0
2026-04-12 17:29:53,30.9,55.9,70.6,53.9,0.0,0.0,0.0
2026-04-12 17:29:58,30.9,55.7,62.2,53.9,0.0,0.0,0.0
2026-04-12 17:30:03,31.0,55.7,54.8,53.9,0.0,0.0,0.0
2026-04-12 17:30:08,31.0,55.6,77.2,53.9,0.0,0.0,0.0
2026-04-12 17:30:13,30.9,55.6,52.3,53.9,0.0,0.0,0.0
2026-04-12 17:30:18,30.9,55.5,69.5,53.9,0.0,0.0,0.0
2026-04-12 17:30:23,30.9,55.5,73.5,53.9,0.0,0.0,0.0
2026-04-12 17:30:28,31.0,55.4,81.5,53.9,0.0,0.0,0.0
2026-04-12 17:30:33,31.0,55.4,68.9,53.9,0.0,0.0,0.0
2026-04-12 17:30:38,31.0,55.4,71.7,53.9,0.0,0.0,0.0
2026-04-12 17:30:43,30.9,55.4,86.1,53.9,0.0,0.0,0.0
2026-04-12 17:30:48,31.0,55.4,59.0,53.9,0.0,0.0,0.0
2026-04-12 17:30:53,31.1,55.3,64.5,53.9,0.0,0.0,0.0
2026-04-12 17:30:58,30.8,55.5,57.8,53.9,0.0,0.0,0.0
2026-04-12 17:31:03,31.0,55.4,66.8,53.9,0.0,0.0,0.0
2026-04-12 17:31:08,31.0,55.3,63.5,53.9,0.0,0.0,0.0
2026-04-12 17:31:13,31.1,55.4,67.5,53.9,0.0,0.0,0.0
2026-04-12 17:31:18,31.0,55.3,67.9,53.9,0.0,0.0,0.0
2026-04-12 17:31:23,30.9,55.2,68.3,53.9,0.0,0.0,0.0
2026-04-12 17:31:28,30.9,55.2,59.1,53.9,0.0,0.0,0.0
2026-04-12 17:31:33,31.0,55.2,66.9,53.9,0.0,0.0,0.0
2026-04-12 17:31:38,30.9,55.2,60.8,53.9,0.0,0.0,0.0
2026-04-12 17:31:43,31.1,55.3,59.0,53.9,0.0,0.0,0.0
2026-04-12 17:31:48,31.0,55.4,63.7,53.9,0.0,0.0,0.0
2026-04-12 17:31:53,31.0,55.4,76.6,53.9,0.0,0.0,0.0
2026-04-12 17:31:58,31.0,55.3,68.6,53.9,0.0,0.0,0.0
2026-04-12 17:32:03,31.1,55.4,74.7,53.9,0.0,0.0,0.0
2026-04-12 17:32:08,31.1,55.4,78.1,53.9,0.0,0.0,0.0
2026-04-12 17:32:13,31.0,55.5,77.2,53.9,0.0,0.0,0.0
2026-04-12 17:32:18,30.8,55.7,53.1,53.9,0.0,0.0,0.0
2026-04-12 17:32:23,31.1,55.7,75.0,53.9,0.0,0.0,0.0
2026-04-12 17:32:28,31.1,55.8,71.5,53.9,0.0,0.0,0.0
2026-04-12 17:32:33,31.1,55.9,71.9,53.9,0.0,0.0,0.0
2026-04-12 17:32:38,30.9,55.9,65.5,53.9,0.0,0.0,0.0
2026-04-12 17:32:43,30.9,55.9,67.2,53.9,0.0,0.0,0.0
2026-04-12 17:32:48,31.0,56.2,70.7,53.9,0.0,0.0,0.0
2026-04-12 17:32:53,31.0,56.2,68.8,53.9,0.0,0.0,0.0
2026-04-12 17:32:58,31.0,56.1,62.4,53.9,0.0,0.0,0.0
2026-04-12 17:33:03,31.1,56.1,76.9,53.9,0.0,0.0,0.0
2026-04-12 17:33:08,31.0,56.0,50.6,53.9,0.0,0.0,0.0
2026-04-12 17:33:13,30.9,55.9,51.9,53.9,0.0,0.0,0.0
2026-04-12 17:33:18,31.0,56.0,65.1,53.9,0.0,0.0,0.0
2026-04-12 17:33:23,30.9,56.0,68.9,53.9,0.0,0.0,0.0
2026-04-12 17:33:28,30.9,56.1,47.3,53.9,0.0,0.0,0.0
2026-04-12 17:33:33,31.1,56.0,77.6,53.9,0.0,0.0,0.0
2026-04-12 17:33:38,31.0,55.9,53.9,53.8,0.0,0.0,0.0
2026-04-12 17:33:43,30.9,55.7,71.6,53.8,0.0,0.0,0.0
2026-04-12 17:33:48,30.9,55.9,60.5,53.9,0.0,0.0,0.0
2026-04-12 17:33:53,30.8,56.0,55.3,53.9,0.0,0.0,0.0
2026-04-12 17:33:58,30.9,56.0,54.7,53.9,0.0,0.0,0.0
2026-04-12 17:34:03,31.0,55.9,63.4,53.9,0.0,0.0,0.0
2026-04-12 17:34:08,30.8,55.9,72.4,53.9,0.0,0.0,0.0
2026-04-12 17:34:13,30.9,56.0,59.0,53.8,0.0,0.0,0.0
2026-04-12 17:34:18,31.0,55.9,72.8,53.8,0.0,0.0,0.0
2026-04-12 17:34:23,30.9,56.0,74.6,53.8,0.0,0.0,0.0
2026-04-12 17:34:28,30.8,56.1,55.0,53.9,0.0,0.0,0.0
2026-04-12 17:34:33,30.9,56.1,77.8,53.9,0.0,0.0,0.0
2026-04-12 17:34:38,30.8,56.2,54.4,53.9,0.0,0.0,0.0
2026-04-12 17:34:43,30.9,56.3,72.2,53.9,0.0,0.0,0.0
2026-04-12 17:34:48,30.8,56.3,63.9,53.9,0.0,0.0,0.0
2026-04-12 17:34:53,30.9,56.4,65.7,53.9,0.0,0.0,0.0
2026-04-12 17:34:58,30.7,56.3,49.6,53.9,0.0,0.0,0.0
2026-04-12 17:35:03,31.0,56.4,61.2,53.9,0.0,0.0,0.0
2026-04-12 17:35:08,30.8,56.4,65.8,53.9,0.0,0.0,0.0
2026-04-12 17:35:13,30.9,56.2,55.0,53.9,0.0,0.0,0.0
2026-04-12 17:35:18,30.9,56.4,56.9,53.9,0.0,0.0,0.0
2026-04-12 17:35:23,30.9,56.4,63.2,53.9,0.0,0.0,0.0
2026-04-12 17:35:28,31.0,56.4,60.2,53.9,0.0,0.0,0.0
2026-04-12 17:35:33,30.8,56.3,62.4,53.9,0.0,0.0,0.0
2026-04-12 17:35:38,30.8,56.3,53.8,53.9,0.0,0.0,0.0
2026-04-12 17:35:43,30.8,56.5,58.1,53.9,0.0,0.0,0.0
2026-04-12 17:35:48,30.8,56.4,55.2,53.9,0.0,0.0,0.0
2026-04-12 17:35:53,30.9,56.4,58.8,53.9,0.0,0.0,0.0
2026-04-12 17:35:58,30.9,56.5,56.5,53.9,0.0,0.0,0.0
2026-04-12 17:36:03,31.0,56.4,45.8,53.9,0.0,0.0,0.0
2026-04-12 17:36:08,31.0,56.5,51.8,53.9,0.0,0.0,0.0
2026-04-12 17:36:13,30.8,56.6,48.2,53.9,0.0,0.0,0.0
2026-04-12 17:36:18,31.0,56.6,59.9,53.9,0.0,0.0,0.0
2026-04-12 17:36:23,30.8,56.7,56.4,53.9,0.0,0.0,0.0
2026-04-12 17:36:28,30.8,56.6,61.8,53.9,0.0,0.0,0.0
2026-04-12 17:36:33,30.8,56.5,55.7,53.9,0.0,0.0,0.0
2026-04-12 17:36:38,30.8,56.6,71.2,53.9,0.0,0.0,0.0
2026-04-12 17:36:43,30.8,56.6,62.4,53.9,0.0,0.0,0.0
2026-04-12 17:36:48,30.9,56.5,42.2,53.9,0.0,0.0,0.0
2026-04-12 17:36:53,30.9,56.6,62.6,53.9,0.0,0.0,0.0
2026-04-12 17:36:58,30.8,56.6,51.1,53.9,0.0,0.0,0.0
2026-04-12 17:37:03,30.9,56.7,62.1,53.9,0.0,0.0,0.0
2026-04-12 17:37:08,31.0,56.7,57.6,53.9,0.0,0.0,0.0
2026-04-12 17:37:13,30.8,56.8,33.6,53.9,0.0,0.0,0.0
2026-04-12 17:37:18,30.8,56.8,40.0,53.8,0.0,0.0,0.0
2026-04-12 17:37:23,31.2,56.9,48.7,53.8,0.0,0.0,0.0
2026-04-12 17:37:28,30.9,56.8,60.4,53.9,0.0,0.0,0.0
2026-04-12 17:37:33,30.9,56.8,57.9,53.9,0.0,0.0,0.0
2026-04-12 17:37:38,31.1,56.8,72.6,53.9,0.0,0.0,0.0
2026-04-12 17:37:43,31.0,56.7,43.7,53.9,0.0,0.0,0.0
2026-04-12 17:37:48,30.9,56.7,46.4,53.8,0.0,0.0,0.0
2026-04-12 17:37:53,30.9,56.7,65.9,53.8,0.0,0.0,0.0
2026-04-12 17:37:58,30.9,56.6,50.1,53.8,0.0,0.0,0.0
2026-04-12 17:38:03,30.9,56.6,44.7,53.8,0.0,0.0,0.0
2026-04-12 17:38:08,30.9,56.6,48.7,53.8,0.0,0.0,0.0
2026-04-12 17:38:13,30.8,56.5,63.2,53.8,0.0,0.0,0.0
2026-04-12 17:38:18,31.0,56.5,61.2,53.8,0.0,0.0,0.0
2026-04-12 17:38:23,30.9,56.5,45.6,53.8,0.0,0.0,0.0
2026-04-12 17:38:28,31.0,56.5,32.1,53.8,0.0,0.0,0.0
2026-04-12 17:38:33,30.8,56.5,58.3,53.8,0.0,0.0,0.0
2026-04-12 17:38:38,30.8,56.6,71.2,53.9,0.0,0.0,0.0
2026-04-12 17:38:43,30.9,56.5,55.7,53.9,0.0,0.0,0.0
2026-04-12 17:38:48,30.8,56.5,48.3,53.9,0.0,0.0,0.0
2026-04-12 17:38:53,30.8,56.5,56.9,53.9,0.0,0.0,0.0
2026-04-12 17:38:58,30.8,56.5,65.0,53.9,0.0,0.0,0.0
2026-04-12 17:39:03,30.9,56.5,49.0,53.9,0.0,0.0,0.0
2026-04-12 17:39:08,30.9,56.6,48.4,53.9,0.0,0.0,0.0
2026-04-12 17:39:13,31.0,56.6,68.8,53.9,0.0,0.0,0.0
2026-04-12 17:39:18,30.9,56.5,48.3,53.8,0.0,0.0,0.0
2026-04-12 17:39:23,30.9,56.6,54.5,53.8,0.0,0.0,0.0
2026-04-12 17:39:28,30.7,56.5,61.5,53.8,0.0,0.0,0.0
2026-04-12 17:39:33,31.0,56.5,52.9,53.8,0.0,0.0,0.0
2026-04-12 17:39:38,30.8,56.6,48.4,53.8,0.0,0.0,0.0
2026-04-12 17:39:43,30.9,56.5,40.9,53.8,0.0,0.0,0.0
2026-04-12 17:39:48,30.9,56.6,50.5,53.8,0.0,0.0,0.0
2026-04-12 17:39:53,31.1,56.7,56.4,53.8,0.0,0.0,0.0
2026-04-12 17:39:58,30.8,56.8,47.5,53.8,0.0,0.0,0.0
2026-04-12 17:40:03,31.0,56.8,58.1,53.9,0.0,0.0,0.0
2026-04-12 17:40:08,30.9,57.0,43.2,53.9,0.0,0.0,0.0
2026-04-12 17:40:13,30.9,56.9,50.6,53.8,0.0,0.0,0.0
2026-04-12 17:40:18,30.8,56.9,50.4,53.8,0.0,0.0,0.0
2026-04-12 17:40:23,31.0,56.9,39.6,53.9,0.0,0.0,0.0
2026-04-12 17:40:28,31.1,56.9,52.5,53.9,0.0,0.0,0.0
2026-04-12 17:40:33,30.7,56.9,52.6,53.9,0.0,0.0,0.0
2026-04-12 17:40:38,30.9,56.7,29.4,53.8,0.0,0.0,0.0
2026-04-12 17:40:43,31.1,56.7,48.8,53.8,0.0,0.0,0.0
2026-04-12 17:40:48,30.9,56.7,37.8,53.9,0.0,0.0,0.0
2026-04-12 17:40:53,30.9,56.6,52.0,53.9,0.0,0.0,0.0
2026-04-12 17:40:58,30.9,56.7,42.5,53.9,0.0,0.0,0.0
2026-04-12 17:41:03,30.8,56.7,43.1,53.9,0.0,0.0,0.0
2026-04-12 17:41:08,30.9,56.8,56.4,53.8,0.0,0.0,0.0
2026-04-12 17:41:13,30.8,56.8,37.5,53.8,0.0,0.0,0.0
2026-04-12 17:41:18,30.8,56.8,50.8,53.8,0.0,0.0,0.0
2026-04-12 17:41:23,30.8,56.7,41.2,53.8,0.0,0.0,0.0
2026-04-12 17:41:28,30.8,56.6,41.9,53.8,0.0,0.0,0.0
2026-04-12 17:41:33,30.7,56.5,40.4,53.8,0.0,0.0,0.0
2026-04-12 17:41:38,30.8,56.8,52.7,53.8,0.0,0.0,0.0
2026-04-12 17:41:43,30.7,56.7,37.2,53.8,0.0,0.0,0.0
2026-04-12 17:41:48,30.9,56.9,32.8,53.8,0.0,0.0,0.0
2026-04-12 17:41:53,30.9,56.7,36.2,53.9,0.0,0.0,0.0
2026-04-12 17:41:58,30.8,56.7,22.6,53.9,0.0,0.0,0.0
2026-04-12 17:42:03,31.1,56.9,54.9,53.8,0.0,0.0,0.0
2026-04-12 17:42:08,30.9,56.8,44.0,53.8,0.0,0.0,0.0
2026-04-12 17:42:13,30.9,56.9,30.5,53.8,0.0,0.0,0.0
2026-04-12 17:42:18,30.9,56.9,34.1,53.9,0.0,0.0,0.0
2026-04-12 17:42:23,30.8,56.8,52.9,53.9,0.0,0.0,0.0
2026-04-12 17:42:28,30.8,56.8,42.5,53.8,0.0,0.0,0.0
2026-04-12 17:42:33,30.6,56.8,53.1,53.8,0.0,0.0,0.0
2026-04-12 17:42:38,30.8,56.7,53.8,53.8,0.0,0.0,0.0
2026-04-12 17:42:43,30.9,56.7,40.3,53.8,0.0,0.0,0.0
2026-04-12 17:42:48,30.8,56.6,39.1,53.8,0.0,0.0,0.0
2026-04-12 17:42:53,30.8,56.5,56.8,53.8,0.0,0.0,0.0
2026-04-12 17:42:58,30.9,56.5,46.3,53.8,0.0,0.0,0.0
2026-04-12 17:43:03,30.8,56.6,58.5,53.8,0.0,0.0,0.0
2026-04-12 17:43:08,30.8,56.6,28.0,53.8,0.0,0.0,0.0
2026-04-12 17:43:13,30.9,56.8,49.1,53.8,0.0,0.0,0.0
2026-04-12 17:43:18,30.7,56.8,33.1,53.8,0.0,0.0,0.0
2026-04-12 17:43:23,30.9,56.8,47.7,53.8,0.0,0.0,0.0
2026-04-12 17:43:28,30.8,56.8,35.6,53.8,0.0,0.0,0.0
2026-04-12 17:43:33,30.7,56.9,20.1,53.8,0.0,0.0,0.0
2026-04-12 17:43:38,30.8,56.9,26.8,53.8,0.0,0.0,0.0
2026-04-12 17:43:43,30.7,56.9,56.1,53.8,0.0,0.0,0.0
2026-04-12 17:43:48,30.8,56.9,36.7,53.8,0.0,0.0,0.0
2026-04-12 17:43:53,30.8,56.8,37.3,53.8,0.0,0.0,0.0
2026-04-12 17:43:58,31.0,56.8,40.1,53.8,0.0,0.0,0.0
2026-04-12 17:44:03,30.8,56.9,47.7,53.8,0.0,0.0,0.0
2026-04-12 17:44:08,30.7,56.8,45.5,53.8,0.0,0.0,0.0
2026-04-12 17:44:13,30.8,56.9,49.1,53.8,0.0,0.0,0.0
2026-04-12 17:44:18,30.7,57.0,54.9,53.8,0.0,0.0,0.0
2026-04-12 17:44:23,31.0,57.0,46.7,53.8,0.0,0.0,0.0
2026-04-12 17:44:28,30.8,57.0,28.6,53.8,0.0,0.0,0.0
2026-04-12 17:44:33,30.7,57.0,46.0,53.8,0.0,0.0,0.0
2026-04-12 17:44:38,30.8,57.0,49.1,53.8,0.0,0.0,0.0
2026-04-12 17:44:43,30.8,57.1,39.0,53.8,0.0,0.0,0.0
2026-04-12 17:44:48,30.7,57.1,21.9,53.8,0.0,0.0,0.0
2026-04-12 17:44:53,30.7,57.3,60.5,53.8,0.0,0.0,0.0
2026-04-12 17:44:58,30.9,57.3,26.8,53.8,0.0,0.0,0.0
2026-04-12 17:45:03,31.0,57.3,34.4,53.8,0.0,0.0,0.0
2026-04-12 17:45:08,30.8,57.2,40.7,53.8,0.0,0.0,0.0
2026-04-12 17:45:13,30.6,57.1,41.3,53.8,0.0,0.0,0.0
2026-04-12 17:45:18,30.9,57.3,34.0,53.8,0.0,0.0,0.0
2026-04-12 17:45:23,30.8,57.3,41.2,53.8,0.0,0.0,0.0
2026-04-12 17:45:28,30.8,57.4,39.0,53.8,0.0,0.0,0.0
2026-04-12 17:45:33,30.7,57.5,23.4,53.8,0.0,0.0,0.0
2026-04-12 17:45:38,30.9,57.5,39.9,53.8,0.0,0.0,0.0
2026-04-12 17:45:43,30.7,57.5,31.6,53.8,0.0,0.0,0.0
2026-04-12 17:45:48,30.9,57.4,30.9,53.8,0.0,0.0,0.0
2026-04-12 17:45:53,30.8,57.5,36.8,53.8,0.0,0.0,0.0
2026-04-12 17:45:58,30.8,57.6,34.0,53.8,0.0,0.0,0.0
2026-04-12 17:46:03,30.9,57.7,35.5,53.8,0.0,0.0,0.0
2026-04-12 17:46:08,30.8,57.7,27.9,53.8,0.0,0.0,0.0
2026-04-12 17:46:13,30.8,57.7,25.8,53.8,0.0,0.0,0.0
2026-04-12 17:46:18,30.9,57.7,28.3,53.8,0.0,0.0,0.0
2026-04-12 17:46:23,30.8,57.7,25.2,53.8,0.0,0.0,0.0
2026-04-12 17:46:28,30.8,57.7,47.8,53.8,0.0,0.0,0.0
2026-04-12 17:46:33,30.9,57.7,31.2,53.8,0.0,0.0,0.0
2026-04-12 17:46:38,30.8,57.8,26.5,53.8,0.0,0.0,0.0
2026-04-12 17:46:43,30.8,57.8,43.9,53.8,0.0,0.0,0.0
2026-04-12 17:46:48,30.8,57.8,35.9,53.8,0.0,0.0,0.0
2026-04-12 17:46:53,30.9,57.7,47.3,53.8,0.0,0.0,0.0
2026-04-12 17:46:58,30.9,57.7,32.1,53.8,0.0,0.0,0.0
2026-04-12 17:47:03,30.7,57.7,43.1,53.8,0.0,0.0,0.0
2026-04-12 17:47:08,30.7,57.5,38.7,53.8,0.0,0.0,0.0
2026-04-12 17:47:13,30.7,57.6,35.1,53.8,0.0,0.0,0.0
2026-04-12 17:47:18,30.8,57.7,24.3,53.8,0.0,0.0,0.0
2026-04-12 17:47:23,30.9,57.7,32.6,53.8,0.0,0.0,0.0
2026-04-12 17:47:28,30.9,57.7,31.9,53.8,0.0,0.0,0.0
2026-04-12 17:47:33,30.8,57.7,36.6,53.8,0.0,0.0,0.0
2026-04-12 17:47:38,30.8,57.8,24.6,53.8,0.0,0.0,0.0
2026-04-12 17:47:43,30.8,57.8,30.6,53.8,0.0,0.0,0.0
2026-04-12 17:47:48,30.8,57.7,34.1,53.8,0.0,0.0,0.0
2026-04-12 17:47:53,30.8,57.8,35.2,53.8,0.0,0.0,0.0
2026-04-12 17:47:58,30.8,57.8,25.8,53.8,0.0,0.0,0.0
2026-04-12 17:48:03,30.9,57.9,26.7,53.8,0.0,0.0,0.0
2026-04-12 17:48:08,30.8,58.0,20.6,53.8,0.0,0.0,0.0
2026-04-12 17:48:13,30.6,58.0,26.2,53.8,0.0,0.0,0.0
2026-04-12 17:48:18,30.8,58.0,38.7,53.8,0.0,0.0,0.0
2026-04-12 17:48:23,30.8,58.0,27.5,53.8,0.0,0.0,0.0
2026-04-12 17:48:28,30.8,58.0,41.5,53.8,0.0,0.0,0.0
2026-04-12 17:48:33,30.8,57.9,20.7,53.8,0.0,0.0,0.0
2026-04-12 17:48:38,30.6,57.9,37.0,53.8,0.0,0.0,0.0
2026-04-12 17:48:43,30.8,57.8,21.8,53.8,0.0,0.0,0.0
2026-04-12 17:48:48,30.7,57.7,30.3,53.8,0.0,0.0,0.0
2026-04-12 17:48:53,30.8,57.6,24.8,53.8,0.0,0.0,0.0
2026-04-12 17:48:58,30.7,57.6,38.1,53.8,0.0,0.0,0.0
2026-04-12 17:49:03,30.5,57.7,22.8,53.8,0.0,0.0,0.0
2026-04-12 17:49:08,30.6,57.8,30.2,53.8,0.0,0.0,0.0
2026-04-12 17:49:13,30.8,57.8,22.9,53.8,0.0,0.0,0.0
2026-04-12 17:49:18,30.8,57.7,39.0,53.8,0.0,0.0,0.0
2026-04-12 17:49:23,30.6,57.7,33.5,53.8,0.0,0.0,0.0
2026-04-12 17:49:28,30.7,57.7,38.3,53.8,0.0,0.0,0.0
2026-04-12 17:49:33,30.7,57.9,32.4,53.8,0.0,0.0,0.0
2026-04-12 17:49:38,30.7,57.8,24.6,53.8,0.0,0.0,0.0
2026-04-12 17:49:43,30.8,57.9,39.7,53.8,0.0,0.0,0.0
2026-04-12 17:49:48,30.6,58.0,36.0,53.8,0.0,0.0,0.0
2026-04-12 17:49:53,30.7,57.9,40.8,53.8,0.0,0.0,0.0
2026-04-12 17:49:58,30.7,58.0,38.5,53.8,0.0,0.0,0.0
2026-04-12 17:50:03,30.7,57.8,28.8,53.8,0.0,0.0,0.0
2026-04-12 17:50:08,30.8,57.7,27.6,53.8,0.0,0.0,0.0
2026-04-12 17:50:13,30.8,57.9,19.8,53.8,0.0,0.0,0.0
2026-04-12 17:50:18,30.7,57.9,40.2,53.8,0.0,0.0,0.0
2026-04-12 17:50:23,30.5,57.9,37.0,53.8,0.0,0.0,0.0
2026-04-12 17:50:28,30.6,57.9,30.4,53.8,0.0,0.0,0.0
2026-04-12 17:50:28,30.6,57.9,30.4,53.8,0.0,0.0,0.0
2026-04-12 17:50:33,30.8,57.9,18.2,53.8,0.0,0.0,0.0
2026-04-12 17:50:38,30.6,57.7,26.8,53.8,0.0,0.0,0.0
2026-04-12 17:50:43,30.8,57.7,21.1,53.8,0.0,0.0,0.0
2026-04-12 17:50:48,30.8,57.6,27.1,53.8,0.0,0.0,0.0
2026-04-12 17:50:53,30.8,57.7,45.8,53.8,0.0,0.0,0.0
2026-04-12 17:50:58,30.7,57.6,15.8,53.8,0.0,0.0,0.0
2026-04-12 17:51:03,30.7,57.6,20.1,53.8,0.0,0.0,0.0
2026-04-12 17:51:08,30.8,57.7,13.7,53.8,0.0,0.0,0.0
2026-04-12 17:51:13,30.7,57.8,25.1,53.8,0.0,0.0,0.0
2026-04-12 17:51:18,30.8,57.8,4.8,53.8,0.0,0.0,0.0
2026-04-12 17:51:23,30.7,57.8,27.1,53.8,0.0,0.0,0.0
2026-04-12 17:51:28,30.9,57.9,20.4,53.8,0.0,0.0,0.0
2026-04-12 17:51:33,30.6,57.9,24.2,53.8,0.0,0.0,0.0
2026-04-12 17:51:38,30.8,58.0,18.8,53.8,0.0,0.0,0.0
2026-04-12 17:51:43,30.7,57.8,19.5,53.8,0.0,0.0,0.0
2026-04-12 17:51:48,30.7,57.8,27.8,53.8,0.0,0.0,0.0
2026-04-12 17:51:53,30.7,57.9,18.1,53.8,0.0,0.0,0.0
2026-04-12 17:51:58,30.6,58.0,45.0,53.8,0.0,0.0,0.0
2026-04-12 17:52:03,30.7,58.1,21.9,53.8,0.0,0.0,0.0
2026-04-12 17:52:08,30.6,58.2,37.6,53.8,0.0,0.0,0.0
2026-04-12 17:52:13,30.8,58.2,34.7,53.8,0.0,0.0,0.0
2026-04-12 17:52:18,30.7,58.3,44.3,53.8,0.0,0.0,0.0
2026-04-12 17:52:23,30.8,58.3,20.2,53.8,0.0,0.0,0.0
2026-04-12 17:52:28,30.7,58.1,25.3,53.8,0.0,0.0,0.0
2026-04-12 17:52:33,30.7,58.1,14.1,53.8,0.0,0.0,0.0
2026-04-12 17:52:38,30.7,58.0,34.9,53.8,0.0,0.0,0.0
2026-04-12 17:52:43,30.6,58.0,33.9,53.8,0.0,0.0,0.0
2026-04-12 17:52:48,30.7,58.1,8.2,53.8,0.0,0.0,0.0
2026-04-12 17:52:53,30.8,58.1,17.9,53.8,0.0,0.0,0.0
2026-04-12 17:52:58,30.7,58.1,24.4,53.8,0.0,0.0,0.0
2026-04-12 17:53:03,30.7,58.0,18.8,53.8,0.0,0.0,0.0
2026-04-12 17:53:08,30.7,58.0,36.3,53.8,0.0,0.0,0.0
2026-04-12 17:53:13,30.7,58.2,32.7,53.8,0.0,0.0,0.0
2026-04-12 17:53:18,30.6,58.2,18.7,53.8,0.0,0.0,0.0
2026-04-12 17:53:23,30.7,58.2,15.2,53.8,0.0,0.0,0.0
2026-04-12 17:53:28,30.7,58.3,38.3,53.7,0.0,0.0,0.0
2026-04-12 17:53:33,30.6,58.2,27.5,53.7,0.0,0.0,0.0
2026-04-12 17:53:38,30.6,58.2,35.8,53.7,0.0,0.0,0.0
2026-04-12 17:53:43,30.5,58.2,36.0,53.7,0.0,0.0,0.0
2026-04-12 17:53:48,30.7,58.2,17.4,53.7,0.0,0.0,0.0
2026-04-12 17:53:53,30.6,58.4,10.0,53.7,0.0,0.0,0.0
2026-04-12 17:53:58,30.9,58.4,21.3,53.7,0.0,0.0,0.0
2026-04-12 17:54:03,30.6,58.4,12.3,53.8,0.0,0.0,
2026-04-12 17:54:08,30.6,58.3,16.3,53.8,0.0,0.0,0.0
2026-04-12 17:54:13,30.6,58.3,14.2,53.7,0.0,0.0,0.0
2026-04-12 17:54:18,30.7,58.2,34.5,53.7,0.0,0.0,0.0
2026-04-12 17:54:23,30.6,58.2,15.1,53.8,0.0,0.0,0.0
2026-04-12 17:54:28,30.7,58.3,23.9,53.8,0.0,0.0,0.0
2026-04-12 17:54:33,30.6,58.3,15.7,53.8,0.0,0.0,0.0
2026-04-12 17:54:38,30.7,58.3,35.8,53.7,0.0,0.0,0.0
2026-04-12 17:54:43,30.7,58.3,0.0,53.7,0.0,0.0,0.0
2026-04-12 17:54:48,30.7,58.3,22.0,53.7,0.0,0.0,0.0
2026-04-12 17:54:53,30.6,58.4,37.4,53.8,0.0,0.0,0.0
2026-04-12 17:54:58,30.8,58.4,27.2,53.8,0.0,0.0,0.0
2026-04-12 17:55:03,30.9,58.4,36.0,53.8,0.0,0.0,0.0
2026-04-12 17:55:08,30.7,58.3,11.2,53.7,0.0,0.0,0.0
2026-04-12 17:55:13,30.7,58.4,40.2,53.7,0.0,0.0,0.0
2026-04-12 17:55:18,30.6,58.5,17.6,53.7,0.0,0.0,0.0
2026-04-12 17:55:23,30.7,58.5,21.7,53.7,0.0,0.0,0.0
2026-04-12 17:55:28,30.7,58.6,32.0,53.8,0.0,0.0,0.0
2026-04-12 17:55:33,30.7,58.5,26.6,53.8,0.0,0.0,0.0
2026-04-12 17:55:38,30.7,58.5,13.2,53.8,0.0,0.0,0.0
2026-04-12 17:55:43,30.7,58.5,22.5,53.8,0.0,0.0,0.0
2026-04-12 17:55:48,30.8,58.7,30.0,53.8,0.0,0.0,0.0
2026-04-12 17:55:53,30.7,58.7,11.7,53.8,0.0,0.0,0.0
2026-04-12 17:55:58,30.6,58.7,1.6,53.8,0.0,0.0,0.0
2026-04-12 17:56:03,30.6,58.8,26.0,53.8,0.0,0.0,0.0
2026-04-12 17:56:08,30.6,58.8,24.2,53.8,0.0,0.0,0.0
2026-04-12 17:56:13,30.6,58.9,17.2,53.7,0.0,0.0,0.0
2026-04-12 17:56:18,30.6,58.9,15.2,53.7,0.0,0.0,0.0
2026-04-12 17:56:23,30.6,58.9,25.7,53.7,0.0,0.0,0.0
2026-04-12 17:56:28,30.6,59.0,22.2,53.7,0.0,0.0,0.0
2026-04-12 17:56:33,30.6,59.0,17.7,53.7,0.0,0.0,0.0
2026-04-12 17:56:38,30.6,58.9,22.3,53.7,0.0,0.0,0.0
2026-04-12 17:56:43,30.6,59.0,32.7,53.8,0.0,0.0,0.0
2026-04-12 17:56:48,30.6,59.0,5.3,53.8,0.0,0.0,0.0
2026-04-12 17:56:53,30.7,59.1,21.8,53.7,0.0,0.0,0.0
2026-04-12 17:56:58,30.7,59.0,14.2,53.7,0.0,0.0,0.0
2026-04-12 17:57:03,30.6,58.8,14.5,53.7,0.0,0.0,0.0
2026-04-12 17:57:08,30.7,58.7,14.6,53.7,0.0,0.0,0.0
2026-04-12 17:57:13,30.7,58.8,18.1,53.7,0.0,0.0,0.0
2026-04-12 17:57:18,30.6,58.7,2.3,53.7,0.0,0.0,0.0
2026-04-12 17:57:23,30.6,58.8,27.1,53.7,0.0,0.0,0.0
2026-04-12 17:57:28,30.6,58.7,2.8,53.7,0.0,0.0,0.0
2026-04-12 17:57:33,30.6,58.7,25.4,53.7,0.0,0.0,0.0
2026-04-12 17:57:38,30.6,58.8,6.6,53.8,0.0,0.0,0.0
2026-04-12 17:57:43,30.6,58.7,19.0,53.8,0.0,0.0,0.0
2026-04-12 17:57:48,30.5,58.7,18.4,53.8,0.0,0.0,0.0
2026-04-12 17:57:53,30.6,58.6,12.2,53.8,0.0,0.0,0.0
2026-04-12 17:57:58,30.7,58.7,18.7,53.8,0.0,0.0,0.0
2026-04-12 17:58:03,30.6,58.7,28.6,53.8,0.0,0.0,0.0
2026-04-12 17:58:08,30.5,58.7,21.4,53.8,0.0,0.0,0.0
2026-04-12 17:58:13,30.7,58.9,13.0,53.8,0.0,0.0,0.0
2026-04-12 17:58:18,30.7,58.8,19.8,53.8,0.0,0.0,0.0
2026-04-12 17:58:23,30.6,58.9,36.9,53.8,0.0,0.0,0.0
2026-04-12 17:58:28,30.7,58.9,8.7,53.8,0.0,0.0,0.0
2026-04-12 17:58:33,30.6,58.9,17.1,53.8,0.0,0.0,0.0
2026-04-12 17:58:38,30.6,58.8,33.9,53.8,0.0,0.0,0.0
2026-04-12 17:58:43,30.6,58.8,23.4,53.8,0.0,0.0,0.0
2026-04-12 17:58:48,30.7,58.7,18.3,53.8,0.0,0.0,0.0
2026-04-12 17:58:53,30.6,58.5,42.2,53.8,0.0,0.0,0.0
2026-04-12 17:58:58,30.5,58.5,10.1,53.8,0.0,0.0,0.0
2026-04-12 17:59:03,30.7,58.6,25.9,53.7,0.0,0.0,0.0
2026-04-12 17:59:08,30.6,58.6,17.4,53.7,0.0,0.0,0.0
2026-04-12 17:59:13,30.7,58.6,9.8,53.7,0.0,0.0,0.0
2026-04-12 17:59:18,30.6,58.8,3.0,53.8,0.0,0.0,0.0
2026-04-12 17:59:23,30.6,58.9,29.4,53.8,0.0,0.0,0.0
2026-04-12 17:59:28,30.6,58.9,0.0,53.8,0.0,0.0,0.0
2026-04-12 17:59:33,30.6,59.0,0.0,53.7,0.0,0.0,0.0
2026-04-12 17:59:38,30.6,58.9,15.2,53.7,0.0,0.0,0.0
2026-04-12 17:59:43,30.6,59.0,20.8,53.8,0.0,0.0,0.0
2026-04-12 17:59:48,30.7,59.0,12.2,53.8,0.0,0.0,0.0
2026-04-12 17:59:53,30.6,59.1,13.3,53.8,0.0,0.0,0.0
2026-04-12 17:59:58,30.8,59.0,15.2,53.8,0.0,0.0,0.0
2026-04-12 18:00:03,30.6,58.9,18.6,53.8,0.0,0.0,0.0
2026-04-12 18:00:08,30.6,58.7,14.4,53.8,0.0,0.0,0.0
2026-04-12 18:00:13,30.6,58.7,12.2,53.7,0.0,0.0,0.0
2026-04-12 18:00:18,30.8,58.7,24.9,53.7,0.0,0.0,0.0
2026-04-12 18:00:23,30.7,58.7,17.9,53.7,0.0,0.0,0.0
2026-04-12 18:00:28,30.7,58.7,24.0,53.7,0.0,0.0,0.0
2026-04-12 18:00:33,30.5,58.8,17.9,53.7,0.0,0.0,0.0
2026-04-12 18:00:38,30.4,58.9,5.6,53.7,0.0,0.0,0.0
2026-04-12 18:00:43,30.7,58.8,24.3,53.7,0.0,0.0,0.0
2026-04-12 18:00:48,30.6,58.9,10.7,53.8,0.0,0.0,0.0
2026-04-12 18:00:53,30.6,58.8,1.2,53.8,0.0,0.0,0.0
2026-04-12 18:00:58,30.6,58.8,12.1,53.8,0.0,0.0,0.0
2026-04-12 18:01:03,30.6,58.8,17.7,53.8,0.0,0.0,0.0
2026-04-12 18:01:08,30.6,58.8,0.0,53.8,0.0,0.0,0.0
2026-04-12 18:01:13,30.5,58.8,19.3,53.7,0.0,0.0,0.0
2026-04-12 18:01:18,30.7,58.7,25.4,53.7,0.0,0.0,0.0
2026-04-12 18:01:23,30.6,58.7,28.3,53.7,0.0,0.0,0.0
2026-04-12 18:01:28,30.5,58.7,16.6,53.7,0.0,0.0,0.0
2026-04-12 18:01:33,30.7,58.7,9.1,53.7,0.0,0.0,0.0
2026-04-12 18:01:38,30.7,58.6,11.1,53.7,0.0,0.0,0.0
2026-04-12 18:01:43,30.6,58.6,0.0,53.7,0.0,0.0,0.0
2026-04-12 18:01:48,30.6,58.7,15.1,53.7,0.0,0.0,0.0
2026-04-12 18:01:53,30.6,58.7,23.7,53.7,0.0,0.0,0.0
2026-04-12 18:01:58,30.7,58.5,23.2,53.7,0.0,0.0,0.0
2026-04-12 18:02:03,30.5,58.4,17.8,53.7,0.0,0.0,0.0
2026-04-12 18:02:08,30.6,58.3,41.9,53.7,0.0,0.0,0.0
2026-04-12 18:02:13,30.5,58.4,7.6,53.7,0.0,0.0,0.0
2026-04-12 18:02:18,30.7,58.4,7.0,53.7,0.0,0.0,0.0
2026-04-12 18:02:23,30.7,58.5,28.6,53.7,0.0,0.0,0.0
2026-04-12 18:02:28,30.7,58.5,16.4,53.7,0.0,0.0,0.0
2026-04-12 18:02:33,30.7,58.6,25.0,53.7,0.0,0.0,0.0
2026-04-12 18:02:38,30.6,58.6,11.3,53.7,0.0,0.0,0.0
2026-04-12 18:02:43,30.7,58.7,17.8,53.7,0.0,0.0,0.0
2026-04-12 18:02:48,30.7,58.5,7.3,53.7,0.0,0.0,0.0
2026-04-12 18:02:53,30.7,58.5,19.0,53.7,0.0,0.0,0.0
2026-04-12 18:02:58,30.8,58.6,12.2,53.7,0.0,0.0,0.0
2026-04-12 18:03:03,30.6,58.7,19.4,53.7,0.0,0.0,0.0
2026-04-12 18:03:08,30.7,58.6,0.0,53.7,0.0,0.0,0.0
2026-04-12 18:03:13,30.7,58.6,0.0,53.7,0.0,0.0,0.0
2026-04-12 18:03:18,30.6,58.8,13.5,53.7,0.0,0.0,0.0
2026-04-12 18:03:23,30.7,58.7,1.1,53.7,0.0,0.0,0.0
2026-04-12 18:03:28,30.8,58.8,9.5,53.7,0.0,0.0,0.0
2026-04-12 18:03:33,30.6,58.8,22.3,53.7,0.0,0.0,0.0
2026-04-12 18:03:38,30.7,58.6,36.3,53.7,0.0,0.0,0.0
2026-04-12 18:03:43,30.6,58.7,1.6,53.7,0.0,0.0,0.0
2026-04-12 18:03:48,30.6,58.7,21.2,53.7,0.0,0.0,0.0
2026-04-12 18:03:53,30.6,58.9,0.0,53.7,0.0,0.0,0.0
2026-04-12 18:03:58,30.7,58.8,35.8,53.7,0.0,0.0,0.0
2026-04-12 18:04:03,30.7,59.0,35.6,53.7,0.0,0.0,0.0
2026-04-12 18:04:08,30.6,59.0,14.9,53.7,0.0,0.0,0.0
2026-04-12 18:04:13,30.5,59.0,12.6,53.7,0.0,0.0,0.0
2026-04-12 18:04:18,30.6,59.3,13.3,53.7,0.0,0.0,0.0
2026-04-12 18:04:23,30.6,59.3,11.4,53.7,0.0,0.0,0.0
2026-04-12 18:04:28,30.5,59.5,30.0,53.7,0.0,0.0,0.0
2026-04-12 18:04:33,30.6,59.5,25.2,53.7,0.0,0.0,0.0
2026-04-12 18:04:38,30.8,59.5,26.1,53.7,0.0,0.0,0.0
2026-04-12 18:04:43,30.6,59.5,5.5,53.7,0.0,0.0,0.0
2026-04-12 18:04:48,30.8,59.4,5.0,53.7,0.0,0.0,0.0
2026-04-12 18:04:53,30.8,59.5,12.4,53.7,0.0,0.0,0.0
2026-04-12 18:04:58,30.8,59.4,0.0,53.7,0.0,0.0,0.0
2026-04-12 18:05:03,30.6,59.5,23.3,53.7,0.0,0.0,0.0
2026-04-12 18:05:08,30.7,59.5,25.8,53.7,0.0,0.0,0.0
2026-04-12 18:05:13,30.6,59.6,7.5,53.7,0.0,0.0,0.0
2026-04-12 18:05:18,30.7,59.6,9.4,53.7,0.0,0.0,0.0
2026-04-12 18:05:23,30.6,59.7,26.4,53.7,0.0,0.0,0.0
2026-04-12 18:05:28,30.7,59.6,12.0,53.7,0.0,0.0,0.0
2026-04-12 18:05:33,30.7,59.6,12.9,53.7,0.0,0.0,0.0
2026-04-12 18:05:38,30.9,59.5,23.4,53.7,0.0,0.0,0.0
2026-04-12 18:05:43,30.6,59.7,15.4,53.7,0.0,0.0,0.0
2026-04-12 18:05:48,30.8,59.6,24.9,53.7,0.0,0.0,0.0
2026-04-12 18:05:53,30.7,59.6,20.4,53.7,0.0,0.0,0.0
2026-04-12 18:05:58,30.6,59.5,26.3,53.7,0.0,0.0,0.0
2026-04-12 18:06:03,30.7,59.5,19.0,53.7,0.0,0.0,0.0
2026-04-12 18:06:08,30.7,59.4,0.0,53.7,0.0,0.0,0.0
2026-04-12 18:06:13,30.6,59.3,4.0,53.7,0.0,0.0,0.0
2026-04-12 18:06:18,30.6,59.3,18.3,53.7,0.0,0.0,0.0
2026-04-12 18:06:23,30.6,59.3,30.0,53.7,0.0,0.0,0.0
2026-04-12 18:06:28,30.5,59.4,20.2,53.7,0.0,0.0,0.0
2026-04-12 18:06:33,30.7,59.3,29.5,53.7,0.0,0.0,0.0
2026-04-12 18:06:38,30.6,59.3,23.6,53.7,0.0,0.0,0.0
2026-04-12 18:06:43,30.8,59.1,18.7,53.7,0.0,0.0,0.0
2026-04-12 18:06:48,30.8,59.2,24.8,53.7,0.0,0.0,0.0
2026-04-12 18:06:53,30.7,59.4,5.2,53.7,0.0,0.0,0.0
2026-04-12 18:06:58,30.6,59.4,13.7,53.7,0.0,0.0,0.0
2026-04-12 18:07:03,30.7,59.3,0.0,53.7,0.0,0.0,0.0
2026-04-12 18:07:08,30.7,59.5,10.9,53.7,0.0,0.0,0.0
2026-04-12 18:07:13,30.5,59.6,23.1,53.7,0.0,0.0,0.0
2026-04-12 18:07:18,30.8,59.7,19.1,53.7,0.0,0.0,0.0
2026-04-12 18:07:23,30.8,59.7,36.2,53.7,0.0,0.0,0.0
2026-04-12 18:07:28,30.7,59.6,24.3,53.7,0.0,0.0,0.0
2026-04-12 18:07:33,30.7,59.4,0.0,53.7,0.0,0.0,0.0
2026-04-12 18:07:38,30.7,59.5,38.3,53.7,0.0,0.0,0.0
2026-04-12 18:07:43,30.6,59.5,22.5,53.8,0.0,0.0,0.0
2026-04-12 18:07:48,30.7,59.5,9.6,53.8,0.0,0.0,0.0
2026-04-12 18:07:53,30.7,59.5,5.9,53.7,0.0,0.0,0.0
2026-04-12 18:07:58,30.5,59.5,12.4,53.7,0.0,0.0,0.0
2026-04-12 18:08:03,30.7,59.5,20.0,53.7,0.0,0.0,0.0
2026-04-12 18:08:08,31.0,59.5,23.2,53.7,0.0,0.0,0.0
2026-04-12 18:08:13,30.7,59.5,8.6,53.8,0.0,0.0,0.0
2026-04-12 18:08:18,30.7,59.6,18.0,53.8,0.0,0.0,0.0
2026-04-12 18:08:23,30.8,59.6,12.2,53.8,0.0,0.0,0.0
2026-04-12 18:08:28,30.8,59.5,6.3,53.7,0.0,0.0,0.0
2026-04-12 18:08:33,30.6,59.6,14.1,53.7,0.0,0.0,0.0
2026-04-12 18:08:38,30.7,59.6,4.9,53.7,0.0,0.0,0.0
2026-04-12 18:08:43,30.7,59.6,9.5,53.7,0.0,0.0,0.0
2026-04-12 18:08:48,30.8,59.6,16.0,53.7,0.0,0.0,0.0
2026-04-12 18:08:53,30.8,59.4,25.8,53.7,0.0,0.0,0.0
2026-04-12 18:08:58,30.8,59.5,17.6,53.7,0.0,0.0,0.0
2026-04-12 18:09:03,30.9,59.5,12.7,53.7,0.0,0.0,0.0
2026-04-12 18:09:08,30.7,59.6,12.7,53.7,0.0,0.0,0.0
2026-04-12 18:09:13,30.8,59.6,12.8,53.7,0.0,0.0,0.0
2026-04-12 18:09:18,30.7,59.5,10.6,53.7,0.0,0.0,0.0
2026-04-12 18:09:23,30.8,59.6,10.8,53.7,0.0,0.0,0.0
2026-04-12 18:09:28,30.8,59.6,16.8,53.7,0.0,0.0,0.0
2026-04-12 18:09:33,30.8,59.6,0.0,53.7,0.0,0.0,0.0
2026-04-12 18:09:38,30.8,59.5,14.2,53.7,0.0,0.0,0.0
2026-04-12 18:09:43,30.7,59.5,17.7,53.7,0.0,0.0,0.0
2026-04-12 18:09:48,30.9,59.4,15.1,53.7,0.0,0.0,0.0
2026-04-12 18:09:53,30.8,59.3,0.0,53.7,0.0,0.0,0.0
2026-04-12 18:09:58,30.7,59.2,15.0,53.7,0.0,0.0,0.0
2026-04-12 18:10:03,30.7,59.3,0.0,53.7,0.0,0.0,0.0
2026-04-12 18:10:08,30.6,59.2,6.1,53.7,0.0,0.0,0.0
2026-04-12 18:10:13,30.7,59.1,4.8,53.7,0.0,0.0,0.0
2026-04-12 18:10:18,30.7,59.0,14.4,53.7,0.0,0.0,0.0
2026-04-12 18:10:23,30.9,59.1,12.0,53.7,0.0,0.0,0.0
2026-04-12 18:10:28,30.9,59.1,21.9,53.7,0.0,0.0,0.0
2026-04-12 18:10:33,30.8,59.1,9.0,53.7,0.0,0.0,0.0
2026-04-12 18:10:38,30.6,59.0,12.7,53.7,0.0,0.0,0.0
2026-04-12 18:10:43,30.6,59.2,22.4,53.7,0.0,0.0,0.0
2026-04-12 18:10:48,30.8,59.2,0.6,53.7,0.0,0.0,0.0
2026-04-12 18:10:53,30.6,59.1,0.0,53.7,0.0,0.0,0.0
2026-04-12 18:10:58,30.6,59.1,18.1,53.7,0.0,0.0,0.0
2026-04-12 18:11:03,30.7,59.0,1.7,53.7,0.0,0.0,0.0
2026-04-12 18:11:08,30.7,59.1,11.9,53.7,0.0,0.0,0.0
2026-04-12 18:11:13,30.7,59.2,7.8,53.7,0.0,0.0,0.0
2026-04-12 18:11:18,30.7,59.0,11.4,53.7,0.0,0.0,0.0
2026-04-12 18:11:23,30.7,58.9,40.7,53.7,0.0,0.0,0.0
2026-04-12 18:11:28,30.6,59.0,13.4,53.7,0.0,0.0,0.0
2026-04-12 18:11:33,30.7,59.0,22.9,53.7,0.0,0.0,0.0
2026-04-12 18:11:38,30.7,59.0,27.7,53.7,0.0,0.0,0.0
2026-04-12 18:11:43,30.8,58.8,12.4,53.7,0.0,0.0,0.0
2026-04-12 18:11:48,30.8,58.8,34.0,53.7,0.0,0.0,0.0
2026-04-12 18:11:53,30.7,58.9,24.6,53.7,0.0,0.0,0.0
2026-04-12 18:11:58,30.7,58.9,0.0,53.7,0.0,0.0,0.0
2026-04-12 18:12:03,30.7,59.0,7.4,53.7,0.0,0.0,0.0
2026-04-12 18:12:08,30.8,59.1,12.5,53.7,0.0,0.0,0.0
2026-04-12 18:12:13,30.6,59.1,36.0,53.7,0.0,0.0,0.0
2026-04-12 18:12:18,30.7,59.1,0.0,53.7,0.0,0.0,0.0
2026-04-12 18:12:23,30.7,59.1,11.8,53.7,0.0,0.0,0.0
2026-04-12 18:12:28,30.8,59.1,13.7,53.7,0.0,0.0,0.0
2026-04-12 18:12:33,30.7,59.1,12.8,53.7,0.0,0.0,0.0
2026-04-12 18:12:38,30.7,59.0,0.0,53.7,0.0,0.0,0.0
2026-04-12 18:12:43,30.7,59.0,33.2,53.7,0.0,0.0,0.0
2026-04-12 18:12:48,30.7,59.1,16.3,53.7,0.0,0.0,0.0
2026-04-12 18:12:53,30.6,59.1,14.3,53.7,0.0,0.0,0.0
2026-04-12 18:12:58,30.6,59.0,6.4,53.7,0.0,0.0,0.0
2026-04-12 18:13:03,30.7,59.1,1.3,53.7,0.0,0.0,0.0
2026-04-12 18:13:08,30.8,58.9,13.3,53.7,0.0,0.0,0.0
2026-04-12 18:13:13,30.7,58.9,2.2,53.7,0.0,0.0,0.0
2026-04-12 18:13:18,30.7,59.0,19.9,53.7,0.0,0.0,0.0
2026-04-12 18:13:23,30.8,59.0,30.0,53.8,0.0,0.0,0.0
2026-04-12 18:13:28,30.8,59.1,20.0,53.8,0.0,0.0,0.0
2026-04-12 18:13:33,30.7,59.0,27.3,53.8,0.0,0.0,0.0
2026-04-12 18:13:38,30.6,59.0,4.8,53.8,0.0,0.0,0.0
2026-04-12 18:13:43,30.7,59.0,0.0,53.8,0.0,0.0,0.0
2026-04-12 18:13:48,30.8,59.0,20.1,53.7,0.0,0.0,0.0
2026-04-12 18:13:53,30.6,59.0,29.9,53.7,0.0,0.0,0.0
2026-04-12 18:13:58,30.7,59.0,13.3,53.8,0.0,0.0,0.0
2026-04-12 18:14:03,30.8,59.0,11.0,53.8,0.0,0.0,0.0
2026-04-12 18:14:08,30.8,58.9,1.5,53.8,0.0,0.0,0.0
2026-04-12 18:14:13,30.8,59.0,19.9,53.8,0.0,0.0,0.0
2026-04-12 18:14:18,30.6,59.1,2.6,53.8,0.0,0.0,0.0
2026-04-12 18:14:23,30.5,59.1,0.0,53.8,0.0,0.0,0.0
2026-04-12 18:14:28,30.7,59.0,29.6,53.8,0.0,0.0,0.0
2026-04-12 18:14:33,30.8,59.0,14.6,53.7,0.0,0.0,0.0
2026-04-12 18:14:38,30.6,59.0,17.9,53.7,0.0,0.0,0.0
2026-04-12 18:14:43,30.7,59.1,0.2,53.7,0.0,0.0,0.0
2026-04-12 18:14:48,30.6,59.0,21.5,53.7,0.0,0.0,0.0
2026-04-12 18:14:53,30.7,59.1,24.7,53.7,0.0,0.0,0.0
2026-04-12 18:14:58,30.7,59.1,16.9,53.7,0.0,0.0,0.0
2026-04-12 18:15:03,30.7,59.1,21.9,53.7,0.0,0.0,0.0
2026-04-12 18:15:08,30.7,59.2,9.3,53.7,0.0,0.0,0.0
2026-04-12 18:15:13,30.7,59.2,0.0,53.7,0.0,0.0,0.0
2026-04-12 18:15:18,30.7,59.2,27.0,53.7,0.0,0.0,0.0
2026-04-12 18:15:23,30.8,59.2,11.7,53.7,0.0,0.0,0.0
2026-04-12 18:15:28,30.6,59.2,7.5,53.7,0.0,0.0,0.0
2026-04-12 18:15:33,30.6,59.3,28.8,53.7,0.0,0.0,0.0
2026-04-12 18:15:38,30.7,59.3,2.7,53.7,0.0,0.0,0.0
2026-04-12 18:15:43,30.6,59.5,16.8,53.7,0.0,0.0,0.0
2026-04-12 18:15:48,30.6,59.5,32.3,53.7,0.0,0.0,0.0
2026-04-12 18:15:53,30.7,59.7,41.4,53.7,0.0,0.0,0.0
2026-04-12 18:15:58,30.7,59.6,10.4,53.7,0.0,0.0,0.0
2026-04-12 18:16:03,30.6,59.7,24.2,53.7,0.0,0.0,0.0
2026-04-12 18:16:08,30.7,59.5,0.0,53.7,0.0,0.0,0.0
2026-04-12 18:16:13,30.6,59.5,10.1,53.7,0.0,0.0,0.0
2026-04-12 18:16:18,30.7,59.4,3.0,53.7,0.0,0.0,0.0
2026-04-12 18:16:23,30.8,59.4,23.6,53.7,0.0,0.0,0.0
2026-04-12 18:16:28,30.8,59.3,0.0,53.7,0.0,0.0,0.0
2026-04-12 18:16:33,30.5,59.2,14.3,53.7,0.0,0.0,0.0
2026-04-12 18:16:38,30.6,59.1,15.9,53.7,0.0,0.0,0.0
2026-04-12 18:16:43,30.5,59.0,14.8,53.7,0.0,0.0,0.0
2026-04-12 18:16:48,30.6,58.9,6.6,53.7,0.0,0.0,0.0
2026-04-12 18:16:53,30.6,58.9,20.9,53.7,0.0,0.0,0.0
2026-04-12 18:16:58,30.7,58.7,10.9,53.6,0.0,0.0,0.0
2026-04-12 18:17:03,30.7,58.8,1.2,53.6,0.0,0.0,0.0
2026-04-12 18:17:08,30.7,58.8,0.0,53.7,0.0,0.0,0.0
2026-04-12 18:17:13,30.7,58.9,13.2,53.7,0.0,0.0,0.0
2026-04-12 18:17:18,30.7,58.7,15.9,53.7,0.0,0.0,0.0
2026-04-12 18:17:23,30.5,58.8,3.4,53.7,0.0,0.0,0.0
2026-04-12 18:17:28,30.8,58.7,17.8,53.7,0.0,0.0,0.0
2026-04-12 18:17:33,30.6,58.8,14.3,53.7,0.0,0.0,0.0
2026-04-12 18:17:38,30.8,58.7,24.0,53.7,0.0,0.0,0.0
2026-04-12 18:17:43,30.6,58.6,17.9,53.7,0.0,0.0,0.0
2026-04-12 18:17:48,30.7,58.6,18.7,53.7,0.0,0.0,0.0
2026-04-12 18:17:53,30.6,58.7,18.3,53.7,0.0,0.0,0.0
2026-04-12 18:17:58,30.6,58.6,35.0,53.7,0.0,0.0,0.0
2026-04-12 18:18:03,30.6,58.6,16.8,53.7,0.0,0.0,0.0
2026-04-12 18:18:08,30.7,58.6,12.2,53.7,0.0,0.0,0.0
2026-04-12 18:18:13,30.7,58.6,26.0,53.7,0.0,0.0,0.0
2026-04-12 18:18:18,30.8,58.5,15.9,53.7,0.0,0.0,0.0
2026-04-12 18:18:23,30.7,58.5,0.0,53.7,0.0,0.0,0.0
2026-04-12 18:18:28,30.6,58.6,37.0,53.7,0.0,0.0,0.0
2026-04-12 18:18:33,30.8,58.6,2.5,53.7,0.0,0.0,0.0
2026-04-12 18:18:38,30.8,58.6,33.5,53.7,0.0,0.0,0.0
2026-04-12 18:18:43,30.5,58.5,20.0,53.7,0.0,0.0,0.0
2026-04-12 18:18:48,30.8,58.6,22.1,53.7,0.0,0.0,0.0
2026-04-12 18:18:53,30.6,58.6,10.7,53.7,0.0,0.0,0.0
2026-04-12 18:18:58,30.7,58.5,17.2,53.7,0.0,0.0,0.0
2026-04-12 18:19:03,30.7,58.6,25.8,53.6,0.0,0.0,0.0
2026-04-12 18:19:08,30.6,58.6,19.1,53.6,0.0,0.0,0.0
2026-04-12 18:19:13,30.7,58.6,11.5,53.7,0.0,0.0,0.0
2026-04-12 18:19:18,30.6,58.5,26.3,53.7,0.0,0.0,0.0
2026-04-12 18:19:23,30.7,58.5,42.1,53.7,0.0,0.0,0.0
2026-04-12 18:19:28,30.6,58.5,3.9,53.7,0.0,0.0,0.0
2026-04-12 18:19:33,30.7,58.7,20.9,53.7,0.0,0.0,0.0
2026-04-12 18:19:38,30.5,58.7,15.4,53.7,0.0,0.0,0.0
2026-04-12 18:19:43,30.7,58.8,20.5,53.7,0.0,0.0,0.0
2026-04-12 18:19:48,30.7,58.8,18.4,53.7,0.0,0.0,0.0
2026-04-12 18:19:53,30.8,58.9,1.6,53.7,0.0,0.0,0.0
2026-04-12 18:19:58,30.6,58.8,15.3,53.7,0.0,0.0,0.0
2026-04-12 18:20:03,30.7,58.6,34.7,53.7,0.0,0.0,0.0
2026-04-12 18:20:08,30.7,58.5,15.5,53.7,0.0,0.0,0.0
2026-04-12 18:20:13,30.7,58.6,20.6,53.7,0.0,0.0,0.0
2026-04-12 18:20:18,30.6,58.6,6.6,53.7,0.0,0.0,0.0
2026-04-12 18:20:23,30.7,58.6,12.9,53.7,0.0,0.0,0.0
2026-04-12 18:20:28,30.8,58.6,10.2,53.7,0.0,0.0,0.0
2026-04-12 18:20:33,30.6,58.6,25.4,53.7,0.0,0.0,0.0
2026-04-12 18:20:38,30.7,58.7,4.4,53.7,0.0,0.0,0.0
2026-04-12 18:20:43,30.8,58.7,6.0,53.7,0.0,0.0,0.0
2026-04-12 18:20:48,30.7,58.7,23.3,53.7,0.0,0.0,0.0
2026-04-12 18:20:53,30.6,58.8,2.1,53.7,0.0,0.0,0.0
2026-04-12 18:20:58,30.8,58.8,11.0,53.7,0.0,0.0,0.0
2026-04-12 18:21:03,30.8,58.7,28.1,53.7,0.0,0.0,0.0
2026-04-12 18:21:08,30.7,58.7,19.7,53.7,0.0,0.0,0.0
2026-04-12 18:21:13,30.7,58.7,3.6,53.7,0.0,0.0,0.0
2026-04-12 18:21:18,30.6,58.6,2.8,53.7,0.0,0.0,0.0
2026-04-12 18:21:23,30.6,58.7,24.0,53.7,0.0,0.0,0.0
2026-04-12 18:21:28,30.7,58.5,0.0,53.7,0.0,0.0,0.0
2026-04-12 18:21:33,30.6,58.5,31.4,53.7,0.0,0.0,0.0
2026-04-12 18:21:38,30.6,58.4,0.0,53.6,0.0,0.0,0.0
2026-04-12 18:21:43,30.6,58.5,27.0,53.6,0.0,0.0,0.0
2026-04-12 18:21:48,30.6,58.4,11.6,53.7,0.0,0.0,0.0
2026-04-12 18:21:53,30.8,58.3,31.1,53.7,0.0,0.0,0.0
2026-04-12 18:21:58,30.7,58.3,22.0,53.7,0.0,0.0,0.0
2026-04-12 18:22:03,30.6,58.2,22.1,53.7,0.0,0.0,0.0
2026-04-12 18:22:08,30.8,58.2,2.5,53.8,0.0,0.0,0.0
2026-04-12 18:22:13,30.7,58.1,27.1,53.8,0.0,0.0,0.0
2026-04-12 18:22:18,30.8,58.1,3.2,53.7,0.0,0.0,0.0
2026-04-12 18:22:23,30.6,58.1,0.0,53.7,0.0,0.0,0.0
2026-04-12 18:22:28,30.7,58.3,17.9,53.7,0.0,0.0,0.0
2026-04-12 18:22:33,30.7,58.3,23.7,53.7,0.0,0.0,0.0
2026-04-12 18:22:38,30.6,58.4,16.4,53.7,0.0,0.0,0.0
2026-04-12 18:22:43,30.7,58.4,15.5,53.7,0.0,0.0,0.0
2026-04-12 18:22:48,30.6,58.5,23.7,53.7,0.0,0.0,0.0
2026-04-12 18:22:53,30.6,58.5,18.0,53.7,0.0,0.0,0.0
2026-04-12 18:22:58,30.7,58.5,12.0,53.7,0.0,0.0,0.0
2026-04-12 18:23:03,30.6,58.6,16.1,53.7,0.0,0.0,0.0
2026-04-12 18:23:08,30.6,58.7,14.4,53.7,0.0,0.0,0.0
2026-04-12 18:23:13,30.5,58.7,10.5,53.7,0.0,0.0,0.0
2026-04-12 18:23:18,30.5,58.7,0.0,53.7,0.0,0.0,0.0
2026-04-12 18:23:23,30.4,58.6,15.1,53.7,0.0,0.0,0.0
2026-04-12 18:23:28,30.6,58.6,12.7,53.7,0.0,0.0,0.0
2026-04-12 18:23:33,30.7,58.6,0.0,53.7,0.0,0.0,0.0
2026-04-12 18:23:38,30.7,58.6,20.1,53.8,0.0,0.0,0.0
2026-04-12 18:23:43,30.7,58.7,11.5,53.8,0.0,0.0,0.0
2026-04-12 18:23:48,30.7,58.7,5.8,53.7,0.0,0.0,0.0
2026-04-12 18:23:53,30.7,58.7,0.0,53.7,0.0,0.0,0.0
2026-04-12 18:23:58,30.6,58.9,5.6,53.7,0.0,0.0,0.0
2026-04-12 18:24:03,30.5,58.7,0.7,53.7,0.0,0.0,0.0
2026-04-12 18:24:08,30.6,58.8,13.6,53.7,0.0,0.0,0.0
2026-04-12 18:24:13,30.6,58.9,37.6,53.7,0.0,0.0,0.0
2026-04-12 18:24:18,30.6,58.9,16.9,53.7,0.0,0.0,0.0
2026-04-12 18:24:23,30.7,58.9,9.5,53.7,0.0,0.0,0.0
2026-04-12 18:24:28,30.6,58.7,19.4,53.7,0.0,0.0,0.0
2026-04-12 18:24:33,30.6,58.7,21.5,53.7,0.0,0.0,0.0
2026-04-12 18:24:38,30.7,58.7,10.7,53.7,0.0,0.0,0.0
2026-04-12 18:24:43,30.5,58.7,14.3,53.7,0.0,0.0,0.0
2026-04-12 18:24:48,30.7,58.7,1.8,53.7,0.0,0.0,0.0
2026-04-12 18:24:53,30.5,58.8,20.2,53.7,0.0,0.0,0.0
2026-04-12 18:24:58,30.6,58.9,21.8,53.7,0.0,0.0,0.0
2026-04-12 18:25:03,30.8,59.1,11.5,53.7,0.0,0.0,0.0
2026-04-12 18:25:08,30.6,59.2,28.2,53.7,0.0,0.0,0.0
2026-04-12 18:25:13,30.7,59.2,26.7,53.7,0.0,0.0,0.0
2026-04-12 18:25:18,30.5,59.2,9.6,53.7,0.0,0.0,0.0
2026-04-12 18:25:23,30.6,59.1,21.3,53.7,0.0,0.0,0.0
2026-04-12 18:25:28,30.6,59.0,7.7,53.7,0.0,0.0,0.0
2026-04-12 18:25:33,30.8,59.0,0.0,53.7,0.0,0.0,0.0
2026-04-12 18:25:38,30.9,59.2,8.1,53.7,0.0,0.0,0.0
2026-04-12 18:25:43,30.6,59.2,2.9,53.7,0.0,0.0,0.0
2026-04-12 18:25:48,30.6,59.0,25.3,53.6,0.0,0.0,0.0
2026-04-12 18:25:53,30.7,58.9,9.0,53.6,0.0,0.0,0.0
2026-04-12 18:25:58,30.6,59.0,2.4,53.6,0.0,0.0,0.0
2026-04-12 18:26:03,30.8,58.9,20.1,53.6,0.0,0.0,0.0
2026-04-12 18:26:08,30.6,58.8,25.6,53.7,0.0,0.0,0.0
2026-04-12 18:26:13,30.7,58.8,32.7,53.7,0.0,0.0,0.0
2026-04-12 18:26:18,30.6,58.9,26.3,53.7,0.0,0.0,0.0
2026-04-12 18:26:23,30.6,59.0,26.0,53.6,0.0,0.0,0.0
2026-04-12 18:26:28,30.7,58.9,13.5,53.6,0.0,0.0,0.0
2026-04-12 18:26:33,30.7,58.8,16.6,53.7,0.0,0.0,0.0
2026-04-12 18:26:38,30.6,58.9,15.8,53.7,0.0,0.0,0.0
2026-04-12 18:26:43,30.6,58.9,33.8,53.7,0.0,0.0,0.0
2026-04-12 18:26:48,30.5,58.9,22.9,53.7,0.0,0.0,0.0
2026-04-12 18:26:53,30.6,58.8,13.3,53.7,0.0,0.0,0.0
2026-04-12 18:26:58,30.7,58.8,14.7,53.7,0.0,0.0,0.0
2026-04-12 18:27:03,30.5,58.7,0.0,53.7,0.0,0.0,0.0
2026-04-12 18:27:08,30.6,58.7,0.6,53.7,0.0,0.0,0.0
2026-04-12 18:27:13,30.7,58.7,33.1,53.7,0.0,0.0,0.0
2026-04-12 18:27:18,30.7,58.7,18.9,53.7,0.0,0.0,0.0
2026-04-12 18:27:23,30.7,58.7,24.4,53.7,0.0,0.0,0.0
2026-04-12 18:27:28,30.7,58.7,23.4,53.7,0.0,0.0,0.0
2026-04-12 18:27:33,30.6,58.8,25.1,53.7,0.0,0.0,0.0
2026-04-12 18:27:38,30.7,58.8,12.8,53.7,0.0,0.0,0.0
2026-04-12 18:27:43,30.7,58.8,8.0,53.7,0.0,0.0,0.0
2026-04-12 18:27:48,30.6,58.9,0.0,53.7,0.0,0.0,0.0
2026-04-12 18:27:53,30.6,58.9,8.8,53.7,0.0,0.0,0.0
2026-04-12 18:27:58,30.5,59.0,35.9,53.7,0.0,0.0,0.0
2026-04-12 18:28:03,30.6,59.1,23.8,53.7,0.0,0.0,0.0
2026-04-12 18:28:08,30.6,59.2,22.7,53.7,0.0,0.0,0.0
2026-04-12 18:28:13,30.8,59.2,16.5,53.7,0.0,0.0,0.0
2026-04-12 18:28:18,30.6,59.1,20.7,53.7,0.0,0.0,0.0
2026-04-12 18:28:23,30.6,58.9,21.6,53.7,0.0,0.0,0.0
2026-04-12 18:28:28,30.6,59.0,28.2,53.7,0.0,0.0,0.0
2026-04-12 18:28:33,30.6,58.9,36.7,53.7,0.0,0.0,0.0
2026-04-12 18:28:38,30.7,58.9,6.1,53.7,0.0,0.0,0.0
2026-04-12 18:28:43,30.7,59.0,13.3,53.7,0.0,0.0,0.0
2026-04-12 18:28:48,30.6,59.0,25.7,53.7,0.0,0.0,0.0
2026-04-12 18:28:53,30.6,59.1,17.7,53.7,0.0,0.0,0.0
2026-04-12 18:28:58,30.6,59.1,39.8,53.7,0.0,0.0,0.0
2026-04-12 18:29:03,30.7,59.1,6.1,53.7,0.0,0.0,0.0
2026-04-12 18:29:08,30.6,59.2,20.8,53.7,0.0,0.0,0.0
2026-04-12 18:29:13,30.6,59.1,28.8,53.7,0.0,0.0,0.0
2026-04-12 18:29:18,30.7,59.0,31.1,53.7,0.0,0.0,0.0
2026-04-12 18:29:23,30.5,59.0,15.3,53.7,0.0,0.0,0.0
2026-04-12 18:29:28,30.7,58.9,0.0,53.7,0.0,0.0,0.0
2026-04-12 18:29:33,30.8,58.9,23.9,53.7,0.0,0.0,0.0
2026-04-12 18:29:38,30.6,58.9,5.8,53.7,0.0,0.0,0.0
2026-04-12 18:29:43,30.7,58.9,25.4,53.7,0.0,0.0,0.0
2026-04-12 18:29:48,30.4,58.9,9.2,53.7,0.0,0.0,0.0
2026-04-12 18:29:53,30.6,58.9,24.1,53.7,0.0,0.0,0.0
2026-04-12 18:29:58,30.7,58.9,17.1,53.7,0.0,0.0,0.0
2026-04-12 18:30:03,30.7,59.0,5.8,53.7,0.0,0.0,0.0
2026-04-12 18:30:08,30.7,59.0,26.5,53.7,0.0,0.0,0.0
2026-04-12 18:30:13,30.7,59.0,23.9,53.7,0.0,0.0,0.0
2026-04-12 18:30:18,30.6,59.0,18.5,53.8,0.0,0.0,0.0
2026-04-12 18:30:23,30.7,58.9,21.6,53.8,0.0,0.0,0.0
2026-04-12 18:30:28,30.5,59.0,21.7,53.7,0.0,0.0,0.0
2026-04-12 18:30:33,30.7,59.0,19.1,53.7,0.0,0.0,0.0
2026-04-12 18:30:38,30.7,59.0,14.9,53.7,0.0,0.0,0.0
2026-04-12 18:30:43,30.8,59.0,1.3,53.7,0.0,0.0,0.0
2026-04-12 18:30:48,30.6,59.1,15.4,53.7,0.0,0.0,0.0
2026-04-12 18:30:53,30.6,59.0,1.5,53.7,0.0,0.0,0.0
2026-04-12 18:30:58,30.7,59.1,13.4,53.7,0.0,0.0,0.0
2026-04-12 18:31:03,30.6,59.1,17.5,53.7,0.0,0.0,0.0
2026-04-12 18:31:08,30.5,59.1,13.7,53.7,0.0,0.0,0.0
2026-04-12 18:31:13,30.6,59.0,21.3,53.7,0.0,0.0,0.0
2026-04-12 18:31:18,30.8,59.1,0.0,53.7,0.0,0.0,0.0
2026-04-12 18:31:23,30.7,59.0,24.1,53.7,0.0,0.0,0.0
2026-04-12 18:31:28,30.6,59.0,12.0,53.7,0.0,0.0,0.0
2026-04-12 18:31:33,30.7,58.9,9.9,53.7,0.0,0.0,0.0
2026-04-12 18:31:38,30.5,59.0,8.0,53.7,0.0,0.0,0.0
2026-04-12 18:31:43,30.7,59.0,29.6,53.7,0.0,0.0,0.0
2026-04-12 18:31:48,30.6,59.0,13.6,53.7,0.0,0.0,0.0
2026-04-12 18:31:53,30.7,58.9,28.3,53.7,0.0,0.0,0.0
2026-04-12 18:31:58,30.6,58.9,7.6,53.7,0.0,0.0,0.0
2026-04-12 18:32:03,30.7,59.0,7.8,53.7,0.0,0.0,0.0
2026-04-12 18:32:08,30.7,59.0,24.9,53.7,0.0,0.0,0.0
2026-04-12 18:32:13,30.7,58.8,15.4,53.7,0.0,0.0,0.0
2026-04-12 18:32:18,30.7,58.7,18.0,53.7,0.0,0.0,0.0
2026-04-12 18:32:23,30.7,58.7,16.8,53.7,0.0,0.0,0.0
2026-04-12 18:32:28,30.5,58.7,18.6,53.7,0.0,0.0,0.0
2026-04-12 18:32:33,30.6,58.7,17.6,53.7,0.0,0.0,0.0
2026-04-12 18:32:38,30.7,58.6,0.0,53.7,0.0,0.0,0.0
2026-04-12 18:32:43,30.7,58.5,12.0,53.7,0.0,0.0,0.0
2026-04-12 18:32:48,30.6,58.5,19.5,53.7,0.0,0.0,0.0
2026-04-12 18:32:53,30.7,58.4,25.7,53.7,0.0,0.0,0.0
2026-04-12 18:32:58,30.6,58.3,26.3,53.7,0.0,0.0,0.0
2026-04-12 18:33:03,30.7,58.3,27.7,53.7,0.0,0.0,0.0
2026-04-12 18:33:08,30.7,58.3,18.8,53.7,0.0,0.0,0.0
2026-04-12 18:33:13,30.8,58.1,15.4,53.7,0.0,0.0,0.0
2026-04-12 18:33:18,30.7,58.0,10.9,53.7,0.0,0.0,0.0
2026-04-12 18:33:23,30.6,58.0,8.4,53.7,0.0,0.0,0.0
2026-04-12 18:33:28,30.6,58.0,19.6,53.7,0.0,0.0,0.0
2026-04-12 18:33:33,30.6,58.0,5.9,53.7,0.0,0.0,0.0
2026-04-12 18:33:38,30.7,58.0,10.9,53.7,0.0,0.0,0.0
2026-04-12 18:33:43,30.6,58.1,12.4,53.7,0.0,0.0,0.0
2026-04-12 18:33:48,30.7,58.2,6.7,53.7,0.0,0.0,0.0
2026-04-12 18:33:53,30.8,58.2,22.2,53.7,0.0,0.0,0.0
2026-04-12 18:33:58,30.7,58.3,24.9,53.7,0.0,0.0,0.0
2026-04-12 18:34:03,30.7,58.3,22.6,53.7,0.0,0.0,0.0
2026-04-12 18:34:08,30.5,58.4,1.2,53.7,0.0,0.0,0.0
2026-04-12 18:34:13,30.7,58.5,19.3,53.7,0.0,0.0,0.0
2026-04-12 18:34:18,30.6,58.6,12.9,53.7,0.0,0.0,0.0
2026-04-12 18:34:23,30.5,58.5,19.0,53.6,0.0,0.0,0.0
2026-04-12 18:34:28,30.5,58.6,0.0,53.6,0.0,0.0,0.0
2026-04-12 18:34:33,30.7,58.6,0.7,53.6,0.0,0.0,0.0
2026-04-12 18:34:38,30.8,58.6,17.1,53.7,0.0,0.0,0.0
2026-04-12 18:34:43,30.6,58.8,15.4,53.7,0.0,0.0,0.0
2026-04-12 18:34:48,30.7,58.8,23.3,53.7,0.0,0.0,0.0
2026-04-12 18:34:53,30.9,58.9,25.4,53.7,0.0,0.0,0.0
2026-04-12 18:34:58,30.6,58.7,23.8,53.7,0.0,0.0,0.0
2026-04-12 18:35:03,30.7,58.8,18.0,53.7,0.0,0.0,0.0
2026-04-12 18:35:08,30.6,58.8,10.5,53.7,0.0,0.0,0.0
2026-04-12 18:35:13,30.8,58.7,12.8,53.7,0.0,0.0,0.0
2026-04-12 18:35:18,30.7,58.7,18.9,53.7,0.0,0.0,0.0
2026-04-12 18:35:23,30.6,58.7,10.4,53.7,0.0,0.0,0.0
2026-04-12 18:35:28,30.7,58.8,22.3,53.7,0.0,0.0,0.0
2026-04-12 18:35:33,30.5,58.7,17.3,53.7,0.0,0.0,0.0
2026-04-12 18:35:38,30.8,58.7,15.2,53.7,0.0,0.0,0.0
2026-04-12 18:35:43,30.8,58.7,25.6,53.7,0.0,0.0,0.0
2026-04-12 18:35:48,30.7,58.7,8.6,53.7,0.0,0.0,0.0
2026-04-12 18:35:53,30.8,58.7,14.3,53.7,0.0,0.0,0.0
2026-04-12 18:35:58,30.8,58.7,0.0,53.7,0.0,0.0,0.0
2026-04-12 18:36:03,30.7,58.8,32.1,53.7,0.0,0.0,0.0
2026-04-12 18:36:08,30.7,58.8,24.7,53.7,0.0,0.0,0.0
2026-04-12 18:36:13,30.6,58.9,0.0,53.6,0.0,0.0,0.0
2026-04-12 18:36:18,30.6,58.9,11.9,53.6,0.0,0.0,0.0
2026-04-12 18:36:23,30.7,58.8,5.0,53.6,0.0,0.0,0.0
2026-04-12 18:36:28,30.7,58.9,4.1,53.6,0.0,0.0,0.0
2026-04-12 18:36:33,30.7,59.0,5.3,53.6,0.0,0.0,0.0
2026-04-12 18:36:38,30.6,59.0,16.9,53.7,0.0,0.0,0.0
2026-04-12 18:36:43,30.6,59.0,0.0,53.7,0.0,0.0,0.0
2026-04-12 18:36:48,30.8,58.9,12.4,53.7,0.0,0.0,0.0
2026-04-12 18:36:53,30.7,59.0,14.3,53.7,0.0,0.0,0.0
2026-04-12 18:36:58,30.6,59.0,31.4,53.7,0.0,0.0,0.0
2026-04-12 18:37:03,30.6,59.0,12.9,53.7,0.0,0.0,0.0
2026-04-12 18:37:08,30.5,59.0,25.7,53.7,0.0,0.0,0.0
2026-04-12 18:37:13,30.6,59.1,0.0,53.7,0.0,0.0,0.0
2026-04-12 18:37:18,30.6,58.9,13.9,53.7,0.0,0.0,0.0
2026-04-12 18:37:23,30.7,58.9,0.0,53.7,0.0,0.0,0.0
2026-04-12 18:37:28,30.7,58.8,13.0,53.7,0.0,0.0,0.0
2026-04-12 18:37:33,30.6,58.8,7.1,53.7,0.0,0.0,0.0
2026-04-12 18:37:38,30.8,58.8,6.1,53.7,0.0,0.0,0.0
2026-04-12 18:37:43,30.7,58.9,12.1,53.7,0.0,0.0,0.0
2026-04-12 18:37:48,30.7,59.0,22.1,53.7,0.0,0.0,0.0
2026-04-12 18:37:53,30.6,58.9,21.5,53.7,0.0,0.0,0.0
2026-04-12 18:37:58,30.7,58.9,25.6,53.7,0.0,0.0,0.0
2026-04-12 18:38:03,30.7,59.0,7.9,53.7,0.0,0.0,0.0
2026-04-12 18:38:08,30.5,59.0,22.1,53.7,0.0,0.0,0.0
2026-04-12 18:38:13,30.8,59.1,7.1,53.7,0.0,0.0,0.0
2026-04-12 18:38:18,30.6,59.1,6.3,53.7,0.0,0.0,0.0
2026-04-12 18:38:23,30.7,59.0,26.8,53.7,0.0,0.0,0.0
2026-04-12 18:38:28,30.6,58.9,0.0,53.7,0.0,0.0,0.0
2026-04-12 18:38:33,30.7,59.0,35.9,53.7,0.0,0.0,0.0
2026-04-12 18:38:38,30.7,59.0,16.5,53.7,0.0,0.0,0.0
2026-04-12 18:38:43,30.6,59.1,10.2,53.7,0.0,0.0,0.0
2026-04-12 18:38:48,30.6,59.2,16.7,53.7,0.0,0.0,0.0
2026-04-12 18:38:53,30.8,59.2,7.1,53.7,0.0,0.0,0.0
2026-04-12 18:38:58,30.7,59.1,6.9,53.7,0.0,0.0,0.0
2026-04-12 18:39:03,30.6,59.0,27.2,53.7,0.0,0.0,0.0
2026-04-12 18:39:08,30.6,59.1,16.6,53.7,0.0,0.0,0.0
2026-04-12 18:39:13,30.6,59.0,25.6,53.7,0.0,0.0,0.0
2026-04-12 18:39:18,30.6,59.0,10.4,53.7,0.0,0.0,0.0
2026-04-12 18:39:23,30.6,59.1,7.4,53.7,0.0,0.0,0.0
2026-04-12 18:39:28,30.7,59.1,11.6,53.7,0.0,0.0,0.0
2026-04-12 18:39:33,30.7,59.3,17.8,53.7,0.0,0.0,0.0
2026-04-12 18:39:38,30.6,59.2,26.6,53.7,0.0,0.0,0.0
2026-04-12 18:39:43,30.6,59.1,2.9,53.7,0.0,0.0,0.0
2026-04-12 18:39:48,30.6,59.0,31.9,53.7,0.0,0.0,0.0
2026-04-12 18:39:53,30.6,59.1,15.9,53.7,0.0,0.0,0.0
2026-04-12 18:39:58,30.7,59.1,0.0,53.7,0.0,0.0,0.0
2026-04-12 18:40:03,30.6,59.0,0.0,53.7,0.0,0.0,0.0
2026-04-12 18:40:08,30.7,59.0,14.0,53.7,0.0,0.0,0.0
2026-04-12 18:40:13,30.6,59.0,19.9,53.7,0.0,0.0,0.0
2026-04-12 18:40:18,30.5,59.0,13.1,53.7,0.0,0.0,0.0
2026-04-12 18:40:23,30.7,59.0,8.2,53.7,0.0,0.0,0.0
2026-04-12 18:40:28,30.7,59.0,6.7,53.7,0.0,0.0,0.0
2026-04-12 18:40:33,30.7,59.1,40.1,53.7,0.0,0.0,0.0
2026-04-12 18:40:38,30.5,59.1,21.1,53.7,0.0,0.0,0.0
2026-04-12 18:40:43,30.6,59.1,6.0,53.7,0.0,0.0,0.0
2026-04-12 18:40:48,30.5,59.1,3.6,53.7,0.0,0.0,0.0
2026-04-12 18:40:53,30.7,59.0,9.4,53.7,0.0,0.0,0.0
2026-04-12 18:40:58,30.7,59.0,22.6,53.7,0.0,0.0,0.0
2026-04-12 18:41:03,30.7,59.2,29.2,53.7,0.0,0.0,0.0
2026-04-12 18:41:08,30.5,59.0,9.7,53.6,0.0,0.0,0.0
2026-04-12 18:41:13,30.7,59.0,7.9,53.6,0.0,0.0,0.0
2026-04-12 18:41:18,30.6,59.0,7.9,53.6,0.0,0.0,0.0
2026-04-12 18:41:23,30.6,59.2,19.3,53.7,0.0,0.0,0.0
2026-04-12 18:41:28,30.5,59.2,18.1,53.7,0.0,0.0,0.0
2026-04-12 18:41:33,30.5,59.2,27.5,53.7,0.0,0.0,0.0
2026-04-12 18:41:38,30.6,59.3,3.3,53.7,0.0,0.0,0.0
2026-04-12 18:41:43,30.5,59.2,10.9,53.7,0.0,0.0,0.0
2026-04-12 18:41:48,30.6,59.1,6.2,53.7,0.0,0.0,0.0
2026-04-12 18:41:53,30.6,59.0,1.5,53.7,0.0,0.0,0.0
2026-04-12 18:41:58,30.7,58.9,14.9,53.7,0.0,0.0,0.0
2026-04-12 18:42:03,30.6,58.9,14.5,53.7,0.0,0.0,0.0
2026-04-12 18:42:08,30.5,58.8,14.8,53.7,0.0,0.0,0.0
2026-04-12 18:42:13,30.5,58.9,0.0,53.7,0.0,0.0,0.0
2026-04-12 18:42:18,30.6,58.9,3.9,53.7,0.0,0.0,0.0
2026-04-12 18:42:23,30.6,58.8,4.8,53.7,0.0,0.0,0.0
2026-04-12 18:42:28,30.6,58.9,0.0,53.7,0.0,0.0,0.0
2026-04-12 18:42:33,30.7,59.0,10.2,53.7,0.0,0.0,0.0
2026-04-12 18:42:38,30.7,59.0,11.2,53.7,0.0,0.0,0.0
2026-04-12 18:42:43,30.6,59.0,8.0,53.7,0.0,0.0,0.0
2026-04-12 18:42:48,30.6,59.1,10.4,53.7,0.0,0.0,0.0
2026-04-12 18:42:53,30.7,59.1,0.0,53.7,0.0,0.0,0.0
2026-04-12 18:42:58,30.6,58.9,22.7,53.7,0.0,0.0,0.0
2026-04-12 18:43:03,30.6,58.9,1.3,53.7,0.0,0.0,0.0
2026-04-12 18:43:08,30.7,58.9,8.7,53.7,0.0,0.0,0.0
2026-04-12 18:43:13,30.6,59.1,4.7,53.7,0.0,0.0,0.0
2026-04-12 18:43:18,30.7,59.1,18.9,53.7,0.0,0.0,0.0
2026-04-12 18:43:23,30.6,59.0,3.9,53.7,0.0,0.0,0.0
2026-04-12 18:43:28,30.6,59.0,9.4,53.7,0.0,0.0,0.0
2026-04-12 18:43:33,30.7,58.9,6.1,53.7,0.0,0.0,0.0
2026-04-12 18:43:38,30.6,58.9,28.8,53.7,0.0,0.0,0.0
2026-04-12 18:43:43,30.7,58.8,22.4,53.7,0.0,0.0,0.0
2026-04-12 18:43:48,30.7,58.8,14.9,53.7,0.0,0.0,0.0
2026-04-12 18:43:53,30.6,58.9,13.6,53.6,0.0,0.0,0.0
2026-04-12 18:43:58,30.7,58.9,21.9,53.6,0.0,0.0,0.0
2026-04-12 18:44:03,30.7,58.9,25.2,53.7,0.0,0.0,0.0
2026-04-12 18:44:08,30.6,58.8,16.8,53.7,0.0,0.0,0.0
2026-04-12 18:44:13,30.6,58.8,14.1,53.7,0.0,0.0,0.0
2026-04-12 18:44:18,30.6,58.7,0.0,53.7,0.0,0.0,0.0
2026-04-12 18:44:23,30.6,58.8,4.0,53.7,0.0,0.0,0.0
2026-04-12 18:44:28,30.7,58.9,17.3,53.7,0.0,0.0,0.0
2026-04-12 18:44:33,30.7,59.0,14.4,53.7,0.0,0.0,0.0
2026-04-12 18:44:38,30.7,59.1,15.0,53.7,0.0,0.0,0.0
2026-04-12 18:44:43,30.6,59.1,15.8,53.7,0.0,0.0,0.0
2026-04-12 18:44:48,30.7,59.0,17.4,53.7,0.0,0.0,0.0
2026-04-12 18:44:53,30.7,59.1,6.1,53.7,0.0,0.0,0.0
2026-04-12 18:44:58,30.7,58.9,15.6,53.7,0.0,0.0,0.0
2026-04-12 18:45:03,30.7,58.9,21.4,53.7,0.0,0.0,0.0
2026-04-12 18:45:08,30.7,58.9,4.9,53.7,0.0,0.0,0.0
2026-04-12 18:45:13,30.7,58.9,0.7,53.7,0.0,0.0,0.0
2026-04-12 18:45:18,30.7,58.9,20.7,53.7,0.0,0.0,0.0
2026-04-12 18:45:23,30.6,58.9,10.8,53.7,0.0,0.0,0.0
2026-04-12 18:45:28,30.7,58.9,12.6,53.7,0.0,0.0,0.0
2026-04-12 18:45:33,30.7,58.8,24.6,53.7,0.0,0.0,0.0
2026-04-12 18:45:38,30.6,58.9,9.6,53.7,0.0,0.0,0.0
2026-04-12 18:45:43,30.6,58.9,2.3,53.7,0.0,0.0,0.0
2026-04-12 18:45:48,30.7,58.9,34.8,53.7,0.0,0.0,0.0
2026-04-12 18:45:53,30.6,58.8,27.5,53.7,0.0,0.0,0.0
2026-04-12 18:45:58,30.6,58.8,14.3,53.7,0.0,0.0,0.0
2026-04-12 18:46:03,30.7,58.8,13.2,53.7,0.0,0.0,0.0
2026-04-12 18:46:08,30.6,58.8,6.9,53.7,0.0,0.0,0.0
2026-04-12 18:46:13,30.6,58.7,20.8,53.7,0.0,0.0,0.0
2026-04-12 18:46:18,30.8,58.7,16.6,53.7,0.0,0.0,0.0
2026-04-12 18:46:23,30.8,58.7,25.4,53.7,0.0,0.0,0.0
2026-04-12 18:46:28,30.7,58.7,19.4,53.7,0.0,0.0,0.0
2026-04-12 18:46:33,30.7,58.8,17.3,53.7,0.0,0.0,0.0
2026-04-12 18:46:38,30.7,58.8,10.5,53.7,0.0,0.0,0.0
2026-04-12 18:46:43,30.8,58.8,38.5,53.7,0.0,0.0,0.0
2026-04-12 18:46:48,30.7,58.8,0.0,53.7,0.0,0.0,0.0
2026-04-12 18:46:53,30.6,59.0,18.3,53.7,0.0,0.0,0.0
2026-04-12 18:46:58,30.6,59.0,2.1,53.7,0.0,0.0,0.0
2026-04-12 18:47:03,30.6,59.1,10.4,53.7,0.0,0.0,0.0
2026-04-12 18:47:08,30.6,59.1,12.3,53.7,0.0,0.0,0.0
2026-04-12 18:47:13,30.6,59.1,0.3,53.7,0.0,0.0,0.0
2026-04-12 18:47:18,30.7,59.0,7.3,53.7,0.0,0.0,0.0
2026-04-12 18:47:23,30.6,58.9,8.4,53.7,0.0,0.0,0.0
2026-04-12 18:47:28,30.8,59.0,19.2,53.7,0.0,0.0,0.0
2026-04-12 18:47:33,30.8,59.0,29.9,53.7,0.0,0.0,0.0
2026-04-12 18:47:38,30.7,59.1,7.3,53.7,0.0,0.0,0.0
2026-04-12 18:47:43,30.7,58.9,0.0,53.7,0.0,0.0,0.0
2026-04-12 18:47:48,30.7,58.9,18.9,53.7,0.0,0.0,0.0
2026-04-12 18:47:53,30.6,58.9,0.9,53.7,0.0,0.0,0.0
2026-04-12 18:47:58,30.7,58.9,25.5,53.7,0.0,0.0,0.0
2026-04-12 18:48:03,30.7,58.8,21.2,53.6,0.0,0.0,0.0
2026-04-12 18:48:08,30.7,59.0,28.6,53.6,0.0,0.0,0.0
2026-04-12 18:48:13,30.6,59.1,22.3,53.6,0.0,0.0,0.0
2026-04-12 18:48:18,30.6,59.0,10.8,53.6,0.0,0.0,0.0
2026-04-12 18:48:23,30.7,59.0,6.2,53.6,0.0,0.0,0.0
2026-04-12 18:48:28,30.8,58.9,17.3,53.6,0.0,0.0,0.0
2026-04-12 18:48:33,30.7,58.8,6.3,53.6,0.0,0.0,0.0
2026-04-12 18:48:38,30.5,58.9,18.3,53.7,0.0,0.0,0.0
2026-04-12 18:48:43,30.6,59.0,8.6,53.7,0.0,0.0,0.0
2026-04-12 18:48:48,30.5,58.9,7.3,53.6,0.0,0.0,0.0
2026-04-12 18:48:53,30.6,58.9,18.6,53.6,0.0,0.0,0.0
2026-04-12 18:48:58,30.6,58.9,5.7,53.6,0.0,0.0,0.0
2026-04-12 18:49:03,30.7,58.9,7.1,53.6,0.0,0.0,0.0
2026-04-12 18:49:08,30.7,58.8,20.2,53.6,0.0,0.0,0.0
2026-04-12 18:49:13,30.7,58.8,5.7,53.7,0.0,0.0,0.0
2026-04-12 18:49:18,30.7,58.8,10.9,53.7,0.0,0.0,0.0
2026-04-12 18:49:23,30.7,58.8,28.9,53.6,0.0,0.0,0.0
2026-04-12 18:49:28,30.8,58.9,3.4,53.6,0.0,0.0,0.0
2026-04-12 18:49:33,30.6,58.9,5.5,53.6,0.0,0.0,0.0
2026-04-12 18:49:38,30.7,59.0,18.2,53.6,0.0,0.0,0.0
2026-04-12 18:49:43,30.7,59.0,1.7,53.6,0.0,0.0,0.0
2026-04-12 18:49:48,30.7,59.1,1.7,53.6,0.0,0.0,0.0
2026-04-12 18:49:53,30.7,59.1,14.7,53.6,0.0,0.0,0.0
2026-04-12 18:49:58,30.7,59.0,0.0,53.6,0.0,0.0,0.0
2026-04-12 18:50:03,30.6,59.0,13.1,53.6,0.0,0.0,0.0
2026-04-12 18:50:08,30.6,59.1,22.7,53.6,0.0,0.0,0.0
2026-04-12 18:50:13,30.5,59.0,13.9,53.6,0.0,0.0,0.0
2026-04-12 18:50:18,30.7,58.9,0.0,53.6,0.0,0.0,0.0
2026-04-12 18:50:23,30.6,59.0,27.3,53.6,0.0,0.0,0.0
2026-04-12 18:50:28,30.7,59.1,9.9,53.6,0.0,0.0,0.0
2026-04-12 18:50:33,30.7,59.1,19.8,53.6,0.0,0.0,0.0
2026-04-12 18:50:38,30.8,59.1,14.1,53.6,0.0,0.0,0.0
2026-04-12 18:50:43,30.7,59.1,21.0,53.6,0.0,0.0,0.0
2026-04-12 18:50:48,30.5,59.0,19.4,53.6,0.0,0.0,0.0
2026-04-12 18:50:53,30.7,58.9,13.5,53.6,0.0,0.0,0.0
2026-04-12 18:50:58,30.6,59.0,14.3,53.6,0.0,0.0,0.0
2026-04-12 18:51:03,30.6,59.1,15.6,53.6,0.0,0.0,0.0
2026-04-12 18:51:08,30.8,58.9,1.0,53.6,0.0,0.0,0.0
2026-04-12 18:51:13,30.7,58.9,5.9,53.6,0.0,0.0,0.0
2026-04-12 18:51:18,30.7,58.8,8.4,53.6,0.0,0.0,0.0
2026-04-12 18:51:23,30.6,58.8,16.4,53.6,0.0,0.0,0.0
2026-04-12 18:51:28,30.8,58.7,30.1,53.6,0.0,0.0,0.0
2026-04-12 18:51:33,30.6,58.8,8.8,53.5,0.0,0.0,0.0
2026-04-12 18:51:38,30.6,58.7,19.3,53.5,0.0,0.0,0.0
2026-04-12 18:51:43,30.7,58.7,0.0,53.6,0.0,0.0,0.0
2026-04-12 18:51:48,30.7,58.8,20.8,53.6,0.0,0.0,0.0
2026-04-12 18:51:53,30.7,58.8,0.0,53.6,0.0,0.0,0.0
2026-04-12 18:51:58,30.7,58.8,25.1,53.6,0.0,0.0,0.0
2026-04-12 18:52:03,30.6,58.9,27.0,53.6,0.0,0.0,0.0
2026-04-12 18:52:08,30.7,58.9,25.7,53.6,0.0,0.0,0.0
2026-04-12 18:52:13,30.5,58.9,21.8,53.6,0.0,0.0,0.0
2026-04-12 18:52:18,30.6,58.8,17.8,53.6,0.0,0.0,0.0
2026-04-12 18:52:23,30.6,58.8,13.9,53.6,0.0,0.0,0.0
2026-04-12 18:52:28,30.6,58.8,12.6,53.6,0.0,0.0,0.0
2026-04-12 18:52:33,30.5,58.9,18.2,53.6,0.0,0.0,0.0
2026-04-12 18:52:38,30.7,58.7,18.8,53.6,0.0,0.0,0.0
2026-04-12 18:52:43,30.6,58.8,13.6,53.6,0.0,0.0,0.0
2026-04-12 18:52:48,30.6,58.8,26.6,53.6,0.0,0.0,0.0
2026-04-12 18:52:53,30.7,58.9,44.6,53.6,0.0,0.0,0.0
2026-04-12 18:52:58,30.6,58.8,22.0,53.6,0.0,0.0,0.0
2026-04-12 18:53:03,30.8,58.7,8.9,53.6,0.0,0.0,0.0
2026-04-12 18:53:08,30.7,58.8,13.3,53.6,0.0,0.0,0.0
2026-04-12 18:53:13,30.9,58.8,4.3,53.6,0.0,0.0,0.0
2026-04-12 18:53:18,30.6,58.9,36.3,53.6,0.0,0.0,0.0
2026-04-12 18:53:23,30.6,58.9,5.4,53.6,0.0,,0.0
2026-04-12 18:53:28,30.6,58.8,19.7,53.6,0.0,0.0,0.0
2026-04-12 18:53:33,30.6,58.8,5.5,53.6,0.0,0.0,0.0
2026-04-12 18:53:38,30.7,58.7,9.7,53.6,0.0,0.0,0.0
2026-04-12 18:53:43,30.6,58.6,12.1,53.6,0.0,0.0,0.0
2026-04-12 18:53:48,30.7,58.7,25.8,53.6,0.0,0.0,0.0
2026-04-12 18:53:53,30.8,58.7,15.9,53.6,0.0,0.0,0.0
2026-04-12 18:53:58,30.8,58.7,6.3,53.6,0.0,0.0,0.0
2026-04-12 18:54:03,30.6,58.8,17.6,53.6,0.0,0.0,0.0
2026-04-12 18:54:08,30.6,58.7,9.1,53.6,0.0,0.0,0.0
2026-04-12 18:54:13,30.6,58.7,16.3,53.6,0.0,0.0,0.0
2026-04-12 18:54:18,30.7,58.7,22.6,53.6,0.0,0.0,0.0
2026-04-12 18:54:23,30.5,58.7,5.0,53.6,0.0,0.0,0.0
2026-04-12 18:54:28,30.7,58.7,9.2,53.6,0.0,0.0,0.0
2026-04-12 18:54:33,30.7,58.8,26.2,53.6,0.0,0.0,0.0
2026-04-12 18:54:38,30.8,58.7,4.7,53.6,0.0,0.0,0.0
2026-04-12 18:54:43,30.6,58.7,30.2,53.6,0.0,0.0,0.0
2026-04-12 18:54:48,30.6,58.7,17.4,53.6,0.0,0.0,0.0
2026-04-12 18:54:53,30.6,58.7,16.8,53.6,0.0,0.0,0.0
2026-04-12 18:54:58,30.6,58.7,0.0,53.6,0.0,0.0,0.0
2026-04-12 18:55:03,30.7,58.7,17.0,53.6,0.0,0.0,0.0
2026-04-12 18:55:08,30.6,58.7,24.3,53.6,0.0,0.0,0.0
2026-04-12 18:55:13,30.9,58.5,24.3,53.6,0.0,0.0,0.0
2026-04-12 18:55:18,30.7,58.7,24.5,53.6,0.0,0.0,0.0
2026-04-12 18:55:23,30.6,58.6,3.1,53.6,0.0,0.0,0.0
2026-04-12 18:55:28,30.6,58.6,22.1,53.6,0.0,0.0,0.0
2026-04-12 18:55:33,30.6,58.7,15.3,53.6,0.0,0.0,0.0
2026-04-12 18:55:38,30.6,58.7,17.5,53.6,0.0,0.0,0.0
2026-04-12 18:55:43,30.6,58.6,3.4,53.6,0.0,0.0,0.0
2026-04-12 18:55:48,30.6,58.6,0.0,53.6,0.0,0.0,0.0
2026-04-12 18:55:53,30.6,58.6,43.7,53.6,0.0,0.0,0.0
2026-04-12 18:55:58,30.6,58.7,28.8,53.6,0.0,0.0,0.0
2026-04-12 18:56:03,30.6,58.7,9.9,53.5,0.0,0.0,0.0
2026-04-12 18:56:08,30.6,58.6,15.0,53.5,0.0,0.0,0.0
2026-04-12 18:56:13,30.7,58.6,17.8,53.5,0.0,0.0,0.0
2026-04-12 18:56:18,30.7,58.6,19.2,53.5,0.0,0.0,0.0
2026-04-12 18:56:23,30.6,58.6,5.1,53.5,0.0,0.0,0.0
2026-04-12 18:56:28,30.5,58.6,0.0,53.6,0.0,0.0,0.0
2026-04-12 18:56:33,30.7,58.6,15.5,53.6,0.0,0.0,0.0
2026-04-12 18:56:38,30.6,58.6,3.9,53.6,0.0,0.0,0.0
2026-04-12 18:56:43,30.7,58.7,19.7,53.6,0.0,0.0,0.0
2026-04-12 18:56:48,30.6,58.7,25.1,53.6,0.0,0.0,0.0
2026-04-12 18:56:53,30.5,58.7,11.7,53.6,0.0,0.0,0.0
2026-04-12 18:56:58,30.8,58.5,0.0,53.6,0.0,0.0,0.0
2026-04-12 18:57:03,30.7,58.4,34.4,53.6,0.0,0.0,0.0
2026-04-12 18:57:08,30.7,58.4,21.1,53.6,0.0,0.0,0.0
2026-04-12 18:57:13,30.9,58.4,19.3,53.6,0.0,0.0,0.0
2026-04-12 18:57:18,30.6,58.3,2.6,53.6,0.0,0.0,0.0
2026-04-12 18:57:23,30.6,58.3,4.6,53.6,0.0,0.0,0.0
2026-04-12 18:57:28,30.7,58.3,15.9,53.7,0.0,0.0,0.0
2026-04-12 18:57:33,30.5,58.4,12.1,53.7,0.0,0.0,0.0
2026-04-12 18:57:38,30.7,58.5,2.5,53.7,0.0,0.0,0.0
2026-04-12 18:57:43,30.8,58.4,9.8,53.7,0.0,0.0,0.0
2026-04-12 18:57:48,30.6,58.5,25.2,53.7,0.0,0.0,0.0
2026-04-12 18:57:53,30.8,58.6,0.0,53.6,0.0,0.0,0.0
2026-04-12 18:57:58,30.6,58.6,24.6,53.6,0.0,0.0,0.0
2026-04-12 18:58:03,30.7,58.6,6.3,53.6,0.0,0.0,0.0
2026-04-12 18:58:08,30.6,58.7,31.4,53.6,0.0,0.0,0.0
2026-04-12 18:58:13,30.5,58.7,12.2,53.6,0.0,0.0,0.0
2026-04-12 18:58:18,30.5,58.8,16.1,53.6,0.0,0.0,0.0
2026-04-12 18:58:23,30.7,58.9,11.3,53.6,0.0,0.0,0.0
2026-04-12 18:58:28,30.7,59.1,23.2,53.6,0.0,0.0,0.0
2026-04-12 18:58:33,30.6,59.1,17.0,53.6,0.0,0.0,0.0
2026-04-12 18:58:38,30.7,59.0,12.2,53.6,0.0,0.0,0.0
2026-04-12 18:58:43,30.6,59.1,22.3,53.6,0.0,0.0,0.0
2026-04-12 18:58:48,30.7,59.1,10.5,53.6,0.0,0.0,0.0
2026-04-12 18:58:53,30.6,59.1,8.6,53.6,0.0,0.0,0.0
2026-04-12 18:58:58,30.7,59.1,3.4,53.6,0.0,0.0,0.0
2026-04-12 18:59:03,30.7,59.1,11.5,53.6,0.0,0.0,0.0
2026-04-12 18:59:08,30.6,59.2,0.0,53.6,0.0,0.0,0.0
2026-04-12 18:59:13,30.5,59.2,36.1,53.6,0.0,0.0,0.0
2026-04-12 18:59:18,30.8,59.1,15.9,53.6,0.0,0.0,0.0
2026-04-12 18:59:23,30.7,59.1,7.6,53.5,0.0,0.0,0.0
2026-04-12 18:59:28,30.6,59.1,12.1,53.5,0.0,0.0,0.0
2026-04-12 18:59:33,30.6,59.1,8.5,53.6,0.0,0.0,0.0
2026-04-12 18:59:38,30.7,59.0,23.0,53.6,0.0,0.0,0.0
2026-04-12 18:59:43,30.7,59.0,9.6,53.6,0.0,0.0,0.0
2026-04-12 18:59:48,30.6,58.9,24.0,53.6,0.0,0.0,0.0
2026-04-12 18:59:53,30.7,58.7,1.4,53.6,0.0,0.0,0.0
2026-04-12 18:59:58,30.7,58.8,0.0,53.6,0.0,0.0,0.0
2026-04-12 19:00:03,30.6,58.8,18.4,53.6,0.0,0.0,0.0
2026-04-12 19:00:08,30.7,58.8,22.5,53.6,0.0,0.0,0.0
2026-04-12 19:00:13,30.7,58.9,23.3,53.6,0.0,0.0,0.0
2026-04-12 19:00:18,30.7,58.8,27.6,53.6,0.0,0.0,0.0
2026-04-12 19:00:23,30.6,58.9,2.1,53.6,0.0,0.0,0.0
2026-04-12 19:00:28,30.7,58.8,20.7,53.6,0.0,0.0,0.0
2026-04-12 19:00:33,30.6,58.6,0.0,53.6,0.0,0.0,0.0
2026-04-12 19:00:38,30.6,58.7,23.2,53.6,0.0,0.0,0.0
2026-04-12 19:00:43,30.6,58.7,6.3,53.6,0.0,0.0,0.0
2026-04-12 19:00:48,30.7,58.6,15.3,53.6,0.0,0.0,0.0
2026-04-12 19:00:53,30.7,58.6,4.3,53.6,0.0,0.0,0.0
2026-04-12 19:00:58,30.7,58.4,13.1,53.6,0.0,0.0,0.0
2026-04-12 19:01:03,30.7,58.4,12.3,53.6,0.0,0.0,0.0
2026-04-12 19:01:08,30.6,58.5,20.6,53.6,0.0,0.0,0.0
2026-04-12 19:01:13,30.6,58.6,19.1,53.6,0.0,0.0,0.0
2026-04-12 19:01:18,30.7,58.7,25.8,53.6,0.0,0.0,0.0
2026-04-12 19:01:23,30.7,58.8,18.6,53.6,0.0,0.0,0.0
2026-04-12 19:01:28,30.7,58.9,29.6,53.6,0.0,0.0,0.0
2026-04-12 19:01:33,30.7,58.8,15.0,53.6,0.0,0.0,0.0
2026-04-12 19:01:38,30.6,58.7,26.7,53.6,0.0,0.0,0.0
2026-04-12 19:01:43,30.7,58.7,11.8,53.6,0.0,0.0,0.0
2026-04-12 19:01:48,30.7,58.7,2.1,53.6,0.0,0.0,0.0
2026-04-12 19:01:53,30.7,58.6,33.2,53.6,0.0,0.0,0.0
2026-04-12 19:01:58,30.6,58.6,12.7,53.6,0.0,0.0,0.0
2026-04-12 19:02:03,30.7,58.7,7.7,53.6,0.0,0.0,0.0
2026-04-12 19:02:08,30.6,58.8,7.4,53.6,0.0,0.0,0.0
2026-04-12 19:02:13,30.7,58.7,18.2,53.6,0.0,0.0,0.0
2026-04-12 19:02:18,30.8,58.8,16.9,53.6,0.0,0.0,0.0
2026-04-12 19:02:23,30.8,58.9,14.8,53.6,0.0,0.0,0.0
2026-04-12 19:02:28,30.6,59.0,1.7,53.6,0.0,0.0,0.0
2026-04-12 19:02:33,30.6,59.1,7.4,53.6,0.0,0.0,0.0
2026-04-12 19:02:38,30.6,59.1,8.9,53.6,0.0,0.0,0.0
2026-04-12 19:02:43,30.8,59.0,0.1,53.6,0.0,0.0,0.0
2026-04-12 19:02:48,30.5,59.2,18.8,53.6,0.0,0.0,0.0
2026-04-12 19:02:53,30.8,59.1,24.9,53.6,0.0,0.0,0.0
2026-04-12 19:02:58,30.6,59.1,10.6,53.6,0.0,0.0,0.0
2026-04-12 19:03:03,30.8,59.2,20.5,53.6,0.0,0.0,0.0
2026-04-12 19:03:08,31.0,59.2,19.8,53.6,0.0,0.0,0.0
2026-04-12 19:03:13,30.8,59.3,7.3,53.6,0.0,0.0,0.0
2026-04-12 19:03:18,30.7,59.3,28.2,53.6,0.0,0.0,0.0
2026-04-12 19:03:23,30.8,59.4,10.2,53.6,0.0,0.0,0.0
2026-04-12 19:03:28,30.8,59.2,9.6,53.6,0.0,0.0,0.0
2026-04-12 19:03:33,30.7,59.1,18.4,53.6,0.0,0.0,0.0
2026-04-12 19:03:38,30.8,59.1,17.8,53.6,0.0,0.0,0.0
2026-04-12 19:03:43,30.7,59.1,6.6,53.6,0.0,0.0,0.0
2026-04-12 19:03:48,30.6,59.1,21.1,53.6,0.0,0.0,0.0
2026-04-12 19:03:53,30.6,59.0,15.6,53.6,0.0,0.0,0.0
2026-04-12 19:03:58,30.7,59.0,26.8,53.6,0.0,0.0,0.0
2026-04-12 19:04:03,30.7,59.1,32.5,53.5,0.0,0.0,0.0
2026-04-12 19:04:08,30.7,59.1,30.2,53.5,0.0,0.0,0.0
2026-04-12 19:04:13,30.5,59.2,1.2,53.5,0.0,0.0,0.0
2026-04-12 19:04:18,30.8,59.2,10.4,53.6,0.0,0.0,0.0
2026-04-12 19:04:23,30.7,59.1,12.9,53.6,0.0,0.0,0.0
2026-04-12 19:04:28,30.7,59.2,5.7,53.6,0.0,0.0,0.0
2026-04-12 19:04:33,30.7,59.2,17.7,53.6,0.0,0.0,0.0
2026-04-12 19:04:38,30.8,59.2,20.6,53.6,0.0,0.0,0.0
2026-04-12 19:04:43,30.6,59.2,4.2,53.6,0.0,0.0,0.0
2026-04-12 19:04:48,30.8,59.2,10.7,53.6,0.0,0.0,0.0
2026-04-12 19:04:53,30.7,59.2,22.6,53.6,0.0,0.0,0.0
2026-04-12 19:04:58,30.7,59.1,13.0,53.6,0.0,0.0,0.0
2026-04-12 19:05:03,30.8,58.9,38.8,53.6,0.0,0.0,0.0
2026-04-12 19:05:08,30.8,58.9,0.9,53.6,0.0,0.0,0.0
2026-04-12 19:05:13,30.7,58.9,18.9,53.6,0.0,0.0,0.0
2026-04-12 19:05:18,30.7,58.9,24.3,53.6,0.0,0.0,0.0
2026-04-12 19:05:23,30.7,58.8,26.0,53.6,0.0,0.0,0.0
2026-04-12 19:05:28,30.6,58.9,15.7,53.6,0.0,0.0,0.0
2026-04-12 19:05:33,30.8,59.0,13.5,53.6,0.0,0.0,0.0
2026-04-12 19:05:38,30.7,59.2,28.6,53.6,0.0,0.0,0.0
2026-04-12 19:05:43,30.6,59.3,19.2,53.6,0.0,0.0,0.0
2026-04-12 19:05:48,30.7,59.2,2.4,53.6,0.0,0.0,0.0
2026-04-12 19:05:53,30.8,59.3,0.0,53.6,0.0,0.0,0.0
2026-04-12 19:05:58,30.7,59.2,20.1,53.6,0.0,0.0,0.0
2026-04-12 19:06:03,30.7,59.2,7.6,53.6,0.0,0.0,0.0
2026-04-12 19:06:08,30.7,59.2,22.3,53.6,0.0,0.0,0.0
2026-04-12 19:06:13,30.7,59.1,8.2,53.6,0.0,0.0,0.0
2026-04-12 19:06:18,30.7,59.0,10.3,53.6,0.0,0.0,0.0
2026-04-12 19:06:23,30.6,59.1,5.6,53.6,0.0,0.0,0.0
2026-04-12 19:06:28,30.6,59.0,12.2,53.6,0.0,0.0,0.0
2026-04-12 19:06:33,30.6,58.9,7.7,53.6,0.0,0.0,0.0
2026-04-12 19:06:38,30.5,59.0,15.4,53.6,0.0,0.0,0.0
2026-04-12 19:06:43,30.8,59.0,4.3,53.6,0.0,0.0,0.0
2026-04-12 19:06:48,30.6,58.9,20.8,53.6,0.0,0.0,0.0
2026-04-12 19:06:53,30.8,58.9,5.3,53.6,0.0,0.0,0.0
2026-04-12 19:06:58,30.6,58.9,39.4,53.6,0.0,0.0,0.0
2026-04-12 19:07:03,30.7,59.0,23.7,53.6,0.0,0.0,0.0
2026-04-12 19:07:08,30.8,58.9,17.1,53.6,0.0,0.0,0.0
2026-04-12 19:07:13,30.7,58.9,21.1,53.6,0.0,0.0,0.0
2026-04-12 19:07:18,30.7,58.9,0.4,53.6,0.0,0.0,0.0
2026-04-12 19:07:23,30.5,58.8,0.0,53.6,0.0,0.0,0.0
2026-04-12 19:07:28,30.8,58.9,10.0,53.6,0.0,0.0,0.0
2026-04-12 19:07:33,30.5,58.9,13.0,53.6,0.0,0.0,0.0
2026-04-12 19:07:38,30.8,58.9,24.1,53.6,0.0,0.0,0.0
2026-04-12 19:07:43,30.8,58.9,22.3,53.6,0.0,0.0,0.0
2026-04-12 19:07:48,30.7,58.8,9.4,53.6,0.0,0.0,0.0
2026-04-12 19:07:53,30.7,58.7,6.7,53.6,0.0,0.0,0.0
2026-04-12 19:07:58,30.7,58.6,31.7,53.6,0.0,0.0,0.0
2026-04-12 19:08:03,30.7,58.5,14.2,53.6,0.0,0.0,0.0
2026-04-12 19:08:08,30.6,58.5,4.2,53.6,0.0,0.0,0.0
2026-04-12 19:08:13,30.6,58.6,19.4,53.6,0.0,0.0,0.0
2026-04-12 19:08:18,30.7,58.6,17.3,53.6,0.0,0.0,0.0
2026-04-12 19:08:23,30.6,58.6,0.0,53.6,0.0,0.0,0.0
2026-04-12 19:08:28,30.6,58.7,3.4,53.6,0.0,0.0,0.0
2026-04-12 19:08:33,30.7,58.7,21.4,53.6,0.0,0.0,0.0
2026-04-12 19:08:38,30.8,58.7,28.1,53.6,0.0,0.0,0.0
2026-04-12 19:08:43,30.7,58.8,10.7,53.6,0.0,0.0,0.0
2026-04-12 19:08:48,30.9,59.0,9.7,53.6,0.0,0.0,0.0
2026-04-12 19:08:53,30.7,58.9,15.7,53.6,0.0,0.0,0.0
2026-04-12 19:08:58,30.7,58.8,3.6,53.6,0.0,0.0,0.0
2026-04-12 19:09:03,30.8,58.8,6.3,53.6,0.0,0.0,0.0
2026-04-12 19:09:08,30.6,58.7,13.8,53.6,0.0,0.0,0.0
2026-04-12 19:09:13,30.6,58.8,8.5,53.6,0.0,0.0,0.0
2026-04-12 19:09:18,30.7,58.9,18.0,53.6,0.0,0.0,0.0
2026-04-12 19:09:23,30.6,58.9,18.3,53.6,0.0,0.0,0.0
2026-04-12 19:09:28,30.7,59.0,0.7,53.6,0.0,0.0,0.0
2026-04-12 19:09:33,30.7,59.0,10.5,53.6,0.0,0.0,0.0
2026-04-12 19:09:38,30.7,58.9,31.5,53.6,0.0,0.0,0.0
2026-04-12 19:09:43,30.7,58.7,5.5,53.6,0.0,0.0,0.0
2026-04-12 19:09:48,30.8,58.7,18.6,53.6,0.0,0.0,0.0
2026-04-12 19:09:53,30.6,58.6,15.7,53.6,0.0,0.0,0.0
2026-04-12 19:09:58,30.6,58.7,17.5,53.6,0.0,0.0,0.0
2026-04-12 19:10:03,30.7,58.8,17.7,53.6,0.0,0.0,0.0
2026-04-12 19:10:08,30.6,58.9,27.0,53.6,0.0,0.0,0.0
2026-04-12 19:10:13,30.6,58.9,22.5,53.6,0.0,0.0,0.0
2026-04-12 19:10:18,30.7,58.8,16.5,53.6,0.0,0.0,0.0
2026-04-12 19:10:23,30.6,58.8,19.8,53.6,0.0,0.0,0.0
2026-04-12 19:10:28,30.6,58.8,12.7,53.6,0.0,0.0,0.0
2026-04-12 19:10:33,30.7,58.8,25.9,53.6,0.0,0.0,0.0
2026-04-12 19:10:38,30.6,58.9,27.1,53.6,0.0,0.0,0.0
2026-04-12 19:10:43,30.6,58.9,18.9,53.6,0.0,0.0,0.0
2026-04-12 19:10:48,30.6,58.9,20.0,53.6,0.0,0.0,0.0
2026-04-12 19:10:53,30.6,58.9,24.3,53.6,0.0,0.0,0.0
2026-04-12 19:10:58,30.5,59.2,3.7,53.6,0.0,0.0,0.0
2026-04-12 19:11:03,30.7,59.1,26.3,53.6,0.0,0.0,0.0
2026-04-12 19:11:08,30.7,59.0,21.7,53.6,0.0,0.0,0.0
2026-04-12 19:11:13,30.8,59.1,6.7,53.6,0.0,0.0,0.0
2026-04-12 19:11:18,30.6,59.1,22.5,53.6,0.0,0.0,0.0
2026-04-12 19:11:23,30.7,59.1,12.8,53.6,0.0,0.0,0.0
2026-04-12 19:11:28,30.5,59.3,7.8,53.6,0.0,0.0,0.0
2026-04-12 19:11:33,30.7,59.3,17.8,53.6,0.0,0.0,0.0
2026-04-12 19:11:38,30.6,59.2,12.1,53.6,0.0,0.0,0.0
2026-04-12 19:11:43,30.7,59.3,0.6,53.6,0.0,0.0,0.0
2026-04-12 19:11:48,30.7,59.3,17.5,53.6,0.0,0.0,0.0
2026-04-12 19:11:53,30.7,59.3,4.7,53.6,0.0,0.0,0.0
2026-04-12 19:11:58,30.7,59.3,30.2,53.6,0.0,0.0,0.0
2026-04-12 19:12:03,30.6,59.4,24.9,53.6,0.0,0.0,0.0
2026-04-12 19:12:08,30.8,59.2,22.1,53.6,0.0,0.0,0.0
2026-04-12 19:12:13,30.7,59.2,13.3,53.6,0.0,0.0,0.0
2026-04-12 19:12:18,30.5,59.3,17.6,53.6,0.0,0.0,0.0
2026-04-12 19:12:23,30.7,59.4,18.8,53.6,0.0,0.0,0.0
2026-04-12 19:12:28,30.7,59.2,17.3,53.6,0.0,0.0,0.0
2026-04-12 19:12:33,30.6,59.2,0.1,53.6,0.0,0.0,0.0
2026-04-12 19:12:38,30.7,59.3,13.7,53.6,0.0,0.0,0.0
2026-04-12 19:12:43,30.6,59.2,36.9,53.6,0.0,0.0,0.0
2026-04-12 19:12:48,30.5,59.3,21.9,53.6,0.0,0.0,0.0
2026-04-12 19:12:53,30.5,59.1,23.4,53.6,0.0,0.0,0.0
2026-04-12 19:12:58,30.7,59.0,24.0,53.6,0.0,0.0,0.0
2026-04-12 19:13:03,30.4,59.0,17.4,53.6,0.0,0.0,0.0
2026-04-12 19:13:08,30.5,59.0,24.0,53.6,0.0,0.0,0.0
2026-04-12 19:13:13,30.5,59.0,12.7,53.6,0.0,0.0,0.0
2026-04-12 19:13:18,30.6,58.9,12.6,53.6,0.0,0.0,0.0
2026-04-12 19:13:23,30.6,58.8,0.0,53.6,0.0,0.0,0.0
2026-04-12 19:13:28,30.6,58.7,20.2,53.6,0.0,0.0,0.0
2026-04-12 19:13:33,30.5,58.8,6.6,53.6,0.0,0.0,0.0
2026-04-12 19:13:38,30.7,58.8,17.4,53.6,0.0,0.0,0.0
2026-04-12 19:13:43,30.5,58.9,12.7,53.6,0.0,0.0,0.0
2026-04-12 19:13:48,30.6,58.8,16.8,53.6,0.0,0.0,0.0
2026-04-12 19:13:53,30.5,58.8,9.7,53.6,0.0,0.0,0.0
2026-04-12 19:13:58,30.5,58.9,0.0,53.6,0.0,0.0,0.0
2026-04-12 19:14:03,30.5,58.8,10.2,53.6,0.0,0.0,0.0
2026-04-12 19:14:08,30.6,58.8,1.2,53.6,0.0,0.0,0.0
2026-04-12 19:14:13,30.6,58.8,31.0,53.6,0.0,0.0,0.0
2026-04-12 19:14:18,30.5,58.8,2.9,53.6,0.0,0.0,0.0
2026-04-12 19:14:23,30.4,58.9,14.6,53.6,0.0,0.0,0.0
2026-04-12 19:14:28,30.5,58.9,24.6,53.6,0.0,0.0,0.0
2026-04-12 19:14:33,30.6,58.8,32.8,53.6,0.0,0.0,0.0
2026-04-12 19:14:38,30.5,58.8,19.0,53.6,0.0,0.0,0.0
2026-04-12 19:14:43,30.5,58.7,19.0,53.6,0.0,0.0,0.0
2026-04-12 19:14:48,30.5,58.8,0.0,53.6,0.0,0.0,0.0
2026-04-12 19:14:53,30.5,58.7,5.8,53.6,0.0,0.0,0.0
2026-04-12 19:14:58,30.5,58.8,19.0,53.6,0.0,0.0,0.0
2026-04-12 19:15:03,30.5,59.0,22.5,53.6,0.0,0.0,0.0
2026-04-12 19:15:08,30.4,59.1,29.5,53.6,0.0,0.0,0.0
2026-04-12 19:15:13,30.6,59.2,0.0,53.6,0.0,0.0,0.0
2026-04-12 19:15:18,30.5,59.2,30.3,53.6,0.0,0.0,0.0
2026-04-12 19:15:23,30.5,59.3,16.1,53.6,0.0,0.0,0.0
2026-04-12 19:15:28,30.4,59.3,9.8,53.6,0.0,0.0,0.0
2026-04-12 19:15:33,30.6,59.3,6.1,53.6,0.0,0.0,0.0
2026-04-12 19:15:38,30.4,59.4,14.1,53.6,0.0,0.0,0.0
2026-04-12 19:15:43,30.5,59.3,15.0,53.6,0.0,0.0,0.0
2026-04-12 19:15:48,30.5,59.3,16.0,53.6,0.0,0.0,0.0
2026-04-12 19:15:53,30.5,59.2,21.0,53.6,0.0,0.0,0.0
2026-04-12 19:15:58,30.4,59.3,20.0,53.6,0.0,0.0,0.0
2026-04-12 19:16:03,30.5,59.3,6.5,53.6,0.0,0.0,0.0
2026-04-12 19:16:08,30.4,59.4,7.7,53.6,0.0,0.0,0.0
2026-04-12 19:16:13,30.6,59.3,27.9,53.6,0.0,0.0,0.0
2026-04-12 19:16:18,30.7,59.3,33.5,53.6,0.0,0.0,0.0
2026-04-12 19:16:23,30.3,59.3,8.6,53.6,0.0,0.0,0.0
2026-04-12 19:16:28,30.4,59.4,10.0,53.6,0.0,0.0,0.0
2026-04-12 19:16:33,30.6,59.4,19.4,53.6,0.0,0.0,0.0
2026-04-12 19:16:38,30.4,59.5,17.2,53.6,0.0,0.0,0.0
2026-04-12 19:16:43,30.7,59.4,15.2,53.6,0.0,0.0,0.0
2026-04-12 19:16:48,30.6,59.3,0.0,53.6,0.0,0.0,0.0
2026-04-12 19:16:53,30.5,59.2,22.0,53.6,0.0,0.0,0.0
2026-04-12 19:16:58,30.4,59.3,13.7,53.6,0.0,0.0,0.0
2026-04-12 19:17:03,30.5,59.3,16.7,53.6,0.0,0.0,0.0
2026-04-12 19:17:08,30.4,59.4,29.3,53.6,0.0,0.0,0.0
2026-04-12 19:17:13,30.5,59.3,19.4,53.6,0.0,0.0,0.0
2026-04-12 19:17:18,30.6,59.3,26.2,53.6,0.0,0.0,0.0
2026-04-12 19:17:23,30.4,59.2,39.5,53.6,0.0,0.0,0.0
2026-04-12 19:17:28,30.6,59.1,8.2,53.6,0.0,0.0,0.0
2026-04-12 19:17:33,30.5,59.1,13.8,53.6,0.0,0.0,0.0
2026-04-12 19:17:38,30.5,59.0,20.4,53.6,0.0,0.0,0.0
2026-04-12 19:17:43,30.5,58.9,16.3,53.6,0.0,0.0,0.0
2026-04-12 19:17:48,30.5,58.9,9.4,53.6,0.0,0.0,0.0
2026-04-12 19:17:53,30.4,59.0,17.1,53.6,0.0,0.0,0.0
2026-04-12 19:17:58,30.5,59.0,22.8,53.6,0.0,0.0,0.0
2026-04-12 19:18:03,30.7,59.0,16.8,53.6,0.0,0.0,0.0
2026-04-12 19:18:08,30.6,58.9,14.8,53.6,0.0,0.0,0.0
2026-04-12 19:18:13,30.3,58.9,9.5,53.6,0.0,0.0,0.0
2026-04-12 19:18:18,30.4,59.0,29.6,53.6,0.0,0.0,0.0
2026-04-12 19:18:23,30.6,59.0,10.6,53.6,0.0,0.0,0.0
2026-04-12 19:18:28,30.5,59.0,1.6,53.6,0.0,0.0,0.0
2026-04-12 19:18:33,30.5,59.1,1.6,53.6,0.0,0.0,0.0
2026-04-12 19:18:38,30.6,59.2,22.8,53.6,0.0,0.0,0.0
2026-04-12 19:18:43,30.5,59.1,14.8,53.6,0.0,0.0,0.0
2026-04-12 19:18:48,30.5,59.2,16.1,53.6,0.0,0.0,0.0
2026-04-12 19:18:53,30.5,59.3,9.7,53.6,0.0,0.0,0.0
2026-04-12 19:18:58,30.4,59.3,26.5,53.6,0.0,0.0,0.0
2026-04-12 19:19:03,30.5,59.3,21.1,53.6,0.0,0.0,0.0
2026-04-12 19:19:08,30.5,59.3,12.5,53.6,0.0,0.0,0.0
2026-04-12 19:19:13,30.5,59.4,17.3,53.6,0.0,0.0,0.0
2026-04-12 19:19:18,30.6,59.4,13.9,53.6,0.0,0.0,0.0
2026-04-12 19:19:23,30.4,59.4,17.1,53.6,0.0,0.0,0.0
2026-04-12 19:19:28,30.5,59.3,0.3,53.6,0.0,0.0,0.0
2026-04-12 19:19:33,30.5,59.5,15.1,53.6,0.0,0.0,0.0
2026-04-12 19:19:38,30.4,59.5,26.0,53.6,0.0,0.0,0.0
2026-04-12 19:19:43,30.5,59.3,29.7,53.6,0.0,0.0,0.0
2026-04-12 19:19:48,30.4,59.2,15.7,53.6,0.0,0.0,0.0
2026-04-12 19:19:53,30.5,59.1,8.6,53.6,0.0,0.0,0.0
2026-04-12 19:19:58,30.5,59.2,14.9,53.6,0.0,0.0,0.0
2026-04-12 19:20:03,30.5,59.3,25.8,53.6,0.0,0.0,0.0
2026-04-12 19:20:08,30.5,59.3,13.7,53.6,0.0,0.0,0.0
2026-04-12 19:20:13,30.5,59.2,24.2,53.6,0.0,0.0,0.0
2026-04-12 19:20:18,30.5,59.2,33.2,53.6,0.0,0.0,0.0
2026-04-12 19:20:23,30.6,59.2,12.4,53.6,0.0,0.0,0.0
2026-04-12 19:20:28,30.6,59.3,13.5,53.6,0.0,0.0,0.0
2026-04-12 19:20:33,30.4,59.4,18.4,53.6,0.0,0.0,0.0
2026-04-12 19:20:38,30.6,59.2,0.2,53.6,0.0,0.0,0.0
2026-04-12 19:20:43,30.5,59.4,29.1,53.6,0.0,0.0,0.0
2026-04-12 19:20:48,30.4,59.3,15.2,53.6,0.0,0.0,0.0
2026-04-12 19:20:53,30.6,59.3,3.7,53.6,0.0,0.0,0.0
2026-04-12 19:20:58,30.5,59.5,14.4,53.6,0.0,0.0,0.0
2026-04-12 19:21:03,30.5,59.3,6.9,53.6,0.0,0.0,0.0
2026-04-12 19:21:08,30.4,59.4,6.8,53.6,0.0,0.0,0.0
2026-04-12 19:21:13,30.5,59.3,17.2,53.6,0.0,0.0,0.0
2026-04-12 19:21:18,30.5,59.2,13.9,53.6,0.0,0.0,0.0
2026-04-12 19:21:23,30.6,59.2,14.4,53.6,0.0,0.0,0.0
2026-04-12 19:21:28,30.5,59.2,3.1,53.6,0.0,0.0,0.0
2026-04-12 19:21:33,30.3,59.2,8.7,53.6,0.0,0.0,0.0
2026-04-12 19:21:38,30.6,59.2,0.0,53.6,0.0,0.0,0.0
2026-04-12 19:21:43,30.7,59.3,1.8,53.6,0.0,0.0,0.0
2026-04-12 19:21:48,30.5,59.2,0.6,53.6,0.0,0.0,0.0
2026-04-12 19:21:53,30.5,59.1,18.6,53.6,0.0,0.0,0.0
2026-04-12 19:21:58,30.6,59.0,19.8,53.6,0.0,0.0,0.0
2026-04-12 19:22:03,30.6,59.2,5.9,53.5,0.0,0.0,0.0
2026-04-12 19:22:08,30.4,59.1,0.0,53.5,0.0,0.0,0.0
2026-04-12 19:22:13,30.5,59.1,10.8,53.5,0.0,0.0,0.0
2026-04-12 19:22:18,30.5,59.3,35.9,53.5,0.0,0.0,0.0
2026-04-12 19:22:23,30.5,59.2,24.9,53.5,0.0,0.0,0.0
2026-04-12 19:22:28,30.5,59.0,19.4,53.6,0.0,0.0,0.0
2026-04-12 19:22:33,30.6,58.9,6.9,53.6,0.0,0.0,0.0
2026-04-12 19:22:38,30.4,58.8,13.1,53.6,0.0,0.0,0.0
2026-04-12 19:22:43,30.5,58.9,0.0,53.6,0.0,0.0,0.0
2026-04-12 19:22:48,30.5,59.0,5.3,53.6,0.0,0.0,0.0
2026-04-12 19:22:53,30.6,59.0,11.4,53.6,0.0,0.0,0.0
2026-04-12 19:22:58,30.5,59.0,2.8,53.6,0.0,0.0,0.0
2026-04-12 19:23:03,30.6,58.8,9.2,53.6,0.0,0.0,0.0
2026-04-12 19:23:08,30.5,58.8,11.3,53.6,0.0,0.0,0.0
2026-04-12 19:23:13,30.5,58.8,20.4,53.7,0.0,0.0,0.0
2026-04-12 19:23:18,30.6,58.9,31.9,53.7,0.0,0.0,0.0
2026-04-12 19:23:23,30.5,58.9,5.3,53.6,0.0,0.0,0.0
2026-04-12 19:23:28,30.6,59.1,23.3,53.6,0.0,0.0,0.0
2026-04-12 19:23:33,30.5,59.1,20.5,53.6,0.0,0.0,0.0
2026-04-12 19:23:38,30.5,59.1,24.1,53.6,0.0,0.0,0.0
2026-04-12 19:23:43,30.5,59.0,16.1,53.6,0.0,0.0,0.0
2026-04-12 19:23:48,30.4,59.1,15.0,53.6,0.0,0.0,0.0
2026-04-12 19:23:53,30.6,59.1,6.3,53.6,0.0,0.0,0.0
2026-04-12 19:23:58,30.3,59.1,13.6,53.6,0.0,0.0,0.0
2026-04-12 19:24:03,30.5,59.1,20.9,53.6,0.0,0.0,0.0
2026-04-12 19:24:08,30.5,59.1,9.1,53.6,0.0,0.0,0.0
2026-04-12 19:24:13,30.5,59.1,15.7,53.6,0.0,0.0,0.0
2026-04-12 19:24:18,30.5,59.0,28.9,53.6,0.0,0.0,0.0
2026-04-12 19:24:23,30.5,59.0,14.0,53.6,0.0,0.0,0.0
2026-04-12 19:24:28,30.4,59.1,5.4,53.6,0.0,0.0,0.0
2026-04-12 19:24:33,30.6,59.1,16.8,53.6,0.0,0.0,0.0
2026-04-12 19:24:38,30.5,59.0,19.1,53.6,0.0,0.0,0.0
2026-04-12 19:24:43,30.4,58.9,26.9,53.6,0.0,0.0,0.0
2026-04-12 19:24:48,30.7,58.9,0.0,53.6,0.0,0.0,0.0
2026-04-12 19:24:53,30.5,58.9,17.5,53.6,0.0,0.0,0.0
2026-04-12 19:24:58,30.4,58.9,26.2,53.6,0.0,0.0,0.0
2026-04-12 19:25:03,30.5,59.0,26.3,53.6,0.0,0.0,0.0
2026-04-12 19:25:08,30.5,59.0,0.0,53.6,0.0,0.0,0.0
2026-04-12 19:25:13,30.6,58.9,5.8,53.6,0.0,0.0,0.0
2026-04-12 19:25:18,30.3,59.1,10.7,53.6,0.0,0.0,0.0
2026-04-12 19:25:23,30.6,59.1,18.0,53.6,0.0,0.0,0.0
2026-04-12 19:25:28,30.4,59.1,0.0,53.6,0.0,0.0,0.0
2026-04-12 19:25:33,30.4,59.0,25.7,53.6,0.0,0.0,0.0
2026-04-12 19:25:38,30.4,59.0,0.0,53.7,0.0,0.0,0.0
2026-04-12 19:25:43,30.5,59.1,14.0,53.7,0.0,0.0,0.0
2026-04-12 19:25:48,30.5,59.2,32.3,53.6,0.0,0.0,0.0
2026-04-12 19:25:53,30.6,59.0,0.0,53.6,0.0,0.0,0.0
2026-04-12 19:25:58,30.5,59.0,12.6,53.6,0.0,0.0,0.0
2026-04-12 19:26:03,30.5,59.0,8.7,53.6,0.0,0.0,0.0
2026-04-12 19:26:08,30.5,58.9,19.9,53.6,0.0,0.0,0.0
2026-04-12 19:26:13,30.5,59.0,0.0,53.6,0.0,0.0,0.0
2026-04-12 19:26:18,30.4,59.0,29.3,53.6,0.0,0.0,0.0
2026-04-12 19:26:23,30.4,59.0,10.0,53.6,0.0,0.0,0.0
2026-04-12 19:26:28,30.6,58.9,23.4,53.6,0.0,0.0,0.0
2026-04-12 19:26:33,30.4,58.9,9.3,53.6,0.0,0.0,0.0
2026-04-12 19:26:38,30.5,59.0,14.7,53.6,0.0,0.0,0.0
2026-04-12 19:26:43,30.5,59.1,0.0,53.6,0.0,0.0,0.0
2026-04-12 19:26:48,30.5,59.3,24.5,53.6,0.0,0.0,0.0
2026-04-12 19:26:53,30.4,59.3,29.9,53.6,0.0,0.0,0.0
2026-04-12 19:26:58,30.4,59.4,21.5,53.6,0.0,0.0,0.0
2026-04-12 19:27:03,30.5,59.4,20.0,53.6,0.0,0.0,0.0
2026-04-12 19:27:08,30.4,59.5,26.2,53.6,0.0,0.0,0.0
2026-04-12 19:27:13,30.4,59.6,23.4,53.6,0.0,0.0,0.0
2026-04-12 19:27:18,30.5,59.4,9.6,53.6,0.0,0.0,0.0
2026-04-12 19:27:23,30.5,59.4,9.2,53.6,0.0,0.0,0.0
2026-04-12 19:27:28,30.4,59.3,13.9,53.6,0.0,0.0,0.0
2026-04-12 19:27:33,30.4,59.3,5.1,53.6,0.0,0.0,0.0
2026-04-12 19:27:38,30.6,59.3,21.2,53.6,0.0,0.0,0.0
2026-04-12 19:27:43,30.6,59.2,8.4,53.6,0.0,0.0,0.0
2026-04-12 19:27:48,30.5,59.2,2.8,53.6,0.0,0.0,0.0
2026-04-12 19:27:53,30.5,59.2,13.5,53.6,0.0,0.0,0.0
2026-04-12 19:27:58,30.5,59.1,19.2,53.6,0.0,0.0,0.0
2026-04-12 19:28:03,30.5,59.2,0.0,53.6,0.0,0.0,0.0
2026-04-12 19:28:08,30.4,59.3,10.2,53.6,0.0,0.0,0.0
2026-04-12 19:28:13,30.5,59.3,19.0,53.6,0.0,0.0,0.0
2026-04-12 19:28:18,30.4,59.3,9.7,53.6,0.0,0.0,0.0
2026-04-12 19:28:23,30.5,59.2,20.3,53.6,0.0,0.0,0.0
2026-04-12 19:28:28,30.4,59.1,6.1,53.6,0.0,0.0,0.0
2026-04-12 19:28:33,30.4,59.1,3.8,53.6,0.0,0.0,0.0
2026-04-12 19:28:38,30.5,59.1,28.2,53.6,0.0,0.0,0.0
2026-04-12 19:28:43,30.5,59.1,0.0,53.6,0.0,0.0,0.0
2026-04-12 19:28:48,30.4,59.0,12.7,53.6,0.0,0.0,0.0
2026-04-12 19:28:53,30.6,59.0,15.9,53.6,0.0,0.0,0.0
2026-04-12 19:28:58,30.5,59.1,8.3,53.6,0.0,0.0,0.0
2026-04-12 19:29:03,30.5,58.9,19.1,53.6,0.0,0.0,0.0
2026-04-12 19:29:08,30.5,59.1,9.4,53.6,0.0,0.0,0.0
2026-04-12 19:29:13,30.4,59.0,32.2,53.6,0.0,0.0,0.0
2026-04-12 19:29:18,30.5,59.0,11.8,53.6,0.0,0.0,0.0
2026-04-12 19:29:23,30.4,59.0,17.1,53.6,0.0,0.0,0.0
2026-04-12 19:29:28,30.7,59.1,15.2,53.6,0.0,0.0,0.0
2026-04-12 19:29:33,30.5,59.0,7.5,53.6,0.0,0.0,0.0
2026-04-12 19:29:38,30.3,58.8,25.4,53.6,0.0,0.0,0.0
2026-04-12 19:29:43,30.4,58.9,13.2,53.6,0.0,0.0,0.0
2026-04-12 19:29:48,30.6,58.8,12.5,53.6,0.0,0.0,0.0
2026-04-12 19:29:53,30.3,58.9,7.0,53.6,0.0,0.0,0.0
2026-04-12 19:29:58,30.6,59.0,13.5,53.6,0.0,0.0,0.0
2026-04-12 19:30:03,30.5,59.0,8.7,53.6,0.0,0.0,0.0
2026-04-12 19:30:08,30.6,59.0,7.5,53.6,0.0,0.0,0.0
2026-04-12 19:30:13,30.4,59.0,14.4,53.6,0.0,0.0,0.0
2026-04-12 19:30:18,30.3,59.1,1.4,53.6,0.0,0.0,0.0
2026-04-12 19:30:23,30.4,59.2,12.8,53.6,0.0,0.0,0.0
2026-04-12 19:30:28,30.3,59.2,16.9,53.6,0.0,0.0,0.0
2026-04-12 19:30:33,30.5,59.1,17.5,53.6,0.0,0.0,0.0
2026-04-12 19:30:38,30.4,59.1,5.3,53.6,0.0,0.0,0.0
2026-04-12 19:30:43,30.5,59.0,24.7,53.6,0.0,0.0,0.0
2026-04-12 19:30:48,30.5,58.8,36.8,53.6,0.0,0.0,0.0
2026-04-12 19:30:53,30.5,58.7,39.5,53.6,0.0,0.0,0.0
2026-04-12 19:30:58,30.4,58.7,15.9,53.6,0.0,0.0,0.0
2026-04-12 19:31:03,30.6,58.8,7.5,53.6,0.0,0.0,0.0
2026-04-12 19:31:08,30.4,58.9,15.5,53.6,0.0,0.0,0.0
2026-04-12 19:31:13,30.7,58.9,11.4,53.6,0.0,0.0,0.0
2026-04-12 19:31:18,30.5,58.9,16.8,53.6,0.0,0.0,0.0
2026-04-12 19:31:23,30.5,58.8,21.0,53.6,0.0,0.0,0.0
2026-04-12 19:31:28,30.6,58.8,3.5,53.6,0.0,0.0,0.0
2026-04-12 19:31:33,30.5,58.9,12.3,53.6,0.0,0.0,0.0
2026-04-12 19:31:38,30.3,58.9,16.9,53.6,0.0,0.0,0.0
2026-04-12 19:31:43,30.3,58.7,4.7,53.6,0.0,0.0,0.0
2026-04-12 19:31:48,30.3,58.8,11.9,53.6,0.0,0.0,0.0
2026-04-12 19:31:53,30.4,58.8,0.0,53.6,0.0,0.0,0.0
2026-04-12 19:31:58,30.6,58.9,11.2,53.6,0.0,0.0,0.0
2026-04-12 19:32:03,30.4,59.0,28.4,53.6,0.0,0.0,0.0
2026-04-12 19:32:08,30.5,59.0,10.4,53.6,0.0,0.0,0.0
2026-04-12 19:32:13,30.4,59.0,19.5,53.6,0.0,0.0,0.0
2026-04-12 19:32:18,30.3,59.0,14.4,53.6,0.0,0.0,0.0
2026-04-12 19:32:23,30.5,59.1,11.8,53.6,0.0,0.0,0.0
2026-04-12 19:32:28,30.4,59.0,12.1,53.6,0.0,0.0,0.0
2026-04-12 19:32:33,30.5,59.1,11.4,53.6,0.0,0.0,0.0
2026-04-12 19:32:38,30.6,59.1,27.7,53.6,0.0,0.0,0.0
2026-04-12 19:32:43,30.4,59.1,2.5,53.6,0.0,0.0,0.0
2026-04-12 19:32:48,30.4,59.1,19.8,53.6,0.0,0.0,0.0
2026-04-12 19:32:53,30.5,59.2,40.3,53.6,0.0,0.0,0.0
2026-04-12 19:32:58,30.4,59.2,26.9,53.6,0.0,0.0,0.0
2026-04-12 19:33:03,30.5,59.2,22.2,53.6,0.0,0.0,0.0
2026-04-12 19:33:08,30.5,59.2,29.6,53.6,0.0,0.0,0.0
2026-04-12 19:33:13,30.5,59.2,3.4,53.6,0.0,0.0,0.0
2026-04-12 19:33:18,30.5,59.1,17.6,53.6,0.0,0.0,0.0
2026-04-12 19:33:23,30.6,59.1,17.9,53.6,0.0,0.0,0.0
2026-04-12 19:33:28,30.5,59.2,5.9,53.6,0.0,0.0,0.0
2026-04-12 19:33:33,30.5,59.2,23.4,53.6,0.0,0.0,0.0
2026-04-12 19:33:38,30.5,59.0,11.6,53.6,0.0,0.0,0.0
2026-04-12 19:33:43,30.4,59.0,21.4,53.6,0.0,0.0,0.0
2026-04-12 19:33:48,30.6,58.9,0.0,53.6,0.0,0.0,0.0
2026-04-12 19:33:53,30.4,59.0,0.0,53.6,0.0,0.0,0.0
2026-04-12 19:33:58,30.4,58.9,14.0,53.6,0.0,0.0,0.0
2026-04-12 19:34:03,30.4,58.9,18.9,53.6,0.0,0.0,0.0
2026-04-12 19:34:08,30.3,58.9,15.4,53.6,0.0,0.0,0.0
2026-04-12 19:34:13,30.5,59.0,31.3,53.6,0.0,0.0,0.0
2026-04-12 19:34:18,30.3,59.0,7.6,53.6,0.0,0.0,0.0
2026-04-12 19:34:23,30.4,59.1,3.4,53.6,0.0,0.0,0.0
2026-04-12 19:34:28,30.5,59.0,17.7,53.6,0.0,0.0,0.0
2026-04-12 19:34:33,30.4,59.0,19.9,53.6,0.0,0.0,0.0
2026-04-12 19:34:38,30.4,58.8,26.7,53.6,0.0,0.0,0.0
2026-04-12 19:34:43,30.6,58.8,22.5,53.6,0.0,0.0,0.0
2026-04-12 19:34:48,30.6,58.8,9.6,53.6,0.0,0.0,0.0
2026-04-12 19:34:53,30.5,59.0,20.6,53.6,0.0,0.0,0.0
2026-04-12 19:34:58,30.5,59.0,1.3,53.6,0.0,0.0,0.0
2026-04-12 19:35:03,30.5,58.9,17.5,53.6,0.0,0.0,0.0
2026-04-12 19:35:08,30.5,58.7,6.2,53.6,0.0,0.0,0.0
2026-04-12 19:35:13,30.5,58.7,29.7,53.6,0.0,0.0,0.0
2026-04-12 19:35:18,30.6,58.8,26.5,53.6,0.0,0.0,0.0
2026-04-12 19:35:23,30.6,58.9,11.2,53.6,0.0,0.0,0.0
2026-04-12 19:35:28,30.5,58.8,16.5,53.6,0.0,0.0,0.0
2026-04-12 19:35:33,30.4,58.8,0.0,53.6,0.0,0.0,0.0
2026-04-12 19:35:38,30.5,58.8,10.0,53.6,0.0,0.0,0.0
2026-04-12 19:35:43,30.5,58.8,25.6,53.6,0.0,0.0,0.0
2026-04-12 19:35:48,30.3,58.9,4.9,53.6,0.0,0.0,0.0
2026-04-12 19:35:53,30.4,58.7,4.6,53.6,0.0,0.0,0.0
2026-04-12 19:35:58,30.6,58.8,5.3,53.6,0.0,0.0,0.0
2026-04-12 19:36:03,30.4,58.7,13.3,53.6,0.0,0.0,0.0
2026-04-12 19:36:08,30.6,58.6,3.9,53.6,0.0,0.0,0.0
2026-04-12 19:36:13,30.5,58.7,15.0,53.6,0.0,0.0,0.0
2026-04-12 19:36:18,30.6,58.7,0.0,53.6,0.0,0.0,0.0
2026-04-12 19:36:23,30.4,58.6,7.2,53.6,0.0,0.0,0.0
2026-04-12 19:36:28,30.4,58.6,16.5,53.6,0.0,0.0,0.0
2026-04-12 19:36:33,30.6,58.8,28.5,53.6,0.0,0.0,0.0
2026-04-12 19:36:38,30.5,58.8,16.4,53.6,0.0,0.0,0.0
2026-04-12 19:36:43,30.5,58.9,19.3,53.6,0.0,0.0,0.0
2026-04-12 19:36:48,30.6,59.0,23.9,53.6,0.0,0.0,0.0
2026-04-12 19:36:53,30.4,59.0,11.4,53.6,0.0,0.0,0.0
2026-04-12 19:36:58,30.3,59.1,17.3,53.6,0.0,0.0,0.0
2026-04-12 19:37:03,30.4,59.0,6.7,53.6,0.0,0.0,0.0
2026-04-12 19:37:08,30.5,59.0,16.0,53.5,0.0,0.0,0.0
2026-04-12 19:37:13,30.4,58.8,25.4,53.5,0.0,0.0,0.0
2026-04-12 19:37:18,30.4,58.8,12.7,53.6,0.0,0.0,0.0
2026-04-12 19:37:23,30.4,58.9,34.1,53.6,0.0,0.0,0.0
2026-04-12 19:37:28,30.4,58.9,9.3,53.6,0.0,0.0,0.0
2026-04-12 19:37:33,30.4,58.9,7.9,53.6,0.0,0.0,0.0
2026-04-12 19:37:38,30.4,58.8,15.0,53.6,0.0,0.0,0.0
2026-04-12 19:37:43,30.3,58.8,21.7,53.6,0.0,0.0,0.0
2026-04-12 19:37:48,30.4,58.7,14.3,53.6,0.0,0.0,0.0
2026-04-12 19:37:53,30.4,58.9,15.0,53.6,0.0,0.0,0.0
2026-04-12 19:37:58,30.4,58.9,9.9,53.6,0.0,0.0,0.0
2026-04-12 19:38:03,30.5,58.9,16.3,53.6,0.0,0.0,0.0
2026-04-12 19:38:08,30.5,58.9,0.8,53.6,0.0,0.0,0.0
2026-04-12 19:38:13,30.6,58.9,20.4,53.6,0.0,0.0,0.0
2026-04-12 19:38:18,30.3,59.0,0.0,53.6,0.0,0.0,0.0
2026-04-12 19:38:23,30.5,58.8,16.1,53.6,0.0,0.0,0.0
2026-04-12 19:38:28,30.3,58.8,9.1,53.6,0.0,0.0,0.0
2026-04-12 19:38:33,30.3,58.9,10.3,53.5,0.0,0.0,0.0
2026-04-12 19:38:38,30.6,59.0,3.1,53.5,0.0,0.0,0.0
2026-04-12 19:38:43,30.4,59.0,5.5,53.5,0.0,0.0,0.0
2026-04-12 19:38:48,30.5,58.9,23.8,53.6,0.0,0.0,0.0
2026-04-12 19:38:53,30.4,58.9,33.4,53.6,0.0,0.0,0.0
2026-04-12 19:38:58,30.6,58.8,17.4,53.6,0.0,0.0,0.0
2026-04-12 19:39:03,30.5,58.7,26.5,53.6,0.0,0.0,0.0
2026-04-12 19:39:08,30.4,58.6,0.0,53.6,0.0,0.0,0.0
2026-04-12 19:39:13,30.5,58.6,13.9,53.5,0.0,0.0,0.0
2026-04-12 19:39:18,30.5,58.7,13.0,53.5,0.0,0.0,0.0
2026-04-12 19:39:23,30.3,58.6,12.3,53.5,0.0,0.0,0.0
2026-04-12 19:39:28,30.4,58.4,26.2,53.5,0.0,0.0,0.0
2026-04-12 19:39:33,30.4,58.5,31.3,53.5,0.0,0.0,0.0
2026-04-12 19:39:38,30.5,58.5,23.3,53.5,0.0,0.0,0.0
2026-04-12 19:39:43,30.5,58.5,0.0,53.5,0.0,0.0,0.0
2026-04-12 19:39:48,30.5,58.5,27.8,53.5,0.0,0.0,0.0
2026-04-12 19:39:53,30.5,58.5,0.0,53.5,0.0,0.0,0.0
2026-04-12 19:39:58,30.4,58.5,23.4,53.5,0.0,0.0,0.0
2026-04-12 19:40:03,30.4,58.6,15.5,53.5,0.0,0.0,0.0
2026-04-12 19:40:08,30.5,58.7,15.5,53.5,0.0,0.0,0.0
2026-04-12 19:40:13,30.4,58.6,11.5,53.5,0.0,0.0,0.0
2026-04-12 19:40:18,30.4,58.6,30.2,53.5,0.0,0.0,0.0
2026-04-12 19:40:23,30.5,58.7,12.5,53.5,0.0,0.0,0.0
2026-04-12 19:40:28,30.4,58.6,15.2,53.5,0.0,0.0,0.0
2026-04-12 19:40:33,30.5,58.6,21.0,53.6,0.0,0.0,0.0
2026-04-12 19:40:38,30.6,58.6,47.6,53.6,0.0,0.0,0.0
2026-04-12 19:40:43,30.5,58.7,9.5,53.5,0.0,0.0,0.0
2026-04-12 19:40:48,30.4,58.7,11.6,53.5,0.0,0.0,0.0
2026-04-12 19:40:53,30.5,58.8,6.7,53.5,0.0,0.0,0.0
2026-04-12 19:40:58,30.5,58.9,15.7,53.5,0.0,0.0,0.0
2026-04-12 19:41:03,30.5,58.8,12.9,53.5,0.0,0.0,0.0
2026-04-12 19:41:08,30.4,58.8,14.4,53.5,0.0,0.0,0.0
2026-04-12 19:41:13,30.6,58.8,20.9,53.5,0.0,0.0,0.0
2026-04-12 19:41:18,30.4,58.9,12.8,53.5,0.0,0.0,0.0
2026-04-12 19:41:23,30.5,58.9,18.7,53.5,0.0,0.0,0.0
2026-04-12 19:41:28,30.6,59.0,12.0,53.5,0.0,0.0,0.0
2026-04-12 19:41:33,30.5,59.1,12.2,53.5,0.0,0.0,0.0
2026-04-12 19:41:38,30.4,59.0,0.0,53.5,0.0,0.0,0.0
2026-04-12 19:41:43,30.5,59.2,2.1,53.5,0.0,0.0,0.0
2026-04-12 19:41:48,30.6,59.2,18.3,53.5,0.0,0.0,0.0
2026-04-12 19:41:53,30.3,59.2,3.2,53.5,0.0,0.0,0.0
2026-04-12 19:41:58,30.6,59.0,7.5,53.5,0.0,0.0,0.0
2026-04-12 19:42:03,30.4,59.0,1.5,53.5,0.0,0.0,0.0
2026-04-12 19:42:08,30.3,59.0,5.9,53.5,0.0,0.0,0.0
2026-04-12 19:42:13,30.5,59.1,14.7,53.5,0.0,0.0,0.0
2026-04-12 19:42:18,30.4,59.1,11.2,53.5,0.0,0.0,0.0
2026-04-12 19:42:23,30.4,59.1,25.6,53.5,0.0,0.0,0.0
2026-04-12 19:42:28,30.5,59.0,30.3,53.5,0.0,0.0,0.0
2026-04-12 19:42:33,30.4,59.1,10.1,53.5,0.0,0.0,0.0
2026-04-12 19:42:38,30.5,59.2,24.1,53.5,0.0,0.0,0.0
2026-04-12 19:42:43,30.6,59.3,11.0,53.5,0.0,0.0,0.0
2026-04-12 19:42:48,30.5,59.3,16.6,53.5,0.0,0.0,0.0
2026-04-12 19:42:53,30.4,59.3,12.7,53.5,0.0,0.0,0.0
2026-04-12 19:42:58,30.4,59.3,23.3,53.5,0.0,0.0,0.0
2026-04-12 19:43:03,30.3,59.4,21.0,53.5,0.0,0.0,0.0
2026-04-12 19:43:08,30.4,59.4,28.5,53.5,0.0,0.0,0.0
2026-04-12 19:43:13,30.4,59.3,21.3,53.5,0.0,0.0,0.0
2026-04-12 19:43:18,30.4,59.4,9.0,53.5,0.0,0.0,0.0
2026-04-12 19:43:23,30.5,59.4,20.8,53.5,0.0,0.0,0.0
2026-04-12 19:43:28,30.5,59.4,20.0,53.5,0.0,0.0,0.0
2026-04-12 19:43:33,30.4,59.4,17.3,53.5,0.0,0.0,0.0
2026-04-12 19:43:38,30.6,59.5,29.9,53.5,0.0,0.0,0.0
2026-04-12 19:43:43,30.4,59.5,0.0,53.5,0.0,0.0,0.0
2026-04-12 19:43:48,30.5,59.5,13.5,53.5,0.0,0.0,0.0
2026-04-12 19:43:53,30.5,59.5,18.5,53.5,0.0,0.0,0.0
2026-04-12 19:43:58,30.4,59.4,7.2,53.5,0.0,0.0,0.0
2026-04-12 19:44:03,30.4,59.5,17.7,53.5,0.0,0.0,0.0
2026-04-12 19:44:08,30.6,59.4,9.6,53.5,0.0,0.0,0.0
2026-04-12 19:44:13,30.2,59.4,14.1,53.5,0.0,0.0,0.0
2026-04-12 19:44:18,30.5,59.4,22.2,53.5,0.0,0.0,0.0
2026-04-12 19:44:23,30.2,59.3,22.4,53.5,0.0,0.0,0.0
2026-04-12 19:44:28,30.5,59.3,30.6,53.5,0.0,0.0,0.0
2026-04-12 19:44:33,30.5,59.3,11.6,53.5,0.0,0.0,0.0
2026-04-12 19:44:38,30.3,59.4,18.4,53.5,0.0,0.0,0.0
2026-04-12 19:44:43,30.4,59.4,8.0,53.5,0.0,0.0,0.0
2026-04-12 19:44:48,30.4,59.4,5.8,53.5,0.0,0.0,0.0
2026-04-12 19:44:53,30.4,59.4,17.3,53.4,0.0,0.0,0.0
2026-04-12 19:44:58,30.6,59.4,8.6,53.4,0.0,0.0,0.0
2026-04-12 19:45:03,30.5,59.3,7.7,53.5,0.0,0.0,0.0
2026-04-12 19:45:08,30.4,59.3,14.5,53.5,0.0,0.0,0.0
2026-04-12 19:45:13,30.5,59.3,4.3,53.5,0.0,0.0,0.0
2026-04-12 19:45:18,30.5,59.3,15.9,53.5,0.0,0.0,0.0
2026-04-12 19:45:23,30.4,59.3,9.3,53.5,0.0,0.0,0.0
2026-04-12 19:45:28,30.2,59.2,22.5,53.4,0.0,0.0,0.0
2026-04-12 19:45:33,30.3,59.2,17.1,53.4,0.0,0.0,0.0
2026-04-12 19:45:38,30.3,59.1,8.8,53.4,0.0,0.0,0.0
2026-04-12 19:45:43,30.4,59.1,6.4,53.5,0.0,0.0,0.0
2026-04-12 19:45:48,30.4,59.1,7.4,53.5,0.0,0.0,0.0
2026-04-12 19:45:53,30.2,59.0,3.4,53.5,0.0,0.0,0.0
2026-04-12 19:45:58,30.2,59.3,24.6,53.5,0.0,0.0,0.0
2026-04-12 19:46:03,30.3,59.1,11.2,53.5,0.0,0.0,0.0
2026-04-12 19:46:08,30.3,59.0,13.6,53.5,0.0,0.0,0.0
2026-04-12 19:46:13,30.3,59.0,13.1,53.5,0.0,0.0,0.0
2026-04-12 19:46:18,30.2,58.9,11.0,53.5,0.0,0.0,0.0
2026-04-12 19:46:23,30.4,59.0,35.8,53.5,0.0,0.0,0.0
2026-04-12 19:46:28,30.5,58.9,7.6,53.5,0.0,0.0,0.0
2026-04-12 19:46:33,30.4,58.8,17.5,53.5,0.0,0.0,0.0
2026-04-12 19:46:38,30.4,58.8,21.7,53.5,0.0,0.0,0.0
2026-04-12 19:46:43,30.5,58.8,0.0,53.5,0.0,0.0,0.0
2026-04-12 19:46:48,30.4,58.8,19.7,53.5,0.0,0.0,0.0
2026-04-12 19:46:53,30.4,58.8,15.7,53.5,0.0,0.0,0.0
2026-04-12 19:46:58,30.4,58.8,23.0,53.5,0.0,0.0,0.0
2026-04-12 19:47:03,30.2,58.8,14.0,53.5,0.0,0.0,0.0
2026-04-12 19:47:08,30.3,58.6,0.0,53.5,0.0,0.0,0.0
2026-04-12 19:47:13,30.4,58.7,18.8,53.5,0.0,0.0,0.0
2026-04-12 19:47:18,30.3,58.8,12.7,53.5,0.0,0.0,0.0
2026-04-12 19:47:23,30.1,58.8,18.4,53.5,0.0,0.0,0.0
2026-04-12 19:47:28,30.4,58.7,16.1,53.5,0.0,0.0,0.0
2026-04-12 19:47:33,30.2,58.8,26.8,53.5,0.0,0.0,0.0
2026-04-12 19:47:38,30.4,58.7,8.3,53.5,0.0,0.0,0.0
2026-04-12 19:47:43,30.5,58.7,18.1,53.5,0.0,0.0,0.0
2026-04-12 19:47:48,30.4,58.7,17.1,53.5,0.0,0.0,0.0
2026-04-12 19:47:53,30.3,58.9,10.6,53.5,0.0,0.0,0.0
2026-04-12 19:47:58,30.5,58.8,9.0,53.5,0.0,0.0,0.0
2026-04-12 19:48:03,30.4,59.0,13.7,53.5,0.0,0.0,0.0
2026-04-12 19:48:08,30.3,59.0,23.8,53.5,0.0,0.0,0.0
2026-04-12 19:48:13,30.3,58.8,22.4,53.5,0.0,0.0,0.0
2026-04-12 19:48:18,30.2,58.8,23.8,53.5,0.0,0.0,0.0
2026-04-12 19:48:23,30.4,58.9,13.3,53.5,0.0,0.0,0.0
2026-04-12 19:48:28,30.3,59.1,10.4,53.5,0.0,0.0,0.0
2026-04-12 19:48:33,30.5,58.9,6.3,53.5,0.0,0.0,0.0
2026-04-12 19:48:38,30.3,58.9,20.7,53.5,0.0,0.0,0.0
2026-04-12 19:48:43,30.4,59.1,3.5,53.5,0.0,0.0,0.0
2026-04-12 19:48:48,30.3,59.2,5.1,53.5,0.0,0.0,0.0
2026-04-12 19:48:53,30.3,59.1,3.7,53.5,0.0,0.0,0.0
2026-04-12 19:48:58,30.4,59.1,19.7,53.5,0.0,0.0,0.0
2026-04-12 19:49:03,30.4,59.1,13.3,53.4,0.0,0.0,0.0
2026-04-12 19:49:08,30.4,59.0,29.7,53.4,0.0,0.0,0.0
2026-04-12 19:49:13,30.5,59.0,10.0,53.5,0.0,0.0,0.0
2026-04-12 19:49:18,30.5,59.0,16.2,53.5,0.0,0.0,0.0
2026-04-12 19:49:23,30.3,59.0,10.2,53.5,0.0,0.0,0.0
2026-04-12 19:49:28,30.3,59.0,17.6,53.5,0.0,0.0,0.0
2026-04-12 19:49:33,30.3,59.0,24.4,53.5,0.0,0.0,0.0
2026-04-12 19:49:38,30.3,58.9,20.9,53.5,0.0,0.0,0.0
2026-04-12 19:49:43,30.3,59.0,27.2,53.5,0.0,0.0,0.0
2026-04-12 19:49:48,30.4,59.0,13.3,53.5,0.0,0.0,0.0
2026-04-12 19:49:53,30.3,59.0,19.6,53.5,0.0,0.0,0.0
2026-04-12 19:49:58,30.4,59.2,13.0,53.5,0.0,0.0,0.0
2026-04-12 19:50:03,30.3,59.3,11.5,53.5,0.0,0.0,0.0
2026-04-12 19:50:08,30.4,59.3,11.1,53.5,0.0,0.0,0.0
2026-04-12 19:50:13,30.4,59.3,2.9,53.5,0.0,0.0,0.0
2026-04-12 19:50:18,30.3,59.4,0.0,53.5,0.0,0.0,0.0
2026-04-12 19:50:23,30.4,59.5,32.0,53.5,0.0,0.0,0.0
2026-04-12 19:50:28,30.3,59.5,6.6,53.5,0.0,0.0,0.0
2026-04-12 19:50:33,30.3,59.5,11.1,53.5,0.0,0.0,0.0
2026-04-12 19:50:38,30.3,59.5,20.3,53.5,0.0,0.0,0.0
2026-04-12 19:50:43,30.4,59.5,0.0,53.5,0.0,0.0,0.0
2026-04-12 19:50:48,30.3,59.5,13.8,53.5,0.0,0.0,0.0
2026-04-12 19:50:53,30.3,59.5,24.3,53.5,0.0,0.0,0.0
2026-04-12 19:50:58,30.3,59.5,9.9,53.5,0.0,0.0,0.0
2026-04-12 19:51:03,30.4,59.4,20.1,53.5,0.0,0.0,0.0
2026-04-12 19:51:08,30.4,59.4,22.8,53.5,0.0,0.0,0.0
2026-04-12 19:51:13,30.2,59.4,27.5,53.5,0.0,0.0,0.0
2026-04-12 19:51:18,30.3,59.5,9.9,53.5,0.0,0.0,0.0
2026-04-12 19:51:23,30.3,59.5,33.3,53.5,0.0,0.0,0.0
2026-04-12 19:51:28,30.4,59.6,17.3,53.5,0.0,0.0,0.0
2026-04-12 19:51:33,30.4,59.5,1.8,53.5,0.0,0.0,0.0
2026-04-12 19:51:38,30.2,59.6,14.3,53.5,0.0,0.0,0.0
2026-04-12 19:51:43,30.4,59.6,23.0,53.5,0.0,0.0,0.0
2026-04-12 19:51:48,30.2,59.7,23.8,53.5,0.0,0.0,0.0
2026-04-12 19:51:53,30.4,59.7,33.5,53.5,0.0,0.0,0.0
2026-04-12 19:51:58,30.2,59.5,11.2,53.5,0.0,0.0,0.0
2026-04-12 19:52:03,30.3,59.5,4.7,53.5,0.0,0.0,0.0
2026-04-12 19:52:08,30.4,59.5,15.7,53.5,0.0,0.0,0.0
2026-04-12 19:52:13,30.3,59.4,0.0,53.5,0.0,0.0,0.0
2026-04-12 19:52:18,30.2,59.4,0.0,53.4,0.0,0.0,0.0
2026-04-12 19:52:23,30.3,59.3,11.3,53.4,0.0,0.0,0.0
2026-04-12 19:52:28,30.4,59.3,13.2,53.4,0.0,0.0,0.0
2026-04-12 19:52:33,30.4,59.3,5.8,53.5,0.0,0.0,0.0
2026-04-12 19:52:38,30.3,59.1,29.2,53.5,0.0,0.0,0.0
2026-04-12 19:52:43,30.5,59.2,0.0,53.5,0.0,0.0,0.0
2026-04-12 19:52:48,30.6,59.2,8.4,53.5,0.0,0.0,0.0
2026-04-12 19:52:53,30.5,59.2,13.8,53.5,0.0,0.0,0.0
2026-04-12 19:52:58,30.2,59.2,7.6,53.5,0.0,0.0,0.0
2026-04-12 19:53:03,30.4,59.2,15.0,53.5,0.0,0.0,0.0
2026-04-12 19:53:08,30.3,59.1,3.9,53.5,0.0,0.0,0.0
2026-04-12 19:53:13,30.5,59.3,0.0,53.5,0.0,0.0,0.0
2026-04-12 19:53:18,30.4,59.3,14.9,53.5,0.0,0.0,0.0
2026-04-12 19:53:23,30.4,59.2,13.6,53.5,0.0,0.0,0.0
2026-04-12 19:53:28,30.3,59.3,15.1,53.5,0.0,0.0,0.0
2026-04-12 19:53:33,30.4,59.2,22.3,53.5,0.0,0.0,0.0
2026-04-12 19:53:38,30.3,59.0,34.6,53.5,0.0,0.0,0.0
2026-04-12 19:53:43,30.4,59.0,16.2,53.5,0.0,0.0,0.0
2026-04-12 19:53:48,30.3,59.1,26.4,53.4,0.0,0.0,0.0
2026-04-12 19:53:53,30.3,59.2,0.0,53.4,0.0,0.0,0.0
2026-04-12 19:53:58,30.4,59.3,30.3,53.5,0.0,0.0,0.0
2026-04-12 19:54:03,30.3,59.3,21.3,53.5,0.0,0.0,0.0
2026-04-12 19:54:08,30.6,59.3,26.4,53.5,0.0,0.0,0.0
2026-04-12 19:54:13,30.5,59.4,6.7,53.5,0.0,0.0,0.0
2026-04-12 19:54:18,30.4,59.3,24.6,53.5,0.0,0.0,0.0
2026-04-12 19:54:23,30.4,59.2,27.7,53.5,0.0,0.0,0.0
2026-04-12 19:54:28,30.4,59.1,3.8,53.4,0.0,0.0,0.0
2026-04-12 19:54:33,30.2,59.1,6.0,53.4,0.0,0.0,0.0
2026-04-12 19:54:38,30.4,59.1,13.6,53.4,0.0,0.0,0.0
2026-04-12 19:54:43,30.3,59.1,15.3,53.4,0.0,0.0,0.0
2026-04-12 19:54:48,30.5,59.1,22.2,53.5,0.0,0.0,0.0
2026-04-12 19:54:53,30.5,59.2,34.2,53.5,0.0,0.0,0.0
2026-04-12 19:54:58,30.5,59.1,27.1,53.4,0.0,0.0,0.0
2026-04-12 19:55:03,30.4,59.1,7.0,53.4,0.0,0.0,0.0
2026-04-12 19:55:08,30.3,59.1,29.8,53.5,0.0,0.0,0.0
2026-04-12 19:55:13,30.5,59.2,19.6,53.5,0.0,0.0,0.0
2026-04-12 19:55:18,30.6,59.1,10.4,53.5,0.0,0.0,0.0
2026-04-12 19:55:23,30.5,59.3,19.4,53.5,0.0,0.0,0.0
2026-04-12 19:55:28,30.5,59.4,26.7,53.5,0.0,0.0,0.0
2026-04-12 19:55:33,30.5,59.4,7.2,53.5,0.0,0.0,0.0
2026-04-12 19:55:38,30.3,59.4,22.9,53.5,0.0,0.0,0.0
2026-04-12 19:55:43,30.3,59.4,2.1,53.5,0.0,0.0,0.0
2026-04-12 19:55:48,30.4,59.4,7.1,53.5,0.0,0.0,0.0
2026-04-12 19:55:53,30.4,59.3,21.0,53.5,0.0,0.0,0.0
2026-04-12 19:55:58,30.4,59.4,32.4,53.5,0.0,0.0,0.0
2026-04-12 19:56:03,30.3,59.5,5.6,53.5,0.0,0.0,0.0
2026-04-12 19:56:08,30.5,59.5,13.6,53.5,0.0,0.0,0.0
2026-04-12 19:56:13,30.4,59.5,33.4,53.5,0.0,0.0,0.0
2026-04-12 19:56:18,30.4,59.6,21.2,53.5,0.0,0.0,0.0
2026-04-12 19:56:23,30.6,59.6,14.6,53.5,0.0,0.0,0.0
2026-04-12 19:56:28,30.5,59.6,0.0,53.5,0.0,0.0,0.0
2026-04-12 19:56:33,30.4,59.7,20.5,53.5,0.0,0.0,0.0
2026-04-12 19:56:38,30.4,59.7,0.0,53.5,0.0,0.0,0.0
2026-04-12 19:56:43,30.4,59.6,16.6,53.5,0.0,0.0,0.0
2026-04-12 19:56:48,30.5,59.6,21.3,53.5,0.0,0.0,0.0
2026-04-12 19:56:53,30.4,59.6,18.4,53.5,0.0,0.0,0.0
2026-04-12 19:56:58,30.3,59.5,5.2,53.4,0.0,0.0,0.0
2026-04-12 19:57:03,30.3,59.6,26.8,53.4,0.0,0.0,0.0
2026-04-12 19:57:08,30.4,59.6,23.6,53.5,0.0,0.0,0.0
2026-04-12 19:57:13,30.4,59.7,31.4,53.5,0.0,0.0,0.0
2026-04-12 19:57:18,30.6,59.6,14.5,53.5,0.0,0.0,0.0
2026-04-12 19:57:23,30.3,59.6,1.2,53.5,0.0,0.0,0.0
2026-04-12 19:57:28,30.5,59.6,20.6,53.5,0.0,0.0,0.0
2026-04-12 19:57:33,30.6,59.5,24.7,53.5,0.0,0.0,0.0
2026-04-12 19:57:38,30.4,59.4,17.5,53.5,0.0,0.0,0.0
2026-04-12 19:57:43,30.4,59.4,11.1,53.5,0.0,0.0,0.0
2026-04-12 19:57:48,30.3,59.3,2.2,53.5,0.0,0.0,0.0
2026-04-12 19:57:53,30.3,59.3,25.1,53.5,0.0,0.0,0.0
2026-04-12 19:57:58,30.3,59.3,11.9,53.5,0.0,0.0,0.0
2026-04-12 19:58:03,30.4,59.4,4.3,53.5,0.0,0.0,0.0
2026-04-12 19:58:08,30.4,59.4,15.7,53.5,0.0,0.0,0.0
2026-04-12 19:58:13,30.2,59.5,24.6,53.4,0.0,0.0,0.0
2026-04-12 19:58:18,30.3,59.5,3.6,53.4,0.0,0.0,0.0
2026-04-12 19:58:23,30.2,59.6,18.3,53.5,0.0,0.0,0.0
2026-04-12 19:58:28,30.4,59.6,3.1,53.5,0.0,0.0,0.0
2026-04-12 19:58:33,30.4,59.6,1.4,53.5,0.0,0.0,0.0
2026-04-12 19:58:38,30.3,59.5,20.5,53.5,0.0,0.0,0.0
2026-04-12 19:58:43,30.5,59.5,29.9,53.5,0.0,0.0,0.0
2026-04-12 19:58:48,30.4,59.5,29.2,53.5,0.0,0.0,0.0
2026-04-12 19:58:53,30.3,59.5,24.8,53.5,0.0,0.0,0.0
2026-04-12 19:58:58,30.5,59.6,1.8,53.5,0.0,0.0,0.0
2026-04-12 19:59:03,30.4,59.4,7.1,53.5,0.0,0.0,0.0
2026-04-12 19:59:08,30.2,59.4,3.1,53.5,0.0,0.0,0.0
2026-04-12 19:59:13,30.5,59.5,20.0,53.5,0.0,0.0,0.0
2026-04-12 19:59:18,30.4,59.5,11.2,53.5,0.0,0.0,0.0
2026-04-12 19:59:23,30.4,59.6,8.5,53.5,0.0,0.0,0.0
2026-04-12 19:59:28,30.5,59.4,4.1,53.5,0.0,0.0,0.0
2026-04-12 19:59:33,30.4,59.6,25.4,53.5,0.0,0.0,0.0
2026-04-12 19:59:38,30.4,59.7,4.1,53.5,0.0,0.0,0.0
2026-04-12 19:59:43,30.2,59.6,3.5,53.5,0.0,0.0,0.0
2026-04-12 19:59:48,30.3,59.7,15.8,53.5,0.0,1.0,0.0
2026-04-12 19:59:53,30.4,61.7,18.5,53.4,0.0,1.0,0.0
2026-04-12 19:59:58,30.2,63.5,0.0,53.4,0.0,1.0,0.0
