Timestamp,Temperature,Humidity,Light,Soil_Moisture,Drip,Mist,Fan
2026-01-01 15:00:00,31.990900289091712,67.40963058982089,335.52594721406894,54.22397403213991,0.0,0.0,1.0
2026-01-01 15:00:05,31.98775321128364,67.36633732010614,357.484573905926,54.218942629756825,0.0,1.0,1.0
2026-01-01 15:00:10,31.919370356140835,67.77014972032204,326.4350894089012,54.26872894157263,0.0,1.0,1.0
2026-01-01 15:00:15,31.935348781140355,68.44295317246733,383.7800955971252,54.27013319564216,0.0,1.0,1.0
2026-01-01 15:00:20,31.87494541975058,68.55505544982655,355.0423319247068,54.24814391263613,0.0,0.0,1.0
2026-01-01 15:00:25,31.94788601524768,68.34216493161522,328.51426844584546,54.21572714041447,0.0,0.0,1.0
2026-01-01 15:00:30,31.94679437506061,68.10608391571003,315.5301337900544,54.15802360187477,0.0,0.0,1.0
2026-01-01 15:00:35,32.037197220388535,67.41812572368639,346.29278549916864,54.16633085339397,1.0,0.0,1.0
2026-01-01 15:00:40,32.03569980284685,66.99637651708662,336.52715126329184,54.15137632359927,1.0,1.0,1.0
2026-01-01 15:00:45,32.12761351595699,67.43643208049149,336.11091078044655,54.21707862455227,1.0,1.0,1.0
2026-01-01 15:00:50,32.094662860214854,67.83044135490668,317.2431295225578,54.33279854165761,0.0,1.0,1.0
2026-01-01 15:00:55,32.114050482462886,68.32350666518903,372.3738916389677,54.49211023984621,0.0,1.0,1.0
2026-01-01 15:01:00,32.05698370834825,68.44174278566825,361.2185449472653,54.642908955658015,0.0,0.0,1.0
2026-01-01 15:01:05,32.132333911251834,68.29255180446006,369.6843699291565,54.71150514082311,0.0,0.0,1.0
2026-01-01 15:01:10,32.20585844862852,68.05841139683258,353.05653111081847,54.8052856807899,0.0,0.0,1.0
2026-01-01 15:01:15,32.26372603998448,67.45440625060345,349.1394926455011,54.82726155588023,0.0,0.0,1.0
2026-01-01 15:01:20,32.29257481129287,67.78222580403988,340.7898618400369,54.8635509650541,0.0,1.0,1.0
2026-01-01 15:01:25,32.35800676404376,67.88978737453262,346.6509532050949,54.925133664489074,0.0,1.0,1.0
2026-01-01 15:01:30,32.282174316741624,67.88391742640167,364.6347062306387,54.96431813286654,0.0,1.0,1.0
2026-01-01 15:01:35,32.32887138029826,68.42387329238748,355.2148771728563,54.967957142412416,0.0,1.0,1.0
2026-01-01 15:01:40,32.29317412000524,68.60924696666977,348.1688228763948,54.94994944271332,0.0,0.0,1.0
2026-01-01 15:01:45,32.36217174474664,68.66439129295527,364.6663287580195,54.949098067717166,0.0,0.0,1.0
2026-01-01 15:01:50,32.35176217432618,68.41138350150862,372.8802147523915,54.9585228263503,0.0,0.0,1.0
2026-01-01 15:01:55,32.33465208810603,67.55881987774802,346.9401137532884,54.936374118852015,0.0,0.0,1.0
2026-01-01 15:02:00,32.25093537710065,67.72406698407765,370.6839134220382,54.94568367206541,0.0,1.0,1.0
2026-01-01 15:02:05,32.22598097663795,68.04309507066769,359.1541847196826,54.93132147394832,0.0,1.0,1.0
2026-01-01 15:02:10,32.22050106791588,67.79127669289653,355.6518812314357,54.96064197163517,0.0,0.0,1.0
2026-01-01 15:02:15,32.308118326764536,68.15877609012975,325.26234199671325,54.81280957378928,0.0,1.0,1.0
2026-01-01 15:02:20,32.25659241731602,68.09572691072458,354.4032281949614,54.86599145498266,0.0,0.0,1.0
2026-01-01 15:02:25,32.22944251906733,67.85031200343573,382.96431977220857,54.85625930536847,0.0,0.0,1.0
2026-01-01 15:02:30,32.281257027651,67.8451163415581,351.18992948687645,54.84805187817096,0.0,1.0,1.0
2026-01-01 15:02:35,32.22695573454225,68.19900193571623,335.9195253965302,54.81558079962615,0.0,1.0,1.0
2026-01-01 15:02:40,32.247418042095404,68.23462793566928,341.4132494859061,54.76590586770232,0.0,0.0,1.0
2026-01-01 15:02:45,32.30983405107689,68.15205919204097,339.1582884335522,54.82305585023812,0.0,0.0,1.0
2026-01-01 15:02:50,32.298451853008075,67.52120079886228,361.1907196651358,54.81566450018629,0.0,0.0,1.0
2026-01-01 15:02:55,32.2277278786754,67.46774473209275,369.40405339341976,54.79193022704083,0.0,1.0,1.0
2026-01-01 15:03:00,32.157515522057714,67.69221417438365,338.149205251531,54.770553446519855,0.0,1.0,1.0
2026-01-01 15:03:05,32.15443362292507,68.04508476507239,364.1132117309383,54.75941985160789,0.0,1.0,1.0
2026-01-01 15:03:10,32.11007273911929,68.13169026616055,331.6886547745355,54.86053487600076,0.0,0.0,1.0
2026-01-01 15:03:15,32.155430191241294,68.0966652757482,327.61943853909526,54.73754104399067,0.0,0.0,1.0
2026-01-01 15:03:20,31.97465422440767,67.61359936854993,324.88172469630285,54.73060041111621,0.0,0.0,1.0
2026-01-01 15:03:25,31.90051661439041,67.75496262525701,356.2581054413717,54.80851654265181,0.0,1.0,1.0
2026-01-01 15:03:30,31.92465514918856,67.84107790550198,379.734044642859,54.7752153363247,0.0,1.0,1.0
2026-01-01 15:03:35,31.87904103439842,68.1590620191075,369.2842217820419,54.72719738665202,0.0,1.0,1.0
2026-01-01 15:03:40,31.94259757077233,68.24918044723583,375.9727174867555,54.7015059747737,0.0,0.0,1.0
2026-01-01 15:03:45,31.953084343266664,68.38543625627948,375.0918586520015,54.64435396430234,0.0,0.0,1.0
2026-01-01 15:03:50,31.85211100450244,68.05413195452249,360.1138628543177,54.66920742903979,0.0,0.0,1.0
2026-01-01 15:03:55,31.957168934832684,67.63575985369327,352.69796494146885,54.61626746446083,0.0,0.0,1.0
2026-01-01 15:04:00,32.04231079968534,67.98218676938271,376.5856252243658,54.636544077721474,0.0,1.0,1.0
2026-01-01 15:04:05,31.979842952952712,68.33352798847855,336.42384204242944,54.62153274862828,0.0,1.0,1.0
2026-01-01 15:04:10,31.990453417097,68.29408402687864,354.08417941313434,54.682575553154734,0.0,0.0,1.0
2026-01-01 15:04:15,31.975411807173504,67.97805730695052,324.6642016088083,54.62671374340544,0.0,0.0,1.0
2026-01-01 15:04:20,31.91304691627306,68.0333228921652,342.3516709073428,54.60816180547518,0.0,1.0,1.0
2026-01-01 15:04:25,31.986365650714376,67.76325483291893,323.04816008965395,54.59467572999415,0.0,0.0,1.0
2026-01-01 15:04:30,31.91144512484177,67.68108416764221,350.9189220217272,54.563245582789,0.0,1.0,1.0
2026-01-01 15:04:35,31.946779892053858,68.01656661073795,356.18259468466965,54.55982704172669,0.0,1.0,1.0
2026-01-01 15:04:40,31.98855143712289,68.12509596901792,327.02015128552506,54.59241303692863,0.0,0.0,1.0
2026-01-01 15:04:45,31.966158175664344,68.28197645004822,354.5251388401086,54.48889471235314,0.0,0.0,1.0
2026-01-01 15:04:50,31.954479673342927,67.80425757336208,332.3823725935946,54.573132120484246,0.0,0.0,1.0
2026-01-01 15:04:55,31.94516819561592,67.90715160918404,300.1182066216949,54.50069449610044,0.0,1.0,1.0
2026-01-01 15:05:00,31.941163562420765,68.42169188335914,345.60324555142745,54.48453045236669,0.0,1.0,1.0
2026-01-01 15:05:05,31.94855024982441,68.14170014557001,337.9966717113511,54.53012322385352,0.0,0.0,1.0
2026-01-01 15:05:10,31.997809676187934,67.53037296039498,339.54311890774744,54.484049587089466,0.0,0.0,1.0
2026-01-01 15:05:15,32.028715265109895,67.72571175191078,332.4236739604849,54.50228200385607,0.0,1.0,1.0
2026-01-01 15:05:20,31.89298255760712,68.06178312669633,345.8405675977114,54.50341746259762,0.0,1.0,1.0
2026-01-01 15:05:25,31.874370685566287,68.21597165660954,342.0206967339991,54.48804677801234,0.0,0.0,1.0
2026-01-01 15:05:30,31.863251361437865,67.84576430051193,373.9786434017957,54.53441669868946,0.0,0.0,1.0
2026-01-01 15:05:35,31.872104165357108,67.89752587972653,370.1294539127482,54.43164933149327,0.0,1.0,1.0
2026-01-01 15:05:40,31.807006945431095,68.22345269314657,345.46074000237047,54.3950156683013,0.0,1.0,1.0
2026-01-01 15:05:45,31.749281625530084,68.2501585832986,348.75984947696054,54.37359422300664,0.0,0.0,1.0
2026-01-01 15:05:50,31.90502303103056,68.28286058753443,344.7801635713305,54.42815130200633,0.0,0.0,1.0
2026-01-01 15:05:55,31.90850070796212,67.97092223788701,362.7853874178953,54.403409491598126,0.0,0.0,1.0
2026-01-01 15:06:00,31.879260213278418,68.12431296751602,327.6068209792954,54.409899879772645,0.0,1.0,1.0
2026-01-01 15:06:05,31.88451369191919,67.73140584782293,370.8143826963392,54.46699803799673,0.0,0.0,1.0
2026-01-01 15:06:10,31.86876841494736,68.01817341625016,333.03037249192954,54.44536950876783,0.0,1.0,1.0
2026-01-01 15:06:15,31.828729606426396,67.96668466955627,331.846404591025,54.42427291127571,0.0,0.0,1.0
2026-01-01 15:06:20,31.873519457011884,68.32608788879982,361.1561029317135,54.40624606836331,0.0,1.0,1.0
2026-01-01 15:06:25,31.829150482688814,68.30391030336632,309.9781912959163,54.40974488644311,0.0,0.0,1.0
2026-01-01 15:06:30,31.8090856850885,67.94953769503311,337.1119931618389,54.38973836269645,0.0,0.0,1.0
2026-01-01 15:06:35,31.771809011715995,68.08049709692297,357.05607776173844,54.41703061895976,0.0,1.0,1.0
2026-01-01 15:06:40,31.899722961236314,67.55774809713307,360.1188518965971,54.37185800015682,0.0,0.0,1.0
2026-01-01 15:06:45,31.947384322217047,67.59836949641699,344.7443976881885,54.34453840781652,0.0,1.0,1.0
2026-01-01 15:06:50,31.88731024774216,68.02378248022553,375.1790706229855,54.28744004632205,0.0,1.0,1.0
2026-01-01 15:06:55,31.910923698631446,67.7406596563002,351.9694745719791,54.29048657700711,0.0,0.0,1.0
2026-01-01 15:07:00,31.823073286805304,68.01233527806694,323.2106616644497,54.2912875934037,0.0,1.0,1.0
2026-01-01 15:07:05,31.77804338172724,68.33978088728273,340.45069752829465,54.31017420404467,0.0,0.0,1.0
2026-01-01 15:07:10,31.881898300771272,67.94594978715425,357.3141019145134,54.311136089821765,0.0,0.0,1.0
2026-01-01 15:07:15,31.88740170521487,68.07727080432474,355.4700021186052,54.21982840091793,0.0,1.0,1.0
2026-01-01 15:07:20,31.95080689681212,67.70006486244256,340.8393326478863,54.12485391788497,0.0,0.0,1.0
2026-01-01 15:07:25,31.943536483865824,67.94435792842926,339.56179542817875,54.116348221464776,1.0,1.0,1.0
2026-01-01 15:07:30,31.89946844673832,68.55152690102143,342.4121928650694,54.20830445388842,1.0,1.0,1.0
2026-01-01 15:07:35,31.829478933130112,68.92376586827977,354.8804012243376,54.22144159450043,1.0,0.0,1.0
2026-01-01 15:07:40,31.977094902260763,68.40768417734367,352.0381267875733,54.33049263981017,0.0,0.0,1.0
2026-01-01 15:07:45,32.08832370590352,68.16369017425254,336.38383493169465,54.51521661082769,0.0,0.0,1.0
2026-01-01 15:07:50,32.14004653150714,67.47413051386732,311.0633210744399,54.67325525451471,0.0,0.0,1.0
2026-01-01 15:07:55,32.08931361305326,67.83850622822533,345.2747775069225,54.74553137243223,0.0,1.0,1.0
2026-01-01 15:08:00,32.06040822634596,67.90663643349265,352.29144261255965,54.80585477321176,0.0,1.0,1.0
2026-01-01 15:08:05,31.902164873367884,67.98521038569523,304.2151872000221,54.89060963040015,0.0,1.0,1.0
2026-01-01 15:08:10,31.939716957907116,68.18722067489931,340.6691005932345,54.84554653064826,0.0,1.0,1.0
2026-01-01 15:08:15,31.902638790615782,68.38090466073544,301.3012099403648,54.91096149288275,0.0,0.0,1.0
2026-01-01 15:08:20,31.89048184536133,67.81696709806803,304.1703766088644,54.90317197811918,0.0,0.0,1.0
2026-01-01 15:08:25,31.86078034359505,67.88882528964137,324.6815453392118,54.91739189965231,0.0,1.0,1.0
2026-01-01 15:08:30,31.82580300733977,68.01486286180258,324.3704816035652,54.95655757373776,0.0,1.0,1.0
2026-01-01 15:08:35,31.87015021150936,67.99378534996666,339.3396975997257,54.94409660551628,0.0,0.0,1.0
2026-01-01 15:08:40,31.932005658039436,68.5252057865664,331.5140491104092,54.87330515661488,0.0,1.0,1.0
2026-01-01 15:08:45,31.890640223660963,68.49841034344199,356.3325907913245,54.96818748776768,0.0,0.0,1.0
2026-01-01 15:08:50,31.92415392326885,68.15257371944465,328.7565032014176,54.97054505210507,0.0,0.0,1.0
2026-01-01 15:08:55,31.968428518990592,67.68090983236337,353.6048737963664,54.903400619450366,0.0,0.0,1.0
2026-01-01 15:09:00,31.95072605355713,67.48061690597369,339.265988952836,54.84759819125614,0.0,1.0,1.0
2026-01-01 15:09:05,31.961176908439164,68.05038207203424,373.12368309138935,54.81692843095956,0.0,1.0,1.0
2026-01-01 15:09:10,32.04684095852153,68.2423471962736,342.27947035012653,54.85974750123032,0.0,0.0,1.0
2026-01-01 15:09:15,32.13611801795039,67.92040069313362,347.41105035097297,54.91018475162345,0.0,0.0,1.0
2026-01-01 15:09:20,32.14094637423806,68.12799619908449,356.0351356684399,54.863617876686206,0.0,1.0,1.0
2026-01-01 15:09:25,32.192419480221425,67.6388446985646,346.6451518427876,54.78924513286266,0.0,0.0,1.0
2026-01-01 15:09:30,32.13956378144053,67.85423380331775,342.2210310796437,54.80756591157634,0.0,1.0,1.0
2026-01-01 15:09:35,32.12785156794823,68.27384849028437,322.192118883194,54.76110359064501,0.0,1.0,1.0
2026-01-01 15:09:40,32.08245542833768,68.35764297385109,359.372861581706,54.79477686430154,0.0,0.0,1.0
2026-01-01 15:09:45,32.19692977465951,67.68390320160673,345.8856251921102,54.817705134660216,0.0,0.0,1.0
2026-01-01 15:09:50,32.166439687175355,67.92618041294702,357.8111953934433,54.79113945298988,0.0,1.0,1.0
2026-01-01 15:09:55,32.13097156933587,68.4106785498923,332.3049249879155,54.880553835708845,0.0,1.0,1.0
2026-01-01 15:10:00,32.0508524812814,68.4340304908945,322.93021748784395,54.79995467888912,0.0,0.0,1.0
2026-01-01 15:10:05,32.09414274214867,68.0028166634528,328.2043435854549,54.77457459602721,0.0,0.0,1.0
2026-01-01 15:10:10,32.116848748512055,67.58640863117024,356.0939638140706,54.83707670811661,0.0,0.0,1.0
2026-01-01 15:10:15,32.1651744934163,67.46614646908847,357.108667087431,54.83590703393072,0.0,1.0,1.0
2026-01-01 15:10:20,32.017251369819554,67.91306539496281,356.52329698452064,54.796462371323976,0.0,1.0,1.0
2026-01-01 15:10:25,31.98769799832944,68.45044920200398,331.50991368781223,54.79076017205106,0.0,1.0,1.0
2026-01-01 15:10:30,31.985061225357256,68.68279998422939,356.2591028105327,54.814124303107086,0.0,0.0,1.0
2026-01-01 15:10:35,31.9504353771859,68.16257312418767,355.38684825195367,54.73295385354614,0.0,0.0,1.0
2026-01-01 15:10:40,31.95431502252734,67.67647232566551,360.5199696731885,54.72988900507323,0.0,0.0,1.0
2026-01-01 15:10:45,31.95068585141084,67.94658929285369,327.66845808902866,54.70771647548368,0.0,1.0,1.0
2026-01-01 15:10:50,31.89139232812721,68.23813767386243,312.226254645552,54.65801195094426,0.0,1.0,1.0
2026-01-01 15:10:55,31.81773924904761,68.29292579809758,315.0094844521576,54.6492449198423,0.0,0.0,1.0
2026-01-01 15:11:00,31.842642390666963,68.31534137779383,326.5047612341076,54.630407033503545,0.0,0.0,1.0
2026-01-01 15:11:05,31.819480416775964,67.7395671282548,353.06420041101654,54.6321429198464,0.0,0.0,1.0
2026-01-01 15:11:10,31.82484094168236,67.63818425602275,343.8948011609659,54.61896093151041,0.0,1.0,1.0
2026-01-01 15:11:15,31.875882986439517,67.94711254098995,361.8436736370549,54.643318994042616,0.0,1.0,1.0
2026-01-01 15:11:20,31.865810015668345,68.49547741387599,319.9331252640062,54.66166101211927,0.0,1.0,1.0
2026-01-01 15:11:25,31.999514351759583,68.57234120325579,319.80423375541125,54.60304570627499,0.0,0.0,1.0
2026-01-01 15:11:30,31.908619882136183,68.3103245131125,314.0325672897852,54.592712664167045,0.0,0.0,1.0
2026-01-01 15:11:35,31.910899561253515,68.0152561486495,336.7019846224069,54.70151263674588,0.0,0.0,1.0
2026-01-01 15:11:40,31.924955327810604,67.46419326253483,343.2845598072468,54.58694034629419,0.0,0.0,1.0
2026-01-01 15:11:45,32.052531425945,67.56978052687893,340.5350330478832,54.57398150015538,0.0,1.0,1.0
2026-01-01 15:11:50,32.08573843272861,68.02727426696832,327.7618426747848,54.56531078243745,0.0,1.0,1.0
2026-01-01 15:11:55,32.04928411515998,68.04059638648222,345.8283860949393,54.54428314308284,0.0,0.0,1.0
2026-01-01 15:12:00,32.03450218745308,68.08319250603995,352.1857737001625,54.56481426634733,0.0,0.0,1.0
2026-01-01 15:12:05,32.1538602845832,67.67786008123872,357.9596046045662,54.524582065510245,0.0,0.0,1.0
2026-01-01 15:12:10,32.03843352596438,68.129919184559,337.4767780818808,54.566754547467,0.0,1.0,1.0
2026-01-01 15:12:15,32.02037765485844,67.92104279343008,345.2163445654503,54.57656570985452,0.0,0.0,1.0
2026-01-01 15:12:20,31.984204966863693,68.2375900855997,346.79682173573065,54.44064665543431,0.0,1.0,1.0
2026-01-01 15:12:25,32.04700555456206,67.97624927525695,352.1060812876635,54.41053754700275,0.0,0.0,1.0
2026-01-01 15:12:30,31.878277181349247,68.38597335565163,351.8526946024506,54.37702376196006,0.0,1.0,1.0
2026-01-01 15:12:35,31.828365577865814,68.24035593308498,309.908451105561,54.35258808743481,0.0,0.0,1.0
2026-01-01 15:12:40,31.695671828015524,67.97753953416536,332.13196455618663,54.39243408910133,0.0,0.0,1.0
2026-01-01 15:12:45,31.63555186030728,67.94560259600402,337.77835739333204,54.40994996527295,0.0,1.0,1.0
2026-01-01 15:12:50,31.65596165367769,68.1853427624709,334.1571178219503,54.39164098542778,0.0,1.0,1.0
2026-01-01 15:12:55,31.64174751335304,67.92508428862104,317.9842783690942,54.3616445953231,0.0,0.0,1.0
2026-01-01 15:13:00,31.58773935653257,68.28179774315802,345.49016664954064,54.41667517658289,0.0,1.0,1.0
2026-01-01 15:13:05,31.598660590185737,68.4951862723652,360.2604510778433,54.42374558716306,0.0,0.0,1.0
2026-01-01 15:13:10,31.74872785079892,68.21853577019621,332.1636939649053,54.36760118062846,0.0,0.0,1.0
2026-01-01 15:13:15,31.793533103266245,68.0510360305335,346.37042507894057,54.34098291380546,0.0,0.0,1.0
2026-01-01 15:13:20,31.84142328625923,67.70183141790339,341.8206930967072,54.30473109603243,0.0,0.0,1.0
2026-01-01 15:13:25,31.901172841030974,67.75615178366375,351.4638700492525,54.28202412197997,0.0,1.0,1.0
2026-01-01 15:13:30,31.932363786541718,67.89667541685222,334.1012547744008,54.28042879250172,0.0,1.0,1.0
2026-01-01 15:13:35,31.90001896501844,68.39213727736735,346.6003118132144,54.22141044430853,0.0,1.0,1.0
2026-01-01 15:13:40,31.732353460502303,68.6028126393256,314.3210712936499,54.23895760396977,0.0,0.0,1.0
2026-01-01 15:13:45,31.735118600040085,68.44617284962102,324.77858042326363,54.23475719575606,0.0,0.0,1.0
2026-01-01 15:13:50,31.648600595864185,67.77105261316969,347.10849463341924,54.26492623417407,0.0,0.0,1.0
2026-01-01 15:13:55,31.680861349527355,68.06676325527606,322.19037740973107,54.24260768248102,0.0,1.0,1.0
2026-01-01 15:14:00,31.633086444007127,67.98024754498456,340.9253767161398,54.21384673385025,0.0,0.0,1.0
2026-01-01 15:14:05,31.650249422833404,68.26795628471766,339.08634667820235,54.22771810576137,0.0,1.0,1.0
2026-01-01 15:14:10,31.52825855135727,68.226901633019,314.7750625884904,54.23475899290578,0.0,0.0,1.0
2026-01-01 15:14:15,31.523153639611785,67.46685668681917,308.2719575082082,54.26037749250318,0.0,0.0,1.0
2026-01-01 15:14:20,31.355930058748022,67.45393964272749,323.1505108870517,54.23929216004022,0.0,1.0,1.0
2026-01-01 15:14:25,31.37769791811042,67.63966439871898,365.6942304332395,54.224261314175536,0.0,1.0,1.0
2026-01-01 15:14:30,31.4343046889488,68.08772970265197,332.1395942761765,54.23875264961927,0.0,1.0,1.0
2026-01-01 15:14:35,31.504748601080085,67.97900169430207,325.34336349080377,54.21444562837882,0.0,0.0,1.0
2026-01-01 15:14:40,31.48694023700794,68.47137903007162,329.08227496662,54.21387979977701,0.0,1.0,1.0
2026-01-01 15:14:45,31.51014626533584,68.60189193454754,326.96461740510927,54.18894708903605,0.0,0.0,1.0
2026-01-01 15:14:50,31.540107999863245,68.2301753393241,332.9190883741077,54.123177105704485,1.0,0.0,1.0
2026-01-01 15:14:55,31.548966541867514,68.08684781257378,339.41104255681466,54.14541961332837,1.0,0.0,1.0
2026-01-01 15:15:00,31.63794628826328,67.54834630755876,349.54883909335933,54.20123513878073,1.0,0.0,1.0
2026-01-01 15:15:05,31.647660323005525,67.41485602261486,337.6748757623839,54.24929453696654,0.0,1.0,1.0
2026-01-01 15:15:10,31.704716927015355,67.51226395880926,338.20270238318744,54.35929522213486,0.0,1.0,1.0
2026-01-01 15:15:15,31.72153094455385,67.94055218102072,336.1990506133273,54.59262033819278,0.0,1.0,1.0
2026-01-01 15:15:20,31.68323882949453,68.264427090926,322.03226708546,54.698260418507616,0.0,1.0,1.0
2026-01-01 15:15:25,31.65416032720921,68.88506270157882,318.55850514088195,54.772695660860016,0.0,0.0,1.0
2026-01-01 15:15:30,31.698797700475023,68.55196912460455,304.30016024914244,54.79876384551022,0.0,0.0,1.0
2026-01-01 15:15:35,31.67839656672936,67.84249456969366,332.8226028606978,54.776980227965886,0.0,0.0,1.0
2026-01-01 15:15:40,31.711932734580422,68.05723531815175,325.1653032533705,54.77851520402744,0.0,1.0,1.0
2026-01-01 15:15:45,31.682609204717934,68.13321131915102,318.6106762698045,54.85260332772349,0.0,0.0,1.0
2026-01-01 15:15:50,31.73061676354986,67.59786585718123,317.18434040018275,54.824608908372845,0.0,0.0,1.0
2026-01-01 15:15:55,31.65356347748533,67.83177352931054,347.3163638539881,54.888778426509,0.0,1.0,1.0
2026-01-01 15:16:00,31.69341430603943,68.34616735506417,299.4305896337532,54.91553130388047,0.0,1.0,1.0
2026-01-01 15:16:05,31.641415444241705,68.36543502255658,323.35501472192334,54.95953080640926,0.0,0.0,1.0
2026-01-01 15:16:10,31.591549962637213,67.97642817446732,321.5358625605406,54.95129497063479,0.0,0.0,1.0
2026-01-01 15:16:15,31.648300250770117,67.97975183342491,362.11452576630137,54.95370512088597,0.0,1.0,1.0
2026-01-01 15:16:20,31.728283759039847,68.16872624406072,323.3480409787586,54.90636512277175,0.0,1.0,1.0
2026-01-01 15:16:25,31.711072912639253,68.34810943040407,322.6717093828098,54.83097369478347,0.0,0.0,1.0
2026-01-01 15:16:30,31.80878049859912,67.94538806743873,360.04622501770564,54.87580690465062,0.0,0.0,1.0
2026-01-01 15:16:35,31.85883082276649,68.22767749998927,325.36081186909007,54.84061471307474,0.0,1.0,1.0
2026-01-01 15:16:40,31.895575930209077,67.89828681392538,302.43932680502513,54.80598368686504,0.0,0.0,1.0
2026-01-01 15:16:45,31.89405043703947,68.24190539099584,324.7535888275316,54.83228212216113,0.0,1.0,1.0
2026-01-01 15:16:50,31.874583370305853,68.14099884593722,331.1725002921775,54.81404551968854,0.0,0.0,1.0
2026-01-01 15:16:55,31.81950291036761,68.08014683232702,320.6094216563162,54.90414351829881,0.0,0.0,1.0
2026-01-01 15:17:00,31.930666204783293,67.710165983296,345.60346964788226,54.81586942970938,0.0,0.0,1.0
2026-01-01 15:17:05,31.901981571893668,67.85698237683702,332.7525669928446,54.8382930360045,0.0,1.0,1.0
2026-01-01 15:17:10,31.80641560846197,68.32325986479584,334.43249141600853,54.82080635067939,0.0,1.0,1.0
2026-01-01 15:17:15,31.75541732520038,68.23850206312385,339.8931496316512,54.83486718087728,0.0,0.0,1.0
2026-01-01 15:17:20,31.7006229249119,67.75653704045854,354.19438489000885,54.800959216000834,0.0,0.0,1.0
2026-01-01 15:17:25,31.60865588858171,67.70836575675564,329.75858298605124,54.78675026137985,0.0,1.0,1.0
2026-01-01 15:17:30,31.663189775840337,68.06908022246321,320.1592365399257,54.779548313314365,0.0,1.0,1.0
2026-01-01 15:17:35,31.67280159350766,67.69423367774841,338.4928623207441,54.76092791963838,0.0,0.0,1.0
2026-01-01 15:17:40,31.597728867668437,67.90003508908917,342.3066239197529,54.6854998856375,0.0,1.0,1.0
2026-01-01 15:17:45,31.54264252582748,68.57590590717163,330.179819018313,54.73553257502576,0.0,1.0,1.0
2026-01-01 15:17:50,31.496743257322876,68.75716139428988,350.35003606294504,54.680796457987526,0.0,0.0,1.0
2026-01-01 15:17:55,31.61102128071889,68.49747915924337,346.22128605406687,54.62715483342182,0.0,0.0,1.0
2026-01-01 15:18:00,31.670026757480027,68.24323785362083,331.28740401392525,54.6074818701337,0.0,0.0,1.0
2026-01-01 15:18:05,31.698986115930428,67.80838684148819,293.2901292126928,54.61823148496525,0.0,0.0,1.0
2026-01-01 15:18:10,31.68124858803228,67.65605617412449,325.1618818031822,54.61265556213503,0.0,1.0,1.0
2026-01-01 15:18:15,31.75521278467682,68.01839760764159,343.6348267359279,54.60342973286964,0.0,1.0,1.0
2026-01-01 15:18:20,31.79246619771611,67.41021015267644,330.5757513574992,54.674821125796015,0.0,0.0,1.0
2026-01-01 15:18:25,31.75688503135452,67.81165474042027,359.8201055311061,54.67167762968883,0.0,1.0,1.0
2026-01-01 15:18:30,31.78361952875754,68.06281790562971,339.1882728381214,54.67881352507635,0.0,1.0,1.0
2026-01-01 15:18:35,31.79365689824658,67.99146739432453,329.62289804372364,54.63884008277377,0.0,0.0,1.0
2026-01-01 15:18:40,31.751383608339385,68.55264563490653,359.5858966034232,54.62669427323693,0.0,1.0,1.0
2026-01-01 15:18:45,31.87613765947157,68.45611047523285,318.30690924016204,54.511365464820415,0.0,0.0,1.0
2026-01-01 15:18:50,31.90422386448616,68.25590123499254,333.90871821674426,54.53322758444169,0.0,0.0,1.0
2026-01-01 15:18:55,32.03553686093315,67.92724807589707,326.9604362950065,54.54234593351718,0.0,0.0,1.0
2026-01-01 15:19:00,32.0183417032767,67.8971735568573,347.3978088129284,54.55294805840346,0.0,1.0,1.0
2026-01-01 15:19:05,31.94152030762585,68.19738784335647,315.2940458307799,54.482083850358,0.0,1.0,1.0
2026-01-01 15:19:10,31.92079709993997,68.1699235066604,322.1496151338343,54.529421108878,0.0,0.0,1.0
2026-01-01 15:19:15,31.83542584972493,67.97692009464468,326.5052884149992,54.51585052411824,0.0,0.0,1.0
2026-01-01 15:19:20,31.804819855765203,67.96330747045113,339.98247359318003,54.415224618885205,0.0,1.0,1.0
2026-01-01 15:19:25,31.868170459375374,68.52273021950754,309.99613516947574,54.43543551868083,0.0,1.0,1.0
2026-01-01 15:19:30,31.878926351991275,68.2988088999497,338.6211560766011,54.37657101381864,0.0,0.0,1.0
2026-01-01 15:19:35,31.90086600244165,68.10714896822705,320.8022556552701,54.392390323278974,0.0,0.0,1.0
2026-01-01 15:19:40,31.9396841389162,67.46369850553522,337.5973711514905,54.40442838224941,0.0,0.0,1.0
2026-01-01 15:19:45,31.880867801166406,67.94371327154265,301.84723086518187,54.376538056784185,0.0,1.0,1.0
2026-01-01 15:19:50,31.74464632757607,68.22143031108958,329.77073630530685,54.36746789702706,0.0,1.0,1.0
2026-01-01 15:19:55,31.720530915279937,68.03117633838833,338.3031203516972,54.47973314880568,0.0,0.0,1.0
2026-01-01 15:20:00,31.772528113461284,67.57472611635468,346.0812471709946,54.40045574256611,0.0,0.0,1.0
2026-01-01 15:20:05,31.81110265130239,67.6222111853795,310.3921507641872,54.38208283623981,0.0,1.0,1.0
2026-01-01 15:20:10,31.748976652766583,67.99620809589801,329.1807004692975,54.36866513313442,0.0,1.0,1.0
2026-01-01 15:20:15,31.71733501219902,68.63713417984977,314.3067927173679,54.32127808988524,0.0,1.0,1.0
2026-01-01 15:20:20,31.72772366153935,68.53455197978738,350.47207062929584,54.26482083517486,0.0,0.0,1.0
2026-01-01 15:20:25,31.731344955107783,68.31433046752518,292.3408054905977,54.285347800790646,0.0,0.0,1.0
2026-01-01 15:20:30,31.70613771520056,68.14696973213198,315.3392114881251,54.2894486866236,0.0,0.0,1.0
2026-01-01 15:20:35,31.68611383708732,67.6980434917132,333.61708222997584,54.26077530397336,0.0,0.0,1.0
2026-01-01 15:20:40,31.692183865024223,67.45284282260354,290.7751231552422,54.248630037543045,0.0,1.0,1.0
2026-01-01 15:20:45,31.73457063253394,67.68277492298473,322.13034187100374,54.263053351247294,0.0,1.0,1.0
2026-01-01 15:20:50,31.825618213983493,68.31012813805684,331.11553493749426,54.263580362561584,0.0,1.0,1.0
2026-01-01 15:20:55,31.790731537399434,68.17179801717673,353.9119670529309,54.27003676512094,0.0,0.0,1.0
2026-01-01 15:21:00,31.89108332554876,68.09599202122376,331.0718795736233,54.23377167051745,0.0,0.0,1.0
2026-01-01 15:21:05,31.85583782455318,67.81068384788438,294.3976197923989,54.22984577909499,0.0,0.0,1.0
2026-01-01 15:21:10,31.91189279188846,68.28271225620647,340.6437339963404,54.22128553842664,0.0,1.0,1.0
2026-01-01 15:21:15,31.866487934325065,67.78984656479261,335.4969132232737,54.27045408604367,0.0,0.0,1.0
2026-01-01 15:21:20,31.859746111080355,68.32424987680464,356.66477325635816,54.23270192898525,0.0,1.0,1.0
2026-01-01 15:21:25,31.90929716824322,68.21999915804766,340.1951277782214,54.213825066015445,0.0,0.0,1.0
2026-01-01 15:21:30,32.030789955543,67.69149114830385,332.62115534058813,54.262130070970535,0.0,0.0,1.0
2026-01-01 15:21:35,32.04850347686197,67.77335163276237,307.228852766454,54.22632735060654,0.0,1.0,1.0
2026-01-01 15:21:40,32.02772247428851,68.21260546188212,320.3050332234405,54.17714484326808,0.0,1.0,1.0
2026-01-01 15:21:45,31.99278294533794,68.35419603473163,328.52768044002227,54.183783229903206,1.0,0.0,1.0
2026-01-01 15:21:50,32.01286263481877,67.99679738442904,289.7023330403624,54.22227535639783,1.0,0.0,1.0
2026-01-01 15:21:55,31.95039056458924,68.26078524154684,322.3895584396364,54.24018285908131,1.0,1.0,1.0
2026-01-01 15:22:00,31.952280700247705,68.00765903436883,321.58892665976003,54.3371826320992,0.0,0.0,1.0
2026-01-01 15:22:05,32.06398161705016,67.12342181860453,316.755328172664,54.47402184788278,0.0,0.0,1.0
2026-01-01 15:22:10,32.023035524125255,67.22706200586407,336.8829571423768,54.60543323008648,0.0,1.0,1.0
2026-01-01 15:22:15,31.964679448268324,67.5628722685703,307.29333752255053,54.73852215077513,0.0,1.0,1.0
2026-01-01 15:22:20,31.855118635251504,68.05343498028319,334.7908034592162,54.79847582115697,0.0,1.0,1.0
2026-01-01 15:22:25,31.89735004107357,68.40094058302905,320.29691322306115,54.85479297112302,0.0,0.0,1.0
2026-01-01 15:22:30,31.96377898178392,68.16002620470242,336.69302820235384,54.87788510259061,0.0,0.0,1.0
2026-01-01 15:22:35,31.880774640832563,67.46601151105975,324.05728096207355,54.92775575480928,0.0,0.0,1.0
2026-01-01 15:22:40,31.855060430566663,67.49174743480901,340.8134291309283,54.88525198558485,0.0,1.0,1.0
2026-01-01 15:22:45,31.72361043575897,68.05082477104769,303.22559697261363,54.90248312716596,0.0,1.0,1.0
2026-01-01 15:22:50,31.671485078695166,67.9181682810447,303.52433842721786,54.92246421899377,0.0,0.0,1.0
2026-01-01 15:22:55,31.65185170038394,68.14920859356538,276.9885489594674,54.982602038891535,0.0,1.0,1.0
2026-01-01 15:23:00,31.65879428805628,67.88778116021426,349.29901731213994,54.9973053841036,0.0,0.0,1.0
2026-01-01 15:23:05,31.713809283056907,67.80326013097624,317.08594207855214,54.97124224313851,0.0,1.0,1.0
2026-01-01 15:23:10,31.722599381005445,68.47306233138842,320.0195122864942,54.998053852209615,0.0,1.0,1.0
2026-01-01 15:23:15,31.771417764029746,68.71782735988057,302.2963073953302,54.98165374431564,0.0,0.0,1.0
2026-01-01 15:23:20,31.76727763465973,68.35938002178244,329.00419641906745,55.00547989159519,0.0,0.0,1.0
2026-01-01 15:23:25,31.78876645998509,67.98256786702623,319.1017713031789,54.98089650794879,0.0,0.0,1.0
2026-01-01 15:23:30,31.705579517316288,68.3782677386832,313.1345563791777,55.01600618473511,0.0,1.0,1.0
2026-01-01 15:23:35,31.67551645522596,68.05107281509933,332.5968055466347,55.00591318139023,0.0,0.0,1.0
2026-01-01 15:23:40,31.7260250724475,67.6529939718694,321.6474534598222,54.97281579482039,0.0,0.0,1.0
2026-01-01 15:23:45,31.6603860331503,67.71542715132308,294.30638148417705,54.93641693984283,0.0,1.0,1.0
2026-01-01 15:23:50,31.73491376050221,68.30420014472652,334.0336609759418,54.90916579862896,0.0,1.0,1.0
2026-01-01 15:23:55,31.72240927090878,68.35906452206595,314.78025904409634,54.90230770653406,0.0,0.0,1.0
2026-01-01 15:24:00,31.741886125196057,68.21220630080171,302.481089761791,54.87626631595788,0.0,0.0,1.0
2026-01-01 15:24:05,31.86081647413948,67.76571879066248,334.94369530696406,54.89782064900257,0.0,0.0,1.0
2026-01-01 15:24:10,31.919568698924664,67.95818630731294,341.2601770174734,54.86650347126773,0.0,1.0,1.0
2026-01-01 15:24:15,31.770489792732924,67.98913376432589,323.62204356526524,54.87677778323543,0.0,1.0,1.0
2026-01-01 15:24:20,31.773455258942995,68.52239500865679,318.7441485796628,54.84296449000624,0.0,1.0,1.0
2026-01-01 15:24:25,31.81559239680525,68.27632362954684,342.11235962836264,54.79620018858884,0.0,0.0,1.0
2026-01-01 15:24:30,31.80529249293293,68.24625233376574,304.7032345270938,54.73768318491744,0.0,0.0,1.0
2026-01-01 15:24:35,31.74947617751892,68.20336125080333,324.1852887213216,54.75028607816297,0.0,0.0,1.0
2026-01-01 15:24:40,31.81796166672129,67.8658266469076,310.99334223128005,54.69492425332544,0.0,0.0,1.0
2026-01-01 15:24:45,31.7479123067549,68.04474887724248,321.16090621960603,54.65005657327521,0.0,1.0,1.0
2026-01-01 15:24:50,31.76582275056405,67.42169328566523,310.05187982690546,54.72849648553815,0.0,0.0,1.0
2026-01-01 15:24:55,31.79854935612171,67.64884995193344,320.8701787575154,54.730749856113945,0.0,1.0,1.0
2026-01-01 15:25:00,31.77341273051533,68.0343337035352,330.38567522831727,,0.0,1.0,1.0
2026-01-01 15:25:05,31.78585173090962,68.25385837294314,304.1370619647925,,0.0,0.0,1.0
2026-01-01 15:25:10,31.72699317739655,68.12119978173841,296.41018488516744,54.63089749806748,0.0,0.0,1.0
2026-01-01 15:25:15,31.68484691532533,68.15908199755008,317.5000921593559,54.65437703728491,0.0,0.0,1.0
2026-01-01 15:25:20,31.69618640683904,67.86904834928544,290.0296198580904,54.64106801602264,0.0,0.0,1.0
2026-01-01 15:25:25,31.662808670670213,67.5845503280666,283.9290140793036,54.59063319155847,0.0,1.0,1.0
2026-01-01 15:25:30,31.696794051913077,67.8526656313637,306.0086205489516,54.670636746716255,0.0,1.0,1.0
2026-01-01 15:25:35,31.59136359815812,68.5904665038026,291.46991821799264,54.64688809633638,0.0,1.0,1.0
2026-01-01 15:25:40,31.547082726966718,68.81520674422835,317.6731260996206,54.61582494672493,0.0,0.0,1.0
2026-01-01 15:25:45,31.56846173242669,68.40229858819596,310.21846934330404,54.58069737602104,0.0,0.0,1.0
2026-01-01 15:25:50,31.580577448225647,68.01338229722741,302.45885274108184,54.63433963238837,0.0,0.0,1.0
2026-01-01 15:25:55,31.485766914042795,67.5667449955166,287.4436383031466,54.533419637463545,0.0,0.0,1.0
2026-01-01 15:26:00,31.594799436802983,67.60088281784826,288.50564466166105,54.51865612000656,0.0,1.0,1.0
2026-01-01 15:26:05,31.449383121204544,67.94874730454434,316.87012329139014,54.552915347369016,0.0,1.0,1.0
2026-01-01 15:26:10,31.411226319677155,68.47070569546806,294.9668131564512,54.54458082209872,0.0,1.0,1.0
2026-01-01 15:26:15,31.38395227498709,68.40492208146698,310.5388266939035,54.54179390705104,0.0,0.0,1.0
2026-01-01 15:26:20,31.492553533627465,67.94129991878292,304.0876570170493,54.495762413886425,0.0,0.0,1.0
2026-01-01 15:26:25,31.47385249767803,67.97659082596265,297.9529381804758,54.47067975943361,0.0,1.0,1.0
2026-01-01 15:26:30,31.537987666979543,68.16940489141905,335.2688865230495,54.452653582678295,0.0,1.0,1.0
2026-01-01 15:26:35,31.554669630934093,68.25703300918039,319.2030440002101,54.470884553001866,0.0,0.0,1.0
2026-01-01 15:26:40,31.67103426644596,67.99527814471269,295.4160173347569,54.498747352741255,0.0,0.0,1.0
2026-01-01 15:26:45,31.66432444288077,67.90120486635308,301.3321309136541,54.52562746185714,0.0,1.0,1.0
2026-01-01 15:26:50,31.73566059174997,68.18912766070358,283.4214642490847,54.49901515073148,0.0,1.0,1.0
2026-01-01 15:26:55,31.73066231729404,67.86989932869591,312.0306789242049,54.53506136062179,0.0,0.0,1.0
2026-01-01 15:27:00,31.705651514838536,68.35279331709764,317.5780596662276,54.54882328928049,0.0,1.0,1.0
2026-01-01 15:27:05,31.65379316585337,68.31312855827454,305.4496666379285,54.477163646704014,0.0,0.0,1.0
2026-01-01 15:27:10,31.72290773981763,67.96337288289388,322.6251231970296,54.46243540235282,0.0,0.0,1.0
2026-01-01 15:27:15,31.842923694527148,68.09974277332456,315.01475988624685,54.42628256100768,0.0,1.0,1.0
2026-01-01 15:27:20,31.89351503738189,67.76102606836827,322.11711112327487,54.415931184689015,0.0,0.0,1.0
2026-01-01 15:27:25,31.868575169179056,68.07746463875102,313.1379196102213,54.452767994250365,0.0,1.0,1.0
2026-01-01 15:27:30,31.90327327359023,67.74737604372473,295.98767746239525,54.39204508678682,0.0,0.0,1.0
2026-01-01 15:27:35,31.85733209214787,67.79045285420145,298.7695205096515,54.46919589317685,0.0,1.0,1.0
2026-01-01 15:27:40,31.97273505752533,68.24399771585017,300.5772810219904,54.41266263040632,0.0,1.0,1.0
2026-01-01 15:27:45,31.98204138470867,68.46571394434535,281.496535876104,54.418204122707294,0.0,0.0,1.0
2026-01-01 15:27:50,32.006367391231564,68.20110046055329,338.86542726308755,54.37034177145681,0.0,0.0,1.0
2026-01-01 15:27:55,31.8807044495161,67.66390084823865,284.0308476761382,54.37664171404203,0.0,0.0,1.0
2026-01-01 15:28:00,31.781805399542,67.74414343402482,300.71789701124135,54.43081646555604,0.0,1.0,1.0
2026-01-01 15:28:05,31.781953249103157,68.23098127968672,344.1701836214613,54.33359372489407,0.0,1.0,1.0
2026-01-01 15:28:10,31.74298107769811,67.90335644002995,303.08816178841045,54.38609917460313,0.0,0.0,1.0
2026-01-01 15:28:15,31.70330637589984,68.04687709181714,328.57235346678374,54.35018883699155,0.0,1.0,1.0
2026-01-01 15:28:20,31.726799709536188,67.7110538091042,316.07520652307574,54.30751307395602,0.0,0.0,1.0
2026-01-01 15:28:25,31.622910146613325,67.94178700166925,310.2075836059884,54.26227892268116,0.0,1.0,1.0
2026-01-01 15:28:30,31.586044952499496,68.29116815756454,293.01580981866607,54.28973015075624,0.0,1.0,1.0
2026-01-01 15:28:35,31.59955882619668,68.1984436066034,317.2020546025038,54.26579333580179,0.0,0.0,1.0
2026-01-01 15:28:40,31.678473127098044,68.0591317816809,281.8083816404877,54.26694517473402,0.0,0.0,1.0
2026-01-01 15:28:45,31.74814039940277,67.748681483062,335.6720154279247,54.24998220500385,0.0,0.0,1.0
2026-01-01 15:28:50,31.64461122760841,67.87286525256215,301.43787190135384,54.29533059043081,0.0,1.0,1.0
2026-01-01 15:28:55,31.61778474324517,68.09629908202872,303.74497536445745,54.3431436679019,0.0,1.0,1.0
2026-01-01 15:29:00,31.700582250981704,68.1129509369248,318.0217345680357,54.33278914370553,0.0,0.0,1.0
2026-01-01 15:29:05,31.8096269434254,67.74610356975327,313.67750110232595,54.339564036545966,0.0,0.0,1.0
2026-01-01 15:29:10,31.836489226697136,68.02627775170214,276.59899010504824,54.28477487887146,0.0,1.0,1.0
2026-01-01 15:29:15,31.76086564715243,67.62229051341889,308.7897098718525,54.18792463225455,0.0,0.0,1.0
2026-01-01 15:29:20,31.814993485842567,67.45499369001959,307.875147529612,54.20549812493228,1.0,1.0,1.0
2026-01-01 15:29:25,31.794556007227207,67.8131722401382,321.59113058153,54.244279210789166,1.0,1.0,1.0
2026-01-01 15:29:30,31.621070646805865,68.38957361001665,322.0532258318974,54.313981005869806,1.0,1.0,1.0
2026-01-01 15:29:35,31.55036838316104,68.55111952645407,291.13304288046766,54.37101500610765,0.0,0.0,1.0
2026-01-01 15:29:40,31.48158816156272,68.37828028323312,306.7342564932199,54.51169537021286,0.0,0.0,1.0
2026-01-01 15:29:45,31.540864811223933,67.96389943689556,319.010276874041,54.64581125889123,0.0,0.0,1.0
2026-01-01 15:29:50,31.545109125365126,68.08664201773328,285.68351260935697,54.7031414699569,0.0,1.0,1.0
2026-01-01 15:29:55,31.55411138065636,68.23262308418495,304.8451288950936,54.86565485067278,0.0,0.0,1.0
2026-01-01 15:30:00,31.6507754512149,68.02562135743055,304.8292008277167,54.86433291649534,0.0,0.0,1.0
2026-01-01 15:30:05,31.757310726607425,67.65528796338484,291.2655214746125,54.95121840927919,0.0,0.0,1.0
2026-01-01 15:30:10,31.66739608223574,67.82046636027229,318.85446117408463,54.89400104202626,0.0,1.0,1.0
2026-01-01 15:30:15,31.65383007267903,68.02390386868643,314.4721088466062,54.9462790828586,0.0,1.0,1.0
2026-01-01 15:30:20,31.71013983865845,68.1625209659306,309.1707176055649,54.92452896451961,0.0,0.0,1.0
2026-01-01 15:30:25,31.759739062696976,67.70979414308442,290.30313652943835,54.93403889191366,0.0,0.0,1.0
2026-01-01 15:30:30,31.81422121018821,67.66712527817629,299.7412773216421,55.02795507833737,0.0,1.0,1.0
2026-01-01 15:30:35,31.75718551443258,68.00661191360786,282.4291653695485,55.032949043735485,0.0,1.0,1.0
2026-01-01 15:30:40,31.76651764554069,67.90172218221035,300.237800631243,55.05076787871796,0.0,0.0,1.0
2026-01-01 15:30:45,31.72303378032593,68.01954434338664,315.0988405539049,55.04112858594513,0.0,1.0,1.0
2026-01-01 15:30:50,31.827144886814946,67.85773834682263,306.2900723611877,55.07431497857533,0.0,0.0,1.0
2026-01-01 15:30:55,31.890414167550432,67.89575687790533,323.1426955113052,54.98481984322224,0.0,1.0,1.0
2026-01-01 15:31:00,31.92794282114785,68.28434772705816,318.44528463063824,54.9554397348502,0.0,1.0,1.0
2026-01-01 15:31:05,31.970550609945224,68.39710304810895,290.0718588745057,55.00147369897775,0.0,0.0,1.0
2026-01-01 15:31:10,31.978210585742524,67.84192156309564,289.6314130644334,55.06159064675818,0.0,0.0,1.0
2026-01-01 15:31:15,31.974252216562576,68.21996583708322,307.505678596262,55.113157754000135,0.0,1.0,1.0
2026-01-01 15:31:20,31.982491642359346,68.2447881966005,319.90295647387006,54.99517279488053,0.0,0.0,1.0
2026-01-01 15:31:25,32.01144359669838,67.75898648599637,293.624607301202,54.97851872547106,0.0,0.0,1.0
2026-01-01 15:31:30,31.95330714964872,67.47795581042641,310.6339082369964,54.93923605682004,0.0,1.0,1.0
2026-01-01 15:31:35,31.889920573654727,68.09011947935046,324.69976548190334,54.94583431408911,0.0,1.0,1.0
2026-01-01 15:31:40,31.729314731182,68.16686421019874,282.40779738121194,54.91203561775419,0.0,0.0,1.0
2026-01-01 15:31:45,31.680148281676825,67.79840784814121,326.86060030490813,55.01147372435095,0.0,0.0,1.0
2026-01-01 15:31:50,31.58353285894431,68.03644495735384,285.6980947233838,55.02342695380246,0.0,1.0,1.0
2026-01-01 15:31:55,31.61274985018506,68.40184680394553,322.4740378768939,55.00685865310402,0.0,0.0,1.0
2026-01-01 15:32:00,31.735210669230028,68.1077378806767,339.34168966992934,55.01287171630583,0.0,0.0,1.0
2026-01-01 15:32:05,31.759811921036928,67.43161273972588,300.3938888822076,54.94253979888673,0.0,0.0,1.0
2026-01-01 15:32:10,31.61824788547311,67.77756241121627,285.40386118381747,54.911967895602,0.0,1.0,1.0
2026-01-01 15:32:15,31.680245487130804,67.97330777756274,328.364565143537,54.943634536425975,0.0,1.0,1.0
2026-01-01 15:32:20,31.58997770342903,68.40755907867637,312.9521443503574,54.899460568437206,0.0,1.0,1.0
2026-01-01 15:32:25,31.601423521286964,68.2980425355325,332.77528295418495,54.92648030251648,0.0,0.0,1.0
2026-01-01 15:32:30,31.67636512920106,67.84618654958747,293.7001226252002,54.84971401956654,0.0,0.0,1.0
2026-01-01 15:32:35,31.703758538931528,68.2414973146844,274.41177881684257,54.91025264597923,0.0,1.0,1.0
2026-01-01 15:32:40,31.72817036531534,68.22891567390623,321.9660682586705,54.85723015127565,0.0,0.0,1.0
2026-01-01 15:32:45,31.774330320773583,68.1319748180389,261.4405071566826,54.83501527705759,0.0,0.0,1.0
2026-01-01 15:32:50,31.819042457080773,67.4570600793688,308.8733807754157,54.821857043637976,0.0,0.0,1.0
2026-01-01 15:32:55,31.714613546064232,67.55621065175951,295.6111235727625,54.86237380557564,0.0,1.0,1.0
2026-01-01 15:33:00,31.518276343567248,67.91764032022905,289.54485355116566,54.860074781789535,0.0,1.0,1.0
2026-01-01 15:33:05,31.467312057818265,67.77465547827948,303.10348156914984,54.85846907739401,0.0,1.0,1.0
2026-01-01 15:33:10,31.464441434866053,68.14430507483509,283.10582929148626,54.83189331623287,0.0,1.0,1.0
2026-01-01 15:33:15,31.3682578557588,68.34628833862884,305.2856098517032,54.86095616600153,0.0,0.0,1.0
2026-01-01 15:33:20,31.555170232980604,68.24840608743835,272.353338649422,54.90212478139132,0.0,0.0,1.0
2026-01-01 15:33:25,31.541677133611632,68.03267866556266,298.2818907201335,54.862824269100656,0.0,0.0,1.0
2026-01-01 15:33:30,31.619857118052384,67.86131918946205,310.9609451558571,54.81637493887584,0.0,0.0,1.0
2026-01-01 15:33:35,31.49567270782857,67.99229569811483,284.5955164492984,54.73083627203576,0.0,1.0,1.0
2026-01-01 15:33:40,31.471634297508647,68.0425429459518,344.4978920908862,54.64548678743553,0.0,1.0,1.0
2026-01-01 15:33:45,31.43700453435623,67.72361005379078,319.9453057277615,54.75713633752689,0.0,0.0,1.0
2026-01-01 15:33:50,31.43980260461263,67.89976277815428,300.78357196467846,54.82405718634736,0.0,1.0,1.0
2026-01-01 15:33:55,31.40047526103087,68.2389602829421,291.4294380130175,54.81391093972911,0.0,1.0,1.0
2026-01-01 15:34:00,31.41848459418317,68.4642806253123,309.10277372291205,54.79623783512656,0.0,0.0,1.0
2026-01-01 15:34:05,31.56461833048428,68.06923406807567,313.31121924946666,54.7144758994597,0.0,0.0,1.0
2026-01-01 15:34:10,31.640738792484527,67.70128547528677,307.38847006466045,54.790486362415805,0.0,0.0,1.0
2026-01-01 15:34:15,31.58746108423708,67.70213829127327,291.1569117333167,54.731707275479856,0.0,1.0,1.0
2026-01-01 15:34:20,31.630177204404674,67.95547367468072,296.9238118523257,54.72329363249693,0.0,1.0,1.0
2026-01-01 15:34:25,31.5313145249556,68.49028965509044,289.3170762542562,54.70227243359168,0.0,1.0,1.0
2026-01-01 15:34:30,31.524568799197176,68.20152720475328,301.50490335524665,54.73830831073169,0.0,0.0,1.0
2026-01-01 15:34:35,31.543302819593983,68.2641632241827,280.68651851862734,54.665807393885785,0.0,0.0,1.0
2026-01-01 15:34:40,31.60304014677188,68.05501453899778,308.3360324748055,54.69218636037145,0.0,0.0,1.0
2026-01-01 15:34:45,31.63458991300518,67.55212863698692,303.55429463513184,54.70805374255681,0.0,0.0,1.0
2026-01-01 15:34:50,31.663939309895994,67.83813055905782,297.53311857441867,54.70465101021495,0.0,1.0,1.0
2026-01-01 15:34:55,31.598603046635947,68.49687332373827,279.92952772167297,54.74636835230209,0.0,1.0,1.0
2026-01-01 15:35:00,31.63275948224076,68.40801755745886,273.2184446100624,54.722248394603696,0.0,0.0,1.0
2026-01-01 15:35:05,31.583705301551408,68.15032686950066,300.208115318866,54.68258090722258,0.0,0.0,1.0
2026-01-01 15:35:10,31.59940813709992,67.73503318652863,285.9437350663781,54.64249126535437,0.0,0.0,1.0
2026-01-01 15:35:15,31.64352339340104,67.88387729952582,296.32762196056376,54.68518392315766,0.0,1.0,1.0
2026-01-01 15:35:20,31.589734454384047,68.72421328835274,294.77615599663204,54.695803859406325,0.0,1.0,1.0
2026-01-01 15:35:25,31.687321069754987,68.76451903039441,307.29793384124434,54.65666042117311,0.0,0.0,1.0
2026-01-01 15:35:30,31.714732682043667,68.67033575821668,295.38661090630666,54.58388181674573,0.0,0.0,1.0
2026-01-01 15:35:35,31.75653099196757,68.26620487791408,297.74146242511773,54.59123444099934,0.0,0.0,1.0
2026-01-01 15:35:40,31.827617998155034,67.5279135889084,308.2283264079623,54.599275875942496,0.0,0.0,1.0
2026-01-01 15:35:45,31.87843569516296,67.8130765554095,309.1796862971916,54.57553403161916,0.0,1.0,1.0
2026-01-01 15:35:50,31.789917781583807,68.07744176035237,284.02403897864554,54.603484299038094,0.0,1.0,1.0
2026-01-01 15:35:55,31.778174286859983,67.80280765700887,320.0264301636649,54.573586248053125,0.0,0.0,1.0
2026-01-01 15:36:00,31.6822471033188,68.2530288985162,308.55886653633985,54.61578810815856,0.0,1.0,1.0
2026-01-01 15:36:05,31.67701022677174,68.22986187484146,287.4720950770762,54.54759485505204,0.0,0.0,1.0
2026-01-01 15:36:10,31.68088901497862,68.08863350146802,304.45953906172224,54.54739736934523,0.0,0.0,1.0
2026-01-01 15:36:15,31.71464172295878,67.90571900736167,309.2275949459433,54.53240856269505,0.0,0.0,1.0
2026-01-01 15:36:20,31.581065103402644,67.81356214959958,301.11651914679146,54.54166465061277,0.0,1.0,1.0
2026-01-01 15:36:25,31.587597953292324,67.69928376088342,294.8860182519727,54.466145406477416,0.0,1.0,1.0
2026-01-01 15:36:30,31.455216705297744,68.18541620369568,287.58595947295976,54.513720647385625,0.0,1.0,1.0
2026-01-01 15:36:35,31.42996789704741,68.30187259641104,267.7988301228794,54.56341633681541,0.0,0.0,1.0
2026-01-01 15:36:40,31.411468384741795,68.18014774127431,314.8093519090547,54.592336288877775,0.0,0.0,1.0
2026-01-01 15:36:45,31.43934498696389,67.71991907997307,304.8043569009588,54.560564961560246,0.0,0.0,1.0
2026-01-01 15:36:50,31.460347676809672,67.74453705781188,282.621613985975,54.48511303978509,0.0,1.0,1.0
2026-01-01 15:36:55,31.469006757791824,68.07063216985478,279.23456110421495,54.475675583672256,0.0,1.0,1.0
2026-01-01 15:37:00,31.589135225236348,68.39993723901831,300.9444986352937,54.446726786073285,0.0,0.0,1.0
2026-01-01 15:37:05,31.64627051520652,68.2304858987529,292.8889974730034,54.43173913625292,0.0,0.0,1.0
2026-01-01 15:37:10,31.641748826237063,67.82728700318307,268.7282641772045,54.3981129567386,0.0,0.0,1.0
2026-01-01 15:37:15,31.664085233897,67.89925959389929,308.1586104443785,54.39901762845102,0.0,1.0,1.0
2026-01-01 15:37:20,31.633697683649363,68.20111116641702,284.11301958082726,54.366219531578935,0.0,1.0,1.0
2026-01-01 15:37:25,31.63985167394829,68.11017168261058,289.38402593462683,54.30107093693749,0.0,0.0,1.0
2026-01-01 15:37:30,31.687009302642025,68.02916455386115,305.98327268699205,54.374208834015306,0.0,0.0,1.0
2026-01-01 15:37:35,31.61676117515287,67.91809077346727,271.1661292337882,54.42142308385145,0.0,0.0,1.0
2026-01-01 15:37:40,31.7013259876175,67.71821566481115,292.8717443300668,54.37211446608396,0.0,1.0,1.0
2026-01-01 15:37:45,31.79310330786008,68.33900910817157,308.04325761792575,54.349599135835376,0.0,1.0,1.0
2026-01-01 15:37:50,31.663354905451737,68.58438179547414,266.0733609472815,54.36085268983261,0.0,0.0,1.0
2026-01-01 15:37:55,31.644557118029905,68.42119217100601,302.5861264205212,54.34801416182114,0.0,0.0,1.0
2026-01-01 15:38:00,31.664274668243547,68.35412059581446,276.26680251606086,54.3275673607446,0.0,0.0,1.0
2026-01-01 15:38:05,31.77304468627591,67.7181171072796,269.8229792394458,54.34421209818038,0.0,0.0,1.0
2026-01-01 15:38:10,31.62364785680683,67.39390824758863,293.7694978330784,54.339376235201726,0.0,1.0,1.0
2026-01-01 15:38:15,31.57866224438625,67.87148524364142,303.06457369799625,54.37934774371066,0.0,1.0,1.0
2026-01-01 15:38:20,31.520524179381862,68.73526506596548,279.9009502483686,54.30046672790215,0.0,1.0,1.0
2026-01-01 15:38:25,31.51837878349399,69.13088741160469,298.7405285987175,54.32216828896839,0.0,0.0,1.0
2026-01-01 15:38:30,31.576226236808854,69.14060299635887,303.338923293722,54.32274072765316,0.0,0.0,1.0
2026-01-01 15:38:35,31.65752600746667,68.89911234745037,295.72727050178906,54.33360690940518,0.0,0.0,1.0
2026-01-01 15:38:40,31.68877561567192,68.4102279227823,290.05017853717584,54.31207284989449,0.0,0.0,1.0
2026-01-01 15:38:45,31.81222972753842,67.90675069347817,267.4435899939444,54.31298149795815,0.0,0.0,1.0
2026-01-01 15:38:50,31.740238197075577,67.79496273113658,261.1300593142016,54.26710963593344,0.0,1.0,1.0
2026-01-01 15:38:55,31.714474025551397,68.08195249708915,286.21189172561884,54.25138644008244,0.0,1.0,1.0
2026-01-01 15:39:00,31.71373486999074,67.96821232807096,276.07714241221345,54.292145841292005,0.0,0.0,1.0
2026-01-01 15:39:05,31.76576332874045,68.6378234018645,286.75485122492137,54.262353918733744,0.0,1.0,1.0
2026-01-01 15:39:10,31.74587296250675,68.56976926006452,292.9396554060061,54.285832759762606,0.0,0.0,1.0
2026-01-01 15:39:15,31.72301762981257,68.47685194602538,257.2548644272263,54.21477717328573,0.0,0.0,1.0
2026-01-01 15:39:20,31.737191525590266,68.23845209250233,300.58290721427977,54.12626026556988,0.0,0.0,1.0
2026-01-01 15:39:25,31.71929169360813,67.64303272706853,298.5911662722369,54.22730404603383,1.0,0.0,1.0
2026-01-01 15:39:30,31.69451547707844,67.6565333383828,264.82099642533046,54.22708758066828,1.0,1.0,1.0
2026-01-01 15:39:35,31.753819742830636,68.08396209627104,268.84990590681105,54.27124819059584,1.0,1.0,1.0
2026-01-01 15:39:40,31.772011453225115,67.77203912624442,306.932313143874,54.46800778795654,0.0,0.0,1.0
2026-01-01 15:39:45,31.770959326710503,68.07591048085416,295.86791973691084,54.498596672341705,0.0,1.0,1.0
2026-01-01 15:39:50,31.732724419176517,67.69096510675794,303.44595966278735,54.70507342660498,0.0,0.0,1.0
2026-01-01 15:39:55,31.694932591649334,67.85435551435538,321.456856110032,54.769569712568455,0.0,1.0,1.0
2026-01-01 15:40:00,31.75475359610977,68.54486963146101,311.96034274890224,54.86790800770655,0.0,1.0,1.0
2026-01-01 15:40:05,31.730023692473917,68.82152047261775,290.71853952942683,54.86884518820196,0.0,0.0,1.0
2026-01-01 15:40:10,31.85286223856625,68.7118152551317,294.2843783990224,54.88024532673023,0.0,0.0,1.0
2026-01-01 15:40:15,31.92693359817276,68.1075692635719,268.4685130433845,54.98847608104879,0.0,0.0,1.0
2026-01-01 15:40:20,31.868223564356352,68.00816558807236,292.98652200222045,54.99899627506734,0.0,0.0,1.0
2026-01-01 15:40:25,31.96730715908105,67.33841084068538,302.307283431643,55.052501536338085,0.0,0.0,1.0
2026-01-01 15:40:30,31.93025316458062,67.4914900868741,289.0422085215784,55.03338298038466,0.0,1.0,1.0
2026-01-01 15:40:35,31.939022887502095,67.64392888714251,311.6912146618853,54.94459436056147,0.0,1.0,1.0
2026-01-01 15:40:40,31.91332160238185,68.03587917698492,276.7492194411621,54.972112726950925,0.0,1.0,1.0
2026-01-01 15:40:45,31.803347621883976,67.79435678653624,265.5747026228136,54.9559167827986,0.0,0.0,1.0
2026-01-01 15:40:50,31.72874625300632,68.3467830195725,316.35027223929376,54.949500529490265,0.0,1.0,1.0
2026-01-01 15:40:55,31.714002966760667,68.32192275287397,277.1446334223901,54.945168963784354,0.0,0.0,1.0
2026-01-01 15:41:00,31.6362102689492,68.07037155246073,301.265585545702,54.90208521291173,0.0,0.0,1.0
2026-01-01 15:41:05,31.615519117439604,67.74032877072928,279.04896232602925,54.856732116763176,0.0,0.0,1.0
2026-01-01 15:41:10,31.578354038168893,67.9016461009585,303.9579621527324,54.83713289397522,0.0,1.0,1.0
2026-01-01 15:41:15,31.571267061317165,68.10573502930667,313.68859067993145,54.93941885648795,0.0,1.0,1.0
2026-01-01 15:41:20,31.62521541612696,68.1609789293577,294.23768983555334,54.913419679814254,0.0,0.0,1.0
2026-01-01 15:41:25,31.59331537238501,67.98485142308073,287.915009422559,54.96016847276357,0.0,0.0,1.0
2026-01-01 15:41:30,31.61495162344172,68.06245533033312,303.6591229756066,54.94463479762503,0.0,1.0,1.0
2026-01-01 15:41:35,31.55565171560709,68.12336229797259,290.08401235710465,54.92712492531407,0.0,0.0,1.0
2026-01-01 15:41:40,31.668614286989325,68.07570888456772,322.6590432096217,54.89304398000414,0.0,0.0,1.0
2026-01-01 15:41:45,31.75577771003921,67.78644535795023,280.08913343474177,54.768485479387465,0.0,0.0,1.0
2026-01-01 15:41:50,31.800814290949145,67.8824140897482,280.5077613304035,54.80164986514401,0.0,1.0,1.0
2026-01-01 15:41:55,31.854227699230588,68.1839785352501,260.2682990184982,54.8152419502988,0.0,1.0,1.0
2026-01-01 15:42:00,31.77789653723648,68.4365600142549,279.7448672595348,54.81658186194123,0.0,0.0,1.0
2026-01-01 15:42:05,31.766800535543428,68.08917990166763,275.86083471670844,54.702907296144105,0.0,0.0,1.0
2026-01-01 15:42:10,31.766144633240707,67.67001853687343,298.892116644494,54.81976547242407,0.0,0.0,1.0
2026-01-01 15:42:15,31.655024746788904,67.67449694804297,287.5764813545909,54.72675955831497,0.0,1.0,1.0
2026-01-01 15:42:20,31.717616247077324,67.94992551976203,266.91985855538144,54.79012053502594,0.0,1.0,1.0
2026-01-01 15:42:25,31.70934697808167,68.64601163857635,302.7660573600314,54.817018901654414,0.0,1.0,1.0
2026-01-01 15:42:30,31.76890709255788,68.83556913214635,319.8858037833255,54.75390147409003,0.0,0.0,1.0
2026-01-01 15:42:35,31.77534789448661,68.7722189537177,288.1740320373023,54.81737728727803,0.0,0.0,1.0
2026-01-01 15:42:40,31.91832297103696,68.8148694047645,278.37469427769565,54.75503548107865,0.0,0.0,1.0
2026-01-01 15:42:45,31.953780334604595,68.09052434576584,310.7149005202623,54.758915003465,0.0,0.0,1.0
2026-01-01 15:42:50,31.87082936455632,67.52584860528182,273.2630720290712,54.783895734351646,0.0,0.0,1.0
2026-01-01 15:42:55,31.93437534252744,67.1184337861572,280.23206860414194,54.75998126241443,0.0,1.0,1.0
2026-01-01 15:43:00,31.89447786836682,67.28753164530495,295.9458721116148,54.787149643598696,0.0,1.0,1.0
2026-01-01 15:43:05,31.745668467729235,67.59887210158999,275.63801822360864,54.74323606587147,0.0,1.0,1.0
2026-01-01 15:43:10,31.6669821507438,68.07659458857276,288.3710984611178,54.7464025262333,0.0,1.0,1.0
2026-01-01 15:43:15,31.64571179483833,68.51106852036162,294.3785214303245,54.712114936053965,0.0,0.0,1.0
2026-01-01 15:43:20,31.6415663676493,68.25426462946653,271.19634647142664,54.72382344631548,0.0,0.0,1.0
2026-01-01 15:43:25,31.6863974912704,67.71415804167462,267.8546685710803,54.65327879321914,0.0,0.0,1.0
2026-01-01 15:43:30,31.665311531707093,67.86896914991486,266.89362301028325,54.67057242788421,0.0,1.0,1.0
2026-01-01 15:43:35,31.592203866196066,68.46558855184678,293.310775897993,54.670801740895705,0.0,1.0,1.0
2026-01-01 15:43:40,31.61828608056972,68.19707267573911,275.56253758580647,54.64674886054193,0.0,0.0,1.0
2026-01-01 15:43:45,31.55609725886601,68.07453659482921,282.47746612555926,54.67687342417531,0.0,0.0,1.0
2026-01-01 15:43:50,31.654431293137176,67.9117777337155,263.9867098782888,54.62550018798251,0.0,0.0,1.0
2026-01-01 15:43:55,31.66480517538522,67.63321370683455,316.75350905211747,54.59646728643103,0.0,1.0,1.0
2026-01-01 15:44:00,31.683631532300357,67.96568472921211,285.7084838705084,54.58039279586763,0.0,1.0,1.0
2026-01-01 15:44:05,31.639541454803812,68.43877279932802,284.49200822535914,54.59430137187485,0.0,1.0,1.0
2026-01-01 15:44:10,31.58661625245796,68.65114453762833,298.1449293278918,54.65256949646092,0.0,0.0,1.0
2026-01-01 15:44:15,31.60970742342702,68.38355342926832,272.3040009746106,54.6974920594334,0.0,0.0,1.0
2026-01-01 15:44:20,31.592615851427063,67.86982770472173,274.4122257457893,54.65138853964928,0.0,0.0,1.0
2026-01-01 15:44:25,31.538053137758872,67.83674744694878,290.017516793238,54.57097324370788,0.0,1.0,1.0
2026-01-01 15:44:30,31.51304863236992,68.27401765154747,295.118605353794,54.6387063083622,0.0,1.0,1.0
2026-01-01 15:44:35,31.57272013218317,68.24998570206915,282.08410606365607,54.62399630828397,0.0,0.0,1.0
2026-01-01 15:44:40,31.46966196390056,68.0464860992205,260.9033980996115,54.55041744995,0.0,0.0,1.0
2026-01-01 15:44:45,31.494332775155826,67.75901006906099,280.8573184597016,54.51084751377904,0.0,0.0,1.0
2026-01-01 15:44:50,31.48474191905933,67.95773878488272,270.41932949755807,54.54148829556287,0.0,1.0,1.0
2026-01-01 15:44:55,31.500715722527037,68.43039395756045,293.712983963947,54.59358554002584,0.0,1.0,1.0
2026-01-01 15:45:00,31.471455490655703,68.20137050120773,283.44205130371535,54.52779107450903,0.0,0.0,1.0
2026-01-01 15:45:05,31.506051321650865,67.71726976700825,259.37290538069954,54.51772587973947,0.0,0.0,1.0
2026-01-01 15:45:10,31.485059576204492,67.88501895440254,319.9464268858365,54.53626179356692,0.0,1.0,1.0
2026-01-01 15:45:15,31.41087136679529,68.0637202623065,276.9306922599948,54.54278931968041,0.0,1.0,1.0
2026-01-01 15:45:20,31.396558237171,67.8817810815199,257.02562769955574,54.52352093010495,0.0,0.0,1.0
2026-01-01 15:45:25,31.46328530719644,68.22312620659775,294.3484528233878,54.47671551533874,0.0,1.0,1.0
2026-01-01 15:45:30,31.50860219734509,68.0363329085593,295.1690722923907,54.484683967967726,0.0,0.0,1.0
2026-01-01 15:45:35,31.496600523970805,67.97843203935447,310.4450906064112,54.47465508470566,0.0,0.0,1.0
2026-01-01 15:45:40,31.48815066273477,67.76169957135461,309.21493184998315,54.48647380889156,0.0,1.0,1.0
2026-01-01 15:45:45,31.4084624877854,68.18238107950219,293.79466625970645,54.57560278531036,0.0,1.0,1.0
2026-01-01 15:45:50,31.47615564071428,68.12134906943515,290.4098169161542,54.546717517558925,0.0,0.0,1.0
2026-01-01 15:45:55,31.578068488335006,67.91993919276825,255.2264686027985,54.570510382576856,0.0,0.0,1.0
2026-01-01 15:46:00,31.503289094155377,67.86376494780524,285.5271711250755,54.52784436423704,0.0,1.0,1.0
2026-01-01 15:46:05,31.470803746103392,68.10146006161469,285.4779898479717,54.526710391123046,0.0,1.0,1.0
2026-01-01 15:46:10,31.470284670153543,68.1190279000407,276.3322768360006,54.54147640360493,0.0,0.0,1.0
2026-01-01 15:46:15,31.51950262511596,68.29312759350512,280.19421121351104,54.46308206596831,0.0,0.0,1.0
2026-01-01 15:46:20,31.430669624689006,68.34452845111866,266.1167254800917,54.48379829045683,0.0,0.0,1.0
2026-01-01 15:46:25,31.521550495479072,68.12590645976105,250.81998577395692,54.52865476822995,0.0,0.0,1.0
2026-01-01 15:46:30,31.458635331186745,67.7297405140162,269.8410884303857,54.477266572990885,0.0,0.0,1.0
2026-01-01 15:46:35,31.371031073688272,68.03287514551607,257.6218675168653,54.37522074721132,0.0,1.0,1.0
2026-01-01 15:46:40,31.31198240547665,67.94883803795622,261.2106884299135,54.39588959391034,0.0,0.0,1.0
2026-01-01 15:46:45,31.243390188382627,68.18693513655128,273.214770963411,54.41255689294404,0.0,1.0,1.0
2026-01-01 15:46:50,31.358338453874705,68.36642090182127,283.8154323574699,54.44114683388096,0.0,0.0,1.0
2026-01-01 15:46:55,31.386625078358325,67.9654448907696,263.84022890097845,54.40008248593503,0.0,0.0,1.0
2026-01-01 15:47:00,31.302415877187723,68.10503210004404,284.17292509674417,54.39339767386343,0.0,1.0,1.0
2026-01-01 15:47:05,31.211566836248032,68.07760057372161,244.39746273496704,54.41175705300645,0.0,0.0,1.0
2026-01-01 15:47:10,31.30053585759668,68.33461729026816,256.8397168453138,54.4729193778481,0.0,0.0,1.0
2026-01-01 15:47:15,31.296308512623902,67.82782307485266,293.8686854240779,54.47372404863184,0.0,0.0,1.0
2026-01-01 15:47:20,31.239703760691658,67.90821075821174,284.2926718861985,54.44806348650542,0.0,1.0,1.0
2026-01-01 15:47:25,31.229461638038146,68.66262403836667,276.11018799503745,54.40648293325685,0.0,1.0,1.0
2026-01-01 15:47:30,31.27892965374688,68.85113850011541,250.60665813026904,54.3960418793051,0.0,0.0,1.0
2026-01-01 15:47:35,31.247804058634497,68.28059813928748,260.1522144024301,54.3817710313797,0.0,0.0,1.0
2026-01-01 15:47:40,31.22741103682752,67.73175374544347,267.12218720073764,54.39131548782865,0.0,0.0,1.0
2026-01-01 15:47:45,31.181418753552176,67.7119943295096,306.0394764516845,54.38304208958772,0.0,1.0,1.0
2026-01-01 15:47:50,31.214329631895662,68.15391182850665,268.90929891463,54.35793099074104,0.0,1.0,1.0
2026-01-01 15:47:55,31.250700377306163,68.23426800535076,241.7412489765592,54.29983982504302,0.0,0.0,1.0
2026-01-01 15:48:00,31.18657155385717,67.9856826935329,262.81748228380724,54.27161328106166,0.0,0.0,1.0
2026-01-01 15:48:05,31.07589272886849,68.27900200588475,256.2072637004068,54.343772287203016,0.0,1.0,1.0
2026-01-01 15:48:10,31.1497228833802,68.0022349827836,290.0040434656383,54.34201242458677,0.0,0.0,1.0
2026-01-01 15:48:15,31.25942568971796,67.76658339703982,282.2474921410325,54.34786499080733,0.0,0.0,1.0
2026-01-01 15:48:20,31.31491226715054,67.59550072476179,276.2406765156916,54.294135405860935,0.0,1.0,1.0
2026-01-01 15:48:25,31.264166057972883,67.8693368005411,246.66856815734045,54.30545003230401,0.0,1.0,1.0
2026-01-01 15:48:30,31.226758304294236,68.28695635892984,268.318868916504,54.27331168642311,0.0,1.0,1.0
2026-01-01 15:48:35,31.193647431614867,68.215361283234,249.82793015538385,54.29266110191076,0.0,0.0,1.0
2026-01-01 15:48:40,31.193787702856955,68.02720677646397,277.3806297166616,54.23279017188675,0.0,0.0,1.0
2026-01-01 15:48:45,31.168021992014925,67.49302763080136,263.5217244613104,54.17752278360709,0.0,0.0,1.0
2026-01-01 15:48:50,31.181496958393648,67.96236780435437,280.5863710539799,54.16157925926525,1.0,1.0,1.0
2026-01-01 15:48:55,31.21540633392138,68.04644025875662,272.2086850251423,54.195713841003126,1.0,1.0,1.0
2026-01-01 15:49:00,31.260509874212584,68.43628197275758,288.2454882604834,54.339427128576055,1.0,0.0,1.0
2026-01-01 15:49:05,31.419862825353125,68.06928506865236,269.9629830406374,54.413915750441134,0.0,0.0,1.0
2026-01-01 15:49:10,31.459495842809943,67.86214084354674,265.6251032979343,54.54784772485623,0.0,0.0,1.0
2026-01-01 15:49:15,31.43112484289725,67.91167564449513,267.6283907869486,54.72452029076035,0.0,1.0,1.0
2026-01-01 15:49:20,31.327236795408904,68.40995864489986,266.04311562948584,54.8706568093298,0.0,1.0,1.0
2026-01-01 15:49:25,31.2545511541506,68.29551095512709,243.90162729640983,54.94750526408442,0.0,0.0,1.0
2026-01-01 15:49:30,31.357538301951603,68.03868147017329,282.0541762656277,54.92943717196334,0.0,0.0,1.0
2026-01-01 15:49:35,31.395887491414435,67.8306424593419,272.38643768675007,54.976320806041024,0.0,0.0,1.0
2026-01-01 15:49:40,31.38291490520142,68.07485273792656,280.1840138850627,55.08334245427176,0.0,1.0,1.0
2026-01-01 15:49:45,31.442882836483687,67.89192768430526,275.68938271433456,55.06163957772393,0.0,0.0,1.0
2026-01-01 15:49:50,31.46438870426584,67.97390256141337,301.8288072051581,54.96762491181008,0.0,1.0,1.0
2026-01-01 15:49:55,31.392125919449143,68.6658351851083,262.4769237101105,55.02998290227619,0.0,1.0,1.0
2026-01-01 15:50:00,31.380937431125613,68.96145251231064,297.68178763535315,55.02082776078724,0.0,0.0,1.0
2026-01-01 15:50:05,31.45848416090445,68.74657071441166,304.1019169648702,55.1295887802855,0.0,0.0,1.0
2026-01-01 15:50:10,31.551483331906468,68.13858101874028,279.83229607836324,55.148251405068656,0.0,0.0,1.0
2026-01-01 15:50:15,31.579417690199666,67.94049759790505,266.58082531078213,55.14035002539197,0.0,0.0,1.0
2026-01-01 15:50:20,31.60666683385077,68.20704575973284,274.25092210612,55.03944844876267,0.0,1.0,1.0
2026-01-01 15:50:25,31.477358607861365,68.04626087056435,274.5615233847573,55.07072808914779,0.0,0.0,1.0
2026-01-01 15:50:30,31.516394525543543,67.79811751593755,291.7730461985244,55.04259393310075,0.0,0.0,1.0
2026-01-01 15:50:35,31.492187407860023,67.89036929760029,246.89988707015,55.00380895131994,0.0,1.0,1.0
2026-01-01 15:50:40,31.53429242563568,68.36607390921567,262.3396754510108,55.02180121293858,0.0,1.0,1.0
2026-01-01 15:50:45,31.49286185736073,68.0524706975594,278.1303099955633,55.00745722046075,0.0,0.0,1.0
2026-01-01 15:50:50,31.503165432976413,67.89221345477213,276.5271828576915,54.98252310825849,0.0,0.0,1.0
2026-01-01 15:50:55,31.578253091835457,67.51008880161893,287.6409573459442,55.02647612899496,0.0,1.0,1.0
2026-01-01 15:51:00,31.48388779133133,67.81765697487741,275.8240338384108,54.96654157532695,0.0,1.0,1.0
2026-01-01 15:51:05,31.474585274346094,68.02900619973674,300.7943081503797,54.99492125439315,0.0,1.0,1.0
2026-01-01 15:51:10,31.359661286559145,68.33192029572471,249.06202974587143,54.93891014873929,0.0,0.0,1.0
2026-01-01 15:51:15,31.30619095395141,68.34644260575593,273.5275534447166,54.888081758566976,0.0,0.0,1.0
2026-01-01 15:51:20,31.33807567982752,68.4645150034864,254.6802214160351,54.91411345452684,0.0,0.0,1.0
2026-01-01 15:51:25,31.326594109713728,68.14235170668277,290.7511316402458,54.9113480790696,0.0,0.0,1.0
2026-01-01 15:51:30,31.282087581513363,67.93815120284181,257.2498908895725,54.86725272897706,0.0,0.0,1.0
2026-01-01 15:51:35,31.150437051880797,68.10388953472334,287.11181646305414,54.86625648367887,0.0,1.0,1.0
2026-01-01 15:51:40,31.319670577212012,68.13310138782845,284.93901594309347,54.79147041139322,0.0,0.0,1.0
2026-01-01 15:51:40,31.319670577212012,68.13310138782845,284.93901594309347,54.79147041139322,0.0,0.0,1.0
2026-01-01 15:51:45,31.30784813598124,67.82586798544149,253.1590752208401,54.826695409380136,0.0,0.0,1.0
2026-01-01 15:51:50,31.241955069583103,68.11825523088042,257.17019134858447,54.805473896771176,0.0,1.0,1.0
2026-01-01 15:51:55,31.31523069834288,67.78640762883103,259.6515804573907,54.78525336429328,0.0,0.0,1.0
2026-01-01 15:52:00,31.405545854024435,68.21084492521386,266.86193064599365,54.73967554490635,0.0,1.0,1.0
2026-01-01 15:52:05,31.36023840613802,68.06950925517116,263.91408705098,54.802980644215005,0.0,0.0,1.0
2026-01-01 15:52:10,31.49546704279866,67.8767921219066,273.6209624482346,54.8348689049084,0.0,0.0,1.0
2026-01-01 15:52:15,31.48004104061957,67.8585941441343,279.22668212671454,54.82271192891646,0.0,1.0,1.0
2026-01-01 15:52:20,31.40493096570699,68.07322403888612,289.3200801533714,54.87520130270012,0.0,1.0,1.0
2026-01-01 15:52:25,31.4537344578176,68.02887552636406,266.31938901310014,54.84832779885416,0.0,0.0,1.0
2026-01-01 15:52:30,31.483059254360438,68.02977000720975,271.9343890756094,54.79911282632073,0.0,0.0,1.0
2026-01-01 15:52:35,31.55381623268038,67.57479143334707,255.7177122873753,54.77428651756498,0.0,0.0,1.0
2026-01-01 15:52:40,31.552159576162467,67.87498001060872,300.3335918283624,54.76031688295713,0.0,1.0,1.0
2026-01-01 15:52:45,31.577903042994507,68.1265539647489,298.3763631643661,54.75731884737041,0.0,1.0,1.0
2026-01-01 15:52:50,31.53511415753597,68.47222635123407,269.8674185628655,54.68727537598356,0.0,0.0,1.0
2026-01-01 15:52:55,31.60442412988735,68.47868385235493,269.6656972550488,54.70146373509017,0.0,0.0,1.0
2026-01-01 15:53:00,31.734229969459296,67.96059729161001,296.51061349445223,54.73772531228644,0.0,0.0,1.0
2026-01-01 15:53:05,31.704200904063,68.08540268663516,265.8749982660688,54.71277807319584,0.0,1.0,1.0
2026-01-01 15:53:10,31.63073237148052,68.0921540634485,291.2149111221197,54.71831151662812,0.0,0.0,1.0
2026-01-01 15:53:15,31.66032875357511,67.64273874551255,271.4276999750943,54.680669481672616,0.0,0.0,1.0
2026-01-01 15:53:20,31.59321557431546,67.94824064922773,259.7995606766295,54.64888442838111,0.0,1.0,1.0
2026-01-01 15:53:25,31.510853214138205,68.07192093773101,272.6020462606557,54.65604402564154,0.0,1.0,1.0
2026-01-01 15:53:30,31.43819743316164,67.92474893303624,254.31939653631545,54.66073068187043,0.0,0.0,1.0
2026-01-01 15:53:35,31.325428635420312,68.42993611938243,261.4697710793183,54.6232060235956,0.0,1.0,1.0
2026-01-01 15:53:40,31.416070925434656,68.53088698331912,267.10850834579367,54.50353692557836,0.0,0.0,1.0
2026-01-01 15:53:45,31.300473561929813,68.47676183183552,277.1191436541852,54.52720760890914,0.0,0.0,1.0
2026-01-01 15:53:50,31.3160949942034,68.2291303737429,273.82530867027094,54.56444163226793,0.0,0.0,1.0
2026-01-01 15:53:55,31.328957096217003,68.07510461773562,270.4471609055165,54.58372867208591,0.0,0.0,1.0
2026-01-01 15:54:00,31.269179999959597,67.74540853254892,278.30505124588313,54.51476134725489,0.0,0.0,1.0
2026-01-01 15:54:05,31.15990017537065,67.87909382976616,239.27603844566795,54.477730313985646,0.0,1.0,1.0
2026-01-01 15:54:10,31.1872524114606,67.9294407445781,261.23927304387496,54.3984164200193,0.0,1.0,1.0
2026-01-01 15:54:15,31.24545255399257,68.32232237916767,254.75272938778195,54.43251796709952,0.0,1.0,1.0
2026-01-01 15:54:20,31.207638774932587,68.42793426690417,285.46853601940046,54.51120481159951,0.0,0.0,1.0
2026-01-01 15:54:25,31.2446843459258,67.97222201275656,251.66345678423733,54.55260173763688,0.0,0.0,1.0
2026-01-01 15:54:30,31.226258004283302,68.13271475530638,276.02717207298,54.51466786823461,0.0,1.0,1.0
2026-01-01 15:54:35,31.209066608801024,67.74488532399174,240.1381341692961,54.46884232394632,0.0,0.0,1.0
2026-01-01 15:54:40,31.304558102682044,68.08013009747387,252.86766902796668,54.48412795020787,0.0,1.0,1.0
2026-01-01 15:54:45,31.28047395691201,68.03932541757894,246.89623759649,54.43059000905532,0.0,0.0,1.0
2026-01-01 15:54:50,31.23889171967715,67.81248827937357,233.1898021297046,54.42003453365472,0.0,0.0,1.0
2026-01-01 15:54:55,31.18398375849838,67.92475862040978,259.605844005398,54.46106972194664,0.0,1.0,1.0
2026-01-01 15:55:00,31.123429840677296,68.47894573325816,272.463919556123,54.4801810974587,0.0,1.0,1.0
2026-01-01 15:55:05,31.165962813622052,68.35316133281728,251.31120594983108,54.51687945110479,0.0,0.0,1.0
2026-01-01 15:55:10,31.157369857541905,68.47641841939605,276.82615164422174,54.463924318868735,0.0,0.0,1.0
2026-01-01 15:55:15,31.16171323422875,68.38026339822105,266.7653772451316,54.396255441978525,0.0,0.0,1.0
2026-01-01 15:55:20,31.23181743601393,67.90168018382928,278.06994137906065,54.41126383192997,0.0,0.0,1.0
2026-01-01 15:55:25,31.259836339126068,67.99591635137126,242.4895692191429,54.42319769538317,0.0,1.0,1.0
2026-01-01 15:55:30,31.204501046442065,68.03178558103612,241.16167021652936,54.47754396958464,0.0,1.0,1.0
2026-01-01 15:55:35,31.29449681233985,68.14456197263429,263.6858935996981,54.40247856203325,0.0,0.0,1.0
2026-01-01 15:55:40,31.34060228343097,67.83129373445091,265.8984912850994,54.35012133155176,0.0,0.0,1.0
2026-01-01 15:55:45,31.393186568832235,68.02144591545259,255.22702841565425,54.33965116502819,0.0,1.0,1.0
2026-01-01 15:55:50,31.301736451908635,67.99835930584928,284.9451001295465,54.41936061980999,0.0,0.0,1.0
2026-01-01 15:55:55,31.28782119474745,68.57429318502429,268.805130801202,54.38997016037954,0.0,1.0,1.0
2026-01-01 15:56:00,31.250999054419413,68.51457654725733,261.12495467702445,54.3469364081826,0.0,0.0,1.0
2026-01-01 15:56:05,31.218348074051207,68.08759264706939,273.87064425027586,54.37251781488092,0.0,0.0,1.0
2026-01-01 15:56:10,31.241848310427542,67.71861864441644,276.9652307549099,54.35836652606018,0.0,0.0,1.0
2026-01-01 15:56:15,31.249906657964697,67.5529325704298,254.98413488705432,54.39715796602368,0.0,1.0,1.0
2026-01-01 15:56:20,31.17128375668472,67.80356873814064,253.07982087535456,54.382124883676056,0.0,1.0,1.0
2026-01-01 15:56:25,31.18405472754564,68.21406944706246,251.47157737793415,54.40420552705345,0.0,1.0,1.0
2026-01-01 15:56:30,31.27007188813815,68.30827164706547,271.8233303602754,54.39963730833186,0.0,0.0,1.0
2026-01-01 15:56:35,31.221917285222,68.00463243617563,268.8811170611079,54.44454663282446,0.0,0.0,1.0
2026-01-01 15:56:40,31.21101236474226,68.0473484281152,267.4262297262714,54.3817558103874,0.0,0.0,1.0
2026-01-01 15:56:45,31.2826180437259,67.67279066647602,285.01683769278,54.33756417386739,0.0,0.0,1.0
2026-01-01 15:56:50,31.214219762586342,67.93879308594197,263.7659973997794,54.29077430140444,0.0,1.0,1.0
2026-01-01 15:56:55,31.201395659961356,68.2806075639998,222.41872028550875,54.277872428487385,0.0,1.0,1.0
2026-01-01 15:57:00,31.227987675733186,68.31547136508752,257.2912534147496,54.30499535296664,0.0,0.0,1.0
2026-01-01 15:57:05,31.27393322482452,68.12304659878093,254.1183569163511,54.261899514388816,0.0,0.0,1.0
2026-01-01 15:57:10,31.320688492359263,67.73167769155337,268.94037406802005,54.252961366919735,0.0,0.0,1.0
2026-01-01 15:57:15,31.330960168922896,67.80049446826807,277.84056864589263,54.27196546596282,0.0,1.0,1.0
2026-01-01 15:57:20,31.2083148818871,68.25284379765854,251.0368385214279,54.30665216405568,0.0,1.0,1.0
2026-01-01 15:57:25,31.16371073049521,68.28926676022313,245.87278748881877,54.238885832718765,0.0,0.0,1.0
2026-01-01 15:57:30,31.115131122782813,67.92184808888902,263.007140220025,54.24573335239917,0.0,0.0,1.0
2026-01-01 15:57:35,31.14349612060725,67.90594928857385,258.92599365574443,54.24862131129802,0.0,1.0,1.0
2026-01-01 15:57:40,31.055252030197536,68.64404618424665,261.5020961759366,54.22358295081207,0.0,1.0,1.0
2026-01-01 15:57:45,31.07666833911108,68.88458364245493,263.0325905559426,54.22694270489921,0.0,0.0,1.0
2026-01-01 15:57:50,31.11291656317678,68.56215575323606,254.01070339845705,54.20218923502391,0.0,0.0,1.0
2026-01-01 15:57:55,31.081823523973405,68.0270508002938,273.8764802210793,54.194900951444815,0.0,0.0,1.0
2026-01-01 15:58:00,31.278837580456745,67.35578938914429,244.0235293487156,54.18138164251333,1.0,0.0,1.0
2026-01-01 15:58:05,31.186484316766496,67.27278306235681,260.51838852814933,54.23253695893733,1.0,1.0,1.0
2026-01-01 15:58:10,31.119836019333736,67.63322199799225,264.79319074343755,54.300108765167074,1.0,1.0,1.0
2026-01-01 15:58:15,31.142460309165013,68.13557765543571,228.7467207124334,54.33586708010094,0.0,1.0,1.0
2026-01-01 15:58:20,31.07238633762214,68.44179308272184,254.43543329583525,54.36689334731743,0.0,0.0,1.0
2026-01-01 15:58:25,31.01836286031116,68.20374774811435,243.53769361647812,54.5351098513306,0.0,0.0,1.0
2026-01-01 15:58:30,30.994322655509475,67.88528764161205,295.4245939039112,54.62076402759296,0.0,0.0,1.0
2026-01-01 15:58:35,30.955353318488665,67.2700156162343,232.74504036541015,54.754521452146655,0.0,0.0,1.0
2026-01-01 15:58:40,30.970197717157152,66.62867692611185,249.81634035520176,54.80515865349679,0.0,0.0,1.0
2026-01-01 15:58:45,31.002156019373704,66.03158459774133,243.4866430899613,54.87579968226561,0.0,0.0,1.0
2026-01-01 15:58:50,31.121332774814224,66.14949045319966,235.50463267397427,54.90933700894034,0.0,1.0,1.0
2026-01-01 15:58:55,31.08090619162572,66.74836229658173,237.99562730166852,54.91772663151482,0.0,1.0,1.0
2026-01-01 15:59:00,30.96162954292552,67.56340171964133,273.9864930287804,54.949770020427465,0.0,1.0,1.0
2026-01-01 15:59:05,30.85026516983899,67.95312664032397,236.76819791591677,54.93785783794127,0.0,0.0,1.0
2026-01-01 15:59:10,30.958682473567308,67.71766721454811,266.1732784729353,54.9653815385952,0.0,0.0,1.0
2026-01-01 15:59:15,31.02723610048023,67.1876298290494,266.97182136316434,54.93484902254853,0.0,0.0,1.0
2026-01-01 15:59:20,31.030363177475397,67.21354932427481,246.43760605529909,54.89114664246371,0.0,1.0,1.0
2026-01-01 15:59:25,31.027889028464056,67.6412612330807,263.6035762216981,54.87350842665127,0.0,1.0,1.0
2026-01-01 15:59:30,31.033158296195484,68.33462847417701,260.31395492365726,54.933927575559935,0.0,1.0,1.0
2026-01-01 15:59:35,31.11674587959727,68.48353368899375,246.13472410705683,54.91182145675736,0.0,0.0,1.0
2026-01-01 15:59:40,31.189149272312907,68.40607693735973,248.1835269797372,54.86147892517369,0.0,0.0,1.0
2026-01-01 15:59:45,31.29108226516372,68.33368064582935,282.43123541726465,54.84032094613416,0.0,0.0,1.0
2026-01-01 15:59:50,31.325390440050867,67.54291530342279,252.88531404534368,54.85053464489626,0.0,0.0,1.0
2026-01-01 15:59:55,31.33024659010587,67.40151306553412,260.5975249488364,54.86065215265593,0.0,1.0,1.0
2026-01-01 16:00:00,31.336182185121835,67.78421740745884,249.15074619517097,54.89977697309789,0.0,1.0,1.0
2026-01-01 16:00:05,31.326443766198576,67.40977106046181,260.93750198925403,54.8477063093532,0.0,0.0,1.0
2026-01-01 16:00:10,31.26557350551528,67.0996515056021,220.53743576549965,54.85894866657876,0.0,0.0,1.0
2026-01-01 16:00:15,31.261895061918423,66.7805649306835,265.93611124097185,54.810273496885806,0.0,0.0,1.0
2026-01-01 16:00:20,31.33274941460705,66.6742498982662,269.4738900228517,54.83841546295703,0.0,0.0,1.0
2026-01-01 16:00:25,31.426084818821124,66.42124227030375,266.2875266748813,54.83850889153517,0.0,0.0,1.0
2026-01-01 16:00:30,31.353677674721247,65.7698846440191,265.83664800954983,54.909476748206174,0.0,0.0,1.0
2026-01-01 16:00:35,31.261420440026217,65.7453437432679,268.7231333188285,54.80985433674573,0.0,0.0,1.0
2026-01-01 16:00:40,31.31110575710921,65.42617077335073,266.77396006083364,54.74806396865387,0.0,0.0,1.0
2026-01-01 16:00:45,31.281285811607603,64.83302247415709,259.2999379570501,54.866475636974194,0.0,0.0,1.0
2026-01-01 16:00:50,31.33681728496612,64.60068372370836,297.95497377138395,54.85530192968216,0.0,0.0,1.0
2026-01-01 16:00:55,31.35614547805653,64.01012828138686,265.2029091230873,54.85118970305515,0.0,0.0,1.0
2026-01-01 16:01:00,31.2609364939636,63.5918881748516,223.61918019120745,54.836327775370926,0.0,0.0,1.0
2026-01-01 16:01:05,31.321117560931278,63.7196878328023,257.55714264065085,54.8425704860662,0.0,0.0,1.0
2026-01-01 16:01:10,31.35498224541086,63.560496691249895,270.7798752446812,54.8390128613166,0.0,0.0,1.0
2026-01-01 16:01:15,31.35171234589445,63.04889021741775,246.35416340251476,54.83035852327456,0.0,0.0,1.0
2026-01-01 16:01:20,31.419147882177853,62.93016185022232,256.4989610796349,54.81839297969558,0.0,0.0,1.0
2026-01-01 16:01:25,31.47267729787301,62.45256072790121,255.17542186932948,54.82762903695403,0.0,0.0,1.0
2026-01-01 16:01:30,31.43741261852018,62.74264140089571,253.6044235645799,54.891700786273496,0.0,0.0,1.0
2026-01-01 16:01:35,31.446607095927885,62.89351136298417,234.59061591137169,54.83788661599134,0.0,0.0,1.0
2026-01-01 16:01:40,31.519008526904905,62.49324238819174,251.25904500364743,54.81398928979598,0.0,0.0,1.0
2026-01-01 16:01:45,31.463307732079183,62.58411016010172,261.5088560822056,54.712489658432176,0.0,0.0,1.0
2026-01-01 16:01:50,31.493718793359623,62.55245718701552,258.4543653920851,54.70646807829252,0.0,0.0,1.0
2026-01-01 16:01:55,31.525125711666877,62.42888822817135,248.5802958491362,54.7829562017584,0.0,0.0,1.0
2026-01-01 16:02:00,31.51882503324256,62.43096369805401,261.99609327212903,54.71122886022759,0.0,0.0,1.0
2026-01-01 16:02:05,31.420956930582925,62.46661477994018,242.07930884604863,54.74127724568128,0.0,0.0,1.0
2026-01-01 16:02:10,31.52047714586273,62.89339413542965,246.9714151546004,54.76626529340286,0.0,0.0,1.0
2026-01-01 16:02:15,31.536837464008453,62.83757607683035,275.1259920192104,54.77363265468972,0.0,0.0,1.0
2026-01-01 16:02:20,31.478817466189643,62.77233397934996,265.7430643506642,54.798249515926415,0.0,0.0,1.0
2026-01-01 16:02:25,31.43322139901767,62.599052284246106,271.68896199810564,54.68674875352853,0.0,0.0,1.0
2026-01-01 16:02:30,31.38173723223024,62.49368248206417,229.9297862689132,54.67497770032982,0.0,0.0,1.0
2026-01-01 16:02:35,31.304077457804308,62.282830629452,254.9093983361313,54.704933263584,0.0,0.0,1.0
2026-01-01 16:02:40,31.318765375069628,62.3277812275197,238.7094133759944,54.683805064218575,0.0,0.0,1.0
2026-01-01 16:02:45,31.370309685313416,62.01102403420854,251.8679501948336,54.65085082595056,0.0,0.0,1.0
2026-01-01 16:02:50,31.380279292980205,61.83755051696925,243.8258732170058,54.67034127244536,0.0,0.0,1.0
2026-01-01 16:02:55,31.452711527445523,61.86872091370342,234.35335602896103,54.63024453112915,0.0,0.0,1.0
2026-01-01 16:03:00,31.40738770645805,61.92219264872077,256.9802788575789,54.65782979952228,0.0,0.0,1.0
2026-01-01 16:03:05,31.32772468367568,61.96038627780659,262.6567164833476,54.616745361867295,0.0,0.0,1.0
2026-01-01 16:03:10,31.23436383462704,61.819788318772446,241.83787184254143,54.57281981024667,0.0,0.0,1.0
2026-01-01 16:03:15,31.27413039168722,61.83633658046109,264.3673254674806,54.57854014639997,0.0,0.0,1.0
2026-01-01 16:03:20,31.18634426431503,61.83608185747192,278.1871381295301,54.50222893009975,0.0,0.0,1.0
2026-01-01 16:03:25,31.27425440401539,61.81957168353148,244.91246128242787,54.47246378138375,0.0,0.0,1.0
2026-01-01 16:03:30,31.36774613584912,62.33762388072216,259.8069191364679,54.518922235082016,0.0,0.0,1.0
2026-01-01 16:03:35,31.40828878773948,62.29231827440891,249.6392356300929,54.52022424913375,0.0,0.0,1.0
2026-01-01 16:03:40,31.45704448246921,61.77438904909835,253.5960396571967,54.529892872330194,0.0,0.0,1.0
2026-01-01 16:03:45,31.39223546903537,61.7637947713423,248.0466566665225,54.514500360373866,0.0,0.0,1.0
2026-01-01 16:03:50,31.375997457033435,62.06393785935571,250.2791809882856,54.467574412579495,0.0,0.0,1.0
2026-01-01 16:03:55,31.376894712856533,61.98157596982959,212.28752618530612,54.48370513880486,0.0,0.0,1.0
2026-01-01 16:04:00,31.452745525551364,61.89687884455646,264.1461238743794,54.524872416789016,0.0,0.0,1.0
2026-01-01 16:04:05,31.37805206231796,61.41740458054232,265.4168073276612,54.514659905818206,0.0,0.0,1.0
2026-01-01 16:04:10,31.38561425841576,61.55924336661639,245.4940382885945,54.46996637167792,0.0,0.0,1.0
2026-01-01 16:04:15,31.328196434010938,61.60876089432735,239.1945343937261,54.44661340010305,0.0,0.0,1.0
2026-01-01 16:04:20,31.29354360810185,61.61194527971817,241.87203335777613,54.4279844010229,0.0,0.0,1.0
2026-01-01 16:04:25,31.46593122249054,61.90010745138083,254.23004505078887,54.43200045701907,0.0,0.0,1.0
2026-01-01 16:04:30,31.351237008506484,61.74819390118236,275.6827512310549,54.43456594485059,0.0,0.0,1.0
2026-01-01 16:04:35,31.344509439560788,61.36551965747587,243.18186444957817,54.40260584647967,0.0,0.0,1.0
2026-01-01 16:04:40,31.38284933052156,61.1069979660793,246.64010902896229,54.35322959850585,0.0,0.0,1.0
2026-01-01 16:04:45,31.317873390987707,61.05095081298057,247.7863659092596,54.35551386371898,0.0,0.0,1.0
2026-01-01 16:04:50,31.380503051648716,60.94778261211916,237.2955921684368,54.374003408477606,0.0,0.0,1.0
2026-01-01 16:04:55,31.49954229956746,60.869530925596266,232.584007854375,54.3812444078563,0.0,0.0,1.0
2026-01-01 16:05:00,31.482547119857827,60.79860010682108,241.33698394065075,54.31143918913163,0.0,0.0,1.0
2026-01-01 16:05:05,31.378587195181744,60.92026204701778,230.38248887014825,54.35460591860787,0.0,0.0,1.0
2026-01-01 16:05:10,31.24791418779678,60.68793311621838,261.8004676777853,54.32104770519892,0.0,0.0,1.0
2026-01-01 16:05:15,31.27993093752564,60.84051909311249,251.1028066404168,54.27680883709144,0.0,0.0,1.0
2026-01-01 16:05:20,31.372782241564696,60.99086974348506,240.8576049730529,54.26753256210765,0.0,0.0,1.0
2026-01-01 16:05:25,31.434489368232303,61.16064064840448,277.46027748443834,54.24754614806715,0.0,0.0,1.0
2026-01-01 16:05:30,31.4219616894664,61.482085432736056,245.5078076303732,54.29179289260674,0.0,0.0,1.0
2026-01-01 16:05:35,31.448696794857355,61.380056293711775,243.7440569086193,54.2848662865342,0.0,0.0,1.0
2026-01-01 16:05:40,31.503602556059032,61.569424963563215,245.751264589468,54.30112853065988,0.0,0.0,1.0
2026-01-01 16:05:45,31.490835801104076,61.86600213052245,258.2393361174784,54.2947563716034,0.0,0.0,1.0
2026-01-01 16:05:50,31.571740117457345,61.91362361841402,232.61238611575644,54.29512810874175,0.0,0.0,1.0
2026-01-01 16:05:55,31.578941355101986,61.745578666362825,225.80889405426848,54.20845221329154,0.0,0.0,1.0
2026-01-01 16:06:00,31.57615732328149,61.43428694162536,256.8718476763327,54.26930154250575,0.0,0.0,1.0
2026-01-01 16:06:05,31.55381247787604,61.48080752638101,238.84789521340124,54.25932060229286,0.0,0.0,1.0
2026-01-01 16:06:10,31.36907163798541,61.68208502233025,234.5492337257741,54.20387604227081,0.0,0.0,1.0
2026-01-01 16:06:15,31.398119742146203,61.5080527508405,266.3008305529085,54.1769133115915,0.0,0.0,1.0
2026-01-01 16:06:20,31.362001466061045,61.50619892258492,266.39166520013623,54.21251597836689,1.0,0.0,1.0
2026-01-01 16:06:25,31.393207241758237,61.437876551130266,243.3153455851304,54.21282413093043,1.0,0.0,1.0
2026-01-01 16:06:30,31.37792715986196,61.65970133224206,243.9940154771193,54.190573297945065,1.0,0.0,1.0
2026-01-01 16:06:35,31.252517069742854,61.65657033456933,232.5559268698817,54.36823848049066,1.0,0.0,1.0
2026-01-01 16:06:40,31.283089893500797,61.218535999150525,251.12114190871057,54.48435835823084,1.0,0.0,1.0
2026-01-01 16:06:45,31.452400349350285,61.210917495429946,259.64337966698366,54.61585417068199,1.0,0.0,1.0
2026-01-01 16:06:50,31.41457746604505,61.2846335219538,227.32673907815,54.91610379395563,0.0,0.0,1.0
2026-01-01 16:06:55,31.42769899753817,61.27554974470555,258.2646884778517,55.152984447773534,0.0,0.0,1.0
2026-01-01 16:07:00,31.43433117436124,61.48223136161914,260.26775968589175,55.331671368985646,0.0,0.0,1.0
2026-01-01 16:07:05,31.449411422433336,61.65216012886652,229.18094977119736,55.407670157110175,0.0,0.0,1.0
2026-01-01 16:07:10,31.492453972480057,61.98510000077225,238.61514650071172,55.565201530015074,0.0,0.0,1.0
2026-01-01 16:07:15,31.61907234220048,61.88636442547683,232.8837016885435,55.5703523671385,0.0,0.0,1.0
2026-01-01 16:07:20,31.641731365907376,61.772079346364215,255.60039009872744,55.65193948575072,0.0,0.0,1.0
2026-01-01 16:07:25,31.652700383534203,61.95657018491249,246.94596841077987,55.7215671437336,0.0,0.0,1.0
2026-01-01 16:07:30,31.60392599628245,62.18728488553243,210.18950319055097,55.75246802169762,0.0,0.0,1.0
2026-01-01 16:07:35,31.538389177205207,61.9676505998499,237.6705626547124,55.778997723084544,0.0,0.0,1.0
2026-01-01 16:07:40,31.47433617367941,61.90392631024282,223.4184708059805,55.80164384856333,0.0,0.0,1.0
2026-01-01 16:07:45,31.438444375587697,62.08797167423075,251.03389674488,55.829498853895565,0.0,0.0,1.0
2026-01-01 16:07:50,31.57422035998537,62.0324295664896,242.72467733293112,55.82475852253073,0.0,0.0,1.0
2026-01-01 16:07:55,31.430988352601275,62.05256877027328,229.14616645601583,55.75649314448743,0.0,0.0,1.0
2026-01-01 16:08:00,31.372094533269088,61.82811395279344,239.92503181293236,55.74754868129219,0.0,0.0,1.0
2026-01-01 16:08:05,31.35206110241555,61.44064805912033,233.2417196072961,55.76662861052653,0.0,0.0,1.0
2026-01-01 16:08:10,31.437217231358467,61.78822684886898,252.69258064486704,55.7300405825666,0.0,0.0,1.0
2026-01-01 16:08:15,31.52231895048573,61.71339608460559,234.11308334837412,55.68775426243694,0.0,0.0,1.0
2026-01-01 16:08:20,31.490920245864885,61.85279817180267,258.2594125728884,55.728136284771466,0.0,0.0,1.0
2026-01-01 16:08:25,31.4679712111294,61.980413058292434,220.586066997456,55.66676582590645,0.0,0.0,1.0
2026-01-01 16:08:30,31.538583228934677,62.04556395667831,255.6046007526548,55.68703620365927,0.0,0.0,1.0
2026-01-01 16:08:35,31.58818398974929,61.859555180595024,246.27950149714047,55.68773075551526,0.0,0.0,1.0
2026-01-01 16:08:40,31.562458972825087,61.79871461548008,228.87606424053743,55.75180263480377,0.0,0.0,1.0
2026-01-01 16:08:45,31.54787318384241,61.86123959709132,244.25552408607004,55.71081938442253,0.0,0.0,1.0
2026-01-01 16:08:50,31.62079960807476,62.17440409675147,262.9286550027554,55.67550399254098,0.0,0.0,1.0
2026-01-01 16:08:55,31.591769111697023,62.18667375272723,249.92018975525124,55.71179618005407,0.0,0.0,1.0
2026-01-01 16:09:00,31.623958620052488,61.83850788029475,237.74040592403355,55.634489629118754,0.0,0.0,1.0
2026-01-01 16:09:05,31.553474166629154,61.690155288015625,237.26749342839813,55.67239313746903,0.0,0.0,1.0
2026-01-01 16:09:10,31.575136265532823,61.5831204391947,206.68866628078737,55.64380021102882,0.0,0.0,1.0
2026-01-01 16:09:15,31.581772923086486,61.826275120197344,224.8582917105157,55.66990109188593,0.0,0.0,1.0
2026-01-01 16:09:20,31.586748265110117,61.94937671811108,224.83382720349505,55.61762741438599,0.0,0.0,1.0
2026-01-01 16:09:25,31.577547727835235,61.64287379307613,242.42110070100568,55.57391264179583,0.0,0.0,1.0
2026-01-01 16:09:30,31.59959399720559,61.4167010686282,248.9204737157685,55.50038964775649,0.0,0.0,1.0
2026-01-01 16:09:35,31.712260762302893,61.236961283373546,236.05392860553212,55.49531645134388,0.0,0.0,1.0
2026-01-01 16:09:40,31.696520341093333,61.15735028254611,218.4495099239333,55.50708018152488,0.0,0.0,1.0
2026-01-01 16:09:45,31.61047178732085,61.12417640094987,229.49618625699247,55.56892505265835,0.0,0.0,1.0
2026-01-01 16:09:50,31.43138340264363,60.89518199970761,220.0757267526007,55.48730184831588,0.0,0.0,1.0
2026-01-01 16:09:55,31.464350418698235,60.84862519751917,251.07008744912272,55.519581672865215,0.0,0.0,1.0
2026-01-01 16:10:00,31.49312207994366,60.83433352311083,184.5388076386296,55.540616895592606,0.0,0.0,1.0
2026-01-01 16:10:05,31.38874722688587,60.97147659495301,237.34399432280745,55.50195981617277,0.0,0.0,1.0
2026-01-01 16:10:10,31.411473867151216,60.97483292591807,243.8479939014828,55.56548278168492,0.0,0.0,1.0
2026-01-01 16:10:15,31.389135617293785,61.271378296508416,216.31348312068516,55.52666798011734,0.0,0.0,1.0
2026-01-01 16:10:20,31.350091876487262,61.55795591763606,268.4510041362633,55.54721638137449,0.0,0.0,1.0
2026-01-01 16:10:25,31.30261791352791,61.48814776586261,218.8578874392282,55.51300433379269,0.0,0.0,1.0
2026-01-01 16:10:30,31.263308822669707,61.26824557926085,274.0955694179533,55.460098025576926,0.0,0.0,1.0
2026-01-01 16:10:35,31.392568286932843,61.59752474438965,249.95203559009528,55.43492412542379,0.0,0.0,1.0
2026-01-01 16:10:40,31.36085582208916,61.54367080223653,230.9516531583017,55.43404622742034,0.0,0.0,1.0
2026-01-01 16:10:45,31.463408474046155,61.51532396914579,209.1440684764877,55.47243538005965,0.0,0.0,1.0
2026-01-01 16:10:50,31.39998057035348,61.08733961804182,228.19336766791037,55.43404739920484,0.0,0.0,1.0
2026-01-01 16:10:55,31.491857602497003,61.22353196588723,254.89537651493796,55.38733116065601,0.0,0.0,1.0
2026-01-01 16:11:00,31.50212738937245,61.220714999465095,241.07370499636795,55.42985382346909,0.0,0.0,1.0
2026-01-01 16:11:05,31.50984443011928,61.34618151281808,242.29654047811917,55.43105987204865,0.0,0.0,1.0
2026-01-01 16:11:10,31.502391658369003,61.40637939323433,245.5715005929568,55.38632146434972,0.0,0.0,1.0
2026-01-01 16:11:15,31.616982875284027,61.37080200321109,226.16696992498143,55.39378479453765,0.0,0.0,1.0
2026-01-01 16:11:20,31.53471927804324,61.46338409306617,231.43109963423663,55.42018108469127,0.0,0.0,1.0
2026-01-01 16:11:25,31.546503229234094,61.36780618658345,231.7513773480603,55.42130171940138,0.0,0.0,1.0
2026-01-01 16:11:30,31.47410913795726,61.29348409117622,211.3601897529719,55.35738693033339,0.0,0.0,1.0
2026-01-01 16:11:35,31.47806326060201,61.57076606682879,238.35162663827705,55.3145551788803,0.0,0.0,1.0
2026-01-01 16:11:40,31.51648604657367,61.43129210053567,250.45555759711564,55.29043669896406,0.0,0.0,1.0
2026-01-01 16:11:45,31.50994839980142,61.51856422669584,218.36546201204885,55.33086614292973,0.0,0.0,1.0
2026-01-01 16:11:50,31.517668731552348,61.436029345389954,226.88286671849613,55.29279735124734,0.0,0.0,1.0
2026-01-01 16:11:55,31.475944336624465,61.27398412729786,227.29310761085333,55.24524846983172,0.0,0.0,1.0
2026-01-01 16:12:00,31.34851619513684,61.35265408835204,204.31921042032693,55.27935699416878,0.0,0.0,1.0
2026-01-01 16:12:05,31.359024424175747,61.20675102385825,246.8565108927006,55.224567039536176,0.0,0.0,1.0
2026-01-01 16:12:10,31.314037639068147,61.53661532807553,204.97011692974712,55.23032396272994,0.0,0.0,1.0
2026-01-01 16:12:15,31.323743753787102,61.5615080832532,224.18431150359856,55.19711951359048,0.0,0.0,1.0
2026-01-01 16:12:20,31.25261260867008,61.88468135638532,262.1000700353174,55.23422898553788,0.0,0.0,1.0
2026-01-01 16:12:25,31.33143112865904,61.86458801757891,194.97541502374423,55.18796793290181,0.0,0.0,1.0
2026-01-01 16:12:30,31.31907815167389,61.7165158294386,226.6433279909685,55.20360212270983,0.0,0.0,1.0
2026-01-01 16:12:35,31.30939255325536,61.34425610732644,213.9779495014805,55.19004249012335,0.0,0.0,1.0
2026-01-01 16:12:40,31.313965587317675,61.37333634791753,234.5767882191353,55.225996873693006,0.0,0.0,1.0
2026-01-01 16:12:45,31.287215363812617,61.06862019332974,223.24092662543995,55.18139320415966,0.0,0.0,1.0
2026-01-01 16:12:50,31.296266117516243,61.03497277315723,241.60188671605997,55.14567461019303,0.0,0.0,1.0
2026-01-01 16:12:55,31.18861060594954,61.09945611507492,215.41905134252983,55.12192754012811,0.0,0.0,1.0
2026-01-01 16:13:00,31.20435743400534,61.13232575742862,233.413794498876,55.09247866414741,0.0,0.0,1.0
2026-01-01 16:13:05,31.074364504956744,61.220227563937776,243.81935405327795,55.07760532531413,0.0,0.0,1.0
2026-01-01 16:13:10,30.99590026606544,61.00444555918669,240.0619895313213,55.103869945151615,0.0,0.0,1.0
2026-01-01 16:13:15,31.000532873320005,61.04301037879368,214.81823315730952,55.02851719119492,0.0,0.0,1.0
2026-01-01 16:13:20,31.0636531462288,61.08904934406666,256.20589164863554,55.09087852983092,0.0,0.0,1.0
2026-01-01 16:13:25,31.1820136920242,60.96436475999357,224.530477618219,55.07986999481193,0.0,0.0,1.0
2026-01-01 16:13:30,31.03536488555381,61.14884408374448,230.13429482221,55.068506830576375,0.0,0.0,1.0
2026-01-01 16:13:35,31.18075584004605,61.10773028955029,224.02964056275184,55.05358659776695,0.0,0.0,1.0
2026-01-01 16:13:40,31.275319029168703,61.53965398732764,221.52670558462748,55.088567459490136,0.0,0.0,1.0
2026-01-01 16:13:45,31.29090979985865,61.61778768296938,214.8647303975744,55.05984829737095,0.0,0.0,1.0
2026-01-01 16:13:50,31.474594973458057,61.53911345973443,217.07494851493848,55.04751388486774,0.0,0.0,1.0
2026-01-01 16:13:55,31.439791017450915,61.57959739377991,212.4510502040609,54.93490815173017,0.0,0.0,1.0
2026-01-01 16:14:00,31.447090774664293,61.5330713112224,236.6183805325576,54.998247818551576,0.0,0.0,1.0
2026-01-01 16:14:05,31.29762409699428,61.65182483263367,255.861579075995,54.95435355368585,0.0,0.0,1.0
2026-01-01 16:14:10,31.27839193204104,61.69347699277969,195.86671783002748,54.96265562027148,0.0,0.0,1.0
2026-01-01 16:14:15,31.304503157911945,61.88977887301719,221.33825755850867,54.92180052226354,0.0,0.0,1.0
2026-01-01 16:14:20,31.199503351001127,62.17599758847535,226.10088132396265,54.95804128968324,0.0,0.0,1.0
2026-01-01 16:14:25,31.24890827734778,62.11718448205297,231.9409823914249,54.95033057664087,0.0,0.0,1.0
2026-01-01 16:14:30,31.26057869754068,61.99205715810072,239.6342510464181,54.94493613432623,0.0,0.0,1.0
2026-01-01 16:14:35,31.16743702139357,62.16548054315334,224.92959812536944,54.93910119807828,0.0,0.0,1.0
2026-01-01 16:14:40,31.226778820925908,62.35378248417821,218.256873116864,55.027637695179166,0.0,0.0,1.0
2026-01-01 16:14:45,31.18996646322269,62.64165596240919,231.48063370280116,54.95466461857916,0.0,0.0,1.0
2026-01-01 16:14:50,31.27720025305051,62.78744758796759,247.28856922377923,55.01523638181345,0.0,0.0,1.0
2026-01-01 16:14:55,31.1964483962398,62.56534033744358,214.09353709817876,54.94186277255585,0.0,0.0,1.0
2026-01-01 16:15:00,31.23637197155794,62.48659303012285,233.5516513102364,54.881190036819966,0.0,0.0,1.0
2026-01-01 16:15:05,31.18129666493721,62.624288291752,218.65104654448345,54.85264025126843,0.0,0.0,1.0
2026-01-01 16:15:10,31.19376178054796,62.2329915207126,196.89388704024424,54.906492524802175,0.0,0.0,1.0
2026-01-01 16:15:15,31.22011302780673,62.56539359787557,255.30327315815185,54.82524611341992,0.0,0.0,1.0
2026-01-01 16:15:20,31.16849428677065,62.509452831289984,236.5238428751196,54.89566515275377,0.0,0.0,1.0
2026-01-01 16:15:25,31.237531742125228,62.19668705846402,220.07674486112376,54.94430674648015,0.0,0.0,1.0
2026-01-01 16:15:30,31.18211367314764,62.31015964651783,231.4214490218153,54.912928326568725,0.0,0.0,1.0
2026-01-01 16:15:35,31.09954185459278,62.33072790939779,214.7618206929668,54.8455501360882,0.0,0.0,1.0
2026-01-01 16:15:40,31.16605063441996,62.51568195900597,212.7217391388133,54.84590291882246,0.0,0.0,1.0
2026-01-01 16:15:45,31.259062237114502,62.418681176884746,210.79507072283428,54.8868769034324,0.0,0.0,1.0
2026-01-01 16:15:50,31.27543474305258,62.20590324535367,205.13155931258316,54.89872926179085,0.0,0.0,1.0
2026-01-01 16:15:55,31.246664193243006,62.13079069845226,227.16438908581048,54.82727099284814,0.0,0.0,1.0
2026-01-01 16:16:00,31.206831843434752,61.86609036878195,223.10664429259649,54.79692212745492,0.0,0.0,1.0
2026-01-01 16:16:05,31.107530929944023,61.8761621603612,243.5979681910781,54.78183923686785,0.0,0.0,1.0
2026-01-01 16:16:10,31.01176702796099,61.77069416460373,228.1992553356748,54.8112574851658,0.0,0.0,1.0
2026-01-01 16:16:15,31.059590154919032,61.5910501643172,236.56730435173392,54.73566143700568,0.0,0.0,1.0
2026-01-01 16:16:20,31.156609059371192,61.4812230382793,247.97863918678283,54.82743608818788,0.0,0.0,1.0
2026-01-01 16:16:25,31.311753261741384,61.655612307265294,240.9921602633817,54.831463701167365,0.0,0.0,1.0
2026-01-01 16:16:30,31.31282830061665,61.61609194619773,211.94285187908173,54.81605010352571,0.0,0.0,1.0
2026-01-01 16:16:35,31.29634737400698,61.66731042368063,240.21945747240008,54.8080419608017,0.0,0.0,1.0
2026-01-01 16:16:40,31.254041741332525,61.81622566715232,249.2183808166733,54.88163180749443,0.0,0.0,1.0
2026-01-01 16:16:45,31.20366329926684,61.973747941936765,237.5559078538541,54.76192190888851,0.0,0.0,1.0
2026-01-01 16:16:50,31.284056881218955,61.98207622701671,230.854680429937,54.76652538537976,0.0,0.0,1.0
2026-01-01 16:16:55,31.220410931192195,62.11033873583833,222.2714400839076,54.74082036064448,0.0,0.0,1.0
2026-01-01 16:17:00,31.148574081532814,62.26736120461501,202.60808437498025,54.730438107594765,0.0,0.0,1.0
2026-01-01 16:17:05,31.16822475655577,62.36501936388153,224.74815859268892,54.69858030795136,0.0,0.0,1.0
2026-01-01 16:17:10,31.107644827293267,62.44793425490598,226.11910342823523,54.753789164268376,0.0,0.0,1.0
2026-01-01 16:17:15,31.10273337654721,62.3645816044086,241.6746057023186,54.83293274044099,0.0,0.0,1.0
2026-01-01 16:17:20,31.20519753829434,62.312039404908894,219.9442721706541,54.82654501846987,0.0,0.0,1.0
2026-01-01 16:17:25,31.255224152757997,62.366186251852255,175.06719644248085,54.747188969044046,0.0,0.0,1.0
2026-01-01 16:17:30,31.1087502994947,62.246754210778455,208.67029217075648,54.74101659413377,0.0,0.0,1.0
2026-01-01 16:17:35,31.198881248395832,62.380863764469765,216.99096742884052,54.75419380084185,0.0,0.0,1.0
2026-01-01 16:17:40,31.197520893184706,62.50301957008768,220.79369916649105,54.777358538918165,0.0,0.0,1.0
2026-01-01 16:17:45,31.26638062646996,62.33596313615356,232.92591699006385,54.76177177673392,0.0,0.0,1.0
2026-01-01 16:17:50,31.305170790314385,62.28285319333608,213.96303635589237,54.73840434732115,0.0,0.0,1.0
2026-01-01 16:17:55,31.29710723147176,62.4263686720652,232.65512808252052,54.71890445635307,0.0,0.0,1.0
2026-01-01 16:18:00,31.278541949219623,62.83104085163939,196.60259027140708,54.753072347050605,0.0,0.0,1.0
2026-01-01 16:18:05,31.26564671953705,62.85806967849039,186.78878314501225,54.795799329988114,0.0,0.0,1.0
2026-01-01 16:18:10,31.214487470560552,62.69323438135114,197.48757273752733,54.811999589265625,0.0,0.0,1.0
2026-01-01 16:18:15,31.34454202574689,62.49344560863255,215.644980201778,54.74242437896008,0.0,0.0,1.0
2026-01-01 16:18:20,31.20072881295272,62.36198047503645,205.8833071291517,54.76865524484574,0.0,0.0,1.0
2026-01-01 16:18:25,31.108187306455687,62.45332391375148,234.70530256232203,54.73099782536694,0.0,0.0,1.0
2026-01-01 16:18:30,31.05048196261821,62.36519669843796,226.46988166689792,54.74865761121497,0.0,0.0,1.0
2026-01-01 16:18:35,31.09809921102332,62.2823727297214,241.83397626208983,54.69641103112071,0.0,0.0,1.0
2026-01-01 16:18:40,31.177174051608237,62.33509752815566,234.78032391243696,54.680761884669664,0.0,0.0,1.0
2026-01-01 16:18:45,31.18108915021601,62.27547229116713,168.24106636305,54.75470409219693,0.0,0.0,1.0
2026-01-01 16:18:50,31.22051110974198,62.070106837690815,218.70264234814115,54.70188441272,0.0,0.0,1.0
2026-01-01 16:18:55,31.197071148754045,62.03226558492869,190.73600295042505,54.648785339479616,0.0,0.0,1.0
2026-01-01 16:19:00,31.12320820304373,61.68068286833482,244.4091144951832,54.67038036886086,0.0,0.0,1.0
2026-01-01 16:19:05,31.12407485092446,61.60258312725885,190.06775051859373,54.7140253330533,0.0,0.0,1.0
2026-01-01 16:19:10,31.14079679419553,61.53828695239,224.47211950764287,54.7386145707174,0.0,0.0,1.0
2026-01-01 16:19:15,31.19980318942621,61.51109011338125,227.36526311446212,54.69159230941587,0.0,0.0,1.0
2026-01-01 16:19:20,31.104548964480784,61.35033455117773,212.3572087018241,54.70480527878339,0.0,0.0,1.0
2026-01-01 16:19:25,31.134662186859494,61.07282903076104,219.19092288326212,54.74488861837696,0.0,0.0,1.0
2026-01-01 16:19:30,31.0388815923866,61.39269917137734,226.2894717393355,54.79327602052152,0.0,0.0,1.0
2026-01-01 16:19:35,30.95897993740602,61.55373673092529,222.05018366154167,54.68155832841857,0.0,0.0,1.0
2026-01-01 16:19:40,30.99879469476301,61.75303280997672,219.76885246367476,54.69402015077963,0.0,0.0,1.0
2026-01-01 16:19:45,30.963665470810955,61.64357738424454,193.01832544386943,54.68425757926772,0.0,0.0,1.0
2026-01-01 16:19:50,31.017128915458297,61.08749100043161,216.89347804111216,54.73492853963255,0.0,0.0,1.0
2026-01-01 16:19:55,31.12247187810816,61.17997854400711,220.83983060082264,54.71965582835969,0.0,0.0,1.0
2026-01-01 16:20:00,31.10950454336673,61.04800922056287,225.77771750152843,54.71255688099688,0.0,0.0,1.0
2026-01-01 16:20:05,31.06802643292125,60.93284454830587,204.14180433426168,54.72789591696123,0.0,0.0,1.0
2026-01-01 16:20:10,30.9953763510906,60.727562016980976,221.6522313849652,54.763797002428014,0.0,0.0,1.0
2026-01-01 16:20:15,30.97076224596949,61.014922561974245,229.4511818126546,54.7258584297108,0.0,0.0,1.0
2026-01-01 16:20:20,30.97044122560638,60.9226385864013,225.0275478797539,54.7514828111883,0.0,0.0,1.0
2026-01-01 16:20:25,30.99218773078585,61.27768857618598,223.22791017156345,54.68926113225295,0.0,0.0,1.0
2026-01-01 16:20:30,31.019416294871448,61.57976984913878,209.90379663472908,54.63215039018475,0.0,0.0,1.0
2026-01-01 16:20:35,30.953575826383283,61.40718965302917,213.4741440036534,54.66538362109411,0.0,0.0,1.0
2026-01-01 16:20:40,31.027240972438427,61.69626213743423,208.39041022603763,54.65887629979051,0.0,0.0,1.0
2026-01-01 16:20:45,31.00248284372501,61.893662396331926,225.8492809859381,54.67835108404479,0.0,0.0,1.0
2026-01-01 16:20:50,31.05263620192413,62.01807258715249,234.67933911111,54.7019674246008,0.0,0.0,1.0
2026-01-01 16:20:55,31.06875890221717,62.21746371224824,190.18374706650943,54.619912076587056,0.0,0.0,1.0
2026-01-01 16:21:00,31.121265819143424,62.305361965942254,205.46448829874345,54.60668668687008,0.0,0.0,1.0
2026-01-01 16:21:05,31.202464743593342,62.36612901613641,225.0580980928118,54.62724562341664,0.0,0.0,1.0
2026-01-01 16:21:10,31.215417840880253,61.78210250112363,222.03392855190685,54.53350089656579,0.0,0.0,1.0
2026-01-01 16:21:15,31.33311733464768,62.08050715746807,222.60475363072308,54.66999167450082,0.0,0.0,1.0
2026-01-01 16:21:20,31.305061848174947,62.09125878950696,197.8608284243092,54.67103526560499,0.0,0.0,1.0
2026-01-01 16:21:25,31.284245580942372,62.36305449700964,218.59804181250092,54.65472160367182,0.0,0.0,1.0
2026-01-01 16:21:30,31.287003300083093,62.22060472917287,233.2689736278054,54.578396388496174,0.0,0.0,1.0
2026-01-01 16:21:35,31.145188975117307,62.47474740880591,213.8331615455638,54.57063497859722,0.0,0.0,1.0
2026-01-01 16:21:40,31.183879641726968,62.37412020873954,226.16404817214084,54.56437938202411,0.0,0.0,1.0
2026-01-01 16:21:45,31.23639414960761,62.22230685754734,256.301689955008,54.55731454122802,0.0,0.0,1.0
2026-01-01 16:21:50,31.220408126273632,61.96451650855726,197.50365491079955,54.60683819993506,0.0,0.0,1.0
2026-01-01 16:21:55,31.16150001275726,62.012628669106746,236.7183718887469,54.62061078667219,0.0,0.0,1.0
2026-01-01 16:22:00,31.180724924335728,62.49687790484044,200.1270317051392,54.55890868222145,0.0,0.0,1.0
2026-01-01 16:22:05,31.23691449685817,62.26771037624933,200.16871841353705,54.5683981222455,0.0,0.0,1.0
2026-01-01 16:22:10,31.32617237594798,62.20558187199506,191.9805511951262,54.59709510806832,0.0,0.0,1.0
2026-01-01 16:22:15,31.31005674283111,62.17046716222627,232.62147319253208,54.53733877097268,0.0,0.0,1.0
2026-01-01 16:22:20,31.256534620056357,62.286077679241615,204.60029035502205,54.54763167931687,0.0,0.0,1.0
2026-01-01 16:22:25,31.20833854086024,62.22845052323815,246.62657531508995,54.49449033850949,0.0,0.0,1.0
2026-01-01 16:22:30,31.25145758129878,62.44931667086371,224.2521008356662,54.5090343240102,0.0,0.0,1.0
2026-01-01 16:22:35,31.15158564958545,62.42676305702835,209.4290830375041,54.51800917382264,0.0,0.0,1.0
2026-01-01 16:22:40,31.19630105639602,62.12582668917943,212.69010805868024,54.501615855069744,0.0,0.0,1.0
2026-01-01 16:22:45,31.09864249837773,62.29630925056571,211.69943546838496,54.489698398952505,0.0,0.0,1.0
2026-01-01 16:22:50,31.08237335299026,62.24312177428547,207.7058786729678,54.52521396808346,0.0,0.0,1.0
2026-01-01 16:22:55,31.0615238107273,62.05582039115217,199.45504340085515,54.42831054183053,0.0,0.0,1.0
2026-01-01 16:23:00,30.952658658525014,61.78709890724127,198.8499135881616,54.529306936588526,0.0,0.0,1.0
2026-01-01 16:23:05,30.90390479741633,61.96861391535786,181.11556681543289,54.53806401573125,0.0,0.0,1.0
2026-01-01 16:23:10,30.92811867029473,61.581653213754834,206.31522354806432,54.509270303640335,0.0,0.0,1.0
2026-01-01 16:23:15,31.038753173240927,61.53201451667231,207.65448488397428,54.457805244801,0.0,0.0,1.0
2026-01-01 16:23:20,31.06829386086648,61.71423957569584,213.7560619700889,54.485328462167416,0.0,0.0,1.0
2026-01-01 16:23:25,31.019335787108258,61.50794166815752,209.84583823932653,54.48990000016391,0.0,0.0,1.0
2026-01-01 16:23:30,30.995887071025308,61.650636375379015,184.1787050724674,54.42860009928109,0.0,0.0,1.0
2026-01-01 16:23:35,30.90658137900738,61.7985141318706,220.7927342628688,54.3622922161522,0.0,0.0,1.0
2026-01-01 16:23:40,30.956379676834963,61.70346681506681,203.16930290820852,54.38370808967882,0.0,0.0,1.0
2026-01-01 16:23:45,31.0016332993832,61.473389638318224,191.94064750416084,54.422697851968806,0.0,0.0,1.0
2026-01-01 16:23:50,31.043718354549352,61.305244183517125,203.14379055074824,54.4290482873668,0.0,0.0,1.0
2026-01-01 16:23:55,31.11572483556888,60.92274125243669,211.54991488695808,54.41870134840646,0.0,0.0,1.0
2026-01-01 16:24:00,31.173081956643323,60.88199282313497,224.11259181678383,54.4385564426784,0.0,0.0,1.0
2026-01-01 16:24:05,31.15273584302851,60.98490690507944,200.941348802622,54.45168328395445,0.0,0.0,1.0
2026-01-01 16:24:10,31.194830167005676,61.07727729712653,197.52636336620515,54.44183629933399,0.0,0.0,1.0
2026-01-01 16:24:15,31.26132741603321,61.40642413164706,229.0982215229763,54.3847640592286,0.0,0.0,1.0
2026-01-01 16:24:20,31.267526919376152,62.016811895275,227.50566548211896,54.35523935084241,0.0,0.0,1.0
2026-01-01 16:24:25,31.30524373364458,61.6184522886766,195.74781581097065,54.33552529413689,0.0,0.0,1.0
2026-01-01 16:24:30,31.47283396671207,61.74064620834602,203.45760989156935,54.28964216193721,0.0,0.0,1.0
2026-01-01 16:24:35,31.432127225923868,61.83170898885194,197.96682846453297,54.39364048363588,0.0,0.0,1.0
2026-01-01 16:24:40,31.420122024600225,61.86529889269224,217.8748250030605,54.3776923744735,0.0,0.0,1.0
2026-01-01 16:24:45,31.454142645075617,61.67716989825258,200.71606010236576,54.40679545940887,0.0,0.0,1.0
2026-01-01 16:24:50,31.433816582127125,61.69366109625194,229.8963956198712,54.35103642087921,0.0,0.0,1.0
2026-01-01 16:24:55,31.407401303740304,61.83485421105876,214.39131526696693,54.30080963481963,0.0,0.0,1.0
2026-01-01 16:25:00,31.418154803166026,61.96935274801909,183.7522909891952,54.27831887335971,0.0,0.0,1.0
2026-01-01 16:25:05,31.291716968865032,61.840935741020026,213.7610107071584,54.1936709612268,0.0,0.0,1.0
2026-01-01 16:25:10,31.292274279134386,62.05025523183585,193.5824123802026,54.20351257665337,1.0,0.0,1.0
2026-01-01 16:25:15,31.155773045570797,62.42382001880056,226.0224540312464,54.20068119181619,1.0,0.0,1.0
2026-01-01 16:25:20,31.115447391292676,62.45239652976522,215.63112705740403,54.2361001527354,1.0,0.0,1.0
2026-01-01 16:25:25,30.929814679326743,62.15819935857889,248.48406584696951,54.37467911715833,0.0,0.0,1.0
2026-01-01 16:25:30,30.91267297534496,62.12639883606256,207.74985075630744,54.49609622034704,0.0,0.0,1.0
2026-01-01 16:25:35,30.887964827384437,61.80356058848509,202.6854388097593,54.674156355197184,0.0,0.0,1.0
2026-01-01 16:25:40,30.86492872273432,61.82915415782316,206.63161875104484,54.79480381768554,0.0,0.0,1.0
2026-01-01 16:25:45,30.898063473624816,61.78061976307652,199.15445859165328,54.77157866339033,0.0,0.0,1.0
2026-01-01 16:25:50,30.92870040005411,62.27626748042038,242.4445174638099,54.86788146038499,0.0,0.0,1.0
2026-01-01 16:25:55,30.82224121681852,62.055648302949336,197.12400714960935,54.91286122179442,0.0,0.0,1.0
2026-01-01 16:26:00,30.8535123771175,61.71578698322927,218.5534721178492,54.93517546779031,0.0,0.0,1.0
2026-01-01 16:26:05,30.87459735367285,61.843634628091,214.56975514612773,54.93116570907543,0.0,0.0,1.0
2026-01-01 16:26:10,30.88315381868391,61.5168976641278,207.6410472594257,54.93877369540398,0.0,0.0,1.0
2026-01-01 16:26:15,30.889792530459317,61.05159331248135,216.54847433884265,55.011926173564014,0.0,0.0,1.0
2026-01-01 16:26:20,30.949827259515825,61.16339922985605,209.89901740602264,55.02674237813832,0.0,0.0,1.0
2026-01-01 16:26:25,30.960374139525957,61.3637928684697,194.15286193208615,55.03732747518188,0.0,0.0,1.0
2026-01-01 16:26:30,31.013481530704592,61.44899824403483,210.2007358739735,55.09323485619694,0.0,0.0,1.0
2026-01-01 16:26:35,31.03780201592487,61.48678821261203,205.07698410466992,55.01873430036627,0.0,0.0,1.0
2026-01-01 16:26:40,30.95899589438143,61.49204101442886,204.23843095557467,54.95806700123951,0.0,0.0,1.0
2026-01-01 16:26:45,31.08510290479163,61.49501279598042,195.4150496614364,55.00589408096412,0.0,0.0,1.0
2026-01-01 16:26:50,31.173255564763394,61.30830872265452,198.6156929386266,54.97980323021562,0.0,0.0,1.0
2026-01-01 16:26:55,31.095169560725235,61.50591944263622,196.69661076981836,55.00596868542655,0.0,0.0,1.0
2026-01-01 16:27:00,31.05414771020121,61.68011440301496,215.90421235907047,54.98886890687325,0.0,0.0,1.0
2026-01-01 16:27:05,30.965559318435663,61.91893881621999,196.4334317169509,54.93444494920265,0.0,0.0,1.0
2026-01-01 16:27:10,31.073922309822663,61.89082113966749,195.37450564021623,54.91888938666837,0.0,0.0,1.0
2026-01-01 16:27:15,31.06129398674907,61.98559023733161,206.5804741219152,54.86673480900342,0.0,0.0,1.0
2026-01-01 16:27:20,30.99004697333516,62.04046844526888,165.0385937081114,54.78627445452385,0.0,0.0,1.0
2026-01-01 16:27:25,30.975984543771983,62.00478055516427,245.39669782451068,54.80618611223832,0.0,0.0,1.0
2026-01-01 16:27:30,30.918428035128613,62.16349666639343,230.89618261406412,54.83069397857595,0.0,0.0,1.0
2026-01-01 16:27:35,30.91522031680557,62.27722878515056,218.00627135778487,54.838912090378486,0.0,0.0,1.0
2026-01-01 16:27:40,30.9340786749798,62.489603928509474,194.2175085216184,54.84188552818632,0.0,0.0,1.0
2026-01-01 16:27:45,30.871995930329472,62.40888928264468,194.77266427853127,54.875987233830514,0.0,0.0,1.0
2026-01-01 16:27:50,31.021258571859143,62.5696229369368,211.4349065134413,54.76437564034416,0.0,0.0,1.0
2026-01-01 16:27:55,30.969082263373085,62.698634815004745,174.85808163927882,54.805290260234514,0.0,0.0,1.0
2026-01-01 16:28:00,30.937517648343366,62.57285390487258,196.92099429484367,54.783988153089005,0.0,0.0,1.0
2026-01-01 16:28:05,31.03012218863999,62.45256416927445,197.3223084724893,54.78061064808439,0.0,0.0,1.0
2026-01-01 16:28:10,30.973301964924865,62.55058404224877,224.45251918463356,54.81676054666397,0.0,0.0,1.0
2026-01-01 16:28:15,30.90320567007829,62.58060582364896,175.80871049412343,54.84812552064271,0.0,0.0,1.0
2026-01-01 16:28:20,30.972270589581854,62.44570650743652,199.2826143401416,54.80062210830003,0.0,0.0,1.0
2026-01-01 16:28:25,30.95251211904676,62.36861234668921,200.9972160479059,54.79977052668008,0.0,0.0,1.0
2026-01-01 16:28:30,31.0414777739276,62.126738196989656,177.3477762410043,54.75588902198099,0.0,0.0,1.0
2026-01-01 16:28:35,31.029511268905114,61.893999514717855,193.68156840007785,54.75480054443367,0.0,0.0,1.0
2026-01-01 16:28:40,30.83152928395217,61.82690349374232,204.60016128494996,54.747385863604215,0.0,0.0,1.0
2026-01-01 16:28:45,30.79526378568669,61.582653611984725,210.48147366059789,54.76018206886358,0.0,0.0,1.0
2026-01-01 16:28:50,30.81928973555644,61.58743331252003,196.208814256244,54.70062057226925,0.0,0.0,1.0
2026-01-01 16:28:55,30.73853714073272,61.671376770245686,186.0433874630531,54.732104092819085,0.0,0.0,1.0
2026-01-01 16:29:00,30.75444144893568,61.83886603842885,213.4782216680728,54.75541777983398,0.0,0.0,1.0
2026-01-01 16:29:05,30.697677603105745,62.081366377251655,188.5145715833926,54.69878753292736,0.0,0.0,1.0
2026-01-01 16:29:10,30.822069418959167,62.12963304561738,236.7117718747151,54.68147044114674,0.0,0.0,1.0
2026-01-01 16:29:15,30.903760311411368,62.309798257203546,201.89901396787508,54.69392519046716,0.0,0.0,1.0
2026-01-01 16:29:20,30.961025327156594,62.35415219081093,211.54215712358717,54.64930476196285,0.0,0.0,1.0
2026-01-01 16:29:25,30.91601821295273,62.06714396572456,237.3421754736303,54.6543855623613,0.0,0.0,1.0
2026-01-01 16:29:30,30.86234519398356,61.934039753891646,209.02776331554227,54.63651035202844,0.0,0.0,1.0
2026-01-01 16:29:35,30.777815179445216,62.05881733151325,196.64099258825976,54.668476341250496,0.0,0.0,1.0
2026-01-01 16:29:40,30.789730451811,62.39854370872272,166.89312458426312,54.612883837053786,0.0,0.0,1.0
2026-01-01 16:29:45,30.81457063986846,62.33255510537364,201.31873094286092,54.59882417969131,0.0,0.0,1.0
2026-01-01 16:29:50,30.737672745420216,61.86919935966876,184.6391219331705,54.577824706519394,0.0,0.0,1.0
2026-01-01 16:29:55,30.708373172606315,61.809540673983605,204.52632443748743,54.6044741136228,0.0,0.0,1.0
2026-01-01 16:30:00,30.75038105142003,61.79055417257155,201.98337922622773,54.58425561345604,0.0,0.0,1.0
2026-01-01 16:30:05,30.67878513792701,61.69517957577559,192.90984354783836,54.53387148967796,0.0,0.0,1.0
2026-01-01 16:30:10,30.583974750919865,61.87059177128211,213.15217399491385,54.54504672545232,0.0,0.0,1.0
2026-01-01 16:30:15,30.69366539635668,62.01987265642995,190.2391699706621,54.49761897336883,0.0,0.0,1.0
2026-01-01 16:30:20,30.87520759434696,61.91386428222953,219.0490211675693,54.50190247895823,0.0,0.0,1.0
2026-01-01 16:30:25,30.895545468324293,62.14781913694517,205.4077813709345,54.537638434635,0.0,0.0,1.0
2026-01-01 16:30:30,30.869575500909043,62.12468179048096,200.0231031725916,54.4814898536338,0.0,0.0,1.0
2026-01-01 16:30:35,30.900019076624627,62.42777031320582,180.19393059597627,54.4864803856343,0.0,0.0,1.0
2026-01-01 16:30:40,30.84708422456168,62.46666440396661,236.7053660484144,54.44241643715198,0.0,0.0,1.0
2026-01-01 16:30:45,30.89078288648902,62.47591299775631,200.02881780699784,54.36763196031419,0.0,0.0,1.0
2026-01-01 16:30:50,30.891995359507195,62.33498152379652,198.2629817819088,54.34231738441415,0.0,0.0,1.0
2026-01-01 16:30:55,30.988483055189185,62.68034526037436,212.7455473923425,54.41578870696715,0.0,0.0,1.0
2026-01-01 16:31:00,31.007099734640832,62.5557928412152,197.7606063149904,54.45253997493533,0.0,0.0,1.0
2026-01-01 16:31:05,30.945178879288044,62.567677042156014,189.9598638258235,54.44980288471841,0.0,0.0,1.0
2026-01-01 16:31:10,30.875106203216205,62.70480105702655,183.00713354771472,54.43101638308509,0.0,0.0,1.0
2026-01-01 16:31:15,30.967602150417733,62.81828080587736,176.09803133620616,54.49211999947132,0.0,0.0,1.0
2026-01-01 16:31:20,31.022737840754512,62.70362102787749,191.40872368834775,54.40306187281917,0.0,0.0,1.0
2026-01-01 16:31:25,30.97819115961526,62.80542526279314,186.9385466820909,54.3381773758839,0.0,0.0,1.0
2026-01-01 16:31:30,30.90231907927553,62.61006512415796,187.97004731343648,54.35329882367341,0.0,0.0,1.0
2026-01-01 16:31:35,30.90503582788225,62.61588105213302,191.9301123283187,54.30774169311867,0.0,0.0,1.0
2026-01-01 16:31:40,30.944705423140437,62.88617400302472,202.50744767877543,54.30536572977428,0.0,0.0,1.0
2026-01-01 16:31:45,31.05025302763605,62.85655672279734,194.54852499881932,54.34508265779658,0.0,0.0,1.0
2026-01-01 16:31:50,30.91397570021487,62.90153336370788,192.03518896362004,54.37440350923591,0.0,0.0,1.0
2026-01-01 16:31:55,30.879466996062508,62.4970008579346,189.4160481584805,54.34284981231629,0.0,0.0,1.0
2026-01-01 16:32:00,30.90084674845262,62.196391844469865,221.65311462570347,54.43580751102216,0.0,0.0,1.0
2026-01-01 16:32:05,30.976585498903184,62.39249430896258,199.2175934423431,54.43609336664004,0.0,0.0,1.0
2026-01-01 16:32:10,30.98784123827064,61.935634323900594,198.5229446850833,54.40691014576439,0.0,0.0,1.0
2026-01-01 16:32:15,30.98198132936893,61.88929234822682,199.81641136795508,54.43999904645734,0.0,0.0,1.0
2026-01-01 16:32:20,30.96562308872233,61.76233001277224,202.34205554234848,54.39474486739296,0.0,0.0,1.0
2026-01-01 16:32:25,30.78674487830473,62.03669464136035,173.7345109062563,54.366722119320514,0.0,0.0,1.0
2026-01-01 16:32:30,30.69931115253122,62.17706413510594,204.57648552172145,54.333894049086176,0.0,0.0,1.0
2026-01-01 16:32:35,30.67338851736526,62.25896513668603,205.8700826377717,54.31377422849383,0.0,0.0,1.0
2026-01-01 16:32:40,30.649785293680758,62.21223129375163,196.66346409107948,54.31093374620179,0.0,0.0,1.0
2026-01-01 16:32:45,30.545182256106305,62.16831104466431,185.3117961381526,54.35659617455045,0.0,0.0,1.0
2026-01-01 16:32:50,30.59054395945324,62.39849858435861,206.7858511825318,54.27167895308297,0.0,0.0,1.0
2026-01-01 16:32:55,30.59468735728094,62.09785895729579,190.56435576815488,54.32592202099834,0.0,0.0,1.0
2026-01-01 16:33:00,30.64723596077292,61.99064809852576,178.05369042849247,54.24636357412646,0.0,0.0,1.0
2026-01-01 16:33:05,30.70050495539753,61.88769389583214,211.7975942390593,54.22297334167765,0.0,0.0,1.0
2026-01-01 16:33:10,30.786576144105567,61.9535133422594,189.41263840658343,54.26045046365138,0.0,0.0,1.0
2026-01-01 16:33:15,30.76881918171959,62.10163508281261,167.9267139228997,54.28505175061816,0.0,0.0,1.0
2026-01-01 16:33:20,30.80174559357441,62.01719084018834,184.714204455374,54.281666543552205,0.0,0.0,1.0
2026-01-01 16:33:25,30.76040542616758,62.02898333600535,197.0257733335468,54.30164687832711,0.0,0.0,1.0
2026-01-01 16:33:30,30.78400350907965,61.97172078209112,200.2905714083056,54.249777400104776,0.0,0.0,1.0
2026-01-01 16:33:35,30.93632065093401,62.14403500047571,215.48363533423287,54.26362188548629,0.0,0.0,1.0
2026-01-01 16:33:40,30.991982456483708,62.47945957890119,199.898362411252,54.24342089165945,0.0,0.0,1.0
2026-01-01 16:33:45,30.98002982333038,62.18017144395765,180.0208694065702,54.253998420480166,0.0,0.0,1.0
2026-01-01 16:33:50,31.009209076378667,61.99748933383245,188.37666743013165,54.2108607909168,0.0,0.0,1.0
2026-01-01 16:33:55,30.954092069144945,61.69524041134439,179.94736457603636,54.17208745836936,0.0,0.0,1.0
2026-01-01 16:34:00,30.86562449510255,61.837587329041575,192.9984984344728,54.10997421087424,1.0,0.0,1.0
2026-01-01 16:34:05,30.899032650400983,61.667725443819336,226.1530903564648,54.185442189159154,1.0,0.0,1.0
2026-01-01 16:34:10,30.866667591068516,61.525719434616725,158.40827958692077,54.23327086911568,1.0,0.0,1.0
2026-01-01 16:34:15,30.926922560269464,61.69742697000501,206.25023140525752,54.41250245545484,0.0,0.0,1.0
2026-01-01 16:34:20,30.90367339137571,61.77697749590853,210.0164820518129,54.51375750494936,0.0,0.0,1.0
2026-01-01 16:34:25,30.923237401867876,62.08540690635163,177.40546112245698,54.59090050223982,0.0,0.0,1.0
2026-01-01 16:34:30,31.035862013116287,61.65364622470997,194.02314551875816,54.68657998964106,0.0,0.0,1.0
2026-01-01 16:34:35,31.10463191034236,61.60701857834635,191.4910049338812,54.72307515361295,0.0,0.0,1.0
2026-01-01 16:34:40,31.139580213358432,61.53685371596225,200.82502088995625,54.790216174625954,0.0,0.0,1.0
2026-01-01 16:34:45,31.002085941628422,61.52887998916707,214.26734962574005,54.94563752801648,0.0,0.0,1.0
2026-01-01 16:34:50,31.002534329817,61.53432434467832,189.24415086737025,54.89525342539548,0.0,0.0,1.0
2026-01-01 16:34:55,30.98097865434849,61.652437111472885,172.5856690577921,54.88400808327127,0.0,0.0,1.0
2026-01-01 16:35:00,31.075773171520208,61.835567354425386,179.89669797380077,54.92237474975414,0.0,0.0,1.0
2026-01-01 16:35:05,31.064783981119135,61.9562079778715,178.45366640459952,54.93776269428834,0.0,0.0,1.0
2026-01-01 16:35:10,31.168338389077043,61.82039146568382,203.84357763257665,54.95010682583969,0.0,0.0,1.0
2026-01-01 16:35:15,31.15702596070435,61.88177024210536,195.35607843893845,54.976472219566105,0.0,0.0,1.0
2026-01-01 16:35:20,31.13294683614104,61.5721252791161,188.84316462951955,54.90631318376441,0.0,0.0,1.0
2026-01-01 16:35:25,31.079587626423223,61.72565941311433,169.30953025730796,54.91048866903715,0.0,0.0,1.0
2026-01-01 16:35:30,30.957575302712023,61.65059318647293,180.01624122467652,54.869451698030446,0.0,0.0,1.0
2026-01-01 16:35:35,30.898052038588062,61.42829155728097,186.53079447816012,54.876227531386334,0.0,0.0,1.0
2026-01-01 16:35:40,30.822432106875816,61.99675628870889,196.98238424039172,54.834362628711546,0.0,0.0,1.0
2026-01-01 16:35:45,30.75323247898843,61.97433318156136,165.994261629972,54.90870060750193,0.0,0.0,1.0
2026-01-01 16:35:50,30.80611970515763,61.64053223934244,174.88964390204478,54.8244689660179,0.0,0.0,1.0
2026-01-01 16:35:55,30.839891845534574,61.95024276114911,196.12998554440924,54.706387060622895,0.0,0.0,1.0
2026-01-01 16:36:00,30.87107953350747,61.81557518235078,165.65482543788838,54.68444329930149,0.0,0.0,1.0
2026-01-01 16:36:05,30.87901661129601,61.75247394847782,179.68917857835237,54.62847033585871,0.0,0.0,1.0
2026-01-01 16:36:10,30.834657308831385,61.93029600320328,186.1700474860012,54.671045300459696,0.0,0.0,1.0
2026-01-01 16:36:15,30.937616624311328,61.83805432625029,186.2742326560819,54.684998357290326,0.0,0.0,1.0
2026-01-01 16:36:20,30.91660120232142,62.014684621708085,169.6659376989849,54.71130437394925,0.0,0.0,1.0
2026-01-01 16:36:25,30.93717551745783,62.08722622536153,228.01422918574892,54.69155978215395,0.0,0.0,1.0
2026-01-01 16:36:30,30.91782077842267,62.12379502554561,213.0486775337611,54.68628508490144,0.0,0.0,1.0
2026-01-01 16:36:35,30.93569747769093,62.163321509399765,191.2674390467173,54.723970253554405,0.0,0.0,1.0
2026-01-01 16:36:40,30.919842851732675,62.12974968425231,185.1262084516134,54.658753363284326,0.0,0.0,1.0
2026-01-01 16:36:45,30.80477068209673,61.83299156053903,178.99740429685616,54.7181111264422,0.0,0.0,1.0
2026-01-01 16:36:50,30.735153371214537,61.52609824850294,220.41530426593613,54.75769890234288,0.0,0.0,1.0
2026-01-01 16:36:55,30.71191434558176,61.47333950973742,192.3701877013832,54.80003313274757,0.0,0.0,1.0
2026-01-01 16:37:00,30.711594579149857,61.5236552351271,190.2010875752658,54.75014958747296,0.0,0.0,1.0
2026-01-01 16:37:05,30.796633936214292,61.4248982459,181.01656132993963,54.71409162045524,0.0,0.0,1.0
2026-01-01 16:37:10,30.832727618305828,61.4950992311722,179.58096624207525,54.67329802191127,0.0,0.0,1.0
2026-01-01 16:37:15,30.880225534479607,61.4288266718633,177.5440701974364,54.66619519957448,0.0,0.0,1.0
2026-01-01 16:37:20,30.865851940538874,61.55362890854316,190.01064592960012,54.66724000106599,0.0,0.0,1.0
2026-01-01 16:37:25,30.87659267482847,61.678551499938585,189.349131204569,54.67149265615669,0.0,0.0,1.0
2026-01-01 16:37:30,30.97117947537712,61.65685765079426,196.68266081857072,54.66740023645816,0.0,0.0,1.0
2026-01-01 16:37:35,30.950477008668937,61.5825497984508,171.59842126192584,54.602710531491525,0.0,0.0,1.0
2026-01-01 16:37:40,30.91012278195983,61.50476736605639,197.42926826509844,54.53445778253372,0.0,0.0,1.0
2026-01-01 16:37:45,30.89002387553713,61.79847679871395,170.94626631588443,54.5771571494805,0.0,0.0,1.0
2026-01-01 16:37:50,30.884830429990487,61.67907017928943,167.16677484810884,54.5569431885574,0.0,0.0,1.0
2026-01-01 16:37:55,30.839392847174427,61.5961318316242,196.75563649503292,54.546276661964335,0.0,0.0,1.0
2026-01-01 16:38:00,30.82578334080865,61.68085371643987,193.7975926480228,54.54094732181133,0.0,0.0,1.0
2026-01-01 16:38:05,30.82910623317568,61.57138102605367,164.750825510821,54.51379781983944,0.0,0.0,1.0
2026-01-01 16:38:10,30.77793487473444,61.81910779559994,168.11936183068156,54.54997312103279,0.0,0.0,1.0
2026-01-01 16:38:15,30.80640284601495,61.58615372809352,172.40745165583522,54.54819393733258,0.0,0.0,1.0
2026-01-01 16:38:20,30.884295402679847,61.48332869801567,150.1543679027284,54.61819426496203,0.0,0.0,1.0
2026-01-01 16:38:25,30.89337299167297,61.7821522427736,211.5975706388941,54.58134022320638,0.0,0.0,1.0
2026-01-01 16:38:30,30.92445667728616,61.69953639154652,173.4509632455726,54.57243238631655,0.0,0.0,1.0
2026-01-01 16:38:35,30.93459431507263,61.58976067875548,196.2851842660368,54.52994157711733,0.0,0.0,1.0
2026-01-01 16:38:40,30.82082986780349,61.48290742922319,165.01867578752731,54.55773058597288,0.0,0.0,1.0
2026-01-01 16:38:45,30.84643323319213,61.48406895748678,156.96062511516024,54.61158549108983,0.0,0.0,1.0
2026-01-01 16:38:50,30.773296443219483,61.444119956691424,183.82001933083865,54.53766049120341,0.0,0.0,1.0
2026-01-01 16:38:55,30.596552056063818,61.49225796871573,193.3061111518736,54.51788943468679,0.0,0.0,1.0
2026-01-01 16:39:00,30.50160793385591,61.36740830638099,184.50484775380923,54.59452023670341,0.0,0.0,1.0
2026-01-01 16:39:05,30.5318006460721,61.33689218762286,166.41612386839563,54.54131537786105,0.0,0.0,1.0
2026-01-01 16:39:10,30.602527996895496,61.37097769154563,172.27576438799764,54.57099429815087,0.0,0.0,1.0
2026-01-01 16:39:15,30.543984156758263,61.44319512975706,175.46307755832206,54.49827977958915,0.0,0.0,1.0
2026-01-01 16:39:20,30.517508646479143,61.42510182497457,179.63749726088074,54.47569118387373,0.0,0.0,1.0
2026-01-01 16:39:25,30.508476278876422,61.20144090183327,196.69967390286516,54.524306524729774,0.0,0.0,1.0
2026-01-01 16:39:30,30.624693887255024,61.19180545411388,181.4240956223753,54.56907952794913,0.0,0.0,1.0
2026-01-01 16:39:35,30.584753019898194,61.30759062778545,189.818050269235,54.52265003906854,0.0,0.0,1.0
2026-01-01 16:39:40,30.591497808245357,61.63201777268336,188.4469972732267,54.50311519301576,0.0,0.0,1.0
2026-01-01 16:39:45,30.474745205753138,61.56569693024026,196.74185794190956,54.48493341450954,0.0,0.0,1.0
2026-01-01 16:39:50,30.52429008208936,61.5253356924696,165.14781615029764,54.3786093925257,0.0,0.0,0.0
2026-01-01 16:39:55,30.56180750193546,61.74045218336544,177.80654978965026,54.390063893868366,0.0,0.0,1.0
2026-01-01 16:40:00,30.73269691896201,61.5817675911624,192.1047501794525,54.41242995444941,0.0,0.0,1.0
2026-01-01 16:40:05,30.6657580513189,61.4895650444661,177.68705407671374,54.39789238138789,0.0,0.0,1.0
2026-01-01 16:40:10,30.71722169744463,61.41067383202197,187.5613533879892,54.41202797910593,0.0,0.0,1.0
2026-01-01 16:40:15,30.564105022396564,61.578370138852925,185.32927734646296,54.460479419910286,0.0,0.0,1.0
2026-01-01 16:40:20,30.622738237731937,61.68812810493181,174.9435173743768,54.46994528107608,0.0,0.0,1.0
2026-01-01 16:40:25,30.7021074057968,61.68857427173886,161.52547649662245,54.46691021469431,0.0,0.0,1.0
2026-01-01 16:40:30,30.746685607775383,61.490998434906174,191.21174280625937,54.46758142745688,0.0,0.0,1.0
2026-01-01 16:40:35,30.68305606846532,61.5993910358002,159.05127078109643,54.47602797497291,0.0,0.0,1.0
2026-01-01 16:40:40,30.668934145353987,61.67773686142936,149.3262717033971,54.46851264815208,0.0,0.0,1.0
2026-01-01 16:40:45,30.602956377019165,61.5538648182574,194.8781171614844,54.41326860109146,0.0,0.0,1.0
2026-01-01 16:40:50,30.474822111419737,61.6297507752927,164.68381133926908,54.481168359242766,0.0,0.0,1.0
2026-01-01 16:40:55,30.58349721084101,61.72212912065725,170.2116464824643,54.41846622990549,0.0,0.0,0.0
2026-01-01 16:41:00,30.4776406184719,61.46507380014772,177.4187643344431,54.43392965030627,0.0,0.0,1.0
2026-01-01 16:41:05,30.481870440127423,61.35516776911975,182.5406644067444,54.4821429820375,0.0,0.0,0.0
2026-01-01 16:41:10,30.605326025374776,61.40173501550268,169.21847601492402,54.40517958557753,0.0,0.0,0.0
2026-01-01 16:41:15,30.68584519029516,61.704291461460215,200.65567795669656,54.331853829034586,0.0,0.0,1.0
2026-01-01 16:41:20,30.74078504192173,61.79546486045827,170.68550852491194,54.35475197710858,0.0,0.0,1.0
2026-01-01 16:41:25,30.688841398103467,61.65131896402551,197.95020162942137,54.364817481250185,0.0,0.0,1.0
2026-01-01 16:41:30,30.65985698139595,61.9850582272104,180.14143485931126,54.41827860846783,0.0,0.0,1.0
2026-01-01 16:41:35,30.722834511171325,62.20783065425621,153.2865288189615,54.354137085566464,0.0,0.0,1.0
2026-01-01 16:41:40,30.698082934659897,62.05318547828799,166.59906172484716,54.32117161338588,0.0,0.0,1.0
2026-01-01 16:41:45,30.570041679144754,62.093244536483176,211.2618229188918,54.28240072439061,0.0,0.0,1.0
2026-01-01 16:41:50,30.660173442857797,62.10000562069939,189.86181163370736,54.332745709625485,0.0,0.0,1.0
2026-01-01 16:41:55,30.629297363977383,62.267297675951085,164.8188500875277,54.31365759206832,0.0,0.0,1.0
2026-01-01 16:42:00,30.68329667469288,62.20914244465185,179.58268416069345,54.30739879904311,0.0,0.0,1.0
2026-01-01 16:42:05,30.64443057431836,62.31507793293167,173.47776667791908,54.31633081826497,0.0,0.0,1.0
2026-01-01 16:42:10,30.626370923968445,62.21833338357195,198.22969485948985,54.27492226445696,0.0,0.0,1.0
2026-01-01 16:42:15,30.660092998565624,62.2151106754264,164.1144556120161,54.26904319169834,0.0,0.0,1.0
2026-01-01 16:42:20,30.720605536679727,62.253911647361946,179.8298558783092,54.304626755149656,0.0,0.0,1.0
2026-01-01 16:42:25,30.78333786761299,62.4178630747028,180.71547299645115,54.24638062173443,0.0,0.0,1.0
2026-01-01 16:42:30,30.699094346444934,62.45116699463268,158.15619167455137,54.15872090430863,0.0,0.0,1.0
2026-01-01 16:42:35,30.66916828888153,62.5317749882776,172.51706253922742,54.103426946816455,1.0,0.0,1.0
2026-01-01 16:42:40,30.605810021499877,62.4354115885119,167.04754262755836,54.18156433632743,1.0,0.0,1.0
2026-01-01 16:42:45,30.634448438291503,62.52579801121112,194.8825020075352,54.21273736679388,1.0,0.0,1.0
2026-01-01 16:42:50,30.59280735654868,62.54174908622287,185.57102485613743,54.3404799633951,0.0,0.0,1.0
2026-01-01 16:42:55,30.719654978880683,62.67908773414643,183.5970781368467,54.4295599089202,0.0,0.0,1.0
2026-01-01 16:43:00,30.701108255390118,63.03835626695352,173.0203625196327,54.65627467462164,0.0,0.0,1.0
2026-01-01 16:43:05,30.65741166855443,62.97708298606757,163.98773627632292,54.65982658769042,0.0,0.0,1.0
2026-01-01 16:43:10,30.64561415246189,63.06599927198306,174.77240797105677,54.81583892928106,0.0,0.0,1.0
2026-01-01 16:43:15,30.588821544289654,62.98072944782305,167.18824248743817,54.8651795585528,0.0,0.0,1.0
2026-01-01 16:43:20,30.606331220951443,62.9945965737622,173.82523682963023,54.88320374014623,0.0,0.0,1.0
2026-01-01 16:43:25,30.67608975376741,62.65268591545634,199.80488293594655,54.9066882219941,0.0,0.0,1.0
2026-01-01 16:43:30,30.648964616056112,62.32728671223733,187.57499675136123,54.98044270841112,0.0,0.0,1.0
2026-01-01 16:43:35,30.77074326820077,62.57355064148907,168.7181433792678,54.91833230316604,0.0,0.0,1.0
2026-01-01 16:43:40,30.66727352109207,62.50961592320513,162.0694975086431,55.01519038104523,0.0,0.0,1.0
2026-01-01 16:43:45,30.578351133480098,62.87838818316406,167.85483229696197,54.92503407883153,0.0,0.0,1.0
2026-01-01 16:43:50,30.645695394138347,62.8893912254814,180.0781235857817,54.94581293006512,0.0,0.0,1.0
2026-01-01 16:43:55,30.66393360481056,62.89343268612856,176.33459376493917,54.9805825590726,0.0,0.0,1.0
2026-01-01 16:44:00,30.63157020144438,62.71992921386616,186.08774545758484,54.96788296255734,0.0,0.0,1.0
2026-01-01 16:44:05,30.609255730023,62.85534820899441,153.3508919176562,54.94363724121818,0.0,0.0,1.0
2026-01-01 16:44:10,30.661133791451444,62.692424022031126,156.40339371498712,54.90509554210647,0.0,0.0,1.0
2026-01-01 16:44:15,30.58210390093307,62.56885280433984,184.6433321962897,54.84535438719422,0.0,0.0,1.0
2026-01-01 16:44:20,30.486234688762767,62.696232666462016,155.45697030311405,54.89095586133151,0.0,0.0,1.0
2026-01-01 16:44:25,30.540139104603004,62.75578714497946,164.44484025172872,54.89577435033007,0.0,0.0,0.0
2026-01-01 16:44:30,30.6006562540378,62.89366114377223,164.5947994090561,54.84087250733066,0.0,0.0,1.0
2026-01-01 16:44:35,30.5302632632492,63.1147335717078,191.5940159652419,54.82691651569982,0.0,0.0,1.0
2026-01-01 16:44:40,30.576237918491294,62.76555828231281,168.9300236494081,54.83589834647212,0.0,0.0,1.0
2026-01-01 16:44:45,30.50125737186248,62.77442346212205,156.23753343682156,54.84077020579163,0.0,0.0,1.0
2026-01-01 16:44:50,30.487692732122216,62.57201016796549,183.7082353445928,54.845493511799546,0.0,0.0,1.0
2026-01-01 16:44:55,30.567735211473288,62.433026295632544,179.32718812252062,54.81782560418506,0.0,0.0,0.0
2026-01-01 16:45:00,30.583645542621205,62.42271958569477,162.29063394974966,54.74107589634407,0.0,0.0,1.0
2026-01-01 16:45:05,30.62098360350803,62.27267207995146,151.9610617610563,54.813707858532325,0.0,0.0,1.0
2026-01-01 16:45:10,30.68558435916112,61.99458593516482,153.43326290567433,54.761256563161474,0.0,0.0,1.0
2026-01-01 16:45:15,30.657539074050444,62.09023475079479,163.93234435567337,54.76923258188757,0.0,0.0,1.0
2026-01-01 16:45:20,30.624399764565748,62.22330278044633,140.76346251995622,54.77170656433778,0.0,0.0,1.0
2026-01-01 16:45:25,30.656968741450573,62.0653146770298,114.39495432764473,54.75188369406523,0.0,0.0,1.0
2026-01-01 16:45:30,30.636232967181744,62.26737786945329,168.479658092539,54.833515389927086,0.0,0.0,1.0
2026-01-01 16:45:35,30.576533346175164,62.70677460704261,158.71810535824673,54.83572959820903,0.0,0.0,1.0
2026-01-01 16:45:40,30.589936604449044,62.85245270225442,131.82667035681118,54.79589165566265,0.0,0.0,1.0
2026-01-01 16:45:45,30.664741490724072,62.77183738365421,159.51133736798192,54.78900864242681,0.0,0.0,1.0
2026-01-01 16:45:50,30.61998979743234,62.83455152101877,154.1485271878098,54.70678175899019,0.0,0.0,1.0
2026-01-01 16:45:55,30.54560393500467,62.87984587805386,147.6180616368921,54.7692544093745,0.0,0.0,1.0
2026-01-01 16:46:00,30.597159156553747,62.95475437812682,171.63104116728158,54.72004820048053,0.0,0.0,1.0
2026-01-01 16:46:05,30.539002480110305,62.588588021826254,193.22620331810435,54.57434981972134,0.0,0.0,1.0
2026-01-01 16:46:10,30.53974392275625,62.5168976824102,157.21006365458263,54.60008746006757,0.0,0.0,1.0
2026-01-01 16:46:15,30.6659286678814,62.99803255343118,149.77113893649454,54.6222769004643,0.0,0.0,1.0
2026-01-01 16:46:20,30.754303417440283,63.18562276954133,193.5579532300528,54.674054259855176,0.0,0.0,1.0
2026-01-01 16:46:25,30.707431981893528,63.06028967892027,136.38577205283326,54.63604564516184,0.0,0.0,1.0
2026-01-01 16:46:30,30.77782109111646,63.20186490878773,160.89797424029908,54.73392471893233,0.0,0.0,1.0
2026-01-01 16:46:35,30.67856576047124,62.92567259018372,169.82712671837183,54.68142151760704,0.0,0.0,1.0
2026-01-01 16:46:40,30.47884833928737,62.93992426854882,158.93813492497844,54.6473614915374,0.0,0.0,1.0
2026-01-01 16:46:45,30.419795313543545,62.88362709776865,141.07014147423791,54.72950031541811,0.0,0.0,0.0
2026-01-01 16:46:50,30.585481190012384,63.248436980062806,173.88703549373085,54.74280647993338,0.0,0.0,0.0
2026-01-01 16:46:55,30.62083642234367,62.82352190141733,162.78196997930985,54.7430897100771,0.0,0.0,1.0
2026-01-01 16:47:00,30.610124646752425,62.93352159696716,160.3100918802888,54.62534472217969,0.0,0.0,1.0
2026-01-01 16:47:05,30.68949861777239,62.92763799394467,181.1237928164063,54.64640614542495,0.0,0.0,1.0
2026-01-01 16:47:10,30.719894872410183,62.70325256576477,132.9572463848312,54.6937295010684,0.0,0.0,1.0
2026-01-01 16:47:15,30.67116484465908,63.04782479023919,182.6011979187595,54.67039578417116,0.0,0.0,1.0
2026-01-01 16:47:20,30.614875128643305,63.15466145300488,159.18778644599925,54.61065867356731,0.0,0.0,1.0
2026-01-01 16:47:25,30.585134281800183,63.298085141530215,145.08012472203885,54.67046789711631,0.0,0.0,1.0
2026-01-01 16:47:30,30.504004781339557,63.20291432833256,174.97945970538044,54.64400462420131,0.0,0.0,1.0
2026-01-01 16:47:35,30.590356186624827,62.80650528264756,156.3757399055209,54.63329867310058,0.0,0.0,1.0
2026-01-01 16:47:40,30.543627410881133,62.68905002565912,164.75531419565658,54.67091115127922,0.0,0.0,1.0
2026-01-01 16:47:45,30.546906263855583,62.746071809906745,161.96667996420473,54.601471823093135,0.0,0.0,1.0
2026-01-01 16:47:50,30.59703124061322,62.89685548404353,208.2088202155903,54.55741983668504,0.0,0.0,1.0
2026-01-01 16:47:55,30.5755814690588,62.92843008542593,158.97708836735816,54.6112873232466,0.0,0.0,1.0
2026-01-01 16:48:00,30.665882441527295,62.81788888190921,199.91997478367256,54.5879052049534,0.0,0.0,1.0
2026-01-01 16:48:05,30.673095671234297,62.63698861027969,178.28016612061083,54.513211172463386,0.0,0.0,1.0
2026-01-01 16:48:10,30.68847867464492,62.37089568120578,159.7022124137155,54.55399566448234,0.0,0.0,1.0
2026-01-01 16:48:15,30.77594821839237,62.47945773347095,153.8627931496424,54.53197667501077,0.0,0.0,1.0
2026-01-01 16:48:20,30.711646553519863,62.275467741271214,164.79418340493783,54.56947022036647,0.0,0.0,1.0
2026-01-01 16:48:25,30.70637324126767,62.27157884221523,160.80460025434672,54.5057218830336,0.0,0.0,1.0
2026-01-01 16:48:30,30.686656654059217,62.23278980566842,200.04410414402503,54.573708808336704,0.0,0.0,1.0
2026-01-01 16:48:35,30.569276313496932,62.44187899872188,185.1277344235514,54.516179375192735,0.0,0.0,1.0
2026-01-01 16:48:40,30.500991458976326,62.273502545752685,138.60708961942942,54.55508447310167,0.0,0.0,1.0
2026-01-01 16:48:45,30.490603055714203,62.41547847524849,135.43967003547473,54.56076466398264,0.0,0.0,1.0
2026-01-01 16:48:50,30.51601023524808,62.48117829551673,159.836296278181,54.56297952965093,0.0,0.0,0.0
2026-01-01 16:48:55,30.52116218949856,62.26007514826183,136.26949867157944,54.498156254397095,0.0,0.0,1.0
2026-01-01 16:49:00,30.46720322279413,62.04099526775743,170.83395179453842,54.46466556434737,0.0,0.0,1.0
2026-01-01 16:49:05,30.46129281311935,62.10849434060413,175.8035829147979,54.52054204860785,0.0,0.0,0.0
2026-01-01 16:49:10,30.53467386189213,62.2603369545584,137.24236918616413,54.57953073781529,0.0,0.0,0.0
2026-01-01 16:49:15,30.570410391492217,62.18181175722634,158.97992886450476,54.49158031437646,0.0,0.0,1.0
2026-01-01 16:49:20,30.45921923083739,62.51658679900567,165.25347744272813,54.49971541214842,0.0,0.0,1.0
2026-01-01 16:49:25,30.56372892877093,62.32368528679095,138.74026112444253,54.56071365445578,0.0,0.0,0.0
2026-01-01 16:49:30,30.556575915472127,62.34297890634245,132.87783003876012,54.530797095895736,0.0,0.0,1.0
2026-01-01 16:49:35,30.606998503715797,62.52361490413381,167.42936043933696,54.419291327325226,0.0,0.0,1.0
2026-01-01 16:49:40,30.634890545177846,62.24197040970129,175.05152242895724,54.45006073160248,0.0,0.0,1.0
2026-01-01 16:49:45,30.5682663875391,62.17193417464228,177.31865600304553,54.45087849366361,0.0,0.0,1.0
2026-01-01 16:49:50,30.65001955826708,62.3808461962688,111.58323177040444,54.46604002142247,0.0,0.0,1.0
2026-01-01 16:49:55,30.64664912786197,62.45141922100183,163.1593922894384,54.44967443452354,0.0,0.0,1.0
2026-01-01 16:50:00,30.613955499078788,62.61080974011953,149.70197567288133,54.4315553912347,0.0,0.0,1.0
2026-01-01 16:50:05,30.582472175127812,62.79409667966577,176.38541794918925,54.420994924560894,0.0,0.0,1.0
2026-01-01 16:50:10,30.611742795575672,62.77721703712107,163.32170503760725,54.4337512092951,0.0,0.0,1.0
2026-01-01 16:50:15,30.44876385601339,62.6019636893036,142.6570190230839,54.37507996252917,0.0,0.0,1.0
2026-01-01 16:50:20,30.45661529271193,62.66822728414035,141.1928999403256,54.32911569158324,0.0,0.0,0.0
2026-01-01 16:50:25,30.51393155102482,62.82960099744942,153.2361147698291,54.36547775477176,0.0,0.0,0.0
2026-01-01 16:50:30,30.616780733911185,62.78119921581726,160.84236158736047,54.42074919526621,0.0,0.0,1.0
2026-01-01 16:50:35,30.53745284519969,62.81553448109015,173.70969708062958,54.41280557613783,0.0,0.0,1.0
2026-01-01 16:50:40,30.65626338916375,62.93432535551074,163.60299288242925,54.382134583930565,0.0,0.0,1.0
2026-01-01 16:50:45,30.668659830216736,63.195614616997965,158.01647460911056,54.347569082155246,0.0,0.0,1.0
2026-01-01 16:50:50,30.607763766969036,63.18450688684072,140.18554893768018,54.298267261015695,0.0,0.0,1.0
2026-01-01 16:50:55,30.574757398221188,63.19999318616264,147.47594525724577,54.24343677150736,0.0,0.0,1.0
2026-01-01 16:51:00,30.61050061486913,63.29576222082095,151.19781880861805,54.29104554207251,0.0,0.0,1.0
2026-01-01 16:51:05,30.63612400964419,63.10994931406032,136.13868332726233,54.32001725981843,0.0,0.0,1.0
2026-01-01 16:51:10,30.64673689104111,62.81424262189263,165.73808340422548,54.32539130447428,0.0,0.0,1.0
2026-01-01 16:51:15,30.60588189311545,62.7811143333169,155.88772740335256,54.33848682135756,0.0,0.0,1.0
2026-01-01 16:51:20,30.61608943389308,62.68204782445442,171.0379973768125,54.31926782777411,0.0,0.0,1.0
2026-01-01 16:51:25,30.57112419390749,62.55798363089468,144.001547435779,54.323951105767925,0.0,0.0,1.0
2026-01-01 16:51:30,30.534145881632732,62.52377755585614,187.8701456466945,54.30388353972148,0.0,0.0,1.0
2026-01-01 16:51:35,30.50543209593768,62.54922641695317,180.44969993288012,54.27166545483622,0.0,0.0,1.0
2026-01-01 16:51:40,30.516157992986408,62.55604392450425,171.6465329894413,54.27323557484213,0.0,0.0,1.0
2026-01-01 16:51:45,30.532147886320065,62.73679888394363,137.9852926559207,54.252199250653504,0.0,0.0,1.0
2026-01-01 16:51:50,30.569287807957583,62.68914469083067,149.90624839635092,54.286631455671525,0.0,0.0,1.0
2026-01-01 16:51:55,30.56534041242098,62.75535893547624,160.57457779917286,54.32059559177142,0.0,0.0,1.0
2026-01-01 16:52:00,30.64878899928815,62.94599879004352,129.56119165849523,54.35480442950707,0.0,0.0,1.0
2026-01-01 16:52:05,30.613467968243928,62.80455547011639,160.4850650686827,54.28519305535245,0.0,0.0,1.0
2026-01-01 16:52:10,30.74392844838007,63.03744028226523,145.90260042242258,54.25977518909272,0.0,0.0,1.0
2026-01-01 16:52:15,30.74301391675581,63.07817626316273,164.95689939357695,54.24712449576385,0.0,0.0,1.0
2026-01-01 16:52:20,30.67390083641457,63.16643892953052,160.46795868218825,54.34125882783779,0.0,0.0,1.0
2026-01-01 16:52:25,30.64134590983964,63.05950028320584,157.30141109127746,54.26638466650499,0.0,0.0,1.0
2026-01-01 16:52:30,30.634353252304344,63.28990851083032,129.68562581360908,54.23084782230443,0.0,0.0,1.0
2026-01-01 16:52:35,30.68711309326832,63.20794150882288,144.98880665627215,54.25277649625109,0.0,0.0,1.0
2026-01-01 16:52:40,30.58335747275119,63.498103521389694,167.85562625268415,54.31810531288652,0.0,0.0,1.0
2026-01-01 16:52:45,30.452755703175622,63.64868722760109,109.56953492563431,54.34346913872453,0.0,0.0,1.0
2026-01-01 16:52:50,30.550031689174457,63.60795601950739,166.20056716183495,54.29130006579459,0.0,0.0,0.0
2026-01-01 16:52:55,30.566734199142772,63.44504118948098,150.54643499024067,54.35067978413708,0.0,0.0,1.0
2026-01-01 16:53:00,30.57189424510497,63.42247954691244,134.67055284347342,54.28944082696131,0.0,0.0,1.0
2026-01-01 16:53:05,30.542565429213543,63.47380699605215,148.7040811195873,54.26237571190543,0.0,0.0,1.0
2026-01-01 16:53:10,30.46396646652594,63.26571451809829,149.2534097333138,54.233605665210426,0.0,0.0,1.0
2026-01-01 16:53:15,30.532885677902332,63.31689411446406,157.85967695846102,54.223513754007314,0.0,0.0,0.0
2026-01-01 16:53:20,30.58723357146757,63.4339997728163,135.0306543961335,54.21423514555956,0.0,0.0,1.0
2026-01-01 16:53:25,30.640044833760967,63.433723887022325,155.3392569760873,54.21039342128935,0.0,0.0,1.0
2026-01-01 16:53:30,30.726355021897827,63.50554064569808,143.5748440602816,54.15239343787698,0.0,0.0,1.0
2026-01-01 16:53:35,30.720207231537927,63.83327444024675,169.56336598574222,54.17244030120567,1.0,0.0,1.0
2026-01-01 16:53:40,30.6451420397161,63.569752258948135,131.46856693698425,54.10429116101756,1.0,0.0,1.0
2026-01-01 16:53:45,30.69198960035901,63.53280328134443,161.9457405123253,54.20813479968815,1.0,0.0,1.0
2026-01-01 16:53:50,30.5621960559315,63.37587989061005,139.16936397305136,54.28567678626878,0.0,0.0,1.0
2026-01-01 16:53:55,30.619651101363942,63.43747804411594,141.0735941126778,54.40414057763155,0.0,0.0,1.0
2026-01-01 16:54:00,30.564369111361778,63.42300684364433,176.67542738508862,54.54544175652103,0.0,0.0,1.0
2026-01-01 16:54:05,30.53025989409549,63.6069804828023,145.12243422702397,54.71947990820517,0.0,0.0,1.0
2026-01-01 16:54:10,30.53278537127385,63.32186652541253,160.06525434923307,54.78583556557362,0.0,0.0,1.0
2026-01-01 16:54:15,30.49805195998826,63.407000077113935,165.42623929200064,54.821051084538695,0.0,0.0,1.0
2026-01-01 16:54:20,30.519387259075508,63.53722216488151,181.82813203932687,54.82943046777845,0.0,0.0,0.0
2026-01-01 16:54:25,30.52983565108917,63.75194437736642,197.8050571904088,54.864139944779694,0.0,0.0,1.0
2026-01-01 16:54:30,30.56195474232589,63.633001225392526,144.7009269195406,54.89608693793781,0.0,0.0,1.0
2026-01-01 16:54:35,30.398330290888342,63.43360239322459,144.1541831598948,54.93388961756983,0.0,0.0,1.0
2026-01-01 16:54:40,30.40023837110451,63.21617048192172,141.6838057768648,54.97449694115122,0.0,0.0,0.0
2026-01-01 16:54:45,30.382992599532603,63.04442988136899,148.92394272203765,55.02007861197868,0.0,0.0,0.0
2026-01-01 16:54:50,30.46311588692505,62.72535336979882,126.6830374967954,55.00134920027354,0.0,0.0,0.0
2026-01-01 16:54:55,30.51500183520284,62.71570526300439,138.59485109062726,54.945632568937626,0.0,0.0,0.0
2026-01-01 16:55:00,30.60072106561731,62.71014185563181,143.53608028583474,54.96918708550895,0.0,0.0,1.0
2026-01-01 16:55:05,30.594748040982665,62.65027529244161,154.94067716928737,54.93830586659352,0.0,0.0,1.0
2026-01-01 16:55:10,30.56905457472689,62.41433142737012,146.85482856517908,54.91777408371921,0.0,0.0,1.0
2026-01-01 16:55:15,30.54441957025645,62.23066258861384,143.95395876887324,54.91823698297688,0.0,0.0,1.0
2026-01-01 16:55:20,30.4987728640164,62.25487716413162,128.3747477172676,54.93233639150904,0.0,0.0,1.0
2026-01-01 16:55:25,30.509834207350007,61.9973727500963,127.44199411362732,54.89084359366514,0.0,0.0,0.0
2026-01-01 16:55:30,30.480154633829315,62.00404986432672,136.68825071974013,54.90126498468269,0.0,0.0,1.0
2026-01-01 16:55:35,30.462076248532867,61.72520495345666,146.05610900561962,54.93023361243928,0.0,0.0,0.0
2026-01-01 16:55:40,30.562678128862785,61.80609632986968,145.0095871966467,54.95958636280007,0.0,0.0,0.0
2026-01-01 16:55:45,30.66548634082331,62.31736534696947,145.87420829809415,54.85209932492661,0.0,0.0,1.0
2026-01-01 16:55:50,30.724756768663347,62.520010856844856,155.67697619266974,54.87359583821616,0.0,0.0,1.0
2026-01-01 16:55:55,30.721217176386716,62.71009507190593,136.3231648956781,54.8842014431056,0.0,0.0,1.0
2026-01-01 16:56:00,30.670066844726183,62.34109880510002,145.9728568308892,54.94926638914343,0.0,0.0,1.0
2026-01-01 16:56:05,30.58410736077589,62.56673687324089,149.93925022661887,54.93263079184304,0.0,0.0,1.0
2026-01-01 16:56:10,30.526208756736043,62.70203186339745,157.87417088660013,54.88610543010964,0.0,0.0,1.0
2026-01-01 16:56:15,30.478187202676157,62.97780144613923,149.77653638478094,54.80346327889701,0.0,0.0,1.0
2026-01-01 16:56:20,30.559141312479863,62.96506557055904,138.97483696365543,54.815624671514186,0.0,0.0,0.0
2026-01-01 16:56:25,30.65951091486768,62.810505830985,105.97116875760848,54.76810220530824,0.0,0.0,1.0
2026-01-01 16:56:30,30.61399418616112,62.91642791695904,133.78715907987734,54.84639348090723,0.0,0.0,1.0
2026-01-01 16:56:35,30.541123332918712,63.36798766399374,148.56895766303012,54.79984998775686,0.0,0.0,1.0
2026-01-01 16:56:40,30.519618113107352,63.071713227404494,145.09730980431488,54.84443588903403,0.0,0.0,1.0
2026-01-01 16:56:45,30.473446374784817,62.764400548629865,150.48041873989365,54.76511513767738,0.0,0.0,1.0
2026-01-01 16:56:50,30.647784414911808,62.531238703980215,144.9191362273816,54.84100905090625,0.0,0.0,0.0
2026-01-01 16:56:55,30.671875967655613,62.68226253166618,132.3868726969718,54.81576268514733,0.0,0.0,1.0
2026-01-01 16:57:00,30.706028457179183,62.33779266741201,139.24166667760784,54.75489108329136,0.0,0.0,1.0
2026-01-01 16:57:05,30.693987311159574,62.40999832878428,166.11837098947822,54.720217452539536,0.0,0.0,1.0
2026-01-01 16:57:10,30.66313670588724,62.28325202003662,144.85573724039395,54.7722747318076,0.0,0.0,1.0
2026-01-01 16:57:15,30.6881464834708,62.10733411860441,126.35731874377032,54.77095981497008,0.0,0.0,1.0
2026-01-01 16:57:20,30.700585655597376,62.2129319002564,98.7566221761467,54.83479595968519,0.0,0.0,1.0
2026-01-01 16:57:25,30.71687066902112,62.03194304410305,139.2322216822784,54.79884789265114,0.0,0.0,1.0
2026-01-01 16:57:30,30.679459310815872,61.96740895974149,149.33302793669247,54.75213643704926,0.0,0.0,1.0
2026-01-01 16:57:35,30.624939610259915,62.09011732799847,151.80378101002196,54.77568903574961,0.0,0.0,1.0
2026-01-01 16:57:40,30.681410639077985,62.25605710190442,152.724426019742,54.77428454124447,0.0,0.0,1.0
2026-01-01 16:57:45,30.70332567844524,62.131615218499086,146.96067101323828,54.7315244521152,0.0,0.0,1.0
2026-01-01 16:57:50,30.647492211049236,62.23708398907277,157.49057835310754,54.70117427026318,0.0,0.0,1.0
2026-01-01 16:57:55,30.62138374731748,62.63291931111407,161.44746237058155,54.73488563399721,0.0,0.0,1.0
2026-01-01 16:58:00,30.58320890084594,62.71805296599371,96.87983700300173,54.711330417876006,0.0,0.0,1.0
2026-01-01 16:58:05,30.58750226287368,62.74287539842825,155.84619437470698,54.707200876526585,0.0,0.0,1.0
2026-01-01 16:58:10,30.41413049621568,62.7534615319165,154.13576581076012,54.71096643850783,0.0,0.0,1.0
2026-01-01 16:58:15,30.47356732498948,62.58737864403671,141.42331250954328,54.72920974230344,0.0,0.0,0.0
2026-01-01 16:58:20,30.492575540063317,62.67765199183168,129.68673875632777,54.73773245817854,0.0,0.0,0.0
2026-01-01 16:58:25,30.547488541461256,62.96093448574203,119.78611944152422,54.65821882167252,0.0,0.0,0.0
2026-01-01 16:58:30,30.513847534863867,62.98004815582887,136.53119755373106,54.59648416128818,0.0,0.0,1.0
2026-01-01 16:58:35,30.47799032550341,62.79022588848416,145.8429229108744,54.68443474475186,0.0,0.0,1.0
2026-01-01 16:58:40,30.480340905342043,62.60084031946504,112.20137358763805,54.69294958029966,0.0,0.0,0.0
2026-01-01 16:58:45,30.51063322622985,62.45151451796104,149.62680006346795,54.6776500409498,0.0,0.0,0.0
2026-01-01 16:58:50,30.537639559733023,62.15929489638098,152.02864931287283,54.64054836824443,0.0,0.0,1.0
2026-01-01 16:58:55,30.57670269179462,62.293415424516965,158.61089608627066,54.59250831383896,0.0,0.0,1.0
2026-01-01 16:59:00,30.49126436416557,62.52880937871595,151.45734952829565,54.64791947436797,0.0,0.0,1.0
2026-01-01 16:59:05,30.473857068757543,62.604836422083935,145.55862158380253,54.70320249046401,0.0,0.0,0.0
2026-01-01 16:59:10,30.49216428088397,62.59826716279646,130.66215536888132,54.71205577855298,0.0,0.0,0.0
2026-01-01 16:59:15,30.449795293116367,62.5047878456424,108.5331061370591,54.72288071451318,0.0,0.0,0.0
2026-01-01 16:59:20,30.4709856876785,62.33542656349233,164.8678575784484,54.74722512763524,0.0,0.0,0.0
2026-01-01 16:59:25,30.47199861803912,62.32087062525879,128.72555583862732,54.72425012891449,0.0,0.0,0.0
2026-01-01 16:59:30,30.566762607139964,62.31257278279928,145.55344506878723,54.68302304438572,0.0,0.0,0.0
2026-01-01 16:59:35,30.77258974838103,62.36433103075458,151.23817498409812,54.7078928332154,0.0,0.0,1.0
2026-01-01 16:59:40,30.874415322439813,62.1459037089388,135.32550382883932,54.691149442919865,0.0,0.0,1.0
2026-01-01 16:59:45,30.940231339158053,62.007371222078085,143.71117585487278,54.677902512511125,0.0,0.0,1.0
2026-01-01 16:59:50,30.828251685449843,62.01798668027146,159.4039491281181,54.65459119263518,0.0,0.0,1.0
2026-01-01 16:59:55,30.887466737759954,62.02158906650155,123.56264342319236,54.654052063992445,0.0,0.0,1.0
