Timestamp,Temperature,Humidity,Light,Soil_Moisture,Drip,Mist,Fan
2026-01-01 11:30:00,31.94607552909151,67.60591559742332,496.2388098339053,54.50916445331441,0.0,0.0,1.0
2026-01-01 11:30:05,31.90269927424936,68.0288895234596,495.9461496111858,54.53763010350062,0.0,1.0,1.0
2026-01-01 11:30:10,31.90289358059213,68.09661965729248,457.6153716293832,54.49152375439431,0.0,0.0,1.0
2026-01-01 11:30:15,31.97561092930652,67.99790711043468,460.3356376382951,54.48789093746214,0.0,0.0,1.0
2026-01-01 11:30:20,31.94947699118321,67.73831345947833,504.4649497569446,54.453468416679335,0.0,1.0,1.0
2026-01-01 11:30:25,31.869552076270946,68.02858602494825,486.2092318192581,54.41363917556741,0.0,1.0,1.0
2026-01-01 11:30:30,31.7358789117414,68.20349290653635,503.1072867525239,54.49767555184508,0.0,0.0,1.0
2026-01-01 11:30:35,31.726753538025484,68.09008198485583,497.8338775118457,54.47461891911822,0.0,0.0,1.0
2026-01-01 11:30:40,31.823760233912665,68.17711937474029,521.2340263395561,54.399162999338174,0.0,0.0,1.0
2026-01-01 11:30:45,31.74100233943341,67.80862127480096,479.0723913348015,54.465415876324045,0.0,0.0,1.0
2026-01-01 11:30:50,31.752565433419115,67.67630322866663,482.0399605261616,54.40326777733286,0.0,1.0,1.0
2026-01-01 11:30:55,31.743330509783384,67.91811432169567,486.4127953121188,54.40423136796498,0.0,1.0,1.0
2026-01-01 11:31:00,31.7621774196844,68.72722481327492,486.57786293924096,54.50958128556728,0.0,1.0,1.0
2026-01-01 11:31:05,31.757358457270435,69.06822441698772,494.54958801324057,54.49947412046053,0.0,0.0,1.0
2026-01-01 11:31:10,31.797368607975592,69.07512948897492,471.0362429946865,54.41129149025994,0.0,0.0,1.0
2026-01-01 11:31:15,31.86306696259236,68.77342308775003,519.694759430492,54.40280324890235,0.0,0.0,1.0
2026-01-01 11:31:20,31.880286445936605,68.15703131270216,483.3858772608128,54.42222563686659,0.0,0.0,1.0
2026-01-01 11:31:25,31.829014711364767,67.85856104074351,499.6219590064907,54.41883870574179,0.0,0.0,1.0
2026-01-01 11:31:30,31.854833757462742,67.9255480336579,509.94353455818447,54.33670639652819,0.0,1.0,1.0
2026-01-01 11:31:35,31.731465731628013,68.44212401218243,503.487568842545,54.36576374432417,0.0,1.0,1.0
2026-01-01 11:31:40,31.675374773753354,68.27262638429731,484.09145387611807,54.36366612371299,0.0,0.0,1.0
2026-01-01 11:31:45,31.764924224579115,68.29950888781606,488.8879057111243,54.35360415066663,0.0,0.0,1.0
2026-01-01 11:31:50,31.86602467536717,68.08627482912544,505.6327931776771,54.29638086827633,0.0,0.0,1.0
2026-01-01 11:31:55,31.92384138763484,67.8812865479269,456.5062656476877,54.248866962996914,0.0,0.0,1.0
2026-01-01 11:32:00,31.908520797095186,67.95052108763788,501.89504046143617,54.20422300008006,0.0,1.0,1.0
2026-01-01 11:32:05,31.82155356833257,68.34233333983073,473.6265652890128,54.29493370304574,0.0,1.0,1.0
2026-01-01 11:32:10,31.84374539232896,68.41658703573398,490.0406710627991,54.34926671834523,0.0,0.0,1.0
2026-01-01 11:32:15,31.86557391225396,68.53850106681068,448.7746197962126,54.39543477337136,0.0,0.0,1.0
2026-01-01 11:32:20,31.9722968066744,68.25537651447485,496.42065761026765,54.31294986865366,0.0,0.0,1.0
2026-01-01 11:32:25,31.997306515257385,67.59871725091551,488.32706034538506,54.258010110498695,0.0,0.0,1.0
2026-01-01 11:32:30,31.94480378863907,67.96636183921119,510.0215644006955,54.26360295088639,0.0,1.0,1.0
2026-01-01 11:32:35,31.901815429101028,68.4385934205729,476.72931561864567,54.31258979334245,0.0,1.0,1.0
2026-01-01 11:32:40,31.917479605106028,68.30823734096566,501.4679636683664,54.2690062716766,0.0,0.0,1.0
2026-01-01 11:32:45,31.89626563992791,68.21677179789361,499.7079772532722,54.23393670652976,0.0,0.0,1.0
2026-01-01 11:32:50,31.97635020790958,68.1714209180579,498.0562796284445,54.25214165142585,0.0,0.0,1.0
2026-01-01 11:32:55,32.06370891718845,67.78558829915163,474.2115563009031,54.2240905857237,0.0,0.0,1.0
2026-01-01 11:33:00,32.12512745248542,67.8802766018948,494.41190761212937,54.1760346554797,0.0,1.0,1.0
2026-01-01 11:33:05,32.15027970427439,68.25348375177167,473.3331128393361,54.10096859970493,1.0,1.0,1.0
2026-01-01 11:33:10,32.12956547519052,68.328827543303,478.55272221600217,54.12495112978765,1.0,0.0,1.0
2026-01-01 11:33:15,32.13828703250348,68.14772791764823,488.6935270812425,54.14681870207919,1.0,0.0,1.0
2026-01-01 11:33:20,32.22470870555798,67.80044245109785,479.8334690674927,54.31604105734734,1.0,0.0,1.0
2026-01-01 11:33:25,32.12574398223647,67.9865705623555,487.10472487175446,54.50279801942702,1.0,1.0,1.0
2026-01-01 11:33:30,32.052749918707335,68.1826822686742,472.59682158846135,54.67189975487868,1.0,1.0,1.0
2026-01-01 11:33:35,31.956346795546995,68.08747136195949,497.1224608392968,54.86647393530584,0.0,0.0,1.0
2026-01-01 11:33:40,32.01503282463963,68.09444456531448,475.8083724621632,55.0815492148221,0.0,0.0,1.0
2026-01-01 11:33:45,32.061086775575006,68.06548907913063,494.8461558593303,55.30716269829482,0.0,0.0,1.0
2026-01-01 11:33:50,32.08973564127911,67.74181349166854,494.6113983049352,55.40549021900455,0.0,0.0,1.0
2026-01-01 11:33:55,32.10071555575264,67.9348175686392,510.12826250059067,55.52769004830343,0.0,1.0,1.0
2026-01-01 11:34:00,32.10275302399416,68.27294680588402,519.8181019207381,55.63976262816757,0.0,1.0,1.0
2026-01-01 11:34:05,32.07045749527418,68.18873521750369,492.32885998698697,55.62720553990009,0.0,0.0,1.0
2026-01-01 11:34:10,32.01761091778042,68.03656506201779,492.79231871559233,55.664219142319794,0.0,0.0,1.0
2026-01-01 11:34:15,32.02228161400563,67.4918164656767,472.1637063236351,55.69320126265493,0.0,0.0,1.0
2026-01-01 11:34:20,31.936353946708977,67.72799351862815,499.3052306467081,55.76861036328458,0.0,1.0,1.0
2026-01-01 11:34:25,32.00019084640359,68.06505657375583,493.0671543468407,55.80433492554498,0.0,1.0,1.0
2026-01-01 11:34:30,31.98387784235547,68.29404833573948,456.6589271263065,55.76540541578908,0.0,0.0,1.0
2026-01-01 11:34:35,31.91748262657391,68.08294377765857,505.84292778886976,55.77488959472939,0.0,0.0,1.0
2026-01-01 11:34:40,31.96150770097886,68.25419783546457,498.7776252930293,55.68761766550793,0.0,0.0,1.0
2026-01-01 11:34:45,32.02429208754502,68.03590830371333,500.4856210180712,55.76250672590341,0.0,0.0,1.0
2026-01-01 11:34:50,31.96220833426548,67.81428783367602,469.1566587580238,55.82006620887883,0.0,0.0,1.0
2026-01-01 11:34:55,31.860462864208262,67.79922463652052,504.9921839915863,55.74865724301988,0.0,1.0,1.0
2026-01-01 11:35:00,31.80772147926412,68.3841221448748,486.3784862191056,55.715099259648696,0.0,1.0,1.0
2026-01-01 11:35:05,31.837089696412708,68.4746713954514,509.6184644837325,55.72772488185052,0.0,0.0,1.0
2026-01-01 11:35:10,31.858741737559697,68.21589138037179,494.97616497037137,55.78771986965843,0.0,0.0,1.0
2026-01-01 11:35:15,31.858210053597013,68.0695627382715,498.0642348270722,55.75421279676001,0.0,0.0,1.0
2026-01-01 11:35:20,32.02149632671626,67.58998283141227,475.24440614481614,55.65969994322005,0.0,0.0,1.0
2026-01-01 11:35:25,32.00939291323036,67.58195796200211,485.25231688472377,55.63122459725655,0.0,1.0,1.0
2026-01-01 11:35:30,31.985589939512344,67.84214632655727,493.7261050367839,55.60639415508221,0.0,1.0,1.0
2026-01-01 11:35:35,31.96696382918904,68.3604768599955,461.2448803005639,55.55407489124466,0.0,1.0,1.0
2026-01-01 11:35:40,31.96305739308888,68.52281444975,511.1232785892408,55.57903144290947,0.0,0.0,1.0
2026-01-01 11:35:45,31.960350234898247,68.37899080303217,502.1546516338054,55.523805754840176,0.0,0.0,1.0
2026-01-01 11:35:50,31.96741827025888,67.89403274968961,485.34306209099344,55.54985426888322,0.0,0.0,1.0
2026-01-01 11:35:55,31.922358730278724,67.82355763767892,510.606207385245,55.56565769402352,0.0,1.0,1.0
2026-01-01 11:36:00,31.92133216091574,68.16408738341026,492.4661074096866,55.514324843972446,0.0,1.0,1.0
2026-01-01 11:36:05,32.02883773506468,68.37363579956035,491.2479141304715,55.55960201273101,0.0,0.0,1.0
2026-01-01 11:36:10,32.01848642685405,68.21918116702565,472.3659948622762,55.492960340422215,0.0,0.0,1.0
2026-01-01 11:36:15,32.01034802342615,67.94851571528598,515.2481620215696,55.53120456257767,0.0,0.0,1.0
2026-01-01 11:36:20,31.952883229379005,68.15629747423662,490.7024745078277,55.55099934959199,0.0,1.0,1.0
2026-01-01 11:36:25,31.96737943957471,68.23170914924157,487.3510905038449,55.49907166720732,0.0,0.0,1.0
2026-01-01 11:36:30,31.92998210402622,67.72479326209087,506.338633269554,55.5223201739896,0.0,0.0,1.0
2026-01-01 11:36:35,31.92159786229888,68.31363297125641,509.5078973646447,55.52884721340608,0.0,1.0,1.0
2026-01-01 11:36:40,31.905859629245118,68.36198561719783,503.7886634947123,55.55413248721312,0.0,0.0,1.0
2026-01-01 11:36:45,31.956249909246,67.9573044145148,495.1757308983242,55.56637637693021,0.0,0.0,1.0
2026-01-01 11:36:50,31.784082550919017,68.12098981087081,473.3482338195161,55.57509830447653,0.0,1.0,1.0
2026-01-01 11:36:55,31.72056655204507,68.15524613192459,488.6635572356111,55.49511307497048,0.0,0.0,1.0
2026-01-01 11:37:00,31.890583584503368,68.0729508450059,479.778792499805,55.476855440805885,0.0,0.0,1.0
2026-01-01 11:37:05,31.890255933399377,67.58274213990437,453.25911917884713,55.54078945144408,0.0,0.0,1.0
2026-01-01 11:37:10,31.881124931251453,67.67791314039108,490.9516086318961,55.46841928338733,0.0,1.0,1.0
2026-01-01 11:37:15,31.86554649885926,68.38763026487904,517.2404261738321,55.40833699899673,0.0,1.0,1.0
2026-01-01 11:37:20,31.995366328297987,68.36062156523892,479.1006418556237,55.356725584465465,0.0,0.0,1.0
2026-01-01 11:37:25,32.06349500911828,68.04419244067206,497.0992664925655,55.33503084968704,0.0,0.0,1.0
2026-01-01 11:37:30,32.04895317804071,67.42489187205807,465.688711129068,55.315920375022586,0.0,0.0,1.0
2026-01-01 11:37:35,31.93017084475369,67.83782377303083,509.0226141356064,55.3545061601113,0.0,1.0,1.0
2026-01-01 11:37:40,31.910036844839727,68.47659857641052,465.5828451697952,55.38289488369761,0.0,1.0,1.0
2026-01-01 11:37:45,31.979131756821573,68.47714029538723,491.7454061434517,55.348958481935,0.0,0.0,1.0
2026-01-01 11:37:50,31.981003137541183,68.56535639668375,492.2946020126744,55.37675672394039,0.0,0.0,1.0
2026-01-01 11:37:55,32.031950588256755,68.35412361438122,488.6353893039536,55.3512476775602,0.0,0.0,1.0
2026-01-01 11:38:00,32.11291026713241,68.29505327750424,502.2879991379396,55.33736813473043,0.0,0.0,1.0
2026-01-01 11:38:05,32.051475589705056,67.772145883769,523.2924328421109,55.41588387067149,0.0,0.0,1.0
2026-01-01 11:38:10,32.09612438046099,67.83416978240324,520.6600518359937,55.38599009730224,0.0,1.0,1.0
2026-01-01 11:38:15,32.13620142430022,68.1710446472724,475.9951949770511,55.329240622167646,0.0,1.0,1.0
2026-01-01 11:38:20,32.04009709869496,67.95022911135977,475.0651764608571,55.330986835730485,0.0,0.0,1.0
2026-01-01 11:38:25,32.06190237242767,68.33664493768688,502.3479191948976,55.33071052246287,0.0,1.0,1.0
2026-01-01 11:38:30,32.13251063099458,68.16051427863206,469.3153806905616,55.3219714977939,0.0,0.0,1.0
2026-01-01 11:38:35,32.04515148611425,68.26296391383868,522.0884810676054,55.3104017025612,0.0,0.0,1.0
2026-01-01 11:38:40,32.030189658143605,68.27707526148762,468.6877509892298,55.29262497700944,0.0,0.0,1.0
2026-01-01 11:38:45,31.985899703651757,67.90795177875628,496.0291426931933,55.24557467852391,0.0,0.0,1.0
2026-01-01 11:38:50,31.94387695968447,68.24431259744428,496.1545276404884,55.25514266838717,0.0,1.0,1.0
2026-01-01 11:38:55,31.947095680461416,68.08308793405627,487.33668544247615,55.23966819592487,0.0,0.0,1.0
2026-01-01 11:39:00,31.958199076500183,67.55934000662273,517.2471852720677,55.25434099126748,0.0,0.0,1.0
2026-01-01 11:39:05,31.919626068664417,67.73003765697761,472.731318449089,55.166482238938286,0.0,1.0,1.0
2026-01-01 11:39:10,31.941441311545187,68.06876252209982,476.8757481900183,55.18724554218733,0.0,1.0,1.0
2026-01-01 11:39:15,31.988652683969654,68.26467991686822,474.2466821091345,55.10912705209664,0.0,0.0,1.0
2026-01-01 11:39:20,32.0050128198227,68.26735870486614,512.1644348501128,55.16136213523928,0.0,0.0,1.0
2026-01-01 11:39:25,31.9976444588687,68.23907937657242,493.6864164883961,55.12060250317507,0.0,0.0,1.0
2026-01-01 11:39:30,32.06598005568663,68.17106124009796,510.2419192741687,55.18316858081742,0.0,0.0,1.0
2026-01-01 11:39:35,32.104973253041514,67.71731486698665,479.3207498267379,55.11707312316789,0.0,0.0,1.0
2026-01-01 11:39:40,32.051189733229585,67.75471372325619,516.240147372703,55.14690796985999,0.0,1.0,1.0
2026-01-01 11:39:45,32.08534772094363,68.28235886629075,512.0006273251387,55.09354426401756,0.0,1.0,1.0
2026-01-01 11:39:50,32.15586298444186,68.17729360883057,484.5879346052323,55.16881753334332,0.0,0.0,1.0
2026-01-01 11:39:55,32.12961391842978,68.08019022261126,491.9989286185544,55.14533179177278,0.0,0.0,1.0
2026-01-01 11:40:00,,,494.8569893776598,55.119102647137005,0.0,0.0,1.0
2026-01-01 11:40:05,,,506.9198178598848,55.1157240592816,0.0,1.0,1.0
2026-01-01 11:40:10,,,477.1412943141409,55.105370767926416,0.0,1.0,1.0
2026-01-01 11:40:15,,,482.47556314299686,55.19750148425902,0.0,0.0,1.0
2026-01-01 11:40:20,,,509.9202747519717,55.12239712055326,0.0,0.0,1.0
2026-01-01 11:40:25,,,497.2191851169897,55.12915468430795,0.0,0.0,1.0
2026-01-01 11:40:30,32.121033356896255,67.99913800925098,535.8028129758227,55.156161798828165,0.0,0.0,1.0
2026-01-01 11:40:35,32.244432846193696,68.08463050920685,510.5957827238584,55.07020440977576,0.0,1.0,1.0
2026-01-01 11:40:40,32.31131649932267,67.85648620865281,486.4673798344032,55.01025003618739,0.0,0.0,1.0
2026-01-01 11:40:45,32.35253667106699,68.18518876981483,498.89310067855087,55.113006082047846,0.0,1.0,1.0
2026-01-01 11:40:50,32.42093758427778,68.14612074415439,476.5616512845492,55.06054141912769,0.0,0.0,1.0
2026-01-01 11:40:55,32.40484015079042,67.66443135502277,520.5979377032262,55.149521129963176,0.0,0.0,1.0
2026-01-01 11:41:00,32.377036996545485,67.78941920190763,467.74443155077626,55.10886048381505,0.0,1.0,1.0
2026-01-01 11:41:05,32.38742818897356,68.24687943070472,511.4231651189985,55.05871689729184,0.0,1.0,1.0
2026-01-01 11:41:10,32.44475647310625,68.34301762780287,477.8696110393633,55.0190549258503,0.0,0.0,1.0
2026-01-01 11:41:15,32.48807109086871,67.91471473466201,533.094778176108,54.96698133094012,0.0,0.0,1.0
2026-01-01 11:41:20,32.37425130085821,68.2207060547139,465.9624544424661,55.00536758094421,0.0,1.0,1.0
2026-01-01 11:41:25,32.36447666450473,67.94582939681635,505.77908773164006,54.94432346231432,0.0,0.0,1.0
2026-01-01 11:41:30,32.28067775720832,68.25075615239398,478.8986728284129,54.910081175787134,0.0,1.0,1.0
2026-01-01 11:41:35,32.2873992954045,68.27843581792075,502.5956537908618,54.9743023296504,0.0,0.0,1.0
2026-01-01 11:41:40,32.22743739069061,68.20833423164831,516.6169447827552,54.98703269042347,0.0,0.0,1.0
2026-01-01 11:41:45,32.2453159867193,67.74269168880163,516.5620441674572,54.9195871343877,0.0,0.0,1.0
2026-01-01 11:41:50,32.23036453434032,68.13288925016624,467.9496460447886,54.90235038264193,0.0,1.0,1.0
2026-01-01 11:41:55,32.24155300394842,67.88869730317953,503.2939923906576,54.89435649902405,0.0,0.0,1.0
2026-01-01 11:42:00,32.246661216478,68.00928481024631,499.46942444077695,54.956329032612985,0.0,1.0,1.0
2026-01-01 11:42:05,32.20980053819792,68.04417963259712,516.9412561339652,54.95979610189016,0.0,0.0,1.0
2026-01-01 11:42:10,32.27553149171673,67.46826131007455,499.7708242181133,54.94963404024744,0.0,0.0,1.0
2026-01-01 11:42:15,32.31405479647638,67.51959477934003,505.5301432621755,54.935533157133946,0.0,1.0,1.0
2026-01-01 11:42:20,32.43028863327535,68.04300531407927,475.1463970492731,54.86056922696386,0.0,1.0,1.0
2026-01-01 11:42:25,32.38856078222339,68.21615909158626,484.8756658382184,54.93165232859113,0.0,0.0,1.0
2026-01-01 11:42:30,32.50261004599357,68.13267728471348,502.4184440474224,54.894774543655615,0.0,0.0,1.0
2026-01-01 11:42:35,32.53200971585264,68.10868077986127,479.4363816360458,54.97070084410001,0.0,0.0,1.0
2026-01-01 11:42:40,32.493361154213936,67.9265238883944,489.0490066424889,54.9371098635154,0.0,0.0,1.0
2026-01-01 11:42:45,32.49168778980874,68.44368433828934,468.3469905025314,54.86105709016176,0.0,1.0,1.0
2026-01-01 11:42:50,32.40021324990429,68.27247332888754,457.1060865781891,54.871564355077,0.0,0.0,1.0
2026-01-01 11:42:55,32.52555430687389,68.07901582759932,519.1235580966642,54.84253200599864,0.0,0.0,1.0
2026-01-01 11:43:00,32.57923902378412,67.72523889130963,505.7542908022576,54.850205288873184,0.0,0.0,1.0
2026-01-01 11:43:05,32.39829619656144,67.74944121496462,495.65089401503,54.81438380390463,0.0,1.0,1.0
2026-01-01 11:43:10,32.30681505664567,68.00137495894192,482.7472563955138,54.83862408730866,0.0,1.0,1.0
2026-01-01 11:43:15,32.43896142084716,67.99562342908386,471.285262826228,54.83015821167234,0.0,0.0,1.0
2026-01-01 11:43:20,32.316373011775475,68.1979609835854,480.3106967919931,54.70219671048068,0.0,1.0,1.0
2026-01-01 11:43:25,32.286411007008084,68.28387287965467,469.903908083025,54.73397427711066,0.0,0.0,1.0
2026-01-01 11:43:30,32.21824507349207,67.99381855623943,506.3122361834961,54.77657516395544,0.0,0.0,1.0
2026-01-01 11:43:35,32.25501607135276,68.32237244067431,483.2281886780738,54.75593845448672,0.0,1.0,1.0
2026-01-01 11:43:40,32.29786452905834,68.16147953629061,531.3307205535431,54.77375591455995,0.0,0.0,1.0
2026-01-01 11:43:45,32.30525463452113,67.99148734984716,486.2005405849775,54.74496160205298,0.0,0.0,1.0
2026-01-01 11:43:50,32.27926240196584,68.22192400663346,483.60693592192274,54.703463829972776,0.0,1.0,1.0
2026-01-01 11:43:55,32.34904909562454,68.1500205545781,480.6891379164378,54.73117889569863,0.0,0.0,1.0
2026-01-01 11:44:00,32.283082811188315,67.89084056226191,493.2713570241551,54.69573147204021,0.0,0.0,1.0
2026-01-01 11:44:05,32.28430392532587,67.84071916829984,470.5947994501773,54.70037456723871,0.0,1.0,1.0
2026-01-01 11:44:10,32.270575521715884,67.95646286792997,489.01586243144106,54.729698995775664,0.0,1.0,1.0
2026-01-01 11:44:15,32.19916604770351,68.54927453218717,476.4312678215281,54.71861154865917,0.0,1.0,1.0
2026-01-01 11:44:20,32.21351402822686,68.89792309317437,489.0714595593177,54.65238182297654,0.0,0.0,1.0
2026-01-01 11:44:25,32.231833334908124,69.12735892390077,475.3592337234665,54.60148484470383,0.0,0.0,1.0
2026-01-01 11:44:30,32.29334198998797,68.88756863632484,486.1411813236847,54.60683495971554,0.0,0.0,1.0
2026-01-01 11:44:35,32.34924519438944,68.64080079129948,480.730021263186,54.61027148289415,0.0,0.0,1.0
2026-01-01 11:44:40,32.30372157341112,68.62329872889285,495.153594004744,54.56082612696426,0.0,0.0,1.0
2026-01-01 11:44:45,32.35006705378654,68.02910902635858,492.09999097844,54.588381419180735,0.0,0.0,1.0
2026-01-01 11:44:50,32.423504530010874,67.61015083406389,475.9809245886537,54.57437291347563,0.0,0.0,1.0
2026-01-01 11:44:55,32.489906066623945,67.39520599942495,477.1372564900231,54.56505364350534,0.0,1.0,1.0
2026-01-01 11:45:00,32.44488272793406,67.52736639342122,486.83298967996296,54.57799464861967,0.0,1.0,1.0
2026-01-01 11:45:05,32.38663056736974,68.27256523213478,505.55953906242246,54.52792564009607,0.0,1.0,1.0
2026-01-01 11:45:10,32.2974066076895,68.36176482870319,480.0231611455721,54.608118306382,0.0,0.0,1.0
2026-01-01 11:45:15,32.22888638786969,68.01719319880313,495.6358468343049,54.557454195402485,0.0,0.0,1.0
2026-01-01 11:45:20,32.2569952401297,67.72996398886626,477.36097008852425,54.57426665018602,0.0,0.0,1.0
2026-01-01 11:45:25,32.31528365724694,67.85967956316716,510.496305453518,54.57508593621525,0.0,1.0,1.0
2026-01-01 11:45:30,32.42582364692215,68.25742629770743,476.7531716507708,54.4752330880825,0.0,1.0,1.0
2026-01-01 11:45:35,32.43486970994463,68.40207291115478,482.5638200913748,54.44527065238367,0.0,0.0,1.0
2026-01-01 11:45:40,32.360894120042026,67.98999579443792,499.9418123173371,54.45654108856319,0.0,0.0,1.0
2026-01-01 11:45:45,32.20653932149292,68.39154955879613,477.2334820892103,54.38588530576083,0.0,1.0,1.0
2026-01-01 11:45:50,32.18241118799634,68.34978476160042,482.2203860777327,54.44885159531407,0.0,0.0,1.0
2026-01-01 11:45:55,32.22640284813492,67.88924754628243,502.426852887806,54.46589983398894,0.0,0.0,1.0
2026-01-01 11:46:00,32.28805412114169,67.84622613715126,513.9229843050866,54.51619676275231,0.0,1.0,1.0
2026-01-01 11:46:05,32.23068373639517,68.38378716862053,515.5026178778844,54.52136475960722,0.0,1.0,1.0
2026-01-01 11:46:10,32.30936936640098,68.41553122116125,489.3218140494747,54.36595101566219,0.0,0.0,1.0
2026-01-01 11:46:15,32.36996396781308,67.77737107377833,508.29931565934737,54.34711533754103,0.0,0.0,1.0
2026-01-01 11:46:20,32.39649196623569,67.93937209471136,492.89268768031707,54.31140397978877,0.0,1.0,1.0
2026-01-01 11:46:25,32.351652901531004,68.3618637011149,501.0344447240336,54.34082898205831,0.0,1.0,1.0
2026-01-01 11:46:30,32.30350711783952,68.63162608769952,495.7429469285722,54.37094043375009,0.0,0.0,1.0
2026-01-01 11:46:35,32.3489537735764,68.52684317233694,492.1828670140094,54.39967120170232,0.0,0.0,1.0
2026-01-01 11:46:40,32.33292085081288,68.27579747929006,497.88651706609664,54.35905492068151,0.0,0.0,1.0
2026-01-01 11:46:45,32.34063494556337,67.67921928766765,454.5371063109149,54.36219259362269,0.0,0.0,1.0
2026-01-01 11:46:50,32.317640298974744,67.83826923319167,497.831723461636,54.2813251603346,0.0,1.0,1.0
2026-01-01 11:46:55,32.19454627015108,68.00663546736618,465.98461079645153,54.26407255379753,0.0,1.0,1.0
2026-01-01 11:47:00,32.308028597877225,68.05956344736684,519.4543894329358,54.26349224553084,0.0,0.0,1.0
2026-01-01 11:47:05,32.33457481650272,68.043477594012,485.1672635178527,54.25250803474288,0.0,0.0,1.0
2026-01-01 11:47:10,32.37574106359416,67.90989487613012,526.4492094075223,54.24227814639461,0.0,0.0,1.0
2026-01-01 11:47:15,32.37180922129538,68.42328344676616,507.51433311417406,54.31746243831488,0.0,1.0,1.0
2026-01-01 11:47:20,32.24637423315091,68.45391408685094,482.6892629250842,54.34508443453241,0.0,0.0,1.0
2026-01-01 11:47:25,32.29227525070705,68.06558908630974,479.9436192832275,54.309075807461554,0.0,0.0,1.0
2026-01-01 11:47:30,32.25714636050803,67.85899648290686,522.4470885190523,54.33547492846863,0.0,0.0,1.0
2026-01-01 11:47:35,32.24197898626456,68.01427609558827,487.6743504020982,54.29742157640548,0.0,1.0,1.0
2026-01-01 11:47:40,32.16375248717666,67.88874344755625,474.1621779019367,54.31497314874196,0.0,0.0,1.0
2026-01-01 11:47:45,32.23141925390394,68.16725859553462,496.9607448951032,54.21857785783396,0.0,1.0,1.0
2026-01-01 11:47:50,32.24690655544849,68.17064373658182,483.8314685337122,54.26670047258124,0.0,0.0,1.0
2026-01-01 11:47:55,32.23317981292293,67.81627641718285,494.7686684146551,54.22714444539092,0.0,0.0,1.0
2026-01-01 11:48:00,32.129209456691164,68.17792938826611,490.24593075469625,54.23973930855867,0.0,1.0,1.0
2026-01-01 11:48:05,32.25829364095968,68.3034970428302,461.0869663777014,54.22742947212826,0.0,0.0,1.0
2026-01-01 11:48:10,32.344758842450304,68.18723901655272,499.714679991604,54.16620023094033,0.0,0.0,1.0
2026-01-01 11:48:15,32.40698932862885,68.09129286409159,478.7289454123565,54.14972050267703,1.0,0.0,1.0
2026-01-01 11:48:20,32.41584403796193,67.6189916034684,487.8390045026133,54.16208477935988,1.0,0.0,1.0
2026-01-01 11:48:25,32.347423177324146,67.6409046297153,495.89167712164,54.26817397698765,1.0,1.0,1.0
2026-01-01 11:48:30,32.27876063181019,67.92635773419897,506.147519403018,54.34386765242578,0.0,1.0,1.0
2026-01-01 11:48:35,32.24682559823133,68.27850522419729,516.266848436939,54.511451027912216,0.0,1.0,1.0
2026-01-01 11:48:40,32.14896349006429,68.14114617662534,502.6072595801197,54.58262697739568,0.0,0.0,1.0
2026-01-01 11:48:45,32.146532420107,67.89815949225928,482.14922332568,54.70168713239002,0.0,0.0,1.0
2026-01-01 11:48:50,32.10646888143082,68.33381839159058,475.9307523242286,54.78985301973084,0.0,1.0,1.0
2026-01-01 11:48:55,32.07930605431814,68.23054314965196,481.1602883762599,54.86291373879604,0.0,0.0,1.0
2026-01-01 11:49:00,32.12889106740402,68.04755974147163,481.935689394413,54.8808468130617,0.0,0.0,1.0
2026-01-01 11:49:05,32.153930634148466,67.78015848118505,487.5275390901173,54.92651469458461,0.0,0.0,1.0
2026-01-01 11:49:10,32.14202932665288,68.07312394340276,504.4114285995121,54.87810973540439,0.0,1.0,1.0
2026-01-01 11:49:15,32.03928869459461,67.6046093138693,463.1197197163804,54.92751363959886,0.0,0.0,1.0
2026-01-01 11:49:20,32.02991711757434,67.66422256687619,518.522921797134,54.93348085938683,0.0,1.0,1.0
2026-01-01 11:49:25,32.11257873921332,68.21438379731013,487.2794815764044,54.8782886377717,0.0,1.0,1.0
2026-01-01 11:49:30,32.15753299325828,68.66805562735054,518.5012318263498,55.03313336426024,0.0,0.0,1.0
2026-01-01 11:49:35,32.23985026121795,68.51011066245798,480.1656705577084,54.9731648711162,0.0,0.0,1.0
2026-01-01 11:49:40,32.312781678224404,68.34997062838298,493.5763950475176,54.94965582105802,0.0,0.0,1.0
2026-01-01 11:49:45,32.36250366221257,68.03536617163516,502.5870115233252,54.9141783551642,0.0,0.0,1.0
2026-01-01 11:49:50,32.46776409822668,67.40357729194719,487.5257079323608,54.88340636000068,0.0,0.0,1.0
2026-01-01 11:49:55,32.50671550686724,67.58049227049139,483.3828504890757,54.90625906749557,0.0,1.0,1.0
2026-01-01 11:50:00,32.446227400887615,67.77917805381776,503.6456378202377,54.93934197388423,0.0,1.0,1.0
2026-01-01 11:50:05,32.463879798817395,68.0637985704844,492.23369811347015,54.87876466121046,0.0,1.0,1.0
2026-01-01 11:50:10,32.51819715499489,68.10711528333658,491.9173645104444,54.86945178611683,0.0,0.0,1.0
2026-01-01 11:50:15,32.467405363115255,67.79077168636107,469.0337764061437,54.85781368236992,0.0,0.0,1.0
2026-01-01 11:50:20,32.36252837868658,68.12174577173478,471.2278436239644,54.84064192448698,0.0,1.0,1.0
2026-01-01 11:50:25,32.33577647138079,67.74352159078649,488.803431927097,54.78887238209956,0.0,0.0,1.0
2026-01-01 11:50:30,32.15818033497794,68.12306676690365,494.3937400910769,54.77478115471189,0.0,1.0,1.0
2026-01-01 11:50:35,32.2744197204416,67.91815190389897,501.41380489306016,54.789135524743486,0.0,0.0,1.0
2026-01-01 11:50:40,32.19909195782696,67.92647381159975,516.385043340918,54.78407236958044,0.0,1.0,1.0
2026-01-01 11:50:45,32.150253806921704,68.6518051126624,500.5434163417328,54.75078993936566,0.0,1.0,1.0
2026-01-01 11:50:50,32.17024571876866,68.70173396477982,506.1035946875863,54.74344382067182,0.0,0.0,1.0
2026-01-01 11:50:55,32.158242631117105,68.79290160477522,476.3631348217654,54.76170290955969,0.0,0.0,1.0
2026-01-01 11:51:00,32.263590618610905,68.60347801728282,486.9360467433527,54.74075488141426,0.0,0.0,1.0
2026-01-01 11:51:05,32.17969928528306,68.25445558656438,502.21634435200895,54.76243254335277,0.0,0.0,1.0
2026-01-01 11:51:10,32.25068847765199,67.46549554544018,455.5099480059971,54.69314200223536,0.0,0.0,1.0
2026-01-01 11:51:15,32.35385458013173,67.77916270395012,500.385318153375,54.638558948244096,0.0,1.0,1.0
2026-01-01 11:51:20,32.329420458627695,68.22264607670833,513.1240016387193,54.65913454879143,0.0,1.0,1.0
2026-01-01 11:51:25,32.2700355849288,68.01587221110287,474.0719304568684,54.66708192554178,0.0,0.0,1.0
2026-01-01 11:51:30,32.39221774323365,67.61834547569958,485.8980907064896,54.59802142227872,0.0,0.0,1.0
2026-01-01 11:51:35,32.54349233387784,68.02494346497703,504.68134324689066,54.66918910712533,0.0,1.0,1.0
2026-01-01 11:51:40,32.44021558799367,67.8768616204313,511.48392109366256,54.64489002581434,0.0,0.0,1.0
2026-01-01 11:51:45,32.42938670621201,68.02656700478964,485.9458146639376,54.63452458357138,0.0,1.0,1.0
2026-01-01 11:51:50,32.46186380283334,67.9583199539752,482.68251822403255,54.58454004510283,0.0,0.0,1.0
2026-01-01 11:51:55,32.37992034474288,68.1339949161036,460.21902316233445,54.60651231174658,0.0,1.0,1.0
2026-01-01 11:52:00,32.225191708085475,68.11342738860266,503.05207704978994,54.621624155646415,0.0,0.0,1.0
2026-01-01 11:52:05,32.26561948968027,68.08970918484872,475.43401855647664,54.6296897372158,0.0,0.0,1.0
2026-01-01 11:52:10,32.36762399293292,67.71171682635158,508.1002755225367,54.60499897613264,0.0,0.0,1.0
2026-01-01 11:52:15,32.32094275670282,67.85483631455014,507.3138046827136,54.60366445443724,0.0,1.0,1.0
2026-01-01 11:52:20,32.22583631477973,68.49554536093761,479.2117842469343,54.55633386054735,0.0,1.0,1.0
2026-01-01 11:52:25,32.08784013419296,68.4708045227162,494.4097394923793,54.59806634285927,0.0,0.0,1.0
2026-01-01 11:52:30,32.138613855217656,68.48705691739929,526.4119468389324,54.48271178933055,0.0,0.0,1.0
2026-01-01 11:52:35,32.252950142335614,68.30369929087401,483.5052979412369,54.575896960046336,0.0,0.0,1.0
2026-01-01 11:52:40,32.326154037652074,67.82255379203254,499.93377037132046,54.50586097976628,0.0,0.0,1.0
2026-01-01 11:52:45,32.39419283798573,68.24226739574709,504.22678625592806,54.42094157416897,0.0,1.0,1.0
2026-01-01 11:52:50,32.333715380774336,68.1611672391334,511.9096975423917,54.4607385791492,0.0,0.0,1.0
2026-01-01 11:52:55,32.40586586478155,68.15324408399096,479.4385853943576,54.47495510812716,0.0,0.0,1.0
2026-01-01 11:53:00,32.35724507811282,67.62645649969583,541.482133301646,54.46537363969845,0.0,0.0,1.0
2026-01-01 11:53:05,32.243970749357565,67.86226787371078,498.0276161097714,54.423773589175646,0.0,1.0,1.0
2026-01-01 11:53:10,32.16420780516058,68.25432875157455,475.2455453038455,54.41024757247364,0.0,1.0,1.0
2026-01-01 11:53:15,32.03800764061061,68.33217282356847,480.7696522458196,54.38720066684864,0.0,0.0,1.0
2026-01-01 11:53:20,32.03860502725763,68.10391920499274,499.22344217407726,54.4465607953164,0.0,0.0,1.0
2026-01-01 11:53:25,32.107360351195176,67.65755373118643,493.3864280250776,54.443833211632096,0.0,0.0,1.0
2026-01-01 11:53:30,31.9954172675932,68.12455429008729,503.49404343222153,54.37729112724563,0.0,1.0,1.0
2026-01-01 11:53:35,32.05893095168063,67.9318932667652,480.76383563738295,54.369687414263616,0.0,0.0,1.0
2026-01-01 11:53:40,32.05156031964327,68.36182042755405,491.2721784718385,54.357675415147874,0.0,1.0,1.0
2026-01-01 11:53:45,31.924665627258666,68.23467956338128,481.1539201378552,54.31137774065627,0.0,0.0,1.0
2026-01-01 11:53:50,31.89532387789636,68.01217986597112,531.1367041669833,54.40521217329119,0.0,0.0,1.0
2026-01-01 11:53:55,31.83272787089288,67.73912464984734,488.701546251395,54.33502351047575,0.0,0.0,1.0
2026-01-01 11:54:00,31.88937303609585,68.08050810601047,483.8581035730238,54.40414901352607,0.0,1.0,1.0
2026-01-01 11:54:05,31.95232380097012,68.03028684950615,520.8520669826152,54.36065460645587,0.0,0.0,1.0
2026-01-01 11:54:10,31.879964503456577,67.76453555598812,486.7724189297989,54.35290649076642,0.0,0.0,1.0
2026-01-01 11:54:15,31.897906434898587,67.82215227810356,516.9745796730424,54.32435701918134,0.0,1.0,1.0
2026-01-01 11:54:20,31.853832519609064,68.63596526695417,473.7625647998414,54.38673775998902,0.0,1.0,1.0
2026-01-01 11:54:25,31.799541785537684,68.68526406392196,494.3845199849764,54.31400193623779,0.0,0.0,1.0
2026-01-01 11:54:30,31.822815003776547,68.41789388293648,518.5585468518299,54.34000539228632,0.0,0.0,1.0
2026-01-01 11:54:35,31.925881953490517,68.15262903363524,480.95724242298473,54.28070665869743,0.0,0.0,1.0
2026-01-01 11:54:40,31.985558038040136,67.8767528536579,523.4484965972155,54.28495159851411,0.0,0.0,1.0
2026-01-01 11:54:45,31.880928781780376,67.86600480504822,499.38479279803977,54.25863107802405,0.0,1.0,1.0
2026-01-01 11:54:50,31.95745449274136,68.32668003527435,473.8753145958087,54.204143768767096,0.0,1.0,1.0
2026-01-01 11:54:55,32.10548904496919,68.39087192013157,486.8915596659321,54.193847588988746,0.0,0.0,1.0
2026-01-01 11:55:00,32.01179401418347,68.26514955841364,502.1680188330966,54.20320687371769,1.0,0.0,1.0
2026-01-01 11:55:05,32.1145332477544,67.60630354164773,482.3043900145841,54.25428337759288,1.0,0.0,1.0
2026-01-01 11:55:10,32.05720189074663,67.80006604953198,490.9933970742109,54.26750929338005,1.0,1.0,1.0
2026-01-01 11:55:15,31.92005680765039,68.25910425630674,491.8854436546093,54.373702167064295,0.0,1.0,1.0
2026-01-01 11:55:20,31.973121974546597,68.37064963174511,506.761884786736,54.509264410498645,0.0,0.0,1.0
2026-01-01 11:55:25,32.05202039002192,68.33181231418081,503.0236809611181,54.732598149326776,0.0,0.0,1.0
2026-01-01 11:55:30,32.13581575583995,67.8007724464896,529.9392917069954,54.73711352275963,0.0,0.0,1.0
2026-01-01 11:55:35,32.0164613509107,68.22707814493735,494.3404788233429,54.772153211754286,0.0,1.0,1.0
2026-01-01 11:55:40,32.04844805933568,68.38910216770464,490.0045797362368,54.846523301519454,0.0,0.0,1.0
2026-01-01 11:55:45,32.02967418850746,67.81262203073256,486.5519238420218,54.91778501279454,0.0,0.0,1.0
2026-01-01 11:55:50,32.09188964235094,68.18538692420174,487.77757528347,54.914125080079465,0.0,1.0,1.0
2026-01-01 11:55:55,32.15849900564283,68.23610321459144,506.6817006959245,54.90870146573759,0.0,0.0,1.0
2026-01-01 11:56:00,32.0318885130498,68.08939398311801,511.64028645707526,54.99760473305346,0.0,0.0,1.0
2026-01-01 11:56:05,32.12888989342532,67.69917415101808,488.1643366928764,55.03528602749984,0.0,0.0,1.0
2026-01-01 11:56:10,32.15610897395632,67.50154259459522,510.0004140204423,55.04686846232046,0.0,1.0,1.0
2026-01-01 11:56:15,32.18601335383511,67.83798283856565,528.6900494131181,55.05417367772702,0.0,1.0,1.0
2026-01-01 11:56:20,32.199415480744875,68.3701491290117,477.1701751074037,54.99627351734471,0.0,1.0,1.0
2026-01-01 11:56:25,32.142064786091886,68.31797616103924,468.019020278271,54.959829049141845,0.0,0.0,1.0
2026-01-01 11:56:30,32.1992161745681,68.21739845040481,486.585704290618,54.98621512380218,0.0,0.0,1.0
2026-01-01 11:56:35,32.20844379587292,67.83076767763906,496.1188973513674,54.98610163261748,0.0,0.0,1.0
2026-01-01 11:56:40,32.197901255547926,67.97869304750208,505.03597124655016,54.925091648093,0.0,1.0,1.0
2026-01-01 11:56:45,32.14784600198978,68.1278765065344,477.6454328793635,54.86709331597859,0.0,1.0,1.0
2026-01-01 11:56:50,32.09515403886836,68.22900237175863,499.20939634390936,54.88950122940305,0.0,0.0,1.0
2026-01-01 11:56:55,32.10552033694011,68.2334932922277,488.2720165490328,54.95099998701441,0.0,0.0,1.0
2026-01-01 11:57:00,32.07147431725694,68.08377900316246,482.7107345998253,54.892528110343626,0.0,0.0,1.0
2026-01-01 11:57:05,32.059736486391,67.74601686549488,500.9388332547056,54.873855694089166,0.0,0.0,1.0
2026-01-01 11:57:10,32.04867083680912,67.7822609581478,484.2248999095764,54.83245833258788,0.0,1.0,1.0
2026-01-01 11:57:15,32.060765469250924,67.91067030856983,476.374100317513,54.86055192682738,0.0,1.0,1.0
2026-01-01 11:57:20,32.123503725788744,68.45404650835238,510.3126859919507,54.81347109354105,0.0,1.0,1.0
2026-01-01 11:57:25,32.16580815448291,68.68213613726132,482.719681755396,54.84192301674269,0.0,0.0,1.0
2026-01-01 11:57:30,32.07194388200609,68.50135634473315,497.3545812157533,54.84730028717004,0.0,0.0,1.0
2026-01-01 11:57:35,32.078311569014055,68.10103357816635,503.85645545580593,54.86177442246138,0.0,0.0,1.0
2026-01-01 11:57:40,32.22699714797783,67.8206734684326,484.0454693001543,54.76785267815535,0.0,0.0,1.0
2026-01-01 11:57:45,32.19242805038402,68.1837197119827,518.9294211608336,54.78890332797464,0.0,1.0,1.0
2026-01-01 11:57:50,32.284330760989675,68.09038261443327,511.599910201481,54.62517857128691,0.0,0.0,1.0
2026-01-01 11:57:55,32.34243501839391,67.95485982419507,505.1530350945778,54.63733589065952,0.0,0.0,1.0
2026-01-01 11:58:00,32.377546879065164,68.23694355514863,502.5175371441101,54.653819068692016,0.0,1.0,1.0
2026-01-01 11:58:05,32.352217568303246,67.72485914320654,510.8888203718101,54.66533616272825,0.0,0.0,1.0
2026-01-01 11:58:10,32.321295884256706,68.1281735463561,482.6040321487262,54.66911009954719,0.0,1.0,1.0
2026-01-01 11:58:15,32.34131509723836,68.26238206293938,481.6373959415781,54.59400436221864,0.0,0.0,1.0
2026-01-01 11:58:20,32.29866617566702,68.15165387363702,502.2531571564215,54.58670607022568,0.0,0.0,1.0
2026-01-01 11:58:25,32.32967115083009,67.79447209391225,477.95021848919833,54.62856049834546,0.0,0.0,1.0
2026-01-01 11:58:30,32.22623559147405,67.8202748722973,501.3950600821016,54.63126405456956,0.0,1.0,1.0
2026-01-01 11:58:35,32.23944734933647,68.2311946001072,468.08940726402585,54.50877984743487,0.0,1.0,1.0
2026-01-01 11:58:40,32.32828828970452,68.24512645003104,500.9201566795999,54.511376014283925,0.0,0.0,1.0
2026-01-01 11:58:45,32.321317621563225,67.96651909161947,468.0246628325522,54.53538889977772,0.0,0.0,1.0
2026-01-01 11:58:50,32.3419153327155,68.58447971321336,498.24933258068535,54.5002547318458,0.0,1.0,1.0
2026-01-01 11:58:55,32.30162802690638,68.32946788716484,480.45101099732034,54.4907497149665,0.0,0.0,1.0
2026-01-01 11:59:00,32.25597094403399,68.08906811788265,497.4125615790233,54.53244513752692,0.0,0.0,1.0
2026-01-01 11:59:05,32.273048987288846,67.72360425068689,502.1290548467959,54.5141932226916,0.0,0.0,1.0
2026-01-01 11:59:10,32.26645110998334,67.92649028591913,484.37565352410274,54.51823573268578,0.0,1.0,1.0
2026-01-01 11:59:15,32.174949313108044,68.21769889060405,519.7089234652688,54.50718175615738,0.0,1.0,1.0
2026-01-01 11:59:20,32.10480723802291,68.34934446567175,508.178819167153,54.49253115308299,0.0,0.0,1.0
2026-01-01 11:59:25,32.1546284616763,68.17356719213403,487.41017521900847,54.54636863845276,0.0,0.0,1.0
2026-01-01 11:59:30,32.20435979716394,67.75881595858044,482.5614366531103,54.56770553449954,0.0,0.0,1.0
2026-01-01 11:59:35,32.211645457059305,68.0191090661753,504.02056847590137,54.52597898405784,0.0,1.0,1.0
2026-01-01 11:59:40,32.189190484310004,67.8477737506114,489.1827111110686,54.484260282151865,0.0,0.0,1.0
2026-01-01 11:59:45,32.13402203031713,68.00013943445705,479.80603573418415,54.394612427721526,0.0,1.0,1.0
2026-01-01 11:59:50,32.20014102501148,68.0356812023929,512.6873025651369,54.41721075688919,0.0,0.0,1.0
2026-01-01 11:59:55,32.2342409865004,67.76762351399357,477.79338818203655,54.45878760790713,0.0,0.0,1.0
2026-01-01 12:00:00,32.14683438390196,68.2208653363187,485.3360849020422,54.41277518478161,0.0,1.0,1.0
2026-01-01 12:00:05,32.118887608237905,67.8226185461779,506.75664057098265,54.403651790945794,0.0,0.0,1.0
2026-01-01 12:00:10,32.09381887595617,68.04014985393863,510.8838269516321,54.43593610724794,0.0,1.0,1.0
2026-01-01 12:00:15,32.12415903457713,68.25909761853733,496.487847199182,54.449306336640646,0.0,0.0,1.0
2026-01-01 12:00:20,32.1552510811877,67.85550131315374,488.45905592376704,54.41837824726967,0.0,0.0,1.0
2026-01-01 12:00:25,32.160394279559554,67.96969194781002,492.2933581665828,54.44864276186257,0.0,1.0,1.0
2026-01-01 12:00:30,32.238311389468514,67.97068938317467,492.17255332432336,54.42992477878415,0.0,1.0,1.0
2026-01-01 12:00:35,32.164565858114514,68.73233157774531,502.0632305037968,54.4568766710163,0.0,1.0,1.0
2026-01-01 12:00:40,32.291466957093185,69.28141330971941,466.64657031217297,54.43549510506402,0.0,0.0,1.0
2026-01-01 12:00:45,32.28830494166931,69.57039527920237,486.50315240198427,54.417111352834354,0.0,0.0,1.0
2026-01-01 12:00:50,32.2139427759514,69.1258045822369,494.103209167247,54.40747640327557,0.0,0.0,1.0
2026-01-01 12:00:55,32.28144637572064,68.96785271922532,506.8833638716735,54.32794857746831,0.0,0.0,1.0
2026-01-01 12:01:00,32.246293118754565,68.39414830596195,511.1985206832722,54.307335847118736,0.0,0.0,1.0
2026-01-01 12:01:05,32.375502915372806,68.10651821217988,490.2632722250225,54.36984775355843,0.0,0.0,1.0
2026-01-01 12:01:10,32.44759398447684,67.58179414345518,478.0415454674963,54.27631920240278,0.0,0.0,1.0
2026-01-01 12:01:15,32.503183660362154,67.47002669312684,471.1707102693365,54.3195773535174,0.0,1.0,1.0
2026-01-01 12:01:20,32.41921140095139,68.08309003375581,498.97465072369306,54.27790763845138,0.0,1.0,1.0
2026-01-01 12:01:25,32.420465475730786,68.30040260836513,492.8961488609447,54.32132965474063,0.0,0.0,1.0
2026-01-01 12:01:30,32.53891564050947,68.1017186376082,479.1939000380546,54.23336175850855,0.0,0.0,1.0
2026-01-01 12:01:35,32.62609904993687,67.52275936391372,496.7345374030538,54.17428138770255,0.0,0.0,1.0
2026-01-01 12:01:40,32.66093188177878,67.49862408880162,478.7163008373607,54.2352391839806,1.0,1.0,1.0
2026-01-01 12:01:45,32.607657081272194,67.63258037411838,475.6766657842719,54.20211564773564,1.0,1.0,1.0
2026-01-01 12:01:50,32.41296749380149,68.17789605354125,471.7596962883135,54.28598574926532,1.0,1.0,1.0
2026-01-01 12:01:55,32.37680547833656,67.98827967489683,497.4118966479281,54.42665064983528,0.0,0.0,1.0
2026-01-01 12:02:00,32.29583425281696,68.25895591048096,515.0307030667379,54.62983902135832,0.0,1.0,1.0
2026-01-01 12:02:05,32.14223342161145,68.15954354665286,473.04243972747565,54.7602145981528,0.0,0.0,1.0
2026-01-01 12:02:10,32.055242223125475,68.07723545975627,515.4428539091712,54.83319842603738,0.0,0.0,1.0
2026-01-01 12:02:15,32.112589843336536,67.72395961521953,500.4012795747335,54.9216309861381,0.0,0.0,1.0
2026-01-01 12:02:20,32.12359605508169,67.732952314155,485.736261376991,55.03167346867944,0.0,1.0,1.0
2026-01-01 12:02:25,32.107023838076515,68.3631256748716,482.73102838630064,55.042640249383226,0.0,1.0,1.0
2026-01-01 12:02:30,32.06558034933901,68.47204299729665,501.3074589619817,55.11515061270246,0.0,0.0,1.0
2026-01-01 12:02:35,32.0226212297959,68.34886830104527,488.5878330485352,55.09553344850798,0.0,0.0,1.0
2026-01-01 12:02:40,32.06326783179804,67.74130528336433,497.1434920583409,55.0483681025007,0.0,0.0,1.0
2026-01-01 12:02:45,32.10555698149991,68.06893939722612,495.4868385474058,55.1018136191031,0.0,1.0,1.0
2026-01-01 12:02:50,32.01829768433199,67.87925361597087,487.478118273559,55.132362847201136,0.0,0.0,1.0
2026-01-01 12:02:55,32.009185823426094,68.17196065413842,490.6120923238572,55.06743893432503,0.0,1.0,1.0
2026-01-01 12:03:00,32.03152238671051,68.22574570957366,468.7354558241147,55.09618975699912,0.0,0.0,1.0
2026-01-01 12:03:05,32.08535050403533,67.72196378998403,510.8037090614195,55.11192763314057,0.0,0.0,1.0
2026-01-01 12:03:10,32.072971532255615,68.3360248680829,495.4002696912004,55.166774003312696,0.0,1.0,1.0
2026-01-01 12:03:15,32.06741484224288,68.29285904587181,501.7415951562164,55.09065597289174,0.0,0.0,1.0
2026-01-01 12:03:20,32.17930947408253,68.08665555209771,480.64105874934506,55.0191380811207,0.0,0.0,1.0
2026-01-01 12:03:25,32.2872152707861,67.64728915328337,514.8865611517572,54.949660889133966,0.0,0.0,1.0
2026-01-01 12:03:30,32.243789387196415,67.52168991530955,507.5990327953374,54.961174507896814,0.0,1.0,1.0
2026-01-01 12:03:35,32.11461560135014,68.20865674459611,500.2222207923399,54.92122372800101,0.0,1.0,1.0
2026-01-01 12:03:40,32.14859105938271,68.25147736891142,506.760131041305,54.96325432441438,0.0,0.0,1.0
2026-01-01 12:03:45,32.22713130273805,67.94471348254893,488.737584395766,54.96998100946183,0.0,0.0,1.0
2026-01-01 12:03:50,32.22344029843836,68.398772380138,495.7077182029184,54.89700301357188,0.0,1.0,1.0
2026-01-01 12:03:55,32.17481807237789,68.47444607756829,493.0583603238938,54.89786705432648,0.0,0.0,1.0
2026-01-01 12:04:00,32.212281824353234,68.01511318603302,487.8547859536359,54.85714283235172,0.0,0.0,1.0
2026-01-01 12:04:05,32.43780616859739,67.61153678581965,501.48228999834095,54.83925800215213,0.0,0.0,1.0
2026-01-01 12:04:15,32.42687720343755,68.48895021368035,501.2195183027978,54.79028778501247,0.0,1.0,1.0
2026-01-01 12:04:20,32.48637986531501,68.28540906410775,487.66325634532393,54.74273923464213,0.0,0.0,1.0
2026-01-01 12:04:25,32.46381658281737,68.31940041134453,517.667202341856,54.66918880561495,0.0,0.0,1.0
2026-01-01 12:04:30,32.33714957313738,67.9060814356371,511.5707426740765,54.80594585828602,0.0,0.0,1.0
2026-01-01 12:04:35,32.23996241276755,68.2275619149293,495.93828933126,54.85553233511008,0.0,1.0,1.0
2026-01-01 12:04:40,32.18679161049348,68.21988302251488,494.7397747504469,54.76499871728677,0.0,0.0,1.0
2026-01-01 12:04:45,32.18410756472985,67.88815758662328,509.2698004029847,54.69120483817004,0.0,0.0,1.0
2026-01-01 12:04:50,32.15390579756083,68.16467980091342,477.2550708873552,54.74351304682501,0.0,1.0,1.0
2026-01-01 12:04:55,32.28865363279349,67.46937242975993,489.2278777387295,54.70081619843573,0.0,0.0,1.0
2026-01-01 12:05:00,32.130428685490415,67.59590079645804,521.335614409438,54.80223118401932,0.0,1.0,1.0
2026-01-01 12:05:05,32.1343901923786,67.90445284709111,500.7064773723315,54.83062935563533,0.0,1.0,1.0
2026-01-01 12:05:10,32.200400757920775,68.44951547548065,525.7170085404443,54.825155314222805,0.0,1.0,1.0
2026-01-01 12:05:15,32.24928579971115,68.97484613959105,491.14824379771625,54.82302364156072,0.0,0.0,1.0
2026-01-01 12:05:20,32.348774613381444,68.9166349618906,503.0038732945323,54.71264500152863,0.0,0.0,1.0
2026-01-01 12:05:25,32.44643440880044,68.76155016574386,514.5264120837357,54.762104296189634,0.0,0.0,1.0
2026-01-01 12:05:30,32.415907079177835,68.0890881600047,464.5637747687452,54.75108020028252,0.0,0.0,1.0
2026-01-01 12:05:35,32.45155780690583,67.45455374423202,473.33432952667744,54.73206792124044,0.0,0.0,1.0
2026-01-01 12:05:40,32.46459235112768,67.52872565854543,510.6323424562797,54.721040189499405,0.0,1.0,1.0
2026-01-01 12:05:45,32.46510825074546,68.18601701206222,500.0911501892681,54.690334625637206,0.0,1.0,1.0
2026-01-01 12:05:50,32.45298171741793,67.81890240721079,521.0386002023545,54.658461448663004,0.0,0.0,1.0
2026-01-01 12:05:55,32.412305489362296,67.91216350406168,484.4606726136496,54.685155129806674,0.0,1.0,1.0
2026-01-01 12:06:00,32.407276072859744,68.13456309624759,538.4568025794836,54.68001007511543,0.0,1.0,1.0
2026-01-01 12:06:05,32.392738332879524,68.2080965908387,482.9246972505973,54.63898196186749,0.0,0.0,1.0
2026-01-01 12:06:10,32.47144483032138,67.90811183681679,480.8135531413721,54.67089790934296,0.0,0.0,1.0
2026-01-01 12:06:15,32.4790259946474,67.90147926535762,492.3630641934829,54.71252844158772,0.0,1.0,1.0
2026-01-01 12:06:20,32.36937233969974,68.18814277470149,476.576197477384,54.6668070146206,0.0,1.0,1.0
2026-01-01 12:06:25,32.42971154340841,67.98192989473222,490.4785333574695,54.71351909802369,0.0,0.0,1.0
2026-01-01 12:06:30,32.370140544744395,68.24890046265558,524.2091313335311,54.64716205734102,0.0,1.0,1.0
2026-01-01 12:06:35,32.35842941573746,68.23795461930239,495.459110626557,54.55733714737963,0.0,0.0,1.0
2026-01-01 12:06:40,32.398883970358526,67.85298505601749,520.0260060074299,54.53347372313217,0.0,0.0,1.0
2026-01-01 12:06:45,32.4281088956631,68.11291548821195,524.3295330335152,54.55155360874606,0.0,1.0,1.0
2026-01-01 12:06:50,32.43964703102743,68.13738470598918,543.6733607021467,54.51744640827076,0.0,0.0,1.0
2026-01-01 12:06:55,32.462129918464385,68.08048429039471,490.4711355094401,54.50878422099503,0.0,0.0,1.0
2026-01-01 12:07:00,32.47938145485051,68.03736445382084,484.3677966695109,54.52722683856659,0.0,0.0,1.0
2026-01-01 12:07:05,32.51009672711904,67.7752263232492,480.61744652875456,54.500694869910326,0.0,0.0,1.0
2026-01-01 12:07:10,32.460497282773176,67.93517533095375,486.5107231060664,54.52927864993717,0.0,1.0,1.0
2026-01-01 12:07:15,32.552893527024615,68.4069558703853,478.1329346304154,54.51822433413577,0.0,1.0,1.0
2026-01-01 12:07:20,32.50324575403227,68.6420656711108,527.5297218771108,54.49110039294784,0.0,0.0,1.0
2026-01-01 12:07:25,32.57735676724428,68.85687159784989,498.7189050314993,54.47944973480927,0.0,0.0,1.0
2026-01-01 12:07:30,32.55777972321092,68.58203812874922,496.6889389571659,54.45502915378727,0.0,0.0,1.0
2026-01-01 12:07:35,32.626016031701994,68.13922305343085,493.9028660979681,54.42788982197949,0.0,0.0,1.0
2026-01-01 12:07:40,32.67137329765473,67.74300072085278,479.4090301052772,54.50174287885831,0.0,0.0,1.0
2026-01-01 12:07:45,32.703278813811224,68.1463267231649,496.9847680072888,54.44852609153736,0.0,1.0,1.0
2026-01-01 12:07:50,32.64433059588201,67.72227924577982,520.7166610495757,54.45539984517092,0.0,0.0,1.0
2026-01-01 12:07:55,32.67696298241647,68.0050699299089,547.3768070877082,54.483661628139565,0.0,1.0,1.0
2026-01-01 12:08:00,32.52818211626161,67.92647809243547,490.1026046557002,54.43558598155264,0.0,0.0,1.0
2026-01-01 12:08:05,32.47744324277719,68.43734261922701,514.7312351849471,54.388254608006335,0.0,1.0,1.0
2026-01-01 12:08:10,32.401578715729855,68.33907747613608,507.590631296748,54.40597564302671,0.0,0.0,1.0
2026-01-01 12:08:15,32.38290533584003,68.10854635896185,512.3506570733365,54.38035201638365,0.0,0.0,1.0
2026-01-01 12:08:20,32.46855296194363,67.67550292578713,491.781117439196,54.39305248301655,0.0,0.0,1.0
2026-01-01 12:08:25,32.38430868413389,67.97085221195046,483.45707526227415,54.32314650340865,0.0,1.0,1.0
2026-01-01 12:08:30,32.390310696224,68.15936841820786,494.3154973674183,54.283945867206526,0.0,1.0,1.0
2026-01-01 12:08:35,32.396394281644994,68.21340303001955,469.3134137589736,54.292920204432896,0.0,0.0,1.0
2026-01-01 12:08:40,32.406047908779136,67.89926776120043,510.7915959966244,54.24764585307033,0.0,0.0,1.0
2026-01-01 12:08:45,32.31170451913349,67.83753952990233,482.10803273595815,54.37152362232547,0.0,1.0,1.0
2026-01-01 12:08:50,32.335691753121615,68.52913536969142,450.95683701941823,54.25552088229393,0.0,1.0,1.0
2026-01-01 12:08:55,32.30712127718218,68.61629156874349,512.939993141235,54.295466822894525,0.0,0.0,1.0
2026-01-01 12:09:00,32.24564433156848,68.53945758014522,496.6464990634772,54.24332301247146,0.0,0.0,1.0
2026-01-01 12:09:05,32.27463368140851,67.96000120969371,493.765588312548,54.182780668357495,0.0,0.0,1.0
2026-01-01 12:09:10,32.27657692623909,68.18305921470534,513.3397414665288,54.19729144100123,1.0,1.0,1.0
2026-01-01 12:09:15,32.26593589275279,68.26393955353161,508.1754501568293,54.222757417634085,1.0,0.0,1.0
2026-01-01 12:09:20,32.27345010530073,67.78315633780626,510.77938583065264,54.21198936526439,1.0,0.0,1.0
2026-01-01 12:09:25,32.217621087776465,68.21108630286767,499.8940829257323,54.29409606597257,0.0,1.0,1.0
2026-01-01 12:09:30,32.2756515518152,68.23529987153509,501.8923495505293,54.50400823037033,0.0,0.0,1.0
2026-01-01 12:09:35,32.31978743665899,67.88845470726592,515.667993792756,54.65487380740884,0.0,0.0,1.0
2026-01-01 12:09:40,32.26935484099815,68.14461168378554,496.72251825307006,54.74800146610693,0.0,1.0,1.0
2026-01-01 12:09:45,32.34691331409946,68.1397737257737,494.4499049234607,54.77219033707706,0.0,0.0,1.0
2026-01-01 12:09:50,32.337430217646336,67.82692306740401,489.3347790868153,54.837705001877616,0.0,0.0,1.0
2026-01-01 12:09:55,32.338325188927875,68.07492513501757,516.0374013552677,54.90197054907656,0.0,1.0,1.0
2026-01-01 12:10:00,32.370948895921984,68.06105795695977,499.1321036273495,54.914460973036014,0.0,0.0,1.0
2026-01-01 12:10:05,32.34834893785326,67.59925860357403,460.51662259199065,54.96161589410679,0.0,0.0,1.0
2026-01-01 12:10:10,32.363395227271404,67.81119959478833,476.178704484578,54.95422269518328,0.0,1.0,1.0
2026-01-01 12:10:15,32.314401791664615,68.26478672597884,518.8297586552418,54.97075461940888,0.0,1.0,1.0
2026-01-01 12:10:20,32.39857318665824,68.11464131245988,514.0903120607961,54.96477087620267,0.0,0.0,1.0
2026-01-01 12:10:25,32.499051686423954,68.04631116018894,485.03735737504655,54.92764428221148,0.0,0.0,1.0
2026-01-01 12:10:30,32.47637958314632,67.92817495150962,513.9971296937828,54.949242477731545,0.0,0.0,1.0
2026-01-01 12:10:35,32.43953115025731,68.14628673062866,498.5421927233829,54.931736821784526,0.0,1.0,1.0
2026-01-01 12:10:40,32.55717166874357,68.05453673572919,478.2466646157519,54.91911250084425,0.0,0.0,1.0
2026-01-01 12:10:45,32.564024321572404,67.87094891314435,486.7885037764056,54.78762809940888,0.0,0.0,1.0
2026-01-01 12:10:50,32.558749134101284,68.18392308048547,508.90923300167634,54.77355087033422,0.0,1.0,1.0
2026-01-01 12:10:55,32.633282891203805,68.20558284010018,474.5915096712674,54.85804471675238,0.0,0.0,1.0
2026-01-01 12:11:00,32.63341183949086,68.02816392185046,486.5960779669415,54.86307622842037,0.0,0.0,1.0
2026-01-01 12:11:05,32.54848712064669,67.68185688860594,473.3685366371434,54.80184507725356,0.0,0.0,1.0
2026-01-01 12:11:10,32.58407530541402,67.7438268487807,494.0594381463295,54.80036346635536,0.0,1.0,1.0
2026-01-01 12:11:15,32.611718681832535,68.43306691722933,494.32182247769873,54.891415864832354,0.0,1.0,1.0
2026-01-01 12:11:20,32.64465401637648,68.59419293458502,520.8045256772692,54.85983306298159,0.0,0.0,1.0
2026-01-01 12:11:25,32.66102687919664,68.56928927880598,502.4252113780093,54.82137445942794,0.0,0.0,1.0
2026-01-01 12:11:30,32.64454049690124,68.03427141523703,505.1394844887511,54.80186647223353,0.0,0.0,1.0
2026-01-01 12:11:35,32.63625411195284,67.77879602872112,473.8631922142616,54.75345585239744,0.0,0.0,1.0
2026-01-01 12:11:40,32.67881406229646,68.01787720826891,494.6786125160399,54.6959142816912,0.0,1.0,1.0
2026-01-01 12:11:45,32.62933490636486,67.80002602822265,502.7577969671548,54.727060280477865,0.0,0.0,1.0
2026-01-01 12:11:50,32.63913081699936,68.05985636568327,474.1209053038903,54.69908273688977,0.0,1.0,1.0
2026-01-01 12:11:55,32.64492830589016,67.99010001802945,492.0070022122408,54.65534626569851,0.0,0.0,1.0
2026-01-01 12:12:00,32.64069940380071,68.18066192315469,463.6546889127917,54.66139927628973,0.0,1.0,1.0
2026-01-01 12:12:05,32.591879904887875,68.05623167945885,462.0265676840725,54.7203595787288,0.0,0.0,1.0
2026-01-01 12:12:10,32.53070896128028,67.97898920216015,495.6895228170647,54.691737920854166,0.0,0.0,1.0
2026-01-01 12:12:15,32.53192941811477,67.9204595014793,486.287808249275,54.68380346838367,0.0,1.0,1.0
2026-01-01 12:12:20,32.41911088870542,68.42496302177985,464.46535084132336,54.67036574523662,0.0,1.0,1.0
2026-01-01 12:12:25,32.48443667780867,68.6934285441364,500.9001976123941,54.69340999396537,0.0,0.0,1.0
2026-01-01 12:12:30,32.43917109072868,68.27027132928741,471.2343845280112,54.66530134255769,0.0,0.0,1.0
2026-01-01 12:12:35,32.47609034252878,67.94694999644332,452.2339086536439,54.72162244007568,0.0,0.0,1.0
2026-01-01 12:12:40,32.494126832563275,67.85551611714257,506.97934625312985,54.622821416040765,0.0,1.0,1.0
2026-01-01 12:12:45,32.36187411684999,68.07089946234834,466.0710760402372,54.609010476748615,0.0,1.0,1.0
2026-01-01 12:12:50,32.42658488681504,68.1909117460115,479.7970631191713,54.58304900571314,0.0,0.0,1.0
2026-01-01 12:12:55,32.40761036655631,67.94381460557315,479.2059526045767,54.53579689114168,0.0,0.0,1.0
2026-01-01 12:13:00,32.47187743839656,68.26124410890132,472.8934680789624,54.614267490752304,0.0,1.0,1.0
2026-01-01 12:13:05,32.52864036803373,67.98658003494805,505.0589646485774,54.52758975347673,0.0,0.0,1.0
2026-01-01 12:13:10,32.492425833366376,68.16370588976685,479.3415198167576,54.54023448979732,0.0,1.0,1.0
2026-01-01 12:13:15,32.54387359533716,67.89764930709823,487.37977920060143,54.50659251107655,0.0,0.0,1.0
2026-01-01 12:13:20,32.49466366630512,68.28643915350142,528.0384587648191,54.52821010496607,0.0,1.0,1.0
2026-01-01 12:13:25,32.55646503790645,68.10797943355736,503.547517403132,54.52906242151275,0.0,0.0,1.0
2026-01-01 12:13:30,32.57614897965665,67.88943431829655,471.29141091347145,54.52029891941941,0.0,0.0,1.0
2026-01-01 12:13:35,32.52628075573276,68.03236646585202,517.2946267379804,54.50089406709037,0.0,1.0,1.0
2026-01-01 12:13:40,32.45526687762389,67.83336331782552,467.0457418550197,54.47979424029245,0.0,0.0,1.0
2026-01-01 12:13:45,32.427310175543454,68.55410985618862,498.6772565799863,54.48031981564409,0.0,1.0,1.0
2026-01-01 12:13:50,32.43991045135086,68.29652451560035,513.7759372881384,54.45918236315811,0.0,0.0,1.0
2026-01-01 12:13:55,32.35317247305638,68.00820927380204,494.5429427356823,54.44602270909348,0.0,0.0,1.0
2026-01-01 12:14:00,32.41817125613311,67.53864966788328,476.3791671488274,54.46195165353153,0.0,0.0,1.0
2026-01-01 12:14:05,32.281906776935806,67.70434989610592,489.8535986069545,54.424316285331855,0.0,1.0,1.0
2026-01-01 12:14:10,32.237373920375944,67.94782401102557,499.02572542790176,54.38259777660696,0.0,1.0,1.0
2026-01-01 12:14:15,32.231898850579974,68.5759249301002,470.5929765935725,54.31663996159006,0.0,1.0,1.0
2026-01-01 12:14:20,32.22990778811913,68.41283556351172,479.7378097961661,54.30352934850845,0.0,0.0,1.0
2026-01-01 12:14:25,32.33451982380495,68.16579315627531,474.9030489230652,54.34690902308897,0.0,0.0,1.0
2026-01-01 12:14:30,32.34245679308999,67.96766090421764,495.8209267275329,54.32205474445678,0.0,0.0,1.0
2026-01-01 12:14:35,32.418601352086085,68.2930634351599,519.9476323575949,54.37008952627228,0.0,1.0,1.0
2026-01-01 12:14:40,32.53716386321261,67.99256539358169,492.0932593874104,54.32199162147686,0.0,0.0,1.0
2026-01-01 12:14:45,32.620941201746625,68.15745651569351,497.0910885486365,54.37940399748667,0.0,1.0,1.0
2026-01-01 12:14:50,32.5563711871902,68.3690427735415,484.2696680220141,54.32359008167926,0.0,0.0,1.0
2026-01-01 12:14:55,32.56373108008235,67.99164194676999,527.3915158460591,54.24076992609004,0.0,0.0,1.0
2026-01-01 12:15:00,32.49806680535664,68.13397458726176,517.58106637667,54.27429428558816,0.0,1.0,1.0
2026-01-01 12:15:05,32.462903250708905,68.2400660757075,496.6953481274827,54.2927296875532,0.0,0.0,1.0
2026-01-01 12:15:10,32.474531345383795,68.02663171447227,487.4989675375752,54.27833329420236,0.0,0.0,1.0
2026-01-01 12:15:15,32.38792031094555,67.47172310509974,491.338884537642,54.2608021270128,0.0,0.0,1.0
2026-01-01 12:15:20,32.35123118141074,67.4238551464875,507.92148616013645,54.21988889532415,0.0,1.0,1.0
2026-01-01 12:15:25,32.27809279442205,68.19831408627147,481.5012319972925,54.22914983411698,0.0,1.0,1.0
2026-01-01 12:15:30,32.31456875978776,68.24700773214273,520.8332961240845,54.17968183362623,0.0,0.0,1.0
2026-01-01 12:15:35,32.4802741471473,68.28809594779523,520.5521352818179,54.14865691667656,1.0,0.0,1.0
2026-01-01 12:15:40,32.58795458303118,67.80833389387668,514.7330650861962,54.1272730240608,1.0,0.0,1.0
2026-01-01 12:15:45,32.57008623291227,67.96476591503342,481.23111315639846,54.18232730966521,1.0,1.0,1.0
2026-01-01 12:15:50,32.596255427179294,68.64578733558494,521.0548146391998,54.29434904757379,1.0,1.0,1.0
2026-01-01 12:15:55,32.501521327530675,68.62749522303496,463.5962784295294,54.46677465593454,1.0,0.0,1.0
2026-01-01 12:16:00,32.515155958637166,68.69823774641135,483.6349091592831,54.607234784530846,1.0,0.0,1.0
2026-01-01 12:16:05,32.47963476587439,68.32015875137313,470.4893602070357,54.813577722282375,0.0,0.0,1.0
2026-01-01 12:16:10,32.52990541864895,68.23661068934628,497.5107092918824,55.02653084382871,0.0,0.0,1.0
2026-01-01 12:16:15,32.46559212638467,67.67393812064522,495.7650108688342,55.18805467534997,0.0,0.0,1.0
2026-01-01 12:16:20,32.44298371711993,67.77523424945767,485.8738733298381,55.40427633989252,0.0,1.0,1.0
2026-01-01 12:16:25,32.47303711310276,68.00085925868775,501.0817438924197,55.4384142092803,0.0,1.0,1.0
2026-01-01 12:16:30,32.50990036032648,68.34990380112694,529.0791006878361,55.59191055558904,0.0,0.0,1.0
2026-01-01 12:16:35,32.56847783271259,68.02703839719403,501.94944789899534,55.6543747386935,0.0,0.0,1.0
2026-01-01 12:16:40,32.664233878193215,67.93039433004073,479.59351987905455,55.72610556597714,0.0,0.0,1.0
2026-01-01 12:16:45,32.75869347311485,68.04341248735646,497.6124074398442,55.82253557201966,0.0,1.0,1.0
2026-01-01 12:16:50,32.74752916794827,67.73811811639818,494.7202505621695,55.83139398478116,0.0,0.0,1.0
2026-01-01 12:16:55,32.7232715618276,67.81428383093498,515.7052094387997,55.747034075893175,0.0,1.0,1.0
2026-01-01 12:17:00,32.68076153576682,68.07081356335809,501.3148234681761,55.734566293673694,0.0,1.0,1.0
2026-01-01 12:17:05,32.73504746124562,68.37635910705463,501.8726130640642,55.743167996181086,0.0,0.0,1.0
2026-01-01 12:17:10,32.76121452305294,68.2203435946313,520.6911517083108,55.71782185644318,0.0,0.0,1.0
2026-01-01 12:17:15,32.70962719727651,67.9960255815599,496.5770629172654,55.736364193476376,0.0,0.0,1.0
2026-01-01 12:17:20,32.78553672031845,68.02095337277957,482.3783884398631,55.71966131349349,0.0,1.0,1.0
2026-01-01 12:17:25,32.757342364393615,67.66467838170315,493.54283541874537,55.73391459745957,0.0,0.0,1.0
2026-01-01 12:17:30,32.65979568956115,67.8575275504575,508.80489616787327,55.61378150212096,0.0,1.0,1.0
2026-01-01 12:17:35,32.57168005119253,68.29517312898022,513.5311546761329,55.66696317891295,0.0,1.0,1.0
2026-01-01 12:17:40,32.6008666752247,68.39406974638226,492.4040586044929,55.59958508917176,0.0,0.0,1.0
2026-01-01 12:17:45,32.69298932683207,67.89487248483928,497.9881394769972,55.59922001263139,0.0,0.0,1.0
2026-01-01 12:17:50,32.676058559154576,68.02014681663557,465.94458792153074,55.6818075267346,0.0,1.0,1.0
2026-01-01 12:17:55,32.79470620643414,67.47158961625261,502.0314873000892,55.66234792322481,0.0,0.0,1.0
2026-01-01 12:18:00,32.682004399262134,67.64338582740075,519.8691419854861,55.62901134061861,0.0,1.0,1.0
2026-01-01 12:18:05,32.58905924813495,67.95645836232204,475.2756206432069,55.5895592845976,0.0,1.0,1.0
2026-01-01 12:18:10,32.58322946002609,68.80916702508149,513.5485523543474,55.515733681770975,0.0,1.0,1.0
2026-01-01 12:18:15,32.43882329168911,69.17376543284642,490.3023410483712,55.46663900828099,0.0,0.0,1.0
2026-01-01 12:18:20,32.467929510857104,69.07264819258513,492.8118390899822,55.50299257009876,0.0,0.0,1.0
2026-01-01 12:18:25,32.50563130453681,68.82769422008485,486.9139384924712,55.480065865450975,0.0,0.0,1.0
2026-01-01 12:18:30,32.533655535424174,68.21241295484461,493.0982401951784,55.44902954163196,0.0,0.0,1.0
2026-01-01 12:18:35,32.637480286697034,68.08387497016749,506.4541790032304,55.41467299696818,0.0,0.0,1.0
2026-01-01 12:18:40,32.712980677980944,67.51189293627256,464.2278159338527,55.46133941928913,0.0,0.0,1.0
2026-01-01 12:18:45,32.729324853148086,67.40569510961541,484.9593554084822,55.40452587624121,0.0,1.0,1.0
2026-01-01 12:18:50,32.72471338312336,67.71156250253165,493.4904650488695,55.41799963492112,0.0,1.0,1.0
2026-01-01 12:18:55,32.558326446526365,68.28799861791356,499.9335842172849,55.4408997024232,0.0,1.0,1.0
2026-01-01 12:19:00,32.695528955774115,68.45393060022309,518.5827128982875,55.411138786225976,0.0,0.0,1.0
2026-01-01 12:19:05,32.64430531971185,68.17703277526526,499.2363405524048,55.45967711468218,0.0,0.0,1.0
2026-01-01 12:19:10,32.637593761501904,67.65596113995558,498.39949382129777,55.459371275555526,0.0,0.0,1.0
2026-01-01 12:19:15,32.57394942691813,67.98236985006825,495.5798742432403,55.35267949781422,0.0,1.0,1.0
2026-01-01 12:19:20,32.481125642036616,68.37186324376357,496.65722902615096,55.40145444412733,0.0,1.0,1.0
2026-01-01 12:19:25,32.47486554217284,68.58792032850417,477.2270008772535,55.39584238513771,0.0,0.0,1.0
2026-01-01 12:19:30,32.35733189806694,68.49242305336725,497.5832212074533,55.29420691203612,0.0,0.0,1.0
2026-01-01 12:19:35,32.382471333394825,67.93690282181802,496.0479956203322,55.40552135517652,0.0,0.0,1.0
2026-01-01 12:19:40,32.36471654043316,68.46267279450396,511.39708486959535,55.37555378449301,0.0,1.0,1.0
2026-01-01 12:19:45,32.255706132430085,68.35425327834812,500.03690963439294,55.32987729039601,0.0,0.0,1.0
2026-01-01 12:19:50,32.36905694928125,68.15861173416778,497.2030505619256,55.32277856784528,0.0,0.0,1.0
2026-01-01 12:19:55,32.381409784459045,67.98008858380028,485.3740265080648,55.343929442414975,0.0,0.0,1.0
2026-01-01 12:20:00,32.43905091138392,68.20383838275622,516.1757724178644,55.36655625750518,0.0,1.0,1.0
2026-01-01 12:20:05,32.46150254554522,68.01248871678843,504.86065792675856,55.307448322231245,0.0,0.0,1.0
2026-01-01 12:20:10,32.43046721276481,67.67459457602742,452.9420448568905,55.27178154341136,0.0,0.0,1.0
2026-01-01 12:20:15,32.373097678259015,67.66212981544747,496.8772120083016,55.26079851254181,0.0,1.0,1.0
2026-01-01 12:20:20,32.35586747750649,67.58706193873591,454.4949524279009,55.26655056752092,0.0,1.0,1.0
2026-01-01 12:20:25,32.39203207899072,68.31252018769612,525.8947938153846,55.28133785967948,0.0,1.0,1.0
2026-01-01 12:20:30,32.490922135158364,68.60432845487043,509.2470941649113,55.23777105966653,0.0,0.0,1.0
2026-01-01 12:20:35,32.48331083187747,68.65520079546013,487.89232355131,55.25052332759222,0.0,0.0,1.0
2026-01-01 12:20:40,32.5035620434139,68.36405567538752,550.2438948756306,55.20573437926763,0.0,0.0,1.0
2026-01-01 12:20:45,32.49528359583958,67.75958897853256,487.8729749641556,55.17632004082225,0.0,0.0,1.0
2026-01-01 12:20:50,32.52675257725474,67.66360445691903,497.51794267415903,55.1765076232309,0.0,1.0,1.0
2026-01-01 12:20:55,32.47251624425556,67.99031160432331,467.4175263000769,55.14813903413895,0.0,1.0,1.0
2026-01-01 12:21:00,32.414976254782886,68.63950837567296,494.23305654474456,55.155530575697696,0.0,1.0,1.0
2026-01-01 12:21:05,32.43847666349073,68.36737354529545,502.9888974969708,55.11174868969854,0.0,0.0,1.0
2026-01-01 12:21:10,32.48326384858387,68.37135273559856,465.28595434584565,55.11862193305235,0.0,0.0,1.0
2026-01-01 12:21:15,32.51913422461921,67.96391737019034,506.0314928263275,55.124811826782654,0.0,0.0,1.0
2026-01-01 12:21:20,32.50020796067021,68.15988920941845,480.1125956011522,55.15947012509369,0.0,1.0,1.0
2026-01-01 12:21:25,32.565275189124414,68.23090809694796,462.87599501888207,55.08490527463876,0.0,0.0,1.0
2026-01-01 12:21:30,32.592861086008014,68.21910987715044,531.7439584756023,55.09971628892036,0.0,0.0,1.0
2026-01-01 12:21:35,32.653930228602164,68.0702200935622,501.379205220748,55.1244254655452,0.0,0.0,1.0
2026-01-01 12:21:40,32.722001416188185,67.62941396376527,511.3154850765293,55.04752303359019,0.0,0.0,1.0
2026-01-01 12:21:45,32.73662621166418,68.10435228460126,493.1793588765315,54.99106341073157,0.0,1.0,1.0
2026-01-01 12:21:50,32.77938019687571,68.04596289192945,468.9619363023782,54.94257113198295,0.0,0.0,1.0
2026-01-01 12:21:55,32.78466019067342,67.70551334952617,482.7544751996337,54.97146152727777,0.0,0.0,1.0
2026-01-01 12:22:00,32.728456664324625,67.64101939727857,495.37661736809423,54.92626652588095,0.0,1.0,1.0
2026-01-01 12:22:05,32.70220927448916,67.80097067518588,461.35795919558205,54.96556783794913,0.0,1.0,1.0
2026-01-01 12:22:10,32.76715087940302,68.29992179952018,500.4216792894614,54.88531258857928,0.0,1.0,1.0
2026-01-01 12:22:15,32.61589317671942,68.61133328321004,491.7806678322789,54.91076275512857,0.0,0.0,1.0
2026-01-01 12:22:20,32.497176242457805,68.75537662032782,481.50741015131103,54.87345121652277,0.0,0.0,1.0
2026-01-01 12:22:25,32.52493046587039,68.53069259147377,492.1483689686677,54.84934783258086,0.0,0.0,1.0
2026-01-01 12:22:30,32.59798830647963,67.86751615624384,502.1706018903912,54.856056939287086,0.0,0.0,1.0
2026-01-01 12:22:35,32.59528397067206,68.01751853671738,474.49379356528414,54.88418243276587,0.0,1.0,1.0
2026-01-01 12:22:40,32.5419113414317,67.65281491264531,496.2460985787183,54.88272444611391,0.0,0.0,1.0
2026-01-01 12:22:45,32.594678404036365,68.08893744731095,465.6117441006664,54.90521332026725,0.0,1.0,1.0
2026-01-01 12:22:50,32.593895774712905,68.04227270676047,474.5691579686481,54.88169104931455,0.0,0.0,1.0
2026-01-01 12:22:55,32.54108996697373,67.70660168206021,491.9120507598825,54.82419647678678,0.0,0.0,1.0
2026-01-01 12:23:00,32.564706939968026,67.72107417064001,503.48769320230485,54.77242378354096,0.0,1.0,1.0
2026-01-01 12:23:05,32.42945888895492,68.17955453480091,486.4486007521911,54.76600935864776,0.0,1.0,1.0
2026-01-01 12:23:10,32.37799311652817,68.33344494335678,514.4058386210792,54.75682811179227,0.0,0.0,1.0
2026-01-01 12:23:15,32.4929588100683,68.23972223686467,496.1783955027917,54.71115487131976,0.0,0.0,1.0
2026-01-01 12:23:20,32.64803591157838,67.8388247185,487.0509361502568,54.65798126500987,0.0,0.0,1.0
2026-01-01 12:23:25,32.72284437973088,68.26970566565284,536.8898728787917,54.67595483587183,0.0,1.0,1.0
2026-01-01 12:23:30,32.69162925588152,68.04004387189447,475.627704382256,54.71487949221493,0.0,0.0,1.0
2026-01-01 12:23:35,32.77392395095898,67.9406698520708,507.5877177564337,54.66045867502214,0.0,0.0,1.0
2026-01-01 12:23:40,32.704806964255724,67.93944623782168,494.9864233587521,54.65819339979545,0.0,1.0,1.0
2026-01-01 12:23:45,32.6377781938735,68.31174389455379,493.1646609103879,54.64643158931709,0.0,1.0,1.0
2026-01-01 12:23:50,32.56840365597369,68.23164711107151,471.57779235498754,54.64649090496049,0.0,0.0,1.0
2026-01-01 12:23:55,32.59624245170662,67.95280579882866,495.1661088378007,54.64092962105728,0.0,0.0,1.0
2026-01-01 12:24:00,32.57610719759181,68.16688733839305,511.5895569462886,54.57870579509674,0.0,1.0,1.0
2026-01-01 12:24:05,32.55969800026601,67.96203137122934,468.29060458644005,54.562523432103006,0.0,0.0,1.0
2026-01-01 12:24:10,32.526204017333065,67.82501096120988,495.8591361041789,54.54565104279567,0.0,1.0,1.0
2026-01-01 12:24:15,32.54396708317614,68.16853233285133,486.1960697239796,54.55441140399992,0.0,1.0,1.0
2026-01-01 12:24:20,32.51873195334973,68.36713460704823,511.2870231408757,54.56236409042483,0.0,0.0,1.0
2026-01-01 12:24:25,32.57520665946775,67.8961986757935,460.4186381321872,54.59251049696428,0.0,0.0,1.0
2026-01-01 12:24:30,32.556900016259725,68.22267329843365,471.07516460047503,54.5561722370366,0.0,1.0,1.0
2026-01-01 12:24:35,32.53373577752872,67.9012081049464,482.57104670316994,54.62844165727896,0.0,0.0,1.0
2026-01-01 12:24:40,32.620052554534304,68.28748166761935,508.8717097508563,54.58391981639521,0.0,1.0,1.0
2026-01-01 12:24:45,32.6757693393354,68.22555191866726,492.9048715541433,54.62090450859762,0.0,0.0,1.0
2026-01-01 12:24:50,32.60013993286581,67.86474658372136,497.591232244481,54.58403669650436,0.0,0.0,1.0
2026-01-01 12:24:55,32.724370936619295,68.20534679777846,488.15006375740495,54.6586205400415,0.0,1.0,1.0
2026-01-01 12:25:00,32.68463431682408,67.97953049258977,496.8137798105214,54.58845991771399,0.0,0.0,1.0
2026-01-01 12:25:05,32.66161376907768,68.29329313996087,472.9399472323773,54.55464855590392,0.0,1.0,1.0
2026-01-01 12:25:10,32.666777320217605,68.1408650239722,496.0134167798323,54.56706483249978,0.0,0.0,1.0
2026-01-01 12:25:15,32.6946872020962,67.89186251255389,493.8833186280937,54.47686590948864,0.0,0.0,1.0
2026-01-01 12:25:20,32.84353232590784,67.76215155696943,488.7438517743672,54.44200898221314,0.0,1.0,1.0
2026-01-01 12:25:25,32.79090307496453,68.23509711260945,493.1070264592551,54.4096056200121,0.0,1.0,1.0
2026-01-01 12:25:30,32.705426828373646,68.33110065784514,483.02629835227646,54.39960678962398,0.0,0.0,1.0
2026-01-01 12:25:35,32.66601362673,67.931985413654,493.5754780748051,54.492754272696914,0.0,0.0,1.0
2026-01-01 12:25:40,32.58591090310716,67.99583617981934,514.3251916612314,54.50617831086401,0.0,1.0,1.0
2026-01-01 12:25:45,32.50681741122557,68.41249994983832,484.1212465353706,54.47053553916723,0.0,1.0,1.0
2026-01-01 12:25:50,32.43211440672552,68.58311115368576,499.2603645909794,54.46539514184768,0.0,0.0,1.0
2026-01-01 12:25:55,32.52442248657324,68.12824382113561,530.9271629172378,54.49025392632381,0.0,0.0,1.0
2026-01-01 12:26:00,32.552141231267,67.58875784007293,505.64290125960974,54.4656751791412,0.0,0.0,1.0
2026-01-01 12:26:05,32.605709381485816,67.72042603890525,496.9289020104746,54.45162013544598,0.0,1.0,1.0
2026-01-01 12:26:10,32.54154896004872,67.98835130713258,484.5398138981803,54.413643793031696,0.0,1.0,1.0
2026-01-01 12:26:15,32.4981850542893,68.32768228089772,487.54686450592186,54.40296523877245,0.0,1.0,1.0
2026-01-01 12:26:20,32.44592665630153,68.14413217938828,515.7047489679409,54.41352683388672,0.0,0.0,1.0
2026-01-01 12:26:25,32.53536173832684,67.88623332842523,457.87057887194806,54.3767682443717,0.0,0.0,1.0
2026-01-01 12:26:30,32.5408809507395,68.03019837786616,494.4893230819615,54.43121805979781,0.0,1.0,1.0
2026-01-01 12:26:35,32.52409294867578,67.58132672738449,495.19685730020734,54.37314918515075,0.0,0.0,1.0
2026-01-01 12:26:40,32.56904561914485,67.79802217388905,480.7909503835273,54.36404418337891,0.0,1.0,1.0
2026-01-01 12:26:45,32.50691352971038,68.05450924194133,486.1795698331679,54.28176645616023,0.0,1.0,1.0
2026-01-01 12:26:50,32.494978891550055,68.20489844915257,486.580437472407,54.32868155330347,0.0,0.0,1.0
2026-01-01 12:26:55,32.519371590054426,68.15761046502516,510.5260599948802,54.35211994020079,0.0,0.0,1.0
2026-01-01 12:27:00,32.58682344752686,67.958688250079,490.8948860605144,54.25057778418267,0.0,0.0,1.0
2026-01-01 12:27:05,32.542156120365874,68.02345954113238,476.4249987279397,54.24436388059412,0.0,1.0,1.0
2026-01-01 12:27:10,32.49158688102273,68.04800271671934,510.1111098108974,54.28318217851579,0.0,0.0,1.0
2026-01-01 12:27:15,32.4900721744817,67.46415753316236,462.2883213683484,54.27637063611566,0.0,0.0,1.0
2026-01-01 12:27:20,32.51411819264207,67.55032226540841,494.8333566104944,54.3169713420438,0.0,1.0,1.0
2026-01-01 12:27:25,32.47645601138481,68.37367209875441,487.2246205090953,54.26394599364487,0.0,1.0,1.0
2026-01-01 12:27:30,32.40432568822441,68.14386221984068,504.3732298382566,54.26998040396086,0.0,0.0,1.0
2026-01-01 12:27:35,32.33899668577778,67.95000239612669,474.1107823871856,54.28557230869484,0.0,0.0,1.0
2026-01-01 12:27:40,32.28679200458542,68.17154573746411,467.89514093130725,54.22923458379534,0.0,1.0,1.0
2026-01-01 12:27:45,32.39895838910855,68.01664751684758,497.2396088936245,54.287454138246574,0.0,0.0,1.0
2026-01-01 12:27:50,32.34997690850883,67.73086747135062,492.1025909928221,54.28215728898802,0.0,0.0,1.0
2026-01-01 12:27:55,32.403410538148584,67.71698739104613,462.3715910364815,54.35317960504065,0.0,1.0,1.0
2026-01-01 12:28:00,32.29514118642868,67.98003215598742,502.9552821511625,54.35173393813324,0.0,1.0,1.0
2026-01-01 12:28:05,32.2854861165641,68.73121069251715,474.4111047788039,54.33788652883512,0.0,1.0,1.0
2026-01-01 12:28:10,32.258880917811815,68.90319395592714,494.47021327091386,54.32046511146288,0.0,0.0,1.0
2026-01-01 12:28:15,32.338876263859305,68.45318496028165,532.514510019679,54.21415139879019,0.0,0.0,1.0
2026-01-01 12:28:20,32.34724357705109,68.0919428145502,469.17064490126376,54.218514214351146,0.0,0.0,1.0
2026-01-01 12:28:25,32.5051494971718,67.71857920231811,485.9572775601248,54.227462382932295,0.0,0.0,1.0
2026-01-01 12:28:30,32.479880121732805,68.1287418549091,461.22551256046194,54.156003922289216,0.0,1.0,1.0
2026-01-01 12:28:35,32.464200752804054,67.83123903213973,478.327934718921,54.18271829474517,1.0,0.0,1.0
2026-01-01 12:28:40,32.60257128553532,68.27792456079317,524.0381649278094,54.13701186755407,1.0,1.0,1.0
2026-01-01 12:28:45,32.593031533530734,68.0662901842801,512.4046389102582,54.21508010279192,1.0,0.0,1.0
2026-01-01 12:28:50,32.594515795260264,67.44828534706969,496.4753388485257,54.3815858579992,0.0,0.0,1.0
2026-01-01 12:28:55,32.51256840077889,67.6999377948428,478.14662495243255,54.47643341980254,0.0,1.0,1.0
2026-01-01 12:29:00,32.490181592052906,68.10282917347713,496.0642789154451,54.58462761382469,0.0,1.0,1.0
2026-01-01 12:29:05,32.427676475296586,68.32032329356147,481.2050327427005,54.65157202543706,0.0,0.0,1.0
2026-01-01 12:29:10,32.46641958071382,68.15781779636816,476.26482707645306,54.766531173709815,0.0,0.0,1.0
2026-01-01 12:29:15,32.42065931064676,67.54168341657918,484.3922575594658,54.74751869714548,0.0,0.0,1.0
2026-01-01 12:29:20,32.520884730225376,68.12395246677245,486.99191126829805,54.79469329980749,0.0,1.0,1.0
2026-01-01 12:29:25,32.50642678768556,68.06131307155263,482.0583725403199,54.81555743849248,0.0,0.0,1.0
2026-01-01 12:29:30,32.54651029814951,67.80555546199973,465.2824989200341,54.74173604531767,0.0,0.0,1.0
2026-01-01 12:29:35,32.538252636157985,67.92968737071185,481.9746674726549,54.81446472386442,0.0,1.0,1.0
2026-01-01 12:29:40,32.54703853968516,68.3177919713039,493.5384154228331,54.86039360823219,0.0,1.0,1.0
2026-01-01 12:29:45,32.648562251323106,68.46895680634344,502.8621444592103,54.8340862304791,0.0,0.0,1.0
2026-01-01 12:29:50,32.65728541522315,68.05906217189786,476.76285078849,54.81371280180828,0.0,0.0,1.0
2026-01-01 12:29:55,32.70141899360968,67.57918740815806,489.7741279953616,54.82063170190861,0.0,0.0,1.0
2026-01-01 12:30:00,32.70653955926403,67.8204693524378,465.8080830121054,54.83694979043465,0.0,1.0,1.0
2026-01-01 12:30:05,32.65492636910015,68.12967463565298,493.06278084476673,54.87735214846451,0.0,1.0,1.0
2026-01-01 12:30:10,32.662202816999724,68.20437262987232,497.0325764862548,54.9243376791752,0.0,0.0,1.0
2026-01-01 12:30:15,32.5827239719063,68.2516663722708,477.1606684722353,54.90042968797525,0.0,0.0,1.0
2026-01-01 12:30:20,32.61624387544758,67.82832830988777,492.0699126735561,54.87624359983069,0.0,0.0,1.0
2026-01-01 12:30:25,32.70073671472978,67.62015831491051,512.8817389169297,54.8352806670662,0.0,1.0,1.0
2026-01-01 12:30:30,32.68908101685808,67.69857544898957,537.4677924820121,54.77281801516381,0.0,1.0,1.0
2026-01-01 12:30:35,32.5861895288782,68.13936377489567,484.05249753423385,54.83298346954883,0.0,1.0,1.0
2026-01-01 12:30:40,32.599679868848774,68.18584784758824,476.5708440546277,54.81675131986009,0.0,0.0,1.0
2026-01-01 12:30:45,32.607251816245395,68.07914008027115,493.09224031318286,54.8513127176378,0.0,0.0,1.0
2026-01-01 12:30:50,32.55041282117565,67.7100109888787,510.1611268231184,54.8461267401219,0.0,0.0,1.0
2026-01-01 12:30:55,32.52178629029315,68.01243858374285,484.415288196449,54.84561861139402,0.0,1.0,1.0
2026-01-01 12:31:00,32.49214601332763,68.04233033432968,483.2083020542768,54.84792344773759,0.0,0.0,1.0
2026-01-01 12:31:05,32.55372602319932,67.7051312443828,475.9401977187087,54.79522501336524,0.0,0.0,1.0
2026-01-01 12:31:10,32.434218001724986,67.44625639597162,494.3122496358437,54.74689641061788,0.0,1.0,1.0
2026-01-01 12:31:15,32.32619831272042,67.68509295777166,498.5652910674035,54.770978080189934,0.0,1.0,1.0
2026-01-01 12:31:20,32.30751305153693,68.10635296667408,474.66549899844415,54.791918101441,0.0,1.0,1.0
2026-01-01 12:31:25,32.37258122035059,68.23397322382887,467.03878269181337,54.72610465641705,0.0,0.0,1.0
2026-01-01 12:31:30,32.32346369917992,68.19855138199263,507.5222447466159,54.650274454380096,0.0,0.0,1.0
2026-01-01 12:31:35,32.38698634142504,67.8974352044839,508.4948914867254,54.61108025667132,0.0,0.0,1.0
2026-01-01 12:31:40,32.45164409302144,68.14728375993353,462.1616258370552,54.615133078240206,0.0,1.0,1.0
2026-01-01 12:31:45,32.403346201592576,68.26895319284442,493.2968706645517,54.56076611185499,0.0,0.0,1.0
2026-01-01 12:31:50,32.44512191394527,67.59388773938551,480.88790670768014,54.638980126374975,0.0,0.0,1.0
2026-01-01 12:31:55,32.44630177035626,67.48534803707089,483.7571435136808,54.69178992991034,0.0,1.0,1.0
2026-01-01 12:32:00,32.43217789951823,67.6777154799934,502.7476838200086,54.60186245930733,0.0,1.0,1.0
2026-01-01 12:32:05,32.383970622449446,68.3311392407808,507.35027716816114,54.628480000470425,0.0,1.0,1.0
2026-01-01 12:32:10,32.39110675595471,68.415092909,466.46821158147526,54.6766424540923,0.0,0.0,1.0
2026-01-01 12:32:15,32.36433509969337,68.57570385900935,505.2787039835994,54.60087712493405,0.0,0.0,1.0
2026-01-01 12:32:20,32.3425194304048,67.96325228077421,484.4468086103525,54.5829218838126,0.0,0.0,1.0
2026-01-01 12:32:25,32.34543737999496,68.36196109510034,489.5563385603691,54.593982426346905,0.0,1.0,1.0
2026-01-01 12:32:30,32.495808565475386,68.2283318392762,483.3579960223099,54.61079604600402,0.0,0.0,1.0
2026-01-01 12:32:35,32.44828514198246,67.6795673391252,478.94756894582,54.6243495012847,0.0,0.0,1.0
2026-01-01 12:32:40,32.488254287573085,67.57490753985019,474.15059252115566,54.60013217265181,0.0,1.0,1.0
2026-01-01 12:32:45,32.47716939440679,68.19647141626676,497.8345541160622,54.55689967069628,0.0,1.0,1.0
2026-01-01 12:32:50,32.390001081948824,68.14598448730978,456.9556739628142,54.5260450081725,0.0,0.0,1.0
2026-01-01 12:32:55,32.541567959309425,68.02066087209442,493.33842352921374,54.55180533253349,0.0,0.0,1.0
2026-01-01 12:33:00,32.507857076357794,67.67341879283319,488.97020351216,54.538545995570985,0.0,0.0,1.0
2026-01-01 12:33:05,32.59496411324946,67.45717218070105,493.0566783113256,54.47524528811601,0.0,1.0,1.0
2026-01-01 12:33:10,32.65435814305456,67.82853596332099,477.26575651335577,54.434658605701294,0.0,1.0,1.0
2026-01-01 12:33:15,32.56176716464636,68.6089209006142,512.1939162123526,54.4907557761004,0.0,1.0,1.0
2026-01-01 12:33:20,32.55902628967087,68.60556565093724,471.8988660855652,54.47683572541635,0.0,0.0,1.0
2026-01-01 12:33:25,32.60837436205314,68.17029713785281,494.7829032096405,54.44152935188448,0.0,0.0,1.0
2026-01-01 12:33:30,32.69779395206234,67.84610570335668,490.513374475727,54.38908918143959,0.0,0.0,1.0
2026-01-01 12:33:35,32.69886103582688,68.08139059449438,477.0440783256558,54.41615133982285,0.0,1.0,1.0
2026-01-01 12:33:40,32.73061167777543,67.85661146906574,488.72582178558775,54.36146522730501,0.0,0.0,1.0
2026-01-01 12:33:45,32.690428711743664,68.16518307819614,487.6783329383617,54.37737762808321,0.0,1.0,1.0
2026-01-01 12:33:50,32.725871010357174,67.99374531322547,523.3412758390322,54.44445295595644,0.0,0.0,1.0
2026-01-01 12:33:55,32.72365581911794,68.34647307297129,481.137928040958,54.39676999210393,0.0,1.0,1.0
2026-01-01 12:34:00,32.72764562384756,68.20780602849234,483.06096127390106,54.353648995160064,0.0,0.0,1.0
2026-01-01 12:34:05,32.709857936319594,67.96546383973532,483.6615564129424,54.38177160121776,0.0,0.0,1.0
2026-01-01 12:34:10,32.68802171427476,68.33738350710664,488.48600625070975,54.33270483609624,0.0,1.0,1.0
2026-01-01 12:34:15,32.74158988639777,67.94034985363811,510.9967395298257,54.31774719527616,0.0,0.0,1.0
2026-01-01 12:34:20,32.720473016684345,68.38721912439061,485.2103277960792,54.32313282380908,0.0,1.0,1.0
2026-01-01 12:34:25,32.69783287550995,67.95698145838612,517.28055392175,54.32702097891151,0.0,0.0,1.0
2026-01-01 12:34:30,32.69519696538071,67.75990263452566,496.89695691512287,54.34055703719652,0.0,1.0,1.0
2026-01-01 12:34:35,32.654216150988354,68.13306393758842,469.0856804660715,54.284564461116986,0.0,1.0,1.0
2026-01-01 12:34:40,32.53078346692295,68.40001218808135,465.7994543523778,54.2922471113349,0.0,0.0,1.0
2026-01-01 12:34:45,32.534880558859506,68.3934509260334,511.1386690365517,54.29836931404113,0.0,0.0,1.0
2026-01-01 12:34:50,32.545540163249946,67.78315057931863,478.0277508446487,54.39357473337007,0.0,0.0,1.0
2026-01-01 12:34:55,32.54518280576103,67.77859985476576,514.432567284772,54.318860201087546,0.0,1.0,1.0
2026-01-01 12:35:00,32.616611859626666,68.31135265936295,488.1894692581205,54.24225887698836,0.0,1.0,1.0
2026-01-01 12:35:05,32.5350377769855,68.51499045846371,493.8600711464016,54.247273616223374,0.0,0.0,1.0
2026-01-01 12:35:10,32.37601194002576,68.06672657818032,464.2205813965873,54.21731851398288,0.0,0.0,1.0
2026-01-01 12:35:15,32.443339387001025,67.60889899522377,483.152159944076,54.23826825896717,0.0,0.0,1.0
2026-01-01 12:35:20,32.529254114841166,67.54942857205,487.0246144606252,54.16432150076709,0.0,1.0,1.0
2026-01-01 12:35:25,32.543567080636656,67.86637747948468,484.7078856057372,54.20540910211751,1.0,1.0,1.0
2026-01-01 12:35:30,32.4440265757041,68.3330234959138,500.9891958898022,54.17327492879043,1.0,1.0,1.0
2026-01-01 12:35:35,32.523598443386426,68.32733017916892,472.282663497544,54.21750426562927,1.0,0.0,1.0
2026-01-01 12:35:40,32.5088536349094,68.1962391690825,474.9834737281664,54.25809446186729,0.0,0.0,1.0
2026-01-01 12:35:45,32.49224623510109,67.93312035987127,517.0651490128735,54.40146563829944,0.0,0.0,1.0
2026-01-01 12:35:50,32.43028744083128,67.95951890173964,472.461793321185,54.59936088419555,0.0,1.0,1.0
2026-01-01 12:35:55,32.42842403484381,68.65429526079376,514.1893281236178,54.64576125423132,0.0,1.0,1.0
2026-01-01 12:36:00,32.57809182660139,68.436960531544,495.5753767916201,54.72790311137689,0.0,0.0,1.0
2026-01-01 12:36:05,32.60014851987069,68.21158418177488,508.1467344032616,54.75941067667504,0.0,0.0,1.0
2026-01-01 12:36:10,32.64723100326573,67.92569347079669,475.314810916533,54.71841482387392,0.0,0.0,1.0
2026-01-01 12:36:15,32.6756179328901,68.03627867945666,507.5755842237597,54.78348310944303,0.0,1.0,1.0
2026-01-01 12:36:20,32.73241146161924,67.98726597861365,502.8461600696587,54.79458732091041,0.0,0.0,1.0
2026-01-01 12:36:25,32.762142759608736,67.86375366307927,493.35073755810055,54.8193452395099,0.0,1.0,1.0
2026-01-01 12:36:30,32.69408193512223,68.29181806025834,446.8374125827506,54.851162392370014,0.0,1.0,1.0
2026-01-01 12:36:35,32.644468719586264,68.40374594688504,489.87145150150894,54.83118167645607,0.0,0.0,1.0
2026-01-01 12:36:40,32.57055289854667,68.26508505054139,474.0702000712023,54.83241345675219,0.0,0.0,1.0
2026-01-01 12:36:45,32.47698938756296,68.1382998599967,462.99641801776136,54.78251568197189,0.0,0.0,1.0
2026-01-01 12:36:50,32.39892408303898,67.41098429438136,492.01822197279455,54.815698041690766,0.0,0.0,1.0
2026-01-01 12:36:55,32.30625977939518,67.61744286924332,488.1937584486179,54.85633151670416,0.0,1.0,1.0
2026-01-01 12:37:00,32.26839065645866,67.87136495633482,478.8845040603133,54.748120336075374,0.0,1.0,1.0
2026-01-01 12:37:05,32.19156068905606,68.44728469101159,469.64419128530113,54.716240287488375,0.0,1.0,1.0
2026-01-01 12:37:10,32.26401724191964,68.51509330764709,473.7931501788964,54.77252547880431,0.0,0.0,1.0
2026-01-01 12:37:15,32.36952761894678,68.439218475632,498.887492114225,54.70839713162306,0.0,0.0,1.0
2026-01-01 12:37:20,32.37946510928624,68.14792376802158,488.6638585956224,54.725454709000495,0.0,0.0,1.0
2026-01-01 12:37:25,32.42328509299558,67.67075824565312,486.2910033690071,54.75278742249678,0.0,0.0,1.0
2026-01-01 12:37:30,32.4258352918567,67.63813475145011,486.38250278497264,54.74134976903086,0.0,1.0,1.0
2026-01-01 12:37:35,32.50504442689266,67.89876522869277,470.7810427407813,54.69337602636314,0.0,1.0,1.0
2026-01-01 12:37:40,32.607746122403974,68.3324400977531,495.1764103178604,54.69205659274336,0.0,1.0,1.0
2026-01-01 12:37:45,32.67333107512452,68.33492900572998,490.07339276136935,54.64317386386999,0.0,0.0,1.0
2026-01-01 12:37:50,32.64537490240012,68.30263295086631,491.9129994903668,54.61962646097348,0.0,0.0,1.0
2026-01-01 12:37:55,32.605874060906324,67.88043885809716,508.2253061976496,54.66801176406834,0.0,0.0,1.0
2026-01-01 12:38:00,32.56204263540556,67.97623965049526,470.8945053126535,54.68366361121929,0.0,1.0,1.0
2026-01-01 12:38:05,32.589417882487226,68.80869435727344,461.8055870095783,54.66516672252605,0.0,1.0,1.0
2026-01-01 12:38:10,32.67149814629729,68.83909076153677,463.62064643869314,54.67289885078638,0.0,0.0,1.0
2026-01-01 12:38:15,32.67684285325107,68.90467654704699,505.540923761391,54.678785070178265,0.0,0.0,1.0
2026-01-01 12:38:20,32.703752593570606,68.43920167563958,501.21394811515705,54.60575168827898,0.0,0.0,1.0
2026-01-01 12:38:25,32.808576442678834,67.96318399834448,472.9848764741309,54.640226196294535,0.0,0.0,1.0
2026-01-01 12:38:30,32.86295270061602,67.92433180789659,488.3374816609985,54.61305599582681,0.0,1.0,1.0
2026-01-01 12:38:35,32.73481895381864,67.73494873272942,491.6242671551156,54.526739452596445,0.0,1.0,1.0
2026-01-01 12:38:40,32.66932779607496,68.14262476289925,489.036044034284,54.50684583351921,0.0,1.0,1.0
2026-01-01 12:38:45,32.57638184491709,68.13395295002093,505.4326414045168,54.55953482527269,0.0,0.0,1.0
2026-01-01 12:38:50,32.5700998439811,67.9117108145352,496.45930559000766,54.56936850484722,0.0,0.0,1.0
2026-01-01 12:38:55,32.50339589622654,67.91611491179214,478.9574311166552,54.50931060591145,0.0,1.0,1.0
2026-01-01 12:39:00,32.441797390767384,68.39566613852864,498.3745828825298,54.5525796981687,0.0,1.0,1.0
2026-01-01 12:39:05,32.443338919585244,68.41049838054919,478.8677401897465,54.43734618486599,0.0,0.0,1.0
2026-01-01 12:39:10,32.355571546696915,68.39291968191155,494.27447409334417,54.47702565775918,0.0,0.0,1.0
2026-01-01 12:39:15,32.36846773123461,67.72434561555318,481.72344711505207,54.39187995286248,0.0,0.0,1.0
2026-01-01 12:39:20,32.46456183274733,68.17784017118804,525.7163275238049,54.40497509604244,0.0,1.0,1.0
2026-01-01 12:39:25,32.445932008963524,68.1616251999786,488.35920429518205,54.368159183779966,0.0,0.0,1.0
2026-01-01 12:39:30,32.446689001218104,67.9644019441773,498.20393763678345,54.408389553307416,0.0,0.0,1.0
2026-01-01 12:39:35,32.472196764498584,67.8791299207136,475.75666259988674,54.39639522838991,0.0,1.0,1.0
2026-01-01 12:39:40,32.50115710262061,68.1956548603586,496.1669526883894,54.44191315256187,0.0,1.0,1.0
2026-01-01 12:39:45,32.52459276458095,68.06961958603398,471.2430718167683,54.343960568691394,0.0,0.0,1.0
2026-01-01 12:39:50,32.52936640323512,67.59466807518758,481.22174929163447,54.33250939351092,0.0,0.0,1.0
2026-01-01 12:39:55,32.4975247874156,67.69092005468111,517.11197176513,54.36968056728109,0.0,1.0,1.0
2026-01-01 12:40:00,32.41744148964885,68.08535220152257,503.66999690103097,54.3580698523308,0.0,1.0,1.0
2026-01-01 12:40:05,32.48767530521324,68.6531363116918,486.3800405873904,54.36077664734769,0.0,0.0,1.0
2026-01-01 12:40:10,32.47317517206593,68.46343191419079,500.5755676110172,54.33999056756684,0.0,0.0,1.0
2026-01-01 12:40:15,32.47300947740449,68.29014158237702,502.2646439908135,54.3223859828817,0.0,0.0,1.0
2026-01-01 12:40:20,32.54049527653623,68.0737013809343,482.7277208767168,54.321344211687645,0.0,0.0,1.0
2026-01-01 12:40:25,32.55327367445241,67.82942780039087,469.4449241555511,54.31087572036253,0.0,0.0,1.0
2026-01-01 12:40:30,32.463703208044095,67.52978008298197,446.8123282665717,54.39431988090082,0.0,1.0,1.0
2026-01-01 12:40:35,32.360148511151365,68.16664933886524,469.9327513075184,54.312752922129135,0.0,1.0,1.0
2026-01-01 12:40:40,32.39676234483296,68.42613266078745,477.439256566616,54.30282493810923,0.0,0.0,1.0
2026-01-01 12:40:45,32.40652596405195,68.06946816543379,479.78930188394975,54.36650162268462,0.0,0.0,1.0
2026-01-01 12:40:50,32.421975945700204,67.49358478406275,511.1759098201231,54.28016265388487,0.0,0.0,1.0
2026-01-01 12:40:55,32.34866715030668,67.58756006961737,489.51069535628864,54.29822072196511,0.0,1.0,1.0
2026-01-01 12:41:00,32.3294715104496,67.7078760857925,466.2158826263554,54.28509745950143,0.0,1.0,1.0
2026-01-01 12:41:05,32.308085346856416,68.34763154307193,498.77374939318304,54.29317003699465,0.0,1.0,1.0
2026-01-01 12:41:10,32.263927734283456,68.31069118509947,462.0409469682616,54.29441214277109,0.0,0.0,1.0
2026-01-01 12:41:15,32.25621379505251,68.12597976864821,499.02396900719816,54.16432273067061,0.0,0.0,1.0
2026-01-01 12:41:20,32.349141396204125,67.73271028314534,489.6818396402842,54.19150203969993,1.0,0.0,1.0
2026-01-01 12:41:25,32.38359767588966,67.87585259322674,498.92760209300286,54.22192682319977,1.0,1.0,1.0
2026-01-01 12:41:30,32.39061541345296,68.21228672101113,473.22214476836905,54.2593397432091,1.0,1.0,1.0
2026-01-01 12:41:35,32.45732593810097,68.33899848629468,472.81399090600826,54.40789095060009,0.0,0.0,1.0
2026-01-01 12:41:40,32.569948632615954,68.06682942611627,494.6687428472068,54.529828045650646,0.0,0.0,1.0
2026-01-01 12:41:45,32.69187671937189,67.96776210704913,497.7596893130838,54.68525973830507,0.0,0.0,1.0
2026-01-01 12:41:50,32.67324522902157,68.15279998253791,482.2132680549302,54.78869261628967,0.0,1.0,1.0
2026-01-01 12:41:55,32.81385119066826,68.07365059646608,457.7115040378447,54.85241115904971,0.0,0.0,1.0
2026-01-01 12:42:00,32.785765046035635,67.16843254586071,498.6693338889168,54.91783427900643,0.0,0.0,1.0
2026-01-01 12:42:05,32.64692378165727,67.20822804807806,466.16940147658136,54.935470290962215,0.0,1.0,1.0
2026-01-01 12:42:10,32.54350689911771,67.8141019967092,479.93178284950426,54.96949781514663,0.0,1.0,1.0
2026-01-01 12:42:15,32.45971258069922,68.41819151443201,470.9150982107792,54.960810661961546,0.0,1.0,1.0
2026-01-01 12:42:20,32.50777287358236,67.87252525903571,539.7440052201279,54.91279472420851,0.0,0.0,1.0
2026-01-01 12:42:25,32.505318351260414,68.17591816938899,458.65433385769376,54.89116186339615,0.0,1.0,1.0
2026-01-01 12:42:30,32.473867186800625,68.10677751561597,486.732083580593,54.93965514295026,0.0,0.0,1.0
2026-01-01 12:42:35,32.411333011094946,67.6880096219833,471.6596997234644,54.96680829017593,0.0,0.0,1.0
2026-01-01 12:42:40,32.38642280601482,67.98257152676052,519.1526070771757,54.94794837720827,0.0,1.0,1.0
2026-01-01 12:42:45,32.39575338835397,68.32237260419281,473.2491098806748,54.87114277065911,0.0,1.0,1.0
2026-01-01 12:42:50,32.37251203697314,68.18242987551591,481.2878740938783,54.92198140430335,0.0,0.0,1.0
2026-01-01 12:42:55,32.406008287713696,68.03265340054988,477.9321935009739,54.94470066698096,0.0,0.0,1.0
2026-01-01 12:43:00,32.54776893581951,67.7690687913953,509.7595330474869,54.920419127440994,0.0,0.0,1.0
2026-01-01 12:43:05,32.43157957749903,68.07557194878069,497.604912572071,54.92141790011373,0.0,1.0,1.0
2026-01-01 12:43:10,32.48686294786828,67.8731264566924,512.2096236565817,54.87508538709351,0.0,0.0,1.0
2026-01-01 12:43:15,32.44144811263423,68.40375927465841,464.4458262623029,54.840847471979714,0.0,1.0,1.0
2026-01-01 12:43:20,32.558142241263134,68.33766182983538,474.3427154283331,54.86128007052358,0.0,0.0,1.0
2026-01-01 12:43:25,32.58435726334333,68.0614203796206,493.218539575999,54.809941374611526,0.0,0.0,1.0
2026-01-01 12:43:30,32.599716009642115,67.44551969681265,500.9727722132753,54.73178858032107,0.0,0.0,1.0
2026-01-01 12:43:35,32.65058181038265,67.7138192850197,498.0687046759407,54.79154932241035,0.0,1.0,1.0
2026-01-01 12:43:40,32.70573170284658,68.1461077748116,466.5628829841298,54.8021563786839,0.0,1.0,1.0
2026-01-01 12:43:45,32.82955386860119,67.97435730206186,478.3226009668506,54.72197468803947,0.0,0.0,1.0
2026-01-01 12:43:50,32.86477010858012,68.36258169707801,476.94989768984897,54.802862130963945,0.0,1.0,1.0
2026-01-01 12:43:55,32.86001721064883,68.5877278423405,480.67506383970766,54.77861808278213,0.0,0.0,1.0
2026-01-01 12:44:00,32.85078010716788,68.3433304066246,498.8832349709364,54.72210022350123,0.0,0.0,1.0
2026-01-01 12:44:05,33.00204815375963,67.76531315100829,509.6482637088928,54.727757507489486,0.0,0.0,1.0
2026-01-01 12:44:10,33.011783216249995,67.71719052421167,484.4457842203034,54.75688304661659,0.0,1.0,1.0
2026-01-01 12:44:15,32.93643838668794,68.0608780393502,488.06620501511713,54.71984953723664,0.0,1.0,1.0
2026-01-01 12:44:20,32.99679372907967,68.08111303010574,504.3685577389082,54.69996785028049,0.0,0.0,1.0
2026-01-01 12:44:25,32.97703666739379,67.71804624275319,487.4790623449074,54.71593783358568,0.0,0.0,1.0
2026-01-01 12:44:30,32.99639641735847,68.1483219109275,493.4242706591376,54.706405689864496,0.0,1.0,1.0
2026-01-01 12:44:35,32.922966587179765,67.9823972160514,518.1557717541368,54.7319455214228,0.0,0.0,1.0
2026-01-01 12:44:40,32.97870834431182,68.26534116063924,458.58631606182354,54.69787301363067,0.0,1.0,1.0
2026-01-01 12:44:45,32.97299931109216,67.71019906796485,477.63213502855257,54.71062970791533,0.0,0.0,1.0
2026-01-01 12:44:50,32.89007137026261,68.07043627763342,505.0652451236239,54.6735145072914,0.0,1.0,1.0
2026-01-01 12:44:55,32.897169705089745,67.8464673361118,493.3553954305376,54.72496913563791,0.0,0.0,1.0
2026-01-01 12:45:00,32.81222766021662,67.99264336166486,473.7115705764251,54.67159373610711,0.0,1.0,1.0
2026-01-01 12:45:05,32.718173178121944,68.36628608064468,492.1778489341835,54.59861138506237,0.0,1.0,1.0
2026-01-01 12:45:10,32.693141933295315,68.25209041439835,482.88331721550463,54.57446193484094,0.0,0.0,1.0
2026-01-01 12:45:15,32.68918396457919,67.84241651275345,482.5507358430094,54.5900373715418,0.0,0.0,1.0
2026-01-01 12:45:20,32.76023952720436,68.01626092484459,500.1232572443563,54.52909304360453,0.0,1.0,1.0
2026-01-01 12:45:25,32.739205358211244,67.80985917208218,445.6656782835918,54.521146105414495,0.0,0.0,1.0
2026-01-01 12:45:30,32.61805275663513,67.8050427048997,471.9604161409695,54.5898004834161,0.0,1.0,1.0
2026-01-01 12:45:35,32.51202538330606,68.22746757097589,466.7658619511067,54.53662773229854,0.0,1.0,1.0
2026-01-01 12:45:40,32.47134439326564,68.36885764824335,454.931689651942,54.46980681599864,0.0,0.0,1.0
2026-01-01 12:45:45,32.45581092840402,67.95093692036558,485.9219930930231,54.49013615026324,0.0,0.0,1.0
2026-01-01 12:45:50,32.48082480842008,68.31810623534777,487.65902323945903,54.5461362886416,0.0,1.0,1.0
2026-01-01 12:45:55,32.50886749724024,68.1446703347937,502.7707245914144,54.46195229814416,0.0,0.0,1.0
2026-01-01 12:46:00,32.5883113392449,67.93251053459379,475.5833481496092,54.46162975687741,0.0,0.0,1.0
2026-01-01 12:46:05,32.66440236814868,68.09590761443434,476.1809306828936,54.45167999245139,0.0,1.0,1.0
2026-01-01 12:46:10,32.74757802328258,67.97665878305006,509.625496562684,54.47940756709761,0.0,0.0,1.0
2026-01-01 12:46:15,32.789691973066766,68.2586547632955,471.7009911793438,54.538655496644125,0.0,1.0,1.0
2026-01-01 12:46:20,32.762396118376024,67.95812508843264,518.7826160983043,54.47543574386276,0.0,0.0,1.0
2026-01-01 12:46:25,32.74196788399107,68.30164160690427,466.7186014241115,54.44971133744083,0.0,1.0,1.0
2026-01-01 12:46:30,32.77026302547358,68.21712609824806,484.60035589595606,54.4278893772312,0.0,0.0,1.0
2026-01-01 12:46:35,32.682815627556266,68.01083296426067,477.131450517908,54.40715884572114,0.0,0.0,1.0
2026-01-01 12:46:40,32.611106479162665,67.63817662357054,484.3003787999695,54.40633432586508,0.0,0.0,1.0
2026-01-01 12:46:45,32.63527934536519,67.55047551380228,470.09826882013215,54.38756069269815,0.0,1.0,1.0
2026-01-01 12:46:50,32.55071887880352,67.8043622462637,468.6933563831976,54.28888715929513,0.0,1.0,1.0
2026-01-01 12:46:55,32.424416295855046,68.37021411314569,493.8881049958843,54.27693696778572,0.0,1.0,1.0
2026-01-01 12:47:00,32.42158332482682,68.52183810561674,509.4674965618004,54.29489237707708,0.0,0.0,1.0
2026-01-01 12:47:05,32.460007233383145,68.15263568159875,460.8123749321167,54.29001657343624,0.0,0.0,1.0
2026-01-01 12:47:10,32.55449507550977,67.76852842704852,478.9358722299244,54.26084335117071,0.0,0.0,1.0
2026-01-01 12:47:15,32.566170459777766,67.9576788137245,476.4305915089437,54.31549789799038,0.0,1.0,1.0
2026-01-01 12:47:20,32.50313983829497,68.0769038916348,505.5973501458121,54.32108103238902,0.0,1.0,1.0
2026-01-01 12:47:25,32.56417395967594,68.11581373011732,495.36636133764017,54.23819971855177,0.0,0.0,1.0
2026-01-01 12:47:30,32.56177473322707,67.84154111862678,473.5459605504258,54.30455536421572,0.0,0.0,1.0
2026-01-01 12:47:35,32.56329907933937,68.10554740775102,460.047547183397,54.27071921919557,0.0,1.0,1.0
2026-01-01 12:47:40,32.524931784877786,67.99387940266513,476.2609380710564,54.2207466322385,0.0,0.0,1.0
2026-01-01 12:47:45,32.55268992934358,68.2903234721463,501.0204104372634,54.24886584853076,0.0,1.0,1.0
2026-01-01 12:47:50,32.51437660609732,68.19647138701923,495.844851662152,54.22720999862945,0.0,0.0,1.0
2026-01-01 12:47:55,32.66906619935042,68.09739824046767,501.1730728355567,54.25650897259512,0.0,0.0,1.0
2026-01-01 12:48:00,32.68581047914343,67.44165439300907,467.1280163646978,54.24063518885737,0.0,0.0,1.0
2026-01-01 12:48:05,32.599122804261256,67.53990348523892,485.4214185064952,54.194503686660326,0.0,1.0,1.0
2026-01-01 12:48:10,32.52201228224085,68.35772784629951,468.8308469952677,54.17664414580862,1.0,1.0,1.0
2026-01-01 12:48:15,32.54625279663661,68.3113475039846,480.09460046961135,54.15721205102973,1.0,0.0,1.0
2026-01-01 12:48:20,32.58752518304,68.00480071926503,517.9444739045238,54.19726291942145,1.0,0.0,1.0
2026-01-01 12:48:25,32.67002252014693,67.52830592728189,485.6319074238816,54.32663992817012,1.0,0.0,1.0
2026-01-01 12:48:30,32.670586512162444,67.59898017411697,509.0868600849583,54.47573336976927,1.0,1.0,1.0
2026-01-01 12:48:35,32.622662210306096,67.79832954186617,495.1212224591806,54.70029150971527,1.0,1.0,1.0
2026-01-01 12:48:40,32.64273315052704,68.34844097027168,493.82143621208365,54.83310431838923,0.0,1.0,1.0
2026-01-01 12:48:45,32.682585388483275,68.58013734968924,458.2339170941159,55.06377718030079,0.0,0.0,1.0
2026-01-01 12:48:50,32.712530348921824,68.58744627548316,486.8340602384584,55.24907798266097,0.0,0.0,1.0
2026-01-01 12:48:55,32.74777836554285,68.03374334647812,495.9385609434201,55.41669564658826,0.0,0.0,1.0
2026-01-01 12:49:00,32.747604356543164,67.64215241269008,483.6936083410927,55.48152854475644,0.0,0.0,1.0
2026-01-01 12:49:05,32.84133773800295,67.54895810746137,492.4250100662794,55.563875100857466,0.0,1.0,1.0
2026-01-01 12:49:10,32.92651308717848,68.0922791009833,464.9719816931455,55.62157031350928,0.0,1.0,1.0
2026-01-01 12:49:15,32.80464465209071,68.07660619036548,462.5591261355745,55.65499700042349,0.0,0.0,1.0
2026-01-01 12:49:20,32.90485687450584,67.82425691222178,461.1177503745589,55.71341587625737,0.0,0.0,1.0
2026-01-01 12:49:25,32.90544959298044,68.21892172611113,484.0585594788113,55.76627741902472,0.0,1.0,1.0
2026-01-01 12:49:30,32.91743710493588,68.06368007101317,489.9926893789384,55.772642316489545,0.0,0.0,1.0
2026-01-01 12:49:35,32.95631327841543,67.64453801575195,497.8368428466077,55.77241805474616,0.0,0.0,1.0
2026-01-01 12:49:40,32.928963448928954,67.7031764315652,482.4221776012199,55.73496997098189,0.0,1.0,1.0
2026-01-01 12:49:45,32.88397005412785,68.01030972407725,505.1327426300791,55.768237132037896,0.0,1.0,1.0
2026-01-01 12:49:50,32.880603950148334,68.07826068669165,509.4950992936923,55.73909656955517,0.0,0.0,1.0
2026-01-01 12:49:55,32.95398449257406,67.89632212632968,475.5205251853566,55.76680336411937,0.0,0.0,1.0
2026-01-01 12:50:00,32.82208847124518,68.04814554174659,487.785486701326,55.73779578785246,0.0,1.0,1.0
2026-01-01 12:50:05,32.792132349494814,67.69620906457074,465.78280962759953,55.7058211070954,0.0,0.0,1.0
2026-01-01 12:50:10,32.81013228829206,67.88564433939062,483.6867510552331,55.72560467171369,0.0,1.0,1.0
2026-01-01 12:50:15,32.73665061223571,68.37970693950605,494.4736954641745,55.76429548026412,0.0,1.0,1.0
2026-01-01 12:50:20,32.68887117495196,68.42964899743299,455.9280057541494,55.718992066581,0.0,0.0,1.0
2026-01-01 12:50:25,32.6293979392689,68.08935459413514,484.9818292630033,55.68819186675844,0.0,0.0,1.0
2026-01-01 12:50:30,32.59516212845988,67.7021925208083,489.8107803462209,55.646964020583866,0.0,0.0,1.0
2026-01-01 12:50:35,32.67309102950455,67.89534676327642,443.2889875818424,55.649037276457726,0.0,1.0,1.0
2026-01-01 12:50:40,32.64737019575649,67.95433313449197,476.3644183448972,55.54224107202967,0.0,1.0,1.0
2026-01-01 12:50:45,32.667669665261634,68.25075646480596,501.3128392527817,55.56151623112534,0.0,1.0,1.0
2026-01-01 12:50:50,32.729531083596775,68.42941809598021,490.0860051233952,55.560745433993134,0.0,0.0,1.0
2026-01-01 12:50:55,32.7007137487158,68.26274787489334,461.93977310071534,55.56163133675264,0.0,0.0,1.0
2026-01-01 12:51:00,32.70233789034604,67.72760281148591,475.96951283860375,55.61739812681499,0.0,0.0,1.0
2026-01-01 12:51:05,32.76394016642828,68.28735655266355,496.54183507599527,55.5863479724748,0.0,1.0,1.0
2026-01-01 12:51:10,32.74296517155667,68.20881410491202,514.8163619547279,55.58845484123889,0.0,0.0,1.0
2026-01-01 12:51:15,32.90660334412687,67.89254054787942,503.5903739800537,55.53690516818706,0.0,0.0,1.0
2026-01-01 12:51:20,32.842655156543536,67.77170663712774,487.0641403676858,55.54277716616478,0.0,1.0,1.0
2026-01-01 12:51:25,32.87305234886112,68.34335968914525,492.6146417770058,55.54333326450081,0.0,1.0,1.0
2026-01-01 12:51:30,32.90934284461164,68.29251187413234,474.7087959381713,55.50202436755579,0.0,0.0,1.0
2026-01-01 12:51:35,32.886198473444594,67.93143296742298,466.5542815353624,55.53700587560437,0.0,0.0,1.0
2026-01-01 12:51:40,32.95763081650822,68.24305611773721,500.0727544376118,55.49690667743033,0.0,1.0,1.0
2026-01-01 12:51:45,32.95792142062119,67.9228163839325,466.9140861776447,55.54602526470377,0.0,0.0,1.0
2026-01-01 12:51:50,32.911861656547735,68.31193966107969,500.7164520493257,55.51493810608761,0.0,1.0,1.0
2026-01-01 12:51:55,32.86813590350535,68.07517798349343,477.4994401958161,55.46165385308844,0.0,0.0,1.0
2026-01-01 12:52:00,32.857412056724975,67.97450844830283,473.92621488408025,55.44439996795823,0.0,0.0,1.0
2026-01-01 12:52:05,32.833003069434746,67.81409476869696,473.0109029599468,55.40468913917952,0.0,1.0,1.0
2026-01-01 12:52:10,32.775259765465044,68.17578115113304,470.3721228617008,55.42974654142664,0.0,1.0,1.0
2026-01-01 12:52:15,32.757562032394134,68.20667737836074,472.6591374837024,55.3728435518579,0.0,0.0,1.0
2026-01-01 12:52:20,32.7062223590648,67.81978615453623,452.97302755742686,55.43319635411915,0.0,0.0,1.0
2026-01-01 12:52:25,32.59444055723959,68.12518205923467,502.493592495836,55.42735260212342,0.0,1.0,1.0
2026-01-01 12:52:30,32.57326915686981,68.25739235163357,485.21633690490506,55.39307945872016,0.0,0.0,1.0
2026-01-01 12:52:35,32.64467213269743,67.81845871444209,450.3033598757117,55.32750472894485,0.0,0.0,1.0
2026-01-01 12:52:40,32.6650292094397,68.01045508902767,465.8831208785607,55.32955306448997,0.0,1.0,1.0
2026-01-01 12:52:45,32.690710064439386,68.1453387753324,463.2056535816485,55.27706089442692,0.0,0.0,1.0
2026-01-01 12:52:50,32.754530881744934,67.87032274389006,502.7065846500456,55.29820171322426,0.0,0.0,1.0
2026-01-01 12:52:55,32.725556117101966,68.21948693033168,467.9970204824174,55.27527333018436,0.0,1.0,1.0
2026-01-01 12:53:00,32.65076821117651,68.16952308655537,492.1182601820211,55.35622869772944,0.0,0.0,1.0
2026-01-01 12:53:05,32.773680464860384,67.8709751724639,486.9696503410533,55.24339621777034,0.0,0.0,1.0
2026-01-01 12:53:10,32.82706518097244,68.09262203487881,508.8879478453475,55.33353159992743,0.0,1.0,1.0
2026-01-01 12:53:15,32.82698754377535,68.00240900182277,484.3672222893115,55.27320259713107,0.0,0.0,1.0
2026-01-01 12:53:20,32.77924458898925,67.42391503466291,500.6184410613848,55.26381189392386,0.0,0.0,1.0
2026-01-01 12:53:25,32.707801188700444,67.32229289286153,503.5726686442663,55.201449664225365,0.0,1.0,1.0
2026-01-01 12:53:30,32.72487909708429,67.61084248502854,476.68867738126863,55.15891938782133,0.0,1.0,1.0
2026-01-01 12:53:35,32.792121085199106,67.91111407722155,459.5281361897228,55.20602590080152,0.0,1.0,1.0
2026-01-01 12:53:40,32.719246488519104,68.73419844581973,498.15958778290695,55.23800774416155,0.0,1.0,1.0
2026-01-01 12:53:45,32.780448173733475,68.68951271890944,499.62036140662985,55.15881149560736,0.0,0.0,1.0
2026-01-01 12:53:50,32.77255334729822,68.69337229107906,496.0934991679288,55.20106757235246,0.0,0.0,1.0
2026-01-01 12:53:55,32.816304178997854,68.37285058424828,492.56877392443926,55.10394051741196,0.0,0.0,1.0
2026-01-01 12:54:00,32.70950024528367,68.05629853639883,453.80424751455337,55.10202526438376,0.0,0.0,1.0
2026-01-01 12:54:05,32.72937407562158,67.54728019745882,489.373636789806,55.09731734605919,0.0,0.0,1.0
2026-01-01 12:54:10,32.68970529120468,67.92803505115376,466.4792242143861,55.10826958235007,0.0,1.0,1.0
2026-01-01 12:54:15,32.69079461707959,68.12402424462019,445.9639800968482,55.10140182801611,0.0,1.0,1.0
2026-01-01 12:54:20,32.746615448860844,67.93455060929371,465.6441478315314,55.06008977718943,0.0,0.0,1.0
2026-01-01 12:54:25,32.661348998863474,68.4181834326161,507.47645376046,55.08217638806098,0.0,1.0,1.0
2026-01-01 12:54:30,32.69437887495497,68.22290802345559,475.6008655871176,54.98141077815119,0.0,0.0,1.0
2026-01-01 12:54:35,32.70187706182719,67.79909286140736,495.6565397739616,54.92818590468925,0.0,0.0,1.0
2026-01-01 12:54:40,32.62095616378005,68.10563901640823,489.93944171860113,54.95349425200005,0.0,1.0,1.0
2026-01-01 12:54:45,32.71743507789952,67.78280662833627,487.3242627308922,54.96674670927469,0.0,0.0,1.0
2026-01-01 12:54:50,32.76288116897981,67.83883466750594,487.2647363718952,54.90452114215253,0.0,1.0,1.0
2026-01-01 12:54:55,32.57060195249669,68.15009552980027,489.9538219820959,54.8763480986387,0.0,1.0,1.0
2026-01-01 12:55:00,32.624817555027775,68.19251292870749,465.7375034047897,54.954694644157925,0.0,0.0,1.0
2026-01-01 12:55:05,32.65633582222261,68.05829610864288,490.4329510867978,54.97528315014032,0.0,0.0,1.0
2026-01-01 12:55:10,32.6681864327954,67.69507752942715,510.8192948597047,55.00132156778345,0.0,0.0,1.0
2026-01-01 12:55:15,32.69341298550365,67.66198490990467,496.2814111442788,54.9945816160894,0.0,1.0,1.0
2026-01-01 12:55:20,32.792413141178834,68.08435313368769,474.4166366464431,54.94600283838437,0.0,1.0,1.0
2026-01-01 12:55:25,32.7667475742071,67.94890534422608,481.78301027318696,54.96174319933864,0.0,0.0,1.0
2026-01-01 12:55:30,32.65743962214157,68.13766746581733,492.9465537349073,54.911258900650935,0.0,1.0,1.0
2026-01-01 12:55:35,32.78637523548912,67.89058744415077,492.9369523339573,54.87907082126,0.0,0.0,1.0
2026-01-01 12:55:40,32.76822726034273,67.9699643193065,457.6897664112072,54.94107377942619,0.0,1.0,1.0
2026-01-01 12:55:45,32.732356894089506,68.33304364219146,464.9779835560839,54.87609726766149,0.0,1.0,1.0
2026-01-01 12:55:50,32.79481628593689,68.16692134672917,492.9859424855504,54.904336707099645,0.0,0.0,1.0
2026-01-01 12:55:55,32.86705792359839,68.13289357706807,467.4368592664463,54.93083569124393,0.0,0.0,1.0
2026-01-01 12:56:00,32.88674811810056,67.74462744093611,495.2815846553715,54.90405534125989,0.0,0.0,1.0
2026-01-01 12:56:05,32.82022379531202,68.07675811731433,476.1954778587072,54.83173824226176,0.0,1.0,1.0
2026-01-01 12:56:10,32.71277433655504,67.88507145841957,476.8641972662131,54.81047717329944,0.0,0.0,1.0
2026-01-01 12:56:15,32.7205509795655,67.87778764651149,477.16847698662633,54.77847068249373,0.0,1.0,1.0
2026-01-01 12:56:20,32.7017775208713,68.43069010062351,468.0595397866937,54.82457402726651,0.0,1.0,1.0
2026-01-01 12:56:25,32.69084991112592,68.43556520595325,473.481992550698,54.75745853102767,0.0,0.0,1.0
2026-01-01 12:56:30,32.701487082587285,68.0919113759459,489.595286050133,54.76971186004346,0.0,0.0,1.0
2026-01-01 12:56:35,32.74271122099651,67.46320149119656,480.2024446164024,54.75707649697671,0.0,0.0,1.0
2026-01-01 12:56:40,32.708145746448714,67.55072931692358,479.15642909295815,54.736694548797686,0.0,1.0,1.0
2026-01-01 12:56:45,32.76727446674624,67.85869818427099,472.824562031315,54.81103416954875,0.0,1.0,1.0
2026-01-01 12:56:50,32.6943268602735,68.17857958617356,470.6966667422965,54.74637744515283,0.0,1.0,1.0
2026-01-01 12:56:55,32.616483226581195,68.36181546991656,446.8737286730329,54.73253791421372,0.0,0.0,1.0
2026-01-01 12:57:00,32.673141269696124,68.08721671633117,463.1181964060576,54.71790763782393,0.0,0.0,1.0
2026-01-01 12:57:05,32.768306986758944,67.39419512314558,484.1211265211148,54.66155336698631,0.0,0.0,1.0
2026-01-01 12:57:10,32.73311755205892,67.48399186915259,490.6884696822624,54.70005315471499,0.0,1.0,1.0
2026-01-01 12:57:15,32.67695517312853,67.9183940993239,459.61709815637806,54.65686234467727,0.0,1.0,1.0
2026-01-01 12:57:20,32.69773380373017,67.75772903339399,443.2229361417812,54.63096438616236,0.0,1.0,1.0
2026-01-01 12:57:25,32.6136173213688,68.37739709395687,480.53127689956585,54.608757230244464,0.0,1.0,1.0
2026-01-01 12:57:30,32.528325937926844,68.55868496424276,458.7633648286757,54.59497143097464,0.0,0.0,1.0
2026-01-01 12:57:35,32.62220302124882,68.66411765238958,468.8340266213799,54.56265518527692,0.0,0.0,1.0
2026-01-01 12:57:40,32.703086173212924,68.40449420343178,473.0906474365737,54.52470894237568,0.0,0.0,1.0
2026-01-01 12:57:45,32.7648045590533,67.63232963886034,484.3486847028342,54.57666621682856,0.0,0.0,1.0
2026-01-01 12:57:50,32.76333160245632,67.84819738973279,491.31110630162647,54.652273178519735,0.0,1.0,1.0
2026-01-01 12:57:55,32.63870614791877,68.16259020801716,465.2809938957583,54.63871094557126,0.0,1.0,1.0
2026-01-01 12:58:00,32.5841912542313,68.37002410560426,476.2058903171757,54.596370401055296,0.0,0.0,1.0
2026-01-01 12:58:05,32.65837895098907,68.2039052307408,480.4912381293167,54.62492419197245,0.0,0.0,1.0
2026-01-01 12:58:10,32.69417812239631,67.78391407219975,470.7732436645516,54.60216352882556,0.0,0.0,1.0
2026-01-01 12:58:15,32.6852172585666,67.9717907764003,494.4242384840954,54.560475949578965,0.0,1.0,1.0
2026-01-01 12:58:20,32.81855712525535,68.42252004341141,517.2522642182095,54.57321259312413,0.0,1.0,1.0
2026-01-01 12:58:25,32.82231712793803,67.81278835270562,486.8002280681376,54.51135470863461,0.0,0.0,1.0
2026-01-01 12:58:30,32.85052473155965,68.15942736391641,469.8304797693792,54.50653170427224,0.0,1.0,1.0
2026-01-01 12:58:35,32.72299461935784,68.43527604767402,456.7565992594944,54.51434363218696,0.0,0.0,1.0
2026-01-01 12:58:40,32.69839566816857,67.90636685393494,481.7350997102932,54.41948988286138,0.0,0.0,1.0
2026-01-01 12:58:45,32.68438520107969,68.06115242500317,499.91770662173,54.47268123456789,0.0,1.0,1.0
2026-01-01 12:58:50,32.77728983680929,67.96850372237228,497.7420779637825,54.49679910086985,0.0,0.0,1.0
2026-01-01 12:58:55,32.784348083564176,68.22856948438267,483.9347842070375,54.525424293396114,0.0,1.0,1.0
2026-01-01 12:59:00,32.84317496060708,68.22317708427747,473.3296717586044,54.40131619602949,0.0,0.0,1.0
2026-01-01 12:59:05,32.85518806232691,68.16342929108413,489.5391549967691,54.4142605050688,0.0,0.0,1.0
2026-01-01 12:59:10,32.86609690336489,67.4461079640245,454.6905734631423,54.39461643217992,0.0,0.0,1.0
2026-01-01 12:59:15,32.948742944311306,67.47511516450149,427.7452501781176,54.44525302193219,0.0,1.0,1.0
2026-01-01 12:59:20,32.89312568138021,68.07149011466754,501.6960587248968,54.40433588807919,0.0,1.0,1.0
2026-01-01 12:59:25,32.8744202135821,68.37129257845794,503.1393899231498,54.413060691857055,0.0,0.0,1.0
2026-01-01 12:59:30,32.88774453819616,67.57460873870178,496.22065873019017,54.38772431090982,0.0,0.0,1.0
2026-01-01 12:59:35,32.82831810011233,67.42642598697195,479.1334083940915,54.41646269904979,0.0,1.0,1.0
2026-01-01 12:59:40,32.83184756907728,68.10551608269283,455.4894739627849,54.444396506491486,0.0,1.0,1.0
2026-01-01 12:59:45,32.93103043119432,68.46606204932351,481.6259799462514,54.37472140940103,0.0,0.0,1.0
2026-01-01 12:59:50,32.879151852453674,67.95207617623537,473.8456211086612,54.31718037732189,0.0,0.0,1.0
2026-01-01 12:59:55,32.832215997307976,68.23214946594436,509.9516840177877,54.29555713821277,0.0,1.0,1.0
2026-01-01 13:00:00,32.744141717562954,67.92745264057345,472.7702569891523,54.30371139588628,0.0,0.0,1.0
2026-01-01 13:00:05,32.6541928002605,68.2175764443614,500.6965975130954,54.25599053985477,0.0,1.0,1.0
2026-01-01 13:00:10,32.67769032055517,67.73385981871611,460.5148518170069,54.20740662467633,0.0,0.0,1.0
2026-01-01 13:00:15,32.615847568243595,68.04630635510463,458.03683507205096,54.17857746294269,0.0,1.0,1.0
2026-01-01 13:00:20,32.65969763897119,68.04522713177145,463.1857082548904,54.23662821566367,1.0,0.0,1.0
2026-01-01 13:00:25,32.702438417269,67.74943605470928,477.9596519589216,54.257675993612594,1.0,0.0,1.0
2026-01-01 13:00:30,32.70007036565693,67.84274031459786,474.2447518081445,54.326894303983934,1.0,1.0,1.0
2026-01-01 13:00:35,32.61218434727971,68.418746219405,437.65467355231095,54.42307220705341,0.0,1.0,1.0
2026-01-01 13:00:40,32.597669837424185,68.34810696722799,463.06988251660505,54.56629351651543,0.0,0.0,1.0
2026-01-01 13:00:45,32.55224987980277,68.04187023740604,465.1591075382553,54.69963875604107,0.0,0.0,1.0
2026-01-01 13:00:50,32.54869235596696,67.52442843999393,470.6358655885993,54.715208770965205,0.0,0.0,1.0
2026-01-01 13:00:55,32.53297929981183,67.35066974230995,474.2512365551793,54.78451761508077,0.0,1.0,1.0
2026-01-01 13:01:00,32.516586752802155,67.27606540358082,459.87591324360585,54.85181787780989,0.0,1.0,1.0
2026-01-01 13:01:05,32.504056055538875,67.93540492972261,482.7202804205402,54.95216981543407,0.0,1.0,1.0
2026-01-01 13:01:10,32.45550783150734,68.38553911000162,473.275972680654,55.040111807969495,0.0,1.0,1.0
2026-01-01 13:01:15,32.386096312488306,68.49322477416318,478.85261988942216,55.04640795448762,0.0,0.0,1.0
2026-01-01 13:01:20,32.47355114419608,67.9505602355252,475.1490302200794,55.01609690149693,0.0,0.0,1.0
2026-01-01 13:01:25,32.52381416331762,68.29193862691247,485.005973847889,54.985746093772285,0.0,1.0,1.0
2026-01-01 13:01:30,32.43940637801527,67.93447300698597,473.66480653572046,54.989256035596135,0.0,0.0,1.0
2026-01-01 13:01:35,32.43128204028599,67.95184815143993,460.47802909209565,55.01724939544797,0.0,1.0,1.0
2026-01-01 13:01:40,32.48982494491155,68.09094728867046,461.8236432667345,55.069836181487474,0.0,1.0,1.0
2026-01-01 13:01:45,32.434683921373946,67.72463236915412,476.41668497157,54.97699785043324,0.0,0.0,1.0
2026-01-01 13:01:50,32.47017355349102,67.82781743925395,492.0678798678284,54.96469194048788,0.0,1.0,1.0
2026-01-01 13:01:55,32.41461065077925,68.22268668079359,483.0595115448185,54.95922541041378,0.0,1.0,1.0
2026-01-01 13:02:00,32.53306286893601,68.17469773542665,507.4329723609641,54.88555002612401,0.0,0.0,1.0
2026-01-01 13:02:05,32.6066663169912,67.74948276908691,452.9102796791131,54.848029550457,0.0,0.0,1.0
2026-01-01 13:02:10,32.74707905428351,68.14381799574252,469.75428271209967,54.83548741428781,0.0,1.0,1.0
2026-01-01 13:02:15,32.65936310452541,68.02024809118448,452.7874094555446,54.79596786322973,0.0,0.0,1.0
2026-01-01 13:02:20,32.636430229687626,67.77406498770199,469.4603470924413,54.81888142693196,0.0,0.0,1.0
2026-01-01 13:02:25,32.51392318482409,68.27524804567639,466.087373443927,54.82766752428401,0.0,1.0,1.0
2026-01-01 13:02:30,32.43148272745543,67.86566455222942,490.7241805880799,54.87961829090683,0.0,0.0,1.0
2026-01-01 13:02:35,32.39128148319052,67.64902858131966,445.1324894847689,54.84397185368971,0.0,1.0,1.0
2026-01-01 13:02:40,32.37165250024905,68.06224408717223,467.1043974425263,54.89255371176968,0.0,1.0,1.0
2026-01-01 13:02:45,32.38622952641411,68.10131870742204,480.5120303519107,54.87667745963974,0.0,0.0,1.0
2026-01-01 13:02:50,32.464624969772906,68.08131133064157,466.5224392097096,54.842342176989845,0.0,0.0,1.0
2026-01-01 13:02:55,32.554461615613995,67.76946981405226,460.2174515915575,54.81388601955816,0.0,0.0,1.0
2026-01-01 13:03:00,32.55130198263904,67.84636527214445,460.45543595074497,54.76681030774893,0.0,1.0,1.0
2026-01-01 13:03:05,32.61381441634885,68.00294117212253,455.4974683283464,54.77948508006935,0.0,1.0,1.0
2026-01-01 13:03:10,32.65849370649505,67.78616451164957,460.9546103206192,54.8488252529193,0.0,0.0,1.0
2026-01-01 13:03:15,32.7232335467297,68.1383208321545,483.3944689966963,54.7513832909009,0.0,1.0,1.0
2026-01-01 13:03:20,32.73028716529856,68.022542428732,474.22029362734537,54.7799616519909,0.0,0.0,1.0
2026-01-01 13:03:25,32.77115764800435,67.68407586799253,485.96779620844967,54.7377945195656,0.0,0.0,1.0
2026-01-01 13:03:30,32.85341055943048,68.05344095002815,482.3877166839063,54.7263774156527,0.0,1.0,1.0
2026-01-01 13:03:35,32.828194382989544,67.9453313678127,477.4369871815493,54.78726447579969,0.0,0.0,1.0
2026-01-01 13:03:40,32.734935397738965,68.0952445599439,458.8657512088461,54.8157091667201,0.0,1.0,1.0
2026-01-01 13:03:45,32.6901049724524,67.78985277050805,459.490453229319,54.68104983401242,0.0,0.0,1.0
2026-01-01 13:03:50,32.722040789577335,68.1077861041914,469.34529310353616,54.646407296742055,0.0,1.0,1.0
2026-01-01 13:03:55,32.847809207563074,68.30991106565605,467.4566950381658,54.63573609206867,0.0,0.0,1.0
2026-01-01 13:04:00,32.93550518297879,68.43542002471541,465.8914195381234,54.73647500437775,0.0,0.0,1.0
2026-01-01 13:04:05,32.86236337466228,67.91862504824282,486.7176643510539,54.67701695950464,0.0,0.0,1.0
2026-01-01 13:04:10,32.88916966284333,67.79327762213781,467.827696386914,54.63612531107459,0.0,1.0,1.0
2026-01-01 13:04:15,32.855464575126575,68.00340856770144,478.4322890181484,54.64512710913242,0.0,1.0,1.0
2026-01-01 13:04:20,32.81622670838299,67.81691677788102,451.07295146773305,54.64340946033677,0.0,0.0,1.0
2026-01-01 13:04:25,32.75166965920061,68.0902728882079,487.2290943497965,54.65455308417873,0.0,1.0,1.0
2026-01-01 13:04:30,32.74849082139191,68.22458627450845,482.6723244760239,54.70903754416365,0.0,0.0,1.0
2026-01-01 13:04:35,32.748655474697934,67.87688899547479,487.00256127801936,54.72165660321552,0.0,0.0,1.0
2026-01-01 13:04:40,32.75268646570412,67.76174417096469,457.0348926580195,54.70517374841673,0.0,1.0,1.0
2026-01-01 13:04:45,32.713924965025335,68.18604428954137,492.1203598519215,54.66919404886059,0.0,1.0,1.0
2026-01-01 13:04:50,32.72756644793954,68.06940863391253,475.06539923990977,54.63877259508874,0.0,0.0,1.0
2026-01-01 13:04:55,32.60488161127897,67.96036602855631,482.26658435623153,54.61237227695736,0.0,0.0,1.0
2026-01-01 13:05:00,32.68649808088092,68.0457828984589,478.481277397698,54.58428353845044,0.0,1.0,1.0
2026-01-01 13:05:05,32.62974977633893,67.87654404988662,485.3413726499783,54.57658653164127,0.0,0.0,1.0
2026-01-01 13:05:10,32.60859193150068,67.80549626141803,474.1755582755113,54.61862522455775,0.0,1.0,1.0
2026-01-01 13:05:15,32.65295929284888,68.04570425004636,475.30866752101207,54.54899487925557,0.0,1.0,1.0
2026-01-01 13:05:20,32.5363659385018,68.1405401034219,486.481185806338,54.55715855115008,0.0,0.0,1.0
2026-01-01 13:05:25,32.651581673994855,67.84724132840202,493.70787749443593,54.52777642176567,0.0,0.0,1.0
2026-01-01 13:05:30,32.706089598985166,67.80178909217453,503.1943843553099,54.57540413512661,0.0,1.0,1.0
2026-01-01 13:05:35,32.64596632780225,68.28850128886216,492.98161858496593,54.55493229893948,0.0,1.0,1.0
2026-01-01 13:05:40,32.58928052252574,68.50947394464268,474.5697402552886,54.5284461493832,0.0,0.0,1.0
2026-01-01 13:05:45,32.63107385237238,68.17874182260422,509.3544309316651,54.52512341048255,0.0,0.0,1.0
2026-01-01 13:05:50,32.742390518321834,67.77590364256068,495.8471603853693,54.43424127615587,0.0,0.0,1.0
2026-01-01 13:05:55,32.74272423153671,67.64661006178397,462.8342356334952,54.50418604406103,0.0,1.0,1.0
2026-01-01 13:06:00,32.85117349082197,68.0770816757973,472.50301658229256,54.40013976976538,0.0,1.0,1.0
2026-01-01 13:06:05,32.79935810576092,68.00293747098345,487.1905176842328,54.430058353632006,0.0,0.0,1.0
2026-01-01 13:06:10,32.79711197321308,68.14252226437273,501.323773765896,54.41463262775187,0.0,0.0,1.0
2026-01-01 13:06:15,32.828278538530085,67.094910472432,502.17055639251856,54.35284043058932,0.0,0.0,1.0
2026-01-01 13:06:20,32.68630177752303,66.9032096045999,488.0702257568898,54.39338100886302,0.0,1.0,1.0
2026-01-01 13:06:25,32.705922601982486,67.87973882189237,470.2518333298882,54.40494744877199,0.0,1.0,1.0
2026-01-01 13:06:30,32.58845219456321,68.21538817382294,465.7456864341272,54.36232434791402,0.0,1.0,1.0
2026-01-01 13:06:35,32.51567290187206,68.45815163875504,488.90743115917127,54.39516359887448,0.0,0.0,1.0
2026-01-01 13:06:40,32.58065497959608,68.52818637446873,478.7585477422056,54.436983398606586,0.0,0.0,1.0
2026-01-01 13:06:45,32.79630536803484,68.19372834914142,481.18858552743137,54.40827982629398,0.0,0.0,1.0
2026-01-01 13:06:50,32.87371809616967,67.59536181642349,467.78779593053366,54.33972590335173,0.0,0.0,1.0
2026-01-01 13:06:55,32.85209270847896,67.47708097332497,463.0352829419596,54.37343657414732,0.0,1.0,1.0
2026-01-01 13:07:00,32.92654899862428,67.89626908299664,492.3358795095265,54.40670789918608,0.0,1.0,1.0
2026-01-01 13:07:05,32.93992169666383,68.00045751902542,465.42024601291394,54.33675734847188,0.0,1.0,1.0
2026-01-01 13:07:10,32.860769283800195,68.27333337002902,472.9861763695909,54.26213372142767,0.0,0.0,1.0
2026-01-01 13:07:15,32.91772709605626,67.80050378724974,457.4148300441794,54.26621192946103,0.0,0.0,1.0
2026-01-01 13:07:20,32.910016956869924,67.80706107461342,493.22904223537313,54.225575982540285,0.0,1.0,1.0
2026-01-01 13:07:25,32.93918148393663,68.53343771692758,474.40984168927696,54.21183648322192,0.0,1.0,1.0
2026-01-01 13:07:30,32.889614813750214,68.36173465233135,465.0493355310038,54.294311936123584,0.0,0.0,1.0
2026-01-01 13:07:35,32.82550955240408,68.0255245073719,476.51472454854905,54.28641703436634,0.0,0.0,1.0
2026-01-01 13:07:40,32.83237676797256,67.83450812383334,497.68525543395486,54.212101923080105,0.0,0.0,1.0
2026-01-01 13:07:45,32.73709194414812,67.80009023483936,463.7547226617592,54.24002120181036,0.0,1.0,1.0
2026-01-01 13:07:50,32.80230424969633,68.24257064920285,502.6648782355167,54.10276565081503,0.0,1.0,1.0
2026-01-01 13:07:55,32.83531781320871,68.39969989406015,484.0706837613152,54.15587495652742,1.0,0.0,1.0
2026-01-01 13:08:00,32.73471444975996,68.02849880857671,469.44644882437,54.10225583195425,1.0,0.0,1.0
2026-01-01 13:08:05,32.70863958082357,67.43233102143562,468.605088089606,54.1649659085112,1.0,0.0,1.0
2026-01-01 13:08:10,32.629075384213046,67.71494095678752,505.5944107581635,54.31588426579539,1.0,1.0,1.0
2026-01-01 13:08:15,32.56341154961432,67.81912505194907,473.4572612103364,54.4639814255877,1.0,1.0,1.0
2026-01-01 13:08:20,32.53217429668116,68.01368419488696,443.9461186658685,54.64860203167316,1.0,1.0,1.0
2026-01-01 13:08:25,32.56124700967146,68.16638953245854,463.6933326892345,54.81281460205666,0.0,0.0,1.0
2026-01-01 13:08:30,32.68810075802246,67.68283662461417,456.9280393005625,55.05596336092489,0.0,0.0,1.0
2026-01-01 13:08:35,32.556014505912664,68.03074454229954,476.097646985477,55.26582207972248,0.0,1.0,1.0
2026-01-01 13:08:40,32.552869441414835,68.07736476005464,476.1085498948543,55.3929012245651,0.0,0.0,1.0
2026-01-01 13:08:45,32.54846050192333,67.7133791933661,514.9868715793103,55.42946219363104,0.0,0.0,1.0
2026-01-01 13:08:50,32.66272155438448,67.80412667384743,474.99961324228696,55.54129788371969,0.0,1.0,1.0
2026-01-01 13:08:55,32.67863348148837,68.06161250876225,490.5126062873299,55.65130308304897,0.0,1.0,1.0
2026-01-01 13:09:00,32.67731260872358,67.74520820671921,483.7445984745753,55.74076185294767,0.0,0.0,1.0
2026-01-01 13:09:05,32.652057049048,68.03156899958215,463.8480749286308,55.759733176794185,0.0,1.0,1.0
2026-01-01 13:09:10,32.760110764287774,67.9124674261354,463.914439392762,55.692462542365504,0.0,0.0,1.0
2026-01-01 13:09:15,32.69810163521661,68.17918990717351,461.5514925320064,55.722282960449824,0.0,1.0,1.0
2026-01-01 13:09:20,32.745360644019684,68.27976286034591,449.10098480254425,55.69558294169571,0.0,0.0,1.0
2026-01-01 13:09:25,32.707485442329244,68.12744439144163,494.4231220418605,55.73670179841423,0.0,0.0,1.0
2026-01-01 13:09:30,32.74272842013724,67.81415403687608,492.9410690632049,55.73043618835501,0.0,0.0,1.0
2026-01-01 13:09:35,32.64739418274656,67.52275487295383,467.62522500009,55.7057522299575,0.0,1.0,1.0
2026-01-01 13:09:40,32.598301118954794,68.19420402551727,449.2851876348881,55.63507139279278,0.0,1.0,1.0
2026-01-01 13:09:45,32.64838949982534,67.91080941731343,476.1974730231472,55.70173720234617,0.0,0.0,1.0
2026-01-01 13:09:50,32.638907116521715,68.10318484744784,495.3095379771664,55.72503002980365,0.0,1.0,1.0
2026-01-01 13:09:55,32.67886065346956,67.86446039245818,479.1420145233048,55.71933851734389,0.0,0.0,1.0
2026-01-01 13:10:00,32.64267698679037,68.0457165067788,475.306893636915,55.652589496264994,0.0,1.0,1.0
2026-01-01 13:10:05,32.5623804284275,67.87162487672558,457.7500012607284,55.69766282319378,0.0,0.0,1.0
2026-01-01 13:10:10,32.627885891920435,68.13084249402125,522.3021977223314,55.61475744120713,0.0,1.0,1.0
2026-01-01 13:10:15,32.67656121671502,67.90756386748465,473.9051660089823,55.66942211075455,0.0,0.0,1.0
2026-01-01 13:10:20,32.72510724449527,68.14106273399591,470.3890048637616,55.69963613042921,0.0,1.0,1.0
2026-01-01 13:10:25,32.81102571195671,67.54406989482614,469.4553169134887,55.50465144598843,0.0,0.0,1.0
2026-01-01 13:10:30,32.82462641848148,67.49292245912773,460.5427922057626,55.54188688833265,0.0,1.0,1.0
2026-01-01 13:10:35,32.78978406727925,68.07161706443517,483.68020996887896,55.51699864334357,0.0,1.0,1.0
2026-01-01 13:10:40,32.69932665699817,67.96151893911849,480.7264553712116,55.52422155303833,0.0,0.0,1.0
2026-01-01 13:10:45,32.65584137498816,68.18113192690858,487.7779146851872,55.545084976151344,0.0,1.0,1.0
2026-01-01 13:10:50,32.70196282425438,68.10361974875777,466.552180724222,55.50051808115944,0.0,0.0,1.0
2026-01-01 13:10:55,32.75577485447006,67.68738873552479,473.5758119036348,55.5524140564836,0.0,0.0,1.0
2026-01-01 13:11:00,32.79137066167772,67.81614562261248,475.83872222328506,55.52406136782575,0.0,1.0,1.0
2026-01-01 13:11:05,32.80786546165768,68.28733464929917,427.59330554949145,55.49205642607846,0.0,1.0,1.0
2026-01-01 13:11:10,32.773110658817025,68.22239734631287,468.1749867383161,55.44976337052801,0.0,0.0,1.0
2026-01-01 13:11:15,32.756238809941486,67.88104243791852,456.9741623715579,55.51780810691982,0.0,0.0,1.0
2026-01-01 13:11:20,32.802937861333554,67.60950440786728,467.5498707727662,55.48510434945175,0.0,1.0,1.0
2026-01-01 13:11:25,32.89124716053075,68.02561774890142,463.0248573869632,55.4478820434762,0.0,1.0,1.0
2026-01-01 13:11:30,32.740132522936186,68.32528269947152,468.90539984233175,55.50836221573667,0.0,0.0,1.0
2026-01-01 13:11:35,32.7727325943242,68.21846630334112,494.37088970489896,55.40638046615661,0.0,0.0,1.0
2026-01-01 13:11:40,32.815699847704245,67.42475460588811,476.881887384553,55.376085712399366,0.0,0.0,1.0
2026-01-01 13:11:45,32.906122373912034,67.82342526342889,461.22457741479633,55.38844156945136,0.0,1.0,1.0
2026-01-01 13:11:50,32.942791414587454,68.42611030525218,473.6688823314246,55.31625042133916,0.0,1.0,1.0
2026-01-01 13:11:55,32.92556107007146,68.25311175379973,461.8716978788878,55.32525560380998,0.0,0.0,1.0
2026-01-01 13:12:00,32.880530832806635,68.04099522129981,483.9091280392716,55.33446629559486,0.0,0.0,1.0
2026-01-01 13:12:05,32.87534129790042,67.60740631415297,473.4469089994625,55.31891895854835,0.0,0.0,1.0
2026-01-01 13:12:10,32.77637920138622,67.66138698146433,453.2750926790917,55.35093652101578,0.0,1.0,1.0
2026-01-01 13:12:15,32.80079768402066,67.85876039480281,459.9084518243132,55.28423982287737,0.0,1.0,1.0
2026-01-01 13:12:20,32.79365272366073,68.6523719866242,474.6627670146572,55.34210957874655,0.0,1.0,1.0
2026-01-01 13:12:25,32.75565208938481,68.68299785578884,465.0857135936588,55.27417583420643,0.0,0.0,1.0
2026-01-01 13:12:30,32.7251249744968,68.50300938340513,491.0915982066638,55.22261253008673,0.0,0.0,1.0
2026-01-01 13:12:35,32.71582948490807,68.08020169827756,450.07598898931695,55.25997868128877,0.0,0.0,1.0
2026-01-01 13:12:40,32.71475281261128,67.68288611779509,473.5343114738834,55.21245366412209,0.0,0.0,1.0
2026-01-01 13:12:45,32.646483209149224,67.43149119818185,485.6413194468967,55.22940443780871,0.0,1.0,1.0
2026-01-01 13:12:50,32.60855455065581,67.61233618143704,480.62233961614544,55.23478968308813,0.0,1.0,1.0
2026-01-01 13:12:55,32.5392207013976,67.9204271131373,470.5319251930042,55.15083304673499,0.0,1.0,1.0
2026-01-01 13:13:00,32.428894565590404,68.44085648338412,474.6371740423687,55.13376802310124,0.0,1.0,1.0
2026-01-01 13:13:05,32.49202428624231,68.32758625598389,444.0745678689092,55.18317725780321,0.0,0.0,1.0
2026-01-01 13:13:10,32.57103161874847,68.19072888852129,482.0186948964722,55.175097599774816,0.0,0.0,1.0
2026-01-01 13:13:15,32.62560408529659,67.69850711940148,476.04305520442256,55.20275431737465,0.0,0.0,1.0
2026-01-01 13:13:20,32.667181803053765,67.58859621558997,471.17636809055455,55.062503167569744,0.0,1.0,1.0
2026-01-01 13:13:25,32.67510938167033,68.12592425576847,462.9155593589144,55.036273800470056,0.0,1.0,1.0
2026-01-01 13:13:30,32.657122783400816,68.17101329184004,457.1376167069613,55.0320611230282,0.0,0.0,1.0
2026-01-01 13:13:35,32.582521738412225,68.13939106781682,460.5818383686349,55.00786209943996,0.0,0.0,1.0
2026-01-01 13:13:40,32.488716759948126,67.53265986820401,467.7645077301898,54.94675732452295,0.0,0.0,1.0
2026-01-01 13:13:45,32.52775804954721,67.56696680525552,483.0044445709903,54.98809423771319,0.0,1.0,1.0
2026-01-01 13:13:50,32.43312955965597,68.01425740586546,469.72441659626793,55.00622751397985,0.0,1.0,1.0
2026-01-01 13:13:55,32.40511767615848,68.00322907288003,460.7867614511828,54.94199099894493,0.0,0.0,1.0
2026-01-01 13:14:00,32.45941188154466,67.5634812814898,451.4694869251528,54.96349488513662,0.0,0.0,1.0
2026-01-01 13:14:05,32.49452856784115,67.44004006768255,440.7635044663776,54.93276401644155,0.0,1.0,1.0
2026-01-01 13:14:10,32.38388169280871,67.86299301272508,443.9290494018626,54.92064341500617,0.0,1.0,1.0
2026-01-01 13:14:15,32.35861752834356,68.42813413245027,468.22845507997465,55.02298999879282,0.0,1.0,1.0
2026-01-01 13:14:20,32.44848654161004,68.60102521794833,509.3054601899273,54.97929580000818,0.0,0.0,1.0
2026-01-01 13:14:25,32.48272355068073,68.53415426369746,488.3771086617364,54.90647494569133,0.0,0.0,1.0
2026-01-01 13:14:30,32.47693344025174,67.98848229096913,474.29799821443856,54.9518827200684,0.0,0.0,1.0
2026-01-01 13:14:35,32.38462505240258,68.1589050753979,468.7965403285394,54.941532457001145,0.0,1.0,1.0
2026-01-01 13:14:40,32.43794145597643,67.98278853845189,425.7999325996248,54.925354062924846,0.0,0.0,1.0
2026-01-01 13:14:45,32.46362547746139,68.06981923332077,452.3091097265902,54.88828445405109,0.0,1.0,1.0
2026-01-01 13:14:50,32.5087769269176,67.68620872866914,472.4373770119957,54.87633179884244,0.0,0.0,1.0
2026-01-01 13:14:55,32.5486960577545,67.73558178772751,449.5157321143993,54.86539069405252,0.0,1.0,1.0
2026-01-01 13:15:00,32.563167164310364,68.35876876668918,450.4758878379134,54.87149472810775,0.0,1.0,1.0
2026-01-01 13:15:05,32.51004164837727,68.73904322343553,485.2875044065336,54.92186320589252,0.0,0.0,1.0
2026-01-01 13:15:10,32.4554996797267,68.20082307777493,496.7517405577578,54.90980027944471,0.0,0.0,1.0
2026-01-01 13:15:15,32.58562967576369,67.85256047189155,478.1570793454571,54.90196546556267,0.0,0.0,1.0
2026-01-01 13:15:20,32.60472196454634,67.9342770556063,450.75290267656266,54.90900129436461,0.0,1.0,1.0
2026-01-01 13:15:25,32.52005334504841,68.4154707807832,444.7609161323035,54.9411194458029,0.0,1.0,1.0
2026-01-01 13:15:30,32.564762941762936,68.16183141857704,452.9748972464615,54.91137978259725,0.0,0.0,1.0
2026-01-01 13:15:35,32.59215288175475,67.82852905270299,490.2391144729111,54.85373207051198,0.0,0.0,1.0
2026-01-01 13:15:40,32.66651318374177,68.15157356238447,481.090117356405,54.76548801934898,0.0,1.0,1.0
2026-01-01 13:15:45,32.59225728458267,67.85285862215025,463.1186306410673,54.8004696829134,0.0,0.0,1.0
2026-01-01 13:15:50,32.58132837035144,68.17949451969422,460.84052308003686,54.779998469139386,0.0,1.0,1.0
2026-01-01 13:15:55,32.45689515910117,67.80434018788239,464.5095541822468,54.77722159923334,0.0,0.0,1.0
2026-01-01 13:16:00,32.484230653979814,67.78559608843764,477.2222375067031,54.75562530238509,0.0,1.0,1.0
2026-01-01 13:16:05,32.43180236314328,68.13259662109685,434.7155144273495,54.77617114783746,0.0,1.0,1.0
2026-01-01 13:16:10,32.432796281529114,68.38647390981185,464.7564781907712,54.74327531139001,0.0,0.0,1.0
2026-01-01 13:16:15,32.57707398615595,67.84420324126766,444.8413282700375,54.78893507414506,0.0,0.0,1.0
2026-01-01 13:16:20,32.66777793989849,68.07715405042615,455.5603886892958,54.77536351057669,0.0,1.0,1.0
2026-01-01 13:16:25,32.7427860572392,67.8633048532827,455.5863798654012,54.716940381558615,0.0,0.0,1.0
2026-01-01 13:16:30,32.6768022081313,68.01032451681886,447.0453328710195,54.73739312467233,0.0,1.0,1.0
2026-01-01 13:16:35,32.6736131053009,67.78845513787668,478.68236502731327,54.71070291876723,0.0,0.0,1.0
2026-01-01 13:16:40,32.65362202551817,68.10796307647546,491.9009203111592,54.66863423882968,0.0,1.0,1.0
2026-01-01 13:16:45,32.704111077632646,68.1331789479583,484.33935783977626,54.75348151031372,0.0,0.0,1.0
2026-01-01 13:16:50,32.81299299437779,67.74334386440002,475.63446162367455,54.68014825442759,0.0,0.0,1.0
2026-01-01 13:16:55,32.80712480596131,67.76379649410957,470.6358918873251,54.66405027386519,0.0,1.0,1.0
2026-01-01 13:17:00,32.80383048418986,68.4287961244933,473.232175531095,54.65302716101691,0.0,1.0,1.0
2026-01-01 13:17:05,32.82373812911725,68.31220697676437,470.4513189380031,54.604988653936346,0.0,0.0,1.0
2026-01-01 13:17:10,32.76538256459212,67.8720877857537,461.4157540240232,54.64863715282566,0.0,0.0,1.0
2026-01-01 13:17:15,32.79701641509858,67.79568879483305,462.33698559660894,54.63111049466211,0.0,1.0,1.0
2026-01-01 13:17:20,32.67513805809002,68.2612221082045,459.1757499022408,54.72412837568754,0.0,1.0,1.0
2026-01-01 13:17:25,32.773429188096074,68.39024097070104,474.6660494583488,54.68286539088318,0.0,0.0,1.0
2026-01-01 13:17:30,32.791861934455504,68.10381027098758,443.4342448090545,54.65340520252738,0.0,0.0,1.0
2026-01-01 13:17:35,32.79902774569448,68.07179678834854,450.9250352234778,54.58726841652856,0.0,0.0,1.0
2026-01-01 13:17:40,32.77816006713849,67.30303924161954,481.3734014260294,54.6522778637092,0.0,0.0,1.0
2026-01-01 13:17:45,32.71756881900961,67.07666544158124,443.0171710658882,54.65647282497447,0.0,1.0,1.0
2026-01-01 13:17:50,32.677740471054165,67.55778929537006,471.7578641218572,54.61177512379752,0.0,1.0,1.0
2026-01-01 13:17:55,32.57764733721138,68.20423851698548,464.388793583193,54.56383978281157,0.0,1.0,1.0
2026-01-01 13:18:00,32.528137914069376,68.37960350908955,455.9680577395888,54.550024167604136,0.0,0.0,1.0
2026-01-01 13:18:05,32.6090859355892,68.25109312131472,443.35400418231353,54.51620642584555,0.0,0.0,1.0
2026-01-01 13:18:10,32.77590414197853,67.79491979124391,478.0688055114333,54.49570896052008,0.0,0.0,1.0
2026-01-01 13:18:15,32.833592061289394,67.79819630114137,467.6033296700447,54.57112517440838,0.0,1.0,1.0
2026-01-01 13:18:20,32.725352710173844,68.1665870268956,493.4972862156844,54.54111316902174,0.0,1.0,1.0
2026-01-01 13:18:25,32.6922578054408,68.31111767465376,466.3452688164689,54.52853817011882,0.0,0.0,1.0
2026-01-01 13:18:30,32.72994476353507,67.95051461687522,457.6867452531762,54.51346106120518,0.0,0.0,1.0
2026-01-01 13:18:35,32.65459821510839,68.09688997359453,453.4135133419935,54.508618529060975,0.0,1.0,1.0
2026-01-01 13:18:40,32.66637459564681,67.99913402647154,478.03342787532574,54.49458076578102,0.0,0.0,1.0
2026-01-01 13:18:45,32.67420611002836,68.0710392607592,465.8105630119232,54.4404786100501,0.0,1.0,1.0
2026-01-01 13:18:50,32.59683976598261,67.89189358841884,441.9153494437613,54.40107968206612,0.0,0.0,1.0
2026-01-01 13:18:55,32.62086713476376,67.64980872570216,464.70650177855447,54.39831297832299,0.0,1.0,1.0
2026-01-01 13:19:00,32.66850980712798,68.03957781836341,476.58112979538254,54.3431352792153,0.0,1.0,1.0
2026-01-01 13:19:05,32.73121105255003,67.9627066835609,460.4450089469661,54.36307192683189,0.0,0.0,1.0
2026-01-01 13:19:10,32.739437623321464,68.52474359968343,472.46232386542914,54.32744422197807,0.0,1.0,1.0
2026-01-01 13:19:15,32.83534713227923,67.97894390783082,487.0522242735914,54.38488901043274,0.0,0.0,1.0
2026-01-01 13:19:20,32.85092103887626,67.73299752748396,475.2379250118265,54.386154124767565,0.0,1.0,1.0
2026-01-01 13:19:25,32.899485775739734,68.5065932520942,499.7244995104925,54.3154041589342,0.0,1.0,1.0
2026-01-01 13:19:30,32.868670323616406,68.43960267169429,476.98806638713,54.385409090294,0.0,0.0,1.0
2026-01-01 13:19:35,32.9342455180207,68.30482052998838,451.07201633787946,54.44280430394334,0.0,0.0,1.0
2026-01-01 13:19:40,32.98507926592301,67.70458455956394,485.3753382223411,54.41954402826818,0.0,0.0,1.0
2026-01-01 13:19:45,33.032646488702255,67.72661981943423,472.50110220393327,54.41306418371801,0.0,1.0,1.0
2026-01-01 13:19:50,33.006234958280785,67.95534688088736,450.91422732507306,54.34921823349197,0.0,1.0,1.0
2026-01-01 13:19:55,32.98937872216208,68.70536519109741,463.0229584999983,54.37560204089041,0.0,1.0,1.0
2026-01-01 13:20:00,32.97065105922426,68.7743958622693,455.40294324363873,54.26370958891833,0.0,0.0,1.0
2026-01-01 13:20:05,32.9505392302488,68.40462970235001,458.497272602372,54.28649669987151,0.0,0.0,1.0
2026-01-01 13:20:10,32.93610766201166,67.9987470297547,448.6334392723154,54.31037336107088,0.0,0.0,1.0
2026-01-01 13:20:15,32.87352735562098,67.98910373045125,469.16900176839,54.258243062844045,0.0,1.0,1.0
2026-01-01 13:20:20,32.883473419294816,68.19015204632902,497.6905312242904,54.23177895584851,0.0,1.0,1.0
2026-01-01 13:20:25,32.882671408649685,67.96507778383136,460.2035289044136,54.21604599846874,0.0,0.0,1.0
2026-01-01 13:20:30,32.87214046348859,68.24787471049187,456.4140958991397,54.19420263120482,0.0,1.0,1.0
2026-01-01 13:20:35,32.794938534966604,67.93604844629338,498.20973506868864,54.20930334908783,1.0,0.0,1.0
2026-01-01 13:20:40,32.81861589167769,68.25048248891596,481.55271387918754,54.20506598119248,1.0,1.0,1.0
2026-01-01 13:20:45,32.72600860414574,68.01380954896437,462.0456804955162,54.242301028146805,1.0,0.0,1.0
2026-01-01 13:20:50,32.7281400753302,67.64605959546829,461.0598620687076,54.36636981789464,0.0,0.0,1.0
2026-01-01 13:20:55,32.72470067052698,67.58322092953202,482.7611162919129,54.51485804976807,0.0,1.0,1.0
2026-01-01 13:21:00,32.74338611524592,67.76452979899153,439.9290334477392,54.64176045786907,0.0,1.0,1.0
2026-01-01 13:21:05,32.58344255005674,68.35631136717846,436.4602850467043,54.66700961672132,0.0,1.0,1.0
2026-01-01 13:21:10,32.63296576235064,68.29707138856195,453.6628307837919,54.68931678941421,0.0,0.0,1.0
2026-01-01 13:21:15,32.63781064300125,67.85800578177701,467.932114842948,54.776646459696565,0.0,0.0,1.0
2026-01-01 13:21:20,32.54776569692336,68.20877305750241,430.517140887112,54.80616872758817,0.0,1.0,1.0
2026-01-01 13:21:25,32.679038875617785,68.15264272945778,458.0961104020576,54.85748995612603,0.0,0.0,1.0
2026-01-01 13:21:30,32.72972750052945,67.75587338671774,472.53920967329657,54.90063435388908,0.0,0.0,1.0
2026-01-01 13:21:35,32.783061561587715,68.16254191109415,462.55824543700953,54.89550302411969,0.0,1.0,1.0
2026-01-01 13:21:40,32.85975653250632,67.85829710750706,458.1423936257712,54.8874345868436,0.0,0.0,1.0
2026-01-01 13:21:45,32.9292741670292,68.12857970406449,508.1922554086013,54.90540652829819,0.0,1.0,1.0
2026-01-01 13:21:50,32.97379541010944,68.00677544892434,470.4937768812812,54.91303792012923,0.0,0.0,1.0
2026-01-01 13:21:55,32.87766773251482,67.75789118542014,476.6317954523147,54.85944906670044,0.0,0.0,1.0
2026-01-01 13:22:00,32.78267539882095,67.72415076901143,439.0531867570299,54.83875549712697,0.0,1.0,1.0
2026-01-01 13:22:05,32.75672650392433,68.21352445466631,463.62228922439976,54.89138953826503,0.0,1.0,1.0
2026-01-01 13:22:10,32.69531303579173,67.7581791461021,468.1751927300457,54.92098834532269,0.0,0.0,1.0
2026-01-01 13:22:15,32.65957705195256,68.10664574396921,467.4474124622175,54.870426968224265,0.0,1.0,1.0
2026-01-01 13:22:20,32.60387589290102,67.810847539355,462.2476444610707,54.87122526431772,0.0,0.0,1.0
2026-01-01 13:22:25,32.51874242177839,67.88042324286057,440.2305377364284,54.85220308627336,0.0,1.0,1.0
2026-01-01 13:22:30,32.5357260479161,68.20256396258473,447.19022718130367,54.89894262820637,0.0,1.0,1.0
2026-01-01 13:22:35,32.47617017376258,68.17451687299612,484.1551443875247,54.83199040885816,0.0,0.0,1.0
2026-01-01 13:22:40,32.539028628691284,67.66718901355885,469.99646476889296,54.8477641663562,0.0,0.0,1.0
2026-01-01 13:22:45,32.49414039167724,67.61046261447405,477.17205325149695,54.795435395806166,0.0,1.0,1.0
2026-01-01 13:22:50,32.52543106327696,68.34581097182439,474.7166619878776,54.868063022600005,0.0,1.0,1.0
2026-01-01 13:22:55,32.39890544119613,68.50834418463975,465.2639689000511,54.88127647939663,0.0,0.0,1.0
2026-01-01 13:23:00,32.54902510001119,67.91578641441794,457.8891295995872,54.88287874411759,0.0,0.0,1.0
2026-01-01 13:23:05,32.48256434211967,67.95266807369343,471.71732677498136,54.88204573082656,0.0,1.0,1.0
2026-01-01 13:23:10,32.470199240693546,68.35513758693288,453.6893237003586,54.87341330447253,0.0,1.0,1.0
2026-01-01 13:23:15,32.56752669187341,68.43915961215222,475.8351227644239,54.7668237960833,0.0,0.0,1.0
2026-01-01 13:23:20,32.54568833273523,68.1374731874229,429.1610383381392,54.731921148599966,0.0,0.0,1.0
2026-01-01 13:23:25,32.61822448136476,67.70663448935451,451.6710519671407,54.6558749678884,0.0,0.0,1.0
2026-01-01 13:23:30,32.59128596653561,67.77683974766596,440.0636210351548,54.666430435710346,0.0,1.0,1.0
2026-01-01 13:23:35,32.698729487374194,68.10979816373454,477.5039623610386,54.66940570713638,0.0,1.0,1.0
2026-01-01 13:23:40,32.74267473289856,67.98953944769073,472.18224412506606,54.77392412257261,0.0,0.0,1.0
2026-01-01 13:23:45,32.81039347270615,68.46684257760985,448.3405305516744,54.71237843070329,0.0,1.0,1.0
2026-01-01 13:23:50,32.81280388037286,68.21499168374316,483.4208823749235,54.703355917844505,0.0,0.0,1.0
2026-01-01 13:23:55,32.87018791850729,67.89567845664885,460.31252597563287,54.658453237205634,0.0,0.0,1.0
2026-01-01 13:24:00,32.83809656994274,68.08840843557704,459.39909569237807,54.64610525478817,0.0,1.0,1.0
2026-01-01 13:24:05,32.849263073969134,67.49168410055474,469.2907867615168,54.63970173699669,0.0,0.0,1.0
2026-01-01 13:24:10,32.85908526342885,67.88822520306579,449.8898782646616,54.62652497280784,0.0,1.0,1.0
2026-01-01 13:24:15,32.79464609448715,67.90669571547342,459.8778900697435,54.64743742240613,0.0,1.0,1.0
2026-01-01 13:24:20,32.84815509707644,68.368265787103,444.7477965297357,54.68430682675876,0.0,1.0,1.0
2026-01-01 13:24:25,32.84110241377208,68.46896558582279,488.246751062204,54.6398895958726,0.0,0.0,1.0
2026-01-01 13:24:30,32.90815288362371,68.12031137168415,486.15046256958834,54.66880361177374,0.0,0.0,1.0
2026-01-01 13:24:35,32.87071905882351,68.09103608247808,477.4306235822611,54.725514370016136,0.0,0.0,1.0
2026-01-01 13:24:40,32.99070358642229,67.36651320283998,441.77763583859615,54.67690337041766,0.0,0.0,1.0
2026-01-01 13:24:45,33.04464317915221,67.32480492138508,449.9810193701198,54.707092379336174,0.0,1.0,1.0
2026-01-01 13:24:50,33.02303109172793,67.42905013543998,458.2181503215072,54.68488711987667,0.0,1.0,1.0
2026-01-01 13:24:55,32.95950746771444,68.014397214178,467.0100360370688,54.65765353142905,0.0,1.0,1.0
2026-01-01 13:25:00,32.864663688720704,67.5161576381055,457.14213988507777,54.65090238328118,0.0,0.0,1.0
2026-01-01 13:25:05,32.875263318047985,67.67553412217565,476.8755148878464,54.576562979140725,0.0,1.0,1.0
2026-01-01 13:25:10,32.86024816718929,67.81296610128696,471.95806653989945,54.56254399349159,0.0,1.0,1.0
2026-01-01 13:25:15,32.80217780729679,68.2419264985094,472.9149414829139,54.59188524799008,0.0,1.0,1.0
2026-01-01 13:25:20,32.881323174167306,68.03227004283117,451.4232151246426,54.60898101828828,0.0,0.0,1.0
2026-01-01 13:25:25,32.82690267745345,67.96957116980514,479.34408478243694,54.59269127005198,0.0,0.0,1.0
2026-01-01 13:25:30,32.716483768175415,68.1072515154542,479.8660078312704,54.5470542963349,0.0,1.0,1.0
2026-01-01 13:25:35,32.68046198162014,68.08428274164501,472.67084512170646,54.62924847280762,0.0,0.0,1.0
2026-01-01 13:25:40,32.76734167303188,67.81780354922995,443.6500383314333,54.57531983348568,0.0,0.0,1.0
2026-01-01 13:25:45,32.86486215785276,67.72342252178358,469.0278581028981,54.50958122377448,0.0,1.0,1.0
2026-01-01 13:25:50,32.773317189833755,67.79056641059151,454.2224202757797,54.449654707637904,0.0,1.0,1.0
2026-01-01 13:25:55,32.77159615636276,68.03572289250658,470.810533500147,54.49353395526685,0.0,1.0,1.0
2026-01-01 13:26:00,32.72501859665142,67.93857780110176,430.35677970159423,54.42383055757774,0.0,0.0,1.0
2026-01-01 13:26:05,32.692833121690306,68.45168074185223,487.074831932657,54.38686451321973,0.0,1.0,1.0
2026-01-01 13:26:10,32.66819982257007,67.90784003549066,488.0632771596175,54.3777979286312,0.0,0.0,1.0
2026-01-01 13:26:15,32.70320342387105,67.94319696087648,464.27381366905854,54.35053914137806,0.0,1.0,1.0
2026-01-01 13:26:20,32.743912523133496,68.325499626157,459.3674929729969,54.41471420954599,0.0,1.0,1.0
2026-01-01 13:26:25,32.847529466594736,68.25117680025778,459.0781098305365,54.38688072001291,0.0,0.0,1.0
2026-01-01 13:26:30,32.89729120743739,67.94290275874222,487.48785026727774,54.41108480976168,0.0,0.0,1.0
2026-01-01 13:26:35,32.82722398956039,68.35888146605738,441.0136993502581,54.34454076439092,0.0,1.0,1.0
2026-01-01 13:26:40,32.78839798575448,68.12147352736338,434.8182088346383,54.3879356182491,0.0,0.0,1.0
2026-01-01 13:26:45,32.80288451494126,67.55252243218068,465.2929137561861,54.3278587675326,0.0,0.0,1.0
2026-01-01 13:26:50,32.74357630733259,67.2559000947904,422.7615516061508,54.317282446089365,0.0,1.0,1.0
2026-01-01 13:26:55,32.6953684240174,67.33893003055938,460.0183331027265,54.23563126816027,0.0,1.0,1.0
2026-01-01 13:27:00,32.681594658802176,67.71027668009643,449.2496824379144,54.24530123161068,0.0,1.0,1.0
2026-01-01 13:27:05,32.63703594178468,68.45768875537517,450.688447949384,54.3035226794634,0.0,1.0,1.0
2026-01-01 13:27:10,32.61478175792896,68.45157375300246,464.4721100238505,54.2376882008168,0.0,0.0,1.0
2026-01-01 13:27:15,32.59096060229171,68.6973737528491,439.32311410128585,54.27341638057916,0.0,0.0,1.0
2026-01-01 13:27:20,32.61730200528792,68.10168418179255,452.72538903886544,54.28142142478114,0.0,0.0,1.0
2026-01-01 13:27:25,32.63358229511878,67.54543721843719,466.3113561482412,54.25940557089406,0.0,0.0,1.0
2026-01-01 13:27:30,32.632160902636606,67.54729787426201,498.78814814932,54.2521776959216,0.0,1.0,1.0
2026-01-01 13:27:35,32.60528893540633,67.73515201684056,455.3620223288283,54.272119050316064,0.0,1.0,1.0
2026-01-01 13:27:40,32.55690245898625,68.63505757413552,441.06668785010936,54.20560164314575,0.0,1.0,1.0
2026-01-01 13:27:45,32.61122715355262,68.82794302341526,471.2279064119678,54.27256286472955,0.0,0.0,1.0
2026-01-01 13:27:50,32.67993540186914,68.54785754137788,436.91611348540766,54.23595672129712,0.0,0.0,1.0
2026-01-01 13:27:55,32.72316560154223,68.08725600061838,468.8683615743069,54.23586753394187,0.0,0.0,1.0
2026-01-01 13:28:00,32.71533276029877,67.27849884657691,482.872513598183,54.2135274511039,0.0,0.0,1.0
2026-01-01 13:28:05,32.7555926930934,67.44691582835591,447.2420816487146,54.30143084364639,0.0,1.0,1.0
2026-01-01 13:28:10,32.78454011107596,67.98069773917162,477.379173642647,54.27375160562191,0.0,1.0,1.0
2026-01-01 13:28:15,32.64680173329383,68.208950512238,478.087397923764,54.283813086470246,0.0,1.0,1.0
2026-01-01 13:28:20,32.692005029947794,67.80522446234235,462.9462367763535,54.17298049644285,0.0,0.0,1.0
2026-01-01 13:28:25,32.712271503982706,67.84015395619201,463.9870535660558,54.15847555794738,1.0,1.0,1.0
2026-01-01 13:28:30,32.76912634301464,67.94699327354549,450.6000139732236,54.10847381324214,1.0,1.0,1.0
2026-01-01 13:28:35,32.70979384350254,68.71633356546202,455.640307148897,54.24319106084661,1.0,1.0,1.0
2026-01-01 13:28:40,32.74693726742041,69.11107721031445,479.9658338012552,54.303911309915705,0.0,0.0,1.0
2026-01-01 13:28:45,32.74224758400839,68.99682438995151,463.6781317002345,54.47930169754986,0.0,0.0,1.0
2026-01-01 13:28:50,32.7834400115162,68.49509025531276,461.8714196134134,54.65337907389102,0.0,0.0,1.0
2026-01-01 13:28:55,32.87388475394371,67.87287029739345,485.5788483455648,54.696280341977214,0.0,0.0,1.0
2026-01-01 13:29:00,32.849203682127246,67.6375559516471,439.5296933860034,54.79281981326904,0.0,1.0,1.0
2026-01-01 13:29:05,32.789215382828736,67.91081262693348,452.0387781873453,54.66215087780134,0.0,1.0,1.0
2026-01-01 13:29:10,32.74686337311163,68.69236696508565,464.316307785181,54.710130219489415,0.0,1.0,1.0
2026-01-01 13:29:15,32.79856666428637,68.74232076282895,465.8477108621556,54.778296242077374,0.0,0.0,1.0
2026-01-01 13:29:20,32.80048760897275,68.05705490288214,446.8925932005064,54.85876587333175,0.0,0.0,1.0
2026-01-01 13:29:25,32.72160344350096,67.32563985736878,456.9915522081308,54.92667942967766,0.0,0.0,1.0
2026-01-01 13:29:30,32.733993041655914,67.62705558593014,456.27494055592746,54.88385099981158,0.0,1.0,1.0
2026-01-01 13:29:35,32.60222537570323,67.84391429476574,453.85856868141406,54.86121091178583,0.0,1.0,1.0
2026-01-01 13:29:40,32.617397135063364,68.43039290883385,469.6194847682895,54.8259006820752,0.0,1.0,1.0
2026-01-01 13:29:45,32.5997950696421,68.76401686528783,485.00572101888736,54.89556009831806,0.0,0.0,1.0
2026-01-01 13:29:50,32.622596587365734,68.5874466159244,443.7408494645298,54.91324046821149,0.0,0.0,1.0
2026-01-01 13:29:55,32.718236695309,68.18511941744991,457.6269188476765,54.894238211057456,0.0,0.0,1.0
