Timestamp,Temperature,Humidity,Light,Soil_Moisture,Drip,Mist,Fan
2026-04-19 17:00:03,30.4,52.1,119.7,54.1,0.0,0.0,0.0
2026-04-19 17:00:08,30.4,52.0,161.9,54.1,0.0,0.0,0.0
2026-04-19 17:00:13,30.3,52.0,133.8,54.2,0.0,0.0,0.0
2026-04-19 17:00:18,30.4,52.0,161.3,54.2,0.0,0.0,0.0
2026-04-19 17:00:23,30.2,52.0,137.1,54.1,0.0,0.0,0.0
2026-04-19 17:00:28,30.2,51.9,150.0,54.1,0.0,0.0,0.0
2026-04-19 17:00:33,30.2,51.9,152.3,54.2,0.0,0.0,0.0
2026-04-19 17:00:38,30.1,51.8,129.7,54.2,0.0,0.0,0.0
2026-04-19 17:00:43,30.2,51.8,137.0,54.2,0.0,0.0,0.0
2026-04-19 17:00:48,30.2,51.8,137.8,54.2,0.0,0.0,0.0
2026-04-19 17:00:53,30.1,51.9,150.5,54.2,0.0,0.0,0.0
2026-04-19 17:00:58,30.2,51.9,144.2,54.2,0.0,0.0,0.0
2026-04-19 17:01:03,30.3,51.8,145.1,54.2,0.0,0.0,0.0
2026-04-19 17:01:08,30.3,52.0,138.1,54.2,0.0,0.0,0.0
2026-04-19 17:01:13,30.4,52.0,140.4,54.2,0.0,0.0,0.0
2026-04-19 17:01:18,30.3,51.9,109.3,54.2,0.0,0.0,0.0
2026-04-19 17:01:23,30.3,52.0,117.4,54.1,0.0,0.0,0.0
2026-04-19 17:01:28,30.0,52.0,149.6,54.1,0.0,0.0,0.0
2026-04-19 17:01:33,30.2,52.0,140.0,54.1,0.0,0.0,0.0
2026-04-19 17:01:38,30.3,52.1,128.9,54.1,0.0,0.0,0.0
2026-04-19 17:01:43,30.2,52.1,134.4,54.1,0.0,0.0,0.0
2026-04-19 17:01:48,30.3,52.1,142.1,54.1,0.0,0.0,0.0
2026-04-19 17:01:53,30.2,52.3,131.9,54.1,0.0,0.0,0.0
2026-04-19 17:01:58,30.2,52.2,127.7,54.1,0.0,0.0,0.0
2026-04-19 17:02:03,30.3,52.1,143.4,54.1,0.0,0.0,0.0
2026-04-19 17:02:08,30.2,52.1,136.5,54.1,0.0,0.0,0.0
2026-04-19 17:02:13,30.3,52.1,140.9,54.1,0.0,0.0,0.0
2026-04-19 17:02:18,30.3,52.1,139.4,54.1,0.0,0.0,0.0
2026-04-19 17:02:23,30.3,52.2,139.4,54.1,0.0,0.0,0.0
2026-04-19 17:02:28,30.3,52.4,115.8,54.1,0.0,0.0,0.0
2026-04-19 17:02:33,30.3,52.3,127.7,54.1,0.0,0.0,0.0
2026-04-19 17:02:38,30.2,52.3,117.0,54.2,0.0,0.0,0.0
2026-04-19 17:02:43,30.2,52.3,141.1,54.2,0.0,0.0,0.0
2026-04-19 17:02:48,30.2,52.1,140.6,54.2,0.0,0.0,0.0
2026-04-19 17:02:53,30.4,52.1,150.3,54.1,0.0,0.0,0.0
2026-04-19 17:02:58,30.2,52.0,127.1,54.1,0.0,0.0,0.0
2026-04-19 17:03:03,30.3,52.0,156.7,54.1,0.0,0.0,0.0
2026-04-19 17:03:08,30.1,52.1,153.0,54.1,0.0,0.0,0.0
2026-04-19 17:03:13,30.2,52.2,141.9,54.1,0.0,0.0,0.0
2026-04-19 17:03:18,30.2,52.2,141.9,54.1,0.0,0.0,0.0
2026-04-19 17:03:23,30.2,52.3,128.6,54.1,0.0,0.0,0.0
2026-04-19 17:03:28,30.2,52.4,125.9,54.1,0.0,0.0,0.0
2026-04-19 17:03:33,30.2,52.3,147.3,54.1,0.0,0.0,0.0
2026-04-19 17:03:38,30.2,52.3,109.5,54.1,0.0,0.0,0.0
2026-04-19 17:03:43,30.2,52.4,158.4,54.1,0.0,0.0,0.0
2026-04-19 17:03:48,30.2,52.3,136.6,54.2,0.0,0.0,0.0
2026-04-19 17:03:53,30.3,52.2,153.1,54.2,0.0,0.0,0.0
2026-04-19 17:03:58,30.3,52.0,113.2,54.2,0.0,0.0,0.0
2026-04-19 17:04:03,30.3,52.2,124.6,54.2,0.0,0.0,0.0
2026-04-19 17:04:08,30.3,52.1,131.8,54.2,0.0,0.0,0.0
2026-04-19 17:04:13,30.2,52.0,132.1,54.2,0.0,0.0,0.0
2026-04-19 17:04:18,30.1,52.2,132.7,54.2,0.0,0.0,0.0
2026-04-19 17:04:23,30.2,52.2,116.2,54.2,0.0,0.0,0.0
2026-04-19 17:04:28,30.3,52.1,147.4,54.2,0.0,0.0,0.0
2026-04-19 17:04:33,30.2,52.1,136.9,54.2,0.0,0.0,0.0
2026-04-19 17:04:38,30.2,52.0,119.4,54.2,0.0,0.0,0.0
2026-04-19 17:04:43,30.1,52.0,125.4,54.2,0.0,0.0,0.0
2026-04-19 17:04:48,30.2,52.1,123.8,54.2,0.0,0.0,0.0
2026-04-19 17:04:53,30.1,52.1,157.5,54.2,0.0,0.0,0.0
2026-04-19 17:04:58,30.3,52.2,136.9,54.2,0.0,0.0,0.0
2026-04-19 17:05:03,30.2,52.2,129.8,54.2,0.0,0.0,0.0
2026-04-19 17:05:08,30.0,52.2,127.8,54.2,0.0,0.0,0.0
2026-04-19 17:05:13,30.3,52.3,137.5,54.2,0.0,0.0,0.0
2026-04-19 17:05:18,30.3,52.4,137.4,54.2,0.0,0.0,0.0
2026-04-19 17:05:23,30.2,52.4,128.9,54.2,0.0,0.0,0.0
2026-04-19 17:05:28,30.1,52.3,138.9,54.2,0.0,0.0,0.0
2026-04-19 17:05:33,30.1,52.5,130.6,54.2,0.0,0.0,0.0
2026-04-19 17:05:38,30.3,52.6,139.9,54.2,0.0,0.0,0.0
2026-04-19 17:05:43,30.2,52.5,123.2,54.2,0.0,0.0,0.0
2026-04-19 17:05:48,30.1,52.4,134.5,54.2,0.0,0.0,0.0
2026-04-19 17:05:53,30.4,52.4,135.6,54.2,0.0,0.0,0.0
2026-04-19 17:05:58,30.2,52.4,114.2,54.2,0.0,0.0,0.0
2026-04-19 17:06:03,30.1,52.3,114.8,54.2,0.0,0.0,0.0
2026-04-19 17:06:08,30.0,52.4,110.4,54.2,0.0,0.0,0.0
2026-04-19 17:06:13,30.2,52.3,108.6,54.2,0.0,0.0,0.0
2026-04-19 17:06:18,30.1,52.3,140.8,54.2,0.0,0.0,0.0
2026-04-19 17:06:23,30.2,52.2,133.7,54.2,0.0,0.0,0.0
2026-04-19 17:06:28,30.2,52.3,134.0,54.2,0.0,0.0,0.0
2026-04-19 17:06:33,30.1,52.2,119.0,54.2,0.0,0.0,0.0
2026-04-19 17:06:38,30.2,52.2,125.9,54.2,0.0,0.0,0.0
2026-04-19 17:06:43,30.2,52.3,132.3,54.2,0.0,0.0,0.0
2026-04-19 17:06:48,30.3,52.4,113.8,54.2,0.0,0.0,0.0
2026-04-19 17:06:53,30.2,52.4,130.8,54.2,0.0,0.0,0.0
2026-04-19 17:06:58,30.1,52.4,124.0,54.2,0.0,0.0,0.0
2026-04-19 17:07:03,30.1,52.3,106.9,54.2,0.0,0.0,0.0
2026-04-19 17:07:08,30.3,52.3,124.9,54.2,0.0,0.0,0.0
2026-04-19 17:07:13,30.3,52.3,107.8,54.2,0.0,0.0,0.0
2026-04-19 17:07:18,30.1,52.4,122.7,54.2,0.0,0.0,0.0
2026-04-19 17:07:23,30.2,52.5,133.0,54.2,0.0,0.0,0.0
2026-04-19 17:07:28,30.2,52.7,128.3,54.2,0.0,0.0,0.0
2026-04-19 17:07:33,30.1,52.8,129.6,54.2,0.0,0.0,0.0
2026-04-19 17:07:38,30.1,52.8,119.9,54.2,0.0,0.0,0.0
2026-04-19 17:07:43,30.2,52.8,136.8,54.2,0.0,0.0,0.0
2026-04-19 17:07:48,30.2,52.9,115.4,54.2,0.0,0.0,0.0
2026-04-19 17:07:53,30.1,52.8,134.7,54.2,0.0,0.0,0.0
2026-04-19 17:07:58,30.2,52.7,126.0,54.2,0.0,0.0,0.0
2026-04-19 17:08:03,30.2,52.7,120.6,54.2,0.0,0.0,0.0
2026-04-19 17:08:08,30.2,52.7,128.4,54.2,0.0,0.0,0.0
2026-04-19 17:08:13,30.2,52.7,137.2,54.2,0.0,0.0,0.0
2026-04-19 17:08:18,30.3,52.9,116.7,54.2,0.0,0.0,0.0
2026-04-19 17:08:23,30.2,52.8,116.7,54.2,0.0,0.0,0.0
2026-04-19 17:08:28,30.1,52.9,137.6,54.2,0.0,0.0,0.0
2026-04-19 17:08:33,30.1,52.8,120.2,54.2,0.0,0.0,0.0
2026-04-19 17:08:38,30.2,52.8,128.5,54.2,0.0,0.0,0.0
2026-04-19 17:08:43,30.1,52.9,134.7,54.2,0.0,0.0,0.0
2026-04-19 17:08:48,30.2,52.8,115.5,54.2,0.0,0.0,0.0
2026-04-19 17:08:53,30.2,52.8,113.7,54.2,0.0,0.0,0.0
2026-04-19 17:08:58,30.2,52.8,125.5,54.2,0.0,0.0,0.0
2026-04-19 17:09:03,30.0,52.8,128.6,54.2,0.0,0.0,0.0
2026-04-19 17:09:08,30.2,52.8,105.9,54.2,0.0,0.0,0.0
2026-04-19 17:09:13,30.3,52.8,126.8,54.2,0.0,0.0,0.0
2026-04-19 17:09:18,30.2,52.9,109.1,54.2,0.0,0.0,0.0
2026-04-19 17:09:23,30.1,52.8,126.9,54.2,0.0,0.0,0.0
2026-04-19 17:09:28,30.2,52.9,119.7,54.2,0.0,0.0,0.0
2026-04-19 17:09:33,30.2,52.8,98.0,54.2,0.0,0.0,0.0
2026-04-19 17:09:38,30.1,52.9,111.4,54.2,0.0,0.0,0.0
2026-04-19 17:09:43,30.1,53.0,125.9,54.2,0.0,0.0,0.0
2026-04-19 17:09:48,30.2,53.0,116.4,54.2,0.0,0.0,0.0
2026-04-19 17:09:53,30.3,53.1,129.3,54.2,0.0,0.0,0.0
2026-04-19 17:09:58,30.1,53.1,109.9,54.2,0.0,0.0,0.0
2026-04-19 17:10:03,30.2,53.1,102.5,54.2,0.0,0.0,0.0
2026-04-19 17:10:08,30.3,53.1,123.8,54.2,0.0,0.0,0.0
2026-04-19 17:10:13,30.1,53.2,127.2,54.2,0.0,0.0,0.0
2026-04-19 17:10:18,30.3,53.1,119.4,54.2,0.0,0.0,0.0
2026-04-19 17:10:23,30.2,53.1,123.9,54.1,0.0,0.0,0.0
2026-04-19 17:10:28,30.0,53.2,98.1,54.1,0.0,0.0,0.0
2026-04-19 17:10:33,30.1,53.1,124.9,54.2,0.0,0.0,0.0
2026-04-19 17:10:38,30.2,53.2,117.5,54.2,0.0,0.0,0.0
2026-04-19 17:10:43,30.2,53.3,100.2,54.2,0.0,0.0,0.0
2026-04-19 17:10:48,30.2,53.1,115.4,54.1,0.0,0.0,0.0
2026-04-19 17:10:53,30.1,53.1,125.4,54.1,0.0,0.0,0.0
2026-04-19 17:10:58,30.2,53.1,126.5,54.1,0.0,0.0,0.0
2026-04-19 17:11:03,30.0,53.1,120.5,54.1,0.0,0.0,0.0
2026-04-19 17:11:08,30.2,53.0,102.7,54.1,0.0,0.0,0.0
2026-04-19 17:11:13,30.2,53.0,118.2,54.1,0.0,0.0,0.0
2026-04-19 17:11:18,30.0,53.1,113.6,54.1,0.0,0.0,0.0
2026-04-19 17:11:23,30.0,52.9,139.1,54.1,0.0,0.0,0.0
2026-04-19 17:11:28,30.1,52.9,106.5,54.1,0.0,0.0,0.0
2026-04-19 17:11:33,30.1,52.9,126.7,54.1,0.0,0.0,0.0
2026-04-19 17:11:38,30.2,52.9,107.3,54.1,0.0,0.0,0.0
2026-04-19 17:11:43,30.3,53.0,104.4,54.1,0.0,0.0,0.0
2026-04-19 17:11:48,30.2,53.0,127.1,54.1,0.0,0.0,0.0
2026-04-19 17:11:53,30.1,53.1,130.3,54.1,0.0,0.0,0.0
2026-04-19 17:11:58,30.0,53.1,113.3,54.1,0.0,0.0,0.0
2026-04-19 17:12:03,30.1,53.1,105.2,54.1,0.0,0.0,0.0
2026-04-19 17:12:08,30.1,53.2,122.8,54.1,0.0,0.0,0.0
2026-04-19 17:12:13,30.2,53.2,109.0,54.1,0.0,0.0,0.0
2026-04-19 17:12:18,30.0,53.0,129.8,54.1,0.0,0.0,0.0
2026-04-19 17:12:23,30.1,53.0,97.5,54.1,0.0,0.0,0.0
2026-04-19 17:12:28,30.1,53.0,109.8,54.1,0.0,0.0,0.0
2026-04-19 17:12:33,30.1,53.1,109.4,54.1,0.0,0.0,0.0
2026-04-19 17:12:38,30.2,53.1,100.3,54.1,0.0,0.0,0.0
2026-04-19 17:12:43,30.2,53.1,104.7,54.1,0.0,0.0,0.0
2026-04-19 17:12:48,30.1,53.2,110.4,54.1,0.0,0.0,0.0
2026-04-19 17:12:53,30.1,53.1,129.5,54.1,0.0,0.0,0.0
2026-04-19 17:12:58,30.2,52.9,123.1,54.1,0.0,0.0,0.0
2026-04-19 17:13:03,30.1,52.8,110.1,54.1,0.0,0.0,0.0
2026-04-19 17:13:08,30.1,52.8,89.6,54.1,0.0,0.0,0.0
2026-04-19 17:13:13,30.2,52.9,92.8,54.1,0.0,0.0,0.0
2026-04-19 17:13:18,30.1,52.8,105.2,54.1,0.0,0.0,0.0
2026-04-19 17:13:23,30.0,52.8,106.5,54.1,0.0,0.0,0.0
2026-04-19 17:13:28,30.2,52.9,111.4,54.1,0.0,0.0,0.0
2026-04-19 17:13:33,30.3,53.0,102.7,54.1,0.0,0.0,0.0
2026-04-19 17:13:38,30.1,53.0,91.6,54.1,0.0,0.0,0.0
2026-04-19 17:13:43,30.1,52.9,105.4,54.1,0.0,0.0,0.0
2026-04-19 17:13:48,30.3,53.0,112.3,54.1,0.0,0.0,0.0
2026-04-19 17:13:53,30.1,52.9,103.8,54.1,0.0,0.0,0.0
2026-04-19 17:13:58,30.2,53.0,113.5,54.1,0.0,0.0,0.0
2026-04-19 17:14:03,30.1,52.9,110.4,54.1,0.0,0.0,0.0
2026-04-19 17:14:08,30.1,52.8,106.9,54.1,0.0,0.0,0.0
2026-04-19 17:14:13,30.1,52.9,112.6,54.1,0.0,0.0,0.0
2026-04-19 17:14:18,30.1,52.9,87.6,54.1,0.0,0.0,0.0
2026-04-19 17:14:23,30.0,53.0,111.9,54.1,0.0,0.0,0.0
2026-04-19 17:14:28,30.2,52.9,109.2,54.1,0.0,0.0,0.0
2026-04-19 17:14:33,30.2,52.9,123.4,54.1,0.0,0.0,0.0
2026-04-19 17:14:38,29.9,53.0,118.8,54.1,0.0,0.0,0.0
2026-04-19 17:14:43,30.1,53.0,103.9,54.1,0.0,0.0,0.0
2026-04-19 17:14:48,29.9,53.1,111.6,54.1,0.0,0.0,0.0
2026-04-19 17:14:53,30.0,53.0,96.4,54.1,0.0,0.0,0.0
2026-04-19 17:14:58,30.1,53.1,100.4,54.1,0.0,0.0,0.0
2026-04-19 17:15:03,30.1,53.0,114.6,54.1,0.0,0.0,0.0
2026-04-19 17:15:08,30.2,53.1,94.4,54.1,0.0,0.0,0.0
2026-04-19 17:15:13,30.0,53.1,103.6,54.1,0.0,0.0,0.0
2026-04-19 17:15:18,30.1,53.1,102.6,54.1,0.0,0.0,0.0
2026-04-19 17:15:23,30.2,53.2,104.2,54.1,0.0,0.0,0.0
2026-04-19 17:15:28,30.1,53.1,99.2,54.1,0.0,0.0,0.0
2026-04-19 17:15:33,30.1,53.2,103.0,54.1,0.0,0.0,0.0
2026-04-19 17:15:38,30.0,53.3,89.3,54.1,0.0,0.0,0.0
2026-04-19 17:15:43,30.0,53.3,91.4,54.1,0.0,0.0,0.0
2026-04-19 17:15:48,30.1,53.4,99.0,54.1,0.0,0.0,0.0
2026-04-19 17:15:53,30.0,53.3,112.4,54.1,0.0,0.0,0.0
2026-04-19 17:15:58,30.1,53.2,109.4,54.1,0.0,0.0,0.0
2026-04-19 17:16:03,30.2,53.3,105.0,54.1,0.0,0.0,0.0
2026-04-19 17:16:08,30.0,53.4,99.8,54.1,0.0,0.0,0.0
2026-04-19 17:16:13,30.2,53.3,106.2,54.1,0.0,0.0,0.0
2026-04-19 17:16:18,30.1,53.3,73.2,54.1,0.0,0.0,0.0
2026-04-19 17:16:23,30.1,53.3,107.1,54.1,0.0,0.0,0.0
2026-04-19 17:16:28,30.0,53.3,104.0,54.1,0.0,0.0,0.0
2026-04-19 17:16:33,30.2,53.2,88.1,54.1,0.0,0.0,0.0
2026-04-19 17:16:38,30.0,53.2,86.9,54.1,0.0,0.0,0.0
2026-04-19 17:16:43,30.0,53.2,88.7,54.1,0.0,0.0,0.0
2026-04-19 17:16:48,30.0,53.2,105.0,54.1,0.0,0.0,0.0
2026-04-19 17:16:53,30.0,53.3,112.6,54.1,0.0,0.0,0.0
2026-04-19 17:16:58,30.1,53.4,100.6,54.1,0.0,0.0,0.0
2026-04-19 17:17:03,30.0,53.4,93.3,54.1,0.0,0.0,0.0
2026-04-19 17:17:08,30.1,53.4,95.1,54.1,0.0,0.0,0.0
2026-04-19 17:17:13,30.0,53.5,98.6,54.1,0.0,0.0,0.0
2026-04-19 17:17:18,30.1,53.6,118.7,54.1,0.0,0.0,0.0
2026-04-19 17:17:23,30.2,53.7,110.1,54.1,0.0,0.0,0.0
2026-04-19 17:17:28,30.1,53.7,111.0,54.1,0.0,0.0,0.0
2026-04-19 17:17:33,30.0,53.7,100.5,54.1,0.0,0.0,0.0
2026-04-19 17:17:38,30.0,53.8,95.9,54.1,0.0,0.0,0.0
2026-04-19 17:17:43,30.0,53.7,106.2,54.1,0.0,0.0,0.0
2026-04-19 17:17:48,30.2,53.8,95.3,54.1,0.0,0.0,0.0
2026-04-19 17:17:53,30.1,53.7,96.2,54.1,0.0,0.0,0.0
2026-04-19 17:17:58,30.1,53.7,120.4,54.1,0.0,0.0,0.0
2026-04-19 17:18:03,30.1,53.7,75.7,54.1,0.0,0.0,0.0
2026-04-19 17:18:08,30.1,53.7,102.1,54.1,0.0,0.0,0.0
2026-04-19 17:18:13,30.2,53.7,88.8,54.1,0.0,0.0,0.0
2026-04-19 17:18:18,30.0,53.6,81.0,54.1,0.0,0.0,0.0
2026-04-19 17:18:23,30.1,53.7,105.8,54.1,0.0,0.0,0.0
2026-04-19 17:18:28,30.1,53.6,109.0,54.1,0.0,0.0,0.0
2026-04-19 17:18:33,30.2,53.7,94.2,54.1,0.0,0.0,0.0
2026-04-19 17:18:38,30.0,53.6,95.7,54.1,0.0,0.0,0.0
2026-04-19 17:18:43,30.1,53.5,82.0,54.1,0.0,0.0,0.0
2026-04-19 17:18:48,30.1,53.7,90.3,54.1,0.0,0.0,0.0
2026-04-19 17:18:53,30.0,53.6,89.1,54.1,0.0,0.0,0.0
2026-04-19 17:18:58,30.0,53.7,87.4,54.1,0.0,0.0,0.0
2026-04-19 17:19:03,30.1,53.5,98.7,54.1,0.0,0.0,0.0
2026-04-19 17:19:08,30.0,53.7,80.2,54.1,0.0,0.0,0.0
2026-04-19 17:19:13,30.1,53.8,95.3,54.1,0.0,0.0,0.0
2026-04-19 17:19:18,30.1,53.7,89.8,54.1,0.0,0.0,0.0
2026-04-19 17:19:23,30.0,53.6,82.5,54.1,0.0,0.0,0.0
2026-04-19 17:19:28,30.1,53.8,95.2,54.1,0.0,0.0,0.0
2026-04-19 17:19:33,30.1,53.9,92.1,54.1,0.0,0.0,0.0
2026-04-19 17:19:38,30.0,53.8,105.6,54.1,0.0,0.0,0.0
2026-04-19 17:19:43,30.1,53.7,92.0,54.1,0.0,0.0,0.0
2026-04-19 17:19:48,30.0,53.6,108.3,54.2,0.0,0.0,0.0
2026-04-19 17:19:53,30.2,53.6,100.3,54.2,0.0,0.0,0.0
2026-04-19 17:19:58,30.0,53.6,62.5,54.2,0.0,0.0,0.0
2026-04-19 17:20:03,30.0,53.7,109.1,54.2,0.0,0.0,0.0
2026-04-19 17:20:08,30.1,53.7,90.0,54.2,0.0,0.0,0.0
2026-04-19 17:20:13,30.0,53.7,83.3,54.2,0.0,0.0,0.0
2026-04-19 17:20:18,30.1,53.7,83.3,54.2,0.0,0.0,0.0
2026-04-19 17:20:23,30.2,53.7,97.5,54.2,0.0,0.0,0.0
2026-04-19 17:20:28,30.0,53.8,101.8,54.2,0.0,0.0,0.0
2026-04-19 17:20:33,30.0,53.8,80.2,54.2,0.0,0.0,0.0
2026-04-19 17:20:38,30.1,53.8,93.6,54.2,0.0,0.0,0.0
2026-04-19 17:20:43,30.2,53.8,81.9,54.2,0.0,0.0,0.0
2026-04-19 17:20:48,30.0,53.8,107.9,54.2,0.0,0.0,0.0
2026-04-19 17:20:53,30.1,53.7,81.7,54.2,0.0,0.0,0.0
2026-04-19 17:20:58,30.1,53.7,80.6,54.2,0.0,0.0,0.0
2026-04-19 17:21:03,30.2,53.9,107.1,54.2,0.0,0.0,0.0
2026-04-19 17:21:08,30.0,53.7,95.7,54.2,0.0,0.0,0.0
2026-04-19 17:21:13,30.1,53.8,99.8,54.2,0.0,0.0,0.0
2026-04-19 17:21:18,30.2,53.9,99.5,54.2,0.0,0.0,0.0
2026-04-19 17:21:23,30.1,54.0,81.6,54.2,0.0,0.0,0.0
2026-04-19 17:21:28,30.1,54.1,90.7,54.3,0.0,0.0,0.0
2026-04-19 17:21:33,30.0,54.2,94.5,54.3,0.0,0.0,0.0
2026-04-19 17:21:38,30.1,54.1,84.0,54.2,0.0,0.0,0.0
2026-04-19 17:21:43,30.0,54.1,85.8,54.2,0.0,0.0,0.0
2026-04-19 17:21:48,30.1,54.1,86.3,54.2,0.0,0.0,0.0
2026-04-19 17:21:53,30.1,53.9,78.7,54.2,0.0,0.0,0.0
2026-04-19 17:21:58,30.0,54.0,95.2,54.2,0.0,0.0,0.0
2026-04-19 17:22:03,30.3,54.0,89.4,54.2,0.0,0.0,0.0
2026-04-19 17:22:08,30.2,54.0,91.3,54.2,0.0,0.0,0.0
2026-04-19 17:22:13,30.1,54.1,106.5,54.2,0.0,0.0,0.0
2026-04-19 17:22:18,30.2,53.9,90.3,54.3,0.0,0.0,0.0
2026-04-19 17:22:23,30.2,54.0,96.0,54.3,0.0,0.0,0.0
2026-04-19 17:22:28,30.3,54.1,79.9,54.3,0.0,0.0,0.0
2026-04-19 17:22:33,30.1,54.1,77.5,54.2,0.0,0.0,0.0
2026-04-19 17:22:38,30.2,54.1,100.6,54.2,0.0,0.0,0.0
2026-04-19 17:22:43,30.1,54.1,90.2,54.2,0.0,0.0,0.0
2026-04-19 17:22:48,30.0,54.1,80.4,54.2,0.0,0.0,0.0
2026-04-19 17:22:53,30.2,54.1,89.4,54.2,0.0,0.0,0.0
2026-04-19 17:22:58,30.2,54.1,82.8,54.2,0.0,0.0,0.0
2026-04-19 17:23:03,30.0,54.3,87.4,54.2,0.0,0.0,0.0
2026-04-19 17:23:08,30.0,54.4,93.0,54.2,0.0,0.0,0.0
2026-04-19 17:23:13,30.2,54.5,71.2,54.2,0.0,0.0,0.0
2026-04-19 17:23:18,30.1,54.4,86.7,54.2,0.0,0.0,0.0
2026-04-19 17:23:23,30.0,54.5,70.4,54.2,0.0,0.0,0.0
2026-04-19 17:23:28,30.0,54.5,74.1,54.2,0.0,0.0,0.0
2026-04-19 17:23:33,30.2,54.5,74.7,54.2,0.0,0.0,0.0
2026-04-19 17:23:38,30.0,54.6,88.2,54.2,0.0,0.0,0.0
2026-04-19 17:23:43,30.2,54.8,90.2,54.2,0.0,0.0,0.0
2026-04-19 17:23:48,30.1,54.7,83.3,54.2,0.0,0.0,0.0
2026-04-19 17:23:53,30.0,54.7,88.5,54.2,0.0,0.0,0.0
2026-04-19 17:23:58,30.1,54.6,92.9,54.2,0.0,0.0,0.0
2026-04-19 17:24:03,30.2,54.5,85.0,54.2,0.0,0.0,0.0
2026-04-19 17:24:08,30.2,54.4,76.2,54.2,0.0,0.0,0.0
2026-04-19 17:24:13,30.0,54.6,67.7,54.2,0.0,0.0,0.0
2026-04-19 17:24:18,30.1,54.5,71.1,54.2,0.0,0.0,0.0
2026-04-19 17:24:23,30.0,54.4,85.5,54.2,0.0,0.0,0.0
2026-04-19 17:24:28,30.2,54.3,81.8,54.2,0.0,0.0,0.0
2026-04-19 17:24:33,30.0,54.4,73.1,54.2,0.0,0.0,0.0
2026-04-19 17:24:38,30.1,54.3,74.1,54.2,0.0,0.0,0.0
2026-04-19 17:24:43,30.1,54.4,83.3,54.2,0.0,0.0,0.0
2026-04-19 17:24:48,30.2,54.5,81.6,54.2,0.0,0.0,0.0
2026-04-19 17:24:53,30.1,54.5,85.0,54.2,0.0,0.0,0.0
2026-04-19 17:24:58,30.2,54.6,74.8,54.2,0.0,0.0,0.0
2026-04-19 17:25:03,30.1,54.6,80.6,54.2,0.0,0.0,0.0
2026-04-19 17:25:08,30.0,54.5,93.7,54.2,0.0,0.0,0.0
2026-04-19 17:25:13,30.1,54.5,70.3,54.2,0.0,0.0,0.0
2026-04-19 17:25:18,30.0,54.4,79.0,54.2,0.0,0.0,0.0
2026-04-19 17:25:23,30.1,54.3,77.7,54.2,0.0,0.0,0.0
2026-04-19 17:25:28,29.9,54.4,72.5,54.2,0.0,0.0,0.0
2026-04-19 17:25:33,30.1,54.4,73.8,54.2,0.0,0.0,0.0
2026-04-19 17:25:38,30.3,54.3,77.3,54.2,0.0,0.0,0.0
2026-04-19 17:25:43,30.1,54.4,70.9,54.2,0.0,0.0,0.0
2026-04-19 17:25:48,30.2,54.3,73.5,54.2,0.0,0.0,0.0
2026-04-19 17:25:53,30.2,54.3,67.6,54.2,0.0,0.0,0.0
2026-04-19 17:25:58,30.1,54.3,75.6,54.2,0.0,0.0,0.0
2026-04-19 17:26:03,30.2,54.3,61.6,54.2,0.0,0.0,0.0
2026-04-19 17:26:08,30.0,54.3,74.3,54.2,0.0,0.0,0.0
2026-04-19 17:26:13,30.1,54.2,91.7,54.2,0.0,0.0,0.0
2026-04-19 17:26:18,30.1,54.3,86.9,54.2,0.0,0.0,0.0
2026-04-19 17:26:23,30.0,54.3,88.7,54.1,0.0,0.0,0.0
2026-04-19 17:26:28,30.1,54.3,63.0,54.1,0.0,0.0,0.0
2026-04-19 17:26:33,30.1,54.2,74.7,54.1,0.0,0.0,0.0
2026-04-19 17:26:38,29.9,54.2,83.4,54.1,0.0,0.0,0.0
2026-04-19 17:26:43,30.0,54.2,79.2,54.1,0.0,0.0,0.0
2026-04-19 17:26:48,30.2,54.3,70.5,54.1,0.0,0.0,0.0
2026-04-19 17:26:53,30.1,54.2,64.9,54.1,0.0,0.0,0.0
2026-04-19 17:26:58,29.9,54.0,89.9,54.1,0.0,0.0,0.0
2026-04-19 17:27:03,30.1,53.9,86.8,54.1,0.0,0.0,0.0
2026-04-19 17:27:08,30.1,53.9,63.1,54.1,0.0,0.0,0.0
2026-04-19 17:27:13,30.0,53.9,79.7,54.1,0.0,0.0,0.0
2026-04-19 17:27:18,30.0,53.9,75.8,54.1,0.0,0.0,0.0
2026-04-19 17:27:23,30.2,53.8,86.8,54.1,0.0,0.0,0.0
2026-04-19 17:27:28,30.1,53.7,80.6,54.1,0.0,0.0,0.0
2026-04-19 17:27:33,29.9,53.8,80.2,54.1,0.0,0.0,0.0
2026-04-19 17:27:38,30.2,53.7,82.2,54.1,0.0,0.0,0.0
2026-04-19 17:27:43,30.0,53.9,58.6,54.1,0.0,0.0,0.0
2026-04-19 17:27:48,30.0,53.8,80.5,54.1,0.0,0.0,0.0
2026-04-19 17:27:53,30.2,53.7,58.8,54.1,0.0,0.0,0.0
2026-04-19 17:27:58,30.0,53.7,79.4,54.1,0.0,0.0,0.0
2026-04-19 17:28:03,30.1,53.7,73.2,54.1,0.0,0.0,0.0
2026-04-19 17:28:08,30.0,53.6,71.3,54.1,0.0,0.0,0.0
2026-04-19 17:28:13,30.1,53.6,79.6,54.1,0.0,0.0,0.0
2026-04-19 17:28:18,30.1,53.7,74.7,54.1,0.0,0.0,0.0
2026-04-19 17:28:23,30.1,53.8,70.2,54.1,0.0,0.0,0.0
2026-04-19 17:28:28,30.2,53.8,80.9,54.1,0.0,0.0,0.0
2026-04-19 17:28:33,30.1,53.8,72.2,54.1,0.0,0.0,0.0
2026-04-19 17:28:38,30.1,53.7,63.1,54.1,0.0,0.0,0.0
2026-04-19 17:28:43,30.1,53.8,72.7,54.1,0.0,0.0,0.0
2026-04-19 17:28:48,30.0,53.8,58.8,54.1,0.0,0.0,0.0
2026-04-19 17:28:53,30.0,53.8,71.9,54.1,0.0,0.0,0.0
2026-04-19 17:28:58,30.0,54.0,60.6,54.1,0.0,0.0,0.0
2026-04-19 17:29:03,30.1,53.9,60.1,54.1,0.0,0.0,0.0
2026-04-19 17:29:08,29.9,53.9,53.0,54.1,0.0,0.0,0.0
2026-04-19 17:29:13,30.1,54.0,90.3,54.1,0.0,0.0,0.0
2026-04-19 17:29:18,30.0,54.1,77.4,54.0,0.0,0.0,0.0
2026-04-19 17:29:23,30.0,54.0,59.5,54.0,0.0,0.0,0.0
2026-04-19 17:29:28,30.0,54.0,62.6,54.0,0.0,0.0,0.0
2026-04-19 17:29:33,29.9,54.1,56.8,54.1,0.0,0.0,0.0
2026-04-19 17:29:38,30.1,54.3,52.8,54.1,0.0,0.0,0.0
2026-04-19 17:29:43,30.0,54.2,73.6,54.1,0.0,0.0,0.0
2026-04-19 17:29:48,30.0,54.2,65.3,54.1,0.0,0.0,0.0
2026-04-19 17:29:53,30.1,54.3,70.2,54.1,0.0,0.0,0.0
2026-04-19 17:29:58,30.0,54.3,46.3,54.1,0.0,0.0,0.0
2026-04-19 17:30:03,29.8,54.4,77.6,54.1,0.0,0.0,0.0
2026-04-19 17:30:08,30.0,54.4,61.9,54.1,0.0,0.0,0.0
2026-04-19 17:30:13,30.1,54.5,59.4,54.1,0.0,0.0,0.0
2026-04-19 17:30:18,30.0,54.6,65.5,54.1,0.0,0.0,0.0
2026-04-19 17:30:23,30.0,54.7,73.7,54.1,0.0,0.0,0.0
2026-04-19 17:30:28,29.8,54.7,69.7,54.1,0.0,0.0,0.0
2026-04-19 17:30:33,29.9,54.8,47.8,54.1,0.0,0.0,0.0
2026-04-19 17:30:38,30.0,54.8,63.4,54.1,0.0,0.0,0.0
2026-04-19 17:30:43,30.0,54.7,84.1,54.1,0.0,0.0,0.0
2026-04-19 17:30:48,30.0,54.5,56.1,54.1,0.0,0.0,0.0
2026-04-19 17:30:53,30.1,54.6,76.4,54.1,0.0,0.0,0.0
2026-04-19 17:30:58,30.1,54.6,82.1,54.1,0.0,0.0,0.0
2026-04-19 17:31:03,30.1,54.6,76.5,54.1,0.0,0.0,0.0
2026-04-19 17:31:08,29.9,54.6,72.4,54.1,0.0,0.0,0.0
2026-04-19 17:31:13,30.0,54.7,70.7,54.1,0.0,0.0,0.0
2026-04-19 17:31:18,29.8,54.6,65.6,54.1,0.0,0.0,0.0
2026-04-19 17:31:23,30.0,54.6,84.8,54.1,0.0,0.0,0.0
2026-04-19 17:31:28,29.9,54.6,59.6,54.1,0.0,0.0,0.0
2026-04-19 17:31:33,30.0,54.6,84.1,54.1,0.0,0.0,0.0
2026-04-19 17:31:38,29.9,54.6,73.8,54.1,0.0,0.0,0.0
2026-04-19 17:31:43,29.9,54.6,66.5,54.1,0.0,0.0,0.0
2026-04-19 17:31:48,29.8,54.7,60.5,54.1,0.0,0.0,0.0
2026-04-19 17:31:53,30.1,54.7,61.6,54.0,0.0,0.0,0.0
2026-04-19 17:31:58,30.0,54.8,53.2,54.0,0.0,0.0,0.0
2026-04-19 17:32:03,30.1,54.7,57.3,54.0,0.0,0.0,0.0
2026-04-19 17:32:08,29.9,54.7,64.4,54.0,0.0,0.0,0.0
2026-04-19 17:32:13,30.0,54.7,57.9,54.0,0.0,0.0,0.0
2026-04-19 17:32:18,30.0,54.7,65.5,54.0,0.0,0.0,0.0
2026-04-19 17:32:23,30.0,54.7,66.3,54.1,0.0,0.0,0.0
2026-04-19 17:32:28,,54.7,59.6,54.1,0.0,0.0,0.0
2026-04-19 17:32:33,30.0,54.8,46.0,54.1,0.0,0.0,0.0
2026-04-19 17:32:38,30.2,55.0,78.9,54.0,0.0,0.0,0.0
2026-04-19 17:32:43,30.0,55.0,64.8,54.0,0.0,0.0,0.0
2026-04-19 17:32:48,29.8,55.2,59.7,54.0,0.0,0.0,0.0
2026-04-19 17:32:53,30.1,55.1,75.5,54.0,0.0,0.0,0.0
2026-04-19 17:32:58,29.9,55.1,57.8,54.0,0.0,0.0,0.0
2026-04-19 17:33:03,29.9,55.0,45.0,54.1,0.0,0.0,0.0
2026-04-19 17:33:08,29.8,55.0,50.7,54.1,0.0,0.0,0.0
2026-04-19 17:33:13,30.0,55.0,80.1,54.1,0.0,0.0,0.0
2026-04-19 17:33:18,29.9,55.0,59.3,54.1,0.0,0.0,0.0
2026-04-19 17:33:23,30.0,55.0,51.7,54.0,0.0,0.0,0.0
2026-04-19 17:33:28,30.0,55.1,74.2,54.0,0.0,0.0,0.0
2026-04-19 17:33:33,30.1,55.2,57.0,54.1,0.0,0.0,0.0
2026-04-19 17:33:38,29.9,55.2,61.8,54.1,0.0,0.0,0.0
2026-04-19 17:33:43,30.1,55.2,65.4,54.1,0.0,0.0,0.0
2026-04-19 17:33:48,30.0,55.0,70.2,54.0,0.0,0.0,0.0
2026-04-19 17:33:53,30.2,55.0,82.7,54.0,0.0,0.0,0.0
2026-04-19 17:33:58,30.0,55.0,41.4,54.0,0.0,0.0,0.0
2026-04-19 17:34:03,30.1,55.0,67.0,54.0,0.0,0.0,0.0
2026-04-19 17:34:08,29.9,55.0,74.7,54.0,0.0,0.0,0.0
2026-04-19 17:34:13,30.2,55.0,75.6,54.0,0.0,0.0,0.0
2026-04-19 17:34:18,29.9,55.0,63.9,54.0,0.0,0.0,0.0
2026-04-19 17:34:23,30.0,55.0,44.8,54.0,0.0,0.0,0.0
2026-04-19 17:34:28,30.0,55.1,62.6,54.0,0.0,0.0,0.0
2026-04-19 17:34:33,29.9,55.1,50.4,54.0,0.0,0.0,0.0
2026-04-19 17:34:38,30.0,55.0,38.6,54.0,0.0,0.0,0.0
2026-04-19 17:34:43,30.0,54.9,57.8,54.0,0.0,0.0,0.0
2026-04-19 17:34:48,30.1,54.9,69.1,54.0,0.0,0.0,0.0
2026-04-19 17:34:53,29.8,55.0,45.7,54.0,0.0,0.0,0.0
2026-04-19 17:34:58,29.9,55.0,65.9,54.0,0.0,0.0,0.0
2026-04-19 17:35:03,30.1,54.9,39.6,53.9,0.0,0.0,0.0
2026-04-19 17:35:08,30.0,54.8,33.9,53.9,0.0,0.0,0.0
2026-04-19 17:35:13,29.9,54.7,63.6,53.9,0.0,0.0,0.0
2026-04-19 17:35:18,30.1,54.8,66.2,53.9,0.0,0.0,0.0
2026-04-19 17:35:23,30.0,55.1,63.3,53.9,0.0,0.0,0.0
2026-04-19 17:35:28,30.0,55.0,63.8,53.9,0.0,0.0,0.0
2026-04-19 17:35:33,29.8,55.0,51.0,53.9,0.0,0.0,0.0
2026-04-19 17:35:38,30.0,54.8,61.4,53.9,0.0,0.0,0.0
2026-04-19 17:35:43,30.0,54.8,69.3,53.9,0.0,0.0,0.0
2026-04-19 17:35:48,30.1,54.7,51.2,53.9,0.0,0.0,0.0
2026-04-19 17:35:53,29.9,54.8,54.9,54.0,0.0,0.0,0.0
2026-04-19 17:35:58,29.9,54.8,46.9,54.0,0.0,0.0,0.0
2026-04-19 17:36:03,29.9,54.8,41.1,53.9,0.0,0.0,0.0
2026-04-19 17:36:08,29.9,54.8,46.7,53.9,0.0,0.0,0.0
2026-04-19 17:36:13,30.0,55.0,40.9,53.9,0.0,0.0,0.0
2026-04-19 17:36:18,29.9,55.0,54.8,53.9,0.0,0.0,0.0
2026-04-19 17:36:23,30.2,55.0,51.7,53.9,0.0,0.0,0.0
2026-04-19 17:36:28,29.9,55.0,63.5,53.9,0.0,0.0,0.0
2026-04-19 17:36:33,30.2,55.0,45.0,53.9,0.0,0.0,0.0
2026-04-19 17:36:38,30.0,55.1,55.2,53.9,0.0,0.0,0.0
2026-04-19 17:36:43,29.9,55.0,43.4,53.9,0.0,0.0,0.0
2026-04-19 17:36:48,29.9,55.0,61.1,53.9,0.0,0.0,0.0
2026-04-19 17:36:53,30.1,55.0,67.2,53.9,0.0,0.0,0.0
2026-04-19 17:36:58,30.2,55.1,56.9,53.9,0.0,0.0,0.0
2026-04-19 17:37:03,30.0,54.9,47.0,53.9,0.0,0.0,0.0
2026-04-19 17:37:08,30.1,55.1,62.6,53.9,0.0,0.0,0.0
2026-04-19 17:37:13,30.1,55.1,53.3,53.9,0.0,0.0,0.0
2026-04-19 17:37:18,30.1,55.2,52.6,53.9,0.0,0.0,0.0
2026-04-19 17:37:23,30.0,55.3,57.9,53.9,0.0,0.0,0.0
2026-04-19 17:37:28,30.1,55.2,59.6,53.9,0.0,0.0,0.0
2026-04-19 17:37:33,30.0,55.3,51.6,53.9,0.0,0.0,0.0
2026-04-19 17:37:38,29.9,55.3,29.5,53.9,0.0,0.0,0.0
2026-04-19 17:37:43,29.8,55.3,42.3,54.0,0.0,0.0,0.0
2026-04-19 17:37:48,29.9,55.5,57.0,54.0,0.0,0.0,0.0
2026-04-19 17:37:53,29.9,55.5,35.9,53.9,0.0,0.0,0.0
2026-04-19 17:37:58,30.0,55.4,58.5,53.9,0.0,0.0,0.0
2026-04-19 17:38:03,29.9,55.4,49.5,53.9,0.0,0.0,0.0
2026-04-19 17:38:08,29.9,55.5,78.0,53.9,0.0,0.0,0.0
2026-04-19 17:38:13,30.0,55.7,29.7,53.9,0.0,0.0,0.0
2026-04-19 17:38:18,29.9,55.5,62.3,53.9,0.0,0.0,0.0
2026-04-19 17:38:23,30.0,55.6,40.1,53.9,0.0,0.0,0.0
2026-04-19 17:38:28,29.8,55.5,50.1,53.9,0.0,0.0,0.0
2026-04-19 17:38:33,29.9,55.5,52.0,53.9,0.0,0.0,0.0
2026-04-19 17:38:38,30.0,55.5,64.5,53.9,0.0,0.0,0.0
2026-04-19 17:38:43,30.1,55.6,43.1,53.9,0.0,0.0,0.0
2026-04-19 17:38:48,29.9,55.5,39.8,53.9,0.0,0.0,0.0
2026-04-19 17:38:53,30.0,55.5,46.2,53.9,0.0,0.0,0.0
2026-04-19 17:38:58,30.0,55.5,49.1,53.9,0.0,0.0,0.0
2026-04-19 17:39:03,29.9,55.6,47.1,53.9,0.0,0.0,0.0
2026-04-19 17:39:08,30.0,55.6,53.5,53.9,0.0,0.0,0.0
2026-04-19 17:39:13,29.8,55.7,54.8,53.9,0.0,0.0,0.0
2026-04-19 17:39:18,29.8,55.7,39.9,53.9,0.0,0.0,0.0
2026-04-19 17:39:23,30.0,55.7,55.3,53.9,0.0,0.0,0.0
2026-04-19 17:39:28,29.9,55.7,45.8,53.9,0.0,0.0,0.0
2026-04-19 17:39:33,29.9,55.5,44.8,53.9,0.0,0.0,0.0
2026-04-19 17:39:38,29.8,55.6,68.6,54.0,0.0,0.0,0.0
2026-04-19 17:39:43,29.8,55.5,54.2,54.0,0.0,0.0,0.0
2026-04-19 17:39:48,29.9,55.5,54.9,53.9,0.0,0.0,0.0
2026-04-19 17:39:53,30.0,55.5,50.3,53.9,0.0,0.0,0.0
2026-04-19 17:39:58,30.0,55.6,58.0,53.9,0.0,0.0,0.0
2026-04-19 17:40:03,29.9,55.6,49.4,54.0,0.0,0.0,0.0
2026-04-19 17:40:08,30.0,55.7,39.4,54.0,0.0,0.0,0.0
2026-04-19 17:40:13,30.0,55.6,65.4,54.0,0.0,0.0,0.0
2026-04-19 17:40:18,30.0,55.6,57.1,53.9,0.0,0.0,0.0
2026-04-19 17:40:23,30.0,55.6,39.8,54.0,0.0,0.0,0.0
2026-04-19 17:40:28,30.1,55.8,51.2,54.0,0.0,0.0,0.0
2026-04-19 17:40:33,30.0,55.7,47.7,54.0,0.0,0.0,0.0
2026-04-19 17:40:38,29.9,55.9,47.1,54.0,0.0,0.0,0.0
2026-04-19 17:40:43,30.0,55.9,42.3,54.0,0.0,0.0,0.0
2026-04-19 17:40:48,30.0,55.8,49.2,54.1,0.0,0.0,0.0
2026-04-19 17:40:53,29.9,56.0,42.0,54.1,0.0,0.0,0.0
2026-04-19 17:40:58,29.9,56.0,50.9,54.0,0.0,0.0,0.0
2026-04-19 17:41:03,30.0,56.1,22.7,54.0,0.0,0.0,0.0
2026-04-19 17:41:08,30.0,56.2,58.1,54.0,0.0,0.0,0.0
2026-04-19 17:41:13,30.0,56.2,51.7,54.0,0.0,0.0,0.0
2026-04-19 17:41:18,29.9,56.1,51.0,54.0,0.0,0.0,0.0
2026-04-19 17:41:23,30.0,56.2,46.3,54.0,0.0,0.0,0.0
2026-04-19 17:41:28,29.9,56.3,30.6,54.1,0.0,0.0,0.0
2026-04-19 17:41:33,29.9,56.3,37.8,54.1,0.0,0.0,0.0
2026-04-19 17:41:38,30.0,56.3,45.0,54.1,0.0,0.0,0.0
2026-04-19 17:41:43,29.9,56.4,42.1,54.0,0.0,0.0,0.0
2026-04-19 17:41:48,29.9,56.3,30.5,54.0,0.0,0.0,0.0
2026-04-19 17:41:53,30.0,56.4,51.0,54.0,0.0,0.0,0.0
2026-04-19 17:41:58,30.1,56.4,53.1,54.0,0.0,0.0,0.0
2026-04-19 17:42:03,29.9,56.3,46.6,54.0,0.0,0.0,0.0
2026-04-19 17:42:08,30.0,56.3,43.0,54.0,0.0,0.0,0.0
2026-04-19 17:42:13,29.9,56.2,43.8,54.0,0.0,0.0,0.0
2026-04-19 17:42:18,30.1,56.3,35.3,54.0,0.0,0.0,0.0
2026-04-19 17:42:23,30.0,56.2,43.0,54.0,0.0,0.0,0.0
2026-04-19 17:42:28,29.9,56.2,47.2,54.0,0.0,0.0,0.0
2026-04-19 17:42:33,29.8,56.2,57.0,54.0,0.0,0.0,0.0
2026-04-19 17:42:38,30.1,56.2,38.9,54.0,0.0,0.0,0.0
2026-04-19 17:42:43,29.8,56.2,39.8,54.0,0.0,0.0,0.0
2026-04-19 17:42:48,29.8,56.2,56.0,54.0,0.0,0.0,0.0
2026-04-19 17:42:53,29.9,56.3,48.5,54.0,0.0,0.0,0.0
2026-04-19 17:42:58,29.9,56.2,69.1,54.0,0.0,0.0,0.0
2026-04-19 17:43:03,29.9,56.2,30.5,54.0,0.0,0.0,0.0
2026-04-19 17:43:08,29.8,56.3,33.3,54.0,0.0,0.0,0.0
2026-04-19 17:43:13,29.9,56.4,44.2,54.0,0.0,0.0,0.0
2026-04-19 17:43:18,30.0,56.5,47.0,54.0,0.0,0.0,0.0
2026-04-19 17:43:23,30.0,56.6,47.5,54.0,0.0,0.0,0.0
2026-04-19 17:43:28,29.9,56.6,34.4,54.0,0.0,0.0,0.0
2026-04-19 17:43:33,30.0,56.4,27.7,54.1,0.0,0.0,0.0
2026-04-19 17:43:38,29.9,56.5,50.7,54.1,0.0,0.0,0.0
2026-04-19 17:43:43,29.9,56.4,61.3,54.0,0.0,0.0,0.0
2026-04-19 17:43:48,29.9,56.4,44.6,54.0,0.0,0.0,0.0
2026-04-19 17:43:53,29.9,56.4,39.7,54.0,0.0,0.0,0.0
2026-04-19 17:43:58,30.0,56.4,40.7,54.0,0.0,0.0,0.0
2026-04-19 17:44:03,29.9,56.3,32.5,54.0,0.0,0.0,0.0
2026-04-19 17:44:08,30.1,56.2,42.9,54.0,0.0,0.0,0.0
2026-04-19 17:44:13,30.0,56.1,29.5,54.0,0.0,0.0,0.0
2026-04-19 17:44:18,29.9,56.1,31.4,54.0,0.0,0.0,0.0
2026-04-19 17:44:23,29.9,56.0,29.9,54.0,0.0,0.0,0.0
2026-04-19 17:44:28,29.8,56.2,38.4,54.0,0.0,0.0,0.0
2026-04-19 17:44:33,29.9,56.2,55.3,54.0,0.0,0.0,0.0
2026-04-19 17:44:38,29.8,56.0,51.8,54.0,0.0,0.0,0.0
2026-04-19 17:44:43,29.9,56.0,43.3,54.0,0.0,0.0,0.0
2026-04-19 17:44:48,29.8,56.1,42.1,54.0,0.0,0.0,0.0
2026-04-19 17:44:53,29.9,56.1,32.9,54.0,0.0,0.0,0.0
2026-04-19 17:44:58,29.9,56.1,29.6,54.0,0.0,0.0,0.0
2026-04-19 17:45:03,29.9,56.1,45.8,54.0,0.0,0.0,0.0
2026-04-19 17:45:08,29.8,56.0,34.2,54.0,0.0,0.0,0.0
2026-04-19 17:45:13,30.0,55.9,45.4,54.0,0.0,0.0,0.0
2026-04-19 17:45:18,29.9,56.0,49.5,54.0,0.0,0.0,0.0
2026-04-19 17:45:23,30.0,56.0,39.1,54.0,0.0,0.0,0.0
2026-04-19 17:45:28,30.1,56.1,41.9,54.0,0.0,0.0,0.0
2026-04-19 17:45:33,30.0,56.0,21.9,54.0,0.0,0.0,0.0
2026-04-19 17:45:38,30.0,56.1,45.3,54.0,0.0,0.0,0.0
2026-04-19 17:45:43,29.9,56.3,30.9,54.0,0.0,0.0,0.0
2026-04-19 17:45:48,30.1,56.2,45.7,54.0,0.0,0.0,0.0
2026-04-19 17:45:53,30.0,56.1,41.9,54.0,0.0,0.0,0.0
2026-04-19 17:45:58,29.9,56.1,24.5,54.0,0.0,0.0,0.0
2026-04-19 17:46:03,30.0,56.2,28.5,54.0,0.0,0.0,0.0
2026-04-19 17:46:08,30.1,56.1,27.9,54.0,0.0,0.0,0.0
2026-04-19 17:46:13,29.9,56.1,21.3,54.0,0.0,0.0,0.0
2026-04-19 17:46:18,30.0,56.2,31.4,54.0,0.0,0.0,0.0
2026-04-19 17:46:23,29.9,56.2,33.0,54.0,0.0,0.0,0.0
2026-04-19 17:46:28,29.8,56.2,30.3,54.0,0.0,0.0,0.0
2026-04-19 17:46:33,29.9,56.2,34.8,54.0,0.0,0.0,0.0
2026-04-19 17:46:38,29.9,56.2,45.3,54.0,0.0,0.0,0.0
2026-04-19 17:46:43,30.0,56.1,30.0,54.0,0.0,0.0,0.0
2026-04-19 17:46:48,30.1,56.1,29.7,54.0,0.0,0.0,0.0
2026-04-19 17:46:53,29.9,56.1,46.7,54.0,0.0,0.0,0.0
2026-04-19 17:46:58,30.0,56.1,32.6,54.0,0.0,0.0,0.0
2026-04-19 17:47:03,29.9,56.1,50.9,54.0,0.0,0.0,0.0
2026-04-19 17:47:08,29.9,56.1,33.2,54.0,0.0,0.0,0.0
2026-04-19 17:47:13,30.0,56.2,39.4,54.0,0.0,0.0,0.0
2026-04-19 17:47:18,29.9,56.2,41.4,54.0,0.0,0.0,0.0
2026-04-19 17:47:23,29.9,56.2,38.5,54.0,0.0,0.0,0.0
2026-04-19 17:47:28,30.0,56.1,25.3,54.0,0.0,0.0,0.0
2026-04-19 17:47:33,29.9,56.1,25.8,54.0,0.0,0.0,0.0
2026-04-19 17:47:38,29.9,56.2,32.0,54.0,0.0,0.0,0.0
2026-04-19 17:47:43,29.9,56.2,38.4,54.0,0.0,0.0,0.0
2026-04-19 17:47:48,30.1,56.1,44.6,54.0,0.0,0.0,0.0
2026-04-19 17:47:53,29.9,56.2,30.2,54.0,0.0,0.0,0.0
2026-04-19 17:47:58,29.9,56.2,26.4,54.0,0.0,0.0,0.0
2026-04-19 17:48:03,29.9,56.2,47.1,54.0,0.0,0.0,0.0
2026-04-19 17:48:08,30.0,56.2,43.7,54.0,0.0,0.0,0.0
2026-04-19 17:48:13,29.8,56.2,10.7,54.0,0.0,0.0,0.0
2026-04-19 17:48:18,29.8,56.3,44.5,54.0,0.0,0.0,0.0
2026-04-19 17:48:23,29.9,56.3,31.2,54.0,0.0,0.0,0.0
2026-04-19 17:48:28,30.0,56.2,35.6,54.0,0.0,0.0,0.0
2026-04-19 17:48:33,29.9,56.2,35.1,54.0,0.0,0.0,0.0
2026-04-19 17:48:38,29.9,56.2,32.5,54.0,0.0,0.0,0.0
2026-04-19 17:48:43,29.9,56.2,39.3,54.0,0.0,0.0,0.0
2026-04-19 17:48:48,30.0,56.1,37.4,54.0,0.0,0.0,0.0
2026-04-19 17:48:53,29.9,56.2,22.2,54.0,0.0,0.0,0.0
2026-04-19 17:48:58,30.0,56.1,49.2,54.0,0.0,0.0,0.0
2026-04-19 17:49:03,29.9,56.1,28.7,54.0,0.0,0.0,0.0
2026-04-19 17:49:08,30.0,56.2,29.1,54.0,0.0,0.0,0.0
2026-04-19 17:49:13,29.9,56.0,30.3,54.0,0.0,0.0,0.0
2026-04-19 17:49:18,30.0,56.1,29.2,54.0,0.0,0.0,0.0
2026-04-19 17:49:23,29.8,56.1,49.5,54.0,0.0,0.0,0.0
2026-04-19 17:49:28,29.9,56.2,32.8,54.0,0.0,0.0,0.0
2026-04-19 17:49:33,30.0,56.1,36.0,54.0,0.0,0.0,0.0
2026-04-19 17:49:38,29.9,56.1,36.2,54.0,0.0,0.0,0.0
2026-04-19 17:49:43,29.9,56.0,17.2,54.0,0.0,0.0,0.0
2026-04-19 17:49:48,29.8,56.0,34.3,53.9,0.0,0.0,0.0
2026-04-19 17:49:53,30.1,56.2,32.5,53.9,0.0,0.0,0.0
2026-04-19 17:49:58,29.9,56.1,9.0,53.9,0.0,0.0,0.0
2026-04-19 17:50:03,29.8,56.1,31.7,53.9,0.0,0.0,0.0
2026-04-19 17:50:08,29.9,56.2,38.9,53.9,0.0,0.0,0.0
2026-04-19 17:50:13,29.9,56.3,49.4,53.9,0.0,0.0,0.0
2026-04-19 17:50:18,29.9,56.3,21.7,53.9,0.0,0.0,0.0
2026-04-19 17:50:23,30.0,56.3,22.5,53.9,0.0,0.0,0.0
2026-04-19 17:50:28,29.9,56.3,35.4,53.9,0.0,0.0,0.0
2026-04-19 17:50:33,30.0,56.4,27.4,53.9,0.0,0.0,0.0
2026-04-19 17:50:38,30.0,56.4,16.7,53.9,0.0,0.0,0.0
2026-04-19 17:50:43,30.0,56.5,16.9,53.9,0.0,0.0,0.0
2026-04-19 17:50:48,30.1,56.5,26.7,53.9,0.0,0.0,0.0
2026-04-19 17:50:53,30.0,56.5,30.1,53.9,0.0,0.0,0.0
2026-04-19 17:50:58,29.9,56.6,23.1,53.9,0.0,0.0,0.0
2026-04-19 17:51:03,30.1,56.6,31.0,53.9,0.0,0.0,0.0
2026-04-19 17:51:08,30.0,56.6,9.3,53.9,0.0,0.0,0.0
2026-04-19 17:51:13,29.9,56.5,21.4,53.9,0.0,0.0,0.0
2026-04-19 17:51:18,30.0,56.5,16.0,53.9,0.0,0.0,0.0
2026-04-19 17:51:23,29.9,56.5,29.8,53.9,0.0,0.0,0.0
2026-04-19 17:51:28,30.1,56.5,53.7,53.8,0.0,0.0,0.0
2026-04-19 17:51:33,30.0,56.5,38.0,53.8,0.0,0.0,0.0
2026-04-19 17:51:38,30.0,56.6,24.8,53.8,0.0,0.0,0.0
2026-04-19 17:51:43,30.0,56.8,23.3,53.8,0.0,0.0,0.0
2026-04-19 17:51:48,30.0,56.8,27.4,53.8,0.0,0.0,0.0
2026-04-19 17:51:53,30.0,56.8,26.5,53.8,0.0,0.0,0.0
2026-04-19 17:51:58,29.9,56.7,29.7,53.9,0.0,0.0,0.0
2026-04-19 17:52:03,30.0,56.7,16.9,53.9,0.0,0.0,0.0
2026-04-19 17:52:08,29.9,56.7,22.9,53.9,0.0,0.0,0.0
2026-04-19 17:52:13,30.0,56.6,21.9,53.9,0.0,0.0,0.0
2026-04-19 17:52:18,30.0,56.6,24.2,53.9,0.0,0.0,0.0
2026-04-19 17:52:23,29.9,56.8,41.5,53.9,0.0,0.0,0.0
2026-04-19 17:52:28,30.0,56.9,24.4,53.9,0.0,0.0,0.0
2026-04-19 17:52:33,29.9,56.9,15.0,53.9,0.0,0.0,0.0
2026-04-19 17:52:38,30.0,56.9,31.0,53.9,0.0,0.0,0.0
2026-04-19 17:52:43,30.1,56.8,24.8,53.9,0.0,0.0,0.0
2026-04-19 17:52:48,29.9,56.8,11.4,53.9,0.0,0.0,0.0
2026-04-19 17:52:53,30.0,56.8,15.6,53.9,0.0,0.0,0.0
2026-04-19 17:52:58,29.9,57.0,18.2,53.9,0.0,0.0,0.0
2026-04-19 17:53:03,29.9,57.1,16.2,53.8,0.0,0.0,0.0
2026-04-19 17:53:08,29.9,57.1,19.1,53.8,0.0,0.0,0.0
2026-04-19 17:53:13,30.1,57.2,21.8,53.8,0.0,0.0,0.0
2026-04-19 17:53:18,30.1,57.2,15.0,53.8,0.0,0.0,0.0
2026-04-19 17:53:23,30.0,57.2,19.9,53.8,0.0,0.0,0.0
2026-04-19 17:53:28,30.0,57.2,35.6,53.8,0.0,0.0,0.0
2026-04-19 17:53:33,29.9,57.1,21.6,53.9,0.0,0.0,0.0
2026-04-19 17:53:38,29.9,57.1,17.2,53.9,0.0,0.0,0.0
2026-04-19 17:53:43,30.2,57.0,8.9,53.9,0.0,0.0,0.0
2026-04-19 17:53:48,30.0,57.1,19.4,53.9,0.0,0.0,0.0
2026-04-19 17:53:53,30.0,57.0,14.4,53.9,0.0,0.0,0.0
2026-04-19 17:53:58,30.0,57.1,44.2,53.9,0.0,0.0,0.0
2026-04-19 17:54:03,30.1,57.0,32.6,53.9,0.0,0.0,0.0
2026-04-19 17:54:08,29.9,57.0,23.8,53.9,0.0,0.0,0.0
2026-04-19 17:54:13,30.0,57.1,16.5,53.9,0.0,0.0,0.0
2026-04-19 17:54:18,30.0,57.1,22.8,53.9,0.0,0.0,0.0
2026-04-19 17:54:23,29.9,57.2,23.9,53.9,0.0,0.0,0.0
2026-04-19 17:54:28,29.9,57.2,24.0,53.9,0.0,0.0,0.0
2026-04-19 17:54:33,29.9,57.2,20.1,53.9,0.0,0.0,0.0
2026-04-19 17:54:38,30.0,57.2,21.4,53.9,0.0,0.0,0.0
2026-04-19 17:54:43,29.9,57.1,32.3,53.9,0.0,0.0,0.0
2026-04-19 17:54:48,29.9,57.2,30.6,53.8,0.0,0.0,0.0
2026-04-19 17:54:53,30.0,57.2,24.3,53.8,0.0,0.0,0.0
2026-04-19 17:54:58,29.9,57.2,15.1,53.8,0.0,0.0,0.0
2026-04-19 17:55:03,30.1,57.2,4.5,53.9,0.0,0.0,0.0
2026-04-19 17:55:08,30.0,57.1,19.7,53.9,0.0,0.0,0.0
2026-04-19 17:55:13,30.1,57.3,39.6,53.9,0.0,0.0,0.0
2026-04-19 17:55:18,30.0,57.2,28.5,53.9,0.0,0.0,0.0
2026-04-19 17:55:23,30.1,57.3,16.3,53.9,0.0,0.0,0.0
2026-04-19 17:55:28,29.9,57.3,20.2,53.9,0.0,0.0,0.0
2026-04-19 17:55:33,30.0,57.4,19.2,53.8,0.0,0.0,0.0
2026-04-19 17:55:38,30.1,57.4,41.3,53.8,0.0,0.0,0.0
2026-04-19 17:55:43,30.0,57.4,22.3,53.9,0.0,0.0,0.0
2026-04-19 17:55:48,30.0,57.2,29.0,53.9,0.0,0.0,0.0
2026-04-19 17:55:53,30.0,57.3,24.3,53.9,0.0,0.0,0.0
2026-04-19 17:55:58,30.0,57.5,9.4,53.9,0.0,0.0,0.0
2026-04-19 17:56:03,30.1,57.4,31.8,53.9,0.0,0.0,0.0
2026-04-19 17:56:08,30.0,57.4,20.6,53.9,0.0,0.0,0.0
2026-04-19 17:56:13,30.0,57.6,21.9,53.9,0.0,0.0,0.0
2026-04-19 17:56:18,29.8,57.6,25.9,53.9,0.0,0.0,0.0
2026-04-19 17:56:23,30.0,57.7,12.6,54.0,0.0,0.0,0.0
2026-04-19 17:56:28,30.1,57.6,32.6,54.0,0.0,0.0,0.0
2026-04-19 17:56:33,29.9,57.7,40.7,54.0,0.0,0.0,0.0
2026-04-19 17:56:38,29.9,57.6,7.5,54.0,0.0,0.0,0.0
2026-04-19 17:56:43,30.0,57.6,38.9,54.0,0.0,0.0,0.0
2026-04-19 17:56:48,29.9,57.5,29.9,54.0,0.0,0.0,0.0
2026-04-19 17:56:53,30.0,57.5,23.7,54.0,0.0,0.0,0.0
2026-04-19 17:56:58,29.7,57.6,28.7,54.0,0.0,0.0,0.0
2026-04-19 17:57:03,30.1,57.5,25.8,54.0,0.0,0.0,0.0
2026-04-19 17:57:08,30.0,57.5,10.0,54.0,0.0,0.0,0.0
2026-04-19 17:57:13,29.9,57.6,7.6,54.0,0.0,0.0,0.0
2026-04-19 17:57:18,29.8,57.6,6.2,54.0,0.0,0.0,0.0
2026-04-19 17:57:23,30.0,57.6,23.3,54.0,0.0,0.0,0.0
2026-04-19 17:57:28,29.9,57.5,14.5,54.0,0.0,0.0,0.0
2026-04-19 17:57:33,30.0,57.4,0.0,53.9,0.0,0.0,0.0
2026-04-19 17:57:38,30.1,57.5,19.6,53.9,0.0,0.0,0.0
2026-04-19 17:57:43,29.9,57.6,18.4,54.0,0.0,0.0,0.0
2026-04-19 17:57:48,29.9,57.6,10.7,54.0,0.0,0.0,0.0
2026-04-19 17:57:53,29.8,57.5,26.9,54.0,0.0,0.0,0.0
2026-04-19 17:57:58,29.9,57.6,18.8,53.9,0.0,0.0,0.0
2026-04-19 17:58:03,29.8,57.4,4.9,53.9,0.0,0.0,0.0
2026-04-19 17:58:08,30.1,57.6,9.3,53.9,0.0,0.0,0.0
2026-04-19 17:58:13,29.9,57.6,21.0,53.9,0.0,0.0,0.0
2026-04-19 17:58:18,29.9,57.6,29.9,53.9,0.0,0.0,0.0
2026-04-19 17:58:23,30.0,57.5,13.1,53.9,0.0,0.0,0.0
2026-04-19 17:58:28,29.9,57.6,17.4,53.9,0.0,0.0,0.0
2026-04-19 17:58:33,29.9,57.5,45.7,53.9,0.0,0.0,0.0
2026-04-19 17:58:38,29.8,57.4,18.0,53.9,0.0,0.0,0.0
2026-04-19 17:58:43,30.0,57.6,4.0,53.9,0.0,0.0,0.0
2026-04-19 17:58:48,29.7,57.7,7.6,53.9,0.0,0.0,0.0
2026-04-19 17:58:53,29.8,57.8,17.7,53.9,0.0,0.0,0.0
2026-04-19 17:58:58,30.0,57.9,19.2,53.9,0.0,0.0,0.0
2026-04-19 17:59:03,29.8,57.9,18.1,53.9,0.0,0.0,0.0
2026-04-19 17:59:08,29.9,57.9,19.8,53.9,0.0,0.0,0.0
2026-04-19 17:59:13,29.9,57.9,21.3,53.9,0.0,0.0,0.0
2026-04-19 17:59:18,29.9,57.8,9.4,53.9,0.0,0.0,0.0
2026-04-19 17:59:23,29.9,58.0,0.0,53.9,0.0,0.0,0.0
2026-04-19 17:59:28,29.9,58.1,6.3,53.9,0.0,0.0,0.0
2026-04-19 17:59:33,29.8,58.1,4.7,54.0,0.0,0.0,0.0
2026-04-19 17:59:38,29.9,58.1,16.3,54.0,0.0,0.0,0.0
2026-04-19 17:59:43,29.9,58.1,30.1,53.9,0.0,0.0,0.0
2026-04-19 17:59:48,30.1,58.2,12.7,53.9,0.0,0.0,0.0
2026-04-19 17:59:53,30.0,58.2,12.6,53.9,0.0,0.0,0.0
2026-04-19 17:59:58,29.9,58.1,19.2,53.9,0.0,0.0,0.0
2026-04-19 18:00:03,30.0,58.0,12.7,53.9,0.0,0.0,0.0
2026-04-19 18:00:08,29.9,57.9,12.5,53.9,0.0,0.0,0.0
2026-04-19 18:00:13,30.1,57.7,20.1,53.9,0.0,0.0,0.0
2026-04-19 18:00:18,30.1,57.8,23.7,53.9,0.0,0.0,0.0
2026-04-19 18:00:23,30.0,57.6,1.6,53.9,0.0,0.0,0.0
2026-04-19 18:00:28,29.9,57.7,10.7,53.9,0.0,0.0,0.0
2026-04-19 18:00:33,30.0,57.7,23.7,53.9,0.0,0.0,0.0
2026-04-19 18:00:38,30.0,57.6,5.8,53.9,0.0,0.0,0.0
2026-04-19 18:00:43,30.0,57.7,18.0,53.9,0.0,0.0,0.0
2026-04-19 18:00:48,29.9,57.7,25.3,53.9,0.0,0.0,0.0
2026-04-19 18:00:53,29.9,57.9,17.8,53.9,0.0,0.0,0.0
2026-04-19 18:00:58,30.0,57.9,26.1,53.9,0.0,0.0,0.0
2026-04-19 18:01:03,29.9,57.9,13.8,53.9,0.0,0.0,0.0
2026-04-19 18:01:08,29.9,57.9,22.9,53.9,0.0,0.0,0.0
2026-04-19 18:01:13,30.0,58.0,26.8,53.9,0.0,0.0,0.0
2026-04-19 18:01:18,30.1,58.1,23.9,53.9,0.0,0.0,0.0
2026-04-19 18:01:23,30.0,58.3,26.0,53.9,0.0,0.0,0.0
2026-04-19 18:01:28,30.0,58.2,18.3,53.9,0.0,0.0,0.0
2026-04-19 18:01:33,30.0,58.3,27.4,53.9,0.0,0.0,0.0
2026-04-19 18:01:38,30.0,58.3,23.7,53.9,0.0,0.0,0.0
2026-04-19 18:01:43,29.9,58.3,25.5,53.9,0.0,0.0,0.0
2026-04-19 18:01:48,29.8,58.3,0.0,53.9,0.0,0.0,0.0
2026-04-19 18:01:53,30.0,58.3,23.2,53.9,0.0,0.0,0.0
2026-04-19 18:01:58,30.1,58.3,10.3,53.9,0.0,0.0,0.0
2026-04-19 18:02:03,29.9,58.2,24.4,53.9,0.0,0.0,0.0
2026-04-19 18:02:08,29.8,58.1,14.2,53.9,0.0,0.0,0.0
2026-04-19 18:02:13,29.9,58.2,7.2,53.9,0.0,0.0,0.0
2026-04-19 18:02:18,30.0,58.2,27.6,53.9,0.0,0.0,0.0
2026-04-19 18:02:23,30.0,58.0,22.0,53.9,0.0,0.0,0.0
2026-04-19 18:02:28,29.8,58.1,15.4,53.9,0.0,0.0,0.0
2026-04-19 18:02:33,29.8,58.0,6.8,53.9,0.0,0.0,0.0
2026-04-19 18:02:38,29.9,58.0,0.0,53.9,0.0,0.0,0.0
2026-04-19 18:02:43,30.0,58.1,3.4,53.9,0.0,0.0,0.0
2026-04-19 18:02:48,30.1,58.1,18.1,53.9,0.0,0.0,0.0
2026-04-19 18:02:53,30.0,58.1,22.0,53.9,0.0,0.0,0.0
2026-04-19 18:02:58,29.8,58.2,14.4,53.9,0.0,0.0,0.0
2026-04-19 18:03:03,29.9,58.2,19.0,53.9,0.0,0.0,0.0
2026-04-19 18:03:08,30.1,58.2,6.0,53.9,0.0,0.0,0.0
2026-04-19 18:03:13,30.0,58.2,14.9,53.9,0.0,0.0,0.0
2026-04-19 18:03:18,29.9,58.2,17.7,53.9,0.0,0.0,0.0
2026-04-19 18:03:23,30.0,58.2,14.6,53.9,0.0,0.0,0.0
2026-04-19 18:03:28,30.0,58.1,12.1,53.9,0.0,0.0,0.0
2026-04-19 18:03:33,30.0,58.0,10.8,53.9,0.0,0.0,0.0
2026-04-19 18:03:38,29.9,58.0,14.6,53.9,0.0,0.0,0.0
2026-04-19 18:03:43,29.8,58.1,21.9,53.9,0.0,0.0,0.0
2026-04-19 18:03:48,30.1,58.3,28.2,54.0,0.0,0.0,0.0
2026-04-19 18:03:53,30.0,58.3,23.4,54.0,0.0,0.0,0.0
2026-04-19 18:03:58,29.9,58.3,19.9,54.0,0.0,0.0,0.0
2026-04-19 18:04:03,29.9,58.2,11.6,54.0,0.0,0.0,0.0
2026-04-19 18:04:08,30.0,58.1,15.8,54.0,0.0,0.0,0.0
2026-04-19 18:04:13,29.8,58.1,0.0,54.1,0.0,0.0,0.0
2026-04-19 18:04:18,29.9,58.1,35.2,54.1,0.0,0.0,0.0
2026-04-19 18:04:23,29.8,58.1,24.0,54.1,0.0,0.0,0.0
2026-04-19 18:04:28,30.0,58.3,28.7,54.1,0.0,0.0,0.0
2026-04-19 18:04:33,30.0,58.4,7.5,54.0,0.0,0.0,0.0
2026-04-19 18:04:38,29.9,58.5,0.0,54.0,0.0,0.0,0.0
2026-04-19 18:04:43,30.1,58.3,27.1,54.0,0.0,0.0,0.0
2026-04-19 18:04:48,29.8,58.3,0.0,54.0,0.0,0.0,0.0
2026-04-19 18:04:53,29.9,58.3,28.7,54.0,0.0,0.0,0.0
2026-04-19 18:04:58,29.9,58.2,31.8,54.0,0.0,0.0,0.0
2026-04-19 18:05:03,29.9,58.2,25.3,54.0,0.0,0.0,0.0
2026-04-19 18:05:08,29.9,58.2,25.0,54.0,0.0,0.0,0.0
2026-04-19 18:05:13,29.9,58.2,23.5,54.0,0.0,0.0,0.0
2026-04-19 18:05:18,30.0,58.2,11.1,54.0,0.0,0.0,0.0
2026-04-19 18:05:23,30.0,58.1,26.6,54.0,0.0,0.0,0.0
2026-04-19 18:05:28,29.9,58.2,24.5,54.0,0.0,0.0,0.0
2026-04-19 18:05:33,29.8,58.3,23.8,54.0,0.0,0.0,0.0
2026-04-19 18:05:38,29.8,58.2,31.7,54.0,0.0,0.0,0.0
2026-04-19 18:05:43,29.9,58.1,11.8,54.0,0.0,0.0,0.0
2026-04-19 18:05:48,29.8,58.1,0.4,54.0,0.0,0.0,0.0
2026-04-19 18:05:53,29.9,58.1,20.0,54.0,0.0,0.0,0.0
2026-04-19 18:05:58,29.7,58.1,20.2,54.0,0.0,0.0,0.0
2026-04-19 18:06:03,29.9,58.3,18.9,54.0,0.0,0.0,0.0
2026-04-19 18:06:08,29.8,58.2,4.8,54.0,0.0,0.0,0.0
2026-04-19 18:06:13,29.9,58.2,6.5,54.0,0.0,0.0,0.0
2026-04-19 18:06:18,29.8,58.2,18.6,54.0,0.0,0.0,0.0
2026-04-19 18:06:23,30.0,58.2,19.7,54.0,0.0,0.0,0.0
2026-04-19 18:06:28,29.9,58.2,13.1,54.0,0.0,0.0,0.0
2026-04-19 18:06:33,29.9,58.2,9.4,54.0,0.0,0.0,0.0
2026-04-19 18:06:38,29.8,58.1,20.2,54.0,0.0,0.0,0.0
2026-04-19 18:06:43,29.9,58.0,30.9,54.0,0.0,0.0,0.0
2026-04-19 18:06:48,30.0,58.0,0.0,54.0,0.0,0.0,0.0
2026-04-19 18:06:53,29.8,58.1,13.0,54.0,0.0,0.0,0.0
2026-04-19 18:06:58,29.9,58.2,9.8,54.0,0.0,0.0,0.0
2026-04-19 18:07:03,29.8,58.1,25.8,54.0,0.0,0.0,0.0
2026-04-19 18:07:08,29.9,58.1,23.7,54.0,0.0,0.0,0.0
2026-04-19 18:07:13,29.9,57.9,25.7,54.0,0.0,0.0,0.0
2026-04-19 18:07:18,29.7,58.0,25.6,54.0,0.0,0.0,0.0
2026-04-19 18:07:23,29.8,58.0,0.0,54.0,0.0,0.0,0.0
2026-04-19 18:07:28,29.9,57.9,4.9,54.0,0.0,0.0,0.0
2026-04-19 18:07:33,29.7,58.0,6.5,54.0,0.0,0.0,0.0
2026-04-19 18:07:38,29.9,58.0,6.2,54.0,0.0,0.0,0.0
2026-04-19 18:07:43,29.9,57.9,15.0,54.0,0.0,0.0,0.0
2026-04-19 18:07:48,29.7,57.8,23.4,54.0,0.0,0.0,0.0
2026-04-19 18:07:53,29.7,57.7,24.4,54.0,0.0,0.0,0.0
2026-04-19 18:07:58,29.8,57.7,5.6,54.0,0.0,0.0,0.0
2026-04-19 18:08:03,29.8,57.8,20.4,54.0,0.0,0.0,0.0
2026-04-19 18:08:08,29.9,57.7,14.0,54.0,0.0,0.0,0.0
2026-04-19 18:08:13,29.9,57.6,12.4,54.0,0.0,0.0,0.0
2026-04-19 18:08:18,29.9,57.7,13.1,54.0,0.0,0.0,0.0
2026-04-19 18:08:23,30.0,57.6,18.3,54.0,0.0,0.0,0.0
2026-04-19 18:08:28,30.0,57.6,23.5,54.0,0.0,0.0,0.0
2026-04-19 18:08:33,29.9,57.6,25.6,54.0,0.0,0.0,0.0
2026-04-19 18:08:38,29.8,57.7,13.7,54.0,0.0,0.0,0.0
2026-04-19 18:08:43,29.9,57.7,0.0,54.0,0.0,0.0,0.0
2026-04-19 18:08:48,29.9,57.7,10.3,54.0,0.0,0.0,0.0
2026-04-19 18:08:53,29.8,57.6,23.4,54.0,0.0,0.0,0.0
2026-04-19 18:08:58,29.7,57.6,7.9,54.0,0.0,0.0,0.0
2026-04-19 18:09:03,29.8,57.7,37.9,54.0,0.0,0.0,0.0
2026-04-19 18:09:08,29.9,57.8,13.6,54.0,0.0,0.0,0.0
2026-04-19 18:09:13,30.0,57.7,15.3,54.0,0.0,0.0,0.0
2026-04-19 18:09:18,29.8,57.8,6.2,54.0,0.0,0.0,0.0
2026-04-19 18:09:23,29.8,57.7,10.9,54.0,0.0,0.0,0.0
2026-04-19 18:09:28,29.8,57.8,6.1,54.0,0.0,0.0,0.0
2026-04-19 18:09:33,30.0,57.8,18.9,54.0,0.0,0.0,0.0
2026-04-19 18:09:38,29.8,57.6,42.1,54.0,0.0,0.0,0.0
2026-04-19 18:09:43,29.8,57.5,14.8,54.0,0.0,0.0,0.0
2026-04-19 18:09:48,29.9,57.6,4.5,54.0,0.0,0.0,0.0
2026-04-19 18:09:53,29.8,57.6,22.6,54.0,0.0,0.0,0.0
2026-04-19 18:09:58,29.9,57.6,2.5,54.0,0.0,0.0,0.0
2026-04-19 18:10:03,29.7,57.7,3.1,54.0,0.0,0.0,0.0
2026-04-19 18:10:08,29.8,57.7,20.6,54.0,0.0,0.0,0.0
2026-04-19 18:10:13,29.9,57.7,20.2,54.0,0.0,0.0,0.0
2026-04-19 18:10:18,29.8,57.7,23.1,54.0,0.0,0.0,0.0
2026-04-19 18:10:23,29.9,57.6,20.1,53.9,0.0,0.0,0.0
2026-04-19 18:10:28,29.8,57.6,32.9,53.9,0.0,0.0,0.0
2026-04-19 18:10:33,29.7,57.7,20.9,53.9,0.0,0.0,0.0
2026-04-19 18:10:38,29.9,57.7,17.1,53.9,0.0,0.0,0.0
2026-04-19 18:10:43,29.8,57.8,6.8,53.9,0.0,0.0,0.0
2026-04-19 18:10:48,29.8,57.8,23.9,53.9,0.0,0.0,0.0
2026-04-19 18:10:53,29.6,57.7,21.7,53.8,0.0,0.0,0.0
2026-04-19 18:10:58,29.8,57.7,8.9,53.8,0.0,0.0,0.0
2026-04-19 18:11:03,29.6,57.7,37.3,53.8,0.0,0.0,0.0
2026-04-19 18:11:08,29.9,57.8,0.8,53.8,0.0,0.0,0.0
2026-04-19 18:11:13,29.7,57.9,25.8,53.8,0.0,0.0,0.0
2026-04-19 18:11:18,29.7,57.9,21.9,53.9,0.0,0.0,0.0
2026-04-19 18:11:23,29.7,58.0,8.6,53.9,0.0,0.0,0.0
2026-04-19 18:11:28,29.7,58.0,8.2,53.9,0.0,0.0,0.0
2026-04-19 18:11:33,29.9,58.1,17.0,53.9,0.0,0.0,0.0
2026-04-19 18:11:38,29.6,58.1,21.9,53.9,0.0,0.0,0.0
2026-04-19 18:11:43,29.9,58.0,14.8,53.9,0.0,0.0,0.0
2026-04-19 18:11:48,29.6,58.0,6.0,53.9,0.0,0.0,0.0
2026-04-19 18:11:53,29.8,57.9,4.0,53.9,0.0,0.0,0.0
2026-04-19 18:11:58,29.8,58.0,18.4,53.9,0.0,0.0,0.0
2026-04-19 18:12:03,29.7,58.1,16.3,53.9,0.0,0.0,0.0
2026-04-19 18:12:08,29.7,58.3,9.1,53.9,0.0,0.0,0.0
2026-04-19 18:12:13,29.7,58.2,18.6,53.8,0.0,0.0,0.0
2026-04-19 18:12:18,29.7,58.2,29.2,53.8,0.0,0.0,0.0
2026-04-19 18:12:23,29.8,58.1,9.3,53.8,0.0,0.0,0.0
2026-04-19 18:12:28,29.8,58.2,26.0,53.9,0.0,0.0,0.0
2026-04-19 18:12:33,29.7,58.4,16.0,53.9,0.0,0.0,0.0
2026-04-19 18:12:38,29.6,58.5,2.0,53.9,0.0,0.0,0.0
2026-04-19 18:12:43,29.8,58.5,15.6,53.9,0.0,0.0,0.0
2026-04-19 18:12:48,29.7,58.4,16.6,53.9,0.0,0.0,0.0
2026-04-19 18:12:53,29.8,58.4,9.8,53.9,0.0,0.0,0.0
2026-04-19 18:12:58,29.7,58.5,0.0,53.9,0.0,0.0,0.0
2026-04-19 18:13:03,29.6,58.4,17.9,53.9,0.0,0.0,0.0
2026-04-19 18:13:08,29.7,58.4,15.0,53.9,0.0,0.0,0.0
2026-04-19 18:13:13,29.8,58.4,14.1,53.9,0.0,0.0,0.0
2026-04-19 18:13:18,29.8,58.4,11.8,53.9,0.0,0.0,0.0
2026-04-19 18:13:23,29.8,58.4,24.2,53.9,0.0,0.0,0.0
2026-04-19 18:13:28,29.7,58.5,10.5,53.9,0.0,0.0,0.0
2026-04-19 18:13:33,29.7,58.6,19.9,53.9,0.0,0.0,0.0
2026-04-19 18:13:38,29.7,58.6,26.8,53.9,0.0,0.0,0.0
2026-04-19 18:13:43,29.8,58.5,14.5,53.9,0.0,0.0,0.0
2026-04-19 18:13:48,29.8,58.5,8.5,53.9,0.0,0.0,0.0
2026-04-19 18:13:53,29.8,58.5,2.6,53.9,0.0,0.0,0.0
2026-04-19 18:13:58,29.7,58.5,25.5,53.9,0.0,0.0,0.0
2026-04-19 18:14:03,29.8,58.7,1.7,53.9,0.0,0.0,0.0
2026-04-19 18:14:08,29.7,58.6,27.6,53.9,0.0,0.0,0.0
2026-04-19 18:14:13,29.8,58.5,20.0,53.9,0.0,0.0,0.0
2026-04-19 18:14:18,29.7,58.5,7.9,53.9,0.0,0.0,0.0
2026-04-19 18:14:23,29.7,58.4,1.8,53.9,0.0,0.0,0.0
2026-04-19 18:14:28,29.8,58.4,19.0,53.9,0.0,0.0,0.0
2026-04-19 18:14:33,29.7,58.5,21.9,53.9,0.0,0.0,0.0
2026-04-19 18:14:38,29.7,58.4,6.0,53.9,0.0,0.0,0.0
2026-04-19 18:14:43,29.6,58.2,0.0,53.9,0.0,0.0,0.0
2026-04-19 18:14:48,29.6,58.2,29.4,53.9,0.0,0.0,0.0
2026-04-19 18:14:53,29.7,58.2,14.0,53.9,0.0,0.0,0.0
2026-04-19 18:14:58,29.7,58.2,15.6,53.9,0.0,0.0,0.0
2026-04-19 18:15:03,29.7,58.1,10.0,53.9,0.0,0.0,0.0
2026-04-19 18:15:08,29.7,58.2,28.9,53.9,0.0,0.0,0.0
2026-04-19 18:15:13,29.7,58.2,8.8,53.9,0.0,0.0,0.0
2026-04-19 18:15:18,29.6,58.1,12.2,53.9,0.0,0.0,0.0
2026-04-19 18:15:23,29.6,58.1,11.9,53.9,0.0,0.0,0.0
2026-04-19 18:15:28,29.6,58.0,20.3,53.9,0.0,0.0,0.0
2026-04-19 18:15:33,29.7,58.0,0.0,53.9,0.0,0.0,0.0
2026-04-19 18:15:38,29.8,58.1,3.7,53.9,0.0,0.0,0.0
2026-04-19 18:15:43,29.8,58.0,39.0,53.9,0.0,0.0,0.0
2026-04-19 18:15:48,29.6,58.1,5.2,53.9,0.0,0.0,0.0
2026-04-19 18:15:53,29.7,58.1,6.2,53.9,0.0,0.0,0.0
2026-04-19 18:15:58,29.6,58.2,23.6,53.9,0.0,0.0,0.0
2026-04-19 18:16:03,29.8,58.3,25.4,53.9,0.0,0.0,0.0
2026-04-19 18:16:08,29.8,58.2,23.2,53.9,0.0,0.0,0.0
2026-04-19 18:16:13,29.8,58.1,23.6,53.9,0.0,0.0,0.0
2026-04-19 18:16:18,29.7,58.2,15.6,53.9,0.0,0.0,0.0
2026-04-19 18:16:23,29.8,58.2,45.1,53.9,0.0,0.0,0.0
2026-04-19 18:16:28,29.7,58.1,7.4,53.9,0.0,0.0,0.0
2026-04-19 18:16:33,29.6,58.3,8.2,53.9,0.0,0.0,0.0
2026-04-19 18:16:38,29.7,58.3,19.5,53.9,0.0,0.0,0.0
2026-04-19 18:16:43,29.8,58.1,11.4,53.9,0.0,0.0,0.0
2026-04-19 18:16:48,29.6,58.1,15.5,53.9,0.0,0.0,0.0
2026-04-19 18:16:53,29.8,58.1,14.3,53.9,0.0,0.0,0.0
2026-04-19 18:16:58,29.8,58.0,30.5,53.9,0.0,0.0,0.0
2026-04-19 18:17:03,29.8,58.1,31.1,53.9,0.0,0.0,0.0
2026-04-19 18:17:08,29.9,58.0,7.0,53.9,0.0,0.0,0.0
2026-04-19 18:17:13,29.7,58.1,0.0,53.9,0.0,0.0,0.0
2026-04-19 18:17:18,29.6,58.1,14.6,53.9,0.0,0.0,0.0
2026-04-19 18:17:23,29.6,58.1,14.6,53.9,0.0,0.0,0.0
2026-04-19 18:17:28,29.8,58.1,35.4,53.9,0.0,0.0,0.0
2026-04-19 18:17:33,29.6,58.2,0.0,53.9,0.0,0.0,0.0
2026-04-19 18:17:38,29.8,58.2,0.0,53.9,0.0,0.0,0.0
2026-04-19 18:17:43,29.6,58.3,9.3,53.9,0.0,0.0,0.0
2026-04-19 18:17:48,29.8,58.2,11.6,53.9,0.0,0.0,0.0
2026-04-19 18:17:53,29.7,58.3,14.5,53.9,0.0,0.0,0.0
2026-04-19 18:17:58,29.8,58.4,26.8,53.9,0.0,0.0,0.0
2026-04-19 18:18:03,29.7,58.5,9.1,53.9,0.0,0.0,0.0
2026-04-19 18:18:08,29.7,58.4,0.0,53.9,0.0,0.0,0.0
2026-04-19 18:18:13,29.7,58.5,33.1,53.9,0.0,0.0,0.0
2026-04-19 18:18:18,29.7,58.5,0.0,53.9,0.0,0.0,0.0
2026-04-19 18:18:23,29.8,58.4,13.4,53.9,0.0,0.0,0.0
2026-04-19 18:18:28,29.6,58.3,31.9,53.9,0.0,0.0,0.0
2026-04-19 18:18:33,29.8,58.4,21.6,53.9,0.0,0.0,0.0
2026-04-19 18:18:38,29.7,58.4,2.3,53.9,0.0,0.0,0.0
2026-04-19 18:18:43,29.6,58.4,2.3,53.9,0.0,0.0,0.0
2026-04-19 18:18:48,29.7,58.3,23.0,53.9,0.0,0.0,0.0
2026-04-19 18:18:53,29.7,58.3,1.5,53.9,0.0,0.0,0.0
2026-04-19 18:18:58,29.7,58.3,31.9,53.9,0.0,0.0,0.0
2026-04-19 18:19:03,29.7,58.1,26.8,53.9,0.0,0.0,0.0
2026-04-19 18:19:08,29.7,58.2,14.2,53.9,0.0,0.0,0.0
2026-04-19 18:19:13,29.8,58.2,0.7,53.9,0.0,0.0,0.0
2026-04-19 18:19:18,29.6,58.3,13.9,53.9,0.0,0.0,0.0
2026-04-19 18:19:23,29.7,58.3,5.4,53.9,0.0,0.0,0.0
2026-04-19 18:19:28,29.8,58.4,4.5,53.9,0.0,0.0,0.0
2026-04-19 18:19:33,29.7,58.4,1.0,53.9,0.0,0.0,0.0
2026-04-19 18:19:38,29.7,58.4,23.3,53.9,0.0,0.0,0.0
2026-04-19 18:19:43,29.7,58.4,7.8,53.9,0.0,0.0,0.0
2026-04-19 18:19:48,29.6,58.3,1.4,54.0,0.0,0.0,0.0
2026-04-19 18:19:53,29.7,58.3,9.9,54.0,0.0,0.0,0.0
2026-04-19 18:19:58,29.8,58.4,10.1,54.0,0.0,0.0,0.0
2026-04-19 18:20:03,29.7,58.3,20.0,54.0,0.0,0.0,0.0
2026-04-19 18:20:08,29.8,58.3,13.1,54.0,0.0,0.0,0.0
2026-04-19 18:20:13,29.8,58.3,32.2,54.1,0.0,0.0,0.0
2026-04-19 18:20:18,29.9,58.2,21.3,54.1,0.0,0.0,0.0
2026-04-19 18:20:23,29.8,58.4,17.0,54.1,0.0,0.0,0.0
2026-04-19 18:20:28,29.7,58.4,25.6,54.0,0.0,0.0,0.0
2026-04-19 18:20:33,29.8,58.4,29.8,54.0,0.0,0.0,0.0
2026-04-19 18:20:38,29.8,58.4,23.4,54.0,0.0,0.0,0.0
2026-04-19 18:20:43,29.8,58.3,8.4,54.0,0.0,0.0,0.0
2026-04-19 18:20:48,29.8,58.2,14.6,54.0,0.0,0.0,0.0
2026-04-19 18:20:53,29.9,58.3,18.6,54.0,0.0,0.0,0.0
2026-04-19 18:20:58,29.8,58.3,22.0,54.0,0.0,0.0,0.0
2026-04-19 18:21:03,29.7,58.3,0.0,54.0,0.0,0.0,0.0
2026-04-19 18:21:08,29.8,58.2,6.1,54.0,0.0,0.0,0.0
2026-04-19 18:21:13,29.8,58.2,4.8,54.0,0.0,0.0,0.0
2026-04-19 18:21:18,29.8,58.3,23.3,54.0,0.0,0.0,0.0
2026-04-19 18:21:23,29.9,58.4,21.1,54.0,0.0,0.0,0.0
2026-04-19 18:21:28,29.8,58.4,23.5,54.0,0.0,0.0,0.0
2026-04-19 18:21:33,29.8,58.3,12.8,54.0,0.0,0.0,0.0
2026-04-19 18:21:38,29.8,58.2,26.4,54.0,0.0,0.0,0.0
2026-04-19 18:21:43,29.8,58.3,0.7,54.0,0.0,0.0,0.0
2026-04-19 18:21:48,29.9,58.2,20.0,54.0,0.0,0.0,0.0
2026-04-19 18:21:53,29.7,58.3,5.2,54.0,0.0,0.0,0.0
2026-04-19 18:21:58,29.8,58.3,19.1,54.0,0.0,0.0,0.0
2026-04-19 18:22:03,29.8,58.3,14.8,54.0,0.0,0.0,0.0
2026-04-19 18:22:08,29.7,58.2,21.7,54.0,0.0,0.0,0.0
2026-04-19 18:22:13,29.8,58.2,26.4,54.1,0.0,0.0,0.0
2026-04-19 18:22:18,29.7,58.2,8.0,54.1,0.0,0.0,0.0
2026-04-19 18:22:23,29.9,58.2,0.0,54.0,0.0,0.0,0.0
2026-04-19 18:22:28,29.9,58.2,25.0,54.0,0.0,0.0,0.0
2026-04-19 18:22:33,29.7,58.2,26.3,54.0,0.0,0.0,0.0
2026-04-19 18:22:38,29.9,58.1,0.0,54.0,0.0,0.0,0.0
2026-04-19 18:22:43,29.6,58.0,9.1,54.0,0.0,0.0,0.0
2026-04-19 18:22:48,29.7,58.1,28.4,54.0,0.0,0.0,0.0
2026-04-19 18:22:53,29.7,58.1,13.9,54.0,0.0,0.0,0.0
2026-04-19 18:22:58,29.7,58.1,17.0,54.1,0.0,0.0,0.0
2026-04-19 18:23:03,29.9,58.2,12.3,54.1,0.0,0.0,0.0
2026-04-19 18:23:08,29.7,58.0,7.5,54.1,0.0,0.0,0.0
2026-04-19 18:23:13,29.8,58.0,5.4,54.1,0.0,0.0,0.0
2026-04-19 18:23:18,29.8,57.9,21.1,54.0,0.0,0.0,0.0
2026-04-19 18:23:23,29.8,58.0,25.1,54.0,0.0,0.0,0.0
2026-04-19 18:23:28,29.8,58.0,10.0,54.0,0.0,0.0,0.0
2026-04-19 18:23:33,29.6,58.1,17.8,54.0,0.0,0.0,0.0
2026-04-19 18:23:38,29.7,58.2,15.1,54.0,0.0,0.0,0.0
2026-04-19 18:23:43,29.8,58.1,8.6,54.0,0.0,0.0,0.0
2026-04-19 18:23:48,29.8,58.0,19.3,54.0,0.0,0.0,0.0
2026-04-19 18:23:53,29.8,58.0,5.8,54.0,0.0,0.0,0.0
2026-04-19 18:23:58,29.8,58.0,18.6,53.9,0.0,0.0,0.0
2026-04-19 18:24:03,29.9,57.9,18.1,53.9,0.0,0.0,0.0
2026-04-19 18:24:08,29.7,57.9,0.4,54.0,0.0,0.0,0.0
2026-04-19 18:24:13,29.7,57.9,14.9,54.0,0.0,0.0,0.0
2026-04-19 18:24:18,29.5,57.9,11.9,54.0,0.0,0.0,0.0
2026-04-19 18:24:23,29.7,58.1,21.2,54.0,0.0,0.0,0.0
2026-04-19 18:24:28,29.8,58.1,24.6,54.0,0.0,0.0,0.0
2026-04-19 18:24:33,29.9,58.0,0.0,54.0,0.0,0.0,0.0
2026-04-19 18:24:38,29.7,58.1,7.3,54.0,0.0,0.0,0.0
2026-04-19 18:24:43,29.7,58.0,7.3,54.0,0.0,0.0,0.0
2026-04-19 18:24:48,29.8,58.0,27.1,54.0,0.0,0.0,0.0
2026-04-19 18:24:53,29.7,58.0,26.4,54.0,0.0,0.0,0.0
2026-04-19 18:24:58,29.6,58.1,0.0,54.0,0.0,0.0,0.0
2026-04-19 18:25:03,29.8,58.2,20.2,54.0,0.0,0.0,0.0
2026-04-19 18:25:08,29.8,58.3,25.7,54.0,0.0,0.0,0.0
2026-04-19 18:25:13,29.7,58.4,26.0,54.0,0.0,0.0,0.0
2026-04-19 18:25:18,29.5,58.3,16.8,54.0,0.0,0.0,0.0
2026-04-19 18:25:23,29.6,58.1,17.4,54.0,0.0,0.0,0.0
2026-04-19 18:25:28,29.7,58.1,22.8,54.0,0.0,0.0,0.0
2026-04-19 18:25:33,29.7,58.1,18.7,54.0,0.0,0.0,0.0
2026-04-19 18:25:38,29.8,58.1,8.8,54.0,0.0,0.0,0.0
2026-04-19 18:25:43,29.7,58.0,6.4,54.0,0.0,0.0,0.0
2026-04-19 18:25:48,29.8,57.9,27.8,54.0,0.0,0.0,0.0
2026-04-19 18:25:53,29.8,58.0,9.6,54.0,0.0,0.0,0.0
2026-04-19 18:25:58,29.8,58.0,4.7,54.0,0.0,0.0,0.0
2026-04-19 18:26:03,29.7,58.2,7.8,54.0,0.0,0.0,0.0
2026-04-19 18:26:08,29.8,58.2,13.7,54.0,0.0,0.0,0.0
2026-04-19 18:26:13,29.8,58.1,14.3,54.0,0.0,0.0,0.0
2026-04-19 18:26:18,29.7,58.0,19.1,54.0,0.0,0.0,0.0
2026-04-19 18:26:23,29.7,58.0,7.9,53.9,0.0,0.0,0.0
2026-04-19 18:26:28,29.9,58.0,14.6,53.9,0.0,0.0,0.0
2026-04-19 18:26:33,29.8,58.0,5.0,53.9,0.0,0.0,0.0
2026-04-19 18:26:38,29.8,57.9,16.5,53.9,0.0,0.0,0.0
2026-04-19 18:26:43,29.7,58.0,9.8,53.9,0.0,0.0,0.0
2026-04-19 18:26:48,29.9,58.1,9.6,53.9,0.0,0.0,0.0
2026-04-19 18:26:53,29.8,58.2,22.5,53.9,0.0,0.0,0.0
2026-04-19 18:26:58,29.8,58.1,37.3,53.9,0.0,0.0,0.0
2026-04-19 18:27:03,29.7,58.1,18.4,53.9,0.0,0.0,0.0
2026-04-19 18:27:08,29.8,58.1,19.2,53.9,0.0,0.0,0.0
2026-04-19 18:27:13,29.8,58.0,2.3,53.9,0.0,0.0,0.0
2026-04-19 18:27:18,29.9,58.1,24.1,53.9,0.0,0.0,0.0
2026-04-19 18:27:23,29.9,58.0,18.3,53.9,0.0,0.0,0.0
2026-04-19 18:27:28,29.9,58.0,21.4,53.9,0.0,0.0,0.0
2026-04-19 18:27:33,29.7,58.1,4.4,53.9,0.0,0.0,0.0
2026-04-19 18:27:38,30.0,58.0,13.0,53.9,0.0,0.0,0.0
2026-04-19 18:27:43,29.7,58.1,15.3,53.9,0.0,0.0,0.0
2026-04-19 18:27:48,29.8,58.1,22.0,53.9,0.0,0.0,0.0
2026-04-19 18:27:53,29.8,58.1,16.7,53.9,0.0,0.0,0.0
2026-04-19 18:27:58,29.8,58.0,17.1,53.9,0.0,0.0,0.0
2026-04-19 18:28:03,29.8,58.1,22.8,53.9,0.0,0.0,0.0
2026-04-19 18:28:08,29.9,58.0,23.8,53.9,0.0,0.0,0.0
2026-04-19 18:28:13,29.8,58.1,20.8,53.9,0.0,0.0,0.0
2026-04-19 18:28:18,29.8,58.1,14.6,53.9,0.0,0.0,0.0
2026-04-19 18:28:23,29.8,58.1,33.5,53.9,0.0,0.0,0.0
2026-04-19 18:28:28,29.7,58.1,19.8,53.9,0.0,0.0,0.0
2026-04-19 18:28:33,29.7,58.0,4.8,53.9,0.0,0.0,0.0
2026-04-19 18:28:38,29.8,57.9,18.9,53.9,0.0,0.0,0.0
2026-04-19 18:28:43,29.8,57.8,16.5,53.9,0.0,0.0,0.0
2026-04-19 18:28:48,29.8,57.9,15.5,53.9,0.0,0.0,0.0
2026-04-19 18:28:53,29.8,57.8,9.3,53.8,0.0,0.0,0.0
2026-04-19 18:28:58,29.7,57.7,18.8,53.8,0.0,0.0,0.0
2026-04-19 18:29:03,29.8,57.8,23.6,53.8,0.0,0.0,0.0
2026-04-19 18:29:08,29.8,57.8,21.4,53.8,0.0,0.0,0.0
2026-04-19 18:29:13,29.8,57.9,9.3,53.9,0.0,0.0,0.0
2026-04-19 18:29:18,29.9,57.9,20.5,53.9,0.0,0.0,0.0
2026-04-19 18:29:23,29.8,57.8,27.7,53.9,0.0,0.0,0.0
2026-04-19 18:29:28,29.9,57.8,6.0,53.9,0.0,0.0,0.0
2026-04-19 18:29:33,29.8,57.7,28.3,53.9,0.0,0.0,0.0
2026-04-19 18:29:38,29.8,57.7,23.2,53.9,0.0,0.0,0.0
2026-04-19 18:29:43,29.7,57.5,0.8,53.9,0.0,0.0,0.0
2026-04-19 18:29:48,29.9,57.5,0.0,53.9,0.0,0.0,0.0
2026-04-19 18:29:53,30.0,57.5,18.9,53.9,0.0,0.0,0.0
2026-04-19 18:29:58,29.8,57.5,23.6,53.9,0.0,0.0,0.0
2026-04-19 18:30:03,29.8,57.6,0.0,53.9,0.0,0.0,0.0
2026-04-19 18:30:08,29.9,57.8,11.3,53.9,0.0,0.0,0.0
2026-04-19 18:30:13,29.8,57.8,15.3,53.9,0.0,0.0,0.0
2026-04-19 18:30:18,29.7,57.8,4.2,53.9,0.0,0.0,0.0
2026-04-19 18:30:23,29.8,57.6,11.8,53.9,0.0,0.0,0.0
2026-04-19 18:30:28,29.9,57.7,17.3,53.9,0.0,0.0,0.0
2026-04-19 18:30:33,29.8,57.7,24.8,53.9,0.0,0.0,0.0
2026-04-19 18:30:38,29.8,57.8,12.0,53.9,0.0,0.0,0.0
2026-04-19 18:30:43,29.8,57.7,10.0,53.9,0.0,0.0,0.0
2026-04-19 18:30:48,29.6,57.6,9.5,53.9,0.0,0.0,0.0
2026-04-19 18:30:53,29.8,57.5,31.8,53.9,0.0,0.0,0.0
2026-04-19 18:30:58,29.9,57.5,17.7,53.9,0.0,0.0,0.0
2026-04-19 18:31:03,29.9,57.5,5.7,53.9,0.0,0.0,0.0
2026-04-19 18:31:08,29.9,57.5,3.2,53.9,0.0,0.0,0.0
2026-04-19 18:31:13,29.9,57.5,3.2,53.9,0.0,0.0,0.0
2026-04-19 18:31:18,29.8,57.5,10.9,53.9,0.0,0.0,0.0
2026-04-19 18:31:23,29.8,57.6,8.4,53.9,0.0,0.0,0.0
2026-04-19 18:31:28,29.6,57.6,19.6,53.9,0.0,0.0,0.0
2026-04-19 18:31:33,29.8,57.6,18.1,53.9,0.0,0.0,0.0
2026-04-19 18:31:38,29.8,57.7,10.0,53.9,0.0,0.0,0.0
2026-04-19 18:31:43,29.8,57.7,0.0,53.9,0.0,0.0,0.0
2026-04-19 18:31:48,29.9,57.7,3.2,53.9,0.0,0.0,0.0
2026-04-19 18:31:53,29.7,57.8,8.3,53.9,0.0,0.0,0.0
2026-04-19 18:31:58,29.8,57.8,22.9,53.9,0.0,0.0,0.0
2026-04-19 18:32:03,29.9,57.8,15.2,53.9,0.0,0.0,0.0
2026-04-19 18:32:08,29.7,57.8,11.1,53.9,0.0,0.0,0.0
2026-04-19 18:32:13,29.9,57.8,24.7,53.9,0.0,0.0,0.0
2026-04-19 18:32:18,29.8,57.8,27.7,53.9,0.0,0.0,0.0
2026-04-19 18:32:23,29.9,57.9,0.0,53.9,0.0,0.0,0.0
2026-04-19 18:32:28,29.7,57.8,0.3,53.9,0.0,0.0,0.0
2026-04-19 18:32:33,29.7,57.9,19.4,53.9,0.0,0.0,0.0
2026-04-19 18:32:38,29.7,57.9,24.9,53.9,0.0,0.0,0.0
2026-04-19 18:32:43,29.7,57.9,19.7,53.9,0.0,0.0,0.0
2026-04-19 18:32:48,29.9,57.8,0.9,53.9,0.0,0.0,0.0
2026-04-19 18:32:53,29.8,58.0,17.0,53.9,0.0,0.0,0.0
2026-04-19 18:32:58,29.7,57.9,18.2,53.9,0.0,0.0,0.0
2026-04-19 18:33:03,29.9,58.0,3.5,53.9,0.0,0.0,0.0
2026-04-19 18:33:08,29.9,58.1,14.3,53.9,0.0,0.0,0.0
2026-04-19 18:33:13,29.8,58.1,24.6,53.9,0.0,0.0,0.0
2026-04-19 18:33:18,29.8,58.1,18.1,53.9,0.0,0.0,0.0
2026-04-19 18:33:23,29.8,58.1,33.3,53.9,0.0,0.0,0.0
2026-04-19 18:33:28,29.7,58.1,28.7,53.9,0.0,0.0,0.0
2026-04-19 18:33:33,29.7,57.9,28.0,53.9,0.0,0.0,0.0
2026-04-19 18:33:38,29.8,58.0,3.2,53.9,0.0,0.0,0.0
2026-04-19 18:33:43,29.8,57.9,0.0,53.9,0.0,0.0,0.0
2026-04-19 18:33:48,29.8,57.8,5.0,53.8,0.0,0.0,0.0
2026-04-19 18:33:53,29.8,57.8,13.8,53.8,0.0,0.0,0.0
2026-04-19 18:33:58,29.8,58.0,10.0,53.8,0.0,0.0,0.0
2026-04-19 18:34:03,29.7,58.0,9.3,53.8,0.0,0.0,0.0
2026-04-19 18:34:08,29.8,57.9,4.1,53.8,0.0,0.0,0.0
2026-04-19 18:34:13,29.7,58.0,20.0,53.8,0.0,0.0,0.0
2026-04-19 18:34:18,30.0,58.2,7.4,53.8,0.0,0.0,0.0
2026-04-19 18:34:23,29.8,58.1,6.0,53.8,0.0,0.0,0.0
2026-04-19 18:34:28,29.8,58.1,4.8,53.8,0.0,0.0,0.0
2026-04-19 18:34:33,29.8,58.1,11.3,53.8,0.0,0.0,0.0
2026-04-19 18:34:38,29.8,58.1,6.7,53.8,0.0,0.0,0.0
2026-04-19 18:34:43,29.8,58.0,6.5,53.8,0.0,0.0,0.0
2026-04-19 18:34:48,29.8,57.9,5.1,53.8,0.0,0.0,0.0
2026-04-19 18:34:53,29.9,58.0,33.7,53.8,0.0,0.0,0.0
2026-04-19 18:34:58,29.8,58.1,20.0,53.8,0.0,0.0,0.0
2026-04-19 18:35:03,29.8,58.1,20.4,53.8,0.0,0.0,0.0
2026-04-19 18:35:08,29.8,58.0,11.3,53.8,0.0,0.0,0.0
2026-04-19 18:35:13,29.7,57.9,12.6,53.8,0.0,0.0,0.0
2026-04-19 18:35:18,29.8,58.0,12.3,53.8,0.0,0.0,0.0
2026-04-19 18:35:23,29.9,58.0,20.7,53.8,0.0,0.0,0.0
2026-04-19 18:35:28,29.6,58.0,9.4,53.8,0.0,0.0,0.0
2026-04-19 18:35:33,29.6,58.0,3.6,53.8,0.0,0.0,0.0
2026-04-19 18:35:38,29.8,58.0,5.4,53.8,0.0,0.0,0.0
2026-04-19 18:35:43,29.8,58.0,7.3,53.8,0.0,0.0,0.0
2026-04-19 18:35:48,29.5,58.2,4.5,53.8,0.0,0.0,0.0
2026-04-19 18:35:53,29.7,58.3,14.8,53.8,0.0,0.0,0.0
2026-04-19 18:35:58,29.8,58.3,22.0,53.8,0.0,0.0,0.0
2026-04-19 18:36:03,29.7,58.3,14.9,53.8,0.0,0.0,0.0
2026-04-19 18:36:08,29.8,58.3,11.1,53.8,0.0,0.0,0.0
2026-04-19 18:36:13,29.8,58.3,18.9,53.8,0.0,0.0,0.0
2026-04-19 18:36:18,29.8,58.3,27.4,53.8,0.0,0.0,0.0
2026-04-19 18:36:23,29.8,58.3,18.0,53.8,0.0,0.0,0.0
2026-04-19 18:36:28,29.8,58.4,10.0,53.9,0.0,0.0,0.0
2026-04-19 18:36:33,29.7,58.3,5.8,53.9,0.0,0.0,0.0
2026-04-19 18:36:38,29.7,58.4,17.6,53.8,0.0,0.0,0.0
2026-04-19 18:36:43,29.7,58.4,0.0,53.8,0.0,0.0,0.0
2026-04-19 18:36:48,29.8,58.4,5.9,53.8,0.0,0.0,0.0
2026-04-19 18:36:53,29.8,58.4,26.4,53.8,0.0,0.0,0.0
2026-04-19 18:36:58,29.8,58.6,5.0,53.8,0.0,0.0,0.0
2026-04-19 18:37:03,29.8,58.5,0.0,53.8,0.0,0.0,0.0
2026-04-19 18:37:08,29.8,58.5,5.3,53.8,0.0,0.0,0.0
2026-04-19 18:37:13,29.8,58.5,23.1,53.8,0.0,0.0,0.0
2026-04-19 18:37:18,29.7,58.5,20.2,53.8,0.0,0.0,0.0
2026-04-19 18:37:23,29.6,58.5,9.2,53.8,0.0,0.0,0.0
2026-04-19 18:37:28,29.8,58.5,10.3,53.8,0.0,0.0,0.0
2026-04-19 18:37:33,29.8,58.5,0.0,53.8,0.0,0.0,0.0
2026-04-19 18:37:38,29.8,58.5,2.6,53.8,0.0,0.0,0.0
2026-04-19 18:37:43,29.7,58.4,1.9,53.8,0.0,0.0,0.0
2026-04-19 18:37:48,29.8,58.4,36.4,53.8,0.0,0.0,0.0
2026-04-19 18:37:53,29.7,58.3,20.2,53.8,0.0,0.0,0.0
2026-04-19 18:37:58,29.9,58.3,28.0,53.8,0.0,0.0,0.0
2026-04-19 18:38:03,29.7,58.2,31.1,53.8,0.0,0.0,0.0
2026-04-19 18:38:08,29.7,58.2,24.4,53.8,0.0,0.0,0.0
2026-04-19 18:38:13,29.9,58.3,12.0,53.8,0.0,0.0,0.0
2026-04-19 18:38:18,29.7,58.3,9.0,53.8,0.0,0.0,0.0
2026-04-19 18:38:23,29.7,58.3,12.3,53.8,0.0,0.0,0.0
2026-04-19 18:38:28,29.8,58.3,6.1,53.8,0.0,0.0,0.0
2026-04-19 18:38:33,29.6,58.3,7.9,53.8,0.0,0.0,0.0
2026-04-19 18:38:38,29.8,58.2,18.9,53.8,0.0,0.0,0.0
2026-04-19 18:38:43,29.8,58.2,8.4,53.8,0.0,0.0,0.0
2026-04-19 18:38:48,29.7,58.1,13.2,53.8,0.0,0.0,0.0
2026-04-19 18:38:53,29.9,58.2,10.9,53.8,0.0,0.0,0.0
2026-04-19 18:38:58,29.9,58.3,13.8,53.8,0.0,0.0,0.0
2026-04-19 18:39:03,29.8,58.4,21.5,53.8,0.0,0.0,0.0
2026-04-19 18:39:08,29.7,58.4,20.2,53.8,0.0,0.0,0.0
2026-04-19 18:39:13,29.8,58.4,14.3,53.8,0.0,0.0,0.0
2026-04-19 18:39:18,29.7,58.5,6.2,53.8,0.0,0.0,0.0
2026-04-19 18:39:23,29.7,58.4,26.5,53.8,0.0,0.0,0.0
2026-04-19 18:39:28,29.8,58.5,26.1,53.8,0.0,0.0,0.0
2026-04-19 18:39:33,29.6,58.3,8.8,53.8,0.0,0.0,0.0
2026-04-19 18:39:38,29.7,58.3,18.9,53.8,0.0,0.0,0.0
2026-04-19 18:39:43,29.7,58.2,25.4,53.7,0.0,0.0,0.0
2026-04-19 18:39:48,29.6,58.2,4.6,53.7,0.0,0.0,0.0
2026-04-19 18:39:53,29.8,58.3,0.0,53.8,0.0,0.0,0.0
2026-04-19 18:39:58,29.7,58.2,10.6,53.8,0.0,0.0,0.0
2026-04-19 18:40:03,29.7,58.2,3.0,53.7,0.0,0.0,0.0
2026-04-19 18:40:08,29.6,58.2,30.8,53.7,0.0,0.0,0.0
2026-04-19 18:40:13,29.9,58.1,0.0,53.8,0.0,0.0,0.0
2026-04-19 18:40:18,29.7,58.1,11.9,53.8,0.0,0.0,0.0
2026-04-19 18:40:23,29.7,58.0,24.1,53.9,0.0,0.0,0.0
2026-04-19 18:40:28,29.8,58.0,18.3,53.9,0.0,0.0,0.0
2026-04-19 18:40:33,29.7,58.0,30.9,53.9,0.0,0.0,0.0
2026-04-19 18:40:38,29.7,58.2,0.0,53.9,0.0,0.0,0.0
2026-04-19 18:40:43,29.8,58.1,13.8,53.9,0.0,0.0,0.0
2026-04-19 18:40:48,29.9,58.0,10.7,53.9,0.0,0.0,0.0
2026-04-19 18:40:53,29.7,58.0,7.6,53.9,0.0,0.0,0.0
2026-04-19 18:40:58,29.8,58.0,35.4,53.9,0.0,0.0,0.0
2026-04-19 18:41:03,29.8,58.1,7.3,53.9,0.0,0.0,0.0
2026-04-19 18:41:08,29.6,58.0,28.9,53.9,0.0,0.0,0.0
2026-04-19 18:41:13,29.7,58.0,9.4,53.9,0.0,0.0,0.0
2026-04-19 18:41:18,29.8,58.0,25.0,53.9,0.0,0.0,0.0
2026-04-19 18:41:23,29.8,57.9,17.7,53.9,0.0,0.0,0.0
2026-04-19 18:41:28,29.7,57.9,17.4,53.9,0.0,0.0,0.0
2026-04-19 18:41:33,29.7,58.0,20.9,53.9,0.0,0.0,0.0
2026-04-19 18:41:38,29.8,58.0,19.2,53.8,0.0,0.0,0.0
2026-04-19 18:41:43,29.7,58.0,14.6,53.8,0.0,0.0,0.0
2026-04-19 18:41:48,29.8,58.1,21.5,53.9,0.0,0.0,0.0
2026-04-19 18:41:53,29.6,58.3,20.0,53.9,0.0,0.0,0.0
2026-04-19 18:41:58,29.8,58.2,1.3,53.9,0.0,0.0,0.0
2026-04-19 18:42:03,29.6,58.3,20.5,53.8,0.0,0.0,0.0
2026-04-19 18:42:08,29.7,58.4,0.0,53.8,0.0,0.0,0.0
2026-04-19 18:42:13,29.7,58.4,7.5,53.9,0.0,0.0,0.0
2026-04-19 18:42:18,29.8,58.3,13.5,53.9,0.0,0.0,0.0
2026-04-19 18:42:23,29.6,58.1,9.6,53.8,0.0,0.0,0.0
2026-04-19 18:42:28,29.7,58.2,17.6,53.8,0.0,0.0,0.0
2026-04-19 18:42:33,29.7,58.3,6.0,53.9,0.0,0.0,0.0
2026-04-19 18:42:38,29.8,58.2,0.0,53.9,0.0,0.0,0.0
2026-04-19 18:42:43,29.7,58.2,31.5,53.9,0.0,0.0,0.0
2026-04-19 18:42:48,29.8,58.1,12.7,53.9,0.0,0.0,0.0
2026-04-19 18:42:53,29.8,58.1,14.7,53.9,0.0,0.0,0.0
2026-04-19 18:42:58,29.7,58.1,14.3,53.9,0.0,0.0,0.0
2026-04-19 18:43:03,29.9,58.0,18.1,53.9,0.0,0.0,0.0
2026-04-19 18:43:08,29.7,58.0,15.2,53.9,0.0,0.0,0.0
2026-04-19 18:43:13,29.8,58.0,19.9,53.9,0.0,0.0,0.0
2026-04-19 18:43:18,29.7,58.0,5.7,53.9,0.0,0.0,0.0
2026-04-19 18:43:23,29.8,57.9,21.4,53.9,0.0,0.0,0.0
2026-04-19 18:43:28,29.8,57.9,14.7,53.9,0.0,0.0,0.0
2026-04-19 18:43:33,29.8,57.9,11.3,53.9,0.0,0.0,0.0
2026-04-19 18:43:38,29.7,57.7,11.9,53.9,0.0,0.0,0.0
2026-04-19 18:43:43,29.6,57.7,33.4,53.9,0.0,0.0,0.0
2026-04-19 18:43:48,29.8,57.5,10.9,53.9,0.0,0.0,0.0
2026-04-19 18:43:53,29.8,57.6,25.8,53.9,0.0,0.0,0.0
2026-04-19 18:43:58,29.8,57.5,21.2,53.9,0.0,0.0,0.0
2026-04-19 18:44:03,29.7,57.5,23.8,53.9,0.0,0.0,0.0
2026-04-19 18:44:08,29.8,57.3,3.2,53.9,0.0,0.0,0.0
2026-04-19 18:44:13,29.7,57.3,26.5,53.9,0.0,0.0,0.0
2026-04-19 18:44:18,29.9,57.4,15.3,53.9,0.0,0.0,0.0
2026-04-19 18:44:23,29.6,57.4,16.7,53.8,0.0,0.0,0.0
2026-04-19 18:44:28,29.7,57.5,8.7,53.8,0.0,0.0,0.0
2026-04-19 18:44:33,29.7,57.6,15.2,53.9,0.0,0.0,0.0
2026-04-19 18:44:38,29.6,57.6,4.3,53.9,0.0,0.0,0.0
2026-04-19 18:44:43,29.7,57.8,15.0,53.9,0.0,0.0,0.0
2026-04-19 18:44:48,29.8,57.7,21.3,53.9,0.0,0.0,0.0
2026-04-19 18:44:53,29.7,57.7,20.1,53.9,0.0,0.0,0.0
2026-04-19 18:44:58,29.8,57.8,24.5,53.9,0.0,0.0,0.0
2026-04-19 18:45:03,29.7,57.7,20.5,53.9,0.0,0.0,0.0
2026-04-19 18:45:08,29.8,57.8,23.5,53.9,0.0,0.0,0.0
2026-04-19 18:45:13,29.8,57.7,15.0,53.9,0.0,0.0,0.0
2026-04-19 18:45:18,29.7,57.7,16.3,53.9,0.0,0.0,0.0
2026-04-19 18:45:23,29.7,57.6,28.3,53.9,0.0,0.0,0.0
2026-04-19 18:45:28,29.8,57.7,21.2,53.9,0.0,0.0,0.0
2026-04-19 18:45:33,29.7,57.7,29.7,53.9,0.0,0.0,0.0
2026-04-19 18:45:38,29.8,57.7,29.8,53.9,0.0,0.0,0.0
2026-04-19 18:45:43,29.6,57.7,31.4,53.9,0.0,0.0,0.0
2026-04-19 18:45:48,29.8,57.7,8.1,53.9,0.0,0.0,0.0
2026-04-19 18:45:53,29.8,57.7,14.5,53.8,0.0,0.0,0.0
2026-04-19 18:45:58,29.6,57.6,22.3,53.8,0.0,0.0,0.0
2026-04-19 18:46:03,29.8,57.8,17.5,53.8,0.0,0.0,0.0
2026-04-19 18:46:08,29.7,57.7,18.6,53.8,0.0,0.0,0.0
2026-04-19 18:46:13,29.7,57.7,22.1,53.8,0.0,0.0,0.0
2026-04-19 18:46:18,29.6,57.6,18.6,53.8,0.0,0.0,0.0
2026-04-19 18:46:23,29.8,57.8,19.4,53.8,0.0,0.0,0.0
2026-04-19 18:46:28,29.7,57.8,1.8,53.8,0.0,0.0,0.0
2026-04-19 18:46:33,29.6,57.8,16.5,53.9,0.0,0.0,0.0
2026-04-19 18:46:38,29.7,57.9,13.1,53.9,0.0,0.0,0.0
2026-04-19 18:46:43,29.7,58.0,11.4,53.9,0.0,0.0,0.0
2026-04-19 18:46:48,29.7,57.9,21.8,53.9,0.0,0.0,0.0
2026-04-19 18:46:53,29.8,57.9,18.5,53.9,0.0,0.0,0.0
2026-04-19 18:46:58,29.7,58.0,6.0,53.9,0.0,0.0,0.0
2026-04-19 18:47:03,29.7,58.2,15.4,53.9,0.0,0.0,0.0
2026-04-19 18:47:08,29.7,58.2,0.1,53.9,0.0,0.0,0.0
2026-04-19 18:47:13,29.6,58.1,6.0,53.9,0.0,0.0,0.0
2026-04-19 18:47:18,29.7,58.2,0.0,53.8,0.0,0.0,0.0
2026-04-19 18:47:23,29.6,58.1,27.1,53.8,0.0,0.0,0.0
2026-04-19 18:47:28,29.6,58.1,2.8,53.8,0.0,0.0,0.0
2026-04-19 18:47:33,29.7,58.2,2.9,53.9,0.0,0.0,0.0
2026-04-19 18:47:38,29.7,58.2,26.8,53.9,0.0,0.0,0.0
2026-04-19 18:47:43,29.8,58.2,18.6,53.9,0.0,0.0,0.0
2026-04-19 18:47:48,29.7,58.3,32.1,53.9,0.0,0.0,0.0
2026-04-19 18:47:53,29.6,58.2,25.6,53.8,0.0,0.0,0.0
2026-04-19 18:47:58,29.7,58.3,10.0,53.8,0.0,0.0,0.0
2026-04-19 18:48:03,29.8,58.4,16.5,53.8,0.0,0.0,0.0
2026-04-19 18:48:08,29.7,58.3,0.0,53.8,0.0,0.0,0.0
2026-04-19 18:48:13,29.7,58.3,9.4,53.8,0.0,0.0,0.0
2026-04-19 18:48:18,29.6,58.3,5.9,53.8,0.0,0.0,0.0
2026-04-19 18:48:23,29.7,58.4,0.4,53.8,0.0,0.0,0.0
2026-04-19 18:48:28,29.8,58.2,31.6,53.8,0.0,0.0,0.0
2026-04-19 18:48:33,29.6,58.3,0.0,53.8,0.0,0.0,0.0
2026-04-19 18:48:38,29.6,58.3,16.8,53.8,0.0,0.0,0.0
2026-04-19 18:48:43,29.6,58.3,6.4,53.9,0.0,0.0,0.0
2026-04-19 18:48:48,29.6,58.4,27.0,53.9,0.0,0.0,0.0
2026-04-19 18:48:53,29.9,58.4,9.1,53.9,0.0,0.0,0.0
2026-04-19 18:48:58,29.7,58.4,13.4,53.9,0.0,0.0,0.0
2026-04-19 18:49:03,29.6,58.4,10.4,53.9,0.0,0.0,0.0
2026-04-19 18:49:08,29.8,58.4,21.2,53.9,0.0,0.0,0.0
2026-04-19 18:49:13,29.8,58.4,22.3,53.9,0.0,0.0,0.0
2026-04-19 18:49:18,29.9,58.4,24.0,53.9,0.0,0.0,0.0
2026-04-19 18:49:23,29.8,58.3,1.4,53.9,0.0,0.0,0.0
2026-04-19 18:49:28,29.7,58.4,9.7,53.9,0.0,0.0,0.0
2026-04-19 18:49:33,29.6,58.2,17.2,53.9,0.0,0.0,0.0
2026-04-19 18:49:38,29.8,58.3,15.6,53.9,0.0,0.0,0.0
2026-04-19 18:49:43,29.9,58.3,0.0,53.9,0.0,0.0,0.0
2026-04-19 18:49:48,29.8,58.3,29.5,53.8,0.0,0.0,0.0
2026-04-19 18:49:53,29.7,58.4,1.3,53.8,0.0,0.0,0.0
2026-04-19 18:49:58,29.8,58.3,4.6,53.7,0.0,0.0,0.0
2026-04-19 18:50:03,29.7,58.3,3.8,53.7,0.0,0.0,0.0
2026-04-19 18:50:08,29.9,58.2,25.8,53.7,0.0,0.0,0.0
2026-04-19 18:50:13,29.6,58.1,4.3,53.8,0.0,0.0,0.0
2026-04-19 18:50:18,29.7,58.1,24.3,53.8,0.0,0.0,0.0
2026-04-19 18:50:23,29.8,58.1,12.4,53.8,0.0,0.0,0.0
2026-04-19 18:50:28,29.6,58.2,24.0,53.7,0.0,0.0,0.0
2026-04-19 18:50:33,29.7,58.3,18.2,53.7,0.0,0.0,0.0
2026-04-19 18:50:38,29.8,58.3,22.6,53.7,0.0,0.0,0.0
2026-04-19 18:50:43,29.9,58.4,7.1,53.7,0.0,0.0,0.0
2026-04-19 18:50:48,29.7,58.4,12.1,53.7,0.0,0.0,0.0
2026-04-19 18:50:53,29.8,58.2,22.3,53.7,0.0,0.0,0.0
2026-04-19 18:50:58,29.8,58.1,9.3,53.7,0.0,0.0,0.0
2026-04-19 18:51:03,29.7,58.0,0.0,53.7,0.0,0.0,0.0
2026-04-19 18:51:08,29.6,58.2,26.1,53.7,0.0,0.0,0.0
2026-04-19 18:51:13,29.8,58.2,27.5,53.7,0.0,0.0,0.0
2026-04-19 18:51:18,29.8,58.2,38.6,53.7,0.0,0.0,0.0
2026-04-19 18:51:23,29.9,58.2,22.5,53.8,0.0,0.0,0.0
2026-04-19 18:51:28,29.7,58.2,12.9,53.8,0.0,0.0,0.0
2026-04-19 18:51:33,29.8,58.1,12.8,53.8,0.0,0.0,0.0
2026-04-19 18:51:38,29.7,58.2,13.6,53.8,0.0,0.0,0.0
2026-04-19 18:51:43,29.8,58.2,9.0,53.8,0.0,0.0,0.0
2026-04-19 18:51:48,29.7,58.3,5.8,53.8,0.0,0.0,0.0
2026-04-19 18:51:53,29.7,58.1,29.0,53.8,0.0,0.0,0.0
2026-04-19 18:51:58,29.6,58.0,6.2,53.8,0.0,0.0,0.0
2026-04-19 18:52:03,29.8,57.9,15.4,53.8,0.0,0.0,0.0
2026-04-19 18:52:08,29.7,57.9,0.0,53.7,0.0,0.0,0.0
2026-04-19 18:52:13,29.8,58.0,17.7,53.7,0.0,0.0,0.0
2026-04-19 18:52:18,29.8,58.0,35.4,53.7,0.0,0.0,0.0
2026-04-19 18:52:23,29.7,58.1,0.8,53.7,0.0,0.0,0.0
2026-04-19 18:52:28,29.8,58.2,14.1,53.7,0.0,0.0,0.0
2026-04-19 18:52:33,29.8,58.2,5.8,53.7,0.0,0.0,0.0
2026-04-19 18:52:38,29.8,58.2,20.8,53.7,0.0,0.0,0.0
2026-04-19 18:52:43,29.7,58.2,14.9,53.8,0.0,0.0,0.0
2026-04-19 18:52:48,29.7,58.2,0.0,53.8,0.0,0.0,0.0
2026-04-19 18:52:53,29.7,58.2,35.8,53.8,0.0,0.0,0.0
2026-04-19 18:52:58,29.7,58.2,12.8,53.8,0.0,0.0,0.0
2026-04-19 18:53:03,29.7,58.2,17.2,53.8,0.0,0.0,0.0
2026-04-19 18:53:08,29.7,58.3,13.4,53.7,0.0,0.0,0.0
2026-04-19 18:53:13,29.7,58.2,22.3,53.7,0.0,0.0,0.0
2026-04-19 18:53:18,29.8,58.1,18.0,53.7,0.0,0.0,0.0
2026-04-19 18:53:23,29.7,58.2,16.3,53.7,0.0,0.0,0.0
2026-04-19 18:53:28,29.7,58.2,21.6,53.7,0.0,0.0,0.0
2026-04-19 18:53:33,29.7,58.1,6.6,53.7,0.0,0.0,0.0
2026-04-19 18:53:38,29.6,58.2,28.5,53.7,0.0,0.0,0.0
2026-04-19 18:53:43,29.7,58.3,13.7,53.7,0.0,0.0,0.0
2026-04-19 18:53:48,29.8,58.2,1.3,53.7,0.0,0.0,0.0
2026-04-19 18:53:53,29.8,58.2,21.4,53.7,0.0,0.0,0.0
2026-04-19 18:53:58,29.6,58.2,18.9,53.7,0.0,0.0,0.0
2026-04-19 18:54:03,29.8,58.2,5.6,53.7,0.0,0.0,0.0
2026-04-19 18:54:08,29.8,58.3,16.4,53.7,0.0,0.0,0.0
2026-04-19 18:54:13,29.7,58.3,1.8,53.7,0.0,0.0,0.0
2026-04-19 18:54:18,29.7,58.3,10.5,53.7,0.0,0.0,0.0
2026-04-19 18:54:23,29.8,58.2,13.4,53.7,0.0,0.0,0.0
2026-04-19 18:54:28,29.7,58.3,22.3,53.7,0.0,0.0,0.0
2026-04-19 18:54:33,29.8,58.2,5.0,53.7,0.0,0.0,0.0
2026-04-19 18:54:38,29.6,58.1,22.8,53.7,0.0,0.0,0.0
2026-04-19 18:54:43,29.7,58.1,0.5,53.8,0.0,0.0,0.0
2026-04-19 18:54:48,29.8,58.2,15.7,53.8,0.0,0.0,0.0
2026-04-19 18:54:53,29.8,58.3,0.0,53.8,0.0,0.0,0.0
2026-04-19 18:54:58,29.8,58.4,15.9,53.8,0.0,0.0,0.0
2026-04-19 18:55:03,29.7,58.3,9.0,53.8,0.0,0.0,0.0
2026-04-19 18:55:08,29.7,58.3,8.2,53.8,0.0,0.0,0.0
2026-04-19 18:55:13,29.6,58.4,22.8,53.7,0.0,0.0,0.0
2026-04-19 18:55:18,29.5,58.4,19.4,53.7,0.0,0.0,0.0
2026-04-19 18:55:23,29.9,58.4,0.8,53.7,0.0,0.0,0.0
2026-04-19 18:55:28,29.7,58.4,6.8,53.7,0.0,0.0,0.0
2026-04-19 18:55:33,29.6,58.4,18.2,53.7,0.0,0.0,0.0
2026-04-19 18:55:38,29.8,58.4,3.9,53.7,0.0,0.0,0.0
2026-04-19 18:55:43,29.8,58.4,17.5,53.7,0.0,0.0,0.0
2026-04-19 18:55:48,29.8,58.3,19.0,53.7,0.0,0.0,0.0
2026-04-19 18:55:53,29.8,58.4,6.3,53.7,0.0,0.0,0.0
2026-04-19 18:55:58,29.6,58.5,22.6,53.7,0.0,0.0,0.0
2026-04-19 18:56:03,29.8,58.5,23.2,53.7,0.0,0.0,0.0
2026-04-19 18:56:08,29.7,58.5,0.0,53.7,0.0,0.0,0.0
2026-04-19 18:56:13,29.7,58.4,16.2,53.7,0.0,0.0,0.0
2026-04-19 18:56:18,29.9,58.3,15.1,53.7,0.0,0.0,0.0
2026-04-19 18:56:23,29.7,58.4,18.4,53.8,0.0,0.0,0.0
2026-04-19 18:56:28,29.6,58.2,15.2,53.8,0.0,0.0,0.0
2026-04-19 18:56:33,29.8,58.2,16.1,53.8,0.0,0.0,0.0
2026-04-19 18:56:38,29.7,58.1,2.0,53.9,0.0,0.0,0.0
2026-04-19 18:56:43,29.7,58.1,6.4,53.9,0.0,0.0,0.0
2026-04-19 18:56:48,29.7,58.0,21.6,53.9,0.0,0.0,0.0
2026-04-19 18:56:53,29.7,58.0,22.4,53.9,0.0,0.0,0.0
2026-04-19 18:56:58,29.8,58.0,6.4,53.9,0.0,0.0,0.0
2026-04-19 18:57:03,29.6,58.1,12.5,53.9,0.0,0.0,0.0
2026-04-19 18:57:08,29.7,58.0,24.8,53.9,0.0,0.0,0.0
2026-04-19 18:57:13,29.8,58.1,14.3,53.9,0.0,0.0,0.0
2026-04-19 18:57:18,29.8,58.2,16.8,53.9,0.0,0.0,0.0
2026-04-19 18:57:23,29.6,58.2,0.0,53.9,0.0,0.0,0.0
2026-04-19 18:57:28,29.8,58.2,19.0,53.9,0.0,0.0,0.0
2026-04-19 18:57:33,29.5,58.3,18.4,53.9,0.0,0.0,0.0
2026-04-19 18:57:38,29.7,58.2,7.3,53.9,0.0,0.0,0.0
2026-04-19 18:57:43,29.7,58.2,23.7,53.9,0.0,0.0,0.0
2026-04-19 18:57:48,29.7,58.2,17.1,53.9,0.0,0.0,0.0
2026-04-19 18:57:53,29.8,58.2,13.2,53.8,0.0,0.0,0.0
2026-04-19 18:57:58,29.8,58.4,9.8,53.8,0.0,0.0,0.0
2026-04-19 18:58:03,29.7,58.5,4.7,53.8,0.0,0.0,0.0
2026-04-19 18:58:08,29.6,58.4,29.1,53.8,0.0,0.0,0.0
2026-04-19 18:58:13,29.7,58.5,12.3,53.8,0.0,0.0,0.0
2026-04-19 18:58:18,29.7,58.3,28.2,53.8,0.0,0.0,0.0
2026-04-19 18:58:23,29.6,58.4,0.0,53.8,0.0,0.0,0.0
2026-04-19 18:58:28,29.7,58.2,7.3,53.8,0.0,0.0,0.0
2026-04-19 18:58:33,29.7,58.4,25.6,53.8,0.0,0.0,0.0
2026-04-19 18:58:38,29.8,58.4,18.1,53.8,0.0,0.0,0.0
2026-04-19 18:58:43,29.8,58.4,26.8,53.9,0.0,0.0,0.0
2026-04-19 18:58:48,29.7,58.4,20.2,53.9,0.0,0.0,0.0
2026-04-19 18:58:53,29.7,58.4,7.5,53.8,0.0,0.0,0.0
2026-04-19 18:58:58,29.8,58.3,11.7,53.8,0.0,0.0,0.0
2026-04-19 18:59:03,29.8,58.3,19.0,53.8,0.0,0.0,0.0
2026-04-19 18:59:08,29.8,58.3,16.0,53.8,0.0,0.0,0.0
2026-04-19 18:59:13,29.7,58.3,15.1,53.8,0.0,0.0,0.0
2026-04-19 18:59:18,29.7,58.4,21.5,53.8,0.0,0.0,0.0
2026-04-19 18:59:23,29.8,58.3,0.9,53.8,0.0,0.0,0.0
2026-04-19 18:59:28,29.7,58.1,32.1,53.8,0.0,0.0,0.0
2026-04-19 18:59:33,29.7,58.0,15.4,53.8,0.0,0.0,0.0
2026-04-19 18:59:38,29.7,57.8,0.6,53.8,0.0,0.0,0.0
2026-04-19 18:59:43,29.7,57.8,14.0,53.8,0.0,0.0,0.0
2026-04-19 18:59:48,29.8,57.8,16.0,53.8,0.0,0.0,0.0
2026-04-19 18:59:53,29.8,57.6,15.1,53.8,0.0,0.0,0.0
2026-04-19 18:59:58,29.7,57.6,25.5,53.8,0.0,0.0,0.0
2026-04-19 19:00:03,29.8,57.7,19.5,53.8,0.0,0.0,0.0
2026-04-19 19:00:08,29.6,57.7,23.7,53.8,0.0,0.0,0.0
2026-04-19 19:00:13,29.7,57.9,35.4,53.8,0.0,0.0,0.0
2026-04-19 19:00:18,29.7,57.9,39.6,53.8,0.0,0.0,0.0
2026-04-19 19:00:23,29.6,58.1,29.3,53.8,0.0,0.0,0.0
2026-04-19 19:00:28,29.7,57.9,25.2,53.9,0.0,0.0,0.0
2026-04-19 19:00:33,29.8,58.0,0.0,53.9,0.0,0.0,0.0
2026-04-19 19:00:38,29.8,58.2,17.9,53.8,0.0,0.0,0.0
2026-04-19 19:00:43,29.7,58.3,24.8,53.8,0.0,0.0,0.0
2026-04-19 19:00:48,29.7,58.2,9.1,53.8,0.0,0.0,0.0
2026-04-19 19:00:53,29.7,58.2,26.4,53.9,0.0,0.0,0.0
2026-04-19 19:00:58,29.7,58.2,16.0,53.9,0.0,0.0,0.0
2026-04-19 19:01:03,29.7,58.2,16.8,53.8,0.0,0.0,0.0
2026-04-19 19:01:08,29.9,58.1,11.4,53.8,0.0,0.0,0.0
2026-04-19 19:01:13,29.6,58.1,11.6,53.8,0.0,0.0,0.0
2026-04-19 19:01:18,29.7,58.2,11.4,53.8,0.0,0.0,0.0
2026-04-19 19:01:23,29.8,58.2,12.5,53.8,0.0,0.0,0.0
2026-04-19 19:01:28,29.8,58.2,2.9,53.8,0.0,0.0,0.0
2026-04-19 19:01:33,29.9,58.2,25.1,53.8,0.0,0.0,0.0
2026-04-19 19:01:38,29.8,58.2,0.8,53.8,0.0,0.0,0.0
2026-04-19 19:01:43,29.9,58.2,21.6,53.8,0.0,0.0,0.0
2026-04-19 19:01:48,29.7,58.1,26.9,53.8,0.0,0.0,0.0
2026-04-19 19:01:53,29.8,58.2,0.0,53.8,0.0,0.0,0.0
2026-04-19 19:01:58,29.9,58.1,1.2,53.8,0.0,0.0,0.0
2026-04-19 19:02:03,29.8,58.2,29.8,53.8,0.0,0.0,0.0
2026-04-19 19:02:08,29.9,58.1,20.2,53.8,0.0,0.0,0.0
2026-04-19 19:02:13,29.9,58.0,20.4,53.8,0.0,0.0,0.0
2026-04-19 19:02:18,29.7,58.1,6.0,53.8,0.0,0.0,0.0
2026-04-19 19:02:23,29.8,58.0,7.6,53.8,0.0,0.0,0.0
2026-04-19 19:02:28,29.8,57.9,17.8,53.8,0.0,0.0,0.0
2026-04-19 19:02:33,29.8,57.9,11.0,53.8,0.0,0.0,0.0
2026-04-19 19:02:38,29.8,57.9,0.0,53.8,0.0,0.0,0.0
2026-04-19 19:02:43,29.9,58.0,12.6,53.8,0.0,0.0,0.0
2026-04-19 19:02:48,29.8,57.9,8.4,53.8,0.0,0.0,0.0
2026-04-19 19:02:53,29.5,58.0,26.8,53.8,0.0,0.0,0.0
2026-04-19 19:02:58,29.7,58.0,31.7,53.8,0.0,0.0,0.0
2026-04-19 19:03:03,29.7,58.0,1.9,53.8,0.0,0.0,0.0
2026-04-19 19:03:08,29.7,58.1,18.3,53.8,0.0,0.0,0.0
2026-04-19 19:03:13,29.8,58.0,20.6,53.8,0.0,0.0,0.0
2026-04-19 19:03:18,29.8,58.1,16.1,53.8,0.0,0.0,0.0
2026-04-19 19:03:23,29.7,58.1,12.5,53.8,0.0,0.0,0.0
2026-04-19 19:03:28,29.7,58.1,0.0,53.8,0.0,0.0,0.0
2026-04-19 19:03:33,29.9,58.1,17.0,53.8,0.0,0.0,0.0
2026-04-19 19:03:38,29.8,58.1,12.1,53.8,0.0,0.0,0.0
2026-04-19 19:03:43,29.8,58.0,0.0,53.8,0.0,0.0,0.0
2026-04-19 19:03:48,29.7,58.0,21.2,53.9,0.0,0.0,0.0
2026-04-19 19:03:53,29.7,58.1,14.6,53.9,0.0,0.0,0.0
2026-04-19 19:03:58,29.7,58.1,25.8,53.9,0.0,0.0,0.0
2026-04-19 19:04:03,29.8,58.2,31.0,53.9,0.0,0.0,0.0
2026-04-19 19:04:08,29.7,58.3,10.6,53.9,0.0,0.0,0.0
2026-04-19 19:04:13,29.7,58.4,13.4,53.9,0.0,0.0,0.0
2026-04-19 19:04:18,29.7,58.2,21.5,53.9,0.0,0.0,0.0
2026-04-19 19:04:23,29.7,58.3,20.7,53.9,0.0,0.0,0.0
2026-04-19 19:04:28,29.8,58.3,0.0,53.9,0.0,0.0,0.0
2026-04-19 19:04:33,29.7,58.3,28.5,53.9,0.0,0.0,0.0
2026-04-19 19:04:38,29.6,58.3,23.3,53.9,0.0,0.0,0.0
2026-04-19 19:04:43,29.8,58.2,29.0,53.9,0.0,0.0,0.0
2026-04-19 19:04:48,29.7,58.1,6.8,53.9,0.0,0.0,0.0
2026-04-19 19:04:53,29.8,58.2,22.3,53.9,0.0,0.0,0.0
2026-04-19 19:04:58,29.6,58.3,18.1,53.9,0.0,0.0,0.0
2026-04-19 19:05:03,29.6,58.1,24.0,53.9,0.0,0.0,0.0
2026-04-19 19:05:08,29.6,58.1,19.6,53.9,0.0,0.0,0.0
2026-04-19 19:05:13,29.6,58.0,8.3,53.9,0.0,0.0,0.0
2026-04-19 19:05:18,29.7,58.0,1.0,53.9,0.0,0.0,0.0
2026-04-19 19:05:23,29.8,57.9,21.2,53.9,0.0,0.0,0.0
2026-04-19 19:05:28,29.6,58.0,41.0,53.9,0.0,0.0,0.0
2026-04-19 19:05:33,29.6,58.0,4.8,53.9,0.0,0.0,0.0
2026-04-19 19:05:38,29.8,58.1,11.4,53.9,0.0,0.0,0.0
2026-04-19 19:05:43,29.5,58.1,20.7,53.9,0.0,0.0,0.0
2026-04-19 19:05:48,29.7,58.2,14.8,53.9,0.0,0.0,0.0
2026-04-19 19:05:53,29.7,58.2,0.9,53.9,0.0,0.0,0.0
2026-04-19 19:05:58,29.7,58.2,19.5,53.9,0.0,0.0,0.0
2026-04-19 19:06:03,29.8,58.2,4.1,53.9,0.0,0.0,0.0
2026-04-19 19:06:08,29.7,58.0,14.3,53.9,0.0,0.0,0.0
2026-04-19 19:06:13,29.7,57.9,27.7,53.9,0.0,0.0,0.0
2026-04-19 19:06:18,29.8,57.9,36.4,53.9,0.0,0.0,0.0
2026-04-19 19:06:23,29.7,57.9,9.8,53.9,0.0,0.0,0.0
2026-04-19 19:06:28,29.7,58.1,23.5,53.9,0.0,0.0,0.0
2026-04-19 19:06:33,29.8,58.0,31.3,53.9,0.0,0.0,0.0
2026-04-19 19:06:38,29.7,57.9,0.0,53.9,0.0,0.0,0.0
2026-04-19 19:06:43,29.8,57.8,8.6,53.9,0.0,0.0,0.0
2026-04-19 19:06:48,29.7,57.7,20.9,53.9,0.0,0.0,0.0
2026-04-19 19:06:53,29.8,57.6,33.9,53.9,0.0,0.0,0.0
2026-04-19 19:06:58,29.8,57.6,27.5,53.9,0.0,0.0,0.0
2026-04-19 19:07:03,29.8,57.6,25.3,53.9,0.0,0.0,0.0
2026-04-19 19:07:08,29.8,57.6,14.5,53.9,0.0,0.0,0.0
2026-04-19 19:07:13,29.7,57.6,6.8,53.9,0.0,0.0,0.0
2026-04-19 19:07:18,29.8,57.5,7.2,53.9,0.0,0.0,0.0
2026-04-19 19:07:23,29.7,57.4,15.9,53.9,0.0,0.0,0.0
2026-04-19 19:07:28,29.6,57.5,12.2,53.9,0.0,0.0,0.0
2026-04-19 19:07:33,29.9,57.6,14.0,53.9,0.0,0.0,0.0
2026-04-19 19:07:38,29.7,57.5,5.4,53.9,0.0,0.0,0.0
2026-04-19 19:07:43,29.9,57.7,26.3,53.9,0.0,0.0,0.0
2026-04-19 19:07:48,29.8,57.6,14.5,53.9,0.0,0.0,0.0
2026-04-19 19:07:53,29.7,57.6,9.4,53.9,0.0,0.0,0.0
2026-04-19 19:07:58,29.7,57.5,18.8,53.9,0.0,0.0,0.0
2026-04-19 19:08:03,29.8,57.4,15.5,53.9,0.0,0.0,0.0
2026-04-19 19:08:08,29.8,57.4,14.1,53.9,0.0,0.0,0.0
2026-04-19 19:08:13,29.6,57.3,20.7,53.9,0.0,0.0,0.0
2026-04-19 19:08:18,29.7,57.4,11.9,53.9,0.0,0.0,0.0
2026-04-19 19:08:23,29.8,57.4,15.9,53.9,0.0,0.0,0.0
2026-04-19 19:08:28,29.8,57.4,0.0,53.9,0.0,0.0,0.0
2026-04-19 19:08:33,29.8,57.3,14.1,53.9,0.0,0.0,0.0
2026-04-19 19:08:38,29.8,57.4,23.0,53.9,0.0,0.0,0.0
2026-04-19 19:08:43,29.8,57.4,20.0,53.9,0.0,0.0,0.0
2026-04-19 19:08:48,29.9,57.3,1.1,53.9,0.0,0.0,0.0
2026-04-19 19:08:53,29.8,57.2,21.7,53.9,0.0,0.0,0.0
2026-04-19 19:08:58,29.8,57.3,15.0,53.9,0.0,0.0,0.0
2026-04-19 19:09:03,29.8,57.3,8.4,53.9,0.0,0.0,0.0
2026-04-19 19:09:08,29.7,57.4,0.0,53.9,0.0,0.0,0.0
2026-04-19 19:09:13,29.9,57.5,18.2,53.9,0.0,0.0,0.0
2026-04-19 19:09:18,29.7,57.6,0.0,53.9,0.0,0.0,0.0
2026-04-19 19:09:23,29.9,57.6,6.9,53.9,0.0,0.0,0.0
2026-04-19 19:09:28,29.8,57.4,26.3,53.9,0.0,0.0,0.0
2026-04-19 19:09:33,29.8,57.4,34.3,53.9,0.0,0.0,0.0
2026-04-19 19:09:38,29.9,57.5,15.4,53.9,0.0,0.0,0.0
2026-04-19 19:09:43,29.7,57.5,18.9,53.9,0.0,0.0,0.0
2026-04-19 19:09:48,29.8,57.5,19.1,53.9,0.0,0.0,0.0
2026-04-19 19:09:53,29.6,57.5,16.0,53.9,0.0,0.0,0.0
2026-04-19 19:09:58,29.8,57.6,18.9,53.9,0.0,0.0,0.0
2026-04-19 19:10:03,29.8,57.5,0.6,53.9,0.0,0.0,0.0
2026-04-19 19:10:08,29.9,57.7,23.1,53.9,0.0,0.0,0.0
2026-04-19 19:10:13,29.8,57.6,22.4,53.9,0.0,0.0,0.0
2026-04-19 19:10:18,29.8,57.5,37.5,53.9,0.0,0.0,0.0
2026-04-19 19:10:23,29.9,57.5,0.0,53.8,0.0,0.0,0.0
2026-04-19 19:10:28,29.7,57.4,24.6,53.8,0.0,0.0,0.0
2026-04-19 19:10:33,29.8,57.5,15.8,53.8,0.0,0.0,0.0
2026-04-19 19:10:38,29.7,57.6,0.0,53.8,0.0,0.0,0.0
2026-04-19 19:10:43,29.7,57.7,29.8,53.8,0.0,0.0,0.0
2026-04-19 19:10:48,29.7,57.7,8.9,53.8,0.0,0.0,0.0
2026-04-19 19:10:53,29.9,57.7,17.0,53.8,0.0,0.0,0.0
2026-04-19 19:10:58,29.8,57.7,14.7,53.8,0.0,0.0,0.0
2026-04-19 19:11:03,29.7,57.6,6.8,53.8,0.0,0.0,0.0
2026-04-19 19:11:08,29.8,57.6,0.0,53.8,0.0,0.0,0.0
2026-04-19 19:11:13,29.8,57.6,7.0,53.8,0.0,0.0,0.0
2026-04-19 19:11:18,29.7,57.7,34.7,53.8,0.0,0.0,0.0
2026-04-19 19:11:23,29.7,57.6,10.8,53.8,0.0,0.0,0.0
2026-04-19 19:11:28,29.9,57.6,14.5,53.8,0.0,0.0,0.0
2026-04-19 19:11:33,29.8,57.7,2.9,53.8,0.0,0.0,0.0
2026-04-19 19:11:38,29.7,57.6,4.1,53.8,0.0,0.0,0.0
2026-04-19 19:11:43,29.8,57.5,11.2,53.8,0.0,0.0,0.0
2026-04-19 19:11:48,29.6,57.6,19.0,53.8,0.0,0.0,0.0
2026-04-19 19:11:53,29.7,57.7,16.7,53.8,0.0,0.0,0.0
2026-04-19 19:11:58,29.8,57.6,4.8,53.8,0.0,0.0,0.0
2026-04-19 19:12:03,29.8,57.6,35.0,53.8,0.0,0.0,0.0
2026-04-19 19:12:08,29.8,57.5,27.1,53.8,0.0,0.0,0.0
2026-04-19 19:12:13,29.8,57.5,17.3,53.8,0.0,0.0,0.0
2026-04-19 19:12:18,29.7,57.6,0.7,53.8,0.0,0.0,0.0
2026-04-19 19:12:23,29.8,57.7,32.1,53.8,0.0,0.0,0.0
2026-04-19 19:12:28,29.7,57.6,9.2,53.8,0.0,0.0,0.0
2026-04-19 19:12:33,29.8,57.7,28.6,53.8,0.0,0.0,0.0
2026-04-19 19:12:38,29.7,57.7,20.5,53.8,0.0,0.0,0.0
2026-04-19 19:12:43,29.8,57.8,31.3,53.8,0.0,0.0,0.0
2026-04-19 19:12:48,29.7,57.9,2.2,53.8,0.0,0.0,0.0
2026-04-19 19:12:53,29.7,58.0,20.8,53.8,0.0,0.0,0.0
2026-04-19 19:12:58,29.6,57.8,19.4,53.8,0.0,0.0,0.0
2026-04-19 19:13:03,29.6,57.7,39.0,53.8,0.0,0.0,0.0
2026-04-19 19:13:08,29.7,57.7,17.6,53.8,0.0,0.0,0.0
2026-04-19 19:13:13,29.7,57.8,17.5,53.8,0.0,0.0,0.0
2026-04-19 19:13:18,29.9,57.7,21.2,53.8,0.0,0.0,0.0
2026-04-19 19:13:23,29.7,57.8,25.7,53.8,0.0,0.0,0.0
2026-04-19 19:13:28,29.8,57.8,18.1,53.8,0.0,0.0,0.0
2026-04-19 19:13:33,29.7,57.7,23.0,53.8,0.0,0.0,0.0
2026-04-19 19:13:38,29.8,57.7,6.9,53.8,0.0,0.0,0.0
2026-04-19 19:13:43,29.7,57.7,27.4,53.8,0.0,0.0,0.0
2026-04-19 19:13:48,29.9,57.7,11.1,53.8,0.0,0.0,0.0
2026-04-19 19:13:53,29.7,57.7,24.2,53.7,0.0,0.0,0.0
2026-04-19 19:13:58,29.8,57.8,20.6,53.7,0.0,0.0,0.0
2026-04-19 19:14:03,29.7,57.7,8.2,53.8,0.0,0.0,0.0
2026-04-19 19:14:08,29.6,57.8,0.0,53.8,0.0,0.0,0.0
2026-04-19 19:14:13,29.8,57.9,6.6,53.8,0.0,0.0,0.0
2026-04-19 19:14:18,29.7,57.9,16.2,53.7,0.0,0.0,0.0
2026-04-19 19:14:23,29.6,57.8,29.5,53.7,0.0,0.0,0.0
2026-04-19 19:14:28,29.8,57.8,14.7,53.7,0.0,0.0,0.0
2026-04-19 19:14:33,29.6,57.9,25.6,53.7,0.0,0.0,0.0
2026-04-19 19:14:38,29.7,57.9,39.7,53.8,0.0,0.0,0.0
2026-04-19 19:14:43,29.7,57.9,6.5,53.8,0.0,0.0,0.0
2026-04-19 19:14:48,29.8,57.9,0.0,53.8,0.0,0.0,0.0
2026-04-19 19:14:53,29.7,57.9,4.6,53.7,0.0,0.0,0.0
2026-04-19 19:14:58,29.6,58.0,12.7,53.7,0.0,0.0,0.0
2026-04-19 19:15:03,29.5,58.1,7.7,53.7,0.0,0.0,0.0
2026-04-19 19:15:08,29.7,58.2,9.0,53.7,0.0,0.0,0.0
2026-04-19 19:15:13,29.9,58.1,16.7,53.7,0.0,0.0,0.0
2026-04-19 19:15:18,29.8,58.1,0.9,53.8,0.0,0.0,0.0
2026-04-19 19:15:23,29.7,58.1,18.8,53.8,0.0,0.0,0.0
2026-04-19 19:15:28,29.9,58.0,6.5,53.8,0.0,0.0,0.0
2026-04-19 19:15:33,29.7,58.0,12.7,53.8,0.0,0.0,0.0
2026-04-19 19:15:38,29.7,58.0,2.1,53.8,0.0,0.0,0.0
2026-04-19 19:15:43,29.7,58.0,0.0,53.8,0.0,0.0,0.0
2026-04-19 19:15:48,30.0,57.9,24.5,53.8,0.0,0.0,0.0
2026-04-19 19:15:53,29.7,57.9,18.9,53.8,0.0,0.0,0.0
2026-04-19 19:15:58,29.8,57.9,16.7,53.8,0.0,0.0,0.0
2026-04-19 19:16:03,29.7,57.9,7.7,53.8,0.0,0.0,0.0
2026-04-19 19:16:08,29.7,58.0,29.4,53.8,0.0,0.0,0.0
2026-04-19 19:16:13,29.7,58.0,11.2,53.8,0.0,0.0,0.0
2026-04-19 19:16:18,29.8,58.1,23.7,53.8,0.0,0.0,0.0
2026-04-19 19:16:23,29.8,57.9,15.9,53.8,0.0,0.0,0.0
2026-04-19 19:16:28,29.8,58.0,13.9,53.8,0.0,0.0,0.0
2026-04-19 19:16:33,29.7,58.0,4.2,53.8,0.0,0.0,0.0
2026-04-19 19:16:38,29.8,57.9,19.1,53.8,0.0,0.0,0.0
2026-04-19 19:16:43,29.8,58.0,0.7,53.8,0.0,0.0,0.0
2026-04-19 19:16:48,29.7,58.0,16.9,53.7,0.0,0.0,0.0
2026-04-19 19:16:53,29.8,57.9,0.0,53.7,0.0,0.0,0.0
2026-04-19 19:16:58,29.8,57.8,19.4,53.8,0.0,0.0,0.0
2026-04-19 19:17:03,29.5,57.7,3.5,53.8,0.0,0.0,0.0
2026-04-19 19:17:08,29.7,57.7,20.6,53.8,0.0,0.0,0.0
2026-04-19 19:17:13,29.7,57.7,22.6,53.8,0.0,0.0,0.0
2026-04-19 19:17:18,29.6,57.8,2.6,53.8,0.0,0.0,0.0
2026-04-19 19:17:23,29.7,57.7,6.1,53.7,0.0,0.0,0.0
2026-04-19 19:17:28,29.7,57.7,1.1,53.7,0.0,0.0,0.0
2026-04-19 19:17:33,29.8,57.8,28.0,53.7,0.0,0.0,0.0
2026-04-19 19:17:38,29.8,57.8,20.6,53.8,0.0,0.0,0.0
2026-04-19 19:17:43,29.8,57.8,38.0,53.8,0.0,0.0,0.0
2026-04-19 19:17:48,29.9,57.9,10.9,53.8,0.0,0.0,0.0
2026-04-19 19:17:53,29.6,57.8,15.5,53.7,0.0,0.0,0.0
2026-04-19 19:17:58,29.8,57.9,17.1,53.7,0.0,0.0,0.0
2026-04-19 19:18:03,29.8,58.0,11.5,53.7,0.0,0.0,0.0
2026-04-19 19:18:08,29.9,58.0,22.6,53.7,0.0,0.0,0.0
2026-04-19 19:18:13,29.7,57.8,14.1,53.8,0.0,0.0,0.0
2026-04-19 19:18:18,29.7,57.7,9.8,53.8,0.0,0.0,0.0
2026-04-19 19:18:23,29.8,57.5,5.3,53.8,0.0,0.0,0.0
2026-04-19 19:18:28,29.8,57.6,0.0,53.8,0.0,0.0,0.0
2026-04-19 19:18:33,29.6,57.7,28.7,53.8,0.0,0.0,0.0
2026-04-19 19:18:38,29.7,57.8,31.2,53.8,0.0,0.0,0.0
2026-04-19 19:18:43,29.7,57.9,10.2,53.8,0.0,0.0,0.0
2026-04-19 19:18:48,29.8,57.9,3.0,53.8,0.0,0.0,0.0
2026-04-19 19:18:53,29.7,58.1,18.0,53.8,0.0,0.0,0.0
2026-04-19 19:18:58,29.7,58.0,26.0,53.8,0.0,0.0,0.0
2026-04-19 19:19:03,29.8,57.9,9.2,53.8,0.0,0.0,0.0
2026-04-19 19:19:08,29.8,58.0,21.0,53.8,0.0,0.0,0.0
2026-04-19 19:19:13,29.7,57.9,12.4,53.8,0.0,0.0,0.0
2026-04-19 19:19:18,29.7,57.8,29.5,53.8,0.0,0.0,0.0
2026-04-19 19:19:23,29.8,57.9,31.4,53.8,0.0,0.0,0.0
2026-04-19 19:19:28,29.6,57.8,19.8,53.7,0.0,0.0,0.0
2026-04-19 19:19:33,29.8,57.7,44.3,53.7,0.0,0.0,0.0
2026-04-19 19:19:38,29.6,57.8,5.9,53.7,0.0,0.0,0.0
2026-04-19 19:19:43,29.8,57.8,5.0,53.7,0.0,0.0,0.0
2026-04-19 19:19:48,29.6,57.9,0.0,53.8,0.0,0.0,0.0
2026-04-19 19:19:53,29.7,58.1,19.8,53.8,0.0,0.0,0.0
2026-04-19 19:19:58,29.7,57.9,7.5,53.8,0.0,0.0,0.0
2026-04-19 19:20:03,29.7,57.9,9.7,53.8,0.0,0.0,0.0
2026-04-19 19:20:08,29.6,58.0,18.8,53.8,0.0,0.0,0.0
2026-04-19 19:20:13,29.8,58.1,11.9,53.8,0.0,0.0,0.0
2026-04-19 19:20:18,29.8,58.3,29.9,53.8,0.0,0.0,0.0
2026-04-19 19:20:23,29.8,58.1,28.4,53.8,0.0,0.0,0.0
2026-04-19 19:20:28,29.6,58.2,34.7,53.8,0.0,0.0,0.0
2026-04-19 19:20:33,29.8,58.2,11.1,53.8,0.0,0.0,0.0
2026-04-19 19:20:38,29.8,58.1,6.7,53.9,0.0,0.0,0.0
2026-04-19 19:20:43,29.8,58.2,10.4,53.9,0.0,0.0,0.0
2026-04-19 19:20:48,29.9,58.1,32.0,53.9,0.0,0.0,0.0
2026-04-19 19:20:53,29.6,57.9,25.2,53.9,0.0,0.0,0.0
2026-04-19 19:20:58,29.8,57.8,38.4,53.8,0.0,0.0,0.0
2026-04-19 19:21:03,29.8,57.8,26.0,53.8,0.0,0.0,0.0
2026-04-19 19:21:08,29.7,57.7,16.9,53.8,0.0,0.0,0.0
2026-04-19 19:21:13,29.7,57.7,11.4,53.8,0.0,0.0,0.0
2026-04-19 19:21:18,29.8,57.6,8.3,53.8,0.0,0.0,0.0
2026-04-19 19:21:23,29.8,57.6,5.1,53.8,0.0,0.0,0.0
2026-04-19 19:21:28,29.7,57.5,10.9,53.8,0.0,0.0,0.0
2026-04-19 19:21:33,29.8,57.6,6.3,53.8,0.0,0.0,0.0
2026-04-19 19:21:38,29.7,57.6,1.7,53.8,0.0,0.0,0.0
2026-04-19 19:21:43,29.7,57.7,15.0,53.8,0.0,0.0,0.0
2026-04-19 19:21:48,29.7,57.8,9.5,53.8,0.0,0.0,0.0
2026-04-19 19:21:53,29.9,57.8,15.5,53.8,0.0,0.0,0.0
2026-04-19 19:21:58,29.7,57.8,4.0,53.8,0.0,0.0,0.0
2026-04-19 19:22:03,29.8,57.8,0.0,53.8,0.0,0.0,0.0
2026-04-19 19:22:08,29.8,57.7,4.5,53.8,0.0,0.0,0.0
2026-04-19 19:22:13,29.7,57.9,11.1,53.8,0.0,0.0,0.0
2026-04-19 19:22:18,29.7,57.8,32.3,53.8,0.0,0.0,0.0
2026-04-19 19:22:23,29.7,57.8,12.1,53.8,0.0,0.0,0.0
2026-04-19 19:22:28,29.8,57.9,7.2,53.8,0.0,0.0,0.0
2026-04-19 19:22:33,29.7,58.0,6.6,53.8,0.0,0.0,0.0
2026-04-19 19:22:38,29.6,58.1,12.4,53.8,0.0,0.0,0.0
2026-04-19 19:22:43,29.8,58.1,5.7,53.8,0.0,0.0,0.0
2026-04-19 19:22:48,29.8,58.2,10.1,53.8,0.0,0.0,0.0
2026-04-19 19:22:53,29.7,58.2,22.2,53.8,0.0,0.0,0.0
2026-04-19 19:22:58,29.8,58.2,21.2,53.8,0.0,0.0,0.0
2026-04-19 19:23:03,29.7,58.1,27.4,53.8,0.0,0.0,0.0
2026-04-19 19:23:08,29.8,58.2,0.1,53.8,0.0,0.0,0.0
2026-04-19 19:23:13,29.8,58.2,0.0,53.8,0.0,0.0,0.0
2026-04-19 19:23:18,29.8,58.2,35.9,53.8,0.0,0.0,0.0
2026-04-19 19:23:23,29.7,58.2,21.5,53.8,0.0,0.0,0.0
2026-04-19 19:23:28,29.6,58.1,14.9,53.8,0.0,0.0,0.0
2026-04-19 19:23:33,29.7,58.0,27.3,53.8,0.0,0.0,0.0
2026-04-19 19:23:38,29.6,58.0,20.7,53.8,0.0,0.0,0.0
2026-04-19 19:23:43,29.7,58.1,14.4,53.8,0.0,0.0,0.0
2026-04-19 19:23:48,29.7,58.0,16.6,53.8,0.0,0.0,0.0
2026-04-19 19:23:53,29.9,57.9,17.9,53.8,0.0,0.0,0.0
2026-04-19 19:23:58,29.8,57.9,12.4,53.8,0.0,0.0,0.0
2026-04-19 19:24:03,29.7,57.9,7.0,53.8,0.0,0.0,0.0
2026-04-19 19:24:08,29.6,58.0,22.4,53.8,0.0,0.0,0.0
2026-04-19 19:24:13,29.9,58.0,16.5,53.8,0.0,0.0,0.0
2026-04-19 19:24:18,29.8,57.9,11.9,53.8,0.0,0.0,0.0
2026-04-19 19:24:23,29.7,58.0,14.8,53.8,0.0,0.0,0.0
2026-04-19 19:24:28,29.7,58.1,20.7,53.8,0.0,0.0,0.0
2026-04-19 19:24:33,29.7,58.1,8.6,53.8,0.0,0.0,0.0
2026-04-19 19:24:38,29.7,58.0,23.1,53.8,0.0,0.0,0.0
2026-04-19 19:24:43,30.0,58.0,1.1,53.8,0.0,0.0,0.0
2026-04-19 19:24:48,29.7,58.0,28.1,53.8,0.0,0.0,0.0
2026-04-19 19:24:53,29.7,58.0,27.2,53.8,0.0,0.0,0.0
2026-04-19 19:24:58,29.7,58.0,4.9,53.8,0.0,0.0,0.0
2026-04-19 19:25:03,29.6,58.0,18.1,53.8,0.0,0.0,0.0
2026-04-19 19:25:08,29.7,58.1,0.0,53.9,0.0,0.0,0.0
2026-04-19 19:25:13,29.8,58.2,26.8,53.9,0.0,0.0,0.0
2026-04-19 19:25:18,29.7,58.2,10.0,53.9,0.0,0.0,0.0
2026-04-19 19:25:23,29.8,58.2,3.8,53.8,0.0,0.0,0.0
2026-04-19 19:25:28,29.7,58.3,6.6,53.8,0.0,0.0,0.0
2026-04-19 19:25:33,29.7,58.3,16.1,53.8,0.0,0.0,0.0
2026-04-19 19:25:38,29.7,58.5,21.4,53.8,0.0,0.0,0.0
2026-04-19 19:25:43,29.7,58.6,13.9,53.8,0.0,0.0,0.0
2026-04-19 19:25:48,29.7,58.6,8.7,53.8,0.0,0.0,0.0
2026-04-19 19:25:53,29.8,58.4,30.0,53.8,0.0,0.0,0.0
2026-04-19 19:25:58,29.8,58.3,23.3,53.8,0.0,0.0,0.0
2026-04-19 19:26:03,29.8,58.5,13.2,53.8,0.0,0.0,0.0
2026-04-19 19:26:08,29.7,58.4,11.9,53.8,0.0,0.0,0.0
2026-04-19 19:26:13,29.5,58.6,12.5,53.8,0.0,0.0,0.0
2026-04-19 19:26:18,29.8,58.7,6.6,53.8,0.0,0.0,0.0
2026-04-19 19:26:23,29.8,58.7,41.6,53.7,0.0,0.0,0.0
2026-04-19 19:26:28,29.5,58.8,29.0,53.7,0.0,0.0,0.0
2026-04-19 19:26:33,29.7,58.7,9.6,53.7,0.0,0.0,0.0
2026-04-19 19:26:38,29.6,58.8,9.7,53.7,0.0,0.0,0.0
2026-04-19 19:26:43,29.8,58.7,15.9,53.7,0.0,0.0,0.0
2026-04-19 19:26:48,29.9,58.7,8.2,53.7,0.0,0.0,0.0
2026-04-19 19:26:53,29.5,58.7,14.9,53.7,0.0,0.0,0.0
2026-04-19 19:26:58,29.8,58.6,6.0,53.7,0.0,0.0,0.0
2026-04-19 19:27:03,29.7,58.8,16.3,53.7,0.0,0.0,0.0
2026-04-19 19:27:08,29.8,58.9,4.9,53.7,0.0,0.0,0.0
2026-04-19 19:27:13,29.8,58.7,8.1,53.7,0.0,0.0,0.0
2026-04-19 19:27:18,29.8,58.6,2.0,53.7,0.0,0.0,0.0
2026-04-19 19:27:23,29.7,58.6,10.9,53.7,0.0,0.0,0.0
2026-04-19 19:27:28,29.8,58.6,0.0,53.7,0.0,0.0,0.0
2026-04-19 19:27:33,29.7,58.6,14.9,53.7,0.0,0.0,0.0
2026-04-19 19:27:38,29.8,58.7,14.8,53.7,0.0,0.0,0.0
2026-04-19 19:27:43,29.6,58.7,3.7,53.7,0.0,0.0,0.0
2026-04-19 19:27:48,29.6,58.7,0.0,53.7,0.0,0.0,0.0
2026-04-19 19:27:53,29.7,58.8,24.4,53.7,0.0,0.0,0.0
2026-04-19 19:27:58,29.6,58.8,22.3,53.7,0.0,0.0,0.0
2026-04-19 19:28:03,29.8,58.7,18.1,53.7,0.0,0.0,0.0
2026-04-19 19:28:08,29.8,58.7,24.9,53.7,0.0,0.0,0.0
2026-04-19 19:28:13,29.8,58.7,23.9,53.7,0.0,0.0,0.0
2026-04-19 19:28:18,29.8,58.7,19.5,53.7,0.0,0.0,0.0
2026-04-19 19:28:23,29.8,58.7,8.5,53.7,0.0,0.0,0.0
2026-04-19 19:28:28,29.8,58.7,11.6,53.7,0.0,0.0,0.0
2026-04-19 19:28:33,29.8,58.7,27.7,53.7,0.0,0.0,0.0
2026-04-19 19:28:38,29.7,58.6,27.1,53.7,0.0,0.0,0.0
2026-04-19 19:28:43,29.9,58.6,24.5,53.7,0.0,0.0,0.0
2026-04-19 19:28:48,29.8,58.4,0.7,53.7,0.0,0.0,0.0
2026-04-19 19:28:53,29.6,58.4,12.6,53.7,0.0,0.0,0.0
2026-04-19 19:28:58,29.7,58.4,42.5,53.7,0.0,0.0,0.0
2026-04-19 19:29:03,29.9,58.3,16.1,53.7,0.0,0.0,0.0
2026-04-19 19:29:08,29.7,58.4,19.1,53.7,0.0,0.0,0.0
2026-04-19 19:29:13,29.8,58.3,2.5,53.7,0.0,0.0,0.0
2026-04-19 19:29:18,29.8,58.4,9.7,53.7,0.0,0.0,0.0
2026-04-19 19:29:23,29.9,58.4,15.8,53.7,0.0,0.0,0.0
2026-04-19 19:29:28,29.7,58.4,3.0,53.7,0.0,0.0,0.0
2026-04-19 19:29:33,29.6,58.5,28.1,53.7,0.0,0.0,0.0
2026-04-19 19:29:38,29.8,58.5,2.8,53.7,0.0,0.0,0.0
2026-04-19 19:29:43,29.7,58.6,2.0,53.7,0.0,0.0,0.0
2026-04-19 19:29:48,29.6,58.5,11.2,53.7,0.0,0.0,0.0
2026-04-19 19:29:53,29.7,58.6,11.1,53.7,0.0,0.0,0.0
2026-04-19 19:29:58,29.7,58.5,29.1,53.7,0.0,0.0,0.0
2026-04-19 19:30:03,29.8,58.4,20.4,53.7,0.0,0.0,0.0
2026-04-19 19:30:08,29.7,58.3,18.3,53.7,0.0,0.0,0.0
2026-04-19 19:30:13,29.6,58.2,0.0,53.7,0.0,0.0,0.0
2026-04-19 19:30:18,29.8,58.2,23.7,53.7,0.0,0.0,0.0
2026-04-19 19:30:23,29.7,58.1,17.8,53.7,0.0,0.0,0.0
2026-04-19 19:30:28,29.8,58.1,22.9,53.7,0.0,0.0,0.0
2026-04-19 19:30:33,29.8,58.1,6.3,53.7,0.0,0.0,0.0
2026-04-19 19:30:38,29.6,58.0,13.3,53.7,0.0,0.0,0.0
2026-04-19 19:30:43,29.7,57.9,21.5,53.7,0.0,0.0,0.0
2026-04-19 19:30:48,29.7,57.8,0.7,53.7,0.0,0.0,0.0
2026-04-19 19:30:53,29.6,57.7,8.8,53.7,0.0,0.0,0.0
2026-04-19 19:30:58,29.6,57.7,37.2,53.7,0.0,0.0,0.0
2026-04-19 19:31:03,29.7,57.6,20.4,53.7,0.0,0.0,0.0
2026-04-19 19:31:08,29.7,57.7,16.3,53.7,0.0,0.0,0.0
2026-04-19 19:31:13,29.8,57.7,0.0,53.7,0.0,0.0,0.0
2026-04-19 19:31:18,29.7,57.6,16.6,53.7,0.0,0.0,0.0
2026-04-19 19:31:23,29.7,57.8,26.5,53.7,0.0,0.0,0.0
2026-04-19 19:31:28,29.6,57.8,16.5,53.7,0.0,0.0,0.0
2026-04-19 19:31:33,29.8,57.9,3.3,53.7,0.0,0.0,0.0
2026-04-19 19:31:38,29.8,57.8,13.8,53.7,0.0,0.0,0.0
2026-04-19 19:31:43,29.8,57.7,8.2,53.7,0.0,0.0,0.0
2026-04-19 19:31:48,29.8,57.7,12.5,53.7,0.0,0.0,0.0
2026-04-19 19:31:53,29.8,57.6,22.6,53.7,0.0,0.0,0.0
2026-04-19 19:31:58,29.9,57.7,35.6,53.7,0.0,0.0,0.0
2026-04-19 19:32:03,29.6,57.7,0.0,53.7,0.0,0.0,0.0
2026-04-19 19:32:08,29.6,57.5,15.0,53.7,0.0,0.0,0.0
2026-04-19 19:32:13,29.8,57.5,7.3,53.7,0.0,0.0,0.0
2026-04-19 19:32:18,29.8,57.6,7.3,53.7,0.0,0.0,0.0
2026-04-19 19:32:23,29.7,57.7,12.4,53.7,0.0,0.0,0.0
2026-04-19 19:32:28,29.8,57.7,19.1,53.7,0.0,0.0,0.0
2026-04-19 19:32:33,29.8,57.6,22.0,53.7,0.0,0.0,0.0
2026-04-19 19:32:38,29.8,57.7,5.2,53.7,0.0,0.0,0.0
2026-04-19 19:32:43,29.7,57.6,27.2,53.7,0.0,0.0,0.0
2026-04-19 19:32:48,29.8,57.6,7.9,53.7,0.0,0.0,0.0
2026-04-19 19:32:53,29.7,57.6,32.0,53.7,0.0,0.0,0.0
2026-04-19 19:32:58,29.7,57.8,35.9,53.7,0.0,0.0,0.0
2026-04-19 19:33:03,29.7,57.8,8.2,53.7,0.0,0.0,0.0
2026-04-19 19:33:08,29.8,57.7,30.9,53.7,0.0,0.0,0.0
2026-04-19 19:33:13,29.8,57.5,28.1,53.7,0.0,0.0,0.0
2026-04-19 19:33:18,29.7,57.7,9.7,53.7,0.0,0.0,0.0
2026-04-19 19:33:23,29.7,57.9,28.3,53.7,0.0,0.0,0.0
2026-04-19 19:33:28,29.7,57.9,0.0,53.7,0.0,0.0,0.0
2026-04-19 19:33:33,29.8,57.9,24.7,53.7,0.0,0.0,0.0
2026-04-19 19:33:38,29.8,57.9,21.8,53.7,0.0,0.0,0.0
2026-04-19 19:33:43,29.7,57.9,7.2,53.7,0.0,0.0,0.0
2026-04-19 19:33:48,29.8,57.9,0.0,53.6,0.0,0.0,0.0
2026-04-19 19:33:53,29.7,58.0,2.9,53.6,0.0,0.0,0.0
2026-04-19 19:33:58,29.8,57.9,9.4,53.6,0.0,0.0,0.0
2026-04-19 19:34:03,29.8,57.9,12.5,53.6,0.0,0.0,0.0
2026-04-19 19:34:08,29.9,57.8,29.4,53.6,0.0,0.0,0.0
2026-04-19 19:34:13,29.8,57.8,11.9,53.6,0.0,0.0,0.0
2026-04-19 19:34:18,29.7,57.9,13.0,53.6,0.0,0.0,0.0
2026-04-19 19:34:23,29.7,57.9,0.0,53.6,0.0,0.0,0.0
2026-04-19 19:34:28,29.8,57.9,21.3,53.6,0.0,0.0,0.0
2026-04-19 19:34:33,29.8,57.8,30.0,53.6,0.0,0.0,0.0
2026-04-19 19:34:38,29.7,57.9,6.5,53.6,0.0,0.0,0.0
2026-04-19 19:34:43,29.7,57.9,32.8,53.6,0.0,0.0,0.0
2026-04-19 19:34:48,29.9,58.0,0.0,53.6,0.0,0.0,0.0
2026-04-19 19:34:53,29.8,57.9,34.8,53.6,0.0,0.0,0.0
2026-04-19 19:34:58,29.7,57.9,12.6,53.6,0.0,0.0,0.0
2026-04-19 19:35:03,29.8,58.0,7.6,53.6,0.0,0.0,0.0
2026-04-19 19:35:08,29.8,57.8,20.1,53.6,0.0,0.0,0.0
2026-04-19 19:35:13,29.8,57.9,3.3,53.6,0.0,0.0,0.0
2026-04-19 19:35:18,29.7,57.8,15.1,53.6,0.0,0.0,0.0
2026-04-19 19:35:23,29.8,57.7,38.9,53.6,0.0,0.0,0.0
2026-04-19 19:35:28,29.6,57.8,8.3,53.6,0.0,0.0,0.0
2026-04-19 19:35:33,29.9,57.9,8.6,53.6,0.0,0.0,0.0
2026-04-19 19:35:38,29.7,58.0,0.0,53.6,0.0,0.0,0.0
2026-04-19 19:35:43,29.8,57.8,28.9,53.6,0.0,0.0,0.0
2026-04-19 19:35:48,29.7,57.9,16.4,53.6,0.0,0.0,0.0
2026-04-19 19:35:53,29.7,57.8,6.9,53.6,0.0,0.0,0.0
2026-04-19 19:35:58,29.8,57.7,11.4,53.6,0.0,0.0,0.0
2026-04-19 19:36:03,29.6,57.8,25.2,53.6,0.0,0.0,0.0
2026-04-19 19:36:08,29.8,57.7,5.9,53.6,0.0,0.0,0.0
2026-04-19 19:36:13,29.7,57.8,0.0,53.6,0.0,0.0,0.0
2026-04-19 19:36:18,29.7,57.8,4.2,53.6,0.0,0.0,0.0
2026-04-19 19:36:23,29.7,57.7,12.9,53.6,0.0,0.0,0.0
2026-04-19 19:36:28,29.7,57.8,22.4,53.6,0.0,0.0,0.0
2026-04-19 19:36:33,29.8,57.8,29.0,53.6,0.0,0.0,0.0
2026-04-19 19:36:38,29.7,57.9,23.3,53.6,0.0,0.0,0.0
2026-04-19 19:36:43,29.6,57.9,17.1,53.6,0.0,0.0,0.0
2026-04-19 19:36:48,29.8,57.9,10.3,53.6,0.0,0.0,0.0
2026-04-19 19:36:53,29.8,57.9,29.6,53.6,0.0,0.0,0.0
2026-04-19 19:36:58,29.7,57.9,4.9,53.6,0.0,0.0,0.0
2026-04-19 19:37:03,29.6,57.9,29.0,53.6,0.0,0.0,0.0
2026-04-19 19:37:08,29.6,57.9,23.6,53.6,0.0,0.0,0.0
2026-04-19 19:37:13,29.7,57.9,26.6,53.6,0.0,0.0,0.0
2026-04-19 19:37:18,29.7,57.9,12.1,53.6,0.0,0.0,0.0
2026-04-19 19:37:23,29.8,57.9,18.0,53.6,0.0,0.0,0.0
2026-04-19 19:37:28,29.5,58.0,18.4,53.6,0.0,0.0,0.0
2026-04-19 19:37:33,29.7,58.0,11.9,53.6,0.0,0.0,0.0
2026-04-19 19:37:38,29.7,57.9,24.2,53.6,0.0,0.0,0.0
2026-04-19 19:37:43,29.7,57.9,18.4,53.6,0.0,0.0,0.0
2026-04-19 19:37:48,29.7,57.9,0.6,53.6,0.0,0.0,0.0
2026-04-19 19:37:53,29.7,57.9,16.9,53.6,0.0,0.0,0.0
2026-04-19 19:37:58,29.7,58.0,13.0,53.6,0.0,0.0,0.0
2026-04-19 19:38:03,29.7,58.0,19.0,53.6,0.0,0.0,0.0
2026-04-19 19:38:08,29.6,57.9,25.4,53.6,0.0,0.0,0.0
2026-04-19 19:38:13,29.7,58.0,19.9,53.6,0.0,0.0,0.0
2026-04-19 19:38:18,29.6,58.0,7.9,53.6,0.0,0.0,0.0
2026-04-19 19:38:23,29.8,57.9,0.1,53.6,0.0,0.0,0.0
2026-04-19 19:38:28,29.7,57.8,0.0,53.6,0.0,0.0,0.0
2026-04-19 19:38:33,29.7,57.7,0.0,53.6,0.0,0.0,0.0
2026-04-19 19:38:38,29.6,57.8,20.8,53.6,0.0,0.0,0.0
2026-04-19 19:38:43,29.7,57.7,29.5,53.6,0.0,0.0,0.0
2026-04-19 19:38:48,29.6,57.7,26.1,53.6,0.0,0.0,0.0
2026-04-19 19:38:53,29.7,57.7,41.6,53.6,0.0,0.0,0.0
2026-04-19 19:38:58,29.7,57.7,7.1,53.6,0.0,0.0,0.0
2026-04-19 19:39:03,29.7,57.7,3.5,53.6,0.0,0.0,0.0
2026-04-19 19:39:08,29.8,57.7,15.8,53.7,0.0,0.0,0.0
2026-04-19 19:39:13,29.8,57.9,9.9,53.7,0.0,0.0,0.0
2026-04-19 19:39:18,29.7,57.9,5.3,53.6,0.0,0.0,0.0
2026-04-19 19:39:23,29.6,57.9,33.1,53.6,0.0,0.0,0.0
2026-04-19 19:39:28,29.8,57.9,1.1,53.6,0.0,0.0,0.0
2026-04-19 19:39:33,29.8,58.0,14.5,53.6,0.0,0.0,0.0
2026-04-19 19:39:38,29.6,57.9,20.8,53.6,0.0,0.0,0.0
2026-04-19 19:39:43,29.6,57.9,8.7,53.6,0.0,0.0,0.0
2026-04-19 19:39:48,29.7,57.9,7.4,53.6,0.0,0.0,0.0
2026-04-19 19:39:53,29.7,57.9,36.3,53.6,0.0,0.0,0.0
2026-04-19 19:39:58,29.7,58.0,6.0,53.6,0.0,0.0,0.0
2026-04-19 19:40:03,29.8,58.0,14.7,53.6,0.0,0.0,0.0
2026-04-19 19:40:08,29.7,58.1,12.0,53.6,0.0,0.0,0.0
2026-04-19 19:40:13,29.8,58.1,12.1,53.6,0.0,0.0,0.0
2026-04-19 19:40:18,29.7,58.1,1.7,53.6,0.0,0.0,0.0
2026-04-19 19:40:23,29.7,58.2,32.5,53.7,0.0,0.0,0.0
2026-04-19 19:40:28,29.6,58.2,0.0,53.7,0.0,0.0,0.0
2026-04-19 19:40:33,29.7,58.3,14.3,53.7,0.0,0.0,0.0
2026-04-19 19:40:38,29.8,58.2,11.8,53.7,0.0,0.0,0.0
2026-04-19 19:40:43,29.7,58.2,16.9,53.7,0.0,0.0,0.0
2026-04-19 19:40:48,29.7,58.3,17.8,53.7,0.0,0.0,0.0
2026-04-19 19:40:53,29.7,58.3,0.0,53.7,0.0,0.0,0.0
2026-04-19 19:40:58,29.7,58.3,13.7,53.7,0.0,0.0,0.0
2026-04-19 19:41:03,29.6,58.3,19.4,53.7,0.0,0.0,0.0
2026-04-19 19:41:08,29.7,58.3,26.8,53.7,0.0,0.0,0.0
2026-04-19 19:41:13,29.7,58.4,14.8,53.7,0.0,0.0,0.0
2026-04-19 19:41:18,29.6,58.5,0.0,53.7,0.0,0.0,0.0
2026-04-19 19:41:23,29.8,58.6,1.0,53.7,0.0,0.0,0.0
2026-04-19 19:41:28,29.8,58.6,16.1,53.7,0.0,0.0,0.0
2026-04-19 19:41:33,29.7,58.6,14.5,53.7,0.0,0.0,0.0
2026-04-19 19:41:38,29.5,58.5,23.9,53.7,0.0,0.0,0.0
2026-04-19 19:41:43,29.6,58.6,17.5,53.7,0.0,0.0,0.0
2026-04-19 19:41:48,29.8,58.4,21.3,53.7,0.0,0.0,0.0
2026-04-19 19:41:53,29.6,58.5,32.6,53.7,0.0,0.0,0.0
2026-04-19 19:41:58,29.7,58.4,18.5,53.7,0.0,0.0,0.0
2026-04-19 19:42:03,29.8,58.3,9.1,53.7,0.0,0.0,0.0
2026-04-19 19:42:08,29.7,58.2,18.7,53.7,0.0,0.0,0.0
2026-04-19 19:42:13,29.6,58.2,21.5,53.7,0.0,0.0,0.0
2026-04-19 19:42:18,29.9,58.2,14.5,53.7,0.0,0.0,0.0
2026-04-19 19:42:23,29.8,58.2,10.1,53.7,0.0,0.0,0.0
2026-04-19 19:42:28,29.6,58.1,21.3,53.7,0.0,0.0,0.0
2026-04-19 19:42:33,29.8,58.1,21.6,53.7,0.0,0.0,0.0
2026-04-19 19:42:38,29.7,58.1,24.3,53.7,0.0,0.0,0.0
2026-04-19 19:42:43,29.6,58.3,30.1,53.7,0.0,0.0,0.0
2026-04-19 19:42:48,29.7,58.3,0.0,53.7,0.0,0.0,0.0
2026-04-19 19:42:53,29.7,58.3,14.0,53.7,0.0,0.0,0.0
2026-04-19 19:42:58,29.7,58.2,16.1,53.7,0.0,0.0,0.0
2026-04-19 19:43:03,29.7,58.2,4.2,53.7,0.0,0.0,0.0
2026-04-19 19:43:08,29.7,58.4,22.8,53.7,0.0,0.0,0.0
2026-04-19 19:43:13,29.8,58.2,26.0,53.7,0.0,0.0,0.0
2026-04-19 19:43:18,29.6,58.3,29.1,53.7,0.0,0.0,0.0
2026-04-19 19:43:23,29.8,58.1,14.2,53.7,0.0,0.0,0.0
2026-04-19 19:43:28,29.6,58.1,31.4,53.7,0.0,0.0,0.0
2026-04-19 19:43:33,29.8,58.1,24.6,53.7,0.0,0.0,0.0
2026-04-19 19:43:38,29.7,57.9,13.0,53.7,0.0,0.0,0.0
2026-04-19 19:43:43,29.7,57.9,0.0,53.7,0.0,0.0,0.0
2026-04-19 19:43:48,29.6,58.0,20.7,53.7,0.0,0.0,0.0
2026-04-19 19:43:53,29.8,57.9,19.7,53.7,0.0,0.0,0.0
2026-04-19 19:43:58,29.6,57.9,1.0,53.7,0.0,0.0,0.0
2026-04-19 19:44:03,29.7,57.8,18.2,53.7,0.0,0.0,0.0
2026-04-19 19:44:08,29.8,57.8,12.7,53.7,0.0,0.0,0.0
2026-04-19 19:44:13,29.7,57.8,30.9,53.7,0.0,0.0,0.0
2026-04-19 19:44:18,29.7,57.9,10.1,53.7,0.0,0.0,0.0
2026-04-19 19:44:23,29.9,57.9,38.3,53.7,0.0,0.0,0.0
2026-04-19 19:44:28,29.8,58.0,11.6,53.7,0.0,0.0,0.0
2026-04-19 19:44:33,29.8,58.1,6.6,53.7,0.0,0.0,0.0
2026-04-19 19:44:38,29.8,58.1,26.4,53.7,0.0,0.0,0.0
2026-04-19 19:44:43,29.7,58.1,5.0,53.7,0.0,0.0,0.0
2026-04-19 19:44:48,29.9,58.1,25.1,53.7,0.0,0.0,0.0
2026-04-19 19:44:53,29.6,57.9,0.0,53.8,0.0,0.0,0.0
2026-04-19 19:44:58,29.7,57.8,25.7,53.8,0.0,0.0,0.0
2026-04-19 19:45:03,29.6,58.0,14.7,53.8,0.0,0.0,0.0
2026-04-19 19:45:08,29.9,57.9,23.6,53.8,0.0,0.0,0.0
2026-04-19 19:45:13,29.9,57.9,27.9,53.8,0.0,0.0,0.0
2026-04-19 19:45:18,29.6,58.0,23.9,53.7,0.0,0.0,0.0
2026-04-19 19:45:23,29.7,57.9,12.8,53.7,0.0,0.0,0.0
2026-04-19 19:45:28,29.6,57.8,5.3,53.7,0.0,0.0,0.0
2026-04-19 19:45:33,29.8,57.7,2.8,53.7,0.0,0.0,0.0
2026-04-19 19:45:38,29.7,57.8,14.6,53.7,0.0,0.0,0.0
2026-04-19 19:45:43,29.6,57.9,6.1,53.7,0.0,0.0,0.0
2026-04-19 19:45:48,29.7,58.1,21.6,53.7,0.0,0.0,0.0
2026-04-19 19:45:53,30.1,57.9,26.2,53.7,0.0,0.0,0.0
2026-04-19 19:45:58,29.8,58.0,21.8,53.7,0.0,0.0,0.0
2026-04-19 19:46:03,29.7,58.0,27.0,53.7,0.0,0.0,0.0
2026-04-19 19:46:08,29.8,57.9,4.3,53.7,0.0,0.0,0.0
2026-04-19 19:46:13,29.7,57.9,12.8,53.7,0.0,0.0,0.0
2026-04-19 19:46:18,29.8,57.9,4.7,53.7,0.0,0.0,0.0
2026-04-19 19:46:23,29.7,57.9,7.5,53.7,0.0,0.0,0.0
2026-04-19 19:46:28,29.7,58.1,5.5,53.7,0.0,0.0,0.0
2026-04-19 19:46:33,29.7,58.1,23.5,53.7,0.0,0.0,0.0
2026-04-19 19:46:38,29.6,58.1,13.2,53.7,0.0,0.0,0.0
2026-04-19 19:46:43,29.8,58.1,22.9,53.7,0.0,0.0,0.0
2026-04-19 19:46:48,29.6,58.0,18.8,53.7,0.0,0.0,0.0
2026-04-19 19:46:53,29.6,58.1,0.0,53.7,0.0,0.0,0.0
2026-04-19 19:46:58,29.6,58.1,3.9,53.7,0.0,0.0,0.0
2026-04-19 19:47:03,29.7,58.1,0.0,53.7,0.0,0.0,0.0
2026-04-19 19:47:08,29.7,58.0,13.5,53.7,0.0,0.0,0.0
2026-04-19 19:47:13,29.7,58.0,16.7,53.7,0.0,0.0,0.0
2026-04-19 19:47:18,29.5,58.1,12.8,53.7,0.0,0.0,0.0
2026-04-19 19:47:23,29.6,58.0,5.2,53.7,0.0,0.0,0.0
2026-04-19 19:47:28,29.7,57.9,9.3,53.8,0.0,0.0,0.0
2026-04-19 19:47:33,29.7,57.8,5.3,53.8,0.0,0.0,0.0
2026-04-19 19:47:38,29.7,57.9,7.5,53.8,0.0,0.0,0.0
2026-04-19 19:47:43,29.7,57.8,7.2,53.8,0.0,0.0,0.0
2026-04-19 19:47:48,29.5,57.8,12.9,53.8,0.0,0.0,0.0
2026-04-19 19:47:53,29.8,57.9,14.3,53.7,0.0,0.0,0.0
2026-04-19 19:47:58,29.6,58.0,11.1,53.7,0.0,0.0,0.0
2026-04-19 19:48:03,29.8,58.0,9.2,53.8,0.0,0.0,0.0
2026-04-19 19:48:08,29.7,58.0,3.0,53.8,0.0,0.0,0.0
2026-04-19 19:48:13,29.7,57.9,22.9,53.8,0.0,0.0,0.0
2026-04-19 19:48:18,29.8,58.1,7.8,53.8,0.0,0.0,0.0
2026-04-19 19:48:23,29.9,58.1,0.0,53.8,0.0,0.0,0.0
2026-04-19 19:48:28,29.6,58.2,24.5,53.8,0.0,0.0,0.0
2026-04-19 19:48:33,29.7,58.2,9.6,53.7,0.0,0.0,0.0
2026-04-19 19:48:38,29.6,58.2,14.9,53.7,0.0,0.0,0.0
2026-04-19 19:48:43,29.6,58.2,0.0,53.8,0.0,0.0,0.0
2026-04-19 19:48:48,29.9,58.1,19.7,53.8,0.0,0.0,0.0
2026-04-19 19:48:53,29.7,58.1,23.4,53.8,0.0,0.0,0.0
2026-04-19 19:48:58,29.7,58.2,7.7,53.7,0.0,0.0,0.0
2026-04-19 19:49:03,29.7,58.2,7.8,53.7,0.0,0.0,0.0
2026-04-19 19:49:08,29.8,58.3,25.7,53.7,0.0,0.0,0.0
2026-04-19 19:49:13,29.6,58.4,17.4,53.7,0.0,0.0,0.0
2026-04-19 19:49:18,29.8,58.4,10.6,53.7,0.0,0.0,0.0
2026-04-19 19:49:23,29.7,58.3,4.5,53.7,0.0,0.0,0.0
2026-04-19 19:49:28,29.7,58.4,17.3,53.7,0.0,0.0,0.0
2026-04-19 19:49:33,29.8,58.4,13.7,53.7,0.0,0.0,0.0
2026-04-19 19:49:38,29.8,58.4,13.5,53.7,0.0,0.0,0.0
2026-04-19 19:49:43,29.7,58.5,25.3,53.7,0.0,0.0,0.0
2026-04-19 19:49:48,29.7,58.4,9.3,53.6,0.0,0.0,0.0
2026-04-19 19:49:53,29.6,58.4,0.9,53.6,0.0,0.0,0.0
2026-04-19 19:49:58,29.7,58.3,13.1,53.6,0.0,0.0,0.0
2026-04-19 19:50:03,29.9,58.3,17.0,53.6,0.0,0.0,0.0
2026-04-19 19:50:08,29.7,58.3,17.8,53.6,0.0,0.0,0.0
2026-04-19 19:50:13,29.7,58.2,0.0,53.6,0.0,0.0,0.0
2026-04-19 19:50:18,29.8,58.1,11.6,53.6,0.0,0.0,0.0
2026-04-19 19:50:23,29.8,58.3,4.1,53.6,0.0,0.0,0.0
2026-04-19 19:50:28,29.7,58.4,20.8,53.6,0.0,0.0,0.0
2026-04-19 19:50:33,29.7,58.4,8.7,53.6,0.0,0.0,0.0
2026-04-19 19:50:38,29.6,58.6,10.5,53.6,0.0,0.0,0.0
2026-04-19 19:50:43,29.6,58.6,1.5,53.6,0.0,0.0,0.0
2026-04-19 19:50:48,29.7,58.6,30.5,53.6,0.0,0.0,0.0
2026-04-19 19:50:53,29.6,58.7,8.6,53.6,0.0,0.0,0.0
2026-04-19 19:50:58,29.6,58.6,23.2,53.6,0.0,0.0,0.0
2026-04-19 19:51:03,29.6,58.6,11.8,53.6,0.0,0.0,0.0
2026-04-19 19:51:08,29.7,58.6,19.4,53.6,0.0,0.0,0.0
2026-04-19 19:51:13,29.6,58.7,3.0,53.6,0.0,0.0,0.0
2026-04-19 19:51:18,29.7,58.5,19.9,53.6,0.0,0.0,0.0
2026-04-19 19:51:23,29.7,58.3,0.3,53.6,0.0,0.0,0.0
2026-04-19 19:51:28,29.8,58.4,15.6,53.6,0.0,0.0,0.0
2026-04-19 19:51:33,29.7,58.5,20.5,53.6,0.0,0.0,0.0
2026-04-19 19:51:38,29.7,58.3,0.0,53.6,0.0,0.0,0.0
2026-04-19 19:51:43,29.7,58.5,0.0,53.6,0.0,0.0,0.0
2026-04-19 19:51:48,29.7,58.5,7.2,53.6,0.0,0.0,0.0
2026-04-19 19:51:53,29.8,58.5,5.5,53.6,0.0,0.0,0.0
2026-04-19 19:51:58,29.6,58.5,14.8,53.6,0.0,0.0,0.0
2026-04-19 19:52:03,29.8,58.4,18.6,53.6,0.0,0.0,0.0
2026-04-19 19:52:08,29.7,58.3,9.1,53.6,0.0,0.0,0.0
2026-04-19 19:52:13,29.8,58.3,5.6,53.6,0.0,0.0,0.0
2026-04-19 19:52:18,29.7,58.2,0.0,53.6,0.0,0.0,0.0
2026-04-19 19:52:23,29.6,58.1,5.6,53.6,0.0,0.0,0.0
2026-04-19 19:52:28,29.7,58.2,10.2,53.6,0.0,0.0,0.0
2026-04-19 19:52:33,29.6,58.2,34.0,53.6,0.0,0.0,0.0
2026-04-19 19:52:38,29.7,58.2,0.0,53.6,0.0,0.0,0.0
2026-04-19 19:52:43,29.6,58.3,13.3,53.6,0.0,0.0,0.0
2026-04-19 19:52:48,29.8,58.3,35.2,53.6,0.0,0.0,0.0
2026-04-19 19:52:53,29.7,58.3,3.8,53.6,0.0,0.0,0.0
2026-04-19 19:52:58,29.7,58.3,5.3,53.6,0.0,0.0,0.0
2026-04-19 19:53:03,29.7,58.2,15.9,53.6,0.0,0.0,0.0
2026-04-19 19:53:08,29.6,58.3,8.9,53.6,0.0,0.0,0.0
2026-04-19 19:53:13,29.9,58.3,1.7,53.6,0.0,0.0,0.0
2026-04-19 19:53:18,29.8,58.3,10.9,53.6,0.0,0.0,0.0
2026-04-19 19:53:23,29.6,58.2,0.0,53.6,0.0,0.0,0.0
2026-04-19 19:53:28,29.7,58.3,23.3,53.6,0.0,0.0,0.0
2026-04-19 19:53:33,29.6,58.3,10.7,53.6,0.0,0.0,0.0
2026-04-19 19:53:38,29.6,58.2,15.9,53.6,0.0,0.0,0.0
2026-04-19 19:53:43,29.6,58.2,13.2,53.6,0.0,0.0,0.0
2026-04-19 19:53:48,29.7,58.3,19.9,53.6,0.0,0.0,0.0
2026-04-19 19:53:53,29.7,58.2,11.4,53.6,0.0,0.0,0.0
2026-04-19 19:53:58,29.7,58.1,3.3,53.6,0.0,0.0,0.0
2026-04-19 19:54:03,29.6,58.2,25.4,53.6,0.0,0.0,0.0
2026-04-19 19:54:08,29.7,58.3,3.4,53.6,0.0,0.0,0.0
2026-04-19 19:54:13,29.7,58.3,10.1,53.6,0.0,0.0,0.0
2026-04-19 19:54:18,29.8,58.3,8.4,53.6,0.0,0.0,0.0
2026-04-19 19:54:23,29.6,58.2,0.5,53.6,0.0,0.0,0.0
2026-04-19 19:54:28,29.8,58.2,13.9,53.6,0.0,0.0,0.0
2026-04-19 19:54:33,29.6,58.4,2.0,53.6,0.0,0.0,0.0
2026-04-19 19:54:38,29.7,58.4,36.6,53.7,0.0,0.0,0.0
2026-04-19 19:54:43,29.5,58.4,18.4,53.7,0.0,0.0,0.0
2026-04-19 19:54:48,29.5,58.4,7.6,53.7,0.0,0.0,0.0
2026-04-19 19:54:53,29.6,58.3,17.2,53.6,0.0,0.0,0.0
2026-04-19 19:54:58,29.8,58.3,22.5,53.6,0.0,0.0,0.0
2026-04-19 19:55:03,29.5,58.3,4.9,53.6,0.0,0.0,0.0
2026-04-19 19:55:08,29.7,58.3,22.2,53.6,0.0,0.0,0.0
2026-04-19 19:55:13,29.8,58.3,27.7,53.6,0.0,0.0,0.0
2026-04-19 19:55:18,29.6,58.3,0.0,53.6,0.0,0.0,0.0
2026-04-19 19:55:23,29.7,58.3,16.2,53.6,0.0,0.0,0.0
2026-04-19 19:55:28,29.7,58.4,43.6,53.7,0.0,0.0,0.0
2026-04-19 19:55:33,29.7,58.4,32.7,53.7,0.0,0.0,0.0
2026-04-19 19:55:38,29.6,58.4,14.2,53.6,0.0,0.0,0.0
2026-04-19 19:55:43,29.7,58.5,15.1,53.6,0.0,0.0,0.0
2026-04-19 19:55:48,29.7,58.6,21.5,53.6,0.0,0.0,0.0
2026-04-19 19:55:53,29.7,58.7,15.5,53.7,0.0,0.0,0.0
2026-04-19 19:55:58,29.6,58.6,19.1,53.7,0.0,0.0,0.0
2026-04-19 19:56:03,29.7,58.6,24.8,53.7,0.0,0.0,0.0
2026-04-19 19:56:08,29.7,58.6,0.0,53.6,0.0,0.0,0.0
2026-04-19 19:56:13,29.6,58.6,11.2,53.6,0.0,0.0,0.0
2026-04-19 19:56:18,29.6,58.7,25.7,53.6,0.0,0.0,0.0
2026-04-19 19:56:23,29.6,58.7,6.9,53.7,0.0,0.0,0.0
2026-04-19 19:56:28,29.6,58.6,17.0,53.7,0.0,0.0,0.0
2026-04-19 19:56:33,29.8,58.7,0.0,53.7,0.0,0.0,0.0
2026-04-19 19:56:38,29.5,58.6,0.0,53.7,0.0,0.0,0.0
2026-04-19 19:56:43,29.5,58.6,5.0,53.7,0.0,0.0,0.0
2026-04-19 19:56:48,29.6,58.6,6.3,53.7,0.0,0.0,0.0
2026-04-19 19:56:53,29.7,58.5,12.3,53.7,0.0,0.0,0.0
2026-04-19 19:56:58,29.7,58.5,11.4,53.7,0.0,0.0,0.0
2026-04-19 19:57:03,29.7,58.6,15.2,53.7,0.0,0.0,0.0
2026-04-19 19:57:08,29.7,58.6,31.6,53.7,0.0,0.0,0.0
2026-04-19 19:57:13,29.8,58.5,0.0,53.7,0.0,0.0,0.0
2026-04-19 19:57:18,29.6,58.4,27.2,53.7,0.0,0.0,0.0
2026-04-19 19:57:23,29.8,58.6,0.0,53.7,0.0,0.0,0.0
2026-04-19 19:57:28,29.6,58.6,19.1,53.8,0.0,0.0,0.0
2026-04-19 19:57:33,29.7,58.5,21.4,53.8,0.0,0.0,0.0
2026-04-19 19:57:38,29.5,58.4,7.8,53.8,0.0,0.0,0.0
2026-04-19 19:57:43,29.6,58.3,25.1,53.8,0.0,0.0,0.0
2026-04-19 19:57:48,29.7,58.3,19.0,53.8,0.0,0.0,0.0
2026-04-19 19:57:53,29.7,58.4,17.5,53.7,0.0,0.0,0.0
2026-04-19 19:57:58,29.6,58.3,27.0,53.7,0.0,0.0,0.0
2026-04-19 19:58:03,29.5,58.3,11.5,53.7,0.0,0.0,0.0
2026-04-19 19:58:08,29.6,58.4,22.4,53.7,0.0,0.0,0.0
2026-04-19 19:58:13,29.7,58.4,13.4,53.7,0.0,0.0,0.0
2026-04-19 19:58:18,29.7,58.4,14.6,53.7,0.0,0.0,0.0
2026-04-19 19:58:23,29.7,58.3,11.8,53.7,0.0,0.0,0.0
2026-04-19 19:58:28,29.6,58.3,13.6,53.7,0.0,0.0,0.0
2026-04-19 19:58:33,29.6,58.2,17.4,53.7,0.0,0.0,0.0
2026-04-19 19:58:38,29.6,58.2,22.4,53.7,0.0,0.0,0.0
2026-04-19 19:58:43,29.5,58.0,10.9,53.7,0.0,0.0,0.0
2026-04-19 19:58:48,29.8,57.9,34.4,53.7,0.0,0.0,0.0
2026-04-19 19:58:53,29.6,58.0,10.2,53.7,0.0,0.0,0.0
2026-04-19 19:58:58,29.7,58.1,2.6,53.7,0.0,0.0,0.0
2026-04-19 19:59:03,29.5,58.1,3.6,53.7,0.0,0.0,0.0
2026-04-19 19:59:08,29.6,58.3,19.4,53.7,0.0,0.0,0.0
2026-04-19 19:59:13,29.7,58.3,21.9,53.7,0.0,0.0,0.0
2026-04-19 19:59:18,29.7,58.3,15.4,53.7,0.0,0.0,0.0
2026-04-19 19:59:23,29.6,58.2,24.9,53.7,0.0,0.0,0.0
2026-04-19 19:59:28,29.7,58.2,25.1,53.7,0.0,0.0,0.0
2026-04-19 19:59:33,29.6,58.1,0.0,53.7,0.0,0.0,0.0
2026-04-19 19:59:38,29.4,58.1,0.0,53.7,0.0,1.0,0.0
2026-04-19 19:59:43,29.6,60.1,0.0,53.7,0.0,1.0,0.0
2026-04-19 19:59:48,29.7,62.0,16.9,53.7,0.0,1.0,0.0
2026-04-19 19:59:53,29.6,63.8,5.7,53.7,0.0,1.0,0.0
2026-04-19 19:59:58,29.6,65.4,1.5,53.7,0.0,1.0,0.0
