Timestamp,Temperature,Humidity,Light,Soil_Moisture,Drip,Mist,Fan
2026-04-15 00:00:01,30.1,57.9,39.2,54.1,0.0,0.0,0.0
2026-04-15 00:00:06,30.3,57.9,23.3,54.1,0.0,0.0,0.0
2026-04-15 00:00:11,30.1,57.9,10.5,54.2,0.0,0.0,0.0
2026-04-15 00:00:16,30.2,57.9,48.7,54.2,0.0,0.0,0.0
2026-04-15 00:00:21,30.2,57.7,0.0,54.2,0.0,0.0,0.0
2026-04-15 00:00:26,30.0,57.7,11.2,54.2,0.0,0.0,0.0
2026-04-15 00:00:31,30.1,57.8,35.3,54.2,0.0,0.0,0.0
2026-04-15 00:00:36,30.1,57.8,23.0,54.2,0.0,0.0,0.0
2026-04-15 00:00:41,30.1,57.8,0.0,54.2,0.0,0.0,0.0
2026-04-15 00:00:46,30.2,57.8,0.0,54.2,0.0,0.0,0.0
2026-04-15 00:00:51,30.1,57.9,20.1,54.2,0.0,0.0,0.0
2026-04-15 00:00:56,30.2,57.8,15.7,54.2,0.0,0.0,0.0
2026-04-15 00:01:01,30.2,58.0,8.7,54.2,0.0,0.0,0.0
2026-04-15 00:01:06,30.1,58.0,2.1,54.2,0.0,0.0,0.0
2026-04-15 00:01:11,30.2,57.9,27.5,54.2,0.0,0.0,0.0
2026-04-15 00:01:16,30.1,57.8,17.9,54.2,0.0,0.0,0.0
2026-04-15 00:01:21,30.1,57.9,0.0,54.2,0.0,0.0,0.0
2026-04-15 00:01:26,30.3,57.9,14.2,54.2,0.0,0.0,0.0
2026-04-15 00:01:31,30.2,57.9,4.5,54.2,0.0,0.0,0.0
2026-04-15 00:01:36,30.2,57.8,45.9,54.2,0.0,0.0,0.0
2026-04-15 00:01:41,30.1,57.9,24.2,54.2,0.0,0.0,0.0
2026-04-15 00:01:46,30.1,57.9,9.6,54.2,0.0,0.0,0.0
2026-04-15 00:01:51,30.3,58.0,4.8,54.2,0.0,0.0,0.0
2026-04-15 00:01:56,30.2,58.0,13.0,54.2,0.0,0.0,0.0
2026-04-15 00:02:01,30.2,58.1,13.2,54.2,0.0,0.0,0.0
2026-04-15 00:02:06,30.2,58.1,32.1,54.2,0.0,0.0,0.0
2026-04-15 00:02:11,30.1,58.2,15.5,54.2,0.0,0.0,0.0
2026-04-15 00:02:16,30.3,58.1,30.0,54.2,0.0,0.0,0.0
2026-04-15 00:02:21,30.2,58.2,10.0,54.2,0.0,0.0,0.0
2026-04-15 00:02:26,30.2,58.1,3.8,54.1,0.0,0.0,0.0
2026-04-15 00:02:31,30.3,58.2,0.0,54.1,0.0,0.0,0.0
2026-04-15 00:02:36,30.1,58.1,16.3,54.1,0.0,0.0,0.0
2026-04-15 00:02:41,30.2,58.0,36.6,54.2,0.0,0.0,0.0
2026-04-15 00:02:46,30.1,58.0,0.0,54.2,0.0,0.0,0.0
2026-04-15 00:02:51,30.2,57.9,0.0,54.2,0.0,0.0,0.0
2026-04-15 00:02:56,30.3,57.9,9.0,54.2,0.0,0.0,0.0
2026-04-15 00:03:01,30.2,57.8,21.8,54.2,0.0,0.0,0.0
2026-04-15 00:03:06,30.3,57.8,0.0,54.2,0.0,0.0,0.0
2026-04-15 00:03:11,30.1,57.8,0.0,54.2,0.0,0.0,0.0
2026-04-15 00:03:16,30.3,57.7,9.4,54.2,0.0,0.0,0.0
2026-04-15 00:03:21,30.1,57.5,24.2,54.2,0.0,0.0,0.0
2026-04-15 00:03:26,30.1,57.5,13.5,54.2,0.0,0.0,0.0
2026-04-15 00:03:31,30.0,57.4,19.6,54.2,0.0,0.0,0.0
2026-04-15 00:03:36,30.2,57.2,25.9,54.2,0.0,0.0,0.0
2026-04-15 00:03:41,30.1,57.2,0.6,54.2,0.0,0.0,0.0
2026-04-15 00:03:46,30.3,57.2,19.6,54.2,0.0,0.0,0.0
2026-04-15 00:03:51,30.2,57.3,2.1,54.2,0.0,0.0,0.0
2026-04-15 00:03:56,30.2,57.3,20.5,54.2,0.0,0.0,0.0
2026-04-15 00:04:01,30.2,57.3,6.5,54.2,0.0,0.0,0.0
2026-04-15 00:04:06,30.2,57.3,10.9,54.2,0.0,0.0,0.0
2026-04-15 00:04:11,30.2,57.5,13.9,54.2,0.0,0.0,0.0
2026-04-15 00:04:16,30.1,57.5,1.6,54.2,0.0,0.0,0.0
2026-04-15 00:04:21,30.1,57.5,15.6,54.2,0.0,0.0,0.0
2026-04-15 00:04:26,30.1,57.5,0.7,54.2,0.0,0.0,0.0
2026-04-15 00:04:31,30.3,57.7,7.6,54.2,0.0,0.0,0.0
2026-04-15 00:04:36,30.1,57.7,0.0,54.2,0.0,0.0,0.0
2026-04-15 00:04:41,30.2,57.8,34.9,54.2,0.0,0.0,0.0
2026-04-15 00:04:46,30.3,58.0,12.6,54.2,0.0,0.0,0.0
2026-04-15 00:04:51,30.0,58.1,14.2,54.2,0.0,0.0,0.0
2026-04-15 00:04:56,30.2,58.2,6.5,54.2,0.0,0.0,0.0
2026-04-15 00:05:01,30.3,58.2,23.9,54.2,0.0,0.0,0.0
2026-04-15 00:05:06,30.3,58.2,12.7,54.2,0.0,0.0,0.0
2026-04-15 00:05:11,30.2,58.1,10.0,54.2,0.0,0.0,0.0
2026-04-15 00:05:16,30.3,58.1,13.8,54.2,0.0,0.0,0.0
2026-04-15 00:05:21,30.3,58.2,21.9,54.2,0.0,0.0,0.0
2026-04-15 00:05:26,30.0,58.0,17.1,54.2,0.0,0.0,0.0
2026-04-15 00:05:31,30.3,58.0,32.4,54.2,0.0,0.0,0.0
2026-04-15 00:05:36,30.2,58.0,0.0,54.2,0.0,0.0,0.0
2026-04-15 00:05:41,30.2,57.9,11.1,54.2,0.0,0.0,0.0
2026-04-15 00:05:46,30.1,58.0,12.7,54.2,0.0,0.0,0.0
2026-04-15 00:05:51,30.2,58.0,15.9,54.2,0.0,0.0,0.0
2026-04-15 00:05:56,30.2,58.0,6.3,54.2,0.0,0.0,0.0
2026-04-15 00:06:01,30.0,58.1,0.0,54.2,0.0,0.0,0.0
2026-04-15 00:06:06,30.1,58.1,22.0,54.2,0.0,0.0,0.0
2026-04-15 00:06:11,30.2,58.1,4.9,54.2,0.0,0.0,0.0
2026-04-15 00:06:16,30.2,58.0,36.8,54.2,0.0,0.0,0.0
2026-04-15 00:06:21,30.2,58.0,6.2,54.2,0.0,0.0,0.0
2026-04-15 00:06:26,30.0,58.0,1.0,54.2,0.0,0.0,0.0
2026-04-15 00:06:31,30.3,58.0,17.5,54.2,0.0,0.0,0.0
2026-04-15 00:06:36,30.2,58.1,29.5,54.2,0.0,0.0,0.0
2026-04-15 00:06:41,30.0,58.2,2.9,54.2,0.0,0.0,0.0
2026-04-15 00:06:46,30.3,58.2,12.6,54.2,0.0,0.0,0.0
2026-04-15 00:06:51,30.1,58.0,12.7,54.2,0.0,0.0,0.0
2026-04-15 00:06:56,30.1,58.0,22.1,54.2,0.0,0.0,0.0
2026-04-15 00:07:01,30.1,58.0,25.4,54.2,0.0,0.0,0.0
2026-04-15 00:07:06,30.2,58.0,18.5,54.2,0.0,0.0,0.0
2026-04-15 00:07:11,30.2,58.1,3.1,54.2,0.0,0.0,0.0
2026-04-15 00:07:16,30.1,58.1,19.7,54.2,0.0,0.0,0.0
2026-04-15 00:07:21,30.2,58.2,26.1,54.2,0.0,0.0,0.0
2026-04-15 00:07:26,30.3,58.2,9.0,54.2,0.0,0.0,0.0
2026-04-15 00:07:31,30.1,58.2,19.2,54.2,0.0,0.0,0.0
2026-04-15 00:07:36,30.2,58.0,30.9,54.2,0.0,0.0,0.0
2026-04-15 00:07:41,30.0,58.0,11.1,54.2,0.0,0.0,0.0
2026-04-15 00:07:46,30.0,57.9,10.2,54.2,0.0,0.0,0.0
2026-04-15 00:07:51,30.0,57.8,3.2,54.2,0.0,0.0,0.0
2026-04-15 00:07:56,30.2,57.9,3.4,54.2,0.0,0.0,0.0
2026-04-15 00:08:01,30.1,57.8,21.1,54.2,0.0,0.0,0.0
2026-04-15 00:08:06,30.1,57.8,7.4,54.2,0.0,0.0,0.0
2026-04-15 00:08:11,30.2,57.9,0.4,54.2,0.0,0.0,0.0
2026-04-15 00:08:16,30.3,57.8,8.9,54.2,0.0,0.0,0.0
2026-04-15 00:08:21,30.2,57.8,22.7,54.2,0.0,0.0,0.0
2026-04-15 00:08:26,30.4,57.8,8.4,54.2,0.0,0.0,0.0
2026-04-15 00:08:31,30.2,57.8,6.9,54.2,0.0,0.0,0.0
2026-04-15 00:08:36,30.2,57.9,21.3,54.2,0.0,0.0,0.0
2026-04-15 00:08:41,30.2,57.8,17.0,54.2,0.0,0.0,0.0
2026-04-15 00:08:46,30.2,57.7,2.2,54.2,0.0,0.0,0.0
2026-04-15 00:08:51,30.2,57.6,12.0,54.2,0.0,0.0,0.0
2026-04-15 00:08:56,30.2,57.7,28.0,54.2,0.0,0.0,0.0
2026-04-15 00:09:01,30.1,57.6,0.0,54.2,0.0,0.0,0.0
2026-04-15 00:09:06,30.1,57.5,29.4,54.2,0.0,0.0,0.0
2026-04-15 00:09:11,30.1,57.5,16.8,54.2,0.0,0.0,0.0
2026-04-15 00:09:16,30.3,57.4,5.7,54.2,0.0,0.0,0.0
2026-04-15 00:09:21,30.3,57.5,18.6,54.2,0.0,0.0,0.0
2026-04-15 00:09:26,30.2,57.6,0.0,54.2,0.0,0.0,0.0
2026-04-15 00:09:31,30.2,57.7,21.8,54.2,0.0,0.0,0.0
2026-04-15 00:09:36,30.3,57.6,0.0,54.2,0.0,0.0,0.0
2026-04-15 00:09:41,30.2,57.8,14.9,54.2,0.0,0.0,0.0
2026-04-15 00:09:46,30.3,57.8,19.0,54.2,0.0,0.0,0.0
2026-04-15 00:09:51,30.2,57.5,22.5,54.2,0.0,0.0,0.0
2026-04-15 00:09:56,30.1,57.6,12.2,54.2,0.0,0.0,0.0
2026-04-15 00:10:01,30.1,57.5,7.0,54.2,0.0,0.0,0.0
2026-04-15 00:10:06,30.2,57.3,12.5,54.2,0.0,0.0,0.0
2026-04-15 00:10:11,30.1,57.4,16.2,54.2,0.0,0.0,0.0
2026-04-15 00:10:16,30.2,57.4,23.0,54.2,0.0,0.0,0.0
2026-04-15 00:10:21,30.3,57.4,23.9,54.2,0.0,0.0,0.0
2026-04-15 00:10:26,30.4,57.5,19.2,54.2,0.0,0.0,0.0
2026-04-15 00:10:31,30.2,57.6,18.1,54.2,0.0,0.0,0.0
2026-04-15 00:10:36,30.2,57.6,20.5,54.2,0.0,0.0,0.0
2026-04-15 00:10:41,30.2,57.6,11.8,54.2,0.0,0.0,0.0
2026-04-15 00:10:46,30.2,57.6,14.5,54.2,0.0,0.0,0.0
2026-04-15 00:10:51,30.3,57.4,11.7,54.2,0.0,0.0,0.0
2026-04-15 00:10:56,30.2,57.4,3.8,54.2,0.0,0.0,0.0
2026-04-15 00:11:01,30.3,57.4,0.0,54.2,0.0,0.0,0.0
2026-04-15 00:11:06,30.3,57.3,26.9,54.2,0.0,0.0,0.0
2026-04-15 00:11:11,30.3,57.4,2.2,54.2,0.0,0.0,0.0
2026-04-15 00:11:16,30.4,57.4,16.4,54.2,0.0,0.0,0.0
2026-04-15 00:11:21,30.2,57.3,14.6,54.2,0.0,0.0,0.0
2026-04-15 00:11:26,30.3,57.3,32.5,54.2,0.0,0.0,0.0
2026-04-15 00:11:31,30.5,57.3,15.0,54.2,0.0,0.0,0.0
2026-04-15 00:11:36,30.3,57.2,26.4,54.2,0.0,0.0,0.0
2026-04-15 00:11:41,30.3,57.2,17.5,54.2,0.0,0.0,0.0
2026-04-15 00:11:46,30.2,57.3,19.2,54.2,0.0,0.0,0.0
2026-04-15 00:11:51,30.3,57.4,14.6,54.2,0.0,0.0,0.0
2026-04-15 00:11:56,30.2,57.6,15.0,54.2,0.0,0.0,0.0
2026-04-15 00:12:01,30.3,57.7,17.9,54.2,0.0,0.0,0.0
2026-04-15 00:12:06,30.4,57.6,32.6,54.2,0.0,0.0,0.0
2026-04-15 00:12:11,30.3,57.7,0.0,54.2,0.0,0.0,0.0
2026-04-15 00:12:16,30.2,57.6,17.5,54.2,0.0,0.0,0.0
2026-04-15 00:12:21,30.3,57.5,33.4,54.2,0.0,0.0,0.0
2026-04-15 00:12:26,30.4,57.4,30.3,54.2,0.0,0.0,0.0
2026-04-15 00:12:31,30.3,57.5,27.2,54.2,0.0,0.0,0.0
2026-04-15 00:12:36,30.3,57.5,0.0,54.2,0.0,0.0,0.0
2026-04-15 00:12:41,30.3,57.5,32.6,54.2,0.0,0.0,0.0
2026-04-15 00:12:46,30.3,57.4,23.8,54.2,0.0,0.0,0.0
2026-04-15 00:12:51,30.2,57.4,29.8,54.2,0.0,0.0,0.0
2026-04-15 00:12:56,30.2,57.6,9.3,54.2,0.0,0.0,0.0
2026-04-15 00:13:01,30.3,57.5,21.3,54.2,0.0,0.0,0.0
2026-04-15 00:13:06,30.2,57.6,0.0,54.2,0.0,0.0,0.0
2026-04-15 00:13:11,30.2,57.5,21.6,54.2,0.0,0.0,0.0
2026-04-15 00:13:16,30.3,57.6,2.3,54.2,0.0,0.0,0.0
2026-04-15 00:13:21,30.2,57.6,27.7,54.2,0.0,0.0,0.0
2026-04-15 00:13:26,30.3,57.4,44.5,54.2,0.0,0.0,0.0
2026-04-15 00:13:31,30.3,57.4,10.7,54.2,0.0,0.0,0.0
2026-04-15 00:13:36,30.2,57.5,14.2,54.2,0.0,0.0,0.0
2026-04-15 00:13:41,30.4,57.4,13.6,54.2,0.0,0.0,0.0
2026-04-15 00:13:46,30.2,57.3,22.6,54.2,0.0,0.0,0.0
2026-04-15 00:13:51,30.3,57.3,15.7,54.2,0.0,0.0,0.0
2026-04-15 00:13:56,30.3,57.4,17.9,54.2,0.0,0.0,0.0
2026-04-15 00:14:01,30.3,57.3,27.4,54.2,0.0,0.0,0.0
2026-04-15 00:14:06,30.3,57.3,18.2,54.2,0.0,0.0,0.0
2026-04-15 00:14:11,30.4,57.1,16.1,54.2,0.0,0.0,0.0
2026-04-15 00:14:16,30.4,57.2,27.2,54.2,0.0,0.0,0.0
2026-04-15 00:14:21,30.4,57.1,8.2,54.2,0.0,0.0,0.0
2026-04-15 00:14:26,30.2,57.0,25.7,54.2,0.0,0.0,0.0
2026-04-15 00:14:31,30.4,57.0,7.3,54.2,0.0,0.0,0.0
2026-04-15 00:14:36,30.2,56.9,0.6,54.2,0.0,0.0,0.0
2026-04-15 00:14:41,30.3,56.9,8.3,54.2,0.0,0.0,0.0
2026-04-15 00:14:46,30.3,56.9,24.5,54.2,0.0,0.0,0.0
2026-04-15 00:14:51,30.2,56.8,21.5,54.2,0.0,0.0,0.0
2026-04-15 00:14:56,30.2,56.8,17.6,54.2,0.0,0.0,0.0
2026-04-15 00:15:01,30.2,56.9,17.9,54.2,0.0,0.0,0.0
2026-04-15 00:15:06,30.3,56.9,16.6,54.2,0.0,0.0,0.0
2026-04-15 00:15:11,30.3,56.9,9.2,54.2,0.0,0.0,0.0
2026-04-15 00:15:16,30.3,56.9,18.3,54.2,0.0,0.0,0.0
2026-04-15 00:15:21,30.3,57.0,14.6,54.2,0.0,0.0,0.0
2026-04-15 00:15:26,30.4,57.1,18.0,54.2,0.0,0.0,0.0
2026-04-15 00:15:31,30.4,57.0,14.8,54.2,0.0,0.0,0.0
2026-04-15 00:15:36,30.2,57.1,20.9,54.2,0.0,0.0,0.0
2026-04-15 00:15:41,30.3,57.0,48.4,54.2,0.0,0.0,0.0
2026-04-15 00:15:46,30.3,57.2,0.0,54.2,0.0,0.0,0.0
2026-04-15 00:15:51,30.5,57.2,18.2,54.2,0.0,0.0,0.0
2026-04-15 00:15:56,30.4,57.3,7.1,54.2,0.0,0.0,0.0
2026-04-15 00:16:01,30.2,57.3,32.9,54.2,0.0,0.0,0.0
2026-04-15 00:16:06,30.4,57.3,14.7,54.2,0.0,0.0,0.0
2026-04-15 00:16:11,30.6,57.3,5.4,54.2,0.0,0.0,0.0
2026-04-15 00:16:16,30.3,57.2,1.9,54.2,0.0,0.0,0.0
2026-04-15 00:16:21,30.3,57.2,18.5,54.2,0.0,0.0,0.0
2026-04-15 00:16:26,30.2,57.2,6.5,54.2,0.0,0.0,0.0
2026-04-15 00:16:31,30.3,57.1,3.9,54.2,0.0,0.0,0.0
2026-04-15 00:16:36,30.3,57.1,0.0,54.2,0.0,0.0,0.0
2026-04-15 00:16:41,30.2,57.2,13.7,54.2,0.0,0.0,0.0
2026-04-15 00:16:46,30.2,57.2,18.5,54.2,0.0,0.0,0.0
2026-04-15 00:16:51,30.2,57.2,9.5,54.2,0.0,0.0,0.0
2026-04-15 00:16:56,30.4,57.3,17.4,54.2,0.0,0.0,0.0
2026-04-15 00:17:01,30.4,57.3,22.2,54.2,0.0,0.0,0.0
2026-04-15 00:17:06,30.2,57.3,4.9,54.2,0.0,0.0,0.0
2026-04-15 00:17:11,30.1,57.4,12.4,54.2,0.0,0.0,0.0
2026-04-15 00:17:16,30.3,57.4,0.0,54.2,0.0,0.0,0.0
2026-04-15 00:17:21,30.3,57.3,24.7,54.2,0.0,0.0,0.0
2026-04-15 00:17:26,30.3,57.5,19.6,54.2,0.0,0.0,0.0
2026-04-15 00:17:31,30.1,57.4,11.7,54.2,0.0,0.0,0.0
2026-04-15 00:17:36,30.3,57.4,23.0,54.2,0.0,0.0,0.0
2026-04-15 00:17:41,30.2,57.3,28.7,54.2,0.0,0.0,0.0
2026-04-15 00:17:46,30.2,57.4,34.0,54.2,0.0,0.0,0.0
2026-04-15 00:17:51,30.2,57.5,23.1,54.2,0.0,0.0,0.0
2026-04-15 00:17:56,30.4,57.4,12.9,54.2,0.0,0.0,0.0
2026-04-15 00:18:01,30.3,57.4,10.2,54.2,0.0,0.0,0.0
2026-04-15 00:18:06,30.2,57.3,17.2,54.2,0.0,0.0,0.0
2026-04-15 00:18:11,30.2,57.3,4.7,54.2,0.0,0.0,0.0
2026-04-15 00:18:16,30.2,57.3,0.0,54.2,0.0,0.0,0.0
2026-04-15 00:18:21,30.1,57.3,24.5,54.2,0.0,0.0,0.0
2026-04-15 00:18:26,30.3,57.2,20.2,54.2,0.0,0.0,0.0
2026-04-15 00:18:31,30.3,57.4,8.4,54.2,0.0,0.0,0.0
2026-04-15 00:18:36,30.2,57.3,23.6,54.2,0.0,0.0,0.0
2026-04-15 00:18:41,30.3,57.2,24.8,54.2,0.0,0.0,0.0
2026-04-15 00:18:46,30.3,57.1,39.1,54.2,0.0,0.0,0.0
2026-04-15 00:18:51,30.4,57.1,9.8,54.2,0.0,0.0,0.0
2026-04-15 00:18:56,30.2,57.1,0.0,54.2,0.0,0.0,0.0
2026-04-15 00:19:01,30.3,57.2,18.9,54.2,0.0,0.0,0.0
2026-04-15 00:19:06,30.4,57.3,5.0,54.2,0.0,0.0,0.0
2026-04-15 00:19:11,30.2,57.4,6.5,54.2,0.0,0.0,0.0
2026-04-15 00:19:16,30.2,57.5,19.2,54.2,0.0,0.0,0.0
2026-04-15 00:19:21,30.3,57.6,22.0,54.2,0.0,0.0,0.0
2026-04-15 00:19:26,30.4,57.8,25.2,54.2,0.0,0.0,0.0
2026-04-15 00:19:31,30.4,57.8,5.3,54.2,0.0,0.0,0.0
2026-04-15 00:19:36,30.3,57.8,10.0,54.2,0.0,0.0,0.0
2026-04-15 00:19:41,30.3,57.6,2.4,54.3,0.0,0.0,0.0
2026-04-15 00:19:46,30.3,57.5,28.2,54.3,0.0,0.0,0.0
2026-04-15 00:19:51,30.3,57.6,20.6,54.2,0.0,0.0,0.0
2026-04-15 00:19:56,30.3,57.7,9.8,54.2,0.0,0.0,0.0
2026-04-15 00:20:01,30.3,57.6,20.4,54.2,0.0,0.0,0.0
2026-04-15 00:20:06,30.1,57.8,8.9,54.2,0.0,0.0,0.0
2026-04-15 00:20:11,30.3,57.7,20.1,54.2,0.0,0.0,0.0
2026-04-15 00:20:16,30.2,57.8,31.3,54.2,0.0,0.0,0.0
2026-04-15 00:20:21,30.3,57.9,18.1,54.2,0.0,0.0,0.0
2026-04-15 00:20:26,30.2,57.8,2.7,54.2,0.0,0.0,0.0
2026-04-15 00:20:31,30.5,57.8,6.1,54.2,0.0,0.0,0.0
2026-04-15 00:20:36,30.3,57.8,15.7,54.2,0.0,0.0,0.0
2026-04-15 00:20:41,30.3,57.8,17.0,54.2,0.0,0.0,0.0
2026-04-15 00:20:46,30.4,57.9,0.0,54.2,0.0,0.0,0.0
2026-04-15 00:20:51,30.3,58.0,35.4,54.2,0.0,0.0,0.0
2026-04-15 00:20:56,30.2,58.2,20.4,54.2,0.0,0.0,0.0
2026-04-15 00:21:01,30.2,58.2,7.2,54.2,0.0,0.0,0.0
2026-04-15 00:21:06,30.3,58.1,14.3,54.2,0.0,0.0,0.0
2026-04-15 00:21:11,30.4,58.0,23.9,54.2,0.0,0.0,0.0
2026-04-15 00:21:16,30.3,57.9,27.4,54.2,0.0,0.0,0.0
2026-04-15 00:21:21,30.4,58.0,5.9,54.2,0.0,0.0,0.0
2026-04-15 00:21:26,30.2,58.0,14.3,54.2,0.0,0.0,0.0
2026-04-15 00:21:31,30.4,58.1,19.0,54.2,0.0,0.0,0.0
2026-04-15 00:21:36,30.2,58.1,21.6,54.2,0.0,0.0,0.0
2026-04-15 00:21:41,30.2,58.2,22.2,54.2,0.0,0.0,0.0
2026-04-15 00:21:46,30.2,58.2,35.1,54.2,0.0,0.0,0.0
2026-04-15 00:21:51,30.2,58.2,11.6,54.2,0.0,0.0,0.0
2026-04-15 00:21:56,30.4,58.1,25.1,54.2,0.0,0.0,0.0
2026-04-15 00:22:01,30.3,58.0,30.9,54.2,0.0,0.0,0.0
2026-04-15 00:22:06,30.3,58.0,1.8,54.2,0.0,0.0,0.0
2026-04-15 00:22:11,30.2,57.9,8.0,54.2,0.0,0.0,0.0
2026-04-15 00:22:16,30.3,57.8,14.9,54.2,0.0,0.0,0.0
2026-04-15 00:22:21,30.2,57.7,30.7,54.2,0.0,0.0,0.0
2026-04-15 00:22:26,30.1,57.8,24.6,54.2,0.0,0.0,0.0
2026-04-15 00:22:31,30.2,57.7,16.7,54.2,0.0,0.0,0.0
2026-04-15 00:22:36,30.2,57.8,29.1,54.2,0.0,0.0,0.0
2026-04-15 00:22:41,30.2,57.6,34.1,54.2,0.0,0.0,0.0
2026-04-15 00:22:46,30.3,57.5,31.4,54.2,0.0,0.0,0.0
2026-04-15 00:22:51,30.2,57.5,9.9,54.2,0.0,0.0,0.0
2026-04-15 00:22:56,30.3,57.6,11.8,54.2,0.0,0.0,0.0
2026-04-15 00:23:01,30.3,57.5,8.4,54.2,0.0,0.0,0.0
2026-04-15 00:23:06,30.1,57.6,0.0,54.2,0.0,0.0,0.0
2026-04-15 00:23:11,30.1,57.5,15.8,54.2,0.0,0.0,0.0
2026-04-15 00:23:16,30.3,57.6,18.0,54.2,0.0,0.0,0.0
2026-04-15 00:23:21,30.2,57.7,24.9,54.2,0.0,0.0,0.0
2026-04-15 00:23:26,30.2,57.7,23.2,54.2,0.0,0.0,0.0
2026-04-15 00:23:31,30.2,57.9,26.5,54.2,0.0,0.0,0.0
2026-04-15 00:23:36,30.3,57.8,0.0,54.2,0.0,0.0,0.0
2026-04-15 00:23:41,30.2,57.9,29.4,54.2,0.0,0.0,0.0
2026-04-15 00:23:46,30.3,57.8,21.6,54.2,0.0,0.0,0.0
2026-04-15 00:23:51,30.3,57.9,17.8,54.2,0.0,0.0,0.0
2026-04-15 00:23:56,30.2,57.8,34.1,54.2,0.0,0.0,0.0
2026-04-15 00:24:01,30.2,57.9,9.1,54.2,0.0,0.0,0.0
2026-04-15 00:24:06,30.2,57.9,2.9,54.2,0.0,0.0,0.0
2026-04-15 00:24:11,30.2,58.0,0.0,54.2,0.0,0.0,0.0
2026-04-15 00:24:16,30.2,58.1,13.4,54.2,0.0,0.0,0.0
2026-04-15 00:24:21,30.2,58.1,25.9,54.2,0.0,0.0,0.0
2026-04-15 00:24:26,30.2,58.0,25.9,54.2,0.0,0.0,0.0
2026-04-15 00:24:31,30.2,58.1,14.6,54.2,0.0,0.0,0.0
2026-04-15 00:24:36,30.4,58.1,25.6,54.2,0.0,0.0,0.0
2026-04-15 00:24:41,30.2,58.1,14.7,54.2,0.0,0.0,0.0
2026-04-15 00:24:46,30.2,58.2,22.8,54.2,0.0,0.0,0.0
2026-04-15 00:24:51,30.1,58.1,23.9,54.2,0.0,0.0,0.0
2026-04-15 00:24:56,30.3,58.0,11.1,54.2,0.0,0.0,0.0
2026-04-15 00:25:01,30.2,58.0,18.2,54.2,0.0,0.0,0.0
2026-04-15 00:25:06,30.2,58.0,0.0,54.2,0.0,0.0,0.0
2026-04-15 00:25:11,30.2,58.1,32.0,54.1,0.0,0.0,0.0
2026-04-15 00:25:16,30.1,58.0,25.3,54.1,0.0,0.0,0.0
2026-04-15 00:25:21,30.2,58.0,11.3,54.1,0.0,0.0,0.0
2026-04-15 00:25:26,30.4,58.0,8.4,54.2,0.0,0.0,0.0
2026-04-15 00:25:31,30.2,58.0,0.4,54.2,0.0,0.0,0.0
2026-04-15 00:25:36,30.4,58.0,16.2,54.2,0.0,0.0,0.0
2026-04-15 00:25:41,30.3,57.8,9.4,54.2,0.0,0.0,0.0
2026-04-15 00:25:46,30.2,57.8,5.3,54.2,0.0,0.0,0.0
2026-04-15 00:25:51,30.2,57.7,26.6,54.2,0.0,0.0,0.0
2026-04-15 00:25:56,30.2,57.6,8.5,54.2,0.0,0.0,0.0
2026-04-15 00:26:01,30.3,57.5,20.0,54.2,0.0,0.0,0.0
2026-04-15 00:26:06,30.2,57.5,15.5,54.2,0.0,0.0,0.0
2026-04-15 00:26:11,30.4,57.4,17.0,54.2,0.0,0.0,0.0
2026-04-15 00:26:16,30.4,57.5,17.5,54.2,0.0,0.0,0.0
2026-04-15 00:26:21,30.3,57.4,0.7,54.2,0.0,0.0,0.0
2026-04-15 00:26:26,30.2,57.3,8.1,54.2,0.0,0.0,0.0
2026-04-15 00:26:31,30.3,57.3,16.3,54.2,0.0,0.0,0.0
2026-04-15 00:26:36,30.2,57.4,20.3,54.2,0.0,0.0,0.0
2026-04-15 00:26:41,30.1,57.5,10.0,54.2,0.0,0.0,0.0
2026-04-15 00:26:46,30.1,57.5,23.8,54.2,0.0,0.0,0.0
2026-04-15 00:26:51,30.3,57.6,32.3,54.2,0.0,0.0,0.0
2026-04-15 00:26:56,30.2,57.7,14.0,54.2,0.0,0.0,0.0
2026-04-15 00:27:01,30.2,57.4,12.3,54.2,0.0,0.0,0.0
2026-04-15 00:27:06,30.1,57.6,32.8,54.2,0.0,0.0,0.0
2026-04-15 00:27:11,30.2,57.6,12.2,54.1,0.0,0.0,0.0
2026-04-15 00:27:16,30.1,57.6,8.5,54.1,0.0,0.0,0.0
2026-04-15 00:27:21,30.4,57.5,29.6,54.2,0.0,0.0,0.0
2026-04-15 00:27:26,30.3,57.6,24.0,54.2,0.0,0.0,0.0
2026-04-15 00:27:31,30.1,57.6,10.1,54.1,0.0,0.0,0.0
2026-04-15 00:27:36,30.2,57.4,19.6,54.1,0.0,0.0,0.0
2026-04-15 00:27:41,30.2,57.5,8.5,54.1,0.0,0.0,0.0
2026-04-15 00:27:46,30.2,57.4,39.5,54.2,0.0,0.0,0.0
2026-04-15 00:27:51,30.2,57.4,18.6,54.2,0.0,0.0,0.0
2026-04-15 00:27:56,30.2,57.3,7.4,54.2,0.0,0.0,0.0
2026-04-15 00:28:01,30.3,57.4,11.1,54.2,0.0,0.0,0.0
2026-04-15 00:28:06,30.2,57.4,15.3,54.2,0.0,0.0,0.0
2026-04-15 00:28:11,30.2,57.4,17.5,54.2,0.0,0.0,0.0
2026-04-15 00:28:16,30.2,57.5,0.0,54.2,0.0,0.0,0.0
2026-04-15 00:28:21,30.3,57.6,25.4,54.2,0.0,0.0,0.0
2026-04-15 00:28:26,30.3,57.6,18.7,54.2,0.0,0.0,0.0
2026-04-15 00:28:31,30.1,57.6,11.1,54.2,0.0,0.0,0.0
2026-04-15 00:28:36,30.3,57.5,17.8,54.2,0.0,0.0,0.0
2026-04-15 00:28:41,30.3,57.5,2.9,54.2,0.0,0.0,0.0
2026-04-15 00:28:46,30.1,57.5,7.9,54.2,0.0,0.0,0.0
2026-04-15 00:28:51,30.2,57.5,17.7,54.2,0.0,0.0,0.0
2026-04-15 00:28:56,30.3,57.4,8.7,54.2,0.0,0.0,0.0
2026-04-15 00:29:01,30.2,57.4,22.4,54.1,0.0,0.0,0.0
2026-04-15 00:29:06,30.3,57.4,15.5,54.1,0.0,0.0,0.0
2026-04-15 00:29:11,30.2,57.5,0.0,54.1,0.0,0.0,0.0
2026-04-15 00:29:16,30.3,57.4,13.9,54.1,0.0,0.0,0.0
2026-04-15 00:29:21,30.2,57.6,22.2,54.1,0.0,0.0,0.0
2026-04-15 00:29:26,30.2,57.5,18.8,54.1,0.0,0.0,0.0
2026-04-15 00:29:31,30.2,57.5,12.6,54.1,0.0,0.0,0.0
2026-04-15 00:29:36,30.0,57.5,16.8,54.2,0.0,0.0,0.0
2026-04-15 00:29:41,30.3,57.4,2.9,54.2,0.0,0.0,0.0
2026-04-15 00:29:46,30.2,57.4,4.4,54.2,0.0,0.0,0.0
2026-04-15 00:29:51,30.3,57.5,0.0,54.2,0.0,0.0,0.0
2026-04-15 00:29:56,30.4,57.6,8.6,54.2,0.0,0.0,0.0
2026-04-15 00:30:01,30.2,57.6,32.9,54.2,0.0,0.0,0.0
2026-04-15 00:30:06,30.2,57.7,11.4,54.1,0.0,0.0,0.0
2026-04-15 00:30:11,30.3,57.7,9.0,54.1,0.0,0.0,0.0
2026-04-15 00:30:16,30.4,57.8,16.0,54.1,0.0,0.0,0.0
2026-04-15 00:30:21,30.3,57.8,3.7,54.1,0.0,0.0,0.0
2026-04-15 00:30:26,30.4,57.8,0.0,54.1,0.0,0.0,0.0
2026-04-15 00:30:31,30.1,57.8,26.1,54.1,0.0,0.0,0.0
2026-04-15 00:30:36,30.3,57.8,6.9,54.1,0.0,0.0,0.0
2026-04-15 00:30:41,30.2,57.8,28.8,54.2,0.0,0.0,0.0
2026-04-15 00:30:46,30.2,57.9,38.1,54.2,0.0,0.0,0.0
2026-04-15 00:30:51,30.2,57.8,12.9,54.2,0.0,0.0,0.0
2026-04-15 00:30:56,30.3,57.8,35.7,54.1,0.0,0.0,0.0
2026-04-15 00:31:01,30.3,57.8,20.0,54.1,0.0,0.0,0.0
2026-04-15 00:31:06,30.2,57.8,5.9,54.1,0.0,0.0,0.0
2026-04-15 00:31:11,30.3,57.8,27.9,54.1,0.0,0.0,0.0
2026-04-15 00:31:16,30.2,57.8,13.3,54.1,0.0,0.0,0.0
2026-04-15 00:31:21,30.2,57.8,20.7,54.1,0.0,0.0,0.0
2026-04-15 00:31:26,30.2,57.9,19.0,54.1,0.0,0.0,0.0
2026-04-15 00:31:31,30.2,57.8,11.9,54.1,0.0,0.0,0.0
2026-04-15 00:31:36,30.3,57.7,9.3,54.1,0.0,0.0,0.0
2026-04-15 00:31:41,30.2,57.8,0.0,54.2,0.0,0.0,0.0
2026-04-15 00:31:46,30.3,57.8,9.6,54.2,0.0,0.0,0.0
2026-04-15 00:31:51,30.3,57.9,29.8,54.2,0.0,0.0,0.0
2026-04-15 00:31:56,30.3,57.9,7.5,54.1,0.0,0.0,0.0
2026-04-15 00:32:01,30.2,58.0,5.9,54.1,0.0,0.0,0.0
2026-04-15 00:32:06,30.3,58.0,7.4,54.1,0.0,0.0,0.0
2026-04-15 00:32:11,30.2,58.1,15.7,54.1,0.0,0.0,0.0
2026-04-15 00:32:16,30.3,58.1,10.9,54.2,0.0,0.0,0.0
2026-04-15 00:32:21,30.2,58.0,19.8,54.2,0.0,0.0,0.0
2026-04-15 00:32:26,30.1,58.0,21.5,54.1,0.0,0.0,0.0
2026-04-15 00:32:31,30.2,57.9,13.2,54.1,0.0,0.0,0.0
2026-04-15 00:32:36,30.2,57.9,24.8,54.1,0.0,0.0,0.0
2026-04-15 00:32:41,30.3,58.0,34.0,54.1,0.0,0.0,0.0
2026-04-15 00:32:46,30.3,57.9,15.7,54.1,0.0,0.0,0.0
2026-04-15 00:32:51,30.3,57.7,4.4,54.1,0.0,0.0,0.0
2026-04-15 00:32:56,30.4,57.6,8.6,54.1,0.0,0.0,0.0
2026-04-15 00:33:01,30.4,57.5,6.3,54.1,0.0,0.0,0.0
2026-04-15 00:33:06,30.2,57.5,24.9,54.1,0.0,0.0,0.0
2026-04-15 00:33:11,30.3,57.6,10.3,54.1,0.0,0.0,0.0
2026-04-15 00:33:16,30.3,57.7,14.9,54.1,0.0,0.0,0.0
2026-04-15 00:33:21,30.2,57.7,11.0,54.1,0.0,0.0,0.0
2026-04-15 00:33:26,30.2,57.8,0.9,54.1,0.0,0.0,0.0
2026-04-15 00:33:31,30.3,57.6,20.0,54.2,0.0,0.0,0.0
2026-04-15 00:33:36,30.4,57.5,25.8,54.2,0.0,0.0,0.0
2026-04-15 00:33:41,30.2,57.4,39.9,54.1,0.0,0.0,0.0
2026-04-15 00:33:46,30.3,57.4,6.0,54.1,0.0,0.0,0.0
2026-04-15 00:33:51,30.2,57.4,13.1,54.1,0.0,0.0,0.0
2026-04-15 00:33:56,30.1,57.6,15.2,54.1,0.0,0.0,0.0
2026-04-15 00:34:01,30.3,57.6,26.1,54.1,0.0,0.0,0.0
2026-04-15 00:34:06,30.2,57.5,6.4,54.1,0.0,0.0,0.0
2026-04-15 00:34:11,30.3,57.6,12.5,54.1,0.0,0.0,0.0
2026-04-15 00:34:16,30.3,57.6,3.3,54.1,0.0,0.0,0.0
2026-04-15 00:34:21,30.1,57.7,18.0,54.1,0.0,0.0,0.0
2026-04-15 00:34:26,30.3,57.7,6.5,54.1,0.0,0.0,0.0
2026-04-15 00:34:31,30.3,57.6,6.1,54.1,0.0,0.0,0.0
2026-04-15 00:34:36,30.4,57.5,21.5,54.1,0.0,0.0,0.0
2026-04-15 00:34:41,30.2,57.4,8.6,54.2,0.0,0.0,0.0
2026-04-15 00:34:46,30.1,57.3,30.8,54.2,0.0,0.0,0.0
2026-04-15 00:34:51,30.2,57.3,0.0,54.2,0.0,0.0,0.0
2026-04-15 00:34:56,30.2,57.3,16.7,54.2,0.0,0.0,0.0
2026-04-15 00:35:01,30.3,57.3,14.6,54.2,0.0,0.0,0.0
2026-04-15 00:35:06,30.3,57.3,4.2,54.2,0.0,0.0,0.0
2026-04-15 00:35:11,30.2,57.3,15.4,54.2,0.0,0.0,0.0
2026-04-15 00:35:16,30.0,57.3,19.9,54.1,0.0,0.0,0.0
2026-04-15 00:35:21,30.2,57.4,0.0,54.1,0.0,0.0,0.0
2026-04-15 00:35:26,30.2,57.3,17.5,54.1,0.0,0.0,0.0
2026-04-15 00:35:31,30.2,57.3,21.6,54.1,0.0,0.0,0.0
2026-04-15 00:35:36,30.3,57.5,13.3,54.1,0.0,0.0,0.0
2026-04-15 00:35:41,30.2,57.5,22.9,54.1,0.0,0.0,0.0
2026-04-15 00:35:46,30.4,57.5,24.4,54.2,0.0,0.0,0.0
2026-04-15 00:35:51,30.2,57.6,12.1,54.2,0.0,0.0,0.0
2026-04-15 00:35:56,30.1,57.7,22.6,54.2,0.0,0.0,0.0
2026-04-15 00:36:01,30.3,57.7,14.0,54.1,0.0,0.0,0.0
2026-04-15 00:36:06,30.2,57.6,27.0,54.1,0.0,0.0,0.0
2026-04-15 00:36:11,30.2,57.7,24.1,54.1,0.0,0.0,0.0
2026-04-15 00:36:16,30.1,57.5,19.2,54.1,0.0,0.0,0.0
2026-04-15 00:36:21,30.4,57.4,10.4,54.1,0.0,0.0,0.0
2026-04-15 00:36:26,30.2,57.5,20.8,54.1,0.0,0.0,0.0
2026-04-15 00:36:31,30.3,57.6,34.9,54.1,0.0,0.0,0.0
2026-04-15 00:36:36,30.2,57.6,4.9,54.1,0.0,0.0,0.0
2026-04-15 00:36:41,30.2,57.7,14.5,54.1,0.0,0.0,0.0
2026-04-15 00:36:46,30.2,57.8,21.6,54.1,0.0,0.0,0.0
2026-04-15 00:36:51,30.3,57.8,23.8,54.1,0.0,0.0,0.0
2026-04-15 00:36:56,30.2,57.6,22.6,54.1,0.0,0.0,0.0
2026-04-15 00:37:01,30.2,57.7,3.4,54.1,0.0,0.0,0.0
2026-04-15 00:37:06,30.5,57.7,9.9,54.1,0.0,0.0,0.0
2026-04-15 00:37:11,30.4,57.6,9.0,54.1,0.0,0.0,0.0
2026-04-15 00:37:16,30.1,57.6,0.0,54.1,0.0,0.0,0.0
2026-04-15 00:37:21,30.2,57.6,25.4,54.1,0.0,0.0,0.0
2026-04-15 00:37:26,30.1,57.7,21.1,54.1,0.0,0.0,0.0
2026-04-15 00:37:31,30.2,57.7,0.0,54.1,0.0,0.0,0.0
2026-04-15 00:37:36,30.3,57.7,0.0,54.1,0.0,0.0,0.0
2026-04-15 00:37:41,30.3,57.7,12.0,54.1,0.0,0.0,0.0
2026-04-15 00:37:46,30.1,57.7,16.9,54.1,0.0,0.0,0.0
2026-04-15 00:37:51,30.2,57.9,12.6,54.1,0.0,0.0,0.0
2026-04-15 00:37:56,30.1,57.9,11.4,54.1,0.0,0.0,0.0
2026-04-15 00:38:01,30.3,58.0,4.0,54.1,0.0,0.0,0.0
2026-04-15 00:38:06,30.3,57.8,4.6,54.1,0.0,0.0,0.0
2026-04-15 00:38:11,30.2,57.8,29.9,54.1,0.0,0.0,0.0
2026-04-15 00:38:16,30.3,57.9,20.8,54.1,0.0,0.0,0.0
2026-04-15 00:38:21,30.4,58.0,20.4,54.1,0.0,0.0,0.0
2026-04-15 00:38:26,30.4,57.8,17.2,54.1,0.0,0.0,0.0
2026-04-15 00:38:31,30.3,57.8,6.3,54.1,0.0,0.0,0.0
2026-04-15 00:38:36,30.5,57.7,4.3,54.1,0.0,0.0,0.0
2026-04-15 00:38:41,30.3,57.6,23.1,54.1,0.0,0.0,0.0
2026-04-15 00:38:46,30.3,57.6,9.8,54.1,0.0,0.0,0.0
2026-04-15 00:38:51,30.2,57.6,19.9,54.1,0.0,0.0,0.0
2026-04-15 00:38:56,30.3,57.5,15.4,54.1,0.0,0.0,0.0
2026-04-15 00:39:01,30.3,57.5,2.9,54.1,0.0,0.0,0.0
2026-04-15 00:39:06,30.3,57.6,0.0,54.1,0.0,0.0,0.0
2026-04-15 00:39:11,30.3,57.6,10.5,54.0,0.0,0.0,0.0
2026-04-15 00:39:16,30.3,57.6,3.7,54.0,0.0,0.0,0.0
2026-04-15 00:39:21,30.4,57.8,2.6,54.0,0.0,0.0,0.0
2026-04-15 00:39:26,30.3,57.8,22.3,54.0,0.0,0.0,0.0
2026-04-15 00:39:31,30.3,57.8,7.5,54.1,0.0,0.0,0.0
2026-04-15 00:39:36,30.5,57.6,12.6,54.1,0.0,0.0,0.0
2026-04-15 00:39:41,30.4,57.6,21.4,54.1,0.0,0.0,0.0
2026-04-15 00:39:46,30.4,57.5,38.3,54.1,0.0,0.0,0.0
2026-04-15 00:39:51,30.4,57.4,33.7,54.1,0.0,0.0,0.0
2026-04-15 00:39:56,30.4,57.3,30.1,54.1,0.0,0.0,0.0
2026-04-15 00:40:01,30.4,57.4,5.6,54.0,0.0,0.0,0.0
2026-04-15 00:40:06,30.3,57.5,0.0,54.0,0.0,0.0,0.0
2026-04-15 00:40:11,30.4,57.5,9.3,54.1,0.0,0.0,0.0
2026-04-15 00:40:16,30.4,57.5,18.2,54.1,0.0,0.0,0.0
2026-04-15 00:40:21,30.2,57.5,12.4,54.1,0.0,0.0,0.0
2026-04-15 00:40:26,30.3,57.4,8.4,54.1,0.0,0.0,0.0
2026-04-15 00:40:31,30.3,57.5,14.9,54.1,0.0,0.0,0.0
2026-04-15 00:40:36,30.3,57.6,21.5,54.1,0.0,0.0,0.0
2026-04-15 00:40:41,30.3,57.6,0.5,54.0,0.0,0.0,0.0
2026-04-15 00:40:46,30.1,57.5,4.8,54.0,0.0,0.0,0.0
2026-04-15 00:40:51,30.4,57.6,7.3,54.0,0.0,0.0,0.0
2026-04-15 00:40:56,30.4,57.6,0.3,54.1,0.0,0.0,0.0
2026-04-15 00:41:01,30.4,57.6,14.9,54.1,0.0,0.0,0.0
2026-04-15 00:41:06,30.4,57.6,2.1,54.1,0.0,0.0,0.0
2026-04-15 00:41:11,30.4,57.6,5.5,54.1,0.0,0.0,0.0
2026-04-15 00:41:16,30.2,57.8,1.0,54.1,0.0,0.0,0.0
2026-04-15 00:41:21,30.3,57.9,19.8,54.1,0.0,0.0,0.0
2026-04-15 00:41:26,30.4,58.0,7.8,54.1,0.0,0.0,0.0
2026-04-15 00:41:31,30.3,58.0,0.1,54.1,0.0,0.0,0.0
2026-04-15 00:41:36,30.4,57.9,0.0,54.1,0.0,0.0,0.0
2026-04-15 00:41:41,30.2,57.7,23.4,54.1,0.0,0.0,0.0
2026-04-15 00:41:46,30.3,57.7,14.4,54.1,0.0,0.0,0.0
2026-04-15 00:41:51,30.4,57.6,11.2,54.1,0.0,0.0,0.0
2026-04-15 00:41:56,30.2,57.7,14.2,54.1,0.0,0.0,0.0
2026-04-15 00:42:01,30.2,57.9,0.0,54.1,0.0,0.0,0.0
2026-04-15 00:42:06,30.2,57.9,21.1,54.1,0.0,0.0,0.0
2026-04-15 00:42:11,30.2,57.7,23.0,54.0,0.0,0.0,0.0
2026-04-15 00:42:16,30.2,57.7,9.3,54.0,0.0,0.0,0.0
2026-04-15 00:42:21,30.3,57.6,12.1,54.0,0.0,0.0,0.0
2026-04-15 00:42:26,30.3,57.6,26.3,54.0,0.0,0.0,0.0
2026-04-15 00:42:31,30.3,57.7,17.9,54.0,0.0,0.0,0.0
2026-04-15 00:42:36,30.3,57.7,9.7,54.1,0.0,0.0,0.0
2026-04-15 00:42:41,30.2,57.7,33.5,54.1,0.0,0.0,0.0
2026-04-15 00:42:46,30.2,57.7,19.6,54.1,0.0,0.0,0.0
2026-04-15 00:42:51,30.2,57.7,6.2,54.1,0.0,0.0,0.0
2026-04-15 00:42:56,30.4,57.6,0.0,54.1,0.0,0.0,0.0
2026-04-15 00:43:01,30.4,57.6,24.9,54.1,0.0,0.0,0.0
2026-04-15 00:43:06,30.3,57.7,15.7,54.1,0.0,0.0,0.0
2026-04-15 00:43:11,30.3,57.7,24.7,54.1,0.0,0.0,0.0
2026-04-15 00:43:16,30.3,57.7,18.0,54.1,0.0,0.0,0.0
2026-04-15 00:43:21,30.2,57.8,7.1,54.1,0.0,0.0,0.0
2026-04-15 00:43:26,30.4,57.8,32.4,54.1,0.0,0.0,0.0
2026-04-15 00:43:31,30.1,57.9,4.1,54.1,0.0,0.0,0.0
2026-04-15 00:43:36,30.4,58.0,16.3,54.1,0.0,0.0,0.0
2026-04-15 00:43:41,30.4,58.0,4.0,54.0,0.0,0.0,0.0
2026-04-15 00:43:46,30.3,58.1,8.8,54.0,0.0,0.0,0.0
2026-04-15 00:43:51,30.2,58.0,26.4,54.1,0.0,0.0,0.0
2026-04-15 00:43:56,30.2,58.0,20.9,54.1,0.0,0.0,0.0
2026-04-15 00:44:01,30.3,58.0,15.6,54.1,0.0,0.0,0.0
2026-04-15 00:44:06,30.4,57.9,0.0,54.0,0.0,0.0,0.0
2026-04-15 00:44:11,30.2,57.9,13.7,54.0,0.0,0.0,0.0
2026-04-15 00:44:16,30.3,57.9,26.0,54.0,0.0,0.0,0.0
2026-04-15 00:44:21,30.4,57.9,0.0,54.0,0.0,0.0,0.0
2026-04-15 00:44:26,30.4,57.9,36.5,54.0,0.0,0.0,0.0
2026-04-15 00:44:31,30.3,57.9,14.4,54.0,0.0,0.0,0.0
2026-04-15 00:44:36,30.4,58.0,24.5,54.0,0.0,0.0,0.0
2026-04-15 00:44:41,30.5,58.1,31.6,54.0,0.0,0.0,0.0
2026-04-15 00:44:46,30.2,58.0,23.8,54.0,0.0,0.0,0.0
2026-04-15 00:44:51,30.2,57.9,26.2,54.1,0.0,0.0,0.0
2026-04-15 00:44:56,30.3,57.9,11.0,54.1,0.0,0.0,0.0
2026-04-15 00:45:01,30.4,57.8,22.5,54.1,0.0,0.0,0.0
2026-04-15 00:45:06,30.4,57.7,21.3,54.1,0.0,0.0,0.0
2026-04-15 00:45:11,30.3,57.7,9.2,54.1,0.0,0.0,0.0
2026-04-15 00:45:16,30.4,57.7,20.6,54.1,0.0,0.0,0.0
2026-04-15 00:45:21,30.2,57.8,0.0,54.1,0.0,0.0,0.0
2026-04-15 00:45:26,30.3,57.8,0.0,54.1,0.0,0.0,0.0
2026-04-15 00:45:31,30.4,57.8,7.1,54.1,0.0,0.0,0.0
2026-04-15 00:45:36,30.2,57.8,12.2,54.1,0.0,0.0,0.0
2026-04-15 00:45:41,30.3,57.6,3.9,54.1,0.0,0.0,0.0
2026-04-15 00:45:46,30.3,57.7,27.0,54.1,0.0,0.0,0.0
2026-04-15 00:45:51,30.2,57.6,0.0,54.1,0.0,0.0,0.0
2026-04-15 00:45:56,30.2,57.6,9.5,54.1,0.0,0.0,0.0
2026-04-15 00:46:01,30.4,57.7,33.3,54.1,0.0,0.0,0.0
2026-04-15 00:46:06,30.4,57.8,15.2,54.1,0.0,0.0,0.0
2026-04-15 00:46:11,30.2,57.9,16.5,54.1,0.0,0.0,0.0
2026-04-15 00:46:16,30.3,57.9,14.6,54.1,0.0,0.0,0.0
2026-04-15 00:46:21,30.1,58.1,7.3,54.1,0.0,0.0,0.0
2026-04-15 00:46:26,30.4,58.1,26.5,54.1,0.0,0.0,0.0
2026-04-15 00:46:31,30.2,58.2,26.3,54.0,0.0,0.0,0.0
2026-04-15 00:46:36,30.2,58.0,2.7,54.0,0.0,0.0,0.0
2026-04-15 00:46:41,30.4,57.8,10.8,54.0,0.0,0.0,0.0
2026-04-15 00:46:46,30.3,57.8,20.0,54.0,0.0,0.0,0.0
2026-04-15 00:46:51,30.2,57.9,28.7,54.0,0.0,0.0,0.0
2026-04-15 00:46:56,30.3,57.9,17.5,54.0,0.0,0.0,0.0
2026-04-15 00:47:01,30.3,58.0,24.3,54.0,0.0,0.0,0.0
2026-04-15 00:47:06,30.3,58.0,0.0,54.0,0.0,0.0,0.0
2026-04-15 00:47:11,30.2,58.1,18.7,54.0,0.0,0.0,0.0
2026-04-15 00:47:16,30.1,58.1,3.4,54.0,0.0,0.0,0.0
2026-04-15 00:47:21,30.2,58.1,10.0,54.0,0.0,0.0,0.0
2026-04-15 00:47:26,30.2,58.0,9.4,54.0,0.0,0.0,0.0
2026-04-15 00:47:31,30.2,58.0,8.8,54.0,0.0,0.0,0.0
2026-04-15 00:47:36,30.3,57.9,6.5,54.0,0.0,0.0,0.0
2026-04-15 00:47:41,30.3,57.9,24.8,54.0,0.0,0.0,0.0
2026-04-15 00:47:46,30.1,57.9,8.8,54.0,0.0,0.0,0.0
2026-04-15 00:47:51,30.2,58.0,0.0,54.0,0.0,0.0,0.0
2026-04-15 00:47:56,30.2,57.9,26.1,54.0,0.0,0.0,0.0
2026-04-15 00:48:01,30.3,57.7,22.4,54.0,0.0,0.0,0.0
2026-04-15 00:48:06,30.3,57.7,27.0,54.0,0.0,0.0,0.0
2026-04-15 00:48:11,30.2,57.7,19.1,54.1,0.0,0.0,0.0
2026-04-15 00:48:16,30.2,57.7,37.4,54.1,0.0,0.0,0.0
2026-04-15 00:48:21,30.1,57.9,21.6,54.0,0.0,0.0,0.0
2026-04-15 00:48:26,30.1,57.8,5.0,54.0,0.0,0.0,0.0
2026-04-15 00:48:31,30.3,57.8,12.6,54.0,0.0,0.0,0.0
2026-04-15 00:48:36,30.2,57.7,31.5,54.0,0.0,0.0,0.0
2026-04-15 00:48:41,30.1,57.7,19.1,54.0,0.0,0.0,0.0
2026-04-15 00:48:46,30.3,57.6,15.7,54.0,0.0,0.0,0.0
2026-04-15 00:48:51,30.2,57.7,13.1,54.0,0.0,0.0,0.0
2026-04-15 00:48:56,30.4,57.6,9.5,54.1,0.0,0.0,0.0
2026-04-15 00:49:01,30.2,57.6,12.1,54.1,0.0,0.0,0.0
2026-04-15 00:49:06,30.2,57.6,20.3,54.1,0.0,0.0,0.0
2026-04-15 00:49:11,30.2,57.5,24.8,54.0,0.0,0.0,0.0
2026-04-15 00:49:16,30.2,57.7,22.0,54.0,0.0,0.0,0.0
2026-04-15 00:49:21,30.3,57.7,15.2,54.1,0.0,0.0,0.0
2026-04-15 00:49:26,30.2,57.9,0.0,54.1,0.0,0.0,0.0
2026-04-15 00:49:31,30.1,57.8,18.9,54.0,0.0,0.0,0.0
2026-04-15 00:49:36,30.2,57.6,19.8,54.0,0.0,0.0,0.0
2026-04-15 00:49:41,30.3,57.7,19.4,54.0,0.0,0.0,0.0
2026-04-15 00:49:46,30.3,57.6,27.9,54.0,0.0,0.0,0.0
2026-04-15 00:49:51,30.2,57.5,15.3,54.0,0.0,0.0,0.0
2026-04-15 00:49:56,30.3,57.7,0.0,54.0,0.0,0.0,0.0
2026-04-15 00:50:01,30.3,57.6,5.1,54.0,0.0,0.0,0.0
2026-04-15 00:50:06,30.3,57.6,4.7,54.1,0.0,0.0,0.0
2026-04-15 00:50:11,30.3,57.7,24.8,54.1,0.0,0.0,0.0
2026-04-15 00:50:16,30.3,57.5,14.5,54.1,0.0,0.0,0.0
2026-04-15 00:50:21,30.3,57.5,23.5,54.1,0.0,0.0,0.0
2026-04-15 00:50:26,30.3,57.6,21.8,54.1,0.0,0.0,0.0
2026-04-15 00:50:31,30.0,57.4,22.8,54.1,0.0,0.0,0.0
2026-04-15 00:50:36,30.2,57.4,29.6,54.0,0.0,0.0,0.0
2026-04-15 00:50:41,30.2,57.4,3.2,54.0,0.0,0.0,0.0
2026-04-15 00:50:46,30.3,57.3,0.0,54.0,0.0,0.0,0.0
2026-04-15 00:50:51,30.3,57.2,4.3,54.0,0.0,0.0,0.0
2026-04-15 00:50:56,30.2,57.4,2.6,54.0,0.0,0.0,0.0
2026-04-15 00:51:01,30.2,57.3,8.8,54.0,0.0,0.0,0.0
2026-04-15 00:51:06,30.4,57.3,9.6,54.0,0.0,0.0,0.0
2026-04-15 00:51:11,30.3,57.4,16.0,54.0,0.0,0.0,0.0
2026-04-15 00:51:16,30.3,57.4,22.9,54.0,0.0,0.0,0.0
2026-04-15 00:51:21,30.4,57.4,0.0,54.0,0.0,0.0,0.0
2026-04-15 00:51:26,30.3,57.4,25.7,54.0,0.0,0.0,0.0
2026-04-15 00:51:31,30.4,57.4,9.6,54.0,0.0,0.0,0.0
2026-04-15 00:51:36,30.4,57.4,8.0,54.0,0.0,0.0,0.0
2026-04-15 00:51:41,30.2,57.4,22.5,54.0,0.0,0.0,0.0
2026-04-15 00:51:46,30.2,57.5,21.6,54.0,0.0,0.0,0.0
2026-04-15 00:51:51,30.2,57.4,8.2,54.0,0.0,0.0,0.0
2026-04-15 00:51:56,30.2,57.3,3.8,54.0,0.0,0.0,0.0
2026-04-15 00:52:01,30.3,57.4,14.2,54.0,0.0,0.0,0.0
2026-04-15 00:52:06,30.4,57.5,20.6,54.0,0.0,0.0,0.0
2026-04-15 00:52:11,30.2,57.5,18.8,54.0,0.0,0.0,0.0
2026-04-15 00:52:16,30.3,57.6,24.5,54.0,0.0,0.0,0.0
2026-04-15 00:52:21,30.2,57.5,17.9,54.0,0.0,0.0,0.0
2026-04-15 00:52:26,30.2,57.4,10.8,54.0,0.0,0.0,0.0
2026-04-15 00:52:31,30.3,57.3,22.3,54.0,0.0,0.0,0.0
2026-04-15 00:52:36,30.2,57.4,3.1,54.1,0.0,0.0,0.0
2026-04-15 00:52:41,30.2,57.4,0.0,54.1,0.0,0.0,0.0
2026-04-15 00:52:46,30.1,57.5,27.8,54.1,0.0,0.0,0.0
2026-04-15 00:52:51,30.2,57.6,13.7,54.1,0.0,0.0,0.0
2026-04-15 00:52:56,30.2,57.5,19.0,54.0,0.0,0.0,0.0
2026-04-15 00:53:01,30.2,57.6,16.0,54.0,0.0,0.0,0.0
2026-04-15 00:53:06,30.4,57.5,34.3,54.0,0.0,0.0,0.0
2026-04-15 00:53:11,30.4,57.5,15.8,54.0,0.0,0.0,0.0
2026-04-15 00:53:16,30.3,57.4,8.7,54.0,0.0,0.0,0.0
2026-04-15 00:53:21,30.1,57.5,16.6,54.0,0.0,0.0,0.0
2026-04-15 00:53:26,30.4,57.4,30.4,54.0,0.0,0.0,0.0
2026-04-15 00:53:31,30.1,57.5,39.4,54.0,0.0,0.0,0.0
2026-04-15 00:53:36,30.3,57.5,11.9,54.0,0.0,0.0,0.0
2026-04-15 00:53:41,30.3,57.4,22.1,54.0,0.0,0.0,0.0
2026-04-15 00:53:46,30.2,57.6,7.4,54.0,0.0,0.0,0.0
2026-04-15 00:53:51,30.2,57.5,10.4,54.0,0.0,0.0,0.0
2026-04-15 00:53:56,30.2,57.4,30.1,54.1,0.0,0.0,0.0
2026-04-15 00:54:01,30.2,57.4,21.7,54.1,0.0,0.0,0.0
2026-04-15 00:54:06,30.2,57.5,14.8,54.0,0.0,0.0,0.0
2026-04-15 00:54:11,30.1,57.5,16.2,54.0,0.0,0.0,0.0
2026-04-15 00:54:16,30.2,57.5,15.0,54.0,0.0,0.0,0.0
2026-04-15 00:54:21,30.1,57.6,33.8,54.0,0.0,0.0,0.0
2026-04-15 00:54:26,30.2,57.6,12.7,54.0,0.0,0.0,0.0
2026-04-15 00:54:31,30.3,57.6,20.5,54.0,0.0,0.0,0.0
2026-04-15 00:54:36,30.0,57.6,36.5,54.0,0.0,0.0,0.0
2026-04-15 00:54:41,30.2,57.7,17.1,54.0,0.0,0.0,0.0
2026-04-15 00:54:46,30.2,57.7,13.9,54.0,0.0,0.0,0.0
2026-04-15 00:54:51,30.3,57.6,14.5,54.0,0.0,0.0,0.0
2026-04-15 00:54:56,30.2,57.6,16.9,54.0,0.0,0.0,0.0
2026-04-15 00:55:01,30.3,57.6,7.5,54.0,0.0,0.0,0.0
2026-04-15 00:55:06,30.2,57.7,27.4,54.0,0.0,0.0,0.0
2026-04-15 00:55:11,30.3,57.7,20.2,54.0,0.0,0.0,0.0
2026-04-15 00:55:16,30.2,57.7,15.6,54.0,0.0,0.0,0.0
2026-04-15 00:55:21,30.2,57.7,4.9,54.0,0.0,0.0,0.0
2026-04-15 00:55:26,30.0,57.9,1.4,54.0,0.0,0.0,0.0
2026-04-15 00:55:31,30.3,57.9,6.2,54.0,0.0,0.0,0.0
2026-04-15 00:55:36,30.2,58.0,21.4,54.0,0.0,0.0,0.0
2026-04-15 00:55:41,30.1,58.0,17.2,54.0,0.0,0.0,0.0
2026-04-15 00:55:46,30.0,58.1,16.7,54.0,0.0,0.0,0.0
2026-04-15 00:55:51,30.2,58.2,29.5,54.0,0.0,0.0,0.0
2026-04-15 00:55:56,30.2,58.0,29.4,54.0,0.0,0.0,0.0
2026-04-15 00:56:01,30.3,58.0,32.4,54.0,0.0,0.0,0.0
2026-04-15 00:56:06,30.2,57.9,30.6,54.0,0.0,0.0,0.0
2026-04-15 00:56:11,30.1,57.9,9.0,54.0,0.0,0.0,0.0
2026-04-15 00:56:16,30.0,57.9,19.0,54.0,0.0,0.0,0.0
2026-04-15 00:56:21,30.2,58.0,12.7,54.0,0.0,0.0,0.0
2026-04-15 00:56:26,30.3,58.0,4.9,54.0,0.0,0.0,0.0
2026-04-15 00:56:31,30.2,58.1,23.4,54.0,0.0,0.0,0.0
2026-04-15 00:56:36,30.1,58.1,11.6,54.0,0.0,0.0,0.0
2026-04-15 00:56:41,30.1,58.2,16.8,54.0,0.0,0.0,0.0
2026-04-15 00:56:46,30.2,58.3,24.1,54.0,0.0,0.0,0.0
2026-04-15 00:56:51,30.2,58.3,19.6,54.0,0.0,0.0,0.0
2026-04-15 00:56:56,30.2,58.3,9.2,54.0,0.0,0.0,0.0
2026-04-15 00:57:01,30.2,58.3,36.1,54.0,0.0,0.0,0.0
2026-04-15 00:57:06,30.2,58.3,16.9,54.1,0.0,0.0,0.0
2026-04-15 00:57:11,30.3,58.3,19.0,54.1,0.0,0.0,0.0
2026-04-15 00:57:16,30.1,58.3,9.2,54.0,0.0,0.0,0.0
2026-04-15 00:57:21,30.3,58.3,0.0,54.0,0.0,0.0,0.0
2026-04-15 00:57:26,30.4,58.2,25.3,54.1,0.0,0.0,0.0
2026-04-15 00:57:31,30.1,58.3,40.6,54.1,0.0,0.0,0.0
2026-04-15 00:57:36,30.2,58.2,9.9,54.1,0.0,0.0,0.0
2026-04-15 00:57:41,30.2,58.2,12.0,54.1,0.0,0.0,0.0
2026-04-15 00:57:46,30.2,58.2,9.1,54.1,0.0,0.0,0.0
2026-04-15 00:57:51,30.1,58.3,16.0,54.1,0.0,0.0,0.0
2026-04-15 00:57:56,30.3,58.3,17.8,54.1,0.0,0.0,0.0
2026-04-15 00:58:01,30.3,58.3,0.0,54.0,0.0,0.0,0.0
2026-04-15 00:58:06,30.0,58.3,5.9,54.0,0.0,0.0,0.0
2026-04-15 00:58:11,30.1,58.2,10.2,54.0,0.0,0.0,0.0
2026-04-15 00:58:16,30.1,58.2,10.8,54.0,0.0,0.0,0.0
2026-04-15 00:58:21,30.1,58.2,0.0,54.0,0.0,0.0,0.0
2026-04-15 00:58:26,30.1,58.1,0.0,54.0,0.0,0.0,0.0
2026-04-15 00:58:31,30.1,58.1,16.4,54.0,0.0,0.0,0.0
2026-04-15 00:58:36,30.3,58.2,3.7,54.0,0.0,0.0,0.0
2026-04-15 00:58:41,30.2,58.1,0.9,54.0,0.0,0.0,0.0
2026-04-15 00:58:46,30.1,57.9,0.0,54.0,0.0,0.0,0.0
2026-04-15 00:58:51,30.1,57.9,13.9,54.0,0.0,0.0,0.0
2026-04-15 00:58:56,30.1,57.8,15.2,54.0,0.0,0.0,0.0
2026-04-15 00:59:01,30.3,57.8,13.0,54.0,0.0,0.0,0.0
2026-04-15 00:59:06,30.2,57.8,10.8,54.0,0.0,0.0,0.0
2026-04-15 00:59:11,30.2,57.7,14.0,54.0,0.0,0.0,0.0
2026-04-15 00:59:16,30.2,57.8,22.4,54.0,0.0,0.0,0.0
2026-04-15 00:59:21,30.1,57.8,13.2,54.1,0.0,0.0,0.0
2026-04-15 00:59:26,30.1,57.8,0.0,54.1,0.0,0.0,0.0
2026-04-15 00:59:31,30.2,57.8,14.3,54.0,0.0,0.0,0.0
2026-04-15 00:59:36,30.3,57.9,25.8,54.0,0.0,0.0,0.0
2026-04-15 00:59:41,30.1,57.9,13.1,54.0,0.0,0.0,0.0
2026-04-15 00:59:46,30.1,57.8,24.0,54.0,0.0,0.0,0.0
2026-04-15 00:59:51,30.2,57.9,0.0,54.0,0.0,0.0,0.0
2026-04-15 00:59:56,30.3,57.9,1.1,54.0,0.0,0.0,0.0
2026-04-15 01:00:01,30.2,57.8,20.8,54.0,0.0,0.0,0.0
2026-04-15 01:00:06,30.2,57.9,12.4,54.0,0.0,0.0,0.0
2026-04-15 01:00:11,30.1,57.8,7.7,54.0,0.0,0.0,0.0
2026-04-15 01:00:16,30.2,57.8,20.3,54.0,0.0,0.0,0.0
2026-04-15 01:00:21,30.2,57.9,18.9,54.0,0.0,0.0,0.0
2026-04-15 01:00:26,30.2,57.9,25.5,54.0,0.0,0.0,0.0
2026-04-15 01:00:31,30.2,57.8,13.8,54.0,0.0,0.0,0.0
2026-04-15 01:00:36,30.2,57.8,12.8,54.0,0.0,0.0,0.0
2026-04-15 01:00:41,30.2,57.8,18.3,54.0,0.0,0.0,0.0
2026-04-15 01:00:46,30.1,57.7,26.0,54.1,0.0,0.0,0.0
2026-04-15 01:00:51,30.2,57.9,0.0,54.1,0.0,0.0,0.0
2026-04-15 01:00:56,30.1,57.8,12.2,54.0,0.0,0.0,0.0
2026-04-15 01:01:01,30.2,57.8,10.9,54.0,0.0,0.0,0.0
2026-04-15 01:01:06,30.0,57.7,9.7,54.1,0.0,0.0,0.0
2026-04-15 01:01:11,30.1,57.7,23.0,54.1,0.0,0.0,0.0
2026-04-15 01:01:16,30.3,57.6,39.3,54.1,0.0,0.0,0.0
2026-04-15 01:01:21,30.2,57.6,23.0,54.0,0.0,0.0,0.0
2026-04-15 01:01:26,30.1,57.6,10.6,54.0,0.0,0.0,0.0
2026-04-15 01:01:31,30.0,57.6,11.4,54.0,0.0,0.0,0.0
2026-04-15 01:01:36,30.1,57.6,18.7,54.1,0.0,0.0,0.0
2026-04-15 01:01:41,30.3,57.6,13.6,54.1,0.0,0.0,0.0
2026-04-15 01:01:46,30.2,57.6,14.8,54.1,0.0,0.0,0.0
2026-04-15 01:01:51,30.1,57.6,21.4,54.1,0.0,0.0,0.0
2026-04-15 01:01:56,30.1,57.4,10.7,54.1,0.0,0.0,0.0
2026-04-15 01:02:01,30.0,57.4,17.7,54.1,0.0,0.0,0.0
2026-04-15 01:02:06,30.1,57.4,17.9,54.1,0.0,0.0,0.0
2026-04-15 01:02:11,30.2,57.4,13.4,54.0,0.0,0.0,0.0
2026-04-15 01:02:16,30.1,57.4,13.3,54.0,0.0,0.0,0.0
2026-04-15 01:02:21,30.0,57.4,0.0,54.0,0.0,0.0,0.0
2026-04-15 01:02:26,30.2,57.3,34.6,54.0,0.0,0.0,0.0
2026-04-15 01:02:31,30.1,57.3,21.6,54.0,0.0,0.0,0.0
2026-04-15 01:02:36,30.1,57.4,13.1,54.1,0.0,0.0,0.0
2026-04-15 01:02:41,30.1,57.6,11.0,54.1,0.0,0.0,0.0
2026-04-15 01:02:46,30.2,57.7,0.0,54.0,0.0,0.0,0.0
2026-04-15 01:02:51,30.1,57.8,17.4,54.0,0.0,0.0,0.0
2026-04-15 01:02:56,30.2,57.7,22.8,54.0,0.0,0.0,0.0
2026-04-15 01:03:01,30.2,57.7,11.9,54.0,0.0,0.0,0.0
2026-04-15 01:03:06,30.3,57.7,19.2,54.0,0.0,0.0,0.0
2026-04-15 01:03:11,30.2,57.7,12.5,54.1,0.0,0.0,0.0
2026-04-15 01:03:16,30.3,57.7,21.8,54.1,0.0,0.0,0.0
2026-04-15 01:03:21,30.1,57.8,6.9,54.1,0.0,0.0,0.0
2026-04-15 01:03:26,30.0,57.7,12.8,54.0,0.0,0.0,0.0
2026-04-15 01:03:31,30.2,57.9,11.7,54.0,0.0,0.0,0.0
2026-04-15 01:03:36,30.1,57.8,26.3,54.1,0.0,0.0,0.0
2026-04-15 01:03:41,30.1,57.8,0.0,54.1,0.0,0.0,0.0
2026-04-15 01:03:46,30.1,57.7,24.5,54.1,0.0,0.0,0.0
2026-04-15 01:03:51,30.2,57.8,13.8,54.1,0.0,0.0,0.0
2026-04-15 01:03:56,30.2,57.8,16.8,54.1,0.0,0.0,0.0
2026-04-15 01:04:01,30.2,57.9,22.9,54.1,0.0,0.0,0.0
2026-04-15 01:04:06,30.1,57.8,16.5,54.1,0.0,0.0,0.0
2026-04-15 01:04:11,30.1,57.9,20.6,54.1,0.0,0.0,0.0
2026-04-15 01:04:16,30.0,57.8,10.8,54.1,0.0,0.0,0.0
2026-04-15 01:04:21,30.3,58.0,4.5,54.1,0.0,0.0,0.0
2026-04-15 01:04:26,30.2,57.9,18.0,54.1,0.0,0.0,0.0
2026-04-15 01:04:31,30.1,57.9,3.8,54.1,0.0,0.0,0.0
2026-04-15 01:04:36,30.1,57.8,29.1,54.1,0.0,0.0,0.0
2026-04-15 01:04:41,30.2,57.7,16.2,54.1,0.0,0.0,0.0
2026-04-15 01:04:46,30.3,57.7,12.3,54.1,0.0,0.0,0.0
2026-04-15 01:04:51,30.3,57.8,20.8,54.1,0.0,0.0,0.0
2026-04-15 01:04:56,30.0,57.8,19.4,54.1,0.0,0.0,0.0
2026-04-15 01:05:01,30.2,57.9,20.3,54.1,0.0,0.0,0.0
2026-04-15 01:05:06,30.1,58.0,10.9,54.0,0.0,0.0,0.0
2026-04-15 01:05:11,30.1,58.0,18.2,54.0,0.0,0.0,0.0
2026-04-15 01:05:16,30.2,57.9,8.1,54.1,0.0,0.0,0.0
2026-04-15 01:05:21,30.2,57.9,20.9,54.1,0.0,0.0,0.0
2026-04-15 01:05:26,30.2,57.8,3.9,54.1,0.0,0.0,0.0
2026-04-15 01:05:31,30.1,57.8,0.0,54.1,0.0,0.0,0.0
2026-04-15 01:05:36,30.1,57.9,9.3,54.1,0.0,0.0,0.0
2026-04-15 01:05:41,30.1,57.8,10.5,54.1,0.0,0.0,0.0
2026-04-15 01:05:46,30.0,58.0,13.3,54.1,0.0,0.0,0.0
2026-04-15 01:05:51,30.2,58.1,15.2,54.1,0.0,0.0,0.0
2026-04-15 01:05:56,30.1,58.1,14.8,54.1,0.0,0.0,0.0
2026-04-15 01:06:01,30.2,58.2,0.0,54.1,0.0,0.0,0.0
2026-04-15 01:06:06,30.2,58.2,23.2,54.1,0.0,0.0,0.0
2026-04-15 01:06:11,30.2,58.1,8.5,54.1,0.0,0.0,0.0
2026-04-15 01:06:16,30.0,58.1,26.8,54.0,0.0,0.0,0.0
2026-04-15 01:06:21,30.0,58.3,10.7,54.0,0.0,0.0,0.0
2026-04-15 01:06:26,30.0,58.2,12.6,54.0,0.0,0.0,0.0
2026-04-15 01:06:31,30.1,58.4,21.5,54.1,0.0,0.0,0.0
2026-04-15 01:06:36,30.3,58.4,17.5,54.1,0.0,0.0,0.0
2026-04-15 01:06:41,30.1,58.5,21.7,54.1,0.0,0.0,0.0
2026-04-15 01:06:46,30.0,58.4,13.0,54.1,0.0,0.0,0.0
2026-04-15 01:06:51,30.2,58.2,18.2,54.1,0.0,0.0,0.0
2026-04-15 01:06:56,30.1,58.4,0.0,54.1,0.0,0.0,0.0
2026-04-15 01:07:01,30.0,58.2,7.8,54.1,0.0,0.0,0.0
2026-04-15 01:07:06,30.0,58.4,15.1,54.1,0.0,0.0,0.0
2026-04-15 01:07:11,,58.4,4.0,54.0,0.0,0.0,0.0
2026-04-15 01:07:16,30.1,58.3,25.4,54.0,0.0,0.0,0.0
2026-04-15 01:07:21,30.1,58.2,30.7,54.0,0.0,0.0,0.0
2026-04-15 01:07:26,30.0,58.3,23.3,54.0,0.0,0.0,0.0
2026-04-15 01:07:31,30.2,58.3,2.1,54.0,0.0,0.0,0.0
2026-04-15 01:07:36,30.1,58.3,13.1,54.0,0.0,0.0,0.0
2026-04-15 01:07:41,30.1,58.1,32.2,54.0,0.0,0.0,0.0
2026-04-15 01:07:46,30.1,58.2,16.9,54.0,0.0,0.0,0.0
2026-04-15 01:07:51,30.0,58.2,13.3,54.1,0.0,0.0,0.0
2026-04-15 01:07:56,30.1,58.2,1.2,54.1,0.0,0.0,0.0
2026-04-15 01:08:01,30.1,58.2,16.9,54.1,0.0,0.0,0.0
2026-04-15 01:08:06,30.0,58.3,8.5,54.1,0.0,0.0,0.0
2026-04-15 01:08:11,30.2,58.2,6.7,54.1,0.0,0.0,0.0
2026-04-15 01:08:16,30.2,58.2,21.4,54.1,0.0,0.0,0.0
2026-04-15 01:08:21,30.2,58.2,29.1,54.0,0.0,0.0,0.0
2026-04-15 01:08:26,30.0,58.1,21.9,54.0,0.0,0.0,0.0
2026-04-15 01:08:31,30.0,58.0,6.8,54.0,0.0,0.0,0.0
2026-04-15 01:08:36,30.1,58.1,4.9,54.0,0.0,0.0,0.0
2026-04-15 01:08:41,30.0,58.0,6.7,54.0,0.0,0.0,0.0
2026-04-15 01:08:46,30.1,58.0,18.8,54.0,0.0,0.0,0.0
2026-04-15 01:08:51,30.0,57.9,8.5,54.0,0.0,0.0,0.0
2026-04-15 01:08:56,29.9,58.0,17.5,54.0,0.0,0.0,0.0
2026-04-15 01:09:01,30.1,58.0,16.3,54.0,0.0,0.0,0.0
2026-04-15 01:09:06,30.1,58.0,21.4,54.0,0.0,0.0,0.0
2026-04-15 01:09:11,30.0,58.0,24.1,54.0,0.0,0.0,0.0
2026-04-15 01:09:16,30.0,58.0,22.2,54.1,0.0,0.0,0.0
2026-04-15 01:09:21,30.1,58.0,20.1,54.1,0.0,0.0,0.0
2026-04-15 01:09:26,30.0,57.9,23.1,54.1,0.0,0.0,0.0
2026-04-15 01:09:31,30.0,58.0,13.4,54.0,0.0,0.0,0.0
2026-04-15 01:09:36,30.0,58.0,22.8,54.0,0.0,0.0,0.0
2026-04-15 01:09:41,30.1,58.0,11.1,54.1,0.0,0.0,0.0
2026-04-15 01:09:46,30.1,58.0,20.7,54.1,0.0,0.0,0.0
2026-04-15 01:09:51,30.0,58.0,15.6,54.1,0.0,0.0,0.0
2026-04-15 01:09:56,30.1,58.1,4.6,54.1,0.0,0.0,0.0
2026-04-15 01:10:01,30.1,58.2,12.8,54.1,0.0,0.0,0.0
2026-04-15 01:10:06,30.1,58.2,28.5,54.0,0.0,0.0,0.0
2026-04-15 01:10:11,30.1,58.4,5.2,54.0,0.0,0.0,0.0
2026-04-15 01:10:16,30.1,58.4,8.1,54.0,0.0,0.0,0.0
2026-04-15 01:10:21,30.0,58.4,15.5,54.0,0.0,0.0,0.0
2026-04-15 01:10:26,30.0,58.4,21.4,54.0,0.0,0.0,0.0
2026-04-15 01:10:31,30.1,58.5,5.7,54.0,0.0,0.0,0.0
2026-04-15 01:10:36,30.2,58.4,18.1,54.0,0.0,0.0,0.0
2026-04-15 01:10:41,30.2,58.3,17.4,54.0,0.0,0.0,0.0
2026-04-15 01:10:46,30.1,58.2,0.0,54.0,0.0,0.0,0.0
2026-04-15 01:10:51,30.0,58.1,7.7,54.0,0.0,0.0,0.0
2026-04-15 01:10:56,30.1,58.2,29.4,54.0,0.0,0.0,0.0
2026-04-15 01:11:01,29.9,58.1,34.6,54.0,0.0,0.0,0.0
2026-04-15 01:11:06,30.2,58.3,40.7,54.0,0.0,0.0,0.0
2026-04-15 01:11:11,30.0,58.3,19.8,54.0,0.0,0.0,0.0
2026-04-15 01:11:16,30.1,58.2,19.2,54.0,0.0,0.0,0.0
2026-04-15 01:11:21,30.0,58.3,1.1,54.0,0.0,0.0,0.0
2026-04-15 01:11:26,30.0,58.2,17.3,54.1,0.0,0.0,0.0
2026-04-15 01:11:31,30.0,58.2,27.9,54.1,0.0,0.0,0.0
2026-04-15 01:11:36,30.0,58.2,22.2,54.1,0.0,0.0,0.0
2026-04-15 01:11:41,30.0,58.2,10.3,54.1,0.0,0.0,0.0
2026-04-15 01:11:46,30.0,58.2,24.1,54.0,0.0,0.0,0.0
2026-04-15 01:11:51,30.0,58.2,14.8,54.0,0.0,0.0,0.0
2026-04-15 01:11:56,30.0,58.2,34.7,54.0,0.0,0.0,0.0
2026-04-15 01:12:01,30.0,58.2,17.3,54.0,0.0,0.0,0.0
2026-04-15 01:12:06,30.0,58.0,0.0,54.0,0.0,0.0,0.0
2026-04-15 01:12:11,29.9,58.0,12.1,54.0,0.0,0.0,0.0
2026-04-15 01:12:16,30.1,57.9,7.9,54.0,0.0,0.0,0.0
2026-04-15 01:12:21,30.0,57.9,18.4,54.0,0.0,0.0,0.0
2026-04-15 01:12:26,29.9,57.8,21.5,54.0,0.0,0.0,0.0
2026-04-15 01:12:31,29.9,57.8,4.7,54.0,0.0,0.0,0.0
2026-04-15 01:12:36,30.1,57.9,12.9,54.0,0.0,0.0,0.0
2026-04-15 01:12:41,29.9,57.9,15.3,54.0,0.0,0.0,0.0
2026-04-15 01:12:46,29.9,57.9,22.8,54.0,0.0,0.0,0.0
2026-04-15 01:12:51,29.9,57.9,5.0,54.1,0.0,0.0,0.0
2026-04-15 01:12:56,29.9,57.8,37.8,54.1,0.0,0.0,0.0
2026-04-15 01:13:01,29.9,57.9,28.9,54.1,0.0,0.0,0.0
2026-04-15 01:13:06,30.0,58.0,30.0,54.1,0.0,0.0,0.0
2026-04-15 01:13:11,29.9,57.9,17.0,54.1,0.0,0.0,0.0
2026-04-15 01:13:16,29.8,57.8,20.7,54.1,0.0,0.0,0.0
2026-04-15 01:13:21,29.9,57.8,18.3,54.1,0.0,0.0,0.0
2026-04-15 01:13:26,30.0,57.8,13.1,54.1,0.0,0.0,0.0
2026-04-15 01:13:31,29.9,57.8,0.0,54.0,0.0,0.0,0.0
2026-04-15 01:13:36,29.9,57.7,28.3,54.0,0.0,0.0,0.0
2026-04-15 01:13:41,30.0,57.8,31.4,54.0,0.0,0.0,0.0
2026-04-15 01:13:46,29.9,58.0,17.0,54.0,0.0,0.0,0.0
2026-04-15 01:13:51,30.1,58.0,9.8,54.0,0.0,0.0,0.0
2026-04-15 01:13:56,29.9,58.1,14.3,54.0,0.0,0.0,0.0
2026-04-15 01:14:01,30.0,58.1,24.4,54.0,0.0,0.0,0.0
2026-04-15 01:14:06,30.0,58.1,19.1,54.0,0.0,0.0,0.0
2026-04-15 01:14:11,30.0,58.1,25.4,54.0,0.0,0.0,0.0
2026-04-15 01:14:16,29.9,58.1,10.5,54.1,0.0,0.0,0.0
2026-04-15 01:14:21,30.1,58.1,18.8,54.1,0.0,0.0,0.0
2026-04-15 01:14:26,30.1,58.0,1.0,54.0,0.0,0.0,0.0
2026-04-15 01:14:31,29.8,58.0,0.0,54.0,0.0,0.0,0.0
2026-04-15 01:14:36,30.0,58.0,7.7,54.0,0.0,0.0,0.0
2026-04-15 01:14:41,30.0,57.9,17.5,54.0,0.0,0.0,0.0
2026-04-15 01:14:46,30.0,58.0,4.5,54.0,0.0,0.0,0.0
2026-04-15 01:14:51,30.0,58.0,34.9,54.0,0.0,0.0,0.0
2026-04-15 01:14:56,30.0,58.1,3.0,54.1,0.0,0.0,0.0
2026-04-15 01:15:01,29.9,58.1,43.1,54.1,0.0,0.0,0.0
2026-04-15 01:15:06,30.0,58.0,4.3,54.1,0.0,0.0,0.0
2026-04-15 01:15:11,30.0,58.0,12.5,54.1,0.0,0.0,0.0
2026-04-15 01:15:16,29.9,57.9,29.6,54.1,0.0,0.0,0.0
2026-04-15 01:15:21,30.0,57.9,6.8,54.1,0.0,0.0,0.0
2026-04-15 01:15:26,30.0,57.9,0.0,54.1,0.0,0.0,0.0
2026-04-15 01:15:31,30.0,57.9,21.3,54.1,0.0,0.0,0.0
2026-04-15 01:15:36,30.0,58.0,3.4,54.1,0.0,0.0,0.0
2026-04-15 01:15:41,30.1,57.9,20.5,54.1,0.0,0.0,0.0
2026-04-15 01:15:46,29.9,58.0,7.7,54.1,0.0,0.0,0.0
2026-04-15 01:15:51,30.0,58.1,26.9,54.0,0.0,0.0,0.0
2026-04-15 01:15:56,30.0,58.2,13.2,54.0,0.0,0.0,0.0
2026-04-15 01:16:01,30.0,58.1,10.4,54.0,0.0,0.0,0.0
2026-04-15 01:16:06,30.1,58.1,21.1,54.1,0.0,0.0,0.0
2026-04-15 01:16:11,29.9,58.1,20.7,54.1,0.0,0.0,0.0
2026-04-15 01:16:16,29.9,58.2,0.0,54.1,0.0,0.0,0.0
2026-04-15 01:16:21,30.0,58.2,22.5,54.1,0.0,0.0,0.0
2026-04-15 01:16:26,30.0,58.1,17.1,54.1,0.0,0.0,0.0
2026-04-15 01:16:31,30.0,58.1,16.4,54.1,0.0,0.0,0.0
2026-04-15 01:16:36,30.2,58.1,16.5,54.0,0.0,0.0,0.0
2026-04-15 01:16:41,30.0,58.1,1.7,54.0,0.0,0.0,0.0
2026-04-15 01:16:46,30.0,58.1,3.9,54.0,0.0,0.0,0.0
2026-04-15 01:16:51,30.0,58.1,2.4,54.0,0.0,0.0,0.0
2026-04-15 01:16:56,30.1,58.0,15.8,54.0,0.0,0.0,0.0
2026-04-15 01:17:01,30.0,58.1,26.4,54.0,0.0,0.0,0.0
2026-04-15 01:17:06,30.1,58.0,11.9,54.0,0.0,0.0,0.0
2026-04-15 01:17:11,29.9,58.0,5.9,54.1,0.0,0.0,0.0
2026-04-15 01:17:16,30.1,57.9,20.3,54.1,0.0,0.0,0.0
2026-04-15 01:17:21,30.0,57.9,21.4,54.1,0.0,0.0,0.0
2026-04-15 01:17:26,30.0,58.0,18.5,54.1,0.0,0.0,0.0
2026-04-15 01:17:31,30.0,58.0,10.7,54.1,0.0,0.0,0.0
2026-04-15 01:17:36,30.0,58.1,8.5,54.1,0.0,0.0,0.0
2026-04-15 01:17:41,29.9,58.1,0.0,54.1,0.0,0.0,0.0
2026-04-15 01:17:46,30.1,58.1,2.1,54.1,0.0,0.0,0.0
2026-04-15 01:17:51,30.0,58.1,21.6,54.1,0.0,0.0,0.0
2026-04-15 01:17:56,30.1,58.1,20.5,54.1,0.0,0.0,0.0
2026-04-15 01:18:01,30.0,58.1,15.3,54.0,0.0,0.0,0.0
2026-04-15 01:18:06,30.0,58.1,19.6,54.0,0.0,0.0,0.0
2026-04-15 01:18:11,30.1,58.1,22.1,54.0,0.0,0.0,0.0
2026-04-15 01:18:16,30.0,58.1,7.0,54.0,0.0,0.0,0.0
2026-04-15 01:18:21,30.0,58.1,0.0,54.0,0.0,0.0,0.0
2026-04-15 01:18:26,30.3,58.1,0.0,54.0,0.0,0.0,0.0
2026-04-15 01:18:31,29.9,58.1,22.8,54.0,0.0,0.0,0.0
2026-04-15 01:18:36,30.1,58.2,32.8,54.1,0.0,0.0,0.0
2026-04-15 01:18:41,30.0,58.2,21.2,54.1,0.0,0.0,0.0
2026-04-15 01:18:46,30.0,58.1,8.9,54.1,0.0,0.0,0.0
2026-04-15 01:18:51,30.0,58.2,14.3,54.1,0.0,0.0,0.0
2026-04-15 01:18:56,30.1,58.2,22.7,54.1,0.0,0.0,0.0
2026-04-15 01:19:01,30.0,58.2,2.8,54.1,0.0,0.0,0.0
2026-04-15 01:19:06,29.9,58.2,22.4,54.1,0.0,0.0,0.0
2026-04-15 01:19:11,29.9,58.1,24.5,54.1,0.0,0.0,0.0
2026-04-15 01:19:16,29.9,58.0,12.9,54.0,0.0,0.0,0.0
2026-04-15 01:19:21,30.0,58.1,21.4,54.0,0.0,0.0,0.0
2026-04-15 01:19:26,29.9,58.0,31.1,54.0,0.0,0.0,0.0
2026-04-15 01:19:31,29.8,58.1,10.7,54.1,0.0,0.0,0.0
2026-04-15 01:19:36,29.9,58.1,3.1,54.1,0.0,0.0,0.0
2026-04-15 01:19:41,30.0,58.0,12.8,54.0,0.0,0.0,0.0
2026-04-15 01:19:46,29.9,57.9,10.1,54.0,0.0,0.0,0.0
2026-04-15 01:19:51,30.0,58.0,27.8,54.1,0.0,0.0,0.0
2026-04-15 01:19:56,30.2,58.0,18.2,54.1,0.0,0.0,0.0
2026-04-15 01:20:01,30.0,58.1,7.0,54.1,0.0,0.0,0.0
2026-04-15 01:20:06,30.0,58.0,0.0,54.1,0.0,0.0,0.0
2026-04-15 01:20:11,30.1,57.9,17.5,54.1,0.0,0.0,0.0
2026-04-15 01:20:16,30.1,57.9,15.7,54.1,0.0,0.0,0.0
2026-04-15 01:20:21,30.0,58.0,7.8,54.1,0.0,0.0,0.0
2026-04-15 01:20:26,30.0,58.0,16.2,54.1,0.0,0.0,0.0
2026-04-15 01:20:31,30.0,58.0,16.0,54.1,0.0,0.0,0.0
2026-04-15 01:20:36,30.0,57.8,24.6,54.0,0.0,0.0,0.0
2026-04-15 01:20:41,30.0,57.9,17.6,54.0,0.0,0.0,0.0
2026-04-15 01:20:46,29.9,57.9,17.1,54.1,0.0,0.0,0.0
2026-04-15 01:20:51,29.9,57.9,6.0,54.1,0.0,0.0,0.0
2026-04-15 01:20:56,30.0,57.8,11.1,54.0,0.0,0.0,0.0
2026-04-15 01:21:01,30.1,57.8,12.1,54.0,0.0,0.0,0.0
2026-04-15 01:21:06,30.0,57.9,13.8,54.1,0.0,0.0,0.0
2026-04-15 01:21:11,30.0,57.8,10.9,54.1,0.0,0.0,0.0
2026-04-15 01:21:16,29.8,57.8,0.2,54.0,0.0,0.0,0.0
2026-04-15 01:21:21,29.7,58.0,23.0,54.0,0.0,0.0,0.0
2026-04-15 01:21:26,30.0,58.1,22.2,54.0,0.0,0.0,0.0
2026-04-15 01:21:31,30.1,58.2,14.9,54.0,0.0,0.0,0.0
2026-04-15 01:21:36,29.9,58.1,12.2,54.0,0.0,0.0,0.0
2026-04-15 01:21:41,30.1,58.0,6.4,54.0,0.0,0.0,0.0
2026-04-15 01:21:46,30.0,58.1,19.1,54.0,0.0,0.0,0.0
2026-04-15 01:21:51,29.9,58.2,13.4,54.0,0.0,0.0,0.0
2026-04-15 01:21:56,30.0,58.1,12.3,54.0,0.0,0.0,0.0
2026-04-15 01:22:01,30.1,58.2,35.6,54.0,0.0,0.0,0.0
2026-04-15 01:22:06,30.1,58.2,12.6,54.0,0.0,0.0,0.0
2026-04-15 01:22:11,30.0,58.2,7.2,54.1,0.0,0.0,0.0
2026-04-15 01:22:16,29.8,58.5,3.2,54.1,0.0,0.0,0.0
2026-04-15 01:22:21,30.1,58.4,20.9,54.0,0.0,0.0,0.0
2026-04-15 01:22:26,29.9,58.5,4.3,54.0,0.0,0.0,0.0
2026-04-15 01:22:31,30.0,58.5,42.0,54.0,0.0,0.0,0.0
2026-04-15 01:22:36,30.0,58.5,12.2,54.0,0.0,0.0,0.0
2026-04-15 01:22:41,29.9,58.5,28.2,54.0,0.0,0.0,0.0
2026-04-15 01:22:46,29.9,58.5,2.0,54.0,0.0,0.0,0.0
2026-04-15 01:22:51,30.0,58.4,7.5,54.0,0.0,0.0,0.0
2026-04-15 01:22:56,29.9,58.5,29.0,54.0,0.0,0.0,0.0
2026-04-15 01:23:01,29.9,58.6,4.1,54.1,0.0,0.0,0.0
2026-04-15 01:23:06,29.9,58.6,21.3,54.1,0.0,0.0,0.0
2026-04-15 01:23:11,30.2,58.7,0.0,54.0,0.0,0.0,0.0
2026-04-15 01:23:16,29.9,58.7,18.9,54.0,0.0,0.0,0.0
2026-04-15 01:23:21,29.9,58.8,30.6,54.0,0.0,0.0,0.0
2026-04-15 01:23:26,30.1,58.8,18.9,54.0,0.0,0.0,0.0
2026-04-15 01:23:31,29.9,58.8,12.9,54.0,0.0,0.0,0.0
2026-04-15 01:23:36,30.2,58.7,10.7,54.0,0.0,0.0,0.0
2026-04-15 01:23:41,30.0,58.6,4.8,54.0,0.0,0.0,0.0
2026-04-15 01:23:46,29.9,58.5,12.6,54.0,0.0,0.0,0.0
2026-04-15 01:23:51,30.1,58.5,3.9,54.0,0.0,0.0,0.0
2026-04-15 01:23:56,30.1,58.6,19.8,54.0,0.0,0.0,0.0
2026-04-15 01:24:01,30.0,58.6,16.4,54.0,0.0,0.0,0.0
2026-04-15 01:24:06,30.0,58.4,10.0,54.0,0.0,0.0,0.0
2026-04-15 01:24:11,30.0,58.5,5.5,54.0,0.0,0.0,0.0
2026-04-15 01:24:16,30.0,58.4,18.4,54.0,0.0,0.0,0.0
2026-04-15 01:24:21,29.9,58.2,5.4,53.9,0.0,0.0,0.0
2026-04-15 01:24:26,29.9,58.1,22.3,53.9,0.0,0.0,0.0
2026-04-15 01:24:31,29.8,58.2,21.4,54.0,0.0,0.0,0.0
2026-04-15 01:24:36,30.1,58.2,5.6,54.0,0.0,0.0,0.0
2026-04-15 01:24:41,29.9,58.2,29.6,54.0,0.0,0.0,0.0
2026-04-15 01:24:46,29.9,58.1,12.9,54.0,0.0,0.0,0.0
2026-04-15 01:24:51,29.9,58.1,30.5,54.0,0.0,0.0,0.0
2026-04-15 01:24:56,30.1,58.0,1.9,54.0,0.0,0.0,0.0
2026-04-15 01:25:01,29.9,57.8,11.8,54.0,0.0,0.0,0.0
2026-04-15 01:25:06,29.9,57.9,9.6,54.0,0.0,0.0,0.0
2026-04-15 01:25:11,30.1,57.8,17.6,54.0,0.0,0.0,0.0
2026-04-15 01:25:16,29.8,57.9,10.0,54.0,0.0,0.0,0.0
2026-04-15 01:25:21,29.9,57.8,10.5,54.0,0.0,0.0,0.0
2026-04-15 01:25:26,29.9,57.9,15.6,54.0,0.0,0.0,0.0
2026-04-15 01:25:31,30.1,57.8,27.4,54.0,0.0,0.0,0.0
2026-04-15 01:25:36,30.0,57.8,14.7,54.0,0.0,0.0,0.0
2026-04-15 01:25:41,29.9,57.7,12.9,54.0,0.0,0.0,0.0
2026-04-15 01:25:46,30.2,57.7,17.1,54.0,0.0,0.0,0.0
2026-04-15 01:25:51,29.9,57.6,16.4,54.0,0.0,0.0,0.0
2026-04-15 01:25:56,30.0,57.6,32.9,54.0,0.0,0.0,0.0
2026-04-15 01:26:01,29.9,57.7,0.0,54.0,0.0,0.0,0.0
2026-04-15 01:26:06,30.0,57.6,0.0,54.0,0.0,0.0,0.0
2026-04-15 01:26:11,29.9,57.7,7.3,54.0,0.0,0.0,0.0
2026-04-15 01:26:16,29.9,57.7,21.5,54.0,0.0,0.0,0.0
2026-04-15 01:26:21,30.1,57.6,19.2,54.0,0.0,0.0,0.0
2026-04-15 01:26:26,29.8,57.5,23.6,54.0,0.0,0.0,0.0
2026-04-15 01:26:31,29.9,57.4,24.5,54.0,0.0,0.0,0.0
2026-04-15 01:26:36,30.0,57.5,8.1,54.0,0.0,0.0,0.0
2026-04-15 01:26:41,29.9,57.5,4.6,54.0,0.0,0.0,0.0
2026-04-15 01:26:46,30.0,57.5,15.2,54.0,0.0,0.0,0.0
2026-04-15 01:26:51,29.9,57.6,15.4,54.0,0.0,0.0,0.0
2026-04-15 01:26:56,30.0,57.7,13.8,54.0,0.0,0.0,0.0
2026-04-15 01:27:01,29.9,57.6,10.1,54.0,0.0,0.0,0.0
2026-04-15 01:27:06,30.1,57.6,8.1,54.0,0.0,0.0,0.0
2026-04-15 01:27:11,30.0,57.6,27.1,54.0,0.0,0.0,0.0
2026-04-15 01:27:16,30.0,57.5,0.0,54.0,0.0,0.0,0.0
2026-04-15 01:27:21,30.0,57.5,22.6,54.0,0.0,0.0,0.0
2026-04-15 01:27:26,30.0,57.5,39.4,54.0,0.0,0.0,0.0
2026-04-15 01:27:31,30.1,57.5,4.6,53.9,0.0,0.0,0.0
2026-04-15 01:27:36,30.1,57.4,26.0,53.9,0.0,0.0,0.0
2026-04-15 01:27:41,30.0,57.2,14.2,53.9,0.0,0.0,0.0
2026-04-15 01:27:46,30.0,57.3,17.8,53.9,0.0,0.0,0.0
2026-04-15 01:27:51,29.8,57.2,11.2,53.9,0.0,0.0,0.0
2026-04-15 01:27:56,29.9,57.3,26.7,53.9,0.0,0.0,0.0
2026-04-15 01:28:01,29.9,57.2,26.5,53.9,0.0,0.0,0.0
2026-04-15 01:28:06,30.0,57.1,0.0,54.0,0.0,0.0,0.0
2026-04-15 01:28:11,30.0,57.1,24.4,54.0,0.0,0.0,0.0
2026-04-15 01:28:16,30.0,57.1,23.7,54.0,0.0,0.0,0.0
2026-04-15 01:28:21,30.0,57.2,0.8,54.0,0.0,0.0,0.0
2026-04-15 01:28:26,29.9,57.3,12.2,54.0,0.0,0.0,0.0
2026-04-15 01:28:31,29.9,57.2,23.0,54.0,0.0,0.0,0.0
2026-04-15 01:28:36,29.9,57.3,4.0,53.9,0.0,0.0,0.0
2026-04-15 01:28:41,30.0,57.3,46.9,53.9,0.0,0.0,0.0
2026-04-15 01:28:46,30.0,57.2,8.6,53.9,0.0,0.0,0.0
2026-04-15 01:28:51,30.0,57.1,2.9,54.0,0.0,0.0,0.0
2026-04-15 01:28:56,29.7,57.1,0.0,54.0,0.0,0.0,0.0
2026-04-15 01:29:01,30.0,57.1,29.2,53.9,0.0,0.0,0.0
2026-04-15 01:29:06,30.1,57.2,19.4,53.9,0.0,0.0,0.0
2026-04-15 01:29:11,30.0,57.2,1.8,53.9,0.0,0.0,0.0
2026-04-15 01:29:16,29.9,57.2,3.7,53.9,0.0,0.0,0.0
2026-04-15 01:29:21,30.0,57.2,18.1,53.9,0.0,0.0,0.0
2026-04-15 01:29:26,29.9,57.3,16.6,54.0,0.0,0.0,0.0
2026-04-15 01:29:31,30.0,57.5,13.9,54.0,0.0,0.0,0.0
2026-04-15 01:29:36,29.9,57.5,16.4,54.0,0.0,0.0,0.0
2026-04-15 01:29:41,30.1,57.4,0.0,54.0,0.0,0.0,0.0
2026-04-15 01:29:46,30.2,57.5,14.5,54.0,0.0,0.0,0.0
2026-04-15 01:29:51,30.1,57.6,31.4,54.0,0.0,0.0,0.0
2026-04-15 01:29:56,30.1,57.8,26.3,54.0,0.0,0.0,0.0
2026-04-15 01:30:01,29.9,57.7,18.2,54.0,0.0,0.0,0.0
2026-04-15 01:30:06,29.9,57.7,25.5,54.0,0.0,0.0,0.0
2026-04-15 01:30:11,30.1,57.7,23.6,54.0,0.0,0.0,0.0
2026-04-15 01:30:16,30.1,57.6,8.0,54.0,0.0,0.0,0.0
2026-04-15 01:30:21,30.0,57.5,5.0,54.0,0.0,0.0,0.0
2026-04-15 01:30:26,30.0,57.7,21.1,54.0,0.0,0.0,0.0
2026-04-15 01:30:31,30.2,57.7,34.9,54.0,0.0,0.0,0.0
2026-04-15 01:30:36,29.9,57.8,20.1,53.9,0.0,0.0,0.0
2026-04-15 01:30:41,30.0,57.7,0.0,53.9,0.0,0.0,0.0
2026-04-15 01:30:46,30.0,57.7,24.9,53.9,0.0,0.0,0.0
2026-04-15 01:30:51,30.1,57.7,19.8,53.9,0.0,0.0,0.0
2026-04-15 01:30:56,30.1,57.6,10.0,53.9,0.0,0.0,0.0
2026-04-15 01:31:01,30.0,57.4,2.5,53.9,0.0,0.0,0.0
2026-04-15 01:31:06,30.1,57.5,15.9,53.9,0.0,0.0,0.0
2026-04-15 01:31:11,30.0,57.7,19.1,54.0,0.0,0.0,0.0
2026-04-15 01:31:16,30.0,57.6,24.6,54.0,0.0,0.0,0.0
2026-04-15 01:31:21,29.9,57.5,12.3,54.0,0.0,0.0,0.0
2026-04-15 01:31:26,30.1,57.6,23.2,54.0,0.0,0.0,0.0
2026-04-15 01:31:31,30.0,57.6,5.6,54.0,0.0,0.0,0.0
2026-04-15 01:31:36,29.9,57.7,12.5,53.9,0.0,0.0,0.0
2026-04-15 01:31:41,30.1,57.6,9.1,53.9,0.0,0.0,0.0
2026-04-15 01:31:46,30.0,57.7,25.8,53.9,0.0,0.0,0.0
2026-04-15 01:31:51,30.0,57.8,0.0,53.9,0.0,0.0,0.0
2026-04-15 01:31:56,30.1,57.6,10.1,53.9,0.0,0.0,0.0
2026-04-15 01:32:01,30.2,57.6,11.6,53.9,0.0,0.0,0.0
2026-04-15 01:32:06,30.0,57.6,17.3,53.9,0.0,0.0,0.0
2026-04-15 01:32:11,30.0,57.6,14.7,53.9,0.0,0.0,0.0
2026-04-15 01:32:16,30.0,57.5,27.6,53.9,0.0,0.0,0.0
2026-04-15 01:32:21,30.0,57.6,12.5,54.0,0.0,0.0,0.0
2026-04-15 01:32:26,30.0,57.6,25.1,54.0,0.0,0.0,0.0
2026-04-15 01:32:31,30.1,57.6,21.3,53.9,0.0,0.0,0.0
2026-04-15 01:32:36,30.2,57.7,12.4,53.9,0.0,0.0,0.0
2026-04-15 01:32:41,30.0,57.8,6.5,54.0,0.0,0.0,0.0
2026-04-15 01:32:46,30.1,57.9,27.8,54.0,0.0,0.0,0.0
2026-04-15 01:32:51,30.0,58.0,2.2,54.0,0.0,0.0,0.0
2026-04-15 01:32:56,29.9,58.1,0.2,54.0,0.0,0.0,0.0
2026-04-15 01:33:01,30.1,58.1,14.9,53.9,0.0,0.0,0.0
2026-04-15 01:33:06,30.1,58.2,10.4,53.9,0.0,0.0,0.0
2026-04-15 01:33:11,29.8,58.1,1.2,53.9,0.0,0.0,0.0
2026-04-15 01:33:16,30.2,58.1,24.3,53.9,0.0,0.0,0.0
2026-04-15 01:33:21,30.0,58.1,0.0,53.9,0.0,0.0,0.0
2026-04-15 01:33:26,30.0,57.9,23.8,54.0,0.0,0.0,0.0
2026-04-15 01:33:31,30.0,58.0,5.8,54.0,0.0,0.0,0.0
2026-04-15 01:33:36,30.1,57.8,18.4,54.0,0.0,0.0,0.0
2026-04-15 01:33:41,30.1,57.8,16.3,53.9,0.0,0.0,0.0
2026-04-15 01:33:46,29.9,57.7,39.4,53.9,0.0,0.0,0.0
2026-04-15 01:33:51,30.0,57.8,25.2,53.9,0.0,0.0,0.0
2026-04-15 01:33:56,29.9,58.0,19.5,53.9,0.0,0.0,0.0
2026-04-15 01:34:01,30.0,58.0,0.7,53.9,0.0,0.0,0.0
2026-04-15 01:34:06,29.9,58.0,13.5,53.9,0.0,0.0,0.0
2026-04-15 01:34:11,29.9,57.9,0.2,53.9,0.0,0.0,0.0
2026-04-15 01:34:16,29.9,57.9,27.1,53.9,0.0,0.0,0.0
2026-04-15 01:34:21,30.1,57.8,13.0,53.9,0.0,0.0,0.0
2026-04-15 01:34:26,30.0,57.8,22.0,53.9,0.0,0.0,0.0
2026-04-15 01:34:31,30.1,57.9,24.2,53.9,0.0,0.0,0.0
2026-04-15 01:34:36,30.0,57.9,17.7,53.9,0.0,0.0,0.0
2026-04-15 01:34:41,30.2,57.7,19.9,53.9,0.0,0.0,0.0
2026-04-15 01:34:46,30.1,57.7,23.5,53.9,0.0,0.0,0.0
2026-04-15 01:34:51,29.9,57.7,18.3,53.9,0.0,0.0,0.0
2026-04-15 01:34:56,29.9,57.7,11.3,53.9,0.0,0.0,0.0
2026-04-15 01:35:01,30.0,57.8,18.1,53.9,0.0,0.0,0.0
2026-04-15 01:35:06,30.0,58.0,7.8,53.9,0.0,0.0,0.0
2026-04-15 01:35:11,30.1,58.0,23.6,54.0,0.0,0.0,0.0
2026-04-15 01:35:16,29.9,58.1,4.0,54.0,0.0,0.0,0.0
2026-04-15 01:35:21,30.0,58.1,1.5,54.0,0.0,0.0,0.0
2026-04-15 01:35:26,30.2,58.1,14.2,54.0,0.0,0.0,0.0
2026-04-15 01:35:31,30.0,58.2,14.1,54.0,0.0,0.0,0.0
2026-04-15 01:35:36,30.0,58.2,11.0,54.0,0.0,0.0,0.0
2026-04-15 01:35:41,30.0,58.2,8.1,54.0,0.0,0.0,0.0
2026-04-15 01:35:46,30.1,58.2,15.2,54.0,0.0,0.0,0.0
2026-04-15 01:35:51,29.9,58.2,19.1,54.0,0.0,0.0,0.0
2026-04-15 01:35:56,30.0,58.2,15.5,53.9,0.0,0.0,0.0
2026-04-15 01:36:01,30.0,58.2,22.7,53.9,0.0,0.0,0.0
2026-04-15 01:36:06,29.9,58.2,3.0,53.9,0.0,0.0,0.0
2026-04-15 01:36:11,30.0,58.3,19.9,53.9,0.0,0.0,0.0
2026-04-15 01:36:16,30.0,58.2,30.2,53.9,0.0,0.0,0.0
2026-04-15 01:36:21,30.1,58.2,24.4,53.9,0.0,0.0,0.0
2026-04-15 01:36:26,30.0,58.1,15.2,53.9,0.0,0.0,0.0
2026-04-15 01:36:31,30.0,58.0,14.6,53.9,0.0,0.0,0.0
2026-04-15 01:36:36,29.9,58.1,20.0,53.9,0.0,0.0,0.0
2026-04-15 01:36:41,29.9,58.2,8.0,53.9,0.0,0.0,0.0
2026-04-15 01:36:46,30.0,58.0,19.8,53.9,0.0,0.0,0.0
2026-04-15 01:36:51,30.0,58.0,13.0,53.9,0.0,0.0,0.0
2026-04-15 01:36:56,29.9,58.0,8.4,53.9,0.0,0.0,0.0
2026-04-15 01:37:01,29.9,58.1,6.6,53.9,0.0,0.0,0.0
2026-04-15 01:37:06,30.0,58.0,11.4,53.9,0.0,0.0,0.0
2026-04-15 01:37:11,30.0,58.2,0.0,53.9,0.0,0.0,0.0
2026-04-15 01:37:16,30.0,58.2,21.4,53.9,0.0,0.0,0.0
2026-04-15 01:37:21,30.0,58.1,0.0,53.9,0.0,0.0,0.0
2026-04-15 01:37:26,30.0,58.1,19.7,53.9,0.0,0.0,0.0
2026-04-15 01:37:31,30.0,58.0,8.6,53.9,0.0,0.0,0.0
2026-04-15 01:37:36,29.9,58.0,1.5,53.9,0.0,0.0,0.0
2026-04-15 01:37:41,29.9,58.1,15.6,53.9,0.0,0.0,0.0
2026-04-15 01:37:46,30.0,58.2,8.7,53.9,0.0,0.0,0.0
2026-04-15 01:37:51,30.1,58.2,10.1,53.9,0.0,0.0,0.0
2026-04-15 01:37:56,30.0,58.0,32.4,53.9,0.0,0.0,0.0
2026-04-15 01:38:01,30.1,57.9,11.6,53.9,0.0,0.0,0.0
2026-04-15 01:38:06,29.9,58.0,6.7,53.9,0.0,0.0,0.0
2026-04-15 01:38:11,29.8,57.8,38.5,53.9,0.0,0.0,0.0
2026-04-15 01:38:16,29.8,57.9,11.9,53.9,0.0,0.0,0.0
2026-04-15 01:38:21,30.0,57.9,0.0,53.9,0.0,0.0,0.0
2026-04-15 01:38:26,30.0,57.9,22.6,53.9,0.0,0.0,0.0
2026-04-15 01:38:31,30.0,58.0,5.4,53.9,0.0,0.0,0.0
2026-04-15 01:38:36,29.8,58.0,15.2,53.9,0.0,0.0,0.0
2026-04-15 01:38:41,29.9,58.0,5.2,53.9,0.0,0.0,0.0
2026-04-15 01:38:46,29.9,58.0,24.1,53.9,0.0,0.0,0.0
2026-04-15 01:38:51,29.9,58.0,0.0,53.9,0.0,0.0,0.0
2026-04-15 01:38:56,29.9,58.0,27.4,53.9,0.0,0.0,0.0
2026-04-15 01:39:01,29.8,58.1,16.1,53.9,0.0,0.0,0.0
2026-04-15 01:39:06,30.0,58.1,9.5,53.9,0.0,0.0,0.0
2026-04-15 01:39:11,29.9,58.1,17.0,53.9,0.0,0.0,0.0
2026-04-15 01:39:16,29.8,58.2,21.2,53.9,0.0,0.0,0.0
2026-04-15 01:39:21,29.8,58.2,23.8,53.9,0.0,0.0,0.0
2026-04-15 01:39:26,30.0,58.3,12.9,53.9,0.0,0.0,0.0
2026-04-15 01:39:31,29.8,58.2,31.2,53.9,0.0,0.0,0.0
2026-04-15 01:39:36,29.9,58.2,16.3,53.9,0.0,0.0,0.0
2026-04-15 01:39:41,29.8,58.2,37.1,53.9,0.0,0.0,0.0
2026-04-15 01:39:46,29.9,58.2,14.8,53.9,0.0,0.0,0.0
2026-04-15 01:39:51,30.1,58.0,28.2,53.9,0.0,0.0,0.0
2026-04-15 01:39:56,29.9,57.9,13.2,53.9,0.0,0.0,0.0
2026-04-15 01:40:01,29.9,58.0,38.5,53.9,0.0,0.0,0.0
2026-04-15 01:40:06,29.9,58.0,10.8,53.9,0.0,0.0,0.0
2026-04-15 01:40:11,29.8,57.9,23.1,53.9,0.0,0.0,0.0
2026-04-15 01:40:16,30.0,58.0,21.5,53.9,0.0,0.0,0.0
2026-04-15 01:40:21,29.9,58.0,11.8,53.9,0.0,0.0,0.0
2026-04-15 01:40:26,29.9,57.9,14.2,53.9,0.0,0.0,0.0
2026-04-15 01:40:31,30.0,57.9,9.5,53.9,0.0,0.0,0.0
2026-04-15 01:40:36,30.0,57.8,19.2,53.9,0.0,0.0,0.0
2026-04-15 01:40:41,30.0,57.7,28.8,53.9,0.0,0.0,0.0
2026-04-15 01:40:46,29.9,57.6,1.0,53.9,0.0,0.0,0.0
2026-04-15 01:40:51,30.0,57.7,11.8,53.9,0.0,0.0,0.0
2026-04-15 01:40:56,29.8,57.8,28.4,53.9,0.0,0.0,0.0
2026-04-15 01:41:01,30.0,57.8,16.4,53.9,0.0,0.0,0.0
2026-04-15 01:41:06,30.0,57.8,5.4,53.9,0.0,0.0,0.0
2026-04-15 01:41:11,30.0,57.8,7.1,53.9,0.0,0.0,0.0
2026-04-15 01:41:16,30.0,57.7,10.9,53.9,0.0,0.0,0.0
2026-04-15 01:41:21,30.0,57.7,11.8,53.9,0.0,0.0,0.0
2026-04-15 01:41:26,29.8,57.7,11.5,53.9,0.0,0.0,0.0
2026-04-15 01:41:31,29.8,57.7,11.6,53.9,0.0,0.0,0.0
2026-04-15 01:41:36,29.9,57.9,15.3,53.9,0.0,0.0,0.0
2026-04-15 01:41:41,30.0,57.9,7.5,53.9,0.0,0.0,0.0
2026-04-15 01:41:46,30.0,57.9,14.4,53.9,0.0,0.0,0.0
2026-04-15 01:41:51,30.1,57.8,4.6,53.9,0.0,0.0,0.0
2026-04-15 01:41:56,29.9,57.7,9.1,53.9,0.0,0.0,0.0
2026-04-15 01:42:01,29.9,57.7,9.2,53.9,0.0,0.0,0.0
2026-04-15 01:42:06,30.0,57.7,32.5,53.9,0.0,0.0,0.0
2026-04-15 01:42:11,29.8,57.9,18.4,53.9,0.0,0.0,0.0
2026-04-15 01:42:16,29.9,57.9,23.3,53.9,0.0,0.0,0.0
2026-04-15 01:42:21,29.9,57.9,6.1,53.9,0.0,0.0,0.0
2026-04-15 01:42:26,30.1,57.8,14.6,53.9,0.0,0.0,0.0
2026-04-15 01:42:31,30.0,57.7,6.9,53.9,0.0,0.0,0.0
2026-04-15 01:42:36,29.8,57.8,5.9,53.9,0.0,0.0,0.0
2026-04-15 01:42:41,30.0,57.8,11.4,53.9,0.0,0.0,0.0
2026-04-15 01:42:46,29.9,57.7,0.0,53.9,0.0,0.0,0.0
2026-04-15 01:42:51,29.9,57.7,0.0,53.9,0.0,0.0,0.0
2026-04-15 01:42:56,30.0,57.6,21.3,53.9,0.0,0.0,0.0
2026-04-15 01:43:01,29.9,57.6,11.7,53.9,0.0,0.0,0.0
2026-04-15 01:43:06,30.0,57.7,10.1,53.9,0.0,0.0,0.0
2026-04-15 01:43:11,30.0,57.6,0.0,53.9,0.0,0.0,0.0
2026-04-15 01:43:16,30.0,57.6,11.2,53.9,0.0,0.0,0.0
2026-04-15 01:43:21,30.0,57.5,32.0,53.9,0.0,0.0,0.0
2026-04-15 01:43:26,30.0,57.5,8.5,53.9,0.0,0.0,0.0
2026-04-15 01:43:31,30.0,57.5,0.0,53.9,0.0,0.0,0.0
2026-04-15 01:43:36,30.0,57.4,20.0,53.9,0.0,0.0,0.0
2026-04-15 01:43:41,29.8,57.6,16.5,53.9,0.0,0.0,0.0
2026-04-15 01:43:46,29.9,57.8,4.1,53.9,0.0,0.0,0.0
2026-04-15 01:43:51,30.0,57.8,33.1,53.9,0.0,0.0,0.0
2026-04-15 01:43:56,30.0,57.8,12.0,53.9,0.0,0.0,0.0
2026-04-15 01:44:01,30.0,58.0,5.9,53.9,0.0,0.0,0.0
2026-04-15 01:44:06,30.0,57.9,11.5,53.9,0.0,0.0,0.0
2026-04-15 01:44:11,29.9,57.9,15.0,53.9,0.0,0.0,0.0
2026-04-15 01:44:16,29.9,58.1,14.6,53.9,0.0,0.0,0.0
2026-04-15 01:44:21,30.0,58.1,15.7,53.9,0.0,0.0,0.0
2026-04-15 01:44:26,29.9,58.2,10.4,53.9,0.0,0.0,0.0
2026-04-15 01:44:31,29.9,58.0,0.0,53.9,0.0,0.0,0.0
2026-04-15 01:44:36,30.0,58.1,7.4,53.9,0.0,0.0,0.0
2026-04-15 01:44:41,29.9,58.1,9.0,53.9,0.0,0.0,0.0
2026-04-15 01:44:46,30.0,58.1,22.6,53.9,0.0,0.0,0.0
2026-04-15 01:44:51,30.0,58.2,2.1,53.9,0.0,0.0,0.0
2026-04-15 01:44:56,30.0,58.2,0.0,53.9,0.0,0.0,0.0
2026-04-15 01:45:01,30.1,58.2,0.8,53.9,0.0,0.0,0.0
2026-04-15 01:45:06,30.0,58.2,33.3,53.9,0.0,0.0,0.0
2026-04-15 01:45:11,30.1,58.2,3.9,53.9,0.0,0.0,0.0
2026-04-15 01:45:16,30.0,58.3,32.0,53.9,0.0,0.0,0.0
2026-04-15 01:45:21,30.0,58.4,5.4,53.9,0.0,0.0,0.0
2026-04-15 01:45:26,30.1,58.5,24.1,53.9,0.0,0.0,0.0
2026-04-15 01:45:31,30.0,58.6,10.6,53.9,0.0,0.0,0.0
2026-04-15 01:45:36,29.8,58.6,15.7,53.9,0.0,0.0,0.0
2026-04-15 01:45:41,29.8,58.6,34.6,53.9,0.0,0.0,0.0
2026-04-15 01:45:46,30.0,58.5,27.3,53.9,0.0,0.0,0.0
2026-04-15 01:45:51,30.0,58.5,7.2,53.9,0.0,0.0,0.0
2026-04-15 01:45:56,29.9,58.5,0.0,53.8,0.0,0.0,0.0
2026-04-15 01:46:01,29.9,58.4,2.9,53.8,0.0,0.0,0.0
2026-04-15 01:46:06,30.0,58.3,4.3,53.9,0.0,0.0,0.0
2026-04-15 01:46:11,30.0,58.3,7.9,53.9,0.0,0.0,0.0
2026-04-15 01:46:16,29.8,58.2,1.0,53.9,0.0,0.0,0.0
2026-04-15 01:46:21,30.0,58.2,21.0,53.9,0.0,0.0,0.0
2026-04-15 01:46:26,30.0,58.3,13.5,53.9,0.0,0.0,0.0
2026-04-15 01:46:31,29.9,58.4,2.0,53.9,0.0,0.0,0.0
2026-04-15 01:46:36,29.9,58.4,15.3,53.9,0.0,0.0,0.0
2026-04-15 01:46:41,29.9,58.3,10.1,53.9,0.0,0.0,0.0
2026-04-15 01:46:46,30.0,58.4,10.8,53.9,0.0,0.0,0.0
2026-04-15 01:46:51,30.0,58.3,8.1,53.9,0.0,0.0,0.0
2026-04-15 01:46:56,29.9,58.4,3.7,53.9,0.0,0.0,0.0
2026-04-15 01:47:01,29.9,58.3,17.6,53.9,0.0,0.0,0.0
2026-04-15 01:47:06,30.0,58.3,21.5,53.9,0.0,0.0,0.0
2026-04-15 01:47:11,29.9,58.1,0.0,53.9,0.0,0.0,0.0
2026-04-15 01:47:16,30.1,58.2,35.0,53.9,0.0,0.0,0.0
2026-04-15 01:47:21,30.0,58.2,8.3,53.9,0.0,0.0,0.0
2026-04-15 01:47:26,30.0,58.2,3.1,53.9,0.0,0.0,0.0
2026-04-15 01:47:31,30.0,58.0,17.2,53.9,0.0,0.0,0.0
2026-04-15 01:47:36,29.9,58.0,12.1,53.9,0.0,0.0,0.0
2026-04-15 01:47:41,30.0,58.1,21.3,53.9,0.0,0.0,0.0
2026-04-15 01:47:46,30.0,58.3,0.0,53.9,0.0,0.0,0.0
2026-04-15 01:47:51,30.1,58.2,21.5,53.9,0.0,0.0,0.0
2026-04-15 01:47:56,30.0,58.1,16.8,53.9,0.0,0.0,0.0
2026-04-15 01:48:01,30.2,58.2,11.1,53.9,0.0,0.0,0.0
2026-04-15 01:48:06,30.0,58.2,32.9,53.9,0.0,0.0,0.0
2026-04-15 01:48:11,29.9,58.1,14.0,53.9,0.0,0.0,0.0
2026-04-15 01:48:16,30.0,58.2,12.5,53.9,0.0,0.0,0.0
2026-04-15 01:48:21,30.0,57.9,0.4,53.9,0.0,0.0,0.0
2026-04-15 01:48:26,30.1,58.0,27.9,53.9,0.0,0.0,0.0
2026-04-15 01:48:31,29.9,58.2,8.4,53.9,0.0,0.0,0.0
2026-04-15 01:48:36,29.9,58.0,22.3,53.9,0.0,0.0,0.0
2026-04-15 01:48:41,29.9,57.9,32.2,53.9,0.0,0.0,0.0
2026-04-15 01:48:46,30.1,57.8,7.1,53.9,0.0,0.0,0.0
2026-04-15 01:48:51,30.0,57.8,0.0,53.9,0.0,0.0,0.0
2026-04-15 01:48:56,29.9,57.8,27.4,53.9,0.0,0.0,0.0
2026-04-15 01:49:01,30.0,57.7,10.3,53.9,0.0,0.0,0.0
2026-04-15 01:49:06,30.2,57.6,33.8,53.9,0.0,0.0,0.0
2026-04-15 01:49:11,30.1,57.7,15.9,53.9,0.0,0.0,0.0
2026-04-15 01:49:16,30.1,57.7,24.8,53.9,0.0,0.0,0.0
2026-04-15 01:49:21,30.0,57.6,28.7,53.9,0.0,0.0,0.0
2026-04-15 01:49:26,30.0,57.5,27.2,53.9,0.0,0.0,0.0
2026-04-15 01:49:31,30.1,57.6,31.8,53.9,0.0,0.0,0.0
2026-04-15 01:49:36,29.8,57.7,21.2,53.9,0.0,0.0,0.0
2026-04-15 01:49:41,30.1,57.8,18.2,53.9,0.0,0.0,0.0
2026-04-15 01:49:46,30.0,57.8,14.9,53.9,0.0,0.0,0.0
2026-04-15 01:49:51,30.1,57.7,1.5,53.9,0.0,0.0,0.0
2026-04-15 01:49:56,30.1,57.7,18.6,53.9,0.0,0.0,0.0
2026-04-15 01:50:01,29.9,57.7,15.0,53.9,0.0,0.0,0.0
2026-04-15 01:50:06,30.0,57.9,0.0,53.9,0.0,0.0,0.0
2026-04-15 01:50:11,29.9,57.8,21.8,53.9,0.0,0.0,0.0
2026-04-15 01:50:16,30.0,57.8,19.3,53.9,0.0,0.0,0.0
2026-04-15 01:50:21,29.9,57.7,16.7,53.9,0.0,0.0,0.0
2026-04-15 01:50:26,30.1,57.7,6.7,53.9,0.0,0.0,0.0
2026-04-15 01:50:31,30.0,57.7,13.6,53.9,0.0,0.0,0.0
2026-04-15 01:50:36,29.9,57.6,15.5,53.9,0.0,0.0,0.0
2026-04-15 01:50:41,30.1,57.6,3.7,53.9,0.0,0.0,0.0
2026-04-15 01:50:46,29.9,57.7,4.3,53.9,0.0,0.0,0.0
2026-04-15 01:50:51,29.9,57.7,37.4,53.9,0.0,0.0,0.0
2026-04-15 01:50:56,29.7,57.6,15.7,53.9,0.0,0.0,0.0
2026-04-15 01:51:01,30.0,57.6,8.1,53.9,0.0,0.0,0.0
2026-04-15 01:51:06,29.9,57.7,13.0,53.9,0.0,0.0,0.0
2026-04-15 01:51:11,29.8,57.8,2.9,53.9,0.0,0.0,0.0
2026-04-15 01:51:16,30.0,57.7,20.2,53.9,0.0,0.0,0.0
2026-04-15 01:51:21,30.1,57.7,4.5,53.9,0.0,0.0,0.0
2026-04-15 01:51:26,30.0,57.8,18.2,53.9,0.0,0.0,0.0
2026-04-15 01:51:31,29.9,57.7,23.2,53.9,0.0,0.0,0.0
2026-04-15 01:51:36,30.0,57.9,37.3,53.9,0.0,0.0,0.0
2026-04-15 01:51:41,30.0,58.0,9.3,53.9,0.0,0.0,0.0
2026-04-15 01:51:46,30.0,58.0,0.0,53.9,0.0,0.0,0.0
2026-04-15 01:51:51,29.9,57.8,10.3,53.8,0.0,0.0,0.0
2026-04-15 01:51:56,30.0,57.7,14.0,53.8,0.0,0.0,0.0
2026-04-15 01:52:01,29.9,57.8,13.0,53.8,0.0,0.0,0.0
2026-04-15 01:52:06,29.9,57.9,29.5,53.9,0.0,0.0,0.0
2026-04-15 01:52:11,29.9,58.0,14.8,53.9,0.0,0.0,0.0
2026-04-15 01:52:16,29.9,57.9,8.1,53.8,0.0,0.0,0.0
2026-04-15 01:52:21,29.9,57.9,12.9,53.8,0.0,0.0,0.0
2026-04-15 01:52:26,29.9,58.0,6.0,53.8,0.0,0.0,0.0
2026-04-15 01:52:31,29.9,58.0,20.5,53.8,0.0,0.0,0.0
2026-04-15 01:52:36,30.0,58.0,7.1,53.8,0.0,0.0,0.0
2026-04-15 01:52:41,29.9,57.9,8.7,53.9,0.0,0.0,0.0
2026-04-15 01:52:46,29.9,57.9,19.7,53.9,0.0,0.0,0.0
2026-04-15 01:52:51,29.9,58.0,0.0,53.9,0.0,0.0,0.0
2026-04-15 01:52:56,29.9,58.0,24.1,53.9,0.0,0.0,0.0
2026-04-15 01:53:01,29.9,57.9,0.0,53.9,0.0,0.0,0.0
2026-04-15 01:53:06,29.8,58.0,25.0,53.9,0.0,0.0,0.0
2026-04-15 01:53:11,30.0,58.0,32.5,53.9,0.0,0.0,0.0
2026-04-15 01:53:16,29.9,57.8,5.8,53.9,0.0,0.0,0.0
2026-04-15 01:53:21,30.1,57.9,16.3,53.9,0.0,0.0,0.0
2026-04-15 01:53:26,29.9,57.9,20.4,53.9,0.0,0.0,0.0
2026-04-15 01:53:31,30.0,57.9,18.2,53.9,0.0,0.0,0.0
2026-04-15 01:53:36,29.9,58.0,23.8,53.8,0.0,0.0,0.0
2026-04-15 01:53:41,29.9,57.9,17.0,53.8,0.0,0.0,0.0
2026-04-15 01:53:46,29.8,57.9,6.9,53.8,0.0,0.0,0.0
2026-04-15 01:53:51,29.9,57.8,12.2,53.8,0.0,0.0,0.0
2026-04-15 01:53:56,29.8,57.6,8.2,53.9,0.0,0.0,0.0
2026-04-15 01:54:01,30.0,57.6,12.4,53.9,0.0,0.0,0.0
2026-04-15 01:54:06,29.8,57.6,26.2,53.9,0.0,0.0,0.0
2026-04-15 01:54:11,29.9,57.7,18.6,53.9,0.0,0.0,0.0
2026-04-15 01:54:16,30.0,57.7,38.2,53.9,0.0,0.0,0.0
2026-04-15 01:54:21,29.9,57.7,22.8,53.9,0.0,0.0,0.0
2026-04-15 01:54:26,29.9,57.8,8.4,53.9,0.0,0.0,0.0
2026-04-15 01:54:31,30.0,57.8,1.0,53.9,0.0,0.0,0.0
2026-04-15 01:54:36,29.9,57.8,13.9,53.9,0.0,0.0,0.0
2026-04-15 01:54:41,29.9,57.7,26.5,53.9,0.0,0.0,0.0
2026-04-15 01:54:46,29.8,57.7,0.0,53.9,0.0,0.0,0.0
2026-04-15 01:54:51,29.8,57.8,13.9,53.8,0.0,0.0,0.0
2026-04-15 01:54:56,29.8,57.7,18.8,53.8,0.0,0.0,0.0
2026-04-15 01:55:01,29.9,57.5,0.0,53.8,0.0,0.0,0.0
2026-04-15 01:55:06,30.0,57.5,23.6,53.8,0.0,0.0,0.0
2026-04-15 01:55:11,29.9,57.5,25.2,53.8,0.0,0.0,0.0
2026-04-15 01:55:16,29.9,57.6,6.4,53.8,0.0,0.0,0.0
2026-04-15 01:55:21,29.9,57.6,21.9,53.8,0.0,0.0,0.0
2026-04-15 01:55:26,30.0,57.6,0.0,53.8,0.0,0.0,0.0
2026-04-15 01:55:31,30.0,57.8,25.0,53.8,0.0,0.0,0.0
2026-04-15 01:55:36,29.9,57.7,0.0,53.8,0.0,0.0,0.0
2026-04-15 01:55:41,30.0,57.6,11.8,53.8,0.0,0.0,0.0
2026-04-15 01:55:46,30.0,57.7,18.3,53.8,0.0,0.0,0.0
2026-04-15 01:55:51,30.1,57.6,0.0,53.8,0.0,0.0,0.0
2026-04-15 01:55:56,29.9,57.7,21.1,53.8,0.0,0.0,0.0
2026-04-15 01:56:01,29.9,57.6,0.0,53.8,0.0,0.0,0.0
2026-04-15 01:56:06,30.0,57.6,21.5,53.8,0.0,0.0,0.0
2026-04-15 01:56:11,29.9,57.5,28.5,53.8,0.0,0.0,0.0
2026-04-15 01:56:16,30.0,57.5,23.5,53.8,0.0,0.0,0.0
2026-04-15 01:56:21,30.0,57.6,22.3,53.8,0.0,0.0,0.0
2026-04-15 01:56:26,30.0,57.5,18.8,53.8,0.0,0.0,0.0
2026-04-15 01:56:31,30.1,57.5,20.6,53.8,0.0,0.0,0.0
2026-04-15 01:56:36,29.9,57.5,14.9,53.8,0.0,0.0,0.0
2026-04-15 01:56:41,30.0,57.4,4.7,53.8,0.0,0.0,0.0
2026-04-15 01:56:46,29.9,57.5,6.3,53.8,0.0,0.0,0.0
2026-04-15 01:56:51,30.1,57.5,6.7,53.9,0.0,0.0,0.0
2026-04-15 01:56:56,29.9,57.5,2.7,53.9,0.0,0.0,0.0
2026-04-15 01:57:01,30.0,57.5,8.5,53.8,0.0,0.0,0.0
2026-04-15 01:57:06,29.9,57.6,20.0,53.8,0.0,0.0,0.0
2026-04-15 01:57:11,30.0,57.5,18.0,53.8,0.0,0.0,0.0
2026-04-15 01:57:16,30.0,57.6,17.8,53.8,0.0,0.0,0.0
2026-04-15 01:57:21,30.2,57.7,2.5,53.8,0.0,0.0,0.0
2026-04-15 01:57:26,29.8,57.9,13.4,53.8,0.0,0.0,0.0
2026-04-15 01:57:31,29.9,58.0,11.6,53.8,0.0,0.0,0.0
2026-04-15 01:57:36,29.9,57.9,1.0,53.8,0.0,0.0,0.0
2026-04-15 01:57:41,30.0,58.0,16.7,53.8,0.0,0.0,0.0
2026-04-15 01:57:46,29.9,57.9,20.1,53.8,0.0,0.0,0.0
2026-04-15 01:57:51,29.9,57.7,0.0,53.8,0.0,0.0,0.0
2026-04-15 01:57:56,29.9,57.7,20.5,53.8,0.0,0.0,0.0
2026-04-15 01:58:01,29.9,57.7,3.8,53.8,0.0,0.0,0.0
2026-04-15 01:58:06,30.1,57.7,16.5,53.8,0.0,0.0,0.0
2026-04-15 01:58:11,30.0,57.8,22.7,53.8,0.0,0.0,0.0
2026-04-15 01:58:16,30.1,57.7,26.9,53.8,0.0,0.0,0.0
2026-04-15 01:58:21,30.0,57.8,19.8,53.8,0.0,0.0,0.0
2026-04-15 01:58:26,29.9,57.8,12.0,53.8,0.0,0.0,0.0
2026-04-15 01:58:31,29.9,57.9,20.7,53.8,0.0,0.0,0.0
2026-04-15 01:58:36,29.9,57.8,10.5,53.8,0.0,0.0,0.0
2026-04-15 01:58:41,29.9,57.8,4.3,53.8,0.0,0.0,0.0
2026-04-15 01:58:46,30.0,57.9,8.3,53.8,0.0,0.0,0.0
2026-04-15 01:58:51,30.0,57.8,16.7,53.8,0.0,0.0,0.0
2026-04-15 01:58:56,29.8,57.7,29.4,53.9,0.0,0.0,0.0
2026-04-15 01:59:01,30.0,57.6,25.8,53.9,0.0,0.0,0.0
2026-04-15 01:59:06,30.0,57.7,1.9,53.9,0.0,0.0,0.0
2026-04-15 01:59:11,30.1,57.7,23.7,53.9,0.0,0.0,0.0
2026-04-15 01:59:16,30.0,57.7,10.0,53.9,0.0,0.0,0.0
2026-04-15 01:59:21,29.9,57.8,3.8,53.9,0.0,0.0,0.0
2026-04-15 01:59:26,29.9,57.8,0.5,53.9,0.0,0.0,0.0
2026-04-15 01:59:31,30.0,57.8,11.6,53.9,0.0,0.0,0.0
2026-04-15 01:59:36,30.0,57.8,1.8,53.9,0.0,0.0,0.0
2026-04-15 01:59:41,29.9,57.8,9.1,53.9,0.0,0.0,0.0
2026-04-15 01:59:46,29.9,57.6,16.9,53.9,0.0,0.0,0.0
2026-04-15 01:59:51,29.8,57.6,10.1,53.9,0.0,0.0,0.0
2026-04-15 01:59:56,29.9,57.6,14.5,53.9,0.0,0.0,0.0
2026-04-15 02:00:01,29.9,57.8,11.3,53.8,0.0,0.0,0.0
2026-04-15 02:00:06,29.9,57.9,10.0,53.8,0.0,0.0,0.0
2026-04-15 02:00:11,30.0,57.9,38.4,53.8,0.0,0.0,0.0
2026-04-15 02:00:16,29.8,57.8,28.4,53.8,0.0,0.0,0.0
2026-04-15 02:00:21,30.1,57.8,29.8,53.8,0.0,0.0,0.0
2026-04-15 02:00:26,30.0,57.7,18.8,53.8,0.0,0.0,0.0
2026-04-15 02:00:31,29.9,57.8,10.3,53.8,0.0,0.0,0.0
2026-04-15 02:00:36,30.1,57.8,6.8,53.9,0.0,0.0,0.0
2026-04-15 02:00:41,30.1,57.9,12.1,53.9,0.0,0.0,0.0
2026-04-15 02:00:46,29.9,57.9,0.0,53.9,0.0,0.0,0.0
2026-04-15 02:00:51,29.9,58.0,16.3,53.9,0.0,0.0,0.0
2026-04-15 02:00:56,29.9,58.1,11.2,53.8,0.0,0.0,0.0
2026-04-15 02:01:01,29.8,58.0,20.7,53.8,0.0,0.0,0.0
2026-04-15 02:01:06,29.9,58.1,26.4,53.8,0.0,0.0,0.0
2026-04-15 02:01:11,29.8,58.0,11.5,53.8,0.0,0.0,0.0
2026-04-15 02:01:16,30.0,58.0,29.9,53.8,0.0,0.0,0.0
2026-04-15 02:01:21,30.0,58.1,20.6,53.8,0.0,0.0,0.0
2026-04-15 02:01:26,29.8,57.9,17.4,53.8,0.0,0.0,0.0
2026-04-15 02:01:31,30.0,57.9,8.2,53.9,0.0,0.0,0.0
2026-04-15 02:01:36,29.8,57.9,27.8,53.9,0.0,0.0,0.0
2026-04-15 02:01:41,29.8,57.9,3.4,53.9,0.0,0.0,0.0
2026-04-15 02:01:46,29.8,57.9,0.9,53.9,0.0,0.0,0.0
2026-04-15 02:01:51,29.9,57.9,15.4,53.9,0.0,0.0,0.0
2026-04-15 02:01:56,29.9,57.8,18.2,53.8,0.0,0.0,0.0
2026-04-15 02:02:01,29.8,57.8,26.9,53.8,0.0,0.0,0.0
2026-04-15 02:02:06,29.9,57.8,14.1,53.8,0.0,0.0,0.0
2026-04-15 02:02:11,29.9,57.8,34.8,53.8,0.0,0.0,0.0
2026-04-15 02:02:16,29.8,57.8,19.8,53.8,0.0,0.0,0.0
2026-04-15 02:02:21,29.9,57.9,12.5,53.8,0.0,0.0,0.0
2026-04-15 02:02:26,30.0,57.8,15.7,53.8,0.0,0.0,0.0
2026-04-15 02:02:31,29.8,57.8,0.5,53.8,0.0,0.0,0.0
2026-04-15 02:02:36,29.9,57.8,20.5,53.8,0.0,0.0,0.0
2026-04-15 02:02:41,29.9,57.8,13.7,53.8,0.0,0.0,0.0
2026-04-15 02:02:46,29.8,57.8,26.4,53.9,0.0,0.0,0.0
2026-04-15 02:02:51,29.9,57.7,21.6,53.9,0.0,0.0,0.0
2026-04-15 02:02:56,29.9,57.6,8.9,53.8,0.0,0.0,0.0
2026-04-15 02:03:01,29.8,57.6,3.5,53.8,0.0,0.0,0.0
2026-04-15 02:03:06,29.9,57.7,12.8,53.9,0.0,0.0,0.0
2026-04-15 02:03:11,30.0,57.8,12.5,53.9,0.0,0.0,0.0
2026-04-15 02:03:16,30.1,57.9,7.7,53.9,0.0,0.0,0.0
2026-04-15 02:03:21,29.8,57.9,25.7,53.8,0.0,0.0,0.0
2026-04-15 02:03:26,30.0,57.8,22.7,53.8,0.0,0.0,0.0
2026-04-15 02:03:31,29.9,57.8,34.7,53.9,0.0,0.0,0.0
2026-04-15 02:03:36,29.9,57.7,33.5,53.9,0.0,0.0,0.0
2026-04-15 02:03:41,29.8,57.7,2.0,53.9,0.0,0.0,0.0
2026-04-15 02:03:46,30.0,57.7,16.6,53.8,0.0,0.0,0.0
2026-04-15 02:03:51,29.8,57.6,25.3,53.8,0.0,0.0,0.0
2026-04-15 02:03:56,29.9,57.5,24.0,53.8,0.0,0.0,0.0
2026-04-15 02:04:01,29.9,57.6,3.8,53.8,0.0,0.0,0.0
2026-04-15 02:04:06,30.0,57.5,32.1,53.8,0.0,0.0,0.0
2026-04-15 02:04:11,29.9,57.4,11.7,53.9,0.0,0.0,0.0
2026-04-15 02:04:16,29.9,57.5,21.4,53.9,0.0,0.0,0.0
2026-04-15 02:04:21,30.0,57.5,9.4,53.9,0.0,0.0,0.0
2026-04-15 02:04:26,29.9,57.5,16.8,53.9,0.0,0.0,0.0
2026-04-15 02:04:31,29.9,57.5,22.8,53.9,0.0,0.0,0.0
2026-04-15 02:04:36,29.9,57.5,0.0,53.8,0.0,0.0,0.0
2026-04-15 02:04:41,30.0,57.3,13.9,53.8,0.0,0.0,0.0
2026-04-15 02:04:46,29.8,57.2,22.9,53.8,0.0,0.0,0.0
2026-04-15 02:04:51,30.0,57.3,14.7,53.9,0.0,0.0,0.0
2026-04-15 02:04:56,29.9,57.4,14.3,53.9,0.0,0.0,0.0
2026-04-15 02:05:01,29.9,57.4,7.5,53.9,0.0,0.0,0.0
2026-04-15 02:05:06,29.9,57.3,23.9,53.9,0.0,0.0,0.0
2026-04-15 02:05:11,30.1,57.5,20.0,53.9,0.0,0.0,0.0
2026-04-15 02:05:16,30.0,57.4,8.4,53.9,0.0,0.0,0.0
2026-04-15 02:05:21,29.9,57.4,7.6,53.9,0.0,0.0,0.0
2026-04-15 02:05:26,30.0,57.4,40.8,53.9,0.0,0.0,0.0
2026-04-15 02:05:31,30.0,57.5,23.6,53.9,0.0,0.0,0.0
2026-04-15 02:05:36,29.9,57.6,17.0,53.9,0.0,0.0,0.0
2026-04-15 02:05:41,30.0,57.6,16.8,53.9,0.0,0.0,0.0
2026-04-15 02:05:46,30.0,57.6,20.4,53.9,0.0,0.0,0.0
2026-04-15 02:05:51,30.0,57.7,21.3,53.9,0.0,0.0,0.0
2026-04-15 02:05:56,30.2,57.7,32.2,53.9,0.0,0.0,0.0
2026-04-15 02:06:01,29.9,57.7,9.4,53.8,0.0,0.0,0.0
2026-04-15 02:06:06,30.0,57.8,28.6,53.8,0.0,0.0,0.0
2026-04-15 02:06:11,29.9,57.7,17.9,53.8,0.0,0.0,0.0
2026-04-15 02:06:16,30.0,57.7,17.6,53.8,0.0,0.0,0.0
2026-04-15 02:06:21,29.9,57.7,16.3,53.9,0.0,0.0,0.0
2026-04-15 02:06:26,29.8,57.7,12.4,53.9,0.0,0.0,0.0
2026-04-15 02:06:31,30.0,57.8,22.4,53.9,0.0,0.0,0.0
2026-04-15 02:06:36,30.0,57.8,7.7,53.9,0.0,0.0,0.0
2026-04-15 02:06:41,29.9,57.8,8.9,53.9,0.0,0.0,0.0
2026-04-15 02:06:46,30.1,57.8,17.7,53.9,0.0,0.0,0.0
2026-04-15 02:06:51,30.0,57.8,23.9,53.9,0.0,0.0,0.0
2026-04-15 02:06:56,30.0,57.9,12.0,53.9,0.0,0.0,0.0
2026-04-15 02:07:01,30.0,57.8,12.2,53.9,0.0,0.0,0.0
2026-04-15 02:07:06,30.0,57.7,2.3,53.9,0.0,0.0,0.0
2026-04-15 02:07:11,30.0,57.6,0.0,53.9,0.0,0.0,0.0
2026-04-15 02:07:16,30.0,57.7,12.3,53.9,0.0,0.0,0.0
2026-04-15 02:07:21,29.9,57.8,23.6,53.9,0.0,0.0,0.0
2026-04-15 02:07:26,30.0,57.8,20.2,53.8,0.0,0.0,0.0
2026-04-15 02:07:31,30.2,57.8,8.5,53.8,0.0,0.0,0.0
2026-04-15 02:07:36,30.0,57.9,10.9,53.9,0.0,0.0,0.0
2026-04-15 02:07:41,29.9,57.9,15.2,53.9,0.0,0.0,0.0
2026-04-15 02:07:46,30.0,57.9,10.3,53.9,0.0,0.0,0.0
2026-04-15 02:07:51,30.0,58.0,5.8,53.9,0.0,0.0,0.0
2026-04-15 02:07:56,30.0,57.9,12.5,53.8,0.0,0.0,0.0
2026-04-15 02:08:01,30.0,58.0,10.8,53.8,0.0,0.0,0.0
2026-04-15 02:08:06,30.1,57.9,20.2,53.9,0.0,0.0,0.0
2026-04-15 02:08:11,29.9,57.9,19.2,53.9,0.0,0.0,0.0
2026-04-15 02:08:16,29.9,57.9,13.7,53.8,0.0,0.0,0.0
2026-04-15 02:08:21,30.0,57.8,3.6,53.8,0.0,0.0,0.0
2026-04-15 02:08:26,29.9,57.8,2.0,53.8,0.0,0.0,0.0
2026-04-15 02:08:31,29.9,57.7,17.8,53.9,0.0,0.0,0.0
2026-04-15 02:08:36,29.8,57.7,9.3,53.9,0.0,0.0,0.0
2026-04-15 02:08:41,30.1,57.7,23.4,53.9,0.0,0.0,0.0
2026-04-15 02:08:46,29.9,57.6,6.9,53.9,0.0,0.0,0.0
2026-04-15 02:08:51,30.0,57.5,15.2,53.8,0.0,0.0,0.0
2026-04-15 02:08:56,30.0,57.6,26.5,53.8,0.0,0.0,0.0
2026-04-15 02:09:01,30.1,57.6,31.5,53.8,0.0,0.0,0.0
2026-04-15 02:09:06,29.8,57.6,22.5,53.9,0.0,0.0,0.0
2026-04-15 02:09:11,29.8,57.7,14.7,53.9,0.0,0.0,0.0
2026-04-15 02:09:16,30.0,57.5,28.0,53.9,0.0,0.0,0.0
2026-04-15 02:09:21,30.1,57.7,32.0,53.9,0.0,0.0,0.0
2026-04-15 02:09:26,30.1,57.5,0.6,53.8,0.0,0.0,0.0
2026-04-15 02:09:31,30.0,57.4,18.0,53.8,0.0,0.0,0.0
2026-04-15 02:09:36,30.2,57.4,15.4,53.8,0.0,0.0,0.0
2026-04-15 02:09:41,29.9,57.3,31.1,53.8,0.0,0.0,0.0
2026-04-15 02:09:46,30.1,57.3,0.6,53.8,0.0,0.0,0.0
2026-04-15 02:09:51,30.2,57.3,15.4,53.8,0.0,0.0,0.0
2026-04-15 02:09:56,30.0,57.3,14.6,53.8,0.0,0.0,0.0
2026-04-15 02:10:01,30.1,57.2,1.5,53.8,0.0,0.0,0.0
2026-04-15 02:10:06,30.0,57.3,20.7,53.8,0.0,0.0,0.0
2026-04-15 02:10:11,30.0,57.4,14.6,53.8,0.0,0.0,0.0
2026-04-15 02:10:16,30.0,57.5,9.9,53.8,0.0,0.0,0.0
2026-04-15 02:10:21,30.0,57.5,10.3,53.8,0.0,0.0,0.0
2026-04-15 02:10:26,30.1,57.5,10.0,53.9,0.0,0.0,0.0
2026-04-15 02:10:31,30.1,57.5,6.4,53.9,0.0,0.0,0.0
2026-04-15 02:10:36,30.0,57.6,16.3,53.9,0.0,0.0,0.0
2026-04-15 02:10:41,30.0,57.5,8.3,53.9,0.0,0.0,0.0
2026-04-15 02:10:46,30.0,57.5,16.9,53.9,0.0,0.0,0.0
2026-04-15 02:10:51,29.9,57.5,1.3,53.9,0.0,0.0,0.0
2026-04-15 02:10:56,30.0,57.6,25.0,53.9,0.0,0.0,0.0
2026-04-15 02:11:01,29.9,57.7,16.4,53.9,0.0,0.0,0.0
2026-04-15 02:11:06,30.0,57.7,33.6,53.9,0.0,0.0,0.0
2026-04-15 02:11:11,30.0,57.7,0.0,53.9,0.0,0.0,0.0
2026-04-15 02:11:16,30.0,57.8,42.6,53.8,0.0,0.0,0.0
2026-04-15 02:11:21,30.0,57.8,35.9,53.8,0.0,0.0,0.0
2026-04-15 02:11:26,29.9,57.8,9.9,53.8,0.0,0.0,0.0
2026-04-15 02:11:31,30.1,57.8,5.5,53.8,0.0,0.0,0.0
2026-04-15 02:11:36,30.0,57.9,18.8,53.8,0.0,0.0,0.0
2026-04-15 02:11:41,30.0,57.8,8.0,53.8,0.0,0.0,0.0
2026-04-15 02:11:46,30.1,57.7,25.5,53.8,0.0,0.0,0.0
2026-04-15 02:11:51,30.1,57.8,25.6,53.8,0.0,0.0,0.0
2026-04-15 02:11:56,29.9,57.8,31.0,53.8,0.0,0.0,0.0
2026-04-15 02:12:01,30.1,57.8,28.4,53.8,0.0,0.0,0.0
2026-04-15 02:12:06,30.2,57.7,17.7,53.9,0.0,0.0,0.0
2026-04-15 02:12:11,30.0,57.7,15.8,53.9,0.0,0.0,0.0
2026-04-15 02:12:16,29.9,57.5,29.5,53.9,0.0,0.0,0.0
2026-04-15 02:12:21,30.0,57.5,5.7,53.9,0.0,0.0,0.0
2026-04-15 02:12:26,30.1,57.5,29.6,53.8,0.0,0.0,0.0
2026-04-15 02:12:31,30.2,57.5,23.2,53.8,0.0,0.0,0.0
2026-04-15 02:12:36,30.0,57.4,29.6,53.8,0.0,0.0,0.0
2026-04-15 02:12:41,29.9,57.6,8.1,53.8,0.0,0.0,0.0
2026-04-15 02:12:46,30.1,57.5,15.4,53.8,0.0,0.0,0.0
2026-04-15 02:12:51,30.0,57.7,30.3,53.8,0.0,0.0,0.0
2026-04-15 02:12:56,30.2,57.8,19.6,53.8,0.0,0.0,0.0
2026-04-15 02:13:01,30.0,57.8,13.7,53.8,0.0,0.0,0.0
2026-04-15 02:13:06,30.0,57.8,19.8,53.8,0.0,0.0,0.0
2026-04-15 02:13:11,30.0,57.8,28.6,53.8,0.0,0.0,0.0
2026-04-15 02:13:16,30.0,57.8,11.4,53.8,0.0,0.0,0.0
2026-04-15 02:13:21,30.1,57.9,12.6,53.8,0.0,0.0,0.0
2026-04-15 02:13:26,29.9,57.9,0.0,53.8,0.0,0.0,0.0
2026-04-15 02:13:31,29.9,57.8,34.5,53.8,0.0,0.0,0.0
2026-04-15 02:13:36,30.1,57.9,11.8,53.8,0.0,0.0,0.0
2026-04-15 02:13:41,30.1,57.9,29.7,53.8,0.0,0.0,0.0
2026-04-15 02:13:46,30.1,57.9,16.6,53.8,0.0,0.0,0.0
2026-04-15 02:13:51,30.1,58.0,14.2,53.8,0.0,0.0,0.0
2026-04-15 02:13:56,30.0,58.1,42.9,53.8,0.0,0.0,0.0
2026-04-15 02:14:01,30.2,58.1,26.4,53.8,0.0,0.0,0.0
2026-04-15 02:14:06,30.0,58.0,25.5,53.8,0.0,0.0,0.0
2026-04-15 02:14:11,30.1,58.2,13.6,53.9,0.0,0.0,0.0
2026-04-15 02:14:16,30.0,58.1,9.2,53.9,0.0,0.0,0.0
2026-04-15 02:14:21,30.1,58.2,9.1,53.9,0.0,0.0,0.0
2026-04-15 02:14:26,30.2,58.3,19.3,53.9,0.0,0.0,0.0
2026-04-15 02:14:31,30.0,58.3,14.1,53.9,0.0,0.0,0.0
2026-04-15 02:14:36,30.1,58.3,11.5,53.9,0.0,0.0,0.0
2026-04-15 02:14:41,30.0,58.2,6.6,53.9,0.0,0.0,0.0
2026-04-15 02:14:46,30.1,58.2,20.8,53.8,0.0,0.0,0.0
2026-04-15 02:14:51,30.0,58.2,29.0,53.8,0.0,0.0,0.0
2026-04-15 02:14:56,30.0,58.2,22.1,53.8,0.0,0.0,0.0
2026-04-15 02:15:01,30.1,58.2,19.4,53.8,0.0,0.0,0.0
2026-04-15 02:15:06,30.1,58.2,19.2,53.8,0.0,0.0,0.0
2026-04-15 02:15:11,30.1,58.3,12.1,53.9,0.0,0.0,0.0
2026-04-15 02:15:16,30.0,58.3,1.8,53.9,0.0,0.0,0.0
2026-04-15 02:15:21,30.1,58.4,26.1,53.9,0.0,0.0,0.0
2026-04-15 02:15:26,30.0,58.3,19.9,53.8,0.0,0.0,0.0
2026-04-15 02:15:31,30.1,58.2,23.7,53.8,0.0,0.0,0.0
2026-04-15 02:15:36,30.1,58.1,16.6,53.8,0.0,0.0,0.0
2026-04-15 02:15:41,30.1,58.2,0.0,53.8,0.0,0.0,0.0
2026-04-15 02:15:46,30.0,58.2,18.8,53.8,0.0,0.0,0.0
2026-04-15 02:15:51,29.9,58.4,6.3,53.8,0.0,0.0,0.0
2026-04-15 02:15:56,30.1,58.4,16.5,53.8,0.0,0.0,0.0
2026-04-15 02:16:01,30.2,58.4,23.3,53.8,0.0,0.0,0.0
2026-04-15 02:16:06,30.2,58.3,12.7,53.8,0.0,0.0,0.0
2026-04-15 02:16:11,30.2,58.3,11.7,53.9,0.0,0.0,0.0
2026-04-15 02:16:16,30.1,58.3,7.8,53.9,0.0,0.0,0.0
2026-04-15 02:16:21,30.0,58.2,0.0,53.9,0.0,0.0,0.0
2026-04-15 02:16:26,30.1,58.2,11.5,53.9,0.0,0.0,0.0
2026-04-15 02:16:31,30.0,58.3,6.5,53.9,0.0,0.0,0.0
2026-04-15 02:16:36,30.1,58.2,28.3,53.9,0.0,0.0,0.0
2026-04-15 02:16:41,30.1,58.1,0.0,53.8,0.0,0.0,0.0
2026-04-15 02:16:46,30.0,58.3,17.7,53.8,0.0,0.0,0.0
2026-04-15 02:16:51,30.0,58.4,0.0,53.8,0.0,0.0,0.0
2026-04-15 02:16:56,30.0,58.4,17.7,53.9,0.0,0.0,0.0
2026-04-15 02:17:01,29.9,58.5,30.9,53.9,0.0,0.0,0.0
2026-04-15 02:17:06,30.0,58.4,25.7,53.9,0.0,0.0,0.0
2026-04-15 02:17:11,30.1,58.4,30.3,53.9,0.0,0.0,0.0
2026-04-15 02:17:16,30.1,58.5,28.5,53.9,0.0,0.0,0.0
2026-04-15 02:17:21,30.1,58.5,21.6,53.9,0.0,0.0,0.0
2026-04-15 02:17:26,29.9,58.5,27.3,53.9,0.0,0.0,0.0
2026-04-15 02:17:31,30.2,58.5,2.2,53.9,0.0,0.0,0.0
2026-04-15 02:17:36,30.0,58.4,11.6,53.9,0.0,0.0,0.0
2026-04-15 02:17:41,30.0,58.3,28.5,53.9,0.0,0.0,0.0
2026-04-15 02:17:46,30.1,58.3,18.9,53.9,0.0,0.0,0.0
2026-04-15 02:17:51,30.1,58.1,13.5,53.9,0.0,0.0,0.0
2026-04-15 02:17:56,30.0,58.2,3.7,53.9,0.0,0.0,0.0
2026-04-15 02:18:01,30.0,58.3,7.2,53.9,0.0,0.0,0.0
2026-04-15 02:18:06,30.0,58.3,21.8,53.9,0.0,0.0,0.0
2026-04-15 02:18:11,30.1,58.2,9.2,53.9,0.0,0.0,0.0
2026-04-15 02:18:16,30.1,58.1,19.7,53.9,0.0,0.0,0.0
2026-04-15 02:18:21,30.1,58.0,0.0,53.9,0.0,0.0,0.0
2026-04-15 02:18:26,30.1,57.9,35.1,53.8,0.0,0.0,0.0
2026-04-15 02:18:31,30.0,57.9,19.7,53.8,0.0,0.0,0.0
2026-04-15 02:18:36,30.1,57.9,0.0,53.8,0.0,0.0,0.0
2026-04-15 02:18:41,29.9,58.0,32.8,53.9,0.0,0.0,0.0
2026-04-15 02:18:46,30.1,57.8,7.7,53.9,0.0,0.0,0.0
2026-04-15 02:18:51,30.0,57.9,0.0,53.9,0.0,0.0,0.0
2026-04-15 02:18:56,30.0,58.0,21.4,53.9,0.0,0.0,0.0
2026-04-15 02:19:01,30.1,58.1,0.6,53.9,0.0,0.0,0.0
2026-04-15 02:19:06,30.0,58.1,10.8,53.9,0.0,0.0,0.0
2026-04-15 02:19:11,29.9,58.2,15.4,53.9,0.0,0.0,0.0
2026-04-15 02:19:16,30.0,58.2,26.9,53.9,0.0,0.0,0.0
2026-04-15 02:19:21,30.0,58.3,5.6,53.9,0.0,0.0,0.0
2026-04-15 02:19:26,30.0,58.3,9.1,53.9,0.0,0.0,0.0
2026-04-15 02:19:31,30.0,58.3,15.7,53.9,0.0,0.0,0.0
2026-04-15 02:19:36,30.0,58.1,3.3,53.9,0.0,0.0,0.0
2026-04-15 02:19:41,29.9,58.0,1.4,53.9,0.0,0.0,0.0
2026-04-15 02:19:46,30.1,58.1,3.3,53.9,0.0,0.0,0.0
2026-04-15 02:19:51,30.1,57.9,25.3,53.8,0.0,0.0,0.0
2026-04-15 02:19:56,30.1,57.9,7.3,53.8,0.0,0.0,0.0
2026-04-15 02:20:01,30.0,58.0,11.7,53.8,0.0,0.0,0.0
2026-04-15 02:20:06,29.9,57.8,14.7,53.9,0.0,0.0,0.0
2026-04-15 02:20:11,29.9,57.9,0.0,53.9,0.0,0.0,0.0
2026-04-15 02:20:16,29.9,57.8,17.6,53.9,0.0,0.0,0.0
2026-04-15 02:20:21,30.1,57.9,22.6,53.9,0.0,0.0,0.0
2026-04-15 02:20:26,30.0,58.0,10.2,53.9,0.0,0.0,0.0
2026-04-15 02:20:31,30.0,57.9,4.8,53.9,0.0,0.0,0.0
2026-04-15 02:20:36,30.0,57.9,13.8,53.9,0.0,0.0,0.0
2026-04-15 02:20:41,30.1,57.9,0.0,53.8,0.0,0.0,0.0
2026-04-15 02:20:46,29.9,58.0,27.3,53.8,0.0,0.0,0.0
2026-04-15 02:20:51,30.1,58.0,12.2,53.8,0.0,0.0,0.0
2026-04-15 02:20:56,29.9,57.9,15.2,53.9,0.0,0.0,0.0
2026-04-15 02:21:01,30.0,57.9,12.7,53.9,0.0,0.0,0.0
2026-04-15 02:21:06,30.1,58.0,13.4,53.9,0.0,0.0,0.0
2026-04-15 02:21:11,30.0,58.0,11.2,53.9,0.0,0.0,0.0
2026-04-15 02:21:16,30.0,57.9,14.7,53.9,0.0,0.0,0.0
2026-04-15 02:21:21,29.9,58.0,20.2,53.9,0.0,0.0,0.0
2026-04-15 02:21:26,30.0,57.9,23.6,53.9,0.0,0.0,0.0
2026-04-15 02:21:31,30.0,57.9,8.2,53.9,0.0,0.0,0.0
2026-04-15 02:21:36,30.0,57.9,24.3,53.9,0.0,0.0,0.0
2026-04-15 02:21:41,30.0,57.8,0.0,53.9,0.0,0.0,0.0
2026-04-15 02:21:46,30.0,58.0,8.0,53.9,0.0,0.0,0.0
2026-04-15 02:21:51,30.0,58.1,3.0,53.9,0.0,0.0,0.0
2026-04-15 02:21:56,29.9,58.1,12.7,53.9,0.0,0.0,0.0
2026-04-15 02:22:01,29.9,58.1,2.3,53.9,0.0,0.0,0.0
2026-04-15 02:22:06,30.0,58.2,25.0,53.9,0.0,0.0,0.0
2026-04-15 02:22:11,29.9,58.1,36.7,53.9,0.0,0.0,0.0
2026-04-15 02:22:16,30.0,58.1,0.0,53.9,0.0,0.0,0.0
2026-04-15 02:22:21,29.9,58.1,30.8,53.9,0.0,0.0,0.0
2026-04-15 02:22:26,30.0,58.1,17.8,53.9,0.0,0.0,0.0
2026-04-15 02:22:31,29.9,58.1,21.7,53.9,0.0,0.0,0.0
2026-04-15 02:22:36,29.9,58.0,10.9,53.9,0.0,0.0,0.0
2026-04-15 02:22:41,30.0,58.0,17.1,53.9,0.0,0.0,0.0
2026-04-15 02:22:46,30.0,58.0,38.2,53.9,0.0,0.0,0.0
2026-04-15 02:22:51,30.1,58.0,19.0,53.9,0.0,0.0,0.0
2026-04-15 02:22:56,30.0,58.0,10.6,53.9,0.0,0.0,0.0
2026-04-15 02:23:01,30.0,58.0,21.2,53.9,0.0,0.0,0.0
2026-04-15 02:23:06,29.9,58.1,4.5,53.9,0.0,0.0,0.0
2026-04-15 02:23:11,30.1,58.0,18.8,53.9,0.0,0.0,0.0
2026-04-15 02:23:16,30.0,58.1,23.9,53.9,0.0,0.0,0.0
2026-04-15 02:23:21,30.1,58.1,11.9,53.9,0.0,0.0,0.0
2026-04-15 02:23:26,29.9,58.0,7.9,53.9,0.0,0.0,0.0
2026-04-15 02:23:31,29.9,58.1,14.5,53.9,0.0,0.0,0.0
2026-04-15 02:23:36,30.0,58.1,14.3,53.9,0.0,0.0,0.0
2026-04-15 02:23:41,30.0,58.1,31.5,53.9,0.0,0.0,0.0
2026-04-15 02:23:46,30.0,58.1,0.0,53.9,0.0,0.0,0.0
2026-04-15 02:23:51,30.0,58.3,30.1,53.9,0.0,0.0,0.0
2026-04-15 02:23:56,29.9,58.4,18.1,53.9,0.0,0.0,0.0
2026-04-15 02:24:01,30.1,58.3,15.2,53.9,0.0,0.0,0.0
2026-04-15 02:24:06,29.9,58.4,29.5,53.9,0.0,0.0,0.0
2026-04-15 02:24:11,30.0,58.5,2.7,53.9,0.0,0.0,0.0
2026-04-15 02:24:16,29.9,58.7,15.0,53.8,0.0,0.0,0.0
2026-04-15 02:24:21,29.8,58.6,30.9,53.8,0.0,0.0,0.0
2026-04-15 02:24:26,30.1,58.6,18.5,53.9,0.0,0.0,0.0
2026-04-15 02:24:31,29.9,58.6,27.5,53.9,0.0,0.0,0.0
2026-04-15 02:24:36,29.9,58.6,12.8,53.9,0.0,0.0,0.0
2026-04-15 02:24:41,30.0,58.5,16.7,53.9,0.0,0.0,0.0
2026-04-15 02:24:46,30.1,58.5,18.9,53.9,0.0,0.0,0.0
2026-04-15 02:24:51,29.8,58.4,25.1,53.9,0.0,0.0,0.0
2026-04-15 02:24:56,30.1,58.3,16.5,53.8,0.0,0.0,0.0
2026-04-15 02:25:01,30.0,58.2,25.4,53.8,0.0,0.0,0.0
2026-04-15 02:25:06,29.9,58.2,18.1,53.9,0.0,0.0,0.0
2026-04-15 02:25:11,30.0,58.2,11.1,53.9,0.0,0.0,0.0
2026-04-15 02:25:16,29.9,58.2,10.9,53.8,0.0,0.0,0.0
2026-04-15 02:25:21,30.0,58.3,28.1,53.8,0.0,0.0,0.0
2026-04-15 02:25:26,30.0,58.3,21.5,53.8,0.0,0.0,0.0
2026-04-15 02:25:31,30.0,58.4,11.8,53.9,0.0,0.0,0.0
2026-04-15 02:25:36,30.0,58.3,25.2,53.9,0.0,0.0,0.0
2026-04-15 02:25:41,29.9,58.2,16.4,53.9,0.0,0.0,0.0
2026-04-15 02:25:46,29.9,58.2,16.6,53.9,0.0,0.0,0.0
2026-04-15 02:25:51,29.9,58.2,35.7,53.9,0.0,0.0,0.0
2026-04-15 02:25:56,30.0,58.3,7.2,53.9,0.0,0.0,0.0
2026-04-15 02:26:01,29.9,58.3,2.8,53.9,0.0,0.0,0.0
2026-04-15 02:26:06,30.1,58.2,4.2,53.9,0.0,0.0,0.0
2026-04-15 02:26:11,30.1,58.2,3.2,53.8,0.0,0.0,0.0
2026-04-15 02:26:16,29.9,58.2,24.3,53.8,0.0,0.0,0.0
2026-04-15 02:26:21,29.9,58.3,23.7,53.8,0.0,0.0,0.0
2026-04-15 02:26:26,29.9,58.4,14.2,53.8,0.0,0.0,0.0
2026-04-15 02:26:31,29.9,58.3,27.1,53.8,0.0,0.0,0.0
2026-04-15 02:26:36,29.8,58.4,23.2,53.8,0.0,0.0,0.0
2026-04-15 02:26:41,29.8,58.3,26.3,53.8,0.0,0.0,0.0
2026-04-15 02:26:46,30.0,58.3,28.4,53.8,0.0,0.0,0.0
2026-04-15 02:26:51,29.8,58.3,0.0,53.9,0.0,0.0,0.0
2026-04-15 02:26:56,29.9,58.3,8.8,53.9,0.0,0.0,0.0
2026-04-15 02:27:01,30.0,58.1,10.4,53.9,0.0,0.0,0.0
2026-04-15 02:27:06,30.0,58.2,14.2,53.9,0.0,0.0,0.0
2026-04-15 02:27:11,29.9,58.3,3.2,53.9,0.0,0.0,0.0
2026-04-15 02:27:16,29.9,58.2,20.9,53.9,0.0,0.0,0.0
2026-04-15 02:27:21,30.0,58.2,30.7,53.9,0.0,0.0,0.0
2026-04-15 02:27:26,30.1,58.2,23.3,53.9,0.0,0.0,0.0
2026-04-15 02:27:31,29.9,58.2,15.6,53.9,0.0,0.0,0.0
2026-04-15 02:27:36,29.9,58.2,10.2,53.9,0.0,0.0,0.0
2026-04-15 02:27:41,29.8,58.3,19.6,53.9,0.0,0.0,0.0
2026-04-15 02:27:46,29.9,58.3,7.4,53.9,0.0,0.0,0.0
2026-04-15 02:27:51,30.0,58.3,0.0,53.9,0.0,0.0,0.0
2026-04-15 02:27:56,30.0,58.2,21.9,53.9,0.0,0.0,0.0
2026-04-15 02:28:01,29.8,58.3,21.9,53.9,0.0,0.0,0.0
2026-04-15 02:28:06,30.1,58.3,0.3,53.9,0.0,0.0,0.0
2026-04-15 02:28:11,30.0,58.3,13.5,53.9,0.0,0.0,0.0
2026-04-15 02:28:16,30.1,58.4,27.7,53.9,0.0,0.0,0.0
2026-04-15 02:28:21,29.9,58.6,0.0,53.9,0.0,0.0,0.0
2026-04-15 02:28:26,30.0,58.5,0.0,53.9,0.0,0.0,0.0
2026-04-15 02:28:31,30.0,58.4,5.6,53.9,0.0,0.0,0.0
2026-04-15 02:28:36,30.0,58.4,13.2,53.9,0.0,0.0,0.0
2026-04-15 02:28:41,30.0,58.4,27.5,53.9,0.0,0.0,0.0
2026-04-15 02:28:46,30.0,58.4,17.9,53.9,0.0,0.0,0.0
2026-04-15 02:28:51,29.9,58.4,8.5,53.8,0.0,0.0,0.0
2026-04-15 02:28:56,29.9,58.3,38.2,53.8,0.0,0.0,0.0
2026-04-15 02:29:01,30.0,58.3,14.4,53.8,0.0,0.0,0.0
2026-04-15 02:29:06,30.0,58.2,16.6,53.8,0.0,0.0,0.0
2026-04-15 02:29:11,30.0,58.3,35.2,53.8,0.0,0.0,0.0
2026-04-15 02:29:16,29.9,58.3,0.0,53.8,0.0,0.0,0.0
2026-04-15 02:29:21,29.9,58.4,14.6,53.8,0.0,0.0,0.0
2026-04-15 02:29:26,29.9,58.3,7.1,53.8,0.0,0.0,0.0
2026-04-15 02:29:31,29.8,58.3,5.7,53.8,0.0,0.0,0.0
2026-04-15 02:29:36,29.9,58.5,6.3,53.8,0.0,0.0,0.0
2026-04-15 02:29:41,29.8,58.4,28.9,53.8,0.0,0.0,0.0
2026-04-15 02:29:46,30.0,58.4,6.3,53.8,0.0,0.0,0.0
2026-04-15 02:29:51,30.0,58.2,9.5,53.8,0.0,0.0,0.0
2026-04-15 02:29:56,29.8,58.3,9.9,53.8,0.0,0.0,0.0
2026-04-15 02:30:01,30.1,58.3,17.1,53.9,0.0,0.0,0.0
2026-04-15 02:30:06,30.0,58.3,20.8,53.9,0.0,0.0,0.0
2026-04-15 02:30:11,30.2,58.2,12.0,53.9,0.0,0.0,0.0
2026-04-15 02:30:16,30.0,58.2,5.7,53.9,0.0,0.0,0.0
2026-04-15 02:30:21,29.9,58.2,27.4,53.8,0.0,0.0,0.0
2026-04-15 02:30:26,30.0,58.2,3.0,53.8,0.0,0.0,0.0
2026-04-15 02:30:31,30.0,58.1,0.4,53.8,0.0,0.0,0.0
2026-04-15 02:30:36,30.0,58.0,11.2,53.9,0.0,0.0,0.0
2026-04-15 02:30:41,29.9,57.9,15.9,53.9,0.0,0.0,0.0
2026-04-15 02:30:46,30.0,58.0,4.9,53.8,0.0,0.0,0.0
2026-04-15 02:30:51,29.9,58.0,3.6,53.8,0.0,0.0,0.0
2026-04-15 02:30:56,30.0,57.9,33.9,53.8,0.0,0.0,0.0
2026-04-15 02:31:01,29.7,58.0,22.4,53.8,0.0,0.0,0.0
2026-04-15 02:31:06,29.8,58.0,6.5,53.8,0.0,0.0,0.0
2026-04-15 02:31:11,29.9,57.9,10.8,53.9,0.0,0.0,0.0
2026-04-15 02:31:16,29.9,57.9,13.8,53.9,0.0,0.0,0.0
2026-04-15 02:31:21,29.8,57.8,7.1,53.9,0.0,0.0,0.0
2026-04-15 02:31:26,29.8,57.8,12.6,53.9,0.0,0.0,0.0
2026-04-15 02:31:31,30.0,57.8,20.3,53.9,0.0,0.0,0.0
2026-04-15 02:31:36,30.0,58.1,3.4,53.9,0.0,0.0,0.0
2026-04-15 02:31:41,30.0,58.1,18.6,53.9,0.0,0.0,0.0
2026-04-15 02:31:46,29.9,58.1,13.8,53.9,0.0,0.0,0.0
2026-04-15 02:31:51,30.1,58.0,18.2,53.9,0.0,0.0,0.0
2026-04-15 02:31:56,29.9,57.9,18.3,53.8,0.0,0.0,0.0
2026-04-15 02:32:01,30.1,57.9,0.0,53.8,0.0,0.0,0.0
2026-04-15 02:32:06,30.0,57.8,0.0,53.8,0.0,0.0,0.0
2026-04-15 02:32:11,29.9,57.8,13.7,53.8,0.0,0.0,0.0
2026-04-15 02:32:16,29.9,57.8,8.8,53.8,0.0,0.0,0.0
2026-04-15 02:32:21,30.0,57.7,22.3,53.8,0.0,0.0,0.0
2026-04-15 02:32:26,30.0,57.7,6.3,53.8,0.0,0.0,0.0
2026-04-15 02:32:31,29.9,57.7,12.9,53.8,0.0,0.0,0.0
2026-04-15 02:32:36,30.0,57.6,24.3,53.8,0.0,0.0,0.0
2026-04-15 02:32:41,29.9,57.5,14.0,53.8,0.0,0.0,0.0
2026-04-15 02:32:46,30.0,57.5,4.5,53.8,0.0,0.0,0.0
2026-04-15 02:32:51,29.8,57.4,16.2,53.8,0.0,0.0,0.0
2026-04-15 02:32:56,30.0,57.4,14.4,53.8,0.0,0.0,0.0
2026-04-15 02:33:01,30.0,57.6,26.8,53.8,0.0,0.0,0.0
2026-04-15 02:33:06,30.0,57.6,5.7,53.8,0.0,0.0,0.0
2026-04-15 02:33:11,30.1,57.6,0.0,53.8,0.0,0.0,0.0
2026-04-15 02:33:16,30.0,57.6,12.0,53.8,0.0,0.0,0.0
2026-04-15 02:33:21,30.0,57.5,18.7,53.8,0.0,0.0,0.0
2026-04-15 02:33:26,30.0,57.5,15.1,53.8,0.0,0.0,0.0
2026-04-15 02:33:31,30.0,57.6,20.4,53.8,0.0,0.0,0.0
2026-04-15 02:33:36,30.1,57.5,16.9,53.8,0.0,0.0,0.0
2026-04-15 02:33:41,30.0,57.5,7.8,53.8,0.0,0.0,0.0
2026-04-15 02:33:46,30.2,57.5,12.7,53.8,0.0,0.0,0.0
2026-04-15 02:33:51,29.9,57.4,36.4,53.8,0.0,0.0,0.0
2026-04-15 02:33:56,30.0,57.3,24.3,53.8,0.0,0.0,0.0
2026-04-15 02:34:01,30.0,57.4,14.9,53.8,0.0,0.0,0.0
2026-04-15 02:34:06,29.9,57.3,5.6,53.8,0.0,0.0,0.0
2026-04-15 02:34:11,29.8,57.3,4.3,53.8,0.0,0.0,0.0
2026-04-15 02:34:16,30.0,57.4,8.6,53.8,0.0,0.0,0.0
2026-04-15 02:34:21,30.0,57.4,0.0,53.8,0.0,0.0,0.0
2026-04-15 02:34:26,29.9,57.6,3.8,53.8,0.0,0.0,0.0
2026-04-15 02:34:31,30.1,57.5,9.3,53.8,0.0,0.0,0.0
2026-04-15 02:34:36,30.1,57.5,28.3,53.8,0.0,0.0,0.0
2026-04-15 02:34:41,29.9,57.5,21.3,53.8,0.0,0.0,0.0
2026-04-15 02:34:46,30.0,57.4,10.3,53.8,0.0,0.0,0.0
2026-04-15 02:34:51,30.1,57.7,24.3,53.8,0.0,0.0,0.0
2026-04-15 02:34:56,29.8,57.6,25.7,53.8,0.0,0.0,0.0
2026-04-15 02:35:01,30.0,57.6,10.3,53.8,0.0,0.0,0.0
2026-04-15 02:35:06,30.0,57.6,18.4,53.8,0.0,0.0,0.0
2026-04-15 02:35:11,30.0,57.6,22.7,53.8,0.0,0.0,0.0
2026-04-15 02:35:16,30.0,57.6,28.6,53.8,0.0,0.0,0.0
2026-04-15 02:35:21,30.0,57.8,24.2,53.8,0.0,0.0,0.0
2026-04-15 02:35:26,29.8,57.8,4.8,53.8,0.0,0.0,0.0
2026-04-15 02:35:31,30.0,57.8,23.3,53.8,0.0,0.0,0.0
2026-04-15 02:35:36,29.9,57.9,4.2,53.8,0.0,0.0,0.0
2026-04-15 02:35:41,30.0,57.9,6.8,53.8,0.0,0.0,0.0
2026-04-15 02:35:46,30.1,57.9,24.8,53.8,0.0,0.0,0.0
2026-04-15 02:35:51,30.0,57.9,0.0,53.8,0.0,0.0,0.0
2026-04-15 02:35:56,29.9,57.9,20.8,53.8,0.0,0.0,0.0
2026-04-15 02:36:01,30.0,57.9,0.0,53.8,0.0,0.0,0.0
2026-04-15 02:36:06,30.1,57.7,0.0,53.8,0.0,0.0,0.0
2026-04-15 02:36:11,30.1,57.7,8.8,53.8,0.0,0.0,0.0
2026-04-15 02:36:16,30.1,57.6,0.6,53.8,0.0,0.0,0.0
2026-04-15 02:36:21,30.0,57.7,25.7,53.8,0.0,0.0,0.0
2026-04-15 02:36:26,30.1,57.7,21.7,53.8,0.0,0.0,0.0
2026-04-15 02:36:31,29.8,57.8,26.4,53.8,0.0,0.0,0.0
2026-04-15 02:36:36,30.0,57.8,30.3,53.8,0.0,0.0,0.0
2026-04-15 02:36:41,30.0,57.8,18.8,53.8,0.0,0.0,0.0
2026-04-15 02:36:46,30.0,57.8,10.3,53.8,0.0,0.0,0.0
2026-04-15 02:36:51,29.9,58.0,18.1,53.8,0.0,0.0,0.0
2026-04-15 02:36:56,30.1,58.1,20.2,53.8,0.0,0.0,0.0
2026-04-15 02:37:01,30.0,58.1,17.6,53.8,0.0,0.0,0.0
2026-04-15 02:37:06,30.0,58.3,9.7,53.8,0.0,0.0,0.0
2026-04-15 02:37:11,30.0,58.3,19.0,53.8,0.0,0.0,0.0
2026-04-15 02:37:16,30.0,58.4,22.2,53.8,0.0,0.0,0.0
2026-04-15 02:37:21,30.0,58.5,10.5,53.8,0.0,0.0,0.0
2026-04-15 02:37:26,30.0,58.3,0.8,53.8,0.0,0.0,0.0
2026-04-15 02:37:31,30.0,58.3,18.4,53.8,0.0,0.0,0.0
2026-04-15 02:37:36,29.9,58.3,25.4,53.8,0.0,0.0,0.0
2026-04-15 02:37:41,30.0,58.3,25.6,53.8,0.0,0.0,0.0
2026-04-15 02:37:46,29.9,58.3,4.5,53.8,0.0,0.0,0.0
2026-04-15 02:37:51,30.0,58.4,18.5,53.8,0.0,0.0,0.0
2026-04-15 02:37:56,30.0,58.6,10.3,53.8,0.0,0.0,0.0
2026-04-15 02:38:01,29.9,58.6,7.6,53.8,0.0,0.0,0.0
2026-04-15 02:38:06,30.1,58.6,14.8,53.8,0.0,0.0,0.0
2026-04-15 02:38:11,29.9,58.6,14.9,53.8,0.0,0.0,0.0
2026-04-15 02:38:16,30.0,58.6,23.8,53.8,0.0,0.0,0.0
2026-04-15 02:38:21,29.9,58.7,13.5,53.8,0.0,0.0,0.0
2026-04-15 02:38:26,29.9,58.6,0.0,53.8,0.0,0.0,0.0
2026-04-15 02:38:31,29.8,58.6,16.4,53.8,0.0,0.0,0.0
2026-04-15 02:38:36,30.0,58.5,21.7,53.8,0.0,0.0,0.0
2026-04-15 02:38:41,30.0,58.5,16.5,53.8,0.0,0.0,0.0
2026-04-15 02:38:46,29.9,58.5,17.3,53.8,0.0,0.0,0.0
2026-04-15 02:38:51,30.0,58.4,21.8,53.8,0.0,0.0,0.0
2026-04-15 02:38:56,29.9,58.3,8.6,53.7,0.0,0.0,0.0
2026-04-15 02:39:01,30.0,58.3,16.6,53.7,0.0,0.0,0.0
2026-04-15 02:39:06,30.0,58.4,3.9,53.7,0.0,0.0,0.0
2026-04-15 02:39:11,30.1,58.2,12.9,53.8,0.0,0.0,0.0
2026-04-15 02:39:16,29.9,58.0,21.9,53.8,0.0,0.0,0.0
2026-04-15 02:39:21,29.9,58.0,27.0,53.8,0.0,0.0,0.0
2026-04-15 02:39:26,30.0,58.0,14.0,53.8,0.0,0.0,0.0
2026-04-15 02:39:31,29.9,57.9,12.3,53.8,0.0,0.0,0.0
2026-04-15 02:39:36,29.9,58.0,0.0,53.8,0.0,0.0,0.0
2026-04-15 02:39:41,29.8,57.8,0.0,53.8,0.0,0.0,0.0
2026-04-15 02:39:46,30.0,57.7,15.8,53.8,0.0,0.0,0.0
2026-04-15 02:39:51,30.0,57.8,8.9,53.8,0.0,0.0,0.0
2026-04-15 02:39:56,29.9,57.8,11.1,53.8,0.0,0.0,0.0
2026-04-15 02:40:01,30.0,57.8,19.4,53.8,0.0,0.0,0.0
2026-04-15 02:40:06,29.9,58.0,14.2,53.8,0.0,0.0,0.0
2026-04-15 02:40:11,29.8,58.0,18.3,53.8,0.0,0.0,0.0
2026-04-15 02:40:16,29.8,58.0,5.2,53.8,0.0,0.0,0.0
2026-04-15 02:40:21,29.9,58.1,13.6,53.8,0.0,0.0,0.0
2026-04-15 02:40:26,30.1,58.1,28.4,53.8,0.0,0.0,0.0
2026-04-15 02:40:31,29.9,58.1,10.0,53.8,0.0,0.0,0.0
2026-04-15 02:40:36,30.0,58.2,0.0,53.8,0.0,0.0,0.0
2026-04-15 02:40:41,29.8,58.1,1.4,53.8,0.0,0.0,0.0
2026-04-15 02:40:46,29.8,58.2,5.8,53.8,0.0,0.0,0.0
2026-04-15 02:40:51,29.9,58.2,31.0,53.8,0.0,0.0,0.0
2026-04-15 02:40:56,29.9,58.0,8.5,53.8,0.0,0.0,0.0
2026-04-15 02:41:01,29.9,58.0,5.3,53.8,0.0,0.0,0.0
2026-04-15 02:41:06,30.0,58.1,12.2,53.8,0.0,0.0,0.0
2026-04-15 02:41:11,29.8,58.2,27.0,53.8,0.0,0.0,0.0
2026-04-15 02:41:16,29.9,58.3,2.0,53.7,0.0,0.0,0.0
2026-04-15 02:41:21,29.9,58.2,19.4,53.7,0.0,0.0,0.0
2026-04-15 02:41:26,29.8,58.2,3.8,53.8,0.0,0.0,0.0
2026-04-15 02:41:31,29.8,58.3,7.7,53.8,0.0,0.0,0.0
2026-04-15 02:41:36,29.8,58.3,0.0,53.8,0.0,0.0,0.0
2026-04-15 02:41:41,29.8,58.4,21.0,53.8,0.0,0.0,0.0
2026-04-15 02:41:46,29.7,58.4,23.4,53.8,0.0,0.0,0.0
2026-04-15 02:41:51,29.8,58.3,0.0,53.8,0.0,0.0,0.0
2026-04-15 02:41:56,29.9,58.4,9.9,53.8,0.0,0.0,0.0
2026-04-15 02:42:01,29.9,58.4,11.1,53.8,0.0,0.0,0.0
2026-04-15 02:42:06,29.9,58.4,11.6,53.8,0.0,0.0,0.0
2026-04-15 02:42:11,29.8,58.4,21.0,53.8,0.0,0.0,0.0
2026-04-15 02:42:16,30.0,58.5,7.0,53.8,0.0,0.0,0.0
2026-04-15 02:42:21,29.8,58.7,13.2,53.8,0.0,0.0,0.0
2026-04-15 02:42:26,29.7,58.8,16.9,53.8,0.0,0.0,0.0
2026-04-15 02:42:31,29.9,58.7,9.2,53.8,0.0,0.0,0.0
2026-04-15 02:42:36,29.8,58.8,6.1,53.8,0.0,0.0,0.0
2026-04-15 02:42:41,29.8,58.7,12.7,53.8,0.0,0.0,0.0
2026-04-15 02:42:46,29.9,58.6,1.6,53.8,0.0,0.0,0.0
2026-04-15 02:42:51,29.8,58.7,25.0,53.7,0.0,0.0,0.0
2026-04-15 02:42:56,29.7,58.6,10.8,53.7,0.0,0.0,0.0
2026-04-15 02:43:01,29.9,58.6,21.7,53.8,0.0,0.0,0.0
2026-04-15 02:43:06,29.7,58.6,28.6,53.8,0.0,0.0,0.0
2026-04-15 02:43:11,29.8,58.6,16.9,53.8,0.0,0.0,0.0
2026-04-15 02:43:16,29.9,58.7,12.0,53.8,0.0,0.0,0.0
2026-04-15 02:43:21,29.9,58.6,23.3,53.8,0.0,0.0,0.0
2026-04-15 02:43:26,29.9,58.6,18.6,53.8,0.0,0.0,0.0
2026-04-15 02:43:31,29.9,58.4,12.0,53.8,0.0,0.0,0.0
2026-04-15 02:43:36,29.8,58.6,10.2,53.8,0.0,0.0,0.0
2026-04-15 02:43:41,29.8,58.6,9.0,53.8,0.0,0.0,0.0
2026-04-15 02:43:46,29.8,58.5,16.2,53.8,0.0,0.0,0.0
2026-04-15 02:43:51,29.7,58.6,12.0,53.8,0.0,0.0,0.0
2026-04-15 02:43:56,29.8,58.5,15.2,53.8,0.0,0.0,0.0
2026-04-15 02:44:01,29.8,58.5,18.9,53.7,0.0,0.0,0.0
2026-04-15 02:44:06,29.7,58.4,16.4,53.7,0.0,0.0,0.0
2026-04-15 02:44:11,29.9,58.4,17.8,53.7,0.0,0.0,0.0
2026-04-15 02:44:16,29.8,58.5,11.7,53.7,0.0,0.0,0.0
2026-04-15 02:44:21,29.8,58.6,16.9,53.7,0.0,0.0,0.0
2026-04-15 02:44:26,29.8,58.6,27.9,53.7,0.0,0.0,0.0
2026-04-15 02:44:31,29.9,58.6,10.1,53.7,0.0,0.0,0.0
2026-04-15 02:44:36,29.8,58.7,29.0,53.7,0.0,0.0,0.0
2026-04-15 02:44:41,29.8,58.7,16.9,53.7,0.0,0.0,0.0
2026-04-15 02:44:46,29.7,58.9,28.8,53.7,0.0,0.0,0.0
2026-04-15 02:44:51,29.8,58.8,20.3,53.7,0.0,0.0,0.0
2026-04-15 02:44:56,29.7,58.9,13.4,53.7,0.0,0.0,0.0
2026-04-15 02:45:01,29.7,58.8,13.6,53.7,0.0,0.0,0.0
2026-04-15 02:45:06,29.9,58.7,7.1,53.7,0.0,0.0,0.0
2026-04-15 02:45:11,29.9,58.8,18.2,53.7,0.0,0.0,0.0
2026-04-15 02:45:16,29.7,59.0,14.7,53.7,0.0,0.0,0.0
2026-04-15 02:45:21,30.0,58.9,14.6,53.7,0.0,0.0,0.0
2026-04-15 02:45:26,29.8,59.0,13.8,53.7,0.0,0.0,0.0
2026-04-15 02:45:31,29.8,59.0,10.6,53.7,0.0,0.0,0.0
2026-04-15 02:45:36,29.7,58.9,11.6,53.7,0.0,0.0,0.0
2026-04-15 02:45:41,29.7,58.8,17.1,53.7,0.0,0.0,0.0
2026-04-15 02:45:46,29.9,58.8,4.8,53.7,0.0,0.0,0.0
2026-04-15 02:45:51,30.0,58.8,19.8,53.7,0.0,0.0,0.0
2026-04-15 02:45:56,30.1,58.9,28.9,53.7,0.0,0.0,0.0
2026-04-15 02:46:01,29.8,58.7,33.4,53.7,0.0,0.0,0.0
2026-04-15 02:46:06,30.0,58.6,3.9,53.7,0.0,0.0,0.0
2026-04-15 02:46:11,29.9,58.6,19.3,53.7,0.0,0.0,0.0
2026-04-15 02:46:16,29.7,58.5,19.0,53.7,0.0,0.0,0.0
2026-04-15 02:46:21,29.8,58.4,10.5,53.7,0.0,0.0,0.0
2026-04-15 02:46:26,29.8,58.5,13.8,53.8,0.0,0.0,0.0
2026-04-15 02:46:31,29.8,58.6,16.5,53.8,0.0,0.0,0.0
2026-04-15 02:46:36,29.9,58.3,19.4,53.7,0.0,0.0,0.0
2026-04-15 02:46:41,29.9,58.3,11.1,53.7,0.0,0.0,0.0
2026-04-15 02:46:46,29.8,58.4,0.0,53.7,0.0,0.0,0.0
2026-04-15 02:46:51,29.8,58.4,11.5,53.7,0.0,0.0,0.0
2026-04-15 02:46:56,29.8,58.3,21.7,53.7,0.0,0.0,0.0
2026-04-15 02:47:01,29.8,58.3,0.0,53.7,0.0,0.0,0.0
2026-04-15 02:47:06,29.8,58.3,6.9,53.7,0.0,0.0,0.0
2026-04-15 02:47:11,29.8,58.2,15.8,53.7,0.0,0.0,0.0
2026-04-15 02:47:16,29.7,58.3,7.5,53.7,0.0,0.0,0.0
2026-04-15 02:47:21,29.7,58.4,16.5,53.8,0.0,0.0,0.0
2026-04-15 02:47:26,29.7,58.3,8.0,53.8,0.0,0.0,0.0
2026-04-15 02:47:31,29.7,58.4,19.0,53.7,0.0,0.0,0.0
2026-04-15 02:47:36,29.8,58.3,15.4,53.7,0.0,0.0,0.0
2026-04-15 02:47:41,29.8,58.3,33.0,53.7,0.0,0.0,0.0
2026-04-15 02:47:46,29.7,58.2,15.8,53.7,0.0,0.0,0.0
2026-04-15 02:47:51,29.7,58.3,18.8,53.7,0.0,0.0,0.0
2026-04-15 02:47:56,29.7,58.4,16.4,53.7,0.0,0.0,0.0
2026-04-15 02:48:01,29.9,58.5,6.7,53.7,0.0,0.0,0.0
2026-04-15 02:48:06,29.8,58.4,24.0,53.7,0.0,0.0,0.0
2026-04-15 02:48:11,29.9,58.2,28.4,53.7,0.0,0.0,0.0
2026-04-15 02:48:16,29.8,58.2,26.6,53.7,0.0,0.0,0.0
2026-04-15 02:48:21,29.9,58.2,9.9,53.7,0.0,0.0,0.0
2026-04-15 02:48:26,29.8,58.3,3.6,53.7,0.0,0.0,0.0
2026-04-15 02:48:31,29.7,58.3,20.0,53.7,0.0,0.0,0.0
2026-04-15 02:48:36,29.8,58.4,19.9,53.7,0.0,0.0,0.0
2026-04-15 02:48:41,29.7,58.2,0.0,53.7,0.0,0.0,0.0
2026-04-15 02:48:46,29.7,58.2,30.4,53.7,0.0,0.0,0.0
2026-04-15 02:48:51,29.7,58.1,28.6,53.7,0.0,0.0,0.0
2026-04-15 02:48:56,29.7,58.2,10.3,53.7,0.0,0.0,0.0
2026-04-15 02:49:01,29.8,58.2,11.9,53.7,0.0,0.0,0.0
2026-04-15 02:49:06,29.9,58.2,10.4,53.7,0.0,0.0,0.0
2026-04-15 02:49:11,29.7,58.2,17.7,53.7,0.0,0.0,0.0
2026-04-15 02:49:16,29.7,58.1,8.2,53.7,0.0,0.0,0.0
2026-04-15 02:49:21,29.7,58.1,22.7,53.7,0.0,0.0,0.0
2026-04-15 02:49:26,29.8,58.1,20.3,53.7,0.0,0.0,0.0
2026-04-15 02:49:31,29.9,58.1,14.0,53.7,0.0,0.0,0.0
2026-04-15 02:49:36,29.5,58.0,10.4,53.7,0.0,0.0,0.0
2026-04-15 02:49:41,29.7,57.9,6.9,53.7,0.0,0.0,0.0
2026-04-15 02:49:46,29.8,58.0,33.2,53.7,0.0,0.0,0.0
2026-04-15 02:49:51,29.7,58.0,23.2,53.7,0.0,0.0,0.0
2026-04-15 02:49:56,29.6,58.0,11.7,53.7,0.0,0.0,0.0
2026-04-15 02:50:01,29.8,57.9,23.9,53.7,0.0,0.0,0.0
2026-04-15 02:50:06,29.7,57.8,12.7,53.7,0.0,0.0,0.0
2026-04-15 02:50:11,29.8,57.8,26.1,53.7,0.0,0.0,0.0
2026-04-15 02:50:16,29.8,57.9,20.7,53.7,0.0,0.0,0.0
2026-04-15 02:50:21,29.8,57.9,37.2,53.7,0.0,0.0,0.0
2026-04-15 02:50:26,29.7,57.9,0.0,53.7,0.0,0.0,0.0
2026-04-15 02:50:31,29.7,58.0,0.0,53.7,0.0,0.0,0.0
2026-04-15 02:50:36,29.6,58.0,5.8,53.7,0.0,0.0,0.0
2026-04-15 02:50:41,29.8,57.9,29.2,53.7,0.0,0.0,0.0
2026-04-15 02:50:46,29.7,57.9,27.2,53.7,0.0,0.0,0.0
2026-04-15 02:50:51,29.7,58.0,26.8,53.7,0.0,0.0,0.0
2026-04-15 02:50:56,29.9,57.9,16.2,53.7,0.0,0.0,0.0
2026-04-15 02:51:01,29.7,57.8,26.3,53.7,0.0,0.0,0.0
2026-04-15 02:51:06,29.8,57.8,10.6,53.7,0.0,0.0,0.0
2026-04-15 02:51:11,29.8,57.9,6.9,53.7,0.0,0.0,0.0
2026-04-15 02:51:16,29.8,58.0,20.4,53.8,0.0,0.0,0.0
2026-04-15 02:51:21,29.7,58.1,11.7,53.8,0.0,0.0,0.0
2026-04-15 02:51:26,29.7,58.1,23.8,53.7,0.0,0.0,0.0
2026-04-15 02:51:31,29.8,58.0,20.3,53.7,0.0,0.0,0.0
2026-04-15 02:51:36,29.7,58.1,11.0,53.7,0.0,0.0,0.0
2026-04-15 02:51:41,29.9,58.1,27.0,53.7,0.0,0.0,0.0
2026-04-15 02:51:46,29.7,58.2,0.0,53.7,0.0,0.0,0.0
2026-04-15 02:51:51,29.7,58.2,14.6,53.7,0.0,0.0,0.0
2026-04-15 02:51:56,29.6,58.3,33.3,53.7,0.0,0.0,0.0
2026-04-15 02:52:01,29.5,58.3,15.0,53.7,0.0,0.0,0.0
2026-04-15 02:52:06,29.7,58.2,11.7,53.7,0.0,0.0,0.0
2026-04-15 02:52:11,29.7,58.1,26.0,53.7,0.0,0.0,0.0
2026-04-15 02:52:16,29.7,58.1,32.2,53.7,0.0,0.0,0.0
2026-04-15 02:52:21,29.7,58.1,6.7,53.7,0.0,0.0,0.0
2026-04-15 02:52:26,29.7,58.1,11.2,53.7,0.0,0.0,0.0
2026-04-15 02:52:31,29.7,58.1,16.4,53.7,0.0,0.0,0.0
2026-04-15 02:52:36,29.8,58.0,4.2,53.7,0.0,0.0,0.0
2026-04-15 02:52:41,29.8,58.1,12.3,53.7,0.0,0.0,0.0
2026-04-15 02:52:46,29.7,58.0,15.2,53.7,0.0,0.0,0.0
2026-04-15 02:52:51,29.6,58.2,0.0,53.7,0.0,0.0,0.0
2026-04-15 02:52:56,29.7,58.3,3.9,53.7,0.0,0.0,0.0
2026-04-15 02:53:01,29.6,58.3,4.5,53.7,0.0,0.0,0.0
2026-04-15 02:53:06,29.9,58.3,24.7,53.7,0.0,0.0,0.0
2026-04-15 02:53:11,29.7,58.2,8.6,53.8,0.0,0.0,0.0
2026-04-15 02:53:16,29.9,58.1,27.4,53.8,0.0,0.0,0.0
2026-04-15 02:53:21,29.8,58.2,23.4,53.7,0.0,0.0,0.0
2026-04-15 02:53:26,29.7,58.1,21.0,53.7,0.0,0.0,0.0
2026-04-15 02:53:31,29.9,58.3,0.0,53.7,0.0,0.0,0.0
2026-04-15 02:53:36,29.7,58.3,20.9,53.7,0.0,0.0,0.0
2026-04-15 02:53:41,29.6,58.3,34.2,53.7,0.0,0.0,0.0
2026-04-15 02:53:46,29.8,58.5,20.7,53.7,0.0,0.0,0.0
2026-04-15 02:53:51,29.7,58.4,32.2,53.7,0.0,0.0,0.0
2026-04-15 02:53:56,29.7,58.6,32.8,53.7,0.0,0.0,0.0
2026-04-15 02:54:01,29.8,58.6,18.8,53.7,0.0,0.0,0.0
2026-04-15 02:54:06,29.6,58.7,7.5,53.7,0.0,0.0,0.0
2026-04-15 02:54:11,29.8,58.6,16.6,53.7,0.0,0.0,0.0
2026-04-15 02:54:16,29.6,58.7,13.7,53.7,0.0,0.0,0.0
2026-04-15 02:54:21,29.6,58.8,17.8,53.7,0.0,0.0,0.0
2026-04-15 02:54:26,29.9,58.8,6.3,53.7,0.0,0.0,0.0
2026-04-15 02:54:31,29.7,58.8,13.4,53.7,0.0,0.0,0.0
2026-04-15 02:54:36,29.7,58.8,19.6,53.7,0.0,0.0,0.0
2026-04-15 02:54:41,29.8,58.7,12.5,53.7,0.0,0.0,0.0
2026-04-15 02:54:46,29.8,58.6,11.9,53.7,0.0,0.0,0.0
2026-04-15 02:54:51,29.7,58.6,15.8,53.7,0.0,0.0,0.0
2026-04-15 02:54:56,29.8,58.7,21.8,53.7,0.0,0.0,0.0
2026-04-15 02:55:01,29.9,58.6,15.1,53.7,0.0,0.0,0.0
2026-04-15 02:55:06,29.8,58.6,18.2,53.7,0.0,0.0,0.0
2026-04-15 02:55:11,29.7,58.6,1.7,53.7,0.0,0.0,0.0
2026-04-15 02:55:16,29.6,58.7,7.8,53.7,0.0,0.0,0.0
2026-04-15 02:55:21,29.7,58.6,3.2,53.7,0.0,0.0,0.0
2026-04-15 02:55:26,29.8,58.7,3.9,53.7,0.0,0.0,0.0
2026-04-15 02:55:31,29.8,58.7,28.6,53.6,0.0,0.0,0.0
2026-04-15 02:55:36,29.7,58.6,12.8,53.6,0.0,0.0,0.0
2026-04-15 02:55:41,29.7,58.5,16.0,53.7,0.0,0.0,0.0
2026-04-15 02:55:46,29.8,58.4,9.0,53.7,0.0,0.0,0.0
2026-04-15 02:55:51,29.7,58.4,19.7,53.7,0.0,0.0,0.0
2026-04-15 02:55:56,29.6,58.5,0.0,53.7,0.0,0.0,0.0
2026-04-15 02:56:01,29.8,58.4,20.4,53.7,0.0,0.0,0.0
2026-04-15 02:56:06,29.9,58.6,17.9,53.7,0.0,0.0,0.0
2026-04-15 02:56:11,29.8,58.6,24.7,53.7,0.0,0.0,0.0
2026-04-15 02:56:16,29.7,58.6,25.1,53.7,0.0,0.0,0.0
2026-04-15 02:56:21,29.7,58.6,30.1,53.7,0.0,0.0,0.0
2026-04-15 02:56:26,29.7,58.5,10.6,53.7,0.0,0.0,0.0
2026-04-15 02:56:31,29.8,58.6,0.0,53.7,0.0,0.0,0.0
2026-04-15 02:56:36,29.8,58.5,3.6,53.7,0.0,0.0,0.0
2026-04-15 02:56:41,29.6,58.6,9.3,53.7,0.0,0.0,0.0
2026-04-15 02:56:46,29.8,58.6,14.9,53.7,0.0,0.0,0.0
2026-04-15 02:56:51,29.8,58.5,9.1,53.7,0.0,0.0,0.0
2026-04-15 02:56:56,29.7,58.4,4.6,53.7,0.0,0.0,0.0
2026-04-15 02:57:01,29.7,58.5,17.0,53.7,0.0,0.0,0.0
2026-04-15 02:57:06,29.7,58.5,22.4,53.7,0.0,0.0,0.0
2026-04-15 02:57:11,29.8,58.4,9.3,53.7,0.0,0.0,0.0
2026-04-15 02:57:16,29.7,58.4,17.2,53.7,0.0,0.0,0.0
2026-04-15 02:57:21,29.7,58.3,6.5,53.7,0.0,0.0,0.0
2026-04-15 02:57:26,29.6,58.3,14.1,53.7,0.0,0.0,0.0
2026-04-15 02:57:31,29.6,58.2,0.6,53.7,0.0,0.0,0.0
2026-04-15 02:57:36,29.6,58.2,0.0,53.7,0.0,0.0,0.0
2026-04-15 02:57:41,29.7,58.1,15.3,53.7,0.0,0.0,0.0
2026-04-15 02:57:46,29.8,58.0,11.6,53.7,0.0,0.0,0.0
2026-04-15 02:57:51,29.7,58.1,14.7,53.7,0.0,0.0,0.0
2026-04-15 02:57:56,29.8,58.1,21.9,53.7,0.0,0.0,0.0
2026-04-15 02:58:01,29.7,58.0,0.0,53.7,0.0,0.0,0.0
2026-04-15 02:58:06,29.7,58.0,12.3,53.7,0.0,0.0,0.0
2026-04-15 02:58:11,29.6,58.0,0.0,53.7,0.0,0.0,0.0
2026-04-15 02:58:16,29.6,58.0,30.9,53.7,0.0,0.0,0.0
2026-04-15 02:58:21,29.7,58.1,13.6,53.7,0.0,0.0,0.0
2026-04-15 02:58:26,29.7,58.1,16.5,53.7,0.0,0.0,0.0
2026-04-15 02:58:31,29.6,58.1,7.4,53.7,0.0,0.0,0.0
2026-04-15 02:58:36,29.5,58.2,14.9,53.7,0.0,0.0,0.0
2026-04-15 02:58:41,29.7,58.1,13.1,53.7,0.0,0.0,0.0
2026-04-15 02:58:46,29.7,58.0,16.9,53.7,0.0,0.0,0.0
2026-04-15 02:58:51,29.8,57.9,14.4,53.7,0.0,0.0,0.0
2026-04-15 02:58:56,29.7,58.0,16.7,53.7,0.0,0.0,0.0
2026-04-15 02:59:01,29.8,58.1,27.6,53.7,0.0,0.0,0.0
2026-04-15 02:59:06,29.7,58.1,22.7,53.7,0.0,0.0,0.0
2026-04-15 02:59:11,29.7,58.2,27.2,53.7,0.0,0.0,0.0
2026-04-15 02:59:16,29.6,58.2,16.9,53.7,0.0,0.0,0.0
2026-04-15 02:59:21,29.7,58.1,26.8,53.7,0.0,0.0,0.0
2026-04-15 02:59:26,29.6,58.1,18.1,53.7,0.0,0.0,0.0
2026-04-15 02:59:31,29.8,58.1,14.1,53.7,0.0,0.0,0.0
2026-04-15 02:59:36,29.6,58.0,2.5,53.7,0.0,0.0,0.0
2026-04-15 02:59:41,29.6,58.0,32.3,53.7,0.0,0.0,0.0
2026-04-15 02:59:46,29.7,57.8,4.8,53.7,0.0,0.0,0.0
2026-04-15 02:59:51,29.7,57.9,31.0,53.7,0.0,0.0,0.0
2026-04-15 02:59:56,29.7,58.0,12.5,53.7,0.0,0.0,0.0
2026-04-15 03:00:01,29.6,58.1,18.7,53.7,0.0,0.0,0.0
2026-04-15 03:00:06,29.7,58.0,8.9,53.7,0.0,0.0,0.0
2026-04-15 03:00:11,29.6,57.9,8.4,53.7,0.0,0.0,0.0
2026-04-15 03:00:16,29.7,57.9,17.1,53.7,0.0,0.0,0.0
2026-04-15 03:00:21,29.7,58.0,22.8,53.7,0.0,0.0,0.0
2026-04-15 03:00:26,29.7,58.0,19.9,53.7,0.0,0.0,0.0
2026-04-15 03:00:31,29.6,58.0,12.6,53.7,0.0,0.0,0.0
2026-04-15 03:00:36,29.8,58.0,10.0,53.7,0.0,0.0,0.0
2026-04-15 03:00:41,29.5,58.0,12.8,53.7,0.0,0.0,0.0
2026-04-15 03:00:46,29.7,58.1,17.6,53.7,0.0,0.0,0.0
2026-04-15 03:00:51,29.5,58.1,3.6,53.7,0.0,0.0,0.0
2026-04-15 03:00:56,29.5,57.9,3.7,53.7,0.0,0.0,0.0
2026-04-15 03:01:01,29.6,57.9,27.6,53.7,0.0,0.0,0.0
2026-04-15 03:01:06,29.6,57.9,2.3,53.7,0.0,0.0,0.0
2026-04-15 03:01:11,29.7,57.9,33.6,53.7,0.0,0.0,0.0
2026-04-15 03:01:16,29.6,57.9,14.5,53.7,0.0,0.0,0.0
2026-04-15 03:01:21,29.6,57.8,5.1,53.7,0.0,0.0,0.0
2026-04-15 03:01:26,29.7,57.9,10.5,53.7,0.0,0.0,0.0
2026-04-15 03:01:31,29.7,58.0,21.5,53.7,0.0,0.0,0.0
2026-04-15 03:01:36,29.7,58.1,2.1,53.7,0.0,0.0,0.0
2026-04-15 03:01:41,29.5,58.2,24.2,53.7,0.0,0.0,0.0
2026-04-15 03:01:46,29.7,58.2,24.7,53.7,0.0,0.0,0.0
2026-04-15 03:01:51,29.7,58.2,23.0,53.7,0.0,0.0,0.0
2026-04-15 03:01:56,29.7,58.2,17.2,53.7,0.0,0.0,0.0
2026-04-15 03:02:01,29.4,58.1,21.1,53.7,0.0,0.0,0.0
2026-04-15 03:02:06,29.6,58.1,23.9,53.7,0.0,0.0,0.0
2026-04-15 03:02:11,29.6,58.0,14.3,53.7,0.0,0.0,0.0
2026-04-15 03:02:16,29.7,58.0,19.2,53.7,0.0,0.0,0.0
2026-04-15 03:02:21,29.6,57.9,33.6,53.7,0.0,0.0,0.0
2026-04-15 03:02:26,29.6,57.9,20.7,53.7,0.0,0.0,0.0
2026-04-15 03:02:31,29.6,58.0,14.1,53.7,0.0,0.0,0.0
2026-04-15 03:02:36,29.7,58.1,17.5,53.7,0.0,0.0,0.0
2026-04-15 03:02:41,29.7,58.3,4.4,53.7,0.0,0.0,0.0
2026-04-15 03:02:46,29.6,58.3,22.9,53.7,0.0,0.0,0.0
2026-04-15 03:02:51,29.7,58.3,11.0,53.7,0.0,0.0,0.0
2026-04-15 03:02:56,29.7,58.4,3.5,53.7,0.0,0.0,0.0
2026-04-15 03:03:01,29.6,58.4,30.8,53.7,0.0,0.0,0.0
2026-04-15 03:03:06,29.6,58.4,29.1,53.7,0.0,0.0,0.0
2026-04-15 03:03:11,29.7,58.4,5.7,53.7,0.0,0.0,0.0
2026-04-15 03:03:16,29.5,58.4,21.6,53.7,0.0,0.0,0.0
2026-04-15 03:03:21,29.5,58.4,7.1,53.7,0.0,0.0,0.0
2026-04-15 03:03:26,29.7,58.4,5.7,53.7,0.0,0.0,0.0
2026-04-15 03:03:31,29.7,58.5,11.8,53.7,0.0,0.0,0.0
2026-04-15 03:03:36,29.6,58.5,21.6,53.7,0.0,0.0,0.0
2026-04-15 03:03:41,29.8,58.6,38.7,53.7,0.0,0.0,0.0
2026-04-15 03:03:46,29.6,58.5,6.4,53.7,0.0,0.0,0.0
2026-04-15 03:03:51,29.6,58.6,5.5,53.7,0.0,0.0,0.0
2026-04-15 03:03:56,29.7,58.5,10.1,53.7,0.0,0.0,0.0
2026-04-15 03:04:01,29.7,58.5,8.0,53.7,0.0,0.0,0.0
2026-04-15 03:04:06,29.6,58.5,17.9,53.7,0.0,0.0,0.0
2026-04-15 03:04:11,29.6,58.5,37.7,53.7,0.0,0.0,0.0
2026-04-15 03:04:16,29.7,58.5,10.3,53.7,0.0,0.0,0.0
2026-04-15 03:04:21,29.6,58.4,26.0,53.7,0.0,0.0,0.0
2026-04-15 03:04:26,29.6,58.4,28.1,53.7,0.0,0.0,0.0
2026-04-15 03:04:31,29.6,58.4,14.4,53.7,0.0,0.0,0.0
2026-04-15 03:04:36,29.6,58.4,28.6,53.7,0.0,0.0,0.0
2026-04-15 03:04:41,29.6,58.5,19.8,53.7,0.0,0.0,0.0
2026-04-15 03:04:46,29.7,58.4,0.0,53.7,0.0,0.0,0.0
2026-04-15 03:04:51,29.6,58.6,21.4,53.7,0.0,0.0,0.0
2026-04-15 03:04:56,29.5,58.6,0.0,53.7,0.0,0.0,0.0
2026-04-15 03:05:01,29.8,58.6,5.6,53.7,0.0,0.0,0.0
2026-04-15 03:05:06,29.6,58.5,12.8,53.7,0.0,0.0,0.0
2026-04-15 03:05:11,29.7,58.5,7.5,53.7,0.0,0.0,0.0
2026-04-15 03:05:16,29.7,58.5,0.0,53.7,0.0,0.0,0.0
2026-04-15 03:05:21,29.6,58.6,0.0,53.7,0.0,0.0,0.0
2026-04-15 03:05:26,29.5,58.7,6.0,53.7,0.0,0.0,0.0
2026-04-15 03:05:31,29.7,58.7,17.8,53.7,0.0,0.0,0.0
2026-04-15 03:05:36,29.5,58.7,5.1,53.7,0.0,0.0,0.0
2026-04-15 03:05:41,29.5,58.7,15.3,53.8,0.0,0.0,0.0
2026-04-15 03:05:46,29.6,58.7,24.5,53.8,0.0,0.0,0.0
2026-04-15 03:05:51,29.6,58.7,5.0,53.8,0.0,0.0,0.0
2026-04-15 03:05:56,29.6,58.6,12.0,53.8,0.0,0.0,0.0
2026-04-15 03:06:01,29.6,58.5,41.0,53.7,0.0,0.0,0.0
2026-04-15 03:06:06,29.5,58.4,17.3,53.7,0.0,0.0,0.0
2026-04-15 03:06:11,29.6,58.4,22.4,53.7,0.0,0.0,0.0
2026-04-15 03:06:16,29.7,58.4,0.0,53.7,0.0,0.0,0.0
2026-04-15 03:06:21,29.6,58.4,15.8,53.8,0.0,0.0,0.0
2026-04-15 03:06:26,29.5,58.4,23.0,53.8,0.0,0.0,0.0
2026-04-15 03:06:31,29.6,58.4,0.5,53.8,0.0,0.0,0.0
2026-04-15 03:06:36,29.4,58.4,5.4,53.8,0.0,0.0,0.0
2026-04-15 03:06:41,29.6,58.5,18.3,53.8,0.0,0.0,0.0
2026-04-15 03:06:46,29.6,58.7,24.3,53.8,0.0,0.0,0.0
2026-04-15 03:06:51,29.6,58.7,20.8,53.8,0.0,0.0,0.0
2026-04-15 03:06:56,29.5,58.6,0.0,53.8,0.0,0.0,0.0
2026-04-15 03:07:01,29.6,58.5,9.5,53.7,0.0,0.0,0.0
2026-04-15 03:07:06,29.6,58.6,12.4,53.7,0.0,0.0,0.0
2026-04-15 03:07:11,29.7,58.6,22.7,53.7,0.0,0.0,0.0
2026-04-15 03:07:16,29.7,58.6,20.0,53.7,0.0,0.0,0.0
2026-04-15 03:07:21,29.4,58.5,15.2,53.8,0.0,0.0,0.0
2026-04-15 03:07:26,29.5,58.6,21.0,53.8,0.0,0.0,0.0
2026-04-15 03:07:31,29.7,58.3,0.0,53.8,0.0,0.0,0.0
2026-04-15 03:07:36,29.6,58.3,15.0,53.7,0.0,0.0,0.0
2026-04-15 03:07:41,29.8,58.2,13.2,53.7,0.0,0.0,0.0
2026-04-15 03:07:46,29.6,58.2,16.6,53.7,0.0,0.0,0.0
2026-04-15 03:07:51,29.6,58.3,29.5,53.8,0.0,0.0,0.0
2026-04-15 03:07:56,29.7,58.3,26.2,53.8,0.0,0.0,0.0
2026-04-15 03:08:01,29.7,58.2,18.7,53.7,0.0,0.0,0.0
2026-04-15 03:08:06,29.6,58.2,32.1,53.7,0.0,0.0,0.0
2026-04-15 03:08:11,29.6,58.2,18.4,53.7,0.0,0.0,0.0
2026-04-15 03:08:16,29.6,58.1,4.3,53.8,0.0,0.0,0.0
2026-04-15 03:08:21,29.6,58.1,12.9,53.8,0.0,0.0,0.0
2026-04-15 03:08:26,29.5,58.2,30.8,53.7,0.0,0.0,0.0
2026-04-15 03:08:31,29.6,58.3,3.3,53.7,0.0,0.0,0.0
2026-04-15 03:08:36,29.5,58.2,12.0,53.7,0.0,0.0,0.0
2026-04-15 03:08:41,29.7,58.3,18.9,53.8,0.0,0.0,0.0
2026-04-15 03:08:46,29.4,58.3,0.0,53.8,0.0,0.0,0.0
2026-04-15 03:08:51,29.5,58.4,11.2,53.8,0.0,0.0,0.0
2026-04-15 03:08:56,29.5,58.3,25.8,53.8,0.0,0.0,0.0
2026-04-15 03:09:01,29.6,58.3,29.0,53.7,0.0,0.0,0.0
2026-04-15 03:09:06,29.5,58.3,6.2,53.7,0.0,0.0,0.0
2026-04-15 03:09:11,29.6,58.2,22.4,53.7,0.0,0.0,0.0
2026-04-15 03:09:16,29.5,58.2,28.9,53.7,0.0,0.0,0.0
2026-04-15 03:09:21,29.6,58.2,16.4,53.7,0.0,0.0,0.0
2026-04-15 03:09:26,29.7,58.1,9.6,53.7,0.0,0.0,0.0
2026-04-15 03:09:31,29.5,58.3,28.0,53.7,0.0,0.0,0.0
2026-04-15 03:09:36,29.6,58.3,25.0,53.7,0.0,0.0,0.0
2026-04-15 03:09:41,29.5,58.2,20.7,53.7,0.0,0.0,0.0
2026-04-15 03:09:46,29.5,58.2,18.6,53.7,0.0,0.0,0.0
2026-04-15 03:09:51,29.6,58.2,22.0,53.7,0.0,0.0,0.0
2026-04-15 03:09:56,29.5,58.3,24.7,53.8,0.0,0.0,0.0
2026-04-15 03:10:01,29.7,58.1,13.1,53.8,0.0,0.0,0.0
2026-04-15 03:10:06,29.7,58.1,20.4,53.7,0.0,0.0,0.0
2026-04-15 03:10:11,29.6,58.0,11.6,53.7,0.0,0.0,0.0
2026-04-15 03:10:16,29.5,58.1,15.7,53.7,0.0,0.0,0.0
2026-04-15 03:10:21,29.4,58.1,0.0,53.7,0.0,0.0,0.0
2026-04-15 03:10:26,29.6,58.1,23.6,53.7,0.0,0.0,0.0
2026-04-15 03:10:31,29.7,57.9,14.5,53.7,0.0,0.0,0.0
2026-04-15 03:10:36,29.5,58.0,13.6,53.7,0.0,0.0,0.0
2026-04-15 03:10:41,29.7,58.1,16.9,53.7,0.0,0.0,0.0
2026-04-15 03:10:46,29.7,58.0,20.3,53.8,0.0,0.0,0.0
2026-04-15 03:10:51,29.6,58.0,10.8,53.8,0.0,0.0,0.0
2026-04-15 03:10:56,29.7,58.0,37.0,53.8,0.0,0.0,0.0
2026-04-15 03:11:01,29.4,58.0,9.4,53.8,0.0,0.0,0.0
2026-04-15 03:11:06,29.6,57.9,21.5,53.8,0.0,0.0,0.0
2026-04-15 03:11:11,29.5,57.9,0.0,53.7,0.0,0.0,0.0
2026-04-15 03:11:16,29.5,57.8,20.4,53.7,0.0,0.0,0.0
2026-04-15 03:11:21,29.6,57.8,12.7,53.7,0.0,0.0,0.0
2026-04-15 03:11:26,29.6,58.0,17.9,53.7,0.0,0.0,0.0
2026-04-15 03:11:31,29.5,58.1,21.7,53.7,0.0,0.0,0.0
2026-04-15 03:11:36,29.6,58.1,15.8,53.7,0.0,0.0,0.0
2026-04-15 03:11:41,29.6,58.1,15.2,53.8,0.0,0.0,0.0
2026-04-15 03:11:46,29.6,58.0,18.4,53.8,0.0,0.0,0.0
2026-04-15 03:11:51,29.5,58.0,14.8,53.8,0.0,0.0,0.0
2026-04-15 03:11:56,29.4,58.1,13.2,53.8,0.0,0.0,0.0
2026-04-15 03:12:01,29.6,58.0,16.0,53.8,0.0,0.0,0.0
2026-04-15 03:12:06,29.6,58.0,9.7,53.8,0.0,0.0,0.0
2026-04-15 03:12:11,29.5,57.7,18.9,53.8,0.0,0.0,0.0
2026-04-15 03:12:16,29.4,57.8,19.0,53.7,0.0,0.0,0.0
2026-04-15 03:12:21,29.5,57.7,20.0,53.7,0.0,0.0,0.0
2026-04-15 03:12:26,29.5,57.8,14.1,53.7,0.0,0.0,0.0
2026-04-15 03:12:31,29.5,57.9,35.2,53.7,0.0,0.0,0.0
2026-04-15 03:12:36,29.6,57.8,19.3,53.7,0.0,0.0,0.0
2026-04-15 03:12:41,29.5,57.8,0.0,53.7,0.0,0.0,0.0
2026-04-15 03:12:46,29.5,57.8,11.3,53.7,0.0,0.0,0.0
2026-04-15 03:12:51,29.5,57.9,18.4,53.7,0.0,0.0,0.0
2026-04-15 03:12:56,29.4,57.7,17.1,53.8,0.0,0.0,0.0
2026-04-15 03:13:01,29.5,57.8,2.4,53.8,0.0,0.0,0.0
2026-04-15 03:13:06,29.5,57.7,16.2,53.8,0.0,0.0,0.0
2026-04-15 03:13:11,29.6,57.7,0.0,53.8,0.0,0.0,0.0
2026-04-15 03:13:16,29.6,57.9,7.6,53.7,0.0,0.0,0.0
2026-04-15 03:13:21,29.5,58.1,16.5,53.7,0.0,0.0,0.0
2026-04-15 03:13:26,29.5,58.1,8.2,53.7,0.0,0.0,0.0
2026-04-15 03:13:31,29.5,58.1,19.7,53.7,0.0,0.0,0.0
2026-04-15 03:13:36,29.6,58.0,8.8,53.8,0.0,0.0,0.0
2026-04-15 03:13:41,29.5,58.0,40.7,53.8,0.0,0.0,0.0
2026-04-15 03:13:46,29.5,57.9,19.2,53.8,0.0,0.0,0.0
2026-04-15 03:13:51,29.6,58.0,0.1,53.7,0.0,0.0,0.0
2026-04-15 03:13:56,29.5,57.9,9.7,53.7,0.0,0.0,0.0
2026-04-15 03:14:01,29.5,58.0,38.6,53.7,0.0,0.0,0.0
2026-04-15 03:14:06,29.5,58.1,14.4,53.7,0.0,0.0,0.0
2026-04-15 03:14:11,29.3,58.1,19.7,53.7,0.0,0.0,0.0
2026-04-15 03:14:16,29.6,58.2,13.8,53.7,0.0,0.0,0.0
2026-04-15 03:14:21,29.5,58.1,13.8,53.7,0.0,0.0,0.0
2026-04-15 03:14:26,29.5,58.1,7.4,53.7,0.0,0.0,0.0
2026-04-15 03:14:31,29.5,58.1,30.5,53.8,0.0,0.0,0.0
2026-04-15 03:14:36,29.5,58.2,23.9,53.8,0.0,0.0,0.0
2026-04-15 03:14:41,29.5,58.2,14.5,53.7,0.0,0.0,0.0
2026-04-15 03:14:46,29.5,58.2,24.5,53.7,0.0,0.0,0.0
2026-04-15 03:14:51,29.5,58.2,4.3,53.7,0.0,0.0,0.0
2026-04-15 03:14:56,29.6,58.1,33.1,53.7,0.0,0.0,0.0
2026-04-15 03:15:01,29.5,58.2,6.5,53.7,0.0,0.0,0.0
2026-04-15 03:15:06,29.6,58.1,0.0,53.7,0.0,0.0,0.0
2026-04-15 03:15:11,29.5,58.1,20.0,53.7,0.0,0.0,0.0
2026-04-15 03:15:16,29.6,58.2,17.5,53.7,0.0,0.0,0.0
2026-04-15 03:15:21,29.4,58.1,9.7,53.7,0.0,0.0,0.0
2026-04-15 03:15:26,29.4,58.0,18.4,53.7,0.0,0.0,0.0
2026-04-15 03:15:31,29.5,58.0,9.2,53.7,0.0,0.0,0.0
2026-04-15 03:15:36,29.5,58.1,2.6,53.7,0.0,0.0,0.0
2026-04-15 03:15:41,29.6,58.2,22.5,53.7,0.0,0.0,0.0
2026-04-15 03:15:46,29.5,58.1,7.0,53.7,0.0,0.0,0.0
2026-04-15 03:15:51,29.5,58.2,25.6,53.7,0.0,0.0,0.0
2026-04-15 03:15:56,29.6,58.3,3.0,53.7,0.0,0.0,0.0
2026-04-15 03:16:01,29.5,58.2,5.3,53.7,0.0,0.0,0.0
2026-04-15 03:16:06,29.6,58.3,0.0,53.7,0.0,0.0,0.0
2026-04-15 03:16:11,29.4,58.4,13.1,53.7,0.0,0.0,0.0
2026-04-15 03:16:16,29.5,58.4,10.1,53.7,0.0,0.0,0.0
2026-04-15 03:16:21,29.4,58.4,14.8,53.7,0.0,0.0,0.0
2026-04-15 03:16:26,29.4,58.5,15.9,53.7,0.0,0.0,0.0
2026-04-15 03:16:31,29.5,58.6,1.1,53.7,0.0,0.0,0.0
2026-04-15 03:16:36,29.5,58.5,8.2,53.7,0.0,0.0,0.0
2026-04-15 03:16:41,29.5,58.5,16.5,53.7,0.0,0.0,0.0
2026-04-15 03:16:46,29.5,58.6,1.5,53.7,0.0,0.0,0.0
2026-04-15 03:16:51,29.6,58.5,0.0,53.7,0.0,0.0,0.0
2026-04-15 03:16:56,29.6,58.6,15.5,53.7,0.0,0.0,0.0
2026-04-15 03:17:01,29.7,58.7,8.2,53.8,0.0,0.0,0.0
2026-04-15 03:17:06,29.6,58.6,30.4,53.8,0.0,0.0,0.0
2026-04-15 03:17:11,29.4,58.6,12.3,53.7,0.0,0.0,0.0
2026-04-15 03:17:16,29.3,58.5,8.7,53.7,0.0,0.0,0.0
2026-04-15 03:17:21,29.4,58.5,0.0,53.7,0.0,0.0,0.0
2026-04-15 03:17:26,29.5,58.5,0.0,53.7,0.0,0.0,0.0
2026-04-15 03:17:31,29.6,58.5,6.4,53.7,0.0,0.0,0.0
2026-04-15 03:17:36,29.5,58.5,10.7,53.7,0.0,0.0,0.0
2026-04-15 03:17:41,29.4,58.5,23.4,53.7,0.0,0.0,0.0
2026-04-15 03:17:46,29.5,58.4,28.9,53.7,0.0,0.0,0.0
2026-04-15 03:17:51,29.4,58.4,8.1,53.7,0.0,0.0,0.0
2026-04-15 03:17:56,29.6,58.2,9.5,53.7,0.0,0.0,0.0
2026-04-15 03:18:01,29.5,58.3,6.4,53.7,0.0,0.0,0.0
2026-04-15 03:18:06,29.3,58.3,27.1,53.7,0.0,0.0,0.0
2026-04-15 03:18:11,29.5,58.3,5.5,53.7,0.0,0.0,0.0
2026-04-15 03:18:16,29.5,58.2,9.5,53.7,0.0,0.0,0.0
2026-04-15 03:18:21,29.4,58.2,18.5,53.8,0.0,0.0,0.0
2026-04-15 03:18:26,29.4,58.2,6.9,53.8,0.0,0.0,0.0
2026-04-15 03:18:31,29.4,58.3,6.8,53.8,0.0,0.0,0.0
2026-04-15 03:18:36,29.4,58.3,29.6,53.8,0.0,0.0,0.0
2026-04-15 03:18:41,29.6,58.3,29.2,53.8,0.0,0.0,0.0
2026-04-15 03:18:46,29.4,58.3,12.9,53.8,0.0,0.0,0.0
2026-04-15 03:18:51,29.5,58.3,5.5,53.8,0.0,0.0,0.0
2026-04-15 03:18:56,29.5,58.3,15.0,53.8,0.0,0.0,0.0
2026-04-15 03:19:01,29.2,58.3,15.4,53.8,0.0,0.0,0.0
2026-04-15 03:19:06,29.4,58.3,31.3,53.8,0.0,0.0,0.0
2026-04-15 03:19:11,29.3,58.4,11.2,53.8,0.0,0.0,0.0
2026-04-15 03:19:16,29.4,58.5,21.4,53.8,0.0,0.0,0.0
2026-04-15 03:19:21,29.5,58.3,13.2,53.8,0.0,0.0,0.0
2026-04-15 03:19:26,29.6,58.3,16.0,53.8,0.0,0.0,0.0
2026-04-15 03:19:31,29.6,58.3,17.6,53.7,0.0,0.0,0.0
2026-04-15 03:19:36,29.4,58.4,4.0,53.7,0.0,0.0,0.0
2026-04-15 03:19:41,29.5,58.5,20.6,53.7,0.0,0.0,0.0
2026-04-15 03:19:46,29.5,58.4,18.8,53.7,0.0,0.0,0.0
2026-04-15 03:19:51,29.5,58.5,7.3,53.7,0.0,0.0,0.0
2026-04-15 03:19:56,29.5,58.5,19.3,53.7,0.0,0.0,0.0
2026-04-15 03:20:01,29.6,58.3,9.2,53.7,0.0,0.0,0.0
2026-04-15 03:20:06,29.4,58.1,13.1,53.7,0.0,0.0,0.0
2026-04-15 03:20:11,29.4,58.2,19.0,53.7,0.0,0.0,0.0
2026-04-15 03:20:16,29.4,58.2,0.0,53.7,0.0,0.0,0.0
2026-04-15 03:20:21,29.5,58.3,1.7,53.7,0.0,0.0,0.0
2026-04-15 03:20:26,29.6,58.2,3.4,53.7,0.0,0.0,0.0
2026-04-15 03:20:31,29.4,58.3,9.9,53.7,0.0,0.0,0.0
2026-04-15 03:20:36,29.5,58.3,31.7,53.7,0.0,0.0,0.0
2026-04-15 03:20:41,29.6,58.2,38.0,53.7,0.0,0.0,0.0
2026-04-15 03:20:46,29.5,58.2,19.1,53.7,0.0,0.0,0.0
2026-04-15 03:20:51,29.5,58.2,4.6,53.7,0.0,0.0,0.0
2026-04-15 03:20:56,29.4,58.0,2.7,53.7,0.0,0.0,0.0
2026-04-15 03:21:01,29.5,58.2,12.1,53.7,0.0,0.0,0.0
2026-04-15 03:21:06,29.5,58.1,28.9,53.7,0.0,0.0,0.0
2026-04-15 03:21:11,29.5,58.1,0.0,53.7,0.0,0.0,0.0
2026-04-15 03:21:16,29.3,58.1,20.1,53.7,0.0,0.0,0.0
2026-04-15 03:21:21,29.5,58.2,18.6,53.7,0.0,0.0,0.0
2026-04-15 03:21:26,29.4,58.2,0.0,53.7,0.0,0.0,0.0
2026-04-15 03:21:31,29.4,58.3,25.5,53.7,0.0,0.0,0.0
2026-04-15 03:21:36,29.5,,21.4,53.7,0.0,0.0,0.0
2026-04-15 03:21:41,29.4,58.6,4.1,53.7,0.0,0.0,0.0
2026-04-15 03:21:46,29.5,58.7,18.9,53.7,0.0,0.0,0.0
2026-04-15 03:21:51,29.4,58.7,0.0,53.7,0.0,0.0,0.0
2026-04-15 03:21:56,29.5,58.7,7.1,53.7,0.0,0.0,0.0
2026-04-15 03:22:01,29.4,58.6,17.4,53.7,0.0,0.0,0.0
2026-04-15 03:22:06,29.5,58.6,21.3,53.7,0.0,0.0,0.0
2026-04-15 03:22:11,29.4,58.6,31.2,53.7,0.0,0.0,0.0
2026-04-15 03:22:16,29.6,58.5,17.0,53.7,0.0,0.0,0.0
2026-04-15 03:22:21,29.6,58.6,11.2,53.7,0.0,0.0,0.0
2026-04-15 03:22:26,29.5,58.7,0.7,53.7,0.0,0.0,0.0
2026-04-15 03:22:31,29.5,58.7,26.9,53.7,0.0,0.0,0.0
2026-04-15 03:22:36,29.4,58.6,13.9,53.7,0.0,0.0,0.0
2026-04-15 03:22:41,29.5,58.6,10.3,53.7,0.0,0.0,0.0
2026-04-15 03:22:46,29.4,58.7,17.4,53.7,0.0,0.0,0.0
2026-04-15 03:22:51,29.4,58.7,29.6,53.7,0.0,0.0,0.0
2026-04-15 03:22:56,29.4,58.6,15.8,53.7,0.0,0.0,0.0
2026-04-15 03:23:01,29.5,58.7,0.0,53.7,0.0,0.0,0.0
2026-04-15 03:23:06,29.5,58.7,41.8,53.7,0.0,0.0,0.0
2026-04-15 03:23:11,29.6,58.7,10.6,53.7,0.0,0.0,0.0
2026-04-15 03:23:16,29.4,58.6,18.7,53.7,0.0,0.0,0.0
2026-04-15 03:23:21,29.5,58.4,21.6,53.7,0.0,0.0,0.0
2026-04-15 03:23:26,29.5,58.4,17.9,53.7,0.0,0.0,0.0
2026-04-15 03:23:31,29.4,58.3,4.7,53.7,0.0,0.0,0.0
2026-04-15 03:23:36,29.5,58.3,3.4,53.7,0.0,0.0,0.0
2026-04-15 03:23:41,29.5,58.2,13.6,53.7,0.0,0.0,0.0
2026-04-15 03:23:46,29.4,58.3,36.8,53.6,0.0,0.0,0.0
2026-04-15 03:23:51,29.4,58.3,20.0,53.6,0.0,0.0,0.0
2026-04-15 03:23:56,29.4,58.5,20.4,53.7,0.0,0.0,0.0
2026-04-15 03:24:01,29.4,58.5,11.2,53.7,0.0,0.0,0.0
2026-04-15 03:24:06,29.3,58.5,14.7,53.7,0.0,0.0,0.0
2026-04-15 03:24:11,29.5,58.5,0.0,53.7,0.0,0.0,0.0
2026-04-15 03:24:16,29.5,58.4,22.2,53.7,0.0,0.0,0.0
2026-04-15 03:24:21,29.4,58.5,16.3,53.7,0.0,0.0,0.0
2026-04-15 03:24:26,29.4,58.4,19.8,53.7,0.0,0.0,0.0
2026-04-15 03:24:31,29.5,58.4,9.1,53.7,0.0,0.0,0.0
2026-04-15 03:24:36,29.4,58.3,15.3,53.7,0.0,0.0,0.0
2026-04-15 03:24:41,29.4,58.4,19.1,53.7,0.0,0.0,0.0
2026-04-15 03:24:46,29.3,58.5,5.4,53.7,0.0,0.0,0.0
2026-04-15 03:24:51,29.4,58.5,31.7,53.7,0.0,0.0,0.0
2026-04-15 03:24:56,29.5,58.5,16.8,53.7,0.0,0.0,0.0
2026-04-15 03:25:01,29.4,58.6,19.9,53.7,0.0,0.0,0.0
2026-04-15 03:25:06,29.3,58.5,24.9,53.7,0.0,0.0,0.0
2026-04-15 03:25:11,29.4,58.5,10.6,53.7,0.0,0.0,0.0
2026-04-15 03:25:16,29.4,58.5,11.2,53.7,0.0,0.0,0.0
2026-04-15 03:25:21,29.4,58.4,23.9,53.7,0.0,0.0,0.0
2026-04-15 03:25:26,29.3,58.4,30.2,53.7,0.0,0.0,0.0
2026-04-15 03:25:31,29.4,58.4,20.5,53.7,0.0,0.0,0.0
2026-04-15 03:25:36,29.4,58.5,8.4,53.7,0.0,0.0,0.0
2026-04-15 03:25:41,29.6,58.5,2.4,53.7,0.0,0.0,0.0
2026-04-15 03:25:46,29.5,58.5,14.6,53.7,0.0,0.0,0.0
2026-04-15 03:25:51,29.5,58.6,20.1,53.7,0.0,0.0,0.0
2026-04-15 03:25:56,29.5,58.6,12.8,53.7,0.0,0.0,0.0
2026-04-15 03:26:01,29.6,58.6,0.0,53.7,0.0,0.0,0.0
2026-04-15 03:26:06,29.3,58.7,5.6,53.7,0.0,0.0,0.0
2026-04-15 03:26:11,29.4,58.6,17.2,53.7,0.0,0.0,0.0
2026-04-15 03:26:16,29.5,58.6,30.4,53.7,0.0,0.0,0.0
2026-04-15 03:26:21,29.5,58.5,23.8,53.7,0.0,0.0,0.0
2026-04-15 03:26:26,29.2,58.5,9.1,53.7,0.0,0.0,0.0
2026-04-15 03:26:31,29.5,58.5,14.6,53.7,0.0,0.0,0.0
2026-04-15 03:26:36,29.4,58.5,12.5,53.7,0.0,0.0,0.0
2026-04-15 03:26:41,29.5,58.5,10.5,53.7,0.0,0.0,0.0
2026-04-15 03:26:46,29.5,58.4,16.9,53.7,0.0,0.0,0.0
2026-04-15 03:26:51,29.5,58.5,6.0,53.7,0.0,0.0,0.0
2026-04-15 03:26:56,29.4,58.6,0.0,53.7,0.0,0.0,0.0
2026-04-15 03:27:01,29.3,58.7,18.8,53.7,0.0,0.0,0.0
2026-04-15 03:27:06,29.5,58.6,21.6,53.7,0.0,0.0,0.0
2026-04-15 03:27:11,29.4,58.7,13.7,53.7,0.0,0.0,0.0
2026-04-15 03:27:16,29.5,58.6,22.9,53.7,0.0,0.0,0.0
2026-04-15 03:27:21,29.4,58.7,12.0,53.7,0.0,0.0,0.0
2026-04-15 03:27:26,29.4,58.8,0.0,53.7,0.0,0.0,0.0
2026-04-15 03:27:31,29.5,58.7,10.8,53.7,0.0,0.0,0.0
2026-04-15 03:27:36,29.5,58.7,16.8,53.7,0.0,0.0,0.0
2026-04-15 03:27:41,29.5,58.6,10.7,53.7,0.0,0.0,0.0
2026-04-15 03:27:46,29.4,58.6,9.4,53.7,0.0,0.0,0.0
2026-04-15 03:27:51,29.3,58.5,32.6,53.7,0.0,0.0,0.0
2026-04-15 03:27:56,29.6,58.2,21.4,53.6,0.0,0.0,0.0
2026-04-15 03:28:01,29.5,58.2,10.8,53.6,0.0,0.0,0.0
2026-04-15 03:28:06,29.5,58.1,0.0,53.6,0.0,0.0,0.0
2026-04-15 03:28:11,29.5,58.3,4.5,53.7,0.0,0.0,0.0
2026-04-15 03:28:16,29.5,58.3,14.9,53.7,0.0,0.0,0.0
2026-04-15 03:28:21,29.4,58.3,5.3,53.7,0.0,0.0,0.0
2026-04-15 03:28:26,29.4,58.4,30.7,53.7,0.0,0.0,0.0
2026-04-15 03:28:31,29.4,58.4,17.6,53.7,0.0,0.0,0.0
2026-04-15 03:28:36,29.4,58.4,3.3,53.7,0.0,0.0,0.0
2026-04-15 03:28:41,29.5,58.3,28.6,53.7,0.0,0.0,0.0
2026-04-15 03:28:46,29.6,58.4,40.7,53.7,0.0,0.0,0.0
2026-04-15 03:28:51,29.1,58.4,31.7,53.7,0.0,0.0,0.0
2026-04-15 03:28:56,29.5,58.5,30.6,53.7,0.0,0.0,0.0
2026-04-15 03:29:01,29.6,58.4,21.2,53.7,0.0,0.0,0.0
2026-04-15 03:29:06,29.4,58.4,16.4,53.7,0.0,0.0,0.0
2026-04-15 03:29:11,29.5,58.4,18.6,53.7,0.0,0.0,0.0
2026-04-15 03:29:16,29.5,58.4,12.1,53.7,0.0,0.0,0.0
2026-04-15 03:29:21,29.5,58.4,21.3,53.7,0.0,0.0,0.0
2026-04-15 03:29:26,29.2,58.4,5.3,53.7,0.0,0.0,0.0
2026-04-15 03:29:31,29.5,58.4,17.3,53.7,0.0,0.0,0.0
2026-04-15 03:29:36,29.5,58.5,23.0,53.7,0.0,0.0,0.0
2026-04-15 03:29:41,29.5,58.6,26.4,53.7,0.0,0.0,0.0
2026-04-15 03:29:46,29.4,58.7,0.0,53.7,0.0,0.0,0.0
2026-04-15 03:29:51,29.5,58.7,15.0,53.7,0.0,0.0,0.0
2026-04-15 03:29:56,29.5,58.8,13.0,53.7,0.0,0.0,0.0
2026-04-15 03:30:01,29.5,59.0,10.3,53.7,0.0,0.0,0.0
2026-04-15 03:30:06,29.4,59.1,28.5,53.7,0.0,0.0,0.0
2026-04-15 03:30:11,29.3,59.0,0.0,53.7,0.0,0.0,0.0
2026-04-15 03:30:16,29.5,59.1,18.1,53.7,0.0,0.0,0.0
2026-04-15 03:30:21,29.5,59.1,9.3,53.7,0.0,0.0,0.0
2026-04-15 03:30:26,29.4,59.1,9.5,53.7,0.0,0.0,0.0
2026-04-15 03:30:31,29.5,59.0,16.3,53.7,0.0,0.0,0.0
2026-04-15 03:30:36,29.5,59.0,11.3,53.7,0.0,0.0,0.0
2026-04-15 03:30:41,29.4,59.0,26.0,53.7,0.0,0.0,0.0
2026-04-15 03:30:46,29.5,58.8,36.1,53.7,0.0,0.0,0.0
2026-04-15 03:30:51,29.3,58.9,17.5,53.7,0.0,0.0,0.0
2026-04-15 03:30:56,29.4,59.0,8.4,53.7,0.0,0.0,0.0
2026-04-15 03:31:01,29.3,59.0,2.5,53.7,0.0,0.0,0.0
2026-04-15 03:31:06,29.5,59.0,19.2,53.7,0.0,0.0,0.0
2026-04-15 03:31:11,29.3,59.0,13.8,53.7,0.0,0.0,0.0
2026-04-15 03:31:16,29.3,59.1,22.1,53.7,0.0,0.0,0.0
2026-04-15 03:31:21,29.4,59.1,22.0,53.7,0.0,0.0,0.0
2026-04-15 03:31:26,29.6,59.2,18.2,53.7,0.0,0.0,0.0
2026-04-15 03:31:31,29.5,59.1,8.6,53.7,0.0,0.0,0.0
2026-04-15 03:31:36,29.5,59.0,2.6,53.7,0.0,0.0,0.0
2026-04-15 03:31:41,29.3,58.9,11.7,53.7,0.0,0.0,0.0
2026-04-15 03:31:46,29.4,59.0,32.2,53.7,0.0,0.0,0.0
2026-04-15 03:31:51,29.3,58.9,16.3,53.7,0.0,0.0,0.0
2026-04-15 03:31:56,29.4,58.9,21.2,53.7,0.0,0.0,0.0
2026-04-15 03:32:01,29.4,59.0,18.2,53.7,0.0,0.0,0.0
2026-04-15 03:32:06,29.5,58.9,8.3,53.7,0.0,0.0,0.0
2026-04-15 03:32:11,29.5,58.6,16.5,53.6,0.0,0.0,0.0
2026-04-15 03:32:16,29.3,58.6,3.9,53.6,0.0,0.0,0.0
2026-04-15 03:32:21,29.5,58.6,9.5,53.7,0.0,0.0,0.0
2026-04-15 03:32:26,29.4,58.6,6.7,53.7,0.0,0.0,0.0
2026-04-15 03:32:31,29.4,58.6,20.5,53.7,0.0,0.0,0.0
2026-04-15 03:32:36,29.4,58.7,15.3,53.7,0.0,0.0,0.0
2026-04-15 03:32:41,29.4,58.8,14.0,53.7,0.0,0.0,0.0
2026-04-15 03:32:46,29.3,58.7,0.0,53.7,0.0,0.0,0.0
2026-04-15 03:32:51,29.3,58.6,17.4,53.7,0.0,0.0,0.0
2026-04-15 03:32:56,29.4,58.6,12.3,53.7,0.0,0.0,0.0
2026-04-15 03:33:01,29.3,58.5,1.7,53.7,0.0,0.0,0.0
2026-04-15 03:33:06,29.4,58.6,11.1,53.7,0.0,0.0,0.0
2026-04-15 03:33:11,29.5,58.5,16.1,53.7,0.0,0.0,0.0
2026-04-15 03:33:16,29.4,58.6,18.0,53.7,0.0,0.0,0.0
2026-04-15 03:33:21,29.3,58.6,16.1,53.7,0.0,0.0,0.0
2026-04-15 03:33:26,29.5,58.7,4.6,53.7,0.0,0.0,0.0
2026-04-15 03:33:31,29.4,58.8,33.0,53.7,0.0,0.0,0.0
2026-04-15 03:33:36,29.4,58.8,20.6,53.6,0.0,0.0,0.0
2026-04-15 03:33:41,29.4,58.7,14.4,53.6,0.0,0.0,0.0
2026-04-15 03:33:46,29.4,58.8,31.7,53.6,0.0,0.0,0.0
2026-04-15 03:33:51,29.4,58.8,12.2,53.7,0.0,0.0,0.0
2026-04-15 03:33:56,29.4,58.9,34.9,53.7,0.0,0.0,0.0
2026-04-15 03:34:01,29.6,58.8,15.9,53.7,0.0,0.0,0.0
2026-04-15 03:34:06,29.4,58.8,2.3,53.7,0.0,0.0,0.0
2026-04-15 03:34:11,29.4,58.7,16.4,53.7,0.0,0.0,0.0
2026-04-15 03:34:16,29.4,58.7,0.0,53.7,0.0,0.0,0.0
2026-04-15 03:34:21,29.3,58.7,31.0,53.7,0.0,0.0,0.0
2026-04-15 03:34:26,29.4,58.8,19.2,53.7,0.0,0.0,0.0
2026-04-15 03:34:31,29.3,58.9,32.0,53.7,0.0,0.0,0.0
2026-04-15 03:34:36,29.4,58.8,31.8,53.7,0.0,0.0,0.0
2026-04-15 03:34:41,29.5,58.8,0.0,53.7,0.0,0.0,0.0
2026-04-15 03:34:46,29.3,58.8,9.2,53.7,0.0,0.0,0.0
2026-04-15 03:34:51,29.4,58.8,7.7,53.7,0.0,0.0,0.0
2026-04-15 03:34:56,29.6,58.9,23.0,53.7,0.0,0.0,0.0
2026-04-15 03:35:01,29.4,58.8,0.0,53.7,0.0,0.0,0.0
2026-04-15 03:35:06,29.4,58.6,16.8,53.7,0.0,0.0,0.0
2026-04-15 03:35:11,29.4,58.7,24.5,53.7,0.0,0.0,0.0
2026-04-15 03:35:16,29.4,58.6,19.0,53.7,0.0,0.0,0.0
2026-04-15 03:35:21,29.4,58.6,16.5,53.7,0.0,0.0,0.0
2026-04-15 03:35:26,29.4,58.5,17.2,53.7,0.0,0.0,0.0
2026-04-15 03:35:31,29.4,58.5,0.0,53.7,0.0,0.0,0.0
2026-04-15 03:35:36,29.4,58.5,16.5,53.6,0.0,0.0,0.0
2026-04-15 03:35:41,29.5,58.6,11.8,53.6,0.0,0.0,0.0
2026-04-15 03:35:46,29.3,58.5,11.7,53.6,0.0,0.0,0.0
2026-04-15 03:35:51,29.3,58.4,20.7,53.6,0.0,0.0,0.0
2026-04-15 03:35:56,29.6,58.4,13.2,53.6,0.0,0.0,0.0
2026-04-15 03:36:01,29.5,58.4,0.2,53.6,0.0,0.0,0.0
2026-04-15 03:36:06,29.3,58.3,12.1,53.6,0.0,0.0,0.0
2026-04-15 03:36:11,29.4,58.3,27.1,53.6,0.0,0.0,0.0
2026-04-15 03:36:16,29.4,58.4,9.4,53.6,0.0,0.0,0.0
2026-04-15 03:36:21,29.4,58.4,21.6,53.6,0.0,0.0,0.0
2026-04-15 03:36:26,29.4,58.5,23.2,53.7,0.0,0.0,0.0
2026-04-15 03:36:31,29.4,58.4,19.8,53.7,0.0,0.0,0.0
2026-04-15 03:36:36,29.5,58.4,28.6,53.6,0.0,0.0,0.0
2026-04-15 03:36:41,29.3,58.4,23.8,53.6,0.0,0.0,0.0
2026-04-15 03:36:46,29.4,58.4,19.1,53.6,0.0,0.0,0.0
2026-04-15 03:36:51,29.5,58.4,23.5,53.6,0.0,0.0,0.0
2026-04-15 03:36:56,29.2,58.2,29.5,53.6,0.0,0.0,0.0
2026-04-15 03:37:01,29.3,58.5,1.9,53.7,0.0,0.0,0.0
2026-04-15 03:37:06,29.3,58.5,12.4,53.7,0.0,0.0,0.0
2026-04-15 03:37:11,29.4,58.5,16.8,53.7,0.0,0.0,0.0
2026-04-15 03:37:16,29.3,58.4,23.9,53.7,0.0,0.0,0.0
2026-04-15 03:37:21,29.4,58.5,18.1,53.7,0.0,0.0,0.0
2026-04-15 03:37:26,29.4,58.4,3.2,53.7,0.0,0.0,0.0
2026-04-15 03:37:31,29.3,58.4,17.5,53.7,0.0,0.0,0.0
2026-04-15 03:37:36,29.4,58.5,10.1,53.7,0.0,0.0,0.0
2026-04-15 03:37:41,29.5,58.3,9.6,53.7,0.0,0.0,0.0
2026-04-15 03:37:46,29.5,58.3,6.0,53.7,0.0,0.0,0.0
2026-04-15 03:37:51,29.3,58.4,0.0,53.7,0.0,0.0,0.0
2026-04-15 03:37:56,29.4,58.5,32.4,53.7,0.0,0.0,0.0
2026-04-15 03:38:01,29.4,58.6,20.3,53.6,0.0,0.0,0.0
2026-04-15 03:38:06,29.4,58.5,3.9,53.6,0.0,0.0,0.0
2026-04-15 03:38:11,29.2,58.5,14.5,53.6,0.0,0.0,0.0
2026-04-15 03:38:16,29.3,58.5,12.9,53.6,0.0,0.0,0.0
2026-04-15 03:38:21,29.3,58.4,0.0,53.6,0.0,0.0,0.0
2026-04-15 03:38:26,29.4,58.5,2.9,53.6,0.0,0.0,0.0
2026-04-15 03:38:31,29.2,58.3,26.6,53.7,0.0,0.0,0.0
2026-04-15 03:38:36,29.4,58.4,22.2,53.7,0.0,0.0,0.0
2026-04-15 03:38:41,29.4,58.3,36.8,53.7,0.0,0.0,0.0
2026-04-15 03:38:46,29.3,58.2,4.1,53.7,0.0,0.0,0.0
2026-04-15 03:38:51,29.6,58.2,10.8,53.7,0.0,0.0,0.0
2026-04-15 03:38:56,29.3,58.3,17.2,53.7,0.0,0.0,0.0
2026-04-15 03:39:01,29.3,58.2,20.4,53.7,0.0,0.0,0.0
2026-04-15 03:39:06,29.2,58.1,2.6,53.7,0.0,0.0,0.0
2026-04-15 03:39:11,29.4,58.2,26.6,53.6,0.0,0.0,0.0
2026-04-15 03:39:16,29.4,58.1,19.6,53.6,0.0,0.0,0.0
2026-04-15 03:39:21,29.3,58.1,13.6,53.6,0.0,0.0,0.0
2026-04-15 03:39:26,29.2,58.1,7.1,53.7,0.0,0.0,0.0
2026-04-15 03:39:31,29.3,58.2,13.8,53.7,0.0,0.0,0.0
2026-04-15 03:39:36,29.4,58.1,18.3,53.7,0.0,0.0,0.0
2026-04-15 03:39:41,29.3,58.0,11.0,53.7,0.0,0.0,0.0
2026-04-15 03:39:46,29.3,58.0,15.1,53.7,0.0,0.0,0.0
2026-04-15 03:39:51,29.4,58.2,22.1,53.7,0.0,0.0,0.0
2026-04-15 03:39:56,29.4,58.1,10.6,53.7,0.0,0.0,0.0
2026-04-15 03:40:01,29.3,58.2,8.1,53.7,0.0,0.0,0.0
2026-04-15 03:40:06,29.3,58.2,17.7,53.7,0.0,0.0,0.0
2026-04-15 03:40:11,29.3,58.2,6.5,53.7,0.0,0.0,0.0
2026-04-15 03:40:16,29.3,58.3,22.8,53.7,0.0,0.0,0.0
2026-04-15 03:40:21,29.2,58.2,20.2,53.7,0.0,0.0,0.0
2026-04-15 03:40:26,29.3,58.2,12.4,53.7,0.0,0.0,0.0
2026-04-15 03:40:31,29.4,58.1,10.3,53.7,0.0,0.0,0.0
2026-04-15 03:40:36,29.4,58.1,31.4,53.7,0.0,0.0,0.0
2026-04-15 03:40:41,29.3,58.2,25.9,53.7,0.0,0.0,0.0
2026-04-15 03:40:46,29.4,58.3,30.2,53.7,0.0,0.0,0.0
2026-04-15 03:40:51,29.3,58.3,0.5,53.7,0.0,0.0,0.0
2026-04-15 03:40:56,29.5,58.3,20.5,53.7,0.0,0.0,0.0
2026-04-15 03:41:01,29.4,58.3,29.4,53.7,0.0,0.0,0.0
2026-04-15 03:41:06,29.3,58.3,21.2,53.7,0.0,0.0,0.0
2026-04-15 03:41:11,29.3,58.2,13.5,53.7,0.0,0.0,0.0
2026-04-15 03:41:16,29.2,58.1,28.8,53.7,0.0,0.0,0.0
2026-04-15 03:41:21,29.3,58.0,7.8,53.7,0.0,0.0,0.0
2026-04-15 03:41:26,29.4,58.2,16.1,53.7,0.0,0.0,0.0
2026-04-15 03:41:31,29.4,58.1,14.4,53.7,0.0,0.0,0.0
2026-04-15 03:41:36,29.3,58.0,13.2,53.6,0.0,0.0,0.0
2026-04-15 03:41:41,29.4,58.1,33.1,53.6,0.0,0.0,0.0
2026-04-15 03:41:46,29.5,58.1,6.6,53.6,0.0,0.0,0.0
2026-04-15 03:41:51,29.3,58.2,18.6,53.6,0.0,0.0,0.0
2026-04-15 03:41:56,29.3,58.0,6.5,53.6,0.0,0.0,0.0
2026-04-15 03:42:01,29.3,58.1,22.5,53.6,0.0,0.0,0.0
2026-04-15 03:42:06,29.4,58.1,9.8,53.6,0.0,0.0,0.0
2026-04-15 03:42:11,29.2,58.1,10.1,53.7,0.0,0.0,0.0
2026-04-15 03:42:16,29.4,58.1,10.1,53.7,0.0,0.0,0.0
2026-04-15 03:42:21,29.3,58.1,16.8,53.7,0.0,0.0,0.0
2026-04-15 03:42:26,29.4,58.1,9.6,53.7,0.0,0.0,0.0
2026-04-15 03:42:31,29.3,58.2,7.9,53.7,0.0,0.0,0.0
2026-04-15 03:42:36,29.3,58.2,18.8,53.7,0.0,0.0,0.0
2026-04-15 03:42:41,29.4,58.1,0.0,53.7,0.0,0.0,0.0
2026-04-15 03:42:46,29.2,58.2,25.2,53.6,0.0,0.0,0.0
2026-04-15 03:42:51,29.3,58.2,10.1,53.6,0.0,0.0,0.0
2026-04-15 03:42:56,29.4,58.1,13.4,53.6,0.0,0.0,0.0
2026-04-15 03:43:01,29.4,58.2,9.4,53.6,0.0,0.0,0.0
2026-04-15 03:43:06,29.3,58.3,26.7,53.6,0.0,0.0,0.0
2026-04-15 03:43:11,29.4,58.3,19.8,53.6,0.0,0.0,0.0
2026-04-15 03:43:16,29.3,58.4,6.9,53.6,0.0,0.0,0.0
2026-04-15 03:43:21,29.4,58.3,26.1,53.6,0.0,0.0,0.0
2026-04-15 03:43:26,29.3,58.2,9.7,53.7,0.0,0.0,0.0
2026-04-15 03:43:31,29.3,58.1,17.4,53.7,0.0,0.0,0.0
2026-04-15 03:43:36,29.3,58.1,3.5,53.6,0.0,0.0,0.0
2026-04-15 03:43:41,29.4,58.2,16.9,53.6,0.0,0.0,0.0
2026-04-15 03:43:46,29.3,58.2,28.6,53.7,0.0,0.0,0.0
2026-04-15 03:43:51,29.4,58.3,17.8,53.7,0.0,0.0,0.0
2026-04-15 03:43:56,29.3,58.4,20.4,53.6,0.0,0.0,0.0
2026-04-15 03:44:01,29.3,58.4,26.9,53.6,0.0,0.0,0.0
2026-04-15 03:44:06,29.3,58.3,28.5,53.6,0.0,0.0,0.0
2026-04-15 03:44:11,29.2,58.5,20.3,53.6,0.0,0.0,0.0
2026-04-15 03:44:16,29.3,58.5,9.2,53.6,0.0,0.0,0.0
2026-04-15 03:44:21,29.4,58.3,8.2,53.6,0.0,0.0,0.0
2026-04-15 03:44:26,29.2,58.4,0.1,53.6,0.0,0.0,0.0
2026-04-15 03:44:31,29.3,58.3,19.2,53.6,0.0,0.0,0.0
2026-04-15 03:44:36,29.3,58.3,12.9,53.6,0.0,0.0,0.0
2026-04-15 03:44:41,29.3,58.3,8.6,53.6,0.0,0.0,0.0
2026-04-15 03:44:46,29.3,58.3,23.7,53.6,0.0,0.0,0.0
2026-04-15 03:44:51,29.4,58.2,14.8,53.6,0.0,0.0,0.0
2026-04-15 03:44:56,29.3,58.3,18.1,53.6,0.0,0.0,0.0
2026-04-15 03:45:01,29.2,58.3,17.1,53.6,0.0,0.0,0.0
2026-04-15 03:45:06,29.2,58.3,3.1,53.6,0.0,0.0,0.0
2026-04-15 03:45:11,29.1,58.3,25.9,53.6,0.0,0.0,0.0
2026-04-15 03:45:16,29.3,58.3,4.9,53.6,0.0,0.0,0.0
2026-04-15 03:45:21,29.4,58.4,18.5,53.6,0.0,0.0,0.0
2026-04-15 03:45:26,29.4,58.2,26.6,53.6,0.0,0.0,0.0
2026-04-15 03:45:31,29.2,58.2,0.0,53.6,0.0,0.0,0.0
2026-04-15 03:45:36,29.4,58.4,0.0,53.6,0.0,0.0,0.0
2026-04-15 03:45:41,29.3,58.3,14.6,53.6,0.0,0.0,0.0
2026-04-15 03:45:46,29.3,58.4,6.2,53.6,0.0,0.0,0.0
2026-04-15 03:45:51,29.3,58.4,0.0,53.6,0.0,0.0,0.0
2026-04-15 03:45:56,29.4,58.5,8.3,53.6,0.0,0.0,0.0
2026-04-15 03:46:01,29.4,58.5,21.2,53.6,0.0,0.0,0.0
2026-04-15 03:46:06,29.4,58.6,19.7,53.6,0.0,0.0,0.0
2026-04-15 03:46:11,29.4,58.7,1.5,53.6,0.0,0.0,0.0
2026-04-15 03:46:16,29.3,58.6,20.9,53.7,0.0,0.0,0.0
2026-04-15 03:46:21,29.4,58.6,34.5,53.7,0.0,0.0,0.0
2026-04-15 03:46:26,29.4,58.5,13.8,53.7,0.0,0.0,0.0
2026-04-15 03:46:31,29.3,58.5,14.0,53.7,0.0,0.0,0.0
2026-04-15 03:46:36,29.3,58.4,26.7,53.6,0.0,0.0,0.0
2026-04-15 03:46:41,29.4,58.4,13.7,53.6,0.0,0.0,0.0
2026-04-15 03:46:46,29.3,58.4,4.7,53.6,0.0,0.0,0.0
2026-04-15 03:46:51,29.4,58.4,26.6,53.6,0.0,0.0,0.0
2026-04-15 03:46:56,29.4,58.5,0.2,53.6,0.0,0.0,0.0
2026-04-15 03:47:01,29.2,58.4,12.2,53.6,0.0,0.0,0.0
2026-04-15 03:47:06,29.2,58.5,1.5,53.6,0.0,0.0,0.0
2026-04-15 03:47:11,29.4,58.4,22.7,53.6,0.0,0.0,0.0
2026-04-15 03:47:16,29.4,58.4,15.0,53.6,0.0,0.0,0.0
2026-04-15 03:47:21,29.4,58.5,23.9,53.7,0.0,0.0,0.0
2026-04-15 03:47:26,29.3,58.5,5.4,53.7,0.0,0.0,0.0
2026-04-15 03:47:31,29.3,58.7,18.3,53.6,0.0,0.0,0.0
2026-04-15 03:47:36,29.4,58.7,5.0,53.6,0.0,0.0,0.0
2026-04-15 03:47:41,29.3,58.7,2.1,53.6,0.0,0.0,0.0
2026-04-15 03:47:46,29.3,58.8,20.3,53.6,0.0,0.0,0.0
2026-04-15 03:47:51,29.4,58.7,22.7,53.6,0.0,0.0,0.0
2026-04-15 03:47:56,29.3,58.7,14.0,53.6,0.0,0.0,0.0
2026-04-15 03:48:01,29.4,58.6,23.2,53.6,0.0,0.0,0.0
2026-04-15 03:48:06,29.3,58.7,14.0,53.6,0.0,0.0,0.0
2026-04-15 03:48:11,29.3,58.7,5.1,53.6,0.0,0.0,0.0
2026-04-15 03:48:16,29.3,58.8,27.2,53.7,0.0,0.0,0.0
2026-04-15 03:48:21,29.4,58.7,17.9,53.7,0.0,0.0,0.0
2026-04-15 03:48:26,29.2,58.8,13.9,53.7,0.0,0.0,0.0
2026-04-15 03:48:31,29.4,58.9,46.8,53.7,0.0,0.0,0.0
2026-04-15 03:48:36,29.4,58.9,31.2,53.7,0.0,0.0,0.0
2026-04-15 03:48:41,29.3,58.8,13.7,53.6,0.0,0.0,0.0
2026-04-15 03:48:46,29.5,58.8,4.4,53.6,0.0,0.0,0.0
2026-04-15 03:48:51,29.4,59.0,22.6,53.6,0.0,0.0,0.0
2026-04-15 03:48:56,29.3,58.9,15.0,53.6,0.0,0.0,0.0
2026-04-15 03:49:01,29.3,58.9,31.1,53.6,0.0,0.0,0.0
2026-04-15 03:49:06,29.3,59.0,30.8,53.6,0.0,0.0,0.0
2026-04-15 03:49:11,29.4,58.9,27.8,53.6,0.0,0.0,0.0
2026-04-15 03:49:16,29.4,58.8,12.9,53.6,0.0,0.0,0.0
2026-04-15 03:49:21,29.3,58.8,27.0,53.6,0.0,0.0,0.0
2026-04-15 03:49:26,29.3,58.7,0.0,53.6,0.0,0.0,0.0
2026-04-15 03:49:31,29.4,58.6,9.0,53.6,0.0,0.0,0.0
2026-04-15 03:49:36,29.4,58.6,15.5,53.6,0.0,0.0,0.0
2026-04-15 03:49:41,29.3,58.7,13.1,53.6,0.0,0.0,0.0
2026-04-15 03:49:46,29.3,58.8,18.9,53.6,0.0,0.0,0.0
2026-04-15 03:49:51,29.4,58.6,7.5,53.6,0.0,0.0,0.0
2026-04-15 03:49:56,29.2,58.6,8.6,53.6,0.0,0.0,0.0
2026-04-15 03:50:01,29.4,58.7,0.0,53.6,0.0,0.0,0.0
2026-04-15 03:50:06,29.4,58.7,13.9,53.6,0.0,0.0,0.0
2026-04-15 03:50:11,29.3,58.8,8.1,53.6,0.0,0.0,0.0
2026-04-15 03:50:16,29.2,58.8,25.6,53.6,0.0,0.0,0.0
2026-04-15 03:50:21,29.2,58.7,23.3,53.7,0.0,0.0,0.0
2026-04-15 03:50:26,29.3,58.7,4.5,53.7,0.0,0.0,0.0
2026-04-15 03:50:31,29.3,58.5,8.6,53.6,0.0,0.0,0.0
2026-04-15 03:50:36,29.3,58.4,27.8,53.6,0.0,0.0,0.0
2026-04-15 03:50:41,29.4,58.4,8.8,53.6,0.0,0.0,0.0
2026-04-15 03:50:46,29.4,58.3,17.3,53.6,0.0,0.0,0.0
2026-04-15 03:50:51,29.5,58.5,24.4,53.6,0.0,0.0,0.0
2026-04-15 03:50:56,29.2,58.5,0.6,53.6,0.0,0.0,0.0
2026-04-15 03:51:01,29.2,58.6,18.3,53.6,0.0,0.0,0.0
2026-04-15 03:51:06,29.3,58.6,18.2,53.6,0.0,0.0,0.0
2026-04-15 03:51:11,29.3,58.7,0.0,53.6,0.0,0.0,0.0
2026-04-15 03:51:16,29.2,58.7,1.1,53.6,0.0,0.0,0.0
2026-04-15 03:51:21,29.4,58.7,27.4,53.6,0.0,0.0,0.0
2026-04-15 03:51:26,29.4,58.7,2.4,53.6,0.0,0.0,0.0
2026-04-15 03:51:31,29.3,58.6,5.0,53.6,0.0,0.0,0.0
2026-04-15 03:51:36,29.3,58.6,0.0,53.6,0.0,0.0,0.0
2026-04-15 03:51:41,29.2,58.4,27.3,53.6,0.0,0.0,0.0
2026-04-15 03:51:46,29.4,58.4,21.3,53.6,0.0,0.0,0.0
2026-04-15 03:51:51,29.4,58.4,22.2,53.6,0.0,0.0,0.0
2026-04-15 03:51:56,29.4,58.3,26.4,53.6,0.0,0.0,0.0
2026-04-15 03:52:01,29.3,58.4,6.5,53.6,0.0,0.0,0.0
2026-04-15 03:52:06,29.4,58.4,17.8,53.6,0.0,0.0,0.0
2026-04-15 03:52:11,29.3,58.4,19.2,53.6,0.0,0.0,0.0
2026-04-15 03:52:16,29.3,58.6,11.3,53.6,0.0,0.0,0.0
2026-04-15 03:52:21,29.3,58.4,11.5,53.6,0.0,0.0,0.0
2026-04-15 03:52:26,29.3,58.4,25.8,53.6,0.0,0.0,0.0
2026-04-15 03:52:31,29.1,58.4,0.0,53.6,0.0,0.0,0.0
2026-04-15 03:52:36,29.4,58.4,20.9,53.7,0.0,0.0,0.0
2026-04-15 03:52:41,29.4,58.5,16.2,53.7,0.0,0.0,0.0
2026-04-15 03:52:46,29.3,58.5,22.1,53.7,0.0,0.0,0.0
2026-04-15 03:52:51,29.3,58.5,14.9,53.6,0.0,0.0,0.0
2026-04-15 03:52:56,29.2,58.5,0.0,53.6,0.0,0.0,0.0
2026-04-15 03:53:01,29.4,58.4,28.7,53.6,0.0,0.0,0.0
2026-04-15 03:53:06,29.4,58.2,32.0,53.6,0.0,0.0,0.0
2026-04-15 03:53:11,29.3,58.2,14.8,53.6,0.0,0.0,0.0
2026-04-15 03:53:16,29.4,58.1,24.1,53.6,0.0,0.0,0.0
2026-04-15 03:53:21,29.3,58.1,3.2,53.6,0.0,0.0,0.0
2026-04-15 03:53:26,29.4,58.2,22.5,53.6,0.0,0.0,0.0
2026-04-15 03:53:31,29.3,58.2,3.9,53.6,0.0,0.0,0.0
2026-04-15 03:53:36,29.4,58.1,11.8,53.7,0.0,0.0,0.0
2026-04-15 03:53:41,29.3,58.1,3.2,53.7,0.0,0.0,0.0
2026-04-15 03:53:46,29.3,58.1,32.5,53.6,0.0,0.0,0.0
2026-04-15 03:53:51,29.5,58.1,3.8,53.6,0.0,0.0,0.0
2026-04-15 03:53:56,29.2,58.1,20.8,53.7,0.0,0.0,0.0
2026-04-15 03:54:01,29.5,58.1,19.4,53.7,0.0,0.0,0.0
2026-04-15 03:54:06,29.4,58.1,9.3,53.6,0.0,0.0,0.0
2026-04-15 03:54:11,29.3,58.0,2.7,53.6,0.0,0.0,0.0
2026-04-15 03:54:16,29.4,57.8,22.6,53.6,0.0,0.0,0.0
2026-04-15 03:54:21,29.2,57.7,7.9,53.6,0.0,0.0,0.0
2026-04-15 03:54:26,29.3,57.7,13.7,53.6,0.0,0.0,0.0
2026-04-15 03:54:31,29.3,57.8,12.3,53.6,0.0,0.0,0.0
2026-04-15 03:54:36,29.2,57.9,6.1,53.6,0.0,0.0,0.0
2026-04-15 03:54:41,29.2,58.0,30.6,53.6,0.0,0.0,0.0
2026-04-15 03:54:46,29.3,58.0,18.0,53.6,0.0,0.0,0.0
2026-04-15 03:54:51,29.3,58.0,20.6,53.6,0.0,0.0,0.0
2026-04-15 03:54:56,29.3,58.0,21.7,53.6,0.0,0.0,0.0
2026-04-15 03:55:01,29.5,57.9,25.5,53.6,0.0,0.0,0.0
2026-04-15 03:55:06,29.4,57.9,15.4,53.6,0.0,0.0,0.0
2026-04-15 03:55:11,29.2,57.8,21.2,53.6,0.0,0.0,0.0
2026-04-15 03:55:16,29.3,57.7,13.8,53.6,0.0,0.0,0.0
2026-04-15 03:55:21,29.3,57.7,11.6,53.6,0.0,0.0,0.0
2026-04-15 03:55:26,29.4,57.7,28.8,53.6,0.0,0.0,0.0
2026-04-15 03:55:31,29.3,57.7,17.4,53.6,0.0,0.0,0.0
2026-04-15 03:55:36,29.3,57.8,0.0,53.6,0.0,0.0,0.0
2026-04-15 03:55:41,29.4,57.9,30.5,53.7,0.0,0.0,0.0
2026-04-15 03:55:46,29.3,57.8,20.4,53.7,0.0,0.0,0.0
2026-04-15 03:55:51,29.4,57.7,17.7,53.6,0.0,0.0,0.0
2026-04-15 03:55:56,29.3,57.6,14.8,53.6,0.0,0.0,0.0
2026-04-15 03:56:01,29.3,57.7,0.0,53.6,0.0,0.0,0.0
2026-04-15 03:56:06,29.4,57.7,8.0,53.6,0.0,0.0,0.0
2026-04-15 03:56:11,29.4,57.8,15.1,53.6,0.0,0.0,0.0
2026-04-15 03:56:16,29.3,57.6,17.2,53.6,0.0,0.0,0.0
2026-04-15 03:56:21,29.4,57.6,0.0,53.7,0.0,0.0,0.0
2026-04-15 03:56:26,29.3,57.6,4.9,53.7,0.0,0.0,0.0
2026-04-15 03:56:31,29.3,57.7,6.6,53.7,0.0,0.0,0.0
2026-04-15 03:56:36,29.2,57.7,29.0,53.7,0.0,0.0,0.0
2026-04-15 03:56:41,29.4,57.7,11.3,53.7,0.0,0.0,0.0
2026-04-15 03:56:46,29.3,57.8,10.7,53.7,0.0,0.0,0.0
2026-04-15 03:56:51,29.3,57.7,0.0,53.7,0.0,0.0,0.0
2026-04-15 03:56:56,29.3,57.8,21.2,53.7,0.0,0.0,0.0
2026-04-15 03:57:01,29.3,57.8,0.3,53.6,0.0,0.0,0.0
2026-04-15 03:57:06,29.4,57.8,1.2,53.6,0.0,0.0,0.0
2026-04-15 03:57:11,29.4,57.7,23.8,53.6,0.0,0.0,0.0
2026-04-15 03:57:16,29.4,57.7,7.5,53.7,0.0,0.0,0.0
2026-04-15 03:57:21,29.3,57.6,36.3,53.7,0.0,0.0,0.0
2026-04-15 03:57:26,29.5,57.6,19.4,53.6,0.0,0.0,0.0
2026-04-15 03:57:31,29.3,57.7,14.5,53.6,0.0,0.0,0.0
2026-04-15 03:57:36,29.4,57.6,12.8,53.6,0.0,0.0,0.0
2026-04-15 03:57:41,29.3,57.5,27.0,53.7,0.0,0.0,0.0
2026-04-15 03:57:46,29.3,57.6,0.6,53.7,0.0,0.0,0.0
2026-04-15 03:57:51,29.4,57.8,22.3,53.7,0.0,0.0,0.0
2026-04-15 03:57:56,29.3,57.8,13.5,53.7,0.0,0.0,0.0
2026-04-15 03:58:01,29.3,57.8,26.0,53.7,0.0,0.0,0.0
2026-04-15 03:58:06,29.2,57.7,17.0,53.7,0.0,0.0,0.0
2026-04-15 03:58:11,29.4,57.8,8.4,53.6,0.0,0.0,0.0
2026-04-15 03:58:16,29.4,57.8,16.8,53.6,0.0,0.0,0.0
2026-04-15 03:58:21,29.2,57.7,23.7,53.6,0.0,0.0,0.0
2026-04-15 03:58:26,29.3,57.7,6.8,53.6,0.0,0.0,0.0
2026-04-15 03:58:31,29.2,57.8,29.2,53.7,0.0,0.0,0.0
2026-04-15 03:58:36,29.2,57.7,24.7,53.7,0.0,0.0,0.0
2026-04-15 03:58:41,29.4,57.7,27.0,53.7,0.0,0.0,0.0
2026-04-15 03:58:46,29.4,57.7,24.9,53.7,0.0,0.0,0.0
2026-04-15 03:58:51,29.3,57.5,7.5,53.7,0.0,0.0,0.0
2026-04-15 03:58:56,29.4,57.7,18.7,53.6,0.0,0.0,0.0
2026-04-15 03:59:01,29.4,57.8,20.0,53.6,0.0,0.0,0.0
2026-04-15 03:59:06,29.2,57.8,12.3,53.7,0.0,0.0,0.0
2026-04-15 03:59:11,29.3,57.7,27.0,53.7,0.0,0.0,0.0
2026-04-15 03:59:16,29.4,57.8,24.1,53.6,0.0,0.0,0.0
2026-04-15 03:59:21,29.2,57.8,10.7,53.6,0.0,0.0,0.0
2026-04-15 03:59:26,29.4,57.8,16.3,53.6,0.0,0.0,0.0
2026-04-15 03:59:31,29.3,57.8,11.3,53.6,0.0,0.0,0.0
2026-04-15 03:59:36,29.4,57.8,32.7,53.6,0.0,0.0,0.0
2026-04-15 03:59:41,29.5,57.8,0.0,53.6,0.0,0.0,0.0
2026-04-15 03:59:46,29.3,57.8,7.0,53.6,0.0,0.0,0.0
2026-04-15 03:59:51,29.4,57.7,14.7,53.6,0.0,0.0,0.0
2026-04-15 03:59:56,29.3,57.7,17.2,53.6,0.0,0.0,0.0
2026-04-15 04:00:01,29.2,57.8,24.5,53.6,0.0,0.0,0.0
2026-04-15 04:00:06,29.5,57.8,4.6,53.7,0.0,0.0,0.0
2026-04-15 04:00:11,29.3,57.8,25.5,53.7,0.0,0.0,0.0
2026-04-15 04:00:16,29.4,57.8,11.7,53.6,0.0,0.0,0.0
2026-04-15 04:00:21,29.2,57.8,16.4,53.6,0.0,0.0,0.0
2026-04-15 04:00:26,29.4,58.0,12.7,53.7,0.0,0.0,0.0
2026-04-15 04:00:31,29.3,58.0,2.2,53.7,0.0,0.0,0.0
2026-04-15 04:00:36,29.2,58.1,7.1,53.7,0.0,0.0,0.0
2026-04-15 04:00:41,29.2,58.1,3.7,53.6,0.0,0.0,0.0
2026-04-15 04:00:46,29.4,58.0,8.2,53.6,0.0,0.0,0.0
2026-04-15 04:00:51,29.4,58.0,20.8,53.6,0.0,0.0,0.0
2026-04-15 04:00:56,29.3,58.0,27.4,53.6,0.0,0.0,0.0
2026-04-15 04:01:01,29.2,57.9,0.0,53.6,0.0,0.0,0.0
2026-04-15 04:01:06,29.4,57.8,0.2,53.6,0.0,0.0,0.0
2026-04-15 04:01:11,29.3,57.7,30.9,53.6,0.0,0.0,0.0
2026-04-15 04:01:16,29.3,57.7,0.0,53.6,0.0,0.0,0.0
2026-04-15 04:01:21,29.4,57.8,14.3,53.7,0.0,0.0,0.0
2026-04-15 04:01:26,29.5,57.9,18.4,53.7,0.0,0.0,0.0
2026-04-15 04:01:31,29.5,57.9,0.0,53.7,0.0,0.0,0.0
2026-04-15 04:01:36,29.2,57.8,14.3,53.7,0.0,0.0,0.0
2026-04-15 04:01:41,29.5,57.8,9.8,53.7,0.0,0.0,0.0
2026-04-15 04:01:46,29.3,57.8,23.3,53.7,0.0,0.0,0.0
2026-04-15 04:01:51,29.2,57.7,18.2,53.7,0.0,0.0,0.0
2026-04-15 04:01:56,29.2,57.8,19.3,53.6,0.0,0.0,0.0
2026-04-15 04:02:01,29.3,57.8,19.2,53.6,0.0,0.0,0.0
2026-04-15 04:02:06,29.2,57.8,11.8,53.6,0.0,0.0,0.0
2026-04-15 04:02:11,29.3,57.8,0.0,53.6,0.0,0.0,0.0
2026-04-15 04:02:16,29.3,57.9,2.8,53.6,0.0,0.0,0.0
2026-04-15 04:02:21,29.4,57.8,20.0,53.6,0.0,0.0,0.0
2026-04-15 04:02:26,29.3,57.9,14.5,53.6,0.0,0.0,0.0
2026-04-15 04:02:31,29.2,57.9,23.4,53.6,0.0,0.0,0.0
2026-04-15 04:02:36,29.4,57.8,24.9,53.7,0.0,0.0,0.0
2026-04-15 04:02:41,29.4,57.9,33.4,53.7,0.0,0.0,0.0
2026-04-15 04:02:46,29.3,57.8,24.7,53.7,0.0,0.0,0.0
2026-04-15 04:02:51,29.4,57.8,0.0,53.7,0.0,0.0,0.0
2026-04-15 04:02:56,29.2,57.8,0.0,53.7,0.0,0.0,0.0
2026-04-15 04:03:01,29.3,57.8,0.0,53.7,0.0,0.0,0.0
2026-04-15 04:03:06,29.3,57.8,20.1,53.7,0.0,0.0,0.0
2026-04-15 04:03:11,29.3,57.8,29.9,53.7,0.0,0.0,0.0
2026-04-15 04:03:16,29.4,57.7,6.1,53.7,0.0,0.0,0.0
2026-04-15 04:03:21,29.4,57.6,20.0,53.7,0.0,0.0,0.0
2026-04-15 04:03:26,29.3,57.7,15.1,53.7,0.0,0.0,0.0
2026-04-15 04:03:31,29.2,57.8,0.0,53.7,0.0,0.0,0.0
2026-04-15 04:03:36,29.2,57.7,22.1,53.7,0.0,0.0,0.0
2026-04-15 04:03:41,29.2,57.7,11.5,53.7,0.0,0.0,0.0
2026-04-15 04:03:46,29.3,57.5,39.4,53.7,0.0,0.0,0.0
2026-04-15 04:03:51,29.2,57.6,7.1,53.7,0.0,0.0,0.0
2026-04-15 04:03:56,29.4,57.6,1.0,53.7,0.0,0.0,0.0
2026-04-15 04:04:01,29.4,57.7,19.9,53.7,0.0,0.0,0.0
2026-04-15 04:04:06,29.4,57.9,12.1,53.7,0.0,0.0,0.0
2026-04-15 04:04:11,29.3,57.9,30.3,53.7,0.0,0.0,0.0
2026-04-15 04:04:16,29.3,57.9,28.4,53.7,0.0,0.0,0.0
2026-04-15 04:04:21,29.3,58.0,13.3,53.7,0.0,0.0,0.0
2026-04-15 04:04:26,29.1,58.0,14.2,53.7,0.0,0.0,0.0
2026-04-15 04:04:31,29.2,58.0,17.7,53.7,0.0,0.0,0.0
2026-04-15 04:04:36,29.3,58.0,18.8,53.6,0.0,0.0,0.0
2026-04-15 04:04:41,29.3,58.0,9.1,53.6,0.0,0.0,0.0
2026-04-15 04:04:46,29.2,58.0,0.8,53.6,0.0,0.0,0.0
2026-04-15 04:04:51,29.3,58.0,14.8,53.6,0.0,0.0,0.0
2026-04-15 04:04:56,29.3,58.1,10.9,53.6,0.0,0.0,0.0
2026-04-15 04:05:01,29.2,58.0,1.4,53.6,0.0,0.0,0.0
2026-04-15 04:05:06,29.3,58.0,19.9,53.6,0.0,0.0,0.0
2026-04-15 04:05:11,29.2,58.1,11.2,53.6,0.0,0.0,0.0
2026-04-15 04:05:16,29.4,57.9,21.8,53.7,0.0,0.0,0.0
2026-04-15 04:05:21,29.3,57.9,5.3,53.7,0.0,0.0,0.0
2026-04-15 04:05:26,29.2,57.8,1.8,53.7,0.0,0.0,0.0
2026-04-15 04:05:31,29.3,58.0,27.0,53.7,0.0,0.0,0.0
2026-04-15 04:05:36,29.2,58.0,14.4,53.7,0.0,0.0,0.0
2026-04-15 04:05:41,29.2,58.1,4.0,53.6,0.0,0.0,0.0
2026-04-15 04:05:46,29.2,58.1,21.6,53.6,0.0,0.0,0.0
2026-04-15 04:05:51,29.2,58.2,9.1,53.6,0.0,0.0,0.0
2026-04-15 04:05:56,29.5,58.2,7.7,53.6,0.0,0.0,0.0
2026-04-15 04:06:01,29.2,58.0,27.4,53.6,0.0,0.0,0.0
2026-04-15 04:06:06,29.3,58.1,16.0,53.6,0.0,0.0,0.0
2026-04-15 04:06:11,29.1,58.0,21.0,53.6,0.0,0.0,0.0
2026-04-15 04:06:16,29.1,58.0,9.2,53.6,0.0,0.0,0.0
2026-04-15 04:06:21,29.2,58.0,20.2,53.6,0.0,0.0,0.0
2026-04-15 04:06:26,29.3,58.0,0.0,53.6,0.0,0.0,0.0
2026-04-15 04:06:31,29.2,58.0,8.6,53.6,0.0,0.0,0.0
2026-04-15 04:06:36,29.3,58.0,19.7,53.6,0.0,0.0,0.0
2026-04-15 04:06:41,29.3,58.1,6.1,53.6,0.0,0.0,0.0
2026-04-15 04:06:46,29.1,58.2,19.4,53.6,0.0,0.0,0.0
2026-04-15 04:06:51,29.3,58.2,13.6,53.6,0.0,0.0,0.0
2026-04-15 04:06:56,29.2,58.2,2.7,53.6,0.0,0.0,0.0
2026-04-15 04:07:01,29.3,58.4,29.2,53.6,0.0,0.0,0.0
2026-04-15 04:07:06,29.1,58.3,6.8,53.6,0.0,0.0,0.0
2026-04-15 04:07:11,29.2,58.3,6.2,53.6,0.0,0.0,0.0
2026-04-15 04:07:16,29.2,58.4,2.5,53.6,0.0,0.0,0.0
2026-04-15 04:07:21,29.3,58.3,23.3,53.6,0.0,0.0,0.0
2026-04-15 04:07:26,29.3,58.2,8.8,53.6,0.0,0.0,0.0
2026-04-15 04:07:31,29.0,58.2,30.3,53.6,0.0,0.0,0.0
2026-04-15 04:07:36,29.3,58.3,1.2,53.6,0.0,0.0,0.0
2026-04-15 04:07:41,29.3,58.4,16.3,53.6,0.0,0.0,0.0
2026-04-15 04:07:46,29.2,58.2,23.9,53.6,0.0,0.0,0.0
2026-04-15 04:07:51,29.1,58.2,6.4,53.6,0.0,0.0,0.0
2026-04-15 04:07:56,29.0,58.2,18.4,53.6,0.0,0.0,0.0
2026-04-15 04:08:01,29.2,58.3,38.4,53.6,0.0,0.0,0.0
2026-04-15 04:08:06,29.1,58.2,31.0,53.6,0.0,0.0,0.0
2026-04-15 04:08:11,29.2,58.1,3.5,53.6,0.0,0.0,0.0
2026-04-15 04:08:16,29.1,58.1,10.4,53.6,0.0,0.0,0.0
2026-04-15 04:08:21,29.3,58.1,0.0,53.6,0.0,0.0,0.0
2026-04-15 04:08:26,29.2,58.1,8.9,53.6,0.0,0.0,0.0
2026-04-15 04:08:31,29.2,58.2,8.5,53.6,0.0,0.0,0.0
2026-04-15 04:08:36,29.4,58.2,20.3,53.6,0.0,0.0,0.0
2026-04-15 04:08:41,29.2,58.1,17.4,53.6,0.0,0.0,0.0
2026-04-15 04:08:46,29.3,58.1,17.8,53.7,0.0,0.0,0.0
2026-04-15 04:08:51,29.1,58.2,12.6,53.7,0.0,0.0,0.0
2026-04-15 04:08:56,29.2,58.2,4.0,53.7,0.0,0.0,0.0
2026-04-15 04:09:01,29.2,58.1,21.2,53.6,0.0,0.0,0.0
2026-04-15 04:09:06,29.3,58.1,14.5,53.6,0.0,0.0,0.0
2026-04-15 04:09:11,29.2,58.2,13.6,53.6,0.0,0.0,0.0
2026-04-15 04:09:16,29.3,58.3,12.9,53.6,0.0,0.0,0.0
2026-04-15 04:09:21,29.3,58.2,42.7,53.7,0.0,0.0,0.0
2026-04-15 04:09:26,29.1,58.3,15.2,53.7,0.0,0.0,0.0
2026-04-15 04:09:31,29.3,58.5,13.6,53.7,0.0,0.0,0.0
2026-04-15 04:09:36,29.2,58.6,23.3,53.7,0.0,0.0,0.0
2026-04-15 04:09:41,29.2,58.5,6.9,53.7,0.0,0.0,0.0
2026-04-15 04:09:46,29.3,58.4,9.9,53.7,0.0,0.0,0.0
2026-04-15 04:09:51,29.1,58.2,7.4,53.7,0.0,0.0,0.0
2026-04-15 04:09:56,29.2,58.1,6.9,53.7,0.0,0.0,0.0
2026-04-15 04:10:01,29.1,58.2,2.4,53.7,0.0,0.0,0.0
2026-04-15 04:10:06,29.2,58.3,19.3,53.7,0.0,0.0,0.0
2026-04-15 04:10:11,29.3,58.2,2.7,53.7,0.0,0.0,0.0
2026-04-15 04:10:16,29.2,58.1,27.8,53.7,0.0,0.0,0.0
2026-04-15 04:10:21,29.1,58.2,5.5,53.7,0.0,0.0,0.0
2026-04-15 04:10:26,29.2,58.2,28.8,53.7,0.0,0.0,0.0
2026-04-15 04:10:31,29.2,58.1,12.1,53.7,0.0,0.0,0.0
2026-04-15 04:10:36,29.3,58.1,24.9,53.7,0.0,0.0,0.0
2026-04-15 04:10:41,29.3,58.1,28.4,53.7,0.0,0.0,0.0
2026-04-15 04:10:46,29.2,58.0,7.1,53.7,0.0,0.0,0.0
2026-04-15 04:10:51,29.2,58.0,18.7,53.7,0.0,0.0,0.0
2026-04-15 04:10:56,29.1,58.0,18.3,53.7,0.0,0.0,0.0
2026-04-15 04:11:01,29.1,58.0,26.3,53.7,0.0,0.0,0.0
2026-04-15 04:11:06,29.3,58.1,12.0,53.7,0.0,0.0,0.0
2026-04-15 04:11:11,29.0,58.2,7.2,53.7,0.0,0.0,0.0
2026-04-15 04:11:16,29.3,58.0,16.1,53.7,0.0,0.0,0.0
2026-04-15 04:11:21,29.1,58.0,17.6,53.7,0.0,0.0,0.0
2026-04-15 04:11:26,29.2,58.1,26.5,53.7,0.0,0.0,0.0
2026-04-15 04:11:31,29.1,58.0,4.9,53.7,0.0,0.0,0.0
2026-04-15 04:11:36,29.1,58.1,0.6,53.7,0.0,0.0,0.0
2026-04-15 04:11:41,29.1,58.4,15.9,53.7,0.0,0.0,0.0
2026-04-15 04:11:46,29.1,58.3,26.5,53.7,0.0,0.0,0.0
2026-04-15 04:11:51,29.2,58.2,14.5,53.7,0.0,0.0,0.0
2026-04-15 04:11:56,29.0,58.2,2.1,53.7,0.0,0.0,0.0
2026-04-15 04:12:01,29.1,58.1,18.8,53.7,0.0,0.0,0.0
2026-04-15 04:12:06,29.2,58.0,11.5,53.7,0.0,0.0,0.0
2026-04-15 04:12:11,29.1,58.0,28.3,53.7,0.0,0.0,0.0
2026-04-15 04:12:16,29.2,58.0,32.4,53.7,0.0,0.0,0.0
2026-04-15 04:12:21,29.1,58.1,3.4,53.7,0.0,0.0,0.0
2026-04-15 04:12:26,29.1,58.2,11.5,53.7,0.0,0.0,0.0
2026-04-15 04:12:31,28.8,58.3,2.8,53.7,0.0,0.0,0.0
2026-04-15 04:12:36,29.1,58.3,5.7,53.7,0.0,0.0,0.0
2026-04-15 04:12:41,29.1,58.1,28.1,53.7,0.0,0.0,0.0
2026-04-15 04:12:46,29.0,58.1,29.5,53.7,0.0,0.0,0.0
2026-04-15 04:12:51,29.2,58.2,9.1,53.7,0.0,0.0,0.0
2026-04-15 04:12:56,29.1,58.2,9.2,53.7,0.0,0.0,0.0
2026-04-15 04:13:01,29.2,58.3,12.0,53.7,0.0,0.0,0.0
2026-04-15 04:13:06,29.1,58.4,19.2,53.7,0.0,0.0,0.0
2026-04-15 04:13:11,29.3,58.3,8.8,53.7,0.0,0.0,0.0
2026-04-15 04:13:16,29.0,58.3,6.5,53.7,0.0,0.0,0.0
2026-04-15 04:13:21,29.1,58.3,13.6,53.6,0.0,0.0,0.0
2026-04-15 04:13:26,29.2,58.3,0.0,53.6,0.0,0.0,0.0
2026-04-15 04:13:31,29.1,58.3,9.3,53.7,0.0,0.0,0.0
2026-04-15 04:13:36,29.0,58.2,21.8,53.7,0.0,0.0,0.0
2026-04-15 04:13:41,29.2,58.3,7.2,53.7,0.0,0.0,0.0
2026-04-15 04:13:46,29.1,58.4,16.1,53.7,0.0,0.0,0.0
2026-04-15 04:13:51,29.2,58.3,10.3,53.7,0.0,0.0,0.0
2026-04-15 04:13:56,29.0,58.2,25.6,53.7,0.0,0.0,0.0
2026-04-15 04:14:01,29.0,58.3,16.0,53.7,0.0,0.0,0.0
2026-04-15 04:14:06,29.2,58.4,15.6,53.7,0.0,0.0,0.0
2026-04-15 04:14:11,29.3,58.4,15.2,53.7,0.0,0.0,0.0
2026-04-15 04:14:16,29.1,58.4,17.9,53.6,0.0,0.0,0.0
2026-04-15 04:14:21,29.1,58.3,13.2,53.6,0.0,0.0,0.0
2026-04-15 04:14:26,29.0,58.3,25.1,53.6,0.0,0.0,0.0
2026-04-15 04:14:31,29.1,58.2,3.0,53.6,0.0,0.0,0.0
2026-04-15 04:14:36,29.1,58.3,21.5,53.6,0.0,0.0,0.0
2026-04-15 04:14:41,29.0,58.4,7.1,53.7,0.0,0.0,0.0
2026-04-15 04:14:46,29.2,58.4,15.9,53.7,0.0,0.0,0.0
2026-04-15 04:14:51,29.2,58.1,27.7,53.7,0.0,0.0,0.0
2026-04-15 04:14:56,29.1,58.1,16.6,53.7,0.0,0.0,0.0
2026-04-15 04:15:01,29.2,58.0,21.4,53.7,0.0,0.0,0.0
2026-04-15 04:15:06,29.2,57.9,25.1,53.7,0.0,0.0,0.0
2026-04-15 04:15:11,29.0,57.9,28.8,53.7,0.0,0.0,0.0
2026-04-15 04:15:16,29.0,58.1,27.2,53.7,0.0,0.0,0.0
2026-04-15 04:15:21,29.0,58.2,15.8,53.7,0.0,0.0,0.0
2026-04-15 04:15:26,29.3,58.1,18.0,53.7,0.0,0.0,0.0
2026-04-15 04:15:31,29.2,58.1,26.1,53.7,0.0,0.0,0.0
2026-04-15 04:15:36,29.1,58.2,8.1,53.7,0.0,0.0,0.0
2026-04-15 04:15:41,29.2,58.3,10.8,53.7,0.0,0.0,0.0
2026-04-15 04:15:46,29.2,58.3,15.9,53.7,0.0,0.0,0.0
2026-04-15 04:15:51,29.1,58.4,19.9,53.7,0.0,0.0,0.0
2026-04-15 04:15:56,29.2,58.3,15.3,53.7,0.0,0.0,0.0
2026-04-15 04:16:01,29.3,58.3,14.8,53.7,0.0,0.0,0.0
2026-04-15 04:16:06,29.0,58.4,11.6,53.7,0.0,0.0,0.0
2026-04-15 04:16:11,29.1,58.5,5.0,53.7,0.0,0.0,0.0
2026-04-15 04:16:16,29.1,58.4,28.0,53.7,0.0,0.0,0.0
2026-04-15 04:16:21,29.1,58.5,16.0,53.7,0.0,0.0,0.0
2026-04-15 04:16:26,29.1,58.5,12.4,53.7,0.0,0.0,0.0
2026-04-15 04:16:31,29.1,58.5,7.0,53.7,0.0,0.0,0.0
2026-04-15 04:16:36,29.2,58.5,11.9,53.7,0.0,0.0,0.0
2026-04-15 04:16:41,29.1,58.4,6.2,53.7,0.0,0.0,0.0
2026-04-15 04:16:46,29.1,58.5,8.7,53.7,0.0,0.0,0.0
2026-04-15 04:16:51,29.1,58.4,19.3,53.7,0.0,0.0,0.0
2026-04-15 04:16:56,29.2,58.4,0.0,53.7,0.0,0.0,0.0
2026-04-15 04:17:01,29.3,58.5,10.8,53.7,0.0,0.0,0.0
2026-04-15 04:17:06,29.1,58.4,14.4,53.7,0.0,0.0,0.0
2026-04-15 04:17:11,29.2,58.2,10.6,53.7,0.0,0.0,0.0
2026-04-15 04:17:16,29.1,58.3,14.8,53.7,0.0,0.0,0.0
2026-04-15 04:17:21,29.3,58.3,3.4,53.7,0.0,0.0,0.0
2026-04-15 04:17:26,29.3,58.4,9.5,53.7,0.0,0.0,0.0
2026-04-15 04:17:31,29.1,58.3,0.6,53.7,0.0,0.0,0.0
2026-04-15 04:17:36,29.1,58.3,25.9,53.7,0.0,0.0,0.0
2026-04-15 04:17:41,29.2,58.2,7.9,53.7,0.0,0.0,0.0
2026-04-15 04:17:46,29.3,58.2,0.0,53.7,0.0,0.0,0.0
2026-04-15 04:17:51,29.2,58.2,26.4,53.7,0.0,0.0,0.0
2026-04-15 04:17:56,29.1,58.3,5.5,53.7,0.0,0.0,0.0
2026-04-15 04:18:01,29.2,58.4,11.0,53.7,0.0,0.0,0.0
2026-04-15 04:18:06,29.2,58.4,34.5,53.7,0.0,0.0,0.0
2026-04-15 04:18:11,29.1,58.5,14.2,53.7,0.0,0.0,0.0
2026-04-15 04:18:16,29.2,58.5,0.0,53.7,0.0,0.0,0.0
2026-04-15 04:18:21,29.0,58.5,14.6,53.7,0.0,0.0,0.0
2026-04-15 04:18:26,29.0,58.6,3.5,53.8,0.0,0.0,0.0
2026-04-15 04:18:31,29.1,58.5,13.7,53.8,0.0,0.0,0.0
2026-04-15 04:18:36,29.0,58.6,21.2,53.8,0.0,0.0,0.0
2026-04-15 04:18:41,29.1,58.6,29.5,53.7,0.0,0.0,0.0
2026-04-15 04:18:46,29.2,58.6,6.3,53.7,0.0,0.0,0.0
2026-04-15 04:18:51,29.1,58.6,30.5,53.7,0.0,0.0,0.0
2026-04-15 04:18:56,29.2,58.6,0.0,53.7,0.0,0.0,0.0
2026-04-15 04:19:01,29.2,58.6,14.3,53.7,0.0,0.0,0.0
2026-04-15 04:19:06,29.2,58.7,6.1,53.7,0.0,0.0,0.0
2026-04-15 04:19:11,29.2,58.6,3.0,53.7,0.0,0.0,0.0
2026-04-15 04:19:16,29.2,58.6,15.5,53.7,0.0,0.0,0.0
2026-04-15 04:19:21,29.1,58.6,9.1,53.7,0.0,0.0,0.0
2026-04-15 04:19:26,29.2,58.5,21.5,53.7,0.0,0.0,0.0
2026-04-15 04:19:31,29.1,58.6,20.2,53.7,0.0,0.0,0.0
2026-04-15 04:19:36,29.1,58.6,19.1,53.7,0.0,0.0,0.0
2026-04-15 04:19:41,29.1,58.7,29.7,53.7,0.0,0.0,0.0
2026-04-15 04:19:46,29.2,58.7,0.0,53.7,0.0,0.0,0.0
2026-04-15 04:19:51,29.3,58.8,2.0,53.7,0.0,0.0,0.0
2026-04-15 04:19:56,29.0,58.8,23.5,53.7,0.0,0.0,0.0
2026-04-15 04:20:01,29.1,58.7,18.3,53.7,0.0,0.0,0.0
2026-04-15 04:20:06,29.0,58.6,16.1,53.7,0.0,0.0,0.0
2026-04-15 04:20:11,29.2,58.7,2.9,53.7,0.0,0.0,0.0
2026-04-15 04:20:16,29.1,58.5,28.2,53.7,0.0,0.0,0.0
2026-04-15 04:20:21,29.3,58.5,21.0,53.7,0.0,0.0,0.0
2026-04-15 04:20:26,29.2,58.6,11.4,53.7,0.0,0.0,0.0
2026-04-15 04:20:31,29.2,58.5,19.5,53.7,0.0,0.0,0.0
2026-04-15 04:20:36,29.1,58.5,26.6,53.7,0.0,0.0,0.0
2026-04-15 04:20:41,29.0,58.6,1.7,53.7,0.0,0.0,0.0
2026-04-15 04:20:46,29.1,58.6,21.7,53.7,0.0,0.0,0.0
2026-04-15 04:20:51,29.2,58.6,14.7,53.7,0.0,0.0,0.0
2026-04-15 04:20:56,29.1,58.5,15.9,53.7,0.0,0.0,0.0
2026-04-15 04:21:01,29.2,58.5,17.3,53.7,0.0,0.0,0.0
2026-04-15 04:21:06,29.1,58.4,26.2,53.7,0.0,0.0,0.0
2026-04-15 04:21:11,29.0,58.5,7.9,53.7,0.0,0.0,0.0
2026-04-15 04:21:16,29.2,58.6,19.7,53.7,0.0,0.0,0.0
2026-04-15 04:21:21,29.1,58.6,14.0,53.7,0.0,0.0,0.0
2026-04-15 04:21:26,29.2,58.8,21.8,53.7,0.0,0.0,0.0
2026-04-15 04:21:31,29.0,58.7,20.5,53.7,0.0,0.0,0.0
2026-04-15 04:21:36,29.2,58.8,0.0,53.7,0.0,0.0,0.0
2026-04-15 04:21:41,29.2,58.8,27.4,53.7,0.0,0.0,0.0
2026-04-15 04:21:46,29.3,58.6,3.3,53.7,0.0,0.0,0.0
2026-04-15 04:21:51,29.1,58.5,17.3,53.7,0.0,0.0,0.0
2026-04-15 04:21:56,29.1,58.6,15.2,53.7,0.0,0.0,0.0
2026-04-15 04:22:01,29.2,58.5,19.1,53.7,0.0,0.0,0.0
2026-04-15 04:22:06,29.0,58.4,19.3,53.7,0.0,0.0,0.0
2026-04-15 04:22:11,29.1,58.5,8.2,53.7,0.0,0.0,0.0
2026-04-15 04:22:16,29.1,58.4,19.0,53.7,0.0,0.0,0.0
2026-04-15 04:22:21,29.1,58.5,18.4,53.7,0.0,0.0,0.0
2026-04-15 04:22:26,29.1,58.5,28.9,53.7,0.0,0.0,0.0
2026-04-15 04:22:31,29.1,58.3,20.6,53.7,0.0,0.0,0.0
2026-04-15 04:22:36,29.0,58.5,0.0,53.7,0.0,0.0,0.0
2026-04-15 04:22:41,28.9,58.5,22.9,53.7,0.0,0.0,0.0
2026-04-15 04:22:46,29.4,58.4,3.2,53.7,0.0,0.0,0.0
2026-04-15 04:22:51,29.2,58.4,19.2,53.7,0.0,0.0,0.0
2026-04-15 04:22:56,29.1,58.4,22.2,53.7,0.0,0.0,0.0
2026-04-15 04:23:01,29.3,58.5,0.6,53.7,0.0,0.0,0.0
2026-04-15 04:23:06,29.1,58.6,2.9,53.7,0.0,0.0,0.0
2026-04-15 04:23:11,29.2,58.5,22.3,53.7,0.0,0.0,0.0
2026-04-15 04:23:16,29.1,58.4,15.2,53.8,0.0,0.0,0.0
2026-04-15 04:23:21,29.3,58.3,25.0,53.8,0.0,0.0,0.0
2026-04-15 04:23:26,29.3,58.2,19.2,53.7,0.0,0.0,0.0
2026-04-15 04:23:31,29.1,58.2,24.0,53.7,0.0,0.0,0.0
2026-04-15 04:23:36,29.2,58.2,20.7,53.7,0.0,0.0,0.0
2026-04-15 04:23:41,29.2,58.2,13.0,53.7,0.0,0.0,0.0
2026-04-15 04:23:46,29.2,58.2,12.7,53.7,0.0,0.0,0.0
2026-04-15 04:23:51,29.3,58.2,7.4,53.7,0.0,0.0,0.0
2026-04-15 04:23:56,29.0,58.3,19.7,53.7,0.0,0.0,0.0
2026-04-15 04:24:01,29.0,58.3,27.6,53.7,0.0,0.0,0.0
2026-04-15 04:24:06,29.2,58.3,28.5,53.7,0.0,0.0,0.0
2026-04-15 04:24:11,29.3,58.4,10.4,53.7,0.0,0.0,0.0
2026-04-15 04:24:16,29.2,58.3,20.9,53.7,0.0,0.0,0.0
2026-04-15 04:24:21,28.9,58.4,15.9,53.7,0.0,0.0,0.0
2026-04-15 04:24:26,29.1,58.2,9.1,53.8,0.0,0.0,0.0
2026-04-15 04:24:31,29.0,58.2,20.1,53.8,0.0,0.0,0.0
2026-04-15 04:24:36,29.0,58.2,24.7,53.8,0.0,0.0,0.0
2026-04-15 04:24:41,29.0,58.3,0.0,53.8,0.0,0.0,0.0
2026-04-15 04:24:46,29.0,58.2,17.4,53.8,0.0,0.0,0.0
2026-04-15 04:24:51,29.1,58.2,10.9,53.7,0.0,0.0,0.0
2026-04-15 04:24:56,28.9,58.2,11.7,53.7,0.0,0.0,0.0
2026-04-15 04:25:01,29.0,58.2,16.5,53.8,0.0,0.0,0.0
2026-04-15 04:25:06,29.0,58.1,12.6,53.8,0.0,0.0,0.0
2026-04-15 04:25:11,29.1,58.3,25.3,53.7,0.0,0.0,0.0
2026-04-15 04:25:16,29.2,58.1,14.2,53.7,0.0,0.0,0.0
2026-04-15 04:25:21,29.1,58.2,18.2,53.7,0.0,0.0,0.0
2026-04-15 04:25:26,29.1,58.1,14.7,53.7,0.0,0.0,0.0
2026-04-15 04:25:31,29.1,58.1,14.8,53.7,0.0,0.0,0.0
2026-04-15 04:25:36,29.2,58.1,1.7,53.7,0.0,0.0,0.0
2026-04-15 04:25:41,29.0,58.3,3.7,53.7,0.0,0.0,0.0
2026-04-15 04:25:46,29.0,58.4,11.7,53.7,0.0,0.0,0.0
2026-04-15 04:25:51,29.1,58.4,35.0,53.7,0.0,0.0,0.0
2026-04-15 04:25:56,29.0,58.5,16.2,53.7,0.0,0.0,0.0
2026-04-15 04:26:01,29.2,58.6,1.6,53.7,0.0,0.0,0.0
2026-04-15 04:26:06,29.1,58.5,18.4,53.7,0.0,0.0,0.0
2026-04-15 04:26:11,29.1,58.5,15.8,53.7,0.0,0.0,0.0
2026-04-15 04:26:16,29.1,58.6,11.0,53.7,0.0,0.0,0.0
2026-04-15 04:26:21,29.1,58.6,11.1,53.7,0.0,0.0,0.0
2026-04-15 04:26:26,29.2,58.6,22.9,53.7,0.0,0.0,0.0
2026-04-15 04:26:31,29.1,58.7,11.3,53.7,0.0,0.0,0.0
2026-04-15 04:26:36,29.0,58.7,15.9,53.7,0.0,0.0,0.0
2026-04-15 04:26:41,29.0,58.6,15.2,53.7,0.0,0.0,0.0
2026-04-15 04:26:46,29.0,58.6,19.5,53.7,0.0,0.0,0.0
2026-04-15 04:26:51,29.1,58.6,13.7,53.7,0.0,0.0,0.0
2026-04-15 04:26:56,29.0,58.5,2.8,53.7,0.0,0.0,0.0
2026-04-15 04:27:01,29.1,58.6,7.3,53.7,0.0,0.0,0.0
2026-04-15 04:27:06,29.1,58.5,21.0,53.7,0.0,0.0,0.0
2026-04-15 04:27:11,29.0,58.5,26.4,53.7,0.0,0.0,0.0
2026-04-15 04:27:16,28.9,58.5,21.7,53.7,0.0,0.0,0.0
2026-04-15 04:27:21,28.9,58.6,22.5,53.7,0.0,0.0,0.0
2026-04-15 04:27:26,29.1,58.6,15.3,53.7,0.0,0.0,0.0
2026-04-15 04:27:31,29.1,58.7,16.9,53.7,0.0,0.0,0.0
2026-04-15 04:27:36,29.0,58.6,13.2,53.7,0.0,0.0,0.0
2026-04-15 04:27:41,29.1,58.5,18.9,53.7,0.0,0.0,0.0
2026-04-15 04:27:46,29.0,58.4,6.5,53.7,0.0,0.0,0.0
2026-04-15 04:27:51,29.3,58.5,24.5,53.7,0.0,0.0,0.0
2026-04-15 04:27:56,29.0,58.5,0.0,53.7,0.0,0.0,0.0
2026-04-15 04:28:01,29.0,58.5,19.6,53.7,0.0,0.0,0.0
2026-04-15 04:28:06,29.1,58.6,29.0,53.7,0.0,0.0,0.0
2026-04-15 04:28:11,29.0,58.8,19.7,53.7,0.0,0.0,0.0
2026-04-15 04:28:16,29.1,58.9,9.8,53.7,0.0,0.0,0.0
2026-04-15 04:28:21,29.0,58.8,10.4,53.8,0.0,0.0,0.0
2026-04-15 04:28:26,29.2,58.8,6.6,53.8,0.0,0.0,0.0
2026-04-15 04:28:31,29.1,58.7,0.0,53.7,0.0,0.0,0.0
2026-04-15 04:28:36,29.2,58.7,2.4,53.7,0.0,0.0,0.0
2026-04-15 04:28:41,29.0,58.7,22.3,53.7,0.0,0.0,0.0
2026-04-15 04:28:46,29.1,58.7,5.6,53.7,0.0,0.0,0.0
2026-04-15 04:28:51,29.1,58.6,4.4,53.7,0.0,0.0,0.0
2026-04-15 04:28:56,29.2,58.7,14.8,53.7,0.0,0.0,0.0
2026-04-15 04:29:01,29.0,58.6,6.0,53.7,0.0,0.0,0.0
2026-04-15 04:29:06,29.0,58.5,24.7,53.7,0.0,0.0,0.0
2026-04-15 04:29:11,29.1,58.5,35.7,53.7,0.0,0.0,0.0
2026-04-15 04:29:16,29.1,58.4,20.0,53.7,0.0,0.0,0.0
2026-04-15 04:29:21,29.0,58.4,0.0,53.7,0.0,0.0,0.0
2026-04-15 04:29:26,28.9,58.4,34.7,53.7,0.0,0.0,0.0
2026-04-15 04:29:31,29.1,58.4,15.4,53.7,0.0,0.0,0.0
2026-04-15 04:29:36,29.1,58.3,19.3,53.7,0.0,0.0,0.0
2026-04-15 04:29:41,29.0,58.3,6.3,53.8,0.0,0.0,0.0
2026-04-15 04:29:46,29.1,58.3,23.9,53.8,0.0,0.0,0.0
2026-04-15 04:29:51,29.0,58.5,10.8,53.8,0.0,0.0,0.0
2026-04-15 04:29:56,29.1,58.4,7.7,53.8,0.0,0.0,0.0
2026-04-15 04:30:01,29.2,58.4,13.7,53.7,0.0,0.0,0.0
2026-04-15 04:30:06,29.1,58.4,7.8,53.7,0.0,0.0,0.0
2026-04-15 04:30:11,29.1,58.4,18.7,53.7,0.0,0.0,0.0
2026-04-15 04:30:16,29.1,58.4,19.2,53.7,0.0,0.0,0.0
2026-04-15 04:30:21,29.0,58.2,16.9,53.7,0.0,0.0,0.0
2026-04-15 04:30:26,29.1,58.4,21.0,53.7,0.0,0.0,0.0
2026-04-15 04:30:31,29.1,58.4,13.6,53.7,0.0,0.0,0.0
2026-04-15 04:30:36,28.9,58.3,7.8,53.7,0.0,0.0,0.0
2026-04-15 04:30:41,29.1,58.2,29.1,53.7,0.0,0.0,0.0
2026-04-15 04:30:46,29.0,58.1,0.5,53.7,0.0,0.0,0.0
2026-04-15 04:30:51,28.9,58.2,26.0,53.7,0.0,0.0,0.0
2026-04-15 04:30:56,29.0,58.2,14.2,53.7,0.0,0.0,0.0
2026-04-15 04:31:01,29.0,58.3,23.5,53.7,0.0,0.0,0.0
2026-04-15 04:31:06,29.0,58.5,31.2,53.7,0.0,0.0,0.0
2026-04-15 04:31:11,29.1,58.2,19.7,53.7,0.0,0.0,0.0
2026-04-15 04:31:16,29.1,58.2,0.6,53.7,0.0,0.0,0.0
2026-04-15 04:31:21,28.9,58.2,21.1,53.7,0.0,0.0,0.0
2026-04-15 04:31:26,29.1,58.3,2.0,53.7,0.0,0.0,0.0
2026-04-15 04:31:31,29.1,58.3,1.9,53.7,0.0,0.0,0.0
2026-04-15 04:31:36,29.0,58.2,14.4,53.7,0.0,0.0,0.0
2026-04-15 04:31:41,29.1,58.2,11.4,53.7,0.0,0.0,0.0
2026-04-15 04:31:46,29.0,58.3,9.6,53.7,0.0,0.0,0.0
2026-04-15 04:31:51,29.1,58.3,16.4,53.7,0.0,0.0,0.0
2026-04-15 04:31:56,29.0,58.3,7.1,53.7,0.0,0.0,0.0
2026-04-15 04:32:01,29.0,58.3,1.3,53.7,0.0,0.0,0.0
2026-04-15 04:32:06,29.0,58.4,16.1,53.7,0.0,0.0,0.0
2026-04-15 04:32:11,29.0,58.5,12.3,53.7,0.0,0.0,0.0
2026-04-15 04:32:16,29.0,58.5,6.1,53.7,0.0,0.0,0.0
2026-04-15 04:32:21,29.2,58.6,30.4,53.7,0.0,0.0,0.0
2026-04-15 04:32:26,29.0,58.6,33.9,53.7,0.0,0.0,0.0
2026-04-15 04:32:31,29.0,58.7,0.0,53.7,0.0,0.0,0.0
2026-04-15 04:32:36,29.0,58.6,44.7,53.7,0.0,0.0,0.0
2026-04-15 04:32:41,29.1,58.6,7.8,53.7,0.0,0.0,0.0
2026-04-15 04:32:46,29.1,58.7,0.8,53.7,0.0,0.0,0.0
2026-04-15 04:32:51,29.1,58.7,22.7,53.7,0.0,0.0,0.0
2026-04-15 04:32:56,29.0,58.5,9.6,53.8,0.0,0.0,0.0
2026-04-15 04:33:01,29.0,58.5,8.3,53.8,0.0,0.0,0.0
2026-04-15 04:33:06,29.0,58.5,22.5,53.7,0.0,0.0,0.0
2026-04-15 04:33:11,28.8,58.5,20.7,53.7,0.0,0.0,0.0
2026-04-15 04:33:16,29.1,58.4,12.4,53.7,0.0,0.0,0.0
2026-04-15 04:33:21,28.9,58.4,12.7,53.7,0.0,0.0,0.0
2026-04-15 04:33:26,29.2,58.3,9.3,53.7,0.0,0.0,0.0
2026-04-15 04:33:31,29.1,58.4,8.1,53.7,0.0,0.0,0.0
2026-04-15 04:33:36,29.0,58.4,19.3,53.8,0.0,0.0,0.0
2026-04-15 04:33:41,29.1,58.5,25.3,53.8,0.0,0.0,0.0
2026-04-15 04:33:46,29.1,58.4,0.0,53.8,0.0,0.0,0.0
2026-04-15 04:33:51,29.1,58.6,10.0,53.8,0.0,0.0,0.0
2026-04-15 04:33:56,29.1,58.6,40.3,53.7,0.0,0.0,0.0
2026-04-15 04:34:01,29.2,58.7,15.0,53.7,0.0,0.0,0.0
2026-04-15 04:34:06,29.0,58.5,9.1,53.7,0.0,0.0,0.0
2026-04-15 04:34:11,29.0,58.6,30.1,53.7,0.0,0.0,0.0
2026-04-15 04:34:16,29.0,58.7,20.5,53.7,0.0,0.0,0.0
2026-04-15 04:34:21,29.0,58.7,28.4,53.7,0.0,0.0,0.0
2026-04-15 04:34:26,29.1,58.8,11.8,53.7,0.0,0.0,0.0
2026-04-15 04:34:31,29.0,58.7,0.0,53.7,0.0,0.0,0.0
2026-04-15 04:34:36,29.0,58.9,24.6,53.7,0.0,0.0,0.0
2026-04-15 04:34:41,29.0,58.9,1.8,53.7,0.0,0.0,0.0
2026-04-15 04:34:46,29.0,58.9,10.7,53.7,0.0,0.0,0.0
2026-04-15 04:34:51,29.1,58.7,30.9,53.8,0.0,0.0,0.0
2026-04-15 04:34:56,29.0,58.6,30.3,53.8,0.0,0.0,0.0
2026-04-15 04:35:01,29.1,58.7,22.9,53.7,0.0,0.0,0.0
2026-04-15 04:35:06,29.1,58.6,13.9,53.7,0.0,0.0,0.0
2026-04-15 04:35:11,29.1,58.5,30.9,53.7,0.0,0.0,0.0
2026-04-15 04:35:16,29.1,58.6,24.6,53.8,0.0,0.0,0.0
2026-04-15 04:35:21,29.0,58.6,11.0,53.8,0.0,0.0,0.0
2026-04-15 04:35:26,29.0,58.6,19.5,53.8,0.0,0.0,0.0
2026-04-15 04:35:31,29.0,58.7,5.8,53.8,0.0,0.0,0.0
2026-04-15 04:35:36,29.0,58.6,15.9,53.8,0.0,0.0,0.0
2026-04-15 04:35:41,29.0,58.6,31.9,53.8,0.0,0.0,0.0
2026-04-15 04:35:46,29.0,58.5,11.6,53.7,0.0,0.0,0.0
2026-04-15 04:35:51,29.0,58.5,14.0,53.7,0.0,0.0,0.0
2026-04-15 04:35:56,29.0,58.7,1.9,53.7,0.0,0.0,0.0
2026-04-15 04:36:01,29.0,58.7,9.7,53.7,0.0,0.0,0.0
2026-04-15 04:36:06,29.0,58.7,20.8,53.7,0.0,0.0,0.0
2026-04-15 04:36:11,29.1,58.7,6.9,53.7,0.0,0.0,0.0
2026-04-15 04:36:16,29.0,58.5,31.6,53.7,0.0,0.0,0.0
2026-04-15 04:36:21,28.9,58.5,19.4,53.7,0.0,0.0,0.0
2026-04-15 04:36:26,29.0,58.4,4.9,53.7,0.0,0.0,0.0
2026-04-15 04:36:31,28.9,58.4,8.5,53.7,0.0,0.0,0.0
2026-04-15 04:36:36,29.0,58.3,26.8,53.7,0.0,0.0,0.0
2026-04-15 04:36:41,29.1,58.5,20.1,53.7,0.0,0.0,0.0
2026-04-15 04:36:46,29.2,58.5,18.4,53.7,0.0,0.0,0.0
2026-04-15 04:36:51,29.1,58.4,3.9,53.7,0.0,0.0,0.0
2026-04-15 04:36:56,29.1,58.5,13.9,53.7,0.0,0.0,0.0
2026-04-15 04:37:01,29.1,58.4,1.9,53.7,0.0,0.0,0.0
2026-04-15 04:37:06,29.1,58.5,21.8,53.7,0.0,0.0,0.0
2026-04-15 04:37:11,29.2,58.6,16.1,53.7,0.0,0.0,0.0
2026-04-15 04:37:16,29.0,58.6,0.0,53.7,0.0,0.0,0.0
2026-04-15 04:37:21,29.1,58.5,33.7,53.7,0.0,0.0,0.0
2026-04-15 04:37:26,29.1,58.5,6.6,53.7,0.0,0.0,0.0
2026-04-15 04:37:31,29.1,58.5,15.1,53.7,0.0,0.0,0.0
2026-04-15 04:37:36,29.1,58.5,10.6,53.7,0.0,0.0,0.0
2026-04-15 04:37:41,29.0,58.6,27.1,53.7,0.0,0.0,0.0
2026-04-15 04:37:46,29.1,58.5,9.8,53.7,0.0,0.0,0.0
2026-04-15 04:37:51,28.9,58.5,20.0,53.7,0.0,0.0,0.0
2026-04-15 04:37:56,29.3,58.4,8.8,53.7,0.0,0.0,0.0
2026-04-15 04:38:01,28.9,58.5,18.1,53.7,0.0,0.0,0.0
2026-04-15 04:38:06,29.0,58.5,0.0,53.7,0.0,0.0,0.0
2026-04-15 04:38:11,29.0,58.3,12.0,53.7,0.0,0.0,0.0
2026-04-15 04:38:16,29.1,58.3,14.9,53.7,0.0,0.0,0.0
2026-04-15 04:38:21,29.2,58.3,0.0,53.7,0.0,0.0,0.0
2026-04-15 04:38:26,29.1,58.4,22.8,53.7,0.0,0.0,0.0
2026-04-15 04:38:31,29.0,58.3,21.3,53.8,0.0,0.0,0.0
2026-04-15 04:38:36,29.1,58.2,15.5,53.8,0.0,0.0,0.0
2026-04-15 04:38:41,29.2,58.3,7.4,53.8,0.0,0.0,0.0
2026-04-15 04:38:46,29.1,58.4,4.4,53.8,0.0,0.0,0.0
2026-04-15 04:38:51,29.2,58.4,13.0,53.8,0.0,0.0,0.0
2026-04-15 04:38:56,29.2,58.2,25.0,53.8,0.0,0.0,0.0
2026-04-15 04:39:01,29.2,58.1,22.5,53.8,0.0,0.0,0.0
2026-04-15 04:39:06,29.0,58.1,17.4,53.8,0.0,0.0,0.0
2026-04-15 04:39:11,29.1,58.2,0.0,53.8,0.0,0.0,0.0
2026-04-15 04:39:16,29.1,58.3,15.3,53.8,0.0,0.0,0.0
2026-04-15 04:39:21,29.1,58.2,29.4,53.8,0.0,0.0,0.0
2026-04-15 04:39:26,29.1,58.2,25.8,53.8,0.0,0.0,0.0
2026-04-15 04:39:31,29.0,58.2,7.7,53.8,0.0,0.0,0.0
2026-04-15 04:39:36,29.1,58.2,22.2,53.8,0.0,0.0,0.0
2026-04-15 04:39:41,28.9,58.4,21.0,53.8,0.0,0.0,0.0
2026-04-15 04:39:46,29.0,58.4,0.0,53.8,0.0,0.0,0.0
2026-04-15 04:39:51,29.0,58.3,14.8,53.7,0.0,0.0,0.0
2026-04-15 04:39:56,29.2,58.5,9.1,53.7,0.0,0.0,0.0
2026-04-15 04:40:01,29.0,58.5,22.0,53.7,0.0,0.0,0.0
2026-04-15 04:40:06,29.1,58.5,24.7,53.7,0.0,0.0,0.0
2026-04-15 04:40:11,29.0,58.5,0.0,53.7,0.0,0.0,0.0
2026-04-15 04:40:16,29.1,58.7,2.4,53.7,0.0,0.0,0.0
2026-04-15 04:40:21,29.3,58.6,0.0,53.7,0.0,0.0,0.0
2026-04-15 04:40:26,29.2,58.7,20.2,53.7,0.0,0.0,0.0
2026-04-15 04:40:31,28.9,58.6,26.0,53.7,0.0,0.0,0.0
2026-04-15 04:40:36,29.2,58.6,10.7,53.7,0.0,0.0,0.0
2026-04-15 04:40:41,29.3,58.6,25.5,53.8,0.0,0.0,0.0
2026-04-15 04:40:46,29.0,58.5,19.9,53.8,0.0,0.0,0.0
2026-04-15 04:40:51,29.1,58.6,0.6,53.7,0.0,0.0,0.0
2026-04-15 04:40:56,29.1,58.7,19.1,53.7,0.0,0.0,0.0
2026-04-15 04:41:01,29.1,58.7,2.6,53.7,0.0,0.0,0.0
2026-04-15 04:41:06,29.0,58.5,9.0,53.7,0.0,0.0,0.0
2026-04-15 04:41:11,29.0,58.5,22.1,53.7,0.0,0.0,0.0
2026-04-15 04:41:16,29.1,58.5,9.7,53.7,0.0,0.0,0.0
2026-04-15 04:41:21,29.2,58.5,8.6,53.7,0.0,0.0,0.0
2026-04-15 04:41:26,29.1,58.4,30.9,53.7,0.0,0.0,0.0
2026-04-15 04:41:31,29.1,58.3,15.5,53.7,0.0,0.0,0.0
2026-04-15 04:41:36,29.3,58.3,30.0,53.7,0.0,0.0,0.0
2026-04-15 04:41:41,29.1,58.3,13.2,53.7,0.0,0.0,0.0
2026-04-15 04:41:46,29.1,58.4,17.4,53.7,0.0,0.0,0.0
2026-04-15 04:41:51,29.0,58.5,15.1,53.7,0.0,0.0,0.0
2026-04-15 04:41:56,29.1,58.5,12.2,53.7,0.0,0.0,0.0
2026-04-15 04:42:01,29.1,58.4,26.0,53.7,0.0,0.0,0.0
2026-04-15 04:42:06,29.2,58.4,26.9,53.7,0.0,0.0,0.0
2026-04-15 04:42:11,29.1,58.5,9.8,53.7,0.0,0.0,0.0
2026-04-15 04:42:16,29.1,58.5,0.0,53.7,0.0,0.0,0.0
2026-04-15 04:42:21,29.0,58.5,26.3,53.7,0.0,0.0,0.0
2026-04-15 04:42:26,29.1,58.5,17.2,53.7,0.0,0.0,0.0
2026-04-15 04:42:31,29.1,58.7,32.1,53.7,0.0,0.0,0.0
2026-04-15 04:42:36,29.1,58.6,15.5,53.7,0.0,0.0,0.0
2026-04-15 04:42:41,29.2,58.6,12.3,53.7,0.0,0.0,0.0
2026-04-15 04:42:46,29.2,58.5,6.7,53.7,0.0,0.0,0.0
2026-04-15 04:42:51,29.0,58.6,22.9,53.7,0.0,0.0,0.0
2026-04-15 04:42:56,29.1,58.5,11.2,53.7,0.0,0.0,0.0
2026-04-15 04:43:01,29.1,58.5,14.3,53.7,0.0,0.0,0.0
2026-04-15 04:43:06,29.0,58.6,33.2,53.7,0.0,0.0,0.0
2026-04-15 04:43:11,29.1,58.4,6.4,53.7,0.0,0.0,0.0
2026-04-15 04:43:16,29.1,58.3,12.0,53.7,0.0,0.0,0.0
2026-04-15 04:43:21,29.1,58.3,15.9,53.7,0.0,0.0,0.0
2026-04-15 04:43:26,29.1,58.2,13.6,53.7,0.0,0.0,0.0
2026-04-15 04:43:31,29.0,58.2,4.9,53.7,0.0,0.0,0.0
2026-04-15 04:43:36,29.1,58.2,5.6,53.7,0.0,0.0,0.0
2026-04-15 04:43:41,29.1,58.2,18.5,53.7,0.0,0.0,0.0
2026-04-15 04:43:46,29.1,58.3,0.0,53.8,0.0,0.0,0.0
2026-04-15 04:43:51,29.1,58.4,2.7,53.8,0.0,0.0,0.0
2026-04-15 04:43:56,29.2,58.4,16.9,53.7,0.0,0.0,0.0
2026-04-15 04:44:01,29.1,58.6,23.9,53.7,0.0,0.0,0.0
2026-04-15 04:44:06,29.0,58.6,22.4,53.7,0.0,0.0,0.0
2026-04-15 04:44:11,29.1,58.6,23.1,53.8,0.0,0.0,0.0
2026-04-15 04:44:16,29.2,58.6,24.0,53.8,0.0,0.0,0.0
2026-04-15 04:44:21,29.0,58.6,0.0,53.8,0.0,0.0,0.0
2026-04-15 04:44:26,29.2,58.6,26.9,53.8,0.0,0.0,0.0
2026-04-15 04:44:31,29.0,58.6,20.1,53.8,0.0,0.0,0.0
2026-04-15 04:44:36,29.3,58.7,24.7,53.7,0.0,0.0,0.0
2026-04-15 04:44:41,29.1,58.7,20.5,53.7,0.0,0.0,0.0
2026-04-15 04:44:46,29.1,58.7,22.7,53.7,0.0,0.0,0.0
2026-04-15 04:44:51,29.1,58.8,22.7,53.8,0.0,0.0,0.0
2026-04-15 04:44:56,28.9,58.8,5.5,53.8,0.0,0.0,0.0
2026-04-15 04:45:01,29.1,58.8,9.2,53.8,0.0,0.0,0.0
2026-04-15 04:45:06,29.1,58.8,31.5,53.8,0.0,0.0,0.0
2026-04-15 04:45:11,29.2,58.8,20.9,53.8,0.0,0.0,0.0
2026-04-15 04:45:16,29.0,58.8,15.1,53.8,0.0,0.0,0.0
2026-04-15 04:45:21,29.0,58.8,11.3,53.8,0.0,0.0,0.0
2026-04-15 04:45:26,29.1,58.8,31.2,53.8,0.0,0.0,0.0
2026-04-15 04:45:31,29.1,58.9,20.9,53.7,0.0,0.0,0.0
2026-04-15 04:45:36,29.0,59.0,15.2,53.7,0.0,0.0,0.0
2026-04-15 04:45:41,29.1,58.9,15.5,53.7,0.0,0.0,0.0
2026-04-15 04:45:46,29.1,58.9,21.8,53.8,0.0,0.0,0.0
2026-04-15 04:45:51,29.2,58.9,6.9,53.8,0.0,0.0,0.0
2026-04-15 04:45:56,29.1,59.0,28.9,53.8,0.0,0.0,0.0
2026-04-15 04:46:01,29.1,59.0,28.1,53.7,0.0,0.0,0.0
2026-04-15 04:46:06,29.2,59.0,17.9,53.7,0.0,0.0,0.0
2026-04-15 04:46:11,29.0,59.1,17.2,53.7,0.0,0.0,0.0
2026-04-15 04:46:16,29.0,59.0,9.3,53.7,0.0,0.0,0.0
2026-04-15 04:46:21,29.1,58.9,0.0,53.7,0.0,0.0,0.0
2026-04-15 04:46:26,29.0,58.9,23.8,53.7,0.0,0.0,0.0
2026-04-15 04:46:31,29.1,58.8,6.3,53.8,0.0,0.0,0.0
2026-04-15 04:46:36,28.9,58.7,0.0,53.8,0.0,0.0,0.0
2026-04-15 04:46:41,29.1,58.7,0.0,53.8,0.0,0.0,0.0
2026-04-15 04:46:46,29.1,58.6,24.5,53.7,0.0,0.0,0.0
2026-04-15 04:46:51,29.1,58.7,7.2,53.7,0.0,0.0,0.0
2026-04-15 04:46:56,29.1,58.6,24.9,53.7,0.0,0.0,0.0
2026-04-15 04:47:01,29.2,58.6,0.0,53.7,0.0,0.0,0.0
2026-04-15 04:47:06,28.9,58.6,14.4,53.7,0.0,0.0,0.0
2026-04-15 04:47:11,29.1,58.6,18.4,53.7,0.0,0.0,0.0
2026-04-15 04:47:16,29.1,58.6,4.6,53.8,0.0,0.0,0.0
2026-04-15 04:47:21,29.1,58.5,1.3,53.8,0.0,0.0,0.0
2026-04-15 04:47:26,29.2,58.5,24.0,53.8,0.0,0.0,0.0
2026-04-15 04:47:31,29.1,58.4,16.4,53.8,0.0,0.0,0.0
2026-04-15 04:47:36,29.1,58.6,24.5,53.8,0.0,0.0,0.0
2026-04-15 04:47:41,29.1,58.6,7.6,53.7,0.0,0.0,0.0
2026-04-15 04:47:46,29.1,58.6,10.2,53.7,0.0,0.0,0.0
2026-04-15 04:47:51,29.1,58.6,10.1,53.8,0.0,0.0,0.0
2026-04-15 04:47:56,28.9,58.5,3.6,53.8,0.0,0.0,0.0
2026-04-15 04:48:01,29.0,58.5,26.2,53.8,0.0,0.0,0.0
2026-04-15 04:48:06,29.1,58.5,11.2,53.8,0.0,0.0,0.0
2026-04-15 04:48:11,29.0,58.5,34.4,53.8,0.0,0.0,0.0
2026-04-15 04:48:16,29.0,58.5,8.3,53.8,0.0,0.0,0.0
2026-04-15 04:48:21,29.0,58.6,10.9,53.8,0.0,0.0,0.0
2026-04-15 04:48:26,29.0,58.5,31.1,53.8,0.0,0.0,0.0
2026-04-15 04:48:31,29.0,58.6,30.0,53.8,0.0,0.0,0.0
2026-04-15 04:48:36,29.2,58.6,10.8,53.8,0.0,0.0,0.0
2026-04-15 04:48:41,29.1,58.5,14.8,53.8,0.0,0.0,0.0
2026-04-15 04:48:46,29.1,58.6,36.0,53.8,0.0,0.0,0.0
2026-04-15 04:48:51,29.1,58.7,23.4,53.8,0.0,0.0,0.0
2026-04-15 04:48:56,29.1,58.7,0.0,53.8,0.0,0.0,0.0
2026-04-15 04:49:01,29.1,58.7,14.7,53.7,0.0,0.0,0.0
2026-04-15 04:49:06,29.0,58.6,35.9,53.7,0.0,0.0,0.0
2026-04-15 04:49:11,29.1,58.6,20.3,53.7,0.0,0.0,0.0
2026-04-15 04:49:16,29.1,58.7,17.8,53.8,0.0,0.0,0.0
2026-04-15 04:49:21,29.0,58.7,2.9,53.8,0.0,0.0,0.0
2026-04-15 04:49:26,29.2,58.7,13.4,53.7,0.0,0.0,0.0
2026-04-15 04:49:31,29.1,58.7,19.2,53.7,0.0,0.0,0.0
2026-04-15 04:49:36,29.1,58.8,11.5,53.7,0.0,0.0,0.0
2026-04-15 04:49:41,28.9,58.7,19.7,53.7,0.0,0.0,0.0
2026-04-15 04:49:46,28.9,58.7,7.0,53.7,0.0,0.0,0.0
2026-04-15 04:49:51,29.1,58.6,4.4,53.7,0.0,0.0,0.0
2026-04-15 04:49:56,29.0,58.6,2.2,53.8,0.0,0.0,0.0
2026-04-15 04:50:01,29.2,58.5,13.6,53.8,0.0,0.0,0.0
2026-04-15 04:50:06,29.0,58.6,13.9,53.8,0.0,0.0,0.0
2026-04-15 04:50:11,29.0,58.6,12.7,53.8,0.0,0.0,0.0
2026-04-15 04:50:16,29.2,58.7,15.1,53.8,0.0,0.0,0.0
2026-04-15 04:50:21,29.1,58.6,16.4,53.8,0.0,0.0,0.0
2026-04-15 04:50:26,29.0,58.5,29.1,53.8,0.0,0.0,0.0
2026-04-15 04:50:31,29.0,58.5,21.9,53.8,0.0,0.0,0.0
2026-04-15 04:50:36,29.1,58.3,14.0,53.8,0.0,0.0,0.0
2026-04-15 04:50:41,29.1,58.3,5.1,53.8,0.0,0.0,0.0
2026-04-15 04:50:46,29.0,58.2,0.9,53.8,0.0,0.0,0.0
2026-04-15 04:50:51,29.1,58.3,12.7,53.8,0.0,0.0,0.0
2026-04-15 04:50:56,29.1,58.3,22.7,53.8,0.0,0.0,0.0
2026-04-15 04:51:01,29.1,58.4,0.0,53.8,0.0,0.0,0.0
2026-04-15 04:51:06,29.0,58.3,10.8,53.7,0.0,0.0,0.0
2026-04-15 04:51:11,28.9,58.3,2.1,53.7,0.0,0.0,0.0
2026-04-15 04:51:16,29.0,58.2,15.3,53.7,0.0,0.0,0.0
2026-04-15 04:51:21,29.0,58.4,0.9,53.8,0.0,0.0,0.0
2026-04-15 04:51:26,29.0,58.3,20.9,53.8,0.0,0.0,0.0
2026-04-15 04:51:31,29.1,58.3,4.2,53.8,0.0,0.0,0.0
2026-04-15 04:51:36,29.3,58.1,15.7,53.8,0.0,0.0,0.0
2026-04-15 04:51:41,29.0,58.2,13.7,53.8,0.0,0.0,0.0
2026-04-15 04:51:46,29.0,58.3,20.3,53.8,0.0,0.0,0.0
2026-04-15 04:51:51,29.1,58.4,23.0,53.8,0.0,0.0,0.0
2026-04-15 04:51:56,29.1,58.5,5.2,53.8,0.0,0.0,0.0
2026-04-15 04:52:01,29.1,58.5,6.0,53.8,0.0,0.0,0.0
2026-04-15 04:52:06,29.3,58.4,26.3,53.8,0.0,0.0,0.0
2026-04-15 04:52:11,29.1,58.3,13.1,53.8,0.0,0.0,0.0
2026-04-15 04:52:16,29.1,58.4,18.8,53.8,0.0,0.0,0.0
2026-04-15 04:52:21,29.1,58.5,16.5,53.8,0.0,0.0,0.0
2026-04-15 04:52:26,29.2,58.6,0.0,53.8,0.0,0.0,0.0
2026-04-15 04:52:31,29.2,58.5,13.0,53.8,0.0,0.0,0.0
2026-04-15 04:52:36,29.0,58.5,16.7,53.8,0.0,0.0,0.0
2026-04-15 04:52:41,29.2,58.5,14.9,53.7,0.0,0.0,0.0
2026-04-15 04:52:46,29.1,58.5,17.4,53.7,0.0,0.0,0.0
2026-04-15 04:52:51,29.2,58.5,25.5,53.7,0.0,0.0,0.0
2026-04-15 04:52:56,29.0,58.5,17.7,53.7,0.0,0.0,0.0
2026-04-15 04:53:01,29.1,58.5,34.0,53.7,0.0,0.0,0.0
2026-04-15 04:53:06,29.1,58.5,37.5,53.7,0.0,0.0,0.0
2026-04-15 04:53:11,29.1,58.4,10.9,53.7,0.0,0.0,0.0
2026-04-15 04:53:16,29.1,58.4,3.5,53.7,0.0,0.0,0.0
2026-04-15 04:53:21,29.3,58.3,18.6,53.7,0.0,0.0,0.0
2026-04-15 04:53:26,29.2,58.3,21.9,53.7,0.0,0.0,0.0
2026-04-15 04:53:31,29.2,58.3,14.2,53.7,0.0,0.0,0.0
2026-04-15 04:53:36,29.2,58.2,18.5,53.7,0.0,0.0,0.0
2026-04-15 04:53:41,29.2,58.2,7.9,53.7,0.0,0.0,0.0
2026-04-15 04:53:46,29.2,58.2,13.3,53.8,0.0,0.0,0.0
2026-04-15 04:53:51,29.2,58.1,12.1,53.8,0.0,0.0,0.0
2026-04-15 04:53:56,29.3,58.1,0.0,53.7,0.0,0.0,0.0
2026-04-15 04:54:01,29.3,58.1,6.6,53.7,0.0,0.0,0.0
2026-04-15 04:54:06,29.2,58.1,8.8,53.8,0.0,0.0,0.0
2026-04-15 04:54:11,29.2,58.1,14.5,53.8,0.0,0.0,0.0
2026-04-15 04:54:16,29.2,58.2,22.5,53.8,0.0,0.0,0.0
2026-04-15 04:54:21,29.4,58.2,33.4,53.8,0.0,0.0,0.0
2026-04-15 04:54:26,29.3,58.3,26.0,53.8,0.0,0.0,0.0
2026-04-15 04:54:31,29.3,58.3,22.1,53.8,0.0,0.0,0.0
2026-04-15 04:54:36,29.2,58.3,9.9,53.8,0.0,0.0,0.0
2026-04-15 04:54:41,29.2,58.2,16.1,53.8,0.0,0.0,0.0
2026-04-15 04:54:46,29.1,58.1,16.0,53.8,0.0,0.0,0.0
2026-04-15 04:54:51,29.1,58.1,0.0,53.8,0.0,0.0,0.0
2026-04-15 04:54:56,29.1,58.2,6.6,53.8,0.0,0.0,0.0
2026-04-15 04:55:01,29.3,58.1,15.1,53.8,0.0,0.0,0.0
2026-04-15 04:55:06,29.2,58.2,10.3,53.8,0.0,0.0,0.0
2026-04-15 04:55:11,29.2,58.3,5.6,53.8,0.0,0.0,0.0
2026-04-15 04:55:16,29.2,58.4,20.3,53.8,0.0,0.0,0.0
2026-04-15 04:55:21,29.3,58.5,9.6,53.8,0.0,0.0,0.0
2026-04-15 04:55:26,29.1,58.3,13.9,53.8,0.0,0.0,0.0
2026-04-15 04:55:31,29.2,58.4,24.5,53.8,0.0,0.0,0.0
2026-04-15 04:55:36,29.1,58.5,16.7,53.8,0.0,0.0,0.0
2026-04-15 04:55:41,29.3,58.6,19.8,53.8,0.0,0.0,0.0
2026-04-15 04:55:46,29.2,58.5,16.6,53.7,0.0,0.0,0.0
2026-04-15 04:55:51,29.3,58.6,11.1,53.7,0.0,0.0,0.0
2026-04-15 04:55:56,29.2,58.6,23.4,53.8,0.0,0.0,0.0
2026-04-15 04:56:01,29.1,58.6,13.6,53.8,0.0,0.0,0.0
2026-04-15 04:56:06,29.3,58.6,33.6,53.8,0.0,0.0,0.0
2026-04-15 04:56:11,29.2,58.6,36.2,53.8,0.0,0.0,0.0
2026-04-15 04:56:16,29.2,58.6,0.0,53.8,0.0,0.0,0.0
2026-04-15 04:56:21,29.2,58.6,2.4,53.7,0.0,0.0,0.0
2026-04-15 04:56:26,29.2,58.5,15.5,53.7,0.0,0.0,0.0
2026-04-15 04:56:31,29.2,58.6,30.4,53.8,0.0,0.0,0.0
2026-04-15 04:56:36,29.1,58.6,17.2,53.8,0.0,0.0,0.0
2026-04-15 04:56:41,29.2,58.6,4.2,53.8,0.0,0.0,0.0
2026-04-15 04:56:46,29.2,58.5,4.2,53.7,0.0,0.0,0.0
2026-04-15 04:56:51,29.1,58.6,33.3,53.7,0.0,0.0,0.0
2026-04-15 04:56:56,29.1,58.6,0.0,53.8,0.0,0.0,0.0
2026-04-15 04:57:01,29.4,58.5,17.5,53.8,0.0,0.0,0.0
2026-04-15 04:57:06,29.2,58.6,22.2,53.8,0.0,0.0,0.0
2026-04-15 04:57:11,29.2,58.6,11.5,53.8,0.0,0.0,0.0
2026-04-15 04:57:16,29.1,58.5,11.5,53.8,0.0,0.0,0.0
2026-04-15 04:57:21,29.0,58.6,17.4,53.8,0.0,0.0,0.0
2026-04-15 04:57:26,29.0,58.6,10.1,53.8,0.0,0.0,0.0
2026-04-15 04:57:31,29.2,58.5,20.3,53.8,0.0,0.0,0.0
2026-04-15 04:57:36,29.1,58.4,39.4,53.8,0.0,0.0,0.0
2026-04-15 04:57:41,28.9,58.6,14.0,53.8,0.0,0.0,0.0
2026-04-15 04:57:46,29.2,58.6,18.8,53.8,0.0,0.0,0.0
2026-04-15 04:57:51,29.2,58.5,35.3,53.8,0.0,0.0,0.0
2026-04-15 04:57:56,29.1,58.6,0.0,53.8,0.0,0.0,0.0
2026-04-15 04:58:01,29.2,58.6,15.5,53.8,0.0,0.0,0.0
2026-04-15 04:58:06,29.0,58.7,5.6,53.8,0.0,0.0,0.0
2026-04-15 04:58:11,29.2,58.7,20.0,53.8,0.0,0.0,0.0
2026-04-15 04:58:16,29.1,58.8,20.3,53.8,0.0,0.0,0.0
2026-04-15 04:58:21,29.1,58.8,22.9,53.8,0.0,0.0,0.0
2026-04-15 04:58:26,29.1,58.7,14.0,53.8,0.0,0.0,0.0
2026-04-15 04:58:31,29.2,58.6,16.1,53.8,0.0,0.0,0.0
2026-04-15 04:58:36,29.2,58.6,20.3,53.8,0.0,0.0,0.0
2026-04-15 04:58:41,29.1,58.5,0.0,53.8,0.0,0.0,0.0
2026-04-15 04:58:46,29.2,58.5,30.6,53.8,0.0,0.0,0.0
2026-04-15 04:58:51,29.2,58.4,22.2,53.8,0.0,0.0,0.0
2026-04-15 04:58:56,29.2,58.4,15.3,53.8,0.0,0.0,0.0
2026-04-15 04:59:01,29.1,58.5,17.4,53.7,0.0,0.0,0.0
2026-04-15 04:59:06,29.2,58.6,25.9,53.7,0.0,0.0,0.0
2026-04-15 04:59:11,29.2,58.5,0.0,53.7,0.0,0.0,0.0
2026-04-15 04:59:16,29.2,58.4,0.6,53.7,0.0,0.0,0.0
2026-04-15 04:59:21,29.2,58.5,18.9,53.7,0.0,0.0,0.0
2026-04-15 04:59:26,29.1,58.5,18.4,53.8,0.0,0.0,0.0
2026-04-15 04:59:31,29.2,58.6,28.1,53.8,0.0,0.0,0.0
2026-04-15 04:59:36,29.2,58.7,25.3,53.8,0.0,0.0,0.0
2026-04-15 04:59:41,29.1,58.7,12.6,53.8,0.0,0.0,0.0
2026-04-15 04:59:46,29.2,58.6,6.4,53.8,0.0,0.0,0.0
2026-04-15 04:59:51,29.2,58.6,16.3,53.8,0.0,0.0,0.0
2026-04-15 04:59:56,29.3,58.5,16.7,53.7,0.0,0.0,0.0
2026-04-15 05:00:01,29.1,58.4,10.4,53.7,0.0,0.0,0.0
2026-04-15 05:00:06,29.1,58.3,18.0,53.8,0.0,0.0,0.0
2026-04-15 05:00:11,29.1,58.3,8.6,53.8,0.0,0.0,0.0
2026-04-15 05:00:16,29.3,58.4,1.9,53.8,0.0,0.0,0.0
2026-04-15 05:00:21,29.2,58.4,0.0,53.8,0.0,0.0,0.0
2026-04-15 05:00:26,29.2,58.3,10.0,53.8,0.0,0.0,0.0
2026-04-15 05:00:31,29.2,58.3,28.1,53.8,0.0,0.0,0.0
2026-04-15 05:00:36,29.2,58.3,13.4,53.8,0.0,0.0,0.0
2026-04-15 05:00:41,29.1,58.3,9.8,53.8,0.0,0.0,0.0
2026-04-15 05:00:46,29.0,58.4,15.9,53.8,0.0,0.0,0.0
2026-04-15 05:00:51,29.2,58.4,31.3,53.8,0.0,0.0,0.0
2026-04-15 05:00:56,29.3,58.4,7.0,53.8,0.0,0.0,0.0
2026-04-15 05:01:01,29.1,58.4,8.5,53.8,0.0,0.0,0.0
2026-04-15 05:01:06,29.3,58.4,0.0,53.8,0.0,0.0,0.0
2026-04-15 05:01:11,29.1,58.3,7.7,53.8,0.0,0.0,0.0
2026-04-15 05:01:16,29.2,58.4,0.0,53.8,0.0,0.0,0.0
2026-04-15 05:01:21,29.3,58.5,20.3,53.8,0.0,0.0,0.0
2026-04-15 05:01:26,29.2,58.6,4.8,53.7,0.0,0.0,0.0
2026-04-15 05:01:31,29.1,58.6,16.3,53.7,0.0,0.0,0.0
2026-04-15 05:01:36,29.1,58.6,0.0,53.7,0.0,0.0,0.0
2026-04-15 05:01:41,29.1,58.6,12.9,53.7,0.0,0.0,0.0
2026-04-15 05:01:46,29.1,58.5,14.6,53.7,0.0,0.0,0.0
2026-04-15 05:01:51,29.0,58.6,10.8,53.7,0.0,0.0,0.0
2026-04-15 05:01:56,29.2,58.6,25.1,53.8,0.0,0.0,0.0
2026-04-15 05:02:01,29.2,58.7,12.9,53.8,0.0,0.0,0.0
2026-04-15 05:02:06,29.2,58.7,4.3,53.8,0.0,0.0,0.0
2026-04-15 05:02:11,29.3,58.7,16.9,53.8,0.0,0.0,0.0
2026-04-15 05:02:16,29.1,58.7,27.5,53.8,0.0,0.0,0.0
2026-04-15 05:02:21,29.1,58.7,9.4,53.8,0.0,0.0,0.0
2026-04-15 05:02:26,29.2,58.6,39.1,53.8,0.0,0.0,0.0
2026-04-15 05:02:31,29.2,58.6,4.3,53.8,0.0,0.0,0.0
2026-04-15 05:02:36,29.1,58.5,23.4,53.8,0.0,0.0,0.0
2026-04-15 05:02:41,29.0,58.6,22.2,53.8,0.0,0.0,0.0
2026-04-15 05:02:46,29.2,58.7,11.1,53.8,0.0,0.0,0.0
2026-04-15 05:02:51,29.2,58.7,9.1,53.8,0.0,0.0,0.0
2026-04-15 05:02:56,29.1,58.7,15.3,53.8,0.0,0.0,0.0
2026-04-15 05:03:01,29.2,58.6,24.4,53.8,0.0,0.0,0.0
2026-04-15 05:03:06,29.1,58.6,18.1,53.8,0.0,0.0,0.0
2026-04-15 05:03:11,29.2,58.6,28.3,53.8,0.0,0.0,0.0
2026-04-15 05:03:16,29.0,58.6,10.7,53.8,0.0,0.0,0.0
2026-04-15 05:03:21,29.1,58.7,22.0,53.8,0.0,0.0,0.0
2026-04-15 05:03:26,29.1,58.7,18.2,53.8,0.0,0.0,0.0
2026-04-15 05:03:31,29.1,58.8,14.5,53.8,0.0,0.0,0.0
2026-04-15 05:03:36,29.2,58.7,21.6,53.8,0.0,0.0,0.0
2026-04-15 05:03:41,29.0,58.6,0.0,53.8,0.0,0.0,0.0
2026-04-15 05:03:46,29.2,58.4,25.4,53.8,0.0,0.0,0.0
2026-04-15 05:03:51,29.2,58.5,6.8,53.8,0.0,0.0,0.0
2026-04-15 05:03:56,29.2,58.5,21.7,53.8,0.0,0.0,0.0
2026-04-15 05:04:01,29.2,58.5,28.6,53.8,0.0,0.0,0.0
2026-04-15 05:04:06,29.2,58.7,11.0,53.8,0.0,0.0,0.0
2026-04-15 05:04:11,29.2,58.4,16.3,53.8,0.0,0.0,0.0
2026-04-15 05:04:16,29.3,58.7,13.3,53.8,0.0,0.0,0.0
2026-04-15 05:04:21,29.2,58.6,23.0,53.8,0.0,0.0,0.0
2026-04-15 05:04:26,29.2,58.8,28.9,53.8,0.0,0.0,0.0
2026-04-15 05:04:31,29.1,58.7,8.1,53.8,0.0,0.0,0.0
2026-04-15 05:04:36,29.1,58.8,23.0,53.8,0.0,0.0,0.0
2026-04-15 05:04:41,29.3,58.6,16.8,53.8,0.0,0.0,0.0
2026-04-15 05:04:46,29.2,58.7,36.8,53.8,0.0,0.0,0.0
2026-04-15 05:04:51,29.3,58.7,26.6,53.8,0.0,0.0,0.0
2026-04-15 05:04:56,29.2,58.6,33.8,53.8,0.0,0.0,0.0
2026-04-15 05:05:01,29.2,58.5,0.0,53.8,0.0,0.0,0.0
2026-04-15 05:05:06,29.3,58.4,11.8,53.8,0.0,0.0,0.0
2026-04-15 05:05:11,29.2,58.4,23.7,53.8,0.0,0.0,0.0
2026-04-15 05:05:16,29.2,58.4,6.5,53.8,0.0,0.0,0.0
2026-04-15 05:05:21,29.1,58.3,16.2,53.8,0.0,0.0,0.0
2026-04-15 05:05:26,29.2,58.3,19.0,53.7,0.0,0.0,0.0
2026-04-15 05:05:31,29.2,58.3,19.4,53.7,0.0,0.0,0.0
2026-04-15 05:05:36,29.3,58.3,16.0,53.7,0.0,0.0,0.0
2026-04-15 05:05:41,29.1,58.3,33.7,53.7,0.0,0.0,0.0
2026-04-15 05:05:46,29.2,58.4,26.8,53.8,0.0,0.0,0.0
2026-04-15 05:05:51,29.2,58.4,13.5,53.8,0.0,0.0,0.0
2026-04-15 05:05:56,29.3,58.5,16.0,53.7,0.0,0.0,0.0
2026-04-15 05:06:01,29.2,58.4,4.3,53.7,0.0,0.0,0.0
2026-04-15 05:06:06,29.3,58.5,9.2,53.7,0.0,0.0,0.0
2026-04-15 05:06:11,29.4,58.5,19.2,53.8,0.0,0.0,0.0
2026-04-15 05:06:16,29.3,58.6,0.0,53.8,0.0,0.0,0.0
2026-04-15 05:06:21,29.2,58.6,12.8,53.8,0.0,0.0,0.0
2026-04-15 05:06:26,29.2,58.6,14.1,53.8,0.0,0.0,0.0
2026-04-15 05:06:31,29.1,58.5,18.4,53.8,0.0,0.0,0.0
2026-04-15 05:06:36,29.1,58.5,5.6,53.8,0.0,0.0,0.0
2026-04-15 05:06:41,29.2,58.6,13.3,53.8,0.0,0.0,0.0
2026-04-15 05:06:46,29.0,58.5,15.9,53.8,0.0,0.0,0.0
2026-04-15 05:06:51,29.2,58.5,15.5,53.8,0.0,0.0,0.0
2026-04-15 05:06:56,29.2,58.5,26.5,53.8,0.0,0.0,0.0
2026-04-15 05:07:01,29.2,58.5,15.9,53.7,0.0,0.0,0.0
2026-04-15 05:07:06,29.1,58.4,18.3,53.7,0.0,0.0,0.0
2026-04-15 05:07:11,29.3,58.4,7.7,53.7,0.0,0.0,0.0
2026-04-15 05:07:16,29.1,58.6,16.6,53.7,0.0,0.0,0.0
2026-04-15 05:07:21,29.1,58.7,13.0,53.7,0.0,0.0,0.0
2026-04-15 05:07:26,29.3,58.7,18.2,53.8,0.0,0.0,0.0
2026-04-15 05:07:31,29.1,58.5,14.4,53.8,0.0,0.0,0.0
2026-04-15 05:07:36,29.2,58.4,7.7,53.8,0.0,0.0,0.0
2026-04-15 05:07:41,29.2,58.4,19.7,53.8,0.0,0.0,0.0
2026-04-15 05:07:46,29.1,58.4,12.7,53.8,0.0,0.0,0.0
2026-04-15 05:07:51,29.2,58.3,16.1,53.8,0.0,0.0,0.0
2026-04-15 05:07:56,29.2,58.3,6.6,53.7,0.0,0.0,0.0
2026-04-15 05:08:01,29.1,58.3,17.1,53.7,0.0,0.0,0.0
2026-04-15 05:08:06,29.2,58.3,0.0,53.7,0.0,0.0,0.0
2026-04-15 05:08:11,29.2,58.2,11.8,53.7,0.0,0.0,0.0
2026-04-15 05:08:16,29.4,58.3,12.1,53.7,0.0,0.0,0.0
2026-04-15 05:08:21,29.2,58.2,16.0,53.7,0.0,0.0,0.0
2026-04-15 05:08:26,29.2,58.1,10.1,53.7,0.0,0.0,0.0
2026-04-15 05:08:31,29.4,58.1,38.5,53.7,0.0,0.0,0.0
2026-04-15 05:08:36,29.2,58.1,25.6,53.7,0.0,0.0,0.0
2026-04-15 05:08:41,29.1,58.2,19.9,53.7,0.0,0.0,0.0
2026-04-15 05:08:46,29.2,58.3,0.0,53.8,0.0,0.0,0.0
2026-04-15 05:08:51,29.0,58.2,11.6,53.8,0.0,0.0,0.0
2026-04-15 05:08:56,29.2,58.3,6.2,53.8,0.0,0.0,0.0
2026-04-15 05:09:01,29.1,58.3,24.6,53.7,0.0,0.0,0.0
2026-04-15 05:09:06,29.1,58.3,2.6,53.7,0.0,0.0,0.0
2026-04-15 05:09:11,29.3,58.3,21.9,53.7,0.0,0.0,0.0
2026-04-15 05:09:16,29.4,58.4,6.0,53.8,0.0,0.0,0.0
2026-04-15 05:09:21,29.1,58.4,13.3,53.8,0.0,0.0,0.0
2026-04-15 05:09:26,29.2,58.4,16.7,53.8,0.0,0.0,0.0
2026-04-15 05:09:31,29.1,58.5,20.5,53.8,0.0,0.0,0.0
2026-04-15 05:09:36,29.0,58.4,0.0,53.8,0.0,0.0,0.0
2026-04-15 05:09:41,29.2,58.3,19.6,53.8,0.0,0.0,0.0
2026-04-15 05:09:46,29.3,58.2,7.8,53.8,0.0,0.0,0.0
2026-04-15 05:09:51,29.1,58.2,0.0,53.8,0.0,0.0,0.0
2026-04-15 05:09:56,29.0,58.3,44.8,53.8,0.0,0.0,0.0
2026-04-15 05:10:01,29.0,58.4,19.9,53.7,0.0,0.0,0.0
2026-04-15 05:10:06,29.1,58.5,6.7,53.7,0.0,0.0,0.0
2026-04-15 05:10:11,29.1,58.5,0.7,53.7,0.0,0.0,0.0
2026-04-15 05:10:16,29.1,58.6,1.3,53.7,0.0,0.0,0.0
2026-04-15 05:10:21,29.1,58.5,0.0,53.7,0.0,0.0,0.0
2026-04-15 05:10:26,29.2,58.6,6.2,53.8,0.0,0.0,0.0
2026-04-15 05:10:31,29.2,58.5,0.0,53.8,0.0,0.0,0.0
2026-04-15 05:10:36,29.2,58.5,11.2,53.8,0.0,0.0,0.0
2026-04-15 05:10:41,29.1,58.5,16.1,53.8,0.0,0.0,0.0
2026-04-15 05:10:46,29.3,58.4,6.8,53.7,0.0,0.0,0.0
2026-04-15 05:10:51,29.3,58.4,6.5,53.7,0.0,0.0,0.0
2026-04-15 05:10:56,29.0,58.4,29.4,53.7,0.0,0.0,0.0
2026-04-15 05:11:01,29.1,58.4,23.5,53.7,0.0,0.0,0.0
2026-04-15 05:11:06,29.3,58.4,16.9,53.7,0.0,0.0,0.0
2026-04-15 05:11:11,29.2,58.4,3.4,53.7,0.0,0.0,0.0
2026-04-15 05:11:16,29.1,58.5,8.3,53.7,0.0,0.0,0.0
2026-04-15 05:11:21,29.1,58.5,14.8,53.7,0.0,0.0,0.0
2026-04-15 05:11:26,29.3,58.6,0.0,53.7,0.0,0.0,0.0
2026-04-15 05:11:31,29.2,58.8,25.5,53.8,0.0,0.0,0.0
2026-04-15 05:11:36,29.1,58.7,1.0,53.8,0.0,0.0,0.0
2026-04-15 05:11:41,29.0,58.8,23.5,53.7,0.0,0.0,0.0
2026-04-15 05:11:46,29.0,58.8,21.4,53.7,0.0,0.0,0.0
2026-04-15 05:11:51,29.2,58.8,12.2,53.7,0.0,0.0,0.0
2026-04-15 05:11:56,29.2,58.8,7.7,53.7,0.0,0.0,0.0
2026-04-15 05:12:01,29.1,58.8,13.1,53.7,0.0,0.0,0.0
2026-04-15 05:12:06,29.2,58.8,0.0,53.7,0.0,0.0,0.0
2026-04-15 05:12:11,29.2,58.9,16.6,53.8,0.0,0.0,0.0
2026-04-15 05:12:16,29.3,58.8,16.2,53.8,0.0,0.0,0.0
2026-04-15 05:12:21,29.2,58.7,21.0,53.8,0.0,0.0,0.0
2026-04-15 05:12:26,29.2,58.7,39.0,53.8,0.0,0.0,0.0
2026-04-15 05:12:31,29.0,58.7,0.0,53.8,0.0,0.0,0.0
2026-04-15 05:12:36,29.2,58.7,13.3,53.8,0.0,0.0,0.0
2026-04-15 05:12:41,29.0,58.6,21.6,53.8,0.0,0.0,0.0
2026-04-15 05:12:46,29.2,58.7,11.9,53.8,0.0,0.0,0.0
2026-04-15 05:12:51,29.1,58.8,17.1,53.8,0.0,0.0,0.0
2026-04-15 05:12:56,29.1,58.8,17.8,53.8,0.0,0.0,0.0
2026-04-15 05:13:01,29.1,58.8,10.3,53.8,0.0,0.0,0.0
2026-04-15 05:13:06,29.1,58.9,7.5,53.8,0.0,0.0,0.0
2026-04-15 05:13:11,29.0,58.8,28.5,53.8,0.0,0.0,0.0
2026-04-15 05:13:16,29.1,58.7,22.6,53.7,0.0,0.0,0.0
2026-04-15 05:13:21,29.1,58.7,27.9,53.7,0.0,0.0,0.0
2026-04-15 05:13:26,29.1,58.7,20.2,53.7,0.0,0.0,0.0
2026-04-15 05:13:31,29.1,58.6,17.8,53.7,0.0,0.0,0.0
2026-04-15 05:13:36,29.1,58.6,9.8,53.7,0.0,0.0,0.0
2026-04-15 05:13:41,29.1,58.6,6.9,53.7,0.0,0.0,0.0
2026-04-15 05:13:46,29.1,58.6,5.4,53.7,0.0,0.0,0.0
2026-04-15 05:13:51,29.2,58.7,12.7,53.7,0.0,0.0,0.0
2026-04-15 05:13:56,29.1,58.6,0.0,53.7,0.0,0.0,0.0
2026-04-15 05:14:01,29.1,58.5,24.0,53.7,0.0,0.0,0.0
2026-04-15 05:14:06,29.2,58.6,10.0,53.7,0.0,0.0,0.0
2026-04-15 05:14:11,29.2,58.4,7.8,53.7,0.0,0.0,0.0
2026-04-15 05:14:16,29.1,58.5,0.0,53.7,0.0,0.0,0.0
2026-04-15 05:14:21,29.1,58.5,16.5,53.7,0.0,0.0,0.0
2026-04-15 05:14:26,29.0,58.6,8.6,53.7,0.0,0.0,0.0
2026-04-15 05:14:31,29.2,58.6,22.7,53.7,0.0,0.0,0.0
2026-04-15 05:14:36,29.1,58.6,2.1,53.7,0.0,0.0,0.0
2026-04-15 05:14:41,29.1,58.6,19.8,53.7,0.0,0.0,0.0
2026-04-15 05:14:46,29.1,58.6,7.6,53.7,0.0,0.0,0.0
2026-04-15 05:14:51,29.1,58.6,1.1,53.7,0.0,0.0,0.0
2026-04-15 05:14:56,29.2,58.6,1.5,53.7,0.0,0.0,0.0
2026-04-15 05:15:01,29.1,58.6,6.6,53.7,0.0,0.0,0.0
2026-04-15 05:15:06,29.0,58.6,8.5,53.7,0.0,0.0,0.0
2026-04-15 05:15:11,29.1,58.6,10.4,53.7,0.0,0.0,0.0
2026-04-15 05:15:16,29.1,58.6,31.1,53.7,0.0,0.0,0.0
2026-04-15 05:15:21,29.0,58.7,9.7,53.7,0.0,0.0,0.0
2026-04-15 05:15:26,29.1,58.8,10.5,53.7,0.0,0.0,0.0
2026-04-15 05:15:31,29.0,58.7,27.7,53.7,0.0,0.0,0.0
2026-04-15 05:15:36,29.2,58.8,13.8,53.7,0.0,0.0,0.0
2026-04-15 05:15:41,29.3,58.7,19.3,53.7,0.0,0.0,0.0
2026-04-15 05:15:46,29.0,58.7,9.4,53.7,0.0,0.0,0.0
2026-04-15 05:15:51,29.0,58.8,36.1,53.7,0.0,0.0,0.0
2026-04-15 05:15:56,29.1,58.8,23.3,53.7,0.0,0.0,0.0
2026-04-15 05:16:01,29.2,58.7,18.0,53.7,0.0,0.0,0.0
2026-04-15 05:16:06,29.1,58.7,27.4,53.7,0.0,0.0,0.0
2026-04-15 05:16:11,29.1,58.7,2.1,53.7,0.0,0.0,0.0
2026-04-15 05:16:16,29.1,58.6,20.9,53.7,0.0,0.0,0.0
2026-04-15 05:16:21,29.2,58.5,19.1,53.7,0.0,0.0,0.0
2026-04-15 05:16:26,29.0,58.4,17.8,53.7,0.0,0.0,0.0
2026-04-15 05:16:31,29.1,58.4,22.0,53.7,0.0,0.0,0.0
2026-04-15 05:16:36,29.1,58.6,31.6,53.7,0.0,0.0,0.0
2026-04-15 05:16:41,29.1,58.7,13.8,53.7,0.0,0.0,0.0
2026-04-15 05:16:46,29.1,58.7,25.5,53.7,0.0,0.0,0.0
2026-04-15 05:16:51,29.0,58.7,47.3,53.7,0.0,0.0,0.0
2026-04-15 05:16:56,29.2,58.7,12.7,53.7,0.0,0.0,0.0
2026-04-15 05:17:01,29.2,58.8,11.5,53.7,0.0,0.0,0.0
2026-04-15 05:17:06,29.1,59.0,20.4,53.7,0.0,0.0,0.0
2026-04-15 05:17:11,29.1,59.0,10.2,53.7,0.0,0.0,0.0
2026-04-15 05:17:16,29.1,58.7,25.5,53.7,0.0,0.0,0.0
2026-04-15 05:17:21,29.1,58.7,24.6,53.7,0.0,0.0,0.0
2026-04-15 05:17:26,29.1,58.7,21.7,53.7,0.0,0.0,0.0
2026-04-15 05:17:31,29.1,58.8,1.6,53.7,0.0,0.0,0.0
2026-04-15 05:17:36,29.2,58.7,9.3,53.7,0.0,0.0,0.0
2026-04-15 05:17:41,29.0,58.7,18.1,53.7,0.0,0.0,0.0
2026-04-15 05:17:46,29.2,58.7,27.3,53.7,0.0,0.0,0.0
2026-04-15 05:17:51,29.1,58.8,3.7,53.7,0.0,0.0,0.0
2026-04-15 05:17:56,29.2,58.7,16.1,53.7,0.0,0.0,0.0
2026-04-15 05:18:01,29.0,58.8,8.1,53.7,0.0,0.0,0.0
2026-04-15 05:18:06,29.1,58.7,18.4,53.7,0.0,0.0,0.0
2026-04-15 05:18:11,29.1,58.8,1.7,53.7,0.0,0.0,0.0
2026-04-15 05:18:16,29.1,58.8,0.0,53.7,0.0,0.0,0.0
2026-04-15 05:18:21,29.1,58.8,9.0,53.7,0.0,0.0,0.0
2026-04-15 05:18:26,29.0,58.8,3.0,53.7,0.0,0.0,0.0
2026-04-15 05:18:31,29.1,58.8,19.4,53.7,0.0,0.0,0.0
2026-04-15 05:18:36,28.9,58.8,31.5,53.7,0.0,0.0,0.0
2026-04-15 05:18:41,29.0,58.8,11.8,53.7,0.0,0.0,0.0
2026-04-15 05:18:46,29.1,58.8,6.2,53.7,0.0,0.0,0.0
2026-04-15 05:18:51,29.1,58.8,19.6,53.7,0.0,0.0,0.0
2026-04-15 05:18:56,29.0,58.8,0.0,53.7,0.0,0.0,0.0
2026-04-15 05:19:01,29.1,58.8,6.6,53.7,0.0,0.0,0.0
2026-04-15 05:19:06,29.1,58.7,11.9,53.7,0.0,0.0,0.0
2026-04-15 05:19:11,29.1,58.6,21.9,53.7,0.0,0.0,0.0
2026-04-15 05:19:16,29.0,58.7,19.6,53.7,0.0,0.0,0.0
2026-04-15 05:19:21,29.1,58.7,8.7,53.7,0.0,0.0,0.0
2026-04-15 05:19:26,29.1,58.6,25.7,53.7,0.0,0.0,0.0
2026-04-15 05:19:31,29.0,58.6,1.0,53.7,0.0,0.0,0.0
2026-04-15 05:19:36,29.1,58.5,6.1,53.7,0.0,0.0,0.0
2026-04-15 05:19:41,29.1,58.6,33.8,53.7,0.0,0.0,0.0
2026-04-15 05:19:46,29.2,58.6,17.7,53.7,0.0,0.0,0.0
2026-04-15 05:19:51,29.1,58.6,25.9,53.7,0.0,0.0,0.0
2026-04-15 05:19:56,29.0,58.6,36.6,53.7,0.0,0.0,0.0
2026-04-15 05:20:01,29.1,58.6,15.6,53.7,0.0,0.0,0.0
2026-04-15 05:20:06,29.2,58.6,16.5,53.7,0.0,0.0,0.0
2026-04-15 05:20:11,29.1,58.7,14.4,53.7,0.0,0.0,0.0
2026-04-15 05:20:16,29.1,58.8,28.6,53.7,0.0,0.0,0.0
2026-04-15 05:20:21,29.1,58.7,10.2,53.7,0.0,0.0,0.0
2026-04-15 05:20:26,29.0,58.7,6.5,53.7,0.0,0.0,0.0
2026-04-15 05:20:31,29.0,58.8,18.7,53.6,0.0,0.0,0.0
2026-04-15 05:20:36,29.0,58.7,1.4,53.6,0.0,0.0,0.0
2026-04-15 05:20:41,28.9,58.9,8.8,53.6,0.0,0.0,0.0
2026-04-15 05:20:46,28.9,58.9,33.2,53.7,0.0,0.0,0.0
2026-04-15 05:20:51,29.0,58.8,20.3,53.7,0.0,0.0,0.0
2026-04-15 05:20:56,29.0,58.9,1.8,53.7,0.0,0.0,0.0
2026-04-15 05:21:01,29.1,58.8,14.0,53.7,0.0,0.0,0.0
2026-04-15 05:21:06,29.0,58.7,2.8,53.7,0.0,0.0,0.0
2026-04-15 05:21:11,29.1,58.8,9.3,53.7,0.0,0.0,0.0
2026-04-15 05:21:16,29.1,58.7,12.0,53.7,0.0,0.0,0.0
2026-04-15 05:21:21,28.9,58.7,17.9,53.7,0.0,0.0,0.0
2026-04-15 05:21:26,29.0,58.6,19.9,53.7,0.0,0.0,0.0
2026-04-15 05:21:31,29.0,58.8,22.2,53.7,0.0,0.0,0.0
2026-04-15 05:21:36,29.0,58.8,20.1,53.7,0.0,0.0,0.0
2026-04-15 05:21:41,29.0,58.7,0.0,53.7,0.0,0.0,0.0
2026-04-15 05:21:46,29.1,58.5,0.0,53.7,0.0,0.0,0.0
2026-04-15 05:21:51,29.1,58.4,2.9,53.7,0.0,0.0,0.0
2026-04-15 05:21:56,28.9,58.5,8.6,53.7,0.0,0.0,0.0
2026-04-15 05:22:01,29.1,58.4,25.2,53.7,0.0,0.0,0.0
2026-04-15 05:22:06,29.1,58.4,9.7,53.7,0.0,0.0,0.0
2026-04-15 05:22:11,28.9,58.6,1.9,53.7,0.0,0.0,0.0
2026-04-15 05:22:16,29.1,58.5,13.0,53.7,0.0,0.0,0.0
2026-04-15 05:22:21,29.0,58.6,16.1,53.7,0.0,0.0,0.0
2026-04-15 05:22:26,29.0,58.6,27.6,53.7,0.0,0.0,0.0
2026-04-15 05:22:31,29.1,58.6,13.0,53.7,0.0,0.0,0.0
2026-04-15 05:22:36,29.0,58.7,7.6,53.7,0.0,0.0,0.0
2026-04-15 05:22:41,29.2,58.6,3.7,53.7,0.0,0.0,0.0
2026-04-15 05:22:46,28.9,58.6,7.4,53.7,0.0,0.0,0.0
2026-04-15 05:22:51,29.1,58.6,17.0,53.7,0.0,0.0,0.0
2026-04-15 05:22:56,28.9,58.5,2.5,53.7,0.0,0.0,0.0
2026-04-15 05:23:01,28.9,58.6,31.4,53.6,0.0,0.0,0.0
2026-04-15 05:23:06,29.1,58.7,20.3,53.6,0.0,0.0,0.0
2026-04-15 05:23:11,29.1,58.7,24.4,53.7,0.0,0.0,0.0
2026-04-15 05:23:16,29.0,58.6,15.7,53.7,0.0,0.0,0.0
2026-04-15 05:23:21,28.9,58.6,1.6,53.7,0.0,0.0,0.0
2026-04-15 05:23:26,28.9,58.5,18.5,53.7,0.0,0.0,0.0
2026-04-15 05:23:31,29.1,58.6,16.7,53.7,0.0,0.0,0.0
2026-04-15 05:23:36,28.9,58.7,20.2,53.7,0.0,0.0,0.0
2026-04-15 05:23:41,29.0,58.5,23.3,53.7,0.0,0.0,0.0
2026-04-15 05:23:46,29.0,58.5,8.0,53.7,0.0,0.0,0.0
2026-04-15 05:23:51,29.0,58.4,7.5,53.7,0.0,0.0,0.0
2026-04-15 05:23:56,29.1,58.4,12.4,53.7,0.0,0.0,0.0
2026-04-15 05:24:01,28.9,58.5,8.2,53.7,0.0,0.0,0.0
2026-04-15 05:24:06,28.8,58.6,8.1,53.7,0.0,0.0,0.0
2026-04-15 05:24:11,29.0,58.7,0.4,53.7,0.0,0.0,0.0
2026-04-15 05:24:16,28.9,58.7,21.6,53.7,0.0,0.0,0.0
2026-04-15 05:24:21,29.0,58.6,19.3,53.7,0.0,0.0,0.0
2026-04-15 05:24:26,29.0,58.6,29.9,53.7,0.0,0.0,0.0
2026-04-15 05:24:31,28.9,58.7,3.5,53.7,0.0,0.0,0.0
2026-04-15 05:24:36,29.0,58.6,13.3,53.7,0.0,0.0,0.0
2026-04-15 05:24:41,28.9,58.7,18.1,53.7,0.0,0.0,0.0
2026-04-15 05:24:46,29.0,58.8,0.0,53.7,0.0,0.0,0.0
2026-04-15 05:24:51,28.8,58.7,14.7,53.7,0.0,0.0,0.0
2026-04-15 05:24:56,29.0,58.7,34.5,53.7,0.0,0.0,0.0
2026-04-15 05:25:01,29.0,58.7,20.5,53.7,0.0,0.0,0.0
2026-04-15 05:25:06,29.0,58.5,32.0,53.7,0.0,0.0,0.0
2026-04-15 05:25:11,29.0,58.5,29.3,53.7,0.0,0.0,0.0
2026-04-15 05:25:16,29.0,58.5,9.1,53.7,0.0,0.0,0.0
2026-04-15 05:25:21,29.1,58.5,32.3,53.7,0.0,0.0,0.0
2026-04-15 05:25:26,29.0,58.5,13.7,53.7,0.0,0.0,0.0
2026-04-15 05:25:31,28.9,58.6,10.0,53.7,0.0,0.0,0.0
2026-04-15 05:25:36,28.9,58.6,19.2,53.7,0.0,0.0,0.0
2026-04-15 05:25:41,29.0,58.6,34.2,53.7,0.0,0.0,0.0
2026-04-15 05:25:46,28.9,58.7,20.1,53.7,0.0,0.0,0.0
2026-04-15 05:25:51,28.9,58.5,28.3,53.7,0.0,0.0,0.0
2026-04-15 05:25:56,29.0,58.6,17.2,53.7,0.0,0.0,0.0
2026-04-15 05:26:01,29.0,58.6,7.9,53.7,0.0,0.0,0.0
2026-04-15 05:26:06,29.0,58.6,6.7,53.7,0.0,0.0,0.0
2026-04-15 05:26:11,28.9,58.7,15.3,53.7,0.0,0.0,0.0
2026-04-15 05:26:16,29.0,58.7,14.4,53.7,0.0,0.0,0.0
2026-04-15 05:26:21,29.0,58.6,9.8,53.7,0.0,0.0,0.0
2026-04-15 05:26:26,28.9,58.6,26.2,53.7,0.0,0.0,0.0
2026-04-15 05:26:31,28.9,58.6,15.9,53.7,0.0,0.0,0.0
2026-04-15 05:26:36,29.0,58.5,13.6,53.7,0.0,0.0,0.0
2026-04-15 05:26:41,28.9,58.6,18.9,53.7,0.0,0.0,0.0
2026-04-15 05:26:46,29.1,58.7,30.3,53.7,0.0,0.0,0.0
2026-04-15 05:26:51,29.1,58.7,17.3,53.7,0.0,0.0,0.0
2026-04-15 05:26:56,28.9,58.7,5.0,53.7,0.0,0.0,0.0
2026-04-15 05:27:01,28.9,58.6,2.6,53.7,0.0,0.0,0.0
2026-04-15 05:27:06,28.7,58.8,13.4,53.7,0.0,0.0,0.0
2026-04-15 05:27:11,28.9,58.8,14.4,53.7,0.0,0.0,0.0
2026-04-15 05:27:16,28.9,58.8,7.2,53.7,0.0,0.0,0.0
2026-04-15 05:27:21,29.0,58.8,26.2,53.7,0.0,0.0,0.0
2026-04-15 05:27:26,29.1,58.9,0.7,53.7,0.0,0.0,0.0
2026-04-15 05:27:31,29.1,58.8,6.3,53.7,0.0,0.0,0.0
2026-04-15 05:27:36,29.0,58.7,17.5,53.7,0.0,0.0,0.0
2026-04-15 05:27:41,29.0,58.8,19.8,53.7,0.0,0.0,0.0
2026-04-15 05:27:46,28.9,58.8,22.0,53.7,0.0,0.0,0.0
2026-04-15 05:27:51,29.0,58.7,10.8,53.7,0.0,0.0,0.0
2026-04-15 05:27:56,28.9,58.7,16.2,53.7,0.0,0.0,0.0
2026-04-15 05:28:01,28.9,58.9,1.6,53.7,0.0,0.0,0.0
2026-04-15 05:28:06,29.1,58.9,20.9,53.7,0.0,0.0,0.0
2026-04-15 05:28:11,28.9,58.8,14.5,53.7,0.0,0.0,0.0
2026-04-15 05:28:16,28.9,58.7,9.4,53.7,0.0,0.0,0.0
2026-04-15 05:28:21,29.0,58.8,15.4,53.7,0.0,0.0,0.0
2026-04-15 05:28:26,28.9,58.8,29.0,53.7,0.0,0.0,0.0
2026-04-15 05:28:31,28.9,59.0,30.0,53.7,0.0,0.0,0.0
2026-04-15 05:28:36,29.0,59.0,24.1,53.7,0.0,0.0,0.0
2026-04-15 05:28:41,28.8,59.1,9.6,53.7,0.0,0.0,0.0
2026-04-15 05:28:46,28.9,59.1,0.0,53.7,0.0,0.0,0.0
2026-04-15 05:28:51,28.9,59.3,21.9,53.7,0.0,0.0,0.0
2026-04-15 05:28:56,28.9,59.2,14.1,53.7,0.0,0.0,0.0
2026-04-15 05:29:01,28.9,59.3,29.0,53.7,0.0,0.0,0.0
2026-04-15 05:29:06,29.0,59.3,24.3,53.7,0.0,0.0,0.0
2026-04-15 05:29:11,29.0,59.3,20.2,53.7,0.0,0.0,0.0
2026-04-15 05:29:16,28.9,59.4,7.5,53.7,0.0,0.0,0.0
2026-04-15 05:29:21,29.1,59.3,20.8,53.7,0.0,0.0,0.0
2026-04-15 05:29:26,29.0,59.3,13.8,53.7,0.0,0.0,0.0
2026-04-15 05:29:31,29.0,59.2,6.2,53.7,0.0,0.0,0.0
2026-04-15 05:29:36,28.9,59.1,7.2,53.7,0.0,0.0,0.0
2026-04-15 05:29:41,29.0,59.1,21.3,53.7,0.0,0.0,0.0
2026-04-15 05:29:46,29.1,59.2,16.5,53.7,0.0,0.0,0.0
2026-04-15 05:29:51,28.9,59.1,37.4,53.7,0.0,0.0,0.0
2026-04-15 05:29:56,28.9,59.2,17.6,53.7,0.0,0.0,0.0
2026-04-15 05:30:01,29.1,59.3,16.8,53.7,0.0,0.0,0.0
2026-04-15 05:30:06,29.0,59.3,14.7,53.7,0.0,0.0,0.0
2026-04-15 05:30:11,29.1,59.2,3.8,53.7,0.0,0.0,0.0
2026-04-15 05:30:16,29.0,59.2,21.9,53.7,0.0,0.0,0.0
2026-04-15 05:30:21,29.1,59.2,12.3,53.7,0.0,0.0,0.0
2026-04-15 05:30:26,28.9,59.0,11.5,53.7,0.0,0.0,0.0
2026-04-15 05:30:31,29.0,59.1,12.5,53.7,0.0,0.0,0.0
2026-04-15 05:30:36,28.9,59.1,0.0,53.7,0.0,0.0,0.0
2026-04-15 05:30:41,29.1,59.1,9.8,53.7,0.0,0.0,0.0
2026-04-15 05:30:46,29.1,59.1,9.9,53.7,0.0,0.0,0.0
2026-04-15 05:30:51,28.9,59.2,18.5,53.7,0.0,0.0,0.0
2026-04-15 05:30:56,29.1,59.2,22.7,53.7,0.0,0.0,0.0
2026-04-15 05:31:01,28.9,59.1,15.1,53.7,0.0,0.0,0.0
2026-04-15 05:31:06,29.1,59.1,0.0,53.7,0.0,0.0,0.0
2026-04-15 05:31:11,29.0,59.1,6.3,53.7,0.0,0.0,0.0
2026-04-15 05:31:16,28.9,59.0,22.0,53.7,0.0,0.0,0.0
2026-04-15 05:31:21,29.0,58.9,20.0,53.7,0.0,0.0,0.0
2026-04-15 05:31:26,29.0,58.9,6.0,53.7,0.0,0.0,0.0
2026-04-15 05:31:31,29.0,58.9,0.0,53.7,0.0,0.0,0.0
2026-04-15 05:31:36,29.2,58.8,18.0,53.7,0.0,0.0,0.0
2026-04-15 05:31:41,28.9,58.8,3.9,53.7,0.0,0.0,0.0
2026-04-15 05:31:46,29.1,58.7,15.3,53.7,0.0,0.0,0.0
2026-04-15 05:31:51,29.0,58.8,13.1,53.7,0.0,0.0,0.0
2026-04-15 05:31:56,29.0,58.9,18.8,53.7,0.0,0.0,0.0
2026-04-15 05:32:01,28.9,58.9,10.9,53.7,0.0,0.0,0.0
2026-04-15 05:32:06,29.1,58.7,15.7,53.7,0.0,0.0,0.0
2026-04-15 05:32:11,29.0,58.7,0.0,53.7,0.0,0.0,0.0
2026-04-15 05:32:16,28.9,58.8,11.7,53.7,0.0,0.0,0.0
2026-04-15 05:32:21,29.0,58.7,21.6,53.7,0.0,0.0,0.0
2026-04-15 05:32:26,29.0,58.8,15.7,53.6,0.0,0.0,0.0
2026-04-15 05:32:31,29.2,58.7,20.4,53.6,0.0,0.0,0.0
2026-04-15 05:32:36,29.0,58.6,15.3,53.6,0.0,0.0,0.0
2026-04-15 05:32:41,29.0,58.6,24.3,53.6,0.0,0.0,0.0
2026-04-15 05:32:46,29.0,58.6,23.4,53.6,0.0,0.0,0.0
2026-04-15 05:32:51,29.0,58.6,10.7,53.6,0.0,0.0,0.0
2026-04-15 05:32:56,29.0,58.6,27.1,53.6,0.0,0.0,0.0
2026-04-15 05:33:01,29.0,58.5,3.9,53.6,0.0,0.0,0.0
2026-04-15 05:33:06,29.1,58.5,29.1,53.6,0.0,0.0,0.0
2026-04-15 05:33:11,29.0,58.4,13.5,53.6,0.0,0.0,0.0
2026-04-15 05:33:16,29.0,58.5,17.4,53.7,0.0,0.0,0.0
2026-04-15 05:33:21,29.1,58.4,10.8,53.7,0.0,0.0,0.0
2026-04-15 05:33:26,29.2,58.5,23.9,53.7,0.0,0.0,0.0
2026-04-15 05:33:31,29.0,58.5,27.2,53.7,0.0,0.0,0.0
2026-04-15 05:33:36,29.0,58.4,0.0,53.6,0.0,0.0,0.0
2026-04-15 05:33:41,28.9,58.4,12.4,53.6,0.0,0.0,0.0
2026-04-15 05:33:46,29.0,58.5,23.5,53.6,0.0,0.0,0.0
2026-04-15 05:33:51,29.0,58.7,7.4,53.7,0.0,0.0,0.0
2026-04-15 05:33:56,28.9,58.6,11.1,53.7,0.0,0.0,0.0
2026-04-15 05:34:01,29.0,58.5,22.1,53.7,0.0,0.0,0.0
2026-04-15 05:34:06,29.0,58.4,11.9,53.7,0.0,0.0,0.0
2026-04-15 05:34:11,29.0,58.5,30.8,53.6,0.0,0.0,0.0
2026-04-15 05:34:16,28.9,58.5,9.1,53.6,0.0,0.0,0.0
2026-04-15 05:34:21,29.0,58.6,4.9,53.6,0.0,0.0,0.0
2026-04-15 05:34:26,29.1,58.6,10.7,53.6,0.0,0.0,0.0
2026-04-15 05:34:31,29.2,58.5,4.5,53.6,0.0,0.0,0.0
2026-04-15 05:34:36,29.1,58.5,24.9,53.7,0.0,0.0,0.0
2026-04-15 05:34:41,29.0,58.4,18.3,53.7,0.0,0.0,0.0
2026-04-15 05:34:46,29.1,58.4,15.0,53.7,0.0,0.0,0.0
2026-04-15 05:34:51,29.1,58.4,17.6,53.7,0.0,0.0,0.0
2026-04-15 05:34:56,29.1,58.3,35.0,53.7,0.0,0.0,0.0
2026-04-15 05:35:01,29.1,58.4,15.4,53.7,0.0,0.0,0.0
2026-04-15 05:35:06,29.0,58.3,12.9,53.6,0.0,0.0,0.0
2026-04-15 05:35:11,28.9,58.3,15.3,53.6,0.0,0.0,0.0
2026-04-15 05:35:16,28.9,58.3,10.7,53.6,0.0,0.0,0.0
2026-04-15 05:35:21,28.9,58.4,26.4,53.7,0.0,0.0,0.0
2026-04-15 05:35:26,28.9,58.5,18.0,53.7,0.0,0.0,0.0
2026-04-15 05:35:31,29.1,58.5,11.7,53.7,0.0,0.0,0.0
2026-04-15 05:35:36,28.9,58.5,9.5,53.7,0.0,0.0,0.0
2026-04-15 05:35:41,29.1,58.5,19.8,53.7,0.0,0.0,0.0
2026-04-15 05:35:46,28.9,58.5,29.8,53.7,0.0,0.0,0.0
2026-04-15 05:35:51,29.0,58.4,1.3,53.7,0.0,0.0,0.0
2026-04-15 05:35:56,29.0,58.5,0.6,53.7,0.0,0.0,0.0
2026-04-15 05:36:01,29.0,58.5,0.0,53.7,0.0,0.0,0.0
2026-04-15 05:36:06,29.0,58.5,14.9,53.7,0.0,0.0,0.0
2026-04-15 05:36:11,28.9,58.5,29.5,53.7,0.0,0.0,0.0
2026-04-15 05:36:16,28.8,58.6,25.5,53.7,0.0,0.0,0.0
2026-04-15 05:36:21,29.1,58.6,14.9,53.7,0.0,0.0,0.0
2026-04-15 05:36:26,29.0,58.6,0.0,53.7,0.0,0.0,0.0
2026-04-15 05:36:31,28.8,58.7,19.9,53.7,0.0,0.0,0.0
2026-04-15 05:36:36,29.0,58.7,10.0,53.7,0.0,0.0,0.0
2026-04-15 05:36:41,28.9,58.8,9.3,53.7,0.0,0.0,0.0
2026-04-15 05:36:46,29.0,58.8,7.0,53.7,0.0,0.0,0.0
2026-04-15 05:36:51,29.0,58.9,6.8,53.7,0.0,0.0,0.0
2026-04-15 05:36:56,29.0,58.8,2.4,53.7,0.0,0.0,0.0
2026-04-15 05:37:01,29.0,58.7,15.2,53.7,0.0,0.0,0.0
2026-04-15 05:37:06,28.9,58.6,16.4,53.7,0.0,0.0,0.0
2026-04-15 05:37:11,29.0,58.6,15.4,53.7,0.0,0.0,0.0
2026-04-15 05:37:16,29.0,58.7,23.9,53.7,0.0,0.0,0.0
2026-04-15 05:37:21,29.0,58.8,10.7,53.7,0.0,0.0,0.0
2026-04-15 05:37:26,29.0,58.8,7.4,53.7,0.0,0.0,0.0
2026-04-15 05:37:31,29.0,58.8,13.5,53.7,0.0,0.0,0.0
2026-04-15 05:37:36,28.9,58.7,16.6,53.6,0.0,0.0,0.0
2026-04-15 05:37:41,28.9,58.6,24.5,53.6,0.0,0.0,0.0
2026-04-15 05:37:46,28.9,58.6,20.4,53.6,0.0,0.0,0.0
2026-04-15 05:37:51,29.0,58.5,18.5,53.6,0.0,0.0,0.0
2026-04-15 05:37:56,29.0,58.6,27.8,53.7,0.0,0.0,0.0
2026-04-15 05:38:01,28.9,58.7,11.6,53.7,0.0,0.0,0.0
2026-04-15 05:38:06,28.8,58.7,19.3,53.7,0.0,0.0,0.0
2026-04-15 05:38:11,28.8,58.6,20.7,53.7,0.0,0.0,0.0
2026-04-15 05:38:16,28.9,58.7,12.9,53.7,0.0,0.0,0.0
2026-04-15 05:38:21,28.9,58.7,25.4,53.7,0.0,0.0,0.0
2026-04-15 05:38:26,29.0,58.7,14.7,53.7,0.0,0.0,0.0
2026-04-15 05:38:31,29.0,58.7,9.2,53.7,0.0,0.0,0.0
2026-04-15 05:38:36,29.0,58.6,1.9,53.7,0.0,0.0,0.0
2026-04-15 05:38:41,28.7,58.5,9.4,53.7,0.0,0.0,0.0
2026-04-15 05:38:46,29.0,58.6,30.6,53.7,0.0,0.0,0.0
2026-04-15 05:38:51,28.8,58.5,14.6,53.7,0.0,0.0,0.0
2026-04-15 05:38:56,28.9,58.4,21.5,53.7,0.0,0.0,0.0
2026-04-15 05:39:01,28.8,58.4,18.0,53.7,0.0,0.0,0.0
2026-04-15 05:39:06,28.9,58.3,12.9,53.7,0.0,0.0,0.0
2026-04-15 05:39:11,28.9,58.3,29.1,53.6,0.0,0.0,0.0
2026-04-15 05:39:16,29.0,58.4,24.4,53.6,0.0,0.0,0.0
2026-04-15 05:39:21,28.9,58.4,10.1,53.7,0.0,0.0,0.0
2026-04-15 05:39:26,28.9,58.4,32.4,53.7,0.0,0.0,0.0
2026-04-15 05:39:31,28.8,58.3,17.9,53.7,0.0,0.0,0.0
2026-04-15 05:39:36,28.7,58.3,14.9,53.7,0.0,0.0,0.0
2026-04-15 05:39:41,28.8,58.3,3.7,53.7,0.0,0.0,0.0
2026-04-15 05:39:46,28.9,58.3,3.6,53.7,0.0,0.0,0.0
2026-04-15 05:39:51,28.6,58.3,34.6,53.7,0.0,0.0,0.0
2026-04-15 05:39:56,28.8,58.4,37.8,53.7,0.0,0.0,0.0
2026-04-15 05:40:01,29.0,58.5,9.4,53.7,0.0,0.0,0.0
2026-04-15 05:40:06,28.9,58.5,3.4,53.7,0.0,0.0,0.0
2026-04-15 05:40:11,28.9,58.5,11.6,53.7,0.0,0.0,0.0
2026-04-15 05:40:16,28.8,58.5,17.3,53.7,0.0,0.0,0.0
2026-04-15 05:40:21,28.8,58.6,15.6,53.7,0.0,0.0,0.0
2026-04-15 05:40:26,29.0,58.5,9.2,53.7,0.0,0.0,0.0
2026-04-15 05:40:31,28.8,58.5,2.7,53.7,0.0,0.0,0.0
2026-04-15 05:40:36,28.8,58.5,7.0,53.7,0.0,0.0,0.0
2026-04-15 05:40:41,29.0,58.5,13.5,53.7,0.0,0.0,0.0
2026-04-15 05:40:46,28.9,58.6,12.6,53.7,0.0,0.0,0.0
2026-04-15 05:40:51,28.9,58.7,21.1,53.7,0.0,0.0,0.0
2026-04-15 05:40:56,28.8,58.7,36.0,53.7,0.0,0.0,0.0
2026-04-15 05:41:01,29.0,58.7,20.2,53.7,0.0,0.0,0.0
2026-04-15 05:41:06,28.9,58.6,22.3,53.7,0.0,0.0,0.0
2026-04-15 05:41:11,28.9,58.5,7.5,53.7,0.0,0.0,0.0
2026-04-15 05:41:16,28.9,58.4,24.1,53.7,0.0,0.0,0.0
2026-04-15 05:41:21,28.9,58.4,21.4,53.7,0.0,0.0,0.0
2026-04-15 05:41:26,28.9,58.5,16.2,53.7,0.0,0.0,0.0
2026-04-15 05:41:31,28.9,58.6,9.2,53.7,0.0,0.0,0.0
2026-04-15 05:41:36,29.0,58.6,21.6,53.7,0.0,0.0,0.0
2026-04-15 05:41:41,28.9,58.6,0.0,53.7,0.0,0.0,0.0
2026-04-15 05:41:46,28.9,58.5,23.0,53.7,0.0,0.0,0.0
2026-04-15 05:41:51,29.0,58.4,14.7,53.7,0.0,0.0,0.0
2026-04-15 05:41:56,29.0,58.3,9.7,53.7,0.0,0.0,0.0
2026-04-15 05:42:01,28.9,58.3,28.2,53.7,0.0,0.0,0.0
2026-04-15 05:42:06,28.9,58.5,16.7,53.7,0.0,0.0,0.0
2026-04-15 05:42:11,29.0,58.4,19.4,53.6,0.0,0.0,0.0
2026-04-15 05:42:16,28.8,58.3,21.1,53.6,0.0,0.0,0.0
2026-04-15 05:42:21,28.8,58.3,10.8,53.7,0.0,0.0,0.0
2026-04-15 05:42:26,28.9,58.3,4.7,53.7,0.0,0.0,0.0
2026-04-15 05:42:31,28.9,58.4,8.1,53.7,0.0,0.0,0.0
2026-04-15 05:42:36,28.8,58.4,10.3,53.7,0.0,0.0,0.0
2026-04-15 05:42:41,28.9,58.4,3.8,53.7,0.0,0.0,0.0
2026-04-15 05:42:46,28.9,58.3,17.8,53.6,0.0,0.0,0.0
2026-04-15 05:42:51,28.9,58.2,26.4,53.6,0.0,0.0,0.0
2026-04-15 05:42:56,28.9,58.3,12.1,53.6,0.0,0.0,0.0
2026-04-15 05:43:01,28.9,58.5,27.2,53.6,0.0,0.0,0.0
2026-04-15 05:43:06,28.9,58.4,28.6,53.7,0.0,0.0,0.0
2026-04-15 05:43:11,28.9,58.3,22.7,53.7,0.0,0.0,0.0
2026-04-15 05:43:16,28.9,58.3,0.0,53.7,0.0,0.0,0.0
2026-04-15 05:43:21,28.8,58.2,16.0,53.7,0.0,0.0,0.0
2026-04-15 05:43:26,28.9,58.3,1.2,53.7,0.0,0.0,0.0
2026-04-15 05:43:31,28.9,58.2,24.2,53.7,0.0,0.0,0.0
2026-04-15 05:43:36,29.0,58.0,25.4,53.7,0.0,0.0,0.0
2026-04-15 05:43:41,28.9,58.1,15.0,53.7,0.0,0.0,0.0
2026-04-15 05:43:46,29.0,58.1,3.4,53.7,0.0,0.0,0.0
2026-04-15 05:43:51,28.8,58.1,25.0,53.6,0.0,0.0,0.0
2026-04-15 05:43:56,29.0,58.1,0.0,53.6,0.0,0.0,0.0
2026-04-15 05:44:01,28.8,58.1,16.4,53.6,0.0,0.0,0.0
2026-04-15 05:44:06,28.9,58.0,13.9,53.7,0.0,0.0,0.0
2026-04-15 05:44:11,28.7,57.9,16.2,53.7,0.0,0.0,0.0
2026-04-15 05:44:16,28.9,58.0,24.6,53.7,0.0,0.0,0.0
2026-04-15 05:44:21,28.9,58.0,,53.7,0.0,0.0,0.0
2026-04-15 05:44:26,28.9,58.3,7.3,53.7,0.0,0.0,0.0
2026-04-15 05:44:31,29.0,58.3,11.6,53.6,0.0,0.0,0.0
2026-04-15 05:44:36,29.0,58.2,24.0,53.6,0.0,0.0,0.0
2026-04-15 05:44:41,28.8,58.2,8.9,53.6,0.0,0.0,0.0
2026-04-15 05:44:46,28.8,58.2,4.8,53.6,0.0,0.0,0.0
2026-04-15 05:44:51,28.8,58.1,0.0,53.6,0.0,0.0,0.0
2026-04-15 05:44:56,28.9,58.2,22.9,53.7,0.0,0.0,0.0
2026-04-15 05:45:01,29.0,58.4,16.4,53.7,0.0,0.0,0.0
2026-04-15 05:45:06,28.9,58.3,10.8,53.6,0.0,0.0,0.0
2026-04-15 05:45:11,28.9,58.3,32.5,53.6,0.0,0.0,0.0
2026-04-15 05:45:16,28.9,58.2,23.8,53.7,0.0,0.0,0.0
2026-04-15 05:45:21,29.0,58.3,34.3,53.7,0.0,0.0,0.0
2026-04-15 05:45:26,28.9,58.4,15.1,53.7,0.0,0.0,0.0
2026-04-15 05:45:31,28.8,58.5,41.9,53.7,0.0,0.0,0.0
2026-04-15 05:45:36,29.0,58.5,28.1,53.7,0.0,0.0,0.0
2026-04-15 05:45:41,29.0,58.5,5.2,53.7,0.0,0.0,0.0
2026-04-15 05:45:46,28.8,58.5,19.7,53.7,0.0,0.0,0.0
2026-04-15 05:45:51,28.9,58.6,16.4,53.7,0.0,0.0,0.0
2026-04-15 05:45:56,28.7,58.6,1.9,53.7,0.0,0.0,0.0
2026-04-15 05:46:01,28.9,58.6,7.0,53.7,0.0,0.0,0.0
2026-04-15 05:46:06,29.0,58.6,6.5,53.7,0.0,0.0,0.0
2026-04-15 05:46:11,28.9,58.5,16.6,53.7,0.0,0.0,0.0
2026-04-15 05:46:16,28.7,58.5,17.4,53.7,0.0,0.0,0.0
2026-04-15 05:46:21,28.8,58.4,24.8,53.7,0.0,0.0,0.0
2026-04-15 05:46:26,28.8,58.3,0.0,53.7,0.0,0.0,0.0
2026-04-15 05:46:31,28.8,58.4,11.9,53.7,0.0,0.0,0.0
2026-04-15 05:46:36,28.9,58.5,16.6,53.7,0.0,0.0,0.0
2026-04-15 05:46:41,28.9,58.5,14.0,53.7,0.0,0.0,0.0
2026-04-15 05:46:46,29.0,58.5,18.9,53.7,0.0,0.0,0.0
2026-04-15 05:46:51,28.8,58.7,24.2,53.7,0.0,0.0,0.0
2026-04-15 05:46:56,28.9,58.8,20.3,53.7,0.0,0.0,0.0
2026-04-15 05:47:01,28.9,58.8,4.3,53.7,0.0,0.0,0.0
2026-04-15 05:47:06,28.8,58.8,17.9,53.7,0.0,0.0,0.0
2026-04-15 05:47:11,28.9,58.7,14.0,53.7,0.0,0.0,0.0
2026-04-15 05:47:16,28.9,58.6,17.1,53.7,0.0,0.0,0.0
2026-04-15 05:47:21,28.8,58.6,10.4,53.7,0.0,0.0,0.0
2026-04-15 05:47:26,28.8,58.7,16.1,53.7,0.0,0.0,0.0
2026-04-15 05:47:31,28.9,58.7,5.0,53.7,0.0,0.0,0.0
2026-04-15 05:47:36,29.1,58.7,30.6,53.7,0.0,0.0,0.0
2026-04-15 05:47:41,28.9,58.8,15.2,53.7,0.0,0.0,0.0
2026-04-15 05:47:46,29.0,58.8,13.6,53.7,0.0,0.0,0.0
2026-04-15 05:47:51,28.9,58.7,6.1,53.7,0.0,0.0,0.0
2026-04-15 05:47:56,28.8,58.6,13.3,53.7,0.0,0.0,0.0
2026-04-15 05:48:01,29.0,58.5,19.4,53.7,0.0,0.0,0.0
2026-04-15 05:48:06,28.9,58.6,5.2,53.7,0.0,0.0,0.0
2026-04-15 05:48:11,28.8,58.6,21.6,53.7,0.0,0.0,0.0
2026-04-15 05:48:16,28.9,58.6,24.9,53.7,0.0,0.0,0.0
2026-04-15 05:48:21,28.9,58.5,15.3,53.7,0.0,0.0,0.0
2026-04-15 05:48:26,29.0,58.5,23.5,53.7,0.0,0.0,0.0
2026-04-15 05:48:31,29.0,58.6,25.8,53.7,0.0,0.0,0.0
2026-04-15 05:48:36,29.0,58.6,12.4,53.7,0.0,0.0,0.0
2026-04-15 05:48:41,28.8,58.6,33.2,53.7,0.0,0.0,0.0
2026-04-15 05:48:46,28.9,58.6,12.0,53.7,0.0,0.0,0.0
2026-04-15 05:48:51,29.0,58.5,0.0,53.7,0.0,0.0,0.0
2026-04-15 05:48:56,28.9,58.4,23.4,53.7,0.0,0.0,0.0
2026-04-15 05:49:01,28.8,58.5,31.8,53.7,0.0,0.0,0.0
2026-04-15 05:49:06,28.9,58.2,11.8,53.7,0.0,0.0,0.0
2026-04-15 05:49:11,28.9,58.1,2.9,53.7,0.0,0.0,0.0
2026-04-15 05:49:16,29.0,58.2,11.8,53.7,0.0,0.0,0.0
2026-04-15 05:49:21,28.9,58.2,10.1,53.7,0.0,0.0,0.0
2026-04-15 05:49:26,28.8,58.2,11.7,53.7,0.0,0.0,0.0
2026-04-15 05:49:31,28.9,58.2,5.8,53.7,0.0,0.0,0.0
2026-04-15 05:49:36,28.8,58.4,4.4,53.7,0.0,0.0,0.0
2026-04-15 05:49:41,28.8,58.4,11.6,53.7,0.0,0.0,0.0
2026-04-15 05:49:46,29.0,58.4,15.2,53.7,0.0,0.0,0.0
2026-04-15 05:49:51,28.8,58.3,41.2,53.7,0.0,0.0,0.0
2026-04-15 05:49:56,28.8,58.3,20.9,53.7,0.0,0.0,0.0
2026-04-15 05:50:01,28.9,58.3,22.0,53.7,0.0,0.0,0.0
2026-04-15 05:50:06,28.9,58.2,26.7,53.7,0.0,0.0,0.0
2026-04-15 05:50:11,28.8,58.3,25.6,53.6,0.0,0.0,0.0
2026-04-15 05:50:16,28.9,58.2,3.0,53.6,0.0,0.0,0.0
2026-04-15 05:50:21,28.9,58.2,15.7,53.6,0.0,0.0,0.0
2026-04-15 05:50:26,28.9,58.4,25.7,53.6,0.0,0.0,0.0
2026-04-15 05:50:31,28.8,58.5,29.7,53.6,0.0,0.0,0.0
2026-04-15 05:50:36,28.9,58.5,13.0,53.6,0.0,0.0,0.0
2026-04-15 05:50:41,29.0,58.4,0.0,53.6,0.0,0.0,0.0
2026-04-15 05:50:46,28.9,58.4,19.3,53.6,0.0,0.0,0.0
2026-04-15 05:50:51,28.9,58.4,12.8,53.6,0.0,0.0,0.0
2026-04-15 05:50:56,28.8,58.3,12.2,53.6,0.0,0.0,0.0
2026-04-15 05:51:01,28.8,58.4,11.4,53.6,0.0,0.0,0.0
2026-04-15 05:51:06,28.7,58.4,0.0,53.6,0.0,0.0,0.0
2026-04-15 05:51:11,29.0,58.5,0.0,53.6,0.0,0.0,0.0
2026-04-15 05:51:16,28.9,58.6,13.4,53.6,0.0,0.0,0.0
2026-04-15 05:51:21,28.9,58.5,8.3,53.6,0.0,0.0,0.0
2026-04-15 05:51:26,28.8,58.6,12.2,53.6,0.0,0.0,0.0
2026-04-15 05:51:31,28.8,58.6,15.5,53.6,0.0,0.0,0.0
2026-04-15 05:51:36,28.9,58.6,16.5,53.6,0.0,0.0,0.0
2026-04-15 05:51:41,28.9,58.6,0.0,53.6,0.0,0.0,0.0
2026-04-15 05:51:46,28.9,58.6,10.3,53.6,0.0,0.0,0.0
2026-04-15 05:51:51,28.9,58.5,32.3,53.6,0.0,0.0,0.0
2026-04-15 05:51:56,28.9,58.4,31.2,53.6,0.0,0.0,0.0
2026-04-15 05:52:01,28.8,58.4,19.9,53.6,0.0,0.0,0.0
2026-04-15 05:52:06,28.9,58.4,18.2,53.6,0.0,0.0,0.0
2026-04-15 05:52:11,29.1,58.5,11.4,53.6,0.0,0.0,0.0
2026-04-15 05:52:16,28.9,58.4,18.7,53.6,0.0,0.0,0.0
2026-04-15 05:52:21,28.8,58.4,16.3,53.6,0.0,0.0,0.0
2026-04-15 05:52:26,28.7,58.3,38.5,53.6,0.0,0.0,0.0
2026-04-15 05:52:31,28.9,58.2,24.2,53.6,0.0,0.0,0.0
2026-04-15 05:52:36,29.0,58.2,0.0,53.6,0.0,0.0,0.0
2026-04-15 05:52:41,28.9,58.2,8.9,53.6,0.0,0.0,0.0
2026-04-15 05:52:46,28.8,58.3,23.7,53.6,0.0,0.0,0.0
2026-04-15 05:52:51,28.9,58.3,15.2,53.6,0.0,0.0,0.0
2026-04-15 05:52:56,28.8,58.3,3.5,53.6,0.0,0.0,0.0
2026-04-15 05:53:01,28.9,58.5,20.7,53.7,0.0,0.0,0.0
2026-04-15 05:53:06,28.9,58.5,15.9,53.7,0.0,0.0,0.0
2026-04-15 05:53:11,28.9,58.6,14.8,53.7,0.0,0.0,0.0
2026-04-15 05:53:16,28.9,58.5,4.8,53.7,0.0,0.0,0.0
2026-04-15 05:53:21,28.8,58.4,23.5,53.7,0.0,0.0,0.0
2026-04-15 05:53:26,28.8,58.3,17.9,53.6,0.0,0.0,0.0
2026-04-15 05:53:31,28.9,58.3,8.0,53.6,0.0,0.0,0.0
2026-04-15 05:53:36,28.6,58.4,11.0,53.6,0.0,0.0,0.0
2026-04-15 05:53:41,28.8,58.3,0.2,53.6,0.0,0.0,0.0
2026-04-15 05:53:46,28.8,58.3,14.8,53.6,0.0,0.0,0.0
2026-04-15 05:53:51,28.9,58.4,2.3,53.6,0.0,0.0,0.0
2026-04-15 05:53:56,29.1,58.5,14.0,53.7,0.0,0.0,0.0
2026-04-15 05:54:01,28.8,58.6,28.6,53.7,0.0,0.0,0.0
2026-04-15 05:54:06,28.9,58.5,22.5,53.7,0.0,0.0,0.0
2026-04-15 05:54:11,28.8,58.6,10.9,53.7,0.0,0.0,0.0
2026-04-15 05:54:16,28.7,58.6,7.8,53.6,0.0,0.0,0.0
2026-04-15 05:54:21,28.9,58.6,24.1,53.6,0.0,0.0,0.0
2026-04-15 05:54:26,28.9,58.5,2.6,53.6,0.0,0.0,0.0
2026-04-15 05:54:31,28.8,58.5,17.0,53.6,0.0,0.0,0.0
2026-04-15 05:54:36,28.8,58.5,0.0,53.6,0.0,0.0,0.0
2026-04-15 05:54:41,28.9,58.4,11.4,53.6,0.0,0.0,0.0
2026-04-15 05:54:46,28.9,58.4,11.4,53.6,0.0,0.0,0.0
2026-04-15 05:54:51,28.7,58.4,29.6,53.6,0.0,0.0,0.0
2026-04-15 05:54:56,28.9,58.5,18.6,53.6,0.0,0.0,0.0
2026-04-15 05:55:01,28.9,58.6,17.5,53.6,0.0,0.0,0.0
2026-04-15 05:55:06,28.8,58.7,22.8,53.6,0.0,0.0,0.0
2026-04-15 05:55:11,29.0,58.5,16.0,53.6,0.0,0.0,0.0
2026-04-15 05:55:16,28.9,58.6,14.7,53.6,0.0,0.0,0.0
2026-04-15 05:55:21,28.9,58.8,12.0,53.7,0.0,0.0,0.0
2026-04-15 05:55:26,28.7,58.7,14.9,53.7,0.0,0.0,0.0
2026-04-15 05:55:31,28.8,58.6,11.5,53.6,0.0,0.0,0.0
2026-04-15 05:55:36,28.7,58.6,12.1,53.6,0.0,0.0,0.0
2026-04-15 05:55:41,28.7,58.6,22.4,53.6,0.0,0.0,0.0
2026-04-15 05:55:46,28.9,58.5,40.4,53.7,0.0,0.0,0.0
2026-04-15 05:55:51,28.9,58.6,11.5,53.7,0.0,0.0,0.0
2026-04-15 05:55:56,28.7,58.5,0.7,53.7,0.0,0.0,0.0
2026-04-15 05:56:01,28.9,58.6,1.2,53.7,0.0,0.0,0.0
2026-04-15 05:56:06,28.9,58.5,2.0,53.7,0.0,0.0,0.0
2026-04-15 05:56:11,28.9,58.6,22.7,53.7,0.0,0.0,0.0
2026-04-15 05:56:16,28.8,58.6,14.6,53.6,0.0,0.0,0.0
2026-04-15 05:56:21,28.9,58.7,0.0,53.6,0.0,0.0,0.0
2026-04-15 05:56:26,28.9,58.7,18.2,53.7,0.0,0.0,0.0
2026-04-15 05:56:31,28.9,58.8,31.2,53.7,0.0,0.0,0.0
2026-04-15 05:56:36,28.5,58.8,6.4,53.7,0.0,0.0,0.0
2026-04-15 05:56:41,28.6,58.7,25.4,53.7,0.0,0.0,0.0
2026-04-15 05:56:46,28.9,58.6,22.6,53.7,0.0,0.0,0.0
2026-04-15 05:56:51,28.8,58.5,2.2,53.7,0.0,0.0,0.0
2026-04-15 05:56:56,28.7,58.4,20.8,53.7,0.0,0.0,0.0
2026-04-15 05:57:01,28.9,58.4,13.4,53.6,0.0,0.0,0.0
2026-04-15 05:57:06,28.8,58.7,20.5,53.6,0.0,0.0,0.0
2026-04-15 05:57:11,28.9,58.7,25.3,53.7,0.0,0.0,0.0
2026-04-15 05:57:16,28.7,58.7,24.3,53.7,0.0,0.0,0.0
2026-04-15 05:57:21,28.9,58.7,14.5,53.7,0.0,0.0,0.0
2026-04-15 05:57:26,28.9,58.7,21.9,53.7,0.0,0.0,0.0
2026-04-15 05:57:31,28.8,58.8,13.0,53.7,0.0,0.0,0.0
2026-04-15 05:57:36,28.9,58.9,14.8,53.6,0.0,0.0,0.0
2026-04-15 05:57:41,28.7,58.9,14.3,53.6,0.0,0.0,0.0
2026-04-15 05:57:46,28.9,58.7,18.0,53.6,0.0,0.0,0.0
2026-04-15 05:57:51,28.8,58.8,33.1,53.7,0.0,0.0,0.0
2026-04-15 05:57:56,28.9,58.8,7.8,53.7,0.0,0.0,0.0
2026-04-15 05:58:01,28.7,58.7,20.9,53.7,0.0,0.0,0.0
2026-04-15 05:58:06,28.8,58.7,17.2,53.7,0.0,0.0,0.0
2026-04-15 05:58:11,28.9,58.6,12.9,53.7,0.0,0.0,0.0
2026-04-15 05:58:16,28.7,58.6,5.0,53.7,0.0,0.0,0.0
2026-04-15 05:58:21,28.9,58.7,1.7,53.7,0.0,0.0,0.0
2026-04-15 05:58:26,28.8,58.7,16.5,53.7,0.0,0.0,0.0
2026-04-15 05:58:31,28.8,58.7,16.4,53.7,0.0,0.0,0.0
2026-04-15 05:58:36,28.9,58.7,8.9,53.7,0.0,0.0,0.0
2026-04-15 05:58:41,28.8,58.7,28.3,53.7,0.0,0.0,0.0
2026-04-15 05:58:46,28.9,58.6,10.7,53.7,0.0,0.0,0.0
2026-04-15 05:58:51,29.0,58.5,3.9,53.7,0.0,0.0,0.0
2026-04-15 05:58:56,28.8,58.6,12.8,53.7,0.0,0.0,0.0
2026-04-15 05:59:01,29.0,58.5,18.5,53.7,0.0,0.0,0.0
2026-04-15 05:59:06,29.0,58.5,11.4,53.7,0.0,0.0,0.0
2026-04-15 05:59:11,29.1,58.4,12.5,53.7,0.0,0.0,0.0
2026-04-15 05:59:16,29.0,58.6,0.0,53.7,0.0,0.0,0.0
2026-04-15 05:59:21,28.9,58.5,16.6,53.7,0.0,0.0,0.0
2026-04-15 05:59:26,28.9,58.6,39.0,53.7,0.0,0.0,0.0
2026-04-15 05:59:31,28.9,58.5,6.0,53.7,0.0,0.0,0.0
2026-04-15 05:59:36,28.9,58.6,22.2,53.7,0.0,0.0,0.0
2026-04-15 05:59:41,28.9,58.6,3.4,53.7,0.0,0.0,0.0
2026-04-15 05:59:46,29.0,58.7,6.7,53.7,0.0,0.0,0.0
2026-04-15 05:59:51,28.9,58.7,9.4,53.7,0.0,0.0,0.0
2026-04-15 05:59:56,28.9,58.7,17.7,53.7,0.0,0.0,0.0
2026-04-15 06:00:01,28.9,58.5,16.3,53.7,0.0,0.0,0.0
2026-04-15 06:00:06,28.8,58.4,17.1,53.7,0.0,0.0,0.0
2026-04-15 06:00:11,28.9,58.4,4.8,53.7,0.0,0.0,0.0
2026-04-15 06:00:16,28.9,58.5,13.2,53.7,0.0,0.0,0.0
2026-04-15 06:00:21,28.9,58.6,26.7,53.7,0.0,0.0,0.0
2026-04-15 06:00:26,28.8,58.6,5.9,53.7,0.0,0.0,0.0
2026-04-15 06:00:31,28.8,58.6,17.3,53.7,0.0,0.0,0.0
2026-04-15 06:00:36,28.9,58.6,9.0,53.7,0.0,0.0,0.0
2026-04-15 06:00:41,28.8,58.6,22.3,53.7,0.0,0.0,0.0
2026-04-15 06:00:46,28.7,58.7,12.0,53.7,0.0,0.0,0.0
2026-04-15 06:00:51,28.8,58.8,8.7,53.7,0.0,0.0,0.0
2026-04-15 06:00:56,28.7,58.8,6.5,53.7,0.0,0.0,0.0
2026-04-15 06:01:01,28.7,58.7,8.7,53.7,0.0,0.0,0.0
2026-04-15 06:01:06,28.9,58.6,2.8,53.7,0.0,0.0,0.0
2026-04-15 06:01:11,28.7,58.7,15.3,53.7,0.0,0.0,0.0
2026-04-15 06:01:16,28.8,58.7,17.1,53.8,0.0,0.0,0.0
2026-04-15 06:01:21,28.9,58.6,23.1,53.8,0.0,0.0,0.0
2026-04-15 06:01:26,28.8,58.7,17.6,53.8,0.0,0.0,0.0
2026-04-15 06:01:31,28.9,58.7,24.1,53.7,0.0,0.0,0.0
2026-04-15 06:01:36,28.8,58.8,5.1,53.7,0.0,0.0,0.0
2026-04-15 06:01:41,28.9,58.8,22.5,53.7,0.0,0.0,0.0
2026-04-15 06:01:46,28.8,58.8,21.2,53.7,0.0,0.0,0.0
2026-04-15 06:01:51,28.8,58.7,12.4,53.7,0.0,0.0,0.0
2026-04-15 06:01:56,28.9,58.8,18.1,53.7,0.0,0.0,0.0
2026-04-15 06:02:01,28.8,58.7,9.7,53.7,0.0,0.0,0.0
2026-04-15 06:02:06,28.9,58.9,27.1,53.7,0.0,0.0,0.0
2026-04-15 06:02:11,28.9,58.9,4.0,53.7,0.0,0.0,0.0
2026-04-15 06:02:16,28.8,58.9,13.4,53.7,0.0,0.0,0.0
2026-04-15 06:02:21,28.9,59.0,26.6,53.7,0.0,0.0,0.0
2026-04-15 06:02:26,29.0,59.0,28.0,53.7,0.0,0.0,0.0
2026-04-15 06:02:31,28.9,59.1,0.0,53.7,0.0,0.0,0.0
2026-04-15 06:02:36,29.0,59.2,15.0,53.7,0.0,0.0,0.0
2026-04-15 06:02:41,28.8,59.2,18.5,53.7,0.0,0.0,0.0
2026-04-15 06:02:46,28.9,59.1,21.9,53.7,0.0,0.0,0.0
2026-04-15 06:02:51,28.8,59.0,1.2,53.7,0.0,0.0,0.0
2026-04-15 06:02:56,28.9,58.9,17.6,53.7,0.0,0.0,0.0
2026-04-15 06:03:01,28.9,58.8,38.8,53.7,0.0,0.0,0.0
2026-04-15 06:03:06,28.8,58.9,12.3,53.7,0.0,0.0,0.0
2026-04-15 06:03:11,28.8,58.8,13.7,53.7,0.0,0.0,0.0
2026-04-15 06:03:16,28.9,58.6,22.4,53.7,0.0,0.0,0.0
2026-04-15 06:03:21,28.8,58.6,15.8,53.7,0.0,0.0,0.0
2026-04-15 06:03:26,28.9,58.6,13.8,53.7,0.0,0.0,0.0
2026-04-15 06:03:31,28.9,58.7,10.0,53.7,0.0,0.0,0.0
2026-04-15 06:03:36,28.9,58.6,29.7,53.7,0.0,0.0,0.0
2026-04-15 06:03:41,28.7,58.6,0.0,53.7,0.0,0.0,0.0
2026-04-15 06:03:46,28.8,58.6,17.8,53.7,0.0,0.0,0.0
2026-04-15 06:03:51,28.7,58.5,31.9,53.7,0.0,0.0,0.0
2026-04-15 06:03:56,28.9,58.6,11.2,53.7,0.0,0.0,0.0
2026-04-15 06:04:01,28.8,58.6,13.1,53.7,0.0,0.0,0.0
2026-04-15 06:04:06,29.0,58.5,25.8,53.7,0.0,0.0,0.0
2026-04-15 06:04:11,28.8,58.4,12.5,53.7,0.0,0.0,0.0
2026-04-15 06:04:16,28.9,58.4,20.3,53.6,0.0,0.0,0.0
2026-04-15 06:04:21,28.9,58.3,19.3,53.6,0.0,0.0,0.0
2026-04-15 06:04:26,28.8,58.4,14.1,53.7,0.0,0.0,0.0
2026-04-15 06:04:31,28.9,58.3,0.0,53.8,0.0,0.0,0.0
2026-04-15 06:04:36,28.9,58.4,32.6,53.8,0.0,0.0,0.0
2026-04-15 06:04:41,29.0,58.5,33.5,53.8,0.0,0.0,0.0
2026-04-15 06:04:46,28.8,58.5,14.1,53.7,0.0,0.0,0.0
2026-04-15 06:04:51,28.9,58.5,25.5,53.7,0.0,0.0,0.0
2026-04-15 06:04:56,28.9,58.5,18.9,53.7,0.0,0.0,0.0
2026-04-15 06:05:01,28.8,58.4,8.3,53.7,0.0,0.0,0.0
2026-04-15 06:05:06,28.9,58.5,41.4,53.7,0.0,0.0,0.0
2026-04-15 06:05:11,28.9,58.5,6.8,53.7,0.0,0.0,0.0
2026-04-15 06:05:16,28.9,58.7,29.1,53.7,0.0,0.0,0.0
2026-04-15 06:05:21,29.0,58.5,25.9,53.7,0.0,0.0,0.0
2026-04-15 06:05:26,28.9,58.4,20.0,53.7,0.0,0.0,0.0
2026-04-15 06:05:31,28.8,58.6,25.0,53.7,0.0,0.0,0.0
2026-04-15 06:05:36,28.9,58.5,17.1,53.7,0.0,0.0,0.0
2026-04-15 06:05:41,28.9,58.4,36.8,53.7,0.0,0.0,0.0
2026-04-15 06:05:46,28.8,58.5,21.5,53.7,0.0,0.0,0.0
2026-04-15 06:05:51,28.9,58.5,35.5,53.7,0.0,0.0,0.0
2026-04-15 06:05:56,28.8,58.5,13.8,53.7,0.0,0.0,0.0
2026-04-15 06:06:01,28.9,58.4,21.5,53.7,0.0,0.0,0.0
2026-04-15 06:06:06,28.8,58.3,27.7,53.7,0.0,0.0,0.0
2026-04-15 06:06:11,28.9,58.2,32.6,53.7,0.0,0.0,0.0
2026-04-15 06:06:16,28.8,58.1,8.3,53.7,0.0,0.0,0.0
2026-04-15 06:06:21,28.9,58.1,14.6,53.7,0.0,0.0,0.0
2026-04-15 06:06:26,28.8,58.2,21.6,53.7,0.0,0.0,0.0
2026-04-15 06:06:31,29.0,58.1,17.9,53.7,0.0,0.0,0.0
2026-04-15 06:06:36,28.7,58.2,39.7,53.7,0.0,0.0,0.0
2026-04-15 06:06:41,28.9,58.1,35.6,53.7,0.0,0.0,0.0
2026-04-15 06:06:46,28.9,58.1,23.5,53.7,0.0,0.0,0.0
2026-04-15 06:06:51,28.8,58.1,22.6,53.7,0.0,0.0,0.0
2026-04-15 06:06:56,29.0,58.1,16.3,53.7,0.0,0.0,0.0
2026-04-15 06:07:01,28.9,58.0,27.7,53.7,0.0,0.0,0.0
2026-04-15 06:07:06,28.8,58.1,37.8,53.7,0.0,0.0,0.0
2026-04-15 06:07:11,28.9,58.0,27.5,53.7,0.0,0.0,0.0
2026-04-15 06:07:16,29.1,58.0,21.6,53.7,0.0,0.0,0.0
2026-04-15 06:07:21,28.8,58.1,13.3,53.7,0.0,0.0,0.0
2026-04-15 06:07:26,28.8,58.2,29.0,53.7,0.0,0.0,0.0
2026-04-15 06:07:31,28.9,58.1,24.4,53.7,0.0,0.0,0.0
2026-04-15 06:07:36,29.0,58.1,18.3,53.7,0.0,0.0,0.0
2026-04-15 06:07:41,28.9,58.1,10.9,53.7,0.0,0.0,0.0
2026-04-15 06:07:46,29.0,58.1,31.2,53.7,0.0,0.0,0.0
2026-04-15 06:07:51,28.7,58.1,24.9,53.7,0.0,0.0,0.0
2026-04-15 06:07:56,28.8,58.1,33.2,53.7,0.0,0.0,0.0
2026-04-15 06:08:01,29.1,58.0,26.0,53.7,0.0,0.0,0.0
2026-04-15 06:08:06,28.9,58.0,36.0,53.7,0.0,0.0,0.0
2026-04-15 06:08:11,28.9,57.9,22.8,53.7,0.0,0.0,0.0
2026-04-15 06:08:16,28.8,57.8,29.7,53.7,0.0,0.0,0.0
2026-04-15 06:08:21,28.9,57.8,23.8,53.7,0.0,0.0,0.0
2026-04-15 06:08:26,28.9,57.9,25.4,53.7,0.0,0.0,0.0
2026-04-15 06:08:31,29.0,58.0,20.8,53.7,0.0,0.0,0.0
2026-04-15 06:08:36,29.0,57.9,38.3,53.7,0.0,0.0,0.0
2026-04-15 06:08:41,28.9,57.9,33.4,53.7,0.0,0.0,0.0
2026-04-15 06:08:46,28.8,57.9,30.4,53.7,0.0,0.0,0.0
2026-04-15 06:08:51,28.8,57.8,26.0,53.7,0.0,0.0,0.0
2026-04-15 06:08:56,28.8,57.9,20.3,53.7,0.0,0.0,0.0
2026-04-15 06:09:01,29.1,57.8,42.7,53.7,0.0,0.0,0.0
2026-04-15 06:09:06,29.1,57.7,33.6,53.7,0.0,0.0,0.0
2026-04-15 06:09:11,28.9,57.8,20.1,53.7,0.0,0.0,0.0
2026-04-15 06:09:16,29.1,57.8,37.2,53.7,0.0,0.0,0.0
2026-04-15 06:09:21,28.9,57.7,13.1,53.7,0.0,0.0,0.0
2026-04-15 06:09:26,28.9,57.6,19.5,53.7,0.0,0.0,0.0
2026-04-15 06:09:31,28.8,57.5,45.4,53.7,0.0,0.0,0.0
2026-04-15 06:09:36,29.0,57.5,14.9,53.7,0.0,0.0,0.0
2026-04-15 06:09:41,28.9,57.4,7.8,53.7,0.0,0.0,0.0
2026-04-15 06:09:46,29.0,57.4,29.1,53.7,0.0,0.0,0.0
2026-04-15 06:09:51,29.1,57.5,20.7,53.7,0.0,0.0,0.0
2026-04-15 06:09:56,29.0,57.5,42.7,53.7,0.0,0.0,0.0
2026-04-15 06:10:01,28.9,57.5,20.8,53.7,0.0,0.0,0.0
2026-04-15 06:10:06,28.8,57.6,33.0,53.7,0.0,0.0,0.0
2026-04-15 06:10:11,28.8,57.6,16.1,53.7,0.0,0.0,0.0
2026-04-15 06:10:16,28.9,57.6,16.2,53.7,0.0,0.0,0.0
2026-04-15 06:10:21,28.9,57.6,34.3,53.7,0.0,0.0,0.0
2026-04-15 06:10:26,28.9,57.6,36.1,53.7,0.0,0.0,0.0
2026-04-15 06:10:31,28.8,57.7,23.3,53.7,0.0,0.0,0.0
2026-04-15 06:10:36,28.8,57.6,28.8,53.7,0.0,0.0,0.0
2026-04-15 06:10:41,29.1,57.5,25.2,53.7,0.0,0.0,0.0
2026-04-15 06:10:46,28.7,57.6,20.6,53.7,0.0,0.0,0.0
2026-04-15 06:10:51,29.0,57.5,25.5,53.7,0.0,0.0,0.0
2026-04-15 06:10:56,28.9,57.5,26.7,53.7,0.0,0.0,0.0
2026-04-15 06:11:01,28.9,57.5,19.2,53.7,0.0,0.0,0.0
2026-04-15 06:11:06,29.0,57.6,42.2,53.7,0.0,0.0,0.0
2026-04-15 06:11:11,28.9,57.7,34.3,53.7,0.0,0.0,0.0
2026-04-15 06:11:16,29.1,57.6,24.3,53.7,0.0,0.0,0.0
2026-04-15 06:11:21,29.0,57.6,24.0,53.7,0.0,0.0,0.0
2026-04-15 06:11:26,29.1,57.6,21.5,53.7,0.0,0.0,0.0
2026-04-15 06:11:31,29.0,57.5,30.7,53.7,0.0,0.0,0.0
2026-04-15 06:11:36,29.0,57.5,31.5,53.7,0.0,0.0,0.0
2026-04-15 06:11:41,29.0,57.3,22.4,53.7,0.0,0.0,0.0
2026-04-15 06:11:46,28.9,57.2,32.8,53.7,0.0,0.0,0.0
2026-04-15 06:11:51,29.1,57.2,19.4,53.7,0.0,0.0,0.0
2026-04-15 06:11:56,29.0,57.2,29.4,53.7,0.0,0.0,0.0
2026-04-15 06:12:01,29.0,57.2,26.4,53.7,0.0,0.0,0.0
2026-04-15 06:12:06,28.9,57.2,29.7,53.7,0.0,0.0,0.0
2026-04-15 06:12:11,28.9,57.2,9.7,53.7,0.0,0.0,0.0
2026-04-15 06:12:16,29.0,57.2,32.5,53.7,0.0,0.0,0.0
2026-04-15 06:12:21,28.9,57.1,37.4,53.7,0.0,0.0,0.0
2026-04-15 06:12:26,29.0,57.0,44.5,53.7,0.0,0.0,0.0
2026-04-15 06:12:31,28.9,57.0,47.9,53.7,0.0,0.0,0.0
2026-04-15 06:12:36,29.1,56.9,61.3,53.7,0.0,0.0,0.0
2026-04-15 06:12:41,28.9,56.9,20.9,53.7,0.0,0.0,0.0
2026-04-15 06:12:46,28.9,57.0,32.5,53.7,0.0,0.0,0.0
2026-04-15 06:12:51,29.1,56.9,26.2,53.7,0.0,0.0,0.0
2026-04-15 06:12:56,29.1,56.9,15.8,53.7,0.0,0.0,0.0
2026-04-15 06:13:01,29.0,56.9,32.0,53.7,0.0,0.0,0.0
2026-04-15 06:13:06,28.8,56.9,29.7,53.7,0.0,0.0,0.0
2026-04-15 06:13:11,29.0,56.8,30.5,53.7,0.0,0.0,0.0
2026-04-15 06:13:16,29.0,56.8,41.0,53.7,0.0,0.0,0.0
2026-04-15 06:13:21,28.9,56.8,35.2,53.7,0.0,0.0,0.0
2026-04-15 06:13:26,28.9,56.7,48.7,53.7,0.0,0.0,0.0
2026-04-15 06:13:31,28.8,56.8,23.1,53.7,0.0,0.0,0.0
2026-04-15 06:13:36,28.9,56.7,31.9,53.7,0.0,0.0,0.0
2026-04-15 06:13:41,29.0,56.7,26.3,53.7,0.0,0.0,0.0
2026-04-15 06:13:46,29.1,56.8,31.6,53.7,0.0,0.0,0.0
2026-04-15 06:13:51,28.9,56.8,37.1,53.7,0.0,0.0,0.0
2026-04-15 06:13:56,28.9,57.0,21.3,53.7,0.0,0.0,0.0
2026-04-15 06:14:01,29.0,57.0,30.9,53.7,0.0,0.0,0.0
2026-04-15 06:14:06,29.0,57.0,40.1,53.7,0.0,0.0,0.0
2026-04-15 06:14:11,28.9,57.1,31.4,53.7,0.0,0.0,0.0
2026-04-15 06:14:16,29.2,57.1,43.4,53.7,0.0,0.0,0.0
2026-04-15 06:14:21,29.0,57.2,15.5,53.7,0.0,0.0,0.0
2026-04-15 06:14:26,29.1,57.2,30.5,53.7,0.0,0.0,0.0
2026-04-15 06:14:31,28.9,57.1,57.5,53.7,0.0,0.0,0.0
2026-04-15 06:14:36,29.0,57.2,33.2,53.7,0.0,0.0,0.0
2026-04-15 06:14:41,29.0,57.3,23.9,53.7,0.0,0.0,0.0
2026-04-15 06:14:46,29.0,57.3,28.1,53.7,0.0,0.0,0.0
2026-04-15 06:14:51,28.9,57.2,33.9,53.7,0.0,0.0,0.0
2026-04-15 06:14:56,28.9,57.1,23.2,53.7,0.0,0.0,0.0
2026-04-15 06:15:01,29.0,57.1,40.7,53.7,0.0,0.0,0.0
2026-04-15 06:15:06,29.1,57.2,50.3,53.7,0.0,0.0,0.0
2026-04-15 06:15:11,29.2,57.2,36.8,53.7,0.0,0.0,0.0
2026-04-15 06:15:16,28.9,57.3,28.8,53.7,0.0,0.0,0.0
2026-04-15 06:15:21,29.0,57.4,31.4,53.7,0.0,0.0,0.0
2026-04-15 06:15:26,29.0,57.4,30.6,53.7,0.0,0.0,0.0
2026-04-15 06:15:31,29.0,57.4,44.2,53.7,0.0,0.0,0.0
2026-04-15 06:15:36,29.1,57.5,35.5,53.7,0.0,0.0,0.0
2026-04-15 06:15:41,28.9,57.5,33.3,53.7,0.0,0.0,0.0
2026-04-15 06:15:46,29.0,57.5,38.3,53.7,0.0,0.0,0.0
2026-04-15 06:15:51,28.9,57.5,29.8,53.7,0.0,0.0,0.0
2026-04-15 06:15:56,28.9,57.4,27.6,53.7,0.0,0.0,0.0
2026-04-15 06:16:01,28.9,57.5,26.9,53.7,0.0,0.0,0.0
2026-04-15 06:16:06,28.8,57.4,16.7,53.7,0.0,0.0,0.0
2026-04-15 06:16:11,29.1,57.4,46.2,53.7,0.0,0.0,0.0
2026-04-15 06:16:16,28.9,57.6,45.0,53.7,0.0,0.0,0.0
2026-04-15 06:16:21,29.1,57.6,34.0,53.7,0.0,0.0,0.0
2026-04-15 06:16:26,29.0,57.5,34.3,53.7,0.0,0.0,0.0
2026-04-15 06:16:31,28.9,57.3,38.7,53.6,0.0,0.0,0.0
2026-04-15 06:16:36,28.8,57.2,44.9,53.6,0.0,0.0,0.0
2026-04-15 06:16:41,29.0,57.3,37.0,53.7,0.0,0.0,0.0
2026-04-15 06:16:46,29.1,57.3,40.3,53.7,0.0,0.0,0.0
2026-04-15 06:16:51,29.0,57.2,27.8,53.7,0.0,0.0,0.0
2026-04-15 06:16:56,29.2,57.2,29.8,53.7,0.0,0.0,0.0
2026-04-15 06:17:01,29.0,57.2,45.3,53.7,0.0,0.0,0.0
2026-04-15 06:17:06,29.1,57.2,38.0,53.7,0.0,0.0,0.0
2026-04-15 06:17:11,29.0,57.1,35.1,53.7,0.0,0.0,0.0
2026-04-15 06:17:16,29.1,57.2,27.2,53.7,0.0,0.0,0.0
2026-04-15 06:17:21,29.0,57.1,33.8,53.7,0.0,0.0,0.0
2026-04-15 06:17:26,28.9,57.1,34.7,53.7,0.0,0.0,0.0
2026-04-15 06:17:31,29.0,57.2,44.9,53.7,0.0,0.0,0.0
2026-04-15 06:17:36,29.1,57.2,43.6,53.7,0.0,0.0,0.0
2026-04-15 06:17:41,28.9,57.2,38.3,53.7,0.0,0.0,0.0
2026-04-15 06:17:46,29.0,57.0,37.3,53.7,0.0,0.0,0.0
2026-04-15 06:17:51,28.9,57.0,41.7,53.6,0.0,0.0,0.0
2026-04-15 06:17:56,29.0,57.0,45.9,53.6,0.0,0.0,0.0
2026-04-15 06:18:01,29.0,57.1,72.9,53.6,0.0,0.0,0.0
2026-04-15 06:18:06,28.9,57.1,52.0,53.6,0.0,0.0,0.0
2026-04-15 06:18:11,29.1,57.2,47.4,53.6,0.0,0.0,0.0
2026-04-15 06:18:16,29.0,57.2,29.2,53.7,0.0,0.0,0.0
2026-04-15 06:18:21,29.1,57.2,34.1,53.7,0.0,0.0,0.0
2026-04-15 06:18:26,29.0,57.2,36.3,53.7,0.0,0.0,0.0
2026-04-15 06:18:31,29.0,57.2,27.5,53.7,0.0,0.0,0.0
2026-04-15 06:18:36,29.0,57.0,45.5,53.7,0.0,0.0,0.0
2026-04-15 06:18:41,29.1,57.0,56.9,53.7,0.0,0.0,0.0
2026-04-15 06:18:46,29.0,57.0,34.3,53.6,0.0,0.0,0.0
2026-04-15 06:18:51,28.9,57.0,50.2,53.6,0.0,0.0,0.0
2026-04-15 06:18:56,29.0,57.0,44.5,53.6,0.0,0.0,0.0
2026-04-15 06:19:01,29.0,57.0,42.0,53.6,0.0,0.0,0.0
2026-04-15 06:19:06,29.1,56.9,37.5,53.6,0.0,0.0,0.0
2026-04-15 06:19:11,29.0,56.8,40.4,53.7,0.0,0.0,0.0
2026-04-15 06:19:16,29.0,56.8,33.9,53.7,0.0,0.0,0.0
2026-04-15 06:19:21,28.9,56.8,58.1,53.7,0.0,0.0,0.0
2026-04-15 06:19:26,29.1,56.9,34.6,53.7,0.0,0.0,0.0
2026-04-15 06:19:31,29.0,56.9,43.4,53.7,0.0,0.0,0.0
2026-04-15 06:19:36,29.0,56.9,42.8,53.6,0.0,0.0,0.0
2026-04-15 06:19:41,29.1,56.9,36.2,53.6,0.0,0.0,0.0
2026-04-15 06:19:46,28.9,57.0,42.2,53.6,0.0,0.0,0.0
2026-04-15 06:19:51,29.2,57.0,47.3,53.6,0.0,0.0,0.0
2026-04-15 06:19:56,28.9,57.0,45.3,53.6,0.0,0.0,0.0
2026-04-15 06:20:01,29.1,56.9,34.1,53.7,0.0,0.0,0.0
2026-04-15 06:20:06,29.2,56.8,48.1,53.7,0.0,0.0,0.0
2026-04-15 06:20:11,29.1,56.6,28.6,53.6,0.0,0.0,0.0
2026-04-15 06:20:16,28.9,56.6,62.7,53.6,0.0,0.0,0.0
2026-04-15 06:20:21,29.0,56.7,45.3,53.6,0.0,0.0,0.0
2026-04-15 06:20:26,29.0,56.8,40.3,53.6,0.0,0.0,0.0
2026-04-15 06:20:31,29.1,56.8,45.8,53.6,0.0,0.0,0.0
2026-04-15 06:20:36,29.1,56.9,47.4,53.6,0.0,0.0,0.0
2026-04-15 06:20:41,29.1,56.8,45.0,53.6,0.0,0.0,0.0
2026-04-15 06:20:46,29.1,56.8,66.3,53.6,0.0,0.0,0.0
2026-04-15 06:20:51,29.2,56.8,31.7,53.7,0.0,0.0,0.0
2026-04-15 06:20:56,29.2,56.7,47.0,53.7,0.0,0.0,0.0
2026-04-15 06:21:01,29.0,56.6,45.0,53.7,0.0,0.0,0.0
2026-04-15 06:21:06,29.1,56.6,44.5,53.7,0.0,0.0,0.0
2026-04-15 06:21:11,28.9,56.6,46.7,53.7,0.0,0.0,0.0
2026-04-15 06:21:16,29.1,56.8,47.1,53.7,0.0,0.0,0.0
2026-04-15 06:21:21,29.1,56.8,44.1,53.7,0.0,0.0,0.0
2026-04-15 06:21:26,28.9,56.8,34.4,53.7,0.0,0.0,0.0
2026-04-15 06:21:31,29.0,56.8,40.4,53.6,0.0,0.0,0.0
2026-04-15 06:21:36,29.1,56.9,45.8,53.6,0.0,0.0,0.0
2026-04-15 06:21:41,29.1,56.7,56.4,53.6,0.0,0.0,0.0
2026-04-15 06:21:46,29.0,56.6,47.3,53.6,0.0,0.0,0.0
2026-04-15 06:21:51,29.0,56.6,47.7,53.6,0.0,0.0,0.0
2026-04-15 06:21:56,29.0,56.6,38.3,53.6,0.0,0.0,0.0
2026-04-15 06:22:01,29.0,56.6,44.2,53.6,0.0,0.0,0.0
2026-04-15 06:22:06,29.0,56.8,66.2,53.6,0.0,0.0,0.0
2026-04-15 06:22:11,28.9,56.8,45.0,53.7,0.0,0.0,0.0
2026-04-15 06:22:16,29.0,56.7,52.3,53.7,0.0,0.0,0.0
2026-04-15 06:22:21,29.1,56.7,50.0,53.7,0.0,0.0,0.0
2026-04-15 06:22:26,29.0,56.7,34.5,53.7,0.0,0.0,0.0
2026-04-15 06:22:31,29.1,56.6,49.9,53.7,0.0,0.0,0.0
2026-04-15 06:22:36,28.9,56.7,50.9,53.6,0.0,0.0,0.0
2026-04-15 06:22:41,29.1,56.7,51.8,53.6,0.0,0.0,0.0
2026-04-15 06:22:46,29.0,56.7,32.9,53.6,0.0,0.0,0.0
2026-04-15 06:22:51,29.0,56.6,45.8,53.6,0.0,0.0,0.0
2026-04-15 06:22:56,29.0,56.6,45.5,53.6,0.0,0.0,0.0
2026-04-15 06:23:01,29.2,56.6,55.2,53.6,0.0,0.0,0.0
2026-04-15 06:23:06,29.1,56.5,62.4,53.6,0.0,0.0,0.0
2026-04-15 06:23:11,29.0,56.4,45.9,53.6,0.0,0.0,0.0
2026-04-15 06:23:16,29.1,56.3,54.4,53.7,0.0,0.0,0.0
2026-04-15 06:23:21,29.1,56.3,51.8,53.7,0.0,0.0,0.0
2026-04-15 06:23:26,29.1,56.2,64.5,53.7,0.0,0.0,0.0
2026-04-15 06:23:31,29.1,56.3,60.2,53.6,0.0,0.0,0.0
2026-04-15 06:23:36,29.1,56.3,59.6,53.6,0.0,0.0,0.0
2026-04-15 06:23:41,29.1,56.4,56.1,53.7,0.0,0.0,0.0
2026-04-15 06:23:46,29.1,56.3,46.3,53.7,0.0,0.0,0.0
2026-04-15 06:23:51,29.3,56.3,68.3,53.7,0.0,0.0,0.0
2026-04-15 06:23:56,29.2,56.2,54.2,53.7,0.0,0.0,0.0
2026-04-15 06:24:01,28.9,56.2,80.2,53.7,0.0,0.0,0.0
2026-04-15 06:24:06,28.9,56.2,48.5,53.7,0.0,0.0,0.0
2026-04-15 06:24:11,29.1,56.0,58.7,53.7,0.0,0.0,0.0
2026-04-15 06:24:16,29.0,56.0,56.6,53.6,0.0,0.0,0.0
2026-04-15 06:24:21,29.1,56.0,57.2,53.6,0.0,0.0,0.0
2026-04-15 06:24:26,29.1,55.9,36.0,53.6,0.0,0.0,0.0
2026-04-15 06:24:31,29.1,55.8,58.6,53.6,0.0,0.0,0.0
2026-04-15 06:24:36,29.1,55.8,51.0,53.6,0.0,0.0,0.0
2026-04-15 06:24:41,29.0,55.9,57.3,53.6,0.0,0.0,0.0
2026-04-15 06:24:46,29.1,55.8,58.5,53.7,0.0,0.0,0.0
2026-04-15 06:24:51,29.2,55.7,47.0,53.7,0.0,0.0,0.0
2026-04-15 06:24:56,29.2,55.7,61.1,53.6,0.0,0.0,0.0
2026-04-15 06:25:01,29.3,55.7,71.0,53.6,0.0,0.0,0.0
2026-04-15 06:25:06,29.3,55.9,57.9,53.6,0.0,0.0,0.0
2026-04-15 06:25:11,29.3,55.9,73.8,53.6,0.0,0.0,0.0
2026-04-15 06:25:16,29.1,56.2,47.2,53.6,0.0,0.0,0.0
2026-04-15 06:25:21,29.2,56.1,74.4,53.6,0.0,0.0,0.0
2026-04-15 06:25:26,29.1,56.2,62.3,53.6,0.0,0.0,0.0
2026-04-15 06:25:31,29.2,56.2,58.0,53.6,0.0,0.0,0.0
2026-04-15 06:25:36,29.2,56.1,61.2,53.6,0.0,0.0,0.0
2026-04-15 06:25:41,29.2,56.1,43.8,53.6,0.0,0.0,0.0
2026-04-15 06:25:46,29.0,56.0,52.9,53.7,0.0,0.0,0.0
2026-04-15 06:25:51,29.1,56.1,54.8,53.7,0.0,0.0,0.0
2026-04-15 06:25:56,29.2,56.2,63.3,53.6,0.0,0.0,0.0
2026-04-15 06:26:01,29.1,56.3,50.5,53.6,0.0,0.0,0.0
2026-04-15 06:26:06,29.2,56.3,60.7,53.6,0.0,0.0,0.0
2026-04-15 06:26:11,29.0,56.2,54.1,53.6,0.0,0.0,0.0
2026-04-15 06:26:16,29.1,56.1,57.3,53.6,0.0,0.0,0.0
2026-04-15 06:26:21,29.1,56.3,64.8,53.6,0.0,0.0,0.0
2026-04-15 06:26:26,29.3,56.3,46.1,53.6,0.0,0.0,0.0
2026-04-15 06:26:31,29.1,56.4,43.5,53.6,0.0,0.0,0.0
2026-04-15 06:26:36,29.2,56.4,70.3,53.6,0.0,0.0,0.0
2026-04-15 06:26:41,29.2,56.4,68.0,53.6,0.0,0.0,0.0
2026-04-15 06:26:46,29.2,56.4,37.3,53.6,0.0,0.0,0.0
2026-04-15 06:26:51,29.0,56.3,39.8,53.6,0.0,0.0,0.0
2026-04-15 06:26:56,29.1,56.2,62.8,53.7,0.0,0.0,0.0
2026-04-15 06:27:01,28.9,56.3,68.0,53.7,0.0,0.0,0.0
2026-04-15 06:27:06,29.1,56.2,61.5,53.7,0.0,0.0,0.0
2026-04-15 06:27:11,29.2,56.2,59.9,53.7,0.0,0.0,0.0
2026-04-15 06:27:16,29.2,56.1,51.6,53.6,0.0,0.0,0.0
2026-04-15 06:27:21,29.1,56.2,92.2,53.6,0.0,0.0,0.0
2026-04-15 06:27:26,29.0,56.2,54.4,53.7,0.0,0.0,0.0
2026-04-15 06:27:31,29.2,56.2,59.4,53.7,0.0,0.0,0.0
2026-04-15 06:27:36,29.2,56.2,69.1,53.7,0.0,0.0,0.0
2026-04-15 06:27:41,29.1,56.1,58.9,53.7,0.0,0.0,0.0
2026-04-15 06:27:46,29.2,56.2,61.5,53.6,0.0,0.0,0.0
2026-04-15 06:27:51,29.2,56.1,79.2,53.6,0.0,0.0,0.0
2026-04-15 06:27:56,29.0,56.1,48.8,53.6,0.0,0.0,0.0
2026-04-15 06:28:01,29.2,56.0,48.8,53.6,0.0,0.0,0.0
2026-04-15 06:28:06,29.2,56.0,54.5,53.6,0.0,0.0,0.0
2026-04-15 06:28:11,29.1,56.0,44.7,53.6,0.0,0.0,0.0
2026-04-15 06:28:16,29.2,56.0,52.4,53.7,0.0,0.0,0.0
2026-04-15 06:28:21,29.3,56.0,56.9,53.7,0.0,0.0,0.0
2026-04-15 06:28:26,29.1,55.9,61.2,53.6,0.0,0.0,0.0
2026-04-15 06:28:31,29.1,55.9,61.8,53.6,0.0,0.0,0.0
2026-04-15 06:28:36,29.3,55.9,62.1,53.6,0.0,0.0,0.0
2026-04-15 06:28:41,29.2,55.9,55.5,53.6,0.0,0.0,0.0
2026-04-15 06:28:46,29.3,55.9,64.8,53.6,0.0,0.0,0.0
2026-04-15 06:28:51,29.2,55.9,57.2,53.6,0.0,0.0,0.0
2026-04-15 06:28:56,29.1,55.8,56.7,53.6,0.0,0.0,0.0
2026-04-15 06:29:01,29.1,55.8,63.2,53.6,0.0,0.0,0.0
2026-04-15 06:29:06,29.1,55.8,60.3,53.6,0.0,0.0,0.0
2026-04-15 06:29:11,29.1,55.8,60.5,53.6,0.0,0.0,0.0
2026-04-15 06:29:16,29.3,55.9,67.0,53.6,0.0,0.0,0.0
2026-04-15 06:29:21,29.3,55.8,53.2,53.6,0.0,0.0,0.0
2026-04-15 06:29:26,29.2,55.8,50.7,53.7,0.0,0.0,0.0
2026-04-15 06:29:31,29.2,55.9,59.8,53.7,0.0,0.0,0.0
2026-04-15 06:29:36,29.2,55.8,76.8,53.7,0.0,0.0,0.0
2026-04-15 06:29:41,29.2,55.9,73.2,53.7,0.0,0.0,0.0
2026-04-15 06:29:46,29.2,55.9,51.2,53.6,0.0,0.0,0.0
2026-04-15 06:29:51,29.1,55.8,54.3,53.6,0.0,0.0,0.0
2026-04-15 06:29:56,29.0,55.7,51.5,53.6,0.0,0.0,0.0
2026-04-15 06:30:01,29.2,55.7,64.6,53.6,0.0,0.0,0.0
2026-04-15 06:30:06,29.2,55.7,70.6,53.6,0.0,0.0,0.0
2026-04-15 06:30:11,29.3,55.8,62.6,53.6,0.0,0.0,0.0
2026-04-15 06:30:16,29.3,55.6,65.3,53.6,0.0,0.0,0.0
2026-04-15 06:30:21,29.4,55.8,64.0,53.6,0.0,0.0,0.0
2026-04-15 06:30:26,29.1,55.8,67.4,53.6,0.0,0.0,0.0
2026-04-15 06:30:31,29.2,55.8,68.9,53.6,0.0,0.0,0.0
2026-04-15 06:30:36,29.2,55.8,91.5,53.6,0.0,0.0,0.0
2026-04-15 06:30:41,29.3,55.8,86.9,53.6,0.0,0.0,0.0
2026-04-15 06:30:46,29.2,55.6,69.0,53.6,0.0,0.0,0.0
2026-04-15 06:30:51,29.2,55.6,71.3,53.6,0.0,0.0,0.0
2026-04-15 06:30:56,29.1,55.7,91.0,53.7,0.0,0.0,0.0
2026-04-15 06:31:01,29.3,55.8,62.8,53.7,0.0,0.0,0.0
2026-04-15 06:31:06,29.3,55.7,53.2,53.7,0.0,0.0,0.0
2026-04-15 06:31:11,29.2,55.8,66.0,53.6,0.0,0.0,0.0
2026-04-15 06:31:16,29.2,55.8,78.3,53.6,0.0,0.0,0.0
2026-04-15 06:31:21,29.1,55.6,72.0,53.6,0.0,0.0,0.0
2026-04-15 06:31:26,29.1,55.5,67.3,53.6,0.0,0.0,0.0
2026-04-15 06:31:31,29.2,55.4,70.0,53.6,0.0,0.0,0.0
2026-04-15 06:31:36,29.1,55.4,70.1,53.6,0.0,0.0,0.0
2026-04-15 06:31:41,29.2,55.3,83.7,53.6,0.0,0.0,0.0
2026-04-15 06:31:46,29.0,55.2,71.6,53.6,0.0,0.0,0.0
2026-04-15 06:31:51,29.3,55.2,79.7,53.6,0.0,0.0,0.0
2026-04-15 06:31:56,29.2,55.2,80.0,53.6,0.0,0.0,0.0
2026-04-15 06:32:01,29.2,55.2,55.5,53.6,0.0,0.0,0.0
2026-04-15 06:32:06,29.3,55.2,72.7,53.6,0.0,0.0,0.0
2026-04-15 06:32:11,29.2,55.4,58.1,53.6,0.0,0.0,0.0
2026-04-15 06:32:16,29.1,55.4,67.9,53.6,0.0,0.0,0.0
2026-04-15 06:32:21,29.3,55.4,86.6,53.6,0.0,0.0,0.0
2026-04-15 06:32:26,29.3,55.4,73.7,53.6,0.0,0.0,0.0
2026-04-15 06:32:31,29.3,55.3,76.6,53.6,0.0,0.0,0.0
2026-04-15 06:32:36,29.3,55.3,79.7,53.7,0.0,0.0,0.0
2026-04-15 06:32:41,29.2,55.4,68.8,53.7,0.0,0.0,0.0
2026-04-15 06:32:46,29.2,55.4,76.3,53.7,0.0,0.0,0.0
2026-04-15 06:32:51,29.1,55.5,98.3,53.6,0.0,0.0,0.0
2026-04-15 06:32:56,29.3,55.4,69.3,53.6,0.0,0.0,0.0
2026-04-15 06:33:01,29.1,55.4,69.3,53.6,0.0,0.0,0.0
2026-04-15 06:33:06,29.4,55.5,86.0,53.6,0.0,0.0,0.0
2026-04-15 06:33:11,29.2,55.5,55.3,53.6,0.0,0.0,0.0
2026-04-15 06:33:16,29.2,55.5,68.9,53.6,0.0,0.0,0.0
2026-04-15 06:33:21,29.2,55.5,71.6,53.6,0.0,0.0,0.0
2026-04-15 06:33:26,29.3,55.5,68.1,53.6,0.0,0.0,0.0
2026-04-15 06:33:31,29.2,55.2,80.6,53.7,0.0,0.0,0.0
2026-04-15 06:33:36,29.3,55.1,75.0,53.7,0.0,0.0,0.0
2026-04-15 06:33:41,29.2,55.1,75.9,53.7,0.0,0.0,0.0
2026-04-15 06:33:46,29.1,55.0,81.1,53.7,0.0,0.0,0.0
2026-04-15 06:33:51,29.4,55.0,75.2,53.7,0.0,0.0,0.0
2026-04-15 06:33:56,29.2,55.1,56.4,53.7,0.0,0.0,0.0
2026-04-15 06:34:01,29.2,55.2,85.9,53.7,0.0,0.0,0.0
2026-04-15 06:34:06,29.3,55.1,70.0,53.7,0.0,0.0,0.0
2026-04-15 06:34:11,29.2,55.2,73.7,53.7,0.0,0.0,0.0
2026-04-15 06:34:16,29.2,55.3,71.6,53.6,0.0,0.0,0.0
2026-04-15 06:34:21,29.2,55.3,74.1,53.6,0.0,0.0,0.0
2026-04-15 06:34:26,29.2,55.4,98.7,53.6,0.0,0.0,0.0
2026-04-15 06:34:31,29.2,55.5,94.4,53.6,0.0,0.0,0.0
2026-04-15 06:34:36,29.3,55.6,83.7,53.6,0.0,0.0,0.0
2026-04-15 06:34:41,29.0,55.6,67.7,53.6,0.0,0.0,0.0
2026-04-15 06:34:46,29.3,55.6,64.5,53.6,0.0,0.0,0.0
2026-04-15 06:34:51,29.2,55.6,92.3,53.6,0.0,0.0,0.0
2026-04-15 06:34:56,29.2,55.5,68.6,53.6,0.0,0.0,0.0
2026-04-15 06:35:01,29.1,55.5,37.0,53.6,0.0,0.0,0.0
2026-04-15 06:35:06,29.2,55.4,57.6,53.6,0.0,0.0,0.0
2026-04-15 06:35:11,29.2,55.3,78.6,53.6,0.0,0.0,0.0
2026-04-15 06:35:16,29.2,55.2,79.8,53.6,0.0,0.0,0.0
2026-04-15 06:35:21,29.2,55.3,71.7,53.6,0.0,0.0,0.0
2026-04-15 06:35:26,29.2,55.4,74.0,53.6,0.0,0.0,0.0
2026-04-15 06:35:31,29.2,55.2,79.0,53.6,0.0,0.0,0.0
2026-04-15 06:35:36,29.2,55.3,72.1,53.6,0.0,0.0,0.0
2026-04-15 06:35:41,29.0,55.3,91.9,53.6,0.0,0.0,0.0
2026-04-15 06:35:46,29.2,55.2,87.7,53.6,0.0,0.0,0.0
2026-04-15 06:35:51,29.1,55.3,91.8,53.6,0.0,0.0,0.0
2026-04-15 06:35:56,29.2,55.3,71.8,53.6,0.0,0.0,0.0
2026-04-15 06:36:01,29.4,55.2,90.7,53.6,0.0,0.0,0.0
2026-04-15 06:36:06,29.2,55.2,86.1,53.7,0.0,0.0,0.0
2026-04-15 06:36:11,29.1,55.2,68.6,53.7,0.0,0.0,0.0
2026-04-15 06:36:16,29.2,55.1,82.3,53.7,0.0,0.0,0.0
2026-04-15 06:36:21,29.1,55.1,70.2,53.7,0.0,0.0,0.0
2026-04-15 06:36:26,29.1,55.1,78.1,53.6,0.0,0.0,0.0
2026-04-15 06:36:31,29.4,55.1,85.5,53.6,0.0,0.0,0.0
2026-04-15 06:36:36,29.1,55.1,77.9,53.6,0.0,0.0,0.0
2026-04-15 06:36:41,29.1,55.1,63.3,53.7,0.0,0.0,0.0
2026-04-15 06:36:46,29.0,55.1,89.1,53.7,0.0,0.0,0.0
2026-04-15 06:36:51,29.0,55.3,82.1,53.7,0.0,0.0,0.0
2026-04-15 06:36:56,29.1,55.3,84.9,53.7,0.0,0.0,0.0
2026-04-15 06:37:01,29.1,55.1,101.3,53.7,0.0,0.0,0.0
2026-04-15 06:37:06,29.2,55.2,88.3,53.6,0.0,0.0,0.0
2026-04-15 06:37:11,29.2,55.2,89.6,53.6,0.0,0.0,0.0
2026-04-15 06:37:16,29.3,55.1,68.4,53.6,0.0,0.0,0.0
2026-04-15 06:37:21,29.2,55.2,81.3,53.7,0.0,0.0,0.0
2026-04-15 06:37:26,29.0,55.0,89.2,53.7,0.0,0.0,0.0
2026-04-15 06:37:31,29.3,55.0,88.6,53.7,0.0,0.0,0.0
2026-04-15 06:37:36,29.2,54.9,85.9,53.7,0.0,0.0,0.0
2026-04-15 06:37:41,29.2,54.8,107.9,53.7,0.0,0.0,0.0
2026-04-15 06:37:46,29.1,54.9,86.6,53.7,0.0,0.0,0.0
2026-04-15 06:37:51,29.3,54.9,76.0,53.7,0.0,0.0,0.0
2026-04-15 06:37:56,29.1,54.8,86.1,53.7,0.0,0.0,0.0
2026-04-15 06:38:01,29.1,54.8,79.5,53.7,0.0,0.0,0.0
2026-04-15 06:38:06,29.2,54.7,88.5,53.7,0.0,0.0,0.0
2026-04-15 06:38:11,29.1,54.7,75.0,53.7,0.0,0.0,0.0
2026-04-15 06:38:16,29.2,54.7,74.1,53.6,0.0,0.0,0.0
2026-04-15 06:38:21,29.3,54.7,110.2,53.6,0.0,0.0,0.0
2026-04-15 06:38:26,29.2,54.6,82.0,53.6,0.0,0.0,0.0
2026-04-15 06:38:31,29.3,54.7,61.5,53.6,0.0,0.0,0.0
2026-04-15 06:38:36,29.3,54.9,82.2,53.6,0.0,0.0,0.0
2026-04-15 06:38:41,29.1,54.8,82.5,53.6,0.0,0.0,0.0
2026-04-15 06:38:46,29.2,54.7,97.1,53.6,0.0,0.0,0.0
2026-04-15 06:38:51,29.3,54.7,81.6,53.6,0.0,0.0,0.0
2026-04-15 06:38:56,29.2,54.7,96.1,53.6,0.0,0.0,0.0
2026-04-15 06:39:01,29.3,54.6,76.0,53.6,0.0,0.0,0.0
2026-04-15 06:39:06,29.1,54.7,76.3,53.6,0.0,0.0,0.0
2026-04-15 06:39:11,29.3,54.7,88.6,53.6,0.0,0.0,0.0
2026-04-15 06:39:16,29.1,54.8,78.8,53.7,0.0,0.0,0.0
2026-04-15 06:39:21,29.3,54.8,88.9,53.7,0.0,0.0,0.0
2026-04-15 06:39:26,29.3,54.7,96.6,53.7,0.0,0.0,0.0
2026-04-15 06:39:31,29.3,54.6,89.0,53.7,0.0,0.0,0.0
2026-04-15 06:39:36,29.4,54.6,105.6,53.7,0.0,0.0,0.0
2026-04-15 06:39:41,29.3,54.5,95.6,53.7,0.0,0.0,0.0
2026-04-15 06:39:46,29.2,54.3,64.4,53.7,0.0,0.0,0.0
2026-04-15 06:39:51,29.2,54.4,91.5,53.6,0.0,0.0,0.0
2026-04-15 06:39:56,29.2,54.2,95.4,53.6,0.0,0.0,0.0
2026-04-15 06:40:01,29.2,54.3,86.2,53.6,0.0,0.0,0.0
2026-04-15 06:40:06,29.3,54.2,106.6,53.6,0.0,0.0,0.0
2026-04-15 06:40:11,29.2,54.2,89.4,53.6,0.0,0.0,0.0
2026-04-15 06:40:16,29.2,54.1,106.3,53.6,0.0,0.0,0.0
2026-04-15 06:40:21,29.2,54.2,101.4,53.6,0.0,0.0,0.0
2026-04-15 06:40:26,29.2,54.4,83.9,53.6,0.0,0.0,0.0
2026-04-15 06:40:31,29.2,54.4,87.6,53.6,0.0,0.0,0.0
2026-04-15 06:40:36,29.1,54.4,82.6,53.6,0.0,0.0,0.0
2026-04-15 06:40:41,29.2,54.5,85.5,53.6,0.0,0.0,0.0
2026-04-15 06:40:46,29.2,54.4,89.0,53.6,0.0,0.0,0.0
2026-04-15 06:40:51,29.2,54.4,82.0,53.6,0.0,0.0,0.0
2026-04-15 06:40:56,29.2,54.4,101.7,53.6,0.0,0.0,0.0
2026-04-15 06:41:01,29.2,54.3,79.9,53.6,0.0,0.0,0.0
2026-04-15 06:41:06,29.2,54.2,84.7,53.6,0.0,0.0,0.0
2026-04-15 06:41:11,29.3,54.2,110.2,53.6,0.0,0.0,0.0
2026-04-15 06:41:16,29.2,54.2,91.3,53.6,0.0,0.0,0.0
2026-04-15 06:41:21,29.4,54.3,82.5,53.6,0.0,0.0,0.0
2026-04-15 06:41:26,29.2,54.3,97.0,53.6,0.0,0.0,0.0
2026-04-15 06:41:31,29.3,54.2,103.1,53.6,0.0,0.0,0.0
2026-04-15 06:41:36,29.3,54.3,83.8,53.6,0.0,0.0,0.0
2026-04-15 06:41:41,29.3,54.3,85.6,53.6,0.0,0.0,0.0
2026-04-15 06:41:46,29.2,54.4,102.7,53.6,0.0,0.0,0.0
2026-04-15 06:41:51,29.3,54.3,88.2,53.6,0.0,0.0,0.0
2026-04-15 06:41:56,29.2,54.3,96.0,53.6,0.0,0.0,0.0
2026-04-15 06:42:01,29.4,54.3,83.6,53.6,0.0,0.0,0.0
2026-04-15 06:42:06,29.3,54.2,95.9,53.6,0.0,0.0,0.0
2026-04-15 06:42:11,29.2,54.2,111.4,53.6,0.0,0.0,0.0
2026-04-15 06:42:16,29.1,54.2,77.1,53.6,0.0,0.0,0.0
2026-04-15 06:42:21,29.2,54.0,82.3,53.6,0.0,0.0,0.0
2026-04-15 06:42:26,29.1,54.0,86.6,53.6,0.0,0.0,0.0
2026-04-15 06:42:31,29.2,54.1,88.8,53.6,0.0,0.0,0.0
2026-04-15 06:42:36,29.2,54.0,102.3,53.6,0.0,0.0,0.0
2026-04-15 06:42:41,29.3,54.0,87.6,53.6,0.0,0.0,0.0
2026-04-15 06:42:46,29.3,54.0,90.6,53.6,0.0,0.0,0.0
2026-04-15 06:42:51,29.2,53.9,93.0,53.6,0.0,0.0,0.0
2026-04-15 06:42:56,29.4,54.0,100.4,53.6,0.0,0.0,0.0
2026-04-15 06:43:01,29.3,54.1,107.6,53.6,0.0,0.0,0.0
2026-04-15 06:43:06,29.4,54.0,99.2,53.6,0.0,0.0,0.0
2026-04-15 06:43:11,29.3,54.0,97.0,53.6,0.0,0.0,0.0
2026-04-15 06:43:16,29.4,54.0,95.1,53.6,0.0,0.0,0.0
2026-04-15 06:43:21,29.3,54.0,98.9,53.6,0.0,0.0,0.0
2026-04-15 06:43:26,29.2,54.0,97.1,53.6,0.0,0.0,0.0
2026-04-15 06:43:31,29.2,54.0,79.4,53.6,0.0,0.0,0.0
2026-04-15 06:43:36,29.3,54.0,109.2,53.6,0.0,0.0,0.0
2026-04-15 06:43:41,29.4,54.0,93.0,53.6,0.0,0.0,0.0
2026-04-15 06:43:46,29.3,53.9,90.5,53.6,0.0,0.0,0.0
2026-04-15 06:43:51,29.1,54.1,101.0,53.6,0.0,0.0,0.0
2026-04-15 06:43:56,29.2,54.1,90.3,53.6,0.0,0.0,0.0
2026-04-15 06:44:01,29.3,54.1,83.1,53.6,0.0,0.0,0.0
2026-04-15 06:44:06,29.2,54.2,102.1,53.6,0.0,0.0,0.0
2026-04-15 06:44:11,29.1,54.1,102.4,53.6,0.0,0.0,0.0
2026-04-15 06:44:16,29.1,54.1,97.6,53.6,0.0,0.0,0.0
2026-04-15 06:44:21,29.3,54.3,86.2,53.6,0.0,0.0,0.0
2026-04-15 06:44:26,29.3,54.4,88.5,53.6,0.0,0.0,0.0
2026-04-15 06:44:31,29.4,54.4,101.6,53.6,0.0,0.0,0.0
2026-04-15 06:44:36,29.3,54.3,104.4,53.6,0.0,0.0,0.0
2026-04-15 06:44:41,29.3,54.3,111.2,53.6,0.0,0.0,0.0
2026-04-15 06:44:46,29.3,54.3,87.9,53.6,0.0,0.0,0.0
2026-04-15 06:44:51,29.2,54.2,98.0,53.6,0.0,0.0,0.0
2026-04-15 06:44:56,29.2,54.2,116.0,53.6,0.0,0.0,0.0
2026-04-15 06:45:01,29.3,54.2,93.8,53.6,0.0,0.0,0.0
2026-04-15 06:45:06,29.1,54.3,107.3,53.6,0.0,0.0,0.0
2026-04-15 06:45:11,29.3,54.3,112.5,53.6,0.0,0.0,0.0
2026-04-15 06:45:16,29.4,54.2,108.4,53.6,0.0,0.0,0.0
2026-04-15 06:45:21,29.3,54.3,102.3,53.6,0.0,0.0,0.0
2026-04-15 06:45:26,29.2,54.3,98.9,53.6,0.0,0.0,0.0
2026-04-15 06:45:31,29.4,54.3,95.0,53.6,0.0,0.0,0.0
2026-04-15 06:45:36,29.3,54.2,92.1,53.6,0.0,0.0,0.0
2026-04-15 06:45:41,29.4,54.2,105.6,53.6,0.0,0.0,0.0
2026-04-15 06:45:46,29.3,54.1,104.9,53.6,0.0,0.0,0.0
2026-04-15 06:45:51,29.5,54.0,106.0,53.6,0.0,0.0,0.0
2026-04-15 06:45:56,29.4,53.9,110.5,53.6,0.0,0.0,0.0
2026-04-15 06:46:01,29.3,53.9,101.1,53.6,0.0,0.0,0.0
2026-04-15 06:46:06,29.3,54.0,116.7,53.6,0.0,0.0,0.0
2026-04-15 06:46:11,29.3,53.9,99.6,53.6,0.0,0.0,0.0
2026-04-15 06:46:16,29.3,54.0,103.7,53.6,0.0,0.0,0.0
2026-04-15 06:46:21,29.3,53.8,95.5,53.7,0.0,0.0,0.0
2026-04-15 06:46:26,29.2,53.8,99.2,53.7,0.0,0.0,0.0
2026-04-15 06:46:31,29.2,53.8,111.1,53.7,0.0,0.0,0.0
2026-04-15 06:46:36,29.3,53.8,113.4,53.7,0.0,0.0,0.0
2026-04-15 06:46:41,29.5,53.8,93.5,53.7,0.0,0.0,0.0
2026-04-15 06:46:46,29.2,53.8,138.9,53.7,0.0,0.0,0.0
2026-04-15 06:46:51,29.3,53.8,123.5,53.7,0.0,0.0,0.0
2026-04-15 06:46:56,29.2,53.9,100.6,53.7,0.0,0.0,0.0
2026-04-15 06:47:01,29.4,53.9,109.7,53.7,0.0,0.0,0.0
2026-04-15 06:47:06,29.4,53.9,100.2,53.7,0.0,0.0,0.0
2026-04-15 06:47:11,29.3,53.8,90.0,53.6,0.0,0.0,0.0
2026-04-15 06:47:16,29.1,53.9,107.1,53.6,0.0,0.0,0.0
2026-04-15 06:47:21,29.3,54.0,99.2,53.6,0.0,0.0,0.0
2026-04-15 06:47:26,29.4,53.9,101.6,53.6,0.0,0.0,0.0
2026-04-15 06:47:31,29.2,53.7,119.8,53.6,0.0,0.0,0.0
2026-04-15 06:47:36,29.4,53.7,100.2,53.6,0.0,0.0,0.0
2026-04-15 06:47:41,29.3,53.7,87.0,53.6,0.0,0.0,0.0
2026-04-15 06:47:46,29.4,53.7,108.8,53.6,0.0,0.0,0.0
2026-04-15 06:47:51,29.3,53.6,94.6,53.6,0.0,0.0,0.0
2026-04-15 06:47:56,29.3,53.5,112.4,53.6,0.0,0.0,0.0
2026-04-15 06:48:01,29.3,53.6,92.4,53.6,0.0,0.0,0.0
2026-04-15 06:48:06,29.3,53.8,103.9,53.6,0.0,0.0,0.0
2026-04-15 06:48:11,29.3,54.0,110.8,53.6,0.0,0.0,0.0
2026-04-15 06:48:16,29.4,54.0,127.6,53.6,0.0,0.0,0.0
2026-04-15 06:48:21,29.5,54.0,123.9,53.6,0.0,0.0,0.0
2026-04-15 06:48:26,29.3,53.9,117.6,53.6,0.0,0.0,0.0
2026-04-15 06:48:31,29.2,53.9,101.7,53.6,0.0,0.0,0.0
2026-04-15 06:48:36,29.4,54.0,124.4,53.7,0.0,0.0,0.0
2026-04-15 06:48:41,29.2,54.0,105.3,53.7,0.0,0.0,0.0
2026-04-15 06:48:46,29.3,53.9,117.3,53.7,0.0,0.0,0.0
2026-04-15 06:48:51,29.3,53.9,115.2,53.7,0.0,0.0,0.0
2026-04-15 06:48:56,29.3,53.8,115.6,53.6,0.0,0.0,0.0
2026-04-15 06:49:01,29.5,53.8,117.3,53.6,0.0,0.0,0.0
2026-04-15 06:49:06,29.4,53.8,119.6,53.6,0.0,0.0,0.0
2026-04-15 06:49:11,29.4,53.5,123.3,53.6,0.0,0.0,0.0
2026-04-15 06:49:16,29.3,53.4,112.0,53.6,0.0,0.0,0.0
2026-04-15 06:49:21,29.3,53.5,118.5,53.6,0.0,0.0,0.0
2026-04-15 06:49:26,29.3,53.4,102.2,53.6,0.0,0.0,0.0
2026-04-15 06:49:31,29.3,53.2,113.9,53.6,0.0,0.0,0.0
2026-04-15 06:49:36,29.2,53.1,99.3,53.6,0.0,0.0,0.0
2026-04-15 06:49:41,29.2,53.2,130.1,53.6,0.0,0.0,0.0
2026-04-15 06:49:46,29.3,53.3,119.5,53.6,0.0,0.0,0.0
2026-04-15 06:49:51,29.2,53.3,119.4,53.6,0.0,0.0,0.0
2026-04-15 06:49:56,29.3,53.4,105.4,53.6,0.0,0.0,0.0
2026-04-15 06:50:01,29.4,53.2,111.8,53.6,0.0,0.0,0.0
2026-04-15 06:50:06,29.3,53.2,111.6,53.6,0.0,0.0,0.0
2026-04-15 06:50:11,29.4,53.3,99.8,53.6,0.0,0.0,0.0
2026-04-15 06:50:16,29.4,53.4,126.8,53.6,0.0,0.0,0.0
2026-04-15 06:50:21,29.3,53.4,113.4,53.6,0.0,0.0,0.0
2026-04-15 06:50:26,29.4,53.5,117.3,53.6,0.0,0.0,0.0
2026-04-15 06:50:31,29.3,53.6,115.4,53.6,0.0,0.0,0.0
2026-04-15 06:50:36,29.3,53.5,120.0,53.6,0.0,0.0,0.0
2026-04-15 06:50:41,29.4,53.6,118.0,53.6,0.0,0.0,0.0
2026-04-15 06:50:46,29.4,53.6,125.3,53.6,0.0,0.0,0.0
2026-04-15 06:50:51,29.3,53.7,114.4,53.6,0.0,0.0,0.0
2026-04-15 06:50:56,29.4,53.6,126.0,53.6,0.0,0.0,0.0
2026-04-15 06:51:01,29.3,53.6,110.8,53.6,0.0,0.0,0.0
2026-04-15 06:51:06,29.3,53.5,111.7,53.6,0.0,0.0,0.0
2026-04-15 06:51:11,29.3,53.4,94.8,53.6,0.0,0.0,0.0
2026-04-15 06:51:16,29.3,53.6,108.8,53.6,0.0,0.0,0.0
2026-04-15 06:51:21,29.3,53.4,116.1,53.6,0.0,0.0,0.0
2026-04-15 06:51:26,29.5,53.5,114.6,53.6,0.0,0.0,0.0
2026-04-15 06:51:31,29.3,53.3,120.5,53.6,0.0,0.0,0.0
2026-04-15 06:51:36,29.4,53.4,116.1,53.6,0.0,0.0,0.0
2026-04-15 06:51:41,29.4,53.5,135.9,53.6,0.0,0.0,0.0
2026-04-15 06:51:46,29.4,53.5,109.9,53.6,0.0,0.0,0.0
2026-04-15 06:51:51,29.4,53.5,124.4,53.6,0.0,0.0,0.0
2026-04-15 06:51:56,29.3,53.5,126.3,53.6,0.0,0.0,0.0
2026-04-15 06:52:01,29.4,53.5,123.1,53.6,0.0,0.0,0.0
2026-04-15 06:52:06,29.4,53.6,123.3,53.6,0.0,0.0,0.0
2026-04-15 06:52:11,29.4,53.6,119.1,53.6,0.0,0.0,0.0
2026-04-15 06:52:16,29.6,53.5,125.9,53.6,0.0,0.0,0.0
2026-04-15 06:52:21,29.4,53.4,135.3,53.6,0.0,0.0,0.0
2026-04-15 06:52:26,29.5,53.4,121.6,53.6,0.0,0.0,0.0
2026-04-15 06:52:31,29.3,53.4,103.6,53.6,0.0,0.0,0.0
2026-04-15 06:52:36,29.4,53.4,116.6,53.6,0.0,0.0,0.0
2026-04-15 06:52:41,29.4,53.4,125.8,53.6,0.0,0.0,0.0
2026-04-15 06:52:46,29.4,53.4,120.6,53.6,0.0,0.0,0.0
2026-04-15 06:52:51,29.6,53.3,127.0,53.6,0.0,0.0,0.0
2026-04-15 06:52:56,29.4,53.3,122.8,53.6,0.0,0.0,0.0
2026-04-15 06:53:01,29.5,53.2,116.5,53.6,0.0,0.0,0.0
2026-04-15 06:53:06,29.4,53.1,118.8,53.6,0.0,0.0,0.0
2026-04-15 06:53:11,29.3,53.3,116.1,53.6,0.0,0.0,0.0
2026-04-15 06:53:16,29.4,53.3,127.6,53.6,0.0,0.0,0.0
2026-04-15 06:53:21,29.3,53.3,109.0,53.6,0.0,0.0,0.0
2026-04-15 06:53:26,29.5,53.2,116.9,53.6,0.0,0.0,0.0
2026-04-15 06:53:31,29.4,53.2,121.1,53.6,0.0,0.0,0.0
2026-04-15 06:53:36,29.4,53.1,117.3,53.6,0.0,0.0,0.0
2026-04-15 06:53:41,29.4,53.1,116.5,53.6,0.0,0.0,0.0
2026-04-15 06:53:46,29.5,53.1,118.1,53.6,0.0,0.0,0.0
2026-04-15 06:53:51,29.4,53.2,113.1,53.6,0.0,0.0,0.0
2026-04-15 06:53:56,29.4,53.2,99.0,53.6,0.0,0.0,0.0
2026-04-15 06:54:01,29.6,53.0,134.7,53.6,0.0,0.0,0.0
2026-04-15 06:54:06,29.4,52.8,127.7,53.6,0.0,0.0,0.0
2026-04-15 06:54:11,29.4,52.8,128.6,53.6,0.0,0.0,0.0
2026-04-15 06:54:16,29.5,52.8,113.4,53.6,0.0,0.0,0.0
2026-04-15 06:54:21,29.5,52.9,111.9,53.6,0.0,0.0,0.0
2026-04-15 06:54:26,29.3,52.8,110.1,53.6,0.0,0.0,0.0
2026-04-15 06:54:31,29.4,52.8,142.7,53.6,0.0,0.0,0.0
2026-04-15 06:54:36,29.5,52.9,134.1,53.6,0.0,0.0,0.0
2026-04-15 06:54:41,29.5,52.9,113.2,53.6,0.0,0.0,0.0
2026-04-15 06:54:46,29.4,52.9,130.6,53.6,0.0,0.0,0.0
2026-04-15 06:54:51,29.5,52.9,109.1,53.6,0.0,0.0,0.0
2026-04-15 06:54:56,29.4,52.9,140.9,53.6,0.0,0.0,0.0
2026-04-15 06:55:01,29.6,52.8,122.0,53.6,0.0,0.0,0.0
2026-04-15 06:55:06,29.5,53.0,116.6,53.6,0.0,0.0,0.0
2026-04-15 06:55:11,29.4,53.0,117.4,53.6,0.0,0.0,0.0
2026-04-15 06:55:16,29.3,52.9,129.6,53.6,0.0,0.0,0.0
2026-04-15 06:55:21,29.4,52.9,99.4,53.6,0.0,0.0,0.0
2026-04-15 06:55:26,29.5,52.9,117.0,53.6,0.0,0.0,0.0
2026-04-15 06:55:31,29.5,53.0,114.9,53.6,0.0,0.0,0.0
2026-04-15 06:55:36,29.5,52.9,125.8,53.6,0.0,0.0,0.0
2026-04-15 06:55:41,29.4,52.9,136.3,53.6,0.0,0.0,0.0
2026-04-15 06:55:46,29.5,52.9,118.6,53.6,0.0,0.0,0.0
2026-04-15 06:55:51,29.7,52.8,116.7,53.6,0.0,0.0,0.0
2026-04-15 06:55:56,29.5,52.8,132.7,53.6,0.0,0.0,0.0
2026-04-15 06:56:01,29.5,52.8,130.3,53.6,0.0,0.0,0.0
2026-04-15 06:56:06,29.4,52.9,132.7,53.6,0.0,0.0,0.0
2026-04-15 06:56:11,29.5,53.0,138.7,53.6,0.0,0.0,0.0
2026-04-15 06:56:16,29.5,52.8,122.0,53.6,0.0,0.0,0.0
2026-04-15 06:56:21,29.4,52.8,130.3,53.6,0.0,0.0,0.0
2026-04-15 06:56:26,29.4,52.8,140.1,53.6,0.0,0.0,0.0
2026-04-15 06:56:31,29.4,52.7,135.1,53.6,0.0,0.0,0.0
2026-04-15 06:56:36,29.5,52.8,125.7,53.6,0.0,0.0,0.0
2026-04-15 06:56:41,29.4,52.9,136.7,53.6,0.0,0.0,0.0
2026-04-15 06:56:46,29.4,52.9,128.8,53.6,0.0,0.0,0.0
2026-04-15 06:56:51,29.5,53.1,131.2,53.6,0.0,0.0,0.0
2026-04-15 06:56:56,29.6,53.2,148.5,53.6,0.0,0.0,0.0
2026-04-15 06:57:01,29.4,53.1,134.2,53.6,0.0,0.0,0.0
2026-04-15 06:57:06,29.4,53.1,126.9,53.6,0.0,0.0,0.0
2026-04-15 06:57:11,29.4,53.1,147.0,53.6,0.0,0.0,0.0
2026-04-15 06:57:16,29.4,53.1,113.8,53.6,0.0,0.0,0.0
2026-04-15 06:57:21,29.5,53.2,131.8,53.6,0.0,0.0,0.0
2026-04-15 06:57:26,29.5,53.0,104.9,53.6,0.0,0.0,0.0
2026-04-15 06:57:31,29.5,53.0,129.9,53.6,0.0,0.0,0.0
2026-04-15 06:57:36,29.5,53.0,132.5,53.6,0.0,0.0,0.0
2026-04-15 06:57:41,29.5,52.9,132.8,53.6,0.0,0.0,0.0
2026-04-15 06:57:46,29.5,52.8,139.5,53.6,0.0,0.0,0.0
2026-04-15 06:57:51,29.5,52.7,135.2,53.6,0.0,0.0,0.0
2026-04-15 06:57:56,29.5,52.7,149.3,53.6,0.0,0.0,0.0
2026-04-15 06:58:01,29.5,52.6,146.8,53.6,0.0,0.0,0.0
2026-04-15 06:58:06,29.4,52.6,136.3,53.6,0.0,0.0,0.0
2026-04-15 06:58:11,29.5,52.6,141.1,53.6,0.0,0.0,0.0
2026-04-15 06:58:16,29.4,52.6,126.3,53.6,0.0,0.0,0.0
2026-04-15 06:58:21,29.4,52.5,131.3,53.6,0.0,0.0,0.0
2026-04-15 06:58:26,29.5,52.5,126.2,53.6,0.0,0.0,0.0
2026-04-15 06:58:31,29.6,52.4,123.5,53.6,0.0,0.0,0.0
2026-04-15 06:58:36,29.4,52.5,124.1,53.6,0.0,0.0,0.0
2026-04-15 06:58:41,29.6,52.5,141.5,53.6,0.0,0.0,0.0
2026-04-15 06:58:46,29.5,52.5,131.2,53.6,0.0,0.0,0.0
2026-04-15 06:58:51,29.6,52.5,124.0,53.6,0.0,0.0,0.0
2026-04-15 06:58:56,29.6,52.6,148.2,53.6,0.0,0.0,0.0
2026-04-15 06:59:01,29.5,52.6,144.2,53.6,0.0,0.0,0.0
2026-04-15 06:59:06,29.5,52.6,141.4,53.6,0.0,0.0,0.0
2026-04-15 06:59:11,29.7,52.7,138.4,53.6,0.0,0.0,0.0
2026-04-15 06:59:16,29.6,52.7,120.9,53.6,0.0,0.0,0.0
2026-04-15 06:59:21,29.5,52.8,147.7,53.6,0.0,0.0,0.0
2026-04-15 06:59:26,29.5,52.8,129.6,53.6,0.0,0.0,0.0
2026-04-15 06:59:31,29.4,52.9,143.7,53.6,0.0,0.0,0.0
2026-04-15 06:59:36,29.5,53.0,132.1,53.6,0.0,0.0,0.0
2026-04-15 06:59:41,29.5,53.0,132.5,53.6,0.0,0.0,0.0
2026-04-15 06:59:46,29.5,53.0,133.0,53.6,0.0,0.0,0.0
2026-04-15 06:59:51,29.6,52.9,136.7,53.6,0.0,0.0,0.0
2026-04-15 06:59:56,29.4,52.8,151.6,53.6,0.0,0.0,0.0
