Timestamp,Temperature,Humidity,Light,Soil_Moisture,Drip,Mist,Fan
2026-04-13 00:00:00,29.2,60.5,0.0,54.0,0.0,0.0,0.0
2026-04-13 00:00:05,29.5,60.4,18.3,54.0,0.0,0.0,0.0
2026-04-13 00:00:10,29.3,60.4,6.2,54.0,0.0,0.0,0.0
2026-04-13 00:00:15,29.3,60.3,13.7,54.1,0.0,0.0,0.0
2026-04-13 00:00:20,29.3,60.4,0.0,54.1,0.0,0.0,0.0
2026-04-13 00:00:25,29.2,60.4,24.3,54.1,0.0,0.0,0.0
2026-04-13 00:00:30,29.3,60.4,30.4,54.1,0.0,0.0,0.0
2026-04-13 00:00:35,29.2,60.3,13.0,54.1,0.0,0.0,0.0
2026-04-13 00:00:40,29.3,60.3,20.9,54.1,0.0,0.0,0.0
2026-04-13 00:00:45,29.1,60.3,21.7,54.1,0.0,0.0,0.0
2026-04-13 00:00:50,29.3,60.4,28.3,54.1,0.0,0.0,0.0
2026-04-13 00:00:55,29.1,60.5,0.4,54.1,0.0,0.0,0.0
2026-04-13 00:01:00,29.2,60.6,20.7,54.1,0.0,0.0,0.0
2026-04-13 00:01:05,29.3,60.4,36.1,54.1,0.0,0.0,0.0
2026-04-13 00:01:10,29.1,60.5,27.2,54.1,0.0,0.0,0.0
2026-04-13 00:01:15,29.2,60.6,0.0,54.1,0.0,0.0,0.0
2026-04-13 00:01:20,29.4,60.7,3.3,54.1,0.0,0.0,0.0
2026-04-13 00:01:25,29.3,60.6,17.8,54.1,0.0,0.0,0.0
2026-04-13 00:01:30,29.5,60.6,18.7,54.1,0.0,0.0,0.0
2026-04-13 00:01:35,29.3,60.6,12.1,54.1,0.0,0.0,0.0
2026-04-13 00:01:40,29.5,60.6,9.4,54.1,0.0,0.0,0.0
2026-04-13 00:01:45,29.2,60.5,8.6,54.1,0.0,0.0,0.0
2026-04-13 00:01:50,29.3,60.4,11.6,54.1,0.0,0.0,0.0
2026-04-13 00:01:55,29.3,60.5,14.7,54.1,0.0,0.0,0.0
2026-04-13 00:02:00,29.3,60.5,16.9,54.1,0.0,0.0,0.0
2026-04-13 00:02:05,29.2,60.5,0.0,54.0,0.0,0.0,0.0
2026-04-13 00:02:10,29.4,60.6,6.2,54.0,0.0,0.0,0.0
2026-04-13 00:02:15,29.3,60.7,3.8,54.1,0.0,0.0,0.0
2026-04-13 00:02:20,29.3,60.7,0.0,54.1,0.0,0.0,0.0
2026-04-13 00:02:25,29.0,60.7,11.4,54.1,0.0,0.0,0.0
2026-04-13 00:02:30,29.2,60.7,17.0,54.1,0.0,0.0,0.0
2026-04-13 00:02:35,29.4,60.7,49.8,54.1,0.0,0.0,0.0
2026-04-13 00:02:40,29.2,60.7,20.5,54.1,0.0,0.0,0.0
2026-04-13 00:02:45,29.4,60.7,8.6,54.1,0.0,0.0,0.0
2026-04-13 00:02:50,29.2,60.6,10.1,54.1,0.0,0.0,0.0
2026-04-13 00:02:55,29.3,60.6,1.0,54.1,0.0,0.0,0.0
2026-04-13 00:03:00,29.2,60.5,27.9,54.1,0.0,0.0,0.0
2026-04-13 00:03:05,29.2,60.4,0.0,54.1,0.0,0.0,0.0
2026-04-13 00:03:10,29.3,60.4,5.1,54.1,0.0,0.0,0.0
2026-04-13 00:03:15,29.2,60.5,8.7,54.1,0.0,0.0,0.0
2026-04-13 00:03:20,29.3,60.5,10.1,54.1,0.0,0.0,0.0
2026-04-13 00:03:25,29.3,60.5,11.9,54.1,0.0,0.0,0.0
2026-04-13 00:03:30,29.4,60.5,13.8,54.1,0.0,0.0,0.0
2026-04-13 00:03:35,29.2,60.3,26.6,54.1,0.0,0.0,0.0
2026-04-13 00:03:40,29.2,60.3,11.4,54.1,0.0,0.0,0.0
2026-04-13 00:03:45,29.3,60.3,38.3,54.1,0.0,0.0,0.0
2026-04-13 00:03:50,29.2,60.1,11.9,54.1,0.0,0.0,0.0
2026-04-13 00:03:55,29.2,60.2,13.3,54.1,0.0,0.0,0.0
2026-04-13 00:04:00,29.3,60.1,27.9,54.1,0.0,0.0,0.0
2026-04-13 00:04:05,29.2,60.1,19.1,54.1,0.0,0.0,0.0
2026-04-13 00:04:10,29.3,60.2,14.1,54.1,0.0,0.0,0.0
2026-04-13 00:04:15,29.2,60.3,0.9,54.1,0.0,0.0,0.0
2026-04-13 00:04:20,29.2,60.2,14.8,54.1,0.0,0.0,0.0
2026-04-13 00:04:25,29.3,60.2,17.0,54.1,0.0,0.0,0.0
2026-04-13 00:04:30,29.2,60.2,27.0,54.1,0.0,0.0,0.0
2026-04-13 00:04:35,29.1,60.2,14.0,54.1,0.0,0.0,0.0
2026-04-13 00:04:40,29.2,60.3,12.4,54.1,0.0,0.0,0.0
2026-04-13 00:04:45,29.2,60.4,18.4,54.1,0.0,0.0,0.0
2026-04-13 00:04:50,29.1,60.3,40.5,54.1,0.0,0.0,0.0
2026-04-13 00:04:55,29.2,60.3,13.9,54.1,0.0,0.0,0.0
2026-04-13 00:05:00,29.4,60.5,9.9,54.1,0.0,0.0,0.0
2026-04-13 00:05:05,29.3,60.6,7.3,54.1,0.0,0.0,0.0
2026-04-13 00:05:10,29.1,60.5,25.2,54.1,0.0,0.0,0.0
2026-04-13 00:05:15,29.2,60.5,8.6,54.1,0.0,0.0,0.0
2026-04-13 00:05:20,29.3,60.5,27.3,54.1,0.0,0.0,0.0
2026-04-13 00:05:25,29.2,60.5,6.3,54.1,0.0,0.0,0.0
2026-04-13 00:05:30,29.2,60.5,2.2,54.1,0.0,0.0,0.0
2026-04-13 00:05:35,29.2,60.6,24.4,54.1,0.0,0.0,0.0
2026-04-13 00:05:40,29.1,60.7,15.5,54.1,0.0,0.0,0.0
2026-04-13 00:05:45,29.2,60.6,16.2,54.0,0.0,0.0,0.0
2026-04-13 00:05:50,29.2,60.5,1.6,54.0,0.0,0.0,0.0
2026-04-13 00:05:55,29.2,60.6,17.8,54.0,0.0,0.0,0.0
2026-04-13 00:06:00,29.1,60.7,6.4,54.0,0.0,0.0,0.0
2026-04-13 00:06:05,29.2,60.7,17.6,54.1,0.0,0.0,0.0
2026-04-13 00:06:10,29.1,60.7,15.1,54.1,0.0,0.0,0.0
2026-04-13 00:06:15,29.1,60.7,17.1,54.1,0.0,0.0,0.0
2026-04-13 00:06:20,29.1,60.9,19.1,54.1,0.0,0.0,0.0
2026-04-13 00:06:25,29.2,60.9,14.2,54.1,0.0,0.0,0.0
2026-04-13 00:06:30,29.3,60.9,0.1,54.1,0.0,0.0,0.0
2026-04-13 00:06:35,29.3,60.9,18.1,54.1,0.0,0.0,0.0
2026-04-13 00:06:40,29.2,60.8,4.7,54.1,0.0,0.0,0.0
2026-04-13 00:06:45,29.2,60.9,9.6,54.1,0.0,0.0,0.0
2026-04-13 00:06:50,29.1,60.9,27.6,54.1,0.0,0.0,0.0
2026-04-13 00:06:55,29.2,60.8,25.6,54.1,0.0,0.0,0.0
2026-04-13 00:07:00,29.2,60.8,16.8,54.0,0.0,0.0,0.0
2026-04-13 00:07:05,29.2,60.7,16.2,54.0,0.0,0.0,0.0
2026-04-13 00:07:10,29.2,60.6,21.9,54.1,0.0,0.0,0.0
2026-04-13 00:07:15,29.3,60.5,23.1,54.1,0.0,0.0,0.0
2026-04-13 00:07:20,29.2,60.6,35.3,54.1,0.0,0.0,0.0
2026-04-13 00:07:25,29.1,60.7,13.4,54.1,0.0,0.0,0.0
2026-04-13 00:07:30,29.2,60.7,14.8,54.1,0.0,0.0,0.0
2026-04-13 00:07:35,29.2,60.7,21.3,54.1,0.0,0.0,0.0
2026-04-13 00:07:40,29.1,60.7,38.4,54.0,0.0,0.0,0.0
2026-04-13 00:07:45,29.3,60.7,4.2,54.0,0.0,0.0,0.0
2026-04-13 00:07:50,29.1,60.8,12.0,54.0,0.0,0.0,0.0
2026-04-13 00:07:55,29.1,60.6,21.8,54.1,0.0,0.0,0.0
2026-04-13 00:08:00,29.3,60.7,11.7,54.1,0.0,0.0,0.0
2026-04-13 00:08:05,29.2,60.7,20.1,54.1,0.0,0.0,0.0
2026-04-13 00:08:10,29.2,60.5,0.0,54.1,0.0,0.0,0.0
2026-04-13 00:08:15,29.0,60.6,0.0,54.1,0.0,0.0,0.0
2026-04-13 00:08:20,29.1,60.7,0.0,54.1,0.0,0.0,0.0
2026-04-13 00:08:25,29.0,60.7,17.8,54.1,0.0,0.0,0.0
2026-04-13 00:08:30,29.2,60.7,15.9,54.1,0.0,0.0,0.0
2026-04-13 00:08:35,29.2,60.6,25.1,54.1,0.0,0.0,0.0
2026-04-13 00:08:40,29.1,60.7,25.4,54.1,0.0,0.0,0.0
2026-04-13 00:08:45,29.2,60.7,22.6,54.1,0.0,0.0,0.0
2026-04-13 00:08:50,29.1,60.6,16.3,54.1,0.0,0.0,0.0
2026-04-13 00:08:55,29.1,60.7,24.4,54.1,0.0,0.0,0.0
2026-04-13 00:09:00,29.1,60.7,25.6,54.0,0.0,0.0,0.0
2026-04-13 00:09:05,29.2,60.7,3.5,54.0,0.0,0.0,0.0
2026-04-13 00:09:10,29.1,60.5,25.4,54.0,0.0,0.0,0.0
2026-04-13 00:09:15,29.1,60.6,9.7,54.0,0.0,0.0,0.0
2026-04-13 00:09:20,29.2,60.6,6.4,54.0,0.0,0.0,0.0
2026-04-13 00:09:25,29.2,60.8,22.4,54.0,0.0,0.0,0.0
2026-04-13 00:09:30,29.2,60.8,6.9,54.0,0.0,0.0,0.0
2026-04-13 00:09:35,28.9,60.8,23.1,54.0,0.0,0.0,0.0
2026-04-13 00:09:40,29.0,60.9,11.7,54.0,0.0,0.0,0.0
2026-04-13 00:09:45,29.1,60.9,26.1,54.0,0.0,0.0,0.0
2026-04-13 00:09:50,29.2,60.9,5.8,54.0,0.0,0.0,0.0
2026-04-13 00:09:55,29.2,60.7,17.7,54.0,0.0,0.0,0.0
2026-04-13 00:10:00,29.2,60.7,26.8,54.0,0.0,0.0,0.0
2026-04-13 00:10:05,29.3,60.8,13.1,54.0,0.0,0.0,0.0
2026-04-13 00:10:10,29.2,60.7,21.5,54.0,0.0,0.0,0.0
2026-04-13 00:10:15,29.1,60.7,25.4,54.0,0.0,0.0,0.0
2026-04-13 00:10:20,29.1,60.7,23.7,54.0,0.0,0.0,0.0
2026-04-13 00:10:25,29.1,60.8,6.1,54.1,0.0,0.0,0.0
2026-04-13 00:10:30,29.1,60.8,27.7,54.1,0.0,0.0,0.0
2026-04-13 00:10:35,29.0,60.7,3.8,54.0,0.0,0.0,0.0
2026-04-13 00:10:40,29.2,60.8,23.4,54.0,0.0,0.0,0.0
2026-04-13 00:10:45,29.2,60.7,23.0,54.0,0.0,0.0,0.0
2026-04-13 00:10:50,29.2,60.7,27.4,54.0,0.0,0.0,0.0
2026-04-13 00:10:55,29.1,60.8,11.1,54.0,0.0,0.0,0.0
2026-04-13 00:11:00,29.1,60.8,20.2,54.0,0.0,0.0,0.0
2026-04-13 00:11:05,29.2,60.7,13.3,54.0,0.0,0.0,0.0
2026-04-13 00:11:10,29.2,60.7,23.4,54.0,0.0,0.0,0.0
2026-04-13 00:11:15,29.2,60.6,29.5,54.0,0.0,0.0,0.0
2026-04-13 00:11:20,29.2,60.6,20.2,54.0,0.0,0.0,0.0
2026-04-13 00:11:25,29.2,60.6,6.4,54.0,0.0,0.0,0.0
2026-04-13 00:11:30,29.2,60.6,18.6,54.0,0.0,0.0,0.0
2026-04-13 00:11:35,29.2,60.6,24.0,54.0,0.0,0.0,0.0
2026-04-13 00:11:40,29.2,60.6,20.1,54.1,0.0,0.0,0.0
2026-04-13 00:11:45,29.2,60.5,17.1,54.1,0.0,0.0,0.0
2026-04-13 00:11:50,29.4,60.5,20.9,54.1,0.0,0.0,0.0
2026-04-13 00:11:55,29.1,60.5,23.4,54.1,0.0,0.0,0.0
2026-04-13 00:12:00,29.2,60.4,31.6,54.1,0.0,0.0,0.0
2026-04-13 00:12:05,29.2,60.6,33.9,54.1,0.0,0.0,0.0
2026-04-13 00:12:10,29.3,60.5,22.7,54.0,0.0,0.0,0.0
2026-04-13 00:12:15,29.2,60.6,0.0,54.0,0.0,0.0,0.0
2026-04-13 00:12:20,29.2,60.5,13.7,54.1,0.0,0.0,0.0
2026-04-13 00:12:25,29.2,60.6,24.9,54.1,0.0,0.0,0.0
2026-04-13 00:12:30,29.2,60.7,21.7,54.1,0.0,0.0,0.0
2026-04-13 00:12:35,29.1,60.7,0.0,54.1,0.0,0.0,0.0
2026-04-13 00:12:40,29.2,60.6,22.9,54.0,0.0,0.0,0.0
2026-04-13 00:12:45,29.4,60.6,0.0,54.0,0.0,0.0,0.0
2026-04-13 00:12:50,29.3,60.5,8.0,54.0,0.0,0.0,0.0
2026-04-13 00:12:55,29.2,60.7,17.2,54.0,0.0,0.0,0.0
2026-04-13 00:13:00,29.3,60.8,8.2,54.0,0.0,0.0,0.0
2026-04-13 00:13:05,29.2,60.7,2.9,54.0,0.0,0.0,0.0
2026-04-13 00:13:10,29.2,60.8,23.8,54.0,0.0,0.0,0.0
2026-04-13 00:13:15,29.2,60.8,18.8,54.0,0.0,0.0,0.0
2026-04-13 00:13:20,29.2,60.8,13.4,54.0,0.0,0.0,0.0
2026-04-13 00:13:25,29.3,60.8,6.7,54.0,0.0,0.0,0.0
2026-04-13 00:13:30,29.2,60.8,13.8,54.0,0.0,0.0,0.0
2026-04-13 00:13:35,29.3,60.7,12.7,54.0,0.0,0.0,0.0
2026-04-13 00:13:40,29.1,60.6,23.0,54.1,0.0,0.0,0.0
2026-04-13 00:13:45,29.3,60.5,5.1,54.1,0.0,0.0,0.0
2026-04-13 00:13:50,29.3,60.5,39.1,54.1,0.0,0.0,0.0
2026-04-13 00:13:55,29.2,60.3,21.8,54.1,0.0,0.0,0.0
2026-04-13 00:14:00,29.1,60.3,15.8,54.1,0.0,0.0,0.0
2026-04-13 00:14:05,29.2,60.3,20.8,54.1,0.0,0.0,0.0
2026-04-13 00:14:10,29.2,60.3,18.6,54.1,0.0,0.0,0.0
2026-04-13 00:14:15,29.1,60.4,19.3,54.1,0.0,0.0,0.0
2026-04-13 00:14:20,29.2,60.3,14.3,54.1,0.0,0.0,0.0
2026-04-13 00:14:25,29.1,60.5,10.7,54.1,0.0,0.0,0.0
2026-04-13 00:14:30,29.2,60.5,3.6,54.1,0.0,0.0,0.0
2026-04-13 00:14:35,29.3,60.7,21.3,54.1,0.0,0.0,0.0
2026-04-13 00:14:40,29.1,60.6,13.8,54.1,0.0,0.0,0.0
2026-04-13 00:14:45,29.3,60.5,10.5,54.1,0.0,0.0,0.0
2026-04-13 00:14:50,29.2,60.5,22.4,54.0,0.0,0.0,0.0
2026-04-13 00:14:55,29.2,60.6,9.6,54.0,0.0,0.0,0.0
2026-04-13 00:15:00,29.2,60.6,8.3,54.0,0.0,0.0,0.0
2026-04-13 00:15:05,29.3,60.8,40.1,54.0,0.0,0.0,0.0
2026-04-13 00:15:10,29.3,60.8,15.8,54.0,0.0,0.0,0.0
2026-04-13 00:15:15,29.3,60.8,0.0,54.0,0.0,0.0,0.0
2026-04-13 00:15:20,29.3,60.8,33.2,54.0,0.0,0.0,0.0
2026-04-13 00:15:25,29.4,60.9,19.4,54.0,0.0,0.0,0.0
2026-04-13 00:15:30,29.4,60.9,10.5,54.0,0.0,0.0,0.0
2026-04-13 00:15:35,29.2,60.9,13.8,54.1,0.0,0.0,0.0
2026-04-13 00:15:40,29.2,61.0,0.0,54.1,0.0,0.0,0.0
2026-04-13 00:15:45,29.1,61.0,21.9,54.0,0.0,0.0,0.0
2026-04-13 00:15:50,29.2,61.0,30.1,54.0,0.0,0.0,0.0
2026-04-13 00:15:55,29.3,60.9,23.9,54.1,0.0,0.0,0.0
2026-04-13 00:16:00,29.3,61.0,12.6,54.1,0.0,0.0,0.0
2026-04-13 00:16:05,29.2,61.0,8.7,54.1,0.0,0.0,0.0
2026-04-13 00:16:10,29.3,61.1,30.2,54.1,0.0,0.0,0.0
2026-04-13 00:16:15,29.2,61.1,20.3,54.0,0.0,0.0,0.0
2026-04-13 00:16:20,29.3,61.0,11.3,54.0,0.0,0.0,0.0
2026-04-13 00:16:25,29.2,61.1,10.1,54.0,0.0,0.0,0.0
2026-04-13 00:16:30,29.1,61.2,7.3,54.0,0.0,0.0,0.0
2026-04-13 00:16:35,29.1,61.3,7.3,54.0,0.0,0.0,0.0
2026-04-13 00:16:40,29.2,61.2,4.1,54.0,0.0,0.0,0.0
2026-04-13 00:16:45,29.1,61.2,16.7,54.0,0.0,0.0,0.0
2026-04-13 00:16:50,29.1,61.1,25.6,54.0,0.0,0.0,0.0
2026-04-13 00:16:55,29.4,61.1,18.8,54.0,0.0,0.0,0.0
2026-04-13 00:17:00,29.2,61.0,23.7,54.0,0.0,0.0,0.0
2026-04-13 00:17:05,29.2,61.0,26.5,54.1,0.0,0.0,0.0
2026-04-13 00:17:10,29.1,61.0,9.2,54.1,0.0,0.0,0.0
2026-04-13 00:17:15,29.2,60.9,16.5,54.1,0.0,0.0,0.0
2026-04-13 00:17:20,29.1,61.0,5.6,54.0,0.0,0.0,0.0
2026-04-13 00:17:25,29.2,60.9,17.4,54.0,0.0,0.0,0.0
2026-04-13 00:17:30,29.1,60.9,26.4,54.0,0.0,0.0,0.0
2026-04-13 00:17:35,29.2,60.9,15.5,54.0,0.0,0.0,0.0
2026-04-13 00:17:40,29.2,60.9,7.0,54.0,0.0,0.0,0.0
2026-04-13 00:17:45,29.0,61.0,25.5,54.1,0.0,0.0,0.0
2026-04-13 00:17:50,29.2,60.8,3.3,54.1,0.0,0.0,0.0
2026-04-13 00:17:55,29.1,60.7,10.2,54.1,0.0,0.0,0.0
2026-04-13 00:18:00,29.2,60.7,3.2,54.1,0.0,0.0,0.0
2026-04-13 00:18:05,29.2,60.6,7.1,54.1,0.0,0.0,0.0
2026-04-13 00:18:10,29.1,60.6,0.0,54.0,0.0,0.0,0.0
2026-04-13 00:18:15,29.1,60.5,13.9,54.0,0.0,0.0,0.0
2026-04-13 00:18:20,29.1,60.5,32.0,54.0,0.0,0.0,0.0
2026-04-13 00:18:25,29.1,60.5,28.1,54.0,0.0,0.0,0.0
2026-04-13 00:18:30,29.1,60.5,42.9,54.0,0.0,0.0,0.0
2026-04-13 00:18:35,29.0,60.5,14.2,54.0,0.0,0.0,0.0
2026-04-13 00:18:40,29.2,60.5,0.0,54.0,0.0,0.0,0.0
2026-04-13 00:18:45,29.2,60.5,18.8,54.0,0.0,0.0,0.0
2026-04-13 00:18:50,29.1,60.5,0.9,54.0,0.0,0.0,0.0
2026-04-13 00:18:55,29.1,60.4,18.3,54.0,0.0,0.0,0.0
2026-04-13 00:19:00,29.2,60.5,22.6,54.0,0.0,0.0,0.0
2026-04-13 00:19:05,29.2,60.6,33.9,54.0,0.0,0.0,0.0
2026-04-13 00:19:10,29.2,60.5,18.8,54.0,0.0,0.0,0.0
2026-04-13 00:19:15,29.1,60.6,0.0,54.1,0.0,0.0,0.0
2026-04-13 00:19:20,29.2,60.5,3.1,54.1,0.0,0.0,0.0
2026-04-13 00:19:25,29.0,60.6,21.3,54.0,0.0,0.0,0.0
2026-04-13 00:19:30,29.1,60.7,34.5,54.0,0.0,0.0,0.0
2026-04-13 00:19:35,29.4,60.6,21.5,54.0,0.0,0.0,0.0
2026-04-13 00:19:40,29.1,60.7,17.9,54.0,0.0,0.0,0.0
2026-04-13 00:19:45,29.2,60.8,17.0,54.0,0.0,0.0,0.0
2026-04-13 00:19:50,29.1,60.7,2.6,54.0,0.0,0.0,0.0
2026-04-13 00:19:55,29.3,60.7,23.5,54.0,0.0,0.0,0.0
2026-04-13 00:20:00,29.1,60.7,12.6,54.0,0.0,0.0,0.0
2026-04-13 00:20:05,29.2,60.5,7.3,54.0,0.0,0.0,0.0
2026-04-13 00:20:10,29.1,60.7,0.0,54.0,0.0,0.0,0.0
2026-04-13 00:20:15,29.2,60.6,0.0,54.0,0.0,0.0,0.0
2026-04-13 00:20:20,29.2,60.5,22.7,54.0,0.0,0.0,0.0
2026-04-13 00:20:25,29.3,60.5,8.8,54.0,0.0,0.0,0.0
2026-04-13 00:20:30,29.1,60.6,18.9,54.0,0.0,0.0,0.0
2026-04-13 00:20:35,29.1,60.6,16.0,54.0,0.0,0.0,0.0
2026-04-13 00:20:40,29.2,60.6,14.7,54.0,0.0,0.0,0.0
2026-04-13 00:20:45,29.1,60.6,17.9,54.0,0.0,0.0,0.0
2026-04-13 00:20:50,29.2,60.6,2.7,54.0,0.0,0.0,0.0
2026-04-13 00:20:55,29.2,60.5,14.1,54.0,0.0,0.0,0.0
2026-04-13 00:21:00,29.1,60.6,6.3,54.0,0.0,0.0,0.0
2026-04-13 00:21:05,29.2,60.7,18.0,54.0,0.0,0.0,0.0
2026-04-13 00:21:10,29.0,60.6,22.2,54.0,0.0,0.0,0.0
2026-04-13 00:21:15,29.1,60.5,26.5,54.1,0.0,0.0,0.0
2026-04-13 00:21:20,29.2,60.7,4.1,54.1,0.0,0.0,0.0
2026-04-13 00:21:25,29.2,60.5,10.7,54.0,0.0,0.0,0.0
2026-04-13 00:21:30,29.1,60.5,11.9,54.0,0.0,0.0,0.0
2026-04-13 00:21:35,29.1,60.6,15.7,54.0,0.0,0.0,0.0
2026-04-13 00:21:40,29.2,60.8,20.9,54.0,0.0,0.0,0.0
2026-04-13 00:21:45,29.2,60.8,11.7,54.0,0.0,0.0,0.0
2026-04-13 00:21:50,29.1,60.7,10.6,54.0,0.0,0.0,0.0
2026-04-13 00:21:55,29.3,60.8,1.8,54.0,0.0,0.0,0.0
2026-04-13 00:22:00,29.2,60.7,26.9,54.0,0.0,0.0,0.0
2026-04-13 00:22:05,29.2,60.7,7.3,54.1,0.0,0.0,0.0
2026-04-13 00:22:10,29.3,60.8,21.7,54.1,0.0,0.0,0.0
2026-04-13 00:22:15,29.2,60.9,0.0,54.0,0.0,0.0,0.0
2026-04-13 00:22:20,29.1,60.8,14.1,54.0,0.0,0.0,0.0
2026-04-13 00:22:25,29.2,60.8,5.9,54.0,0.0,0.0,0.0
2026-04-13 00:22:30,29.3,60.9,20.6,54.0,0.0,0.0,0.0
2026-04-13 00:22:35,29.2,60.8,0.2,54.0,0.0,0.0,0.0
2026-04-13 00:22:40,29.1,60.9,27.4,54.0,0.0,0.0,0.0
2026-04-13 00:22:45,29.0,61.1,31.3,54.0,0.0,0.0,0.0
2026-04-13 00:22:50,29.2,60.9,18.6,54.0,0.0,0.0,0.0
2026-04-13 00:22:55,29.3,61.0,26.5,54.0,0.0,0.0,0.0
2026-04-13 00:23:00,29.0,60.8,28.8,54.0,0.0,0.0,0.0
2026-04-13 00:23:05,29.1,60.8,6.5,54.0,0.0,0.0,0.0
2026-04-13 00:23:10,29.3,60.7,16.1,54.1,0.0,0.0,0.0
2026-04-13 00:23:15,29.2,60.7,32.4,54.1,0.0,0.0,0.0
2026-04-13 00:23:20,29.2,60.8,0.0,54.1,0.0,0.0,0.0
2026-04-13 00:23:25,29.2,60.8,13.0,54.1,0.0,0.0,0.0
2026-04-13 00:23:30,29.3,60.9,27.3,54.1,0.0,0.0,0.0
2026-04-13 00:23:35,29.2,60.8,29.6,54.1,0.0,0.0,0.0
2026-04-13 00:23:40,29.1,60.7,40.1,54.0,0.0,0.0,0.0
2026-04-13 00:23:45,29.1,60.6,7.5,54.0,0.0,0.0,0.0
2026-04-13 00:23:50,29.1,60.6,19.4,54.0,0.0,0.0,0.0
2026-04-13 00:23:55,29.2,60.7,12.4,54.0,0.0,0.0,0.0
2026-04-13 00:24:00,29.1,60.6,8.0,54.0,0.0,0.0,0.0
2026-04-13 00:24:05,29.2,60.6,16.7,54.0,0.0,0.0,0.0
2026-04-13 00:24:10,29.1,60.6,0.0,54.0,0.0,0.0,0.0
2026-04-13 00:24:15,29.3,60.5,17.5,54.0,0.0,0.0,0.0
2026-04-13 00:24:20,29.1,60.6,23.6,54.0,0.0,0.0,0.0
2026-04-13 00:24:25,29.3,60.8,37.8,54.0,0.0,0.0,0.0
2026-04-13 00:24:30,29.3,60.8,1.5,54.0,0.0,0.0,0.0
2026-04-13 00:24:35,29.3,60.6,38.0,54.0,0.0,0.0,0.0
2026-04-13 00:24:40,29.3,60.6,5.7,54.0,0.0,0.0,0.0
2026-04-13 00:24:45,29.1,60.6,0.0,54.0,0.0,0.0,0.0
2026-04-13 00:24:50,29.2,60.6,20.9,54.0,0.0,0.0,0.0
2026-04-13 00:24:55,29.3,60.5,4.7,54.0,0.0,0.0,0.0
2026-04-13 00:25:00,29.1,60.5,12.0,54.0,0.0,0.0,0.0
2026-04-13 00:25:05,29.3,60.5,7.1,54.1,0.0,0.0,0.0
2026-04-13 00:25:10,29.1,60.5,10.7,54.1,0.0,0.0,0.0
2026-04-13 00:25:15,29.2,60.5,35.5,54.1,0.0,0.0,0.0
2026-04-13 00:25:20,29.3,60.5,29.3,54.1,0.0,0.0,0.0
2026-04-13 00:25:25,29.1,60.4,2.7,54.1,0.0,0.0,0.0
2026-04-13 00:25:30,29.2,60.5,47.4,54.1,0.0,0.0,0.0
2026-04-13 00:25:35,29.2,60.5,18.3,54.1,0.0,0.0,0.0
2026-04-13 00:25:40,29.2,60.4,12.9,54.1,0.0,0.0,0.0
2026-04-13 00:25:45,29.4,60.4,6.4,54.0,0.0,0.0,0.0
2026-04-13 00:25:50,29.1,60.1,5.8,54.0,0.0,0.0,0.0
2026-04-13 00:25:55,29.2,60.2,11.0,54.0,0.0,0.0,0.0
2026-04-13 00:26:00,29.2,60.3,0.0,54.1,0.0,0.0,0.0
2026-04-13 00:26:05,29.1,60.3,5.8,54.1,0.0,0.0,0.0
2026-04-13 00:26:10,29.1,60.3,12.3,54.0,0.0,0.0,0.0
2026-04-13 00:26:15,29.3,60.3,8.8,54.0,0.0,0.0,0.0
2026-04-13 00:26:20,29.3,60.2,9.0,54.0,0.0,0.0,0.0
2026-04-13 00:26:25,29.2,60.1,34.8,54.0,0.0,0.0,0.0
2026-04-13 00:26:30,29.1,60.1,17.8,54.0,0.0,0.0,0.0
2026-04-13 00:26:35,29.3,60.2,0.0,54.0,0.0,0.0,0.0
2026-04-13 00:26:40,29.3,60.2,8.2,54.0,0.0,0.0,0.0
2026-04-13 00:26:45,29.3,60.3,25.0,54.0,0.0,0.0,0.0
2026-04-13 00:26:50,29.2,60.3,18.3,54.0,0.0,0.0,0.0
2026-04-13 00:26:55,29.2,60.3,11.9,54.0,0.0,0.0,0.0
2026-04-13 00:27:00,29.2,60.3,35.4,54.0,0.0,0.0,0.0
2026-04-13 00:27:05,29.2,60.3,33.6,54.0,0.0,0.0,0.0
2026-04-13 00:27:10,29.2,60.3,12.5,54.0,0.0,0.0,0.0
2026-04-13 00:27:15,29.2,60.3,0.2,54.0,0.0,0.0,0.0
2026-04-13 00:27:20,29.2,60.3,0.0,54.0,0.0,0.0,0.0
2026-04-13 00:27:25,29.2,60.4,0.0,54.0,0.0,0.0,0.0
2026-04-13 00:27:30,29.3,60.4,0.0,54.0,0.0,0.0,0.0
2026-04-13 00:27:35,29.3,60.4,33.1,54.0,0.0,0.0,0.0
2026-04-13 00:27:40,29.1,60.6,27.8,54.0,0.0,0.0,0.0
2026-04-13 00:27:45,29.4,60.6,21.6,54.0,0.0,0.0,0.0
2026-04-13 00:27:50,29.2,60.6,14.1,54.0,0.0,0.0,0.0
2026-04-13 00:27:55,29.1,60.6,14.7,54.0,0.0,0.0,0.0
2026-04-13 00:28:00,29.1,60.6,18.1,54.0,0.0,0.0,0.0
2026-04-13 00:28:05,29.3,60.5,24.1,54.0,0.0,0.0,0.0
2026-04-13 00:28:10,29.3,60.6,24.6,54.0,0.0,0.0,0.0
2026-04-13 00:28:15,29.1,60.6,16.9,54.0,0.0,0.0,0.0
2026-04-13 00:28:20,29.2,60.8,3.4,54.0,0.0,0.0,0.0
2026-04-13 00:28:25,29.2,60.8,14.5,54.0,0.0,0.0,0.0
2026-04-13 00:28:30,29.2,60.8,26.9,54.0,0.0,0.0,0.0
2026-04-13 00:28:35,29.1,60.9,9.8,54.0,0.0,0.0,0.0
2026-04-13 00:28:40,29.1,60.9,12.0,54.0,0.0,0.0,0.0
2026-04-13 00:28:45,29.2,60.9,3.0,54.0,0.0,0.0,0.0
2026-04-13 00:28:50,29.1,60.9,31.2,54.0,0.0,0.0,0.0
2026-04-13 00:28:55,29.1,60.8,18.2,54.0,0.0,0.0,0.0
2026-04-13 00:29:00,29.1,60.9,21.1,54.0,0.0,0.0,0.0
2026-04-13 00:29:05,29.2,60.9,21.8,54.0,0.0,0.0,0.0
2026-04-13 00:29:10,29.2,61.0,23.1,54.0,0.0,0.0,0.0
2026-04-13 00:29:15,29.2,61.0,15.9,54.0,0.0,0.0,0.0
2026-04-13 00:29:20,29.2,60.9,32.9,54.0,0.0,0.0,0.0
2026-04-13 00:29:25,29.2,60.9,1.1,54.0,0.0,0.0,0.0
2026-04-13 00:29:30,29.3,60.9,5.8,54.0,0.0,0.0,0.0
2026-04-13 00:29:35,29.3,60.8,28.5,54.0,0.0,0.0,0.0
2026-04-13 00:29:40,29.2,60.8,8.1,54.0,0.0,0.0,0.0
2026-04-13 00:29:45,29.2,60.8,25.6,54.0,0.0,0.0,0.0
2026-04-13 00:29:50,29.3,60.6,18.1,54.0,0.0,0.0,0.0
2026-04-13 00:29:55,29.2,60.5,24.9,54.0,0.0,0.0,0.0
2026-04-13 00:30:00,29.2,60.6,12.6,54.0,0.0,0.0,0.0
2026-04-13 00:30:05,29.2,60.5,22.7,54.0,0.0,0.0,0.0
2026-04-13 00:30:10,29.0,60.5,1.8,54.0,0.0,0.0,0.0
2026-04-13 00:30:15,29.2,60.5,18.5,54.0,0.0,0.0,0.0
2026-04-13 00:30:20,29.2,60.6,7.7,54.0,0.0,0.0,0.0
2026-04-13 00:30:25,29.3,60.5,17.3,54.0,0.0,0.0,0.0
2026-04-13 00:30:30,29.3,60.5,13.4,54.0,0.0,0.0,0.0
2026-04-13 00:30:35,29.0,60.6,14.9,54.0,0.0,0.0,0.0
2026-04-13 00:30:40,29.2,60.7,17.5,54.0,0.0,0.0,0.0
2026-04-13 00:30:45,29.1,60.7,0.0,54.0,0.0,0.0,0.0
2026-04-13 00:30:50,29.1,60.6,21.0,54.0,0.0,0.0,0.0
2026-04-13 00:30:55,29.3,60.8,3.0,54.0,0.0,0.0,0.0
2026-04-13 00:31:00,29.1,60.7,9.1,54.0,0.0,0.0,0.0
2026-04-13 00:31:05,29.0,60.7,10.4,54.0,0.0,0.0,0.0
2026-04-13 00:31:10,29.2,60.5,23.0,54.0,0.0,0.0,0.0
2026-04-13 00:31:15,29.1,60.6,21.7,54.0,0.0,0.0,0.0
2026-04-13 00:31:20,29.1,60.5,19.9,54.0,0.0,0.0,0.0
2026-04-13 00:31:25,29.1,60.7,10.2,54.0,0.0,0.0,0.0
2026-04-13 00:31:30,29.2,60.7,21.7,54.0,0.0,0.0,0.0
2026-04-13 00:31:35,29.1,60.6,37.3,54.0,0.0,0.0,0.0
2026-04-13 00:31:40,29.2,60.8,0.0,54.0,0.0,0.0,0.0
2026-04-13 00:31:45,29.2,60.8,0.0,54.0,0.0,0.0,0.0
2026-04-13 00:31:50,29.2,60.8,21.2,54.0,0.0,0.0,0.0
2026-04-13 00:31:55,29.2,60.6,9.8,54.0,0.0,0.0,0.0
2026-04-13 00:32:00,29.1,60.7,31.7,54.0,0.0,0.0,0.0
2026-04-13 00:32:05,29.4,60.7,18.1,54.0,0.0,0.0,0.0
2026-04-13 00:32:10,29.3,60.7,21.2,54.0,0.0,0.0,0.0
2026-04-13 00:32:15,29.3,60.6,25.7,54.0,0.0,0.0,0.0
2026-04-13 00:32:20,29.2,60.6,17.1,54.0,0.0,0.0,0.0
2026-04-13 00:32:25,29.1,60.6,10.6,54.0,0.0,0.0,0.0
2026-04-13 00:32:30,29.3,60.5,13.3,54.0,0.0,0.0,0.0
2026-04-13 00:32:35,29.3,60.6,9.3,54.0,0.0,0.0,0.0
2026-04-13 00:32:40,29.3,60.5,5.2,54.0,0.0,0.0,0.0
2026-04-13 00:32:45,29.3,60.5,18.8,54.0,0.0,0.0,0.0
2026-04-13 00:32:50,29.1,60.5,22.9,54.0,0.0,0.0,0.0
2026-04-13 00:32:55,29.3,60.6,2.7,54.0,0.0,0.0,0.0
2026-04-13 00:33:00,29.2,60.7,21.1,54.0,0.0,0.0,0.0
2026-04-13 00:33:05,29.2,60.8,22.3,53.9,0.0,0.0,0.0
2026-04-13 00:33:10,29.1,60.8,12.4,53.9,0.0,0.0,0.0
2026-04-13 00:33:15,29.3,60.7,12.2,53.9,0.0,0.0,0.0
2026-04-13 00:33:20,29.3,60.5,15.2,53.9,0.0,0.0,0.0
2026-04-13 00:33:25,29.2,60.5,6.2,54.0,0.0,0.0,0.0
2026-04-13 00:33:30,29.1,60.4,22.0,54.0,0.0,0.0,0.0
2026-04-13 00:33:35,29.3,60.5,9.1,54.0,0.0,0.0,0.0
2026-04-13 00:33:40,29.2,60.6,16.5,53.9,0.0,0.0,0.0
2026-04-13 00:33:45,29.2,60.6,1.1,53.9,0.0,0.0,0.0
2026-04-13 00:33:50,29.0,60.6,3.3,54.0,0.0,0.0,0.0
2026-04-13 00:33:55,29.0,60.7,0.0,54.0,0.0,0.0,0.0
2026-04-13 00:34:00,29.2,60.8,38.1,54.0,0.0,0.0,0.0
2026-04-13 00:34:05,29.2,60.8,31.3,53.9,0.0,0.0,0.0
2026-04-13 00:34:10,29.2,60.8,13.1,53.9,0.0,0.0,0.0
2026-04-13 00:34:15,29.3,60.8,0.3,53.9,0.0,0.0,0.0
2026-04-13 00:34:20,29.2,60.8,22.4,53.9,0.0,0.0,0.0
2026-04-13 00:34:25,29.2,60.9,15.3,53.9,0.0,0.0,0.0
2026-04-13 00:34:30,29.3,60.9,11.8,53.9,0.0,0.0,0.0
2026-04-13 00:34:35,29.3,60.9,24.9,53.9,0.0,0.0,0.0
2026-04-13 00:34:40,29.3,61.1,6.5,54.0,0.0,0.0,0.0
2026-04-13 00:34:45,29.2,60.9,6.9,54.0,0.0,0.0,0.0
2026-04-13 00:34:50,29.2,60.8,7.1,54.0,0.0,0.0,0.0
2026-04-13 00:34:55,29.2,60.9,5.2,54.0,0.0,0.0,0.0
2026-04-13 00:35:00,29.2,60.8,17.7,53.9,0.0,0.0,0.0
2026-04-13 00:35:05,29.2,60.8,28.6,53.9,0.0,0.0,0.0
2026-04-13 00:35:10,28.9,60.7,28.0,53.9,0.0,0.0,0.0
2026-04-13 00:35:15,29.1,60.8,5.4,53.9,0.0,0.0,0.0
2026-04-13 00:35:20,29.2,60.7,19.8,53.9,0.0,0.0,0.0
2026-04-13 00:35:25,29.2,60.7,14.7,54.0,0.0,0.0,0.0
2026-04-13 00:35:30,29.2,60.8,25.3,54.0,0.0,0.0,0.0
2026-04-13 00:35:35,29.1,60.8,27.1,53.9,0.0,0.0,0.0
2026-04-13 00:35:40,29.3,60.6,10.6,53.9,0.0,0.0,0.0
2026-04-13 00:35:45,29.3,60.5,13.5,53.9,0.0,0.0,0.0
2026-04-13 00:35:50,29.3,60.4,8.4,53.9,0.0,0.0,0.0
2026-04-13 00:35:55,29.1,60.4,34.9,53.9,0.0,0.0,0.0
2026-04-13 00:36:00,29.2,60.4,15.3,53.9,0.0,0.0,0.0
2026-04-13 00:36:05,29.1,60.4,0.0,53.9,0.0,0.0,0.0
2026-04-13 00:36:10,29.3,60.3,17.4,53.9,0.0,0.0,0.0
2026-04-13 00:36:15,29.2,60.4,16.1,53.9,0.0,0.0,0.0
2026-04-13 00:36:20,29.2,60.3,7.8,53.9,0.0,0.0,0.0
2026-04-13 00:36:25,29.2,60.3,21.6,53.9,0.0,0.0,0.0
2026-04-13 00:36:30,29.1,60.2,1.8,54.0,0.0,0.0,0.0
2026-04-13 00:36:35,29.2,60.2,5.3,54.0,0.0,0.0,0.0
2026-04-13 00:36:40,29.2,60.2,15.6,54.0,0.0,0.0,0.0
2026-04-13 00:36:45,29.1,60.2,11.5,53.9,0.0,0.0,0.0
2026-04-13 00:36:50,29.2,60.2,1.4,53.9,0.0,0.0,0.0
2026-04-13 00:36:55,29.1,60.2,15.6,53.9,0.0,0.0,0.0
2026-04-13 00:37:00,29.1,60.2,18.6,53.9,0.0,0.0,0.0
2026-04-13 00:37:05,29.1,60.2,19.9,53.9,0.0,0.0,0.0
2026-04-13 00:37:10,29.1,60.1,7.7,53.9,0.0,0.0,0.0
2026-04-13 00:37:15,29.1,60.2,20.1,53.9,0.0,0.0,0.0
2026-04-13 00:37:20,29.2,60.2,12.6,53.9,0.0,0.0,0.0
2026-04-13 00:37:25,29.1,60.3,12.2,53.9,0.0,0.0,0.0
2026-04-13 00:37:30,29.2,60.2,7.3,53.9,0.0,0.0,0.0
2026-04-13 00:37:35,29.0,60.2,1.0,54.0,0.0,0.0,0.0
2026-04-13 00:37:40,29.0,60.2,12.5,54.0,0.0,0.0,0.0
2026-04-13 00:37:45,29.3,60.2,22.2,54.0,0.0,0.0,0.0
2026-04-13 00:37:50,29.2,60.3,0.5,53.9,0.0,0.0,0.0
2026-04-13 00:37:55,29.1,60.3,0.0,53.9,0.0,0.0,0.0
2026-04-13 00:38:00,29.0,60.2,15.8,53.9,0.0,0.0,0.0
2026-04-13 00:38:05,29.1,60.3,15.4,53.9,0.0,0.0,0.0
2026-04-13 00:38:10,29.1,60.3,0.9,53.9,0.0,0.0,0.0
2026-04-13 00:38:15,29.0,60.3,21.8,53.9,0.0,0.0,0.0
2026-04-13 00:38:20,29.0,60.3,11.5,53.9,0.0,0.0,0.0
2026-04-13 00:38:25,29.1,60.3,17.6,53.9,0.0,0.0,0.0
2026-04-13 00:38:30,29.0,60.3,8.7,53.9,0.0,0.0,0.0
2026-04-13 00:38:35,29.0,60.2,7.6,53.9,0.0,0.0,0.0
2026-04-13 00:38:40,29.1,60.2,19.7,53.9,0.0,0.0,0.0
2026-04-13 00:38:45,29.1,60.1,20.3,53.9,0.0,0.0,0.0
2026-04-13 00:38:50,29.0,60.0,15.4,53.9,0.0,0.0,0.0
2026-04-13 00:38:55,29.1,60.0,0.0,53.9,0.0,0.0,0.0
2026-04-13 00:39:00,29.0,59.9,51.7,53.9,0.0,0.0,0.0
2026-04-13 00:39:05,29.0,59.8,7.4,53.9,0.0,0.0,0.0
2026-04-13 00:39:10,29.2,59.9,22.8,53.9,0.0,0.0,0.0
2026-04-13 00:39:15,29.2,59.8,11.7,53.9,0.0,0.0,0.0
2026-04-13 00:39:20,29.2,59.8,11.1,53.9,0.0,0.0,0.0
2026-04-13 00:39:25,28.9,59.9,23.1,53.9,0.0,0.0,0.0
2026-04-13 00:39:30,29.1,60.0,18.3,53.9,0.0,0.0,0.0
2026-04-13 00:39:35,29.0,60.0,15.3,53.9,0.0,0.0,0.0
2026-04-13 00:39:40,29.1,60.0,24.4,53.9,0.0,0.0,0.0
2026-04-13 00:39:45,29.1,59.9,27.0,53.9,0.0,0.0,0.0
2026-04-13 00:39:50,29.2,60.0,8.8,53.9,0.0,0.0,0.0
2026-04-13 00:39:55,29.1,59.9,20.0,53.9,0.0,0.0,0.0
2026-04-13 00:40:00,28.9,59.9,7.4,53.9,0.0,0.0,0.0
2026-04-13 00:40:05,29.1,59.9,28.1,53.9,0.0,0.0,0.0
2026-04-13 00:40:10,29.0,59.9,9.7,53.9,0.0,0.0,0.0
2026-04-13 00:40:15,29.0,59.9,32.9,53.9,0.0,0.0,0.0
2026-04-13 00:40:20,29.1,60.0,15.4,53.9,0.0,0.0,0.0
2026-04-13 00:40:25,29.0,60.2,9.0,53.9,0.0,0.0,0.0
2026-04-13 00:40:30,29.0,60.3,15.9,53.9,0.0,0.0,0.0
2026-04-13 00:40:35,29.0,60.3,10.1,53.9,0.0,0.0,0.0
2026-04-13 00:40:40,29.1,60.4,33.2,53.9,0.0,0.0,0.0
2026-04-13 00:40:45,28.9,60.5,27.5,53.9,0.0,0.0,0.0
2026-04-13 00:40:50,29.1,60.7,7.6,53.9,0.0,0.0,0.0
2026-04-13 00:40:55,29.0,60.8,2.0,53.9,0.0,0.0,0.0
2026-04-13 00:41:00,29.0,60.9,12.7,53.9,0.0,0.0,0.0
2026-04-13 00:41:05,29.1,60.8,17.1,53.9,0.0,0.0,0.0
2026-04-13 00:41:10,28.9,60.9,0.0,53.9,0.0,0.0,0.0
2026-04-13 00:41:15,29.2,60.8,6.4,53.9,0.0,0.0,0.0
2026-04-13 00:41:20,29.1,60.8,10.8,53.9,0.0,0.0,0.0
2026-04-13 00:41:25,29.1,60.9,9.9,53.9,0.0,0.0,0.0
2026-04-13 00:41:30,29.1,60.8,0.0,53.9,0.0,0.0,0.0
2026-04-13 00:41:35,28.9,60.8,15.9,53.9,0.0,0.0,0.0
2026-04-13 00:41:40,29.2,60.9,25.5,53.8,0.0,0.0,0.0
2026-04-13 00:41:45,29.0,60.9,4.1,53.8,0.0,0.0,0.0
2026-04-13 00:41:50,29.0,60.9,32.7,53.9,0.0,0.0,0.0
2026-04-13 00:41:55,29.1,60.8,12.7,53.9,0.0,0.0,0.0
2026-04-13 00:42:00,29.2,60.9,7.1,53.9,0.0,0.0,0.0
2026-04-13 00:42:05,29.0,60.8,6.4,53.9,0.0,0.0,0.0
2026-04-13 00:42:10,29.1,60.9,19.0,53.9,0.0,0.0,0.0
2026-04-13 00:42:15,29.1,60.9,0.0,53.9,0.0,0.0,0.0
2026-04-13 00:42:20,29.1,61.0,12.6,53.9,0.0,0.0,0.0
2026-04-13 00:42:25,29.2,61.0,23.2,53.9,0.0,0.0,0.0
2026-04-13 00:42:30,29.1,61.0,25.0,53.9,0.0,0.0,0.0
2026-04-13 00:42:35,29.0,60.9,0.0,53.9,0.0,0.0,0.0
2026-04-13 00:42:40,28.9,60.9,14.5,53.9,0.0,0.0,0.0
2026-04-13 00:42:45,29.2,60.9,14.2,53.9,0.0,0.0,0.0
2026-04-13 00:42:50,28.9,60.8,0.0,53.9,0.0,0.0,0.0
2026-04-13 00:42:55,29.0,60.9,16.1,53.9,0.0,0.0,0.0
2026-04-13 00:43:00,28.9,61.0,40.9,53.9,0.0,0.0,0.0
2026-04-13 00:43:05,28.9,60.9,23.5,53.9,0.0,0.0,0.0
2026-04-13 00:43:10,29.1,60.8,14.1,53.9,0.0,0.0,0.0
2026-04-13 00:43:15,29.1,60.9,23.4,53.9,0.0,0.0,0.0
2026-04-13 00:43:20,28.9,60.9,9.9,53.9,0.0,0.0,0.0
2026-04-13 00:43:25,29.0,61.0,21.2,53.9,0.0,0.0,0.0
2026-04-13 00:43:30,29.0,60.9,17.4,53.9,0.0,0.0,0.0
2026-04-13 00:43:35,29.0,60.9,10.2,53.9,0.0,0.0,0.0
2026-04-13 00:43:40,28.9,60.7,7.6,53.9,0.0,0.0,0.0
2026-04-13 00:43:45,29.1,60.7,20.4,53.9,0.0,0.0,0.0
2026-04-13 00:43:50,29.1,60.8,15.3,53.9,0.0,0.0,0.0
2026-04-13 00:43:55,29.2,60.7,32.6,53.9,0.0,0.0,0.0
2026-04-13 00:44:00,29.1,60.7,16.6,53.8,0.0,0.0,0.0
2026-04-13 00:44:05,29.0,60.7,17.8,53.8,0.0,0.0,0.0
2026-04-13 00:44:10,29.1,60.7,8.3,53.8,0.0,0.0,0.0
2026-04-13 00:44:15,28.9,60.9,29.3,53.9,0.0,0.0,0.0
2026-04-13 00:44:20,29.1,60.8,18.4,53.9,0.0,0.0,0.0
2026-04-13 00:44:25,29.1,60.8,19.0,53.9,0.0,0.0,0.0
2026-04-13 00:44:30,28.9,60.9,0.3,53.9,0.0,0.0,0.0
2026-04-13 00:44:35,29.1,60.7,2.2,53.9,0.0,0.0,0.0
2026-04-13 00:44:40,28.8,60.7,19.7,53.9,0.0,0.0,0.0
2026-04-13 00:44:45,28.9,60.7,1.2,53.9,0.0,0.0,0.0
2026-04-13 00:44:50,28.9,60.8,11.8,53.9,0.0,0.0,0.0
2026-04-13 00:44:55,28.9,60.7,4.9,53.9,0.0,0.0,0.0
2026-04-13 00:45:00,28.9,60.6,0.0,53.9,0.0,0.0,0.0
2026-04-13 00:45:05,29.1,60.6,18.5,53.9,0.0,0.0,0.0
2026-04-13 00:45:10,29.1,60.5,11.3,53.9,0.0,0.0,0.0
2026-04-13 00:45:15,29.1,60.5,17.4,53.8,0.0,0.0,0.0
2026-04-13 00:45:20,29.0,60.6,11.9,53.8,0.0,0.0,0.0
2026-04-13 00:45:25,29.0,60.7,20.8,53.9,0.0,0.0,0.0
2026-04-13 00:45:30,29.1,60.5,15.6,53.9,0.0,0.0,0.0
2026-04-13 00:45:35,28.9,60.5,2.2,53.9,0.0,0.0,0.0
2026-04-13 00:45:40,29.1,60.6,23.7,53.9,0.0,0.0,0.0
2026-04-13 00:45:45,29.0,60.6,20.5,53.9,0.0,0.0,0.0
2026-04-13 00:45:50,28.9,60.6,9.8,53.8,0.0,0.0,0.0
2026-04-13 00:45:55,29.1,60.6,18.0,53.8,0.0,0.0,0.0
2026-04-13 00:46:00,29.1,60.7,32.0,53.8,0.0,0.0,0.0
2026-04-13 00:46:05,29.0,60.7,30.4,53.8,0.0,0.0,0.0
2026-04-13 00:46:10,29.1,60.8,29.3,53.8,0.0,0.0,0.0
2026-04-13 00:46:15,29.0,60.8,8.1,53.8,0.0,0.0,0.0
2026-04-13 00:46:20,29.1,60.6,19.9,53.8,0.0,0.0,0.0
2026-04-13 00:46:25,29.0,60.6,12.2,53.8,0.0,0.0,0.0
2026-04-13 00:46:30,29.0,60.7,8.5,53.8,0.0,0.0,0.0
2026-04-13 00:46:35,29.1,60.5,2.0,53.8,0.0,0.0,0.0
2026-04-13 00:46:40,29.0,60.5,20.8,53.9,0.0,0.0,0.0
2026-04-13 00:46:45,29.0,60.6,1.3,53.9,0.0,0.0,0.0
2026-04-13 00:46:50,29.1,60.6,26.0,53.9,0.0,0.0,0.0
2026-04-13 00:46:55,29.0,60.6,29.1,53.8,0.0,0.0,0.0
2026-04-13 00:47:00,29.0,60.6,14.6,53.8,0.0,0.0,0.0
2026-04-13 00:47:05,29.1,60.7,22.5,53.8,0.0,0.0,0.0
2026-04-13 00:47:10,29.0,60.6,11.7,53.8,0.0,0.0,0.0
2026-04-13 00:47:15,29.1,60.5,33.6,53.8,0.0,0.0,0.0
2026-04-13 00:47:20,28.9,60.5,0.0,53.8,0.0,0.0,0.0
2026-04-13 00:47:25,29.1,60.5,11.2,53.9,0.0,0.0,0.0
2026-04-13 00:47:30,29.0,60.5,25.0,53.9,0.0,0.0,0.0
2026-04-13 00:47:35,29.2,60.5,2.0,53.8,0.0,0.0,0.0
2026-04-13 00:47:40,29.1,60.6,5.0,53.8,0.0,0.0,0.0
2026-04-13 00:47:45,29.2,60.5,15.3,53.8,0.0,0.0,0.0
2026-04-13 00:47:50,29.2,60.5,18.5,53.8,0.0,0.0,0.0
2026-04-13 00:47:55,29.1,60.4,19.2,53.8,0.0,0.0,0.0
2026-04-13 00:48:00,29.1,60.5,2.0,53.8,0.0,0.0,0.0
2026-04-13 00:48:05,29.0,60.4,2.8,53.8,0.0,0.0,0.0
2026-04-13 00:48:10,29.0,60.4,3.3,53.8,0.0,0.0,0.0
2026-04-13 00:48:15,29.1,60.4,14.0,53.8,0.0,0.0,0.0
2026-04-13 00:48:20,29.0,60.6,24.5,53.8,0.0,0.0,0.0
2026-04-13 00:48:25,29.0,60.7,0.5,53.8,0.0,0.0,0.0
2026-04-13 00:48:30,29.1,60.7,16.3,53.8,0.0,0.0,0.0
2026-04-13 00:48:35,29.1,60.6,25.2,53.8,0.0,0.0,0.0
2026-04-13 00:48:40,29.2,60.6,26.8,53.8,0.0,0.0,0.0
2026-04-13 00:48:45,29.2,60.5,21.5,53.8,0.0,0.0,0.0
2026-04-13 00:48:50,29.2,60.5,0.0,53.8,0.0,0.0,0.0
2026-04-13 00:48:55,29.0,60.6,20.8,53.8,0.0,0.0,0.0
2026-04-13 00:49:00,29.0,60.5,0.0,53.8,0.0,0.0,0.0
2026-04-13 00:49:05,29.1,60.5,6.7,53.8,0.0,0.0,0.0
2026-04-13 00:49:10,29.2,60.4,29.0,53.8,0.0,0.0,0.0
2026-04-13 00:49:15,29.0,60.5,25.2,53.9,0.0,0.0,0.0
2026-04-13 00:49:20,29.0,60.5,8.3,53.9,0.0,0.0,0.0
2026-04-13 00:49:25,29.0,60.5,15.1,53.9,0.0,0.0,0.0
2026-04-13 00:49:30,29.1,60.2,11.4,53.8,0.0,0.0,0.0
2026-04-13 00:49:35,29.0,60.2,11.0,53.8,0.0,0.0,0.0
2026-04-13 00:49:40,29.0,60.2,9.8,53.8,0.0,0.0,0.0
2026-04-13 00:49:45,29.2,60.3,14.6,53.8,0.0,0.0,0.0
2026-04-13 00:49:50,28.9,60.3,10.8,53.8,0.0,0.0,0.0
2026-04-13 00:49:55,29.0,60.5,12.4,53.8,0.0,0.0,0.0
2026-04-13 00:50:00,29.2,60.4,19.0,53.8,0.0,0.0,0.0
2026-04-13 00:50:05,29.0,60.5,24.7,53.8,0.0,0.0,0.0
2026-04-13 00:50:10,29.1,60.6,31.4,53.8,0.0,0.0,0.0
2026-04-13 00:50:15,29.1,60.7,12.7,53.9,0.0,0.0,0.0
2026-04-13 00:50:20,29.0,60.6,15.7,53.9,0.0,0.0,0.0
2026-04-13 00:50:25,29.1,60.6,19.1,53.9,0.0,0.0,0.0
2026-04-13 00:50:30,29.1,60.6,31.4,53.9,0.0,0.0,0.0
2026-04-13 00:50:35,28.9,60.6,11.5,53.9,0.0,0.0,0.0
2026-04-13 00:50:40,29.1,60.5,24.6,53.8,0.0,0.0,0.0
2026-04-13 00:50:45,29.1,60.4,19.5,53.8,0.0,0.0,0.0
2026-04-13 00:50:50,29.0,60.6,9.8,53.8,0.0,0.0,0.0
2026-04-13 00:50:55,29.1,60.4,14.4,53.8,0.0,0.0,0.0
2026-04-13 00:51:00,29.1,60.5,3.2,53.8,0.0,0.0,0.0
2026-04-13 00:51:05,29.1,60.4,26.6,53.8,0.0,0.0,0.0
2026-04-13 00:51:10,29.0,60.4,0.0,53.8,0.0,0.0,0.0
2026-04-13 00:51:15,29.0,60.4,20.2,53.8,0.0,0.0,0.0
2026-04-13 00:51:20,29.1,60.6,7.9,53.8,0.0,0.0,0.0
2026-04-13 00:51:25,29.0,60.7,0.0,53.8,0.0,0.0,0.0
2026-04-13 00:51:30,29.0,60.7,8.3,53.8,0.0,0.0,0.0
2026-04-13 00:51:35,29.0,60.6,18.6,53.8,0.0,0.0,0.0
2026-04-13 00:51:40,29.2,60.7,25.9,53.8,0.0,0.0,0.0
2026-04-13 00:51:45,29.1,60.5,30.1,53.8,0.0,0.0,0.0
2026-04-13 00:51:50,28.9,60.5,6.7,53.8,0.0,0.0,0.0
2026-04-13 00:51:55,29.0,60.6,18.8,53.8,0.0,0.0,0.0
2026-04-13 00:52:00,28.9,60.6,8.5,53.8,0.0,0.0,0.0
2026-04-13 00:52:05,29.0,60.6,17.4,53.8,0.0,0.0,0.0
2026-04-13 00:52:10,28.8,60.6,30.3,53.8,0.0,0.0,0.0
2026-04-13 00:52:15,28.9,60.6,9.4,53.8,0.0,0.0,0.0
2026-04-13 00:52:20,29.1,60.6,3.3,53.8,0.0,0.0,0.0
2026-04-13 00:52:25,28.9,60.7,10.0,53.9,0.0,0.0,0.0
2026-04-13 00:52:30,29.0,60.7,22.5,53.9,0.0,0.0,0.0
2026-04-13 00:52:35,29.0,60.7,12.7,53.9,0.0,0.0,0.0
2026-04-13 00:52:40,29.0,60.6,9.2,53.9,0.0,0.0,0.0
2026-04-13 00:52:45,29.1,60.7,20.8,53.9,0.0,0.0,0.0
2026-04-13 00:52:50,29.1,60.7,38.0,53.8,0.0,0.0,0.0
2026-04-13 00:52:55,29.0,60.6,16.9,53.8,0.0,0.0,0.0
2026-04-13 00:53:00,29.0,60.6,38.0,53.8,0.0,0.0,0.0
2026-04-13 00:53:05,29.0,60.6,14.0,53.8,0.0,0.0,0.0
2026-04-13 00:53:10,28.9,60.6,8.8,53.8,0.0,0.0,0.0
2026-04-13 00:53:15,29.1,60.6,36.5,53.8,0.0,0.0,0.0
2026-04-13 00:53:20,28.8,60.6,23.3,53.8,0.0,0.0,0.0
2026-04-13 00:53:25,29.1,60.6,13.9,53.8,0.0,0.0,0.0
2026-04-13 00:53:30,29.0,60.5,7.4,53.8,0.0,0.0,0.0
2026-04-13 00:53:35,29.1,60.3,14.0,53.8,0.0,0.0,0.0
2026-04-13 00:53:40,28.9,60.4,5.4,53.8,0.0,0.0,0.0
2026-04-13 00:53:45,28.9,60.4,10.6,53.8,0.0,0.0,0.0
2026-04-13 00:53:50,29.1,60.4,25.4,53.8,0.0,0.0,0.0
2026-04-13 00:53:55,28.8,60.6,17.2,53.8,0.0,0.0,0.0
2026-04-13 00:54:00,29.0,60.5,3.9,53.8,0.0,0.0,0.0
2026-04-13 00:54:05,29.0,60.4,31.6,53.8,0.0,0.0,0.0
2026-04-13 00:54:10,28.7,60.4,15.8,53.8,0.0,0.0,0.0
2026-04-13 00:54:15,29.0,60.3,14.6,53.8,0.0,0.0,0.0
2026-04-13 00:54:20,29.1,60.4,34.0,53.8,0.0,0.0,0.0
2026-04-13 00:54:25,29.0,60.4,18.4,53.8,0.0,0.0,0.0
2026-04-13 00:54:30,29.1,60.5,5.2,53.8,0.0,0.0,0.0
2026-04-13 00:54:35,29.1,60.6,4.2,53.8,0.0,0.0,0.0
2026-04-13 00:54:40,29.0,60.5,30.6,53.8,0.0,0.0,0.0
2026-04-13 00:54:45,29.0,60.5,10.1,53.8,0.0,0.0,0.0
2026-04-13 00:54:50,29.1,60.4,10.6,53.8,0.0,0.0,0.0
2026-04-13 00:54:55,29.0,60.4,26.2,53.8,0.0,0.0,0.0
2026-04-13 00:55:00,29.0,60.2,0.0,53.8,0.0,0.0,0.0
2026-04-13 00:55:05,29.0,60.2,16.7,53.8,0.0,0.0,0.0
2026-04-13 00:55:10,29.0,60.3,19.0,53.8,0.0,0.0,0.0
2026-04-13 00:55:15,29.1,60.4,28.3,53.7,0.0,0.0,0.0
2026-04-13 00:55:20,29.0,60.4,16.7,53.7,0.0,0.0,0.0
2026-04-13 00:55:25,29.0,60.5,0.2,53.7,0.0,0.0,0.0
2026-04-13 00:55:30,28.9,60.3,26.7,53.8,0.0,0.0,0.0
2026-04-13 00:55:35,29.2,60.4,4.2,53.8,0.0,0.0,0.0
2026-04-13 00:55:40,28.9,60.5,35.8,53.8,0.0,0.0,0.0
2026-04-13 00:55:45,29.0,60.4,19.2,53.8,0.0,0.0,0.0
2026-04-13 00:55:50,29.0,60.4,36.9,53.8,0.0,0.0,0.0
2026-04-13 00:55:55,29.0,60.4,17.2,53.8,0.0,0.0,0.0
2026-04-13 00:56:00,29.1,60.4,24.9,53.8,0.0,0.0,0.0
2026-04-13 00:56:05,28.9,60.4,23.1,53.8,0.0,0.0,0.0
2026-04-13 00:56:10,29.0,60.2,1.9,53.8,0.0,0.0,0.0
2026-04-13 00:56:15,29.0,60.3,13.3,53.8,0.0,0.0,0.0
2026-04-13 00:56:20,29.0,60.3,10.7,53.8,0.0,0.0,0.0
2026-04-13 00:56:25,29.0,60.4,7.8,53.8,0.0,0.0,0.0
2026-04-13 00:56:30,28.9,60.6,7.8,53.8,0.0,0.0,0.0
2026-04-13 00:56:35,29.0,60.6,17.7,53.8,0.0,0.0,0.0
2026-04-13 00:56:40,29.2,60.8,12.1,53.8,0.0,0.0,0.0
2026-04-13 00:56:45,29.0,60.9,10.2,53.8,0.0,0.0,0.0
2026-04-13 00:56:50,29.0,60.9,0.0,53.8,0.0,0.0,0.0
2026-04-13 00:56:55,29.0,60.9,8.2,53.8,0.0,0.0,0.0
2026-04-13 00:57:00,29.1,61.0,34.7,53.8,0.0,0.0,0.0
2026-04-13 00:57:05,28.9,60.9,5.8,53.8,0.0,0.0,0.0
2026-04-13 00:57:10,29.0,60.9,11.6,53.8,0.0,0.0,0.0
2026-04-13 00:57:15,28.9,60.8,4.7,53.8,0.0,0.0,0.0
2026-04-13 00:57:20,28.8,60.8,19.3,53.8,0.0,0.0,0.0
2026-04-13 00:57:25,29.1,60.8,46.1,53.8,0.0,0.0,0.0
2026-04-13 00:57:30,29.0,60.9,4.4,53.8,0.0,0.0,0.0
2026-04-13 00:57:35,29.1,61.0,14.6,53.8,0.0,0.0,0.0
2026-04-13 00:57:40,28.9,60.9,10.5,53.8,0.0,0.0,0.0
2026-04-13 00:57:45,28.9,60.8,1.2,53.8,0.0,0.0,0.0
2026-04-13 00:57:50,29.0,60.8,23.1,53.8,0.0,0.0,0.0
2026-04-13 00:57:55,29.0,60.7,11.5,53.8,0.0,0.0,0.0
2026-04-13 00:58:00,29.0,60.6,13.2,53.8,0.0,0.0,0.0
2026-04-13 00:58:05,29.0,60.6,24.7,53.8,0.0,0.0,0.0
2026-04-13 00:58:10,28.9,60.7,6.2,53.8,0.0,0.0,0.0
2026-04-13 00:58:15,29.1,60.7,3.0,53.8,0.0,0.0,0.0
2026-04-13 00:58:20,29.1,60.7,19.7,53.8,0.0,0.0,0.0
2026-04-13 00:58:25,28.9,60.6,11.2,53.8,0.0,0.0,0.0
2026-04-13 00:58:30,28.9,60.6,22.2,53.8,0.0,0.0,0.0
2026-04-13 00:58:35,29.0,60.6,16.5,53.8,0.0,0.0,0.0
2026-04-13 00:58:40,29.0,60.5,6.0,53.8,0.0,0.0,0.0
2026-04-13 00:58:45,28.9,60.5,20.7,53.8,0.0,0.0,0.0
2026-04-13 00:58:50,28.9,60.4,9.3,53.8,0.0,0.0,0.0
2026-04-13 00:58:55,28.9,60.5,22.8,53.8,0.0,0.0,0.0
2026-04-13 00:59:00,28.8,60.6,9.1,53.8,0.0,0.0,0.0
2026-04-13 00:59:05,29.0,60.6,12.7,53.9,0.0,0.0,0.0
2026-04-13 00:59:10,28.9,60.7,23.9,53.9,0.0,0.0,0.0
2026-04-13 00:59:15,29.0,60.7,10.5,53.9,0.0,0.0,0.0
2026-04-13 00:59:20,28.8,60.8,12.8,53.9,0.0,0.0,0.0
2026-04-13 00:59:25,29.0,60.7,4.8,53.9,0.0,0.0,0.0
2026-04-13 00:59:30,28.9,60.8,5.8,53.9,0.0,0.0,0.0
2026-04-13 00:59:35,28.9,60.6,28.7,53.9,0.0,0.0,0.0
2026-04-13 00:59:40,28.9,60.5,23.3,53.9,0.0,0.0,0.0
2026-04-13 00:59:45,29.0,60.6,14.8,53.9,0.0,0.0,0.0
2026-04-13 00:59:50,28.8,60.4,26.9,53.9,0.0,0.0,0.0
2026-04-13 00:59:55,28.9,60.4,0.0,53.9,0.0,0.0,0.0
2026-04-13 01:00:00,28.9,60.3,24.1,53.8,0.0,0.0,0.0
2026-04-13 01:00:05,28.9,60.3,11.6,53.8,0.0,0.0,0.0
2026-04-13 01:00:10,29.0,60.2,17.0,53.8,0.0,0.0,0.0
2026-04-13 01:00:15,29.0,60.3,13.7,53.8,0.0,0.0,0.0
2026-04-13 01:00:20,28.9,60.3,0.0,53.8,0.0,0.0,0.0
2026-04-13 01:00:25,28.9,60.3,5.5,53.8,0.0,0.0,0.0
2026-04-13 01:00:30,28.8,60.3,28.5,53.8,0.0,0.0,0.0
2026-04-13 01:00:35,28.9,60.4,1.7,53.8,0.0,0.0,0.0
2026-04-13 01:00:40,28.8,60.5,15.1,53.8,0.0,0.0,0.0
2026-04-13 01:00:45,28.9,60.3,13.7,53.8,0.0,0.0,0.0
2026-04-13 01:00:50,28.9,60.4,26.5,53.8,0.0,0.0,0.0
2026-04-13 01:00:55,28.9,60.5,11.3,53.8,0.0,0.0,0.0
2026-04-13 01:01:00,28.7,60.4,12.9,53.8,0.0,0.0,0.0
2026-04-13 01:01:05,28.9,60.4,19.9,53.8,0.0,0.0,0.0
2026-04-13 01:01:10,29.0,60.4,20.3,53.8,0.0,0.0,0.0
2026-04-13 01:01:15,29.0,60.5,19.0,53.8,0.0,0.0,0.0
2026-04-13 01:01:20,28.9,60.5,4.4,53.8,0.0,0.0,0.0
2026-04-13 01:01:25,28.8,60.5,0.0,53.8,0.0,0.0,0.0
2026-04-13 01:01:30,28.9,60.5,12.7,53.8,0.0,0.0,0.0
2026-04-13 01:01:35,28.7,60.4,28.4,53.8,0.0,0.0,0.0
2026-04-13 01:01:40,29.0,60.4,2.4,53.8,0.0,0.0,0.0
2026-04-13 01:01:45,29.0,60.3,29.5,53.8,0.0,0.0,0.0
2026-04-13 01:01:50,28.9,60.3,0.0,53.8,0.0,0.0,0.0
2026-04-13 01:01:55,29.0,60.4,11.9,53.8,0.0,0.0,0.0
2026-04-13 01:02:00,29.0,60.4,38.0,53.8,0.0,0.0,0.0
2026-04-13 01:02:05,28.9,60.3,25.1,53.8,0.0,0.0,0.0
2026-04-13 01:02:10,29.0,60.4,0.0,53.8,0.0,0.0,0.0
2026-04-13 01:02:15,28.9,60.3,19.1,53.8,0.0,0.0,0.0
2026-04-13 01:02:20,28.9,60.3,24.1,53.8,0.0,0.0,0.0
2026-04-13 01:02:25,28.8,60.3,15.3,53.8,0.0,0.0,0.0
2026-04-13 01:02:30,28.8,60.2,3.4,53.8,0.0,0.0,0.0
2026-04-13 01:02:35,28.9,60.3,0.0,53.8,0.0,0.0,0.0
2026-04-13 01:02:40,28.9,60.2,6.6,53.8,0.0,0.0,0.0
2026-04-13 01:02:45,28.8,60.3,11.8,53.8,0.0,0.0,0.0
2026-04-13 01:02:50,28.9,60.2,21.0,53.8,0.0,0.0,0.0
2026-04-13 01:02:55,29.0,60.2,9.0,53.8,0.0,0.0,0.0
2026-04-13 01:03:00,28.9,60.3,19.6,53.8,0.0,0.0,0.0
2026-04-13 01:03:05,29.1,60.3,22.1,53.8,0.0,0.0,0.0
2026-04-13 01:03:10,28.9,60.3,0.7,53.8,0.0,0.0,0.0
2026-04-13 01:03:15,29.0,60.4,8.4,53.8,0.0,0.0,0.0
2026-04-13 01:03:20,28.9,60.4,22.4,53.8,0.0,0.0,0.0
2026-04-13 01:03:25,28.9,60.5,20.4,53.8,0.0,0.0,0.0
2026-04-13 01:03:30,29.0,60.5,9.9,53.8,0.0,0.0,0.0
2026-04-13 01:03:35,28.9,60.5,13.8,53.8,0.0,0.0,0.0
2026-04-13 01:03:40,28.9,60.5,0.0,53.8,0.0,0.0,0.0
2026-04-13 01:03:45,28.9,60.5,5.9,53.8,0.0,0.0,0.0
2026-04-13 01:03:50,28.9,60.5,8.3,53.8,0.0,0.0,0.0
2026-04-13 01:03:55,29.0,60.7,24.1,53.8,0.0,0.0,0.0
2026-04-13 01:04:00,28.8,60.7,40.1,53.8,0.0,0.0,0.0
2026-04-13 01:04:05,28.9,60.7,2.1,53.8,0.0,0.0,0.0
2026-04-13 01:04:10,28.8,60.8,29.2,53.8,0.0,0.0,0.0
2026-04-13 01:04:15,28.9,60.7,26.2,53.9,0.0,0.0,0.0
2026-04-13 01:04:20,28.9,60.8,15.8,53.9,0.0,0.0,0.0
2026-04-13 01:04:25,28.9,60.9,15.1,53.8,0.0,0.0,0.0
2026-04-13 01:04:30,28.9,60.8,21.1,53.8,0.0,0.0,0.0
2026-04-13 01:04:35,29.0,60.7,10.8,53.8,0.0,0.0,0.0
2026-04-13 01:04:40,28.8,60.8,4.1,53.8,0.0,0.0,0.0
2026-04-13 01:04:45,29.0,61.0,14.6,53.8,0.0,0.0,0.0
2026-04-13 01:04:50,28.9,61.0,15.9,53.9,0.0,0.0,0.0
2026-04-13 01:04:55,28.8,61.1,12.1,53.9,0.0,0.0,0.0
2026-04-13 01:05:00,28.8,61.1,3.9,53.9,0.0,0.0,0.0
2026-04-13 01:05:05,29.0,61.0,12.6,53.8,0.0,0.0,0.0
2026-04-13 01:05:10,29.0,60.8,21.6,53.8,0.0,0.0,0.0
2026-04-13 01:05:15,28.8,60.9,17.4,53.8,0.0,0.0,0.0
2026-04-13 01:05:20,28.9,60.9,6.1,53.8,0.0,0.0,0.0
2026-04-13 01:05:25,29.0,61.0,6.2,53.9,0.0,0.0,0.0
2026-04-13 01:05:30,28.8,61.0,16.4,53.9,0.0,0.0,0.0
2026-04-13 01:05:35,28.8,61.0,6.1,53.9,0.0,0.0,0.0
2026-04-13 01:05:40,28.9,60.9,7.3,53.9,0.0,0.0,0.0
2026-04-13 01:05:45,29.0,61.0,16.1,53.8,0.0,0.0,0.0
2026-04-13 01:05:50,28.8,61.0,13.7,53.8,0.0,0.0,0.0
2026-04-13 01:05:55,29.0,61.0,14.7,53.8,0.0,0.0,0.0
2026-04-13 01:06:00,28.9,60.9,9.2,53.8,0.0,0.0,0.0
2026-04-13 01:06:05,28.9,61.0,19.5,53.8,0.0,0.0,0.0
2026-04-13 01:06:10,28.8,60.8,0.0,53.8,0.0,0.0,0.0
2026-04-13 01:06:15,28.7,60.9,4.4,53.8,0.0,0.0,0.0
2026-04-13 01:06:20,29.0,60.9,28.7,53.8,0.0,0.0,0.0
2026-04-13 01:06:25,28.9,60.8,32.6,53.8,0.0,0.0,0.0
2026-04-13 01:06:30,28.7,60.7,26.5,53.8,0.0,0.0,0.0
2026-04-13 01:06:35,28.9,60.7,13.3,53.8,0.0,0.0,0.0
2026-04-13 01:06:40,28.8,60.7,17.6,53.8,0.0,0.0,0.0
2026-04-13 01:06:45,28.7,60.7,33.9,53.8,0.0,0.0,0.0
2026-04-13 01:06:50,28.8,60.8,7.5,53.9,0.0,0.0,0.0
2026-04-13 01:06:55,28.7,60.8,14.9,53.9,0.0,0.0,0.0
2026-04-13 01:07:00,28.9,60.9,14.9,53.9,0.0,0.0,0.0
2026-04-13 01:07:05,28.8,60.8,4.9,53.8,0.0,0.0,0.0
2026-04-13 01:07:10,28.8,60.7,25.3,53.8,0.0,0.0,0.0
2026-04-13 01:07:15,28.9,60.7,6.1,53.9,0.0,0.0,0.0
2026-04-13 01:07:20,28.8,60.7,9.0,53.9,0.0,0.0,0.0
2026-04-13 01:07:25,28.9,60.6,16.3,53.8,0.0,0.0,0.0
2026-04-13 01:07:30,28.9,60.6,25.0,53.8,0.0,0.0,0.0
2026-04-13 01:07:35,28.9,60.5,19.8,53.8,0.0,0.0,0.0
2026-04-13 01:07:40,28.9,60.4,4.2,53.8,0.0,0.0,0.0
2026-04-13 01:07:45,28.8,60.4,19.4,53.8,0.0,0.0,0.0
2026-04-13 01:07:50,28.9,60.3,14.4,53.8,0.0,0.0,0.0
2026-04-13 01:07:55,28.7,60.2,7.9,53.9,0.0,0.0,0.0
2026-04-13 01:08:00,28.9,60.2,19.8,53.9,0.0,0.0,0.0
2026-04-13 01:08:05,28.7,60.1,0.0,53.9,0.0,0.0,0.0
2026-04-13 01:08:10,28.8,60.0,23.1,53.9,0.0,0.0,0.0
2026-04-13 01:08:15,28.8,60.0,10.6,53.9,0.0,0.0,0.0
2026-04-13 01:08:20,28.9,60.0,20.6,53.9,0.0,0.0,0.0
2026-04-13 01:08:25,28.8,60.0,31.6,53.9,0.0,0.0,0.0
2026-04-13 01:08:30,28.9,60.0,23.6,53.9,0.0,0.0,0.0
2026-04-13 01:08:35,28.9,60.1,11.1,53.8,0.0,0.0,0.0
2026-04-13 01:08:40,28.8,60.1,6.1,53.8,0.0,0.0,0.0
2026-04-13 01:08:45,28.9,60.1,28.9,53.8,0.0,0.0,0.0
2026-04-13 01:08:50,28.8,60.2,19.2,53.8,0.0,0.0,0.0
2026-04-13 01:08:55,28.9,60.2,31.8,53.8,0.0,0.0,0.0
2026-04-13 01:09:00,28.8,60.2,29.2,53.8,0.0,0.0,0.0
2026-04-13 01:09:05,28.9,60.3,28.7,53.8,0.0,0.0,0.0
2026-04-13 01:09:10,29.0,60.3,13.7,53.8,0.0,0.0,0.0
2026-04-13 01:09:15,28.7,60.3,10.9,53.8,0.0,0.0,0.0
2026-04-13 01:09:20,28.8,60.3,25.2,53.8,0.0,0.0,0.0
2026-04-13 01:09:25,28.9,60.2,13.0,53.8,0.0,0.0,0.0
2026-04-13 01:09:30,28.9,60.3,22.9,53.8,0.0,0.0,0.0
2026-04-13 01:09:35,29.0,60.2,8.9,53.8,0.0,0.0,0.0
2026-04-13 01:09:40,28.9,60.3,15.2,53.8,0.0,0.0,0.0
2026-04-13 01:09:45,28.8,60.4,11.9,53.8,0.0,0.0,0.0
2026-04-13 01:09:50,29.0,60.4,9.9,53.8,0.0,0.0,0.0
2026-04-13 01:09:55,28.9,60.5,1.4,53.8,0.0,0.0,0.0
2026-04-13 01:10:00,29.0,60.4,9.6,53.8,0.0,0.0,0.0
2026-04-13 01:10:05,28.8,60.4,2.0,53.8,0.0,0.0,0.0
2026-04-13 01:10:10,29.0,60.6,0.0,53.9,0.0,0.0,0.0
2026-04-13 01:10:15,28.9,60.6,8.7,53.9,0.0,0.0,0.0
2026-04-13 01:10:20,28.8,60.7,23.7,53.8,0.0,0.0,0.0
2026-04-13 01:10:25,29.0,60.7,23.4,53.8,0.0,0.0,0.0
2026-04-13 01:10:30,28.8,60.7,0.0,53.8,0.0,0.0,0.0
2026-04-13 01:10:35,28.9,60.8,25.9,53.8,0.0,0.0,0.0
2026-04-13 01:10:40,28.9,60.7,10.3,53.8,0.0,0.0,0.0
2026-04-13 01:10:45,28.9,60.7,1.9,53.8,0.0,0.0,0.0
2026-04-13 01:10:50,28.8,60.8,29.7,53.8,0.0,0.0,0.0
2026-04-13 01:10:55,28.8,60.8,11.0,53.8,0.0,0.0,0.0
2026-04-13 01:11:00,28.8,60.7,3.9,53.8,0.0,0.0,0.0
2026-04-13 01:11:05,28.8,60.8,3.6,53.8,0.0,0.0,0.0
2026-04-13 01:11:10,28.8,60.8,18.1,53.8,0.0,0.0,0.0
2026-04-13 01:11:15,28.9,60.7,0.0,53.9,0.0,0.0,0.0
2026-04-13 01:11:20,28.9,60.6,0.0,53.9,0.0,0.0,0.0
2026-04-13 01:11:25,28.9,60.6,24.7,53.8,0.0,0.0,0.0
2026-04-13 01:11:30,28.8,60.7,0.0,53.8,0.0,0.0,0.0
2026-04-13 01:11:35,28.9,60.7,5.7,53.8,0.0,0.0,0.0
2026-04-13 01:11:40,28.6,60.7,25.4,53.8,0.0,0.0,0.0
2026-04-13 01:11:45,28.9,60.7,12.9,53.8,0.0,0.0,0.0
2026-04-13 01:11:50,28.9,60.8,12.6,53.8,0.0,0.0,0.0
2026-04-13 01:11:55,28.8,60.9,27.8,53.8,0.0,0.0,0.0
2026-04-13 01:12:00,29.1,60.9,5.9,53.8,0.0,0.0,0.0
2026-04-13 01:12:05,28.9,60.8,14.7,53.8,0.0,0.0,0.0
2026-04-13 01:12:10,28.9,60.9,25.8,53.8,0.0,0.0,0.0
2026-04-13 01:12:15,28.9,60.9,10.1,53.8,0.0,0.0,0.0
2026-04-13 01:12:20,28.8,60.8,6.7,53.8,0.0,0.0,0.0
2026-04-13 01:12:25,28.9,60.9,4.1,53.8,0.0,0.0,0.0
2026-04-13 01:12:30,29.0,60.9,15.5,53.8,0.0,0.0,0.0
2026-04-13 01:12:35,28.9,61.0,22.8,53.8,0.0,0.0,0.0
2026-04-13 01:12:40,28.9,60.9,14.2,53.8,0.0,0.0,0.0
2026-04-13 01:12:45,28.8,61.0,6.1,53.8,0.0,0.0,0.0
2026-04-13 01:12:50,29.0,60.9,21.0,53.8,0.0,0.0,0.0
2026-04-13 01:12:55,29.0,60.9,14.5,53.8,0.0,0.0,0.0
2026-04-13 01:13:00,28.9,61.0,0.0,53.8,0.0,0.0,0.0
2026-04-13 01:13:05,28.9,61.1,11.6,53.8,0.0,0.0,0.0
2026-04-13 01:13:10,29.0,61.1,22.4,53.8,0.0,0.0,0.0
2026-04-13 01:13:15,29.0,61.0,15.8,53.8,0.0,0.0,0.0
2026-04-13 01:13:20,28.8,61.0,33.5,53.8,0.0,0.0,0.0
2026-04-13 01:13:25,28.9,60.9,25.5,53.8,0.0,0.0,0.0
2026-04-13 01:13:30,29.1,60.9,30.1,53.8,0.0,0.0,0.0
2026-04-13 01:13:35,28.9,60.9,18.2,53.8,0.0,0.0,0.0
2026-04-13 01:13:40,29.0,60.8,6.8,53.8,0.0,0.0,0.0
2026-04-13 01:13:45,28.8,60.9,14.6,53.8,0.0,0.0,0.0
2026-04-13 01:13:50,28.9,60.9,16.5,53.8,0.0,0.0,0.0
2026-04-13 01:13:55,29.0,61.0,8.0,53.8,0.0,0.0,0.0
2026-04-13 01:14:00,28.9,61.0,25.0,53.8,0.0,0.0,0.0
2026-04-13 01:14:05,28.8,60.9,0.0,53.8,0.0,0.0,0.0
2026-04-13 01:14:10,29.0,60.8,19.1,53.8,0.0,0.0,0.0
2026-04-13 01:14:15,29.2,60.9,12.9,53.8,0.0,0.0,0.0
2026-04-13 01:14:20,28.9,61.0,6.5,53.8,0.0,0.0,0.0
2026-04-13 01:14:25,28.7,61.1,17.8,53.9,0.0,0.0,0.0
2026-04-13 01:14:30,29.0,61.2,9.9,53.9,0.0,0.0,0.0
2026-04-13 01:14:35,29.1,61.0,10.0,53.9,0.0,0.0,0.0
2026-04-13 01:14:40,28.9,61.2,22.3,53.8,0.0,0.0,0.0
2026-04-13 01:14:45,28.9,61.1,0.0,53.8,0.0,0.0,0.0
2026-04-13 01:14:50,28.9,61.1,14.9,53.9,0.0,0.0,0.0
2026-04-13 01:14:55,28.8,61.0,5.4,53.9,0.0,0.0,0.0
2026-04-13 01:15:00,28.9,60.9,11.8,53.8,0.0,0.0,0.0
2026-04-13 01:15:05,28.9,61.0,21.1,53.8,0.0,0.0,0.0
2026-04-13 01:15:10,28.9,60.9,27.2,53.8,0.0,0.0,0.0
2026-04-13 01:15:15,28.9,60.8,6.2,53.9,0.0,0.0,0.0
2026-04-13 01:15:20,28.9,60.9,24.1,53.9,0.0,0.0,0.0
2026-04-13 01:15:25,28.8,60.9,16.9,53.9,0.0,0.0,0.0
2026-04-13 01:15:30,28.8,60.8,7.6,53.9,0.0,0.0,0.0
2026-04-13 01:15:35,28.8,60.7,10.2,53.9,0.0,0.0,0.0
2026-04-13 01:15:40,28.8,60.7,28.3,53.9,0.0,0.0,0.0
2026-04-13 01:15:45,28.8,60.7,12.3,53.8,0.0,0.0,0.0
2026-04-13 01:15:50,28.8,60.6,26.5,53.8,0.0,0.0,0.0
2026-04-13 01:15:55,28.9,60.7,21.0,53.8,0.0,0.0,0.0
2026-04-13 01:16:00,28.8,60.7,15.3,53.8,0.0,0.0,0.0
2026-04-13 01:16:05,28.8,60.7,8.9,53.8,0.0,0.0,0.0
2026-04-13 01:16:10,28.9,60.5,16.0,53.8,0.0,0.0,0.0
2026-04-13 01:16:15,28.9,60.7,25.8,53.8,0.0,0.0,0.0
2026-04-13 01:16:20,28.9,60.6,22.7,53.8,0.0,0.0,0.0
2026-04-13 01:16:25,28.9,60.5,10.5,53.8,0.0,0.0,0.0
2026-04-13 01:16:30,28.9,60.6,5.6,53.8,0.0,0.0,0.0
2026-04-13 01:16:35,28.7,60.7,3.9,53.8,0.0,0.0,0.0
2026-04-13 01:16:40,28.9,60.5,6.8,53.8,0.0,0.0,0.0
2026-04-13 01:16:45,29.0,60.6,10.0,53.8,0.0,0.0,0.0
2026-04-13 01:16:50,28.9,60.5,23.4,53.8,0.0,0.0,0.0
2026-04-13 01:16:55,28.9,60.6,17.8,53.8,0.0,0.0,0.0
2026-04-13 01:17:00,28.7,60.7,22.6,53.8,0.0,0.0,0.0
2026-04-13 01:17:05,28.8,60.6,22.1,53.8,0.0,0.0,0.0
2026-04-13 01:17:10,28.9,60.7,22.2,53.8,0.0,0.0,0.0
2026-04-13 01:17:15,28.7,60.8,31.7,53.8,0.0,0.0,0.0
2026-04-13 01:17:20,28.7,60.9,11.0,53.8,0.0,0.0,0.0
2026-04-13 01:17:25,29.0,60.7,21.1,53.8,0.0,0.0,0.0
2026-04-13 01:17:30,28.9,60.7,21.2,53.8,0.0,0.0,0.0
2026-04-13 01:17:35,28.9,60.6,11.9,53.8,0.0,0.0,0.0
2026-04-13 01:17:40,29.0,60.7,21.5,53.8,0.0,0.0,0.0
2026-04-13 01:17:45,28.9,60.7,7.4,53.8,0.0,0.0,0.0
2026-04-13 01:17:50,28.9,60.9,3.0,53.8,0.0,0.0,0.0
2026-04-13 01:17:55,29.0,60.8,26.9,53.8,0.0,0.0,0.0
2026-04-13 01:18:00,28.9,60.7,16.6,53.8,0.0,0.0,0.0
2026-04-13 01:18:05,28.8,60.4,1.6,53.8,0.0,0.0,0.0
2026-04-13 01:18:10,28.9,60.6,23.4,53.8,0.0,0.0,0.0
2026-04-13 01:18:15,29.0,60.5,28.9,53.8,0.0,0.0,0.0
2026-04-13 01:18:20,28.9,60.5,26.9,53.8,0.0,0.0,0.0
2026-04-13 01:18:25,28.8,60.4,14.6,53.8,0.0,0.0,0.0
2026-04-13 01:18:30,28.8,60.4,10.2,53.8,0.0,0.0,0.0
2026-04-13 01:18:35,28.9,60.5,11.7,53.8,0.0,0.0,0.0
2026-04-13 01:18:40,28.9,60.4,15.6,53.8,0.0,0.0,0.0
2026-04-13 01:18:45,29.0,60.3,0.0,53.8,0.0,0.0,0.0
2026-04-13 01:18:50,28.9,60.5,21.6,53.8,0.0,0.0,0.0
2026-04-13 01:18:55,28.9,60.4,27.2,53.8,0.0,0.0,0.0
2026-04-13 01:19:00,28.9,60.5,6.5,53.8,0.0,0.0,0.0
2026-04-13 01:19:05,28.8,60.5,18.1,53.8,0.0,0.0,0.0
2026-04-13 01:19:10,28.8,60.4,21.8,53.8,0.0,0.0,0.0
2026-04-13 01:19:15,28.9,60.3,14.7,53.8,0.0,0.0,0.0
2026-04-13 01:19:20,28.8,60.3,15.2,53.8,0.0,0.0,0.0
2026-04-13 01:19:25,28.9,60.4,22.4,53.8,0.0,0.0,0.0
2026-04-13 01:19:30,28.8,60.3,3.0,53.8,0.0,0.0,0.0
2026-04-13 01:19:35,28.8,60.2,8.1,53.8,0.0,0.0,0.0
2026-04-13 01:19:40,28.9,60.3,20.6,53.8,0.0,0.0,0.0
2026-04-13 01:19:45,28.9,60.2,5.5,53.8,0.0,0.0,0.0
2026-04-13 01:19:50,28.8,60.1,22.2,53.8,0.0,0.0,0.0
2026-04-13 01:19:55,28.9,60.2,22.5,53.8,0.0,0.0,0.0
2026-04-13 01:20:00,28.7,60.2,9.2,53.8,0.0,0.0,0.0
2026-04-13 01:20:05,28.8,60.3,8.3,53.8,0.0,0.0,0.0
2026-04-13 01:20:10,28.9,60.3,18.2,53.8,0.0,0.0,0.0
2026-04-13 01:20:15,28.9,60.4,13.6,53.8,0.0,0.0,0.0
2026-04-13 01:20:20,28.8,60.2,0.0,53.8,0.0,0.0,0.0
2026-04-13 01:20:25,28.9,60.3,14.0,53.8,0.0,0.0,0.0
2026-04-13 01:20:30,28.8,60.3,14.4,53.8,0.0,0.0,0.0
2026-04-13 01:20:35,28.9,60.3,25.0,53.8,0.0,0.0,0.0
2026-04-13 01:20:40,28.9,60.3,28.9,53.8,0.0,0.0,0.0
2026-04-13 01:20:45,28.8,60.3,30.4,53.8,0.0,0.0,0.0
2026-04-13 01:20:50,28.7,60.3,0.0,53.8,0.0,0.0,0.0
2026-04-13 01:20:55,29.0,60.2,10.3,53.8,0.0,0.0,0.0
2026-04-13 01:21:00,28.9,60.4,30.4,53.8,0.0,0.0,0.0
2026-04-13 01:21:05,28.8,60.3,22.0,53.8,0.0,0.0,0.0
2026-04-13 01:21:10,28.8,60.6,16.8,53.8,0.0,0.0,0.0
2026-04-13 01:21:15,28.8,60.5,16.0,53.8,0.0,0.0,0.0
2026-04-13 01:21:20,28.8,60.4,24.1,53.8,0.0,0.0,0.0
2026-04-13 01:21:25,28.7,60.4,28.8,53.8,0.0,0.0,0.0
2026-04-13 01:21:30,28.8,60.4,8.2,53.9,0.0,0.0,0.0
2026-04-13 01:21:35,28.8,60.3,12.8,53.9,0.0,0.0,0.0
2026-04-13 01:21:40,28.7,60.3,13.3,53.9,0.0,0.0,0.0
2026-04-13 01:21:45,28.8,60.2,15.4,53.9,0.0,0.0,0.0
2026-04-13 01:21:50,28.8,60.2,15.7,53.9,0.0,0.0,0.0
2026-04-13 01:21:55,28.8,60.3,27.2,53.9,0.0,0.0,0.0
2026-04-13 01:22:00,28.8,60.5,3.4,53.9,0.0,0.0,0.0
2026-04-13 01:22:05,28.8,60.5,6.2,53.9,0.0,0.0,0.0
2026-04-13 01:22:10,28.7,60.4,1.0,53.9,0.0,0.0,0.0
2026-04-13 01:22:15,28.8,60.4,22.0,53.9,0.0,0.0,0.0
2026-04-13 01:22:20,28.9,60.5,13.1,53.9,0.0,0.0,0.0
2026-04-13 01:22:25,28.8,60.4,12.0,53.9,0.0,0.0,0.0
2026-04-13 01:22:30,28.7,60.5,7.6,53.9,0.0,0.0,0.0
2026-04-13 01:22:35,28.8,60.6,25.8,53.9,0.0,0.0,0.0
2026-04-13 01:22:40,28.6,60.7,22.4,53.8,0.0,0.0,0.0
2026-04-13 01:22:45,28.9,60.7,3.6,53.8,0.0,0.0,0.0
2026-04-13 01:22:50,28.9,60.9,2.4,53.8,0.0,0.0,0.0
2026-04-13 01:22:55,28.8,60.7,20.0,53.8,0.0,0.0,0.0
2026-04-13 01:23:00,28.9,60.8,6.6,53.8,0.0,0.0,0.0
2026-04-13 01:23:05,28.8,60.7,17.0,53.8,0.0,0.0,0.0
2026-04-13 01:23:10,28.8,60.8,21.4,53.8,0.0,0.0,0.0
2026-04-13 01:23:15,28.7,60.7,14.9,53.8,0.0,0.0,0.0
2026-04-13 01:23:20,28.9,60.8,1.2,53.8,0.0,0.0,0.0
2026-04-13 01:23:25,28.7,60.7,0.0,53.9,0.0,0.0,0.0
2026-04-13 01:23:30,28.7,60.9,15.9,53.9,0.0,0.0,0.0
2026-04-13 01:23:35,28.7,60.8,2.9,53.9,0.0,0.0,0.0
2026-04-13 01:23:40,28.7,60.8,13.3,53.9,0.0,0.0,0.0
2026-04-13 01:23:45,29.0,60.9,31.4,53.9,0.0,0.0,0.0
2026-04-13 01:23:50,28.7,60.8,30.3,53.8,0.0,0.0,0.0
2026-04-13 01:23:55,28.6,60.9,26.1,53.8,0.0,0.0,0.0
2026-04-13 01:24:00,28.8,60.8,29.9,53.8,0.0,0.0,0.0
2026-04-13 01:24:05,28.9,60.7,15.3,53.8,0.0,0.0,0.0
2026-04-13 01:24:10,28.6,60.7,6.7,53.8,0.0,0.0,0.0
2026-04-13 01:24:15,28.8,60.7,12.5,53.9,0.0,0.0,0.0
2026-04-13 01:24:20,28.8,60.6,15.3,53.9,0.0,0.0,0.0
2026-04-13 01:24:25,28.7,60.6,18.7,53.9,0.0,0.0,0.0
2026-04-13 01:24:30,28.8,60.5,9.9,53.9,0.0,0.0,0.0
2026-04-13 01:24:35,28.7,60.5,20.2,53.8,0.0,0.0,0.0
2026-04-13 01:24:40,28.8,60.5,35.2,53.8,0.0,0.0,0.0
2026-04-13 01:24:45,28.8,60.5,16.9,53.8,0.0,0.0,0.0
2026-04-13 01:24:50,28.7,60.5,9.8,53.8,0.0,0.0,0.0
2026-04-13 01:24:55,28.9,60.7,9.5,53.8,0.0,0.0,0.0
2026-04-13 01:25:00,28.7,60.6,6.5,53.9,0.0,0.0,0.0
2026-04-13 01:25:05,28.7,60.7,9.6,53.9,0.0,0.0,0.0
2026-04-13 01:25:10,28.7,60.7,33.1,53.8,0.0,0.0,0.0
2026-04-13 01:25:15,28.7,60.7,23.8,53.8,0.0,0.0,0.0
2026-04-13 01:25:20,28.7,60.8,0.6,53.8,0.0,0.0,0.0
2026-04-13 01:25:25,28.6,60.9,17.2,53.8,0.0,0.0,0.0
2026-04-13 01:25:30,28.8,61.0,16.6,53.8,0.0,0.0,0.0
2026-04-13 01:25:35,28.8,61.0,10.9,53.8,0.0,0.0,0.0
2026-04-13 01:25:40,28.6,61.0,15.6,53.8,0.0,0.0,0.0
2026-04-13 01:25:45,28.7,61.0,0.0,53.8,0.0,0.0,0.0
2026-04-13 01:25:50,28.6,60.9,21.6,53.8,0.0,0.0,0.0
2026-04-13 01:25:55,28.6,61.0,17.6,53.8,0.0,0.0,0.0
2026-04-13 01:26:00,28.7,61.1,18.2,53.9,0.0,0.0,0.0
2026-04-13 01:26:05,28.6,61.2,18.9,53.9,0.0,0.0,0.0
2026-04-13 01:26:10,28.6,61.2,28.1,53.9,0.0,0.0,0.0
2026-04-13 01:26:15,28.6,61.3,19.4,53.9,0.0,0.0,0.0
2026-04-13 01:26:20,28.6,61.2,25.2,53.8,0.0,0.0,0.0
2026-04-13 01:26:25,28.6,61.3,31.1,53.8,0.0,0.0,0.0
2026-04-13 01:26:30,28.7,61.2,24.4,53.8,0.0,0.0,0.0
2026-04-13 01:26:35,28.6,61.1,12.6,53.8,0.0,0.0,0.0
2026-04-13 01:26:40,28.7,61.0,7.6,53.8,0.0,0.0,0.0
2026-04-13 01:26:45,28.8,61.2,17.9,53.8,0.0,0.0,0.0
2026-04-13 01:26:50,28.6,61.2,14.4,53.8,0.0,0.0,0.0
2026-04-13 01:26:55,28.6,61.2,21.3,53.8,0.0,0.0,0.0
2026-04-13 01:27:00,28.5,61.3,13.4,53.8,0.0,0.0,0.0
2026-04-13 01:27:05,28.6,61.2,6.1,53.8,0.0,0.0,0.0
2026-04-13 01:27:10,28.7,61.3,19.1,53.8,0.0,0.0,0.0
2026-04-13 01:27:15,28.8,61.4,0.0,53.8,0.0,0.0,0.0
2026-04-13 01:27:20,28.7,61.3,23.9,53.8,0.0,0.0,0.0
2026-04-13 01:27:25,28.8,61.4,8.6,53.8,0.0,0.0,0.0
2026-04-13 01:27:30,28.7,61.3,0.0,53.8,0.0,0.0,0.0
2026-04-13 01:27:35,28.7,61.2,4.4,53.8,0.0,0.0,0.0
2026-04-13 01:27:40,28.8,61.2,7.4,53.8,0.0,0.0,0.0
2026-04-13 01:27:45,28.7,61.2,3.8,53.8,0.0,0.0,0.0
2026-04-13 01:27:50,28.7,61.1,15.5,53.8,0.0,0.0,0.0
2026-04-13 01:27:55,28.7,61.3,24.4,53.8,0.0,0.0,0.0
2026-04-13 01:28:00,28.7,61.4,9.3,53.8,0.0,0.0,0.0
2026-04-13 01:28:05,28.7,61.3,16.6,53.8,0.0,0.0,0.0
2026-04-13 01:28:10,28.7,61.2,0.0,53.8,0.0,0.0,0.0
2026-04-13 01:28:15,28.7,61.1,4.7,53.8,0.0,0.0,0.0
2026-04-13 01:28:20,28.5,61.2,3.0,53.8,0.0,0.0,0.0
2026-04-13 01:28:25,28.8,61.2,10.8,53.8,0.0,0.0,0.0
2026-04-13 01:28:30,28.6,61.2,0.0,53.9,0.0,0.0,0.0
2026-04-13 01:28:35,28.6,61.2,19.8,53.9,0.0,0.0,0.0
2026-04-13 01:28:40,28.6,61.1,30.9,53.8,0.0,0.0,0.0
2026-04-13 01:28:45,28.7,61.1,12.4,53.8,0.0,0.0,0.0
2026-04-13 01:28:50,28.8,61.0,5.4,53.8,0.0,0.0,0.0
2026-04-13 01:28:55,28.7,60.9,27.7,53.8,0.0,0.0,0.0
2026-04-13 01:29:00,28.6,60.7,1.8,53.8,0.0,0.0,0.0
2026-04-13 01:29:05,28.6,60.7,12.8,53.8,0.0,0.0,0.0
2026-04-13 01:29:10,28.8,60.7,6.8,53.8,0.0,0.0,0.0
2026-04-13 01:29:15,28.8,60.8,2.9,53.8,0.0,0.0,0.0
2026-04-13 01:29:20,28.6,60.7,16.3,53.8,0.0,0.0,0.0
2026-04-13 01:29:25,28.7,60.7,20.5,53.8,0.0,0.0,0.0
2026-04-13 01:29:30,28.6,60.7,7.4,53.8,0.0,0.0,0.0
2026-04-13 01:29:35,28.6,60.7,18.9,53.8,0.0,0.0,0.0
2026-04-13 01:29:40,28.8,60.6,23.9,53.8,0.0,0.0,0.0
2026-04-13 01:29:45,28.7,60.6,38.1,53.8,0.0,0.0,0.0
2026-04-13 01:29:50,28.6,60.6,21.9,53.8,0.0,0.0,0.0
2026-04-13 01:29:55,28.7,60.6,13.0,53.8,0.0,0.0,0.0
2026-04-13 01:30:00,28.8,60.6,8.6,53.8,0.0,0.0,0.0
2026-04-13 01:30:05,28.7,60.6,22.6,53.8,0.0,0.0,0.0
2026-04-13 01:30:10,28.7,60.6,32.1,53.8,0.0,0.0,0.0
2026-04-13 01:30:15,28.6,60.5,20.8,53.8,0.0,0.0,0.0
2026-04-13 01:30:20,28.6,60.4,1.7,53.8,0.0,0.0,0.0
2026-04-13 01:30:25,28.7,60.5,12.0,53.8,0.0,0.0,0.0
2026-04-13 01:30:30,28.8,60.5,29.6,53.8,0.0,0.0,0.0
2026-04-13 01:30:35,28.9,60.5,10.4,53.8,0.0,0.0,0.0
2026-04-13 01:30:40,28.8,60.6,6.1,53.8,0.0,0.0,0.0
2026-04-13 01:30:45,28.8,60.5,18.5,53.8,0.0,0.0,0.0
2026-04-13 01:30:50,28.7,60.6,26.7,53.8,0.0,0.0,0.0
2026-04-13 01:30:55,28.7,60.6,9.1,53.8,0.0,0.0,0.0
2026-04-13 01:31:00,28.7,60.6,13.1,53.8,0.0,0.0,0.0
2026-04-13 01:31:05,28.7,60.6,21.4,53.8,0.0,0.0,0.0
2026-04-13 01:31:10,28.9,60.6,16.2,53.8,0.0,0.0,0.0
2026-04-13 01:31:15,28.8,60.6,15.7,53.8,0.0,0.0,0.0
2026-04-13 01:31:20,28.7,60.7,14.6,53.8,0.0,0.0,0.0
2026-04-13 01:31:25,28.6,60.6,4.8,53.8,0.0,0.0,0.0
2026-04-13 01:31:30,28.9,60.7,9.5,53.8,0.0,0.0,0.0
2026-04-13 01:31:35,28.6,60.7,21.5,53.8,0.0,0.0,0.0
2026-04-13 01:31:40,28.7,60.6,10.5,53.8,0.0,0.0,0.0
2026-04-13 01:31:45,28.7,60.7,1.0,53.8,0.0,0.0,0.0
2026-04-13 01:31:50,28.8,60.7,12.3,53.8,0.0,0.0,0.0
2026-04-13 01:31:55,28.7,60.7,26.6,53.8,0.0,0.0,0.0
2026-04-13 01:32:00,28.7,60.7,11.0,53.8,0.0,0.0,0.0
2026-04-13 01:32:05,28.7,60.6,11.6,53.8,0.0,0.0,0.0
2026-04-13 01:32:10,28.7,60.6,6.4,53.8,0.0,0.0,0.0
2026-04-13 01:32:15,28.9,60.7,0.0,53.8,0.0,0.0,0.0
2026-04-13 01:32:20,28.7,60.7,23.4,53.8,0.0,0.0,0.0
2026-04-13 01:32:25,28.7,60.7,2.2,53.8,0.0,0.0,0.0
2026-04-13 01:32:30,28.8,60.7,16.2,53.8,0.0,0.0,0.0
2026-04-13 01:32:35,28.8,60.7,32.8,53.8,0.0,0.0,0.0
2026-04-13 01:32:40,28.7,60.7,8.5,53.8,0.0,0.0,0.0
2026-04-13 01:32:45,28.7,60.8,17.6,53.8,0.0,0.0,0.0
2026-04-13 01:32:50,28.8,60.9,9.5,53.8,0.0,0.0,0.0
2026-04-13 01:32:55,28.7,61.1,10.6,53.8,0.0,0.0,0.0
2026-04-13 01:33:00,28.7,61.1,21.4,53.8,0.0,0.0,0.0
2026-04-13 01:33:05,28.8,61.2,21.2,53.8,0.0,0.0,0.0
2026-04-13 01:33:10,28.8,61.2,25.0,53.8,0.0,0.0,0.0
2026-04-13 01:33:15,28.8,61.1,17.0,53.8,0.0,0.0,0.0
2026-04-13 01:33:20,28.8,61.1,2.9,53.8,0.0,0.0,0.0
2026-04-13 01:33:25,28.8,61.0,8.9,53.8,0.0,0.0,0.0
2026-04-13 01:33:30,28.9,61.0,23.5,53.8,0.0,0.0,0.0
2026-04-13 01:33:35,28.7,61.0,18.5,53.8,0.0,0.0,0.0
2026-04-13 01:33:40,28.8,61.0,0.0,53.8,0.0,0.0,0.0
2026-04-13 01:33:45,28.7,61.0,7.2,53.8,0.0,0.0,0.0
2026-04-13 01:33:50,28.8,61.1,23.0,53.8,0.0,0.0,0.0
2026-04-13 01:33:55,28.8,61.1,10.2,53.8,0.0,0.0,0.0
2026-04-13 01:34:00,28.8,61.1,9.6,53.8,0.0,0.0,0.0
2026-04-13 01:34:05,28.9,61.0,13.4,53.8,0.0,0.0,0.0
2026-04-13 01:34:10,28.7,61.2,10.4,53.8,0.0,0.0,0.0
2026-04-13 01:34:15,28.6,61.1,14.0,53.8,0.0,0.0,0.0
2026-04-13 01:34:20,28.7,61.1,2.4,53.8,0.0,0.0,0.0
2026-04-13 01:34:25,28.8,61.2,14.7,53.8,0.0,0.0,0.0
2026-04-13 01:34:30,28.8,61.3,22.3,53.8,0.0,0.0,0.0
2026-04-13 01:34:35,28.8,61.2,13.8,53.7,0.0,0.0,0.0
2026-04-13 01:34:40,28.7,61.1,25.7,53.7,0.0,0.0,0.0
2026-04-13 01:34:45,28.6,60.9,11.3,53.7,0.0,0.0,0.0
2026-04-13 01:34:50,28.8,60.9,3.4,53.8,0.0,0.0,0.0
2026-04-13 01:34:55,28.8,60.9,0.0,53.8,0.0,0.0,0.0
2026-04-13 01:35:00,28.8,60.9,3.9,53.8,0.0,0.0,0.0
2026-04-13 01:35:05,28.9,60.7,10.3,53.8,0.0,0.0,0.0
2026-04-13 01:35:10,28.8,60.8,23.0,53.8,0.0,0.0,0.0
2026-04-13 01:35:15,28.8,60.7,29.9,53.8,0.0,0.0,0.0
2026-04-13 01:35:20,28.8,60.7,5.0,53.8,0.0,0.0,0.0
2026-04-13 01:35:25,28.7,60.5,10.9,53.8,0.0,0.0,0.0
2026-04-13 01:35:30,28.7,60.3,21.8,53.8,0.0,0.0,0.0
2026-04-13 01:35:35,28.7,60.4,29.6,53.8,0.0,0.0,0.0
2026-04-13 01:35:40,28.7,60.2,8.9,53.8,0.0,0.0,0.0
2026-04-13 01:35:45,28.8,60.4,33.2,53.8,0.0,0.0,0.0
2026-04-13 01:35:50,28.7,60.3,11.3,53.8,0.0,0.0,0.0
2026-04-13 01:35:55,28.8,60.2,3.0,53.8,0.0,0.0,0.0
2026-04-13 01:36:00,28.8,60.1,21.7,53.8,0.0,0.0,0.0
2026-04-13 01:36:05,28.7,60.2,26.7,53.8,0.0,0.0,0.0
2026-04-13 01:36:10,29.0,60.2,14.9,53.8,0.0,0.0,0.0
2026-04-13 01:36:15,28.8,60.0,2.2,53.8,0.0,0.0,0.0
2026-04-13 01:36:20,28.6,60.0,10.3,53.8,0.0,0.0,0.0
2026-04-13 01:36:25,28.9,59.9,14.5,53.8,0.0,0.0,0.0
2026-04-13 01:36:30,28.7,60.0,20.4,53.8,0.0,0.0,0.0
2026-04-13 01:36:35,28.8,60.0,11.0,53.8,0.0,0.0,0.0
2026-04-13 01:36:40,28.8,59.9,8.8,53.8,0.0,0.0,0.0
2026-04-13 01:36:45,28.7,60.0,0.0,53.8,0.0,0.0,0.0
2026-04-13 01:36:50,28.7,60.1,10.7,53.8,0.0,0.0,0.0
2026-04-13 01:36:55,28.7,60.2,5.7,53.8,0.0,0.0,0.0
2026-04-13 01:37:00,28.8,60.2,12.0,53.8,0.0,0.0,0.0
2026-04-13 01:37:05,28.6,60.3,19.6,53.8,0.0,0.0,0.0
2026-04-13 01:37:10,28.6,60.3,16.8,53.8,0.0,0.0,0.0
2026-04-13 01:37:15,28.6,60.3,5.1,53.8,0.0,0.0,0.0
2026-04-13 01:37:20,28.6,60.3,24.0,53.8,0.0,0.0,0.0
2026-04-13 01:37:25,28.8,60.3,8.1,53.8,0.0,0.0,0.0
2026-04-13 01:37:30,28.7,60.2,14.8,53.8,0.0,0.0,0.0
2026-04-13 01:37:35,28.6,60.2,0.0,53.8,0.0,0.0,0.0
2026-04-13 01:37:40,28.7,60.2,14.0,53.8,0.0,0.0,0.0
2026-04-13 01:37:45,28.7,60.5,14.2,53.8,0.0,0.0,0.0
2026-04-13 01:37:50,28.7,60.4,29.3,53.8,0.0,0.0,0.0
2026-04-13 01:37:55,28.6,60.4,3.5,53.8,0.0,0.0,0.0
2026-04-13 01:38:00,28.9,60.3,19.1,53.8,0.0,0.0,0.0
2026-04-13 01:38:05,28.9,60.3,16.3,53.8,0.0,0.0,0.0
2026-04-13 01:38:10,28.7,60.4,40.2,53.8,0.0,0.0,0.0
2026-04-13 01:38:15,28.8,60.4,21.5,53.8,0.0,0.0,0.0
2026-04-13 01:38:20,28.7,60.5,9.4,53.8,0.0,0.0,0.0
2026-04-13 01:38:25,28.7,60.6,16.1,53.8,0.0,0.0,0.0
2026-04-13 01:38:30,28.7,60.6,13.3,53.7,0.0,0.0,0.0
2026-04-13 01:38:35,28.6,60.6,15.5,53.7,0.0,0.0,0.0
2026-04-13 01:38:40,28.6,60.7,22.4,53.8,0.0,0.0,0.0
2026-04-13 01:38:45,28.5,60.7,26.7,53.8,0.0,0.0,0.0
2026-04-13 01:38:50,28.7,60.7,5.3,53.8,0.0,0.0,0.0
2026-04-13 01:38:55,28.7,60.6,9.2,53.8,0.0,0.0,0.0
2026-04-13 01:39:00,28.9,60.7,14.6,53.8,0.0,0.0,0.0
2026-04-13 01:39:05,28.8,60.8,26.0,53.8,0.0,0.0,0.0
2026-04-13 01:39:10,28.8,60.8,7.2,53.8,0.0,0.0,0.0
2026-04-13 01:39:15,28.7,60.9,9.1,53.8,0.0,0.0,0.0
2026-04-13 01:39:20,28.6,61.0,31.8,53.8,0.0,0.0,0.0
2026-04-13 01:39:25,28.6,61.1,23.5,53.8,0.0,0.0,0.0
2026-04-13 01:39:30,28.6,61.0,11.7,53.8,0.0,0.0,0.0
2026-04-13 01:39:35,28.6,61.0,6.8,53.8,0.0,0.0,0.0
2026-04-13 01:39:40,28.9,61.0,0.0,53.8,0.0,0.0,0.0
2026-04-13 01:39:45,28.7,60.9,10.1,53.8,0.0,0.0,0.0
2026-04-13 01:39:50,28.7,61.0,18.0,53.8,0.0,0.0,0.0
2026-04-13 01:39:55,28.6,61.1,12.0,53.8,0.0,0.0,0.0
2026-04-13 01:40:00,28.6,61.2,10.4,53.8,0.0,0.0,0.0
2026-04-13 01:40:05,28.7,61.2,29.4,53.8,0.0,0.0,0.0
2026-04-13 01:40:10,28.7,61.1,12.2,53.8,0.0,0.0,0.0
2026-04-13 01:40:15,28.6,60.9,7.7,53.8,0.0,0.0,0.0
2026-04-13 01:40:20,28.6,61.0,16.1,53.8,0.0,0.0,0.0
2026-04-13 01:40:25,28.7,61.0,10.9,53.7,0.0,0.0,0.0
2026-04-13 01:40:30,28.6,61.1,7.2,53.7,0.0,0.0,0.0
2026-04-13 01:40:35,28.7,61.2,33.4,53.7,0.0,0.0,0.0
2026-04-13 01:40:40,28.5,61.3,17.8,53.7,0.0,0.0,0.0
2026-04-13 01:40:45,28.9,61.4,40.1,53.8,0.0,0.0,0.0
2026-04-13 01:40:50,28.5,61.4,34.7,53.8,0.0,0.0,0.0
2026-04-13 01:40:55,28.7,61.4,24.0,53.7,0.0,0.0,0.0
2026-04-13 01:41:00,28.5,61.4,14.9,53.7,0.0,0.0,0.0
2026-04-13 01:41:05,28.6,61.4,3.3,53.7,0.0,0.0,0.0
2026-04-13 01:41:10,28.6,61.4,16.5,53.7,0.0,0.0,0.0
2026-04-13 01:41:15,28.8,61.2,13.8,53.8,0.0,0.0,0.0
2026-04-13 01:41:20,28.8,61.3,19.0,53.8,0.0,0.0,0.0
2026-04-13 01:41:25,28.7,61.2,5.8,53.8,0.0,0.0,0.0
2026-04-13 01:41:30,28.6,61.1,11.9,53.8,0.0,0.0,0.0
2026-04-13 01:41:35,28.8,61.1,25.9,53.7,0.0,0.0,0.0
2026-04-13 01:41:40,28.6,61.1,8.0,53.7,0.0,0.0,0.0
2026-04-13 01:41:45,28.6,61.0,20.5,53.7,0.0,0.0,0.0
2026-04-13 01:41:50,28.5,61.0,7.2,53.8,0.0,0.0,0.0
2026-04-13 01:41:55,28.6,61.1,22.9,53.8,0.0,0.0,0.0
2026-04-13 01:42:00,28.6,61.1,29.6,53.8,0.0,0.0,0.0
2026-04-13 01:42:05,28.5,61.1,39.5,53.8,0.0,0.0,0.0
2026-04-13 01:42:10,28.4,61.2,38.7,53.8,0.0,0.0,0.0
2026-04-13 01:42:15,28.7,61.1,12.5,53.8,0.0,0.0,0.0
2026-04-13 01:42:20,28.8,61.1,11.3,53.8,0.0,0.0,0.0
2026-04-13 01:42:25,28.6,61.1,29.9,53.8,0.0,0.0,0.0
2026-04-13 01:42:30,28.5,61.1,0.0,53.8,0.0,0.0,0.0
2026-04-13 01:42:35,28.5,61.2,11.4,53.8,0.0,0.0,0.0
2026-04-13 01:42:40,28.8,61.2,28.7,53.8,0.0,0.0,0.0
2026-04-13 01:42:45,28.7,61.2,13.2,53.8,0.0,0.0,0.0
2026-04-13 01:42:50,28.6,61.2,7.4,53.8,0.0,0.0,0.0
2026-04-13 01:42:55,28.7,61.1,18.9,53.8,0.0,0.0,0.0
2026-04-13 01:43:00,28.7,61.1,16.1,53.8,0.0,0.0,0.0
2026-04-13 01:43:05,28.7,61.0,14.9,53.8,0.0,0.0,0.0
2026-04-13 01:43:10,28.7,61.0,19.4,53.8,0.0,0.0,0.0
2026-04-13 01:43:15,28.8,61.0,8.4,53.8,0.0,0.0,0.0
2026-04-13 01:43:20,28.7,61.0,15.9,53.8,0.0,0.0,0.0
2026-04-13 01:43:25,28.7,61.0,12.1,53.8,0.0,0.0,0.0
2026-04-13 01:43:30,28.7,60.9,12.1,53.8,0.0,0.0,0.0
2026-04-13 01:43:35,28.7,61.1,14.0,53.8,0.0,0.0,0.0
2026-04-13 01:43:40,28.8,61.0,14.0,53.8,0.0,0.0,0.0
2026-04-13 01:43:45,28.6,60.9,0.0,53.8,0.0,0.0,0.0
2026-04-13 01:43:50,29.0,60.9,0.2,53.8,0.0,0.0,0.0
2026-04-13 01:43:55,28.7,60.9,30.9,53.8,0.0,0.0,0.0
2026-04-13 01:44:00,28.7,60.9,23.7,53.8,0.0,0.0,0.0
2026-04-13 01:44:05,28.6,60.8,23.8,53.8,0.0,0.0,0.0
2026-04-13 01:44:10,28.8,60.9,27.1,53.8,0.0,0.0,0.0
2026-04-13 01:44:15,28.6,60.7,18.5,53.8,0.0,0.0,0.0
2026-04-13 01:44:20,28.9,60.7,2.7,53.8,0.0,0.0,0.0
2026-04-13 01:44:25,28.8,60.7,17.7,53.8,0.0,0.0,0.0
2026-04-13 01:44:30,28.6,60.6,13.0,53.8,0.0,0.0,0.0
2026-04-13 01:44:35,28.7,60.5,27.0,53.8,0.0,0.0,0.0
2026-04-13 01:44:40,28.7,60.5,24.8,53.8,0.0,0.0,0.0
2026-04-13 01:44:45,28.8,60.6,18.6,53.8,0.0,0.0,0.0
2026-04-13 01:44:50,28.6,60.6,10.5,53.8,0.0,0.0,0.0
2026-04-13 01:44:55,28.6,60.5,8.9,53.8,0.0,0.0,0.0
2026-04-13 01:45:00,28.7,60.5,14.0,53.8,0.0,0.0,0.0
2026-04-13 01:45:05,28.8,60.5,20.4,53.8,0.0,0.0,0.0
2026-04-13 01:45:10,28.9,60.6,16.0,53.8,0.0,0.0,0.0
2026-04-13 01:45:15,28.7,60.6,15.5,53.8,0.0,0.0,0.0
2026-04-13 01:45:20,28.7,60.6,10.0,53.8,0.0,0.0,0.0
2026-04-13 01:45:25,28.8,60.7,31.0,53.8,0.0,0.0,0.0
2026-04-13 01:45:30,28.8,60.6,22.7,53.8,0.0,0.0,0.0
2026-04-13 01:45:35,28.8,60.6,15.9,53.8,0.0,0.0,0.0
2026-04-13 01:45:40,28.7,60.6,14.0,53.8,0.0,0.0,0.0
2026-04-13 01:45:45,28.6,60.6,15.5,53.8,0.0,0.0,0.0
2026-04-13 01:45:50,28.8,60.7,18.2,53.8,0.0,0.0,0.0
2026-04-13 01:45:55,28.7,60.8,21.5,53.8,0.0,0.0,0.0
2026-04-13 01:46:00,28.7,60.7,3.0,53.8,0.0,0.0,0.0
2026-04-13 01:46:05,28.7,60.8,15.3,53.8,0.0,0.0,0.0
2026-04-13 01:46:10,28.7,60.9,7.3,53.8,0.0,0.0,0.0
2026-04-13 01:46:15,28.7,60.8,6.3,53.8,0.0,0.0,0.0
2026-04-13 01:46:20,28.7,60.7,19.3,53.8,0.0,0.0,0.0
2026-04-13 01:46:25,28.6,60.5,3.7,53.7,0.0,0.0,0.0
2026-04-13 01:46:30,28.7,60.7,25.3,53.7,0.0,0.0,0.0
2026-04-13 01:46:35,28.6,60.7,0.0,53.7,0.0,0.0,0.0
2026-04-13 01:46:40,28.8,60.6,9.6,53.7,0.0,0.0,0.0
2026-04-13 01:46:45,28.5,60.7,4.8,53.8,0.0,0.0,0.0
2026-04-13 01:46:50,28.5,60.7,24.0,53.8,0.0,0.0,0.0
2026-04-13 01:46:55,28.6,60.7,12.6,53.8,0.0,0.0,0.0
2026-04-13 01:47:00,28.8,60.8,8.7,53.8,0.0,0.0,0.0
2026-04-13 01:47:05,28.5,60.8,36.4,53.8,0.0,0.0,0.0
2026-04-13 01:47:10,28.7,60.9,35.9,53.7,0.0,0.0,0.0
2026-04-13 01:47:15,28.9,60.9,18.4,53.7,0.0,0.0,0.0
2026-04-13 01:47:20,28.7,60.9,5.3,53.7,0.0,0.0,0.0
2026-04-13 01:47:25,28.6,60.8,17.6,53.7,0.0,0.0,0.0
2026-04-13 01:47:30,28.6,60.9,12.7,53.7,0.0,0.0,0.0
2026-04-13 01:47:35,28.6,60.9,36.1,53.7,0.0,0.0,0.0
2026-04-13 01:47:40,28.6,60.9,24.0,53.8,0.0,0.0,0.0
2026-04-13 01:47:45,28.8,60.8,9.1,53.8,0.0,0.0,0.0
2026-04-13 01:47:50,28.7,60.9,33.2,53.8,0.0,0.0,0.0
2026-04-13 01:47:55,28.7,60.9,10.1,53.8,0.0,0.0,0.0
2026-04-13 01:48:00,28.7,60.8,37.4,53.7,0.0,0.0,0.0
2026-04-13 01:48:05,28.8,60.8,21.9,53.7,0.0,0.0,0.0
2026-04-13 01:48:10,28.7,60.9,29.0,53.8,0.0,0.0,0.0
2026-04-13 01:48:15,28.8,61.0,31.4,53.8,0.0,0.0,0.0
2026-04-13 01:48:20,28.7,61.0,40.2,53.8,0.0,0.0,0.0
2026-04-13 01:48:25,28.8,61.0,2.2,53.8,0.0,0.0,0.0
2026-04-13 01:48:30,28.6,61.0,28.9,53.8,0.0,0.0,0.0
2026-04-13 01:48:35,28.7,61.0,36.2,53.8,0.0,0.0,0.0
2026-04-13 01:48:40,28.7,61.0,0.0,53.8,0.0,0.0,0.0
2026-04-13 01:48:45,28.7,61.0,32.6,53.8,0.0,0.0,0.0
2026-04-13 01:48:50,28.6,61.0,5.3,53.8,0.0,0.0,0.0
2026-04-13 01:48:55,28.7,61.0,29.3,53.8,0.0,0.0,0.0
2026-04-13 01:49:00,28.7,61.0,26.4,53.8,0.0,0.0,0.0
2026-04-13 01:49:05,28.9,61.2,23.7,53.7,0.0,0.0,0.0
2026-04-13 01:49:10,28.7,61.1,0.0,53.7,0.0,0.0,0.0
2026-04-13 01:49:15,28.5,61.2,7.2,53.7,0.0,0.0,0.0
2026-04-13 01:49:20,28.7,61.1,25.6,53.7,0.0,0.0,0.0
2026-04-13 01:49:25,28.6,61.1,7.7,53.7,0.0,0.0,0.0
2026-04-13 01:49:30,28.9,61.2,25.5,53.7,0.0,0.0,0.0
2026-04-13 01:49:35,28.6,61.2,10.3,53.7,0.0,0.0,0.0
2026-04-13 01:49:40,28.7,61.3,8.6,53.8,0.0,0.0,0.0
2026-04-13 01:49:45,28.7,61.2,0.0,53.8,0.0,0.0,0.0
2026-04-13 01:49:50,28.8,61.2,8.3,53.7,0.0,0.0,0.0
2026-04-13 01:49:55,28.6,61.2,23.1,53.7,0.0,0.0,0.0
2026-04-13 01:50:00,28.6,61.2,0.0,53.7,0.0,0.0,0.0
2026-04-13 01:50:05,28.6,61.2,13.4,53.7,0.0,0.0,0.0
2026-04-13 01:50:10,28.7,61.2,3.3,53.8,0.0,0.0,0.0
2026-04-13 01:50:15,28.7,61.2,15.0,53.8,0.0,0.0,0.0
2026-04-13 01:50:20,28.6,61.2,15.5,53.8,0.0,0.0,0.0
2026-04-13 01:50:25,28.8,61.3,17.3,53.8,0.0,0.0,0.0
2026-04-13 01:50:30,28.6,61.3,21.0,53.8,0.0,0.0,0.0
2026-04-13 01:50:35,28.6,61.3,9.5,53.8,0.0,0.0,0.0
2026-04-13 01:50:40,28.7,61.2,9.6,53.8,0.0,0.0,0.0
2026-04-13 01:50:45,28.6,61.3,20.1,53.7,0.0,0.0,0.0
2026-04-13 01:50:50,28.8,61.3,18.9,53.7,0.0,0.0,0.0
2026-04-13 01:50:55,28.8,61.3,19.6,53.8,0.0,0.0,0.0
2026-04-13 01:51:00,28.7,61.2,21.8,53.8,0.0,0.0,0.0
2026-04-13 01:51:05,28.8,61.2,17.7,53.8,0.0,0.0,0.0
2026-04-13 01:51:10,28.7,61.2,16.7,53.8,0.0,0.0,0.0
2026-04-13 01:51:15,28.7,61.1,15.0,53.8,0.0,0.0,0.0
2026-04-13 01:51:20,28.7,61.0,16.2,53.8,0.0,0.0,0.0
2026-04-13 01:51:25,28.8,61.0,21.2,53.8,0.0,0.0,0.0
2026-04-13 01:51:30,28.7,61.0,19.0,53.8,0.0,0.0,0.0
2026-04-13 01:51:35,28.8,61.0,10.2,53.8,0.0,0.0,0.0
2026-04-13 01:51:40,28.8,61.0,15.0,53.8,0.0,0.0,0.0
2026-04-13 01:51:45,28.6,61.0,11.6,53.8,0.0,0.0,0.0
2026-04-13 01:51:50,28.7,60.9,3.0,53.8,0.0,0.0,0.0
2026-04-13 01:51:55,28.8,60.9,11.2,53.8,0.0,0.0,0.0
2026-04-13 01:52:00,28.7,60.8,1.4,53.8,0.0,0.0,0.0
2026-04-13 01:52:05,28.7,60.8,16.9,53.7,0.0,0.0,0.0
2026-04-13 01:52:10,29.0,60.8,6.6,53.7,0.0,0.0,0.0
2026-04-13 01:52:15,28.8,60.9,0.0,53.7,0.0,0.0,0.0
2026-04-13 01:52:20,28.7,61.0,13.6,53.7,0.0,0.0,0.0
2026-04-13 01:52:25,28.7,61.0,0.0,53.8,0.0,0.0,0.0
2026-04-13 01:52:30,28.7,60.9,30.2,53.8,0.0,0.0,0.0
2026-04-13 01:52:35,28.9,61.0,27.0,53.8,0.0,0.0,0.0
2026-04-13 01:52:40,28.7,61.1,12.0,53.8,0.0,0.0,0.0
2026-04-13 01:52:45,28.6,61.0,19.5,53.8,0.0,0.0,0.0
2026-04-13 01:52:50,28.8,60.9,14.8,53.8,0.0,0.0,0.0
2026-04-13 01:52:55,28.7,60.9,21.0,53.8,0.0,0.0,0.0
2026-04-13 01:53:00,28.6,61.0,13.2,53.8,0.0,0.0,0.0
2026-04-13 01:53:05,28.7,60.9,17.0,53.8,0.0,0.0,0.0
2026-04-13 01:53:10,28.7,60.9,21.6,53.8,0.0,0.0,0.0
2026-04-13 01:53:15,28.7,61.0,10.8,53.8,0.0,0.0,0.0
2026-04-13 01:53:20,28.8,60.9,20.6,53.8,0.0,0.0,0.0
2026-04-13 01:53:25,28.5,61.0,0.0,53.8,0.0,0.0,0.0
2026-04-13 01:53:30,28.9,61.0,16.2,53.8,0.0,0.0,0.0
2026-04-13 01:53:35,28.7,61.0,16.9,53.8,0.0,0.0,0.0
2026-04-13 01:53:40,28.9,61.0,20.5,53.8,0.0,0.0,0.0
2026-04-13 01:53:45,28.7,61.0,6.6,53.8,0.0,0.0,0.0
2026-04-13 01:53:50,28.8,61.0,30.4,53.8,0.0,0.0,0.0
2026-04-13 01:53:55,28.6,60.9,4.6,53.8,0.0,0.0,0.0
2026-04-13 01:54:00,28.6,60.9,29.7,53.8,0.0,0.0,0.0
2026-04-13 01:54:05,28.8,60.7,7.2,53.8,0.0,0.0,0.0
2026-04-13 01:54:10,28.7,60.8,2.2,53.8,0.0,0.0,0.0
2026-04-13 01:54:15,28.6,60.7,30.0,53.8,0.0,0.0,0.0
2026-04-13 01:54:20,28.8,60.6,10.4,53.8,0.0,0.0,0.0
2026-04-13 01:54:25,28.7,60.6,14.5,53.8,0.0,0.0,0.0
2026-04-13 01:54:30,28.7,60.6,12.8,53.8,0.0,0.0,0.0
2026-04-13 01:54:35,28.7,60.6,15.2,53.7,0.0,0.0,0.0
2026-04-13 01:54:40,28.7,60.7,12.3,53.7,0.0,0.0,0.0
2026-04-13 01:54:45,28.7,60.6,7.6,53.8,0.0,0.0,0.0
2026-04-13 01:54:50,28.7,60.6,32.0,53.8,0.0,0.0,0.0
2026-04-13 01:54:55,28.6,60.6,24.5,53.8,0.0,0.0,0.0
2026-04-13 01:55:00,28.8,60.4,19.1,53.8,0.0,0.0,0.0
2026-04-13 01:55:05,28.6,60.5,19.1,53.8,0.0,0.0,0.0
2026-04-13 01:55:10,28.7,60.6,1.3,53.8,0.0,0.0,0.0
2026-04-13 01:55:15,28.6,60.7,12.7,53.7,0.0,0.0,0.0
2026-04-13 01:55:20,28.7,60.7,0.8,53.7,0.0,0.0,0.0
2026-04-13 01:55:25,28.4,60.7,29.8,53.8,0.0,0.0,0.0
2026-04-13 01:55:30,28.6,60.7,3.7,53.8,0.0,0.0,0.0
2026-04-13 01:55:35,28.5,60.7,2.4,53.8,0.0,0.0,0.0
2026-04-13 01:55:40,28.7,60.6,6.3,53.7,0.0,0.0,0.0
2026-04-13 01:55:45,28.6,60.6,25.4,53.7,0.0,0.0,0.0
2026-04-13 01:55:50,28.7,60.7,20.3,53.8,0.0,0.0,0.0
2026-04-13 01:55:55,28.6,60.7,17.1,53.8,0.0,0.0,0.0
2026-04-13 01:56:00,28.8,60.5,2.1,53.8,0.0,0.0,0.0
2026-04-13 01:56:05,28.5,60.5,6.3,53.8,0.0,0.0,0.0
2026-04-13 01:56:10,28.5,60.5,19.6,53.8,0.0,0.0,0.0
2026-04-13 01:56:15,28.5,60.5,13.2,53.8,0.0,0.0,0.0
2026-04-13 01:56:20,28.7,60.6,35.4,53.8,0.0,0.0,0.0
2026-04-13 01:56:25,28.8,60.6,3.3,53.8,0.0,0.0,0.0
2026-04-13 01:56:30,28.6,60.7,21.0,53.8,0.0,0.0,0.0
2026-04-13 01:56:35,28.6,60.7,13.7,53.8,0.0,0.0,0.0
2026-04-13 01:56:40,28.5,60.8,18.9,53.7,0.0,0.0,0.0
2026-04-13 01:56:45,28.6,60.7,32.0,53.7,0.0,0.0,0.0
2026-04-13 01:56:50,28.8,60.7,0.0,53.7,0.0,0.0,0.0
2026-04-13 01:56:55,28.6,60.8,28.6,53.7,0.0,0.0,0.0
2026-04-13 01:57:00,28.6,60.8,15.1,53.8,0.0,0.0,0.0
2026-04-13 01:57:05,28.7,60.8,23.7,53.8,0.0,0.0,0.0
2026-04-13 01:57:10,28.5,60.8,31.3,53.8,0.0,0.0,0.0
2026-04-13 01:57:15,28.8,60.8,8.6,53.8,0.0,0.0,0.0
2026-04-13 01:57:20,28.6,60.9,27.7,53.8,0.0,0.0,0.0
2026-04-13 01:57:25,28.6,61.0,4.2,53.7,0.0,0.0,0.0
2026-04-13 01:57:30,28.7,60.9,17.9,53.7,0.0,0.0,0.0
2026-04-13 01:57:35,28.6,60.9,0.0,53.7,0.0,0.0,0.0
2026-04-13 01:57:40,28.6,60.9,11.0,53.7,0.0,0.0,0.0
2026-04-13 01:57:45,28.7,61.0,16.5,53.7,0.0,0.0,0.0
2026-04-13 01:57:50,28.8,61.1,8.1,53.8,0.0,0.0,0.0
2026-04-13 01:57:55,28.7,61.0,0.0,53.8,0.0,0.0,0.0
2026-04-13 01:58:00,28.7,61.1,20.0,53.8,0.0,0.0,0.0
2026-04-13 01:58:05,28.6,61.1,17.3,53.8,0.0,0.0,0.0
2026-04-13 01:58:10,28.6,61.2,14.4,53.8,0.0,0.0,0.0
2026-04-13 01:58:15,28.7,61.1,33.4,53.7,0.0,0.0,0.0
2026-04-13 01:58:20,28.6,61.0,17.8,53.7,0.0,0.0,0.0
2026-04-13 01:58:25,28.6,60.9,1.0,53.7,0.0,0.0,0.0
2026-04-13 01:58:30,28.6,60.9,25.2,53.7,0.0,0.0,0.0
2026-04-13 01:58:35,28.7,60.8,8.6,53.7,0.0,0.0,0.0
2026-04-13 01:58:40,28.6,60.8,21.0,53.7,0.0,0.0,0.0
2026-04-13 01:58:45,28.6,60.9,2.1,53.7,0.0,0.0,0.0
2026-04-13 01:58:50,28.7,60.9,0.0,53.8,0.0,0.0,0.0
2026-04-13 01:58:55,28.6,60.7,22.6,53.8,0.0,0.0,0.0
2026-04-13 01:59:00,28.8,60.8,24.9,53.7,0.0,0.0,0.0
2026-04-13 01:59:05,28.6,60.8,7.4,53.7,0.0,0.0,0.0
2026-04-13 01:59:10,28.6,60.8,3.8,53.7,0.0,0.0,0.0
2026-04-13 01:59:15,28.7,60.7,10.9,53.7,0.0,0.0,0.0
2026-04-13 01:59:20,28.7,60.9,20.1,53.7,0.0,0.0,0.0
2026-04-13 01:59:25,28.5,60.8,0.0,53.7,0.0,0.0,0.0
2026-04-13 01:59:30,28.7,60.8,20.0,53.7,0.0,0.0,0.0
2026-04-13 01:59:35,28.7,60.7,15.6,53.7,0.0,0.0,0.0
2026-04-13 01:59:40,28.8,60.8,11.4,53.7,0.0,0.0,0.0
2026-04-13 01:59:45,28.6,60.9,0.0,53.7,0.0,0.0,0.0
2026-04-13 01:59:50,28.6,60.9,2.9,53.7,0.0,0.0,0.0
2026-04-13 01:59:55,28.6,60.8,22.8,53.7,0.0,0.0,0.0
2026-04-13 02:00:00,28.6,60.7,5.6,53.7,0.0,0.0,0.0
2026-04-13 02:00:05,28.6,60.7,25.9,53.7,0.0,0.0,0.0
2026-04-13 02:00:10,28.7,60.8,21.7,53.7,0.0,0.0,0.0
2026-04-13 02:00:15,28.8,60.8,14.4,53.7,0.0,0.0,0.0
2026-04-13 02:00:20,28.8,60.7,3.5,53.7,0.0,0.0,0.0
2026-04-13 02:00:25,28.8,60.7,50.4,53.7,0.0,0.0,0.0
2026-04-13 02:00:30,28.8,60.6,23.1,53.7,0.0,0.0,0.0
2026-04-13 02:00:35,28.7,60.6,15.3,53.7,0.0,0.0,0.0
2026-04-13 02:00:40,28.6,60.7,28.5,53.7,0.0,0.0,0.0
2026-04-13 02:00:45,28.6,60.7,13.0,53.7,0.0,0.0,0.0
2026-04-13 02:00:50,28.6,60.7,9.2,53.7,0.0,0.0,0.0
2026-04-13 02:00:55,28.5,60.8,12.0,53.7,0.0,0.0,0.0
2026-04-13 02:01:00,28.6,60.8,16.7,53.7,0.0,0.0,0.0
2026-04-13 02:01:05,28.7,60.9,20.2,53.7,0.0,0.0,0.0
2026-04-13 02:01:10,28.7,60.7,20.1,53.7,0.0,0.0,0.0
2026-04-13 02:01:15,28.6,60.7,3.0,53.7,0.0,0.0,0.0
2026-04-13 02:01:20,28.5,60.9,22.7,53.7,0.0,0.0,0.0
2026-04-13 02:01:25,28.7,60.8,18.6,53.7,0.0,0.0,0.0
2026-04-13 02:01:30,28.7,60.8,11.5,53.7,0.0,0.0,0.0
2026-04-13 02:01:35,28.6,60.9,7.5,53.7,0.0,0.0,0.0
2026-04-13 02:01:40,28.6,61.0,10.1,53.7,0.0,0.0,0.0
2026-04-13 02:01:45,28.7,61.0,15.9,53.7,0.0,0.0,0.0
2026-04-13 02:01:50,28.5,61.1,10.2,53.7,0.0,0.0,0.0
2026-04-13 02:01:55,28.7,61.2,12.7,53.7,0.0,0.0,0.0
2026-04-13 02:02:00,28.7,61.2,3.9,53.7,0.0,0.0,0.0
2026-04-13 02:02:05,28.8,61.2,19.1,53.7,0.0,0.0,0.0
2026-04-13 02:02:10,28.6,61.2,18.7,53.7,0.0,0.0,0.0
2026-04-13 02:02:15,28.7,61.4,12.7,53.7,0.0,0.0,0.0
2026-04-13 02:02:20,28.5,61.5,6.5,53.7,0.0,0.0,0.0
2026-04-13 02:02:25,28.6,61.5,21.2,53.7,0.0,0.0,0.0
2026-04-13 02:02:30,28.6,61.4,0.0,53.7,0.0,0.0,0.0
2026-04-13 02:02:35,28.6,61.5,25.6,53.7,0.0,0.0,0.0
2026-04-13 02:02:40,28.6,61.4,12.6,53.7,0.0,0.0,0.0
2026-04-13 02:02:45,28.7,61.3,7.3,53.7,0.0,0.0,0.0
2026-04-13 02:02:50,28.7,61.3,13.8,53.7,0.0,0.0,0.0
2026-04-13 02:02:55,28.7,61.3,9.1,53.7,0.0,0.0,0.0
2026-04-13 02:03:00,28.7,61.2,0.0,53.7,0.0,0.0,0.0
2026-04-13 02:03:05,28.6,61.2,6.4,53.7,0.0,0.0,0.0
2026-04-13 02:03:10,28.6,61.2,17.7,53.7,0.0,0.0,0.0
2026-04-13 02:03:15,28.8,60.9,19.4,53.7,0.0,0.0,0.0
2026-04-13 02:03:20,28.6,60.9,24.0,53.7,0.0,0.0,0.0
2026-04-13 02:03:25,28.6,60.9,17.6,53.7,0.0,0.0,0.0
2026-04-13 02:03:30,28.7,60.8,3.8,53.7,0.0,0.0,0.0
2026-04-13 02:03:35,28.5,60.7,37.9,53.7,0.0,0.0,0.0
2026-04-13 02:03:40,28.5,60.9,0.9,53.6,0.0,0.0,0.0
2026-04-13 02:03:45,28.6,60.9,6.2,53.6,0.0,0.0,0.0
2026-04-13 02:03:50,28.7,61.0,15.4,53.7,0.0,0.0,0.0
2026-04-13 02:03:55,28.6,61.0,8.5,53.7,0.0,0.0,0.0
2026-04-13 02:04:00,28.8,61.1,13.7,53.7,0.0,0.0,0.0
2026-04-13 02:04:05,28.7,61.2,9.7,53.7,0.0,0.0,0.0
2026-04-13 02:04:10,28.7,61.2,26.5,53.7,0.0,0.0,0.0
2026-04-13 02:04:15,28.6,61.1,10.9,53.7,0.0,0.0,0.0
2026-04-13 02:04:20,28.5,61.1,13.7,53.7,0.0,0.0,0.0
2026-04-13 02:04:25,28.6,61.0,4.9,53.7,0.0,0.0,0.0
2026-04-13 02:04:30,28.7,61.0,14.3,53.7,0.0,0.0,0.0
2026-04-13 02:04:35,28.6,61.1,16.9,53.7,0.0,0.0,0.0
2026-04-13 02:04:40,28.7,61.0,0.0,53.7,0.0,0.0,0.0
2026-04-13 02:04:45,28.6,61.0,22.2,53.7,0.0,0.0,0.0
2026-04-13 02:04:50,28.6,61.0,0.3,53.7,0.0,0.0,0.0
2026-04-13 02:04:55,28.6,61.1,0.0,53.7,0.0,0.0,0.0
2026-04-13 02:05:00,28.7,61.2,0.0,53.7,0.0,0.0,0.0
2026-04-13 02:05:05,28.5,61.1,22.4,53.7,0.0,0.0,0.0
2026-04-13 02:05:10,28.7,61.1,19.2,53.7,0.0,0.0,0.0
2026-04-13 02:05:15,28.7,61.2,22.6,53.7,0.0,0.0,0.0
2026-04-13 02:05:20,28.6,61.1,28.6,53.7,0.0,0.0,0.0
2026-04-13 02:05:25,28.8,61.1,32.3,53.7,0.0,0.0,0.0
2026-04-13 02:05:30,28.6,61.2,5.9,53.7,0.0,0.0,0.0
2026-04-13 02:05:35,28.5,61.2,38.4,53.6,0.0,0.0,0.0
2026-04-13 02:05:40,28.6,61.1,20.3,53.6,0.0,0.0,0.0
2026-04-13 02:05:45,28.7,61.1,14.0,53.6,0.0,0.0,0.0
2026-04-13 02:05:50,28.6,61.1,15.7,53.7,0.0,0.0,0.0
2026-04-13 02:05:55,28.7,61.0,22.0,53.7,0.0,0.0,0.0
2026-04-13 02:06:00,28.5,61.0,25.6,53.7,0.0,0.0,0.0
2026-04-13 02:06:05,28.7,61.0,42.9,53.7,0.0,0.0,0.0
2026-04-13 02:06:10,28.7,60.9,25.7,53.7,0.0,0.0,0.0
2026-04-13 02:06:15,28.7,61.1,7.8,53.7,0.0,0.0,0.0
2026-04-13 02:06:20,28.6,61.1,10.5,53.6,0.0,0.0,0.0
2026-04-13 02:06:25,28.6,61.1,15.1,53.6,0.0,0.0,0.0
2026-04-13 02:06:30,28.7,61.0,15.6,53.6,0.0,0.0,0.0
2026-04-13 02:06:35,28.7,61.0,6.3,53.6,0.0,0.0,0.0
2026-04-13 02:06:40,28.8,61.0,0.0,53.6,0.0,0.0,0.0
2026-04-13 02:06:45,28.5,61.0,27.3,53.7,0.0,0.0,0.0
2026-04-13 02:06:50,28.7,60.8,4.3,53.7,0.0,0.0,0.0
2026-04-13 02:06:55,28.7,60.8,13.9,53.6,0.0,0.0,0.0
2026-04-13 02:07:00,28.7,60.9,12.2,53.6,0.0,0.0,0.0
2026-04-13 02:07:05,28.7,61.0,21.5,53.6,0.0,0.0,0.0
2026-04-13 02:07:10,28.7,60.9,17.0,53.6,0.0,0.0,0.0
2026-04-13 02:07:15,28.5,60.9,10.2,53.7,0.0,0.0,0.0
2026-04-13 02:07:20,28.6,60.7,0.0,53.7,0.0,0.0,0.0
2026-04-13 02:07:25,28.7,60.8,18.9,53.7,0.0,0.0,0.0
2026-04-13 02:07:30,28.6,60.9,1.7,53.7,0.0,0.0,0.0
2026-04-13 02:07:35,28.7,60.8,21.1,53.7,0.0,0.0,0.0
2026-04-13 02:07:40,28.7,60.8,16.1,53.7,0.0,0.0,0.0
2026-04-13 02:07:45,28.5,60.8,18.8,53.7,0.0,0.0,0.0
2026-04-13 02:07:50,28.6,60.9,5.4,53.6,0.0,0.0,0.0
2026-04-13 02:07:55,28.6,60.9,19.7,53.6,0.0,0.0,0.0
2026-04-13 02:08:00,28.6,60.9,28.9,53.6,0.0,0.0,0.0
2026-04-13 02:08:05,28.7,60.9,15.0,53.6,0.0,0.0,0.0
2026-04-13 02:08:10,28.6,60.9,22.2,53.6,0.0,0.0,0.0
2026-04-13 02:08:15,28.5,60.8,7.7,53.7,0.0,0.0,0.0
2026-04-13 02:08:20,28.8,60.9,10.6,53.7,0.0,0.0,0.0
2026-04-13 02:08:25,28.5,60.9,36.1,53.7,0.0,0.0,0.0
2026-04-13 02:08:30,28.5,61.0,15.2,53.7,0.0,0.0,0.0
2026-04-13 02:08:35,28.7,61.1,26.7,53.7,0.0,0.0,0.0
2026-04-13 02:08:40,28.7,61.0,9.1,53.7,0.0,0.0,0.0
2026-04-13 02:08:45,28.6,61.1,18.4,53.7,0.0,0.0,0.0
2026-04-13 02:08:50,28.6,61.0,26.7,53.7,0.0,0.0,0.0
2026-04-13 02:08:55,28.7,60.8,11.0,53.7,0.0,0.0,0.0
2026-04-13 02:09:00,28.6,60.8,17.3,53.6,0.0,0.0,0.0
2026-04-13 02:09:05,28.5,60.8,18.6,53.6,0.0,0.0,0.0
2026-04-13 02:09:10,28.7,60.8,0.0,53.7,0.0,0.0,0.0
2026-04-13 02:09:15,28.7,60.8,13.7,53.7,0.0,0.0,0.0
2026-04-13 02:09:20,28.7,60.8,26.8,53.7,0.0,0.0,0.0
2026-04-13 02:09:25,28.6,60.7,7.9,53.7,0.0,0.0,0.0
2026-04-13 02:09:30,28.5,60.7,20.5,53.7,0.0,0.0,0.0
2026-04-13 02:09:35,28.6,60.7,5.8,53.7,0.0,0.0,0.0
2026-04-13 02:09:40,28.6,60.6,28.3,53.7,0.0,0.0,0.0
2026-04-13 02:09:45,28.7,60.5,7.3,53.7,0.0,0.0,0.0
2026-04-13 02:09:50,28.5,60.5,10.1,53.7,0.0,0.0,0.0
2026-04-13 02:09:55,28.6,60.6,30.7,53.7,0.0,0.0,0.0
2026-04-13 02:10:00,28.6,60.7,0.0,53.7,0.0,0.0,0.0
2026-04-13 02:10:05,28.8,60.7,0.0,53.7,0.0,0.0,0.0
2026-04-13 02:10:10,28.6,60.7,20.3,53.7,0.0,0.0,0.0
2026-04-13 02:10:15,28.5,60.7,21.2,53.7,0.0,0.0,0.0
2026-04-13 02:10:20,28.6,60.7,11.7,53.7,0.0,0.0,0.0
2026-04-13 02:10:25,28.6,60.7,18.2,53.7,0.0,0.0,0.0
2026-04-13 02:10:30,28.7,60.6,28.4,53.7,0.0,0.0,0.0
2026-04-13 02:10:35,28.7,60.6,4.9,53.7,0.0,0.0,0.0
2026-04-13 02:10:40,28.6,60.7,20.1,53.7,0.0,0.0,0.0
2026-04-13 02:10:45,28.5,60.6,30.5,53.7,0.0,0.0,0.0
2026-04-13 02:10:50,28.6,60.6,6.4,53.7,0.0,0.0,0.0
2026-04-13 02:10:55,28.5,60.7,19.4,53.7,0.0,0.0,0.0
2026-04-13 02:11:00,28.5,60.7,12.5,53.7,0.0,0.0,0.0
2026-04-13 02:11:05,28.5,60.7,21.9,53.7,0.0,0.0,0.0
2026-04-13 02:11:10,28.6,60.7,12.3,53.6,0.0,0.0,0.0
2026-04-13 02:11:15,28.6,60.8,26.7,53.6,0.0,0.0,0.0
2026-04-13 02:11:20,28.6,60.7,11.2,53.6,0.0,0.0,0.0
2026-04-13 02:11:25,28.7,60.6,12.7,53.7,0.0,0.0,0.0
2026-04-13 02:11:30,28.7,60.6,0.0,53.7,0.0,0.0,0.0
2026-04-13 02:11:35,28.5,60.6,0.0,53.7,0.0,0.0,0.0
2026-04-13 02:11:40,28.5,60.6,11.3,53.7,0.0,0.0,0.0
2026-04-13 02:11:45,28.8,60.5,6.1,53.6,0.0,0.0,0.0
2026-04-13 02:11:50,28.6,60.5,21.6,53.6,0.0,0.0,0.0
2026-04-13 02:11:55,28.7,60.6,13.5,53.7,0.0,0.0,0.0
2026-04-13 02:12:00,28.5,60.6,14.8,53.7,0.0,0.0,0.0
2026-04-13 02:12:05,28.6,60.7,25.5,53.7,0.0,0.0,0.0
2026-04-13 02:12:10,28.8,60.7,26.5,53.7,0.0,0.0,0.0
2026-04-13 02:12:15,28.6,60.7,23.8,53.7,0.0,0.0,0.0
2026-04-13 02:12:20,28.7,60.8,25.4,53.7,0.0,0.0,0.0
2026-04-13 02:12:25,28.7,60.7,29.3,53.7,0.0,0.0,0.0
2026-04-13 02:12:30,28.6,60.7,15.9,53.7,0.0,0.0,0.0
2026-04-13 02:12:35,28.6,60.8,12.3,53.7,0.0,0.0,0.0
2026-04-13 02:12:40,28.5,60.8,3.6,53.7,0.0,0.0,0.0
2026-04-13 02:12:45,28.7,60.8,36.6,53.7,0.0,0.0,0.0
2026-04-13 02:12:50,28.7,60.9,25.4,53.7,0.0,0.0,0.0
2026-04-13 02:12:55,28.6,60.8,22.4,53.7,0.0,0.0,0.0
2026-04-13 02:13:00,28.6,60.9,0.0,53.7,0.0,0.0,0.0
2026-04-13 02:13:05,28.8,60.9,36.7,53.7,0.0,0.0,0.0
2026-04-13 02:13:10,28.7,61.0,13.9,53.7,0.0,0.0,0.0
2026-04-13 02:13:15,28.7,60.8,9.0,53.7,0.0,0.0,0.0
2026-04-13 02:13:20,28.7,60.9,9.3,53.7,0.0,0.0,0.0
2026-04-13 02:13:25,28.6,60.6,0.0,53.7,0.0,0.0,0.0
2026-04-13 02:13:30,28.5,60.5,20.3,53.7,0.0,0.0,0.0
2026-04-13 02:13:35,28.6,60.5,14.6,53.7,0.0,0.0,0.0
2026-04-13 02:13:40,28.6,60.6,16.5,53.7,0.0,0.0,0.0
2026-04-13 02:13:45,28.6,60.6,3.1,53.7,0.0,0.0,0.0
2026-04-13 02:13:50,28.6,60.5,13.5,53.7,0.0,0.0,0.0
2026-04-13 02:13:55,28.6,60.5,12.3,53.7,0.0,0.0,0.0
2026-04-13 02:14:00,28.7,60.6,7.6,53.7,0.0,0.0,0.0
2026-04-13 02:14:05,28.7,60.6,11.4,53.7,0.0,0.0,0.0
2026-04-13 02:14:10,28.6,60.6,0.0,53.7,0.0,0.0,0.0
2026-04-13 02:14:15,28.6,60.6,26.2,53.7,0.0,0.0,0.0
2026-04-13 02:14:20,28.5,60.4,18.1,53.7,0.0,0.0,0.0
2026-04-13 02:14:25,28.6,60.4,24.7,53.7,0.0,0.0,0.0
2026-04-13 02:14:30,28.5,60.4,7.0,53.7,0.0,0.0,0.0
2026-04-13 02:14:35,28.7,60.4,8.0,53.7,0.0,0.0,0.0
2026-04-13 02:14:40,28.6,60.5,3.1,53.7,0.0,0.0,0.0
2026-04-13 02:14:45,28.6,60.3,13.6,53.7,0.0,0.0,0.0
2026-04-13 02:14:50,28.7,60.3,6.9,53.7,0.0,0.0,0.0
2026-04-13 02:14:55,28.6,60.4,18.1,53.7,0.0,0.0,0.0
2026-04-13 02:15:00,28.4,60.5,0.0,53.7,0.0,0.0,0.0
2026-04-13 02:15:05,28.5,60.3,22.6,53.7,0.0,0.0,0.0
2026-04-13 02:15:10,28.6,60.4,27.0,53.7,0.0,0.0,0.0
2026-04-13 02:15:15,28.6,60.4,18.3,53.7,0.0,0.0,0.0
2026-04-13 02:15:20,28.6,60.4,9.7,53.7,0.0,0.0,0.0
2026-04-13 02:15:25,28.6,60.5,21.6,53.7,0.0,0.0,0.0
2026-04-13 02:15:30,28.6,60.8,28.8,53.7,0.0,0.0,0.0
2026-04-13 02:15:35,28.7,60.7,21.8,53.7,0.0,0.0,0.0
2026-04-13 02:15:40,28.6,60.8,31.9,53.7,0.0,0.0,0.0
2026-04-13 02:15:45,28.6,60.9,22.8,53.7,0.0,0.0,0.0
2026-04-13 02:15:50,28.5,60.9,6.4,53.7,0.0,0.0,0.0
2026-04-13 02:15:55,28.7,60.9,11.9,53.7,0.0,0.0,0.0
2026-04-13 02:16:00,28.6,60.9,19.4,53.7,0.0,0.0,0.0
2026-04-13 02:16:05,28.6,61.0,23.4,53.7,0.0,0.0,0.0
2026-04-13 02:16:10,28.7,61.0,14.7,53.7,0.0,0.0,0.0
2026-04-13 02:16:15,28.6,61.0,19.1,53.7,0.0,0.0,0.0
2026-04-13 02:16:20,28.6,61.0,12.1,53.7,0.0,0.0,0.0
2026-04-13 02:16:25,28.7,61.0,21.1,53.7,0.0,0.0,0.0
2026-04-13 02:16:30,28.7,61.0,11.2,53.7,0.0,0.0,0.0
2026-04-13 02:16:35,28.7,61.2,23.6,53.7,0.0,0.0,0.0
2026-04-13 02:16:40,28.6,61.1,0.2,53.7,0.0,0.0,0.0
2026-04-13 02:16:45,28.6,61.1,10.1,53.7,0.0,0.0,0.0
2026-04-13 02:16:50,28.5,61.1,8.2,53.7,0.0,0.0,0.0
2026-04-13 02:16:55,28.8,61.2,21.8,53.7,0.0,0.0,0.0
2026-04-13 02:17:00,28.5,61.2,24.6,53.7,0.0,0.0,0.0
2026-04-13 02:17:05,28.7,61.1,14.1,53.7,0.0,0.0,0.0
2026-04-13 02:17:10,28.8,61.2,14.5,53.7,0.0,0.0,0.0
2026-04-13 02:17:15,28.6,61.3,18.5,53.7,0.0,0.0,0.0
2026-04-13 02:17:20,28.5,61.2,27.4,53.6,0.0,0.0,0.0
2026-04-13 02:17:25,28.5,61.1,14.4,53.6,0.0,0.0,0.0
2026-04-13 02:17:30,28.6,61.1,17.4,53.6,0.0,0.0,0.0
2026-04-13 02:17:35,28.6,61.0,0.6,53.7,0.0,0.0,0.0
2026-04-13 02:17:40,28.5,61.1,19.6,53.7,0.0,0.0,0.0
2026-04-13 02:17:45,28.7,61.2,11.6,53.7,0.0,0.0,0.0
2026-04-13 02:17:50,28.6,61.0,3.5,53.7,0.0,0.0,0.0
2026-04-13 02:17:55,28.7,61.1,0.0,53.7,0.0,0.0,0.0
2026-04-13 02:18:00,28.6,61.1,26.6,53.7,0.0,0.0,0.0
2026-04-13 02:18:05,28.6,61.2,15.1,53.7,0.0,0.0,0.0
2026-04-13 02:18:10,28.6,61.1,20.2,53.7,0.0,0.0,0.0
2026-04-13 02:18:15,28.7,61.1,5.0,53.7,0.0,0.0,0.0
2026-04-13 02:18:20,28.6,61.1,9.1,53.7,0.0,0.0,0.0
2026-04-13 02:18:25,28.7,61.1,32.4,53.7,0.0,0.0,0.0
2026-04-13 02:18:30,28.7,61.0,0.0,53.7,0.0,0.0,0.0
2026-04-13 02:18:35,28.6,61.1,5.8,53.7,0.0,0.0,0.0
2026-04-13 02:18:40,28.6,61.1,26.1,53.7,0.0,0.0,0.0
2026-04-13 02:18:45,28.7,61.1,8.4,53.7,0.0,0.0,0.0
2026-04-13 02:18:50,28.5,61.1,27.6,53.7,0.0,0.0,0.0
2026-04-13 02:18:55,28.6,61.2,8.7,53.7,0.0,0.0,0.0
2026-04-13 02:19:00,28.6,61.2,21.7,53.7,0.0,0.0,0.0
2026-04-13 02:19:05,28.6,61.2,2.5,53.7,0.0,0.0,0.0
2026-04-13 02:19:10,28.6,61.1,7.0,53.7,0.0,0.0,0.0
2026-04-13 02:19:15,28.6,61.1,5.8,53.6,0.0,0.0,0.0
2026-04-13 02:19:20,28.6,61.0,20.5,53.6,0.0,0.0,0.0
2026-04-13 02:19:25,28.6,60.9,26.1,53.7,0.0,0.0,0.0
2026-04-13 02:19:30,28.7,60.9,20.4,53.7,0.0,0.0,0.0
2026-04-13 02:19:35,28.8,60.9,13.4,53.7,0.0,0.0,0.0
2026-04-13 02:19:40,28.6,60.9,31.2,53.7,0.0,0.0,0.0
2026-04-13 02:19:45,28.5,60.9,7.5,53.7,0.0,0.0,0.0
2026-04-13 02:19:50,28.7,61.1,16.0,53.7,0.0,0.0,0.0
2026-04-13 02:19:55,28.6,61.2,15.8,53.7,0.0,0.0,0.0
2026-04-13 02:20:00,28.6,61.3,11.3,53.7,0.0,0.0,0.0
2026-04-13 02:20:05,28.6,61.3,24.8,53.7,0.0,0.0,0.0
2026-04-13 02:20:10,28.5,61.2,8.7,53.7,0.0,0.0,0.0
2026-04-13 02:20:15,28.7,61.3,23.1,53.7,0.0,0.0,0.0
2026-04-13 02:20:20,28.7,61.3,15.6,53.7,0.0,0.0,0.0
2026-04-13 02:20:25,28.5,61.5,12.1,53.7,0.0,0.0,0.0
2026-04-13 02:20:30,28.6,61.4,12.3,53.6,0.0,0.0,0.0
2026-04-13 02:20:35,28.6,61.4,22.2,53.6,0.0,0.0,0.0
2026-04-13 02:20:40,28.7,61.4,5.0,53.7,0.0,0.0,0.0
2026-04-13 02:20:45,28.5,61.4,24.3,53.7,0.0,0.0,0.0
2026-04-13 02:20:50,28.7,61.3,34.1,53.7,0.0,0.0,0.0
2026-04-13 02:20:55,28.6,61.2,22.3,53.7,0.0,0.0,0.0
2026-04-13 02:21:00,28.7,61.3,23.1,53.7,0.0,0.0,0.0
2026-04-13 02:21:05,28.7,61.2,28.3,53.7,0.0,0.0,0.0
2026-04-13 02:21:10,28.9,61.3,10.2,53.7,0.0,0.0,0.0
2026-04-13 02:21:15,28.6,61.3,15.4,53.7,0.0,0.0,0.0
2026-04-13 02:21:20,28.8,61.3,18.0,53.7,0.0,0.0,0.0
2026-04-13 02:21:25,28.7,61.2,13.4,53.7,0.0,0.0,0.0
2026-04-13 02:21:30,28.6,61.2,11.8,53.7,0.0,0.0,0.0
2026-04-13 02:21:35,28.7,61.2,5.7,53.7,0.0,0.0,0.0
2026-04-13 02:21:40,28.7,61.1,11.1,53.7,0.0,0.0,0.0
2026-04-13 02:21:45,28.6,61.1,3.0,53.7,0.0,0.0,0.0
2026-04-13 02:21:50,28.5,61.1,21.2,53.7,0.0,0.0,0.0
2026-04-13 02:21:55,28.5,61.1,12.1,53.7,0.0,0.0,0.0
2026-04-13 02:22:00,28.6,61.2,12.3,53.7,0.0,0.0,0.0
2026-04-13 02:22:05,28.7,61.1,15.1,53.7,0.0,0.0,0.0
2026-04-13 02:22:10,28.5,61.1,11.3,53.7,0.0,0.0,0.0
2026-04-13 02:22:15,28.6,61.0,5.2,53.7,0.0,0.0,0.0
2026-04-13 02:22:20,28.6,61.1,22.0,53.7,0.0,0.0,0.0
2026-04-13 02:22:25,28.8,61.0,13.8,53.7,0.0,0.0,0.0
2026-04-13 02:22:30,28.6,60.9,23.3,53.7,0.0,0.0,0.0
2026-04-13 02:22:35,28.6,61.1,8.8,53.7,0.0,0.0,0.0
2026-04-13 02:22:40,28.7,61.0,23.9,53.7,0.0,0.0,0.0
2026-04-13 02:22:45,28.7,61.0,18.4,53.7,0.0,0.0,0.0
2026-04-13 02:22:50,28.7,61.0,15.9,53.7,0.0,0.0,0.0
2026-04-13 02:22:55,28.6,60.9,22.2,53.7,0.0,0.0,0.0
2026-04-13 02:23:00,28.7,60.9,10.7,53.7,0.0,0.0,0.0
2026-04-13 02:23:05,28.8,60.9,30.5,53.7,0.0,0.0,0.0
2026-04-13 02:23:10,28.8,60.9,29.6,53.7,0.0,0.0,0.0
2026-04-13 02:23:15,28.6,60.9,16.8,53.7,0.0,0.0,0.0
2026-04-13 02:23:20,28.7,60.9,14.0,53.7,0.0,0.0,0.0
2026-04-13 02:23:25,28.7,61.0,28.2,53.7,0.0,0.0,0.0
2026-04-13 02:23:30,28.7,60.9,10.5,53.7,0.0,0.0,0.0
2026-04-13 02:23:35,28.6,61.0,35.9,53.7,0.0,0.0,0.0
2026-04-13 02:23:40,28.6,61.0,2.8,53.7,0.0,0.0,0.0
2026-04-13 02:23:45,28.7,61.0,5.7,53.7,0.0,0.0,0.0
2026-04-13 02:23:50,28.7,60.9,27.6,53.7,0.0,0.0,0.0
2026-04-13 02:23:55,28.9,60.8,41.5,53.7,0.0,0.0,0.0
2026-04-13 02:24:00,28.5,60.8,15.7,53.7,0.0,0.0,0.0
2026-04-13 02:24:05,28.8,60.9,31.6,53.7,0.0,0.0,0.0
2026-04-13 02:24:10,28.6,60.8,13.0,53.7,0.0,0.0,0.0
2026-04-13 02:24:15,28.5,60.8,0.0,53.7,0.0,0.0,0.0
2026-04-13 02:24:20,28.8,60.8,18.1,53.7,0.0,0.0,0.0
2026-04-13 02:24:25,28.6,60.9,15.3,53.7,0.0,0.0,0.0
2026-04-13 02:24:30,28.7,60.7,12.6,53.7,0.0,0.0,0.0
2026-04-13 02:24:35,28.5,60.7,9.9,53.7,0.0,0.0,0.0
2026-04-13 02:24:40,28.7,60.9,23.6,53.7,0.0,0.0,0.0
2026-04-13 02:24:45,28.7,60.8,21.8,53.7,0.0,0.0,0.0
2026-04-13 02:24:50,28.6,60.8,14.7,53.7,0.0,0.0,0.0
2026-04-13 02:24:55,28.7,60.9,17.2,53.7,0.0,0.0,0.0
2026-04-13 02:25:00,28.7,61.0,33.3,53.7,0.0,0.0,0.0
2026-04-13 02:25:05,28.6,61.0,17.1,53.7,0.0,0.0,0.0
2026-04-13 02:25:10,28.8,61.0,18.4,53.7,0.0,0.0,0.0
2026-04-13 02:25:15,28.7,60.9,14.8,53.7,0.0,0.0,0.0
2026-04-13 02:25:20,28.8,60.9,8.9,53.7,0.0,0.0,0.0
2026-04-13 02:25:25,28.6,60.9,2.5,53.7,0.0,0.0,0.0
2026-04-13 02:25:30,28.5,60.9,9.6,53.7,0.0,0.0,0.0
2026-04-13 02:25:35,28.6,60.8,15.6,53.7,0.0,0.0,0.0
2026-04-13 02:25:40,28.6,60.8,13.2,53.7,0.0,0.0,0.0
2026-04-13 02:25:45,28.6,60.7,19.9,53.7,0.0,0.0,0.0
2026-04-13 02:25:50,28.8,60.8,0.0,53.7,0.0,0.0,0.0
2026-04-13 02:25:55,28.7,60.7,0.4,53.7,0.0,0.0,0.0
2026-04-13 02:26:00,28.6,60.7,21.1,53.7,0.0,0.0,0.0
2026-04-13 02:26:05,28.8,60.7,25.8,53.7,0.0,0.0,0.0
2026-04-13 02:26:10,28.7,60.6,25.8,53.7,0.0,0.0,0.0
2026-04-13 02:26:15,28.7,60.6,3.6,53.7,0.0,0.0,0.0
2026-04-13 02:26:20,28.7,60.4,14.9,53.7,0.0,0.0,0.0
2026-04-13 02:26:25,28.6,60.3,12.7,53.7,0.0,0.0,0.0
2026-04-13 02:26:30,28.6,60.3,31.1,53.7,0.0,0.0,0.0
2026-04-13 02:26:35,28.8,60.4,19.0,53.7,0.0,0.0,0.0
2026-04-13 02:26:40,28.8,60.3,31.6,53.7,0.0,0.0,0.0
2026-04-13 02:26:45,28.7,60.3,12.9,53.7,0.0,0.0,0.0
2026-04-13 02:26:50,28.7,60.3,0.0,53.7,0.0,0.0,0.0
2026-04-13 02:26:55,28.6,60.3,21.0,53.7,0.0,0.0,0.0
2026-04-13 02:27:00,28.8,60.3,20.4,53.7,0.0,0.0,0.0
2026-04-13 02:27:05,28.7,60.2,20.3,53.7,0.0,0.0,0.0
2026-04-13 02:27:10,28.7,60.4,9.3,53.7,0.0,0.0,0.0
2026-04-13 02:27:15,28.7,60.4,0.0,53.7,0.0,0.0,0.0
2026-04-13 02:27:20,28.8,60.5,9.2,53.7,0.0,0.0,0.0
2026-04-13 02:27:25,28.7,60.4,0.2,53.7,0.0,0.0,0.0
2026-04-13 02:27:30,28.5,60.4,27.2,53.7,0.0,0.0,0.0
2026-04-13 02:27:35,28.6,60.5,16.0,53.7,0.0,0.0,0.0
2026-04-13 02:27:40,28.6,60.4,6.2,53.7,0.0,0.0,0.0
2026-04-13 02:27:45,28.7,60.5,6.7,53.7,0.0,0.0,0.0
2026-04-13 02:27:50,28.6,60.5,7.1,53.7,0.0,0.0,0.0
2026-04-13 02:27:55,28.8,60.6,15.2,53.7,0.0,0.0,0.0
2026-04-13 02:28:00,28.6,60.6,14.2,53.7,0.0,0.0,0.0
2026-04-13 02:28:05,28.7,60.6,23.3,53.7,0.0,0.0,0.0
2026-04-13 02:28:10,28.7,60.6,0.0,53.6,0.0,0.0,0.0
2026-04-13 02:28:15,28.7,60.7,12.1,53.6,0.0,0.0,0.0
2026-04-13 02:28:20,28.7,60.6,16.9,53.6,0.0,0.0,0.0
2026-04-13 02:28:25,28.7,60.5,2.2,53.7,0.0,0.0,0.0
2026-04-13 02:28:30,28.8,60.6,15.9,53.7,0.0,0.0,0.0
2026-04-13 02:28:35,28.6,60.7,18.7,53.7,0.0,0.0,0.0
2026-04-13 02:28:40,28.8,60.7,8.6,53.7,0.0,0.0,0.0
2026-04-13 02:28:45,28.7,60.7,9.4,53.7,0.0,0.0,0.0
2026-04-13 02:28:50,28.6,60.7,13.8,53.6,0.0,0.0,0.0
2026-04-13 02:28:55,28.7,60.5,4.3,53.6,0.0,0.0,0.0
2026-04-13 02:29:00,28.5,60.5,4.6,53.6,0.0,0.0,0.0
2026-04-13 02:29:05,28.6,60.4,11.2,53.7,0.0,0.0,0.0
2026-04-13 02:29:10,28.6,60.3,25.5,53.7,0.0,0.0,0.0
2026-04-13 02:29:15,28.6,60.3,19.9,53.7,0.0,0.0,0.0
2026-04-13 02:29:20,28.8,60.1,2.3,53.7,0.0,0.0,0.0
2026-04-13 02:29:25,28.7,60.1,18.8,53.7,0.0,0.0,0.0
2026-04-13 02:29:30,28.7,60.1,21.1,53.7,0.0,0.0,0.0
2026-04-13 02:29:35,28.8,60.2,10.5,53.7,0.0,0.0,0.0
2026-04-13 02:29:40,28.8,60.1,6.1,53.7,0.0,0.0,0.0
2026-04-13 02:29:45,28.8,60.2,0.0,53.7,0.0,0.0,0.0
2026-04-13 02:29:50,28.6,60.3,29.1,53.7,0.0,0.0,0.0
2026-04-13 02:29:55,28.6,60.2,17.3,53.7,0.0,0.0,0.0
2026-04-13 02:30:00,28.7,60.4,17.7,53.7,0.0,0.0,0.0
2026-04-13 02:30:05,28.7,60.4,15.4,53.7,0.0,0.0,0.0
2026-04-13 02:30:10,28.5,60.3,0.0,53.7,0.0,0.0,0.0
2026-04-13 02:30:15,28.7,60.3,21.4,53.7,0.0,0.0,0.0
2026-04-13 02:30:20,28.5,60.4,0.0,53.7,0.0,0.0,0.0
2026-04-13 02:30:25,28.6,60.4,7.3,53.7,0.0,0.0,0.0
2026-04-13 02:30:30,28.6,60.3,20.4,53.7,0.0,0.0,0.0
2026-04-13 02:30:35,28.7,60.3,2.4,53.6,0.0,0.0,0.0
2026-04-13 02:30:40,28.5,60.4,1.4,53.6,0.0,0.0,0.0
2026-04-13 02:30:45,28.6,60.4,8.3,53.6,0.0,0.0,0.0
2026-04-13 02:30:50,28.8,60.6,27.8,53.7,0.0,0.0,0.0
2026-04-13 02:30:55,28.7,60.5,31.4,53.7,0.0,0.0,0.0
2026-04-13 02:31:00,28.7,60.5,13.4,53.7,0.0,0.0,0.0
2026-04-13 02:31:05,28.8,60.4,17.2,53.7,0.0,0.0,0.0
2026-04-13 02:31:10,28.5,60.4,7.1,53.7,0.0,0.0,0.0
2026-04-13 02:31:15,28.8,60.3,0.8,53.7,0.0,0.0,0.0
2026-04-13 02:31:20,28.9,60.3,12.6,53.7,0.0,0.0,0.0
2026-04-13 02:31:25,28.7,60.4,10.2,53.7,0.0,0.0,0.0
2026-04-13 02:31:30,28.8,60.6,25.8,53.7,0.0,0.0,0.0
2026-04-13 02:31:35,28.6,60.6,24.6,53.7,0.0,0.0,0.0
2026-04-13 02:31:40,28.7,60.6,22.0,53.7,0.0,0.0,0.0
2026-04-13 02:31:45,28.6,60.5,29.4,53.7,0.0,0.0,0.0
2026-04-13 02:31:50,28.8,60.5,28.3,53.7,0.0,0.0,0.0
2026-04-13 02:31:55,28.7,60.6,20.1,53.6,0.0,0.0,0.0
2026-04-13 02:32:00,28.8,60.5,26.9,53.6,0.0,0.0,0.0
2026-04-13 02:32:05,28.7,60.6,32.8,53.7,0.0,0.0,0.0
2026-04-13 02:32:10,28.5,60.6,17.4,53.7,0.0,0.0,0.0
2026-04-13 02:32:15,28.7,60.7,21.7,53.7,0.0,0.0,0.0
2026-04-13 02:32:20,28.7,60.7,0.9,53.7,0.0,0.0,0.0
2026-04-13 02:32:25,28.7,60.6,0.0,53.7,0.0,0.0,0.0
2026-04-13 02:32:30,28.8,60.7,9.4,53.7,0.0,0.0,0.0
2026-04-13 02:32:35,28.7,60.6,15.0,53.7,0.0,0.0,0.0
2026-04-13 02:32:40,28.8,60.7,15.6,53.7,0.0,0.0,0.0
2026-04-13 02:32:45,28.7,60.8,4.9,53.7,0.0,0.0,0.0
2026-04-13 02:32:50,28.7,60.9,29.2,53.6,0.0,0.0,0.0
2026-04-13 02:32:55,28.6,60.9,19.4,53.6,0.0,0.0,0.0
2026-04-13 02:33:00,28.8,60.9,15.3,53.7,0.0,0.0,0.0
2026-04-13 02:33:05,28.8,60.9,3.6,53.7,0.0,0.0,0.0
2026-04-13 02:33:10,28.8,60.8,23.8,53.6,0.0,0.0,0.0
2026-04-13 02:33:15,28.7,60.8,6.2,53.6,0.0,0.0,0.0
2026-04-13 02:33:20,28.8,61.0,27.1,53.6,0.0,0.0,0.0
2026-04-13 02:33:25,28.6,60.8,12.6,53.7,0.0,0.0,0.0
2026-04-13 02:33:30,28.8,60.8,21.3,53.7,0.0,0.0,0.0
2026-04-13 02:33:35,28.7,60.7,13.2,53.7,0.0,0.0,0.0
2026-04-13 02:33:40,28.8,60.6,18.4,53.7,0.0,0.0,0.0
2026-04-13 02:33:45,28.8,60.7,0.9,53.7,0.0,0.0,0.0
2026-04-13 02:33:50,28.7,60.7,8.1,53.7,0.0,0.0,0.0
2026-04-13 02:33:55,29.0,60.7,4.0,53.7,0.0,0.0,0.0
2026-04-13 02:34:00,28.8,60.7,4.9,53.7,0.0,0.0,0.0
2026-04-13 02:34:05,28.9,60.7,11.4,53.7,0.0,0.0,0.0
2026-04-13 02:34:10,28.8,60.5,8.0,53.7,0.0,0.0,0.0
2026-04-13 02:34:15,28.7,60.7,24.3,53.7,0.0,0.0,0.0
2026-04-13 02:34:20,28.6,60.7,20.7,53.7,0.0,0.0,0.0
2026-04-13 02:34:25,28.7,60.8,14.7,53.7,0.0,0.0,0.0
2026-04-13 02:34:30,28.5,60.6,46.0,53.7,0.0,0.0,0.0
2026-04-13 02:34:35,28.7,60.6,0.0,53.7,0.0,0.0,0.0
2026-04-13 02:34:40,28.9,60.5,18.5,53.7,0.0,0.0,0.0
2026-04-13 02:34:45,28.8,60.6,11.0,53.7,0.0,0.0,0.0
2026-04-13 02:34:50,28.6,60.6,8.6,53.6,0.0,0.0,0.0
2026-04-13 02:34:55,28.8,60.7,13.0,53.6,0.0,0.0,0.0
2026-04-13 02:35:00,28.7,60.6,22.5,53.6,0.0,0.0,0.0
2026-04-13 02:35:05,28.6,60.6,15.1,53.7,0.0,0.0,0.0
2026-04-13 02:35:10,28.6,60.5,18.9,53.7,0.0,0.0,0.0
2026-04-13 02:35:15,28.8,60.5,2.5,53.7,0.0,0.0,0.0
2026-04-13 02:35:20,28.7,60.7,6.9,53.7,0.0,0.0,0.0
2026-04-13 02:35:25,28.7,60.6,18.6,53.7,0.0,0.0,0.0
2026-04-13 02:35:30,28.8,60.7,7.1,53.7,0.0,0.0,0.0
2026-04-13 02:35:35,28.7,60.7,17.7,53.7,0.0,0.0,0.0
2026-04-13 02:35:40,28.9,60.6,5.9,53.7,0.0,0.0,0.0
2026-04-13 02:35:45,28.7,60.6,22.2,53.7,0.0,0.0,0.0
2026-04-13 02:35:50,28.7,60.6,20.4,53.7,0.0,0.0,0.0
2026-04-13 02:35:55,28.7,60.6,5.8,53.7,0.0,0.0,0.0
2026-04-13 02:36:00,28.7,60.7,5.0,53.7,0.0,0.0,0.0
2026-04-13 02:36:05,28.8,60.5,12.1,53.7,0.0,0.0,0.0
2026-04-13 02:36:10,28.7,60.6,12.1,53.7,0.0,0.0,0.0
2026-04-13 02:36:15,28.8,60.5,11.2,53.7,0.0,0.0,0.0
2026-04-13 02:36:20,28.8,60.6,15.1,53.7,0.0,0.0,0.0
2026-04-13 02:36:25,28.9,60.5,24.5,53.7,0.0,0.0,0.0
2026-04-13 02:36:30,28.7,60.5,7.8,53.7,0.0,0.0,0.0
2026-04-13 02:36:35,28.7,60.4,24.1,53.7,0.0,0.0,0.0
2026-04-13 02:36:40,28.8,60.5,17.2,53.7,0.0,0.0,0.0
2026-04-13 02:36:45,28.7,60.5,19.3,53.7,0.0,0.0,0.0
2026-04-13 02:36:50,28.7,60.3,6.0,53.7,0.0,0.0,0.0
2026-04-13 02:36:55,28.8,60.3,16.7,53.7,0.0,0.0,0.0
2026-04-13 02:37:00,28.6,60.4,22.3,53.7,0.0,0.0,0.0
2026-04-13 02:37:05,28.7,60.4,34.3,53.7,0.0,0.0,0.0
2026-04-13 02:37:10,28.8,60.3,13.9,53.7,0.0,0.0,0.0
2026-04-13 02:37:15,28.8,60.3,21.9,53.7,0.0,0.0,0.0
2026-04-13 02:37:20,28.8,60.4,11.0,53.7,0.0,0.0,0.0
2026-04-13 02:37:25,28.8,60.4,2.0,53.7,0.0,0.0,0.0
2026-04-13 02:37:30,28.7,60.6,0.0,53.7,0.0,0.0,0.0
2026-04-13 02:37:35,28.8,60.7,12.3,53.7,0.0,0.0,0.0
2026-04-13 02:37:40,28.9,60.6,20.2,53.7,0.0,0.0,0.0
2026-04-13 02:37:45,28.9,60.5,23.1,53.7,0.0,0.0,0.0
2026-04-13 02:37:50,28.7,60.6,29.5,53.7,0.0,0.0,0.0
2026-04-13 02:37:55,28.8,60.6,24.9,53.7,0.0,0.0,0.0
2026-04-13 02:38:00,28.7,60.7,10.9,53.7,0.0,0.0,0.0
2026-04-13 02:38:05,28.8,60.7,33.9,53.7,0.0,0.0,0.0
2026-04-13 02:38:10,28.7,60.7,22.8,53.7,0.0,0.0,0.0
2026-04-13 02:38:15,28.8,60.7,15.6,53.7,0.0,0.0,0.0
2026-04-13 02:38:20,28.6,60.9,21.0,53.7,0.0,0.0,0.0
2026-04-13 02:38:25,28.7,60.8,12.6,53.7,0.0,0.0,0.0
2026-04-13 02:38:30,28.6,60.9,25.7,53.6,0.0,0.0,0.0
2026-04-13 02:38:35,28.6,60.9,27.5,53.6,0.0,0.0,0.0
2026-04-13 02:38:40,28.5,60.9,4.6,53.6,0.0,0.0,0.0
2026-04-13 02:38:45,28.8,60.8,13.2,53.6,0.0,0.0,0.0
2026-04-13 02:38:50,28.7,60.7,32.6,53.6,0.0,0.0,0.0
2026-04-13 02:38:55,28.7,60.6,29.1,53.6,0.0,0.0,0.0
2026-04-13 02:39:00,28.7,60.5,7.5,53.6,0.0,0.0,0.0
2026-04-13 02:39:05,28.7,60.5,16.4,53.6,0.0,0.0,0.0
2026-04-13 02:39:10,28.7,60.4,6.1,53.6,0.0,0.0,0.0
2026-04-13 02:39:15,28.7,60.4,19.2,53.6,0.0,0.0,0.0
2026-04-13 02:39:20,28.7,60.3,8.9,53.6,0.0,0.0,0.0
2026-04-13 02:39:25,28.6,60.4,4.7,53.6,0.0,0.0,0.0
2026-04-13 02:39:30,28.8,60.4,17.0,53.6,0.0,0.0,0.0
2026-04-13 02:39:35,28.7,60.4,20.6,53.6,0.0,0.0,0.0
2026-04-13 02:39:40,28.8,60.4,12.6,53.6,0.0,0.0,0.0
2026-04-13 02:39:45,28.7,60.4,27.8,53.6,0.0,0.0,0.0
2026-04-13 02:39:50,28.8,60.6,5.6,53.6,0.0,0.0,0.0
2026-04-13 02:39:55,28.8,60.5,12.8,53.6,0.0,0.0,0.0
2026-04-13 02:40:00,28.8,60.6,6.6,53.6,0.0,0.0,0.0
2026-04-13 02:40:05,28.9,60.5,2.1,53.6,0.0,0.0,0.0
2026-04-13 02:40:10,28.9,60.6,26.6,53.6,0.0,0.0,0.0
2026-04-13 02:40:15,29.0,60.5,0.7,53.6,0.0,0.0,0.0
2026-04-13 02:40:20,28.7,60.5,11.3,53.6,0.0,0.0,0.0
2026-04-13 02:40:25,28.8,60.5,16.5,53.7,0.0,0.0,0.0
2026-04-13 02:40:30,28.8,60.5,13.9,53.7,0.0,0.0,0.0
2026-04-13 02:40:35,28.8,60.5,16.6,53.7,0.0,0.0,0.0
2026-04-13 02:40:40,28.8,60.6,13.5,53.6,0.0,0.0,0.0
2026-04-13 02:40:45,28.6,60.5,13.0,53.6,0.0,0.0,0.0
2026-04-13 02:40:50,28.8,60.5,0.0,53.6,0.0,0.0,0.0
2026-04-13 02:40:55,28.8,60.5,23.2,53.6,0.0,0.0,0.0
2026-04-13 02:41:00,28.7,60.3,28.0,53.6,0.0,0.0,0.0
2026-04-13 02:41:05,28.7,60.3,2.0,53.6,0.0,0.0,0.0
2026-04-13 02:41:10,28.9,60.3,13.1,53.6,0.0,0.0,0.0
2026-04-13 02:41:15,28.9,60.3,5.8,53.6,0.0,0.0,0.0
2026-04-13 02:41:20,28.7,60.2,4.2,53.6,0.0,0.0,0.0
2026-04-13 02:41:25,28.8,60.4,19.8,53.6,0.0,0.0,0.0
2026-04-13 02:41:30,28.9,60.4,11.1,53.6,0.0,0.0,0.0
2026-04-13 02:41:35,28.8,60.4,23.9,53.6,0.0,0.0,0.0
2026-04-13 02:41:40,28.8,60.4,0.0,53.6,0.0,0.0,0.0
2026-04-13 02:41:45,28.9,60.3,0.0,53.6,0.0,0.0,0.0
2026-04-13 02:41:50,28.8,60.3,8.6,53.7,0.0,0.0,0.0
2026-04-13 02:41:55,28.8,60.4,14.5,53.7,0.0,0.0,0.0
2026-04-13 02:42:00,28.8,60.5,3.9,53.6,0.0,0.0,0.0
2026-04-13 02:42:05,28.7,60.5,4.3,53.6,0.0,0.0,0.0
2026-04-13 02:42:10,28.8,60.5,21.6,53.6,0.0,0.0,0.0
2026-04-13 02:42:15,28.7,60.5,22.6,53.6,0.0,0.0,0.0
2026-04-13 02:42:20,28.8,60.3,8.2,53.6,0.0,0.0,0.0
2026-04-13 02:42:25,28.7,60.4,14.9,53.6,0.0,0.0,0.0
2026-04-13 02:42:30,28.9,60.4,16.3,53.6,0.0,0.0,0.0
2026-04-13 02:42:35,28.9,60.5,19.6,53.6,0.0,0.0,0.0
2026-04-13 02:42:40,28.8,60.5,26.6,53.6,0.0,0.0,0.0
2026-04-13 02:42:45,28.8,60.5,32.3,53.6,0.0,0.0,0.0
2026-04-13 02:42:50,28.8,60.4,22.8,53.6,0.0,0.0,0.0
2026-04-13 02:42:55,28.7,60.5,17.6,53.6,0.0,0.0,0.0
2026-04-13 02:43:00,28.8,60.5,30.8,53.6,0.0,0.0,0.0
2026-04-13 02:43:05,28.7,60.5,18.0,53.6,0.0,0.0,0.0
2026-04-13 02:43:10,28.8,60.5,2.2,53.6,0.0,0.0,0.0
2026-04-13 02:43:15,28.7,60.4,13.1,53.6,0.0,0.0,0.0
2026-04-13 02:43:20,28.7,60.4,0.0,53.6,0.0,0.0,0.0
2026-04-13 02:43:25,28.6,60.4,19.6,53.6,0.0,0.0,0.0
2026-04-13 02:43:30,28.8,60.4,4.1,53.6,0.0,0.0,0.0
2026-04-13 02:43:35,28.9,60.5,5.7,53.6,0.0,0.0,0.0
2026-04-13 02:43:40,28.8,60.6,8.5,53.6,0.0,0.0,0.0
2026-04-13 02:43:45,28.9,60.7,26.5,53.6,0.0,0.0,0.0
2026-04-13 02:43:50,28.9,60.6,2.2,53.6,0.0,0.0,0.0
2026-04-13 02:43:55,28.8,60.6,0.0,53.6,0.0,0.0,0.0
2026-04-13 02:44:00,28.6,60.6,29.5,53.6,0.0,0.0,0.0
2026-04-13 02:44:05,28.7,60.6,0.0,53.6,0.0,0.0,0.0
2026-04-13 02:44:10,28.7,60.6,14.7,53.6,0.0,0.0,0.0
2026-04-13 02:44:15,28.9,60.6,12.3,53.6,0.0,0.0,0.0
2026-04-13 02:44:20,28.7,60.5,23.0,53.6,0.0,0.0,0.0
2026-04-13 02:44:25,28.8,60.4,13.5,53.6,0.0,0.0,0.0
2026-04-13 02:44:30,28.6,60.4,10.2,53.6,0.0,0.0,0.0
2026-04-13 02:44:35,28.8,60.3,6.7,53.6,0.0,0.0,0.0
2026-04-13 02:44:40,28.8,60.2,12.8,53.6,0.0,0.0,0.0
2026-04-13 02:44:45,28.8,60.3,15.8,53.6,0.0,0.0,0.0
2026-04-13 02:44:50,28.7,60.4,4.8,53.6,0.0,0.0,0.0
2026-04-13 02:44:55,28.7,60.4,10.3,53.6,0.0,0.0,0.0
2026-04-13 02:45:00,28.8,60.4,8.5,53.6,0.0,0.0,0.0
2026-04-13 02:45:05,28.7,60.5,14.1,53.6,0.0,0.0,0.0
2026-04-13 02:45:10,28.6,60.6,25.6,53.6,0.0,0.0,0.0
2026-04-13 02:45:15,28.7,60.5,23.2,53.6,0.0,0.0,0.0
2026-04-13 02:45:20,28.7,60.5,21.2,53.6,0.0,0.0,0.0
2026-04-13 02:45:25,28.7,60.4,7.3,53.6,0.0,0.0,0.0
2026-04-13 02:45:30,28.7,60.4,11.7,53.6,0.0,0.0,0.0
2026-04-13 02:45:35,28.7,60.3,17.0,53.6,0.0,0.0,0.0
2026-04-13 02:45:40,28.7,60.2,10.5,53.6,0.0,0.0,0.0
2026-04-13 02:45:45,28.8,60.3,19.2,53.6,0.0,0.0,0.0
2026-04-13 02:45:50,28.5,60.4,5.5,53.6,0.0,0.0,0.0
2026-04-13 02:45:55,28.5,60.4,30.9,53.6,0.0,0.0,0.0
2026-04-13 02:46:00,28.8,60.5,13.4,53.6,0.0,0.0,0.0
2026-04-13 02:46:05,28.9,60.4,18.8,53.6,0.0,0.0,0.0
2026-04-13 02:46:10,28.8,60.4,3.2,53.6,0.0,0.0,0.0
2026-04-13 02:46:15,28.7,60.4,16.1,53.6,0.0,0.0,0.0
2026-04-13 02:46:20,28.7,60.6,36.4,53.6,0.0,0.0,0.0
2026-04-13 02:46:25,28.8,60.6,5.2,53.7,0.0,0.0,0.0
2026-04-13 02:46:30,28.8,60.5,4.9,53.7,0.0,0.0,0.0
2026-04-13 02:46:35,28.7,60.5,1.0,53.7,0.0,0.0,0.0
2026-04-13 02:46:40,28.8,60.7,14.4,53.6,0.0,0.0,0.0
2026-04-13 02:46:45,28.7,60.7,29.7,53.6,0.0,0.0,0.0
2026-04-13 02:46:50,28.9,60.6,23.4,53.6,0.0,0.0,0.0
2026-04-13 02:46:55,28.8,60.6,6.7,53.6,0.0,0.0,0.0
2026-04-13 02:47:00,28.8,60.6,22.9,53.6,0.0,0.0,0.0
2026-04-13 02:47:05,28.8,60.6,33.5,53.6,0.0,0.0,0.0
2026-04-13 02:47:10,28.6,60.6,13.6,53.6,0.0,0.0,0.0
2026-04-13 02:47:15,28.6,60.6,2.1,53.6,0.0,0.0,0.0
2026-04-13 02:47:20,28.7,60.6,9.7,53.6,0.0,0.0,0.0
2026-04-13 02:47:25,28.7,60.6,16.0,53.6,0.0,0.0,0.0
2026-04-13 02:47:30,28.7,60.7,0.0,53.6,0.0,0.0,0.0
2026-04-13 02:47:35,28.7,60.6,21.3,53.6,0.0,0.0,0.0
2026-04-13 02:47:40,28.7,60.5,24.3,53.6,0.0,0.0,0.0
2026-04-13 02:47:45,28.7,60.5,7.7,53.6,0.0,0.0,0.0
2026-04-13 02:47:50,28.6,60.5,22.0,53.6,0.0,0.0,0.0
2026-04-13 02:47:55,28.7,60.6,18.9,53.6,0.0,0.0,0.0
2026-04-13 02:48:00,28.7,60.5,19.3,53.6,0.0,0.0,0.0
2026-04-13 02:48:05,28.8,60.5,1.3,53.6,0.0,0.0,0.0
2026-04-13 02:48:10,28.6,60.5,26.3,53.6,0.0,0.0,0.0
2026-04-13 02:48:15,28.6,60.7,8.4,53.6,0.0,0.0,0.0
2026-04-13 02:48:20,28.8,60.6,14.3,53.6,0.0,0.0,0.0
2026-04-13 02:48:25,28.8,60.6,31.4,53.6,0.0,0.0,0.0
2026-04-13 02:48:30,28.6,60.5,15.5,53.6,0.0,0.0,0.0
2026-04-13 02:48:35,28.6,60.3,5.6,53.6,0.0,0.0,0.0
2026-04-13 02:48:40,28.7,60.4,23.3,53.7,0.0,0.0,0.0
2026-04-13 02:48:45,28.8,60.4,28.4,53.7,0.0,0.0,0.0
2026-04-13 02:48:50,28.9,60.5,12.2,53.7,0.0,0.0,0.0
2026-04-13 02:48:55,28.7,60.5,0.0,53.7,0.0,0.0,0.0
2026-04-13 02:49:00,28.6,60.4,5.6,53.7,0.0,0.0,0.0
2026-04-13 02:49:05,28.6,60.4,21.0,53.7,0.0,0.0,0.0
2026-04-13 02:49:10,28.8,60.4,23.0,53.7,0.0,0.0,0.0
2026-04-13 02:49:15,28.8,60.2,15.2,53.7,0.0,0.0,0.0
2026-04-13 02:49:20,28.7,60.3,1.9,53.7,0.0,0.0,0.0
2026-04-13 02:49:25,28.8,60.2,9.0,53.7,0.0,0.0,0.0
2026-04-13 02:49:30,28.8,60.3,10.3,53.7,0.0,0.0,0.0
2026-04-13 02:49:35,28.9,60.4,22.7,53.7,0.0,0.0,0.0
2026-04-13 02:49:40,28.7,60.3,34.6,53.7,0.0,0.0,0.0
2026-04-13 02:49:45,28.7,60.3,22.0,53.6,0.0,0.0,0.0
2026-04-13 02:49:50,28.7,60.4,14.1,53.6,0.0,0.0,0.0
2026-04-13 02:49:55,28.7,60.4,43.8,53.6,0.0,0.0,0.0
2026-04-13 02:50:00,28.8,60.4,14.7,53.6,0.0,0.0,0.0
2026-04-13 02:50:05,28.7,60.6,11.7,53.7,0.0,0.0,0.0
2026-04-13 02:50:10,28.8,60.5,14.0,53.7,0.0,0.0,0.0
2026-04-13 02:50:15,28.6,60.6,2.0,53.6,0.0,0.0,0.0
2026-04-13 02:50:20,28.9,60.5,19.8,53.6,0.0,0.0,0.0
2026-04-13 02:50:25,28.6,60.6,15.2,53.6,0.0,0.0,0.0
2026-04-13 02:50:30,28.7,60.6,34.7,53.6,0.0,0.0,0.0
2026-04-13 02:50:35,28.7,60.5,3.0,53.6,0.0,0.0,0.0
2026-04-13 02:50:40,28.7,60.6,9.7,53.6,0.0,0.0,0.0
2026-04-13 02:50:45,28.8,60.4,10.3,53.6,0.0,0.0,0.0
2026-04-13 02:50:50,28.6,60.5,30.2,53.6,0.0,0.0,0.0
2026-04-13 02:50:55,28.7,60.6,0.5,53.6,0.0,0.0,0.0
2026-04-13 02:51:00,28.8,60.6,14.4,53.6,0.0,0.0,0.0
2026-04-13 02:51:05,28.7,60.4,19.0,53.6,0.0,0.0,0.0
2026-04-13 02:51:10,28.8,60.5,10.6,53.7,0.0,0.0,0.0
2026-04-13 02:51:15,28.7,60.4,12.9,53.7,0.0,0.0,0.0
2026-04-13 02:51:20,28.7,60.6,8.3,53.7,0.0,0.0,0.0
2026-04-13 02:51:25,28.7,60.5,21.1,53.7,0.0,0.0,0.0
2026-04-13 02:51:30,28.8,60.5,17.1,53.6,0.0,0.0,0.0
2026-04-13 02:51:35,28.8,60.6,0.0,53.6,0.0,0.0,0.0
2026-04-13 02:51:40,28.7,60.6,4.9,53.6,0.0,0.0,0.0
2026-04-13 02:51:45,28.9,60.6,15.0,53.6,0.0,0.0,0.0
2026-04-13 02:51:50,28.8,60.5,17.1,53.6,0.0,0.0,0.0
2026-04-13 02:51:55,28.7,60.7,0.0,53.6,0.0,0.0,0.0
2026-04-13 02:52:00,28.8,60.7,33.6,53.6,0.0,0.0,0.0
2026-04-13 02:52:05,28.8,60.6,0.4,53.6,0.0,0.0,0.0
2026-04-13 02:52:10,28.8,60.7,9.9,53.7,0.0,0.0,0.0
2026-04-13 02:52:15,28.6,60.6,6.7,53.7,0.0,0.0,0.0
2026-04-13 02:52:20,28.6,60.6,14.5,53.7,0.0,0.0,0.0
2026-04-13 02:52:25,28.8,60.6,24.8,53.7,0.0,0.0,0.0
2026-04-13 02:52:30,28.8,60.5,33.0,53.7,0.0,0.0,0.0
2026-04-13 02:52:35,28.6,60.5,0.9,53.7,0.0,0.0,0.0
2026-04-13 02:52:40,28.8,60.3,0.4,53.7,0.0,0.0,0.0
2026-04-13 02:52:45,28.7,60.4,14.9,53.7,0.0,0.0,0.0
2026-04-13 02:52:50,28.7,60.4,18.3,53.7,0.0,0.0,0.0
2026-04-13 02:52:55,28.9,60.5,0.0,53.7,0.0,0.0,0.0
2026-04-13 02:53:00,28.7,60.5,19.9,53.7,0.0,0.0,0.0
2026-04-13 02:53:05,28.8,60.5,36.2,53.7,0.0,0.0,0.0
2026-04-13 02:53:10,28.8,60.4,19.4,53.7,0.0,0.0,0.0
2026-04-13 02:53:15,28.6,60.5,13.8,53.7,0.0,0.0,0.0
2026-04-13 02:53:20,28.7,60.6,11.2,53.6,0.0,0.0,0.0
2026-04-13 02:53:25,28.8,60.5,0.0,53.6,0.0,0.0,0.0
2026-04-13 02:53:30,28.7,60.5,23.6,53.6,0.0,0.0,0.0
2026-04-13 02:53:35,28.6,60.5,8.0,53.6,0.0,0.0,0.0
2026-04-13 02:53:40,28.7,60.5,7.1,53.7,0.0,0.0,0.0
2026-04-13 02:53:45,28.7,60.5,26.2,53.7,0.0,0.0,0.0
2026-04-13 02:53:50,28.8,60.7,8.8,53.7,0.0,0.0,0.0
2026-04-13 02:53:55,28.6,60.7,17.1,53.7,0.0,0.0,0.0
2026-04-13 02:54:00,28.8,60.9,27.4,53.7,0.0,0.0,0.0
2026-04-13 02:54:05,28.6,61.0,4.5,53.7,0.0,0.0,0.0
2026-04-13 02:54:10,28.8,61.0,20.6,53.7,0.0,0.0,0.0
2026-04-13 02:54:15,28.7,60.9,4.6,53.7,0.0,0.0,0.0
2026-04-13 02:54:20,28.7,61.0,15.4,53.7,0.0,0.0,0.0
2026-04-13 02:54:25,28.8,61.1,28.8,53.6,0.0,0.0,0.0
2026-04-13 02:54:30,28.7,60.9,24.1,53.6,0.0,0.0,0.0
2026-04-13 02:54:35,28.6,60.8,23.9,53.6,0.0,0.0,0.0
2026-04-13 02:54:40,28.6,60.8,9.3,53.7,0.0,0.0,0.0
2026-04-13 02:54:45,28.6,60.5,33.9,53.7,0.0,0.0,0.0
2026-04-13 02:54:50,28.7,60.5,11.1,53.7,0.0,0.0,0.0
2026-04-13 02:54:55,28.8,60.4,13.3,53.7,0.0,0.0,0.0
2026-04-13 02:55:00,28.8,60.4,8.3,53.7,0.0,0.0,0.0
2026-04-13 02:55:05,28.6,60.4,25.3,53.7,0.0,0.0,0.0
2026-04-13 02:55:10,28.7,60.4,29.2,53.6,0.0,0.0,0.0
2026-04-13 02:55:15,28.6,60.4,34.7,53.6,0.0,0.0,0.0
2026-04-13 02:55:20,28.8,60.3,19.5,53.6,0.0,0.0,0.0
2026-04-13 02:55:25,28.7,60.4,16.4,53.6,0.0,0.0,0.0
2026-04-13 02:55:30,28.7,60.4,23.7,53.7,0.0,0.0,0.0
2026-04-13 02:55:35,28.6,60.4,13.7,53.7,0.0,0.0,0.0
2026-04-13 02:55:40,28.6,60.4,6.5,53.7,0.0,0.0,0.0
2026-04-13 02:55:45,28.8,60.5,7.1,53.7,0.0,0.0,0.0
2026-04-13 02:55:50,28.8,60.5,0.0,53.7,0.0,0.0,0.0
2026-04-13 02:55:55,28.7,60.5,22.2,53.7,0.0,0.0,0.0
2026-04-13 02:56:00,28.7,60.6,46.7,53.7,0.0,0.0,0.0
2026-04-13 02:56:05,28.7,60.5,12.2,53.7,0.0,0.0,0.0
2026-04-13 02:56:10,28.7,60.5,11.4,53.7,0.0,0.0,0.0
2026-04-13 02:56:15,28.7,60.5,8.1,53.7,0.0,0.0,0.0
2026-04-13 02:56:20,28.7,60.5,11.0,53.7,0.0,0.0,0.0
2026-04-13 02:56:25,28.8,60.5,4.2,53.7,0.0,0.0,0.0
2026-04-13 02:56:30,28.7,60.6,0.0,53.7,0.0,0.0,0.0
2026-04-13 02:56:35,28.7,60.4,1.8,53.7,0.0,0.0,0.0
2026-04-13 02:56:40,28.6,60.3,4.4,53.7,0.0,0.0,0.0
2026-04-13 02:56:45,28.7,60.2,27.8,53.7,0.0,0.0,0.0
2026-04-13 02:56:50,28.7,60.3,15.5,53.7,0.0,0.0,0.0
2026-04-13 02:56:55,28.6,60.4,18.4,53.7,0.0,0.0,0.0
2026-04-13 02:57:00,28.8,60.2,18.2,53.7,0.0,0.0,0.0
2026-04-13 02:57:05,28.6,60.1,15.4,53.7,0.0,0.0,0.0
2026-04-13 02:57:10,28.7,60.0,4.3,53.7,0.0,0.0,0.0
2026-04-13 02:57:15,28.7,60.2,10.1,53.7,0.0,0.0,0.0
2026-04-13 02:57:20,28.7,60.2,13.7,53.7,0.0,0.0,0.0
2026-04-13 02:57:25,28.8,60.2,26.5,53.7,0.0,0.0,0.0
2026-04-13 02:57:30,28.8,60.2,5.1,53.7,0.0,0.0,0.0
2026-04-13 02:57:35,28.8,60.3,13.8,53.7,0.0,0.0,0.0
2026-04-13 02:57:40,28.7,60.3,20.8,53.7,0.0,0.0,0.0
2026-04-13 02:57:45,28.7,60.3,9.8,53.7,0.0,0.0,0.0
2026-04-13 02:57:50,28.9,60.2,19.5,53.7,0.0,0.0,0.0
2026-04-13 02:57:55,28.8,60.2,12.7,53.7,0.0,0.0,0.0
2026-04-13 02:58:00,28.8,60.3,23.6,53.7,0.0,0.0,0.0
2026-04-13 02:58:05,28.6,60.3,0.0,53.7,0.0,0.0,0.0
2026-04-13 02:58:10,28.8,60.3,22.0,53.7,0.0,0.0,0.0
2026-04-13 02:58:15,28.6,60.3,2.2,53.7,0.0,0.0,0.0
2026-04-13 02:58:20,28.8,60.5,31.9,53.7,0.0,0.0,0.0
2026-04-13 02:58:25,28.7,60.6,0.0,53.8,0.0,0.0,0.0
2026-04-13 02:58:30,28.7,60.6,10.2,53.8,0.0,0.0,0.0
2026-04-13 02:58:35,28.8,60.6,14.8,53.8,0.0,0.0,0.0
2026-04-13 02:58:40,28.9,60.5,8.4,53.7,0.0,0.0,0.0
2026-04-13 02:58:45,28.6,60.5,20.1,53.7,0.0,0.0,0.0
2026-04-13 02:58:50,28.8,60.6,3.9,53.7,0.0,0.0,0.0
2026-04-13 02:58:55,28.7,60.6,17.1,53.7,0.0,0.0,0.0
2026-04-13 02:59:00,28.8,60.6,7.2,53.7,0.0,0.0,0.0
2026-04-13 02:59:05,28.8,60.6,27.2,53.7,0.0,0.0,0.0
2026-04-13 02:59:10,28.7,60.6,26.5,53.7,0.0,0.0,0.0
2026-04-13 02:59:15,28.8,60.6,21.5,53.7,0.0,0.0,0.0
2026-04-13 02:59:20,28.7,60.7,0.0,53.7,0.0,0.0,0.0
2026-04-13 02:59:25,28.7,60.7,1.3,53.7,0.0,0.0,0.0
2026-04-13 02:59:30,28.6,60.7,4.8,53.7,0.0,0.0,0.0
2026-04-13 02:59:35,28.8,60.7,11.1,53.7,0.0,0.0,0.0
2026-04-13 02:59:40,28.7,60.7,7.5,53.7,0.0,0.0,0.0
2026-04-13 02:59:45,28.7,60.7,20.5,53.7,0.0,0.0,0.0
2026-04-13 02:59:50,28.9,60.7,5.7,53.7,0.0,0.0,0.0
2026-04-13 02:59:55,28.7,60.7,10.3,53.7,0.0,0.0,0.0
2026-04-13 03:00:00,28.8,60.7,25.5,53.7,0.0,0.0,0.0
2026-04-13 03:00:05,28.8,60.6,8.8,53.7,0.0,0.0,0.0
2026-04-13 03:00:10,28.6,60.5,17.0,53.7,0.0,0.0,0.0
2026-04-13 03:00:15,28.7,60.5,0.0,53.7,0.0,0.0,0.0
2026-04-13 03:00:20,28.8,60.6,22.5,53.7,0.0,0.0,0.0
2026-04-13 03:00:25,28.7,60.7,10.1,53.7,0.0,0.0,0.0
2026-04-13 03:00:30,28.8,60.7,22.1,53.7,0.0,0.0,0.0
2026-04-13 03:00:35,28.8,60.7,18.6,53.7,0.0,0.0,0.0
2026-04-13 03:00:40,28.8,60.6,13.0,53.7,0.0,0.0,0.0
2026-04-13 03:00:45,28.7,60.6,4.0,53.7,0.0,0.0,0.0
2026-04-13 03:00:50,28.7,60.6,0.7,53.7,0.0,0.0,0.0
2026-04-13 03:00:55,28.8,60.7,10.4,53.7,0.0,0.0,0.0
2026-04-13 03:01:00,28.7,60.9,2.3,53.7,0.0,0.0,0.0
2026-04-13 03:01:05,28.7,60.9,16.5,53.7,0.0,0.0,0.0
2026-04-13 03:01:10,28.6,60.8,9.3,53.7,0.0,0.0,0.0
2026-04-13 03:01:15,28.6,60.8,27.0,53.7,0.0,0.0,0.0
2026-04-13 03:01:20,28.7,60.8,9.8,53.7,0.0,0.0,0.0
2026-04-13 03:01:25,28.7,60.8,0.0,53.7,0.0,0.0,0.0
2026-04-13 03:01:30,28.8,60.7,0.0,53.7,0.0,0.0,0.0
2026-04-13 03:01:35,28.7,60.8,0.0,53.7,0.0,0.0,0.0
2026-04-13 03:01:40,28.6,60.8,0.0,53.7,0.0,0.0,0.0
2026-04-13 03:01:45,28.7,60.9,10.5,53.7,0.0,0.0,0.0
2026-04-13 03:01:50,28.8,60.8,2.2,53.7,0.0,0.0,0.0
2026-04-13 03:01:55,28.7,60.8,19.6,53.7,0.0,0.0,0.0
2026-04-13 03:02:00,28.7,60.9,11.2,53.7,0.0,0.0,0.0
2026-04-13 03:02:05,28.7,60.9,28.0,53.7,0.0,0.0,0.0
2026-04-13 03:02:10,28.9,60.9,21.8,53.7,0.0,0.0,0.0
2026-04-13 03:02:15,28.7,61.0,23.6,53.7,0.0,0.0,0.0
2026-04-13 03:02:20,28.8,61.0,13.0,53.7,0.0,0.0,0.0
2026-04-13 03:02:25,28.8,61.1,18.8,53.7,0.0,0.0,0.0
2026-04-13 03:02:30,28.7,61.0,9.1,53.7,0.0,0.0,0.0
2026-04-13 03:02:35,28.6,61.0,9.4,53.7,0.0,0.0,0.0
2026-04-13 03:02:40,28.8,61.1,23.2,53.7,0.0,0.0,0.0
2026-04-13 03:02:45,28.8,61.1,0.0,53.7,0.0,0.0,0.0
2026-04-13 03:02:50,28.7,61.0,14.2,53.7,0.0,0.0,0.0
2026-04-13 03:02:55,28.7,60.9,16.7,53.7,0.0,0.0,0.0
2026-04-13 03:03:00,28.7,60.8,18.7,53.7,0.0,0.0,0.0
2026-04-13 03:03:05,28.8,60.7,17.8,53.7,0.0,0.0,0.0
2026-04-13 03:03:10,28.7,60.6,7.6,53.7,0.0,0.0,0.0
2026-04-13 03:03:15,28.7,60.6,16.5,53.7,0.0,0.0,0.0
2026-04-13 03:03:20,28.8,60.5,3.8,53.7,0.0,0.0,0.0
2026-04-13 03:03:25,28.8,60.5,16.0,53.7,0.0,0.0,0.0
2026-04-13 03:03:30,28.9,60.5,13.2,53.7,0.0,0.0,0.0
2026-04-13 03:03:35,28.6,60.5,27.4,53.7,0.0,0.0,0.0
2026-04-13 03:03:40,28.7,60.5,0.0,53.7,0.0,0.0,0.0
2026-04-13 03:03:45,28.8,60.5,8.9,53.7,0.0,0.0,0.0
2026-04-13 03:03:50,28.7,60.6,7.9,53.7,0.0,0.0,0.0
2026-04-13 03:03:55,28.9,60.6,23.1,53.7,0.0,0.0,0.0
2026-04-13 03:04:00,28.7,60.7,18.6,53.7,0.0,0.0,0.0
2026-04-13 03:04:05,28.7,60.7,20.0,53.7,0.0,0.0,0.0
2026-04-13 03:04:10,28.6,60.7,12.0,53.7,0.0,0.0,0.0
2026-04-13 03:04:15,28.6,60.8,9.4,53.7,0.0,0.0,0.0
2026-04-13 03:04:20,28.6,60.7,27.3,53.7,0.0,0.0,0.0
2026-04-13 03:04:25,28.8,60.8,16.4,53.7,0.0,0.0,0.0
2026-04-13 03:04:30,28.9,60.7,8.3,53.7,0.0,0.0,0.0
2026-04-13 03:04:35,28.7,60.6,21.6,53.8,0.0,0.0,0.0
2026-04-13 03:04:40,28.7,60.6,24.4,53.8,0.0,0.0,0.0
2026-04-13 03:04:45,28.7,60.7,16.0,53.8,0.0,0.0,0.0
2026-04-13 03:04:50,28.8,60.7,12.1,53.8,0.0,0.0,0.0
2026-04-13 03:04:55,28.7,60.8,23.9,53.8,0.0,0.0,0.0
2026-04-13 03:05:00,28.6,60.9,28.3,53.8,0.0,0.0,0.0
2026-04-13 03:05:05,28.7,60.9,21.3,53.8,0.0,0.0,0.0
2026-04-13 03:05:10,28.6,61.0,6.0,53.8,0.0,0.0,0.0
2026-04-13 03:05:15,28.8,60.9,0.0,53.8,0.0,0.0,0.0
2026-04-13 03:05:20,28.7,60.8,4.1,53.8,0.0,0.0,0.0
2026-04-13 03:05:25,28.8,60.9,4.3,53.7,0.0,0.0,0.0
2026-04-13 03:05:30,28.7,60.7,2.8,53.7,0.0,0.0,0.0
2026-04-13 03:05:35,28.7,60.7,12.4,53.7,0.0,0.0,0.0
2026-04-13 03:05:40,28.6,60.8,36.0,53.7,0.0,0.0,0.0
2026-04-13 03:05:45,28.7,60.8,27.4,53.7,0.0,0.0,0.0
2026-04-13 03:05:50,28.9,60.8,31.1,53.7,0.0,0.0,0.0
2026-04-13 03:05:55,28.8,60.9,8.9,53.7,0.0,0.0,0.0
2026-04-13 03:06:00,28.7,60.8,25.5,53.7,0.0,0.0,0.0
2026-04-13 03:06:05,28.7,60.9,0.0,53.7,0.0,0.0,0.0
2026-04-13 03:06:10,28.7,60.9,43.7,53.7,0.0,0.0,0.0
2026-04-13 03:06:15,28.7,60.8,11.2,53.7,0.0,0.0,0.0
2026-04-13 03:06:20,28.8,60.7,43.9,53.7,0.0,0.0,0.0
2026-04-13 03:06:25,28.8,60.7,22.7,53.7,0.0,0.0,0.0
2026-04-13 03:06:30,28.6,60.8,6.4,53.7,0.0,0.0,0.0
2026-04-13 03:06:35,28.8,60.8,28.4,53.7,0.0,0.0,0.0
2026-04-13 03:06:40,28.7,60.7,16.7,53.8,0.0,0.0,0.0
2026-04-13 03:06:45,28.6,60.8,0.0,53.8,0.0,0.0,0.0
2026-04-13 03:06:50,28.7,60.7,2.1,53.7,0.0,0.0,0.0
2026-04-13 03:06:55,28.6,60.8,8.6,53.7,0.0,0.0,0.0
2026-04-13 03:07:00,28.7,60.8,0.0,53.8,0.0,0.0,0.0
2026-04-13 03:07:05,28.8,60.9,4.7,53.8,0.0,0.0,0.0
2026-04-13 03:07:10,28.7,60.9,19.8,53.8,0.0,0.0,0.0
2026-04-13 03:07:15,28.7,60.8,31.6,53.8,0.0,0.0,0.0
2026-04-13 03:07:20,28.8,60.9,26.1,53.7,0.0,0.0,0.0
2026-04-13 03:07:25,28.6,60.9,22.5,53.7,0.0,0.0,0.0
2026-04-13 03:07:30,28.8,60.8,18.9,53.7,0.0,0.0,0.0
2026-04-13 03:07:35,28.8,60.7,0.4,53.7,0.0,0.0,0.0
2026-04-13 03:07:40,28.5,60.7,15.8,53.7,0.0,0.0,0.0
2026-04-13 03:07:45,28.7,60.8,13.5,53.8,0.0,0.0,0.0
2026-04-13 03:07:50,28.6,61.0,19.5,53.8,0.0,0.0,0.0
2026-04-13 03:07:55,28.7,60.9,2.3,53.8,0.0,0.0,0.0
2026-04-13 03:08:00,28.8,60.9,23.1,53.8,0.0,0.0,0.0
2026-04-13 03:08:05,28.7,60.9,0.0,53.8,0.0,0.0,0.0
2026-04-13 03:08:10,28.6,60.7,14.0,53.8,0.0,0.0,0.0
2026-04-13 03:08:15,28.7,60.6,9.1,53.8,0.0,0.0,0.0
2026-04-13 03:08:20,28.8,60.6,1.7,53.8,0.0,0.0,0.0
2026-04-13 03:08:25,28.7,60.6,4.9,53.8,0.0,0.0,0.0
2026-04-13 03:08:30,28.8,60.4,0.0,53.8,0.0,0.0,0.0
2026-04-13 03:08:35,28.6,60.5,22.2,53.8,0.0,0.0,0.0
2026-04-13 03:08:40,28.6,60.6,0.0,53.8,0.0,0.0,0.0
2026-04-13 03:08:45,28.8,60.5,11.1,53.8,0.0,0.0,0.0
2026-04-13 03:08:50,28.8,60.6,15.0,53.8,0.0,0.0,0.0
2026-04-13 03:08:55,28.7,60.6,22.6,53.8,0.0,0.0,0.0
2026-04-13 03:09:00,28.6,60.6,25.7,53.8,0.0,0.0,0.0
2026-04-13 03:09:05,28.7,60.7,2.9,53.8,0.0,0.0,0.0
2026-04-13 03:09:10,28.7,60.7,21.7,53.7,0.0,0.0,0.0
2026-04-13 03:09:15,28.6,60.7,6.2,53.7,0.0,0.0,0.0
2026-04-13 03:09:20,28.7,60.6,22.7,53.8,0.0,0.0,0.0
2026-04-13 03:09:25,28.8,60.7,20.5,53.8,0.0,0.0,0.0
2026-04-13 03:09:30,28.8,60.7,12.8,53.8,0.0,0.0,0.0
2026-04-13 03:09:35,28.7,60.7,7.3,53.7,0.0,0.0,0.0
2026-04-13 03:09:40,28.7,60.7,16.2,53.7,0.0,0.0,0.0
2026-04-13 03:09:45,28.7,60.8,15.8,53.7,0.0,0.0,0.0
2026-04-13 03:09:50,28.8,60.8,9.8,53.7,0.0,0.0,0.0
2026-04-13 03:09:55,28.7,60.8,28.1,53.7,0.0,0.0,0.0
2026-04-13 03:10:00,28.6,60.8,9.0,53.7,0.0,0.0,0.0
2026-04-13 03:10:05,28.7,60.8,11.8,53.8,0.0,0.0,0.0
2026-04-13 03:10:10,28.7,60.9,2.1,53.8,0.0,0.0,0.0
2026-04-13 03:10:15,28.8,60.9,10.4,53.8,0.0,0.0,0.0
2026-04-13 03:10:20,28.7,60.9,27.7,53.7,0.0,0.0,0.0
2026-04-13 03:10:25,28.7,60.8,12.2,53.7,0.0,0.0,0.0
2026-04-13 03:10:30,28.6,60.8,18.5,53.7,0.0,0.0,0.0
2026-04-13 03:10:35,28.8,60.9,18.9,53.8,0.0,0.0,0.0
2026-04-13 03:10:40,28.5,60.9,15.9,53.8,0.0,0.0,0.0
2026-04-13 03:10:45,28.7,61.0,6.4,53.8,0.0,0.0,0.0
2026-04-13 03:10:50,28.6,61.0,12.4,53.8,0.0,0.0,0.0
2026-04-13 03:10:55,28.8,61.1,0.0,53.8,0.0,0.0,0.0
2026-04-13 03:11:00,28.6,60.9,11.2,53.8,0.0,0.0,0.0
2026-04-13 03:11:05,28.7,61.0,15.1,53.7,0.0,0.0,0.0
2026-04-13 03:11:10,28.9,61.0,22.1,53.7,0.0,0.0,0.0
2026-04-13 03:11:15,28.7,61.0,31.0,53.8,0.0,0.0,0.0
2026-04-13 03:11:20,28.8,60.9,21.8,53.8,0.0,0.0,0.0
2026-04-13 03:11:25,28.9,60.9,16.3,53.8,0.0,0.0,0.0
2026-04-13 03:11:30,28.8,60.9,18.1,53.8,0.0,0.0,0.0
2026-04-13 03:11:35,28.9,61.0,15.6,53.8,0.0,0.0,0.0
2026-04-13 03:11:40,28.7,61.0,10.8,53.8,0.0,0.0,0.0
2026-04-13 03:11:45,28.6,61.0,0.0,53.8,0.0,0.0,0.0
2026-04-13 03:11:50,28.7,60.9,15.2,53.8,0.0,0.0,0.0
2026-04-13 03:11:55,28.8,60.9,5.5,53.8,0.0,0.0,0.0
2026-04-13 03:12:00,28.8,61.1,19.8,53.8,0.0,0.0,0.0
2026-04-13 03:12:05,28.8,61.1,11.3,53.7,0.0,0.0,0.0
2026-04-13 03:12:10,28.6,61.2,14.7,53.7,0.0,0.0,0.0
2026-04-13 03:12:15,28.7,61.2,1.7,53.7,0.0,0.0,0.0
2026-04-13 03:12:20,28.8,61.1,19.5,53.7,0.0,0.0,0.0
2026-04-13 03:12:25,28.8,61.1,3.7,53.7,0.0,0.0,0.0
2026-04-13 03:12:30,29.0,61.1,9.5,53.7,0.0,0.0,0.0
2026-04-13 03:12:35,28.9,61.1,24.6,53.7,0.0,0.0,0.0
2026-04-13 03:12:40,28.9,61.2,51.0,53.7,0.0,0.0,0.0
2026-04-13 03:12:45,28.8,61.2,11.1,53.7,0.0,0.0,0.0
2026-04-13 03:12:50,28.9,61.0,14.1,53.7,0.0,0.0,0.0
2026-04-13 03:12:55,28.8,60.9,11.6,53.7,0.0,0.0,0.0
2026-04-13 03:13:00,28.8,60.7,17.9,53.7,0.0,0.0,0.0
2026-04-13 03:13:05,28.7,60.9,0.0,53.7,0.0,0.0,0.0
2026-04-13 03:13:10,28.7,60.9,0.0,53.7,0.0,0.0,0.0
2026-04-13 03:13:15,28.8,60.9,37.5,53.7,0.0,0.0,0.0
2026-04-13 03:13:20,28.8,60.8,3.9,53.7,0.0,0.0,0.0
2026-04-13 03:13:25,28.7,60.9,13.3,53.7,0.0,0.0,0.0
2026-04-13 03:13:30,28.7,60.9,33.6,53.7,0.0,0.0,0.0
2026-04-13 03:13:35,28.7,60.9,19.8,53.8,0.0,0.0,0.0
2026-04-13 03:13:40,28.8,60.9,15.0,53.8,0.0,0.0,0.0
2026-04-13 03:13:45,28.8,60.8,0.0,53.8,0.0,0.0,0.0
2026-04-13 03:13:50,28.8,60.8,20.1,53.8,0.0,0.0,0.0
2026-04-13 03:13:55,28.6,60.9,24.9,53.8,0.0,0.0,0.0
2026-04-13 03:14:00,28.7,61.1,13.5,53.8,0.0,0.0,0.0
2026-04-13 03:14:05,28.8,61.1,27.8,53.7,0.0,0.0,0.0
2026-04-13 03:14:10,28.7,61.1,15.5,53.7,0.0,0.0,0.0
2026-04-13 03:14:15,28.7,61.0,10.2,53.7,0.0,0.0,0.0
2026-04-13 03:14:20,28.7,60.9,14.2,53.7,0.0,0.0,0.0
2026-04-13 03:14:25,28.8,61.0,4.2,53.7,0.0,0.0,0.0
2026-04-13 03:14:30,28.7,61.0,0.0,53.7,0.0,0.0,0.0
2026-04-13 03:14:35,28.8,61.0,28.6,53.7,0.0,0.0,0.0
2026-04-13 03:14:40,28.6,60.9,19.8,53.7,0.0,0.0,0.0
2026-04-13 03:14:45,28.8,60.8,15.7,53.7,0.0,0.0,0.0
2026-04-13 03:14:50,28.7,60.7,10.3,53.8,0.0,0.0,0.0
2026-04-13 03:14:55,28.7,60.7,6.9,53.8,0.0,0.0,0.0
2026-04-13 03:15:00,28.7,60.6,17.0,53.8,0.0,0.0,0.0
2026-04-13 03:15:05,28.7,60.7,19.9,53.8,0.0,0.0,0.0
2026-04-13 03:15:10,28.7,60.8,7.5,53.8,0.0,0.0,0.0
2026-04-13 03:15:15,28.7,60.9,22.6,53.8,0.0,0.0,0.0
2026-04-13 03:15:20,28.8,60.8,11.0,53.8,0.0,0.0,0.0
2026-04-13 03:15:25,28.7,60.8,19.9,53.8,0.0,0.0,0.0
2026-04-13 03:15:30,28.7,60.7,15.2,53.8,0.0,0.0,0.0
2026-04-13 03:15:35,28.7,60.7,6.3,53.8,0.0,0.0,0.0
2026-04-13 03:15:40,28.8,60.8,20.4,53.7,0.0,0.0,0.0
2026-04-13 03:15:45,28.8,60.7,10.5,53.7,0.0,0.0,0.0
2026-04-13 03:15:50,28.7,60.6,18.7,53.7,0.0,0.0,0.0
2026-04-13 03:15:55,28.8,60.5,15.4,53.7,0.0,0.0,0.0
2026-04-13 03:16:00,28.6,60.4,23.5,53.8,0.0,0.0,0.0
2026-04-13 03:16:05,28.7,60.4,14.7,53.8,0.0,0.0,0.0
2026-04-13 03:16:10,28.8,60.5,18.8,53.8,0.0,0.0,0.0
2026-04-13 03:16:15,28.8,60.4,18.8,53.8,0.0,0.0,0.0
2026-04-13 03:16:20,28.7,60.6,0.0,53.7,0.0,0.0,0.0
2026-04-13 03:16:25,28.8,60.6,17.0,53.7,0.0,0.0,0.0
2026-04-13 03:16:30,28.8,60.5,24.0,53.7,0.0,0.0,0.0
2026-04-13 03:16:35,28.8,60.4,20.3,53.7,0.0,0.0,0.0
2026-04-13 03:16:40,28.6,60.2,0.0,53.8,0.0,0.0,0.0
2026-04-13 03:16:45,28.6,60.2,9.0,53.8,0.0,0.0,0.0
2026-04-13 03:16:50,28.6,60.3,9.2,53.8,0.0,0.0,0.0
2026-04-13 03:16:55,28.7,60.2,15.8,53.8,0.0,0.0,0.0
2026-04-13 03:17:00,28.8,60.3,15.7,53.8,0.0,0.0,0.0
2026-04-13 03:17:05,28.7,60.3,9.8,53.8,0.0,0.0,0.0
2026-04-13 03:17:10,28.7,60.3,11.4,53.8,0.0,0.0,0.0
2026-04-13 03:17:15,28.8,60.2,21.1,53.8,0.0,0.0,0.0
2026-04-13 03:17:20,28.7,60.2,17.8,53.8,0.0,0.0,0.0
2026-04-13 03:17:25,28.7,60.3,21.3,53.8,0.0,0.0,0.0
2026-04-13 03:17:30,28.6,60.3,24.1,53.8,0.0,0.0,0.0
2026-04-13 03:17:35,28.8,60.3,19.5,53.8,0.0,0.0,0.0
2026-04-13 03:17:40,28.6,60.4,26.7,53.8,0.0,0.0,0.0
2026-04-13 03:17:45,28.6,60.3,3.3,53.8,0.0,0.0,0.0
2026-04-13 03:17:50,28.7,60.3,18.8,53.8,0.0,0.0,0.0
2026-04-13 03:17:55,28.6,60.3,28.6,53.8,0.0,0.0,0.0
2026-04-13 03:18:00,28.6,60.3,9.0,53.8,0.0,0.0,0.0
2026-04-13 03:18:05,28.6,60.3,18.5,53.8,0.0,0.0,0.0
2026-04-13 03:18:10,28.7,60.3,22.2,53.8,0.0,0.0,0.0
2026-04-13 03:18:15,28.6,60.3,20.8,53.7,0.0,0.0,0.0
2026-04-13 03:18:20,28.6,60.3,27.4,53.7,0.0,0.0,0.0
2026-04-13 03:18:25,28.8,60.3,21.4,53.8,0.0,0.0,0.0
2026-04-13 03:18:30,28.7,60.3,2.8,53.8,0.0,0.0,0.0
2026-04-13 03:18:35,28.8,60.3,9.0,53.8,0.0,0.0,0.0
2026-04-13 03:18:40,28.6,60.4,5.8,53.8,0.0,0.0,0.0
2026-04-13 03:18:45,28.7,60.5,4.5,53.8,0.0,0.0,0.0
2026-04-13 03:18:50,28.6,60.6,8.9,53.8,0.0,0.0,0.0
2026-04-13 03:18:55,28.7,60.6,21.5,53.8,0.0,0.0,0.0
2026-04-13 03:19:00,28.7,60.7,24.6,53.8,0.0,0.0,0.0
2026-04-13 03:19:05,28.6,60.6,13.7,53.8,0.0,0.0,0.0
2026-04-13 03:19:10,28.6,60.6,0.0,53.8,0.0,0.0,0.0
2026-04-13 03:19:15,28.7,60.6,22.1,53.8,0.0,0.0,0.0
2026-04-13 03:19:20,28.7,60.6,2.7,53.8,0.0,0.0,0.0
2026-04-13 03:19:25,28.6,60.7,14.7,53.7,0.0,0.0,0.0
2026-04-13 03:19:30,28.6,60.7,3.0,53.7,0.0,0.0,0.0
2026-04-13 03:19:35,28.7,60.8,1.5,53.7,0.0,0.0,0.0
2026-04-13 03:19:40,28.7,60.8,18.0,53.7,0.0,0.0,0.0
2026-04-13 03:19:45,28.7,60.8,33.4,53.7,0.0,0.0,0.0
2026-04-13 03:19:50,28.6,60.8,6.7,53.7,0.0,0.0,0.0
2026-04-13 03:19:55,28.9,60.6,19.4,53.7,0.0,0.0,0.0
2026-04-13 03:20:00,28.6,60.6,2.6,53.7,0.0,0.0,0.0
2026-04-13 03:20:05,28.7,60.7,18.9,53.7,0.0,0.0,0.0
2026-04-13 03:20:10,28.6,60.5,0.0,53.8,0.0,0.0,0.0
2026-04-13 03:20:15,28.7,60.6,19.1,53.8,0.0,0.0,0.0
2026-04-13 03:20:20,28.5,60.7,2.7,53.7,0.0,0.0,0.0
2026-04-13 03:20:25,28.6,60.7,6.0,53.7,0.0,0.0,0.0
2026-04-13 03:20:30,28.8,60.7,14.8,53.7,0.0,0.0,0.0
2026-04-13 03:20:35,28.6,60.6,5.0,53.7,0.0,0.0,0.0
2026-04-13 03:20:40,28.8,60.7,7.9,53.7,0.0,0.0,0.0
2026-04-13 03:20:45,28.6,60.7,34.7,53.7,0.0,0.0,0.0
2026-04-13 03:20:50,28.5,60.8,6.1,53.7,0.0,0.0,0.0
2026-04-13 03:20:55,28.6,60.7,0.1,53.7,0.0,0.0,0.0
2026-04-13 03:21:00,28.8,60.8,0.0,53.8,0.0,0.0,0.0
2026-04-13 03:21:05,28.6,60.8,0.0,53.8,0.0,0.0,0.0
2026-04-13 03:21:10,28.7,60.7,33.7,53.8,0.0,0.0,0.0
2026-04-13 03:21:15,28.7,60.6,2.8,53.8,0.0,0.0,0.0
2026-04-13 03:21:20,28.7,60.7,26.4,53.8,0.0,0.0,0.0
2026-04-13 03:21:25,28.5,60.6,27.7,53.8,0.0,0.0,0.0
2026-04-13 03:21:30,28.7,60.6,13.9,53.8,0.0,0.0,0.0
2026-04-13 03:21:35,28.6,60.7,29.2,53.8,0.0,0.0,0.0
2026-04-13 03:21:40,28.5,60.8,14.6,53.8,0.0,0.0,0.0
2026-04-13 03:21:45,28.7,60.8,4.2,53.8,0.0,0.0,0.0
2026-04-13 03:21:50,28.6,60.9,13.2,53.8,0.0,0.0,0.0
2026-04-13 03:21:55,28.7,60.9,22.5,53.7,0.0,0.0,0.0
2026-04-13 03:22:00,28.7,60.9,12.8,53.7,0.0,0.0,0.0
2026-04-13 03:22:05,28.7,60.9,12.7,53.7,0.0,0.0,0.0
2026-04-13 03:22:10,28.6,60.9,17.7,53.8,0.0,0.0,0.0
2026-04-13 03:22:15,28.6,60.7,21.7,53.8,0.0,0.0,0.0
2026-04-13 03:22:20,28.6,60.8,23.8,53.8,0.0,0.0,0.0
2026-04-13 03:22:25,28.7,60.9,0.0,53.8,0.0,0.0,0.0
2026-04-13 03:22:30,28.7,60.8,22.8,53.8,0.0,0.0,0.0
2026-04-13 03:22:35,28.5,60.8,0.0,53.8,0.0,0.0,0.0
2026-04-13 03:22:40,28.7,60.9,6.9,53.8,0.0,0.0,0.0
2026-04-13 03:22:45,28.8,60.8,15.2,53.8,0.0,0.0,0.0
2026-04-13 03:22:50,28.7,60.9,0.4,53.8,0.0,0.0,0.0
2026-04-13 03:22:55,28.6,60.7,12.2,53.8,0.0,0.0,0.0
2026-04-13 03:23:00,28.6,60.8,28.0,53.8,0.0,0.0,0.0
2026-04-13 03:23:05,28.5,60.8,17.6,53.8,0.0,0.0,0.0
2026-04-13 03:23:10,28.6,60.6,23.2,53.8,0.0,0.0,0.0
2026-04-13 03:23:15,28.9,60.6,14.0,53.8,0.0,0.0,0.0
2026-04-13 03:23:20,28.6,60.6,6.6,53.8,0.0,0.0,0.0
2026-04-13 03:23:25,28.7,60.7,5.8,53.8,0.0,0.0,0.0
2026-04-13 03:23:30,28.7,60.7,14.4,53.8,0.0,0.0,0.0
2026-04-13 03:23:35,28.6,60.6,13.6,53.8,0.0,0.0,0.0
2026-04-13 03:23:40,28.6,60.7,8.2,53.8,0.0,0.0,0.0
2026-04-13 03:23:45,28.7,60.8,8.5,53.7,0.0,0.0,0.0
2026-04-13 03:23:50,28.7,60.8,21.7,53.7,0.0,0.0,0.0
2026-04-13 03:23:55,28.6,60.9,0.0,53.7,0.0,0.0,0.0
2026-04-13 03:24:00,28.5,60.9,16.7,53.7,0.0,0.0,0.0
2026-04-13 03:24:05,28.6,60.8,3.5,53.7,0.0,0.0,0.0
2026-04-13 03:24:10,28.7,60.7,7.7,53.7,0.0,0.0,0.0
2026-04-13 03:24:15,28.7,60.7,0.0,53.7,0.0,0.0,0.0
2026-04-13 03:24:20,28.7,60.6,20.4,53.7,0.0,0.0,0.0
2026-04-13 03:24:25,28.6,60.6,9.0,53.8,0.0,0.0,0.0
2026-04-13 03:24:30,28.7,60.7,2.4,53.8,0.0,0.0,0.0
2026-04-13 03:24:35,28.7,60.6,10.7,53.8,0.0,0.0,0.0
2026-04-13 03:24:40,28.7,60.6,4.6,53.8,0.0,0.0,0.0
2026-04-13 03:24:45,28.7,60.8,0.0,53.8,0.0,0.0,0.0
2026-04-13 03:24:50,28.6,60.9,11.0,53.8,0.0,0.0,0.0
2026-04-13 03:24:55,28.6,61.1,18.1,53.8,0.0,0.0,0.0
2026-04-13 03:25:00,28.8,61.0,26.5,53.8,0.0,0.0,0.0
2026-04-13 03:25:05,28.6,61.1,15.9,53.8,0.0,0.0,0.0
2026-04-13 03:25:10,28.7,61.1,0.0,53.8,0.0,0.0,0.0
2026-04-13 03:25:15,28.7,61.0,7.6,53.8,0.0,0.0,0.0
2026-04-13 03:25:20,28.6,61.1,11.9,53.8,0.0,0.0,0.0
2026-04-13 03:25:25,28.6,61.1,32.1,53.8,0.0,0.0,0.0
2026-04-13 03:25:30,28.7,61.1,16.9,53.8,0.0,0.0,0.0
2026-04-13 03:25:35,28.8,61.1,5.8,53.8,0.0,0.0,0.0
2026-04-13 03:25:40,28.6,61.0,4.5,53.8,0.0,0.0,0.0
2026-04-13 03:25:45,28.6,61.0,16.9,53.8,0.0,0.0,0.0
2026-04-13 03:25:50,28.7,61.0,19.3,53.8,0.0,0.0,0.0
2026-04-13 03:25:55,28.6,61.0,23.1,53.8,0.0,0.0,0.0
2026-04-13 03:26:00,28.8,61.2,17.1,53.8,0.0,0.0,0.0
2026-04-13 03:26:05,28.7,61.2,35.3,53.8,0.0,0.0,0.0
2026-04-13 03:26:10,28.7,61.2,19.5,53.8,0.0,0.0,0.0
2026-04-13 03:26:15,28.8,61.3,0.0,53.8,0.0,0.0,0.0
2026-04-13 03:26:20,28.7,61.4,7.8,53.8,0.0,0.0,0.0
2026-04-13 03:26:25,28.6,61.4,29.3,53.8,0.0,0.0,0.0
2026-04-13 03:26:30,28.5,61.3,20.4,53.8,0.0,0.0,0.0
2026-04-13 03:26:35,28.8,61.3,0.6,53.8,0.0,0.0,0.0
2026-04-13 03:26:40,28.6,61.4,19.5,53.8,0.0,0.0,0.0
2026-04-13 03:26:45,28.6,61.3,30.4,53.8,0.0,0.0,0.0
2026-04-13 03:26:50,28.5,61.2,21.1,53.8,0.0,0.0,0.0
2026-04-13 03:26:55,28.7,61.1,14.8,53.8,0.0,0.0,0.0
2026-04-13 03:27:00,28.5,61.2,11.6,53.8,0.0,0.0,0.0
2026-04-13 03:27:05,28.6,61.1,12.4,53.8,0.0,0.0,0.0
2026-04-13 03:27:10,28.7,60.9,9.2,53.8,0.0,0.0,0.0
2026-04-13 03:27:15,28.7,61.0,0.0,53.8,0.0,0.0,0.0
2026-04-13 03:27:20,28.5,61.1,19.6,53.8,0.0,0.0,0.0
2026-04-13 03:27:25,28.7,61.2,12.3,53.8,0.0,0.0,0.0
2026-04-13 03:27:30,28.7,61.1,25.7,53.8,0.0,0.0,0.0
2026-04-13 03:27:35,28.8,61.1,8.7,53.8,0.0,0.0,0.0
2026-04-13 03:27:40,28.8,61.1,15.9,53.8,0.0,0.0,0.0
2026-04-13 03:27:45,28.7,61.1,2.4,53.8,0.0,0.0,0.0
2026-04-13 03:27:50,28.6,61.0,0.0,53.8,0.0,0.0,0.0
2026-04-13 03:27:55,28.6,61.1,10.0,53.7,0.0,0.0,0.0
2026-04-13 03:28:00,28.7,61.1,0.0,53.7,0.0,0.0,0.0
2026-04-13 03:28:05,28.5,61.0,13.9,53.8,0.0,0.0,0.0
2026-04-13 03:28:10,28.7,60.9,29.8,53.8,0.0,0.0,0.0
2026-04-13 03:28:15,28.6,60.8,10.4,53.8,0.0,0.0,0.0
2026-04-13 03:28:20,28.7,60.9,0.0,53.8,0.0,0.0,0.0
2026-04-13 03:28:25,28.7,60.8,0.0,53.8,0.0,0.0,0.0
2026-04-13 03:28:30,28.6,60.9,30.0,53.7,0.0,0.0,0.0
2026-04-13 03:28:35,28.8,60.8,2.2,53.7,0.0,0.0,0.0
2026-04-13 03:28:40,28.5,60.7,20.7,53.8,0.0,0.0,0.0
2026-04-13 03:28:45,28.6,60.8,7.1,53.8,0.0,0.0,0.0
2026-04-13 03:28:50,28.7,60.8,12.2,53.8,0.0,0.0,0.0
2026-04-13 03:28:55,28.5,60.9,11.8,53.7,0.0,0.0,0.0
2026-04-13 03:29:00,28.7,60.9,17.1,53.7,0.0,0.0,0.0
2026-04-13 03:29:05,28.7,60.9,25.2,53.7,0.0,0.0,0.0
2026-04-13 03:29:10,28.7,61.0,17.4,53.7,0.0,0.0,0.0
2026-04-13 03:29:15,28.7,61.0,4.1,53.7,0.0,0.0,0.0
2026-04-13 03:29:20,28.6,60.9,25.5,53.7,0.0,0.0,0.0
2026-04-13 03:29:25,28.7,61.0,25.1,53.7,0.0,0.0,0.0
2026-04-13 03:29:30,28.7,61.0,17.4,53.7,0.0,0.0,0.0
2026-04-13 03:29:35,28.6,60.9,17.1,53.7,0.0,0.0,0.0
2026-04-13 03:29:40,28.6,60.8,7.7,53.7,0.0,0.0,0.0
2026-04-13 03:29:45,28.7,60.9,14.0,53.7,0.0,0.0,0.0
2026-04-13 03:29:50,28.6,60.7,1.4,53.8,0.0,0.0,0.0
2026-04-13 03:29:55,28.7,60.6,30.3,53.8,0.0,0.0,0.0
2026-04-13 03:30:00,28.7,60.6,16.9,53.7,0.0,0.0,0.0
2026-04-13 03:30:05,28.7,60.7,5.8,53.7,0.0,0.0,0.0
2026-04-13 03:30:10,28.6,60.8,0.6,53.8,0.0,0.0,0.0
2026-04-13 03:30:15,28.8,60.8,27.5,53.8,0.0,0.0,0.0
2026-04-13 03:30:20,28.5,60.8,2.1,53.8,0.0,0.0,0.0
2026-04-13 03:30:25,28.5,60.8,11.0,53.8,0.0,0.0,0.0
2026-04-13 03:30:30,28.6,60.8,19.1,53.8,0.0,0.0,0.0
2026-04-13 03:30:35,28.7,60.9,20.1,53.8,0.0,0.0,0.0
2026-04-13 03:30:40,28.6,60.9,41.8,53.8,0.0,0.0,0.0
2026-04-13 03:30:45,28.6,60.9,15.9,53.8,0.0,0.0,0.0
2026-04-13 03:30:50,28.6,60.7,4.9,53.7,0.0,0.0,0.0
2026-04-13 03:30:55,28.5,60.6,21.6,53.7,0.0,0.0,0.0
2026-04-13 03:31:00,28.6,60.6,6.0,53.7,0.0,0.0,0.0
2026-04-13 03:31:05,28.7,60.6,13.2,53.8,0.0,0.0,0.0
2026-04-13 03:31:10,28.6,60.5,12.3,53.8,0.0,0.0,0.0
2026-04-13 03:31:15,28.6,60.5,9.7,53.8,0.0,0.0,0.0
2026-04-13 03:31:20,28.5,60.5,9.1,53.8,0.0,0.0,0.0
2026-04-13 03:31:25,28.7,60.6,24.3,53.8,0.0,0.0,0.0
2026-04-13 03:31:30,28.7,60.7,16.2,53.8,0.0,0.0,0.0
2026-04-13 03:31:35,28.7,60.5,10.3,53.8,0.0,0.0,0.0
2026-04-13 03:31:40,28.6,60.7,27.9,53.8,0.0,0.0,0.0
2026-04-13 03:31:45,28.7,60.7,7.1,53.8,0.0,0.0,0.0
2026-04-13 03:31:50,28.5,60.7,3.4,53.8,0.0,0.0,0.0
2026-04-13 03:31:55,28.6,60.7,15.7,53.8,0.0,0.0,0.0
2026-04-13 03:32:00,28.7,60.6,7.5,53.8,0.0,0.0,0.0
2026-04-13 03:32:05,28.5,60.6,11.0,53.7,0.0,0.0,0.0
2026-04-13 03:32:10,28.5,60.5,26.3,53.7,0.0,0.0,0.0
2026-04-13 03:32:15,28.7,60.6,0.0,53.8,0.0,0.0,0.0
2026-04-13 03:32:20,28.7,60.6,19.0,53.8,0.0,0.0,0.0
2026-04-13 03:32:25,28.6,60.7,36.5,53.8,0.0,0.0,0.0
2026-04-13 03:32:30,28.7,60.7,1.3,53.8,0.0,0.0,0.0
2026-04-13 03:32:35,28.7,60.6,7.2,53.8,0.0,0.0,0.0
2026-04-13 03:32:40,28.6,60.7,9.8,53.8,0.0,0.0,0.0
2026-04-13 03:32:45,28.6,60.8,31.1,53.8,0.0,0.0,0.0
2026-04-13 03:32:50,28.6,60.8,28.5,53.8,0.0,0.0,0.0
2026-04-13 03:32:55,28.6,60.7,19.8,53.8,0.0,0.0,0.0
2026-04-13 03:33:00,28.8,60.8,20.4,53.8,0.0,0.0,0.0
2026-04-13 03:33:05,28.5,60.8,25.4,53.7,0.0,0.0,0.0
2026-04-13 03:33:10,28.6,60.8,23.3,53.7,0.0,0.0,0.0
2026-04-13 03:33:15,28.6,60.8,6.4,53.7,0.0,0.0,0.0
2026-04-13 03:33:20,28.5,60.8,7.6,53.8,0.0,0.0,0.0
2026-04-13 03:33:25,28.5,60.7,24.1,53.8,0.0,0.0,0.0
2026-04-13 03:33:30,28.6,60.6,23.1,53.8,0.0,0.0,0.0
2026-04-13 03:33:35,28.5,60.6,14.2,53.8,0.0,0.0,0.0
2026-04-13 03:33:40,28.4,60.6,20.2,53.8,0.0,0.0,0.0
2026-04-13 03:33:45,28.6,60.7,21.6,53.8,0.0,0.0,0.0
2026-04-13 03:33:50,28.7,60.8,21.1,53.8,0.0,0.0,0.0
2026-04-13 03:33:55,28.7,60.7,16.3,53.8,0.0,0.0,0.0
2026-04-13 03:34:00,28.6,60.7,5.5,53.8,0.0,0.0,0.0
2026-04-13 03:34:05,28.6,60.5,0.0,53.8,0.0,0.0,0.0
2026-04-13 03:34:10,28.6,60.5,24.4,53.8,0.0,0.0,0.0
2026-04-13 03:34:15,28.6,60.5,2.4,53.8,0.0,0.0,0.0
2026-04-13 03:34:20,28.6,60.6,0.0,53.8,0.0,0.0,0.0
2026-04-13 03:34:25,28.6,60.6,3.5,53.8,0.0,0.0,0.0
2026-04-13 03:34:30,28.6,60.7,8.2,53.8,0.0,0.0,0.0
2026-04-13 03:34:35,28.5,60.8,28.0,53.8,0.0,0.0,0.0
2026-04-13 03:34:40,28.6,60.7,35.9,53.8,0.0,0.0,0.0
2026-04-13 03:34:45,28.5,60.7,23.4,53.8,0.0,0.0,0.0
2026-04-13 03:34:50,28.6,60.7,3.3,53.8,0.0,0.0,0.0
2026-04-13 03:34:55,28.6,60.7,17.4,53.8,0.0,0.0,0.0
2026-04-13 03:35:00,28.5,60.7,3.3,53.8,0.0,0.0,0.0
2026-04-13 03:35:05,28.6,60.7,12.4,53.8,0.0,0.0,0.0
2026-04-13 03:35:10,28.5,60.8,9.7,53.8,0.0,0.0,0.0
2026-04-13 03:35:15,28.4,60.9,11.1,53.8,0.0,0.0,0.0
2026-04-13 03:35:20,28.5,60.8,19.1,53.8,0.0,0.0,0.0
2026-04-13 03:35:25,28.5,60.8,39.9,53.8,0.0,0.0,0.0
2026-04-13 03:35:30,28.5,60.9,8.5,53.8,0.0,0.0,0.0
2026-04-13 03:35:35,28.5,60.9,19.7,53.8,0.0,0.0,0.0
2026-04-13 03:35:40,28.6,61.0,16.6,53.8,0.0,0.0,0.0
2026-04-13 03:35:45,28.6,61.1,10.7,53.8,0.0,0.0,0.0
2026-04-13 03:35:50,28.5,61.0,7.6,53.8,0.0,0.0,0.0
2026-04-13 03:35:55,28.6,61.0,10.1,53.8,0.0,0.0,0.0
2026-04-13 03:36:00,28.4,61.3,5.7,53.8,0.0,0.0,0.0
2026-04-13 03:36:05,28.4,61.3,30.3,53.8,0.0,0.0,0.0
2026-04-13 03:36:10,28.6,61.2,16.4,53.8,0.0,0.0,0.0
2026-04-13 03:36:15,28.5,61.2,21.9,53.8,0.0,0.0,0.0
2026-04-13 03:36:20,28.6,61.0,25.6,53.8,0.0,0.0,0.0
2026-04-13 03:36:25,28.6,61.0,17.9,53.8,0.0,0.0,0.0
2026-04-13 03:36:30,28.5,61.0,6.2,53.8,0.0,0.0,0.0
2026-04-13 03:36:35,28.4,61.0,21.2,53.8,0.0,0.0,0.0
2026-04-13 03:36:40,28.4,61.1,7.0,53.8,0.0,0.0,0.0
2026-04-13 03:36:45,28.5,61.0,16.5,53.8,0.0,0.0,0.0
2026-04-13 03:36:50,28.5,60.9,9.2,53.8,0.0,0.0,0.0
2026-04-13 03:36:55,28.4,61.0,29.0,53.8,0.0,0.0,0.0
2026-04-13 03:37:00,28.6,61.1,5.8,53.8,0.0,0.0,0.0
2026-04-13 03:37:05,28.6,61.1,28.7,53.8,0.0,0.0,0.0
2026-04-13 03:37:10,28.6,61.0,15.8,53.8,0.0,0.0,0.0
2026-04-13 03:37:15,28.4,61.2,13.4,53.8,0.0,0.0,0.0
2026-04-13 03:37:20,28.6,61.3,19.2,53.8,0.0,0.0,0.0
2026-04-13 03:37:25,28.6,61.3,1.5,53.8,0.0,0.0,0.0
2026-04-13 03:37:30,28.5,61.3,8.8,53.8,0.0,0.0,0.0
2026-04-13 03:37:35,28.5,61.2,25.6,53.8,0.0,0.0,0.0
2026-04-13 03:37:40,28.5,61.4,9.4,53.8,0.0,0.0,0.0
2026-04-13 03:37:45,28.5,61.5,26.4,53.8,0.0,0.0,0.0
2026-04-13 03:37:50,28.4,61.6,5.0,53.8,0.0,0.0,0.0
2026-04-13 03:37:55,28.5,61.5,29.5,53.8,0.0,0.0,0.0
2026-04-13 03:38:00,28.4,61.6,31.2,53.8,0.0,0.0,0.0
2026-04-13 03:38:05,28.5,61.6,3.4,53.8,0.0,0.0,0.0
2026-04-13 03:38:10,28.5,61.5,6.2,53.8,0.0,0.0,0.0
2026-04-13 03:38:15,28.5,61.6,15.1,53.7,0.0,0.0,0.0
2026-04-13 03:38:20,28.5,61.6,3.9,53.7,0.0,0.0,0.0
2026-04-13 03:38:25,28.4,61.6,22.3,53.7,0.0,0.0,0.0
2026-04-13 03:38:30,28.5,61.8,2.8,53.8,0.0,0.0,0.0
2026-04-13 03:38:35,28.5,61.8,12.9,53.8,0.0,0.0,0.0
2026-04-13 03:38:40,28.5,61.7,0.0,53.8,0.0,0.0,0.0
2026-04-13 03:38:45,28.4,61.8,1.8,53.8,0.0,0.0,0.0
2026-04-13 03:38:50,28.5,61.7,21.0,53.8,0.0,0.0,0.0
2026-04-13 03:38:55,28.5,61.7,21.8,53.8,0.0,0.0,0.0
2026-04-13 03:39:00,28.6,61.7,19.8,53.8,0.0,0.0,0.0
2026-04-13 03:39:05,28.6,61.8,25.9,53.8,0.0,0.0,0.0
2026-04-13 03:39:10,28.6,61.7,0.7,53.8,0.0,0.0,0.0
2026-04-13 03:39:15,28.6,61.6,11.2,53.8,0.0,0.0,0.0
2026-04-13 03:39:20,28.5,61.5,26.3,53.8,0.0,0.0,0.0
2026-04-13 03:39:25,28.6,61.6,6.4,53.8,0.0,0.0,0.0
2026-04-13 03:39:30,28.7,61.8,22.7,53.8,0.0,0.0,0.0
2026-04-13 03:39:35,28.5,61.8,0.8,53.8,0.0,0.0,0.0
2026-04-13 03:39:40,28.5,61.7,31.0,53.8,0.0,0.0,0.0
2026-04-13 03:39:45,28.5,61.9,0.2,53.8,0.0,0.0,0.0
2026-04-13 03:39:50,28.7,61.8,5.4,53.8,0.0,0.0,0.0
2026-04-13 03:39:55,28.5,61.9,11.3,53.8,0.0,0.0,0.0
2026-04-13 03:40:00,28.5,61.9,6.0,53.8,0.0,0.0,0.0
2026-04-13 03:40:05,28.5,62.0,12.6,53.8,0.0,0.0,0.0
2026-04-13 03:40:10,28.4,62.1,5.6,53.8,0.0,0.0,0.0
2026-04-13 03:40:15,28.5,62.0,15.9,53.8,0.0,0.0,0.0
2026-04-13 03:40:20,28.6,62.0,16.3,53.8,0.0,0.0,0.0
2026-04-13 03:40:25,28.7,62.0,17.5,53.8,0.0,0.0,0.0
2026-04-13 03:40:30,28.5,61.9,22.2,53.8,0.0,0.0,0.0
2026-04-13 03:40:35,28.7,61.8,9.4,53.8,0.0,0.0,0.0
2026-04-13 03:40:40,28.4,61.9,8.1,53.8,0.0,0.0,0.0
2026-04-13 03:40:45,28.4,61.8,14.9,53.8,0.0,0.0,0.0
2026-04-13 03:40:50,28.5,61.8,28.4,53.8,0.0,0.0,0.0
2026-04-13 03:40:55,28.6,61.7,11.1,53.8,0.0,0.0,0.0
2026-04-13 03:41:00,28.4,61.6,15.6,53.8,0.0,0.0,0.0
2026-04-13 03:41:05,28.6,61.5,5.9,53.8,0.0,0.0,0.0
2026-04-13 03:41:10,28.6,61.4,20.4,53.8,0.0,0.0,0.0
2026-04-13 03:41:15,28.6,61.4,7.3,53.8,0.0,0.0,0.0
2026-04-13 03:41:20,28.6,61.3,18.6,53.7,0.0,0.0,0.0
2026-04-13 03:41:25,28.5,61.2,21.1,53.7,0.0,0.0,0.0
2026-04-13 03:41:30,28.6,61.3,9.0,53.7,0.0,0.0,0.0
2026-04-13 03:41:35,28.5,61.5,19.6,53.7,0.0,0.0,0.0
2026-04-13 03:41:40,28.5,61.4,38.9,53.7,0.0,0.0,0.0
2026-04-13 03:41:45,28.5,61.4,0.0,53.7,0.0,0.0,0.0
2026-04-13 03:41:50,28.6,61.5,13.2,53.7,0.0,0.0,0.0
2026-04-13 03:41:55,28.4,61.6,10.1,53.7,0.0,0.0,0.0
2026-04-13 03:42:00,28.5,61.7,20.7,53.7,0.0,0.0,0.0
2026-04-13 03:42:05,28.6,61.7,26.7,53.7,0.0,0.0,0.0
2026-04-13 03:42:10,28.4,61.8,5.2,53.7,0.0,0.0,0.0
2026-04-13 03:42:15,28.6,61.7,8.4,53.7,0.0,0.0,0.0
2026-04-13 03:42:20,28.6,61.7,25.0,53.7,0.0,0.0,0.0
2026-04-13 03:42:25,28.5,61.7,8.7,53.7,0.0,0.0,0.0
2026-04-13 03:42:30,28.5,61.7,23.2,53.7,0.0,0.0,0.0
2026-04-13 03:42:35,28.6,61.7,15.9,53.8,0.0,0.0,0.0
2026-04-13 03:42:40,28.5,61.7,18.3,53.8,0.0,0.0,0.0
2026-04-13 03:42:45,28.5,61.7,24.8,53.8,0.0,0.0,0.0
2026-04-13 03:42:50,28.4,61.6,24.4,53.8,0.0,0.0,0.0
2026-04-13 03:42:55,28.5,61.7,9.5,53.8,0.0,0.0,0.0
2026-04-13 03:43:00,28.6,61.7,10.8,53.8,0.0,0.0,0.0
2026-04-13 03:43:05,28.6,61.8,0.0,53.8,0.0,0.0,0.0
2026-04-13 03:43:10,28.5,61.8,0.0,53.8,0.0,0.0,0.0
2026-04-13 03:43:15,28.5,61.8,0.0,53.8,0.0,0.0,0.0
2026-04-13 03:43:20,28.4,61.7,17.7,53.8,0.0,0.0,0.0
2026-04-13 03:43:25,28.6,61.7,21.7,53.8,0.0,0.0,0.0
2026-04-13 03:43:30,28.4,61.6,33.7,53.8,0.0,0.0,0.0
2026-04-13 03:43:35,28.6,61.5,14.4,53.7,0.0,0.0,0.0
2026-04-13 03:43:40,28.7,61.4,14.3,53.7,0.0,0.0,0.0
2026-04-13 03:43:45,28.5,61.5,12.9,53.7,0.0,0.0,0.0
2026-04-13 03:43:50,28.8,61.4,17.7,53.7,0.0,0.0,0.0
2026-04-13 03:43:55,28.6,61.3,16.6,53.7,0.0,0.0,0.0
2026-04-13 03:44:00,28.6,61.3,0.0,53.7,0.0,0.0,0.0
2026-04-13 03:44:05,28.5,61.2,12.9,53.7,0.0,0.0,0.0
2026-04-13 03:44:10,28.5,61.2,23.6,53.7,0.0,0.0,0.0
2026-04-13 03:44:15,28.7,61.2,6.1,53.7,0.0,0.0,0.0
2026-04-13 03:44:20,28.5,61.3,5.0,53.7,0.0,0.0,0.0
2026-04-13 03:44:25,28.4,61.3,14.4,53.7,0.0,0.0,0.0
2026-04-13 03:44:30,28.6,61.3,14.8,53.7,0.0,0.0,0.0
2026-04-13 03:44:35,28.7,61.2,20.0,53.7,0.0,0.0,0.0
2026-04-13 03:44:40,28.7,61.4,21.7,53.7,0.0,0.0,0.0
2026-04-13 03:44:45,28.6,61.4,11.5,53.7,0.0,0.0,0.0
2026-04-13 03:44:50,28.7,61.5,10.9,53.7,0.0,0.0,0.0
2026-04-13 03:44:55,28.6,61.3,22.5,53.7,0.0,0.0,0.0
2026-04-13 03:45:00,28.7,61.4,14.0,53.7,0.0,0.0,0.0
2026-04-13 03:45:05,28.5,61.4,33.5,53.7,0.0,0.0,0.0
2026-04-13 03:45:10,28.5,61.4,24.8,53.7,0.0,0.0,0.0
2026-04-13 03:45:15,28.6,61.3,10.0,53.8,0.0,0.0,0.0
2026-04-13 03:45:20,28.6,61.3,10.4,53.8,0.0,0.0,0.0
2026-04-13 03:45:25,28.4,61.1,12.3,53.7,0.0,0.0,0.0
2026-04-13 03:45:30,28.6,61.1,10.7,53.7,0.0,0.0,0.0
2026-04-13 03:45:35,28.5,61.1,17.4,53.7,0.0,0.0,0.0
2026-04-13 03:45:40,28.6,61.1,5.4,53.7,0.0,0.0,0.0
2026-04-13 03:45:45,28.5,60.9,0.0,53.7,0.0,0.0,0.0
2026-04-13 03:45:50,28.6,60.9,19.4,53.7,0.0,0.0,0.0
2026-04-13 03:45:55,28.6,60.9,7.0,53.7,0.0,0.0,0.0
2026-04-13 03:46:00,28.6,60.9,9.2,53.7,0.0,0.0,0.0
2026-04-13 03:46:05,28.7,60.8,7.2,53.7,0.0,0.0,0.0
2026-04-13 03:46:10,28.5,60.7,8.0,53.7,0.0,0.0,0.0
2026-04-13 03:46:15,28.6,60.7,3.0,53.7,0.0,0.0,0.0
2026-04-13 03:46:20,28.6,60.6,11.7,53.7,0.0,0.0,0.0
2026-04-13 03:46:25,28.5,60.7,2.8,53.7,0.0,0.0,0.0
2026-04-13 03:46:30,28.5,60.8,3.8,53.7,0.0,0.0,0.0
2026-04-13 03:46:35,28.6,60.8,20.7,53.7,0.0,0.0,0.0
2026-04-13 03:46:40,28.5,60.8,25.4,53.7,0.0,0.0,0.0
2026-04-13 03:46:45,28.7,60.9,3.4,53.7,0.0,0.0,0.0
2026-04-13 03:46:50,28.6,60.9,18.6,53.7,0.0,0.0,0.0
2026-04-13 03:46:55,28.5,60.9,0.0,53.7,0.0,0.0,0.0
2026-04-13 03:47:00,28.6,60.9,14.7,53.7,0.0,0.0,0.0
2026-04-13 03:47:05,28.6,60.9,16.3,53.7,0.0,0.0,0.0
2026-04-13 03:47:10,28.6,60.8,16.8,53.8,0.0,0.0,0.0
2026-04-13 03:47:15,28.6,60.9,25.1,53.8,0.0,0.0,0.0
2026-04-13 03:47:20,28.6,60.8,22.2,53.8,0.0,0.0,0.0
2026-04-13 03:47:25,28.5,61.1,11.0,53.8,0.0,0.0,0.0
2026-04-13 03:47:30,28.7,61.0,9.1,53.7,0.0,0.0,0.0
2026-04-13 03:47:35,28.6,61.1,15.3,53.7,0.0,0.0,0.0
2026-04-13 03:47:40,28.5,61.1,3.0,53.7,0.0,0.0,0.0
2026-04-13 03:47:45,28.7,61.1,16.5,53.7,0.0,0.0,0.0
2026-04-13 03:47:50,28.6,61.2,12.6,53.7,0.0,0.0,0.0
2026-04-13 03:47:55,28.7,61.3,19.0,53.7,0.0,0.0,0.0
2026-04-13 03:48:00,28.5,61.2,12.9,53.7,0.0,0.0,0.0
2026-04-13 03:48:05,28.6,61.3,28.9,53.7,0.0,0.0,0.0
2026-04-13 03:48:10,28.6,61.1,18.1,53.7,0.0,0.0,0.0
2026-04-13 03:48:15,28.5,61.1,22.2,53.7,0.0,0.0,0.0
2026-04-13 03:48:20,28.6,61.0,4.0,53.7,0.0,0.0,0.0
2026-04-13 03:48:25,28.6,61.0,14.0,53.7,0.0,0.0,0.0
2026-04-13 03:48:30,28.6,61.1,0.0,53.7,0.0,0.0,0.0
2026-04-13 03:48:35,28.5,61.1,0.0,53.7,0.0,0.0,0.0
2026-04-13 03:48:40,28.5,61.1,11.0,53.7,0.0,0.0,0.0
2026-04-13 03:48:45,28.6,61.0,29.4,53.7,0.0,0.0,0.0
2026-04-13 03:48:50,28.7,61.0,21.3,53.7,0.0,0.0,0.0
2026-04-13 03:48:55,28.7,60.9,20.9,53.7,0.0,0.0,0.0
2026-04-13 03:49:00,28.6,60.9,22.3,53.7,0.0,0.0,0.0
2026-04-13 03:49:05,28.6,60.8,12.4,53.7,0.0,0.0,0.0
2026-04-13 03:49:10,28.6,60.8,28.4,53.7,0.0,0.0,0.0
2026-04-13 03:49:15,28.8,60.7,4.4,53.7,0.0,0.0,0.0
2026-04-13 03:49:20,28.6,60.7,11.0,53.7,0.0,0.0,0.0
2026-04-13 03:49:25,28.7,60.8,11.4,53.7,0.0,0.0,0.0
2026-04-13 03:49:30,28.5,60.8,24.8,53.7,0.0,0.0,0.0
2026-04-13 03:49:35,28.4,60.8,19.1,53.7,0.0,0.0,0.0
2026-04-13 03:49:40,28.6,60.8,17.6,53.7,0.0,0.0,0.0
2026-04-13 03:49:45,28.5,60.7,7.6,53.7,0.0,0.0,0.0
2026-04-13 03:49:50,28.5,60.8,21.3,53.6,0.0,0.0,0.0
2026-04-13 03:49:55,28.5,60.7,14.6,53.6,0.0,0.0,0.0
2026-04-13 03:50:00,28.6,60.7,1.1,53.7,0.0,0.0,0.0
2026-04-13 03:50:05,28.7,60.6,0.0,53.7,0.0,0.0,0.0
2026-04-13 03:50:10,28.6,60.5,18.4,53.7,0.0,0.0,0.0
2026-04-13 03:50:15,28.6,60.5,17.3,53.7,0.0,0.0,0.0
2026-04-13 03:50:20,28.6,60.4,14.6,53.7,0.0,0.0,0.0
2026-04-13 03:50:25,28.6,60.4,0.7,53.7,0.0,0.0,0.0
2026-04-13 03:50:30,28.7,60.5,21.6,53.7,0.0,0.0,0.0
2026-04-13 03:50:35,28.5,60.5,14.1,53.7,0.0,0.0,0.0
2026-04-13 03:50:40,28.6,60.5,23.9,53.7,0.0,0.0,0.0
2026-04-13 03:50:45,28.5,60.3,25.9,53.7,0.0,0.0,0.0
2026-04-13 03:50:50,28.6,60.4,0.6,53.7,0.0,0.0,0.0
2026-04-13 03:50:55,28.5,60.4,20.4,53.7,0.0,0.0,0.0
2026-04-13 03:51:00,28.9,60.3,17.6,53.7,0.0,0.0,0.0
2026-04-13 03:51:05,28.6,60.4,13.5,53.7,0.0,0.0,0.0
2026-04-13 03:51:10,28.6,60.5,24.5,53.7,0.0,0.0,0.0
2026-04-13 03:51:15,28.7,60.7,23.3,53.7,0.0,0.0,0.0
2026-04-13 03:51:20,28.6,60.5,15.7,53.7,0.0,0.0,0.0
2026-04-13 03:51:25,28.8,60.7,14.7,53.7,0.0,0.0,0.0
2026-04-13 03:51:30,28.7,60.7,18.8,53.7,0.0,0.0,0.0
2026-04-13 03:51:35,28.7,60.7,25.6,53.7,0.0,0.0,0.0
2026-04-13 03:51:40,28.7,60.7,13.9,53.7,0.0,0.0,0.0
2026-04-13 03:51:45,28.6,60.8,25.6,53.7,0.0,0.0,0.0
2026-04-13 03:51:50,28.7,60.8,22.2,53.7,0.0,0.0,0.0
2026-04-13 03:51:55,28.7,60.7,0.0,53.7,0.0,0.0,0.0
2026-04-13 03:52:00,28.8,60.8,6.9,53.7,0.0,0.0,0.0
2026-04-13 03:52:05,28.6,60.8,11.2,53.7,0.0,0.0,0.0
2026-04-13 03:52:10,28.5,60.8,7.4,53.7,0.0,0.0,0.0
2026-04-13 03:52:15,28.6,60.7,19.6,53.7,0.0,0.0,0.0
2026-04-13 03:52:20,28.6,60.7,28.3,53.7,0.0,0.0,0.0
2026-04-13 03:52:25,28.6,60.9,10.9,53.7,0.0,0.0,0.0
2026-04-13 03:52:30,28.7,60.8,20.1,53.7,0.0,0.0,0.0
2026-04-13 03:52:35,28.7,60.8,24.6,53.7,0.0,0.0,0.0
2026-04-13 03:52:40,28.7,60.8,28.4,53.7,0.0,0.0,0.0
2026-04-13 03:52:45,28.7,60.8,4.3,53.7,0.0,0.0,0.0
2026-04-13 03:52:50,28.7,60.8,13.6,53.7,0.0,0.0,0.0
2026-04-13 03:52:55,28.7,60.7,1.4,53.7,0.0,0.0,0.0
2026-04-13 03:53:00,28.6,60.8,21.6,53.7,0.0,0.0,0.0
2026-04-13 03:53:05,28.7,60.7,5.5,53.8,0.0,0.0,0.0
2026-04-13 03:53:10,28.6,60.7,15.9,53.8,0.0,0.0,0.0
2026-04-13 03:53:15,28.6,60.6,28.1,53.7,0.0,0.0,0.0
2026-04-13 03:53:20,28.8,60.7,25.4,53.7,0.0,0.0,0.0
2026-04-13 03:53:25,28.8,60.5,1.5,53.7,0.0,0.0,0.0
2026-04-13 03:53:30,28.8,60.4,13.2,53.7,0.0,0.0,0.0
2026-04-13 03:53:35,28.7,60.5,21.5,53.7,0.0,0.0,0.0
2026-04-13 03:53:40,28.7,60.6,12.7,53.7,0.0,0.0,0.0
2026-04-13 03:53:45,28.6,60.7,16.9,53.7,0.0,0.0,0.0
2026-04-13 03:53:50,28.6,60.6,1.3,53.7,0.0,0.0,0.0
2026-04-13 03:53:55,28.6,60.6,5.5,53.7,0.0,0.0,0.0
2026-04-13 03:54:00,28.6,60.6,8.8,53.7,0.0,0.0,0.0
2026-04-13 03:54:05,28.7,60.5,0.6,53.7,0.0,0.0,0.0
2026-04-13 03:54:10,28.7,60.5,0.0,53.7,0.0,0.0,0.0
2026-04-13 03:54:15,28.7,60.6,0.0,53.7,0.0,0.0,0.0
2026-04-13 03:54:20,28.7,60.6,0.0,53.7,0.0,0.0,0.0
2026-04-13 03:54:25,28.6,60.7,32.1,53.7,0.0,0.0,0.0
2026-04-13 03:54:30,28.7,60.8,9.1,53.7,0.0,0.0,0.0
2026-04-13 03:54:35,28.6,60.9,4.0,53.7,0.0,0.0,0.0
2026-04-13 03:54:40,28.6,60.9,31.4,53.7,0.0,0.0,0.0
2026-04-13 03:54:45,28.7,61.0,15.9,53.7,0.0,0.0,0.0
2026-04-13 03:54:50,28.7,61.1,3.5,53.7,0.0,0.0,0.0
2026-04-13 03:54:55,28.6,61.0,0.0,53.7,0.0,0.0,0.0
2026-04-13 03:55:00,28.7,61.2,13.9,53.7,0.0,0.0,0.0
2026-04-13 03:55:05,28.6,61.0,16.6,53.7,0.0,0.0,0.0
2026-04-13 03:55:10,28.7,61.0,4.7,53.7,0.0,0.0,0.0
2026-04-13 03:55:15,28.6,61.1,16.1,53.7,0.0,0.0,0.0
2026-04-13 03:55:20,28.7,61.2,16.0,53.7,0.0,0.0,0.0
2026-04-13 03:55:25,28.6,61.1,17.2,53.7,0.0,0.0,0.0
2026-04-13 03:55:30,28.7,61.1,0.0,53.7,0.0,0.0,0.0
2026-04-13 03:55:35,28.5,61.0,28.7,53.7,0.0,0.0,0.0
2026-04-13 03:55:40,28.6,61.0,20.3,53.7,0.0,0.0,0.0
2026-04-13 03:55:45,28.7,61.2,15.6,53.7,0.0,0.0,0.0
2026-04-13 03:55:50,28.7,61.1,1.9,53.7,0.0,0.0,0.0
2026-04-13 03:55:55,28.7,61.1,13.4,53.7,0.0,0.0,0.0
2026-04-13 03:56:00,28.7,61.1,18.9,53.7,0.0,0.0,0.0
2026-04-13 03:56:05,28.7,61.1,51.4,53.7,0.0,0.0,0.0
2026-04-13 03:56:10,28.8,61.2,5.2,53.7,0.0,0.0,0.0
2026-04-13 03:56:15,28.6,61.2,8.8,53.7,0.0,0.0,0.0
2026-04-13 03:56:20,28.7,61.2,8.6,53.7,0.0,0.0,0.0
2026-04-13 03:56:25,28.6,61.2,37.5,53.7,0.0,0.0,0.0
2026-04-13 03:56:30,28.7,61.0,12.5,53.7,0.0,0.0,0.0
2026-04-13 03:56:35,28.7,60.9,22.2,53.7,0.0,0.0,0.0
2026-04-13 03:56:40,28.7,61.0,22.3,53.7,0.0,0.0,0.0
2026-04-13 03:56:45,28.7,61.0,3.3,53.7,0.0,0.0,0.0
2026-04-13 03:56:50,28.8,61.1,20.8,53.7,0.0,0.0,0.0
2026-04-13 03:56:55,28.7,61.2,14.8,53.7,0.0,0.0,0.0
2026-04-13 03:57:00,28.6,61.1,13.5,53.7,0.0,0.0,0.0
2026-04-13 03:57:05,28.5,61.2,16.5,53.7,0.0,0.0,0.0
2026-04-13 03:57:10,28.6,61.2,20.4,53.7,0.0,0.0,0.0
2026-04-13 03:57:15,28.8,61.2,8.8,53.7,0.0,0.0,0.0
2026-04-13 03:57:20,28.7,60.9,22.0,53.7,0.0,0.0,0.0
2026-04-13 03:57:25,28.5,60.9,13.2,53.7,0.0,0.0,0.0
2026-04-13 03:57:30,28.8,60.9,0.0,53.7,0.0,0.0,0.0
2026-04-13 03:57:35,28.6,60.8,22.1,53.8,0.0,0.0,0.0
2026-04-13 03:57:40,28.7,60.9,12.8,53.8,0.0,0.0,0.0
2026-04-13 03:57:45,28.6,60.9,20.0,53.8,0.0,0.0,0.0
2026-04-13 03:57:50,28.5,61.0,17.5,53.8,0.0,0.0,0.0
2026-04-13 03:57:55,28.7,60.9,5.5,53.7,0.0,0.0,0.0
2026-04-13 03:58:00,28.7,60.8,13.1,53.7,0.0,0.0,0.0
2026-04-13 03:58:05,28.8,60.8,9.8,53.7,0.0,0.0,0.0
2026-04-13 03:58:10,28.6,60.9,20.2,53.7,0.0,0.0,0.0
2026-04-13 03:58:15,28.7,60.8,1.5,53.7,0.0,0.0,0.0
2026-04-13 03:58:20,28.7,60.8,11.3,53.7,0.0,0.0,0.0
2026-04-13 03:58:25,28.7,60.8,8.4,53.7,0.0,0.0,0.0
2026-04-13 03:58:30,28.7,60.8,24.8,53.7,0.0,0.0,0.0
2026-04-13 03:58:35,28.7,60.8,17.9,53.7,0.0,0.0,0.0
2026-04-13 03:58:40,28.8,60.8,3.3,53.7,0.0,0.0,0.0
2026-04-13 03:58:45,28.7,60.7,16.5,53.7,0.0,0.0,0.0
2026-04-13 03:58:50,28.8,60.8,2.9,53.7,0.0,0.0,0.0
2026-04-13 03:58:55,28.7,60.7,22.9,53.8,0.0,0.0,0.0
2026-04-13 03:59:00,28.7,60.6,25.8,53.8,0.0,0.0,0.0
2026-04-13 03:59:05,28.8,60.6,19.2,53.7,0.0,0.0,0.0
2026-04-13 03:59:10,28.7,60.5,12.7,53.7,0.0,0.0,0.0
2026-04-13 03:59:15,28.7,60.4,0.9,53.7,0.0,0.0,0.0
2026-04-13 03:59:20,28.7,60.5,18.2,53.7,0.0,0.0,0.0
2026-04-13 03:59:25,28.6,60.5,11.0,53.7,0.0,0.0,0.0
2026-04-13 03:59:30,28.7,60.4,14.2,53.7,0.0,0.0,0.0
2026-04-13 03:59:35,28.6,60.3,22.7,53.7,0.0,0.0,0.0
2026-04-13 03:59:40,28.7,60.3,18.0,53.7,0.0,0.0,0.0
2026-04-13 03:59:45,28.8,60.5,19.8,53.8,0.0,0.0,0.0
2026-04-13 03:59:50,28.7,60.5,23.3,53.8,0.0,0.0,0.0
2026-04-13 03:59:55,28.7,60.5,21.1,53.8,0.0,0.0,0.0
2026-04-13 04:00:00,28.8,60.6,16.6,53.8,0.0,0.0,0.0
2026-04-13 04:00:05,28.7,60.6,13.9,53.7,0.0,0.0,0.0
2026-04-13 04:00:10,28.7,60.6,14.5,53.7,0.0,0.0,0.0
2026-04-13 04:00:15,28.8,60.5,2.7,53.7,0.0,0.0,0.0
2026-04-13 04:00:20,28.7,60.6,2.8,53.7,0.0,0.0,0.0
2026-04-13 04:00:25,28.7,60.7,15.1,53.7,0.0,0.0,0.0
2026-04-13 04:00:30,28.7,60.7,4.3,53.7,0.0,0.0,0.0
2026-04-13 04:00:35,28.7,60.6,23.1,53.7,0.0,0.0,0.0
2026-04-13 04:00:40,28.8,60.7,19.5,53.7,0.0,0.0,0.0
2026-04-13 04:00:45,28.8,60.8,16.6,53.7,0.0,0.0,0.0
2026-04-13 04:00:50,28.7,60.5,0.0,53.7,0.0,0.0,0.0
2026-04-13 04:00:55,28.7,60.5,1.5,53.7,0.0,0.0,0.0
2026-04-13 04:01:00,28.7,60.5,4.3,53.8,0.0,0.0,0.0
2026-04-13 04:01:05,28.7,60.4,14.1,53.8,0.0,0.0,0.0
2026-04-13 04:01:10,28.8,60.6,12.6,53.8,0.0,0.0,0.0
2026-04-13 04:01:15,28.8,60.5,8.8,53.8,0.0,0.0,0.0
2026-04-13 04:01:20,28.7,60.6,11.6,53.8,0.0,0.0,0.0
2026-04-13 04:01:25,28.8,60.8,12.9,53.7,0.0,0.0,0.0
2026-04-13 04:01:30,28.6,60.9,2.7,53.7,0.0,0.0,0.0
2026-04-13 04:01:35,28.6,60.9,29.6,53.7,0.0,0.0,0.0
2026-04-13 04:01:40,28.7,60.9,18.0,53.7,0.0,0.0,0.0
2026-04-13 04:01:45,28.7,61.0,14.4,53.7,0.0,0.0,0.0
2026-04-13 04:01:50,28.8,61.0,25.8,53.7,0.0,0.0,0.0
2026-04-13 04:01:55,28.7,61.0,35.7,53.7,0.0,0.0,0.0
2026-04-13 04:02:00,28.7,60.9,12.8,53.7,0.0,0.0,0.0
2026-04-13 04:02:05,28.8,61.0,13.4,53.7,0.0,0.0,0.0
2026-04-13 04:02:10,28.8,61.0,8.1,53.7,0.0,0.0,0.0
2026-04-13 04:02:15,28.7,61.0,5.8,53.7,0.0,0.0,0.0
2026-04-13 04:02:20,28.6,61.0,16.9,53.8,0.0,0.0,0.0
2026-04-13 04:02:25,28.6,61.0,25.9,53.8,0.0,0.0,0.0
2026-04-13 04:02:30,28.6,61.2,16.6,53.7,0.0,0.0,0.0
2026-04-13 04:02:35,28.6,61.4,0.0,53.7,0.0,0.0,0.0
2026-04-13 04:02:40,28.6,61.4,9.7,53.7,0.0,0.0,0.0
2026-04-13 04:02:45,28.7,61.3,17.7,53.7,0.0,0.0,0.0
2026-04-13 04:02:50,28.7,61.2,0.1,53.7,0.0,0.0,0.0
2026-04-13 04:02:55,28.7,61.0,14.1,53.7,0.0,0.0,0.0
2026-04-13 04:03:00,28.7,61.0,1.1,53.7,0.0,0.0,0.0
2026-04-13 04:03:05,28.6,61.1,0.0,53.8,0.0,0.0,0.0
2026-04-13 04:03:10,28.7,61.1,11.6,53.8,0.0,0.0,0.0
2026-04-13 04:03:15,28.7,61.1,31.7,53.7,0.0,0.0,0.0
2026-04-13 04:03:20,28.7,61.0,23.4,53.7,0.0,0.0,0.0
2026-04-13 04:03:25,28.7,61.1,6.7,53.8,0.0,0.0,0.0
2026-04-13 04:03:30,28.8,61.0,6.4,53.8,0.0,0.0,0.0
2026-04-13 04:03:35,28.8,61.1,29.5,53.8,0.0,0.0,0.0
2026-04-13 04:03:40,28.7,61.1,5.7,53.8,0.0,0.0,0.0
2026-04-13 04:03:45,28.6,61.1,23.9,53.8,0.0,0.0,0.0
2026-04-13 04:03:50,28.6,61.1,0.0,53.8,0.0,0.0,0.0
2026-04-13 04:03:55,28.7,61.2,9.8,53.8,0.0,0.0,0.0
2026-04-13 04:04:00,28.5,61.1,0.0,53.8,0.0,0.0,0.0
2026-04-13 04:04:05,28.6,61.1,6.6,53.8,0.0,0.0,0.0
2026-04-13 04:04:10,28.7,61.1,4.0,53.8,0.0,0.0,0.0
2026-04-13 04:04:15,28.6,61.1,7.3,53.8,0.0,0.0,0.0
2026-04-13 04:04:20,28.6,61.0,3.5,53.8,0.0,0.0,0.0
2026-04-13 04:04:25,28.7,60.9,26.6,53.8,0.0,0.0,0.0
2026-04-13 04:04:30,28.6,60.9,2.7,53.8,0.0,0.0,0.0
2026-04-13 04:04:35,28.5,61.0,2.8,53.8,0.0,0.0,0.0
2026-04-13 04:04:40,28.6,61.0,10.6,53.8,0.0,0.0,0.0
2026-04-13 04:04:45,28.6,61.0,22.3,53.8,0.0,0.0,0.0
2026-04-13 04:04:50,28.6,61.2,25.6,53.8,0.0,0.0,0.0
2026-04-13 04:04:55,28.6,61.2,0.0,53.8,0.0,0.0,0.0
2026-04-13 04:05:00,28.7,61.2,4.4,53.8,0.0,0.0,0.0
2026-04-13 04:05:05,28.6,61.3,9.0,53.8,0.0,0.0,0.0
2026-04-13 04:05:10,28.7,61.4,17.5,53.8,0.0,0.0,0.0
2026-04-13 04:05:15,28.7,61.3,14.3,53.8,0.0,0.0,0.0
2026-04-13 04:05:20,28.7,61.1,20.3,53.8,0.0,0.0,0.0
2026-04-13 04:05:25,28.6,61.1,22.5,53.8,0.0,0.0,0.0
2026-04-13 04:05:30,28.7,61.0,3.8,53.8,0.0,0.0,0.0
2026-04-13 04:05:35,28.6,61.1,7.3,53.8,0.0,0.0,0.0
2026-04-13 04:05:40,28.6,61.0,9.2,53.8,0.0,0.0,0.0
2026-04-13 04:05:45,28.6,60.8,14.5,53.8,0.0,0.0,0.0
2026-04-13 04:05:50,28.6,61.0,24.3,53.8,0.0,0.0,0.0
2026-04-13 04:05:55,28.6,60.9,15.7,53.8,0.0,0.0,0.0
2026-04-13 04:06:00,28.6,60.7,0.0,53.8,0.0,0.0,0.0
2026-04-13 04:06:05,28.5,60.6,22.7,53.8,0.0,0.0,0.0
2026-04-13 04:06:10,28.8,60.7,33.1,53.8,0.0,0.0,0.0
2026-04-13 04:06:15,28.7,60.7,8.3,53.8,0.0,0.0,0.0
2026-04-13 04:06:20,28.7,60.7,18.6,53.8,0.0,0.0,0.0
2026-04-13 04:06:25,28.7,60.5,0.0,53.7,0.0,0.0,0.0
2026-04-13 04:06:30,28.7,60.6,23.3,53.7,0.0,0.0,0.0
2026-04-13 04:06:35,28.7,60.6,20.0,53.8,0.0,0.0,0.0
2026-04-13 04:06:40,28.5,60.6,0.0,53.8,0.0,0.0,0.0
2026-04-13 04:06:45,28.6,60.6,15.9,53.8,0.0,0.0,0.0
2026-04-13 04:06:50,28.7,60.6,3.5,53.8,0.0,0.0,0.0
2026-04-13 04:06:55,28.7,60.6,17.9,53.8,0.0,0.0,0.0
2026-04-13 04:07:00,28.7,60.7,7.9,53.7,0.0,0.0,0.0
2026-04-13 04:07:05,28.7,60.6,29.4,53.7,0.0,0.0,0.0
2026-04-13 04:07:10,28.6,60.6,2.9,53.7,0.0,0.0,0.0
2026-04-13 04:07:15,28.7,60.7,13.0,53.8,0.0,0.0,0.0
2026-04-13 04:07:20,28.5,60.5,1.8,53.8,0.0,0.0,0.0
2026-04-13 04:07:25,28.6,60.5,21.6,53.8,0.0,0.0,0.0
2026-04-13 04:07:30,28.7,60.6,7.8,53.8,0.0,0.0,0.0
2026-04-13 04:07:35,28.7,60.6,24.0,53.7,0.0,0.0,0.0
2026-04-13 04:07:40,28.8,60.7,17.1,53.7,0.0,0.0,0.0
2026-04-13 04:07:45,28.5,60.6,24.8,53.7,0.0,0.0,0.0
2026-04-13 04:07:50,28.6,60.6,27.1,53.7,0.0,0.0,0.0
2026-04-13 04:07:55,28.7,60.5,5.4,53.7,0.0,0.0,0.0
2026-04-13 04:08:00,28.6,60.6,0.0,53.7,0.0,0.0,0.0
2026-04-13 04:08:05,28.6,60.6,3.7,53.7,0.0,0.0,0.0
2026-04-13 04:08:10,28.6,60.6,11.1,53.7,0.0,0.0,0.0
2026-04-13 04:08:15,28.7,60.6,15.5,53.7,0.0,0.0,0.0
2026-04-13 04:08:20,28.7,60.6,37.1,53.7,0.0,0.0,0.0
2026-04-13 04:08:25,28.7,60.5,9.1,53.8,0.0,0.0,0.0
2026-04-13 04:08:30,28.7,60.4,19.4,53.8,0.0,0.0,0.0
2026-04-13 04:08:35,28.5,60.5,3.5,53.8,0.0,0.0,0.0
2026-04-13 04:08:40,28.6,60.5,13.7,53.8,0.0,0.0,0.0
2026-04-13 04:08:45,28.5,60.6,21.3,53.8,0.0,0.0,0.0
2026-04-13 04:08:50,28.7,60.6,9.4,53.8,0.0,0.0,0.0
2026-04-13 04:08:55,28.6,60.8,4.6,53.8,0.0,0.0,0.0
2026-04-13 04:09:00,28.5,60.8,8.2,53.8,0.0,0.0,0.0
2026-04-13 04:09:05,28.6,60.7,13.8,53.8,0.0,0.0,0.0
2026-04-13 04:09:10,28.7,60.7,29.6,53.8,0.0,0.0,0.0
2026-04-13 04:09:15,28.6,60.8,24.3,53.8,0.0,0.0,0.0
2026-04-13 04:09:20,28.5,60.7,20.0,53.8,0.0,0.0,0.0
2026-04-13 04:09:25,28.6,60.8,27.2,53.8,0.0,0.0,0.0
2026-04-13 04:09:30,28.6,60.6,14.0,53.8,0.0,0.0,0.0
2026-04-13 04:09:35,28.6,60.6,21.3,53.8,0.0,0.0,0.0
2026-04-13 04:09:40,28.5,60.5,7.8,53.8,0.0,0.0,0.0
2026-04-13 04:09:45,28.7,60.6,7.2,53.8,0.0,0.0,0.0
2026-04-13 04:09:50,28.6,60.6,28.8,53.8,0.0,0.0,0.0
2026-04-13 04:09:55,28.6,60.5,13.6,53.8,0.0,0.0,0.0
2026-04-13 04:10:00,28.6,60.6,19.4,53.7,0.0,0.0,0.0
2026-04-13 04:10:05,28.7,60.6,16.2,53.7,0.0,0.0,0.0
2026-04-13 04:10:10,28.7,60.7,32.0,53.7,0.0,0.0,0.0
2026-04-13 04:10:15,28.8,60.6,18.9,53.7,0.0,0.0,0.0
2026-04-13 04:10:20,28.4,60.6,31.5,53.8,0.0,0.0,0.0
2026-04-13 04:10:25,28.5,60.7,12.3,53.8,0.0,0.0,0.0
2026-04-13 04:10:30,28.7,60.8,27.0,53.8,0.0,0.0,0.0
2026-04-13 04:10:35,28.7,60.9,23.3,53.8,0.0,0.0,0.0
2026-04-13 04:10:40,28.6,60.9,0.0,53.8,0.0,0.0,0.0
2026-04-13 04:10:45,28.6,61.0,7.9,53.8,0.0,0.0,0.0
2026-04-13 04:10:50,28.6,60.9,31.2,53.7,0.0,0.0,0.0
2026-04-13 04:10:55,28.5,61.0,16.3,53.7,0.0,0.0,0.0
2026-04-13 04:11:00,28.7,61.0,17.9,53.7,0.0,0.0,0.0
2026-04-13 04:11:05,28.4,60.9,24.9,53.8,0.0,0.0,0.0
2026-04-13 04:11:10,28.5,60.9,14.7,53.8,0.0,0.0,0.0
2026-04-13 04:11:15,28.5,60.9,20.4,53.7,0.0,0.0,0.0
2026-04-13 04:11:20,28.6,61.0,0.0,53.7,0.0,0.0,0.0
2026-04-13 04:11:25,28.6,61.0,0.0,53.7,0.0,0.0,0.0
2026-04-13 04:11:30,28.6,60.9,0.0,53.7,0.0,0.0,0.0
2026-04-13 04:11:35,28.7,60.9,29.4,53.7,0.0,0.0,0.0
2026-04-13 04:11:40,28.5,60.8,8.3,53.7,0.0,0.0,0.0
2026-04-13 04:11:45,28.6,60.8,12.9,53.7,0.0,0.0,0.0
2026-04-13 04:11:50,28.4,60.8,7.3,53.7,0.0,0.0,0.0
2026-04-13 04:11:55,28.5,60.8,24.1,53.7,0.0,0.0,0.0
2026-04-13 04:12:00,28.5,60.9,21.9,53.7,0.0,0.0,0.0
2026-04-13 04:12:05,28.5,60.8,35.5,53.7,0.0,0.0,0.0
2026-04-13 04:12:10,28.6,60.7,10.4,53.7,0.0,0.0,0.0
2026-04-13 04:12:15,28.5,60.7,29.1,53.7,0.0,0.0,0.0
2026-04-13 04:12:20,28.6,60.8,21.6,53.7,0.0,0.0,0.0
2026-04-13 04:12:25,28.6,60.8,3.7,53.7,0.0,0.0,0.0
2026-04-13 04:12:30,28.5,60.9,17.6,53.7,0.0,0.0,0.0
2026-04-13 04:12:35,28.7,61.0,35.1,53.7,0.0,0.0,0.0
2026-04-13 04:12:40,28.5,61.0,17.0,53.7,0.0,0.0,0.0
2026-04-13 04:12:45,28.6,61.0,25.7,53.7,0.0,0.0,0.0
2026-04-13 04:12:50,28.5,60.9,2.7,53.7,0.0,0.0,0.0
2026-04-13 04:12:55,28.5,61.0,11.8,53.7,0.0,0.0,0.0
2026-04-13 04:13:00,28.5,60.9,19.2,53.7,0.0,0.0,0.0
2026-04-13 04:13:05,28.6,61.1,26.3,53.7,0.0,0.0,0.0
2026-04-13 04:13:10,28.5,60.9,27.2,53.7,0.0,0.0,0.0
2026-04-13 04:13:15,28.7,60.9,21.4,53.8,0.0,0.0,0.0
2026-04-13 04:13:20,28.7,60.8,13.6,53.8,0.0,0.0,0.0
2026-04-13 04:13:25,28.5,60.8,13.4,53.8,0.0,0.0,0.0
2026-04-13 04:13:30,28.7,60.9,7.7,53.7,0.0,0.0,0.0
2026-04-13 04:13:35,28.6,60.8,13.2,53.7,0.0,0.0,0.0
2026-04-13 04:13:40,28.5,60.8,17.3,53.7,0.0,0.0,0.0
2026-04-13 04:13:45,28.5,60.7,1.6,53.7,0.0,0.0,0.0
2026-04-13 04:13:50,28.5,60.6,17.9,53.7,0.0,0.0,0.0
2026-04-13 04:13:55,28.5,60.6,10.1,53.7,0.0,0.0,0.0
2026-04-13 04:14:00,28.6,60.6,22.1,53.8,0.0,0.0,0.0
2026-04-13 04:14:05,28.5,60.5,33.9,53.8,0.0,0.0,0.0
2026-04-13 04:14:10,28.5,60.4,5.8,53.8,0.0,0.0,0.0
2026-04-13 04:14:15,28.6,60.3,36.0,53.7,0.0,0.0,0.0
2026-04-13 04:14:20,28.6,60.4,5.2,53.7,0.0,0.0,0.0
2026-04-13 04:14:25,28.6,60.4,14.0,53.7,0.0,0.0,0.0
2026-04-13 04:14:30,28.6,60.5,28.7,53.8,0.0,0.0,0.0
2026-04-13 04:14:35,28.7,60.5,36.2,53.8,0.0,0.0,0.0
2026-04-13 04:14:40,28.6,60.5,20.5,53.7,0.0,0.0,0.0
2026-04-13 04:14:45,28.6,60.5,15.6,53.7,0.0,0.0,0.0
2026-04-13 04:14:50,28.6,60.5,22.7,53.7,0.0,0.0,0.0
2026-04-13 04:14:55,28.5,60.7,13.8,53.8,0.0,0.0,0.0
2026-04-13 04:15:00,28.6,60.7,26.7,53.8,0.0,0.0,0.0
2026-04-13 04:15:05,28.6,60.8,27.7,53.8,0.0,0.0,0.0
2026-04-13 04:15:10,28.6,60.8,0.0,53.8,0.0,0.0,0.0
2026-04-13 04:15:15,28.8,60.8,22.6,53.8,0.0,0.0,0.0
2026-04-13 04:15:20,28.5,60.9,10.8,53.8,0.0,0.0,0.0
2026-04-13 04:15:25,28.6,60.8,0.0,53.7,0.0,0.0,0.0
2026-04-13 04:15:30,28.6,60.9,15.4,53.7,0.0,0.0,0.0
2026-04-13 04:15:35,28.7,60.8,24.9,53.7,0.0,0.0,0.0
2026-04-13 04:15:40,28.7,60.8,29.0,53.7,0.0,0.0,0.0
2026-04-13 04:15:45,28.5,60.7,11.6,53.7,0.0,0.0,0.0
2026-04-13 04:15:50,28.7,60.6,23.5,53.7,0.0,0.0,0.0
2026-04-13 04:15:55,28.5,60.7,14.3,53.7,0.0,0.0,0.0
2026-04-13 04:16:00,28.6,60.7,20.6,53.7,0.0,0.0,0.0
2026-04-13 04:16:05,28.6,60.6,6.9,53.7,0.0,0.0,0.0
2026-04-13 04:16:10,28.6,60.7,6.3,53.7,0.0,0.0,0.0
2026-04-13 04:16:15,28.6,60.8,6.6,53.7,0.0,0.0,0.0
2026-04-13 04:16:20,28.5,60.7,10.9,53.7,0.0,0.0,0.0
2026-04-13 04:16:25,28.6,60.8,10.6,53.7,0.0,0.0,0.0
2026-04-13 04:16:30,28.4,60.8,16.7,53.7,0.0,0.0,0.0
2026-04-13 04:16:35,28.5,60.8,13.6,53.7,0.0,0.0,0.0
2026-04-13 04:16:40,28.5,60.8,5.9,53.7,0.0,0.0,0.0
2026-04-13 04:16:45,28.4,60.9,14.7,53.7,0.0,0.0,0.0
2026-04-13 04:16:50,28.6,60.7,23.0,53.7,0.0,0.0,0.0
2026-04-13 04:16:55,28.5,60.7,22.4,53.7,0.0,0.0,0.0
2026-04-13 04:17:00,28.6,60.7,8.2,53.7,0.0,0.0,0.0
2026-04-13 04:17:05,28.6,60.7,19.0,53.7,0.0,0.0,0.0
2026-04-13 04:17:10,28.6,60.8,7.2,53.7,0.0,0.0,0.0
2026-04-13 04:17:15,28.7,60.8,17.3,53.7,0.0,0.0,0.0
2026-04-13 04:17:20,28.6,60.7,1.1,53.7,0.0,0.0,0.0
2026-04-13 04:17:25,28.6,60.8,17.0,53.7,0.0,0.0,0.0
2026-04-13 04:17:30,28.6,60.7,22.3,53.7,0.0,0.0,0.0
2026-04-13 04:17:35,28.7,60.7,9.1,53.7,0.0,0.0,0.0
2026-04-13 04:17:40,28.4,60.8,23.0,53.7,0.0,0.0,0.0
2026-04-13 04:17:45,28.8,61.0,10.9,53.7,0.0,0.0,0.0
2026-04-13 04:17:50,28.5,61.1,10.4,53.7,0.0,0.0,0.0
2026-04-13 04:17:55,28.5,61.0,22.2,53.7,0.0,0.0,0.0
2026-04-13 04:18:00,28.6,61.0,14.0,53.7,0.0,0.0,0.0
2026-04-13 04:18:05,28.6,60.9,21.5,53.7,0.0,0.0,0.0
2026-04-13 04:18:10,28.6,60.8,15.0,53.7,0.0,0.0,0.0
2026-04-13 04:18:15,28.6,61.0,11.1,53.7,0.0,0.0,0.0
2026-04-13 04:18:20,28.7,60.9,6.5,53.7,0.0,0.0,0.0
2026-04-13 04:18:25,28.6,60.8,9.6,53.7,0.0,0.0,0.0
2026-04-13 04:18:30,28.6,60.8,12.6,53.7,0.0,0.0,0.0
2026-04-13 04:18:35,28.7,60.9,21.2,53.7,0.0,0.0,0.0
2026-04-13 04:18:40,28.6,60.9,37.2,53.8,0.0,0.0,0.0
2026-04-13 04:18:45,28.7,60.9,4.3,53.8,0.0,0.0,0.0
2026-04-13 04:18:50,28.7,61.0,21.9,53.8,0.0,0.0,0.0
2026-04-13 04:18:55,28.6,61.0,8.3,53.8,0.0,0.0,0.0
2026-04-13 04:19:00,28.8,60.9,21.2,53.8,0.0,0.0,0.0
2026-04-13 04:19:05,28.6,61.0,15.5,53.8,0.0,0.0,0.0
2026-04-13 04:19:10,28.7,60.9,14.2,53.8,0.0,0.0,0.0
2026-04-13 04:19:15,28.6,60.9,11.9,53.8,0.0,0.0,0.0
2026-04-13 04:19:20,28.5,60.8,18.6,53.8,0.0,0.0,0.0
2026-04-13 04:19:25,28.6,60.7,11.4,53.8,0.0,0.0,0.0
2026-04-13 04:19:30,28.6,60.6,23.3,53.8,0.0,0.0,0.0
2026-04-13 04:19:35,28.7,60.7,22.9,53.8,0.0,0.0,0.0
2026-04-13 04:19:40,28.8,60.7,4.7,53.8,0.0,0.0,0.0
2026-04-13 04:19:45,28.6,60.7,24.4,53.8,0.0,0.0,0.0
2026-04-13 04:19:50,28.7,60.7,1.2,53.8,0.0,0.0,0.0
2026-04-13 04:19:55,28.6,60.6,0.0,53.8,0.0,0.0,0.0
2026-04-13 04:20:00,28.7,60.7,0.0,53.8,0.0,0.0,0.0
2026-04-13 04:20:05,28.8,60.5,10.8,53.8,0.0,0.0,0.0
2026-04-13 04:20:10,28.7,60.5,18.0,53.8,0.0,0.0,0.0
2026-04-13 04:20:15,28.7,60.5,16.3,53.8,0.0,0.0,0.0
2026-04-13 04:20:20,28.6,60.4,11.1,53.7,0.0,0.0,0.0
2026-04-13 04:20:25,28.9,60.3,14.9,53.7,0.0,0.0,0.0
2026-04-13 04:20:30,28.6,60.2,15.7,53.7,0.0,0.0,0.0
2026-04-13 04:20:35,28.6,60.3,8.8,53.7,0.0,0.0,0.0
2026-04-13 04:20:40,28.7,60.1,32.9,53.8,0.0,0.0,0.0
2026-04-13 04:20:45,28.7,60.2,37.6,53.8,0.0,0.0,0.0
2026-04-13 04:20:50,28.7,60.2,5.4,53.8,0.0,0.0,0.0
2026-04-13 04:20:55,28.6,60.1,8.0,53.8,0.0,0.0,0.0
2026-04-13 04:21:00,28.7,60.2,10.3,53.8,0.0,0.0,0.0
2026-04-13 04:21:05,28.6,60.1,39.9,53.8,0.0,0.0,0.0
2026-04-13 04:21:10,28.6,60.2,19.3,53.8,0.0,0.0,0.0
2026-04-13 04:21:15,28.8,60.0,4.4,53.8,0.0,0.0,0.0
2026-04-13 04:21:20,28.6,60.0,18.1,53.8,0.0,0.0,0.0
2026-04-13 04:21:25,28.7,60.1,35.2,53.8,0.0,0.0,0.0
2026-04-13 04:21:30,28.7,60.2,11.6,53.8,0.0,0.0,0.0
2026-04-13 04:21:35,28.6,60.1,9.6,53.8,0.0,0.0,0.0
2026-04-13 04:21:40,28.7,60.2,9.6,53.8,0.0,0.0,0.0
2026-04-13 04:21:45,28.8,60.2,3.5,53.8,0.0,0.0,0.0
2026-04-13 04:21:50,28.7,60.3,14.0,53.8,0.0,0.0,0.0
2026-04-13 04:21:55,28.6,60.2,5.3,53.8,0.0,0.0,0.0
2026-04-13 04:22:00,28.8,60.2,42.6,53.8,0.0,0.0,0.0
2026-04-13 04:22:05,28.6,60.2,24.6,53.8,0.0,0.0,0.0
2026-04-13 04:22:10,28.6,60.3,11.8,53.8,0.0,0.0,0.0
2026-04-13 04:22:15,28.7,60.3,11.9,53.8,0.0,0.0,0.0
2026-04-13 04:22:20,28.6,60.3,16.7,53.8,0.0,0.0,0.0
2026-04-13 04:22:25,28.7,60.0,15.0,53.8,0.0,0.0,0.0
2026-04-13 04:22:30,28.6,60.1,5.8,53.8,0.0,0.0,0.0
2026-04-13 04:22:35,28.6,60.1,19.2,53.8,0.0,0.0,0.0
2026-04-13 04:22:40,28.6,60.0,27.3,53.8,0.0,0.0,0.0
2026-04-13 04:22:45,28.5,59.9,0.0,53.8,0.0,0.0,0.0
2026-04-13 04:22:50,28.4,59.9,29.9,53.8,0.0,0.0,0.0
2026-04-13 04:22:55,28.7,60.0,8.3,53.8,0.0,0.0,0.0
2026-04-13 04:23:00,28.6,60.1,7.3,53.8,0.0,0.0,0.0
2026-04-13 04:23:05,28.7,60.0,5.8,53.8,0.0,0.0,0.0
2026-04-13 04:23:10,28.6,60.0,5.6,53.8,0.0,0.0,0.0
2026-04-13 04:23:15,28.7,60.0,30.6,53.8,0.0,0.0,0.0
2026-04-13 04:23:20,28.7,60.0,25.9,53.8,0.0,0.0,0.0
2026-04-13 04:23:25,28.6,60.1,9.5,53.8,0.0,0.0,0.0
2026-04-13 04:23:30,28.5,60.1,15.7,53.8,0.0,0.0,0.0
2026-04-13 04:23:35,28.8,60.2,9.9,53.8,0.0,0.0,0.0
2026-04-13 04:23:40,28.7,60.3,13.3,53.8,0.0,0.0,0.0
2026-04-13 04:23:45,28.5,60.3,16.1,53.8,0.0,0.0,0.0
2026-04-13 04:23:50,28.7,60.4,15.7,53.8,0.0,0.0,0.0
2026-04-13 04:23:55,28.6,60.5,22.7,53.7,0.0,0.0,0.0
2026-04-13 04:24:00,28.6,60.5,5.9,53.7,0.0,0.0,0.0
2026-04-13 04:24:05,28.6,60.5,12.2,53.8,0.0,0.0,0.0
2026-04-13 04:24:10,28.6,60.4,10.3,53.8,0.0,0.0,0.0
2026-04-13 04:24:15,28.6,60.5,29.1,53.8,0.0,0.0,0.0
2026-04-13 04:24:20,28.7,60.6,12.9,53.8,0.0,0.0,0.0
2026-04-13 04:24:25,28.6,60.6,0.0,53.8,0.0,0.0,0.0
2026-04-13 04:24:30,28.6,60.7,18.0,53.8,0.0,0.0,0.0
2026-04-13 04:24:35,28.6,60.5,1.7,53.8,0.0,0.0,0.0
2026-04-13 04:24:40,28.4,60.5,1.4,53.8,0.0,0.0,0.0
2026-04-13 04:24:45,28.6,60.5,15.9,53.8,0.0,0.0,0.0
2026-04-13 04:24:50,28.6,60.5,27.1,53.8,0.0,0.0,0.0
2026-04-13 04:24:55,28.6,60.5,17.2,53.8,0.0,0.0,0.0
2026-04-13 04:25:00,28.5,60.6,12.8,53.8,0.0,0.0,0.0
2026-04-13 04:25:05,28.6,60.7,3.0,53.8,0.0,0.0,0.0
2026-04-13 04:25:10,28.7,60.7,20.9,53.8,0.0,0.0,0.0
2026-04-13 04:25:15,28.6,60.7,10.8,53.8,0.0,0.0,0.0
2026-04-13 04:25:20,28.6,60.7,11.0,53.8,0.0,0.0,0.0
2026-04-13 04:25:25,28.7,60.5,23.3,53.8,0.0,0.0,0.0
2026-04-13 04:25:30,28.6,60.5,0.0,53.8,0.0,0.0,0.0
2026-04-13 04:25:35,28.6,60.7,21.8,53.8,0.0,0.0,0.0
2026-04-13 04:25:40,28.5,60.6,16.9,53.8,0.0,0.0,0.0
2026-04-13 04:25:45,28.5,60.6,46.9,53.8,0.0,0.0,0.0
2026-04-13 04:25:50,28.7,60.7,0.4,53.8,0.0,0.0,0.0
2026-04-13 04:25:55,28.5,60.6,14.3,53.8,0.0,0.0,0.0
2026-04-13 04:26:00,28.6,60.5,25.2,53.8,0.0,0.0,0.0
2026-04-13 04:26:05,28.7,60.7,13.8,53.8,0.0,0.0,0.0
2026-04-13 04:26:10,28.7,60.6,13.4,53.8,0.0,0.0,0.0
2026-04-13 04:26:15,28.8,60.7,18.1,53.8,0.0,0.0,0.0
2026-04-13 04:26:20,28.7,60.7,22.0,53.8,0.0,0.0,0.0
2026-04-13 04:26:25,28.7,60.6,5.4,53.8,0.0,0.0,0.0
2026-04-13 04:26:30,28.6,60.7,21.3,53.8,0.0,0.0,0.0
2026-04-13 04:26:35,28.7,60.7,0.0,53.8,0.0,0.0,0.0
2026-04-13 04:26:40,28.6,60.8,30.2,53.8,0.0,0.0,0.0
2026-04-13 04:26:45,28.7,60.8,19.2,53.8,0.0,0.0,0.0
2026-04-13 04:26:50,28.6,60.9,15.3,53.8,0.0,0.0,0.0
2026-04-13 04:26:55,28.5,60.9,3.4,53.8,0.0,0.0,0.0
2026-04-13 04:27:00,28.7,60.8,23.9,53.8,0.0,0.0,0.0
2026-04-13 04:27:05,28.5,60.7,21.7,53.8,0.0,0.0,0.0
2026-04-13 04:27:10,28.6,60.6,4.6,53.8,0.0,0.0,0.0
2026-04-13 04:27:15,28.7,60.6,9.4,53.8,0.0,0.0,0.0
2026-04-13 04:27:20,28.5,60.7,14.8,53.8,0.0,0.0,0.0
2026-04-13 04:27:25,28.8,60.7,10.6,53.8,0.0,0.0,0.0
2026-04-13 04:27:30,28.5,60.8,12.1,53.8,0.0,0.0,0.0
2026-04-13 04:27:35,28.6,60.8,0.0,53.8,0.0,0.0,0.0
2026-04-13 04:27:40,28.7,60.8,9.2,53.8,0.0,0.0,0.0
2026-04-13 04:27:45,28.7,60.8,0.0,53.8,0.0,0.0,0.0
2026-04-13 04:27:50,28.7,60.6,0.0,53.8,0.0,0.0,0.0
2026-04-13 04:27:55,28.5,60.7,3.3,53.8,0.0,0.0,0.0
2026-04-13 04:28:00,28.6,60.7,2.3,53.8,0.0,0.0,0.0
2026-04-13 04:28:05,28.6,60.7,6.6,53.8,0.0,0.0,0.0
2026-04-13 04:28:10,28.6,60.5,14.4,53.8,0.0,0.0,0.0
2026-04-13 04:28:15,28.6,60.6,0.0,53.8,0.0,0.0,0.0
2026-04-13 04:28:20,28.7,60.5,0.0,53.8,0.0,0.0,0.0
2026-04-13 04:28:25,28.6,60.6,16.2,53.8,0.0,0.0,0.0
2026-04-13 04:28:30,28.7,60.4,17.9,53.8,0.0,0.0,0.0
2026-04-13 04:28:35,28.5,60.5,13.1,53.9,0.0,0.0,0.0
2026-04-13 04:28:40,28.6,60.4,9.6,53.9,0.0,0.0,0.0
2026-04-13 04:28:45,28.7,60.5,8.2,53.8,0.0,0.0,0.0
2026-04-13 04:28:50,28.7,60.6,0.0,53.8,0.0,0.0,0.0
2026-04-13 04:28:55,28.7,60.6,7.1,53.8,0.0,0.0,0.0
2026-04-13 04:29:00,28.7,60.6,18.3,53.8,0.0,0.0,0.0
2026-04-13 04:29:05,28.5,60.4,16.6,53.8,0.0,0.0,0.0
2026-04-13 04:29:10,28.7,60.5,25.6,53.8,0.0,0.0,0.0
2026-04-13 04:29:15,28.7,60.5,0.2,53.8,0.0,0.0,0.0
2026-04-13 04:29:20,28.6,60.5,17.9,53.8,0.0,0.0,0.0
2026-04-13 04:29:25,28.8,60.6,4.4,53.8,0.0,0.0,0.0
2026-04-13 04:29:30,28.8,60.7,5.8,53.8,0.0,0.0,0.0
2026-04-13 04:29:35,28.7,60.7,27.0,53.8,0.0,0.0,0.0
2026-04-13 04:29:40,28.6,60.6,12.7,53.8,0.0,0.0,0.0
2026-04-13 04:29:45,28.6,60.6,9.8,53.8,0.0,0.0,0.0
2026-04-13 04:29:50,28.7,60.6,3.7,53.8,0.0,0.0,0.0
2026-04-13 04:29:55,28.8,60.7,27.5,53.8,0.0,0.0,0.0
2026-04-13 04:30:00,28.6,60.8,12.2,53.8,0.0,0.0,0.0
2026-04-13 04:30:05,28.6,60.8,27.1,53.8,0.0,0.0,0.0
2026-04-13 04:30:10,28.7,60.8,22.1,53.8,0.0,0.0,0.0
2026-04-13 04:30:15,28.8,60.8,7.3,53.8,0.0,0.0,0.0
2026-04-13 04:30:20,28.7,60.8,24.3,53.8,0.0,0.0,0.0
2026-04-13 04:30:25,28.6,60.8,32.1,53.8,0.0,0.0,0.0
2026-04-13 04:30:30,28.7,60.7,5.4,53.8,0.0,0.0,0.0
2026-04-13 04:30:35,28.7,60.9,12.6,53.8,0.0,0.0,0.0
2026-04-13 04:30:40,28.6,60.8,9.6,53.8,0.0,0.0,0.0
2026-04-13 04:30:45,28.8,60.7,13.5,53.8,0.0,0.0,0.0
2026-04-13 04:30:50,28.7,60.6,0.0,53.8,0.0,0.0,0.0
2026-04-13 04:30:55,28.6,60.7,15.1,53.8,0.0,0.0,0.0
2026-04-13 04:31:00,28.7,60.7,2.3,53.8,0.0,0.0,0.0
2026-04-13 04:31:05,28.6,60.6,8.0,53.7,0.0,0.0,0.0
2026-04-13 04:31:10,28.8,60.5,17.5,53.7,0.0,0.0,0.0
2026-04-13 04:31:15,28.8,60.5,35.0,53.8,0.0,0.0,0.0
2026-04-13 04:31:20,28.8,60.3,15.0,53.8,0.0,0.0,0.0
2026-04-13 04:31:25,28.8,60.2,23.2,53.8,0.0,0.0,0.0
2026-04-13 04:31:30,28.7,60.4,23.5,53.8,0.0,0.0,0.0
2026-04-13 04:31:35,28.7,60.3,23.9,53.8,0.0,0.0,0.0
2026-04-13 04:31:40,28.8,60.4,0.0,53.8,0.0,0.0,0.0
2026-04-13 04:31:45,28.8,60.5,24.6,53.8,0.0,0.0,0.0
2026-04-13 04:31:50,28.8,60.6,12.2,53.8,0.0,0.0,0.0
2026-04-13 04:31:55,28.7,60.7,26.1,53.8,0.0,0.0,0.0
2026-04-13 04:32:00,28.9,60.7,5.6,53.8,0.0,0.0,0.0
2026-04-13 04:32:05,28.8,60.7,8.6,53.8,0.0,0.0,0.0
2026-04-13 04:32:10,28.7,60.7,24.7,53.8,0.0,0.0,0.0
2026-04-13 04:32:15,28.8,60.9,17.9,53.8,0.0,0.0,0.0
2026-04-13 04:32:20,28.8,60.8,3.0,53.8,0.0,0.0,0.0
2026-04-13 04:32:25,28.8,60.8,30.7,53.8,0.0,0.0,0.0
2026-04-13 04:32:30,28.7,60.8,23.6,53.8,0.0,0.0,0.0
2026-04-13 04:32:35,28.7,60.7,38.7,53.8,0.0,0.0,0.0
2026-04-13 04:32:40,28.6,60.6,20.5,53.8,0.0,0.0,0.0
2026-04-13 04:32:45,28.6,60.6,11.5,53.8,0.0,0.0,0.0
2026-04-13 04:32:50,28.7,60.5,24.2,53.8,0.0,0.0,0.0
2026-04-13 04:32:55,28.9,60.7,19.9,53.8,0.0,0.0,0.0
2026-04-13 04:33:00,28.7,60.6,15.9,53.8,0.0,0.0,0.0
2026-04-13 04:33:05,28.8,60.8,11.4,53.8,0.0,0.0,0.0
2026-04-13 04:33:10,28.7,60.8,8.0,53.8,0.0,0.0,0.0
2026-04-13 04:33:15,28.7,60.7,0.0,53.8,0.0,0.0,0.0
2026-04-13 04:33:20,28.7,60.9,29.9,53.8,0.0,0.0,0.0
2026-04-13 04:33:25,28.8,60.7,7.6,53.8,0.0,0.0,0.0
2026-04-13 04:33:30,28.7,60.8,24.4,53.8,0.0,0.0,0.0
2026-04-13 04:33:35,28.8,60.8,27.5,53.8,0.0,0.0,0.0
2026-04-13 04:33:40,28.8,60.9,0.0,53.8,0.0,0.0,0.0
2026-04-13 04:33:45,28.7,60.9,10.9,53.8,0.0,0.0,0.0
2026-04-13 04:33:50,28.8,60.9,20.7,53.8,0.0,0.0,0.0
2026-04-13 04:33:55,28.8,61.1,16.0,53.8,0.0,0.0,0.0
2026-04-13 04:34:00,28.7,61.1,18.6,53.8,0.0,0.0,0.0
2026-04-13 04:34:05,28.9,61.0,14.5,53.8,0.0,0.0,0.0
2026-04-13 04:34:10,28.8,61.0,10.1,53.8,0.0,0.0,0.0
2026-04-13 04:34:15,28.7,61.1,18.2,53.8,0.0,0.0,0.0
2026-04-13 04:34:20,28.8,61.1,8.2,53.8,0.0,0.0,0.0
2026-04-13 04:34:25,28.7,61.1,15.4,53.8,0.0,0.0,0.0
2026-04-13 04:34:30,28.8,61.1,19.0,53.8,0.0,0.0,0.0
2026-04-13 04:34:35,28.8,61.1,20.8,53.8,0.0,0.0,0.0
2026-04-13 04:34:40,28.8,61.0,38.3,53.8,0.0,0.0,0.0
2026-04-13 04:34:45,28.7,60.8,28.2,53.8,0.0,0.0,0.0
2026-04-13 04:34:50,28.9,60.8,26.5,53.8,0.0,0.0,0.0
2026-04-13 04:34:55,28.9,60.7,33.5,53.8,0.0,0.0,0.0
2026-04-13 04:35:00,28.9,60.6,23.8,53.8,0.0,0.0,0.0
2026-04-13 04:35:05,28.8,60.5,7.6,53.8,0.0,0.0,0.0
2026-04-13 04:35:10,28.8,60.6,3.2,53.8,0.0,0.0,0.0
2026-04-13 04:35:15,28.7,60.6,6.0,53.8,0.0,0.0,0.0
2026-04-13 04:35:20,28.7,60.7,13.1,53.8,0.0,0.0,0.0
2026-04-13 04:35:25,28.8,60.6,30.1,53.8,0.0,0.0,0.0
2026-04-13 04:35:30,28.8,60.7,8.2,53.8,0.0,0.0,0.0
2026-04-13 04:35:35,28.6,60.6,14.1,53.8,0.0,0.0,0.0
2026-04-13 04:35:40,28.8,60.7,13.0,53.8,0.0,0.0,0.0
2026-04-13 04:35:45,28.9,60.7,26.5,53.8,0.0,0.0,0.0
2026-04-13 04:35:50,29.0,60.7,8.6,53.8,0.0,0.0,0.0
2026-04-13 04:35:55,28.8,60.6,4.8,53.8,0.0,0.0,0.0
2026-04-13 04:36:00,28.8,60.5,5.1,53.8,0.0,0.0,0.0
2026-04-13 04:36:05,28.8,60.6,0.2,53.8,0.0,0.0,0.0
2026-04-13 04:36:10,28.9,60.5,21.3,53.8,0.0,0.0,0.0
2026-04-13 04:36:15,28.8,60.5,15.5,53.8,0.0,0.0,0.0
2026-04-13 04:36:20,28.8,60.6,22.4,53.8,0.0,0.0,0.0
2026-04-13 04:36:25,28.7,60.7,27.2,53.8,0.0,0.0,0.0
2026-04-13 04:36:30,29.0,60.7,3.3,53.8,0.0,0.0,0.0
2026-04-13 04:36:35,28.6,60.5,25.6,53.8,0.0,0.0,0.0
2026-04-13 04:36:40,28.8,60.4,23.9,53.8,0.0,0.0,0.0
2026-04-13 04:36:45,28.7,60.4,12.0,53.8,0.0,0.0,0.0
2026-04-13 04:36:50,28.7,60.4,26.6,53.8,0.0,0.0,0.0
2026-04-13 04:36:55,29.0,60.5,21.2,53.8,0.0,0.0,0.0
2026-04-13 04:37:00,28.7,60.5,14.8,53.8,0.0,0.0,0.0
2026-04-13 04:37:05,28.8,60.6,15.4,53.8,0.0,0.0,0.0
2026-04-13 04:37:10,28.9,60.4,7.6,53.8,0.0,0.0,0.0
2026-04-13 04:37:15,28.7,60.4,17.1,53.8,0.0,0.0,0.0
2026-04-13 04:37:20,28.7,60.5,26.5,53.8,0.0,0.0,0.0
2026-04-13 04:37:25,28.8,60.6,2.6,53.8,0.0,0.0,0.0
2026-04-13 04:37:30,28.8,60.6,15.6,53.8,0.0,0.0,0.0
2026-04-13 04:37:35,28.7,60.7,0.0,53.8,0.0,0.0,0.0
2026-04-13 04:37:40,28.9,60.8,14.6,53.8,0.0,0.0,0.0
2026-04-13 04:37:45,28.8,60.9,10.1,53.8,0.0,0.0,0.0
2026-04-13 04:37:50,28.9,60.9,22.2,53.8,0.0,0.0,0.0
2026-04-13 04:37:55,28.8,60.8,15.6,53.8,0.0,0.0,0.0
2026-04-13 04:38:00,28.9,60.7,19.9,53.8,0.0,0.0,0.0
2026-04-13 04:38:05,28.7,60.7,3.5,53.8,0.0,0.0,0.0
2026-04-13 04:38:10,28.8,60.8,13.6,53.8,0.0,0.0,0.0
2026-04-13 04:38:15,28.7,60.8,12.0,53.8,0.0,0.0,0.0
2026-04-13 04:38:20,28.8,60.7,12.1,53.8,0.0,0.0,0.0
2026-04-13 04:38:25,28.8,60.7,29.5,53.8,0.0,0.0,0.0
2026-04-13 04:38:30,28.8,60.6,14.4,53.8,0.0,0.0,0.0
2026-04-13 04:38:35,28.8,60.6,5.2,53.8,0.0,0.0,0.0
2026-04-13 04:38:40,28.7,60.6,15.2,53.8,0.0,0.0,0.0
2026-04-13 04:38:45,28.7,60.6,29.5,53.8,0.0,0.0,0.0
2026-04-13 04:38:50,28.7,60.4,31.0,53.8,0.0,0.0,0.0
2026-04-13 04:38:55,28.7,60.5,20.8,53.8,0.0,0.0,0.0
2026-04-13 04:39:00,28.9,60.6,9.1,53.8,0.0,0.0,0.0
2026-04-13 04:39:05,28.8,60.5,6.0,53.8,0.0,0.0,0.0
2026-04-13 04:39:10,28.8,60.5,16.5,53.8,0.0,0.0,0.0
2026-04-13 04:39:15,28.7,60.5,18.2,53.8,0.0,0.0,0.0
2026-04-13 04:39:20,28.5,60.5,17.3,53.8,0.0,0.0,0.0
2026-04-13 04:39:25,28.7,60.7,19.2,53.8,0.0,0.0,0.0
2026-04-13 04:39:30,28.9,60.8,10.0,53.8,0.0,0.0,0.0
2026-04-13 04:39:35,28.8,61.0,26.7,53.8,0.0,0.0,0.0
2026-04-13 04:39:40,28.9,61.0,0.0,53.8,0.0,0.0,0.0
2026-04-13 04:39:45,28.7,60.9,19.6,53.8,0.0,0.0,0.0
2026-04-13 04:39:50,28.8,60.9,7.8,53.8,0.0,0.0,0.0
2026-04-13 04:39:55,28.7,60.8,24.8,53.8,0.0,0.0,0.0
2026-04-13 04:40:00,28.7,60.8,19.7,53.8,0.0,0.0,0.0
2026-04-13 04:40:05,28.8,60.8,23.4,53.8,0.0,0.0,0.0
2026-04-13 04:40:10,28.7,60.8,10.3,53.8,0.0,0.0,0.0
2026-04-13 04:40:15,28.8,60.8,10.8,53.8,0.0,0.0,0.0
2026-04-13 04:40:20,28.8,60.7,19.2,53.8,0.0,0.0,0.0
2026-04-13 04:40:25,28.7,60.7,19.1,53.8,0.0,0.0,0.0
2026-04-13 04:40:30,28.7,60.6,11.1,53.8,0.0,0.0,0.0
2026-04-13 04:40:35,28.7,60.7,17.5,53.8,0.0,0.0,0.0
2026-04-13 04:40:40,28.8,60.7,7.6,53.8,0.0,0.0,0.0
2026-04-13 04:40:45,28.9,60.8,22.0,53.8,0.0,0.0,0.0
2026-04-13 04:40:50,28.7,60.9,20.8,53.8,0.0,0.0,0.0
2026-04-13 04:40:55,28.6,60.9,31.1,53.8,0.0,0.0,0.0
2026-04-13 04:41:00,28.9,61.0,0.0,53.8,0.0,0.0,0.0
2026-04-13 04:41:05,28.9,61.0,6.8,53.8,0.0,0.0,0.0
2026-04-13 04:41:10,28.7,61.1,10.2,53.8,0.0,0.0,0.0
2026-04-13 04:41:15,28.7,61.1,11.2,53.8,0.0,0.0,0.0
2026-04-13 04:41:20,28.9,61.0,11.5,53.8,0.0,0.0,0.0
2026-04-13 04:41:25,28.7,60.9,6.4,53.8,0.0,0.0,0.0
2026-04-13 04:41:30,28.8,61.0,9.7,53.8,0.0,0.0,0.0
2026-04-13 04:41:35,28.7,60.8,0.0,53.8,0.0,0.0,0.0
2026-04-13 04:41:40,28.7,60.9,14.3,53.8,0.0,0.0,0.0
2026-04-13 04:41:45,28.8,60.9,21.5,53.8,0.0,0.0,0.0
2026-04-13 04:41:50,28.8,60.9,26.5,53.8,0.0,0.0,0.0
2026-04-13 04:41:55,28.8,60.9,24.4,53.8,0.0,0.0,0.0
2026-04-13 04:42:00,28.8,61.0,17.8,53.8,0.0,0.0,0.0
2026-04-13 04:42:05,28.8,60.9,17.3,53.8,0.0,0.0,0.0
2026-04-13 04:42:10,28.8,60.8,20.8,53.8,0.0,0.0,0.0
2026-04-13 04:42:15,29.0,60.8,19.8,53.8,0.0,0.0,0.0
2026-04-13 04:42:20,28.7,60.8,14.1,53.8,0.0,0.0,0.0
2026-04-13 04:42:25,28.7,60.8,23.4,53.8,0.0,0.0,0.0
2026-04-13 04:42:30,29.0,60.8,12.7,53.8,0.0,0.0,0.0
2026-04-13 04:42:35,28.7,60.9,12.9,53.8,0.0,0.0,0.0
2026-04-13 04:42:40,28.7,60.9,21.1,53.8,0.0,0.0,0.0
2026-04-13 04:42:45,28.8,61.0,4.7,53.8,0.0,0.0,0.0
2026-04-13 04:42:50,28.7,60.9,20.3,53.8,0.0,0.0,0.0
2026-04-13 04:42:55,28.9,61.0,25.9,53.8,0.0,0.0,0.0
2026-04-13 04:43:00,28.9,61.0,5.0,53.8,0.0,0.0,0.0
2026-04-13 04:43:05,28.8,61.0,21.8,53.8,0.0,0.0,0.0
2026-04-13 04:43:10,28.7,61.1,0.0,53.8,0.0,0.0,0.0
2026-04-13 04:43:15,28.9,61.0,8.1,53.8,0.0,0.0,0.0
2026-04-13 04:43:20,28.8,61.0,25.0,53.8,0.0,0.0,0.0
2026-04-13 04:43:25,28.8,61.0,0.0,53.8,0.0,0.0,0.0
2026-04-13 04:43:30,28.7,61.1,11.6,53.8,0.0,0.0,0.0
2026-04-13 04:43:35,28.7,61.1,24.9,53.9,0.0,0.0,0.0
2026-04-13 04:43:40,28.8,61.3,21.8,53.9,0.0,0.0,0.0
2026-04-13 04:43:45,28.7,61.3,24.2,53.8,0.0,0.0,0.0
2026-04-13 04:43:50,28.7,61.3,16.8,53.8,0.0,0.0,0.0
2026-04-13 04:43:55,28.7,61.3,0.0,53.8,0.0,0.0,0.0
2026-04-13 04:44:00,29.0,61.4,9.7,53.8,0.0,0.0,0.0
2026-04-13 04:44:05,28.6,61.2,25.3,53.8,0.0,0.0,0.0
2026-04-13 04:44:10,28.8,61.2,6.8,53.8,0.0,0.0,0.0
2026-04-13 04:44:15,28.8,61.1,4.7,53.8,0.0,0.0,0.0
2026-04-13 04:44:20,28.7,60.9,27.3,53.8,0.0,0.0,0.0
2026-04-13 04:44:25,28.7,61.0,15.1,53.8,0.0,0.0,0.0
2026-04-13 04:44:30,28.8,61.0,5.8,53.8,0.0,0.0,0.0
2026-04-13 04:44:35,28.8,61.0,24.4,53.9,0.0,0.0,0.0
2026-04-13 04:44:40,28.7,61.0,20.1,53.9,0.0,0.0,0.0
2026-04-13 04:44:45,28.8,60.9,31.4,53.9,0.0,0.0,0.0
2026-04-13 04:44:50,28.7,61.0,24.1,53.9,0.0,0.0,0.0
2026-04-13 04:44:55,28.8,60.9,11.4,53.9,0.0,0.0,0.0
2026-04-13 04:45:00,28.6,61.0,10.6,53.9,0.0,0.0,0.0
2026-04-13 04:45:05,28.7,60.8,2.1,53.9,0.0,0.0,0.0
2026-04-13 04:45:10,28.8,60.7,5.4,53.9,0.0,0.0,0.0
2026-04-13 04:45:15,28.7,60.7,32.1,53.9,0.0,0.0,0.0
2026-04-13 04:45:20,28.9,60.7,27.2,53.9,0.0,0.0,0.0
2026-04-13 04:45:25,28.7,60.6,0.0,53.9,0.0,0.0,0.0
2026-04-13 04:45:30,28.9,60.7,22.7,53.9,0.0,0.0,0.0
2026-04-13 04:45:35,28.8,60.8,19.2,53.9,0.0,0.0,0.0
2026-04-13 04:45:40,28.8,60.7,21.7,53.9,0.0,0.0,0.0
2026-04-13 04:45:45,28.9,60.6,12.3,53.9,0.0,0.0,0.0
2026-04-13 04:45:50,28.6,60.6,0.0,53.9,0.0,0.0,0.0
2026-04-13 04:45:55,28.6,60.7,0.0,53.9,0.0,0.0,0.0
2026-04-13 04:46:00,28.7,60.6,25.0,53.9,0.0,0.0,0.0
2026-04-13 04:46:05,28.8,60.6,0.0,53.9,0.0,0.0,0.0
2026-04-13 04:46:10,28.7,60.7,23.7,53.9,0.0,0.0,0.0
2026-04-13 04:46:15,28.8,60.7,26.4,53.9,0.0,0.0,0.0
2026-04-13 04:46:20,28.9,60.8,13.3,53.9,0.0,0.0,0.0
2026-04-13 04:46:25,28.7,60.7,33.6,53.9,0.0,0.0,0.0
2026-04-13 04:46:30,28.7,60.6,24.5,53.9,0.0,0.0,0.0
2026-04-13 04:46:35,28.9,60.5,0.0,53.8,0.0,0.0,0.0
2026-04-13 04:46:40,28.7,60.5,23.9,53.8,0.0,0.0,0.0
2026-04-13 04:46:45,28.8,60.5,33.7,53.9,0.0,0.0,0.0
2026-04-13 04:46:50,28.8,60.6,11.8,53.9,0.0,0.0,0.0
2026-04-13 04:46:55,28.7,60.6,10.1,53.9,0.0,0.0,0.0
2026-04-13 04:47:00,28.6,60.7,20.9,53.9,0.0,0.0,0.0
2026-04-13 04:47:05,28.8,60.7,13.3,53.9,0.0,0.0,0.0
2026-04-13 04:47:10,28.7,60.8,17.0,53.9,0.0,0.0,0.0
2026-04-13 04:47:15,28.8,60.8,5.6,53.9,0.0,0.0,0.0
2026-04-13 04:47:20,28.7,60.9,6.4,53.8,0.0,0.0,0.0
2026-04-13 04:47:25,28.6,60.8,10.8,53.8,0.0,0.0,0.0
2026-04-13 04:47:30,28.7,60.9,3.0,53.8,0.0,0.0,0.0
2026-04-13 04:47:35,28.6,60.9,14.5,53.9,0.0,0.0,0.0
2026-04-13 04:47:40,28.7,60.8,0.0,53.9,0.0,0.0,0.0
2026-04-13 04:47:45,28.9,60.9,13.1,53.9,0.0,0.0,0.0
2026-04-13 04:47:50,28.7,60.7,19.6,53.9,0.0,0.0,0.0
2026-04-13 04:47:55,28.9,60.8,11.8,53.9,0.0,0.0,0.0
2026-04-13 04:48:00,28.9,60.7,2.8,53.9,0.0,0.0,0.0
2026-04-13 04:48:05,28.9,60.6,15.1,53.9,0.0,0.0,0.0
2026-04-13 04:48:10,28.7,60.7,1.6,53.8,0.0,0.0,0.0
2026-04-13 04:48:15,28.9,60.6,23.4,53.8,0.0,0.0,0.0
2026-04-13 04:48:20,28.8,60.6,25.7,53.9,0.0,0.0,0.0
2026-04-13 04:48:25,28.8,60.6,4.7,53.9,0.0,0.0,0.0
2026-04-13 04:48:30,28.7,60.6,28.3,53.9,0.0,0.0,0.0
2026-04-13 04:48:35,28.8,60.6,31.6,53.8,0.0,0.0,0.0
2026-04-13 04:48:40,28.7,60.6,36.2,53.8,0.0,0.0,0.0
2026-04-13 04:48:45,28.8,60.7,2.0,53.8,0.0,0.0,0.0
2026-04-13 04:48:50,28.6,60.8,22.1,53.8,0.0,0.0,0.0
2026-04-13 04:48:55,28.7,60.8,20.1,53.9,0.0,0.0,0.0
2026-04-13 04:49:00,28.8,60.9,14.9,53.9,0.0,0.0,0.0
2026-04-13 04:49:05,28.8,60.9,10.3,53.9,0.0,0.0,0.0
2026-04-13 04:49:10,28.7,61.0,20.0,53.8,0.0,0.0,0.0
2026-04-13 04:49:15,28.7,61.0,30.2,53.8,0.0,0.0,0.0
2026-04-13 04:49:20,28.7,60.9,4.3,53.8,0.0,0.0,0.0
2026-04-13 04:49:25,28.8,60.9,17.8,53.8,0.0,0.0,0.0
2026-04-13 04:49:30,28.6,60.8,14.4,53.9,0.0,0.0,0.0
2026-04-13 04:49:35,28.8,60.9,32.3,53.9,0.0,0.0,0.0
2026-04-13 04:49:40,28.7,61.1,16.3,53.9,0.0,0.0,0.0
2026-04-13 04:49:45,28.6,61.1,15.8,53.8,0.0,0.0,0.0
2026-04-13 04:49:50,28.8,61.0,3.3,53.8,0.0,0.0,0.0
2026-04-13 04:49:55,28.8,61.0,10.0,53.8,0.0,0.0,0.0
2026-04-13 04:50:00,28.7,61.0,19.9,53.8,0.0,0.0,0.0
2026-04-13 04:50:05,28.7,61.0,9.0,53.8,0.0,0.0,0.0
2026-04-13 04:50:10,28.7,60.9,9.3,53.8,0.0,0.0,0.0
2026-04-13 04:50:15,28.8,60.7,20.8,53.9,0.0,0.0,0.0
2026-04-13 04:50:20,28.8,60.7,11.0,53.9,0.0,0.0,0.0
2026-04-13 04:50:25,28.8,60.7,22.9,53.9,0.0,0.0,0.0
2026-04-13 04:50:30,28.9,60.5,25.7,53.9,0.0,0.0,0.0
2026-04-13 04:50:35,28.9,60.5,7.3,53.9,0.0,0.0,0.0
2026-04-13 04:50:40,28.8,60.6,11.3,53.9,0.0,0.0,0.0
2026-04-13 04:50:45,28.7,60.5,16.3,53.9,0.0,0.0,0.0
2026-04-13 04:50:50,28.8,60.5,17.5,53.9,0.0,0.0,0.0
2026-04-13 04:50:55,28.7,60.5,42.7,53.8,0.0,0.0,0.0
2026-04-13 04:51:00,28.8,60.5,19.8,53.8,0.0,0.0,0.0
2026-04-13 04:51:05,28.7,60.5,15.9,53.9,0.0,0.0,0.0
2026-04-13 04:51:10,28.8,60.5,13.6,53.9,0.0,0.0,0.0
2026-04-13 04:51:15,28.8,60.4,5.4,53.9,0.0,0.0,0.0
2026-04-13 04:51:20,28.8,60.5,23.7,53.9,0.0,0.0,0.0
2026-04-13 04:51:25,28.8,60.6,18.2,53.9,0.0,0.0,0.0
2026-04-13 04:51:30,28.8,60.6,22.3,53.9,0.0,0.0,0.0
2026-04-13 04:51:35,28.7,60.5,15.4,53.9,0.0,0.0,0.0
2026-04-13 04:51:40,28.6,60.5,27.9,53.9,0.0,0.0,0.0
2026-04-13 04:51:45,28.8,60.5,0.8,53.8,0.0,0.0,0.0
2026-04-13 04:51:50,28.8,60.4,0.0,53.8,0.0,0.0,0.0
2026-04-13 04:51:55,28.8,60.3,19.9,53.8,0.0,0.0,0.0
2026-04-13 04:52:00,28.6,60.4,26.3,53.8,0.0,0.0,0.0
2026-04-13 04:52:05,28.7,60.4,24.7,53.9,0.0,0.0,0.0
2026-04-13 04:52:10,28.6,60.5,22.6,53.9,0.0,0.0,0.0
2026-04-13 04:52:15,29.0,60.4,24.1,53.9,0.0,0.0,0.0
2026-04-13 04:52:20,28.7,60.6,0.0,53.8,0.0,0.0,0.0
2026-04-13 04:52:25,28.8,60.6,14.1,53.8,0.0,0.0,0.0
2026-04-13 04:52:30,28.8,60.7,17.0,53.9,0.0,0.0,0.0
2026-04-13 04:52:35,28.8,60.8,34.9,53.9,0.0,0.0,0.0
2026-04-13 04:52:40,28.7,60.8,18.8,53.9,0.0,0.0,0.0
2026-04-13 04:52:45,28.7,60.8,8.5,53.9,0.0,0.0,0.0
2026-04-13 04:52:50,28.7,60.9,15.2,53.9,0.0,0.0,0.0
2026-04-13 04:52:55,28.9,60.9,9.3,53.9,0.0,0.0,0.0
2026-04-13 04:53:00,28.7,60.9,11.6,53.9,0.0,0.0,0.0
2026-04-13 04:53:05,28.7,60.9,27.7,53.9,0.0,0.0,0.0
2026-04-13 04:53:10,28.8,61.0,13.4,53.9,0.0,0.0,0.0
2026-04-13 04:53:15,28.8,60.8,13.8,53.8,0.0,0.0,0.0
2026-04-13 04:53:20,28.8,60.9,10.5,53.8,0.0,0.0,0.0
2026-04-13 04:53:25,28.9,60.8,19.4,53.9,0.0,0.0,0.0
2026-04-13 04:53:30,28.7,60.7,8.9,53.9,0.0,0.0,0.0
2026-04-13 04:53:35,28.7,60.7,10.3,53.9,0.0,0.0,0.0
2026-04-13 04:53:40,28.6,60.9,10.4,53.9,0.0,0.0,0.0
2026-04-13 04:53:45,28.8,61.1,13.4,53.9,0.0,0.0,0.0
2026-04-13 04:53:50,28.6,61.0,9.5,53.9,0.0,0.0,0.0
2026-04-13 04:53:55,28.8,60.9,18.2,53.9,0.0,0.0,0.0
2026-04-13 04:54:00,28.5,60.8,13.1,53.9,0.0,0.0,0.0
2026-04-13 04:54:05,28.8,60.8,5.6,53.9,0.0,0.0,0.0
2026-04-13 04:54:10,28.9,60.8,0.4,53.9,0.0,0.0,0.0
2026-04-13 04:54:15,28.6,60.8,17.7,53.9,0.0,0.0,0.0
2026-04-13 04:54:20,28.9,60.8,20.4,53.9,0.0,0.0,0.0
2026-04-13 04:54:25,28.8,60.8,16.7,53.9,0.0,0.0,0.0
2026-04-13 04:54:30,28.8,60.9,18.1,53.9,0.0,0.0,0.0
2026-04-13 04:54:35,28.8,61.1,10.0,53.9,0.0,0.0,0.0
2026-04-13 04:54:40,28.7,60.9,2.3,53.9,0.0,0.0,0.0
2026-04-13 04:54:45,28.6,61.0,14.5,53.9,0.0,0.0,0.0
2026-04-13 04:54:50,28.9,61.0,23.7,53.9,0.0,0.0,0.0
2026-04-13 04:54:55,28.7,60.8,19.9,53.9,0.0,0.0,0.0
2026-04-13 04:55:00,28.7,60.9,5.1,53.9,0.0,0.0,0.0
2026-04-13 04:55:05,28.9,60.9,22.9,53.9,0.0,0.0,0.0
2026-04-13 04:55:10,28.8,60.8,18.8,53.9,0.0,0.0,0.0
2026-04-13 04:55:15,28.8,60.7,13.8,53.9,0.0,0.0,0.0
2026-04-13 04:55:20,28.7,60.8,22.8,53.9,0.0,0.0,0.0
2026-04-13 04:55:25,28.8,60.8,24.6,53.9,0.0,0.0,0.0
2026-04-13 04:55:30,28.6,60.8,14.8,53.9,0.0,0.0,0.0
2026-04-13 04:55:35,28.7,60.8,13.4,53.9,0.0,0.0,0.0
2026-04-13 04:55:40,28.8,60.8,15.5,53.9,0.0,0.0,0.0
2026-04-13 04:55:45,28.7,60.9,21.6,53.9,0.0,0.0,0.0
2026-04-13 04:55:50,28.9,60.9,22.8,53.9,0.0,0.0,0.0
2026-04-13 04:55:55,28.7,60.9,20.1,53.9,0.0,0.0,0.0
2026-04-13 04:56:00,28.8,60.9,4.0,53.9,0.0,0.0,0.0
2026-04-13 04:56:05,28.7,60.9,14.1,53.8,0.0,0.0,0.0
2026-04-13 04:56:10,28.8,60.7,16.9,53.8,0.0,0.0,0.0
2026-04-13 04:56:15,28.7,60.7,7.2,53.8,0.0,0.0,0.0
2026-04-13 04:56:20,28.7,60.6,29.7,53.9,0.0,0.0,0.0
2026-04-13 04:56:25,28.7,60.6,6.6,53.9,0.0,0.0,0.0
2026-04-13 04:56:30,28.8,60.8,26.6,53.9,0.0,0.0,0.0
2026-04-13 04:56:35,28.7,60.8,33.0,53.9,0.0,0.0,0.0
2026-04-13 04:56:40,28.7,60.8,15.7,53.9,0.0,0.0,0.0
2026-04-13 04:56:45,28.9,60.8,27.8,53.9,0.0,0.0,0.0
2026-04-13 04:56:50,28.8,60.7,28.1,53.9,0.0,0.0,0.0
2026-04-13 04:56:55,28.9,60.7,9.1,53.9,0.0,0.0,0.0
2026-04-13 04:57:00,28.8,60.7,16.5,53.9,0.0,0.0,0.0
2026-04-13 04:57:05,28.7,60.8,35.1,53.9,0.0,0.0,0.0
2026-04-13 04:57:10,28.8,60.9,16.7,53.9,0.0,0.0,0.0
2026-04-13 04:57:15,28.9,60.9,35.5,53.9,0.0,0.0,0.0
2026-04-13 04:57:20,28.8,61.1,6.8,53.9,0.0,0.0,0.0
2026-04-13 04:57:25,28.7,61.0,20.0,53.9,0.0,0.0,0.0
2026-04-13 04:57:30,28.7,60.9,12.1,53.9,0.0,0.0,0.0
2026-04-13 04:57:35,28.8,61.1,24.6,53.9,0.0,0.0,0.0
2026-04-13 04:57:40,28.7,61.1,4.9,53.9,0.0,0.0,0.0
2026-04-13 04:57:45,28.7,61.1,3.3,53.9,0.0,0.0,0.0
2026-04-13 04:57:50,28.7,61.1,15.8,53.9,0.0,0.0,0.0
2026-04-13 04:57:55,28.9,61.0,13.2,53.9,0.0,0.0,0.0
2026-04-13 04:58:00,28.7,60.9,18.0,53.9,0.0,0.0,0.0
2026-04-13 04:58:05,28.7,60.8,10.0,53.9,0.0,0.0,0.0
2026-04-13 04:58:10,28.8,60.9,3.9,53.9,0.0,0.0,0.0
2026-04-13 04:58:15,28.8,60.9,24.7,53.9,0.0,0.0,0.0
2026-04-13 04:58:20,28.8,61.0,0.0,53.9,0.0,0.0,0.0
2026-04-13 04:58:25,28.7,61.0,20.5,53.8,0.0,0.0,0.0
2026-04-13 04:58:30,28.9,60.8,0.0,53.8,0.0,0.0,0.0
2026-04-13 04:58:35,28.8,60.9,12.2,53.9,0.0,0.0,0.0
2026-04-13 04:58:40,28.7,60.8,23.6,53.9,0.0,0.0,0.0
2026-04-13 04:58:45,28.8,61.0,5.7,53.9,0.0,0.0,0.0
2026-04-13 04:58:50,28.7,61.0,11.8,53.9,0.0,0.0,0.0
2026-04-13 04:58:55,28.8,61.0,5.9,53.9,0.0,0.0,0.0
2026-04-13 04:59:00,28.7,61.1,23.9,53.9,0.0,0.0,0.0
2026-04-13 04:59:05,28.8,61.1,21.5,53.9,0.0,0.0,0.0
2026-04-13 04:59:10,28.7,61.0,22.0,53.9,0.0,0.0,0.0
2026-04-13 04:59:15,28.7,61.0,20.1,53.9,0.0,0.0,0.0
2026-04-13 04:59:20,28.9,61.2,17.3,53.9,0.0,0.0,0.0
2026-04-13 04:59:25,28.8,61.1,7.4,53.9,0.0,0.0,0.0
2026-04-13 04:59:30,28.8,61.2,11.4,53.9,0.0,0.0,0.0
2026-04-13 04:59:35,28.7,61.1,6.1,53.9,0.0,0.0,0.0
2026-04-13 04:59:40,28.8,61.0,0.0,53.9,0.0,0.0,0.0
2026-04-13 04:59:45,28.7,61.1,23.9,53.9,0.0,0.0,0.0
2026-04-13 04:59:50,28.7,61.0,17.2,53.9,0.0,0.0,0.0
2026-04-13 04:59:55,28.7,61.0,13.9,53.9,0.0,0.0,0.0
2026-04-13 05:00:00,28.7,61.1,0.0,53.9,0.0,0.0,0.0
2026-04-13 05:00:05,28.8,61.1,23.0,53.8,0.0,0.0,0.0
2026-04-13 05:00:10,28.6,61.1,3.3,53.8,0.0,0.0,0.0
2026-04-13 05:00:15,28.8,61.2,11.3,53.9,0.0,0.0,0.0
2026-04-13 05:00:20,28.8,61.1,20.6,53.9,0.0,0.0,0.0
2026-04-13 05:00:25,28.9,61.2,8.2,53.9,0.0,0.0,0.0
2026-04-13 05:00:30,28.7,61.1,18.1,53.9,0.0,0.0,0.0
2026-04-13 05:00:35,28.8,61.1,16.4,53.9,0.0,0.0,0.0
2026-04-13 05:00:40,28.8,61.0,0.0,53.9,0.0,0.0,0.0
2026-04-13 05:00:45,28.7,61.0,16.8,53.9,0.0,0.0,0.0
2026-04-13 05:00:50,28.8,61.2,0.1,53.9,0.0,0.0,0.0
2026-04-13 05:00:55,28.8,61.2,22.0,53.9,0.0,0.0,0.0
2026-04-13 05:01:00,28.7,61.0,33.1,53.9,0.0,0.0,0.0
2026-04-13 05:01:05,28.8,61.0,22.1,53.9,0.0,0.0,0.0
2026-04-13 05:01:10,28.7,61.0,16.5,53.9,0.0,0.0,0.0
2026-04-13 05:01:15,28.7,60.9,19.9,53.9,0.0,0.0,0.0
2026-04-13 05:01:20,28.9,61.1,18.7,53.9,0.0,0.0,0.0
2026-04-13 05:01:25,28.7,61.1,6.8,53.9,0.0,0.0,0.0
2026-04-13 05:01:30,28.9,61.0,19.2,53.9,0.0,0.0,0.0
2026-04-13 05:01:35,28.9,61.1,0.0,53.9,0.0,0.0,0.0
2026-04-13 05:01:40,28.7,61.1,2.8,53.9,0.0,0.0,0.0
2026-04-13 05:01:45,28.7,61.2,13.3,53.8,0.0,0.0,0.0
2026-04-13 05:01:50,28.5,61.2,3.0,53.8,0.0,0.0,0.0
2026-04-13 05:01:55,28.7,61.1,29.8,53.9,0.0,0.0,0.0
2026-04-13 05:02:00,28.8,61.1,19.2,53.9,0.0,0.0,0.0
2026-04-13 05:02:05,28.7,61.1,5.8,53.9,0.0,0.0,0.0
2026-04-13 05:02:10,28.8,61.1,4.1,53.9,0.0,0.0,0.0
2026-04-13 05:02:15,28.8,61.2,27.4,53.9,0.0,0.0,0.0
2026-04-13 05:02:20,28.8,61.3,14.5,53.9,0.0,0.0,0.0
2026-04-13 05:02:25,28.9,61.3,30.5,53.9,0.0,0.0,0.0
2026-04-13 05:02:30,28.7,61.2,11.8,53.9,0.0,0.0,0.0
2026-04-13 05:02:35,28.7,61.3,24.0,53.9,0.0,0.0,0.0
2026-04-13 05:02:40,28.8,61.3,28.1,53.9,0.0,0.0,0.0
2026-04-13 05:02:45,28.8,61.3,21.7,53.9,0.0,0.0,0.0
2026-04-13 05:02:50,28.8,61.4,11.3,53.9,0.0,0.0,0.0
2026-04-13 05:02:55,28.7,61.3,36.6,53.9,0.0,0.0,0.0
2026-04-13 05:03:00,28.8,61.3,14.9,53.9,0.0,0.0,0.0
2026-04-13 05:03:05,28.7,61.4,5.9,53.9,0.0,0.0,0.0
2026-04-13 05:03:10,28.8,61.3,7.8,53.9,0.0,0.0,0.0
2026-04-13 05:03:15,28.7,61.3,11.6,53.9,0.0,0.0,0.0
2026-04-13 05:03:20,28.7,61.2,0.0,53.9,0.0,0.0,0.0
2026-04-13 05:03:25,28.6,61.2,7.6,53.9,0.0,0.0,0.0
2026-04-13 05:03:30,28.8,61.3,17.3,53.9,0.0,0.0,0.0
2026-04-13 05:03:35,28.8,61.4,26.5,53.9,0.0,0.0,0.0
2026-04-13 05:03:40,28.7,61.1,5.8,53.9,0.0,0.0,0.0
2026-04-13 05:03:45,28.9,61.2,0.0,53.9,0.0,0.0,0.0
2026-04-13 05:03:50,28.9,61.1,11.5,53.9,0.0,0.0,0.0
2026-04-13 05:03:55,28.8,61.1,23.4,53.9,0.0,0.0,0.0
2026-04-13 05:04:00,28.6,61.2,18.2,53.9,0.0,0.0,0.0
2026-04-13 05:04:05,28.8,61.2,9.3,53.9,0.0,0.0,0.0
2026-04-13 05:04:10,28.9,61.3,28.4,53.8,0.0,0.0,0.0
2026-04-13 05:04:15,28.9,61.2,23.0,53.8,0.0,0.0,0.0
2026-04-13 05:04:20,28.9,61.3,29.9,53.9,0.0,0.0,0.0
2026-04-13 05:04:25,28.9,61.3,14.9,53.9,0.0,0.0,0.0
2026-04-13 05:04:30,28.8,61.2,8.9,53.9,0.0,0.0,0.0
2026-04-13 05:04:35,28.8,61.2,14.5,53.9,0.0,0.0,0.0
2026-04-13 05:04:40,28.8,61.2,26.8,53.9,0.0,0.0,0.0
2026-04-13 05:04:45,28.7,61.1,21.8,53.9,0.0,0.0,0.0
2026-04-13 05:04:50,28.7,61.3,9.6,53.9,0.0,0.0,0.0
2026-04-13 05:04:55,28.8,61.2,14.4,53.9,0.0,0.0,0.0
2026-04-13 05:05:00,28.9,61.1,9.7,53.9,0.0,0.0,0.0
2026-04-13 05:05:05,28.8,61.1,27.8,53.9,0.0,0.0,0.0
2026-04-13 05:05:10,28.8,61.2,24.4,53.9,0.0,0.0,0.0
2026-04-13 05:05:15,28.9,61.1,0.8,53.9,0.0,0.0,0.0
2026-04-13 05:05:20,28.8,61.2,5.5,53.9,0.0,0.0,0.0
2026-04-13 05:05:25,28.7,61.2,17.2,53.9,0.0,0.0,0.0
2026-04-13 05:05:30,28.8,61.1,4.5,53.9,0.0,0.0,0.0
2026-04-13 05:05:35,28.8,61.1,12.1,53.9,0.0,0.0,0.0
2026-04-13 05:05:40,28.7,61.1,11.8,54.0,0.0,0.0,0.0
2026-04-13 05:05:45,28.8,61.0,30.2,54.0,0.0,0.0,0.0
2026-04-13 05:05:50,28.7,61.0,7.2,53.9,0.0,0.0,0.0
2026-04-13 05:05:55,28.8,61.0,8.2,53.9,0.0,0.0,0.0
2026-04-13 05:06:00,28.6,61.1,5.7,53.9,0.0,0.0,0.0
2026-04-13 05:06:05,28.9,61.0,24.1,53.9,0.0,0.0,0.0
2026-04-13 05:06:10,28.8,61.0,20.8,53.9,0.0,0.0,0.0
2026-04-13 05:06:15,28.7,60.8,11.7,53.9,0.0,0.0,0.0
2026-04-13 05:06:20,28.9,60.8,28.1,53.9,0.0,0.0,0.0
2026-04-13 05:06:25,28.9,60.9,19.4,53.9,0.0,0.0,0.0
2026-04-13 05:06:30,28.7,60.9,0.0,53.9,0.0,0.0,0.0
2026-04-13 05:06:35,28.9,60.9,11.8,53.9,0.0,0.0,0.0
2026-04-13 05:06:40,28.8,60.8,17.2,53.9,0.0,0.0,0.0
2026-04-13 05:06:45,28.8,60.9,19.6,53.9,0.0,0.0,0.0
2026-04-13 05:06:50,28.7,61.0,18.4,53.9,0.0,0.0,0.0
2026-04-13 05:06:55,28.8,60.9,6.1,53.9,0.0,0.0,0.0
2026-04-13 05:07:00,28.7,60.9,22.6,53.9,0.0,0.0,0.0
2026-04-13 05:07:05,28.6,60.8,0.0,53.9,0.0,0.0,0.0
2026-04-13 05:07:10,28.7,60.8,21.5,53.9,0.0,0.0,0.0
2026-04-13 05:07:15,28.8,60.8,27.7,53.9,0.0,0.0,0.0
2026-04-13 05:07:20,28.6,60.8,14.6,53.9,0.0,0.0,0.0
2026-04-13 05:07:25,28.6,60.8,19.1,53.9,0.0,0.0,0.0
2026-04-13 05:07:30,28.7,60.8,22.6,53.9,0.0,0.0,0.0
2026-04-13 05:07:35,28.5,60.9,23.4,53.9,0.0,0.0,0.0
2026-04-13 05:07:40,28.7,60.9,19.4,53.9,0.0,0.0,0.0
2026-04-13 05:07:45,28.8,60.8,14.2,53.9,0.0,0.0,0.0
2026-04-13 05:07:50,28.8,60.9,17.2,53.9,0.0,0.0,0.0
2026-04-13 05:07:55,28.8,60.7,2.3,53.9,0.0,0.0,0.0
2026-04-13 05:08:00,28.6,60.6,0.2,53.9,0.0,0.0,0.0
2026-04-13 05:08:05,28.8,60.6,3.9,53.9,0.0,0.0,0.0
2026-04-13 05:08:10,28.7,60.7,0.0,53.9,0.0,0.0,0.0
2026-04-13 05:08:15,28.8,60.7,11.9,53.9,0.0,0.0,0.0
2026-04-13 05:08:20,28.7,60.6,14.1,53.9,0.0,0.0,0.0
2026-04-13 05:08:25,28.7,60.7,25.1,53.9,0.0,0.0,0.0
2026-04-13 05:08:30,28.7,60.8,23.3,53.9,0.0,0.0,0.0
2026-04-13 05:08:35,28.8,60.8,0.3,53.9,0.0,0.0,0.0
2026-04-13 05:08:40,28.6,60.8,14.6,53.9,0.0,0.0,0.0
2026-04-13 05:08:45,28.8,60.9,17.0,53.9,0.0,0.0,0.0
2026-04-13 05:08:50,28.8,61.1,21.7,53.9,0.0,0.0,0.0
2026-04-13 05:08:55,28.7,61.1,14.0,53.9,0.0,0.0,0.0
2026-04-13 05:09:00,28.7,61.0,15.0,53.9,0.0,0.0,0.0
2026-04-13 05:09:05,29.0,60.8,8.8,53.9,0.0,0.0,0.0
2026-04-13 05:09:10,28.7,60.7,0.0,54.0,0.0,0.0,0.0
2026-04-13 05:09:15,28.7,60.8,8.2,54.0,0.0,0.0,0.0
2026-04-13 05:09:20,28.7,60.8,0.0,53.9,0.0,0.0,0.0
2026-04-13 05:09:25,28.8,60.7,16.2,53.9,0.0,0.0,0.0
2026-04-13 05:09:30,28.8,60.7,32.4,53.9,0.0,0.0,0.0
2026-04-13 05:09:35,28.7,60.7,17.4,53.9,0.0,0.0,0.0
2026-04-13 05:09:40,28.6,60.7,16.8,53.9,0.0,0.0,0.0
2026-04-13 05:09:45,28.7,60.6,18.8,53.9,0.0,0.0,0.0
2026-04-13 05:09:50,28.7,60.7,22.0,53.9,0.0,0.0,0.0
2026-04-13 05:09:55,28.8,60.7,7.3,53.9,0.0,0.0,0.0
2026-04-13 05:10:00,28.7,60.7,23.8,53.9,0.0,0.0,0.0
2026-04-13 05:10:05,28.7,60.7,16.3,53.9,0.0,0.0,0.0
2026-04-13 05:10:10,28.7,60.7,31.9,53.9,0.0,0.0,0.0
2026-04-13 05:10:15,28.8,60.6,0.0,53.9,0.0,0.0,0.0
2026-04-13 05:10:20,28.7,60.6,0.4,53.9,0.0,0.0,0.0
2026-04-13 05:10:25,28.7,60.7,32.7,53.9,0.0,0.0,0.0
2026-04-13 05:10:30,28.6,60.7,0.0,53.9,0.0,0.0,0.0
2026-04-13 05:10:35,28.7,60.7,14.4,53.9,0.0,0.0,0.0
2026-04-13 05:10:40,28.6,60.6,15.3,53.9,0.0,0.0,0.0
2026-04-13 05:10:45,28.7,60.6,10.2,53.9,0.0,0.0,0.0
2026-04-13 05:10:50,28.8,60.5,5.7,53.9,0.0,0.0,0.0
2026-04-13 05:10:55,28.8,60.5,29.6,53.9,0.0,0.0,0.0
2026-04-13 05:11:00,28.7,60.3,20.4,53.9,0.0,0.0,0.0
2026-04-13 05:11:05,28.7,60.3,14.1,53.9,0.0,0.0,0.0
2026-04-13 05:11:10,28.7,60.4,0.0,53.9,0.0,0.0,0.0
2026-04-13 05:11:15,28.7,60.3,14.1,53.9,0.0,0.0,0.0
2026-04-13 05:11:20,28.7,60.4,33.0,53.9,0.0,0.0,0.0
2026-04-13 05:11:25,28.6,60.3,17.4,53.9,0.0,0.0,0.0
2026-04-13 05:11:30,28.8,60.3,14.4,53.9,0.0,0.0,0.0
2026-04-13 05:11:35,28.8,60.2,13.6,53.9,0.0,0.0,0.0
2026-04-13 05:11:40,28.7,60.2,0.5,53.9,0.0,0.0,0.0
2026-04-13 05:11:45,28.7,60.3,0.6,53.9,0.0,0.0,0.0
2026-04-13 05:11:50,28.7,60.2,26.5,53.9,0.0,0.0,0.0
2026-04-13 05:11:55,28.8,60.2,0.0,53.9,0.0,0.0,0.0
2026-04-13 05:12:00,28.6,60.3,20.8,53.9,0.0,0.0,0.0
2026-04-13 05:12:05,28.8,60.4,12.7,53.9,0.0,0.0,0.0
2026-04-13 05:12:10,28.6,60.3,8.2,53.9,0.0,0.0,0.0
2026-04-13 05:12:15,28.6,60.2,14.0,53.9,0.0,0.0,0.0
2026-04-13 05:12:20,28.6,60.2,4.6,53.9,0.0,0.0,0.0
2026-04-13 05:12:25,28.8,60.3,0.5,53.9,0.0,0.0,0.0
2026-04-13 05:12:30,28.8,60.2,15.5,53.9,0.0,0.0,0.0
2026-04-13 05:12:35,28.7,60.1,21.8,53.9,0.0,0.0,0.0
2026-04-13 05:12:40,28.7,60.2,22.4,53.9,0.0,0.0,0.0
2026-04-13 05:12:45,28.9,60.1,23.9,53.9,0.0,0.0,0.0
2026-04-13 05:12:50,28.6,60.3,14.6,53.9,0.0,0.0,0.0
2026-04-13 05:12:55,28.6,60.3,10.5,53.9,0.0,0.0,0.0
2026-04-13 05:13:00,28.6,60.4,13.4,53.9,0.0,0.0,0.0
2026-04-13 05:13:05,28.8,60.3,0.4,53.9,0.0,0.0,0.0
2026-04-13 05:13:10,28.7,60.4,19.2,53.9,0.0,0.0,0.0
2026-04-13 05:13:15,28.6,60.3,20.0,53.9,0.0,0.0,0.0
2026-04-13 05:13:20,28.9,60.2,12.0,53.9,0.0,0.0,0.0
2026-04-13 05:13:25,28.7,60.2,9.9,53.9,0.0,0.0,0.0
2026-04-13 05:13:30,28.8,60.1,14.5,53.9,0.0,0.0,0.0
2026-04-13 05:13:35,28.7,60.2,28.1,53.9,0.0,0.0,0.0
2026-04-13 05:13:40,28.8,60.2,24.7,53.9,0.0,0.0,0.0
2026-04-13 05:13:45,28.6,60.5,3.5,53.9,0.0,0.0,0.0
2026-04-13 05:13:50,28.7,60.5,4.6,53.9,0.0,0.0,0.0
2026-04-13 05:13:55,28.6,60.4,5.9,53.9,0.0,0.0,0.0
2026-04-13 05:14:00,28.7,60.5,22.1,53.9,0.0,0.0,0.0
2026-04-13 05:14:05,28.7,60.4,6.4,53.9,0.0,0.0,0.0
2026-04-13 05:14:10,28.7,60.5,0.0,53.9,0.0,0.0,0.0
2026-04-13 05:14:15,28.7,60.6,2.2,53.9,0.0,0.0,0.0
2026-04-13 05:14:20,28.6,60.6,36.2,53.9,0.0,0.0,0.0
2026-04-13 05:14:25,28.6,60.6,0.0,53.9,0.0,0.0,0.0
2026-04-13 05:14:30,28.5,60.6,26.3,53.9,0.0,0.0,0.0
2026-04-13 05:14:35,28.6,60.6,20.0,53.9,0.0,0.0,0.0
2026-04-13 05:14:40,28.8,60.6,0.0,53.9,0.0,0.0,0.0
2026-04-13 05:14:45,28.6,60.6,2.2,53.9,0.0,0.0,0.0
2026-04-13 05:14:50,28.6,60.6,4.2,54.0,0.0,0.0,0.0
2026-04-13 05:14:55,28.7,60.8,0.0,54.0,0.0,0.0,0.0
2026-04-13 05:15:00,28.8,60.8,8.3,54.0,0.0,0.0,0.0
2026-04-13 05:15:05,28.8,60.8,22.3,54.0,0.0,0.0,0.0
2026-04-13 05:15:10,28.7,60.7,4.8,54.0,0.0,0.0,0.0
2026-04-13 05:15:15,28.6,60.7,6.0,54.0,0.0,0.0,0.0
2026-04-13 05:15:20,28.6,60.7,24.6,54.0,0.0,0.0,0.0
2026-04-13 05:15:25,28.5,60.6,0.0,53.9,0.0,0.0,0.0
2026-04-13 05:15:30,28.7,60.7,19.2,53.9,0.0,0.0,0.0
2026-04-13 05:15:35,28.7,60.8,10.2,53.9,0.0,0.0,0.0
2026-04-13 05:15:40,28.5,60.6,12.3,53.9,0.0,0.0,0.0
2026-04-13 05:15:45,28.7,60.7,4.2,53.9,0.0,0.0,0.0
2026-04-13 05:15:50,28.6,60.6,16.5,53.9,0.0,0.0,0.0
2026-04-13 05:15:55,28.5,60.6,17.0,53.9,0.0,0.0,0.0
2026-04-13 05:16:00,28.5,60.5,17.0,53.9,0.0,0.0,0.0
2026-04-13 05:16:05,28.6,60.6,24.5,54.0,0.0,0.0,0.0
2026-04-13 05:16:10,28.6,60.6,6.9,54.0,0.0,0.0,0.0
2026-04-13 05:16:15,28.8,60.5,11.8,54.0,0.0,0.0,0.0
2026-04-13 05:16:20,28.6,60.5,17.7,54.0,0.0,0.0,0.0
2026-04-13 05:16:25,28.5,60.5,40.3,54.0,0.0,0.0,0.0
2026-04-13 05:16:30,28.5,60.4,12.2,54.0,0.0,0.0,0.0
2026-04-13 05:16:35,28.7,60.4,22.9,54.0,0.0,0.0,0.0
2026-04-13 05:16:40,28.6,60.5,20.8,54.0,0.0,0.0,0.0
2026-04-13 05:16:45,28.6,60.5,21.5,54.0,0.0,0.0,0.0
2026-04-13 05:16:50,28.6,60.5,4.3,54.0,0.0,0.0,0.0
2026-04-13 05:16:55,28.7,60.4,14.5,53.9,0.0,0.0,0.0
2026-04-13 05:17:00,28.5,60.5,0.0,53.9,0.0,0.0,0.0
2026-04-13 05:17:05,28.7,60.4,21.4,53.9,0.0,0.0,0.0
2026-04-13 05:17:10,28.6,60.4,19.9,54.0,0.0,0.0,0.0
2026-04-13 05:17:15,28.5,60.5,0.0,54.0,0.0,0.0,0.0
2026-04-13 05:17:20,28.5,60.3,22.0,53.9,0.0,0.0,0.0
2026-04-13 05:17:25,28.6,60.3,23.8,53.9,0.0,0.0,0.0
2026-04-13 05:17:30,28.6,60.4,8.1,53.9,0.0,0.0,0.0
2026-04-13 05:17:35,28.6,60.3,10.7,53.9,0.0,0.0,0.0
2026-04-13 05:17:40,28.6,60.4,12.8,53.9,0.0,0.0,0.0
2026-04-13 05:17:45,28.6,60.4,0.0,53.9,0.0,0.0,0.0
2026-04-13 05:17:50,28.7,60.4,12.0,54.0,0.0,0.0,0.0
2026-04-13 05:17:55,28.5,60.4,9.6,54.0,0.0,0.0,0.0
2026-04-13 05:18:00,28.6,60.3,4.7,54.0,0.0,0.0,0.0
2026-04-13 05:18:05,28.6,60.4,11.0,54.0,0.0,0.0,0.0
2026-04-13 05:18:10,28.5,60.5,22.0,54.0,0.0,0.0,0.0
2026-04-13 05:18:15,28.7,60.4,0.0,54.0,0.0,0.0,0.0
2026-04-13 05:18:20,28.6,60.5,7.1,54.0,0.0,0.0,0.0
2026-04-13 05:18:25,28.6,60.4,20.4,54.0,0.0,0.0,0.0
2026-04-13 05:18:30,28.6,60.4,5.4,54.0,0.0,0.0,0.0
2026-04-13 05:18:35,28.7,60.5,1.7,54.0,0.0,0.0,0.0
2026-04-13 05:18:40,28.5,60.4,10.8,54.0,0.0,0.0,0.0
2026-04-13 05:18:45,28.7,60.5,21.1,54.0,0.0,0.0,0.0
2026-04-13 05:18:50,28.6,60.4,15.2,54.0,0.0,0.0,0.0
2026-04-13 05:18:55,28.5,60.4,27.3,54.0,0.0,0.0,0.0
2026-04-13 05:19:00,28.7,60.4,11.5,54.0,0.0,0.0,0.0
2026-04-13 05:19:05,28.4,60.3,23.5,54.0,0.0,0.0,0.0
2026-04-13 05:19:10,28.6,60.3,4.0,54.0,0.0,0.0,0.0
2026-04-13 05:19:15,28.8,60.2,23.1,53.9,0.0,0.0,0.0
2026-04-13 05:19:20,28.6,60.2,17.4,53.9,0.0,0.0,0.0
2026-04-13 05:19:25,28.5,60.3,11.1,53.9,0.0,0.0,0.0
2026-04-13 05:19:30,28.6,60.4,39.8,53.9,0.0,0.0,0.0
2026-04-13 05:19:35,28.6,60.5,11.4,53.9,0.0,0.0,0.0
2026-04-13 05:19:40,28.6,60.6,27.4,54.0,0.0,0.0,0.0
2026-04-13 05:19:45,28.6,60.5,18.1,54.0,0.0,0.0,0.0
2026-04-13 05:19:50,28.6,60.5,9.3,54.0,0.0,0.0,0.0
2026-04-13 05:19:55,28.6,60.6,40.1,54.0,0.0,0.0,0.0
2026-04-13 05:20:00,28.7,60.7,10.3,53.9,0.0,0.0,0.0
2026-04-13 05:20:05,28.4,60.7,6.9,53.9,0.0,0.0,0.0
2026-04-13 05:20:10,28.6,60.6,35.7,53.9,0.0,0.0,0.0
2026-04-13 05:20:15,28.6,60.8,17.7,53.9,0.0,0.0,0.0
2026-04-13 05:20:20,28.6,60.8,13.0,54.0,0.0,0.0,0.0
2026-04-13 05:20:25,28.6,60.8,15.6,54.0,0.0,0.0,0.0
2026-04-13 05:20:30,28.6,60.7,16.4,53.9,0.0,0.0,0.0
2026-04-13 05:20:35,28.6,60.7,20.0,53.9,0.0,0.0,0.0
2026-04-13 05:20:40,28.7,60.7,12.5,53.9,0.0,0.0,0.0
2026-04-13 05:20:45,28.6,60.6,16.8,53.9,0.0,0.0,0.0
2026-04-13 05:20:50,28.5,60.5,4.6,53.9,0.0,0.0,0.0
2026-04-13 05:20:55,28.7,60.8,12.6,53.9,0.0,0.0,0.0
2026-04-13 05:21:00,28.7,60.8,0.0,53.9,0.0,0.0,0.0
2026-04-13 05:21:05,28.6,60.7,36.6,53.9,0.0,0.0,0.0
2026-04-13 05:21:10,28.6,60.7,26.0,53.9,0.0,0.0,0.0
2026-04-13 05:21:15,28.6,60.8,19.6,53.9,0.0,0.0,0.0
2026-04-13 05:21:20,28.6,60.6,27.2,53.9,0.0,0.0,0.0
2026-04-13 05:21:25,28.6,60.6,0.0,53.9,0.0,0.0,0.0
2026-04-13 05:21:30,28.6,60.5,17.3,53.9,0.0,0.0,0.0
2026-04-13 05:21:35,28.6,60.4,10.0,53.9,0.0,0.0,0.0
2026-04-13 05:21:40,28.7,60.4,10.3,53.9,0.0,0.0,0.0
2026-04-13 05:21:45,28.6,60.4,16.3,53.9,0.0,0.0,0.0
2026-04-13 05:21:50,28.6,60.3,10.5,53.9,0.0,0.0,0.0
2026-04-13 05:21:55,28.7,60.3,29.2,53.9,0.0,0.0,0.0
2026-04-13 05:22:00,28.6,60.4,0.0,53.9,0.0,0.0,0.0
2026-04-13 05:22:05,28.6,60.4,14.1,53.9,0.0,0.0,0.0
2026-04-13 05:22:10,28.6,60.2,15.8,53.9,0.0,0.0,0.0
2026-04-13 05:22:15,28.6,60.2,20.5,53.9,0.0,0.0,0.0
2026-04-13 05:22:20,28.6,60.1,23.9,53.9,0.0,0.0,0.0
2026-04-13 05:22:25,28.6,60.2,0.0,53.9,0.0,0.0,0.0
2026-04-13 05:22:30,28.6,60.0,13.7,53.9,0.0,0.0,0.0
2026-04-13 05:22:35,28.6,59.9,20.0,53.9,0.0,0.0,0.0
2026-04-13 05:22:40,28.7,59.9,5.2,53.9,0.0,0.0,0.0
2026-04-13 05:22:45,28.6,59.9,3.5,53.9,0.0,0.0,0.0
2026-04-13 05:22:50,28.6,60.0,8.1,53.9,0.0,0.0,0.0
2026-04-13 05:22:55,28.7,60.1,15.6,53.9,0.0,0.0,0.0
2026-04-13 05:23:00,28.6,60.2,0.0,53.9,0.0,0.0,0.0
2026-04-13 05:23:05,28.6,60.1,6.2,53.9,0.0,0.0,0.0
2026-04-13 05:23:10,28.6,60.1,25.2,54.0,0.0,0.0,0.0
2026-04-13 05:23:15,28.6,60.1,30.4,54.0,0.0,0.0,0.0
2026-04-13 05:23:20,28.6,60.2,6.8,54.0,0.0,0.0,0.0
2026-04-13 05:23:25,28.6,60.3,37.4,54.0,0.0,0.0,0.0
2026-04-13 05:23:30,28.6,60.2,18.9,54.0,0.0,0.0,0.0
2026-04-13 05:23:35,28.5,60.3,19.0,54.0,0.0,0.0,0.0
2026-04-13 05:23:40,28.6,60.3,12.4,53.9,0.0,0.0,0.0
2026-04-13 05:23:45,28.6,60.3,11.4,53.9,0.0,0.0,0.0
2026-04-13 05:23:50,28.5,60.3,14.5,54.0,0.0,0.0,0.0
2026-04-13 05:23:55,28.6,60.3,16.9,54.0,0.0,0.0,0.0
2026-04-13 05:24:00,28.6,60.3,19.0,54.0,0.0,0.0,0.0
2026-04-13 05:24:05,28.6,60.2,23.2,53.9,0.0,0.0,0.0
2026-04-13 05:24:10,28.7,60.4,11.7,53.9,0.0,0.0,0.0
2026-04-13 05:24:15,28.5,60.6,0.0,53.9,0.0,0.0,0.0
2026-04-13 05:24:20,28.6,60.6,8.4,53.9,0.0,0.0,0.0
2026-04-13 05:24:25,28.6,60.6,30.5,53.9,0.0,0.0,0.0
2026-04-13 05:24:30,28.8,60.5,16.9,53.9,0.0,0.0,0.0
2026-04-13 05:24:35,28.6,60.5,14.1,53.9,0.0,0.0,0.0
2026-04-13 05:24:40,28.6,60.5,20.0,53.9,0.0,0.0,0.0
2026-04-13 05:24:45,28.5,60.6,0.0,53.9,0.0,0.0,0.0
2026-04-13 05:24:50,28.5,60.5,8.8,53.9,0.0,0.0,0.0
2026-04-13 05:24:55,28.7,60.7,20.9,53.9,0.0,0.0,0.0
2026-04-13 05:25:00,28.4,60.8,9.9,53.9,0.0,0.0,0.0
2026-04-13 05:25:05,28.8,60.8,36.5,53.9,0.0,0.0,0.0
2026-04-13 05:25:10,28.6,61.1,10.6,53.9,0.0,0.0,0.0
2026-04-13 05:25:15,28.5,61.0,0.0,53.9,0.0,0.0,0.0
2026-04-13 05:25:20,28.5,60.9,30.4,53.9,0.0,0.0,0.0
2026-04-13 05:25:25,28.6,60.9,17.1,53.9,0.0,0.0,0.0
2026-04-13 05:25:30,28.6,60.8,28.3,53.9,0.0,0.0,0.0
2026-04-13 05:25:35,28.5,60.9,22.6,53.9,0.0,0.0,0.0
2026-04-13 05:25:40,28.6,61.0,27.5,54.0,0.0,0.0,0.0
2026-04-13 05:25:45,28.7,61.0,21.2,54.0,0.0,0.0,0.0
2026-04-13 05:25:50,28.6,61.1,8.2,54.0,0.0,0.0,0.0
2026-04-13 05:25:55,28.6,61.1,27.2,53.9,0.0,0.0,0.0
2026-04-13 05:26:00,28.5,61.1,8.9,53.9,0.0,0.0,0.0
2026-04-13 05:26:05,28.7,61.2,32.5,53.9,0.0,0.0,0.0
2026-04-13 05:26:10,28.6,61.1,16.8,53.9,0.0,0.0,0.0
2026-04-13 05:26:15,28.6,61.0,19.3,54.0,0.0,0.0,0.0
2026-04-13 05:26:20,28.7,60.9,19.1,54.0,0.0,0.0,0.0
2026-04-13 05:26:25,28.6,61.1,39.4,54.0,0.0,0.0,0.0
2026-04-13 05:26:30,28.5,61.1,7.1,54.0,0.0,0.0,0.0
2026-04-13 05:26:35,28.7,61.1,21.9,54.0,0.0,0.0,0.0
2026-04-13 05:26:40,28.4,61.0,31.1,54.0,0.0,0.0,0.0
2026-04-13 05:26:45,28.5,61.0,22.5,54.0,0.0,0.0,0.0
2026-04-13 05:26:50,28.7,60.9,12.9,53.9,0.0,0.0,0.0
2026-04-13 05:26:55,28.6,60.9,27.6,53.9,0.0,0.0,0.0
2026-04-13 05:27:00,28.5,61.0,6.6,53.9,0.0,0.0,0.0
2026-04-13 05:27:05,28.7,61.0,9.4,53.9,0.0,0.0,0.0
2026-04-13 05:27:10,28.8,61.0,10.3,53.9,0.0,0.0,0.0
2026-04-13 05:27:15,28.6,60.9,0.0,54.0,0.0,0.0,0.0
2026-04-13 05:27:20,28.7,60.9,0.0,54.0,0.0,0.0,0.0
2026-04-13 05:27:25,28.6,60.9,33.0,54.0,0.0,0.0,0.0
2026-04-13 05:27:30,28.6,60.8,14.5,54.0,0.0,0.0,0.0
2026-04-13 05:27:35,28.5,60.8,21.7,53.9,0.0,0.0,0.0
2026-04-13 05:27:40,28.6,60.9,0.0,53.9,0.0,0.0,0.0
2026-04-13 05:27:45,28.5,60.8,13.9,53.9,0.0,0.0,0.0
2026-04-13 05:27:50,28.7,60.9,0.0,53.9,0.0,0.0,0.0
2026-04-13 05:27:55,28.7,61.0,18.0,53.9,0.0,0.0,0.0
2026-04-13 05:28:00,28.6,60.9,15.1,54.0,0.0,0.0,0.0
2026-04-13 05:28:05,28.6,61.1,21.0,54.0,0.0,0.0,0.0
2026-04-13 05:28:10,28.6,60.9,31.3,53.9,0.0,0.0,0.0
2026-04-13 05:28:15,28.7,61.0,0.0,53.9,0.0,0.0,0.0
2026-04-13 05:28:20,28.6,61.0,20.4,54.0,0.0,0.0,0.0
2026-04-13 05:28:25,28.7,61.1,16.8,54.0,0.0,0.0,0.0
2026-04-13 05:28:30,28.5,61.0,20.6,54.0,0.0,0.0,0.0
2026-04-13 05:28:35,28.7,61.0,17.4,54.0,0.0,0.0,0.0
2026-04-13 05:28:40,28.6,61.0,11.9,54.0,0.0,0.0,0.0
2026-04-13 05:28:45,28.7,61.0,28.2,54.0,0.0,0.0,0.0
2026-04-13 05:28:50,28.6,61.0,24.0,54.0,0.0,0.0,0.0
2026-04-13 05:28:55,28.7,61.1,37.9,53.9,0.0,0.0,0.0
2026-04-13 05:29:00,28.7,61.2,11.9,53.9,0.0,0.0,0.0
2026-04-13 05:29:05,28.6,61.2,15.7,54.0,0.0,0.0,0.0
2026-04-13 05:29:10,28.6,61.1,30.4,54.0,0.0,0.0,0.0
2026-04-13 05:29:15,28.6,61.0,11.0,54.0,0.0,0.0,0.0
2026-04-13 05:29:20,28.6,61.0,8.8,54.0,0.0,0.0,0.0
2026-04-13 05:29:25,28.6,61.1,4.2,54.0,0.0,0.0,0.0
2026-04-13 05:29:30,28.6,61.0,0.0,54.0,0.0,0.0,0.0
2026-04-13 05:29:35,28.5,61.1,12.8,53.9,0.0,0.0,0.0
2026-04-13 05:29:40,28.7,60.9,0.9,53.9,0.0,0.0,0.0
2026-04-13 05:29:45,28.5,60.9,28.8,53.9,0.0,0.0,0.0
2026-04-13 05:29:50,28.5,60.9,9.0,53.9,0.0,0.0,0.0
2026-04-13 05:29:55,28.6,61.1,29.7,53.9,0.0,0.0,0.0
2026-04-13 05:30:00,28.7,61.0,3.1,53.9,0.0,0.0,0.0
2026-04-13 05:30:05,28.7,60.9,14.6,53.9,0.0,0.0,0.0
2026-04-13 05:30:10,28.7,60.9,21.2,54.0,0.0,0.0,0.0
2026-04-13 05:30:15,28.5,60.9,20.8,54.0,0.0,0.0,0.0
2026-04-13 05:30:20,28.6,60.8,21.3,54.0,0.0,0.0,0.0
2026-04-13 05:30:25,28.6,60.7,12.8,54.0,0.0,0.0,0.0
2026-04-13 05:30:30,28.6,60.6,13.7,53.9,0.0,0.0,0.0
2026-04-13 05:30:35,28.7,60.6,26.5,53.9,0.0,0.0,0.0
2026-04-13 05:30:40,28.6,60.7,34.9,53.9,0.0,0.0,0.0
2026-04-13 05:30:45,28.7,60.7,15.7,53.9,0.0,0.0,0.0
2026-04-13 05:30:50,28.6,60.6,26.9,54.0,0.0,0.0,0.0
2026-04-13 05:30:55,28.5,60.5,24.6,54.0,0.0,0.0,0.0
2026-04-13 05:31:00,28.6,60.6,12.6,54.0,0.0,0.0,0.0
2026-04-13 05:31:05,28.6,60.5,21.4,54.0,0.0,0.0,0.0
2026-04-13 05:31:10,28.7,60.6,7.9,54.0,0.0,0.0,0.0
2026-04-13 05:31:15,28.7,60.7,18.9,54.0,0.0,0.0,0.0
2026-04-13 05:31:20,28.5,60.6,20.3,54.0,0.0,0.0,0.0
2026-04-13 05:31:25,28.7,60.6,17.9,54.0,0.0,0.0,0.0
2026-04-13 05:31:30,28.6,60.6,5.1,54.0,0.0,0.0,0.0
2026-04-13 05:31:35,28.7,60.5,15.1,54.0,0.0,0.0,0.0
2026-04-13 05:31:40,28.7,60.5,13.3,54.0,0.0,0.0,0.0
2026-04-13 05:31:45,28.6,60.4,6.8,54.0,0.0,0.0,0.0
2026-04-13 05:31:50,28.6,60.5,23.3,54.0,0.0,0.0,0.0
2026-04-13 05:31:55,28.6,60.5,31.5,54.0,0.0,0.0,0.0
2026-04-13 05:32:00,28.6,60.4,19.4,54.0,0.0,0.0,0.0
2026-04-13 05:32:05,28.6,60.5,14.9,54.0,0.0,0.0,0.0
2026-04-13 05:32:10,28.5,60.5,13.0,53.9,0.0,0.0,0.0
2026-04-13 05:32:15,28.7,60.5,5.8,53.9,0.0,0.0,0.0
2026-04-13 05:32:20,28.5,60.5,9.4,53.9,0.0,0.0,0.0
2026-04-13 05:32:25,28.5,60.3,15.8,53.9,0.0,0.0,0.0
2026-04-13 05:32:30,28.6,60.4,18.0,54.0,0.0,0.0,0.0
2026-04-13 05:32:35,28.5,60.3,18.6,54.0,0.0,0.0,0.0
2026-04-13 05:32:40,28.6,60.4,12.4,54.0,0.0,0.0,0.0
2026-04-13 05:32:45,28.6,60.4,5.3,54.0,0.0,0.0,0.0
2026-04-13 05:32:50,28.6,60.3,28.0,54.0,0.0,0.0,0.0
2026-04-13 05:32:55,28.6,60.3,11.3,54.0,0.0,0.0,0.0
2026-04-13 05:33:00,28.7,60.4,0.0,54.0,0.0,0.0,0.0
2026-04-13 05:33:05,28.5,60.4,1.3,54.0,0.0,0.0,0.0
2026-04-13 05:33:10,28.7,60.4,29.6,54.0,0.0,0.0,0.0
2026-04-13 05:33:15,28.5,60.5,25.6,54.0,0.0,0.0,0.0
2026-04-13 05:33:20,28.7,60.5,17.8,53.9,0.0,0.0,0.0
2026-04-13 05:33:25,28.7,60.5,14.7,53.9,0.0,0.0,0.0
2026-04-13 05:33:30,28.7,60.6,8.9,53.9,0.0,0.0,0.0
2026-04-13 05:33:35,28.4,60.6,23.8,54.0,0.0,0.0,0.0
2026-04-13 05:33:40,28.7,60.6,18.6,54.0,0.0,0.0,0.0
2026-04-13 05:33:45,28.5,60.6,25.7,54.0,0.0,0.0,0.0
2026-04-13 05:33:50,28.7,60.7,34.5,54.0,0.0,0.0,0.0
2026-04-13 05:33:55,28.7,60.5,11.2,54.0,0.0,0.0,0.0
2026-04-13 05:34:00,28.5,60.6,18.2,54.0,0.0,0.0,0.0
2026-04-13 05:34:05,28.7,60.6,13.6,54.0,0.0,0.0,0.0
2026-04-13 05:34:10,28.6,60.7,17.4,54.0,0.0,0.0,0.0
2026-04-13 05:34:15,28.7,60.6,16.2,54.0,0.0,0.0,0.0
2026-04-13 05:34:20,28.7,60.7,13.7,54.0,0.0,0.0,0.0
2026-04-13 05:34:25,28.6,60.8,16.4,54.0,0.0,0.0,0.0
2026-04-13 05:34:30,28.7,60.9,9.7,54.0,0.0,0.0,0.0
2026-04-13 05:34:35,28.6,61.0,9.6,54.0,0.0,0.0,0.0
2026-04-13 05:34:40,28.7,60.9,40.3,54.0,0.0,0.0,0.0
2026-04-13 05:34:45,28.8,60.8,17.6,54.0,0.0,0.0,0.0
2026-04-13 05:34:50,28.6,60.9,9.8,54.0,0.0,0.0,0.0
2026-04-13 05:34:55,28.7,61.0,17.1,54.0,0.0,0.0,0.0
2026-04-13 05:35:00,28.6,60.9,20.5,54.0,0.0,0.0,0.0
2026-04-13 05:35:05,28.5,61.0,9.9,54.0,0.0,0.0,0.0
2026-04-13 05:35:10,28.7,61.0,0.0,54.0,0.0,0.0,0.0
2026-04-13 05:35:15,28.5,60.9,22.7,54.1,0.0,0.0,0.0
2026-04-13 05:35:20,28.6,61.0,21.5,54.1,0.0,0.0,0.0
2026-04-13 05:35:25,28.5,60.9,17.5,54.0,0.0,0.0,0.0
2026-04-13 05:35:30,28.7,61.0,8.4,54.0,0.0,0.0,0.0
2026-04-13 05:35:35,28.5,60.9,10.5,54.0,0.0,0.0,0.0
2026-04-13 05:35:40,28.6,60.8,12.7,54.0,0.0,0.0,0.0
2026-04-13 05:35:45,28.6,60.9,25.6,54.0,0.0,0.0,0.0
2026-04-13 05:35:50,28.5,60.9,13.1,54.0,0.0,0.0,0.0
2026-04-13 05:35:55,28.5,61.0,13.0,54.0,0.0,0.0,0.0
2026-04-13 05:36:00,28.5,61.1,12.9,54.0,0.0,0.0,0.0
2026-04-13 05:36:05,28.7,61.0,26.4,54.0,0.0,0.0,0.0
2026-04-13 05:36:10,28.6,60.9,0.0,54.0,0.0,0.0,0.0
2026-04-13 05:36:15,28.4,60.9,6.9,54.0,0.0,0.0,0.0
2026-04-13 05:36:20,28.6,61.0,22.0,54.0,0.0,0.0,0.0
2026-04-13 05:36:25,28.7,60.9,28.0,54.0,0.0,0.0,0.0
2026-04-13 05:36:30,28.7,61.0,23.7,54.0,0.0,0.0,0.0
2026-04-13 05:36:35,28.6,60.9,9.3,54.0,0.0,0.0,0.0
2026-04-13 05:36:40,28.7,61.0,19.6,54.0,0.0,0.0,0.0
2026-04-13 05:36:45,28.7,61.0,7.5,54.0,0.0,0.0,0.0
2026-04-13 05:36:50,28.6,61.1,21.6,54.0,0.0,0.0,0.0
2026-04-13 05:36:55,28.7,61.0,12.0,54.0,0.0,0.0,0.0
2026-04-13 05:37:00,28.6,61.0,18.2,54.0,0.0,0.0,0.0
2026-04-13 05:37:05,28.6,61.0,0.8,54.0,0.0,0.0,0.0
2026-04-13 05:37:10,28.7,61.0,10.1,54.0,0.0,0.0,0.0
2026-04-13 05:37:15,28.7,61.1,4.2,54.0,0.0,0.0,0.0
2026-04-13 05:37:20,28.6,61.1,25.3,54.0,0.0,0.0,0.0
2026-04-13 05:37:25,28.7,61.2,1.2,54.0,0.0,0.0,0.0
2026-04-13 05:37:30,28.6,61.1,4.7,54.0,0.0,0.0,0.0
2026-04-13 05:37:35,28.6,60.9,0.0,54.0,0.0,0.0,0.0
2026-04-13 05:37:40,28.6,60.8,0.0,54.0,0.0,0.0,0.0
2026-04-13 05:37:45,28.6,60.9,9.1,54.0,0.0,0.0,0.0
2026-04-13 05:37:50,28.6,60.9,21.6,54.0,0.0,0.0,0.0
2026-04-13 05:37:55,28.6,60.9,11.1,54.0,0.0,0.0,0.0
2026-04-13 05:38:00,28.5,61.0,11.7,54.0,0.0,0.0,0.0
2026-04-13 05:38:05,28.6,61.0,29.9,54.0,0.0,0.0,0.0
2026-04-13 05:38:10,28.4,61.0,33.6,54.0,0.0,0.0,0.0
2026-04-13 05:38:15,28.6,60.9,23.0,54.0,0.0,0.0,0.0
2026-04-13 05:38:20,28.5,60.9,11.1,54.0,0.0,0.0,0.0
2026-04-13 05:38:25,28.7,60.9,12.8,54.0,0.0,0.0,0.0
2026-04-13 05:38:30,28.6,61.0,12.7,54.0,0.0,0.0,0.0
2026-04-13 05:38:35,28.6,60.9,10.0,54.0,0.0,0.0,0.0
2026-04-13 05:38:40,28.5,60.9,8.4,54.0,0.0,0.0,0.0
2026-04-13 05:38:45,28.6,60.8,25.4,54.0,0.0,0.0,0.0
2026-04-13 05:38:50,28.5,60.9,4.0,54.0,0.0,0.0,0.0
2026-04-13 05:38:55,28.6,61.0,25.9,54.0,0.0,0.0,0.0
2026-04-13 05:39:00,28.6,60.9,14.4,54.1,0.0,0.0,0.0
2026-04-13 05:39:05,28.6,60.8,17.7,54.1,0.0,0.0,0.0
2026-04-13 05:39:10,28.5,60.8,14.2,54.0,0.0,0.0,0.0
2026-04-13 05:39:15,28.6,60.6,29.5,54.0,0.0,0.0,0.0
2026-04-13 05:39:20,28.7,60.6,12.1,54.0,0.0,0.0,0.0
2026-04-13 05:39:25,28.8,60.6,25.2,54.0,0.0,0.0,0.0
2026-04-13 05:39:30,28.8,60.6,24.7,54.0,0.0,0.0,0.0
2026-04-13 05:39:35,28.5,60.7,20.2,54.0,0.0,0.0,0.0
2026-04-13 05:39:40,28.6,60.7,24.9,54.0,0.0,0.0,0.0
2026-04-13 05:39:45,28.7,60.6,18.6,54.0,0.0,0.0,0.0
2026-04-13 05:39:50,28.5,60.5,23.1,54.0,0.0,0.0,0.0
2026-04-13 05:39:55,28.7,60.6,2.0,54.0,0.0,0.0,0.0
2026-04-13 05:40:00,28.6,60.7,12.7,54.0,0.0,0.0,0.0
2026-04-13 05:40:05,28.6,60.5,30.0,54.0,0.0,0.0,0.0
2026-04-13 05:40:10,28.6,60.6,24.7,54.0,0.0,0.0,0.0
2026-04-13 05:40:15,28.6,60.5,0.0,54.0,0.0,0.0,0.0
2026-04-13 05:40:20,28.6,60.7,16.9,54.0,0.0,0.0,0.0
2026-04-13 05:40:25,28.5,60.6,0.0,54.0,0.0,0.0,0.0
2026-04-13 05:40:30,28.5,60.7,19.5,54.0,0.0,0.0,0.0
2026-04-13 05:40:35,28.5,60.8,27.0,54.0,0.0,0.0,0.0
2026-04-13 05:40:40,28.6,60.8,33.9,54.0,0.0,0.0,0.0
2026-04-13 05:40:45,28.6,60.7,2.3,54.0,0.0,0.0,0.0
2026-04-13 05:40:50,28.6,60.8,1.0,54.0,0.0,0.0,0.0
2026-04-13 05:40:55,28.5,60.9,18.8,54.0,0.0,0.0,0.0
2026-04-13 05:41:00,28.7,60.9,17.5,54.0,0.0,0.0,0.0
2026-04-13 05:41:05,28.6,60.9,24.1,54.0,0.0,0.0,0.0
2026-04-13 05:41:10,28.7,60.8,8.5,54.0,0.0,0.0,0.0
2026-04-13 05:41:15,28.6,60.9,0.0,54.0,0.0,0.0,0.0
2026-04-13 05:41:20,28.4,61.0,8.7,54.0,0.0,0.0,0.0
2026-04-13 05:41:25,28.6,60.8,9.6,54.0,0.0,0.0,0.0
2026-04-13 05:41:30,28.6,60.7,4.1,54.0,0.0,0.0,0.0
2026-04-13 05:41:35,28.4,60.8,8.3,54.0,0.0,0.0,0.0
2026-04-13 05:41:40,28.6,60.6,15.8,54.0,0.0,0.0,0.0
2026-04-13 05:41:45,28.6,60.7,12.2,54.0,0.0,0.0,0.0
2026-04-13 05:41:50,28.6,60.7,22.5,54.0,0.0,0.0,0.0
2026-04-13 05:41:55,28.5,60.6,31.0,54.0,0.0,0.0,0.0
2026-04-13 05:42:00,28.5,60.8,17.0,54.0,0.0,0.0,0.0
2026-04-13 05:42:05,28.4,60.8,20.4,54.0,0.0,0.0,0.0
2026-04-13 05:42:10,28.5,60.9,34.4,54.0,0.0,0.0,0.0
2026-04-13 05:42:15,28.5,61.0,15.7,54.0,0.0,0.0,0.0
2026-04-13 05:42:20,28.7,60.9,42.3,54.0,0.0,0.0,0.0
2026-04-13 05:42:25,28.5,60.8,17.2,54.0,0.0,0.0,0.0
2026-04-13 05:42:30,28.6,60.9,28.3,54.0,0.0,0.0,0.0
2026-04-13 05:42:35,28.4,60.9,0.0,54.0,0.0,0.0,0.0
2026-04-13 05:42:40,28.6,60.8,23.6,54.0,0.0,0.0,0.0
2026-04-13 05:42:45,28.5,60.8,5.8,54.0,0.0,0.0,0.0
2026-04-13 05:42:50,28.7,60.8,22.6,54.0,0.0,0.0,0.0
2026-04-13 05:42:55,28.6,60.7,18.8,54.0,0.0,0.0,0.0
2026-04-13 05:43:00,28.6,60.7,7.5,54.0,0.0,0.0,0.0
2026-04-13 05:43:05,28.6,60.6,36.9,54.0,0.0,0.0,0.0
2026-04-13 05:43:10,28.6,60.7,44.0,54.0,0.0,0.0,0.0
2026-04-13 05:43:15,28.5,60.8,3.5,54.0,0.0,0.0,0.0
2026-04-13 05:43:20,28.5,60.8,15.8,54.0,0.0,0.0,0.0
2026-04-13 05:43:25,28.6,60.9,31.9,54.0,0.0,0.0,0.0
2026-04-13 05:43:30,28.6,60.9,6.5,54.0,0.0,0.0,0.0
2026-04-13 05:43:35,28.6,60.9,16.4,54.0,0.0,0.0,0.0
2026-04-13 05:43:40,28.5,61.0,9.0,54.0,0.0,0.0,0.0
2026-04-13 05:43:45,28.5,61.0,19.4,54.0,0.0,0.0,0.0
2026-04-13 05:43:50,28.6,61.0,0.0,54.0,0.0,0.0,0.0
2026-04-13 05:43:55,28.5,61.1,2.0,54.0,0.0,0.0,0.0
2026-04-13 05:44:00,28.5,61.0,18.3,54.0,0.0,0.0,0.0
2026-04-13 05:44:05,28.6,61.0,10.9,54.0,0.0,0.0,0.0
2026-04-13 05:44:10,28.6,61.1,14.8,54.0,0.0,0.0,0.0
2026-04-13 05:44:15,28.5,61.1,0.3,54.0,0.0,0.0,0.0
2026-04-13 05:44:20,28.5,61.0,18.2,54.0,0.0,0.0,0.0
2026-04-13 05:44:25,28.4,61.0,2.6,54.0,0.0,0.0,0.0
2026-04-13 05:44:30,28.6,61.0,6.8,54.0,0.0,0.0,0.0
2026-04-13 05:44:35,28.5,61.0,3.0,54.0,0.0,0.0,0.0
2026-04-13 05:44:40,28.5,61.0,2.6,54.0,0.0,0.0,0.0
2026-04-13 05:44:45,28.6,61.1,21.7,54.0,0.0,0.0,0.0
2026-04-13 05:44:50,28.5,61.0,12.6,54.0,0.0,0.0,0.0
2026-04-13 05:44:55,28.5,61.1,24.9,54.0,0.0,0.0,0.0
2026-04-13 05:45:00,28.5,61.1,21.8,54.0,0.0,0.0,0.0
2026-04-13 05:45:05,28.5,61.1,28.6,54.0,0.0,0.0,0.0
2026-04-13 05:45:10,28.6,61.3,8.4,54.0,0.0,0.0,0.0
2026-04-13 05:45:15,28.7,61.3,9.4,54.0,0.0,0.0,0.0
2026-04-13 05:45:20,28.6,61.3,7.8,54.0,0.0,0.0,0.0
2026-04-13 05:45:25,28.6,61.3,19.9,54.0,0.0,0.0,0.0
2026-04-13 05:45:30,28.5,61.3,14.5,54.0,0.0,0.0,0.0
2026-04-13 05:45:35,28.6,61.3,1.1,54.0,0.0,0.0,0.0
2026-04-13 05:45:40,28.5,61.3,8.7,54.0,0.0,0.0,0.0
2026-04-13 05:45:45,28.6,61.2,8.2,54.0,0.0,0.0,0.0
2026-04-13 05:45:50,28.5,61.3,3.6,54.0,0.0,0.0,0.0
2026-04-13 05:45:55,28.5,61.3,7.7,54.0,0.0,0.0,0.0
2026-04-13 05:46:00,28.7,61.3,15.0,53.9,0.0,0.0,0.0
2026-04-13 05:46:05,28.5,61.3,7.3,53.9,0.0,0.0,0.0
2026-04-13 05:46:10,28.4,61.3,28.9,53.9,0.0,0.0,0.0
2026-04-13 05:46:15,28.5,61.3,7.6,53.9,0.0,0.0,0.0
2026-04-13 05:46:20,28.6,61.4,13.0,53.9,0.0,0.0,0.0
2026-04-13 05:46:25,28.6,61.3,0.0,53.9,0.0,0.0,0.0
2026-04-13 05:46:30,28.6,61.4,13.6,53.9,0.0,0.0,0.0
2026-04-13 05:46:35,28.4,61.3,26.0,53.9,0.0,0.0,0.0
2026-04-13 05:46:40,28.6,61.2,21.8,53.9,0.0,0.0,0.0
2026-04-13 05:46:45,28.6,61.3,18.5,54.0,0.0,0.0,0.0
2026-04-13 05:46:50,28.4,61.3,12.1,54.0,0.0,0.0,0.0
2026-04-13 05:46:55,28.6,61.4,21.4,54.0,0.0,0.0,0.0
2026-04-13 05:47:00,28.5,61.3,31.8,54.0,0.0,0.0,0.0
2026-04-13 05:47:05,28.6,61.2,27.4,54.0,0.0,0.0,0.0
2026-04-13 05:47:10,28.6,61.2,7.8,54.0,0.0,0.0,0.0
2026-04-13 05:47:15,28.5,61.3,13.4,54.0,0.0,0.0,0.0
2026-04-13 05:47:20,28.7,61.3,8.5,54.0,0.0,0.0,0.0
2026-04-13 05:47:25,28.6,61.3,6.7,54.0,0.0,0.0,0.0
2026-04-13 05:47:30,28.6,61.3,20.7,54.0,0.0,0.0,0.0
2026-04-13 05:47:35,28.7,61.3,7.4,53.9,0.0,0.0,0.0
2026-04-13 05:47:40,28.6,61.3,10.1,53.9,0.0,0.0,0.0
2026-04-13 05:47:45,28.6,61.3,20.2,53.9,0.0,0.0,0.0
2026-04-13 05:47:50,28.6,61.4,0.0,53.9,0.0,0.0,0.0
2026-04-13 05:47:55,28.7,61.5,14.2,53.9,0.0,0.0,0.0
2026-04-13 05:48:00,28.5,61.4,26.2,53.9,0.0,0.0,0.0
2026-04-13 05:48:05,28.7,61.5,0.0,54.0,0.0,0.0,0.0
2026-04-13 05:48:10,28.5,61.3,7.3,54.0,0.0,0.0,0.0
2026-04-13 05:48:15,28.5,61.3,10.9,54.0,0.0,0.0,0.0
2026-04-13 05:48:20,28.6,61.2,14.9,54.0,0.0,0.0,0.0
2026-04-13 05:48:25,28.6,61.2,0.7,54.0,0.0,0.0,0.0
2026-04-13 05:48:30,28.7,61.0,13.4,54.0,0.0,0.0,0.0
2026-04-13 05:48:35,28.7,61.0,26.0,54.0,0.0,0.0,0.0
2026-04-13 05:48:40,28.6,60.9,23.0,54.0,0.0,0.0,0.0
2026-04-13 05:48:45,28.6,60.9,13.5,54.0,0.0,0.0,0.0
2026-04-13 05:48:50,28.5,60.9,24.1,54.0,0.0,0.0,0.0
2026-04-13 05:48:55,28.6,60.9,9.3,54.0,0.0,0.0,0.0
2026-04-13 05:49:00,28.6,61.0,19.6,54.0,0.0,0.0,0.0
2026-04-13 05:49:05,28.5,60.9,13.5,54.0,0.0,0.0,0.0
2026-04-13 05:49:10,28.4,60.9,11.4,54.0,0.0,0.0,0.0
2026-04-13 05:49:15,28.5,60.9,32.8,54.0,0.0,0.0,0.0
2026-04-13 05:49:20,28.6,60.9,7.4,54.0,0.0,0.0,0.0
2026-04-13 05:49:25,28.5,60.9,24.6,54.0,0.0,0.0,0.0
2026-04-13 05:49:30,28.5,60.9,5.2,54.0,0.0,0.0,0.0
2026-04-13 05:49:35,28.6,60.9,24.3,54.0,0.0,0.0,0.0
2026-04-13 05:49:40,28.5,60.9,2.8,54.0,0.0,0.0,0.0
2026-04-13 05:49:45,28.6,60.9,13.3,54.0,0.0,0.0,0.0
2026-04-13 05:49:50,28.5,60.8,11.2,54.0,0.0,0.0,0.0
2026-04-13 05:49:55,28.5,60.7,0.0,54.0,0.0,0.0,0.0
2026-04-13 05:50:00,28.5,60.8,7.0,54.0,0.0,0.0,0.0
2026-04-13 05:50:05,28.5,60.7,21.9,54.0,0.0,0.0,0.0
2026-04-13 05:50:10,28.7,60.7,13.7,54.0,0.0,0.0,0.0
2026-04-13 05:50:15,28.7,60.7,25.7,54.0,0.0,0.0,0.0
2026-04-13 05:50:20,28.4,60.7,15.1,54.0,0.0,0.0,0.0
2026-04-13 05:50:25,28.5,60.6,22.2,54.0,0.0,0.0,0.0
2026-04-13 05:50:30,28.6,60.4,15.0,54.0,0.0,0.0,0.0
2026-04-13 05:50:35,28.6,60.4,13.8,54.0,0.0,0.0,0.0
2026-04-13 05:50:40,28.6,60.5,10.8,54.0,0.0,0.0,0.0
2026-04-13 05:50:45,28.6,60.4,26.3,54.0,0.0,0.0,0.0
2026-04-13 05:50:50,28.6,60.5,20.4,54.0,0.0,0.0,0.0
2026-04-13 05:50:55,28.5,60.5,20.3,54.0,0.0,0.0,0.0
2026-04-13 05:51:00,28.5,60.6,32.6,54.0,0.0,0.0,0.0
2026-04-13 05:51:05,28.6,60.9,18.7,54.0,0.0,0.0,0.0
2026-04-13 05:51:10,28.6,60.9,13.4,54.0,0.0,0.0,0.0
2026-04-13 05:51:15,28.6,60.9,11.3,54.0,0.0,0.0,0.0
2026-04-13 05:51:20,28.7,60.9,28.4,54.0,0.0,0.0,0.0
2026-04-13 05:51:25,28.5,60.9,21.8,54.0,0.0,0.0,0.0
2026-04-13 05:51:30,28.6,60.8,5.3,54.0,0.0,0.0,0.0
2026-04-13 05:51:35,28.6,60.7,36.2,54.0,0.0,0.0,0.0
2026-04-13 05:51:40,28.5,60.7,22.2,54.0,0.0,0.0,0.0
2026-04-13 05:51:45,28.5,60.7,23.5,54.0,0.0,0.0,0.0
2026-04-13 05:51:50,28.6,60.7,18.6,54.0,0.0,0.0,0.0
2026-04-13 05:51:55,28.6,60.7,17.9,54.0,0.0,0.0,0.0
2026-04-13 05:52:00,28.6,60.8,0.0,54.0,0.0,0.0,0.0
2026-04-13 05:52:05,28.5,60.6,16.0,54.0,0.0,0.0,0.0
2026-04-13 05:52:10,28.6,60.6,5.1,54.0,0.0,0.0,0.0
2026-04-13 05:52:15,28.6,60.6,19.7,54.0,0.0,0.0,0.0
2026-04-13 05:52:20,28.6,60.7,39.8,54.0,0.0,0.0,0.0
2026-04-13 05:52:25,28.6,60.8,0.0,54.0,0.0,0.0,0.0
2026-04-13 05:52:30,28.4,60.7,21.9,54.0,0.0,0.0,0.0
2026-04-13 05:52:35,28.5,60.7,22.9,54.0,0.0,0.0,0.0
2026-04-13 05:52:40,28.4,60.7,0.0,54.0,0.0,0.0,0.0
2026-04-13 05:52:45,28.6,60.7,27.8,54.0,0.0,0.0,0.0
2026-04-13 05:52:50,28.4,60.7,0.0,54.0,0.0,0.0,0.0
2026-04-13 05:52:55,28.4,60.7,10.0,54.0,0.0,0.0,0.0
2026-04-13 05:53:00,28.5,60.9,16.7,54.0,0.0,0.0,0.0
2026-04-13 05:53:05,28.4,61.0,10.7,54.0,0.0,0.0,0.0
2026-04-13 05:53:10,28.6,61.0,14.4,54.0,0.0,0.0,0.0
2026-04-13 05:53:15,28.7,60.9,17.5,54.0,0.0,0.0,0.0
2026-04-13 05:53:20,28.6,61.0,23.5,54.0,0.0,0.0,0.0
2026-04-13 05:53:25,28.5,61.1,14.7,54.0,0.0,0.0,0.0
2026-04-13 05:53:30,28.5,61.1,26.9,54.0,0.0,0.0,0.0
2026-04-13 05:53:35,28.5,61.1,0.8,54.0,0.0,0.0,0.0
2026-04-13 05:53:40,28.6,60.9,16.6,54.0,0.0,0.0,0.0
2026-04-13 05:53:45,28.8,60.9,14.7,54.0,0.0,0.0,0.0
2026-04-13 05:53:50,28.4,60.8,0.0,54.0,0.0,0.0,0.0
2026-04-13 05:53:55,28.4,60.8,3.8,54.0,0.0,0.0,0.0
2026-04-13 05:54:00,28.4,60.8,21.8,54.0,0.0,0.0,0.0
2026-04-13 05:54:05,28.4,60.9,13.1,54.0,0.0,0.0,0.0
2026-04-13 05:54:10,28.4,60.8,5.0,54.0,0.0,0.0,0.0
2026-04-13 05:54:15,28.5,60.9,16.9,54.0,0.0,0.0,0.0
2026-04-13 05:54:20,28.6,60.8,28.9,54.0,0.0,0.0,0.0
2026-04-13 05:54:25,28.4,60.8,14.8,54.0,0.0,0.0,0.0
2026-04-13 05:54:30,28.6,60.8,0.0,53.9,0.0,0.0,0.0
2026-04-13 05:54:35,28.5,60.8,0.0,53.9,0.0,0.0,0.0
2026-04-13 05:54:40,28.5,60.9,0.0,54.0,0.0,0.0,0.0
2026-04-13 05:54:45,28.6,60.7,28.9,54.0,0.0,0.0,0.0
2026-04-13 05:54:50,28.6,60.8,0.0,54.0,0.0,0.0,0.0
2026-04-13 05:54:55,28.6,60.7,17.8,54.0,0.0,0.0,0.0
2026-04-13 05:55:00,28.5,60.6,20.0,54.0,0.0,0.0,0.0
2026-04-13 05:55:05,28.4,60.7,28.9,54.0,0.0,0.0,0.0
2026-04-13 05:55:10,28.5,60.9,9.2,54.0,0.0,0.0,0.0
2026-04-13 05:55:15,28.6,60.8,0.0,54.0,0.0,0.0,0.0
2026-04-13 05:55:20,28.4,60.8,15.3,54.0,0.0,0.0,0.0
2026-04-13 05:55:25,28.4,60.8,13.9,54.0,0.0,0.0,0.0
2026-04-13 05:55:30,28.5,61.0,6.2,54.0,0.0,0.0,0.0
2026-04-13 05:55:35,28.4,60.9,18.6,54.0,0.0,0.0,0.0
2026-04-13 05:55:40,28.6,60.8,0.0,54.0,0.0,0.0,0.0
2026-04-13 05:55:45,28.5,60.9,9.3,54.0,0.0,0.0,0.0
2026-04-13 05:55:50,28.5,60.8,17.7,54.0,0.0,0.0,0.0
2026-04-13 05:55:55,28.6,60.8,25.1,54.0,0.0,0.0,0.0
2026-04-13 05:56:00,28.5,60.8,37.3,54.0,0.0,0.0,0.0
2026-04-13 05:56:05,28.6,60.9,11.6,54.0,0.0,0.0,0.0
2026-04-13 05:56:10,28.4,61.0,18.1,54.0,0.0,0.0,0.0
2026-04-13 05:56:15,28.6,61.0,18.3,54.0,0.0,0.0,0.0
2026-04-13 05:56:20,28.5,61.0,9.6,54.0,0.0,0.0,0.0
2026-04-13 05:56:25,28.5,61.0,7.2,54.0,0.0,0.0,0.0
2026-04-13 05:56:30,28.4,61.1,6.0,54.0,0.0,0.0,0.0
2026-04-13 05:56:35,28.6,61.1,20.5,54.0,0.0,0.0,0.0
2026-04-13 05:56:40,28.5,61.0,0.0,54.0,0.0,0.0,0.0
2026-04-13 05:56:45,28.5,61.1,22.7,54.0,0.0,0.0,0.0
2026-04-13 05:56:50,28.7,61.0,17.3,54.0,0.0,0.0,0.0
2026-04-13 05:56:55,28.6,61.0,16.1,54.0,0.0,0.0,0.0
2026-04-13 05:57:00,28.3,61.1,16.1,53.9,0.0,0.0,0.0
2026-04-13 05:57:05,28.4,61.0,4.7,53.9,0.0,0.0,0.0
2026-04-13 05:57:10,28.4,61.1,26.7,53.9,0.0,0.0,0.0
2026-04-13 05:57:15,28.5,61.2,34.5,54.0,0.0,0.0,0.0
2026-04-13 05:57:20,28.6,61.2,17.6,54.0,0.0,0.0,0.0
2026-04-13 05:57:25,28.5,61.2,0.0,54.0,0.0,0.0,0.0
2026-04-13 05:57:30,28.6,61.1,0.0,54.0,0.0,0.0,0.0
2026-04-13 05:57:35,28.4,61.2,5.4,54.0,0.0,0.0,0.0
2026-04-13 05:57:40,28.5,61.3,1.2,54.0,0.0,0.0,0.0
2026-04-13 05:57:45,28.5,61.1,2.0,54.0,0.0,0.0,0.0
2026-04-13 05:57:50,28.4,61.1,18.8,54.0,0.0,0.0,0.0
2026-04-13 05:57:55,28.5,61.1,6.2,54.0,0.0,0.0,0.0
2026-04-13 05:58:00,28.5,61.2,0.0,54.0,0.0,0.0,0.0
2026-04-13 05:58:05,28.6,61.2,27.0,54.0,0.0,0.0,0.0
2026-04-13 05:58:10,28.5,61.2,23.4,54.0,0.0,0.0,0.0
2026-04-13 05:58:15,28.5,61.2,25.5,54.0,0.0,0.0,0.0
2026-04-13 05:58:20,28.7,61.2,0.0,54.0,0.0,0.0,0.0
2026-04-13 05:58:25,28.5,61.2,19.3,54.0,0.0,0.0,0.0
2026-04-13 05:58:30,28.5,61.2,11.5,54.0,0.0,0.0,0.0
2026-04-13 05:58:35,28.5,61.1,13.0,54.0,0.0,0.0,0.0
2026-04-13 05:58:40,28.4,61.1,11.4,54.0,0.0,0.0,0.0
2026-04-13 05:58:45,28.5,61.0,0.0,54.0,0.0,0.0,0.0
2026-04-13 05:58:50,28.5,61.2,32.4,54.0,0.0,0.0,0.0
2026-04-13 05:58:55,28.6,61.2,10.0,54.0,0.0,0.0,0.0
2026-04-13 05:59:00,28.4,61.2,23.8,54.0,0.0,0.0,0.0
2026-04-13 05:59:05,28.5,61.0,15.2,54.0,0.0,0.0,0.0
2026-04-13 05:59:10,28.5,61.1,27.1,54.0,0.0,0.0,0.0
2026-04-13 05:59:15,28.7,60.9,22.5,54.0,0.0,0.0,0.0
2026-04-13 05:59:20,28.6,60.9,9.8,54.0,0.0,0.0,0.0
2026-04-13 05:59:25,28.6,60.9,0.0,54.0,0.0,0.0,0.0
2026-04-13 05:59:30,28.5,60.9,1.2,54.0,0.0,0.0,0.0
2026-04-13 05:59:35,28.7,60.9,23.1,54.0,0.0,0.0,0.0
2026-04-13 05:59:40,28.5,60.9,8.8,54.0,0.0,0.0,0.0
2026-04-13 05:59:45,28.5,60.9,21.6,54.0,0.0,0.0,0.0
2026-04-13 05:59:50,28.6,60.8,11.2,54.0,0.0,0.0,0.0
2026-04-13 05:59:55,28.5,60.7,9.9,54.0,0.0,0.0,0.0
2026-04-13 06:00:00,28.5,60.7,13.4,54.0,0.0,0.0,0.0
2026-04-13 06:00:05,28.5,60.5,22.2,54.0,0.0,0.0,0.0
2026-04-13 06:00:10,28.6,60.4,45.5,54.0,0.0,0.0,0.0
2026-04-13 06:00:15,28.6,60.5,27.8,54.0,0.0,0.0,0.0
2026-04-13 06:00:20,28.5,60.6,16.7,54.0,0.0,0.0,0.0
2026-04-13 06:00:25,28.6,60.6,33.1,54.0,0.0,0.0,0.0
2026-04-13 06:00:30,28.4,60.6,30.6,54.0,0.0,0.0,0.0
2026-04-13 06:00:35,28.6,60.6,19.1,54.0,0.0,0.0,0.0
2026-04-13 06:00:40,28.6,60.7,32.1,54.0,0.0,0.0,0.0
2026-04-13 06:00:45,28.4,60.7,0.0,54.0,0.0,0.0,0.0
2026-04-13 06:00:50,28.6,60.7,16.2,54.0,0.0,0.0,0.0
2026-04-13 06:00:55,28.6,60.7,31.6,54.0,0.0,0.0,0.0
2026-04-13 06:01:00,28.6,60.7,29.7,54.0,0.0,0.0,0.0
2026-04-13 06:01:05,28.7,60.7,25.8,54.0,0.0,0.0,0.0
2026-04-13 06:01:10,28.6,60.7,24.0,54.0,0.0,0.0,0.0
2026-04-13 06:01:15,28.6,60.6,16.0,54.0,0.0,0.0,0.0
2026-04-13 06:01:20,28.6,60.7,7.8,54.0,0.0,0.0,0.0
2026-04-13 06:01:25,28.5,60.7,8.4,54.0,0.0,0.0,0.0
2026-04-13 06:01:30,28.5,60.7,0.0,54.0,0.0,0.0,0.0
2026-04-13 06:01:35,28.6,60.5,33.9,54.0,0.0,0.0,0.0
2026-04-13 06:01:40,28.6,60.6,12.1,54.0,0.0,0.0,0.0
2026-04-13 06:01:45,28.5,60.5,9.4,54.0,0.0,0.0,0.0
2026-04-13 06:01:50,28.5,60.5,17.6,54.0,0.0,0.0,0.0
2026-04-13 06:01:55,28.6,60.5,10.8,54.0,0.0,0.0,0.0
2026-04-13 06:02:00,28.5,60.6,20.0,54.0,0.0,0.0,0.0
2026-04-13 06:02:05,28.6,60.6,5.6,54.0,0.0,0.0,0.0
2026-04-13 06:02:10,28.5,60.7,23.5,54.0,0.0,0.0,0.0
2026-04-13 06:02:15,28.5,60.6,37.3,54.0,0.0,0.0,0.0
2026-04-13 06:02:20,28.7,60.6,23.6,54.0,0.0,0.0,0.0
2026-04-13 06:02:25,28.7,60.6,8.8,54.0,0.0,0.0,0.0
2026-04-13 06:02:30,28.6,60.5,16.0,54.0,0.0,0.0,0.0
2026-04-13 06:02:35,28.5,60.7,0.0,54.0,0.0,0.0,0.0
2026-04-13 06:02:40,28.6,60.7,12.6,54.0,0.0,0.0,0.0
2026-04-13 06:02:45,28.5,60.6,25.5,54.0,0.0,0.0,0.0
2026-04-13 06:02:50,28.6,60.6,15.6,54.0,0.0,0.0,0.0
2026-04-13 06:02:55,28.6,60.6,10.3,54.0,0.0,0.0,0.0
2026-04-13 06:03:00,28.6,60.6,0.0,54.0,0.0,0.0,0.0
2026-04-13 06:03:05,28.6,60.6,11.4,54.0,0.0,0.0,0.0
2026-04-13 06:03:10,28.5,60.6,9.8,54.0,0.0,0.0,0.0
2026-04-13 06:03:15,28.5,60.5,14.1,54.0,0.0,0.0,0.0
2026-04-13 06:03:20,28.6,60.6,16.0,54.0,0.0,0.0,0.0
2026-04-13 06:03:25,28.5,60.6,21.4,54.0,0.0,0.0,0.0
2026-04-13 06:03:30,28.7,60.5,27.9,54.0,0.0,0.0,0.0
2026-04-13 06:03:35,28.7,60.4,15.1,54.0,0.0,0.0,0.0
2026-04-13 06:03:40,28.7,60.4,12.8,54.0,0.0,0.0,0.0
2026-04-13 06:03:45,28.6,60.3,27.5,54.0,0.0,0.0,0.0
2026-04-13 06:03:50,28.6,60.2,13.9,54.0,0.0,0.0,0.0
2026-04-13 06:03:55,28.5,60.2,8.5,54.0,0.0,0.0,0.0
2026-04-13 06:04:00,28.5,60.2,3.0,54.0,0.0,0.0,0.0
2026-04-13 06:04:05,28.7,60.2,35.1,54.0,0.0,0.0,0.0
2026-04-13 06:04:10,28.5,60.3,8.2,54.0,0.0,0.0,0.0
2026-04-13 06:04:15,28.6,60.3,21.5,54.0,0.0,0.0,0.0
2026-04-13 06:04:20,28.5,60.3,26.0,54.0,0.0,0.0,0.0
2026-04-13 06:04:25,28.7,60.3,32.7,54.0,0.0,0.0,0.0
2026-04-13 06:04:30,28.6,60.5,23.6,54.0,0.0,0.0,0.0
2026-04-13 06:04:35,28.6,60.4,18.6,54.0,0.0,0.0,0.0
2026-04-13 06:04:40,28.7,60.3,5.0,54.0,0.0,0.0,0.0
2026-04-13 06:04:45,28.6,60.3,17.1,54.0,0.0,0.0,0.0
2026-04-13 06:04:50,28.4,60.4,8.7,54.0,0.0,0.0,0.0
2026-04-13 06:04:55,28.5,60.4,5.4,54.0,0.0,0.0,0.0
2026-04-13 06:05:00,28.6,60.3,24.3,54.0,0.0,0.0,0.0
2026-04-13 06:05:05,28.5,60.3,36.5,54.0,0.0,0.0,0.0
2026-04-13 06:05:10,28.7,60.3,20.1,54.0,0.0,0.0,0.0
2026-04-13 06:05:15,28.5,60.3,25.1,54.0,0.0,0.0,0.0
2026-04-13 06:05:20,28.5,60.2,18.8,54.0,0.0,0.0,0.0
2026-04-13 06:05:25,28.5,60.1,36.4,54.0,0.0,0.0,0.0
2026-04-13 06:05:30,28.5,60.3,18.6,54.0,0.0,0.0,0.0
2026-04-13 06:05:35,28.7,60.3,27.2,54.0,0.0,0.0,0.0
2026-04-13 06:05:40,28.6,60.4,25.2,54.0,0.0,0.0,0.0
2026-04-13 06:05:45,28.7,60.2,23.0,54.0,0.0,0.0,0.0
2026-04-13 06:05:50,28.6,60.1,16.4,54.0,0.0,0.0,0.0
2026-04-13 06:05:55,28.6,60.0,18.0,54.0,0.0,0.0,0.0
2026-04-13 06:06:00,28.5,60.0,16.3,54.0,0.0,0.0,0.0
2026-04-13 06:06:05,28.5,60.1,24.1,54.1,0.0,0.0,0.0
2026-04-13 06:06:10,28.7,60.0,22.3,54.1,0.0,0.0,0.0
2026-04-13 06:06:15,28.6,60.1,11.5,54.0,0.0,0.0,0.0
2026-04-13 06:06:20,28.7,59.9,14.8,54.0,0.0,0.0,0.0
2026-04-13 06:06:25,28.6,59.9,25.0,54.0,0.0,0.0,0.0
2026-04-13 06:06:30,28.7,60.0,22.8,54.0,0.0,0.0,0.0
2026-04-13 06:06:35,28.7,60.0,31.8,54.0,0.0,0.0,0.0
2026-04-13 06:06:40,28.6,60.0,8.4,54.0,0.0,0.0,0.0
2026-04-13 06:06:45,28.6,60.0,21.1,54.0,0.0,0.0,0.0
2026-04-13 06:06:50,28.5,60.1,16.3,54.0,0.0,0.0,0.0
2026-04-13 06:06:55,28.6,60.2,19.3,54.0,0.0,0.0,0.0
2026-04-13 06:07:00,28.8,60.1,40.8,54.0,0.0,0.0,0.0
2026-04-13 06:07:05,28.6,60.1,36.7,54.0,0.0,0.0,0.0
2026-04-13 06:07:10,28.7,60.1,26.2,54.0,0.0,0.0,0.0
2026-04-13 06:07:15,28.6,60.0,17.8,54.0,0.0,0.0,0.0
2026-04-13 06:07:20,28.6,60.0,31.8,54.0,0.0,0.0,0.0
2026-04-13 06:07:25,28.6,60.0,32.5,54.0,0.0,0.0,0.0
2026-04-13 06:07:30,28.5,60.1,32.5,54.0,0.0,0.0,0.0
2026-04-13 06:07:35,28.7,60.1,33.7,54.0,0.0,0.0,0.0
2026-04-13 06:07:40,28.7,60.2,28.7,54.0,0.0,0.0,0.0
2026-04-13 06:07:45,28.7,60.1,7.0,54.0,0.0,0.0,0.0
2026-04-13 06:07:50,28.8,60.1,31.5,54.0,0.0,0.0,0.0
2026-04-13 06:07:55,28.7,60.1,22.9,54.0,0.0,0.0,0.0
2026-04-13 06:08:00,28.6,60.1,20.1,54.0,0.0,0.0,0.0
2026-04-13 06:08:05,28.6,60.1,22.0,54.0,0.0,0.0,0.0
2026-04-13 06:08:10,28.4,60.1,42.5,54.0,0.0,0.0,0.0
2026-04-13 06:08:15,28.5,60.2,22.7,54.0,0.0,0.0,0.0
2026-04-13 06:08:20,28.6,60.1,21.5,54.0,0.0,0.0,0.0
2026-04-13 06:08:25,28.5,60.1,28.2,54.0,0.0,0.0,0.0
2026-04-13 06:08:30,28.6,60.2,25.1,54.0,0.0,0.0,0.0
2026-04-13 06:08:35,28.5,60.1,36.8,54.0,0.0,0.0,0.0
2026-04-13 06:08:40,28.6,60.2,16.3,54.0,0.0,0.0,0.0
2026-04-13 06:08:45,28.6,60.2,26.4,54.0,0.0,0.0,0.0
2026-04-13 06:08:50,28.6,60.3,7.9,54.0,0.0,0.0,0.0
2026-04-13 06:08:55,28.6,60.1,37.4,54.0,0.0,0.0,0.0
2026-04-13 06:09:00,28.6,60.1,29.1,54.0,0.0,0.0,0.0
2026-04-13 06:09:05,28.7,60.2,26.4,54.0,0.0,0.0,0.0
2026-04-13 06:09:10,28.6,60.2,17.6,54.0,0.0,0.0,0.0
2026-04-13 06:09:15,28.6,60.2,23.2,54.0,0.0,0.0,0.0
2026-04-13 06:09:20,28.6,60.1,18.1,54.0,0.0,0.0,0.0
2026-04-13 06:09:25,28.6,60.1,40.0,54.0,0.0,0.0,0.0
2026-04-13 06:09:30,28.5,60.2,6.9,54.0,0.0,0.0,0.0
2026-04-13 06:09:35,28.7,60.1,22.2,54.0,0.0,0.0,0.0
2026-04-13 06:09:40,28.7,60.2,19.7,54.0,0.0,0.0,0.0
2026-04-13 06:09:45,28.6,60.1,18.5,54.0,0.0,0.0,0.0
2026-04-13 06:09:50,28.5,60.3,29.3,54.0,0.0,0.0,0.0
2026-04-13 06:09:55,28.6,60.3,33.9,54.0,0.0,0.0,0.0
2026-04-13 06:10:00,28.5,60.3,23.4,54.0,0.0,0.0,0.0
2026-04-13 06:10:05,28.6,60.2,34.4,54.0,0.0,0.0,0.0
2026-04-13 06:10:10,28.6,60.1,29.4,54.0,0.0,0.0,0.0
2026-04-13 06:10:15,28.5,60.1,46.6,54.0,0.0,0.0,0.0
2026-04-13 06:10:20,28.7,60.1,24.1,54.0,0.0,0.0,0.0
2026-04-13 06:10:25,28.6,60.2,27.9,54.0,0.0,0.0,0.0
2026-04-13 06:10:30,28.6,60.1,53.0,54.0,0.0,0.0,0.0
2026-04-13 06:10:35,28.6,60.0,28.4,54.0,0.0,0.0,0.0
2026-04-13 06:10:40,28.7,60.0,25.4,54.0,0.0,0.0,0.0
2026-04-13 06:10:45,28.6,60.1,23.6,54.0,0.0,0.0,0.0
2026-04-13 06:10:50,28.7,60.0,51.7,54.0,0.0,0.0,0.0
2026-04-13 06:10:55,28.6,59.8,37.0,54.0,0.0,0.0,0.0
2026-04-13 06:11:00,28.7,59.8,13.7,54.0,0.0,0.0,0.0
2026-04-13 06:11:05,28.7,59.8,50.6,54.0,0.0,0.0,0.0
2026-04-13 06:11:10,28.7,59.8,46.4,54.0,0.0,0.0,0.0
2026-04-13 06:11:15,28.6,59.9,41.1,54.0,0.0,0.0,0.0
2026-04-13 06:11:20,28.4,59.8,14.3,54.0,0.0,0.0,0.0
2026-04-13 06:11:25,28.5,59.6,51.4,54.0,0.0,0.0,0.0
2026-04-13 06:11:30,28.6,59.7,25.6,54.0,0.0,0.0,0.0
2026-04-13 06:11:35,28.7,59.5,35.7,54.0,0.0,0.0,0.0
2026-04-13 06:11:40,28.7,59.6,41.2,54.1,0.0,0.0,0.0
2026-04-13 06:11:45,28.6,59.6,33.5,54.1,0.0,0.0,0.0
2026-04-13 06:11:50,28.7,59.6,20.0,54.0,0.0,0.0,0.0
2026-04-13 06:11:55,28.6,59.6,28.0,54.0,0.0,0.0,0.0
2026-04-13 06:12:00,28.5,59.6,51.2,54.0,0.0,0.0,0.0
2026-04-13 06:12:05,28.8,59.6,36.9,54.0,0.0,0.0,0.0
2026-04-13 06:12:10,28.6,59.7,43.3,54.0,0.0,0.0,0.0
2026-04-13 06:12:15,28.5,59.7,29.2,54.0,0.0,0.0,0.0
2026-04-13 06:12:20,28.5,59.6,24.3,54.0,0.0,0.0,0.0
2026-04-13 06:12:25,28.6,59.5,47.0,54.0,0.0,0.0,0.0
2026-04-13 06:12:30,28.7,59.4,26.8,54.0,0.0,0.0,0.0
2026-04-13 06:12:35,28.6,59.4,42.2,54.0,0.0,0.0,0.0
2026-04-13 06:12:40,28.6,59.6,28.6,54.0,0.0,0.0,0.0
2026-04-13 06:12:45,28.6,59.8,34.8,54.1,0.0,0.0,0.0
2026-04-13 06:12:50,28.7,59.9,47.5,54.1,0.0,0.0,0.0
2026-04-13 06:12:55,28.5,60.0,40.5,54.1,0.0,0.0,0.0
2026-04-13 06:13:00,28.6,60.0,16.9,54.0,0.0,0.0,0.0
2026-04-13 06:13:05,28.5,60.0,42.1,54.0,0.0,0.0,0.0
2026-04-13 06:13:10,28.5,60.1,42.0,54.0,0.0,0.0,0.0
2026-04-13 06:13:15,28.6,60.0,29.8,54.0,0.0,0.0,0.0
2026-04-13 06:13:20,28.5,60.1,25.0,54.0,0.0,0.0,0.0
2026-04-13 06:13:25,28.6,60.1,34.2,54.0,0.0,0.0,0.0
2026-04-13 06:13:30,28.7,60.1,36.5,54.0,0.0,0.0,0.0
2026-04-13 06:13:35,28.7,60.0,47.8,54.1,0.0,0.0,0.0
2026-04-13 06:13:40,28.5,59.9,27.8,54.1,0.0,0.0,0.0
2026-04-13 06:13:45,28.7,59.9,27.1,54.0,0.0,0.0,0.0
2026-04-13 06:13:50,28.6,59.8,50.0,54.0,0.0,0.0,0.0
2026-04-13 06:13:55,28.6,59.7,43.2,54.0,0.0,0.0,0.0
2026-04-13 06:14:00,28.6,59.7,30.3,54.0,0.0,0.0,0.0
2026-04-13 06:14:05,28.6,59.7,39.2,54.0,0.0,0.0,0.0
2026-04-13 06:14:10,28.7,59.5,35.8,54.1,0.0,0.0,0.0
2026-04-13 06:14:15,28.5,59.6,27.1,54.1,0.0,0.0,0.0
2026-04-13 06:14:20,28.5,59.6,57.8,54.1,0.0,0.0,0.0
2026-04-13 06:14:25,28.4,59.7,50.6,54.0,0.0,0.0,0.0
2026-04-13 06:14:30,28.5,59.5,59.3,54.0,0.0,0.0,0.0
2026-04-13 06:14:35,28.3,59.5,36.0,54.0,0.0,0.0,0.0
2026-04-13 06:14:40,28.6,59.4,34.2,54.0,0.0,0.0,0.0
2026-04-13 06:14:45,28.7,59.5,34.1,54.1,0.0,0.0,0.0
2026-04-13 06:14:50,28.5,59.3,34.6,54.1,0.0,0.0,0.0
2026-04-13 06:14:55,28.7,59.2,31.6,54.1,0.0,0.0,0.0
2026-04-13 06:15:00,28.6,59.3,35.1,54.1,0.0,0.0,0.0
2026-04-13 06:15:05,28.6,59.3,31.2,54.1,0.0,0.0,0.0
2026-04-13 06:15:10,28.5,59.4,50.8,54.1,0.0,0.0,0.0
2026-04-13 06:15:15,28.6,59.4,32.9,54.0,0.0,0.0,0.0
2026-04-13 06:15:20,28.5,59.5,32.6,54.0,0.0,0.0,0.0
2026-04-13 06:15:25,28.7,59.5,32.0,54.0,0.0,0.0,0.0
2026-04-13 06:15:30,28.6,59.4,52.5,54.0,0.0,0.0,0.0
2026-04-13 06:15:35,28.5,59.4,42.4,54.1,0.0,0.0,0.0
2026-04-13 06:15:40,28.6,59.5,59.2,54.1,0.0,0.0,0.0
2026-04-13 06:15:45,28.5,59.5,41.9,54.1,0.0,0.0,0.0
2026-04-13 06:15:50,28.6,59.5,41.9,54.0,0.0,0.0,0.0
2026-04-13 06:15:55,28.6,59.5,22.0,54.0,0.0,0.0,0.0
2026-04-13 06:16:00,28.5,59.5,37.0,54.1,0.0,0.0,0.0
2026-04-13 06:16:05,28.4,59.4,30.3,54.1,0.0,0.0,0.0
2026-04-13 06:16:10,28.7,59.5,52.8,54.1,0.0,0.0,0.0
2026-04-13 06:16:15,28.6,59.6,47.7,54.1,0.0,0.0,0.0
2026-04-13 06:16:20,28.6,59.5,33.7,54.1,0.0,0.0,0.0
2026-04-13 06:16:25,28.6,59.5,30.2,54.0,0.0,0.0,0.0
2026-04-13 06:16:30,28.6,59.5,30.7,54.0,0.0,0.0,0.0
2026-04-13 06:16:35,28.6,59.7,26.6,54.0,0.0,0.0,0.0
2026-04-13 06:16:40,28.7,59.6,31.9,54.0,0.0,0.0,0.0
2026-04-13 06:16:45,28.5,59.6,30.0,54.0,0.0,0.0,0.0
2026-04-13 06:16:50,28.6,59.6,20.0,54.0,0.0,0.0,0.0
2026-04-13 06:16:55,28.6,59.6,26.8,54.0,0.0,0.0,0.0
2026-04-13 06:17:00,28.7,59.5,43.9,54.0,0.0,0.0,0.0
2026-04-13 06:17:05,28.7,59.4,33.4,54.0,0.0,0.0,0.0
2026-04-13 06:17:10,28.6,59.5,29.4,54.0,0.0,0.0,0.0
2026-04-13 06:17:15,28.6,59.6,37.5,54.1,0.0,0.0,0.0
2026-04-13 06:17:20,28.7,59.4,51.9,54.1,0.0,0.0,0.0
2026-04-13 06:17:25,28.7,59.3,40.9,54.1,0.0,0.0,0.0
2026-04-13 06:17:30,28.7,59.1,41.4,54.1,0.0,0.0,0.0
2026-04-13 06:17:35,28.5,59.2,20.1,54.1,0.0,0.0,0.0
2026-04-13 06:17:40,28.6,59.2,53.5,54.1,0.0,0.0,0.0
2026-04-13 06:17:45,28.7,59.3,31.8,54.1,0.0,0.0,0.0
2026-04-13 06:17:50,28.5,59.3,62.6,54.0,0.0,0.0,0.0
2026-04-13 06:17:55,28.6,59.5,42.5,54.0,0.0,0.0,0.0
2026-04-13 06:18:00,28.6,59.4,54.1,54.0,0.0,0.0,0.0
2026-04-13 06:18:05,28.7,59.4,42.2,54.0,0.0,0.0,0.0
2026-04-13 06:18:10,28.6,59.4,40.8,54.0,0.0,0.0,0.0
2026-04-13 06:18:15,28.6,59.4,33.9,54.0,0.0,0.0,0.0
2026-04-13 06:18:20,28.7,59.4,45.0,54.0,0.0,0.0,0.0
2026-04-13 06:18:25,28.7,59.3,39.0,54.0,0.0,0.0,0.0
2026-04-13 06:18:30,28.7,59.3,31.4,54.0,0.0,0.0,0.0
2026-04-13 06:18:35,28.7,59.2,46.3,54.1,0.0,0.0,0.0
2026-04-13 06:18:40,28.6,59.4,28.2,54.1,0.0,0.0,0.0
2026-04-13 06:18:45,28.8,59.4,38.2,54.1,0.0,0.0,0.0
2026-04-13 06:18:50,28.6,59.5,40.2,54.0,0.0,0.0,0.0
2026-04-13 06:18:55,28.7,59.4,39.1,54.0,0.0,0.0,0.0
2026-04-13 06:19:00,28.7,59.4,63.9,54.0,0.0,0.0,0.0
2026-04-13 06:19:05,28.7,59.5,55.4,54.0,0.0,0.0,0.0
2026-04-13 06:19:10,28.6,59.5,59.7,54.0,0.0,0.0,0.0
2026-04-13 06:19:15,28.7,59.5,31.2,54.0,0.0,0.0,0.0
2026-04-13 06:19:20,28.6,59.6,52.7,54.0,0.0,0.0,0.0
2026-04-13 06:19:25,28.6,59.5,43.7,54.0,0.0,0.0,0.0
2026-04-13 06:19:30,28.7,59.4,40.7,54.0,0.0,0.0,0.0
2026-04-13 06:19:35,28.7,59.4,47.0,54.0,0.0,0.0,0.0
2026-04-13 06:19:40,28.6,59.3,63.7,54.0,0.0,0.0,0.0
2026-04-13 06:19:45,28.6,59.2,34.5,54.0,0.0,0.0,0.0
2026-04-13 06:19:50,28.6,59.3,47.1,54.0,0.0,0.0,0.0
2026-04-13 06:19:55,28.5,59.2,43.9,54.0,0.0,0.0,0.0
2026-04-13 06:20:00,28.6,59.2,55.2,54.0,0.0,0.0,0.0
2026-04-13 06:20:05,28.7,59.1,37.1,54.0,0.0,0.0,0.0
2026-04-13 06:20:10,28.5,59.1,37.0,54.1,0.0,0.0,0.0
2026-04-13 06:20:15,28.6,59.0,42.3,54.1,0.0,0.0,0.0
2026-04-13 06:20:20,28.6,59.0,55.1,54.0,0.0,0.0,0.0
2026-04-13 06:20:25,28.8,59.0,49.4,54.0,0.0,0.0,0.0
2026-04-13 06:20:30,28.4,59.1,36.9,54.1,0.0,0.0,0.0
2026-04-13 06:20:35,28.7,59.1,43.2,54.1,0.0,0.0,0.0
2026-04-13 06:20:40,28.6,59.1,56.7,54.1,0.0,0.0,0.0
2026-04-13 06:20:45,28.5,59.2,43.1,54.0,0.0,0.0,0.0
2026-04-13 06:20:50,28.7,59.3,43.8,54.0,0.0,0.0,0.0
2026-04-13 06:20:55,28.6,59.4,58.8,54.0,0.0,0.0,0.0
2026-04-13 06:21:00,28.6,59.3,46.0,54.0,0.0,0.0,0.0
2026-04-13 06:21:05,28.7,59.4,61.0,54.0,0.0,0.0,0.0
2026-04-13 06:21:10,28.6,59.2,50.4,54.0,0.0,0.0,0.0
2026-04-13 06:21:15,28.6,59.1,53.3,54.0,0.0,0.0,0.0
2026-04-13 06:21:20,28.5,59.2,46.6,54.0,0.0,0.0,0.0
2026-04-13 06:21:25,28.5,59.1,44.1,54.0,0.0,0.0,0.0
2026-04-13 06:21:30,28.6,59.1,51.3,54.0,0.0,0.0,0.0
2026-04-13 06:21:35,28.7,58.9,46.7,54.0,0.0,0.0,0.0
2026-04-13 06:21:40,28.6,58.8,50.4,54.0,0.0,0.0,0.0
2026-04-13 06:21:45,28.6,58.8,70.4,54.0,0.0,0.0,0.0
2026-04-13 06:21:50,28.7,58.9,63.1,54.0,0.0,0.0,0.0
2026-04-13 06:21:55,28.8,58.8,50.1,54.0,0.0,0.0,0.0
2026-04-13 06:22:00,28.7,58.8,56.0,54.0,0.0,0.0,0.0
2026-04-13 06:22:05,28.6,58.7,68.2,54.0,0.0,0.0,0.0
2026-04-13 06:22:10,28.6,58.8,30.2,54.0,0.0,0.0,0.0
2026-04-13 06:22:15,28.5,58.8,54.0,54.0,0.0,0.0,0.0
2026-04-13 06:22:20,28.6,58.8,48.1,54.0,0.0,0.0,0.0
2026-04-13 06:22:25,28.8,58.7,69.2,54.0,0.0,0.0,0.0
2026-04-13 06:22:30,28.7,58.8,37.0,54.0,0.0,0.0,0.0
2026-04-13 06:22:35,28.6,58.9,47.5,54.0,0.0,0.0,0.0
2026-04-13 06:22:40,28.7,58.9,50.0,54.0,0.0,0.0,0.0
2026-04-13 06:22:45,28.6,58.8,36.8,54.0,0.0,0.0,0.0
2026-04-13 06:22:50,28.7,58.8,54.3,54.0,0.0,0.0,0.0
2026-04-13 06:22:55,28.7,59.0,58.7,54.0,0.0,0.0,0.0
2026-04-13 06:23:00,28.8,58.9,54.3,54.0,0.0,0.0,0.0
2026-04-13 06:23:05,28.6,58.9,50.9,54.0,0.0,0.0,0.0
2026-04-13 06:23:10,28.7,58.9,61.6,54.0,0.0,0.0,0.0
2026-04-13 06:23:15,28.8,58.9,42.2,54.0,0.0,0.0,0.0
2026-04-13 06:23:20,28.6,58.9,50.8,54.0,0.0,0.0,0.0
2026-04-13 06:23:25,28.7,58.8,41.1,54.0,0.0,0.0,0.0
2026-04-13 06:23:30,28.7,58.8,28.6,54.0,0.0,0.0,0.0
2026-04-13 06:23:35,28.7,58.7,41.6,54.0,0.0,0.0,0.0
2026-04-13 06:23:40,28.6,58.6,59.0,54.0,0.0,0.0,0.0
2026-04-13 06:23:45,28.6,58.7,50.6,54.0,0.0,0.0,0.0
2026-04-13 06:23:50,28.5,58.8,63.8,54.0,0.0,0.0,0.0
2026-04-13 06:23:55,28.6,58.9,61.5,54.0,0.0,0.0,0.0
2026-04-13 06:24:00,28.6,59.0,50.2,54.0,0.0,0.0,0.0
2026-04-13 06:24:05,28.7,59.1,47.6,54.0,0.0,0.0,0.0
2026-04-13 06:24:10,28.7,59.0,48.2,54.0,0.0,0.0,0.0
2026-04-13 06:24:15,28.8,59.1,53.7,53.9,0.0,0.0,0.0
2026-04-13 06:24:20,28.6,59.0,48.9,53.9,0.0,0.0,0.0
2026-04-13 06:24:25,28.5,59.0,58.9,53.9,0.0,0.0,0.0
2026-04-13 06:24:30,28.9,58.9,53.5,54.0,0.0,0.0,0.0
2026-04-13 06:24:35,28.6,58.9,37.2,54.0,0.0,0.0,0.0
2026-04-13 06:24:40,28.8,59.0,56.0,54.0,0.0,0.0,0.0
2026-04-13 06:24:45,28.8,58.9,51.5,54.0,0.0,0.0,0.0
2026-04-13 06:24:50,28.6,58.9,71.5,53.9,0.0,0.0,0.0
2026-04-13 06:24:55,28.7,58.8,51.1,53.9,0.0,0.0,0.0
2026-04-13 06:25:00,28.6,58.6,77.8,53.9,0.0,0.0,0.0
2026-04-13 06:25:05,28.9,58.5,48.8,54.0,0.0,0.0,0.0
2026-04-13 06:25:10,28.7,58.4,52.7,54.0,0.0,0.0,0.0
2026-04-13 06:25:15,28.5,58.4,56.6,54.0,0.0,0.0,0.0
2026-04-13 06:25:20,28.6,58.3,73.8,54.0,0.0,0.0,0.0
2026-04-13 06:25:25,28.6,58.3,46.1,54.0,0.0,0.0,0.0
2026-04-13 06:25:30,28.5,58.3,61.3,54.0,0.0,0.0,0.0
2026-04-13 06:25:35,28.6,58.5,69.4,53.9,0.0,0.0,0.0
2026-04-13 06:25:40,28.6,58.6,55.8,53.9,0.0,0.0,0.0
2026-04-13 06:25:45,28.6,58.5,49.7,53.9,0.0,0.0,0.0
2026-04-13 06:25:50,28.6,58.5,44.7,53.9,0.0,0.0,0.0
2026-04-13 06:25:55,28.6,58.6,64.0,54.0,0.0,0.0,0.0
2026-04-13 06:26:00,28.6,58.6,46.3,54.0,0.0,0.0,0.0
2026-04-13 06:26:05,28.7,58.8,40.2,54.0,0.0,0.0,0.0
2026-04-13 06:26:10,28.7,58.6,47.5,54.0,0.0,0.0,0.0
2026-04-13 06:26:15,28.5,58.6,68.5,54.0,0.0,0.0,0.0
2026-04-13 06:26:20,28.6,58.6,51.7,54.0,0.0,0.0,0.0
2026-04-13 06:26:25,28.8,58.7,59.4,54.0,0.0,0.0,0.0
2026-04-13 06:26:30,28.7,58.8,55.1,54.0,0.0,0.0,0.0
2026-04-13 06:26:35,28.7,58.9,68.5,54.0,0.0,0.0,0.0
2026-04-13 06:26:40,28.8,58.8,57.3,54.0,0.0,0.0,0.0
2026-04-13 06:26:45,28.6,58.8,53.0,54.0,0.0,0.0,0.0
2026-04-13 06:26:50,28.5,58.7,56.2,54.0,0.0,0.0,0.0
2026-04-13 06:26:55,28.9,58.7,61.8,54.0,0.0,0.0,0.0
2026-04-13 06:27:00,28.5,58.7,65.2,54.0,0.0,0.0,0.0
2026-04-13 06:27:05,28.7,58.6,85.0,54.0,0.0,0.0,0.0
2026-04-13 06:27:10,28.8,58.5,63.6,54.0,0.0,0.0,0.0
2026-04-13 06:27:15,28.7,58.5,71.7,54.0,0.0,0.0,0.0
2026-04-13 06:27:20,28.7,58.4,51.1,54.0,0.0,0.0,0.0
2026-04-13 06:27:25,28.7,58.5,61.1,54.0,0.0,0.0,0.0
2026-04-13 06:27:30,28.7,58.6,60.1,54.0,0.0,0.0,0.0
2026-04-13 06:27:35,28.6,58.6,68.0,54.0,0.0,0.0,0.0
2026-04-13 06:27:40,28.7,58.7,47.1,54.0,0.0,0.0,0.0
2026-04-13 06:27:45,28.7,58.6,69.8,54.0,0.0,0.0,0.0
2026-04-13 06:27:50,28.6,58.4,65.4,54.0,0.0,0.0,0.0
2026-04-13 06:27:55,28.7,58.4,69.0,54.0,0.0,0.0,0.0
2026-04-13 06:28:00,28.8,58.4,59.7,54.0,0.0,0.0,0.0
2026-04-13 06:28:05,28.7,58.4,75.1,54.0,0.0,0.0,0.0
2026-04-13 06:28:10,28.7,58.4,60.0,54.0,0.0,0.0,0.0
2026-04-13 06:28:15,28.6,58.4,64.0,54.0,0.0,0.0,0.0
2026-04-13 06:28:20,28.7,58.5,54.3,54.0,0.0,0.0,0.0
2026-04-13 06:28:25,28.6,58.6,68.2,54.0,0.0,0.0,0.0
2026-04-13 06:28:30,28.8,58.7,69.6,54.0,0.0,0.0,0.0
2026-04-13 06:28:35,28.7,58.8,60.3,54.0,0.0,0.0,0.0
2026-04-13 06:28:40,28.7,58.8,70.8,54.0,0.0,0.0,0.0
2026-04-13 06:28:45,28.6,58.9,78.9,54.0,0.0,0.0,0.0
2026-04-13 06:28:50,28.7,58.8,74.3,54.0,0.0,0.0,0.0
2026-04-13 06:28:55,28.6,58.6,38.8,54.0,0.0,0.0,0.0
2026-04-13 06:29:00,28.7,58.7,58.2,53.9,0.0,0.0,0.0
2026-04-13 06:29:05,28.6,58.8,51.7,53.9,0.0,0.0,0.0
2026-04-13 06:29:10,28.7,58.7,59.4,54.0,0.0,0.0,0.0
2026-04-13 06:29:15,28.6,58.6,70.0,54.0,0.0,0.0,0.0
2026-04-13 06:29:20,28.8,58.7,60.7,54.0,0.0,0.0,0.0
2026-04-13 06:29:25,28.8,58.6,64.5,54.0,0.0,0.0,0.0
2026-04-13 06:29:30,28.7,58.5,60.9,54.0,0.0,0.0,0.0
2026-04-13 06:29:35,28.8,58.5,66.2,54.0,0.0,0.0,0.0
2026-04-13 06:29:40,28.5,58.5,64.0,54.0,0.0,0.0,0.0
2026-04-13 06:29:45,28.7,58.4,77.1,54.0,0.0,0.0,0.0
2026-04-13 06:29:50,28.7,58.3,73.1,54.0,0.0,0.0,0.0
2026-04-13 06:29:55,28.8,58.2,60.1,54.0,0.0,0.0,0.0
2026-04-13 06:30:00,28.6,58.2,77.4,54.0,0.0,0.0,0.0
2026-04-13 06:30:05,28.7,58.3,58.2,54.0,0.0,0.0,0.0
2026-04-13 06:30:10,28.6,58.2,75.6,54.0,0.0,0.0,0.0
2026-04-13 06:30:15,28.6,58.2,70.4,54.0,0.0,0.0,0.0
2026-04-13 06:30:20,28.9,58.2,73.7,54.0,0.0,0.0,0.0
2026-04-13 06:30:25,28.7,58.1,59.1,54.0,0.0,0.0,0.0
2026-04-13 06:30:30,28.7,58.0,75.6,54.0,0.0,0.0,0.0
2026-04-13 06:30:35,28.8,57.9,74.8,54.0,0.0,0.0,0.0
2026-04-13 06:30:40,28.5,58.0,53.9,54.0,0.0,0.0,0.0
2026-04-13 06:30:45,28.7,58.0,78.1,54.0,0.0,0.0,0.0
2026-04-13 06:30:50,28.7,57.9,60.2,54.0,0.0,0.0,0.0
2026-04-13 06:30:55,28.7,57.9,55.2,54.0,0.0,0.0,0.0
2026-04-13 06:31:00,28.6,57.9,65.7,54.0,0.0,0.0,0.0
2026-04-13 06:31:05,28.7,57.9,63.6,54.0,0.0,0.0,0.0
2026-04-13 06:31:10,28.8,57.8,58.3,54.0,0.0,0.0,0.0
2026-04-13 06:31:15,28.6,57.7,65.7,54.0,0.0,0.0,0.0
2026-04-13 06:31:20,28.7,57.7,73.4,54.0,0.0,0.0,0.0
2026-04-13 06:31:25,28.6,57.7,77.4,54.0,0.0,0.0,0.0
2026-04-13 06:31:30,28.8,57.8,74.6,54.0,0.0,0.0,0.0
2026-04-13 06:31:35,28.7,57.8,79.1,54.0,0.0,0.0,0.0
2026-04-13 06:31:40,28.6,57.8,54.0,54.0,0.0,0.0,0.0
2026-04-13 06:31:45,28.7,57.6,75.7,54.0,0.0,0.0,0.0
2026-04-13 06:31:50,28.7,57.6,75.7,54.0,0.0,0.0,0.0
2026-04-13 06:31:55,28.7,57.5,67.8,54.0,0.0,0.0,0.0
2026-04-13 06:32:00,28.7,57.4,69.2,54.0,0.0,0.0,0.0
2026-04-13 06:32:05,28.8,57.4,79.0,54.0,0.0,0.0,0.0
2026-04-13 06:32:10,28.7,57.3,57.0,54.0,0.0,0.0,0.0
2026-04-13 06:32:15,28.7,57.2,64.5,54.0,0.0,0.0,0.0
2026-04-13 06:32:20,28.7,57.1,57.6,54.0,0.0,0.0,0.0
2026-04-13 06:32:25,28.7,57.0,63.5,54.0,0.0,0.0,0.0
2026-04-13 06:32:30,28.7,57.0,64.2,54.0,0.0,0.0,0.0
2026-04-13 06:32:35,28.6,57.0,60.0,54.0,0.0,0.0,0.0
2026-04-13 06:32:40,28.8,57.0,75.8,54.0,0.0,0.0,0.0
2026-04-13 06:32:45,28.7,57.1,56.6,54.0,0.0,0.0,0.0
2026-04-13 06:32:50,28.7,57.2,55.0,54.0,0.0,0.0,0.0
2026-04-13 06:32:55,28.6,57.2,69.5,54.0,0.0,0.0,0.0
2026-04-13 06:33:00,28.8,57.2,75.8,54.0,0.0,0.0,0.0
2026-04-13 06:33:05,28.8,57.2,69.1,54.0,0.0,0.0,0.0
2026-04-13 06:33:10,28.7,57.2,83.6,54.0,0.0,0.0,0.0
2026-04-13 06:33:15,28.7,57.2,64.3,54.0,0.0,0.0,0.0
2026-04-13 06:33:20,28.8,57.3,74.5,54.0,0.0,0.0,0.0
2026-04-13 06:33:25,28.7,57.3,76.5,54.0,0.0,0.0,0.0
2026-04-13 06:33:30,28.7,57.2,57.5,54.0,0.0,0.0,0.0
2026-04-13 06:33:35,28.8,57.0,73.9,54.0,0.0,0.0,0.0
2026-04-13 06:33:40,28.6,57.1,66.2,54.0,0.0,0.0,0.0
2026-04-13 06:33:45,28.7,57.3,64.8,54.0,0.0,0.0,0.0
2026-04-13 06:33:50,28.7,57.2,75.6,54.0,0.0,0.0,0.0
2026-04-13 06:33:55,28.7,57.3,91.8,54.0,0.0,0.0,0.0
2026-04-13 06:34:00,28.8,57.2,72.0,54.0,0.0,0.0,0.0
2026-04-13 06:34:05,28.7,57.4,93.3,54.0,0.0,0.0,0.0
2026-04-13 06:34:10,28.6,57.3,80.6,54.0,0.0,0.0,0.0
2026-04-13 06:34:15,28.5,57.4,80.6,54.0,0.0,0.0,0.0
2026-04-13 06:34:20,28.6,57.3,53.7,54.0,0.0,0.0,0.0
2026-04-13 06:34:25,28.5,57.3,68.4,54.0,0.0,0.0,0.0
2026-04-13 06:34:30,28.7,57.3,62.3,54.0,0.0,0.0,0.0
2026-04-13 06:34:35,28.6,57.3,81.4,54.0,0.0,0.0,0.0
2026-04-13 06:34:40,28.5,57.3,73.5,54.0,0.0,0.0,0.0
2026-04-13 06:34:45,28.7,57.3,79.6,54.0,0.0,0.0,0.0
2026-04-13 06:34:50,28.7,57.2,87.5,54.0,0.0,0.0,0.0
2026-04-13 06:34:55,28.7,57.3,104.6,54.0,0.0,0.0,0.0
2026-04-13 06:35:00,28.8,57.2,62.5,54.0,0.0,0.0,0.0
2026-04-13 06:35:05,28.8,57.3,87.6,54.0,0.0,0.0,0.0
2026-04-13 06:35:10,28.7,57.2,70.5,54.1,0.0,0.0,0.0
2026-04-13 06:35:15,28.6,57.2,69.1,54.1,0.0,0.0,0.0
2026-04-13 06:35:20,28.7,57.2,70.5,54.0,0.0,0.0,0.0
2026-04-13 06:35:25,28.6,57.2,81.0,54.0,0.0,0.0,0.0
2026-04-13 06:35:30,28.8,57.3,78.6,54.0,0.0,0.0,0.0
2026-04-13 06:35:35,28.7,57.3,73.9,54.0,0.0,0.0,0.0
2026-04-13 06:35:40,28.6,57.4,74.1,54.0,0.0,0.0,0.0
2026-04-13 06:35:45,28.7,57.4,85.9,54.0,0.0,0.0,0.0
2026-04-13 06:35:50,28.7,57.5,71.1,54.0,0.0,0.0,0.0
2026-04-13 06:35:55,28.8,57.6,102.1,54.0,0.0,0.0,0.0
2026-04-13 06:36:00,28.6,57.5,69.7,54.0,0.0,0.0,0.0
2026-04-13 06:36:05,28.7,57.5,77.7,54.0,0.0,0.0,0.0
2026-04-13 06:36:10,28.6,57.6,95.2,54.0,0.0,0.0,0.0
2026-04-13 06:36:15,28.6,57.6,95.7,54.0,0.0,0.0,0.0
2026-04-13 06:36:20,28.6,57.5,79.0,54.0,0.0,0.0,0.0
2026-04-13 06:36:25,28.8,57.5,75.1,54.0,0.0,0.0,0.0
2026-04-13 06:36:30,28.6,57.4,82.0,54.0,0.0,0.0,0.0
2026-04-13 06:36:35,28.6,57.4,72.3,54.0,0.0,0.0,0.0
2026-04-13 06:36:40,28.8,57.5,77.3,54.0,0.0,0.0,0.0
2026-04-13 06:36:45,28.8,57.3,72.7,54.0,0.0,0.0,0.0
2026-04-13 06:36:50,28.7,57.3,89.8,54.0,0.0,0.0,0.0
2026-04-13 06:36:55,28.6,57.2,84.8,54.0,0.0,0.0,0.0
2026-04-13 06:37:00,28.6,57.3,68.3,54.0,0.0,0.0,0.0
2026-04-13 06:37:05,28.8,57.2,75.4,54.0,0.0,0.0,0.0
2026-04-13 06:37:10,28.8,57.2,90.7,54.0,0.0,0.0,0.0
2026-04-13 06:37:15,28.7,57.2,88.3,54.0,0.0,0.0,0.0
2026-04-13 06:37:20,28.8,57.3,86.5,54.0,0.0,0.0,0.0
2026-04-13 06:37:25,28.7,57.3,82.3,54.0,0.0,0.0,0.0
2026-04-13 06:37:30,28.8,57.3,87.2,54.0,0.0,0.0,0.0
2026-04-13 06:37:35,28.6,57.3,91.6,54.0,0.0,0.0,0.0
2026-04-13 06:37:40,28.7,57.3,69.8,54.0,0.0,0.0,0.0
2026-04-13 06:37:45,28.7,57.4,89.9,54.0,0.0,0.0,0.0
2026-04-13 06:37:50,28.7,57.3,78.7,54.0,0.0,0.0,0.0
2026-04-13 06:37:55,28.7,57.1,86.2,54.0,0.0,0.0,0.0
2026-04-13 06:38:00,28.7,57.1,81.1,54.0,0.0,0.0,0.0
2026-04-13 06:38:05,28.8,57.2,89.7,54.0,0.0,0.0,0.0
2026-04-13 06:38:10,28.8,57.3,80.3,54.0,0.0,0.0,0.0
2026-04-13 06:38:15,28.8,57.3,97.7,54.0,0.0,0.0,0.0
2026-04-13 06:38:20,28.7,57.3,93.0,54.0,0.0,0.0,0.0
2026-04-13 06:38:25,28.7,57.1,88.8,54.0,0.0,0.0,0.0
2026-04-13 06:38:30,28.8,57.1,64.9,54.0,0.0,0.0,0.0
2026-04-13 06:38:35,28.6,57.2,80.2,54.0,0.0,0.0,0.0
2026-04-13 06:38:40,28.7,57.2,84.8,54.0,0.0,0.0,0.0
2026-04-13 06:38:45,28.7,57.3,100.8,54.0,0.0,0.0,0.0
2026-04-13 06:38:50,28.7,57.2,78.4,54.0,0.0,0.0,0.0
2026-04-13 06:38:55,28.6,57.0,103.1,54.0,0.0,0.0,0.0
2026-04-13 06:39:00,28.8,57.0,95.0,54.0,0.0,0.0,0.0
2026-04-13 06:39:05,28.8,57.0,91.4,54.0,0.0,0.0,0.0
2026-04-13 06:39:10,28.8,57.1,86.3,54.0,0.0,0.0,0.0
2026-04-13 06:39:15,28.7,57.1,106.2,54.0,0.0,0.0,0.0
2026-04-13 06:39:20,28.8,57.0,90.9,54.0,0.0,0.0,0.0
2026-04-13 06:39:25,28.6,56.9,92.5,54.0,0.0,0.0,0.0
2026-04-13 06:39:30,28.8,56.9,88.1,54.0,0.0,0.0,0.0
2026-04-13 06:39:35,28.7,57.0,95.2,54.0,0.0,0.0,0.0
2026-04-13 06:39:40,28.8,57.0,99.2,54.0,0.0,0.0,0.0
2026-04-13 06:39:45,28.6,57.0,80.4,54.0,0.0,0.0,0.0
2026-04-13 06:39:50,28.6,56.9,85.9,54.0,0.0,0.0,0.0
2026-04-13 06:39:55,29.1,56.9,84.0,54.0,0.0,0.0,0.0
2026-04-13 06:40:00,28.7,57.0,92.6,54.0,0.0,0.0,0.0
2026-04-13 06:40:05,28.7,57.2,99.5,54.0,0.0,0.0,0.0
2026-04-13 06:40:10,28.7,57.2,105.7,54.0,0.0,0.0,0.0
2026-04-13 06:40:15,28.9,57.2,92.3,54.0,0.0,0.0,0.0
2026-04-13 06:40:20,28.6,57.1,84.9,54.0,0.0,0.0,0.0
2026-04-13 06:40:25,28.8,57.2,97.4,54.0,0.0,0.0,0.0
2026-04-13 06:40:30,28.8,57.3,89.5,54.0,0.0,0.0,0.0
2026-04-13 06:40:35,28.7,57.2,101.7,54.0,0.0,0.0,0.0
2026-04-13 06:40:40,28.7,57.0,84.2,54.0,0.0,0.0,0.0
2026-04-13 06:40:45,28.7,57.1,103.1,54.0,0.0,0.0,0.0
2026-04-13 06:40:50,28.6,57.0,88.8,54.0,0.0,0.0,0.0
2026-04-13 06:40:55,28.7,57.1,82.3,54.0,0.0,0.0,0.0
2026-04-13 06:41:00,28.8,57.1,81.1,54.1,0.0,0.0,0.0
2026-04-13 06:41:05,28.9,57.1,92.0,54.1,0.0,0.0,0.0
2026-04-13 06:41:10,28.8,57.1,94.9,54.1,0.0,0.0,0.0
2026-04-13 06:41:15,28.7,57.1,85.7,54.0,0.0,0.0,0.0
2026-04-13 06:41:20,28.9,57.1,92.2,54.0,0.0,0.0,0.0
2026-04-13 06:41:25,28.8,57.2,82.7,54.0,0.0,0.0,0.0
2026-04-13 06:41:30,28.7,57.1,92.5,54.0,0.0,0.0,0.0
2026-04-13 06:41:35,28.8,57.1,68.8,54.0,0.0,0.0,0.0
2026-04-13 06:41:40,28.7,57.1,115.0,54.0,0.0,0.0,0.0
2026-04-13 06:41:45,28.7,57.2,92.2,54.0,0.0,0.0,0.0
2026-04-13 06:41:50,28.8,57.2,74.0,54.0,0.0,0.0,0.0
2026-04-13 06:41:55,28.9,57.2,91.1,54.0,0.0,0.0,0.0
2026-04-13 06:42:00,28.8,57.2,107.8,54.1,0.0,0.0,0.0
2026-04-13 06:42:05,28.7,57.2,84.0,54.1,0.0,0.0,0.0
2026-04-13 06:42:10,28.7,57.1,92.3,54.1,0.0,0.0,0.0
2026-04-13 06:42:15,28.7,57.1,77.5,54.1,0.0,0.0,0.0
2026-04-13 06:42:20,28.8,57.1,100.7,54.0,0.0,0.0,0.0
2026-04-13 06:42:25,28.9,57.1,92.7,54.0,0.0,0.0,0.0
2026-04-13 06:42:30,28.9,57.1,108.1,54.0,0.0,0.0,0.0
2026-04-13 06:42:35,28.8,56.9,61.8,54.0,0.0,0.0,0.0
2026-04-13 06:42:40,28.8,57.0,77.0,54.0,0.0,0.0,0.0
2026-04-13 06:42:45,28.9,57.0,93.8,54.1,0.0,0.0,0.0
2026-04-13 06:42:50,28.6,56.9,85.9,54.1,0.0,0.0,0.0
2026-04-13 06:42:55,28.9,56.9,108.6,54.1,0.0,0.0,0.0
2026-04-13 06:43:00,28.8,56.8,112.8,54.0,0.0,0.0,0.0
2026-04-13 06:43:05,28.8,56.8,86.3,54.0,0.0,0.0,0.0
2026-04-13 06:43:10,28.8,56.7,102.6,54.0,0.0,0.0,0.0
2026-04-13 06:43:15,28.9,56.7,97.5,54.0,0.0,0.0,0.0
2026-04-13 06:43:20,28.8,56.8,95.7,54.0,0.0,0.0,0.0
2026-04-13 06:43:25,28.8,56.8,94.5,54.1,0.0,0.0,0.0
2026-04-13 06:43:30,28.7,56.7,94.4,54.1,0.0,0.0,0.0
2026-04-13 06:43:35,28.8,56.5,97.9,54.1,0.0,0.0,0.0
2026-04-13 06:43:40,28.9,56.6,87.7,54.0,0.0,0.0,0.0
2026-04-13 06:43:45,29.0,56.6,93.9,54.0,0.0,0.0,0.0
2026-04-13 06:43:50,28.9,56.5,74.5,54.0,0.0,0.0,0.0
2026-04-13 06:43:55,28.8,56.5,98.8,54.0,0.0,0.0,0.0
2026-04-13 06:44:00,28.7,56.4,110.8,54.0,0.0,0.0,0.0
2026-04-13 06:44:05,28.9,56.5,112.2,54.0,0.0,0.0,0.0
2026-04-13 06:44:10,29.0,56.5,101.4,54.0,0.0,0.0,0.0
2026-04-13 06:44:15,28.8,56.5,85.5,54.1,0.0,0.0,0.0
2026-04-13 06:44:20,28.8,56.6,94.5,54.1,0.0,0.0,0.0
2026-04-13 06:44:25,28.7,56.6,114.4,54.1,0.0,0.0,0.0
2026-04-13 06:44:30,28.8,56.5,97.1,54.1,0.0,0.0,0.0
2026-04-13 06:44:35,28.8,56.6,107.9,54.1,0.0,0.0,0.0
2026-04-13 06:44:40,29.0,56.6,123.6,54.1,0.0,0.0,0.0
2026-04-13 06:44:45,28.9,56.6,109.8,54.1,0.0,0.0,0.0
2026-04-13 06:44:50,28.8,56.7,87.9,54.1,0.0,0.0,0.0
2026-04-13 06:44:55,28.8,56.7,102.1,54.1,0.0,0.0,0.0
2026-04-13 06:45:00,28.9,56.6,88.1,54.1,0.0,0.0,0.0
2026-04-13 06:45:05,29.0,56.7,84.5,54.1,0.0,0.0,0.0
2026-04-13 06:45:10,28.9,56.7,81.0,54.1,0.0,0.0,0.0
2026-04-13 06:45:15,29.0,56.6,97.1,54.1,0.0,0.0,0.0
2026-04-13 06:45:20,29.0,56.7,92.8,54.1,0.0,0.0,0.0
2026-04-13 06:45:25,28.9,56.6,73.5,54.1,0.0,0.0,0.0
2026-04-13 06:45:30,28.9,56.7,94.5,54.0,0.0,0.0,0.0
2026-04-13 06:45:35,29.0,56.6,92.4,54.0,0.0,0.0,0.0
2026-04-13 06:45:40,28.7,56.4,104.1,54.0,0.0,0.0,0.0
2026-04-13 06:45:45,29.0,56.4,84.6,54.1,0.0,0.0,0.0
2026-04-13 06:45:50,28.9,56.3,110.2,54.1,0.0,0.0,0.0
2026-04-13 06:45:55,28.9,56.2,100.9,54.1,0.0,0.0,0.0
2026-04-13 06:46:00,28.7,56.1,95.5,54.0,0.0,0.0,0.0
2026-04-13 06:46:05,28.9,56.1,105.0,54.0,0.0,0.0,0.0
2026-04-13 06:46:10,28.9,56.0,103.3,54.0,0.0,0.0,0.0
2026-04-13 06:46:15,28.9,56.1,106.1,54.1,0.0,0.0,0.0
2026-04-13 06:46:20,28.9,56.1,109.2,54.1,0.0,0.0,0.0
2026-04-13 06:46:25,28.9,56.2,99.9,54.1,0.0,0.0,0.0
2026-04-13 06:46:30,28.7,56.3,102.5,54.1,0.0,0.0,0.0
2026-04-13 06:46:35,28.9,56.2,106.5,54.1,0.0,0.0,0.0
2026-04-13 06:46:40,29.0,56.2,98.8,54.1,0.0,0.0,0.0
2026-04-13 06:46:45,29.0,56.1,107.4,54.1,0.0,0.0,0.0
2026-04-13 06:46:50,28.9,56.0,112.6,54.1,0.0,0.0,0.0
2026-04-13 06:46:55,28.9,56.1,124.1,54.0,0.0,0.0,0.0
2026-04-13 06:47:00,28.9,56.1,104.9,54.0,0.0,0.0,0.0
2026-04-13 06:47:05,28.9,56.1,105.4,54.0,0.0,0.0,0.0
2026-04-13 06:47:10,28.8,56.0,99.0,54.0,0.0,0.0,0.0
2026-04-13 06:47:15,29.0,56.2,96.2,54.0,0.0,0.0,0.0
2026-04-13 06:47:20,28.9,56.2,94.5,54.0,0.0,0.0,0.0
2026-04-13 06:47:25,28.8,56.1,113.4,54.0,0.0,0.0,0.0
2026-04-13 06:47:30,28.9,56.2,109.5,54.0,0.0,0.0,0.0
2026-04-13 06:47:35,28.9,56.2,83.3,54.0,0.0,0.0,0.0
2026-04-13 06:47:40,28.9,56.0,111.6,54.0,0.0,0.0,0.0
2026-04-13 06:47:45,28.9,55.8,107.8,54.0,0.0,0.0,0.0
2026-04-13 06:47:50,28.9,55.9,123.4,54.0,0.0,0.0,0.0
2026-04-13 06:47:55,28.9,55.9,99.4,54.0,0.0,0.0,0.0
2026-04-13 06:48:00,28.8,55.8,100.6,54.0,0.0,0.0,0.0
2026-04-13 06:48:05,28.9,55.8,116.4,54.1,0.0,0.0,0.0
2026-04-13 06:48:10,29.0,55.8,115.5,54.1,0.0,0.0,0.0
2026-04-13 06:48:15,28.8,55.8,98.7,54.1,0.0,0.0,0.0
2026-04-13 06:48:20,28.9,55.9,111.0,54.1,0.0,0.0,0.0
2026-04-13 06:48:25,28.9,55.9,119.2,54.1,0.0,0.0,0.0
2026-04-13 06:48:30,28.9,55.8,116.6,54.0,0.0,0.0,0.0
2026-04-13 06:48:35,28.8,56.0,101.1,54.0,0.0,0.0,0.0
2026-04-13 06:48:40,28.8,56.1,115.4,54.0,0.0,0.0,0.0
2026-04-13 06:48:45,29.0,56.1,100.6,54.0,0.0,0.0,0.0
2026-04-13 06:48:50,28.9,56.0,103.4,54.0,0.0,0.0,0.0
2026-04-13 06:48:55,28.8,56.0,116.5,54.0,0.0,0.0,0.0
2026-04-13 06:49:00,28.8,56.0,108.4,54.0,0.0,0.0,0.0
2026-04-13 06:49:05,28.8,55.9,117.4,54.0,0.0,0.0,0.0
2026-04-13 06:49:10,28.9,55.8,107.2,54.0,0.0,0.0,0.0
2026-04-13 06:49:15,28.9,55.8,120.5,54.0,0.0,0.0,0.0
2026-04-13 06:49:20,28.8,55.9,109.4,54.0,0.0,0.0,0.0
2026-04-13 06:49:25,28.9,56.0,114.6,54.0,0.0,0.0,0.0
2026-04-13 06:49:30,28.8,56.0,108.5,54.0,0.0,0.0,0.0
2026-04-13 06:49:35,29.0,55.9,101.8,54.1,0.0,0.0,0.0
2026-04-13 06:49:40,28.9,56.1,103.5,54.1,0.0,0.0,0.0
2026-04-13 06:49:45,28.9,56.1,110.5,54.1,0.0,0.0,0.0
2026-04-13 06:49:50,28.8,56.0,118.3,54.1,0.0,0.0,0.0
2026-04-13 06:49:55,28.9,56.0,96.5,54.1,0.0,0.0,0.0
2026-04-13 06:50:00,28.7,55.9,110.3,54.0,0.0,0.0,0.0
2026-04-13 06:50:05,28.9,55.9,125.0,54.0,0.0,0.0,0.0
2026-04-13 06:50:10,28.8,55.9,101.6,54.0,0.0,0.0,0.0
2026-04-13 06:50:15,28.8,55.9,105.1,54.0,0.0,0.0,0.0
2026-04-13 06:50:20,29.0,55.9,109.1,54.0,0.0,0.0,0.0
2026-04-13 06:50:25,28.8,55.9,111.2,54.0,0.0,0.0,0.0
2026-04-13 06:50:30,28.9,55.9,112.8,54.0,0.0,0.0,0.0
2026-04-13 06:50:35,28.8,55.8,116.4,54.0,0.0,0.0,0.0
2026-04-13 06:50:40,29.0,55.7,119.1,54.0,0.0,0.0,0.0
2026-04-13 06:50:45,28.8,55.9,96.8,54.0,0.0,0.0,0.0
2026-04-13 06:50:50,28.9,56.1,112.4,54.0,0.0,0.0,0.0
2026-04-13 06:50:55,28.8,56.0,113.0,54.1,0.0,0.0,0.0
2026-04-13 06:51:00,28.9,55.9,122.6,54.1,0.0,0.0,0.0
2026-04-13 06:51:05,28.8,56.1,121.2,54.1,0.0,0.0,0.0
2026-04-13 06:51:10,29.0,55.9,119.6,54.1,0.0,0.0,0.0
2026-04-13 06:51:15,28.8,55.9,126.5,54.1,0.0,0.0,0.0
2026-04-13 06:51:20,28.9,55.9,115.0,54.1,0.0,0.0,0.0
2026-04-13 06:51:25,28.9,55.8,116.6,54.0,0.0,0.0,0.0
2026-04-13 06:51:30,28.9,55.7,114.8,54.0,0.0,0.0,0.0
2026-04-13 06:51:35,28.8,55.6,133.7,54.0,0.0,0.0,0.0
2026-04-13 06:51:40,28.9,55.5,131.4,54.0,0.0,0.0,0.0
2026-04-13 06:51:45,28.9,55.4,106.0,54.0,0.0,0.0,0.0
2026-04-13 06:51:50,28.8,55.3,112.9,54.0,0.0,0.0,0.0
2026-04-13 06:51:55,28.9,55.3,112.9,54.0,0.0,0.0,0.0
2026-04-13 06:52:00,28.8,55.4,112.1,54.1,0.0,0.0,0.0
2026-04-13 06:52:05,28.8,55.3,127.6,54.1,0.0,0.0,0.0
2026-04-13 06:52:10,28.7,55.3,123.8,54.1,0.0,0.0,0.0
2026-04-13 06:52:15,28.8,55.3,110.6,54.1,0.0,0.0,0.0
2026-04-13 06:52:20,28.7,55.4,116.1,54.1,0.0,0.0,0.0
2026-04-13 06:52:25,28.9,55.4,115.3,54.1,0.0,0.0,0.0
2026-04-13 06:52:30,28.8,55.6,126.1,54.1,0.0,0.0,0.0
2026-04-13 06:52:35,28.9,55.7,111.6,54.1,0.0,0.0,0.0
2026-04-13 06:52:40,28.8,55.5,114.0,54.1,0.0,0.0,0.0
2026-04-13 06:52:45,28.9,55.6,115.4,54.1,0.0,0.0,0.0
2026-04-13 06:52:50,28.7,55.6,112.5,54.1,0.0,0.0,0.0
2026-04-13 06:52:55,28.8,55.5,133.6,54.1,0.0,0.0,0.0
2026-04-13 06:53:00,28.8,55.4,108.8,54.1,0.0,0.0,0.0
2026-04-13 06:53:05,28.9,55.4,125.9,54.1,0.0,0.0,0.0
2026-04-13 06:53:10,28.8,55.6,127.5,54.1,0.0,0.0,0.0
2026-04-13 06:53:15,28.9,55.5,127.1,54.1,0.0,0.0,0.0
2026-04-13 06:53:20,28.8,55.5,129.1,54.1,0.0,0.0,0.0
2026-04-13 06:53:25,28.8,55.5,121.8,54.1,0.0,0.0,0.0
2026-04-13 06:53:30,28.8,55.4,98.9,54.1,0.0,0.0,0.0
2026-04-13 06:53:35,28.9,55.4,107.6,54.1,0.0,0.0,0.0
2026-04-13 06:53:40,28.9,55.3,126.8,54.1,0.0,0.0,0.0
2026-04-13 06:53:45,28.8,55.4,120.9,54.1,0.0,0.0,0.0
2026-04-13 06:53:50,28.8,55.5,107.9,54.0,0.0,0.0,0.0
2026-04-13 06:53:55,28.8,55.5,115.6,54.0,0.0,0.0,0.0
2026-04-13 06:54:00,28.8,55.7,97.1,54.0,0.0,0.0,0.0
2026-04-13 06:54:05,28.8,55.7,144.0,54.0,0.0,0.0,0.0
2026-04-13 06:54:10,28.8,55.7,128.6,54.0,0.0,0.0,0.0
2026-04-13 06:54:15,28.8,55.6,140.6,54.0,0.0,0.0,0.0
2026-04-13 06:54:20,28.8,55.6,127.9,54.0,0.0,0.0,0.0
2026-04-13 06:54:25,28.8,55.7,126.2,54.0,0.0,0.0,0.0
2026-04-13 06:54:30,28.8,55.6,138.0,54.0,0.0,0.0,0.0
2026-04-13 06:54:35,28.9,55.5,120.9,54.0,0.0,0.0,0.0
2026-04-13 06:54:40,28.7,55.6,105.0,54.0,0.0,0.0,0.0
2026-04-13 06:54:45,28.8,55.5,111.5,54.0,0.0,0.0,0.0
2026-04-13 06:54:50,28.9,55.6,117.8,54.0,0.0,0.0,0.0
2026-04-13 06:54:55,28.8,55.7,131.1,54.0,0.0,0.0,0.0
2026-04-13 06:55:00,28.9,55.7,126.6,54.0,0.0,0.0,0.0
2026-04-13 06:55:05,28.9,55.6,119.7,54.0,0.0,0.0,0.0
2026-04-13 06:55:10,28.9,55.5,121.6,54.0,0.0,0.0,0.0
2026-04-13 06:55:15,28.8,55.6,140.3,54.0,0.0,0.0,0.0
2026-04-13 06:55:20,28.9,55.7,117.9,54.0,0.0,0.0,0.0
2026-04-13 06:55:25,28.9,55.6,127.5,54.0,0.0,0.0,0.0
2026-04-13 06:55:30,28.8,55.6,113.1,54.0,0.0,0.0,0.0
2026-04-13 06:55:35,28.8,55.7,120.5,54.0,0.0,0.0,0.0
2026-04-13 06:55:40,28.9,55.6,120.1,54.0,0.0,0.0,0.0
2026-04-13 06:55:45,28.8,55.5,120.6,54.0,0.0,0.0,0.0
2026-04-13 06:55:50,28.8,55.6,126.7,54.0,0.0,0.0,0.0
2026-04-13 06:55:55,28.8,55.7,134.9,54.0,0.0,0.0,0.0
2026-04-13 06:56:00,29.0,55.6,123.5,54.0,0.0,0.0,0.0
2026-04-13 06:56:05,28.7,55.6,127.1,54.0,0.0,0.0,0.0
2026-04-13 06:56:10,28.9,55.6,121.5,54.0,0.0,0.0,0.0
2026-04-13 06:56:15,28.9,55.6,126.8,54.0,0.0,0.0,0.0
2026-04-13 06:56:20,28.7,55.6,144.4,54.0,0.0,0.0,0.0
2026-04-13 06:56:25,28.8,55.6,117.0,54.0,0.0,0.0,0.0
2026-04-13 06:56:30,28.8,55.6,138.1,54.0,0.0,0.0,0.0
2026-04-13 06:56:35,29.0,55.7,127.7,54.0,0.0,0.0,0.0
2026-04-13 06:56:40,28.9,55.5,115.5,54.0,0.0,0.0,0.0
2026-04-13 06:56:45,28.8,55.4,118.7,54.0,0.0,0.0,0.0
2026-04-13 06:56:50,28.9,55.3,123.5,54.0,0.0,0.0,0.0
2026-04-13 06:56:55,28.9,55.3,110.2,54.1,0.0,0.0,0.0
2026-04-13 06:57:00,28.8,55.3,124.6,54.1,0.0,0.0,0.0
2026-04-13 06:57:05,28.9,55.2,127.9,54.0,0.0,0.0,0.0
2026-04-13 06:57:10,28.8,55.3,128.1,54.0,0.0,0.0,0.0
2026-04-13 06:57:15,29.0,55.2,135.1,54.0,0.0,0.0,0.0
2026-04-13 06:57:20,28.8,55.2,130.0,54.0,0.0,0.0,0.0
2026-04-13 06:57:25,28.9,55.2,129.9,54.0,0.0,0.0,0.0
2026-04-13 06:57:30,28.8,55.4,106.9,54.0,0.0,0.0,0.0
2026-04-13 06:57:35,28.9,55.4,110.2,54.0,0.0,0.0,0.0
2026-04-13 06:57:40,28.9,55.4,128.1,54.0,0.0,0.0,0.0
2026-04-13 06:57:45,28.9,55.3,125.0,54.0,0.0,0.0,0.0
2026-04-13 06:57:50,29.0,55.4,125.5,54.0,0.0,0.0,0.0
2026-04-13 06:57:55,28.8,55.4,128.5,54.0,0.0,0.0,0.0
2026-04-13 06:58:00,28.9,55.4,134.6,54.0,0.0,0.0,0.0
2026-04-13 06:58:05,28.8,55.3,130.4,54.0,0.0,0.0,0.0
2026-04-13 06:58:10,28.7,55.3,123.2,54.0,0.0,0.0,0.0
2026-04-13 06:58:15,28.8,55.3,126.2,54.0,0.0,0.0,0.0
2026-04-13 06:58:20,29.0,55.3,134.2,54.0,0.0,0.0,0.0
2026-04-13 06:58:25,28.8,55.3,141.4,54.0,0.0,0.0,0.0
2026-04-13 06:58:30,29.0,55.3,132.3,54.0,0.0,0.0,0.0
2026-04-13 06:58:35,28.9,55.3,131.2,54.0,0.0,0.0,0.0
2026-04-13 06:58:40,28.9,55.1,138.4,54.0,0.0,0.0,0.0
2026-04-13 06:58:45,29.0,55.4,121.9,54.0,0.0,0.0,0.0
2026-04-13 06:58:50,29.0,55.4,119.1,54.0,0.0,0.0,0.0
2026-04-13 06:58:55,28.9,55.3,136.4,54.0,0.0,0.0,0.0
2026-04-13 06:59:00,28.9,55.1,120.5,54.1,0.0,0.0,0.0
2026-04-13 06:59:05,29.0,55.0,146.8,54.1,0.0,0.0,0.0
2026-04-13 06:59:10,28.8,55.0,129.5,54.1,0.0,0.0,0.0
2026-04-13 06:59:15,28.9,54.9,147.1,54.1,0.0,0.0,0.0
2026-04-13 06:59:20,28.9,55.0,138.9,54.1,0.0,0.0,0.0
2026-04-13 06:59:25,29.0,54.8,137.5,54.1,0.0,0.0,0.0
2026-04-13 06:59:30,28.8,54.9,120.1,54.0,0.0,0.0,0.0
2026-04-13 06:59:35,28.8,54.9,135.3,54.0,0.0,0.0,0.0
2026-04-13 06:59:40,28.9,54.9,147.5,54.0,0.0,0.0,0.0
2026-04-13 06:59:45,28.9,55.0,132.1,54.0,0.0,0.0,0.0
2026-04-13 06:59:50,29.0,55.0,140.0,54.0,0.0,0.0,0.0
2026-04-13 06:59:55,28.8,55.0,117.0,54.0,0.0,0.0,0.0
