Timestamp,Temperature,Humidity,Light,Soil_Moisture,Drip,Mist,Fan
2026-04-13 17:00:00,29.9,54.0,133.0,54.3,0.0,0.0,0.0
2026-04-13 17:00:05,30.0,54.0,138.8,54.3,0.0,0.0,0.0
2026-04-13 17:00:10,30.0,53.8,142.7,54.3,0.0,0.0,0.0
2026-04-13 17:00:15,29.9,53.8,150.0,54.3,0.0,0.0,0.0
2026-04-13 17:00:20,29.9,53.8,133.7,54.3,0.0,0.0,0.0
2026-04-13 17:00:25,30.0,53.9,144.3,54.3,0.0,0.0,0.0
2026-04-13 17:00:30,30.0,53.9,134.2,54.3,0.0,0.0,0.0
2026-04-13 17:00:35,30.0,54.0,127.3,54.3,0.0,0.0,0.0
2026-04-13 17:00:40,30.0,54.0,142.2,54.3,0.0,0.0,0.0
2026-04-13 17:00:45,30.2,54.1,122.3,54.3,0.0,0.0,0.0
2026-04-13 17:00:50,30.0,54.1,119.1,54.3,0.0,0.0,0.0
2026-04-13 17:00:55,30.0,53.9,127.7,54.3,0.0,0.0,0.0
2026-04-13 17:01:00,29.8,54.0,123.2,54.3,0.0,0.0,0.0
2026-04-13 17:01:05,29.9,53.9,136.6,54.3,0.0,0.0,0.0
2026-04-13 17:01:10,30.0,53.9,111.0,54.3,0.0,0.0,0.0
2026-04-13 17:01:15,30.0,54.0,130.4,54.3,0.0,0.0,0.0
2026-04-13 17:01:20,30.0,53.9,142.3,54.3,0.0,0.0,0.0
2026-04-13 17:01:25,30.0,53.8,120.1,54.3,0.0,0.0,0.0
2026-04-13 17:01:30,30.2,53.8,144.4,54.3,0.0,0.0,0.0
2026-04-13 17:01:35,30.0,53.9,149.8,54.3,0.0,0.0,0.0
2026-04-13 17:01:40,30.0,54.0,128.8,54.3,0.0,0.0,0.0
2026-04-13 17:01:45,30.2,53.9,119.0,54.3,0.0,0.0,0.0
2026-04-13 17:01:50,30.1,54.0,129.9,54.3,0.0,0.0,0.0
2026-04-13 17:01:55,30.0,54.1,138.3,54.3,0.0,0.0,0.0
2026-04-13 17:02:00,30.0,54.2,138.0,54.3,0.0,0.0,0.0
2026-04-13 17:02:05,29.8,54.2,119.9,54.3,0.0,0.0,0.0
2026-04-13 17:02:10,30.0,54.3,136.7,54.3,0.0,0.0,0.0
2026-04-13 17:02:15,30.0,54.2,135.8,54.3,0.0,0.0,0.0
2026-04-13 17:02:20,30.1,54.1,131.6,54.3,0.0,0.0,0.0
2026-04-13 17:02:25,30.2,54.0,128.6,54.3,0.0,0.0,0.0
2026-04-13 17:02:30,30.1,54.2,125.1,54.3,0.0,0.0,0.0
2026-04-13 17:02:35,30.0,54.1,127.2,54.3,0.0,0.0,0.0
2026-04-13 17:02:40,30.0,54.1,138.7,54.3,0.0,0.0,0.0
2026-04-13 17:02:45,30.3,54.1,142.0,54.3,0.0,0.0,0.0
2026-04-13 17:02:50,30.0,54.2,137.4,54.3,0.0,0.0,0.0
2026-04-13 17:02:55,30.0,54.2,125.7,54.3,0.0,0.0,0.0
2026-04-13 17:03:00,30.1,54.3,124.3,54.3,0.0,0.0,0.0
2026-04-13 17:03:05,29.9,54.3,133.8,54.3,0.0,0.0,0.0
2026-04-13 17:03:10,29.9,54.3,114.4,54.3,0.0,0.0,0.0
2026-04-13 17:03:15,30.0,54.4,141.2,54.3,0.0,0.0,0.0
2026-04-13 17:03:20,29.9,54.5,125.7,54.3,0.0,0.0,0.0
2026-04-13 17:03:25,30.0,54.6,112.5,54.3,0.0,0.0,0.0
2026-04-13 17:03:30,30.0,54.5,114.3,54.3,0.0,0.0,0.0
2026-04-13 17:03:35,30.0,54.6,105.2,54.3,0.0,0.0,0.0
2026-04-13 17:03:40,30.0,54.5,119.2,54.3,0.0,0.0,0.0
2026-04-13 17:03:45,30.0,54.5,139.7,54.3,0.0,0.0,0.0
2026-04-13 17:03:50,30.1,54.6,124.6,54.3,0.0,0.0,0.0
2026-04-13 17:03:55,30.0,54.6,144.3,54.3,0.0,0.0,0.0
2026-04-13 17:04:00,30.1,54.6,124.0,54.2,0.0,0.0,0.0
2026-04-13 17:04:05,30.1,54.5,128.6,54.2,0.0,0.0,0.0
2026-04-13 17:04:10,30.0,54.4,140.0,54.3,0.0,0.0,0.0
2026-04-13 17:04:15,30.1,54.4,125.1,54.3,0.0,0.0,0.0
2026-04-13 17:04:20,30.0,54.5,146.9,54.3,0.0,0.0,0.0
2026-04-13 17:04:25,29.9,54.5,122.4,54.3,0.0,0.0,0.0
2026-04-13 17:04:30,29.8,54.3,131.5,54.3,0.0,0.0,0.0
2026-04-13 17:04:35,30.0,54.3,128.6,54.3,0.0,0.0,0.0
2026-04-13 17:04:40,29.9,54.4,127.5,54.3,0.0,0.0,0.0
2026-04-13 17:04:45,30.0,54.5,149.5,54.3,0.0,0.0,0.0
2026-04-13 17:04:50,30.0,54.4,126.6,54.3,0.0,0.0,0.0
2026-04-13 17:04:55,30.0,54.4,127.7,54.3,0.0,0.0,0.0
2026-04-13 17:05:00,30.1,54.4,130.2,54.3,0.0,0.0,0.0
2026-04-13 17:05:05,30.0,54.3,126.4,54.3,0.0,0.0,0.0
2026-04-13 17:05:10,30.1,54.3,122.4,54.3,0.0,0.0,0.0
2026-04-13 17:05:15,30.1,54.3,111.6,54.3,0.0,0.0,0.0
2026-04-13 17:05:20,30.0,54.4,116.0,54.3,0.0,0.0,0.0
2026-04-13 17:05:25,30.1,54.4,119.4,54.3,0.0,0.0,0.0
2026-04-13 17:05:30,30.1,54.5,122.0,54.3,0.0,0.0,0.0
2026-04-13 17:05:35,30.1,54.6,123.0,54.3,0.0,0.0,0.0
2026-04-13 17:05:40,30.0,54.6,117.3,54.3,0.0,0.0,0.0
2026-04-13 17:05:45,29.9,54.7,121.5,54.3,0.0,0.0,0.0
2026-04-13 17:05:50,30.3,54.6,123.8,54.3,0.0,0.0,0.0
2026-04-13 17:05:55,30.1,54.4,123.7,54.3,0.0,0.0,0.0
2026-04-13 17:06:00,29.9,54.4,99.8,54.3,0.0,0.0,0.0
2026-04-13 17:06:05,30.0,54.5,125.1,54.2,0.0,0.0,0.0
2026-04-13 17:06:10,30.0,54.3,117.6,54.2,0.0,0.0,0.0
2026-04-13 17:06:15,30.0,54.3,129.3,54.3,0.0,0.0,0.0
2026-04-13 17:06:20,30.1,54.3,116.4,54.3,0.0,0.0,0.0
2026-04-13 17:06:25,30.1,54.3,132.3,54.3,0.0,0.0,0.0
2026-04-13 17:06:30,30.1,54.3,110.1,54.3,0.0,0.0,0.0
2026-04-13 17:06:35,30.0,54.2,121.0,54.3,0.0,0.0,0.0
2026-04-13 17:06:40,29.9,54.3,107.2,54.3,0.0,0.0,0.0
2026-04-13 17:06:45,30.1,54.5,126.5,54.3,0.0,0.0,0.0
2026-04-13 17:06:50,30.0,54.5,124.3,54.3,0.0,0.0,0.0
2026-04-13 17:06:55,30.0,54.5,107.4,54.3,0.0,0.0,0.0
2026-04-13 17:07:00,29.9,54.6,111.7,54.3,0.0,0.0,0.0
2026-04-13 17:07:05,30.0,54.6,125.3,54.3,0.0,0.0,0.0
2026-04-13 17:07:10,30.1,54.6,111.1,54.3,0.0,0.0,0.0
2026-04-13 17:07:15,30.1,54.7,117.2,54.3,0.0,0.0,0.0
2026-04-13 17:07:20,30.2,54.5,105.9,54.3,0.0,0.0,0.0
2026-04-13 17:07:25,29.9,54.4,122.8,54.3,0.0,0.0,0.0
2026-04-13 17:07:30,30.2,54.4,121.2,54.3,0.0,0.0,0.0
2026-04-13 17:07:35,30.0,54.4,117.0,54.3,0.0,0.0,0.0
2026-04-13 17:07:40,30.1,54.4,106.0,54.3,0.0,0.0,0.0
2026-04-13 17:07:45,30.1,54.3,125.2,54.3,0.0,0.0,0.0
2026-04-13 17:07:50,30.1,54.4,100.4,54.3,0.0,0.0,0.0
2026-04-13 17:07:55,30.1,54.4,109.7,54.3,0.0,0.0,0.0
2026-04-13 17:08:00,30.1,54.3,113.5,54.3,0.0,0.0,0.0
2026-04-13 17:08:05,30.2,54.1,110.3,54.3,0.0,0.0,0.0
2026-04-13 17:08:10,30.0,54.2,117.7,54.3,0.0,0.0,0.0
2026-04-13 17:08:15,30.0,54.2,113.2,54.3,0.0,0.0,0.0
2026-04-13 17:08:20,30.1,54.2,119.3,54.3,0.0,0.0,0.0
2026-04-13 17:08:25,30.0,54.3,121.2,54.3,0.0,0.0,0.0
2026-04-13 17:08:30,30.0,54.5,102.1,54.3,0.0,0.0,0.0
2026-04-13 17:08:35,30.1,54.5,121.2,54.2,0.0,0.0,0.0
2026-04-13 17:08:40,30.1,54.5,131.6,54.2,0.0,0.0,0.0
2026-04-13 17:08:45,30.1,54.6,120.4,54.2,0.0,0.0,0.0
2026-04-13 17:08:50,30.0,54.6,124.9,54.3,0.0,0.0,0.0
2026-04-13 17:08:55,30.2,54.5,110.0,54.3,0.0,0.0,0.0
2026-04-13 17:09:00,30.0,54.6,107.7,54.3,0.0,0.0,0.0
2026-04-13 17:09:05,30.0,54.6,111.1,54.3,0.0,0.0,0.0
2026-04-13 17:09:10,30.1,54.7,134.0,54.3,0.0,0.0,0.0
2026-04-13 17:09:15,29.9,54.7,115.2,54.3,0.0,0.0,0.0
2026-04-13 17:09:20,30.1,54.8,104.1,54.3,0.0,0.0,0.0
2026-04-13 17:09:25,30.0,54.8,114.4,54.3,0.0,0.0,0.0
2026-04-13 17:09:30,30.1,54.7,119.5,54.3,0.0,0.0,0.0
2026-04-13 17:09:35,29.9,54.7,129.1,54.3,0.0,0.0,0.0
2026-04-13 17:09:40,30.0,54.9,119.1,54.3,0.0,0.0,0.0
2026-04-13 17:09:45,30.0,54.7,103.3,54.2,0.0,0.0,0.0
2026-04-13 17:09:50,30.1,54.7,123.1,54.2,0.0,0.0,0.0
2026-04-13 17:09:55,30.0,54.7,109.7,54.3,0.0,0.0,0.0
2026-04-13 17:10:00,30.1,54.7,110.8,54.3,0.0,0.0,0.0
2026-04-13 17:10:05,30.1,54.6,124.0,54.3,0.0,0.0,0.0
2026-04-13 17:10:10,30.0,54.5,129.2,54.3,0.0,0.0,0.0
2026-04-13 17:10:15,30.0,54.4,88.5,54.3,0.0,0.0,0.0
2026-04-13 17:10:20,30.0,54.5,111.1,54.3,0.0,0.0,0.0
2026-04-13 17:10:25,30.1,54.5,109.0,54.3,0.0,0.0,0.0
2026-04-13 17:10:30,30.0,54.5,96.9,54.3,0.0,0.0,0.0
2026-04-13 17:10:35,29.9,54.5,122.9,54.3,0.0,0.0,0.0
2026-04-13 17:10:40,30.0,54.6,97.8,54.3,0.0,0.0,0.0
2026-04-13 17:10:45,30.0,54.6,102.7,54.3,0.0,0.0,0.0
2026-04-13 17:10:50,30.1,54.5,125.8,54.3,0.0,0.0,0.0
2026-04-13 17:10:55,30.1,54.7,111.7,54.3,0.0,0.0,0.0
2026-04-13 17:11:00,30.1,54.6,117.1,54.2,0.0,0.0,0.0
2026-04-13 17:11:05,30.2,54.6,103.7,54.2,0.0,0.0,0.0
2026-04-13 17:11:10,30.1,54.6,96.8,54.3,0.0,0.0,0.0
2026-04-13 17:11:15,29.9,54.6,108.5,54.3,0.0,0.0,0.0
2026-04-13 17:11:20,30.0,54.5,112.7,54.3,0.0,0.0,0.0
2026-04-13 17:11:25,30.1,54.6,106.8,54.3,0.0,0.0,0.0
2026-04-13 17:11:30,30.0,54.5,114.3,54.3,0.0,0.0,0.0
2026-04-13 17:11:35,29.9,54.5,98.7,54.3,0.0,0.0,0.0
2026-04-13 17:11:40,30.1,54.5,125.0,54.3,0.0,0.0,0.0
2026-04-13 17:11:45,30.1,54.5,94.3,54.3,0.0,0.0,0.0
2026-04-13 17:11:50,30.1,54.4,89.7,54.3,0.0,0.0,0.0
2026-04-13 17:11:55,30.0,54.5,113.7,54.3,0.0,0.0,0.0
2026-04-13 17:12:00,30.1,54.6,116.1,54.3,0.0,0.0,0.0
2026-04-13 17:12:05,30.0,54.6,105.6,54.3,0.0,0.0,0.0
2026-04-13 17:12:10,29.9,54.6,113.2,54.3,0.0,0.0,0.0
2026-04-13 17:12:15,29.8,54.5,97.2,54.3,0.0,0.0,0.0
2026-04-13 17:12:20,30.1,54.5,107.9,54.3,0.0,0.0,0.0
2026-04-13 17:12:25,30.0,54.5,92.2,54.3,0.0,0.0,0.0
2026-04-13 17:12:30,30.1,54.4,106.9,54.3,0.0,0.0,0.0
2026-04-13 17:12:35,30.0,54.4,99.5,54.3,0.0,0.0,0.0
2026-04-13 17:12:40,29.9,54.5,116.3,54.3,0.0,0.0,0.0
2026-04-13 17:12:45,30.0,54.6,114.8,54.3,0.0,0.0,0.0
2026-04-13 17:12:50,29.9,54.7,92.1,54.3,0.0,0.0,0.0
2026-04-13 17:12:55,30.0,54.6,108.2,54.3,0.0,0.0,0.0
2026-04-13 17:13:00,30.0,54.8,116.1,54.3,0.0,0.0,0.0
2026-04-13 17:13:05,30.1,54.9,110.9,54.3,0.0,0.0,0.0
2026-04-13 17:13:10,29.8,54.9,110.8,54.3,0.0,0.0,0.0
2026-04-13 17:13:15,29.9,55.0,105.9,54.3,0.0,0.0,0.0
2026-04-13 17:13:20,30.1,55.0,115.1,54.3,0.0,0.0,0.0
2026-04-13 17:13:25,30.0,55.0,108.6,54.3,0.0,0.0,0.0
2026-04-13 17:13:30,30.1,55.1,109.3,54.3,0.0,0.0,0.0
2026-04-13 17:13:35,30.0,55.1,92.8,54.3,0.0,0.0,0.0
2026-04-13 17:13:40,29.9,55.0,108.2,54.3,0.0,0.0,0.0
2026-04-13 17:13:45,30.0,55.2,111.7,54.3,0.0,0.0,0.0
2026-04-13 17:13:50,29.9,55.2,85.9,54.3,0.0,0.0,0.0
2026-04-13 17:13:55,30.0,55.3,95.8,54.3,0.0,0.0,0.0
2026-04-13 17:14:00,29.9,55.4,96.1,54.3,0.0,0.0,0.0
2026-04-13 17:14:05,30.0,55.3,114.0,54.3,0.0,0.0,0.0
2026-04-13 17:14:10,30.0,55.2,100.9,54.3,0.0,0.0,0.0
2026-04-13 17:14:15,30.0,55.3,103.1,54.3,0.0,0.0,0.0
2026-04-13 17:14:20,30.0,55.3,91.6,54.3,0.0,0.0,0.0
2026-04-13 17:14:25,29.9,55.3,106.6,54.3,0.0,0.0,0.0
2026-04-13 17:14:30,29.9,55.2,108.4,54.3,0.0,0.0,0.0
2026-04-13 17:14:35,29.9,55.2,106.2,54.3,0.0,0.0,0.0
2026-04-13 17:14:40,30.1,55.4,110.2,54.3,0.0,0.0,0.0
2026-04-13 17:14:45,30.1,55.2,98.8,54.3,0.0,0.0,0.0
2026-04-13 17:14:50,30.0,55.2,90.7,54.3,0.0,0.0,0.0
2026-04-13 17:14:55,30.1,55.3,105.9,54.3,0.0,0.0,0.0
2026-04-13 17:15:00,30.0,55.4,97.0,54.3,0.0,0.0,0.0
2026-04-13 17:15:05,30.0,55.4,80.4,54.3,0.0,0.0,0.0
2026-04-13 17:15:10,29.8,55.4,108.1,54.3,0.0,0.0,0.0
2026-04-13 17:15:15,30.1,55.3,105.6,54.3,0.0,0.0,0.0
2026-04-13 17:15:20,29.9,55.3,97.2,54.3,0.0,0.0,0.0
2026-04-13 17:15:25,30.0,55.4,104.6,54.3,0.0,0.0,0.0
2026-04-13 17:15:30,30.2,55.4,111.3,54.3,0.0,0.0,0.0
2026-04-13 17:15:35,30.0,55.2,115.1,54.3,0.0,0.0,0.0
2026-04-13 17:15:40,30.0,55.2,89.3,54.3,0.0,0.0,0.0
2026-04-13 17:15:45,29.9,55.2,105.9,54.3,0.0,0.0,0.0
2026-04-13 17:15:50,29.9,55.2,94.8,54.3,0.0,0.0,0.0
2026-04-13 17:15:55,30.0,55.3,99.1,54.3,0.0,0.0,0.0
2026-04-13 17:16:00,29.9,55.3,94.0,54.3,0.0,0.0,0.0
2026-04-13 17:16:05,30.0,55.2,96.9,54.3,0.0,0.0,0.0
2026-04-13 17:16:10,30.1,55.1,90.8,54.3,0.0,0.0,0.0
2026-04-13 17:16:15,30.1,55.2,99.7,54.3,0.0,0.0,0.0
2026-04-13 17:16:20,30.1,55.2,93.7,54.3,0.0,0.0,0.0
2026-04-13 17:16:25,30.0,55.2,88.5,54.3,0.0,0.0,0.0
2026-04-13 17:16:30,30.1,55.3,109.8,54.3,0.0,0.0,0.0
2026-04-13 17:16:35,30.0,55.3,105.6,54.3,0.0,0.0,0.0
2026-04-13 17:16:40,30.0,55.3,125.0,54.2,0.0,0.0,0.0
2026-04-13 17:16:45,29.9,55.3,87.6,54.2,0.0,0.0,0.0
2026-04-13 17:16:50,30.0,55.4,92.1,54.2,0.0,0.0,0.0
2026-04-13 17:16:55,29.9,55.4,113.5,54.3,0.0,0.0,0.0
2026-04-13 17:17:00,30.0,55.4,98.4,54.3,0.0,0.0,0.0
2026-04-13 17:17:05,30.0,55.4,99.5,54.3,0.0,0.0,0.0
2026-04-13 17:17:10,30.0,55.4,110.5,54.3,0.0,0.0,0.0
2026-04-13 17:17:15,29.9,55.4,95.4,54.3,0.0,0.0,0.0
2026-04-13 17:17:20,30.0,55.4,92.6,54.3,0.0,0.0,0.0
2026-04-13 17:17:25,30.0,55.4,87.7,54.3,0.0,0.0,0.0
2026-04-13 17:17:30,29.9,55.3,92.9,54.3,0.0,0.0,0.0
2026-04-13 17:17:35,30.0,55.2,100.5,54.3,0.0,0.0,0.0
2026-04-13 17:17:40,30.1,55.3,93.8,54.3,0.0,0.0,0.0
2026-04-13 17:17:45,29.9,55.2,100.9,54.3,0.0,0.0,0.0
2026-04-13 17:17:50,30.0,55.3,84.2,54.3,0.0,0.0,0.0
2026-04-13 17:17:55,29.8,55.3,108.8,54.3,0.0,0.0,0.0
2026-04-13 17:18:00,30.0,55.4,90.2,54.3,0.0,0.0,0.0
2026-04-13 17:18:05,30.0,55.5,76.9,54.2,0.0,0.0,0.0
2026-04-13 17:18:10,29.9,55.5,87.1,54.2,0.0,0.0,0.0
2026-04-13 17:18:15,29.9,55.5,100.0,54.2,0.0,0.0,0.0
2026-04-13 17:18:20,30.0,55.5,83.8,54.2,0.0,0.0,0.0
2026-04-13 17:18:25,30.0,55.4,95.5,54.2,0.0,0.0,0.0
2026-04-13 17:18:30,29.9,55.3,85.8,54.2,0.0,0.0,0.0
2026-04-13 17:18:35,30.0,55.4,99.3,54.2,0.0,0.0,0.0
2026-04-13 17:18:40,30.1,55.3,85.2,54.2,0.0,0.0,0.0
2026-04-13 17:18:45,29.9,55.4,83.4,54.2,0.0,0.0,0.0
2026-04-13 17:18:50,30.1,55.3,81.1,54.2,0.0,0.0,0.0
2026-04-13 17:18:55,30.0,55.4,82.0,54.2,0.0,0.0,0.0
2026-04-13 17:19:00,30.0,55.3,115.5,54.2,0.0,0.0,0.0
2026-04-13 17:19:05,30.1,55.3,100.1,54.2,0.0,0.0,0.0
2026-04-13 17:19:10,30.0,55.2,83.5,54.2,0.0,0.0,0.0
2026-04-13 17:19:15,29.7,55.2,101.9,54.2,0.0,0.0,0.0
2026-04-13 17:19:20,30.0,55.3,96.9,54.3,0.0,0.0,0.0
2026-04-13 17:19:25,30.0,55.4,93.4,54.3,0.0,0.0,0.0
2026-04-13 17:19:30,29.9,55.6,97.0,54.3,0.0,0.0,0.0
2026-04-13 17:19:35,30.0,55.5,90.2,54.3,0.0,0.0,0.0
2026-04-13 17:19:40,29.9,55.4,78.3,54.2,0.0,0.0,0.0
2026-04-13 17:19:45,29.8,55.5,92.9,54.2,0.0,0.0,0.0
2026-04-13 17:19:50,29.9,55.5,86.9,54.2,0.0,0.0,0.0
2026-04-13 17:19:55,30.0,55.5,96.2,54.2,0.0,0.0,0.0
2026-04-13 17:20:00,30.0,55.4,100.4,54.2,0.0,0.0,0.0
2026-04-13 17:20:05,29.9,55.4,88.6,54.2,0.0,0.0,0.0
2026-04-13 17:20:10,30.0,55.4,94.0,54.2,0.0,0.0,0.0
2026-04-13 17:20:15,30.0,55.5,94.8,54.2,0.0,0.0,0.0
2026-04-13 17:20:20,30.0,55.6,92.5,54.2,0.0,0.0,0.0
2026-04-13 17:20:25,29.8,55.6,93.3,54.2,0.0,0.0,0.0
2026-04-13 17:20:30,29.8,55.7,85.1,54.2,0.0,0.0,0.0
2026-04-13 17:20:35,29.9,55.6,82.7,54.2,0.0,0.0,0.0
2026-04-13 17:20:40,29.8,55.6,92.6,54.2,0.0,0.0,0.0
2026-04-13 17:20:45,29.9,55.7,68.3,54.2,0.0,0.0,0.0
2026-04-13 17:20:50,29.9,55.7,88.2,54.2,0.0,0.0,0.0
2026-04-13 17:20:55,29.9,55.6,86.1,54.2,0.0,0.0,0.0
2026-04-13 17:21:00,29.9,55.6,95.0,54.2,0.0,0.0,0.0
2026-04-13 17:21:05,29.9,55.7,101.8,54.2,0.0,0.0,0.0
2026-04-13 17:21:10,29.8,55.8,89.6,54.2,0.0,0.0,0.0
2026-04-13 17:21:15,30.0,55.8,97.0,54.2,0.0,0.0,0.0
2026-04-13 17:21:20,29.8,55.6,107.6,54.2,0.0,0.0,0.0
2026-04-13 17:21:25,30.0,55.6,93.7,54.2,0.0,0.0,0.0
2026-04-13 17:21:30,29.9,55.5,78.7,54.2,0.0,0.0,0.0
2026-04-13 17:21:35,30.0,55.4,86.5,54.2,0.0,0.0,0.0
2026-04-13 17:21:40,30.0,55.5,101.8,54.2,0.0,0.0,0.0
2026-04-13 17:21:45,30.1,55.3,79.9,54.2,0.0,0.0,0.0
2026-04-13 17:21:50,30.0,55.3,85.8,54.2,0.0,0.0,0.0
2026-04-13 17:21:55,29.9,55.4,86.4,54.2,0.0,0.0,0.0
2026-04-13 17:22:00,29.9,55.3,85.1,54.2,0.0,0.0,0.0
2026-04-13 17:22:05,30.0,55.3,92.4,54.2,0.0,0.0,0.0
2026-04-13 17:22:10,30.0,55.4,83.9,54.2,0.0,0.0,0.0
2026-04-13 17:22:15,29.9,55.4,85.9,54.2,0.0,0.0,0.0
2026-04-13 17:22:20,30.1,55.4,75.3,54.2,0.0,0.0,0.0
2026-04-13 17:22:25,29.9,55.3,90.9,54.2,0.0,0.0,0.0
2026-04-13 17:22:30,29.8,55.3,82.2,54.2,0.0,0.0,0.0
2026-04-13 17:22:35,29.8,55.3,94.2,54.2,0.0,0.0,0.0
2026-04-13 17:22:40,29.8,55.3,86.6,54.2,0.0,0.0,0.0
2026-04-13 17:22:45,30.0,55.2,57.1,54.2,0.0,0.0,0.0
2026-04-13 17:22:50,29.9,55.4,66.4,54.2,0.0,0.0,0.0
2026-04-13 17:22:55,30.0,55.5,66.6,54.2,0.0,0.0,0.0
2026-04-13 17:23:00,29.9,55.6,78.8,54.2,0.0,0.0,0.0
2026-04-13 17:23:05,30.0,55.5,95.5,54.2,0.0,0.0,0.0
2026-04-13 17:23:10,29.9,55.4,82.7,54.2,0.0,0.0,0.0
2026-04-13 17:23:15,29.8,55.5,66.6,54.2,0.0,0.0,0.0
2026-04-13 17:23:20,29.8,55.5,75.6,54.2,0.0,0.0,0.0
2026-04-13 17:23:25,30.0,55.4,80.8,54.2,0.0,0.0,0.0
2026-04-13 17:23:30,29.9,55.5,88.8,54.2,0.0,0.0,0.0
2026-04-13 17:23:35,30.1,55.5,93.5,54.2,0.0,0.0,0.0
2026-04-13 17:23:40,30.0,55.5,84.1,54.2,0.0,0.0,0.0
2026-04-13 17:23:45,30.0,55.5,72.7,54.2,0.0,0.0,0.0
2026-04-13 17:23:50,30.1,55.5,76.0,54.2,0.0,0.0,0.0
2026-04-13 17:23:55,29.9,55.5,87.8,54.2,0.0,0.0,0.0
2026-04-13 17:24:00,30.1,55.6,90.1,54.2,0.0,0.0,0.0
2026-04-13 17:24:05,29.8,55.7,78.7,54.2,0.0,0.0,0.0
2026-04-13 17:24:10,30.1,55.7,84.4,54.2,0.0,0.0,0.0
2026-04-13 17:24:15,30.0,55.7,87.2,54.2,0.0,0.0,0.0
2026-04-13 17:24:20,30.0,55.6,68.8,54.2,0.0,0.0,0.0
2026-04-13 17:24:25,30.0,55.5,85.1,54.2,0.0,0.0,0.0
2026-04-13 17:24:30,30.0,55.5,69.7,54.2,0.0,0.0,0.0
2026-04-13 17:24:35,30.0,55.5,91.3,54.2,0.0,0.0,0.0
2026-04-13 17:24:40,30.0,55.5,96.2,54.2,0.0,0.0,0.0
2026-04-13 17:24:45,30.0,55.3,73.6,54.2,0.0,0.0,0.0
2026-04-13 17:24:50,30.0,55.4,93.1,54.2,0.0,0.0,0.0
2026-04-13 17:24:55,29.9,55.6,79.3,54.2,0.0,0.0,0.0
2026-04-13 17:25:00,29.9,55.5,85.1,54.2,0.0,0.0,0.0
2026-04-13 17:25:05,30.0,55.6,79.5,54.2,0.0,0.0,0.0
2026-04-13 17:25:10,30.1,55.5,77.5,54.2,0.0,0.0,0.0
2026-04-13 17:25:15,30.0,55.5,68.1,54.2,0.0,0.0,0.0
2026-04-13 17:25:20,29.9,55.6,84.6,54.2,0.0,0.0,0.0
2026-04-13 17:25:25,30.0,55.6,87.8,54.2,0.0,0.0,0.0
2026-04-13 17:25:30,29.9,55.6,88.4,54.2,0.0,0.0,0.0
2026-04-13 17:25:35,29.9,55.7,101.2,54.2,0.0,0.0,0.0
2026-04-13 17:25:40,30.0,55.8,62.2,54.2,0.0,0.0,0.0
2026-04-13 17:25:45,30.0,55.8,94.1,54.2,0.0,0.0,0.0
2026-04-13 17:25:50,30.0,55.9,77.0,54.2,0.0,0.0,0.0
2026-04-13 17:25:55,30.1,55.9,75.2,54.2,0.0,0.0,0.0
2026-04-13 17:26:00,29.8,55.9,56.2,54.2,0.0,0.0,0.0
2026-04-13 17:26:05,30.0,55.9,71.7,54.2,0.0,0.0,0.0
2026-04-13 17:26:10,30.0,56.0,74.7,54.2,0.0,0.0,0.0
2026-04-13 17:26:15,29.9,56.1,77.3,54.2,0.0,0.0,0.0
2026-04-13 17:26:20,29.9,56.0,67.4,54.2,0.0,0.0,0.0
2026-04-13 17:26:25,30.1,56.1,82.4,54.2,0.0,0.0,0.0
2026-04-13 17:26:30,30.0,56.2,59.8,54.2,0.0,0.0,0.0
2026-04-13 17:26:35,30.1,56.3,71.8,54.2,0.0,0.0,0.0
2026-04-13 17:26:40,29.9,56.2,65.3,54.1,0.0,0.0,0.0
2026-04-13 17:26:45,29.9,56.3,65.2,54.1,0.0,0.0,0.0
2026-04-13 17:26:50,30.0,56.4,73.2,54.2,0.0,0.0,0.0
2026-04-13 17:26:55,30.1,56.5,88.6,54.2,0.0,0.0,0.0
2026-04-13 17:27:00,30.0,56.4,71.4,54.2,0.0,0.0,0.0
2026-04-13 17:27:05,30.0,56.4,73.1,54.2,0.0,0.0,0.0
2026-04-13 17:27:10,30.0,56.6,51.8,54.2,0.0,0.0,0.0
2026-04-13 17:27:15,29.8,56.4,89.5,54.2,0.0,0.0,0.0
2026-04-13 17:27:20,29.9,56.5,61.8,54.2,0.0,0.0,0.0
2026-04-13 17:27:25,30.1,56.5,84.2,54.2,0.0,0.0,0.0
2026-04-13 17:27:30,29.9,56.6,71.6,54.2,0.0,0.0,0.0
2026-04-13 17:27:35,30.0,56.6,75.4,54.2,0.0,0.0,0.0
2026-04-13 17:27:40,30.1,56.7,66.6,54.2,0.0,0.0,0.0
2026-04-13 17:27:45,30.0,56.7,57.6,54.2,0.0,0.0,0.0
2026-04-13 17:27:50,30.1,56.8,77.8,54.2,0.0,0.0,0.0
2026-04-13 17:27:55,30.1,56.8,75.9,54.2,0.0,0.0,0.0
2026-04-13 17:28:00,29.8,56.8,72.8,54.2,0.0,0.0,0.0
2026-04-13 17:28:05,30.0,56.7,89.2,54.2,0.0,0.0,0.0
2026-04-13 17:28:10,29.9,56.7,69.0,54.2,0.0,0.0,0.0
2026-04-13 17:28:15,30.0,56.6,58.5,54.2,0.0,0.0,0.0
2026-04-13 17:28:20,29.9,56.7,50.3,54.2,0.0,0.0,0.0
2026-04-13 17:28:25,29.9,56.8,74.3,54.2,0.0,0.0,0.0
2026-04-13 17:28:30,30.2,56.8,64.9,54.2,0.0,0.0,0.0
2026-04-13 17:28:35,30.0,56.8,56.3,54.2,0.0,0.0,0.0
2026-04-13 17:28:40,30.0,56.8,61.1,54.2,0.0,0.0,0.0
2026-04-13 17:28:45,30.0,56.9,73.4,54.2,0.0,0.0,0.0
2026-04-13 17:28:50,29.8,57.0,77.4,54.2,0.0,0.0,0.0
2026-04-13 17:28:55,30.0,56.9,74.9,54.2,0.0,0.0,0.0
2026-04-13 17:29:00,30.0,56.9,52.9,54.2,0.0,0.0,0.0
2026-04-13 17:29:05,30.0,57.1,58.4,54.2,0.0,0.0,0.0
2026-04-13 17:29:10,29.9,57.1,65.6,54.2,0.0,0.0,0.0
2026-04-13 17:29:15,29.9,57.0,72.5,54.1,0.0,0.0,0.0
2026-04-13 17:29:20,29.9,56.9,59.7,54.1,0.0,0.0,0.0
2026-04-13 17:29:25,30.0,56.9,72.2,54.1,0.0,0.0,0.0
2026-04-13 17:29:30,30.1,56.8,84.6,54.1,0.0,0.0,0.0
2026-04-13 17:29:35,30.0,56.9,70.2,54.2,0.0,0.0,0.0
2026-04-13 17:29:40,30.0,56.9,61.4,54.2,0.0,0.0,0.0
2026-04-13 17:29:45,29.9,56.9,71.2,54.2,0.0,0.0,0.0
2026-04-13 17:29:50,30.0,56.9,62.5,54.2,0.0,0.0,0.0
2026-04-13 17:29:55,30.0,56.9,66.8,54.2,0.0,0.0,0.0
2026-04-13 17:30:00,29.9,56.9,60.6,54.2,0.0,0.0,0.0
2026-04-13 17:30:05,30.1,56.9,52.4,54.2,0.0,0.0,0.0
2026-04-13 17:30:10,30.0,56.9,65.5,54.2,0.0,0.0,0.0
2026-04-13 17:30:15,29.8,56.9,57.1,54.2,0.0,0.0,0.0
2026-04-13 17:30:20,30.0,56.9,73.2,54.2,0.0,0.0,0.0
2026-04-13 17:30:25,30.0,56.9,60.4,54.2,0.0,0.0,0.0
2026-04-13 17:30:30,30.0,56.9,61.7,54.2,0.0,0.0,0.0
2026-04-13 17:30:35,29.9,56.8,65.9,54.1,0.0,0.0,0.0
2026-04-13 17:30:40,29.9,56.7,67.9,54.1,0.0,0.0,0.0
2026-04-13 17:30:45,29.9,56.7,72.8,54.2,0.0,0.0,0.0
2026-04-13 17:30:50,29.9,56.7,63.9,54.2,0.0,0.0,0.0
2026-04-13 17:30:55,29.9,56.8,64.2,54.2,0.0,0.0,0.0
2026-04-13 17:31:00,29.9,56.7,72.3,54.2,0.0,0.0,0.0
2026-04-13 17:31:05,29.8,56.9,60.1,54.2,0.0,0.0,0.0
2026-04-13 17:31:10,29.9,56.8,65.4,54.2,0.0,0.0,0.0
2026-04-13 17:31:15,29.9,56.9,66.4,54.2,0.0,0.0,0.0
2026-04-13 17:31:20,29.7,56.8,61.6,54.2,0.0,0.0,0.0
2026-04-13 17:31:25,30.0,56.9,74.6,54.2,0.0,0.0,0.0
2026-04-13 17:31:30,30.0,56.9,62.0,54.2,0.0,0.0,0.0
2026-04-13 17:31:35,29.8,56.9,68.4,54.2,0.0,0.0,0.0
2026-04-13 17:31:40,30.0,56.9,67.7,54.2,0.0,0.0,0.0
2026-04-13 17:31:45,29.9,57.0,66.5,54.2,0.0,0.0,0.0
2026-04-13 17:31:50,29.8,57.0,61.1,54.2,0.0,0.0,0.0
2026-04-13 17:31:55,29.9,56.9,72.8,54.1,0.0,0.0,0.0
2026-04-13 17:32:00,30.1,57.0,69.3,54.1,0.0,0.0,0.0
2026-04-13 17:32:05,30.1,57.1,67.2,54.2,0.0,0.0,0.0
2026-04-13 17:32:10,30.0,57.2,65.1,54.2,0.0,0.0,0.0
2026-04-13 17:32:15,29.9,57.2,73.1,54.1,0.0,0.0,0.0
2026-04-13 17:32:20,30.2,57.2,70.0,54.1,0.0,0.0,0.0
2026-04-13 17:32:25,29.9,57.2,54.7,54.2,0.0,0.0,0.0
2026-04-13 17:32:30,30.0,57.2,52.2,54.2,0.0,0.0,0.0
2026-04-13 17:32:35,29.8,57.0,76.3,54.1,0.0,0.0,0.0
2026-04-13 17:32:40,29.9,57.0,73.0,54.1,0.0,0.0,0.0
2026-04-13 17:32:45,30.0,57.0,64.3,54.2,0.0,0.0,0.0
2026-04-13 17:32:50,29.9,57.1,73.4,54.2,0.0,0.0,0.0
2026-04-13 17:32:55,29.8,57.1,57.5,54.2,0.0,0.0,0.0
2026-04-13 17:33:00,29.9,57.0,57.4,54.2,0.0,0.0,0.0
2026-04-13 17:33:05,29.8,57.0,67.8,54.1,0.0,0.0,0.0
2026-04-13 17:33:10,29.9,57.0,60.5,54.1,0.0,0.0,0.0
2026-04-13 17:33:15,29.9,56.9,50.3,54.1,0.0,0.0,0.0
2026-04-13 17:33:20,29.9,57.1,60.2,54.2,0.0,0.0,0.0
2026-04-13 17:33:25,29.9,57.1,74.6,54.2,0.0,0.0,0.0
2026-04-13 17:33:30,29.8,57.1,48.8,54.2,0.0,0.0,0.0
2026-04-13 17:33:35,29.9,57.0,50.2,54.2,0.0,0.0,0.0
2026-04-13 17:33:40,30.0,57.1,52.5,54.2,0.0,0.0,0.0
2026-04-13 17:33:45,29.9,57.2,43.7,54.1,0.0,0.0,0.0
2026-04-13 17:33:50,30.0,57.1,57.6,54.1,0.0,0.0,0.0
2026-04-13 17:33:55,30.1,57.1,63.8,54.1,0.0,0.0,0.0
2026-04-13 17:34:00,29.9,57.2,42.7,54.2,0.0,0.0,0.0
2026-04-13 17:34:05,30.1,57.3,54.2,54.2,0.0,0.0,0.0
2026-04-13 17:34:10,29.9,57.3,51.3,54.1,0.0,0.0,0.0
2026-04-13 17:34:15,29.9,57.3,56.9,54.1,0.0,0.0,0.0
2026-04-13 17:34:20,29.9,57.4,56.6,54.1,0.0,0.0,0.0
2026-04-13 17:34:25,30.0,57.4,50.2,54.1,0.0,0.0,0.0
2026-04-13 17:34:30,29.9,57.6,50.3,54.1,0.0,0.0,0.0
2026-04-13 17:34:35,29.8,57.7,63.1,54.2,0.0,0.0,0.0
2026-04-13 17:34:40,29.8,57.7,37.6,54.2,0.0,0.0,0.0
2026-04-13 17:34:45,30.0,57.9,54.2,54.1,0.0,0.0,0.0
2026-04-13 17:34:50,29.9,57.9,49.1,54.1,0.0,0.0,0.0
2026-04-13 17:34:55,29.9,57.8,54.7,54.1,0.0,0.0,0.0
2026-04-13 17:35:00,30.0,57.8,77.4,54.1,0.0,0.0,0.0
2026-04-13 17:35:05,30.0,57.7,55.8,54.1,0.0,0.0,0.0
2026-04-13 17:35:10,30.0,57.8,87.7,54.1,0.0,0.0,0.0
2026-04-13 17:35:15,30.0,57.8,62.0,54.1,0.0,0.0,0.0
2026-04-13 17:35:20,29.9,57.8,62.7,54.1,0.0,0.0,0.0
2026-04-13 17:35:25,29.8,57.9,67.2,54.1,0.0,0.0,0.0
2026-04-13 17:35:30,30.0,57.8,58.6,54.1,0.0,0.0,0.0
2026-04-13 17:35:35,30.0,57.7,49.3,54.2,0.0,0.0,0.0
2026-04-13 17:35:40,29.9,57.7,61.2,54.2,0.0,0.0,0.0
2026-04-13 17:35:45,29.9,57.6,60.0,54.2,0.0,0.0,0.0
2026-04-13 17:35:50,30.0,57.6,45.9,54.1,0.0,0.0,0.0
2026-04-13 17:35:55,29.8,57.6,61.9,54.1,0.0,0.0,0.0
2026-04-13 17:36:00,29.9,57.6,42.5,54.1,0.0,0.0,0.0
2026-04-13 17:36:05,30.0,57.6,52.1,54.1,0.0,0.0,0.0
2026-04-13 17:36:10,29.9,57.7,43.2,54.1,0.0,0.0,0.0
2026-04-13 17:36:15,30.1,57.7,65.1,54.1,0.0,0.0,0.0
2026-04-13 17:36:20,30.0,57.6,60.8,54.1,0.0,0.0,0.0
2026-04-13 17:36:25,29.9,57.7,42.1,54.1,0.0,0.0,0.0
2026-04-13 17:36:30,30.0,57.6,53.4,54.1,0.0,0.0,0.0
2026-04-13 17:36:35,30.1,57.7,56.1,54.1,0.0,0.0,0.0
2026-04-13 17:36:40,29.9,57.7,43.4,54.1,0.0,0.0,0.0
2026-04-13 17:36:45,29.8,57.7,48.0,54.1,0.0,0.0,0.0
2026-04-13 17:36:50,29.9,57.8,59.8,54.1,0.0,0.0,0.0
2026-04-13 17:36:55,30.0,57.9,38.1,54.1,0.0,0.0,0.0
2026-04-13 17:37:00,29.9,57.9,51.8,54.1,0.0,0.0,0.0
2026-04-13 17:37:05,30.1,57.9,58.0,54.1,0.0,0.0,0.0
2026-04-13 17:37:10,29.9,57.8,72.7,54.1,0.0,0.0,0.0
2026-04-13 17:37:15,30.0,57.9,39.3,54.1,0.0,0.0,0.0
2026-04-13 17:37:20,29.9,57.9,51.4,54.1,0.0,0.0,0.0
2026-04-13 17:37:25,30.0,57.9,65.3,54.1,0.0,0.0,0.0
2026-04-13 17:37:30,30.1,58.0,34.8,54.0,0.0,0.0,0.0
2026-04-13 17:37:35,30.1,58.1,39.6,54.0,0.0,0.0,0.0
2026-04-13 17:37:40,30.1,58.1,39.2,54.1,0.0,0.0,0.0
2026-04-13 17:37:45,29.8,58.2,65.2,54.1,0.0,0.0,0.0
2026-04-13 17:37:50,29.9,58.3,51.2,54.1,0.0,0.0,0.0
2026-04-13 17:37:55,29.9,58.2,48.6,54.1,0.0,0.0,0.0
2026-04-13 17:38:00,30.0,58.2,46.3,54.1,0.0,0.0,0.0
2026-04-13 17:38:05,30.0,58.2,46.2,54.1,0.0,0.0,0.0
2026-04-13 17:38:10,30.0,58.1,52.6,54.1,0.0,0.0,0.0
2026-04-13 17:38:15,29.8,58.0,54.0,54.1,0.0,0.0,0.0
2026-04-13 17:38:20,29.8,58.0,40.1,54.1,0.0,0.0,0.0
2026-04-13 17:38:25,30.0,57.9,38.3,54.1,0.0,0.0,0.0
2026-04-13 17:38:30,30.1,58.0,45.0,54.1,0.0,0.0,0.0
2026-04-13 17:38:35,29.9,58.0,18.8,54.1,0.0,0.0,0.0
2026-04-13 17:38:40,29.9,58.0,47.3,54.1,0.0,0.0,0.0
2026-04-13 17:38:45,30.0,58.0,51.6,54.1,0.0,0.0,0.0
2026-04-13 17:38:50,29.9,57.9,54.0,54.1,0.0,0.0,0.0
2026-04-13 17:38:55,29.8,57.9,46.1,54.1,0.0,0.0,0.0
2026-04-13 17:39:00,30.0,58.0,51.5,54.1,0.0,0.0,0.0
2026-04-13 17:39:05,30.0,57.9,37.8,54.0,0.0,0.0,0.0
2026-04-13 17:39:10,30.0,57.8,35.3,54.0,0.0,0.0,0.0
2026-04-13 17:39:15,29.8,57.7,42.5,54.1,0.0,0.0,0.0
2026-04-13 17:39:20,30.0,57.5,51.8,54.1,0.0,0.0,0.0
2026-04-13 17:39:25,30.0,57.5,67.3,54.1,0.0,0.0,0.0
2026-04-13 17:39:30,29.9,57.6,52.3,54.1,0.0,0.0,0.0
2026-04-13 17:39:35,30.0,57.6,49.2,54.1,0.0,0.0,0.0
2026-04-13 17:39:40,29.9,57.5,51.9,54.1,0.0,0.0,0.0
2026-04-13 17:39:45,29.9,57.5,43.2,54.1,0.0,0.0,0.0
2026-04-13 17:39:50,29.9,57.6,46.1,54.1,0.0,0.0,0.0
2026-04-13 17:39:55,30.0,57.7,34.0,54.1,0.0,0.0,0.0
2026-04-13 17:40:00,30.0,57.7,54.7,54.1,0.0,0.0,0.0
2026-04-13 17:40:05,30.1,57.8,43.6,54.1,0.0,0.0,0.0
2026-04-13 17:40:10,30.0,57.8,31.4,54.1,0.0,0.0,0.0
2026-04-13 17:40:15,29.9,57.7,58.0,54.0,0.0,0.0,0.0
2026-04-13 17:40:20,30.0,57.7,30.4,54.0,0.0,0.0,0.0
2026-04-13 17:40:25,30.0,57.7,41.1,54.0,0.0,0.0,0.0
2026-04-13 17:40:30,29.9,57.7,25.4,54.1,0.0,0.0,0.0
2026-04-13 17:40:35,29.9,57.8,29.6,54.1,0.0,0.0,0.0
2026-04-13 17:40:40,30.0,57.8,22.0,54.1,0.0,0.0,0.0
2026-04-13 17:40:45,30.1,57.8,34.8,54.1,0.0,0.0,0.0
2026-04-13 17:40:50,29.8,57.7,50.5,54.1,0.0,0.0,0.0
2026-04-13 17:40:55,30.0,57.7,42.4,54.1,0.0,0.0,0.0
2026-04-13 17:41:00,30.0,57.8,36.3,54.1,0.0,0.0,0.0
2026-04-13 17:41:05,29.8,57.9,57.0,54.1,0.0,0.0,0.0
2026-04-13 17:41:10,29.9,57.9,45.0,54.1,0.0,0.0,0.0
2026-04-13 17:41:15,30.0,57.8,41.7,54.1,0.0,0.0,0.0
2026-04-13 17:41:20,30.0,57.8,36.5,54.1,0.0,0.0,0.0
2026-04-13 17:41:25,30.0,57.7,41.0,54.1,0.0,0.0,0.0
2026-04-13 17:41:30,29.9,57.9,41.9,54.1,0.0,0.0,0.0
2026-04-13 17:41:35,29.9,58.0,37.9,54.1,0.0,0.0,0.0
2026-04-13 17:41:40,29.9,58.0,38.3,54.1,0.0,0.0,0.0
2026-04-13 17:41:45,29.9,58.1,44.2,54.1,0.0,0.0,0.0
2026-04-13 17:41:50,30.1,58.0,41.3,54.0,0.0,0.0,0.0
2026-04-13 17:41:55,29.8,58.0,26.1,54.0,0.0,0.0,0.0
2026-04-13 17:42:00,29.9,58.0,51.3,54.1,0.0,0.0,0.0
2026-04-13 17:42:05,29.9,58.0,29.2,54.1,0.0,0.0,0.0
2026-04-13 17:42:10,29.9,57.9,53.1,54.1,0.0,0.0,0.0
2026-04-13 17:42:15,29.9,57.9,36.2,54.1,0.0,0.0,0.0
2026-04-13 17:42:20,29.9,57.9,49.7,54.1,0.0,0.0,0.0
2026-04-13 17:42:25,30.0,57.8,38.5,54.1,0.0,0.0,0.0
2026-04-13 17:42:30,30.0,57.8,35.9,54.1,0.0,0.0,0.0
2026-04-13 17:42:35,30.0,57.8,48.9,54.1,0.0,0.0,0.0
2026-04-13 17:42:40,29.9,57.9,41.3,54.1,0.0,0.0,0.0
2026-04-13 17:42:45,29.9,58.0,26.7,54.0,0.0,0.0,0.0
2026-04-13 17:42:50,29.9,58.0,35.4,54.0,0.0,0.0,0.0
2026-04-13 17:42:55,29.9,57.9,41.1,54.1,0.0,0.0,0.0
2026-04-13 17:43:00,29.8,58.0,26.6,54.1,0.0,0.0,0.0
2026-04-13 17:43:05,30.0,58.2,47.9,54.0,0.0,0.0,0.0
2026-04-13 17:43:10,30.1,58.2,41.7,54.0,0.0,0.0,0.0
2026-04-13 17:43:15,30.0,58.0,33.2,54.0,0.0,0.0,0.0
2026-04-13 17:43:20,29.9,58.0,43.3,54.0,0.0,0.0,0.0
2026-04-13 17:43:25,29.8,58.1,33.4,54.0,0.0,0.0,0.0
2026-04-13 17:43:30,30.1,58.0,36.2,54.1,0.0,0.0,0.0
2026-04-13 17:43:35,29.9,57.9,46.7,54.1,0.0,0.0,0.0
2026-04-13 17:43:40,30.0,58.0,36.3,54.0,0.0,0.0,0.0
2026-04-13 17:43:45,30.0,57.9,27.2,54.0,0.0,0.0,0.0
2026-04-13 17:43:50,29.9,57.9,24.4,54.0,0.0,0.0,0.0
2026-04-13 17:43:55,30.0,58.0,38.9,54.0,0.0,0.0,0.0
2026-04-13 17:44:00,30.0,57.9,34.8,54.0,0.0,0.0,0.0
2026-04-13 17:44:05,29.9,58.1,42.9,54.0,0.0,0.0,0.0
2026-04-13 17:44:10,29.9,58.1,47.1,54.0,0.0,0.0,0.0
2026-04-13 17:44:15,29.9,58.1,34.2,54.0,0.0,0.0,0.0
2026-04-13 17:44:20,30.0,58.1,28.4,54.0,0.0,0.0,0.0
2026-04-13 17:44:25,30.0,58.2,41.6,54.0,0.0,0.0,0.0
2026-04-13 17:44:30,29.9,58.4,45.9,54.1,0.0,0.0,0.0
2026-04-13 17:44:35,29.9,58.4,50.3,54.1,0.0,0.0,0.0
2026-04-13 17:44:40,29.9,58.4,49.2,54.1,0.0,0.0,0.0
2026-04-13 17:44:45,29.9,58.4,35.7,54.1,0.0,0.0,0.0
2026-04-13 17:44:50,29.9,58.3,49.2,54.1,0.0,0.0,0.0
2026-04-13 17:44:55,29.9,58.4,51.5,54.0,0.0,0.0,0.0
2026-04-13 17:45:00,29.9,58.4,30.2,54.0,0.0,0.0,0.0
2026-04-13 17:45:05,30.0,58.5,29.5,54.0,0.0,0.0,0.0
2026-04-13 17:45:10,30.1,58.5,41.0,54.0,0.0,0.0,0.0
2026-04-13 17:45:15,29.9,58.4,33.2,54.0,0.0,0.0,0.0
2026-04-13 17:45:20,30.1,58.5,54.7,54.0,0.0,0.0,0.0
2026-04-13 17:45:25,29.8,58.4,24.7,54.0,0.0,0.0,0.0
2026-04-13 17:45:30,30.0,58.3,30.3,54.0,0.0,0.0,0.0
2026-04-13 17:45:35,30.0,58.5,34.0,54.1,0.0,0.0,0.0
2026-04-13 17:45:40,30.1,58.4,39.9,54.1,0.0,0.0,0.0
2026-04-13 17:45:45,29.9,58.4,30.9,54.1,0.0,0.0,0.0
2026-04-13 17:45:50,30.0,58.4,46.7,54.1,0.0,0.0,0.0
2026-04-13 17:45:55,29.8,58.4,37.2,54.1,0.0,0.0,0.0
2026-04-13 17:46:00,30.0,58.3,40.7,54.1,0.0,0.0,0.0
2026-04-13 17:46:05,30.0,58.2,23.0,54.1,0.0,0.0,0.0
2026-04-13 17:46:10,29.9,58.2,41.2,54.1,0.0,0.0,0.0
2026-04-13 17:46:15,29.9,58.2,27.2,54.1,0.0,0.0,0.0
2026-04-13 17:46:20,30.0,58.2,36.2,54.1,0.0,0.0,0.0
2026-04-13 17:46:25,29.9,58.1,27.1,54.1,0.0,0.0,0.0
2026-04-13 17:46:30,29.9,58.2,34.7,54.1,0.0,0.0,0.0
2026-04-13 17:46:35,30.1,58.2,37.0,54.1,0.0,0.0,0.0
2026-04-13 17:46:40,30.0,58.3,17.4,54.1,0.0,0.0,0.0
2026-04-13 17:46:45,30.1,58.3,32.4,54.1,0.0,0.0,0.0
2026-04-13 17:46:50,30.1,58.3,40.2,54.1,0.0,0.0,0.0
2026-04-13 17:46:55,30.0,58.1,16.0,54.0,0.0,0.0,0.0
2026-04-13 17:47:00,30.0,58.2,34.9,54.0,0.0,0.0,0.0
2026-04-13 17:47:05,30.0,58.1,32.2,54.0,0.0,0.0,0.0
2026-04-13 17:47:10,29.8,58.1,43.5,54.1,0.0,0.0,0.0
2026-04-13 17:47:15,30.1,58.1,29.6,54.1,0.0,0.0,0.0
2026-04-13 17:47:20,30.0,58.1,34.9,54.1,0.0,0.0,0.0
2026-04-13 17:47:25,30.0,58.0,34.7,54.0,0.0,0.0,0.0
2026-04-13 17:47:30,30.1,57.9,42.2,54.0,0.0,0.0,0.0
2026-04-13 17:47:35,29.9,57.8,39.2,54.0,0.0,0.0,0.0
2026-04-13 17:47:40,30.0,57.9,43.1,54.0,0.0,0.0,0.0
2026-04-13 17:47:45,29.9,58.1,37.0,54.0,0.0,0.0,0.0
2026-04-13 17:47:50,29.9,58.1,40.2,54.1,0.0,0.0,0.0
2026-04-13 17:47:55,30.0,58.2,41.7,54.1,0.0,0.0,0.0
2026-04-13 17:48:00,30.0,58.2,25.9,54.1,0.0,0.0,0.0
2026-04-13 17:48:05,29.9,58.1,46.0,54.1,0.0,0.0,0.0
2026-04-13 17:48:10,30.0,58.2,33.8,54.1,0.0,0.0,0.0
2026-04-13 17:48:15,30.0,58.3,34.8,54.1,0.0,0.0,0.0
2026-04-13 17:48:20,30.0,58.3,40.1,54.1,0.0,0.0,0.0
2026-04-13 17:48:25,29.8,58.3,27.1,54.1,0.0,0.0,0.0
2026-04-13 17:48:30,29.9,58.3,38.0,54.1,0.0,0.0,0.0
2026-04-13 17:48:35,29.9,58.2,24.3,54.1,0.0,0.0,0.0
2026-04-13 17:48:40,30.0,58.2,41.1,54.0,0.0,0.0,0.0
2026-04-13 17:48:45,29.9,58.3,32.4,54.0,0.0,0.0,0.0
2026-04-13 17:48:50,29.9,58.3,51.7,54.0,0.0,0.0,0.0
2026-04-13 17:48:55,29.9,58.3,23.4,54.0,0.0,0.0,0.0
2026-04-13 17:49:00,30.0,58.3,35.2,54.0,0.0,0.0,0.0
2026-04-13 17:49:05,29.8,58.3,30.7,54.0,0.0,0.0,0.0
2026-04-13 17:49:10,29.9,58.5,30.1,54.0,0.0,0.0,0.0
2026-04-13 17:49:15,29.9,58.4,33.2,54.0,0.0,0.0,0.0
2026-04-13 17:49:20,30.0,58.4,24.7,54.0,0.0,0.0,0.0
2026-04-13 17:49:25,30.0,58.4,24.0,54.0,0.0,0.0,0.0
2026-04-13 17:49:30,30.0,58.4,18.6,54.0,0.0,0.0,0.0
2026-04-13 17:49:35,30.0,58.6,31.4,54.0,0.0,0.0,0.0
2026-04-13 17:49:40,29.8,58.5,9.5,54.0,0.0,0.0,0.0
2026-04-13 17:49:45,30.1,58.7,43.4,54.0,0.0,0.0,0.0
2026-04-13 17:49:50,29.9,58.7,27.0,54.0,0.0,0.0,0.0
2026-04-13 17:49:55,29.9,58.7,19.5,54.0,0.0,0.0,0.0
2026-04-13 17:50:00,29.9,58.7,30.9,54.0,0.0,0.0,0.0
2026-04-13 17:50:05,30.0,58.7,4.3,54.0,0.0,0.0,0.0
2026-04-13 17:50:10,30.1,58.8,24.8,54.0,0.0,0.0,0.0
2026-04-13 17:50:15,29.9,58.6,0.0,54.0,0.0,0.0,0.0
2026-04-13 17:50:20,30.1,58.8,17.1,54.0,0.0,0.0,0.0
2026-04-13 17:50:25,30.0,58.8,41.3,54.0,0.0,0.0,0.0
2026-04-13 17:50:30,30.0,58.9,27.1,54.0,0.0,0.0,0.0
2026-04-13 17:50:35,30.1,58.9,42.1,54.0,0.0,0.0,0.0
2026-04-13 17:50:40,30.0,58.8,27.0,54.0,0.0,0.0,0.0
2026-04-13 17:50:45,29.9,58.8,37.0,54.0,0.0,0.0,0.0
2026-04-13 17:50:50,30.0,58.8,37.6,54.0,0.0,0.0,0.0
2026-04-13 17:50:55,29.9,58.7,35.0,54.0,0.0,0.0,0.0
2026-04-13 17:51:00,29.8,58.8,22.5,54.0,0.0,0.0,0.0
2026-04-13 17:51:05,30.0,58.8,45.4,54.0,0.0,0.0,0.0
2026-04-13 17:51:10,30.1,58.8,10.7,54.0,0.0,0.0,0.0
2026-04-13 17:51:15,29.9,58.8,21.2,54.1,0.0,0.0,0.0
2026-04-13 17:51:20,29.9,58.8,37.7,54.1,0.0,0.0,0.0
2026-04-13 17:51:25,30.0,58.9,32.1,54.1,0.0,0.0,0.0
2026-04-13 17:51:30,30.0,59.0,25.9,54.0,0.0,0.0,0.0
2026-04-13 17:51:35,30.0,59.0,17.6,54.0,0.0,0.0,0.0
2026-04-13 17:51:40,30.0,59.0,18.3,54.0,0.0,0.0,0.0
2026-04-13 17:51:45,30.0,59.1,27.4,54.0,0.0,0.0,0.0
2026-04-13 17:51:50,30.1,59.3,15.8,54.0,0.0,0.0,0.0
2026-04-13 17:51:55,29.9,59.3,15.8,54.0,0.0,0.0,0.0
2026-04-13 17:52:00,29.9,59.2,15.9,54.0,0.0,0.0,0.0
2026-04-13 17:52:05,30.0,59.3,33.0,54.0,0.0,0.0,0.0
2026-04-13 17:52:10,29.9,59.4,24.1,54.0,0.0,0.0,0.0
2026-04-13 17:52:15,29.9,59.3,12.2,54.0,0.0,0.0,0.0
2026-04-13 17:52:20,30.0,59.3,27.3,54.0,0.0,0.0,0.0
2026-04-13 17:52:25,29.9,59.3,7.9,54.0,0.0,0.0,0.0
2026-04-13 17:52:30,29.8,59.1,38.1,54.0,0.0,0.0,0.0
2026-04-13 17:52:35,30.0,59.2,15.8,54.0,0.0,0.0,0.0
2026-04-13 17:52:40,30.0,59.2,16.6,54.0,0.0,0.0,0.0
2026-04-13 17:52:45,30.0,59.2,14.9,54.0,0.0,0.0,0.0
2026-04-13 17:52:50,30.0,59.2,19.7,54.0,0.0,0.0,0.0
2026-04-13 17:52:55,29.9,59.0,29.7,54.0,0.0,0.0,0.0
2026-04-13 17:53:00,29.9,59.0,28.7,54.0,0.0,0.0,0.0
2026-04-13 17:53:05,29.9,59.0,36.4,54.0,0.0,0.0,0.0
2026-04-13 17:53:10,29.8,58.9,23.2,54.0,0.0,0.0,0.0
2026-04-13 17:53:15,29.9,58.9,25.1,54.0,0.0,0.0,0.0
2026-04-13 17:53:20,29.7,59.0,26.7,54.0,0.0,0.0,0.0
2026-04-13 17:53:25,29.9,59.1,18.0,54.0,0.0,0.0,0.0
2026-04-13 17:53:30,29.8,59.1,27.2,54.0,0.0,0.0,0.0
2026-04-13 17:53:35,29.7,59.1,23.2,54.0,0.0,0.0,0.0
2026-04-13 17:53:40,29.9,59.2,18.3,54.0,0.0,0.0,0.0
2026-04-13 17:53:45,29.9,59.3,19.5,54.0,0.0,0.0,0.0
2026-04-13 17:53:50,30.0,59.2,17.9,54.0,0.0,0.0,0.0
2026-04-13 17:53:55,29.8,59.2,6.9,54.0,0.0,0.0,0.0
2026-04-13 17:54:00,29.9,59.2,4.4,54.0,0.0,0.0,0.0
2026-04-13 17:54:05,29.9,59.2,7.5,54.0,0.0,0.0,0.0
2026-04-13 17:54:10,29.9,59.2,4.4,54.0,0.0,0.0,0.0
2026-04-13 17:54:15,29.9,59.2,27.3,54.0,0.0,0.0,0.0
2026-04-13 17:54:20,29.8,59.2,27.5,54.0,0.0,0.0,0.0
2026-04-13 17:54:25,30.0,59.3,24.5,54.0,0.0,0.0,0.0
2026-04-13 17:54:30,29.9,59.3,32.3,54.0,0.0,0.0,0.0
2026-04-13 17:54:35,29.9,59.3,0.8,54.0,0.0,0.0,0.0
2026-04-13 17:54:40,30.0,59.4,25.7,54.0,0.0,0.0,0.0
2026-04-13 17:54:45,30.0,59.4,24.9,54.0,0.0,0.0,0.0
2026-04-13 17:54:50,30.0,59.4,21.2,54.0,0.0,0.0,0.0
2026-04-13 17:54:55,30.0,59.3,18.4,54.0,0.0,0.0,0.0
2026-04-13 17:55:00,29.9,59.2,11.9,54.0,0.0,0.0,0.0
2026-04-13 17:55:05,29.9,59.1,26.2,54.0,0.0,0.0,0.0
2026-04-13 17:55:10,29.9,59.2,14.1,54.0,0.0,0.0,0.0
2026-04-13 17:55:15,30.0,59.2,16.0,54.0,0.0,0.0,0.0
2026-04-13 17:55:20,29.8,59.2,9.5,54.0,0.0,0.0,0.0
2026-04-13 17:55:25,29.7,59.4,21.4,54.0,0.0,0.0,0.0
2026-04-13 17:55:30,29.8,59.5,22.6,54.0,0.0,0.0,0.0
2026-04-13 17:55:35,30.0,59.4,4.5,54.0,0.0,0.0,0.0
2026-04-13 17:55:40,29.9,59.5,10.9,54.0,0.0,0.0,0.0
2026-04-13 17:55:45,29.8,59.5,21.7,54.0,0.0,0.0,0.0
2026-04-13 17:55:50,29.9,59.7,5.9,54.0,0.0,0.0,0.0
2026-04-13 17:55:55,29.8,59.7,36.4,54.0,0.0,0.0,0.0
2026-04-13 17:56:00,29.8,59.7,22.4,54.0,0.0,0.0,0.0
2026-04-13 17:56:05,30.0,59.7,27.5,54.0,0.0,0.0,0.0
2026-04-13 17:56:10,29.9,59.7,27.7,53.9,0.0,0.0,0.0
2026-04-13 17:56:15,30.0,59.6,12.9,53.9,0.0,0.0,0.0
2026-04-13 17:56:20,29.8,59.7,32.2,54.0,0.0,0.0,0.0
2026-04-13 17:56:25,29.9,59.7,13.8,54.0,0.0,0.0,0.0
2026-04-13 17:56:30,29.7,59.7,7.2,54.0,0.0,0.0,0.0
2026-04-13 17:56:35,29.9,59.7,30.2,54.0,0.0,0.0,0.0
2026-04-13 17:56:40,29.7,59.8,13.5,54.0,0.0,0.0,0.0
2026-04-13 17:56:45,29.9,59.8,29.1,54.0,0.0,0.0,0.0
2026-04-13 17:56:50,29.9,59.7,33.1,54.0,0.0,0.0,0.0
2026-04-13 17:56:55,29.8,59.7,8.0,54.0,0.0,0.0,0.0
2026-04-13 17:57:00,29.9,59.6,16.1,54.0,0.0,0.0,0.0
2026-04-13 17:57:05,30.0,59.6,0.0,54.0,0.0,0.0,0.0
2026-04-13 17:57:10,29.9,59.7,5.4,54.0,0.0,0.0,0.0
2026-04-13 17:57:15,30.0,59.7,8.9,54.0,0.0,0.0,0.0
2026-04-13 17:57:20,30.0,59.7,0.0,54.0,0.0,0.0,0.0
2026-04-13 17:57:25,29.8,59.6,6.9,54.0,0.0,0.0,0.0
2026-04-13 17:57:30,29.9,59.8,18.3,54.0,0.0,0.0,0.0
2026-04-13 17:57:35,30.0,59.8,11.9,54.0,0.0,0.0,0.0
2026-04-13 17:57:40,29.9,59.9,9.3,54.0,0.0,0.0,0.0
2026-04-13 17:57:45,29.7,59.9,19.9,54.0,0.0,0.0,0.0
2026-04-13 17:57:50,29.8,59.9,1.8,54.0,0.0,0.0,0.0
2026-04-13 17:57:55,29.8,59.9,21.7,54.0,0.0,0.0,0.0
2026-04-13 17:58:00,29.9,59.8,33.3,54.0,0.0,0.0,0.0
2026-04-13 17:58:05,29.9,59.8,12.7,54.0,0.0,0.0,0.0
2026-04-13 17:58:10,29.9,59.7,10.5,53.9,0.0,0.0,0.0
2026-04-13 17:58:15,29.8,59.7,19.5,53.9,0.0,0.0,0.0
2026-04-13 17:58:20,29.9,59.7,6.0,54.0,0.0,0.0,0.0
2026-04-13 17:58:25,30.0,59.7,6.6,54.0,0.0,0.0,0.0
2026-04-13 17:58:30,29.9,59.7,18.0,54.0,0.0,0.0,0.0
2026-04-13 17:58:35,29.7,59.7,16.2,54.0,0.0,0.0,0.0
2026-04-13 17:58:40,30.0,59.6,22.9,54.0,0.0,0.0,0.0
2026-04-13 17:58:45,30.0,59.5,28.2,54.0,0.0,0.0,0.0
2026-04-13 17:58:50,29.9,59.5,9.2,54.0,0.0,0.0,0.0
2026-04-13 17:58:55,29.9,59.5,18.1,54.0,0.0,0.0,0.0
2026-04-13 17:59:00,30.0,59.6,25.3,54.0,0.0,0.0,0.0
2026-04-13 17:59:05,29.9,59.7,21.0,54.0,0.0,0.0,0.0
2026-04-13 17:59:10,29.8,59.7,31.9,54.0,0.0,0.0,0.0
2026-04-13 17:59:15,29.9,59.7,23.8,53.9,0.0,0.0,0.0
2026-04-13 17:59:20,29.8,59.8,8.0,53.9,0.0,0.0,0.0
2026-04-13 17:59:25,29.9,59.8,6.2,54.0,0.0,0.0,0.0
2026-04-13 17:59:30,29.9,59.9,3.3,54.0,0.0,0.0,0.0
2026-04-13 17:59:35,29.9,59.9,11.1,54.0,0.0,0.0,0.0
2026-04-13 17:59:40,30.1,60.0,10.8,54.0,0.0,0.0,0.0
2026-04-13 17:59:45,29.9,60.0,0.0,54.0,0.0,0.0,0.0
2026-04-13 17:59:50,30.0,60.2,14.6,54.0,0.0,0.0,0.0
2026-04-13 17:59:55,29.9,60.2,17.6,54.0,0.0,0.0,0.0
2026-04-13 18:00:00,29.8,60.0,13.1,54.0,0.0,0.0,0.0
2026-04-13 18:00:05,29.9,60.0,2.1,54.0,0.0,0.0,0.0
2026-04-13 18:00:10,29.9,60.1,23.1,53.9,0.0,0.0,0.0
2026-04-13 18:00:15,29.9,60.0,16.6,53.9,0.0,0.0,0.0
2026-04-13 18:00:20,29.8,60.1,14.0,53.9,0.0,0.0,0.0
2026-04-13 18:00:25,29.8,60.0,11.2,54.0,0.0,0.0,0.0
2026-04-13 18:00:30,29.9,60.0,6.0,54.0,0.0,0.0,0.0
2026-04-13 18:00:35,29.9,60.0,26.8,53.9,0.0,0.0,0.0
2026-04-13 18:00:40,29.9,59.9,4.2,53.9,0.0,0.0,0.0
2026-04-13 18:00:45,29.9,60.0,13.5,53.9,0.0,0.0,0.0
2026-04-13 18:00:50,29.9,60.1,6.5,53.9,0.0,0.0,0.0
2026-04-13 18:00:55,29.8,60.0,0.0,54.0,0.0,0.0,0.0
2026-04-13 18:01:00,29.8,60.1,0.0,54.0,0.0,0.0,0.0
2026-04-13 18:01:05,29.9,60.1,0.0,54.0,0.0,0.0,0.0
2026-04-13 18:01:10,29.9,60.2,23.6,54.0,0.0,0.0,0.0
2026-04-13 18:01:15,29.8,60.2,16.1,54.0,0.0,0.0,0.0
2026-04-13 18:01:20,29.8,60.2,15.8,54.0,0.0,0.0,0.0
2026-04-13 18:01:25,29.8,60.2,10.7,54.0,0.0,0.0,0.0
2026-04-13 18:01:30,29.8,60.1,15.4,54.0,0.0,0.0,0.0
2026-04-13 18:01:35,29.7,60.1,7.5,54.0,0.0,0.0,0.0
2026-04-13 18:01:40,29.7,60.2,21.2,54.0,0.0,0.0,0.0
2026-04-13 18:01:45,29.8,60.1,15.8,54.0,0.0,0.0,0.0
2026-04-13 18:01:50,29.7,60.1,16.2,54.0,0.0,0.0,0.0
2026-04-13 18:01:55,29.8,60.1,2.9,54.0,0.0,0.0,0.0
2026-04-13 18:02:00,29.7,60.1,8.9,54.0,0.0,0.0,0.0
2026-04-13 18:02:05,29.8,60.3,20.8,54.0,0.0,0.0,0.0
2026-04-13 18:02:10,29.9,60.3,31.0,54.0,0.0,0.0,0.0
2026-04-13 18:02:15,29.8,60.5,0.0,54.0,0.0,0.0,0.0
2026-04-13 18:02:20,29.8,60.5,12.2,54.0,0.0,0.0,0.0
2026-04-13 18:02:25,29.8,60.4,20.1,54.0,0.0,0.0,0.0
2026-04-13 18:02:30,29.8,60.3,23.2,54.0,0.0,0.0,0.0
2026-04-13 18:02:35,29.7,60.4,0.0,54.0,0.0,0.0,0.0
2026-04-13 18:02:40,29.9,60.4,11.3,54.0,0.0,0.0,0.0
2026-04-13 18:02:45,29.9,60.3,20.7,54.0,0.0,0.0,0.0
2026-04-13 18:02:50,29.8,60.2,20.0,54.0,0.0,0.0,0.0
2026-04-13 18:02:55,29.8,60.1,12.7,54.0,0.0,0.0,0.0
2026-04-13 18:03:00,29.8,60.0,6.5,54.0,0.0,0.0,0.0
2026-04-13 18:03:05,29.7,60.0,15.4,54.0,0.0,0.0,0.0
2026-04-13 18:03:10,29.8,60.0,14.0,54.0,0.0,0.0,0.0
2026-04-13 18:03:15,29.7,60.1,12.0,54.0,0.0,0.0,0.0
2026-04-13 18:03:20,29.8,60.1,14.9,54.0,0.0,0.0,0.0
2026-04-13 18:03:25,29.8,60.1,14.5,54.0,0.0,0.0,0.0
2026-04-13 18:03:30,29.9,60.2,12.4,54.0,0.0,0.0,0.0
2026-04-13 18:03:35,29.9,60.3,11.4,54.0,0.0,0.0,0.0
2026-04-13 18:03:40,29.8,60.3,28.6,54.0,0.0,0.0,0.0
2026-04-13 18:03:45,29.7,60.4,23.7,54.0,0.0,0.0,0.0
2026-04-13 18:03:50,29.8,60.5,25.2,54.0,0.0,0.0,0.0
2026-04-13 18:03:55,30.0,60.5,14.3,54.0,0.0,0.0,0.0
2026-04-13 18:04:00,29.8,60.5,35.8,53.9,0.0,0.0,0.0
2026-04-13 18:04:05,29.9,60.5,15.2,53.9,0.0,0.0,0.0
2026-04-13 18:04:10,29.8,60.4,9.4,53.9,0.0,0.0,0.0
2026-04-13 18:04:15,29.9,60.4,0.0,54.0,0.0,0.0,0.0
2026-04-13 18:04:20,29.8,60.3,13.1,54.0,0.0,0.0,0.0
2026-04-13 18:04:25,29.9,60.3,13.7,54.0,0.0,0.0,0.0
2026-04-13 18:04:30,30.0,60.2,0.0,54.0,0.0,0.0,0.0
2026-04-13 18:04:35,29.9,60.2,22.2,54.0,0.0,0.0,0.0
2026-04-13 18:04:40,29.9,60.3,19.8,54.0,0.0,0.0,0.0
2026-04-13 18:04:45,29.7,60.4,4.1,54.0,0.0,0.0,0.0
2026-04-13 18:04:50,29.8,60.4,24.8,54.0,0.0,0.0,0.0
2026-04-13 18:04:55,29.7,60.5,9.0,54.0,0.0,0.0,0.0
2026-04-13 18:05:00,29.9,60.4,3.3,54.0,0.0,0.0,0.0
2026-04-13 18:05:05,29.9,60.5,14.8,54.0,0.0,0.0,0.0
2026-04-13 18:05:10,29.8,60.4,10.4,54.0,0.0,0.0,0.0
2026-04-13 18:05:15,29.9,60.5,16.9,54.0,0.0,0.0,0.0
2026-04-13 18:05:20,29.9,60.5,17.8,54.0,0.0,0.0,0.0
2026-04-13 18:05:25,30.0,60.5,24.9,54.0,0.0,0.0,0.0
2026-04-13 18:05:30,29.9,60.6,9.0,54.0,0.0,0.0,0.0
2026-04-13 18:05:35,29.9,60.5,15.7,54.0,0.0,0.0,0.0
2026-04-13 18:05:40,29.7,60.1,7.9,54.0,0.0,0.0,0.0
2026-04-13 18:05:45,29.8,60.1,26.9,54.0,0.0,0.0,0.0
2026-04-13 18:05:50,29.8,60.0,2.4,54.0,0.0,0.0,0.0
2026-04-13 18:05:55,29.9,59.9,14.6,54.0,0.0,0.0,0.0
2026-04-13 18:06:00,29.9,59.9,5.1,54.0,0.0,0.0,0.0
2026-04-13 18:06:05,29.8,59.9,20.8,54.0,0.0,0.0,0.0
2026-04-13 18:06:10,29.9,60.0,4.2,54.0,0.0,0.0,0.0
2026-04-13 18:06:15,30.0,59.9,2.2,54.0,0.0,0.0,0.0
2026-04-13 18:06:20,29.7,59.8,13.9,54.0,0.0,0.0,0.0
2026-04-13 18:06:25,30.0,59.6,0.0,54.0,0.0,0.0,0.0
2026-04-13 18:06:30,29.9,59.8,17.8,54.0,0.0,0.0,0.0
2026-04-13 18:06:35,29.8,59.8,18.7,54.0,0.0,0.0,0.0
2026-04-13 18:06:40,29.9,59.9,22.9,54.0,0.0,0.0,0.0
2026-04-13 18:06:45,29.9,60.0,0.0,54.0,0.0,0.0,0.0
2026-04-13 18:06:50,29.7,60.0,3.9,54.0,0.0,0.0,0.0
2026-04-13 18:06:55,29.8,60.1,35.7,54.0,0.0,0.0,0.0
2026-04-13 18:07:00,29.8,60.2,11.8,54.0,0.0,0.0,0.0
2026-04-13 18:07:05,29.9,60.2,28.0,54.0,0.0,0.0,0.0
2026-04-13 18:07:10,29.8,60.3,5.8,54.0,0.0,0.0,0.0
2026-04-13 18:07:15,29.9,60.3,40.4,54.0,0.0,0.0,0.0
2026-04-13 18:07:20,29.9,60.4,4.5,54.0,0.0,0.0,0.0
2026-04-13 18:07:25,30.0,60.4,0.0,54.0,0.0,0.0,0.0
2026-04-13 18:07:30,29.8,60.4,20.9,54.0,0.0,0.0,0.0
2026-04-13 18:07:35,30.0,60.4,0.0,54.0,0.0,0.0,0.0
2026-04-13 18:07:40,29.9,60.6,13.1,54.0,0.0,0.0,0.0
2026-04-13 18:07:45,29.9,60.6,0.0,54.0,0.0,0.0,0.0
2026-04-13 18:07:50,30.1,60.5,14.4,54.0,0.0,0.0,0.0
2026-04-13 18:07:55,29.8,60.4,23.1,54.0,0.0,0.0,0.0
2026-04-13 18:08:00,29.9,60.4,15.6,54.0,0.0,0.0,0.0
2026-04-13 18:08:05,29.9,60.5,18.6,54.0,0.0,0.0,0.0
2026-04-13 18:08:10,29.9,60.5,27.8,54.0,0.0,0.0,0.0
2026-04-13 18:08:15,30.0,60.4,8.5,54.0,0.0,0.0,0.0
2026-04-13 18:08:20,29.9,60.4,11.2,54.0,0.0,0.0,0.0
2026-04-13 18:08:25,29.8,60.5,13.9,54.0,0.0,0.0,0.0
2026-04-13 18:08:30,29.9,60.5,15.0,54.0,0.0,0.0,0.0
2026-04-13 18:08:35,29.8,60.4,20.8,54.0,0.0,0.0,0.0
2026-04-13 18:08:40,29.8,60.3,21.2,54.0,0.0,0.0,0.0
2026-04-13 18:08:45,29.9,60.2,25.0,54.0,0.0,0.0,0.0
2026-04-13 18:08:50,29.9,60.3,25.1,54.0,0.0,0.0,0.0
2026-04-13 18:08:55,29.8,60.3,11.1,54.0,0.0,0.0,0.0
2026-04-13 18:09:00,29.7,60.3,20.0,54.0,0.0,0.0,0.0
2026-04-13 18:09:05,29.9,60.3,4.8,54.0,0.0,0.0,0.0
2026-04-13 18:09:10,29.7,60.3,28.0,54.0,0.0,0.0,0.0
2026-04-13 18:09:15,29.8,60.3,6.7,54.0,0.0,0.0,0.0
2026-04-13 18:09:20,29.8,60.4,16.3,54.0,0.0,0.0,0.0
2026-04-13 18:09:25,29.9,60.5,33.4,54.0,0.0,0.0,0.0
2026-04-13 18:09:30,29.8,60.5,23.1,54.0,0.0,0.0,0.0
2026-04-13 18:09:35,29.8,60.6,21.8,54.0,0.0,0.0,0.0
2026-04-13 18:09:40,29.9,60.5,14.2,54.0,0.0,0.0,0.0
2026-04-13 18:09:45,29.8,60.4,17.7,54.0,0.0,0.0,0.0
2026-04-13 18:09:50,29.9,60.4,18.5,54.0,0.0,0.0,0.0
2026-04-13 18:09:55,29.9,60.5,13.8,54.0,0.0,0.0,0.0
2026-04-13 18:10:00,29.9,60.5,3.7,54.0,0.0,0.0,0.0
2026-04-13 18:10:05,29.9,60.6,6.5,54.0,0.0,0.0,0.0
2026-04-13 18:10:10,30.0,60.6,20.9,54.0,0.0,0.0,0.0
2026-04-13 18:10:15,29.8,60.6,14.5,54.0,0.0,0.0,0.0
2026-04-13 18:10:20,29.8,60.6,12.5,54.0,0.0,0.0,0.0
2026-04-13 18:10:25,29.9,60.6,0.0,54.0,0.0,0.0,0.0
2026-04-13 18:10:30,29.9,60.5,21.4,54.0,0.0,0.0,0.0
2026-04-13 18:10:35,29.9,60.6,20.2,54.0,0.0,0.0,0.0
2026-04-13 18:10:40,30.0,60.6,12.7,54.0,0.0,0.0,0.0
2026-04-13 18:10:45,30.0,60.7,5.4,54.0,0.0,0.0,0.0
2026-04-13 18:10:50,29.9,60.7,13.2,54.0,0.0,0.0,0.0
2026-04-13 18:10:55,29.9,60.6,24.5,54.0,0.0,0.0,0.0
2026-04-13 18:11:00,30.0,60.5,0.0,54.0,0.0,0.0,0.0
2026-04-13 18:11:05,30.0,60.6,28.3,54.0,0.0,0.0,0.0
2026-04-13 18:11:10,29.9,60.6,10.5,54.0,0.0,0.0,0.0
2026-04-13 18:11:15,30.0,60.6,4.0,54.0,0.0,0.0,0.0
2026-04-13 18:11:20,30.0,60.5,8.8,54.0,0.0,0.0,0.0
2026-04-13 18:11:25,29.9,60.4,9.8,54.0,0.0,0.0,0.0
2026-04-13 18:11:30,30.0,60.5,26.7,54.0,0.0,0.0,0.0
2026-04-13 18:11:35,30.0,60.5,16.6,54.0,0.0,0.0,0.0
2026-04-13 18:11:40,29.9,60.7,25.6,54.0,0.0,0.0,0.0
2026-04-13 18:11:45,29.9,60.6,12.2,54.0,0.0,0.0,0.0
2026-04-13 18:11:50,29.9,60.5,5.5,53.9,0.0,0.0,0.0
2026-04-13 18:11:55,30.0,60.6,28.1,53.9,0.0,0.0,0.0
2026-04-13 18:12:00,29.8,60.4,33.6,54.0,0.0,0.0,0.0
2026-04-13 18:12:05,29.9,60.3,5.7,54.0,0.0,0.0,0.0
2026-04-13 18:12:10,30.1,60.3,40.0,53.9,0.0,0.0,0.0
2026-04-13 18:12:15,30.1,60.3,9.3,53.9,0.0,0.0,0.0
2026-04-13 18:12:20,30.0,60.3,20.0,54.0,0.0,0.0,0.0
2026-04-13 18:12:25,29.9,60.2,21.3,54.0,0.0,0.0,0.0
2026-04-13 18:12:30,29.9,60.2,0.3,54.0,0.0,0.0,0.0
2026-04-13 18:12:35,29.9,60.2,7.6,54.0,0.0,0.0,0.0
2026-04-13 18:12:40,30.0,60.2,11.2,54.0,0.0,0.0,0.0
2026-04-13 18:12:45,29.9,60.2,16.1,54.0,0.0,0.0,0.0
2026-04-13 18:12:50,29.9,60.2,3.9,54.0,0.0,0.0,0.0
2026-04-13 18:12:55,29.8,60.2,0.0,54.0,0.0,0.0,0.0
2026-04-13 18:13:00,30.0,60.0,6.6,54.0,0.0,0.0,0.0
2026-04-13 18:13:05,29.8,60.0,13.4,54.0,0.0,0.0,0.0
2026-04-13 18:13:10,30.0,59.9,17.5,54.0,0.0,0.0,0.0
2026-04-13 18:13:15,30.0,60.0,11.2,54.0,0.0,0.0,0.0
2026-04-13 18:13:20,30.0,60.1,8.2,54.0,0.0,0.0,0.0
2026-04-13 18:13:25,29.9,60.0,5.2,54.0,0.0,0.0,0.0
2026-04-13 18:13:30,29.9,59.9,20.6,54.0,0.0,0.0,0.0
2026-04-13 18:13:35,29.9,59.9,24.6,54.0,0.0,0.0,0.0
2026-04-13 18:13:40,29.9,59.9,11.7,54.0,0.0,0.0,0.0
2026-04-13 18:13:45,29.7,59.9,0.0,54.0,0.0,0.0,0.0
2026-04-13 18:13:50,30.0,60.1,8.0,54.0,0.0,0.0,0.0
2026-04-13 18:13:55,29.8,60.2,1.8,54.0,0.0,0.0,0.0
2026-04-13 18:14:00,29.9,60.2,21.9,54.0,0.0,0.0,0.0
2026-04-13 18:14:05,29.8,60.4,10.4,53.9,0.0,0.0,0.0
2026-04-13 18:14:10,29.8,60.5,12.5,53.9,0.0,0.0,0.0
2026-04-13 18:14:15,30.0,60.5,18.3,53.9,0.0,0.0,0.0
2026-04-13 18:14:20,29.8,60.5,30.5,54.0,0.0,0.0,0.0
2026-04-13 18:14:25,30.0,60.5,10.7,54.0,0.0,0.0,0.0
2026-04-13 18:14:30,30.0,60.5,0.0,54.0,0.0,0.0,0.0
2026-04-13 18:14:35,30.0,60.4,9.7,54.0,0.0,0.0,0.0
2026-04-13 18:14:40,29.9,60.4,28.8,54.0,0.0,0.0,0.0
2026-04-13 18:14:45,29.9,60.4,1.2,53.9,0.0,0.0,0.0
2026-04-13 18:14:50,29.9,60.4,20.2,53.9,0.0,0.0,0.0
2026-04-13 18:14:55,30.1,60.5,18.6,53.9,0.0,0.0,0.0
2026-04-13 18:15:00,30.0,60.4,20.4,53.9,0.0,0.0,0.0
2026-04-13 18:15:05,29.9,60.3,23.3,53.9,0.0,0.0,0.0
2026-04-13 18:15:10,29.8,60.3,26.0,54.0,0.0,0.0,0.0
2026-04-13 18:15:15,30.0,60.3,37.3,54.0,0.0,0.0,0.0
2026-04-13 18:15:20,29.9,60.3,18.4,54.0,0.0,0.0,0.0
2026-04-13 18:15:25,29.9,60.3,30.2,54.0,0.0,0.0,0.0
2026-04-13 18:15:30,30.0,60.2,1.4,54.0,0.0,0.0,0.0
2026-04-13 18:15:35,29.8,60.3,14.4,54.0,0.0,0.0,0.0
2026-04-13 18:15:40,29.9,60.3,14.9,54.0,0.0,0.0,0.0
2026-04-13 18:15:45,29.9,60.1,9.8,54.0,0.0,0.0,0.0
2026-04-13 18:15:50,29.9,60.2,0.0,53.9,0.0,0.0,0.0
2026-04-13 18:15:55,29.8,60.2,20.6,53.9,0.0,0.0,0.0
2026-04-13 18:16:00,29.9,60.2,16.2,53.9,0.0,0.0,0.0
2026-04-13 18:16:05,30.1,60.2,30.9,53.9,0.0,0.0,0.0
2026-04-13 18:16:10,30.0,60.3,19.1,53.9,0.0,0.0,0.0
2026-04-13 18:16:15,30.0,60.3,4.6,53.9,0.0,0.0,0.0
2026-04-13 18:16:20,30.0,60.3,11.6,54.0,0.0,0.0,0.0
2026-04-13 18:16:25,29.8,60.3,0.0,54.0,0.0,0.0,0.0
2026-04-13 18:16:30,30.0,60.3,18.2,54.0,0.0,0.0,0.0
2026-04-13 18:16:35,29.9,60.2,11.0,54.0,0.0,0.0,0.0
2026-04-13 18:16:40,29.9,60.3,2.1,54.0,0.0,0.0,0.0
2026-04-13 18:16:45,29.9,60.3,11.8,54.0,0.0,0.0,0.0
2026-04-13 18:16:50,29.9,60.3,26.9,53.9,0.0,0.0,0.0
2026-04-13 18:16:55,30.0,60.3,8.0,53.9,0.0,0.0,0.0
2026-04-13 18:17:00,29.8,60.2,29.0,53.9,0.0,0.0,0.0
2026-04-13 18:17:05,30.0,60.1,24.7,53.9,0.0,0.0,0.0
2026-04-13 18:17:10,29.9,60.0,8.3,53.9,0.0,0.0,0.0
2026-04-13 18:17:15,30.1,59.9,19.5,53.9,0.0,0.0,0.0
2026-04-13 18:17:20,29.9,59.8,27.6,53.9,0.0,0.0,0.0
2026-04-13 18:17:25,30.1,59.9,15.6,53.9,0.0,0.0,0.0
2026-04-13 18:17:30,30.0,59.8,1.4,53.9,0.0,0.0,0.0
2026-04-13 18:17:35,29.8,60.0,16.3,53.9,0.0,0.0,0.0
2026-04-13 18:17:40,30.1,60.0,9.9,53.9,0.0,0.0,0.0
2026-04-13 18:17:45,30.0,60.0,12.7,53.9,0.0,0.0,0.0
2026-04-13 18:17:50,30.0,60.0,2.3,53.9,0.0,0.0,0.0
2026-04-13 18:17:55,29.9,60.0,17.9,53.9,0.0,0.0,0.0
2026-04-13 18:18:00,29.9,59.9,31.5,54.0,0.0,0.0,0.0
2026-04-13 18:18:05,30.0,60.0,29.2,54.0,0.0,0.0,0.0
2026-04-13 18:18:10,30.0,60.0,27.5,54.0,0.0,0.0,0.0
2026-04-13 18:18:15,30.0,60.0,13.1,54.0,0.0,0.0,0.0
2026-04-13 18:18:20,30.0,60.0,16.2,54.0,0.0,0.0,0.0
2026-04-13 18:18:25,29.8,60.1,23.6,54.0,0.0,0.0,0.0
2026-04-13 18:18:30,30.0,60.1,26.2,54.0,0.0,0.0,0.0
2026-04-13 18:18:35,30.0,60.2,2.5,53.9,0.0,0.0,0.0
2026-04-13 18:18:40,29.9,59.9,0.0,53.9,0.0,0.0,0.0
2026-04-13 18:18:45,30.0,59.9,5.4,53.9,0.0,0.0,0.0
2026-04-13 18:18:50,30.0,59.9,22.4,53.9,0.0,0.0,0.0
2026-04-13 18:18:55,30.1,59.9,32.8,53.9,0.0,0.0,0.0
2026-04-13 18:19:00,30.1,59.9,11.8,54.0,0.0,0.0,0.0
2026-04-13 18:19:05,29.9,59.8,7.9,54.0,0.0,0.0,0.0
2026-04-13 18:19:10,30.1,60.0,0.0,54.0,0.0,0.0,0.0
2026-04-13 18:19:15,30.0,60.2,3.7,54.0,0.0,0.0,0.0
2026-04-13 18:19:20,30.0,60.2,25.2,54.0,0.0,0.0,0.0
2026-04-13 18:19:25,29.9,60.1,1.7,53.9,0.0,0.0,0.0
2026-04-13 18:19:30,30.0,60.1,24.1,53.9,0.0,0.0,0.0
2026-04-13 18:19:35,29.9,60.0,7.4,53.9,0.0,0.0,0.0
2026-04-13 18:19:40,29.9,60.1,15.5,53.9,0.0,0.0,0.0
2026-04-13 18:19:45,30.0,60.1,11.4,53.9,0.0,0.0,0.0
2026-04-13 18:19:50,30.0,60.1,9.7,53.9,0.0,0.0,0.0
2026-04-13 18:19:55,30.0,60.1,25.5,53.9,0.0,0.0,0.0
2026-04-13 18:20:00,30.0,60.0,15.1,53.9,0.0,0.0,0.0
2026-04-13 18:20:05,30.0,60.1,13.3,53.9,0.0,0.0,0.0
2026-04-13 18:20:10,30.0,60.0,16.7,53.9,0.0,0.0,0.0
2026-04-13 18:20:15,29.9,60.1,16.6,53.9,0.0,0.0,0.0
2026-04-13 18:20:20,29.9,60.1,22.1,53.9,0.0,0.0,0.0
2026-04-13 18:20:25,30.0,60.1,0.0,53.9,0.0,0.0,0.0
2026-04-13 18:20:30,30.1,60.1,0.0,53.9,0.0,0.0,0.0
2026-04-13 18:20:35,30.0,60.2,28.4,53.9,0.0,0.0,0.0
2026-04-13 18:20:40,30.0,60.2,12.1,53.9,0.0,0.0,0.0
2026-04-13 18:20:45,29.9,60.3,12.4,53.9,0.0,0.0,0.0
2026-04-13 18:20:50,30.0,60.2,20.4,53.9,0.0,0.0,0.0
2026-04-13 18:20:55,30.1,60.3,20.5,53.9,0.0,0.0,0.0
2026-04-13 18:21:00,29.9,60.3,8.7,53.9,0.0,0.0,0.0
2026-04-13 18:21:05,30.0,60.2,12.8,53.9,0.0,0.0,0.0
2026-04-13 18:21:10,30.0,60.1,0.0,53.9,0.0,0.0,0.0
2026-04-13 18:21:15,30.1,60.3,26.2,54.0,0.0,0.0,0.0
2026-04-13 18:21:20,30.1,60.2,24.5,54.0,0.0,0.0,0.0
2026-04-13 18:21:25,29.9,60.1,31.4,54.0,0.0,0.0,0.0
2026-04-13 18:21:30,30.1,60.0,7.0,54.0,0.0,0.0,0.0
2026-04-13 18:21:35,29.9,60.0,0.0,54.0,0.0,0.0,0.0
2026-04-13 18:21:40,30.0,60.2,8.9,54.0,0.0,0.0,0.0
2026-04-13 18:21:45,30.0,60.1,20.5,54.0,0.0,0.0,0.0
2026-04-13 18:21:50,30.0,60.0,19.1,54.0,0.0,0.0,0.0
2026-04-13 18:21:55,30.1,60.1,11.9,53.9,0.0,0.0,0.0
2026-04-13 18:22:00,30.1,60.2,1.3,53.9,0.0,0.0,0.0
2026-04-13 18:22:05,30.1,60.1,16.9,54.0,0.0,0.0,0.0
2026-04-13 18:22:10,30.1,60.0,31.6,54.0,0.0,0.0,0.0
2026-04-13 18:22:15,29.9,59.8,15.1,53.9,0.0,0.0,0.0
2026-04-13 18:22:20,30.0,59.9,15.1,53.9,0.0,0.0,0.0
2026-04-13 18:22:25,30.1,59.8,20.1,53.9,0.0,0.0,0.0
2026-04-13 18:22:30,29.9,59.7,15.9,53.9,0.0,0.0,0.0
2026-04-13 18:22:35,29.9,59.7,10.8,53.9,0.0,0.0,0.0
2026-04-13 18:22:40,30.0,59.7,6.7,53.9,0.0,0.0,0.0
2026-04-13 18:22:45,29.9,59.8,0.0,53.9,0.0,0.0,0.0
2026-04-13 18:22:50,30.1,59.8,10.1,53.9,0.0,0.0,0.0
2026-04-13 18:22:55,29.9,59.7,6.9,53.9,0.0,0.0,0.0
2026-04-13 18:23:00,30.0,59.7,7.2,53.9,0.0,0.0,0.0
2026-04-13 18:23:05,30.2,59.8,0.0,53.9,0.0,0.0,0.0
2026-04-13 18:23:10,30.0,59.9,39.6,53.9,0.0,0.0,0.0
2026-04-13 18:23:15,30.0,59.9,5.9,53.9,0.0,0.0,0.0
2026-04-13 18:23:20,29.9,59.9,24.1,53.9,0.0,0.0,0.0
2026-04-13 18:23:25,30.0,59.9,0.0,53.9,0.0,0.0,0.0
2026-04-13 18:23:30,30.0,59.9,15.8,53.9,0.0,0.0,0.0
2026-04-13 18:23:35,30.1,60.0,10.3,53.9,0.0,0.0,0.0
2026-04-13 18:23:40,29.9,59.8,8.6,53.9,0.0,0.0,0.0
2026-04-13 18:23:45,30.0,59.8,24.4,53.9,0.0,0.0,0.0
2026-04-13 18:23:50,30.0,59.8,18.8,53.9,0.0,0.0,0.0
2026-04-13 18:23:55,30.0,59.8,0.0,53.9,0.0,0.0,0.0
2026-04-13 18:24:00,30.0,59.8,11.7,53.9,0.0,0.0,0.0
2026-04-13 18:24:05,30.0,59.7,6.2,53.9,0.0,0.0,0.0
2026-04-13 18:24:10,30.1,59.6,41.9,53.9,0.0,0.0,0.0
2026-04-13 18:24:15,30.0,59.7,30.6,53.9,0.0,0.0,0.0
2026-04-13 18:24:20,30.1,59.6,11.3,54.0,0.0,0.0,0.0
2026-04-13 18:24:25,30.1,59.6,25.5,54.0,0.0,0.0,0.0
2026-04-13 18:24:30,29.8,59.7,9.2,53.9,0.0,0.0,0.0
2026-04-13 18:24:35,30.0,59.6,16.7,53.9,0.0,0.0,0.0
2026-04-13 18:24:40,29.9,59.7,15.3,53.9,0.0,0.0,0.0
2026-04-13 18:24:45,30.0,59.8,15.8,53.9,0.0,0.0,0.0
2026-04-13 18:24:50,30.0,59.8,22.3,53.9,0.0,0.0,0.0
2026-04-13 18:24:55,30.0,59.8,10.1,53.9,0.0,0.0,0.0
2026-04-13 18:25:00,30.2,59.8,14.7,53.9,0.0,0.0,0.0
2026-04-13 18:25:05,30.0,59.8,6.5,53.9,0.0,0.0,0.0
2026-04-13 18:25:10,30.0,59.8,24.5,53.9,0.0,0.0,0.0
2026-04-13 18:25:15,30.0,59.9,9.3,53.9,0.0,0.0,0.0
2026-04-13 18:25:20,30.0,60.0,17.9,53.9,0.0,0.0,0.0
2026-04-13 18:25:25,30.0,59.9,19.2,53.9,0.0,0.0,0.0
2026-04-13 18:25:30,30.0,60.0,14.3,53.9,0.0,0.0,0.0
2026-04-13 18:25:35,29.9,60.0,8.0,53.9,0.0,0.0,0.0
2026-04-13 18:25:40,29.9,60.1,8.4,53.9,0.0,0.0,0.0
2026-04-13 18:25:45,30.0,59.9,0.0,53.9,0.0,0.0,0.0
2026-04-13 18:25:50,30.1,60.1,1.4,53.9,0.0,0.0,0.0
2026-04-13 18:25:55,30.0,60.1,12.7,53.9,0.0,0.0,0.0
2026-04-13 18:26:00,29.9,60.1,15.1,53.9,0.0,0.0,0.0
2026-04-13 18:26:05,30.0,60.2,3.9,53.9,0.0,0.0,0.0
2026-04-13 18:26:10,30.0,60.1,12.4,53.9,0.0,0.0,0.0
2026-04-13 18:26:15,29.9,60.1,5.6,54.0,0.0,0.0,0.0
2026-04-13 18:26:20,29.9,60.0,21.3,54.0,0.0,0.0,0.0
2026-04-13 18:26:25,30.0,59.9,14.6,53.9,0.0,0.0,0.0
2026-04-13 18:26:30,30.0,60.1,9.5,53.9,0.0,0.0,0.0
2026-04-13 18:26:35,30.1,60.0,20.6,53.9,0.0,0.0,0.0
2026-04-13 18:26:40,30.0,59.9,0.0,53.9,0.0,0.0,0.0
2026-04-13 18:26:45,30.0,59.8,6.5,53.9,0.0,0.0,0.0
2026-04-13 18:26:50,29.8,59.8,13.9,53.9,0.0,0.0,0.0
2026-04-13 18:26:55,30.1,59.8,8.3,53.9,0.0,0.0,0.0
2026-04-13 18:27:00,29.9,59.7,18.5,53.9,0.0,0.0,0.0
2026-04-13 18:27:05,30.0,59.8,12.4,53.9,0.0,0.0,0.0
2026-04-13 18:27:10,29.9,59.8,7.3,53.9,0.0,0.0,0.0
2026-04-13 18:27:15,30.0,59.9,30.4,53.9,0.0,0.0,0.0
2026-04-13 18:27:20,30.1,59.9,12.7,53.9,0.0,0.0,0.0
2026-04-13 18:27:25,30.0,59.8,3.7,53.9,0.0,0.0,0.0
2026-04-13 18:27:30,30.0,59.7,0.0,53.9,0.0,0.0,0.0
2026-04-13 18:27:35,30.1,59.7,10.1,53.9,0.0,0.0,0.0
2026-04-13 18:27:40,30.0,59.8,11.0,53.9,0.0,0.0,0.0
2026-04-13 18:27:45,29.9,59.8,16.5,53.9,0.0,0.0,0.0
2026-04-13 18:27:50,29.9,59.7,20.0,53.9,0.0,0.0,0.0
2026-04-13 18:27:55,30.1,59.7,7.7,53.9,0.0,0.0,0.0
2026-04-13 18:28:00,30.1,59.7,4.2,53.9,0.0,0.0,0.0
2026-04-13 18:28:05,30.1,59.7,11.6,53.9,0.0,0.0,0.0
2026-04-13 18:28:10,30.0,59.7,1.5,53.9,0.0,0.0,0.0
2026-04-13 18:28:15,30.0,59.6,3.1,53.9,0.0,0.0,0.0
2026-04-13 18:28:20,30.0,59.6,23.6,53.9,0.0,0.0,0.0
2026-04-13 18:28:25,30.0,59.7,13.1,53.9,0.0,0.0,0.0
2026-04-13 18:28:30,30.0,59.7,28.0,53.9,0.0,0.0,0.0
2026-04-13 18:28:35,29.9,59.6,3.3,53.9,0.0,0.0,0.0
2026-04-13 18:28:40,30.0,59.7,0.0,53.9,0.0,0.0,0.0
2026-04-13 18:28:45,30.1,59.6,0.0,53.9,0.0,0.0,0.0
2026-04-13 18:28:50,30.0,59.6,8.4,53.9,0.0,0.0,0.0
2026-04-13 18:28:55,30.0,59.6,0.0,53.9,0.0,0.0,0.0
2026-04-13 18:29:00,30.0,59.5,2.1,53.9,0.0,0.0,0.0
2026-04-13 18:29:05,29.9,59.4,19.3,53.9,0.0,0.0,0.0
2026-04-13 18:29:10,29.9,59.5,10.0,53.9,0.0,0.0,0.0
2026-04-13 18:29:15,30.1,59.5,6.4,53.9,0.0,0.0,0.0
2026-04-13 18:29:20,30.0,59.5,5.1,53.9,0.0,0.0,0.0
2026-04-13 18:29:25,30.1,59.4,3.8,53.9,0.0,0.0,0.0
2026-04-13 18:29:30,29.9,59.3,6.0,53.9,0.0,0.0,0.0
2026-04-13 18:29:35,30.0,59.2,15.1,53.9,0.0,0.0,0.0
2026-04-13 18:29:40,30.0,59.2,5.2,53.9,0.0,0.0,0.0
2026-04-13 18:29:45,29.9,59.3,9.1,53.9,0.0,0.0,0.0
2026-04-13 18:29:50,29.8,59.2,19.2,53.9,0.0,0.0,0.0
2026-04-13 18:29:55,29.9,59.3,2.8,53.9,0.0,0.0,0.0
2026-04-13 18:30:00,30.0,59.4,22.1,53.8,0.0,0.0,0.0
2026-04-13 18:30:05,30.0,59.5,3.5,53.8,0.0,0.0,0.0
2026-04-13 18:30:10,30.1,59.5,23.1,53.8,0.0,0.0,0.0
2026-04-13 18:30:15,30.0,59.5,26.9,53.9,0.0,0.0,0.0
2026-04-13 18:30:20,29.8,59.7,20.1,53.9,0.0,0.0,0.0
2026-04-13 18:30:25,29.9,59.8,11.4,53.9,0.0,0.0,0.0
2026-04-13 18:30:30,29.9,59.8,10.5,53.9,0.0,0.0,0.0
2026-04-13 18:30:35,29.9,59.8,26.8,53.9,0.0,0.0,0.0
2026-04-13 18:30:40,30.1,59.9,7.3,53.9,0.0,0.0,0.0
2026-04-13 18:30:45,29.9,59.9,27.1,53.9,0.0,0.0,0.0
2026-04-13 18:30:50,29.9,60.0,4.5,53.9,0.0,0.0,0.0
2026-04-13 18:30:55,29.8,60.1,6.8,53.8,0.0,0.0,0.0
2026-04-13 18:31:00,30.0,60.0,23.1,53.8,0.0,0.0,0.0
2026-04-13 18:31:05,30.0,60.0,12.8,53.8,0.0,0.0,0.0
2026-04-13 18:31:10,30.0,60.0,28.2,53.8,0.0,0.0,0.0
2026-04-13 18:31:15,29.9,60.1,0.0,53.8,0.0,0.0,0.0
2026-04-13 18:31:20,30.0,60.0,2.8,53.8,0.0,0.0,0.0
2026-04-13 18:31:25,30.1,60.0,31.7,53.8,0.0,0.0,0.0
2026-04-13 18:31:30,30.1,60.2,6.8,53.9,0.0,0.0,0.0
2026-04-13 18:31:35,30.0,60.2,11.5,53.9,0.0,0.0,0.0
2026-04-13 18:31:40,29.9,60.3,22.7,53.9,0.0,0.0,0.0
2026-04-13 18:31:45,29.9,60.2,3.2,53.9,0.0,0.0,0.0
2026-04-13 18:31:50,29.9,60.1,24.4,53.9,0.0,0.0,0.0
2026-04-13 18:31:55,30.1,60.1,4.7,53.9,0.0,0.0,0.0
2026-04-13 18:32:00,29.9,60.1,17.9,53.9,0.0,0.0,0.0
2026-04-13 18:32:05,29.8,60.2,38.7,53.9,0.0,0.0,0.0
2026-04-13 18:32:10,30.0,60.2,28.9,53.9,0.0,0.0,0.0
2026-04-13 18:32:15,29.9,60.2,16.3,53.9,0.0,0.0,0.0
2026-04-13 18:32:20,30.0,60.2,10.4,53.8,0.0,0.0,0.0
2026-04-13 18:32:25,29.9,60.3,14.5,53.8,0.0,0.0,0.0
2026-04-13 18:32:30,30.1,60.2,4.4,53.8,0.0,0.0,0.0
2026-04-13 18:32:35,30.1,60.3,24.2,53.8,0.0,0.0,0.0
2026-04-13 18:32:40,29.9,60.2,13.7,53.9,0.0,0.0,0.0
2026-04-13 18:32:45,30.0,60.2,24.9,53.9,0.0,0.0,0.0
2026-04-13 18:32:50,30.0,60.2,0.0,53.9,0.0,0.0,0.0
2026-04-13 18:32:55,29.9,60.2,15.0,53.9,0.0,0.0,0.0
2026-04-13 18:33:00,29.9,60.2,30.0,53.8,0.0,0.0,0.0
2026-04-13 18:33:05,29.9,60.2,10.5,53.8,0.0,0.0,0.0
2026-04-13 18:33:10,30.0,60.2,18.5,53.8,0.0,0.0,0.0
2026-04-13 18:33:15,30.0,60.1,7.1,53.8,0.0,0.0,0.0
2026-04-13 18:33:20,30.0,60.1,10.5,53.8,0.0,0.0,0.0
2026-04-13 18:33:25,30.0,60.0,4.9,53.8,0.0,0.0,0.0
2026-04-13 18:33:30,30.0,60.1,14.6,53.8,0.0,0.0,0.0
2026-04-13 18:33:35,29.9,60.1,20.0,53.9,0.0,0.0,0.0
2026-04-13 18:33:40,29.9,60.2,21.9,53.9,0.0,0.0,0.0
2026-04-13 18:33:45,30.0,60.2,10.0,53.9,0.0,0.0,0.0
2026-04-13 18:33:50,29.9,60.3,11.8,53.9,0.0,0.0,0.0
2026-04-13 18:33:55,29.9,60.3,12.5,53.9,0.0,0.0,0.0
2026-04-13 18:34:00,30.0,60.3,6.2,53.9,0.0,0.0,0.0
2026-04-13 18:34:05,30.1,60.4,7.0,53.9,0.0,0.0,0.0
2026-04-13 18:34:10,30.0,60.3,27.2,53.9,0.0,0.0,0.0
2026-04-13 18:34:15,30.0,60.2,7.2,53.9,0.0,0.0,0.0
2026-04-13 18:34:20,29.9,60.1,26.1,53.9,0.0,0.0,0.0
2026-04-13 18:34:25,29.9,60.1,21.3,53.9,0.0,0.0,0.0
2026-04-13 18:34:30,30.0,60.0,10.7,53.8,0.0,0.0,0.0
2026-04-13 18:34:35,30.2,60.0,22.4,53.8,0.0,0.0,0.0
2026-04-13 18:34:40,30.1,60.0,15.8,53.8,0.0,0.0,0.0
2026-04-13 18:34:45,30.1,59.9,25.4,53.8,0.0,0.0,0.0
2026-04-13 18:34:50,29.9,60.0,19.1,53.9,0.0,0.0,0.0
2026-04-13 18:34:55,29.8,59.9,27.0,53.9,0.0,0.0,0.0
2026-04-13 18:35:00,30.0,60.0,0.0,53.9,0.0,0.0,0.0
2026-04-13 18:35:05,29.9,59.9,26.0,53.8,0.0,0.0,0.0
2026-04-13 18:35:10,30.0,60.0,14.1,53.8,0.0,0.0,0.0
2026-04-13 18:35:15,29.9,60.1,5.5,53.8,0.0,0.0,0.0
2026-04-13 18:35:20,29.9,60.1,16.2,53.8,0.0,0.0,0.0
2026-04-13 18:35:25,29.9,60.1,13.8,53.8,0.0,0.0,0.0
2026-04-13 18:35:30,30.1,60.0,21.7,53.8,0.0,0.0,0.0
2026-04-13 18:35:35,30.0,60.0,7.0,53.8,0.0,0.0,0.0
2026-04-13 18:35:40,30.0,60.0,21.5,53.8,0.0,0.0,0.0
2026-04-13 18:35:45,30.0,60.0,8.0,53.9,0.0,0.0,0.0
2026-04-13 18:35:50,30.0,60.1,11.1,53.9,0.0,0.0,0.0
2026-04-13 18:35:55,30.0,60.1,18.8,53.9,0.0,0.0,0.0
2026-04-13 18:36:00,29.9,59.9,30.0,53.8,0.0,0.0,0.0
2026-04-13 18:36:05,29.9,60.0,11.0,53.8,0.0,0.0,0.0
2026-04-13 18:36:10,30.0,60.1,13.0,53.8,0.0,0.0,0.0
2026-04-13 18:36:15,30.0,59.9,13.1,53.8,0.0,0.0,0.0
2026-04-13 18:36:20,30.0,60.1,12.8,53.8,0.0,0.0,0.0
2026-04-13 18:36:25,30.0,60.0,10.4,53.8,0.0,0.0,0.0
2026-04-13 18:36:30,30.0,60.0,19.1,53.8,0.0,0.0,0.0
2026-04-13 18:36:35,29.9,59.9,7.1,53.8,0.0,0.0,0.0
2026-04-13 18:36:40,30.1,59.9,0.0,53.8,0.0,0.0,0.0
2026-04-13 18:36:45,30.1,59.9,27.8,53.8,0.0,0.0,0.0
2026-04-13 18:36:50,30.0,59.9,19.2,53.8,0.0,0.0,0.0
2026-04-13 18:36:55,30.0,59.9,9.4,53.8,0.0,0.0,0.0
2026-04-13 18:37:00,29.9,59.8,9.1,53.8,0.0,0.0,0.0
2026-04-13 18:37:05,30.0,59.9,15.5,53.8,0.0,0.0,0.0
2026-04-13 18:37:10,30.0,59.8,21.3,53.8,0.0,0.0,0.0
2026-04-13 18:37:15,30.0,59.7,14.5,53.8,0.0,0.0,0.0
2026-04-13 18:37:20,30.0,59.6,6.6,53.8,0.0,0.0,0.0
2026-04-13 18:37:25,29.9,59.6,0.0,53.8,0.0,0.0,0.0
2026-04-13 18:37:30,29.9,59.8,10.4,53.8,0.0,0.0,0.0
2026-04-13 18:37:35,30.0,59.8,29.3,53.8,0.0,0.0,0.0
2026-04-13 18:37:40,30.0,59.7,15.6,53.8,0.0,0.0,0.0
2026-04-13 18:37:45,29.9,59.9,9.4,53.8,0.0,0.0,0.0
2026-04-13 18:37:50,30.0,60.0,0.0,53.8,0.0,0.0,0.0
2026-04-13 18:37:55,30.0,59.9,6.2,53.8,0.0,0.0,0.0
2026-04-13 18:38:00,29.8,59.9,36.4,53.8,0.0,0.0,0.0
2026-04-13 18:38:05,30.0,59.9,27.0,53.8,0.0,0.0,0.0
2026-04-13 18:38:10,30.0,59.9,1.9,53.8,0.0,0.0,0.0
2026-04-13 18:38:15,30.0,59.9,17.5,53.8,0.0,0.0,0.0
2026-04-13 18:38:20,30.0,59.9,18.9,53.8,0.0,0.0,0.0
2026-04-13 18:38:25,29.8,59.9,24.6,53.8,0.0,0.0,0.0
2026-04-13 18:38:30,29.9,59.9,23.6,53.8,0.0,0.0,0.0
2026-04-13 18:38:35,30.0,59.8,21.9,53.8,0.0,0.0,0.0
2026-04-13 18:38:40,29.9,59.8,26.2,53.8,0.0,0.0,0.0
2026-04-13 18:38:45,30.0,59.7,13.6,53.8,0.0,0.0,0.0
2026-04-13 18:38:50,30.0,59.7,18.2,53.8,0.0,0.0,0.0
2026-04-13 18:38:55,29.9,59.8,18.1,53.8,0.0,0.0,0.0
2026-04-13 18:39:00,29.9,59.8,3.5,53.8,0.0,0.0,0.0
2026-04-13 18:39:05,29.9,60.0,14.3,53.8,0.0,0.0,0.0
2026-04-13 18:39:10,30.0,59.9,26.3,53.8,0.0,0.0,0.0
2026-04-13 18:39:15,30.0,60.0,0.0,53.8,0.0,0.0,0.0
2026-04-13 18:39:20,29.9,59.9,0.0,53.8,0.0,0.0,0.0
2026-04-13 18:39:25,29.9,59.9,19.4,53.8,0.0,0.0,0.0
2026-04-13 18:39:30,29.9,59.9,25.9,53.8,0.0,0.0,0.0
2026-04-13 18:39:35,30.2,59.9,29.6,53.8,0.0,0.0,0.0
2026-04-13 18:39:40,29.9,59.9,21.8,53.8,0.0,0.0,0.0
2026-04-13 18:39:45,30.0,59.8,5.8,53.8,0.0,0.0,0.0
2026-04-13 18:39:50,30.1,59.8,25.2,53.8,0.0,0.0,0.0
2026-04-13 18:39:55,29.9,59.9,14.3,53.8,0.0,0.0,0.0
2026-04-13 18:40:00,30.0,59.8,8.9,53.8,0.0,0.0,0.0
2026-04-13 18:40:05,30.0,59.8,27.2,53.8,0.0,0.0,0.0
2026-04-13 18:40:10,30.1,59.9,21.4,53.8,0.0,0.0,0.0
2026-04-13 18:40:15,30.0,59.9,20.7,53.8,0.0,0.0,0.0
2026-04-13 18:40:20,30.0,59.9,35.7,53.8,0.0,0.0,0.0
2026-04-13 18:40:25,29.9,60.1,0.0,53.8,0.0,0.0,0.0
2026-04-13 18:40:30,29.9,60.0,0.8,53.9,0.0,0.0,0.0
2026-04-13 18:40:35,30.0,60.1,20.3,53.9,0.0,0.0,0.0
2026-04-13 18:40:40,29.9,59.9,25.7,53.9,0.0,0.0,0.0
2026-04-13 18:40:45,29.9,59.8,18.4,53.9,0.0,0.0,0.0
2026-04-13 18:40:50,30.0,59.8,11.8,53.9,0.0,0.0,0.0
2026-04-13 18:40:55,29.9,59.8,15.8,53.8,0.0,0.0,0.0
2026-04-13 18:41:00,29.9,59.8,14.7,53.8,0.0,0.0,0.0
2026-04-13 18:41:05,29.9,59.7,27.5,53.8,0.0,0.0,0.0
2026-04-13 18:41:10,29.9,59.7,4.1,53.8,0.0,0.0,0.0
2026-04-13 18:41:15,30.0,59.9,0.0,53.8,0.0,0.0,0.0
2026-04-13 18:41:20,30.1,59.9,16.6,53.8,0.0,0.0,0.0
2026-04-13 18:41:25,29.9,59.8,12.2,53.8,0.0,0.0,0.0
2026-04-13 18:41:30,30.1,59.8,17.8,53.8,0.0,0.0,0.0
2026-04-13 18:41:35,30.0,59.8,25.6,53.8,0.0,0.0,0.0
2026-04-13 18:41:40,29.7,59.9,14.6,53.8,0.0,0.0,0.0
2026-04-13 18:41:45,29.8,59.9,6.0,53.8,0.0,0.0,0.0
2026-04-13 18:41:50,29.9,59.8,4.8,53.8,0.0,0.0,0.0
2026-04-13 18:41:55,30.0,59.9,0.0,53.8,0.0,0.0,0.0
2026-04-13 18:42:00,29.9,60.0,22.9,53.8,0.0,0.0,0.0
2026-04-13 18:42:05,30.0,59.9,10.4,53.8,0.0,0.0,0.0
2026-04-13 18:42:10,30.0,59.9,8.0,53.8,0.0,0.0,0.0
2026-04-13 18:42:15,30.1,59.8,19.1,53.8,0.0,0.0,0.0
2026-04-13 18:42:20,29.9,59.8,17.5,53.8,0.0,0.0,0.0
2026-04-13 18:42:25,29.9,59.8,22.7,53.8,0.0,0.0,0.0
2026-04-13 18:42:30,30.0,59.7,14.8,53.8,0.0,0.0,0.0
2026-04-13 18:42:35,29.9,59.8,19.2,53.8,0.0,0.0,0.0
2026-04-13 18:42:40,29.8,59.9,18.9,53.8,0.0,0.0,0.0
2026-04-13 18:42:45,29.8,60.1,0.0,53.8,0.0,0.0,0.0
2026-04-13 18:42:50,30.0,60.1,19.7,53.8,0.0,0.0,0.0
2026-04-13 18:42:55,29.9,60.2,12.4,53.8,0.0,0.0,0.0
2026-04-13 18:43:00,29.9,60.1,8.0,53.8,0.0,0.0,0.0
2026-04-13 18:43:05,29.9,60.2,18.4,53.8,0.0,0.0,0.0
2026-04-13 18:43:10,30.0,60.1,16.7,53.8,0.0,0.0,0.0
2026-04-13 18:43:15,29.9,60.1,9.4,53.8,0.0,0.0,0.0
2026-04-13 18:43:20,29.8,60.2,12.5,53.8,0.0,0.0,0.0
2026-04-13 18:43:25,29.9,60.2,22.4,53.8,0.0,0.0,0.0
2026-04-13 18:43:30,30.0,60.2,16.6,53.8,0.0,0.0,0.0
2026-04-13 18:43:35,30.1,60.2,2.2,53.8,0.0,0.0,0.0
2026-04-13 18:43:40,29.8,60.1,9.7,53.8,0.0,0.0,0.0
2026-04-13 18:43:45,30.0,60.3,8.7,53.8,0.0,0.0,0.0
2026-04-13 18:43:50,29.9,60.2,26.7,53.8,0.0,0.0,0.0
2026-04-13 18:43:55,29.9,60.3,0.7,53.8,0.0,0.0,0.0
2026-04-13 18:44:00,30.1,60.3,8.9,53.8,0.0,0.0,0.0
2026-04-13 18:44:05,30.1,60.3,11.3,53.8,0.0,0.0,0.0
2026-04-13 18:44:10,30.1,60.2,11.7,53.8,0.0,0.0,0.0
2026-04-13 18:44:15,30.0,60.3,0.6,53.8,0.0,0.0,0.0
2026-04-13 18:44:20,30.0,60.2,16.9,53.8,0.0,0.0,0.0
2026-04-13 18:44:25,29.8,60.3,24.4,53.8,0.0,0.0,0.0
2026-04-13 18:44:30,29.9,60.4,9.7,53.8,0.0,0.0,0.0
2026-04-13 18:44:35,29.8,60.5,0.0,53.8,0.0,0.0,0.0
2026-04-13 18:44:40,29.8,60.5,19.9,53.8,0.0,0.0,0.0
2026-04-13 18:44:45,29.8,60.5,24.4,53.8,0.0,0.0,0.0
2026-04-13 18:44:50,29.9,60.3,17.4,53.8,0.0,0.0,0.0
2026-04-13 18:44:55,29.9,60.4,0.0,53.8,0.0,0.0,0.0
2026-04-13 18:45:00,30.0,60.3,0.0,53.8,0.0,0.0,0.0
2026-04-13 18:45:05,29.9,60.3,11.3,53.8,0.0,0.0,0.0
2026-04-13 18:45:10,29.8,60.2,0.0,53.8,0.0,0.0,0.0
2026-04-13 18:45:15,29.9,60.1,5.3,53.8,0.0,0.0,0.0
2026-04-13 18:45:20,29.9,60.1,16.8,53.8,0.0,0.0,0.0
2026-04-13 18:45:25,29.7,60.0,4.0,53.8,0.0,0.0,0.0
2026-04-13 18:45:30,29.8,60.1,11.7,53.8,0.0,0.0,0.0
2026-04-13 18:45:35,30.1,60.0,0.0,53.8,0.0,0.0,0.0
2026-04-13 18:45:40,29.9,60.1,37.5,53.8,0.0,0.0,0.0
2026-04-13 18:45:45,29.8,60.1,9.1,53.8,0.0,0.0,0.0
2026-04-13 18:45:50,29.8,60.1,12.3,53.8,0.0,0.0,0.0
2026-04-13 18:45:55,29.9,60.1,34.8,53.8,0.0,0.0,0.0
2026-04-13 18:46:00,29.8,60.2,21.5,53.8,0.0,0.0,0.0
2026-04-13 18:46:05,29.9,60.0,21.8,53.8,0.0,0.0,0.0
2026-04-13 18:46:10,29.9,60.1,9.9,53.8,0.0,0.0,0.0
2026-04-13 18:46:15,29.8,60.0,33.4,53.8,0.0,0.0,0.0
2026-04-13 18:46:20,29.9,59.9,12.8,53.8,0.0,0.0,0.0
2026-04-13 18:46:25,29.9,59.9,15.8,53.8,0.0,0.0,0.0
2026-04-13 18:46:30,29.9,60.0,9.7,53.8,0.0,0.0,0.0
2026-04-13 18:46:35,30.0,60.2,18.7,53.8,0.0,0.0,0.0
2026-04-13 18:46:40,29.8,60.3,6.5,53.8,0.0,0.0,0.0
2026-04-13 18:46:45,30.0,60.3,16.1,53.8,0.0,0.0,0.0
2026-04-13 18:46:50,29.9,60.3,14.9,53.8,0.0,0.0,0.0
2026-04-13 18:46:55,30.0,60.3,13.4,53.8,0.0,0.0,0.0
2026-04-13 18:47:00,30.0,60.3,5.9,53.8,0.0,0.0,0.0
2026-04-13 18:47:05,29.9,60.3,20.5,53.8,0.0,0.0,0.0
2026-04-13 18:47:10,30.0,60.2,25.8,53.8,0.0,0.0,0.0
2026-04-13 18:47:15,29.9,60.1,7.9,53.8,0.0,0.0,0.0
2026-04-13 18:47:20,29.9,60.2,34.6,53.7,0.0,0.0,0.0
2026-04-13 18:47:25,29.8,60.3,6.3,53.7,0.0,0.0,0.0
2026-04-13 18:47:30,29.8,60.3,12.5,53.8,0.0,0.0,0.0
2026-04-13 18:47:35,30.0,60.4,0.0,53.8,0.0,0.0,0.0
2026-04-13 18:47:40,29.7,60.3,12.1,53.8,0.0,0.0,0.0
2026-04-13 18:47:45,29.8,60.4,20.9,53.8,0.0,0.0,0.0
2026-04-13 18:47:50,29.9,60.5,34.9,53.8,0.0,0.0,0.0
2026-04-13 18:47:55,29.8,60.3,1.5,53.8,0.0,0.0,0.0
2026-04-13 18:48:00,29.9,60.3,10.6,53.8,0.0,0.0,0.0
2026-04-13 18:48:05,29.9,60.3,9.4,53.8,0.0,0.0,0.0
2026-04-13 18:48:10,29.9,60.3,23.7,53.8,0.0,0.0,0.0
2026-04-13 18:48:15,29.9,60.3,4.2,53.8,0.0,0.0,0.0
2026-04-13 18:48:20,29.9,60.2,19.6,53.8,0.0,0.0,0.0
2026-04-13 18:48:25,29.8,60.1,19.0,53.8,0.0,0.0,0.0
2026-04-13 18:48:30,29.7,60.1,8.3,53.8,0.0,0.0,0.0
2026-04-13 18:48:35,29.9,60.2,17.0,53.8,0.0,0.0,0.0
2026-04-13 18:48:40,29.8,60.2,12.5,53.8,0.0,0.0,0.0
2026-04-13 18:48:45,29.8,60.2,18.1,53.8,0.0,0.0,0.0
2026-04-13 18:48:50,29.8,60.2,15.4,53.8,0.0,0.0,0.0
2026-04-13 18:48:55,29.9,60.2,22.4,53.8,0.0,0.0,0.0
2026-04-13 18:49:00,29.9,60.2,5.4,53.8,0.0,0.0,0.0
2026-04-13 18:49:05,29.9,60.2,30.5,53.8,0.0,0.0,0.0
2026-04-13 18:49:10,29.8,60.3,15.9,53.8,0.0,0.0,0.0
2026-04-13 18:49:15,29.9,60.2,1.7,53.8,0.0,0.0,0.0
2026-04-13 18:49:20,29.8,60.2,0.0,53.8,0.0,0.0,0.0
2026-04-13 18:49:25,29.8,60.1,3.9,53.8,0.0,0.0,0.0
2026-04-13 18:49:30,29.8,60.2,9.0,53.8,0.0,0.0,0.0
2026-04-13 18:49:35,29.8,60.3,10.9,53.8,0.0,0.0,0.0
2026-04-13 18:49:40,29.9,60.3,0.0,53.8,0.0,0.0,0.0
2026-04-13 18:49:45,29.7,60.4,7.9,53.8,0.0,0.0,0.0
2026-04-13 18:49:50,29.7,60.5,28.4,53.8,0.0,0.0,0.0
2026-04-13 18:49:55,29.7,60.5,10.5,53.8,0.0,0.0,0.0
2026-04-13 18:50:00,29.7,60.6,2.5,53.8,0.0,0.0,0.0
2026-04-13 18:50:05,29.8,60.5,27.5,53.8,0.0,0.0,0.0
2026-04-13 18:50:10,29.8,60.6,18.7,53.8,0.0,0.0,0.0
2026-04-13 18:50:15,29.8,60.5,4.8,53.8,0.0,0.0,0.0
2026-04-13 18:50:20,29.8,60.6,16.6,53.8,0.0,0.0,0.0
2026-04-13 18:50:25,30.0,60.7,21.2,53.8,0.0,0.0,0.0
2026-04-13 18:50:30,29.8,60.8,20.9,53.8,0.0,0.0,0.0
2026-04-13 18:50:35,29.8,60.9,15.3,53.8,0.0,0.0,0.0
2026-04-13 18:50:40,29.8,60.9,4.5,53.8,0.0,0.0,0.0
2026-04-13 18:50:45,29.7,60.7,2.3,53.8,0.0,0.0,0.0
2026-04-13 18:50:50,29.9,60.7,5.2,53.8,0.0,0.0,0.0
2026-04-13 18:50:55,30.0,60.5,12.8,53.8,0.0,0.0,0.0
2026-04-13 18:51:00,29.8,60.5,36.8,53.8,0.0,0.0,0.0
2026-04-13 18:51:05,29.9,60.4,0.0,53.8,0.0,0.0,0.0
2026-04-13 18:51:10,29.9,60.4,15.5,53.8,0.0,0.0,0.0
2026-04-13 18:51:15,29.7,60.3,38.5,53.8,0.0,0.0,0.0
2026-04-13 18:51:20,29.7,60.2,35.5,53.8,0.0,0.0,0.0
2026-04-13 18:51:25,29.9,60.2,17.3,53.8,0.0,0.0,0.0
2026-04-13 18:51:30,30.0,60.2,23.3,53.8,0.0,0.0,0.0
2026-04-13 18:51:35,29.9,60.0,17.3,53.8,0.0,0.0,0.0
2026-04-13 18:51:40,29.6,60.0,23.0,53.8,0.0,0.0,0.0
2026-04-13 18:51:45,29.8,60.0,11.0,53.8,0.0,0.0,0.0
2026-04-13 18:51:50,29.8,60.1,13.2,53.8,0.0,0.0,0.0
2026-04-13 18:51:55,29.7,60.2,3.8,53.8,0.0,0.0,0.0
2026-04-13 18:52:00,29.9,60.1,2.9,53.8,0.0,0.0,0.0
2026-04-13 18:52:05,29.8,60.3,11.5,53.8,0.0,0.0,0.0
2026-04-13 18:52:10,30.0,60.1,7.1,53.8,0.0,0.0,0.0
2026-04-13 18:52:15,29.8,60.2,4.7,53.8,0.0,0.0,0.0
2026-04-13 18:52:20,29.9,60.1,11.2,53.8,0.0,0.0,0.0
2026-04-13 18:52:25,29.7,60.1,30.4,53.8,0.0,0.0,0.0
2026-04-13 18:52:30,29.8,60.1,0.0,53.8,0.0,0.0,0.0
2026-04-13 18:52:35,29.6,60.0,38.5,53.8,0.0,0.0,0.0
2026-04-13 18:52:40,29.8,60.0,10.4,53.8,0.0,0.0,0.0
2026-04-13 18:52:45,29.9,59.9,16.1,53.8,0.0,0.0,0.0
2026-04-13 18:52:50,29.8,60.0,3.3,53.8,0.0,0.0,0.0
2026-04-13 18:52:55,29.7,60.0,14.4,53.8,0.0,0.0,0.0
2026-04-13 18:53:00,29.8,60.0,9.1,53.8,0.0,0.0,0.0
2026-04-13 18:53:05,29.8,60.0,16.8,53.8,0.0,0.0,0.0
2026-04-13 18:53:10,29.8,60.0,13.8,53.7,0.0,0.0,0.0
2026-04-13 18:53:15,29.8,60.0,11.3,53.7,0.0,0.0,0.0
2026-04-13 18:53:20,29.8,60.0,26.2,53.8,0.0,0.0,0.0
2026-04-13 18:53:25,30.0,60.0,0.0,53.8,0.0,0.0,0.0
2026-04-13 18:53:30,29.9,60.0,24.3,53.8,0.0,0.0,0.0
2026-04-13 18:53:35,29.8,59.9,15.8,53.8,0.0,0.0,0.0
2026-04-13 18:53:40,29.8,59.9,21.3,53.8,0.0,0.0,0.0
2026-04-13 18:53:45,30.0,59.9,19.0,53.8,0.0,0.0,0.0
2026-04-13 18:53:50,29.9,59.9,23.8,53.8,0.0,0.0,0.0
2026-04-13 18:53:55,29.9,59.8,32.4,53.8,0.0,0.0,0.0
2026-04-13 18:54:00,29.8,59.8,18.1,53.8,0.0,0.0,0.0
2026-04-13 18:54:05,29.9,59.7,22.0,53.8,0.0,0.0,0.0
2026-04-13 18:54:10,29.8,59.7,7.4,53.8,0.0,0.0,0.0
2026-04-13 18:54:15,29.9,59.7,8.0,53.8,0.0,0.0,0.0
2026-04-13 18:54:20,29.9,59.7,24.1,53.8,0.0,0.0,0.0
2026-04-13 18:54:25,29.9,59.7,15.5,53.8,0.0,0.0,0.0
2026-04-13 18:54:30,29.9,59.8,19.8,53.8,0.0,0.0,0.0
2026-04-13 18:54:35,29.9,59.7,3.7,53.8,0.0,0.0,0.0
2026-04-13 18:54:40,30.0,59.6,22.9,53.8,0.0,0.0,0.0
2026-04-13 18:54:45,30.0,59.8,2.3,53.8,0.0,0.0,0.0
2026-04-13 18:54:50,30.0,59.8,20.0,53.8,0.0,0.0,0.0
2026-04-13 18:54:55,29.8,59.6,7.1,53.8,0.0,0.0,0.0
2026-04-13 18:55:00,29.8,59.6,4.6,53.8,0.0,0.0,0.0
2026-04-13 18:55:05,29.8,59.7,23.7,53.8,0.0,0.0,0.0
2026-04-13 18:55:10,29.8,59.7,1.4,53.8,0.0,0.0,0.0
2026-04-13 18:55:15,29.9,59.8,1.1,53.8,0.0,0.0,0.0
2026-04-13 18:55:20,29.9,59.8,27.3,53.8,0.0,0.0,0.0
2026-04-13 18:55:25,29.8,59.9,0.0,53.8,0.0,0.0,0.0
2026-04-13 18:55:30,29.7,59.8,24.8,53.8,0.0,0.0,0.0
2026-04-13 18:55:35,29.9,59.9,30.1,53.8,0.0,0.0,0.0
2026-04-13 18:55:40,30.0,59.9,18.7,53.8,0.0,0.0,0.0
2026-04-13 18:55:45,29.9,59.7,29.2,53.8,0.0,0.0,0.0
2026-04-13 18:55:50,29.9,59.8,18.0,53.7,0.0,0.0,0.0
2026-04-13 18:55:55,29.9,59.9,7.1,53.7,0.0,0.0,0.0
2026-04-13 18:56:00,29.9,59.8,0.0,53.7,0.0,0.0,0.0
2026-04-13 18:56:05,30.0,59.7,9.9,53.7,0.0,0.0,0.0
2026-04-13 18:56:10,29.9,59.8,13.9,53.8,0.0,0.0,0.0
2026-04-13 18:56:15,30.0,59.9,27.1,53.8,0.0,0.0,0.0
2026-04-13 18:56:20,30.0,59.7,15.9,53.8,0.0,0.0,0.0
2026-04-13 18:56:25,29.9,59.6,8.7,53.8,0.0,0.0,0.0
2026-04-13 18:56:30,29.8,59.6,24.4,53.8,0.0,0.0,0.0
2026-04-13 18:56:35,29.9,59.6,14.5,53.8,0.0,0.0,0.0
2026-04-13 18:56:40,29.8,59.6,28.9,53.8,0.0,0.0,0.0
2026-04-13 18:56:45,29.8,59.6,10.1,53.8,0.0,0.0,0.0
2026-04-13 18:56:50,29.8,59.6,21.0,53.8,0.0,0.0,0.0
2026-04-13 18:56:55,29.7,59.5,23.9,53.8,0.0,0.0,0.0
2026-04-13 18:57:00,30.0,59.4,0.0,53.8,0.0,0.0,0.0
2026-04-13 18:57:05,29.8,59.5,11.4,53.8,0.0,0.0,0.0
2026-04-13 18:57:10,29.9,59.5,13.9,53.8,0.0,0.0,0.0
2026-04-13 18:57:15,29.8,59.4,18.3,53.8,0.0,0.0,0.0
2026-04-13 18:57:20,29.8,59.5,30.6,53.8,0.0,0.0,0.0
2026-04-13 18:57:25,29.9,59.5,22.0,53.7,0.0,0.0,0.0
2026-04-13 18:57:30,29.7,59.5,6.1,53.7,0.0,0.0,0.0
2026-04-13 18:57:35,29.9,59.5,19.7,53.8,0.0,0.0,0.0
2026-04-13 18:57:40,29.7,59.5,16.4,53.8,0.0,0.0,0.0
2026-04-13 18:57:45,29.9,59.6,10.0,53.8,0.0,0.0,0.0
2026-04-13 18:57:50,30.0,59.5,9.8,53.8,0.0,0.0,0.0
2026-04-13 18:57:55,29.9,59.5,0.0,53.8,0.0,0.0,0.0
2026-04-13 18:58:00,29.8,59.6,7.5,53.8,0.0,0.0,0.0
2026-04-13 18:58:05,29.8,59.8,26.7,53.8,0.0,0.0,0.0
2026-04-13 18:58:10,29.7,59.8,35.1,53.8,0.0,0.0,0.0
2026-04-13 18:58:15,29.8,59.8,12.3,53.8,0.0,0.0,0.0
2026-04-13 18:58:20,29.9,59.9,21.6,53.7,0.0,0.0,0.0
2026-04-13 18:58:25,29.7,59.9,4.0,53.7,0.0,0.0,0.0
2026-04-13 18:58:30,29.9,60.0,32.2,53.8,0.0,0.0,0.0
2026-04-13 18:58:35,29.7,59.9,13.1,53.8,0.0,0.0,0.0
2026-04-13 18:58:40,29.8,59.9,13.6,53.8,0.0,0.0,0.0
2026-04-13 18:58:45,29.9,59.9,24.8,53.8,0.0,0.0,0.0
2026-04-13 18:58:50,29.9,59.9,16.0,53.8,0.0,0.0,0.0
2026-04-13 18:58:55,29.9,59.9,16.0,53.8,0.0,0.0,0.0
2026-04-13 18:59:00,29.7,59.9,16.9,53.8,0.0,0.0,0.0
2026-04-13 18:59:05,29.9,59.7,28.2,53.8,0.0,0.0,0.0
2026-04-13 18:59:10,29.9,59.7,7.1,53.8,0.0,0.0,0.0
2026-04-13 18:59:15,29.9,59.9,14.8,53.8,0.0,0.0,0.0
2026-04-13 18:59:20,29.8,59.9,5.8,53.8,0.0,0.0,0.0
2026-04-13 18:59:25,29.9,59.8,26.2,53.8,0.0,0.0,0.0
2026-04-13 18:59:30,29.9,60.0,8.0,53.8,0.0,0.0,0.0
2026-04-13 18:59:35,29.7,59.9,0.6,53.8,0.0,0.0,0.0
2026-04-13 18:59:40,29.7,59.9,6.3,53.8,0.0,0.0,0.0
2026-04-13 18:59:45,29.6,59.9,23.8,53.8,0.0,0.0,0.0
2026-04-13 18:59:50,29.7,59.9,6.9,53.7,0.0,0.0,0.0
2026-04-13 18:59:55,29.9,59.8,25.1,53.7,0.0,0.0,0.0
2026-04-13 19:00:00,29.9,59.8,8.1,53.8,0.0,0.0,0.0
2026-04-13 19:00:05,29.7,59.8,11.3,53.8,0.0,0.0,0.0
2026-04-13 19:00:10,29.7,59.9,14.8,53.8,0.0,0.0,0.0
2026-04-13 19:00:15,29.8,60.1,18.0,53.8,0.0,0.0,0.0
2026-04-13 19:00:20,29.7,60.0,24.5,53.8,0.0,0.0,0.0
2026-04-13 19:00:25,29.7,59.9,6.6,53.8,0.0,0.0,0.0
2026-04-13 19:00:30,29.7,59.9,2.1,53.8,0.0,0.0,0.0
2026-04-13 19:00:35,29.7,59.9,4.1,53.8,0.0,0.0,0.0
2026-04-13 19:00:40,29.7,60.0,17.7,53.8,0.0,0.0,0.0
2026-04-13 19:00:45,29.7,60.1,10.6,53.8,0.0,0.0,0.0
2026-04-13 19:00:50,29.9,60.2,32.4,53.8,0.0,0.0,0.0
2026-04-13 19:00:55,29.6,60.1,13.4,53.8,0.0,0.0,0.0
2026-04-13 19:01:00,29.7,60.2,30.7,53.8,0.0,0.0,0.0
2026-04-13 19:01:05,29.7,60.2,32.1,53.8,0.0,0.0,0.0
2026-04-13 19:01:10,29.7,60.2,3.4,53.8,0.0,0.0,0.0
2026-04-13 19:01:15,29.7,60.4,20.6,53.8,0.0,0.0,0.0
2026-04-13 19:01:20,29.5,60.4,30.1,53.8,0.0,0.0,0.0
2026-04-13 19:01:25,29.6,60.4,32.3,53.8,0.0,0.0,0.0
2026-04-13 19:01:30,29.7,60.4,0.0,53.8,0.0,0.0,0.0
2026-04-13 19:01:35,29.8,60.3,18.8,53.8,0.0,0.0,0.0
2026-04-13 19:01:40,29.7,60.3,7.6,53.8,0.0,0.0,0.0
2026-04-13 19:01:45,29.8,60.4,3.7,53.8,0.0,0.0,0.0
2026-04-13 19:01:50,29.6,60.3,7.4,53.8,0.0,0.0,0.0
2026-04-13 19:01:55,29.7,60.2,34.6,53.8,0.0,0.0,0.0
2026-04-13 19:02:00,29.7,60.2,30.0,53.8,0.0,0.0,0.0
2026-04-13 19:02:05,29.7,60.3,12.2,53.8,0.0,0.0,0.0
2026-04-13 19:02:10,29.7,60.2,24.4,53.8,0.0,0.0,0.0
2026-04-13 19:02:15,29.7,60.1,25.2,53.8,0.0,0.0,0.0
2026-04-13 19:02:20,29.7,60.2,8.3,53.8,0.0,0.0,0.0
2026-04-13 19:02:25,29.7,60.1,8.1,53.8,0.0,0.0,0.0
2026-04-13 19:02:30,29.7,60.1,9.1,53.8,0.0,0.0,0.0
2026-04-13 19:02:35,29.7,60.0,8.9,53.8,0.0,0.0,0.0
2026-04-13 19:02:40,29.7,60.2,17.2,53.8,0.0,0.0,0.0
2026-04-13 19:02:45,29.6,60.2,17.1,53.8,0.0,0.0,0.0
2026-04-13 19:02:50,29.7,60.2,11.8,53.8,0.0,0.0,0.0
2026-04-13 19:02:55,29.6,60.3,22.5,53.8,0.0,0.0,0.0
2026-04-13 19:03:00,29.7,60.3,11.2,53.8,0.0,0.0,0.0
2026-04-13 19:03:05,29.8,60.2,29.5,53.8,0.0,0.0,0.0
2026-04-13 19:03:10,29.8,60.0,22.2,53.8,0.0,0.0,0.0
2026-04-13 19:03:15,29.6,59.9,22.7,53.8,0.0,0.0,0.0
2026-04-13 19:03:20,29.7,59.9,1.3,53.8,0.0,0.0,0.0
2026-04-13 19:03:25,29.7,60.2,5.4,53.8,0.0,0.0,0.0
2026-04-13 19:03:30,29.7,60.2,24.3,53.8,0.0,0.0,0.0
2026-04-13 19:03:35,29.7,60.3,0.0,53.8,0.0,0.0,0.0
2026-04-13 19:03:40,29.7,60.3,3.2,53.8,0.0,0.0,0.0
2026-04-13 19:03:45,29.7,60.3,12.6,53.8,0.0,0.0,0.0
2026-04-13 19:03:50,29.8,60.2,18.8,53.8,0.0,0.0,0.0
2026-04-13 19:03:55,29.7,60.3,16.5,53.8,0.0,0.0,0.0
2026-04-13 19:04:00,29.7,60.4,6.5,53.8,0.0,0.0,0.0
2026-04-13 19:04:05,29.7,60.2,17.5,53.8,0.0,0.0,0.0
2026-04-13 19:04:10,29.5,60.2,5.6,53.8,0.0,0.0,0.0
2026-04-13 19:04:15,29.9,60.2,24.5,53.8,0.0,0.0,0.0
2026-04-13 19:04:20,29.6,60.2,24.4,53.8,0.0,0.0,0.0
2026-04-13 19:04:25,29.7,60.1,18.4,53.8,0.0,0.0,0.0
2026-04-13 19:04:30,29.8,60.1,17.4,53.8,0.0,0.0,0.0
2026-04-13 19:04:35,29.7,60.0,21.0,53.8,0.0,0.0,0.0
2026-04-13 19:04:40,29.7,60.0,10.5,53.8,0.0,0.0,0.0
2026-04-13 19:04:45,29.7,59.9,27.1,53.8,0.0,0.0,0.0
2026-04-13 19:04:50,29.7,60.0,19.0,53.8,0.0,0.0,0.0
2026-04-13 19:04:55,29.7,60.0,12.5,53.8,0.0,0.0,0.0
2026-04-13 19:05:00,29.7,60.0,12.4,53.8,0.0,0.0,0.0
2026-04-13 19:05:05,29.8,60.0,1.2,53.8,0.0,0.0,0.0
2026-04-13 19:05:10,29.8,60.1,0.0,53.8,0.0,0.0,0.0
2026-04-13 19:05:15,29.6,60.1,7.2,53.8,0.0,0.0,0.0
2026-04-13 19:05:20,29.8,60.1,3.3,53.8,0.0,0.0,0.0
2026-04-13 19:05:25,29.7,60.0,3.5,53.8,0.0,0.0,0.0
2026-04-13 19:05:30,29.8,60.0,38.5,53.8,0.0,0.0,0.0
2026-04-13 19:05:35,29.9,60.0,26.4,53.8,0.0,0.0,0.0
2026-04-13 19:05:40,29.7,60.1,5.7,53.8,0.0,0.0,0.0
2026-04-13 19:05:45,29.7,60.2,0.7,53.8,0.0,0.0,0.0
2026-04-13 19:05:50,29.6,60.3,17.4,53.8,0.0,0.0,0.0
2026-04-13 19:05:55,29.8,60.4,32.2,53.8,0.0,0.0,0.0
2026-04-13 19:06:00,29.7,60.3,23.5,53.8,0.0,0.0,0.0
2026-04-13 19:06:05,29.7,60.4,23.5,53.8,0.0,0.0,0.0
2026-04-13 19:06:10,29.7,60.5,16.0,53.8,0.0,0.0,0.0
2026-04-13 19:06:15,29.8,60.5,11.0,53.8,0.0,0.0,0.0
2026-04-13 19:06:20,29.8,60.6,18.1,53.8,0.0,0.0,0.0
2026-04-13 19:06:25,29.8,60.5,25.9,53.8,0.0,0.0,0.0
2026-04-13 19:06:30,29.8,60.5,15.1,53.8,0.0,0.0,0.0
2026-04-13 19:06:35,29.8,60.6,9.2,53.8,0.0,0.0,0.0
2026-04-13 19:06:40,29.8,60.6,9.5,53.8,0.0,0.0,0.0
2026-04-13 19:06:45,29.6,60.6,46.4,53.8,0.0,0.0,0.0
2026-04-13 19:06:50,29.8,60.5,15.4,53.8,0.0,0.0,0.0
2026-04-13 19:06:55,29.8,60.5,21.4,53.8,0.0,0.0,0.0
2026-04-13 19:07:00,29.6,60.5,11.8,53.8,0.0,0.0,0.0
2026-04-13 19:07:05,29.8,60.5,9.3,53.8,0.0,0.0,0.0
2026-04-13 19:07:10,29.8,60.6,19.4,53.8,0.0,0.0,0.0
2026-04-13 19:07:15,29.8,60.6,3.9,53.8,0.0,0.0,0.0
2026-04-13 19:07:20,29.6,60.6,9.6,53.8,0.0,0.0,0.0
2026-04-13 19:07:25,29.7,60.4,34.0,53.8,0.0,0.0,0.0
2026-04-13 19:07:30,29.6,60.3,27.5,53.8,0.0,0.0,0.0
2026-04-13 19:07:35,29.7,60.4,2.7,53.8,0.0,0.0,0.0
2026-04-13 19:07:40,29.7,60.5,14.5,53.8,0.0,0.0,0.0
2026-04-13 19:07:45,29.8,60.5,5.5,53.8,0.0,0.0,0.0
2026-04-13 19:07:50,29.7,60.5,11.5,53.8,0.0,0.0,0.0
2026-04-13 19:07:55,29.8,60.4,31.2,53.8,0.0,0.0,0.0
2026-04-13 19:08:00,29.7,60.3,6.5,53.8,0.0,0.0,0.0
2026-04-13 19:08:05,29.6,60.2,11.1,53.8,0.0,0.0,0.0
2026-04-13 19:08:10,29.8,60.1,19.1,53.8,0.0,0.0,0.0
2026-04-13 19:08:15,29.7,60.1,23.8,53.8,0.0,0.0,0.0
2026-04-13 19:08:20,29.5,60.2,29.2,53.8,0.0,0.0,0.0
2026-04-13 19:08:25,29.6,60.1,0.0,53.8,0.0,0.0,0.0
2026-04-13 19:08:30,29.8,60.1,5.3,53.8,0.0,0.0,0.0
2026-04-13 19:08:35,29.6,60.0,19.4,53.8,0.0,0.0,0.0
2026-04-13 19:08:40,29.8,60.0,17.7,53.8,0.0,0.0,0.0
2026-04-13 19:08:45,29.9,59.9,17.7,53.8,0.0,0.0,0.0
2026-04-13 19:08:50,29.7,59.9,22.8,53.7,0.0,0.0,0.0
2026-04-13 19:08:55,29.7,59.9,28.9,53.7,0.0,0.0,0.0
2026-04-13 19:09:00,29.8,59.8,13.9,53.8,0.0,0.0,0.0
2026-04-13 19:09:05,29.7,59.8,32.5,53.8,0.0,0.0,0.0
2026-04-13 19:09:10,29.6,59.9,5.9,53.8,0.0,0.0,0.0
2026-04-13 19:09:15,29.5,59.9,25.4,53.8,0.0,0.0,0.0
2026-04-13 19:09:20,29.6,59.9,12.0,53.8,0.0,0.0,0.0
2026-04-13 19:09:25,29.7,59.8,24.3,53.8,0.0,0.0,0.0
2026-04-13 19:09:30,29.6,59.9,14.0,53.8,0.0,0.0,0.0
2026-04-13 19:09:35,29.7,60.0,23.1,53.9,0.0,0.0,0.0
2026-04-13 19:09:40,29.6,60.0,14.9,53.9,0.0,0.0,0.0
2026-04-13 19:09:45,29.8,60.1,14.7,53.9,0.0,0.0,0.0
2026-04-13 19:09:50,29.7,60.0,16.1,53.8,0.0,0.0,0.0
2026-04-13 19:09:55,29.6,60.1,14.5,53.8,0.0,0.0,0.0
2026-04-13 19:10:00,29.8,60.0,27.2,53.8,0.0,0.0,0.0
2026-04-13 19:10:05,29.8,60.0,7.6,53.8,0.0,0.0,0.0
2026-04-13 19:10:10,29.8,60.0,14.2,53.8,0.0,0.0,0.0
2026-04-13 19:10:15,29.7,60.2,6.9,53.8,0.0,0.0,0.0
2026-04-13 19:10:20,29.6,60.2,20.7,53.8,0.0,0.0,0.0
2026-04-13 19:10:25,29.7,60.3,19.0,53.8,0.0,0.0,0.0
2026-04-13 19:10:30,29.7,60.3,11.3,53.8,0.0,0.0,0.0
2026-04-13 19:10:35,29.6,60.3,18.5,53.8,0.0,0.0,0.0
2026-04-13 19:10:40,29.8,60.4,9.3,53.8,0.0,0.0,0.0
2026-04-13 19:10:45,29.7,60.4,12.8,53.8,0.0,0.0,0.0
2026-04-13 19:10:50,29.7,60.4,0.9,53.8,0.0,0.0,0.0
2026-04-13 19:10:55,29.7,60.4,11.5,53.8,0.0,0.0,0.0
2026-04-13 19:11:00,29.6,60.4,42.4,53.8,0.0,0.0,0.0
2026-04-13 19:11:05,29.7,60.4,31.1,53.8,0.0,0.0,0.0
2026-04-13 19:11:10,29.6,60.4,10.2,53.8,0.0,0.0,0.0
2026-04-13 19:11:15,29.7,60.2,0.0,53.8,0.0,0.0,0.0
2026-04-13 19:11:20,29.7,60.2,27.4,53.8,0.0,0.0,0.0
2026-04-13 19:11:25,29.7,60.1,7.3,53.8,0.0,0.0,0.0
2026-04-13 19:11:30,29.8,60.1,1.9,53.8,0.0,0.0,0.0
2026-04-13 19:11:35,29.6,60.2,29.7,53.8,0.0,0.0,0.0
2026-04-13 19:11:40,29.6,60.2,13.6,53.8,0.0,0.0,0.0
2026-04-13 19:11:45,29.6,60.1,16.5,53.8,0.0,0.0,0.0
2026-04-13 19:11:50,29.6,60.2,25.1,53.8,0.0,0.0,0.0
2026-04-13 19:11:55,29.7,60.2,0.0,53.8,0.0,0.0,0.0
2026-04-13 19:12:00,29.6,60.1,12.2,53.8,0.0,0.0,0.0
2026-04-13 19:12:05,29.8,60.4,15.4,53.8,0.0,0.0,0.0
2026-04-13 19:12:10,29.7,60.1,0.0,53.8,0.0,0.0,0.0
2026-04-13 19:12:15,29.7,60.0,23.0,53.8,0.0,0.0,0.0
2026-04-13 19:12:20,29.6,60.2,21.4,53.8,0.0,0.0,0.0
2026-04-13 19:12:25,29.6,60.2,17.1,53.8,0.0,0.0,0.0
2026-04-13 19:12:30,29.6,60.1,19.8,53.8,0.0,0.0,0.0
2026-04-13 19:12:35,29.6,60.2,16.1,53.8,0.0,0.0,0.0
2026-04-13 19:12:40,29.7,60.1,10.1,53.8,0.0,0.0,0.0
2026-04-13 19:12:45,29.5,60.1,13.7,53.8,0.0,0.0,0.0
2026-04-13 19:12:50,29.7,60.1,20.5,53.8,0.0,0.0,0.0
2026-04-13 19:12:55,29.6,60.2,21.9,53.8,0.0,0.0,0.0
2026-04-13 19:13:00,29.5,60.2,18.6,53.8,0.0,0.0,0.0
2026-04-13 19:13:05,29.8,60.2,24.3,53.8,0.0,0.0,0.0
2026-04-13 19:13:10,29.5,60.2,10.0,53.8,0.0,0.0,0.0
2026-04-13 19:13:15,29.6,60.2,5.4,53.8,0.0,0.0,0.0
2026-04-13 19:13:20,29.8,60.3,24.3,53.8,0.0,0.0,0.0
2026-04-13 19:13:25,29.6,60.2,16.0,53.8,0.0,0.0,0.0
2026-04-13 19:13:30,29.6,60.1,22.3,53.8,0.0,0.0,0.0
2026-04-13 19:13:35,29.6,60.2,15.1,53.8,0.0,0.0,0.0
2026-04-13 19:13:40,29.5,60.0,1.4,53.8,0.0,0.0,0.0
2026-04-13 19:13:45,29.7,60.1,22.3,53.8,0.0,0.0,0.0
2026-04-13 19:13:50,29.5,60.2,29.7,53.8,0.0,0.0,0.0
2026-04-13 19:13:55,29.7,60.3,0.0,53.8,0.0,0.0,0.0
2026-04-13 19:14:00,29.7,60.4,19.9,53.8,0.0,0.0,0.0
2026-04-13 19:14:05,29.7,60.4,5.8,53.8,0.0,0.0,0.0
2026-04-13 19:14:10,29.5,60.4,14.4,53.8,0.0,0.0,0.0
2026-04-13 19:14:15,29.7,60.4,0.0,53.8,0.0,0.0,0.0
2026-04-13 19:14:20,29.7,60.4,26.5,53.8,0.0,0.0,0.0
2026-04-13 19:14:25,29.7,60.4,17.0,53.8,0.0,0.0,0.0
2026-04-13 19:14:30,29.8,60.5,25.2,53.8,0.0,0.0,0.0
2026-04-13 19:14:35,29.7,60.5,21.0,53.8,0.0,0.0,0.0
2026-04-13 19:14:40,29.8,60.4,0.0,53.8,0.0,0.0,0.0
2026-04-13 19:14:45,29.7,60.3,12.1,53.8,0.0,0.0,0.0
2026-04-13 19:14:50,29.7,60.3,14.0,53.8,0.0,0.0,0.0
2026-04-13 19:14:55,29.7,60.3,19.2,53.8,0.0,0.0,0.0
2026-04-13 19:15:00,29.9,60.3,18.7,53.8,0.0,0.0,0.0
2026-04-13 19:15:05,29.6,60.2,0.6,53.8,0.0,0.0,0.0
2026-04-13 19:15:10,29.8,60.2,5.8,53.8,0.0,0.0,0.0
2026-04-13 19:15:15,29.7,60.3,33.3,53.8,0.0,0.0,0.0
2026-04-13 19:15:20,29.5,60.2,29.7,53.8,0.0,0.0,0.0
2026-04-13 19:15:25,29.8,60.2,17.2,53.8,0.0,0.0,0.0
2026-04-13 19:15:30,29.8,60.3,5.3,53.8,0.0,0.0,0.0
2026-04-13 19:15:35,29.6,60.2,12.4,53.8,0.0,0.0,0.0
2026-04-13 19:15:40,29.7,60.3,26.2,53.8,0.0,0.0,0.0
2026-04-13 19:15:45,29.6,60.2,15.3,53.8,0.0,0.0,0.0
2026-04-13 19:15:50,29.7,60.1,3.8,53.8,0.0,0.0,0.0
2026-04-13 19:15:55,29.6,60.2,21.8,53.8,0.0,0.0,0.0
2026-04-13 19:16:00,29.6,60.2,15.4,53.8,0.0,0.0,0.0
2026-04-13 19:16:05,29.6,60.2,8.6,53.8,0.0,0.0,0.0
2026-04-13 19:16:10,29.7,60.3,3.0,53.8,0.0,0.0,0.0
2026-04-13 19:16:15,29.7,60.3,20.2,53.8,0.0,0.0,0.0
2026-04-13 19:16:20,29.8,60.5,18.4,53.8,0.0,0.0,0.0
2026-04-13 19:16:25,29.7,60.5,5.7,53.8,0.0,0.0,0.0
2026-04-13 19:16:30,29.6,60.5,12.4,53.8,0.0,0.0,0.0
2026-04-13 19:16:35,29.8,60.5,8.0,53.8,0.0,0.0,0.0
2026-04-13 19:16:40,29.6,60.6,17.4,53.8,0.0,0.0,0.0
2026-04-13 19:16:45,29.7,60.5,22.9,53.8,0.0,0.0,0.0
2026-04-13 19:16:50,29.8,60.5,5.0,53.8,0.0,0.0,0.0
2026-04-13 19:16:55,29.7,60.3,20.7,53.8,0.0,0.0,0.0
2026-04-13 19:17:00,29.7,60.3,20.2,53.8,0.0,0.0,0.0
2026-04-13 19:17:05,29.8,60.4,17.0,53.8,0.0,0.0,0.0
2026-04-13 19:17:10,29.7,60.4,12.2,53.8,0.0,0.0,0.0
2026-04-13 19:17:15,29.6,60.4,17.1,53.8,0.0,0.0,0.0
2026-04-13 19:17:20,29.7,60.3,16.1,53.8,0.0,0.0,0.0
2026-04-13 19:17:25,29.7,60.2,27.1,53.8,0.0,0.0,0.0
2026-04-13 19:17:30,29.5,60.1,4.0,53.8,0.0,0.0,0.0
2026-04-13 19:17:35,29.6,60.1,12.9,53.8,0.0,0.0,0.0
2026-04-13 19:17:40,29.7,60.1,18.5,53.8,0.0,0.0,0.0
2026-04-13 19:17:45,29.7,60.0,42.3,53.8,0.0,0.0,0.0
2026-04-13 19:17:50,29.6,60.0,9.3,53.8,0.0,0.0,0.0
2026-04-13 19:17:55,29.7,60.2,24.3,53.8,0.0,0.0,0.0
2026-04-13 19:18:00,29.6,60.1,28.4,53.8,0.0,0.0,0.0
2026-04-13 19:18:05,29.6,60.2,25.5,53.8,0.0,0.0,0.0
2026-04-13 19:18:10,29.7,60.3,21.0,53.8,0.0,0.0,0.0
2026-04-13 19:18:15,29.8,60.2,13.5,53.8,0.0,0.0,0.0
2026-04-13 19:18:20,29.6,60.2,9.4,53.7,0.0,0.0,0.0
2026-04-13 19:18:25,29.7,60.2,13.0,53.7,0.0,0.0,0.0
2026-04-13 19:18:30,29.7,60.2,8.7,53.8,0.0,0.0,0.0
2026-04-13 19:18:35,29.7,60.2,23.2,53.8,0.0,0.0,0.0
2026-04-13 19:18:40,29.7,60.1,19.4,53.8,0.0,0.0,0.0
2026-04-13 19:18:45,29.7,60.1,0.0,53.8,0.0,0.0,0.0
2026-04-13 19:18:50,29.7,60.1,6.8,53.8,0.0,0.0,0.0
2026-04-13 19:18:55,29.8,60.1,17.9,53.7,0.0,0.0,0.0
2026-04-13 19:19:00,29.7,60.0,24.2,53.7,0.0,0.0,0.0
2026-04-13 19:19:05,29.6,60.1,12.2,53.7,0.0,0.0,0.0
2026-04-13 19:19:10,29.7,60.1,19.2,53.7,0.0,0.0,0.0
2026-04-13 19:19:15,29.8,60.1,18.0,53.7,0.0,0.0,0.0
2026-04-13 19:19:20,29.8,60.1,21.1,53.7,0.0,0.0,0.0
2026-04-13 19:19:25,29.6,60.1,0.0,53.7,0.0,0.0,0.0
2026-04-13 19:19:30,29.8,60.2,2.1,53.7,0.0,0.0,0.0
2026-04-13 19:19:35,29.7,60.3,39.0,53.7,0.0,0.0,0.0
2026-04-13 19:19:40,29.6,60.4,20.6,53.7,0.0,0.0,0.0
2026-04-13 19:19:45,29.8,60.4,16.7,53.7,0.0,0.0,0.0
2026-04-13 19:19:50,29.8,60.6,27.5,53.7,0.0,0.0,0.0
2026-04-13 19:19:55,29.7,60.4,14.6,53.8,0.0,0.0,0.0
2026-04-13 19:20:00,29.7,60.4,6.7,53.8,0.0,0.0,0.0
2026-04-13 19:20:05,29.6,60.5,36.0,53.8,0.0,0.0,0.0
2026-04-13 19:20:10,29.7,60.5,9.3,53.8,0.0,0.0,0.0
2026-04-13 19:20:15,29.7,60.6,0.0,53.8,0.0,0.0,0.0
2026-04-13 19:20:20,29.7,60.8,15.6,53.8,0.0,0.0,0.0
2026-04-13 19:20:25,29.6,60.8,31.1,53.8,0.0,0.0,0.0
2026-04-13 19:20:30,29.7,60.7,3.7,53.8,0.0,0.0,0.0
2026-04-13 19:20:35,29.8,60.6,16.5,53.8,0.0,0.0,0.0
2026-04-13 19:20:40,29.8,60.5,11.7,53.8,0.0,0.0,0.0
2026-04-13 19:20:45,29.8,60.5,29.1,53.8,0.0,0.0,0.0
2026-04-13 19:20:50,29.6,60.5,22.5,53.8,0.0,0.0,0.0
2026-04-13 19:20:55,29.8,60.7,17.3,53.8,0.0,0.0,0.0
2026-04-13 19:21:00,29.8,60.6,22.6,53.7,0.0,0.0,0.0
2026-04-13 19:21:05,29.7,60.5,8.8,53.7,0.0,0.0,0.0
2026-04-13 19:21:10,29.7,60.6,30.3,53.8,0.0,0.0,0.0
2026-04-13 19:21:15,29.8,60.5,4.8,53.8,0.0,0.0,0.0
2026-04-13 19:21:20,29.7,60.5,35.1,53.8,0.0,0.0,0.0
2026-04-13 19:21:25,29.8,60.5,30.3,53.8,0.0,0.0,0.0
2026-04-13 19:21:30,29.6,60.5,22.6,53.8,0.0,0.0,0.0
2026-04-13 19:21:35,29.7,60.5,9.6,53.7,0.0,0.0,0.0
2026-04-13 19:21:40,29.7,60.5,25.2,53.7,0.0,0.0,0.0
2026-04-13 19:21:45,29.6,60.6,15.5,53.7,0.0,0.0,0.0
2026-04-13 19:21:50,29.7,60.5,13.1,53.7,0.0,0.0,0.0
2026-04-13 19:21:55,29.7,60.5,12.8,53.7,0.0,0.0,0.0
2026-04-13 19:22:00,29.9,60.5,13.2,53.7,0.0,0.0,0.0
2026-04-13 19:22:05,29.6,60.4,22.5,53.7,0.0,0.0,0.0
2026-04-13 19:22:10,29.9,60.5,15.1,53.8,0.0,0.0,0.0
2026-04-13 19:22:15,29.7,60.5,7.4,53.8,0.0,0.0,0.0
2026-04-13 19:22:20,29.8,60.5,30.0,53.8,0.0,0.0,0.0
2026-04-13 19:22:25,29.7,60.6,11.7,53.8,0.0,0.0,0.0
2026-04-13 19:22:30,29.6,60.6,4.9,53.8,0.0,0.0,0.0
2026-04-13 19:22:35,29.7,60.5,21.9,53.8,0.0,0.0,0.0
2026-04-13 19:22:40,29.7,60.6,28.7,53.7,0.0,0.0,0.0
2026-04-13 19:22:45,29.8,60.6,0.0,53.7,0.0,0.0,0.0
2026-04-13 19:22:50,29.7,60.5,13.3,53.8,0.0,0.0,0.0
2026-04-13 19:22:55,29.8,60.3,1.6,53.8,0.0,0.0,0.0
2026-04-13 19:23:00,29.7,60.2,3.6,53.8,0.0,0.0,0.0
2026-04-13 19:23:05,29.8,60.3,34.8,53.8,0.0,0.0,0.0
2026-04-13 19:23:10,29.7,60.3,8.9,53.8,0.0,0.0,0.0
2026-04-13 19:23:15,29.7,60.1,31.5,53.7,0.0,0.0,0.0
2026-04-13 19:23:20,29.8,60.1,25.2,53.7,0.0,0.0,0.0
2026-04-13 19:23:25,29.9,60.0,19.4,53.8,0.0,0.0,0.0
2026-04-13 19:23:30,29.8,59.8,8.9,53.8,0.0,0.0,0.0
2026-04-13 19:23:35,29.7,59.8,38.4,53.8,0.0,0.0,0.0
2026-04-13 19:23:40,29.7,59.9,16.4,53.7,0.0,0.0,0.0
2026-04-13 19:23:45,29.6,59.7,9.1,53.7,0.0,0.0,0.0
2026-04-13 19:23:50,29.8,59.8,5.0,53.8,0.0,0.0,0.0
2026-04-13 19:23:55,29.8,59.6,3.8,53.8,0.0,0.0,0.0
2026-04-13 19:24:00,29.6,59.6,2.5,53.8,0.0,0.0,0.0
2026-04-13 19:24:05,29.6,59.4,2.2,53.8,0.0,0.0,0.0
2026-04-13 19:24:10,29.7,59.6,13.4,53.8,0.0,0.0,0.0
2026-04-13 19:24:15,29.6,59.6,19.7,53.8,0.0,0.0,0.0
2026-04-13 19:24:20,29.7,59.6,6.1,53.8,0.0,0.0,0.0
2026-04-13 19:24:25,29.8,59.6,20.4,53.7,0.0,0.0,0.0
2026-04-13 19:24:30,29.8,59.6,7.3,53.7,0.0,0.0,0.0
2026-04-13 19:24:35,29.6,59.7,17.2,53.7,0.0,0.0,0.0
2026-04-13 19:24:40,29.5,59.6,9.8,53.8,0.0,0.0,0.0
2026-04-13 19:24:45,29.6,59.7,12.1,53.8,0.0,0.0,0.0
2026-04-13 19:24:50,29.7,59.8,11.4,53.8,0.0,0.0,0.0
2026-04-13 19:24:55,29.7,59.9,2.7,53.8,0.0,0.0,0.0
2026-04-13 19:25:00,29.7,59.9,29.4,53.8,0.0,0.0,0.0
2026-04-13 19:25:05,29.7,59.8,7.4,53.8,0.0,0.0,0.0
2026-04-13 19:25:10,29.6,59.8,25.2,53.8,0.0,0.0,0.0
2026-04-13 19:25:15,29.5,59.8,7.7,53.7,0.0,0.0,0.0
2026-04-13 19:25:20,29.6,59.8,16.2,53.7,0.0,0.0,0.0
2026-04-13 19:25:25,29.5,59.9,0.0,53.8,0.0,0.0,0.0
2026-04-13 19:25:30,29.7,59.9,31.3,53.8,0.0,0.0,0.0
2026-04-13 19:25:35,29.6,59.9,12.6,53.7,0.0,0.0,0.0
2026-04-13 19:25:40,29.6,60.0,16.0,53.7,0.0,0.0,0.0
2026-04-13 19:25:45,29.5,60.1,5.2,53.7,0.0,0.0,0.0
2026-04-13 19:25:50,29.6,60.0,0.5,53.7,0.0,0.0,0.0
2026-04-13 19:25:55,29.6,60.1,2.4,53.8,0.0,0.0,0.0
2026-04-13 19:26:00,29.5,60.1,22.2,53.8,0.0,0.0,0.0
2026-04-13 19:26:05,29.7,60.1,11.4,53.7,0.0,0.0,0.0
2026-04-13 19:26:10,29.8,60.1,15.0,53.7,0.0,0.0,0.0
2026-04-13 19:26:15,29.5,60.4,14.3,53.7,0.0,0.0,0.0
2026-04-13 19:26:20,29.7,60.4,11.7,53.7,0.0,0.0,0.0
2026-04-13 19:26:25,29.7,60.4,6.1,53.7,0.0,0.0,0.0
2026-04-13 19:26:30,29.6,60.3,10.9,53.7,0.0,0.0,0.0
2026-04-13 19:26:35,29.6,60.3,4.0,53.7,0.0,0.0,0.0
2026-04-13 19:26:40,29.6,60.4,6.5,53.7,0.0,0.0,0.0
2026-04-13 19:26:45,29.7,60.4,26.7,53.7,0.0,0.0,0.0
2026-04-13 19:26:50,29.7,60.5,13.9,53.7,0.0,0.0,0.0
2026-04-13 19:26:55,29.6,60.4,0.0,53.7,0.0,0.0,0.0
2026-04-13 19:27:00,29.7,60.4,0.7,53.7,0.0,0.0,0.0
2026-04-13 19:27:05,29.7,60.4,20.2,53.7,0.0,0.0,0.0
2026-04-13 19:27:10,29.6,60.5,16.9,53.7,0.0,0.0,0.0
2026-04-13 19:27:15,29.6,60.5,12.8,53.7,0.0,0.0,0.0
2026-04-13 19:27:20,29.4,60.4,23.5,53.7,0.0,0.0,0.0
2026-04-13 19:27:25,29.7,60.3,18.9,53.7,0.0,0.0,0.0
2026-04-13 19:27:30,29.6,60.3,13.9,53.7,0.0,0.0,0.0
2026-04-13 19:27:35,29.5,60.2,5.7,53.7,0.0,0.0,0.0
2026-04-13 19:27:40,29.6,60.3,18.6,53.7,0.0,0.0,0.0
2026-04-13 19:27:45,29.6,60.3,28.3,53.7,0.0,0.0,0.0
2026-04-13 19:27:50,29.6,60.4,5.4,53.7,0.0,0.0,0.0
2026-04-13 19:27:55,29.6,60.4,0.0,53.8,0.0,0.0,0.0
2026-04-13 19:28:00,29.7,60.2,15.7,53.8,0.0,0.0,0.0
2026-04-13 19:28:05,29.7,60.1,13.9,53.8,0.0,0.0,0.0
2026-04-13 19:28:10,29.6,60.0,14.2,53.7,0.0,0.0,0.0
2026-04-13 19:28:15,29.6,60.0,0.0,53.7,0.0,0.0,0.0
2026-04-13 19:28:20,29.7,60.1,48.6,53.7,0.0,0.0,0.0
2026-04-13 19:28:25,29.4,60.0,24.1,53.7,0.0,0.0,0.0
2026-04-13 19:28:30,29.5,60.1,24.0,53.7,0.0,0.0,0.0
2026-04-13 19:28:35,29.5,60.2,15.7,53.7,0.0,0.0,0.0
2026-04-13 19:28:40,29.7,60.2,10.8,53.7,0.0,0.0,0.0
2026-04-13 19:28:45,29.7,60.3,6.0,53.7,0.0,0.0,0.0
2026-04-13 19:28:50,29.5,60.2,27.1,53.7,0.0,0.0,0.0
2026-04-13 19:28:55,29.5,60.2,6.1,53.7,0.0,0.0,0.0
2026-04-13 19:29:00,29.5,60.2,13.4,53.7,0.0,0.0,0.0
2026-04-13 19:29:05,29.6,60.3,0.0,53.7,0.0,0.0,0.0
2026-04-13 19:29:10,29.7,60.4,20.8,53.7,0.0,0.0,0.0
2026-04-13 19:29:15,29.6,60.5,15.5,53.7,0.0,0.0,0.0
2026-04-13 19:29:20,29.6,60.4,13.3,53.7,0.0,0.0,0.0
2026-04-13 19:29:25,29.6,60.3,12.2,53.8,0.0,0.0,0.0
2026-04-13 19:29:30,29.6,60.2,0.0,53.8,0.0,0.0,0.0
2026-04-13 19:29:35,29.6,60.1,28.6,53.7,0.0,0.0,0.0
2026-04-13 19:29:40,29.6,60.2,3.7,53.7,0.0,0.0,0.0
2026-04-13 19:29:45,29.5,60.1,28.0,53.7,0.0,0.0,0.0
2026-04-13 19:29:50,29.6,60.1,12.6,53.7,0.0,0.0,0.0
2026-04-13 19:29:55,29.6,60.1,8.6,53.7,0.0,0.0,0.0
2026-04-13 19:30:00,29.5,60.0,16.1,53.7,0.0,0.0,0.0
2026-04-13 19:30:05,29.5,60.1,20.3,53.7,0.0,0.0,0.0
2026-04-13 19:30:10,29.6,59.9,23.8,53.7,0.0,0.0,0.0
2026-04-13 19:30:15,29.6,59.8,10.6,53.7,0.0,0.0,0.0
2026-04-13 19:30:20,29.6,59.8,8.6,53.7,0.0,0.0,0.0
2026-04-13 19:30:25,29.5,59.9,14.5,53.7,0.0,0.0,0.0
2026-04-13 19:30:30,29.7,59.8,25.8,53.7,0.0,0.0,0.0
2026-04-13 19:30:35,29.6,60.0,0.0,53.7,0.0,0.0,0.0
2026-04-13 19:30:40,29.6,59.9,4.0,53.7,0.0,0.0,0.0
2026-04-13 19:30:45,29.6,59.8,13.2,53.7,0.0,0.0,0.0
2026-04-13 19:30:50,29.5,59.8,20.6,53.7,0.0,0.0,0.0
2026-04-13 19:30:55,29.5,59.6,3.0,53.7,0.0,0.0,0.0
2026-04-13 19:31:00,29.6,59.7,8.3,53.7,0.0,0.0,0.0
2026-04-13 19:31:05,29.5,59.9,7.6,53.7,0.0,0.0,0.0
2026-04-13 19:31:10,29.6,59.9,19.6,53.7,0.0,0.0,0.0
2026-04-13 19:31:15,29.5,60.1,17.0,53.7,0.0,0.0,0.0
2026-04-13 19:31:20,29.6,60.0,9.7,53.7,0.0,0.0,0.0
2026-04-13 19:31:25,29.4,60.0,26.5,53.7,0.0,0.0,0.0
2026-04-13 19:31:30,29.6,59.9,8.0,53.7,0.0,0.0,0.0
2026-04-13 19:31:35,29.5,60.1,8.6,53.7,0.0,0.0,0.0
2026-04-13 19:31:40,29.5,60.2,23.5,53.7,0.0,0.0,0.0
2026-04-13 19:31:45,29.7,60.2,26.3,53.7,0.0,0.0,0.0
2026-04-13 19:31:50,29.6,60.3,35.0,53.7,0.0,0.0,0.0
2026-04-13 19:31:55,29.7,60.3,2.5,53.7,0.0,0.0,0.0
2026-04-13 19:32:00,29.5,60.3,27.0,53.7,0.0,0.0,0.0
2026-04-13 19:32:05,29.7,60.3,18.5,53.7,0.0,0.0,0.0
2026-04-13 19:32:10,29.6,60.2,5.5,53.7,0.0,0.0,0.0
2026-04-13 19:32:15,29.6,60.2,31.0,53.8,0.0,0.0,0.0
2026-04-13 19:32:20,29.6,60.3,26.8,53.8,0.0,0.0,0.0
2026-04-13 19:32:25,29.5,60.2,7.9,53.7,0.0,0.0,0.0
2026-04-13 19:32:30,29.6,60.3,14.4,53.7,0.0,0.0,0.0
2026-04-13 19:32:35,29.4,60.3,0.0,53.7,0.0,0.0,0.0
2026-04-13 19:32:40,29.6,60.4,31.6,53.7,0.0,0.0,0.0
2026-04-13 19:32:45,29.4,60.5,7.5,53.7,0.0,0.0,0.0
2026-04-13 19:32:50,29.5,60.4,35.3,53.7,0.0,0.0,0.0
2026-04-13 19:32:55,29.7,60.2,17.4,53.7,0.0,0.0,0.0
2026-04-13 19:33:00,29.5,60.3,0.0,53.7,0.0,0.0,0.0
2026-04-13 19:33:05,29.5,60.4,27.6,53.7,0.0,0.0,0.0
2026-04-13 19:33:10,29.5,60.3,9.1,53.7,0.0,0.0,0.0
2026-04-13 19:33:15,29.6,60.2,25.6,53.7,0.0,0.0,0.0
2026-04-13 19:33:20,29.6,60.2,17.2,53.7,0.0,0.0,0.0
2026-04-13 19:33:25,29.4,60.2,19.3,53.7,0.0,0.0,0.0
2026-04-13 19:33:30,29.6,60.2,29.0,53.7,0.0,0.0,0.0
2026-04-13 19:33:35,29.6,60.1,19.2,53.7,0.0,0.0,0.0
2026-04-13 19:33:40,29.6,60.3,0.0,53.7,0.0,0.0,0.0
2026-04-13 19:33:45,29.4,60.2,17.0,53.7,0.0,0.0,0.0
2026-04-13 19:33:50,29.5,60.3,23.3,53.7,0.0,0.0,0.0
2026-04-13 19:33:55,29.6,60.1,17.5,53.7,0.0,0.0,0.0
2026-04-13 19:34:00,29.7,60.1,21.2,53.7,0.0,0.0,0.0
2026-04-13 19:34:05,29.7,60.0,20.0,53.7,0.0,0.0,0.0
2026-04-13 19:34:10,29.5,60.1,24.7,53.7,0.0,0.0,0.0
2026-04-13 19:34:15,29.6,60.1,30.8,53.7,0.0,0.0,0.0
2026-04-13 19:34:20,29.7,59.8,0.0,53.8,0.0,0.0,0.0
2026-04-13 19:34:25,29.7,59.8,29.0,53.8,0.0,0.0,0.0
2026-04-13 19:34:30,29.7,59.9,25.7,53.8,0.0,0.0,0.0
2026-04-13 19:34:35,29.6,59.9,26.5,53.8,0.0,0.0,0.0
2026-04-13 19:34:40,29.8,59.9,18.3,53.8,0.0,0.0,0.0
2026-04-13 19:34:45,29.5,59.9,19.2,53.8,0.0,0.0,0.0
2026-04-13 19:34:50,29.5,59.9,21.7,53.7,0.0,0.0,0.0
2026-04-13 19:34:55,29.6,59.9,6.9,53.7,0.0,0.0,0.0
2026-04-13 19:35:00,29.6,60.0,10.7,53.7,0.0,0.0,0.0
2026-04-13 19:35:05,29.5,60.1,11.5,53.7,0.0,0.0,0.0
2026-04-13 19:35:10,29.5,60.1,1.8,53.7,0.0,0.0,0.0
2026-04-13 19:35:15,29.5,60.1,26.0,53.7,0.0,0.0,0.0
2026-04-13 19:35:20,29.6,60.2,18.8,53.7,0.0,0.0,0.0
2026-04-13 19:35:25,29.7,60.1,42.9,53.7,0.0,0.0,0.0
2026-04-13 19:35:30,29.5,60.2,0.0,53.7,0.0,0.0,0.0
2026-04-13 19:35:35,29.6,60.4,11.6,53.8,0.0,0.0,0.0
2026-04-13 19:35:40,29.5,60.3,27.7,53.8,0.0,0.0,0.0
2026-04-13 19:35:45,29.5,60.4,2.6,53.8,0.0,0.0,0.0
2026-04-13 19:35:50,29.6,60.5,7.0,53.7,0.0,0.0,0.0
2026-04-13 19:35:55,29.5,60.6,10.8,53.7,0.0,0.0,0.0
2026-04-13 19:36:00,29.7,60.6,7.6,53.7,0.0,0.0,0.0
2026-04-13 19:36:05,29.6,60.4,0.0,53.7,0.0,0.0,0.0
2026-04-13 19:36:10,29.6,60.4,10.3,53.7,0.0,0.0,0.0
2026-04-13 19:36:15,29.6,60.4,29.7,53.7,0.0,0.0,0.0
2026-04-13 19:36:20,29.6,60.4,22.4,53.7,0.0,0.0,0.0
2026-04-13 19:36:25,29.5,60.2,28.0,53.7,0.0,0.0,0.0
2026-04-13 19:36:30,29.5,60.1,23.1,53.7,0.0,0.0,0.0
2026-04-13 19:36:35,29.4,60.1,20.2,53.7,0.0,0.0,0.0
2026-04-13 19:36:40,29.6,60.1,0.8,53.7,0.0,0.0,0.0
2026-04-13 19:36:45,29.5,60.1,20.8,53.7,0.0,0.0,0.0
2026-04-13 19:36:50,29.5,60.1,8.1,53.7,0.0,0.0,0.0
2026-04-13 19:36:55,29.6,60.1,7.5,53.7,0.0,0.0,0.0
2026-04-13 19:37:00,29.7,60.2,35.5,53.7,0.0,0.0,0.0
2026-04-13 19:37:05,29.5,60.2,15.4,53.7,0.0,0.0,0.0
2026-04-13 19:37:10,29.5,60.1,0.4,53.7,0.0,0.0,0.0
2026-04-13 19:37:15,29.7,60.1,13.0,53.7,0.0,0.0,0.0
2026-04-13 19:37:20,29.6,60.0,17.5,53.8,0.0,0.0,0.0
2026-04-13 19:37:25,29.5,60.2,25.2,53.8,0.0,0.0,0.0
2026-04-13 19:37:30,29.6,60.2,17.6,53.8,0.0,0.0,0.0
2026-04-13 19:37:35,29.6,60.3,26.9,53.7,0.0,0.0,0.0
2026-04-13 19:37:40,29.5,60.2,18.2,53.7,0.0,0.0,0.0
2026-04-13 19:37:45,29.6,60.2,17.6,53.7,0.0,0.0,0.0
2026-04-13 19:37:50,29.6,60.2,16.5,53.7,0.0,0.0,0.0
2026-04-13 19:37:55,29.6,60.2,9.5,53.7,0.0,0.0,0.0
2026-04-13 19:38:00,29.5,60.3,36.8,53.7,0.0,0.0,0.0
2026-04-13 19:38:05,29.5,60.4,12.0,53.7,0.0,0.0,0.0
2026-04-13 19:38:10,29.5,60.4,7.0,53.7,0.0,0.0,0.0
2026-04-13 19:38:15,29.5,60.5,13.0,53.7,0.0,0.0,0.0
2026-04-13 19:38:20,29.6,60.3,4.4,53.7,0.0,0.0,0.0
2026-04-13 19:38:25,29.7,60.2,13.7,53.7,0.0,0.0,0.0
2026-04-13 19:38:30,29.6,60.3,5.0,53.7,0.0,0.0,0.0
2026-04-13 19:38:35,29.6,60.3,11.7,53.7,0.0,0.0,0.0
2026-04-13 19:38:40,29.5,60.5,19.8,53.7,0.0,0.0,0.0
2026-04-13 19:38:45,29.6,60.5,0.0,53.7,0.0,0.0,0.0
2026-04-13 19:38:50,29.5,60.4,11.2,53.7,0.0,0.0,0.0
2026-04-13 19:38:55,29.5,60.3,0.0,53.7,0.0,0.0,0.0
2026-04-13 19:39:00,29.6,60.3,5.0,53.7,0.0,0.0,0.0
2026-04-13 19:39:05,29.6,60.2,27.1,53.7,0.0,0.0,0.0
2026-04-13 19:39:10,29.6,60.0,19.9,53.8,0.0,0.0,0.0
2026-04-13 19:39:15,29.5,60.1,25.9,53.8,0.0,0.0,0.0
2026-04-13 19:39:20,29.7,60.0,17.3,53.8,0.0,0.0,0.0
2026-04-13 19:39:25,29.6,60.1,18.4,53.8,0.0,0.0,0.0
2026-04-13 19:39:30,29.7,60.2,23.0,53.7,0.0,0.0,0.0
2026-04-13 19:39:35,29.5,60.3,9.2,53.7,0.0,0.0,0.0
2026-04-13 19:39:40,29.6,60.3,0.0,53.7,0.0,0.0,0.0
2026-04-13 19:39:45,29.5,60.3,5.7,53.7,0.0,0.0,0.0
2026-04-13 19:39:50,29.6,60.3,22.0,53.7,0.0,0.0,0.0
2026-04-13 19:39:55,29.5,60.1,20.1,53.7,0.0,0.0,0.0
2026-04-13 19:40:00,29.5,60.3,7.9,53.7,0.0,0.0,0.0
2026-04-13 19:40:05,29.4,60.2,18.1,53.7,0.0,0.0,0.0
2026-04-13 19:40:10,29.6,60.2,24.7,53.8,0.0,0.0,0.0
2026-04-13 19:40:15,29.6,60.2,17.1,53.8,0.0,0.0,0.0
2026-04-13 19:40:20,29.4,60.2,11.5,53.7,0.0,0.0,0.0
2026-04-13 19:40:25,29.5,60.3,2.4,53.7,0.0,0.0,0.0
2026-04-13 19:40:30,29.4,60.3,24.3,53.7,0.0,0.0,0.0
2026-04-13 19:40:35,29.5,60.3,21.4,53.7,0.0,0.0,0.0
2026-04-13 19:40:40,29.5,60.3,18.0,53.7,0.0,0.0,0.0
2026-04-13 19:40:45,29.6,60.2,19.5,53.7,0.0,0.0,0.0
2026-04-13 19:40:50,29.5,60.3,16.8,53.7,0.0,0.0,0.0
2026-04-13 19:40:55,29.6,60.3,15.3,53.7,0.0,0.0,0.0
2026-04-13 19:41:00,29.6,60.2,18.8,53.7,0.0,0.0,0.0
2026-04-13 19:41:05,29.4,60.3,5.1,53.7,0.0,0.0,0.0
2026-04-13 19:41:10,29.5,60.4,0.0,53.7,0.0,0.0,0.0
2026-04-13 19:41:15,29.5,60.3,16.5,53.7,0.0,0.0,0.0
2026-04-13 19:41:20,29.5,60.1,6.5,53.7,0.0,0.0,0.0
2026-04-13 19:41:25,29.4,60.2,4.8,53.7,0.0,0.0,0.0
2026-04-13 19:41:30,29.6,60.1,5.6,53.7,0.0,0.0,0.0
2026-04-13 19:41:35,29.4,60.2,0.0,53.7,0.0,0.0,0.0
2026-04-13 19:41:40,29.5,60.1,16.5,53.7,0.0,0.0,0.0
2026-04-13 19:41:45,29.5,60.2,10.5,53.7,0.0,0.0,0.0
2026-04-13 19:41:50,29.4,60.4,0.0,53.7,0.0,0.0,0.0
2026-04-13 19:41:55,29.4,60.4,0.0,53.7,0.0,0.0,0.0
2026-04-13 19:42:00,29.5,60.4,3.5,53.7,0.0,0.0,0.0
2026-04-13 19:42:05,29.4,60.6,9.2,53.7,0.0,0.0,0.0
2026-04-13 19:42:10,29.5,60.6,37.2,53.7,0.0,0.0,0.0
2026-04-13 19:42:15,29.5,60.8,2.6,53.7,0.0,0.0,0.0
2026-04-13 19:42:20,29.6,60.8,19.5,53.7,0.0,0.0,0.0
2026-04-13 19:42:25,29.5,60.8,32.8,53.7,0.0,0.0,0.0
2026-04-13 19:42:30,29.5,60.8,17.2,53.7,0.0,0.0,0.0
2026-04-13 19:42:35,29.6,60.8,18.3,53.7,0.0,0.0,0.0
2026-04-13 19:42:40,29.5,60.8,4.7,53.7,0.0,0.0,0.0
2026-04-13 19:42:45,29.5,60.8,8.1,53.7,0.0,0.0,0.0
2026-04-13 19:42:50,29.4,60.8,2.3,53.7,0.0,0.0,0.0
2026-04-13 19:42:55,29.5,60.8,17.7,53.7,0.0,0.0,0.0
2026-04-13 19:43:00,29.4,60.6,25.1,53.7,0.0,0.0,0.0
2026-04-13 19:43:05,29.4,60.7,16.1,53.7,0.0,0.0,0.0
2026-04-13 19:43:10,29.5,60.8,8.2,53.7,0.0,0.0,0.0
2026-04-13 19:43:15,29.5,60.8,25.7,53.7,0.0,0.0,0.0
2026-04-13 19:43:20,29.5,60.7,7.9,53.7,0.0,0.0,0.0
2026-04-13 19:43:25,29.3,60.6,25.5,53.7,0.0,0.0,0.0
2026-04-13 19:43:30,29.5,60.7,11.9,53.7,0.0,0.0,0.0
2026-04-13 19:43:35,29.5,60.8,33.9,53.7,0.0,0.0,0.0
2026-04-13 19:43:40,29.4,60.7,19.0,53.7,0.0,0.0,0.0
2026-04-13 19:43:45,29.5,60.7,11.5,53.7,0.0,0.0,0.0
2026-04-13 19:43:50,29.4,60.6,8.3,53.7,0.0,0.0,0.0
2026-04-13 19:43:55,29.5,60.6,15.3,53.7,0.0,0.0,0.0
2026-04-13 19:44:00,29.5,60.6,0.0,53.7,0.0,0.0,0.0
2026-04-13 19:44:05,29.4,60.7,15.5,53.7,0.0,0.0,0.0
2026-04-13 19:44:10,29.5,60.6,35.9,53.7,0.0,0.0,0.0
2026-04-13 19:44:15,29.5,60.6,22.9,53.8,0.0,0.0,0.0
2026-04-13 19:44:20,29.5,60.6,22.0,53.8,0.0,0.0,0.0
2026-04-13 19:44:25,29.6,60.6,2.8,53.8,0.0,0.0,0.0
2026-04-13 19:44:30,29.5,60.6,20.7,53.8,0.0,0.0,0.0
2026-04-13 19:44:35,29.3,60.5,4.4,53.8,0.0,0.0,0.0
2026-04-13 19:44:40,29.5,60.7,32.9,53.8,0.0,0.0,0.0
2026-04-13 19:44:45,29.3,60.8,33.3,53.7,0.0,0.0,0.0
2026-04-13 19:44:50,29.4,60.7,14.2,53.7,0.0,0.0,0.0
2026-04-13 19:44:55,29.4,60.6,18.7,53.7,0.0,0.0,0.0
2026-04-13 19:45:00,29.4,60.6,22.0,53.7,0.0,0.0,0.0
2026-04-13 19:45:05,29.5,60.6,15.7,53.7,0.0,0.0,0.0
2026-04-13 19:45:10,29.4,60.7,11.4,53.7,0.0,0.0,0.0
2026-04-13 19:45:15,29.4,60.7,15.5,53.7,0.0,0.0,0.0
2026-04-13 19:45:20,29.4,60.8,14.2,53.7,0.0,0.0,0.0
2026-04-13 19:45:25,29.6,60.7,15.6,53.7,0.0,0.0,0.0
2026-04-13 19:45:30,29.5,60.6,1.3,53.7,0.0,0.0,0.0
2026-04-13 19:45:35,29.3,60.5,9.5,53.7,0.0,0.0,0.0
2026-04-13 19:45:40,29.4,60.5,0.3,53.7,0.0,0.0,0.0
2026-04-13 19:45:45,29.5,60.4,16.3,53.7,0.0,0.0,0.0
2026-04-13 19:45:50,29.6,60.4,0.0,53.7,0.0,0.0,0.0
2026-04-13 19:45:55,29.5,60.3,0.0,53.7,0.0,0.0,0.0
2026-04-13 19:46:00,29.4,60.3,7.6,53.7,0.0,0.0,0.0
2026-04-13 19:46:05,29.5,60.4,1.2,53.7,0.0,0.0,0.0
2026-04-13 19:46:10,29.4,60.4,20.7,53.7,0.0,0.0,0.0
2026-04-13 19:46:15,29.4,60.4,17.9,53.7,0.0,0.0,0.0
2026-04-13 19:46:20,29.5,60.4,30.5,53.7,0.0,0.0,0.0
2026-04-13 19:46:25,29.4,60.4,29.1,53.7,0.0,0.0,0.0
2026-04-13 19:46:30,29.4,60.4,16.3,53.7,0.0,0.0,0.0
2026-04-13 19:46:35,29.4,60.4,3.7,53.7,0.0,0.0,0.0
2026-04-13 19:46:40,29.6,60.3,0.3,53.7,0.0,0.0,0.0
2026-04-13 19:46:45,29.4,60.5,15.4,53.7,0.0,0.0,0.0
2026-04-13 19:46:50,29.5,60.3,3.8,53.7,0.0,0.0,0.0
2026-04-13 19:46:55,29.4,60.4,32.2,53.7,0.0,0.0,0.0
2026-04-13 19:47:00,29.5,60.4,9.0,53.7,0.0,0.0,0.0
2026-04-13 19:47:05,29.4,60.4,13.4,53.7,0.0,0.0,0.0
2026-04-13 19:47:10,29.5,60.5,18.3,53.7,0.0,0.0,0.0
2026-04-13 19:47:15,29.5,60.4,16.8,53.7,0.0,0.0,0.0
2026-04-13 19:47:20,29.4,60.6,21.1,53.7,0.0,0.0,0.0
2026-04-13 19:47:25,29.4,60.5,7.3,53.7,0.0,0.0,0.0
2026-04-13 19:47:30,29.5,60.6,2.0,53.7,0.0,0.0,0.0
2026-04-13 19:47:35,29.4,60.6,48.8,53.7,0.0,0.0,0.0
2026-04-13 19:47:40,29.5,60.7,17.2,53.7,0.0,0.0,0.0
2026-04-13 19:47:45,29.4,60.7,4.5,53.7,0.0,0.0,0.0
2026-04-13 19:47:50,29.3,60.8,15.0,53.7,0.0,0.0,0.0
2026-04-13 19:47:55,29.4,60.9,30.8,53.7,0.0,0.0,0.0
2026-04-13 19:48:00,29.4,60.8,12.2,53.7,0.0,0.0,0.0
2026-04-13 19:48:05,29.3,60.8,0.0,53.7,0.0,0.0,0.0
2026-04-13 19:48:10,29.3,60.9,0.0,53.7,0.0,0.0,0.0
2026-04-13 19:48:15,29.4,60.9,13.9,53.7,0.0,0.0,0.0
2026-04-13 19:48:20,29.5,60.9,29.2,53.7,0.0,0.0,0.0
2026-04-13 19:48:25,29.5,60.7,14.7,53.7,0.0,0.0,0.0
2026-04-13 19:48:30,29.4,60.7,29.2,53.7,0.0,0.0,0.0
2026-04-13 19:48:35,29.5,60.5,17.1,53.7,0.0,0.0,0.0
2026-04-13 19:48:40,29.5,60.6,12.9,53.7,0.0,0.0,0.0
2026-04-13 19:48:45,29.4,60.5,17.2,53.7,0.0,0.0,0.0
2026-04-13 19:48:50,29.5,60.5,5.4,53.7,0.0,0.0,0.0
2026-04-13 19:48:55,29.5,60.5,2.4,53.7,0.0,0.0,0.0
2026-04-13 19:49:00,29.3,60.4,1.3,53.7,0.0,0.0,0.0
2026-04-13 19:49:05,29.4,60.5,25.6,53.7,0.0,0.0,0.0
2026-04-13 19:49:10,29.4,60.5,7.9,53.7,0.0,0.0,0.0
2026-04-13 19:49:15,29.4,60.5,0.0,53.7,0.0,0.0,0.0
2026-04-13 19:49:20,29.3,60.6,0.0,53.8,0.0,0.0,0.0
2026-04-13 19:49:25,29.3,60.5,19.3,53.8,0.0,0.0,0.0
2026-04-13 19:49:30,29.5,60.6,0.0,53.7,0.0,0.0,0.0
2026-04-13 19:49:35,29.4,60.5,23.3,53.7,0.0,0.0,0.0
2026-04-13 19:49:40,29.4,60.6,2.1,53.7,0.0,0.0,0.0
2026-04-13 19:49:45,29.5,60.5,19.7,53.7,0.0,0.0,0.0
2026-04-13 19:49:50,29.4,60.6,25.7,53.7,0.0,0.0,0.0
2026-04-13 19:49:55,29.6,60.6,3.8,53.7,0.0,0.0,0.0
2026-04-13 19:50:00,29.4,60.6,27.5,53.7,0.0,0.0,0.0
2026-04-13 19:50:05,29.4,60.6,3.9,53.7,0.0,0.0,0.0
2026-04-13 19:50:10,29.5,60.6,0.0,53.7,0.0,0.0,0.0
2026-04-13 19:50:15,29.5,60.6,22.7,53.7,0.0,0.0,0.0
2026-04-13 19:50:20,29.4,60.6,7.3,53.7,0.0,0.0,0.0
2026-04-13 19:50:25,29.4,60.5,5.3,53.7,0.0,0.0,0.0
2026-04-13 19:50:30,29.5,60.5,19.5,53.7,0.0,0.0,0.0
2026-04-13 19:50:35,29.4,60.7,9.0,53.7,0.0,0.0,0.0
2026-04-13 19:50:40,29.4,60.8,22.1,53.7,0.0,0.0,0.0
2026-04-13 19:50:45,29.6,60.8,24.0,53.7,0.0,0.0,0.0
2026-04-13 19:50:50,29.4,60.8,19.8,53.7,0.0,0.0,0.0
2026-04-13 19:50:55,29.3,60.8,23.6,53.8,0.0,0.0,0.0
2026-04-13 19:51:00,29.5,60.7,5.4,53.8,0.0,0.0,0.0
2026-04-13 19:51:05,29.5,60.7,17.5,53.8,0.0,0.0,0.0
2026-04-13 19:51:10,29.5,60.7,7.1,53.8,0.0,0.0,0.0
2026-04-13 19:51:15,29.4,60.8,24.8,53.8,0.0,0.0,0.0
2026-04-13 19:51:20,29.5,60.7,10.8,53.7,0.0,0.0,0.0
2026-04-13 19:51:25,29.3,60.7,40.5,53.7,0.0,0.0,0.0
2026-04-13 19:51:30,29.4,60.8,3.1,53.7,0.0,0.0,0.0
2026-04-13 19:51:35,29.5,60.7,5.4,53.7,0.0,0.0,0.0
2026-04-13 19:51:40,29.4,60.7,27.8,53.7,0.0,0.0,0.0
2026-04-13 19:51:45,29.4,60.6,0.0,53.7,0.0,0.0,0.0
2026-04-13 19:51:50,29.5,60.7,15.5,53.7,0.0,0.0,0.0
2026-04-13 19:51:55,29.5,60.7,12.3,53.7,0.0,0.0,0.0
2026-04-13 19:52:00,29.3,60.8,17.9,53.7,0.0,0.0,0.0
2026-04-13 19:52:05,29.4,60.7,21.4,53.7,0.0,0.0,0.0
2026-04-13 19:52:10,29.4,60.7,24.1,53.7,0.0,0.0,0.0
2026-04-13 19:52:15,29.5,60.5,21.3,53.7,0.0,0.0,0.0
2026-04-13 19:52:20,29.5,60.6,16.7,53.8,0.0,0.0,0.0
2026-04-13 19:52:25,29.5,60.6,3.4,53.8,0.0,0.0,0.0
2026-04-13 19:52:30,29.6,60.6,10.4,53.8,0.0,0.0,0.0
2026-04-13 19:52:35,29.5,60.6,9.1,53.8,0.0,0.0,0.0
2026-04-13 19:52:40,29.4,60.6,23.7,53.7,0.0,0.0,0.0
2026-04-13 19:52:45,29.4,60.8,1.2,53.7,0.0,0.0,0.0
2026-04-13 19:52:50,29.5,60.8,21.0,53.8,0.0,0.0,0.0
2026-04-13 19:52:55,29.5,60.8,25.2,53.8,0.0,0.0,0.0
2026-04-13 19:53:00,29.4,60.8,0.0,53.8,0.0,0.0,0.0
2026-04-13 19:53:05,29.4,60.7,8.2,53.8,0.0,0.0,0.0
2026-04-13 19:53:10,29.4,60.5,9.6,53.8,0.0,0.0,0.0
2026-04-13 19:53:15,29.4,60.4,2.4,53.7,0.0,0.0,0.0
2026-04-13 19:53:20,29.4,60.4,21.4,53.7,0.0,0.0,0.0
2026-04-13 19:53:25,29.5,60.3,18.3,53.7,0.0,0.0,0.0
2026-04-13 19:53:30,29.4,60.2,4.8,53.7,0.0,0.0,0.0
2026-04-13 19:53:35,29.4,60.4,9.1,53.7,0.0,0.0,0.0
2026-04-13 19:53:40,29.5,60.4,8.6,53.7,0.0,0.0,0.0
2026-04-13 19:53:45,29.4,60.4,29.8,53.7,0.0,0.0,0.0
2026-04-13 19:53:50,29.5,60.4,0.0,53.7,0.0,0.0,0.0
2026-04-13 19:53:55,29.5,60.4,13.9,53.7,0.0,0.0,0.0
2026-04-13 19:54:00,29.6,60.4,10.6,53.7,0.0,0.0,0.0
2026-04-13 19:54:05,29.5,60.3,19.7,53.7,0.0,0.0,0.0
2026-04-13 19:54:10,29.4,60.3,11.9,53.7,0.0,0.0,0.0
2026-04-13 19:54:15,29.5,60.2,13.6,53.7,0.0,0.0,0.0
2026-04-13 19:54:20,29.4,60.3,0.0,53.7,0.0,0.0,0.0
2026-04-13 19:54:25,29.4,60.5,6.7,53.7,0.0,0.0,0.0
2026-04-13 19:54:30,29.4,60.6,20.4,53.7,0.0,0.0,0.0
2026-04-13 19:54:35,29.4,60.5,21.4,53.7,0.0,0.0,0.0
2026-04-13 19:54:40,29.5,60.5,31.4,53.7,0.0,0.0,0.0
2026-04-13 19:54:45,29.5,60.4,24.2,53.7,0.0,0.0,0.0
2026-04-13 19:54:50,29.3,60.5,16.0,53.7,0.0,0.0,0.0
2026-04-13 19:54:55,29.4,60.5,15.2,53.7,0.0,0.0,0.0
2026-04-13 19:55:00,29.4,60.4,3.2,53.7,0.0,0.0,0.0
2026-04-13 19:55:05,29.6,60.3,25.2,53.7,0.0,0.0,0.0
2026-04-13 19:55:10,29.5,60.4,22.8,53.7,0.0,0.0,0.0
2026-04-13 19:55:15,29.4,60.4,39.9,53.7,0.0,0.0,0.0
2026-04-13 19:55:20,29.4,60.3,7.7,53.7,0.0,0.0,0.0
2026-04-13 19:55:25,29.5,60.3,26.8,53.7,0.0,0.0,0.0
2026-04-13 19:55:30,29.4,60.3,13.6,53.8,0.0,0.0,0.0
2026-04-13 19:55:35,29.5,60.3,4.6,53.8,0.0,0.0,0.0
2026-04-13 19:55:40,29.4,60.3,6.3,53.8,0.0,0.0,0.0
2026-04-13 19:55:45,29.5,60.2,5.6,53.8,0.0,0.0,0.0
2026-04-13 19:55:50,29.4,60.2,16.6,53.8,0.0,0.0,0.0
2026-04-13 19:55:55,29.4,60.2,17.6,53.7,0.0,0.0,0.0
2026-04-13 19:56:00,29.3,60.3,22.5,53.7,0.0,0.0,0.0
2026-04-13 19:56:05,29.3,60.1,27.1,53.7,0.0,0.0,0.0
2026-04-13 19:56:10,29.4,60.0,13.9,53.7,0.0,0.0,0.0
2026-04-13 19:56:15,29.5,60.0,12.4,53.7,0.0,0.0,0.0
2026-04-13 19:56:20,29.5,59.9,4.6,53.7,0.0,0.0,0.0
2026-04-13 19:56:25,29.4,59.9,13.7,53.7,0.0,0.0,0.0
2026-04-13 19:56:30,29.5,60.0,9.4,53.7,0.0,0.0,0.0
2026-04-13 19:56:35,29.5,60.0,24.9,53.7,0.0,0.0,0.0
2026-04-13 19:56:40,29.3,60.0,15.2,53.7,0.0,0.0,0.0
2026-04-13 19:56:45,29.3,60.0,7.4,53.8,0.0,0.0,0.0
2026-04-13 19:56:50,29.4,60.0,18.3,53.8,0.0,0.0,0.0
2026-04-13 19:56:55,29.4,60.0,13.5,53.8,0.0,0.0,0.0
2026-04-13 19:57:00,29.5,59.9,29.4,53.8,0.0,0.0,0.0
2026-04-13 19:57:05,29.4,59.9,26.6,53.8,0.0,0.0,0.0
2026-04-13 19:57:10,29.5,59.8,19.8,53.8,0.0,0.0,0.0
2026-04-13 19:57:15,29.4,59.8,22.0,53.8,0.0,0.0,0.0
2026-04-13 19:57:20,29.6,59.8,7.0,53.8,0.0,0.0,0.0
2026-04-13 19:57:25,29.5,59.9,4.4,53.8,0.0,0.0,0.0
2026-04-13 19:57:30,29.4,60.0,30.0,53.8,0.0,0.0,0.0
2026-04-13 19:57:35,29.4,60.0,18.3,53.8,0.0,0.0,0.0
2026-04-13 19:57:40,29.2,59.9,22.8,53.8,0.0,0.0,0.0
2026-04-13 19:57:45,29.5,60.1,14.1,53.8,0.0,0.0,0.0
2026-04-13 19:57:50,29.5,60.1,14.3,53.8,0.0,0.0,0.0
2026-04-13 19:57:55,29.5,60.0,4.6,53.8,0.0,0.0,0.0
2026-04-13 19:58:00,29.5,60.1,16.8,53.8,0.0,0.0,0.0
2026-04-13 19:58:05,29.5,60.1,23.0,53.8,0.0,0.0,0.0
2026-04-13 19:58:10,29.4,60.1,9.5,53.8,0.0,0.0,0.0
2026-04-13 19:58:15,29.4,60.0,39.4,53.8,0.0,0.0,0.0
2026-04-13 19:58:20,29.5,59.9,27.2,53.8,0.0,0.0,0.0
2026-04-13 19:58:25,29.5,60.0,16.6,53.8,0.0,0.0,0.0
2026-04-13 19:58:30,29.6,59.8,21.1,53.8,0.0,0.0,0.0
2026-04-13 19:58:35,29.4,59.8,25.6,53.8,0.0,0.0,0.0
2026-04-13 19:58:40,29.5,59.8,16.2,53.8,0.0,0.0,0.0
2026-04-13 19:58:45,29.5,59.9,26.4,53.8,0.0,0.0,0.0
2026-04-13 19:58:50,29.5,60.0,12.0,53.8,0.0,0.0,0.0
2026-04-13 19:58:55,29.5,60.1,15.6,53.8,0.0,0.0,0.0
2026-04-13 19:59:00,29.5,60.0,21.6,53.8,0.0,0.0,0.0
2026-04-13 19:59:05,29.5,60.0,6.2,53.8,0.0,0.0,0.0
2026-04-13 19:59:10,29.5,60.1,21.9,53.8,0.0,0.0,0.0
2026-04-13 19:59:15,29.4,60.1,30.7,53.8,0.0,0.0,0.0
2026-04-13 19:59:20,29.4,60.2,0.0,53.8,0.0,0.0,0.0
2026-04-13 19:59:25,29.5,60.2,19.1,53.8,0.0,0.0,0.0
2026-04-13 19:59:30,29.5,60.1,0.0,53.8,0.0,0.0,0.0
2026-04-13 19:59:35,29.5,60.0,4.7,53.8,0.0,0.0,0.0
2026-04-13 19:59:40,29.3,60.1,17.0,53.8,0.0,0.0,0.0
2026-04-13 19:59:45,29.4,60.0,3.2,53.8,0.0,0.0,0.0
2026-04-13 19:59:50,29.4,60.0,15.6,53.7,0.0,0.0,0.0
2026-04-13 19:59:55,29.5,60.1,20.6,53.7,0.0,0.0,0.0
