Timestamp,Temperature,Humidity,Light,Soil_Moisture,Drip,Mist,Fan
2026-04-16 17:00:03,31.1,51.6,160.6,54.2,0.0,0.0,0.0
2026-04-16 17:00:08,31.3,51.6,157.1,54.2,0.0,0.0,0.0
2026-04-16 17:00:13,31.3,51.6,168.4,54.2,0.0,0.0,0.0
2026-04-16 17:00:18,31.2,51.6,158.5,54.2,0.0,0.0,0.0
2026-04-16 17:00:23,31.2,51.6,164.6,54.2,0.0,0.0,0.0
2026-04-16 17:00:28,31.2,51.6,134.2,54.2,0.0,0.0,0.0
2026-04-16 17:00:33,31.1,51.6,139.3,54.2,0.0,0.0,0.0
2026-04-16 17:00:38,31.1,51.7,141.7,54.2,0.0,0.0,0.0
2026-04-16 17:00:43,31.2,51.6,151.4,54.2,0.0,0.0,0.0
2026-04-16 17:00:48,31.2,51.5,145.0,54.2,0.0,0.0,0.0
2026-04-16 17:00:53,31.1,51.7,135.8,54.2,0.0,0.0,0.0
2026-04-16 17:00:58,31.1,51.6,155.3,54.2,0.0,0.0,0.0
2026-04-16 17:01:03,31.2,51.6,154.5,54.2,0.0,0.0,0.0
2026-04-16 17:01:08,31.2,51.6,149.9,54.2,0.0,0.0,0.0
2026-04-16 17:01:13,31.2,51.6,155.1,54.1,0.0,0.0,0.0
2026-04-16 17:01:18,31.1,51.6,147.1,54.1,0.0,0.0,0.0
2026-04-16 17:01:23,31.2,51.5,159.5,54.1,0.0,0.0,0.0
2026-04-16 17:01:28,31.2,51.4,146.1,54.2,0.0,0.0,0.0
2026-04-16 17:01:33,31.1,51.4,153.6,54.2,0.0,0.0,0.0
2026-04-16 17:01:38,31.1,51.4,148.8,54.2,0.0,0.0,0.0
2026-04-16 17:01:43,31.1,51.3,151.6,54.2,0.0,0.0,0.0
2026-04-16 17:01:48,31.2,51.3,116.5,54.2,0.0,0.0,0.0
2026-04-16 17:01:53,31.2,51.2,149.5,54.2,0.0,0.0,0.0
2026-04-16 17:01:58,31.2,51.2,170.3,54.1,0.0,0.0,0.0
2026-04-16 17:02:03,31.3,51.4,152.3,54.1,0.0,0.0,0.0
2026-04-16 17:02:08,31.2,51.5,151.6,54.1,0.0,0.0,0.0
2026-04-16 17:02:13,31.2,51.6,143.7,54.1,0.0,0.0,0.0
2026-04-16 17:02:18,31.2,51.6,142.0,54.1,0.0,0.0,0.0
2026-04-16 17:02:23,31.3,51.5,168.3,54.1,0.0,0.0,0.0
2026-04-16 17:02:28,31.1,51.6,158.0,54.1,0.0,0.0,0.0
2026-04-16 17:02:33,31.2,51.5,147.9,54.1,0.0,0.0,0.0
2026-04-16 17:02:38,31.2,51.7,139.6,54.2,0.0,0.0,0.0
2026-04-16 17:02:43,31.2,51.8,137.0,54.2,0.0,0.0,0.0
2026-04-16 17:02:48,31.2,51.7,154.1,54.2,0.0,0.0,0.0
2026-04-16 17:02:53,31.1,51.7,126.8,54.1,0.0,0.0,0.0
2026-04-16 17:02:58,31.2,51.8,150.4,54.1,0.0,0.0,0.0
2026-04-16 17:03:03,31.3,51.9,152.4,54.1,0.0,0.0,0.0
2026-04-16 17:03:08,31.0,51.9,147.3,54.1,0.0,0.0,0.0
2026-04-16 17:03:13,31.4,52.0,120.3,54.1,0.0,0.0,0.0
2026-04-16 17:03:18,31.2,51.8,145.1,54.1,0.0,0.0,0.0
2026-04-16 17:03:23,31.3,52.0,122.5,54.1,0.0,0.0,0.0
2026-04-16 17:03:28,31.1,51.9,129.8,54.2,0.0,0.0,0.0
2026-04-16 17:03:33,31.2,52.0,129.0,54.2,0.0,0.0,0.0
2026-04-16 17:03:38,31.3,52.0,142.0,54.2,0.0,0.0,0.0
2026-04-16 17:03:43,31.2,52.0,128.2,54.2,0.0,0.0,0.0
2026-04-16 17:03:48,31.1,52.0,129.3,54.2,0.0,0.0,0.0
2026-04-16 17:03:53,31.3,52.0,138.4,54.2,0.0,0.0,0.0
2026-04-16 17:03:58,31.2,52.2,148.0,54.2,0.0,0.0,0.0
2026-04-16 17:04:03,31.2,52.1,161.2,54.2,0.0,0.0,0.0
2026-04-16 17:04:08,31.3,52.1,142.6,54.2,0.0,0.0,0.0
2026-04-16 17:04:13,31.2,52.1,150.3,54.2,0.0,0.0,0.0
2026-04-16 17:04:18,31.1,52.1,147.1,54.2,0.0,0.0,0.0
2026-04-16 17:04:23,31.2,52.2,133.9,54.2,0.0,0.0,0.0
2026-04-16 17:04:28,31.2,52.2,145.9,54.2,0.0,0.0,0.0
2026-04-16 17:04:33,31.2,52.2,117.3,54.1,0.0,0.0,0.0
2026-04-16 17:04:38,31.3,52.1,141.3,54.1,0.0,0.0,0.0
2026-04-16 17:04:43,31.3,52.0,130.9,54.1,0.0,0.0,0.0
2026-04-16 17:04:48,31.1,52.0,139.1,54.1,0.0,0.0,0.0
2026-04-16 17:04:53,31.3,52.0,135.7,54.1,0.0,0.0,0.0
2026-04-16 17:04:58,31.1,51.9,147.3,54.1,0.0,0.0,0.0
2026-04-16 17:05:03,31.2,51.8,147.5,54.1,0.0,0.0,0.0
2026-04-16 17:05:08,31.2,51.8,124.8,54.1,0.0,0.0,0.0
2026-04-16 17:05:13,31.1,51.9,118.4,54.2,0.0,0.0,0.0
2026-04-16 17:05:18,31.2,52.0,142.7,54.2,0.0,0.0,0.0
2026-04-16 17:05:23,31.3,51.9,136.1,54.1,0.0,0.0,0.0
2026-04-16 17:05:28,31.2,51.9,123.4,54.1,0.0,0.0,0.0
2026-04-16 17:05:33,31.2,52.0,144.5,54.1,0.0,0.0,0.0
2026-04-16 17:05:38,31.1,52.0,146.2,54.1,0.0,0.0,0.0
2026-04-16 17:05:43,31.1,52.0,140.2,54.2,0.0,0.0,0.0
2026-04-16 17:05:48,31.1,52.0,140.6,54.2,0.0,0.0,0.0
2026-04-16 17:05:53,31.3,51.8,137.5,54.1,0.0,0.0,0.0
2026-04-16 17:05:58,31.1,51.9,133.9,54.1,0.0,0.0,0.0
2026-04-16 17:06:03,31.2,51.9,141.4,54.2,0.0,0.0,0.0
2026-04-16 17:06:08,31.2,51.9,150.4,54.2,0.0,0.0,0.0
2026-04-16 17:06:13,31.1,52.1,137.3,54.2,0.0,0.0,0.0
2026-04-16 17:06:18,31.1,52.0,132.0,54.2,0.0,0.0,0.0
2026-04-16 17:06:23,31.1,52.0,128.5,54.2,0.0,0.0,0.0
2026-04-16 17:06:28,31.4,51.9,122.8,54.2,0.0,0.0,0.0
2026-04-16 17:06:33,31.1,52.0,140.0,54.2,0.0,0.0,0.0
2026-04-16 17:06:38,31.2,52.1,120.7,54.1,0.0,0.0,0.0
2026-04-16 17:06:43,31.1,52.0,120.3,54.1,0.0,0.0,0.0
2026-04-16 17:06:48,31.1,52.0,141.6,54.1,0.0,0.0,0.0
2026-04-16 17:06:53,31.2,52.1,124.7,54.1,0.0,0.0,0.0
2026-04-16 17:06:58,31.1,52.1,144.4,54.1,0.0,0.0,0.0
2026-04-16 17:07:03,31.2,52.1,122.6,54.1,0.0,0.0,0.0
2026-04-16 17:07:08,31.2,52.2,137.3,54.1,0.0,0.0,0.0
2026-04-16 17:07:13,31.1,52.2,129.2,54.2,0.0,0.0,0.0
2026-04-16 17:07:18,31.0,52.3,149.0,54.2,0.0,0.0,0.0
2026-04-16 17:07:23,30.9,52.4,127.6,54.2,0.0,0.0,0.0
2026-04-16 17:07:28,31.1,52.4,145.7,54.1,0.0,0.0,0.0
2026-04-16 17:07:33,31.2,52.2,131.4,54.1,0.0,0.0,0.0
2026-04-16 17:07:38,31.1,52.3,138.3,54.1,0.0,0.0,0.0
2026-04-16 17:07:43,31.1,52.2,131.4,54.1,0.0,0.0,0.0
2026-04-16 17:07:48,31.0,52.2,136.0,54.1,0.0,0.0,0.0
2026-04-16 17:07:53,31.0,52.2,130.8,54.1,0.0,0.0,0.0
2026-04-16 17:07:58,31.1,52.2,132.6,54.1,0.0,0.0,0.0
2026-04-16 17:08:03,31.1,52.2,121.4,54.1,0.0,0.0,0.0
2026-04-16 17:08:08,31.0,52.2,139.5,54.1,0.0,0.0,0.0
2026-04-16 17:08:13,31.0,52.3,134.6,54.1,0.0,0.0,0.0
2026-04-16 17:08:18,31.1,52.4,131.3,54.1,0.0,0.0,0.0
2026-04-16 17:08:23,31.1,52.4,127.5,54.1,0.0,0.0,0.0
2026-04-16 17:08:28,31.2,52.5,127.4,54.1,0.0,0.0,0.0
2026-04-16 17:08:33,31.1,52.4,119.0,54.1,0.0,0.0,0.0
2026-04-16 17:08:38,31.0,52.4,110.2,54.1,0.0,0.0,0.0
2026-04-16 17:08:43,31.3,52.5,119.4,54.2,0.0,0.0,0.0
2026-04-16 17:08:48,31.1,52.6,121.4,54.2,0.0,0.0,0.0
2026-04-16 17:08:53,31.2,52.8,125.9,54.2,0.0,0.0,0.0
2026-04-16 17:08:58,31.2,52.6,123.7,54.1,0.0,0.0,0.0
2026-04-16 17:09:03,31.0,52.6,124.5,54.1,0.0,0.0,0.0
2026-04-16 17:09:08,31.3,52.7,127.6,54.1,0.0,0.0,0.0
2026-04-16 17:09:13,31.0,52.5,117.8,54.1,0.0,0.0,0.0
2026-04-16 17:09:18,31.2,52.6,144.3,54.1,0.0,0.0,0.0
2026-04-16 17:09:23,31.0,52.7,128.6,54.1,0.0,0.0,0.0
2026-04-16 17:09:28,31.0,52.7,116.0,54.2,0.0,0.0,0.0
2026-04-16 17:09:33,31.2,52.7,123.5,54.2,0.0,0.0,0.0
2026-04-16 17:09:38,30.9,52.7,120.2,54.1,0.0,0.0,0.0
2026-04-16 17:09:43,31.0,52.7,134.1,54.1,0.0,0.0,0.0
2026-04-16 17:09:48,31.1,52.7,110.9,54.1,0.0,0.0,0.0
2026-04-16 17:09:53,31.3,52.8,116.4,54.1,0.0,0.0,0.0
2026-04-16 17:09:58,30.9,52.7,138.2,54.1,0.0,0.0,0.0
2026-04-16 17:10:03,31.1,52.8,101.8,54.1,0.0,0.0,0.0
2026-04-16 17:10:08,31.1,52.9,126.5,54.1,0.0,0.0,0.0
2026-04-16 17:10:13,31.1,53.2,120.4,54.1,0.0,0.0,0.0
2026-04-16 17:10:18,31.0,53.1,103.2,54.1,0.0,0.0,0.0
2026-04-16 17:10:23,30.9,53.0,114.6,54.1,0.0,0.0,0.0
2026-04-16 17:10:28,31.1,53.0,107.7,54.1,0.0,0.0,0.0
2026-04-16 17:10:33,31.0,53.0,117.5,54.1,0.0,0.0,0.0
2026-04-16 17:10:38,31.0,53.1,123.7,54.1,0.0,0.0,0.0
2026-04-16 17:10:43,31.0,53.0,114.0,54.1,0.0,0.0,0.0
2026-04-16 17:10:48,31.0,53.1,137.2,54.1,0.0,0.0,0.0
2026-04-16 17:10:53,31.2,53.0,127.9,54.1,0.0,0.0,0.0
2026-04-16 17:10:58,30.8,53.1,132.5,54.1,0.0,0.0,0.0
2026-04-16 17:11:03,31.1,53.0,116.0,54.1,0.0,0.0,0.0
2026-04-16 17:11:08,31.1,52.8,114.3,54.1,0.0,0.0,0.0
2026-04-16 17:11:13,31.1,52.8,116.6,54.1,0.0,0.0,0.0
2026-04-16 17:11:18,31.2,52.7,113.2,54.1,0.0,0.0,0.0
2026-04-16 17:11:23,30.8,52.6,121.5,54.1,0.0,0.0,0.0
2026-04-16 17:11:28,30.9,52.6,121.4,54.1,0.0,0.0,0.0
2026-04-16 17:11:33,31.0,52.6,122.7,54.1,0.0,0.0,0.0
2026-04-16 17:11:38,31.0,52.5,114.9,54.1,0.0,0.0,0.0
2026-04-16 17:11:43,31.0,52.5,124.8,54.1,0.0,0.0,0.0
2026-04-16 17:11:48,31.0,52.4,117.2,54.1,0.0,0.0,0.0
2026-04-16 17:11:53,31.2,52.5,124.9,54.1,0.0,0.0,0.0
2026-04-16 17:11:58,31.1,52.4,100.8,54.1,0.0,0.0,0.0
2026-04-16 17:12:03,31.1,52.4,113.6,54.1,0.0,0.0,0.0
2026-04-16 17:12:08,31.0,52.4,127.3,54.1,0.0,0.0,0.0
2026-04-16 17:12:13,31.1,52.5,112.9,54.1,0.0,0.0,0.0
2026-04-16 17:12:18,31.0,52.6,111.7,54.1,0.0,0.0,0.0
2026-04-16 17:12:23,31.0,52.6,116.9,54.1,0.0,0.0,0.0
2026-04-16 17:12:28,31.0,52.6,117.4,54.1,0.0,0.0,0.0
2026-04-16 17:12:33,31.0,52.6,118.5,54.1,0.0,0.0,0.0
2026-04-16 17:12:38,31.1,52.7,115.0,54.1,0.0,0.0,0.0
2026-04-16 17:12:43,31.0,52.7,127.0,54.1,0.0,0.0,0.0
2026-04-16 17:12:48,31.2,52.7,117.5,54.1,0.0,0.0,0.0
2026-04-16 17:12:53,31.0,52.7,98.3,54.1,0.0,0.0,0.0
2026-04-16 17:12:58,31.1,52.7,103.5,54.1,0.0,0.0,0.0
2026-04-16 17:13:03,31.0,52.8,124.9,54.1,0.0,0.0,0.0
2026-04-16 17:13:08,31.0,52.7,96.0,54.1,0.0,0.0,0.0
2026-04-16 17:13:13,30.9,52.8,122.1,54.1,0.0,0.0,0.0
2026-04-16 17:13:18,31.0,52.8,117.1,54.1,0.0,0.0,0.0
2026-04-16 17:13:23,30.9,52.8,127.9,54.1,0.0,0.0,0.0
2026-04-16 17:13:28,31.1,52.7,109.5,54.1,0.0,0.0,0.0
2026-04-16 17:13:33,31.0,52.5,112.6,54.1,0.0,0.0,0.0
2026-04-16 17:13:38,31.1,52.5,105.2,54.1,0.0,0.0,0.0
2026-04-16 17:13:43,31.1,52.5,112.2,54.1,0.0,0.0,0.0
2026-04-16 17:13:48,31.0,52.5,126.0,54.1,0.0,0.0,0.0
2026-04-16 17:13:53,30.9,52.6,121.4,54.1,0.0,0.0,0.0
2026-04-16 17:13:58,31.0,52.7,108.7,54.1,0.0,0.0,0.0
2026-04-16 17:14:03,31.0,52.7,118.4,54.1,0.0,0.0,0.0
2026-04-16 17:14:08,31.0,52.7,124.2,54.1,0.0,0.0,0.0
2026-04-16 17:14:13,30.9,52.7,124.4,54.1,0.0,0.0,0.0
2026-04-16 17:14:18,31.1,52.6,101.4,54.1,0.0,0.0,0.0
2026-04-16 17:14:23,30.9,52.7,100.2,54.1,0.0,0.0,0.0
2026-04-16 17:14:28,30.9,52.9,134.3,54.1,0.0,0.0,0.0
2026-04-16 17:14:33,31.1,53.1,111.9,54.1,0.0,0.0,0.0
2026-04-16 17:14:38,31.1,53.0,103.9,54.0,0.0,0.0,0.0
2026-04-16 17:14:43,30.9,52.9,97.4,54.0,0.0,0.0,0.0
2026-04-16 17:14:48,30.9,52.9,103.4,54.1,0.0,0.0,0.0
2026-04-16 17:14:53,31.1,53.0,89.7,54.1,0.0,0.0,0.0
2026-04-16 17:14:58,31.0,53.0,119.1,54.1,0.0,0.0,0.0
2026-04-16 17:15:03,31.1,53.0,106.2,54.1,0.0,0.0,0.0
2026-04-16 17:15:08,30.9,52.9,106.7,54.1,0.0,0.0,0.0
2026-04-16 17:15:13,31.0,53.0,96.2,54.1,0.0,0.0,0.0
2026-04-16 17:15:18,31.0,52.9,102.5,54.1,0.0,0.0,0.0
2026-04-16 17:15:23,31.2,52.9,112.3,54.1,0.0,0.0,0.0
2026-04-16 17:15:28,31.1,52.9,111.2,54.1,0.0,0.0,0.0
2026-04-16 17:15:33,31.0,52.9,114.3,54.1,0.0,0.0,0.0
2026-04-16 17:15:38,31.1,53.0,112.7,54.1,0.0,0.0,0.0
2026-04-16 17:15:43,30.9,53.1,108.8,54.1,0.0,0.0,0.0
2026-04-16 17:15:48,31.1,53.1,99.2,54.1,0.0,0.0,0.0
2026-04-16 17:15:53,31.0,53.0,97.3,54.1,0.0,0.0,0.0
2026-04-16 17:15:58,31.1,52.9,97.4,54.1,0.0,0.0,0.0
2026-04-16 17:16:03,31.0,52.9,115.6,54.1,0.0,0.0,0.0
2026-04-16 17:16:08,31.1,52.9,101.1,54.1,0.0,0.0,0.0
2026-04-16 17:16:13,31.0,52.9,91.7,54.1,0.0,0.0,0.0
2026-04-16 17:16:18,31.1,52.7,103.2,54.1,0.0,0.0,0.0
2026-04-16 17:16:23,31.0,52.7,103.4,54.1,0.0,0.0,0.0
2026-04-16 17:16:28,31.1,52.8,106.6,54.1,0.0,0.0,0.0
2026-04-16 17:16:33,30.9,52.9,104.5,54.1,0.0,0.0,0.0
2026-04-16 17:16:38,31.1,53.0,106.4,54.1,0.0,0.0,0.0
2026-04-16 17:16:43,31.0,53.1,117.5,54.1,0.0,0.0,0.0
2026-04-16 17:16:48,31.0,53.2,112.4,54.1,0.0,0.0,0.0
2026-04-16 17:16:53,31.1,53.3,100.9,54.1,0.0,0.0,0.0
2026-04-16 17:16:58,31.1,53.4,111.8,54.1,0.0,0.0,0.0
2026-04-16 17:17:03,31.0,53.4,104.1,54.1,0.0,0.0,0.0
2026-04-16 17:17:08,30.9,53.4,113.2,54.0,0.0,0.0,0.0
2026-04-16 17:17:13,31.1,53.5,90.0,54.0,0.0,0.0,0.0
2026-04-16 17:17:18,31.0,53.3,107.6,54.0,0.0,0.0,0.0
2026-04-16 17:17:23,31.0,53.3,106.1,54.0,0.0,0.0,0.0
2026-04-16 17:17:28,31.0,53.4,93.4,54.0,0.0,0.0,0.0
2026-04-16 17:17:33,31.1,53.5,87.1,54.0,0.0,0.0,0.0
2026-04-16 17:17:38,30.9,53.4,106.5,54.1,0.0,0.0,0.0
2026-04-16 17:17:43,31.1,53.5,103.3,54.1,0.0,0.0,0.0
2026-04-16 17:17:48,31.0,53.5,90.8,54.1,0.0,0.0,0.0
2026-04-16 17:17:53,31.0,53.5,104.8,54.0,0.0,0.0,0.0
2026-04-16 17:17:58,30.9,53.5,85.8,54.0,0.0,0.0,0.0
2026-04-16 17:18:03,31.0,53.6,106.7,54.0,0.0,0.0,0.0
2026-04-16 17:18:08,31.2,53.7,98.7,54.0,0.0,0.0,0.0
2026-04-16 17:18:13,31.0,53.6,94.4,54.0,0.0,0.0,0.0
2026-04-16 17:18:18,30.9,53.6,100.2,54.0,0.0,0.0,0.0
2026-04-16 17:18:23,30.9,53.7,91.0,54.0,0.0,0.0,0.0
2026-04-16 17:18:28,30.8,53.7,105.6,54.0,0.0,0.0,0.0
2026-04-16 17:18:33,31.0,53.6,115.3,54.1,0.0,0.0,0.0
2026-04-16 17:18:38,31.0,53.5,81.8,54.1,0.0,0.0,0.0
2026-04-16 17:18:43,30.9,53.6,101.9,54.1,0.0,0.0,0.0
2026-04-16 17:18:48,30.9,53.6,104.7,54.1,0.0,0.0,0.0
2026-04-16 17:18:53,31.0,53.6,103.2,54.1,0.0,0.0,0.0
2026-04-16 17:18:58,31.0,53.6,110.4,54.1,0.0,0.0,0.0
2026-04-16 17:19:03,30.9,53.6,104.4,54.1,0.0,0.0,0.0
2026-04-16 17:19:08,31.0,53.6,116.2,54.1,0.0,0.0,0.0
2026-04-16 17:19:13,31.1,53.7,103.9,54.1,0.0,0.0,0.0
2026-04-16 17:19:18,30.9,53.6,105.0,54.1,0.0,0.0,0.0
2026-04-16 17:19:23,30.9,53.7,87.3,54.1,0.0,0.0,0.0
2026-04-16 17:19:28,31.0,53.7,98.8,54.1,0.0,0.0,0.0
2026-04-16 17:19:33,30.9,53.6,102.8,54.1,0.0,0.0,0.0
2026-04-16 17:19:38,31.0,53.6,110.0,54.1,0.0,0.0,0.0
2026-04-16 17:19:43,31.1,53.6,86.4,54.1,0.0,0.0,0.0
2026-04-16 17:19:48,30.9,53.7,98.0,54.1,0.0,0.0,0.0
2026-04-16 17:19:53,31.0,53.8,93.3,54.1,0.0,0.0,0.0
2026-04-16 17:19:58,31.0,53.8,100.6,54.1,0.0,0.0,0.0
2026-04-16 17:20:03,31.1,53.7,93.0,54.1,0.0,0.0,0.0
2026-04-16 17:20:08,31.0,53.6,86.4,54.1,0.0,0.0,0.0
2026-04-16 17:20:13,31.1,53.7,110.7,54.1,0.0,0.0,0.0
2026-04-16 17:20:18,30.9,53.7,118.7,54.1,0.0,0.0,0.0
2026-04-16 17:20:23,31.0,53.6,79.3,54.1,0.0,0.0,0.0
2026-04-16 17:20:28,30.9,53.6,103.4,54.0,0.0,0.0,0.0
2026-04-16 17:20:33,30.9,53.7,118.2,54.0,0.0,0.0,0.0
2026-04-16 17:20:38,31.0,53.7,107.2,54.0,0.0,0.0,0.0
2026-04-16 17:20:43,31.1,53.8,92.8,54.1,0.0,0.0,0.0
2026-04-16 17:20:48,31.0,53.7,104.6,54.1,0.0,0.0,0.0
2026-04-16 17:20:53,31.0,53.7,86.2,54.1,0.0,0.0,0.0
2026-04-16 17:20:58,31.0,53.9,82.5,54.1,0.0,0.0,0.0
2026-04-16 17:21:03,30.9,54.1,98.2,54.1,0.0,0.0,0.0
2026-04-16 17:21:08,30.9,54.0,97.0,54.1,0.0,0.0,0.0
2026-04-16 17:21:13,30.9,54.0,112.7,54.1,0.0,0.0,0.0
2026-04-16 17:21:18,31.0,54.0,85.5,54.1,0.0,0.0,0.0
2026-04-16 17:21:23,31.0,54.1,94.8,54.1,0.0,0.0,0.0
2026-04-16 17:21:28,31.0,54.0,110.5,54.1,0.0,0.0,0.0
2026-04-16 17:21:33,31.1,53.9,96.5,54.1,0.0,0.0,0.0
2026-04-16 17:21:38,31.0,54.0,103.3,54.1,0.0,0.0,0.0
2026-04-16 17:21:43,31.0,54.1,69.3,54.1,0.0,0.0,0.0
2026-04-16 17:21:48,31.0,54.0,97.5,54.1,0.0,0.0,0.0
2026-04-16 17:21:53,30.9,54.0,100.7,54.1,0.0,0.0,0.0
2026-04-16 17:21:58,31.0,53.9,104.3,54.1,0.0,0.0,0.0
2026-04-16 17:22:03,31.0,53.9,97.0,54.1,0.0,0.0,0.0
2026-04-16 17:22:08,31.0,53.8,98.7,54.1,0.0,0.0,0.0
2026-04-16 17:22:13,31.0,53.8,102.7,54.0,0.0,0.0,0.0
2026-04-16 17:22:18,31.0,53.8,97.5,54.0,0.0,0.0,0.0
2026-04-16 17:22:23,31.0,53.8,107.6,54.0,0.0,0.0,0.0
2026-04-16 17:22:28,30.9,53.8,91.3,54.0,0.0,0.0,0.0
2026-04-16 17:22:33,31.0,53.9,90.3,54.1,0.0,0.0,0.0
2026-04-16 17:22:38,31.0,53.8,53.9,54.1,0.0,0.0,0.0
2026-04-16 17:22:43,31.0,53.8,79.4,54.1,0.0,0.0,0.0
2026-04-16 17:22:48,31.0,54.0,88.0,54.1,0.0,0.0,0.0
2026-04-16 17:22:53,30.9,53.8,110.1,54.1,0.0,0.0,0.0
2026-04-16 17:22:58,31.0,54.0,99.7,54.1,0.0,0.0,0.0
2026-04-16 17:23:03,30.9,53.9,92.4,54.1,0.0,0.0,0.0
2026-04-16 17:23:08,31.1,53.9,83.9,54.1,0.0,0.0,0.0
2026-04-16 17:23:13,31.0,54.0,99.8,54.1,0.0,0.0,0.0
2026-04-16 17:23:18,31.0,53.8,102.8,54.1,0.0,0.0,0.0
2026-04-16 17:23:23,31.1,53.7,90.2,54.1,0.0,0.0,0.0
2026-04-16 17:23:28,30.8,53.8,95.5,54.1,0.0,0.0,0.0
2026-04-16 17:23:33,31.0,53.7,94.0,54.1,0.0,0.0,0.0
2026-04-16 17:23:38,31.0,53.7,88.4,54.1,0.0,0.0,0.0
2026-04-16 17:23:43,31.0,53.7,72.1,54.1,0.0,0.0,0.0
2026-04-16 17:23:48,30.9,53.7,74.6,54.1,0.0,0.0,0.0
2026-04-16 17:23:53,31.0,53.6,70.4,54.1,0.0,0.0,0.0
2026-04-16 17:23:58,31.0,53.5,98.5,54.1,0.0,0.0,0.0
2026-04-16 17:24:03,31.1,53.5,87.8,54.1,0.0,0.0,0.0
2026-04-16 17:24:08,30.9,53.4,83.2,54.1,0.0,0.0,0.0
2026-04-16 17:24:13,31.1,53.4,98.1,54.1,0.0,0.0,0.0
2026-04-16 17:24:18,30.9,53.4,80.7,54.1,0.0,0.0,0.0
2026-04-16 17:24:23,30.9,53.6,70.1,54.1,0.0,0.0,0.0
2026-04-16 17:24:28,31.0,53.7,100.6,54.1,0.0,0.0,0.0
2026-04-16 17:24:33,31.0,53.7,80.3,54.1,0.0,0.0,0.0
2026-04-16 17:24:38,30.9,53.8,100.7,54.1,0.0,0.0,0.0
2026-04-16 17:24:43,31.1,53.9,101.8,54.1,0.0,0.0,0.0
2026-04-16 17:24:48,30.8,53.9,84.0,54.1,0.0,0.0,0.0
2026-04-16 17:24:53,31.0,53.8,102.9,54.1,0.0,0.0,0.0
2026-04-16 17:24:58,31.2,53.7,69.4,54.1,0.0,0.0,0.0
2026-04-16 17:25:03,31.0,53.8,92.0,54.1,0.0,0.0,0.0
2026-04-16 17:25:08,30.8,53.9,78.3,54.1,0.0,0.0,0.0
2026-04-16 17:25:13,31.0,54.0,98.6,54.1,0.0,0.0,0.0
2026-04-16 17:25:18,30.9,54.1,75.2,54.1,0.0,0.0,0.0
2026-04-16 17:25:23,30.9,54.3,75.6,54.1,0.0,0.0,0.0
2026-04-16 17:25:28,30.9,54.3,91.1,54.1,0.0,0.0,0.0
2026-04-16 17:25:33,30.9,54.3,88.1,54.1,0.0,0.0,0.0
2026-04-16 17:25:38,31.1,54.2,81.7,54.1,0.0,0.0,0.0
2026-04-16 17:25:43,31.1,54.3,68.1,54.1,0.0,0.0,0.0
2026-04-16 17:25:48,31.1,54.3,67.2,54.1,0.0,0.0,0.0
2026-04-16 17:25:53,31.0,54.3,85.9,54.1,0.0,0.0,0.0
2026-04-16 17:25:58,31.1,54.5,90.2,54.1,0.0,0.0,0.0
2026-04-16 17:26:03,31.0,54.5,86.9,54.1,0.0,0.0,0.0
2026-04-16 17:26:08,30.9,54.6,72.4,54.1,0.0,0.0,0.0
2026-04-16 17:26:13,30.9,54.4,55.9,54.1,0.0,0.0,0.0
2026-04-16 17:26:18,31.0,54.5,72.7,54.1,0.0,0.0,0.0
2026-04-16 17:26:23,31.0,54.6,56.6,54.1,0.0,0.0,0.0
2026-04-16 17:26:28,30.9,54.6,85.6,54.1,0.0,0.0,0.0
2026-04-16 17:26:33,30.9,54.7,96.9,54.1,0.0,0.0,0.0
2026-04-16 17:26:38,30.9,54.8,69.1,54.1,0.0,0.0,0.0
2026-04-16 17:26:43,31.0,54.7,67.9,54.1,0.0,0.0,0.0
2026-04-16 17:26:48,30.9,54.8,79.3,54.1,0.0,0.0,0.0
2026-04-16 17:26:53,31.0,54.8,73.5,54.1,0.0,0.0,0.0
2026-04-16 17:26:58,31.0,54.6,69.0,54.1,0.0,0.0,0.0
2026-04-16 17:27:03,30.9,54.6,84.7,54.1,0.0,0.0,0.0
2026-04-16 17:27:08,30.8,54.7,57.4,54.1,0.0,0.0,0.0
2026-04-16 17:27:13,30.9,54.6,81.2,54.1,0.0,0.0,0.0
2026-04-16 17:27:18,30.9,54.6,59.6,54.1,0.0,0.0,0.0
2026-04-16 17:27:23,30.8,54.4,85.8,54.1,0.0,0.0,0.0
2026-04-16 17:27:28,31.0,54.4,87.3,54.1,0.0,0.0,0.0
2026-04-16 17:27:33,30.9,54.6,76.5,54.1,0.0,0.0,0.0
2026-04-16 17:27:38,31.0,54.6,59.3,54.1,0.0,0.0,0.0
2026-04-16 17:27:43,30.9,54.5,80.7,54.1,0.0,0.0,0.0
2026-04-16 17:27:48,30.8,54.4,75.9,54.1,0.0,0.0,0.0
2026-04-16 17:27:53,30.9,54.4,72.9,54.1,0.0,0.0,0.0
2026-04-16 17:27:58,30.9,54.3,74.0,54.1,0.0,0.0,0.0
2026-04-16 17:28:03,30.9,54.4,75.5,54.1,0.0,0.0,0.0
2026-04-16 17:28:08,30.9,54.4,86.6,54.1,0.0,0.0,0.0
2026-04-16 17:28:13,30.9,54.4,91.0,54.1,0.0,0.0,0.0
2026-04-16 17:28:18,30.9,54.4,72.8,54.1,0.0,0.0,0.0
2026-04-16 17:28:23,30.8,54.3,75.6,54.1,0.0,0.0,0.0
2026-04-16 17:28:28,30.9,54.3,74.7,54.1,0.0,0.0,0.0
2026-04-16 17:28:33,30.9,54.3,63.4,54.1,0.0,0.0,0.0
2026-04-16 17:28:38,30.9,54.5,89.3,54.1,0.0,0.0,0.0
2026-04-16 17:28:43,30.9,54.4,82.0,54.1,0.0,0.0,0.0
2026-04-16 17:28:48,31.0,54.5,83.5,54.1,0.0,0.0,0.0
2026-04-16 17:28:53,31.0,54.4,77.5,54.1,0.0,0.0,0.0
2026-04-16 17:28:58,30.9,54.4,88.2,54.1,0.0,0.0,0.0
2026-04-16 17:29:03,31.0,54.4,73.8,54.1,0.0,0.0,0.0
2026-04-16 17:29:08,30.9,54.4,78.2,54.1,0.0,0.0,0.0
2026-04-16 17:29:13,31.0,54.3,77.6,54.1,0.0,0.0,0.0
2026-04-16 17:29:18,30.8,54.4,70.9,54.1,0.0,0.0,0.0
2026-04-16 17:29:23,30.8,54.3,85.9,54.1,0.0,0.0,0.0
2026-04-16 17:29:28,30.9,54.3,68.9,54.1,0.0,0.0,0.0
2026-04-16 17:29:33,30.8,54.3,67.7,54.1,0.0,0.0,0.0
2026-04-16 17:29:38,30.9,54.3,99.0,54.1,0.0,0.0,0.0
2026-04-16 17:29:43,30.9,54.3,82.4,54.1,0.0,0.0,0.0
2026-04-16 17:29:48,30.9,54.2,54.0,54.1,0.0,0.0,0.0
2026-04-16 17:29:53,30.8,54.3,74.8,54.1,0.0,0.0,0.0
2026-04-16 17:29:58,30.7,54.3,55.3,54.1,0.0,0.0,0.0
2026-04-16 17:30:03,30.7,54.3,69.8,54.1,0.0,0.0,0.0
2026-04-16 17:30:08,30.8,54.3,63.4,54.1,0.0,0.0,0.0
2026-04-16 17:30:13,31.0,54.3,64.9,54.1,0.0,0.0,0.0
2026-04-16 17:30:18,31.0,54.2,74.0,54.1,0.0,0.0,0.0
2026-04-16 17:30:23,30.9,54.2,76.5,54.1,0.0,0.0,0.0
2026-04-16 17:30:28,30.7,54.2,81.4,54.1,0.0,0.0,0.0
2026-04-16 17:30:33,30.8,54.2,57.1,54.1,0.0,0.0,0.0
2026-04-16 17:30:38,30.9,54.1,72.8,54.1,0.0,0.0,0.0
2026-04-16 17:30:43,31.0,54.2,70.0,54.1,0.0,0.0,0.0
2026-04-16 17:30:48,30.9,54.1,58.9,54.1,0.0,0.0,0.0
2026-04-16 17:30:53,30.9,54.2,50.8,54.1,0.0,0.0,0.0
2026-04-16 17:30:58,30.9,54.2,70.9,54.1,0.0,0.0,0.0
2026-04-16 17:31:03,30.8,54.2,60.7,54.1,0.0,0.0,0.0
2026-04-16 17:31:08,30.8,54.1,72.9,54.1,0.0,0.0,0.0
2026-04-16 17:31:13,30.8,54.2,56.8,54.1,0.0,0.0,0.0
2026-04-16 17:31:18,30.9,54.1,71.5,54.1,0.0,0.0,0.0
2026-04-16 17:31:23,30.9,54.2,55.5,54.1,0.0,0.0,0.0
2026-04-16 17:31:28,31.0,54.2,80.3,54.1,0.0,0.0,0.0
2026-04-16 17:31:33,30.9,54.1,63.6,54.1,0.0,0.0,0.0
2026-04-16 17:31:38,31.0,54.1,64.1,54.1,0.0,0.0,0.0
2026-04-16 17:31:43,30.9,54.1,58.9,54.1,0.0,0.0,0.0
2026-04-16 17:31:48,31.0,54.0,82.7,54.1,0.0,0.0,0.0
2026-04-16 17:31:53,30.9,54.0,66.9,54.1,0.0,0.0,0.0
2026-04-16 17:31:58,30.8,54.0,79.3,54.1,0.0,0.0,0.0
2026-04-16 17:32:03,30.7,54.0,79.9,54.1,0.0,0.0,0.0
2026-04-16 17:32:08,30.8,54.1,76.5,54.1,0.0,0.0,0.0
2026-04-16 17:32:13,30.9,54.2,66.5,54.1,0.0,0.0,0.0
2026-04-16 17:32:18,30.8,54.4,67.7,54.1,0.0,0.0,0.0
2026-04-16 17:32:23,30.7,54.4,59.5,54.1,0.0,0.0,0.0
2026-04-16 17:32:28,30.9,54.5,70.5,54.1,0.0,0.0,0.0
2026-04-16 17:32:33,30.8,54.7,69.1,54.1,0.0,0.0,0.0
2026-04-16 17:32:38,30.8,54.6,71.4,54.1,0.0,0.0,0.0
2026-04-16 17:32:43,30.8,54.7,75.3,54.1,0.0,0.0,0.0
2026-04-16 17:32:48,30.7,54.8,75.2,54.1,0.0,0.0,0.0
2026-04-16 17:32:53,30.8,54.7,56.0,54.1,0.0,0.0,0.0
2026-04-16 17:32:58,30.6,54.6,60.5,54.0,0.0,0.0,0.0
2026-04-16 17:33:03,30.7,54.5,57.0,54.0,0.0,0.0,0.0
2026-04-16 17:33:08,30.9,54.5,66.5,54.0,0.0,0.0,0.0
2026-04-16 17:33:13,30.7,54.4,77.7,54.0,0.0,0.0,0.0
2026-04-16 17:33:18,30.8,54.5,58.5,54.0,0.0,0.0,0.0
2026-04-16 17:33:23,30.7,54.5,53.6,54.0,0.0,0.0,0.0
2026-04-16 17:33:28,30.8,54.5,73.5,54.0,0.0,0.0,0.0
2026-04-16 17:33:33,30.8,54.6,56.2,54.0,0.0,0.0,0.0
2026-04-16 17:33:38,30.8,54.6,73.5,54.0,0.0,0.0,0.0
2026-04-16 17:33:43,30.6,54.7,73.5,54.1,0.0,0.0,0.0
2026-04-16 17:33:48,30.8,54.8,67.1,54.1,0.0,0.0,0.0
2026-04-16 17:33:53,30.9,54.8,52.3,54.1,0.0,0.0,0.0
2026-04-16 17:33:58,30.7,54.7,80.1,54.1,0.0,0.0,0.0
2026-04-16 17:34:03,30.8,54.7,70.3,54.1,0.0,0.0,0.0
2026-04-16 17:34:08,30.8,54.8,49.4,54.1,0.0,0.0,0.0
2026-04-16 17:34:13,30.7,54.9,52.2,54.1,0.0,0.0,0.0
2026-04-16 17:34:18,30.8,54.9,70.7,54.1,0.0,0.0,0.0
2026-04-16 17:34:23,30.8,55.0,69.6,54.1,0.0,0.0,0.0
2026-04-16 17:34:28,31.0,55.1,74.9,54.1,0.0,0.0,0.0
2026-04-16 17:34:33,30.8,55.1,41.3,54.1,0.0,0.0,0.0
2026-04-16 17:34:38,30.9,55.1,81.1,54.1,0.0,0.0,0.0
2026-04-16 17:34:43,30.9,55.0,61.6,54.1,0.0,0.0,0.0
2026-04-16 17:34:48,30.8,55.1,62.2,54.1,0.0,0.0,0.0
2026-04-16 17:34:53,30.9,55.0,69.1,54.1,0.0,0.0,0.0
2026-04-16 17:34:58,30.7,54.8,56.4,54.1,0.0,0.0,0.0
2026-04-16 17:35:03,30.8,55.1,45.2,54.1,0.0,0.0,0.0
2026-04-16 17:35:08,30.8,55.1,61.2,54.1,0.0,0.0,0.0
2026-04-16 17:35:13,30.8,55.0,59.7,54.0,0.0,0.0,0.0
2026-04-16 17:35:18,30.9,55.1,61.1,54.0,0.0,0.0,0.0
2026-04-16 17:35:23,30.7,55.2,59.2,54.1,0.0,0.0,0.0
2026-04-16 17:35:28,30.8,55.3,52.7,54.1,0.0,0.0,0.0
2026-04-16 17:35:33,30.7,55.4,76.8,54.1,0.0,0.0,0.0
2026-04-16 17:35:38,30.7,55.3,46.2,54.1,0.0,0.0,0.0
2026-04-16 17:35:43,30.9,55.3,69.0,54.1,0.0,0.0,0.0
2026-04-16 17:35:48,30.8,55.3,68.8,54.1,0.0,0.0,0.0
2026-04-16 17:35:53,30.6,55.3,50.7,54.0,0.0,0.0,0.0
2026-04-16 17:35:58,30.8,55.2,73.3,54.0,0.0,0.0,0.0
2026-04-16 17:36:03,30.8,55.2,59.4,54.0,0.0,0.0,0.0
2026-04-16 17:36:08,30.8,55.3,55.1,54.1,0.0,0.0,0.0
2026-04-16 17:36:13,30.7,55.3,68.2,54.1,0.0,0.0,0.0
2026-04-16 17:36:18,30.8,55.2,65.0,54.1,0.0,0.0,0.0
2026-04-16 17:36:23,30.7,55.2,62.6,54.1,0.0,0.0,0.0
2026-04-16 17:36:28,30.8,55.1,82.1,54.1,0.0,0.0,0.0
2026-04-16 17:36:33,30.8,55.3,62.2,54.1,0.0,0.0,0.0
2026-04-16 17:36:38,30.9,55.3,44.3,54.1,0.0,0.0,0.0
2026-04-16 17:36:43,30.7,55.4,65.8,54.1,0.0,0.0,0.0
2026-04-16 17:36:48,30.8,55.3,54.3,54.1,0.0,0.0,0.0
2026-04-16 17:36:53,30.8,55.3,71.2,54.1,0.0,0.0,0.0
2026-04-16 17:36:58,30.7,55.2,34.7,54.1,0.0,0.0,0.0
2026-04-16 17:37:03,30.7,55.2,74.9,54.1,0.0,0.0,0.0
2026-04-16 17:37:08,30.9,55.1,65.5,54.1,0.0,0.0,0.0
2026-04-16 17:37:13,30.7,55.2,51.8,54.1,0.0,0.0,0.0
2026-04-16 17:37:18,30.9,55.2,61.2,54.1,0.0,0.0,0.0
2026-04-16 17:37:23,30.6,55.5,77.9,54.1,0.0,0.0,0.0
2026-04-16 17:37:28,30.7,55.5,63.4,54.1,0.0,0.0,0.0
2026-04-16 17:37:33,30.8,55.4,48.4,54.1,0.0,0.0,0.0
2026-04-16 17:37:38,30.7,55.5,55.6,54.1,0.0,0.0,0.0
2026-04-16 17:37:43,30.7,55.5,54.4,54.1,0.0,0.0,0.0
2026-04-16 17:37:48,30.9,55.6,46.7,54.1,0.0,0.0,0.0
2026-04-16 17:37:53,30.6,55.6,39.4,54.1,0.0,0.0,0.0
2026-04-16 17:37:58,30.6,55.6,42.2,54.1,0.0,0.0,0.0
2026-04-16 17:38:03,30.8,55.5,49.4,54.1,0.0,0.0,0.0
2026-04-16 17:38:08,30.5,55.5,51.9,54.1,0.0,0.0,0.0
2026-04-16 17:38:13,30.6,55.5,47.1,54.1,0.0,0.0,0.0
2026-04-16 17:38:18,30.8,55.6,49.5,54.1,0.0,0.0,0.0
2026-04-16 17:38:23,30.6,55.7,68.6,54.1,0.0,0.0,0.0
2026-04-16 17:38:28,30.7,55.5,60.1,54.1,0.0,0.0,0.0
2026-04-16 17:38:33,30.7,55.5,46.2,54.1,0.0,0.0,0.0
2026-04-16 17:38:38,30.6,55.6,73.3,54.0,0.0,0.0,0.0
2026-04-16 17:38:43,30.9,55.6,54.2,54.0,0.0,0.0,0.0
2026-04-16 17:38:48,30.6,55.5,49.9,54.1,0.0,0.0,0.0
2026-04-16 17:38:53,30.7,55.5,60.8,54.1,0.0,0.0,0.0
2026-04-16 17:38:58,30.7,55.6,52.7,54.1,0.0,0.0,0.0
2026-04-16 17:39:03,30.7,55.7,52.1,54.1,0.0,0.0,0.0
2026-04-16 17:39:08,30.6,55.8,61.6,54.1,0.0,0.0,0.0
2026-04-16 17:39:13,30.6,55.8,56.8,54.1,0.0,0.0,0.0
2026-04-16 17:39:18,30.7,55.8,42.7,54.0,0.0,0.0,0.0
2026-04-16 17:39:23,30.8,55.8,35.5,54.0,0.0,0.0,0.0
2026-04-16 17:39:28,30.6,55.8,56.6,54.1,0.0,0.0,0.0
2026-04-16 17:39:33,30.8,55.8,58.0,54.1,0.0,0.0,0.0
2026-04-16 17:39:38,30.8,55.8,50.5,54.1,0.0,0.0,0.0
2026-04-16 17:39:43,30.4,55.7,53.9,54.1,0.0,0.0,0.0
2026-04-16 17:39:48,30.6,55.8,48.7,54.1,0.0,0.0,0.0
2026-04-16 17:39:53,30.6,55.7,49.2,54.1,0.0,0.0,0.0
2026-04-16 17:39:58,30.6,55.7,61.7,54.0,0.0,0.0,0.0
2026-04-16 17:40:03,30.6,55.8,48.3,54.0,0.0,0.0,0.0
2026-04-16 17:40:08,30.8,55.8,59.6,54.0,0.0,0.0,0.0
2026-04-16 17:40:13,30.7,55.9,51.6,54.0,0.0,0.0,0.0
2026-04-16 17:40:18,30.7,56.1,45.0,54.0,0.0,0.0,0.0
2026-04-16 17:40:23,30.7,56.1,54.0,54.0,0.0,0.0,0.0
2026-04-16 17:40:28,30.8,56.1,36.1,54.0,0.0,0.0,0.0
2026-04-16 17:40:33,30.8,56.1,53.7,54.1,0.0,0.0,0.0
2026-04-16 17:40:38,30.6,56.0,40.8,54.1,0.0,0.0,0.0
2026-04-16 17:40:43,30.7,55.8,44.7,54.0,0.0,0.0,0.0
2026-04-16 17:40:48,30.7,56.0,52.6,54.0,0.0,0.0,0.0
2026-04-16 17:40:53,30.9,56.1,42.0,54.0,0.0,0.0,0.0
2026-04-16 17:40:58,30.7,56.0,43.0,54.0,0.0,0.0,0.0
2026-04-16 17:41:03,30.7,56.1,57.0,54.0,0.0,0.0,0.0
2026-04-16 17:41:08,30.7,56.0,64.5,54.0,0.0,0.0,0.0
2026-04-16 17:41:13,30.6,55.9,45.2,54.0,0.0,0.0,0.0
2026-04-16 17:41:18,30.8,56.0,55.8,54.0,0.0,0.0,0.0
2026-04-16 17:41:23,30.8,56.0,34.4,54.0,0.0,0.0,0.0
2026-04-16 17:41:28,30.7,56.0,47.0,54.0,0.0,0.0,0.0
2026-04-16 17:41:33,30.7,56.2,45.4,54.0,0.0,0.0,0.0
2026-04-16 17:41:38,30.6,56.2,40.2,54.0,0.0,0.0,0.0
2026-04-16 17:41:43,30.7,56.2,35.8,54.0,0.0,0.0,0.0
2026-04-16 17:41:48,30.7,56.2,59.8,54.0,0.0,0.0,0.0
2026-04-16 17:41:53,30.5,56.2,29.6,54.0,0.0,0.0,0.0
2026-04-16 17:41:58,30.7,56.1,40.5,54.1,0.0,0.0,0.0
2026-04-16 17:42:03,30.8,56.1,42.8,54.1,0.0,0.0,0.0
2026-04-16 17:42:08,30.7,56.2,42.6,54.1,0.0,0.0,0.0
2026-04-16 17:42:13,30.8,56.3,20.0,54.0,0.0,0.0,0.0
2026-04-16 17:42:18,30.8,56.3,56.3,54.0,0.0,0.0,0.0
2026-04-16 17:42:23,30.8,56.3,35.8,54.0,0.0,0.0,0.0
2026-04-16 17:42:28,30.7,56.5,58.6,54.0,0.0,0.0,0.0
2026-04-16 17:42:33,30.8,56.3,40.1,54.0,0.0,0.0,0.0
2026-04-16 17:42:38,30.8,56.3,27.4,54.0,0.0,0.0,0.0
2026-04-16 17:42:43,30.8,56.3,45.0,54.1,0.0,0.0,0.0
2026-04-16 17:42:48,30.6,56.4,46.4,54.1,0.0,0.0,0.0
2026-04-16 17:42:53,30.8,56.3,51.9,54.1,0.0,0.0,0.0
2026-04-16 17:42:58,30.8,56.2,37.5,54.1,0.0,0.0,0.0
2026-04-16 17:43:03,30.8,56.2,35.4,54.0,0.0,0.0,0.0
2026-04-16 17:43:08,30.7,56.2,48.6,54.0,0.0,0.0,0.0
2026-04-16 17:43:13,30.7,56.2,35.4,54.0,0.0,0.0,0.0
2026-04-16 17:43:18,30.8,56.1,55.9,54.0,0.0,0.0,0.0
2026-04-16 17:43:23,30.7,55.9,9.9,54.0,0.0,0.0,0.0
2026-04-16 17:43:28,30.7,55.9,57.0,54.1,0.0,0.0,0.0
2026-04-16 17:43:33,30.8,55.9,55.0,54.1,0.0,0.0,0.0
2026-04-16 17:43:38,30.7,55.7,39.7,54.1,0.0,0.0,0.0
2026-04-16 17:43:43,30.7,55.8,43.1,54.0,0.0,0.0,0.0
2026-04-16 17:43:48,30.7,55.8,44.8,54.0,0.0,0.0,0.0
2026-04-16 17:43:53,30.7,55.9,28.4,54.0,0.0,0.0,0.0
2026-04-16 17:43:58,30.6,55.8,29.7,54.0,0.0,0.0,0.0
2026-04-16 17:44:03,30.9,56.0,41.1,54.0,0.0,0.0,0.0
2026-04-16 17:44:08,30.8,56.0,47.0,54.1,0.0,0.0,0.0
2026-04-16 17:44:13,30.7,56.1,48.5,54.1,0.0,0.0,0.0
2026-04-16 17:44:18,30.7,56.0,24.6,54.0,0.0,0.0,0.0
2026-04-16 17:44:23,30.7,56.0,44.2,54.0,0.0,0.0,0.0
2026-04-16 17:44:28,30.8,56.1,49.1,54.0,0.0,0.0,0.0
2026-04-16 17:44:33,30.6,56.1,23.0,54.0,0.0,0.0,0.0
2026-04-16 17:44:38,30.7,56.2,37.9,54.0,0.0,0.0,0.0
2026-04-16 17:44:43,30.7,56.2,41.7,54.0,0.0,0.0,0.0
2026-04-16 17:44:48,30.7,56.3,34.4,54.0,0.0,0.0,0.0
2026-04-16 17:44:53,30.7,56.3,54.9,54.0,0.0,0.0,0.0
2026-04-16 17:44:58,30.8,56.3,22.8,54.0,0.0,0.0,0.0
2026-04-16 17:45:03,30.8,56.3,18.9,54.0,0.0,0.0,0.0
2026-04-16 17:45:08,30.6,56.3,28.4,54.0,0.0,0.0,0.0
2026-04-16 17:45:13,30.7,56.3,44.1,54.0,0.0,0.0,0.0
2026-04-16 17:45:18,30.8,56.4,42.9,54.0,0.0,0.0,0.0
2026-04-16 17:45:23,30.7,56.3,33.2,54.0,0.0,0.0,0.0
2026-04-16 17:45:28,30.6,56.1,42.7,54.0,0.0,0.0,0.0
2026-04-16 17:45:33,30.7,56.1,48.3,54.0,0.0,0.0,0.0
2026-04-16 17:45:38,30.7,56.1,50.7,54.0,0.0,0.0,0.0
2026-04-16 17:45:43,30.6,56.1,56.1,54.0,0.0,0.0,0.0
2026-04-16 17:45:48,30.8,55.9,38.7,54.0,0.0,0.0,0.0
2026-04-16 17:45:53,30.5,56.0,27.0,54.0,0.0,0.0,0.0
2026-04-16 17:45:58,30.6,55.9,32.3,54.0,0.0,0.0,0.0
2026-04-16 17:46:03,30.9,56.0,30.1,54.0,0.0,0.0,0.0
2026-04-16 17:46:08,30.7,56.1,58.0,54.0,0.0,0.0,0.0
2026-04-16 17:46:13,30.9,56.0,28.2,54.1,0.0,0.0,0.0
2026-04-16 17:46:18,30.6,56.1,45.0,54.1,0.0,0.0,0.0
2026-04-16 17:46:23,30.7,56.2,48.3,54.0,0.0,0.0,0.0
2026-04-16 17:46:28,30.8,56.0,45.8,54.0,0.0,0.0,0.0
2026-04-16 17:46:33,30.8,56.1,33.7,54.0,0.0,0.0,0.0
2026-04-16 17:46:38,30.9,56.1,23.0,54.0,0.0,0.0,0.0
2026-04-16 17:46:43,30.7,56.2,43.3,54.0,0.0,0.0,0.0
2026-04-16 17:46:48,30.8,56.2,30.6,54.0,0.0,0.0,0.0
2026-04-16 17:46:53,30.7,56.2,34.1,54.0,0.0,0.0,0.0
2026-04-16 17:46:58,30.7,56.3,38.1,54.0,0.0,0.0,0.0
2026-04-16 17:47:03,30.7,56.3,23.1,54.0,0.0,0.0,0.0
2026-04-16 17:47:08,30.9,56.2,22.5,54.0,0.0,0.0,0.0
2026-04-16 17:47:13,30.7,56.2,37.4,54.0,0.0,0.0,0.0
2026-04-16 17:47:18,30.7,56.2,30.9,54.0,0.0,0.0,0.0
2026-04-16 17:47:23,30.7,56.4,33.9,54.0,0.0,0.0,0.0
2026-04-16 17:47:28,30.8,56.4,40.4,54.0,0.0,0.0,0.0
2026-04-16 17:47:33,30.7,56.3,33.2,54.0,0.0,0.0,0.0
2026-04-16 17:47:38,30.7,56.4,47.1,54.1,0.0,0.0,0.0
2026-04-16 17:47:43,30.7,56.4,33.4,54.1,0.0,0.0,0.0
2026-04-16 17:47:48,30.7,56.4,29.1,54.1,0.0,0.0,0.0
2026-04-16 17:47:53,30.8,56.5,48.3,54.1,0.0,0.0,0.0
2026-04-16 17:47:58,30.9,56.5,37.2,54.1,0.0,0.0,0.0
2026-04-16 17:48:03,30.8,56.6,35.0,54.1,0.0,0.0,0.0
2026-04-16 17:48:08,30.7,56.6,32.1,54.1,0.0,0.0,0.0
2026-04-16 17:48:13,30.7,56.5,30.9,54.0,0.0,0.0,0.0
2026-04-16 17:48:18,30.7,56.5,31.5,54.0,0.0,0.0,0.0
2026-04-16 17:48:23,30.8,56.5,39.3,54.0,0.0,0.0,0.0
2026-04-16 17:48:28,30.8,56.6,43.3,54.0,0.0,0.0,0.0
2026-04-16 17:48:33,30.8,56.6,27.0,54.0,0.0,0.0,0.0
2026-04-16 17:48:38,30.8,56.6,38.8,54.0,0.0,0.0,0.0
2026-04-16 17:48:43,30.7,56.6,38.7,54.0,0.0,0.0,0.0
2026-04-16 17:48:48,30.8,56.5,16.4,54.0,0.0,0.0,0.0
2026-04-16 17:48:53,30.9,56.6,27.6,54.0,0.0,0.0,0.0
2026-04-16 17:48:58,30.6,56.6,23.1,54.0,0.0,0.0,0.0
2026-04-16 17:49:03,30.7,56.6,24.2,54.0,0.0,0.0,0.0
2026-04-16 17:49:08,30.8,56.6,28.6,54.0,0.0,0.0,0.0
2026-04-16 17:49:13,30.8,56.6,32.1,54.0,0.0,0.0,0.0
2026-04-16 17:49:18,30.8,56.6,27.0,54.0,0.0,0.0,0.0
2026-04-16 17:49:23,30.8,56.6,27.7,54.0,0.0,0.0,0.0
2026-04-16 17:49:28,30.7,56.6,36.3,54.0,0.0,0.0,0.0
2026-04-16 17:49:33,30.8,56.6,24.3,54.0,0.0,0.0,0.0
2026-04-16 17:49:38,30.6,56.6,28.4,54.0,0.0,0.0,0.0
2026-04-16 17:49:43,30.5,56.6,31.3,54.0,0.0,0.0,0.0
2026-04-16 17:49:48,30.7,56.7,23.0,54.0,0.0,0.0,0.0
2026-04-16 17:49:53,30.7,56.7,34.3,54.0,0.0,0.0,0.0
2026-04-16 17:49:58,30.8,56.9,28.3,54.0,0.0,0.0,0.0
2026-04-16 17:50:03,30.7,56.9,29.8,54.0,0.0,0.0,0.0
2026-04-16 17:50:08,30.6,56.9,21.9,54.0,0.0,0.0,0.0
2026-04-16 17:50:13,30.9,57.0,19.2,54.0,0.0,0.0,0.0
2026-04-16 17:50:18,30.5,57.1,30.5,54.0,0.0,0.0,0.0
2026-04-16 17:50:23,30.6,57.1,32.2,54.0,0.0,0.0,0.0
2026-04-16 17:50:28,30.7,57.0,14.0,54.0,0.0,0.0,0.0
2026-04-16 17:50:33,30.7,57.0,36.3,54.0,0.0,0.0,0.0
2026-04-16 17:50:38,30.7,57.0,17.7,54.0,0.0,0.0,0.0
2026-04-16 17:50:43,30.7,57.1,15.8,54.0,0.0,0.0,0.0
2026-04-16 17:50:48,30.7,57.1,25.1,54.0,0.0,0.0,0.0
2026-04-16 17:50:53,30.8,57.1,37.0,54.0,0.0,0.0,0.0
2026-04-16 17:50:58,30.7,57.0,16.7,54.0,0.0,0.0,0.0
2026-04-16 17:51:03,30.6,57.0,32.2,54.0,0.0,0.0,0.0
2026-04-16 17:51:08,30.6,56.9,37.6,54.0,0.0,0.0,0.0
2026-04-16 17:51:13,30.6,57.0,14.8,54.0,0.0,0.0,0.0
2026-04-16 17:51:18,30.7,57.0,29.4,54.0,0.0,0.0,0.0
2026-04-16 17:51:23,30.7,57.0,38.3,54.0,0.0,0.0,0.0
2026-04-16 17:51:28,30.7,57.1,25.5,54.0,0.0,0.0,0.0
2026-04-16 17:51:33,30.7,57.0,8.7,54.0,0.0,0.0,0.0
2026-04-16 17:51:38,30.7,56.9,10.3,54.0,0.0,0.0,0.0
2026-04-16 17:51:43,30.7,57.0,18.0,54.0,0.0,0.0,0.0
2026-04-16 17:51:48,30.6,57.1,32.6,54.0,0.0,0.0,0.0
2026-04-16 17:51:53,30.8,57.2,17.6,54.0,0.0,0.0,0.0
2026-04-16 17:51:58,30.7,57.2,20.5,54.0,0.0,0.0,0.0
2026-04-16 17:52:03,30.8,57.2,13.9,54.0,0.0,0.0,0.0
2026-04-16 17:52:08,30.6,57.4,52.6,54.0,0.0,0.0,0.0
2026-04-16 17:52:13,30.6,57.4,26.2,54.0,0.0,0.0,0.0
2026-04-16 17:52:18,30.7,57.3,5.8,54.0,0.0,0.0,0.0
2026-04-16 17:52:23,30.7,57.4,24.3,54.0,0.0,0.0,0.0
2026-04-16 17:52:28,30.6,57.4,15.5,54.0,0.0,0.0,0.0
2026-04-16 17:52:33,30.6,57.5,25.9,54.0,0.0,0.0,0.0
2026-04-16 17:52:38,30.7,57.5,15.1,54.0,0.0,0.0,0.0
2026-04-16 17:52:43,30.5,57.6,21.9,54.0,0.0,0.0,0.0
2026-04-16 17:52:48,30.7,57.6,21.3,54.0,0.0,0.0,0.0
2026-04-16 17:52:53,30.7,57.7,28.2,54.0,0.0,0.0,0.0
2026-04-16 17:52:58,30.7,57.6,4.8,54.0,0.0,0.0,0.0
2026-04-16 17:53:03,30.7,57.5,39.2,54.0,0.0,0.0,0.0
2026-04-16 17:53:08,30.6,57.4,25.7,54.1,0.0,0.0,0.0
2026-04-16 17:53:13,30.7,57.4,25.2,54.1,0.0,0.0,0.0
2026-04-16 17:53:18,30.6,57.4,18.0,54.0,0.0,0.0,0.0
2026-04-16 17:53:23,30.8,57.4,21.1,54.0,0.0,0.0,0.0
2026-04-16 17:53:28,30.6,57.4,28.3,54.0,0.0,0.0,0.0
2026-04-16 17:53:33,30.8,57.3,28.2,54.0,0.0,0.0,0.0
2026-04-16 17:53:38,30.6,57.3,7.8,54.0,0.0,0.0,0.0
2026-04-16 17:53:43,30.6,57.3,29.0,54.0,0.0,0.0,0.0
2026-04-16 17:53:48,30.7,57.1,30.8,54.0,0.0,0.0,0.0
2026-04-16 17:53:53,30.7,57.2,26.6,54.0,0.0,0.0,0.0
2026-04-16 17:53:58,30.5,57.2,20.7,54.0,0.0,0.0,0.0
2026-04-16 17:54:03,30.7,57.3,16.6,54.0,0.0,0.0,0.0
2026-04-16 17:54:08,30.7,57.2,59.0,54.0,0.0,0.0,0.0
2026-04-16 17:54:13,30.7,57.2,9.4,54.0,0.0,0.0,0.0
2026-04-16 17:54:18,30.8,57.3,2.4,54.0,0.0,0.0,0.0
2026-04-16 17:54:23,30.6,57.3,3.9,54.0,0.0,0.0,0.0
2026-04-16 17:54:28,30.8,57.4,26.3,54.0,0.0,0.0,0.0
2026-04-16 17:54:33,30.7,57.3,38.3,54.0,0.0,0.0,0.0
2026-04-16 17:54:38,30.5,57.3,15.1,54.0,0.0,0.0,0.0
2026-04-16 17:54:43,30.6,57.4,18.5,54.0,0.0,0.0,0.0
2026-04-16 17:54:48,30.7,57.4,40.5,54.0,0.0,0.0,0.0
2026-04-16 17:54:53,30.6,57.4,24.6,54.0,0.0,0.0,0.0
2026-04-16 17:54:58,30.7,57.4,31.3,54.0,0.0,0.0,0.0
2026-04-16 17:55:03,30.6,57.5,18.0,54.0,0.0,0.0,0.0
2026-04-16 17:55:08,30.7,57.5,20.7,54.0,0.0,0.0,0.0
2026-04-16 17:55:13,30.7,57.6,18.4,54.0,0.0,0.0,0.0
2026-04-16 17:55:18,30.6,57.7,21.6,54.0,0.0,0.0,0.0
2026-04-16 17:55:23,30.5,57.6,23.2,54.0,0.0,0.0,0.0
2026-04-16 17:55:28,30.7,57.6,31.9,54.0,0.0,0.0,0.0
2026-04-16 17:55:33,30.6,57.6,10.2,54.0,0.0,0.0,0.0
2026-04-16 17:55:38,30.6,57.4,17.2,54.0,0.0,0.0,0.0
2026-04-16 17:55:43,30.7,57.5,25.2,54.0,0.0,0.0,0.0
2026-04-16 17:55:48,30.5,57.6,8.3,54.0,0.0,0.0,0.0
2026-04-16 17:55:53,30.6,57.6,12.8,54.0,0.0,0.0,0.0
2026-04-16 17:55:58,30.6,57.4,7.6,54.0,0.0,0.0,0.0
2026-04-16 17:56:03,30.6,57.5,8.0,54.0,0.0,0.0,0.0
2026-04-16 17:56:08,30.6,57.7,17.9,54.0,0.0,0.0,0.0
2026-04-16 17:56:13,30.7,57.7,12.1,54.0,0.0,0.0,0.0
2026-04-16 17:56:18,30.6,57.7,14.4,54.0,0.0,0.0,0.0
2026-04-16 17:56:23,30.7,57.7,18.3,54.0,0.0,0.0,0.0
2026-04-16 17:56:28,30.4,57.8,31.5,54.0,0.0,0.0,0.0
2026-04-16 17:56:33,30.5,57.9,16.0,54.0,0.0,0.0,0.0
2026-04-16 17:56:38,30.5,57.9,9.9,54.0,0.0,0.0,0.0
2026-04-16 17:56:43,30.5,58.1,23.1,54.0,0.0,0.0,0.0
2026-04-16 17:56:48,30.6,58.0,12.3,54.0,0.0,0.0,0.0
2026-04-16 17:56:53,30.6,57.9,17.5,54.0,0.0,0.0,0.0
2026-04-16 17:56:58,30.6,58.0,17.8,54.0,0.0,0.0,0.0
2026-04-16 17:57:03,30.6,57.9,13.9,54.0,0.0,0.0,0.0
2026-04-16 17:57:08,30.5,58.0,14.5,54.0,0.0,0.0,0.0
2026-04-16 17:57:13,30.6,57.8,29.5,54.0,0.0,0.0,0.0
2026-04-16 17:57:18,30.6,57.7,18.7,54.0,0.0,0.0,0.0
2026-04-16 17:57:23,30.7,57.6,14.7,54.0,0.0,0.0,0.0
2026-04-16 17:57:28,30.6,57.6,15.3,54.0,0.0,0.0,0.0
2026-04-16 17:57:33,30.8,57.5,3.9,54.0,0.0,0.0,0.0
2026-04-16 17:57:38,30.6,57.5,34.5,54.0,0.0,0.0,0.0
2026-04-16 17:57:43,30.6,57.5,10.6,54.0,0.0,0.0,0.0
2026-04-16 17:57:48,30.7,57.7,0.0,54.0,0.0,0.0,0.0
2026-04-16 17:57:53,30.6,57.7,29.2,54.0,0.0,0.0,0.0
2026-04-16 17:57:58,30.5,57.6,24.6,54.0,0.0,0.0,0.0
2026-04-16 17:58:03,30.5,57.6,18.1,54.0,0.0,0.0,0.0
2026-04-16 17:58:08,30.6,57.7,22.9,54.0,0.0,0.0,0.0
2026-04-16 17:58:13,30.6,57.9,36.5,54.0,0.0,0.0,0.0
2026-04-16 17:58:18,30.6,57.9,15.5,54.0,0.0,0.0,0.0
2026-04-16 17:58:23,30.6,57.9,16.2,54.0,0.0,0.0,0.0
2026-04-16 17:58:28,30.7,57.8,23.4,54.0,0.0,0.0,0.0
2026-04-16 17:58:33,30.6,57.9,16.0,54.0,0.0,0.0,0.0
2026-04-16 17:58:38,30.7,57.9,19.1,54.0,0.0,0.0,0.0
2026-04-16 17:58:43,30.6,58.1,20.8,54.0,0.0,0.0,0.0
2026-04-16 17:58:48,30.6,58.1,10.3,54.0,0.0,0.0,0.0
2026-04-16 17:58:53,30.7,58.0,11.6,54.0,0.0,0.0,0.0
2026-04-16 17:58:58,30.6,58.1,8.5,54.0,0.0,0.0,0.0
2026-04-16 17:59:03,30.5,58.0,22.8,54.0,0.0,0.0,0.0
2026-04-16 17:59:08,30.8,57.9,25.5,54.0,0.0,0.0,0.0
2026-04-16 17:59:13,30.5,57.9,17.9,54.0,0.0,0.0,0.0
2026-04-16 17:59:18,30.5,57.9,10.9,54.0,0.0,0.0,0.0
2026-04-16 17:59:23,30.6,57.9,13.3,54.0,0.0,0.0,0.0
2026-04-16 17:59:28,30.7,57.7,28.5,54.0,0.0,0.0,0.0
2026-04-16 17:59:33,30.6,57.8,10.8,54.0,0.0,0.0,0.0
2026-04-16 17:59:38,30.7,57.9,11.2,54.0,0.0,0.0,0.0
2026-04-16 17:59:43,30.5,57.8,21.2,54.0,0.0,0.0,0.0
2026-04-16 17:59:48,30.7,57.8,18.8,54.0,0.0,0.0,0.0
2026-04-16 17:59:53,30.5,57.7,13.7,54.0,0.0,0.0,0.0
2026-04-16 17:59:58,30.5,57.8,10.5,54.0,0.0,0.0,0.0
2026-04-16 18:00:03,30.6,57.7,22.9,54.0,0.0,0.0,0.0
2026-04-16 18:00:08,30.6,57.7,15.3,54.0,0.0,0.0,0.0
2026-04-16 18:00:13,30.6,57.8,22.4,54.0,0.0,0.0,0.0
2026-04-16 18:00:18,30.7,57.6,23.3,54.0,0.0,0.0,0.0
2026-04-16 18:00:23,30.6,57.5,13.1,54.0,0.0,0.0,0.0
2026-04-16 18:00:28,30.5,57.7,10.3,54.0,0.0,0.0,0.0
2026-04-16 18:00:33,30.5,57.8,12.1,54.0,0.0,0.0,0.0
2026-04-16 18:00:38,30.6,57.9,10.9,54.0,0.0,0.0,0.0
2026-04-16 18:00:43,30.5,57.9,6.5,54.0,0.0,0.0,0.0
2026-04-16 18:00:48,30.8,57.9,11.8,54.0,0.0,0.0,0.0
2026-04-16 18:00:53,30.5,57.9,8.6,54.0,0.0,0.0,0.0
2026-04-16 18:00:58,30.9,58.0,10.2,54.0,0.0,0.0,0.0
2026-04-16 18:01:03,30.7,58.0,20.0,54.0,0.0,0.0,0.0
2026-04-16 18:01:08,30.7,58.0,7.2,54.0,0.0,0.0,0.0
2026-04-16 18:01:13,30.6,57.9,37.0,54.0,0.0,0.0,0.0
2026-04-16 18:01:18,30.6,57.9,3.3,54.0,0.0,0.0,0.0
2026-04-16 18:01:23,30.7,58.0,3.7,54.0,0.0,0.0,0.0
2026-04-16 18:01:28,30.7,58.0,11.9,54.0,0.0,0.0,0.0
2026-04-16 18:01:33,30.6,58.2,1.1,54.0,0.0,0.0,0.0
2026-04-16 18:01:38,30.6,58.0,19.8,54.0,0.0,0.0,0.0
2026-04-16 18:01:43,30.6,58.0,9.6,54.0,0.0,0.0,0.0
2026-04-16 18:01:48,30.5,58.0,37.9,54.0,0.0,0.0,0.0
2026-04-16 18:01:53,30.6,58.1,6.5,54.0,0.0,0.0,0.0
2026-04-16 18:01:58,30.7,58.1,18.8,54.0,0.0,0.0,0.0
2026-04-16 18:02:03,30.6,57.9,25.2,54.0,0.0,0.0,0.0
2026-04-16 18:02:08,30.6,57.9,0.0,54.0,0.0,0.0,0.0
2026-04-16 18:02:13,30.6,58.0,27.0,54.0,0.0,0.0,0.0
2026-04-16 18:02:18,30.7,58.0,6.6,54.0,0.0,0.0,0.0
2026-04-16 18:02:23,30.5,58.0,18.4,54.0,0.0,0.0,0.0
2026-04-16 18:02:28,30.6,57.9,27.1,54.0,0.0,0.0,0.0
2026-04-16 18:02:33,30.6,57.9,13.5,54.0,0.0,0.0,0.0
2026-04-16 18:02:38,30.7,57.9,12.7,54.0,0.0,0.0,0.0
2026-04-16 18:02:43,30.6,57.8,41.5,54.0,0.0,0.0,0.0
2026-04-16 18:02:48,30.6,57.9,12.8,54.0,0.0,0.0,0.0
2026-04-16 18:02:53,30.8,57.8,27.9,54.0,0.0,0.0,0.0
2026-04-16 18:02:58,30.5,57.9,29.5,54.0,0.0,0.0,0.0
2026-04-16 18:03:03,30.7,57.9,7.8,54.0,0.0,0.0,0.0
2026-04-16 18:03:08,30.6,58.0,16.1,54.0,0.0,0.0,0.0
2026-04-16 18:03:13,30.6,58.0,16.8,54.0,0.0,0.0,0.0
2026-04-16 18:03:18,30.6,57.9,21.1,54.0,0.0,0.0,0.0
2026-04-16 18:03:23,30.6,57.9,20.3,54.0,0.0,0.0,0.0
2026-04-16 18:03:28,30.5,57.9,23.3,54.0,0.0,0.0,0.0
2026-04-16 18:03:33,30.6,57.8,23.9,54.0,0.0,0.0,0.0
2026-04-16 18:03:38,30.6,57.9,18.3,54.0,0.0,0.0,0.0
2026-04-16 18:03:43,30.6,57.8,0.9,54.0,0.0,0.0,0.0
2026-04-16 18:03:48,30.6,57.8,0.0,54.0,0.0,0.0,0.0
2026-04-16 18:03:53,30.6,57.9,5.0,54.0,0.0,0.0,0.0
2026-04-16 18:03:58,30.6,58.0,21.6,54.0,0.0,0.0,0.0
2026-04-16 18:04:03,30.6,58.0,13.2,54.0,0.0,0.0,0.0
2026-04-16 18:04:08,30.6,58.1,22.6,54.0,0.0,0.0,0.0
2026-04-16 18:04:13,30.5,58.0,0.0,54.0,0.0,0.0,0.0
2026-04-16 18:04:18,30.6,58.0,8.1,54.0,0.0,0.0,0.0
2026-04-16 18:04:23,30.5,57.9,11.8,54.0,0.0,0.0,0.0
2026-04-16 18:04:28,30.6,57.7,28.4,54.0,0.0,0.0,0.0
2026-04-16 18:04:33,30.6,57.8,15.0,54.0,0.0,0.0,0.0
2026-04-16 18:04:38,30.9,57.8,12.7,54.0,0.0,0.0,0.0
2026-04-16 18:04:43,30.7,57.7,13.5,54.0,0.0,0.0,0.0
2026-04-16 18:04:48,30.7,57.7,12.7,54.0,0.0,0.0,0.0
2026-04-16 18:04:53,30.6,57.8,12.2,54.0,0.0,0.0,0.0
2026-04-16 18:04:58,30.6,57.8,9.8,54.0,0.0,0.0,0.0
2026-04-16 18:05:03,30.6,57.7,35.4,54.0,0.0,0.0,0.0
2026-04-16 18:05:08,30.7,57.8,10.4,54.0,0.0,0.0,0.0
2026-04-16 18:05:13,30.7,57.7,18.5,54.0,0.0,0.0,0.0
2026-04-16 18:05:18,30.7,57.7,11.3,54.0,0.0,0.0,0.0
2026-04-16 18:05:23,30.6,57.7,11.1,54.0,0.0,0.0,0.0
2026-04-16 18:05:28,30.6,57.8,10.1,54.0,0.0,0.0,0.0
2026-04-16 18:05:33,30.5,57.7,6.7,54.0,0.0,0.0,0.0
2026-04-16 18:05:38,30.7,57.7,24.6,54.0,0.0,0.0,0.0
2026-04-16 18:05:43,30.6,57.7,16.4,54.0,0.0,0.0,0.0
2026-04-16 18:05:48,30.5,57.5,4.9,54.0,0.0,0.0,0.0
2026-04-16 18:05:53,30.6,57.5,12.1,54.0,0.0,0.0,0.0
2026-04-16 18:05:58,30.6,57.4,12.2,54.0,0.0,0.0,0.0
2026-04-16 18:06:03,30.5,57.4,4.9,54.0,0.0,0.0,0.0
2026-04-16 18:06:08,30.6,57.4,32.7,54.0,0.0,0.0,0.0
2026-04-16 18:06:13,30.7,57.4,17.3,54.0,0.0,0.0,0.0
2026-04-16 18:06:18,30.6,57.2,11.2,54.0,0.0,0.0,0.0
2026-04-16 18:06:23,30.7,57.3,17.1,54.0,0.0,0.0,0.0
2026-04-16 18:06:28,30.7,57.2,15.8,54.0,0.0,0.0,0.0
2026-04-16 18:06:33,30.6,57.4,27.4,54.0,0.0,0.0,0.0
2026-04-16 18:06:38,30.7,57.4,7.2,54.0,0.0,0.0,0.0
2026-04-16 18:06:43,30.6,57.4,14.1,54.0,0.0,0.0,0.0
2026-04-16 18:06:48,30.5,57.5,0.1,54.0,0.0,0.0,0.0
2026-04-16 18:06:53,30.6,57.7,16.0,54.0,0.0,0.0,0.0
2026-04-16 18:06:58,30.6,57.7,4.5,54.0,0.0,0.0,0.0
2026-04-16 18:07:03,30.5,57.7,23.6,54.0,0.0,0.0,0.0
2026-04-16 18:07:08,30.6,57.7,15.7,54.0,0.0,0.0,0.0
2026-04-16 18:07:13,30.7,57.6,29.8,54.0,0.0,0.0,0.0
2026-04-16 18:07:18,30.5,57.6,12.8,54.0,0.0,0.0,0.0
2026-04-16 18:07:23,30.5,57.7,3.7,54.0,0.0,0.0,0.0
2026-04-16 18:07:28,30.6,57.7,16.6,54.0,0.0,0.0,0.0
2026-04-16 18:07:33,30.5,57.6,23.6,54.0,0.0,0.0,0.0
2026-04-16 18:07:38,30.6,57.7,10.5,54.0,0.0,0.0,0.0
2026-04-16 18:07:43,30.6,57.7,6.4,54.0,0.0,0.0,0.0
2026-04-16 18:07:48,30.6,57.7,20.8,54.0,0.0,0.0,0.0
2026-04-16 18:07:53,30.5,57.7,8.5,54.0,0.0,0.0,0.0
2026-04-16 18:07:58,30.7,57.5,2.4,54.0,0.0,0.0,0.0
2026-04-16 18:08:03,30.6,57.5,10.5,54.0,0.0,0.0,0.0
2026-04-16 18:08:08,30.7,57.6,1.3,54.0,0.0,0.0,0.0
2026-04-16 18:08:13,30.7,57.5,7.2,54.0,0.0,0.0,0.0
2026-04-16 18:08:18,30.6,57.5,17.3,54.0,0.0,0.0,0.0
2026-04-16 18:08:23,30.6,57.6,14.0,54.0,0.0,0.0,0.0
2026-04-16 18:08:28,30.7,57.6,10.6,54.0,0.0,0.0,0.0
2026-04-16 18:08:33,30.5,57.7,10.8,54.0,0.0,0.0,0.0
2026-04-16 18:08:38,30.6,57.7,15.5,54.0,0.0,0.0,0.0
2026-04-16 18:08:43,30.6,57.8,9.2,54.0,0.0,0.0,0.0
2026-04-16 18:08:48,30.6,57.9,23.1,54.0,0.0,0.0,0.0
2026-04-16 18:08:53,30.5,58.0,7.6,54.0,0.0,0.0,0.0
2026-04-16 18:08:58,30.6,58.0,0.8,54.0,0.0,0.0,0.0
2026-04-16 18:09:03,30.6,58.1,7.6,54.0,0.0,0.0,0.0
2026-04-16 18:09:08,30.7,58.0,21.4,54.0,0.0,0.0,0.0
2026-04-16 18:09:13,30.7,58.0,20.1,54.0,0.0,0.0,0.0
2026-04-16 18:09:18,30.5,58.0,0.0,54.0,0.0,0.0,0.0
2026-04-16 18:09:23,30.7,57.9,36.3,54.0,0.0,0.0,0.0
2026-04-16 18:09:28,30.7,58.0,17.5,54.0,0.0,0.0,0.0
2026-04-16 18:09:33,30.6,58.0,17.7,54.0,0.0,0.0,0.0
2026-04-16 18:09:38,30.6,58.1,25.8,54.0,0.0,0.0,0.0
2026-04-16 18:09:43,30.6,58.0,21.5,54.0,0.0,0.0,0.0
2026-04-16 18:09:48,30.6,58.0,22.6,54.0,0.0,0.0,0.0
2026-04-16 18:09:53,30.5,58.2,9.1,54.0,0.0,0.0,0.0
2026-04-16 18:09:58,30.5,58.2,7.9,54.0,0.0,0.0,0.0
2026-04-16 18:10:03,30.6,58.2,9.3,54.0,0.0,0.0,0.0
2026-04-16 18:10:08,30.5,58.1,27.7,54.0,0.0,0.0,0.0
2026-04-16 18:10:13,30.6,58.1,26.3,53.9,0.0,0.0,0.0
2026-04-16 18:10:18,30.9,58.1,18.1,53.9,0.0,0.0,0.0
2026-04-16 18:10:23,30.6,58.0,23.3,53.9,0.0,0.0,0.0
2026-04-16 18:10:28,30.6,57.9,27.2,53.9,0.0,0.0,0.0
2026-04-16 18:10:33,30.5,58.0,14.4,53.9,0.0,0.0,0.0
2026-04-16 18:10:38,30.8,58.0,16.0,54.0,0.0,0.0,0.0
2026-04-16 18:10:43,30.7,57.9,34.5,54.0,0.0,0.0,0.0
2026-04-16 18:10:48,30.6,57.9,7.9,54.0,0.0,0.0,0.0
2026-04-16 18:10:53,30.6,57.8,14.2,54.0,0.0,0.0,0.0
2026-04-16 18:10:58,30.4,57.9,18.4,54.0,0.0,0.0,0.0
2026-04-16 18:11:03,30.6,58.0,7.1,54.0,0.0,0.0,0.0
2026-04-16 18:11:08,30.6,58.1,1.4,54.0,0.0,0.0,0.0
2026-04-16 18:11:13,30.6,58.2,28.7,54.0,0.0,0.0,0.0
2026-04-16 18:11:18,30.6,58.2,24.8,54.0,0.0,0.0,0.0
2026-04-16 18:11:23,30.6,58.2,9.1,54.0,0.0,0.0,0.0
2026-04-16 18:11:28,30.5,58.2,5.9,54.0,0.0,0.0,0.0
2026-04-16 18:11:33,30.6,58.3,6.9,54.0,0.0,0.0,0.0
2026-04-16 18:11:38,30.5,58.2,10.5,54.0,0.0,0.0,0.0
2026-04-16 18:11:43,30.5,58.1,15.5,54.0,0.0,0.0,0.0
2026-04-16 18:11:48,30.6,58.1,21.7,54.0,0.0,0.0,0.0
2026-04-16 18:11:53,30.6,58.2,19.1,54.0,0.0,0.0,0.0
2026-04-16 18:11:58,30.6,58.2,22.3,54.0,0.0,0.0,0.0
2026-04-16 18:12:03,30.4,58.0,15.3,54.0,0.0,0.0,0.0
2026-04-16 18:12:08,30.5,58.1,5.7,54.0,0.0,0.0,0.0
2026-04-16 18:12:13,30.5,58.1,13.0,54.0,0.0,0.0,0.0
2026-04-16 18:12:18,30.5,58.1,35.0,54.0,0.0,0.0,0.0
2026-04-16 18:12:23,30.5,58.1,39.0,54.0,0.0,0.0,0.0
2026-04-16 18:12:28,30.5,58.1,3.6,54.0,0.0,0.0,0.0
2026-04-16 18:12:33,30.8,57.9,13.6,54.0,0.0,0.0,0.0
2026-04-16 18:12:38,30.6,57.9,24.7,54.0,0.0,0.0,0.0
2026-04-16 18:12:43,30.7,57.9,14.5,54.0,0.0,0.0,0.0
2026-04-16 18:12:48,30.6,57.9,25.3,54.0,0.0,0.0,0.0
2026-04-16 18:12:53,30.6,58.0,0.1,54.0,0.0,0.0,0.0
2026-04-16 18:12:58,30.6,58.0,38.0,54.0,0.0,0.0,0.0
2026-04-16 18:13:03,30.5,58.1,14.0,54.0,0.0,0.0,0.0
2026-04-16 18:13:08,30.5,58.1,19.2,54.0,0.0,0.0,0.0
2026-04-16 18:13:13,30.5,58.2,3.5,54.0,0.0,0.0,0.0
2026-04-16 18:13:18,30.5,58.3,7.2,54.0,0.0,0.0,0.0
2026-04-16 18:13:23,30.6,58.3,8.2,54.0,0.0,0.0,0.0
2026-04-16 18:13:28,30.5,58.3,0.0,54.0,0.0,0.0,0.0
2026-04-16 18:13:33,30.5,58.3,8.2,54.0,0.0,0.0,0.0
2026-04-16 18:13:38,30.5,58.4,1.8,54.0,0.0,0.0,0.0
2026-04-16 18:13:43,30.6,58.4,9.1,54.0,0.0,0.0,0.0
2026-04-16 18:13:48,30.5,58.5,8.0,54.0,0.0,0.0,0.0
2026-04-16 18:13:53,30.6,58.5,0.3,53.9,0.0,0.0,0.0
2026-04-16 18:13:58,30.6,58.6,20.8,53.9,0.0,0.0,0.0
2026-04-16 18:14:03,30.7,58.6,0.0,54.0,0.0,0.0,0.0
2026-04-16 18:14:08,30.5,58.7,4.4,54.0,0.0,0.0,0.0
2026-04-16 18:14:13,30.6,58.6,41.2,54.0,0.0,0.0,0.0
2026-04-16 18:14:18,30.6,58.6,20.4,54.0,0.0,0.0,0.0
2026-04-16 18:14:23,30.4,58.5,20.7,54.0,0.0,0.0,0.0
2026-04-16 18:14:28,30.5,58.6,9.6,54.0,0.0,0.0,0.0
2026-04-16 18:14:33,30.5,58.8,0.0,54.0,0.0,0.0,0.0
2026-04-16 18:14:38,30.5,58.6,9.9,54.0,0.0,0.0,0.0
2026-04-16 18:14:43,30.6,58.6,4.8,54.0,0.0,0.0,0.0
2026-04-16 18:14:48,30.6,58.5,21.9,54.0,0.0,0.0,0.0
2026-04-16 18:14:53,30.6,58.4,6.0,54.0,0.0,0.0,0.0
2026-04-16 18:14:58,30.6,58.5,29.0,54.0,0.0,0.0,0.0
2026-04-16 18:15:03,30.5,58.5,0.0,54.0,0.0,0.0,0.0
2026-04-16 18:15:08,30.7,58.5,19.5,54.0,0.0,0.0,0.0
2026-04-16 18:15:13,30.7,58.4,11.5,54.0,0.0,0.0,0.0
2026-04-16 18:15:18,30.7,58.3,7.1,54.0,0.0,0.0,0.0
2026-04-16 18:15:23,30.6,58.3,17.8,54.0,0.0,0.0,0.0
2026-04-16 18:15:28,30.5,58.2,15.3,54.0,0.0,0.0,0.0
2026-04-16 18:15:33,30.6,58.2,32.1,54.0,0.0,0.0,0.0
2026-04-16 18:15:38,30.6,58.2,21.4,54.0,0.0,0.0,0.0
2026-04-16 18:15:43,30.5,58.3,2.1,54.0,0.0,0.0,0.0
2026-04-16 18:15:48,30.6,58.3,13.5,54.0,0.0,0.0,0.0
2026-04-16 18:15:53,30.5,58.5,2.9,54.0,0.0,0.0,0.0
2026-04-16 18:15:58,30.5,58.4,17.8,54.0,0.0,0.0,0.0
2026-04-16 18:16:03,30.6,58.3,9.4,54.0,0.0,0.0,0.0
2026-04-16 18:16:08,30.6,58.4,14.5,54.0,0.0,0.0,0.0
2026-04-16 18:16:13,30.7,58.2,8.9,54.0,0.0,0.0,0.0
2026-04-16 18:16:18,30.6,58.2,35.2,54.0,0.0,0.0,0.0
2026-04-16 18:16:23,30.5,58.4,15.9,54.0,0.0,0.0,0.0
2026-04-16 18:16:28,30.5,58.4,28.3,54.0,0.0,0.0,0.0
2026-04-16 18:16:33,30.5,58.2,0.0,54.0,0.0,0.0,0.0
2026-04-16 18:16:38,30.4,58.2,21.1,54.0,0.0,0.0,0.0
2026-04-16 18:16:43,30.4,58.2,18.0,54.0,0.0,0.0,0.0
2026-04-16 18:16:48,30.6,58.2,20.2,54.0,0.0,0.0,0.0
2026-04-16 18:16:53,30.5,58.2,21.1,53.9,0.0,0.0,0.0
2026-04-16 18:16:58,30.5,58.2,9.3,53.9,0.0,0.0,0.0
2026-04-16 18:17:03,30.4,58.2,23.0,53.9,0.0,0.0,0.0
2026-04-16 18:17:08,30.6,58.3,13.1,54.0,0.0,0.0,0.0
2026-04-16 18:17:13,30.4,58.2,17.9,54.0,0.0,0.0,0.0
2026-04-16 18:17:18,30.6,58.3,25.5,54.0,0.0,0.0,0.0
2026-04-16 18:17:23,30.5,58.1,14.9,54.0,0.0,0.0,0.0
2026-04-16 18:17:28,30.8,58.1,21.6,54.0,0.0,0.0,0.0
2026-04-16 18:17:33,30.5,58.0,18.8,54.0,0.0,0.0,0.0
2026-04-16 18:17:38,30.6,58.1,14.5,54.0,0.0,0.0,0.0
2026-04-16 18:17:43,30.5,58.0,21.7,54.0,0.0,0.0,0.0
2026-04-16 18:17:48,30.3,58.1,13.1,54.0,0.0,0.0,0.0
2026-04-16 18:17:53,30.4,57.9,11.9,54.0,0.0,0.0,0.0
2026-04-16 18:17:58,30.6,58.0,3.0,54.0,0.0,0.0,0.0
2026-04-16 18:18:03,30.4,58.0,21.2,54.0,0.0,0.0,0.0
2026-04-16 18:18:08,30.6,57.9,9.1,53.9,0.0,0.0,0.0
2026-04-16 18:18:13,30.6,57.9,15.5,53.9,0.0,0.0,0.0
2026-04-16 18:18:18,30.4,57.9,24.3,53.9,0.0,0.0,0.0
2026-04-16 18:18:23,30.5,57.9,9.0,53.9,0.0,0.0,0.0
2026-04-16 18:18:28,30.6,57.9,4.8,53.9,0.0,0.0,0.0
2026-04-16 18:18:33,30.7,57.8,5.2,54.0,0.0,0.0,0.0
2026-04-16 18:18:38,30.5,57.8,25.9,54.0,0.0,0.0,0.0
2026-04-16 18:18:43,30.5,57.8,19.9,53.9,0.0,0.0,0.0
2026-04-16 18:18:48,30.5,57.8,18.8,53.9,0.0,0.0,0.0
2026-04-16 18:18:53,30.6,57.8,6.6,53.9,0.0,0.0,0.0
2026-04-16 18:18:58,30.5,57.9,27.0,53.9,0.0,0.0,0.0
2026-04-16 18:19:03,30.5,58.1,6.7,53.9,0.0,0.0,0.0
2026-04-16 18:19:08,30.6,58.1,25.3,54.0,0.0,0.0,0.0
2026-04-16 18:19:13,30.5,58.2,0.7,54.0,0.0,0.0,0.0
2026-04-16 18:19:18,30.6,58.1,3.1,54.0,0.0,0.0,0.0
2026-04-16 18:19:23,30.5,58.2,12.5,54.0,0.0,0.0,0.0
2026-04-16 18:19:28,30.3,58.1,34.0,53.9,0.0,0.0,0.0
2026-04-16 18:19:33,30.5,58.1,6.9,53.9,0.0,0.0,0.0
2026-04-16 18:19:38,30.3,58.2,24.2,53.9,0.0,0.0,0.0
2026-04-16 18:19:43,30.5,58.1,32.1,53.9,0.0,0.0,0.0
2026-04-16 18:19:48,30.5,58.1,16.3,54.0,0.0,0.0,0.0
2026-04-16 18:19:53,30.5,58.1,12.3,54.0,0.0,0.0,0.0
2026-04-16 18:19:58,30.6,58.3,9.1,53.9,0.0,0.0,0.0
2026-04-16 18:20:03,30.4,58.3,18.9,53.9,0.0,0.0,0.0
2026-04-16 18:20:08,30.6,58.3,3.4,53.9,0.0,0.0,0.0
2026-04-16 18:20:13,30.5,58.4,29.6,53.9,0.0,0.0,0.0
2026-04-16 18:20:18,30.5,58.5,14.3,53.9,0.0,0.0,0.0
2026-04-16 18:20:23,30.5,58.5,21.0,53.9,0.0,0.0,0.0
2026-04-16 18:20:28,30.5,58.6,14.6,53.9,0.0,0.0,0.0
2026-04-16 18:20:33,30.6,58.6,5.8,53.9,0.0,0.0,0.0
2026-04-16 18:20:38,30.6,58.6,18.4,53.9,0.0,0.0,0.0
2026-04-16 18:20:43,30.5,58.5,2.5,53.9,0.0,0.0,0.0
2026-04-16 18:20:48,30.5,58.6,29.5,53.9,0.0,0.0,0.0
2026-04-16 18:20:53,30.6,58.5,18.5,54.0,0.0,0.0,0.0
2026-04-16 18:20:58,30.6,58.6,11.4,54.0,0.0,0.0,0.0
2026-04-16 18:21:03,30.7,58.6,16.6,54.0,0.0,0.0,0.0
2026-04-16 18:21:08,30.6,58.6,17.0,54.0,0.0,0.0,0.0
2026-04-16 18:21:13,30.6,58.6,12.0,54.0,0.0,0.0,0.0
2026-04-16 18:21:18,30.6,58.5,11.8,53.9,0.0,0.0,0.0
2026-04-16 18:21:23,30.6,58.6,17.4,53.9,0.0,0.0,0.0
2026-04-16 18:21:28,30.7,58.6,7.9,53.9,0.0,0.0,0.0
2026-04-16 18:21:33,30.5,58.7,29.5,53.9,0.0,0.0,0.0
2026-04-16 18:21:38,30.5,58.8,33.7,54.0,0.0,0.0,0.0
2026-04-16 18:21:43,30.7,58.9,14.7,54.0,0.0,0.0,0.0
2026-04-16 18:21:48,30.8,58.8,9.4,53.9,0.0,0.0,0.0
2026-04-16 18:21:53,30.5,58.8,11.7,53.9,0.0,0.0,0.0
2026-04-16 18:21:58,30.5,58.7,15.0,53.9,0.0,0.0,0.0
2026-04-16 18:22:03,30.7,58.8,22.6,53.9,0.0,0.0,0.0
2026-04-16 18:22:08,30.7,58.7,5.7,53.9,0.0,0.0,0.0
2026-04-16 18:22:13,30.6,58.7,19.8,54.0,0.0,0.0,0.0
2026-04-16 18:22:18,30.5,58.7,6.8,54.0,0.0,0.0,0.0
2026-04-16 18:22:23,30.4,58.8,21.5,53.9,0.0,0.0,0.0
2026-04-16 18:22:28,30.4,58.9,42.3,53.9,0.0,0.0,0.0
2026-04-16 18:22:33,30.6,59.0,29.4,53.9,0.0,0.0,0.0
2026-04-16 18:22:38,30.7,59.0,3.3,53.9,0.0,0.0,0.0
2026-04-16 18:22:43,30.6,59.0,10.6,53.9,0.0,0.0,0.0
2026-04-16 18:22:48,30.6,59.1,39.6,,0.0,0.0,0.0
2026-04-16 18:22:53,30.6,59.0,21.8,53.9,0.0,0.0,0.0
2026-04-16 18:22:58,30.6,58.9,16.8,53.9,0.0,0.0,0.0
2026-04-16 18:23:03,30.6,58.9,32.4,53.9,0.0,0.0,0.0
2026-04-16 18:23:08,30.4,58.7,19.1,53.9,0.0,0.0,0.0
2026-04-16 18:23:13,30.5,58.6,14.9,54.0,0.0,0.0,0.0
2026-04-16 18:23:18,30.6,58.6,35.8,54.0,0.0,0.0,0.0
2026-04-16 18:23:23,30.5,58.6,30.6,54.0,0.0,0.0,0.0
2026-04-16 18:23:28,30.5,58.5,29.5,54.0,0.0,0.0,0.0
2026-04-16 18:23:33,30.6,58.7,12.1,54.0,0.0,0.0,0.0
2026-04-16 18:23:38,30.7,58.6,7.2,54.0,0.0,0.0,0.0
2026-04-16 18:23:43,30.7,58.6,14.1,54.0,0.0,0.0,0.0
2026-04-16 18:23:48,30.5,58.7,14.2,54.0,0.0,0.0,0.0
2026-04-16 18:23:53,30.6,58.8,4.1,54.0,0.0,0.0,0.0
2026-04-16 18:23:58,30.6,58.7,18.3,54.0,0.0,0.0,0.0
2026-04-16 18:24:03,30.6,58.6,6.9,54.0,0.0,0.0,0.0
2026-04-16 18:24:08,30.6,58.5,14.4,54.0,0.0,0.0,0.0
2026-04-16 18:24:13,30.5,58.5,11.6,53.9,0.0,0.0,0.0
2026-04-16 18:24:18,30.5,58.5,27.0,53.9,0.0,0.0,0.0
2026-04-16 18:24:23,30.7,58.4,21.4,53.9,0.0,0.0,0.0
2026-04-16 18:24:28,30.5,58.3,29.9,54.0,0.0,0.0,0.0
2026-04-16 18:24:33,30.7,58.2,7.2,54.0,0.0,0.0,0.0
2026-04-16 18:24:38,30.6,58.1,14.9,54.0,0.0,0.0,0.0
2026-04-16 18:24:43,30.6,58.2,9.0,54.0,0.0,0.0,0.0
2026-04-16 18:24:48,30.5,58.2,33.9,54.0,0.0,0.0,0.0
2026-04-16 18:24:53,30.6,58.2,0.0,54.0,0.0,0.0,0.0
2026-04-16 18:24:58,30.7,58.1,16.8,54.0,0.0,0.0,0.0
2026-04-16 18:25:03,30.5,58.2,6.7,54.0,0.0,0.0,0.0
2026-04-16 18:25:08,30.7,58.2,20.1,54.0,0.0,0.0,0.0
2026-04-16 18:25:13,30.6,58.2,0.0,54.0,0.0,0.0,0.0
2026-04-16 18:25:18,30.6,58.2,28.0,54.0,0.0,0.0,0.0
2026-04-16 18:25:23,30.7,58.2,0.0,54.0,0.0,0.0,0.0
2026-04-16 18:25:28,30.5,58.2,0.0,54.0,0.0,0.0,0.0
2026-04-16 18:25:33,30.5,58.3,1.5,54.0,0.0,0.0,0.0
2026-04-16 18:25:38,30.5,58.4,0.0,54.0,0.0,0.0,0.0
2026-04-16 18:25:43,30.6,58.3,10.7,54.0,0.0,0.0,0.0
2026-04-16 18:25:48,30.6,58.3,27.0,53.9,0.0,0.0,0.0
2026-04-16 18:25:53,30.6,58.2,15.8,53.9,0.0,0.0,0.0
2026-04-16 18:25:58,30.6,58.2,9.9,53.9,0.0,0.0,0.0
2026-04-16 18:26:03,30.5,58.1,0.6,53.9,0.0,0.0,0.0
2026-04-16 18:26:08,30.5,58.0,23.5,53.9,0.0,0.0,0.0
2026-04-16 18:26:13,30.7,58.0,3.4,53.9,0.0,0.0,0.0
2026-04-16 18:26:18,30.8,58.0,6.6,53.9,0.0,0.0,0.0
2026-04-16 18:26:23,30.5,58.1,13.7,53.9,0.0,0.0,0.0
2026-04-16 18:26:28,30.6,58.0,6.5,53.9,0.0,0.0,0.0
2026-04-16 18:26:33,30.7,58.0,11.8,53.9,0.0,0.0,0.0
2026-04-16 18:26:38,30.6,58.1,22.3,53.9,0.0,0.0,0.0
2026-04-16 18:26:43,30.6,58.1,2.9,53.9,0.0,0.0,0.0
2026-04-16 18:26:48,30.7,58.0,11.4,53.9,0.0,0.0,0.0
2026-04-16 18:26:53,30.7,57.9,32.0,54.0,0.0,0.0,0.0
2026-04-16 18:26:58,30.6,58.0,15.4,54.0,0.0,0.0,0.0
2026-04-16 18:27:03,30.6,58.1,9.1,54.0,0.0,0.0,0.0
2026-04-16 18:27:08,30.5,58.2,11.4,53.9,0.0,0.0,0.0
2026-04-16 18:27:13,30.4,58.2,10.5,53.9,0.0,0.0,0.0
2026-04-16 18:27:18,30.6,58.1,10.3,53.9,0.0,0.0,0.0
2026-04-16 18:27:23,30.6,58.1,5.2,53.9,0.0,0.0,0.0
2026-04-16 18:27:28,30.4,58.1,1.1,53.9,0.0,0.0,0.0
2026-04-16 18:27:33,30.8,58.0,10.2,53.9,0.0,0.0,0.0
2026-04-16 18:27:38,30.6,58.1,6.0,53.9,0.0,0.0,0.0
2026-04-16 18:27:43,30.6,58.2,3.7,53.9,0.0,0.0,0.0
2026-04-16 18:27:48,30.6,58.2,0.1,53.9,0.0,0.0,0.0
2026-04-16 18:27:53,30.6,58.2,15.4,54.0,0.0,0.0,0.0
2026-04-16 18:27:58,30.7,58.1,22.5,54.0,0.0,0.0,0.0
2026-04-16 18:28:03,30.4,58.0,8.7,54.0,0.0,0.0,0.0
2026-04-16 18:28:08,30.6,58.0,10.4,54.0,0.0,0.0,0.0
2026-04-16 18:28:13,30.7,57.8,0.0,54.0,0.0,0.0,0.0
2026-04-16 18:28:18,30.6,57.7,16.6,54.0,0.0,0.0,0.0
2026-04-16 18:28:23,30.7,57.8,6.9,54.0,0.0,0.0,0.0
2026-04-16 18:28:28,30.6,57.8,15.4,53.9,0.0,0.0,0.0
2026-04-16 18:28:33,30.7,57.9,8.2,53.9,0.0,0.0,0.0
2026-04-16 18:28:38,30.7,57.9,1.8,53.9,0.0,0.0,0.0
2026-04-16 18:28:43,30.7,57.9,9.8,53.9,0.0,0.0,0.0
2026-04-16 18:28:48,30.5,57.9,18.5,53.9,0.0,0.0,0.0
2026-04-16 18:28:53,30.6,58.0,22.9,54.0,0.0,0.0,0.0
2026-04-16 18:28:58,30.7,57.9,20.8,54.0,0.0,0.0,0.0
2026-04-16 18:29:03,30.6,58.0,14.2,54.0,0.0,0.0,0.0
2026-04-16 18:29:08,30.5,58.1,13.0,54.0,0.0,0.0,0.0
2026-04-16 18:29:13,30.7,58.1,15.0,54.0,0.0,0.0,0.0
2026-04-16 18:29:18,30.7,58.0,25.4,54.0,0.0,0.0,0.0
2026-04-16 18:29:23,30.5,58.0,19.5,54.0,0.0,0.0,0.0
2026-04-16 18:29:28,30.4,58.2,0.0,53.9,0.0,0.0,0.0
2026-04-16 18:29:33,30.5,58.2,28.6,53.9,0.0,0.0,0.0
2026-04-16 18:29:38,30.5,58.2,14.8,54.0,0.0,0.0,0.0
2026-04-16 18:29:43,30.6,58.1,18.8,54.0,0.0,0.0,0.0
2026-04-16 18:29:48,30.5,58.1,9.1,53.9,0.0,0.0,0.0
2026-04-16 18:29:53,30.6,58.2,20.6,53.9,0.0,0.0,0.0
2026-04-16 18:29:58,30.7,58.4,21.1,53.9,0.0,0.0,0.0
2026-04-16 18:30:03,30.7,58.4,14.1,53.9,0.0,0.0,0.0
2026-04-16 18:30:08,30.7,58.3,18.8,53.9,0.0,0.0,0.0
2026-04-16 18:30:13,30.7,58.3,22.1,53.9,0.0,0.0,0.0
2026-04-16 18:30:18,30.5,58.4,31.5,53.9,0.0,0.0,0.0
2026-04-16 18:30:23,30.7,58.6,21.4,53.9,0.0,0.0,0.0
2026-04-16 18:30:28,30.5,58.5,24.8,53.9,0.0,0.0,0.0
2026-04-16 18:30:33,30.5,58.4,23.9,53.9,0.0,0.0,0.0
2026-04-16 18:30:38,30.5,58.4,0.0,53.9,0.0,0.0,0.0
2026-04-16 18:30:43,30.6,58.4,9.3,53.9,0.0,0.0,0.0
2026-04-16 18:30:48,30.6,58.3,16.1,53.9,0.0,0.0,0.0
2026-04-16 18:30:53,30.6,58.2,19.4,53.9,0.0,0.0,0.0
2026-04-16 18:30:58,30.5,58.4,34.3,53.9,0.0,0.0,0.0
2026-04-16 18:31:03,30.6,58.3,22.3,53.9,0.0,0.0,0.0
2026-04-16 18:31:08,30.7,58.4,8.3,53.9,0.0,0.0,0.0
2026-04-16 18:31:13,30.5,58.3,36.8,53.9,0.0,0.0,0.0
2026-04-16 18:31:18,30.5,58.2,10.7,53.9,0.0,0.0,0.0
2026-04-16 18:31:23,30.7,58.2,33.0,53.9,0.0,0.0,0.0
2026-04-16 18:31:28,30.6,58.2,0.0,53.9,0.0,0.0,0.0
2026-04-16 18:31:33,30.7,58.1,26.7,53.9,0.0,0.0,0.0
2026-04-16 18:31:38,30.6,58.1,15.2,53.9,0.0,0.0,0.0
2026-04-16 18:31:43,30.5,58.2,0.0,53.9,0.0,0.0,0.0
2026-04-16 18:31:48,30.5,58.3,3.8,53.9,0.0,0.0,0.0
2026-04-16 18:31:53,30.5,58.5,24.7,53.9,0.0,0.0,0.0
2026-04-16 18:31:58,30.6,58.5,14.1,53.9,0.0,0.0,0.0
2026-04-16 18:32:03,30.6,58.5,21.5,53.9,0.0,0.0,0.0
2026-04-16 18:32:08,30.7,58.3,6.4,53.9,0.0,0.0,0.0
2026-04-16 18:32:13,30.6,58.3,38.0,53.9,0.0,0.0,0.0
2026-04-16 18:32:18,30.6,58.3,5.5,53.9,0.0,0.0,0.0
2026-04-16 18:32:23,30.4,58.4,18.0,53.9,0.0,0.0,0.0
2026-04-16 18:32:28,30.5,58.5,14.2,53.9,0.0,0.0,0.0
2026-04-16 18:32:33,30.7,58.6,21.3,53.9,0.0,0.0,0.0
2026-04-16 18:32:38,30.6,58.5,14.5,53.9,0.0,0.0,0.0
2026-04-16 18:32:43,30.5,58.5,20.1,53.9,0.0,0.0,0.0
2026-04-16 18:32:48,30.5,58.5,0.0,53.9,0.0,0.0,0.0
2026-04-16 18:32:53,30.6,58.5,6.1,53.9,0.0,0.0,0.0
2026-04-16 18:32:58,30.5,58.3,14.8,53.9,0.0,0.0,0.0
2026-04-16 18:33:03,30.5,58.4,14.7,53.9,0.0,0.0,0.0
2026-04-16 18:33:08,30.6,58.4,28.5,53.9,0.0,0.0,0.0
2026-04-16 18:33:13,30.7,58.4,12.3,53.9,0.0,0.0,0.0
2026-04-16 18:33:18,30.6,58.5,12.0,53.9,0.0,0.0,0.0
2026-04-16 18:33:23,30.7,58.6,28.7,53.9,0.0,0.0,0.0
2026-04-16 18:33:28,30.6,58.6,19.8,53.9,0.0,0.0,0.0
2026-04-16 18:33:33,30.5,58.6,3.7,53.9,0.0,0.0,0.0
2026-04-16 18:33:38,30.7,58.5,38.7,53.9,0.0,0.0,0.0
2026-04-16 18:33:43,30.5,58.4,15.6,53.9,0.0,0.0,0.0
2026-04-16 18:33:48,30.6,58.3,15.6,53.9,0.0,0.0,0.0
2026-04-16 18:33:53,30.6,58.4,14.6,53.9,0.0,0.0,0.0
2026-04-16 18:33:58,30.6,58.2,8.0,53.9,0.0,0.0,0.0
2026-04-16 18:34:03,30.5,58.2,23.5,53.9,0.0,0.0,0.0
2026-04-16 18:34:08,30.6,58.3,13.3,53.9,0.0,0.0,0.0
2026-04-16 18:34:13,30.6,58.2,36.6,53.9,0.0,0.0,0.0
2026-04-16 18:34:18,30.6,58.1,10.1,53.9,0.0,0.0,0.0
2026-04-16 18:34:23,30.5,58.1,8.3,53.9,0.0,0.0,0.0
2026-04-16 18:34:28,30.5,58.1,21.5,53.9,0.0,0.0,0.0
2026-04-16 18:34:33,30.6,58.2,24.4,53.9,0.0,0.0,0.0
2026-04-16 18:34:38,30.6,58.2,18.0,53.9,0.0,0.0,0.0
2026-04-16 18:34:43,30.5,58.1,2.3,53.9,0.0,0.0,0.0
2026-04-16 18:34:48,30.5,58.1,35.0,53.9,0.0,0.0,0.0
2026-04-16 18:34:53,30.5,58.1,25.3,53.9,0.0,0.0,0.0
2026-04-16 18:34:58,30.5,58.1,23.3,53.9,0.0,0.0,0.0
2026-04-16 18:35:03,30.5,58.0,35.0,53.9,0.0,0.0,0.0
2026-04-16 18:35:08,30.4,58.1,3.7,53.9,0.0,0.0,0.0
2026-04-16 18:35:13,30.6,58.1,5.6,53.9,0.0,0.0,0.0
2026-04-16 18:35:18,30.5,58.1,14.1,53.9,0.0,0.0,0.0
2026-04-16 18:35:23,30.6,58.1,17.6,53.9,0.0,0.0,0.0
2026-04-16 18:35:28,30.6,58.0,21.2,53.9,0.0,0.0,0.0
2026-04-16 18:35:33,30.6,58.0,0.0,53.9,0.0,0.0,0.0
2026-04-16 18:35:38,30.6,58.0,3.6,53.9,0.0,0.0,0.0
2026-04-16 18:35:43,30.6,58.0,11.8,53.9,0.0,0.0,0.0
2026-04-16 18:35:48,30.6,58.1,10.8,53.9,0.0,0.0,0.0
2026-04-16 18:35:53,30.8,58.2,9.7,53.9,0.0,0.0,0.0
2026-04-16 18:35:58,30.8,58.1,19.1,53.9,0.0,0.0,0.0
2026-04-16 18:36:03,30.5,58.1,16.4,53.9,0.0,0.0,0.0
2026-04-16 18:36:08,30.5,58.1,0.0,53.9,0.0,0.0,0.0
2026-04-16 18:36:13,30.7,58.0,13.6,53.9,0.0,0.0,0.0
2026-04-16 18:36:18,30.7,58.0,0.0,53.9,0.0,0.0,0.0
2026-04-16 18:36:23,30.5,58.1,21.6,53.9,0.0,0.0,0.0
2026-04-16 18:36:28,30.5,58.1,14.7,53.9,0.0,0.0,0.0
2026-04-16 18:36:33,30.4,58.2,0.6,53.9,0.0,0.0,0.0
2026-04-16 18:36:38,30.6,58.1,17.2,53.9,0.0,0.0,0.0
2026-04-16 18:36:43,30.6,58.1,27.5,53.9,0.0,0.0,0.0
2026-04-16 18:36:48,30.6,58.1,21.4,53.9,0.0,0.0,0.0
2026-04-16 18:36:53,30.6,58.1,5.3,53.9,0.0,0.0,0.0
2026-04-16 18:36:58,30.5,58.1,28.1,53.9,0.0,0.0,0.0
2026-04-16 18:37:03,30.7,58.2,18.2,53.9,0.0,0.0,0.0
2026-04-16 18:37:08,30.4,58.1,19.3,53.9,0.0,0.0,0.0
2026-04-16 18:37:13,30.5,58.1,22.1,53.9,0.0,0.0,0.0
2026-04-16 18:37:18,30.5,58.2,5.7,53.9,0.0,0.0,0.0
2026-04-16 18:37:23,30.6,58.3,19.6,53.9,0.0,0.0,0.0
2026-04-16 18:37:28,30.7,58.1,21.0,53.9,0.0,0.0,0.0
2026-04-16 18:37:33,30.7,58.2,28.3,53.9,0.0,0.0,0.0
2026-04-16 18:37:38,30.5,58.1,0.0,53.9,0.0,0.0,0.0
2026-04-16 18:37:43,30.5,58.2,7.9,53.9,0.0,0.0,0.0
2026-04-16 18:37:48,30.5,58.2,28.1,53.9,0.0,0.0,0.0
2026-04-16 18:37:53,30.5,58.4,30.9,53.9,0.0,0.0,0.0
2026-04-16 18:37:58,30.5,58.5,15.6,53.9,0.0,0.0,0.0
2026-04-16 18:38:03,30.4,58.5,4.2,53.9,0.0,0.0,0.0
2026-04-16 18:38:08,30.6,58.5,6.4,53.9,0.0,0.0,0.0
2026-04-16 18:38:13,30.5,58.4,22.3,53.9,0.0,0.0,0.0
2026-04-16 18:38:18,30.6,58.4,11.2,53.9,0.0,0.0,0.0
2026-04-16 18:38:23,30.6,58.5,15.5,53.9,0.0,0.0,0.0
2026-04-16 18:38:28,30.7,58.5,0.0,53.9,0.0,0.0,0.0
2026-04-16 18:38:33,30.6,58.6,10.3,53.9,0.0,0.0,0.0
2026-04-16 18:38:38,30.7,58.5,21.4,54.0,0.0,0.0,0.0
2026-04-16 18:38:43,30.8,58.6,33.0,54.0,0.0,0.0,0.0
2026-04-16 18:38:48,30.5,58.7,5.8,53.9,0.0,0.0,0.0
2026-04-16 18:38:53,30.7,58.7,26.9,53.9,0.0,0.0,0.0
2026-04-16 18:38:58,30.5,58.7,21.6,53.9,0.0,0.0,0.0
2026-04-16 18:39:03,30.8,58.7,11.4,53.9,0.0,0.0,0.0
2026-04-16 18:39:08,30.6,58.8,27.2,53.9,0.0,0.0,0.0
2026-04-16 18:39:13,30.6,58.7,11.9,53.9,0.0,0.0,0.0
2026-04-16 18:39:18,30.5,58.5,22.7,53.9,0.0,0.0,0.0
2026-04-16 18:39:23,30.6,58.6,5.0,53.9,0.0,0.0,0.0
2026-04-16 18:39:28,30.6,58.6,0.0,53.9,0.0,0.0,0.0
2026-04-16 18:39:33,30.5,58.5,16.7,53.9,0.0,0.0,0.0
2026-04-16 18:39:38,30.6,58.6,4.7,53.9,0.0,0.0,0.0
2026-04-16 18:39:43,30.5,58.5,19.9,53.9,0.0,0.0,0.0
2026-04-16 18:39:48,30.5,58.5,2.7,53.9,0.0,0.0,0.0
2026-04-16 18:39:53,30.4,58.6,7.9,53.9,0.0,0.0,0.0
2026-04-16 18:39:58,30.5,58.5,23.7,53.9,0.0,0.0,0.0
2026-04-16 18:40:03,30.5,58.5,24.1,54.0,0.0,0.0,0.0
2026-04-16 18:40:08,30.6,58.4,0.0,54.0,0.0,0.0,0.0
2026-04-16 18:40:13,30.5,58.3,3.9,53.9,0.0,0.0,0.0
2026-04-16 18:40:18,30.5,58.3,34.1,53.9,0.0,0.0,0.0
2026-04-16 18:40:23,30.5,58.5,12.8,53.9,0.0,0.0,0.0
2026-04-16 18:40:28,30.5,58.5,4.8,53.9,0.0,0.0,0.0
2026-04-16 18:40:33,30.4,58.3,29.1,53.9,0.0,0.0,0.0
2026-04-16 18:40:38,30.5,58.4,15.0,53.9,0.0,0.0,0.0
2026-04-16 18:40:43,30.6,58.2,25.8,53.9,0.0,0.0,0.0
2026-04-16 18:40:48,30.6,58.3,17.4,53.9,0.0,0.0,0.0
2026-04-16 18:40:53,30.6,58.2,7.2,53.9,0.0,0.0,0.0
2026-04-16 18:40:58,30.6,58.2,14.0,53.9,0.0,0.0,0.0
2026-04-16 18:41:03,30.6,58.2,13.3,53.9,0.0,0.0,0.0
2026-04-16 18:41:08,30.5,58.0,19.5,53.9,0.0,0.0,0.0
2026-04-16 18:41:13,30.7,58.1,3.7,53.9,0.0,0.0,0.0
2026-04-16 18:41:18,30.5,58.0,2.9,53.9,0.0,0.0,0.0
2026-04-16 18:41:23,30.6,57.9,26.9,53.9,0.0,0.0,0.0
2026-04-16 18:41:28,30.5,58.0,0.0,53.9,0.0,0.0,0.0
2026-04-16 18:41:33,30.6,58.1,19.1,53.9,0.0,0.0,0.0
2026-04-16 18:41:38,30.6,58.1,25.3,53.9,0.0,0.0,0.0
2026-04-16 18:41:43,30.5,58.1,19.6,53.9,0.0,0.0,0.0
2026-04-16 18:41:48,30.6,58.1,14.8,53.9,0.0,0.0,0.0
2026-04-16 18:41:53,30.5,58.2,0.0,53.9,0.0,0.0,0.0
2026-04-16 18:41:58,30.4,58.0,25.7,53.9,0.0,0.0,0.0
2026-04-16 18:42:03,30.5,58.1,11.5,53.9,0.0,0.0,0.0
2026-04-16 18:42:08,30.6,57.9,18.4,53.9,0.0,0.0,0.0
2026-04-16 18:42:13,30.5,57.8,9.0,53.9,0.0,0.0,0.0
2026-04-16 18:42:18,30.5,57.7,19.0,53.9,0.0,0.0,0.0
2026-04-16 18:42:23,30.6,57.7,4.1,53.9,0.0,0.0,0.0
2026-04-16 18:42:28,30.5,57.7,30.8,53.9,0.0,0.0,0.0
2026-04-16 18:42:33,30.4,57.7,21.0,54.0,0.0,0.0,0.0
2026-04-16 18:42:38,30.4,57.9,2.7,54.0,0.0,0.0,0.0
2026-04-16 18:42:43,30.6,58.0,15.7,53.9,0.0,0.0,0.0
2026-04-16 18:42:48,30.5,57.9,21.9,53.9,0.0,0.0,0.0
2026-04-16 18:42:53,30.4,57.8,12.9,53.9,0.0,0.0,0.0
2026-04-16 18:42:58,30.5,57.8,1.5,53.9,0.0,0.0,0.0
2026-04-16 18:43:03,30.5,57.9,25.2,53.9,0.0,0.0,0.0
2026-04-16 18:43:08,30.5,57.8,33.4,53.9,0.0,0.0,0.0
2026-04-16 18:43:13,30.5,57.9,43.9,53.9,0.0,0.0,0.0
2026-04-16 18:43:18,30.5,57.9,0.0,53.9,0.0,0.0,0.0
2026-04-16 18:43:23,30.4,57.9,18.4,53.9,0.0,0.0,0.0
2026-04-16 18:43:28,30.4,57.9,0.0,53.9,0.0,0.0,0.0
2026-04-16 18:43:33,30.5,57.8,9.3,53.9,0.0,0.0,0.0
2026-04-16 18:43:38,30.3,57.7,5.4,53.9,0.0,0.0,0.0
2026-04-16 18:43:43,30.5,57.7,2.8,53.9,0.0,0.0,0.0
2026-04-16 18:43:48,30.5,57.7,7.6,53.9,0.0,0.0,0.0
2026-04-16 18:43:53,30.6,57.7,18.8,53.9,0.0,0.0,0.0
2026-04-16 18:43:58,30.6,57.6,23.1,53.9,0.0,0.0,0.0
2026-04-16 18:44:03,30.4,57.6,5.7,53.9,0.0,0.0,0.0
2026-04-16 18:44:08,30.6,57.8,25.1,53.9,0.0,0.0,0.0
2026-04-16 18:44:13,30.5,57.7,15.4,53.9,0.0,0.0,0.0
2026-04-16 18:44:18,30.6,57.9,6.0,53.9,0.0,0.0,0.0
2026-04-16 18:44:23,30.5,58.0,8.0,53.9,0.0,0.0,0.0
2026-04-16 18:44:28,30.4,58.1,22.8,53.9,0.0,0.0,0.0
2026-04-16 18:44:33,30.4,58.0,26.5,53.9,0.0,0.0,0.0
2026-04-16 18:44:38,30.5,58.1,12.6,53.9,0.0,0.0,0.0
2026-04-16 18:44:43,30.5,58.0,18.8,53.9,0.0,0.0,0.0
2026-04-16 18:44:48,30.4,57.9,10.3,53.9,0.0,0.0,0.0
2026-04-16 18:44:53,30.5,58.0,29.8,53.9,0.0,0.0,0.0
2026-04-16 18:44:58,30.5,58.1,32.4,53.9,0.0,0.0,0.0
2026-04-16 18:45:03,30.4,58.1,25.4,53.9,0.0,0.0,0.0
2026-04-16 18:45:08,30.7,58.3,17.6,53.9,0.0,0.0,0.0
2026-04-16 18:45:13,30.6,58.3,17.4,53.9,0.0,0.0,0.0
2026-04-16 18:45:18,30.4,58.4,0.0,53.9,0.0,0.0,0.0
2026-04-16 18:45:23,30.4,58.4,13.9,53.9,0.0,0.0,0.0
2026-04-16 18:45:28,30.5,58.4,3.0,53.9,0.0,0.0,0.0
2026-04-16 18:45:33,30.6,58.4,15.9,53.9,0.0,0.0,0.0
2026-04-16 18:45:38,30.5,58.5,18.3,53.9,0.0,0.0,0.0
2026-04-16 18:45:43,30.3,58.6,9.0,53.9,0.0,0.0,0.0
2026-04-16 18:45:48,30.4,58.5,19.4,53.9,0.0,0.0,0.0
2026-04-16 18:45:53,30.3,58.5,17.5,53.9,0.0,0.0,0.0
2026-04-16 18:45:58,30.6,58.5,10.3,53.9,0.0,0.0,0.0
2026-04-16 18:46:03,30.4,58.6,28.9,53.9,0.0,0.0,0.0
2026-04-16 18:46:08,30.5,58.5,3.2,53.9,0.0,0.0,0.0
2026-04-16 18:46:13,30.4,58.5,0.0,53.9,0.0,0.0,0.0
2026-04-16 18:46:18,30.4,58.4,9.0,53.9,0.0,0.0,0.0
2026-04-16 18:46:23,30.5,58.4,13.4,53.9,0.0,0.0,0.0
2026-04-16 18:46:28,30.4,58.3,28.2,53.9,0.0,0.0,0.0
2026-04-16 18:46:33,30.4,58.2,2.0,53.9,0.0,0.0,0.0
2026-04-16 18:46:38,30.4,58.2,17.9,53.9,0.0,0.0,0.0
2026-04-16 18:46:43,30.4,58.3,12.5,53.9,0.0,0.0,0.0
2026-04-16 18:46:48,30.4,58.2,29.1,53.9,0.0,0.0,0.0
2026-04-16 18:46:53,30.4,58.2,27.4,53.9,0.0,0.0,0.0
2026-04-16 18:46:58,30.5,58.1,15.9,53.9,0.0,0.0,0.0
2026-04-16 18:47:03,30.5,58.1,11.4,53.9,0.0,0.0,0.0
2026-04-16 18:47:08,30.3,58.0,29.6,53.9,0.0,0.0,0.0
2026-04-16 18:47:13,30.4,57.9,37.6,53.9,0.0,0.0,0.0
2026-04-16 18:47:18,30.3,57.9,8.1,53.9,0.0,0.0,0.0
2026-04-16 18:47:23,30.4,57.8,44.7,53.9,0.0,0.0,0.0
2026-04-16 18:47:28,30.5,57.8,20.4,53.8,0.0,0.0,0.0
2026-04-16 18:47:33,30.3,57.7,6.8,53.8,0.0,0.0,0.0
2026-04-16 18:47:38,30.3,57.8,29.0,53.8,0.0,0.0,0.0
2026-04-16 18:47:43,30.3,57.8,18.7,53.9,0.0,0.0,0.0
2026-04-16 18:47:48,30.4,57.9,10.5,53.9,0.0,0.0,0.0
2026-04-16 18:47:53,30.5,57.8,20.7,53.9,0.0,0.0,0.0
2026-04-16 18:47:58,30.4,57.6,20.4,53.9,0.0,0.0,0.0
2026-04-16 18:48:03,30.4,57.7,8.1,53.9,0.0,0.0,0.0
2026-04-16 18:48:08,30.4,57.5,8.8,53.9,0.0,0.0,0.0
2026-04-16 18:48:13,30.5,57.5,0.0,53.9,0.0,0.0,0.0
2026-04-16 18:48:18,30.3,57.6,11.5,53.9,0.0,0.0,0.0
2026-04-16 18:48:23,30.3,57.7,21.5,53.9,0.0,0.0,0.0
2026-04-16 18:48:28,30.3,57.8,18.0,53.9,0.0,0.0,0.0
2026-04-16 18:48:33,30.5,57.6,31.2,53.9,0.0,0.0,0.0
2026-04-16 18:48:38,30.4,57.6,4.3,53.9,0.0,0.0,0.0
2026-04-16 18:48:43,30.3,57.7,27.6,53.9,0.0,0.0,0.0
2026-04-16 18:48:48,30.3,57.8,0.0,53.9,0.0,0.0,0.0
2026-04-16 18:48:53,30.4,57.8,2.2,53.9,0.0,0.0,0.0
2026-04-16 18:48:58,30.4,57.8,0.0,53.9,0.0,0.0,0.0
2026-04-16 18:49:03,30.5,57.8,35.2,53.9,0.0,0.0,0.0
2026-04-16 18:49:08,30.6,57.8,24.7,53.9,0.0,0.0,0.0
2026-04-16 18:49:13,30.4,57.9,21.5,53.9,0.0,0.0,0.0
2026-04-16 18:49:18,30.4,57.9,21.9,53.9,0.0,0.0,0.0
2026-04-16 18:49:23,30.5,58.0,6.6,53.9,0.0,0.0,0.0
2026-04-16 18:49:28,30.4,58.0,2.7,53.9,0.0,0.0,0.0
2026-04-16 18:49:33,30.4,58.1,35.8,53.9,0.0,0.0,0.0
2026-04-16 18:49:38,30.3,58.2,22.3,53.9,0.0,0.0,0.0
2026-04-16 18:49:43,30.5,58.1,18.5,53.9,0.0,0.0,0.0
2026-04-16 18:49:48,30.4,58.1,12.9,53.9,0.0,0.0,0.0
2026-04-16 18:49:53,30.2,58.2,30.0,53.9,0.0,0.0,0.0
2026-04-16 18:49:58,30.4,58.2,24.5,53.9,0.0,0.0,0.0
2026-04-16 18:50:03,30.5,58.1,16.7,53.9,0.0,0.0,0.0
2026-04-16 18:50:08,30.4,58.1,0.0,53.9,0.0,0.0,0.0
2026-04-16 18:50:13,30.5,58.2,12.0,53.9,0.0,0.0,0.0
2026-04-16 18:50:18,30.4,58.1,6.6,53.9,0.0,0.0,0.0
2026-04-16 18:50:23,30.3,58.1,25.4,53.9,0.0,0.0,0.0
2026-04-16 18:50:28,30.4,58.1,18.0,53.9,0.0,0.0,0.0
2026-04-16 18:50:33,30.5,58.0,19.8,53.9,0.0,0.0,0.0
2026-04-16 18:50:38,30.3,57.9,34.0,53.9,0.0,0.0,0.0
2026-04-16 18:50:43,30.5,58.1,5.4,53.9,0.0,0.0,0.0
2026-04-16 18:50:48,30.5,58.0,0.0,53.9,0.0,0.0,0.0
2026-04-16 18:50:53,30.4,58.0,22.3,53.9,0.0,0.0,0.0
2026-04-16 18:50:58,30.4,58.0,0.0,53.9,0.0,0.0,0.0
2026-04-16 18:51:03,30.5,58.1,7.8,53.9,0.0,0.0,0.0
2026-04-16 18:51:08,30.4,58.1,25.6,53.9,0.0,0.0,0.0
2026-04-16 18:51:13,30.4,58.1,22.7,53.9,0.0,0.0,0.0
2026-04-16 18:51:18,30.3,58.2,27.9,53.9,0.0,0.0,0.0
2026-04-16 18:51:23,30.5,58.2,26.4,53.9,0.0,0.0,0.0
2026-04-16 18:51:28,30.4,58.2,29.2,53.9,0.0,0.0,0.0
2026-04-16 18:51:33,30.3,58.3,26.0,53.9,0.0,0.0,0.0
2026-04-16 18:51:38,30.5,58.2,7.8,53.9,0.0,0.0,0.0
2026-04-16 18:51:43,30.5,58.2,17.4,53.9,0.0,0.0,0.0
2026-04-16 18:51:48,30.5,58.1,27.5,53.9,0.0,0.0,0.0
2026-04-16 18:51:53,30.3,58.2,14.8,53.9,0.0,0.0,0.0
2026-04-16 18:51:58,30.3,58.3,17.5,53.9,0.0,0.0,0.0
2026-04-16 18:52:03,30.4,58.3,0.0,53.9,0.0,0.0,0.0
2026-04-16 18:52:08,30.3,58.2,12.3,53.9,0.0,0.0,0.0
2026-04-16 18:52:13,30.4,58.2,2.8,53.9,0.0,0.0,0.0
2026-04-16 18:52:18,30.3,58.3,16.5,54.0,0.0,0.0,0.0
2026-04-16 18:52:23,30.4,58.3,21.1,54.0,0.0,0.0,0.0
2026-04-16 18:52:28,30.3,58.2,12.4,54.0,0.0,0.0,0.0
2026-04-16 18:52:33,30.4,58.1,7.6,53.9,0.0,0.0,0.0
2026-04-16 18:52:38,30.6,58.1,13.7,53.9,0.0,0.0,0.0
2026-04-16 18:52:43,30.4,58.1,5.3,53.9,0.0,0.0,0.0
2026-04-16 18:52:48,30.4,58.1,27.9,53.9,0.0,0.0,0.0
2026-04-16 18:52:53,30.3,58.0,9.4,53.9,0.0,0.0,0.0
2026-04-16 18:52:58,30.4,58.0,5.8,53.9,0.0,0.0,0.0
2026-04-16 18:53:03,30.4,58.2,15.4,53.9,0.0,0.0,0.0
2026-04-16 18:53:08,30.3,58.1,23.0,53.9,0.0,0.0,0.0
2026-04-16 18:53:13,30.3,58.2,9.5,53.9,0.0,0.0,0.0
2026-04-16 18:53:18,30.3,58.1,17.6,53.9,0.0,0.0,0.0
2026-04-16 18:53:23,30.4,58.1,15.6,53.9,0.0,0.0,0.0
2026-04-16 18:53:28,30.4,58.0,9.6,53.9,0.0,0.0,0.0
2026-04-16 18:53:33,30.3,58.1,3.7,53.9,0.0,0.0,0.0
2026-04-16 18:53:38,30.4,58.2,18.0,53.9,0.0,0.0,0.0
2026-04-16 18:53:43,30.3,58.2,18.5,53.9,0.0,0.0,0.0
2026-04-16 18:53:48,30.2,58.2,29.9,53.9,0.0,0.0,0.0
2026-04-16 18:53:53,30.3,58.0,14.7,53.9,0.0,0.0,0.0
2026-04-16 18:53:58,30.4,57.9,2.9,53.9,0.0,0.0,0.0
2026-04-16 18:54:03,30.4,58.0,3.5,53.9,0.0,0.0,0.0
2026-04-16 18:54:08,30.3,58.0,21.9,53.9,0.0,0.0,0.0
2026-04-16 18:54:13,30.2,58.1,0.0,53.9,0.0,0.0,0.0
2026-04-16 18:54:18,30.2,58.1,21.3,53.9,0.0,0.0,0.0
2026-04-16 18:54:23,30.3,58.1,27.2,53.9,0.0,0.0,0.0
2026-04-16 18:54:28,30.3,58.0,27.2,53.9,0.0,0.0,0.0
2026-04-16 18:54:33,30.4,57.9,27.6,53.9,0.0,0.0,0.0
2026-04-16 18:54:38,30.4,57.9,2.2,53.9,0.0,0.0,0.0
2026-04-16 18:54:43,30.4,58.0,14.3,53.9,0.0,0.0,0.0
2026-04-16 18:54:48,30.4,58.0,30.6,53.9,0.0,0.0,0.0
2026-04-16 18:54:53,30.4,58.0,17.9,53.9,0.0,0.0,0.0
2026-04-16 18:54:58,30.5,58.0,15.6,53.9,0.0,0.0,0.0
2026-04-16 18:55:03,30.4,57.9,15.1,53.9,0.0,0.0,0.0
2026-04-16 18:55:08,30.5,58.0,13.6,53.9,0.0,0.0,0.0
2026-04-16 18:55:13,30.4,58.1,11.1,53.9,0.0,0.0,0.0
2026-04-16 18:55:18,30.4,58.2,17.2,53.9,0.0,0.0,0.0
2026-04-16 18:55:23,30.4,58.3,3.9,53.9,0.0,0.0,0.0
2026-04-16 18:55:28,30.3,58.2,24.0,53.8,0.0,0.0,0.0
2026-04-16 18:55:33,30.4,58.2,8.0,53.8,0.0,0.0,0.0
2026-04-16 18:55:38,30.5,58.2,12.9,53.9,0.0,0.0,0.0
2026-04-16 18:55:43,30.4,58.1,16.0,53.9,0.0,0.0,0.0
2026-04-16 18:55:48,30.3,58.0,5.2,53.9,0.0,0.0,0.0
2026-04-16 18:55:53,30.3,58.0,19.0,53.9,0.0,0.0,0.0
2026-04-16 18:55:58,30.3,58.0,5.5,53.9,0.0,0.0,0.0
2026-04-16 18:56:03,30.4,58.0,5.8,53.9,0.0,0.0,0.0
2026-04-16 18:56:08,30.4,58.0,8.2,53.9,0.0,0.0,0.0
2026-04-16 18:56:13,30.3,58.0,18.3,53.9,0.0,0.0,0.0
2026-04-16 18:56:18,30.5,58.1,32.5,53.9,0.0,0.0,0.0
2026-04-16 18:56:23,30.4,58.0,2.2,53.9,0.0,0.0,0.0
2026-04-16 18:56:28,30.3,58.0,25.3,53.9,0.0,0.0,0.0
2026-04-16 18:56:33,30.4,58.0,15.9,53.9,0.0,0.0,0.0
2026-04-16 18:56:38,30.3,58.0,9.3,53.9,0.0,0.0,0.0
2026-04-16 18:56:43,30.3,57.9,22.8,53.9,0.0,0.0,0.0
2026-04-16 18:56:48,30.1,58.0,4.5,53.9,0.0,0.0,0.0
2026-04-16 18:56:53,30.3,58.0,14.2,53.9,0.0,0.0,0.0
2026-04-16 18:56:58,30.4,58.0,10.7,53.9,0.0,0.0,0.0
2026-04-16 18:57:03,30.3,58.0,4.3,53.9,0.0,0.0,0.0
2026-04-16 18:57:08,30.3,57.9,12.7,53.9,0.0,0.0,0.0
2026-04-16 18:57:13,30.5,57.9,30.2,53.9,0.0,0.0,0.0
2026-04-16 18:57:18,30.3,57.9,5.4,53.9,0.0,0.0,0.0
2026-04-16 18:57:23,30.3,57.8,15.9,53.9,0.0,0.0,0.0
2026-04-16 18:57:28,30.4,58.1,1.2,53.9,0.0,0.0,0.0
2026-04-16 18:57:33,30.6,58.1,22.5,53.9,0.0,0.0,0.0
2026-04-16 18:57:38,30.4,58.1,11.4,53.9,0.0,0.0,0.0
2026-04-16 18:57:43,30.3,58.1,17.0,53.9,0.0,0.0,0.0
2026-04-16 18:57:48,30.3,58.0,14.9,53.9,0.0,0.0,0.0
2026-04-16 18:57:53,30.3,58.0,23.8,53.9,0.0,0.0,0.0
2026-04-16 18:57:58,30.2,58.1,20.7,53.8,0.0,0.0,0.0
2026-04-16 18:58:03,30.4,58.0,11.9,53.8,0.0,0.0,0.0
2026-04-16 18:58:08,30.4,58.2,12.5,53.9,0.0,0.0,0.0
2026-04-16 18:58:13,30.4,58.3,23.7,53.9,0.0,0.0,0.0
2026-04-16 18:58:18,30.5,58.1,1.0,53.8,0.0,0.0,0.0
2026-04-16 18:58:23,30.4,58.2,26.1,53.8,0.0,0.0,0.0
2026-04-16 18:58:28,30.4,58.1,7.2,53.8,0.0,0.0,0.0
2026-04-16 18:58:33,30.4,58.0,23.8,53.9,0.0,0.0,0.0
2026-04-16 18:58:38,30.3,57.9,0.0,53.9,0.0,0.0,0.0
2026-04-16 18:58:43,30.3,58.0,13.5,53.9,0.0,0.0,0.0
2026-04-16 18:58:48,30.4,58.0,16.8,53.9,0.0,0.0,0.0
2026-04-16 18:58:53,30.4,58.1,5.3,53.9,0.0,0.0,0.0
2026-04-16 18:58:58,30.3,58.3,0.0,53.9,0.0,0.0,0.0
2026-04-16 18:59:03,30.4,58.2,0.0,53.9,0.0,0.0,0.0
2026-04-16 18:59:08,30.4,58.3,21.7,53.9,0.0,0.0,0.0
2026-04-16 18:59:13,30.3,58.3,27.7,53.9,0.0,0.0,0.0
2026-04-16 18:59:18,30.4,58.1,16.0,53.9,0.0,0.0,0.0
2026-04-16 18:59:23,30.4,58.2,15.3,53.9,0.0,0.0,0.0
2026-04-16 18:59:28,30.4,58.3,4.3,53.9,0.0,0.0,0.0
2026-04-16 18:59:33,30.3,58.3,41.0,53.9,0.0,0.0,0.0
2026-04-16 18:59:38,30.2,58.2,0.0,53.9,0.0,0.0,0.0
2026-04-16 18:59:43,30.4,58.3,0.0,53.9,0.0,0.0,0.0
2026-04-16 18:59:48,30.3,58.4,12.1,53.9,0.0,0.0,0.0
2026-04-16 18:59:53,30.3,58.3,6.7,53.9,0.0,0.0,0.0
2026-04-16 18:59:58,30.4,58.3,0.0,53.9,0.0,0.0,0.0
2026-04-16 19:00:03,30.4,58.4,16.1,53.9,0.0,0.0,0.0
2026-04-16 19:00:08,30.4,58.3,23.3,53.9,0.0,0.0,0.0
2026-04-16 19:00:13,30.4,58.4,14.8,53.8,0.0,0.0,0.0
2026-04-16 19:00:18,30.5,58.5,18.1,53.8,0.0,0.0,0.0
2026-04-16 19:00:23,30.4,58.5,20.2,53.8,0.0,0.0,0.0
2026-04-16 19:00:28,30.3,58.5,26.7,53.8,0.0,0.0,0.0
2026-04-16 19:00:33,30.2,58.5,19.7,53.8,0.0,0.0,0.0
2026-04-16 19:00:38,30.3,58.5,0.0,53.9,0.0,0.0,0.0
2026-04-16 19:00:43,30.4,58.6,26.2,53.9,0.0,0.0,0.0
2026-04-16 19:00:48,30.2,58.5,7.8,53.9,0.0,0.0,0.0
2026-04-16 19:00:53,30.3,58.5,28.4,53.9,0.0,0.0,0.0
2026-04-16 19:00:58,30.3,58.3,0.0,53.9,0.0,0.0,0.0
2026-04-16 19:01:03,30.4,58.4,19.8,53.9,0.0,0.0,0.0
2026-04-16 19:01:08,30.3,58.3,14.8,53.9,0.0,0.0,0.0
2026-04-16 19:01:13,30.3,58.3,20.8,53.9,0.0,0.0,0.0
2026-04-16 19:01:18,30.2,58.3,18.1,53.9,0.0,0.0,0.0
2026-04-16 19:01:23,30.3,58.2,24.6,53.9,0.0,0.0,0.0
2026-04-16 19:01:28,30.4,58.2,12.7,53.9,0.0,0.0,0.0
2026-04-16 19:01:33,30.5,58.4,14.5,53.9,0.0,0.0,0.0
2026-04-16 19:01:38,30.3,58.4,28.6,53.9,0.0,0.0,0.0
2026-04-16 19:01:43,30.3,58.3,14.5,53.9,0.0,0.0,0.0
2026-04-16 19:01:48,30.2,58.3,24.5,53.9,0.0,0.0,0.0
2026-04-16 19:01:53,30.2,58.3,20.0,53.9,0.0,0.0,0.0
2026-04-16 19:01:58,30.3,58.3,7.9,53.9,0.0,0.0,0.0
2026-04-16 19:02:03,30.3,58.2,30.1,53.9,0.0,0.0,0.0
2026-04-16 19:02:08,30.2,58.2,10.3,53.9,0.0,0.0,0.0
2026-04-16 19:02:13,30.3,58.2,2.8,53.9,0.0,0.0,0.0
2026-04-16 19:02:18,30.2,58.1,16.8,53.9,0.0,0.0,0.0
2026-04-16 19:02:23,30.3,58.2,13.7,53.9,0.0,0.0,0.0
2026-04-16 19:02:28,30.3,58.1,16.8,53.8,0.0,0.0,0.0
2026-04-16 19:02:33,30.2,58.1,1.9,53.8,0.0,0.0,0.0
2026-04-16 19:02:38,30.2,58.1,30.1,53.8,0.0,0.0,0.0
2026-04-16 19:02:43,30.2,58.2,13.7,53.8,0.0,0.0,0.0
2026-04-16 19:02:48,30.4,58.3,24.3,53.9,0.0,0.0,0.0
2026-04-16 19:02:53,30.3,58.3,26.7,53.9,0.0,0.0,0.0
2026-04-16 19:02:58,30.3,58.4,18.2,53.9,0.0,0.0,0.0
2026-04-16 19:03:03,30.3,58.3,9.3,53.9,0.0,0.0,0.0
2026-04-16 19:03:08,30.4,58.2,24.0,53.9,0.0,0.0,0.0
2026-04-16 19:03:13,30.2,58.3,18.1,53.9,0.0,0.0,0.0
2026-04-16 19:03:18,30.3,58.4,6.4,53.9,0.0,0.0,0.0
2026-04-16 19:03:23,30.3,58.5,12.4,53.9,0.0,0.0,0.0
2026-04-16 19:03:28,30.4,58.4,19.6,53.9,0.0,0.0,0.0
2026-04-16 19:03:33,30.2,58.4,17.6,53.9,0.0,0.0,0.0
2026-04-16 19:03:38,30.3,58.4,18.3,53.9,0.0,0.0,0.0
2026-04-16 19:03:43,30.1,58.3,10.4,53.8,0.0,0.0,0.0
2026-04-16 19:03:48,30.3,58.4,19.2,53.8,0.0,0.0,0.0
2026-04-16 19:03:53,30.2,58.4,8.8,53.8,0.0,0.0,0.0
2026-04-16 19:03:58,30.3,58.5,10.5,53.9,0.0,0.0,0.0
2026-04-16 19:04:03,30.4,58.5,15.5,53.9,0.0,0.0,0.0
2026-04-16 19:04:08,30.3,58.4,4.6,53.9,0.0,0.0,0.0
2026-04-16 19:04:13,30.3,58.4,0.0,53.9,0.0,0.0,0.0
2026-04-16 19:04:18,30.3,58.4,5.1,53.9,0.0,0.0,0.0
2026-04-16 19:04:23,30.3,58.4,18.8,53.8,0.0,0.0,0.0
2026-04-16 19:04:28,30.2,58.3,15.7,53.8,0.0,0.0,0.0
2026-04-16 19:04:33,30.3,58.3,25.8,53.8,0.0,0.0,0.0
2026-04-16 19:04:38,30.3,58.4,11.1,53.8,0.0,0.0,0.0
2026-04-16 19:04:43,30.2,58.3,17.5,53.8,0.0,0.0,0.0
2026-04-16 19:04:48,30.3,58.4,8.5,53.9,0.0,0.0,0.0
2026-04-16 19:04:53,30.3,58.5,5.0,53.9,0.0,0.0,0.0
2026-04-16 19:04:58,30.5,58.4,4.5,53.9,0.0,0.0,0.0
2026-04-16 19:05:03,30.2,58.4,19.3,53.9,0.0,0.0,0.0
2026-04-16 19:05:08,30.3,58.5,9.5,53.9,0.0,0.0,0.0
2026-04-16 19:05:13,30.2,58.4,5.6,53.9,0.0,0.0,0.0
2026-04-16 19:05:18,30.3,58.4,12.0,53.8,0.0,0.0,0.0
2026-04-16 19:05:23,30.1,58.3,6.0,53.8,0.0,0.0,0.0
2026-04-16 19:05:28,30.3,58.4,27.8,53.9,0.0,0.0,0.0
2026-04-16 19:05:33,30.3,58.5,17.0,53.9,0.0,0.0,0.0
2026-04-16 19:05:38,30.3,58.5,14.5,53.9,0.0,0.0,0.0
2026-04-16 19:05:43,30.3,58.5,17.8,53.9,0.0,0.0,0.0
2026-04-16 19:05:48,30.3,58.5,32.4,53.9,0.0,0.0,0.0
2026-04-16 19:05:53,30.3,58.6,8.2,53.8,0.0,0.0,0.0
2026-04-16 19:05:58,30.5,58.6,9.7,53.8,,0.0,0.0
2026-04-16 19:06:03,30.3,58.8,29.7,53.8,0.0,0.0,0.0
2026-04-16 19:06:08,30.4,58.6,1.3,53.9,0.0,0.0,0.0
2026-04-16 19:06:13,30.2,58.6,22.7,53.9,0.0,0.0,0.0
2026-04-16 19:06:18,30.3,58.5,16.6,53.9,0.0,0.0,0.0
2026-04-16 19:06:23,30.4,58.5,13.5,53.9,0.0,0.0,0.0
2026-04-16 19:06:28,30.3,58.5,0.0,53.8,0.0,0.0,0.0
2026-04-16 19:06:33,30.4,58.5,15.2,53.8,0.0,0.0,0.0
2026-04-16 19:06:38,30.4,58.3,19.4,53.8,0.0,0.0,0.0
2026-04-16 19:06:43,30.3,58.4,22.7,53.8,0.0,0.0,0.0
2026-04-16 19:06:48,30.4,58.5,14.0,53.8,0.0,0.0,0.0
2026-04-16 19:06:53,30.5,58.3,29.3,53.8,0.0,0.0,0.0
2026-04-16 19:06:58,30.2,58.5,10.7,53.9,0.0,0.0,0.0
2026-04-16 19:07:03,30.4,58.5,11.4,53.9,0.0,0.0,0.0
2026-04-16 19:07:08,30.3,58.5,0.0,53.9,0.0,0.0,0.0
2026-04-16 19:07:13,30.3,58.4,12.4,53.9,0.0,0.0,0.0
2026-04-16 19:07:18,30.4,58.3,10.4,53.9,0.0,0.0,0.0
2026-04-16 19:07:23,30.6,58.3,0.8,53.9,0.0,0.0,0.0
2026-04-16 19:07:28,30.3,58.3,13.5,53.9,0.0,0.0,0.0
2026-04-16 19:07:33,30.4,58.2,11.4,53.9,0.0,0.0,0.0
2026-04-16 19:07:38,30.3,58.3,20.0,53.9,0.0,0.0,0.0
2026-04-16 19:07:43,30.4,58.5,15.9,53.9,0.0,0.0,0.0
2026-04-16 19:07:48,30.3,58.4,18.5,53.9,0.0,0.0,0.0
2026-04-16 19:07:53,30.2,58.4,21.8,53.9,0.0,0.0,0.0
2026-04-16 19:07:58,30.3,58.3,23.6,53.9,0.0,0.0,0.0
2026-04-16 19:08:03,30.3,58.3,9.2,53.9,0.0,0.0,0.0
2026-04-16 19:08:08,30.3,58.3,14.2,53.9,0.0,0.0,0.0
2026-04-16 19:08:13,30.3,58.3,13.3,53.9,0.0,0.0,0.0
2026-04-16 19:08:18,30.5,58.4,15.0,53.9,0.0,0.0,0.0
2026-04-16 19:08:23,30.3,58.4,3.0,53.9,0.0,0.0,0.0
2026-04-16 19:08:28,30.3,58.3,25.9,53.9,0.0,0.0,0.0
2026-04-16 19:08:33,30.4,58.2,23.4,53.9,0.0,0.0,0.0
2026-04-16 19:08:38,30.3,58.1,25.0,53.9,0.0,0.0,0.0
2026-04-16 19:08:43,30.2,58.0,31.8,53.9,0.0,0.0,0.0
2026-04-16 19:08:48,30.4,58.0,0.0,53.8,0.0,0.0,0.0
2026-04-16 19:08:53,30.3,57.8,19.2,53.8,0.0,0.0,0.0
2026-04-16 19:08:58,30.3,58.0,6.4,53.8,0.0,0.0,0.0
2026-04-16 19:09:03,30.3,57.8,2.9,53.9,0.0,0.0,0.0
2026-04-16 19:09:08,30.2,57.8,10.6,53.9,0.0,0.0,0.0
2026-04-16 19:09:13,30.2,58.0,9.9,53.9,0.0,0.0,0.0
2026-04-16 19:09:18,30.4,58.0,30.7,53.9,0.0,0.0,0.0
2026-04-16 19:09:23,30.4,57.9,1.8,53.8,0.0,0.0,0.0
2026-04-16 19:09:28,30.3,57.9,0.9,53.8,0.0,0.0,0.0
2026-04-16 19:09:33,30.3,58.0,9.4,53.8,0.0,0.0,0.0
2026-04-16 19:09:38,30.4,58.2,19.6,53.8,0.0,0.0,0.0
2026-04-16 19:09:43,30.3,58.3,15.2,53.8,0.0,0.0,0.0
2026-04-16 19:09:48,30.3,58.3,8.4,53.8,0.0,0.0,0.0
2026-04-16 19:09:53,30.3,58.3,4.8,53.9,0.0,0.0,0.0
2026-04-16 19:09:58,30.3,58.2,17.1,53.9,0.0,0.0,0.0
2026-04-16 19:10:03,30.3,58.3,0.0,53.9,0.0,0.0,0.0
2026-04-16 19:10:08,30.3,58.3,10.4,53.9,0.0,0.0,0.0
2026-04-16 19:10:13,30.3,58.4,6.7,53.9,0.0,0.0,0.0
2026-04-16 19:10:18,30.2,58.4,15.1,53.9,0.0,0.0,0.0
2026-04-16 19:10:23,30.4,58.3,27.0,53.9,0.0,0.0,0.0
2026-04-16 19:10:28,30.3,58.3,16.8,53.9,0.0,0.0,0.0
2026-04-16 19:10:33,30.3,58.3,11.7,53.9,0.0,0.0,0.0
2026-04-16 19:10:38,30.2,58.4,12.2,53.9,0.0,0.0,0.0
2026-04-16 19:10:43,30.2,58.5,29.2,53.9,0.0,0.0,0.0
2026-04-16 19:10:48,30.4,58.5,16.7,53.9,0.0,0.0,0.0
2026-04-16 19:10:53,30.4,58.5,27.8,53.9,0.0,0.0,0.0
2026-04-16 19:10:58,30.3,58.5,12.2,53.9,0.0,0.0,0.0
2026-04-16 19:11:03,30.3,58.4,6.8,53.9,0.0,0.0,0.0
2026-04-16 19:11:08,30.4,58.3,18.7,53.9,0.0,0.0,0.0
2026-04-16 19:11:13,30.4,58.3,6.5,53.9,0.0,0.0,0.0
2026-04-16 19:11:18,30.2,58.3,10.8,53.9,0.0,0.0,0.0
2026-04-16 19:11:23,30.2,58.3,0.0,53.9,0.0,0.0,0.0
2026-04-16 19:11:28,30.3,58.4,5.1,53.9,0.0,0.0,0.0
2026-04-16 19:11:33,30.2,58.5,11.8,53.9,0.0,0.0,0.0
2026-04-16 19:11:38,30.2,58.4,7.5,53.9,0.0,0.0,0.0
2026-04-16 19:11:43,30.4,58.4,0.0,53.9,0.0,0.0,0.0
2026-04-16 19:11:48,30.2,58.4,5.2,53.9,0.0,0.0,0.0
2026-04-16 19:11:53,30.3,58.4,18.0,53.9,0.0,0.0,0.0
2026-04-16 19:11:58,30.3,58.4,21.8,53.9,0.0,0.0,0.0
2026-04-16 19:12:03,30.3,58.5,50.4,53.9,0.0,0.0,0.0
2026-04-16 19:12:08,30.4,58.6,26.7,53.9,0.0,0.0,0.0
2026-04-16 19:12:13,30.4,58.6,0.0,53.9,0.0,0.0,0.0
2026-04-16 19:12:18,30.4,58.6,16.2,53.8,0.0,0.0,0.0
2026-04-16 19:12:23,30.3,58.6,21.0,53.8,0.0,0.0,0.0
2026-04-16 19:12:28,30.3,58.6,15.6,53.8,0.0,0.0,0.0
2026-04-16 19:12:33,30.1,58.6,8.2,53.8,0.0,0.0,0.0
2026-04-16 19:12:38,30.3,58.6,9.4,53.9,0.0,0.0,0.0
2026-04-16 19:12:43,30.2,58.5,25.7,53.9,0.0,0.0,0.0
2026-04-16 19:12:48,30.3,58.6,18.9,53.9,0.0,0.0,0.0
2026-04-16 19:12:53,30.3,58.6,37.3,53.8,0.0,0.0,0.0
2026-04-16 19:12:58,30.5,58.6,10.8,53.8,0.0,0.0,0.0
2026-04-16 19:13:03,30.4,58.6,5.5,53.8,0.0,0.0,0.0
2026-04-16 19:13:08,30.1,58.5,10.7,53.8,0.0,0.0,0.0
2026-04-16 19:13:13,30.0,58.4,16.0,53.8,0.0,0.0,0.0
2026-04-16 19:13:18,30.2,58.4,7.9,53.8,0.0,0.0,0.0
2026-04-16 19:13:23,30.2,58.4,16.6,53.8,0.0,0.0,0.0
2026-04-16 19:13:28,30.1,58.5,40.6,53.8,0.0,0.0,0.0
2026-04-16 19:13:33,30.2,58.5,4.3,53.8,0.0,0.0,0.0
2026-04-16 19:13:38,30.3,58.4,15.3,53.9,0.0,0.0,0.0
2026-04-16 19:13:43,30.3,58.4,16.2,53.9,0.0,0.0,0.0
2026-04-16 19:13:48,30.2,58.5,11.0,53.9,0.0,0.0,0.0
2026-04-16 19:13:53,30.3,58.4,7.7,53.9,0.0,0.0,0.0
2026-04-16 19:13:58,30.3,58.2,24.1,53.9,0.0,0.0,0.0
2026-04-16 19:14:03,30.3,58.1,0.0,53.9,0.0,0.0,0.0
2026-04-16 19:14:08,30.3,58.2,16.1,53.9,0.0,0.0,0.0
2026-04-16 19:14:13,30.3,58.3,16.3,53.9,0.0,0.0,0.0
2026-04-16 19:14:18,30.2,58.1,7.3,53.9,0.0,0.0,0.0
2026-04-16 19:14:23,30.3,58.0,20.5,53.9,0.0,0.0,0.0
2026-04-16 19:14:28,30.3,58.0,6.2,53.9,0.0,0.0,0.0
2026-04-16 19:14:33,30.3,58.0,31.0,53.9,0.0,0.0,0.0
2026-04-16 19:14:38,30.2,58.2,2.8,53.9,0.0,0.0,0.0
2026-04-16 19:14:43,30.3,58.0,2.3,53.9,0.0,0.0,0.0
2026-04-16 19:14:48,30.3,57.8,25.0,53.9,0.0,0.0,0.0
2026-04-16 19:14:53,30.3,58.0,5.4,53.9,0.0,0.0,0.0
2026-04-16 19:14:58,30.2,58.0,7.6,53.9,0.0,0.0,0.0
2026-04-16 19:15:03,30.4,57.9,15.4,53.9,0.0,0.0,0.0
2026-04-16 19:15:08,30.2,58.2,9.4,53.9,0.0,0.0,0.0
2026-04-16 19:15:13,30.3,58.1,0.0,53.9,0.0,0.0,0.0
2026-04-16 19:15:18,30.3,58.1,0.0,53.9,0.0,0.0,0.0
2026-04-16 19:15:23,30.2,58.0,35.6,53.9,0.0,0.0,0.0
2026-04-16 19:15:28,30.3,57.8,17.2,53.9,0.0,0.0,0.0
2026-04-16 19:15:33,30.3,57.7,22.4,53.9,0.0,0.0,0.0
2026-04-16 19:15:38,30.2,57.8,4.9,53.9,0.0,0.0,0.0
2026-04-16 19:15:43,30.3,58.0,19.9,53.9,0.0,0.0,0.0
2026-04-16 19:15:48,30.3,58.1,10.7,53.9,0.0,0.0,0.0
2026-04-16 19:15:53,30.3,58.3,40.7,53.9,0.0,0.0,0.0
2026-04-16 19:15:58,30.2,58.4,29.5,53.9,0.0,0.0,0.0
2026-04-16 19:16:03,30.3,58.4,2.0,53.9,0.0,0.0,0.0
2026-04-16 19:16:08,30.3,58.4,22.8,53.9,0.0,0.0,0.0
2026-04-16 19:16:13,30.1,58.5,13.2,53.9,0.0,0.0,0.0
2026-04-16 19:16:18,30.2,58.5,9.9,53.9,0.0,0.0,0.0
2026-04-16 19:16:23,30.3,58.6,48.6,53.8,0.0,0.0,0.0
2026-04-16 19:16:28,30.3,58.5,0.9,53.8,0.0,0.0,0.0
2026-04-16 19:16:33,30.4,58.6,21.1,53.9,0.0,0.0,0.0
2026-04-16 19:16:38,30.3,58.6,15.7,53.9,0.0,0.0,0.0
2026-04-16 19:16:43,30.3,58.5,23.8,53.9,0.0,0.0,0.0
2026-04-16 19:16:48,30.2,58.6,17.8,53.8,0.0,0.0,0.0
2026-04-16 19:16:53,30.4,58.5,17.4,53.8,0.0,0.0,0.0
2026-04-16 19:16:58,30.3,58.5,14.7,53.8,0.0,0.0,0.0
2026-04-16 19:17:03,30.4,58.6,0.0,53.8,0.0,0.0,0.0
2026-04-16 19:17:08,30.4,58.7,3.8,53.8,0.0,0.0,0.0
2026-04-16 19:17:13,30.3,58.6,22.2,53.9,0.0,0.0,0.0
2026-04-16 19:17:18,30.3,58.6,15.6,53.9,0.0,0.0,0.0
2026-04-16 19:17:23,30.3,58.6,19.8,53.9,0.0,0.0,0.0
2026-04-16 19:17:28,30.3,58.6,30.3,53.9,0.0,0.0,0.0
2026-04-16 19:17:33,30.3,58.4,19.8,53.9,0.0,0.0,0.0
2026-04-16 19:17:38,30.3,58.4,8.8,53.9,0.0,0.0,0.0
2026-04-16 19:17:43,30.3,58.6,21.6,53.8,0.0,0.0,0.0
2026-04-16 19:17:48,30.3,58.6,30.6,53.8,0.0,0.0,0.0
2026-04-16 19:17:53,30.1,58.7,10.3,53.9,0.0,0.0,0.0
2026-04-16 19:17:58,30.3,58.7,4.0,53.9,0.0,0.0,0.0
2026-04-16 19:18:03,30.4,58.6,3.6,53.9,0.0,0.0,0.0
2026-04-16 19:18:08,30.5,58.5,0.0,53.9,0.0,0.0,0.0
2026-04-16 19:18:13,30.4,58.5,0.0,53.9,0.0,0.0,0.0
2026-04-16 19:18:18,30.3,58.5,28.4,53.9,0.0,0.0,0.0
2026-04-16 19:18:23,30.2,58.6,15.8,53.9,0.0,0.0,0.0
2026-04-16 19:18:28,30.3,58.7,10.8,53.9,0.0,0.0,0.0
2026-04-16 19:18:33,30.3,58.7,31.4,53.9,0.0,0.0,0.0
2026-04-16 19:18:38,30.3,58.8,17.7,53.9,0.0,0.0,0.0
2026-04-16 19:18:43,30.4,58.8,3.4,53.9,0.0,0.0,0.0
2026-04-16 19:18:48,30.3,58.8,17.0,53.9,0.0,0.0,0.0
2026-04-16 19:18:53,30.2,58.8,1.3,53.9,0.0,0.0,0.0
2026-04-16 19:18:58,30.3,58.9,21.1,53.9,0.0,0.0,0.0
2026-04-16 19:19:03,30.3,58.8,20.4,53.9,0.0,0.0,0.0
2026-04-16 19:19:08,30.3,58.8,27.4,53.9,0.0,0.0,0.0
2026-04-16 19:19:13,30.4,58.8,37.0,53.9,0.0,0.0,0.0
2026-04-16 19:19:18,30.3,58.9,17.6,53.9,0.0,0.0,0.0
2026-04-16 19:19:23,30.2,58.8,16.4,53.9,0.0,0.0,0.0
2026-04-16 19:19:28,30.3,58.8,9.5,53.9,0.0,0.0,0.0
2026-04-16 19:19:33,30.3,58.7,19.2,53.9,0.0,0.0,0.0
2026-04-16 19:19:38,30.2,58.9,11.4,53.9,0.0,0.0,0.0
2026-04-16 19:19:43,30.3,58.8,27.0,53.9,0.0,0.0,0.0
2026-04-16 19:19:48,30.2,58.7,11.4,53.9,0.0,0.0,0.0
2026-04-16 19:19:53,30.1,58.6,10.8,53.9,0.0,0.0,0.0
2026-04-16 19:19:58,30.2,58.6,0.0,53.9,0.0,0.0,0.0
2026-04-16 19:20:03,30.2,58.6,21.8,53.9,0.0,0.0,0.0
2026-04-16 19:20:08,30.3,58.7,5.4,53.9,0.0,0.0,0.0
2026-04-16 19:20:13,30.4,58.6,16.6,53.9,0.0,0.0,0.0
2026-04-16 19:20:18,30.2,58.5,20.5,53.9,0.0,0.0,0.0
2026-04-16 19:20:23,30.4,58.6,12.4,53.9,0.0,0.0,0.0
2026-04-16 19:20:28,30.2,58.6,38.1,53.9,0.0,0.0,0.0
2026-04-16 19:20:33,30.4,58.6,19.6,53.9,0.0,0.0,0.0
2026-04-16 19:20:38,30.5,58.5,0.0,53.9,0.0,0.0,0.0
2026-04-16 19:20:43,30.4,58.5,11.1,53.9,0.0,0.0,0.0
2026-04-16 19:20:48,30.3,58.6,17.8,53.9,0.0,0.0,0.0
2026-04-16 19:20:53,30.3,58.6,16.4,53.8,0.0,0.0,0.0
2026-04-16 19:20:58,30.2,58.6,7.6,53.8,0.0,0.0,0.0
2026-04-16 19:21:03,30.3,58.4,19.8,53.9,0.0,0.0,0.0
2026-04-16 19:21:08,30.2,58.3,12.7,53.9,0.0,0.0,0.0
2026-04-16 19:21:13,30.3,58.4,28.3,53.9,0.0,0.0,0.0
2026-04-16 19:21:18,30.3,58.5,19.3,53.9,0.0,0.0,0.0
2026-04-16 19:21:23,30.2,58.6,16.3,53.9,0.0,0.0,0.0
2026-04-16 19:21:28,30.2,58.5,24.4,53.9,0.0,0.0,0.0
2026-04-16 19:21:33,30.1,58.5,10.7,53.9,0.0,0.0,0.0
2026-04-16 19:21:38,30.2,58.7,8.3,53.9,0.0,0.0,0.0
2026-04-16 19:21:43,30.2,58.7,0.0,53.9,0.0,0.0,0.0
2026-04-16 19:21:48,30.3,58.7,24.2,53.9,0.0,0.0,0.0
2026-04-16 19:21:53,30.2,58.8,5.1,53.9,0.0,0.0,0.0
2026-04-16 19:21:58,30.4,58.7,0.2,53.9,0.0,0.0,0.0
2026-04-16 19:22:03,30.1,58.8,23.2,53.9,0.0,0.0,0.0
2026-04-16 19:22:08,30.2,58.8,29.2,53.9,0.0,0.0,0.0
2026-04-16 19:22:13,30.2,58.8,7.6,53.9,0.0,0.0,0.0
2026-04-16 19:22:18,30.2,58.8,28.9,53.9,0.0,0.0,0.0
2026-04-16 19:22:23,30.1,58.8,40.1,53.9,0.0,0.0,0.0
2026-04-16 19:22:28,30.1,58.8,18.8,53.9,0.0,0.0,0.0
2026-04-16 19:22:33,30.3,58.8,27.7,53.9,0.0,0.0,0.0
2026-04-16 19:22:38,30.2,58.8,14.0,53.9,0.0,0.0,0.0
2026-04-16 19:22:43,30.3,58.8,24.4,53.9,0.0,0.0,0.0
2026-04-16 19:22:48,30.2,58.6,32.1,53.8,0.0,0.0,0.0
2026-04-16 19:22:53,30.2,58.7,18.5,53.8,0.0,0.0,0.0
2026-04-16 19:22:58,30.2,58.7,8.2,53.8,0.0,0.0,0.0
2026-04-16 19:23:03,30.2,58.8,10.6,53.8,0.0,0.0,0.0
2026-04-16 19:23:08,30.2,58.8,0.7,53.8,0.0,0.0,0.0
2026-04-16 19:23:13,30.1,58.8,26.0,53.8,0.0,0.0,0.0
2026-04-16 19:23:18,30.2,58.8,27.9,53.8,0.0,0.0,0.0
2026-04-16 19:23:23,30.1,58.8,26.3,53.8,0.0,0.0,0.0
2026-04-16 19:23:28,30.3,58.8,0.0,53.8,0.0,0.0,0.0
2026-04-16 19:23:33,30.3,58.7,6.6,53.8,0.0,0.0,0.0
2026-04-16 19:23:38,30.1,58.7,18.5,53.8,0.0,0.0,0.0
2026-04-16 19:23:43,30.2,58.6,16.9,53.8,0.0,0.0,0.0
2026-04-16 19:23:48,30.2,58.6,36.1,53.8,0.0,0.0,0.0
2026-04-16 19:23:53,30.3,58.7,12.9,53.8,0.0,0.0,0.0
2026-04-16 19:23:58,30.2,58.6,14.1,53.8,0.0,0.0,0.0
2026-04-16 19:24:03,30.2,58.6,15.3,53.8,0.0,0.0,0.0
2026-04-16 19:24:08,30.3,58.7,13.7,53.8,0.0,0.0,0.0
2026-04-16 19:24:13,30.3,58.6,8.6,53.8,0.0,0.0,0.0
2026-04-16 19:24:18,30.2,58.6,19.0,53.8,0.0,0.0,0.0
2026-04-16 19:24:23,30.1,58.6,16.4,53.8,0.0,0.0,0.0
2026-04-16 19:24:28,30.2,58.5,11.6,53.8,0.0,0.0,0.0
2026-04-16 19:24:33,30.2,58.4,5.4,53.8,0.0,0.0,0.0
2026-04-16 19:24:38,30.2,58.5,7.3,53.8,0.0,0.0,0.0
2026-04-16 19:24:43,30.3,58.5,15.6,53.8,0.0,0.0,0.0
2026-04-16 19:24:48,30.1,58.5,27.8,53.8,0.0,0.0,0.0
2026-04-16 19:24:53,30.1,58.5,18.3,53.8,0.0,0.0,0.0
2026-04-16 19:24:58,30.3,58.6,15.4,53.8,0.0,0.0,0.0
2026-04-16 19:25:03,30.2,58.6,0.0,53.8,0.0,0.0,0.0
2026-04-16 19:25:08,30.3,58.4,5.5,53.8,0.0,0.0,0.0
2026-04-16 19:25:13,30.2,58.5,0.0,53.8,0.0,0.0,0.0
2026-04-16 19:25:18,30.1,58.5,16.5,53.8,0.0,0.0,0.0
2026-04-16 19:25:23,30.2,58.4,0.0,53.8,0.0,0.0,0.0
2026-04-16 19:25:28,30.3,58.4,27.3,53.8,0.0,0.0,0.0
2026-04-16 19:25:33,30.2,58.4,5.8,53.8,0.0,0.0,0.0
2026-04-16 19:25:38,30.3,58.5,0.0,53.8,0.0,0.0,0.0
2026-04-16 19:25:43,30.1,58.4,34.6,53.8,0.0,0.0,0.0
2026-04-16 19:25:48,30.2,58.3,19.6,53.8,0.0,0.0,0.0
2026-04-16 19:25:53,30.2,58.4,4.5,53.8,0.0,0.0,0.0
2026-04-16 19:25:58,30.1,58.4,15.4,53.8,0.0,0.0,0.0
2026-04-16 19:26:03,30.3,58.3,8.8,53.8,0.0,0.0,0.0
2026-04-16 19:26:08,30.2,58.2,22.0,53.8,0.0,0.0,0.0
2026-04-16 19:26:13,30.2,58.2,12.0,53.8,0.0,0.0,0.0
2026-04-16 19:26:18,30.2,58.1,13.0,53.8,0.0,0.0,0.0
2026-04-16 19:26:23,30.1,58.2,11.0,53.8,0.0,0.0,0.0
2026-04-16 19:26:28,30.1,58.3,16.6,53.8,0.0,0.0,0.0
2026-04-16 19:26:33,30.1,58.2,19.3,53.8,0.0,0.0,0.0
2026-04-16 19:26:38,30.3,58.2,23.8,53.8,0.0,0.0,0.0
2026-04-16 19:26:43,30.1,58.2,16.5,53.8,0.0,0.0,0.0
2026-04-16 19:26:48,30.2,58.2,13.7,53.8,0.0,0.0,0.0
2026-04-16 19:26:53,30.1,58.1,17.0,53.9,0.0,0.0,0.0
2026-04-16 19:26:58,30.2,58.1,33.9,53.9,0.0,0.0,0.0
2026-04-16 19:27:03,30.3,58.1,20.3,53.9,0.0,0.0,0.0
2026-04-16 19:27:08,30.2,58.1,0.0,53.8,0.0,0.0,0.0
2026-04-16 19:27:13,30.2,58.0,10.3,53.8,0.0,0.0,0.0
2026-04-16 19:27:18,30.2,58.2,25.2,53.8,0.0,0.0,0.0
2026-04-16 19:27:23,30.2,58.2,0.0,53.8,0.0,0.0,0.0
2026-04-16 19:27:28,30.1,58.2,11.0,53.8,0.0,0.0,0.0
2026-04-16 19:27:33,30.3,58.3,10.9,53.8,0.0,0.0,0.0
2026-04-16 19:27:38,30.1,58.4,9.3,53.8,0.0,0.0,0.0
2026-04-16 19:27:43,30.2,58.4,15.0,53.8,0.0,0.0,0.0
2026-04-16 19:27:48,30.1,58.5,12.7,53.8,0.0,0.0,0.0
2026-04-16 19:27:53,30.2,58.5,19.4,53.8,0.0,0.0,0.0
2026-04-16 19:27:58,30.2,58.4,13.2,53.8,0.0,0.0,0.0
2026-04-16 19:28:03,30.2,58.2,14.9,53.8,0.0,0.0,0.0
2026-04-16 19:28:08,30.2,58.2,19.3,53.8,0.0,0.0,0.0
2026-04-16 19:28:13,30.2,58.1,15.1,53.8,0.0,0.0,0.0
2026-04-16 19:28:18,30.2,58.2,10.4,53.8,0.0,0.0,0.0
2026-04-16 19:28:23,30.2,58.2,26.5,53.8,0.0,0.0,0.0
2026-04-16 19:28:28,30.2,58.1,0.4,53.8,0.0,0.0,0.0
2026-04-16 19:28:33,30.3,58.1,24.4,53.9,0.0,0.0,0.0
2026-04-16 19:28:38,30.2,57.9,18.6,53.9,0.0,0.0,0.0
2026-04-16 19:28:43,30.0,58.0,0.0,53.9,0.0,0.0,0.0
2026-04-16 19:28:48,30.2,58.1,15.7,53.9,0.0,0.0,0.0
2026-04-16 19:28:53,30.2,58.1,4.6,53.8,0.0,0.0,0.0
2026-04-16 19:28:58,30.2,58.2,6.7,53.8,0.0,0.0,0.0
2026-04-16 19:29:03,30.2,58.3,25.0,53.8,0.0,0.0,0.0
2026-04-16 19:29:08,30.3,58.4,31.6,53.9,0.0,0.0,0.0
2026-04-16 19:29:13,30.2,58.3,27.9,53.9,0.0,0.0,0.0
2026-04-16 19:29:18,30.2,58.4,16.2,53.9,0.0,0.0,0.0
2026-04-16 19:29:23,30.2,58.5,15.5,53.9,0.0,0.0,0.0
2026-04-16 19:29:28,30.3,58.4,6.0,53.8,0.0,0.0,0.0
2026-04-16 19:29:33,30.3,58.4,11.9,53.8,0.0,0.0,0.0
2026-04-16 19:29:38,30.1,58.4,12.4,53.8,0.0,0.0,0.0
2026-04-16 19:29:43,30.0,58.4,28.7,53.8,0.0,0.0,0.0
2026-04-16 19:29:48,30.3,58.3,14.5,53.8,0.0,0.0,0.0
2026-04-16 19:29:53,30.1,58.4,22.1,53.8,0.0,0.0,0.0
2026-04-16 19:29:58,30.2,58.4,14.2,53.8,0.0,0.0,0.0
2026-04-16 19:30:03,30.2,58.4,18.3,53.9,0.0,0.0,0.0
2026-04-16 19:30:08,30.1,58.2,24.6,53.9,0.0,0.0,0.0
2026-04-16 19:30:13,30.3,58.2,8.4,53.9,0.0,0.0,0.0
2026-04-16 19:30:18,30.1,58.2,3.8,53.9,0.0,0.0,0.0
2026-04-16 19:30:23,30.1,58.2,9.1,53.9,0.0,0.0,0.0
2026-04-16 19:30:28,30.1,58.1,11.8,53.9,0.0,0.0,0.0
2026-04-16 19:30:33,30.2,58.3,16.5,53.9,0.0,0.0,0.0
2026-04-16 19:30:38,30.3,58.2,0.0,53.9,0.0,0.0,0.0
2026-04-16 19:30:43,30.2,58.3,28.1,53.9,0.0,0.0,0.0
2026-04-16 19:30:48,30.3,58.2,0.0,53.9,0.0,0.0,0.0
2026-04-16 19:30:53,30.2,58.2,10.2,53.9,0.0,0.0,0.0
2026-04-16 19:30:58,30.1,58.4,7.7,53.9,0.0,0.0,0.0
2026-04-16 19:31:03,30.2,58.4,9.3,53.9,0.0,0.0,0.0
2026-04-16 19:31:08,30.3,58.2,22.4,53.9,0.0,0.0,0.0
2026-04-16 19:31:13,30.1,58.3,9.9,53.9,0.0,0.0,0.0
2026-04-16 19:31:18,30.2,58.3,15.6,53.9,0.0,0.0,0.0
2026-04-16 19:31:23,30.2,58.3,0.0,53.9,0.0,0.0,0.0
2026-04-16 19:31:28,30.1,58.3,15.8,53.9,0.0,0.0,0.0
2026-04-16 19:31:33,30.2,58.4,9.3,53.9,0.0,0.0,0.0
2026-04-16 19:31:38,30.2,58.4,10.4,53.9,0.0,0.0,0.0
2026-04-16 19:31:43,30.2,58.5,16.4,53.9,0.0,0.0,0.0
2026-04-16 19:31:48,30.2,58.6,32.9,53.9,0.0,0.0,0.0
2026-04-16 19:31:53,30.4,58.6,2.3,53.9,0.0,0.0,0.0
2026-04-16 19:31:58,30.2,58.6,26.6,53.9,0.0,0.0,0.0
2026-04-16 19:32:03,30.3,58.5,17.2,53.9,0.0,0.0,0.0
2026-04-16 19:32:08,30.1,58.4,0.0,53.9,0.0,0.0,0.0
2026-04-16 19:32:13,30.2,58.4,10.7,53.9,0.0,0.0,0.0
2026-04-16 19:32:18,30.1,58.5,0.0,53.9,0.0,0.0,0.0
2026-04-16 19:32:23,30.2,58.5,19.8,53.9,0.0,0.0,0.0
2026-04-16 19:32:28,30.2,58.4,4.3,53.9,0.0,0.0,0.0
2026-04-16 19:32:33,30.3,58.4,18.0,53.9,0.0,0.0,0.0
2026-04-16 19:32:38,30.2,58.4,12.4,53.9,0.0,0.0,0.0
2026-04-16 19:32:43,30.1,58.4,4.9,53.9,0.0,0.0,0.0
2026-04-16 19:32:48,30.2,58.5,10.5,53.9,0.0,0.0,0.0
2026-04-16 19:32:53,30.1,58.5,10.8,53.8,0.0,0.0,0.0
2026-04-16 19:32:58,30.2,58.5,6.3,53.8,0.0,0.0,0.0
2026-04-16 19:33:03,30.1,58.4,12.3,53.8,0.0,0.0,0.0
2026-04-16 19:33:08,30.2,58.5,7.9,53.8,0.0,0.0,0.0
2026-04-16 19:33:13,30.2,58.5,18.8,53.8,0.0,0.0,0.0
2026-04-16 19:33:18,30.1,58.4,6.7,53.8,0.0,0.0,0.0
2026-04-16 19:33:23,30.4,58.5,35.2,53.8,0.0,0.0,0.0
2026-04-16 19:33:28,30.2,58.3,15.8,53.8,0.0,0.0,0.0
2026-04-16 19:33:33,30.2,58.3,7.7,53.8,0.0,0.0,0.0
2026-04-16 19:33:38,30.2,58.3,5.7,53.8,0.0,0.0,0.0
2026-04-16 19:33:43,30.4,58.1,9.2,53.9,0.0,0.0,0.0
2026-04-16 19:33:48,30.4,58.2,0.0,53.9,0.0,0.0,0.0
2026-04-16 19:33:53,30.3,58.2,21.2,53.9,0.0,0.0,0.0
2026-04-16 19:33:58,30.4,58.3,14.8,53.9,0.0,0.0,0.0
2026-04-16 19:34:03,30.3,58.4,22.1,53.9,0.0,0.0,0.0
2026-04-16 19:34:08,30.2,58.3,10.2,53.9,0.0,0.0,0.0
2026-04-16 19:34:13,30.3,58.3,22.2,53.9,0.0,0.0,0.0
2026-04-16 19:34:18,30.3,58.4,17.6,53.9,0.0,0.0,0.0
2026-04-16 19:34:23,30.3,58.3,20.3,53.8,0.0,0.0,0.0
2026-04-16 19:34:28,30.2,58.3,15.9,53.8,0.0,0.0,0.0
2026-04-16 19:34:33,30.1,58.5,0.0,53.8,0.0,0.0,0.0
2026-04-16 19:34:38,30.2,58.5,8.0,53.8,0.0,0.0,0.0
2026-04-16 19:34:43,30.2,58.4,2.5,53.8,0.0,0.0,0.0
2026-04-16 19:34:48,30.1,58.3,14.4,53.8,0.0,0.0,0.0
2026-04-16 19:34:53,30.3,58.3,12.3,53.8,0.0,0.0,0.0
2026-04-16 19:34:58,30.2,58.3,12.4,53.9,0.0,0.0,0.0
2026-04-16 19:35:03,30.2,58.2,15.8,53.9,0.0,0.0,0.0
2026-04-16 19:35:08,30.2,58.2,16.9,53.9,0.0,0.0,0.0
2026-04-16 19:35:13,30.3,58.1,11.7,53.9,0.0,0.0,0.0
2026-04-16 19:35:18,30.3,58.1,5.6,53.9,0.0,0.0,0.0
2026-04-16 19:35:23,30.3,57.9,18.4,53.9,0.0,0.0,0.0
2026-04-16 19:35:28,30.3,57.9,14.4,53.9,0.0,0.0,0.0
2026-04-16 19:35:33,30.2,57.9,10.8,53.9,0.0,0.0,0.0
2026-04-16 19:35:38,30.4,57.8,12.5,53.9,0.0,0.0,0.0
2026-04-16 19:35:43,30.3,58.0,3.3,53.9,0.0,0.0,0.0
2026-04-16 19:35:48,30.2,57.9,13.0,53.9,0.0,0.0,0.0
2026-04-16 19:35:53,30.3,57.9,10.2,53.9,0.0,0.0,0.0
2026-04-16 19:35:58,30.1,58.0,40.3,53.9,0.0,0.0,0.0
2026-04-16 19:36:03,30.2,58.0,39.3,53.8,0.0,0.0,0.0
2026-04-16 19:36:08,30.3,57.9,0.0,53.8,0.0,0.0,0.0
2026-04-16 19:36:13,30.3,58.0,10.7,53.8,0.0,0.0,0.0
2026-04-16 19:36:18,30.1,58.2,29.0,53.8,0.0,0.0,0.0
2026-04-16 19:36:23,30.3,58.1,24.0,53.8,0.0,0.0,0.0
2026-04-16 19:36:28,30.1,58.0,12.4,53.8,0.0,0.0,0.0
2026-04-16 19:36:33,30.3,58.0,2.5,53.9,0.0,0.0,0.0
2026-04-16 19:36:38,30.3,58.0,14.2,53.9,0.0,0.0,0.0
2026-04-16 19:36:43,30.2,58.1,28.5,53.9,0.0,0.0,0.0
2026-04-16 19:36:48,30.1,58.1,3.1,53.8,0.0,0.0,0.0
2026-04-16 19:36:53,30.3,58.2,20.1,53.8,0.0,0.0,0.0
2026-04-16 19:36:58,30.2,58.0,7.9,53.8,0.0,0.0,0.0
2026-04-16 19:37:03,30.2,58.2,26.4,53.8,0.0,0.0,0.0
2026-04-16 19:37:08,30.2,58.1,8.2,53.8,0.0,0.0,0.0
2026-04-16 19:37:13,30.2,58.1,23.5,53.8,0.0,0.0,0.0
2026-04-16 19:37:18,30.3,58.2,22.7,53.8,0.0,0.0,0.0
2026-04-16 19:37:23,30.1,58.4,16.1,53.8,0.0,0.0,0.0
2026-04-16 19:37:28,30.3,58.4,0.0,53.8,0.0,0.0,0.0
2026-04-16 19:37:33,30.1,58.4,23.6,53.8,0.0,0.0,0.0
2026-04-16 19:37:38,30.2,58.4,0.0,53.8,0.0,0.0,0.0
2026-04-16 19:37:43,30.2,58.5,22.1,53.8,0.0,0.0,0.0
2026-04-16 19:37:48,30.2,58.5,9.9,53.8,0.0,0.0,0.0
2026-04-16 19:37:53,30.2,58.6,3.9,53.8,0.0,0.0,0.0
2026-04-16 19:37:58,30.2,58.6,20.1,53.8,0.0,0.0,0.0
2026-04-16 19:38:03,30.3,58.7,3.5,53.8,0.0,0.0,0.0
2026-04-16 19:38:08,30.2,58.6,7.1,53.8,0.0,0.0,0.0
2026-04-16 19:38:13,30.3,58.6,15.2,53.8,0.0,0.0,0.0
2026-04-16 19:38:18,30.2,58.7,0.0,53.8,0.0,0.0,0.0
2026-04-16 19:38:23,30.2,58.7,18.9,53.8,0.0,0.0,0.0
2026-04-16 19:38:28,30.3,58.6,15.3,53.8,0.0,0.0,0.0
2026-04-16 19:38:33,30.2,58.5,25.8,53.8,0.0,0.0,0.0
2026-04-16 19:38:38,30.1,58.5,18.8,53.9,0.0,0.0,0.0
2026-04-16 19:38:43,30.2,58.7,13.1,53.9,0.0,0.0,0.0
2026-04-16 19:38:48,30.2,58.7,6.1,53.9,0.0,0.0,0.0
2026-04-16 19:38:53,30.2,58.7,4.0,53.8,0.0,0.0,0.0
2026-04-16 19:38:58,30.2,58.8,6.1,53.8,0.0,0.0,0.0
2026-04-16 19:39:03,30.2,58.7,0.6,53.8,0.0,0.0,0.0
2026-04-16 19:39:08,30.2,58.7,3.0,53.9,0.0,0.0,0.0
2026-04-16 19:39:13,30.2,58.7,6.8,53.9,0.0,0.0,0.0
2026-04-16 19:39:18,30.3,58.6,10.2,53.9,0.0,0.0,0.0
2026-04-16 19:39:23,30.3,58.7,16.9,53.9,0.0,0.0,0.0
2026-04-16 19:39:28,30.2,58.7,21.9,53.9,0.0,0.0,0.0
2026-04-16 19:39:33,30.3,58.8,25.5,53.8,0.0,0.0,0.0
2026-04-16 19:39:38,30.2,58.8,8.8,53.8,0.0,0.0,0.0
2026-04-16 19:39:43,30.3,58.8,14.7,53.8,0.0,0.0,0.0
2026-04-16 19:39:48,30.3,58.8,16.1,53.8,0.0,0.0,0.0
2026-04-16 19:39:53,30.2,58.8,11.6,53.8,0.0,0.0,0.0
2026-04-16 19:39:58,30.2,58.9,6.9,53.8,0.0,0.0,0.0
2026-04-16 19:40:03,30.2,58.9,3.2,53.8,0.0,0.0,0.0
2026-04-16 19:40:08,30.3,58.8,13.1,53.8,0.0,0.0,0.0
2026-04-16 19:40:13,30.1,58.8,19.2,53.8,0.0,0.0,0.0
2026-04-16 19:40:18,30.2,58.8,14.8,53.8,0.0,0.0,0.0
2026-04-16 19:40:23,30.3,58.7,12.9,53.8,0.0,0.0,0.0
2026-04-16 19:40:28,30.4,58.7,37.6,53.8,0.0,0.0,0.0
2026-04-16 19:40:33,30.3,58.6,6.7,53.8,0.0,0.0,0.0
2026-04-16 19:40:38,30.3,58.8,19.9,53.8,0.0,0.0,0.0
2026-04-16 19:40:43,30.3,58.8,10.7,53.8,0.0,0.0,0.0
2026-04-16 19:40:48,30.1,58.8,20.3,53.8,0.0,0.0,0.0
2026-04-16 19:40:53,30.4,59.0,15.4,53.8,0.0,0.0,0.0
2026-04-16 19:40:58,30.3,59.1,23.0,53.8,0.0,0.0,0.0
2026-04-16 19:41:03,30.3,59.1,4.0,53.8,0.0,0.0,0.0
2026-04-16 19:41:08,30.4,58.9,0.9,53.8,0.0,0.0,0.0
2026-04-16 19:41:13,30.3,58.8,39.5,53.8,0.0,0.0,0.0
2026-04-16 19:41:18,30.3,58.9,20.4,53.8,0.0,0.0,0.0
2026-04-16 19:41:23,30.3,58.8,22.3,53.8,0.0,0.0,0.0
2026-04-16 19:41:28,30.2,58.8,9.8,53.8,0.0,0.0,0.0
2026-04-16 19:41:33,30.1,58.8,14.7,53.8,0.0,0.0,0.0
2026-04-16 19:41:38,30.2,58.8,0.0,53.8,0.0,0.0,0.0
2026-04-16 19:41:43,30.2,58.8,0.0,53.8,0.0,0.0,0.0
2026-04-16 19:41:48,30.2,58.6,11.9,53.8,0.0,0.0,0.0
2026-04-16 19:41:53,30.2,58.6,4.9,53.8,0.0,0.0,0.0
2026-04-16 19:41:58,30.3,58.8,18.5,53.8,0.0,0.0,0.0
2026-04-16 19:42:03,30.4,58.9,4.0,53.8,0.0,0.0,0.0
2026-04-16 19:42:08,30.2,59.0,5.4,53.8,0.0,0.0,0.0
2026-04-16 19:42:13,30.1,59.0,11.3,53.8,0.0,0.0,0.0
2026-04-16 19:42:18,30.4,59.2,9.0,53.8,0.0,0.0,0.0
2026-04-16 19:42:23,30.4,59.2,16.9,53.8,0.0,0.0,0.0
2026-04-16 19:42:28,30.3,59.1,20.8,53.8,0.0,0.0,0.0
2026-04-16 19:42:33,30.3,59.0,0.0,53.8,0.0,0.0,0.0
2026-04-16 19:42:38,30.3,58.9,21.3,53.8,0.0,0.0,0.0
2026-04-16 19:42:43,30.5,58.9,23.0,53.9,0.0,0.0,0.0
2026-04-16 19:42:48,30.2,58.9,16.5,53.9,0.0,0.0,0.0
2026-04-16 19:42:53,30.2,58.9,21.6,53.9,0.0,0.0,0.0
2026-04-16 19:42:58,30.2,58.9,15.9,53.9,0.0,0.0,0.0
2026-04-16 19:43:03,30.4,58.8,13.9,53.9,0.0,0.0,0.0
2026-04-16 19:43:08,30.3,59.0,23.3,53.9,0.0,0.0,0.0
2026-04-16 19:43:13,30.4,59.0,16.7,53.8,0.0,0.0,0.0
2026-04-16 19:43:18,30.2,58.9,13.7,53.8,0.0,0.0,0.0
2026-04-16 19:43:23,30.4,58.8,22.1,53.9,0.0,0.0,0.0
2026-04-16 19:43:28,30.3,58.8,7.4,53.9,0.0,0.0,0.0
2026-04-16 19:43:33,30.3,58.8,8.4,53.9,0.0,0.0,0.0
2026-04-16 19:43:38,30.3,58.7,22.2,53.8,0.0,0.0,0.0
2026-04-16 19:43:43,30.3,58.6,23.7,53.8,0.0,0.0,0.0
2026-04-16 19:43:48,30.4,58.5,11.4,53.8,0.0,0.0,0.0
2026-04-16 19:43:53,30.4,58.3,3.0,53.8,0.0,0.0,0.0
2026-04-16 19:43:58,30.3,58.3,13.2,53.8,0.0,0.0,0.0
2026-04-16 19:44:03,30.2,58.3,10.6,53.8,0.0,0.0,0.0
2026-04-16 19:44:08,30.3,58.3,9.4,53.8,0.0,0.0,0.0
2026-04-16 19:44:13,30.2,58.3,20.2,53.8,0.0,0.0,0.0
2026-04-16 19:44:18,30.3,58.4,1.8,53.8,0.0,0.0,0.0
2026-04-16 19:44:23,30.2,58.4,18.4,53.8,0.0,0.0,0.0
2026-04-16 19:44:28,30.4,58.5,0.0,53.8,0.0,0.0,0.0
2026-04-16 19:44:33,30.2,58.5,6.5,53.8,0.0,0.0,0.0
2026-04-16 19:44:38,30.3,58.6,25.7,53.8,0.0,0.0,0.0
2026-04-16 19:44:43,30.2,58.6,23.5,53.8,0.0,0.0,0.0
2026-04-16 19:44:48,30.2,58.6,4.8,53.8,0.0,0.0,0.0
2026-04-16 19:44:53,30.3,58.7,3.0,53.8,0.0,0.0,0.0
2026-04-16 19:44:58,30.2,58.6,21.8,53.8,0.0,0.0,0.0
2026-04-16 19:45:03,30.3,58.6,8.3,53.8,0.0,0.0,0.0
2026-04-16 19:45:08,30.2,58.7,12.9,53.8,0.0,0.0,0.0
2026-04-16 19:45:13,30.4,58.7,14.2,53.8,0.0,0.0,0.0
2026-04-16 19:45:18,30.2,58.7,1.3,53.8,0.0,0.0,0.0
2026-04-16 19:45:23,30.3,58.7,1.8,53.8,0.0,0.0,0.0
2026-04-16 19:45:28,30.2,58.5,29.7,53.8,0.0,0.0,0.0
2026-04-16 19:45:33,30.2,58.6,16.3,53.8,0.0,0.0,0.0
2026-04-16 19:45:38,30.2,58.6,29.8,53.8,0.0,0.0,0.0
2026-04-16 19:45:43,30.3,58.6,11.5,53.8,0.0,0.0,0.0
2026-04-16 19:45:48,30.4,58.6,6.9,53.8,0.0,0.0,0.0
2026-04-16 19:45:53,30.4,58.5,15.4,53.8,0.0,0.0,0.0
2026-04-16 19:45:58,30.4,58.6,16.4,53.8,0.0,0.0,0.0
2026-04-16 19:46:03,30.3,58.6,2.6,53.8,0.0,0.0,0.0
2026-04-16 19:46:08,30.3,58.6,7.2,53.8,0.0,0.0,0.0
2026-04-16 19:46:13,30.4,58.6,21.3,53.8,0.0,0.0,0.0
2026-04-16 19:46:18,30.3,58.5,24.8,53.8,0.0,0.0,0.0
2026-04-16 19:46:23,30.2,58.5,27.5,53.8,0.0,0.0,0.0
2026-04-16 19:46:28,30.2,58.5,0.0,53.8,0.0,0.0,0.0
2026-04-16 19:46:33,30.2,58.5,19.6,53.8,0.0,0.0,0.0
2026-04-16 19:46:38,30.4,58.5,21.7,53.8,0.0,0.0,0.0
2026-04-16 19:46:43,30.4,58.6,15.2,53.8,0.0,0.0,0.0
2026-04-16 19:46:48,30.4,58.5,9.0,53.8,0.0,0.0,0.0
2026-04-16 19:46:53,30.5,58.5,15.1,53.8,0.0,0.0,0.0
2026-04-16 19:46:58,30.4,58.6,8.1,53.8,0.0,0.0,0.0
2026-04-16 19:47:03,30.2,58.6,13.0,53.8,0.0,0.0,0.0
2026-04-16 19:47:08,30.3,58.6,6.8,53.8,0.0,0.0,0.0
2026-04-16 19:47:13,30.4,58.6,2.8,53.8,0.0,0.0,0.0
2026-04-16 19:47:18,30.3,58.5,3.8,53.8,0.0,0.0,0.0
2026-04-16 19:47:23,30.3,58.5,4.3,53.8,0.0,0.0,0.0
2026-04-16 19:47:28,30.5,58.6,13.2,53.8,0.0,0.0,0.0
2026-04-16 19:47:33,30.2,58.5,3.0,53.8,0.0,0.0,0.0
2026-04-16 19:47:38,30.3,58.5,5.3,53.8,0.0,0.0,0.0
2026-04-16 19:47:43,30.3,58.5,35.2,53.8,0.0,0.0,0.0
2026-04-16 19:47:48,30.5,58.5,16.8,53.8,0.0,0.0,0.0
2026-04-16 19:47:53,30.3,58.5,18.6,53.8,0.0,0.0,0.0
2026-04-16 19:47:58,30.4,58.5,10.3,53.8,0.0,0.0,0.0
2026-04-16 19:48:03,30.3,58.5,17.3,53.8,0.0,0.0,0.0
2026-04-16 19:48:08,30.4,58.4,21.5,53.8,0.0,0.0,0.0
2026-04-16 19:48:13,30.3,58.3,21.1,53.8,0.0,0.0,0.0
2026-04-16 19:48:18,30.4,58.3,22.2,53.8,0.0,0.0,0.0
2026-04-16 19:48:23,30.2,58.4,25.7,53.8,0.0,0.0,0.0
2026-04-16 19:48:28,30.4,58.4,19.8,53.8,0.0,0.0,0.0
2026-04-16 19:48:33,30.3,58.4,9.5,53.8,0.0,0.0,0.0
2026-04-16 19:48:38,30.4,58.3,7.1,53.8,0.0,0.0,0.0
2026-04-16 19:48:43,30.3,58.4,21.4,53.8,0.0,0.0,0.0
2026-04-16 19:48:48,30.1,58.3,0.0,53.8,0.0,0.0,0.0
2026-04-16 19:48:53,30.2,58.3,30.5,53.8,0.0,0.0,0.0
2026-04-16 19:48:58,30.4,58.3,24.2,53.8,0.0,0.0,0.0
2026-04-16 19:49:03,30.2,58.4,0.0,53.8,0.0,0.0,0.0
2026-04-16 19:49:08,30.5,58.3,28.2,53.8,0.0,0.0,0.0
2026-04-16 19:49:13,30.4,58.4,20.6,53.8,0.0,0.0,0.0
2026-04-16 19:49:18,30.4,58.5,0.0,53.8,0.0,0.0,0.0
2026-04-16 19:49:23,30.3,58.6,20.0,53.8,0.0,0.0,0.0
2026-04-16 19:49:28,30.3,58.7,30.5,53.8,0.0,0.0,0.0
2026-04-16 19:49:33,30.3,58.8,21.7,53.8,0.0,0.0,0.0
2026-04-16 19:49:38,30.3,58.8,29.3,53.8,0.0,0.0,0.0
2026-04-16 19:49:43,30.4,58.9,6.8,53.8,0.0,0.0,0.0
2026-04-16 19:49:48,30.2,59.0,24.5,53.8,0.0,0.0,0.0
2026-04-16 19:49:53,30.3,58.9,12.2,53.8,0.0,0.0,0.0
2026-04-16 19:49:58,30.3,58.9,34.8,53.8,0.0,0.0,0.0
2026-04-16 19:50:03,30.3,58.8,0.9,53.8,0.0,0.0,0.0
2026-04-16 19:50:08,30.4,58.7,10.7,53.8,0.0,0.0,0.0
2026-04-16 19:50:13,30.4,58.7,13.3,53.8,0.0,0.0,0.0
2026-04-16 19:50:18,30.4,58.7,16.1,53.7,0.0,0.0,0.0
2026-04-16 19:50:23,30.4,58.6,19.0,53.7,0.0,0.0,0.0
2026-04-16 19:50:28,30.4,58.6,11.6,53.7,0.0,0.0,0.0
2026-04-16 19:50:33,30.4,58.5,26.8,53.8,0.0,0.0,0.0
2026-04-16 19:50:38,30.3,58.6,34.8,53.8,0.0,0.0,0.0
2026-04-16 19:50:43,30.4,58.7,2.9,53.8,0.0,0.0,0.0
2026-04-16 19:50:48,30.5,58.6,12.3,53.8,0.0,0.0,0.0
2026-04-16 19:50:53,30.2,58.5,12.3,53.7,0.0,0.0,0.0
2026-04-16 19:50:58,30.6,58.5,28.5,53.7,0.0,0.0,0.0
2026-04-16 19:51:03,30.5,58.3,24.5,53.7,0.0,0.0,0.0
2026-04-16 19:51:08,30.3,58.2,11.9,53.8,0.0,0.0,0.0
2026-04-16 19:51:13,30.3,58.2,18.5,53.8,0.0,0.0,0.0
2026-04-16 19:51:18,30.3,58.2,0.0,53.7,0.0,0.0,0.0
2026-04-16 19:51:23,30.3,58.1,20.1,53.7,0.0,0.0,0.0
2026-04-16 19:51:28,30.2,58.0,11.3,53.7,0.0,0.0,0.0
2026-04-16 19:51:33,30.4,58.1,12.4,53.7,0.0,0.0,0.0
2026-04-16 19:51:38,30.4,58.1,0.0,53.7,0.0,0.0,0.0
2026-04-16 19:51:43,30.2,58.2,9.4,53.7,0.0,0.0,0.0
2026-04-16 19:51:48,30.4,58.1,0.0,53.7,0.0,0.0,0.0
2026-04-16 19:51:53,30.3,58.1,18.4,53.8,0.0,0.0,0.0
2026-04-16 19:51:58,30.3,58.2,9.2,53.8,0.0,0.0,0.0
2026-04-16 19:52:03,30.3,58.3,13.8,53.8,0.0,0.0,0.0
2026-04-16 19:52:08,30.4,58.4,7.7,53.8,0.0,0.0,0.0
2026-04-16 19:52:13,30.3,58.3,8.5,53.8,0.0,0.0,0.0
2026-04-16 19:52:18,30.3,58.3,23.7,53.8,0.0,0.0,0.0
2026-04-16 19:52:23,30.3,58.3,29.5,53.7,0.0,0.0,0.0
2026-04-16 19:52:28,30.3,58.3,16.9,53.7,0.0,0.0,0.0
2026-04-16 19:52:33,30.4,58.2,8.0,53.7,0.0,0.0,0.0
2026-04-16 19:52:38,30.4,58.3,20.8,53.7,0.0,0.0,0.0
2026-04-16 19:52:43,30.4,58.3,16.6,53.7,0.0,0.0,0.0
2026-04-16 19:52:48,30.3,58.4,0.0,53.7,0.0,0.0,0.0
2026-04-16 19:52:53,30.2,58.4,11.8,53.7,0.0,0.0,0.0
2026-04-16 19:52:58,30.3,58.2,14.8,53.7,0.0,0.0,0.0
2026-04-16 19:53:03,30.4,58.4,25.5,53.7,0.0,0.0,0.0
2026-04-16 19:53:08,30.3,58.3,48.6,53.7,0.0,0.0,0.0
2026-04-16 19:53:13,30.4,58.2,26.3,53.7,0.0,0.0,0.0
2026-04-16 19:53:18,30.6,58.3,13.8,53.7,0.0,0.0,0.0
2026-04-16 19:53:23,30.4,58.3,25.2,53.7,0.0,0.0,0.0
2026-04-16 19:53:28,30.4,58.2,4.7,53.7,0.0,0.0,0.0
2026-04-16 19:53:33,30.2,58.2,21.8,53.7,0.0,0.0,0.0
2026-04-16 19:53:38,30.2,58.3,17.8,53.7,0.0,0.0,0.0
2026-04-16 19:53:43,30.4,58.2,6.8,53.7,0.0,0.0,0.0
2026-04-16 19:53:48,30.4,58.2,9.6,53.7,0.0,0.0,0.0
2026-04-16 19:53:53,30.4,58.1,19.1,53.7,0.0,0.0,0.0
2026-04-16 19:53:58,30.3,58.2,6.3,53.7,0.0,0.0,0.0
2026-04-16 19:54:03,30.4,58.3,7.2,53.7,0.0,0.0,0.0
2026-04-16 19:54:08,30.3,58.2,7.0,53.7,0.0,0.0,0.0
2026-04-16 19:54:13,30.3,58.2,15.7,53.8,0.0,0.0,0.0
2026-04-16 19:54:18,30.4,58.2,17.6,53.8,0.0,0.0,0.0
2026-04-16 19:54:23,30.4,58.1,13.1,53.8,0.0,0.0,0.0
2026-04-16 19:54:28,30.5,58.2,6.6,53.8,0.0,0.0,0.0
2026-04-16 19:54:33,30.5,58.2,19.5,53.7,0.0,0.0,0.0
2026-04-16 19:54:38,30.4,58.0,36.8,53.7,0.0,0.0,0.0
2026-04-16 19:54:43,30.3,58.0,9.8,53.7,0.0,0.0,0.0
2026-04-16 19:54:48,30.3,58.1,24.2,53.7,0.0,0.0,0.0
2026-04-16 19:54:53,30.4,58.2,13.1,53.7,0.0,0.0,0.0
2026-04-16 19:54:58,30.2,58.1,34.9,53.7,0.0,0.0,0.0
2026-04-16 19:55:03,30.4,58.0,12.8,53.7,0.0,0.0,0.0
2026-04-16 19:55:08,30.5,58.2,8.0,53.7,0.0,0.0,0.0
2026-04-16 19:55:13,30.4,58.1,10.0,53.7,0.0,0.0,0.0
2026-04-16 19:55:18,30.4,58.1,20.5,53.7,0.0,0.0,0.0
2026-04-16 19:55:23,30.4,58.1,0.0,53.7,0.0,0.0,0.0
2026-04-16 19:55:28,30.3,58.2,21.6,53.7,0.0,0.0,0.0
2026-04-16 19:55:33,30.4,58.3,10.6,53.7,0.0,0.0,0.0
2026-04-16 19:55:38,30.3,58.4,9.5,53.7,0.0,0.0,0.0
2026-04-16 19:55:43,30.4,58.4,8.9,53.7,0.0,0.0,0.0
2026-04-16 19:55:48,30.2,58.4,19.3,53.7,0.0,0.0,0.0
2026-04-16 19:55:53,30.4,58.3,12.0,53.7,0.0,0.0,0.0
2026-04-16 19:55:58,30.3,58.3,11.1,53.7,0.0,0.0,0.0
2026-04-16 19:56:03,30.4,58.4,0.8,53.7,0.0,0.0,0.0
2026-04-16 19:56:08,30.4,58.3,32.4,53.7,0.0,0.0,0.0
2026-04-16 19:56:13,30.3,58.2,19.2,53.7,0.0,0.0,0.0
2026-04-16 19:56:18,30.4,58.3,26.8,53.7,0.0,0.0,0.0
2026-04-16 19:56:23,30.4,58.3,19.6,53.7,0.0,0.0,0.0
2026-04-16 19:56:28,30.4,58.5,8.5,53.7,0.0,0.0,0.0
2026-04-16 19:56:33,30.5,58.5,28.2,53.7,0.0,0.0,0.0
2026-04-16 19:56:38,30.5,58.5,13.8,53.7,0.0,0.0,0.0
2026-04-16 19:56:43,30.5,58.5,0.0,53.7,0.0,0.0,0.0
2026-04-16 19:56:48,30.3,58.4,12.9,53.7,0.0,0.0,0.0
2026-04-16 19:56:53,30.4,58.5,13.9,53.7,0.0,0.0,0.0
2026-04-16 19:56:58,30.4,58.7,15.0,53.7,0.0,0.0,0.0
2026-04-16 19:57:03,30.4,58.5,6.3,53.7,0.0,0.0,0.0
2026-04-16 19:57:08,30.5,58.3,13.2,53.7,0.0,0.0,0.0
2026-04-16 19:57:13,30.5,58.3,19.6,53.7,0.0,0.0,0.0
2026-04-16 19:57:18,30.5,58.4,10.5,53.7,0.0,0.0,0.0
2026-04-16 19:57:23,30.4,58.4,14.3,53.7,0.0,0.0,0.0
2026-04-16 19:57:28,30.5,58.5,9.4,53.7,0.0,0.0,0.0
2026-04-16 19:57:33,30.4,58.5,17.1,53.8,0.0,0.0,0.0
2026-04-16 19:57:38,30.4,58.5,23.4,53.8,0.0,0.0,0.0
2026-04-16 19:57:43,30.5,58.5,3.8,53.7,0.0,0.0,0.0
2026-04-16 19:57:48,30.5,58.5,8.9,53.7,0.0,0.0,0.0
2026-04-16 19:57:53,30.4,58.6,0.0,53.7,0.0,0.0,0.0
2026-04-16 19:57:58,30.5,58.5,20.1,53.7,0.0,0.0,0.0
2026-04-16 19:58:03,30.4,58.5,19.0,53.7,0.0,0.0,0.0
2026-04-16 19:58:08,30.4,58.4,2.5,53.7,0.0,0.0,0.0
2026-04-16 19:58:13,30.2,58.4,3.0,53.7,0.0,0.0,0.0
2026-04-16 19:58:18,30.6,58.5,22.9,53.7,0.0,0.0,0.0
2026-04-16 19:58:23,30.3,58.5,23.2,53.7,0.0,0.0,0.0
2026-04-16 19:58:28,30.2,58.6,6.6,53.7,0.0,0.0,0.0
2026-04-16 19:58:33,30.4,58.6,17.6,53.7,0.0,0.0,0.0
2026-04-16 19:58:38,30.4,58.7,10.4,53.6,0.0,0.0,0.0
2026-04-16 19:58:43,30.4,58.6,13.5,53.6,0.0,0.0,0.0
2026-04-16 19:58:48,30.4,58.7,5.3,53.7,0.0,0.0,0.0
2026-04-16 19:58:53,30.5,58.6,10.8,53.7,0.0,0.0,0.0
2026-04-16 19:58:58,30.4,58.6,6.6,53.7,0.0,0.0,0.0
2026-04-16 19:59:03,30.3,58.6,6.0,53.7,0.0,0.0,0.0
2026-04-16 19:59:08,30.3,58.5,23.8,53.7,0.0,0.0,0.0
2026-04-16 19:59:13,30.3,58.4,35.1,53.7,0.0,0.0,0.0
2026-04-16 19:59:18,30.4,58.4,9.6,53.7,0.0,0.0,0.0
2026-04-16 19:59:23,30.3,58.3,16.9,53.7,0.0,0.0,0.0
2026-04-16 19:59:28,30.5,58.3,23.7,53.7,0.0,0.0,0.0
2026-04-16 19:59:33,30.3,58.5,20.4,53.7,0.0,0.0,0.0
2026-04-16 19:59:38,30.4,58.5,6.9,53.7,0.0,0.0,0.0
2026-04-16 19:59:43,30.4,58.5,0.0,53.7,0.0,0.0,0.0
2026-04-16 19:59:48,30.4,58.5,21.1,53.7,0.0,0.0,0.0
2026-04-16 19:59:53,30.3,58.5,17.2,53.7,0.0,0.0,0.0
2026-04-16 19:59:58,30.3,58.5,7.7,53.7,0.0,0.0,0.0
