Timestamp,Temperature,Humidity,Light,Soil_Moisture,Drip,Mist,Fan
2026-04-08 17:00:03,30.4,52.7,144.6,54.2,0.0,0.0,0.0
2026-04-08 17:00:08,30.4,52.8,139.8,54.2,0.0,0.0,0.0
2026-04-08 17:00:13,30.4,52.8,137.8,54.2,0.0,0.0,0.0
2026-04-08 17:00:18,30.5,52.9,131.1,54.2,0.0,0.0,0.0
2026-04-08 17:00:23,30.4,52.8,143.9,54.2,0.0,0.0,0.0
2026-04-08 17:00:28,30.5,52.9,148.6,54.2,0.0,0.0,0.0
2026-04-08 17:00:33,30.3,52.9,126.9,54.2,0.0,0.0,0.0
2026-04-08 17:00:38,30.4,52.9,125.7,54.2,0.0,0.0,0.0
2026-04-08 17:00:43,30.4,52.9,129.2,54.2,0.0,0.0,0.0
2026-04-08 17:00:48,30.3,53.0,145.7,54.2,0.0,0.0,0.0
2026-04-08 17:00:53,30.3,53.1,154.2,54.2,0.0,0.0,0.0
2026-04-08 17:00:58,30.4,53.1,137.6,54.2,0.0,0.0,0.0
2026-04-08 17:01:03,30.5,53.0,138.4,54.2,0.0,0.0,0.0
2026-04-08 17:01:08,30.3,52.9,131.7,54.2,0.0,0.0,0.0
2026-04-08 17:01:13,30.4,52.8,137.4,54.2,0.0,0.0,0.0
2026-04-08 17:01:18,30.3,52.8,141.3,54.1,0.0,0.0,0.0
2026-04-08 17:01:23,30.5,52.8,143.0,54.1,0.0,0.0,0.0
2026-04-08 17:01:28,30.4,52.8,124.5,54.1,0.0,0.0,0.0
2026-04-08 17:01:33,30.3,52.8,122.4,54.1,0.0,0.0,0.0
2026-04-08 17:01:38,30.4,52.9,133.9,54.1,0.0,0.0,0.0
2026-04-08 17:01:43,30.4,53.0,129.3,54.1,0.0,0.0,0.0
2026-04-08 17:01:48,30.3,53.1,128.2,54.1,0.0,0.0,0.0
2026-04-08 17:01:53,30.4,53.1,127.5,54.1,0.0,0.0,0.0
2026-04-08 17:01:58,30.4,53.2,126.6,54.1,0.0,0.0,0.0
2026-04-08 17:02:03,30.2,53.2,143.4,54.1,0.0,0.0,0.0
2026-04-08 17:02:08,30.4,53.1,134.4,54.1,0.0,0.0,0.0
2026-04-08 17:02:13,30.4,53.0,137.0,54.1,0.0,0.0,0.0
2026-04-08 17:02:18,30.4,53.0,142.2,54.2,0.0,0.0,0.0
2026-04-08 17:02:23,30.5,53.1,132.8,54.2,0.0,0.0,0.0
2026-04-08 17:02:28,30.5,53.1,133.2,54.2,0.0,0.0,0.0
2026-04-08 17:02:33,30.5,53.1,126.9,54.2,0.0,0.0,0.0
2026-04-08 17:02:38,30.6,53.2,144.6,54.2,0.0,0.0,0.0
2026-04-08 17:02:43,30.4,53.2,119.3,54.2,0.0,0.0,0.0
2026-04-08 17:02:48,30.5,53.2,133.8,54.2,0.0,0.0,0.0
2026-04-08 17:02:53,30.4,53.1,133.8,54.2,0.0,0.0,0.0
2026-04-08 17:02:58,30.6,53.1,116.1,54.1,0.0,0.0,0.0
2026-04-08 17:03:03,30.4,53.2,130.6,54.1,0.0,0.0,0.0
2026-04-08 17:03:08,30.5,53.1,117.7,54.1,0.0,0.0,0.0
2026-04-08 17:03:13,30.4,53.1,133.9,54.1,0.0,0.0,0.0
2026-04-08 17:03:18,30.4,53.2,113.1,54.2,0.0,0.0,0.0
2026-04-08 17:03:23,30.4,53.3,143.2,54.2,0.0,0.0,0.0
2026-04-08 17:03:28,30.4,53.3,129.9,54.2,0.0,0.0,0.0
2026-04-08 17:03:33,30.3,53.1,113.0,54.2,0.0,0.0,0.0
2026-04-08 17:03:38,30.4,53.1,128.9,54.2,0.0,0.0,0.0
2026-04-08 17:03:43,30.5,53.2,136.4,54.1,0.0,0.0,0.0
2026-04-08 17:03:48,30.3,53.3,128.5,54.1,0.0,0.0,0.0
2026-04-08 17:03:53,30.4,53.2,139.7,54.2,0.0,0.0,0.0
2026-04-08 17:03:58,30.4,53.2,123.8,54.2,0.0,0.0,0.0
2026-04-08 17:04:03,30.4,53.2,136.6,54.2,0.0,0.0,0.0
2026-04-08 17:04:08,30.3,53.0,137.1,54.2,0.0,0.0,0.0
2026-04-08 17:04:13,30.3,53.1,126.1,54.2,0.0,0.0,0.0
2026-04-08 17:04:18,30.5,53.3,122.2,54.2,0.0,0.0,0.0
2026-04-08 17:04:23,30.5,53.3,141.5,54.2,0.0,0.0,0.0
2026-04-08 17:04:28,30.4,53.3,120.9,54.2,0.0,0.0,0.0
2026-04-08 17:04:33,30.4,53.2,115.6,54.2,0.0,0.0,0.0
2026-04-08 17:04:38,30.4,53.1,139.4,54.2,0.0,0.0,0.0
2026-04-08 17:04:43,30.4,53.1,134.8,54.2,0.0,0.0,0.0
2026-04-08 17:04:48,30.5,53.0,127.5,54.2,0.0,0.0,0.0
2026-04-08 17:04:53,30.4,53.1,139.2,54.2,0.0,0.0,0.0
2026-04-08 17:04:58,30.5,53.1,134.1,54.2,0.0,0.0,0.0
2026-04-08 17:05:03,30.5,53.0,119.1,54.2,0.0,0.0,0.0
2026-04-08 17:05:08,30.6,52.9,129.9,54.1,0.0,0.0,0.0
2026-04-08 17:05:13,30.4,53.1,131.6,54.1,0.0,0.0,0.0
2026-04-08 17:05:18,30.5,53.1,130.5,54.2,0.0,0.0,0.0
2026-04-08 17:05:23,30.5,53.1,126.7,54.2,0.0,0.0,0.0
2026-04-08 17:05:28,30.4,53.1,125.2,54.2,0.0,0.0,0.0
2026-04-08 17:05:33,30.3,53.1,114.1,54.2,0.0,0.0,0.0
2026-04-08 17:05:38,30.5,53.1,112.8,54.2,0.0,0.0,0.0
2026-04-08 17:05:43,30.4,53.1,118.9,54.2,0.0,0.0,0.0
2026-04-08 17:05:48,30.5,53.2,128.0,54.2,0.0,0.0,0.0
2026-04-08 17:05:53,30.4,53.3,144.6,54.2,0.0,0.0,0.0
2026-04-08 17:05:58,30.5,53.3,122.0,54.2,0.0,0.0,0.0
2026-04-08 17:06:03,30.3,53.4,124.4,54.2,0.0,0.0,0.0
2026-04-08 17:06:08,30.4,53.3,128.2,54.2,0.0,0.0,0.0
2026-04-08 17:06:13,30.6,53.2,129.3,54.1,0.0,0.0,0.0
2026-04-08 17:06:18,30.2,53.3,137.7,54.1,0.0,0.0,0.0
2026-04-08 17:06:23,30.4,53.3,134.3,54.2,0.0,0.0,0.0
2026-04-08 17:06:28,30.4,53.2,115.2,54.2,0.0,0.0,0.0
2026-04-08 17:06:33,30.4,53.2,116.6,54.2,0.0,0.0,0.0
2026-04-08 17:06:38,30.6,53.1,107.7,54.2,0.0,0.0,0.0
2026-04-08 17:06:43,30.4,53.2,133.8,54.2,0.0,0.0,0.0
2026-04-08 17:06:48,30.4,53.2,115.3,54.2,0.0,0.0,0.0
2026-04-08 17:06:53,30.4,53.3,132.6,54.2,0.0,0.0,0.0
2026-04-08 17:06:58,30.4,53.3,115.4,54.2,0.0,0.0,0.0
2026-04-08 17:07:03,30.4,53.3,114.4,54.1,0.0,0.0,0.0
2026-04-08 17:07:08,30.4,53.4,111.2,54.1,0.0,0.0,0.0
2026-04-08 17:07:13,30.6,53.4,120.0,54.1,0.0,0.0,0.0
2026-04-08 17:07:18,30.3,53.3,139.1,54.2,0.0,0.0,0.0
2026-04-08 17:07:23,30.5,53.3,104.8,54.2,0.0,0.0,0.0
2026-04-08 17:07:28,30.4,53.2,110.0,54.2,0.0,0.0,0.0
2026-04-08 17:07:33,30.5,53.2,114.2,54.2,0.0,0.0,0.0
2026-04-08 17:07:38,30.5,53.3,100.7,54.2,0.0,0.0,0.0
2026-04-08 17:07:43,30.3,53.3,123.1,54.2,0.0,0.0,0.0
2026-04-08 17:07:48,30.2,53.4,121.1,54.1,0.0,0.0,0.0
2026-04-08 17:07:53,30.2,53.4,117.6,54.1,0.0,0.0,0.0
2026-04-08 17:07:58,30.5,53.5,124.7,54.2,0.0,0.0,0.0
2026-04-08 17:08:03,30.6,53.5,125.8,54.2,0.0,0.0,0.0
2026-04-08 17:08:08,30.5,53.4,121.7,54.2,0.0,0.0,0.0
2026-04-08 17:08:13,30.3,53.5,102.0,54.2,0.0,0.0,0.0
2026-04-08 17:08:18,30.5,53.4,108.0,54.1,0.0,0.0,0.0
2026-04-08 17:08:23,30.5,53.4,116.6,54.1,0.0,0.0,0.0
2026-04-08 17:08:28,30.5,53.4,111.2,54.1,0.0,0.0,0.0
2026-04-08 17:08:33,30.4,53.4,120.8,54.1,0.0,0.0,0.0
2026-04-08 17:08:38,30.4,53.5,120.8,54.1,0.0,0.0,0.0
2026-04-08 17:08:43,30.3,53.5,116.3,54.1,0.0,0.0,0.0
2026-04-08 17:08:48,30.3,53.6,127.5,54.2,0.0,0.0,0.0
2026-04-08 17:08:53,30.6,53.7,104.2,54.2,0.0,0.0,0.0
2026-04-08 17:08:58,30.4,53.7,106.6,54.1,0.0,0.0,0.0
2026-04-08 17:09:03,30.3,53.7,118.6,54.1,0.0,0.0,0.0
2026-04-08 17:09:08,30.4,53.9,123.0,54.1,0.0,0.0,0.0
2026-04-08 17:09:13,30.5,53.8,107.6,54.1,0.0,0.0,0.0
2026-04-08 17:09:18,30.5,53.9,110.4,54.1,0.0,0.0,0.0
2026-04-08 17:09:23,30.4,53.8,122.2,54.1,0.0,0.0,0.0
2026-04-08 17:09:28,30.4,53.9,113.8,54.1,0.0,0.0,0.0
2026-04-08 17:09:33,30.4,53.8,114.4,54.1,0.0,0.0,0.0
2026-04-08 17:09:38,30.5,53.9,112.0,54.2,0.0,0.0,0.0
2026-04-08 17:09:43,30.5,53.8,93.3,54.2,0.0,0.0,0.0
2026-04-08 17:09:48,30.5,53.8,100.7,54.1,0.0,0.0,0.0
2026-04-08 17:09:53,30.4,53.9,129.2,54.1,0.0,0.0,0.0
2026-04-08 17:09:58,30.4,53.9,119.4,54.1,0.0,0.0,0.0
2026-04-08 17:10:03,30.3,53.8,110.8,54.1,0.0,0.0,0.0
2026-04-08 17:10:08,30.3,53.9,118.4,54.1,0.0,0.0,0.0
2026-04-08 17:10:13,30.5,54.0,108.6,54.2,0.0,0.0,0.0
2026-04-08 17:10:18,30.6,54.2,121.2,54.2,0.0,0.0,0.0
2026-04-08 17:10:23,30.5,54.0,120.3,54.2,0.0,0.0,0.0
2026-04-08 17:10:28,30.4,53.9,121.1,54.2,0.0,0.0,0.0
2026-04-08 17:10:33,30.4,53.9,119.9,54.2,0.0,0.0,0.0
2026-04-08 17:10:38,30.5,53.9,106.7,54.2,0.0,0.0,0.0
2026-04-08 17:10:43,30.2,53.9,116.0,54.2,0.0,0.0,0.0
2026-04-08 17:10:48,30.4,53.8,107.5,54.2,0.0,0.0,0.0
2026-04-08 17:10:53,30.5,53.8,123.0,54.2,0.0,0.0,0.0
2026-04-08 17:10:58,30.5,53.8,110.5,54.2,0.0,0.0,0.0
2026-04-08 17:11:03,30.5,53.8,86.2,54.2,0.0,0.0,0.0
2026-04-08 17:11:08,30.4,53.8,106.4,54.1,0.0,0.0,0.0
2026-04-08 17:11:13,30.4,53.9,113.3,54.1,0.0,0.0,0.0
2026-04-08 17:11:18,30.4,54.1,121.8,54.1,0.0,0.0,0.0
2026-04-08 17:11:23,30.3,54.2,93.4,54.1,0.0,0.0,0.0
2026-04-08 17:11:28,30.5,54.1,103.4,54.1,0.0,0.0,0.0
2026-04-08 17:11:33,30.5,54.2,114.3,54.2,0.0,0.0,0.0
2026-04-08 17:11:38,30.3,54.1,119.8,54.2,0.0,0.0,0.0
2026-04-08 17:11:43,30.4,54.1,120.9,54.2,0.0,0.0,0.0
2026-04-08 17:11:48,30.4,54.1,97.4,54.2,0.0,0.0,0.0
2026-04-08 17:11:53,30.3,54.1,108.0,54.2,0.0,0.0,0.0
2026-04-08 17:11:58,30.4,54.1,107.3,54.2,0.0,0.0,0.0
2026-04-08 17:12:03,30.3,54.1,102.4,54.2,0.0,0.0,0.0
2026-04-08 17:12:08,30.2,54.0,98.0,54.2,0.0,0.0,0.0
2026-04-08 17:12:13,30.5,54.1,130.9,54.2,0.0,0.0,0.0
2026-04-08 17:12:18,30.4,54.0,102.8,54.1,0.0,0.0,0.0
2026-04-08 17:12:23,30.5,54.0,112.3,54.1,0.0,0.0,0.0
2026-04-08 17:12:28,30.4,54.0,109.0,54.1,0.0,0.0,0.0
2026-04-08 17:12:33,30.3,54.0,112.8,54.1,0.0,0.0,0.0
2026-04-08 17:12:38,30.4,54.0,120.2,54.1,0.0,0.0,0.0
2026-04-08 17:12:43,30.4,54.1,95.0,54.1,0.0,0.0,0.0
2026-04-08 17:12:48,30.3,54.1,113.7,54.1,0.0,0.0,0.0
2026-04-08 17:12:53,30.5,54.1,120.4,54.1,0.0,0.0,0.0
2026-04-08 17:12:58,30.4,54.1,111.9,54.1,0.0,0.0,0.0
2026-04-08 17:13:03,30.3,54.1,107.7,54.1,0.0,0.0,0.0
2026-04-08 17:13:08,30.4,54.3,95.9,54.1,0.0,0.0,0.0
2026-04-08 17:13:13,30.4,54.2,116.1,54.1,0.0,0.0,0.0
2026-04-08 17:13:18,30.5,54.3,121.5,54.1,0.0,0.0,0.0
2026-04-08 17:13:23,30.6,54.3,104.8,54.1,0.0,0.0,0.0
2026-04-08 17:13:28,30.3,54.3,119.5,54.1,0.0,0.0,0.0
2026-04-08 17:13:33,30.5,54.2,100.2,54.1,0.0,0.0,0.0
2026-04-08 17:13:38,30.4,54.1,107.3,54.1,0.0,0.0,0.0
2026-04-08 17:13:43,30.4,54.0,86.1,54.1,0.0,0.0,0.0
2026-04-08 17:13:48,30.4,54.1,112.6,54.1,0.0,0.0,0.0
2026-04-08 17:13:53,30.4,54.2,109.9,54.1,0.0,0.0,0.0
2026-04-08 17:13:58,30.4,54.1,112.4,54.1,0.0,0.0,0.0
2026-04-08 17:14:03,30.4,54.1,122.4,54.2,0.0,0.0,0.0
2026-04-08 17:14:08,30.3,54.2,80.3,54.2,0.0,0.0,0.0
2026-04-08 17:14:13,30.5,54.2,128.0,54.1,0.0,0.0,0.0
2026-04-08 17:14:18,30.3,54.3,89.2,54.1,0.0,0.0,0.0
2026-04-08 17:14:23,30.4,54.3,101.7,54.1,0.0,0.0,0.0
2026-04-08 17:14:28,30.3,54.1,108.6,54.1,0.0,0.0,0.0
2026-04-08 17:14:33,30.5,54.2,94.2,54.1,0.0,0.0,0.0
2026-04-08 17:14:38,30.4,54.1,98.1,54.1,0.0,0.0,0.0
2026-04-08 17:14:43,30.2,54.1,97.9,54.1,0.0,0.0,0.0
2026-04-08 17:14:48,30.3,54.1,98.2,54.1,0.0,0.0,0.0
2026-04-08 17:14:53,30.4,54.2,99.3,54.1,0.0,0.0,0.0
2026-04-08 17:14:58,30.1,54.3,98.2,54.1,0.0,0.0,0.0
2026-04-08 17:15:03,30.2,54.4,108.9,54.1,0.0,0.0,0.0
2026-04-08 17:15:08,30.3,54.2,105.8,54.1,0.0,0.0,0.0
2026-04-08 17:15:13,30.1,54.3,109.3,54.1,0.0,0.0,0.0
2026-04-08 17:15:18,30.4,54.1,91.7,54.1,0.0,0.0,0.0
2026-04-08 17:15:23,30.3,54.0,97.5,54.1,0.0,0.0,0.0
2026-04-08 17:15:28,30.2,54.0,92.4,54.1,0.0,0.0,0.0
2026-04-08 17:15:33,30.3,54.1,100.9,54.1,0.0,0.0,0.0
2026-04-08 17:15:38,30.2,54.1,112.7,54.1,0.0,0.0,0.0
2026-04-08 17:15:43,30.3,54.0,104.8,54.1,0.0,0.0,0.0
2026-04-08 17:15:48,30.3,54.0,96.0,54.1,0.0,0.0,0.0
2026-04-08 17:15:53,30.3,54.1,93.6,54.1,0.0,0.0,0.0
2026-04-08 17:15:58,30.2,54.2,83.3,54.1,0.0,0.0,0.0
2026-04-08 17:16:03,30.3,54.1,101.6,54.1,0.0,0.0,0.0
2026-04-08 17:16:08,30.2,54.1,118.3,54.1,0.0,0.0,0.0
2026-04-08 17:16:13,30.4,54.1,97.4,54.1,0.0,0.0,0.0
2026-04-08 17:16:18,30.3,54.1,85.8,54.1,0.0,0.0,0.0
2026-04-08 17:16:23,30.1,54.1,103.5,54.1,0.0,0.0,0.0
2026-04-08 17:16:28,30.3,54.1,84.6,54.1,0.0,0.0,0.0
2026-04-08 17:16:33,30.3,54.1,88.1,54.1,0.0,0.0,0.0
2026-04-08 17:16:38,30.2,54.0,86.9,54.1,0.0,0.0,0.0
2026-04-08 17:16:43,30.3,54.0,92.2,54.1,0.0,0.0,0.0
2026-04-08 17:16:48,30.3,54.0,98.9,54.1,0.0,0.0,0.0
2026-04-08 17:16:53,30.3,54.1,103.5,54.1,0.0,0.0,0.0
2026-04-08 17:16:58,30.2,54.0,99.7,54.1,0.0,0.0,0.0
2026-04-08 17:17:03,30.3,53.9,119.9,54.1,0.0,0.0,0.0
2026-04-08 17:17:08,30.3,53.8,99.2,54.1,0.0,0.0,0.0
2026-04-08 17:17:13,30.2,53.8,103.4,54.1,0.0,0.0,0.0
2026-04-08 17:17:18,30.3,53.8,78.1,54.1,0.0,0.0,0.0
2026-04-08 17:17:23,30.3,53.9,100.5,54.1,0.0,0.0,0.0
2026-04-08 17:17:28,30.2,53.9,84.9,54.1,0.0,0.0,0.0
2026-04-08 17:17:33,30.3,54.0,104.0,54.1,0.0,0.0,0.0
2026-04-08 17:17:38,30.2,54.1,95.3,54.1,0.0,0.0,0.0
2026-04-08 17:17:43,30.3,54.1,116.3,54.1,0.0,0.0,0.0
2026-04-08 17:17:48,30.3,54.3,93.1,54.1,0.0,0.0,0.0
2026-04-08 17:17:53,30.2,54.2,96.3,54.1,0.0,0.0,0.0
2026-04-08 17:17:58,30.2,54.2,98.9,54.1,0.0,0.0,0.0
2026-04-08 17:18:03,30.2,54.2,93.3,54.1,0.0,0.0,0.0
2026-04-08 17:18:08,30.3,54.2,95.4,54.2,0.0,0.0,0.0
2026-04-08 17:18:13,30.2,54.2,77.5,54.2,0.0,0.0,0.0
2026-04-08 17:18:18,30.3,54.2,92.2,54.1,0.0,0.0,0.0
2026-04-08 17:18:23,30.0,54.2,95.2,54.1,0.0,0.0,0.0
2026-04-08 17:18:28,30.1,54.3,82.9,54.2,0.0,0.0,0.0
2026-04-08 17:18:33,30.2,54.2,104.4,54.2,0.0,0.0,0.0
2026-04-08 17:18:38,30.2,54.4,86.0,54.2,0.0,0.0,0.0
2026-04-08 17:18:43,30.2,54.5,102.1,54.2,0.0,0.0,0.0
2026-04-08 17:18:48,30.3,54.5,99.4,54.1,0.0,0.0,0.0
2026-04-08 17:18:53,30.2,54.6,110.6,54.1,0.0,0.0,0.0
2026-04-08 17:18:58,30.2,54.6,103.1,54.1,0.0,0.0,0.0
2026-04-08 17:19:03,30.1,54.8,93.5,54.1,0.0,0.0,0.0
2026-04-08 17:19:08,30.3,54.8,90.4,54.1,0.0,0.0,0.0
2026-04-08 17:19:13,30.3,54.7,97.1,54.1,0.0,0.0,0.0
2026-04-08 17:19:18,30.2,54.7,114.3,54.1,0.0,0.0,0.0
2026-04-08 17:19:23,30.1,54.7,78.7,54.1,0.0,0.0,0.0
2026-04-08 17:19:28,30.2,54.7,74.1,54.1,0.0,0.0,0.0
2026-04-08 17:19:33,30.2,54.7,88.5,54.1,0.0,0.0,0.0
2026-04-08 17:19:38,30.1,54.7,116.6,54.1,0.0,0.0,0.0
2026-04-08 17:19:43,30.2,54.8,112.4,54.1,0.0,0.0,0.0
2026-04-08 17:19:48,30.2,54.8,87.4,54.1,0.0,0.0,0.0
2026-04-08 17:19:53,30.2,54.8,83.8,54.1,0.0,0.0,0.0
2026-04-08 17:19:58,30.1,54.8,85.2,54.1,0.0,0.0,0.0
2026-04-08 17:20:03,30.2,54.8,98.1,54.1,0.0,0.0,0.0
2026-04-08 17:20:08,30.2,54.9,96.7,54.1,0.0,0.0,0.0
2026-04-08 17:20:13,30.2,54.9,108.6,54.1,0.0,0.0,0.0
2026-04-08 17:20:18,30.2,54.9,102.5,54.1,0.0,0.0,0.0
2026-04-08 17:20:23,30.2,54.8,81.8,54.1,0.0,0.0,0.0
2026-04-08 17:20:28,30.1,54.8,101.5,54.1,0.0,0.0,0.0
2026-04-08 17:20:33,30.3,54.8,90.8,54.1,0.0,0.0,0.0
2026-04-08 17:20:38,30.3,54.8,78.3,54.1,0.0,0.0,0.0
2026-04-08 17:20:43,30.2,54.8,93.8,54.1,0.0,0.0,0.0
2026-04-08 17:20:48,30.3,54.9,80.2,54.1,0.0,0.0,0.0
2026-04-08 17:20:53,30.0,54.9,93.6,54.1,0.0,0.0,0.0
2026-04-08 17:20:58,30.2,54.9,100.3,54.1,0.0,0.0,0.0
2026-04-08 17:21:03,30.2,54.9,85.6,54.1,0.0,0.0,0.0
2026-04-08 17:21:08,30.3,55.0,81.1,54.1,0.0,0.0,0.0
2026-04-08 17:21:13,30.2,55.1,70.4,54.1,0.0,0.0,0.0
2026-04-08 17:21:18,30.1,55.1,73.3,54.1,0.0,0.0,0.0
2026-04-08 17:21:23,30.3,55.0,77.0,54.1,0.0,0.0,0.0
2026-04-08 17:21:28,30.3,55.0,88.5,54.1,0.0,0.0,0.0
2026-04-08 17:21:33,30.1,55.0,103.7,54.1,0.0,0.0,0.0
2026-04-08 17:21:38,30.2,55.0,85.8,54.1,0.0,0.0,0.0
2026-04-08 17:21:43,30.2,55.0,82.7,54.1,0.0,0.0,0.0
2026-04-08 17:21:48,30.3,55.1,81.4,54.1,0.0,0.0,0.0
2026-04-08 17:21:53,30.1,55.0,75.6,54.1,0.0,0.0,0.0
2026-04-08 17:21:58,30.0,55.0,83.1,54.1,0.0,0.0,0.0
2026-04-08 17:22:03,30.2,55.0,91.6,54.1,0.0,0.0,0.0
2026-04-08 17:22:08,30.1,55.0,101.5,54.1,0.0,0.0,0.0
2026-04-08 17:22:13,30.1,55.0,84.7,54.1,0.0,0.0,0.0
2026-04-08 17:22:18,30.2,54.8,90.0,54.1,0.0,0.0,0.0
2026-04-08 17:22:23,30.1,54.8,83.8,54.1,0.0,0.0,0.0
2026-04-08 17:22:28,30.1,54.9,95.2,54.1,0.0,0.0,0.0
2026-04-08 17:22:33,30.3,54.9,90.6,54.1,0.0,0.0,0.0
2026-04-08 17:22:38,30.2,54.9,78.4,54.1,0.0,0.0,0.0
2026-04-08 17:22:43,30.3,55.0,86.7,54.1,0.0,0.0,0.0
2026-04-08 17:22:48,30.2,54.9,97.6,54.1,0.0,0.0,0.0
2026-04-08 17:22:53,30.2,54.9,81.2,54.1,0.0,0.0,0.0
2026-04-08 17:22:58,30.2,55.0,87.3,54.1,0.0,0.0,0.0
2026-04-08 17:23:03,30.1,54.9,74.1,54.1,0.0,0.0,0.0
2026-04-08 17:23:08,30.2,54.9,78.0,54.1,0.0,0.0,0.0
2026-04-08 17:23:13,30.2,55.0,80.4,54.1,0.0,0.0,0.0
2026-04-08 17:23:18,30.1,54.9,82.1,54.1,0.0,0.0,0.0
2026-04-08 17:23:23,30.2,54.9,88.6,54.1,0.0,0.0,0.0
2026-04-08 17:23:28,30.1,54.9,84.4,54.2,0.0,0.0,0.0
2026-04-08 17:23:33,30.1,54.9,76.0,54.2,0.0,0.0,0.0
2026-04-08 17:23:38,30.1,54.9,95.9,54.1,0.0,0.0,0.0
2026-04-08 17:23:43,30.0,54.9,72.2,54.1,0.0,0.0,0.0
2026-04-08 17:23:48,30.2,54.9,72.3,54.1,0.0,0.0,0.0
2026-04-08 17:23:53,30.1,55.1,78.6,54.1,0.0,0.0,0.0
2026-04-08 17:23:58,30.1,55.2,69.1,54.1,0.0,0.0,0.0
2026-04-08 17:24:03,30.2,55.2,70.2,54.1,0.0,0.0,0.0
2026-04-08 17:24:08,30.2,55.5,71.8,54.1,0.0,0.0,0.0
2026-04-08 17:24:13,30.3,55.5,71.7,54.1,0.0,0.0,0.0
2026-04-08 17:24:18,30.3,55.5,81.7,54.1,0.0,0.0,0.0
2026-04-08 17:24:23,30.2,55.4,86.8,54.1,0.0,0.0,0.0
2026-04-08 17:24:28,30.2,55.5,81.2,54.1,0.0,0.0,0.0
2026-04-08 17:24:33,30.2,55.5,82.8,54.1,0.0,0.0,0.0
2026-04-08 17:24:38,30.1,55.5,60.4,54.2,0.0,0.0,0.0
2026-04-08 17:24:43,30.1,55.5,79.5,54.2,0.0,0.0,0.0
2026-04-08 17:24:48,30.3,55.4,67.5,54.2,0.0,0.0,0.0
2026-04-08 17:24:53,30.0,55.4,85.9,54.1,0.0,0.0,0.0
2026-04-08 17:24:58,30.2,55.5,75.1,54.1,0.0,0.0,0.0
2026-04-08 17:25:03,30.2,55.5,74.2,54.1,0.0,0.0,0.0
2026-04-08 17:25:08,30.1,55.4,57.5,54.1,0.0,0.0,0.0
2026-04-08 17:25:13,30.1,55.5,66.6,54.1,0.0,0.0,0.0
2026-04-08 17:25:18,30.2,55.5,86.2,54.1,0.0,0.0,0.0
2026-04-08 17:25:23,30.3,55.6,67.5,54.1,0.0,0.0,0.0
2026-04-08 17:25:28,30.0,55.5,79.8,54.1,0.0,0.0,0.0
2026-04-08 17:25:33,30.1,55.4,61.8,54.1,0.0,0.0,0.0
2026-04-08 17:25:38,30.1,55.4,82.9,54.1,0.0,0.0,0.0
2026-04-08 17:25:43,30.1,55.5,64.9,54.1,0.0,0.0,0.0
2026-04-08 17:25:48,30.2,55.6,63.3,54.1,0.0,0.0,0.0
2026-04-08 17:25:53,30.2,55.4,82.7,54.1,0.0,0.0,0.0
2026-04-08 17:25:58,30.2,55.4,68.1,54.1,0.0,0.0,0.0
2026-04-08 17:26:03,30.2,55.6,69.9,54.1,0.0,0.0,0.0
2026-04-08 17:26:08,30.1,55.6,71.1,54.1,0.0,0.0,0.0
2026-04-08 17:26:13,30.2,55.8,66.8,54.1,0.0,0.0,0.0
2026-04-08 17:26:18,30.1,55.8,86.3,54.1,0.0,0.0,0.0
2026-04-08 17:26:23,30.2,55.9,64.4,54.1,0.0,0.0,0.0
2026-04-08 17:26:28,30.1,56.0,70.0,54.1,0.0,0.0,0.0
2026-04-08 17:26:33,30.0,56.0,63.2,54.2,0.0,0.0,0.0
2026-04-08 17:26:38,30.2,55.9,66.1,54.2,0.0,0.0,0.0
2026-04-08 17:26:43,30.1,55.9,70.1,54.2,0.0,0.0,0.0
2026-04-08 17:26:48,30.2,55.9,75.7,54.2,0.0,0.0,0.0
2026-04-08 17:26:53,30.1,55.8,91.0,54.2,0.0,0.0,0.0
2026-04-08 17:26:58,30.3,55.9,89.5,54.2,0.0,0.0,0.0
2026-04-08 17:27:03,30.0,55.9,52.5,54.2,0.0,0.0,0.0
2026-04-08 17:27:08,29.8,55.8,86.1,54.2,0.0,0.0,0.0
2026-04-08 17:27:13,30.1,55.8,61.5,54.1,0.0,0.0,0.0
2026-04-08 17:27:18,30.0,55.8,63.0,54.1,0.0,0.0,0.0
2026-04-08 17:27:23,30.2,55.9,71.7,54.1,0.0,0.0,0.0
2026-04-08 17:27:28,30.1,55.9,79.6,54.1,0.0,0.0,0.0
2026-04-08 17:27:33,30.2,55.9,77.1,54.1,0.0,0.0,0.0
2026-04-08 17:27:38,30.0,56.1,72.8,54.1,0.0,0.0,0.0
2026-04-08 17:27:43,30.1,56.1,68.3,54.1,0.0,0.0,0.0
2026-04-08 17:27:48,30.1,56.1,89.7,54.1,0.0,0.0,0.0
2026-04-08 17:27:53,30.1,56.1,82.0,54.1,0.0,0.0,0.0
2026-04-08 17:27:58,30.3,56.0,87.3,54.1,0.0,0.0,0.0
2026-04-08 17:28:03,30.1,56.1,74.1,54.1,0.0,0.0,0.0
2026-04-08 17:28:08,30.1,56.1,61.0,54.1,0.0,0.0,0.0
2026-04-08 17:28:13,30.2,56.3,82.6,54.1,0.0,0.0,0.0
2026-04-08 17:28:18,30.1,56.3,57.7,54.1,0.0,0.0,0.0
2026-04-08 17:28:23,30.2,56.3,67.9,54.1,0.0,0.0,0.0
2026-04-08 17:28:28,30.1,56.3,75.3,54.1,0.0,0.0,0.0
2026-04-08 17:28:33,30.1,56.2,66.5,54.1,0.0,0.0,0.0
2026-04-08 17:28:38,30.1,55.9,69.0,54.1,0.0,0.0,0.0
2026-04-08 17:28:43,30.1,55.8,74.9,54.1,0.0,0.0,0.0
2026-04-08 17:28:48,30.1,55.9,89.6,54.1,0.0,0.0,0.0
2026-04-08 17:28:53,30.2,55.8,81.2,54.1,0.0,0.0,0.0
2026-04-08 17:28:58,30.1,55.6,63.0,54.1,0.0,0.0,0.0
2026-04-08 17:29:03,30.0,55.6,67.0,54.1,0.0,0.0,0.0
2026-04-08 17:29:08,30.1,55.6,51.4,54.1,0.0,0.0,0.0
2026-04-08 17:29:13,30.1,55.6,79.4,54.1,0.0,0.0,0.0
2026-04-08 17:29:18,30.2,55.6,66.5,54.1,0.0,0.0,0.0
2026-04-08 17:29:23,30.1,55.7,63.1,54.1,0.0,0.0,0.0
2026-04-08 17:29:28,30.0,55.5,58.0,54.1,0.0,0.0,0.0
2026-04-08 17:29:33,30.1,55.5,76.2,54.1,0.0,0.0,0.0
2026-04-08 17:29:38,30.1,55.5,75.3,54.1,0.0,0.0,0.0
2026-04-08 17:29:43,30.1,55.5,81.0,54.1,0.0,0.0,0.0
2026-04-08 17:29:48,30.1,55.6,65.4,54.1,0.0,0.0,0.0
2026-04-08 17:29:53,30.0,55.7,46.9,54.1,0.0,0.0,0.0
2026-04-08 17:29:58,30.0,55.7,70.1,54.1,0.0,0.0,0.0
2026-04-08 17:30:03,30.0,55.7,73.1,54.1,0.0,0.0,0.0
2026-04-08 17:30:08,30.1,55.8,70.7,54.1,0.0,0.0,0.0
2026-04-08 17:30:13,30.1,55.8,46.1,54.1,0.0,0.0,0.0
2026-04-08 17:30:18,30.0,55.8,62.2,54.1,0.0,0.0,0.0
2026-04-08 17:30:23,30.1,55.8,67.4,54.1,0.0,0.0,0.0
2026-04-08 17:30:28,30.2,55.9,79.9,54.1,0.0,0.0,0.0
2026-04-08 17:30:33,30.2,55.9,57.5,54.1,0.0,0.0,0.0
2026-04-08 17:30:38,30.0,56.0,50.0,54.1,0.0,0.0,0.0
2026-04-08 17:30:43,30.2,55.9,79.6,54.1,0.0,0.0,0.0
2026-04-08 17:30:48,30.1,55.9,62.4,54.1,0.0,0.0,0.0
2026-04-08 17:30:53,30.1,55.9,56.1,54.1,0.0,0.0,0.0
2026-04-08 17:30:58,30.1,56.0,62.7,54.1,0.0,0.0,0.0
2026-04-08 17:31:03,30.0,55.9,57.4,54.1,0.0,0.0,0.0
2026-04-08 17:31:08,30.2,56.1,89.4,54.1,0.0,0.0,0.0
2026-04-08 17:31:13,30.0,56.1,63.3,54.1,0.0,0.0,0.0
2026-04-08 17:31:18,30.2,56.0,51.7,54.1,0.0,0.0,0.0
2026-04-08 17:31:23,30.2,56.0,65.1,54.1,0.0,0.0,0.0
2026-04-08 17:31:28,30.1,56.0,72.2,54.1,0.0,0.0,0.0
2026-04-08 17:31:33,30.1,56.0,59.7,54.1,0.0,0.0,0.0
2026-04-08 17:31:38,30.2,56.1,50.6,54.1,0.0,0.0,0.0
2026-04-08 17:31:43,30.1,56.0,54.7,54.1,0.0,0.0,0.0
2026-04-08 17:31:48,30.2,56.1,55.1,54.1,0.0,0.0,0.0
2026-04-08 17:31:53,30.0,56.1,55.9,54.1,0.0,0.0,0.0
2026-04-08 17:31:58,30.1,56.3,56.6,54.1,0.0,0.0,0.0
2026-04-08 17:32:03,30.1,56.4,53.2,54.1,0.0,0.0,0.0
2026-04-08 17:32:08,30.0,56.3,66.8,54.1,0.0,0.0,0.0
2026-04-08 17:32:13,30.2,56.1,48.7,54.1,0.0,0.0,0.0
2026-04-08 17:32:18,30.1,56.1,56.7,54.1,0.0,0.0,0.0
2026-04-08 17:32:23,30.1,56.3,53.3,54.0,0.0,0.0,0.0
2026-04-08 17:32:28,30.1,56.3,67.3,54.0,0.0,0.0,0.0
2026-04-08 17:32:33,30.1,56.4,86.8,54.1,0.0,0.0,0.0
2026-04-08 17:32:38,30.1,56.4,63.2,54.1,0.0,0.0,0.0
2026-04-08 17:32:43,30.2,56.4,72.9,54.1,0.0,0.0,0.0
2026-04-08 17:32:48,30.0,56.4,48.1,54.1,0.0,0.0,0.0
2026-04-08 17:32:53,30.1,56.5,66.7,54.1,0.0,0.0,0.0
2026-04-08 17:32:58,30.2,56.5,62.1,54.1,0.0,0.0,0.0
2026-04-08 17:33:03,30.2,56.5,56.9,54.1,0.0,0.0,0.0
2026-04-08 17:33:08,30.1,56.5,54.9,54.1,0.0,0.0,0.0
2026-04-08 17:33:13,30.2,56.7,74.8,54.1,0.0,0.0,0.0
2026-04-08 17:33:18,30.2,56.8,76.7,54.1,0.0,0.0,0.0
2026-04-08 17:33:23,30.0,56.7,53.1,54.1,0.0,0.0,0.0
2026-04-08 17:33:28,30.2,56.7,61.9,54.1,0.0,0.0,0.0
2026-04-08 17:33:33,30.3,56.8,48.8,54.1,0.0,0.0,0.0
2026-04-08 17:33:38,30.1,56.7,56.9,54.1,0.0,0.0,0.0
2026-04-08 17:33:43,30.1,56.9,66.4,54.1,0.0,0.0,0.0
2026-04-08 17:33:48,30.1,56.9,63.1,54.1,0.0,0.0,0.0
2026-04-08 17:33:53,30.1,57.0,63.0,54.1,0.0,0.0,0.0
2026-04-08 17:33:58,30.1,57.0,68.4,54.1,0.0,0.0,0.0
2026-04-08 17:34:03,30.0,56.8,64.7,54.1,0.0,0.0,0.0
2026-04-08 17:34:08,30.2,56.9,56.8,54.1,0.0,0.0,0.0
2026-04-08 17:34:13,30.1,56.8,39.8,54.1,0.0,0.0,0.0
2026-04-08 17:34:18,30.1,56.8,64.0,54.1,0.0,0.0,0.0
2026-04-08 17:34:23,30.2,56.9,50.3,54.1,0.0,0.0,0.0
2026-04-08 17:34:28,30.1,56.9,63.3,54.1,0.0,0.0,0.0
2026-04-08 17:34:33,30.1,56.8,41.5,54.1,0.0,0.0,0.0
2026-04-08 17:34:38,30.0,56.8,41.1,54.1,0.0,0.0,0.0
2026-04-08 17:34:43,30.0,56.9,77.5,54.1,0.0,0.0,0.0
2026-04-08 17:34:48,30.1,57.0,63.3,54.1,0.0,0.0,0.0
2026-04-08 17:34:53,30.1,57.0,45.8,54.1,0.0,0.0,0.0
2026-04-08 17:34:58,30.1,56.9,67.0,54.0,0.0,0.0,0.0
2026-04-08 17:35:03,30.1,56.9,61.4,54.0,0.0,0.0,0.0
2026-04-08 17:35:08,30.0,56.9,34.4,54.0,0.0,0.0,0.0
2026-04-08 17:35:13,30.1,56.8,60.6,54.0,0.0,0.0,0.0
2026-04-08 17:35:18,30.0,56.8,50.8,54.0,0.0,0.0,0.0
2026-04-08 17:35:23,30.0,56.9,44.5,54.1,0.0,0.0,0.0
2026-04-08 17:35:28,30.1,56.8,51.8,54.1,0.0,0.0,0.0
2026-04-08 17:35:33,30.0,56.9,58.3,54.1,0.0,0.0,0.0
2026-04-08 17:35:38,30.1,57.0,64.9,54.1,0.0,0.0,0.0
2026-04-08 17:35:43,30.0,56.8,56.6,54.1,0.0,0.0,0.0
2026-04-08 17:35:48,30.0,56.9,76.7,54.1,0.0,0.0,0.0
2026-04-08 17:35:53,30.0,56.9,74.2,54.1,0.0,0.0,0.0
2026-04-08 17:35:58,30.0,56.8,67.6,54.1,0.0,0.0,0.0
2026-04-08 17:36:03,30.0,56.8,38.2,54.1,0.0,0.0,0.0
2026-04-08 17:36:08,30.0,56.8,60.6,54.0,0.0,0.0,0.0
2026-04-08 17:36:13,29.9,56.9,55.3,54.0,0.0,0.0,0.0
2026-04-08 17:36:18,29.9,56.8,48.6,54.0,0.0,0.0,0.0
2026-04-08 17:36:23,30.0,56.9,56.6,54.1,0.0,0.0,0.0
2026-04-08 17:36:28,29.8,56.8,54.6,54.1,0.0,0.0,0.0
2026-04-08 17:36:33,29.9,57.0,73.5,54.1,0.0,0.0,0.0
2026-04-08 17:36:38,30.0,57.1,48.8,54.0,0.0,0.0,0.0
2026-04-08 17:36:43,30.1,57.2,52.1,54.0,0.0,0.0,0.0
2026-04-08 17:36:48,30.0,57.3,45.9,54.0,0.0,0.0,0.0
2026-04-08 17:36:53,30.0,57.2,55.1,54.0,0.0,0.0,0.0
2026-04-08 17:36:58,30.0,57.2,49.1,54.0,0.0,0.0,0.0
2026-04-08 17:37:03,30.0,57.1,50.6,54.0,0.0,0.0,0.0
2026-04-08 17:37:08,30.0,57.0,71.4,54.0,0.0,0.0,0.0
2026-04-08 17:37:13,30.0,57.0,47.6,54.0,0.0,0.0,0.0
2026-04-08 17:37:18,30.0,56.8,53.6,54.0,0.0,0.0,0.0
2026-04-08 17:37:23,30.1,57.0,48.6,54.0,0.0,0.0,0.0
2026-04-08 17:37:28,29.8,57.0,62.3,54.0,0.0,0.0,0.0
2026-04-08 17:37:33,29.9,57.1,48.2,54.0,0.0,0.0,0.0
2026-04-08 17:37:38,30.0,57.0,48.1,54.0,0.0,0.0,0.0
2026-04-08 17:37:43,30.0,57.0,42.1,54.0,0.0,0.0,0.0
2026-04-08 17:37:48,30.0,57.1,49.3,54.0,0.0,0.0,0.0
2026-04-08 17:37:53,29.9,57.1,56.8,54.0,0.0,0.0,0.0
2026-04-08 17:37:58,29.9,57.0,39.3,54.0,0.0,0.0,0.0
2026-04-08 17:38:03,30.0,56.9,69.8,54.0,0.0,0.0,0.0
2026-04-08 17:38:08,29.9,56.9,45.3,54.0,0.0,0.0,0.0
2026-04-08 17:38:13,30.0,56.9,55.7,54.0,0.0,0.0,0.0
2026-04-08 17:38:18,30.0,56.8,54.3,54.0,0.0,0.0,0.0
2026-04-08 17:38:23,30.0,56.8,36.9,54.0,0.0,0.0,0.0
2026-04-08 17:38:28,30.0,56.8,45.8,54.1,0.0,0.0,0.0
2026-04-08 17:38:33,29.9,56.7,57.5,54.1,0.0,0.0,0.0
2026-04-08 17:38:38,29.9,56.7,56.6,54.1,0.0,0.0,0.0
2026-04-08 17:38:43,30.0,56.6,32.7,54.1,0.0,0.0,0.0
2026-04-08 17:38:48,30.1,56.6,52.3,54.1,0.0,0.0,0.0
2026-04-08 17:38:53,30.2,56.5,57.4,54.1,0.0,0.0,0.0
2026-04-08 17:38:58,30.1,56.5,41.4,54.1,0.0,0.0,0.0
2026-04-08 17:39:03,29.9,56.5,71.7,54.1,0.0,0.0,0.0
2026-04-08 17:39:08,29.8,56.5,44.3,54.0,0.0,0.0,0.0
2026-04-08 17:39:13,30.1,56.5,47.6,54.0,0.0,0.0,0.0
2026-04-08 17:39:18,29.9,56.6,50.7,54.1,0.0,0.0,0.0
2026-04-08 17:39:23,29.9,56.7,43.0,54.1,0.0,0.0,0.0
2026-04-08 17:39:28,30.1,56.8,39.5,54.1,0.0,0.0,0.0
2026-04-08 17:39:33,29.9,56.9,46.7,54.0,0.0,0.0,0.0
2026-04-08 17:39:38,30.0,,50.7,54.0,0.0,0.0,0.0
2026-04-08 17:39:43,29.9,56.8,23.1,54.0,0.0,0.0,0.0
2026-04-08 17:39:48,29.9,56.9,52.1,54.1,0.0,0.0,0.0
2026-04-08 17:39:53,30.1,57.0,53.3,54.1,0.0,0.0,0.0
2026-04-08 17:39:58,29.9,57.1,41.0,54.1,0.0,0.0,0.0
2026-04-08 17:40:03,30.0,57.1,55.3,54.1,0.0,0.0,0.0
2026-04-08 17:40:08,30.0,57.2,39.0,54.1,0.0,0.0,0.0
2026-04-08 17:40:13,30.0,57.2,44.4,54.1,0.0,0.0,0.0
2026-04-08 17:40:18,29.9,57.4,62.3,54.1,0.0,0.0,0.0
2026-04-08 17:40:23,30.0,57.4,42.4,54.1,0.0,0.0,0.0
2026-04-08 17:40:28,29.9,57.5,72.9,54.0,0.0,0.0,0.0
2026-04-08 17:40:33,30.0,57.4,43.6,54.0,0.0,0.0,0.0
2026-04-08 17:40:38,29.8,57.3,58.3,54.0,0.0,0.0,0.0
2026-04-08 17:40:43,30.0,57.3,56.0,54.0,0.0,0.0,0.0
2026-04-08 17:40:48,30.0,57.3,47.0,54.0,0.0,0.0,0.0
2026-04-08 17:40:53,29.9,57.2,30.6,54.0,0.0,0.0,0.0
2026-04-08 17:40:58,29.9,57.1,48.1,54.0,0.0,0.0,0.0
2026-04-08 17:41:03,30.0,57.1,23.8,54.0,0.0,0.0,0.0
2026-04-08 17:41:08,29.9,57.2,43.8,54.0,0.0,0.0,0.0
2026-04-08 17:41:13,30.0,57.1,35.7,54.0,0.0,0.0,0.0
2026-04-08 17:41:18,29.9,57.1,46.4,54.0,0.0,0.0,0.0
2026-04-08 17:41:23,30.0,57.2,47.1,54.0,0.0,0.0,0.0
2026-04-08 17:41:28,30.0,57.2,30.6,54.0,0.0,0.0,0.0
2026-04-08 17:41:33,30.0,57.1,52.3,54.0,0.0,0.0,0.0
2026-04-08 17:41:38,29.9,57.2,50.2,54.0,0.0,0.0,0.0
2026-04-08 17:41:43,29.9,57.3,40.4,54.0,0.0,0.0,0.0
2026-04-08 17:41:48,30.0,57.3,43.5,54.1,0.0,0.0,0.0
2026-04-08 17:41:53,29.8,57.3,40.1,54.1,0.0,0.0,0.0
2026-04-08 17:41:58,29.9,57.3,32.5,54.0,0.0,0.0,0.0
2026-04-08 17:42:03,29.8,57.4,38.9,54.0,0.0,0.0,0.0
2026-04-08 17:42:08,30.0,57.5,43.8,54.0,0.0,0.0,0.0
2026-04-08 17:42:13,30.0,57.4,39.3,54.0,0.0,0.0,0.0
2026-04-08 17:42:18,29.9,57.4,36.0,54.0,0.0,0.0,0.0
2026-04-08 17:42:23,29.8,57.4,15.9,54.0,0.0,0.0,0.0
2026-04-08 17:42:28,29.9,57.5,41.9,54.0,0.0,0.0,0.0
2026-04-08 17:42:33,29.9,57.5,46.3,54.0,0.0,0.0,0.0
2026-04-08 17:42:38,29.9,57.4,25.1,54.0,0.0,0.0,0.0
2026-04-08 17:42:43,30.0,57.4,42.3,54.0,0.0,0.0,0.0
2026-04-08 17:42:48,30.0,57.5,43.9,54.0,0.0,0.0,0.0
2026-04-08 17:42:53,29.9,57.6,75.5,54.0,0.0,0.0,0.0
2026-04-08 17:42:58,30.0,57.6,39.9,54.0,0.0,0.0,0.0
2026-04-08 17:43:03,29.7,57.8,39.8,54.0,0.0,0.0,0.0
2026-04-08 17:43:08,30.0,57.7,37.1,54.0,0.0,0.0,0.0
2026-04-08 17:43:13,29.9,57.7,44.9,54.0,0.0,0.0,0.0
2026-04-08 17:43:18,29.7,57.8,48.8,54.0,0.0,0.0,0.0
2026-04-08 17:43:23,29.8,57.8,36.6,54.0,0.0,0.0,0.0
2026-04-08 17:43:28,29.9,57.8,35.2,54.0,0.0,0.0,0.0
2026-04-08 17:43:33,29.9,57.8,43.9,54.0,0.0,0.0,0.0
2026-04-08 17:43:38,29.8,57.9,39.9,54.0,0.0,0.0,0.0
2026-04-08 17:43:43,29.8,57.8,50.0,54.0,0.0,0.0,0.0
2026-04-08 17:43:48,30.0,57.8,37.7,54.0,0.0,0.0,0.0
2026-04-08 17:43:53,29.9,57.9,44.2,54.0,0.0,0.0,0.0
2026-04-08 17:43:58,29.8,58.0,45.5,54.0,0.0,0.0,0.0
2026-04-08 17:44:03,29.8,57.9,51.0,54.0,0.0,0.0,0.0
2026-04-08 17:44:08,30.0,57.9,42.8,54.0,0.0,0.0,0.0
2026-04-08 17:44:13,29.9,57.8,46.3,54.0,0.0,0.0,0.0
2026-04-08 17:44:18,30.0,57.8,40.3,54.0,0.0,0.0,0.0
2026-04-08 17:44:23,29.9,57.8,30.2,54.0,0.0,0.0,0.0
2026-04-08 17:44:28,29.8,57.7,38.9,54.0,0.0,0.0,0.0
2026-04-08 17:44:33,29.9,57.9,30.7,54.0,0.0,0.0,0.0
2026-04-08 17:44:38,29.9,57.8,32.9,54.0,0.0,0.0,0.0
2026-04-08 17:44:43,29.8,57.9,37.6,54.0,0.0,0.0,0.0
2026-04-08 17:44:48,29.9,57.8,44.4,54.0,0.0,0.0,0.0
2026-04-08 17:44:53,29.9,57.8,25.9,54.0,0.0,0.0,0.0
2026-04-08 17:44:58,30.0,57.8,24.9,54.0,0.0,0.0,0.0
2026-04-08 17:45:03,29.9,57.8,23.0,54.0,0.0,0.0,0.0
2026-04-08 17:45:08,29.9,57.8,30.3,54.0,0.0,0.0,0.0
2026-04-08 17:45:13,30.0,57.7,32.4,54.0,0.0,0.0,0.0
2026-04-08 17:45:18,29.8,57.8,20.6,54.0,0.0,0.0,0.0
2026-04-08 17:45:23,29.7,57.7,30.5,54.0,0.0,0.0,0.0
2026-04-08 17:45:28,30.0,57.5,32.9,54.0,0.0,0.0,0.0
2026-04-08 17:45:33,29.8,57.4,20.2,54.0,0.0,0.0,0.0
2026-04-08 17:45:38,30.0,57.6,36.6,54.0,0.0,0.0,0.0
2026-04-08 17:45:43,29.7,57.7,38.5,54.0,0.0,0.0,0.0
2026-04-08 17:45:48,29.9,57.7,40.1,54.0,0.0,0.0,0.0
2026-04-08 17:45:53,30.0,57.8,45.5,54.0,0.0,0.0,0.0
2026-04-08 17:45:58,29.9,57.7,16.9,54.0,0.0,0.0,0.0
2026-04-08 17:46:03,29.9,57.7,42.2,54.0,0.0,0.0,0.0
2026-04-08 17:46:08,29.8,57.6,24.2,54.0,0.0,0.0,0.0
2026-04-08 17:46:13,29.9,57.7,35.8,54.0,0.0,0.0,0.0
2026-04-08 17:46:18,29.9,57.8,19.7,54.0,0.0,0.0,0.0
2026-04-08 17:46:23,29.7,57.8,42.3,54.0,0.0,0.0,0.0
2026-04-08 17:46:28,29.8,57.9,53.4,54.0,0.0,0.0,0.0
2026-04-08 17:46:33,30.0,58.0,41.6,54.0,0.0,0.0,0.0
2026-04-08 17:46:38,29.9,58.2,27.0,54.0,0.0,0.0,0.0
2026-04-08 17:46:43,30.0,58.3,44.3,54.0,0.0,0.0,0.0
2026-04-08 17:46:48,29.8,58.2,29.6,54.0,0.0,0.0,0.0
2026-04-08 17:46:53,29.7,58.2,27.2,54.0,0.0,0.0,0.0
2026-04-08 17:46:58,29.8,58.3,28.5,54.0,0.0,0.0,0.0
2026-04-08 17:47:03,29.9,58.4,47.3,54.0,0.0,0.0,0.0
2026-04-08 17:47:08,29.9,58.5,40.0,54.0,0.0,0.0,0.0
2026-04-08 17:47:13,29.8,58.4,11.5,54.0,0.0,0.0,0.0
2026-04-08 17:47:18,29.8,58.3,41.7,54.0,0.0,0.0,0.0
2026-04-08 17:47:23,29.9,58.2,31.2,54.0,0.0,0.0,0.0
2026-04-08 17:47:28,29.9,58.2,18.2,54.0,0.0,0.0,0.0
2026-04-08 17:47:33,29.9,58.2,28.9,54.0,0.0,0.0,0.0
2026-04-08 17:47:38,29.8,58.4,36.6,53.9,0.0,0.0,0.0
2026-04-08 17:47:43,29.9,58.3,30.1,53.9,0.0,0.0,0.0
2026-04-08 17:47:48,29.8,58.3,32.0,53.9,0.0,0.0,0.0
2026-04-08 17:47:53,29.9,58.2,29.4,53.9,0.0,0.0,0.0
2026-04-08 17:47:58,29.9,58.2,19.5,53.9,0.0,0.0,0.0
2026-04-08 17:48:03,29.9,58.3,42.8,53.9,0.0,0.0,0.0
2026-04-08 17:48:08,29.9,58.2,41.8,53.9,0.0,0.0,0.0
2026-04-08 17:48:13,29.9,58.1,33.4,54.0,0.0,0.0,0.0
2026-04-08 17:48:18,29.8,58.2,28.2,54.0,0.0,0.0,0.0
2026-04-08 17:48:23,30.0,58.1,16.0,54.0,0.0,0.0,0.0
2026-04-08 17:48:28,30.1,58.2,32.3,54.0,0.0,0.0,0.0
2026-04-08 17:48:33,29.7,58.4,27.9,54.0,0.0,0.0,0.0
2026-04-08 17:48:38,29.9,58.5,32.4,54.0,0.0,0.0,0.0
2026-04-08 17:48:43,29.8,58.3,25.4,54.0,0.0,0.0,0.0
2026-04-08 17:48:48,29.8,58.2,32.3,54.0,0.0,0.0,0.0
2026-04-08 17:48:53,29.8,58.2,38.0,54.0,0.0,0.0,0.0
2026-04-08 17:48:58,29.8,58.3,42.2,54.0,0.0,0.0,0.0
2026-04-08 17:49:03,30.0,58.2,30.6,54.0,0.0,0.0,0.0
2026-04-08 17:49:08,29.8,58.1,20.1,54.0,0.0,0.0,0.0
2026-04-08 17:49:13,29.7,58.3,27.6,54.0,0.0,0.0,0.0
2026-04-08 17:49:18,29.9,58.4,28.7,54.0,0.0,0.0,0.0
2026-04-08 17:49:23,29.8,58.3,30.6,54.0,0.0,0.0,0.0
2026-04-08 17:49:28,29.8,58.3,26.7,53.9,0.0,0.0,0.0
2026-04-08 17:49:33,29.9,58.4,29.2,53.9,0.0,0.0,0.0
2026-04-08 17:49:38,29.9,58.4,29.8,54.0,0.0,0.0,0.0
2026-04-08 17:49:43,29.9,58.5,27.2,54.0,0.0,0.0,0.0
2026-04-08 17:49:48,29.8,58.7,20.0,54.0,0.0,0.0,0.0
2026-04-08 17:49:53,29.8,58.8,25.2,54.0,0.0,0.0,0.0
2026-04-08 17:49:58,29.9,58.8,18.2,54.0,0.0,0.0,0.0
2026-04-08 17:50:03,30.0,58.7,2.2,53.9,0.0,0.0,0.0
2026-04-08 17:50:08,29.9,58.5,28.2,53.9,0.0,0.0,0.0
2026-04-08 17:50:13,29.8,58.5,38.9,53.9,0.0,0.0,0.0
2026-04-08 17:50:18,29.9,58.5,40.9,54.0,0.0,0.0,0.0
2026-04-08 17:50:23,29.8,58.4,40.7,54.0,0.0,0.0,0.0
2026-04-08 17:50:28,29.9,58.5,3.9,54.0,0.0,0.0,0.0
2026-04-08 17:50:33,29.9,58.5,35.2,54.0,0.0,0.0,0.0
2026-04-08 17:50:38,29.8,58.6,36.4,54.0,0.0,0.0,0.0
2026-04-08 17:50:43,29.9,58.6,30.5,54.0,0.0,0.0,0.0
2026-04-08 17:50:48,29.8,58.7,33.8,54.0,0.0,0.0,0.0
2026-04-08 17:50:53,29.8,58.7,17.4,54.0,0.0,0.0,0.0
2026-04-08 17:50:58,29.8,58.8,16.4,54.0,0.0,0.0,0.0
2026-04-08 17:51:03,30.0,58.8,29.6,54.0,0.0,0.0,0.0
2026-04-08 17:51:08,29.9,58.9,9.1,54.0,0.0,0.0,0.0
2026-04-08 17:51:13,29.8,58.9,29.9,54.0,0.0,0.0,0.0
2026-04-08 17:51:18,29.9,58.8,37.1,54.0,0.0,0.0,0.0
2026-04-08 17:51:23,29.9,58.8,18.6,54.0,0.0,0.0,0.0
2026-04-08 17:51:28,29.8,58.7,40.1,54.0,0.0,0.0,0.0
2026-04-08 17:51:33,29.9,58.8,8.3,53.9,0.0,0.0,0.0
2026-04-08 17:51:38,30.0,58.8,33.8,53.9,0.0,0.0,0.0
2026-04-08 17:51:43,29.9,58.9,47.2,53.9,0.0,0.0,0.0
2026-04-08 17:51:48,29.8,58.8,24.9,53.9,0.0,0.0,0.0
2026-04-08 17:51:53,29.8,58.9,31.3,53.9,0.0,0.0,0.0
2026-04-08 17:51:58,30.0,58.8,16.7,54.0,0.0,0.0,0.0
2026-04-08 17:52:03,29.9,58.8,44.4,54.0,0.0,0.0,0.0
2026-04-08 17:52:08,29.8,58.9,23.0,54.0,0.0,0.0,0.0
2026-04-08 17:52:13,29.7,59.0,26.3,54.0,0.0,0.0,0.0
2026-04-08 17:52:18,29.8,59.0,38.1,54.0,0.0,0.0,0.0
2026-04-08 17:52:23,30.0,58.8,15.3,54.0,0.0,0.0,0.0
2026-04-08 17:52:28,29.9,58.8,22.4,54.0,0.0,0.0,0.0
2026-04-08 17:52:33,29.8,58.7,25.3,54.0,0.0,0.0,0.0
2026-04-08 17:52:38,29.8,58.5,9.7,53.9,0.0,0.0,0.0
2026-04-08 17:52:43,30.0,58.6,22.8,53.9,0.0,0.0,0.0
2026-04-08 17:52:48,29.8,58.6,37.8,53.9,0.0,0.0,0.0
2026-04-08 17:52:53,29.9,58.6,44.0,53.9,0.0,0.0,0.0
2026-04-08 17:52:58,29.8,58.6,30.9,53.9,0.0,0.0,0.0
2026-04-08 17:53:03,29.8,58.6,29.4,54.0,0.0,0.0,0.0
2026-04-08 17:53:08,29.7,58.6,19.2,54.0,0.0,0.0,0.0
2026-04-08 17:53:13,29.9,58.6,6.0,54.0,0.0,0.0,0.0
2026-04-08 17:53:18,29.8,58.7,17.5,54.0,0.0,0.0,0.0
2026-04-08 17:53:23,30.0,58.7,11.4,54.0,0.0,0.0,0.0
2026-04-08 17:53:28,30.0,58.7,29.1,54.0,0.0,0.0,0.0
2026-04-08 17:53:33,29.8,58.8,8.6,54.0,0.0,0.0,0.0
2026-04-08 17:53:38,29.8,58.8,23.3,54.0,0.0,0.0,0.0
2026-04-08 17:53:43,29.8,58.7,14.1,54.0,0.0,0.0,0.0
2026-04-08 17:53:48,29.8,58.8,21.7,54.0,0.0,0.0,0.0
2026-04-08 17:53:53,29.7,58.9,0.0,53.9,0.0,0.0,0.0
2026-04-08 17:53:58,29.9,59.0,28.1,53.9,0.0,0.0,0.0
2026-04-08 17:54:03,29.9,59.0,34.5,53.9,0.0,0.0,0.0
2026-04-08 17:54:08,29.8,58.9,30.1,53.9,0.0,0.0,0.0
2026-04-08 17:54:13,29.8,59.1,20.7,54.0,0.0,0.0,0.0
2026-04-08 17:54:18,29.8,59.0,12.1,54.0,0.0,0.0,0.0
2026-04-08 17:54:23,29.7,59.0,29.0,54.0,0.0,0.0,0.0
2026-04-08 17:54:28,29.8,59.1,8.3,54.0,0.0,0.0,0.0
2026-04-08 17:54:33,29.9,59.1,19.2,54.0,0.0,0.0,0.0
2026-04-08 17:54:38,29.8,59.1,19.4,54.0,0.0,0.0,0.0
2026-04-08 17:54:43,30.0,59.2,24.0,53.9,0.0,0.0,0.0
2026-04-08 17:54:48,29.8,59.0,10.5,53.9,0.0,0.0,0.0
2026-04-08 17:54:53,29.9,58.9,20.9,54.0,0.0,0.0,0.0
2026-04-08 17:54:58,29.8,59.1,28.7,54.0,0.0,0.0,0.0
2026-04-08 17:55:03,29.9,59.1,7.4,54.0,0.0,0.0,0.0
2026-04-08 17:55:08,29.8,59.1,36.8,53.9,0.0,0.0,0.0
2026-04-08 17:55:13,29.8,58.9,9.8,53.9,0.0,0.0,0.0
2026-04-08 17:55:18,29.9,59.0,15.5,53.9,0.0,0.0,0.0
2026-04-08 17:55:23,29.9,58.9,28.0,53.9,0.0,0.0,0.0
2026-04-08 17:55:28,29.8,59.0,28.0,54.0,0.0,0.0,0.0
2026-04-08 17:55:33,29.8,59.0,0.1,54.0,0.0,0.0,0.0
2026-04-08 17:55:38,29.8,59.1,4.8,54.0,0.0,0.0,0.0
2026-04-08 17:55:43,29.9,59.1,8.7,54.0,0.0,0.0,0.0
2026-04-08 17:55:48,29.7,59.0,15.7,54.0,0.0,0.0,0.0
2026-04-08 17:55:53,29.8,59.2,21.3,54.0,0.0,0.0,0.0
2026-04-08 17:55:58,29.8,59.1,25.4,54.0,0.0,0.0,0.0
2026-04-08 17:56:03,29.7,59.0,25.4,54.0,0.0,0.0,0.0
2026-04-08 17:56:08,29.8,59.1,13.0,54.0,0.0,0.0,0.0
2026-04-08 17:56:13,29.9,59.0,17.9,54.0,0.0,0.0,0.0
2026-04-08 17:56:18,29.6,59.0,21.8,54.0,0.0,0.0,0.0
2026-04-08 17:56:23,29.8,59.0,16.4,54.0,0.0,0.0,0.0
2026-04-08 17:56:28,29.9,59.0,32.3,54.0,0.0,0.0,0.0
2026-04-08 17:56:33,29.7,59.0,18.1,54.0,0.0,0.0,0.0
2026-04-08 17:56:38,29.9,59.0,26.3,54.0,0.0,0.0,0.0
2026-04-08 17:56:43,29.8,59.0,11.3,54.0,0.0,0.0,0.0
2026-04-08 17:56:48,29.7,58.9,4.3,54.0,0.0,0.0,0.0
2026-04-08 17:56:53,29.9,58.9,22.1,54.0,0.0,0.0,0.0
2026-04-08 17:56:58,29.8,58.9,9.1,54.0,0.0,0.0,0.0
2026-04-08 17:57:03,29.9,58.9,2.4,54.0,0.0,0.0,0.0
2026-04-08 17:57:08,29.8,58.9,20.0,54.0,0.0,0.0,0.0
2026-04-08 17:57:13,29.9,59.0,31.0,54.0,0.0,0.0,0.0
2026-04-08 17:57:18,29.7,59.0,0.1,54.0,0.0,0.0,0.0
2026-04-08 17:57:23,29.8,58.9,9.8,54.0,0.0,0.0,0.0
2026-04-08 17:57:28,29.8,58.8,32.6,53.9,0.0,0.0,0.0
2026-04-08 17:57:33,29.9,58.8,36.8,53.9,0.0,0.0,0.0
2026-04-08 17:57:38,29.8,58.8,14.4,54.0,0.0,0.0,0.0
2026-04-08 17:57:43,29.9,58.7,22.5,54.0,0.0,0.0,0.0
2026-04-08 17:57:48,29.9,58.8,19.9,54.0,0.0,0.0,0.0
2026-04-08 17:57:53,29.7,58.8,14.8,54.0,0.0,0.0,0.0
2026-04-08 17:57:58,29.8,58.8,7.8,54.0,0.0,0.0,0.0
2026-04-08 17:58:03,29.7,58.8,12.2,54.0,0.0,0.0,0.0
2026-04-08 17:58:08,29.8,58.9,22.3,54.0,0.0,0.0,0.0
2026-04-08 17:58:13,29.8,59.0,26.7,54.0,0.0,0.0,0.0
2026-04-08 17:58:18,29.7,59.0,9.8,54.0,0.0,0.0,0.0
2026-04-08 17:58:23,29.8,58.9,18.7,54.0,0.0,0.0,0.0
2026-04-08 17:58:28,29.8,59.0,1.2,54.0,0.0,0.0,0.0
2026-04-08 17:58:33,29.8,59.0,11.8,53.9,0.0,0.0,0.0
2026-04-08 17:58:38,29.8,59.1,15.9,53.9,0.0,0.0,0.0
2026-04-08 17:58:43,29.7,59.1,10.0,53.9,0.0,0.0,0.0
2026-04-08 17:58:48,29.8,59.1,12.5,54.0,0.0,0.0,0.0
2026-04-08 17:58:53,29.8,59.1,9.5,54.0,0.0,0.0,0.0
2026-04-08 17:58:58,29.7,59.1,12.7,53.9,0.0,0.0,0.0
2026-04-08 17:59:03,29.9,59.2,6.8,53.9,0.0,0.0,0.0
2026-04-08 17:59:08,29.7,59.3,25.2,53.9,0.0,0.0,0.0
2026-04-08 17:59:13,29.8,59.2,12.1,54.0,0.0,0.0,0.0
2026-04-08 17:59:18,29.7,59.2,3.5,54.0,0.0,0.0,0.0
2026-04-08 17:59:23,30.0,59.3,0.6,54.0,0.0,0.0,0.0
2026-04-08 17:59:28,29.9,59.4,8.8,54.0,0.0,0.0,0.0
2026-04-08 17:59:33,29.7,59.3,24.3,54.0,0.0,0.0,0.0
2026-04-08 17:59:38,29.8,59.3,13.5,54.0,0.0,0.0,0.0
2026-04-08 17:59:43,29.8,59.3,6.7,54.0,0.0,0.0,0.0
2026-04-08 17:59:48,29.6,59.2,24.5,54.0,0.0,0.0,0.0
2026-04-08 17:59:53,29.7,59.2,27.1,54.0,0.0,0.0,0.0
2026-04-08 17:59:58,29.8,59.3,20.4,54.0,0.0,0.0,0.0
2026-04-08 18:00:03,29.8,59.2,18.6,54.0,0.0,0.0,0.0
2026-04-08 18:00:08,29.9,59.1,18.1,54.0,0.0,0.0,0.0
2026-04-08 18:00:13,29.7,59.0,0.0,54.0,0.0,0.0,0.0
2026-04-08 18:00:18,29.8,59.0,17.3,54.0,0.0,0.0,0.0
2026-04-08 18:00:23,29.8,59.0,8.9,54.0,0.0,0.0,0.0
2026-04-08 18:00:28,29.8,59.0,18.0,54.0,0.0,0.0,0.0
2026-04-08 18:00:33,29.7,59.1,16.9,54.0,0.0,0.0,0.0
2026-04-08 18:00:38,29.8,59.3,1.7,54.0,0.0,0.0,0.0
2026-04-08 18:00:43,29.8,59.3,2.1,54.0,0.0,0.0,0.0
2026-04-08 18:00:48,29.9,59.3,12.4,54.0,0.0,0.0,0.0
2026-04-08 18:00:53,29.8,59.3,26.8,54.0,0.0,0.0,0.0
2026-04-08 18:00:58,29.7,59.3,3.5,54.0,0.0,0.0,0.0
2026-04-08 18:01:03,29.7,59.2,10.3,54.0,0.0,0.0,0.0
2026-04-08 18:01:08,29.8,59.2,8.3,54.0,0.0,0.0,0.0
2026-04-08 18:01:13,29.9,59.3,23.8,54.0,0.0,0.0,0.0
2026-04-08 18:01:18,29.8,59.2,25.4,54.0,0.0,0.0,0.0
2026-04-08 18:01:23,29.7,59.2,24.8,54.0,0.0,0.0,0.0
2026-04-08 18:01:28,29.9,59.2,0.5,54.0,0.0,0.0,0.0
2026-04-08 18:01:33,29.8,59.2,20.7,54.0,0.0,0.0,0.0
2026-04-08 18:01:38,29.8,59.1,21.3,54.0,0.0,0.0,0.0
2026-04-08 18:01:43,29.8,59.1,7.7,54.0,0.0,0.0,0.0
2026-04-08 18:01:48,29.7,59.1,21.2,54.0,0.0,0.0,0.0
2026-04-08 18:01:53,29.9,59.2,51.3,53.9,0.0,0.0,0.0
2026-04-08 18:01:58,29.8,59.2,0.0,53.9,0.0,0.0,0.0
2026-04-08 18:02:03,29.8,59.3,23.5,54.0,0.0,0.0,0.0
2026-04-08 18:02:08,29.7,59.2,19.1,54.0,0.0,0.0,0.0
2026-04-08 18:02:13,29.8,59.1,6.9,54.0,0.0,0.0,0.0
2026-04-08 18:02:18,29.8,59.0,0.0,54.0,0.0,0.0,0.0
2026-04-08 18:02:23,29.7,59.0,17.1,54.0,0.0,0.0,0.0
2026-04-08 18:02:28,29.9,58.8,25.1,54.0,0.0,0.0,0.0
2026-04-08 18:02:33,29.7,58.9,16.0,54.0,0.0,0.0,0.0
2026-04-08 18:02:38,29.8,58.9,21.2,54.0,0.0,0.0,0.0
2026-04-08 18:02:43,29.8,58.9,5.0,54.0,0.0,0.0,0.0
2026-04-08 18:02:48,29.7,58.8,6.2,54.0,0.0,0.0,0.0
2026-04-08 18:02:53,29.7,58.8,15.3,54.0,0.0,0.0,0.0
2026-04-08 18:02:58,29.5,59.1,19.0,54.0,0.0,0.0,0.0
2026-04-08 18:03:03,29.8,59.0,12.9,54.0,0.0,0.0,0.0
2026-04-08 18:03:08,29.8,58.9,23.3,54.0,0.0,0.0,0.0
2026-04-08 18:03:13,29.8,59.1,14.3,54.0,0.0,0.0,0.0
2026-04-08 18:03:18,29.8,59.0,24.3,54.0,0.0,0.0,0.0
2026-04-08 18:03:23,29.7,59.2,0.0,54.0,0.0,0.0,0.0
2026-04-08 18:03:28,29.7,59.1,3.7,54.0,0.0,0.0,0.0
2026-04-08 18:03:33,29.7,59.2,4.6,54.0,0.0,0.0,0.0
2026-04-08 18:03:38,29.7,59.3,17.2,54.0,0.0,0.0,0.0
2026-04-08 18:03:43,29.8,59.2,14.9,54.0,0.0,0.0,0.0
2026-04-08 18:03:48,29.8,59.2,1.6,54.0,0.0,0.0,0.0
2026-04-08 18:03:53,29.8,59.1,1.8,54.0,0.0,0.0,0.0
2026-04-08 18:03:58,29.7,59.2,0.0,54.0,0.0,0.0,0.0
2026-04-08 18:04:03,29.8,59.1,1.7,54.0,0.0,0.0,0.0
2026-04-08 18:04:08,29.9,59.2,0.0,54.0,0.0,0.0,0.0
2026-04-08 18:04:13,29.8,59.3,10.3,54.0,0.0,0.0,0.0
2026-04-08 18:04:18,29.7,59.3,22.4,54.0,0.0,0.0,0.0
2026-04-08 18:04:23,29.7,59.4,17.2,54.0,0.0,0.0,0.0
2026-04-08 18:04:28,29.7,59.5,0.6,54.0,0.0,0.0,0.0
2026-04-08 18:04:33,29.8,59.5,5.2,54.0,0.0,0.0,0.0
2026-04-08 18:04:38,29.7,59.5,13.2,54.0,0.0,0.0,0.0
2026-04-08 18:04:43,29.6,59.4,32.2,54.0,0.0,0.0,0.0
2026-04-08 18:04:48,29.7,59.3,9.4,54.0,0.0,0.0,0.0
2026-04-08 18:04:53,29.6,59.4,27.6,54.0,0.0,0.0,0.0
2026-04-08 18:04:58,29.7,59.5,0.0,54.0,0.0,0.0,0.0
2026-04-08 18:05:03,29.7,59.5,12.0,54.0,0.0,0.0,0.0
2026-04-08 18:05:08,29.7,59.5,17.9,54.0,0.0,0.0,0.0
2026-04-08 18:05:13,29.7,59.5,10.0,54.0,0.0,0.0,0.0
2026-04-08 18:05:18,29.8,59.4,12.3,54.0,0.0,0.0,0.0
2026-04-08 18:05:23,29.7,59.4,11.0,54.0,0.0,0.0,0.0
2026-04-08 18:05:28,29.6,59.4,0.0,54.0,0.0,0.0,0.0
2026-04-08 18:05:33,29.7,59.5,0.0,54.0,0.0,0.0,0.0
2026-04-08 18:05:38,29.6,59.6,9.6,54.0,0.0,0.0,0.0
2026-04-08 18:05:43,29.7,59.5,19.2,54.0,0.0,0.0,0.0
2026-04-08 18:05:48,29.8,59.5,12.4,54.0,0.0,0.0,0.0
2026-04-08 18:05:53,29.8,59.4,14.0,54.0,0.0,0.0,0.0
2026-04-08 18:05:58,29.6,59.4,8.1,54.0,0.0,0.0,0.0
2026-04-08 18:06:03,29.5,59.3,12.8,54.0,0.0,0.0,0.0
2026-04-08 18:06:08,29.8,59.2,21.6,54.0,0.0,0.0,0.0
2026-04-08 18:06:13,29.7,59.2,0.0,54.0,0.0,0.0,0.0
2026-04-08 18:06:18,29.6,59.0,24.4,54.0,0.0,0.0,0.0
2026-04-08 18:06:23,29.5,59.0,10.5,54.0,0.0,0.0,0.0
2026-04-08 18:06:28,29.7,59.0,10.3,54.0,0.0,0.0,0.0
2026-04-08 18:06:33,29.7,58.9,17.9,54.0,0.0,0.0,0.0
2026-04-08 18:06:38,29.8,58.8,0.0,54.0,0.0,0.0,0.0
2026-04-08 18:06:43,29.5,58.9,29.6,54.0,0.0,0.0,0.0
2026-04-08 18:06:48,29.6,58.9,4.2,54.0,0.0,0.0,0.0
2026-04-08 18:06:53,29.7,58.9,5.4,54.0,0.0,0.0,0.0
2026-04-08 18:06:58,29.8,58.8,26.0,54.0,0.0,0.0,0.0
2026-04-08 18:07:03,29.6,58.8,16.0,54.0,0.0,0.0,0.0
2026-04-08 18:07:08,29.6,59.0,3.4,54.0,0.0,0.0,0.0
2026-04-08 18:07:13,29.8,59.1,35.2,54.0,0.0,0.0,0.0
2026-04-08 18:07:18,29.8,59.2,17.0,54.0,0.0,0.0,0.0
2026-04-08 18:07:23,29.7,59.2,0.0,54.0,0.0,0.0,0.0
2026-04-08 18:07:28,29.8,59.4,15.6,54.0,0.0,0.0,0.0
2026-04-08 18:07:33,29.8,59.3,11.2,54.0,0.0,0.0,0.0
2026-04-08 18:07:38,29.7,59.3,12.1,54.0,0.0,0.0,0.0
2026-04-08 18:07:43,29.7,59.4,10.7,54.0,0.0,0.0,0.0
2026-04-08 18:07:48,29.8,59.2,1.3,54.0,0.0,0.0,0.0
2026-04-08 18:07:53,29.7,59.3,30.3,54.0,0.0,0.0,0.0
2026-04-08 18:07:58,29.6,59.2,16.5,54.0,0.0,0.0,0.0
2026-04-08 18:08:03,29.7,59.3,33.2,54.0,0.0,0.0,0.0
2026-04-08 18:08:08,29.8,59.3,3.3,54.0,0.0,0.0,0.0
2026-04-08 18:08:13,29.7,59.3,11.4,54.0,0.0,0.0,0.0
2026-04-08 18:08:18,29.7,59.2,17.5,54.0,0.0,0.0,0.0
2026-04-08 18:08:23,29.7,59.2,17.0,54.0,0.0,0.0,0.0
2026-04-08 18:08:28,29.7,59.3,16.5,54.0,0.0,0.0,0.0
2026-04-08 18:08:33,29.7,59.3,18.1,54.0,0.0,0.0,0.0
2026-04-08 18:08:38,29.6,59.2,23.5,54.0,0.0,0.0,0.0
2026-04-08 18:08:43,29.8,59.3,15.8,54.0,0.0,0.0,0.0
2026-04-08 18:08:48,29.6,59.3,0.0,54.0,0.0,0.0,0.0
2026-04-08 18:08:53,29.7,59.1,11.5,54.0,0.0,0.0,0.0
2026-04-08 18:08:58,29.8,59.3,11.1,54.0,0.0,0.0,0.0
2026-04-08 18:09:03,29.5,59.4,28.1,54.0,0.0,0.0,0.0
2026-04-08 18:09:08,29.7,59.4,13.3,54.0,0.0,0.0,0.0
2026-04-08 18:09:13,29.6,59.4,19.9,54.0,0.0,0.0,0.0
2026-04-08 18:09:18,29.9,59.3,23.1,54.0,0.0,0.0,0.0
2026-04-08 18:09:23,29.9,59.3,25.9,54.0,0.0,0.0,0.0
2026-04-08 18:09:28,29.8,59.3,18.2,54.0,0.0,0.0,0.0
2026-04-08 18:09:33,29.8,59.4,24.5,54.0,0.0,0.0,0.0
2026-04-08 18:09:38,29.8,59.4,24.0,53.9,0.0,0.0,0.0
2026-04-08 18:09:43,29.7,59.4,1.4,53.9,0.0,0.0,0.0
2026-04-08 18:09:48,29.7,59.4,16.6,53.9,0.0,0.0,0.0
2026-04-08 18:09:53,29.7,59.6,17.7,53.9,0.0,0.0,0.0
2026-04-08 18:09:58,29.8,59.6,11.6,53.9,0.0,0.0,0.0
2026-04-08 18:10:03,29.7,59.6,29.8,53.9,0.0,0.0,0.0
2026-04-08 18:10:08,29.8,59.6,4.2,54.0,0.0,0.0,0.0
2026-04-08 18:10:13,29.7,59.5,26.7,54.0,0.0,0.0,0.0
2026-04-08 18:10:18,29.6,59.4,10.5,54.0,0.0,0.0,0.0
2026-04-08 18:10:23,29.6,59.6,8.5,54.0,0.0,0.0,0.0
2026-04-08 18:10:28,29.7,59.3,15.0,54.0,0.0,0.0,0.0
2026-04-08 18:10:33,29.5,59.4,20.7,54.0,0.0,0.0,0.0
2026-04-08 18:10:38,29.5,59.4,18.0,54.0,0.0,0.0,0.0
2026-04-08 18:10:43,29.8,59.3,2.4,54.0,0.0,0.0,0.0
2026-04-08 18:10:48,29.7,59.4,5.0,54.0,0.0,0.0,0.0
2026-04-08 18:10:53,29.8,59.3,18.7,54.0,0.0,0.0,0.0
2026-04-08 18:10:58,29.6,59.3,17.2,54.0,0.0,0.0,0.0
2026-04-08 18:11:03,29.7,59.3,0.5,54.0,0.0,0.0,0.0
2026-04-08 18:11:08,29.8,59.4,13.5,54.0,0.0,0.0,0.0
2026-04-08 18:11:13,29.7,59.4,2.6,54.0,0.0,0.0,0.0
2026-04-08 18:11:18,29.7,59.3,7.6,54.0,0.0,0.0,0.0
2026-04-08 18:11:23,29.7,59.1,9.7,54.0,0.0,0.0,0.0
2026-04-08 18:11:28,29.6,59.1,7.2,54.0,0.0,0.0,0.0
2026-04-08 18:11:33,29.9,59.0,2.2,54.0,0.0,0.0,0.0
2026-04-08 18:11:38,29.8,59.1,2.6,54.0,0.0,0.0,0.0
2026-04-08 18:11:43,29.7,59.1,4.7,53.9,0.0,0.0,0.0
2026-04-08 18:11:48,29.7,59.1,14.5,53.9,0.0,0.0,0.0
2026-04-08 18:11:53,29.7,59.3,9.8,53.9,0.0,0.0,0.0
2026-04-08 18:11:58,29.9,59.2,20.0,54.0,0.0,0.0,0.0
2026-04-08 18:12:03,29.6,59.2,7.5,54.0,0.0,0.0,0.0
2026-04-08 18:12:08,29.7,59.2,26.8,54.0,0.0,0.0,0.0
2026-04-08 18:12:13,29.5,59.4,20.7,54.0,0.0,0.0,0.0
2026-04-08 18:12:18,29.7,59.3,23.2,53.9,0.0,0.0,0.0
2026-04-08 18:12:23,29.8,59.2,11.9,53.9,0.0,0.0,0.0
2026-04-08 18:12:28,29.9,59.1,20.5,53.9,0.0,0.0,0.0
2026-04-08 18:12:33,29.8,59.2,2.1,53.9,0.0,0.0,0.0
2026-04-08 18:12:38,29.7,59.3,2.9,53.9,0.0,0.0,0.0
2026-04-08 18:12:43,29.8,59.3,47.5,54.0,0.0,0.0,0.0
2026-04-08 18:12:48,29.6,59.4,31.2,54.0,0.0,0.0,0.0
2026-04-08 18:12:53,29.8,59.5,16.9,54.0,0.0,0.0,0.0
2026-04-08 18:12:58,29.7,59.4,21.0,54.0,0.0,0.0,0.0
2026-04-08 18:13:03,29.7,59.5,24.8,54.0,0.0,0.0,0.0
2026-04-08 18:13:08,29.8,59.5,17.6,54.0,0.0,0.0,0.0
2026-04-08 18:13:13,29.7,59.6,16.0,54.0,0.0,0.0,0.0
2026-04-08 18:13:18,29.7,59.7,16.9,54.0,0.0,0.0,0.0
2026-04-08 18:13:23,29.7,59.6,14.5,54.0,0.0,0.0,0.0
2026-04-08 18:13:28,30.0,59.7,8.7,54.0,0.0,0.0,0.0
2026-04-08 18:13:33,29.7,59.6,11.3,54.0,0.0,0.0,0.0
2026-04-08 18:13:38,29.7,59.6,28.4,54.0,0.0,0.0,0.0
2026-04-08 18:13:43,29.8,59.7,17.6,54.0,0.0,0.0,0.0
2026-04-08 18:13:48,29.7,59.6,23.6,54.0,0.0,0.0,0.0
2026-04-08 18:13:53,29.7,59.6,7.4,54.0,0.0,0.0,0.0
2026-04-08 18:13:58,29.8,59.5,3.4,53.9,0.0,0.0,0.0
2026-04-08 18:14:03,29.7,59.5,9.7,53.9,0.0,0.0,0.0
2026-04-08 18:14:08,29.7,59.5,3.5,53.9,0.0,0.0,0.0
2026-04-08 18:14:13,29.7,59.6,19.1,53.9,0.0,0.0,0.0
2026-04-08 18:14:18,29.8,59.6,38.1,53.9,0.0,0.0,0.0
2026-04-08 18:14:23,29.8,59.6,23.2,53.9,0.0,0.0,0.0
2026-04-08 18:14:28,29.7,59.6,2.8,53.9,0.0,0.0,0.0
2026-04-08 18:14:33,29.8,59.6,18.7,53.9,0.0,0.0,0.0
2026-04-08 18:14:38,29.6,59.5,19.0,53.9,0.0,0.0,0.0
2026-04-08 18:14:43,29.8,59.5,20.2,53.9,0.0,0.0,0.0
2026-04-08 18:14:48,29.7,59.5,9.8,53.9,0.0,0.0,0.0
2026-04-08 18:14:53,29.5,59.4,0.4,54.0,0.0,0.0,0.0
2026-04-08 18:14:58,29.8,59.3,0.0,54.0,0.0,0.0,0.0
2026-04-08 18:15:03,29.8,59.5,19.9,54.0,0.0,0.0,0.0
2026-04-08 18:15:08,29.8,59.4,26.3,54.0,0.0,0.0,0.0
2026-04-08 18:15:13,29.7,59.5,13.9,54.0,0.0,0.0,0.0
2026-04-08 18:15:18,29.7,59.4,11.9,54.0,0.0,0.0,0.0
2026-04-08 18:15:23,29.8,59.3,4.7,54.0,0.0,0.0,0.0
2026-04-08 18:15:28,29.7,59.4,0.1,53.9,0.0,0.0,0.0
2026-04-08 18:15:33,29.7,59.5,0.0,53.9,0.0,0.0,0.0
2026-04-08 18:15:38,29.8,59.6,6.9,53.9,0.0,0.0,0.0
2026-04-08 18:15:43,29.8,59.6,9.4,53.9,0.0,0.0,0.0
2026-04-08 18:15:48,29.7,59.6,8.9,53.9,0.0,0.0,0.0
2026-04-08 18:15:53,29.7,59.6,3.8,53.9,0.0,0.0,0.0
2026-04-08 18:15:58,29.7,59.7,26.7,53.9,0.0,0.0,0.0
2026-04-08 18:16:03,29.8,59.6,6.1,53.9,0.0,0.0,0.0
2026-04-08 18:16:08,29.8,59.6,12.2,53.9,0.0,0.0,0.0
2026-04-08 18:16:13,29.8,59.5,6.1,53.9,0.0,0.0,0.0
2026-04-08 18:16:18,29.9,59.5,2.9,53.9,0.0,0.0,0.0
2026-04-08 18:16:23,29.9,59.5,0.8,53.9,0.0,0.0,0.0
2026-04-08 18:16:28,29.8,59.4,11.5,53.9,0.0,0.0,0.0
2026-04-08 18:16:33,29.6,59.3,0.0,53.9,0.0,0.0,0.0
2026-04-08 18:16:38,29.8,59.3,20.1,53.9,0.0,0.0,0.0
2026-04-08 18:16:43,29.9,59.3,7.8,53.9,0.0,0.0,0.0
2026-04-08 18:16:48,29.8,59.4,42.4,53.9,0.0,0.0,0.0
2026-04-08 18:16:53,29.8,59.4,20.0,53.9,0.0,0.0,0.0
2026-04-08 18:16:58,29.7,59.3,30.1,53.9,0.0,0.0,0.0
2026-04-08 18:17:03,29.7,59.2,12.9,53.9,0.0,0.0,0.0
2026-04-08 18:17:08,29.6,59.4,9.0,53.9,0.0,0.0,0.0
2026-04-08 18:17:13,29.8,59.3,26.6,54.0,0.0,0.0,0.0
2026-04-08 18:17:18,30.0,59.3,19.5,54.0,0.0,0.0,0.0
2026-04-08 18:17:23,29.7,59.3,16.0,54.0,0.0,0.0,0.0
2026-04-08 18:17:28,29.9,59.3,8.8,53.9,0.0,0.0,0.0
2026-04-08 18:17:33,29.7,59.2,0.0,53.9,0.0,0.0,0.0
2026-04-08 18:17:38,29.8,59.2,3.1,53.9,0.0,0.0,0.0
2026-04-08 18:17:43,29.9,59.3,14.1,53.9,0.0,0.0,0.0
2026-04-08 18:17:48,29.7,59.2,20.6,53.9,0.0,0.0,0.0
2026-04-08 18:17:53,29.8,59.2,18.9,53.9,0.0,0.0,0.0
2026-04-08 18:17:58,29.8,59.1,20.7,53.9,0.0,0.0,0.0
2026-04-08 18:18:03,29.9,59.0,16.8,53.9,0.0,0.0,0.0
2026-04-08 18:18:08,29.9,59.0,10.3,53.9,0.0,0.0,0.0
2026-04-08 18:18:13,29.7,59.0,5.5,53.9,0.0,0.0,0.0
2026-04-08 18:18:18,29.9,58.9,6.0,53.9,0.0,0.0,0.0
2026-04-08 18:18:23,29.8,59.0,0.0,53.9,0.0,0.0,0.0
2026-04-08 18:18:28,29.7,59.0,20.3,53.9,0.0,0.0,0.0
2026-04-08 18:18:33,29.8,59.0,25.8,53.9,0.0,0.0,0.0
2026-04-08 18:18:38,29.8,59.0,32.7,53.9,0.0,0.0,0.0
2026-04-08 18:18:43,29.9,59.0,23.2,53.9,0.0,0.0,0.0
2026-04-08 18:18:48,29.8,59.1,40.5,53.9,0.0,0.0,0.0
2026-04-08 18:18:53,29.8,59.0,34.9,53.9,0.0,0.0,0.0
2026-04-08 18:18:58,29.8,59.2,35.4,53.9,0.0,0.0,0.0
2026-04-08 18:19:03,29.7,59.1,14.1,53.9,0.0,0.0,0.0
2026-04-08 18:19:08,29.9,59.2,0.0,53.9,0.0,0.0,0.0
2026-04-08 18:19:13,29.6,59.3,7.1,53.9,0.0,0.0,0.0
2026-04-08 18:19:18,29.8,59.2,2.2,53.9,0.0,0.0,0.0
2026-04-08 18:19:23,29.7,59.2,14.3,53.9,0.0,0.0,0.0
2026-04-08 18:19:28,29.6,59.3,17.6,53.9,0.0,0.0,0.0
2026-04-08 18:19:33,29.7,59.3,15.0,53.9,0.0,0.0,0.0
2026-04-08 18:19:38,29.9,59.4,28.4,53.9,0.0,0.0,0.0
2026-04-08 18:19:43,29.9,59.3,14.6,53.9,0.0,0.0,0.0
2026-04-08 18:19:48,29.9,59.3,30.2,53.9,0.0,0.0,0.0
2026-04-08 18:19:53,29.9,59.3,11.9,53.9,0.0,0.0,0.0
2026-04-08 18:19:58,29.8,59.3,2.6,53.9,0.0,0.0,0.0
2026-04-08 18:20:03,29.8,59.4,10.0,53.9,0.0,0.0,0.0
2026-04-08 18:20:08,29.7,59.5,21.8,53.9,0.0,0.0,0.0
2026-04-08 18:20:13,29.8,59.5,9.6,53.9,0.0,0.0,0.0
2026-04-08 18:20:18,29.7,59.4,2.0,53.9,0.0,0.0,0.0
2026-04-08 18:20:23,29.7,59.3,16.4,53.9,0.0,0.0,0.0
2026-04-08 18:20:28,29.7,59.4,2.5,53.9,0.0,0.0,0.0
2026-04-08 18:20:33,29.8,59.4,8.7,53.9,0.0,0.0,0.0
2026-04-08 18:20:38,29.9,59.4,3.4,53.9,0.0,0.0,0.0
2026-04-08 18:20:43,29.7,59.4,22.2,53.9,0.0,0.0,0.0
2026-04-08 18:20:48,29.8,59.4,14.4,53.9,0.0,0.0,0.0
2026-04-08 18:20:53,29.8,59.4,15.3,53.9,0.0,0.0,0.0
2026-04-08 18:20:58,29.8,59.4,16.7,53.9,0.0,0.0,0.0
2026-04-08 18:21:03,29.8,59.4,17.2,54.0,0.0,0.0,0.0
2026-04-08 18:21:08,29.9,59.3,29.2,54.0,0.0,0.0,0.0
2026-04-08 18:21:13,29.9,59.4,12.6,54.0,0.0,0.0,0.0
2026-04-08 18:21:18,29.9,59.5,20.8,53.9,0.0,0.0,0.0
2026-04-08 18:21:23,29.8,59.4,7.8,53.9,0.0,0.0,0.0
2026-04-08 18:21:28,29.7,59.4,12.9,53.9,0.0,0.0,0.0
2026-04-08 18:21:33,29.7,59.4,13.3,53.9,0.0,0.0,0.0
2026-04-08 18:21:38,29.7,59.5,23.7,53.9,0.0,0.0,0.0
2026-04-08 18:21:43,29.6,59.4,17.6,53.9,0.0,0.0,0.0
2026-04-08 18:21:48,29.7,59.5,20.1,53.9,0.0,0.0,0.0
2026-04-08 18:21:53,29.8,59.5,8.5,53.9,0.0,0.0,0.0
2026-04-08 18:21:58,29.7,59.5,15.4,53.9,0.0,0.0,0.0
2026-04-08 18:22:03,29.7,59.5,22.6,53.9,0.0,0.0,0.0
2026-04-08 18:22:08,29.7,59.5,17.8,53.9,0.0,0.0,0.0
2026-04-08 18:22:13,29.7,59.6,26.4,53.9,0.0,0.0,0.0
2026-04-08 18:22:18,29.6,59.7,29.3,53.9,0.0,0.0,0.0
2026-04-08 18:22:23,29.8,59.6,4.3,53.9,0.0,0.0,0.0
2026-04-08 18:22:28,29.8,59.6,15.2,53.9,0.0,0.0,0.0
2026-04-08 18:22:33,30.0,59.7,38.0,53.9,0.0,0.0,0.0
2026-04-08 18:22:38,29.9,59.7,15.3,53.9,0.0,0.0,0.0
2026-04-08 18:22:43,29.8,59.6,21.0,53.9,0.0,0.0,0.0
2026-04-08 18:22:48,29.8,59.7,26.0,53.9,0.0,0.0,0.0
2026-04-08 18:22:53,29.8,59.8,22.8,53.9,0.0,0.0,0.0
2026-04-08 18:22:58,29.8,59.6,3.4,53.9,0.0,0.0,0.0
2026-04-08 18:23:03,29.9,59.7,10.1,53.9,0.0,0.0,0.0
2026-04-08 18:23:08,29.8,59.7,10.6,53.9,0.0,0.0,0.0
2026-04-08 18:23:13,29.8,59.7,24.8,53.9,0.0,0.0,0.0
2026-04-08 18:23:18,29.9,59.8,7.4,53.9,0.0,0.0,0.0
2026-04-08 18:23:23,29.8,59.9,24.2,53.9,0.0,0.0,0.0
2026-04-08 18:23:28,30.0,60.0,8.6,53.9,0.0,0.0,0.0
2026-04-08 18:23:33,29.7,60.1,7.9,53.9,0.0,0.0,0.0
2026-04-08 18:23:38,29.9,60.0,0.0,53.9,0.0,0.0,0.0
2026-04-08 18:23:43,29.8,59.8,21.1,53.9,0.0,0.0,0.0
2026-04-08 18:23:48,29.9,59.8,10.3,53.9,0.0,0.0,0.0
2026-04-08 18:23:53,29.8,59.8,7.5,53.9,0.0,0.0,0.0
2026-04-08 18:23:58,29.8,59.7,4.1,53.9,0.0,0.0,0.0
2026-04-08 18:24:03,29.7,59.8,13.0,53.9,0.0,0.0,0.0
2026-04-08 18:24:08,29.9,59.9,18.3,53.9,0.0,0.0,0.0
2026-04-08 18:24:13,29.8,59.8,9.0,53.9,0.0,0.0,0.0
2026-04-08 18:24:18,29.7,59.8,19.4,53.9,0.0,0.0,0.0
2026-04-08 18:24:23,29.8,59.9,12.5,53.9,0.0,0.0,0.0
2026-04-08 18:24:28,29.9,59.9,17.0,53.9,0.0,0.0,0.0
2026-04-08 18:24:33,29.9,59.8,27.9,53.9,0.0,0.0,0.0
2026-04-08 18:24:38,29.8,59.8,6.7,53.9,0.0,0.0,0.0
2026-04-08 18:24:43,29.8,60.0,6.6,53.9,0.0,0.0,0.0
2026-04-08 18:24:48,29.9,60.1,27.4,53.9,0.0,0.0,0.0
2026-04-08 18:24:53,29.8,60.0,17.1,53.9,0.0,0.0,0.0
2026-04-08 18:24:58,29.7,60.0,20.3,53.9,0.0,0.0,0.0
2026-04-08 18:25:03,29.9,59.8,10.8,53.9,0.0,0.0,0.0
2026-04-08 18:25:08,29.7,59.5,3.1,53.9,0.0,0.0,0.0
2026-04-08 18:25:13,30.0,59.5,32.7,53.9,0.0,0.0,0.0
2026-04-08 18:25:18,29.9,59.5,15.3,53.9,0.0,0.0,0.0
2026-04-08 18:25:23,29.9,59.4,0.2,53.9,0.0,0.0,0.0
2026-04-08 18:25:28,29.8,59.4,2.6,53.9,0.0,0.0,0.0
2026-04-08 18:25:33,29.9,59.4,9.4,53.9,0.0,0.0,0.0
2026-04-08 18:25:38,29.7,59.4,0.0,53.9,0.0,0.0,0.0
2026-04-08 18:25:43,29.8,59.3,23.7,53.9,0.0,0.0,0.0
2026-04-08 18:25:48,29.8,59.3,0.0,53.9,0.0,0.0,0.0
2026-04-08 18:25:53,29.9,59.2,19.0,53.9,0.0,0.0,0.0
2026-04-08 18:25:58,29.8,59.1,13.8,53.9,0.0,0.0,0.0
2026-04-08 18:26:03,29.9,59.2,5.8,53.9,0.0,0.0,0.0
2026-04-08 18:26:08,29.7,59.2,10.9,53.9,0.0,0.0,0.0
2026-04-08 18:26:13,29.8,59.1,17.1,53.9,0.0,0.0,0.0
2026-04-08 18:26:18,29.8,59.1,16.7,53.9,0.0,0.0,0.0
2026-04-08 18:26:23,29.8,59.2,9.2,53.9,0.0,0.0,0.0
2026-04-08 18:26:28,29.8,59.0,11.0,53.9,0.0,0.0,0.0
2026-04-08 18:26:33,29.6,59.0,32.3,53.9,0.0,0.0,0.0
2026-04-08 18:26:38,29.9,59.1,21.8,53.9,0.0,0.0,0.0
2026-04-08 18:26:43,29.7,59.1,17.3,53.9,0.0,0.0,0.0
2026-04-08 18:26:48,29.8,59.1,13.6,53.9,0.0,0.0,0.0
2026-04-08 18:26:53,29.7,59.1,14.1,53.9,0.0,0.0,0.0
2026-04-08 18:26:58,29.8,59.0,17.2,53.9,0.0,0.0,0.0
2026-04-08 18:27:03,29.8,59.1,7.9,53.9,0.0,0.0,0.0
2026-04-08 18:27:08,29.8,59.0,11.5,53.9,0.0,0.0,0.0
2026-04-08 18:27:13,29.7,59.0,11.4,53.9,0.0,0.0,0.0
2026-04-08 18:27:18,29.8,59.0,10.7,53.9,0.0,0.0,0.0
2026-04-08 18:27:23,29.7,59.1,5.6,53.9,0.0,0.0,0.0
2026-04-08 18:27:28,29.7,59.0,17.1,53.9,0.0,0.0,0.0
2026-04-08 18:27:33,29.9,59.0,31.9,53.9,0.0,0.0,0.0
2026-04-08 18:27:38,29.8,59.0,14.1,53.9,0.0,0.0,0.0
2026-04-08 18:27:43,29.8,59.0,26.2,54.0,0.0,0.0,0.0
2026-04-08 18:27:48,29.8,59.0,18.6,54.0,0.0,0.0,0.0
2026-04-08 18:27:53,29.9,59.1,14.0,53.9,0.0,0.0,0.0
2026-04-08 18:27:58,29.8,59.1,31.0,53.9,0.0,0.0,0.0
2026-04-08 18:28:03,29.9,59.0,15.1,53.9,0.0,0.0,0.0
2026-04-08 18:28:08,29.8,59.0,14.7,54.0,0.0,0.0,0.0
2026-04-08 18:28:13,29.7,59.0,20.0,54.0,0.0,0.0,0.0
2026-04-08 18:28:18,29.9,59.0,22.2,54.0,0.0,0.0,0.0
2026-04-08 18:28:23,29.9,58.9,23.3,54.0,0.0,0.0,0.0
2026-04-08 18:28:28,29.9,58.9,0.5,53.9,0.0,0.0,0.0
2026-04-08 18:28:33,29.8,59.0,11.1,53.9,0.0,0.0,0.0
2026-04-08 18:28:38,30.1,58.8,13.9,53.9,0.0,0.0,0.0
2026-04-08 18:28:43,29.8,58.8,13.8,53.9,0.0,0.0,0.0
2026-04-08 18:28:48,29.9,58.8,18.6,53.9,0.0,0.0,0.0
2026-04-08 18:28:53,29.7,58.8,7.2,53.9,0.0,0.0,0.0
2026-04-08 18:28:58,29.8,58.8,8.3,53.9,0.0,0.0,0.0
2026-04-08 18:29:03,29.9,58.7,9.4,53.9,0.0,0.0,0.0
2026-04-08 18:29:08,29.9,58.8,16.3,53.9,0.0,0.0,0.0
2026-04-08 18:29:13,30.0,58.9,0.0,53.9,0.0,0.0,0.0
2026-04-08 18:29:18,29.9,58.9,18.6,53.9,0.0,0.0,0.0
2026-04-08 18:29:23,29.9,59.1,19.7,53.9,0.0,0.0,0.0
2026-04-08 18:29:28,29.9,59.2,4.8,53.9,0.0,0.0,0.0
2026-04-08 18:29:33,29.9,59.3,23.7,53.9,0.0,0.0,0.0
2026-04-08 18:29:38,30.0,59.3,20.4,53.9,0.0,0.0,0.0
2026-04-08 18:29:43,29.9,59.3,26.0,53.9,0.0,0.0,0.0
2026-04-08 18:29:48,29.9,59.4,18.7,53.9,0.0,0.0,0.0
2026-04-08 18:29:53,29.9,59.3,10.4,53.9,0.0,0.0,0.0
2026-04-08 18:29:58,29.9,59.4,14.1,53.9,0.0,0.0,0.0
2026-04-08 18:30:03,30.0,59.4,3.7,53.9,0.0,0.0,0.0
2026-04-08 18:30:08,29.9,59.4,7.5,53.9,0.0,0.0,0.0
2026-04-08 18:30:13,29.9,59.5,0.0,53.9,0.0,0.0,0.0
2026-04-08 18:30:18,29.9,59.4,38.5,53.9,0.0,0.0,0.0
2026-04-08 18:30:23,29.8,59.5,12.4,53.9,0.0,0.0,0.0
2026-04-08 18:30:28,29.9,59.5,3.1,53.9,0.0,0.0,0.0
2026-04-08 18:30:33,30.0,59.6,10.1,53.9,0.0,0.0,0.0
2026-04-08 18:30:38,29.9,59.6,5.9,53.9,0.0,0.0,0.0
2026-04-08 18:30:43,29.9,59.6,17.1,53.9,0.0,0.0,0.0
2026-04-08 18:30:48,30.0,59.5,0.0,53.9,0.0,0.0,0.0
2026-04-08 18:30:53,30.0,59.6,20.4,53.9,0.0,0.0,0.0
2026-04-08 18:30:58,29.8,59.6,18.4,53.9,0.0,0.0,0.0
2026-04-08 18:31:03,29.9,59.6,16.5,53.9,0.0,0.0,0.0
2026-04-08 18:31:08,29.7,59.6,38.6,53.9,0.0,0.0,0.0
2026-04-08 18:31:13,29.9,59.6,33.4,53.9,0.0,0.0,0.0
2026-04-08 18:31:18,29.8,59.6,13.9,53.9,0.0,0.0,0.0
2026-04-08 18:31:23,29.8,59.6,34.4,53.9,0.0,0.0,0.0
2026-04-08 18:31:28,29.9,59.7,15.7,53.9,0.0,0.0,0.0
2026-04-08 18:31:33,29.8,59.6,0.0,53.9,0.0,0.0,0.0
2026-04-08 18:31:38,29.9,59.6,9.4,53.9,0.0,0.0,0.0
2026-04-08 18:31:43,29.9,59.6,35.1,53.9,0.0,0.0,0.0
2026-04-08 18:31:48,29.7,59.5,11.0,53.9,0.0,0.0,0.0
2026-04-08 18:31:53,29.9,59.5,24.5,53.9,0.0,0.0,0.0
2026-04-08 18:31:58,29.9,59.6,10.7,53.9,0.0,0.0,0.0
2026-04-08 18:32:03,30.0,59.4,20.1,53.9,0.0,0.0,0.0
2026-04-08 18:32:08,29.9,59.2,0.5,53.9,0.0,0.0,0.0
2026-04-08 18:32:13,29.7,59.2,9.3,53.9,0.0,0.0,0.0
2026-04-08 18:32:18,29.8,59.3,2.0,53.9,0.0,0.0,0.0
2026-04-08 18:32:23,29.9,59.1,0.0,53.9,0.0,0.0,0.0
2026-04-08 18:32:28,30.0,59.3,20.3,53.9,0.0,0.0,0.0
2026-04-08 18:32:33,29.9,59.2,17.7,53.9,0.0,0.0,0.0
2026-04-08 18:32:38,29.9,59.1,12.3,53.9,0.0,0.0,0.0
2026-04-08 18:32:43,29.8,59.3,0.3,53.9,0.0,0.0,0.0
2026-04-08 18:32:48,29.7,59.1,0.0,53.9,0.0,0.0,0.0
2026-04-08 18:32:53,29.8,59.2,20.3,53.9,0.0,0.0,0.0
2026-04-08 18:32:58,29.8,59.2,24.2,53.9,0.0,0.0,0.0
2026-04-08 18:33:03,30.0,59.2,4.6,53.9,0.0,0.0,0.0
2026-04-08 18:33:08,29.7,59.2,3.3,53.9,0.0,0.0,0.0
2026-04-08 18:33:13,29.9,59.2,0.0,53.9,0.0,0.0,0.0
2026-04-08 18:33:18,29.8,59.2,33.6,53.9,0.0,0.0,0.0
2026-04-08 18:33:23,29.9,59.2,11.1,53.9,0.0,0.0,0.0
2026-04-08 18:33:28,29.9,59.1,15.5,53.9,0.0,0.0,0.0
2026-04-08 18:33:33,29.8,59.2,23.2,53.9,0.0,0.0,0.0
2026-04-08 18:33:38,30.0,59.4,18.2,53.9,0.0,0.0,0.0
2026-04-08 18:33:43,29.7,59.6,13.1,53.9,0.0,0.0,0.0
2026-04-08 18:33:48,29.9,59.6,7.3,53.9,0.0,0.0,0.0
2026-04-08 18:33:53,29.8,59.6,18.2,53.9,0.0,0.0,0.0
2026-04-08 18:33:58,30.1,59.7,1.5,53.9,0.0,0.0,0.0
2026-04-08 18:34:03,30.0,59.6,25.1,53.9,0.0,0.0,0.0
2026-04-08 18:34:08,29.9,59.6,26.4,53.9,0.0,0.0,0.0
2026-04-08 18:34:13,29.9,59.5,23.9,53.9,0.0,0.0,0.0
2026-04-08 18:34:18,29.8,59.4,13.6,53.9,0.0,0.0,0.0
2026-04-08 18:34:23,29.9,59.4,3.5,53.9,0.0,0.0,0.0
2026-04-08 18:34:28,29.9,59.4,13.0,53.9,0.0,0.0,0.0
2026-04-08 18:34:33,30.0,59.4,14.0,53.9,0.0,0.0,0.0
2026-04-08 18:34:38,29.8,59.3,11.2,53.9,0.0,0.0,0.0
2026-04-08 18:34:43,30.0,59.4,25.8,53.9,0.0,0.0,0.0
2026-04-08 18:34:48,29.8,59.3,3.4,53.9,0.0,0.0,0.0
2026-04-08 18:34:53,29.9,59.2,12.1,53.9,0.0,0.0,0.0
2026-04-08 18:34:58,29.9,59.2,16.7,53.9,0.0,0.0,0.0
2026-04-08 18:35:03,29.9,59.3,9.3,53.9,0.0,0.0,0.0
2026-04-08 18:35:08,29.7,59.3,22.0,53.9,0.0,0.0,0.0
2026-04-08 18:35:13,29.9,59.4,30.5,53.9,0.0,0.0,0.0
2026-04-08 18:35:18,29.8,59.4,24.1,53.9,0.0,0.0,0.0
2026-04-08 18:35:23,29.9,59.4,25.9,53.9,0.0,0.0,0.0
2026-04-08 18:35:28,29.9,59.5,9.7,53.9,0.0,0.0,0.0
2026-04-08 18:35:33,29.8,59.7,12.5,53.9,0.0,0.0,0.0
2026-04-08 18:35:38,30.0,59.6,12.3,53.9,0.0,0.0,0.0
2026-04-08 18:35:43,30.0,59.6,0.0,53.9,0.0,0.0,0.0
2026-04-08 18:35:48,29.8,59.7,14.5,53.9,0.0,0.0,0.0
2026-04-08 18:35:53,30.1,59.6,18.5,53.9,0.0,0.0,0.0
2026-04-08 18:35:58,29.9,59.7,29.2,53.9,0.0,0.0,0.0
2026-04-08 18:36:03,29.9,59.7,18.1,53.9,0.0,0.0,0.0
2026-04-08 18:36:08,29.8,59.7,2.5,53.9,0.0,0.0,0.0
2026-04-08 18:36:13,29.9,59.7,8.2,53.9,0.0,0.0,0.0
2026-04-08 18:36:18,30.0,59.8,30.2,53.9,0.0,0.0,0.0
2026-04-08 18:36:23,29.9,59.8,36.6,53.8,0.0,0.0,0.0
2026-04-08 18:36:28,29.9,59.9,37.2,53.8,0.0,0.0,0.0
2026-04-08 18:36:33,29.8,59.7,17.9,53.9,0.0,0.0,0.0
2026-04-08 18:36:38,29.8,59.8,17.0,53.9,0.0,0.0,0.0
2026-04-08 18:36:43,30.0,59.8,25.2,53.9,0.0,0.0,0.0
2026-04-08 18:36:48,29.9,59.8,9.8,53.9,0.0,0.0,0.0
2026-04-08 18:36:53,30.0,59.9,0.0,53.9,0.0,0.0,0.0
2026-04-08 18:36:58,29.9,60.1,12.8,53.9,0.0,0.0,0.0
2026-04-08 18:37:03,30.0,60.2,6.6,53.9,0.0,0.0,0.0
2026-04-08 18:37:08,30.1,60.3,21.3,53.9,0.0,0.0,0.0
2026-04-08 18:37:13,30.0,60.2,20.6,53.9,0.0,0.0,0.0
2026-04-08 18:37:18,30.0,60.2,22.2,53.9,0.0,0.0,0.0
2026-04-08 18:37:23,30.0,60.1,17.5,53.9,0.0,0.0,0.0
2026-04-08 18:37:28,29.9,60.2,16.1,53.9,0.0,0.0,0.0
2026-04-08 18:37:33,30.1,60.2,14.2,53.9,0.0,0.0,0.0
2026-04-08 18:37:38,30.0,60.0,19.1,53.9,0.0,0.0,0.0
2026-04-08 18:37:43,30.0,60.1,4.3,53.9,0.0,0.0,0.0
2026-04-08 18:37:48,29.9,60.1,15.3,53.9,0.0,0.0,0.0
2026-04-08 18:37:53,29.9,60.1,16.7,53.9,0.0,0.0,0.0
2026-04-08 18:37:58,30.1,60.1,2.7,53.9,0.0,0.0,0.0
2026-04-08 18:38:03,29.8,60.0,31.4,53.9,0.0,0.0,0.0
2026-04-08 18:38:08,29.9,60.0,37.5,53.9,0.0,0.0,0.0
2026-04-08 18:38:13,30.0,59.9,14.5,53.9,0.0,0.0,0.0
2026-04-08 18:38:18,29.9,60.0,20.2,53.9,0.0,0.0,0.0
2026-04-08 18:38:23,29.9,59.9,18.5,53.9,0.0,0.0,0.0
2026-04-08 18:38:28,29.9,59.9,1.4,53.9,0.0,0.0,0.0
2026-04-08 18:38:33,29.8,59.9,23.1,53.9,0.0,0.0,0.0
2026-04-08 18:38:38,30.0,59.9,17.2,53.9,0.0,0.0,0.0
2026-04-08 18:38:43,29.9,59.8,18.9,53.9,0.0,0.0,0.0
2026-04-08 18:38:48,29.9,59.7,13.1,53.9,0.0,0.0,0.0
2026-04-08 18:38:53,29.9,59.6,19.2,53.9,0.0,0.0,0.0
2026-04-08 18:38:58,30.1,59.6,16.9,53.9,0.0,0.0,0.0
2026-04-08 18:39:03,29.9,59.6,32.1,53.9,0.0,0.0,0.0
2026-04-08 18:39:08,30.0,59.7,12.9,53.9,0.0,0.0,0.0
2026-04-08 18:39:13,29.7,59.5,12.1,53.9,0.0,0.0,0.0
2026-04-08 18:39:18,29.9,59.5,27.5,53.9,0.0,0.0,0.0
2026-04-08 18:39:23,29.9,59.5,6.1,53.9,0.0,0.0,0.0
2026-04-08 18:39:28,29.9,59.4,26.2,53.9,0.0,0.0,0.0
2026-04-08 18:39:33,29.9,59.4,5.1,53.9,0.0,0.0,0.0
2026-04-08 18:39:38,30.0,59.2,5.7,53.9,0.0,0.0,0.0
2026-04-08 18:39:43,29.8,59.0,22.6,53.9,0.0,0.0,0.0
2026-04-08 18:39:48,30.0,58.9,27.1,53.9,0.0,0.0,0.0
2026-04-08 18:39:53,29.9,59.0,16.1,53.9,0.0,0.0,0.0
2026-04-08 18:39:58,30.0,59.1,19.8,53.9,0.0,0.0,0.0
2026-04-08 18:40:03,29.8,59.1,14.0,53.9,0.0,0.0,0.0
2026-04-08 18:40:08,29.9,59.3,27.5,53.9,0.0,0.0,0.0
2026-04-08 18:40:13,29.9,59.3,4.9,53.9,0.0,0.0,0.0
2026-04-08 18:40:18,29.9,59.4,21.7,53.9,0.0,0.0,0.0
2026-04-08 18:40:23,29.9,59.4,5.9,53.9,0.0,0.0,0.0
2026-04-08 18:40:28,30.0,59.4,5.1,53.9,0.0,0.0,0.0
2026-04-08 18:40:33,29.9,59.5,9.7,53.9,0.0,0.0,0.0
2026-04-08 18:40:38,29.9,59.4,25.4,53.9,0.0,0.0,0.0
2026-04-08 18:40:43,30.0,59.3,7.3,53.9,0.0,0.0,0.0
2026-04-08 18:40:48,29.9,59.4,22.1,53.8,0.0,0.0,0.0
2026-04-08 18:40:53,30.0,59.4,4.5,53.8,0.0,0.0,0.0
2026-04-08 18:40:58,30.0,59.4,2.3,53.8,0.0,0.0,0.0
2026-04-08 18:41:03,29.9,59.2,22.7,53.8,0.0,0.0,0.0
2026-04-08 18:41:08,29.8,59.3,23.0,53.8,0.0,0.0,0.0
2026-04-08 18:41:13,29.9,59.2,15.2,53.9,0.0,0.0,0.0
2026-04-08 18:41:18,29.9,59.2,26.9,53.9,0.0,0.0,0.0
2026-04-08 18:41:23,29.9,59.1,14.9,53.9,0.0,0.0,0.0
2026-04-08 18:41:28,29.8,59.1,15.4,53.9,0.0,0.0,0.0
2026-04-08 18:41:33,29.8,59.2,3.3,53.9,0.0,0.0,0.0
2026-04-08 18:41:38,29.9,59.2,7.5,53.9,0.0,0.0,0.0
2026-04-08 18:41:43,29.8,59.3,12.1,53.9,0.0,0.0,0.0
2026-04-08 18:41:48,30.0,59.1,0.0,53.9,0.0,0.0,0.0
2026-04-08 18:41:53,29.9,59.2,4.7,53.9,0.0,0.0,0.0
2026-04-08 18:41:58,29.8,59.2,14.5,53.9,0.0,0.0,0.0
2026-04-08 18:42:03,29.9,59.3,26.8,53.9,0.0,0.0,0.0
2026-04-08 18:42:08,30.0,59.2,23.4,53.9,0.0,0.0,0.0
2026-04-08 18:42:13,30.0,59.3,11.2,53.9,0.0,0.0,0.0
2026-04-08 18:42:18,29.9,59.3,16.4,53.9,0.0,0.0,0.0
2026-04-08 18:42:23,29.9,59.2,5.1,53.9,0.0,0.0,0.0
2026-04-08 18:42:28,29.9,59.0,14.2,53.9,0.0,0.0,0.0
2026-04-08 18:42:33,29.9,59.0,8.8,53.9,0.0,0.0,0.0
2026-04-08 18:42:38,29.9,59.0,9.6,53.9,0.0,0.0,0.0
2026-04-08 18:42:43,29.9,59.0,15.4,53.9,0.0,0.0,0.0
2026-04-08 18:42:48,29.9,59.0,21.5,53.9,0.0,0.0,0.0
2026-04-08 18:42:53,29.8,59.1,17.2,53.9,0.0,0.0,0.0
2026-04-08 18:42:58,29.9,59.0,16.3,53.9,0.0,0.0,0.0
2026-04-08 18:43:03,29.8,59.0,17.1,53.9,0.0,0.0,0.0
2026-04-08 18:43:08,29.9,59.0,16.6,53.9,0.0,0.0,0.0
2026-04-08 18:43:13,29.9,58.9,12.7,53.9,0.0,0.0,0.0
2026-04-08 18:43:18,29.9,58.9,18.7,53.8,0.0,0.0,0.0
2026-04-08 18:43:23,29.9,58.9,17.0,53.8,0.0,0.0,0.0
2026-04-08 18:43:28,30.0,58.8,24.8,53.8,0.0,0.0,0.0
2026-04-08 18:43:33,29.9,58.9,11.0,53.9,0.0,0.0,0.0
2026-04-08 18:43:38,29.8,58.9,8.5,53.9,0.0,0.0,0.0
2026-04-08 18:43:43,29.9,58.9,21.7,53.9,0.0,0.0,0.0
2026-04-08 18:43:48,29.8,58.8,16.0,53.9,0.0,0.0,0.0
2026-04-08 18:43:53,29.9,58.7,29.4,53.9,0.0,0.0,0.0
2026-04-08 18:43:58,29.9,58.7,7.0,53.9,0.0,0.0,0.0
2026-04-08 18:44:03,29.9,58.8,13.7,53.9,0.0,0.0,0.0
2026-04-08 18:44:08,29.8,58.9,22.3,53.9,0.0,0.0,0.0
2026-04-08 18:44:13,29.8,59.1,19.5,53.9,0.0,0.0,0.0
2026-04-08 18:44:18,30.0,59.1,13.0,53.8,0.0,0.0,0.0
2026-04-08 18:44:23,29.9,59.2,22.4,53.8,0.0,0.0,0.0
2026-04-08 18:44:28,30.0,59.1,1.4,53.9,0.0,0.0,0.0
2026-04-08 18:44:33,29.9,59.3,12.0,53.9,0.0,0.0,0.0
2026-04-08 18:44:38,29.8,59.3,25.1,53.9,0.0,0.0,0.0
2026-04-08 18:44:43,29.8,59.2,18.1,53.9,0.0,0.0,0.0
2026-04-08 18:44:48,29.7,59.3,3.2,53.9,0.0,0.0,0.0
2026-04-08 18:44:53,29.8,59.5,17.2,53.9,0.0,0.0,0.0
2026-04-08 18:44:58,29.8,59.4,12.8,53.9,0.0,0.0,0.0
2026-04-08 18:45:03,29.8,59.5,29.4,53.9,0.0,0.0,0.0
2026-04-08 18:45:08,30.0,59.6,42.1,53.9,0.0,0.0,0.0
2026-04-08 18:45:13,29.8,59.6,3.9,53.9,0.0,0.0,0.0
2026-04-08 18:45:18,29.7,59.4,15.2,53.9,0.0,0.0,0.0
2026-04-08 18:45:23,30.1,59.3,18.2,53.9,0.0,0.0,0.0
2026-04-08 18:45:28,29.9,59.3,26.7,53.9,0.0,0.0,0.0
2026-04-08 18:45:33,29.8,59.3,23.4,53.9,0.0,0.0,0.0
2026-04-08 18:45:38,29.9,59.5,18.6,53.9,0.0,0.0,0.0
2026-04-08 18:45:43,30.0,59.3,18.7,53.9,0.0,0.0,0.0
2026-04-08 18:45:48,29.8,59.5,21.9,53.9,0.0,0.0,0.0
2026-04-08 18:45:53,29.9,59.4,23.1,53.9,0.0,0.0,0.0
2026-04-08 18:45:58,29.8,59.2,26.1,53.9,0.0,0.0,0.0
2026-04-08 18:46:03,29.8,59.2,9.7,53.9,0.0,0.0,0.0
2026-04-08 18:46:08,29.7,59.1,11.5,53.9,0.0,0.0,0.0
2026-04-08 18:46:13,29.8,59.0,16.7,53.8,0.0,0.0,0.0
2026-04-08 18:46:18,29.9,59.1,20.5,53.8,0.0,0.0,0.0
2026-04-08 18:46:23,29.8,59.0,12.4,53.8,0.0,0.0,0.0
2026-04-08 18:46:28,29.8,58.9,18.8,53.9,0.0,0.0,0.0
2026-04-08 18:46:33,29.7,58.8,1.1,53.9,0.0,0.0,0.0
2026-04-08 18:46:38,29.8,58.8,25.9,53.9,0.0,0.0,0.0
2026-04-08 18:46:43,29.8,58.9,26.8,53.9,0.0,0.0,0.0
2026-04-08 18:46:48,29.8,58.9,14.7,53.9,0.0,0.0,0.0
2026-04-08 18:46:53,29.8,59.0,15.0,53.9,0.0,0.0,0.0
2026-04-08 18:46:58,29.7,59.1,13.1,53.9,0.0,0.0,0.0
2026-04-08 18:47:03,29.9,59.0,20.7,53.9,0.0,0.0,0.0
2026-04-08 18:47:08,29.8,59.0,18.7,53.9,0.0,0.0,0.0
2026-04-08 18:47:13,29.8,59.1,0.0,53.9,0.0,0.0,0.0
2026-04-08 18:47:18,29.9,59.3,10.4,53.8,0.0,0.0,0.0
2026-04-08 18:47:23,29.9,59.4,12.4,53.8,0.0,0.0,0.0
2026-04-08 18:47:28,29.9,59.3,19.3,53.8,0.0,0.0,0.0
2026-04-08 18:47:33,29.9,59.2,3.2,53.9,0.0,0.0,0.0
2026-04-08 18:47:38,29.8,59.3,8.8,53.9,0.0,0.0,0.0
2026-04-08 18:47:43,29.8,59.3,30.5,53.9,0.0,0.0,0.0
2026-04-08 18:47:48,29.9,59.2,22.0,53.8,0.0,0.0,0.0
2026-04-08 18:47:53,29.9,59.2,9.9,53.8,0.0,0.0,0.0
2026-04-08 18:47:58,29.9,59.2,27.3,53.8,0.0,0.0,0.0
2026-04-08 18:48:03,29.9,59.2,22.8,53.9,0.0,0.0,0.0
2026-04-08 18:48:08,29.8,59.2,21.0,53.9,0.0,0.0,0.0
2026-04-08 18:48:13,29.8,59.2,23.4,53.9,0.0,0.0,0.0
2026-04-08 18:48:18,29.8,59.4,23.3,53.9,0.0,0.0,0.0
2026-04-08 18:48:23,29.8,59.3,24.1,53.9,0.0,0.0,0.0
2026-04-08 18:48:28,29.9,59.4,18.1,53.9,0.0,0.0,0.0
2026-04-08 18:48:33,29.9,59.5,7.8,53.9,0.0,0.0,0.0
2026-04-08 18:48:38,29.7,59.4,27.5,53.9,0.0,0.0,0.0
2026-04-08 18:48:43,30.0,59.4,11.2,53.9,0.0,0.0,0.0
2026-04-08 18:48:48,29.8,59.4,13.2,53.9,0.0,0.0,0.0
2026-04-08 18:48:53,29.8,59.5,23.1,53.9,0.0,0.0,0.0
2026-04-08 18:48:58,29.8,59.5,16.0,53.9,0.0,0.0,0.0
2026-04-08 18:49:03,29.8,59.5,7.9,53.9,0.0,0.0,0.0
2026-04-08 18:49:08,29.9,59.5,20.4,53.9,0.0,0.0,0.0
2026-04-08 18:49:13,29.9,59.5,14.6,53.9,0.0,0.0,0.0
2026-04-08 18:49:18,30.0,59.6,4.9,53.9,0.0,0.0,0.0
2026-04-08 18:49:23,30.0,59.5,12.9,53.9,0.0,0.0,0.0
2026-04-08 18:49:28,29.9,59.5,12.0,53.9,0.0,0.0,0.0
2026-04-08 18:49:33,29.9,59.5,16.9,53.9,0.0,0.0,0.0
2026-04-08 18:49:38,29.8,59.6,17.6,53.9,0.0,0.0,0.0
2026-04-08 18:49:43,29.9,59.6,0.0,53.9,0.0,0.0,0.0
2026-04-08 18:49:48,29.8,59.7,4.9,53.9,0.0,0.0,0.0
2026-04-08 18:49:53,29.8,59.7,9.5,53.9,0.0,0.0,0.0
2026-04-08 18:49:58,30.0,59.7,21.8,53.9,0.0,0.0,0.0
2026-04-08 18:50:03,29.8,59.7,19.9,53.9,0.0,0.0,0.0
2026-04-08 18:50:08,29.9,59.6,2.9,53.9,0.0,0.0,0.0
2026-04-08 18:50:13,29.9,59.5,0.0,53.9,0.0,0.0,0.0
2026-04-08 18:50:18,29.9,59.5,15.7,53.9,0.0,0.0,0.0
2026-04-08 18:50:23,29.9,59.4,10.9,53.9,0.0,0.0,0.0
2026-04-08 18:50:28,29.9,59.4,21.2,53.9,0.0,0.0,0.0
2026-04-08 18:50:33,29.8,59.5,6.2,53.9,0.0,0.0,0.0
2026-04-08 18:50:38,29.8,59.4,16.9,53.9,0.0,0.0,0.0
2026-04-08 18:50:43,30.0,59.5,20.6,53.8,0.0,0.0,0.0
2026-04-08 18:50:48,29.9,59.7,13.3,53.8,0.0,0.0,0.0
2026-04-08 18:50:53,29.9,59.6,9.7,53.9,0.0,0.0,0.0
2026-04-08 18:50:58,30.0,59.6,31.9,53.9,0.0,0.0,0.0
2026-04-08 18:51:03,29.9,59.6,19.3,53.9,0.0,0.0,0.0
2026-04-08 18:51:08,29.9,59.8,15.0,53.9,0.0,0.0,0.0
2026-04-08 18:51:13,29.9,59.7,17.0,53.9,0.0,0.0,0.0
2026-04-08 18:51:18,29.9,59.8,18.8,53.9,0.0,0.0,0.0
2026-04-08 18:51:23,29.9,59.7,26.3,53.9,0.0,0.0,0.0
2026-04-08 18:51:28,30.0,59.6,16.5,53.9,0.0,0.0,0.0
2026-04-08 18:51:33,30.0,59.6,13.7,53.9,0.0,0.0,0.0
2026-04-08 18:51:38,29.8,59.6,8.7,53.9,0.0,0.0,0.0
2026-04-08 18:51:43,29.8,59.6,1.8,53.8,0.0,0.0,0.0
2026-04-08 18:51:48,29.8,59.5,0.0,53.8,0.0,0.0,0.0
2026-04-08 18:51:53,29.9,59.4,19.6,53.8,0.0,0.0,0.0
2026-04-08 18:51:58,29.9,59.4,8.0,53.8,0.0,0.0,0.0
2026-04-08 18:52:03,30.1,59.5,25.7,53.8,0.0,0.0,0.0
2026-04-08 18:52:08,30.0,59.4,8.9,53.8,0.0,0.0,0.0
2026-04-08 18:52:13,29.8,59.4,13.1,53.9,0.0,0.0,0.0
2026-04-08 18:52:18,30.0,59.4,24.5,53.9,0.0,0.0,0.0
2026-04-08 18:52:23,30.0,59.4,24.8,53.8,0.0,0.0,0.0
2026-04-08 18:52:28,29.8,59.4,21.7,53.8,0.0,0.0,0.0
2026-04-08 18:52:33,29.9,59.7,24.5,53.9,0.0,0.0,0.0
2026-04-08 18:52:38,30.0,59.5,14.2,53.9,0.0,0.0,0.0
2026-04-08 18:52:43,30.0,59.5,21.5,53.9,0.0,0.0,0.0
2026-04-08 18:52:48,29.9,59.5,0.0,53.9,0.0,0.0,0.0
2026-04-08 18:52:53,29.8,59.4,2.4,53.9,0.0,0.0,0.0
2026-04-08 18:52:58,29.9,59.3,3.7,53.8,0.0,0.0,0.0
2026-04-08 18:53:03,30.0,59.4,30.1,53.8,0.0,0.0,0.0
2026-04-08 18:53:08,29.8,59.4,1.1,53.8,0.0,0.0,0.0
2026-04-08 18:53:13,29.9,59.4,22.4,53.8,0.0,0.0,0.0
2026-04-08 18:53:18,29.8,59.5,20.1,53.8,0.0,0.0,0.0
2026-04-08 18:53:23,30.0,59.4,17.7,53.8,0.0,0.0,0.0
2026-04-08 18:53:28,29.9,59.3,16.1,53.8,0.0,0.0,0.0
2026-04-08 18:53:33,29.8,59.1,4.2,53.8,0.0,0.0,0.0
2026-04-08 18:53:38,29.9,59.0,12.3,53.8,0.0,0.0,0.0
2026-04-08 18:53:43,30.0,58.9,12.5,53.8,0.0,0.0,0.0
2026-04-08 18:53:48,30.0,59.0,15.5,53.8,0.0,0.0,0.0
2026-04-08 18:53:53,29.8,59.0,9.3,53.8,0.0,0.0,0.0
2026-04-08 18:53:58,29.8,59.2,17.3,53.8,0.0,0.0,0.0
2026-04-08 18:54:03,30.0,59.2,12.6,53.8,0.0,0.0,0.0
2026-04-08 18:54:08,29.9,59.2,21.4,53.8,0.0,0.0,0.0
2026-04-08 18:54:13,29.9,59.3,22.4,53.8,0.0,0.0,0.0
2026-04-08 18:54:18,29.9,59.3,22.7,53.9,0.0,0.0,0.0
2026-04-08 18:54:23,30.0,59.4,19.9,53.9,0.0,0.0,0.0
2026-04-08 18:54:28,30.0,59.3,23.6,53.9,0.0,0.0,0.0
2026-04-08 18:54:33,30.0,59.4,19.3,53.8,0.0,0.0,0.0
2026-04-08 18:54:38,29.8,59.2,0.0,53.8,0.0,0.0,0.0
2026-04-08 18:54:43,29.8,59.3,13.7,53.8,0.0,0.0,0.0
2026-04-08 18:54:48,29.9,59.4,21.3,53.8,0.0,0.0,0.0
2026-04-08 18:54:53,30.0,59.4,15.8,53.8,0.0,0.0,0.0
2026-04-08 18:54:58,29.8,59.3,21.1,53.8,0.0,0.0,0.0
2026-04-08 18:55:03,30.0,59.3,12.8,53.8,0.0,0.0,0.0
2026-04-08 18:55:08,29.8,59.2,19.0,53.9,0.0,0.0,0.0
2026-04-08 18:55:13,29.9,59.3,15.8,53.9,0.0,0.0,0.0
2026-04-08 18:55:18,29.8,59.4,23.2,53.9,0.0,0.0,0.0
2026-04-08 18:55:23,29.8,59.5,25.1,53.9,0.0,0.0,0.0
2026-04-08 18:55:28,29.9,59.4,39.3,53.9,0.0,0.0,0.0
2026-04-08 18:55:33,29.8,59.4,21.2,53.9,0.0,0.0,0.0
2026-04-08 18:55:38,29.8,59.5,17.4,53.9,0.0,0.0,0.0
2026-04-08 18:55:43,29.7,59.5,15.8,53.9,0.0,0.0,0.0
2026-04-08 18:55:48,30.0,59.6,17.5,53.9,0.0,0.0,0.0
2026-04-08 18:55:53,29.8,59.6,6.0,53.9,0.0,0.0,0.0
2026-04-08 18:55:58,29.8,59.6,18.4,53.8,0.0,0.0,0.0
2026-04-08 18:56:03,29.8,59.5,20.0,53.8,0.0,0.0,0.0
2026-04-08 18:56:08,29.8,59.5,12.8,53.8,0.0,0.0,0.0
2026-04-08 18:56:13,29.8,59.4,15.3,53.8,0.0,0.0,0.0
2026-04-08 18:56:18,29.9,59.4,8.7,53.8,0.0,0.0,0.0
2026-04-08 18:56:23,29.8,59.4,17.5,53.8,0.0,0.0,0.0
2026-04-08 18:56:28,29.8,59.4,4.1,53.8,0.0,0.0,0.0
2026-04-08 18:56:33,29.8,59.6,0.0,53.8,0.0,0.0,0.0
2026-04-08 18:56:38,29.9,59.6,19.0,53.8,0.0,0.0,0.0
2026-04-08 18:56:43,30.0,59.6,9.4,53.8,0.0,0.0,0.0
2026-04-08 18:56:48,29.8,59.5,25.7,53.8,0.0,0.0,0.0
2026-04-08 18:56:53,29.8,59.5,25.2,53.8,0.0,0.0,0.0
2026-04-08 18:56:58,29.7,59.5,24.2,53.8,0.0,0.0,0.0
2026-04-08 18:57:03,29.9,59.5,12.9,53.8,0.0,0.0,0.0
2026-04-08 18:57:08,29.9,59.6,8.6,53.8,0.0,0.0,0.0
2026-04-08 18:57:13,30.0,59.5,19.2,53.8,0.0,0.0,0.0
2026-04-08 18:57:18,29.9,59.4,17.6,53.8,0.0,0.0,0.0
2026-04-08 18:57:23,29.8,59.4,15.9,53.8,0.0,0.0,0.0
2026-04-08 18:57:28,29.9,59.3,0.0,53.8,0.0,0.0,0.0
2026-04-08 18:57:33,30.0,59.3,3.0,53.8,0.0,0.0,0.0
2026-04-08 18:57:38,29.9,59.3,21.2,53.8,0.0,0.0,0.0
2026-04-08 18:57:43,30.0,59.5,11.7,53.8,0.0,0.0,0.0
2026-04-08 18:57:48,29.9,59.6,11.0,53.8,0.0,0.0,0.0
2026-04-08 18:57:53,29.9,59.6,6.6,53.8,0.0,0.0,0.0
2026-04-08 18:57:58,30.0,59.7,15.2,53.8,0.0,0.0,0.0
2026-04-08 18:58:03,30.1,59.8,14.7,53.8,0.0,0.0,0.0
2026-04-08 18:58:08,30.0,59.8,13.3,53.8,0.0,0.0,0.0
2026-04-08 18:58:13,29.9,59.7,18.6,53.8,0.0,0.0,0.0
2026-04-08 18:58:18,29.8,59.7,18.3,53.8,0.0,0.0,0.0
2026-04-08 18:58:23,30.0,59.8,20.6,53.8,0.0,0.0,0.0
2026-04-08 18:58:28,30.0,59.7,12.8,53.8,0.0,0.0,0.0
2026-04-08 18:58:33,30.0,59.6,17.0,53.8,0.0,0.0,0.0
2026-04-08 18:58:38,30.0,59.6,23.8,53.8,0.0,0.0,0.0
2026-04-08 18:58:43,30.1,59.8,14.5,53.8,0.0,0.0,0.0
2026-04-08 18:58:48,29.9,59.8,12.3,53.8,0.0,0.0,0.0
2026-04-08 18:58:53,30.0,60.0,15.8,53.8,0.0,0.0,0.0
2026-04-08 18:58:58,30.0,60.0,15.3,53.8,0.0,0.0,0.0
2026-04-08 18:59:03,29.8,59.8,20.4,53.8,0.0,0.0,0.0
2026-04-08 18:59:08,30.0,59.8,14.1,53.8,0.0,0.0,0.0
2026-04-08 18:59:13,29.9,59.9,22.7,53.8,0.0,0.0,0.0
2026-04-08 18:59:18,30.0,59.8,24.6,53.8,0.0,0.0,0.0
2026-04-08 18:59:23,29.9,59.8,6.7,53.9,0.0,0.0,0.0
2026-04-08 18:59:28,29.9,59.7,12.8,53.9,0.0,0.0,0.0
2026-04-08 18:59:33,30.0,59.7,18.4,53.8,0.0,0.0,0.0
2026-04-08 18:59:38,30.1,59.7,47.8,53.8,0.0,0.0,0.0
2026-04-08 18:59:43,30.0,59.8,0.0,53.8,0.0,0.0,0.0
2026-04-08 18:59:48,30.0,59.8,16.6,53.8,0.0,0.0,0.0
2026-04-08 18:59:53,29.9,59.7,29.6,53.8,0.0,0.0,0.0
2026-04-08 18:59:58,29.9,59.7,20.6,53.8,0.0,0.0,0.0
2026-04-08 19:00:03,30.0,59.7,32.2,53.8,0.0,0.0,0.0
2026-04-08 19:00:08,29.9,59.8,17.5,53.8,0.0,0.0,0.0
2026-04-08 19:00:13,30.0,59.8,4.8,53.8,0.0,0.0,0.0
2026-04-08 19:00:18,29.8,59.8,26.0,53.8,0.0,0.0,0.0
2026-04-08 19:00:23,29.9,59.8,11.7,53.8,0.0,0.0,0.0
2026-04-08 19:00:28,30.1,59.9,13.9,53.8,0.0,0.0,0.0
2026-04-08 19:00:33,29.9,59.9,20.1,53.8,0.0,0.0,0.0
2026-04-08 19:00:38,30.1,59.9,0.0,53.8,0.0,0.0,0.0
2026-04-08 19:00:43,30.1,59.8,17.9,53.8,0.0,0.0,0.0
2026-04-08 19:00:48,30.0,59.8,21.1,53.8,0.0,0.0,0.0
2026-04-08 19:00:53,30.0,59.7,6.5,53.8,0.0,0.0,0.0
2026-04-08 19:00:58,30.1,59.6,20.1,53.8,0.0,0.0,0.0
2026-04-08 19:01:03,30.0,59.5,11.8,53.8,0.0,0.0,0.0
2026-04-08 19:01:08,29.9,59.5,23.1,53.8,0.0,0.0,0.0
2026-04-08 19:01:13,30.0,59.4,28.0,53.8,0.0,0.0,0.0
2026-04-08 19:01:18,30.1,59.4,21.9,53.8,0.0,0.0,0.0
2026-04-08 19:01:23,30.1,59.3,28.2,53.8,0.0,0.0,0.0
2026-04-08 19:01:28,30.1,59.3,32.9,53.8,0.0,0.0,0.0
2026-04-08 19:01:33,29.9,59.2,22.0,53.8,0.0,0.0,0.0
2026-04-08 19:01:38,30.0,59.2,3.3,53.8,0.0,0.0,0.0
2026-04-08 19:01:43,29.9,59.1,3.6,53.8,0.0,0.0,0.0
2026-04-08 19:01:48,30.0,59.2,0.0,53.8,0.0,0.0,0.0
2026-04-08 19:01:53,30.1,59.2,12.2,53.8,0.0,0.0,0.0
2026-04-08 19:01:58,30.1,59.3,6.0,53.8,0.0,0.0,0.0
2026-04-08 19:02:03,30.1,59.3,16.0,53.8,0.0,0.0,0.0
2026-04-08 19:02:08,30.0,59.3,0.0,53.8,0.0,0.0,0.0
2026-04-08 19:02:13,30.0,59.3,1.8,53.8,0.0,0.0,0.0
2026-04-08 19:02:18,29.9,59.3,10.3,53.8,0.0,0.0,0.0
2026-04-08 19:02:23,30.0,59.3,31.4,53.8,0.0,0.0,0.0
2026-04-08 19:02:28,30.1,59.2,9.2,53.8,0.0,0.0,0.0
2026-04-08 19:02:33,30.0,59.3,21.8,53.8,0.0,0.0,0.0
2026-04-08 19:02:38,29.9,59.3,21.5,53.8,0.0,0.0,0.0
2026-04-08 19:02:43,29.9,59.3,2.1,53.8,0.0,0.0,0.0
2026-04-08 19:02:48,30.1,59.3,10.5,53.8,0.0,0.0,0.0
2026-04-08 19:02:53,30.0,59.2,17.9,53.8,0.0,0.0,0.0
2026-04-08 19:02:58,29.9,59.2,8.4,53.8,0.0,0.0,0.0
2026-04-08 19:03:03,29.9,59.3,38.6,53.8,0.0,0.0,0.0
2026-04-08 19:03:08,30.0,59.5,0.0,53.8,0.0,0.0,0.0
2026-04-08 19:03:13,29.9,59.5,21.0,53.8,0.0,0.0,0.0
2026-04-08 19:03:18,30.0,59.5,9.9,53.8,0.0,0.0,0.0
2026-04-08 19:03:23,30.0,59.4,22.4,53.8,0.0,0.0,0.0
2026-04-08 19:03:28,30.0,59.4,30.9,53.8,0.0,0.0,0.0
2026-04-08 19:03:33,29.9,59.4,13.7,53.8,0.0,0.0,0.0
2026-04-08 19:03:38,29.9,59.5,15.2,53.8,0.0,0.0,0.0
2026-04-08 19:03:43,30.0,59.6,7.7,53.8,0.0,0.0,0.0
2026-04-08 19:03:48,30.0,59.6,14.1,53.8,0.0,0.0,0.0
2026-04-08 19:03:53,30.0,59.8,8.6,53.8,0.0,0.0,0.0
2026-04-08 19:03:58,30.1,59.6,6.5,53.8,0.0,0.0,0.0
2026-04-08 19:04:03,29.8,59.7,1.0,53.8,0.0,0.0,0.0
2026-04-08 19:04:08,30.0,59.7,14.1,53.8,0.0,0.0,0.0
2026-04-08 19:04:13,30.0,59.6,5.5,53.8,0.0,0.0,0.0
2026-04-08 19:04:18,29.9,59.6,2.5,53.8,0.0,0.0,0.0
2026-04-08 19:04:23,30.0,59.6,1.6,53.8,0.0,0.0,0.0
2026-04-08 19:04:28,30.0,59.5,22.8,53.8,0.0,0.0,0.0
2026-04-08 19:04:33,29.9,59.7,11.7,53.8,0.0,0.0,0.0
2026-04-08 19:04:38,29.9,59.7,17.8,53.8,0.0,0.0,0.0
2026-04-08 19:04:43,30.1,59.5,16.9,53.8,0.0,0.0,0.0
2026-04-08 19:04:48,29.8,59.7,21.2,53.8,0.0,0.0,0.0
2026-04-08 19:04:53,30.0,59.7,16.6,53.8,0.0,0.0,0.0
2026-04-08 19:04:58,30.0,59.5,34.2,53.8,0.0,0.0,0.0
2026-04-08 19:05:03,30.0,59.5,7.8,53.8,0.0,0.0,0.0
2026-04-08 19:05:08,30.1,59.6,5.2,53.8,0.0,0.0,0.0
2026-04-08 19:05:13,30.0,59.6,3.8,53.8,0.0,0.0,0.0
2026-04-08 19:05:18,29.9,59.7,30.7,53.8,0.0,0.0,0.0
2026-04-08 19:05:23,30.0,59.7,6.3,53.8,0.0,0.0,0.0
2026-04-08 19:05:28,30.0,59.6,33.0,53.8,0.0,0.0,0.0
2026-04-08 19:05:33,30.1,59.5,11.3,53.8,0.0,0.0,0.0
2026-04-08 19:05:38,29.9,59.4,30.8,53.8,0.0,0.0,0.0
2026-04-08 19:05:43,30.0,59.3,26.4,53.8,0.0,0.0,0.0
2026-04-08 19:05:48,29.9,59.3,14.6,53.8,0.0,0.0,0.0
2026-04-08 19:05:53,29.9,59.2,17.2,53.8,0.0,0.0,0.0
2026-04-08 19:05:58,29.9,59.3,0.2,53.8,0.0,0.0,0.0
2026-04-08 19:06:03,30.0,59.3,6.9,53.8,0.0,0.0,0.0
2026-04-08 19:06:08,29.9,59.3,26.8,53.8,0.0,0.0,0.0
2026-04-08 19:06:13,30.0,59.3,8.5,53.8,0.0,0.0,0.0
2026-04-08 19:06:18,29.9,59.1,11.6,53.8,0.0,0.0,0.0
2026-04-08 19:06:23,30.1,59.2,17.1,53.8,0.0,0.0,0.0
2026-04-08 19:06:28,29.9,59.1,14.7,53.8,0.0,0.0,0.0
2026-04-08 19:06:33,30.1,59.1,13.4,53.8,0.0,0.0,0.0
2026-04-08 19:06:38,29.9,59.2,16.5,53.8,0.0,0.0,0.0
2026-04-08 19:06:43,29.9,59.2,8.7,53.8,0.0,0.0,0.0
2026-04-08 19:06:48,29.9,59.0,18.8,53.8,0.0,0.0,0.0
2026-04-08 19:06:53,29.9,59.0,31.8,53.8,0.0,0.0,0.0
2026-04-08 19:06:58,30.1,59.0,4.8,53.8,0.0,0.0,0.0
2026-04-08 19:07:03,29.9,59.1,0.0,53.8,0.0,0.0,0.0
2026-04-08 19:07:08,30.0,59.0,22.7,53.8,0.0,0.0,0.0
2026-04-08 19:07:13,29.9,59.2,22.9,53.8,0.0,0.0,0.0
2026-04-08 19:07:18,29.9,59.1,6.8,53.8,0.0,0.0,0.0
2026-04-08 19:07:23,29.9,59.0,26.6,53.8,0.0,0.0,0.0
2026-04-08 19:07:28,30.0,59.0,0.0,53.8,0.0,0.0,0.0
2026-04-08 19:07:33,29.8,59.0,12.1,53.8,0.0,0.0,0.0
2026-04-08 19:07:38,29.8,59.0,16.3,53.8,0.0,0.0,0.0
2026-04-08 19:07:43,30.0,59.0,5.5,53.8,0.0,0.0,0.0
2026-04-08 19:07:48,29.9,59.0,17.1,53.8,0.0,0.0,0.0
2026-04-08 19:07:53,29.9,58.9,28.8,53.8,0.0,0.0,0.0
2026-04-08 19:07:58,29.9,59.1,9.6,53.8,0.0,0.0,0.0
2026-04-08 19:08:03,30.1,59.1,2.4,53.8,0.0,0.0,0.0
2026-04-08 19:08:08,29.9,59.2,18.4,53.8,0.0,0.0,0.0
2026-04-08 19:08:13,29.8,59.3,7.3,53.8,0.0,0.0,0.0
2026-04-08 19:08:18,29.9,59.3,12.7,53.8,0.0,0.0,0.0
2026-04-08 19:08:23,30.0,59.4,8.7,53.8,0.0,0.0,0.0
2026-04-08 19:08:28,30.1,59.3,29.2,53.8,0.0,0.0,0.0
2026-04-08 19:08:33,29.8,59.2,16.4,53.8,0.0,0.0,0.0
2026-04-08 19:08:38,29.8,59.3,1.7,53.8,0.0,0.0,0.0
2026-04-08 19:08:43,29.9,59.4,10.1,53.8,0.0,0.0,0.0
2026-04-08 19:08:48,29.9,59.4,17.7,53.8,0.0,0.0,0.0
2026-04-08 19:08:53,29.8,59.3,6.7,53.8,0.0,0.0,0.0
2026-04-08 19:08:58,29.8,59.4,4.9,53.8,0.0,0.0,0.0
2026-04-08 19:09:03,29.9,59.4,13.2,53.8,0.0,0.0,0.0
2026-04-08 19:09:08,29.9,59.6,0.0,53.8,0.0,0.0,0.0
2026-04-08 19:09:13,30.0,59.6,33.0,53.8,0.0,0.0,0.0
2026-04-08 19:09:18,29.9,59.7,10.6,53.8,0.0,0.0,0.0
2026-04-08 19:09:23,29.8,59.8,8.8,53.8,0.0,0.0,0.0
2026-04-08 19:09:28,29.9,59.8,7.7,53.8,0.0,0.0,0.0
2026-04-08 19:09:33,30.0,59.8,15.7,53.8,0.0,0.0,0.0
2026-04-08 19:09:38,29.7,59.6,13.5,53.8,0.0,0.0,0.0
2026-04-08 19:09:43,29.9,59.6,15.7,53.8,0.0,0.0,0.0
2026-04-08 19:09:48,30.0,59.5,17.5,53.8,0.0,0.0,0.0
2026-04-08 19:09:53,29.7,59.6,18.6,53.8,0.0,0.0,0.0
2026-04-08 19:09:58,29.8,59.6,1.1,53.8,0.0,0.0,0.0
2026-04-08 19:10:03,29.8,59.5,21.0,53.8,0.0,0.0,0.0
2026-04-08 19:10:08,29.8,59.4,11.6,53.8,0.0,0.0,0.0
2026-04-08 19:10:13,29.8,59.4,20.1,53.8,0.0,0.0,0.0
2026-04-08 19:10:18,29.8,59.5,9.2,53.8,0.0,0.0,0.0
2026-04-08 19:10:23,29.8,59.4,11.1,53.8,0.0,0.0,0.0
2026-04-08 19:10:28,30.0,59.5,15.5,53.8,0.0,0.0,0.0
2026-04-08 19:10:33,29.9,59.4,20.6,53.8,0.0,0.0,0.0
2026-04-08 19:10:38,29.9,59.4,2.2,53.8,0.0,0.0,0.0
2026-04-08 19:10:43,29.8,59.4,0.0,53.8,0.0,0.0,0.0
2026-04-08 19:10:48,29.8,59.3,16.5,53.8,0.0,0.0,0.0
2026-04-08 19:10:53,29.8,59.3,15.4,53.8,0.0,0.0,0.0
2026-04-08 19:10:58,29.8,59.2,25.8,53.8,0.0,0.0,0.0
2026-04-08 19:11:03,29.8,59.3,0.0,53.8,0.0,0.0,0.0
2026-04-08 19:11:08,29.9,59.3,30.8,53.8,0.0,0.0,0.0
2026-04-08 19:11:13,29.7,59.4,16.2,53.8,0.0,0.0,0.0
2026-04-08 19:11:18,29.9,59.4,5.2,53.8,0.0,0.0,0.0
2026-04-08 19:11:23,29.8,59.5,8.9,53.8,0.0,0.0,0.0
2026-04-08 19:11:28,29.8,59.4,21.4,53.8,0.0,0.0,0.0
2026-04-08 19:11:33,29.8,59.3,9.7,53.8,0.0,0.0,0.0
2026-04-08 19:11:38,29.8,59.4,34.3,53.8,0.0,0.0,0.0
2026-04-08 19:11:43,29.9,59.3,18.5,53.8,0.0,0.0,0.0
2026-04-08 19:11:48,29.8,59.4,20.2,53.8,0.0,0.0,0.0
2026-04-08 19:11:53,29.7,59.4,26.0,53.8,0.0,0.0,0.0
2026-04-08 19:11:58,29.7,59.5,20.1,53.8,0.0,0.0,0.0
2026-04-08 19:12:03,29.9,59.4,27.4,53.9,0.0,0.0,0.0
2026-04-08 19:12:08,29.8,59.4,12.0,53.9,0.0,0.0,0.0
2026-04-08 19:12:13,30.0,59.3,13.3,53.9,0.0,0.0,0.0
2026-04-08 19:12:18,29.9,59.4,11.9,53.9,0.0,0.0,0.0
2026-04-08 19:12:23,29.9,59.5,17.7,53.9,0.0,0.0,0.0
2026-04-08 19:12:28,29.8,59.5,0.0,53.8,0.0,0.0,0.0
2026-04-08 19:12:33,29.9,59.5,10.4,53.8,0.0,0.0,0.0
2026-04-08 19:12:38,30.0,59.5,6.4,53.8,0.0,0.0,0.0
2026-04-08 19:12:43,29.8,59.4,16.1,53.8,0.0,0.0,0.0
2026-04-08 19:12:48,29.8,59.4,18.8,53.8,0.0,0.0,0.0
2026-04-08 19:12:53,30.0,59.4,19.7,53.8,0.0,0.0,0.0
2026-04-08 19:12:58,29.8,59.3,14.9,53.8,0.0,0.0,0.0
2026-04-08 19:13:03,29.9,59.2,12.0,53.8,0.0,0.0,0.0
2026-04-08 19:13:08,30.0,59.1,20.3,53.8,0.0,0.0,0.0
2026-04-08 19:13:13,29.8,59.2,,53.8,0.0,0.0,0.0
2026-04-08 19:13:18,29.9,59.2,11.1,53.8,0.0,0.0,0.0
2026-04-08 19:13:23,29.9,59.3,21.3,53.8,0.0,0.0,0.0
2026-04-08 19:13:28,29.9,59.5,17.5,53.8,0.0,0.0,0.0
2026-04-08 19:13:33,29.8,59.5,18.2,53.8,0.0,0.0,0.0
2026-04-08 19:13:38,29.8,59.5,18.6,53.8,0.0,0.0,0.0
2026-04-08 19:13:43,29.8,59.5,26.4,53.8,0.0,0.0,0.0
2026-04-08 19:13:48,30.0,59.5,26.2,53.8,0.0,0.0,0.0
2026-04-08 19:13:53,29.6,59.6,28.9,53.8,0.0,0.0,0.0
2026-04-08 19:13:58,29.8,59.6,15.8,53.8,0.0,0.0,0.0
2026-04-08 19:14:03,29.8,59.7,6.1,53.8,0.0,0.0,0.0
2026-04-08 19:14:08,29.9,59.7,27.4,53.8,0.0,0.0,0.0
2026-04-08 19:14:13,29.8,59.6,0.0,53.8,0.0,0.0,0.0
2026-04-08 19:14:18,29.9,59.6,7.9,53.7,0.0,0.0,0.0
2026-04-08 19:14:23,29.9,59.6,23.6,53.7,0.0,0.0,0.0
2026-04-08 19:14:28,30.0,59.6,22.6,53.8,0.0,0.0,0.0
2026-04-08 19:14:33,29.9,59.7,19.7,53.8,0.0,0.0,0.0
2026-04-08 19:14:38,29.8,59.6,2.9,53.8,0.0,0.0,0.0
2026-04-08 19:14:43,30.0,59.5,14.1,53.8,0.0,0.0,0.0
2026-04-08 19:14:48,29.8,59.5,11.7,53.8,0.0,0.0,0.0
2026-04-08 19:14:53,29.9,59.5,10.7,53.8,0.0,0.0,0.0
2026-04-08 19:14:58,30.1,59.4,0.0,53.8,0.0,0.0,0.0
2026-04-08 19:15:03,30.0,59.5,1.6,53.8,0.0,0.0,0.0
2026-04-08 19:15:08,29.8,59.5,14.7,53.8,0.0,0.0,0.0
2026-04-08 19:15:13,29.8,59.6,15.2,53.8,0.0,0.0,0.0
2026-04-08 19:15:18,29.9,59.6,12.0,53.8,0.0,0.0,0.0
2026-04-08 19:15:23,29.8,59.6,8.9,53.8,0.0,0.0,0.0
2026-04-08 19:15:28,30.0,59.6,12.6,53.8,0.0,0.0,0.0
2026-04-08 19:15:33,29.8,59.5,3.0,53.8,0.0,0.0,0.0
2026-04-08 19:15:38,29.8,59.5,16.3,53.8,0.0,0.0,0.0
2026-04-08 19:15:43,29.8,59.6,7.4,53.8,0.0,0.0,0.0
2026-04-08 19:15:48,29.8,59.5,10.2,53.8,0.0,0.0,0.0
2026-04-08 19:15:53,29.8,59.5,5.3,53.8,0.0,0.0,0.0
2026-04-08 19:15:58,29.8,59.6,21.5,53.8,0.0,0.0,0.0
2026-04-08 19:16:03,30.0,59.5,18.0,53.8,0.0,0.0,0.0
2026-04-08 19:16:08,29.8,59.5,22.4,53.8,0.0,0.0,0.0
2026-04-08 19:16:13,29.7,59.4,17.7,53.8,0.0,0.0,0.0
2026-04-08 19:16:18,29.9,59.4,18.9,53.8,0.0,0.0,0.0
2026-04-08 19:16:23,29.9,59.4,1.1,53.8,0.0,0.0,0.0
2026-04-08 19:16:28,29.7,59.2,28.8,53.8,0.0,0.0,0.0
2026-04-08 19:16:33,29.9,59.3,13.0,53.8,0.0,0.0,0.0
2026-04-08 19:16:38,29.9,59.4,19.8,53.8,0.0,0.0,0.0
2026-04-08 19:16:43,29.8,59.4,1.2,53.8,0.0,0.0,0.0
2026-04-08 19:16:48,29.9,59.5,29.2,53.8,0.0,0.0,0.0
2026-04-08 19:16:53,29.8,59.5,0.0,53.8,0.0,0.0,0.0
2026-04-08 19:16:58,29.9,59.4,22.7,53.8,0.0,0.0,0.0
2026-04-08 19:17:03,29.8,59.5,12.9,53.8,0.0,0.0,0.0
2026-04-08 19:17:08,29.8,59.4,28.0,53.8,0.0,0.0,0.0
2026-04-08 19:17:13,29.8,59.4,14.0,53.8,0.0,0.0,0.0
2026-04-08 19:17:18,29.9,59.4,10.5,53.8,0.0,0.0,0.0
2026-04-08 19:17:23,29.7,59.3,26.4,53.8,0.0,0.0,0.0
2026-04-08 19:17:28,29.8,59.3,0.0,53.8,0.0,0.0,0.0
2026-04-08 19:17:33,29.8,59.3,10.0,53.8,0.0,0.0,0.0
2026-04-08 19:17:38,29.9,59.3,3.9,53.8,0.0,0.0,0.0
2026-04-08 19:17:43,29.7,59.4,3.4,53.8,0.0,0.0,0.0
2026-04-08 19:17:48,29.8,59.4,29.3,53.8,0.0,0.0,0.0
2026-04-08 19:17:53,29.7,59.4,19.1,53.8,0.0,0.0,0.0
2026-04-08 19:17:58,29.9,59.4,6.2,53.8,0.0,0.0,0.0
2026-04-08 19:18:03,29.6,59.3,8.3,53.8,0.0,0.0,0.0
2026-04-08 19:18:08,29.6,59.3,2.8,53.8,0.0,0.0,0.0
2026-04-08 19:18:13,29.8,59.3,4.6,53.8,0.0,0.0,0.0
2026-04-08 19:18:18,29.7,59.3,18.3,53.8,0.0,0.0,0.0
2026-04-08 19:18:23,29.9,59.2,0.0,53.8,0.0,0.0,0.0
2026-04-08 19:18:28,29.8,59.3,27.9,53.8,0.0,0.0,0.0
2026-04-08 19:18:33,29.8,59.2,22.7,53.8,0.0,0.0,0.0
2026-04-08 19:18:38,29.9,59.2,13.6,53.8,0.0,0.0,0.0
2026-04-08 19:18:43,29.7,59.3,21.8,53.8,0.0,0.0,0.0
2026-04-08 19:18:48,29.6,59.4,5.7,53.7,0.0,0.0,0.0
2026-04-08 19:18:53,29.9,59.4,0.3,53.7,0.0,0.0,0.0
2026-04-08 19:18:58,29.6,59.4,24.0,53.8,0.0,0.0,0.0
2026-04-08 19:19:03,29.8,59.5,16.9,53.8,0.0,0.0,0.0
2026-04-08 19:19:08,29.8,59.7,18.7,53.8,0.0,0.0,0.0
2026-04-08 19:19:13,29.9,59.7,18.2,53.8,0.0,0.0,0.0
2026-04-08 19:19:18,29.9,59.8,21.3,53.8,0.0,0.0,0.0
2026-04-08 19:19:23,29.7,59.7,25.2,53.8,0.0,0.0,0.0
2026-04-08 19:19:28,29.8,59.7,20.9,53.8,0.0,0.0,0.0
2026-04-08 19:19:33,29.9,59.7,31.8,53.8,0.0,0.0,0.0
2026-04-08 19:19:38,29.9,59.4,0.0,53.8,0.0,0.0,0.0
2026-04-08 19:19:43,29.6,59.6,29.9,53.8,0.0,0.0,0.0
2026-04-08 19:19:48,29.7,59.5,0.0,53.8,0.0,0.0,0.0
2026-04-08 19:19:53,29.7,59.5,19.2,53.8,0.0,0.0,0.0
2026-04-08 19:19:58,29.8,59.6,9.2,53.7,0.0,0.0,0.0
2026-04-08 19:20:03,29.9,59.6,2.0,53.7,0.0,0.0,0.0
2026-04-08 19:20:08,29.8,59.6,29.8,53.8,0.0,0.0,0.0
2026-04-08 19:20:13,29.7,59.7,4.1,53.8,0.0,0.0,0.0
2026-04-08 19:20:18,29.7,59.7,14.6,53.8,0.0,0.0,0.0
2026-04-08 19:20:23,29.7,59.7,25.8,53.8,0.0,0.0,0.0
2026-04-08 19:20:28,29.7,59.6,10.3,53.8,0.0,0.0,0.0
2026-04-08 19:20:33,29.7,59.5,9.0,53.8,0.0,0.0,0.0
2026-04-08 19:20:38,29.8,59.5,15.8,53.8,0.0,0.0,0.0
2026-04-08 19:20:43,29.8,59.4,19.1,53.8,0.0,0.0,0.0
2026-04-08 19:20:48,29.8,59.4,17.4,53.8,0.0,0.0,0.0
2026-04-08 19:20:53,29.9,59.4,4.5,53.8,0.0,0.0,0.0
2026-04-08 19:20:58,29.6,59.5,10.6,53.8,0.0,0.0,0.0
2026-04-08 19:21:03,29.8,59.4,28.9,53.8,0.0,0.0,0.0
2026-04-08 19:21:08,29.8,59.3,14.9,53.8,0.0,0.0,0.0
2026-04-08 19:21:13,29.9,59.4,30.0,53.8,0.0,0.0,0.0
2026-04-08 19:21:18,29.9,59.4,10.5,53.8,0.0,0.0,0.0
2026-04-08 19:21:23,29.8,59.4,22.1,53.8,0.0,0.0,0.0
2026-04-08 19:21:28,29.7,59.5,14.5,53.8,0.0,0.0,0.0
2026-04-08 19:21:33,29.9,59.3,11.0,53.8,0.0,0.0,0.0
2026-04-08 19:21:38,29.8,59.3,15.4,53.8,0.0,0.0,0.0
2026-04-08 19:21:43,29.8,59.4,17.9,53.8,0.0,0.0,0.0
2026-04-08 19:21:48,29.9,59.3,15.1,53.8,0.0,0.0,0.0
2026-04-08 19:21:53,29.8,59.2,11.1,53.8,0.0,0.0,0.0
2026-04-08 19:21:58,29.7,59.2,16.5,53.8,0.0,0.0,0.0
2026-04-08 19:22:03,30.0,59.2,26.4,53.7,0.0,0.0,0.0
2026-04-08 19:22:08,29.7,59.1,19.9,53.7,0.0,0.0,0.0
2026-04-08 19:22:13,29.7,59.1,4.3,53.8,0.0,0.0,0.0
2026-04-08 19:22:18,29.9,59.2,19.2,53.8,0.0,0.0,0.0
2026-04-08 19:22:23,29.8,59.2,36.0,53.8,0.0,0.0,0.0
2026-04-08 19:22:28,30.0,59.1,0.0,53.7,0.0,0.0,0.0
2026-04-08 19:22:33,29.8,59.1,18.2,53.7,0.0,0.0,0.0
2026-04-08 19:22:38,29.7,59.1,19.5,53.7,0.0,0.0,0.0
2026-04-08 19:22:43,29.7,59.0,0.0,53.7,0.0,0.0,0.0
2026-04-08 19:22:48,29.8,58.9,12.9,53.7,0.0,0.0,0.0
2026-04-08 19:22:53,29.9,58.8,10.5,53.7,0.0,0.0,0.0
2026-04-08 19:22:58,29.9,58.8,9.7,53.7,0.0,0.0,0.0
2026-04-08 19:23:03,29.9,58.9,20.1,53.8,0.0,0.0,0.0
2026-04-08 19:23:08,29.8,58.8,28.2,53.8,0.0,0.0,0.0
2026-04-08 19:23:13,29.8,58.9,11.7,53.8,0.0,0.0,0.0
2026-04-08 19:23:18,29.6,59.0,11.6,53.7,0.0,0.0,0.0
2026-04-08 19:23:23,29.8,58.9,2.0,53.7,0.0,0.0,0.0
2026-04-08 19:23:28,29.8,58.9,2.3,53.7,0.0,0.0,0.0
2026-04-08 19:23:33,29.7,58.9,28.0,53.7,0.0,0.0,0.0
2026-04-08 19:23:38,29.8,58.8,19.5,53.7,0.0,0.0,0.0
2026-04-08 19:23:43,29.8,58.9,15.4,53.7,0.0,0.0,0.0
2026-04-08 19:23:48,29.7,59.1,2.7,53.7,0.0,0.0,0.0
2026-04-08 19:23:53,29.8,59.1,18.1,53.7,0.0,0.0,0.0
2026-04-08 19:23:58,29.9,59.2,16.8,53.7,0.0,0.0,0.0
2026-04-08 19:24:03,29.9,59.2,15.4,53.7,0.0,0.0,0.0
2026-04-08 19:24:08,29.8,59.2,17.7,53.7,0.0,0.0,0.0
2026-04-08 19:24:13,29.8,59.2,31.8,53.7,0.0,0.0,0.0
2026-04-08 19:24:18,29.8,59.3,14.0,53.7,0.0,0.0,0.0
2026-04-08 19:24:23,29.8,59.3,31.6,53.7,0.0,0.0,0.0
2026-04-08 19:24:28,29.8,59.2,18.9,53.7,0.0,0.0,0.0
2026-04-08 19:24:33,29.8,59.2,18.9,53.7,0.0,0.0,0.0
2026-04-08 19:24:38,29.8,59.0,26.7,53.8,0.0,0.0,0.0
2026-04-08 19:24:43,29.8,59.1,29.2,53.8,0.0,0.0,0.0
2026-04-08 19:24:48,29.7,59.1,10.5,53.7,0.0,0.0,0.0
2026-04-08 19:24:53,29.9,59.2,0.0,53.7,0.0,0.0,0.0
2026-04-08 19:24:58,29.9,59.3,23.9,53.7,0.0,0.0,0.0
2026-04-08 19:25:03,29.9,59.4,9.6,53.7,0.0,0.0,0.0
2026-04-08 19:25:08,29.8,59.4,10.0,53.8,0.0,0.0,0.0
2026-04-08 19:25:13,29.8,59.5,21.6,53.8,0.0,0.0,0.0
2026-04-08 19:25:18,29.7,59.4,17.5,53.8,0.0,0.0,0.0
2026-04-08 19:25:23,29.8,59.5,0.7,53.8,0.0,0.0,0.0
2026-04-08 19:25:28,29.8,59.3,16.1,53.8,0.0,0.0,0.0
2026-04-08 19:25:33,30.0,59.3,12.8,53.8,0.0,0.0,0.0
2026-04-08 19:25:38,29.8,59.2,30.6,53.8,0.0,0.0,0.0
2026-04-08 19:25:43,29.9,59.1,23.4,53.7,0.0,0.0,0.0
2026-04-08 19:25:48,29.9,59.2,0.0,53.7,0.0,0.0,0.0
2026-04-08 19:25:53,29.9,59.4,22.4,53.7,0.0,0.0,0.0
2026-04-08 19:25:58,29.8,59.3,25.8,53.7,0.0,0.0,0.0
2026-04-08 19:26:03,29.8,59.4,28.3,53.7,0.0,0.0,0.0
2026-04-08 19:26:08,29.9,59.3,12.1,53.7,0.0,0.0,0.0
2026-04-08 19:26:13,29.8,59.3,11.3,53.7,0.0,0.0,0.0
2026-04-08 19:26:18,29.8,59.3,16.6,53.7,0.0,0.0,0.0
2026-04-08 19:26:23,29.8,59.3,23.3,53.7,0.0,0.0,0.0
2026-04-08 19:26:28,29.8,59.3,8.0,53.7,0.0,0.0,0.0
2026-04-08 19:26:33,29.9,59.1,17.0,53.7,0.0,0.0,0.0
2026-04-08 19:26:38,29.8,59.1,0.9,53.7,0.0,0.0,0.0
2026-04-08 19:26:43,29.9,59.2,1.7,53.7,0.0,0.0,0.0
2026-04-08 19:26:48,29.9,59.2,22.7,53.7,0.0,0.0,0.0
2026-04-08 19:26:53,30.0,59.2,4.0,53.7,0.0,0.0,0.0
2026-04-08 19:26:58,30.0,59.3,9.1,53.7,0.0,0.0,0.0
2026-04-08 19:27:03,29.9,59.1,17.6,53.7,0.0,0.0,0.0
2026-04-08 19:27:08,29.9,59.1,23.1,53.7,0.0,0.0,0.0
2026-04-08 19:27:13,29.9,59.1,9.0,53.7,0.0,0.0,0.0
2026-04-08 19:27:18,29.9,59.2,30.3,53.7,0.0,0.0,0.0
2026-04-08 19:27:23,29.8,59.0,13.7,53.7,0.0,0.0,0.0
2026-04-08 19:27:28,29.8,59.1,13.5,53.7,0.0,0.0,0.0
2026-04-08 19:27:33,29.9,59.0,9.0,53.7,0.0,0.0,0.0
2026-04-08 19:27:38,29.9,58.9,9.8,53.7,0.0,0.0,0.0
2026-04-08 19:27:43,29.9,59.0,5.9,53.7,0.0,0.0,0.0
2026-04-08 19:27:48,30.0,59.1,16.1,53.7,0.0,0.0,0.0
2026-04-08 19:27:53,29.9,59.2,6.5,53.7,0.0,0.0,0.0
2026-04-08 19:27:58,29.9,59.2,25.9,53.7,0.0,0.0,0.0
2026-04-08 19:28:03,29.9,59.2,29.6,53.7,0.0,0.0,0.0
2026-04-08 19:28:08,29.8,59.3,7.7,53.7,0.0,0.0,0.0
2026-04-08 19:28:13,29.9,59.1,20.1,53.7,0.0,0.0,0.0
2026-04-08 19:28:18,29.9,59.2,12.3,53.7,0.0,0.0,0.0
2026-04-08 19:28:23,29.8,58.9,0.0,53.7,0.0,0.0,0.0
2026-04-08 19:28:28,29.8,59.0,17.6,53.7,0.0,0.0,0.0
2026-04-08 19:28:33,29.8,59.2,1.2,53.7,0.0,0.0,0.0
2026-04-08 19:28:38,29.8,59.4,18.0,53.7,0.0,0.0,0.0
2026-04-08 19:28:43,30.0,59.3,14.9,53.7,0.0,0.0,0.0
2026-04-08 19:28:48,30.0,59.4,20.1,53.7,0.0,0.0,0.0
2026-04-08 19:28:53,29.9,59.5,13.8,53.7,0.0,0.0,0.0
2026-04-08 19:28:58,29.9,59.5,10.8,53.7,0.0,0.0,0.0
2026-04-08 19:29:03,29.8,59.7,10.0,53.7,0.0,0.0,0.0
2026-04-08 19:29:08,29.8,59.6,27.1,53.7,0.0,0.0,0.0
2026-04-08 19:29:13,30.0,59.6,12.5,53.7,0.0,0.0,0.0
2026-04-08 19:29:18,29.9,59.5,18.5,53.7,0.0,0.0,0.0
2026-04-08 19:29:23,29.9,59.5,22.1,53.7,0.0,0.0,0.0
2026-04-08 19:29:28,30.0,59.5,0.0,53.7,0.0,0.0,0.0
2026-04-08 19:29:33,29.8,59.4,2.1,53.7,0.0,0.0,0.0
2026-04-08 19:29:38,29.8,59.4,32.9,53.7,0.0,0.0,0.0
2026-04-08 19:29:43,30.0,59.4,26.7,53.7,0.0,0.0,0.0
2026-04-08 19:29:48,29.9,59.4,25.7,53.7,0.0,0.0,0.0
2026-04-08 19:29:53,29.8,59.3,15.4,53.7,0.0,0.0,0.0
2026-04-08 19:29:58,29.7,59.3,15.1,53.7,0.0,0.0,0.0
2026-04-08 19:30:03,30.0,59.3,0.0,53.7,0.0,0.0,0.0
2026-04-08 19:30:08,29.7,59.3,13.4,53.7,0.0,0.0,0.0
2026-04-08 19:30:13,30.0,59.2,15.1,53.7,0.0,0.0,0.0
2026-04-08 19:30:18,29.8,59.3,27.0,53.7,0.0,0.0,0.0
2026-04-08 19:30:23,29.9,59.2,15.3,53.8,0.0,0.0,0.0
2026-04-08 19:30:28,30.0,59.3,22.4,53.8,0.0,0.0,0.0
2026-04-08 19:30:33,29.9,59.2,12.9,53.8,0.0,0.0,0.0
2026-04-08 19:30:38,29.8,59.3,12.1,53.7,0.0,0.0,0.0
2026-04-08 19:30:43,29.9,59.2,11.7,53.7,0.0,0.0,0.0
2026-04-08 19:30:48,29.8,59.2,23.7,53.7,0.0,0.0,0.0
2026-04-08 19:30:53,29.9,59.2,12.9,53.7,0.0,0.0,0.0
2026-04-08 19:30:58,29.8,59.2,0.0,53.7,0.0,0.0,0.0
2026-04-08 19:31:03,30.0,59.2,13.1,53.7,0.0,0.0,0.0
2026-04-08 19:31:08,30.0,59.2,5.0,53.7,0.0,0.0,0.0
2026-04-08 19:31:13,29.9,59.2,2.2,53.7,0.0,0.0,0.0
2026-04-08 19:31:18,29.8,59.3,10.9,53.7,0.0,0.0,0.0
2026-04-08 19:31:23,29.9,59.5,15.9,53.7,0.0,0.0,0.0
2026-04-08 19:31:28,29.9,59.7,27.5,53.7,0.0,0.0,0.0
2026-04-08 19:31:33,29.8,59.6,12.8,53.7,0.0,0.0,0.0
2026-04-08 19:31:38,29.8,59.6,22.6,53.7,0.0,0.0,0.0
2026-04-08 19:31:43,30.0,59.7,20.8,53.7,0.0,0.0,0.0
2026-04-08 19:31:48,29.9,59.7,11.0,53.7,0.0,0.0,0.0
2026-04-08 19:31:53,29.7,59.7,18.9,53.7,0.0,0.0,0.0
2026-04-08 19:31:58,29.9,59.7,18.3,53.7,0.0,0.0,0.0
2026-04-08 19:32:03,29.9,59.7,10.6,53.7,0.0,0.0,0.0
2026-04-08 19:32:08,29.9,59.7,21.2,53.7,0.0,0.0,0.0
2026-04-08 19:32:13,29.9,59.7,6.0,53.7,0.0,0.0,0.0
2026-04-08 19:32:18,30.0,59.6,12.2,53.7,0.0,0.0,0.0
2026-04-08 19:32:23,30.0,59.7,25.5,53.7,0.0,0.0,0.0
2026-04-08 19:32:28,29.9,59.7,10.6,53.7,0.0,0.0,0.0
2026-04-08 19:32:33,30.0,59.7,12.0,53.7,0.0,0.0,0.0
2026-04-08 19:32:38,29.8,59.7,17.6,53.7,0.0,0.0,0.0
2026-04-08 19:32:43,30.1,59.7,2.5,53.7,0.0,0.0,0.0
2026-04-08 19:32:48,29.8,59.6,9.4,53.7,0.0,0.0,0.0
2026-04-08 19:32:53,29.8,59.7,15.0,53.7,0.0,0.0,0.0
2026-04-08 19:32:58,30.0,59.6,34.9,53.7,0.0,0.0,0.0
2026-04-08 19:33:03,29.7,59.7,34.8,53.7,0.0,0.0,0.0
2026-04-08 19:33:08,30.0,59.8,0.0,53.7,0.0,0.0,0.0
2026-04-08 19:33:13,30.0,59.7,24.0,53.7,0.0,0.0,0.0
2026-04-08 19:33:18,29.8,59.8,2.3,53.7,0.0,0.0,0.0
2026-04-08 19:33:23,29.9,59.7,23.5,53.7,0.0,0.0,0.0
2026-04-08 19:33:28,29.9,59.7,15.6,53.7,0.0,0.0,0.0
2026-04-08 19:33:33,29.9,59.6,13.3,53.7,0.0,0.0,0.0
2026-04-08 19:33:38,29.9,59.6,0.5,53.7,0.0,0.0,0.0
2026-04-08 19:33:43,30.0,59.7,4.8,53.7,0.0,0.0,0.0
2026-04-08 19:33:48,30.0,59.7,24.3,53.7,0.0,0.0,0.0
2026-04-08 19:33:53,30.1,59.9,11.4,53.7,0.0,0.0,0.0
2026-04-08 19:33:58,29.8,59.8,27.3,53.7,0.0,0.0,0.0
2026-04-08 19:34:03,30.0,59.8,34.8,53.7,0.0,0.0,0.0
2026-04-08 19:34:08,30.1,59.9,33.6,53.7,0.0,0.0,0.0
2026-04-08 19:34:13,30.0,60.0,31.1,53.7,0.0,0.0,0.0
2026-04-08 19:34:18,29.9,60.0,20.9,53.7,0.0,0.0,0.0
2026-04-08 19:34:23,30.1,60.0,27.0,53.7,0.0,0.0,0.0
2026-04-08 19:34:28,30.0,59.9,15.7,53.7,0.0,0.0,0.0
2026-04-08 19:34:33,30.0,59.8,32.7,53.7,0.0,0.0,0.0
2026-04-08 19:34:38,29.9,59.8,10.8,53.7,0.0,0.0,0.0
2026-04-08 19:34:43,30.0,59.8,10.5,53.7,0.0,0.0,0.0
2026-04-08 19:34:48,30.1,59.7,3.0,53.7,0.0,0.0,0.0
2026-04-08 19:34:53,30.0,59.8,24.6,53.7,0.0,0.0,0.0
2026-04-08 19:34:58,29.9,59.8,27.2,53.7,0.0,0.0,0.0
2026-04-08 19:35:03,30.0,59.8,11.7,53.7,0.0,0.0,0.0
2026-04-08 19:35:08,30.0,59.5,21.0,53.7,0.0,0.0,0.0
2026-04-08 19:35:13,29.9,59.3,11.2,53.7,0.0,0.0,0.0
2026-04-08 19:35:18,29.9,59.3,19.0,53.7,0.0,0.0,0.0
2026-04-08 19:35:23,29.9,59.3,11.5,53.7,0.0,0.0,0.0
2026-04-08 19:35:28,29.9,59.3,26.0,53.7,0.0,0.0,0.0
2026-04-08 19:35:33,30.0,59.2,20.3,53.7,0.0,0.0,0.0
2026-04-08 19:35:38,29.9,59.3,12.3,53.7,0.0,0.0,0.0
2026-04-08 19:35:43,30.1,59.3,20.5,53.7,0.0,0.0,0.0
2026-04-08 19:35:48,30.1,59.2,14.3,53.6,0.0,0.0,0.0
2026-04-08 19:35:53,29.9,59.2,20.5,53.6,0.0,0.0,0.0
2026-04-08 19:35:58,30.1,59.3,0.0,53.7,0.0,0.0,0.0
2026-04-08 19:36:03,30.0,59.2,23.6,53.7,0.0,0.0,0.0
2026-04-08 19:36:08,30.0,59.2,27.2,53.6,0.0,0.0,0.0
2026-04-08 19:36:13,30.0,59.1,11.0,53.6,0.0,0.0,0.0
2026-04-08 19:36:18,30.0,59.2,33.0,53.6,0.0,0.0,0.0
2026-04-08 19:36:23,30.0,59.2,10.9,53.6,0.0,0.0,0.0
2026-04-08 19:36:28,29.8,59.2,19.8,53.7,0.0,0.0,0.0
2026-04-08 19:36:33,29.8,59.2,14.2,53.7,0.0,0.0,0.0
2026-04-08 19:36:38,29.8,59.3,3.8,53.6,0.0,0.0,0.0
2026-04-08 19:36:43,29.8,59.2,11.8,53.6,0.0,0.0,0.0
2026-04-08 19:36:48,29.9,59.2,20.5,53.6,0.0,0.0,0.0
2026-04-08 19:36:53,29.8,59.3,1.2,53.6,0.0,0.0,0.0
2026-04-08 19:36:58,30.0,59.2,26.7,53.7,0.0,0.0,0.0
2026-04-08 19:37:03,30.2,59.3,19.3,53.7,0.0,0.0,0.0
2026-04-08 19:37:08,29.9,59.4,0.0,53.7,0.0,0.0,0.0
2026-04-08 19:37:13,30.0,59.3,0.0,53.7,0.0,0.0,0.0
2026-04-08 19:37:18,30.0,59.3,0.2,53.7,0.0,0.0,0.0
2026-04-08 19:37:23,29.8,59.3,16.2,53.7,0.0,0.0,0.0
2026-04-08 19:37:28,29.8,59.2,27.0,53.6,0.0,0.0,0.0
2026-04-08 19:37:33,30.0,59.1,16.4,53.6,0.0,0.0,0.0
2026-04-08 19:37:38,29.9,59.2,3.0,53.6,0.0,0.0,0.0
2026-04-08 19:37:43,29.9,59.2,3.8,53.6,0.0,0.0,0.0
2026-04-08 19:37:48,29.9,59.2,20.8,53.6,0.0,0.0,0.0
2026-04-08 19:37:53,29.9,59.2,21.0,53.6,0.0,0.0,0.0
2026-04-08 19:37:58,29.8,59.3,19.2,53.6,0.0,0.0,0.0
2026-04-08 19:38:03,29.9,59.4,22.9,53.7,0.0,0.0,0.0
2026-04-08 19:38:08,29.8,59.4,0.0,53.7,0.0,0.0,0.0
2026-04-08 19:38:13,29.9,59.4,10.3,53.7,0.0,0.0,0.0
2026-04-08 19:38:18,30.0,59.4,19.0,53.7,0.0,0.0,0.0
2026-04-08 19:38:23,30.0,59.4,0.0,53.7,0.0,0.0,0.0
2026-04-08 19:38:28,29.9,59.5,13.2,53.7,0.0,0.0,0.0
2026-04-08 19:38:33,29.9,59.4,3.3,53.7,0.0,0.0,0.0
2026-04-08 19:38:38,29.9,59.4,15.7,53.7,0.0,0.0,0.0
2026-04-08 19:38:43,29.9,59.4,21.5,53.7,0.0,0.0,0.0
2026-04-08 19:38:48,29.8,59.3,20.8,53.7,0.0,0.0,0.0
2026-04-08 19:38:53,29.9,59.3,28.4,53.7,0.0,0.0,0.0
2026-04-08 19:38:58,29.8,59.3,20.2,53.7,0.0,0.0,0.0
2026-04-08 19:39:03,29.9,59.5,21.8,53.7,0.0,0.0,0.0
2026-04-08 19:39:08,29.9,59.5,11.4,53.7,0.0,0.0,0.0
2026-04-08 19:39:13,29.8,59.5,19.3,53.6,0.0,0.0,0.0
2026-04-08 19:39:18,29.9,59.4,26.6,53.6,0.0,0.0,0.0
2026-04-08 19:39:23,30.0,59.3,0.0,53.7,0.0,0.0,0.0
2026-04-08 19:39:28,29.9,59.2,8.0,53.7,0.0,0.0,0.0
2026-04-08 19:39:33,30.0,59.2,30.3,53.7,0.0,0.0,0.0
2026-04-08 19:39:38,30.0,59.2,12.0,53.7,0.0,0.0,0.0
2026-04-08 19:39:43,29.9,59.2,2.1,53.7,0.0,0.0,0.0
2026-04-08 19:39:48,29.9,59.3,23.2,53.7,0.0,0.0,0.0
2026-04-08 19:39:53,29.9,59.3,0.0,53.7,0.0,0.0,0.0
2026-04-08 19:39:58,29.9,59.2,14.2,53.7,0.0,0.0,0.0
2026-04-08 19:40:03,29.9,59.1,9.4,53.7,0.0,0.0,0.0
2026-04-08 19:40:08,30.0,59.1,15.4,53.7,0.0,0.0,0.0
2026-04-08 19:40:13,29.9,59.1,17.3,53.7,0.0,0.0,0.0
2026-04-08 19:40:18,30.0,59.2,7.2,53.7,0.0,0.0,0.0
2026-04-08 19:40:23,29.8,59.1,13.3,53.7,0.0,0.0,0.0
2026-04-08 19:40:28,30.0,59.0,0.0,53.7,0.0,0.0,0.0
2026-04-08 19:40:33,29.8,58.8,1.3,53.7,0.0,0.0,0.0
2026-04-08 19:40:38,30.0,58.9,0.0,53.7,0.0,0.0,0.0
2026-04-08 19:40:43,29.8,58.8,0.0,53.7,0.0,0.0,0.0
2026-04-08 19:40:48,30.0,58.9,5.2,53.7,0.0,0.0,0.0
2026-04-08 19:40:53,29.9,58.9,18.2,53.7,0.0,0.0,0.0
2026-04-08 19:40:58,29.8,59.0,12.1,53.7,0.0,0.0,0.0
2026-04-08 19:41:03,29.9,58.9,7.5,53.7,0.0,0.0,0.0
2026-04-08 19:41:08,30.0,58.9,30.7,53.7,0.0,0.0,0.0
2026-04-08 19:41:13,30.0,59.0,10.1,53.7,0.0,0.0,0.0
2026-04-08 19:41:18,29.8,59.1,17.4,53.7,0.0,0.0,0.0
2026-04-08 19:41:23,29.8,59.2,11.8,53.7,0.0,0.0,0.0
2026-04-08 19:41:28,29.9,59.1,30.7,53.7,0.0,0.0,0.0
2026-04-08 19:41:33,29.9,59.1,9.7,53.7,0.0,0.0,0.0
2026-04-08 19:41:38,29.9,59.1,19.8,53.7,0.0,0.0,0.0
2026-04-08 19:41:43,30.0,59.3,31.2,53.7,0.0,0.0,0.0
2026-04-08 19:41:48,29.8,59.3,26.6,53.7,0.0,0.0,0.0
2026-04-08 19:41:53,29.9,59.3,11.4,53.7,0.0,0.0,0.0
2026-04-08 19:41:58,30.0,59.3,12.5,53.7,0.0,0.0,0.0
2026-04-08 19:42:03,30.0,59.2,0.0,53.7,0.0,0.0,0.0
2026-04-08 19:42:08,29.9,59.2,24.9,53.7,0.0,0.0,0.0
2026-04-08 19:42:13,29.9,59.2,13.0,53.7,0.0,0.0,0.0
2026-04-08 19:42:18,29.9,59.1,28.0,53.7,0.0,0.0,0.0
2026-04-08 19:42:23,30.0,59.0,26.7,53.7,0.0,0.0,0.0
2026-04-08 19:42:28,29.9,59.1,13.8,53.7,0.0,0.0,0.0
2026-04-08 19:42:33,29.9,59.1,17.2,53.6,0.0,0.0,0.0
2026-04-08 19:42:38,29.7,59.2,14.6,53.6,0.0,0.0,0.0
2026-04-08 19:42:43,29.9,59.1,12.7,53.6,0.0,0.0,0.0
2026-04-08 19:42:48,29.8,59.1,18.0,53.6,0.0,0.0,0.0
2026-04-08 19:42:53,29.9,59.0,5.7,53.7,0.0,0.0,0.0
2026-04-08 19:42:58,30.0,58.8,15.2,53.7,0.0,0.0,0.0
2026-04-08 19:43:03,30.0,58.8,25.9,53.7,0.0,0.0,0.0
2026-04-08 19:43:08,29.9,58.8,30.7,53.7,0.0,0.0,0.0
2026-04-08 19:43:13,29.9,58.8,7.5,53.7,0.0,0.0,0.0
2026-04-08 19:43:18,29.8,58.8,26.5,53.7,0.0,0.0,0.0
2026-04-08 19:43:23,29.8,58.8,23.2,53.6,0.0,0.0,0.0
2026-04-08 19:43:28,29.9,58.8,26.5,53.6,0.0,0.0,0.0
2026-04-08 19:43:33,30.0,58.9,14.9,53.6,0.0,0.0,0.0
2026-04-08 19:43:38,29.8,59.0,5.6,53.6,0.0,0.0,0.0
2026-04-08 19:43:43,30.0,59.0,18.7,53.6,0.0,0.0,0.0
2026-04-08 19:43:48,29.8,59.0,11.4,53.6,0.0,0.0,0.0
2026-04-08 19:43:53,29.9,59.1,23.5,53.6,0.0,0.0,0.0
2026-04-08 19:43:58,30.0,59.1,12.6,53.6,0.0,0.0,0.0
2026-04-08 19:44:03,29.8,59.0,25.2,53.6,0.0,0.0,0.0
2026-04-08 19:44:08,29.8,59.1,12.8,53.6,0.0,0.0,0.0
2026-04-08 19:44:13,29.9,59.2,14.1,53.6,0.0,0.0,0.0
2026-04-08 19:44:18,29.9,59.1,17.3,53.7,0.0,0.0,0.0
2026-04-08 19:44:23,29.9,59.2,28.4,53.7,0.0,0.0,0.0
2026-04-08 19:44:28,30.1,59.2,17.3,53.7,0.0,0.0,0.0
2026-04-08 19:44:33,29.9,59.2,12.7,53.7,0.0,0.0,0.0
2026-04-08 19:44:38,29.9,59.2,20.4,53.7,0.0,0.0,0.0
2026-04-08 19:44:43,29.8,59.3,0.0,53.7,0.0,0.0,0.0
2026-04-08 19:44:48,29.8,59.3,6.1,53.7,0.0,0.0,0.0
2026-04-08 19:44:53,29.8,59.1,36.0,53.7,0.0,0.0,0.0
2026-04-08 19:44:58,30.0,59.2,23.4,53.7,0.0,0.0,0.0
2026-04-08 19:45:03,30.0,59.1,7.2,53.7,0.0,0.0,0.0
2026-04-08 19:45:08,29.9,59.1,6.5,53.7,0.0,0.0,0.0
2026-04-08 19:45:13,30.0,59.1,14.8,53.7,0.0,0.0,0.0
2026-04-08 19:45:18,29.8,59.1,5.5,53.7,0.0,0.0,0.0
2026-04-08 19:45:23,29.9,59.3,5.3,53.7,0.0,0.0,0.0
2026-04-08 19:45:28,29.8,59.3,29.9,53.7,0.0,0.0,0.0
2026-04-08 19:45:33,29.8,59.5,19.1,53.7,0.0,0.0,0.0
2026-04-08 19:45:38,30.0,59.5,3.4,53.7,0.0,0.0,0.0
2026-04-08 19:45:43,29.8,59.5,14.6,53.7,0.0,0.0,0.0
2026-04-08 19:45:48,30.0,59.4,12.3,53.7,0.0,0.0,0.0
2026-04-08 19:45:53,29.8,59.3,6.6,53.7,0.0,0.0,0.0
2026-04-08 19:45:58,29.7,59.3,10.3,53.7,0.0,0.0,0.0
2026-04-08 19:46:03,29.8,59.4,8.2,53.7,0.0,0.0,0.0
2026-04-08 19:46:08,30.0,59.5,16.8,53.7,0.0,0.0,0.0
2026-04-08 19:46:13,29.9,59.7,28.4,53.7,0.0,0.0,0.0
2026-04-08 19:46:18,29.7,59.7,8.0,53.7,0.0,0.0,0.0
2026-04-08 19:46:23,29.9,59.8,8.7,53.7,0.0,0.0,0.0
2026-04-08 19:46:28,30.0,59.6,2.8,53.7,0.0,0.0,0.0
2026-04-08 19:46:33,30.0,59.7,16.6,53.7,0.0,0.0,0.0
2026-04-08 19:46:38,29.9,59.6,0.4,53.7,0.0,0.0,0.0
2026-04-08 19:46:43,29.7,59.7,3.9,53.7,0.0,0.0,0.0
2026-04-08 19:46:48,30.0,59.7,14.8,53.7,0.0,0.0,0.0
2026-04-08 19:46:53,29.9,59.7,11.1,53.7,0.0,0.0,0.0
2026-04-08 19:46:58,29.8,59.6,12.9,53.7,0.0,0.0,0.0
2026-04-08 19:47:03,30.0,59.6,4.4,53.7,0.0,0.0,0.0
2026-04-08 19:47:08,30.0,59.6,27.7,53.7,0.0,0.0,0.0
2026-04-08 19:47:13,30.0,59.6,0.0,53.7,0.0,0.0,0.0
2026-04-08 19:47:18,29.9,59.7,1.3,53.8,0.0,0.0,0.0
2026-04-08 19:47:23,29.7,59.6,22.3,53.8,0.0,0.0,0.0
2026-04-08 19:47:28,29.9,59.6,23.5,53.7,0.0,0.0,0.0
2026-04-08 19:47:33,29.9,59.5,10.6,53.7,0.0,0.0,0.0
2026-04-08 19:47:38,29.8,59.6,16.0,53.7,0.0,0.0,0.0
2026-04-08 19:47:43,29.8,59.7,12.0,53.7,0.0,0.0,0.0
2026-04-08 19:47:48,29.8,59.5,10.6,53.7,0.0,0.0,0.0
2026-04-08 19:47:53,30.0,59.3,14.3,53.7,0.0,0.0,0.0
2026-04-08 19:47:58,29.8,59.4,9.0,53.7,0.0,0.0,0.0
2026-04-08 19:48:03,30.0,59.4,13.2,53.7,0.0,0.0,0.0
2026-04-08 19:48:08,29.8,59.3,2.4,53.7,0.0,0.0,0.0
2026-04-08 19:48:13,29.8,59.2,24.8,53.7,0.0,0.0,0.0
2026-04-08 19:48:18,30.0,59.1,10.7,53.7,0.0,0.0,0.0
2026-04-08 19:48:23,29.7,59.0,20.7,53.7,0.0,0.0,0.0
2026-04-08 19:48:28,29.8,59.0,28.6,53.7,0.0,0.0,0.0
2026-04-08 19:48:33,29.8,59.1,15.5,53.7,0.0,0.0,0.0
2026-04-08 19:48:38,29.8,59.1,0.7,53.7,0.0,0.0,0.0
2026-04-08 19:48:43,29.9,58.9,24.5,53.7,0.0,0.0,0.0
2026-04-08 19:48:48,29.8,59.0,16.7,53.7,0.0,0.0,0.0
2026-04-08 19:48:53,29.8,59.0,19.3,53.7,0.0,0.0,0.0
2026-04-08 19:48:58,29.7,58.9,10.5,53.7,0.0,0.0,0.0
2026-04-08 19:49:03,29.8,59.0,5.0,53.7,0.0,0.0,0.0
2026-04-08 19:49:08,29.8,59.1,8.6,53.7,0.0,0.0,0.0
2026-04-08 19:49:13,29.9,59.2,8.2,53.7,0.0,0.0,0.0
2026-04-08 19:49:18,29.7,59.2,22.6,53.7,0.0,0.0,0.0
2026-04-08 19:49:23,29.7,59.3,10.3,53.7,0.0,0.0,0.0
2026-04-08 19:49:28,29.7,59.3,4.8,53.7,0.0,0.0,0.0
2026-04-08 19:49:33,29.9,59.4,15.5,53.7,0.0,0.0,0.0
2026-04-08 19:49:38,29.9,59.3,12.3,53.7,0.0,0.0,0.0
2026-04-08 19:49:43,29.7,59.5,6.4,53.7,0.0,0.0,0.0
2026-04-08 19:49:48,29.9,59.4,23.9,53.7,0.0,0.0,0.0
2026-04-08 19:49:53,29.8,59.4,0.0,53.7,0.0,0.0,0.0
2026-04-08 19:49:58,29.8,59.6,11.8,53.7,0.0,0.0,0.0
2026-04-08 19:50:03,29.7,59.6,10.6,53.7,0.0,0.0,0.0
2026-04-08 19:50:08,29.7,59.6,27.0,53.7,0.0,0.0,0.0
2026-04-08 19:50:13,29.8,59.6,26.4,53.7,0.0,0.0,0.0
2026-04-08 19:50:18,29.9,59.5,9.8,53.7,0.0,0.0,0.0
2026-04-08 19:50:23,29.7,59.4,26.4,53.7,0.0,0.0,0.0
2026-04-08 19:50:28,29.7,59.4,24.4,53.7,0.0,0.0,0.0
2026-04-08 19:50:33,29.8,59.6,3.4,53.7,0.0,0.0,0.0
2026-04-08 19:50:38,29.8,59.6,2.5,53.7,0.0,0.0,0.0
2026-04-08 19:50:43,29.7,59.5,9.2,53.7,0.0,0.0,0.0
2026-04-08 19:50:48,29.8,59.4,0.0,53.7,0.0,0.0,0.0
2026-04-08 19:50:53,29.8,59.5,0.0,53.7,0.0,0.0,0.0
2026-04-08 19:50:58,29.7,59.5,27.3,53.7,0.0,0.0,0.0
2026-04-08 19:51:03,29.8,59.6,27.5,53.7,0.0,0.0,0.0
2026-04-08 19:51:08,29.7,59.6,2.8,53.7,0.0,0.0,0.0
2026-04-08 19:51:13,29.8,59.6,31.2,53.7,0.0,0.0,0.0
2026-04-08 19:51:18,29.9,59.5,33.3,53.7,0.0,0.0,0.0
2026-04-08 19:51:23,29.9,59.4,8.3,53.7,0.0,0.0,0.0
2026-04-08 19:51:28,29.8,59.5,27.4,53.7,0.0,0.0,0.0
2026-04-08 19:51:33,29.7,59.4,4.8,53.7,0.0,0.0,0.0
2026-04-08 19:51:38,29.8,59.5,18.8,53.7,0.0,0.0,0.0
2026-04-08 19:51:43,29.8,59.3,8.6,53.7,0.0,0.0,0.0
2026-04-08 19:51:48,29.5,59.2,31.1,53.7,0.0,0.0,0.0
2026-04-08 19:51:53,29.9,59.1,25.2,53.7,0.0,0.0,0.0
2026-04-08 19:51:58,29.8,59.2,19.3,53.7,0.0,0.0,0.0
2026-04-08 19:52:03,29.8,59.3,34.9,53.7,0.0,0.0,0.0
2026-04-08 19:52:08,29.9,59.3,5.9,53.7,0.0,0.0,0.0
2026-04-08 19:52:13,29.8,59.3,16.4,53.7,0.0,0.0,0.0
2026-04-08 19:52:18,29.7,59.2,10.6,53.7,0.0,0.0,0.0
2026-04-08 19:52:23,29.8,59.1,4.4,53.7,0.0,0.0,0.0
2026-04-08 19:52:28,29.7,59.2,0.0,53.7,0.0,0.0,0.0
2026-04-08 19:52:33,29.9,59.2,11.0,53.7,0.0,0.0,0.0
2026-04-08 19:52:38,29.9,59.2,0.0,53.7,0.0,0.0,0.0
2026-04-08 19:52:43,29.8,59.1,9.6,53.7,0.0,0.0,0.0
2026-04-08 19:52:48,29.8,58.9,20.8,53.7,0.0,0.0,0.0
2026-04-08 19:52:53,29.6,58.9,12.7,53.7,0.0,0.0,0.0
2026-04-08 19:52:58,29.7,58.9,8.6,53.7,0.0,0.0,0.0
2026-04-08 19:53:03,29.7,59.0,17.2,53.7,0.0,0.0,0.0
2026-04-08 19:53:08,29.8,59.0,10.7,53.7,0.0,0.0,0.0
2026-04-08 19:53:13,29.6,59.1,19.3,53.7,0.0,0.0,0.0
2026-04-08 19:53:18,29.8,59.1,10.6,53.7,0.0,0.0,0.0
2026-04-08 19:53:23,29.9,59.0,16.5,53.7,0.0,0.0,0.0
2026-04-08 19:53:28,29.8,58.9,6.2,53.7,0.0,0.0,0.0
2026-04-08 19:53:33,29.8,58.8,39.4,53.7,0.0,0.0,0.0
2026-04-08 19:53:38,29.8,58.8,0.7,53.7,0.0,0.0,0.0
2026-04-08 19:53:43,29.6,58.7,18.0,53.7,0.0,0.0,0.0
2026-04-08 19:53:48,29.8,58.6,12.7,53.7,0.0,0.0,0.0
2026-04-08 19:53:53,29.8,58.6,3.8,53.7,0.0,0.0,0.0
2026-04-08 19:53:58,29.8,58.9,7.0,53.7,0.0,0.0,0.0
2026-04-08 19:54:03,29.8,58.9,17.3,53.7,0.0,0.0,0.0
2026-04-08 19:54:08,29.6,59.0,0.5,53.7,0.0,0.0,0.0
2026-04-08 19:54:13,30.0,58.9,33.6,53.7,0.0,0.0,0.0
2026-04-08 19:54:18,29.7,58.9,31.1,53.7,0.0,0.0,0.0
2026-04-08 19:54:23,29.9,59.1,15.1,53.7,0.0,0.0,0.0
2026-04-08 19:54:28,29.8,59.1,8.7,53.7,0.0,0.0,0.0
2026-04-08 19:54:33,29.8,59.0,17.1,53.7,0.0,0.0,0.0
2026-04-08 19:54:38,29.7,59.0,8.6,53.7,0.0,0.0,0.0
2026-04-08 19:54:43,29.7,58.9,0.0,53.7,0.0,0.0,0.0
2026-04-08 19:54:48,29.7,59.1,26.5,53.7,0.0,0.0,0.0
2026-04-08 19:54:53,29.7,59.0,11.8,53.7,0.0,0.0,0.0
2026-04-08 19:54:58,29.8,59.0,23.6,53.7,0.0,0.0,0.0
2026-04-08 19:55:03,29.8,59.0,20.8,53.7,0.0,0.0,0.0
2026-04-08 19:55:08,29.9,59.1,15.2,53.7,0.0,0.0,0.0
2026-04-08 19:55:13,29.8,59.1,25.3,53.7,0.0,0.0,0.0
2026-04-08 19:55:18,29.8,59.1,6.6,53.7,0.0,0.0,0.0
2026-04-08 19:55:23,29.7,59.2,0.0,53.7,0.0,0.0,0.0
2026-04-08 19:55:28,29.8,59.4,24.5,53.7,0.0,0.0,0.0
2026-04-08 19:55:33,29.8,59.4,1.7,53.8,0.0,0.0,0.0
2026-04-08 19:55:38,29.8,59.3,11.5,53.8,0.0,0.0,0.0
2026-04-08 19:55:43,29.7,59.2,0.3,53.8,0.0,0.0,0.0
2026-04-08 19:55:48,29.7,59.2,5.1,53.8,0.0,0.0,0.0
2026-04-08 19:55:53,29.8,59.1,28.1,53.7,0.0,0.0,0.0
2026-04-08 19:55:58,29.7,59.2,36.3,53.7,0.0,0.0,0.0
2026-04-08 19:56:03,29.8,59.2,19.0,53.7,0.0,0.0,0.0
2026-04-08 19:56:08,29.7,59.1,28.9,53.7,0.0,0.0,0.0
2026-04-08 19:56:13,29.7,59.1,38.6,53.7,0.0,0.0,0.0
2026-04-08 19:56:18,29.7,59.1,19.1,53.7,0.0,0.0,0.0
2026-04-08 19:56:23,29.9,59.1,20.9,53.7,0.0,0.0,0.0
2026-04-08 19:56:28,29.8,59.2,0.0,53.8,0.0,0.0,0.0
2026-04-08 19:56:33,29.8,59.3,9.9,53.8,0.0,0.0,0.0
2026-04-08 19:56:38,29.7,59.1,20.2,53.8,0.0,0.0,0.0
2026-04-08 19:56:43,29.6,59.1,14.5,53.7,0.0,0.0,0.0
2026-04-08 19:56:48,29.8,59.2,0.0,53.7,0.0,0.0,0.0
2026-04-08 19:56:53,29.7,59.1,0.0,53.7,0.0,0.0,0.0
2026-04-08 19:56:58,29.8,59.2,3.1,53.7,0.0,0.0,0.0
2026-04-08 19:57:03,29.8,59.2,27.8,53.7,0.0,0.0,0.0
2026-04-08 19:57:08,29.7,59.2,9.2,53.7,0.0,0.0,0.0
2026-04-08 19:57:13,29.7,59.1,14.8,53.7,0.0,0.0,0.0
2026-04-08 19:57:18,29.8,59.1,4.4,53.8,0.0,0.0,0.0
2026-04-08 19:57:23,29.7,59.1,10.4,53.8,0.0,0.0,0.0
2026-04-08 19:57:28,29.7,59.1,0.0,53.8,0.0,0.0,0.0
2026-04-08 19:57:33,29.9,59.2,37.3,53.8,0.0,0.0,0.0
2026-04-08 19:57:38,29.8,59.3,15.9,53.8,0.0,0.0,0.0
2026-04-08 19:57:43,29.8,59.3,1.7,53.8,0.0,0.0,0.0
2026-04-08 19:57:48,29.8,59.4,12.0,53.8,0.0,0.0,0.0
2026-04-08 19:57:53,29.8,59.3,23.5,53.8,0.0,0.0,0.0
2026-04-08 19:57:58,29.7,59.3,14.7,53.8,0.0,0.0,0.0
2026-04-08 19:58:03,29.8,59.3,18.2,53.7,0.0,0.0,0.0
2026-04-08 19:58:08,29.7,59.3,12.1,53.7,0.0,0.0,0.0
2026-04-08 19:58:13,29.8,59.2,15.4,53.7,0.0,0.0,0.0
2026-04-08 19:58:18,29.9,59.3,3.6,53.7,0.0,0.0,0.0
2026-04-08 19:58:23,29.8,59.3,10.6,53.7,0.0,0.0,0.0
2026-04-08 19:58:28,29.9,59.3,9.2,53.7,0.0,0.0,0.0
2026-04-08 19:58:33,29.7,59.3,24.5,53.7,0.0,0.0,0.0
2026-04-08 19:58:38,29.8,59.3,20.1,53.7,0.0,0.0,0.0
2026-04-08 19:58:43,29.8,59.3,8.8,53.7,0.0,0.0,0.0
2026-04-08 19:58:48,29.6,59.2,22.2,53.7,0.0,0.0,0.0
2026-04-08 19:58:53,29.7,59.2,19.6,53.7,0.0,0.0,0.0
2026-04-08 19:58:58,29.7,59.3,13.7,53.7,0.0,0.0,0.0
2026-04-08 19:59:03,29.7,59.3,15.4,53.7,0.0,0.0,0.0
2026-04-08 19:59:08,29.8,59.2,23.6,53.7,0.0,0.0,0.0
2026-04-08 19:59:13,29.9,59.1,6.0,53.7,0.0,0.0,0.0
2026-04-08 19:59:18,29.8,59.1,25.4,53.7,0.0,0.0,0.0
2026-04-08 19:59:23,29.7,59.1,17.0,53.7,0.0,0.0,0.0
2026-04-08 19:59:28,29.8,59.0,14.4,53.7,0.0,0.0,0.0
2026-04-08 19:59:33,29.8,58.9,24.2,53.7,0.0,0.0,0.0
2026-04-08 19:59:38,29.7,58.8,18.0,53.7,0.0,0.0,0.0
2026-04-08 19:59:43,29.6,59.0,13.2,53.7,0.0,0.0,0.0
2026-04-08 19:59:48,29.8,59.1,18.9,53.7,0.0,0.0,0.0
2026-04-08 19:59:53,29.9,59.2,3.2,53.7,0.0,0.0,0.0
2026-04-08 19:59:58,29.8,59.2,12.0,53.8,0.0,0.0,0.0
