Timestamp,Temperature,Humidity,Light,Soil_Moisture,Drip,Mist,Fan
2026-04-17 00:00:00,30.0,60.3,3.3,54.2,0.0,0.0,0.0
2026-04-17 00:00:05,29.8,60.3,6.9,54.2,0.0,0.0,0.0
2026-04-17 00:00:10,29.9,60.3,20.7,54.2,0.0,0.0,0.0
2026-04-17 00:00:15,29.9,60.3,0.0,54.2,0.0,0.0,0.0
2026-04-17 00:00:20,29.9,60.4,21.0,54.2,0.0,0.0,0.0
2026-04-17 00:00:25,29.9,60.4,28.0,54.2,0.0,0.0,0.0
2026-04-17 00:00:30,29.8,60.4,17.8,54.2,0.0,0.0,0.0
2026-04-17 00:00:35,29.9,60.4,6.5,54.2,0.0,0.0,0.0
2026-04-17 00:00:40,29.6,60.4,15.0,54.2,0.0,0.0,0.0
2026-04-17 00:00:45,29.8,60.4,16.9,54.2,0.0,0.0,0.0
2026-04-17 00:00:50,29.8,60.4,11.9,54.2,0.0,0.0,0.0
2026-04-17 00:00:55,29.9,60.4,5.6,54.2,0.0,0.0,0.0
2026-04-17 00:01:00,29.9,60.3,8.0,54.2,0.0,0.0,0.0
2026-04-17 00:01:05,29.8,60.3,0.0,54.2,0.0,0.0,0.0
2026-04-17 00:01:10,29.9,60.2,35.0,54.2,0.0,0.0,0.0
2026-04-17 00:01:15,29.8,60.3,24.6,54.2,0.0,0.0,0.0
2026-04-17 00:01:20,30.0,60.3,11.4,54.2,0.0,0.0,0.0
2026-04-17 00:01:25,29.8,60.2,14.4,54.2,0.0,0.0,0.0
2026-04-17 00:01:30,29.9,60.3,5.2,54.2,0.0,0.0,0.0
2026-04-17 00:01:35,29.8,60.2,22.8,54.2,0.0,0.0,0.0
2026-04-17 00:01:40,30.0,60.1,7.1,54.2,0.0,0.0,0.0
2026-04-17 00:01:45,30.0,60.2,12.0,54.2,0.0,0.0,0.0
2026-04-17 00:01:50,29.9,60.1,16.3,54.2,0.0,0.0,0.0
2026-04-17 00:01:55,29.8,60.2,0.0,54.2,0.0,0.0,0.0
2026-04-17 00:02:00,29.8,60.2,19.8,54.2,0.0,0.0,0.0
2026-04-17 00:02:05,29.9,60.2,12.9,54.2,0.0,0.0,0.0
2026-04-17 00:02:10,29.8,60.1,18.7,54.2,0.0,0.0,0.0
2026-04-17 00:02:15,29.9,60.1,26.5,54.2,0.0,0.0,0.0
2026-04-17 00:02:20,29.8,60.2,21.3,54.2,0.0,0.0,0.0
2026-04-17 00:02:25,29.9,60.3,20.8,54.2,0.0,0.0,0.0
2026-04-17 00:02:30,29.7,60.3,20.2,54.2,0.0,0.0,0.0
2026-04-17 00:02:35,29.8,60.2,20.1,54.2,0.0,0.0,0.0
2026-04-17 00:02:40,29.9,60.3,20.1,54.2,0.0,0.0,0.0
2026-04-17 00:02:45,29.8,60.4,24.9,54.2,0.0,0.0,0.0
2026-04-17 00:02:50,29.7,60.4,12.9,54.2,0.0,0.0,0.0
2026-04-17 00:02:55,29.8,60.4,20.0,54.2,0.0,0.0,0.0
2026-04-17 00:03:00,29.8,60.3,5.8,54.2,0.0,0.0,0.0
2026-04-17 00:03:05,29.9,60.3,18.5,54.2,0.0,0.0,0.0
2026-04-17 00:03:10,29.7,60.3,1.3,54.2,0.0,0.0,0.0
2026-04-17 00:03:15,29.8,60.4,8.0,54.2,0.0,0.0,0.0
2026-04-17 00:03:20,29.8,60.4,45.4,54.2,0.0,0.0,0.0
2026-04-17 00:03:25,29.9,60.3,11.1,54.2,0.0,0.0,0.0
2026-04-17 00:03:30,29.7,60.4,21.6,54.1,0.0,0.0,0.0
2026-04-17 00:03:35,30.0,60.4,13.5,54.1,0.0,0.0,0.0
2026-04-17 00:03:40,29.7,60.3,18.4,54.1,0.0,0.0,0.0
2026-04-17 00:03:45,29.9,60.3,15.0,54.2,0.0,0.0,0.0
2026-04-17 00:03:50,29.8,60.3,24.4,54.2,0.0,0.0,0.0
2026-04-17 00:03:55,29.8,60.5,12.8,54.2,0.0,0.0,0.0
2026-04-17 00:04:00,29.9,60.4,8.8,54.2,0.0,0.0,0.0
2026-04-17 00:04:05,29.7,60.4,24.0,54.2,0.0,0.0,0.0
2026-04-17 00:04:10,29.6,60.5,19.9,54.2,0.0,0.0,0.0
2026-04-17 00:04:15,29.7,60.4,0.7,54.2,0.0,0.0,0.0
2026-04-17 00:04:20,29.9,60.5,20.3,54.2,0.0,0.0,0.0
2026-04-17 00:04:25,29.7,60.4,20.1,54.2,0.0,0.0,0.0
2026-04-17 00:04:30,29.8,60.5,0.0,54.2,0.0,0.0,0.0
2026-04-17 00:04:35,29.9,60.6,18.8,54.2,0.0,0.0,0.0
2026-04-17 00:04:40,30.0,60.6,30.8,54.2,0.0,0.0,0.0
2026-04-17 00:04:45,29.7,60.5,28.8,54.1,0.0,0.0,0.0
2026-04-17 00:04:50,29.8,60.6,13.3,54.1,0.0,0.0,0.0
2026-04-17 00:04:55,29.8,60.6,12.1,54.1,0.0,0.0,0.0
2026-04-17 00:05:00,29.8,60.5,1.7,54.2,0.0,0.0,0.0
2026-04-17 00:05:05,29.6,60.5,13.7,54.2,0.0,0.0,0.0
2026-04-17 00:05:10,29.7,60.3,12.5,54.2,0.0,0.0,0.0
2026-04-17 00:05:15,29.6,60.4,23.8,54.2,0.0,0.0,0.0
2026-04-17 00:05:20,29.9,60.6,8.0,54.2,0.0,0.0,0.0
2026-04-17 00:05:25,29.9,60.5,30.4,54.2,0.0,0.0,0.0
2026-04-17 00:05:30,29.8,60.5,11.9,54.2,0.0,0.0,0.0
2026-04-17 00:05:35,29.9,60.5,22.2,54.2,0.0,0.0,0.0
2026-04-17 00:05:40,29.8,60.5,15.6,54.2,0.0,0.0,0.0
2026-04-17 00:05:45,29.7,60.6,16.9,54.2,0.0,0.0,0.0
2026-04-17 00:05:50,29.6,60.5,24.5,54.2,0.0,0.0,0.0
2026-04-17 00:05:55,29.8,60.7,7.9,54.2,0.0,0.0,0.0
2026-04-17 00:06:00,29.8,60.6,0.0,54.1,0.0,0.0,0.0
2026-04-17 00:06:05,29.7,60.6,17.7,54.1,0.0,0.0,0.0
2026-04-17 00:06:10,29.7,60.6,20.5,54.2,0.0,0.0,0.0
2026-04-17 00:06:15,29.8,60.7,6.6,54.2,0.0,0.0,0.0
2026-04-17 00:06:20,29.8,60.7,1.4,54.2,0.0,0.0,0.0
2026-04-17 00:06:25,29.7,60.6,5.7,54.2,0.0,0.0,0.0
2026-04-17 00:06:30,29.7,60.6,2.2,54.2,0.0,0.0,0.0
2026-04-17 00:06:35,29.8,60.7,4.3,54.2,0.0,0.0,0.0
2026-04-17 00:06:40,29.8,60.6,41.9,54.2,0.0,0.0,0.0
2026-04-17 00:06:45,29.5,60.5,28.0,54.2,0.0,0.0,0.0
2026-04-17 00:06:50,29.7,60.5,25.6,54.2,0.0,0.0,0.0
2026-04-17 00:06:55,29.7,60.5,17.5,54.2,0.0,0.0,0.0
2026-04-17 00:07:00,29.7,60.4,17.8,54.2,0.0,0.0,0.0
2026-04-17 00:07:05,29.8,60.3,3.5,54.2,0.0,0.0,0.0
2026-04-17 00:07:10,29.7,60.2,10.6,54.2,0.0,0.0,0.0
2026-04-17 00:07:15,29.8,60.3,23.6,54.2,0.0,0.0,0.0
2026-04-17 00:07:20,29.7,60.4,4.7,54.2,0.0,0.0,0.0
2026-04-17 00:07:25,29.6,60.5,10.1,54.2,0.0,0.0,0.0
2026-04-17 00:07:30,29.7,60.5,24.9,54.2,0.0,0.0,0.0
2026-04-17 00:07:35,29.8,60.6,15.6,54.2,0.0,0.0,0.0
2026-04-17 00:07:40,29.8,60.6,9.8,54.2,0.0,0.0,0.0
2026-04-17 00:07:45,29.6,60.6,22.7,54.1,0.0,0.0,0.0
2026-04-17 00:07:50,29.7,60.6,34.9,54.1,0.0,0.0,0.0
2026-04-17 00:07:55,29.7,60.8,32.3,54.1,0.0,0.0,0.0
2026-04-17 00:08:00,29.8,60.8,10.5,54.2,0.0,0.0,0.0
2026-04-17 00:08:05,29.7,60.7,16.9,54.2,0.0,0.0,0.0
2026-04-17 00:08:10,29.7,60.7,0.3,54.2,0.0,0.0,0.0
2026-04-17 00:08:15,29.8,60.6,13.1,54.2,0.0,0.0,0.0
2026-04-17 00:08:20,29.7,60.6,29.7,54.2,0.0,0.0,0.0
2026-04-17 00:08:25,29.7,60.7,8.0,54.2,0.0,0.0,0.0
2026-04-17 00:08:30,29.7,60.7,17.3,54.2,0.0,0.0,0.0
2026-04-17 00:08:35,29.7,60.7,23.1,54.2,0.0,0.0,0.0
2026-04-17 00:08:40,29.5,60.7,16.0,54.2,0.0,0.0,0.0
2026-04-17 00:08:45,29.7,60.5,7.1,54.2,0.0,0.0,0.0
2026-04-17 00:08:50,29.7,60.5,15.1,54.2,0.0,0.0,0.0
2026-04-17 00:08:55,29.7,60.5,8.8,54.1,0.0,0.0,0.0
2026-04-17 00:09:00,29.6,60.6,4.6,54.1,0.0,0.0,0.0
2026-04-17 00:09:05,29.8,60.5,25.7,54.2,0.0,0.0,0.0
2026-04-17 00:09:10,29.7,60.4,12.4,54.2,0.0,0.0,0.0
2026-04-17 00:09:15,29.6,60.3,28.8,54.2,0.0,0.0,0.0
2026-04-17 00:09:20,29.7,60.3,10.9,54.2,0.0,0.0,0.0
2026-04-17 00:09:25,29.8,60.4,18.3,54.2,0.0,0.0,0.0
2026-04-17 00:09:30,29.6,60.5,14.3,54.2,0.0,0.0,0.0
2026-04-17 00:09:35,29.7,60.5,19.6,54.2,0.0,0.0,0.0
2026-04-17 00:09:40,29.7,60.5,15.0,54.2,0.0,0.0,0.0
2026-04-17 00:09:45,29.7,60.6,4.5,54.2,0.0,0.0,0.0
2026-04-17 00:09:50,29.7,60.6,0.0,54.2,0.0,0.0,0.0
2026-04-17 00:09:55,29.7,60.5,7.1,54.2,0.0,0.0,0.0
2026-04-17 00:10:00,29.7,60.6,7.4,54.2,0.0,0.0,0.0
2026-04-17 00:10:05,29.7,60.6,19.3,54.2,0.0,0.0,0.0
2026-04-17 00:10:10,29.7,60.6,3.0,54.2,0.0,0.0,0.0
2026-04-17 00:10:15,29.7,60.6,17.7,54.2,0.0,0.0,0.0
2026-04-17 00:10:20,29.5,60.7,12.0,54.2,0.0,0.0,0.0
2026-04-17 00:10:25,29.6,60.7,11.9,54.2,0.0,0.0,0.0
2026-04-17 00:10:30,29.8,60.6,13.8,54.1,0.0,0.0,0.0
2026-04-17 00:10:35,29.7,60.5,13.9,54.1,0.0,0.0,0.0
2026-04-17 00:10:40,29.6,60.3,14.3,54.2,0.0,0.0,0.0
2026-04-17 00:10:45,29.5,60.4,19.2,54.2,0.0,0.0,0.0
2026-04-17 00:10:50,29.6,60.4,6.7,54.2,0.0,0.0,0.0
2026-04-17 00:10:55,29.8,60.3,0.0,54.1,0.0,0.0,0.0
2026-04-17 00:11:00,29.6,60.5,17.6,54.1,0.0,0.0,0.0
2026-04-17 00:11:05,29.6,60.5,7.0,54.2,0.0,0.0,0.0
2026-04-17 00:11:10,29.7,60.4,2.3,54.2,0.0,0.0,0.0
2026-04-17 00:11:15,29.6,60.5,5.1,54.2,0.0,0.0,0.0
2026-04-17 00:11:20,29.6,60.4,8.2,54.2,0.0,0.0,0.0
2026-04-17 00:11:25,29.7,60.3,20.6,54.2,0.0,0.0,0.0
2026-04-17 00:11:30,29.6,60.4,0.4,54.2,0.0,0.0,0.0
2026-04-17 00:11:35,29.6,60.5,23.4,54.2,0.0,0.0,0.0
2026-04-17 00:11:40,29.6,60.5,3.9,54.2,0.0,0.0,0.0
2026-04-17 00:11:45,29.7,60.5,11.3,54.2,0.0,0.0,0.0
2026-04-17 00:11:50,29.7,60.4,27.6,54.2,0.0,0.0,0.0
2026-04-17 00:11:55,29.5,60.3,29.2,54.2,0.0,0.0,0.0
2026-04-17 00:12:00,29.7,60.4,21.1,54.2,0.0,0.0,0.0
2026-04-17 00:12:05,29.6,60.3,19.8,54.2,0.0,0.0,0.0
2026-04-17 00:12:10,29.6,60.4,26.4,54.2,0.0,0.0,0.0
2026-04-17 00:12:15,29.6,60.4,18.4,54.2,0.0,0.0,0.0
2026-04-17 00:12:20,29.6,60.5,18.5,54.2,0.0,0.0,0.0
2026-04-17 00:12:25,29.6,60.5,18.5,54.2,0.0,0.0,0.0
2026-04-17 00:12:30,29.5,60.5,0.0,54.2,0.0,0.0,0.0
2026-04-17 00:12:35,29.5,60.4,16.5,54.2,0.0,0.0,0.0
2026-04-17 00:12:40,29.6,60.5,10.2,54.2,0.0,0.0,0.0
2026-04-17 00:12:45,29.6,60.3,6.4,54.2,0.0,0.0,0.0
2026-04-17 00:12:50,29.7,60.2,13.1,54.2,0.0,0.0,0.0
2026-04-17 00:12:55,29.7,60.1,27.8,54.1,0.0,0.0,0.0
2026-04-17 00:13:00,29.7,60.1,8.7,54.1,0.0,0.0,0.0
2026-04-17 00:13:05,29.6,60.2,26.4,54.2,0.0,0.0,0.0
2026-04-17 00:13:10,29.5,60.3,14.1,54.2,0.0,0.0,0.0
2026-04-17 00:13:15,29.5,60.1,1.3,54.2,0.0,0.0,0.0
2026-04-17 00:13:20,29.6,60.1,0.0,54.2,0.0,0.0,0.0
2026-04-17 00:13:25,29.6,60.0,21.1,54.2,0.0,0.0,0.0
2026-04-17 00:13:30,29.6,59.9,12.1,54.2,0.0,0.0,0.0
2026-04-17 00:13:35,29.7,59.8,32.1,54.2,0.0,0.0,0.0
2026-04-17 00:13:40,29.6,59.9,17.5,54.2,0.0,0.0,0.0
2026-04-17 00:13:45,29.6,59.9,7.5,54.2,0.0,0.0,0.0
2026-04-17 00:13:50,29.6,60.0,24.2,54.2,0.0,0.0,0.0
2026-04-17 00:13:55,29.5,59.9,9.7,54.2,0.0,0.0,0.0
2026-04-17 00:14:00,29.5,60.0,22.9,54.2,0.0,0.0,0.0
2026-04-17 00:14:05,29.6,60.0,10.3,54.2,0.0,0.0,0.0
2026-04-17 00:14:10,29.7,60.1,5.7,54.2,0.0,0.0,0.0
2026-04-17 00:14:15,29.7,60.2,18.3,54.2,0.0,0.0,0.0
2026-04-17 00:14:20,29.6,60.3,27.0,54.2,0.0,0.0,0.0
2026-04-17 00:14:25,29.6,60.2,14.1,54.2,0.0,0.0,0.0
2026-04-17 00:14:30,29.6,60.2,26.2,54.2,0.0,0.0,0.0
2026-04-17 00:14:35,29.6,60.2,7.0,54.2,0.0,0.0,0.0
2026-04-17 00:14:40,29.6,60.4,34.6,54.2,0.0,0.0,0.0
2026-04-17 00:14:45,29.6,60.4,10.3,54.2,0.0,0.0,0.0
2026-04-17 00:14:50,29.5,60.5,19.4,54.2,0.0,0.0,0.0
2026-04-17 00:14:55,29.5,60.5,24.7,54.2,0.0,0.0,0.0
2026-04-17 00:15:00,29.5,60.5,4.4,54.2,0.0,0.0,0.0
2026-04-17 00:15:05,29.5,60.5,13.9,54.2,0.0,0.0,0.0
2026-04-17 00:15:10,29.5,60.5,6.8,54.2,0.0,0.0,0.0
2026-04-17 00:15:15,29.6,60.4,14.0,54.2,0.0,0.0,0.0
2026-04-17 00:15:20,29.6,60.3,5.8,54.2,0.0,0.0,0.0
2026-04-17 00:15:25,29.6,60.3,26.5,54.2,0.0,0.0,0.0
2026-04-17 00:15:30,29.6,60.3,1.2,54.2,0.0,0.0,0.0
2026-04-17 00:15:35,29.7,60.2,12.0,54.2,0.0,0.0,0.0
2026-04-17 00:15:40,29.6,60.1,21.6,54.2,0.0,0.0,0.0
2026-04-17 00:15:45,29.6,60.2,13.1,54.2,0.0,0.0,0.0
2026-04-17 00:15:50,29.5,60.2,25.7,54.2,0.0,0.0,0.0
2026-04-17 00:15:55,29.7,60.2,20.8,54.2,0.0,0.0,0.0
2026-04-17 00:16:00,29.7,60.2,2.4,54.1,0.0,0.0,0.0
2026-04-17 00:16:05,29.4,60.2,6.1,54.1,0.0,0.0,0.0
2026-04-17 00:16:10,29.5,60.3,30.2,54.1,0.0,0.0,0.0
2026-04-17 00:16:15,29.5,60.2,27.3,54.2,0.0,0.0,0.0
2026-04-17 00:16:20,29.5,60.2,7.9,54.2,0.0,0.0,0.0
2026-04-17 00:16:25,29.8,60.4,26.5,54.2,0.0,0.0,0.0
2026-04-17 00:16:30,29.7,60.3,2.0,54.2,0.0,0.0,0.0
2026-04-17 00:16:35,29.7,60.2,17.8,54.2,0.0,0.0,0.0
2026-04-17 00:16:40,29.6,60.2,22.9,54.2,0.0,0.0,0.0
2026-04-17 00:16:45,29.7,60.3,13.7,54.2,0.0,0.0,0.0
2026-04-17 00:16:50,29.5,60.1,25.2,54.2,0.0,0.0,0.0
2026-04-17 00:16:55,29.6,60.2,13.2,54.2,0.0,0.0,0.0
2026-04-17 00:17:00,29.6,60.1,27.4,54.2,0.0,0.0,0.0
2026-04-17 00:17:05,29.4,60.0,18.4,54.2,0.0,0.0,0.0
2026-04-17 00:17:10,29.5,60.0,12.6,54.2,0.0,0.0,0.0
2026-04-17 00:17:15,29.3,59.9,14.7,54.2,0.0,0.0,0.0
2026-04-17 00:17:20,29.5,59.9,24.6,54.2,0.0,0.0,0.0
2026-04-17 00:17:25,29.6,59.9,18.2,54.2,0.0,0.0,0.0
2026-04-17 00:17:30,29.4,59.9,20.3,54.2,0.0,0.0,0.0
2026-04-17 00:17:35,29.6,60.0,15.7,54.2,0.0,0.0,0.0
2026-04-17 00:17:40,29.6,60.1,18.3,54.2,0.0,0.0,0.0
2026-04-17 00:17:45,29.5,60.0,15.8,54.2,0.0,0.0,0.0
2026-04-17 00:17:50,29.4,59.9,6.7,54.2,0.0,0.0,0.0
2026-04-17 00:17:55,29.6,59.9,18.2,54.2,0.0,0.0,0.0
2026-04-17 00:18:00,29.6,60.1,24.8,54.2,0.0,0.0,0.0
2026-04-17 00:18:05,29.5,60.1,18.5,54.2,0.0,0.0,0.0
2026-04-17 00:18:10,29.4,60.1,16.8,54.2,0.0,0.0,0.0
2026-04-17 00:18:15,29.5,60.2,27.7,54.2,0.0,0.0,0.0
2026-04-17 00:18:20,29.6,60.1,14.3,54.2,0.0,0.0,0.0
2026-04-17 00:18:25,29.4,60.3,24.7,54.2,0.0,0.0,0.0
2026-04-17 00:18:30,29.5,60.3,19.8,54.2,0.0,0.0,0.0
2026-04-17 00:18:35,29.6,60.3,13.3,54.2,0.0,0.0,0.0
2026-04-17 00:18:40,29.7,60.3,22.0,54.2,0.0,0.0,0.0
2026-04-17 00:18:45,29.5,60.2,15.4,54.2,0.0,0.0,0.0
2026-04-17 00:18:50,29.6,60.3,24.2,54.2,0.0,0.0,0.0
2026-04-17 00:18:55,29.5,60.3,11.0,54.2,0.0,0.0,0.0
2026-04-17 00:19:00,29.5,60.2,42.5,54.2,0.0,0.0,0.0
2026-04-17 00:19:05,29.7,60.1,15.9,54.1,0.0,0.0,0.0
2026-04-17 00:19:10,29.6,60.1,19.2,54.1,0.0,0.0,0.0
2026-04-17 00:19:15,29.4,60.1,26.7,54.2,0.0,0.0,0.0
2026-04-17 00:19:20,29.5,60.2,21.9,54.2,0.0,0.0,0.0
2026-04-17 00:19:25,29.4,60.2,12.7,54.2,0.0,0.0,0.0
2026-04-17 00:19:30,29.6,60.0,24.6,54.1,0.0,0.0,0.0
2026-04-17 00:19:35,29.6,60.1,7.6,54.1,0.0,0.0,0.0
2026-04-17 00:19:40,29.7,60.2,11.2,54.2,0.0,0.0,0.0
2026-04-17 00:19:45,29.5,60.3,11.4,54.2,0.0,0.0,0.0
2026-04-17 00:19:50,29.6,60.5,9.8,54.2,0.0,0.0,0.0
2026-04-17 00:19:55,29.7,60.5,23.3,54.2,0.0,0.0,0.0
2026-04-17 00:20:00,29.7,60.3,22.2,54.2,0.0,0.0,0.0
2026-04-17 00:20:05,29.6,60.4,11.7,54.2,0.0,0.0,0.0
2026-04-17 00:20:10,29.5,60.4,10.9,54.2,0.0,0.0,0.0
2026-04-17 00:20:15,29.5,60.3,14.3,54.2,0.0,0.0,0.0
2026-04-17 00:20:20,29.6,60.3,20.5,54.2,0.0,0.0,0.0
2026-04-17 00:20:25,29.6,60.4,16.8,54.2,0.0,0.0,0.0
2026-04-17 00:20:30,29.6,60.4,11.0,54.2,0.0,0.0,0.0
2026-04-17 00:20:35,29.6,60.3,9.2,54.2,0.0,0.0,0.0
2026-04-17 00:20:40,29.4,60.1,17.5,54.2,0.0,0.0,0.0
2026-04-17 00:20:45,29.7,60.0,32.9,54.2,0.0,0.0,0.0
2026-04-17 00:20:50,29.6,60.0,20.1,54.2,0.0,0.0,0.0
2026-04-17 00:20:55,29.7,60.1,17.1,54.2,0.0,0.0,0.0
2026-04-17 00:21:00,29.5,60.0,27.8,54.2,0.0,0.0,0.0
2026-04-17 00:21:05,29.7,60.1,13.0,54.2,0.0,0.0,0.0
2026-04-17 00:21:10,29.7,60.0,17.2,54.2,0.0,0.0,0.0
2026-04-17 00:21:15,29.6,59.9,30.9,54.2,0.0,0.0,0.0
2026-04-17 00:21:20,29.7,59.9,20.1,54.2,0.0,0.0,0.0
2026-04-17 00:21:25,29.7,59.8,7.4,54.2,0.0,0.0,0.0
2026-04-17 00:21:30,29.6,59.7,19.0,54.2,0.0,0.0,0.0
2026-04-17 00:21:35,29.6,59.7,22.6,54.2,0.0,0.0,0.0
2026-04-17 00:21:40,29.6,59.6,8.6,54.2,0.0,0.0,0.0
2026-04-17 00:21:45,29.6,59.5,40.8,54.2,0.0,0.0,0.0
2026-04-17 00:21:50,29.6,59.6,22.1,54.2,0.0,0.0,0.0
2026-04-17 00:21:55,29.7,59.6,5.4,54.2,0.0,0.0,0.0
2026-04-17 00:22:00,29.5,59.6,15.0,54.2,0.0,0.0,0.0
2026-04-17 00:22:05,29.6,59.7,15.6,54.2,0.0,0.0,0.0
2026-04-17 00:22:10,29.5,59.7,7.1,54.2,0.0,0.0,0.0
2026-04-17 00:22:15,29.5,59.8,3.9,54.2,0.0,0.0,0.0
2026-04-17 00:22:20,29.5,59.9,9.2,54.2,0.0,0.0,0.0
2026-04-17 00:22:25,29.5,59.9,2.6,54.2,0.0,0.0,0.0
2026-04-17 00:22:30,29.5,59.9,6.7,54.2,0.0,0.0,0.0
2026-04-17 00:22:35,29.5,59.7,19.9,54.2,0.0,0.0,0.0
2026-04-17 00:22:40,29.5,59.7,13.7,54.2,0.0,0.0,0.0
2026-04-17 00:22:45,29.5,59.7,14.3,54.2,0.0,0.0,0.0
2026-04-17 00:22:50,29.6,59.7,20.7,54.2,0.0,0.0,0.0
2026-04-17 00:22:55,29.6,59.6,15.4,54.2,0.0,0.0,0.0
2026-04-17 00:23:00,29.7,59.8,0.0,54.2,0.0,0.0,0.0
2026-04-17 00:23:05,29.6,59.9,14.9,54.2,0.0,0.0,0.0
2026-04-17 00:23:10,29.6,59.8,4.9,54.2,0.0,0.0,0.0
2026-04-17 00:23:15,29.6,59.8,3.7,54.2,0.0,0.0,0.0
2026-04-17 00:23:20,29.5,59.8,13.3,54.2,0.0,0.0,0.0
2026-04-17 00:23:25,29.6,59.8,21.8,54.2,0.0,0.0,0.0
2026-04-17 00:23:30,29.5,59.8,32.9,54.2,0.0,0.0,0.0
2026-04-17 00:23:35,29.5,59.7,1.4,54.2,0.0,0.0,0.0
2026-04-17 00:23:40,29.7,59.8,10.9,54.2,0.0,0.0,0.0
2026-04-17 00:23:45,29.5,59.7,25.7,54.2,0.0,0.0,0.0
2026-04-17 00:23:50,29.5,59.9,18.3,54.1,0.0,0.0,0.0
2026-04-17 00:23:55,29.6,60.1,25.3,54.1,0.0,0.0,0.0
2026-04-17 00:24:00,29.6,60.0,14.0,54.1,0.0,0.0,0.0
2026-04-17 00:24:05,29.7,60.1,23.9,54.2,0.0,0.0,0.0
2026-04-17 00:24:10,29.6,60.1,6.5,54.2,0.0,0.0,0.0
2026-04-17 00:24:15,29.5,60.2,15.4,54.2,0.0,0.0,0.0
2026-04-17 00:24:20,29.6,60.3,19.5,54.2,0.0,0.0,0.0
2026-04-17 00:24:25,29.7,60.3,35.8,54.2,0.0,0.0,0.0
2026-04-17 00:24:30,29.5,60.4,5.6,54.2,0.0,0.0,0.0
2026-04-17 00:24:35,29.6,60.5,23.8,54.2,0.0,0.0,0.0
2026-04-17 00:24:40,29.7,60.5,17.5,54.2,0.0,0.0,0.0
2026-04-17 00:24:45,29.7,60.5,11.2,54.2,0.0,0.0,0.0
2026-04-17 00:24:50,29.6,60.4,13.2,54.2,0.0,0.0,0.0
2026-04-17 00:24:55,29.6,60.4,10.8,54.2,0.0,0.0,0.0
2026-04-17 00:25:00,29.5,60.4,12.1,54.2,0.0,0.0,0.0
2026-04-17 00:25:05,29.6,60.5,21.4,54.1,0.0,0.0,0.0
2026-04-17 00:25:10,29.5,60.5,7.2,54.1,0.0,0.0,0.0
2026-04-17 00:25:15,29.5,60.5,12.1,54.1,0.0,0.0,0.0
2026-04-17 00:25:20,29.7,60.4,23.6,54.2,0.0,0.0,0.0
2026-04-17 00:25:25,29.6,60.4,16.6,54.2,0.0,0.0,0.0
2026-04-17 00:25:30,29.5,60.4,24.2,54.2,0.0,0.0,0.0
2026-04-17 00:25:35,29.6,60.4,1.1,54.2,0.0,0.0,0.0
2026-04-17 00:25:40,29.7,60.5,18.0,54.2,0.0,0.0,0.0
2026-04-17 00:25:45,29.6,60.4,17.3,54.2,0.0,0.0,0.0
2026-04-17 00:25:50,29.6,60.4,20.3,54.2,0.0,0.0,0.0
2026-04-17 00:25:55,29.5,60.3,15.3,54.2,0.0,0.0,0.0
2026-04-17 00:26:00,29.7,60.2,26.2,54.2,0.0,0.0,0.0
2026-04-17 00:26:05,29.7,60.2,7.0,54.2,0.0,0.0,0.0
2026-04-17 00:26:10,29.6,60.2,0.8,54.2,0.0,0.0,0.0
2026-04-17 00:26:15,29.6,60.3,10.2,54.2,0.0,0.0,0.0
2026-04-17 00:26:20,29.6,60.4,13.5,54.1,0.0,0.0,0.0
2026-04-17 00:26:25,29.7,60.3,18.5,54.1,0.0,0.0,0.0
2026-04-17 00:26:30,29.6,60.1,2.4,54.1,0.0,0.0,0.0
2026-04-17 00:26:35,29.6,60.1,12.4,54.1,0.0,0.0,0.0
2026-04-17 00:26:40,29.7,60.2,4.9,54.1,0.0,0.0,0.0
2026-04-17 00:26:45,29.7,60.2,14.5,54.1,0.0,0.0,0.0
2026-04-17 00:26:50,29.5,60.1,2.0,54.1,0.0,0.0,0.0
2026-04-17 00:26:55,29.6,60.1,7.7,54.1,0.0,0.0,0.0
2026-04-17 00:27:00,29.7,60.1,15.6,54.2,0.0,0.0,0.0
2026-04-17 00:27:05,29.7,60.2,14.5,54.2,0.0,0.0,0.0
2026-04-17 00:27:10,29.7,60.2,4.6,54.2,0.0,0.0,0.0
2026-04-17 00:27:15,29.6,60.2,13.3,54.2,0.0,0.0,0.0
2026-04-17 00:27:20,29.7,60.3,8.4,54.2,0.0,0.0,0.0
2026-04-17 00:27:25,29.7,60.4,26.8,54.2,0.0,0.0,0.0
2026-04-17 00:27:30,29.6,60.3,18.4,54.2,0.0,0.0,0.0
2026-04-17 00:27:35,29.6,60.3,29.1,54.2,0.0,0.0,0.0
2026-04-17 00:27:40,29.5,60.4,17.2,54.1,0.0,0.0,0.0
2026-04-17 00:27:45,29.6,60.3,6.9,54.1,0.0,0.0,0.0
2026-04-17 00:27:50,29.7,60.2,11.1,54.2,0.0,0.0,0.0
2026-04-17 00:27:55,29.5,60.3,0.0,54.2,0.0,0.0,0.0
2026-04-17 00:28:00,29.7,60.4,21.5,54.2,0.0,0.0,0.0
2026-04-17 00:28:05,29.8,60.4,14.5,54.2,0.0,0.0,0.0
2026-04-17 00:28:10,29.6,60.5,7.0,54.2,0.0,0.0,0.0
2026-04-17 00:28:15,29.6,60.5,7.8,54.2,0.0,0.0,0.0
2026-04-17 00:28:20,29.7,60.5,9.7,54.2,0.0,0.0,0.0
2026-04-17 00:28:25,29.6,60.6,0.9,54.2,0.0,0.0,0.0
2026-04-17 00:28:30,29.6,60.6,16.0,54.2,0.0,0.0,0.0
2026-04-17 00:28:35,29.6,60.6,3.5,54.2,0.0,0.0,0.0
2026-04-17 00:28:40,29.6,60.6,32.4,54.2,0.0,0.0,0.0
2026-04-17 00:28:45,29.5,60.6,13.1,54.2,0.0,0.0,0.0
2026-04-17 00:28:50,29.6,60.6,13.7,54.2,0.0,0.0,0.0
2026-04-17 00:28:55,29.6,60.6,23.9,54.2,0.0,0.0,0.0
2026-04-17 00:29:00,29.7,60.5,36.7,54.2,0.0,0.0,0.0
2026-04-17 00:29:05,29.5,60.4,10.1,54.2,0.0,0.0,0.0
2026-04-17 00:29:10,29.5,60.4,8.2,54.2,0.0,0.0,0.0
2026-04-17 00:29:15,29.6,60.5,13.6,54.2,0.0,0.0,0.0
2026-04-17 00:29:20,29.6,60.5,16.0,54.2,0.0,0.0,0.0
2026-04-17 00:29:25,29.7,60.5,22.2,54.2,0.0,0.0,0.0
2026-04-17 00:29:30,29.5,60.6,0.0,54.2,0.0,0.0,0.0
2026-04-17 00:29:35,29.6,60.6,3.3,54.2,0.0,0.0,0.0
2026-04-17 00:29:40,29.6,60.5,8.7,54.2,0.0,0.0,0.0
2026-04-17 00:29:45,29.6,60.6,9.9,54.2,0.0,0.0,0.0
2026-04-17 00:29:50,29.6,60.6,9.9,54.2,0.0,0.0,0.0
2026-04-17 00:29:55,29.6,60.6,17.5,54.2,0.0,0.0,0.0
2026-04-17 00:30:00,29.4,60.7,4.2,54.2,0.0,0.0,0.0
2026-04-17 00:30:05,29.6,60.7,0.0,54.2,0.0,0.0,0.0
2026-04-17 00:30:10,29.6,60.8,8.3,54.2,0.0,0.0,0.0
2026-04-17 00:30:15,29.6,60.9,20.1,54.2,0.0,0.0,0.0
2026-04-17 00:30:20,29.6,60.9,29.3,54.2,0.0,0.0,0.0
2026-04-17 00:30:25,29.6,60.9,15.7,54.2,0.0,0.0,0.0
2026-04-17 00:30:30,29.6,60.9,23.6,54.2,0.0,0.0,0.0
2026-04-17 00:30:35,29.6,60.8,20.1,54.2,0.0,0.0,0.0
2026-04-17 00:30:40,29.5,60.8,7.6,54.2,0.0,0.0,0.0
2026-04-17 00:30:45,29.5,60.8,12.7,54.2,0.0,0.0,0.0
2026-04-17 00:30:50,29.5,60.7,11.8,54.2,0.0,0.0,0.0
2026-04-17 00:30:55,29.5,60.7,25.7,54.2,0.0,0.0,0.0
2026-04-17 00:31:00,29.6,60.6,34.0,54.2,0.0,0.0,0.0
2026-04-17 00:31:05,29.7,60.5,11.8,54.2,0.0,0.0,0.0
2026-04-17 00:31:10,29.6,60.3,4.8,54.2,0.0,0.0,0.0
2026-04-17 00:31:15,29.6,60.3,11.4,54.2,0.0,0.0,0.0
2026-04-17 00:31:20,29.6,60.2,12.7,54.2,0.0,0.0,0.0
2026-04-17 00:31:25,29.6,60.1,29.1,54.2,0.0,0.0,0.0
2026-04-17 00:31:30,29.7,60.0,26.8,54.2,0.0,0.0,0.0
2026-04-17 00:31:35,29.4,59.9,18.4,54.2,0.0,0.0,0.0
2026-04-17 00:31:40,29.6,59.9,16.9,54.2,0.0,0.0,0.0
2026-04-17 00:31:45,29.6,60.0,25.5,54.1,0.0,0.0,0.0
2026-04-17 00:31:50,29.4,60.0,23.4,54.1,0.0,0.0,0.0
2026-04-17 00:31:55,29.5,60.0,20.0,54.1,0.0,0.0,0.0
2026-04-17 00:32:00,29.5,60.0,6.5,54.1,0.0,0.0,0.0
2026-04-17 00:32:05,29.4,59.9,17.3,54.1,0.0,0.0,0.0
2026-04-17 00:32:10,29.5,59.9,17.2,54.1,0.0,0.0,0.0
2026-04-17 00:32:15,29.4,59.8,5.4,54.1,0.0,0.0,0.0
2026-04-17 00:32:20,29.7,59.8,24.2,54.1,0.0,0.0,0.0
2026-04-17 00:32:25,29.7,59.7,17.8,54.2,0.0,0.0,0.0
2026-04-17 00:32:30,29.5,59.7,27.3,54.2,0.0,0.0,0.0
2026-04-17 00:32:35,29.5,59.8,10.1,54.2,0.0,0.0,0.0
2026-04-17 00:32:40,29.5,59.7,15.8,54.2,0.0,0.0,0.0
2026-04-17 00:32:45,29.4,59.7,0.0,54.2,0.0,0.0,0.0
2026-04-17 00:32:50,29.5,59.7,18.6,54.2,0.0,0.0,0.0
2026-04-17 00:32:55,29.5,59.8,20.1,54.2,0.0,0.0,0.0
2026-04-17 00:33:00,29.5,59.8,12.5,54.2,0.0,0.0,0.0
2026-04-17 00:33:05,29.6,59.9,13.4,54.2,0.0,0.0,0.0
2026-04-17 00:33:10,29.5,59.9,2.1,54.2,0.0,0.0,0.0
2026-04-17 00:33:15,29.6,59.9,6.4,54.2,0.0,0.0,0.0
2026-04-17 00:33:20,29.4,60.0,31.9,54.2,0.0,0.0,0.0
2026-04-17 00:33:25,29.6,59.9,11.2,54.2,0.0,0.0,0.0
2026-04-17 00:33:30,29.6,59.9,3.9,54.2,0.0,0.0,0.0
2026-04-17 00:33:35,29.5,59.9,27.5,54.2,0.0,0.0,0.0
2026-04-17 00:33:40,29.6,59.8,25.6,54.1,0.0,0.0,0.0
2026-04-17 00:33:45,29.5,59.8,5.8,54.1,0.0,0.0,0.0
2026-04-17 00:33:50,29.5,59.7,18.0,54.1,0.0,0.0,0.0
2026-04-17 00:33:55,29.6,59.7,14.0,54.1,0.0,0.0,0.0
2026-04-17 00:34:00,29.4,59.6,3.3,54.1,0.0,0.0,0.0
2026-04-17 00:34:05,29.4,59.6,0.0,54.1,0.0,0.0,0.0
2026-04-17 00:34:10,29.3,59.6,15.6,54.1,0.0,0.0,0.0
2026-04-17 00:34:15,29.5,59.4,16.2,54.2,0.0,0.0,0.0
2026-04-17 00:34:20,29.4,59.6,13.7,54.2,0.0,0.0,0.0
2026-04-17 00:34:25,29.4,59.6,21.3,54.2,0.0,0.0,0.0
2026-04-17 00:34:30,29.6,59.6,13.6,54.2,0.0,0.0,0.0
2026-04-17 00:34:35,29.5,59.7,15.4,54.2,0.0,0.0,0.0
2026-04-17 00:34:40,29.4,59.7,28.0,54.2,0.0,0.0,0.0
2026-04-17 00:34:45,29.4,59.8,20.8,54.2,0.0,0.0,0.0
2026-04-17 00:34:50,29.5,59.7,11.3,54.2,0.0,0.0,0.0
2026-04-17 00:34:55,29.6,59.8,7.5,54.2,0.0,0.0,0.0
2026-04-17 00:35:00,29.4,59.9,11.1,54.2,0.0,0.0,0.0
2026-04-17 00:35:05,29.7,59.8,22.7,54.2,0.0,0.0,0.0
2026-04-17 00:35:10,29.5,59.8,23.9,54.2,0.0,0.0,0.0
2026-04-17 00:35:15,29.7,59.8,0.4,54.2,0.0,0.0,0.0
2026-04-17 00:35:20,29.4,59.9,21.3,54.2,0.0,0.0,0.0
2026-04-17 00:35:25,29.5,60.1,17.9,54.2,0.0,0.0,0.0
2026-04-17 00:35:30,29.6,60.1,27.3,54.1,0.0,0.0,0.0
2026-04-17 00:35:35,29.5,60.2,28.8,54.1,0.0,0.0,0.0
2026-04-17 00:35:40,29.6,60.3,10.1,54.1,0.0,0.0,0.0
2026-04-17 00:35:45,29.4,60.3,8.5,54.1,0.0,0.0,0.0
2026-04-17 00:35:50,29.5,60.3,20.8,54.1,0.0,0.0,0.0
2026-04-17 00:35:55,29.6,60.3,0.0,54.1,0.0,0.0,0.0
2026-04-17 00:36:00,29.4,60.3,14.8,54.1,0.0,0.0,0.0
2026-04-17 00:36:05,29.6,60.4,22.3,54.1,0.0,0.0,0.0
2026-04-17 00:36:10,29.6,60.4,37.0,54.1,0.0,0.0,0.0
2026-04-17 00:36:15,29.6,60.3,17.1,54.1,0.0,0.0,0.0
2026-04-17 00:36:20,29.5,60.3,1.3,54.1,0.0,0.0,0.0
2026-04-17 00:36:25,29.6,60.4,21.0,54.1,0.0,0.0,0.0
2026-04-17 00:36:30,29.7,60.5,34.2,54.1,0.0,0.0,0.0
2026-04-17 00:36:35,29.4,60.5,2.0,54.1,0.0,0.0,0.0
2026-04-17 00:36:40,29.6,60.6,22.4,54.1,0.0,0.0,0.0
2026-04-17 00:36:45,29.6,60.6,27.7,54.1,0.0,0.0,0.0
2026-04-17 00:36:50,29.6,60.6,24.8,54.1,0.0,0.0,0.0
2026-04-17 00:36:55,29.3,60.6,9.5,54.2,0.0,0.0,0.0
2026-04-17 00:37:00,29.4,60.5,18.7,54.2,0.0,0.0,0.0
2026-04-17 00:37:05,29.5,60.5,17.0,54.2,0.0,0.0,0.0
2026-04-17 00:37:10,29.4,60.5,16.6,54.2,0.0,0.0,0.0
2026-04-17 00:37:15,29.4,60.5,1.5,54.2,0.0,0.0,0.0
2026-04-17 00:37:20,29.5,60.5,22.5,54.2,0.0,0.0,0.0
2026-04-17 00:37:25,29.5,60.5,17.5,54.2,0.0,0.0,0.0
2026-04-17 00:37:30,29.5,60.5,11.9,54.2,0.0,0.0,0.0
2026-04-17 00:37:35,29.3,60.5,24.7,54.2,0.0,0.0,0.0
2026-04-17 00:37:40,29.5,60.4,0.0,54.2,0.0,0.0,0.0
2026-04-17 00:37:45,29.4,60.5,23.2,54.2,0.0,0.0,0.0
2026-04-17 00:37:50,29.6,60.6,12.3,54.2,0.0,0.0,0.0
2026-04-17 00:37:55,29.4,60.5,26.0,54.1,0.0,0.0,0.0
2026-04-17 00:38:00,29.4,60.8,0.2,54.1,0.0,0.0,0.0
2026-04-17 00:38:05,29.4,60.8,23.7,54.1,0.0,0.0,0.0
2026-04-17 00:38:10,29.5,60.8,26.5,54.1,0.0,0.0,0.0
2026-04-17 00:38:15,29.4,60.7,20.4,54.1,0.0,0.0,0.0
2026-04-17 00:38:20,29.5,60.7,22.1,54.1,0.0,0.0,0.0
2026-04-17 00:38:25,29.4,60.8,26.3,54.1,0.0,0.0,0.0
2026-04-17 00:38:30,29.4,60.9,20.5,54.1,0.0,0.0,0.0
2026-04-17 00:38:35,29.3,60.8,18.4,54.1,0.0,0.0,0.0
2026-04-17 00:38:40,29.5,60.7,26.4,54.1,0.0,0.0,0.0
2026-04-17 00:38:45,29.5,60.5,15.0,54.1,0.0,0.0,0.0
2026-04-17 00:38:50,29.4,60.7,4.0,54.1,0.0,0.0,0.0
2026-04-17 00:38:55,29.4,60.6,13.9,54.1,0.0,0.0,0.0
2026-04-17 00:39:00,29.4,60.7,26.8,54.1,0.0,0.0,0.0
2026-04-17 00:39:05,29.6,60.6,14.3,54.1,0.0,0.0,0.0
2026-04-17 00:39:10,29.3,60.6,12.9,54.1,0.0,0.0,0.0
2026-04-17 00:39:15,29.5,60.4,9.0,54.1,0.0,0.0,0.0
2026-04-17 00:39:20,29.5,60.4,20.6,54.1,0.0,0.0,0.0
2026-04-17 00:39:25,29.6,60.6,12.7,54.1,0.0,0.0,0.0
2026-04-17 00:39:30,29.5,60.6,11.3,54.2,0.0,0.0,0.0
2026-04-17 00:39:35,29.5,60.6,26.0,54.2,0.0,0.0,0.0
2026-04-17 00:39:40,29.5,60.6,0.0,54.2,0.0,0.0,0.0
2026-04-17 00:39:45,29.4,60.6,6.8,54.2,0.0,0.0,0.0
2026-04-17 00:39:50,29.4,60.6,17.1,54.2,0.0,0.0,0.0
2026-04-17 00:39:55,29.4,60.7,19.9,54.1,0.0,0.0,0.0
2026-04-17 00:40:00,29.4,60.5,26.3,54.1,0.0,0.0,0.0
2026-04-17 00:40:05,29.4,60.4,13.0,54.1,0.0,0.0,0.0
2026-04-17 00:40:10,29.3,60.4,20.5,54.1,0.0,0.0,0.0
2026-04-17 00:40:15,29.4,60.3,16.9,54.1,0.0,0.0,0.0
2026-04-17 00:40:20,29.5,60.4,29.5,54.1,0.0,0.0,0.0
2026-04-17 00:40:25,29.5,60.6,11.3,54.1,0.0,0.0,0.0
2026-04-17 00:40:30,29.4,60.5,1.0,54.1,0.0,0.0,0.0
2026-04-17 00:40:35,29.4,60.6,10.3,54.1,0.0,0.0,0.0
2026-04-17 00:40:40,29.4,60.6,12.4,54.1,0.0,0.0,0.0
2026-04-17 00:40:45,29.5,60.7,19.8,54.1,0.0,0.0,0.0
2026-04-17 00:40:50,29.4,60.7,10.2,54.1,0.0,0.0,0.0
2026-04-17 00:40:55,29.5,60.7,25.9,54.1,0.0,0.0,0.0
2026-04-17 00:41:00,29.4,60.6,14.4,54.1,0.0,0.0,0.0
2026-04-17 00:41:05,29.4,60.7,19.8,54.1,0.0,0.0,0.0
2026-04-17 00:41:10,29.5,60.7,14.5,54.1,0.0,0.0,0.0
2026-04-17 00:41:15,29.4,60.7,12.8,54.1,0.0,0.0,0.0
2026-04-17 00:41:20,29.3,60.6,6.8,54.1,0.0,0.0,0.0
2026-04-17 00:41:25,29.5,60.5,15.9,54.2,0.0,0.0,0.0
2026-04-17 00:41:30,29.5,60.6,21.3,54.2,0.0,0.0,0.0
2026-04-17 00:41:35,29.4,60.4,13.0,54.2,0.0,0.0,0.0
2026-04-17 00:41:40,29.5,60.5,5.2,54.1,0.0,0.0,0.0
2026-04-17 00:41:45,29.6,60.5,23.3,54.1,0.0,0.0,0.0
2026-04-17 00:41:50,29.4,60.5,4.2,54.1,0.0,0.0,0.0
2026-04-17 00:41:55,29.5,60.5,14.1,54.1,0.0,0.0,0.0
2026-04-17 00:42:00,29.4,60.4,18.9,54.1,0.0,0.0,0.0
2026-04-17 00:42:05,29.4,60.4,1.9,54.2,0.0,0.0,0.0
2026-04-17 00:42:10,29.3,60.4,18.3,54.2,0.0,0.0,0.0
2026-04-17 00:42:15,29.5,60.4,4.9,54.2,0.0,0.0,0.0
2026-04-17 00:42:20,29.5,60.3,18.4,54.2,0.0,0.0,0.0
2026-04-17 00:42:25,29.4,60.2,11.2,54.2,0.0,0.0,0.0
2026-04-17 00:42:30,29.3,60.1,18.7,54.2,0.0,0.0,0.0
2026-04-17 00:42:35,29.5,60.1,25.4,54.2,0.0,0.0,0.0
2026-04-17 00:42:40,29.5,60.1,3.1,54.2,0.0,0.0,0.0
2026-04-17 00:42:45,29.6,60.1,0.0,54.2,0.0,0.0,0.0
2026-04-17 00:42:50,29.4,60.1,22.2,54.1,0.0,0.0,0.0
2026-04-17 00:42:55,29.5,60.1,23.5,54.1,0.0,0.0,0.0
2026-04-17 00:43:00,29.5,60.1,21.6,54.2,0.0,0.0,0.0
2026-04-17 00:43:05,29.2,60.1,0.0,54.2,0.0,0.0,0.0
2026-04-17 00:43:10,29.3,60.2,14.2,54.2,0.0,0.0,0.0
2026-04-17 00:43:15,29.5,60.1,9.8,54.2,0.0,0.0,0.0
2026-04-17 00:43:20,29.4,60.1,20.6,54.2,0.0,0.0,0.0
2026-04-17 00:43:25,29.4,60.1,35.1,54.2,0.0,0.0,0.0
2026-04-17 00:43:30,29.4,60.1,27.7,54.2,0.0,0.0,0.0
2026-04-17 00:43:35,29.5,60.0,3.4,54.2,0.0,0.0,0.0
2026-04-17 00:43:40,29.5,60.0,4.9,54.2,0.0,0.0,0.0
2026-04-17 00:43:45,29.5,60.0,23.2,54.2,0.0,0.0,0.0
2026-04-17 00:43:50,29.4,60.1,23.4,54.2,0.0,0.0,0.0
2026-04-17 00:43:55,29.4,60.1,0.8,54.2,0.0,0.0,0.0
2026-04-17 00:44:00,29.4,60.1,35.0,54.2,0.0,0.0,0.0
2026-04-17 00:44:05,29.2,60.1,0.0,54.1,0.0,0.0,0.0
2026-04-17 00:44:10,29.4,60.2,8.9,54.1,0.0,0.0,0.0
2026-04-17 00:44:15,29.4,60.1,27.6,54.1,0.0,0.0,0.0
2026-04-17 00:44:20,29.4,60.0,7.2,54.2,0.0,0.0,0.0
2026-04-17 00:44:25,29.5,60.0,5.7,54.2,0.0,0.0,0.0
2026-04-17 00:44:30,29.3,60.1,31.9,54.1,0.0,0.0,0.0
2026-04-17 00:44:35,29.4,60.1,20.9,54.1,0.0,0.0,0.0
2026-04-17 00:44:40,29.2,60.0,10.5,54.1,0.0,0.0,0.0
2026-04-17 00:44:45,29.3,60.1,13.5,54.2,0.0,0.0,0.0
2026-04-17 00:44:50,29.3,60.1,3.1,54.2,0.0,0.0,0.0
2026-04-17 00:44:55,29.4,60.2,9.2,54.2,0.0,0.0,0.0
2026-04-17 00:45:00,29.5,60.2,0.0,54.1,0.0,0.0,0.0
2026-04-17 00:45:05,29.5,60.3,21.4,54.1,0.0,0.0,0.0
2026-04-17 00:45:10,29.4,60.4,2.6,54.2,0.0,0.0,0.0
2026-04-17 00:45:15,29.4,60.3,22.7,54.2,0.0,0.0,0.0
2026-04-17 00:45:20,29.2,60.3,14.1,54.2,0.0,0.0,0.0
2026-04-17 00:45:25,29.5,60.1,24.1,54.2,0.0,0.0,0.0
2026-04-17 00:45:30,29.4,60.2,20.4,54.2,0.0,0.0,0.0
2026-04-17 00:45:35,29.5,60.2,5.7,54.2,0.0,0.0,0.0
2026-04-17 00:45:40,29.5,60.2,13.5,54.2,0.0,0.0,0.0
2026-04-17 00:45:45,29.4,60.3,27.4,54.2,0.0,0.0,0.0
2026-04-17 00:45:50,29.5,60.3,8.2,54.2,0.0,0.0,0.0
2026-04-17 00:45:55,29.4,60.4,20.4,54.2,0.0,0.0,0.0
2026-04-17 00:46:00,29.4,60.5,10.4,54.2,0.0,0.0,0.0
2026-04-17 00:46:05,29.3,60.5,24.1,54.2,0.0,0.0,0.0
2026-04-17 00:46:10,29.3,60.5,35.9,54.1,0.0,0.0,0.0
2026-04-17 00:46:15,29.4,60.5,19.5,54.1,0.0,0.0,0.0
2026-04-17 00:46:20,29.4,60.6,3.8,54.1,0.0,0.0,0.0
2026-04-17 00:46:25,29.4,60.7,21.3,54.2,0.0,0.0,0.0
2026-04-17 00:46:30,29.4,60.7,18.1,54.2,0.0,0.0,0.0
2026-04-17 00:46:35,29.5,60.6,17.1,54.2,0.0,0.0,0.0
2026-04-17 00:46:40,29.5,60.5,11.0,54.2,0.0,0.0,0.0
2026-04-17 00:46:45,29.5,60.6,14.2,54.2,0.0,0.0,0.0
2026-04-17 00:46:50,29.3,60.5,16.0,54.2,0.0,0.0,0.0
2026-04-17 00:46:55,29.2,60.5,12.5,54.1,0.0,0.0,0.0
2026-04-17 00:47:00,29.5,60.5,20.7,54.1,0.0,0.0,0.0
2026-04-17 00:47:05,29.3,60.4,13.3,54.1,0.0,0.0,0.0
2026-04-17 00:47:10,29.3,60.4,22.8,54.1,0.0,0.0,0.0
2026-04-17 00:47:15,29.4,60.3,5.6,54.1,0.0,0.0,0.0
2026-04-17 00:47:20,29.5,60.3,0.0,54.1,0.0,0.0,0.0
2026-04-17 00:47:25,29.5,60.3,28.0,54.1,0.0,0.0,0.0
2026-04-17 00:47:30,29.4,60.2,0.0,54.1,0.0,0.0,0.0
2026-04-17 00:47:35,29.5,60.2,15.8,54.1,0.0,0.0,0.0
2026-04-17 00:47:40,29.4,60.1,17.4,54.2,0.0,0.0,0.0
2026-04-17 00:47:45,29.3,60.1,4.6,54.2,0.0,0.0,0.0
2026-04-17 00:47:50,29.2,60.2,19.4,54.2,0.0,0.0,0.0
2026-04-17 00:47:55,29.4,60.4,30.3,54.1,0.0,0.0,0.0
2026-04-17 00:48:00,29.3,60.5,0.0,54.1,0.0,0.0,0.0
2026-04-17 00:48:05,29.5,60.6,10.6,54.1,0.0,0.0,0.0
2026-04-17 00:48:10,29.3,60.5,9.9,54.1,0.0,0.0,0.0
2026-04-17 00:48:15,29.5,60.5,10.9,54.1,0.0,0.0,0.0
2026-04-17 00:48:20,29.4,60.6,5.8,54.1,0.0,0.0,0.0
2026-04-17 00:48:25,29.5,60.6,22.3,54.1,0.0,0.0,0.0
2026-04-17 00:48:30,29.5,60.7,12.4,54.1,0.0,0.0,0.0
2026-04-17 00:48:35,29.5,60.7,7.4,54.1,0.0,0.0,0.0
2026-04-17 00:48:40,29.5,60.5,2.5,54.1,0.0,0.0,0.0
2026-04-17 00:48:45,29.4,60.5,10.4,54.1,0.0,0.0,0.0
2026-04-17 00:48:50,29.4,60.6,26.1,54.1,0.0,0.0,0.0
2026-04-17 00:48:55,29.4,60.7,5.1,54.1,0.0,0.0,0.0
2026-04-17 00:49:00,29.5,60.7,0.0,54.1,0.0,0.0,0.0
2026-04-17 00:49:05,29.4,60.6,15.0,54.1,0.0,0.0,0.0
2026-04-17 00:49:10,29.5,60.7,9.5,54.1,0.0,0.0,0.0
2026-04-17 00:49:15,29.3,60.7,3.8,54.1,0.0,0.0,0.0
2026-04-17 00:49:20,29.3,60.6,22.3,54.1,0.0,0.0,0.0
2026-04-17 00:49:25,29.5,60.6,11.9,54.1,0.0,0.0,0.0
2026-04-17 00:49:30,29.6,60.5,20.0,54.2,0.0,0.0,0.0
2026-04-17 00:49:35,29.4,60.5,12.3,54.2,0.0,0.0,0.0
2026-04-17 00:49:40,29.5,60.5,33.1,54.1,0.0,0.0,0.0
2026-04-17 00:49:45,29.4,60.5,9.8,54.1,0.0,0.0,0.0
2026-04-17 00:49:50,29.5,60.5,25.3,54.1,0.0,0.0,0.0
2026-04-17 00:49:55,29.4,60.4,13.6,54.1,0.0,0.0,0.0
2026-04-17 00:50:00,29.5,60.5,19.4,54.1,0.0,0.0,0.0
2026-04-17 00:50:05,29.4,60.4,20.9,54.1,0.0,0.0,0.0
2026-04-17 00:50:10,29.4,60.5,33.4,54.1,0.0,0.0,0.0
2026-04-17 00:50:15,29.6,60.5,30.4,54.1,0.0,0.0,0.0
2026-04-17 00:50:20,29.4,60.5,0.9,54.1,0.0,0.0,0.0
2026-04-17 00:50:25,29.5,60.5,29.1,54.1,0.0,0.0,0.0
2026-04-17 00:50:30,29.4,60.5,35.7,54.1,0.0,0.0,0.0
2026-04-17 00:50:35,29.5,60.4,19.9,54.1,0.0,0.0,0.0
2026-04-17 00:50:40,29.5,60.3,38.6,54.1,0.0,0.0,0.0
2026-04-17 00:50:45,29.5,60.3,26.3,54.1,0.0,0.0,0.0
2026-04-17 00:50:50,29.5,60.4,10.4,54.1,0.0,0.0,0.0
2026-04-17 00:50:55,29.4,60.3,4.3,54.2,0.0,0.0,0.0
2026-04-17 00:51:00,29.5,60.3,14.8,54.2,0.0,0.0,0.0
2026-04-17 00:51:05,29.4,60.3,1.5,54.2,0.0,0.0,0.0
2026-04-17 00:51:10,29.4,60.1,22.6,54.2,0.0,0.0,0.0
2026-04-17 00:51:15,29.4,60.0,5.1,54.2,0.0,0.0,0.0
2026-04-17 00:51:20,29.5,60.0,16.4,54.1,0.0,0.0,0.0
2026-04-17 00:51:25,29.6,60.1,12.7,54.1,0.0,0.0,0.0
2026-04-17 00:51:30,29.4,60.1,1.4,54.1,0.0,0.0,0.0
2026-04-17 00:51:35,29.6,60.1,2.8,54.1,0.0,0.0,0.0
2026-04-17 00:51:40,29.4,60.0,15.9,54.1,0.0,0.0,0.0
2026-04-17 00:51:45,29.5,60.2,0.0,54.1,0.0,0.0,0.0
2026-04-17 00:51:50,29.4,60.2,14.3,54.1,0.0,0.0,0.0
2026-04-17 00:51:55,29.4,60.0,18.2,54.1,0.0,0.0,0.0
2026-04-17 00:52:00,29.5,60.2,5.8,54.1,0.0,0.0,0.0
2026-04-17 00:52:05,29.5,60.3,11.6,54.1,0.0,0.0,0.0
2026-04-17 00:52:10,29.4,60.3,28.5,54.1,0.0,0.0,0.0
2026-04-17 00:52:15,29.4,60.4,14.8,54.2,0.0,0.0,0.0
2026-04-17 00:52:20,29.5,60.4,0.0,54.2,0.0,0.0,0.0
2026-04-17 00:52:25,29.5,60.4,3.7,54.2,0.0,0.0,0.0
2026-04-17 00:52:30,29.5,60.5,13.2,54.2,0.0,0.0,0.0
2026-04-17 00:52:35,29.6,60.4,15.7,54.2,0.0,0.0,0.0
2026-04-17 00:52:40,29.4,60.4,15.3,54.2,0.0,0.0,0.0
2026-04-17 00:52:45,29.3,60.4,7.9,54.2,0.0,0.0,0.0
2026-04-17 00:52:50,29.5,60.3,9.2,54.2,0.0,0.0,0.0
2026-04-17 00:52:55,29.5,60.3,5.6,54.2,0.0,0.0,0.0
2026-04-17 00:53:00,29.4,60.4,28.4,54.2,0.0,0.0,0.0
2026-04-17 00:53:05,29.3,60.6,11.1,54.2,0.0,0.0,0.0
2026-04-17 00:53:10,29.4,60.5,25.0,54.2,0.0,0.0,0.0
2026-04-17 00:53:15,29.3,60.7,2.9,54.2,0.0,0.0,0.0
2026-04-17 00:53:20,29.5,60.6,20.2,54.2,0.0,0.0,0.0
2026-04-17 00:53:25,29.5,60.6,19.3,54.1,0.0,0.0,0.0
2026-04-17 00:53:30,29.4,60.6,26.5,54.1,0.0,0.0,0.0
2026-04-17 00:53:35,29.4,60.7,18.5,54.1,0.0,0.0,0.0
2026-04-17 00:53:40,29.3,60.7,14.4,54.2,0.0,0.0,0.0
2026-04-17 00:53:45,29.6,60.7,18.0,54.2,0.0,0.0,0.0
2026-04-17 00:53:50,29.3,60.7,24.7,54.1,0.0,0.0,0.0
2026-04-17 00:53:55,29.4,60.7,34.8,54.1,0.0,0.0,0.0
2026-04-17 00:54:00,29.5,60.7,7.3,54.2,0.0,0.0,0.0
2026-04-17 00:54:05,29.5,60.7,24.5,54.2,0.0,0.0,0.0
2026-04-17 00:54:10,29.4,60.7,0.0,54.2,0.0,0.0,0.0
2026-04-17 00:54:15,29.4,60.7,7.0,54.2,0.0,0.0,0.0
2026-04-17 00:54:20,29.5,60.8,6.7,54.1,0.0,0.0,0.0
2026-04-17 00:54:25,29.4,60.6,6.4,54.1,0.0,0.0,0.0
2026-04-17 00:54:30,29.2,60.7,11.1,54.2,0.0,0.0,0.0
2026-04-17 00:54:35,29.3,60.6,17.8,54.2,0.0,0.0,0.0
2026-04-17 00:54:40,29.3,60.7,16.6,54.2,0.0,0.0,0.0
2026-04-17 00:54:45,29.2,60.7,23.2,54.2,0.0,0.0,0.0
2026-04-17 00:54:50,29.5,60.7,24.3,54.2,0.0,0.0,0.0
2026-04-17 00:54:55,29.4,60.7,5.3,54.2,0.0,0.0,0.0
2026-04-17 00:55:00,29.5,60.7,15.6,54.2,0.0,0.0,0.0
2026-04-17 00:55:05,29.5,60.6,18.6,54.2,0.0,0.0,0.0
2026-04-17 00:55:10,29.5,60.8,27.7,54.2,0.0,0.0,0.0
2026-04-17 00:55:15,29.3,60.8,6.5,54.2,0.0,0.0,0.0
2026-04-17 00:55:20,29.5,60.9,31.2,54.1,0.0,0.0,0.0
2026-04-17 00:55:25,29.2,61.0,0.0,54.1,0.0,0.0,0.0
2026-04-17 00:55:30,29.5,61.0,13.1,54.1,0.0,0.0,0.0
2026-04-17 00:55:35,29.5,60.9,14.9,54.2,0.0,0.0,0.0
2026-04-17 00:55:40,29.3,61.0,3.4,54.2,0.0,0.0,0.0
2026-04-17 00:55:45,29.4,61.1,22.2,54.2,0.0,0.0,0.0
2026-04-17 00:55:50,29.3,61.1,15.8,54.2,0.0,0.0,0.0
2026-04-17 00:55:55,29.4,61.0,4.1,54.2,0.0,0.0,0.0
2026-04-17 00:56:00,29.5,61.1,6.2,54.2,0.0,0.0,0.0
2026-04-17 00:56:05,29.4,61.0,18.6,54.3,0.0,0.0,0.0
2026-04-17 00:56:10,29.5,60.9,14.1,54.3,0.0,0.0,0.0
2026-04-17 00:56:15,29.5,60.9,10.4,54.2,0.0,0.0,0.0
2026-04-17 00:56:20,29.4,60.8,20.2,54.2,0.0,0.0,0.0
2026-04-17 00:56:25,29.3,60.8,2.7,54.2,0.0,0.0,0.0
2026-04-17 00:56:30,29.5,61.0,20.0,54.2,0.0,0.0,0.0
2026-04-17 00:56:35,29.5,60.9,16.0,54.2,0.0,0.0,0.0
2026-04-17 00:56:40,29.5,60.9,0.0,54.2,0.0,0.0,0.0
2026-04-17 00:56:45,29.5,61.0,14.6,54.2,0.0,0.0,0.0
2026-04-17 00:56:50,29.6,60.8,8.2,54.2,0.0,0.0,0.0
2026-04-17 00:56:55,29.5,60.7,28.1,54.2,0.0,0.0,0.0
2026-04-17 00:57:00,29.6,60.7,10.7,54.2,0.0,0.0,0.0
2026-04-17 00:57:05,29.5,60.6,24.6,54.2,0.0,0.0,0.0
2026-04-17 00:57:10,29.5,60.6,6.1,54.2,0.0,0.0,0.0
2026-04-17 00:57:15,29.5,60.6,13.0,54.2,0.0,0.0,0.0
2026-04-17 00:57:20,29.2,60.7,10.8,54.2,0.0,0.0,0.0
2026-04-17 00:57:25,29.4,60.8,0.0,54.2,0.0,0.0,0.0
2026-04-17 00:57:30,29.4,60.7,34.8,54.2,0.0,0.0,0.0
2026-04-17 00:57:35,29.6,60.7,14.5,54.2,0.0,0.0,0.0
2026-04-17 00:57:40,29.5,60.6,11.0,54.2,0.0,0.0,0.0
2026-04-17 00:57:45,29.3,60.7,31.3,54.2,0.0,0.0,0.0
2026-04-17 00:57:50,29.4,60.6,0.0,54.2,0.0,0.0,0.0
2026-04-17 00:57:55,29.5,60.6,0.0,54.2,0.0,0.0,0.0
2026-04-17 00:58:00,29.5,60.7,34.3,54.2,0.0,0.0,0.0
2026-04-17 00:58:05,29.4,60.7,23.1,54.2,0.0,0.0,0.0
2026-04-17 00:58:10,29.5,60.6,23.1,54.2,0.0,0.0,0.0
2026-04-17 00:58:15,29.5,60.6,22.4,54.2,0.0,0.0,0.0
2026-04-17 00:58:20,29.4,60.4,29.3,54.2,0.0,0.0,0.0
2026-04-17 00:58:25,29.5,60.4,13.3,54.2,0.0,0.0,0.0
2026-04-17 00:58:30,29.6,60.4,9.8,54.2,0.0,0.0,0.0
2026-04-17 00:58:35,29.6,60.3,20.4,54.2,0.0,0.0,0.0
2026-04-17 00:58:40,29.5,60.4,17.3,54.2,0.0,0.0,0.0
2026-04-17 00:58:45,29.5,60.4,16.5,54.2,0.0,0.0,0.0
2026-04-17 00:58:50,29.4,60.6,4.5,54.2,0.0,0.0,0.0
2026-04-17 00:58:55,29.5,60.7,24.1,54.2,0.0,0.0,0.0
2026-04-17 00:59:00,29.3,60.7,22.5,54.2,0.0,0.0,0.0
2026-04-17 00:59:05,29.3,60.8,14.0,54.1,0.0,0.0,0.0
2026-04-17 00:59:10,29.5,60.7,16.8,54.1,0.0,0.0,0.0
2026-04-17 00:59:15,29.5,60.7,9.3,54.1,0.0,0.0,0.0
2026-04-17 00:59:20,29.4,60.6,18.5,54.2,0.0,0.0,0.0
2026-04-17 00:59:25,29.4,60.6,21.9,54.2,0.0,0.0,0.0
2026-04-17 00:59:30,29.3,60.4,0.0,54.2,0.0,0.0,0.0
2026-04-17 00:59:35,29.5,60.4,6.7,54.2,0.0,0.0,0.0
2026-04-17 00:59:40,29.5,60.5,14.4,54.2,0.0,0.0,0.0
2026-04-17 00:59:45,29.4,60.4,15.8,54.2,0.0,0.0,0.0
2026-04-17 00:59:50,29.6,60.4,15.7,54.2,0.0,0.0,0.0
2026-04-17 00:59:55,29.5,60.5,14.8,54.2,0.0,0.0,0.0
2026-04-17 01:00:00,29.4,60.5,22.5,54.2,0.0,0.0,0.0
2026-04-17 01:00:05,29.5,60.5,20.1,54.2,0.0,0.0,0.0
2026-04-17 01:00:10,29.4,60.4,7.0,54.2,0.0,0.0,0.0
2026-04-17 01:00:15,29.2,60.4,36.4,54.2,0.0,0.0,0.0
2026-04-17 01:00:20,29.5,60.4,35.9,54.2,0.0,0.0,0.0
2026-04-17 01:00:25,29.4,60.5,11.4,54.2,0.0,0.0,0.0
2026-04-17 01:00:30,29.6,60.5,9.2,54.2,0.0,0.0,0.0
2026-04-17 01:00:35,29.4,60.5,0.9,54.2,0.0,0.0,0.0
2026-04-17 01:00:40,29.4,60.5,0.4,54.2,0.0,0.0,0.0
2026-04-17 01:00:45,29.5,60.4,26.4,54.2,0.0,0.0,0.0
2026-04-17 01:00:50,29.5,60.6,15.9,54.2,0.0,0.0,0.0
2026-04-17 01:00:55,29.5,60.6,28.3,54.2,0.0,0.0,0.0
2026-04-17 01:01:00,29.6,60.4,2.7,54.2,0.0,0.0,0.0
2026-04-17 01:01:05,29.6,60.4,13.6,54.2,0.0,0.0,0.0
2026-04-17 01:01:10,29.5,60.2,27.6,54.2,0.0,0.0,0.0
2026-04-17 01:01:15,29.4,60.1,7.6,54.2,0.0,0.0,0.0
2026-04-17 01:01:20,29.4,60.1,14.3,54.2,0.0,0.0,0.0
2026-04-17 01:01:25,29.5,60.0,0.0,54.2,0.0,0.0,0.0
2026-04-17 01:01:30,29.7,60.0,30.2,54.2,0.0,0.0,0.0
2026-04-17 01:01:35,29.4,59.9,7.0,54.2,0.0,0.0,0.0
2026-04-17 01:01:40,29.3,60.0,9.8,54.2,0.0,0.0,0.0
2026-04-17 01:01:45,29.6,60.1,4.8,54.2,0.0,0.0,0.0
2026-04-17 01:01:50,29.5,60.2,22.8,54.2,0.0,0.0,0.0
2026-04-17 01:01:55,29.5,60.3,27.7,54.2,0.0,0.0,0.0
2026-04-17 01:02:00,29.6,60.3,30.2,54.2,0.0,0.0,0.0
2026-04-17 01:02:05,29.5,60.3,13.2,54.2,0.0,0.0,0.0
2026-04-17 01:02:10,29.3,60.3,6.5,54.2,0.0,0.0,0.0
2026-04-17 01:02:15,29.6,60.3,15.3,54.2,0.0,0.0,0.0
2026-04-17 01:02:20,29.4,60.3,6.2,54.2,0.0,0.0,0.0
2026-04-17 01:02:25,29.5,60.5,0.0,54.2,0.0,0.0,0.0
2026-04-17 01:02:30,29.6,60.5,13.5,54.2,0.0,0.0,0.0
2026-04-17 01:02:35,29.5,60.5,20.2,54.2,0.0,0.0,0.0
2026-04-17 01:02:40,29.6,60.4,0.4,54.2,0.0,0.0,0.0
2026-04-17 01:02:45,29.4,60.5,25.6,54.2,0.0,0.0,0.0
2026-04-17 01:02:50,29.4,60.5,12.4,54.2,0.0,0.0,0.0
2026-04-17 01:02:55,29.5,60.6,13.6,54.2,0.0,0.0,0.0
2026-04-17 01:03:00,29.3,60.6,19.2,54.2,0.0,0.0,0.0
2026-04-17 01:03:05,29.3,60.7,14.4,54.2,0.0,0.0,0.0
2026-04-17 01:03:10,29.4,60.8,25.3,54.2,0.0,0.0,0.0
2026-04-17 01:03:15,29.5,60.8,11.6,54.2,0.0,0.0,0.0
2026-04-17 01:03:20,29.5,60.8,5.1,54.2,0.0,0.0,0.0
2026-04-17 01:03:25,29.5,60.7,20.0,54.2,0.0,0.0,0.0
2026-04-17 01:03:30,29.5,60.7,22.7,54.2,0.0,0.0,0.0
2026-04-17 01:03:35,29.4,60.7,13.2,54.2,0.0,0.0,0.0
2026-04-17 01:03:40,29.5,60.7,23.3,54.2,0.0,0.0,0.0
2026-04-17 01:03:45,29.5,60.7,17.4,54.2,0.0,0.0,0.0
2026-04-17 01:03:50,29.5,60.5,12.5,54.2,0.0,0.0,0.0
2026-04-17 01:03:55,29.4,60.6,30.5,54.2,0.0,0.0,0.0
2026-04-17 01:04:00,29.4,60.6,23.1,54.2,0.0,0.0,0.0
2026-04-17 01:04:05,29.4,60.6,19.3,54.2,0.0,0.0,0.0
2026-04-17 01:04:10,29.5,60.5,9.8,54.2,0.0,0.0,0.0
2026-04-17 01:04:15,29.5,60.5,10.1,54.2,0.0,0.0,0.0
2026-04-17 01:04:20,29.4,60.5,0.0,54.2,0.0,0.0,0.0
2026-04-17 01:04:25,29.4,60.2,11.3,54.2,0.0,0.0,0.0
2026-04-17 01:04:30,29.4,60.2,20.6,54.2,0.0,0.0,0.0
2026-04-17 01:04:35,29.4,60.3,22.8,54.2,0.0,0.0,0.0
2026-04-17 01:04:40,29.3,60.1,11.9,54.2,0.0,0.0,0.0
2026-04-17 01:04:45,29.4,60.0,14.0,54.2,0.0,0.0,0.0
2026-04-17 01:04:50,29.3,60.0,12.3,54.2,0.0,0.0,0.0
2026-04-17 01:04:55,29.1,60.0,13.7,54.2,0.0,0.0,0.0
2026-04-17 01:05:00,29.5,60.0,32.5,54.2,0.0,0.0,0.0
2026-04-17 01:05:05,29.4,59.9,23.9,54.2,0.0,0.0,0.0
2026-04-17 01:05:10,29.4,60.0,6.7,54.2,0.0,0.0,0.0
2026-04-17 01:05:15,29.4,60.0,24.3,54.1,0.0,0.0,0.0
2026-04-17 01:05:20,29.4,60.1,17.7,54.1,0.0,0.0,0.0
2026-04-17 01:05:25,29.5,60.1,7.3,54.2,0.0,0.0,0.0
2026-04-17 01:05:30,29.4,59.9,4.0,54.2,0.0,0.0,0.0
2026-04-17 01:05:35,29.5,60.0,12.0,54.2,0.0,0.0,0.0
2026-04-17 01:05:40,29.5,60.0,13.8,54.2,0.0,0.0,0.0
2026-04-17 01:05:45,29.4,60.1,13.1,54.2,0.0,0.0,0.0
2026-04-17 01:05:50,29.4,60.1,9.4,54.2,0.0,0.0,0.0
2026-04-17 01:05:55,29.4,60.2,4.6,54.2,0.0,0.0,0.0
2026-04-17 01:06:00,29.3,60.3,10.0,54.2,0.0,0.0,0.0
2026-04-17 01:06:05,29.5,60.3,12.1,54.2,0.0,0.0,0.0
2026-04-17 01:06:10,29.5,60.3,6.1,54.2,0.0,0.0,0.0
2026-04-17 01:06:15,29.4,60.3,34.1,54.2,0.0,0.0,0.0
2026-04-17 01:06:20,29.4,60.2,10.2,54.2,0.0,0.0,0.0
2026-04-17 01:06:25,29.4,60.2,41.9,54.2,0.0,0.0,0.0
2026-04-17 01:06:30,29.3,60.2,8.1,54.2,0.0,0.0,0.0
2026-04-17 01:06:35,29.5,60.3,26.4,54.2,0.0,0.0,0.0
2026-04-17 01:06:40,29.5,60.2,13.6,54.2,0.0,0.0,0.0
2026-04-17 01:06:45,29.5,60.2,23.2,54.2,0.0,0.0,0.0
2026-04-17 01:06:50,29.5,60.3,10.3,54.2,0.0,0.0,0.0
2026-04-17 01:06:55,29.4,60.4,16.1,54.2,0.0,0.0,0.0
2026-04-17 01:07:00,29.2,60.4,14.8,54.2,0.0,0.0,0.0
2026-04-17 01:07:05,29.5,60.3,22.6,54.2,0.0,0.0,0.0
2026-04-17 01:07:10,29.4,60.4,21.0,54.2,0.0,0.0,0.0
2026-04-17 01:07:15,29.3,60.3,15.2,54.2,0.0,0.0,0.0
2026-04-17 01:07:20,29.4,60.4,31.5,54.2,0.0,0.0,0.0
2026-04-17 01:07:25,29.4,60.4,25.7,54.2,0.0,0.0,0.0
2026-04-17 01:07:30,29.3,60.4,4.3,54.2,0.0,0.0,0.0
2026-04-17 01:07:35,29.4,60.4,3.0,54.2,0.0,0.0,0.0
2026-04-17 01:07:40,29.3,60.3,21.6,54.2,0.0,0.0,0.0
2026-04-17 01:07:45,29.2,60.3,24.6,54.2,0.0,0.0,0.0
2026-04-17 01:07:50,29.3,60.3,3.5,54.2,0.0,0.0,0.0
2026-04-17 01:07:55,29.4,60.5,2.9,54.2,0.0,0.0,0.0
2026-04-17 01:08:00,29.3,60.4,0.0,54.2,0.0,0.0,0.0
2026-04-17 01:08:05,29.4,60.4,22.6,54.2,0.0,0.0,0.0
2026-04-17 01:08:10,29.4,60.3,10.7,54.2,0.0,0.0,0.0
2026-04-17 01:08:15,29.4,60.2,9.3,54.2,0.0,0.0,0.0
2026-04-17 01:08:20,29.3,60.1,14.4,54.2,0.0,0.0,0.0
2026-04-17 01:08:25,29.3,60.2,24.0,54.2,0.0,0.0,0.0
2026-04-17 01:08:30,29.4,60.2,3.2,54.2,0.0,0.0,0.0
2026-04-17 01:08:35,29.4,60.2,17.8,54.1,0.0,0.0,0.0
2026-04-17 01:08:40,29.4,60.2,5.6,54.1,0.0,0.0,0.0
2026-04-17 01:08:45,29.4,60.4,23.6,54.1,0.0,0.0,0.0
2026-04-17 01:08:50,29.5,60.4,19.7,54.2,0.0,0.0,0.0
2026-04-17 01:08:55,29.2,60.4,17.7,54.2,0.0,0.0,0.0
2026-04-17 01:09:00,29.3,60.3,16.5,54.2,0.0,0.0,0.0
2026-04-17 01:09:05,29.3,60.2,25.5,54.2,0.0,0.0,0.0
2026-04-17 01:09:10,29.3,60.3,4.5,54.2,0.0,0.0,0.0
2026-04-17 01:09:15,29.3,60.2,15.1,54.2,0.0,0.0,0.0
2026-04-17 01:09:20,29.3,60.4,14.8,54.2,0.0,0.0,0.0
2026-04-17 01:09:25,29.3,60.5,34.4,54.2,0.0,0.0,0.0
2026-04-17 01:09:30,29.5,60.5,40.9,54.2,0.0,0.0,0.0
2026-04-17 01:09:35,29.4,60.4,19.2,54.2,0.0,0.0,0.0
2026-04-17 01:09:40,29.4,60.2,17.6,54.2,0.0,0.0,0.0
2026-04-17 01:09:45,29.3,60.2,26.8,54.2,0.0,0.0,0.0
2026-04-17 01:09:50,29.4,60.2,14.0,54.2,0.0,0.0,0.0
2026-04-17 01:09:55,29.5,60.2,16.0,54.2,0.0,0.0,0.0
2026-04-17 01:10:00,29.4,60.2,5.0,54.1,0.0,0.0,0.0
2026-04-17 01:10:05,29.5,60.3,1.9,54.1,0.0,0.0,0.0
2026-04-17 01:10:10,29.4,60.2,16.4,54.1,0.0,0.0,0.0
2026-04-17 01:10:15,29.4,60.3,23.8,54.1,0.0,0.0,0.0
2026-04-17 01:10:20,29.4,60.3,2.8,54.1,0.0,0.0,0.0
2026-04-17 01:10:25,29.5,60.4,6.0,54.1,0.0,0.0,0.0
2026-04-17 01:10:30,29.4,60.4,1.0,54.1,0.0,0.0,0.0
2026-04-17 01:10:35,29.3,60.4,34.7,54.1,0.0,0.0,0.0
2026-04-17 01:10:40,29.3,60.3,20.3,54.1,0.0,0.0,0.0
2026-04-17 01:10:45,29.4,60.3,5.9,54.1,0.0,0.0,0.0
2026-04-17 01:10:50,29.5,60.2,14.5,54.1,0.0,0.0,0.0
2026-04-17 01:10:55,29.4,60.4,16.2,54.1,0.0,0.0,0.0
2026-04-17 01:11:00,29.4,60.4,6.1,54.1,0.0,0.0,0.0
2026-04-17 01:11:05,29.4,60.5,2.7,54.1,0.0,0.0,0.0
2026-04-17 01:11:10,29.3,60.5,8.4,54.1,0.0,0.0,0.0
2026-04-17 01:11:15,29.3,60.5,7.7,54.1,0.0,0.0,0.0
2026-04-17 01:11:20,29.4,60.6,19.7,54.1,0.0,0.0,0.0
2026-04-17 01:11:25,29.4,60.6,25.8,54.2,0.0,0.0,0.0
2026-04-17 01:11:30,29.3,60.8,0.0,54.2,0.0,0.0,0.0
2026-04-17 01:11:35,29.5,60.9,4.3,54.2,0.0,0.0,0.0
2026-04-17 01:11:40,29.5,60.8,23.5,54.1,0.0,0.0,0.0
2026-04-17 01:11:45,29.6,60.7,15.8,54.1,0.0,0.0,0.0
2026-04-17 01:11:50,29.4,60.7,25.7,54.1,0.0,0.0,0.0
2026-04-17 01:11:55,29.5,60.7,23.4,54.1,0.0,0.0,0.0
2026-04-17 01:12:00,29.4,60.7,0.0,54.1,0.0,0.0,0.0
2026-04-17 01:12:05,29.3,60.6,17.0,54.2,0.0,0.0,0.0
2026-04-17 01:12:10,29.4,60.7,12.8,54.2,0.0,0.0,0.0
2026-04-17 01:12:15,29.3,60.9,20.6,54.2,0.0,0.0,0.0
2026-04-17 01:12:20,29.4,61.1,5.6,54.1,0.0,0.0,0.0
2026-04-17 01:12:25,29.4,61.1,3.2,54.1,0.0,0.0,0.0
2026-04-17 01:12:30,29.5,61.1,5.3,54.2,0.0,0.0,0.0
2026-04-17 01:12:35,29.5,61.0,8.4,54.2,0.0,0.0,0.0
2026-04-17 01:12:40,29.4,60.9,15.2,54.2,0.0,0.0,0.0
2026-04-17 01:12:45,29.5,61.0,0.8,54.2,0.0,0.0,0.0
2026-04-17 01:12:50,29.4,61.0,11.4,54.2,0.0,0.0,0.0
2026-04-17 01:12:55,29.3,61.0,9.2,54.2,0.0,0.0,0.0
2026-04-17 01:13:00,29.4,60.9,6.5,54.2,0.0,0.0,0.0
2026-04-17 01:13:05,29.5,60.8,14.1,54.2,0.0,0.0,0.0
2026-04-17 01:13:10,29.3,60.7,0.8,54.2,0.0,0.0,0.0
2026-04-17 01:13:15,29.4,60.7,0.0,54.2,0.0,0.0,0.0
2026-04-17 01:13:20,29.4,60.6,2.4,54.2,0.0,0.0,0.0
2026-04-17 01:13:25,29.4,60.6,25.6,54.2,0.0,0.0,0.0
2026-04-17 01:13:30,29.3,60.5,15.1,54.1,0.0,0.0,0.0
2026-04-17 01:13:35,29.4,60.5,20.5,54.1,0.0,0.0,0.0
2026-04-17 01:13:40,29.4,60.6,9.0,54.2,0.0,0.0,0.0
2026-04-17 01:13:45,29.5,60.7,19.8,54.2,0.0,0.0,0.0
2026-04-17 01:13:50,29.3,60.7,0.8,54.1,0.0,0.0,0.0
2026-04-17 01:13:55,29.4,60.7,1.8,54.1,0.0,0.0,0.0
2026-04-17 01:14:00,29.4,60.6,15.7,54.1,0.0,0.0,0.0
2026-04-17 01:14:05,29.4,60.5,29.5,54.1,0.0,0.0,0.0
2026-04-17 01:14:10,29.5,60.4,8.9,54.1,0.0,0.0,0.0
2026-04-17 01:14:15,29.4,60.4,14.0,54.1,0.0,0.0,0.0
2026-04-17 01:14:20,29.4,60.4,27.5,54.1,0.0,0.0,0.0
2026-04-17 01:14:25,29.5,60.3,19.9,54.1,0.0,0.0,0.0
2026-04-17 01:14:30,29.3,60.2,10.4,54.1,0.0,0.0,0.0
2026-04-17 01:14:35,29.4,60.3,14.3,54.1,0.0,0.0,0.0
2026-04-17 01:14:40,29.4,60.2,4.9,54.2,0.0,0.0,0.0
2026-04-17 01:14:45,29.5,60.2,6.9,54.2,0.0,0.0,0.0
2026-04-17 01:14:50,29.3,60.3,13.2,54.2,0.0,0.0,0.0
2026-04-17 01:14:55,29.4,60.4,11.5,54.2,0.0,0.0,0.0
2026-04-17 01:15:00,29.5,60.3,22.8,54.2,0.0,0.0,0.0
2026-04-17 01:15:05,29.4,60.5,23.4,54.2,0.0,0.0,0.0
2026-04-17 01:15:10,29.3,60.5,7.6,54.2,0.0,0.0,0.0
2026-04-17 01:15:15,29.3,60.4,1.2,54.1,0.0,0.0,0.0
2026-04-17 01:15:20,29.3,60.5,15.4,54.1,0.0,0.0,0.0
2026-04-17 01:15:25,29.5,60.4,21.3,54.1,0.0,0.0,0.0
2026-04-17 01:15:30,29.3,60.4,11.7,54.1,0.0,0.0,0.0
2026-04-17 01:15:35,29.4,60.5,9.9,54.1,0.0,0.0,0.0
2026-04-17 01:15:40,29.3,60.4,8.1,54.1,0.0,0.0,0.0
2026-04-17 01:15:45,29.5,60.4,13.8,54.1,0.0,0.0,0.0
2026-04-17 01:15:50,29.3,60.3,5.4,54.1,0.0,0.0,0.0
2026-04-17 01:15:55,29.4,60.3,17.0,54.1,0.0,0.0,0.0
2026-04-17 01:16:00,29.3,60.4,19.2,54.2,0.0,0.0,0.0
2026-04-17 01:16:05,29.4,60.4,0.0,54.2,0.0,0.0,0.0
2026-04-17 01:16:10,29.4,60.4,18.0,54.2,0.0,0.0,0.0
2026-04-17 01:16:15,29.4,60.3,29.5,54.2,0.0,0.0,0.0
2026-04-17 01:16:20,29.3,60.4,26.1,54.2,0.0,0.0,0.0
2026-04-17 01:16:25,29.4,60.4,32.5,54.2,0.0,0.0,0.0
2026-04-17 01:16:30,29.4,60.5,14.7,54.2,0.0,0.0,0.0
2026-04-17 01:16:35,29.3,60.6,8.4,54.2,0.0,0.0,0.0
2026-04-17 01:16:40,29.2,60.6,22.3,54.2,0.0,0.0,0.0
2026-04-17 01:16:45,29.3,60.5,0.0,54.2,0.0,0.0,0.0
2026-04-17 01:16:50,29.3,60.6,16.1,54.2,0.0,0.0,0.0
2026-04-17 01:16:55,29.4,60.7,0.0,54.1,0.0,0.0,0.0
2026-04-17 01:17:00,29.3,60.6,30.6,54.1,0.0,0.0,0.0
2026-04-17 01:17:05,29.4,60.6,10.7,54.1,0.0,0.0,0.0
2026-04-17 01:17:10,29.5,60.7,17.1,54.1,0.0,0.0,0.0
2026-04-17 01:17:15,29.4,60.8,0.0,54.1,0.0,0.0,0.0
2026-04-17 01:17:20,29.2,60.8,11.9,54.1,0.0,0.0,0.0
2026-04-17 01:17:25,29.3,60.8,15.6,54.1,0.0,0.0,0.0
2026-04-17 01:17:30,29.5,60.9,11.9,54.2,0.0,0.0,0.0
2026-04-17 01:17:35,29.4,60.9,20.1,54.2,0.0,0.0,0.0
2026-04-17 01:17:40,29.4,60.9,4.1,54.2,0.0,0.0,0.0
2026-04-17 01:17:45,29.4,61.0,13.4,54.2,0.0,0.0,0.0
2026-04-17 01:17:50,29.4,61.0,5.6,54.2,0.0,0.0,0.0
2026-04-17 01:17:55,29.3,61.0,5.5,54.2,0.0,0.0,0.0
2026-04-17 01:18:00,29.3,61.1,3.6,54.2,0.0,0.0,0.0
2026-04-17 01:18:05,29.5,61.0,0.0,54.2,0.0,0.0,0.0
2026-04-17 01:18:10,29.4,60.9,0.3,54.2,0.0,0.0,0.0
2026-04-17 01:18:15,29.5,61.0,17.3,54.2,0.0,0.0,0.0
2026-04-17 01:18:20,29.4,61.1,17.7,54.2,0.0,0.0,0.0
2026-04-17 01:18:25,29.3,61.0,25.5,54.2,0.0,0.0,0.0
2026-04-17 01:18:30,29.4,61.0,8.8,54.2,0.0,0.0,0.0
2026-04-17 01:18:35,29.3,60.8,12.8,54.2,0.0,0.0,0.0
2026-04-17 01:18:40,29.3,60.8,30.9,54.1,0.0,0.0,0.0
2026-04-17 01:18:45,29.3,60.8,4.1,54.1,0.0,0.0,0.0
2026-04-17 01:18:50,29.3,60.8,20.3,54.1,0.0,0.0,0.0
2026-04-17 01:18:55,29.4,60.7,32.7,54.2,0.0,0.0,0.0
2026-04-17 01:19:00,29.4,60.7,11.9,54.2,0.0,0.0,0.0
2026-04-17 01:19:05,29.4,60.7,0.0,54.2,0.0,0.0,0.0
2026-04-17 01:19:10,29.4,60.7,18.1,54.2,0.0,0.0,0.0
2026-04-17 01:19:15,29.5,60.8,35.1,54.2,0.0,0.0,0.0
2026-04-17 01:19:20,29.3,60.8,28.6,54.2,0.0,0.0,0.0
2026-04-17 01:19:25,29.4,60.7,21.5,54.2,0.0,0.0,0.0
2026-04-17 01:19:30,29.4,60.8,11.5,54.2,0.0,0.0,0.0
2026-04-17 01:19:35,29.4,60.8,11.5,54.2,0.0,0.0,0.0
2026-04-17 01:19:40,29.3,61.0,30.4,54.2,0.0,0.0,0.0
2026-04-17 01:19:45,29.4,60.9,23.6,54.2,0.0,0.0,0.0
2026-04-17 01:19:50,29.4,60.8,7.7,54.2,0.0,0.0,0.0
2026-04-17 01:19:55,29.4,60.7,17.6,54.1,0.0,0.0,0.0
2026-04-17 01:20:00,29.3,60.7,17.6,54.1,0.0,0.0,0.0
2026-04-17 01:20:05,29.3,60.8,18.2,54.1,0.0,0.0,0.0
2026-04-17 01:20:10,29.4,60.7,12.3,54.1,0.0,0.0,0.0
2026-04-17 01:20:15,29.4,60.6,22.4,54.1,0.0,0.0,0.0
2026-04-17 01:20:20,29.3,60.6,0.0,54.1,0.0,0.0,0.0
2026-04-17 01:20:25,29.4,60.5,12.9,54.1,0.0,0.0,0.0
2026-04-17 01:20:30,29.3,60.6,3.3,54.1,0.0,0.0,0.0
2026-04-17 01:20:35,29.4,60.7,13.2,54.1,0.0,0.0,0.0
2026-04-17 01:20:40,29.4,60.8,12.5,54.1,0.0,0.0,0.0
2026-04-17 01:20:45,29.3,60.9,12.8,54.1,0.0,0.0,0.0
2026-04-17 01:20:50,29.5,61.0,24.4,54.2,0.0,0.0,0.0
2026-04-17 01:20:55,29.5,60.9,28.8,54.2,0.0,0.0,0.0
2026-04-17 01:21:00,29.3,60.8,8.4,54.1,0.0,0.0,0.0
2026-04-17 01:21:05,29.5,60.9,14.1,54.1,0.0,0.0,0.0
2026-04-17 01:21:10,29.5,60.8,17.4,54.1,0.0,0.0,0.0
2026-04-17 01:21:15,29.4,60.8,31.6,54.1,0.0,0.0,0.0
2026-04-17 01:21:20,29.4,60.8,18.7,54.1,0.0,0.0,0.0
2026-04-17 01:21:25,29.3,60.7,14.0,54.1,0.0,0.0,0.0
2026-04-17 01:21:30,29.3,60.6,6.1,54.1,0.0,0.0,0.0
2026-04-17 01:21:35,29.2,60.5,6.4,54.2,0.0,0.0,0.0
2026-04-17 01:21:40,29.4,60.5,12.6,54.2,0.0,0.0,0.0
2026-04-17 01:21:45,29.3,60.7,27.5,54.2,0.0,0.0,0.0
2026-04-17 01:21:50,29.2,60.8,8.1,54.2,0.0,0.0,0.0
2026-04-17 01:21:55,29.4,60.8,29.8,54.2,0.0,0.0,0.0
2026-04-17 01:22:00,29.3,60.8,11.2,54.2,0.0,0.0,0.0
2026-04-17 01:22:05,29.3,60.8,18.7,54.2,0.0,0.0,0.0
2026-04-17 01:22:10,29.5,60.8,14.8,54.1,0.0,0.0,0.0
2026-04-17 01:22:15,29.3,60.9,21.3,54.1,0.0,0.0,0.0
2026-04-17 01:22:20,29.3,60.9,12.6,54.1,0.0,0.0,0.0
2026-04-17 01:22:25,29.4,60.8,15.9,54.1,0.0,0.0,0.0
2026-04-17 01:22:30,29.4,60.7,21.0,54.1,0.0,0.0,0.0
2026-04-17 01:22:35,29.4,60.7,23.8,54.1,0.0,0.0,0.0
2026-04-17 01:22:40,29.3,60.7,36.8,54.1,0.0,0.0,0.0
2026-04-17 01:22:45,29.3,60.7,0.7,54.1,0.0,0.0,0.0
2026-04-17 01:22:50,29.2,60.8,11.7,54.1,0.0,0.0,0.0
2026-04-17 01:22:55,29.3,60.9,38.7,54.1,0.0,0.0,0.0
2026-04-17 01:23:00,29.4,60.9,3.7,54.1,0.0,0.0,0.0
2026-04-17 01:23:05,29.2,60.8,11.8,54.1,0.0,0.0,0.0
2026-04-17 01:23:10,29.3,60.9,12.9,54.2,0.0,0.0,0.0
2026-04-17 01:23:15,29.3,61.0,36.6,54.2,0.0,0.0,0.0
2026-04-17 01:23:20,29.3,60.8,16.4,54.2,0.0,0.0,0.0
2026-04-17 01:23:25,29.3,60.9,31.1,54.2,0.0,0.0,0.0
2026-04-17 01:23:30,29.3,60.8,2.4,54.2,0.0,0.0,0.0
2026-04-17 01:23:35,29.3,60.7,16.4,54.2,0.0,0.0,0.0
2026-04-17 01:23:40,29.2,60.7,0.2,54.1,0.0,0.0,0.0
2026-04-17 01:23:45,29.2,60.7,23.6,54.1,0.0,0.0,0.0
2026-04-17 01:23:50,29.2,60.7,23.9,54.1,0.0,0.0,0.0
2026-04-17 01:23:55,29.4,60.7,0.0,54.1,0.0,0.0,0.0
2026-04-17 01:24:00,29.3,60.7,28.3,54.1,0.0,0.0,0.0
2026-04-17 01:24:05,29.2,60.6,3.8,54.1,0.0,0.0,0.0
2026-04-17 01:24:10,29.4,60.6,6.6,54.1,0.0,0.0,0.0
2026-04-17 01:24:15,29.2,60.5,9.1,54.1,0.0,0.0,0.0
2026-04-17 01:24:20,29.2,60.5,17.6,54.2,0.0,0.0,0.0
2026-04-17 01:24:25,29.2,60.5,8.6,54.2,0.0,0.0,0.0
2026-04-17 01:24:30,29.4,60.7,30.9,54.2,0.0,0.0,0.0
2026-04-17 01:24:35,29.3,60.6,15.5,54.2,0.0,0.0,0.0
2026-04-17 01:24:40,29.2,60.7,18.4,54.1,0.0,0.0,0.0
2026-04-17 01:24:45,29.2,60.6,17.4,54.1,0.0,0.0,0.0
2026-04-17 01:24:50,29.2,60.6,9.3,54.1,0.0,0.0,0.0
2026-04-17 01:24:55,29.3,60.7,14.8,54.2,0.0,0.0,0.0
2026-04-17 01:25:00,29.2,60.6,19.5,54.2,0.0,0.0,0.0
2026-04-17 01:25:05,29.3,60.8,19.9,54.1,0.0,0.0,0.0
2026-04-17 01:25:10,29.2,60.8,25.3,54.1,0.0,0.0,0.0
2026-04-17 01:25:15,29.4,60.7,7.1,54.1,0.0,0.0,0.0
2026-04-17 01:25:20,29.2,60.7,34.2,54.1,0.0,0.0,0.0
2026-04-17 01:25:25,29.3,60.7,10.4,54.1,0.0,0.0,0.0
2026-04-17 01:25:30,29.3,60.6,0.0,54.1,0.0,0.0,0.0
2026-04-17 01:25:35,29.2,60.5,6.1,54.1,0.0,0.0,0.0
2026-04-17 01:25:40,29.1,60.5,19.4,54.1,0.0,0.0,0.0
2026-04-17 01:25:45,29.3,60.6,9.5,54.1,0.0,0.0,0.0
2026-04-17 01:25:50,29.3,60.6,27.6,54.1,0.0,0.0,0.0
2026-04-17 01:25:55,29.4,60.5,26.4,54.1,0.0,0.0,0.0
2026-04-17 01:26:00,29.2,60.6,24.1,54.2,0.0,0.0,0.0
2026-04-17 01:26:05,29.3,60.7,2.2,54.2,0.0,0.0,0.0
2026-04-17 01:26:10,29.2,60.7,24.2,54.2,0.0,0.0,0.0
2026-04-17 01:26:15,29.4,60.6,34.7,54.2,0.0,0.0,0.0
2026-04-17 01:26:20,29.2,60.8,15.4,54.2,0.0,0.0,0.0
2026-04-17 01:26:25,29.1,60.7,30.8,54.1,0.0,0.0,0.0
2026-04-17 01:26:30,29.2,60.7,6.8,54.1,0.0,0.0,0.0
2026-04-17 01:26:35,29.4,60.7,7.5,54.1,0.0,0.0,0.0
2026-04-17 01:26:40,29.3,60.7,3.5,54.1,0.0,0.0,0.0
2026-04-17 01:26:45,29.3,60.7,0.0,54.1,0.0,0.0,0.0
2026-04-17 01:26:50,29.3,60.8,11.0,54.1,0.0,0.0,0.0
2026-04-17 01:26:55,29.3,60.8,7.9,54.1,0.0,0.0,0.0
2026-04-17 01:27:00,29.3,60.6,6.9,54.1,0.0,0.0,0.0
2026-04-17 01:27:05,29.0,60.6,14.8,54.1,0.0,0.0,0.0
2026-04-17 01:27:10,29.3,60.7,12.2,54.1,0.0,0.0,0.0
2026-04-17 01:27:15,29.1,60.6,23.5,54.1,0.0,0.0,0.0
2026-04-17 01:27:20,29.2,60.7,8.8,54.1,0.0,0.0,0.0
2026-04-17 01:27:25,29.1,60.5,0.0,54.1,0.0,0.0,0.0
2026-04-17 01:27:30,29.1,60.4,3.7,54.1,0.0,0.0,0.0
2026-04-17 01:27:35,29.3,60.4,17.0,54.2,0.0,0.0,0.0
2026-04-17 01:27:40,29.2,60.6,7.9,54.2,0.0,0.0,0.0
2026-04-17 01:27:45,29.1,60.6,23.1,54.2,0.0,0.0,0.0
2026-04-17 01:27:50,29.2,60.8,12.7,54.1,0.0,0.0,0.0
2026-04-17 01:27:55,29.2,60.8,5.7,54.1,0.0,0.0,0.0
2026-04-17 01:28:00,29.0,60.6,26.9,54.1,0.0,0.0,0.0
2026-04-17 01:28:05,29.2,60.5,19.7,54.1,0.0,0.0,0.0
2026-04-17 01:28:10,29.0,60.5,0.0,54.1,0.0,0.0,0.0
2026-04-17 01:28:15,29.2,60.5,0.0,54.1,0.0,0.0,0.0
2026-04-17 01:28:20,29.2,60.6,38.0,54.1,0.0,0.0,0.0
2026-04-17 01:28:25,29.2,60.7,5.9,54.2,0.0,0.0,0.0
2026-04-17 01:28:30,29.2,60.6,16.4,54.2,0.0,0.0,0.0
2026-04-17 01:28:35,29.1,60.8,20.9,54.1,0.0,0.0,0.0
2026-04-17 01:28:40,29.1,60.8,7.1,54.1,0.0,0.0,0.0
2026-04-17 01:28:45,29.2,60.8,20.6,54.1,0.0,0.0,0.0
2026-04-17 01:28:50,29.1,60.9,18.6,54.1,0.0,0.0,0.0
2026-04-17 01:28:55,29.2,60.8,14.7,54.1,0.0,0.0,0.0
2026-04-17 01:29:00,29.1,60.9,0.0,54.1,0.0,0.0,0.0
2026-04-17 01:29:05,29.2,60.8,5.2,54.1,0.0,0.0,0.0
2026-04-17 01:29:10,29.2,60.8,23.7,54.1,0.0,0.0,0.0
2026-04-17 01:29:15,29.1,60.7,31.6,54.1,0.0,0.0,0.0
2026-04-17 01:29:20,29.3,60.7,25.5,54.1,0.0,0.0,0.0
2026-04-17 01:29:25,29.1,60.6,7.9,54.1,0.0,0.0,0.0
2026-04-17 01:29:30,29.2,60.7,6.3,54.1,0.0,0.0,0.0
2026-04-17 01:29:35,29.1,60.6,7.5,54.1,0.0,0.0,0.0
2026-04-17 01:29:40,29.3,60.4,0.0,54.1,0.0,0.0,0.0
2026-04-17 01:29:45,29.2,60.4,0.0,54.1,0.0,0.0,0.0
2026-04-17 01:29:50,29.1,60.6,19.5,54.1,0.0,0.0,0.0
2026-04-17 01:29:55,29.1,60.5,15.7,54.1,0.0,0.0,0.0
2026-04-17 01:30:00,29.2,60.6,14.7,54.1,0.0,0.0,0.0
2026-04-17 01:30:05,29.2,60.6,23.9,54.1,0.0,0.0,0.0
2026-04-17 01:30:10,29.1,60.6,14.3,54.1,0.0,0.0,0.0
2026-04-17 01:30:15,29.1,60.5,12.5,54.1,0.0,0.0,0.0
2026-04-17 01:30:20,29.2,60.5,24.5,54.1,0.0,0.0,0.0
2026-04-17 01:30:25,29.0,60.5,5.5,54.1,0.0,0.0,0.0
2026-04-17 01:30:30,29.3,60.5,29.6,54.2,0.0,0.0,0.0
2026-04-17 01:30:35,29.2,60.4,8.0,54.2,0.0,0.0,0.0
2026-04-17 01:30:40,29.1,60.2,24.1,54.2,0.0,0.0,0.0
2026-04-17 01:30:45,29.3,60.2,14.4,54.1,0.0,0.0,0.0
2026-04-17 01:30:50,29.1,60.2,14.5,54.1,0.0,0.0,0.0
2026-04-17 01:30:55,29.3,60.2,5.4,54.1,0.0,0.0,0.0
2026-04-17 01:31:00,29.1,60.3,23.7,54.2,0.0,0.0,0.0
2026-04-17 01:31:05,29.2,60.3,24.7,54.2,0.0,0.0,0.0
2026-04-17 01:31:10,29.1,60.2,33.8,54.2,0.0,0.0,0.0
2026-04-17 01:31:15,29.2,60.3,11.6,54.1,0.0,0.0,0.0
2026-04-17 01:31:20,29.2,60.3,11.0,54.1,0.0,0.0,0.0
2026-04-17 01:31:25,29.1,60.3,10.0,54.1,0.0,0.0,0.0
2026-04-17 01:31:30,29.1,60.2,15.8,54.1,0.0,0.0,0.0
2026-04-17 01:31:35,29.0,60.3,11.3,54.1,0.0,0.0,0.0
2026-04-17 01:31:40,29.1,60.2,15.7,54.1,0.0,0.0,0.0
2026-04-17 01:31:45,29.1,60.4,12.8,54.1,0.0,0.0,0.0
2026-04-17 01:31:50,29.0,60.3,16.3,54.1,0.0,0.0,0.0
2026-04-17 01:31:55,29.2,60.4,20.8,54.1,0.0,0.0,0.0
2026-04-17 01:32:00,29.1,60.4,21.4,54.1,0.0,0.0,0.0
2026-04-17 01:32:05,29.1,60.4,0.0,54.1,0.0,0.0,0.0
2026-04-17 01:32:10,29.3,60.5,12.2,54.1,0.0,0.0,0.0
2026-04-17 01:32:15,29.1,60.5,26.6,54.1,0.0,0.0,0.0
2026-04-17 01:32:20,28.9,60.5,22.5,54.2,0.0,0.0,0.0
2026-04-17 01:32:25,29.2,60.6,19.6,54.2,0.0,0.0,0.0
2026-04-17 01:32:30,29.3,60.7,18.5,54.2,0.0,0.0,0.0
2026-04-17 01:32:35,29.0,60.7,6.7,54.1,0.0,0.0,0.0
2026-04-17 01:32:40,29.3,60.5,5.2,54.1,0.0,0.0,0.0
2026-04-17 01:32:45,29.1,60.4,5.5,54.1,0.0,0.0,0.0
2026-04-17 01:32:50,29.1,60.4,0.0,54.1,0.0,0.0,0.0
2026-04-17 01:32:55,29.2,60.5,0.7,54.1,0.0,0.0,0.0
2026-04-17 01:33:00,29.2,60.4,3.6,54.1,0.0,0.0,0.0
2026-04-17 01:33:05,29.2,60.4,10.3,54.1,0.0,0.0,0.0
2026-04-17 01:33:10,29.0,60.4,19.2,54.1,0.0,0.0,0.0
2026-04-17 01:33:15,29.1,60.3,12.9,54.1,0.0,0.0,0.0
2026-04-17 01:33:20,29.2,60.3,10.6,54.1,0.0,0.0,0.0
2026-04-17 01:33:25,29.1,60.3,12.5,54.1,0.0,0.0,0.0
2026-04-17 01:33:30,29.2,60.4,17.2,54.1,0.0,0.0,0.0
2026-04-17 01:33:35,29.2,60.3,21.2,54.1,0.0,0.0,0.0
2026-04-17 01:33:40,29.1,60.4,17.1,54.1,0.0,0.0,0.0
2026-04-17 01:33:45,29.0,60.3,10.2,54.1,0.0,0.0,0.0
2026-04-17 01:33:50,29.2,60.4,17.1,54.1,0.0,0.0,0.0
2026-04-17 01:33:55,29.3,60.3,21.1,54.1,0.0,0.0,0.0
2026-04-17 01:34:00,29.1,60.4,7.8,54.1,0.0,0.0,0.0
2026-04-17 01:34:05,29.1,60.4,28.1,54.1,0.0,0.0,0.0
2026-04-17 01:34:10,29.1,60.4,22.6,54.1,0.0,0.0,0.0
2026-04-17 01:34:15,29.0,60.3,20.9,54.1,0.0,0.0,0.0
2026-04-17 01:34:20,29.3,60.3,13.6,54.1,0.0,0.0,0.0
2026-04-17 01:34:25,29.2,60.3,16.3,54.1,0.0,0.0,0.0
2026-04-17 01:34:30,29.1,60.5,11.1,54.1,0.0,0.0,0.0
2026-04-17 01:34:35,29.2,60.4,4.7,54.2,0.0,0.0,0.0
2026-04-17 01:34:40,29.2,60.3,16.5,54.2,0.0,0.0,0.0
2026-04-17 01:34:45,29.2,60.3,17.0,54.2,0.0,0.0,0.0
2026-04-17 01:34:50,29.2,60.4,19.4,54.2,0.0,0.0,0.0
2026-04-17 01:34:55,29.1,60.5,32.7,54.2,0.0,0.0,0.0
2026-04-17 01:35:00,29.1,60.5,0.0,54.2,0.0,0.0,0.0
2026-04-17 01:35:05,29.2,60.5,4.3,54.2,0.0,0.0,0.0
2026-04-17 01:35:10,29.2,60.6,0.0,54.2,0.0,0.0,0.0
2026-04-17 01:35:15,29.2,60.5,17.5,54.2,0.0,0.0,0.0
2026-04-17 01:35:20,29.1,60.5,2.2,54.1,0.0,0.0,0.0
2026-04-17 01:35:25,29.2,60.6,24.6,54.1,0.0,0.0,0.0
2026-04-17 01:35:30,29.1,60.7,16.4,54.1,0.0,0.0,0.0
2026-04-17 01:35:35,29.2,60.7,0.0,54.1,0.0,0.0,0.0
2026-04-17 01:35:40,29.1,60.7,9.1,54.1,0.0,0.0,0.0
2026-04-17 01:35:45,29.1,60.8,30.2,54.1,0.0,0.0,0.0
2026-04-17 01:35:50,29.1,60.7,12.9,54.1,0.0,0.0,0.0
2026-04-17 01:35:55,29.0,60.8,16.2,54.1,0.0,0.0,0.0
2026-04-17 01:36:00,29.0,60.7,1.2,54.1,0.0,0.0,0.0
2026-04-17 01:36:05,29.1,60.7,0.0,54.1,0.0,0.0,0.0
2026-04-17 01:36:10,29.1,60.6,30.0,54.1,0.0,0.0,0.0
2026-04-17 01:36:15,29.0,60.7,5.4,54.1,0.0,0.0,0.0
2026-04-17 01:36:20,29.2,60.8,24.2,54.1,0.0,0.0,0.0
2026-04-17 01:36:25,29.0,60.7,20.9,54.1,0.0,0.0,0.0
2026-04-17 01:36:30,29.1,60.7,36.1,54.1,0.0,0.0,0.0
2026-04-17 01:36:35,29.2,60.6,14.3,54.1,0.0,0.0,0.0
2026-04-17 01:36:40,29.1,60.6,11.2,54.1,0.0,0.0,0.0
2026-04-17 01:36:45,29.1,60.7,28.4,54.1,0.0,0.0,0.0
2026-04-17 01:36:50,29.1,60.7,11.9,54.1,0.0,0.0,0.0
2026-04-17 01:36:55,29.0,60.6,3.3,54.1,0.0,0.0,0.0
2026-04-17 01:37:00,29.0,60.6,0.4,54.1,0.0,0.0,0.0
2026-04-17 01:37:05,29.1,60.6,25.8,54.1,0.0,0.0,0.0
2026-04-17 01:37:10,29.1,60.6,32.7,54.1,0.0,0.0,0.0
2026-04-17 01:37:15,29.2,60.6,0.5,54.1,0.0,0.0,0.0
2026-04-17 01:37:20,29.1,60.5,11.3,54.1,0.0,0.0,0.0
2026-04-17 01:37:25,29.0,60.4,27.3,54.1,0.0,0.0,0.0
2026-04-17 01:37:30,29.0,60.6,13.1,54.1,0.0,0.0,0.0
2026-04-17 01:37:35,29.1,60.5,18.7,54.1,0.0,0.0,0.0
2026-04-17 01:37:40,29.2,60.5,8.2,54.1,0.0,0.0,0.0
2026-04-17 01:37:45,29.0,60.4,11.0,54.1,0.0,0.0,0.0
2026-04-17 01:37:50,29.0,60.4,36.0,54.1,0.0,0.0,0.0
2026-04-17 01:37:55,28.9,60.4,30.0,54.1,0.0,0.0,0.0
2026-04-17 01:38:00,29.1,60.6,0.0,54.1,0.0,0.0,0.0
2026-04-17 01:38:05,29.1,60.7,18.6,54.2,0.0,0.0,0.0
2026-04-17 01:38:10,29.1,60.6,25.7,54.2,0.0,0.0,0.0
2026-04-17 01:38:15,29.1,60.6,31.2,54.2,0.0,0.0,0.0
2026-04-17 01:38:20,29.2,60.6,11.4,54.2,0.0,0.0,0.0
2026-04-17 01:38:25,29.1,60.5,0.0,54.1,0.0,0.0,0.0
2026-04-17 01:38:30,29.1,60.4,22.0,54.1,0.0,0.0,0.0
2026-04-17 01:38:35,29.0,60.4,2.6,54.1,0.0,0.0,0.0
2026-04-17 01:38:40,29.1,60.5,18.4,54.1,0.0,0.0,0.0
2026-04-17 01:38:45,29.0,60.6,4.7,54.2,0.0,0.0,0.0
2026-04-17 01:38:50,29.0,60.7,27.3,54.2,0.0,0.0,0.0
2026-04-17 01:38:55,29.0,60.7,20.2,54.2,0.0,0.0,0.0
2026-04-17 01:39:00,29.2,60.8,32.6,54.1,0.0,0.0,0.0
2026-04-17 01:39:05,28.9,60.8,22.1,54.1,0.0,0.0,0.0
2026-04-17 01:39:10,29.1,60.7,18.4,54.1,0.0,0.0,0.0
2026-04-17 01:39:15,29.1,60.9,19.3,54.1,0.0,0.0,0.0
2026-04-17 01:39:20,29.1,60.9,6.4,54.1,0.0,0.0,0.0
2026-04-17 01:39:25,29.0,61.0,12.1,54.1,0.0,0.0,0.0
2026-04-17 01:39:30,29.1,60.9,22.3,54.1,0.0,0.0,0.0
2026-04-17 01:39:35,29.1,60.9,27.6,54.1,0.0,0.0,0.0
2026-04-17 01:39:40,29.2,60.9,8.8,54.1,0.0,0.0,0.0
2026-04-17 01:39:45,29.0,60.8,0.0,54.1,0.0,0.0,0.0
2026-04-17 01:39:50,29.0,60.8,4.1,54.1,0.0,0.0,0.0
2026-04-17 01:39:55,29.0,60.7,13.7,54.1,0.0,0.0,0.0
2026-04-17 01:40:00,29.1,60.7,28.4,54.1,0.0,0.0,0.0
2026-04-17 01:40:05,29.1,60.7,7.4,54.1,0.0,0.0,0.0
2026-04-17 01:40:10,29.0,60.7,15.0,54.2,0.0,0.0,0.0
2026-04-17 01:40:15,29.1,60.7,14.3,54.2,0.0,0.0,0.0
2026-04-17 01:40:20,29.0,60.8,19.4,54.1,0.0,0.0,0.0
2026-04-17 01:40:25,29.1,60.8,11.4,54.1,0.0,0.0,0.0
2026-04-17 01:40:30,29.0,60.7,3.2,54.2,0.0,0.0,0.0
2026-04-17 01:40:35,29.1,60.5,3.5,54.2,0.0,0.0,0.0
2026-04-17 01:40:40,29.1,60.6,11.7,54.2,0.0,0.0,0.0
2026-04-17 01:40:45,29.1,60.7,2.5,54.2,0.0,0.0,0.0
2026-04-17 01:40:50,29.0,60.6,24.8,54.2,0.0,0.0,0.0
2026-04-17 01:40:55,29.0,60.6,0.6,54.2,0.0,0.0,0.0
2026-04-17 01:41:00,29.2,60.7,12.2,54.2,0.0,0.0,0.0
2026-04-17 01:41:05,29.1,60.7,3.4,54.2,0.0,0.0,0.0
2026-04-17 01:41:10,29.0,60.6,9.9,54.2,0.0,0.0,0.0
2026-04-17 01:41:15,28.9,60.7,12.6,54.2,0.0,0.0,0.0
2026-04-17 01:41:20,29.0,60.7,0.0,54.1,0.0,0.0,0.0
2026-04-17 01:41:25,29.0,60.7,25.0,54.1,0.0,0.0,0.0
2026-04-17 01:41:30,29.1,60.8,28.6,54.1,0.0,0.0,0.0
2026-04-17 01:41:35,28.9,60.7,4.0,54.1,0.0,0.0,0.0
2026-04-17 01:41:40,29.1,60.6,22.2,54.1,0.0,0.0,0.0
2026-04-17 01:41:45,29.1,60.7,21.4,54.1,0.0,0.0,0.0
2026-04-17 01:41:50,29.1,60.8,12.9,54.2,0.0,0.0,0.0
2026-04-17 01:41:55,29.0,60.8,12.6,54.2,0.0,0.0,0.0
2026-04-17 01:42:00,29.1,60.8,25.8,54.2,0.0,0.0,0.0
2026-04-17 01:42:05,29.0,60.7,25.6,54.1,0.0,0.0,0.0
2026-04-17 01:42:10,29.0,60.6,32.3,54.1,0.0,0.0,0.0
2026-04-17 01:42:15,29.2,60.6,19.6,54.1,0.0,0.0,0.0
2026-04-17 01:42:20,29.0,60.6,27.5,54.2,0.0,0.0,0.0
2026-04-17 01:42:25,29.0,60.4,10.4,54.2,0.0,0.0,0.0
2026-04-17 01:42:30,29.0,60.4,0.0,54.2,0.0,0.0,0.0
2026-04-17 01:42:35,29.1,60.4,25.8,54.2,0.0,0.0,0.0
2026-04-17 01:42:40,28.9,60.5,16.4,54.2,0.0,0.0,0.0
2026-04-17 01:42:45,28.9,60.6,9.4,54.2,0.0,0.0,0.0
2026-04-17 01:42:50,29.0,60.4,12.9,54.2,0.0,0.0,0.0
2026-04-17 01:42:55,29.0,60.4,13.9,54.2,0.0,0.0,0.0
2026-04-17 01:43:00,29.0,60.3,0.0,54.2,0.0,0.0,0.0
2026-04-17 01:43:05,29.0,60.5,17.5,54.2,0.0,0.0,0.0
2026-04-17 01:43:10,29.0,60.5,2.9,54.2,0.0,0.0,0.0
2026-04-17 01:43:15,29.1,60.4,14.5,54.2,0.0,0.0,0.0
2026-04-17 01:43:20,29.1,60.4,9.0,54.1,0.0,0.0,0.0
2026-04-17 01:43:25,29.2,60.4,24.0,54.1,0.0,0.0,0.0
2026-04-17 01:43:30,29.0,60.4,17.2,54.1,0.0,0.0,0.0
2026-04-17 01:43:35,29.1,60.3,21.4,54.1,0.0,0.0,0.0
2026-04-17 01:43:40,29.2,60.3,16.3,54.1,0.0,0.0,0.0
2026-04-17 01:43:45,29.0,60.2,0.0,54.1,0.0,0.0,0.0
2026-04-17 01:43:50,29.0,60.1,7.9,54.1,0.0,0.0,0.0
2026-04-17 01:43:55,29.2,60.0,23.7,54.1,0.0,0.0,0.0
2026-04-17 01:44:00,29.0,60.0,4.0,54.2,0.0,0.0,0.0
2026-04-17 01:44:05,29.0,60.0,26.9,54.2,0.0,0.0,0.0
2026-04-17 01:44:10,29.0,60.2,1.5,54.2,0.0,0.0,0.0
2026-04-17 01:44:15,29.0,60.2,0.0,54.2,0.0,0.0,0.0
2026-04-17 01:44:20,29.0,60.3,0.9,54.2,0.0,0.0,0.0
2026-04-17 01:44:25,29.0,60.2,26.5,54.2,0.0,0.0,0.0
2026-04-17 01:44:30,29.1,60.2,7.6,54.2,0.0,0.0,0.0
2026-04-17 01:44:35,29.0,60.2,0.0,54.2,0.0,0.0,0.0
2026-04-17 01:44:40,29.0,60.4,9.7,54.2,0.0,0.0,0.0
2026-04-17 01:44:45,29.1,60.3,11.0,54.2,0.0,0.0,0.0
2026-04-17 01:44:50,29.0,60.4,10.9,54.2,0.0,0.0,0.0
2026-04-17 01:44:55,29.0,60.3,0.0,54.2,0.0,0.0,0.0
2026-04-17 01:45:00,29.2,60.3,7.0,54.2,0.0,0.0,0.0
2026-04-17 01:45:05,28.8,60.4,33.7,54.2,0.0,0.0,0.0
2026-04-17 01:45:10,29.0,60.5,23.0,54.2,0.0,0.0,0.0
2026-04-17 01:45:15,29.0,60.5,16.8,54.2,0.0,0.0,0.0
2026-04-17 01:45:20,29.1,60.4,24.6,54.2,0.0,0.0,0.0
2026-04-17 01:45:25,29.0,60.5,0.0,54.2,0.0,0.0,0.0
2026-04-17 01:45:30,29.1,60.6,25.7,54.2,0.0,0.0,0.0
2026-04-17 01:45:35,29.0,60.6,2.8,54.2,0.0,0.0,0.0
2026-04-17 01:45:40,29.1,60.6,6.3,54.2,0.0,0.0,0.0
2026-04-17 01:45:45,28.9,60.6,22.0,54.2,0.0,0.0,0.0
2026-04-17 01:45:50,28.9,60.6,17.3,54.2,0.0,0.0,0.0
2026-04-17 01:45:55,29.0,60.6,17.2,54.2,0.0,0.0,0.0
2026-04-17 01:46:00,29.0,60.7,0.0,54.2,0.0,0.0,0.0
2026-04-17 01:46:05,29.1,60.7,27.4,54.2,0.0,0.0,0.0
2026-04-17 01:46:10,29.0,60.8,26.0,54.2,0.0,0.0,0.0
2026-04-17 01:46:15,29.0,60.8,7.4,54.2,0.0,0.0,0.0
2026-04-17 01:46:20,29.0,60.7,12.1,54.2,0.0,0.0,0.0
2026-04-17 01:46:25,29.1,60.6,20.8,54.2,0.0,0.0,0.0
2026-04-17 01:46:30,28.9,60.5,19.6,54.1,0.0,0.0,0.0
2026-04-17 01:46:35,29.0,60.5,2.0,54.1,0.0,0.0,0.0
2026-04-17 01:46:40,28.9,60.5,16.2,54.2,0.0,0.0,0.0
2026-04-17 01:46:45,29.1,60.7,0.0,54.2,0.0,0.0,0.0
2026-04-17 01:46:50,28.9,60.7,2.1,54.2,0.0,0.0,0.0
2026-04-17 01:46:55,29.1,60.7,20.7,54.2,0.0,0.0,0.0
2026-04-17 01:47:00,29.0,60.6,20.0,54.2,0.0,0.0,0.0
2026-04-17 01:47:05,28.9,60.6,8.6,54.2,0.0,0.0,0.0
2026-04-17 01:47:10,29.1,60.6,5.7,54.2,0.0,0.0,0.0
2026-04-17 01:47:15,29.1,60.6,15.1,54.2,0.0,0.0,0.0
2026-04-17 01:47:20,29.0,60.7,44.9,54.2,0.0,0.0,0.0
2026-04-17 01:47:25,29.0,60.8,25.5,54.2,0.0,0.0,0.0
2026-04-17 01:47:30,29.0,60.7,14.5,54.2,0.0,0.0,0.0
2026-04-17 01:47:35,29.2,60.8,20.0,54.2,0.0,0.0,0.0
2026-04-17 01:47:40,29.0,60.9,25.1,54.2,0.0,0.0,0.0
2026-04-17 01:47:45,29.1,60.9,17.6,54.2,0.0,0.0,0.0
2026-04-17 01:47:50,29.0,60.9,5.1,54.2,0.0,0.0,0.0
2026-04-17 01:47:55,29.2,60.8,13.2,54.2,0.0,0.0,0.0
2026-04-17 01:48:00,29.1,60.8,14.2,54.2,0.0,0.0,0.0
2026-04-17 01:48:05,29.0,60.8,28.5,54.2,0.0,0.0,0.0
2026-04-17 01:48:10,29.2,60.7,23.9,54.2,0.0,0.0,0.0
2026-04-17 01:48:15,28.9,60.7,20.5,54.2,0.0,0.0,0.0
2026-04-17 01:48:20,29.3,60.7,18.4,54.2,0.0,0.0,0.0
2026-04-17 01:48:25,29.0,60.7,12.5,54.2,0.0,0.0,0.0
2026-04-17 01:48:30,29.0,60.8,25.0,54.2,0.0,0.0,0.0
2026-04-17 01:48:35,28.9,60.7,28.8,54.2,0.0,0.0,0.0
2026-04-17 01:48:40,29.0,60.6,9.7,54.2,0.0,0.0,0.0
2026-04-17 01:48:45,29.1,60.6,18.8,54.2,0.0,0.0,0.0
2026-04-17 01:48:50,29.1,60.7,0.0,54.2,0.0,0.0,0.0
2026-04-17 01:48:55,29.1,60.7,13.7,54.2,0.0,0.0,0.0
2026-04-17 01:49:00,29.1,60.8,19.1,54.2,0.0,0.0,0.0
2026-04-17 01:49:05,29.0,60.8,12.3,54.2,0.0,0.0,0.0
2026-04-17 01:49:10,29.1,60.9,0.0,54.2,0.0,0.0,0.0
2026-04-17 01:49:15,28.9,61.0,1.1,54.2,0.0,0.0,0.0
2026-04-17 01:49:20,29.1,61.0,9.6,54.2,0.0,0.0,0.0
2026-04-17 01:49:25,29.1,61.1,7.5,54.2,0.0,0.0,0.0
2026-04-17 01:49:30,29.0,61.1,16.6,54.2,0.0,0.0,0.0
2026-04-17 01:49:35,28.9,61.2,16.8,54.2,0.0,0.0,0.0
2026-04-17 01:49:40,29.0,61.2,0.0,54.2,0.0,0.0,0.0
2026-04-17 01:49:45,28.9,61.1,13.1,54.2,0.0,0.0,0.0
2026-04-17 01:49:50,29.0,61.2,8.6,54.2,0.0,0.0,0.0
2026-04-17 01:49:55,29.1,61.2,12.6,54.2,0.0,0.0,0.0
2026-04-17 01:50:00,29.0,61.3,12.3,54.2,0.0,0.0,0.0
2026-04-17 01:50:05,29.1,61.2,0.0,54.2,0.0,0.0,0.0
2026-04-17 01:50:10,29.1,61.2,4.9,54.2,0.0,0.0,0.0
2026-04-17 01:50:15,29.1,61.1,18.4,54.2,0.0,0.0,0.0
2026-04-17 01:50:20,29.0,61.0,24.7,54.2,0.0,0.0,0.0
2026-04-17 01:50:25,29.1,60.9,26.1,54.2,0.0,0.0,0.0
2026-04-17 01:50:30,29.0,61.0,8.7,54.2,0.0,0.0,0.0
2026-04-17 01:50:35,29.0,61.2,9.3,54.2,0.0,0.0,0.0
2026-04-17 01:50:40,29.1,61.1,20.8,54.2,0.0,0.0,0.0
2026-04-17 01:50:45,29.0,61.2,30.6,54.2,0.0,0.0,0.0
2026-04-17 01:50:50,29.1,61.0,0.0,54.2,0.0,0.0,0.0
2026-04-17 01:50:55,28.8,61.1,17.9,54.2,0.0,0.0,0.0
2026-04-17 01:51:00,29.1,61.1,25.1,54.2,0.0,0.0,0.0
2026-04-17 01:51:05,29.0,61.0,7.1,54.2,0.0,0.0,0.0
2026-04-17 01:51:10,29.1,60.9,6.2,54.2,0.0,0.0,0.0
2026-04-17 01:51:15,29.0,61.0,0.0,54.2,0.0,0.0,0.0
2026-04-17 01:51:20,28.9,60.9,24.6,54.2,0.0,0.0,0.0
2026-04-17 01:51:25,29.0,61.1,8.7,54.2,0.0,0.0,0.0
2026-04-17 01:51:30,29.1,61.1,23.2,54.2,0.0,0.0,0.0
2026-04-17 01:51:35,29.1,61.0,12.6,54.2,0.0,0.0,0.0
2026-04-17 01:51:40,29.1,61.0,7.8,54.2,0.0,0.0,0.0
2026-04-17 01:51:45,29.1,61.0,10.1,54.2,0.0,0.0,0.0
2026-04-17 01:51:50,29.1,60.9,7.9,54.2,0.0,0.0,0.0
2026-04-17 01:51:55,29.0,60.8,17.0,54.2,0.0,0.0,0.0
2026-04-17 01:52:00,29.1,60.8,20.8,54.3,0.0,0.0,0.0
2026-04-17 01:52:05,29.0,60.9,9.8,54.3,0.0,0.0,0.0
2026-04-17 01:52:10,29.0,60.9,33.3,54.2,0.0,0.0,0.0
2026-04-17 01:52:15,28.9,61.0,23.3,54.2,0.0,0.0,0.0
2026-04-17 01:52:20,29.1,60.9,21.7,54.2,0.0,0.0,0.0
2026-04-17 01:52:25,29.1,61.0,23.1,54.2,0.0,0.0,0.0
2026-04-17 01:52:30,29.1,61.1,10.1,54.2,0.0,0.0,0.0
2026-04-17 01:52:35,28.9,61.0,20.3,54.2,0.0,0.0,0.0
2026-04-17 01:52:40,29.0,61.1,10.7,54.2,0.0,0.0,0.0
2026-04-17 01:52:45,29.0,61.0,10.1,54.2,0.0,0.0,0.0
2026-04-17 01:52:50,28.9,61.2,34.3,54.2,0.0,0.0,0.0
2026-04-17 01:52:55,29.0,61.1,0.0,54.2,0.0,0.0,0.0
2026-04-17 01:53:00,29.1,61.2,18.1,54.2,0.0,0.0,0.0
2026-04-17 01:53:05,29.0,61.3,12.7,54.2,0.0,0.0,0.0
2026-04-17 01:53:10,29.1,61.2,19.1,54.2,0.0,0.0,0.0
2026-04-17 01:53:15,29.1,61.2,14.4,54.2,0.0,0.0,0.0
2026-04-17 01:53:20,29.0,61.2,7.1,54.2,0.0,0.0,0.0
2026-04-17 01:53:25,28.9,61.2,23.3,54.2,0.0,0.0,0.0
2026-04-17 01:53:30,29.0,61.3,21.8,54.2,0.0,0.0,0.0
2026-04-17 01:53:35,29.1,61.1,29.2,54.2,0.0,0.0,0.0
2026-04-17 01:53:40,29.0,61.1,26.1,54.2,0.0,0.0,0.0
2026-04-17 01:53:45,29.1,61.1,25.7,54.2,0.0,0.0,0.0
2026-04-17 01:53:50,28.8,61.1,19.1,54.2,0.0,0.0,0.0
2026-04-17 01:53:55,29.1,61.0,12.7,54.2,0.0,0.0,0.0
2026-04-17 01:54:00,29.0,60.8,31.1,54.2,0.0,0.0,0.0
2026-04-17 01:54:05,29.0,60.8,0.0,54.2,0.0,0.0,0.0
2026-04-17 01:54:10,29.1,60.8,7.4,54.3,0.0,0.0,0.0
2026-04-17 01:54:15,29.0,60.7,29.4,54.3,0.0,0.0,0.0
2026-04-17 01:54:20,29.0,60.7,24.1,54.3,0.0,0.0,0.0
2026-04-17 01:54:25,28.8,60.7,2.8,54.3,0.0,0.0,0.0
2026-04-17 01:54:30,29.0,60.8,23.4,54.3,0.0,0.0,0.0
2026-04-17 01:54:35,29.0,60.9,15.6,54.2,0.0,0.0,0.0
2026-04-17 01:54:40,29.0,60.7,11.3,54.2,0.0,0.0,0.0
2026-04-17 01:54:45,29.0,60.6,20.8,54.2,0.0,0.0,0.0
2026-04-17 01:54:50,29.0,60.6,25.5,54.2,0.0,0.0,0.0
2026-04-17 01:54:55,29.0,60.6,0.0,54.2,0.0,0.0,0.0
2026-04-17 01:55:00,29.0,60.5,24.7,54.2,0.0,0.0,0.0
2026-04-17 01:55:05,29.0,60.5,31.2,54.2,0.0,0.0,0.0
2026-04-17 01:55:10,29.0,60.5,29.5,54.2,0.0,0.0,0.0
2026-04-17 01:55:15,29.0,60.7,0.0,54.2,0.0,0.0,0.0
2026-04-17 01:55:20,28.9,60.9,25.1,54.2,0.0,0.0,0.0
2026-04-17 01:55:25,29.1,60.8,33.4,54.2,0.0,0.0,0.0
2026-04-17 01:55:30,28.9,60.9,17.9,54.2,0.0,0.0,0.0
2026-04-17 01:55:35,28.9,60.8,23.5,54.2,0.0,0.0,0.0
2026-04-17 01:55:40,29.1,60.9,21.2,54.2,0.0,0.0,0.0
2026-04-17 01:55:45,28.9,60.9,11.4,54.2,0.0,0.0,0.0
2026-04-17 01:55:50,28.9,60.9,10.7,54.2,0.0,0.0,0.0
2026-04-17 01:55:55,29.0,60.8,6.9,54.2,0.0,0.0,0.0
2026-04-17 01:56:00,29.2,60.8,29.7,54.2,0.0,0.0,0.0
2026-04-17 01:56:05,28.9,60.9,11.5,54.2,0.0,0.0,0.0
2026-04-17 01:56:10,28.9,60.9,1.1,54.2,0.0,0.0,0.0
2026-04-17 01:56:15,29.0,60.9,0.0,54.2,0.0,0.0,0.0
2026-04-17 01:56:20,29.0,61.0,13.9,54.2,0.0,0.0,0.0
2026-04-17 01:56:25,29.0,60.8,6.6,54.2,0.0,0.0,0.0
2026-04-17 01:56:30,29.1,60.8,18.2,54.2,0.0,0.0,0.0
2026-04-17 01:56:35,28.9,60.8,18.9,54.2,0.0,0.0,0.0
2026-04-17 01:56:40,29.0,60.9,0.7,54.3,0.0,0.0,0.0
2026-04-17 01:56:45,29.0,60.9,12.2,54.3,0.0,0.0,0.0
2026-04-17 01:56:50,29.1,60.9,7.1,54.3,0.0,0.0,0.0
2026-04-17 01:56:55,29.0,61.0,24.0,54.3,0.0,0.0,0.0
2026-04-17 01:57:00,29.0,61.1,21.8,54.3,0.0,0.0,0.0
2026-04-17 01:57:05,29.0,61.1,25.1,54.2,0.0,0.0,0.0
2026-04-17 01:57:10,29.0,61.0,5.8,54.2,0.0,0.0,0.0
2026-04-17 01:57:15,29.2,61.0,6.1,54.2,0.0,0.0,0.0
2026-04-17 01:57:20,29.0,60.9,25.2,54.2,0.0,0.0,0.0
2026-04-17 01:57:25,29.0,61.0,32.8,54.2,0.0,0.0,0.0
2026-04-17 01:57:30,29.1,61.0,28.8,54.2,0.0,0.0,0.0
2026-04-17 01:57:35,28.9,60.9,16.8,54.2,0.0,0.0,0.0
2026-04-17 01:57:40,29.1,61.0,14.4,54.2,0.0,0.0,0.0
2026-04-17 01:57:45,29.0,60.7,19.0,54.2,0.0,0.0,0.0
2026-04-17 01:57:50,29.1,60.7,20.4,54.2,0.0,0.0,0.0
2026-04-17 01:57:55,29.1,60.8,33.4,54.2,0.0,0.0,0.0
2026-04-17 01:58:00,29.0,60.7,7.7,54.2,0.0,0.0,0.0
2026-04-17 01:58:05,29.0,60.7,3.3,54.2,0.0,0.0,0.0
2026-04-17 01:58:10,28.8,60.7,20.4,54.2,0.0,0.0,0.0
2026-04-17 01:58:15,29.0,60.7,3.3,54.2,0.0,0.0,0.0
2026-04-17 01:58:20,29.0,60.5,19.6,54.2,0.0,0.0,0.0
2026-04-17 01:58:25,29.0,60.6,17.1,54.2,0.0,0.0,0.0
2026-04-17 01:58:30,28.9,60.6,30.2,54.2,0.0,0.0,0.0
2026-04-17 01:58:35,28.9,60.6,6.5,54.2,0.0,0.0,0.0
2026-04-17 01:58:40,28.9,60.6,5.4,54.2,0.0,0.0,0.0
2026-04-17 01:58:45,29.0,60.6,11.3,54.2,0.0,0.0,0.0
2026-04-17 01:58:50,29.0,60.7,19.6,54.2,0.0,0.0,0.0
2026-04-17 01:58:55,28.9,60.9,36.5,54.2,0.0,0.0,0.0
2026-04-17 01:59:00,28.9,60.9,22.4,54.2,0.0,0.0,0.0
2026-04-17 01:59:05,29.0,60.8,7.1,54.2,0.0,0.0,0.0
2026-04-17 01:59:10,28.8,60.8,11.0,54.2,0.0,0.0,0.0
2026-04-17 01:59:15,28.9,60.9,29.8,54.2,0.0,0.0,0.0
2026-04-17 01:59:20,29.0,60.8,22.5,54.2,0.0,0.0,0.0
2026-04-17 01:59:25,28.8,60.9,2.2,54.2,0.0,0.0,0.0
2026-04-17 01:59:30,29.0,60.9,20.0,54.2,0.0,0.0,0.0
2026-04-17 01:59:35,28.9,60.8,15.0,54.2,0.0,0.0,0.0
2026-04-17 01:59:40,28.9,60.9,8.1,54.2,0.0,0.0,0.0
2026-04-17 01:59:45,28.9,60.7,10.8,54.2,0.0,0.0,0.0
2026-04-17 01:59:50,29.0,60.6,29.8,54.2,0.0,0.0,0.0
2026-04-17 01:59:55,29.1,60.5,21.1,54.2,0.0,0.0,0.0
2026-04-17 02:00:00,28.9,60.5,10.9,54.2,0.0,0.0,0.0
2026-04-17 02:00:05,28.8,60.6,21.9,54.2,0.0,0.0,0.0
2026-04-17 02:00:10,29.0,60.6,10.6,54.2,0.0,0.0,0.0
2026-04-17 02:00:15,28.8,60.6,0.0,54.2,0.0,0.0,0.0
2026-04-17 02:00:20,28.9,60.7,23.4,54.2,0.0,0.0,0.0
2026-04-17 02:00:25,28.9,60.8,10.6,54.2,0.0,0.0,0.0
2026-04-17 02:00:30,28.9,60.7,28.6,54.2,0.0,0.0,0.0
2026-04-17 02:00:35,28.9,60.7,7.8,54.2,0.0,0.0,0.0
2026-04-17 02:00:40,28.8,60.7,18.3,54.2,0.0,0.0,0.0
2026-04-17 02:00:45,29.0,60.8,17.3,54.2,0.0,0.0,0.0
2026-04-17 02:00:50,29.0,60.9,29.6,54.2,0.0,0.0,0.0
2026-04-17 02:00:55,28.9,60.8,14.8,54.2,0.0,0.0,0.0
2026-04-17 02:01:00,28.9,60.9,0.9,54.2,0.0,0.0,0.0
2026-04-17 02:01:05,29.0,60.9,29.3,54.3,0.0,0.0,0.0
2026-04-17 02:01:10,28.9,60.9,5.4,54.3,0.0,0.0,0.0
2026-04-17 02:01:15,28.9,60.9,5.3,54.3,0.0,0.0,0.0
2026-04-17 02:01:20,29.0,61.0,28.3,54.3,0.0,0.0,0.0
2026-04-17 02:01:25,28.9,61.0,14.4,54.3,0.0,0.0,0.0
2026-04-17 02:01:30,29.1,60.9,28.8,54.3,0.0,0.0,0.0
2026-04-17 02:01:35,29.0,61.0,9.5,54.3,0.0,0.0,0.0
2026-04-17 02:01:40,29.0,61.0,25.1,54.3,0.0,0.0,0.0
2026-04-17 02:01:45,29.0,60.9,0.0,54.2,0.0,0.0,0.0
2026-04-17 02:01:50,29.0,60.9,15.7,54.2,0.0,0.0,0.0
2026-04-17 02:01:55,28.9,60.9,8.8,54.2,0.0,0.0,0.0
2026-04-17 02:02:00,28.9,60.8,34.9,54.2,0.0,0.0,0.0
2026-04-17 02:02:05,28.8,60.9,37.7,54.2,0.0,0.0,0.0
2026-04-17 02:02:10,29.0,60.8,24.6,54.2,0.0,0.0,0.0
2026-04-17 02:02:15,29.0,60.7,23.5,54.2,0.0,0.0,0.0
2026-04-17 02:02:20,28.9,60.9,19.9,54.2,0.0,0.0,0.0
2026-04-17 02:02:25,28.8,60.9,17.4,54.2,0.0,0.0,0.0
2026-04-17 02:02:30,28.9,61.0,19.2,54.2,0.0,0.0,0.0
2026-04-17 02:02:35,28.9,60.9,0.0,54.2,0.0,0.0,0.0
2026-04-17 02:02:40,28.8,60.8,23.4,54.2,0.0,0.0,0.0
2026-04-17 02:02:45,29.0,60.8,8.1,54.2,0.0,0.0,0.0
2026-04-17 02:02:50,28.9,60.8,17.6,54.2,0.0,0.0,0.0
2026-04-17 02:02:55,28.9,60.6,3.2,54.2,0.0,0.0,0.0
2026-04-17 02:03:00,28.9,60.8,13.9,54.2,0.0,0.0,0.0
2026-04-17 02:03:05,29.0,60.8,14.9,54.2,0.0,0.0,0.0
2026-04-17 02:03:10,28.9,60.6,9.7,54.2,0.0,0.0,0.0
2026-04-17 02:03:15,29.0,60.7,24.5,54.2,0.0,0.0,0.0
2026-04-17 02:03:20,29.0,60.6,6.0,54.2,0.0,0.0,0.0
2026-04-17 02:03:25,28.9,60.7,5.6,54.2,0.0,0.0,0.0
2026-04-17 02:03:30,29.0,60.8,5.8,54.3,0.0,0.0,0.0
2026-04-17 02:03:35,29.0,60.9,8.5,54.3,0.0,0.0,0.0
2026-04-17 02:03:40,28.8,60.9,13.2,54.3,0.0,0.0,0.0
2026-04-17 02:03:45,29.0,60.8,17.1,54.3,0.0,0.0,0.0
2026-04-17 02:03:50,28.9,60.7,21.2,54.3,0.0,0.0,0.0
2026-04-17 02:03:55,29.1,60.8,3.2,54.3,0.0,0.0,0.0
2026-04-17 02:04:00,29.0,60.8,17.5,54.3,0.0,0.0,0.0
2026-04-17 02:04:05,29.0,60.9,10.4,54.3,0.0,0.0,0.0
2026-04-17 02:04:10,28.9,60.8,35.7,54.2,0.0,0.0,0.0
2026-04-17 02:04:15,28.9,60.8,16.7,54.2,0.0,0.0,0.0
2026-04-17 02:04:20,29.0,60.9,22.7,54.2,0.0,0.0,0.0
2026-04-17 02:04:25,29.0,61.2,22.3,54.2,0.0,0.0,0.0
2026-04-17 02:04:30,29.0,61.2,6.6,54.2,0.0,0.0,0.0
2026-04-17 02:04:35,29.1,61.3,18.3,54.2,0.0,0.0,0.0
2026-04-17 02:04:40,28.9,61.2,36.3,54.2,0.0,0.0,0.0
2026-04-17 02:04:45,28.9,61.1,8.8,54.2,0.0,0.0,0.0
2026-04-17 02:04:50,28.9,61.2,16.7,54.2,0.0,0.0,0.0
2026-04-17 02:04:55,29.0,61.2,3.9,54.2,0.0,0.0,0.0
2026-04-17 02:05:00,29.0,61.2,12.6,54.2,0.0,0.0,0.0
2026-04-17 02:05:05,29.1,61.2,29.1,54.2,0.0,0.0,0.0
2026-04-17 02:05:10,28.9,61.1,16.2,54.2,0.0,0.0,0.0
2026-04-17 02:05:15,29.0,61.2,15.1,54.2,0.0,0.0,0.0
2026-04-17 02:05:20,29.0,61.1,8.7,54.2,0.0,0.0,0.0
2026-04-17 02:05:25,29.0,61.1,31.3,54.3,0.0,0.0,0.0
2026-04-17 02:05:30,29.2,61.2,23.1,54.3,0.0,0.0,0.0
2026-04-17 02:05:35,28.8,61.1,18.9,54.2,0.0,0.0,0.0
2026-04-17 02:05:40,28.8,61.1,13.1,54.2,0.0,0.0,0.0
2026-04-17 02:05:45,29.0,61.1,17.9,54.2,0.0,0.0,0.0
2026-04-17 02:05:50,28.9,61.0,9.9,54.2,0.0,0.0,0.0
2026-04-17 02:05:55,29.1,60.9,5.2,54.2,0.0,0.0,0.0
2026-04-17 02:06:00,28.9,60.8,7.8,54.2,0.0,0.0,0.0
2026-04-17 02:06:05,29.0,60.7,12.5,54.2,0.0,0.0,0.0
2026-04-17 02:06:10,29.0,60.7,10.4,54.2,0.0,0.0,0.0
2026-04-17 02:06:15,29.1,60.6,6.8,54.2,0.0,0.0,0.0
2026-04-17 02:06:20,28.8,60.7,13.4,54.2,0.0,0.0,0.0
2026-04-17 02:06:25,28.9,60.7,33.0,54.3,0.0,0.0,0.0
2026-04-17 02:06:30,28.9,60.8,28.1,54.3,0.0,0.0,0.0
2026-04-17 02:06:35,28.9,60.8,26.1,54.2,0.0,0.0,0.0
2026-04-17 02:06:40,28.9,60.8,18.0,54.2,0.0,0.0,0.0
2026-04-17 02:06:45,28.9,60.7,17.1,54.2,0.0,0.0,0.0
2026-04-17 02:06:50,28.8,60.6,3.3,54.2,0.0,0.0,0.0
2026-04-17 02:06:55,29.0,60.5,7.6,54.2,0.0,0.0,0.0
2026-04-17 02:07:00,28.9,60.5,27.6,54.2,0.0,0.0,0.0
2026-04-17 02:07:05,28.9,60.4,35.6,54.2,0.0,0.0,0.0
2026-04-17 02:07:10,28.8,60.3,9.2,54.2,0.0,0.0,0.0
2026-04-17 02:07:15,28.8,60.3,0.0,54.2,0.0,0.0,0.0
2026-04-17 02:07:20,28.8,60.4,7.3,54.2,0.0,0.0,0.0
2026-04-17 02:07:25,28.9,60.5,10.0,54.2,0.0,0.0,0.0
2026-04-17 02:07:30,29.0,60.5,11.5,54.2,0.0,0.0,0.0
2026-04-17 02:07:35,28.8,60.5,12.3,54.3,0.0,0.0,0.0
2026-04-17 02:07:40,28.9,60.5,11.8,54.3,0.0,0.0,0.0
2026-04-17 02:07:45,28.9,60.5,24.8,54.3,0.0,0.0,0.0
2026-04-17 02:07:50,29.0,60.6,15.2,54.2,0.0,0.0,0.0
2026-04-17 02:07:55,28.9,60.4,22.0,54.2,0.0,0.0,0.0
2026-04-17 02:08:00,29.0,60.4,5.4,54.2,0.0,0.0,0.0
2026-04-17 02:08:05,28.9,60.5,11.3,54.2,0.0,0.0,0.0
2026-04-17 02:08:10,28.8,60.5,0.0,54.2,0.0,0.0,0.0
2026-04-17 02:08:15,28.9,60.5,15.2,54.2,0.0,0.0,0.0
2026-04-17 02:08:20,28.8,60.5,9.2,54.2,0.0,0.0,0.0
2026-04-17 02:08:25,29.0,60.5,17.9,54.2,0.0,0.0,0.0
2026-04-17 02:08:30,28.9,60.5,5.6,54.2,0.0,0.0,0.0
2026-04-17 02:08:35,28.8,60.6,7.1,54.2,0.0,0.0,0.0
2026-04-17 02:08:40,29.0,60.5,8.8,54.2,0.0,0.0,0.0
2026-04-17 02:08:45,28.8,60.4,27.6,54.2,0.0,0.0,0.0
2026-04-17 02:08:50,28.9,60.5,18.8,54.2,0.0,0.0,0.0
2026-04-17 02:08:55,29.1,60.5,20.7,54.2,0.0,0.0,0.0
2026-04-17 02:09:00,29.0,60.5,16.8,54.2,0.0,0.0,0.0
2026-04-17 02:09:05,28.9,60.6,20.7,54.2,0.0,0.0,0.0
2026-04-17 02:09:10,28.8,60.7,2.6,54.2,0.0,0.0,0.0
2026-04-17 02:09:15,29.0,60.6,11.0,54.2,0.0,0.0,0.0
2026-04-17 02:09:20,29.1,60.7,0.0,54.2,0.0,0.0,0.0
2026-04-17 02:09:25,29.0,60.7,13.3,54.2,0.0,0.0,0.0
2026-04-17 02:09:30,29.1,60.6,15.1,54.2,0.0,0.0,0.0
2026-04-17 02:09:35,29.0,60.7,13.4,54.2,0.0,0.0,0.0
2026-04-17 02:09:40,29.0,60.8,11.6,54.2,0.0,0.0,0.0
2026-04-17 02:09:45,28.8,60.8,25.1,54.2,0.0,0.0,0.0
2026-04-17 02:09:50,28.8,60.7,13.2,54.2,0.0,0.0,0.0
2026-04-17 02:09:55,29.0,60.7,31.7,54.2,0.0,0.0,0.0
2026-04-17 02:10:00,28.9,60.7,17.5,54.2,0.0,0.0,0.0
2026-04-17 02:10:05,28.9,60.8,0.1,54.2,0.0,0.0,0.0
2026-04-17 02:10:10,28.8,60.7,0.0,54.2,0.0,0.0,0.0
2026-04-17 02:10:15,29.0,60.6,0.0,54.2,0.0,0.0,0.0
2026-04-17 02:10:20,28.8,60.5,0.9,54.2,0.0,0.0,0.0
2026-04-17 02:10:25,28.9,60.5,22.3,54.2,0.0,0.0,0.0
2026-04-17 02:10:30,29.0,60.4,17.6,54.2,0.0,0.0,0.0
2026-04-17 02:10:35,28.9,60.5,21.9,54.2,0.0,0.0,0.0
2026-04-17 02:10:40,28.9,60.6,30.6,54.2,0.0,0.0,0.0
2026-04-17 02:10:45,28.9,60.6,19.7,54.2,0.0,0.0,0.0
2026-04-17 02:10:50,29.1,60.7,22.0,54.2,0.0,0.0,0.0
2026-04-17 02:10:55,29.2,60.7,20.4,54.2,0.0,0.0,0.0
2026-04-17 02:11:00,29.0,60.6,9.5,54.2,0.0,0.0,0.0
2026-04-17 02:11:05,29.0,60.6,6.1,54.2,0.0,0.0,0.0
2026-04-17 02:11:10,29.0,60.6,14.8,54.2,0.0,0.0,0.0
2026-04-17 02:11:15,29.0,60.6,19.0,54.2,0.0,0.0,0.0
2026-04-17 02:11:20,29.0,60.7,11.6,54.2,0.0,0.0,0.0
2026-04-17 02:11:25,29.1,60.7,10.7,54.3,0.0,0.0,0.0
2026-04-17 02:11:30,28.9,60.6,48.0,54.3,0.0,0.0,0.0
2026-04-17 02:11:35,29.0,60.6,7.3,54.3,0.0,0.0,0.0
2026-04-17 02:11:40,28.9,60.6,11.6,54.3,0.0,0.0,0.0
2026-04-17 02:11:45,29.0,60.6,19.3,54.3,0.0,0.0,0.0
2026-04-17 02:11:50,29.0,60.5,9.8,54.3,0.0,0.0,0.0
2026-04-17 02:11:55,28.9,60.6,22.8,54.2,0.0,0.0,0.0
2026-04-17 02:12:00,29.0,60.6,5.1,54.2,0.0,0.0,0.0
2026-04-17 02:12:05,28.8,60.5,22.3,54.2,0.0,0.0,0.0
2026-04-17 02:12:10,28.9,60.5,32.5,54.2,0.0,0.0,0.0
2026-04-17 02:12:15,28.8,60.6,21.0,54.2,0.0,0.0,0.0
2026-04-17 02:12:20,29.0,60.6,5.4,54.2,0.0,0.0,0.0
2026-04-17 02:12:25,29.0,60.6,8.0,54.2,0.0,0.0,0.0
2026-04-17 02:12:30,28.8,60.6,16.1,54.2,0.0,0.0,0.0
2026-04-17 02:12:35,29.0,60.6,18.5,54.2,0.0,0.0,0.0
2026-04-17 02:12:40,29.1,60.6,11.4,54.2,0.0,0.0,0.0
2026-04-17 02:12:45,28.9,60.6,0.0,54.2,0.0,0.0,0.0
2026-04-17 02:12:50,29.0,60.6,19.9,54.2,0.0,0.0,0.0
2026-04-17 02:12:55,29.1,60.5,10.4,54.2,0.0,0.0,0.0
2026-04-17 02:13:00,29.0,60.5,18.3,54.2,0.0,0.0,0.0
2026-04-17 02:13:05,29.0,60.7,17.7,54.2,0.0,0.0,0.0
2026-04-17 02:13:10,28.8,60.7,7.5,54.2,0.0,0.0,0.0
2026-04-17 02:13:15,29.0,60.6,0.0,54.2,0.0,0.0,0.0
2026-04-17 02:13:20,28.9,60.6,2.1,54.2,0.0,0.0,0.0
2026-04-17 02:13:25,29.1,60.6,17.3,54.2,0.0,0.0,0.0
2026-04-17 02:13:30,29.1,60.8,18.5,54.2,0.0,0.0,0.0
2026-04-17 02:13:35,29.0,60.7,14.3,54.2,0.0,0.0,0.0
2026-04-17 02:13:40,28.9,60.7,14.5,54.2,0.0,0.0,0.0
2026-04-17 02:13:45,28.9,60.7,14.0,54.2,0.0,0.0,0.0
2026-04-17 02:13:50,28.9,60.7,10.7,54.2,0.0,0.0,0.0
2026-04-17 02:13:55,29.0,60.7,9.8,54.2,0.0,0.0,0.0
2026-04-17 02:14:00,28.9,60.8,14.7,54.2,0.0,0.0,0.0
2026-04-17 02:14:05,28.8,60.7,6.2,54.2,0.0,0.0,0.0
2026-04-17 02:14:10,29.0,60.8,0.0,54.2,0.0,0.0,0.0
2026-04-17 02:14:15,28.8,60.7,17.2,54.2,0.0,0.0,0.0
2026-04-17 02:14:20,28.9,60.6,0.7,54.2,0.0,0.0,0.0
2026-04-17 02:14:25,28.9,60.6,21.3,54.2,0.0,0.0,0.0
2026-04-17 02:14:30,28.9,60.5,14.1,54.2,0.0,0.0,0.0
2026-04-17 02:14:35,28.9,60.6,4.9,54.2,0.0,0.0,0.0
2026-04-17 02:14:40,29.0,60.7,2.5,54.2,0.0,0.0,0.0
2026-04-17 02:14:45,28.9,60.7,18.3,54.2,0.0,0.0,0.0
2026-04-17 02:14:50,28.8,60.7,19.1,54.2,0.0,0.0,0.0
2026-04-17 02:14:55,28.9,60.5,12.6,54.2,0.0,0.0,0.0
2026-04-17 02:15:00,29.1,60.5,37.3,54.2,0.0,0.0,0.0
2026-04-17 02:15:05,28.9,60.7,11.1,54.2,0.0,0.0,0.0
2026-04-17 02:15:10,29.0,60.7,10.7,54.2,0.0,0.0,0.0
2026-04-17 02:15:15,28.9,60.8,13.6,54.2,0.0,0.0,0.0
2026-04-17 02:15:20,28.9,60.9,20.9,54.2,0.0,0.0,0.0
2026-04-17 02:15:25,28.8,60.8,19.0,54.2,0.0,0.0,0.0
2026-04-17 02:15:30,29.0,60.9,14.1,54.3,0.0,0.0,0.0
2026-04-17 02:15:35,29.0,60.9,15.3,54.3,0.0,0.0,0.0
2026-04-17 02:15:40,28.9,60.9,8.4,54.3,0.0,0.0,0.0
2026-04-17 02:15:45,29.0,60.9,6.3,54.3,0.0,0.0,0.0
2026-04-17 02:15:50,28.9,60.8,5.8,54.3,0.0,0.0,0.0
2026-04-17 02:15:55,29.0,60.7,27.6,54.3,0.0,0.0,0.0
2026-04-17 02:16:00,29.1,60.7,20.5,54.3,0.0,0.0,0.0
2026-04-17 02:16:05,28.7,60.9,16.6,54.3,0.0,0.0,0.0
2026-04-17 02:16:10,28.8,60.9,4.1,54.3,0.0,0.0,0.0
2026-04-17 02:16:15,28.9,60.8,3.2,54.3,0.0,0.0,0.0
2026-04-17 02:16:20,28.9,60.9,20.4,54.2,0.0,0.0,0.0
2026-04-17 02:16:25,28.9,60.9,16.2,54.2,0.0,0.0,0.0
2026-04-17 02:16:30,28.9,60.8,0.0,54.2,0.0,0.0,0.0
2026-04-17 02:16:35,28.8,60.8,10.6,54.2,0.0,0.0,0.0
2026-04-17 02:16:40,29.0,60.8,2.7,54.2,0.0,0.0,0.0
2026-04-17 02:16:45,28.8,60.7,16.0,54.2,0.0,0.0,0.0
2026-04-17 02:16:50,29.0,60.6,15.7,54.2,0.0,0.0,0.0
2026-04-17 02:16:55,28.8,60.7,11.5,54.2,0.0,0.0,0.0
2026-04-17 02:17:00,28.8,60.7,12.7,54.2,0.0,0.0,0.0
2026-04-17 02:17:05,29.0,60.6,36.3,54.2,0.0,0.0,0.0
2026-04-17 02:17:10,29.0,60.6,25.1,54.2,0.0,0.0,0.0
2026-04-17 02:17:15,28.8,60.5,17.4,54.2,0.0,0.0,0.0
2026-04-17 02:17:20,28.9,60.5,18.7,54.2,0.0,0.0,0.0
2026-04-17 02:17:25,29.0,60.4,17.8,54.2,0.0,0.0,0.0
2026-04-17 02:17:30,28.9,60.6,20.9,54.2,0.0,0.0,0.0
2026-04-17 02:17:35,28.9,60.6,13.8,54.2,0.0,0.0,0.0
2026-04-17 02:17:40,29.0,60.6,16.4,54.2,0.0,0.0,0.0
2026-04-17 02:17:45,28.9,60.6,13.3,54.2,0.0,0.0,0.0
2026-04-17 02:17:50,29.0,60.7,16.3,54.3,0.0,0.0,0.0
2026-04-17 02:17:55,28.9,60.8,14.0,54.3,0.0,0.0,0.0
2026-04-17 02:18:00,28.9,60.8,15.8,54.2,0.0,0.0,0.0
2026-04-17 02:18:05,28.9,60.9,18.9,54.2,0.0,0.0,0.0
2026-04-17 02:18:10,28.8,61.0,17.3,54.2,0.0,0.0,0.0
2026-04-17 02:18:15,29.1,60.8,7.7,54.3,0.0,0.0,0.0
2026-04-17 02:18:20,28.9,60.8,2.2,54.3,0.0,0.0,0.0
2026-04-17 02:18:25,28.9,60.9,13.7,54.3,0.0,0.0,0.0
2026-04-17 02:18:30,28.9,60.9,0.0,54.3,0.0,0.0,0.0
2026-04-17 02:18:35,28.8,60.9,2.8,54.3,0.0,0.0,0.0
2026-04-17 02:18:40,28.8,61.0,24.7,54.3,0.0,0.0,0.0
2026-04-17 02:18:45,29.0,61.0,29.5,54.2,0.0,0.0,0.0
2026-04-17 02:18:50,28.7,60.8,21.1,54.2,0.0,0.0,0.0
2026-04-17 02:18:55,28.8,60.8,21.4,54.2,0.0,0.0,0.0
2026-04-17 02:19:00,28.9,60.7,12.0,54.2,0.0,0.0,0.0
2026-04-17 02:19:05,28.7,60.7,7.1,54.2,0.0,0.0,0.0
2026-04-17 02:19:10,28.9,60.7,12.0,54.2,0.0,0.0,0.0
2026-04-17 02:19:15,29.0,60.6,13.9,54.2,0.0,0.0,0.0
2026-04-17 02:19:20,29.0,60.6,19.4,54.2,0.0,0.0,0.0
2026-04-17 02:19:25,29.0,60.6,13.6,54.2,0.0,0.0,0.0
2026-04-17 02:19:30,28.9,60.6,10.2,54.2,0.0,0.0,0.0
2026-04-17 02:19:35,28.8,60.7,45.7,54.2,0.0,0.0,0.0
2026-04-17 02:19:40,29.0,60.8,0.0,54.2,0.0,0.0,0.0
2026-04-17 02:19:45,28.8,60.8,29.8,54.2,0.0,0.0,0.0
2026-04-17 02:19:50,28.9,60.9,30.8,54.2,0.0,0.0,0.0
2026-04-17 02:19:55,29.0,60.8,1.6,54.2,0.0,0.0,0.0
2026-04-17 02:20:00,29.0,60.7,18.3,54.2,0.0,0.0,0.0
2026-04-17 02:20:05,28.9,60.7,2.7,54.2,0.0,0.0,0.0
2026-04-17 02:20:10,29.0,60.6,17.3,54.2,0.0,0.0,0.0
2026-04-17 02:20:15,28.9,60.5,8.1,54.2,0.0,0.0,0.0
2026-04-17 02:20:20,28.9,60.6,15.0,54.3,0.0,0.0,0.0
2026-04-17 02:20:25,28.9,60.6,8.7,54.3,0.0,0.0,0.0
2026-04-17 02:20:30,28.9,60.5,24.5,54.2,0.0,0.0,0.0
2026-04-17 02:20:35,28.9,60.6,9.7,54.2,0.0,0.0,0.0
2026-04-17 02:20:40,29.0,60.6,22.2,54.2,0.0,0.0,0.0
2026-04-17 02:20:45,29.0,60.7,20.7,54.2,0.0,0.0,0.0
2026-04-17 02:20:50,29.0,60.6,13.1,54.2,0.0,0.0,0.0
2026-04-17 02:20:55,29.0,60.6,20.2,54.2,0.0,0.0,0.0
2026-04-17 02:21:00,28.9,60.5,26.7,54.2,0.0,0.0,0.0
2026-04-17 02:21:05,28.8,60.4,13.7,54.2,0.0,0.0,0.0
2026-04-17 02:21:10,28.9,60.4,16.5,54.2,0.0,0.0,0.0
2026-04-17 02:21:15,29.0,60.4,12.1,54.2,0.0,0.0,0.0
2026-04-17 02:21:20,28.8,60.4,0.0,54.2,0.0,0.0,0.0
2026-04-17 02:21:25,29.0,60.4,14.3,54.2,0.0,0.0,0.0
2026-04-17 02:21:30,28.9,60.4,16.0,54.2,0.0,0.0,0.0
2026-04-17 02:21:35,28.8,60.3,9.8,54.3,0.0,0.0,0.0
2026-04-17 02:21:40,28.9,60.2,11.1,54.3,0.0,0.0,0.0
2026-04-17 02:21:45,29.1,60.2,11.0,54.3,0.0,0.0,0.0
2026-04-17 02:21:50,29.0,60.1,23.9,54.2,0.0,0.0,0.0
2026-04-17 02:21:55,28.9,60.1,11.1,54.2,0.0,0.0,0.0
2026-04-17 02:22:00,28.9,60.1,13.8,54.3,0.0,0.0,0.0
2026-04-17 02:22:05,28.8,60.1,19.3,54.3,0.0,0.0,0.0
2026-04-17 02:22:10,28.9,59.8,21.9,54.2,0.0,0.0,0.0
2026-04-17 02:22:15,28.8,60.0,15.3,54.2,0.0,0.0,0.0
2026-04-17 02:22:20,28.9,59.7,13.5,54.2,0.0,0.0,0.0
2026-04-17 02:22:25,29.1,59.6,5.6,54.3,0.0,0.0,0.0
2026-04-17 02:22:30,28.9,59.7,14.3,54.3,0.0,0.0,0.0
2026-04-17 02:22:35,28.8,59.6,3.8,54.3,0.0,0.0,0.0
2026-04-17 02:22:40,28.9,59.6,24.0,54.2,0.0,0.0,0.0
2026-04-17 02:22:45,29.0,59.4,13.6,54.2,0.0,0.0,0.0
2026-04-17 02:22:50,29.0,59.5,0.0,54.3,0.0,0.0,0.0
2026-04-17 02:22:55,29.1,59.6,14.7,54.3,0.0,0.0,0.0
2026-04-17 02:23:00,29.1,59.8,29.1,54.3,0.0,0.0,0.0
2026-04-17 02:23:05,28.9,59.9,26.0,54.3,0.0,0.0,0.0
2026-04-17 02:23:10,28.9,60.0,1.3,54.3,0.0,0.0,0.0
2026-04-17 02:23:15,29.1,60.1,32.7,54.3,0.0,0.0,0.0
2026-04-17 02:23:20,28.9,60.1,18.5,54.3,0.0,0.0,0.0
2026-04-17 02:23:25,28.9,60.1,6.6,54.3,0.0,0.0,0.0
2026-04-17 02:23:30,29.1,60.0,8.9,54.3,0.0,0.0,0.0
2026-04-17 02:23:35,28.9,60.0,0.0,54.3,0.0,0.0,0.0
2026-04-17 02:23:40,28.8,60.1,18.7,54.3,0.0,0.0,0.0
2026-04-17 02:23:45,29.1,60.0,3.6,54.3,0.0,0.0,0.0
2026-04-17 02:23:50,28.9,60.1,35.8,54.3,0.0,0.0,0.0
2026-04-17 02:23:55,28.9,60.1,4.9,54.2,0.0,0.0,0.0
2026-04-17 02:24:00,29.0,60.0,19.8,54.2,0.0,0.0,0.0
2026-04-17 02:24:05,28.9,60.1,14.8,54.2,0.0,0.0,0.0
2026-04-17 02:24:10,29.1,60.1,12.8,54.2,0.0,0.0,0.0
2026-04-17 02:24:15,28.9,60.1,8.3,54.2,0.0,0.0,0.0
2026-04-17 02:24:20,28.9,60.1,26.2,54.2,0.0,0.0,0.0
2026-04-17 02:24:25,29.0,60.1,6.9,54.2,0.0,0.0,0.0
2026-04-17 02:24:30,28.9,60.1,19.1,54.2,0.0,0.0,0.0
2026-04-17 02:24:35,29.0,60.2,7.6,54.2,0.0,0.0,0.0
2026-04-17 02:24:40,29.0,60.3,30.2,54.2,0.0,0.0,0.0
2026-04-17 02:24:45,29.1,60.3,23.3,54.2,0.0,0.0,0.0
2026-04-17 02:24:50,29.0,60.3,8.0,54.2,0.0,0.0,0.0
2026-04-17 02:24:55,28.9,60.3,33.8,54.3,0.0,0.0,0.0
2026-04-17 02:25:00,28.9,60.3,41.5,54.3,0.0,0.0,0.0
2026-04-17 02:25:05,29.0,60.2,0.3,54.3,0.0,0.0,0.0
2026-04-17 02:25:10,29.0,60.3,7.0,54.3,0.0,0.0,0.0
2026-04-17 02:25:15,28.9,60.3,6.1,54.3,0.0,0.0,0.0
2026-04-17 02:25:20,29.0,60.4,7.7,54.3,0.0,0.0,0.0
2026-04-17 02:25:25,28.9,60.4,19.5,54.3,0.0,0.0,0.0
2026-04-17 02:25:30,28.9,60.5,27.4,54.3,0.0,0.0,0.0
2026-04-17 02:25:35,28.8,60.4,1.8,54.3,0.0,0.0,0.0
2026-04-17 02:25:40,29.0,60.3,19.3,54.3,0.0,0.0,0.0
2026-04-17 02:25:45,28.9,60.3,17.6,54.3,0.0,0.0,0.0
2026-04-17 02:25:50,29.0,60.2,15.4,54.3,0.0,0.0,0.0
2026-04-17 02:25:55,28.9,60.3,11.4,54.2,0.0,0.0,0.0
2026-04-17 02:26:00,28.9,60.3,7.1,54.2,0.0,0.0,0.0
2026-04-17 02:26:05,29.0,60.3,20.3,54.2,0.0,0.0,0.0
2026-04-17 02:26:10,29.0,60.2,15.0,54.2,0.0,0.0,0.0
2026-04-17 02:26:15,28.8,60.1,36.5,54.2,0.0,0.0,0.0
2026-04-17 02:26:20,29.0,60.3,7.3,54.2,0.0,0.0,0.0
2026-04-17 02:26:25,28.9,60.4,12.8,54.2,0.0,0.0,0.0
2026-04-17 02:26:30,28.9,60.5,7.7,54.2,0.0,0.0,0.0
2026-04-17 02:26:35,29.0,60.5,17.4,54.2,0.0,0.0,0.0
2026-04-17 02:26:40,29.1,60.5,12.4,54.2,0.0,0.0,0.0
2026-04-17 02:26:45,29.0,60.4,21.5,54.2,0.0,0.0,0.0
2026-04-17 02:26:50,29.0,60.5,31.7,54.2,0.0,0.0,0.0
2026-04-17 02:26:55,29.0,60.6,9.8,54.2,0.0,0.0,0.0
2026-04-17 02:27:00,28.9,60.6,33.8,54.2,0.0,0.0,0.0
2026-04-17 02:27:05,28.9,60.6,25.2,54.2,0.0,0.0,0.0
2026-04-17 02:27:10,29.1,60.7,22.9,54.3,0.0,0.0,0.0
2026-04-17 02:27:15,29.0,60.8,16.3,54.3,0.0,0.0,0.0
2026-04-17 02:27:20,29.0,60.9,18.1,54.3,0.0,0.0,0.0
2026-04-17 02:27:25,28.9,60.9,26.5,54.3,0.0,0.0,0.0
2026-04-17 02:27:30,29.1,60.8,0.0,54.2,0.0,0.0,0.0
2026-04-17 02:27:35,28.9,60.7,11.3,54.2,0.0,0.0,0.0
2026-04-17 02:27:40,29.0,60.7,18.0,54.2,0.0,0.0,0.0
2026-04-17 02:27:45,29.0,60.8,15.7,54.2,0.0,0.0,0.0
2026-04-17 02:27:50,28.9,60.8,17.0,54.2,0.0,0.0,0.0
2026-04-17 02:27:55,29.1,60.7,10.8,54.2,0.0,0.0,0.0
2026-04-17 02:28:00,29.1,60.7,32.8,54.2,0.0,0.0,0.0
2026-04-17 02:28:05,28.9,60.8,10.9,54.2,0.0,0.0,0.0
2026-04-17 02:28:10,28.8,60.9,10.6,54.3,0.0,0.0,0.0
2026-04-17 02:28:15,28.9,60.9,27.8,54.3,0.0,0.0,0.0
2026-04-17 02:28:20,29.0,60.9,23.8,54.2,0.0,0.0,0.0
2026-04-17 02:28:25,29.0,60.8,16.5,54.2,0.0,0.0,0.0
2026-04-17 02:28:30,29.0,60.8,4.7,54.2,0.0,0.0,0.0
2026-04-17 02:28:35,29.0,60.8,19.2,54.3,0.0,0.0,0.0
2026-04-17 02:28:40,28.9,60.6,13.7,54.3,0.0,0.0,0.0
2026-04-17 02:28:45,29.1,60.6,21.8,54.3,0.0,0.0,0.0
2026-04-17 02:28:50,29.1,60.6,29.0,54.3,0.0,0.0,0.0
2026-04-17 02:28:55,29.0,60.6,27.1,54.3,0.0,0.0,0.0
2026-04-17 02:29:00,29.1,60.6,3.4,54.3,0.0,0.0,0.0
2026-04-17 02:29:05,28.9,60.5,12.7,54.3,0.0,0.0,0.0
2026-04-17 02:29:10,29.0,60.5,19.3,54.3,0.0,0.0,0.0
2026-04-17 02:29:15,29.1,60.7,22.2,54.3,0.0,0.0,0.0
2026-04-17 02:29:20,29.0,60.6,15.6,54.2,0.0,0.0,0.0
2026-04-17 02:29:25,28.9,60.6,18.8,54.2,0.0,0.0,0.0
2026-04-17 02:29:30,29.0,60.6,8.4,54.2,0.0,0.0,0.0
2026-04-17 02:29:35,28.9,60.7,8.0,54.3,0.0,0.0,0.0
2026-04-17 02:29:40,29.0,60.7,13.0,54.3,0.0,0.0,0.0
2026-04-17 02:29:45,29.2,60.7,16.8,54.3,0.0,0.0,0.0
2026-04-17 02:29:50,29.0,60.7,2.0,54.3,0.0,0.0,0.0
2026-04-17 02:29:55,29.1,60.7,20.8,54.3,0.0,0.0,0.0
2026-04-17 02:30:00,29.1,60.8,13.3,54.3,0.0,0.0,0.0
2026-04-17 02:30:05,29.1,60.9,23.5,54.3,0.0,0.0,0.0
2026-04-17 02:30:10,28.9,60.8,16.5,54.3,0.0,0.0,0.0
2026-04-17 02:30:15,28.9,60.8,3.1,54.3,0.0,0.0,0.0
2026-04-17 02:30:20,28.9,60.7,24.5,54.2,0.0,0.0,0.0
2026-04-17 02:30:25,29.0,60.7,8.5,54.2,0.0,0.0,0.0
2026-04-17 02:30:30,29.0,60.7,12.4,54.2,0.0,0.0,0.0
2026-04-17 02:30:35,29.0,60.7,27.6,54.2,0.0,0.0,0.0
2026-04-17 02:30:40,29.1,60.7,5.6,54.2,0.0,0.0,0.0
2026-04-17 02:30:45,29.0,60.7,6.5,54.2,0.0,0.0,0.0
2026-04-17 02:30:50,29.1,60.9,10.9,54.3,0.0,0.0,0.0
2026-04-17 02:30:55,29.1,60.9,18.4,54.3,0.0,0.0,0.0
2026-04-17 02:31:00,29.1,60.9,2.8,54.3,0.0,0.0,0.0
2026-04-17 02:31:05,29.1,61.0,16.8,54.3,0.0,0.0,0.0
2026-04-17 02:31:10,28.9,61.0,2.1,54.3,0.0,0.0,0.0
2026-04-17 02:31:15,29.1,61.1,13.6,54.3,0.0,0.0,0.0
2026-04-17 02:31:20,29.0,61.0,7.7,54.3,0.0,0.0,0.0
2026-04-17 02:31:25,28.9,61.0,14.5,54.3,0.0,0.0,0.0
2026-04-17 02:31:30,28.9,60.9,7.4,54.3,0.0,0.0,0.0
2026-04-17 02:31:35,28.9,60.9,9.0,54.3,0.0,0.0,0.0
2026-04-17 02:31:40,28.9,60.8,21.5,54.3,0.0,0.0,0.0
2026-04-17 02:31:45,29.0,60.7,10.7,54.3,0.0,0.0,0.0
2026-04-17 02:31:50,28.9,60.6,18.3,54.3,0.0,0.0,0.0
2026-04-17 02:31:55,29.0,60.6,23.1,54.3,0.0,0.0,0.0
2026-04-17 02:32:00,28.9,60.6,0.3,54.3,0.0,0.0,0.0
2026-04-17 02:32:05,28.9,60.6,0.0,54.3,0.0,0.0,0.0
2026-04-17 02:32:10,29.1,60.6,20.6,54.3,0.0,0.0,0.0
2026-04-17 02:32:15,28.9,60.6,20.1,54.3,0.0,0.0,0.0
2026-04-17 02:32:20,29.0,60.8,30.3,54.2,0.0,0.0,0.0
2026-04-17 02:32:25,29.0,60.7,15.5,54.2,0.0,0.0,0.0
2026-04-17 02:32:30,29.1,60.8,4.4,54.2,0.0,0.0,0.0
2026-04-17 02:32:35,29.0,60.9,32.1,54.2,0.0,0.0,0.0
2026-04-17 02:32:40,29.0,60.9,20.5,54.2,0.0,0.0,0.0
2026-04-17 02:32:45,29.0,60.9,12.8,54.3,0.0,0.0,0.0
2026-04-17 02:32:50,29.0,60.9,16.5,54.3,0.0,0.0,0.0
2026-04-17 02:32:55,28.9,60.9,13.7,54.3,0.0,0.0,0.0
2026-04-17 02:33:00,29.0,60.9,5.4,54.3,0.0,0.0,0.0
2026-04-17 02:33:05,29.0,60.9,33.0,54.3,0.0,0.0,0.0
2026-04-17 02:33:10,28.9,60.9,38.7,54.3,0.0,0.0,0.0
2026-04-17 02:33:15,29.0,61.0,13.8,54.3,0.0,0.0,0.0
2026-04-17 02:33:20,29.0,61.0,11.8,54.3,0.0,0.0,0.0
2026-04-17 02:33:25,29.0,61.0,24.3,54.3,0.0,0.0,0.0
2026-04-17 02:33:30,28.9,61.0,23.6,54.3,0.0,0.0,0.0
2026-04-17 02:33:35,28.9,61.1,5.0,54.3,0.0,0.0,0.0
2026-04-17 02:33:40,28.8,61.0,19.9,54.2,0.0,0.0,0.0
2026-04-17 02:33:45,28.9,61.0,4.5,54.2,0.0,0.0,0.0
2026-04-17 02:33:50,28.9,61.0,22.9,54.2,0.0,0.0,0.0
2026-04-17 02:33:55,28.9,60.9,14.8,54.2,0.0,0.0,0.0
2026-04-17 02:34:00,28.9,60.9,17.9,54.2,0.0,0.0,0.0
2026-04-17 02:34:05,28.8,60.8,0.0,54.3,0.0,0.0,0.0
2026-04-17 02:34:10,29.0,60.8,0.0,54.3,0.0,0.0,0.0
2026-04-17 02:34:15,28.9,60.9,7.6,54.3,0.0,0.0,0.0
2026-04-17 02:34:20,29.0,60.9,12.7,54.3,0.0,0.0,0.0
2026-04-17 02:34:25,29.0,61.0,26.5,54.3,0.0,0.0,0.0
2026-04-17 02:34:30,29.0,61.0,10.1,54.3,0.0,0.0,0.0
2026-04-17 02:34:35,29.0,61.1,1.9,54.3,0.0,0.0,0.0
2026-04-17 02:34:40,28.8,61.1,20.3,54.3,0.0,0.0,0.0
2026-04-17 02:34:45,28.9,61.1,6.0,54.3,0.0,0.0,0.0
2026-04-17 02:34:50,28.9,61.2,23.9,54.3,0.0,0.0,0.0
2026-04-17 02:34:55,29.0,61.3,3.5,54.3,0.0,0.0,0.0
2026-04-17 02:35:00,28.9,61.3,10.6,54.3,0.0,0.0,0.0
2026-04-17 02:35:05,29.0,61.3,28.4,54.2,0.0,0.0,0.0
2026-04-17 02:35:10,28.9,61.2,0.0,54.2,0.0,0.0,0.0
2026-04-17 02:35:15,29.0,61.2,19.5,54.3,0.0,0.0,0.0
2026-04-17 02:35:20,29.1,61.2,28.8,54.3,0.0,0.0,0.0
2026-04-17 02:35:25,29.0,61.1,7.4,54.3,0.0,0.0,0.0
2026-04-17 02:35:30,28.8,61.0,20.0,54.3,0.0,0.0,0.0
2026-04-17 02:35:35,29.0,61.1,15.3,54.3,0.0,0.0,0.0
2026-04-17 02:35:40,29.1,61.1,9.3,54.3,0.0,0.0,0.0
2026-04-17 02:35:45,29.0,61.3,14.6,54.3,0.0,0.0,0.0
2026-04-17 02:35:50,28.9,61.3,0.0,54.3,0.0,0.0,0.0
2026-04-17 02:35:55,29.0,61.2,19.7,54.3,0.0,0.0,0.0
2026-04-17 02:36:00,28.9,61.2,17.4,54.3,0.0,0.0,0.0
2026-04-17 02:36:05,28.9,61.2,25.3,54.3,0.0,0.0,0.0
2026-04-17 02:36:10,29.0,61.2,23.9,54.3,0.0,0.0,0.0
2026-04-17 02:36:15,29.0,61.3,7.5,54.3,0.0,0.0,0.0
2026-04-17 02:36:20,28.9,61.2,18.5,54.3,0.0,0.0,0.0
2026-04-17 02:36:25,28.9,61.2,30.4,54.3,0.0,0.0,0.0
2026-04-17 02:36:30,28.9,61.2,12.9,54.3,0.0,0.0,0.0
2026-04-17 02:36:35,29.0,61.2,21.0,54.3,0.0,0.0,0.0
2026-04-17 02:36:40,28.9,61.1,27.5,54.3,0.0,0.0,0.0
2026-04-17 02:36:45,29.0,61.1,20.3,54.3,0.0,0.0,0.0
2026-04-17 02:36:50,28.9,61.2,20.1,54.3,0.0,0.0,0.0
2026-04-17 02:36:55,28.9,61.3,13.2,54.3,0.0,0.0,0.0
2026-04-17 02:37:00,28.7,61.3,15.1,54.3,0.0,0.0,0.0
2026-04-17 02:37:05,28.9,61.3,7.0,54.3,0.0,0.0,0.0
2026-04-17 02:37:10,29.0,61.2,13.9,54.3,0.0,0.0,0.0
2026-04-17 02:37:15,28.9,61.3,14.7,54.3,0.0,0.0,0.0
2026-04-17 02:37:20,29.0,61.3,0.0,54.2,0.0,0.0,0.0
2026-04-17 02:37:25,28.8,61.3,0.6,54.2,0.0,0.0,0.0
2026-04-17 02:37:30,28.9,61.3,22.6,54.2,0.0,0.0,0.0
2026-04-17 02:37:35,28.8,61.4,4.0,54.2,0.0,0.0,0.0
2026-04-17 02:37:40,28.9,61.2,24.4,54.2,0.0,0.0,0.0
2026-04-17 02:37:45,28.9,61.2,25.8,54.2,0.0,0.0,0.0
2026-04-17 02:37:50,28.9,61.3,23.4,54.2,0.0,0.0,0.0
2026-04-17 02:37:55,28.8,61.2,0.0,54.2,0.0,0.0,0.0
2026-04-17 02:38:00,28.9,61.2,9.9,54.2,0.0,0.0,0.0
2026-04-17 02:38:05,28.9,61.2,5.2,54.3,0.0,0.0,0.0
2026-04-17 02:38:10,28.9,61.0,0.0,54.3,0.0,0.0,0.0
2026-04-17 02:38:15,29.0,61.0,20.4,54.3,0.0,0.0,0.0
2026-04-17 02:38:20,29.0,61.0,30.0,54.3,0.0,0.0,0.0
2026-04-17 02:38:25,28.9,60.9,0.0,54.3,0.0,0.0,0.0
2026-04-17 02:38:30,28.9,61.0,12.1,54.3,0.0,0.0,0.0
2026-04-17 02:38:35,28.9,61.0,14.9,54.3,0.0,0.0,0.0
2026-04-17 02:38:40,28.9,61.0,5.9,54.3,0.0,0.0,0.0
2026-04-17 02:38:45,29.1,60.9,29.5,54.3,0.0,0.0,0.0
2026-04-17 02:38:50,28.9,60.9,16.9,54.3,0.0,0.0,0.0
2026-04-17 02:38:55,28.9,60.9,5.8,54.2,0.0,0.0,0.0
2026-04-17 02:39:00,29.0,60.9,20.0,54.2,0.0,0.0,0.0
2026-04-17 02:39:05,29.0,60.8,8.5,54.2,0.0,0.0,0.0
2026-04-17 02:39:10,29.0,60.8,0.0,54.2,0.0,0.0,0.0
2026-04-17 02:39:15,28.9,60.8,16.3,54.3,0.0,0.0,0.0
2026-04-17 02:39:20,28.8,60.8,13.7,54.3,0.0,0.0,0.0
2026-04-17 02:39:25,28.8,60.7,24.9,54.3,0.0,0.0,0.0
2026-04-17 02:39:30,28.9,60.6,0.0,54.3,0.0,0.0,0.0
2026-04-17 02:39:35,29.1,60.6,10.4,54.3,0.0,0.0,0.0
2026-04-17 02:39:40,29.0,60.6,24.1,54.3,0.0,0.0,0.0
2026-04-17 02:39:45,29.0,60.6,23.7,54.3,0.0,0.0,0.0
2026-04-17 02:39:50,29.0,60.6,0.0,54.3,0.0,0.0,0.0
2026-04-17 02:39:55,29.0,60.7,21.2,54.3,0.0,0.0,0.0
2026-04-17 02:40:00,28.9,60.6,36.8,54.3,0.0,0.0,0.0
2026-04-17 02:40:05,28.8,60.5,8.0,54.3,0.0,0.0,0.0
2026-04-17 02:40:10,29.0,60.5,14.3,54.3,0.0,0.0,0.0
2026-04-17 02:40:15,28.8,60.3,0.0,54.3,0.0,0.0,0.0
2026-04-17 02:40:20,28.9,60.3,23.2,54.3,0.0,0.0,0.0
2026-04-17 02:40:25,28.9,60.4,34.4,54.3,0.0,0.0,0.0
2026-04-17 02:40:30,28.9,60.3,38.1,54.3,0.0,0.0,0.0
2026-04-17 02:40:35,28.9,60.4,9.3,54.3,0.0,0.0,0.0
2026-04-17 02:40:40,29.0,60.2,26.6,54.3,0.0,0.0,0.0
2026-04-17 02:40:45,29.0,60.2,14.3,54.3,0.0,0.0,0.0
2026-04-17 02:40:50,29.0,60.2,18.2,54.3,0.0,0.0,0.0
2026-04-17 02:40:55,28.9,60.4,10.3,54.3,0.0,0.0,0.0
2026-04-17 02:41:00,28.8,60.5,11.0,54.3,0.0,0.0,0.0
2026-04-17 02:41:05,28.9,60.6,11.2,54.3,0.0,0.0,0.0
2026-04-17 02:41:10,29.0,60.5,0.6,54.3,0.0,0.0,0.0
2026-04-17 02:41:15,28.9,60.5,3.1,54.3,0.0,0.0,0.0
2026-04-17 02:41:20,28.8,60.3,7.1,54.3,0.0,0.0,0.0
2026-04-17 02:41:25,28.7,60.4,10.4,54.3,0.0,0.0,0.0
2026-04-17 02:41:30,28.9,60.4,36.4,54.3,0.0,0.0,0.0
2026-04-17 02:41:35,29.1,60.4,9.7,54.3,0.0,0.0,0.0
2026-04-17 02:41:40,29.0,60.5,9.7,54.3,0.0,0.0,0.0
2026-04-17 02:41:45,28.8,60.5,5.6,54.3,0.0,0.0,0.0
2026-04-17 02:41:50,28.9,60.3,1.5,54.3,0.0,0.0,0.0
2026-04-17 02:41:55,28.9,60.3,2.3,54.3,0.0,0.0,0.0
2026-04-17 02:42:00,29.1,60.4,9.3,54.3,0.0,0.0,0.0
2026-04-17 02:42:05,28.9,60.3,34.2,54.3,0.0,0.0,0.0
2026-04-17 02:42:10,28.8,60.2,17.6,54.3,0.0,0.0,0.0
2026-04-17 02:42:15,28.9,60.2,10.7,54.3,0.0,0.0,0.0
2026-04-17 02:42:20,29.1,60.2,12.9,54.3,0.0,0.0,0.0
2026-04-17 02:42:25,28.9,60.1,4.4,54.3,0.0,0.0,0.0
2026-04-17 02:42:30,28.7,60.2,8.6,54.3,0.0,0.0,0.0
2026-04-17 02:42:35,29.0,60.1,23.1,54.3,0.0,0.0,0.0
2026-04-17 02:42:40,29.0,60.0,17.3,54.3,0.0,0.0,0.0
2026-04-17 02:42:45,28.9,60.1,31.5,54.3,0.0,0.0,0.0
2026-04-17 02:42:50,28.8,60.1,4.8,54.3,0.0,0.0,0.0
2026-04-17 02:42:55,29.0,60.0,16.0,54.3,0.0,0.0,0.0
2026-04-17 02:43:00,28.9,60.0,16.8,54.3,0.0,0.0,0.0
2026-04-17 02:43:05,29.0,60.1,20.1,54.3,0.0,0.0,0.0
2026-04-17 02:43:10,28.8,60.2,26.1,54.3,0.0,0.0,0.0
2026-04-17 02:43:15,28.9,60.3,29.9,54.3,0.0,0.0,0.0
2026-04-17 02:43:20,28.9,60.3,10.8,54.3,0.0,0.0,0.0
2026-04-17 02:43:25,28.9,60.3,13.9,54.3,0.0,0.0,0.0
2026-04-17 02:43:30,28.9,60.4,30.3,54.3,0.0,0.0,0.0
2026-04-17 02:43:35,28.9,60.4,18.5,54.3,0.0,0.0,0.0
2026-04-17 02:43:40,28.9,60.2,6.6,54.3,0.0,0.0,0.0
2026-04-17 02:43:45,28.9,60.2,20.6,54.3,0.0,0.0,0.0
2026-04-17 02:43:50,28.9,60.2,9.0,54.3,0.0,0.0,0.0
2026-04-17 02:43:55,28.9,60.3,30.4,54.3,0.0,0.0,0.0
2026-04-17 02:44:00,29.0,60.2,5.7,54.3,0.0,0.0,0.0
2026-04-17 02:44:05,28.9,60.2,2.6,54.3,0.0,0.0,0.0
2026-04-17 02:44:10,29.0,60.1,16.3,54.3,0.0,0.0,0.0
2026-04-17 02:44:15,29.0,60.1,26.5,54.3,0.0,0.0,0.0
2026-04-17 02:44:20,28.9,60.1,18.7,54.3,0.0,0.0,0.0
2026-04-17 02:44:25,29.0,60.0,21.9,54.3,0.0,0.0,0.0
2026-04-17 02:44:30,28.9,60.1,15.9,54.3,0.0,0.0,0.0
2026-04-17 02:44:35,29.0,60.1,41.3,54.3,0.0,0.0,0.0
2026-04-17 02:44:40,29.0,60.1,15.0,54.3,0.0,0.0,0.0
2026-04-17 02:44:45,28.9,60.1,18.7,54.3,0.0,0.0,0.0
2026-04-17 02:44:50,29.1,60.1,23.2,54.3,0.0,0.0,0.0
2026-04-17 02:44:55,29.0,60.2,15.7,54.3,0.0,0.0,0.0
2026-04-17 02:45:00,28.9,60.2,24.4,54.3,0.0,0.0,0.0
2026-04-17 02:45:05,29.0,60.2,29.6,54.3,0.0,0.0,0.0
2026-04-17 02:45:10,29.0,60.2,11.3,54.3,0.0,0.0,0.0
2026-04-17 02:45:15,29.0,60.3,28.4,54.3,0.0,0.0,0.0
2026-04-17 02:45:20,28.9,60.3,31.3,54.4,0.0,0.0,0.0
2026-04-17 02:45:25,29.0,60.4,21.1,54.4,0.0,0.0,0.0
2026-04-17 02:45:30,28.9,60.3,14.9,54.4,0.0,0.0,0.0
2026-04-17 02:45:35,29.0,60.4,8.5,54.4,0.0,0.0,0.0
2026-04-17 02:45:40,29.0,60.4,20.3,54.3,0.0,0.0,0.0
2026-04-17 02:45:45,29.0,60.3,23.1,54.3,0.0,0.0,0.0
2026-04-17 02:45:50,29.0,60.2,16.7,54.3,0.0,0.0,0.0
2026-04-17 02:45:55,28.8,60.3,24.6,54.3,0.0,0.0,0.0
2026-04-17 02:46:00,28.9,60.1,22.5,54.3,0.0,0.0,0.0
2026-04-17 02:46:05,29.0,60.1,25.6,54.3,0.0,0.0,0.0
2026-04-17 02:46:10,29.0,60.3,19.5,54.3,0.0,0.0,0.0
2026-04-17 02:46:15,29.2,60.3,22.6,54.3,0.0,0.0,0.0
2026-04-17 02:46:20,29.0,60.2,27.4,54.3,0.0,0.0,0.0
2026-04-17 02:46:25,28.9,60.3,31.1,54.3,0.0,0.0,0.0
2026-04-17 02:46:30,28.8,60.4,14.9,54.3,0.0,0.0,0.0
2026-04-17 02:46:35,28.8,60.4,4.6,54.3,0.0,0.0,0.0
2026-04-17 02:46:40,29.0,60.3,34.5,54.3,0.0,0.0,0.0
2026-04-17 02:46:45,28.9,60.3,18.3,54.3,0.0,0.0,0.0
2026-04-17 02:46:50,28.9,60.2,16.0,54.3,0.0,0.0,0.0
2026-04-17 02:46:55,29.0,60.3,19.2,54.3,0.0,0.0,0.0
2026-04-17 02:47:00,29.0,60.3,27.9,54.3,0.0,0.0,0.0
2026-04-17 02:47:05,28.9,60.3,10.0,54.3,0.0,0.0,0.0
2026-04-17 02:47:10,29.0,60.3,26.8,54.3,0.0,0.0,0.0
2026-04-17 02:47:15,29.0,60.4,34.5,54.3,0.0,0.0,0.0
2026-04-17 02:47:20,29.1,60.3,14.8,54.3,0.0,0.0,0.0
2026-04-17 02:47:25,29.0,60.3,17.3,54.3,0.0,0.0,0.0
2026-04-17 02:47:30,29.0,60.3,13.3,54.3,0.0,0.0,0.0
2026-04-17 02:47:35,29.0,60.4,12.2,54.3,0.0,0.0,0.0
2026-04-17 02:47:40,28.9,60.6,11.6,54.3,0.0,0.0,0.0
2026-04-17 02:47:45,29.0,60.8,31.3,54.3,0.0,0.0,0.0
2026-04-17 02:47:50,29.0,60.8,0.0,54.3,0.0,0.0,0.0
2026-04-17 02:47:55,29.0,60.8,19.2,54.2,0.0,0.0,0.0
2026-04-17 02:48:00,29.0,60.9,28.3,54.2,0.0,0.0,0.0
2026-04-17 02:48:05,28.9,61.0,15.9,54.2,0.0,0.0,0.0
2026-04-17 02:48:10,28.9,60.9,11.6,54.3,0.0,0.0,0.0
2026-04-17 02:48:15,29.1,60.7,19.9,54.3,0.0,0.0,0.0
2026-04-17 02:48:20,28.9,60.6,13.8,54.3,0.0,0.0,0.0
2026-04-17 02:48:25,28.8,60.7,14.9,54.3,0.0,0.0,0.0
2026-04-17 02:48:30,29.1,60.7,21.7,54.3,0.0,0.0,0.0
2026-04-17 02:48:35,28.9,60.7,0.0,54.3,0.0,0.0,0.0
2026-04-17 02:48:40,29.1,60.6,5.6,54.3,0.0,0.0,0.0
2026-04-17 02:48:45,29.0,60.6,11.0,54.3,0.0,0.0,0.0
2026-04-17 02:48:50,29.0,60.6,3.5,54.3,0.0,0.0,0.0
2026-04-17 02:48:55,29.2,60.5,15.6,54.3,0.0,0.0,0.0
2026-04-17 02:49:00,28.8,60.5,10.9,54.3,0.0,0.0,0.0
2026-04-17 02:49:05,29.0,60.6,5.9,54.3,0.0,0.0,0.0
2026-04-17 02:49:10,29.0,60.6,0.0,54.3,0.0,0.0,0.0
2026-04-17 02:49:15,29.0,60.6,5.8,54.3,0.0,0.0,0.0
2026-04-17 02:49:20,29.0,60.5,19.5,54.3,0.0,0.0,0.0
2026-04-17 02:49:25,29.0,60.5,29.1,54.3,0.0,0.0,0.0
2026-04-17 02:49:30,29.0,60.3,4.9,54.3,0.0,0.0,0.0
2026-04-17 02:49:35,29.1,60.3,13.0,54.3,0.0,0.0,0.0
2026-04-17 02:49:40,29.2,60.3,0.0,54.3,0.0,0.0,0.0
2026-04-17 02:49:45,28.9,60.2,15.7,54.3,0.0,0.0,0.0
2026-04-17 02:49:50,29.1,60.2,11.1,54.3,0.0,0.0,0.0
2026-04-17 02:49:55,28.9,60.2,11.7,54.3,0.0,0.0,0.0
2026-04-17 02:50:00,29.0,60.1,23.2,54.3,0.0,0.0,0.0
2026-04-17 02:50:05,29.0,60.3,17.5,54.3,0.0,0.0,0.0
2026-04-17 02:50:10,28.9,60.4,17.9,54.3,0.0,0.0,0.0
2026-04-17 02:50:15,29.0,60.4,9.8,54.3,0.0,0.0,0.0
2026-04-17 02:50:20,29.0,60.3,9.3,54.3,0.0,0.0,0.0
2026-04-17 02:50:25,28.8,60.5,7.2,54.3,0.0,0.0,0.0
2026-04-17 02:50:30,29.0,60.5,22.9,54.3,0.0,0.0,0.0
2026-04-17 02:50:35,29.0,60.5,25.5,54.3,0.0,0.0,0.0
2026-04-17 02:50:40,28.9,60.5,19.7,54.3,0.0,0.0,0.0
2026-04-17 02:50:45,28.9,60.4,34.6,54.3,0.0,0.0,0.0
2026-04-17 02:50:50,28.9,60.4,5.2,54.3,0.0,0.0,0.0
2026-04-17 02:50:55,29.0,60.4,14.1,54.3,0.0,0.0,0.0
2026-04-17 02:51:00,28.9,60.4,18.9,54.3,0.0,0.0,0.0
2026-04-17 02:51:05,29.1,60.4,26.3,54.2,0.0,0.0,0.0
2026-04-17 02:51:10,29.0,60.4,34.9,54.2,0.0,0.0,0.0
2026-04-17 02:51:15,29.0,60.6,18.9,54.3,0.0,0.0,0.0
2026-04-17 02:51:20,28.9,60.6,13.9,54.3,0.0,0.0,0.0
2026-04-17 02:51:25,29.0,60.8,0.0,54.3,0.0,0.0,0.0
2026-04-17 02:51:30,28.9,60.7,8.4,54.3,0.0,0.0,0.0
2026-04-17 02:51:35,29.1,60.7,16.0,54.3,0.0,0.0,0.0
2026-04-17 02:51:40,29.1,60.8,0.0,54.3,0.0,0.0,0.0
2026-04-17 02:51:45,29.1,60.8,17.4,54.3,0.0,0.0,0.0
2026-04-17 02:51:50,29.1,60.7,2.0,54.3,0.0,0.0,0.0
2026-04-17 02:51:55,28.9,60.7,16.1,54.3,0.0,0.0,0.0
2026-04-17 02:52:00,29.0,60.8,13.1,54.3,0.0,0.0,0.0
2026-04-17 02:52:05,29.0,60.8,1.2,54.3,0.0,0.0,0.0
2026-04-17 02:52:10,29.0,60.8,22.6,54.3,0.0,0.0,0.0
2026-04-17 02:52:15,29.0,60.8,4.2,54.3,0.0,0.0,0.0
2026-04-17 02:52:20,29.0,60.8,19.2,54.3,0.0,0.0,0.0
2026-04-17 02:52:25,29.1,60.7,11.5,54.3,0.0,0.0,0.0
2026-04-17 02:52:30,29.0,60.6,6.4,54.3,0.0,0.0,0.0
2026-04-17 02:52:35,29.1,60.7,8.0,54.3,0.0,0.0,0.0
2026-04-17 02:52:40,29.0,60.7,13.9,54.3,0.0,0.0,0.0
2026-04-17 02:52:45,28.9,60.5,20.3,54.3,0.0,0.0,0.0
2026-04-17 02:52:50,29.1,60.7,9.2,54.3,0.0,0.0,0.0
2026-04-17 02:52:55,29.1,60.7,27.1,54.3,0.0,0.0,0.0
2026-04-17 02:53:00,29.2,60.6,42.9,54.3,0.0,0.0,0.0
2026-04-17 02:53:05,29.0,60.6,0.0,54.3,0.0,0.0,0.0
2026-04-17 02:53:10,28.9,60.7,19.8,54.3,0.0,0.0,0.0
2026-04-17 02:53:15,29.0,60.7,14.4,54.3,0.0,0.0,0.0
2026-04-17 02:53:20,28.9,60.6,6.6,54.3,0.0,0.0,0.0
2026-04-17 02:53:25,28.9,60.7,4.4,54.3,0.0,0.0,0.0
2026-04-17 02:53:30,29.0,60.6,1.0,54.3,0.0,0.0,0.0
2026-04-17 02:53:35,29.0,60.6,10.5,54.3,0.0,0.0,0.0
2026-04-17 02:53:40,29.0,60.5,18.3,54.3,0.0,0.0,0.0
2026-04-17 02:53:45,29.0,60.5,3.7,54.3,0.0,0.0,0.0
2026-04-17 02:53:50,29.1,60.4,19.3,54.3,0.0,0.0,0.0
2026-04-17 02:53:55,29.0,60.3,20.6,54.3,0.0,0.0,0.0
2026-04-17 02:54:00,28.9,60.3,25.4,54.3,0.0,0.0,0.0
2026-04-17 02:54:05,29.1,60.3,20.3,54.3,0.0,0.0,0.0
2026-04-17 02:54:10,28.7,60.1,11.6,54.3,0.0,0.0,0.0
2026-04-17 02:54:15,28.8,60.2,28.4,54.3,0.0,0.0,0.0
2026-04-17 02:54:20,28.9,60.1,9.9,54.3,0.0,0.0,0.0
2026-04-17 02:54:25,28.9,60.1,21.2,54.3,0.0,0.0,0.0
2026-04-17 02:54:30,28.9,60.0,31.7,54.3,0.0,0.0,0.0
2026-04-17 02:54:35,29.0,60.0,16.7,54.3,0.0,0.0,0.0
2026-04-17 02:54:40,28.9,59.9,15.3,54.3,0.0,0.0,0.0
2026-04-17 02:54:45,29.1,59.9,16.4,54.3,0.0,0.0,0.0
2026-04-17 02:54:50,29.0,60.0,0.0,54.3,0.0,0.0,0.0
2026-04-17 02:54:55,29.0,60.1,19.1,54.3,0.0,0.0,0.0
2026-04-17 02:55:00,29.0,60.2,13.9,54.3,0.0,0.0,0.0
2026-04-17 02:55:05,28.9,60.1,13.9,54.3,0.0,0.0,0.0
2026-04-17 02:55:10,28.8,60.1,5.8,54.3,0.0,0.0,0.0
2026-04-17 02:55:15,29.0,60.1,24.9,54.3,0.0,0.0,0.0
2026-04-17 02:55:20,29.0,60.2,33.5,54.3,0.0,0.0,0.0
2026-04-17 02:55:25,29.1,60.3,14.2,54.3,0.0,0.0,0.0
2026-04-17 02:55:30,29.0,60.5,19.5,54.3,0.0,0.0,0.0
2026-04-17 02:55:35,28.9,60.4,6.9,54.3,0.0,0.0,0.0
2026-04-17 02:55:40,29.0,60.3,17.1,54.3,0.0,0.0,0.0
2026-04-17 02:55:45,29.0,60.2,18.0,54.3,0.0,0.0,0.0
2026-04-17 02:55:50,29.0,60.2,21.6,54.3,0.0,0.0,0.0
2026-04-17 02:55:55,28.9,60.3,7.3,54.3,0.0,0.0,0.0
2026-04-17 02:56:00,29.0,60.3,13.5,54.3,0.0,0.0,0.0
2026-04-17 02:56:05,29.1,60.4,27.0,54.3,0.0,0.0,0.0
2026-04-17 02:56:10,29.1,60.3,15.6,54.3,0.0,0.0,0.0
2026-04-17 02:56:15,28.9,60.4,20.0,54.3,0.0,0.0,0.0
2026-04-17 02:56:20,28.9,60.4,16.2,54.3,0.0,0.0,0.0
2026-04-17 02:56:25,29.0,60.3,1.3,54.3,0.0,0.0,0.0
2026-04-17 02:56:30,29.0,60.2,1.1,54.3,0.0,0.0,0.0
2026-04-17 02:56:35,29.0,60.2,16.6,54.3,0.0,0.0,0.0
2026-04-17 02:56:40,28.9,60.2,8.9,54.3,0.0,0.0,0.0
2026-04-17 02:56:45,28.9,60.4,5.7,54.3,0.0,0.0,0.0
2026-04-17 02:56:50,29.0,60.3,18.9,54.3,0.0,0.0,0.0
2026-04-17 02:56:55,29.0,60.3,16.7,54.3,0.0,0.0,0.0
2026-04-17 02:57:00,28.8,60.3,23.2,54.3,0.0,0.0,0.0
2026-04-17 02:57:05,28.9,60.3,23.9,54.3,0.0,0.0,0.0
2026-04-17 02:57:10,29.0,60.4,25.0,54.3,0.0,0.0,0.0
2026-04-17 02:57:15,28.9,60.3,17.8,54.3,0.0,0.0,0.0
2026-04-17 02:57:20,29.1,60.4,14.7,54.3,0.0,0.0,0.0
2026-04-17 02:57:25,29.1,60.4,14.3,54.3,0.0,0.0,0.0
2026-04-17 02:57:30,29.0,60.5,1.3,54.3,0.0,0.0,0.0
2026-04-17 02:57:35,28.8,60.5,6.4,54.3,0.0,0.0,0.0
2026-04-17 02:57:40,28.9,60.4,32.4,54.3,0.0,0.0,0.0
2026-04-17 02:57:45,29.0,60.5,16.1,54.3,0.0,0.0,0.0
2026-04-17 02:57:50,29.0,60.4,29.4,54.3,0.0,0.0,0.0
2026-04-17 02:57:55,28.9,60.4,0.0,54.3,0.0,0.0,0.0
2026-04-17 02:58:00,28.9,60.4,0.0,54.3,0.0,0.0,0.0
2026-04-17 02:58:05,29.0,60.4,0.0,54.3,0.0,0.0,0.0
2026-04-17 02:58:10,28.9,60.5,27.8,54.3,0.0,0.0,0.0
2026-04-17 02:58:15,29.0,60.4,0.0,54.3,0.0,0.0,0.0
2026-04-17 02:58:20,28.8,60.2,25.4,54.3,0.0,0.0,0.0
2026-04-17 02:58:25,28.9,60.2,0.0,54.3,0.0,0.0,0.0
2026-04-17 02:58:30,29.0,60.2,17.8,54.3,0.0,0.0,0.0
2026-04-17 02:58:35,29.0,60.3,9.8,54.3,0.0,0.0,0.0
2026-04-17 02:58:40,29.0,60.2,21.7,54.3,0.0,0.0,0.0
2026-04-17 02:58:45,29.0,60.2,9.9,54.3,0.0,0.0,0.0
2026-04-17 02:58:50,29.1,60.2,11.8,54.3,0.0,0.0,0.0
2026-04-17 02:58:55,28.9,60.3,22.4,54.3,0.0,0.0,0.0
2026-04-17 02:59:00,29.0,60.3,13.8,54.3,0.0,0.0,0.0
2026-04-17 02:59:05,29.0,60.3,16.1,54.3,0.0,0.0,0.0
2026-04-17 02:59:10,28.9,60.4,0.0,54.3,0.0,0.0,0.0
2026-04-17 02:59:15,28.9,60.4,16.8,54.3,0.0,0.0,0.0
2026-04-17 02:59:20,29.1,60.2,15.9,54.3,0.0,0.0,0.0
2026-04-17 02:59:25,29.0,60.3,14.6,54.3,0.0,0.0,0.0
2026-04-17 02:59:30,29.0,60.4,7.1,54.3,0.0,0.0,0.0
2026-04-17 02:59:35,28.9,60.4,16.9,54.3,0.0,0.0,0.0
2026-04-17 02:59:40,28.9,60.4,26.7,54.3,0.0,0.0,0.0
2026-04-17 02:59:45,29.1,60.3,4.4,54.3,0.0,0.0,0.0
2026-04-17 02:59:50,29.0,60.4,0.0,54.3,0.0,0.0,0.0
2026-04-17 02:59:55,29.1,60.4,38.0,54.3,0.0,0.0,0.0
2026-04-17 03:00:00,28.9,60.4,3.7,54.3,0.0,0.0,0.0
2026-04-17 03:00:05,29.0,60.5,12.2,54.3,0.0,0.0,0.0
2026-04-17 03:00:10,28.9,60.5,23.1,54.3,0.0,0.0,0.0
2026-04-17 03:00:15,29.1,60.7,11.1,54.3,0.0,0.0,0.0
2026-04-17 03:00:20,29.1,60.7,22.3,54.3,0.0,0.0,0.0
2026-04-17 03:00:25,29.0,60.8,2.2,54.3,0.0,0.0,0.0
2026-04-17 03:00:30,29.0,60.8,21.3,54.3,0.0,0.0,0.0
2026-04-17 03:00:35,29.1,60.8,5.7,54.3,0.0,0.0,0.0
2026-04-17 03:00:40,29.0,61.0,38.2,54.3,0.0,0.0,0.0
2026-04-17 03:00:45,29.0,60.9,26.8,54.3,0.0,0.0,0.0
2026-04-17 03:00:50,28.9,61.0,6.7,54.3,0.0,0.0,0.0
2026-04-17 03:00:55,29.2,61.0,22.9,54.3,0.0,0.0,0.0
2026-04-17 03:01:00,29.1,61.1,0.0,54.3,0.0,0.0,0.0
2026-04-17 03:01:05,29.1,61.0,6.1,54.3,0.0,0.0,0.0
2026-04-17 03:01:10,29.0,61.0,33.2,54.3,0.0,0.0,0.0
2026-04-17 03:01:15,29.1,61.0,19.7,54.3,0.0,0.0,0.0
2026-04-17 03:01:20,29.0,61.0,4.3,54.3,0.0,0.0,0.0
2026-04-17 03:01:25,29.0,60.9,9.7,54.3,0.0,0.0,0.0
2026-04-17 03:01:30,29.0,60.8,8.9,54.3,0.0,0.0,0.0
2026-04-17 03:01:35,28.9,60.8,14.9,54.3,0.0,0.0,0.0
2026-04-17 03:01:40,28.9,60.7,22.5,54.3,0.0,0.0,0.0
2026-04-17 03:01:45,29.1,60.8,4.8,54.3,0.0,0.0,0.0
2026-04-17 03:01:50,29.0,60.9,22.2,54.3,0.0,0.0,0.0
2026-04-17 03:01:55,28.9,60.8,24.0,54.3,0.0,0.0,0.0
2026-04-17 03:02:00,28.9,60.8,14.8,54.3,0.0,0.0,0.0
2026-04-17 03:02:05,29.0,60.9,10.9,54.3,0.0,0.0,0.0
2026-04-17 03:02:10,29.1,60.8,14.3,54.3,0.0,0.0,0.0
2026-04-17 03:02:15,29.0,60.8,4.1,54.3,0.0,0.0,0.0
2026-04-17 03:02:20,29.1,60.8,17.7,54.3,0.0,0.0,0.0
2026-04-17 03:02:25,29.1,60.8,20.7,54.3,0.0,0.0,0.0
2026-04-17 03:02:30,29.0,60.8,20.5,54.3,0.0,0.0,0.0
2026-04-17 03:02:35,29.0,60.8,12.3,54.3,0.0,0.0,0.0
2026-04-17 03:02:40,29.1,60.9,0.0,54.3,0.0,0.0,0.0
2026-04-17 03:02:45,28.9,60.8,21.2,54.3,0.0,0.0,0.0
2026-04-17 03:02:50,29.1,60.7,1.2,54.3,0.0,0.0,0.0
2026-04-17 03:02:55,29.0,60.7,0.0,54.3,0.0,0.0,0.0
2026-04-17 03:03:00,29.0,60.8,0.0,54.2,0.0,0.0,0.0
2026-04-17 03:03:05,29.0,60.8,16.8,54.2,0.0,0.0,0.0
2026-04-17 03:03:10,28.9,60.9,5.9,54.2,0.0,0.0,0.0
2026-04-17 03:03:15,29.0,60.8,0.0,54.3,0.0,0.0,0.0
2026-04-17 03:03:20,29.0,60.8,2.6,54.3,0.0,0.0,0.0
2026-04-17 03:03:25,29.0,60.9,20.8,54.3,0.0,0.0,0.0
2026-04-17 03:03:30,29.1,60.9,11.9,54.2,0.0,0.0,0.0
2026-04-17 03:03:35,28.9,61.0,23.9,54.2,0.0,0.0,0.0
2026-04-17 03:03:40,29.0,60.9,19.6,54.2,0.0,0.0,0.0
2026-04-17 03:03:45,29.0,60.9,24.8,54.2,0.0,0.0,0.0
2026-04-17 03:03:50,28.9,60.9,21.9,54.3,0.0,0.0,0.0
2026-04-17 03:03:55,29.0,60.8,11.0,54.3,0.0,0.0,0.0
2026-04-17 03:04:00,29.1,60.8,28.0,54.2,0.0,0.0,0.0
2026-04-17 03:04:05,29.1,60.8,24.4,54.2,0.0,0.0,0.0
2026-04-17 03:04:10,28.8,60.9,30.3,54.3,0.0,0.0,0.0
2026-04-17 03:04:15,29.2,60.9,9.6,54.3,0.0,0.0,0.0
2026-04-17 03:04:20,29.1,60.9,11.0,54.3,0.0,0.0,0.0
2026-04-17 03:04:25,29.0,61.0,21.4,54.3,0.0,0.0,0.0
2026-04-17 03:04:30,29.1,61.1,15.8,54.3,0.0,0.0,0.0
2026-04-17 03:04:35,29.0,61.0,14.2,54.3,0.0,0.0,0.0
2026-04-17 03:04:40,29.0,60.9,8.8,54.3,0.0,0.0,0.0
2026-04-17 03:04:45,29.0,61.1,16.3,54.3,0.0,0.0,0.0
2026-04-17 03:04:50,29.0,61.2,22.0,54.3,0.0,0.0,0.0
2026-04-17 03:04:55,28.9,61.1,28.5,54.3,0.0,0.0,0.0
2026-04-17 03:05:00,29.0,61.1,3.2,54.3,0.0,0.0,0.0
2026-04-17 03:05:05,29.1,61.1,33.9,54.3,0.0,0.0,0.0
2026-04-17 03:05:10,29.1,61.0,30.2,54.3,0.0,0.0,0.0
2026-04-17 03:05:15,29.2,61.0,22.4,54.3,0.0,0.0,0.0
2026-04-17 03:05:20,29.0,61.0,5.4,54.3,0.0,0.0,0.0
2026-04-17 03:05:25,29.1,61.0,0.0,54.3,0.0,0.0,0.0
2026-04-17 03:05:30,29.0,61.1,22.1,54.3,0.0,0.0,0.0
2026-04-17 03:05:35,28.9,61.2,16.5,54.3,0.0,0.0,0.0
2026-04-17 03:05:40,29.0,61.2,10.7,54.3,0.0,0.0,0.0
2026-04-17 03:05:45,29.1,61.1,6.4,54.3,0.0,0.0,0.0
2026-04-17 03:05:50,29.2,61.1,29.3,54.3,0.0,0.0,0.0
2026-04-17 03:05:55,29.1,61.0,0.0,54.3,0.0,0.0,0.0
2026-04-17 03:06:00,29.1,61.1,1.1,54.2,0.0,0.0,0.0
2026-04-17 03:06:05,28.9,61.1,19.5,54.2,0.0,0.0,0.0
2026-04-17 03:06:10,29.0,61.0,19.1,54.2,0.0,0.0,0.0
2026-04-17 03:06:15,29.0,60.8,0.0,54.2,0.0,0.0,0.0
2026-04-17 03:06:20,28.9,60.9,23.6,54.2,0.0,0.0,0.0
2026-04-17 03:06:25,29.0,60.9,18.3,54.3,0.0,0.0,0.0
2026-04-17 03:06:30,29.0,60.9,16.1,54.3,0.0,0.0,0.0
2026-04-17 03:06:35,29.0,60.9,14.8,54.3,0.0,0.0,0.0
2026-04-17 03:06:40,29.1,60.7,18.8,54.2,0.0,0.0,0.0
2026-04-17 03:06:45,29.0,60.6,16.9,54.2,0.0,0.0,0.0
2026-04-17 03:06:50,29.1,60.6,10.8,54.2,0.0,0.0,0.0
2026-04-17 03:06:55,29.1,60.6,21.2,54.2,0.0,0.0,0.0
2026-04-17 03:07:00,28.9,60.6,18.7,54.2,0.0,0.0,0.0
2026-04-17 03:07:05,29.1,60.5,16.1,54.2,0.0,0.0,0.0
2026-04-17 03:07:10,29.0,60.5,29.4,54.3,0.0,0.0,0.0
2026-04-17 03:07:15,29.1,60.4,17.7,54.3,0.0,0.0,0.0
2026-04-17 03:07:20,29.0,60.5,21.6,54.2,0.0,0.0,0.0
2026-04-17 03:07:25,29.2,60.5,11.6,54.2,0.0,0.0,0.0
2026-04-17 03:07:30,28.9,60.6,17.8,54.3,0.0,0.0,0.0
2026-04-17 03:07:35,29.1,60.5,9.2,54.3,0.0,0.0,0.0
2026-04-17 03:07:40,29.0,60.5,3.1,54.3,0.0,0.0,0.0
2026-04-17 03:07:45,29.0,60.3,18.3,54.3,0.0,0.0,0.0
2026-04-17 03:07:50,29.1,60.4,10.7,54.3,0.0,0.0,0.0
2026-04-17 03:07:55,29.0,60.3,19.1,54.3,0.0,0.0,0.0
2026-04-17 03:08:00,28.9,60.3,22.8,54.3,0.0,0.0,0.0
2026-04-17 03:08:05,29.1,60.4,29.8,54.3,0.0,0.0,0.0
2026-04-17 03:08:10,29.0,60.4,8.0,54.3,0.0,0.0,0.0
2026-04-17 03:08:15,29.0,60.3,16.4,54.3,0.0,0.0,0.0
2026-04-17 03:08:20,29.1,60.3,21.5,54.3,0.0,0.0,0.0
2026-04-17 03:08:25,29.0,60.2,15.4,54.3,0.0,0.0,0.0
2026-04-17 03:08:30,29.0,60.3,0.0,54.3,0.0,0.0,0.0
2026-04-17 03:08:35,29.0,60.2,17.9,54.3,0.0,0.0,0.0
2026-04-17 03:08:40,29.0,60.2,9.1,54.2,0.0,0.0,0.0
2026-04-17 03:08:45,29.2,60.1,14.3,54.2,0.0,0.0,0.0
2026-04-17 03:08:50,29.1,60.2,9.1,54.2,0.0,0.0,0.0
2026-04-17 03:08:55,29.0,60.0,20.3,54.2,0.0,0.0,0.0
2026-04-17 03:09:00,29.0,60.1,17.7,54.2,0.0,0.0,0.0
2026-04-17 03:09:05,29.0,60.1,14.5,54.3,0.0,0.0,0.0
2026-04-17 03:09:10,29.0,60.1,7.8,54.3,0.0,0.0,0.0
2026-04-17 03:09:15,29.2,60.2,18.7,54.3,0.0,0.0,0.0
2026-04-17 03:09:20,29.2,60.1,17.8,54.2,0.0,0.0,0.0
2026-04-17 03:09:25,29.2,60.2,3.6,54.2,0.0,0.0,0.0
2026-04-17 03:09:30,29.1,60.2,39.0,54.3,0.0,0.0,0.0
2026-04-17 03:09:35,29.1,60.1,10.8,54.3,0.0,0.0,0.0
2026-04-17 03:09:40,29.1,60.2,25.9,54.3,0.0,0.0,0.0
2026-04-17 03:09:45,29.0,60.2,27.2,54.3,0.0,0.0,0.0
2026-04-17 03:09:50,29.1,60.2,25.9,54.3,0.0,0.0,0.0
2026-04-17 03:09:55,29.0,60.3,12.5,54.2,0.0,0.0,0.0
2026-04-17 03:10:00,29.0,60.2,9.5,54.2,0.0,0.0,0.0
2026-04-17 03:10:05,29.0,60.3,1.2,54.2,0.0,0.0,0.0
2026-04-17 03:10:10,29.2,60.3,0.0,54.2,0.0,0.0,0.0
2026-04-17 03:10:15,29.1,60.2,16.3,54.2,0.0,0.0,0.0
2026-04-17 03:10:20,28.9,60.4,10.4,54.3,0.0,0.0,0.0
2026-04-17 03:10:25,29.0,60.3,22.9,54.3,0.0,0.0,0.0
2026-04-17 03:10:30,29.2,60.4,14.7,54.3,0.0,0.0,0.0
2026-04-17 03:10:35,29.1,60.4,19.8,54.3,0.0,0.0,0.0
2026-04-17 03:10:40,29.0,60.5,40.2,54.2,0.0,0.0,0.0
2026-04-17 03:10:45,29.0,60.4,22.0,54.2,0.0,0.0,0.0
2026-04-17 03:10:50,29.1,60.3,22.1,54.2,0.0,0.0,0.0
2026-04-17 03:10:55,29.1,60.1,13.2,54.2,0.0,0.0,0.0
2026-04-17 03:11:00,29.1,60.1,0.0,54.2,0.0,0.0,0.0
2026-04-17 03:11:05,29.0,60.1,14.6,54.2,0.0,0.0,0.0
2026-04-17 03:11:10,29.0,60.1,12.2,54.2,0.0,0.0,0.0
2026-04-17 03:11:15,28.9,60.1,22.6,54.2,0.0,0.0,0.0
2026-04-17 03:11:20,29.0,60.0,1.9,54.2,0.0,0.0,0.0
2026-04-17 03:11:25,29.1,60.0,13.1,54.2,0.0,0.0,0.0
2026-04-17 03:11:30,29.1,59.9,30.1,54.2,0.0,0.0,0.0
2026-04-17 03:11:35,29.0,59.9,20.3,54.2,0.0,0.0,0.0
2026-04-17 03:11:40,29.0,60.1,0.0,54.2,0.0,0.0,0.0
2026-04-17 03:11:45,29.2,60.1,22.3,54.2,0.0,0.0,0.0
2026-04-17 03:11:50,29.2,60.2,28.8,54.3,0.0,0.0,0.0
2026-04-17 03:11:55,29.1,60.1,15.0,54.3,0.0,0.0,0.0
2026-04-17 03:12:00,29.0,60.2,19.4,54.2,0.0,0.0,0.0
2026-04-17 03:12:05,29.0,60.1,10.8,54.2,0.0,0.0,0.0
2026-04-17 03:12:10,29.0,60.0,21.5,54.2,0.0,0.0,0.0
2026-04-17 03:12:15,29.0,59.9,1.6,54.2,0.0,0.0,0.0
2026-04-17 03:12:20,28.9,60.0,16.4,54.2,0.0,0.0,0.0
2026-04-17 03:12:25,29.0,59.9,17.3,54.2,0.0,0.0,0.0
2026-04-17 03:12:30,29.0,59.9,22.8,54.2,0.0,0.0,0.0
2026-04-17 03:12:35,29.0,59.9,30.9,54.2,0.0,0.0,0.0
2026-04-17 03:12:40,29.0,59.9,0.0,54.2,0.0,0.0,0.0
2026-04-17 03:12:45,28.9,59.8,6.2,54.2,0.0,0.0,0.0
2026-04-17 03:12:50,29.1,59.8,0.0,54.2,0.0,0.0,0.0
2026-04-17 03:12:55,29.0,59.7,42.3,54.2,0.0,0.0,0.0
2026-04-17 03:13:00,29.0,59.8,37.0,54.2,0.0,0.0,0.0
2026-04-17 03:13:05,29.0,60.0,27.3,54.2,0.0,0.0,0.0
2026-04-17 03:13:10,29.0,60.1,8.6,54.2,0.0,0.0,0.0
2026-04-17 03:13:15,29.0,60.1,17.5,54.2,0.0,0.0,0.0
2026-04-17 03:13:20,29.0,60.1,10.3,54.2,0.0,0.0,0.0
2026-04-17 03:13:25,28.9,60.0,15.1,54.2,0.0,0.0,0.0
2026-04-17 03:13:30,29.0,60.0,4.7,54.2,0.0,0.0,0.0
2026-04-17 03:13:35,28.9,60.1,18.0,54.2,0.0,0.0,0.0
2026-04-17 03:13:40,29.0,60.2,16.5,54.2,0.0,0.0,0.0
2026-04-17 03:13:45,29.1,60.3,10.9,54.2,0.0,0.0,0.0
2026-04-17 03:13:50,28.8,60.2,23.3,54.2,0.0,0.0,0.0
2026-04-17 03:13:55,28.9,60.3,9.9,54.2,0.0,0.0,0.0
2026-04-17 03:14:00,29.1,60.4,22.8,54.2,0.0,0.0,0.0
2026-04-17 03:14:05,29.0,60.3,12.7,54.2,0.0,0.0,0.0
2026-04-17 03:14:10,29.0,60.5,21.8,54.2,0.0,0.0,0.0
2026-04-17 03:14:15,29.1,60.5,10.9,54.2,0.0,0.0,0.0
2026-04-17 03:14:20,29.0,60.5,10.1,54.2,0.0,0.0,0.0
2026-04-17 03:14:25,29.1,60.4,22.0,54.2,0.0,0.0,0.0
2026-04-17 03:14:30,28.9,60.2,20.6,54.2,0.0,0.0,0.0
2026-04-17 03:14:35,29.0,60.3,31.8,54.2,0.0,0.0,0.0
2026-04-17 03:14:40,29.0,60.4,1.6,54.2,0.0,0.0,0.0
2026-04-17 03:14:45,29.1,60.5,0.0,54.2,0.0,0.0,0.0
2026-04-17 03:14:50,29.0,60.5,6.6,54.2,0.0,0.0,0.0
2026-04-17 03:14:55,28.9,60.6,11.0,54.2,0.0,0.0,0.0
2026-04-17 03:15:00,29.0,60.6,11.4,54.2,0.0,0.0,0.0
2026-04-17 03:15:05,28.9,60.5,30.7,54.2,0.0,0.0,0.0
2026-04-17 03:15:10,28.9,60.5,14.8,54.2,0.0,0.0,0.0
2026-04-17 03:15:15,28.9,60.6,8.1,54.2,0.0,0.0,0.0
2026-04-17 03:15:20,28.9,60.7,1.7,54.2,0.0,0.0,0.0
2026-04-17 03:15:25,29.1,60.7,3.3,54.2,0.0,0.0,0.0
2026-04-17 03:15:30,29.0,60.8,21.9,54.2,0.0,0.0,0.0
2026-04-17 03:15:35,29.0,60.8,32.7,54.2,0.0,0.0,0.0
2026-04-17 03:15:40,29.0,60.9,21.3,54.2,0.0,0.0,0.0
2026-04-17 03:15:45,28.9,60.8,6.4,54.2,0.0,0.0,0.0
2026-04-17 03:15:50,29.1,60.7,18.4,54.2,0.0,0.0,0.0
2026-04-17 03:15:55,28.9,60.6,25.6,54.2,0.0,0.0,0.0
2026-04-17 03:16:00,29.0,60.6,16.8,54.2,0.0,0.0,0.0
2026-04-17 03:16:05,29.1,60.7,10.3,54.2,0.0,0.0,0.0
2026-04-17 03:16:10,29.1,60.8,21.2,54.2,0.0,0.0,0.0
2026-04-17 03:16:15,29.0,60.9,5.5,54.2,0.0,0.0,0.0
2026-04-17 03:16:20,29.0,60.8,7.5,54.2,0.0,0.0,0.0
2026-04-17 03:16:25,29.0,60.8,0.0,54.2,0.0,0.0,0.0
2026-04-17 03:16:30,29.0,60.8,25.0,54.2,0.0,0.0,0.0
2026-04-17 03:16:35,28.8,60.8,3.7,54.2,0.0,0.0,0.0
2026-04-17 03:16:40,28.9,60.8,23.8,54.2,0.0,0.0,0.0
2026-04-17 03:16:45,28.9,60.8,10.2,54.2,0.0,0.0,0.0
2026-04-17 03:16:50,29.0,61.0,1.5,54.2,0.0,0.0,0.0
2026-04-17 03:16:55,29.0,61.0,23.0,54.2,0.0,0.0,0.0
2026-04-17 03:17:00,29.0,61.0,8.7,54.2,0.0,0.0,0.0
2026-04-17 03:17:05,29.1,61.0,2.6,54.2,0.0,0.0,0.0
2026-04-17 03:17:10,29.0,61.0,0.0,54.2,0.0,0.0,0.0
2026-04-17 03:17:15,28.9,60.9,4.3,54.2,0.0,0.0,0.0
2026-04-17 03:17:20,29.1,60.8,29.2,54.2,0.0,0.0,0.0
2026-04-17 03:17:25,28.9,60.8,3.2,54.2,0.0,0.0,0.0
2026-04-17 03:17:30,29.0,60.8,18.3,54.2,0.0,0.0,0.0
2026-04-17 03:17:35,29.0,60.7,11.4,54.2,0.0,0.0,0.0
2026-04-17 03:17:40,28.8,60.7,15.8,54.2,0.0,0.0,0.0
2026-04-17 03:17:45,29.0,60.7,10.9,54.2,0.0,0.0,0.0
2026-04-17 03:17:50,29.0,60.7,6.4,54.2,0.0,0.0,0.0
2026-04-17 03:17:55,28.9,60.7,0.0,54.2,0.0,0.0,0.0
2026-04-17 03:18:00,28.9,60.8,29.2,54.2,0.0,0.0,0.0
2026-04-17 03:18:05,29.1,60.9,32.0,54.2,0.0,0.0,0.0
2026-04-17 03:18:10,28.8,60.8,17.8,54.2,0.0,0.0,0.0
2026-04-17 03:18:15,28.9,60.7,31.1,54.2,0.0,0.0,0.0
2026-04-17 03:18:20,28.9,60.6,8.6,54.2,0.0,0.0,0.0
2026-04-17 03:18:25,29.0,60.8,19.9,54.2,0.0,0.0,0.0
2026-04-17 03:18:30,28.9,60.7,0.0,54.2,0.0,0.0,0.0
2026-04-17 03:18:35,29.0,60.8,28.9,54.2,0.0,0.0,0.0
2026-04-17 03:18:40,29.1,60.9,24.5,54.2,0.0,0.0,0.0
2026-04-17 03:18:45,28.9,60.9,12.5,54.2,0.0,0.0,0.0
2026-04-17 03:18:50,29.0,60.8,21.8,54.2,0.0,0.0,0.0
2026-04-17 03:18:55,28.9,60.9,6.8,54.2,0.0,0.0,0.0
2026-04-17 03:19:00,29.0,61.1,0.0,54.2,0.0,0.0,0.0
2026-04-17 03:19:05,28.9,61.2,32.5,54.2,0.0,0.0,0.0
2026-04-17 03:19:10,29.0,61.0,10.3,54.2,0.0,0.0,0.0
2026-04-17 03:19:15,28.9,61.1,6.3,54.2,0.0,0.0,0.0
2026-04-17 03:19:20,29.1,60.9,22.8,54.2,0.0,0.0,0.0
2026-04-17 03:19:25,29.0,60.8,3.2,54.2,0.0,0.0,0.0
2026-04-17 03:19:30,29.0,60.8,5.1,54.2,0.0,0.0,0.0
2026-04-17 03:19:35,29.1,60.6,25.3,54.2,0.0,0.0,0.0
2026-04-17 03:19:40,29.0,60.6,0.0,54.2,0.0,0.0,0.0
2026-04-17 03:19:45,29.0,60.6,11.9,54.2,0.0,0.0,0.0
2026-04-17 03:19:50,29.0,60.5,25.5,54.2,0.0,0.0,0.0
2026-04-17 03:19:55,28.9,60.6,33.0,54.2,0.0,0.0,0.0
2026-04-17 03:20:00,28.9,60.5,12.5,54.2,0.0,0.0,0.0
2026-04-17 03:20:05,29.1,60.6,18.7,54.2,0.0,0.0,0.0
2026-04-17 03:20:10,29.1,60.6,16.8,54.2,0.0,0.0,0.0
2026-04-17 03:20:15,28.8,60.6,15.9,54.2,0.0,0.0,0.0
2026-04-17 03:20:20,28.9,60.7,7.0,54.2,0.0,0.0,0.0
2026-04-17 03:20:25,29.0,60.5,27.3,54.2,0.0,0.0,0.0
2026-04-17 03:20:30,28.9,60.5,12.2,54.2,0.0,0.0,0.0
2026-04-17 03:20:35,28.9,60.5,20.3,54.2,0.0,0.0,0.0
2026-04-17 03:20:40,29.0,60.5,14.9,54.2,0.0,0.0,0.0
2026-04-17 03:20:45,29.0,60.3,25.6,54.2,0.0,0.0,0.0
2026-04-17 03:20:50,29.1,60.5,0.0,54.2,0.0,0.0,0.0
2026-04-17 03:20:55,29.0,60.5,16.8,54.2,0.0,0.0,0.0
2026-04-17 03:21:00,28.9,60.4,0.0,54.2,0.0,0.0,0.0
2026-04-17 03:21:05,29.0,60.5,7.4,54.2,0.0,0.0,0.0
2026-04-17 03:21:10,29.1,60.3,14.3,54.2,0.0,0.0,0.0
2026-04-17 03:21:15,29.0,60.2,0.0,54.2,0.0,0.0,0.0
2026-04-17 03:21:20,29.0,60.3,6.1,54.2,0.0,0.0,0.0
2026-04-17 03:21:25,29.0,60.2,24.7,54.2,0.0,0.0,0.0
2026-04-17 03:21:30,28.9,60.4,0.0,54.2,0.0,0.0,0.0
2026-04-17 03:21:35,29.0,60.4,13.5,54.2,0.0,0.0,0.0
2026-04-17 03:21:40,29.1,60.4,14.5,54.1,0.0,0.0,0.0
2026-04-17 03:21:45,29.0,60.5,13.9,54.1,0.0,0.0,0.0
2026-04-17 03:21:50,29.1,60.6,16.5,54.1,0.0,0.0,0.0
2026-04-17 03:21:55,28.9,60.6,24.1,54.1,0.0,0.0,0.0
2026-04-17 03:22:00,29.0,60.7,18.7,54.2,0.0,0.0,0.0
2026-04-17 03:22:05,28.9,60.7,24.0,54.2,0.0,0.0,0.0
2026-04-17 03:22:10,28.9,60.7,1.9,54.1,0.0,0.0,0.0
2026-04-17 03:22:15,29.0,60.4,18.8,54.1,0.0,0.0,0.0
2026-04-17 03:22:20,29.0,60.5,0.0,54.1,0.0,0.0,0.0
2026-04-17 03:22:25,29.0,60.7,5.3,54.1,0.0,0.0,0.0
2026-04-17 03:22:30,29.0,60.7,20.7,54.1,0.0,0.0,0.0
2026-04-17 03:22:35,29.0,60.7,17.9,54.1,0.0,0.0,0.0
2026-04-17 03:22:40,28.9,60.8,32.7,54.2,0.0,0.0,0.0
2026-04-17 03:22:45,28.9,60.8,5.2,54.2,0.0,0.0,0.0
2026-04-17 03:22:50,29.0,60.9,21.7,54.2,0.0,0.0,0.0
2026-04-17 03:22:55,29.1,60.8,6.5,54.2,0.0,0.0,0.0
2026-04-17 03:23:00,29.1,60.9,12.6,54.2,0.0,0.0,0.0
2026-04-17 03:23:05,29.0,61.0,0.0,54.2,0.0,0.0,0.0
2026-04-17 03:23:10,28.9,60.9,24.9,54.1,0.0,0.0,0.0
2026-04-17 03:23:15,29.0,60.8,27.8,54.1,0.0,0.0,0.0
2026-04-17 03:23:20,29.1,60.7,0.0,54.1,0.0,0.0,0.0
2026-04-17 03:23:25,29.0,60.7,9.1,54.2,0.0,0.0,0.0
2026-04-17 03:23:30,29.1,60.7,17.1,54.2,0.0,0.0,0.0
2026-04-17 03:23:35,29.1,60.8,0.0,54.1,0.0,0.0,0.0
2026-04-17 03:23:40,29.0,60.8,16.9,54.1,0.0,0.0,0.0
2026-04-17 03:23:45,28.9,61.0,0.0,54.1,0.0,0.0,0.0
2026-04-17 03:23:50,29.1,60.9,20.4,54.1,0.0,0.0,0.0
2026-04-17 03:23:55,28.9,60.9,9.1,54.2,0.0,0.0,0.0
2026-04-17 03:24:00,29.0,60.8,0.0,54.2,0.0,0.0,0.0
2026-04-17 03:24:05,29.0,60.8,37.0,54.2,0.0,0.0,0.0
2026-04-17 03:24:10,29.2,60.7,0.0,54.2,0.0,0.0,0.0
2026-04-17 03:24:15,29.1,60.8,12.6,54.2,0.0,0.0,0.0
2026-04-17 03:24:20,29.0,60.8,10.6,54.2,0.0,0.0,0.0
2026-04-17 03:24:25,28.9,60.7,31.4,54.2,0.0,0.0,0.0
2026-04-17 03:24:30,29.1,60.7,29.1,54.2,0.0,0.0,0.0
2026-04-17 03:24:35,29.0,60.8,8.6,54.2,0.0,0.0,0.0
2026-04-17 03:24:40,29.0,60.7,32.8,54.1,0.0,0.0,0.0
2026-04-17 03:24:45,29.1,60.8,9.6,54.1,0.0,0.0,0.0
2026-04-17 03:24:50,29.1,60.7,0.0,54.1,0.0,0.0,0.0
2026-04-17 03:24:55,29.0,60.7,8.9,54.2,0.0,0.0,0.0
2026-04-17 03:25:00,29.0,60.5,10.9,54.2,0.0,0.0,0.0
2026-04-17 03:25:05,29.0,60.5,7.8,54.2,0.0,0.0,0.0
2026-04-17 03:25:10,29.0,60.6,12.8,54.2,0.0,0.0,0.0
2026-04-17 03:25:15,29.1,60.6,21.8,54.2,0.0,0.0,0.0
2026-04-17 03:25:20,29.0,60.5,32.9,54.2,0.0,0.0,0.0
2026-04-17 03:25:25,28.9,60.5,25.0,54.2,0.0,0.0,0.0
2026-04-17 03:25:30,29.0,60.5,34.4,54.2,0.0,0.0,0.0
2026-04-17 03:25:35,29.0,60.6,20.5,54.2,0.0,0.0,0.0
2026-04-17 03:25:40,28.9,60.6,0.0,54.2,0.0,0.0,0.0
2026-04-17 03:25:45,29.1,60.6,9.7,54.2,0.0,0.0,0.0
2026-04-17 03:25:50,29.0,60.6,6.4,54.2,0.0,0.0,0.0
2026-04-17 03:25:55,29.1,60.6,3.9,54.2,0.0,0.0,0.0
2026-04-17 03:26:00,28.9,60.6,9.9,54.2,0.0,0.0,0.0
2026-04-17 03:26:05,28.9,60.6,21.4,54.2,0.0,0.0,0.0
2026-04-17 03:26:10,28.9,60.7,20.8,54.2,0.0,0.0,0.0
2026-04-17 03:26:15,29.0,60.8,6.6,54.2,0.0,0.0,0.0
2026-04-17 03:26:20,28.9,60.8,22.5,54.2,0.0,0.0,0.0
2026-04-17 03:26:25,29.0,60.8,5.8,54.1,0.0,0.0,0.0
2026-04-17 03:26:30,29.1,60.8,10.6,54.1,0.0,0.0,0.0
2026-04-17 03:26:35,28.9,60.8,15.3,54.1,0.0,0.0,0.0
2026-04-17 03:26:40,29.1,60.8,17.1,54.1,0.0,0.0,0.0
2026-04-17 03:26:45,29.1,60.8,5.7,54.1,0.0,0.0,0.0
2026-04-17 03:26:50,29.0,60.7,11.0,54.1,0.0,0.0,0.0
2026-04-17 03:26:55,29.1,60.9,16.6,54.2,0.0,0.0,0.0
2026-04-17 03:27:00,29.1,60.9,18.0,54.2,0.0,0.0,0.0
2026-04-17 03:27:05,28.9,60.8,24.8,54.2,0.0,0.0,0.0
2026-04-17 03:27:10,29.1,60.8,15.0,54.2,0.0,0.0,0.0
2026-04-17 03:27:15,29.1,60.9,14.6,54.2,0.0,0.0,0.0
2026-04-17 03:27:20,29.0,61.0,7.1,54.2,0.0,0.0,0.0
2026-04-17 03:27:25,29.1,61.0,18.7,54.2,0.0,0.0,0.0
2026-04-17 03:27:30,29.0,61.0,13.7,54.2,0.0,0.0,0.0
2026-04-17 03:27:35,29.0,61.0,10.0,54.2,0.0,0.0,0.0
2026-04-17 03:27:40,29.0,60.9,14.4,54.2,0.0,0.0,0.0
2026-04-17 03:27:45,28.9,60.8,11.6,54.2,0.0,0.0,0.0
2026-04-17 03:27:50,29.0,60.9,10.1,54.2,0.0,0.0,0.0
2026-04-17 03:27:55,28.8,60.9,6.6,54.2,0.0,0.0,0.0
2026-04-17 03:28:00,28.9,61.0,4.9,54.2,0.0,0.0,0.0
2026-04-17 03:28:05,29.0,61.1,6.8,54.2,0.0,0.0,0.0
2026-04-17 03:28:10,29.0,61.1,18.9,54.2,0.0,0.0,0.0
2026-04-17 03:28:15,29.0,61.0,17.4,54.2,0.0,0.0,0.0
2026-04-17 03:28:20,29.1,61.0,10.2,54.1,0.0,0.0,0.0
2026-04-17 03:28:25,29.1,61.0,1.4,54.1,0.0,0.0,0.0
2026-04-17 03:28:30,29.1,61.0,37.0,54.1,0.0,0.0,0.0
2026-04-17 03:28:35,28.9,61.0,15.2,54.1,0.0,0.0,0.0
2026-04-17 03:28:40,29.0,60.8,8.4,54.1,0.0,0.0,0.0
2026-04-17 03:28:45,29.0,60.9,22.0,54.1,0.0,0.0,0.0
2026-04-17 03:28:50,29.1,60.9,19.2,54.1,0.0,0.0,0.0
2026-04-17 03:28:55,29.0,60.9,7.3,54.1,0.0,0.0,0.0
2026-04-17 03:29:00,29.1,61.0,19.1,54.1,0.0,0.0,0.0
2026-04-17 03:29:05,29.1,60.9,4.8,54.1,0.0,0.0,0.0
2026-04-17 03:29:10,29.1,60.9,0.1,54.1,0.0,0.0,0.0
2026-04-17 03:29:15,29.2,60.8,18.9,54.1,0.0,0.0,0.0
2026-04-17 03:29:20,29.0,60.9,29.3,54.1,0.0,0.0,0.0
2026-04-17 03:29:25,29.0,60.7,15.9,54.1,0.0,0.0,0.0
2026-04-17 03:29:30,29.1,60.7,14.2,54.1,0.0,0.0,0.0
2026-04-17 03:29:35,29.0,60.7,36.4,54.1,0.0,0.0,0.0
2026-04-17 03:29:40,29.1,60.8,13.4,54.1,0.0,0.0,0.0
2026-04-17 03:29:45,28.8,60.7,8.6,54.1,0.0,0.0,0.0
2026-04-17 03:29:50,28.9,60.9,18.6,54.1,0.0,0.0,0.0
2026-04-17 03:29:55,29.1,60.9,29.3,54.1,0.0,0.0,0.0
2026-04-17 03:30:00,29.0,60.8,16.4,54.1,0.0,0.0,0.0
2026-04-17 03:30:05,29.0,60.7,24.6,54.1,0.0,0.0,0.0
2026-04-17 03:30:10,29.1,60.7,18.5,54.1,0.0,0.0,0.0
2026-04-17 03:30:15,29.0,60.8,20.4,54.1,0.0,0.0,0.0
2026-04-17 03:30:20,28.9,60.7,2.2,54.1,0.0,0.0,0.0
2026-04-17 03:30:25,29.0,60.8,13.0,54.1,0.0,0.0,0.0
2026-04-17 03:30:30,29.1,60.7,27.4,54.1,0.0,0.0,0.0
2026-04-17 03:30:35,28.9,60.6,0.0,54.1,0.0,0.0,0.0
2026-04-17 03:30:40,29.0,60.6,0.0,54.1,0.0,0.0,0.0
2026-04-17 03:30:45,29.0,60.5,8.1,54.1,0.0,0.0,0.0
2026-04-17 03:30:50,29.2,60.5,18.5,54.1,0.0,0.0,0.0
2026-04-17 03:30:55,29.1,60.6,16.8,54.1,0.0,0.0,0.0
2026-04-17 03:31:00,28.9,60.6,10.9,54.1,0.0,0.0,0.0
2026-04-17 03:31:05,29.0,60.6,0.0,54.1,0.0,0.0,0.0
2026-04-17 03:31:10,29.1,60.6,5.4,54.2,0.0,0.0,0.0
2026-04-17 03:31:15,29.0,60.6,11.8,54.2,0.0,0.0,0.0
2026-04-17 03:31:20,29.0,60.7,28.2,54.2,0.0,0.0,0.0
2026-04-17 03:31:25,29.1,60.7,26.0,54.1,0.0,0.0,0.0
2026-04-17 03:31:30,28.9,60.6,1.8,54.1,0.0,0.0,0.0
2026-04-17 03:31:35,28.9,60.7,15.2,54.2,0.0,0.0,0.0
2026-04-17 03:31:40,29.1,60.7,17.7,54.2,0.0,0.0,0.0
2026-04-17 03:31:45,29.1,60.7,25.1,54.2,0.0,0.0,0.0
2026-04-17 03:31:50,29.0,60.8,18.0,54.2,0.0,0.0,0.0
2026-04-17 03:31:55,29.0,60.7,19.3,54.2,0.0,0.0,0.0
2026-04-17 03:32:00,29.2,60.7,19.2,54.2,0.0,0.0,0.0
2026-04-17 03:32:05,28.9,60.7,17.9,54.2,0.0,0.0,0.0
2026-04-17 03:32:10,29.1,60.7,23.2,54.2,0.0,0.0,0.0
2026-04-17 03:32:15,28.9,60.7,33.1,54.2,0.0,0.0,0.0
2026-04-17 03:32:20,28.9,60.7,23.7,54.2,0.0,0.0,0.0
2026-04-17 03:32:25,29.0,60.8,8.7,54.2,0.0,0.0,0.0
2026-04-17 03:32:30,29.1,60.8,5.1,54.2,0.0,0.0,0.0
2026-04-17 03:32:35,29.0,60.8,23.2,54.2,0.0,0.0,0.0
2026-04-17 03:32:40,29.2,60.8,26.2,54.2,0.0,0.0,0.0
2026-04-17 03:32:45,29.2,60.8,24.3,54.2,0.0,0.0,0.0
2026-04-17 03:32:50,29.1,60.8,16.9,54.2,0.0,0.0,0.0
2026-04-17 03:32:55,29.0,60.9,4.4,54.1,0.0,0.0,0.0
2026-04-17 03:33:00,29.1,60.9,11.7,54.1,0.0,0.0,0.0
2026-04-17 03:33:05,29.1,60.9,7.8,54.1,0.0,0.0,0.0
2026-04-17 03:33:10,29.0,61.0,20.7,54.1,0.0,0.0,0.0
2026-04-17 03:33:15,29.1,61.0,7.3,54.1,0.0,0.0,0.0
2026-04-17 03:33:20,29.0,61.1,11.8,54.1,0.0,0.0,0.0
2026-04-17 03:33:25,29.0,61.1,23.0,54.1,0.0,0.0,0.0
2026-04-17 03:33:30,29.1,60.9,31.3,54.1,0.0,0.0,0.0
2026-04-17 03:33:35,28.9,60.9,9.7,54.1,0.0,0.0,0.0
2026-04-17 03:33:40,29.1,60.8,29.9,54.1,0.0,0.0,0.0
2026-04-17 03:33:45,29.1,60.9,17.5,54.1,0.0,0.0,0.0
2026-04-17 03:33:50,29.0,61.1,16.6,54.1,0.0,0.0,0.0
2026-04-17 03:33:55,29.0,61.1,33.9,54.1,0.0,0.0,0.0
2026-04-17 03:34:00,29.0,61.2,11.9,54.1,0.0,0.0,0.0
2026-04-17 03:34:05,29.0,61.1,5.7,54.1,0.0,0.0,0.0
2026-04-17 03:34:10,28.9,61.1,4.4,54.1,0.0,0.0,0.0
2026-04-17 03:34:15,29.0,61.1,0.0,54.1,0.0,0.0,0.0
2026-04-17 03:34:20,29.0,61.1,25.2,54.1,0.0,0.0,0.0
2026-04-17 03:34:25,29.1,61.1,0.0,54.1,0.0,0.0,0.0
2026-04-17 03:34:30,29.0,60.9,29.5,54.1,0.0,0.0,0.0
2026-04-17 03:34:35,29.0,60.9,12.1,54.2,0.0,0.0,0.0
2026-04-17 03:34:40,28.9,60.8,24.0,54.2,0.0,0.0,0.0
2026-04-17 03:34:45,28.9,60.8,24.9,54.1,0.0,0.0,0.0
2026-04-17 03:34:50,29.1,60.8,5.7,54.1,0.0,0.0,0.0
2026-04-17 03:34:55,29.0,60.7,7.3,54.1,0.0,0.0,0.0
2026-04-17 03:35:00,29.0,60.6,21.4,54.1,0.0,0.0,0.0
2026-04-17 03:35:05,29.0,60.5,15.7,54.1,0.0,0.0,0.0
2026-04-17 03:35:10,29.1,60.5,0.0,54.1,0.0,0.0,0.0
2026-04-17 03:35:15,29.0,60.6,9.7,54.1,0.0,0.0,0.0
2026-04-17 03:35:20,29.1,60.6,8.1,54.1,0.0,0.0,0.0
2026-04-17 03:35:25,28.9,60.7,9.1,54.1,0.0,0.0,0.0
2026-04-17 03:35:30,28.9,60.6,14.8,54.1,0.0,0.0,0.0
2026-04-17 03:35:35,28.9,60.7,0.0,54.1,0.0,0.0,0.0
2026-04-17 03:35:40,28.9,60.8,27.8,54.1,0.0,0.0,0.0
2026-04-17 03:35:45,29.2,60.7,10.1,54.1,0.0,0.0,0.0
2026-04-17 03:35:50,29.0,60.6,5.4,54.1,0.0,0.0,0.0
2026-04-17 03:35:55,29.0,60.8,3.0,54.1,0.0,0.0,0.0
2026-04-17 03:36:00,29.1,60.9,0.0,54.1,0.0,0.0,0.0
2026-04-17 03:36:05,28.9,61.1,16.5,54.1,0.0,0.0,0.0
2026-04-17 03:36:10,29.1,61.1,32.9,54.1,0.0,0.0,0.0
2026-04-17 03:36:15,29.2,60.9,16.5,54.1,0.0,0.0,0.0
2026-04-17 03:36:20,29.0,61.0,14.5,54.1,0.0,0.0,0.0
2026-04-17 03:36:25,28.9,60.9,19.6,54.1,0.0,0.0,0.0
2026-04-17 03:36:30,29.0,61.0,24.9,54.1,0.0,0.0,0.0
2026-04-17 03:36:35,29.0,61.0,5.3,54.1,0.0,0.0,0.0
2026-04-17 03:36:40,29.1,61.1,12.5,54.1,0.0,0.0,0.0
2026-04-17 03:36:45,28.9,61.1,28.7,54.1,0.0,0.0,0.0
2026-04-17 03:36:50,29.0,61.1,24.4,54.1,0.0,0.0,0.0
2026-04-17 03:36:55,29.0,61.0,20.9,54.1,0.0,0.0,0.0
2026-04-17 03:37:00,29.1,60.9,13.3,54.1,0.0,0.0,0.0
2026-04-17 03:37:05,28.8,61.0,17.2,54.1,0.0,0.0,0.0
2026-04-17 03:37:10,29.0,61.0,8.9,54.1,0.0,0.0,0.0
2026-04-17 03:37:15,29.0,61.1,10.0,54.1,0.0,0.0,0.0
2026-04-17 03:37:20,29.0,61.2,27.3,54.1,0.0,0.0,0.0
2026-04-17 03:37:25,29.1,61.2,13.3,54.1,0.0,0.0,0.0
2026-04-17 03:37:30,28.9,61.2,5.1,54.1,0.0,0.0,0.0
2026-04-17 03:37:35,29.0,61.1,34.2,54.1,0.0,0.0,0.0
2026-04-17 03:37:40,29.1,61.2,17.4,54.1,0.0,0.0,0.0
2026-04-17 03:37:45,29.0,61.2,5.3,54.1,0.0,0.0,0.0
2026-04-17 03:37:50,28.9,61.2,22.5,54.1,0.0,0.0,0.0
2026-04-17 03:37:55,29.3,61.2,19.8,54.1,0.0,0.0,0.0
2026-04-17 03:38:00,29.0,61.2,27.8,54.1,0.0,0.0,0.0
2026-04-17 03:38:05,29.0,61.1,18.3,54.1,0.0,0.0,0.0
2026-04-17 03:38:10,29.0,61.2,14.0,54.1,0.0,0.0,0.0
2026-04-17 03:38:15,29.0,61.0,25.6,54.1,0.0,0.0,0.0
2026-04-17 03:38:20,28.9,60.9,29.2,54.1,0.0,0.0,0.0
2026-04-17 03:38:25,29.0,60.8,29.4,54.1,0.0,0.0,0.0
2026-04-17 03:38:30,29.1,60.9,11.9,54.1,0.0,0.0,0.0
2026-04-17 03:38:35,29.0,61.0,11.9,54.1,0.0,0.0,0.0
2026-04-17 03:38:40,28.9,61.0,0.0,54.1,0.0,0.0,0.0
2026-04-17 03:38:45,28.9,61.1,22.9,54.1,0.0,0.0,0.0
2026-04-17 03:38:50,28.9,61.1,6.0,54.1,0.0,0.0,0.0
2026-04-17 03:38:55,29.1,61.3,0.0,54.1,0.0,0.0,0.0
2026-04-17 03:39:00,29.0,61.1,7.9,54.1,0.0,0.0,0.0
2026-04-17 03:39:05,28.9,61.1,24.2,54.1,0.0,0.0,0.0
2026-04-17 03:39:10,28.9,61.0,0.0,54.1,0.0,0.0,0.0
2026-04-17 03:39:15,28.9,60.9,18.4,54.1,0.0,0.0,0.0
2026-04-17 03:39:20,28.9,60.9,20.1,54.1,0.0,0.0,0.0
2026-04-17 03:39:25,28.9,60.9,8.7,54.1,0.0,0.0,0.0
2026-04-17 03:39:30,29.1,60.9,20.8,54.1,0.0,0.0,0.0
2026-04-17 03:39:35,28.9,60.9,15.9,54.1,0.0,0.0,0.0
2026-04-17 03:39:40,29.0,60.9,13.3,54.1,0.0,0.0,0.0
2026-04-17 03:39:45,29.0,60.9,24.9,54.1,0.0,0.0,0.0
2026-04-17 03:39:50,29.1,60.8,24.0,54.1,0.0,0.0,0.0
2026-04-17 03:39:55,28.9,60.6,18.2,54.1,0.0,0.0,0.0
2026-04-17 03:40:00,29.0,60.5,19.2,54.1,0.0,0.0,0.0
2026-04-17 03:40:05,28.9,60.6,27.6,54.1,0.0,0.0,0.0
2026-04-17 03:40:10,28.9,60.7,2.4,54.1,0.0,0.0,0.0
2026-04-17 03:40:15,28.9,60.7,11.8,54.1,0.0,0.0,0.0
2026-04-17 03:40:20,28.9,60.7,9.3,54.1,0.0,0.0,0.0
2026-04-17 03:40:25,29.0,60.7,8.1,54.1,0.0,0.0,0.0
2026-04-17 03:40:30,29.0,60.7,0.0,54.1,0.0,0.0,0.0
2026-04-17 03:40:35,28.7,60.7,16.1,54.1,0.0,0.0,0.0
2026-04-17 03:40:40,28.9,60.5,18.0,54.1,0.0,0.0,0.0
2026-04-17 03:40:45,29.0,60.6,21.5,54.1,0.0,0.0,0.0
2026-04-17 03:40:50,28.9,60.6,31.6,54.1,0.0,0.0,0.0
2026-04-17 03:40:55,28.9,60.6,4.6,54.1,0.0,0.0,0.0
2026-04-17 03:41:00,29.0,60.6,22.1,54.1,0.0,0.0,0.0
2026-04-17 03:41:05,29.0,60.6,3.0,54.1,0.0,0.0,0.0
2026-04-17 03:41:10,29.0,60.6,7.8,54.1,0.0,0.0,0.0
2026-04-17 03:41:15,29.2,60.5,30.1,54.1,0.0,0.0,0.0
2026-04-17 03:41:20,28.9,60.4,18.1,54.1,0.0,0.0,0.0
2026-04-17 03:41:25,28.9,60.4,8.2,54.1,0.0,0.0,0.0
2026-04-17 03:41:30,29.0,60.5,10.5,54.1,0.0,0.0,0.0
2026-04-17 03:41:35,28.9,60.5,13.2,54.1,0.0,0.0,0.0
2026-04-17 03:41:40,28.9,60.4,0.0,54.1,0.0,0.0,0.0
2026-04-17 03:41:45,29.0,60.5,26.4,54.0,0.0,0.0,0.0
2026-04-17 03:41:50,28.8,60.5,2.3,54.0,0.0,0.0,0.0
2026-04-17 03:41:55,28.7,60.7,25.7,54.0,0.0,0.0,0.0
2026-04-17 03:42:00,28.9,60.7,19.0,54.0,0.0,0.0,0.0
2026-04-17 03:42:05,29.0,60.8,13.6,54.1,0.0,0.0,0.0
2026-04-17 03:42:10,28.9,60.6,26.7,54.1,0.0,0.0,0.0
2026-04-17 03:42:15,29.0,60.6,20.0,54.1,0.0,0.0,0.0
2026-04-17 03:42:20,28.9,60.5,11.2,54.1,0.0,0.0,0.0
2026-04-17 03:42:25,29.1,60.6,21.1,54.1,0.0,0.0,0.0
2026-04-17 03:42:30,29.0,60.6,23.8,54.1,0.0,0.0,0.0
2026-04-17 03:42:35,28.9,60.7,21.6,54.1,0.0,0.0,0.0
2026-04-17 03:42:40,28.9,60.6,13.4,54.1,0.0,0.0,0.0
2026-04-17 03:42:45,29.0,60.7,26.5,54.1,0.0,0.0,0.0
2026-04-17 03:42:50,28.9,60.7,21.1,54.1,0.0,0.0,0.0
2026-04-17 03:42:55,28.9,60.6,14.6,54.1,0.0,0.0,0.0
2026-04-17 03:43:00,28.9,60.7,21.7,54.1,0.0,0.0,0.0
2026-04-17 03:43:05,29.0,60.8,24.1,54.1,0.0,0.0,0.0
2026-04-17 03:43:10,28.8,60.9,24.4,54.1,0.0,0.0,0.0
2026-04-17 03:43:15,29.0,60.7,0.0,54.1,0.0,0.0,0.0
2026-04-17 03:43:20,28.9,60.7,0.0,54.1,0.0,0.0,0.0
2026-04-17 03:43:25,28.8,60.7,12.4,54.1,0.0,0.0,0.0
2026-04-17 03:43:30,28.9,60.7,4.8,54.1,0.0,0.0,0.0
2026-04-17 03:43:35,29.0,60.8,0.0,54.1,0.0,0.0,0.0
2026-04-17 03:43:40,28.8,60.9,20.3,54.1,0.0,0.0,0.0
2026-04-17 03:43:45,28.9,60.8,24.8,54.1,0.0,0.0,0.0
2026-04-17 03:43:50,29.0,60.7,10.2,54.1,0.0,0.0,0.0
2026-04-17 03:43:55,28.9,60.7,16.0,54.1,0.0,0.0,0.0
2026-04-17 03:44:00,28.7,60.8,15.1,54.1,0.0,0.0,0.0
2026-04-17 03:44:05,28.9,60.7,4.4,54.1,0.0,0.0,0.0
2026-04-17 03:44:10,28.9,60.7,18.7,54.1,0.0,0.0,0.0
2026-04-17 03:44:15,29.0,60.6,21.1,54.1,0.0,0.0,0.0
2026-04-17 03:44:20,28.9,60.6,6.1,54.1,0.0,0.0,0.0
2026-04-17 03:44:25,29.0,60.7,17.1,54.1,0.0,0.0,0.0
2026-04-17 03:44:30,29.0,60.7,32.7,54.1,0.0,0.0,0.0
2026-04-17 03:44:35,28.9,60.7,6.5,54.0,0.0,0.0,0.0
2026-04-17 03:44:40,28.9,60.7,25.3,54.0,0.0,0.0,0.0
2026-04-17 03:44:45,29.0,60.7,9.7,54.0,0.0,0.0,0.0
2026-04-17 03:44:50,28.8,60.6,0.1,54.0,0.0,0.0,0.0
2026-04-17 03:44:55,28.9,60.5,20.6,54.1,0.0,0.0,0.0
2026-04-17 03:45:00,28.9,60.6,7.6,54.1,0.0,0.0,0.0
2026-04-17 03:45:05,28.9,60.6,27.4,54.1,0.0,0.0,0.0
2026-04-17 03:45:10,28.9,60.5,0.9,54.0,0.0,0.0,0.0
2026-04-17 03:45:15,29.0,60.7,24.5,54.0,0.0,0.0,0.0
2026-04-17 03:45:20,29.0,60.6,20.9,54.0,0.0,0.0,0.0
2026-04-17 03:45:25,29.0,60.7,29.3,54.0,0.0,0.0,0.0
2026-04-17 03:45:30,29.0,60.6,32.5,54.0,0.0,0.0,0.0
2026-04-17 03:45:35,28.9,60.5,10.9,54.1,0.0,0.0,0.0
2026-04-17 03:45:40,29.0,60.6,16.4,54.1,0.0,0.0,0.0
2026-04-17 03:45:45,29.0,60.5,10.7,54.1,0.0,0.0,0.0
2026-04-17 03:45:50,29.0,60.5,0.0,54.1,0.0,0.0,0.0
2026-04-17 03:45:55,29.1,60.4,22.0,54.1,0.0,0.0,0.0
2026-04-17 03:46:00,28.9,60.4,14.0,54.0,0.0,0.0,0.0
2026-04-17 03:46:05,29.1,60.5,4.9,54.0,0.0,0.0,0.0
2026-04-17 03:46:10,29.0,60.5,20.2,54.0,0.0,0.0,0.0
2026-04-17 03:46:15,28.8,60.5,13.1,54.0,0.0,0.0,0.0
2026-04-17 03:46:20,28.9,60.6,7.0,54.0,0.0,0.0,0.0
2026-04-17 03:46:25,28.9,60.6,26.6,54.0,0.0,0.0,0.0
2026-04-17 03:46:30,29.1,60.6,21.0,54.0,0.0,0.0,0.0
2026-04-17 03:46:35,29.0,60.5,11.4,54.0,0.0,0.0,0.0
2026-04-17 03:46:40,29.0,60.7,22.4,54.0,0.0,0.0,0.0
2026-04-17 03:46:45,29.0,60.5,14.5,54.0,0.0,0.0,0.0
2026-04-17 03:46:50,28.9,60.6,9.8,54.0,0.0,0.0,0.0
2026-04-17 03:46:55,29.0,60.5,5.4,54.0,0.0,0.0,0.0
2026-04-17 03:47:00,29.0,60.5,2.0,54.0,0.0,0.0,0.0
2026-04-17 03:47:05,28.9,60.5,20.8,54.0,0.0,0.0,0.0
2026-04-17 03:47:10,29.0,60.6,6.4,54.0,0.0,0.0,0.0
2026-04-17 03:47:15,29.0,60.6,17.8,54.0,0.0,0.0,0.0
2026-04-17 03:47:20,29.0,60.6,29.9,54.0,0.0,0.0,0.0
2026-04-17 03:47:25,29.2,60.8,13.4,54.0,0.0,0.0,0.0
2026-04-17 03:47:30,28.9,60.7,10.7,54.0,0.0,0.0,0.0
2026-04-17 03:47:35,29.0,60.7,11.9,54.0,0.0,0.0,0.0
2026-04-17 03:47:40,28.9,60.7,15.3,54.0,0.0,0.0,0.0
2026-04-17 03:47:45,29.0,60.7,17.1,54.0,0.0,0.0,0.0
2026-04-17 03:47:50,28.9,60.7,8.7,54.0,0.0,0.0,0.0
2026-04-17 03:47:55,29.0,60.9,14.2,54.0,0.0,0.0,0.0
2026-04-17 03:48:00,28.9,60.8,21.8,54.0,0.0,0.0,0.0
2026-04-17 03:48:05,28.9,60.6,10.1,54.0,0.0,0.0,0.0
2026-04-17 03:48:10,28.9,60.6,15.6,54.0,0.0,0.0,0.0
2026-04-17 03:48:15,28.9,60.7,9.4,54.0,0.0,0.0,0.0
2026-04-17 03:48:20,29.0,60.7,8.5,54.0,0.0,0.0,0.0
2026-04-17 03:48:25,28.9,60.8,35.7,54.0,0.0,0.0,0.0
2026-04-17 03:48:30,29.0,60.9,14.3,54.0,0.0,0.0,0.0
2026-04-17 03:48:35,28.9,60.9,12.8,54.0,0.0,0.0,0.0
2026-04-17 03:48:40,29.0,60.9,21.3,54.0,0.0,0.0,0.0
2026-04-17 03:48:45,29.1,60.9,29.8,54.0,0.0,0.0,0.0
2026-04-17 03:48:50,28.9,60.9,16.9,54.0,0.0,0.0,0.0
2026-04-17 03:48:55,29.0,61.0,13.6,54.0,0.0,0.0,0.0
2026-04-17 03:49:00,28.9,60.9,5.2,54.0,0.0,0.0,0.0
2026-04-17 03:49:05,29.0,60.9,19.4,54.0,0.0,0.0,0.0
2026-04-17 03:49:10,29.0,60.9,15.6,54.0,0.0,0.0,0.0
2026-04-17 03:49:15,29.0,60.9,0.0,54.0,0.0,0.0,0.0
2026-04-17 03:49:20,29.0,60.8,0.0,54.0,0.0,0.0,0.0
2026-04-17 03:49:25,29.1,60.8,18.9,54.0,0.0,0.0,0.0
2026-04-17 03:49:30,28.9,60.7,16.6,54.0,0.0,0.0,0.0
2026-04-17 03:49:35,29.0,60.7,1.2,54.0,0.0,0.0,0.0
2026-04-17 03:49:40,29.1,60.7,0.0,54.0,0.0,0.0,0.0
2026-04-17 03:49:45,29.0,60.9,25.0,54.0,0.0,0.0,0.0
2026-04-17 03:49:50,28.9,60.9,6.3,54.0,0.0,0.0,0.0
2026-04-17 03:49:55,28.9,60.8,0.6,54.0,0.0,0.0,0.0
2026-04-17 03:50:00,29.0,60.8,3.2,54.0,0.0,0.0,0.0
2026-04-17 03:50:05,28.9,60.9,14.5,54.0,0.0,0.0,0.0
2026-04-17 03:50:10,29.1,60.9,7.6,54.0,0.0,0.0,0.0
2026-04-17 03:50:15,29.0,60.8,33.6,54.0,0.0,0.0,0.0
2026-04-17 03:50:20,29.0,60.8,20.5,54.0,0.0,0.0,0.0
2026-04-17 03:50:25,28.9,60.9,17.2,54.0,0.0,0.0,0.0
2026-04-17 03:50:30,29.0,60.6,33.8,54.0,0.0,0.0,0.0
2026-04-17 03:50:35,29.2,60.5,0.0,54.0,0.0,0.0,0.0
2026-04-17 03:50:40,28.9,60.4,27.9,54.0,0.0,0.0,0.0
2026-04-17 03:50:45,29.1,60.3,19.8,54.0,0.0,0.0,0.0
2026-04-17 03:50:50,29.0,60.3,21.7,54.0,0.0,0.0,0.0
2026-04-17 03:50:55,28.8,60.4,25.0,54.0,0.0,0.0,0.0
2026-04-17 03:51:00,29.1,60.5,38.0,54.0,0.0,0.0,0.0
2026-04-17 03:51:05,28.9,60.5,15.8,54.0,0.0,0.0,0.0
2026-04-17 03:51:10,29.0,60.5,26.8,54.0,0.0,0.0,0.0
2026-04-17 03:51:15,29.0,60.5,6.3,54.0,0.0,0.0,0.0
2026-04-17 03:51:20,29.1,60.4,18.0,54.0,0.0,0.0,0.0
2026-04-17 03:51:25,29.0,60.3,30.5,54.0,0.0,0.0,0.0
2026-04-17 03:51:30,29.1,60.4,12.8,54.0,0.0,0.0,0.0
2026-04-17 03:51:35,29.0,60.5,15.2,54.0,0.0,0.0,0.0
2026-04-17 03:51:40,29.0,60.4,12.3,54.0,0.0,0.0,0.0
2026-04-17 03:51:45,28.8,60.5,9.2,54.0,0.0,0.0,0.0
2026-04-17 03:51:50,29.1,60.4,17.9,54.0,0.0,0.0,0.0
2026-04-17 03:51:55,28.9,60.4,14.4,54.0,0.0,0.0,0.0
2026-04-17 03:52:00,28.9,60.3,1.8,54.0,0.0,0.0,0.0
2026-04-17 03:52:05,29.0,60.3,0.0,54.0,0.0,0.0,0.0
2026-04-17 03:52:10,29.1,60.3,7.4,54.0,0.0,0.0,0.0
2026-04-17 03:52:15,29.1,60.2,15.4,54.0,0.0,0.0,0.0
2026-04-17 03:52:20,29.1,60.2,23.3,54.0,0.0,0.0,0.0
2026-04-17 03:52:25,29.0,60.1,44.4,54.0,0.0,0.0,0.0
2026-04-17 03:52:30,28.9,60.1,16.6,54.0,0.0,0.0,0.0
2026-04-17 03:52:35,29.0,60.0,36.8,54.0,0.0,0.0,0.0
2026-04-17 03:52:40,29.3,60.0,17.5,54.0,0.0,0.0,0.0
2026-04-17 03:52:45,29.0,59.9,17.1,54.0,0.0,0.0,0.0
2026-04-17 03:52:50,29.3,59.9,30.7,54.0,0.0,0.0,0.0
2026-04-17 03:52:55,29.1,59.9,47.9,54.0,0.0,0.0,0.0
2026-04-17 03:53:00,28.9,59.9,25.2,54.0,0.0,0.0,0.0
2026-04-17 03:53:05,29.0,60.1,5.9,54.0,0.0,0.0,0.0
2026-04-17 03:53:10,29.1,60.2,37.0,54.0,0.0,0.0,0.0
2026-04-17 03:53:15,29.1,60.4,15.6,54.0,0.0,0.0,0.0
2026-04-17 03:53:20,29.1,60.3,21.2,54.0,0.0,0.0,0.0
2026-04-17 03:53:25,29.1,60.3,23.0,54.0,0.0,0.0,0.0
2026-04-17 03:53:30,29.0,60.3,32.5,54.0,0.0,0.0,0.0
2026-04-17 03:53:35,29.1,60.3,9.4,54.0,0.0,0.0,0.0
2026-04-17 03:53:40,29.0,60.2,21.5,54.0,0.0,0.0,0.0
2026-04-17 03:53:45,28.9,60.3,14.9,54.0,0.0,0.0,0.0
2026-04-17 03:53:50,29.0,60.4,15.7,54.0,0.0,0.0,0.0
2026-04-17 03:53:55,28.9,60.3,19.8,54.0,0.0,0.0,0.0
2026-04-17 03:54:00,29.0,60.5,10.3,54.0,0.0,0.0,0.0
2026-04-17 03:54:05,29.0,60.4,0.0,54.0,0.0,0.0,0.0
2026-04-17 03:54:10,29.1,60.4,16.8,54.0,0.0,0.0,0.0
2026-04-17 03:54:15,28.9,60.4,14.0,54.0,0.0,0.0,0.0
2026-04-17 03:54:20,29.0,60.5,13.9,54.0,0.0,0.0,0.0
2026-04-17 03:54:25,28.9,60.5,5.3,54.0,0.0,0.0,0.0
2026-04-17 03:54:30,29.0,60.5,18.3,54.0,0.0,0.0,0.0
2026-04-17 03:54:35,29.1,60.5,22.0,54.0,0.0,0.0,0.0
2026-04-17 03:54:40,29.0,60.7,21.4,54.0,0.0,0.0,0.0
2026-04-17 03:54:45,28.8,60.6,15.3,54.0,0.0,0.0,0.0
2026-04-17 03:54:50,29.0,60.6,26.4,54.0,0.0,0.0,0.0
2026-04-17 03:54:55,29.0,60.6,26.1,54.0,0.0,0.0,0.0
2026-04-17 03:55:00,29.2,60.7,13.3,54.0,0.0,0.0,0.0
2026-04-17 03:55:05,29.1,60.6,22.6,54.0,0.0,0.0,0.0
2026-04-17 03:55:10,29.1,60.7,0.0,54.0,0.0,0.0,0.0
2026-04-17 03:55:15,29.1,60.7,1.2,54.0,0.0,0.0,0.0
2026-04-17 03:55:20,29.1,60.7,8.0,54.0,0.0,0.0,0.0
2026-04-17 03:55:25,29.1,60.8,16.8,54.0,0.0,0.0,0.0
2026-04-17 03:55:30,29.1,60.7,5.4,54.0,0.0,0.0,0.0
2026-04-17 03:55:35,28.9,60.7,11.8,54.0,0.0,0.0,0.0
2026-04-17 03:55:40,29.1,60.6,13.0,54.0,0.0,0.0,0.0
2026-04-17 03:55:45,29.0,60.5,0.0,54.0,0.0,0.0,0.0
2026-04-17 03:55:50,29.2,60.5,13.3,54.0,0.0,0.0,0.0
2026-04-17 03:55:55,29.0,60.5,25.8,54.0,0.0,0.0,0.0
2026-04-17 03:56:00,28.9,60.5,29.7,54.0,0.0,0.0,0.0
2026-04-17 03:56:05,29.0,60.5,0.0,54.0,0.0,0.0,0.0
2026-04-17 03:56:10,28.9,60.5,0.5,54.0,0.0,0.0,0.0
2026-04-17 03:56:15,29.0,60.5,17.1,54.0,0.0,0.0,0.0
2026-04-17 03:56:20,29.2,60.6,8.8,54.0,0.0,0.0,0.0
2026-04-17 03:56:25,29.0,60.4,11.7,54.0,0.0,0.0,0.0
2026-04-17 03:56:30,29.1,60.3,24.8,54.0,0.0,0.0,0.0
2026-04-17 03:56:35,28.9,60.4,11.8,54.0,0.0,0.0,0.0
2026-04-17 03:56:40,29.0,60.4,12.2,54.0,0.0,0.0,0.0
2026-04-17 03:56:45,29.1,60.3,25.5,54.0,0.0,0.0,0.0
2026-04-17 03:56:50,29.0,60.4,19.6,54.0,0.0,0.0,0.0
2026-04-17 03:56:55,28.9,60.4,19.0,54.0,0.0,0.0,0.0
2026-04-17 03:57:00,28.9,60.4,0.3,54.0,0.0,0.0,0.0
2026-04-17 03:57:05,29.1,60.4,18.5,54.0,0.0,0.0,0.0
2026-04-17 03:57:10,29.0,60.4,24.6,54.0,0.0,0.0,0.0
2026-04-17 03:57:15,29.1,60.6,6.0,54.0,0.0,0.0,0.0
2026-04-17 03:57:20,29.1,60.6,0.9,54.0,0.0,0.0,0.0
2026-04-17 03:57:25,28.9,60.7,0.0,54.0,0.0,0.0,0.0
2026-04-17 03:57:30,29.0,60.6,10.3,54.0,0.0,0.0,0.0
2026-04-17 03:57:35,28.9,60.6,4.9,54.0,0.0,0.0,0.0
2026-04-17 03:57:40,29.0,60.6,12.0,54.0,0.0,0.0,0.0
2026-04-17 03:57:45,29.1,60.6,14.8,54.0,0.0,0.0,0.0
2026-04-17 03:57:50,29.0,60.6,28.2,54.0,0.0,0.0,0.0
2026-04-17 03:57:55,29.0,60.6,33.6,54.0,0.0,0.0,0.0
2026-04-17 03:58:00,29.1,60.7,28.0,54.0,0.0,0.0,0.0
2026-04-17 03:58:05,29.1,60.7,20.8,54.0,0.0,0.0,0.0
2026-04-17 03:58:10,29.0,60.7,29.1,54.0,0.0,0.0,0.0
2026-04-17 03:58:15,28.9,60.8,18.6,54.1,0.0,0.0,0.0
2026-04-17 03:58:20,29.1,60.7,22.3,54.1,0.0,0.0,0.0
2026-04-17 03:58:25,29.0,60.6,7.7,54.1,0.0,0.0,0.0
2026-04-17 03:58:30,29.0,60.7,21.6,54.1,0.0,0.0,0.0
2026-04-17 03:58:35,29.1,60.7,8.6,54.0,0.0,0.0,0.0
2026-04-17 03:58:40,29.0,60.6,16.1,54.0,0.0,0.0,0.0
2026-04-17 03:58:45,29.0,60.7,16.5,54.0,0.0,0.0,0.0
2026-04-17 03:58:50,29.0,60.8,23.8,54.0,0.0,0.0,0.0
2026-04-17 03:58:55,29.1,60.8,23.5,54.0,0.0,0.0,0.0
2026-04-17 03:59:00,29.0,60.8,0.0,54.0,0.0,0.0,0.0
2026-04-17 03:59:05,29.1,60.9,8.0,54.0,0.0,0.0,0.0
2026-04-17 03:59:10,29.0,61.0,15.0,54.0,0.0,0.0,0.0
2026-04-17 03:59:15,28.9,61.0,18.1,54.0,0.0,0.0,0.0
2026-04-17 03:59:20,29.1,60.8,18.2,54.0,0.0,0.0,0.0
2026-04-17 03:59:25,29.1,60.7,2.3,54.1,0.0,0.0,0.0
2026-04-17 03:59:30,28.9,60.7,10.8,54.1,0.0,0.0,0.0
2026-04-17 03:59:35,28.9,60.6,0.0,54.1,0.0,0.0,0.0
2026-04-17 03:59:40,28.9,60.5,20.4,54.1,0.0,0.0,0.0
2026-04-17 03:59:45,29.2,60.5,17.5,54.1,0.0,0.0,0.0
2026-04-17 03:59:50,29.2,60.5,14.6,54.0,0.0,0.0,0.0
2026-04-17 03:59:55,29.2,60.5,0.0,54.0,0.0,0.0,0.0
2026-04-17 04:00:00,29.0,60.5,28.9,54.0,0.0,0.0,0.0
2026-04-17 04:00:05,29.0,60.4,11.0,54.0,0.0,0.0,0.0
2026-04-17 04:00:10,29.0,60.4,15.4,54.0,0.0,0.0,0.0
2026-04-17 04:00:15,29.0,60.3,10.6,54.0,0.0,0.0,0.0
2026-04-17 04:00:20,29.0,60.2,13.8,54.0,0.0,0.0,0.0
2026-04-17 04:00:25,29.0,60.2,18.3,54.0,0.0,0.0,0.0
2026-04-17 04:00:30,29.2,60.3,16.4,54.0,0.0,0.0,0.0
2026-04-17 04:00:35,29.0,60.1,1.5,54.0,0.0,0.0,0.0
2026-04-17 04:00:40,29.0,60.3,16.9,54.0,0.0,0.0,0.0
2026-04-17 04:00:45,29.1,60.3,2.8,54.0,0.0,0.0,0.0
2026-04-17 04:00:50,29.1,60.4,22.8,54.0,0.0,0.0,0.0
2026-04-17 04:00:55,29.0,60.4,26.0,54.0,0.0,0.0,0.0
2026-04-17 04:01:00,29.0,60.4,0.0,54.0,0.0,0.0,0.0
2026-04-17 04:01:05,29.1,60.4,7.1,54.0,0.0,0.0,0.0
2026-04-17 04:01:10,28.9,60.4,10.3,54.0,0.0,0.0,0.0
2026-04-17 04:01:15,29.1,60.3,17.3,54.0,0.0,0.0,0.0
2026-04-17 04:01:20,29.0,60.3,11.0,54.0,0.0,0.0,0.0
2026-04-17 04:01:25,29.1,60.2,26.7,54.0,0.0,0.0,0.0
2026-04-17 04:01:30,29.0,60.3,18.0,54.0,0.0,0.0,0.0
2026-04-17 04:01:35,29.1,60.4,18.6,54.0,0.0,0.0,0.0
2026-04-17 04:01:40,29.1,60.4,14.7,54.0,0.0,0.0,0.0
2026-04-17 04:01:45,29.0,60.3,20.5,54.0,0.0,0.0,0.0
2026-04-17 04:01:50,29.0,60.2,13.4,54.0,0.0,0.0,0.0
2026-04-17 04:01:55,29.1,60.2,13.1,54.0,0.0,0.0,0.0
2026-04-17 04:02:00,28.9,60.2,8.3,54.0,0.0,0.0,0.0
2026-04-17 04:02:05,28.9,60.3,13.8,54.0,0.0,0.0,0.0
2026-04-17 04:02:10,29.0,60.2,15.1,54.1,0.0,0.0,0.0
2026-04-17 04:02:15,29.1,60.2,27.4,54.1,0.0,0.0,0.0
2026-04-17 04:02:20,29.1,60.2,32.7,54.0,0.0,0.0,0.0
2026-04-17 04:02:25,29.2,60.0,20.2,54.0,0.0,0.0,0.0
2026-04-17 04:02:30,29.1,59.9,26.6,54.0,0.0,0.0,0.0
2026-04-17 04:02:35,29.0,60.0,4.5,54.0,0.0,0.0,0.0
2026-04-17 04:02:40,29.0,60.1,18.5,54.0,0.0,0.0,0.0
2026-04-17 04:02:45,29.0,60.2,4.0,54.0,0.0,0.0,0.0
2026-04-17 04:02:50,29.1,60.0,14.3,54.0,0.0,0.0,0.0
2026-04-17 04:02:55,29.0,60.1,28.2,54.0,0.0,0.0,0.0
2026-04-17 04:03:00,29.0,60.1,2.1,54.0,0.0,0.0,0.0
2026-04-17 04:03:05,29.0,60.1,0.0,54.0,0.0,0.0,0.0
2026-04-17 04:03:10,29.2,59.9,20.1,54.0,0.0,0.0,0.0
2026-04-17 04:03:15,29.0,59.8,32.2,54.0,0.0,0.0,0.0
2026-04-17 04:03:20,29.2,59.9,34.9,54.0,0.0,0.0,0.0
2026-04-17 04:03:25,29.1,59.9,10.9,54.0,0.0,0.0,0.0
2026-04-17 04:03:30,29.0,60.0,22.0,54.0,0.0,0.0,0.0
2026-04-17 04:03:35,29.2,60.0,17.8,54.0,0.0,0.0,0.0
2026-04-17 04:03:40,29.1,60.0,11.9,54.0,0.0,0.0,0.0
2026-04-17 04:03:45,29.0,60.1,30.6,54.0,0.0,0.0,0.0
2026-04-17 04:03:50,29.1,60.2,16.0,54.0,0.0,0.0,0.0
2026-04-17 04:03:55,29.0,60.3,11.8,54.0,0.0,0.0,0.0
2026-04-17 04:04:00,29.1,60.3,29.5,54.0,0.0,0.0,0.0
2026-04-17 04:04:05,29.0,60.2,6.9,54.0,0.0,0.0,0.0
2026-04-17 04:04:10,28.9,60.2,4.9,54.0,0.0,0.0,0.0
2026-04-17 04:04:15,29.1,60.2,18.5,54.0,0.0,0.0,0.0
2026-04-17 04:04:20,29.1,60.2,6.9,54.0,0.0,0.0,0.0
2026-04-17 04:04:25,29.0,60.3,15.4,54.0,0.0,0.0,0.0
2026-04-17 04:04:30,29.1,60.3,32.9,54.0,0.0,0.0,0.0
2026-04-17 04:04:35,29.0,60.4,17.0,54.0,0.0,0.0,0.0
2026-04-17 04:04:40,29.1,60.5,22.5,54.0,0.0,0.0,0.0
2026-04-17 04:04:45,29.0,60.4,33.3,54.0,0.0,0.0,0.0
2026-04-17 04:04:50,29.2,60.5,23.5,54.0,0.0,0.0,0.0
2026-04-17 04:04:55,29.0,60.5,16.9,54.0,0.0,0.0,0.0
2026-04-17 04:05:00,29.1,60.5,14.0,54.0,0.0,0.0,0.0
2026-04-17 04:05:05,28.9,60.6,15.2,54.0,0.0,0.0,0.0
2026-04-17 04:05:10,29.0,60.5,1.9,54.0,0.0,0.0,0.0
2026-04-17 04:05:15,29.0,60.6,17.0,54.0,0.0,0.0,0.0
2026-04-17 04:05:20,29.1,60.7,23.6,54.0,0.0,0.0,0.0
2026-04-17 04:05:25,29.1,60.7,2.7,54.0,0.0,0.0,0.0
2026-04-17 04:05:30,29.1,60.7,25.6,54.0,0.0,0.0,0.0
2026-04-17 04:05:35,29.1,60.6,25.0,54.0,0.0,0.0,0.0
2026-04-17 04:05:40,29.1,60.7,22.2,54.0,0.0,0.0,0.0
2026-04-17 04:05:45,29.1,60.7,15.7,54.0,0.0,0.0,0.0
2026-04-17 04:05:50,29.2,60.6,8.6,54.0,0.0,0.0,0.0
2026-04-17 04:05:55,29.2,60.6,20.9,54.0,0.0,0.0,0.0
2026-04-17 04:06:00,29.1,60.7,18.2,54.0,0.0,0.0,0.0
2026-04-17 04:06:05,29.1,60.8,13.3,54.0,0.0,0.0,0.0
2026-04-17 04:06:10,29.0,60.7,1.2,54.0,0.0,0.0,0.0
2026-04-17 04:06:15,29.2,60.8,25.6,54.0,0.0,0.0,0.0
2026-04-17 04:06:20,29.2,60.8,25.8,54.0,0.0,0.0,0.0
2026-04-17 04:06:25,29.1,60.9,18.2,54.0,0.0,0.0,0.0
2026-04-17 04:06:30,29.1,60.8,12.8,54.0,0.0,0.0,0.0
2026-04-17 04:06:35,29.1,60.8,8.1,54.0,0.0,0.0,0.0
2026-04-17 04:06:40,29.0,60.7,20.5,54.0,0.0,0.0,0.0
2026-04-17 04:06:45,29.1,60.6,24.7,54.0,0.0,0.0,0.0
2026-04-17 04:06:50,29.2,60.7,12.1,54.0,0.0,0.0,0.0
2026-04-17 04:06:55,29.2,60.8,16.1,54.0,0.0,0.0,0.0
2026-04-17 04:07:00,29.1,60.8,7.8,54.0,0.0,0.0,0.0
2026-04-17 04:07:05,29.1,60.9,7.0,54.0,0.0,0.0,0.0
2026-04-17 04:07:10,29.0,60.9,16.3,54.0,0.0,0.0,0.0
2026-04-17 04:07:15,29.0,61.0,22.3,54.0,0.0,0.0,0.0
2026-04-17 04:07:20,29.1,61.0,5.9,54.0,0.0,0.0,0.0
2026-04-17 04:07:25,29.1,61.2,21.7,54.0,0.0,0.0,0.0
2026-04-17 04:07:30,29.0,61.3,10.8,54.0,0.0,0.0,0.0
2026-04-17 04:07:35,29.0,61.2,32.1,54.0,0.0,0.0,0.0
2026-04-17 04:07:40,29.1,61.2,15.8,54.0,0.0,0.0,0.0
2026-04-17 04:07:45,29.1,61.2,22.1,54.0,0.0,0.0,0.0
2026-04-17 04:07:50,29.1,61.3,5.2,54.0,0.0,0.0,0.0
2026-04-17 04:07:55,29.3,61.4,11.8,54.0,0.0,0.0,0.0
2026-04-17 04:08:00,29.0,61.3,14.3,54.0,0.0,0.0,0.0
2026-04-17 04:08:05,29.2,61.3,25.7,54.0,0.0,0.0,0.0
2026-04-17 04:08:10,29.2,61.3,13.5,54.0,0.0,0.0,0.0
2026-04-17 04:08:15,29.2,61.2,0.0,54.0,0.0,0.0,0.0
2026-04-17 04:08:20,29.2,61.2,12.3,54.0,0.0,0.0,0.0
2026-04-17 04:08:25,29.0,61.4,33.1,54.0,0.0,0.0,0.0
2026-04-17 04:08:30,29.0,61.5,21.1,54.0,0.0,0.0,0.0
2026-04-17 04:08:35,29.1,61.5,30.8,54.0,0.0,0.0,0.0
2026-04-17 04:08:40,29.2,61.5,0.0,54.0,0.0,0.0,0.0
2026-04-17 04:08:45,29.2,61.6,8.6,54.0,0.0,0.0,0.0
2026-04-17 04:08:50,29.1,61.6,14.6,54.0,0.0,0.0,0.0
2026-04-17 04:08:55,29.1,61.5,5.7,54.0,0.0,0.0,0.0
2026-04-17 04:09:00,29.2,61.6,6.2,54.0,0.0,0.0,0.0
2026-04-17 04:09:05,29.3,61.6,7.1,54.0,0.0,0.0,0.0
2026-04-17 04:09:10,29.1,61.6,2.1,54.0,0.0,0.0,0.0
2026-04-17 04:09:15,29.1,61.6,13.3,54.0,0.0,0.0,0.0
2026-04-17 04:09:20,29.1,61.5,0.0,54.0,0.0,0.0,0.0
2026-04-17 04:09:25,29.1,61.7,22.9,54.0,0.0,0.0,0.0
2026-04-17 04:09:30,29.1,61.6,0.5,54.0,0.0,0.0,0.0
2026-04-17 04:09:35,29.0,61.5,1.7,54.0,0.0,0.0,0.0
2026-04-17 04:09:40,29.1,61.5,8.8,54.0,0.0,0.0,0.0
2026-04-17 04:09:45,29.0,61.5,7.0,54.0,0.0,0.0,0.0
2026-04-17 04:09:50,29.1,61.4,35.8,54.0,0.0,0.0,0.0
2026-04-17 04:09:55,29.2,61.2,13.0,54.0,0.0,0.0,0.0
2026-04-17 04:10:00,29.1,61.2,22.4,54.0,0.0,0.0,0.0
2026-04-17 04:10:05,29.2,61.2,3.2,54.0,0.0,0.0,0.0
2026-04-17 04:10:10,29.1,61.2,12.6,54.0,0.0,0.0,0.0
2026-04-17 04:10:15,29.1,61.1,26.6,54.0,0.0,0.0,0.0
2026-04-17 04:10:20,29.3,61.1,21.6,54.0,0.0,0.0,0.0
2026-04-17 04:10:25,29.1,61.0,15.0,54.0,0.0,0.0,0.0
2026-04-17 04:10:30,29.2,61.0,23.7,54.0,0.0,0.0,0.0
2026-04-17 04:10:35,29.1,60.9,11.9,54.0,0.0,0.0,0.0
2026-04-17 04:10:40,29.1,60.7,14.3,54.0,0.0,0.0,0.0
2026-04-17 04:10:45,29.1,60.8,7.7,54.0,0.0,0.0,0.0
2026-04-17 04:10:50,29.3,60.8,20.0,54.0,0.0,0.0,0.0
2026-04-17 04:10:55,29.1,60.7,7.8,54.0,0.0,0.0,0.0
2026-04-17 04:11:00,29.0,60.7,18.4,54.0,0.0,0.0,0.0
2026-04-17 04:11:05,29.2,60.8,21.3,54.0,0.0,0.0,0.0
2026-04-17 04:11:10,29.1,60.8,8.7,54.0,0.0,0.0,0.0
2026-04-17 04:11:15,29.1,61.0,12.4,54.0,0.0,0.0,0.0
2026-04-17 04:11:20,29.1,61.0,25.6,54.0,0.0,0.0,0.0
2026-04-17 04:11:25,29.1,61.2,22.8,54.0,0.0,0.0,0.0
2026-04-17 04:11:30,29.1,61.0,8.9,54.0,0.0,0.0,0.0
2026-04-17 04:11:35,29.1,61.1,3.4,54.0,0.0,0.0,0.0
2026-04-17 04:11:40,29.1,61.0,11.7,54.0,0.0,0.0,0.0
2026-04-17 04:11:45,28.9,61.2,25.2,54.0,0.0,0.0,0.0
2026-04-17 04:11:50,29.1,61.2,24.9,54.0,0.0,0.0,0.0
2026-04-17 04:11:55,29.1,61.1,7.7,54.0,0.0,0.0,0.0
2026-04-17 04:12:00,29.0,61.0,5.5,54.0,0.0,0.0,0.0
2026-04-17 04:12:05,29.2,60.9,4.8,54.0,0.0,0.0,0.0
2026-04-17 04:12:10,29.2,60.9,21.2,54.0,0.0,0.0,0.0
2026-04-17 04:12:15,28.9,60.9,6.1,54.0,0.0,0.0,0.0
2026-04-17 04:12:20,29.1,60.9,25.6,54.0,0.0,0.0,0.0
2026-04-17 04:12:25,29.0,60.9,15.0,54.1,0.0,0.0,0.0
2026-04-17 04:12:30,29.1,60.9,15.2,54.1,0.0,0.0,0.0
2026-04-17 04:12:35,29.0,60.9,29.7,54.0,0.0,0.0,0.0
2026-04-17 04:12:40,29.0,60.8,19.6,54.0,0.0,0.0,0.0
2026-04-17 04:12:45,29.0,60.7,0.0,54.0,0.0,0.0,0.0
2026-04-17 04:12:50,29.0,60.7,7.0,54.0,0.0,0.0,0.0
2026-04-17 04:12:55,29.1,60.6,8.1,54.0,0.0,0.0,0.0
2026-04-17 04:13:00,29.1,60.8,18.8,54.1,0.0,0.0,0.0
2026-04-17 04:13:05,29.2,60.7,19.8,54.1,0.0,0.0,0.0
2026-04-17 04:13:10,29.2,60.7,26.4,54.0,0.0,0.0,0.0
2026-04-17 04:13:15,29.1,60.7,9.6,54.0,0.0,0.0,0.0
2026-04-17 04:13:20,29.1,60.7,11.9,54.0,0.0,0.0,0.0
2026-04-17 04:13:25,28.9,60.6,0.0,54.0,0.0,0.0,0.0
2026-04-17 04:13:30,29.0,60.7,19.5,54.0,0.0,0.0,0.0
2026-04-17 04:13:35,29.1,60.7,18.8,54.0,0.0,0.0,0.0
2026-04-17 04:13:40,28.9,60.6,18.4,54.0,0.0,0.0,0.0
2026-04-17 04:13:45,29.1,60.6,17.4,54.0,0.0,0.0,0.0
2026-04-17 04:13:50,29.1,60.6,27.7,54.0,0.0,0.0,0.0
2026-04-17 04:13:55,29.1,60.7,0.0,54.0,0.0,0.0,0.0
2026-04-17 04:14:00,29.1,60.7,16.0,54.0,0.0,0.0,0.0
2026-04-17 04:14:05,29.1,60.6,12.6,54.0,0.0,0.0,0.0
2026-04-17 04:14:10,29.1,60.5,8.8,54.0,0.0,0.0,0.0
2026-04-17 04:14:15,28.9,60.4,2.1,54.0,0.0,0.0,0.0
2026-04-17 04:14:20,29.2,60.2,2.1,54.0,0.0,0.0,0.0
2026-04-17 04:14:25,29.0,60.3,18.9,54.0,0.0,0.0,0.0
2026-04-17 04:14:30,29.1,60.2,22.4,54.0,0.0,0.0,0.0
2026-04-17 04:14:35,29.1,60.3,21.9,54.0,0.0,0.0,0.0
2026-04-17 04:14:40,29.1,60.5,9.0,54.1,0.0,0.0,0.0
2026-04-17 04:14:45,29.3,60.4,8.2,54.1,0.0,0.0,0.0
2026-04-17 04:14:50,29.2,60.4,8.7,54.1,0.0,0.0,0.0
2026-04-17 04:14:55,29.0,60.5,5.7,54.1,0.0,0.0,0.0
2026-04-17 04:15:00,29.1,60.5,12.7,54.1,0.0,0.0,0.0
2026-04-17 04:15:05,29.2,60.4,1.1,54.0,0.0,0.0,0.0
2026-04-17 04:15:10,29.2,60.5,24.8,54.0,0.0,0.0,0.0
2026-04-17 04:15:15,29.1,60.6,16.9,54.0,0.0,0.0,0.0
2026-04-17 04:15:20,29.2,60.5,32.5,54.0,0.0,0.0,0.0
2026-04-17 04:15:25,29.1,60.6,18.8,54.0,0.0,0.0,0.0
2026-04-17 04:15:30,29.2,60.5,9.4,54.0,0.0,0.0,0.0
2026-04-17 04:15:35,29.0,60.7,12.2,54.0,0.0,0.0,0.0
2026-04-17 04:15:40,29.1,60.5,10.8,54.0,0.0,0.0,0.0
2026-04-17 04:15:45,29.1,60.4,29.4,54.0,0.0,0.0,0.0
2026-04-17 04:15:50,29.1,60.2,6.1,54.0,0.0,0.0,0.0
2026-04-17 04:15:55,29.0,60.2,6.0,54.0,0.0,0.0,0.0
2026-04-17 04:16:00,28.9,60.2,19.7,54.0,0.0,0.0,0.0
2026-04-17 04:16:05,29.1,60.1,19.4,54.0,0.0,0.0,0.0
2026-04-17 04:16:10,29.0,60.2,11.3,54.0,0.0,0.0,0.0
2026-04-17 04:16:15,28.9,60.2,11.0,54.0,0.0,0.0,0.0
2026-04-17 04:16:20,29.2,60.3,2.5,54.0,0.0,0.0,0.0
2026-04-17 04:16:25,29.1,60.4,16.2,54.0,0.0,0.0,0.0
2026-04-17 04:16:30,29.2,60.5,3.9,54.0,0.0,0.0,0.0
2026-04-17 04:16:35,29.0,60.5,0.0,54.0,0.0,0.0,0.0
2026-04-17 04:16:40,28.9,60.5,12.8,54.0,0.0,0.0,0.0
2026-04-17 04:16:45,29.2,60.5,32.3,54.0,0.0,0.0,0.0
2026-04-17 04:16:50,29.2,60.4,22.3,54.0,0.0,0.0,0.0
2026-04-17 04:16:55,29.0,60.4,5.4,54.0,0.0,0.0,0.0
2026-04-17 04:17:00,29.0,60.4,7.0,54.0,0.0,0.0,0.0
2026-04-17 04:17:05,29.0,60.4,1.8,54.0,0.0,0.0,0.0
2026-04-17 04:17:10,29.2,60.5,47.4,54.0,0.0,0.0,0.0
2026-04-17 04:17:15,29.0,60.5,27.4,54.0,0.0,0.0,0.0
2026-04-17 04:17:20,29.2,60.6,7.3,54.0,0.0,0.0,0.0
2026-04-17 04:17:25,29.0,60.5,21.2,54.0,0.0,0.0,0.0
2026-04-17 04:17:30,29.2,60.5,16.4,54.0,0.0,0.0,0.0
2026-04-17 04:17:35,29.0,60.4,12.3,54.0,0.0,0.0,0.0
2026-04-17 04:17:40,29.0,60.4,7.7,54.0,0.0,0.0,0.0
2026-04-17 04:17:45,29.1,60.4,22.1,54.0,0.0,0.0,0.0
2026-04-17 04:17:50,29.2,60.5,23.3,54.0,0.0,0.0,0.0
2026-04-17 04:17:55,29.2,60.6,12.5,54.0,0.0,0.0,0.0
2026-04-17 04:18:00,29.1,60.6,6.8,54.0,0.0,0.0,0.0
2026-04-17 04:18:05,29.1,60.6,16.3,54.0,0.0,0.0,0.0
2026-04-17 04:18:10,28.9,60.6,7.4,54.0,0.0,0.0,0.0
2026-04-17 04:18:15,29.0,60.5,22.2,54.0,0.0,0.0,0.0
2026-04-17 04:18:20,29.1,60.5,7.2,54.0,0.0,0.0,0.0
2026-04-17 04:18:25,28.9,60.4,5.9,54.0,0.0,0.0,0.0
2026-04-17 04:18:30,29.0,60.3,15.1,54.0,0.0,0.0,0.0
2026-04-17 04:18:35,29.1,60.2,17.3,54.0,0.0,0.0,0.0
2026-04-17 04:18:40,29.0,60.2,19.4,54.0,0.0,0.0,0.0
2026-04-17 04:18:45,29.2,60.1,9.3,54.0,0.0,0.0,0.0
2026-04-17 04:18:50,29.0,60.4,14.1,54.0,0.0,0.0,0.0
2026-04-17 04:18:55,29.0,60.5,7.9,54.0,0.0,0.0,0.0
2026-04-17 04:19:00,29.1,60.6,30.3,54.0,0.0,0.0,0.0
2026-04-17 04:19:05,29.0,60.7,8.0,54.0,0.0,0.0,0.0
2026-04-17 04:19:10,28.9,60.7,8.0,54.0,0.0,0.0,0.0
2026-04-17 04:19:15,28.9,60.5,15.1,54.0,0.0,0.0,0.0
2026-04-17 04:19:20,29.0,60.3,7.1,54.0,0.0,0.0,0.0
2026-04-17 04:19:25,28.9,60.2,8.3,54.0,0.0,0.0,0.0
2026-04-17 04:19:30,29.0,60.2,18.7,54.0,0.0,0.0,0.0
2026-04-17 04:19:35,28.9,60.2,23.5,54.0,0.0,0.0,0.0
2026-04-17 04:19:40,28.9,60.2,19.2,54.0,0.0,0.0,0.0
2026-04-17 04:19:45,29.0,60.2,14.5,54.0,0.0,0.0,0.0
2026-04-17 04:19:50,29.0,60.3,12.6,54.0,0.0,0.0,0.0
2026-04-17 04:19:55,28.9,60.4,35.0,54.0,0.0,0.0,0.0
2026-04-17 04:20:00,29.0,60.4,7.8,54.0,0.0,0.0,0.0
2026-04-17 04:20:05,29.1,60.4,26.3,54.0,0.0,0.0,0.0
2026-04-17 04:20:10,29.0,60.5,6.3,54.0,0.0,0.0,0.0
2026-04-17 04:20:15,29.2,60.4,16.2,54.0,0.0,0.0,0.0
2026-04-17 04:20:20,29.1,60.4,22.3,54.0,0.0,0.0,0.0
2026-04-17 04:20:25,29.0,60.4,13.3,54.0,0.0,0.0,0.0
2026-04-17 04:20:30,28.9,60.5,0.0,54.0,0.0,0.0,0.0
2026-04-17 04:20:35,29.1,60.6,6.7,54.0,0.0,0.0,0.0
2026-04-17 04:20:40,29.1,60.6,17.2,54.0,0.0,0.0,0.0
2026-04-17 04:20:45,29.1,60.6,16.5,54.0,0.0,0.0,0.0
2026-04-17 04:20:50,29.0,60.6,8.0,54.0,0.0,0.0,0.0
2026-04-17 04:20:55,28.9,60.3,30.8,54.0,0.0,0.0,0.0
2026-04-17 04:21:00,29.0,60.3,29.6,54.0,0.0,0.0,0.0
2026-04-17 04:21:05,28.9,60.4,15.3,54.0,0.0,0.0,0.0
2026-04-17 04:21:10,28.9,60.5,37.5,54.0,0.0,0.0,0.0
2026-04-17 04:21:15,29.0,60.4,26.4,54.0,0.0,0.0,0.0
2026-04-17 04:21:20,29.1,60.5,14.9,54.0,0.0,0.0,0.0
2026-04-17 04:21:25,29.0,60.5,21.9,54.0,0.0,0.0,0.0
2026-04-17 04:21:30,29.1,60.5,12.6,54.0,0.0,0.0,0.0
2026-04-17 04:21:35,29.1,60.4,5.3,54.0,0.0,0.0,0.0
2026-04-17 04:21:40,28.9,60.4,0.0,54.0,0.0,0.0,0.0
2026-04-17 04:21:45,28.9,60.4,2.2,53.9,0.0,0.0,0.0
2026-04-17 04:21:50,28.9,60.5,3.5,53.9,0.0,0.0,0.0
2026-04-17 04:21:55,29.0,60.5,5.5,53.9,0.0,0.0,0.0
2026-04-17 04:22:00,28.9,60.4,18.9,53.9,0.0,0.0,0.0
2026-04-17 04:22:05,29.1,60.5,17.7,53.9,0.0,0.0,0.0
2026-04-17 04:22:10,29.0,60.5,16.0,54.0,0.0,0.0,0.0
2026-04-17 04:22:15,28.9,60.6,0.0,54.0,0.0,0.0,0.0
2026-04-17 04:22:20,29.0,60.6,13.6,54.0,0.0,0.0,0.0
2026-04-17 04:22:25,29.1,60.6,16.9,54.0,0.0,0.0,0.0
2026-04-17 04:22:30,29.0,60.6,18.3,54.0,0.0,0.0,0.0
2026-04-17 04:22:35,28.9,60.7,29.3,54.0,0.0,0.0,0.0
2026-04-17 04:22:40,28.9,60.7,22.8,54.0,0.0,0.0,0.0
2026-04-17 04:22:45,29.0,60.8,35.2,54.0,0.0,0.0,0.0
2026-04-17 04:22:50,28.8,60.8,19.4,54.0,0.0,0.0,0.0
2026-04-17 04:22:55,29.0,60.8,26.2,54.0,0.0,0.0,0.0
2026-04-17 04:23:00,29.0,60.9,27.3,54.0,0.0,0.0,0.0
2026-04-17 04:23:05,29.0,60.7,15.2,54.0,0.0,0.0,0.0
2026-04-17 04:23:10,29.0,60.7,7.5,54.0,0.0,0.0,0.0
2026-04-17 04:23:15,28.9,60.7,6.0,54.0,0.0,0.0,0.0
2026-04-17 04:23:20,29.1,60.6,4.9,54.0,0.0,0.0,0.0
2026-04-17 04:23:25,28.9,60.5,14.0,54.0,0.0,0.0,0.0
2026-04-17 04:23:30,29.0,60.5,1.1,54.0,0.0,0.0,0.0
2026-04-17 04:23:35,29.0,60.7,1.7,54.0,0.0,0.0,0.0
2026-04-17 04:23:40,29.1,60.7,19.7,54.0,0.0,0.0,0.0
2026-04-17 04:23:45,28.9,60.6,10.8,54.0,0.0,0.0,0.0
2026-04-17 04:23:50,28.9,60.7,11.3,54.0,0.0,0.0,0.0
2026-04-17 04:23:55,28.9,60.8,27.7,54.0,0.0,0.0,0.0
2026-04-17 04:24:00,29.1,60.8,0.3,54.0,0.0,0.0,0.0
2026-04-17 04:24:05,29.0,60.7,13.2,54.0,0.0,0.0,0.0
2026-04-17 04:24:10,29.0,60.7,4.0,54.0,0.0,0.0,0.0
2026-04-17 04:24:15,28.9,60.8,13.3,54.0,0.0,0.0,0.0
2026-04-17 04:24:20,29.0,60.8,15.6,54.0,0.0,0.0,0.0
2026-04-17 04:24:25,29.1,60.9,1.0,54.0,0.0,0.0,0.0
2026-04-17 04:24:30,29.0,60.9,28.1,54.0,0.0,0.0,0.0
2026-04-17 04:24:35,29.0,60.9,14.3,54.0,0.0,0.0,0.0
2026-04-17 04:24:40,29.0,60.9,8.6,54.0,0.0,0.0,0.0
2026-04-17 04:24:45,28.9,60.9,29.2,54.0,0.0,0.0,0.0
2026-04-17 04:24:50,29.0,61.0,5.2,54.0,0.0,0.0,0.0
2026-04-17 04:24:55,29.0,61.0,2.1,54.0,0.0,0.0,0.0
2026-04-17 04:25:00,29.2,60.9,13.4,54.0,0.0,0.0,0.0
2026-04-17 04:25:05,28.9,61.0,14.7,54.0,0.0,0.0,0.0
2026-04-17 04:25:10,29.0,60.9,20.1,54.0,0.0,0.0,0.0
2026-04-17 04:25:15,29.0,61.0,17.4,54.0,0.0,0.0,0.0
2026-04-17 04:25:20,28.9,61.1,17.7,54.0,0.0,0.0,0.0
2026-04-17 04:25:25,29.0,61.0,34.8,54.0,0.0,0.0,0.0
2026-04-17 04:25:30,29.0,60.9,2.5,54.0,0.0,0.0,0.0
2026-04-17 04:25:35,29.0,61.0,20.0,53.9,0.0,0.0,0.0
2026-04-17 04:25:40,29.0,61.0,22.3,53.9,0.0,0.0,0.0
2026-04-17 04:25:45,29.0,60.9,9.1,53.9,0.0,0.0,0.0
2026-04-17 04:25:50,29.0,61.0,14.9,54.0,0.0,0.0,0.0
2026-04-17 04:25:55,29.0,60.8,4.4,54.0,0.0,0.0,0.0
2026-04-17 04:26:00,29.1,60.9,13.5,54.0,0.0,0.0,0.0
2026-04-17 04:26:05,28.9,60.9,15.4,54.0,0.0,0.0,0.0
2026-04-17 04:26:10,29.0,61.0,18.6,54.0,0.0,0.0,0.0
2026-04-17 04:26:15,28.8,61.0,28.0,54.0,0.0,0.0,0.0
2026-04-17 04:26:20,29.1,60.9,17.9,53.9,0.0,0.0,0.0
2026-04-17 04:26:25,29.0,60.9,31.2,53.9,0.0,0.0,0.0
2026-04-17 04:26:30,28.9,60.8,21.0,53.9,0.0,0.0,0.0
2026-04-17 04:26:35,28.9,60.9,27.3,53.9,0.0,0.0,0.0
2026-04-17 04:26:40,29.0,60.8,20.3,53.9,0.0,0.0,0.0
2026-04-17 04:26:45,29.1,60.9,33.2,53.9,0.0,0.0,0.0
2026-04-17 04:26:50,28.9,60.8,12.4,53.9,0.0,0.0,0.0
2026-04-17 04:26:55,29.1,60.7,9.3,53.9,0.0,0.0,0.0
2026-04-17 04:27:00,28.9,60.6,16.9,54.0,0.0,0.0,0.0
2026-04-17 04:27:05,29.0,60.7,0.0,54.0,0.0,0.0,0.0
2026-04-17 04:27:10,29.1,60.7,20.1,54.0,0.0,0.0,0.0
2026-04-17 04:27:15,28.9,60.7,7.0,54.0,0.0,0.0,0.0
2026-04-17 04:27:20,29.1,60.7,17.3,54.0,0.0,0.0,0.0
2026-04-17 04:27:25,29.0,60.8,0.0,54.0,0.0,0.0,0.0
2026-04-17 04:27:30,29.0,60.9,10.9,54.0,0.0,0.0,0.0
2026-04-17 04:27:35,29.1,60.8,10.8,54.0,0.0,0.0,0.0
2026-04-17 04:27:40,28.8,60.9,17.6,54.0,0.0,0.0,0.0
2026-04-17 04:27:45,28.9,61.1,34.3,53.9,0.0,0.0,0.0
2026-04-17 04:27:50,29.0,61.1,30.4,53.9,0.0,0.0,0.0
2026-04-17 04:27:55,28.9,61.2,26.0,53.9,0.0,0.0,0.0
2026-04-17 04:28:00,28.9,61.1,25.0,53.9,0.0,0.0,0.0
2026-04-17 04:28:05,29.0,61.2,15.2,53.9,0.0,0.0,0.0
2026-04-17 04:28:10,29.0,61.2,11.0,53.9,0.0,0.0,0.0
2026-04-17 04:28:15,28.9,61.2,16.4,53.9,0.0,0.0,0.0
2026-04-17 04:28:20,28.9,61.2,7.5,53.9,0.0,0.0,0.0
2026-04-17 04:28:25,28.9,61.2,16.4,53.9,0.0,0.0,0.0
2026-04-17 04:28:30,28.9,61.1,9.2,54.0,0.0,0.0,0.0
2026-04-17 04:28:35,29.0,61.1,0.0,54.0,0.0,0.0,0.0
2026-04-17 04:28:40,28.9,61.0,17.7,54.0,0.0,0.0,0.0
2026-04-17 04:28:45,28.9,61.0,20.4,53.9,0.0,0.0,0.0
2026-04-17 04:28:50,29.1,60.9,0.0,53.9,0.0,0.0,0.0
2026-04-17 04:28:55,29.0,61.1,24.0,53.9,0.0,0.0,0.0
2026-04-17 04:29:00,29.1,61.0,26.7,53.9,0.0,0.0,0.0
2026-04-17 04:29:05,29.0,61.1,2.9,54.0,0.0,0.0,0.0
2026-04-17 04:29:10,28.9,61.1,4.4,54.0,0.0,0.0,0.0
2026-04-17 04:29:15,29.1,61.2,12.3,54.0,0.0,0.0,0.0
2026-04-17 04:29:20,28.9,61.2,24.2,54.0,0.0,0.0,0.0
2026-04-17 04:29:25,28.9,61.3,15.2,54.0,0.0,0.0,0.0
2026-04-17 04:29:30,29.0,61.2,20.7,54.0,0.0,0.0,0.0
2026-04-17 04:29:35,28.9,61.3,20.4,54.0,0.0,0.0,0.0
2026-04-17 04:29:40,29.0,61.3,11.6,54.0,0.0,0.0,0.0
2026-04-17 04:29:45,29.0,61.5,0.0,54.0,0.0,0.0,0.0
2026-04-17 04:29:50,29.0,61.4,10.6,54.0,0.0,0.0,0.0
2026-04-17 04:29:55,29.0,61.3,13.3,54.0,0.0,0.0,0.0
2026-04-17 04:30:00,29.1,61.3,4.9,54.0,0.0,0.0,0.0
2026-04-17 04:30:05,28.9,61.4,23.5,54.0,0.0,0.0,0.0
2026-04-17 04:30:10,29.0,61.5,0.0,54.0,0.0,0.0,0.0
2026-04-17 04:30:15,28.9,61.6,24.0,54.0,0.0,0.0,0.0
2026-04-17 04:30:20,28.9,61.6,15.0,54.0,0.0,0.0,0.0
2026-04-17 04:30:25,29.0,61.6,8.5,54.0,0.0,0.0,0.0
2026-04-17 04:30:30,29.0,61.5,6.1,54.0,0.0,0.0,0.0
2026-04-17 04:30:35,28.9,61.4,10.2,54.0,0.0,0.0,0.0
2026-04-17 04:30:40,29.0,61.4,9.3,54.0,0.0,0.0,0.0
2026-04-17 04:30:45,29.1,61.2,21.6,54.0,0.0,0.0,0.0
2026-04-17 04:30:50,28.9,61.3,22.1,54.0,0.0,0.0,0.0
2026-04-17 04:30:55,29.0,61.1,8.9,54.0,0.0,0.0,0.0
2026-04-17 04:31:00,29.1,61.0,0.0,54.0,0.0,0.0,0.0
2026-04-17 04:31:05,29.2,61.0,0.0,54.0,0.0,0.0,0.0
2026-04-17 04:31:10,29.1,61.0,7.0,54.0,0.0,0.0,0.0
2026-04-17 04:31:15,29.1,61.1,0.0,54.0,0.0,0.0,0.0
2026-04-17 04:31:20,29.1,61.2,22.9,54.0,0.0,0.0,0.0
2026-04-17 04:31:25,28.9,61.3,20.0,54.0,0.0,0.0,0.0
2026-04-17 04:31:30,29.0,61.3,13.9,54.0,0.0,0.0,0.0
2026-04-17 04:31:35,29.0,61.4,9.8,54.0,0.0,0.0,0.0
2026-04-17 04:31:40,29.0,61.2,12.0,54.0,0.0,0.0,0.0
2026-04-17 04:31:45,29.2,61.3,16.7,54.0,0.0,0.0,0.0
2026-04-17 04:31:50,29.2,61.1,0.0,54.0,0.0,0.0,0.0
2026-04-17 04:31:55,28.9,60.9,14.2,54.0,0.0,0.0,0.0
2026-04-17 04:32:00,29.1,60.9,17.2,54.0,0.0,0.0,0.0
2026-04-17 04:32:05,29.0,60.9,9.4,54.0,0.0,0.0,0.0
2026-04-17 04:32:10,29.1,61.0,33.9,54.0,0.0,0.0,0.0
2026-04-17 04:32:15,28.9,61.0,2.6,54.0,0.0,0.0,0.0
2026-04-17 04:32:20,29.0,61.1,14.4,54.0,0.0,0.0,0.0
2026-04-17 04:32:25,28.9,61.2,0.0,54.0,0.0,0.0,0.0
2026-04-17 04:32:30,29.0,61.1,2.9,54.0,0.0,0.0,0.0
2026-04-17 04:32:35,29.0,61.1,12.4,54.0,0.0,0.0,0.0
2026-04-17 04:32:40,28.8,61.1,17.8,54.0,0.0,0.0,0.0
2026-04-17 04:32:45,29.2,61.1,14.2,54.0,0.0,0.0,0.0
2026-04-17 04:32:50,29.0,61.1,21.9,54.0,0.0,0.0,0.0
2026-04-17 04:32:55,29.0,61.2,0.0,54.0,0.0,0.0,0.0
2026-04-17 04:33:00,29.0,61.2,14.6,54.0,0.0,0.0,0.0
2026-04-17 04:33:05,28.9,61.2,0.6,54.0,0.0,0.0,0.0
2026-04-17 04:33:10,29.1,61.1,2.9,54.0,0.0,0.0,0.0
2026-04-17 04:33:15,28.9,61.1,20.3,54.0,0.0,0.0,0.0
2026-04-17 04:33:20,29.0,61.0,8.9,54.0,0.0,0.0,0.0
2026-04-17 04:33:25,29.0,61.0,10.9,54.0,0.0,0.0,0.0
2026-04-17 04:33:30,29.0,60.9,9.5,54.0,0.0,0.0,0.0
2026-04-17 04:33:35,29.1,61.0,0.0,54.0,0.0,0.0,0.0
2026-04-17 04:33:40,29.0,60.9,15.0,54.0,0.0,0.0,0.0
2026-04-17 04:33:45,28.9,60.9,0.0,54.0,0.0,0.0,0.0
2026-04-17 04:33:50,29.1,61.0,27.0,54.0,0.0,0.0,0.0
2026-04-17 04:33:55,29.1,61.0,30.2,54.0,0.0,0.0,0.0
2026-04-17 04:34:00,29.0,60.9,24.4,53.9,0.0,0.0,0.0
2026-04-17 04:34:05,29.1,61.0,3.8,53.9,0.0,0.0,0.0
2026-04-17 04:34:10,29.1,60.9,23.7,53.9,0.0,0.0,0.0
2026-04-17 04:34:15,29.0,60.8,26.3,53.9,0.0,0.0,0.0
2026-04-17 04:34:20,29.0,60.8,6.4,54.0,0.0,0.0,0.0
2026-04-17 04:34:25,29.0,60.8,28.9,54.0,0.0,0.0,0.0
2026-04-17 04:34:30,29.1,60.7,11.6,54.0,0.0,0.0,0.0
2026-04-17 04:34:35,29.0,60.7,1.8,54.0,0.0,0.0,0.0
2026-04-17 04:34:40,29.2,60.7,4.6,54.0,0.0,0.0,0.0
2026-04-17 04:34:45,29.1,60.6,15.8,54.0,0.0,0.0,0.0
2026-04-17 04:34:50,29.0,60.6,14.3,54.0,0.0,0.0,0.0
2026-04-17 04:34:55,29.0,60.6,16.8,54.0,0.0,0.0,0.0
2026-04-17 04:35:00,28.9,60.6,23.9,54.0,0.0,0.0,0.0
2026-04-17 04:35:05,28.9,60.5,11.7,54.0,0.0,0.0,0.0
2026-04-17 04:35:10,29.1,60.5,24.9,54.0,0.0,0.0,0.0
2026-04-17 04:35:15,29.1,60.5,1.7,54.0,0.0,0.0,0.0
2026-04-17 04:35:20,29.1,60.6,22.5,54.0,0.0,0.0,0.0
2026-04-17 04:35:25,28.9,60.7,17.6,54.0,0.0,0.0,0.0
2026-04-17 04:35:30,29.0,60.6,9.1,54.0,0.0,0.0,0.0
2026-04-17 04:35:35,29.1,60.6,28.9,54.0,0.0,0.0,0.0
2026-04-17 04:35:40,29.2,60.6,14.3,54.0,0.0,0.0,0.0
2026-04-17 04:35:45,29.0,60.6,10.5,54.0,0.0,0.0,0.0
2026-04-17 04:35:50,29.0,60.5,7.0,54.0,0.0,0.0,0.0
2026-04-17 04:35:55,29.0,60.4,31.3,54.0,0.0,0.0,0.0
2026-04-17 04:36:00,29.0,60.4,25.0,54.0,0.0,0.0,0.0
2026-04-17 04:36:05,29.0,60.5,21.7,54.0,0.0,0.0,0.0
2026-04-17 04:36:10,29.0,60.6,19.8,54.0,0.0,0.0,0.0
2026-04-17 04:36:15,29.0,60.7,22.2,54.0,0.0,0.0,0.0
2026-04-17 04:36:20,29.1,60.7,16.6,54.0,0.0,0.0,0.0
2026-04-17 04:36:25,28.9,60.7,8.6,54.0,0.0,0.0,0.0
2026-04-17 04:36:30,29.0,60.6,14.4,54.0,0.0,0.0,0.0
2026-04-17 04:36:35,29.1,60.5,0.0,54.0,0.0,0.0,0.0
2026-04-17 04:36:40,29.0,60.5,27.2,54.0,0.0,0.0,0.0
2026-04-17 04:36:45,29.0,60.5,2.7,54.0,0.0,0.0,0.0
2026-04-17 04:36:50,29.0,60.6,18.5,54.0,0.0,0.0,0.0
2026-04-17 04:36:55,29.0,60.5,4.3,54.0,0.0,0.0,0.0
2026-04-17 04:37:00,28.9,60.7,16.1,54.0,0.0,0.0,0.0
2026-04-17 04:37:05,28.9,60.6,32.1,54.0,0.0,0.0,0.0
2026-04-17 04:37:10,29.0,60.5,9.6,54.0,0.0,0.0,0.0
2026-04-17 04:37:15,29.0,60.5,20.9,54.0,0.0,0.0,0.0
2026-04-17 04:37:20,29.1,60.4,4.8,54.0,0.0,0.0,0.0
2026-04-17 04:37:25,28.9,60.5,22.7,54.0,0.0,0.0,0.0
2026-04-17 04:37:30,29.0,60.5,5.7,54.0,0.0,0.0,0.0
2026-04-17 04:37:35,29.0,60.6,27.5,54.0,0.0,0.0,0.0
2026-04-17 04:37:40,28.9,60.6,9.7,54.0,0.0,0.0,0.0
2026-04-17 04:37:45,28.9,60.6,3.9,54.0,0.0,0.0,0.0
2026-04-17 04:37:50,29.0,60.6,28.8,54.0,0.0,0.0,0.0
2026-04-17 04:37:55,28.9,60.6,22.0,54.0,0.0,0.0,0.0
2026-04-17 04:38:00,29.1,60.5,6.4,54.0,0.0,0.0,0.0
2026-04-17 04:38:05,28.9,60.4,1.3,54.0,0.0,0.0,0.0
2026-04-17 04:38:10,29.0,60.5,8.1,54.0,0.0,0.0,0.0
2026-04-17 04:38:15,28.8,60.4,19.5,54.0,0.0,0.0,0.0
2026-04-17 04:38:20,29.0,60.3,9.8,54.0,0.0,0.0,0.0
2026-04-17 04:38:25,29.2,60.2,9.0,54.0,0.0,0.0,0.0
2026-04-17 04:38:30,29.0,60.2,16.7,54.0,0.0,0.0,0.0
2026-04-17 04:38:35,29.0,60.2,12.4,54.0,0.0,0.0,0.0
2026-04-17 04:38:40,29.0,60.1,22.4,54.0,0.0,0.0,0.0
2026-04-17 04:38:45,29.0,60.1,9.7,54.0,0.0,0.0,0.0
2026-04-17 04:38:50,28.9,60.1,27.9,54.0,0.0,0.0,0.0
2026-04-17 04:38:55,28.9,60.0,18.4,54.0,0.0,0.0,0.0
2026-04-17 04:39:00,29.0,59.9,21.2,54.0,0.0,0.0,0.0
2026-04-17 04:39:05,28.9,60.0,9.4,54.0,0.0,0.0,0.0
2026-04-17 04:39:10,29.1,60.1,26.7,54.0,0.0,0.0,0.0
2026-04-17 04:39:15,29.0,60.1,20.9,54.0,0.0,0.0,0.0
2026-04-17 04:39:20,29.0,60.2,25.5,54.0,0.0,0.0,0.0
2026-04-17 04:39:25,28.9,60.2,12.0,54.0,0.0,0.0,0.0
2026-04-17 04:39:30,29.1,60.1,15.5,54.0,0.0,0.0,0.0
2026-04-17 04:39:35,29.0,60.3,9.2,54.0,0.0,0.0,0.0
2026-04-17 04:39:40,28.8,60.4,15.9,54.0,0.0,0.0,0.0
2026-04-17 04:39:45,29.1,60.4,17.1,54.0,0.0,0.0,0.0
2026-04-17 04:39:50,29.1,60.4,19.7,54.0,0.0,0.0,0.0
2026-04-17 04:39:55,29.1,60.4,25.0,54.0,0.0,0.0,0.0
2026-04-17 04:40:00,29.0,60.4,18.6,54.0,0.0,0.0,0.0
2026-04-17 04:40:05,28.9,60.2,16.6,54.0,0.0,0.0,0.0
2026-04-17 04:40:10,28.9,60.2,0.0,54.0,0.0,0.0,0.0
2026-04-17 04:40:15,28.9,60.3,4.9,54.0,0.0,0.0,0.0
2026-04-17 04:40:20,29.0,60.3,15.5,54.0,0.0,0.0,0.0
2026-04-17 04:40:25,29.1,60.3,12.6,54.0,0.0,0.0,0.0
2026-04-17 04:40:30,29.0,60.2,14.0,54.0,0.0,0.0,0.0
2026-04-17 04:40:35,29.1,60.3,8.8,54.0,0.0,0.0,0.0
2026-04-17 04:40:40,28.9,60.2,7.5,54.0,0.0,0.0,0.0
2026-04-17 04:40:45,29.0,60.2,30.2,54.0,0.0,0.0,0.0
2026-04-17 04:40:50,29.0,60.2,12.1,54.0,0.0,0.0,0.0
2026-04-17 04:40:55,28.8,60.2,1.0,54.0,0.0,0.0,0.0
2026-04-17 04:41:00,29.0,60.3,24.4,54.0,0.0,0.0,0.0
2026-04-17 04:41:05,29.1,60.3,0.0,54.0,0.0,0.0,0.0
2026-04-17 04:41:10,29.0,60.3,22.2,54.0,0.0,0.0,0.0
2026-04-17 04:41:15,29.0,60.2,20.0,54.0,0.0,0.0,0.0
2026-04-17 04:41:20,29.1,60.2,26.9,54.0,0.0,0.0,0.0
2026-04-17 04:41:25,28.9,60.0,6.7,54.0,0.0,0.0,0.0
2026-04-17 04:41:30,29.1,60.1,23.8,54.0,0.0,0.0,0.0
2026-04-17 04:41:35,29.0,60.3,23.3,54.0,0.0,0.0,0.0
2026-04-17 04:41:40,29.0,60.3,14.8,54.0,0.0,0.0,0.0
2026-04-17 04:41:45,28.9,60.2,23.7,54.0,0.0,0.0,0.0
2026-04-17 04:41:50,29.1,60.1,2.9,54.0,0.0,0.0,0.0
2026-04-17 04:41:55,29.0,60.2,7.7,54.0,0.0,0.0,0.0
2026-04-17 04:42:00,29.0,60.2,21.2,54.0,0.0,0.0,0.0
2026-04-17 04:42:05,29.1,60.3,16.1,54.0,0.0,0.0,0.0
2026-04-17 04:42:10,29.1,60.3,19.9,54.0,0.0,0.0,0.0
2026-04-17 04:42:15,29.0,60.4,0.0,54.0,0.0,0.0,0.0
2026-04-17 04:42:20,28.9,60.4,20.1,54.0,0.0,0.0,0.0
2026-04-17 04:42:25,28.9,60.3,9.4,54.0,0.0,0.0,0.0
2026-04-17 04:42:30,29.1,60.4,13.8,54.0,0.0,0.0,0.0
2026-04-17 04:42:35,28.9,60.6,9.1,54.0,0.0,0.0,0.0
2026-04-17 04:42:40,29.0,60.7,7.8,54.0,0.0,0.0,0.0
2026-04-17 04:42:45,29.0,60.7,6.4,54.0,0.0,0.0,0.0
2026-04-17 04:42:50,28.8,60.7,13.3,54.0,0.0,0.0,0.0
2026-04-17 04:42:55,28.9,60.8,19.5,54.0,0.0,0.0,0.0
2026-04-17 04:43:00,29.1,60.8,26.7,54.0,0.0,0.0,0.0
2026-04-17 04:43:05,29.0,60.8,13.4,54.0,0.0,0.0,0.0
2026-04-17 04:43:10,29.0,60.8,5.0,54.0,0.0,0.0,0.0
2026-04-17 04:43:15,28.8,60.8,0.0,54.0,0.0,0.0,0.0
2026-04-17 04:43:20,28.9,60.9,36.5,54.0,0.0,0.0,0.0
2026-04-17 04:43:25,28.9,60.8,14.7,54.0,0.0,0.0,0.0
2026-04-17 04:43:30,29.0,60.8,10.0,54.0,0.0,0.0,0.0
2026-04-17 04:43:35,29.0,60.8,17.8,54.0,0.0,0.0,0.0
2026-04-17 04:43:40,28.9,60.8,5.7,54.0,0.0,0.0,0.0
2026-04-17 04:43:45,29.0,60.7,17.1,54.0,0.0,0.0,0.0
2026-04-17 04:43:50,28.9,60.8,11.8,54.0,0.0,0.0,0.0
2026-04-17 04:43:55,29.0,60.7,21.6,54.0,0.0,0.0,0.0
2026-04-17 04:44:00,29.0,60.8,0.0,54.0,0.0,0.0,0.0
2026-04-17 04:44:05,28.9,60.8,14.7,54.0,0.0,0.0,0.0
2026-04-17 04:44:10,29.0,60.8,27.3,54.0,0.0,0.0,0.0
2026-04-17 04:44:15,28.9,60.8,6.4,54.0,0.0,0.0,0.0
2026-04-17 04:44:20,28.9,61.0,4.1,54.0,0.0,0.0,0.0
2026-04-17 04:44:25,29.0,61.1,18.2,54.0,0.0,0.0,0.0
2026-04-17 04:44:30,28.8,61.1,0.0,54.0,0.0,0.0,0.0
2026-04-17 04:44:35,29.0,61.0,15.1,54.0,0.0,0.0,0.0
2026-04-17 04:44:40,28.8,61.0,35.7,54.0,0.0,0.0,0.0
2026-04-17 04:44:45,28.8,61.0,0.0,54.0,0.0,0.0,0.0
2026-04-17 04:44:50,28.9,61.0,14.5,54.0,0.0,0.0,0.0
2026-04-17 04:44:55,29.0,61.1,14.4,54.0,0.0,0.0,0.0
2026-04-17 04:45:00,29.1,61.0,17.9,54.0,0.0,0.0,0.0
2026-04-17 04:45:05,29.0,61.1,13.7,54.0,0.0,0.0,0.0
2026-04-17 04:45:10,29.0,61.0,12.1,54.0,0.0,0.0,0.0
2026-04-17 04:45:15,29.0,61.0,30.1,54.0,0.0,0.0,0.0
2026-04-17 04:45:20,29.0,61.0,0.0,54.0,0.0,0.0,0.0
2026-04-17 04:45:25,28.9,60.8,17.3,54.0,0.0,0.0,0.0
2026-04-17 04:45:30,28.9,60.8,34.0,54.0,0.0,0.0,0.0
2026-04-17 04:45:35,28.9,60.6,8.1,54.0,0.0,0.0,0.0
2026-04-17 04:45:40,29.0,60.6,22.9,54.0,0.0,0.0,0.0
2026-04-17 04:45:45,28.8,60.4,22.4,54.0,0.0,0.0,0.0
2026-04-17 04:45:50,29.0,60.3,8.2,54.0,0.0,0.0,0.0
2026-04-17 04:45:55,29.0,60.4,15.1,54.0,0.0,0.0,0.0
2026-04-17 04:46:00,28.9,60.3,28.2,54.0,0.0,0.0,0.0
2026-04-17 04:46:05,29.0,60.3,11.6,54.0,0.0,0.0,0.0
2026-04-17 04:46:10,28.9,60.2,33.1,54.0,0.0,0.0,0.0
2026-04-17 04:46:15,29.0,60.2,29.2,54.0,0.0,0.0,0.0
2026-04-17 04:46:20,28.8,60.2,5.6,54.0,0.0,0.0,0.0
2026-04-17 04:46:25,28.9,60.2,13.2,54.0,0.0,0.0,0.0
2026-04-17 04:46:30,28.9,60.0,18.5,54.0,0.0,0.0,0.0
2026-04-17 04:46:35,28.9,60.0,11.6,54.0,0.0,0.0,0.0
2026-04-17 04:46:40,28.7,60.0,8.6,54.0,0.0,0.0,0.0
2026-04-17 04:46:45,28.9,60.2,13.9,54.0,0.0,0.0,0.0
2026-04-17 04:46:50,28.9,60.2,26.4,54.0,0.0,0.0,0.0
2026-04-17 04:46:55,28.9,60.2,15.3,54.0,0.0,0.0,0.0
2026-04-17 04:47:00,29.0,60.2,8.0,54.0,0.0,0.0,0.0
2026-04-17 04:47:05,29.2,60.1,4.1,54.0,0.0,0.0,0.0
2026-04-17 04:47:10,28.9,60.2,6.6,54.0,0.0,0.0,0.0
2026-04-17 04:47:15,28.9,60.2,21.4,54.0,0.0,0.0,0.0
2026-04-17 04:47:20,28.8,60.3,11.2,54.0,0.0,0.0,0.0
2026-04-17 04:47:25,28.9,60.4,2.9,54.0,0.0,0.0,0.0
2026-04-17 04:47:30,29.0,60.4,22.8,54.0,0.0,0.0,0.0
2026-04-17 04:47:35,28.9,60.6,12.6,54.0,0.0,0.0,0.0
2026-04-17 04:47:40,29.0,60.7,29.9,54.0,0.0,0.0,0.0
2026-04-17 04:47:45,28.7,60.6,17.3,54.0,0.0,0.0,0.0
2026-04-17 04:47:50,28.9,60.6,7.3,54.0,0.0,0.0,0.0
2026-04-17 04:47:55,29.1,60.6,18.4,54.0,0.0,0.0,0.0
2026-04-17 04:48:00,29.0,60.6,28.4,54.0,0.0,0.0,0.0
2026-04-17 04:48:05,29.1,60.6,12.0,54.0,0.0,0.0,0.0
2026-04-17 04:48:10,28.8,60.5,6.8,54.0,0.0,0.0,0.0
2026-04-17 04:48:15,29.1,60.5,8.2,54.0,0.0,0.0,0.0
2026-04-17 04:48:20,29.0,60.5,13.8,54.0,0.0,0.0,0.0
2026-04-17 04:48:25,28.8,60.5,8.4,54.0,0.0,0.0,0.0
2026-04-17 04:48:30,28.9,60.5,14.8,54.0,0.0,0.0,0.0
2026-04-17 04:48:35,28.9,60.5,0.0,54.0,0.0,0.0,0.0
2026-04-17 04:48:40,28.8,60.6,10.6,54.0,0.0,0.0,0.0
2026-04-17 04:48:45,28.9,60.7,17.0,54.0,0.0,0.0,0.0
2026-04-17 04:48:50,29.0,60.6,9.9,54.0,0.0,0.0,0.0
2026-04-17 04:48:55,29.0,60.7,1.9,54.0,0.0,0.0,0.0
2026-04-17 04:49:00,28.8,60.7,15.2,54.0,0.0,0.0,0.0
2026-04-17 04:49:05,28.9,60.7,15.6,54.0,0.0,0.0,0.0
2026-04-17 04:49:10,28.9,60.9,7.4,54.1,0.0,0.0,0.0
2026-04-17 04:49:15,29.1,60.9,5.9,54.1,0.0,0.0,0.0
2026-04-17 04:49:20,29.0,60.9,18.9,54.0,0.0,0.0,0.0
2026-04-17 04:49:25,28.9,60.9,6.7,54.0,0.0,0.0,0.0
2026-04-17 04:49:30,28.9,60.7,14.5,54.0,0.0,0.0,0.0
2026-04-17 04:49:35,28.8,60.7,4.0,54.0,0.0,0.0,0.0
2026-04-17 04:49:40,29.1,60.8,14.2,54.0,0.0,0.0,0.0
2026-04-17 04:49:45,28.9,60.8,26.7,54.0,0.0,0.0,0.0
2026-04-17 04:49:50,29.0,60.9,4.2,54.0,0.0,0.0,0.0
2026-04-17 04:49:55,28.8,60.9,18.3,54.1,0.0,0.0,0.0
2026-04-17 04:50:00,28.8,61.0,14.7,54.1,0.0,0.0,0.0
2026-04-17 04:50:05,29.0,61.0,2.1,54.0,0.0,0.0,0.0
2026-04-17 04:50:10,28.9,60.9,11.5,54.0,0.0,0.0,0.0
2026-04-17 04:50:15,29.0,60.8,3.1,54.0,0.0,0.0,0.0
2026-04-17 04:50:20,29.0,60.7,11.5,54.0,0.0,0.0,0.0
2026-04-17 04:50:25,29.0,60.8,13.3,54.0,0.0,0.0,0.0
2026-04-17 04:50:30,28.9,60.9,8.4,54.0,0.0,0.0,0.0
2026-04-17 04:50:35,29.0,61.0,15.3,54.0,0.0,0.0,0.0
2026-04-17 04:50:40,28.9,60.9,12.9,54.0,0.0,0.0,0.0
2026-04-17 04:50:45,29.0,60.9,14.8,54.0,0.0,0.0,0.0
2026-04-17 04:50:50,28.9,61.0,23.8,54.0,0.0,0.0,0.0
2026-04-17 04:50:55,29.0,60.9,11.0,54.0,0.0,0.0,0.0
2026-04-17 04:51:00,29.0,61.0,0.0,54.0,0.0,0.0,0.0
2026-04-17 04:51:05,28.9,61.1,19.0,54.0,0.0,0.0,0.0
2026-04-17 04:51:10,29.0,61.1,8.1,54.0,0.0,0.0,0.0
2026-04-17 04:51:15,29.0,61.2,12.7,54.0,0.0,0.0,0.0
2026-04-17 04:51:20,28.8,61.2,12.5,54.0,0.0,0.0,0.0
2026-04-17 04:51:25,28.9,61.3,25.5,54.0,0.0,0.0,0.0
2026-04-17 04:51:30,29.0,61.4,1.2,54.0,0.0,0.0,0.0
2026-04-17 04:51:35,29.1,61.3,17.5,54.0,0.0,0.0,0.0
2026-04-17 04:51:40,29.0,61.3,38.8,54.0,0.0,0.0,0.0
2026-04-17 04:51:45,29.0,61.3,14.8,54.0,0.0,0.0,0.0
2026-04-17 04:51:50,29.1,61.2,25.3,54.0,0.0,0.0,0.0
2026-04-17 04:51:55,28.9,61.2,14.1,54.0,0.0,0.0,0.0
2026-04-17 04:52:00,29.1,61.2,0.0,54.0,0.0,0.0,0.0
2026-04-17 04:52:05,29.0,61.1,14.4,54.0,0.0,0.0,0.0
2026-04-17 04:52:10,29.1,61.1,7.1,54.0,0.0,0.0,0.0
2026-04-17 04:52:15,28.8,61.0,12.7,54.0,0.0,0.0,0.0
2026-04-17 04:52:20,29.1,61.0,21.5,54.0,0.0,0.0,0.0
2026-04-17 04:52:25,29.0,61.0,31.6,54.0,0.0,0.0,0.0
2026-04-17 04:52:30,29.0,61.0,29.5,54.0,0.0,0.0,0.0
2026-04-17 04:52:35,28.8,61.1,9.2,54.0,0.0,0.0,0.0
2026-04-17 04:52:40,29.0,61.0,17.0,54.0,0.0,0.0,0.0
2026-04-17 04:52:45,28.9,61.1,0.9,54.0,0.0,0.0,0.0
2026-04-17 04:52:50,28.9,61.1,14.0,54.0,0.0,0.0,0.0
2026-04-17 04:52:55,28.9,61.0,23.6,54.0,0.0,0.0,0.0
2026-04-17 04:53:00,29.0,60.9,34.4,54.0,0.0,0.0,0.0
2026-04-17 04:53:05,28.9,60.8,6.3,54.0,0.0,0.0,0.0
2026-04-17 04:53:10,28.9,60.8,3.8,54.0,0.0,0.0,0.0
2026-04-17 04:53:15,29.0,60.9,26.9,54.0,0.0,0.0,0.0
2026-04-17 04:53:20,28.8,60.8,8.7,54.0,0.0,0.0,0.0
2026-04-17 04:53:25,28.9,60.8,32.8,54.0,0.0,0.0,0.0
2026-04-17 04:53:30,28.9,60.8,15.5,54.0,0.0,0.0,0.0
2026-04-17 04:53:35,28.9,60.8,19.2,54.0,0.0,0.0,0.0
2026-04-17 04:53:40,29.0,60.8,14.6,54.0,0.0,0.0,0.0
2026-04-17 04:53:45,28.9,60.8,21.0,54.0,0.0,0.0,0.0
2026-04-17 04:53:50,28.9,60.9,10.0,54.0,0.0,0.0,0.0
2026-04-17 04:53:55,29.0,61.0,11.3,54.0,0.0,0.0,0.0
2026-04-17 04:54:00,29.0,61.0,3.3,54.0,0.0,0.0,0.0
2026-04-17 04:54:05,28.9,61.0,6.6,54.0,0.0,0.0,0.0
2026-04-17 04:54:10,28.9,60.9,4.5,54.1,0.0,0.0,0.0
2026-04-17 04:54:15,29.0,60.9,10.7,54.1,0.0,0.0,0.0
2026-04-17 04:54:20,29.0,61.0,26.0,54.0,0.0,0.0,0.0
2026-04-17 04:54:25,28.9,60.9,29.6,54.0,0.0,0.0,0.0
2026-04-17 04:54:30,28.8,60.9,20.7,54.0,0.0,0.0,0.0
2026-04-17 04:54:35,28.9,60.8,16.2,54.0,0.0,0.0,0.0
2026-04-17 04:54:40,29.0,60.7,8.3,54.0,0.0,0.0,0.0
2026-04-17 04:54:45,28.8,60.8,24.9,54.0,0.0,0.0,0.0
2026-04-17 04:54:50,29.0,60.8,14.8,54.0,0.0,0.0,0.0
2026-04-17 04:54:55,28.9,60.7,21.0,54.0,0.0,0.0,0.0
2026-04-17 04:55:00,28.8,60.8,11.3,54.0,0.0,0.0,0.0
2026-04-17 04:55:05,28.8,60.8,22.7,54.0,0.0,0.0,0.0
2026-04-17 04:55:10,28.8,60.9,21.7,54.0,0.0,0.0,0.0
2026-04-17 04:55:15,29.0,60.9,7.5,54.0,0.0,0.0,0.0
2026-04-17 04:55:20,28.8,60.9,8.1,54.0,0.0,0.0,0.0
2026-04-17 04:55:25,29.0,60.9,16.8,54.0,0.0,0.0,0.0
2026-04-17 04:55:30,29.0,60.9,0.0,54.0,0.0,0.0,0.0
2026-04-17 04:55:35,29.0,61.0,4.1,54.0,0.0,0.0,0.0
2026-04-17 04:55:40,29.1,61.0,30.5,54.0,0.0,0.0,0.0
2026-04-17 04:55:45,29.0,61.1,2.9,54.0,0.0,0.0,0.0
2026-04-17 04:55:50,29.0,61.1,9.7,54.0,0.0,0.0,0.0
2026-04-17 04:55:55,28.9,61.1,12.7,54.0,0.0,0.0,0.0
2026-04-17 04:56:00,29.0,61.2,19.6,54.0,0.0,0.0,0.0
2026-04-17 04:56:05,29.0,61.1,15.2,54.0,0.0,0.0,0.0
2026-04-17 04:56:10,29.0,61.1,12.2,54.0,0.0,0.0,0.0
2026-04-17 04:56:15,28.8,61.2,25.4,54.0,0.0,0.0,0.0
2026-04-17 04:56:20,29.0,61.1,20.3,54.0,0.0,0.0,0.0
2026-04-17 04:56:25,29.0,60.9,12.6,54.0,0.0,0.0,0.0
2026-04-17 04:56:30,29.1,60.9,14.7,54.0,0.0,0.0,0.0
2026-04-17 04:56:35,29.0,61.0,4.1,54.0,0.0,0.0,0.0
2026-04-17 04:56:40,29.0,61.0,17.0,54.0,0.0,0.0,0.0
2026-04-17 04:56:45,29.0,61.0,29.5,54.0,0.0,0.0,0.0
2026-04-17 04:56:50,29.0,61.0,30.5,54.0,0.0,0.0,0.0
2026-04-17 04:56:55,29.1,61.0,5.0,54.0,0.0,0.0,0.0
2026-04-17 04:57:00,29.0,61.1,13.3,54.0,0.0,0.0,0.0
2026-04-17 04:57:05,28.9,61.1,11.4,54.0,0.0,0.0,0.0
2026-04-17 04:57:10,29.0,61.0,23.0,54.0,0.0,0.0,0.0
2026-04-17 04:57:15,28.9,61.0,32.5,54.0,0.0,0.0,0.0
2026-04-17 04:57:20,29.1,61.0,8.6,54.0,0.0,0.0,0.0
2026-04-17 04:57:25,28.9,61.0,9.9,54.0,0.0,0.0,0.0
2026-04-17 04:57:30,28.9,61.0,11.6,54.0,0.0,0.0,0.0
2026-04-17 04:57:35,28.9,61.1,15.3,54.0,0.0,0.0,0.0
2026-04-17 04:57:40,29.0,61.1,27.2,54.0,0.0,0.0,0.0
2026-04-17 04:57:45,28.8,61.1,5.4,54.0,0.0,0.0,0.0
2026-04-17 04:57:50,29.1,61.0,23.0,54.0,0.0,0.0,0.0
2026-04-17 04:57:55,29.0,60.9,18.7,54.0,0.0,0.0,0.0
2026-04-17 04:58:00,29.0,61.0,17.7,54.0,0.0,0.0,0.0
2026-04-17 04:58:05,29.1,61.0,12.5,54.0,0.0,0.0,0.0
2026-04-17 04:58:10,28.9,61.0,19.1,54.0,0.0,0.0,0.0
2026-04-17 04:58:15,29.0,61.0,6.7,54.0,0.0,0.0,0.0
2026-04-17 04:58:20,28.8,61.0,4.8,54.0,0.0,0.0,0.0
2026-04-17 04:58:25,29.0,61.0,0.0,54.0,0.0,0.0,0.0
2026-04-17 04:58:30,29.0,61.0,20.2,54.0,0.0,0.0,0.0
2026-04-17 04:58:35,28.9,61.0,24.9,54.0,0.0,0.0,0.0
2026-04-17 04:58:40,28.8,61.1,5.8,54.0,0.0,0.0,0.0
2026-04-17 04:58:45,29.0,61.1,19.0,54.0,0.0,0.0,0.0
2026-04-17 04:58:50,28.9,61.1,22.8,54.0,0.0,0.0,0.0
2026-04-17 04:58:55,28.8,61.0,38.3,54.0,0.0,0.0,0.0
2026-04-17 04:59:00,28.8,61.1,25.5,54.0,0.0,0.0,0.0
2026-04-17 04:59:05,28.8,61.0,13.6,54.0,0.0,0.0,0.0
2026-04-17 04:59:10,28.9,60.9,22.3,54.0,0.0,0.0,0.0
2026-04-17 04:59:15,29.1,61.0,14.0,54.0,0.0,0.0,0.0
2026-04-17 04:59:20,28.8,61.0,10.0,54.0,0.0,0.0,0.0
2026-04-17 04:59:25,29.1,61.2,4.0,54.0,0.0,0.0,0.0
2026-04-17 04:59:30,28.9,61.2,8.8,54.0,0.0,0.0,0.0
2026-04-17 04:59:35,29.1,61.2,19.5,54.0,0.0,0.0,0.0
2026-04-17 04:59:40,29.1,61.2,13.3,54.0,0.0,0.0,0.0
2026-04-17 04:59:45,28.9,61.2,0.6,54.0,0.0,0.0,0.0
2026-04-17 04:59:50,28.8,61.2,15.6,54.0,0.0,0.0,0.0
2026-04-17 04:59:55,29.0,61.2,2.7,54.0,0.0,0.0,0.0
2026-04-17 05:00:00,29.0,61.1,9.3,54.0,0.0,0.0,0.0
2026-04-17 05:00:05,29.0,61.0,23.0,54.0,0.0,0.0,0.0
2026-04-17 05:00:10,29.1,61.0,4.2,54.0,0.0,0.0,0.0
2026-04-17 05:00:15,28.9,61.0,15.2,54.0,0.0,0.0,0.0
2026-04-17 05:00:20,28.9,60.9,27.6,54.0,0.0,0.0,0.0
2026-04-17 05:00:25,28.8,60.9,30.5,54.0,0.0,0.0,0.0
2026-04-17 05:00:30,28.8,61.0,16.8,54.0,0.0,0.0,0.0
2026-04-17 05:00:35,28.9,60.9,17.3,54.0,0.0,0.0,0.0
2026-04-17 05:00:40,29.0,60.8,9.0,54.0,0.0,0.0,0.0
2026-04-17 05:00:45,29.0,60.8,20.2,54.0,0.0,0.0,0.0
2026-04-17 05:00:50,29.1,60.6,0.0,54.0,0.0,0.0,0.0
2026-04-17 05:00:55,29.0,60.4,1.0,54.0,0.0,0.0,0.0
2026-04-17 05:01:00,28.9,60.4,16.2,54.0,0.0,0.0,0.0
2026-04-17 05:01:05,28.9,60.4,18.5,54.0,0.0,0.0,0.0
2026-04-17 05:01:10,29.0,60.3,25.1,54.0,0.0,0.0,0.0
2026-04-17 05:01:15,28.9,60.4,15.7,54.0,0.0,0.0,0.0
2026-04-17 05:01:20,29.1,60.5,12.6,54.0,0.0,0.0,0.0
2026-04-17 05:01:25,28.9,60.4,9.7,54.0,0.0,0.0,0.0
2026-04-17 05:01:30,29.0,60.2,24.7,53.9,0.0,0.0,0.0
2026-04-17 05:01:35,28.8,60.3,21.1,53.9,0.0,0.0,0.0
2026-04-17 05:01:40,29.0,60.5,24.7,54.0,0.0,0.0,0.0
2026-04-17 05:01:45,28.9,60.6,18.2,54.0,0.0,0.0,0.0
2026-04-17 05:01:50,28.9,60.6,40.1,54.0,0.0,0.0,0.0
2026-04-17 05:01:55,28.9,60.6,9.1,54.0,0.0,0.0,0.0
2026-04-17 05:02:00,28.8,60.6,11.1,54.0,0.0,0.0,0.0
2026-04-17 05:02:05,29.0,60.5,13.8,53.9,0.0,0.0,0.0
2026-04-17 05:02:10,29.1,60.6,30.9,53.9,0.0,0.0,0.0
2026-04-17 05:02:15,29.0,60.4,0.0,53.9,0.0,0.0,0.0
2026-04-17 05:02:20,29.1,60.4,9.4,53.9,0.0,0.0,0.0
2026-04-17 05:02:25,28.9,60.5,20.0,53.9,0.0,0.0,0.0
2026-04-17 05:02:30,28.8,60.6,10.9,53.9,0.0,0.0,0.0
2026-04-17 05:02:35,29.1,60.5,7.2,53.9,0.0,0.0,0.0
2026-04-17 05:02:40,28.9,60.5,13.4,53.9,0.0,0.0,0.0
2026-04-17 05:02:45,29.0,60.6,11.9,53.9,0.0,0.0,0.0
2026-04-17 05:02:50,29.1,60.6,6.8,54.0,0.0,0.0,0.0
2026-04-17 05:02:55,29.0,60.5,3.6,54.0,0.0,0.0,0.0
2026-04-17 05:03:00,29.0,60.4,13.7,54.0,0.0,0.0,0.0
2026-04-17 05:03:05,29.0,60.4,3.0,53.9,0.0,0.0,0.0
2026-04-17 05:03:10,28.9,60.3,20.2,53.9,0.0,0.0,0.0
2026-04-17 05:03:15,29.0,60.3,14.3,53.9,0.0,0.0,0.0
2026-04-17 05:03:20,29.0,60.3,32.3,53.9,0.0,0.0,0.0
2026-04-17 05:03:25,28.9,60.4,14.4,53.9,0.0,0.0,0.0
2026-04-17 05:03:30,29.0,60.3,18.1,53.9,0.0,0.0,0.0
2026-04-17 05:03:35,29.1,60.3,37.9,53.9,0.0,0.0,0.0
2026-04-17 05:03:40,29.0,60.3,0.0,53.9,0.0,0.0,0.0
2026-04-17 05:03:45,29.0,60.2,37.1,53.9,0.0,0.0,0.0
2026-04-17 05:03:50,29.1,60.2,9.6,53.9,0.0,0.0,0.0
2026-04-17 05:03:55,29.1,60.2,2.3,53.9,0.0,0.0,0.0
2026-04-17 05:04:00,29.0,60.2,8.9,53.9,0.0,0.0,0.0
2026-04-17 05:04:05,28.9,60.2,25.5,53.9,0.0,0.0,0.0
2026-04-17 05:04:10,29.0,60.3,16.9,53.9,0.0,0.0,0.0
2026-04-17 05:04:15,29.0,60.3,16.0,53.9,0.0,0.0,0.0
2026-04-17 05:04:20,28.9,60.3,14.6,53.9,0.0,0.0,0.0
2026-04-17 05:04:25,29.0,60.3,2.4,53.9,0.0,0.0,0.0
2026-04-17 05:04:30,29.0,60.4,19.2,53.9,0.0,0.0,0.0
2026-04-17 05:04:35,29.0,60.3,30.2,53.9,0.0,0.0,0.0
2026-04-17 05:04:40,28.9,60.4,11.6,53.9,0.0,0.0,0.0
2026-04-17 05:04:45,29.0,60.3,6.8,53.9,0.0,0.0,0.0
2026-04-17 05:04:50,29.1,60.2,11.2,53.9,0.0,0.0,0.0
2026-04-17 05:04:55,28.8,60.2,0.0,53.9,0.0,0.0,0.0
2026-04-17 05:05:00,28.9,60.2,27.0,53.9,0.0,0.0,0.0
2026-04-17 05:05:05,28.9,60.1,20.4,53.9,0.0,0.0,0.0
2026-04-17 05:05:10,28.9,60.1,16.0,53.9,0.0,0.0,0.0
2026-04-17 05:05:15,29.1,60.1,29.1,53.9,0.0,0.0,0.0
2026-04-17 05:05:20,28.8,60.0,11.3,53.9,0.0,0.0,0.0
2026-04-17 05:05:25,28.9,60.1,4.1,53.9,0.0,0.0,0.0
2026-04-17 05:05:30,29.1,60.3,15.6,53.9,0.0,0.0,0.0
2026-04-17 05:05:35,29.1,60.3,4.1,53.9,0.0,0.0,0.0
2026-04-17 05:05:40,28.9,60.2,19.2,53.9,0.0,0.0,0.0
2026-04-17 05:05:45,28.9,60.2,23.4,53.9,0.0,0.0,0.0
2026-04-17 05:05:50,28.9,60.2,16.5,53.9,0.0,0.0,0.0
2026-04-17 05:05:55,28.9,60.2,1.4,53.9,0.0,0.0,0.0
2026-04-17 05:06:00,29.0,60.1,12.4,53.9,0.0,0.0,0.0
2026-04-17 05:06:05,29.0,60.1,14.6,53.9,0.0,0.0,0.0
2026-04-17 05:06:10,29.0,60.0,3.7,53.9,0.0,0.0,0.0
2026-04-17 05:06:15,28.9,60.0,20.0,53.9,0.0,0.0,0.0
2026-04-17 05:06:20,29.0,60.1,7.2,53.9,0.0,0.0,0.0
2026-04-17 05:06:25,28.9,60.1,29.1,53.9,0.0,0.0,0.0
2026-04-17 05:06:30,29.0,60.2,8.7,53.9,0.0,0.0,0.0
2026-04-17 05:06:35,29.0,60.2,26.5,53.9,0.0,0.0,0.0
2026-04-17 05:06:40,28.8,60.2,18.8,53.9,0.0,0.0,0.0
2026-04-17 05:06:45,29.0,60.3,5.6,53.9,0.0,0.0,0.0
2026-04-17 05:06:50,28.8,60.4,24.9,53.9,0.0,0.0,0.0
2026-04-17 05:06:55,29.0,60.2,11.5,53.9,0.0,0.0,0.0
2026-04-17 05:07:00,29.0,60.2,31.0,53.9,0.0,0.0,0.0
2026-04-17 05:07:05,29.0,60.2,30.3,53.9,0.0,0.0,0.0
2026-04-17 05:07:10,28.9,60.0,16.0,54.0,0.0,0.0,0.0
2026-04-17 05:07:15,28.9,60.1,0.0,54.0,0.0,0.0,0.0
2026-04-17 05:07:20,29.0,60.0,16.5,54.0,0.0,0.0,0.0
2026-04-17 05:07:25,29.0,60.0,9.0,54.0,0.0,0.0,0.0
2026-04-17 05:07:30,28.9,59.9,21.7,53.9,0.0,0.0,0.0
2026-04-17 05:07:35,28.9,59.8,11.6,53.9,0.0,0.0,0.0
2026-04-17 05:07:40,28.8,59.9,4.0,53.9,0.0,0.0,0.0
2026-04-17 05:07:45,28.8,59.9,23.0,53.9,0.0,0.0,0.0
2026-04-17 05:07:50,29.1,60.0,17.7,53.9,0.0,0.0,0.0
2026-04-17 05:07:55,29.0,60.1,9.2,53.9,0.0,0.0,0.0
2026-04-17 05:08:00,28.9,60.1,16.0,53.9,0.0,0.0,0.0
2026-04-17 05:08:05,28.9,59.9,29.7,53.9,0.0,0.0,0.0
2026-04-17 05:08:10,28.9,60.0,31.7,53.9,0.0,0.0,0.0
2026-04-17 05:08:15,29.0,60.1,0.0,53.9,0.0,0.0,0.0
2026-04-17 05:08:20,28.9,59.9,28.2,53.9,0.0,0.0,0.0
2026-04-17 05:08:25,29.0,60.1,18.1,53.9,0.0,0.0,0.0
2026-04-17 05:08:30,28.9,60.2,24.7,53.9,0.0,0.0,0.0
2026-04-17 05:08:35,29.0,60.1,15.5,53.9,0.0,0.0,0.0
2026-04-17 05:08:40,29.0,60.1,19.9,53.9,0.0,0.0,0.0
2026-04-17 05:08:45,29.0,60.3,11.5,53.9,0.0,0.0,0.0
2026-04-17 05:08:50,29.0,60.4,7.4,53.9,0.0,0.0,0.0
2026-04-17 05:08:55,29.1,60.5,4.1,53.9,0.0,0.0,0.0
2026-04-17 05:09:00,29.0,60.5,7.8,53.9,0.0,0.0,0.0
2026-04-17 05:09:05,28.9,60.6,22.2,53.9,0.0,0.0,0.0
2026-04-17 05:09:10,29.0,60.6,13.0,53.9,0.0,0.0,0.0
2026-04-17 05:09:15,28.9,60.4,14.8,53.9,0.0,0.0,0.0
2026-04-17 05:09:20,28.9,60.3,24.2,53.9,0.0,0.0,0.0
2026-04-17 05:09:25,29.0,60.4,28.6,53.9,0.0,0.0,0.0
2026-04-17 05:09:30,29.0,60.4,11.4,53.9,0.0,0.0,0.0
2026-04-17 05:09:35,29.0,60.4,20.6,53.9,0.0,0.0,0.0
2026-04-17 05:09:40,28.9,60.3,25.2,53.9,0.0,0.0,0.0
2026-04-17 05:09:45,29.0,60.3,0.0,53.9,0.0,0.0,0.0
2026-04-17 05:09:50,29.0,60.3,1.8,53.9,0.0,0.0,0.0
2026-04-17 05:09:55,29.0,60.4,2.2,53.9,0.0,0.0,0.0
2026-04-17 05:10:00,28.9,60.5,2.8,53.9,0.0,0.0,0.0
2026-04-17 05:10:05,29.0,60.5,24.3,53.9,0.0,0.0,0.0
2026-04-17 05:10:10,28.9,60.7,11.1,53.9,0.0,0.0,0.0
2026-04-17 05:10:15,29.0,60.6,8.4,53.9,0.0,0.0,0.0
2026-04-17 05:10:20,28.8,60.4,7.8,53.9,0.0,0.0,0.0
2026-04-17 05:10:25,28.9,60.4,11.7,53.9,0.0,0.0,0.0
2026-04-17 05:10:30,29.0,60.3,22.2,53.9,0.0,0.0,0.0
2026-04-17 05:10:35,29.0,60.2,22.2,53.9,0.0,0.0,0.0
2026-04-17 05:10:40,29.0,60.2,27.1,53.9,0.0,0.0,0.0
2026-04-17 05:10:45,28.9,60.3,10.5,53.9,0.0,0.0,0.0
2026-04-17 05:10:50,28.9,60.3,33.1,53.9,0.0,0.0,0.0
2026-04-17 05:10:55,29.1,60.3,1.8,53.9,0.0,0.0,0.0
2026-04-17 05:11:00,28.8,60.3,40.9,53.9,0.0,0.0,0.0
2026-04-17 05:11:05,29.0,60.3,37.6,53.9,0.0,0.0,0.0
2026-04-17 05:11:10,28.9,60.4,27.4,53.9,0.0,0.0,0.0
2026-04-17 05:11:15,28.9,60.4,8.6,53.9,0.0,0.0,0.0
2026-04-17 05:11:20,29.1,60.4,3.7,53.9,0.0,0.0,0.0
2026-04-17 05:11:25,28.9,60.5,24.7,53.9,0.0,0.0,0.0
2026-04-17 05:11:30,29.0,60.4,12.5,53.9,0.0,0.0,0.0
2026-04-17 05:11:35,29.0,60.4,10.7,53.9,0.0,0.0,0.0
2026-04-17 05:11:40,28.8,60.3,12.3,54.0,0.0,0.0,0.0
2026-04-17 05:11:45,28.9,60.3,33.8,54.0,0.0,0.0,0.0
2026-04-17 05:11:50,28.9,60.3,0.0,53.9,0.0,0.0,0.0
2026-04-17 05:11:55,28.9,60.4,3.8,53.9,0.0,0.0,0.0
2026-04-17 05:12:00,28.9,60.3,12.8,53.9,0.0,0.0,0.0
2026-04-17 05:12:05,28.9,60.3,24.6,53.9,0.0,0.0,0.0
2026-04-17 05:12:10,29.0,60.3,1.4,54.0,0.0,0.0,0.0
2026-04-17 05:12:15,29.1,60.3,17.2,54.0,0.0,0.0,0.0
2026-04-17 05:12:20,28.8,60.4,15.1,53.9,0.0,0.0,0.0
2026-04-17 05:12:25,28.8,60.4,22.3,53.9,0.0,0.0,0.0
2026-04-17 05:12:30,28.8,60.4,0.0,53.9,0.0,0.0,0.0
2026-04-17 05:12:35,29.0,60.3,0.0,53.9,0.0,0.0,0.0
2026-04-17 05:12:40,29.0,60.3,32.2,53.9,0.0,0.0,0.0
2026-04-17 05:12:45,29.1,60.4,0.0,53.9,0.0,0.0,0.0
2026-04-17 05:12:50,29.0,60.4,22.2,53.9,0.0,0.0,0.0
2026-04-17 05:12:55,29.0,60.3,29.5,53.9,0.0,0.0,0.0
2026-04-17 05:13:00,28.9,60.2,7.7,53.9,0.0,0.0,0.0
2026-04-17 05:13:05,29.0,60.3,0.0,53.9,0.0,0.0,0.0
2026-04-17 05:13:10,28.9,60.4,1.2,53.9,0.0,0.0,0.0
2026-04-17 05:13:15,29.1,60.3,2.5,53.9,0.0,0.0,0.0
2026-04-17 05:13:20,28.8,60.4,15.0,53.9,0.0,0.0,0.0
2026-04-17 05:13:25,28.9,60.5,3.6,53.9,0.0,0.0,0.0
2026-04-17 05:13:30,28.9,60.4,25.7,53.9,0.0,0.0,0.0
2026-04-17 05:13:35,28.9,60.6,0.0,53.9,0.0,0.0,0.0
2026-04-17 05:13:40,28.8,60.6,3.1,53.9,0.0,0.0,0.0
2026-04-17 05:13:45,28.9,60.6,25.6,53.9,0.0,0.0,0.0
2026-04-17 05:13:50,28.9,60.6,34.7,53.9,0.0,0.0,0.0
2026-04-17 05:13:55,28.9,60.6,18.7,53.9,0.0,0.0,0.0
2026-04-17 05:14:00,28.7,60.4,1.0,53.9,0.0,0.0,0.0
2026-04-17 05:14:05,28.9,60.6,14.1,53.9,0.0,0.0,0.0
2026-04-17 05:14:10,28.9,60.5,25.4,53.9,0.0,0.0,0.0
2026-04-17 05:14:15,29.0,60.5,33.4,53.9,0.0,0.0,0.0
2026-04-17 05:14:20,28.9,60.5,19.6,53.9,0.0,0.0,0.0
2026-04-17 05:14:25,28.9,60.7,5.5,53.9,0.0,0.0,0.0
2026-04-17 05:14:30,28.9,60.6,11.6,53.9,0.0,0.0,0.0
2026-04-17 05:14:35,28.9,60.5,14.5,53.9,0.0,0.0,0.0
2026-04-17 05:14:40,28.8,60.6,0.0,53.9,0.0,0.0,0.0
2026-04-17 05:14:45,28.9,60.5,23.3,53.9,0.0,0.0,0.0
2026-04-17 05:14:50,28.8,60.7,7.4,53.9,0.0,0.0,0.0
2026-04-17 05:14:55,28.8,60.6,15.4,53.9,0.0,0.0,0.0
2026-04-17 05:15:00,28.9,60.5,15.2,53.9,0.0,0.0,0.0
2026-04-17 05:15:05,28.9,60.4,13.2,53.9,0.0,0.0,0.0
2026-04-17 05:15:10,28.9,60.5,12.2,53.9,0.0,0.0,0.0
2026-04-17 05:15:15,28.7,60.6,20.5,53.9,0.0,0.0,0.0
2026-04-17 05:15:20,28.9,60.6,40.5,53.9,0.0,0.0,0.0
2026-04-17 05:15:25,28.9,60.8,11.5,53.9,0.0,0.0,0.0
2026-04-17 05:15:30,29.1,60.7,15.1,53.9,0.0,0.0,0.0
2026-04-17 05:15:35,29.0,60.6,23.9,53.9,0.0,0.0,0.0
2026-04-17 05:15:40,29.0,60.6,11.7,53.9,0.0,0.0,0.0
2026-04-17 05:15:45,28.8,60.6,16.0,53.9,0.0,0.0,0.0
2026-04-17 05:15:50,28.9,60.6,14.8,53.9,0.0,0.0,0.0
2026-04-17 05:15:55,28.8,60.6,12.3,53.9,0.0,0.0,0.0
2026-04-17 05:16:00,29.0,60.6,15.9,53.9,0.0,0.0,0.0
2026-04-17 05:16:05,29.0,60.6,5.7,53.9,0.0,0.0,0.0
2026-04-17 05:16:10,29.0,60.5,12.6,53.9,0.0,0.0,0.0
2026-04-17 05:16:15,29.0,60.7,0.0,53.9,0.0,0.0,0.0
2026-04-17 05:16:20,28.8,60.8,17.5,53.9,0.0,0.0,0.0
2026-04-17 05:16:25,28.9,60.7,16.4,53.9,0.0,0.0,0.0
2026-04-17 05:16:30,28.9,60.7,14.1,53.9,0.0,0.0,0.0
2026-04-17 05:16:35,29.0,60.6,30.5,53.9,0.0,0.0,0.0
2026-04-17 05:16:40,28.9,60.6,24.0,53.9,0.0,0.0,0.0
2026-04-17 05:16:45,29.0,60.8,15.5,53.9,0.0,0.0,0.0
2026-04-17 05:16:50,28.9,60.9,33.1,53.9,0.0,0.0,0.0
2026-04-17 05:16:55,28.9,60.7,10.5,53.8,0.0,0.0,0.0
2026-04-17 05:17:00,29.1,60.7,14.0,53.8,0.0,0.0,0.0
2026-04-17 05:17:05,28.9,60.8,16.6,53.8,0.0,0.0,0.0
2026-04-17 05:17:10,29.1,60.7,6.9,53.8,0.0,0.0,0.0
2026-04-17 05:17:15,29.0,60.7,13.1,53.9,0.0,0.0,0.0
2026-04-17 05:17:20,29.1,60.7,11.9,53.9,0.0,0.0,0.0
2026-04-17 05:17:25,29.0,60.8,0.0,53.9,0.0,0.0,0.0
2026-04-17 05:17:30,28.9,60.9,16.2,53.9,0.0,0.0,0.0
2026-04-17 05:17:35,29.0,61.0,29.4,53.9,0.0,0.0,0.0
2026-04-17 05:17:40,29.0,61.0,12.7,53.9,0.0,0.0,0.0
2026-04-17 05:17:45,29.0,61.0,17.0,53.9,0.0,0.0,0.0
2026-04-17 05:17:50,28.9,61.0,12.6,53.9,0.0,0.0,0.0
2026-04-17 05:17:55,28.9,61.0,9.5,53.8,0.0,0.0,0.0
2026-04-17 05:18:00,28.9,61.0,22.1,53.8,0.0,0.0,0.0
2026-04-17 05:18:05,28.7,61.1,3.5,53.8,0.0,0.0,0.0
2026-04-17 05:18:10,28.9,61.2,8.4,53.8,0.0,0.0,0.0
2026-04-17 05:18:15,28.9,61.2,18.5,53.8,0.0,0.0,0.0
2026-04-17 05:18:20,28.9,61.2,27.2,53.8,0.0,0.0,0.0
2026-04-17 05:18:25,28.9,61.1,20.1,53.9,0.0,0.0,0.0
2026-04-17 05:18:30,29.0,60.9,19.4,53.9,0.0,0.0,0.0
2026-04-17 05:18:35,28.8,60.9,25.1,53.9,0.0,0.0,0.0
2026-04-17 05:18:40,28.9,60.9,1.0,53.9,0.0,0.0,0.0
2026-04-17 05:18:45,28.9,60.8,14.4,53.9,0.0,0.0,0.0
2026-04-17 05:18:50,29.0,60.7,21.1,53.9,0.0,0.0,0.0
2026-04-17 05:18:55,28.9,60.6,15.9,53.9,0.0,0.0,0.0
2026-04-17 05:19:00,29.0,60.6,22.7,53.9,0.0,0.0,0.0
2026-04-17 05:19:05,28.9,60.7,2.4,53.9,0.0,0.0,0.0
2026-04-17 05:19:10,29.0,60.7,11.7,53.9,0.0,0.0,0.0
2026-04-17 05:19:15,29.0,60.6,3.5,53.9,0.0,0.0,0.0
2026-04-17 05:19:20,29.0,60.7,12.4,53.9,0.0,0.0,0.0
2026-04-17 05:19:25,29.0,60.8,17.5,53.9,0.0,0.0,0.0
2026-04-17 05:19:30,29.0,60.7,2.7,53.9,0.0,0.0,0.0
2026-04-17 05:19:35,29.0,60.7,12.7,53.9,0.0,0.0,0.0
2026-04-17 05:19:40,28.8,60.6,5.0,53.9,0.0,0.0,0.0
2026-04-17 05:19:45,29.0,60.7,11.8,53.9,0.0,0.0,0.0
2026-04-17 05:19:50,29.1,60.5,2.5,53.9,0.0,0.0,0.0
2026-04-17 05:19:55,29.1,60.3,2.0,53.9,0.0,0.0,0.0
2026-04-17 05:20:00,29.0,60.4,22.3,53.9,0.0,0.0,0.0
2026-04-17 05:20:05,28.9,60.5,26.4,53.9,0.0,0.0,0.0
2026-04-17 05:20:10,29.0,60.6,30.9,53.9,0.0,0.0,0.0
2026-04-17 05:20:15,29.0,60.6,1.3,53.9,0.0,0.0,0.0
2026-04-17 05:20:20,28.9,60.7,15.3,53.9,0.0,0.0,0.0
2026-04-17 05:20:25,29.1,60.7,15.3,53.9,0.0,0.0,0.0
2026-04-17 05:20:30,28.9,60.6,20.8,53.9,0.0,0.0,0.0
2026-04-17 05:20:35,29.0,60.7,23.9,53.9,0.0,0.0,0.0
2026-04-17 05:20:40,29.0,60.8,6.1,53.9,0.0,0.0,0.0
2026-04-17 05:20:45,28.9,60.9,1.7,53.9,0.0,0.0,0.0
2026-04-17 05:20:50,29.0,60.9,19.4,53.9,0.0,0.0,0.0
2026-04-17 05:20:55,29.0,60.8,4.0,53.9,0.0,0.0,0.0
2026-04-17 05:21:00,29.0,60.8,6.6,53.9,0.0,0.0,0.0
2026-04-17 05:21:05,29.1,60.7,31.7,53.9,0.0,0.0,0.0
2026-04-17 05:21:10,29.1,60.8,20.1,53.9,0.0,0.0,0.0
2026-04-17 05:21:15,28.9,60.9,20.9,53.9,0.0,0.0,0.0
2026-04-17 05:21:20,29.0,60.9,23.9,53.9,0.0,0.0,0.0
2026-04-17 05:21:25,29.1,61.0,1.7,53.9,0.0,0.0,0.0
2026-04-17 05:21:30,29.0,61.0,12.3,53.9,0.0,0.0,0.0
2026-04-17 05:21:35,28.8,61.0,19.8,53.8,0.0,0.0,0.0
2026-04-17 05:21:40,29.1,60.9,15.6,53.8,0.0,0.0,0.0
2026-04-17 05:21:45,29.0,61.0,24.0,53.9,0.0,0.0,0.0
2026-04-17 05:21:50,29.1,61.1,17.4,53.9,0.0,0.0,0.0
2026-04-17 05:21:55,28.9,61.0,0.6,53.9,0.0,0.0,0.0
2026-04-17 05:22:00,29.1,60.9,26.1,53.9,0.0,0.0,0.0
2026-04-17 05:22:05,29.0,60.8,13.2,53.9,0.0,0.0,0.0
2026-04-17 05:22:10,29.1,60.9,15.8,53.9,0.0,0.0,0.0
2026-04-17 05:22:15,29.1,60.9,11.0,53.9,0.0,0.0,0.0
2026-04-17 05:22:20,29.0,60.9,33.1,53.8,0.0,0.0,0.0
2026-04-17 05:22:25,29.1,61.0,25.7,53.8,0.0,0.0,0.0
2026-04-17 05:22:30,29.0,60.9,23.1,53.9,0.0,0.0,0.0
2026-04-17 05:22:35,29.0,61.0,25.0,53.9,0.0,0.0,0.0
2026-04-17 05:22:40,29.2,61.0,8.4,53.9,0.0,0.0,0.0
2026-04-17 05:22:45,28.9,60.8,0.2,53.8,0.0,0.0,0.0
2026-04-17 05:22:50,29.0,60.8,26.8,53.8,0.0,0.0,0.0
2026-04-17 05:22:55,29.0,60.8,25.3,53.8,0.0,0.0,0.0
2026-04-17 05:23:00,29.0,60.9,0.0,53.8,0.0,0.0,0.0
2026-04-17 05:23:05,29.0,60.8,0.0,53.9,0.0,0.0,0.0
2026-04-17 05:23:10,28.9,60.8,3.8,53.9,0.0,0.0,0.0
2026-04-17 05:23:15,29.1,60.9,3.6,53.9,0.0,0.0,0.0
2026-04-17 05:23:20,29.0,61.0,13.0,53.9,0.0,0.0,0.0
2026-04-17 05:23:25,29.1,60.9,8.1,53.9,0.0,0.0,0.0
2026-04-17 05:23:30,29.0,60.9,7.6,53.9,0.0,0.0,0.0
2026-04-17 05:23:35,29.0,61.0,9.6,53.9,0.0,0.0,0.0
2026-04-17 05:23:40,29.0,61.1,24.8,53.9,0.0,0.0,0.0
2026-04-17 05:23:45,29.0,61.1,10.0,53.9,0.0,0.0,0.0
2026-04-17 05:23:50,29.0,61.1,23.3,53.9,0.0,0.0,0.0
2026-04-17 05:23:55,29.1,61.3,17.8,53.9,0.0,0.0,0.0
2026-04-17 05:24:00,29.1,61.3,10.2,53.9,0.0,0.0,0.0
2026-04-17 05:24:05,29.0,61.3,22.9,53.9,0.0,0.0,0.0
2026-04-17 05:24:10,29.1,61.2,5.1,53.9,0.0,0.0,0.0
2026-04-17 05:24:15,28.9,61.2,0.9,53.9,0.0,0.0,0.0
2026-04-17 05:24:20,29.0,61.3,7.8,53.9,0.0,0.0,0.0
2026-04-17 05:24:25,29.0,61.2,4.4,53.9,0.0,0.0,0.0
2026-04-17 05:24:30,29.0,61.5,25.0,53.9,0.0,0.0,0.0
2026-04-17 05:24:35,29.0,61.5,26.6,53.9,0.0,0.0,0.0
2026-04-17 05:24:40,29.2,61.6,0.0,53.9,0.0,0.0,0.0
2026-04-17 05:24:45,29.0,61.7,10.5,53.9,0.0,0.0,0.0
2026-04-17 05:24:50,29.1,61.6,7.9,53.9,0.0,0.0,0.0
2026-04-17 05:24:55,29.1,61.6,34.0,53.9,0.0,0.0,0.0
2026-04-17 05:25:00,29.0,61.6,10.8,53.9,0.0,0.0,0.0
2026-04-17 05:25:05,29.0,61.5,38.4,53.9,0.0,0.0,0.0
2026-04-17 05:25:10,29.1,61.6,14.1,53.9,0.0,0.0,0.0
2026-04-17 05:25:15,29.1,61.5,0.0,53.9,0.0,0.0,0.0
2026-04-17 05:25:20,29.1,61.6,10.7,53.8,0.0,0.0,0.0
2026-04-17 05:25:25,29.1,61.4,27.4,53.8,0.0,0.0,0.0
2026-04-17 05:25:30,29.0,61.4,7.7,53.9,0.0,0.0,0.0
2026-04-17 05:25:35,29.1,61.3,18.8,53.9,0.0,0.0,0.0
2026-04-17 05:25:40,29.1,61.3,9.6,53.9,0.0,0.0,0.0
2026-04-17 05:25:45,29.0,61.2,25.3,53.9,0.0,0.0,0.0
2026-04-17 05:25:50,29.0,61.2,17.2,53.9,0.0,0.0,0.0
2026-04-17 05:25:55,28.9,61.2,10.5,53.9,0.0,0.0,0.0
2026-04-17 05:26:00,29.1,61.2,23.5,53.9,0.0,0.0,0.0
2026-04-17 05:26:05,28.9,61.1,20.0,53.9,0.0,0.0,0.0
2026-04-17 05:26:10,29.0,61.0,24.6,53.9,0.0,0.0,0.0
2026-04-17 05:26:15,29.0,61.2,25.6,53.9,0.0,0.0,0.0
2026-04-17 05:26:20,29.1,61.1,30.1,53.9,0.0,0.0,0.0
2026-04-17 05:26:25,29.0,61.0,0.0,53.9,0.0,0.0,0.0
2026-04-17 05:26:30,29.0,60.9,15.7,53.9,0.0,0.0,0.0
2026-04-17 05:26:35,29.1,60.8,5.2,53.9,0.0,0.0,0.0
2026-04-17 05:26:40,28.9,60.7,3.8,53.9,0.0,0.0,0.0
2026-04-17 05:26:45,28.9,60.6,34.4,53.9,0.0,0.0,0.0
2026-04-17 05:26:50,29.2,60.5,7.2,53.9,0.0,0.0,0.0
2026-04-17 05:26:55,28.9,60.6,0.0,53.9,0.0,0.0,0.0
2026-04-17 05:27:00,29.0,60.6,9.6,53.9,0.0,0.0,0.0
2026-04-17 05:27:05,28.9,60.8,8.7,53.9,0.0,0.0,0.0
2026-04-17 05:27:10,29.0,60.7,21.9,53.9,0.0,0.0,0.0
2026-04-17 05:27:15,29.0,60.8,0.0,53.9,0.0,0.0,0.0
2026-04-17 05:27:20,29.0,60.9,7.0,53.9,0.0,0.0,0.0
2026-04-17 05:27:25,29.0,61.0,6.6,53.9,0.0,0.0,0.0
2026-04-17 05:27:30,29.0,61.0,23.4,53.9,0.0,0.0,0.0
2026-04-17 05:27:35,29.1,61.0,21.2,53.9,0.0,0.0,0.0
2026-04-17 05:27:40,29.1,60.9,6.8,53.9,0.0,0.0,0.0
2026-04-17 05:27:45,29.1,60.8,0.0,53.9,0.0,0.0,0.0
2026-04-17 05:27:50,28.9,60.9,12.6,53.9,0.0,0.0,0.0
2026-04-17 05:27:55,29.2,60.8,17.5,53.9,0.0,0.0,0.0
2026-04-17 05:28:00,29.1,60.9,5.0,53.9,0.0,0.0,0.0
2026-04-17 05:28:05,28.9,60.9,0.0,53.9,0.0,0.0,0.0
2026-04-17 05:28:10,29.1,60.9,29.2,53.9,0.0,0.0,0.0
2026-04-17 05:28:15,29.0,60.8,14.2,53.9,0.0,0.0,0.0
2026-04-17 05:28:20,29.1,60.8,8.1,53.9,0.0,0.0,0.0
2026-04-17 05:28:25,29.0,60.7,7.8,53.9,0.0,0.0,0.0
2026-04-17 05:28:30,28.9,60.7,22.7,53.9,0.0,0.0,0.0
2026-04-17 05:28:35,28.9,60.8,11.7,53.9,0.0,0.0,0.0
2026-04-17 05:28:40,29.0,60.8,0.0,53.9,0.0,0.0,0.0
2026-04-17 05:28:45,29.0,60.8,20.8,53.9,0.0,0.0,0.0
2026-04-17 05:28:50,29.0,60.7,0.0,53.9,0.0,0.0,0.0
2026-04-17 05:28:55,29.0,60.8,0.0,53.9,0.0,0.0,0.0
2026-04-17 05:29:00,28.9,60.7,12.4,53.9,0.0,0.0,0.0
2026-04-17 05:29:05,29.0,60.8,10.1,53.9,0.0,0.0,0.0
2026-04-17 05:29:10,28.9,60.6,15.8,53.9,0.0,0.0,0.0
2026-04-17 05:29:15,29.0,60.7,5.8,53.9,0.0,0.0,0.0
2026-04-17 05:29:20,28.8,60.7,6.1,53.9,0.0,0.0,0.0
2026-04-17 05:29:25,29.0,60.8,14.6,53.9,0.0,0.0,0.0
2026-04-17 05:29:30,28.9,60.7,13.5,53.9,0.0,0.0,0.0
2026-04-17 05:29:35,29.0,60.6,16.2,53.9,0.0,0.0,0.0
2026-04-17 05:29:40,29.1,60.7,0.5,53.9,0.0,0.0,0.0
2026-04-17 05:29:45,28.9,60.7,8.8,53.9,0.0,0.0,0.0
2026-04-17 05:29:50,29.0,60.8,21.1,53.9,0.0,0.0,0.0
2026-04-17 05:29:55,28.8,60.9,27.1,53.9,0.0,0.0,0.0
2026-04-17 05:30:00,29.1,61.0,0.0,53.9,0.0,0.0,0.0
2026-04-17 05:30:05,29.0,61.1,13.8,53.9,0.0,0.0,0.0
2026-04-17 05:30:10,28.9,61.1,11.2,53.9,0.0,0.0,0.0
2026-04-17 05:30:15,29.0,61.1,0.0,53.9,0.0,0.0,0.0
2026-04-17 05:30:20,29.1,61.1,11.8,53.9,0.0,0.0,0.0
2026-04-17 05:30:25,29.1,60.9,22.7,53.9,0.0,0.0,0.0
2026-04-17 05:30:30,28.9,60.8,6.7,53.9,0.0,0.0,0.0
2026-04-17 05:30:35,29.1,60.7,15.0,53.9,0.0,0.0,0.0
2026-04-17 05:30:40,29.0,60.7,0.0,53.9,0.0,0.0,0.0
2026-04-17 05:30:45,28.9,60.8,32.0,53.9,0.0,0.0,0.0
2026-04-17 05:30:50,29.0,60.8,18.7,53.9,0.0,0.0,0.0
2026-04-17 05:30:55,29.0,60.8,12.5,53.9,0.0,0.0,0.0
2026-04-17 05:31:00,29.2,60.7,16.6,53.9,0.0,0.0,0.0
2026-04-17 05:31:05,29.0,60.8,27.8,53.9,0.0,0.0,0.0
2026-04-17 05:31:10,29.0,60.7,7.5,53.9,0.0,0.0,0.0
2026-04-17 05:31:15,29.0,60.7,3.7,53.9,0.0,0.0,0.0
2026-04-17 05:31:20,29.0,60.7,5.7,53.9,0.0,0.0,0.0
2026-04-17 05:31:25,28.9,60.6,0.0,53.9,0.0,0.0,0.0
2026-04-17 05:31:30,29.0,60.6,15.2,53.9,0.0,0.0,0.0
2026-04-17 05:31:35,29.1,60.7,0.2,53.9,0.0,0.0,0.0
2026-04-17 05:31:40,29.0,60.7,23.4,53.9,0.0,0.0,0.0
2026-04-17 05:31:45,28.9,60.8,22.2,53.9,0.0,0.0,0.0
2026-04-17 05:31:50,29.0,60.9,6.2,53.9,0.0,0.0,0.0
2026-04-17 05:31:55,29.0,61.0,21.0,53.9,0.0,0.0,0.0
2026-04-17 05:32:00,28.8,61.0,8.8,53.9,0.0,0.0,0.0
2026-04-17 05:32:05,28.9,61.1,0.0,53.9,0.0,0.0,0.0
2026-04-17 05:32:10,28.9,61.1,4.4,53.9,0.0,0.0,0.0
2026-04-17 05:32:15,29.0,61.1,21.4,53.9,0.0,0.0,0.0
2026-04-17 05:32:20,28.9,61.1,6.6,53.9,0.0,0.0,0.0
2026-04-17 05:32:25,29.0,60.9,28.5,53.9,0.0,0.0,0.0
2026-04-17 05:32:30,29.0,61.1,17.4,53.9,0.0,0.0,0.0
2026-04-17 05:32:35,28.9,61.0,2.0,53.9,0.0,0.0,0.0
2026-04-17 05:32:40,29.1,60.9,3.7,53.9,0.0,0.0,0.0
2026-04-17 05:32:45,28.8,60.8,12.2,53.9,0.0,0.0,0.0
2026-04-17 05:32:50,29.0,60.8,2.0,53.9,0.0,0.0,0.0
2026-04-17 05:32:55,28.9,60.7,9.2,53.9,0.0,0.0,0.0
2026-04-17 05:33:00,29.0,60.7,36.5,53.9,0.0,0.0,0.0
2026-04-17 05:33:05,29.0,60.7,15.9,53.9,0.0,0.0,0.0
2026-04-17 05:33:10,29.0,60.7,33.6,53.9,0.0,0.0,0.0
2026-04-17 05:33:15,29.2,60.8,34.1,53.9,0.0,0.0,0.0
2026-04-17 05:33:20,28.9,60.8,9.6,53.9,0.0,0.0,0.0
2026-04-17 05:33:25,29.1,60.8,8.8,53.9,0.0,0.0,0.0
2026-04-17 05:33:30,28.9,60.9,17.2,53.9,0.0,0.0,0.0
2026-04-17 05:33:35,29.0,60.8,12.0,53.9,0.0,0.0,0.0
2026-04-17 05:33:40,29.1,60.8,7.3,53.9,0.0,0.0,0.0
2026-04-17 05:33:45,29.0,60.9,0.0,53.9,0.0,0.0,0.0
2026-04-17 05:33:50,29.0,60.9,31.9,53.9,0.0,0.0,0.0
2026-04-17 05:33:55,29.1,60.8,21.7,53.9,0.0,0.0,0.0
2026-04-17 05:34:00,28.9,60.8,2.3,53.9,0.0,0.0,0.0
2026-04-17 05:34:05,28.9,60.6,0.0,53.9,0.0,0.0,0.0
2026-04-17 05:34:10,29.0,60.6,20.9,53.9,0.0,0.0,0.0
2026-04-17 05:34:15,28.9,60.7,26.7,53.9,0.0,0.0,0.0
2026-04-17 05:34:20,29.0,60.7,0.0,53.9,0.0,0.0,0.0
2026-04-17 05:34:25,29.1,60.7,14.1,53.9,0.0,0.0,0.0
2026-04-17 05:34:30,28.9,60.8,17.5,53.9,0.0,0.0,0.0
2026-04-17 05:34:35,28.9,60.8,7.3,53.9,0.0,0.0,0.0
2026-04-17 05:34:40,29.0,60.7,23.8,53.9,0.0,0.0,0.0
2026-04-17 05:34:45,28.9,60.7,32.3,53.9,0.0,0.0,0.0
2026-04-17 05:34:50,29.1,60.6,8.0,53.9,0.0,0.0,0.0
2026-04-17 05:34:55,28.9,60.6,1.0,53.9,0.0,0.0,0.0
2026-04-17 05:35:00,29.0,60.6,27.2,53.9,0.0,0.0,0.0
2026-04-17 05:35:05,29.0,60.5,5.0,53.9,0.0,0.0,0.0
2026-04-17 05:35:10,29.1,60.4,15.4,53.9,0.0,0.0,0.0
2026-04-17 05:35:15,28.9,60.4,18.9,53.9,0.0,0.0,0.0
2026-04-17 05:35:20,29.0,60.5,13.8,53.9,0.0,0.0,0.0
2026-04-17 05:35:25,29.1,60.4,0.0,53.9,0.0,0.0,0.0
2026-04-17 05:35:30,29.0,60.4,31.5,53.9,0.0,0.0,0.0
2026-04-17 05:35:35,28.9,60.4,8.6,53.9,0.0,0.0,0.0
2026-04-17 05:35:40,28.9,60.5,22.8,53.9,0.0,0.0,0.0
2026-04-17 05:35:45,29.0,60.6,19.8,54.0,0.0,0.0,0.0
2026-04-17 05:35:50,28.9,60.6,4.2,54.0,0.0,0.0,0.0
2026-04-17 05:35:55,29.0,60.6,12.7,53.9,0.0,0.0,0.0
2026-04-17 05:36:00,29.1,60.4,21.1,53.9,0.0,0.0,0.0
2026-04-17 05:36:05,29.0,60.5,19.6,53.9,0.0,0.0,0.0
2026-04-17 05:36:10,28.9,60.5,12.9,54.0,0.0,0.0,0.0
2026-04-17 05:36:15,29.0,60.5,16.7,54.0,0.0,0.0,0.0
2026-04-17 05:36:20,28.9,60.5,21.7,53.9,0.0,0.0,0.0
2026-04-17 05:36:25,29.1,60.4,11.4,53.9,0.0,0.0,0.0
2026-04-17 05:36:30,29.1,60.3,34.1,53.9,0.0,0.0,0.0
2026-04-17 05:36:35,28.9,60.3,9.0,53.9,0.0,0.0,0.0
2026-04-17 05:36:40,29.0,60.4,16.5,53.9,0.0,0.0,0.0
2026-04-17 05:36:45,29.1,60.5,38.6,53.9,0.0,0.0,0.0
2026-04-17 05:36:50,29.1,60.4,9.2,53.9,0.0,0.0,0.0
2026-04-17 05:36:55,29.1,60.4,33.9,53.9,0.0,0.0,0.0
2026-04-17 05:37:00,29.0,60.5,2.7,53.9,0.0,0.0,0.0
2026-04-17 05:37:05,29.1,60.5,47.2,53.9,0.0,0.0,0.0
2026-04-17 05:37:10,29.0,60.5,34.8,53.9,0.0,0.0,0.0
2026-04-17 05:37:15,29.0,60.5,16.3,53.9,0.0,0.0,0.0
2026-04-17 05:37:20,29.0,60.5,16.5,53.9,0.0,0.0,0.0
2026-04-17 05:37:25,29.0,60.5,24.5,53.9,0.0,0.0,0.0
2026-04-17 05:37:30,28.9,60.7,10.1,53.9,0.0,0.0,0.0
2026-04-17 05:37:35,29.0,60.8,10.9,53.9,0.0,0.0,0.0
2026-04-17 05:37:40,29.0,60.7,9.1,53.9,0.0,0.0,0.0
2026-04-17 05:37:45,28.8,60.8,14.6,53.9,0.0,0.0,0.0
2026-04-17 05:37:50,28.9,60.8,12.1,53.9,0.0,0.0,0.0
2026-04-17 05:37:55,29.1,60.8,24.6,53.9,0.0,0.0,0.0
2026-04-17 05:38:00,28.9,60.9,3.8,53.9,0.0,0.0,0.0
2026-04-17 05:38:05,29.1,60.8,21.4,54.0,0.0,0.0,0.0
2026-04-17 05:38:10,29.1,60.8,13.3,54.0,0.0,0.0,0.0
2026-04-17 05:38:15,29.1,60.7,22.4,53.9,0.0,0.0,0.0
2026-04-17 05:38:20,29.0,60.7,2.6,53.9,0.0,0.0,0.0
2026-04-17 05:38:25,29.0,60.8,25.8,53.9,0.0,0.0,0.0
2026-04-17 05:38:30,29.0,60.7,10.8,53.9,0.0,0.0,0.0
2026-04-17 05:38:35,28.9,60.7,35.4,53.9,0.0,0.0,0.0
2026-04-17 05:38:40,29.1,60.7,12.5,53.9,0.0,0.0,0.0
2026-04-17 05:38:45,29.0,60.8,9.8,53.9,0.0,0.0,0.0
2026-04-17 05:38:50,29.1,60.7,0.0,53.9,0.0,0.0,0.0
2026-04-17 05:38:55,28.8,60.6,9.1,53.9,0.0,0.0,0.0
2026-04-17 05:39:00,29.0,60.7,14.7,53.9,0.0,0.0,0.0
2026-04-17 05:39:05,29.0,60.8,24.1,54.0,0.0,0.0,0.0
2026-04-17 05:39:10,28.9,60.9,8.4,54.0,0.0,0.0,0.0
2026-04-17 05:39:15,28.9,60.9,15.3,54.0,0.0,0.0,0.0
2026-04-17 05:39:20,29.2,60.9,20.2,53.9,0.0,0.0,0.0
2026-04-17 05:39:25,28.9,61.0,13.7,53.9,0.0,0.0,0.0
2026-04-17 05:39:30,29.0,60.9,22.9,53.9,0.0,0.0,0.0
2026-04-17 05:39:35,29.0,60.9,0.0,53.9,0.0,0.0,0.0
2026-04-17 05:39:40,29.0,60.8,18.2,53.9,0.0,0.0,0.0
2026-04-17 05:39:45,29.0,60.7,4.9,53.9,0.0,0.0,0.0
2026-04-17 05:39:50,29.0,60.7,32.6,53.9,0.0,0.0,0.0
2026-04-17 05:39:55,28.9,60.6,29.5,53.9,0.0,0.0,0.0
2026-04-17 05:40:00,29.0,60.9,14.7,53.9,0.0,0.0,0.0
2026-04-17 05:40:05,29.1,60.8,0.7,53.9,0.0,0.0,0.0
2026-04-17 05:40:10,28.9,60.9,25.2,53.9,0.0,0.0,0.0
2026-04-17 05:40:15,29.0,60.9,31.8,53.9,0.0,0.0,0.0
2026-04-17 05:40:20,28.9,60.8,16.8,53.9,0.0,0.0,0.0
2026-04-17 05:40:25,29.0,60.8,18.3,54.0,0.0,0.0,0.0
2026-04-17 05:40:30,29.1,60.8,14.2,54.0,0.0,0.0,0.0
2026-04-17 05:40:35,29.1,60.7,23.2,54.0,0.0,0.0,0.0
2026-04-17 05:40:40,29.0,60.6,9.0,54.0,0.0,0.0,0.0
2026-04-17 05:40:45,28.8,60.4,5.1,53.9,0.0,0.0,0.0
2026-04-17 05:40:50,28.9,60.4,12.3,53.9,0.0,0.0,0.0
2026-04-17 05:40:55,29.0,60.3,26.2,53.9,0.0,0.0,0.0
2026-04-17 05:41:00,28.9,60.5,10.5,53.9,0.0,0.0,0.0
2026-04-17 05:41:05,28.9,60.5,14.0,53.9,0.0,0.0,0.0
2026-04-17 05:41:10,28.9,60.6,0.7,53.9,0.0,0.0,0.0
2026-04-17 05:41:15,29.0,60.5,21.4,53.9,0.0,0.0,0.0
2026-04-17 05:41:20,29.1,60.5,3.0,53.9,0.0,0.0,0.0
2026-04-17 05:41:25,28.8,60.5,23.4,53.9,0.0,0.0,0.0
2026-04-17 05:41:30,28.9,60.5,20.7,53.9,0.0,0.0,0.0
2026-04-17 05:41:35,28.9,60.5,18.0,53.9,0.0,0.0,0.0
2026-04-17 05:41:40,28.8,60.5,6.7,53.9,0.0,0.0,0.0
2026-04-17 05:41:45,28.9,60.5,19.8,53.9,0.0,0.0,0.0
2026-04-17 05:41:50,28.9,60.6,0.6,53.9,0.0,0.0,0.0
2026-04-17 05:41:55,28.9,60.5,7.5,53.9,0.0,0.0,0.0
2026-04-17 05:42:00,28.9,60.4,2.5,53.9,0.0,0.0,0.0
2026-04-17 05:42:05,28.9,60.4,21.0,53.9,0.0,0.0,0.0
2026-04-17 05:42:10,29.0,60.3,4.3,53.9,0.0,0.0,0.0
2026-04-17 05:42:15,28.9,60.2,14.6,53.9,0.0,0.0,0.0
2026-04-17 05:42:20,28.9,60.2,2.0,53.9,0.0,0.0,0.0
2026-04-17 05:42:25,28.9,60.3,17.5,53.9,0.0,0.0,0.0
2026-04-17 05:42:30,28.9,60.2,5.8,53.9,0.0,0.0,0.0
2026-04-17 05:42:35,29.0,60.1,12.1,53.9,0.0,0.0,0.0
2026-04-17 05:42:40,29.0,60.2,23.9,53.9,0.0,0.0,0.0
2026-04-17 05:42:45,28.8,60.3,23.8,53.9,0.0,0.0,0.0
2026-04-17 05:42:50,29.1,60.2,12.1,53.9,0.0,0.0,0.0
2026-04-17 05:42:55,28.9,60.3,6.2,53.9,0.0,0.0,0.0
2026-04-17 05:43:00,28.9,60.3,0.0,53.9,0.0,0.0,0.0
2026-04-17 05:43:05,28.8,60.4,22.3,53.9,0.0,0.0,0.0
2026-04-17 05:43:10,28.8,60.4,29.3,53.9,0.0,0.0,0.0
2026-04-17 05:43:15,29.0,60.4,13.1,53.9,0.0,0.0,0.0
2026-04-17 05:43:20,29.0,60.5,20.2,53.9,0.0,0.0,0.0
2026-04-17 05:43:25,29.0,60.5,13.3,53.9,0.0,0.0,0.0
2026-04-17 05:43:30,29.1,60.5,14.2,53.9,0.0,0.0,0.0
2026-04-17 05:43:35,28.9,60.5,12.4,53.9,0.0,0.0,0.0
2026-04-17 05:43:40,29.0,60.4,0.0,53.9,0.0,0.0,0.0
2026-04-17 05:43:45,29.0,60.4,20.1,53.9,0.0,0.0,0.0
2026-04-17 05:43:50,29.0,60.5,12.3,53.9,0.0,0.0,0.0
2026-04-17 05:43:55,29.0,60.5,11.8,53.9,0.0,0.0,0.0
2026-04-17 05:44:00,29.2,60.7,10.1,53.9,0.0,0.0,0.0
2026-04-17 05:44:05,29.0,60.7,30.9,53.9,0.0,0.0,0.0
2026-04-17 05:44:10,28.9,60.8,12.4,53.9,0.0,0.0,0.0
2026-04-17 05:44:15,29.0,60.7,3.9,53.9,0.0,0.0,0.0
2026-04-17 05:44:20,28.9,60.7,24.6,53.9,0.0,0.0,0.0
2026-04-17 05:44:25,29.0,60.9,9.0,53.9,0.0,0.0,0.0
2026-04-17 05:44:30,29.0,61.0,3.8,53.9,0.0,0.0,0.0
2026-04-17 05:44:35,29.1,60.9,16.4,53.9,0.0,0.0,0.0
2026-04-17 05:44:40,29.0,60.9,0.0,53.9,0.0,0.0,0.0
2026-04-17 05:44:45,29.0,61.0,15.4,53.9,0.0,0.0,0.0
2026-04-17 05:44:50,28.8,61.0,22.9,53.9,0.0,0.0,0.0
2026-04-17 05:44:55,29.2,61.1,20.2,53.9,0.0,0.0,0.0
2026-04-17 05:45:00,28.9,61.1,12.3,53.9,0.0,0.0,0.0
2026-04-17 05:45:05,29.0,61.1,19.9,53.9,0.0,0.0,0.0
2026-04-17 05:45:10,29.0,61.1,19.3,53.9,0.0,0.0,0.0
2026-04-17 05:45:15,29.1,61.2,3.7,53.9,0.0,0.0,0.0
2026-04-17 05:45:20,29.0,61.2,2.4,53.9,0.0,0.0,0.0
2026-04-17 05:45:25,29.0,61.0,23.5,53.9,0.0,0.0,0.0
2026-04-17 05:45:30,28.9,61.1,10.0,53.9,0.0,0.0,0.0
2026-04-17 05:45:35,29.0,61.2,25.5,53.9,0.0,0.0,0.0
2026-04-17 05:45:40,29.1,61.1,0.0,53.9,0.0,0.0,0.0
2026-04-17 05:45:45,29.0,61.1,18.4,53.9,0.0,0.0,0.0
2026-04-17 05:45:50,29.0,61.0,1.7,53.9,0.0,0.0,0.0
2026-04-17 05:45:55,29.0,61.0,20.7,53.9,0.0,0.0,0.0
2026-04-17 05:46:00,29.1,61.0,21.7,53.9,0.0,0.0,0.0
2026-04-17 05:46:05,29.0,61.0,9.6,53.9,0.0,0.0,0.0
2026-04-17 05:46:10,28.9,61.1,0.0,53.9,0.0,0.0,0.0
2026-04-17 05:46:15,28.8,61.1,24.1,53.9,0.0,0.0,0.0
2026-04-17 05:46:20,29.0,61.0,13.0,53.9,0.0,0.0,0.0
2026-04-17 05:46:25,28.9,61.0,37.3,53.9,0.0,0.0,0.0
2026-04-17 05:46:30,28.9,61.0,15.9,53.9,0.0,0.0,0.0
2026-04-17 05:46:35,29.2,61.0,0.0,53.9,0.0,0.0,0.0
2026-04-17 05:46:40,29.0,61.2,14.7,53.9,0.0,0.0,0.0
2026-04-17 05:46:45,29.0,61.2,18.5,53.9,0.0,0.0,0.0
2026-04-17 05:46:50,29.0,61.3,17.3,53.9,0.0,0.0,0.0
2026-04-17 05:46:55,29.0,61.3,3.4,53.9,0.0,0.0,0.0
2026-04-17 05:47:00,29.0,61.2,21.7,53.9,0.0,0.0,0.0
2026-04-17 05:47:05,28.9,61.1,36.1,53.9,0.0,0.0,0.0
2026-04-17 05:47:10,28.9,61.1,0.0,53.9,0.0,0.0,0.0
2026-04-17 05:47:15,28.8,60.9,14.9,53.9,0.0,0.0,0.0
2026-04-17 05:47:20,28.9,61.0,8.0,53.9,0.0,0.0,0.0
2026-04-17 05:47:25,29.0,60.9,21.9,53.9,0.0,0.0,0.0
2026-04-17 05:47:30,29.1,60.9,30.9,53.9,0.0,0.0,0.0
2026-04-17 05:47:35,28.9,61.0,6.9,53.9,0.0,0.0,0.0
2026-04-17 05:47:40,29.0,61.1,12.3,53.9,0.0,0.0,0.0
2026-04-17 05:47:45,29.1,61.1,0.0,53.9,0.0,0.0,0.0
2026-04-17 05:47:50,29.0,61.1,13.4,53.9,0.0,0.0,0.0
2026-04-17 05:47:55,28.9,61.1,2.9,53.9,0.0,0.0,0.0
2026-04-17 05:48:00,28.9,61.0,24.7,53.9,0.0,0.0,0.0
2026-04-17 05:48:05,29.1,61.0,14.7,53.9,0.0,0.0,0.0
2026-04-17 05:48:10,29.0,60.9,20.0,53.9,0.0,0.0,0.0
2026-04-17 05:48:15,29.0,60.8,15.7,53.9,0.0,0.0,0.0
2026-04-17 05:48:20,28.8,60.7,4.3,53.9,0.0,0.0,0.0
2026-04-17 05:48:25,28.9,60.8,5.0,53.9,0.0,0.0,0.0
2026-04-17 05:48:30,29.0,61.0,0.7,53.9,0.0,0.0,0.0
2026-04-17 05:48:35,28.9,61.0,40.1,53.9,0.0,0.0,0.0
2026-04-17 05:48:40,29.0,61.0,6.0,53.9,0.0,0.0,0.0
2026-04-17 05:48:45,28.9,61.1,22.6,53.9,0.0,0.0,0.0
2026-04-17 05:48:50,28.8,61.2,6.2,53.9,0.0,0.0,0.0
2026-04-17 05:48:55,28.8,61.1,6.0,53.9,0.0,0.0,0.0
2026-04-17 05:49:00,29.0,61.1,8.6,53.9,0.0,0.0,0.0
2026-04-17 05:49:05,29.1,61.1,22.9,53.9,0.0,0.0,0.0
2026-04-17 05:49:10,29.0,61.1,22.5,53.9,0.0,0.0,0.0
2026-04-17 05:49:15,29.1,61.1,19.0,53.9,0.0,0.0,0.0
2026-04-17 05:49:20,28.9,61.0,29.7,53.9,0.0,0.0,0.0
2026-04-17 05:49:25,28.9,61.0,20.3,53.9,0.0,0.0,0.0
2026-04-17 05:49:30,28.8,60.9,0.0,53.9,0.0,0.0,0.0
2026-04-17 05:49:35,29.0,60.9,36.2,53.9,0.0,0.0,0.0
2026-04-17 05:49:40,29.0,60.9,12.9,53.9,0.0,0.0,0.0
2026-04-17 05:49:45,29.0,61.0,7.1,53.9,0.0,0.0,0.0
2026-04-17 05:49:50,28.9,61.1,0.0,53.9,0.0,0.0,0.0
2026-04-17 05:49:55,28.9,61.1,16.8,53.9,0.0,0.0,0.0
2026-04-17 05:50:00,29.0,61.1,6.7,53.9,0.0,0.0,0.0
2026-04-17 05:50:05,28.9,61.1,4.8,53.9,0.0,0.0,0.0
2026-04-17 05:50:10,29.1,60.9,17.8,53.9,0.0,0.0,0.0
2026-04-17 05:50:15,29.1,61.1,17.7,53.9,0.0,0.0,0.0
2026-04-17 05:50:20,28.9,61.2,27.5,53.9,0.0,0.0,0.0
2026-04-17 05:50:25,29.1,61.2,14.8,53.9,0.0,0.0,0.0
2026-04-17 05:50:30,29.1,61.0,20.3,53.9,0.0,0.0,0.0
2026-04-17 05:50:35,28.9,61.1,31.1,53.9,0.0,0.0,0.0
2026-04-17 05:50:40,28.9,61.1,1.3,53.9,0.0,0.0,0.0
2026-04-17 05:50:45,29.0,61.0,0.0,53.9,0.0,0.0,0.0
2026-04-17 05:50:50,29.0,60.9,20.3,53.9,0.0,0.0,0.0
2026-04-17 05:50:55,28.9,60.9,21.4,53.9,0.0,0.0,0.0
2026-04-17 05:51:00,29.1,60.9,10.0,53.9,0.0,0.0,0.0
2026-04-17 05:51:05,29.0,60.8,0.0,53.9,0.0,0.0,0.0
2026-04-17 05:51:10,29.1,60.9,21.7,53.9,0.0,0.0,0.0
2026-04-17 05:51:15,29.0,60.8,20.7,53.9,0.0,0.0,0.0
2026-04-17 05:51:20,29.0,60.9,11.0,53.9,0.0,0.0,0.0
2026-04-17 05:51:25,29.0,61.0,30.7,53.9,0.0,0.0,0.0
2026-04-17 05:51:30,28.9,61.0,0.0,53.9,0.0,0.0,0.0
2026-04-17 05:51:35,29.1,60.8,18.4,53.8,0.0,0.0,0.0
2026-04-17 05:51:40,28.9,60.9,9.6,53.8,0.0,0.0,0.0
2026-04-17 05:51:45,29.0,60.8,11.8,53.8,0.0,0.0,0.0
2026-04-17 05:51:50,28.9,60.8,20.5,53.9,0.0,0.0,0.0
2026-04-17 05:51:55,29.0,60.7,22.8,53.9,0.0,0.0,0.0
2026-04-17 05:52:00,29.1,60.8,25.5,53.9,0.0,0.0,0.0
2026-04-17 05:52:05,29.1,60.9,9.5,53.9,0.0,0.0,0.0
2026-04-17 05:52:10,29.0,60.9,0.0,53.9,0.0,0.0,0.0
2026-04-17 05:52:15,29.2,60.9,24.7,53.9,0.0,0.0,0.0
2026-04-17 05:52:20,29.1,60.8,14.1,53.9,0.0,0.0,0.0
2026-04-17 05:52:25,28.9,60.7,6.5,53.9,0.0,0.0,0.0
2026-04-17 05:52:30,29.0,60.9,9.6,53.9,0.0,0.0,0.0
2026-04-17 05:52:35,29.0,61.0,25.5,53.9,0.0,0.0,0.0
2026-04-17 05:52:40,29.0,60.9,18.2,53.9,0.0,0.0,0.0
2026-04-17 05:52:45,28.9,60.9,18.0,53.9,0.0,0.0,0.0
2026-04-17 05:52:50,29.0,60.9,14.3,53.9,0.0,0.0,0.0
2026-04-17 05:52:55,28.8,60.9,33.4,53.9,0.0,0.0,0.0
2026-04-17 05:53:00,29.0,60.8,15.4,53.9,0.0,0.0,0.0
2026-04-17 05:53:05,28.9,60.8,11.9,53.9,0.0,0.0,0.0
2026-04-17 05:53:10,29.0,60.7,6.6,53.9,0.0,0.0,0.0
2026-04-17 05:53:15,29.0,60.7,16.3,53.9,0.0,0.0,0.0
2026-04-17 05:53:20,29.0,60.8,16.6,53.9,0.0,0.0,0.0
2026-04-17 05:53:25,28.9,60.8,21.8,53.9,0.0,0.0,0.0
2026-04-17 05:53:30,29.0,60.8,14.5,53.9,0.0,0.0,0.0
2026-04-17 05:53:35,28.8,60.9,27.9,53.9,0.0,0.0,0.0
2026-04-17 05:53:40,28.9,60.9,9.7,53.9,0.0,0.0,0.0
2026-04-17 05:53:45,28.9,60.7,5.2,53.9,0.0,0.0,0.0
2026-04-17 05:53:50,28.7,60.7,3.5,53.8,0.0,0.0,0.0
2026-04-17 05:53:55,29.0,60.8,24.0,53.8,0.0,0.0,0.0
2026-04-17 05:54:00,28.9,60.8,3.4,53.8,0.0,0.0,0.0
2026-04-17 05:54:05,28.9,60.8,16.5,53.8,0.0,0.0,0.0
2026-04-17 05:54:10,29.0,60.8,20.1,53.9,0.0,0.0,0.0
2026-04-17 05:54:15,29.0,60.9,0.0,53.9,0.0,0.0,0.0
2026-04-17 05:54:20,29.0,61.0,4.0,53.9,0.0,0.0,0.0
2026-04-17 05:54:25,28.9,61.0,20.1,53.9,0.0,0.0,0.0
2026-04-17 05:54:30,28.9,60.9,19.3,53.8,0.0,0.0,0.0
2026-04-17 05:54:35,29.0,60.9,4.1,53.8,0.0,0.0,0.0
2026-04-17 05:54:40,29.0,60.8,12.8,53.8,0.0,0.0,0.0
2026-04-17 05:54:45,29.0,60.9,0.2,53.9,0.0,0.0,0.0
2026-04-17 05:54:50,28.9,60.8,19.7,53.9,0.0,0.0,0.0
2026-04-17 05:54:55,28.9,60.8,11.8,53.9,0.0,0.0,0.0
2026-04-17 05:55:00,29.0,60.9,17.8,53.9,0.0,0.0,0.0
2026-04-17 05:55:05,29.0,60.7,26.4,53.9,0.0,0.0,0.0
2026-04-17 05:55:10,29.0,60.7,2.8,53.9,0.0,0.0,0.0
2026-04-17 05:55:15,29.0,60.6,16.9,53.9,0.0,0.0,0.0
2026-04-17 05:55:20,29.0,60.5,27.2,53.9,0.0,0.0,0.0
2026-04-17 05:55:25,28.9,60.4,24.2,53.9,0.0,0.0,0.0
2026-04-17 05:55:30,29.0,60.5,10.9,53.9,0.0,0.0,0.0
2026-04-17 05:55:35,29.0,60.5,17.0,53.9,0.0,0.0,0.0
2026-04-17 05:55:40,29.0,60.5,1.8,53.9,0.0,0.0,0.0
2026-04-17 05:55:45,29.1,60.5,36.1,53.9,0.0,0.0,0.0
2026-04-17 05:55:50,29.1,60.4,17.7,53.9,0.0,0.0,0.0
2026-04-17 05:55:55,29.1,60.4,14.3,53.9,0.0,0.0,0.0
2026-04-17 05:56:00,29.0,60.3,11.6,53.9,0.0,0.0,0.0
2026-04-17 05:56:05,28.9,60.3,22.6,53.9,0.0,0.0,0.0
2026-04-17 05:56:10,29.0,60.2,12.2,53.9,0.0,0.0,0.0
2026-04-17 05:56:15,29.1,60.4,7.8,53.9,0.0,0.0,0.0
2026-04-17 05:56:20,29.0,60.4,21.0,53.9,0.0,0.0,0.0
2026-04-17 05:56:25,28.9,60.5,3.1,53.9,0.0,0.0,0.0
2026-04-17 05:56:30,29.1,60.5,11.5,53.9,0.0,0.0,0.0
2026-04-17 05:56:35,29.1,60.6,17.1,53.9,0.0,0.0,0.0
2026-04-17 05:56:40,29.1,60.6,19.5,53.9,0.0,0.0,0.0
2026-04-17 05:56:45,29.2,60.7,22.3,53.9,0.0,0.0,0.0
2026-04-17 05:56:50,28.9,60.8,28.1,53.9,0.0,0.0,0.0
2026-04-17 05:56:55,28.9,60.7,15.7,53.9,0.0,0.0,0.0
2026-04-17 05:57:00,29.0,60.7,14.1,53.9,0.0,0.0,0.0
2026-04-17 05:57:05,28.9,60.7,15.2,53.9,0.0,0.0,0.0
2026-04-17 05:57:10,28.8,60.6,31.9,53.9,0.0,0.0,0.0
2026-04-17 05:57:15,29.1,60.6,28.9,53.9,0.0,0.0,0.0
2026-04-17 05:57:20,29.0,60.5,15.4,53.9,0.0,0.0,0.0
2026-04-17 05:57:25,29.1,60.6,9.9,53.9,0.0,0.0,0.0
2026-04-17 05:57:30,29.0,60.6,20.4,53.9,0.0,0.0,0.0
2026-04-17 05:57:35,29.0,60.7,28.7,53.9,0.0,0.0,0.0
2026-04-17 05:57:40,29.1,60.7,4.6,53.9,0.0,0.0,0.0
2026-04-17 05:57:45,29.1,60.7,28.3,53.9,0.0,0.0,0.0
2026-04-17 05:57:50,28.9,60.8,14.3,53.9,0.0,0.0,0.0
2026-04-17 05:57:55,29.0,60.9,6.0,53.9,0.0,0.0,0.0
2026-04-17 05:58:00,28.9,60.9,24.4,53.9,0.0,0.0,0.0
2026-04-17 05:58:05,29.0,60.8,20.7,53.9,0.0,0.0,0.0
2026-04-17 05:58:10,29.0,60.7,16.7,53.9,0.0,0.0,0.0
2026-04-17 05:58:15,29.1,60.7,16.2,53.9,0.0,0.0,0.0
2026-04-17 05:58:20,29.0,60.8,7.2,53.9,0.0,0.0,0.0
2026-04-17 05:58:25,28.9,60.7,19.2,53.9,0.0,0.0,0.0
2026-04-17 05:58:30,29.0,60.8,26.7,53.9,0.0,0.0,0.0
2026-04-17 05:58:35,28.9,60.9,8.9,53.9,0.0,0.0,0.0
2026-04-17 05:58:40,29.0,61.0,6.7,53.9,0.0,0.0,0.0
2026-04-17 05:58:45,29.0,61.0,16.0,53.9,0.0,0.0,0.0
2026-04-17 05:58:50,28.9,60.9,1.9,53.9,0.0,0.0,0.0
2026-04-17 05:58:55,29.0,61.0,24.5,53.9,0.0,0.0,0.0
2026-04-17 05:59:00,29.1,61.0,16.9,53.9,0.0,0.0,0.0
2026-04-17 05:59:05,29.1,61.0,6.5,53.9,0.0,0.0,0.0
2026-04-17 05:59:10,28.9,60.9,14.3,53.9,0.0,0.0,0.0
2026-04-17 05:59:15,28.9,60.9,25.9,53.9,0.0,0.0,0.0
2026-04-17 05:59:20,29.0,60.9,14.5,53.9,0.0,0.0,0.0
2026-04-17 05:59:25,29.0,60.9,15.8,53.9,0.0,0.0,0.0
2026-04-17 05:59:30,28.9,60.9,11.1,53.9,0.0,0.0,0.0
2026-04-17 05:59:35,29.1,61.0,24.7,53.9,0.0,0.0,0.0
2026-04-17 05:59:40,28.9,61.1,44.7,53.9,0.0,0.0,0.0
2026-04-17 05:59:45,28.9,61.1,25.9,53.9,0.0,0.0,0.0
2026-04-17 05:59:50,28.8,61.1,26.8,53.9,0.0,0.0,0.0
2026-04-17 05:59:55,28.7,61.2,34.1,53.9,0.0,0.0,0.0
2026-04-17 06:00:00,29.0,61.2,2.8,53.9,0.0,0.0,0.0
2026-04-17 06:00:05,29.0,61.1,18.1,53.9,0.0,0.0,0.0
2026-04-17 06:00:10,29.0,60.9,22.2,53.9,0.0,0.0,0.0
2026-04-17 06:00:15,29.0,60.9,12.1,53.9,0.0,0.0,0.0
2026-04-17 06:00:20,28.9,60.9,0.0,53.9,0.0,0.0,0.0
2026-04-17 06:00:25,28.8,61.0,22.9,53.9,0.0,0.0,0.0
2026-04-17 06:00:30,28.8,60.9,8.8,53.8,0.0,0.0,0.0
2026-04-17 06:00:35,28.8,60.9,10.4,53.8,0.0,0.0,0.0
2026-04-17 06:00:40,29.0,60.8,20.0,53.9,0.0,0.0,0.0
2026-04-17 06:00:45,29.0,60.8,10.2,53.9,0.0,0.0,0.0
2026-04-17 06:00:50,28.8,60.7,24.0,53.9,0.0,0.0,0.0
2026-04-17 06:00:55,29.0,60.8,23.0,53.9,0.0,0.0,0.0
2026-04-17 06:01:00,28.9,60.8,17.4,53.9,0.0,0.0,0.0
2026-04-17 06:01:05,28.9,60.7,10.2,53.8,0.0,0.0,0.0
2026-04-17 06:01:10,28.8,60.7,28.8,53.8,0.0,0.0,0.0
2026-04-17 06:01:15,28.9,60.8,7.8,53.9,0.0,0.0,0.0
2026-04-17 06:01:20,28.8,60.6,19.5,53.9,0.0,0.0,0.0
2026-04-17 06:01:25,28.9,60.5,37.6,53.9,0.0,0.0,0.0
2026-04-17 06:01:30,28.8,60.5,0.0,53.9,0.0,0.0,0.0
2026-04-17 06:01:35,28.8,60.5,14.6,53.8,0.0,0.0,0.0
2026-04-17 06:01:40,29.0,60.5,24.2,53.8,0.0,0.0,0.0
2026-04-17 06:01:45,29.0,60.5,13.1,53.8,0.0,0.0,0.0
2026-04-17 06:01:50,29.0,60.6,18.9,53.8,0.0,0.0,0.0
2026-04-17 06:01:55,29.0,60.6,20.8,53.9,0.0,0.0,0.0
2026-04-17 06:02:00,28.8,60.7,30.6,53.9,0.0,0.0,0.0
2026-04-17 06:02:05,28.8,60.7,5.6,53.9,0.0,0.0,0.0
2026-04-17 06:02:10,29.0,60.7,24.7,53.9,0.0,0.0,0.0
2026-04-17 06:02:15,29.0,60.7,27.4,53.9,0.0,0.0,0.0
2026-04-17 06:02:20,29.0,60.6,0.0,53.8,0.0,0.0,0.0
2026-04-17 06:02:25,28.8,60.6,2.4,53.8,0.0,0.0,0.0
2026-04-17 06:02:30,28.9,60.6,21.2,53.8,0.0,0.0,0.0
2026-04-17 06:02:35,28.9,60.7,15.1,53.9,0.0,0.0,0.0
2026-04-17 06:02:40,29.0,60.7,26.8,53.9,0.0,0.0,0.0
2026-04-17 06:02:45,29.0,60.5,5.7,53.9,0.0,0.0,0.0
2026-04-17 06:02:50,29.0,60.4,21.3,53.9,0.0,0.0,0.0
2026-04-17 06:02:55,29.1,60.3,39.3,53.9,0.0,0.0,0.0
2026-04-17 06:03:00,28.9,60.5,25.6,53.9,0.0,0.0,0.0
2026-04-17 06:03:05,28.9,60.5,32.8,53.8,0.0,0.0,0.0
2026-04-17 06:03:10,29.0,60.6,14.1,53.8,0.0,0.0,0.0
2026-04-17 06:03:15,29.0,60.7,32.5,53.8,0.0,0.0,0.0
2026-04-17 06:03:20,29.0,60.8,2.0,53.9,0.0,0.0,0.0
2026-04-17 06:03:25,29.0,60.7,21.7,53.9,0.0,0.0,0.0
2026-04-17 06:03:30,28.9,60.8,28.8,53.9,0.0,0.0,0.0
2026-04-17 06:03:35,29.0,60.7,27.4,53.9,0.0,0.0,0.0
2026-04-17 06:03:40,29.1,60.7,8.9,53.9,0.0,0.0,0.0
2026-04-17 06:03:45,29.0,60.6,23.9,53.9,0.0,0.0,0.0
2026-04-17 06:03:50,28.9,60.7,25.4,53.9,0.0,0.0,0.0
2026-04-17 06:03:55,28.9,60.8,11.4,53.9,0.0,0.0,0.0
2026-04-17 06:04:00,28.9,60.8,18.0,53.9,0.0,0.0,0.0
2026-04-17 06:04:05,28.9,60.7,20.3,53.9,0.0,0.0,0.0
2026-04-17 06:04:10,29.0,60.6,28.0,53.9,0.0,0.0,0.0
2026-04-17 06:04:15,29.0,60.5,31.3,53.9,0.0,0.0,0.0
2026-04-17 06:04:20,28.9,60.4,28.6,53.9,0.0,0.0,0.0
2026-04-17 06:04:25,28.9,60.5,16.7,53.9,0.0,0.0,0.0
2026-04-17 06:04:30,28.8,60.5,16.9,53.9,0.0,0.0,0.0
2026-04-17 06:04:35,29.0,60.4,25.8,53.9,0.0,0.0,0.0
2026-04-17 06:04:40,29.0,60.4,36.8,53.9,0.0,0.0,0.0
2026-04-17 06:04:45,28.9,60.3,30.9,53.9,0.0,0.0,0.0
2026-04-17 06:04:50,28.9,60.3,12.2,53.9,0.0,0.0,0.0
2026-04-17 06:04:55,29.0,60.2,12.4,53.9,0.0,0.0,0.0
2026-04-17 06:05:00,28.9,60.0,2.1,53.9,0.0,0.0,0.0
2026-04-17 06:05:05,28.9,60.0,14.1,53.9,0.0,0.0,0.0
2026-04-17 06:05:10,28.9,60.1,29.9,53.9,0.0,0.0,0.0
2026-04-17 06:05:15,28.9,60.2,26.4,53.9,0.0,0.0,0.0
2026-04-17 06:05:20,29.1,60.3,7.1,53.9,0.0,0.0,0.0
2026-04-17 06:05:25,28.9,60.2,19.8,53.9,0.0,0.0,0.0
2026-04-17 06:05:30,28.9,60.2,22.0,53.9,0.0,0.0,0.0
2026-04-17 06:05:35,29.0,60.3,21.5,53.9,0.0,0.0,0.0
2026-04-17 06:05:40,28.9,60.3,30.1,53.9,0.0,0.0,0.0
2026-04-17 06:05:45,28.9,60.4,38.2,53.9,0.0,0.0,0.0
2026-04-17 06:05:50,29.0,60.4,30.2,53.9,0.0,0.0,0.0
2026-04-17 06:05:55,28.8,60.5,20.4,53.9,0.0,0.0,0.0
2026-04-17 06:06:00,29.0,60.5,8.0,53.9,0.0,0.0,0.0
2026-04-17 06:06:05,29.1,60.5,20.4,53.9,0.0,0.0,0.0
2026-04-17 06:06:10,29.0,60.5,23.9,53.9,0.0,0.0,0.0
2026-04-17 06:06:15,29.0,60.4,13.3,53.8,0.0,0.0,0.0
2026-04-17 06:06:20,29.0,60.6,23.1,53.8,0.0,0.0,0.0
2026-04-17 06:06:25,29.0,60.5,33.9,53.8,0.0,0.0,0.0
2026-04-17 06:06:30,28.9,60.4,27.2,53.8,0.0,0.0,0.0
2026-04-17 06:06:35,29.1,60.3,31.3,53.8,0.0,0.0,0.0
2026-04-17 06:06:40,28.9,60.3,11.9,53.8,0.0,0.0,0.0
2026-04-17 06:06:45,29.0,60.3,13.3,53.8,0.0,0.0,0.0
2026-04-17 06:06:50,28.9,60.2,17.7,53.8,0.0,0.0,0.0
2026-04-17 06:06:55,28.9,60.3,0.7,53.8,0.0,0.0,0.0
2026-04-17 06:07:00,29.1,60.3,28.1,53.8,0.0,0.0,0.0
2026-04-17 06:07:05,28.9,60.3,23.7,53.9,0.0,0.0,0.0
2026-04-17 06:07:10,28.9,60.3,10.3,53.9,0.0,0.0,0.0
2026-04-17 06:07:15,29.0,60.2,15.9,53.9,0.0,0.0,0.0
2026-04-17 06:07:20,29.0,60.0,31.0,53.9,0.0,0.0,0.0
2026-04-17 06:07:25,29.0,60.0,15.0,53.9,0.0,0.0,0.0
2026-04-17 06:07:30,29.1,60.0,21.6,53.9,0.0,0.0,0.0
2026-04-17 06:07:35,28.9,60.1,38.9,53.9,0.0,0.0,0.0
2026-04-17 06:07:40,28.9,60.2,25.8,53.9,0.0,0.0,0.0
2026-04-17 06:07:45,29.0,60.1,19.9,53.9,0.0,0.0,0.0
2026-04-17 06:07:50,28.9,60.0,51.3,53.9,0.0,0.0,0.0
2026-04-17 06:07:55,28.9,59.9,13.7,53.9,0.0,0.0,0.0
2026-04-17 06:08:00,29.0,60.0,8.7,53.9,0.0,0.0,0.0
2026-04-17 06:08:05,28.9,60.0,21.9,53.9,0.0,0.0,0.0
2026-04-17 06:08:10,29.0,59.9,23.7,53.9,0.0,0.0,0.0
2026-04-17 06:08:15,29.0,59.9,32.7,53.9,0.0,0.0,0.0
2026-04-17 06:08:20,29.0,59.8,29.7,53.9,0.0,0.0,0.0
2026-04-17 06:08:25,29.0,59.9,24.2,53.9,0.0,0.0,0.0
2026-04-17 06:08:30,29.0,59.7,17.4,53.9,0.0,0.0,0.0
2026-04-17 06:08:35,28.9,59.7,3.2,53.9,0.0,0.0,0.0
2026-04-17 06:08:40,29.0,59.7,28.5,53.8,0.0,0.0,0.0
2026-04-17 06:08:45,28.9,59.7,17.5,53.8,0.0,0.0,0.0
2026-04-17 06:08:50,29.1,59.8,27.8,53.8,0.0,0.0,0.0
2026-04-17 06:08:55,29.0,59.7,25.7,53.8,0.0,0.0,0.0
2026-04-17 06:09:00,28.9,59.7,20.9,53.9,0.0,0.0,0.0
2026-04-17 06:09:05,29.1,59.7,40.5,53.9,0.0,0.0,0.0
2026-04-17 06:09:10,28.9,59.6,31.4,53.9,0.0,0.0,0.0
2026-04-17 06:09:15,29.1,59.4,27.5,53.8,0.0,0.0,0.0
2026-04-17 06:09:20,29.0,59.5,29.6,53.8,0.0,0.0,0.0
2026-04-17 06:09:25,29.0,59.7,22.1,53.8,0.0,0.0,0.0
2026-04-17 06:09:30,29.0,59.5,32.8,53.9,0.0,0.0,0.0
2026-04-17 06:09:35,29.0,59.4,33.0,53.9,0.0,0.0,0.0
2026-04-17 06:09:40,29.1,59.4,24.4,53.9,0.0,0.0,0.0
2026-04-17 06:09:45,29.0,59.4,22.6,53.9,0.0,0.0,0.0
2026-04-17 06:09:50,29.1,59.4,43.9,53.9,0.0,0.0,0.0
2026-04-17 06:09:55,29.1,59.4,14.8,53.9,0.0,0.0,0.0
2026-04-17 06:10:00,29.0,59.4,30.8,53.9,0.0,0.0,0.0
2026-04-17 06:10:05,29.1,59.4,30.9,53.9,0.0,0.0,0.0
2026-04-17 06:10:10,28.9,59.4,37.0,53.9,0.0,0.0,0.0
2026-04-17 06:10:15,29.0,59.4,13.4,53.9,0.0,0.0,0.0
2026-04-17 06:10:20,28.8,59.4,33.9,53.9,0.0,0.0,0.0
2026-04-17 06:10:25,29.0,59.4,29.5,53.9,0.0,0.0,0.0
2026-04-17 06:10:30,28.9,59.4,26.0,53.9,0.0,0.0,0.0
2026-04-17 06:10:35,29.0,59.5,42.0,53.8,0.0,0.0,0.0
2026-04-17 06:10:40,29.0,59.6,15.2,53.8,0.0,0.0,0.0
2026-04-17 06:10:45,29.0,59.5,22.7,53.8,0.0,0.0,0.0
2026-04-17 06:10:50,29.0,59.5,17.7,53.8,0.0,0.0,0.0
2026-04-17 06:10:55,28.9,59.5,18.9,53.8,0.0,0.0,0.0
2026-04-17 06:11:00,29.0,59.5,28.1,53.8,0.0,0.0,0.0
2026-04-17 06:11:05,29.0,59.5,33.9,53.9,0.0,0.0,0.0
2026-04-17 06:11:10,29.0,59.4,28.2,53.9,0.0,0.0,0.0
2026-04-17 06:11:15,29.1,59.4,28.9,53.9,0.0,0.0,0.0
2026-04-17 06:11:20,29.0,59.3,35.6,53.9,0.0,0.0,0.0
2026-04-17 06:11:25,29.2,59.3,31.5,53.9,0.0,0.0,0.0
2026-04-17 06:11:30,29.1,59.3,39.6,53.9,0.0,0.0,0.0
2026-04-17 06:11:35,28.9,59.3,39.7,53.9,0.0,0.0,0.0
2026-04-17 06:11:40,29.0,59.5,25.4,53.9,0.0,0.0,0.0
2026-04-17 06:11:45,28.9,59.4,43.3,53.9,0.0,0.0,0.0
2026-04-17 06:11:50,29.0,59.4,31.4,53.9,0.0,0.0,0.0
2026-04-17 06:11:55,29.1,59.3,22.9,53.9,0.0,0.0,0.0
2026-04-17 06:12:00,29.0,59.4,44.4,53.9,0.0,0.0,0.0
2026-04-17 06:12:05,29.1,59.4,39.8,53.9,0.0,0.0,0.0
2026-04-17 06:12:10,29.0,59.4,27.0,53.9,0.0,0.0,0.0
2026-04-17 06:12:15,29.1,59.5,33.1,53.9,0.0,0.0,0.0
2026-04-17 06:12:20,29.0,59.5,45.1,53.9,0.0,0.0,0.0
2026-04-17 06:12:25,29.0,59.5,34.3,53.9,0.0,0.0,0.0
2026-04-17 06:12:30,29.0,59.5,29.9,53.9,0.0,0.0,0.0
2026-04-17 06:12:35,28.9,59.4,30.5,53.9,0.0,0.0,0.0
2026-04-17 06:12:40,28.9,59.4,35.8,53.9,0.0,0.0,0.0
2026-04-17 06:12:45,29.0,59.4,50.6,53.9,0.0,0.0,0.0
2026-04-17 06:12:50,28.9,59.4,27.1,53.9,0.0,0.0,0.0
2026-04-17 06:12:55,29.1,59.4,46.3,53.9,0.0,0.0,0.0
2026-04-17 06:13:00,28.8,59.5,26.7,53.9,0.0,0.0,0.0
2026-04-17 06:13:05,29.0,59.5,38.1,53.9,0.0,0.0,0.0
2026-04-17 06:13:10,29.0,59.5,35.4,53.9,0.0,0.0,0.0
2026-04-17 06:13:15,29.0,59.6,35.0,53.9,0.0,0.0,0.0
2026-04-17 06:13:20,29.1,59.7,16.2,53.9,0.0,0.0,0.0
2026-04-17 06:13:25,29.0,59.6,23.5,53.9,0.0,0.0,0.0
2026-04-17 06:13:30,29.1,59.8,9.8,53.8,0.0,0.0,0.0
2026-04-17 06:13:35,29.0,59.8,49.8,53.8,0.0,0.0,0.0
2026-04-17 06:13:40,29.1,59.8,32.0,53.8,0.0,0.0,0.0
2026-04-17 06:13:45,29.0,59.8,36.7,53.9,0.0,0.0,0.0
2026-04-17 06:13:50,28.9,59.7,41.5,53.9,0.0,0.0,0.0
2026-04-17 06:13:55,29.0,59.6,46.5,53.9,0.0,0.0,0.0
2026-04-17 06:14:00,29.1,59.6,33.3,53.9,0.0,0.0,0.0
2026-04-17 06:14:05,28.9,59.7,36.7,53.9,0.0,0.0,0.0
2026-04-17 06:14:10,29.1,59.8,38.5,53.8,0.0,0.0,0.0
2026-04-17 06:14:15,29.0,59.7,52.1,53.8,0.0,0.0,0.0
2026-04-17 06:14:20,28.9,59.8,36.3,53.8,0.0,0.0,0.0
2026-04-17 06:14:25,29.0,59.9,21.0,53.8,0.0,0.0,0.0
2026-04-17 06:14:30,29.0,59.8,40.5,53.8,0.0,0.0,0.0
2026-04-17 06:14:35,28.9,59.8,24.6,53.8,0.0,0.0,0.0
2026-04-17 06:14:40,28.9,59.8,44.5,53.8,0.0,0.0,0.0
2026-04-17 06:14:45,29.1,59.9,46.2,53.8,0.0,0.0,0.0
2026-04-17 06:14:50,28.8,59.9,40.1,53.8,0.0,0.0,0.0
2026-04-17 06:14:55,29.0,59.9,35.3,53.8,0.0,0.0,0.0
2026-04-17 06:15:00,29.1,59.9,28.1,53.8,0.0,0.0,0.0
2026-04-17 06:15:05,29.1,59.9,40.0,53.8,0.0,0.0,0.0
2026-04-17 06:15:10,29.1,59.9,48.4,53.8,0.0,0.0,0.0
2026-04-17 06:15:15,29.0,59.7,46.9,53.8,0.0,0.0,0.0
2026-04-17 06:15:20,29.1,59.7,49.6,53.8,0.0,0.0,0.0
2026-04-17 06:15:25,29.0,59.7,27.3,53.8,0.0,0.0,0.0
2026-04-17 06:15:30,29.0,59.7,15.9,53.8,0.0,0.0,0.0
2026-04-17 06:15:35,29.1,59.6,47.7,53.8,0.0,0.0,0.0
2026-04-17 06:15:40,29.0,59.5,31.8,53.8,0.0,0.0,0.0
2026-04-17 06:15:45,29.0,59.5,27.4,53.8,0.0,0.0,0.0
2026-04-17 06:15:50,29.1,59.4,23.8,53.8,0.0,0.0,0.0
2026-04-17 06:15:55,28.9,59.4,22.2,53.8,0.0,0.0,0.0
2026-04-17 06:16:00,28.9,59.2,43.6,53.8,0.0,0.0,0.0
2026-04-17 06:16:05,29.2,59.1,49.3,53.8,0.0,0.0,0.0
2026-04-17 06:16:10,28.9,59.1,49.9,53.8,0.0,0.0,0.0
2026-04-17 06:16:15,29.1,59.0,44.4,53.8,0.0,0.0,0.0
2026-04-17 06:16:20,28.9,58.9,41.0,53.8,0.0,0.0,0.0
2026-04-17 06:16:25,29.0,59.1,52.3,53.8,0.0,0.0,0.0
2026-04-17 06:16:30,29.0,59.1,42.7,53.8,0.0,0.0,0.0
2026-04-17 06:16:35,29.0,59.1,41.7,53.8,0.0,0.0,0.0
2026-04-17 06:16:40,29.0,58.9,47.2,53.8,0.0,0.0,0.0
2026-04-17 06:16:45,28.9,58.9,39.3,53.8,0.0,0.0,0.0
2026-04-17 06:16:50,29.1,59.0,49.3,53.8,0.0,0.0,0.0
2026-04-17 06:16:55,29.2,58.9,33.5,53.8,0.0,0.0,0.0
2026-04-17 06:17:00,29.0,58.8,52.0,53.8,0.0,0.0,0.0
2026-04-17 06:17:05,29.1,58.9,48.5,53.8,0.0,0.0,0.0
2026-04-17 06:17:10,28.9,58.8,30.2,53.8,0.0,0.0,0.0
2026-04-17 06:17:15,29.0,58.8,41.1,53.8,0.0,0.0,0.0
2026-04-17 06:17:20,29.1,58.7,42.1,53.8,0.0,0.0,0.0
2026-04-17 06:17:25,29.1,58.7,36.8,53.8,0.0,0.0,0.0
2026-04-17 06:17:30,28.9,58.7,27.3,53.8,0.0,0.0,0.0
2026-04-17 06:17:35,29.1,58.6,40.3,53.8,0.0,0.0,0.0
2026-04-17 06:17:40,29.0,58.6,33.2,53.8,0.0,0.0,0.0
2026-04-17 06:17:45,29.1,58.6,42.4,53.8,0.0,0.0,0.0
2026-04-17 06:17:50,29.2,58.5,31.9,53.8,0.0,0.0,0.0
2026-04-17 06:17:55,28.9,58.6,33.4,53.8,0.0,0.0,0.0
2026-04-17 06:18:00,29.1,58.6,35.0,53.8,0.0,0.0,0.0
2026-04-17 06:18:05,29.1,58.6,43.0,53.8,0.0,0.0,0.0
2026-04-17 06:18:10,29.0,58.7,27.2,53.8,0.0,0.0,0.0
2026-04-17 06:18:15,29.0,58.7,29.4,53.8,0.0,0.0,0.0
2026-04-17 06:18:20,28.9,58.8,46.0,53.8,0.0,0.0,0.0
2026-04-17 06:18:25,28.9,58.8,28.7,53.8,0.0,0.0,0.0
2026-04-17 06:18:30,29.0,58.8,50.6,53.8,0.0,0.0,0.0
2026-04-17 06:18:35,29.1,58.7,41.4,53.8,0.0,0.0,0.0
2026-04-17 06:18:40,28.9,58.6,41.2,53.8,0.0,0.0,0.0
2026-04-17 06:18:45,29.1,58.6,41.5,53.8,0.0,0.0,0.0
2026-04-17 06:18:50,29.0,58.5,77.5,53.8,0.0,0.0,0.0
2026-04-17 06:18:55,29.1,58.7,46.0,53.8,0.0,0.0,0.0
2026-04-17 06:19:00,28.9,58.7,48.9,53.8,0.0,0.0,0.0
2026-04-17 06:19:05,29.0,58.7,48.5,53.8,0.0,0.0,0.0
2026-04-17 06:19:10,29.0,58.8,55.1,53.8,0.0,0.0,0.0
2026-04-17 06:19:15,29.0,58.8,17.9,53.8,0.0,0.0,0.0
2026-04-17 06:19:20,29.1,58.7,49.3,53.8,0.0,0.0,0.0
2026-04-17 06:19:25,29.1,58.8,34.5,53.8,0.0,0.0,0.0
2026-04-17 06:19:30,29.0,59.0,58.1,53.8,0.0,0.0,0.0
2026-04-17 06:19:35,29.0,59.0,51.8,53.8,0.0,0.0,0.0
2026-04-17 06:19:40,29.0,59.0,59.1,53.8,0.0,0.0,0.0
2026-04-17 06:19:45,29.1,58.9,42.7,53.8,0.0,0.0,0.0
2026-04-17 06:19:50,29.1,58.8,49.0,53.8,0.0,0.0,0.0
2026-04-17 06:19:55,29.0,58.6,45.5,53.8,0.0,0.0,0.0
2026-04-17 06:20:00,29.2,58.5,54.5,53.8,0.0,0.0,0.0
2026-04-17 06:20:05,28.9,58.5,56.7,53.8,0.0,0.0,0.0
2026-04-17 06:20:10,29.1,58.5,67.0,53.8,0.0,0.0,0.0
2026-04-17 06:20:15,29.1,58.6,59.7,53.8,0.0,0.0,0.0
2026-04-17 06:20:20,29.1,58.6,42.9,53.8,0.0,0.0,0.0
2026-04-17 06:20:25,29.0,58.7,43.9,53.8,0.0,0.0,0.0
2026-04-17 06:20:30,29.0,58.6,49.5,53.8,0.0,0.0,0.0
2026-04-17 06:20:35,28.9,58.5,41.0,53.8,0.0,0.0,0.0
2026-04-17 06:20:40,29.1,58.6,22.5,53.8,0.0,0.0,0.0
2026-04-17 06:20:45,29.1,58.7,48.7,53.8,0.0,0.0,0.0
2026-04-17 06:20:50,29.2,58.6,38.4,53.8,0.0,0.0,0.0
2026-04-17 06:20:55,29.0,58.5,51.2,53.8,0.0,0.0,0.0
2026-04-17 06:21:00,28.9,58.4,54.9,53.8,0.0,0.0,0.0
2026-04-17 06:21:05,29.0,58.5,44.0,53.8,0.0,0.0,0.0
2026-04-17 06:21:10,29.0,58.5,49.1,53.8,0.0,0.0,0.0
2026-04-17 06:21:15,29.1,58.4,55.3,53.8,0.0,0.0,0.0
2026-04-17 06:21:20,29.0,58.4,44.5,53.8,0.0,0.0,0.0
2026-04-17 06:21:25,29.1,58.4,58.6,53.8,0.0,0.0,0.0
2026-04-17 06:21:30,29.0,58.4,62.5,53.8,0.0,0.0,0.0
2026-04-17 06:21:35,29.1,58.4,43.5,53.8,0.0,0.0,0.0
2026-04-17 06:21:40,29.1,58.5,50.3,53.8,0.0,0.0,0.0
2026-04-17 06:21:45,29.0,58.5,78.5,53.8,0.0,0.0,0.0
2026-04-17 06:21:50,29.0,58.5,55.8,53.8,0.0,0.0,0.0
2026-04-17 06:21:55,29.0,58.5,61.4,53.8,0.0,0.0,0.0
2026-04-17 06:22:00,29.0,58.5,47.0,53.8,0.0,0.0,0.0
2026-04-17 06:22:05,29.0,58.6,52.4,53.8,0.0,0.0,0.0
2026-04-17 06:22:10,29.2,58.5,38.9,53.8,0.0,0.0,0.0
2026-04-17 06:22:15,29.0,58.5,67.4,53.8,0.0,0.0,0.0
2026-04-17 06:22:20,29.0,58.5,35.1,53.8,0.0,0.0,0.0
2026-04-17 06:22:25,29.2,58.6,71.6,53.8,0.0,0.0,0.0
2026-04-17 06:22:30,29.0,58.6,35.8,53.8,0.0,0.0,0.0
2026-04-17 06:22:35,29.1,58.6,45.6,53.8,0.0,0.0,0.0
2026-04-17 06:22:40,29.0,58.6,59.5,53.8,0.0,0.0,0.0
2026-04-17 06:22:45,29.1,58.6,57.1,53.8,0.0,0.0,0.0
2026-04-17 06:22:50,29.1,58.6,46.5,53.8,0.0,0.0,0.0
2026-04-17 06:22:55,29.1,58.7,65.0,53.8,0.0,0.0,0.0
2026-04-17 06:23:00,29.0,58.6,48.1,53.8,0.0,0.0,0.0
2026-04-17 06:23:05,29.0,58.8,37.2,53.8,0.0,0.0,0.0
2026-04-17 06:23:10,29.2,58.7,48.9,53.8,0.0,0.0,0.0
2026-04-17 06:23:15,29.1,58.6,56.8,53.8,0.0,0.0,0.0
2026-04-17 06:23:20,29.2,58.5,67.5,53.8,0.0,0.0,0.0
2026-04-17 06:23:25,29.0,58.4,31.5,53.8,0.0,0.0,0.0
2026-04-17 06:23:30,29.1,58.4,58.9,53.8,0.0,0.0,0.0
2026-04-17 06:23:35,29.1,58.4,60.9,53.8,0.0,0.0,0.0
2026-04-17 06:23:40,29.2,58.3,75.7,53.8,0.0,0.0,0.0
2026-04-17 06:23:45,29.2,58.5,45.1,53.8,0.0,0.0,0.0
2026-04-17 06:23:50,28.9,58.5,51.7,53.8,0.0,0.0,0.0
2026-04-17 06:23:55,29.1,58.4,69.7,53.8,0.0,0.0,0.0
2026-04-17 06:24:00,29.0,58.4,64.4,53.8,0.0,0.0,0.0
2026-04-17 06:24:05,29.2,58.4,43.6,53.8,0.0,0.0,0.0
2026-04-17 06:24:10,29.1,58.5,41.9,53.8,0.0,0.0,0.0
2026-04-17 06:24:15,29.2,58.4,51.2,53.8,0.0,0.0,0.0
2026-04-17 06:24:20,29.2,58.5,45.1,53.8,0.0,0.0,0.0
2026-04-17 06:24:25,29.1,58.5,46.0,53.8,0.0,0.0,0.0
2026-04-17 06:24:30,29.1,58.5,51.5,53.8,0.0,0.0,0.0
2026-04-17 06:24:35,29.1,58.7,53.5,53.8,0.0,0.0,0.0
2026-04-17 06:24:40,28.9,58.5,70.6,53.8,0.0,0.0,0.0
2026-04-17 06:24:45,29.1,58.2,66.4,53.8,0.0,0.0,0.0
2026-04-17 06:24:50,29.0,58.3,56.9,53.8,0.0,0.0,0.0
2026-04-17 06:24:55,29.1,58.3,51.3,53.8,0.0,0.0,0.0
2026-04-17 06:25:00,29.0,58.3,65.4,53.8,0.0,0.0,0.0
2026-04-17 06:25:05,29.0,58.3,51.7,53.8,0.0,0.0,0.0
2026-04-17 06:25:10,29.1,58.3,46.7,53.8,0.0,0.0,0.0
2026-04-17 06:25:15,29.2,58.3,55.0,53.8,0.0,0.0,0.0
2026-04-17 06:25:20,29.1,58.3,59.3,53.8,0.0,0.0,0.0
2026-04-17 06:25:25,29.1,58.2,37.4,53.8,0.0,0.0,0.0
2026-04-17 06:25:30,29.0,58.1,65.0,53.8,0.0,0.0,0.0
2026-04-17 06:25:35,29.2,58.0,65.7,53.8,0.0,0.0,0.0
2026-04-17 06:25:40,29.2,58.0,63.9,53.8,0.0,0.0,0.0
2026-04-17 06:25:45,29.0,58.1,60.1,53.8,0.0,0.0,0.0
2026-04-17 06:25:50,29.1,58.1,62.4,53.8,0.0,0.0,0.0
2026-04-17 06:25:55,29.0,58.0,56.8,53.8,0.0,0.0,0.0
2026-04-17 06:26:00,29.0,58.0,73.0,53.8,0.0,0.0,0.0
2026-04-17 06:26:05,29.0,57.9,56.3,53.8,0.0,0.0,0.0
2026-04-17 06:26:10,29.1,57.9,55.7,53.8,0.0,0.0,0.0
2026-04-17 06:26:15,29.1,57.9,61.5,53.8,0.0,0.0,0.0
2026-04-17 06:26:20,29.2,57.9,54.4,53.8,0.0,0.0,0.0
2026-04-17 06:26:25,29.1,57.9,65.0,53.8,0.0,0.0,0.0
2026-04-17 06:26:30,29.0,57.9,59.6,53.8,0.0,0.0,0.0
2026-04-17 06:26:35,29.2,57.8,59.3,53.8,0.0,0.0,0.0
2026-04-17 06:26:40,29.2,57.9,66.4,53.8,0.0,0.0,0.0
2026-04-17 06:26:45,29.2,57.8,66.7,53.8,0.0,0.0,0.0
2026-04-17 06:26:50,29.1,57.8,61.9,53.8,0.0,0.0,0.0
2026-04-17 06:26:55,29.0,57.8,65.6,53.8,0.0,0.0,0.0
2026-04-17 06:27:00,29.2,57.7,59.3,53.8,0.0,0.0,0.0
2026-04-17 06:27:05,29.1,57.8,61.2,53.8,0.0,0.0,0.0
2026-04-17 06:27:10,29.1,57.7,47.2,53.8,0.0,0.0,0.0
2026-04-17 06:27:15,29.0,57.7,60.6,53.8,0.0,0.0,0.0
2026-04-17 06:27:20,29.2,57.9,67.3,53.8,0.0,0.0,0.0
2026-04-17 06:27:25,29.0,57.8,53.6,53.8,0.0,0.0,0.0
2026-04-17 06:27:30,29.1,57.9,64.1,53.8,0.0,0.0,0.0
2026-04-17 06:27:35,29.1,58.0,64.6,53.8,0.0,0.0,0.0
2026-04-17 06:27:40,29.1,57.9,54.1,53.8,0.0,0.0,0.0
2026-04-17 06:27:45,29.0,57.9,46.5,53.8,0.0,0.0,0.0
2026-04-17 06:27:50,29.3,58.0,63.9,53.8,0.0,0.0,0.0
2026-04-17 06:27:55,29.3,58.0,62.0,53.8,0.0,0.0,0.0
2026-04-17 06:28:00,29.3,58.0,65.4,53.8,0.0,0.0,0.0
2026-04-17 06:28:05,29.2,58.1,67.5,53.8,0.0,0.0,0.0
2026-04-17 06:28:10,29.1,58.0,63.2,53.8,0.0,0.0,0.0
2026-04-17 06:28:15,29.1,58.0,63.8,53.8,0.0,0.0,0.0
2026-04-17 06:28:20,29.2,58.1,48.0,53.8,0.0,0.0,0.0
2026-04-17 06:28:25,29.1,58.1,69.7,53.8,0.0,0.0,0.0
2026-04-17 06:28:30,29.1,58.0,50.8,53.8,0.0,0.0,0.0
2026-04-17 06:28:35,29.1,57.9,60.4,53.8,0.0,0.0,0.0
2026-04-17 06:28:40,29.1,57.9,63.1,53.8,0.0,0.0,0.0
2026-04-17 06:28:45,29.1,57.9,71.2,53.8,0.0,0.0,0.0
2026-04-17 06:28:50,29.2,58.0,77.5,53.8,0.0,0.0,0.0
2026-04-17 06:28:55,29.3,58.1,79.6,53.8,0.0,0.0,0.0
2026-04-17 06:29:00,29.3,58.1,58.6,53.8,0.0,0.0,0.0
2026-04-17 06:29:05,29.2,58.0,58.0,53.8,0.0,0.0,0.0
2026-04-17 06:29:10,29.3,57.9,55.2,53.8,0.0,0.0,0.0
2026-04-17 06:29:15,29.2,57.9,67.7,53.8,0.0,0.0,0.0
2026-04-17 06:29:20,29.1,57.9,60.1,53.8,0.0,0.0,0.0
2026-04-17 06:29:25,29.1,57.9,64.1,53.8,0.0,0.0,0.0
2026-04-17 06:29:30,29.3,58.0,66.9,53.8,0.0,0.0,0.0
2026-04-17 06:29:35,29.3,57.9,69.2,53.8,0.0,0.0,0.0
2026-04-17 06:29:40,29.2,57.8,74.8,53.8,0.0,0.0,0.0
2026-04-17 06:29:45,29.3,57.8,81.7,53.8,0.0,0.0,0.0
2026-04-17 06:29:50,29.3,57.8,68.9,53.8,0.0,0.0,0.0
2026-04-17 06:29:55,29.0,57.8,70.1,53.8,0.0,0.0,0.0
2026-04-17 06:30:00,29.2,57.7,64.9,53.8,0.0,0.0,0.0
2026-04-17 06:30:05,29.1,57.7,56.6,53.8,0.0,0.0,0.0
2026-04-17 06:30:10,29.2,57.7,87.0,53.8,0.0,0.0,0.0
2026-04-17 06:30:15,29.1,57.9,80.8,53.8,0.0,0.0,0.0
2026-04-17 06:30:20,29.2,57.8,57.1,53.8,0.0,0.0,0.0
2026-04-17 06:30:25,29.1,57.6,71.8,53.8,0.0,0.0,0.0
2026-04-17 06:30:30,29.2,57.6,73.3,53.8,0.0,0.0,0.0
2026-04-17 06:30:35,29.3,57.4,77.2,53.8,0.0,0.0,0.0
2026-04-17 06:30:40,29.2,57.4,72.7,53.8,0.0,0.0,0.0
2026-04-17 06:30:45,29.2,57.4,72.5,53.8,0.0,0.0,0.0
2026-04-17 06:30:50,29.2,57.2,87.0,53.8,0.0,0.0,0.0
2026-04-17 06:30:55,29.2,57.2,71.6,53.8,0.0,0.0,0.0
2026-04-17 06:31:00,29.2,57.3,55.3,53.9,0.0,0.0,0.0
2026-04-17 06:31:05,29.2,57.2,84.5,53.9,0.0,0.0,0.0
2026-04-17 06:31:10,29.1,57.2,66.6,53.8,0.0,0.0,0.0
2026-04-17 06:31:15,29.4,57.1,78.0,53.8,0.0,0.0,0.0
2026-04-17 06:31:20,29.2,57.1,65.6,53.8,0.0,0.0,0.0
2026-04-17 06:31:25,29.2,57.2,61.0,53.8,0.0,0.0,0.0
2026-04-17 06:31:30,29.2,57.2,56.0,53.8,0.0,0.0,0.0
2026-04-17 06:31:35,29.2,57.2,56.3,53.8,0.0,0.0,0.0
2026-04-17 06:31:40,29.2,57.2,63.6,53.9,0.0,0.0,0.0
2026-04-17 06:31:45,29.1,57.2,79.4,53.9,0.0,0.0,0.0
2026-04-17 06:31:50,29.2,57.3,85.5,53.9,0.0,0.0,0.0
2026-04-17 06:31:55,29.3,57.3,66.1,53.8,0.0,0.0,0.0
2026-04-17 06:32:00,29.1,57.4,56.4,53.8,0.0,0.0,0.0
2026-04-17 06:32:05,29.1,57.3,82.9,53.8,0.0,0.0,0.0
2026-04-17 06:32:10,29.2,57.4,60.9,53.8,0.0,0.0,0.0
2026-04-17 06:32:15,29.1,57.5,72.2,53.8,0.0,0.0,0.0
2026-04-17 06:32:20,29.2,57.6,63.4,53.8,0.0,0.0,0.0
2026-04-17 06:32:25,29.2,57.6,75.4,53.8,0.0,0.0,0.0
2026-04-17 06:32:30,29.2,57.6,79.8,53.8,0.0,0.0,0.0
2026-04-17 06:32:35,29.2,57.6,63.6,53.8,0.0,0.0,0.0
2026-04-17 06:32:40,29.3,57.7,76.3,53.8,0.0,0.0,0.0
2026-04-17 06:32:45,29.1,57.7,79.7,53.8,0.0,0.0,0.0
2026-04-17 06:32:50,29.1,57.7,69.1,53.8,0.0,0.0,0.0
2026-04-17 06:32:55,29.2,57.5,80.7,53.8,0.0,0.0,0.0
2026-04-17 06:33:00,29.2,57.5,70.5,53.8,0.0,0.0,0.0
2026-04-17 06:33:05,29.2,57.4,76.5,53.8,0.0,0.0,0.0
2026-04-17 06:33:10,29.2,57.3,82.5,53.8,0.0,0.0,0.0
2026-04-17 06:33:15,29.3,57.2,87.2,53.8,0.0,0.0,0.0
2026-04-17 06:33:20,29.1,57.2,71.2,53.8,0.0,0.0,0.0
2026-04-17 06:33:25,29.3,57.1,81.1,53.8,0.0,0.0,0.0
2026-04-17 06:33:30,29.3,57.3,92.2,53.8,0.0,0.0,0.0
2026-04-17 06:33:35,29.2,57.3,97.0,53.8,0.0,0.0,0.0
2026-04-17 06:33:40,29.2,57.1,78.0,53.8,0.0,0.0,0.0
2026-04-17 06:33:45,29.2,57.1,77.0,53.8,0.0,0.0,0.0
2026-04-17 06:33:50,29.3,57.0,83.2,53.8,0.0,0.0,0.0
2026-04-17 06:33:55,29.3,56.9,88.7,53.8,0.0,0.0,0.0
2026-04-17 06:34:00,29.2,56.8,63.1,53.8,0.0,0.0,0.0
2026-04-17 06:34:05,29.2,56.9,60.2,53.8,0.0,0.0,0.0
2026-04-17 06:34:10,29.3,56.9,71.3,53.8,0.0,0.0,0.0
2026-04-17 06:34:15,29.2,56.8,73.4,53.8,0.0,0.0,0.0
2026-04-17 06:34:20,29.2,56.8,78.4,53.8,0.0,0.0,0.0
2026-04-17 06:34:25,29.3,57.0,77.8,53.8,0.0,0.0,0.0
2026-04-17 06:34:30,29.2,57.1,87.3,53.8,0.0,0.0,0.0
2026-04-17 06:34:35,29.2,57.2,86.0,53.8,0.0,0.0,0.0
2026-04-17 06:34:40,29.3,57.2,90.0,53.8,0.0,0.0,0.0
2026-04-17 06:34:45,29.3,57.3,80.7,53.8,0.0,0.0,0.0
2026-04-17 06:34:50,29.1,57.3,85.1,53.8,0.0,0.0,0.0
2026-04-17 06:34:55,29.3,57.4,78.2,53.8,0.0,0.0,0.0
2026-04-17 06:35:00,29.2,57.4,94.2,53.8,0.0,0.0,0.0
2026-04-17 06:35:05,29.2,57.3,83.8,53.8,0.0,0.0,0.0
2026-04-17 06:35:10,29.3,57.3,98.1,53.8,0.0,0.0,0.0
2026-04-17 06:35:15,29.0,57.4,71.0,53.8,0.0,0.0,0.0
2026-04-17 06:35:20,29.3,57.3,83.1,53.8,0.0,0.0,0.0
2026-04-17 06:35:25,29.2,57.3,81.8,53.8,0.0,0.0,0.0
2026-04-17 06:35:30,29.1,57.3,79.6,53.8,0.0,0.0,0.0
2026-04-17 06:35:35,29.3,57.4,73.3,53.8,0.0,0.0,0.0
2026-04-17 06:35:40,29.2,57.2,75.1,53.8,0.0,0.0,0.0
2026-04-17 06:35:45,29.4,57.3,73.2,53.8,0.0,0.0,0.0
2026-04-17 06:35:50,29.3,57.2,89.4,53.8,0.0,0.0,0.0
2026-04-17 06:35:55,29.4,57.5,67.9,53.8,0.0,0.0,0.0
2026-04-17 06:36:00,29.3,57.3,83.5,53.8,0.0,0.0,0.0
2026-04-17 06:36:05,29.4,57.3,95.4,53.8,0.0,0.0,0.0
2026-04-17 06:36:10,29.4,57.3,78.0,53.8,0.0,0.0,0.0
2026-04-17 06:36:15,29.2,57.2,91.1,53.8,0.0,0.0,0.0
2026-04-17 06:36:20,29.2,57.1,66.2,53.8,0.0,0.0,0.0
2026-04-17 06:36:25,29.3,57.1,80.6,53.8,0.0,0.0,0.0
2026-04-17 06:36:30,29.2,57.2,90.2,53.8,0.0,0.0,0.0
2026-04-17 06:36:35,29.2,57.2,76.2,53.8,0.0,0.0,0.0
2026-04-17 06:36:40,29.3,57.1,82.8,53.8,0.0,0.0,0.0
2026-04-17 06:36:45,29.2,57.2,89.7,53.8,0.0,0.0,0.0
2026-04-17 06:36:50,29.2,57.1,73.9,53.8,0.0,0.0,0.0
2026-04-17 06:36:55,29.3,57.0,90.0,53.8,0.0,0.0,0.0
2026-04-17 06:37:00,29.2,57.0,92.9,53.8,0.0,0.0,0.0
2026-04-17 06:37:05,29.2,57.0,76.1,53.8,0.0,0.0,0.0
2026-04-17 06:37:10,29.1,57.0,76.7,53.8,0.0,0.0,0.0
2026-04-17 06:37:15,29.2,57.0,85.4,53.8,0.0,0.0,0.0
2026-04-17 06:37:20,29.2,56.9,86.4,53.8,0.0,0.0,0.0
2026-04-17 06:37:25,29.3,56.9,85.6,53.8,0.0,0.0,0.0
2026-04-17 06:37:30,29.1,56.8,81.6,53.8,0.0,0.0,0.0
2026-04-17 06:37:35,29.2,56.9,79.2,53.8,0.0,0.0,0.0
2026-04-17 06:37:40,29.3,57.0,84.8,53.8,0.0,0.0,0.0
2026-04-17 06:37:45,29.3,56.8,101.9,53.8,0.0,0.0,0.0
2026-04-17 06:37:50,29.2,56.9,78.9,53.8,0.0,0.0,0.0
2026-04-17 06:37:55,29.4,56.9,80.3,53.8,0.0,0.0,0.0
2026-04-17 06:38:00,29.4,56.9,101.2,53.8,0.0,0.0,0.0
2026-04-17 06:38:05,29.3,57.1,105.2,53.8,0.0,0.0,0.0
2026-04-17 06:38:10,29.3,57.1,90.5,53.8,0.0,0.0,0.0
2026-04-17 06:38:15,29.2,57.0,98.0,53.8,0.0,0.0,0.0
2026-04-17 06:38:20,29.2,57.0,93.9,53.8,0.0,0.0,0.0
2026-04-17 06:38:25,29.1,57.0,88.2,53.8,0.0,0.0,0.0
2026-04-17 06:38:30,29.2,57.1,98.2,53.8,0.0,0.0,0.0
2026-04-17 06:38:35,29.2,57.1,95.0,53.8,0.0,0.0,0.0
2026-04-17 06:38:40,29.3,57.0,78.8,53.8,0.0,0.0,0.0
2026-04-17 06:38:45,29.2,57.2,88.4,53.8,0.0,0.0,0.0
2026-04-17 06:38:50,29.2,57.1,91.9,53.8,0.0,0.0,0.0
2026-04-17 06:38:55,29.3,57.1,95.1,53.8,0.0,0.0,0.0
2026-04-17 06:39:00,29.3,57.0,107.5,53.8,0.0,0.0,0.0
2026-04-17 06:39:05,29.2,57.0,80.5,53.8,0.0,0.0,0.0
2026-04-17 06:39:10,29.1,56.9,95.9,53.8,0.0,0.0,0.0
2026-04-17 06:39:15,29.1,56.8,96.7,53.8,0.0,0.0,0.0
2026-04-17 06:39:20,29.4,56.7,88.0,53.8,0.0,0.0,0.0
2026-04-17 06:39:25,29.4,56.8,101.4,53.8,0.0,0.0,0.0
2026-04-17 06:39:30,29.3,56.6,99.7,53.8,0.0,0.0,0.0
2026-04-17 06:39:35,29.3,56.6,84.4,53.8,0.0,0.0,0.0
2026-04-17 06:39:40,29.3,56.6,92.2,53.8,0.0,0.0,0.0
2026-04-17 06:39:45,29.3,56.7,95.2,53.8,0.0,0.0,0.0
2026-04-17 06:39:50,29.0,56.7,78.1,53.8,0.0,0.0,0.0
2026-04-17 06:39:55,29.2,56.9,99.1,53.9,0.0,0.0,0.0
2026-04-17 06:40:00,29.1,56.8,81.6,53.9,0.0,0.0,0.0
2026-04-17 06:40:05,29.3,56.7,102.6,53.8,0.0,0.0,0.0
2026-04-17 06:40:10,29.2,56.7,96.9,53.8,0.0,0.0,0.0
2026-04-17 06:40:15,29.3,56.8,93.3,53.8,0.0,0.0,0.0
2026-04-17 06:40:20,29.2,56.8,93.6,53.8,0.0,0.0,0.0
2026-04-17 06:40:25,29.3,56.7,119.5,53.8,0.0,0.0,0.0
2026-04-17 06:40:30,29.1,56.7,99.9,53.8,0.0,0.0,0.0
2026-04-17 06:40:35,29.2,56.6,71.3,53.8,0.0,0.0,0.0
2026-04-17 06:40:40,29.2,56.6,91.8,53.9,0.0,0.0,0.0
2026-04-17 06:40:45,29.2,56.6,91.7,53.9,0.0,0.0,0.0
2026-04-17 06:40:50,29.1,56.6,96.9,53.9,0.0,0.0,0.0
2026-04-17 06:40:55,29.4,56.6,108.2,53.8,0.0,0.0,0.0
2026-04-17 06:41:00,29.2,56.7,112.1,53.8,0.0,0.0,0.0
2026-04-17 06:41:05,29.3,56.7,99.0,53.8,0.0,0.0,0.0
2026-04-17 06:41:10,29.2,56.5,107.4,53.8,0.0,0.0,0.0
2026-04-17 06:41:15,29.2,56.4,76.1,53.8,0.0,0.0,0.0
2026-04-17 06:41:20,29.3,56.3,92.8,53.8,0.0,0.0,0.0
2026-04-17 06:41:25,29.3,56.4,95.2,53.8,0.0,0.0,0.0
2026-04-17 06:41:30,29.2,56.4,94.8,53.8,0.0,0.0,0.0
2026-04-17 06:41:35,29.3,56.5,94.5,53.8,0.0,0.0,0.0
2026-04-17 06:41:40,29.3,56.5,87.3,53.8,0.0,0.0,0.0
2026-04-17 06:41:45,29.1,56.5,87.4,53.8,0.0,0.0,0.0
2026-04-17 06:41:50,29.4,56.4,90.3,53.8,0.0,0.0,0.0
2026-04-17 06:41:55,29.3,56.5,97.4,53.8,0.0,0.0,0.0
2026-04-17 06:42:00,29.3,56.5,91.7,53.8,0.0,0.0,0.0
2026-04-17 06:42:05,29.2,56.6,85.6,53.8,0.0,0.0,0.0
2026-04-17 06:42:10,29.2,56.5,100.0,53.8,0.0,0.0,0.0
2026-04-17 06:42:15,29.5,56.4,93.9,53.8,0.0,0.0,0.0
2026-04-17 06:42:20,29.4,56.4,101.4,53.8,0.0,0.0,0.0
2026-04-17 06:42:25,29.1,56.6,106.7,53.8,0.0,0.0,0.0
2026-04-17 06:42:30,29.1,56.7,113.7,53.8,0.0,0.0,0.0
2026-04-17 06:42:35,29.1,56.5,106.0,53.9,0.0,0.0,0.0
2026-04-17 06:42:40,29.2,56.5,77.5,53.9,0.0,0.0,0.0
2026-04-17 06:42:45,29.3,56.3,105.8,53.8,0.0,0.0,0.0
2026-04-17 06:42:50,29.2,56.4,92.4,53.8,0.0,0.0,0.0
2026-04-17 06:42:55,29.2,56.3,100.5,53.9,0.0,0.0,0.0
2026-04-17 06:43:00,29.3,56.3,95.5,53.9,0.0,0.0,0.0
2026-04-17 06:43:05,29.2,56.3,107.5,53.9,0.0,0.0,0.0
2026-04-17 06:43:10,29.3,56.5,98.9,53.8,0.0,0.0,0.0
2026-04-17 06:43:15,29.3,56.4,97.1,53.8,0.0,0.0,0.0
2026-04-17 06:43:20,29.3,56.4,115.3,53.8,0.0,0.0,0.0
2026-04-17 06:43:25,29.1,56.5,94.2,53.8,0.0,0.0,0.0
2026-04-17 06:43:30,29.3,56.4,88.6,53.8,0.0,0.0,0.0
2026-04-17 06:43:35,29.3,56.4,112.3,53.8,0.0,0.0,0.0
2026-04-17 06:43:40,29.2,56.4,111.1,53.8,0.0,0.0,0.0
2026-04-17 06:43:45,29.2,56.4,108.1,53.8,0.0,0.0,0.0
2026-04-17 06:43:50,29.2,56.4,104.0,53.9,0.0,0.0,0.0
2026-04-17 06:43:55,29.4,56.3,105.3,53.9,0.0,0.0,0.0
2026-04-17 06:44:00,29.3,56.4,92.8,53.8,0.0,0.0,0.0
2026-04-17 06:44:05,29.4,56.4,97.6,53.8,0.0,0.0,0.0
2026-04-17 06:44:10,29.3,56.4,101.1,53.8,0.0,0.0,0.0
2026-04-17 06:44:15,29.2,56.3,97.9,53.8,0.0,0.0,0.0
2026-04-17 06:44:20,29.3,56.4,103.8,53.9,0.0,0.0,0.0
2026-04-17 06:44:25,29.2,56.5,129.8,53.9,0.0,0.0,0.0
2026-04-17 06:44:30,29.3,56.4,96.8,53.8,0.0,0.0,0.0
2026-04-17 06:44:35,29.3,56.5,109.2,53.8,0.0,0.0,0.0
2026-04-17 06:44:40,29.2,56.3,108.4,53.8,0.0,0.0,0.0
2026-04-17 06:44:45,29.1,56.4,116.7,53.8,0.0,0.0,0.0
2026-04-17 06:44:50,29.4,56.4,107.2,53.8,0.0,0.0,0.0
2026-04-17 06:44:55,29.3,56.4,112.6,53.9,0.0,0.0,0.0
2026-04-17 06:45:00,29.4,56.5,117.7,53.9,0.0,0.0,0.0
2026-04-17 06:45:05,29.3,56.4,98.5,53.9,0.0,0.0,0.0
2026-04-17 06:45:10,29.2,56.4,102.3,53.9,0.0,0.0,0.0
2026-04-17 06:45:15,29.4,56.4,85.7,53.8,0.0,0.0,0.0
2026-04-17 06:45:20,29.3,56.3,119.4,53.8,0.0,0.0,0.0
2026-04-17 06:45:25,29.2,56.5,97.4,53.8,0.0,0.0,0.0
2026-04-17 06:45:30,29.3,56.7,116.5,53.8,0.0,0.0,0.0
2026-04-17 06:45:35,29.2,56.7,109.8,53.8,0.0,0.0,0.0
2026-04-17 06:45:40,29.4,56.8,115.5,53.8,0.0,0.0,0.0
2026-04-17 06:45:45,29.3,56.8,113.3,53.8,0.0,0.0,0.0
2026-04-17 06:45:50,29.3,56.8,98.6,53.9,0.0,0.0,0.0
2026-04-17 06:45:55,29.4,56.7,90.1,53.9,0.0,0.0,0.0
2026-04-17 06:46:00,29.3,56.6,124.7,53.9,0.0,0.0,0.0
2026-04-17 06:46:05,29.4,56.6,95.3,53.9,0.0,0.0,0.0
2026-04-17 06:46:10,29.3,56.5,100.5,53.9,0.0,0.0,0.0
2026-04-17 06:46:15,29.3,56.4,99.1,53.9,0.0,0.0,0.0
2026-04-17 06:46:20,29.4,56.2,97.0,53.9,0.0,0.0,0.0
2026-04-17 06:46:25,29.3,56.2,111.3,53.9,0.0,0.0,0.0
2026-04-17 06:46:30,29.3,56.2,105.8,53.8,0.0,0.0,0.0
2026-04-17 06:46:35,29.3,56.2,93.0,53.8,0.0,0.0,0.0
2026-04-17 06:46:40,29.3,56.2,110.0,53.8,0.0,0.0,0.0
2026-04-17 06:46:45,29.2,56.0,118.7,53.9,0.0,0.0,0.0
2026-04-17 06:46:50,29.3,56.1,111.7,53.9,0.0,0.0,0.0
2026-04-17 06:46:55,29.3,56.0,103.3,53.9,0.0,0.0,0.0
2026-04-17 06:47:00,29.3,56.0,122.6,53.9,0.0,0.0,0.0
2026-04-17 06:47:05,29.4,55.8,112.2,53.9,0.0,0.0,0.0
2026-04-17 06:47:10,29.4,55.8,123.6,53.9,0.0,0.0,0.0
2026-04-17 06:47:15,29.3,55.8,116.1,53.9,0.0,0.0,0.0
2026-04-17 06:47:20,29.2,55.9,109.5,53.9,0.0,0.0,0.0
2026-04-17 06:47:25,29.3,55.8,110.4,53.9,0.0,0.0,0.0
2026-04-17 06:47:30,29.5,55.9,114.9,53.9,0.0,0.0,0.0
2026-04-17 06:47:35,29.5,55.9,101.7,53.8,0.0,0.0,0.0
2026-04-17 06:47:40,29.4,55.9,109.2,53.8,0.0,0.0,0.0
2026-04-17 06:47:45,29.4,56.0,106.0,53.8,0.0,0.0,0.0
2026-04-17 06:47:50,29.3,56.0,124.8,53.9,0.0,0.0,0.0
2026-04-17 06:47:55,29.3,55.7,116.4,53.9,0.0,0.0,0.0
2026-04-17 06:48:00,29.4,55.8,122.8,53.9,0.0,0.0,0.0
2026-04-17 06:48:05,29.3,55.9,112.8,53.9,0.0,0.0,0.0
2026-04-17 06:48:10,29.3,56.0,110.3,53.9,0.0,0.0,0.0
2026-04-17 06:48:15,29.3,56.0,110.7,53.9,0.0,0.0,0.0
2026-04-17 06:48:20,29.3,56.0,118.3,53.9,0.0,0.0,0.0
2026-04-17 06:48:25,29.4,55.9,124.3,53.9,0.0,0.0,0.0
2026-04-17 06:48:30,29.3,56.0,108.1,53.9,0.0,0.0,0.0
2026-04-17 06:48:35,29.3,56.1,132.9,53.9,0.0,0.0,0.0
2026-04-17 06:48:40,29.4,56.1,124.4,53.8,0.0,0.0,0.0
2026-04-17 06:48:45,29.4,55.9,101.6,53.8,0.0,0.0,0.0
2026-04-17 06:48:50,29.3,55.9,123.7,53.8,0.0,0.0,0.0
2026-04-17 06:48:55,29.4,55.9,133.5,53.8,0.0,0.0,0.0
2026-04-17 06:49:00,29.2,55.9,120.4,53.8,0.0,0.0,0.0
2026-04-17 06:49:05,29.3,56.0,117.9,53.8,0.0,0.0,0.0
2026-04-17 06:49:10,29.2,55.9,109.8,53.8,0.0,0.0,0.0
2026-04-17 06:49:15,29.4,55.9,105.7,53.8,0.0,0.0,0.0
2026-04-17 06:49:20,29.4,55.9,96.6,53.8,0.0,0.0,0.0
2026-04-17 06:49:25,29.4,56.0,117.2,53.8,0.0,0.0,0.0
2026-04-17 06:49:30,29.3,56.0,113.2,53.8,0.0,0.0,0.0
2026-04-17 06:49:35,29.4,56.0,132.3,53.8,0.0,0.0,0.0
2026-04-17 06:49:40,29.4,55.9,126.7,53.8,0.0,0.0,0.0
2026-04-17 06:49:45,29.3,56.1,108.7,53.8,0.0,0.0,0.0
2026-04-17 06:49:50,29.4,56.2,130.9,53.8,0.0,0.0,0.0
2026-04-17 06:49:55,29.4,56.2,123.3,53.8,0.0,0.0,0.0
2026-04-17 06:50:00,29.2,56.1,108.0,53.8,0.0,0.0,0.0
2026-04-17 06:50:05,29.3,56.1,120.0,53.8,0.0,0.0,0.0
2026-04-17 06:50:10,29.4,55.9,98.0,53.8,0.0,0.0,0.0
2026-04-17 06:50:15,29.4,56.1,117.2,53.8,0.0,0.0,0.0
2026-04-17 06:50:20,29.2,56.1,104.5,53.8,0.0,0.0,0.0
2026-04-17 06:50:25,29.4,55.9,104.3,53.8,0.0,0.0,0.0
2026-04-17 06:50:30,29.3,55.9,121.2,53.8,0.0,0.0,0.0
2026-04-17 06:50:35,29.4,55.7,110.9,53.8,0.0,0.0,0.0
2026-04-17 06:50:40,29.2,55.8,119.0,53.8,0.0,0.0,0.0
2026-04-17 06:50:45,29.3,55.7,123.3,53.8,0.0,0.0,0.0
2026-04-17 06:50:50,29.4,55.7,121.7,53.8,0.0,0.0,0.0
2026-04-17 06:50:55,29.4,55.7,117.8,53.8,0.0,0.0,0.0
2026-04-17 06:51:00,29.3,55.6,105.7,53.8,0.0,0.0,0.0
2026-04-17 06:51:05,29.4,55.7,113.8,53.8,0.0,0.0,0.0
2026-04-17 06:51:10,29.3,55.7,116.6,53.8,0.0,0.0,0.0
2026-04-17 06:51:15,29.4,55.8,139.4,53.8,0.0,0.0,0.0
2026-04-17 06:51:20,29.3,55.8,115.2,53.8,0.0,0.0,0.0
2026-04-17 06:51:25,29.2,55.8,115.7,53.8,0.0,0.0,0.0
2026-04-17 06:51:30,29.3,55.8,112.9,53.8,0.0,0.0,0.0
2026-04-17 06:51:35,29.2,55.8,137.2,53.8,0.0,0.0,0.0
2026-04-17 06:51:40,29.3,55.8,107.3,53.8,0.0,0.0,0.0
2026-04-17 06:51:45,29.3,55.9,111.2,53.8,0.0,0.0,0.0
2026-04-17 06:51:50,29.4,55.9,123.5,53.8,0.0,0.0,0.0
2026-04-17 06:51:55,29.4,56.0,117.0,53.8,0.0,0.0,0.0
2026-04-17 06:52:00,29.3,56.0,125.4,53.8,0.0,0.0,0.0
2026-04-17 06:52:05,29.4,56.1,110.7,53.8,0.0,0.0,0.0
2026-04-17 06:52:10,29.3,56.0,123.7,53.8,0.0,0.0,0.0
2026-04-17 06:52:15,29.4,55.9,118.1,53.8,0.0,0.0,0.0
2026-04-17 06:52:20,29.3,55.8,117.5,53.8,0.0,0.0,0.0
2026-04-17 06:52:25,29.5,55.7,121.9,53.8,0.0,0.0,0.0
2026-04-17 06:52:30,29.5,55.7,105.7,53.8,0.0,0.0,0.0
2026-04-17 06:52:35,29.4,55.8,116.0,53.8,0.0,0.0,0.0
2026-04-17 06:52:40,29.5,55.7,119.2,53.8,0.0,0.0,0.0
2026-04-17 06:52:45,29.4,55.7,119.3,53.8,0.0,0.0,0.0
2026-04-17 06:52:50,29.2,55.7,111.0,53.8,0.0,0.0,0.0
2026-04-17 06:52:55,29.3,55.8,127.0,53.8,0.0,0.0,0.0
2026-04-17 06:53:00,29.4,55.8,120.6,53.8,0.0,0.0,0.0
2026-04-17 06:53:05,29.5,55.6,122.1,53.8,0.0,0.0,0.0
2026-04-17 06:53:10,29.4,55.6,111.9,53.8,0.0,0.0,0.0
2026-04-17 06:53:15,29.5,55.5,139.0,53.8,0.0,0.0,0.0
2026-04-17 06:53:20,29.3,55.6,133.2,53.8,0.0,0.0,0.0
2026-04-17 06:53:25,29.4,55.5,121.3,53.8,0.0,0.0,0.0
2026-04-17 06:53:30,29.4,55.5,127.0,53.8,0.0,0.0,0.0
2026-04-17 06:53:35,29.3,55.6,139.9,53.8,0.0,0.0,0.0
2026-04-17 06:53:40,29.5,55.6,112.1,53.7,0.0,0.0,0.0
2026-04-17 06:53:45,29.3,55.6,144.0,53.7,0.0,0.0,0.0
2026-04-17 06:53:50,29.4,55.6,133.7,53.8,0.0,0.0,0.0
2026-04-17 06:53:55,29.4,55.7,116.8,53.8,0.0,0.0,0.0
2026-04-17 06:54:00,29.3,55.7,123.3,53.8,0.0,0.0,0.0
2026-04-17 06:54:05,29.3,55.8,129.6,53.8,0.0,0.0,0.0
2026-04-17 06:54:10,29.3,55.6,104.8,53.8,0.0,0.0,0.0
2026-04-17 06:54:15,29.3,55.5,128.2,53.8,0.0,0.0,0.0
2026-04-17 06:54:20,29.4,55.6,130.5,53.8,0.0,0.0,0.0
2026-04-17 06:54:25,29.5,55.5,139.4,53.8,0.0,0.0,0.0
2026-04-17 06:54:30,29.5,55.6,126.8,53.8,0.0,0.0,0.0
2026-04-17 06:54:35,29.4,55.6,121.4,53.8,0.0,0.0,0.0
2026-04-17 06:54:40,29.5,55.5,127.1,53.8,0.0,0.0,0.0
2026-04-17 06:54:45,29.4,55.4,130.8,53.8,0.0,0.0,0.0
2026-04-17 06:54:50,29.3,55.4,126.9,53.8,0.0,0.0,0.0
2026-04-17 06:54:55,29.5,55.3,140.7,53.8,0.0,0.0,0.0
2026-04-17 06:55:00,29.4,55.3,140.9,53.7,0.0,0.0,0.0
2026-04-17 06:55:05,29.4,55.4,140.4,53.7,0.0,0.0,0.0
2026-04-17 06:55:10,29.5,55.4,131.6,53.8,0.0,0.0,0.0
2026-04-17 06:55:15,29.3,55.5,123.5,53.8,0.0,0.0,0.0
2026-04-17 06:55:20,29.5,55.4,130.6,53.8,0.0,0.0,0.0
2026-04-17 06:55:25,29.3,55.5,115.3,53.7,0.0,0.0,0.0
2026-04-17 06:55:30,29.3,55.5,135.0,53.7,0.0,0.0,0.0
2026-04-17 06:55:35,29.5,55.6,133.0,53.7,0.0,0.0,0.0
2026-04-17 06:55:40,29.4,55.6,132.7,53.7,0.0,0.0,0.0
2026-04-17 06:55:45,29.5,55.5,123.8,53.7,0.0,0.0,0.0
2026-04-17 06:55:50,29.4,55.6,129.2,53.7,0.0,0.0,0.0
2026-04-17 06:55:55,29.4,55.5,128.4,53.7,0.0,0.0,0.0
2026-04-17 06:56:00,29.4,55.6,121.5,53.8,0.0,0.0,0.0
2026-04-17 06:56:05,29.5,55.6,110.2,53.8,0.0,0.0,0.0
2026-04-17 06:56:10,29.5,55.8,126.1,53.7,0.0,0.0,0.0
2026-04-17 06:56:15,29.6,55.8,137.2,53.7,0.0,0.0,0.0
2026-04-17 06:56:20,29.5,55.8,126.3,53.7,0.0,0.0,0.0
2026-04-17 06:56:25,29.4,55.8,140.4,53.7,0.0,0.0,0.0
2026-04-17 06:56:30,29.2,55.7,127.9,53.7,0.0,0.0,0.0
2026-04-17 06:56:35,29.5,55.6,125.0,53.7,0.0,0.0,0.0
2026-04-17 06:56:40,29.4,55.6,140.0,53.7,0.0,0.0,0.0
2026-04-17 06:56:45,29.5,55.5,141.1,53.7,0.0,0.0,0.0
2026-04-17 06:56:50,29.5,55.4,128.8,53.7,0.0,0.0,0.0
2026-04-17 06:56:55,29.4,55.5,139.2,53.7,0.0,0.0,0.0
2026-04-17 06:57:00,29.5,55.5,142.9,53.7,0.0,0.0,0.0
2026-04-17 06:57:05,29.4,55.4,130.9,53.7,0.0,0.0,0.0
2026-04-17 06:57:10,29.4,55.4,124.3,53.8,0.0,0.0,0.0
2026-04-17 06:57:15,29.4,55.2,143.6,53.8,0.0,0.0,0.0
2026-04-17 06:57:20,29.3,55.3,123.9,53.8,0.0,0.0,0.0
2026-04-17 06:57:25,29.3,55.2,143.8,53.8,0.0,0.0,0.0
2026-04-17 06:57:30,29.4,55.2,130.1,53.8,0.0,0.0,0.0
2026-04-17 06:57:35,29.4,55.2,134.0,53.8,0.0,0.0,0.0
2026-04-17 06:57:40,29.4,55.3,135.3,53.8,0.0,0.0,0.0
2026-04-17 06:57:45,29.5,55.4,139.4,53.8,0.0,0.0,0.0
2026-04-17 06:57:50,29.4,55.2,143.7,53.8,0.0,0.0,0.0
2026-04-17 06:57:55,29.5,55.2,121.3,53.7,0.0,0.0,0.0
2026-04-17 06:58:00,29.3,55.4,139.9,53.7,0.0,0.0,0.0
2026-04-17 06:58:05,29.4,55.3,118.7,53.7,0.0,0.0,0.0
2026-04-17 06:58:10,29.5,55.3,126.6,53.7,0.0,0.0,0.0
2026-04-17 06:58:15,29.4,55.5,130.1,53.8,0.0,0.0,0.0
2026-04-17 06:58:20,29.7,55.3,134.7,53.8,0.0,0.0,0.0
2026-04-17 06:58:25,29.5,55.2,134.8,53.8,0.0,0.0,0.0
2026-04-17 06:58:30,29.4,55.2,127.1,53.8,0.0,0.0,0.0
2026-04-17 06:58:35,29.4,55.1,141.6,53.7,0.0,0.0,0.0
2026-04-17 06:58:40,29.5,55.0,142.5,53.7,0.0,0.0,0.0
2026-04-17 06:58:45,29.4,55.0,144.5,53.7,0.0,0.0,0.0
2026-04-17 06:58:50,29.4,55.0,128.3,53.7,0.0,0.0,0.0
2026-04-17 06:58:55,29.4,55.0,150.3,53.7,0.0,0.0,0.0
2026-04-17 06:59:00,29.3,55.0,132.5,53.8,0.0,0.0,0.0
2026-04-17 06:59:05,29.3,55.0,147.2,53.8,0.0,0.0,0.0
2026-04-17 06:59:10,29.5,55.0,132.4,53.8,0.0,0.0,0.0
2026-04-17 06:59:15,29.3,55.1,134.3,53.8,0.0,0.0,0.0
2026-04-17 06:59:20,29.4,55.1,139.5,53.8,0.0,0.0,0.0
2026-04-17 06:59:25,29.6,55.1,142.6,53.8,0.0,0.0,0.0
2026-04-17 06:59:30,29.6,55.0,134.5,53.8,0.0,0.0,0.0
2026-04-17 06:59:35,29.6,55.0,148.0,53.8,0.0,0.0,0.0
2026-04-17 06:59:40,29.5,55.0,140.6,53.8,0.0,0.0,0.0
2026-04-17 06:59:45,29.4,55.0,134.8,53.8,0.0,1.0,0.0
2026-04-17 06:59:50,29.6,57.2,140.8,53.8,0.0,1.0,0.0
2026-04-17 06:59:55,29.6,59.2,133.9,53.8,0.0,1.0,0.0
