Timestamp,Temperature,Humidity,Light,Soil_Moisture,Drip,Mist,Fan
2026-04-17 17:00:00,31.2,52.8,127.2,54.1,0.0,0.0,0.0
2026-04-17 17:00:05,31.3,52.9,162.6,54.1,0.0,0.0,0.0
2026-04-17 17:00:10,31.5,52.9,134.4,54.1,0.0,0.0,0.0
2026-04-17 17:00:15,31.2,52.9,157.1,54.1,0.0,0.0,0.0
2026-04-17 17:00:20,31.2,53.0,136.1,54.1,0.0,0.0,0.0
2026-04-17 17:00:25,31.3,53.0,149.4,54.1,0.0,0.0,0.0
2026-04-17 17:00:30,31.2,52.9,147.5,54.1,0.0,0.0,0.0
2026-04-17 17:00:35,31.2,52.9,128.0,54.1,0.0,0.0,0.0
2026-04-17 17:00:40,31.4,53.0,142.1,54.1,0.0,0.0,0.0
2026-04-17 17:00:45,31.3,53.1,123.3,54.1,0.0,0.0,0.0
2026-04-17 17:00:50,31.3,53.1,135.5,54.1,0.0,0.0,0.0
2026-04-17 17:00:55,31.4,53.0,159.0,54.1,0.0,0.0,0.0
2026-04-17 17:01:00,31.4,52.9,130.6,54.1,0.0,0.0,0.0
2026-04-17 17:01:05,31.4,52.9,152.4,54.1,0.0,0.0,0.0
2026-04-17 17:01:10,31.2,52.8,135.5,54.1,0.0,0.0,0.0
2026-04-17 17:01:15,31.4,52.9,122.2,54.1,0.0,0.0,0.0
2026-04-17 17:01:20,31.3,53.0,134.5,54.1,0.0,0.0,0.0
2026-04-17 17:01:25,31.3,53.0,137.5,54.1,0.0,0.0,0.0
2026-04-17 17:01:30,31.4,53.0,131.9,54.1,0.0,0.0,0.0
2026-04-17 17:01:35,31.3,53.3,154.6,54.1,0.0,0.0,0.0
2026-04-17 17:01:40,31.3,53.2,122.5,54.1,0.0,0.0,0.0
2026-04-17 17:01:45,31.3,53.3,128.1,54.1,0.0,0.0,0.0
2026-04-17 17:01:50,31.4,53.3,154.9,54.1,0.0,0.0,0.0
2026-04-17 17:01:55,31.3,53.4,127.1,54.1,0.0,0.0,0.0
2026-04-17 17:02:00,31.4,53.4,139.8,54.1,0.0,0.0,0.0
2026-04-17 17:02:05,31.4,53.3,144.0,54.1,0.0,0.0,0.0
2026-04-17 17:02:10,31.1,53.3,151.5,54.1,0.0,0.0,0.0
2026-04-17 17:02:15,31.3,53.2,129.7,54.1,0.0,0.0,0.0
2026-04-17 17:02:20,31.3,53.4,156.4,54.1,0.0,0.0,0.0
2026-04-17 17:02:25,31.3,53.3,125.0,54.1,0.0,0.0,0.0
2026-04-17 17:02:30,31.2,53.4,142.7,54.1,0.0,0.0,0.0
2026-04-17 17:02:35,31.4,53.3,138.3,54.1,0.0,0.0,0.0
2026-04-17 17:02:40,31.4,53.3,135.5,54.1,0.0,0.0,0.0
2026-04-17 17:02:45,31.2,53.4,122.3,54.1,0.0,0.0,0.0
2026-04-17 17:02:50,31.3,53.4,147.9,54.1,0.0,0.0,0.0
2026-04-17 17:02:55,31.2,53.4,160.3,54.1,0.0,0.0,0.0
2026-04-17 17:03:00,31.3,53.5,137.6,54.1,0.0,0.0,0.0
2026-04-17 17:03:05,31.3,53.4,131.0,54.1,0.0,0.0,0.0
2026-04-17 17:03:10,31.3,53.4,121.6,54.1,0.0,0.0,0.0
2026-04-17 17:03:15,31.1,53.5,135.6,54.1,0.0,0.0,0.0
2026-04-17 17:03:20,31.3,53.5,131.5,54.1,0.0,0.0,0.0
2026-04-17 17:03:25,31.2,53.5,138.9,54.1,0.0,0.0,0.0
2026-04-17 17:03:30,31.2,53.5,148.2,54.1,0.0,0.0,0.0
2026-04-17 17:03:35,31.3,53.6,126.4,54.1,0.0,0.0,0.0
2026-04-17 17:03:40,31.3,53.7,138.1,54.1,0.0,0.0,0.0
2026-04-17 17:03:45,31.2,53.5,123.8,54.1,0.0,0.0,0.0
2026-04-17 17:03:50,31.2,53.6,130.5,54.1,0.0,0.0,0.0
2026-04-17 17:03:55,31.1,53.6,124.9,54.1,0.0,0.0,0.0
2026-04-17 17:04:00,31.2,53.8,142.6,54.1,0.0,0.0,0.0
2026-04-17 17:04:05,31.2,53.7,132.8,54.1,0.0,0.0,0.0
2026-04-17 17:04:10,31.1,53.7,106.8,54.1,0.0,0.0,0.0
2026-04-17 17:04:15,31.2,53.7,112.3,54.1,0.0,0.0,0.0
2026-04-17 17:04:20,31.3,53.7,133.8,54.1,0.0,0.0,0.0
2026-04-17 17:04:25,31.2,53.6,116.2,54.1,0.0,0.0,0.0
2026-04-17 17:04:30,31.3,53.6,143.9,54.1,0.0,0.0,0.0
2026-04-17 17:04:35,31.2,53.5,130.0,54.1,0.0,0.0,0.0
2026-04-17 17:04:40,31.3,53.7,130.4,54.1,0.0,0.0,0.0
2026-04-17 17:04:45,31.3,53.6,123.2,54.1,0.0,0.0,0.0
2026-04-17 17:04:50,31.2,53.7,126.0,54.1,0.0,0.0,0.0
2026-04-17 17:04:55,31.2,53.7,130.1,54.1,0.0,0.0,0.0
2026-04-17 17:05:00,31.1,53.7,138.8,54.1,0.0,0.0,0.0
2026-04-17 17:05:05,31.3,53.7,127.2,54.1,0.0,0.0,0.0
2026-04-17 17:05:10,31.2,53.7,132.4,54.1,0.0,0.0,0.0
2026-04-17 17:05:15,31.2,53.6,123.7,54.1,0.0,0.0,0.0
2026-04-17 17:05:20,31.2,53.5,122.6,54.1,0.0,0.0,0.0
2026-04-17 17:05:25,31.2,53.6,131.5,54.1,0.0,0.0,0.0
2026-04-17 17:05:30,31.3,53.5,135.3,54.1,0.0,0.0,0.0
2026-04-17 17:05:35,31.4,53.6,127.5,54.1,0.0,0.0,0.0
2026-04-17 17:05:40,31.4,53.6,132.2,54.1,0.0,0.0,0.0
2026-04-17 17:05:45,31.2,53.7,116.7,54.1,0.0,0.0,0.0
2026-04-17 17:05:50,31.3,53.7,119.9,54.1,0.0,0.0,0.0
2026-04-17 17:05:55,31.3,53.7,105.3,54.1,0.0,0.0,0.0
2026-04-17 17:06:00,31.2,53.7,138.1,54.1,0.0,0.0,0.0
2026-04-17 17:06:05,31.2,53.7,111.6,54.1,0.0,0.0,0.0
2026-04-17 17:06:10,31.3,53.8,127.5,54.1,0.0,0.0,0.0
2026-04-17 17:06:15,31.1,53.8,110.9,54.1,0.0,0.0,0.0
2026-04-17 17:06:20,31.2,53.9,119.9,54.1,0.0,0.0,0.0
2026-04-17 17:06:25,31.2,53.9,131.5,54.1,0.0,0.0,0.0
2026-04-17 17:06:30,31.1,53.9,124.2,54.1,0.0,0.0,0.0
2026-04-17 17:06:35,31.1,54.0,118.4,54.1,0.0,0.0,0.0
2026-04-17 17:06:40,31.3,53.9,110.4,54.1,0.0,0.0,0.0
2026-04-17 17:06:45,31.1,53.8,115.5,54.1,0.0,0.0,0.0
2026-04-17 17:06:50,31.4,53.9,117.9,54.1,0.0,0.0,0.0
2026-04-17 17:06:55,31.3,53.9,134.5,54.1,0.0,0.0,0.0
2026-04-17 17:07:00,31.2,53.9,139.4,54.1,0.0,0.0,0.0
2026-04-17 17:07:05,31.2,53.9,121.9,54.1,0.0,0.0,0.0
2026-04-17 17:07:10,31.1,53.8,116.0,54.1,0.0,0.0,0.0
2026-04-17 17:07:15,31.2,53.8,132.3,54.1,0.0,0.0,0.0
2026-04-17 17:07:20,31.2,53.6,117.4,54.1,0.0,0.0,0.0
2026-04-17 17:07:25,31.4,53.6,140.7,54.1,0.0,0.0,0.0
2026-04-17 17:07:30,31.3,53.6,112.7,54.1,0.0,0.0,0.0
2026-04-17 17:07:35,31.2,53.7,130.8,54.1,0.0,0.0,0.0
2026-04-17 17:07:40,31.4,53.8,121.8,54.1,0.0,0.0,0.0
2026-04-17 17:07:45,31.3,53.8,129.4,54.1,0.0,0.0,0.0
2026-04-17 17:07:50,31.3,53.8,119.7,54.1,0.0,0.0,0.0
2026-04-17 17:07:55,31.2,54.1,118.9,54.1,0.0,0.0,0.0
2026-04-17 17:08:00,31.3,54.0,127.4,54.1,0.0,0.0,0.0
2026-04-17 17:08:05,31.3,54.0,129.4,54.1,0.0,0.0,0.0
2026-04-17 17:08:10,31.2,54.0,127.5,54.1,0.0,0.0,0.0
2026-04-17 17:08:15,31.1,54.2,109.3,54.1,0.0,0.0,0.0
2026-04-17 17:08:20,31.2,54.2,111.9,54.1,0.0,0.0,0.0
2026-04-17 17:08:25,31.3,54.2,134.3,54.1,0.0,0.0,0.0
2026-04-17 17:08:30,31.1,54.2,111.6,54.1,0.0,0.0,0.0
2026-04-17 17:08:35,31.3,54.0,114.9,54.1,0.0,0.0,0.0
2026-04-17 17:08:40,31.4,54.0,118.2,54.1,0.0,0.0,0.0
2026-04-17 17:08:45,31.2,54.1,130.9,54.1,0.0,0.0,0.0
2026-04-17 17:08:50,31.4,54.1,118.7,54.1,0.0,0.0,0.0
2026-04-17 17:08:55,31.1,54.3,110.5,54.1,0.0,0.0,0.0
2026-04-17 17:09:00,31.2,54.2,106.1,54.1,0.0,0.0,0.0
2026-04-17 17:09:05,31.2,54.1,120.7,54.1,0.0,0.0,0.0
2026-04-17 17:09:10,31.2,54.1,111.3,54.1,0.0,0.0,0.0
2026-04-17 17:09:15,31.3,54.1,122.7,54.1,0.0,0.0,0.0
2026-04-17 17:09:20,31.3,54.3,108.4,54.1,0.0,0.0,0.0
2026-04-17 17:09:25,31.2,54.2,124.6,54.1,0.0,0.0,0.0
2026-04-17 17:09:30,31.2,54.1,119.9,54.1,0.0,0.0,0.0
2026-04-17 17:09:35,31.2,54.2,128.7,54.0,0.0,0.0,0.0
2026-04-17 17:09:40,31.3,54.0,125.7,54.0,0.0,0.0,0.0
2026-04-17 17:09:45,31.0,54.0,119.6,54.0,0.0,0.0,0.0
2026-04-17 17:09:50,31.4,53.7,134.7,54.1,0.0,0.0,0.0
2026-04-17 17:09:55,31.2,53.5,108.1,54.1,0.0,0.0,0.0
2026-04-17 17:10:00,31.3,53.5,108.9,54.1,0.0,0.0,0.0
2026-04-17 17:10:05,31.2,53.6,127.7,54.1,0.0,0.0,0.0
2026-04-17 17:10:10,31.2,53.6,121.7,54.0,0.0,0.0,0.0
2026-04-17 17:10:15,31.2,53.5,133.6,54.0,0.0,0.0,0.0
2026-04-17 17:10:20,31.3,53.5,101.0,54.0,0.0,0.0,0.0
2026-04-17 17:10:25,31.2,53.4,105.7,54.0,0.0,0.0,0.0
2026-04-17 17:10:30,31.2,53.4,111.0,54.0,0.0,0.0,0.0
2026-04-17 17:10:35,31.1,53.4,104.6,54.0,0.0,0.0,0.0
2026-04-17 17:10:40,31.2,53.4,110.6,54.0,0.0,0.0,0.0
2026-04-17 17:10:45,31.2,53.3,107.8,54.0,0.0,0.0,0.0
2026-04-17 17:10:50,31.1,53.5,131.7,54.0,0.0,0.0,0.0
2026-04-17 17:10:55,31.1,53.6,117.6,54.0,0.0,0.0,0.0
2026-04-17 17:11:00,31.2,53.6,124.2,54.0,0.0,0.0,0.0
2026-04-17 17:11:05,31.3,53.7,117.4,54.0,0.0,0.0,0.0
2026-04-17 17:11:10,31.1,53.5,125.2,54.0,0.0,0.0,0.0
2026-04-17 17:11:15,31.2,53.7,107.5,54.0,0.0,0.0,0.0
2026-04-17 17:11:20,31.3,53.6,103.5,54.0,0.0,0.0,0.0
2026-04-17 17:11:25,31.1,53.7,107.6,54.1,0.0,0.0,0.0
2026-04-17 17:11:30,31.1,53.7,110.6,54.1,0.0,0.0,0.0
2026-04-17 17:11:35,31.3,53.6,111.8,54.1,0.0,0.0,0.0
2026-04-17 17:11:40,31.1,53.7,90.9,54.1,0.0,0.0,0.0
2026-04-17 17:11:45,31.1,53.7,120.0,54.0,0.0,0.0,0.0
2026-04-17 17:11:50,31.3,53.8,116.3,54.0,0.0,0.0,0.0
2026-04-17 17:11:55,31.2,54.0,100.7,54.0,0.0,0.0,0.0
2026-04-17 17:12:00,31.1,54.0,114.2,54.1,0.0,0.0,0.0
2026-04-17 17:12:05,31.3,54.0,107.6,54.1,0.0,0.0,0.0
2026-04-17 17:12:10,31.4,53.9,112.6,54.1,0.0,0.0,0.0
2026-04-17 17:12:15,31.1,53.9,113.9,54.1,0.0,0.0,0.0
2026-04-17 17:12:20,31.2,53.8,121.8,54.0,0.0,0.0,0.0
2026-04-17 17:12:25,31.2,53.9,106.9,54.0,0.0,0.0,0.0
2026-04-17 17:12:30,31.2,54.0,117.7,54.0,0.0,0.0,0.0
2026-04-17 17:12:35,31.1,54.1,107.3,54.0,0.0,0.0,0.0
2026-04-17 17:12:40,31.1,54.2,98.9,54.0,0.0,0.0,0.0
2026-04-17 17:12:45,31.1,54.2,115.8,54.0,0.0,0.0,0.0
2026-04-17 17:12:50,31.1,54.2,114.6,54.0,0.0,0.0,0.0
2026-04-17 17:12:55,31.2,54.2,110.9,54.0,0.0,0.0,0.0
2026-04-17 17:13:00,31.2,54.2,112.1,54.0,0.0,0.0,0.0
2026-04-17 17:13:05,31.2,54.1,112.1,54.0,0.0,0.0,0.0
2026-04-17 17:13:10,31.2,54.1,113.4,54.0,0.0,0.0,0.0
2026-04-17 17:13:15,31.1,54.1,94.1,54.1,0.0,0.0,0.0
2026-04-17 17:13:20,31.0,54.1,106.2,54.1,0.0,0.0,0.0
2026-04-17 17:13:25,31.2,54.0,137.5,54.1,0.0,0.0,0.0
2026-04-17 17:13:30,31.1,54.1,101.2,54.1,0.0,0.0,0.0
2026-04-17 17:13:35,31.1,54.2,94.9,54.1,0.0,0.0,0.0
2026-04-17 17:13:40,31.2,54.4,108.4,54.0,0.0,0.0,0.0
2026-04-17 17:13:45,31.1,54.6,125.5,54.0,0.0,0.0,0.0
2026-04-17 17:13:50,31.2,54.6,119.7,54.0,0.0,0.0,0.0
2026-04-17 17:13:55,31.1,54.6,92.7,54.1,0.0,0.0,0.0
2026-04-17 17:14:00,31.2,54.6,108.5,54.1,0.0,0.0,0.0
2026-04-17 17:14:05,31.2,54.6,94.8,54.1,0.0,0.0,0.0
2026-04-17 17:14:10,31.0,54.7,105.8,54.1,0.0,0.0,0.0
2026-04-17 17:14:15,31.0,54.7,104.4,54.0,0.0,0.0,0.0
2026-04-17 17:14:20,31.1,54.8,123.5,54.0,0.0,0.0,0.0
2026-04-17 17:14:25,31.1,54.7,99.9,54.0,0.0,0.0,0.0
2026-04-17 17:14:30,31.1,54.8,92.8,54.0,0.0,0.0,0.0
2026-04-17 17:14:35,31.2,54.7,115.8,54.0,0.0,0.0,0.0
2026-04-17 17:14:40,31.0,54.7,109.3,54.0,0.0,0.0,0.0
2026-04-17 17:14:45,31.2,54.8,110.3,54.0,0.0,0.0,0.0
2026-04-17 17:14:50,31.1,54.8,113.2,54.0,0.0,0.0,0.0
2026-04-17 17:14:55,31.2,54.8,107.5,54.0,0.0,0.0,0.0
2026-04-17 17:15:00,31.1,54.6,109.6,54.0,0.0,0.0,0.0
2026-04-17 17:15:05,31.0,54.6,108.6,54.0,0.0,0.0,0.0
2026-04-17 17:15:10,31.2,54.6,97.4,54.0,0.0,0.0,0.0
2026-04-17 17:15:15,31.2,54.7,89.6,54.0,0.0,0.0,0.0
2026-04-17 17:15:20,31.2,54.7,108.1,54.0,0.0,0.0,0.0
2026-04-17 17:15:25,31.1,54.7,94.1,54.0,0.0,0.0,0.0
2026-04-17 17:15:30,31.0,54.7,118.6,54.1,0.0,0.0,0.0
2026-04-17 17:15:35,31.1,54.6,112.3,54.1,0.0,0.0,0.0
2026-04-17 17:15:40,31.1,54.6,94.0,54.1,0.0,0.0,0.0
2026-04-17 17:15:45,31.1,54.6,116.6,54.1,0.0,0.0,0.0
2026-04-17 17:15:50,31.0,54.5,104.9,54.1,0.0,0.0,0.0
2026-04-17 17:15:55,31.0,54.6,108.1,54.1,0.0,0.0,0.0
2026-04-17 17:16:00,31.2,54.5,114.1,54.1,0.0,0.0,0.0
2026-04-17 17:16:05,31.0,54.6,86.0,54.1,0.0,0.0,0.0
2026-04-17 17:16:10,31.1,54.6,99.9,54.1,0.0,0.0,0.0
2026-04-17 17:16:15,31.1,54.5,87.5,54.1,0.0,0.0,0.0
2026-04-17 17:16:20,31.0,54.5,87.0,54.1,0.0,0.0,0.0
2026-04-17 17:16:25,31.0,54.5,106.2,54.1,0.0,0.0,0.0
2026-04-17 17:16:30,31.1,54.7,97.4,54.1,0.0,0.0,0.0
2026-04-17 17:16:35,31.1,54.7,113.6,54.1,0.0,0.0,0.0
2026-04-17 17:16:40,31.1,54.6,94.2,54.1,0.0,0.0,0.0
2026-04-17 17:16:45,31.2,54.6,86.9,54.1,0.0,0.0,0.0
2026-04-17 17:16:50,31.1,54.6,119.4,54.1,0.0,0.0,0.0
2026-04-17 17:16:55,31.2,54.7,95.5,54.1,0.0,0.0,0.0
2026-04-17 17:17:00,30.9,54.6,99.5,54.1,0.0,0.0,0.0
2026-04-17 17:17:05,31.0,54.6,108.5,54.1,0.0,0.0,0.0
2026-04-17 17:17:10,31.1,54.6,90.1,54.1,0.0,0.0,0.0
2026-04-17 17:17:15,31.0,54.7,81.3,54.1,0.0,0.0,0.0
2026-04-17 17:17:20,31.0,54.7,98.1,54.0,0.0,0.0,0.0
2026-04-17 17:17:25,31.0,54.7,115.1,54.0,0.0,0.0,0.0
2026-04-17 17:17:30,31.0,54.6,109.9,54.0,0.0,0.0,0.0
2026-04-17 17:17:35,31.1,54.7,103.4,54.0,0.0,0.0,0.0
2026-04-17 17:17:40,31.0,54.8,98.6,54.0,0.0,0.0,0.0
2026-04-17 17:17:45,31.0,54.8,89.0,54.0,0.0,0.0,0.0
2026-04-17 17:17:50,31.1,55.0,88.7,54.0,0.0,0.0,0.0
2026-04-17 17:17:55,31.1,55.0,83.7,54.0,0.0,0.0,0.0
2026-04-17 17:18:00,31.0,54.8,80.8,54.0,0.0,0.0,0.0
2026-04-17 17:18:05,31.0,54.8,92.3,54.0,0.0,0.0,0.0
2026-04-17 17:18:10,31.0,54.9,102.4,54.0,0.0,0.0,0.0
2026-04-17 17:18:15,31.0,54.9,87.7,54.0,0.0,0.0,0.0
2026-04-17 17:18:20,31.1,54.9,121.2,54.0,0.0,0.0,0.0
2026-04-17 17:18:25,31.1,55.0,108.8,54.0,0.0,0.0,0.0
2026-04-17 17:18:30,31.0,55.0,100.2,54.0,0.0,0.0,0.0
2026-04-17 17:18:35,31.2,55.1,84.4,54.0,0.0,0.0,0.0
2026-04-17 17:18:40,31.1,55.2,90.8,54.0,0.0,0.0,0.0
2026-04-17 17:18:45,31.1,55.2,87.2,54.0,0.0,0.0,0.0
2026-04-17 17:18:50,31.1,55.1,99.8,54.0,0.0,0.0,0.0
2026-04-17 17:18:55,31.0,55.2,87.4,54.0,0.0,0.0,0.0
2026-04-17 17:19:00,31.1,55.2,79.0,54.0,0.0,0.0,0.0
2026-04-17 17:19:05,30.9,55.2,96.0,54.0,0.0,0.0,0.0
2026-04-17 17:19:10,31.1,55.2,78.8,54.0,0.0,0.0,0.0
2026-04-17 17:19:15,31.1,55.3,88.9,54.0,0.0,0.0,0.0
2026-04-17 17:19:20,30.9,55.1,104.3,54.0,0.0,0.0,0.0
2026-04-17 17:19:25,31.0,55.1,103.8,54.0,0.0,0.0,0.0
2026-04-17 17:19:30,31.1,55.1,99.7,54.0,0.0,0.0,0.0
2026-04-17 17:19:35,31.1,55.2,87.6,54.0,0.0,0.0,0.0
2026-04-17 17:19:40,31.0,55.2,97.0,54.0,0.0,0.0,0.0
2026-04-17 17:19:45,31.1,55.2,96.1,54.0,0.0,0.0,0.0
2026-04-17 17:19:50,30.9,55.2,114.2,54.0,0.0,0.0,0.0
2026-04-17 17:19:55,30.9,55.3,120.0,54.0,0.0,0.0,0.0
2026-04-17 17:20:00,31.2,55.4,109.3,54.0,0.0,0.0,0.0
2026-04-17 17:20:05,31.0,55.5,82.7,54.0,0.0,0.0,0.0
2026-04-17 17:20:10,31.0,55.5,90.8,54.0,0.0,0.0,0.0
2026-04-17 17:20:15,31.1,55.4,96.6,54.0,0.0,0.0,0.0
2026-04-17 17:20:20,30.9,55.5,95.5,54.0,0.0,0.0,0.0
2026-04-17 17:20:25,31.0,55.6,94.7,54.0,0.0,0.0,0.0
2026-04-17 17:20:30,31.0,55.7,97.0,54.0,0.0,0.0,0.0
2026-04-17 17:20:35,31.1,55.9,84.7,54.0,0.0,0.0,0.0
2026-04-17 17:20:40,31.1,55.9,96.2,54.0,0.0,0.0,0.0
2026-04-17 17:20:45,30.8,55.9,98.9,54.0,0.0,0.0,0.0
2026-04-17 17:20:50,31.1,55.8,88.9,54.0,0.0,0.0,0.0
2026-04-17 17:20:55,31.0,55.8,87.3,54.0,0.0,0.0,0.0
2026-04-17 17:21:00,30.9,55.8,88.7,54.0,0.0,0.0,0.0
2026-04-17 17:21:05,30.9,55.8,95.7,54.0,0.0,0.0,0.0
2026-04-17 17:21:10,31.1,55.7,80.7,54.0,0.0,0.0,0.0
2026-04-17 17:21:15,30.9,55.6,83.5,54.0,0.0,0.0,0.0
2026-04-17 17:21:20,31.1,55.5,83.9,54.0,0.0,0.0,0.0
2026-04-17 17:21:25,31.0,55.6,81.5,54.0,0.0,0.0,0.0
2026-04-17 17:21:30,31.0,55.7,86.2,54.0,0.0,0.0,0.0
2026-04-17 17:21:35,31.0,55.7,90.9,54.0,0.0,0.0,0.0
2026-04-17 17:21:40,31.1,55.8,81.0,54.0,0.0,0.0,0.0
2026-04-17 17:21:45,31.0,55.8,105.3,54.0,0.0,0.0,0.0
2026-04-17 17:21:50,31.1,55.8,98.1,54.0,0.0,0.0,0.0
2026-04-17 17:21:55,31.2,55.6,81.6,54.0,0.0,0.0,0.0
2026-04-17 17:22:00,31.1,55.7,86.8,54.1,0.0,0.0,0.0
2026-04-17 17:22:05,31.1,55.7,73.4,54.1,0.0,0.0,0.0
2026-04-17 17:22:10,31.1,55.5,98.1,54.1,0.0,0.0,0.0
2026-04-17 17:22:15,31.0,55.6,90.0,54.1,0.0,0.0,0.0
2026-04-17 17:22:20,31.0,55.6,94.4,54.1,0.0,0.0,0.0
2026-04-17 17:22:25,30.9,55.5,77.5,54.0,0.0,0.0,0.0
2026-04-17 17:22:30,31.0,55.4,66.2,54.0,0.0,0.0,0.0
2026-04-17 17:22:35,31.1,55.4,87.5,54.0,0.0,0.0,0.0
2026-04-17 17:22:40,31.1,55.5,108.9,54.0,0.0,0.0,0.0
2026-04-17 17:22:45,31.1,55.4,86.7,54.0,0.0,0.0,0.0
2026-04-17 17:22:50,31.0,55.6,83.1,54.0,0.0,0.0,0.0
2026-04-17 17:22:55,31.0,55.7,80.2,54.0,0.0,0.0,0.0
2026-04-17 17:23:00,31.1,55.6,98.2,54.0,0.0,0.0,0.0
2026-04-17 17:23:05,31.2,55.7,57.3,54.0,0.0,0.0,0.0
2026-04-17 17:23:10,31.0,55.6,81.6,54.0,0.0,0.0,0.0
2026-04-17 17:23:15,30.9,55.6,76.2,54.0,0.0,0.0,0.0
2026-04-17 17:23:20,31.1,55.8,87.7,54.0,0.0,0.0,0.0
2026-04-17 17:23:25,31.1,55.8,93.1,54.0,0.0,0.0,0.0
2026-04-17 17:23:30,31.0,55.8,88.9,54.0,0.0,0.0,0.0
2026-04-17 17:23:35,31.0,55.8,89.5,54.0,0.0,0.0,0.0
2026-04-17 17:23:40,31.1,55.6,76.4,54.0,0.0,0.0,0.0
2026-04-17 17:23:45,31.1,55.7,80.3,54.0,0.0,0.0,0.0
2026-04-17 17:23:50,31.1,55.7,75.0,54.0,0.0,0.0,0.0
2026-04-17 17:23:55,31.1,55.7,77.6,54.0,0.0,0.0,0.0
2026-04-17 17:24:00,30.9,55.7,84.0,54.0,0.0,0.0,0.0
2026-04-17 17:24:05,31.0,55.7,91.0,54.0,0.0,0.0,0.0
2026-04-17 17:24:10,31.0,55.6,85.3,54.0,0.0,0.0,0.0
2026-04-17 17:24:15,31.1,55.6,62.0,54.0,0.0,0.0,0.0
2026-04-17 17:24:20,31.0,55.6,58.9,54.0,0.0,0.0,0.0
2026-04-17 17:24:25,31.0,55.6,70.3,54.0,0.0,0.0,0.0
2026-04-17 17:24:30,31.1,55.7,74.5,54.0,0.0,0.0,0.0
2026-04-17 17:24:35,30.9,55.6,90.5,54.0,0.0,0.0,0.0
2026-04-17 17:24:40,31.0,55.7,70.3,54.0,0.0,0.0,0.0
2026-04-17 17:24:45,30.9,55.7,80.3,54.0,0.0,0.0,0.0
2026-04-17 17:24:50,31.1,55.8,89.4,54.0,0.0,0.0,0.0
2026-04-17 17:24:55,31.0,55.9,85.2,54.0,0.0,0.0,0.0
2026-04-17 17:25:00,31.1,55.8,92.0,54.0,0.0,0.0,0.0
2026-04-17 17:25:05,31.1,55.9,70.7,54.0,0.0,0.0,0.0
2026-04-17 17:25:10,31.0,55.7,74.7,54.0,0.0,0.0,0.0
2026-04-17 17:25:15,30.9,55.7,64.6,54.0,0.0,0.0,0.0
2026-04-17 17:25:20,31.0,55.8,73.8,54.0,0.0,0.0,0.0
2026-04-17 17:25:25,31.1,55.8,84.3,54.0,0.0,0.0,0.0
2026-04-17 17:25:30,30.9,55.8,91.9,54.0,0.0,0.0,0.0
2026-04-17 17:25:35,31.0,55.7,82.3,54.0,0.0,0.0,0.0
2026-04-17 17:25:40,31.1,55.8,78.3,54.0,0.0,0.0,0.0
2026-04-17 17:25:45,31.1,55.8,80.4,54.0,0.0,0.0,0.0
2026-04-17 17:25:50,30.9,55.8,81.2,54.0,0.0,0.0,0.0
2026-04-17 17:25:55,31.2,55.7,57.3,54.0,0.0,0.0,0.0
2026-04-17 17:26:00,31.0,55.7,64.3,54.0,0.0,0.0,0.0
2026-04-17 17:26:05,31.0,55.7,82.9,54.0,0.0,0.0,0.0
2026-04-17 17:26:10,30.9,55.8,82.7,54.0,0.0,0.0,0.0
2026-04-17 17:26:15,30.9,55.7,83.4,54.0,0.0,0.0,0.0
2026-04-17 17:26:20,31.0,55.5,67.2,54.0,0.0,0.0,0.0
2026-04-17 17:26:25,31.0,55.6,84.5,54.0,0.0,0.0,0.0
2026-04-17 17:26:30,31.1,55.8,68.1,54.0,0.0,0.0,0.0
2026-04-17 17:26:35,31.0,56.0,87.0,54.0,0.0,0.0,0.0
2026-04-17 17:26:40,30.9,56.0,62.8,54.0,0.0,0.0,0.0
2026-04-17 17:26:45,31.0,56.0,80.8,54.0,0.0,0.0,0.0
2026-04-17 17:26:50,31.0,56.0,96.4,54.0,0.0,0.0,0.0
2026-04-17 17:26:55,31.2,56.1,72.1,53.9,0.0,0.0,0.0
2026-04-17 17:27:00,30.8,55.9,90.7,53.9,0.0,0.0,0.0
2026-04-17 17:27:05,30.9,55.9,73.2,54.0,0.0,0.0,0.0
2026-04-17 17:27:10,31.0,55.9,39.5,54.0,0.0,0.0,0.0
2026-04-17 17:27:15,31.0,56.0,69.0,54.0,0.0,0.0,0.0
2026-04-17 17:27:20,31.1,56.0,78.2,54.0,0.0,0.0,0.0
2026-04-17 17:27:25,30.9,56.0,64.4,54.0,0.0,0.0,0.0
2026-04-17 17:27:30,31.0,56.0,77.1,54.0,0.0,0.0,0.0
2026-04-17 17:27:35,30.9,56.0,84.3,54.0,0.0,0.0,0.0
2026-04-17 17:27:40,30.8,56.0,56.3,54.0,0.0,0.0,0.0
2026-04-17 17:27:45,31.1,56.0,87.7,54.0,0.0,0.0,0.0
2026-04-17 17:27:50,31.0,56.1,61.8,54.0,0.0,0.0,0.0
2026-04-17 17:27:55,30.9,56.1,82.0,54.0,0.0,0.0,0.0
2026-04-17 17:28:00,30.8,56.1,75.4,54.0,0.0,0.0,0.0
2026-04-17 17:28:05,30.9,56.2,67.5,54.0,0.0,0.0,0.0
2026-04-17 17:28:10,30.9,56.1,74.4,54.0,0.0,0.0,0.0
2026-04-17 17:28:15,31.0,56.0,66.2,53.9,0.0,0.0,0.0
2026-04-17 17:28:20,30.9,56.0,67.1,53.9,0.0,0.0,0.0
2026-04-17 17:28:25,31.0,55.9,68.6,54.0,0.0,0.0,0.0
2026-04-17 17:28:30,31.0,55.9,67.2,54.0,0.0,0.0,0.0
2026-04-17 17:28:35,30.9,55.8,76.9,54.0,0.0,0.0,0.0
2026-04-17 17:28:40,30.9,55.9,58.6,54.0,0.0,0.0,0.0
2026-04-17 17:28:45,30.8,55.8,84.0,54.0,0.0,0.0,0.0
2026-04-17 17:28:50,31.0,55.9,68.3,54.0,0.0,0.0,0.0
2026-04-17 17:28:55,31.0,56.0,69.2,54.0,0.0,0.0,0.0
2026-04-17 17:29:00,30.9,55.9,59.6,54.0,0.0,0.0,0.0
2026-04-17 17:29:05,30.9,55.7,69.0,54.0,0.0,0.0,0.0
2026-04-17 17:29:10,31.0,55.9,79.9,54.0,0.0,0.0,0.0
2026-04-17 17:29:15,30.8,55.9,81.8,54.0,0.0,0.0,0.0
2026-04-17 17:29:20,31.0,55.9,80.7,54.0,0.0,0.0,0.0
2026-04-17 17:29:25,30.7,56.0,67.9,54.0,0.0,0.0,0.0
2026-04-17 17:29:30,30.9,56.0,80.3,54.0,0.0,0.0,0.0
2026-04-17 17:29:35,31.0,56.0,52.9,54.0,0.0,0.0,0.0
2026-04-17 17:29:40,30.9,56.1,68.2,54.0,0.0,0.0,0.0
2026-04-17 17:29:45,30.9,56.1,69.2,54.0,0.0,0.0,0.0
2026-04-17 17:29:50,30.9,56.0,53.2,54.0,0.0,0.0,0.0
2026-04-17 17:29:55,31.1,56.0,67.6,54.0,0.0,0.0,0.0
2026-04-17 17:30:00,31.0,56.0,78.3,54.0,0.0,0.0,0.0
2026-04-17 17:30:05,31.0,56.0,44.5,54.0,0.0,0.0,0.0
2026-04-17 17:30:10,30.9,56.0,42.9,54.0,0.0,0.0,0.0
2026-04-17 17:30:15,30.9,56.1,72.1,54.0,0.0,0.0,0.0
2026-04-17 17:30:20,31.0,56.1,64.1,54.0,0.0,0.0,0.0
2026-04-17 17:30:25,30.8,56.1,40.0,54.0,0.0,0.0,0.0
2026-04-17 17:30:30,31.0,56.1,57.6,54.0,0.0,0.0,0.0
2026-04-17 17:30:35,30.8,56.2,72.2,54.0,0.0,0.0,0.0
2026-04-17 17:30:40,30.8,56.2,56.9,54.0,0.0,0.0,0.0
2026-04-17 17:30:45,30.9,56.0,74.8,54.0,0.0,0.0,0.0
2026-04-17 17:30:50,30.9,55.9,67.8,54.0,0.0,0.0,0.0
2026-04-17 17:30:55,30.9,55.8,54.9,54.0,0.0,0.0,0.0
2026-04-17 17:31:00,30.9,55.9,65.5,54.0,0.0,0.0,0.0
2026-04-17 17:31:05,30.7,56.0,62.9,54.0,0.0,0.0,0.0
2026-04-17 17:31:10,30.9,55.8,66.0,54.0,0.0,0.0,0.0
2026-04-17 17:31:15,30.9,55.8,88.7,54.0,0.0,0.0,0.0
2026-04-17 17:31:20,30.9,55.8,67.9,54.0,0.0,0.0,0.0
2026-04-17 17:31:25,30.9,55.8,76.2,54.0,0.0,0.0,0.0
2026-04-17 17:31:30,30.9,55.8,76.0,54.0,0.0,0.0,0.0
2026-04-17 17:31:35,30.8,55.8,53.3,54.0,0.0,0.0,0.0
2026-04-17 17:31:40,30.8,56.0,73.2,54.0,0.0,0.0,0.0
2026-04-17 17:31:45,30.9,55.9,75.5,54.0,0.0,0.0,0.0
2026-04-17 17:31:50,30.8,55.9,55.1,54.0,0.0,0.0,0.0
2026-04-17 17:31:55,30.9,55.9,51.2,54.0,0.0,0.0,0.0
2026-04-17 17:32:00,30.9,56.0,55.0,54.0,0.0,0.0,0.0
2026-04-17 17:32:05,30.8,56.0,37.8,54.0,0.0,0.0,0.0
2026-04-17 17:32:10,30.8,56.0,79.0,54.0,0.0,0.0,0.0
2026-04-17 17:32:15,31.1,56.1,68.1,53.9,0.0,0.0,0.0
2026-04-17 17:32:20,30.9,56.1,62.3,53.9,0.0,0.0,0.0
2026-04-17 17:32:25,30.9,56.1,58.9,53.9,0.0,0.0,0.0
2026-04-17 17:32:30,30.9,56.0,54.3,53.9,0.0,0.0,0.0
2026-04-17 17:32:35,31.0,56.1,78.7,53.9,0.0,0.0,0.0
2026-04-17 17:32:40,30.9,56.1,54.1,54.0,0.0,0.0,0.0
2026-04-17 17:32:45,30.9,56.1,64.5,54.0,0.0,0.0,0.0
2026-04-17 17:32:50,30.8,56.1,87.0,54.0,0.0,0.0,0.0
2026-04-17 17:32:55,30.7,56.1,69.0,54.0,0.0,0.0,0.0
2026-04-17 17:33:00,30.9,56.1,61.2,54.0,0.0,0.0,0.0
2026-04-17 17:33:05,30.6,56.1,62.9,54.0,0.0,0.0,0.0
2026-04-17 17:33:10,30.8,56.1,65.1,54.0,0.0,0.0,0.0
2026-04-17 17:33:15,31.0,56.1,60.0,54.0,0.0,0.0,0.0
2026-04-17 17:33:20,30.8,56.1,50.9,54.0,0.0,0.0,0.0
2026-04-17 17:33:25,30.9,56.2,67.6,54.0,0.0,0.0,0.0
2026-04-17 17:33:30,30.8,56.3,62.5,54.0,0.0,0.0,0.0
2026-04-17 17:33:35,30.8,56.3,73.1,54.0,0.0,0.0,0.0
2026-04-17 17:33:40,30.9,56.4,52.4,54.0,0.0,0.0,0.0
2026-04-17 17:33:45,30.8,56.4,75.6,53.9,0.0,0.0,0.0
2026-04-17 17:33:50,30.8,56.3,54.9,53.9,0.0,0.0,0.0
2026-04-17 17:33:55,30.8,56.3,47.9,53.9,0.0,0.0,0.0
2026-04-17 17:34:00,30.8,56.4,49.9,53.9,0.0,0.0,0.0
2026-04-17 17:34:05,30.7,56.3,48.4,53.9,0.0,0.0,0.0
2026-04-17 17:34:10,30.8,56.3,40.0,53.9,0.0,0.0,0.0
2026-04-17 17:34:15,30.8,56.3,63.8,54.0,0.0,0.0,0.0
2026-04-17 17:34:20,30.8,56.2,50.3,54.0,0.0,0.0,0.0
2026-04-17 17:34:25,30.9,56.2,58.2,54.0,0.0,0.0,0.0
2026-04-17 17:34:30,30.9,56.2,68.3,54.0,0.0,0.0,0.0
2026-04-17 17:34:35,30.9,56.3,65.6,54.0,0.0,0.0,0.0
2026-04-17 17:34:40,30.9,56.3,61.7,54.0,0.0,0.0,0.0
2026-04-17 17:34:45,30.7,56.3,58.2,53.9,0.0,0.0,0.0
2026-04-17 17:34:50,30.9,56.2,60.3,53.9,0.0,0.0,0.0
2026-04-17 17:34:55,30.8,56.2,48.1,53.9,0.0,0.0,0.0
2026-04-17 17:35:00,30.7,56.3,50.4,53.9,0.0,0.0,0.0
2026-04-17 17:35:05,30.8,56.3,65.3,53.9,0.0,0.0,0.0
2026-04-17 17:35:10,31.0,56.2,63.2,53.9,0.0,0.0,0.0
2026-04-17 17:35:15,30.7,56.2,54.2,53.9,0.0,0.0,0.0
2026-04-17 17:35:20,30.6,56.3,40.4,53.9,0.0,0.0,0.0
2026-04-17 17:35:25,30.6,56.4,53.2,53.9,0.0,0.0,0.0
2026-04-17 17:35:30,30.9,56.6,46.4,53.9,0.0,0.0,0.0
2026-04-17 17:35:35,30.7,56.5,70.1,53.9,0.0,0.0,0.0
2026-04-17 17:35:40,30.9,56.6,64.3,53.9,0.0,0.0,0.0
2026-04-17 17:35:45,30.9,56.6,58.6,53.9,0.0,0.0,0.0
2026-04-17 17:35:50,30.8,56.7,56.8,53.9,0.0,0.0,0.0
2026-04-17 17:35:55,30.8,56.6,63.1,53.9,0.0,0.0,0.0
2026-04-17 17:36:00,30.8,56.6,58.5,53.9,0.0,0.0,0.0
2026-04-17 17:36:05,30.9,56.6,51.6,53.9,0.0,0.0,0.0
2026-04-17 17:36:10,30.8,56.6,68.3,53.9,0.0,0.0,0.0
2026-04-17 17:36:15,30.9,56.6,52.4,53.9,0.0,0.0,0.0
2026-04-17 17:36:20,30.8,56.7,48.8,53.9,0.0,0.0,0.0
2026-04-17 17:36:25,30.8,56.8,62.3,53.9,0.0,0.0,0.0
2026-04-17 17:36:30,30.8,56.8,60.6,53.9,0.0,0.0,0.0
2026-04-17 17:36:35,31.0,56.7,49.9,53.9,0.0,0.0,0.0
2026-04-17 17:36:40,30.8,56.6,51.2,53.9,0.0,0.0,0.0
2026-04-17 17:36:45,30.7,56.6,50.0,53.9,0.0,0.0,0.0
2026-04-17 17:36:50,30.8,56.5,37.1,53.9,0.0,0.0,0.0
2026-04-17 17:36:55,31.0,56.5,45.7,53.9,0.0,0.0,0.0
2026-04-17 17:37:00,30.9,56.5,65.0,53.9,0.0,0.0,0.0
2026-04-17 17:37:05,30.8,56.6,60.6,53.9,0.0,0.0,0.0
2026-04-17 17:37:10,30.7,56.6,50.3,53.9,0.0,0.0,0.0
2026-04-17 17:37:15,30.8,56.6,60.1,53.9,0.0,0.0,0.0
2026-04-17 17:37:20,30.9,56.8,50.4,53.9,0.0,0.0,0.0
2026-04-17 17:37:25,30.9,56.9,56.6,53.9,0.0,0.0,0.0
2026-04-17 17:37:30,30.8,57.0,53.6,53.9,0.0,0.0,0.0
2026-04-17 17:37:35,30.9,57.2,41.7,53.9,0.0,0.0,0.0
2026-04-17 17:37:40,30.8,57.2,44.6,53.9,0.0,0.0,0.0
2026-04-17 17:37:45,30.8,57.2,67.4,53.9,0.0,0.0,0.0
2026-04-17 17:37:50,31.0,57.2,66.0,53.9,0.0,0.0,0.0
2026-04-17 17:37:55,30.8,57.2,70.0,53.9,0.0,0.0,0.0
2026-04-17 17:38:00,30.8,57.1,56.0,53.9,0.0,0.0,0.0
2026-04-17 17:38:05,30.9,57.1,47.0,53.9,0.0,0.0,0.0
2026-04-17 17:38:10,30.8,57.2,55.2,53.9,0.0,0.0,0.0
2026-04-17 17:38:15,30.7,57.2,51.6,53.9,0.0,0.0,0.0
2026-04-17 17:38:20,30.9,57.2,37.9,53.9,0.0,0.0,0.0
2026-04-17 17:38:25,30.7,57.1,36.0,53.9,0.0,0.0,0.0
2026-04-17 17:38:30,30.8,57.1,66.6,53.9,0.0,0.0,0.0
2026-04-17 17:38:35,30.7,57.1,48.8,53.9,0.0,0.0,0.0
2026-04-17 17:38:40,30.8,57.2,58.6,53.9,0.0,0.0,0.0
2026-04-17 17:38:45,30.9,57.3,48.3,53.9,0.0,0.0,0.0
2026-04-17 17:38:50,30.8,57.4,62.7,53.9,0.0,0.0,0.0
2026-04-17 17:38:55,30.7,57.3,57.1,53.9,0.0,0.0,0.0
2026-04-17 17:39:00,30.7,57.2,47.0,53.9,0.0,0.0,0.0
2026-04-17 17:39:05,30.9,57.1,51.6,53.9,0.0,0.0,0.0
2026-04-17 17:39:10,30.9,57.2,47.2,53.9,0.0,0.0,0.0
2026-04-17 17:39:15,30.8,57.3,60.3,53.9,0.0,0.0,0.0
2026-04-17 17:39:20,30.8,57.3,27.2,53.9,0.0,0.0,0.0
2026-04-17 17:39:25,30.8,57.2,57.7,53.9,0.0,0.0,0.0
2026-04-17 17:39:30,30.9,57.2,19.8,53.9,0.0,0.0,0.0
2026-04-17 17:39:35,30.7,57.3,35.9,53.9,0.0,0.0,0.0
2026-04-17 17:39:40,30.9,57.2,55.2,53.9,0.0,0.0,0.0
2026-04-17 17:39:45,30.8,57.1,36.9,53.9,0.0,0.0,0.0
2026-04-17 17:39:50,30.8,57.1,40.3,53.9,0.0,0.0,0.0
2026-04-17 17:39:55,30.8,57.1,55.4,53.9,0.0,0.0,0.0
2026-04-17 17:40:00,30.8,57.1,23.7,53.9,0.0,0.0,0.0
2026-04-17 17:40:05,30.7,57.2,45.6,53.9,0.0,0.0,0.0
2026-04-17 17:40:10,30.8,57.3,66.6,53.9,0.0,0.0,0.0
2026-04-17 17:40:15,30.7,57.3,47.0,53.9,0.0,0.0,0.0
2026-04-17 17:40:20,30.8,57.2,33.3,53.8,0.0,0.0,0.0
2026-04-17 17:40:25,30.8,57.2,38.4,53.8,0.0,0.0,0.0
2026-04-17 17:40:30,30.9,57.1,37.1,53.9,0.0,0.0,0.0
2026-04-17 17:40:35,30.8,57.0,52.7,53.9,0.0,0.0,0.0
2026-04-17 17:40:40,30.8,57.0,20.2,53.9,0.0,0.0,0.0
2026-04-17 17:40:45,30.7,57.1,43.7,53.8,0.0,0.0,0.0
2026-04-17 17:40:50,30.7,57.0,52.7,53.8,0.0,0.0,0.0
2026-04-17 17:40:55,30.9,57.1,52.0,53.8,0.0,0.0,0.0
2026-04-17 17:41:00,30.8,57.2,64.1,53.8,0.0,0.0,0.0
2026-04-17 17:41:05,30.9,57.3,41.0,53.8,0.0,0.0,0.0
2026-04-17 17:41:10,30.8,57.4,43.1,53.9,0.0,0.0,0.0
2026-04-17 17:41:15,30.8,57.3,41.9,53.9,0.0,0.0,0.0
2026-04-17 17:41:20,30.9,57.5,31.2,53.9,0.0,0.0,0.0
2026-04-17 17:41:25,30.7,57.6,48.4,53.9,0.0,0.0,0.0
2026-04-17 17:41:30,30.7,57.6,55.4,53.8,0.0,0.0,0.0
2026-04-17 17:41:35,30.9,57.6,55.9,53.8,0.0,0.0,0.0
2026-04-17 17:41:40,30.8,57.6,49.5,53.8,0.0,0.0,0.0
2026-04-17 17:41:45,30.8,57.7,45.1,53.8,0.0,0.0,0.0
2026-04-17 17:41:50,30.8,57.6,32.6,53.9,0.0,0.0,0.0
2026-04-17 17:41:55,30.9,57.5,31.5,53.9,0.0,0.0,0.0
2026-04-17 17:42:00,30.8,57.5,32.9,53.9,0.0,0.0,0.0
2026-04-17 17:42:05,30.7,57.5,40.2,53.9,0.0,0.0,0.0
2026-04-17 17:42:10,30.9,57.4,48.8,53.9,0.0,0.0,0.0
2026-04-17 17:42:15,30.8,57.3,32.7,53.9,0.0,0.0,0.0
2026-04-17 17:42:20,30.8,57.4,51.0,53.9,0.0,0.0,0.0
2026-04-17 17:42:25,30.7,57.3,58.5,53.9,0.0,0.0,0.0
2026-04-17 17:42:30,30.8,57.3,58.2,53.9,0.0,0.0,0.0
2026-04-17 17:42:35,30.8,57.4,37.2,53.9,0.0,0.0,0.0
2026-04-17 17:42:40,30.7,57.3,62.5,53.9,0.0,0.0,0.0
2026-04-17 17:42:45,30.7,57.3,41.0,53.9,0.0,0.0,0.0
2026-04-17 17:42:50,30.7,57.3,53.0,53.9,0.0,0.0,0.0
2026-04-17 17:42:55,30.7,57.5,48.0,53.9,0.0,0.0,0.0
2026-04-17 17:43:00,30.8,57.5,45.1,53.9,0.0,0.0,0.0
2026-04-17 17:43:05,30.7,57.7,37.9,53.9,0.0,0.0,0.0
2026-04-17 17:43:10,30.7,57.7,49.8,53.9,0.0,0.0,0.0
2026-04-17 17:43:15,30.7,57.7,34.2,53.9,0.0,0.0,0.0
2026-04-17 17:43:20,30.7,57.8,43.7,53.8,0.0,0.0,0.0
2026-04-17 17:43:25,30.7,57.8,48.8,53.8,0.0,0.0,0.0
2026-04-17 17:43:30,30.7,57.8,49.9,53.8,0.0,0.0,0.0
2026-04-17 17:43:35,30.6,57.8,54.8,53.8,0.0,0.0,0.0
2026-04-17 17:43:40,30.7,57.8,35.3,53.8,0.0,0.0,0.0
2026-04-17 17:43:45,30.8,57.9,43.1,53.8,0.0,0.0,0.0
2026-04-17 17:43:50,30.8,57.9,43.4,53.8,0.0,0.0,0.0
2026-04-17 17:43:55,30.7,57.9,23.0,53.8,0.0,0.0,0.0
2026-04-17 17:44:00,30.7,57.9,27.5,53.8,0.0,0.0,0.0
2026-04-17 17:44:05,30.7,57.8,37.8,53.8,0.0,0.0,0.0
2026-04-17 17:44:10,30.7,57.9,40.7,53.8,0.0,0.0,0.0
2026-04-17 17:44:15,30.7,57.8,31.2,53.8,0.0,0.0,0.0
2026-04-17 17:44:20,30.8,57.7,50.9,53.8,0.0,0.0,0.0
2026-04-17 17:44:25,30.8,57.7,34.2,53.8,0.0,0.0,0.0
2026-04-17 17:44:30,30.7,57.7,34.9,53.8,0.0,0.0,0.0
2026-04-17 17:44:35,30.9,57.8,34.5,53.8,0.0,0.0,0.0
2026-04-17 17:44:40,30.9,57.8,24.8,53.8,0.0,0.0,0.0
2026-04-17 17:44:45,30.7,57.8,41.6,53.8,0.0,0.0,0.0
2026-04-17 17:44:50,30.8,57.8,37.2,53.8,0.0,0.0,0.0
2026-04-17 17:44:55,30.8,57.7,49.3,53.8,0.0,0.0,0.0
2026-04-17 17:45:00,30.7,57.9,32.5,53.8,0.0,0.0,0.0
2026-04-17 17:45:05,30.8,57.8,25.8,53.8,0.0,0.0,0.0
2026-04-17 17:45:10,30.7,57.7,39.9,53.8,0.0,0.0,0.0
2026-04-17 17:45:15,30.7,57.7,51.9,53.8,0.0,0.0,0.0
2026-04-17 17:45:20,31.0,57.8,20.5,53.8,0.0,0.0,0.0
2026-04-17 17:45:25,30.7,57.7,52.1,53.9,0.0,0.0,0.0
2026-04-17 17:45:30,30.9,57.8,24.4,53.9,0.0,0.0,0.0
2026-04-17 17:45:35,30.8,57.8,35.1,53.9,0.0,0.0,0.0
2026-04-17 17:45:40,30.8,57.9,27.4,53.9,0.0,0.0,0.0
2026-04-17 17:45:45,30.8,57.8,49.8,53.9,0.0,0.0,0.0
2026-04-17 17:45:50,30.4,57.8,38.9,53.8,0.0,0.0,0.0
2026-04-17 17:45:55,30.8,57.8,47.5,53.8,0.0,0.0,0.0
2026-04-17 17:46:00,30.6,57.7,25.7,53.8,0.0,0.0,0.0
2026-04-17 17:46:05,30.7,57.7,34.1,53.8,0.0,0.0,0.0
2026-04-17 17:46:10,30.7,57.8,37.0,53.8,0.0,0.0,0.0
2026-04-17 17:46:15,30.6,57.9,38.2,53.8,0.0,0.0,0.0
2026-04-17 17:46:20,30.8,58.1,45.8,53.9,0.0,0.0,0.0
2026-04-17 17:46:25,30.7,58.1,31.8,53.9,0.0,0.0,0.0
2026-04-17 17:46:30,30.9,58.2,27.0,53.9,0.0,0.0,0.0
2026-04-17 17:46:35,30.7,58.2,25.3,53.9,0.0,0.0,0.0
2026-04-17 17:46:40,30.7,58.2,55.5,53.8,0.0,0.0,0.0
2026-04-17 17:46:45,30.7,58.3,40.9,53.8,0.0,0.0,0.0
2026-04-17 17:46:50,30.6,58.3,26.8,53.9,0.0,0.0,0.0
2026-04-17 17:46:55,30.7,58.2,44.5,53.9,0.0,0.0,0.0
2026-04-17 17:47:00,30.8,58.3,22.9,53.9,0.0,0.0,0.0
2026-04-17 17:47:05,30.6,58.4,54.4,53.9,0.0,0.0,0.0
2026-04-17 17:47:10,30.7,58.3,15.8,53.9,0.0,0.0,0.0
2026-04-17 17:47:15,30.8,58.2,29.4,53.8,0.0,0.0,0.0
2026-04-17 17:47:20,30.8,58.1,30.7,53.8,0.0,0.0,0.0
2026-04-17 17:47:25,30.6,58.1,34.2,53.8,0.0,0.0,0.0
2026-04-17 17:47:30,30.8,58.1,24.9,53.8,0.0,0.0,0.0
2026-04-17 17:47:35,30.6,58.1,54.7,53.8,0.0,0.0,0.0
2026-04-17 17:47:40,30.7,58.2,29.7,53.8,0.0,0.0,0.0
2026-04-17 17:47:45,30.7,58.1,30.2,53.9,0.0,0.0,0.0
2026-04-17 17:47:50,30.7,58.1,21.8,53.9,0.0,0.0,0.0
2026-04-17 17:47:55,30.6,58.2,22.3,53.9,0.0,0.0,0.0
2026-04-17 17:48:00,30.6,58.2,20.4,53.9,0.0,0.0,0.0
2026-04-17 17:48:05,30.7,58.2,29.6,53.9,0.0,0.0,0.0
2026-04-17 17:48:10,30.7,58.1,26.1,53.9,0.0,0.0,0.0
2026-04-17 17:48:15,30.7,58.1,22.2,53.9,0.0,0.0,0.0
2026-04-17 17:48:20,30.7,58.1,44.6,53.9,0.0,0.0,0.0
2026-04-17 17:48:25,30.7,58.2,26.3,53.9,0.0,0.0,0.0
2026-04-17 17:48:30,30.7,58.3,41.0,53.9,0.0,0.0,0.0
2026-04-17 17:48:35,30.6,58.1,29.3,53.9,0.0,0.0,0.0
2026-04-17 17:48:40,30.7,58.0,48.1,53.9,0.0,0.0,0.0
2026-04-17 17:48:45,30.6,58.1,19.6,53.9,0.0,0.0,0.0
2026-04-17 17:48:50,30.7,58.1,14.6,53.8,0.0,0.0,0.0
2026-04-17 17:48:55,30.5,58.1,38.8,53.8,0.0,0.0,0.0
2026-04-17 17:49:00,30.8,58.1,22.4,53.9,0.0,0.0,0.0
2026-04-17 17:49:05,30.6,58.0,17.9,53.9,0.0,0.0,0.0
2026-04-17 17:49:10,30.7,58.0,37.9,53.8,0.0,0.0,0.0
2026-04-17 17:49:15,30.6,58.0,45.5,53.8,0.0,0.0,0.0
2026-04-17 17:49:20,30.6,58.0,30.7,53.9,0.0,0.0,0.0
2026-04-17 17:49:25,30.6,57.8,35.4,53.9,0.0,0.0,0.0
2026-04-17 17:49:30,30.6,57.8,20.3,53.9,0.0,0.0,0.0
2026-04-17 17:49:35,30.6,57.8,26.2,53.9,0.0,0.0,0.0
2026-04-17 17:49:40,30.6,58.0,28.0,53.9,0.0,0.0,0.0
2026-04-17 17:49:45,30.6,58.0,31.3,53.9,0.0,0.0,0.0
2026-04-17 17:49:50,30.7,58.0,21.8,53.9,0.0,0.0,0.0
2026-04-17 17:49:55,30.6,58.0,33.4,53.8,0.0,0.0,0.0
2026-04-17 17:50:00,30.6,58.1,58.6,53.8,0.0,0.0,0.0
2026-04-17 17:50:05,30.5,58.1,52.1,53.8,0.0,0.0,0.0
2026-04-17 17:50:10,30.4,58.1,29.9,53.8,0.0,0.0,0.0
2026-04-17 17:50:15,30.6,58.1,21.5,53.8,0.0,0.0,0.0
2026-04-17 17:50:20,30.7,58.1,32.7,53.8,0.0,0.0,0.0
2026-04-17 17:50:25,30.6,58.1,31.8,53.8,0.0,0.0,0.0
2026-04-17 17:50:30,30.6,58.1,24.0,53.8,0.0,0.0,0.0
2026-04-17 17:50:35,30.5,58.0,28.9,53.8,0.0,0.0,0.0
2026-04-17 17:50:40,30.6,58.0,31.8,53.8,0.0,0.0,0.0
2026-04-17 17:50:45,30.6,58.0,16.7,53.8,0.0,0.0,0.0
2026-04-17 17:50:50,30.6,58.1,18.6,53.8,0.0,0.0,0.0
2026-04-17 17:50:55,30.6,58.2,19.5,53.8,0.0,0.0,0.0
2026-04-17 17:51:00,30.5,58.2,38.7,53.8,0.0,0.0,0.0
2026-04-17 17:51:05,30.6,58.3,37.5,53.8,0.0,0.0,0.0
2026-04-17 17:51:10,30.6,58.4,33.3,53.8,0.0,0.0,0.0
2026-04-17 17:51:15,30.6,58.4,39.4,53.8,0.0,0.0,0.0
2026-04-17 17:51:20,30.5,58.3,35.5,53.8,0.0,0.0,0.0
2026-04-17 17:51:25,30.5,58.4,25.7,53.8,0.0,0.0,0.0
2026-04-17 17:51:30,30.7,58.4,17.1,53.8,0.0,0.0,0.0
2026-04-17 17:51:35,30.7,58.3,31.8,53.8,0.0,0.0,0.0
2026-04-17 17:51:40,30.5,58.3,19.8,53.8,0.0,0.0,0.0
2026-04-17 17:51:45,30.7,58.4,24.5,53.8,0.0,0.0,0.0
2026-04-17 17:51:50,30.4,58.5,35.0,53.8,0.0,0.0,0.0
2026-04-17 17:51:55,30.6,58.5,20.0,53.8,0.0,0.0,0.0
2026-04-17 17:52:00,30.6,58.5,13.9,53.8,0.0,0.0,0.0
2026-04-17 17:52:05,30.5,58.6,15.8,53.9,0.0,0.0,0.0
2026-04-17 17:52:10,30.6,58.5,30.8,53.9,0.0,0.0,0.0
2026-04-17 17:52:15,30.5,58.5,8.0,53.9,0.0,0.0,0.0
2026-04-17 17:52:20,30.5,58.4,33.1,53.9,0.0,0.0,0.0
2026-04-17 17:52:25,30.6,58.4,13.5,53.8,0.0,0.0,0.0
2026-04-17 17:52:30,30.6,58.5,24.1,53.8,0.0,0.0,0.0
2026-04-17 17:52:35,30.5,58.4,26.7,53.9,0.0,0.0,0.0
2026-04-17 17:52:40,30.6,58.5,24.8,53.9,0.0,0.0,0.0
2026-04-17 17:52:45,30.6,58.6,31.2,53.8,0.0,0.0,0.0
2026-04-17 17:52:50,30.6,58.5,26.8,53.8,0.0,0.0,0.0
2026-04-17 17:52:55,30.6,58.6,26.6,53.8,0.0,0.0,0.0
2026-04-17 17:53:00,30.7,58.7,31.5,53.8,0.0,0.0,0.0
2026-04-17 17:53:05,30.6,58.8,11.1,53.8,0.0,0.0,0.0
2026-04-17 17:53:10,30.4,58.9,11.0,53.9,0.0,0.0,0.0
2026-04-17 17:53:15,30.7,58.8,14.2,53.9,0.0,0.0,0.0
2026-04-17 17:53:20,30.6,58.8,15.9,53.9,0.0,0.0,0.0
2026-04-17 17:53:25,30.8,58.8,31.9,53.8,0.0,0.0,0.0
2026-04-17 17:53:30,30.7,58.9,18.3,53.8,0.0,0.0,0.0
2026-04-17 17:53:35,30.5,58.9,6.8,53.8,0.0,0.0,0.0
2026-04-17 17:53:40,30.7,58.8,14.6,53.8,0.0,0.0,0.0
2026-04-17 17:53:45,30.6,59.0,14.8,53.8,0.0,0.0,0.0
2026-04-17 17:53:50,30.5,58.9,15.5,53.8,0.0,0.0,0.0
2026-04-17 17:53:55,30.6,59.0,24.6,53.8,0.0,0.0,0.0
2026-04-17 17:54:00,30.5,59.0,20.9,53.8,0.0,0.0,0.0
2026-04-17 17:54:05,30.6,59.1,34.0,53.8,0.0,0.0,0.0
2026-04-17 17:54:10,30.8,59.2,42.8,53.8,0.0,0.0,0.0
2026-04-17 17:54:15,30.7,59.2,34.0,53.8,0.0,0.0,0.0
2026-04-17 17:54:20,30.6,59.3,23.8,53.9,0.0,0.0,0.0
2026-04-17 17:54:25,30.7,59.3,10.9,53.9,0.0,0.0,0.0
2026-04-17 17:54:30,30.6,59.4,10.5,53.9,0.0,0.0,0.0
2026-04-17 17:54:35,30.6,59.3,17.5,53.9,0.0,0.0,0.0
2026-04-17 17:54:40,30.6,59.2,26.8,53.8,0.0,0.0,0.0
2026-04-17 17:54:45,30.6,59.2,22.8,53.8,0.0,0.0,0.0
2026-04-17 17:54:50,30.7,59.4,24.4,53.8,0.0,0.0,0.0
2026-04-17 17:54:55,30.6,59.3,6.7,53.8,0.0,0.0,0.0
2026-04-17 17:55:00,30.6,59.3,23.5,53.8,0.0,0.0,0.0
2026-04-17 17:55:05,30.7,59.3,37.1,53.8,0.0,0.0,0.0
2026-04-17 17:55:10,30.5,59.3,22.6,53.8,0.0,0.0,0.0
2026-04-17 17:55:15,30.6,59.4,29.1,53.8,0.0,0.0,0.0
2026-04-17 17:55:20,30.6,59.4,12.8,53.8,0.0,0.0,0.0
2026-04-17 17:55:25,30.8,59.5,21.1,53.8,0.0,0.0,0.0
2026-04-17 17:55:30,30.6,59.4,7.9,53.8,0.0,0.0,0.0
2026-04-17 17:55:35,30.6,59.4,26.0,53.8,0.0,0.0,0.0
2026-04-17 17:55:40,30.4,59.3,17.3,53.8,0.0,0.0,0.0
2026-04-17 17:55:45,30.5,59.4,8.8,53.8,0.0,0.0,0.0
2026-04-17 17:55:50,30.5,59.4,19.2,53.8,0.0,0.0,0.0
2026-04-17 17:55:55,30.6,59.4,24.0,53.8,0.0,0.0,0.0
2026-04-17 17:56:00,30.6,59.4,14.7,53.8,0.0,0.0,0.0
2026-04-17 17:56:05,30.6,59.3,19.2,53.8,0.0,0.0,0.0
2026-04-17 17:56:10,30.5,59.4,22.3,53.8,0.0,0.0,0.0
2026-04-17 17:56:15,30.6,59.4,21.3,53.8,0.0,0.0,0.0
2026-04-17 17:56:20,30.6,59.3,20.5,53.8,0.0,0.0,0.0
2026-04-17 17:56:25,30.5,59.4,14.4,53.8,0.0,0.0,0.0
2026-04-17 17:56:30,30.5,59.4,23.6,53.8,0.0,0.0,0.0
2026-04-17 17:56:35,30.5,59.4,10.8,53.8,0.0,0.0,0.0
2026-04-17 17:56:40,30.4,59.6,14.8,53.8,0.0,0.0,0.0
2026-04-17 17:56:45,30.6,59.4,33.0,53.8,0.0,0.0,0.0
2026-04-17 17:56:50,30.5,59.4,27.7,53.8,0.0,0.0,0.0
2026-04-17 17:56:55,30.6,59.3,33.2,53.8,0.0,0.0,0.0
2026-04-17 17:57:00,30.6,59.2,33.2,53.8,0.0,0.0,0.0
2026-04-17 17:57:05,30.5,59.3,10.7,53.8,0.0,0.0,0.0
2026-04-17 17:57:10,30.4,59.4,29.2,53.8,0.0,0.0,0.0
2026-04-17 17:57:15,30.6,59.3,23.2,53.8,0.0,0.0,0.0
2026-04-17 17:57:20,30.7,59.3,17.1,53.8,0.0,0.0,0.0
2026-04-17 17:57:25,30.5,59.3,3.8,53.8,0.0,0.0,0.0
2026-04-17 17:57:30,30.7,59.3,5.2,53.8,0.0,0.0,0.0
2026-04-17 17:57:35,30.6,59.3,17.3,53.8,0.0,0.0,0.0
2026-04-17 17:57:40,30.4,59.4,14.0,53.8,0.0,0.0,0.0
2026-04-17 17:57:45,30.6,59.4,11.1,53.8,0.0,0.0,0.0
2026-04-17 17:57:50,30.6,59.4,13.6,53.8,0.0,0.0,0.0
2026-04-17 17:57:55,30.5,59.5,27.4,53.8,0.0,0.0,0.0
2026-04-17 17:58:00,30.7,59.4,12.0,53.8,0.0,0.0,0.0
2026-04-17 17:58:05,30.5,59.3,28.4,53.8,0.0,0.0,0.0
2026-04-17 17:58:10,30.6,59.4,15.7,53.8,0.0,0.0,0.0
2026-04-17 17:58:15,30.7,59.4,22.1,53.8,0.0,0.0,0.0
2026-04-17 17:58:20,30.6,59.5,17.1,53.8,0.0,0.0,0.0
2026-04-17 17:58:25,30.7,59.3,15.6,53.8,0.0,0.0,0.0
2026-04-17 17:58:30,30.5,59.4,12.8,53.8,0.0,0.0,0.0
2026-04-17 17:58:35,30.7,59.4,6.1,53.8,0.0,0.0,0.0
2026-04-17 17:58:40,30.5,59.3,23.2,53.8,0.0,0.0,0.0
2026-04-17 17:58:45,30.7,59.4,20.0,53.8,0.0,0.0,0.0
2026-04-17 17:58:50,30.6,59.4,20.4,53.8,0.0,0.0,0.0
2026-04-17 17:58:55,30.6,59.5,11.3,53.8,0.0,0.0,0.0
2026-04-17 17:59:00,30.5,59.6,14.4,53.8,0.0,0.0,0.0
2026-04-17 17:59:05,30.6,59.7,0.0,53.8,0.0,0.0,0.0
2026-04-17 17:59:10,30.6,59.8,4.0,53.8,0.0,0.0,0.0
2026-04-17 17:59:15,30.6,59.7,5.7,53.8,0.0,0.0,0.0
2026-04-17 17:59:20,30.5,59.7,12.2,53.8,0.0,0.0,0.0
2026-04-17 17:59:25,30.6,59.8,21.8,53.8,0.0,0.0,0.0
2026-04-17 17:59:30,30.6,60.0,11.1,53.9,0.0,0.0,0.0
2026-04-17 17:59:35,30.6,59.9,5.5,53.9,0.0,0.0,0.0
2026-04-17 17:59:40,30.6,59.9,14.7,53.8,0.0,0.0,0.0
2026-04-17 17:59:45,30.6,60.0,22.4,53.8,0.0,0.0,0.0
2026-04-17 17:59:50,30.6,60.1,29.5,53.8,0.0,0.0,0.0
2026-04-17 17:59:55,30.5,60.0,0.0,53.8,0.0,0.0,0.0
2026-04-17 18:00:00,30.5,60.0,15.3,53.8,0.0,0.0,0.0
2026-04-17 18:00:05,30.6,60.0,4.0,53.8,0.0,0.0,0.0
2026-04-17 18:00:10,30.5,60.0,30.2,53.8,0.0,0.0,0.0
2026-04-17 18:00:15,30.6,60.0,13.4,53.8,0.0,0.0,0.0
2026-04-17 18:00:20,30.6,60.0,18.6,53.8,0.0,0.0,0.0
2026-04-17 18:00:25,30.7,60.1,7.6,53.8,0.0,0.0,0.0
2026-04-17 18:00:30,30.5,60.0,2.3,53.8,0.0,0.0,0.0
2026-04-17 18:00:35,30.7,60.0,24.9,53.8,0.0,0.0,0.0
2026-04-17 18:00:40,30.6,59.9,18.9,53.8,0.0,0.0,0.0
2026-04-17 18:00:45,30.5,59.8,1.0,53.8,0.0,0.0,0.0
2026-04-17 18:00:50,30.5,59.8,15.7,53.8,0.0,0.0,0.0
2026-04-17 18:00:55,30.5,59.8,22.1,53.8,0.0,0.0,0.0
2026-04-17 18:01:00,30.6,59.8,24.8,53.8,0.0,0.0,0.0
2026-04-17 18:01:05,30.6,59.8,5.8,53.8,0.0,0.0,0.0
2026-04-17 18:01:10,30.6,59.7,32.5,53.8,0.0,0.0,0.0
2026-04-17 18:01:15,30.4,59.8,23.3,53.8,0.0,0.0,0.0
2026-04-17 18:01:20,30.5,59.9,12.4,53.8,0.0,0.0,0.0
2026-04-17 18:01:25,30.4,60.1,13.9,53.8,0.0,0.0,0.0
2026-04-17 18:01:30,30.5,60.0,19.1,53.8,0.0,0.0,0.0
2026-04-17 18:01:35,30.4,59.9,13.5,53.8,0.0,0.0,0.0
2026-04-17 18:01:40,30.6,59.8,19.9,53.8,0.0,0.0,0.0
2026-04-17 18:01:45,30.6,59.6,36.5,53.8,0.0,0.0,0.0
2026-04-17 18:01:50,30.5,59.5,15.0,53.8,0.0,0.0,0.0
2026-04-17 18:01:55,30.6,59.3,3.8,53.8,0.0,0.0,0.0
2026-04-17 18:02:00,30.5,59.4,24.5,53.8,0.0,0.0,0.0
2026-04-17 18:02:05,30.5,59.6,15.9,53.8,0.0,0.0,0.0
2026-04-17 18:02:10,30.5,59.6,28.7,53.8,0.0,0.0,0.0
2026-04-17 18:02:15,30.6,59.6,28.2,53.8,0.0,0.0,0.0
2026-04-17 18:02:20,30.5,59.5,0.3,53.8,0.0,0.0,0.0
2026-04-17 18:02:25,30.4,59.6,3.6,53.8,0.0,0.0,0.0
2026-04-17 18:02:30,30.6,59.7,10.8,53.8,0.0,0.0,0.0
2026-04-17 18:02:35,30.6,59.9,0.0,53.8,0.0,0.0,0.0
2026-04-17 18:02:40,30.6,59.9,14.9,53.8,0.0,0.0,0.0
2026-04-17 18:02:45,30.5,60.0,19.6,53.9,0.0,0.0,0.0
2026-04-17 18:02:50,30.6,60.0,26.9,53.9,0.0,0.0,0.0
2026-04-17 18:02:55,30.5,59.9,4.9,53.9,0.0,0.0,0.0
2026-04-17 18:03:00,30.4,59.9,8.6,53.9,0.0,0.0,0.0
2026-04-17 18:03:05,30.5,59.8,18.9,53.9,0.0,0.0,0.0
2026-04-17 18:03:10,30.5,59.8,6.8,53.9,0.0,0.0,0.0
2026-04-17 18:03:15,30.5,59.8,7.9,53.8,0.0,0.0,0.0
2026-04-17 18:03:20,30.5,59.9,20.8,53.8,0.0,0.0,0.0
2026-04-17 18:03:25,30.6,59.8,23.3,53.8,0.0,0.0,0.0
2026-04-17 18:03:30,30.5,59.7,7.5,53.8,0.0,0.0,0.0
2026-04-17 18:03:35,30.6,59.5,32.2,53.8,0.0,0.0,0.0
2026-04-17 18:03:40,30.6,59.6,13.8,53.8,0.0,0.0,0.0
2026-04-17 18:03:45,30.4,59.6,3.9,53.8,0.0,0.0,0.0
2026-04-17 18:03:50,30.5,59.8,13.8,53.8,0.0,0.0,0.0
2026-04-17 18:03:55,30.6,59.8,8.7,53.8,0.0,0.0,0.0
2026-04-17 18:04:00,30.6,59.8,19.6,53.8,0.0,0.0,0.0
2026-04-17 18:04:05,30.7,59.8,2.0,53.8,0.0,0.0,0.0
2026-04-17 18:04:10,30.6,59.7,13.6,53.8,0.0,0.0,0.0
2026-04-17 18:04:15,30.5,59.8,15.0,53.8,0.0,0.0,0.0
2026-04-17 18:04:20,30.5,59.8,9.4,53.8,0.0,0.0,0.0
2026-04-17 18:04:25,30.6,59.8,8.0,53.8,0.0,0.0,0.0
2026-04-17 18:04:30,30.5,59.7,20.1,53.8,0.0,0.0,0.0
2026-04-17 18:04:35,30.4,59.7,9.7,53.8,0.0,0.0,0.0
2026-04-17 18:04:40,30.6,59.7,25.1,53.8,0.0,0.0,0.0
2026-04-17 18:04:45,30.4,59.6,14.2,53.8,0.0,0.0,0.0
2026-04-17 18:04:50,30.5,59.5,18.9,53.8,0.0,0.0,0.0
2026-04-17 18:04:55,30.6,59.5,20.6,53.8,0.0,0.0,0.0
2026-04-17 18:05:00,30.4,59.5,21.6,53.8,0.0,0.0,0.0
2026-04-17 18:05:05,30.6,59.6,25.4,53.8,0.0,0.0,0.0
2026-04-17 18:05:10,30.4,59.5,0.0,53.9,0.0,0.0,0.0
2026-04-17 18:05:15,30.6,59.5,15.2,53.9,0.0,0.0,0.0
2026-04-17 18:05:20,30.5,59.6,6.0,53.9,0.0,0.0,0.0
2026-04-17 18:05:25,30.5,59.6,32.6,53.9,0.0,0.0,0.0
2026-04-17 18:05:30,30.4,59.6,8.4,53.9,0.0,0.0,0.0
2026-04-17 18:05:35,30.5,59.7,18.1,53.8,0.0,0.0,0.0
2026-04-17 18:05:40,30.5,59.8,27.1,53.8,0.0,0.0,0.0
2026-04-17 18:05:45,30.6,59.8,21.8,53.8,0.0,0.0,0.0
2026-04-17 18:05:50,30.5,59.8,14.5,53.8,0.0,0.0,0.0
2026-04-17 18:05:55,30.6,59.7,24.0,53.8,0.0,0.0,0.0
2026-04-17 18:06:00,30.5,59.7,16.1,53.8,0.0,0.0,0.0
2026-04-17 18:06:05,30.6,59.7,9.1,53.8,0.0,0.0,0.0
2026-04-17 18:06:10,30.5,59.7,3.9,53.8,0.0,0.0,0.0
2026-04-17 18:06:15,30.5,59.6,20.9,53.8,0.0,0.0,0.0
2026-04-17 18:06:20,30.5,59.7,8.9,53.8,0.0,0.0,0.0
2026-04-17 18:06:25,30.5,59.7,30.8,53.8,0.0,0.0,0.0
2026-04-17 18:06:30,30.6,59.7,23.1,53.8,0.0,0.0,0.0
2026-04-17 18:06:35,30.6,59.8,15.4,53.8,0.0,0.0,0.0
2026-04-17 18:06:40,30.5,59.8,18.9,53.8,0.0,0.0,0.0
2026-04-17 18:06:45,30.4,59.9,18.7,53.8,0.0,0.0,0.0
2026-04-17 18:06:50,30.7,59.7,8.9,53.8,0.0,0.0,0.0
2026-04-17 18:06:55,30.5,59.9,29.3,53.8,0.0,0.0,0.0
2026-04-17 18:07:00,30.6,59.9,12.3,53.8,0.0,0.0,0.0
2026-04-17 18:07:05,30.6,59.9,14.5,53.8,0.0,0.0,0.0
2026-04-17 18:07:10,30.4,60.1,0.0,53.8,0.0,0.0,0.0
2026-04-17 18:07:15,30.5,60.0,24.5,53.8,0.0,0.0,0.0
2026-04-17 18:07:20,30.6,59.9,5.1,53.8,0.0,0.0,0.0
2026-04-17 18:07:25,30.4,59.9,10.9,53.8,0.0,0.0,0.0
2026-04-17 18:07:30,30.6,59.7,28.9,53.8,0.0,0.0,0.0
2026-04-17 18:07:35,30.6,59.7,16.0,53.8,0.0,0.0,0.0
2026-04-17 18:07:40,30.6,59.7,11.2,53.8,0.0,0.0,0.0
2026-04-17 18:07:45,30.5,59.7,24.2,53.8,0.0,0.0,0.0
2026-04-17 18:07:50,30.4,59.8,30.4,53.8,0.0,0.0,0.0
2026-04-17 18:07:55,30.5,59.7,28.0,53.8,0.0,0.0,0.0
2026-04-17 18:08:00,30.6,59.7,40.4,53.8,0.0,0.0,0.0
2026-04-17 18:08:05,30.5,59.6,31.3,53.8,0.0,0.0,0.0
2026-04-17 18:08:10,30.4,59.7,16.7,53.8,0.0,0.0,0.0
2026-04-17 18:08:15,30.5,59.7,0.0,53.8,0.0,0.0,0.0
2026-04-17 18:08:20,30.6,59.6,7.0,53.8,0.0,0.0,0.0
2026-04-17 18:08:25,30.6,59.6,14.0,53.8,0.0,0.0,0.0
2026-04-17 18:08:30,30.4,59.5,27.3,53.8,0.0,0.0,0.0
2026-04-17 18:08:35,30.5,59.5,13.6,53.8,0.0,0.0,0.0
2026-04-17 18:08:40,30.5,59.6,10.1,53.8,0.0,0.0,0.0
2026-04-17 18:08:45,30.6,59.5,27.4,53.9,0.0,0.0,0.0
2026-04-17 18:08:50,30.6,59.5,34.5,53.9,0.0,0.0,0.0
2026-04-17 18:08:55,30.5,59.4,5.6,53.9,0.0,0.0,0.0
2026-04-17 18:09:00,30.4,59.5,6.8,53.9,0.0,0.0,0.0
2026-04-17 18:09:05,30.5,59.4,14.0,53.9,0.0,0.0,0.0
2026-04-17 18:09:10,30.5,59.4,26.2,53.9,0.0,0.0,0.0
2026-04-17 18:09:15,30.6,59.5,3.2,53.9,0.0,0.0,0.0
2026-04-17 18:09:20,30.5,59.6,19.3,53.8,0.0,0.0,0.0
2026-04-17 18:09:25,30.6,59.7,0.6,53.8,0.0,0.0,0.0
2026-04-17 18:09:30,30.6,59.7,0.0,53.8,0.0,0.0,0.0
2026-04-17 18:09:35,30.5,59.8,10.5,53.8,0.0,0.0,0.0
2026-04-17 18:09:40,30.6,59.8,10.9,53.8,0.0,0.0,0.0
2026-04-17 18:09:45,30.5,59.7,0.1,53.8,0.0,0.0,0.0
2026-04-17 18:09:50,30.6,59.7,10.8,53.8,0.0,0.0,0.0
2026-04-17 18:09:55,30.5,59.7,0.0,53.9,0.0,0.0,0.0
2026-04-17 18:10:00,30.5,59.8,10.8,53.9,0.0,0.0,0.0
2026-04-17 18:10:05,30.5,59.9,0.0,53.9,0.0,0.0,0.0
2026-04-17 18:10:10,30.4,59.9,12.8,53.9,0.0,0.0,0.0
2026-04-17 18:10:15,30.5,59.9,0.0,53.8,0.0,0.0,0.0
2026-04-17 18:10:20,30.5,59.9,23.1,53.8,0.0,0.0,0.0
2026-04-17 18:10:25,30.5,60.0,28.6,53.8,0.0,0.0,0.0
2026-04-17 18:10:30,30.7,60.1,12.7,53.8,0.0,0.0,0.0
2026-04-17 18:10:35,30.5,60.1,2.3,53.8,0.0,0.0,0.0
2026-04-17 18:10:40,30.6,60.1,27.9,53.9,0.0,0.0,0.0
2026-04-17 18:10:45,30.5,60.1,8.0,53.9,0.0,0.0,0.0
2026-04-17 18:10:50,30.5,60.2,4.1,53.9,0.0,0.0,0.0
2026-04-17 18:10:55,30.7,60.2,19.2,53.9,0.0,0.0,0.0
2026-04-17 18:11:00,30.6,60.3,0.0,53.9,0.0,0.0,0.0
2026-04-17 18:11:05,30.6,60.2,0.0,53.9,0.0,0.0,0.0
2026-04-17 18:11:10,30.6,60.1,14.7,53.9,0.0,0.0,0.0
2026-04-17 18:11:15,30.4,60.1,17.7,53.8,0.0,0.0,0.0
2026-04-17 18:11:20,30.5,60.1,14.9,53.8,0.0,0.0,0.0
2026-04-17 18:11:25,30.5,60.1,19.1,53.8,0.0,0.0,0.0
2026-04-17 18:11:30,30.6,60.2,14.9,53.8,0.0,0.0,0.0
2026-04-17 18:11:35,30.6,60.0,28.6,53.8,0.0,0.0,0.0
2026-04-17 18:11:40,30.4,60.1,13.9,53.8,0.0,0.0,0.0
2026-04-17 18:11:45,30.5,59.9,0.0,53.8,0.0,0.0,0.0
2026-04-17 18:11:50,30.4,59.8,0.0,53.8,0.0,0.0,0.0
2026-04-17 18:11:55,30.6,59.9,18.0,53.8,0.0,0.0,0.0
2026-04-17 18:12:00,30.5,59.9,13.0,53.8,0.0,0.0,0.0
2026-04-17 18:12:05,30.6,59.9,2.3,53.8,0.0,0.0,0.0
2026-04-17 18:12:10,30.6,59.9,9.7,53.8,0.0,0.0,0.0
2026-04-17 18:12:15,30.5,59.8,5.8,53.8,0.0,0.0,0.0
2026-04-17 18:12:20,30.4,59.7,22.7,53.8,0.0,0.0,0.0
2026-04-17 18:12:25,30.6,59.7,0.0,53.8,0.0,0.0,0.0
2026-04-17 18:12:30,30.6,59.7,12.8,53.9,0.0,0.0,0.0
2026-04-17 18:12:35,30.4,59.7,30.8,53.9,0.0,0.0,0.0
2026-04-17 18:12:40,30.6,59.7,16.8,53.9,0.0,0.0,0.0
2026-04-17 18:12:45,30.6,59.8,21.7,53.9,0.0,0.0,0.0
2026-04-17 18:12:50,30.7,59.8,10.0,53.9,0.0,0.0,0.0
2026-04-17 18:12:55,30.6,59.9,0.0,53.8,0.0,0.0,0.0
2026-04-17 18:13:00,30.6,59.9,36.4,53.8,0.0,0.0,0.0
2026-04-17 18:13:05,30.6,59.9,1.2,53.8,0.0,0.0,0.0
2026-04-17 18:13:10,30.6,59.9,20.9,53.8,0.0,0.0,0.0
2026-04-17 18:13:15,30.6,59.9,15.0,53.8,0.0,0.0,0.0
2026-04-17 18:13:20,30.6,59.9,26.4,53.8,0.0,0.0,0.0
2026-04-17 18:13:25,30.5,59.9,12.7,53.8,0.0,0.0,0.0
2026-04-17 18:13:30,30.6,59.9,23.8,53.8,0.0,0.0,0.0
2026-04-17 18:13:35,30.7,59.8,8.2,53.8,0.0,0.0,0.0
2026-04-17 18:13:40,30.6,59.8,0.0,53.8,0.0,0.0,0.0
2026-04-17 18:13:45,30.5,59.8,2.9,53.8,0.0,0.0,0.0
2026-04-17 18:13:50,30.6,59.6,12.2,53.8,0.0,0.0,0.0
2026-04-17 18:13:55,30.5,59.7,25.0,53.8,0.0,0.0,0.0
2026-04-17 18:14:00,30.6,59.7,15.8,53.8,0.0,0.0,0.0
2026-04-17 18:14:05,30.6,59.8,33.8,53.8,0.0,0.0,0.0
2026-04-17 18:14:10,30.5,59.7,18.6,53.8,0.0,0.0,0.0
2026-04-17 18:14:15,30.6,59.7,21.2,53.8,0.0,0.0,0.0
2026-04-17 18:14:20,30.6,59.7,30.8,53.8,0.0,0.0,0.0
2026-04-17 18:14:25,30.6,59.7,0.0,53.8,0.0,0.0,0.0
2026-04-17 18:14:30,30.4,59.9,17.7,53.8,0.0,0.0,0.0
2026-04-17 18:14:35,30.5,60.0,25.8,53.8,0.0,0.0,0.0
2026-04-17 18:14:40,30.6,59.8,20.2,53.8,0.0,0.0,0.0
2026-04-17 18:14:45,30.5,59.8,30.0,53.8,0.0,0.0,0.0
2026-04-17 18:14:50,30.6,59.7,23.4,53.8,0.0,0.0,0.0
2026-04-17 18:14:55,30.6,59.8,5.9,53.8,0.0,0.0,0.0
2026-04-17 18:15:00,30.6,59.8,24.6,53.8,0.0,0.0,0.0
2026-04-17 18:15:05,30.5,59.9,0.0,53.8,0.0,0.0,0.0
2026-04-17 18:15:10,30.6,60.1,0.0,53.8,0.0,0.0,0.0
2026-04-17 18:15:15,30.5,60.1,16.4,53.8,0.0,0.0,0.0
2026-04-17 18:15:20,30.5,60.1,14.9,53.8,0.0,0.0,0.0
2026-04-17 18:15:25,30.6,60.1,14.1,53.8,0.0,0.0,0.0
2026-04-17 18:15:30,30.7,60.2,10.9,53.8,0.0,0.0,0.0
2026-04-17 18:15:35,30.6,60.1,15.4,53.9,0.0,0.0,0.0
2026-04-17 18:15:40,30.5,60.1,15.2,53.9,0.0,0.0,0.0
2026-04-17 18:15:45,30.7,60.0,16.9,53.9,0.0,0.0,0.0
2026-04-17 18:15:50,30.6,60.0,10.9,53.9,0.0,0.0,0.0
2026-04-17 18:15:55,30.6,60.0,37.5,53.9,0.0,0.0,0.0
2026-04-17 18:16:00,30.5,60.0,16.1,53.9,0.0,0.0,0.0
2026-04-17 18:16:05,30.6,60.0,5.6,53.9,0.0,0.0,0.0
2026-04-17 18:16:10,30.6,60.0,9.1,53.9,0.0,0.0,0.0
2026-04-17 18:16:15,30.5,59.9,35.7,53.9,0.0,0.0,0.0
2026-04-17 18:16:20,30.6,60.0,20.1,53.9,0.0,0.0,0.0
2026-04-17 18:16:25,30.4,60.0,19.3,53.9,0.0,0.0,0.0
2026-04-17 18:16:30,30.7,60.0,15.9,53.9,0.0,0.0,0.0
2026-04-17 18:16:35,30.6,60.0,12.5,53.8,0.0,0.0,0.0
2026-04-17 18:16:40,30.6,60.1,14.8,53.8,0.0,0.0,0.0
2026-04-17 18:16:45,30.6,60.0,15.9,53.8,0.0,0.0,0.0
2026-04-17 18:16:50,30.6,60.2,17.2,53.8,0.0,0.0,0.0
2026-04-17 18:16:55,30.6,60.3,7.2,53.8,0.0,0.0,0.0
2026-04-17 18:17:00,30.6,60.4,19.9,53.8,0.0,0.0,0.0
2026-04-17 18:17:05,30.5,60.4,25.2,53.8,0.0,0.0,0.0
2026-04-17 18:17:10,30.6,60.2,16.4,53.8,0.0,0.0,0.0
2026-04-17 18:17:15,30.8,60.1,23.8,53.8,0.0,0.0,0.0
2026-04-17 18:17:20,30.5,60.1,9.1,53.8,0.0,0.0,0.0
2026-04-17 18:17:25,30.6,60.2,40.3,53.8,0.0,0.0,0.0
2026-04-17 18:17:30,30.6,60.3,10.8,53.8,0.0,0.0,0.0
2026-04-17 18:17:35,30.6,60.3,6.8,53.8,0.0,0.0,0.0
2026-04-17 18:17:40,30.5,60.2,15.9,53.8,0.0,0.0,0.0
2026-04-17 18:17:45,30.5,60.2,12.9,53.8,0.0,0.0,0.0
2026-04-17 18:17:50,30.6,60.1,9.9,53.9,0.0,0.0,0.0
2026-04-17 18:17:55,30.5,60.3,11.5,53.9,0.0,0.0,0.0
2026-04-17 18:18:00,30.7,60.1,11.4,53.9,0.0,0.0,0.0
2026-04-17 18:18:05,30.6,60.2,16.8,53.9,0.0,0.0,0.0
2026-04-17 18:18:10,30.6,60.2,13.1,53.9,0.0,0.0,0.0
2026-04-17 18:18:15,30.7,60.2,6.0,53.9,0.0,0.0,0.0
2026-04-17 18:18:20,30.7,60.1,30.2,53.9,0.0,0.0,0.0
2026-04-17 18:18:25,30.5,60.1,6.7,53.9,0.0,0.0,0.0
2026-04-17 18:18:30,30.5,60.1,8.8,53.9,0.0,0.0,0.0
2026-04-17 18:18:35,30.6,60.0,22.8,53.9,0.0,0.0,0.0
2026-04-17 18:18:40,30.5,60.0,11.2,53.8,0.0,0.0,0.0
2026-04-17 18:18:45,30.5,59.9,16.2,53.8,0.0,0.0,0.0
2026-04-17 18:18:50,30.7,60.0,35.1,53.8,0.0,0.0,0.0
2026-04-17 18:18:55,30.6,59.9,2.5,53.8,0.0,0.0,0.0
2026-04-17 18:19:00,30.6,59.9,8.7,53.8,0.0,0.0,0.0
2026-04-17 18:19:05,30.5,59.8,7.4,53.8,0.0,0.0,0.0
2026-04-17 18:19:10,30.6,59.8,6.5,53.8,0.0,0.0,0.0
2026-04-17 18:19:15,30.6,59.8,1.3,53.8,0.0,0.0,0.0
2026-04-17 18:19:20,30.6,59.6,19.0,53.8,0.0,0.0,0.0
2026-04-17 18:19:25,30.6,59.5,12.8,53.8,0.0,0.0,0.0
2026-04-17 18:19:30,30.6,59.5,10.3,53.8,0.0,0.0,0.0
2026-04-17 18:19:35,30.6,59.4,14.8,53.8,0.0,0.0,0.0
2026-04-17 18:19:40,30.6,59.4,29.4,53.8,0.0,0.0,0.0
2026-04-17 18:19:45,30.7,59.3,0.0,53.8,0.0,0.0,0.0
2026-04-17 18:19:50,30.6,59.4,30.1,53.8,0.0,0.0,0.0
2026-04-17 18:19:55,30.7,59.6,4.0,53.8,0.0,0.0,0.0
2026-04-17 18:20:00,30.6,59.7,25.7,53.8,0.0,0.0,0.0
2026-04-17 18:20:05,30.5,59.7,6.8,53.8,0.0,0.0,0.0
2026-04-17 18:20:10,30.6,59.6,19.4,53.8,0.0,0.0,0.0
2026-04-17 18:20:15,30.7,59.6,17.6,53.8,0.0,0.0,0.0
2026-04-17 18:20:20,30.7,59.5,14.2,53.8,0.0,0.0,0.0
2026-04-17 18:20:25,30.7,59.6,24.6,53.8,0.0,0.0,0.0
2026-04-17 18:20:30,30.5,59.6,31.8,53.8,0.0,0.0,0.0
2026-04-17 18:20:35,30.6,59.6,31.4,53.8,0.0,0.0,0.0
2026-04-17 18:20:40,30.5,59.7,10.1,53.8,0.0,0.0,0.0
2026-04-17 18:20:45,30.6,59.8,15.6,53.8,0.0,0.0,0.0
2026-04-17 18:20:50,30.6,59.7,0.0,53.8,0.0,0.0,0.0
2026-04-17 18:20:55,30.6,59.7,6.7,53.8,0.0,0.0,0.0
2026-04-17 18:21:00,30.7,59.6,20.2,53.8,0.0,0.0,0.0
2026-04-17 18:21:05,30.5,59.8,11.7,53.9,0.0,0.0,0.0
2026-04-17 18:21:10,30.6,59.7,25.5,53.9,0.0,0.0,0.0
2026-04-17 18:21:15,30.5,59.6,11.9,53.9,0.0,0.0,0.0
2026-04-17 18:21:20,30.6,59.6,22.7,53.9,0.0,0.0,0.0
2026-04-17 18:21:25,30.7,59.7,6.8,53.9,0.0,0.0,0.0
2026-04-17 18:21:30,30.7,59.7,34.8,53.9,0.0,0.0,0.0
2026-04-17 18:21:35,30.6,59.6,1.0,53.9,0.0,0.0,0.0
2026-04-17 18:21:40,30.6,59.7,3.1,53.9,0.0,0.0,0.0
2026-04-17 18:21:45,30.7,59.7,26.9,53.9,0.0,0.0,0.0
2026-04-17 18:21:50,30.5,59.5,20.3,53.9,0.0,0.0,0.0
2026-04-17 18:21:55,30.7,59.6,14.4,53.9,0.0,0.0,0.0
2026-04-17 18:22:00,30.6,59.7,35.8,53.9,0.0,0.0,0.0
2026-04-17 18:22:05,30.6,59.6,17.9,53.9,0.0,0.0,0.0
2026-04-17 18:22:10,30.7,59.7,13.4,53.9,0.0,0.0,0.0
2026-04-17 18:22:15,30.8,59.9,6.9,53.8,0.0,0.0,0.0
2026-04-17 18:22:20,30.8,59.9,25.7,53.8,0.0,0.0,0.0
2026-04-17 18:22:25,30.5,59.8,13.4,53.8,0.0,0.0,0.0
2026-04-17 18:22:30,30.6,59.6,10.0,53.8,0.0,0.0,0.0
2026-04-17 18:22:35,30.6,59.6,7.3,53.8,0.0,0.0,0.0
2026-04-17 18:22:40,30.7,59.6,6.7,53.8,0.0,0.0,0.0
2026-04-17 18:22:45,30.7,59.7,26.0,53.9,0.0,0.0,0.0
2026-04-17 18:22:50,30.7,59.5,11.4,53.9,0.0,0.0,0.0
2026-04-17 18:22:55,30.6,59.5,9.6,53.9,0.0,0.0,0.0
2026-04-17 18:23:00,30.7,59.5,29.5,53.9,0.0,0.0,0.0
2026-04-17 18:23:05,30.7,59.4,10.3,53.9,0.0,0.0,0.0
2026-04-17 18:23:10,30.6,59.4,12.1,53.9,0.0,0.0,0.0
2026-04-17 18:23:15,30.5,59.4,0.0,53.8,0.0,0.0,0.0
2026-04-17 18:23:20,30.6,59.3,4.4,53.8,0.0,0.0,0.0
2026-04-17 18:23:25,30.7,59.4,27.3,53.9,0.0,0.0,0.0
2026-04-17 18:23:30,30.7,59.4,26.4,53.9,0.0,0.0,0.0
2026-04-17 18:23:35,30.8,59.4,19.2,53.9,0.0,0.0,0.0
2026-04-17 18:23:40,30.5,59.4,19.8,53.9,0.0,0.0,0.0
2026-04-17 18:23:45,30.5,59.2,8.9,53.9,0.0,0.0,0.0
2026-04-17 18:23:50,30.6,59.2,0.0,53.9,0.0,0.0,0.0
2026-04-17 18:23:55,30.6,59.2,5.1,53.8,0.0,0.0,0.0
2026-04-17 18:24:00,30.7,59.1,0.0,53.8,0.0,0.0,0.0
2026-04-17 18:24:05,30.5,59.2,38.2,53.8,0.0,0.0,0.0
2026-04-17 18:24:10,30.7,59.2,8.1,53.9,0.0,0.0,0.0
2026-04-17 18:24:15,30.6,59.3,34.2,53.9,0.0,0.0,0.0
2026-04-17 18:24:20,30.6,59.3,22.7,53.9,0.0,0.0,0.0
2026-04-17 18:24:25,30.5,59.3,4.9,53.9,0.0,0.0,0.0
2026-04-17 18:24:30,30.5,59.4,5.5,53.9,0.0,0.0,0.0
2026-04-17 18:24:35,30.7,59.6,2.2,53.9,0.0,0.0,0.0
2026-04-17 18:24:40,30.6,59.5,35.4,53.9,0.0,0.0,0.0
2026-04-17 18:24:45,30.7,59.6,13.3,53.8,0.0,0.0,0.0
2026-04-17 18:24:50,30.5,59.6,9.6,53.8,0.0,0.0,0.0
2026-04-17 18:24:55,30.7,59.5,17.7,53.9,0.0,0.0,0.0
2026-04-17 18:25:00,30.6,59.5,30.0,53.9,0.0,0.0,0.0
2026-04-17 18:25:05,30.6,59.5,16.8,53.9,0.0,0.0,0.0
2026-04-17 18:25:10,30.6,59.5,5.0,53.8,0.0,0.0,0.0
2026-04-17 18:25:15,30.6,59.3,6.1,53.8,0.0,0.0,0.0
2026-04-17 18:25:20,30.5,59.4,17.9,53.8,0.0,0.0,0.0
2026-04-17 18:25:25,30.7,59.5,3.3,53.8,0.0,0.0,0.0
2026-04-17 18:25:30,30.6,59.5,13.4,53.8,0.0,0.0,0.0
2026-04-17 18:25:35,30.4,59.7,33.9,53.8,0.0,0.0,0.0
2026-04-17 18:25:40,30.6,59.6,19.6,53.8,0.0,0.0,0.0
2026-04-17 18:25:45,30.6,59.8,15.6,53.8,0.0,0.0,0.0
2026-04-17 18:25:50,30.6,59.7,21.7,53.8,0.0,0.0,0.0
2026-04-17 18:25:55,30.6,59.7,35.4,53.8,0.0,0.0,0.0
2026-04-17 18:26:00,30.6,59.6,40.6,53.8,0.0,0.0,0.0
2026-04-17 18:26:05,30.7,59.5,31.6,53.9,0.0,0.0,0.0
2026-04-17 18:26:10,30.6,59.7,11.9,53.9,0.0,0.0,0.0
2026-04-17 18:26:15,30.6,59.5,0.0,53.8,0.0,0.0,0.0
2026-04-17 18:26:20,30.6,59.5,19.7,53.8,0.0,0.0,0.0
2026-04-17 18:26:25,30.7,59.5,8.5,53.8,0.0,0.0,0.0
2026-04-17 18:26:30,30.7,59.5,9.1,53.8,0.0,0.0,0.0
2026-04-17 18:26:35,30.7,59.4,24.0,53.9,0.0,0.0,0.0
2026-04-17 18:26:40,30.7,59.5,17.4,53.9,0.0,0.0,0.0
2026-04-17 18:26:45,30.5,59.7,11.7,53.9,0.0,0.0,0.0
2026-04-17 18:26:50,30.6,59.7,29.4,53.9,0.0,0.0,0.0
2026-04-17 18:26:55,30.6,59.6,0.0,53.9,0.0,0.0,0.0
2026-04-17 18:27:00,30.7,59.7,0.4,53.9,0.0,0.0,0.0
2026-04-17 18:27:05,30.6,59.7,8.7,53.9,0.0,0.0,0.0
2026-04-17 18:27:10,30.7,59.8,12.5,53.9,0.0,0.0,0.0
2026-04-17 18:27:15,30.6,59.8,38.4,53.9,0.0,0.0,0.0
2026-04-17 18:27:20,30.7,59.8,5.9,53.9,0.0,0.0,0.0
2026-04-17 18:27:25,30.5,59.8,0.0,53.9,0.0,0.0,0.0
2026-04-17 18:27:30,30.6,60.0,25.0,53.9,0.0,0.0,0.0
2026-04-17 18:27:35,30.5,60.0,7.4,53.8,0.0,0.0,0.0
2026-04-17 18:27:40,30.6,60.0,8.6,53.8,0.0,0.0,0.0
2026-04-17 18:27:45,30.6,59.9,16.0,53.8,0.0,0.0,0.0
2026-04-17 18:27:50,30.6,59.9,26.6,53.8,0.0,0.0,0.0
2026-04-17 18:27:55,30.4,59.8,20.7,53.8,0.0,0.0,0.0
2026-04-17 18:28:00,30.5,59.8,11.2,53.8,0.0,0.0,0.0
2026-04-17 18:28:05,30.7,59.8,0.3,53.8,0.0,0.0,0.0
2026-04-17 18:28:10,30.6,59.7,9.8,53.9,0.0,0.0,0.0
2026-04-17 18:28:15,30.5,59.8,7.9,53.9,0.0,0.0,0.0
2026-04-17 18:28:20,30.5,59.8,7.3,53.9,0.0,0.0,0.0
2026-04-17 18:28:25,30.5,59.8,12.7,53.9,0.0,0.0,0.0
2026-04-17 18:28:30,30.7,59.7,12.4,53.9,0.0,0.0,0.0
2026-04-17 18:28:35,30.6,59.7,22.2,53.9,0.0,0.0,0.0
2026-04-17 18:28:40,30.7,59.8,9.7,53.9,0.0,0.0,0.0
2026-04-17 18:28:45,30.5,59.9,22.0,53.9,0.0,0.0,0.0
2026-04-17 18:28:50,30.7,59.9,15.0,53.9,0.0,0.0,0.0
2026-04-17 18:28:55,30.5,59.9,10.1,53.9,0.0,0.0,0.0
2026-04-17 18:29:00,30.6,59.8,11.2,53.9,0.0,0.0,0.0
2026-04-17 18:29:05,30.7,59.8,25.8,53.8,0.0,0.0,0.0
2026-04-17 18:29:10,30.7,59.9,10.0,53.8,0.0,0.0,0.0
2026-04-17 18:29:15,30.5,59.9,24.6,53.8,0.0,0.0,0.0
2026-04-17 18:29:20,30.7,59.7,10.6,53.8,0.0,0.0,0.0
2026-04-17 18:29:25,30.7,59.6,11.3,53.8,0.0,0.0,0.0
2026-04-17 18:29:30,30.7,59.7,18.1,53.9,0.0,0.0,0.0
2026-04-17 18:29:35,30.7,59.7,16.1,53.9,0.0,0.0,0.0
2026-04-17 18:29:40,30.7,59.6,8.7,53.9,0.0,0.0,0.0
2026-04-17 18:29:45,30.6,59.7,20.4,53.9,0.0,0.0,0.0
2026-04-17 18:29:50,30.6,59.6,17.2,53.9,0.0,0.0,0.0
2026-04-17 18:29:55,30.7,59.6,21.6,53.9,0.0,0.0,0.0
2026-04-17 18:30:00,30.7,59.6,7.8,53.9,0.0,0.0,0.0
2026-04-17 18:30:05,30.4,59.7,7.3,53.9,0.0,0.0,0.0
2026-04-17 18:30:10,30.6,59.7,2.9,53.9,0.0,0.0,0.0
2026-04-17 18:30:15,30.7,59.7,7.2,53.9,0.0,0.0,0.0
2026-04-17 18:30:20,30.7,59.6,30.5,53.9,0.0,0.0,0.0
2026-04-17 18:30:25,30.6,59.6,19.0,53.9,0.0,0.0,0.0
2026-04-17 18:30:30,30.7,59.6,37.1,53.9,0.0,0.0,0.0
2026-04-17 18:30:35,30.6,59.6,20.7,53.9,0.0,0.0,0.0
2026-04-17 18:30:40,30.6,59.6,18.2,53.9,0.0,0.0,0.0
2026-04-17 18:30:45,30.8,59.7,25.3,53.9,0.0,0.0,0.0
2026-04-17 18:30:50,30.6,59.8,11.6,53.9,0.0,0.0,0.0
2026-04-17 18:30:55,30.6,59.8,43.1,53.8,0.0,0.0,0.0
2026-04-17 18:31:00,30.7,60.0,25.8,53.8,0.0,0.0,0.0
2026-04-17 18:31:05,30.7,60.1,24.8,53.8,0.0,0.0,0.0
2026-04-17 18:31:10,30.7,60.0,7.2,53.8,0.0,0.0,0.0
2026-04-17 18:31:15,30.7,60.0,0.0,53.9,0.0,0.0,0.0
2026-04-17 18:31:20,30.6,60.0,9.0,53.9,0.0,0.0,0.0
2026-04-17 18:31:25,30.7,60.0,29.4,53.9,0.0,0.0,0.0
2026-04-17 18:31:30,30.6,59.9,18.8,53.9,0.0,0.0,0.0
2026-04-17 18:31:35,30.9,59.8,24.2,53.9,0.0,0.0,0.0
2026-04-17 18:31:40,30.6,59.8,35.7,53.9,0.0,0.0,0.0
2026-04-17 18:31:45,30.7,59.9,26.0,53.9,0.0,0.0,0.0
2026-04-17 18:31:50,30.6,59.8,24.0,53.9,0.0,0.0,0.0
2026-04-17 18:31:55,30.7,59.9,17.5,53.9,0.0,0.0,0.0
2026-04-17 18:32:00,30.6,60.0,17.5,53.9,0.0,0.0,0.0
2026-04-17 18:32:05,30.7,60.0,21.0,53.9,0.0,0.0,0.0
2026-04-17 18:32:10,30.5,59.8,13.2,53.9,0.0,0.0,0.0
2026-04-17 18:32:15,30.5,59.8,5.0,53.9,0.0,0.0,0.0
2026-04-17 18:32:20,30.5,59.8,14.2,53.9,0.0,0.0,0.0
2026-04-17 18:32:25,30.7,60.0,13.7,53.9,0.0,0.0,0.0
2026-04-17 18:32:30,30.5,60.0,33.4,53.9,0.0,0.0,0.0
2026-04-17 18:32:35,30.6,60.0,12.0,53.9,0.0,0.0,0.0
2026-04-17 18:32:40,30.5,60.0,22.7,53.8,0.0,0.0,0.0
2026-04-17 18:32:45,30.6,60.0,18.4,53.8,0.0,0.0,0.0
2026-04-17 18:32:50,30.6,60.1,13.8,53.9,0.0,0.0,0.0
2026-04-17 18:32:55,30.6,59.9,8.2,53.9,0.0,0.0,0.0
2026-04-17 18:33:00,30.6,59.9,16.6,53.9,0.0,0.0,0.0
2026-04-17 18:33:05,30.6,59.8,15.5,53.9,0.0,0.0,0.0
2026-04-17 18:33:10,30.5,59.8,15.2,53.9,0.0,0.0,0.0
2026-04-17 18:33:15,30.7,59.7,21.1,53.8,0.0,0.0,0.0
2026-04-17 18:33:20,30.7,59.7,3.5,53.8,0.0,0.0,0.0
2026-04-17 18:33:25,30.7,59.8,14.2,53.9,0.0,0.0,0.0
2026-04-17 18:33:30,30.6,59.8,4.2,53.9,0.0,0.0,0.0
2026-04-17 18:33:35,30.7,59.8,10.0,53.8,0.0,0.0,0.0
2026-04-17 18:33:40,30.6,59.7,24.7,53.8,0.0,0.0,0.0
2026-04-17 18:33:45,30.7,59.5,15.2,53.8,0.0,0.0,0.0
2026-04-17 18:33:50,30.5,59.6,19.5,53.9,0.0,0.0,0.0
2026-04-17 18:33:55,30.7,59.6,14.7,53.9,0.0,0.0,0.0
2026-04-17 18:34:00,30.7,59.7,35.0,53.8,0.0,0.0,0.0
2026-04-17 18:34:05,30.6,59.7,2.0,53.8,0.0,0.0,0.0
2026-04-17 18:34:10,30.7,59.7,19.0,53.9,0.0,0.0,0.0
2026-04-17 18:34:15,30.7,59.7,28.6,53.9,0.0,0.0,0.0
2026-04-17 18:34:20,30.8,59.5,25.2,53.9,0.0,0.0,0.0
2026-04-17 18:34:25,30.6,59.5,16.3,53.9,0.0,0.0,0.0
2026-04-17 18:34:30,30.7,59.7,27.1,53.9,0.0,0.0,0.0
2026-04-17 18:34:35,30.7,59.8,5.4,53.9,0.0,0.0,0.0
2026-04-17 18:34:40,30.6,59.9,16.9,53.8,0.0,0.0,0.0
2026-04-17 18:34:45,30.7,59.9,13.6,53.8,0.0,0.0,0.0
2026-04-17 18:34:50,30.4,59.7,10.7,53.8,0.0,0.0,0.0
2026-04-17 18:34:55,30.5,59.7,0.7,53.8,0.0,0.0,0.0
2026-04-17 18:35:00,30.7,59.6,7.4,53.8,0.0,0.0,0.0
2026-04-17 18:35:05,30.5,59.6,13.0,53.8,0.0,0.0,0.0
2026-04-17 18:35:10,30.6,59.6,5.5,53.8,0.0,0.0,0.0
2026-04-17 18:35:15,30.7,59.6,8.5,53.8,0.0,0.0,0.0
2026-04-17 18:35:20,30.7,59.7,11.5,53.8,0.0,0.0,0.0
2026-04-17 18:35:25,30.6,59.6,1.1,53.8,0.0,0.0,0.0
2026-04-17 18:35:30,30.5,59.6,8.6,53.8,0.0,0.0,0.0
2026-04-17 18:35:35,30.5,59.4,21.8,53.8,0.0,0.0,0.0
2026-04-17 18:35:40,30.7,59.5,13.6,53.8,0.0,0.0,0.0
2026-04-17 18:35:45,30.7,59.5,21.2,53.9,0.0,0.0,0.0
2026-04-17 18:35:50,30.7,59.5,9.9,53.9,0.0,0.0,0.0
2026-04-17 18:35:55,30.7,59.4,0.0,53.9,0.0,0.0,0.0
2026-04-17 18:36:00,30.6,59.5,10.2,53.9,0.0,0.0,0.0
2026-04-17 18:36:05,30.6,59.6,38.4,53.9,0.0,0.0,0.0
2026-04-17 18:36:10,30.7,59.7,17.2,53.8,0.0,0.0,0.0
2026-04-17 18:36:15,30.7,59.8,15.4,53.8,0.0,0.0,0.0
2026-04-17 18:36:20,30.4,59.8,11.8,53.8,0.0,0.0,0.0
2026-04-17 18:36:25,30.5,59.7,19.9,53.8,0.0,0.0,0.0
2026-04-17 18:36:30,30.6,59.6,14.0,53.8,0.0,0.0,0.0
2026-04-17 18:36:35,30.7,59.7,11.8,53.8,0.0,0.0,0.0
2026-04-17 18:36:40,30.6,59.6,3.5,53.9,0.0,0.0,0.0
2026-04-17 18:36:45,30.5,59.5,5.4,53.9,0.0,0.0,0.0
2026-04-17 18:36:50,30.5,59.4,7.6,53.9,0.0,0.0,0.0
2026-04-17 18:36:55,30.5,59.4,7.0,53.8,0.0,0.0,0.0
2026-04-17 18:37:00,30.8,59.3,0.0,53.8,0.0,0.0,0.0
2026-04-17 18:37:05,30.6,59.4,17.2,53.8,0.0,0.0,0.0
2026-04-17 18:37:10,30.6,59.5,9.1,53.8,0.0,0.0,0.0
2026-04-17 18:37:15,30.7,59.5,0.0,53.8,0.0,0.0,0.0
2026-04-17 18:37:20,30.8,59.5,21.1,53.8,0.0,0.0,0.0
2026-04-17 18:37:25,30.5,59.6,9.3,53.8,0.0,0.0,0.0
2026-04-17 18:37:30,30.7,59.6,5.8,53.9,0.0,0.0,0.0
2026-04-17 18:37:35,30.5,59.6,16.8,53.9,0.0,0.0,0.0
2026-04-17 18:37:40,30.7,59.7,22.7,53.9,0.0,0.0,0.0
2026-04-17 18:37:45,30.7,59.8,0.0,53.8,0.0,0.0,0.0
2026-04-17 18:37:50,30.7,59.8,28.2,53.8,0.0,0.0,0.0
2026-04-17 18:37:55,30.6,59.9,31.1,53.9,0.0,0.0,0.0
2026-04-17 18:38:00,30.6,60.0,20.3,53.9,0.0,0.0,0.0
2026-04-17 18:38:05,30.6,60.2,4.9,53.9,0.0,0.0,0.0
2026-04-17 18:38:10,30.7,60.1,13.3,53.9,0.0,0.0,0.0
2026-04-17 18:38:15,30.7,60.2,17.3,53.9,0.0,0.0,0.0
2026-04-17 18:38:20,30.7,60.1,19.9,53.9,0.0,0.0,0.0
2026-04-17 18:38:25,30.6,60.1,14.2,53.9,0.0,0.0,0.0
2026-04-17 18:38:30,30.7,60.2,17.7,53.8,0.0,0.0,0.0
2026-04-17 18:38:35,30.5,60.1,2.5,53.8,0.0,0.0,0.0
2026-04-17 18:38:40,30.7,60.0,13.6,53.9,0.0,0.0,0.0
2026-04-17 18:38:45,30.7,60.0,11.8,53.9,0.0,0.0,0.0
2026-04-17 18:38:50,30.5,59.8,17.5,53.9,0.0,0.0,0.0
2026-04-17 18:38:55,30.7,59.8,4.0,53.9,0.0,0.0,0.0
2026-04-17 18:39:00,30.6,60.0,13.9,53.9,0.0,0.0,0.0
2026-04-17 18:39:05,30.6,60.0,13.5,53.9,0.0,0.0,0.0
2026-04-17 18:39:10,30.7,60.0,7.6,53.8,0.0,0.0,0.0
2026-04-17 18:39:15,30.7,60.0,13.8,53.8,0.0,0.0,0.0
2026-04-17 18:39:20,30.7,60.0,23.8,53.9,0.0,0.0,0.0
2026-04-17 18:39:25,30.6,59.9,0.0,53.9,0.0,0.0,0.0
2026-04-17 18:39:30,30.5,59.9,16.0,53.9,0.0,0.0,0.0
2026-04-17 18:39:35,30.7,59.9,14.7,53.9,0.0,0.0,0.0
2026-04-17 18:39:40,30.6,59.7,22.6,53.9,0.0,0.0,0.0
2026-04-17 18:39:45,30.6,59.8,10.6,53.9,0.0,0.0,0.0
2026-04-17 18:39:50,30.7,59.8,1.9,53.9,0.0,0.0,0.0
2026-04-17 18:39:55,30.7,59.8,7.1,53.8,0.0,0.0,0.0
2026-04-17 18:40:00,30.7,59.9,14.5,53.8,0.0,0.0,0.0
2026-04-17 18:40:05,30.7,59.7,16.1,53.8,0.0,0.0,0.0
2026-04-17 18:40:10,30.6,59.7,28.6,53.8,0.0,0.0,0.0
2026-04-17 18:40:15,30.6,59.9,13.9,53.8,0.0,0.0,0.0
2026-04-17 18:40:20,30.6,59.7,9.6,53.8,0.0,0.0,0.0
2026-04-17 18:40:25,30.7,59.7,4.0,53.8,0.0,0.0,0.0
2026-04-17 18:40:30,30.6,59.8,27.7,53.8,0.0,0.0,0.0
2026-04-17 18:40:35,30.8,59.7,10.1,53.9,0.0,0.0,0.0
2026-04-17 18:40:40,30.7,59.6,21.5,53.9,0.0,0.0,0.0
2026-04-17 18:40:45,30.5,59.6,1.4,53.9,0.0,0.0,0.0
2026-04-17 18:40:50,30.6,59.6,16.4,53.9,0.0,0.0,0.0
2026-04-17 18:40:55,30.7,59.5,0.0,53.9,0.0,0.0,0.0
2026-04-17 18:41:00,30.5,59.6,8.6,53.9,0.0,0.0,0.0
2026-04-17 18:41:05,30.5,59.5,31.3,53.9,0.0,0.0,0.0
2026-04-17 18:41:10,30.7,59.5,16.4,53.9,0.0,0.0,0.0
2026-04-17 18:41:15,30.6,59.6,5.5,53.9,0.0,0.0,0.0
2026-04-17 18:41:20,30.6,59.5,0.0,53.9,0.0,0.0,0.0
2026-04-17 18:41:25,30.6,59.4,13.6,53.9,0.0,0.0,0.0
2026-04-17 18:41:30,30.8,59.3,16.2,53.9,0.0,0.0,0.0
2026-04-17 18:41:35,30.7,59.3,13.0,53.9,0.0,0.0,0.0
2026-04-17 18:41:40,30.6,59.3,22.1,53.9,0.0,0.0,0.0
2026-04-17 18:41:45,30.6,59.3,13.7,53.9,0.0,0.0,0.0
2026-04-17 18:41:50,30.5,59.2,4.9,53.9,0.0,0.0,0.0
2026-04-17 18:41:55,30.5,59.2,7.5,53.9,0.0,0.0,0.0
2026-04-17 18:42:00,30.6,59.2,25.0,53.9,0.0,0.0,0.0
2026-04-17 18:42:05,30.5,59.2,17.1,53.9,0.0,0.0,0.0
2026-04-17 18:42:10,30.5,59.3,16.1,53.9,0.0,0.0,0.0
2026-04-17 18:42:15,30.4,59.4,9.4,53.9,0.0,0.0,0.0
2026-04-17 18:42:20,30.6,59.4,27.0,53.8,0.0,0.0,0.0
2026-04-17 18:42:25,30.5,59.4,19.2,53.8,0.0,0.0,0.0
2026-04-17 18:42:30,30.6,59.3,11.2,53.8,0.0,0.0,0.0
2026-04-17 18:42:35,30.6,59.3,8.7,53.8,0.0,0.0,0.0
2026-04-17 18:42:40,30.8,59.3,19.2,53.8,0.0,0.0,0.0
2026-04-17 18:42:45,30.7,59.4,3.8,53.8,0.0,0.0,0.0
2026-04-17 18:42:50,30.7,59.2,8.1,53.8,0.0,0.0,0.0
2026-04-17 18:42:55,30.6,59.3,0.0,53.9,0.0,0.0,0.0
2026-04-17 18:43:00,30.7,59.4,28.7,53.9,0.0,0.0,0.0
2026-04-17 18:43:05,30.5,59.5,23.0,53.9,0.0,0.0,0.0
2026-04-17 18:43:10,30.4,59.6,11.0,53.9,0.0,0.0,0.0
2026-04-17 18:43:15,30.5,59.6,28.0,53.9,0.0,0.0,0.0
2026-04-17 18:43:20,30.5,59.7,29.4,53.9,0.0,0.0,0.0
2026-04-17 18:43:25,30.6,59.6,10.6,53.9,0.0,0.0,0.0
2026-04-17 18:43:30,30.7,59.5,0.0,53.9,0.0,0.0,0.0
2026-04-17 18:43:35,30.7,59.5,22.3,53.9,0.0,0.0,0.0
2026-04-17 18:43:40,30.6,59.5,12.0,53.9,0.0,0.0,0.0
2026-04-17 18:43:45,30.6,59.5,22.3,53.9,0.0,0.0,0.0
2026-04-17 18:43:50,30.6,59.5,23.0,53.8,0.0,0.0,0.0
2026-04-17 18:43:55,30.5,59.5,18.0,53.8,0.0,0.0,0.0
2026-04-17 18:44:00,30.6,59.5,3.1,53.8,0.0,0.0,0.0
2026-04-17 18:44:05,30.6,59.4,6.2,53.8,0.0,0.0,0.0
2026-04-17 18:44:10,30.5,59.4,24.8,53.9,0.0,0.0,0.0
2026-04-17 18:44:15,30.6,59.5,8.4,53.9,0.0,0.0,0.0
2026-04-17 18:44:20,30.5,59.5,29.2,53.9,0.0,0.0,0.0
2026-04-17 18:44:25,30.6,59.4,16.6,53.9,0.0,0.0,0.0
2026-04-17 18:44:30,30.4,59.4,8.6,53.9,0.0,0.0,0.0
2026-04-17 18:44:35,30.6,59.4,29.6,53.9,0.0,0.0,0.0
2026-04-17 18:44:40,30.7,59.5,28.4,53.9,0.0,0.0,0.0
2026-04-17 18:44:45,30.7,59.5,6.9,53.9,0.0,0.0,0.0
2026-04-17 18:44:50,30.6,59.7,17.3,53.9,0.0,0.0,0.0
2026-04-17 18:44:55,30.5,59.7,6.2,53.9,0.0,0.0,0.0
2026-04-17 18:45:00,30.5,59.7,29.4,53.8,0.0,0.0,0.0
2026-04-17 18:45:05,30.6,59.7,8.9,53.8,0.0,0.0,0.0
2026-04-17 18:45:10,30.6,59.7,22.9,53.8,0.0,0.0,0.0
2026-04-17 18:45:15,30.5,59.8,40.5,53.9,0.0,0.0,0.0
2026-04-17 18:45:20,30.6,59.7,25.8,53.9,0.0,0.0,0.0
2026-04-17 18:45:25,30.5,59.8,0.0,53.8,0.0,0.0,0.0
2026-04-17 18:45:30,30.6,59.8,25.4,53.8,0.0,0.0,0.0
2026-04-17 18:45:35,30.6,59.7,38.7,53.8,0.0,0.0,0.0
2026-04-17 18:45:40,30.4,59.7,4.9,53.8,0.0,0.0,0.0
2026-04-17 18:45:45,30.7,59.9,26.2,53.8,0.0,0.0,0.0
2026-04-17 18:45:50,30.5,59.8,1.4,53.8,0.0,0.0,0.0
2026-04-17 18:45:55,30.5,59.8,25.1,53.8,0.0,0.0,0.0
2026-04-17 18:46:00,30.5,59.8,1.8,53.8,0.0,0.0,0.0
2026-04-17 18:46:05,30.6,59.8,13.3,53.8,0.0,0.0,0.0
2026-04-17 18:46:10,30.5,59.9,25.0,53.8,0.0,0.0,0.0
2026-04-17 18:46:15,30.6,59.9,21.7,53.9,0.0,0.0,0.0
2026-04-17 18:46:20,30.6,59.9,16.6,53.9,0.0,0.0,0.0
2026-04-17 18:46:25,30.7,59.9,0.0,53.9,0.0,0.0,0.0
2026-04-17 18:46:30,30.6,59.8,14.5,53.9,0.0,0.0,0.0
2026-04-17 18:46:35,30.5,59.9,13.4,53.8,0.0,0.0,0.0
2026-04-17 18:46:40,30.6,59.9,16.1,53.8,0.0,0.0,0.0
2026-04-17 18:46:45,30.6,59.8,27.5,53.8,0.0,0.0,0.0
2026-04-17 18:46:50,30.5,59.8,27.4,53.8,0.0,0.0,0.0
2026-04-17 18:46:55,30.5,59.8,20.2,53.8,0.0,0.0,0.0
2026-04-17 18:47:00,30.5,59.7,0.0,53.8,0.0,0.0,0.0
2026-04-17 18:47:05,30.5,59.6,25.2,53.8,0.0,0.0,0.0
2026-04-17 18:47:10,30.5,59.7,18.6,53.8,0.0,0.0,0.0
2026-04-17 18:47:15,30.7,59.7,12.8,53.8,0.0,0.0,0.0
2026-04-17 18:47:20,30.5,59.6,15.4,53.8,0.0,0.0,0.0
2026-04-17 18:47:25,30.6,59.8,33.8,53.8,0.0,0.0,0.0
2026-04-17 18:47:30,30.6,59.7,39.7,53.8,0.0,0.0,0.0
2026-04-17 18:47:35,30.6,59.7,12.3,53.8,0.0,0.0,0.0
2026-04-17 18:47:40,30.6,59.8,27.8,53.8,0.0,0.0,0.0
2026-04-17 18:47:45,30.7,59.8,0.0,53.8,0.0,0.0,0.0
2026-04-17 18:47:50,30.7,59.8,26.9,53.8,0.0,0.0,0.0
2026-04-17 18:47:55,30.6,59.7,0.0,53.8,0.0,0.0,0.0
2026-04-17 18:48:00,30.6,60.0,3.9,53.8,0.0,0.0,0.0
2026-04-17 18:48:05,30.6,60.0,9.9,53.8,0.0,0.0,0.0
2026-04-17 18:48:10,30.6,60.0,7.4,53.9,0.0,0.0,0.0
2026-04-17 18:48:15,30.6,59.9,14.8,53.9,0.0,0.0,0.0
2026-04-17 18:48:20,30.6,60.0,9.3,53.9,0.0,0.0,0.0
2026-04-17 18:48:25,30.6,60.0,19.2,53.9,0.0,0.0,0.0
2026-04-17 18:48:30,30.5,60.0,13.9,53.9,0.0,0.0,0.0
2026-04-17 18:48:35,30.5,60.2,22.9,53.9,0.0,0.0,0.0
2026-04-17 18:48:40,30.6,60.2,6.0,53.9,0.0,0.0,0.0
2026-04-17 18:48:45,30.6,60.3,15.1,53.9,0.0,0.0,0.0
2026-04-17 18:48:50,30.5,60.4,21.3,53.9,0.0,0.0,0.0
2026-04-17 18:48:55,30.6,60.4,30.5,53.9,0.0,0.0,0.0
2026-04-17 18:49:00,30.6,60.5,7.4,53.9,0.0,0.0,0.0
2026-04-17 18:49:05,30.5,60.5,29.7,53.9,0.0,0.0,0.0
2026-04-17 18:49:10,30.6,60.5,12.8,53.9,0.0,0.0,0.0
2026-04-17 18:49:15,30.6,60.5,26.0,53.8,0.0,0.0,0.0
2026-04-17 18:49:20,30.7,60.4,12.3,53.8,0.0,0.0,0.0
2026-04-17 18:49:25,30.7,60.4,9.4,53.9,0.0,0.0,0.0
2026-04-17 18:49:30,30.5,60.4,25.5,53.9,0.0,0.0,0.0
2026-04-17 18:49:35,30.6,60.4,8.7,53.9,0.0,0.0,0.0
2026-04-17 18:49:40,30.7,60.1,0.0,53.9,0.0,0.0,0.0
2026-04-17 18:49:45,30.7,60.1,51.0,53.9,0.0,0.0,0.0
2026-04-17 18:49:50,30.7,60.1,28.6,53.9,0.0,0.0,0.0
2026-04-17 18:49:55,30.5,60.3,18.5,53.9,0.0,0.0,0.0
2026-04-17 18:50:00,30.7,60.1,0.0,53.8,0.0,0.0,0.0
2026-04-17 18:50:05,30.6,60.2,5.3,53.8,0.0,0.0,0.0
2026-04-17 18:50:10,30.6,60.2,0.0,53.8,0.0,0.0,0.0
2026-04-17 18:50:15,30.6,60.1,6.6,53.8,0.0,0.0,0.0
2026-04-17 18:50:20,30.5,60.1,20.4,53.9,0.0,0.0,0.0
2026-04-17 18:50:25,30.7,60.2,13.9,53.9,0.0,0.0,0.0
2026-04-17 18:50:30,30.6,60.1,0.3,53.9,0.0,0.0,0.0
2026-04-17 18:50:35,30.8,60.2,0.6,53.9,0.0,0.0,0.0
2026-04-17 18:50:40,30.5,60.2,9.8,53.9,0.0,0.0,0.0
2026-04-17 18:50:45,30.6,60.2,17.7,53.9,0.0,0.0,0.0
2026-04-17 18:50:50,30.6,60.2,17.8,53.8,0.0,0.0,0.0
2026-04-17 18:50:55,30.7,60.3,12.8,53.8,0.0,0.0,0.0
2026-04-17 18:51:00,30.6,60.2,1.9,53.8,0.0,0.0,0.0
2026-04-17 18:51:05,30.6,60.4,21.7,53.8,0.0,0.0,0.0
2026-04-17 18:51:10,30.6,60.3,23.9,53.8,0.0,0.0,0.0
2026-04-17 18:51:15,30.5,60.1,11.4,53.8,0.0,0.0,0.0
2026-04-17 18:51:20,30.8,60.0,12.3,53.9,0.0,0.0,0.0
2026-04-17 18:51:25,30.7,60.1,0.0,53.9,0.0,0.0,0.0
2026-04-17 18:51:30,30.5,60.0,27.5,53.9,0.0,0.0,0.0
2026-04-17 18:51:35,30.7,60.0,15.7,53.9,0.0,0.0,0.0
2026-04-17 18:51:40,30.7,60.0,6.2,53.9,0.0,0.0,0.0
2026-04-17 18:51:45,30.6,60.0,15.4,53.9,0.0,0.0,0.0
2026-04-17 18:51:50,30.8,59.9,2.7,53.9,0.0,0.0,0.0
2026-04-17 18:51:55,30.5,59.9,3.6,53.9,0.0,0.0,0.0
2026-04-17 18:52:00,30.7,60.1,1.7,53.9,0.0,0.0,0.0
2026-04-17 18:52:05,30.7,60.1,6.0,53.9,0.0,0.0,0.0
2026-04-17 18:52:10,30.6,60.0,0.0,53.9,0.0,0.0,0.0
2026-04-17 18:52:15,30.6,59.9,23.3,53.9,0.0,0.0,0.0
2026-04-17 18:52:20,30.8,59.9,25.0,53.9,0.0,0.0,0.0
2026-04-17 18:52:25,30.7,59.8,1.5,53.9,0.0,0.0,0.0
2026-04-17 18:52:30,30.6,59.8,25.3,53.9,0.0,0.0,0.0
2026-04-17 18:52:35,30.6,59.9,13.3,53.8,0.0,0.0,0.0
2026-04-17 18:52:40,30.8,59.9,31.6,53.8,0.0,0.0,0.0
2026-04-17 18:52:45,30.7,59.9,31.5,53.8,0.0,0.0,0.0
2026-04-17 18:52:50,30.7,59.8,9.2,53.8,0.0,0.0,0.0
2026-04-17 18:52:55,30.6,59.7,16.5,53.8,0.0,0.0,0.0
2026-04-17 18:53:00,30.7,59.7,32.4,53.8,0.0,0.0,0.0
2026-04-17 18:53:05,30.8,59.7,9.6,53.8,0.0,0.0,0.0
2026-04-17 18:53:10,30.4,59.7,4.0,53.8,0.0,0.0,0.0
2026-04-17 18:53:15,30.6,59.7,5.2,53.8,0.0,0.0,0.0
2026-04-17 18:53:20,30.7,59.6,17.6,53.8,0.0,0.0,0.0
2026-04-17 18:53:25,30.6,59.5,18.8,53.8,0.0,0.0,0.0
2026-04-17 18:53:30,30.6,59.4,22.6,53.8,0.0,0.0,0.0
2026-04-17 18:53:35,30.6,59.5,17.4,53.8,0.0,0.0,0.0
2026-04-17 18:53:40,30.5,59.6,0.0,53.8,0.0,0.0,0.0
2026-04-17 18:53:45,30.5,59.6,9.7,53.8,0.0,0.0,0.0
2026-04-17 18:53:50,30.6,59.6,12.9,53.8,0.0,0.0,0.0
2026-04-17 18:53:55,30.6,59.6,20.6,53.9,0.0,0.0,0.0
2026-04-17 18:54:00,30.6,59.8,8.2,53.9,0.0,0.0,0.0
2026-04-17 18:54:05,30.5,60.0,8.7,53.8,0.0,0.0,0.0
2026-04-17 18:54:10,30.7,60.1,25.5,53.8,0.0,0.0,0.0
2026-04-17 18:54:15,30.6,60.1,22.0,53.8,0.0,0.0,0.0
2026-04-17 18:54:20,30.5,60.0,3.4,53.8,0.0,0.0,0.0
2026-04-17 18:54:25,30.6,60.1,0.0,53.9,0.0,0.0,0.0
2026-04-17 18:54:30,30.6,59.9,17.3,53.9,0.0,0.0,0.0
2026-04-17 18:54:35,30.7,59.9,6.7,53.9,0.0,0.0,0.0
2026-04-17 18:54:40,30.6,59.9,28.5,53.9,0.0,0.0,0.0
2026-04-17 18:54:45,30.7,59.8,11.0,53.8,0.0,0.0,0.0
2026-04-17 18:54:50,30.6,59.7,3.0,53.8,0.0,0.0,0.0
2026-04-17 18:54:55,30.6,59.7,11.6,53.8,0.0,0.0,0.0
2026-04-17 18:55:00,30.6,59.7,0.0,53.8,0.0,0.0,0.0
2026-04-17 18:55:05,30.7,59.5,39.0,53.8,0.0,0.0,0.0
2026-04-17 18:55:10,30.7,59.7,3.8,53.8,0.0,0.0,0.0
2026-04-17 18:55:15,30.7,59.8,16.2,53.8,0.0,0.0,0.0
2026-04-17 18:55:20,30.5,59.9,18.1,53.8,0.0,0.0,0.0
2026-04-17 18:55:25,30.7,60.0,27.6,53.8,0.0,0.0,0.0
2026-04-17 18:55:30,30.6,60.0,20.0,53.8,0.0,0.0,0.0
2026-04-17 18:55:35,30.7,60.1,10.2,53.8,0.0,0.0,0.0
2026-04-17 18:55:40,30.7,60.0,18.6,53.8,0.0,0.0,0.0
2026-04-17 18:55:45,30.6,60.0,16.9,53.8,0.0,0.0,0.0
2026-04-17 18:55:50,30.7,59.9,20.1,53.8,0.0,0.0,0.0
2026-04-17 18:55:55,30.7,59.9,22.9,53.8,0.0,0.0,0.0
2026-04-17 18:56:00,30.8,59.8,24.5,53.8,0.0,0.0,0.0
2026-04-17 18:56:05,30.6,59.7,0.1,53.8,0.0,0.0,0.0
2026-04-17 18:56:10,30.7,59.6,24.8,53.8,0.0,0.0,0.0
2026-04-17 18:56:15,30.6,59.5,8.5,53.8,0.0,0.0,0.0
2026-04-17 18:56:20,30.7,59.6,17.1,53.8,0.0,0.0,0.0
2026-04-17 18:56:25,30.7,59.6,19.5,53.8,0.0,0.0,0.0
2026-04-17 18:56:30,30.5,59.7,24.8,53.8,0.0,0.0,0.0
2026-04-17 18:56:35,30.6,59.6,24.2,53.8,0.0,0.0,0.0
2026-04-17 18:56:40,30.8,59.7,6.5,53.8,0.0,0.0,0.0
2026-04-17 18:56:45,30.7,59.4,3.2,53.8,0.0,0.0,0.0
2026-04-17 18:56:50,30.6,59.4,15.9,53.8,0.0,0.0,0.0
2026-04-17 18:56:55,30.5,59.5,20.0,53.8,0.0,0.0,0.0
2026-04-17 18:57:00,30.8,59.6,19.3,53.8,0.0,0.0,0.0
2026-04-17 18:57:05,30.6,59.7,1.0,53.8,0.0,0.0,0.0
2026-04-17 18:57:10,30.5,59.6,22.8,53.8,0.0,0.0,0.0
2026-04-17 18:57:15,30.6,59.5,4.2,53.8,0.0,0.0,0.0
2026-04-17 18:57:20,30.6,59.6,31.0,53.8,0.0,0.0,0.0
2026-04-17 18:57:25,30.6,59.8,31.8,53.8,0.0,0.0,0.0
2026-04-17 18:57:30,30.7,59.8,7.2,53.8,0.0,0.0,0.0
2026-04-17 18:57:35,30.6,59.7,13.2,53.8,0.0,0.0,0.0
2026-04-17 18:57:40,30.6,59.6,14.0,53.8,0.0,0.0,0.0
2026-04-17 18:57:45,30.6,59.6,10.8,53.8,0.0,0.0,0.0
2026-04-17 18:57:50,30.5,59.4,23.7,53.8,0.0,0.0,0.0
2026-04-17 18:57:55,30.5,59.4,16.4,53.8,0.0,0.0,0.0
2026-04-17 18:58:00,30.7,59.4,20.1,53.8,0.0,0.0,0.0
2026-04-17 18:58:05,30.5,59.6,16.6,53.8,0.0,0.0,0.0
2026-04-17 18:58:10,30.6,59.5,12.3,53.8,0.0,0.0,0.0
2026-04-17 18:58:15,30.6,59.4,13.0,53.8,0.0,0.0,0.0
2026-04-17 18:58:20,30.5,59.4,7.6,53.8,0.0,0.0,0.0
2026-04-17 18:58:25,30.6,59.3,19.6,53.8,0.0,0.0,0.0
2026-04-17 18:58:30,30.5,59.4,22.9,53.8,0.0,0.0,0.0
2026-04-17 18:58:35,30.5,59.5,7.7,53.8,0.0,0.0,0.0
2026-04-17 18:58:40,30.6,59.4,8.7,53.8,0.0,0.0,0.0
2026-04-17 18:58:45,30.6,59.4,0.0,53.8,0.0,0.0,0.0
2026-04-17 18:58:50,30.6,59.3,19.4,53.8,0.0,0.0,0.0
2026-04-17 18:58:55,30.7,59.4,12.9,53.8,0.0,0.0,0.0
2026-04-17 18:59:00,30.5,59.5,18.5,53.8,0.0,0.0,0.0
2026-04-17 18:59:05,30.5,59.6,18.2,53.8,0.0,0.0,0.0
2026-04-17 18:59:10,30.4,59.6,16.8,53.8,0.0,0.0,0.0
2026-04-17 18:59:15,30.6,59.6,20.5,53.8,0.0,0.0,0.0
2026-04-17 18:59:20,30.6,59.5,4.8,53.8,0.0,0.0,0.0
2026-04-17 18:59:25,30.4,59.5,22.9,53.8,0.0,0.0,0.0
2026-04-17 18:59:30,30.5,59.7,11.8,53.8,0.0,0.0,0.0
2026-04-17 18:59:35,30.5,59.7,20.1,53.8,0.0,0.0,0.0
2026-04-17 18:59:40,30.6,59.7,8.6,53.8,0.0,0.0,0.0
2026-04-17 18:59:45,30.6,59.7,27.8,53.8,0.0,0.0,0.0
2026-04-17 18:59:50,30.6,59.6,10.0,53.8,0.0,0.0,0.0
2026-04-17 18:59:55,30.5,59.6,13.2,53.8,0.0,0.0,0.0
2026-04-17 19:00:00,30.7,59.8,16.5,53.8,0.0,0.0,0.0
2026-04-17 19:00:05,30.7,59.8,10.5,53.8,0.0,0.0,0.0
2026-04-17 19:00:10,30.5,59.9,30.5,53.8,0.0,0.0,0.0
2026-04-17 19:00:15,30.5,59.9,5.6,53.8,0.0,0.0,0.0
2026-04-17 19:00:20,30.5,59.7,16.8,53.8,0.0,0.0,0.0
2026-04-17 19:00:25,30.5,59.7,23.0,53.8,0.0,0.0,0.0
2026-04-17 19:00:30,30.6,59.7,22.5,53.8,0.0,0.0,0.0
2026-04-17 19:00:35,30.6,59.6,9.2,53.8,0.0,0.0,0.0
2026-04-17 19:00:40,30.4,59.4,12.2,53.8,0.0,0.0,0.0
2026-04-17 19:00:45,30.5,59.2,26.3,53.8,0.0,0.0,0.0
2026-04-17 19:00:50,30.5,59.3,0.0,53.9,0.0,0.0,0.0
2026-04-17 19:00:55,30.5,59.4,14.0,53.9,0.0,0.0,0.0
2026-04-17 19:01:00,30.5,59.3,8.3,53.9,0.0,0.0,0.0
2026-04-17 19:01:05,30.4,59.3,30.0,53.8,0.0,0.0,0.0
2026-04-17 19:01:10,30.5,59.2,33.8,53.8,0.0,0.0,0.0
2026-04-17 19:01:15,30.6,59.2,12.4,53.8,0.0,0.0,0.0
2026-04-17 19:01:20,30.6,59.0,0.0,53.8,0.0,0.0,0.0
2026-04-17 19:01:25,30.5,59.2,13.8,53.8,0.0,0.0,0.0
2026-04-17 19:01:30,30.5,59.1,7.5,53.8,0.0,0.0,0.0
2026-04-17 19:01:35,30.5,59.1,7.2,53.8,0.0,0.0,0.0
2026-04-17 19:01:40,30.6,59.1,13.8,53.8,0.0,0.0,0.0
2026-04-17 19:01:45,30.5,59.1,20.8,53.8,0.0,0.0,0.0
2026-04-17 19:01:50,30.6,59.0,20.6,53.8,0.0,0.0,0.0
2026-04-17 19:01:55,30.5,59.0,17.4,53.8,0.0,0.0,0.0
2026-04-17 19:02:00,30.6,59.0,17.1,53.8,0.0,0.0,0.0
2026-04-17 19:02:05,30.5,59.0,9.7,53.8,0.0,0.0,0.0
2026-04-17 19:02:10,30.6,59.0,0.0,53.8,0.0,0.0,0.0
2026-04-17 19:02:15,30.6,59.0,23.6,53.8,0.0,0.0,0.0
2026-04-17 19:02:20,30.5,59.0,29.6,53.8,0.0,0.0,0.0
2026-04-17 19:02:25,30.6,59.1,3.2,53.8,0.0,0.0,0.0
2026-04-17 19:02:30,30.5,59.1,8.9,53.8,0.0,0.0,0.0
2026-04-17 19:02:35,30.6,59.1,16.9,53.8,0.0,0.0,0.0
2026-04-17 19:02:40,30.7,59.1,0.0,53.8,0.0,0.0,0.0
2026-04-17 19:02:45,30.6,59.1,8.9,53.8,0.0,0.0,0.0
2026-04-17 19:02:50,30.7,59.1,17.4,53.8,0.0,0.0,0.0
2026-04-17 19:02:55,30.4,59.0,18.6,53.8,0.0,0.0,0.0
2026-04-17 19:03:00,30.5,59.1,23.5,53.8,0.0,0.0,0.0
2026-04-17 19:03:05,30.7,59.2,15.3,53.8,0.0,0.0,0.0
2026-04-17 19:03:10,30.5,59.2,22.1,53.8,0.0,0.0,0.0
2026-04-17 19:03:15,30.6,59.2,0.0,53.8,0.0,0.0,0.0
2026-04-17 19:03:20,30.6,59.2,11.8,53.8,0.0,0.0,0.0
2026-04-17 19:03:25,30.7,59.1,41.0,53.8,0.0,0.0,0.0
2026-04-17 19:03:30,30.7,59.2,0.0,53.8,0.0,0.0,0.0
2026-04-17 19:03:35,30.6,59.1,19.6,53.8,0.0,0.0,0.0
2026-04-17 19:03:40,30.5,59.2,17.9,53.8,0.0,0.0,0.0
2026-04-17 19:03:45,30.4,59.2,0.0,53.8,0.0,0.0,0.0
2026-04-17 19:03:50,30.4,59.1,22.2,53.8,0.0,0.0,0.0
2026-04-17 19:03:55,30.4,59.1,15.7,53.8,0.0,0.0,0.0
2026-04-17 19:04:00,30.6,59.1,32.5,53.8,0.0,0.0,0.0
2026-04-17 19:04:05,30.5,59.1,12.3,53.8,0.0,0.0,0.0
2026-04-17 19:04:10,30.4,59.1,0.1,53.8,0.0,0.0,0.0
2026-04-17 19:04:15,30.4,59.1,11.1,53.8,0.0,0.0,0.0
2026-04-17 19:04:20,30.5,59.2,15.5,53.8,0.0,0.0,0.0
2026-04-17 19:04:25,30.5,59.2,10.1,53.8,0.0,0.0,0.0
2026-04-17 19:04:30,30.6,59.1,14.1,53.8,0.0,0.0,0.0
2026-04-17 19:04:35,30.5,59.1,16.3,53.8,0.0,0.0,0.0
2026-04-17 19:04:40,30.5,59.2,21.4,53.8,0.0,0.0,0.0
2026-04-17 19:04:45,30.4,59.3,3.1,53.8,0.0,0.0,0.0
2026-04-17 19:04:50,30.5,59.4,24.5,53.8,0.0,0.0,0.0
2026-04-17 19:04:55,30.6,59.4,15.4,53.8,0.0,0.0,0.0
2026-04-17 19:05:00,30.5,59.4,12.9,53.8,0.0,0.0,0.0
2026-04-17 19:05:05,30.5,59.3,8.4,53.8,0.0,0.0,0.0
2026-04-17 19:05:10,30.4,59.3,15.8,53.8,0.0,0.0,0.0
2026-04-17 19:05:15,30.5,59.3,3.5,53.8,0.0,0.0,0.0
2026-04-17 19:05:20,30.6,59.5,4.9,53.8,0.0,0.0,0.0
2026-04-17 19:05:25,30.5,59.7,14.0,53.8,0.0,0.0,0.0
2026-04-17 19:05:30,30.6,59.6,9.8,53.8,0.0,0.0,0.0
2026-04-17 19:05:35,30.6,59.7,26.6,53.8,0.0,0.0,0.0
2026-04-17 19:05:40,30.6,59.8,6.8,53.9,0.0,0.0,0.0
2026-04-17 19:05:45,30.5,59.7,18.4,53.9,0.0,0.0,0.0
2026-04-17 19:05:50,30.5,59.9,25.3,53.9,0.0,0.0,0.0
2026-04-17 19:05:55,30.4,60.0,19.5,53.9,0.0,0.0,0.0
2026-04-17 19:06:00,30.4,60.1,6.1,53.9,0.0,0.0,0.0
2026-04-17 19:06:05,30.5,60.0,3.8,53.9,0.0,0.0,0.0
2026-04-17 19:06:10,30.4,60.0,23.1,53.8,0.0,0.0,0.0
2026-04-17 19:06:15,30.6,60.1,3.1,53.8,0.0,0.0,0.0
2026-04-17 19:06:20,30.5,59.9,21.0,53.8,0.0,0.0,0.0
2026-04-17 19:06:25,30.6,59.8,0.3,53.8,0.0,0.0,0.0
2026-04-17 19:06:30,30.5,59.8,12.5,53.8,0.0,0.0,0.0
2026-04-17 19:06:35,30.5,59.7,12.7,53.8,0.0,0.0,0.0
2026-04-17 19:06:40,30.5,59.7,14.1,53.8,0.0,0.0,0.0
2026-04-17 19:06:45,30.5,59.7,21.9,53.8,0.0,0.0,0.0
2026-04-17 19:06:50,30.4,59.6,10.4,53.8,0.0,0.0,0.0
2026-04-17 19:06:55,30.6,59.5,19.5,53.8,0.0,0.0,0.0
2026-04-17 19:07:00,30.4,59.5,11.1,53.8,0.0,0.0,0.0
2026-04-17 19:07:05,30.4,59.4,12.3,53.8,0.0,0.0,0.0
2026-04-17 19:07:10,30.5,59.5,27.4,53.8,0.0,0.0,0.0
2026-04-17 19:07:15,30.6,59.6,13.0,53.8,0.0,0.0,0.0
2026-04-17 19:07:20,30.5,59.7,9.8,53.8,0.0,0.0,0.0
2026-04-17 19:07:25,30.6,59.8,35.5,53.8,0.0,0.0,0.0
2026-04-17 19:07:30,30.4,59.7,17.9,53.8,0.0,0.0,0.0
2026-04-17 19:07:35,30.3,59.8,3.4,53.8,0.0,0.0,0.0
2026-04-17 19:07:40,30.6,59.9,19.7,53.8,0.0,0.0,0.0
2026-04-17 19:07:45,30.5,60.0,13.7,53.8,0.0,0.0,0.0
2026-04-17 19:07:50,30.6,59.8,11.4,53.8,0.0,0.0,0.0
2026-04-17 19:07:55,30.7,59.8,32.9,53.8,0.0,0.0,0.0
2026-04-17 19:08:00,30.4,59.7,19.9,53.8,0.0,0.0,0.0
2026-04-17 19:08:05,30.5,59.8,9.7,53.8,0.0,0.0,0.0
2026-04-17 19:08:10,30.5,59.8,0.0,53.8,0.0,0.0,0.0
2026-04-17 19:08:15,30.6,59.6,27.1,53.8,0.0,0.0,0.0
2026-04-17 19:08:20,30.4,59.6,16.1,53.8,0.0,0.0,0.0
2026-04-17 19:08:25,30.4,59.6,22.4,53.8,0.0,0.0,0.0
2026-04-17 19:08:30,30.5,59.6,23.6,53.8,0.0,0.0,0.0
2026-04-17 19:08:35,30.5,59.7,0.0,53.8,0.0,0.0,0.0
2026-04-17 19:08:40,30.5,59.6,8.2,53.8,0.0,0.0,0.0
2026-04-17 19:08:45,30.5,59.6,17.3,53.8,0.0,0.0,0.0
2026-04-17 19:08:50,30.7,59.5,13.8,53.8,0.0,0.0,0.0
2026-04-17 19:08:55,30.3,59.6,20.8,53.8,0.0,0.0,0.0
2026-04-17 19:09:00,30.6,59.6,16.9,53.8,0.0,0.0,0.0
2026-04-17 19:09:05,30.6,59.7,2.5,53.8,0.0,0.0,0.0
2026-04-17 19:09:10,30.4,59.7,21.2,53.8,0.0,0.0,0.0
2026-04-17 19:09:15,30.5,59.8,13.8,53.8,0.0,0.0,0.0
2026-04-17 19:09:20,30.6,59.8,13.2,53.8,0.0,0.0,0.0
2026-04-17 19:09:25,30.4,59.9,2.6,53.8,0.0,0.0,0.0
2026-04-17 19:09:30,30.4,60.0,10.3,53.9,0.0,0.0,0.0
2026-04-17 19:09:35,30.6,59.9,10.1,53.9,0.0,0.0,0.0
2026-04-17 19:09:40,30.6,60.0,0.0,53.8,0.0,0.0,0.0
2026-04-17 19:09:45,30.5,60.0,10.3,53.8,0.0,0.0,0.0
2026-04-17 19:09:50,30.5,59.9,22.2,53.8,0.0,0.0,0.0
2026-04-17 19:09:55,30.6,59.9,14.2,53.8,0.0,0.0,0.0
2026-04-17 19:10:00,30.6,59.8,12.6,53.8,0.0,0.0,0.0
2026-04-17 19:10:05,30.4,59.7,15.6,53.8,0.0,0.0,0.0
2026-04-17 19:10:10,30.4,59.7,7.0,53.8,0.0,0.0,0.0
2026-04-17 19:10:15,30.5,59.6,15.3,53.8,0.0,0.0,0.0
2026-04-17 19:10:20,30.6,59.7,4.5,53.8,0.0,0.0,0.0
2026-04-17 19:10:25,30.6,59.7,1.5,53.8,0.0,0.0,0.0
2026-04-17 19:10:30,30.4,59.6,1.9,53.8,0.0,0.0,0.0
2026-04-17 19:10:35,30.3,59.5,3.6,53.8,0.0,0.0,0.0
2026-04-17 19:10:40,30.3,59.3,34.0,53.8,0.0,0.0,0.0
2026-04-17 19:10:45,30.4,59.4,21.0,53.8,0.0,0.0,0.0
2026-04-17 19:10:50,30.5,59.4,22.3,53.8,0.0,0.0,0.0
2026-04-17 19:10:55,30.3,59.2,4.4,53.8,0.0,0.0,0.0
2026-04-17 19:11:00,30.3,59.3,9.7,53.8,0.0,0.0,0.0
2026-04-17 19:11:05,30.5,59.3,12.2,53.8,0.0,0.0,0.0
2026-04-17 19:11:10,30.4,59.3,33.0,53.8,0.0,0.0,0.0
2026-04-17 19:11:15,30.4,59.3,10.3,53.8,0.0,0.0,0.0
2026-04-17 19:11:20,30.3,59.3,36.3,53.8,0.0,0.0,0.0
2026-04-17 19:11:25,30.5,59.3,28.3,53.8,0.0,0.0,0.0
2026-04-17 19:11:30,30.4,59.3,6.9,53.8,0.0,0.0,0.0
2026-04-17 19:11:35,30.4,59.2,17.2,53.8,0.0,0.0,0.0
2026-04-17 19:11:40,30.4,59.3,14.2,53.8,0.0,0.0,0.0
2026-04-17 19:11:45,30.4,59.4,8.0,53.8,0.0,0.0,0.0
2026-04-17 19:11:50,30.4,59.5,20.5,53.8,0.0,0.0,0.0
2026-04-17 19:11:55,30.5,59.4,5.6,53.8,0.0,0.0,0.0
2026-04-17 19:12:00,30.6,59.3,12.5,53.8,0.0,0.0,0.0
2026-04-17 19:12:05,30.5,59.2,1.6,53.8,0.0,0.0,0.0
2026-04-17 19:12:10,30.5,59.2,19.2,53.8,0.0,0.0,0.0
2026-04-17 19:12:15,30.3,59.1,28.3,53.8,0.0,0.0,0.0
2026-04-17 19:12:20,30.4,59.1,18.5,53.8,0.0,0.0,0.0
2026-04-17 19:12:25,30.4,59.1,3.4,53.8,0.0,0.0,0.0
2026-04-17 19:12:30,30.4,59.1,19.0,53.8,0.0,0.0,0.0
2026-04-17 19:12:35,30.5,59.1,17.5,53.8,0.0,0.0,0.0
2026-04-17 19:12:40,30.5,59.3,36.5,53.8,0.0,0.0,0.0
2026-04-17 19:12:45,30.4,59.3,20.0,53.8,0.0,0.0,0.0
2026-04-17 19:12:50,30.3,59.3,8.1,53.8,0.0,0.0,0.0
2026-04-17 19:12:55,30.4,59.4,5.6,53.8,0.0,0.0,0.0
2026-04-17 19:13:00,30.2,59.5,4.4,53.8,0.0,0.0,0.0
2026-04-17 19:13:05,30.4,59.4,0.0,53.8,0.0,0.0,0.0
2026-04-17 19:13:10,30.4,59.3,30.0,53.8,0.0,0.0,0.0
2026-04-17 19:13:15,30.5,59.3,8.0,53.8,0.0,0.0,0.0
2026-04-17 19:13:20,30.4,59.3,18.9,53.8,0.0,0.0,0.0
2026-04-17 19:13:25,30.5,59.3,23.0,53.8,0.0,0.0,0.0
2026-04-17 19:13:30,30.4,59.3,19.0,53.8,0.0,0.0,0.0
2026-04-17 19:13:35,30.4,59.4,10.5,53.8,0.0,0.0,0.0
2026-04-17 19:13:40,30.4,59.4,11.2,53.8,0.0,0.0,0.0
2026-04-17 19:13:45,30.5,59.4,14.0,53.8,0.0,0.0,0.0
2026-04-17 19:13:50,30.4,59.4,19.2,53.8,0.0,0.0,0.0
2026-04-17 19:13:55,30.4,59.6,19.0,53.8,0.0,0.0,0.0
2026-04-17 19:14:00,30.5,59.5,28.7,53.8,0.0,0.0,0.0
2026-04-17 19:14:05,30.4,59.6,39.1,53.8,0.0,0.0,0.0
2026-04-17 19:14:10,30.4,59.5,30.3,53.8,0.0,0.0,0.0
2026-04-17 19:14:15,30.4,59.5,20.0,53.8,0.0,0.0,0.0
2026-04-17 19:14:20,30.5,59.5,23.7,53.8,0.0,0.0,0.0
2026-04-17 19:14:25,30.5,59.4,14.8,53.8,0.0,0.0,0.0
2026-04-17 19:14:30,30.4,59.4,13.6,53.9,0.0,0.0,0.0
2026-04-17 19:14:35,30.4,59.3,5.0,53.9,0.0,0.0,0.0
2026-04-17 19:14:40,30.5,59.4,26.2,53.9,0.0,0.0,0.0
2026-04-17 19:14:45,30.6,59.4,4.9,53.9,0.0,0.0,0.0
2026-04-17 19:14:50,30.4,59.3,28.8,53.8,0.0,0.0,0.0
2026-04-17 19:14:55,30.6,59.2,6.4,53.8,0.0,0.0,0.0
2026-04-17 19:15:00,30.4,59.2,10.1,53.8,0.0,0.0,0.0
2026-04-17 19:15:05,30.5,59.1,26.5,53.8,0.0,0.0,0.0
2026-04-17 19:15:10,30.4,59.3,22.1,53.8,0.0,0.0,0.0
2026-04-17 19:15:15,30.4,59.4,18.7,53.8,0.0,0.0,0.0
2026-04-17 19:15:20,30.5,59.4,27.1,53.8,0.0,0.0,0.0
2026-04-17 19:15:25,30.5,59.4,16.8,53.8,0.0,0.0,0.0
2026-04-17 19:15:30,30.4,59.4,0.0,53.8,0.0,0.0,0.0
2026-04-17 19:15:35,30.6,59.4,12.7,53.8,0.0,0.0,0.0
2026-04-17 19:15:40,30.5,59.3,28.2,53.8,0.0,0.0,0.0
2026-04-17 19:15:45,30.5,59.4,14.0,53.8,0.0,0.0,0.0
2026-04-17 19:15:50,30.5,59.5,36.8,53.8,0.0,0.0,0.0
2026-04-17 19:15:55,30.2,59.6,14.3,53.8,0.0,0.0,0.0
2026-04-17 19:16:00,30.5,59.8,18.7,53.8,0.0,0.0,0.0
2026-04-17 19:16:05,30.5,59.7,16.5,53.8,0.0,0.0,0.0
2026-04-17 19:16:10,30.5,59.9,24.8,53.8,0.0,0.0,0.0
2026-04-17 19:16:15,30.5,59.8,9.3,53.8,0.0,0.0,0.0
2026-04-17 19:16:20,30.5,59.7,9.3,53.8,0.0,0.0,0.0
2026-04-17 19:16:25,30.4,59.9,2.0,53.8,0.0,0.0,0.0
2026-04-17 19:16:30,30.3,60.0,21.4,53.8,0.0,0.0,0.0
2026-04-17 19:16:35,30.4,59.9,22.8,53.8,0.0,0.0,0.0
2026-04-17 19:16:40,30.4,59.9,10.1,53.8,0.0,0.0,0.0
2026-04-17 19:16:45,30.6,60.1,17.3,53.8,0.0,0.0,0.0
2026-04-17 19:16:50,30.2,60.3,19.3,53.8,0.0,0.0,0.0
2026-04-17 19:16:55,30.4,60.2,22.4,53.8,0.0,0.0,0.0
2026-04-17 19:17:00,30.3,60.2,19.8,53.9,0.0,0.0,0.0
2026-04-17 19:17:05,30.3,60.2,12.5,53.9,0.0,0.0,0.0
2026-04-17 19:17:10,30.5,60.0,6.8,53.8,0.0,0.0,0.0
2026-04-17 19:17:15,30.3,60.1,23.2,53.8,0.0,0.0,0.0
2026-04-17 19:17:20,30.4,60.1,15.2,53.8,0.0,0.0,0.0
2026-04-17 19:17:25,30.3,60.2,7.5,53.8,0.0,0.0,0.0
2026-04-17 19:17:30,30.4,60.2,26.5,53.8,0.0,0.0,0.0
2026-04-17 19:17:35,30.4,60.1,30.7,53.8,0.0,0.0,0.0
2026-04-17 19:17:40,30.5,59.9,22.6,53.9,0.0,0.0,0.0
2026-04-17 19:17:45,30.4,59.9,16.2,53.9,0.0,0.0,0.0
2026-04-17 19:17:50,30.4,59.9,7.5,53.9,0.0,0.0,0.0
2026-04-17 19:17:55,30.4,60.0,32.7,53.9,0.0,0.0,0.0
2026-04-17 19:18:00,30.2,59.9,15.1,53.8,0.0,0.0,0.0
2026-04-17 19:18:05,30.4,59.9,24.0,53.8,0.0,0.0,0.0
2026-04-17 19:18:10,30.4,59.9,10.4,53.8,0.0,0.0,0.0
2026-04-17 19:18:15,30.5,59.9,27.3,53.8,0.0,0.0,0.0
2026-04-17 19:18:20,30.5,59.8,12.7,53.8,0.0,0.0,0.0
2026-04-17 19:18:25,30.3,59.8,20.3,53.8,0.0,0.0,0.0
2026-04-17 19:18:30,30.4,59.7,16.9,53.8,0.0,0.0,0.0
2026-04-17 19:18:35,30.4,59.8,20.7,53.8,0.0,0.0,0.0
2026-04-17 19:18:40,30.5,59.7,13.8,53.8,0.0,0.0,0.0
2026-04-17 19:18:45,30.5,59.7,8.2,53.8,0.0,0.0,0.0
2026-04-17 19:18:50,30.3,59.7,19.1,53.8,0.0,0.0,0.0
2026-04-17 19:18:55,30.4,59.6,9.4,53.8,0.0,0.0,0.0
2026-04-17 19:19:00,30.4,59.6,12.7,53.8,0.0,0.0,0.0
2026-04-17 19:19:05,30.4,59.8,14.1,53.8,0.0,0.0,0.0
2026-04-17 19:19:10,30.4,59.8,16.4,53.8,0.0,0.0,0.0
2026-04-17 19:19:15,30.4,59.8,7.6,53.8,0.0,0.0,0.0
2026-04-17 19:19:20,30.5,59.9,19.9,53.8,0.0,0.0,0.0
2026-04-17 19:19:25,30.4,59.9,28.7,53.8,0.0,0.0,0.0
2026-04-17 19:19:30,30.4,59.9,42.8,53.8,0.0,0.0,0.0
2026-04-17 19:19:35,30.4,59.9,0.0,53.8,0.0,0.0,0.0
2026-04-17 19:19:40,30.5,59.8,8.0,53.8,0.0,0.0,0.0
2026-04-17 19:19:45,30.5,59.8,38.8,53.8,0.0,0.0,0.0
2026-04-17 19:19:50,30.4,59.8,27.6,53.8,0.0,0.0,0.0
2026-04-17 19:19:55,30.4,59.8,18.4,53.8,0.0,0.0,0.0
2026-04-17 19:20:00,30.5,59.8,0.0,53.8,0.0,0.0,0.0
2026-04-17 19:20:05,30.4,59.9,7.7,53.8,0.0,0.0,0.0
2026-04-17 19:20:10,30.4,59.9,2.4,53.8,0.0,0.0,0.0
2026-04-17 19:20:15,30.2,59.8,17.5,53.8,0.0,0.0,0.0
2026-04-17 19:20:20,30.5,59.8,27.7,53.8,0.0,0.0,0.0
2026-04-17 19:20:25,30.5,59.8,0.0,53.8,0.0,0.0,0.0
2026-04-17 19:20:30,30.5,59.7,36.7,53.8,0.0,0.0,0.0
2026-04-17 19:20:35,30.5,59.7,12.6,53.8,0.0,0.0,0.0
2026-04-17 19:20:40,30.4,59.7,17.2,53.8,0.0,0.0,0.0
2026-04-17 19:20:45,30.3,59.7,23.4,53.8,0.0,0.0,0.0
2026-04-17 19:20:50,30.4,59.7,21.7,53.8,0.0,0.0,0.0
2026-04-17 19:20:55,30.4,59.9,19.2,53.8,0.0,0.0,0.0
2026-04-17 19:21:00,30.3,59.8,0.0,53.8,0.0,0.0,0.0
2026-04-17 19:21:05,30.2,59.9,20.5,53.8,0.0,0.0,0.0
2026-04-17 19:21:10,30.5,59.7,11.5,53.8,0.0,0.0,0.0
2026-04-17 19:21:15,30.3,59.5,26.5,53.8,0.0,0.0,0.0
2026-04-17 19:21:20,30.4,59.7,25.5,53.8,0.0,0.0,0.0
2026-04-17 19:21:25,30.4,59.8,29.0,53.8,0.0,0.0,0.0
2026-04-17 19:21:30,30.5,59.8,25.2,53.8,0.0,0.0,0.0
2026-04-17 19:21:35,30.2,59.7,29.5,53.8,0.0,0.0,0.0
2026-04-17 19:21:40,30.4,59.7,18.0,53.8,0.0,0.0,0.0
2026-04-17 19:21:45,30.4,59.7,21.1,53.8,0.0,0.0,0.0
2026-04-17 19:21:50,30.5,59.7,0.0,53.8,0.0,0.0,0.0
2026-04-17 19:21:55,30.5,59.8,10.0,53.8,0.0,0.0,0.0
2026-04-17 19:22:00,30.5,59.8,0.2,53.8,0.0,0.0,0.0
2026-04-17 19:22:05,30.3,59.9,15.5,53.8,0.0,0.0,0.0
2026-04-17 19:22:10,30.4,59.8,21.9,53.8,0.0,0.0,0.0
2026-04-17 19:22:15,30.3,59.8,17.8,53.8,0.0,0.0,0.0
2026-04-17 19:22:20,30.2,59.9,30.9,53.8,0.0,0.0,0.0
2026-04-17 19:22:25,30.3,60.0,15.1,53.8,0.0,0.0,0.0
2026-04-17 19:22:30,30.6,60.0,19.2,53.8,0.0,0.0,0.0
2026-04-17 19:22:35,30.4,60.0,25.3,53.8,0.0,0.0,0.0
2026-04-17 19:22:40,30.3,60.1,14.3,53.8,0.0,0.0,0.0
2026-04-17 19:22:45,30.4,60.0,8.8,53.8,0.0,0.0,0.0
2026-04-17 19:22:50,30.5,60.1,32.6,53.8,0.0,0.0,0.0
2026-04-17 19:22:55,30.4,59.9,30.0,53.8,0.0,0.0,0.0
2026-04-17 19:23:00,30.4,60.0,10.6,53.8,0.0,0.0,0.0
2026-04-17 19:23:05,30.3,59.9,18.7,53.8,0.0,0.0,0.0
2026-04-17 19:23:10,30.4,59.9,18.1,53.8,0.0,0.0,0.0
2026-04-17 19:23:15,30.4,59.9,0.0,53.8,0.0,0.0,0.0
2026-04-17 19:23:20,30.5,59.9,8.7,53.8,0.0,0.0,0.0
2026-04-17 19:23:25,30.5,59.9,7.6,53.8,0.0,0.0,0.0
2026-04-17 19:23:30,30.4,60.0,31.3,53.8,0.0,0.0,0.0
2026-04-17 19:23:35,30.5,59.9,27.2,53.8,0.0,0.0,0.0
2026-04-17 19:23:40,30.4,59.9,19.8,53.8,0.0,0.0,0.0
2026-04-17 19:23:45,30.4,60.0,11.5,53.8,0.0,0.0,0.0
2026-04-17 19:23:50,30.4,60.1,12.3,53.8,0.0,0.0,0.0
2026-04-17 19:23:55,30.4,60.0,12.6,53.8,0.0,0.0,0.0
2026-04-17 19:24:00,30.4,60.2,13.0,53.8,0.0,0.0,0.0
2026-04-17 19:24:05,30.4,60.0,19.4,53.8,0.0,0.0,0.0
2026-04-17 19:24:10,30.6,59.9,9.2,53.8,0.0,0.0,0.0
2026-04-17 19:24:15,30.4,59.9,2.0,53.8,0.0,0.0,0.0
2026-04-17 19:24:20,30.4,59.9,11.0,53.8,0.0,0.0,0.0
2026-04-17 19:24:25,30.4,59.9,19.8,53.8,0.0,0.0,0.0
2026-04-17 19:24:30,30.4,59.8,31.5,53.8,0.0,0.0,0.0
2026-04-17 19:24:35,30.3,59.7,21.0,53.8,0.0,0.0,0.0
2026-04-17 19:24:40,30.4,59.8,15.2,53.8,0.0,0.0,0.0
2026-04-17 19:24:45,30.5,59.7,4.1,53.8,0.0,0.0,0.0
2026-04-17 19:24:50,30.5,59.7,38.6,53.8,0.0,0.0,0.0
2026-04-17 19:24:55,30.5,59.7,27.8,53.8,0.0,0.0,0.0
2026-04-17 19:25:00,30.4,59.6,23.9,53.8,0.0,0.0,0.0
2026-04-17 19:25:05,30.4,59.6,15.8,53.9,0.0,0.0,0.0
2026-04-17 19:25:10,30.4,59.5,14.9,53.9,0.0,0.0,0.0
2026-04-17 19:25:15,30.2,59.5,6.3,53.9,0.0,0.0,0.0
2026-04-17 19:25:20,30.5,59.5,13.7,53.8,0.0,0.0,0.0
2026-04-17 19:25:25,30.4,59.4,28.0,53.8,0.0,0.0,0.0
2026-04-17 19:25:30,30.2,59.4,0.0,53.8,0.0,0.0,0.0
2026-04-17 19:25:35,30.4,59.3,33.6,53.8,0.0,0.0,0.0
2026-04-17 19:25:40,30.4,59.4,15.2,53.8,0.0,0.0,0.0
2026-04-17 19:25:45,30.5,59.5,26.0,53.8,0.0,0.0,0.0
2026-04-17 19:25:50,30.4,59.6,22.7,53.8,0.0,0.0,0.0
2026-04-17 19:25:55,30.4,59.4,21.3,53.8,0.0,0.0,0.0
2026-04-17 19:26:00,30.3,59.5,6.0,53.8,0.0,0.0,0.0
2026-04-17 19:26:05,30.3,59.4,22.2,53.8,0.0,0.0,0.0
2026-04-17 19:26:10,30.5,59.5,15.3,53.8,0.0,0.0,0.0
2026-04-17 19:26:15,30.4,59.4,10.5,53.8,0.0,0.0,0.0
2026-04-17 19:26:20,30.5,59.3,11.1,53.8,0.0,0.0,0.0
2026-04-17 19:26:25,30.3,59.3,16.0,53.8,0.0,0.0,0.0
2026-04-17 19:26:30,30.4,59.3,22.7,53.8,0.0,0.0,0.0
2026-04-17 19:26:35,30.5,59.2,25.1,53.8,0.0,0.0,0.0
2026-04-17 19:26:40,30.4,59.2,1.0,53.8,0.0,0.0,0.0
2026-04-17 19:26:45,30.3,59.3,25.3,53.8,0.0,0.0,0.0
2026-04-17 19:26:50,30.4,59.2,21.5,53.8,0.0,0.0,0.0
2026-04-17 19:26:55,30.3,59.4,34.2,53.8,0.0,0.0,0.0
2026-04-17 19:27:00,30.3,59.5,20.6,53.8,0.0,0.0,0.0
2026-04-17 19:27:05,30.4,59.5,0.0,53.9,0.0,0.0,0.0
2026-04-17 19:27:10,30.3,59.6,6.8,53.9,0.0,0.0,0.0
2026-04-17 19:27:15,30.4,59.7,7.7,53.9,0.0,0.0,0.0
2026-04-17 19:27:20,30.5,59.6,14.9,53.8,0.0,0.0,0.0
2026-04-17 19:27:25,30.4,59.5,32.9,53.8,0.0,0.0,0.0
2026-04-17 19:27:30,30.3,59.5,16.7,53.8,0.0,0.0,0.0
2026-04-17 19:27:35,30.3,59.5,31.2,53.8,0.0,0.0,0.0
2026-04-17 19:27:40,30.4,59.5,6.5,53.8,0.0,0.0,0.0
2026-04-17 19:27:45,30.2,59.6,16.0,53.8,0.0,0.0,0.0
2026-04-17 19:27:50,30.3,59.8,24.9,53.9,0.0,0.0,0.0
2026-04-17 19:27:55,30.3,59.7,17.5,53.9,0.0,0.0,0.0
2026-04-17 19:28:00,30.3,59.6,15.7,53.9,0.0,0.0,0.0
2026-04-17 19:28:05,30.4,59.6,10.8,53.9,0.0,0.0,0.0
2026-04-17 19:28:10,30.3,59.6,24.1,53.9,0.0,0.0,0.0
2026-04-17 19:28:15,30.5,59.6,14.9,53.8,0.0,0.0,0.0
2026-04-17 19:28:20,30.2,59.7,18.2,53.8,0.0,0.0,0.0
2026-04-17 19:28:25,30.4,59.8,28.7,53.8,0.0,0.0,0.0
2026-04-17 19:28:30,30.3,59.9,11.1,53.8,0.0,0.0,0.0
2026-04-17 19:28:35,30.3,59.9,6.5,53.8,0.0,0.0,0.0
2026-04-17 19:28:40,30.4,59.8,5.2,53.8,0.0,0.0,0.0
2026-04-17 19:28:45,30.4,59.7,9.1,53.8,0.0,0.0,0.0
2026-04-17 19:28:50,30.4,59.7,0.0,53.8,0.0,0.0,0.0
2026-04-17 19:28:55,30.3,59.8,20.1,53.8,0.0,0.0,0.0
2026-04-17 19:29:00,30.4,59.7,12.7,53.8,0.0,0.0,0.0
2026-04-17 19:29:05,30.4,59.6,10.7,53.8,0.0,0.0,0.0
2026-04-17 19:29:10,30.4,59.7,10.2,53.8,0.0,0.0,0.0
2026-04-17 19:29:15,30.3,59.7,2.3,53.8,0.0,0.0,0.0
2026-04-17 19:29:20,30.3,59.7,17.6,53.8,0.0,0.0,0.0
2026-04-17 19:29:25,30.3,59.7,32.9,53.8,0.0,0.0,0.0
2026-04-17 19:29:30,30.3,59.6,8.4,53.8,0.0,0.0,0.0
2026-04-17 19:29:35,30.3,59.6,9.9,53.8,0.0,0.0,0.0
2026-04-17 19:29:40,30.3,59.9,13.0,53.9,0.0,0.0,0.0
2026-04-17 19:29:45,30.2,60.0,16.2,53.9,0.0,0.0,0.0
2026-04-17 19:29:50,30.3,60.1,16.5,53.9,0.0,0.0,0.0
2026-04-17 19:29:55,30.5,60.1,19.4,53.9,0.0,0.0,0.0
2026-04-17 19:30:00,30.3,60.0,16.7,53.8,0.0,0.0,0.0
2026-04-17 19:30:05,30.2,59.9,26.0,53.8,0.0,0.0,0.0
2026-04-17 19:30:10,30.3,60.1,25.0,53.8,0.0,0.0,0.0
2026-04-17 19:30:15,30.2,60.1,7.8,53.8,0.0,0.0,0.0
2026-04-17 19:30:20,30.3,60.0,6.9,53.9,0.0,0.0,0.0
2026-04-17 19:30:25,30.4,60.1,11.8,53.9,0.0,0.0,0.0
2026-04-17 19:30:30,30.5,60.1,8.3,53.8,0.0,0.0,0.0
2026-04-17 19:30:35,30.4,60.1,5.9,53.8,0.0,0.0,0.0
2026-04-17 19:30:40,30.3,60.0,12.3,53.8,0.0,0.0,0.0
2026-04-17 19:30:45,30.3,60.0,23.2,53.8,0.0,0.0,0.0
2026-04-17 19:30:50,30.4,59.9,10.3,53.8,0.0,0.0,0.0
2026-04-17 19:30:55,30.3,60.0,26.6,53.8,0.0,0.0,0.0
2026-04-17 19:31:00,30.3,59.9,4.4,53.8,0.0,0.0,0.0
2026-04-17 19:31:05,30.4,59.9,13.5,53.8,0.0,0.0,0.0
2026-04-17 19:31:10,30.3,59.9,0.0,53.8,0.0,0.0,0.0
2026-04-17 19:31:15,30.2,59.9,11.7,53.8,0.0,0.0,0.0
2026-04-17 19:31:20,30.2,60.0,1.0,53.8,0.0,0.0,0.0
2026-04-17 19:31:25,30.3,59.9,17.4,53.8,0.0,0.0,0.0
2026-04-17 19:31:30,30.4,59.8,29.0,53.8,0.0,0.0,0.0
2026-04-17 19:31:35,30.3,59.8,13.1,53.8,0.0,0.0,0.0
2026-04-17 19:31:40,30.2,59.7,9.4,53.8,0.0,0.0,0.0
2026-04-17 19:31:45,30.3,59.7,37.1,53.8,0.0,0.0,0.0
2026-04-17 19:31:50,30.4,59.7,10.0,53.8,0.0,0.0,0.0
2026-04-17 19:31:55,30.4,59.7,24.8,53.8,0.0,0.0,0.0
2026-04-17 19:32:00,30.4,59.7,21.3,53.8,0.0,0.0,0.0
2026-04-17 19:32:05,30.3,59.6,4.1,53.8,0.0,0.0,0.0
2026-04-17 19:32:10,30.3,59.6,10.6,53.8,0.0,0.0,0.0
2026-04-17 19:32:15,30.5,59.6,25.3,53.8,0.0,0.0,0.0
2026-04-17 19:32:20,30.3,59.6,35.3,53.8,0.0,0.0,0.0
2026-04-17 19:32:25,30.4,59.6,20.0,53.8,0.0,0.0,0.0
2026-04-17 19:32:30,30.3,59.5,28.4,53.8,0.0,0.0,0.0
2026-04-17 19:32:35,30.3,59.4,9.4,53.8,0.0,0.0,0.0
2026-04-17 19:32:40,30.4,59.6,0.0,53.8,0.0,0.0,0.0
2026-04-17 19:32:45,30.3,59.5,23.8,53.8,0.0,0.0,0.0
2026-04-17 19:32:50,30.4,59.4,27.8,53.8,0.0,0.0,0.0
2026-04-17 19:32:55,30.4,59.3,21.6,53.8,0.0,0.0,0.0
2026-04-17 19:33:00,30.4,59.4,18.7,53.8,0.0,0.0,0.0
2026-04-17 19:33:05,30.3,59.4,27.8,53.9,0.0,0.0,0.0
2026-04-17 19:33:10,30.4,59.4,25.6,53.9,0.0,0.0,0.0
2026-04-17 19:33:15,30.5,59.4,18.7,53.8,0.0,0.0,0.0
2026-04-17 19:33:20,30.5,59.4,24.2,53.8,0.0,0.0,0.0
2026-04-17 19:33:25,30.3,59.3,24.2,53.9,0.0,0.0,0.0
2026-04-17 19:33:30,30.3,59.4,28.9,53.9,0.0,0.0,0.0
2026-04-17 19:33:35,30.2,59.5,28.7,53.8,0.0,0.0,0.0
2026-04-17 19:33:40,30.3,59.4,8.4,53.8,0.0,0.0,0.0
2026-04-17 19:33:45,30.3,59.4,0.0,53.8,0.0,0.0,0.0
2026-04-17 19:33:50,30.4,59.4,10.1,53.9,0.0,0.0,0.0
2026-04-17 19:33:55,30.3,59.5,16.8,53.9,0.0,0.0,0.0
2026-04-17 19:34:00,30.1,59.5,1.3,53.9,0.0,0.0,0.0
2026-04-17 19:34:05,30.3,59.5,0.6,53.9,0.0,0.0,0.0
2026-04-17 19:34:10,30.4,59.5,11.0,53.9,0.0,0.0,0.0
2026-04-17 19:34:15,30.3,59.5,15.8,53.9,0.0,0.0,0.0
2026-04-17 19:34:20,30.3,59.7,10.4,53.8,0.0,0.0,0.0
2026-04-17 19:34:25,30.2,59.8,20.1,53.8,0.0,0.0,0.0
2026-04-17 19:34:30,30.4,59.8,6.5,53.8,0.0,0.0,0.0
2026-04-17 19:34:35,30.3,59.6,17.9,53.8,0.0,0.0,0.0
2026-04-17 19:34:40,30.2,59.7,5.7,53.8,0.0,0.0,0.0
2026-04-17 19:34:45,30.4,59.7,20.6,53.8,0.0,0.0,0.0
2026-04-17 19:34:50,30.2,59.8,8.2,53.8,0.0,0.0,0.0
2026-04-17 19:34:55,30.3,59.8,18.3,53.8,0.0,0.0,0.0
2026-04-17 19:35:00,30.3,59.7,13.2,53.8,0.0,0.0,0.0
2026-04-17 19:35:05,30.3,59.7,15.7,53.8,0.0,0.0,0.0
2026-04-17 19:35:10,30.2,59.7,9.3,53.9,0.0,0.0,0.0
2026-04-17 19:35:15,30.3,59.6,14.4,53.9,0.0,0.0,0.0
2026-04-17 19:35:20,30.3,59.7,25.2,53.9,0.0,0.0,0.0
2026-04-17 19:35:25,30.4,59.5,5.4,53.9,0.0,0.0,0.0
2026-04-17 19:35:30,30.3,59.5,20.1,53.9,0.0,0.0,0.0
2026-04-17 19:35:35,30.5,59.5,11.9,53.9,0.0,0.0,0.0
2026-04-17 19:35:40,30.3,59.4,28.7,53.9,0.0,0.0,0.0
2026-04-17 19:35:45,30.2,59.4,7.5,53.9,0.0,0.0,0.0
2026-04-17 19:35:50,30.4,59.3,2.1,53.9,0.0,0.0,0.0
2026-04-17 19:35:55,30.2,59.3,9.3,53.9,0.0,0.0,0.0
2026-04-17 19:36:00,30.5,59.3,0.0,53.9,0.0,0.0,0.0
2026-04-17 19:36:05,30.3,59.5,22.5,53.9,0.0,0.0,0.0
2026-04-17 19:36:10,30.3,59.6,23.1,53.9,0.0,0.0,0.0
2026-04-17 19:36:15,30.3,59.7,16.6,53.8,0.0,0.0,0.0
2026-04-17 19:36:20,30.3,59.8,30.0,53.8,0.0,0.0,0.0
2026-04-17 19:36:25,30.3,59.8,0.0,53.8,0.0,0.0,0.0
2026-04-17 19:36:30,30.3,59.9,20.6,53.8,0.0,0.0,0.0
2026-04-17 19:36:35,30.4,59.7,13.2,53.8,0.0,0.0,0.0
2026-04-17 19:36:40,30.2,59.8,0.0,53.8,0.0,0.0,0.0
2026-04-17 19:36:45,30.2,59.9,36.7,53.8,0.0,0.0,0.0
2026-04-17 19:36:50,30.2,59.9,0.8,53.8,0.0,0.0,0.0
2026-04-17 19:36:55,30.4,59.8,10.8,53.8,0.0,0.0,0.0
2026-04-17 19:37:00,30.2,59.6,2.0,53.9,0.0,0.0,0.0
2026-04-17 19:37:05,30.2,59.6,18.2,53.9,0.0,0.0,0.0
2026-04-17 19:37:10,30.2,59.7,22.4,53.8,0.0,0.0,0.0
2026-04-17 19:37:15,30.2,59.6,29.4,53.8,0.0,0.0,0.0
2026-04-17 19:37:20,30.4,59.6,7.8,53.8,0.0,0.0,0.0
2026-04-17 19:37:25,30.4,59.5,14.1,53.8,0.0,0.0,0.0
2026-04-17 19:37:30,30.4,59.4,14.4,53.8,0.0,0.0,0.0
2026-04-17 19:37:35,30.4,59.3,12.8,53.9,0.0,0.0,0.0
2026-04-17 19:37:40,30.3,59.2,12.1,53.9,0.0,0.0,0.0
2026-04-17 19:37:45,30.3,59.2,11.5,53.9,0.0,0.0,0.0
2026-04-17 19:37:50,30.4,59.2,1.2,53.9,0.0,0.0,0.0
2026-04-17 19:37:55,30.5,59.3,5.8,53.9,0.0,0.0,0.0
2026-04-17 19:38:00,30.4,59.4,22.7,53.9,0.0,0.0,0.0
2026-04-17 19:38:05,30.4,59.4,0.0,53.8,0.0,0.0,0.0
2026-04-17 19:38:10,30.3,59.4,33.1,53.8,0.0,0.0,0.0
2026-04-17 19:38:15,30.4,59.4,5.5,53.8,0.0,0.0,0.0
2026-04-17 19:38:20,30.2,59.4,23.3,53.9,0.0,0.0,0.0
2026-04-17 19:38:25,30.3,59.6,22.7,53.9,0.0,0.0,0.0
2026-04-17 19:38:30,30.3,59.6,0.0,53.8,0.0,0.0,0.0
2026-04-17 19:38:35,30.3,59.6,15.5,53.8,0.0,0.0,0.0
2026-04-17 19:38:40,30.2,59.6,26.5,53.8,0.0,0.0,0.0
2026-04-17 19:38:45,30.3,59.5,12.7,53.8,0.0,0.0,0.0
2026-04-17 19:38:50,30.3,59.5,19.7,53.8,0.0,0.0,0.0
2026-04-17 19:38:55,30.4,59.5,10.0,53.9,0.0,0.0,0.0
2026-04-17 19:39:00,30.2,59.4,13.7,53.9,0.0,0.0,0.0
2026-04-17 19:39:05,30.5,59.4,18.4,53.9,0.0,0.0,0.0
2026-04-17 19:39:10,30.2,59.5,5.1,53.9,0.0,0.0,0.0
2026-04-17 19:39:15,30.4,59.5,21.4,53.9,0.0,0.0,0.0
2026-04-17 19:39:20,30.3,59.7,20.9,53.9,0.0,0.0,0.0
2026-04-17 19:39:25,30.2,59.7,0.9,53.8,0.0,0.0,0.0
2026-04-17 19:39:30,30.4,59.7,31.1,53.8,0.0,0.0,0.0
2026-04-17 19:39:35,30.3,59.7,17.1,53.8,0.0,0.0,0.0
2026-04-17 19:39:40,30.2,59.8,10.5,53.9,0.0,0.0,0.0
2026-04-17 19:39:45,30.3,59.8,23.5,53.9,0.0,0.0,0.0
2026-04-17 19:39:50,30.2,59.8,6.0,53.9,0.0,0.0,0.0
2026-04-17 19:39:55,30.5,59.7,20.3,53.9,0.0,0.0,0.0
2026-04-17 19:40:00,30.3,59.8,2.2,53.9,0.0,0.0,0.0
2026-04-17 19:40:05,30.5,59.8,3.6,53.9,0.0,0.0,0.0
2026-04-17 19:40:10,30.2,59.8,26.4,53.9,0.0,0.0,0.0
2026-04-17 19:40:15,30.4,59.9,19.0,53.9,0.0,0.0,0.0
2026-04-17 19:40:20,30.3,59.9,14.7,53.9,0.0,0.0,0.0
2026-04-17 19:40:25,30.1,59.8,22.1,53.8,0.0,0.0,0.0
2026-04-17 19:40:30,30.3,59.8,16.1,53.8,0.0,0.0,0.0
2026-04-17 19:40:35,30.3,60.0,32.9,53.9,0.0,0.0,0.0
2026-04-17 19:40:40,30.3,60.1,31.7,53.9,0.0,0.0,0.0
2026-04-17 19:40:45,30.2,60.0,11.9,53.8,0.0,0.0,0.0
2026-04-17 19:40:50,30.3,60.1,28.2,53.8,0.0,0.0,0.0
2026-04-17 19:40:55,30.3,60.2,0.0,53.8,0.0,0.0,0.0
2026-04-17 19:41:00,30.3,60.1,37.1,53.9,0.0,0.0,0.0
2026-04-17 19:41:05,30.4,60.2,7.9,53.9,0.0,0.0,0.0
2026-04-17 19:41:10,30.3,60.3,30.5,53.8,0.0,0.0,0.0
2026-04-17 19:41:15,30.3,60.3,19.8,53.8,0.0,0.0,0.0
2026-04-17 19:41:20,30.3,60.2,6.4,53.8,0.0,0.0,0.0
2026-04-17 19:41:25,30.3,60.2,21.8,53.9,0.0,0.0,0.0
2026-04-17 19:41:30,30.5,60.1,7.0,53.9,0.0,0.0,0.0
2026-04-17 19:41:35,30.2,60.1,25.8,53.9,0.0,0.0,0.0
2026-04-17 19:41:40,30.2,60.3,24.2,53.9,0.0,0.0,0.0
2026-04-17 19:41:45,30.4,60.3,14.5,53.9,0.0,0.0,0.0
2026-04-17 19:41:50,30.3,60.4,8.8,53.9,0.0,0.0,0.0
2026-04-17 19:41:55,30.4,60.3,18.6,53.9,0.0,0.0,0.0
2026-04-17 19:42:00,30.4,60.3,23.0,53.9,0.0,0.0,0.0
2026-04-17 19:42:05,30.5,60.2,3.6,53.9,0.0,0.0,0.0
2026-04-17 19:42:10,30.2,60.2,20.0,53.9,0.0,0.0,0.0
2026-04-17 19:42:15,30.2,60.0,10.0,53.9,0.0,0.0,0.0
2026-04-17 19:42:20,30.4,59.9,26.0,53.9,0.0,0.0,0.0
2026-04-17 19:42:25,30.1,59.9,8.4,53.9,0.0,0.0,0.0
2026-04-17 19:42:30,30.1,59.9,12.8,53.9,0.0,0.0,0.0
2026-04-17 19:42:35,30.1,59.9,3.3,53.9,0.0,0.0,0.0
2026-04-17 19:42:40,30.2,60.0,0.0,53.9,0.0,0.0,0.0
2026-04-17 19:42:45,30.2,60.0,12.3,53.9,0.0,0.0,0.0
2026-04-17 19:42:50,30.0,60.0,16.2,53.9,0.0,0.0,0.0
2026-04-17 19:42:55,30.2,60.1,20.1,53.9,0.0,0.0,0.0
2026-04-17 19:43:00,30.2,60.1,19.2,53.9,0.0,0.0,0.0
2026-04-17 19:43:05,30.2,60.0,14.9,53.9,0.0,0.0,0.0
2026-04-17 19:43:10,30.2,59.8,23.7,53.9,0.0,0.0,0.0
2026-04-17 19:43:15,30.2,59.9,24.8,53.9,0.0,0.0,0.0
2026-04-17 19:43:20,30.2,60.0,19.4,53.9,0.0,0.0,0.0
2026-04-17 19:43:25,30.3,60.1,12.8,53.8,0.0,0.0,0.0
2026-04-17 19:43:30,30.1,60.1,23.8,53.8,0.0,0.0,0.0
2026-04-17 19:43:35,30.2,60.2,21.7,53.9,0.0,0.0,0.0
2026-04-17 19:43:40,30.5,60.1,21.5,53.9,0.0,0.0,0.0
2026-04-17 19:43:45,30.2,60.2,25.2,53.9,0.0,0.0,0.0
2026-04-17 19:43:50,30.3,60.2,13.5,53.9,0.0,0.0,0.0
2026-04-17 19:43:55,30.2,60.2,0.0,53.9,0.0,0.0,0.0
2026-04-17 19:44:00,30.2,60.1,10.7,53.9,0.0,0.0,0.0
2026-04-17 19:44:05,30.3,60.1,11.9,53.9,0.0,0.0,0.0
2026-04-17 19:44:10,30.1,60.1,12.0,53.9,0.0,0.0,0.0
2026-04-17 19:44:15,30.3,60.1,10.8,53.9,0.0,0.0,0.0
2026-04-17 19:44:20,30.2,60.2,34.7,53.8,0.0,0.0,0.0
2026-04-17 19:44:25,30.3,60.2,7.8,53.8,0.0,0.0,0.0
2026-04-17 19:44:30,30.3,60.0,7.3,53.9,0.0,0.0,0.0
2026-04-17 19:44:35,30.3,60.0,15.7,53.9,0.0,0.0,0.0
2026-04-17 19:44:40,30.3,60.0,30.4,53.9,0.0,0.0,0.0
2026-04-17 19:44:45,30.1,60.0,5.2,53.9,0.0,0.0,0.0
2026-04-17 19:44:50,30.2,59.9,20.3,53.9,0.0,0.0,0.0
2026-04-17 19:44:55,30.2,59.9,0.0,53.9,0.0,0.0,0.0
2026-04-17 19:45:00,30.2,59.9,22.7,53.9,0.0,0.0,0.0
2026-04-17 19:45:05,30.2,59.8,25.1,53.9,0.0,0.0,0.0
2026-04-17 19:45:10,30.2,59.9,25.8,53.9,0.0,0.0,0.0
2026-04-17 19:45:15,30.3,59.9,0.0,53.9,0.0,0.0,0.0
2026-04-17 19:45:20,30.2,60.0,6.0,53.9,0.0,0.0,0.0
2026-04-17 19:45:25,30.2,59.9,8.1,53.9,0.0,0.0,0.0
2026-04-17 19:45:30,30.2,59.8,5.4,53.9,0.0,0.0,0.0
2026-04-17 19:45:35,30.3,60.0,21.5,53.9,0.0,0.0,0.0
2026-04-17 19:45:40,30.2,60.0,12.6,53.9,0.0,0.0,0.0
2026-04-17 19:45:45,30.3,60.1,22.7,53.9,0.0,0.0,0.0
2026-04-17 19:45:50,30.2,60.1,26.5,53.9,0.0,0.0,0.0
2026-04-17 19:45:55,30.4,60.1,33.4,53.9,0.0,0.0,0.0
2026-04-17 19:46:00,30.1,60.0,14.5,53.9,0.0,0.0,0.0
2026-04-17 19:46:05,30.4,60.0,18.9,53.9,0.0,0.0,0.0
2026-04-17 19:46:10,30.2,60.2,0.9,53.9,0.0,0.0,0.0
2026-04-17 19:46:15,30.3,60.1,14.5,53.9,0.0,0.0,0.0
2026-04-17 19:46:20,30.3,60.0,17.7,53.9,0.0,0.0,0.0
2026-04-17 19:46:25,30.2,60.0,12.4,53.9,0.0,0.0,0.0
2026-04-17 19:46:30,30.3,60.1,27.5,53.9,0.0,0.0,0.0
2026-04-17 19:46:35,30.3,60.1,30.5,53.9,0.0,0.0,0.0
2026-04-17 19:46:40,30.2,59.9,6.4,53.9,0.0,0.0,0.0
2026-04-17 19:46:45,30.2,59.8,28.6,53.9,0.0,0.0,0.0
2026-04-17 19:46:50,30.1,60.0,4.7,53.9,0.0,0.0,0.0
2026-04-17 19:46:55,30.2,59.9,23.0,53.9,0.0,0.0,0.0
2026-04-17 19:47:00,30.2,59.8,21.8,53.9,0.0,0.0,0.0
2026-04-17 19:47:05,30.4,59.9,19.8,53.9,0.0,0.0,0.0
2026-04-17 19:47:10,30.3,59.8,14.0,53.9,0.0,0.0,0.0
2026-04-17 19:47:15,30.4,59.9,23.0,53.9,0.0,0.0,0.0
2026-04-17 19:47:20,30.2,59.9,12.4,53.9,0.0,0.0,0.0
2026-04-17 19:47:25,30.3,59.9,20.9,53.9,0.0,0.0,0.0
2026-04-17 19:47:30,30.2,60.0,21.6,53.9,0.0,0.0,0.0
2026-04-17 19:47:35,30.2,60.1,11.1,53.9,0.0,0.0,0.0
2026-04-17 19:47:40,30.2,60.0,36.3,53.9,0.0,0.0,0.0
2026-04-17 19:47:45,30.3,60.1,10.2,53.9,0.0,0.0,0.0
2026-04-17 19:47:50,30.2,60.2,2.2,53.9,0.0,0.0,0.0
2026-04-17 19:47:55,30.4,60.3,13.1,53.9,0.0,0.0,0.0
2026-04-17 19:48:00,30.2,60.3,34.4,53.9,0.0,0.0,0.0
2026-04-17 19:48:05,30.4,60.3,20.0,53.9,0.0,0.0,0.0
2026-04-17 19:48:10,30.3,60.4,27.2,53.9,0.0,0.0,0.0
2026-04-17 19:48:15,30.4,60.4,5.8,53.9,0.0,0.0,0.0
2026-04-17 19:48:20,30.2,60.3,10.6,53.9,0.0,0.0,0.0
2026-04-17 19:48:25,30.1,60.4,21.2,53.9,0.0,0.0,0.0
2026-04-17 19:48:30,30.2,60.4,15.4,53.9,0.0,0.0,0.0
2026-04-17 19:48:35,30.3,60.4,2.7,53.9,0.0,0.0,0.0
2026-04-17 19:48:40,30.2,60.4,14.6,53.9,0.0,0.0,0.0
2026-04-17 19:48:45,30.2,60.3,7.9,53.9,0.0,0.0,0.0
2026-04-17 19:48:50,30.0,60.3,24.7,53.9,0.0,0.0,0.0
2026-04-17 19:48:55,30.4,60.2,31.7,53.9,0.0,0.0,0.0
2026-04-17 19:49:00,30.4,60.2,5.9,53.9,0.0,0.0,0.0
2026-04-17 19:49:05,30.3,60.3,0.0,53.9,0.0,0.0,0.0
2026-04-17 19:49:10,30.3,60.2,7.9,53.9,0.0,0.0,0.0
2026-04-17 19:49:15,30.3,60.2,13.7,53.9,0.0,0.0,0.0
2026-04-17 19:49:20,30.3,60.1,0.0,53.9,0.0,0.0,0.0
2026-04-17 19:49:25,30.4,60.1,24.3,53.9,0.0,0.0,0.0
2026-04-17 19:49:30,30.2,60.0,1.3,53.9,0.0,0.0,0.0
2026-04-17 19:49:35,30.3,60.0,24.8,53.9,0.0,0.0,0.0
2026-04-17 19:49:40,30.2,60.1,16.2,53.9,0.0,0.0,0.0
2026-04-17 19:49:45,30.3,60.0,33.2,53.9,0.0,0.0,0.0
2026-04-17 19:49:50,30.1,60.1,25.8,53.9,0.0,0.0,0.0
2026-04-17 19:49:55,30.2,60.0,19.8,53.9,0.0,0.0,0.0
2026-04-17 19:50:00,30.3,59.9,12.6,53.9,0.0,0.0,0.0
2026-04-17 19:50:05,30.2,60.0,12.3,53.9,0.0,0.0,0.0
2026-04-17 19:50:10,30.3,60.0,0.0,53.9,0.0,0.0,0.0
2026-04-17 19:50:15,30.2,60.0,12.5,54.0,0.0,0.0,0.0
2026-04-17 19:50:20,30.3,59.9,27.4,54.0,0.0,0.0,0.0
2026-04-17 19:50:25,30.2,59.9,28.7,54.0,0.0,0.0,0.0
2026-04-17 19:50:30,30.2,59.9,29.9,54.0,0.0,0.0,0.0
2026-04-17 19:50:35,30.2,60.0,3.0,54.0,0.0,0.0,0.0
2026-04-17 19:50:40,30.2,60.1,3.8,54.0,0.0,0.0,0.0
2026-04-17 19:50:45,30.2,60.1,11.4,54.0,0.0,0.0,0.0
2026-04-17 19:50:50,30.2,60.0,15.0,54.0,0.0,0.0,0.0
2026-04-17 19:50:55,30.3,60.0,22.0,54.0,0.0,0.0,0.0
2026-04-17 19:51:00,30.3,60.1,18.8,54.0,0.0,0.0,0.0
2026-04-17 19:51:05,30.3,60.1,15.0,53.9,0.0,0.0,0.0
2026-04-17 19:51:10,30.1,60.2,0.7,53.9,0.0,0.0,0.0
2026-04-17 19:51:15,30.2,60.2,10.2,53.9,0.0,0.0,0.0
2026-04-17 19:51:20,30.1,60.1,16.9,53.9,0.0,0.0,0.0
2026-04-17 19:51:25,30.2,60.1,16.0,53.9,0.0,0.0,0.0
2026-04-17 19:51:30,30.2,60.2,12.6,53.9,0.0,0.0,0.0
2026-04-17 19:51:35,30.3,60.3,20.8,53.9,0.0,0.0,0.0
2026-04-17 19:51:40,30.0,60.2,5.5,53.9,0.0,0.0,0.0
2026-04-17 19:51:45,30.2,60.3,12.0,53.9,0.0,0.0,0.0
2026-04-17 19:51:50,30.2,60.3,12.4,54.0,0.0,0.0,0.0
2026-04-17 19:51:55,30.1,60.2,14.9,54.0,0.0,0.0,0.0
2026-04-17 19:52:00,30.3,60.3,7.9,54.0,0.0,0.0,0.0
2026-04-17 19:52:05,30.1,60.3,37.2,54.0,0.0,0.0,0.0
2026-04-17 19:52:10,30.2,60.4,12.5,53.9,0.0,0.0,0.0
2026-04-17 19:52:15,30.4,60.2,24.1,53.9,0.0,0.0,0.0
2026-04-17 19:52:20,30.3,60.3,0.0,53.9,0.0,0.0,0.0
2026-04-17 19:52:25,30.3,60.3,4.4,53.9,0.0,0.0,0.0
2026-04-17 19:52:30,30.3,60.2,0.0,53.9,0.0,0.0,0.0
2026-04-17 19:52:35,30.1,60.1,30.5,53.9,0.0,0.0,0.0
2026-04-17 19:52:40,30.3,60.0,15.6,53.9,0.0,0.0,0.0
2026-04-17 19:52:45,30.0,59.9,13.0,53.9,0.0,0.0,0.0
2026-04-17 19:52:50,30.2,59.9,18.5,53.9,0.0,0.0,0.0
2026-04-17 19:52:55,30.4,59.8,14.4,53.9,0.0,0.0,0.0
2026-04-17 19:53:00,30.3,59.8,12.1,53.9,0.0,0.0,0.0
2026-04-17 19:53:05,30.2,59.7,24.3,53.9,0.0,0.0,0.0
2026-04-17 19:53:10,30.2,59.9,0.0,53.9,0.0,0.0,0.0
2026-04-17 19:53:15,30.3,59.9,35.1,53.9,0.0,0.0,0.0
2026-04-17 19:53:20,30.4,60.0,4.6,54.0,0.0,0.0,0.0
2026-04-17 19:53:25,30.2,59.9,12.5,54.0,0.0,0.0,0.0
2026-04-17 19:53:30,30.2,59.9,0.0,54.0,0.0,0.0,0.0
2026-04-17 19:53:35,30.1,60.0,23.6,53.9,0.0,0.0,0.0
2026-04-17 19:53:40,30.1,59.9,26.5,53.9,0.0,0.0,0.0
2026-04-17 19:53:45,30.3,59.9,6.9,53.9,0.0,0.0,0.0
2026-04-17 19:53:50,30.1,60.0,20.8,53.9,0.0,0.0,0.0
2026-04-17 19:53:55,30.1,60.0,6.5,54.0,0.0,0.0,0.0
2026-04-17 19:54:00,30.2,60.0,29.2,54.0,0.0,0.0,0.0
2026-04-17 19:54:05,30.3,60.0,19.0,53.9,0.0,0.0,0.0
2026-04-17 19:54:10,30.3,60.0,0.0,53.9,0.0,0.0,0.0
2026-04-17 19:54:15,30.3,60.0,15.7,53.9,0.0,0.0,0.0
2026-04-17 19:54:20,30.3,59.9,14.3,53.9,0.0,0.0,0.0
2026-04-17 19:54:25,30.2,59.8,29.4,53.9,0.0,0.0,0.0
2026-04-17 19:54:30,30.1,59.8,15.7,53.9,0.0,0.0,0.0
2026-04-17 19:54:35,30.4,59.8,21.7,53.9,0.0,0.0,0.0
2026-04-17 19:54:40,30.2,59.7,17.9,53.9,0.0,0.0,0.0
2026-04-17 19:54:45,30.3,59.7,38.0,53.9,0.0,0.0,0.0
2026-04-17 19:54:50,30.2,59.7,7.7,53.9,0.0,0.0,0.0
2026-04-17 19:54:55,30.2,59.8,14.2,53.9,0.0,0.0,0.0
2026-04-17 19:55:00,30.3,59.9,41.3,53.9,0.0,0.0,0.0
2026-04-17 19:55:05,30.3,59.8,22.2,53.9,0.0,0.0,0.0
2026-04-17 19:55:10,30.2,59.7,13.6,53.9,0.0,0.0,0.0
2026-04-17 19:55:15,30.2,59.8,15.4,53.9,0.0,0.0,0.0
2026-04-17 19:55:20,30.2,59.9,21.2,53.9,0.0,0.0,0.0
2026-04-17 19:55:25,30.3,59.8,20.3,53.9,0.0,0.0,0.0
2026-04-17 19:55:30,30.2,59.7,4.7,53.9,0.0,0.0,0.0
2026-04-17 19:55:35,30.3,59.6,0.2,53.9,0.0,0.0,0.0
2026-04-17 19:55:40,30.4,59.6,21.5,53.9,0.0,0.0,0.0
2026-04-17 19:55:45,30.4,59.5,14.5,53.9,0.0,0.0,0.0
2026-04-17 19:55:50,30.2,59.4,6.4,53.9,0.0,0.0,0.0
2026-04-17 19:55:55,30.1,59.4,17.9,53.9,0.0,0.0,0.0
2026-04-17 19:56:00,30.1,59.2,18.5,53.9,0.0,0.0,0.0
2026-04-17 19:56:05,30.1,59.1,11.8,53.9,0.0,0.0,0.0
2026-04-17 19:56:10,30.3,59.1,10.6,53.9,0.0,0.0,0.0
2026-04-17 19:56:15,30.4,59.0,21.0,53.9,0.0,0.0,0.0
2026-04-17 19:56:20,30.2,59.1,0.0,53.9,0.0,0.0,0.0
2026-04-17 19:56:25,30.1,59.1,0.0,54.0,0.0,0.0,0.0
2026-04-17 19:56:30,30.1,59.2,35.8,54.0,0.0,0.0,0.0
2026-04-17 19:56:35,30.2,59.3,14.3,54.0,0.0,0.0,0.0
2026-04-17 19:56:40,30.2,59.2,19.9,54.0,0.0,0.0,0.0
2026-04-17 19:56:45,30.2,59.4,7.3,53.9,0.0,0.0,0.0
2026-04-17 19:56:50,30.4,59.4,15.6,53.9,0.0,0.0,0.0
2026-04-17 19:56:55,30.1,59.4,23.5,54.0,0.0,0.0,0.0
2026-04-17 19:57:00,30.2,59.4,17.8,54.0,0.0,0.0,0.0
2026-04-17 19:57:05,30.2,59.4,10.8,54.0,0.0,0.0,0.0
2026-04-17 19:57:10,30.2,59.3,2.3,54.0,0.0,0.0,0.0
2026-04-17 19:57:15,30.1,59.4,0.0,54.0,0.0,0.0,0.0
2026-04-17 19:57:20,30.2,59.4,12.6,54.0,0.0,0.0,0.0
2026-04-17 19:57:25,30.3,59.4,0.0,54.0,0.0,0.0,0.0
2026-04-17 19:57:30,30.3,59.3,13.5,54.0,0.0,0.0,0.0
2026-04-17 19:57:35,30.2,59.3,5.6,54.0,0.0,0.0,0.0
2026-04-17 19:57:40,30.5,59.3,22.6,54.0,0.0,0.0,0.0
2026-04-17 19:57:45,30.4,59.3,6.5,54.0,0.0,0.0,0.0
2026-04-17 19:57:50,30.3,59.3,16.7,54.0,0.0,0.0,0.0
2026-04-17 19:57:55,30.5,59.3,33.3,54.0,0.0,0.0,0.0
2026-04-17 19:58:00,30.4,59.3,16.6,54.0,0.0,0.0,0.0
2026-04-17 19:58:05,30.3,59.3,14.6,53.9,0.0,0.0,0.0
2026-04-17 19:58:10,30.4,59.3,2.7,53.9,0.0,0.0,0.0
2026-04-17 19:58:15,30.2,59.5,3.1,53.9,0.0,0.0,0.0
2026-04-17 19:58:20,30.2,59.6,26.1,54.0,0.0,0.0,0.0
2026-04-17 19:58:25,30.3,59.6,43.2,54.0,0.0,0.0,0.0
2026-04-17 19:58:30,30.3,59.6,14.4,54.0,0.0,0.0,0.0
2026-04-17 19:58:35,30.3,59.7,10.9,54.0,0.0,0.0,0.0
2026-04-17 19:58:40,30.1,59.7,5.5,54.0,0.0,0.0,0.0
2026-04-17 19:58:45,30.3,59.7,29.4,54.0,0.0,0.0,0.0
2026-04-17 19:58:50,30.2,59.7,14.4,54.0,0.0,0.0,0.0
2026-04-17 19:58:55,30.4,59.9,1.1,54.0,0.0,0.0,0.0
2026-04-17 19:59:00,30.3,59.9,4.5,53.9,0.0,0.0,0.0
2026-04-17 19:59:05,30.3,60.1,17.6,53.9,0.0,0.0,0.0
2026-04-17 19:59:10,30.3,60.1,6.7,53.9,0.0,0.0,0.0
2026-04-17 19:59:15,30.1,60.0,7.3,53.9,0.0,0.0,0.0
2026-04-17 19:59:20,30.2,60.0,22.1,54.0,0.0,0.0,0.0
2026-04-17 19:59:25,30.3,60.0,0.0,54.0,0.0,0.0,0.0
2026-04-17 19:59:30,30.3,60.0,27.1,54.0,0.0,0.0,0.0
2026-04-17 19:59:35,30.3,60.1,0.0,54.0,0.0,0.0,0.0
2026-04-17 19:59:40,30.3,60.0,8.0,54.0,0.0,0.0,0.0
2026-04-17 19:59:45,30.2,60.2,9.4,53.9,0.0,1.0,0.0
2026-04-17 19:59:50,30.3,62.2,0.0,53.9,0.0,1.0,0.0
2026-04-17 19:59:55,30.2,64.0,0.0,53.9,0.0,1.0,0.0
