Timestamp,Temperature,Humidity,Light,Soil_Moisture,Drip,Mist,Fan
2026-04-16 17:00:00,31.1,51.6,160.6,54.2,0.0,0.0,0.0
2026-04-16 17:00:05,31.3,51.6,157.1,54.2,0.0,0.0,0.0
2026-04-16 17:00:10,31.3,51.6,168.4,54.2,0.0,0.0,0.0
2026-04-16 17:00:15,31.2,51.6,158.5,54.2,0.0,0.0,0.0
2026-04-16 17:00:20,31.2,51.6,164.6,54.2,0.0,0.0,0.0
2026-04-16 17:00:25,31.2,51.6,134.2,54.2,0.0,0.0,0.0
2026-04-16 17:00:30,31.1,51.6,139.3,54.2,0.0,0.0,0.0
2026-04-16 17:00:35,31.1,51.7,141.7,54.2,0.0,0.0,0.0
2026-04-16 17:00:40,31.2,51.6,151.4,54.2,0.0,0.0,0.0
2026-04-16 17:00:45,31.2,51.5,145.0,54.2,0.0,0.0,0.0
2026-04-16 17:00:50,31.1,51.7,135.8,54.2,0.0,0.0,0.0
2026-04-16 17:00:55,31.1,51.6,155.3,54.2,0.0,0.0,0.0
2026-04-16 17:01:00,31.2,51.6,154.5,54.2,0.0,0.0,0.0
2026-04-16 17:01:05,31.2,51.6,149.9,54.2,0.0,0.0,0.0
2026-04-16 17:01:10,31.2,51.6,155.1,54.1,0.0,0.0,0.0
2026-04-16 17:01:15,31.1,51.6,147.1,54.1,0.0,0.0,0.0
2026-04-16 17:01:20,31.2,51.5,159.5,54.1,0.0,0.0,0.0
2026-04-16 17:01:25,31.2,51.4,146.1,54.2,0.0,0.0,0.0
2026-04-16 17:01:30,31.1,51.4,153.6,54.2,0.0,0.0,0.0
2026-04-16 17:01:35,31.1,51.4,148.8,54.2,0.0,0.0,0.0
2026-04-16 17:01:40,31.1,51.3,151.6,54.2,0.0,0.0,0.0
2026-04-16 17:01:45,31.2,51.3,116.5,54.2,0.0,0.0,0.0
2026-04-16 17:01:50,31.2,51.2,149.5,54.2,0.0,0.0,0.0
2026-04-16 17:01:55,31.2,51.2,170.3,54.1,0.0,0.0,0.0
2026-04-16 17:02:00,31.3,51.4,152.3,54.1,0.0,0.0,0.0
2026-04-16 17:02:05,31.2,51.5,151.6,54.1,0.0,0.0,0.0
2026-04-16 17:02:10,31.2,51.6,143.7,54.1,0.0,0.0,0.0
2026-04-16 17:02:15,31.2,51.6,142.0,54.1,0.0,0.0,0.0
2026-04-16 17:02:20,31.3,51.5,168.3,54.1,0.0,0.0,0.0
2026-04-16 17:02:25,31.1,51.6,158.0,54.1,0.0,0.0,0.0
2026-04-16 17:02:30,31.2,51.5,147.9,54.1,0.0,0.0,0.0
2026-04-16 17:02:35,31.2,51.7,139.6,54.2,0.0,0.0,0.0
2026-04-16 17:02:40,31.2,51.8,137.0,54.2,0.0,0.0,0.0
2026-04-16 17:02:45,31.2,51.7,154.1,54.2,0.0,0.0,0.0
2026-04-16 17:02:50,31.1,51.7,126.8,54.1,0.0,0.0,0.0
2026-04-16 17:02:55,31.2,51.8,150.4,54.1,0.0,0.0,0.0
2026-04-16 17:03:00,31.3,51.9,152.4,54.1,0.0,0.0,0.0
2026-04-16 17:03:05,31.0,51.9,147.3,54.1,0.0,0.0,0.0
2026-04-16 17:03:10,31.4,52.0,120.3,54.1,0.0,0.0,0.0
2026-04-16 17:03:15,31.2,51.8,145.1,54.1,0.0,0.0,0.0
2026-04-16 17:03:20,31.3,52.0,122.5,54.1,0.0,0.0,0.0
2026-04-16 17:03:25,31.1,51.9,129.8,54.2,0.0,0.0,0.0
2026-04-16 17:03:30,31.2,52.0,129.0,54.2,0.0,0.0,0.0
2026-04-16 17:03:35,31.3,52.0,142.0,54.2,0.0,0.0,0.0
2026-04-16 17:03:40,31.2,52.0,128.2,54.2,0.0,0.0,0.0
2026-04-16 17:03:45,31.1,52.0,129.3,54.2,0.0,0.0,0.0
2026-04-16 17:03:50,31.3,52.0,138.4,54.2,0.0,0.0,0.0
2026-04-16 17:03:55,31.2,52.2,148.0,54.2,0.0,0.0,0.0
2026-04-16 17:04:00,31.2,52.1,161.2,54.2,0.0,0.0,0.0
2026-04-16 17:04:05,31.3,52.1,142.6,54.2,0.0,0.0,0.0
2026-04-16 17:04:10,31.2,52.1,150.3,54.2,0.0,0.0,0.0
2026-04-16 17:04:15,31.1,52.1,147.1,54.2,0.0,0.0,0.0
2026-04-16 17:04:20,31.2,52.2,133.9,54.2,0.0,0.0,0.0
2026-04-16 17:04:25,31.2,52.2,145.9,54.2,0.0,0.0,0.0
2026-04-16 17:04:30,31.2,52.2,117.3,54.1,0.0,0.0,0.0
2026-04-16 17:04:35,31.3,52.1,141.3,54.1,0.0,0.0,0.0
2026-04-16 17:04:40,31.3,52.0,130.9,54.1,0.0,0.0,0.0
2026-04-16 17:04:45,31.1,52.0,139.1,54.1,0.0,0.0,0.0
2026-04-16 17:04:50,31.3,52.0,135.7,54.1,0.0,0.0,0.0
2026-04-16 17:04:55,31.1,51.9,147.3,54.1,0.0,0.0,0.0
2026-04-16 17:05:00,31.2,51.8,147.5,54.1,0.0,0.0,0.0
2026-04-16 17:05:05,31.2,51.8,124.8,54.1,0.0,0.0,0.0
2026-04-16 17:05:10,31.1,51.9,118.4,54.2,0.0,0.0,0.0
2026-04-16 17:05:15,31.2,52.0,142.7,54.2,0.0,0.0,0.0
2026-04-16 17:05:20,31.3,51.9,136.1,54.1,0.0,0.0,0.0
2026-04-16 17:05:25,31.2,51.9,123.4,54.1,0.0,0.0,0.0
2026-04-16 17:05:30,31.2,52.0,144.5,54.1,0.0,0.0,0.0
2026-04-16 17:05:35,31.1,52.0,146.2,54.1,0.0,0.0,0.0
2026-04-16 17:05:40,31.1,52.0,140.2,54.2,0.0,0.0,0.0
2026-04-16 17:05:45,31.1,52.0,140.6,54.2,0.0,0.0,0.0
2026-04-16 17:05:50,31.3,51.8,137.5,54.1,0.0,0.0,0.0
2026-04-16 17:05:55,31.1,51.9,133.9,54.1,0.0,0.0,0.0
2026-04-16 17:06:00,31.2,51.9,141.4,54.2,0.0,0.0,0.0
2026-04-16 17:06:05,31.2,51.9,150.4,54.2,0.0,0.0,0.0
2026-04-16 17:06:10,31.1,52.1,137.3,54.2,0.0,0.0,0.0
2026-04-16 17:06:15,31.1,52.0,132.0,54.2,0.0,0.0,0.0
2026-04-16 17:06:20,31.1,52.0,128.5,54.2,0.0,0.0,0.0
2026-04-16 17:06:25,31.4,51.9,122.8,54.2,0.0,0.0,0.0
2026-04-16 17:06:30,31.1,52.0,140.0,54.2,0.0,0.0,0.0
2026-04-16 17:06:35,31.2,52.1,120.7,54.1,0.0,0.0,0.0
2026-04-16 17:06:40,31.1,52.0,120.3,54.1,0.0,0.0,0.0
2026-04-16 17:06:45,31.1,52.0,141.6,54.1,0.0,0.0,0.0
2026-04-16 17:06:50,31.2,52.1,124.7,54.1,0.0,0.0,0.0
2026-04-16 17:06:55,31.1,52.1,144.4,54.1,0.0,0.0,0.0
2026-04-16 17:07:00,31.2,52.1,122.6,54.1,0.0,0.0,0.0
2026-04-16 17:07:05,31.2,52.2,137.3,54.1,0.0,0.0,0.0
2026-04-16 17:07:10,31.1,52.2,129.2,54.2,0.0,0.0,0.0
2026-04-16 17:07:15,31.0,52.3,149.0,54.2,0.0,0.0,0.0
2026-04-16 17:07:20,30.9,52.4,127.6,54.2,0.0,0.0,0.0
2026-04-16 17:07:25,31.1,52.4,145.7,54.1,0.0,0.0,0.0
2026-04-16 17:07:30,31.2,52.2,131.4,54.1,0.0,0.0,0.0
2026-04-16 17:07:35,31.1,52.3,138.3,54.1,0.0,0.0,0.0
2026-04-16 17:07:40,31.1,52.2,131.4,54.1,0.0,0.0,0.0
2026-04-16 17:07:45,31.0,52.2,136.0,54.1,0.0,0.0,0.0
2026-04-16 17:07:50,31.0,52.2,130.8,54.1,0.0,0.0,0.0
2026-04-16 17:07:55,31.1,52.2,132.6,54.1,0.0,0.0,0.0
2026-04-16 17:08:00,31.1,52.2,121.4,54.1,0.0,0.0,0.0
2026-04-16 17:08:05,31.0,52.2,139.5,54.1,0.0,0.0,0.0
2026-04-16 17:08:10,31.0,52.3,134.6,54.1,0.0,0.0,0.0
2026-04-16 17:08:15,31.1,52.4,131.3,54.1,0.0,0.0,0.0
2026-04-16 17:08:20,31.1,52.4,127.5,54.1,0.0,0.0,0.0
2026-04-16 17:08:25,31.2,52.5,127.4,54.1,0.0,0.0,0.0
2026-04-16 17:08:30,31.1,52.4,119.0,54.1,0.0,0.0,0.0
2026-04-16 17:08:35,31.0,52.4,110.2,54.1,0.0,0.0,0.0
2026-04-16 17:08:40,31.3,52.5,119.4,54.2,0.0,0.0,0.0
2026-04-16 17:08:45,31.1,52.6,121.4,54.2,0.0,0.0,0.0
2026-04-16 17:08:50,31.2,52.8,125.9,54.2,0.0,0.0,0.0
2026-04-16 17:08:55,31.2,52.6,123.7,54.1,0.0,0.0,0.0
2026-04-16 17:09:00,31.0,52.6,124.5,54.1,0.0,0.0,0.0
2026-04-16 17:09:05,31.3,52.7,127.6,54.1,0.0,0.0,0.0
2026-04-16 17:09:10,31.0,52.5,117.8,54.1,0.0,0.0,0.0
2026-04-16 17:09:15,31.2,52.6,144.3,54.1,0.0,0.0,0.0
2026-04-16 17:09:20,31.0,52.7,128.6,54.1,0.0,0.0,0.0
2026-04-16 17:09:25,31.0,52.7,116.0,54.2,0.0,0.0,0.0
2026-04-16 17:09:30,31.2,52.7,123.5,54.2,0.0,0.0,0.0
2026-04-16 17:09:35,30.9,52.7,120.2,54.1,0.0,0.0,0.0
2026-04-16 17:09:40,31.0,52.7,134.1,54.1,0.0,0.0,0.0
2026-04-16 17:09:45,31.1,52.7,110.9,54.1,0.0,0.0,0.0
2026-04-16 17:09:50,31.3,52.8,116.4,54.1,0.0,0.0,0.0
2026-04-16 17:09:55,30.9,52.7,138.2,54.1,0.0,0.0,0.0
2026-04-16 17:10:00,31.1,52.8,101.8,54.1,0.0,0.0,0.0
2026-04-16 17:10:05,31.1,52.9,126.5,54.1,0.0,0.0,0.0
2026-04-16 17:10:10,31.1,53.2,120.4,54.1,0.0,0.0,0.0
2026-04-16 17:10:15,31.0,53.1,103.2,54.1,0.0,0.0,0.0
2026-04-16 17:10:20,30.9,53.0,114.6,54.1,0.0,0.0,0.0
2026-04-16 17:10:25,31.1,53.0,107.7,54.1,0.0,0.0,0.0
2026-04-16 17:10:30,31.0,53.0,117.5,54.1,0.0,0.0,0.0
2026-04-16 17:10:35,31.0,53.1,123.7,54.1,0.0,0.0,0.0
2026-04-16 17:10:40,31.0,53.0,114.0,54.1,0.0,0.0,0.0
2026-04-16 17:10:45,31.0,53.1,137.2,54.1,0.0,0.0,0.0
2026-04-16 17:10:50,31.2,53.0,127.9,54.1,0.0,0.0,0.0
2026-04-16 17:10:55,30.8,53.1,132.5,54.1,0.0,0.0,0.0
2026-04-16 17:11:00,31.1,53.0,116.0,54.1,0.0,0.0,0.0
2026-04-16 17:11:05,31.1,52.8,114.3,54.1,0.0,0.0,0.0
2026-04-16 17:11:10,31.1,52.8,116.6,54.1,0.0,0.0,0.0
2026-04-16 17:11:15,31.2,52.7,113.2,54.1,0.0,0.0,0.0
2026-04-16 17:11:20,30.8,52.6,121.5,54.1,0.0,0.0,0.0
2026-04-16 17:11:25,30.9,52.6,121.4,54.1,0.0,0.0,0.0
2026-04-16 17:11:30,31.0,52.6,122.7,54.1,0.0,0.0,0.0
2026-04-16 17:11:35,31.0,52.5,114.9,54.1,0.0,0.0,0.0
2026-04-16 17:11:40,31.0,52.5,124.8,54.1,0.0,0.0,0.0
2026-04-16 17:11:45,31.0,52.4,117.2,54.1,0.0,0.0,0.0
2026-04-16 17:11:50,31.2,52.5,124.9,54.1,0.0,0.0,0.0
2026-04-16 17:11:55,31.1,52.4,100.8,54.1,0.0,0.0,0.0
2026-04-16 17:12:00,31.1,52.4,113.6,54.1,0.0,0.0,0.0
2026-04-16 17:12:05,31.0,52.4,127.3,54.1,0.0,0.0,0.0
2026-04-16 17:12:10,31.1,52.5,112.9,54.1,0.0,0.0,0.0
2026-04-16 17:12:15,31.0,52.6,111.7,54.1,0.0,0.0,0.0
2026-04-16 17:12:20,31.0,52.6,116.9,54.1,0.0,0.0,0.0
2026-04-16 17:12:25,31.0,52.6,117.4,54.1,0.0,0.0,0.0
2026-04-16 17:12:30,31.0,52.6,118.5,54.1,0.0,0.0,0.0
2026-04-16 17:12:35,31.1,52.7,115.0,54.1,0.0,0.0,0.0
2026-04-16 17:12:40,31.0,52.7,127.0,54.1,0.0,0.0,0.0
2026-04-16 17:12:45,31.2,52.7,117.5,54.1,0.0,0.0,0.0
2026-04-16 17:12:50,31.0,52.7,98.3,54.1,0.0,0.0,0.0
2026-04-16 17:12:55,31.1,52.7,103.5,54.1,0.0,0.0,0.0
2026-04-16 17:13:00,31.0,52.8,124.9,54.1,0.0,0.0,0.0
2026-04-16 17:13:05,31.0,52.7,96.0,54.1,0.0,0.0,0.0
2026-04-16 17:13:10,30.9,52.8,122.1,54.1,0.0,0.0,0.0
2026-04-16 17:13:15,31.0,52.8,117.1,54.1,0.0,0.0,0.0
2026-04-16 17:13:20,30.9,52.8,127.9,54.1,0.0,0.0,0.0
2026-04-16 17:13:25,31.1,52.7,109.5,54.1,0.0,0.0,0.0
2026-04-16 17:13:30,31.0,52.5,112.6,54.1,0.0,0.0,0.0
2026-04-16 17:13:35,31.1,52.5,105.2,54.1,0.0,0.0,0.0
2026-04-16 17:13:40,31.1,52.5,112.2,54.1,0.0,0.0,0.0
2026-04-16 17:13:45,31.0,52.5,126.0,54.1,0.0,0.0,0.0
2026-04-16 17:13:50,30.9,52.6,121.4,54.1,0.0,0.0,0.0
2026-04-16 17:13:55,31.0,52.7,108.7,54.1,0.0,0.0,0.0
2026-04-16 17:14:00,31.0,52.7,118.4,54.1,0.0,0.0,0.0
2026-04-16 17:14:05,31.0,52.7,124.2,54.1,0.0,0.0,0.0
2026-04-16 17:14:10,30.9,52.7,124.4,54.1,0.0,0.0,0.0
2026-04-16 17:14:15,31.1,52.6,101.4,54.1,0.0,0.0,0.0
2026-04-16 17:14:20,30.9,52.7,100.2,54.1,0.0,0.0,0.0
2026-04-16 17:14:25,30.9,52.9,134.3,54.1,0.0,0.0,0.0
2026-04-16 17:14:30,31.1,53.1,111.9,54.1,0.0,0.0,0.0
2026-04-16 17:14:35,31.1,53.0,103.9,54.0,0.0,0.0,0.0
2026-04-16 17:14:40,30.9,52.9,97.4,54.0,0.0,0.0,0.0
2026-04-16 17:14:45,30.9,52.9,103.4,54.1,0.0,0.0,0.0
2026-04-16 17:14:50,31.1,53.0,89.7,54.1,0.0,0.0,0.0
2026-04-16 17:14:55,31.0,53.0,119.1,54.1,0.0,0.0,0.0
2026-04-16 17:15:00,31.1,53.0,106.2,54.1,0.0,0.0,0.0
2026-04-16 17:15:05,30.9,52.9,106.7,54.1,0.0,0.0,0.0
2026-04-16 17:15:10,31.0,53.0,96.2,54.1,0.0,0.0,0.0
2026-04-16 17:15:15,31.0,52.9,102.5,54.1,0.0,0.0,0.0
2026-04-16 17:15:20,31.2,52.9,112.3,54.1,0.0,0.0,0.0
2026-04-16 17:15:25,31.1,52.9,111.2,54.1,0.0,0.0,0.0
2026-04-16 17:15:30,31.0,52.9,114.3,54.1,0.0,0.0,0.0
2026-04-16 17:15:35,31.1,53.0,112.7,54.1,0.0,0.0,0.0
2026-04-16 17:15:40,30.9,53.1,108.8,54.1,0.0,0.0,0.0
2026-04-16 17:15:45,31.1,53.1,99.2,54.1,0.0,0.0,0.0
2026-04-16 17:15:50,31.0,53.0,97.3,54.1,0.0,0.0,0.0
2026-04-16 17:15:55,31.1,52.9,97.4,54.1,0.0,0.0,0.0
2026-04-16 17:16:00,31.0,52.9,115.6,54.1,0.0,0.0,0.0
2026-04-16 17:16:05,31.1,52.9,101.1,54.1,0.0,0.0,0.0
2026-04-16 17:16:10,31.0,52.9,91.7,54.1,0.0,0.0,0.0
2026-04-16 17:16:15,31.1,52.7,103.2,54.1,0.0,0.0,0.0
2026-04-16 17:16:20,31.0,52.7,103.4,54.1,0.0,0.0,0.0
2026-04-16 17:16:25,31.1,52.8,106.6,54.1,0.0,0.0,0.0
2026-04-16 17:16:30,30.9,52.9,104.5,54.1,0.0,0.0,0.0
2026-04-16 17:16:35,31.1,53.0,106.4,54.1,0.0,0.0,0.0
2026-04-16 17:16:40,31.0,53.1,117.5,54.1,0.0,0.0,0.0
2026-04-16 17:16:45,31.0,53.2,112.4,54.1,0.0,0.0,0.0
2026-04-16 17:16:50,31.1,53.3,100.9,54.1,0.0,0.0,0.0
2026-04-16 17:16:55,31.1,53.4,111.8,54.1,0.0,0.0,0.0
2026-04-16 17:17:00,31.0,53.4,104.1,54.1,0.0,0.0,0.0
2026-04-16 17:17:05,30.9,53.4,113.2,54.0,0.0,0.0,0.0
2026-04-16 17:17:10,31.1,53.5,90.0,54.0,0.0,0.0,0.0
2026-04-16 17:17:15,31.0,53.3,107.6,54.0,0.0,0.0,0.0
2026-04-16 17:17:20,31.0,53.3,106.1,54.0,0.0,0.0,0.0
2026-04-16 17:17:25,31.0,53.4,93.4,54.0,0.0,0.0,0.0
2026-04-16 17:17:30,31.1,53.5,87.1,54.0,0.0,0.0,0.0
2026-04-16 17:17:35,30.9,53.4,106.5,54.1,0.0,0.0,0.0
2026-04-16 17:17:40,31.1,53.5,103.3,54.1,0.0,0.0,0.0
2026-04-16 17:17:45,31.0,53.5,90.8,54.1,0.0,0.0,0.0
2026-04-16 17:17:50,31.0,53.5,104.8,54.0,0.0,0.0,0.0
2026-04-16 17:17:55,30.9,53.5,85.8,54.0,0.0,0.0,0.0
2026-04-16 17:18:00,31.0,53.6,106.7,54.0,0.0,0.0,0.0
2026-04-16 17:18:05,31.2,53.7,98.7,54.0,0.0,0.0,0.0
2026-04-16 17:18:10,31.0,53.6,94.4,54.0,0.0,0.0,0.0
2026-04-16 17:18:15,30.9,53.6,100.2,54.0,0.0,0.0,0.0
2026-04-16 17:18:20,30.9,53.7,91.0,54.0,0.0,0.0,0.0
2026-04-16 17:18:25,30.8,53.7,105.6,54.0,0.0,0.0,0.0
2026-04-16 17:18:30,31.0,53.6,115.3,54.1,0.0,0.0,0.0
2026-04-16 17:18:35,31.0,53.5,81.8,54.1,0.0,0.0,0.0
2026-04-16 17:18:40,30.9,53.6,101.9,54.1,0.0,0.0,0.0
2026-04-16 17:18:45,30.9,53.6,104.7,54.1,0.0,0.0,0.0
2026-04-16 17:18:50,31.0,53.6,103.2,54.1,0.0,0.0,0.0
2026-04-16 17:18:55,31.0,53.6,110.4,54.1,0.0,0.0,0.0
2026-04-16 17:19:00,30.9,53.6,104.4,54.1,0.0,0.0,0.0
2026-04-16 17:19:05,31.0,53.6,116.2,54.1,0.0,0.0,0.0
2026-04-16 17:19:10,31.1,53.7,103.9,54.1,0.0,0.0,0.0
2026-04-16 17:19:15,30.9,53.6,105.0,54.1,0.0,0.0,0.0
2026-04-16 17:19:20,30.9,53.7,87.3,54.1,0.0,0.0,0.0
2026-04-16 17:19:25,31.0,53.7,98.8,54.1,0.0,0.0,0.0
2026-04-16 17:19:30,30.9,53.6,102.8,54.1,0.0,0.0,0.0
2026-04-16 17:19:35,31.0,53.6,110.0,54.1,0.0,0.0,0.0
2026-04-16 17:19:40,31.1,53.6,86.4,54.1,0.0,0.0,0.0
2026-04-16 17:19:45,30.9,53.7,98.0,54.1,0.0,0.0,0.0
2026-04-16 17:19:50,31.0,53.8,93.3,54.1,0.0,0.0,0.0
2026-04-16 17:19:55,31.0,53.8,100.6,54.1,0.0,0.0,0.0
2026-04-16 17:20:00,31.1,53.7,93.0,54.1,0.0,0.0,0.0
2026-04-16 17:20:05,31.0,53.6,86.4,54.1,0.0,0.0,0.0
2026-04-16 17:20:10,31.1,53.7,110.7,54.1,0.0,0.0,0.0
2026-04-16 17:20:15,30.9,53.7,118.7,54.1,0.0,0.0,0.0
2026-04-16 17:20:20,31.0,53.6,79.3,54.1,0.0,0.0,0.0
2026-04-16 17:20:25,30.9,53.6,103.4,54.0,0.0,0.0,0.0
2026-04-16 17:20:30,30.9,53.7,118.2,54.0,0.0,0.0,0.0
2026-04-16 17:20:35,31.0,53.7,107.2,54.0,0.0,0.0,0.0
2026-04-16 17:20:40,31.1,53.8,92.8,54.1,0.0,0.0,0.0
2026-04-16 17:20:45,31.0,53.7,104.6,54.1,0.0,0.0,0.0
2026-04-16 17:20:50,31.0,53.7,86.2,54.1,0.0,0.0,0.0
2026-04-16 17:20:55,31.0,53.9,82.5,54.1,0.0,0.0,0.0
2026-04-16 17:21:00,30.9,54.1,98.2,54.1,0.0,0.0,0.0
2026-04-16 17:21:05,30.9,54.0,97.0,54.1,0.0,0.0,0.0
2026-04-16 17:21:10,30.9,54.0,112.7,54.1,0.0,0.0,0.0
2026-04-16 17:21:15,31.0,54.0,85.5,54.1,0.0,0.0,0.0
2026-04-16 17:21:20,31.0,54.1,94.8,54.1,0.0,0.0,0.0
2026-04-16 17:21:25,31.0,54.0,110.5,54.1,0.0,0.0,0.0
2026-04-16 17:21:30,31.1,53.9,96.5,54.1,0.0,0.0,0.0
2026-04-16 17:21:35,31.0,54.0,103.3,54.1,0.0,0.0,0.0
2026-04-16 17:21:40,31.0,54.1,69.3,54.1,0.0,0.0,0.0
2026-04-16 17:21:45,31.0,54.0,97.5,54.1,0.0,0.0,0.0
2026-04-16 17:21:50,30.9,54.0,100.7,54.1,0.0,0.0,0.0
2026-04-16 17:21:55,31.0,53.9,104.3,54.1,0.0,0.0,0.0
2026-04-16 17:22:00,31.0,53.9,97.0,54.1,0.0,0.0,0.0
2026-04-16 17:22:05,31.0,53.8,98.7,54.1,0.0,0.0,0.0
2026-04-16 17:22:10,31.0,53.8,102.7,54.0,0.0,0.0,0.0
2026-04-16 17:22:15,31.0,53.8,97.5,54.0,0.0,0.0,0.0
2026-04-16 17:22:20,31.0,53.8,107.6,54.0,0.0,0.0,0.0
2026-04-16 17:22:25,30.9,53.8,91.3,54.0,0.0,0.0,0.0
2026-04-16 17:22:30,31.0,53.9,90.3,54.1,0.0,0.0,0.0
2026-04-16 17:22:35,31.0,53.8,53.9,54.1,0.0,0.0,0.0
2026-04-16 17:22:40,31.0,53.8,79.4,54.1,0.0,0.0,0.0
2026-04-16 17:22:45,31.0,54.0,88.0,54.1,0.0,0.0,0.0
2026-04-16 17:22:50,30.9,53.8,110.1,54.1,0.0,0.0,0.0
2026-04-16 17:22:55,31.0,54.0,99.7,54.1,0.0,0.0,0.0
2026-04-16 17:23:00,30.9,53.9,92.4,54.1,0.0,0.0,0.0
2026-04-16 17:23:05,31.1,53.9,83.9,54.1,0.0,0.0,0.0
2026-04-16 17:23:10,31.0,54.0,99.8,54.1,0.0,0.0,0.0
2026-04-16 17:23:15,31.0,53.8,102.8,54.1,0.0,0.0,0.0
2026-04-16 17:23:20,31.1,53.7,90.2,54.1,0.0,0.0,0.0
2026-04-16 17:23:25,30.8,53.8,95.5,54.1,0.0,0.0,0.0
2026-04-16 17:23:30,31.0,53.7,94.0,54.1,0.0,0.0,0.0
2026-04-16 17:23:35,31.0,53.7,88.4,54.1,0.0,0.0,0.0
2026-04-16 17:23:40,31.0,53.7,72.1,54.1,0.0,0.0,0.0
2026-04-16 17:23:45,30.9,53.7,74.6,54.1,0.0,0.0,0.0
2026-04-16 17:23:50,31.0,53.6,70.4,54.1,0.0,0.0,0.0
2026-04-16 17:23:55,31.0,53.5,98.5,54.1,0.0,0.0,0.0
2026-04-16 17:24:00,31.1,53.5,87.8,54.1,0.0,0.0,0.0
2026-04-16 17:24:05,30.9,53.4,83.2,54.1,0.0,0.0,0.0
2026-04-16 17:24:10,31.1,53.4,98.1,54.1,0.0,0.0,0.0
2026-04-16 17:24:15,30.9,53.4,80.7,54.1,0.0,0.0,0.0
2026-04-16 17:24:20,30.9,53.6,70.1,54.1,0.0,0.0,0.0
2026-04-16 17:24:25,31.0,53.7,100.6,54.1,0.0,0.0,0.0
2026-04-16 17:24:30,31.0,53.7,80.3,54.1,0.0,0.0,0.0
2026-04-16 17:24:35,30.9,53.8,100.7,54.1,0.0,0.0,0.0
2026-04-16 17:24:40,31.1,53.9,101.8,54.1,0.0,0.0,0.0
2026-04-16 17:24:45,30.8,53.9,84.0,54.1,0.0,0.0,0.0
2026-04-16 17:24:50,31.0,53.8,102.9,54.1,0.0,0.0,0.0
2026-04-16 17:24:55,31.2,53.7,69.4,54.1,0.0,0.0,0.0
2026-04-16 17:25:00,31.0,53.8,92.0,54.1,0.0,0.0,0.0
2026-04-16 17:25:05,30.8,53.9,78.3,54.1,0.0,0.0,0.0
2026-04-16 17:25:10,31.0,54.0,98.6,54.1,0.0,0.0,0.0
2026-04-16 17:25:15,30.9,54.1,75.2,54.1,0.0,0.0,0.0
2026-04-16 17:25:20,30.9,54.3,75.6,54.1,0.0,0.0,0.0
2026-04-16 17:25:25,30.9,54.3,91.1,54.1,0.0,0.0,0.0
2026-04-16 17:25:30,30.9,54.3,88.1,54.1,0.0,0.0,0.0
2026-04-16 17:25:35,31.1,54.2,81.7,54.1,0.0,0.0,0.0
2026-04-16 17:25:40,31.1,54.3,68.1,54.1,0.0,0.0,0.0
2026-04-16 17:25:45,31.1,54.3,67.2,54.1,0.0,0.0,0.0
2026-04-16 17:25:50,31.0,54.3,85.9,54.1,0.0,0.0,0.0
2026-04-16 17:25:55,31.1,54.5,90.2,54.1,0.0,0.0,0.0
2026-04-16 17:26:00,31.0,54.5,86.9,54.1,0.0,0.0,0.0
2026-04-16 17:26:05,30.9,54.6,72.4,54.1,0.0,0.0,0.0
2026-04-16 17:26:10,30.9,54.4,55.9,54.1,0.0,0.0,0.0
2026-04-16 17:26:15,31.0,54.5,72.7,54.1,0.0,0.0,0.0
2026-04-16 17:26:20,31.0,54.6,56.6,54.1,0.0,0.0,0.0
2026-04-16 17:26:25,30.9,54.6,85.6,54.1,0.0,0.0,0.0
2026-04-16 17:26:30,30.9,54.7,96.9,54.1,0.0,0.0,0.0
2026-04-16 17:26:35,30.9,54.8,69.1,54.1,0.0,0.0,0.0
2026-04-16 17:26:40,31.0,54.7,67.9,54.1,0.0,0.0,0.0
2026-04-16 17:26:45,30.9,54.8,79.3,54.1,0.0,0.0,0.0
2026-04-16 17:26:50,31.0,54.8,73.5,54.1,0.0,0.0,0.0
2026-04-16 17:26:55,31.0,54.6,69.0,54.1,0.0,0.0,0.0
2026-04-16 17:27:00,30.9,54.6,84.7,54.1,0.0,0.0,0.0
2026-04-16 17:27:05,30.8,54.7,57.4,54.1,0.0,0.0,0.0
2026-04-16 17:27:10,30.9,54.6,81.2,54.1,0.0,0.0,0.0
2026-04-16 17:27:15,30.9,54.6,59.6,54.1,0.0,0.0,0.0
2026-04-16 17:27:20,30.8,54.4,85.8,54.1,0.0,0.0,0.0
2026-04-16 17:27:25,31.0,54.4,87.3,54.1,0.0,0.0,0.0
2026-04-16 17:27:30,30.9,54.6,76.5,54.1,0.0,0.0,0.0
2026-04-16 17:27:35,31.0,54.6,59.3,54.1,0.0,0.0,0.0
2026-04-16 17:27:40,30.9,54.5,80.7,54.1,0.0,0.0,0.0
2026-04-16 17:27:45,30.8,54.4,75.9,54.1,0.0,0.0,0.0
2026-04-16 17:27:50,30.9,54.4,72.9,54.1,0.0,0.0,0.0
2026-04-16 17:27:55,30.9,54.3,74.0,54.1,0.0,0.0,0.0
2026-04-16 17:28:00,30.9,54.4,75.5,54.1,0.0,0.0,0.0
2026-04-16 17:28:05,30.9,54.4,86.6,54.1,0.0,0.0,0.0
2026-04-16 17:28:10,30.9,54.4,91.0,54.1,0.0,0.0,0.0
2026-04-16 17:28:15,30.9,54.4,72.8,54.1,0.0,0.0,0.0
2026-04-16 17:28:20,30.8,54.3,75.6,54.1,0.0,0.0,0.0
2026-04-16 17:28:25,30.9,54.3,74.7,54.1,0.0,0.0,0.0
2026-04-16 17:28:30,30.9,54.3,63.4,54.1,0.0,0.0,0.0
2026-04-16 17:28:35,30.9,54.5,89.3,54.1,0.0,0.0,0.0
2026-04-16 17:28:40,30.9,54.4,82.0,54.1,0.0,0.0,0.0
2026-04-16 17:28:45,31.0,54.5,83.5,54.1,0.0,0.0,0.0
2026-04-16 17:28:50,31.0,54.4,77.5,54.1,0.0,0.0,0.0
2026-04-16 17:28:55,30.9,54.4,88.2,54.1,0.0,0.0,0.0
2026-04-16 17:29:00,31.0,54.4,73.8,54.1,0.0,0.0,0.0
2026-04-16 17:29:05,30.9,54.4,78.2,54.1,0.0,0.0,0.0
2026-04-16 17:29:10,31.0,54.3,77.6,54.1,0.0,0.0,0.0
2026-04-16 17:29:15,30.8,54.4,70.9,54.1,0.0,0.0,0.0
2026-04-16 17:29:20,30.8,54.3,85.9,54.1,0.0,0.0,0.0
2026-04-16 17:29:25,30.9,54.3,68.9,54.1,0.0,0.0,0.0
2026-04-16 17:29:30,30.8,54.3,67.7,54.1,0.0,0.0,0.0
2026-04-16 17:29:35,30.9,54.3,99.0,54.1,0.0,0.0,0.0
2026-04-16 17:29:40,30.9,54.3,82.4,54.1,0.0,0.0,0.0
2026-04-16 17:29:45,30.9,54.2,54.0,54.1,0.0,0.0,0.0
2026-04-16 17:29:50,30.8,54.3,74.8,54.1,0.0,0.0,0.0
2026-04-16 17:29:55,30.7,54.3,55.3,54.1,0.0,0.0,0.0
2026-04-16 17:30:00,30.7,54.3,69.8,54.1,0.0,0.0,0.0
2026-04-16 17:30:05,30.8,54.3,63.4,54.1,0.0,0.0,0.0
2026-04-16 17:30:10,31.0,54.3,64.9,54.1,0.0,0.0,0.0
2026-04-16 17:30:15,31.0,54.2,74.0,54.1,0.0,0.0,0.0
2026-04-16 17:30:20,30.9,54.2,76.5,54.1,0.0,0.0,0.0
2026-04-16 17:30:25,30.7,54.2,81.4,54.1,0.0,0.0,0.0
2026-04-16 17:30:30,30.8,54.2,57.1,54.1,0.0,0.0,0.0
2026-04-16 17:30:35,30.9,54.1,72.8,54.1,0.0,0.0,0.0
2026-04-16 17:30:40,31.0,54.2,70.0,54.1,0.0,0.0,0.0
2026-04-16 17:30:45,30.9,54.1,58.9,54.1,0.0,0.0,0.0
2026-04-16 17:30:50,30.9,54.2,50.8,54.1,0.0,0.0,0.0
2026-04-16 17:30:55,30.9,54.2,70.9,54.1,0.0,0.0,0.0
2026-04-16 17:31:00,30.8,54.2,60.7,54.1,0.0,0.0,0.0
2026-04-16 17:31:05,30.8,54.1,72.9,54.1,0.0,0.0,0.0
2026-04-16 17:31:10,30.8,54.2,56.8,54.1,0.0,0.0,0.0
2026-04-16 17:31:15,30.9,54.1,71.5,54.1,0.0,0.0,0.0
2026-04-16 17:31:20,30.9,54.2,55.5,54.1,0.0,0.0,0.0
2026-04-16 17:31:25,31.0,54.2,80.3,54.1,0.0,0.0,0.0
2026-04-16 17:31:30,30.9,54.1,63.6,54.1,0.0,0.0,0.0
2026-04-16 17:31:35,31.0,54.1,64.1,54.1,0.0,0.0,0.0
2026-04-16 17:31:40,30.9,54.1,58.9,54.1,0.0,0.0,0.0
2026-04-16 17:31:45,31.0,54.0,82.7,54.1,0.0,0.0,0.0
2026-04-16 17:31:50,30.9,54.0,66.9,54.1,0.0,0.0,0.0
2026-04-16 17:31:55,30.8,54.0,79.3,54.1,0.0,0.0,0.0
2026-04-16 17:32:00,30.7,54.0,79.9,54.1,0.0,0.0,0.0
2026-04-16 17:32:05,30.8,54.1,76.5,54.1,0.0,0.0,0.0
2026-04-16 17:32:10,30.9,54.2,66.5,54.1,0.0,0.0,0.0
2026-04-16 17:32:15,30.8,54.4,67.7,54.1,0.0,0.0,0.0
2026-04-16 17:32:20,30.7,54.4,59.5,54.1,0.0,0.0,0.0
2026-04-16 17:32:25,30.9,54.5,70.5,54.1,0.0,0.0,0.0
2026-04-16 17:32:30,30.8,54.7,69.1,54.1,0.0,0.0,0.0
2026-04-16 17:32:35,30.8,54.6,71.4,54.1,0.0,0.0,0.0
2026-04-16 17:32:40,30.8,54.7,75.3,54.1,0.0,0.0,0.0
2026-04-16 17:32:45,30.7,54.8,75.2,54.1,0.0,0.0,0.0
2026-04-16 17:32:50,30.8,54.7,56.0,54.1,0.0,0.0,0.0
2026-04-16 17:32:55,30.6,54.6,60.5,54.0,0.0,0.0,0.0
2026-04-16 17:33:00,30.7,54.5,57.0,54.0,0.0,0.0,0.0
2026-04-16 17:33:05,30.9,54.5,66.5,54.0,0.0,0.0,0.0
2026-04-16 17:33:10,30.7,54.4,77.7,54.0,0.0,0.0,0.0
2026-04-16 17:33:15,30.8,54.5,58.5,54.0,0.0,0.0,0.0
2026-04-16 17:33:20,30.7,54.5,53.6,54.0,0.0,0.0,0.0
2026-04-16 17:33:25,30.8,54.5,73.5,54.0,0.0,0.0,0.0
2026-04-16 17:33:30,30.8,54.6,56.2,54.0,0.0,0.0,0.0
2026-04-16 17:33:35,30.8,54.6,73.5,54.0,0.0,0.0,0.0
2026-04-16 17:33:40,30.6,54.7,73.5,54.1,0.0,0.0,0.0
2026-04-16 17:33:45,30.8,54.8,67.1,54.1,0.0,0.0,0.0
2026-04-16 17:33:50,30.9,54.8,52.3,54.1,0.0,0.0,0.0
2026-04-16 17:33:55,30.7,54.7,80.1,54.1,0.0,0.0,0.0
2026-04-16 17:34:00,30.8,54.7,70.3,54.1,0.0,0.0,0.0
2026-04-16 17:34:05,30.8,54.8,49.4,54.1,0.0,0.0,0.0
2026-04-16 17:34:10,30.7,54.9,52.2,54.1,0.0,0.0,0.0
2026-04-16 17:34:15,30.8,54.9,70.7,54.1,0.0,0.0,0.0
2026-04-16 17:34:20,30.8,55.0,69.6,54.1,0.0,0.0,0.0
2026-04-16 17:34:25,31.0,55.1,74.9,54.1,0.0,0.0,0.0
2026-04-16 17:34:30,30.8,55.1,41.3,54.1,0.0,0.0,0.0
2026-04-16 17:34:35,30.9,55.1,81.1,54.1,0.0,0.0,0.0
2026-04-16 17:34:40,30.9,55.0,61.6,54.1,0.0,0.0,0.0
2026-04-16 17:34:45,30.8,55.1,62.2,54.1,0.0,0.0,0.0
2026-04-16 17:34:50,30.9,55.0,69.1,54.1,0.0,0.0,0.0
2026-04-16 17:34:55,30.7,54.8,56.4,54.1,0.0,0.0,0.0
2026-04-16 17:35:00,30.8,55.1,45.2,54.1,0.0,0.0,0.0
2026-04-16 17:35:05,30.8,55.1,61.2,54.1,0.0,0.0,0.0
2026-04-16 17:35:10,30.8,55.0,59.7,54.0,0.0,0.0,0.0
2026-04-16 17:35:15,30.9,55.1,61.1,54.0,0.0,0.0,0.0
2026-04-16 17:35:20,30.7,55.2,59.2,54.1,0.0,0.0,0.0
2026-04-16 17:35:25,30.8,55.3,52.7,54.1,0.0,0.0,0.0
2026-04-16 17:35:30,30.7,55.4,76.8,54.1,0.0,0.0,0.0
2026-04-16 17:35:35,30.7,55.3,46.2,54.1,0.0,0.0,0.0
2026-04-16 17:35:40,30.9,55.3,69.0,54.1,0.0,0.0,0.0
2026-04-16 17:35:45,30.8,55.3,68.8,54.1,0.0,0.0,0.0
2026-04-16 17:35:50,30.6,55.3,50.7,54.0,0.0,0.0,0.0
2026-04-16 17:35:55,30.8,55.2,73.3,54.0,0.0,0.0,0.0
2026-04-16 17:36:00,30.8,55.2,59.4,54.0,0.0,0.0,0.0
2026-04-16 17:36:05,30.8,55.3,55.1,54.1,0.0,0.0,0.0
2026-04-16 17:36:10,30.7,55.3,68.2,54.1,0.0,0.0,0.0
2026-04-16 17:36:15,30.8,55.2,65.0,54.1,0.0,0.0,0.0
2026-04-16 17:36:20,30.7,55.2,62.6,54.1,0.0,0.0,0.0
2026-04-16 17:36:25,30.8,55.1,82.1,54.1,0.0,0.0,0.0
2026-04-16 17:36:30,30.8,55.3,62.2,54.1,0.0,0.0,0.0
2026-04-16 17:36:35,30.9,55.3,44.3,54.1,0.0,0.0,0.0
2026-04-16 17:36:40,30.7,55.4,65.8,54.1,0.0,0.0,0.0
2026-04-16 17:36:45,30.8,55.3,54.3,54.1,0.0,0.0,0.0
2026-04-16 17:36:50,30.8,55.3,71.2,54.1,0.0,0.0,0.0
2026-04-16 17:36:55,30.7,55.2,34.7,54.1,0.0,0.0,0.0
2026-04-16 17:37:00,30.7,55.2,74.9,54.1,0.0,0.0,0.0
2026-04-16 17:37:05,30.9,55.1,65.5,54.1,0.0,0.0,0.0
2026-04-16 17:37:10,30.7,55.2,51.8,54.1,0.0,0.0,0.0
2026-04-16 17:37:15,30.9,55.2,61.2,54.1,0.0,0.0,0.0
2026-04-16 17:37:20,30.6,55.5,77.9,54.1,0.0,0.0,0.0
2026-04-16 17:37:25,30.7,55.5,63.4,54.1,0.0,0.0,0.0
2026-04-16 17:37:30,30.8,55.4,48.4,54.1,0.0,0.0,0.0
2026-04-16 17:37:35,30.7,55.5,55.6,54.1,0.0,0.0,0.0
2026-04-16 17:37:40,30.7,55.5,54.4,54.1,0.0,0.0,0.0
2026-04-16 17:37:45,30.9,55.6,46.7,54.1,0.0,0.0,0.0
2026-04-16 17:37:50,30.6,55.6,39.4,54.1,0.0,0.0,0.0
2026-04-16 17:37:55,30.6,55.6,42.2,54.1,0.0,0.0,0.0
2026-04-16 17:38:00,30.8,55.5,49.4,54.1,0.0,0.0,0.0
2026-04-16 17:38:05,30.5,55.5,51.9,54.1,0.0,0.0,0.0
2026-04-16 17:38:10,30.6,55.5,47.1,54.1,0.0,0.0,0.0
2026-04-16 17:38:15,30.8,55.6,49.5,54.1,0.0,0.0,0.0
2026-04-16 17:38:20,30.6,55.7,68.6,54.1,0.0,0.0,0.0
2026-04-16 17:38:25,30.7,55.5,60.1,54.1,0.0,0.0,0.0
2026-04-16 17:38:30,30.7,55.5,46.2,54.1,0.0,0.0,0.0
2026-04-16 17:38:35,30.6,55.6,73.3,54.0,0.0,0.0,0.0
2026-04-16 17:38:40,30.9,55.6,54.2,54.0,0.0,0.0,0.0
2026-04-16 17:38:45,30.6,55.5,49.9,54.1,0.0,0.0,0.0
2026-04-16 17:38:50,30.7,55.5,60.8,54.1,0.0,0.0,0.0
2026-04-16 17:38:55,30.7,55.6,52.7,54.1,0.0,0.0,0.0
2026-04-16 17:39:00,30.7,55.7,52.1,54.1,0.0,0.0,0.0
2026-04-16 17:39:05,30.6,55.8,61.6,54.1,0.0,0.0,0.0
2026-04-16 17:39:10,30.6,55.8,56.8,54.1,0.0,0.0,0.0
2026-04-16 17:39:15,30.7,55.8,42.7,54.0,0.0,0.0,0.0
2026-04-16 17:39:20,30.8,55.8,35.5,54.0,0.0,0.0,0.0
2026-04-16 17:39:25,30.6,55.8,56.6,54.1,0.0,0.0,0.0
2026-04-16 17:39:30,30.8,55.8,58.0,54.1,0.0,0.0,0.0
2026-04-16 17:39:35,30.8,55.8,50.5,54.1,0.0,0.0,0.0
2026-04-16 17:39:40,30.4,55.7,53.9,54.1,0.0,0.0,0.0
2026-04-16 17:39:45,30.6,55.8,48.7,54.1,0.0,0.0,0.0
2026-04-16 17:39:50,30.6,55.7,49.2,54.1,0.0,0.0,0.0
2026-04-16 17:39:55,30.6,55.7,61.7,54.0,0.0,0.0,0.0
2026-04-16 17:40:00,30.6,55.8,48.3,54.0,0.0,0.0,0.0
2026-04-16 17:40:05,30.8,55.8,59.6,54.0,0.0,0.0,0.0
2026-04-16 17:40:10,30.7,55.9,51.6,54.0,0.0,0.0,0.0
2026-04-16 17:40:15,30.7,56.1,45.0,54.0,0.0,0.0,0.0
2026-04-16 17:40:20,30.7,56.1,54.0,54.0,0.0,0.0,0.0
2026-04-16 17:40:25,30.8,56.1,36.1,54.0,0.0,0.0,0.0
2026-04-16 17:40:30,30.8,56.1,53.7,54.1,0.0,0.0,0.0
2026-04-16 17:40:35,30.6,56.0,40.8,54.1,0.0,0.0,0.0
2026-04-16 17:40:40,30.7,55.8,44.7,54.0,0.0,0.0,0.0
2026-04-16 17:40:45,30.7,56.0,52.6,54.0,0.0,0.0,0.0
2026-04-16 17:40:50,30.9,56.1,42.0,54.0,0.0,0.0,0.0
2026-04-16 17:40:55,30.7,56.0,43.0,54.0,0.0,0.0,0.0
2026-04-16 17:41:00,30.7,56.1,57.0,54.0,0.0,0.0,0.0
2026-04-16 17:41:05,30.7,56.0,64.5,54.0,0.0,0.0,0.0
2026-04-16 17:41:10,30.6,55.9,45.2,54.0,0.0,0.0,0.0
2026-04-16 17:41:15,30.8,56.0,55.8,54.0,0.0,0.0,0.0
2026-04-16 17:41:20,30.8,56.0,34.4,54.0,0.0,0.0,0.0
2026-04-16 17:41:25,30.7,56.0,47.0,54.0,0.0,0.0,0.0
2026-04-16 17:41:30,30.7,56.2,45.4,54.0,0.0,0.0,0.0
2026-04-16 17:41:35,30.6,56.2,40.2,54.0,0.0,0.0,0.0
2026-04-16 17:41:40,30.7,56.2,35.8,54.0,0.0,0.0,0.0
2026-04-16 17:41:45,30.7,56.2,59.8,54.0,0.0,0.0,0.0
2026-04-16 17:41:50,30.5,56.2,29.6,54.0,0.0,0.0,0.0
2026-04-16 17:41:55,30.7,56.1,40.5,54.1,0.0,0.0,0.0
2026-04-16 17:42:00,30.8,56.1,42.8,54.1,0.0,0.0,0.0
2026-04-16 17:42:05,30.7,56.2,42.6,54.1,0.0,0.0,0.0
2026-04-16 17:42:10,30.8,56.3,20.0,54.0,0.0,0.0,0.0
2026-04-16 17:42:15,30.8,56.3,56.3,54.0,0.0,0.0,0.0
2026-04-16 17:42:20,30.8,56.3,35.8,54.0,0.0,0.0,0.0
2026-04-16 17:42:25,30.7,56.5,58.6,54.0,0.0,0.0,0.0
2026-04-16 17:42:30,30.8,56.3,40.1,54.0,0.0,0.0,0.0
2026-04-16 17:42:35,30.8,56.3,27.4,54.0,0.0,0.0,0.0
2026-04-16 17:42:40,30.8,56.3,45.0,54.1,0.0,0.0,0.0
2026-04-16 17:42:45,30.6,56.4,46.4,54.1,0.0,0.0,0.0
2026-04-16 17:42:50,30.8,56.3,51.9,54.1,0.0,0.0,0.0
2026-04-16 17:42:55,30.8,56.2,37.5,54.1,0.0,0.0,0.0
2026-04-16 17:43:00,30.8,56.2,35.4,54.0,0.0,0.0,0.0
2026-04-16 17:43:05,30.7,56.2,48.6,54.0,0.0,0.0,0.0
2026-04-16 17:43:10,30.7,56.2,35.4,54.0,0.0,0.0,0.0
2026-04-16 17:43:15,30.8,56.1,55.9,54.0,0.0,0.0,0.0
2026-04-16 17:43:20,30.7,55.9,9.9,54.0,0.0,0.0,0.0
2026-04-16 17:43:25,30.7,55.9,57.0,54.1,0.0,0.0,0.0
2026-04-16 17:43:30,30.8,55.9,55.0,54.1,0.0,0.0,0.0
2026-04-16 17:43:35,30.7,55.7,39.7,54.1,0.0,0.0,0.0
2026-04-16 17:43:40,30.7,55.8,43.1,54.0,0.0,0.0,0.0
2026-04-16 17:43:45,30.7,55.8,44.8,54.0,0.0,0.0,0.0
2026-04-16 17:43:50,30.7,55.9,28.4,54.0,0.0,0.0,0.0
2026-04-16 17:43:55,30.6,55.8,29.7,54.0,0.0,0.0,0.0
2026-04-16 17:44:00,30.9,56.0,41.1,54.0,0.0,0.0,0.0
2026-04-16 17:44:05,30.8,56.0,47.0,54.1,0.0,0.0,0.0
2026-04-16 17:44:10,30.7,56.1,48.5,54.1,0.0,0.0,0.0
2026-04-16 17:44:15,30.7,56.0,24.6,54.0,0.0,0.0,0.0
2026-04-16 17:44:20,30.7,56.0,44.2,54.0,0.0,0.0,0.0
2026-04-16 17:44:25,30.8,56.1,49.1,54.0,0.0,0.0,0.0
2026-04-16 17:44:30,30.6,56.1,23.0,54.0,0.0,0.0,0.0
2026-04-16 17:44:35,30.7,56.2,37.9,54.0,0.0,0.0,0.0
2026-04-16 17:44:40,30.7,56.2,41.7,54.0,0.0,0.0,0.0
2026-04-16 17:44:45,30.7,56.3,34.4,54.0,0.0,0.0,0.0
2026-04-16 17:44:50,30.7,56.3,54.9,54.0,0.0,0.0,0.0
2026-04-16 17:44:55,30.8,56.3,22.8,54.0,0.0,0.0,0.0
2026-04-16 17:45:00,30.8,56.3,18.9,54.0,0.0,0.0,0.0
2026-04-16 17:45:05,30.6,56.3,28.4,54.0,0.0,0.0,0.0
2026-04-16 17:45:10,30.7,56.3,44.1,54.0,0.0,0.0,0.0
2026-04-16 17:45:15,30.8,56.4,42.9,54.0,0.0,0.0,0.0
2026-04-16 17:45:20,30.7,56.3,33.2,54.0,0.0,0.0,0.0
2026-04-16 17:45:25,30.6,56.1,42.7,54.0,0.0,0.0,0.0
2026-04-16 17:45:30,30.7,56.1,48.3,54.0,0.0,0.0,0.0
2026-04-16 17:45:35,30.7,56.1,50.7,54.0,0.0,0.0,0.0
2026-04-16 17:45:40,30.6,56.1,56.1,54.0,0.0,0.0,0.0
2026-04-16 17:45:45,30.8,55.9,38.7,54.0,0.0,0.0,0.0
2026-04-16 17:45:50,30.5,56.0,27.0,54.0,0.0,0.0,0.0
2026-04-16 17:45:55,30.6,55.9,32.3,54.0,0.0,0.0,0.0
2026-04-16 17:46:00,30.9,56.0,30.1,54.0,0.0,0.0,0.0
2026-04-16 17:46:05,30.7,56.1,58.0,54.0,0.0,0.0,0.0
2026-04-16 17:46:10,30.9,56.0,28.2,54.1,0.0,0.0,0.0
2026-04-16 17:46:15,30.6,56.1,45.0,54.1,0.0,0.0,0.0
2026-04-16 17:46:20,30.7,56.2,48.3,54.0,0.0,0.0,0.0
2026-04-16 17:46:25,30.8,56.0,45.8,54.0,0.0,0.0,0.0
2026-04-16 17:46:30,30.8,56.1,33.7,54.0,0.0,0.0,0.0
2026-04-16 17:46:35,30.9,56.1,23.0,54.0,0.0,0.0,0.0
2026-04-16 17:46:40,30.7,56.2,43.3,54.0,0.0,0.0,0.0
2026-04-16 17:46:45,30.8,56.2,30.6,54.0,0.0,0.0,0.0
2026-04-16 17:46:50,30.7,56.2,34.1,54.0,0.0,0.0,0.0
2026-04-16 17:46:55,30.7,56.3,38.1,54.0,0.0,0.0,0.0
2026-04-16 17:47:00,30.7,56.3,23.1,54.0,0.0,0.0,0.0
2026-04-16 17:47:05,30.9,56.2,22.5,54.0,0.0,0.0,0.0
2026-04-16 17:47:10,30.7,56.2,37.4,54.0,0.0,0.0,0.0
2026-04-16 17:47:15,30.7,56.2,30.9,54.0,0.0,0.0,0.0
2026-04-16 17:47:20,30.7,56.4,33.9,54.0,0.0,0.0,0.0
2026-04-16 17:47:25,30.8,56.4,40.4,54.0,0.0,0.0,0.0
2026-04-16 17:47:30,30.7,56.3,33.2,54.0,0.0,0.0,0.0
2026-04-16 17:47:35,30.7,56.4,47.1,54.1,0.0,0.0,0.0
2026-04-16 17:47:40,30.7,56.4,33.4,54.1,0.0,0.0,0.0
2026-04-16 17:47:45,30.7,56.4,29.1,54.1,0.0,0.0,0.0
2026-04-16 17:47:50,30.8,56.5,48.3,54.1,0.0,0.0,0.0
2026-04-16 17:47:55,30.9,56.5,37.2,54.1,0.0,0.0,0.0
2026-04-16 17:48:00,30.8,56.6,35.0,54.1,0.0,0.0,0.0
2026-04-16 17:48:05,30.7,56.6,32.1,54.1,0.0,0.0,0.0
2026-04-16 17:48:10,30.7,56.5,30.9,54.0,0.0,0.0,0.0
2026-04-16 17:48:15,30.7,56.5,31.5,54.0,0.0,0.0,0.0
2026-04-16 17:48:20,30.8,56.5,39.3,54.0,0.0,0.0,0.0
2026-04-16 17:48:25,30.8,56.6,43.3,54.0,0.0,0.0,0.0
2026-04-16 17:48:30,30.8,56.6,27.0,54.0,0.0,0.0,0.0
2026-04-16 17:48:35,30.8,56.6,38.8,54.0,0.0,0.0,0.0
2026-04-16 17:48:40,30.7,56.6,38.7,54.0,0.0,0.0,0.0
2026-04-16 17:48:45,30.8,56.5,16.4,54.0,0.0,0.0,0.0
2026-04-16 17:48:50,30.9,56.6,27.6,54.0,0.0,0.0,0.0
2026-04-16 17:48:55,30.6,56.6,23.1,54.0,0.0,0.0,0.0
2026-04-16 17:49:00,30.7,56.6,24.2,54.0,0.0,0.0,0.0
2026-04-16 17:49:05,30.8,56.6,28.6,54.0,0.0,0.0,0.0
2026-04-16 17:49:10,30.8,56.6,32.1,54.0,0.0,0.0,0.0
2026-04-16 17:49:15,30.8,56.6,27.0,54.0,0.0,0.0,0.0
2026-04-16 17:49:20,30.8,56.6,27.7,54.0,0.0,0.0,0.0
2026-04-16 17:49:25,30.7,56.6,36.3,54.0,0.0,0.0,0.0
2026-04-16 17:49:30,30.8,56.6,24.3,54.0,0.0,0.0,0.0
2026-04-16 17:49:35,30.6,56.6,28.4,54.0,0.0,0.0,0.0
2026-04-16 17:49:40,30.5,56.6,31.3,54.0,0.0,0.0,0.0
2026-04-16 17:49:45,30.7,56.7,23.0,54.0,0.0,0.0,0.0
2026-04-16 17:49:50,30.7,56.7,34.3,54.0,0.0,0.0,0.0
2026-04-16 17:49:55,30.8,56.9,28.3,54.0,0.0,0.0,0.0
2026-04-16 17:50:00,30.7,56.9,29.8,54.0,0.0,0.0,0.0
2026-04-16 17:50:05,30.6,56.9,21.9,54.0,0.0,0.0,0.0
2026-04-16 17:50:10,30.9,57.0,19.2,54.0,0.0,0.0,0.0
2026-04-16 17:50:15,30.5,57.1,30.5,54.0,0.0,0.0,0.0
2026-04-16 17:50:20,30.6,57.1,32.2,54.0,0.0,0.0,0.0
2026-04-16 17:50:25,30.7,57.0,14.0,54.0,0.0,0.0,0.0
2026-04-16 17:50:30,30.7,57.0,36.3,54.0,0.0,0.0,0.0
2026-04-16 17:50:35,30.7,57.0,17.7,54.0,0.0,0.0,0.0
2026-04-16 17:50:40,30.7,57.1,15.8,54.0,0.0,0.0,0.0
2026-04-16 17:50:45,30.7,57.1,25.1,54.0,0.0,0.0,0.0
2026-04-16 17:50:50,30.8,57.1,37.0,54.0,0.0,0.0,0.0
2026-04-16 17:50:55,30.7,57.0,16.7,54.0,0.0,0.0,0.0
2026-04-16 17:51:00,30.6,57.0,32.2,54.0,0.0,0.0,0.0
2026-04-16 17:51:05,30.6,56.9,37.6,54.0,0.0,0.0,0.0
2026-04-16 17:51:10,30.6,57.0,14.8,54.0,0.0,0.0,0.0
2026-04-16 17:51:15,30.7,57.0,29.4,54.0,0.0,0.0,0.0
2026-04-16 17:51:20,30.7,57.0,38.3,54.0,0.0,0.0,0.0
2026-04-16 17:51:25,30.7,57.1,25.5,54.0,0.0,0.0,0.0
2026-04-16 17:51:30,30.7,57.0,8.7,54.0,0.0,0.0,0.0
2026-04-16 17:51:35,30.7,56.9,10.3,54.0,0.0,0.0,0.0
2026-04-16 17:51:40,30.7,57.0,18.0,54.0,0.0,0.0,0.0
2026-04-16 17:51:45,30.6,57.1,32.6,54.0,0.0,0.0,0.0
2026-04-16 17:51:50,30.8,57.2,17.6,54.0,0.0,0.0,0.0
2026-04-16 17:51:55,30.7,57.2,20.5,54.0,0.0,0.0,0.0
2026-04-16 17:52:00,30.8,57.2,13.9,54.0,0.0,0.0,0.0
2026-04-16 17:52:05,30.6,57.4,52.6,54.0,0.0,0.0,0.0
2026-04-16 17:52:10,30.6,57.4,26.2,54.0,0.0,0.0,0.0
2026-04-16 17:52:15,30.7,57.3,5.8,54.0,0.0,0.0,0.0
2026-04-16 17:52:20,30.7,57.4,24.3,54.0,0.0,0.0,0.0
2026-04-16 17:52:25,30.6,57.4,15.5,54.0,0.0,0.0,0.0
2026-04-16 17:52:30,30.6,57.5,25.9,54.0,0.0,0.0,0.0
2026-04-16 17:52:35,30.7,57.5,15.1,54.0,0.0,0.0,0.0
2026-04-16 17:52:40,30.5,57.6,21.9,54.0,0.0,0.0,0.0
2026-04-16 17:52:45,30.7,57.6,21.3,54.0,0.0,0.0,0.0
2026-04-16 17:52:50,30.7,57.7,28.2,54.0,0.0,0.0,0.0
2026-04-16 17:52:55,30.7,57.6,4.8,54.0,0.0,0.0,0.0
2026-04-16 17:53:00,30.7,57.5,39.2,54.0,0.0,0.0,0.0
2026-04-16 17:53:05,30.6,57.4,25.7,54.1,0.0,0.0,0.0
2026-04-16 17:53:10,30.7,57.4,25.2,54.1,0.0,0.0,0.0
2026-04-16 17:53:15,30.6,57.4,18.0,54.0,0.0,0.0,0.0
2026-04-16 17:53:20,30.8,57.4,21.1,54.0,0.0,0.0,0.0
2026-04-16 17:53:25,30.6,57.4,28.3,54.0,0.0,0.0,0.0
2026-04-16 17:53:30,30.8,57.3,28.2,54.0,0.0,0.0,0.0
2026-04-16 17:53:35,30.6,57.3,7.8,54.0,0.0,0.0,0.0
2026-04-16 17:53:40,30.6,57.3,29.0,54.0,0.0,0.0,0.0
2026-04-16 17:53:45,30.7,57.1,30.8,54.0,0.0,0.0,0.0
2026-04-16 17:53:50,30.7,57.2,26.6,54.0,0.0,0.0,0.0
2026-04-16 17:53:55,30.5,57.2,20.7,54.0,0.0,0.0,0.0
2026-04-16 17:54:00,30.7,57.3,16.6,54.0,0.0,0.0,0.0
2026-04-16 17:54:05,30.7,57.2,59.0,54.0,0.0,0.0,0.0
2026-04-16 17:54:10,30.7,57.2,9.4,54.0,0.0,0.0,0.0
2026-04-16 17:54:15,30.8,57.3,2.4,54.0,0.0,0.0,0.0
2026-04-16 17:54:20,30.6,57.3,3.9,54.0,0.0,0.0,0.0
2026-04-16 17:54:25,30.8,57.4,26.3,54.0,0.0,0.0,0.0
2026-04-16 17:54:30,30.7,57.3,38.3,54.0,0.0,0.0,0.0
2026-04-16 17:54:35,30.5,57.3,15.1,54.0,0.0,0.0,0.0
2026-04-16 17:54:40,30.6,57.4,18.5,54.0,0.0,0.0,0.0
2026-04-16 17:54:45,30.7,57.4,40.5,54.0,0.0,0.0,0.0
2026-04-16 17:54:50,30.6,57.4,24.6,54.0,0.0,0.0,0.0
2026-04-16 17:54:55,30.7,57.4,31.3,54.0,0.0,0.0,0.0
2026-04-16 17:55:00,30.6,57.5,18.0,54.0,0.0,0.0,0.0
2026-04-16 17:55:05,30.7,57.5,20.7,54.0,0.0,0.0,0.0
2026-04-16 17:55:10,30.7,57.6,18.4,54.0,0.0,0.0,0.0
2026-04-16 17:55:15,30.6,57.7,21.6,54.0,0.0,0.0,0.0
2026-04-16 17:55:20,30.5,57.6,23.2,54.0,0.0,0.0,0.0
2026-04-16 17:55:25,30.7,57.6,31.9,54.0,0.0,0.0,0.0
2026-04-16 17:55:30,30.6,57.6,10.2,54.0,0.0,0.0,0.0
2026-04-16 17:55:35,30.6,57.4,17.2,54.0,0.0,0.0,0.0
2026-04-16 17:55:40,30.7,57.5,25.2,54.0,0.0,0.0,0.0
2026-04-16 17:55:45,30.5,57.6,8.3,54.0,0.0,0.0,0.0
2026-04-16 17:55:50,30.6,57.6,12.8,54.0,0.0,0.0,0.0
2026-04-16 17:55:55,30.6,57.4,7.6,54.0,0.0,0.0,0.0
2026-04-16 17:56:00,30.6,57.5,8.0,54.0,0.0,0.0,0.0
2026-04-16 17:56:05,30.6,57.7,17.9,54.0,0.0,0.0,0.0
2026-04-16 17:56:10,30.7,57.7,12.1,54.0,0.0,0.0,0.0
2026-04-16 17:56:15,30.6,57.7,14.4,54.0,0.0,0.0,0.0
2026-04-16 17:56:20,30.7,57.7,18.3,54.0,0.0,0.0,0.0
2026-04-16 17:56:25,30.4,57.8,31.5,54.0,0.0,0.0,0.0
2026-04-16 17:56:30,30.5,57.9,16.0,54.0,0.0,0.0,0.0
2026-04-16 17:56:35,30.5,57.9,9.9,54.0,0.0,0.0,0.0
2026-04-16 17:56:40,30.5,58.1,23.1,54.0,0.0,0.0,0.0
2026-04-16 17:56:45,30.6,58.0,12.3,54.0,0.0,0.0,0.0
2026-04-16 17:56:50,30.6,57.9,17.5,54.0,0.0,0.0,0.0
2026-04-16 17:56:55,30.6,58.0,17.8,54.0,0.0,0.0,0.0
2026-04-16 17:57:00,30.6,57.9,13.9,54.0,0.0,0.0,0.0
2026-04-16 17:57:05,30.5,58.0,14.5,54.0,0.0,0.0,0.0
2026-04-16 17:57:10,30.6,57.8,29.5,54.0,0.0,0.0,0.0
2026-04-16 17:57:15,30.6,57.7,18.7,54.0,0.0,0.0,0.0
2026-04-16 17:57:20,30.7,57.6,14.7,54.0,0.0,0.0,0.0
2026-04-16 17:57:25,30.6,57.6,15.3,54.0,0.0,0.0,0.0
2026-04-16 17:57:30,30.8,57.5,3.9,54.0,0.0,0.0,0.0
2026-04-16 17:57:35,30.6,57.5,34.5,54.0,0.0,0.0,0.0
2026-04-16 17:57:40,30.6,57.5,10.6,54.0,0.0,0.0,0.0
2026-04-16 17:57:45,30.7,57.7,0.0,54.0,0.0,0.0,0.0
2026-04-16 17:57:50,30.6,57.7,29.2,54.0,0.0,0.0,0.0
2026-04-16 17:57:55,30.5,57.6,24.6,54.0,0.0,0.0,0.0
2026-04-16 17:58:00,30.5,57.6,18.1,54.0,0.0,0.0,0.0
2026-04-16 17:58:05,30.6,57.7,22.9,54.0,0.0,0.0,0.0
2026-04-16 17:58:10,30.6,57.9,36.5,54.0,0.0,0.0,0.0
2026-04-16 17:58:15,30.6,57.9,15.5,54.0,0.0,0.0,0.0
2026-04-16 17:58:20,30.6,57.9,16.2,54.0,0.0,0.0,0.0
2026-04-16 17:58:25,30.7,57.8,23.4,54.0,0.0,0.0,0.0
2026-04-16 17:58:30,30.6,57.9,16.0,54.0,0.0,0.0,0.0
2026-04-16 17:58:35,30.7,57.9,19.1,54.0,0.0,0.0,0.0
2026-04-16 17:58:40,30.6,58.1,20.8,54.0,0.0,0.0,0.0
2026-04-16 17:58:45,30.6,58.1,10.3,54.0,0.0,0.0,0.0
2026-04-16 17:58:50,30.7,58.0,11.6,54.0,0.0,0.0,0.0
2026-04-16 17:58:55,30.6,58.1,8.5,54.0,0.0,0.0,0.0
2026-04-16 17:59:00,30.5,58.0,22.8,54.0,0.0,0.0,0.0
2026-04-16 17:59:05,30.8,57.9,25.5,54.0,0.0,0.0,0.0
2026-04-16 17:59:10,30.5,57.9,17.9,54.0,0.0,0.0,0.0
2026-04-16 17:59:15,30.5,57.9,10.9,54.0,0.0,0.0,0.0
2026-04-16 17:59:20,30.6,57.9,13.3,54.0,0.0,0.0,0.0
2026-04-16 17:59:25,30.7,57.7,28.5,54.0,0.0,0.0,0.0
2026-04-16 17:59:30,30.6,57.8,10.8,54.0,0.0,0.0,0.0
2026-04-16 17:59:35,30.7,57.9,11.2,54.0,0.0,0.0,0.0
2026-04-16 17:59:40,30.5,57.8,21.2,54.0,0.0,0.0,0.0
2026-04-16 17:59:45,30.7,57.8,18.8,54.0,0.0,0.0,0.0
2026-04-16 17:59:50,30.5,57.7,13.7,54.0,0.0,0.0,0.0
2026-04-16 17:59:55,30.5,57.8,10.5,54.0,0.0,0.0,0.0
2026-04-16 18:00:00,30.6,57.7,22.9,54.0,0.0,0.0,0.0
2026-04-16 18:00:05,30.6,57.7,15.3,54.0,0.0,0.0,0.0
2026-04-16 18:00:10,30.6,57.8,22.4,54.0,0.0,0.0,0.0
2026-04-16 18:00:15,30.7,57.6,23.3,54.0,0.0,0.0,0.0
2026-04-16 18:00:20,30.6,57.5,13.1,54.0,0.0,0.0,0.0
2026-04-16 18:00:25,30.5,57.7,10.3,54.0,0.0,0.0,0.0
2026-04-16 18:00:30,30.5,57.8,12.1,54.0,0.0,0.0,0.0
2026-04-16 18:00:35,30.6,57.9,10.9,54.0,0.0,0.0,0.0
2026-04-16 18:00:40,30.5,57.9,6.5,54.0,0.0,0.0,0.0
2026-04-16 18:00:45,30.8,57.9,11.8,54.0,0.0,0.0,0.0
2026-04-16 18:00:50,30.5,57.9,8.6,54.0,0.0,0.0,0.0
2026-04-16 18:00:55,30.9,58.0,10.2,54.0,0.0,0.0,0.0
2026-04-16 18:01:00,30.7,58.0,20.0,54.0,0.0,0.0,0.0
2026-04-16 18:01:05,30.7,58.0,7.2,54.0,0.0,0.0,0.0
2026-04-16 18:01:10,30.6,57.9,37.0,54.0,0.0,0.0,0.0
2026-04-16 18:01:15,30.6,57.9,3.3,54.0,0.0,0.0,0.0
2026-04-16 18:01:20,30.7,58.0,3.7,54.0,0.0,0.0,0.0
2026-04-16 18:01:25,30.7,58.0,11.9,54.0,0.0,0.0,0.0
2026-04-16 18:01:30,30.6,58.2,1.1,54.0,0.0,0.0,0.0
2026-04-16 18:01:35,30.6,58.0,19.8,54.0,0.0,0.0,0.0
2026-04-16 18:01:40,30.6,58.0,9.6,54.0,0.0,0.0,0.0
2026-04-16 18:01:45,30.5,58.0,37.9,54.0,0.0,0.0,0.0
2026-04-16 18:01:50,30.6,58.1,6.5,54.0,0.0,0.0,0.0
2026-04-16 18:01:55,30.7,58.1,18.8,54.0,0.0,0.0,0.0
2026-04-16 18:02:00,30.6,57.9,25.2,54.0,0.0,0.0,0.0
2026-04-16 18:02:05,30.6,57.9,0.0,54.0,0.0,0.0,0.0
2026-04-16 18:02:10,30.6,58.0,27.0,54.0,0.0,0.0,0.0
2026-04-16 18:02:15,30.7,58.0,6.6,54.0,0.0,0.0,0.0
2026-04-16 18:02:20,30.5,58.0,18.4,54.0,0.0,0.0,0.0
2026-04-16 18:02:25,30.6,57.9,27.1,54.0,0.0,0.0,0.0
2026-04-16 18:02:30,30.6,57.9,13.5,54.0,0.0,0.0,0.0
2026-04-16 18:02:35,30.7,57.9,12.7,54.0,0.0,0.0,0.0
2026-04-16 18:02:40,30.6,57.8,41.5,54.0,0.0,0.0,0.0
2026-04-16 18:02:45,30.6,57.9,12.8,54.0,0.0,0.0,0.0
2026-04-16 18:02:50,30.8,57.8,27.9,54.0,0.0,0.0,0.0
2026-04-16 18:02:55,30.5,57.9,29.5,54.0,0.0,0.0,0.0
2026-04-16 18:03:00,30.7,57.9,7.8,54.0,0.0,0.0,0.0
2026-04-16 18:03:05,30.6,58.0,16.1,54.0,0.0,0.0,0.0
2026-04-16 18:03:10,30.6,58.0,16.8,54.0,0.0,0.0,0.0
2026-04-16 18:03:15,30.6,57.9,21.1,54.0,0.0,0.0,0.0
2026-04-16 18:03:20,30.6,57.9,20.3,54.0,0.0,0.0,0.0
2026-04-16 18:03:25,30.5,57.9,23.3,54.0,0.0,0.0,0.0
2026-04-16 18:03:30,30.6,57.8,23.9,54.0,0.0,0.0,0.0
2026-04-16 18:03:35,30.6,57.9,18.3,54.0,0.0,0.0,0.0
2026-04-16 18:03:40,30.6,57.8,0.9,54.0,0.0,0.0,0.0
2026-04-16 18:03:45,30.6,57.8,0.0,54.0,0.0,0.0,0.0
2026-04-16 18:03:50,30.6,57.9,5.0,54.0,0.0,0.0,0.0
2026-04-16 18:03:55,30.6,58.0,21.6,54.0,0.0,0.0,0.0
2026-04-16 18:04:00,30.6,58.0,13.2,54.0,0.0,0.0,0.0
2026-04-16 18:04:05,30.6,58.1,22.6,54.0,0.0,0.0,0.0
2026-04-16 18:04:10,30.5,58.0,0.0,54.0,0.0,0.0,0.0
2026-04-16 18:04:15,30.6,58.0,8.1,54.0,0.0,0.0,0.0
2026-04-16 18:04:20,30.5,57.9,11.8,54.0,0.0,0.0,0.0
2026-04-16 18:04:25,30.6,57.7,28.4,54.0,0.0,0.0,0.0
2026-04-16 18:04:30,30.6,57.8,15.0,54.0,0.0,0.0,0.0
2026-04-16 18:04:35,30.9,57.8,12.7,54.0,0.0,0.0,0.0
2026-04-16 18:04:40,30.7,57.7,13.5,54.0,0.0,0.0,0.0
2026-04-16 18:04:45,30.7,57.7,12.7,54.0,0.0,0.0,0.0
2026-04-16 18:04:50,30.6,57.8,12.2,54.0,0.0,0.0,0.0
2026-04-16 18:04:55,30.6,57.8,9.8,54.0,0.0,0.0,0.0
2026-04-16 18:05:00,30.6,57.7,35.4,54.0,0.0,0.0,0.0
2026-04-16 18:05:05,30.7,57.8,10.4,54.0,0.0,0.0,0.0
2026-04-16 18:05:10,30.7,57.7,18.5,54.0,0.0,0.0,0.0
2026-04-16 18:05:15,30.7,57.7,11.3,54.0,0.0,0.0,0.0
2026-04-16 18:05:20,30.6,57.7,11.1,54.0,0.0,0.0,0.0
2026-04-16 18:05:25,30.6,57.8,10.1,54.0,0.0,0.0,0.0
2026-04-16 18:05:30,30.5,57.7,6.7,54.0,0.0,0.0,0.0
2026-04-16 18:05:35,30.7,57.7,24.6,54.0,0.0,0.0,0.0
2026-04-16 18:05:40,30.6,57.7,16.4,54.0,0.0,0.0,0.0
2026-04-16 18:05:45,30.5,57.5,4.9,54.0,0.0,0.0,0.0
2026-04-16 18:05:50,30.6,57.5,12.1,54.0,0.0,0.0,0.0
2026-04-16 18:05:55,30.6,57.4,12.2,54.0,0.0,0.0,0.0
2026-04-16 18:06:00,30.5,57.4,4.9,54.0,0.0,0.0,0.0
2026-04-16 18:06:05,30.6,57.4,32.7,54.0,0.0,0.0,0.0
2026-04-16 18:06:10,30.7,57.4,17.3,54.0,0.0,0.0,0.0
2026-04-16 18:06:15,30.6,57.2,11.2,54.0,0.0,0.0,0.0
2026-04-16 18:06:20,30.7,57.3,17.1,54.0,0.0,0.0,0.0
2026-04-16 18:06:25,30.7,57.2,15.8,54.0,0.0,0.0,0.0
2026-04-16 18:06:30,30.6,57.4,27.4,54.0,0.0,0.0,0.0
2026-04-16 18:06:35,30.7,57.4,7.2,54.0,0.0,0.0,0.0
2026-04-16 18:06:40,30.6,57.4,14.1,54.0,0.0,0.0,0.0
2026-04-16 18:06:45,30.5,57.5,0.1,54.0,0.0,0.0,0.0
2026-04-16 18:06:50,30.6,57.7,16.0,54.0,0.0,0.0,0.0
2026-04-16 18:06:55,30.6,57.7,4.5,54.0,0.0,0.0,0.0
2026-04-16 18:07:00,30.5,57.7,23.6,54.0,0.0,0.0,0.0
2026-04-16 18:07:05,30.6,57.7,15.7,54.0,0.0,0.0,0.0
2026-04-16 18:07:10,30.7,57.6,29.8,54.0,0.0,0.0,0.0
2026-04-16 18:07:15,30.5,57.6,12.8,54.0,0.0,0.0,0.0
2026-04-16 18:07:20,30.5,57.7,3.7,54.0,0.0,0.0,0.0
2026-04-16 18:07:25,30.6,57.7,16.6,54.0,0.0,0.0,0.0
2026-04-16 18:07:30,30.5,57.6,23.6,54.0,0.0,0.0,0.0
2026-04-16 18:07:35,30.6,57.7,10.5,54.0,0.0,0.0,0.0
2026-04-16 18:07:40,30.6,57.7,6.4,54.0,0.0,0.0,0.0
2026-04-16 18:07:45,30.6,57.7,20.8,54.0,0.0,0.0,0.0
2026-04-16 18:07:50,30.5,57.7,8.5,54.0,0.0,0.0,0.0
2026-04-16 18:07:55,30.7,57.5,2.4,54.0,0.0,0.0,0.0
2026-04-16 18:08:00,30.6,57.5,10.5,54.0,0.0,0.0,0.0
2026-04-16 18:08:05,30.7,57.6,1.3,54.0,0.0,0.0,0.0
2026-04-16 18:08:10,30.7,57.5,7.2,54.0,0.0,0.0,0.0
2026-04-16 18:08:15,30.6,57.5,17.3,54.0,0.0,0.0,0.0
2026-04-16 18:08:20,30.6,57.6,14.0,54.0,0.0,0.0,0.0
2026-04-16 18:08:25,30.7,57.6,10.6,54.0,0.0,0.0,0.0
2026-04-16 18:08:30,30.5,57.7,10.8,54.0,0.0,0.0,0.0
2026-04-16 18:08:35,30.6,57.7,15.5,54.0,0.0,0.0,0.0
2026-04-16 18:08:40,30.6,57.8,9.2,54.0,0.0,0.0,0.0
2026-04-16 18:08:45,30.6,57.9,23.1,54.0,0.0,0.0,0.0
2026-04-16 18:08:50,30.5,58.0,7.6,54.0,0.0,0.0,0.0
2026-04-16 18:08:55,30.6,58.0,0.8,54.0,0.0,0.0,0.0
2026-04-16 18:09:00,30.6,58.1,7.6,54.0,0.0,0.0,0.0
2026-04-16 18:09:05,30.7,58.0,21.4,54.0,0.0,0.0,0.0
2026-04-16 18:09:10,30.7,58.0,20.1,54.0,0.0,0.0,0.0
2026-04-16 18:09:15,30.5,58.0,0.0,54.0,0.0,0.0,0.0
2026-04-16 18:09:20,30.7,57.9,36.3,54.0,0.0,0.0,0.0
2026-04-16 18:09:25,30.7,58.0,17.5,54.0,0.0,0.0,0.0
2026-04-16 18:09:30,30.6,58.0,17.7,54.0,0.0,0.0,0.0
2026-04-16 18:09:35,30.6,58.1,25.8,54.0,0.0,0.0,0.0
2026-04-16 18:09:40,30.6,58.0,21.5,54.0,0.0,0.0,0.0
2026-04-16 18:09:45,30.6,58.0,22.6,54.0,0.0,0.0,0.0
2026-04-16 18:09:50,30.5,58.2,9.1,54.0,0.0,0.0,0.0
2026-04-16 18:09:55,30.5,58.2,7.9,54.0,0.0,0.0,0.0
2026-04-16 18:10:00,30.6,58.2,9.3,54.0,0.0,0.0,0.0
2026-04-16 18:10:05,30.5,58.1,27.7,54.0,0.0,0.0,0.0
2026-04-16 18:10:10,30.6,58.1,26.3,53.9,0.0,0.0,0.0
2026-04-16 18:10:15,30.9,58.1,18.1,53.9,0.0,0.0,0.0
2026-04-16 18:10:20,30.6,58.0,23.3,53.9,0.0,0.0,0.0
2026-04-16 18:10:25,30.6,57.9,27.2,53.9,0.0,0.0,0.0
2026-04-16 18:10:30,30.5,58.0,14.4,53.9,0.0,0.0,0.0
2026-04-16 18:10:35,30.8,58.0,16.0,54.0,0.0,0.0,0.0
2026-04-16 18:10:40,30.7,57.9,34.5,54.0,0.0,0.0,0.0
2026-04-16 18:10:45,30.6,57.9,7.9,54.0,0.0,0.0,0.0
2026-04-16 18:10:50,30.6,57.8,14.2,54.0,0.0,0.0,0.0
2026-04-16 18:10:55,30.4,57.9,18.4,54.0,0.0,0.0,0.0
2026-04-16 18:11:00,30.6,58.0,7.1,54.0,0.0,0.0,0.0
2026-04-16 18:11:05,30.6,58.1,1.4,54.0,0.0,0.0,0.0
2026-04-16 18:11:10,30.6,58.2,28.7,54.0,0.0,0.0,0.0
2026-04-16 18:11:15,30.6,58.2,24.8,54.0,0.0,0.0,0.0
2026-04-16 18:11:20,30.6,58.2,9.1,54.0,0.0,0.0,0.0
2026-04-16 18:11:25,30.5,58.2,5.9,54.0,0.0,0.0,0.0
2026-04-16 18:11:30,30.6,58.3,6.9,54.0,0.0,0.0,0.0
2026-04-16 18:11:35,30.5,58.2,10.5,54.0,0.0,0.0,0.0
2026-04-16 18:11:40,30.5,58.1,15.5,54.0,0.0,0.0,0.0
2026-04-16 18:11:45,30.6,58.1,21.7,54.0,0.0,0.0,0.0
2026-04-16 18:11:50,30.6,58.2,19.1,54.0,0.0,0.0,0.0
2026-04-16 18:11:55,30.6,58.2,22.3,54.0,0.0,0.0,0.0
2026-04-16 18:12:00,30.4,58.0,15.3,54.0,0.0,0.0,0.0
2026-04-16 18:12:05,30.5,58.1,5.7,54.0,0.0,0.0,0.0
2026-04-16 18:12:10,30.5,58.1,13.0,54.0,0.0,0.0,0.0
2026-04-16 18:12:15,30.5,58.1,35.0,54.0,0.0,0.0,0.0
2026-04-16 18:12:20,30.5,58.1,39.0,54.0,0.0,0.0,0.0
2026-04-16 18:12:25,30.5,58.1,3.6,54.0,0.0,0.0,0.0
2026-04-16 18:12:30,30.8,57.9,13.6,54.0,0.0,0.0,0.0
2026-04-16 18:12:35,30.6,57.9,24.7,54.0,0.0,0.0,0.0
2026-04-16 18:12:40,30.7,57.9,14.5,54.0,0.0,0.0,0.0
2026-04-16 18:12:45,30.6,57.9,25.3,54.0,0.0,0.0,0.0
2026-04-16 18:12:50,30.6,58.0,0.1,54.0,0.0,0.0,0.0
2026-04-16 18:12:55,30.6,58.0,38.0,54.0,0.0,0.0,0.0
2026-04-16 18:13:00,30.5,58.1,14.0,54.0,0.0,0.0,0.0
2026-04-16 18:13:05,30.5,58.1,19.2,54.0,0.0,0.0,0.0
2026-04-16 18:13:10,30.5,58.2,3.5,54.0,0.0,0.0,0.0
2026-04-16 18:13:15,30.5,58.3,7.2,54.0,0.0,0.0,0.0
2026-04-16 18:13:20,30.6,58.3,8.2,54.0,0.0,0.0,0.0
2026-04-16 18:13:25,30.5,58.3,0.0,54.0,0.0,0.0,0.0
2026-04-16 18:13:30,30.5,58.3,8.2,54.0,0.0,0.0,0.0
2026-04-16 18:13:35,30.5,58.4,1.8,54.0,0.0,0.0,0.0
2026-04-16 18:13:40,30.6,58.4,9.1,54.0,0.0,0.0,0.0
2026-04-16 18:13:45,30.5,58.5,8.0,54.0,0.0,0.0,0.0
2026-04-16 18:13:50,30.6,58.5,0.3,53.9,0.0,0.0,0.0
2026-04-16 18:13:55,30.6,58.6,20.8,53.9,0.0,0.0,0.0
2026-04-16 18:14:00,30.7,58.6,0.0,54.0,0.0,0.0,0.0
2026-04-16 18:14:05,30.5,58.7,4.4,54.0,0.0,0.0,0.0
2026-04-16 18:14:10,30.6,58.6,41.2,54.0,0.0,0.0,0.0
2026-04-16 18:14:15,30.6,58.6,20.4,54.0,0.0,0.0,0.0
2026-04-16 18:14:20,30.4,58.5,20.7,54.0,0.0,0.0,0.0
2026-04-16 18:14:25,30.5,58.6,9.6,54.0,0.0,0.0,0.0
2026-04-16 18:14:30,30.5,58.8,0.0,54.0,0.0,0.0,0.0
2026-04-16 18:14:35,30.5,58.6,9.9,54.0,0.0,0.0,0.0
2026-04-16 18:14:40,30.6,58.6,4.8,54.0,0.0,0.0,0.0
2026-04-16 18:14:45,30.6,58.5,21.9,54.0,0.0,0.0,0.0
2026-04-16 18:14:50,30.6,58.4,6.0,54.0,0.0,0.0,0.0
2026-04-16 18:14:55,30.6,58.5,29.0,54.0,0.0,0.0,0.0
2026-04-16 18:15:00,30.5,58.5,0.0,54.0,0.0,0.0,0.0
2026-04-16 18:15:05,30.7,58.5,19.5,54.0,0.0,0.0,0.0
2026-04-16 18:15:10,30.7,58.4,11.5,54.0,0.0,0.0,0.0
2026-04-16 18:15:15,30.7,58.3,7.1,54.0,0.0,0.0,0.0
2026-04-16 18:15:20,30.6,58.3,17.8,54.0,0.0,0.0,0.0
2026-04-16 18:15:25,30.5,58.2,15.3,54.0,0.0,0.0,0.0
2026-04-16 18:15:30,30.6,58.2,32.1,54.0,0.0,0.0,0.0
2026-04-16 18:15:35,30.6,58.2,21.4,54.0,0.0,0.0,0.0
2026-04-16 18:15:40,30.5,58.3,2.1,54.0,0.0,0.0,0.0
2026-04-16 18:15:45,30.6,58.3,13.5,54.0,0.0,0.0,0.0
2026-04-16 18:15:50,30.5,58.5,2.9,54.0,0.0,0.0,0.0
2026-04-16 18:15:55,30.5,58.4,17.8,54.0,0.0,0.0,0.0
2026-04-16 18:16:00,30.6,58.3,9.4,54.0,0.0,0.0,0.0
2026-04-16 18:16:05,30.6,58.4,14.5,54.0,0.0,0.0,0.0
2026-04-16 18:16:10,30.7,58.2,8.9,54.0,0.0,0.0,0.0
2026-04-16 18:16:15,30.6,58.2,35.2,54.0,0.0,0.0,0.0
2026-04-16 18:16:20,30.5,58.4,15.9,54.0,0.0,0.0,0.0
2026-04-16 18:16:25,30.5,58.4,28.3,54.0,0.0,0.0,0.0
2026-04-16 18:16:30,30.5,58.2,0.0,54.0,0.0,0.0,0.0
2026-04-16 18:16:35,30.4,58.2,21.1,54.0,0.0,0.0,0.0
2026-04-16 18:16:40,30.4,58.2,18.0,54.0,0.0,0.0,0.0
2026-04-16 18:16:45,30.6,58.2,20.2,54.0,0.0,0.0,0.0
2026-04-16 18:16:50,30.5,58.2,21.1,53.9,0.0,0.0,0.0
2026-04-16 18:16:55,30.5,58.2,9.3,53.9,0.0,0.0,0.0
2026-04-16 18:17:00,30.4,58.2,23.0,53.9,0.0,0.0,0.0
2026-04-16 18:17:05,30.6,58.3,13.1,54.0,0.0,0.0,0.0
2026-04-16 18:17:10,30.4,58.2,17.9,54.0,0.0,0.0,0.0
2026-04-16 18:17:15,30.6,58.3,25.5,54.0,0.0,0.0,0.0
2026-04-16 18:17:20,30.5,58.1,14.9,54.0,0.0,0.0,0.0
2026-04-16 18:17:25,30.8,58.1,21.6,54.0,0.0,0.0,0.0
2026-04-16 18:17:30,30.5,58.0,18.8,54.0,0.0,0.0,0.0
2026-04-16 18:17:35,30.6,58.1,14.5,54.0,0.0,0.0,0.0
2026-04-16 18:17:40,30.5,58.0,21.7,54.0,0.0,0.0,0.0
2026-04-16 18:17:45,30.3,58.1,13.1,54.0,0.0,0.0,0.0
2026-04-16 18:17:50,30.4,57.9,11.9,54.0,0.0,0.0,0.0
2026-04-16 18:17:55,30.6,58.0,3.0,54.0,0.0,0.0,0.0
2026-04-16 18:18:00,30.4,58.0,21.2,54.0,0.0,0.0,0.0
2026-04-16 18:18:05,30.6,57.9,9.1,53.9,0.0,0.0,0.0
2026-04-16 18:18:10,30.6,57.9,15.5,53.9,0.0,0.0,0.0
2026-04-16 18:18:15,30.4,57.9,24.3,53.9,0.0,0.0,0.0
2026-04-16 18:18:20,30.5,57.9,9.0,53.9,0.0,0.0,0.0
2026-04-16 18:18:25,30.6,57.9,4.8,53.9,0.0,0.0,0.0
2026-04-16 18:18:30,30.7,57.8,5.2,54.0,0.0,0.0,0.0
2026-04-16 18:18:35,30.5,57.8,25.9,54.0,0.0,0.0,0.0
2026-04-16 18:18:40,30.5,57.8,19.9,53.9,0.0,0.0,0.0
2026-04-16 18:18:45,30.5,57.8,18.8,53.9,0.0,0.0,0.0
2026-04-16 18:18:50,30.6,57.8,6.6,53.9,0.0,0.0,0.0
2026-04-16 18:18:55,30.5,57.9,27.0,53.9,0.0,0.0,0.0
2026-04-16 18:19:00,30.5,58.1,6.7,53.9,0.0,0.0,0.0
2026-04-16 18:19:05,30.6,58.1,25.3,54.0,0.0,0.0,0.0
2026-04-16 18:19:10,30.5,58.2,0.7,54.0,0.0,0.0,0.0
2026-04-16 18:19:15,30.6,58.1,3.1,54.0,0.0,0.0,0.0
2026-04-16 18:19:20,30.5,58.2,12.5,54.0,0.0,0.0,0.0
2026-04-16 18:19:25,30.3,58.1,34.0,53.9,0.0,0.0,0.0
2026-04-16 18:19:30,30.5,58.1,6.9,53.9,0.0,0.0,0.0
2026-04-16 18:19:35,30.3,58.2,24.2,53.9,0.0,0.0,0.0
2026-04-16 18:19:40,30.5,58.1,32.1,53.9,0.0,0.0,0.0
2026-04-16 18:19:45,30.5,58.1,16.3,54.0,0.0,0.0,0.0
2026-04-16 18:19:50,30.5,58.1,12.3,54.0,0.0,0.0,0.0
2026-04-16 18:19:55,30.6,58.3,9.1,53.9,0.0,0.0,0.0
2026-04-16 18:20:00,30.4,58.3,18.9,53.9,0.0,0.0,0.0
2026-04-16 18:20:05,30.6,58.3,3.4,53.9,0.0,0.0,0.0
2026-04-16 18:20:10,30.5,58.4,29.6,53.9,0.0,0.0,0.0
2026-04-16 18:20:15,30.5,58.5,14.3,53.9,0.0,0.0,0.0
2026-04-16 18:20:20,30.5,58.5,21.0,53.9,0.0,0.0,0.0
2026-04-16 18:20:25,30.5,58.6,14.6,53.9,0.0,0.0,0.0
2026-04-16 18:20:30,30.6,58.6,5.8,53.9,0.0,0.0,0.0
2026-04-16 18:20:35,30.6,58.6,18.4,53.9,0.0,0.0,0.0
2026-04-16 18:20:40,30.5,58.5,2.5,53.9,0.0,0.0,0.0
2026-04-16 18:20:45,30.5,58.6,29.5,53.9,0.0,0.0,0.0
2026-04-16 18:20:50,30.6,58.5,18.5,54.0,0.0,0.0,0.0
2026-04-16 18:20:55,30.6,58.6,11.4,54.0,0.0,0.0,0.0
2026-04-16 18:21:00,30.7,58.6,16.6,54.0,0.0,0.0,0.0
2026-04-16 18:21:05,30.6,58.6,17.0,54.0,0.0,0.0,0.0
2026-04-16 18:21:10,30.6,58.6,12.0,54.0,0.0,0.0,0.0
2026-04-16 18:21:15,30.6,58.5,11.8,53.9,0.0,0.0,0.0
2026-04-16 18:21:20,30.6,58.6,17.4,53.9,0.0,0.0,0.0
2026-04-16 18:21:25,30.7,58.6,7.9,53.9,0.0,0.0,0.0
2026-04-16 18:21:30,30.5,58.7,29.5,53.9,0.0,0.0,0.0
2026-04-16 18:21:35,30.5,58.8,33.7,54.0,0.0,0.0,0.0
2026-04-16 18:21:40,30.7,58.9,14.7,54.0,0.0,0.0,0.0
2026-04-16 18:21:45,30.8,58.8,9.4,53.9,0.0,0.0,0.0
2026-04-16 18:21:50,30.5,58.8,11.7,53.9,0.0,0.0,0.0
2026-04-16 18:21:55,30.5,58.7,15.0,53.9,0.0,0.0,0.0
2026-04-16 18:22:00,30.7,58.8,22.6,53.9,0.0,0.0,0.0
2026-04-16 18:22:05,30.7,58.7,5.7,53.9,0.0,0.0,0.0
2026-04-16 18:22:10,30.6,58.7,19.8,54.0,0.0,0.0,0.0
2026-04-16 18:22:15,30.5,58.7,6.8,54.0,0.0,0.0,0.0
2026-04-16 18:22:20,30.4,58.8,21.5,53.9,0.0,0.0,0.0
2026-04-16 18:22:25,30.4,58.9,42.3,53.9,0.0,0.0,0.0
2026-04-16 18:22:30,30.6,59.0,29.4,53.9,0.0,0.0,0.0
2026-04-16 18:22:35,30.7,59.0,3.3,53.9,0.0,0.0,0.0
2026-04-16 18:22:40,30.6,59.0,10.6,53.9,0.0,0.0,0.0
2026-04-16 18:22:45,30.6,59.1,39.6,53.9,0.0,0.0,0.0
2026-04-16 18:22:50,30.6,59.0,21.8,53.9,0.0,0.0,0.0
2026-04-16 18:22:55,30.6,58.9,16.8,53.9,0.0,0.0,0.0
2026-04-16 18:23:00,30.6,58.9,32.4,53.9,0.0,0.0,0.0
2026-04-16 18:23:05,30.4,58.7,19.1,53.9,0.0,0.0,0.0
2026-04-16 18:23:10,30.5,58.6,14.9,54.0,0.0,0.0,0.0
2026-04-16 18:23:15,30.6,58.6,35.8,54.0,0.0,0.0,0.0
2026-04-16 18:23:20,30.5,58.6,30.6,54.0,0.0,0.0,0.0
2026-04-16 18:23:25,30.5,58.5,29.5,54.0,0.0,0.0,0.0
2026-04-16 18:23:30,30.6,58.7,12.1,54.0,0.0,0.0,0.0
2026-04-16 18:23:35,30.7,58.6,7.2,54.0,0.0,0.0,0.0
2026-04-16 18:23:40,30.7,58.6,14.1,54.0,0.0,0.0,0.0
2026-04-16 18:23:45,30.5,58.7,14.2,54.0,0.0,0.0,0.0
2026-04-16 18:23:50,30.6,58.8,4.1,54.0,0.0,0.0,0.0
2026-04-16 18:23:55,30.6,58.7,18.3,54.0,0.0,0.0,0.0
2026-04-16 18:24:00,30.6,58.6,6.9,54.0,0.0,0.0,0.0
2026-04-16 18:24:05,30.6,58.5,14.4,54.0,0.0,0.0,0.0
2026-04-16 18:24:10,30.5,58.5,11.6,53.9,0.0,0.0,0.0
2026-04-16 18:24:15,30.5,58.5,27.0,53.9,0.0,0.0,0.0
2026-04-16 18:24:20,30.7,58.4,21.4,53.9,0.0,0.0,0.0
2026-04-16 18:24:25,30.5,58.3,29.9,54.0,0.0,0.0,0.0
2026-04-16 18:24:30,30.7,58.2,7.2,54.0,0.0,0.0,0.0
2026-04-16 18:24:35,30.6,58.1,14.9,54.0,0.0,0.0,0.0
2026-04-16 18:24:40,30.6,58.2,9.0,54.0,0.0,0.0,0.0
2026-04-16 18:24:45,30.5,58.2,33.9,54.0,0.0,0.0,0.0
2026-04-16 18:24:50,30.6,58.2,0.0,54.0,0.0,0.0,0.0
2026-04-16 18:24:55,30.7,58.1,16.8,54.0,0.0,0.0,0.0
2026-04-16 18:25:00,30.5,58.2,6.7,54.0,0.0,0.0,0.0
2026-04-16 18:25:05,30.7,58.2,20.1,54.0,0.0,0.0,0.0
2026-04-16 18:25:10,30.6,58.2,0.0,54.0,0.0,0.0,0.0
2026-04-16 18:25:15,30.6,58.2,28.0,54.0,0.0,0.0,0.0
2026-04-16 18:25:20,30.7,58.2,0.0,54.0,0.0,0.0,0.0
2026-04-16 18:25:25,30.5,58.2,0.0,54.0,0.0,0.0,0.0
2026-04-16 18:25:30,30.5,58.3,1.5,54.0,0.0,0.0,0.0
2026-04-16 18:25:35,30.5,58.4,0.0,54.0,0.0,0.0,0.0
2026-04-16 18:25:40,30.6,58.3,10.7,54.0,0.0,0.0,0.0
2026-04-16 18:25:45,30.6,58.3,27.0,53.9,0.0,0.0,0.0
2026-04-16 18:25:50,30.6,58.2,15.8,53.9,0.0,0.0,0.0
2026-04-16 18:25:55,30.6,58.2,9.9,53.9,0.0,0.0,0.0
2026-04-16 18:26:00,30.5,58.1,0.6,53.9,0.0,0.0,0.0
2026-04-16 18:26:05,30.5,58.0,23.5,53.9,0.0,0.0,0.0
2026-04-16 18:26:10,30.7,58.0,3.4,53.9,0.0,0.0,0.0
2026-04-16 18:26:15,30.8,58.0,6.6,53.9,0.0,0.0,0.0
2026-04-16 18:26:20,30.5,58.1,13.7,53.9,0.0,0.0,0.0
2026-04-16 18:26:25,30.6,58.0,6.5,53.9,0.0,0.0,0.0
2026-04-16 18:26:30,30.7,58.0,11.8,53.9,0.0,0.0,0.0
2026-04-16 18:26:35,30.6,58.1,22.3,53.9,0.0,0.0,0.0
2026-04-16 18:26:40,30.6,58.1,2.9,53.9,0.0,0.0,0.0
2026-04-16 18:26:45,30.7,58.0,11.4,53.9,0.0,0.0,0.0
2026-04-16 18:26:50,30.7,57.9,32.0,54.0,0.0,0.0,0.0
2026-04-16 18:26:55,30.6,58.0,15.4,54.0,0.0,0.0,0.0
2026-04-16 18:27:00,30.6,58.1,9.1,54.0,0.0,0.0,0.0
2026-04-16 18:27:05,30.5,58.2,11.4,53.9,0.0,0.0,0.0
2026-04-16 18:27:10,30.4,58.2,10.5,53.9,0.0,0.0,0.0
2026-04-16 18:27:15,30.6,58.1,10.3,53.9,0.0,0.0,0.0
2026-04-16 18:27:20,30.6,58.1,5.2,53.9,0.0,0.0,0.0
2026-04-16 18:27:25,30.4,58.1,1.1,53.9,0.0,0.0,0.0
2026-04-16 18:27:30,30.8,58.0,10.2,53.9,0.0,0.0,0.0
2026-04-16 18:27:35,30.6,58.1,6.0,53.9,0.0,0.0,0.0
2026-04-16 18:27:40,30.6,58.2,3.7,53.9,0.0,0.0,0.0
2026-04-16 18:27:45,30.6,58.2,0.1,53.9,0.0,0.0,0.0
2026-04-16 18:27:50,30.6,58.2,15.4,54.0,0.0,0.0,0.0
2026-04-16 18:27:55,30.7,58.1,22.5,54.0,0.0,0.0,0.0
2026-04-16 18:28:00,30.4,58.0,8.7,54.0,0.0,0.0,0.0
2026-04-16 18:28:05,30.6,58.0,10.4,54.0,0.0,0.0,0.0
2026-04-16 18:28:10,30.7,57.8,0.0,54.0,0.0,0.0,0.0
2026-04-16 18:28:15,30.6,57.7,16.6,54.0,0.0,0.0,0.0
2026-04-16 18:28:20,30.7,57.8,6.9,54.0,0.0,0.0,0.0
2026-04-16 18:28:25,30.6,57.8,15.4,53.9,0.0,0.0,0.0
2026-04-16 18:28:30,30.7,57.9,8.2,53.9,0.0,0.0,0.0
2026-04-16 18:28:35,30.7,57.9,1.8,53.9,0.0,0.0,0.0
2026-04-16 18:28:40,30.7,57.9,9.8,53.9,0.0,0.0,0.0
2026-04-16 18:28:45,30.5,57.9,18.5,53.9,0.0,0.0,0.0
2026-04-16 18:28:50,30.6,58.0,22.9,54.0,0.0,0.0,0.0
2026-04-16 18:28:55,30.7,57.9,20.8,54.0,0.0,0.0,0.0
2026-04-16 18:29:00,30.6,58.0,14.2,54.0,0.0,0.0,0.0
2026-04-16 18:29:05,30.5,58.1,13.0,54.0,0.0,0.0,0.0
2026-04-16 18:29:10,30.7,58.1,15.0,54.0,0.0,0.0,0.0
2026-04-16 18:29:15,30.7,58.0,25.4,54.0,0.0,0.0,0.0
2026-04-16 18:29:20,30.5,58.0,19.5,54.0,0.0,0.0,0.0
2026-04-16 18:29:25,30.4,58.2,0.0,53.9,0.0,0.0,0.0
2026-04-16 18:29:30,30.5,58.2,28.6,53.9,0.0,0.0,0.0
2026-04-16 18:29:35,30.5,58.2,14.8,54.0,0.0,0.0,0.0
2026-04-16 18:29:40,30.6,58.1,18.8,54.0,0.0,0.0,0.0
2026-04-16 18:29:45,30.5,58.1,9.1,53.9,0.0,0.0,0.0
2026-04-16 18:29:50,30.6,58.2,20.6,53.9,0.0,0.0,0.0
2026-04-16 18:29:55,30.7,58.4,21.1,53.9,0.0,0.0,0.0
2026-04-16 18:30:00,30.7,58.4,14.1,53.9,0.0,0.0,0.0
2026-04-16 18:30:05,30.7,58.3,18.8,53.9,0.0,0.0,0.0
2026-04-16 18:30:10,30.7,58.3,22.1,53.9,0.0,0.0,0.0
2026-04-16 18:30:15,30.5,58.4,31.5,53.9,0.0,0.0,0.0
2026-04-16 18:30:20,30.7,58.6,21.4,53.9,0.0,0.0,0.0
2026-04-16 18:30:25,30.5,58.5,24.8,53.9,0.0,0.0,0.0
2026-04-16 18:30:30,30.5,58.4,23.9,53.9,0.0,0.0,0.0
2026-04-16 18:30:35,30.5,58.4,0.0,53.9,0.0,0.0,0.0
2026-04-16 18:30:40,30.6,58.4,9.3,53.9,0.0,0.0,0.0
2026-04-16 18:30:45,30.6,58.3,16.1,53.9,0.0,0.0,0.0
2026-04-16 18:30:50,30.6,58.2,19.4,53.9,0.0,0.0,0.0
2026-04-16 18:30:55,30.5,58.4,34.3,53.9,0.0,0.0,0.0
2026-04-16 18:31:00,30.6,58.3,22.3,53.9,0.0,0.0,0.0
2026-04-16 18:31:05,30.7,58.4,8.3,53.9,0.0,0.0,0.0
2026-04-16 18:31:10,30.5,58.3,36.8,53.9,0.0,0.0,0.0
2026-04-16 18:31:15,30.5,58.2,10.7,53.9,0.0,0.0,0.0
2026-04-16 18:31:20,30.7,58.2,33.0,53.9,0.0,0.0,0.0
2026-04-16 18:31:25,30.6,58.2,0.0,53.9,0.0,0.0,0.0
2026-04-16 18:31:30,30.7,58.1,26.7,53.9,0.0,0.0,0.0
2026-04-16 18:31:35,30.6,58.1,15.2,53.9,0.0,0.0,0.0
2026-04-16 18:31:40,30.5,58.2,0.0,53.9,0.0,0.0,0.0
2026-04-16 18:31:45,30.5,58.3,3.8,53.9,0.0,0.0,0.0
2026-04-16 18:31:50,30.5,58.5,24.7,53.9,0.0,0.0,0.0
2026-04-16 18:31:55,30.6,58.5,14.1,53.9,0.0,0.0,0.0
2026-04-16 18:32:00,30.6,58.5,21.5,53.9,0.0,0.0,0.0
2026-04-16 18:32:05,30.7,58.3,6.4,53.9,0.0,0.0,0.0
2026-04-16 18:32:10,30.6,58.3,38.0,53.9,0.0,0.0,0.0
2026-04-16 18:32:15,30.6,58.3,5.5,53.9,0.0,0.0,0.0
2026-04-16 18:32:20,30.4,58.4,18.0,53.9,0.0,0.0,0.0
2026-04-16 18:32:25,30.5,58.5,14.2,53.9,0.0,0.0,0.0
2026-04-16 18:32:30,30.7,58.6,21.3,53.9,0.0,0.0,0.0
2026-04-16 18:32:35,30.6,58.5,14.5,53.9,0.0,0.0,0.0
2026-04-16 18:32:40,30.5,58.5,20.1,53.9,0.0,0.0,0.0
2026-04-16 18:32:45,30.5,58.5,0.0,53.9,0.0,0.0,0.0
2026-04-16 18:32:50,30.6,58.5,6.1,53.9,0.0,0.0,0.0
2026-04-16 18:32:55,30.5,58.3,14.8,53.9,0.0,0.0,0.0
2026-04-16 18:33:00,30.5,58.4,14.7,53.9,0.0,0.0,0.0
2026-04-16 18:33:05,30.6,58.4,28.5,53.9,0.0,0.0,0.0
2026-04-16 18:33:10,30.7,58.4,12.3,53.9,0.0,0.0,0.0
2026-04-16 18:33:15,30.6,58.5,12.0,53.9,0.0,0.0,0.0
2026-04-16 18:33:20,30.7,58.6,28.7,53.9,0.0,0.0,0.0
2026-04-16 18:33:25,30.6,58.6,19.8,53.9,0.0,0.0,0.0
2026-04-16 18:33:30,30.5,58.6,3.7,53.9,0.0,0.0,0.0
2026-04-16 18:33:35,30.7,58.5,38.7,53.9,0.0,0.0,0.0
2026-04-16 18:33:40,30.5,58.4,15.6,53.9,0.0,0.0,0.0
2026-04-16 18:33:45,30.6,58.3,15.6,53.9,0.0,0.0,0.0
2026-04-16 18:33:50,30.6,58.4,14.6,53.9,0.0,0.0,0.0
2026-04-16 18:33:55,30.6,58.2,8.0,53.9,0.0,0.0,0.0
2026-04-16 18:34:00,30.5,58.2,23.5,53.9,0.0,0.0,0.0
2026-04-16 18:34:05,30.6,58.3,13.3,53.9,0.0,0.0,0.0
2026-04-16 18:34:10,30.6,58.2,36.6,53.9,0.0,0.0,0.0
2026-04-16 18:34:15,30.6,58.1,10.1,53.9,0.0,0.0,0.0
2026-04-16 18:34:20,30.5,58.1,8.3,53.9,0.0,0.0,0.0
2026-04-16 18:34:25,30.5,58.1,21.5,53.9,0.0,0.0,0.0
2026-04-16 18:34:30,30.6,58.2,24.4,53.9,0.0,0.0,0.0
2026-04-16 18:34:35,30.6,58.2,18.0,53.9,0.0,0.0,0.0
2026-04-16 18:34:40,30.5,58.1,2.3,53.9,0.0,0.0,0.0
2026-04-16 18:34:45,30.5,58.1,35.0,53.9,0.0,0.0,0.0
2026-04-16 18:34:50,30.5,58.1,25.3,53.9,0.0,0.0,0.0
2026-04-16 18:34:55,30.5,58.1,23.3,53.9,0.0,0.0,0.0
2026-04-16 18:35:00,30.5,58.0,35.0,53.9,0.0,0.0,0.0
2026-04-16 18:35:05,30.4,58.1,3.7,53.9,0.0,0.0,0.0
2026-04-16 18:35:10,30.6,58.1,5.6,53.9,0.0,0.0,0.0
2026-04-16 18:35:15,30.5,58.1,14.1,53.9,0.0,0.0,0.0
2026-04-16 18:35:20,30.6,58.1,17.6,53.9,0.0,0.0,0.0
2026-04-16 18:35:25,30.6,58.0,21.2,53.9,0.0,0.0,0.0
2026-04-16 18:35:30,30.6,58.0,0.0,53.9,0.0,0.0,0.0
2026-04-16 18:35:35,30.6,58.0,3.6,53.9,0.0,0.0,0.0
2026-04-16 18:35:40,30.6,58.0,11.8,53.9,0.0,0.0,0.0
2026-04-16 18:35:45,30.6,58.1,10.8,53.9,0.0,0.0,0.0
2026-04-16 18:35:50,30.8,58.2,9.7,53.9,0.0,0.0,0.0
2026-04-16 18:35:55,30.8,58.1,19.1,53.9,0.0,0.0,0.0
2026-04-16 18:36:00,30.5,58.1,16.4,53.9,0.0,0.0,0.0
2026-04-16 18:36:05,30.5,58.1,0.0,53.9,0.0,0.0,0.0
2026-04-16 18:36:10,30.7,58.0,13.6,53.9,0.0,0.0,0.0
2026-04-16 18:36:15,30.7,58.0,0.0,53.9,0.0,0.0,0.0
2026-04-16 18:36:20,30.5,58.1,21.6,53.9,0.0,0.0,0.0
2026-04-16 18:36:25,30.5,58.1,14.7,53.9,0.0,0.0,0.0
2026-04-16 18:36:30,30.4,58.2,0.6,53.9,0.0,0.0,0.0
2026-04-16 18:36:35,30.6,58.1,17.2,53.9,0.0,0.0,0.0
2026-04-16 18:36:40,30.6,58.1,27.5,53.9,0.0,0.0,0.0
2026-04-16 18:36:45,30.6,58.1,21.4,53.9,0.0,0.0,0.0
2026-04-16 18:36:50,30.6,58.1,5.3,53.9,0.0,0.0,0.0
2026-04-16 18:36:55,30.5,58.1,28.1,53.9,0.0,0.0,0.0
2026-04-16 18:37:00,30.7,58.2,18.2,53.9,0.0,0.0,0.0
2026-04-16 18:37:05,30.4,58.1,19.3,53.9,0.0,0.0,0.0
2026-04-16 18:37:10,30.5,58.1,22.1,53.9,0.0,0.0,0.0
2026-04-16 18:37:15,30.5,58.2,5.7,53.9,0.0,0.0,0.0
2026-04-16 18:37:20,30.6,58.3,19.6,53.9,0.0,0.0,0.0
2026-04-16 18:37:25,30.7,58.1,21.0,53.9,0.0,0.0,0.0
2026-04-16 18:37:30,30.7,58.2,28.3,53.9,0.0,0.0,0.0
2026-04-16 18:37:35,30.5,58.1,0.0,53.9,0.0,0.0,0.0
2026-04-16 18:37:40,30.5,58.2,7.9,53.9,0.0,0.0,0.0
2026-04-16 18:37:45,30.5,58.2,28.1,53.9,0.0,0.0,0.0
2026-04-16 18:37:50,30.5,58.4,30.9,53.9,0.0,0.0,0.0
2026-04-16 18:37:55,30.5,58.5,15.6,53.9,0.0,0.0,0.0
2026-04-16 18:38:00,30.4,58.5,4.2,53.9,0.0,0.0,0.0
2026-04-16 18:38:05,30.6,58.5,6.4,53.9,0.0,0.0,0.0
2026-04-16 18:38:10,30.5,58.4,22.3,53.9,0.0,0.0,0.0
2026-04-16 18:38:15,30.6,58.4,11.2,53.9,0.0,0.0,0.0
2026-04-16 18:38:20,30.6,58.5,15.5,53.9,0.0,0.0,0.0
2026-04-16 18:38:25,30.7,58.5,0.0,53.9,0.0,0.0,0.0
2026-04-16 18:38:30,30.6,58.6,10.3,53.9,0.0,0.0,0.0
2026-04-16 18:38:35,30.7,58.5,21.4,54.0,0.0,0.0,0.0
2026-04-16 18:38:40,30.8,58.6,33.0,54.0,0.0,0.0,0.0
2026-04-16 18:38:45,30.5,58.7,5.8,53.9,0.0,0.0,0.0
2026-04-16 18:38:50,30.7,58.7,26.9,53.9,0.0,0.0,0.0
2026-04-16 18:38:55,30.5,58.7,21.6,53.9,0.0,0.0,0.0
2026-04-16 18:39:00,30.8,58.7,11.4,53.9,0.0,0.0,0.0
2026-04-16 18:39:05,30.6,58.8,27.2,53.9,0.0,0.0,0.0
2026-04-16 18:39:10,30.6,58.7,11.9,53.9,0.0,0.0,0.0
2026-04-16 18:39:15,30.5,58.5,22.7,53.9,0.0,0.0,0.0
2026-04-16 18:39:20,30.6,58.6,5.0,53.9,0.0,0.0,0.0
2026-04-16 18:39:25,30.6,58.6,0.0,53.9,0.0,0.0,0.0
2026-04-16 18:39:30,30.5,58.5,16.7,53.9,0.0,0.0,0.0
2026-04-16 18:39:35,30.6,58.6,4.7,53.9,0.0,0.0,0.0
2026-04-16 18:39:40,30.5,58.5,19.9,53.9,0.0,0.0,0.0
2026-04-16 18:39:45,30.5,58.5,2.7,53.9,0.0,0.0,0.0
2026-04-16 18:39:50,30.4,58.6,7.9,53.9,0.0,0.0,0.0
2026-04-16 18:39:55,30.5,58.5,23.7,53.9,0.0,0.0,0.0
2026-04-16 18:40:00,30.5,58.5,24.1,54.0,0.0,0.0,0.0
2026-04-16 18:40:05,30.6,58.4,0.0,54.0,0.0,0.0,0.0
2026-04-16 18:40:10,30.5,58.3,3.9,53.9,0.0,0.0,0.0
2026-04-16 18:40:15,30.5,58.3,34.1,53.9,0.0,0.0,0.0
2026-04-16 18:40:20,30.5,58.5,12.8,53.9,0.0,0.0,0.0
2026-04-16 18:40:25,30.5,58.5,4.8,53.9,0.0,0.0,0.0
2026-04-16 18:40:30,30.4,58.3,29.1,53.9,0.0,0.0,0.0
2026-04-16 18:40:35,30.5,58.4,15.0,53.9,0.0,0.0,0.0
2026-04-16 18:40:40,30.6,58.2,25.8,53.9,0.0,0.0,0.0
2026-04-16 18:40:45,30.6,58.3,17.4,53.9,0.0,0.0,0.0
2026-04-16 18:40:50,30.6,58.2,7.2,53.9,0.0,0.0,0.0
2026-04-16 18:40:55,30.6,58.2,14.0,53.9,0.0,0.0,0.0
2026-04-16 18:41:00,30.6,58.2,13.3,53.9,0.0,0.0,0.0
2026-04-16 18:41:05,30.5,58.0,19.5,53.9,0.0,0.0,0.0
2026-04-16 18:41:10,30.7,58.1,3.7,53.9,0.0,0.0,0.0
2026-04-16 18:41:15,30.5,58.0,2.9,53.9,0.0,0.0,0.0
2026-04-16 18:41:20,30.6,57.9,26.9,53.9,0.0,0.0,0.0
2026-04-16 18:41:25,30.5,58.0,0.0,53.9,0.0,0.0,0.0
2026-04-16 18:41:30,30.6,58.1,19.1,53.9,0.0,0.0,0.0
2026-04-16 18:41:35,30.6,58.1,25.3,53.9,0.0,0.0,0.0
2026-04-16 18:41:40,30.5,58.1,19.6,53.9,0.0,0.0,0.0
2026-04-16 18:41:45,30.6,58.1,14.8,53.9,0.0,0.0,0.0
2026-04-16 18:41:50,30.5,58.2,0.0,53.9,0.0,0.0,0.0
2026-04-16 18:41:55,30.4,58.0,25.7,53.9,0.0,0.0,0.0
2026-04-16 18:42:00,30.5,58.1,11.5,53.9,0.0,0.0,0.0
2026-04-16 18:42:05,30.6,57.9,18.4,53.9,0.0,0.0,0.0
2026-04-16 18:42:10,30.5,57.8,9.0,53.9,0.0,0.0,0.0
2026-04-16 18:42:15,30.5,57.7,19.0,53.9,0.0,0.0,0.0
2026-04-16 18:42:20,30.6,57.7,4.1,53.9,0.0,0.0,0.0
2026-04-16 18:42:25,30.5,57.7,30.8,53.9,0.0,0.0,0.0
2026-04-16 18:42:30,30.4,57.7,21.0,54.0,0.0,0.0,0.0
2026-04-16 18:42:35,30.4,57.9,2.7,54.0,0.0,0.0,0.0
2026-04-16 18:42:40,30.6,58.0,15.7,53.9,0.0,0.0,0.0
2026-04-16 18:42:45,30.5,57.9,21.9,53.9,0.0,0.0,0.0
2026-04-16 18:42:50,30.4,57.8,12.9,53.9,0.0,0.0,0.0
2026-04-16 18:42:55,30.5,57.8,1.5,53.9,0.0,0.0,0.0
2026-04-16 18:43:00,30.5,57.9,25.2,53.9,0.0,0.0,0.0
2026-04-16 18:43:05,30.5,57.8,33.4,53.9,0.0,0.0,0.0
2026-04-16 18:43:10,30.5,57.9,43.9,53.9,0.0,0.0,0.0
2026-04-16 18:43:15,30.5,57.9,0.0,53.9,0.0,0.0,0.0
2026-04-16 18:43:20,30.4,57.9,18.4,53.9,0.0,0.0,0.0
2026-04-16 18:43:25,30.4,57.9,0.0,53.9,0.0,0.0,0.0
2026-04-16 18:43:30,30.5,57.8,9.3,53.9,0.0,0.0,0.0
2026-04-16 18:43:35,30.3,57.7,5.4,53.9,0.0,0.0,0.0
2026-04-16 18:43:40,30.5,57.7,2.8,53.9,0.0,0.0,0.0
2026-04-16 18:43:45,30.5,57.7,7.6,53.9,0.0,0.0,0.0
2026-04-16 18:43:50,30.6,57.7,18.8,53.9,0.0,0.0,0.0
2026-04-16 18:43:55,30.6,57.6,23.1,53.9,0.0,0.0,0.0
2026-04-16 18:44:00,30.4,57.6,5.7,53.9,0.0,0.0,0.0
2026-04-16 18:44:05,30.6,57.8,25.1,53.9,0.0,0.0,0.0
2026-04-16 18:44:10,30.5,57.7,15.4,53.9,0.0,0.0,0.0
2026-04-16 18:44:15,30.6,57.9,6.0,53.9,0.0,0.0,0.0
2026-04-16 18:44:20,30.5,58.0,8.0,53.9,0.0,0.0,0.0
2026-04-16 18:44:25,30.4,58.1,22.8,53.9,0.0,0.0,0.0
2026-04-16 18:44:30,30.4,58.0,26.5,53.9,0.0,0.0,0.0
2026-04-16 18:44:35,30.5,58.1,12.6,53.9,0.0,0.0,0.0
2026-04-16 18:44:40,30.5,58.0,18.8,53.9,0.0,0.0,0.0
2026-04-16 18:44:45,30.4,57.9,10.3,53.9,0.0,0.0,0.0
2026-04-16 18:44:50,30.5,58.0,29.8,53.9,0.0,0.0,0.0
2026-04-16 18:44:55,30.5,58.1,32.4,53.9,0.0,0.0,0.0
2026-04-16 18:45:00,30.4,58.1,25.4,53.9,0.0,0.0,0.0
2026-04-16 18:45:05,30.7,58.3,17.6,53.9,0.0,0.0,0.0
2026-04-16 18:45:10,30.6,58.3,17.4,53.9,0.0,0.0,0.0
2026-04-16 18:45:15,30.4,58.4,0.0,53.9,0.0,0.0,0.0
2026-04-16 18:45:20,30.4,58.4,13.9,53.9,0.0,0.0,0.0
2026-04-16 18:45:25,30.5,58.4,3.0,53.9,0.0,0.0,0.0
2026-04-16 18:45:30,30.6,58.4,15.9,53.9,0.0,0.0,0.0
2026-04-16 18:45:35,30.5,58.5,18.3,53.9,0.0,0.0,0.0
2026-04-16 18:45:40,30.3,58.6,9.0,53.9,0.0,0.0,0.0
2026-04-16 18:45:45,30.4,58.5,19.4,53.9,0.0,0.0,0.0
2026-04-16 18:45:50,30.3,58.5,17.5,53.9,0.0,0.0,0.0
2026-04-16 18:45:55,30.6,58.5,10.3,53.9,0.0,0.0,0.0
2026-04-16 18:46:00,30.4,58.6,28.9,53.9,0.0,0.0,0.0
2026-04-16 18:46:05,30.5,58.5,3.2,53.9,0.0,0.0,0.0
2026-04-16 18:46:10,30.4,58.5,0.0,53.9,0.0,0.0,0.0
2026-04-16 18:46:15,30.4,58.4,9.0,53.9,0.0,0.0,0.0
2026-04-16 18:46:20,30.5,58.4,13.4,53.9,0.0,0.0,0.0
2026-04-16 18:46:25,30.4,58.3,28.2,53.9,0.0,0.0,0.0
2026-04-16 18:46:30,30.4,58.2,2.0,53.9,0.0,0.0,0.0
2026-04-16 18:46:35,30.4,58.2,17.9,53.9,0.0,0.0,0.0
2026-04-16 18:46:40,30.4,58.3,12.5,53.9,0.0,0.0,0.0
2026-04-16 18:46:45,30.4,58.2,29.1,53.9,0.0,0.0,0.0
2026-04-16 18:46:50,30.4,58.2,27.4,53.9,0.0,0.0,0.0
2026-04-16 18:46:55,30.5,58.1,15.9,53.9,0.0,0.0,0.0
2026-04-16 18:47:00,30.5,58.1,11.4,53.9,0.0,0.0,0.0
2026-04-16 18:47:05,30.3,58.0,29.6,53.9,0.0,0.0,0.0
2026-04-16 18:47:10,30.4,57.9,37.6,53.9,0.0,0.0,0.0
2026-04-16 18:47:15,30.3,57.9,8.1,53.9,0.0,0.0,0.0
2026-04-16 18:47:20,30.4,57.8,44.7,53.9,0.0,0.0,0.0
2026-04-16 18:47:25,30.5,57.8,20.4,53.8,0.0,0.0,0.0
2026-04-16 18:47:30,30.3,57.7,6.8,53.8,0.0,0.0,0.0
2026-04-16 18:47:35,30.3,57.8,29.0,53.8,0.0,0.0,0.0
2026-04-16 18:47:40,30.3,57.8,18.7,53.9,0.0,0.0,0.0
2026-04-16 18:47:45,30.4,57.9,10.5,53.9,0.0,0.0,0.0
2026-04-16 18:47:50,30.5,57.8,20.7,53.9,0.0,0.0,0.0
2026-04-16 18:47:55,30.4,57.6,20.4,53.9,0.0,0.0,0.0
2026-04-16 18:48:00,30.4,57.7,8.1,53.9,0.0,0.0,0.0
2026-04-16 18:48:05,30.4,57.5,8.8,53.9,0.0,0.0,0.0
2026-04-16 18:48:10,30.5,57.5,0.0,53.9,0.0,0.0,0.0
2026-04-16 18:48:15,30.3,57.6,11.5,53.9,0.0,0.0,0.0
2026-04-16 18:48:20,30.3,57.7,21.5,53.9,0.0,0.0,0.0
2026-04-16 18:48:25,30.3,57.8,18.0,53.9,0.0,0.0,0.0
2026-04-16 18:48:30,30.5,57.6,31.2,53.9,0.0,0.0,0.0
2026-04-16 18:48:35,30.4,57.6,4.3,53.9,0.0,0.0,0.0
2026-04-16 18:48:40,30.3,57.7,27.6,53.9,0.0,0.0,0.0
2026-04-16 18:48:45,30.3,57.8,0.0,53.9,0.0,0.0,0.0
2026-04-16 18:48:50,30.4,57.8,2.2,53.9,0.0,0.0,0.0
2026-04-16 18:48:55,30.4,57.8,0.0,53.9,0.0,0.0,0.0
2026-04-16 18:49:00,30.5,57.8,35.2,53.9,0.0,0.0,0.0
2026-04-16 18:49:05,30.6,57.8,24.7,53.9,0.0,0.0,0.0
2026-04-16 18:49:10,30.4,57.9,21.5,53.9,0.0,0.0,0.0
2026-04-16 18:49:15,30.4,57.9,21.9,53.9,0.0,0.0,0.0
2026-04-16 18:49:20,30.5,58.0,6.6,53.9,0.0,0.0,0.0
2026-04-16 18:49:25,30.4,58.0,2.7,53.9,0.0,0.0,0.0
2026-04-16 18:49:30,30.4,58.1,35.8,53.9,0.0,0.0,0.0
2026-04-16 18:49:35,30.3,58.2,22.3,53.9,0.0,0.0,0.0
2026-04-16 18:49:40,30.5,58.1,18.5,53.9,0.0,0.0,0.0
2026-04-16 18:49:45,30.4,58.1,12.9,53.9,0.0,0.0,0.0
2026-04-16 18:49:50,30.2,58.2,30.0,53.9,0.0,0.0,0.0
2026-04-16 18:49:55,30.4,58.2,24.5,53.9,0.0,0.0,0.0
2026-04-16 18:50:00,30.5,58.1,16.7,53.9,0.0,0.0,0.0
2026-04-16 18:50:05,30.4,58.1,0.0,53.9,0.0,0.0,0.0
2026-04-16 18:50:10,30.5,58.2,12.0,53.9,0.0,0.0,0.0
2026-04-16 18:50:15,30.4,58.1,6.6,53.9,0.0,0.0,0.0
2026-04-16 18:50:20,30.3,58.1,25.4,53.9,0.0,0.0,0.0
2026-04-16 18:50:25,30.4,58.1,18.0,53.9,0.0,0.0,0.0
2026-04-16 18:50:30,30.5,58.0,19.8,53.9,0.0,0.0,0.0
2026-04-16 18:50:35,30.3,57.9,34.0,53.9,0.0,0.0,0.0
2026-04-16 18:50:40,30.5,58.1,5.4,53.9,0.0,0.0,0.0
2026-04-16 18:50:45,30.5,58.0,0.0,53.9,0.0,0.0,0.0
2026-04-16 18:50:50,30.4,58.0,22.3,53.9,0.0,0.0,0.0
2026-04-16 18:50:55,30.4,58.0,0.0,53.9,0.0,0.0,0.0
2026-04-16 18:51:00,30.5,58.1,7.8,53.9,0.0,0.0,0.0
2026-04-16 18:51:05,30.4,58.1,25.6,53.9,0.0,0.0,0.0
2026-04-16 18:51:10,30.4,58.1,22.7,53.9,0.0,0.0,0.0
2026-04-16 18:51:15,30.3,58.2,27.9,53.9,0.0,0.0,0.0
2026-04-16 18:51:20,30.5,58.2,26.4,53.9,0.0,0.0,0.0
2026-04-16 18:51:25,30.4,58.2,29.2,53.9,0.0,0.0,0.0
2026-04-16 18:51:30,30.3,58.3,26.0,53.9,0.0,0.0,0.0
2026-04-16 18:51:35,30.5,58.2,7.8,53.9,0.0,0.0,0.0
2026-04-16 18:51:40,30.5,58.2,17.4,53.9,0.0,0.0,0.0
2026-04-16 18:51:45,30.5,58.1,27.5,53.9,0.0,0.0,0.0
2026-04-16 18:51:50,30.3,58.2,14.8,53.9,0.0,0.0,0.0
2026-04-16 18:51:55,30.3,58.3,17.5,53.9,0.0,0.0,0.0
2026-04-16 18:52:00,30.4,58.3,0.0,53.9,0.0,0.0,0.0
2026-04-16 18:52:05,30.3,58.2,12.3,53.9,0.0,0.0,0.0
2026-04-16 18:52:10,30.4,58.2,2.8,53.9,0.0,0.0,0.0
2026-04-16 18:52:15,30.3,58.3,16.5,54.0,0.0,0.0,0.0
2026-04-16 18:52:20,30.4,58.3,21.1,54.0,0.0,0.0,0.0
2026-04-16 18:52:25,30.3,58.2,12.4,54.0,0.0,0.0,0.0
2026-04-16 18:52:30,30.4,58.1,7.6,53.9,0.0,0.0,0.0
2026-04-16 18:52:35,30.6,58.1,13.7,53.9,0.0,0.0,0.0
2026-04-16 18:52:40,30.4,58.1,5.3,53.9,0.0,0.0,0.0
2026-04-16 18:52:45,30.4,58.1,27.9,53.9,0.0,0.0,0.0
2026-04-16 18:52:50,30.3,58.0,9.4,53.9,0.0,0.0,0.0
2026-04-16 18:52:55,30.4,58.0,5.8,53.9,0.0,0.0,0.0
2026-04-16 18:53:00,30.4,58.2,15.4,53.9,0.0,0.0,0.0
2026-04-16 18:53:05,30.3,58.1,23.0,53.9,0.0,0.0,0.0
2026-04-16 18:53:10,30.3,58.2,9.5,53.9,0.0,0.0,0.0
2026-04-16 18:53:15,30.3,58.1,17.6,53.9,0.0,0.0,0.0
2026-04-16 18:53:20,30.4,58.1,15.6,53.9,0.0,0.0,0.0
2026-04-16 18:53:25,30.4,58.0,9.6,53.9,0.0,0.0,0.0
2026-04-16 18:53:30,30.3,58.1,3.7,53.9,0.0,0.0,0.0
2026-04-16 18:53:35,30.4,58.2,18.0,53.9,0.0,0.0,0.0
2026-04-16 18:53:40,30.3,58.2,18.5,53.9,0.0,0.0,0.0
2026-04-16 18:53:45,30.2,58.2,29.9,53.9,0.0,0.0,0.0
2026-04-16 18:53:50,30.3,58.0,14.7,53.9,0.0,0.0,0.0
2026-04-16 18:53:55,30.4,57.9,2.9,53.9,0.0,0.0,0.0
2026-04-16 18:54:00,30.4,58.0,3.5,53.9,0.0,0.0,0.0
2026-04-16 18:54:05,30.3,58.0,21.9,53.9,0.0,0.0,0.0
2026-04-16 18:54:10,30.2,58.1,0.0,53.9,0.0,0.0,0.0
2026-04-16 18:54:15,30.2,58.1,21.3,53.9,0.0,0.0,0.0
2026-04-16 18:54:20,30.3,58.1,27.2,53.9,0.0,0.0,0.0
2026-04-16 18:54:25,30.3,58.0,27.2,53.9,0.0,0.0,0.0
2026-04-16 18:54:30,30.4,57.9,27.6,53.9,0.0,0.0,0.0
2026-04-16 18:54:35,30.4,57.9,2.2,53.9,0.0,0.0,0.0
2026-04-16 18:54:40,30.4,58.0,14.3,53.9,0.0,0.0,0.0
2026-04-16 18:54:45,30.4,58.0,30.6,53.9,0.0,0.0,0.0
2026-04-16 18:54:50,30.4,58.0,17.9,53.9,0.0,0.0,0.0
2026-04-16 18:54:55,30.5,58.0,15.6,53.9,0.0,0.0,0.0
2026-04-16 18:55:00,30.4,57.9,15.1,53.9,0.0,0.0,0.0
2026-04-16 18:55:05,30.5,58.0,13.6,53.9,0.0,0.0,0.0
2026-04-16 18:55:10,30.4,58.1,11.1,53.9,0.0,0.0,0.0
2026-04-16 18:55:15,30.4,58.2,17.2,53.9,0.0,0.0,0.0
2026-04-16 18:55:20,30.4,58.3,3.9,53.9,0.0,0.0,0.0
2026-04-16 18:55:25,30.3,58.2,24.0,53.8,0.0,0.0,0.0
2026-04-16 18:55:30,30.4,58.2,8.0,53.8,0.0,0.0,0.0
2026-04-16 18:55:35,30.5,58.2,12.9,53.9,0.0,0.0,0.0
2026-04-16 18:55:40,30.4,58.1,16.0,53.9,0.0,0.0,0.0
2026-04-16 18:55:45,30.3,58.0,5.2,53.9,0.0,0.0,0.0
2026-04-16 18:55:50,30.3,58.0,19.0,53.9,0.0,0.0,0.0
2026-04-16 18:55:55,30.3,58.0,5.5,53.9,0.0,0.0,0.0
2026-04-16 18:56:00,30.4,58.0,5.8,53.9,0.0,0.0,0.0
2026-04-16 18:56:05,30.4,58.0,8.2,53.9,0.0,0.0,0.0
2026-04-16 18:56:10,30.3,58.0,18.3,53.9,0.0,0.0,0.0
2026-04-16 18:56:15,30.5,58.1,32.5,53.9,0.0,0.0,0.0
2026-04-16 18:56:20,30.4,58.0,2.2,53.9,0.0,0.0,0.0
2026-04-16 18:56:25,30.3,58.0,25.3,53.9,0.0,0.0,0.0
2026-04-16 18:56:30,30.4,58.0,15.9,53.9,0.0,0.0,0.0
2026-04-16 18:56:35,30.3,58.0,9.3,53.9,0.0,0.0,0.0
2026-04-16 18:56:40,30.3,57.9,22.8,53.9,0.0,0.0,0.0
2026-04-16 18:56:45,30.1,58.0,4.5,53.9,0.0,0.0,0.0
2026-04-16 18:56:50,30.3,58.0,14.2,53.9,0.0,0.0,0.0
2026-04-16 18:56:55,30.4,58.0,10.7,53.9,0.0,0.0,0.0
2026-04-16 18:57:00,30.3,58.0,4.3,53.9,0.0,0.0,0.0
2026-04-16 18:57:05,30.3,57.9,12.7,53.9,0.0,0.0,0.0
2026-04-16 18:57:10,30.5,57.9,30.2,53.9,0.0,0.0,0.0
2026-04-16 18:57:15,30.3,57.9,5.4,53.9,0.0,0.0,0.0
2026-04-16 18:57:20,30.3,57.8,15.9,53.9,0.0,0.0,0.0
2026-04-16 18:57:25,30.4,58.1,1.2,53.9,0.0,0.0,0.0
2026-04-16 18:57:30,30.6,58.1,22.5,53.9,0.0,0.0,0.0
2026-04-16 18:57:35,30.4,58.1,11.4,53.9,0.0,0.0,0.0
2026-04-16 18:57:40,30.3,58.1,17.0,53.9,0.0,0.0,0.0
2026-04-16 18:57:45,30.3,58.0,14.9,53.9,0.0,0.0,0.0
2026-04-16 18:57:50,30.3,58.0,23.8,53.9,0.0,0.0,0.0
2026-04-16 18:57:55,30.2,58.1,20.7,53.8,0.0,0.0,0.0
2026-04-16 18:58:00,30.4,58.0,11.9,53.8,0.0,0.0,0.0
2026-04-16 18:58:05,30.4,58.2,12.5,53.9,0.0,0.0,0.0
2026-04-16 18:58:10,30.4,58.3,23.7,53.9,0.0,0.0,0.0
2026-04-16 18:58:15,30.5,58.1,1.0,53.8,0.0,0.0,0.0
2026-04-16 18:58:20,30.4,58.2,26.1,53.8,0.0,0.0,0.0
2026-04-16 18:58:25,30.4,58.1,7.2,53.8,0.0,0.0,0.0
2026-04-16 18:58:30,30.4,58.0,23.8,53.9,0.0,0.0,0.0
2026-04-16 18:58:35,30.3,57.9,0.0,53.9,0.0,0.0,0.0
2026-04-16 18:58:40,30.3,58.0,13.5,53.9,0.0,0.0,0.0
2026-04-16 18:58:45,30.4,58.0,16.8,53.9,0.0,0.0,0.0
2026-04-16 18:58:50,30.4,58.1,5.3,53.9,0.0,0.0,0.0
2026-04-16 18:58:55,30.3,58.3,0.0,53.9,0.0,0.0,0.0
2026-04-16 18:59:00,30.4,58.2,0.0,53.9,0.0,0.0,0.0
2026-04-16 18:59:05,30.4,58.3,21.7,53.9,0.0,0.0,0.0
2026-04-16 18:59:10,30.3,58.3,27.7,53.9,0.0,0.0,0.0
2026-04-16 18:59:15,30.4,58.1,16.0,53.9,0.0,0.0,0.0
2026-04-16 18:59:20,30.4,58.2,15.3,53.9,0.0,0.0,0.0
2026-04-16 18:59:25,30.4,58.3,4.3,53.9,0.0,0.0,0.0
2026-04-16 18:59:30,30.3,58.3,41.0,53.9,0.0,0.0,0.0
2026-04-16 18:59:35,30.2,58.2,0.0,53.9,0.0,0.0,0.0
2026-04-16 18:59:40,30.4,58.3,0.0,53.9,0.0,0.0,0.0
2026-04-16 18:59:45,30.3,58.4,12.1,53.9,0.0,0.0,0.0
2026-04-16 18:59:50,30.3,58.3,6.7,53.9,0.0,0.0,0.0
2026-04-16 18:59:55,30.4,58.3,0.0,53.9,0.0,0.0,0.0
2026-04-16 19:00:00,30.4,58.4,16.1,53.9,0.0,0.0,0.0
2026-04-16 19:00:05,30.4,58.3,23.3,53.9,0.0,0.0,0.0
2026-04-16 19:00:10,30.4,58.4,14.8,53.8,0.0,0.0,0.0
2026-04-16 19:00:15,30.5,58.5,18.1,53.8,0.0,0.0,0.0
2026-04-16 19:00:20,30.4,58.5,20.2,53.8,0.0,0.0,0.0
2026-04-16 19:00:25,30.3,58.5,26.7,53.8,0.0,0.0,0.0
2026-04-16 19:00:30,30.2,58.5,19.7,53.8,0.0,0.0,0.0
2026-04-16 19:00:35,30.3,58.5,0.0,53.9,0.0,0.0,0.0
2026-04-16 19:00:40,30.4,58.6,26.2,53.9,0.0,0.0,0.0
2026-04-16 19:00:45,30.2,58.5,7.8,53.9,0.0,0.0,0.0
2026-04-16 19:00:50,30.3,58.5,28.4,53.9,0.0,0.0,0.0
2026-04-16 19:00:55,30.3,58.3,0.0,53.9,0.0,0.0,0.0
2026-04-16 19:01:00,30.4,58.4,19.8,53.9,0.0,0.0,0.0
2026-04-16 19:01:05,30.3,58.3,14.8,53.9,0.0,0.0,0.0
2026-04-16 19:01:10,30.3,58.3,20.8,53.9,0.0,0.0,0.0
2026-04-16 19:01:15,30.2,58.3,18.1,53.9,0.0,0.0,0.0
2026-04-16 19:01:20,30.3,58.2,24.6,53.9,0.0,0.0,0.0
2026-04-16 19:01:25,30.4,58.2,12.7,53.9,0.0,0.0,0.0
2026-04-16 19:01:30,30.5,58.4,14.5,53.9,0.0,0.0,0.0
2026-04-16 19:01:35,30.3,58.4,28.6,53.9,0.0,0.0,0.0
2026-04-16 19:01:40,30.3,58.3,14.5,53.9,0.0,0.0,0.0
2026-04-16 19:01:45,30.2,58.3,24.5,53.9,0.0,0.0,0.0
2026-04-16 19:01:50,30.2,58.3,20.0,53.9,0.0,0.0,0.0
2026-04-16 19:01:55,30.3,58.3,7.9,53.9,0.0,0.0,0.0
2026-04-16 19:02:00,30.3,58.2,30.1,53.9,0.0,0.0,0.0
2026-04-16 19:02:05,30.2,58.2,10.3,53.9,0.0,0.0,0.0
2026-04-16 19:02:10,30.3,58.2,2.8,53.9,0.0,0.0,0.0
2026-04-16 19:02:15,30.2,58.1,16.8,53.9,0.0,0.0,0.0
2026-04-16 19:02:20,30.3,58.2,13.7,53.9,0.0,0.0,0.0
2026-04-16 19:02:25,30.3,58.1,16.8,53.8,0.0,0.0,0.0
2026-04-16 19:02:30,30.2,58.1,1.9,53.8,0.0,0.0,0.0
2026-04-16 19:02:35,30.2,58.1,30.1,53.8,0.0,0.0,0.0
2026-04-16 19:02:40,30.2,58.2,13.7,53.8,0.0,0.0,0.0
2026-04-16 19:02:45,30.4,58.3,24.3,53.9,0.0,0.0,0.0
2026-04-16 19:02:50,30.3,58.3,26.7,53.9,0.0,0.0,0.0
2026-04-16 19:02:55,30.3,58.4,18.2,53.9,0.0,0.0,0.0
2026-04-16 19:03:00,30.3,58.3,9.3,53.9,0.0,0.0,0.0
2026-04-16 19:03:05,30.4,58.2,24.0,53.9,0.0,0.0,0.0
2026-04-16 19:03:10,30.2,58.3,18.1,53.9,0.0,0.0,0.0
2026-04-16 19:03:15,30.3,58.4,6.4,53.9,0.0,0.0,0.0
2026-04-16 19:03:20,30.3,58.5,12.4,53.9,0.0,0.0,0.0
2026-04-16 19:03:25,30.4,58.4,19.6,53.9,0.0,0.0,0.0
2026-04-16 19:03:30,30.2,58.4,17.6,53.9,0.0,0.0,0.0
2026-04-16 19:03:35,30.3,58.4,18.3,53.9,0.0,0.0,0.0
2026-04-16 19:03:40,30.1,58.3,10.4,53.8,0.0,0.0,0.0
2026-04-16 19:03:45,30.3,58.4,19.2,53.8,0.0,0.0,0.0
2026-04-16 19:03:50,30.2,58.4,8.8,53.8,0.0,0.0,0.0
2026-04-16 19:03:55,30.3,58.5,10.5,53.9,0.0,0.0,0.0
2026-04-16 19:04:00,30.4,58.5,15.5,53.9,0.0,0.0,0.0
2026-04-16 19:04:05,30.3,58.4,4.6,53.9,0.0,0.0,0.0
2026-04-16 19:04:10,30.3,58.4,0.0,53.9,0.0,0.0,0.0
2026-04-16 19:04:15,30.3,58.4,5.1,53.9,0.0,0.0,0.0
2026-04-16 19:04:20,30.3,58.4,18.8,53.8,0.0,0.0,0.0
2026-04-16 19:04:25,30.2,58.3,15.7,53.8,0.0,0.0,0.0
2026-04-16 19:04:30,30.3,58.3,25.8,53.8,0.0,0.0,0.0
2026-04-16 19:04:35,30.3,58.4,11.1,53.8,0.0,0.0,0.0
2026-04-16 19:04:40,30.2,58.3,17.5,53.8,0.0,0.0,0.0
2026-04-16 19:04:45,30.3,58.4,8.5,53.9,0.0,0.0,0.0
2026-04-16 19:04:50,30.3,58.5,5.0,53.9,0.0,0.0,0.0
2026-04-16 19:04:55,30.5,58.4,4.5,53.9,0.0,0.0,0.0
2026-04-16 19:05:00,30.2,58.4,19.3,53.9,0.0,0.0,0.0
2026-04-16 19:05:05,30.3,58.5,9.5,53.9,0.0,0.0,0.0
2026-04-16 19:05:10,30.2,58.4,5.6,53.9,0.0,0.0,0.0
2026-04-16 19:05:15,30.3,58.4,12.0,53.8,0.0,0.0,0.0
2026-04-16 19:05:20,30.1,58.3,6.0,53.8,0.0,0.0,0.0
2026-04-16 19:05:25,30.3,58.4,27.8,53.9,0.0,0.0,0.0
2026-04-16 19:05:30,30.3,58.5,17.0,53.9,0.0,0.0,0.0
2026-04-16 19:05:35,30.3,58.5,14.5,53.9,0.0,0.0,0.0
2026-04-16 19:05:40,30.3,58.5,17.8,53.9,0.0,0.0,0.0
2026-04-16 19:05:45,30.3,58.5,32.4,53.9,0.0,0.0,0.0
2026-04-16 19:05:50,30.3,58.6,8.2,53.8,0.0,0.0,0.0
2026-04-16 19:05:55,30.5,58.6,9.7,53.8,0.0,0.0,0.0
2026-04-16 19:06:00,30.3,58.8,29.7,53.8,0.0,0.0,0.0
2026-04-16 19:06:05,30.4,58.6,1.3,53.9,0.0,0.0,0.0
2026-04-16 19:06:10,30.2,58.6,22.7,53.9,0.0,0.0,0.0
2026-04-16 19:06:15,30.3,58.5,16.6,53.9,0.0,0.0,0.0
2026-04-16 19:06:20,30.4,58.5,13.5,53.9,0.0,0.0,0.0
2026-04-16 19:06:25,30.3,58.5,0.0,53.8,0.0,0.0,0.0
2026-04-16 19:06:30,30.4,58.5,15.2,53.8,0.0,0.0,0.0
2026-04-16 19:06:35,30.4,58.3,19.4,53.8,0.0,0.0,0.0
2026-04-16 19:06:40,30.3,58.4,22.7,53.8,0.0,0.0,0.0
2026-04-16 19:06:45,30.4,58.5,14.0,53.8,0.0,0.0,0.0
2026-04-16 19:06:50,30.5,58.3,29.3,53.8,0.0,0.0,0.0
2026-04-16 19:06:55,30.2,58.5,10.7,53.9,0.0,0.0,0.0
2026-04-16 19:07:00,30.4,58.5,11.4,53.9,0.0,0.0,0.0
2026-04-16 19:07:05,30.3,58.5,0.0,53.9,0.0,0.0,0.0
2026-04-16 19:07:10,30.3,58.4,12.4,53.9,0.0,0.0,0.0
2026-04-16 19:07:15,30.4,58.3,10.4,53.9,0.0,0.0,0.0
2026-04-16 19:07:20,30.6,58.3,0.8,53.9,0.0,0.0,0.0
2026-04-16 19:07:25,30.3,58.3,13.5,53.9,0.0,0.0,0.0
2026-04-16 19:07:30,30.4,58.2,11.4,53.9,0.0,0.0,0.0
2026-04-16 19:07:35,30.3,58.3,20.0,53.9,0.0,0.0,0.0
2026-04-16 19:07:40,30.4,58.5,15.9,53.9,0.0,0.0,0.0
2026-04-16 19:07:45,30.3,58.4,18.5,53.9,0.0,0.0,0.0
2026-04-16 19:07:50,30.2,58.4,21.8,53.9,0.0,0.0,0.0
2026-04-16 19:07:55,30.3,58.3,23.6,53.9,0.0,0.0,0.0
2026-04-16 19:08:00,30.3,58.3,9.2,53.9,0.0,0.0,0.0
2026-04-16 19:08:05,30.3,58.3,14.2,53.9,0.0,0.0,0.0
2026-04-16 19:08:10,30.3,58.3,13.3,53.9,0.0,0.0,0.0
2026-04-16 19:08:15,30.5,58.4,15.0,53.9,0.0,0.0,0.0
2026-04-16 19:08:20,30.3,58.4,3.0,53.9,0.0,0.0,0.0
2026-04-16 19:08:25,30.3,58.3,25.9,53.9,0.0,0.0,0.0
2026-04-16 19:08:30,30.4,58.2,23.4,53.9,0.0,0.0,0.0
2026-04-16 19:08:35,30.3,58.1,25.0,53.9,0.0,0.0,0.0
2026-04-16 19:08:40,30.2,58.0,31.8,53.9,0.0,0.0,0.0
2026-04-16 19:08:45,30.4,58.0,0.0,53.8,0.0,0.0,0.0
2026-04-16 19:08:50,30.3,57.8,19.2,53.8,0.0,0.0,0.0
2026-04-16 19:08:55,30.3,58.0,6.4,53.8,0.0,0.0,0.0
2026-04-16 19:09:00,30.3,57.8,2.9,53.9,0.0,0.0,0.0
2026-04-16 19:09:05,30.2,57.8,10.6,53.9,0.0,0.0,0.0
2026-04-16 19:09:10,30.2,58.0,9.9,53.9,0.0,0.0,0.0
2026-04-16 19:09:15,30.4,58.0,30.7,53.9,0.0,0.0,0.0
2026-04-16 19:09:20,30.4,57.9,1.8,53.8,0.0,0.0,0.0
2026-04-16 19:09:25,30.3,57.9,0.9,53.8,0.0,0.0,0.0
2026-04-16 19:09:30,30.3,58.0,9.4,53.8,0.0,0.0,0.0
2026-04-16 19:09:35,30.4,58.2,19.6,53.8,0.0,0.0,0.0
2026-04-16 19:09:40,30.3,58.3,15.2,53.8,0.0,0.0,0.0
2026-04-16 19:09:45,30.3,58.3,8.4,53.8,0.0,0.0,0.0
2026-04-16 19:09:50,30.3,58.3,4.8,53.9,0.0,0.0,0.0
2026-04-16 19:09:55,30.3,58.2,17.1,53.9,0.0,0.0,0.0
2026-04-16 19:10:00,30.3,58.3,0.0,53.9,0.0,0.0,0.0
2026-04-16 19:10:05,30.3,58.3,10.4,53.9,0.0,0.0,0.0
2026-04-16 19:10:10,30.3,58.4,6.7,53.9,0.0,0.0,0.0
2026-04-16 19:10:15,30.2,58.4,15.1,53.9,0.0,0.0,0.0
2026-04-16 19:10:20,30.4,58.3,27.0,53.9,0.0,0.0,0.0
2026-04-16 19:10:25,30.3,58.3,16.8,53.9,0.0,0.0,0.0
2026-04-16 19:10:30,30.3,58.3,11.7,53.9,0.0,0.0,0.0
2026-04-16 19:10:35,30.2,58.4,12.2,53.9,0.0,0.0,0.0
2026-04-16 19:10:40,30.2,58.5,29.2,53.9,0.0,0.0,0.0
2026-04-16 19:10:45,30.4,58.5,16.7,53.9,0.0,0.0,0.0
2026-04-16 19:10:50,30.4,58.5,27.8,53.9,0.0,0.0,0.0
2026-04-16 19:10:55,30.3,58.5,12.2,53.9,0.0,0.0,0.0
2026-04-16 19:11:00,30.3,58.4,6.8,53.9,0.0,0.0,0.0
2026-04-16 19:11:05,30.4,58.3,18.7,53.9,0.0,0.0,0.0
2026-04-16 19:11:10,30.4,58.3,6.5,53.9,0.0,0.0,0.0
2026-04-16 19:11:15,30.2,58.3,10.8,53.9,0.0,0.0,0.0
2026-04-16 19:11:20,30.2,58.3,0.0,53.9,0.0,0.0,0.0
2026-04-16 19:11:25,30.3,58.4,5.1,53.9,0.0,0.0,0.0
2026-04-16 19:11:30,30.2,58.5,11.8,53.9,0.0,0.0,0.0
2026-04-16 19:11:35,30.2,58.4,7.5,53.9,0.0,0.0,0.0
2026-04-16 19:11:40,30.4,58.4,0.0,53.9,0.0,0.0,0.0
2026-04-16 19:11:45,30.2,58.4,5.2,53.9,0.0,0.0,0.0
2026-04-16 19:11:50,30.3,58.4,18.0,53.9,0.0,0.0,0.0
2026-04-16 19:11:55,30.3,58.4,21.8,53.9,0.0,0.0,0.0
2026-04-16 19:12:00,30.3,58.5,50.4,53.9,0.0,0.0,0.0
2026-04-16 19:12:05,30.4,58.6,26.7,53.9,0.0,0.0,0.0
2026-04-16 19:12:10,30.4,58.6,0.0,53.9,0.0,0.0,0.0
2026-04-16 19:12:15,30.4,58.6,16.2,53.8,0.0,0.0,0.0
2026-04-16 19:12:20,30.3,58.6,21.0,53.8,0.0,0.0,0.0
2026-04-16 19:12:25,30.3,58.6,15.6,53.8,0.0,0.0,0.0
2026-04-16 19:12:30,30.1,58.6,8.2,53.8,0.0,0.0,0.0
2026-04-16 19:12:35,30.3,58.6,9.4,53.9,0.0,0.0,0.0
2026-04-16 19:12:40,30.2,58.5,25.7,53.9,0.0,0.0,0.0
2026-04-16 19:12:45,30.3,58.6,18.9,53.9,0.0,0.0,0.0
2026-04-16 19:12:50,30.3,58.6,37.3,53.8,0.0,0.0,0.0
2026-04-16 19:12:55,30.5,58.6,10.8,53.8,0.0,0.0,0.0
2026-04-16 19:13:00,30.4,58.6,5.5,53.8,0.0,0.0,0.0
2026-04-16 19:13:05,30.1,58.5,10.7,53.8,0.0,0.0,0.0
2026-04-16 19:13:10,30.0,58.4,16.0,53.8,0.0,0.0,0.0
2026-04-16 19:13:15,30.2,58.4,7.9,53.8,0.0,0.0,0.0
2026-04-16 19:13:20,30.2,58.4,16.6,53.8,0.0,0.0,0.0
2026-04-16 19:13:25,30.1,58.5,40.6,53.8,0.0,0.0,0.0
2026-04-16 19:13:30,30.2,58.5,4.3,53.8,0.0,0.0,0.0
2026-04-16 19:13:35,30.3,58.4,15.3,53.9,0.0,0.0,0.0
2026-04-16 19:13:40,30.3,58.4,16.2,53.9,0.0,0.0,0.0
2026-04-16 19:13:45,30.2,58.5,11.0,53.9,0.0,0.0,0.0
2026-04-16 19:13:50,30.3,58.4,7.7,53.9,0.0,0.0,0.0
2026-04-16 19:13:55,30.3,58.2,24.1,53.9,0.0,0.0,0.0
2026-04-16 19:14:00,30.3,58.1,0.0,53.9,0.0,0.0,0.0
2026-04-16 19:14:05,30.3,58.2,16.1,53.9,0.0,0.0,0.0
2026-04-16 19:14:10,30.3,58.3,16.3,53.9,0.0,0.0,0.0
2026-04-16 19:14:15,30.2,58.1,7.3,53.9,0.0,0.0,0.0
2026-04-16 19:14:20,30.3,58.0,20.5,53.9,0.0,0.0,0.0
2026-04-16 19:14:25,30.3,58.0,6.2,53.9,0.0,0.0,0.0
2026-04-16 19:14:30,30.3,58.0,31.0,53.9,0.0,0.0,0.0
2026-04-16 19:14:35,30.2,58.2,2.8,53.9,0.0,0.0,0.0
2026-04-16 19:14:40,30.3,58.0,2.3,53.9,0.0,0.0,0.0
2026-04-16 19:14:45,30.3,57.8,25.0,53.9,0.0,0.0,0.0
2026-04-16 19:14:50,30.3,58.0,5.4,53.9,0.0,0.0,0.0
2026-04-16 19:14:55,30.2,58.0,7.6,53.9,0.0,0.0,0.0
2026-04-16 19:15:00,30.4,57.9,15.4,53.9,0.0,0.0,0.0
2026-04-16 19:15:05,30.2,58.2,9.4,53.9,0.0,0.0,0.0
2026-04-16 19:15:10,30.3,58.1,0.0,53.9,0.0,0.0,0.0
2026-04-16 19:15:15,30.3,58.1,0.0,53.9,0.0,0.0,0.0
2026-04-16 19:15:20,30.2,58.0,35.6,53.9,0.0,0.0,0.0
2026-04-16 19:15:25,30.3,57.8,17.2,53.9,0.0,0.0,0.0
2026-04-16 19:15:30,30.3,57.7,22.4,53.9,0.0,0.0,0.0
2026-04-16 19:15:35,30.2,57.8,4.9,53.9,0.0,0.0,0.0
2026-04-16 19:15:40,30.3,58.0,19.9,53.9,0.0,0.0,0.0
2026-04-16 19:15:45,30.3,58.1,10.7,53.9,0.0,0.0,0.0
2026-04-16 19:15:50,30.3,58.3,40.7,53.9,0.0,0.0,0.0
2026-04-16 19:15:55,30.2,58.4,29.5,53.9,0.0,0.0,0.0
2026-04-16 19:16:00,30.3,58.4,2.0,53.9,0.0,0.0,0.0
2026-04-16 19:16:05,30.3,58.4,22.8,53.9,0.0,0.0,0.0
2026-04-16 19:16:10,30.1,58.5,13.2,53.9,0.0,0.0,0.0
2026-04-16 19:16:15,30.2,58.5,9.9,53.9,0.0,0.0,0.0
2026-04-16 19:16:20,30.3,58.6,48.6,53.8,0.0,0.0,0.0
2026-04-16 19:16:25,30.3,58.5,0.9,53.8,0.0,0.0,0.0
2026-04-16 19:16:30,30.4,58.6,21.1,53.9,0.0,0.0,0.0
2026-04-16 19:16:35,30.3,58.6,15.7,53.9,0.0,0.0,0.0
2026-04-16 19:16:40,30.3,58.5,23.8,53.9,0.0,0.0,0.0
2026-04-16 19:16:45,30.2,58.6,17.8,53.8,0.0,0.0,0.0
2026-04-16 19:16:50,30.4,58.5,17.4,53.8,0.0,0.0,0.0
2026-04-16 19:16:55,30.3,58.5,14.7,53.8,0.0,0.0,0.0
2026-04-16 19:17:00,30.4,58.6,0.0,53.8,0.0,0.0,0.0
2026-04-16 19:17:05,30.4,58.7,3.8,53.8,0.0,0.0,0.0
2026-04-16 19:17:10,30.3,58.6,22.2,53.9,0.0,0.0,0.0
2026-04-16 19:17:15,30.3,58.6,15.6,53.9,0.0,0.0,0.0
2026-04-16 19:17:20,30.3,58.6,19.8,53.9,0.0,0.0,0.0
2026-04-16 19:17:25,30.3,58.6,30.3,53.9,0.0,0.0,0.0
2026-04-16 19:17:30,30.3,58.4,19.8,53.9,0.0,0.0,0.0
2026-04-16 19:17:35,30.3,58.4,8.8,53.9,0.0,0.0,0.0
2026-04-16 19:17:40,30.3,58.6,21.6,53.8,0.0,0.0,0.0
2026-04-16 19:17:45,30.3,58.6,30.6,53.8,0.0,0.0,0.0
2026-04-16 19:17:50,30.1,58.7,10.3,53.9,0.0,0.0,0.0
2026-04-16 19:17:55,30.3,58.7,4.0,53.9,0.0,0.0,0.0
2026-04-16 19:18:00,30.4,58.6,3.6,53.9,0.0,0.0,0.0
2026-04-16 19:18:05,30.5,58.5,0.0,53.9,0.0,0.0,0.0
2026-04-16 19:18:10,30.4,58.5,0.0,53.9,0.0,0.0,0.0
2026-04-16 19:18:15,30.3,58.5,28.4,53.9,0.0,0.0,0.0
2026-04-16 19:18:20,30.2,58.6,15.8,53.9,0.0,0.0,0.0
2026-04-16 19:18:25,30.3,58.7,10.8,53.9,0.0,0.0,0.0
2026-04-16 19:18:30,30.3,58.7,31.4,53.9,0.0,0.0,0.0
2026-04-16 19:18:35,30.3,58.8,17.7,53.9,0.0,0.0,0.0
2026-04-16 19:18:40,30.4,58.8,3.4,53.9,0.0,0.0,0.0
2026-04-16 19:18:45,30.3,58.8,17.0,53.9,0.0,0.0,0.0
2026-04-16 19:18:50,30.2,58.8,1.3,53.9,0.0,0.0,0.0
2026-04-16 19:18:55,30.3,58.9,21.1,53.9,0.0,0.0,0.0
2026-04-16 19:19:00,30.3,58.8,20.4,53.9,0.0,0.0,0.0
2026-04-16 19:19:05,30.3,58.8,27.4,53.9,0.0,0.0,0.0
2026-04-16 19:19:10,30.4,58.8,37.0,53.9,0.0,0.0,0.0
2026-04-16 19:19:15,30.3,58.9,17.6,53.9,0.0,0.0,0.0
2026-04-16 19:19:20,30.2,58.8,16.4,53.9,0.0,0.0,0.0
2026-04-16 19:19:25,30.3,58.8,9.5,53.9,0.0,0.0,0.0
2026-04-16 19:19:30,30.3,58.7,19.2,53.9,0.0,0.0,0.0
2026-04-16 19:19:35,30.2,58.9,11.4,53.9,0.0,0.0,0.0
2026-04-16 19:19:40,30.3,58.8,27.0,53.9,0.0,0.0,0.0
2026-04-16 19:19:45,30.2,58.7,11.4,53.9,0.0,0.0,0.0
2026-04-16 19:19:50,30.1,58.6,10.8,53.9,0.0,0.0,0.0
2026-04-16 19:19:55,30.2,58.6,0.0,53.9,0.0,0.0,0.0
2026-04-16 19:20:00,30.2,58.6,21.8,53.9,0.0,0.0,0.0
2026-04-16 19:20:05,30.3,58.7,5.4,53.9,0.0,0.0,0.0
2026-04-16 19:20:10,30.4,58.6,16.6,53.9,0.0,0.0,0.0
2026-04-16 19:20:15,30.2,58.5,20.5,53.9,0.0,0.0,0.0
2026-04-16 19:20:20,30.4,58.6,12.4,53.9,0.0,0.0,0.0
2026-04-16 19:20:25,30.2,58.6,38.1,53.9,0.0,0.0,0.0
2026-04-16 19:20:30,30.4,58.6,19.6,53.9,0.0,0.0,0.0
2026-04-16 19:20:35,30.5,58.5,0.0,53.9,0.0,0.0,0.0
2026-04-16 19:20:40,30.4,58.5,11.1,53.9,0.0,0.0,0.0
2026-04-16 19:20:45,30.3,58.6,17.8,53.9,0.0,0.0,0.0
2026-04-16 19:20:50,30.3,58.6,16.4,53.8,0.0,0.0,0.0
2026-04-16 19:20:55,30.2,58.6,7.6,53.8,0.0,0.0,0.0
2026-04-16 19:21:00,30.3,58.4,19.8,53.9,0.0,0.0,0.0
2026-04-16 19:21:05,30.2,58.3,12.7,53.9,0.0,0.0,0.0
2026-04-16 19:21:10,30.3,58.4,28.3,53.9,0.0,0.0,0.0
2026-04-16 19:21:15,30.3,58.5,19.3,53.9,0.0,0.0,0.0
2026-04-16 19:21:20,30.2,58.6,16.3,53.9,0.0,0.0,0.0
2026-04-16 19:21:25,30.2,58.5,24.4,53.9,0.0,0.0,0.0
2026-04-16 19:21:30,30.1,58.5,10.7,53.9,0.0,0.0,0.0
2026-04-16 19:21:35,30.2,58.7,8.3,53.9,0.0,0.0,0.0
2026-04-16 19:21:40,30.2,58.7,0.0,53.9,0.0,0.0,0.0
2026-04-16 19:21:45,30.3,58.7,24.2,53.9,0.0,0.0,0.0
2026-04-16 19:21:50,30.2,58.8,5.1,53.9,0.0,0.0,0.0
2026-04-16 19:21:55,30.4,58.7,0.2,53.9,0.0,0.0,0.0
2026-04-16 19:22:00,30.1,58.8,23.2,53.9,0.0,0.0,0.0
2026-04-16 19:22:05,30.2,58.8,29.2,53.9,0.0,0.0,0.0
2026-04-16 19:22:10,30.2,58.8,7.6,53.9,0.0,0.0,0.0
2026-04-16 19:22:15,30.2,58.8,28.9,53.9,0.0,0.0,0.0
2026-04-16 19:22:20,30.1,58.8,40.1,53.9,0.0,0.0,0.0
2026-04-16 19:22:25,30.1,58.8,18.8,53.9,0.0,0.0,0.0
2026-04-16 19:22:30,30.3,58.8,27.7,53.9,0.0,0.0,0.0
2026-04-16 19:22:35,30.2,58.8,14.0,53.9,0.0,0.0,0.0
2026-04-16 19:22:40,30.3,58.8,24.4,53.9,0.0,0.0,0.0
2026-04-16 19:22:45,30.2,58.6,32.1,53.8,0.0,0.0,0.0
2026-04-16 19:22:50,30.2,58.7,18.5,53.8,0.0,0.0,0.0
2026-04-16 19:22:55,30.2,58.7,8.2,53.8,0.0,0.0,0.0
2026-04-16 19:23:00,30.2,58.8,10.6,53.8,0.0,0.0,0.0
2026-04-16 19:23:05,30.2,58.8,0.7,53.8,0.0,0.0,0.0
2026-04-16 19:23:10,30.1,58.8,26.0,53.8,0.0,0.0,0.0
2026-04-16 19:23:15,30.2,58.8,27.9,53.8,0.0,0.0,0.0
2026-04-16 19:23:20,30.1,58.8,26.3,53.8,0.0,0.0,0.0
2026-04-16 19:23:25,30.3,58.8,0.0,53.8,0.0,0.0,0.0
2026-04-16 19:23:30,30.3,58.7,6.6,53.8,0.0,0.0,0.0
2026-04-16 19:23:35,30.1,58.7,18.5,53.8,0.0,0.0,0.0
2026-04-16 19:23:40,30.2,58.6,16.9,53.8,0.0,0.0,0.0
2026-04-16 19:23:45,30.2,58.6,36.1,53.8,0.0,0.0,0.0
2026-04-16 19:23:50,30.3,58.7,12.9,53.8,0.0,0.0,0.0
2026-04-16 19:23:55,30.2,58.6,14.1,53.8,0.0,0.0,0.0
2026-04-16 19:24:00,30.2,58.6,15.3,53.8,0.0,0.0,0.0
2026-04-16 19:24:05,30.3,58.7,13.7,53.8,0.0,0.0,0.0
2026-04-16 19:24:10,30.3,58.6,8.6,53.8,0.0,0.0,0.0
2026-04-16 19:24:15,30.2,58.6,19.0,53.8,0.0,0.0,0.0
2026-04-16 19:24:20,30.1,58.6,16.4,53.8,0.0,0.0,0.0
2026-04-16 19:24:25,30.2,58.5,11.6,53.8,0.0,0.0,0.0
2026-04-16 19:24:30,30.2,58.4,5.4,53.8,0.0,0.0,0.0
2026-04-16 19:24:35,30.2,58.5,7.3,53.8,0.0,0.0,0.0
2026-04-16 19:24:40,30.3,58.5,15.6,53.8,0.0,0.0,0.0
2026-04-16 19:24:45,30.1,58.5,27.8,53.8,0.0,0.0,0.0
2026-04-16 19:24:50,30.1,58.5,18.3,53.8,0.0,0.0,0.0
2026-04-16 19:24:55,30.3,58.6,15.4,53.8,0.0,0.0,0.0
2026-04-16 19:25:00,30.2,58.6,0.0,53.8,0.0,0.0,0.0
2026-04-16 19:25:05,30.3,58.4,5.5,53.8,0.0,0.0,0.0
2026-04-16 19:25:10,30.2,58.5,0.0,53.8,0.0,0.0,0.0
2026-04-16 19:25:15,30.1,58.5,16.5,53.8,0.0,0.0,0.0
2026-04-16 19:25:20,30.2,58.4,0.0,53.8,0.0,0.0,0.0
2026-04-16 19:25:25,30.3,58.4,27.3,53.8,0.0,0.0,0.0
2026-04-16 19:25:30,30.2,58.4,5.8,53.8,0.0,0.0,0.0
2026-04-16 19:25:35,30.3,58.5,0.0,53.8,0.0,0.0,0.0
2026-04-16 19:25:40,30.1,58.4,34.6,53.8,0.0,0.0,0.0
2026-04-16 19:25:45,30.2,58.3,19.6,53.8,0.0,0.0,0.0
2026-04-16 19:25:50,30.2,58.4,4.5,53.8,0.0,0.0,0.0
2026-04-16 19:25:55,30.1,58.4,15.4,53.8,0.0,0.0,0.0
2026-04-16 19:26:00,30.3,58.3,8.8,53.8,0.0,0.0,0.0
2026-04-16 19:26:05,30.2,58.2,22.0,53.8,0.0,0.0,0.0
2026-04-16 19:26:10,30.2,58.2,12.0,53.8,0.0,0.0,0.0
2026-04-16 19:26:15,30.2,58.1,13.0,53.8,0.0,0.0,0.0
2026-04-16 19:26:20,30.1,58.2,11.0,53.8,0.0,0.0,0.0
2026-04-16 19:26:25,30.1,58.3,16.6,53.8,0.0,0.0,0.0
2026-04-16 19:26:30,30.1,58.2,19.3,53.8,0.0,0.0,0.0
2026-04-16 19:26:35,30.3,58.2,23.8,53.8,0.0,0.0,0.0
2026-04-16 19:26:40,30.1,58.2,16.5,53.8,0.0,0.0,0.0
2026-04-16 19:26:45,30.2,58.2,13.7,53.8,0.0,0.0,0.0
2026-04-16 19:26:50,30.1,58.1,17.0,53.9,0.0,0.0,0.0
2026-04-16 19:26:55,30.2,58.1,33.9,53.9,0.0,0.0,0.0
2026-04-16 19:27:00,30.3,58.1,20.3,53.9,0.0,0.0,0.0
2026-04-16 19:27:05,30.2,58.1,0.0,53.8,0.0,0.0,0.0
2026-04-16 19:27:10,30.2,58.0,10.3,53.8,0.0,0.0,0.0
2026-04-16 19:27:15,30.2,58.2,25.2,53.8,0.0,0.0,0.0
2026-04-16 19:27:20,30.2,58.2,0.0,53.8,0.0,0.0,0.0
2026-04-16 19:27:25,30.1,58.2,11.0,53.8,0.0,0.0,0.0
2026-04-16 19:27:30,30.3,58.3,10.9,53.8,0.0,0.0,0.0
2026-04-16 19:27:35,30.1,58.4,9.3,53.8,0.0,0.0,0.0
2026-04-16 19:27:40,30.2,58.4,15.0,53.8,0.0,0.0,0.0
2026-04-16 19:27:45,30.1,58.5,12.7,53.8,0.0,0.0,0.0
2026-04-16 19:27:50,30.2,58.5,19.4,53.8,0.0,0.0,0.0
2026-04-16 19:27:55,30.2,58.4,13.2,53.8,0.0,0.0,0.0
2026-04-16 19:28:00,30.2,58.2,14.9,53.8,0.0,0.0,0.0
2026-04-16 19:28:05,30.2,58.2,19.3,53.8,0.0,0.0,0.0
2026-04-16 19:28:10,30.2,58.1,15.1,53.8,0.0,0.0,0.0
2026-04-16 19:28:15,30.2,58.2,10.4,53.8,0.0,0.0,0.0
2026-04-16 19:28:20,30.2,58.2,26.5,53.8,0.0,0.0,0.0
2026-04-16 19:28:25,30.2,58.1,0.4,53.8,0.0,0.0,0.0
2026-04-16 19:28:30,30.3,58.1,24.4,53.9,0.0,0.0,0.0
2026-04-16 19:28:35,30.2,57.9,18.6,53.9,0.0,0.0,0.0
2026-04-16 19:28:40,30.0,58.0,0.0,53.9,0.0,0.0,0.0
2026-04-16 19:28:45,30.2,58.1,15.7,53.9,0.0,0.0,0.0
2026-04-16 19:28:50,30.2,58.1,4.6,53.8,0.0,0.0,0.0
2026-04-16 19:28:55,30.2,58.2,6.7,53.8,0.0,0.0,0.0
2026-04-16 19:29:00,30.2,58.3,25.0,53.8,0.0,0.0,0.0
2026-04-16 19:29:05,30.3,58.4,31.6,53.9,0.0,0.0,0.0
2026-04-16 19:29:10,30.2,58.3,27.9,53.9,0.0,0.0,0.0
2026-04-16 19:29:15,30.2,58.4,16.2,53.9,0.0,0.0,0.0
2026-04-16 19:29:20,30.2,58.5,15.5,53.9,0.0,0.0,0.0
2026-04-16 19:29:25,30.3,58.4,6.0,53.8,0.0,0.0,0.0
2026-04-16 19:29:30,30.3,58.4,11.9,53.8,0.0,0.0,0.0
2026-04-16 19:29:35,30.1,58.4,12.4,53.8,0.0,0.0,0.0
2026-04-16 19:29:40,30.0,58.4,28.7,53.8,0.0,0.0,0.0
2026-04-16 19:29:45,30.3,58.3,14.5,53.8,0.0,0.0,0.0
2026-04-16 19:29:50,30.1,58.4,22.1,53.8,0.0,0.0,0.0
2026-04-16 19:29:55,30.2,58.4,14.2,53.8,0.0,0.0,0.0
2026-04-16 19:30:00,30.2,58.4,18.3,53.9,0.0,0.0,0.0
2026-04-16 19:30:05,30.1,58.2,24.6,53.9,0.0,0.0,0.0
2026-04-16 19:30:10,30.3,58.2,8.4,53.9,0.0,0.0,0.0
2026-04-16 19:30:15,30.1,58.2,3.8,53.9,0.0,0.0,0.0
2026-04-16 19:30:20,30.1,58.2,9.1,53.9,0.0,0.0,0.0
2026-04-16 19:30:25,30.1,58.1,11.8,53.9,0.0,0.0,0.0
2026-04-16 19:30:30,30.2,58.3,16.5,53.9,0.0,0.0,0.0
2026-04-16 19:30:35,30.3,58.2,0.0,53.9,0.0,0.0,0.0
2026-04-16 19:30:40,30.2,58.3,28.1,53.9,0.0,0.0,0.0
2026-04-16 19:30:45,30.3,58.2,0.0,53.9,0.0,0.0,0.0
2026-04-16 19:30:50,30.2,58.2,10.2,53.9,0.0,0.0,0.0
2026-04-16 19:30:55,30.1,58.4,7.7,53.9,0.0,0.0,0.0
2026-04-16 19:31:00,30.2,58.4,9.3,53.9,0.0,0.0,0.0
2026-04-16 19:31:05,30.3,58.2,22.4,53.9,0.0,0.0,0.0
2026-04-16 19:31:10,30.1,58.3,9.9,53.9,0.0,0.0,0.0
2026-04-16 19:31:15,30.2,58.3,15.6,53.9,0.0,0.0,0.0
2026-04-16 19:31:20,30.2,58.3,0.0,53.9,0.0,0.0,0.0
2026-04-16 19:31:25,30.1,58.3,15.8,53.9,0.0,0.0,0.0
2026-04-16 19:31:30,30.2,58.4,9.3,53.9,0.0,0.0,0.0
2026-04-16 19:31:35,30.2,58.4,10.4,53.9,0.0,0.0,0.0
2026-04-16 19:31:40,30.2,58.5,16.4,53.9,0.0,0.0,0.0
2026-04-16 19:31:45,30.2,58.6,32.9,53.9,0.0,0.0,0.0
2026-04-16 19:31:50,30.4,58.6,2.3,53.9,0.0,0.0,0.0
2026-04-16 19:31:55,30.2,58.6,26.6,53.9,0.0,0.0,0.0
2026-04-16 19:32:00,30.3,58.5,17.2,53.9,0.0,0.0,0.0
2026-04-16 19:32:05,30.1,58.4,0.0,53.9,0.0,0.0,0.0
2026-04-16 19:32:10,30.2,58.4,10.7,53.9,0.0,0.0,0.0
2026-04-16 19:32:15,30.1,58.5,0.0,53.9,0.0,0.0,0.0
2026-04-16 19:32:20,30.2,58.5,19.8,53.9,0.0,0.0,0.0
2026-04-16 19:32:25,30.2,58.4,4.3,53.9,0.0,0.0,0.0
2026-04-16 19:32:30,30.3,58.4,18.0,53.9,0.0,0.0,0.0
2026-04-16 19:32:35,30.2,58.4,12.4,53.9,0.0,0.0,0.0
2026-04-16 19:32:40,30.1,58.4,4.9,53.9,0.0,0.0,0.0
2026-04-16 19:32:45,30.2,58.5,10.5,53.9,0.0,0.0,0.0
2026-04-16 19:32:50,30.1,58.5,10.8,53.8,0.0,0.0,0.0
2026-04-16 19:32:55,30.2,58.5,6.3,53.8,0.0,0.0,0.0
2026-04-16 19:33:00,30.1,58.4,12.3,53.8,0.0,0.0,0.0
2026-04-16 19:33:05,30.2,58.5,7.9,53.8,0.0,0.0,0.0
2026-04-16 19:33:10,30.2,58.5,18.8,53.8,0.0,0.0,0.0
2026-04-16 19:33:15,30.1,58.4,6.7,53.8,0.0,0.0,0.0
2026-04-16 19:33:20,30.4,58.5,35.2,53.8,0.0,0.0,0.0
2026-04-16 19:33:25,30.2,58.3,15.8,53.8,0.0,0.0,0.0
2026-04-16 19:33:30,30.2,58.3,7.7,53.8,0.0,0.0,0.0
2026-04-16 19:33:35,30.2,58.3,5.7,53.8,0.0,0.0,0.0
2026-04-16 19:33:40,30.4,58.1,9.2,53.9,0.0,0.0,0.0
2026-04-16 19:33:45,30.4,58.2,0.0,53.9,0.0,0.0,0.0
2026-04-16 19:33:50,30.3,58.2,21.2,53.9,0.0,0.0,0.0
2026-04-16 19:33:55,30.4,58.3,14.8,53.9,0.0,0.0,0.0
2026-04-16 19:34:00,30.3,58.4,22.1,53.9,0.0,0.0,0.0
2026-04-16 19:34:05,30.2,58.3,10.2,53.9,0.0,0.0,0.0
2026-04-16 19:34:10,30.3,58.3,22.2,53.9,0.0,0.0,0.0
2026-04-16 19:34:15,30.3,58.4,17.6,53.9,0.0,0.0,0.0
2026-04-16 19:34:20,30.3,58.3,20.3,53.8,0.0,0.0,0.0
2026-04-16 19:34:25,30.2,58.3,15.9,53.8,0.0,0.0,0.0
2026-04-16 19:34:30,30.1,58.5,0.0,53.8,0.0,0.0,0.0
2026-04-16 19:34:35,30.2,58.5,8.0,53.8,0.0,0.0,0.0
2026-04-16 19:34:40,30.2,58.4,2.5,53.8,0.0,0.0,0.0
2026-04-16 19:34:45,30.1,58.3,14.4,53.8,0.0,0.0,0.0
2026-04-16 19:34:50,30.3,58.3,12.3,53.8,0.0,0.0,0.0
2026-04-16 19:34:55,30.2,58.3,12.4,53.9,0.0,0.0,0.0
2026-04-16 19:35:00,30.2,58.2,15.8,53.9,0.0,0.0,0.0
2026-04-16 19:35:05,30.2,58.2,16.9,53.9,0.0,0.0,0.0
2026-04-16 19:35:10,30.3,58.1,11.7,53.9,0.0,0.0,0.0
2026-04-16 19:35:15,30.3,58.1,5.6,53.9,0.0,0.0,0.0
2026-04-16 19:35:20,30.3,57.9,18.4,53.9,0.0,0.0,0.0
2026-04-16 19:35:25,30.3,57.9,14.4,53.9,0.0,0.0,0.0
2026-04-16 19:35:30,30.2,57.9,10.8,53.9,0.0,0.0,0.0
2026-04-16 19:35:35,30.4,57.8,12.5,53.9,0.0,0.0,0.0
2026-04-16 19:35:40,30.3,58.0,3.3,53.9,0.0,0.0,0.0
2026-04-16 19:35:45,30.2,57.9,13.0,53.9,0.0,0.0,0.0
2026-04-16 19:35:50,30.3,57.9,10.2,53.9,0.0,0.0,0.0
2026-04-16 19:35:55,30.1,58.0,40.3,53.9,0.0,0.0,0.0
2026-04-16 19:36:00,30.2,58.0,39.3,53.8,0.0,0.0,0.0
2026-04-16 19:36:05,30.3,57.9,0.0,53.8,0.0,0.0,0.0
2026-04-16 19:36:10,30.3,58.0,10.7,53.8,0.0,0.0,0.0
2026-04-16 19:36:15,30.1,58.2,29.0,53.8,0.0,0.0,0.0
2026-04-16 19:36:20,30.3,58.1,24.0,53.8,0.0,0.0,0.0
2026-04-16 19:36:25,30.1,58.0,12.4,53.8,0.0,0.0,0.0
2026-04-16 19:36:30,30.3,58.0,2.5,53.9,0.0,0.0,0.0
2026-04-16 19:36:35,30.3,58.0,14.2,53.9,0.0,0.0,0.0
2026-04-16 19:36:40,30.2,58.1,28.5,53.9,0.0,0.0,0.0
2026-04-16 19:36:45,30.1,58.1,3.1,53.8,0.0,0.0,0.0
2026-04-16 19:36:50,30.3,58.2,20.1,53.8,0.0,0.0,0.0
2026-04-16 19:36:55,30.2,58.0,7.9,53.8,0.0,0.0,0.0
2026-04-16 19:37:00,30.2,58.2,26.4,53.8,0.0,0.0,0.0
2026-04-16 19:37:05,30.2,58.1,8.2,53.8,0.0,0.0,0.0
2026-04-16 19:37:10,30.2,58.1,23.5,53.8,0.0,0.0,0.0
2026-04-16 19:37:15,30.3,58.2,22.7,53.8,0.0,0.0,0.0
2026-04-16 19:37:20,30.1,58.4,16.1,53.8,0.0,0.0,0.0
2026-04-16 19:37:25,30.3,58.4,0.0,53.8,0.0,0.0,0.0
2026-04-16 19:37:30,30.1,58.4,23.6,53.8,0.0,0.0,0.0
2026-04-16 19:37:35,30.2,58.4,0.0,53.8,0.0,0.0,0.0
2026-04-16 19:37:40,30.2,58.5,22.1,53.8,0.0,0.0,0.0
2026-04-16 19:37:45,30.2,58.5,9.9,53.8,0.0,0.0,0.0
2026-04-16 19:37:50,30.2,58.6,3.9,53.8,0.0,0.0,0.0
2026-04-16 19:37:55,30.2,58.6,20.1,53.8,0.0,0.0,0.0
2026-04-16 19:38:00,30.3,58.7,3.5,53.8,0.0,0.0,0.0
2026-04-16 19:38:05,30.2,58.6,7.1,53.8,0.0,0.0,0.0
2026-04-16 19:38:10,30.3,58.6,15.2,53.8,0.0,0.0,0.0
2026-04-16 19:38:15,30.2,58.7,0.0,53.8,0.0,0.0,0.0
2026-04-16 19:38:20,30.2,58.7,18.9,53.8,0.0,0.0,0.0
2026-04-16 19:38:25,30.3,58.6,15.3,53.8,0.0,0.0,0.0
2026-04-16 19:38:30,30.2,58.5,25.8,53.8,0.0,0.0,0.0
2026-04-16 19:38:35,30.1,58.5,18.8,53.9,0.0,0.0,0.0
2026-04-16 19:38:40,30.2,58.7,13.1,53.9,0.0,0.0,0.0
2026-04-16 19:38:45,30.2,58.7,6.1,53.9,0.0,0.0,0.0
2026-04-16 19:38:50,30.2,58.7,4.0,53.8,0.0,0.0,0.0
2026-04-16 19:38:55,30.2,58.8,6.1,53.8,0.0,0.0,0.0
2026-04-16 19:39:00,30.2,58.7,0.6,53.8,0.0,0.0,0.0
2026-04-16 19:39:05,30.2,58.7,3.0,53.9,0.0,0.0,0.0
2026-04-16 19:39:10,30.2,58.7,6.8,53.9,0.0,0.0,0.0
2026-04-16 19:39:15,30.3,58.6,10.2,53.9,0.0,0.0,0.0
2026-04-16 19:39:20,30.3,58.7,16.9,53.9,0.0,0.0,0.0
2026-04-16 19:39:25,30.2,58.7,21.9,53.9,0.0,0.0,0.0
2026-04-16 19:39:30,30.3,58.8,25.5,53.8,0.0,0.0,0.0
2026-04-16 19:39:35,30.2,58.8,8.8,53.8,0.0,0.0,0.0
2026-04-16 19:39:40,30.3,58.8,14.7,53.8,0.0,0.0,0.0
2026-04-16 19:39:45,30.3,58.8,16.1,53.8,0.0,0.0,0.0
2026-04-16 19:39:50,30.2,58.8,11.6,53.8,0.0,0.0,0.0
2026-04-16 19:39:55,30.2,58.9,6.9,53.8,0.0,0.0,0.0
2026-04-16 19:40:00,30.2,58.9,3.2,53.8,0.0,0.0,0.0
2026-04-16 19:40:05,30.3,58.8,13.1,53.8,0.0,0.0,0.0
2026-04-16 19:40:10,30.1,58.8,19.2,53.8,0.0,0.0,0.0
2026-04-16 19:40:15,30.2,58.8,14.8,53.8,0.0,0.0,0.0
2026-04-16 19:40:20,30.3,58.7,12.9,53.8,0.0,0.0,0.0
2026-04-16 19:40:25,30.4,58.7,37.6,53.8,0.0,0.0,0.0
2026-04-16 19:40:30,30.3,58.6,6.7,53.8,0.0,0.0,0.0
2026-04-16 19:40:35,30.3,58.8,19.9,53.8,0.0,0.0,0.0
2026-04-16 19:40:40,30.3,58.8,10.7,53.8,0.0,0.0,0.0
2026-04-16 19:40:45,30.1,58.8,20.3,53.8,0.0,0.0,0.0
2026-04-16 19:40:50,30.4,59.0,15.4,53.8,0.0,0.0,0.0
2026-04-16 19:40:55,30.3,59.1,23.0,53.8,0.0,0.0,0.0
2026-04-16 19:41:00,30.3,59.1,4.0,53.8,0.0,0.0,0.0
2026-04-16 19:41:05,30.4,58.9,0.9,53.8,0.0,0.0,0.0
2026-04-16 19:41:10,30.3,58.8,39.5,53.8,0.0,0.0,0.0
2026-04-16 19:41:15,30.3,58.9,20.4,53.8,0.0,0.0,0.0
2026-04-16 19:41:20,30.3,58.8,22.3,53.8,0.0,0.0,0.0
2026-04-16 19:41:25,30.2,58.8,9.8,53.8,0.0,0.0,0.0
2026-04-16 19:41:30,30.1,58.8,14.7,53.8,0.0,0.0,0.0
2026-04-16 19:41:35,30.2,58.8,0.0,53.8,0.0,0.0,0.0
2026-04-16 19:41:40,30.2,58.8,0.0,53.8,0.0,0.0,0.0
2026-04-16 19:41:45,30.2,58.6,11.9,53.8,0.0,0.0,0.0
2026-04-16 19:41:50,30.2,58.6,4.9,53.8,0.0,0.0,0.0
2026-04-16 19:41:55,30.3,58.8,18.5,53.8,0.0,0.0,0.0
2026-04-16 19:42:00,30.4,58.9,4.0,53.8,0.0,0.0,0.0
2026-04-16 19:42:05,30.2,59.0,5.4,53.8,0.0,0.0,0.0
2026-04-16 19:42:10,30.1,59.0,11.3,53.8,0.0,0.0,0.0
2026-04-16 19:42:15,30.4,59.2,9.0,53.8,0.0,0.0,0.0
2026-04-16 19:42:20,30.4,59.2,16.9,53.8,0.0,0.0,0.0
2026-04-16 19:42:25,30.3,59.1,20.8,53.8,0.0,0.0,0.0
2026-04-16 19:42:30,30.3,59.0,0.0,53.8,0.0,0.0,0.0
2026-04-16 19:42:35,30.3,58.9,21.3,53.8,0.0,0.0,0.0
2026-04-16 19:42:40,30.5,58.9,23.0,53.9,0.0,0.0,0.0
2026-04-16 19:42:45,30.2,58.9,16.5,53.9,0.0,0.0,0.0
2026-04-16 19:42:50,30.2,58.9,21.6,53.9,0.0,0.0,0.0
2026-04-16 19:42:55,30.2,58.9,15.9,53.9,0.0,0.0,0.0
2026-04-16 19:43:00,30.4,58.8,13.9,53.9,0.0,0.0,0.0
2026-04-16 19:43:05,30.3,59.0,23.3,53.9,0.0,0.0,0.0
2026-04-16 19:43:10,30.4,59.0,16.7,53.8,0.0,0.0,0.0
2026-04-16 19:43:15,30.2,58.9,13.7,53.8,0.0,0.0,0.0
2026-04-16 19:43:20,30.4,58.8,22.1,53.9,0.0,0.0,0.0
2026-04-16 19:43:25,30.3,58.8,7.4,53.9,0.0,0.0,0.0
2026-04-16 19:43:30,30.3,58.8,8.4,53.9,0.0,0.0,0.0
2026-04-16 19:43:35,30.3,58.7,22.2,53.8,0.0,0.0,0.0
2026-04-16 19:43:40,30.3,58.6,23.7,53.8,0.0,0.0,0.0
2026-04-16 19:43:45,30.4,58.5,11.4,53.8,0.0,0.0,0.0
2026-04-16 19:43:50,30.4,58.3,3.0,53.8,0.0,0.0,0.0
2026-04-16 19:43:55,30.3,58.3,13.2,53.8,0.0,0.0,0.0
2026-04-16 19:44:00,30.2,58.3,10.6,53.8,0.0,0.0,0.0
2026-04-16 19:44:05,30.3,58.3,9.4,53.8,0.0,0.0,0.0
2026-04-16 19:44:10,30.2,58.3,20.2,53.8,0.0,0.0,0.0
2026-04-16 19:44:15,30.3,58.4,1.8,53.8,0.0,0.0,0.0
2026-04-16 19:44:20,30.2,58.4,18.4,53.8,0.0,0.0,0.0
2026-04-16 19:44:25,30.4,58.5,0.0,53.8,0.0,0.0,0.0
2026-04-16 19:44:30,30.2,58.5,6.5,53.8,0.0,0.0,0.0
2026-04-16 19:44:35,30.3,58.6,25.7,53.8,0.0,0.0,0.0
2026-04-16 19:44:40,30.2,58.6,23.5,53.8,0.0,0.0,0.0
2026-04-16 19:44:45,30.2,58.6,4.8,53.8,0.0,0.0,0.0
2026-04-16 19:44:50,30.3,58.7,3.0,53.8,0.0,0.0,0.0
2026-04-16 19:44:55,30.2,58.6,21.8,53.8,0.0,0.0,0.0
2026-04-16 19:45:00,30.3,58.6,8.3,53.8,0.0,0.0,0.0
2026-04-16 19:45:05,30.2,58.7,12.9,53.8,0.0,0.0,0.0
2026-04-16 19:45:10,30.4,58.7,14.2,53.8,0.0,0.0,0.0
2026-04-16 19:45:15,30.2,58.7,1.3,53.8,0.0,0.0,0.0
2026-04-16 19:45:20,30.3,58.7,1.8,53.8,0.0,0.0,0.0
2026-04-16 19:45:25,30.2,58.5,29.7,53.8,0.0,0.0,0.0
2026-04-16 19:45:30,30.2,58.6,16.3,53.8,0.0,0.0,0.0
2026-04-16 19:45:35,30.2,58.6,29.8,53.8,0.0,0.0,0.0
2026-04-16 19:45:40,30.3,58.6,11.5,53.8,0.0,0.0,0.0
2026-04-16 19:45:45,30.4,58.6,6.9,53.8,0.0,0.0,0.0
2026-04-16 19:45:50,30.4,58.5,15.4,53.8,0.0,0.0,0.0
2026-04-16 19:45:55,30.4,58.6,16.4,53.8,0.0,0.0,0.0
2026-04-16 19:46:00,30.3,58.6,2.6,53.8,0.0,0.0,0.0
2026-04-16 19:46:05,30.3,58.6,7.2,53.8,0.0,0.0,0.0
2026-04-16 19:46:10,30.4,58.6,21.3,53.8,0.0,0.0,0.0
2026-04-16 19:46:15,30.3,58.5,24.8,53.8,0.0,0.0,0.0
2026-04-16 19:46:20,30.2,58.5,27.5,53.8,0.0,0.0,0.0
2026-04-16 19:46:25,30.2,58.5,0.0,53.8,0.0,0.0,0.0
2026-04-16 19:46:30,30.2,58.5,19.6,53.8,0.0,0.0,0.0
2026-04-16 19:46:35,30.4,58.5,21.7,53.8,0.0,0.0,0.0
2026-04-16 19:46:40,30.4,58.6,15.2,53.8,0.0,0.0,0.0
2026-04-16 19:46:45,30.4,58.5,9.0,53.8,0.0,0.0,0.0
2026-04-16 19:46:50,30.5,58.5,15.1,53.8,0.0,0.0,0.0
2026-04-16 19:46:55,30.4,58.6,8.1,53.8,0.0,0.0,0.0
2026-04-16 19:47:00,30.2,58.6,13.0,53.8,0.0,0.0,0.0
2026-04-16 19:47:05,30.3,58.6,6.8,53.8,0.0,0.0,0.0
2026-04-16 19:47:10,30.4,58.6,2.8,53.8,0.0,0.0,0.0
2026-04-16 19:47:15,30.3,58.5,3.8,53.8,0.0,0.0,0.0
2026-04-16 19:47:20,30.3,58.5,4.3,53.8,0.0,0.0,0.0
2026-04-16 19:47:25,30.5,58.6,13.2,53.8,0.0,0.0,0.0
2026-04-16 19:47:30,30.2,58.5,3.0,53.8,0.0,0.0,0.0
2026-04-16 19:47:35,30.3,58.5,5.3,53.8,0.0,0.0,0.0
2026-04-16 19:47:40,30.3,58.5,35.2,53.8,0.0,0.0,0.0
2026-04-16 19:47:45,30.5,58.5,16.8,53.8,0.0,0.0,0.0
2026-04-16 19:47:50,30.3,58.5,18.6,53.8,0.0,0.0,0.0
2026-04-16 19:47:55,30.4,58.5,10.3,53.8,0.0,0.0,0.0
2026-04-16 19:48:00,30.3,58.5,17.3,53.8,0.0,0.0,0.0
2026-04-16 19:48:05,30.4,58.4,21.5,53.8,0.0,0.0,0.0
2026-04-16 19:48:10,30.3,58.3,21.1,53.8,0.0,0.0,0.0
2026-04-16 19:48:15,30.4,58.3,22.2,53.8,0.0,0.0,0.0
2026-04-16 19:48:20,30.2,58.4,25.7,53.8,0.0,0.0,0.0
2026-04-16 19:48:25,30.4,58.4,19.8,53.8,0.0,0.0,0.0
2026-04-16 19:48:30,30.3,58.4,9.5,53.8,0.0,0.0,0.0
2026-04-16 19:48:35,30.4,58.3,7.1,53.8,0.0,0.0,0.0
2026-04-16 19:48:40,30.3,58.4,21.4,53.8,0.0,0.0,0.0
2026-04-16 19:48:45,30.1,58.3,0.0,53.8,0.0,0.0,0.0
2026-04-16 19:48:50,30.2,58.3,30.5,53.8,0.0,0.0,0.0
2026-04-16 19:48:55,30.4,58.3,24.2,53.8,0.0,0.0,0.0
2026-04-16 19:49:00,30.2,58.4,0.0,53.8,0.0,0.0,0.0
2026-04-16 19:49:05,30.5,58.3,28.2,53.8,0.0,0.0,0.0
2026-04-16 19:49:10,30.4,58.4,20.6,53.8,0.0,0.0,0.0
2026-04-16 19:49:15,30.4,58.5,0.0,53.8,0.0,0.0,0.0
2026-04-16 19:49:20,30.3,58.6,20.0,53.8,0.0,0.0,0.0
2026-04-16 19:49:25,30.3,58.7,30.5,53.8,0.0,0.0,0.0
2026-04-16 19:49:30,30.3,58.8,21.7,53.8,0.0,0.0,0.0
2026-04-16 19:49:35,30.3,58.8,29.3,53.8,0.0,0.0,0.0
2026-04-16 19:49:40,30.4,58.9,6.8,53.8,0.0,0.0,0.0
2026-04-16 19:49:45,30.2,59.0,24.5,53.8,0.0,0.0,0.0
2026-04-16 19:49:50,30.3,58.9,12.2,53.8,0.0,0.0,0.0
2026-04-16 19:49:55,30.3,58.9,34.8,53.8,0.0,0.0,0.0
2026-04-16 19:50:00,30.3,58.8,0.9,53.8,0.0,0.0,0.0
2026-04-16 19:50:05,30.4,58.7,10.7,53.8,0.0,0.0,0.0
2026-04-16 19:50:10,30.4,58.7,13.3,53.8,0.0,0.0,0.0
2026-04-16 19:50:15,30.4,58.7,16.1,53.7,0.0,0.0,0.0
2026-04-16 19:50:20,30.4,58.6,19.0,53.7,0.0,0.0,0.0
2026-04-16 19:50:25,30.4,58.6,11.6,53.7,0.0,0.0,0.0
2026-04-16 19:50:30,30.4,58.5,26.8,53.8,0.0,0.0,0.0
2026-04-16 19:50:35,30.3,58.6,34.8,53.8,0.0,0.0,0.0
2026-04-16 19:50:40,30.4,58.7,2.9,53.8,0.0,0.0,0.0
2026-04-16 19:50:45,30.5,58.6,12.3,53.8,0.0,0.0,0.0
2026-04-16 19:50:50,30.2,58.5,12.3,53.7,0.0,0.0,0.0
2026-04-16 19:50:55,30.6,58.5,28.5,53.7,0.0,0.0,0.0
2026-04-16 19:51:00,30.5,58.3,24.5,53.7,0.0,0.0,0.0
2026-04-16 19:51:05,30.3,58.2,11.9,53.8,0.0,0.0,0.0
2026-04-16 19:51:10,30.3,58.2,18.5,53.8,0.0,0.0,0.0
2026-04-16 19:51:15,30.3,58.2,0.0,53.7,0.0,0.0,0.0
2026-04-16 19:51:20,30.3,58.1,20.1,53.7,0.0,0.0,0.0
2026-04-16 19:51:25,30.2,58.0,11.3,53.7,0.0,0.0,0.0
2026-04-16 19:51:30,30.4,58.1,12.4,53.7,0.0,0.0,0.0
2026-04-16 19:51:35,30.4,58.1,0.0,53.7,0.0,0.0,0.0
2026-04-16 19:51:40,30.2,58.2,9.4,53.7,0.0,0.0,0.0
2026-04-16 19:51:45,30.4,58.1,0.0,53.7,0.0,0.0,0.0
2026-04-16 19:51:50,30.3,58.1,18.4,53.8,0.0,0.0,0.0
2026-04-16 19:51:55,30.3,58.2,9.2,53.8,0.0,0.0,0.0
2026-04-16 19:52:00,30.3,58.3,13.8,53.8,0.0,0.0,0.0
2026-04-16 19:52:05,30.4,58.4,7.7,53.8,0.0,0.0,0.0
2026-04-16 19:52:10,30.3,58.3,8.5,53.8,0.0,0.0,0.0
2026-04-16 19:52:15,30.3,58.3,23.7,53.8,0.0,0.0,0.0
2026-04-16 19:52:20,30.3,58.3,29.5,53.7,0.0,0.0,0.0
2026-04-16 19:52:25,30.3,58.3,16.9,53.7,0.0,0.0,0.0
2026-04-16 19:52:30,30.4,58.2,8.0,53.7,0.0,0.0,0.0
2026-04-16 19:52:35,30.4,58.3,20.8,53.7,0.0,0.0,0.0
2026-04-16 19:52:40,30.4,58.3,16.6,53.7,0.0,0.0,0.0
2026-04-16 19:52:45,30.3,58.4,0.0,53.7,0.0,0.0,0.0
2026-04-16 19:52:50,30.2,58.4,11.8,53.7,0.0,0.0,0.0
2026-04-16 19:52:55,30.3,58.2,14.8,53.7,0.0,0.0,0.0
2026-04-16 19:53:00,30.4,58.4,25.5,53.7,0.0,0.0,0.0
2026-04-16 19:53:05,30.3,58.3,48.6,53.7,0.0,0.0,0.0
2026-04-16 19:53:10,30.4,58.2,26.3,53.7,0.0,0.0,0.0
2026-04-16 19:53:15,30.6,58.3,13.8,53.7,0.0,0.0,0.0
2026-04-16 19:53:20,30.4,58.3,25.2,53.7,0.0,0.0,0.0
2026-04-16 19:53:25,30.4,58.2,4.7,53.7,0.0,0.0,0.0
2026-04-16 19:53:30,30.2,58.2,21.8,53.7,0.0,0.0,0.0
2026-04-16 19:53:35,30.2,58.3,17.8,53.7,0.0,0.0,0.0
2026-04-16 19:53:40,30.4,58.2,6.8,53.7,0.0,0.0,0.0
2026-04-16 19:53:45,30.4,58.2,9.6,53.7,0.0,0.0,0.0
2026-04-16 19:53:50,30.4,58.1,19.1,53.7,0.0,0.0,0.0
2026-04-16 19:53:55,30.3,58.2,6.3,53.7,0.0,0.0,0.0
2026-04-16 19:54:00,30.4,58.3,7.2,53.7,0.0,0.0,0.0
2026-04-16 19:54:05,30.3,58.2,7.0,53.7,0.0,0.0,0.0
2026-04-16 19:54:10,30.3,58.2,15.7,53.8,0.0,0.0,0.0
2026-04-16 19:54:15,30.4,58.2,17.6,53.8,0.0,0.0,0.0
2026-04-16 19:54:20,30.4,58.1,13.1,53.8,0.0,0.0,0.0
2026-04-16 19:54:25,30.5,58.2,6.6,53.8,0.0,0.0,0.0
2026-04-16 19:54:30,30.5,58.2,19.5,53.7,0.0,0.0,0.0
2026-04-16 19:54:35,30.4,58.0,36.8,53.7,0.0,0.0,0.0
2026-04-16 19:54:40,30.3,58.0,9.8,53.7,0.0,0.0,0.0
2026-04-16 19:54:45,30.3,58.1,24.2,53.7,0.0,0.0,0.0
2026-04-16 19:54:50,30.4,58.2,13.1,53.7,0.0,0.0,0.0
2026-04-16 19:54:55,30.2,58.1,34.9,53.7,0.0,0.0,0.0
2026-04-16 19:55:00,30.4,58.0,12.8,53.7,0.0,0.0,0.0
2026-04-16 19:55:05,30.5,58.2,8.0,53.7,0.0,0.0,0.0
2026-04-16 19:55:10,30.4,58.1,10.0,53.7,0.0,0.0,0.0
2026-04-16 19:55:15,30.4,58.1,20.5,53.7,0.0,0.0,0.0
2026-04-16 19:55:20,30.4,58.1,0.0,53.7,0.0,0.0,0.0
2026-04-16 19:55:25,30.3,58.2,21.6,53.7,0.0,0.0,0.0
2026-04-16 19:55:30,30.4,58.3,10.6,53.7,0.0,0.0,0.0
2026-04-16 19:55:35,30.3,58.4,9.5,53.7,0.0,0.0,0.0
2026-04-16 19:55:40,30.4,58.4,8.9,53.7,0.0,0.0,0.0
2026-04-16 19:55:45,30.2,58.4,19.3,53.7,0.0,0.0,0.0
2026-04-16 19:55:50,30.4,58.3,12.0,53.7,0.0,0.0,0.0
2026-04-16 19:55:55,30.3,58.3,11.1,53.7,0.0,0.0,0.0
2026-04-16 19:56:00,30.4,58.4,0.8,53.7,0.0,0.0,0.0
2026-04-16 19:56:05,30.4,58.3,32.4,53.7,0.0,0.0,0.0
2026-04-16 19:56:10,30.3,58.2,19.2,53.7,0.0,0.0,0.0
2026-04-16 19:56:15,30.4,58.3,26.8,53.7,0.0,0.0,0.0
2026-04-16 19:56:20,30.4,58.3,19.6,53.7,0.0,0.0,0.0
2026-04-16 19:56:25,30.4,58.5,8.5,53.7,0.0,0.0,0.0
2026-04-16 19:56:30,30.5,58.5,28.2,53.7,0.0,0.0,0.0
2026-04-16 19:56:35,30.5,58.5,13.8,53.7,0.0,0.0,0.0
2026-04-16 19:56:40,30.5,58.5,0.0,53.7,0.0,0.0,0.0
2026-04-16 19:56:45,30.3,58.4,12.9,53.7,0.0,0.0,0.0
2026-04-16 19:56:50,30.4,58.5,13.9,53.7,0.0,0.0,0.0
2026-04-16 19:56:55,30.4,58.7,15.0,53.7,0.0,0.0,0.0
2026-04-16 19:57:00,30.4,58.5,6.3,53.7,0.0,0.0,0.0
2026-04-16 19:57:05,30.5,58.3,13.2,53.7,0.0,0.0,0.0
2026-04-16 19:57:10,30.5,58.3,19.6,53.7,0.0,0.0,0.0
2026-04-16 19:57:15,30.5,58.4,10.5,53.7,0.0,0.0,0.0
2026-04-16 19:57:20,30.4,58.4,14.3,53.7,0.0,0.0,0.0
2026-04-16 19:57:25,30.5,58.5,9.4,53.7,0.0,0.0,0.0
2026-04-16 19:57:30,30.4,58.5,17.1,53.8,0.0,0.0,0.0
2026-04-16 19:57:35,30.4,58.5,23.4,53.8,0.0,0.0,0.0
2026-04-16 19:57:40,30.5,58.5,3.8,53.7,0.0,0.0,0.0
2026-04-16 19:57:45,30.5,58.5,8.9,53.7,0.0,0.0,0.0
2026-04-16 19:57:50,30.4,58.6,0.0,53.7,0.0,0.0,0.0
2026-04-16 19:57:55,30.5,58.5,20.1,53.7,0.0,0.0,0.0
2026-04-16 19:58:00,30.4,58.5,19.0,53.7,0.0,0.0,0.0
2026-04-16 19:58:05,30.4,58.4,2.5,53.7,0.0,0.0,0.0
2026-04-16 19:58:10,30.2,58.4,3.0,53.7,0.0,0.0,0.0
2026-04-16 19:58:15,30.6,58.5,22.9,53.7,0.0,0.0,0.0
2026-04-16 19:58:20,30.3,58.5,23.2,53.7,0.0,0.0,0.0
2026-04-16 19:58:25,30.2,58.6,6.6,53.7,0.0,0.0,0.0
2026-04-16 19:58:30,30.4,58.6,17.6,53.7,0.0,0.0,0.0
2026-04-16 19:58:35,30.4,58.7,10.4,53.6,0.0,0.0,0.0
2026-04-16 19:58:40,30.4,58.6,13.5,53.6,0.0,0.0,0.0
2026-04-16 19:58:45,30.4,58.7,5.3,53.7,0.0,0.0,0.0
2026-04-16 19:58:50,30.5,58.6,10.8,53.7,0.0,0.0,0.0
2026-04-16 19:58:55,30.4,58.6,6.6,53.7,0.0,0.0,0.0
2026-04-16 19:59:00,30.3,58.6,6.0,53.7,0.0,0.0,0.0
2026-04-16 19:59:05,30.3,58.5,23.8,53.7,0.0,0.0,0.0
2026-04-16 19:59:10,30.3,58.4,35.1,53.7,0.0,0.0,0.0
2026-04-16 19:59:15,30.4,58.4,9.6,53.7,0.0,0.0,0.0
2026-04-16 19:59:20,30.3,58.3,16.9,53.7,0.0,0.0,0.0
2026-04-16 19:59:25,30.5,58.3,23.7,53.7,0.0,0.0,0.0
2026-04-16 19:59:30,30.3,58.5,20.4,53.7,0.0,0.0,0.0
2026-04-16 19:59:35,30.4,58.5,6.9,53.7,0.0,0.0,0.0
2026-04-16 19:59:40,30.4,58.5,0.0,53.7,0.0,0.0,0.0
2026-04-16 19:59:45,30.4,58.5,21.1,53.7,0.0,0.0,0.0
2026-04-16 19:59:50,30.3,58.5,17.2,53.7,0.0,0.0,0.0
2026-04-16 19:59:55,30.3,58.5,7.7,53.7,0.0,0.0,0.0
