Timestamp,Temperature,Humidity,Light,Soil_Moisture,Drip,Mist,Fan
2026-04-11 17:00:03,31.2,50.7,174.0,54.1,0.0,0.0,0.0
2026-04-11 17:00:08,31.2,50.6,169.6,54.1,0.0,0.0,0.0
2026-04-11 17:00:13,31.1,50.8,138.3,54.2,0.0,0.0,0.0
2026-04-11 17:00:18,31.1,50.7,137.2,54.2,0.0,0.0,0.0
2026-04-11 17:00:23,30.9,50.8,145.6,54.2,0.0,0.0,0.0
2026-04-11 17:00:28,31.0,50.9,155.6,54.2,0.0,0.0,0.0
2026-04-11 17:00:33,31.2,50.8,138.8,54.2,0.0,0.0,0.0
2026-04-11 17:00:38,30.9,50.9,154.8,54.2,0.0,0.0,0.0
2026-04-11 17:00:43,31.1,50.8,146.8,54.2,0.0,0.0,0.0
2026-04-11 17:00:48,31.1,50.8,147.8,54.2,0.0,0.0,0.0
2026-04-11 17:00:53,31.2,50.8,164.0,54.2,0.0,0.0,0.0
2026-04-11 17:00:58,31.0,50.9,158.3,54.2,0.0,0.0,0.0
2026-04-11 17:01:03,31.1,50.8,147.7,54.1,0.0,0.0,0.0
2026-04-11 17:01:08,31.1,50.8,142.4,54.1,0.0,0.0,0.0
2026-04-11 17:01:13,31.0,50.8,157.6,54.2,0.0,0.0,0.0
2026-04-11 17:01:18,31.2,50.9,161.0,54.2,0.0,0.0,0.0
2026-04-11 17:01:23,31.1,50.9,140.0,54.2,0.0,0.0,0.0
2026-04-11 17:01:28,31.1,50.8,148.6,54.2,0.0,0.0,0.0
2026-04-11 17:01:33,31.2,50.8,146.5,54.2,0.0,0.0,0.0
2026-04-11 17:01:38,31.0,50.7,147.9,54.2,0.0,0.0,0.0
2026-04-11 17:01:43,31.0,50.6,157.9,54.1,0.0,0.0,0.0
2026-04-11 17:01:48,31.0,50.8,166.5,54.1,0.0,0.0,0.0
2026-04-11 17:01:53,31.2,50.9,135.7,54.1,0.0,0.0,0.0
2026-04-11 17:01:58,31.1,51.0,142.9,54.1,0.0,0.0,0.0
2026-04-11 17:02:03,31.0,51.0,148.8,54.1,0.0,0.0,0.0
2026-04-11 17:02:08,31.0,50.9,140.6,54.1,0.0,0.0,0.0
2026-04-11 17:02:13,31.0,51.0,154.9,54.1,0.0,0.0,0.0
2026-04-11 17:02:18,31.2,51.0,150.1,54.1,0.0,0.0,0.0
2026-04-11 17:02:23,31.2,51.0,142.2,54.1,0.0,0.0,0.0
2026-04-11 17:02:28,30.9,51.1,152.8,54.1,0.0,0.0,0.0
2026-04-11 17:02:33,31.0,51.2,133.6,54.1,0.0,0.0,0.0
2026-04-11 17:02:38,31.2,51.1,162.6,54.1,0.0,0.0,0.0
2026-04-11 17:02:43,31.2,51.1,151.6,54.1,0.0,0.0,0.0
2026-04-11 17:02:48,31.0,51.1,148.8,54.1,0.0,0.0,0.0
2026-04-11 17:02:53,31.2,51.0,156.9,54.1,0.0,0.0,0.0
2026-04-11 17:02:58,31.1,51.1,150.7,54.1,0.0,0.0,0.0
2026-04-11 17:03:03,31.1,51.1,131.0,54.1,0.0,0.0,0.0
2026-04-11 17:03:08,31.2,51.1,142.9,54.1,0.0,0.0,0.0
2026-04-11 17:03:13,31.1,51.1,144.9,54.1,0.0,0.0,0.0
2026-04-11 17:03:18,31.2,51.1,145.8,54.1,0.0,0.0,0.0
2026-04-11 17:03:23,31.2,51.2,128.7,54.1,0.0,0.0,0.0
2026-04-11 17:03:28,31.0,51.4,159.4,54.1,0.0,0.0,0.0
2026-04-11 17:03:33,31.1,51.3,157.6,54.1,0.0,0.0,0.0
2026-04-11 17:03:38,31.1,51.2,142.0,54.1,0.0,0.0,0.0
2026-04-11 17:03:43,31.0,51.2,142.8,54.1,0.0,0.0,0.0
2026-04-11 17:03:48,31.0,51.1,127.2,54.1,0.0,0.0,0.0
2026-04-11 17:03:53,31.2,51.0,146.6,54.1,0.0,0.0,0.0
2026-04-11 17:03:58,31.0,51.1,135.1,54.1,0.0,0.0,0.0
2026-04-11 17:04:03,31.0,51.1,129.0,54.1,0.0,0.0,0.0
2026-04-11 17:04:08,31.1,51.2,118.1,54.1,0.0,0.0,0.0
2026-04-11 17:04:13,31.2,51.3,125.6,54.1,0.0,0.0,0.0
2026-04-11 17:04:18,31.2,51.3,140.3,54.1,0.0,0.0,0.0
2026-04-11 17:04:23,31.1,51.3,121.7,54.1,0.0,0.0,0.0
2026-04-11 17:04:28,31.1,51.3,137.6,54.1,0.0,0.0,0.0
2026-04-11 17:04:33,31.2,51.2,143.6,54.1,0.0,0.0,0.0
2026-04-11 17:04:38,31.1,51.1,143.4,54.1,0.0,0.0,0.0
2026-04-11 17:04:43,31.0,51.0,131.5,54.1,0.0,0.0,0.0
2026-04-11 17:04:48,31.0,51.0,142.4,54.1,0.0,0.0,0.0
2026-04-11 17:04:53,31.0,51.0,139.1,54.1,0.0,0.0,0.0
2026-04-11 17:04:58,31.0,51.0,135.9,54.1,0.0,0.0,0.0
2026-04-11 17:05:03,31.1,50.8,149.3,54.1,0.0,0.0,0.0
2026-04-11 17:05:08,31.0,51.0,121.7,54.1,0.0,0.0,0.0
2026-04-11 17:05:13,31.1,50.9,124.0,54.1,0.0,0.0,0.0
2026-04-11 17:05:18,31.0,51.0,155.8,54.1,0.0,0.0,0.0
2026-04-11 17:05:23,31.1,51.0,143.2,54.1,0.0,0.0,0.0
2026-04-11 17:05:28,31.3,51.0,129.6,54.1,0.0,0.0,0.0
2026-04-11 17:05:33,31.0,50.9,136.2,54.1,0.0,0.0,0.0
2026-04-11 17:05:38,31.1,51.0,131.3,54.1,0.0,0.0,0.0
2026-04-11 17:05:43,31.1,50.9,134.7,54.1,0.0,0.0,0.0
2026-04-11 17:05:48,31.0,50.8,115.8,54.1,0.0,0.0,0.0
2026-04-11 17:05:53,31.2,50.8,146.1,54.1,0.0,0.0,0.0
2026-04-11 17:05:58,31.2,50.8,136.6,54.1,0.0,0.0,0.0
2026-04-11 17:06:03,31.1,50.9,126.3,54.1,0.0,0.0,0.0
2026-04-11 17:06:08,31.1,51.1,132.4,54.1,0.0,0.0,0.0
2026-04-11 17:06:13,30.9,51.1,139.5,54.1,0.0,0.0,0.0
2026-04-11 17:06:18,31.0,51.2,112.7,54.1,0.0,0.0,0.0
2026-04-11 17:06:23,31.2,51.2,163.6,54.1,0.0,0.0,0.0
2026-04-11 17:06:28,31.0,51.2,127.2,54.1,0.0,0.0,0.0
2026-04-11 17:06:33,31.1,51.3,132.0,54.1,0.0,0.0,0.0
2026-04-11 17:06:38,30.9,51.4,128.0,54.1,0.0,0.0,0.0
2026-04-11 17:06:43,31.2,51.3,127.1,54.0,0.0,0.0,0.0
2026-04-11 17:06:48,31.2,51.3,137.7,54.0,0.0,0.0,0.0
2026-04-11 17:06:53,31.0,51.4,128.1,54.1,0.0,0.0,0.0
2026-04-11 17:06:58,31.0,51.3,128.8,54.1,0.0,0.0,0.0
2026-04-11 17:07:03,31.0,51.3,127.2,54.1,0.0,0.0,0.0
2026-04-11 17:07:08,31.0,51.3,136.2,54.1,0.0,0.0,0.0
2026-04-11 17:07:13,31.2,51.2,126.1,54.1,0.0,0.0,0.0
2026-04-11 17:07:18,31.0,51.1,126.7,54.1,0.0,0.0,0.0
2026-04-11 17:07:23,31.1,51.2,134.2,54.1,0.0,0.0,0.0
2026-04-11 17:07:28,31.0,51.2,137.7,54.1,0.0,0.0,0.0
2026-04-11 17:07:33,31.1,51.1,133.5,54.1,0.0,0.0,0.0
2026-04-11 17:07:38,31.0,51.1,127.1,54.1,0.0,0.0,0.0
2026-04-11 17:07:43,31.0,51.4,126.2,54.1,0.0,0.0,0.0
2026-04-11 17:07:48,31.1,51.4,125.5,54.1,0.0,0.0,0.0
2026-04-11 17:07:53,31.0,51.5,138.5,54.1,0.0,0.0,0.0
2026-04-11 17:07:58,31.0,51.6,127.8,54.0,0.0,0.0,0.0
2026-04-11 17:08:03,31.0,51.6,139.5,54.0,0.0,0.0,0.0
2026-04-11 17:08:08,30.9,51.6,131.5,54.0,0.0,0.0,0.0
2026-04-11 17:08:13,30.9,51.6,149.7,54.1,0.0,0.0,0.0
2026-04-11 17:08:18,30.9,51.5,129.4,54.1,0.0,0.0,0.0
2026-04-11 17:08:23,31.0,51.3,143.7,54.0,0.0,0.0,0.0
2026-04-11 17:08:28,31.0,51.4,132.5,54.0,0.0,0.0,0.0
2026-04-11 17:08:33,31.0,51.3,127.1,54.0,0.0,0.0,0.0
2026-04-11 17:08:38,30.9,51.3,127.6,54.0,0.0,0.0,0.0
2026-04-11 17:08:43,31.1,51.2,127.0,54.0,0.0,0.0,0.0
2026-04-11 17:08:48,31.0,51.3,131.3,54.0,0.0,0.0,0.0
2026-04-11 17:08:53,31.0,51.2,134.8,54.0,0.0,0.0,0.0
2026-04-11 17:08:58,31.1,51.2,115.8,54.0,0.0,0.0,0.0
2026-04-11 17:09:03,31.1,51.2,126.7,54.0,0.0,0.0,0.0
2026-04-11 17:09:08,31.0,51.1,119.1,54.0,0.0,0.0,0.0
2026-04-11 17:09:13,30.9,51.2,123.6,54.0,0.0,0.0,0.0
2026-04-11 17:09:18,31.1,51.1,134.9,54.0,0.0,0.0,0.0
2026-04-11 17:09:23,31.2,51.2,126.5,54.0,0.0,0.0,0.0
2026-04-11 17:09:28,30.9,51.1,134.8,54.0,0.0,0.0,0.0
2026-04-11 17:09:33,31.1,51.2,116.8,54.0,0.0,0.0,0.0
2026-04-11 17:09:38,30.9,51.1,121.5,54.0,0.0,0.0,0.0
2026-04-11 17:09:43,31.0,51.1,134.8,54.0,0.0,0.0,0.0
2026-04-11 17:09:48,31.0,51.3,126.3,54.0,0.0,0.0,0.0
2026-04-11 17:09:53,31.0,51.3,125.4,54.0,0.0,0.0,0.0
2026-04-11 17:09:58,30.9,51.5,119.6,54.0,0.0,0.0,0.0
2026-04-11 17:10:03,30.8,51.4,134.6,54.0,0.0,0.0,0.0
2026-04-11 17:10:08,31.0,51.4,124.1,54.0,0.0,0.0,0.0
2026-04-11 17:10:13,31.0,51.4,117.4,54.0,0.0,0.0,0.0
2026-04-11 17:10:18,31.0,51.4,101.3,54.0,0.0,0.0,0.0
2026-04-11 17:10:23,31.0,51.4,107.6,54.0,0.0,0.0,0.0
2026-04-11 17:10:28,31.0,51.5,128.0,54.0,0.0,0.0,0.0
2026-04-11 17:10:33,31.0,51.5,132.3,54.0,0.0,0.0,0.0
2026-04-11 17:10:38,31.0,51.5,123.9,54.0,0.0,0.0,0.0
2026-04-11 17:10:43,30.9,51.6,134.8,54.0,0.0,0.0,0.0
2026-04-11 17:10:48,31.1,51.6,123.9,54.0,0.0,0.0,0.0
2026-04-11 17:10:53,30.9,51.6,120.7,54.0,0.0,0.0,0.0
2026-04-11 17:10:58,31.0,51.4,123.6,54.0,0.0,0.0,0.0
2026-04-11 17:11:03,30.9,51.3,111.5,54.0,0.0,0.0,0.0
2026-04-11 17:11:08,31.0,51.4,107.4,54.0,0.0,0.0,0.0
2026-04-11 17:11:13,31.0,51.4,111.4,54.0,0.0,0.0,0.0
2026-04-11 17:11:18,31.0,51.3,122.0,54.0,0.0,0.0,0.0
2026-04-11 17:11:23,31.2,51.3,130.8,54.0,0.0,0.0,0.0
2026-04-11 17:11:28,30.9,51.4,103.1,54.0,0.0,0.0,0.0
2026-04-11 17:11:33,31.0,51.3,124.4,54.0,0.0,0.0,0.0
2026-04-11 17:11:38,30.9,51.2,121.5,54.0,0.0,0.0,0.0
2026-04-11 17:11:43,31.0,51.1,110.0,54.0,0.0,0.0,0.0
2026-04-11 17:11:48,31.1,51.1,116.0,54.0,0.0,0.0,0.0
2026-04-11 17:11:53,31.1,51.2,133.2,54.0,0.0,0.0,0.0
2026-04-11 17:11:58,31.0,51.1,131.2,54.0,0.0,0.0,0.0
2026-04-11 17:12:03,31.1,51.0,124.2,54.0,0.0,0.0,0.0
2026-04-11 17:12:08,30.9,51.1,123.1,54.0,0.0,0.0,0.0
2026-04-11 17:12:13,30.9,51.1,108.3,54.0,0.0,0.0,0.0
2026-04-11 17:12:18,30.9,51.1,109.6,54.0,0.0,0.0,0.0
2026-04-11 17:12:23,31.2,51.2,106.3,54.0,0.0,0.0,0.0
2026-04-11 17:12:28,31.0,51.3,135.4,54.0,0.0,0.0,0.0
2026-04-11 17:12:33,31.0,51.3,112.4,54.0,0.0,0.0,0.0
2026-04-11 17:12:38,30.9,51.3,110.1,54.0,0.0,0.0,0.0
2026-04-11 17:12:43,31.0,51.3,122.7,54.0,0.0,0.0,0.0
2026-04-11 17:12:48,31.0,51.2,124.6,54.0,0.0,0.0,0.0
2026-04-11 17:12:53,31.0,51.2,117.7,54.0,0.0,0.0,0.0
2026-04-11 17:12:58,30.9,51.3,106.2,54.0,0.0,0.0,0.0
2026-04-11 17:13:03,31.0,51.2,123.5,54.0,0.0,0.0,0.0
2026-04-11 17:13:08,30.8,51.4,129.0,54.0,0.0,0.0,0.0
2026-04-11 17:13:13,31.0,51.6,109.6,54.0,0.0,0.0,0.0
2026-04-11 17:13:18,31.0,51.4,118.4,54.0,0.0,0.0,0.0
2026-04-11 17:13:23,31.0,51.5,134.1,54.0,0.0,0.0,0.0
2026-04-11 17:13:28,31.0,51.5,141.7,54.0,0.0,0.0,0.0
2026-04-11 17:13:33,30.9,51.5,112.0,54.0,0.0,0.0,0.0
2026-04-11 17:13:38,30.9,51.6,97.0,54.0,0.0,0.0,0.0
2026-04-11 17:13:43,31.1,51.5,100.0,54.0,0.0,0.0,0.0
2026-04-11 17:13:48,31.1,51.6,104.4,54.0,0.0,0.0,0.0
2026-04-11 17:13:53,31.0,51.6,124.3,54.0,0.0,0.0,0.0
2026-04-11 17:13:58,31.0,51.6,128.2,54.0,0.0,0.0,0.0
2026-04-11 17:14:03,30.9,51.7,108.6,53.9,0.0,0.0,0.0
2026-04-11 17:14:08,31.1,51.6,115.3,53.9,0.0,0.0,0.0
2026-04-11 17:14:13,30.9,51.7,121.7,54.0,0.0,0.0,0.0
2026-04-11 17:14:18,31.1,51.5,126.9,54.0,0.0,0.0,0.0
2026-04-11 17:14:23,30.8,51.5,125.4,54.0,0.0,0.0,0.0
2026-04-11 17:14:28,31.0,51.5,118.6,54.0,0.0,0.0,0.0
2026-04-11 17:14:33,30.9,51.5,116.1,54.0,0.0,0.0,0.0
2026-04-11 17:14:38,30.9,51.4,117.5,54.0,0.0,0.0,0.0
2026-04-11 17:14:43,31.0,51.4,116.1,54.0,0.0,0.0,0.0
2026-04-11 17:14:48,30.9,51.5,115.0,54.0,0.0,0.0,0.0
2026-04-11 17:14:53,31.0,51.4,103.1,54.0,0.0,0.0,0.0
2026-04-11 17:14:58,30.9,51.5,124.9,54.0,0.0,0.0,0.0
2026-04-11 17:15:03,31.0,51.5,110.0,54.1,0.0,0.0,0.0
2026-04-11 17:15:08,30.9,51.6,105.5,54.1,0.0,0.0,0.0
2026-04-11 17:15:13,30.9,51.5,104.3,54.0,0.0,0.0,0.0
2026-04-11 17:15:18,30.9,51.7,121.5,54.0,0.0,0.0,0.0
2026-04-11 17:15:23,30.9,51.7,118.9,54.0,0.0,0.0,0.0
2026-04-11 17:15:28,30.8,51.9,107.3,54.0,0.0,0.0,0.0
2026-04-11 17:15:33,30.9,52.0,115.6,54.0,0.0,0.0,0.0
2026-04-11 17:15:38,30.9,52.0,121.1,54.0,0.0,0.0,0.0
2026-04-11 17:15:43,30.9,52.0,99.1,54.0,0.0,0.0,0.0
2026-04-11 17:15:48,30.9,52.1,106.2,54.0,0.0,0.0,0.0
2026-04-11 17:15:53,31.0,52.2,122.5,54.0,0.0,0.0,0.0
2026-04-11 17:15:58,30.9,52.4,113.9,54.0,0.0,0.0,0.0
2026-04-11 17:16:03,30.9,52.4,125.4,54.0,0.0,0.0,0.0
2026-04-11 17:16:08,30.9,52.3,101.3,54.0,0.0,0.0,0.0
2026-04-11 17:16:13,30.9,52.2,105.6,54.0,0.0,0.0,0.0
2026-04-11 17:16:18,30.9,52.3,114.2,54.0,0.0,0.0,0.0
2026-04-11 17:16:23,30.9,52.3,110.2,54.0,0.0,0.0,0.0
2026-04-11 17:16:28,30.9,52.2,101.9,54.0,0.0,0.0,0.0
2026-04-11 17:16:33,31.0,52.2,96.1,54.0,0.0,0.0,0.0
2026-04-11 17:16:38,30.9,52.2,129.0,54.0,0.0,0.0,0.0
2026-04-11 17:16:43,30.9,52.0,107.9,54.0,0.0,0.0,0.0
2026-04-11 17:16:48,31.0,52.0,105.1,54.0,0.0,0.0,0.0
2026-04-11 17:16:53,30.9,52.0,122.3,54.0,0.0,0.0,0.0
2026-04-11 17:16:58,30.9,52.0,93.4,54.0,0.0,0.0,0.0
2026-04-11 17:17:03,30.9,52.0,109.3,53.9,0.0,0.0,0.0
2026-04-11 17:17:08,30.8,52.1,114.9,53.9,0.0,0.0,0.0
2026-04-11 17:17:13,31.0,52.0,112.8,54.0,0.0,0.0,0.0
2026-04-11 17:17:18,30.9,51.9,110.3,54.0,0.0,0.0,0.0
2026-04-11 17:17:23,30.9,51.8,106.2,54.0,0.0,0.0,0.0
2026-04-11 17:17:28,30.8,51.9,92.1,54.0,0.0,0.0,0.0
2026-04-11 17:17:33,30.8,52.0,90.9,54.0,0.0,0.0,0.0
2026-04-11 17:17:38,30.9,52.0,105.2,54.0,0.0,0.0,0.0
2026-04-11 17:17:43,30.7,52.2,111.9,54.0,0.0,0.0,0.0
2026-04-11 17:17:48,30.7,52.2,85.1,54.0,0.0,0.0,0.0
2026-04-11 17:17:53,30.9,52.1,101.6,54.0,0.0,0.0,0.0
2026-04-11 17:17:58,30.8,52.1,100.2,54.0,0.0,0.0,0.0
2026-04-11 17:18:03,30.9,51.9,103.5,54.0,0.0,0.0,0.0
2026-04-11 17:18:08,30.9,52.1,106.0,54.0,0.0,0.0,0.0
2026-04-11 17:18:13,30.9,52.1,118.8,54.0,0.0,0.0,0.0
2026-04-11 17:18:18,30.8,52.1,111.6,54.0,0.0,0.0,0.0
2026-04-11 17:18:23,30.8,52.2,113.1,54.0,0.0,0.0,0.0
2026-04-11 17:18:28,30.8,52.1,108.7,54.0,0.0,0.0,0.0
2026-04-11 17:18:33,30.7,52.2,92.6,54.0,0.0,0.0,0.0
2026-04-11 17:18:38,30.9,52.3,103.3,54.0,0.0,0.0,0.0
2026-04-11 17:18:43,30.7,52.4,114.6,54.0,0.0,0.0,0.0
2026-04-11 17:18:48,30.8,52.5,118.2,54.0,0.0,0.0,0.0
2026-04-11 17:18:53,30.7,52.6,103.2,54.0,0.0,0.0,0.0
2026-04-11 17:18:58,30.8,52.5,104.7,54.0,0.0,0.0,0.0
2026-04-11 17:19:03,30.8,52.6,107.2,54.0,0.0,0.0,0.0
2026-04-11 17:19:08,30.8,52.6,99.6,54.0,0.0,0.0,0.0
2026-04-11 17:19:13,30.9,52.6,102.7,54.0,0.0,0.0,0.0
2026-04-11 17:19:18,30.9,52.7,95.6,54.0,0.0,0.0,0.0
2026-04-11 17:19:23,30.7,52.7,101.2,54.0,0.0,0.0,0.0
2026-04-11 17:19:28,31.0,52.7,106.5,54.0,0.0,0.0,0.0
2026-04-11 17:19:33,30.8,52.7,103.1,53.9,0.0,0.0,0.0
2026-04-11 17:19:38,30.9,52.7,101.7,53.9,0.0,0.0,0.0
2026-04-11 17:19:43,30.8,52.8,91.2,53.9,0.0,0.0,0.0
2026-04-11 17:19:48,30.9,52.8,107.2,53.9,0.0,0.0,0.0
2026-04-11 17:19:53,30.8,52.8,101.6,53.9,0.0,0.0,0.0
2026-04-11 17:19:58,30.7,52.9,123.2,53.9,0.0,0.0,0.0
2026-04-11 17:20:03,30.7,52.9,119.6,53.9,0.0,0.0,0.0
2026-04-11 17:20:08,30.8,52.8,96.3,53.9,0.0,0.0,0.0
2026-04-11 17:20:13,30.8,52.8,84.7,53.9,0.0,0.0,0.0
2026-04-11 17:20:18,30.8,52.9,100.0,53.9,0.0,0.0,0.0
2026-04-11 17:20:23,30.7,52.8,98.6,53.9,0.0,0.0,0.0
2026-04-11 17:20:28,30.9,52.9,107.0,53.9,0.0,0.0,0.0
2026-04-11 17:20:33,30.8,52.7,101.8,53.9,0.0,0.0,0.0
2026-04-11 17:20:38,30.9,52.7,55.0,53.9,0.0,0.0,0.0
2026-04-11 17:20:43,30.7,52.9,91.5,53.9,0.0,0.0,0.0
2026-04-11 17:20:48,30.8,53.0,108.2,53.9,0.0,0.0,0.0
2026-04-11 17:20:53,30.8,53.1,104.7,53.9,0.0,0.0,0.0
2026-04-11 17:20:58,30.8,53.2,96.0,53.9,0.0,0.0,0.0
2026-04-11 17:21:03,30.7,53.1,96.7,53.9,0.0,0.0,0.0
2026-04-11 17:21:08,30.7,53.1,99.9,53.9,0.0,0.0,0.0
2026-04-11 17:21:13,30.7,53.2,84.2,53.9,0.0,0.0,0.0
2026-04-11 17:21:18,30.8,53.1,81.5,53.9,0.0,0.0,0.0
2026-04-11 17:21:23,30.8,53.2,102.8,53.9,0.0,0.0,0.0
2026-04-11 17:21:28,30.7,53.3,95.9,53.9,0.0,0.0,0.0
2026-04-11 17:21:33,30.8,53.2,97.9,53.9,0.0,0.0,0.0
2026-04-11 17:21:38,30.9,53.3,107.1,53.9,0.0,0.0,0.0
2026-04-11 17:21:43,30.7,53.2,86.5,53.9,0.0,0.0,0.0
2026-04-11 17:21:48,30.6,53.2,107.6,53.9,0.0,0.0,0.0
2026-04-11 17:21:53,30.8,53.1,92.2,53.9,0.0,0.0,0.0
2026-04-11 17:21:58,30.6,53.1,101.3,53.9,0.0,0.0,0.0
2026-04-11 17:22:03,30.8,53.1,85.7,53.9,0.0,0.0,0.0
2026-04-11 17:22:08,30.8,53.3,100.5,53.9,0.0,0.0,0.0
2026-04-11 17:22:13,30.8,53.4,109.4,53.9,0.0,0.0,0.0
2026-04-11 17:22:18,30.7,53.4,92.8,53.9,0.0,0.0,0.0
2026-04-11 17:22:23,30.8,53.6,87.3,53.9,0.0,0.0,0.0
2026-04-11 17:22:28,30.7,53.6,102.8,53.9,0.0,0.0,0.0
2026-04-11 17:22:33,30.8,53.6,93.7,53.9,0.0,0.0,0.0
2026-04-11 17:22:38,30.6,53.6,95.8,54.0,0.0,0.0,0.0
2026-04-11 17:22:43,30.7,53.7,88.2,54.0,0.0,0.0,0.0
2026-04-11 17:22:48,30.7,53.7,71.7,54.0,0.0,0.0,0.0
2026-04-11 17:22:53,30.7,53.7,93.6,53.9,0.0,0.0,0.0
2026-04-11 17:22:58,30.8,53.8,86.0,53.9,0.0,0.0,0.0
2026-04-11 17:23:03,30.8,53.8,80.9,53.9,0.0,0.0,0.0
2026-04-11 17:23:08,30.8,53.9,124.2,53.9,0.0,0.0,0.0
2026-04-11 17:23:13,30.7,54.0,87.9,53.9,0.0,0.0,0.0
2026-04-11 17:23:18,30.8,54.0,99.0,53.9,0.0,0.0,0.0
2026-04-11 17:23:23,30.6,53.9,92.2,54.0,0.0,0.0,0.0
2026-04-11 17:23:28,30.9,53.8,89.3,54.0,0.0,0.0,0.0
2026-04-11 17:23:33,30.8,53.8,88.0,54.0,0.0,0.0,0.0
2026-04-11 17:23:38,30.8,53.7,84.4,54.0,0.0,0.0,0.0
2026-04-11 17:23:43,30.7,53.8,92.4,53.9,0.0,0.0,0.0
2026-04-11 17:23:48,30.8,53.7,102.2,53.9,0.0,0.0,0.0
2026-04-11 17:23:53,30.8,53.6,86.6,53.9,0.0,0.0,0.0
2026-04-11 17:23:58,30.8,53.7,82.1,53.9,0.0,0.0,0.0
2026-04-11 17:24:03,30.8,53.8,97.3,53.9,0.0,0.0,0.0
2026-04-11 17:24:08,30.6,53.9,77.0,54.0,0.0,0.0,0.0
2026-04-11 17:24:13,30.7,53.8,87.6,54.0,0.0,0.0,0.0
2026-04-11 17:24:18,30.7,54.0,74.0,53.9,0.0,0.0,0.0
2026-04-11 17:24:23,30.7,53.9,86.6,53.9,0.0,0.0,0.0
2026-04-11 17:24:28,30.7,54.1,89.0,53.9,0.0,0.0,0.0
2026-04-11 17:24:33,31.0,54.1,94.5,53.9,0.0,0.0,0.0
2026-04-11 17:24:38,30.7,54.0,93.8,53.9,0.0,0.0,0.0
2026-04-11 17:24:43,30.7,54.0,75.7,53.9,0.0,0.0,0.0
2026-04-11 17:24:48,30.8,54.0,72.2,53.9,0.0,0.0,0.0
2026-04-11 17:24:53,30.7,54.1,86.9,53.9,0.0,0.0,0.0
2026-04-11 17:24:58,30.7,54.1,84.9,53.9,0.0,0.0,0.0
2026-04-11 17:25:03,30.5,54.2,94.3,53.9,0.0,0.0,0.0
2026-04-11 17:25:08,30.8,54.1,81.1,53.9,0.0,0.0,0.0
2026-04-11 17:25:13,30.6,54.1,81.8,53.9,0.0,0.0,0.0
2026-04-11 17:25:18,30.8,54.0,83.0,53.9,0.0,0.0,0.0
2026-04-11 17:25:23,30.6,54.0,72.5,53.9,0.0,0.0,0.0
2026-04-11 17:25:28,30.6,53.8,80.0,53.9,0.0,0.0,0.0
2026-04-11 17:25:33,30.7,53.9,85.2,53.9,0.0,0.0,0.0
2026-04-11 17:25:38,30.7,53.9,71.2,53.9,0.0,0.0,0.0
2026-04-11 17:25:43,30.7,53.9,67.2,53.9,0.0,0.0,0.0
2026-04-11 17:25:48,30.7,54.1,74.3,53.9,0.0,0.0,0.0
2026-04-11 17:25:53,30.6,54.1,97.8,53.9,0.0,0.0,0.0
2026-04-11 17:25:58,30.8,53.9,73.2,53.9,0.0,0.0,0.0
2026-04-11 17:26:03,30.6,54.1,83.2,53.9,0.0,0.0,0.0
2026-04-11 17:26:08,30.8,54.0,81.9,53.9,0.0,0.0,0.0
2026-04-11 17:26:13,30.7,54.1,88.0,53.9,0.0,0.0,0.0
2026-04-11 17:26:18,30.6,54.1,80.3,53.9,0.0,0.0,0.0
2026-04-11 17:26:23,30.8,54.0,94.0,53.9,0.0,0.0,0.0
2026-04-11 17:26:28,30.7,54.0,86.3,53.9,0.0,0.0,0.0
2026-04-11 17:26:33,30.8,54.0,72.6,53.9,0.0,0.0,0.0
2026-04-11 17:26:38,30.8,54.0,83.0,53.9,0.0,0.0,0.0
2026-04-11 17:26:43,30.7,53.9,77.5,53.9,0.0,0.0,0.0
2026-04-11 17:26:48,30.8,53.9,65.8,53.9,0.0,0.0,0.0
2026-04-11 17:26:53,30.9,54.0,80.8,53.9,0.0,0.0,0.0
2026-04-11 17:26:58,30.7,53.9,81.4,53.9,0.0,0.0,0.0
2026-04-11 17:27:03,30.9,53.9,95.7,53.9,0.0,0.0,0.0
2026-04-11 17:27:08,30.7,54.0,86.0,53.9,0.0,0.0,0.0
2026-04-11 17:27:13,30.7,53.8,80.6,53.9,0.0,0.0,0.0
2026-04-11 17:27:18,30.8,53.9,91.1,53.9,0.0,0.0,0.0
2026-04-11 17:27:23,30.7,54.0,87.5,53.9,0.0,0.0,0.0
2026-04-11 17:27:28,30.8,54.0,64.9,53.9,0.0,0.0,0.0
2026-04-11 17:27:33,30.9,54.0,74.6,53.9,0.0,0.0,0.0
2026-04-11 17:27:38,30.7,53.9,77.8,53.9,0.0,0.0,0.0
2026-04-11 17:27:43,30.8,53.9,99.3,54.0,0.0,0.0,0.0
2026-04-11 17:27:48,30.6,53.8,87.5,54.0,0.0,0.0,0.0
2026-04-11 17:27:53,30.7,53.7,55.8,54.0,0.0,0.0,0.0
2026-04-11 17:27:58,30.7,53.8,72.1,54.0,0.0,0.0,0.0
2026-04-11 17:28:03,30.7,53.8,78.0,54.0,0.0,0.0,0.0
2026-04-11 17:28:08,30.8,53.8,83.7,54.0,0.0,0.0,0.0
2026-04-11 17:28:13,30.7,53.9,78.2,54.0,0.0,0.0,0.0
2026-04-11 17:28:18,30.6,53.9,75.8,53.9,0.0,0.0,0.0
2026-04-11 17:28:23,30.8,53.7,90.4,53.9,0.0,0.0,0.0
2026-04-11 17:28:28,30.8,53.8,79.3,53.9,0.0,0.0,0.0
2026-04-11 17:28:33,30.6,53.9,87.1,54.0,0.0,0.0,0.0
2026-04-11 17:28:38,30.8,53.9,81.1,54.0,0.0,0.0,0.0
2026-04-11 17:28:43,30.7,53.8,71.6,54.0,0.0,0.0,0.0
2026-04-11 17:28:48,30.7,53.9,74.4,53.9,0.0,0.0,0.0
2026-04-11 17:28:53,30.7,53.9,71.4,53.9,0.0,0.0,0.0
2026-04-11 17:28:58,30.7,53.8,89.3,53.9,0.0,0.0,0.0
2026-04-11 17:29:03,30.8,53.9,84.2,53.9,0.0,0.0,0.0
2026-04-11 17:29:08,30.7,53.9,77.3,53.9,0.0,0.0,0.0
2026-04-11 17:29:13,30.8,54.0,65.3,53.9,0.0,0.0,0.0
2026-04-11 17:29:18,30.7,53.9,81.5,53.9,0.0,0.0,0.0
2026-04-11 17:29:23,30.7,54.0,55.6,53.9,0.0,0.0,0.0
2026-04-11 17:29:28,30.7,54.0,66.3,53.9,0.0,0.0,0.0
2026-04-11 17:29:33,30.9,53.9,83.3,53.9,0.0,0.0,0.0
2026-04-11 17:29:38,30.8,53.8,89.3,53.9,0.0,0.0,0.0
2026-04-11 17:29:43,30.6,53.9,79.7,53.9,0.0,0.0,0.0
2026-04-11 17:29:48,30.8,53.8,78.2,53.9,0.0,0.0,0.0
2026-04-11 17:29:53,30.7,53.9,88.5,53.9,0.0,0.0,0.0
2026-04-11 17:29:58,30.7,53.9,86.4,53.9,0.0,0.0,0.0
2026-04-11 17:30:03,30.7,53.9,69.7,53.9,0.0,0.0,0.0
2026-04-11 17:30:08,30.6,54.0,67.8,53.9,0.0,0.0,0.0
2026-04-11 17:30:13,30.7,54.0,74.3,53.9,0.0,0.0,0.0
2026-04-11 17:30:18,30.7,54.0,89.4,53.9,0.0,0.0,0.0
2026-04-11 17:30:23,30.8,54.0,97.2,53.9,0.0,0.0,0.0
2026-04-11 17:30:28,30.7,54.1,63.7,53.9,0.0,0.0,0.0
2026-04-11 17:30:33,30.8,54.1,71.8,53.9,0.0,0.0,0.0
2026-04-11 17:30:38,30.6,54.2,92.0,53.9,0.0,0.0,0.0
2026-04-11 17:30:43,30.7,54.3,65.4,53.9,0.0,0.0,0.0
2026-04-11 17:30:48,30.8,54.3,73.9,53.9,0.0,0.0,0.0
2026-04-11 17:30:53,30.7,54.3,81.7,53.9,0.0,0.0,0.0
2026-04-11 17:30:58,30.8,54.2,70.7,53.9,0.0,0.0,0.0
2026-04-11 17:31:03,30.9,54.1,76.5,53.9,0.0,0.0,0.0
2026-04-11 17:31:08,30.7,54.3,78.7,53.9,0.0,0.0,0.0
2026-04-11 17:31:13,30.6,54.2,70.0,53.9,0.0,0.0,0.0
2026-04-11 17:31:18,30.7,54.1,69.7,54.0,0.0,0.0,0.0
2026-04-11 17:31:23,30.8,54.2,74.4,54.0,0.0,0.0,0.0
2026-04-11 17:31:28,30.7,54.3,51.8,54.0,0.0,0.0,0.0
2026-04-11 17:31:33,30.7,54.4,65.8,54.0,0.0,0.0,0.0
2026-04-11 17:31:38,30.8,54.6,66.0,54.0,0.0,0.0,0.0
2026-04-11 17:31:43,30.7,54.6,68.8,54.0,0.0,0.0,0.0
2026-04-11 17:31:48,30.7,54.5,83.5,54.0,0.0,0.0,0.0
2026-04-11 17:31:53,30.7,54.5,71.2,53.9,0.0,0.0,0.0
2026-04-11 17:31:58,30.7,54.5,57.3,53.9,0.0,0.0,0.0
2026-04-11 17:32:03,30.8,54.5,67.2,53.9,0.0,0.0,0.0
2026-04-11 17:32:08,30.8,54.5,69.2,53.9,0.0,0.0,0.0
2026-04-11 17:32:13,30.8,54.4,79.7,53.9,0.0,0.0,0.0
2026-04-11 17:32:18,30.6,54.4,73.3,53.9,0.0,0.0,0.0
2026-04-11 17:32:23,30.7,54.3,84.3,53.9,0.0,0.0,0.0
2026-04-11 17:32:28,30.5,54.2,61.1,53.9,0.0,0.0,0.0
2026-04-11 17:32:33,31.0,54.1,58.9,54.0,0.0,0.0,0.0
2026-04-11 17:32:38,30.7,54.0,70.4,54.0,0.0,0.0,0.0
2026-04-11 17:32:43,30.6,54.1,76.9,54.0,0.0,0.0,0.0
2026-04-11 17:32:48,30.7,54.0,67.5,54.0,0.0,0.0,0.0
2026-04-11 17:32:53,30.6,54.1,65.7,53.9,0.0,0.0,0.0
2026-04-11 17:32:58,30.9,54.2,62.8,53.9,0.0,0.0,0.0
2026-04-11 17:33:03,30.9,54.2,52.3,53.9,0.0,0.0,0.0
2026-04-11 17:33:08,30.7,54.2,68.5,53.9,0.0,0.0,0.0
2026-04-11 17:33:13,30.7,54.2,70.8,53.9,0.0,0.0,0.0
2026-04-11 17:33:18,30.6,54.2,61.3,53.9,0.0,0.0,0.0
2026-04-11 17:33:23,30.8,54.2,57.0,53.9,0.0,0.0,0.0
2026-04-11 17:33:28,30.7,54.3,61.9,53.9,0.0,0.0,0.0
2026-04-11 17:33:33,30.7,54.3,66.1,53.9,0.0,0.0,0.0
2026-04-11 17:33:38,31.0,54.3,63.4,53.9,0.0,0.0,0.0
2026-04-11 17:33:43,30.7,54.3,63.9,53.9,0.0,0.0,0.0
2026-04-11 17:33:48,30.7,54.3,72.0,53.9,0.0,0.0,0.0
2026-04-11 17:33:53,30.6,54.4,80.9,54.0,0.0,0.0,0.0
2026-04-11 17:33:58,30.7,54.6,60.6,54.0,0.0,0.0,0.0
2026-04-11 17:34:03,30.7,54.6,76.4,53.9,0.0,0.0,0.0
2026-04-11 17:34:08,30.6,54.6,78.2,53.9,0.0,0.0,0.0
2026-04-11 17:34:13,30.8,54.4,56.2,53.9,0.0,0.0,0.0
2026-04-11 17:34:18,30.6,54.6,85.8,53.9,0.0,0.0,0.0
2026-04-11 17:34:23,30.5,54.5,79.3,53.9,0.0,0.0,0.0
2026-04-11 17:34:28,30.9,54.5,80.2,53.9,0.0,0.0,0.0
2026-04-11 17:34:33,30.7,54.4,54.2,53.9,0.0,0.0,0.0
2026-04-11 17:34:38,30.8,54.4,73.4,53.9,0.0,0.0,0.0
2026-04-11 17:34:43,30.7,54.3,56.0,53.9,0.0,0.0,0.0
2026-04-11 17:34:48,30.8,54.3,85.3,53.9,0.0,0.0,0.0
2026-04-11 17:34:53,30.7,54.3,66.2,53.9,0.0,0.0,0.0
2026-04-11 17:34:58,30.7,54.1,70.9,53.9,0.0,0.0,0.0
2026-04-11 17:35:03,30.7,54.1,59.1,53.9,0.0,0.0,0.0
2026-04-11 17:35:08,30.8,54.0,60.1,54.0,0.0,0.0,0.0
2026-04-11 17:35:13,30.8,54.2,83.1,54.0,0.0,0.0,0.0
2026-04-11 17:35:18,30.8,54.2,55.0,53.9,0.0,0.0,0.0
2026-04-11 17:35:23,30.6,54.2,69.5,53.9,0.0,0.0,0.0
2026-04-11 17:35:28,30.7,54.3,53.0,53.9,0.0,0.0,0.0
2026-04-11 17:35:33,30.7,54.4,49.2,53.9,0.0,0.0,0.0
2026-04-11 17:35:38,30.8,54.5,67.0,53.9,0.0,0.0,0.0
2026-04-11 17:35:43,30.8,54.4,63.1,53.9,0.0,0.0,0.0
2026-04-11 17:35:48,30.7,54.5,43.5,53.9,0.0,0.0,0.0
2026-04-11 17:35:53,30.6,54.5,54.5,53.9,0.0,0.0,0.0
2026-04-11 17:35:58,30.7,54.6,47.1,53.9,0.0,0.0,0.0
2026-04-11 17:36:03,30.8,54.7,74.4,53.9,0.0,0.0,0.0
2026-04-11 17:36:08,30.8,54.6,45.3,53.9,0.0,0.0,0.0
2026-04-11 17:36:13,30.8,54.6,71.2,53.9,0.0,0.0,0.0
2026-04-11 17:36:18,30.6,54.7,59.5,53.9,0.0,0.0,0.0
2026-04-11 17:36:23,30.7,54.7,50.2,53.9,0.0,0.0,0.0
2026-04-11 17:36:28,30.8,54.8,70.4,53.9,0.0,0.0,0.0
2026-04-11 17:36:33,30.8,54.8,63.6,53.9,0.0,0.0,0.0
2026-04-11 17:36:38,30.7,54.8,60.5,53.9,0.0,0.0,0.0
2026-04-11 17:36:43,30.7,54.8,65.7,53.9,0.0,0.0,0.0
2026-04-11 17:36:48,30.7,54.9,61.9,53.9,0.0,0.0,0.0
2026-04-11 17:36:53,30.6,55.0,51.2,53.9,0.0,0.0,0.0
2026-04-11 17:36:58,30.7,55.1,67.1,53.9,0.0,0.0,0.0
2026-04-11 17:37:03,30.7,55.2,71.5,53.9,0.0,0.0,0.0
2026-04-11 17:37:08,30.8,55.2,57.9,53.9,0.0,0.0,0.0
2026-04-11 17:37:13,30.8,55.2,45.2,53.9,0.0,0.0,0.0
2026-04-11 17:37:18,30.8,55.1,55.6,53.9,0.0,0.0,0.0
2026-04-11 17:37:23,30.5,55.3,62.8,53.9,0.0,0.0,0.0
2026-04-11 17:37:28,30.7,55.3,61.0,53.9,0.0,0.0,0.0
2026-04-11 17:37:33,30.7,55.3,60.5,53.9,0.0,0.0,0.0
2026-04-11 17:37:38,30.7,55.4,34.9,53.9,0.0,0.0,0.0
2026-04-11 17:37:43,30.7,55.5,50.2,53.9,0.0,0.0,0.0
2026-04-11 17:37:48,30.8,55.4,58.0,53.9,0.0,0.0,0.0
2026-04-11 17:37:53,30.7,55.2,46.4,53.9,0.0,0.0,0.0
2026-04-11 17:37:58,30.7,55.4,62.4,53.9,0.0,0.0,0.0
2026-04-11 17:38:03,30.7,55.3,32.0,53.9,0.0,0.0,0.0
2026-04-11 17:38:08,30.8,55.2,52.2,53.9,0.0,0.0,0.0
2026-04-11 17:38:13,31.0,55.2,58.2,53.9,0.0,0.0,0.0
2026-04-11 17:38:18,30.7,55.2,58.4,53.9,0.0,0.0,0.0
2026-04-11 17:38:23,30.7,55.3,54.4,53.9,0.0,0.0,0.0
2026-04-11 17:38:28,30.6,55.2,50.0,53.9,0.0,0.0,0.0
2026-04-11 17:38:33,30.6,54.9,54.8,53.9,0.0,0.0,0.0
2026-04-11 17:38:38,30.7,54.9,48.6,53.9,0.0,0.0,0.0
2026-04-11 17:38:43,30.6,55.0,39.9,53.9,0.0,0.0,0.0
2026-04-11 17:38:48,30.6,55.2,63.5,53.9,0.0,0.0,0.0
2026-04-11 17:38:53,30.7,55.2,57.1,53.9,0.0,0.0,0.0
2026-04-11 17:38:58,30.6,55.2,58.7,53.9,0.0,0.0,0.0
2026-04-11 17:39:03,30.6,55.1,55.3,53.9,0.0,0.0,0.0
2026-04-11 17:39:08,30.8,54.9,47.8,53.9,0.0,0.0,0.0
2026-04-11 17:39:13,30.7,55.0,46.6,53.9,0.0,0.0,0.0
2026-04-11 17:39:18,30.6,55.0,20.8,53.9,0.0,0.0,0.0
2026-04-11 17:39:23,30.7,54.9,61.1,53.9,0.0,0.0,0.0
2026-04-11 17:39:28,30.6,54.9,34.9,53.9,0.0,0.0,0.0
2026-04-11 17:39:33,30.7,55.0,38.2,53.9,0.0,0.0,0.0
2026-04-11 17:39:38,30.6,54.9,48.3,53.9,0.0,0.0,0.0
2026-04-11 17:39:43,30.7,54.9,43.1,53.9,0.0,0.0,0.0
2026-04-11 17:39:48,30.6,54.9,63.6,54.0,0.0,0.0,0.0
2026-04-11 17:39:53,30.7,55.1,39.3,54.0,0.0,0.0,0.0
2026-04-11 17:39:58,30.7,55.1,42.2,53.9,0.0,0.0,0.0
2026-04-11 17:40:03,30.7,55.0,50.7,53.9,0.0,0.0,0.0
2026-04-11 17:40:08,30.8,55.0,65.4,53.9,0.0,0.0,0.0
2026-04-11 17:40:13,30.7,54.9,45.1,53.9,0.0,0.0,0.0
2026-04-11 17:40:18,30.6,55.0,34.7,53.9,0.0,0.0,0.0
2026-04-11 17:40:23,30.6,55.0,37.7,53.9,0.0,0.0,0.0
2026-04-11 17:40:28,30.6,54.8,41.9,53.9,0.0,0.0,0.0
2026-04-11 17:40:33,30.8,54.6,62.3,53.9,0.0,0.0,0.0
2026-04-11 17:40:38,30.7,54.6,58.8,53.9,0.0,0.0,0.0
2026-04-11 17:40:43,30.7,54.7,55.1,53.9,0.0,0.0,0.0
2026-04-11 17:40:48,30.5,54.7,77.6,53.9,0.0,0.0,0.0
2026-04-11 17:40:53,30.6,54.8,38.8,53.9,0.0,0.0,0.0
2026-04-11 17:40:58,30.6,54.8,16.0,53.9,0.0,0.0,0.0
2026-04-11 17:41:03,30.7,54.9,48.3,54.0,0.0,0.0,0.0
2026-04-11 17:41:08,30.7,54.9,53.5,54.0,0.0,0.0,0.0
2026-04-11 17:41:13,30.6,55.0,44.3,54.0,0.0,0.0,0.0
2026-04-11 17:41:18,30.5,55.1,48.8,53.9,0.0,0.0,0.0
2026-04-11 17:41:23,30.7,55.1,34.9,53.9,0.0,0.0,0.0
2026-04-11 17:41:28,30.6,55.1,47.6,54.0,0.0,0.0,0.0
2026-04-11 17:41:33,30.6,55.2,49.5,54.0,0.0,0.0,0.0
2026-04-11 17:41:38,30.6,55.2,35.7,53.9,0.0,0.0,0.0
2026-04-11 17:41:43,30.4,55.3,54.1,53.9,0.0,0.0,0.0
2026-04-11 17:41:48,30.7,55.2,35.3,54.0,0.0,0.0,0.0
2026-04-11 17:41:53,30.6,55.3,47.3,54.0,0.0,0.0,0.0
2026-04-11 17:41:58,30.5,55.4,31.4,54.0,0.0,0.0,0.0
2026-04-11 17:42:03,30.5,55.5,37.2,53.9,0.0,0.0,0.0
2026-04-11 17:42:08,30.6,55.6,42.2,53.9,0.0,0.0,0.0
2026-04-11 17:42:13,30.6,55.4,37.3,53.9,0.0,0.0,0.0
2026-04-11 17:42:18,30.8,55.5,44.9,53.9,0.0,0.0,0.0
2026-04-11 17:42:23,30.5,55.6,40.1,53.9,0.0,0.0,0.0
2026-04-11 17:42:28,30.7,55.5,28.1,53.9,0.0,0.0,0.0
2026-04-11 17:42:33,30.7,55.5,46.2,53.9,0.0,0.0,0.0
2026-04-11 17:42:38,30.6,55.6,34.1,53.9,0.0,0.0,0.0
2026-04-11 17:42:43,30.5,55.6,25.3,53.9,0.0,0.0,0.0
2026-04-11 17:42:48,30.7,55.7,37.5,53.9,0.0,0.0,0.0
2026-04-11 17:42:53,30.5,55.6,27.9,53.9,0.0,0.0,0.0
2026-04-11 17:42:58,30.6,55.7,44.6,53.9,0.0,0.0,0.0
2026-04-11 17:43:03,30.5,55.7,42.4,54.0,0.0,0.0,0.0
2026-04-11 17:43:08,30.6,55.8,23.9,54.0,0.0,0.0,0.0
2026-04-11 17:43:13,30.5,55.7,42.4,53.9,0.0,0.0,0.0
2026-04-11 17:43:18,30.7,55.6,44.1,53.9,0.0,0.0,0.0
2026-04-11 17:43:23,30.7,55.6,39.1,54.0,0.0,0.0,0.0
2026-04-11 17:43:28,30.6,55.6,32.6,54.0,0.0,0.0,0.0
2026-04-11 17:43:33,30.6,55.6,38.2,53.9,0.0,0.0,0.0
2026-04-11 17:43:38,30.8,55.6,40.5,53.9,0.0,0.0,0.0
2026-04-11 17:43:43,30.6,55.5,50.3,53.9,0.0,0.0,0.0
2026-04-11 17:43:48,30.8,55.7,40.7,53.9,0.0,0.0,0.0
2026-04-11 17:43:53,30.6,55.6,47.0,53.9,0.0,0.0,0.0
2026-04-11 17:43:58,30.5,55.5,23.4,53.9,0.0,0.0,0.0
2026-04-11 17:44:03,30.5,55.7,51.0,53.9,0.0,0.0,0.0
2026-04-11 17:44:08,30.5,55.6,31.5,53.9,0.0,0.0,0.0
2026-04-11 17:44:13,30.6,55.5,47.1,53.9,0.0,0.0,0.0
2026-04-11 17:44:18,30.6,55.6,53.3,53.9,0.0,0.0,0.0
2026-04-11 17:44:23,30.7,55.6,43.9,53.9,0.0,0.0,0.0
2026-04-11 17:44:28,30.7,55.5,37.7,53.9,0.0,0.0,0.0
2026-04-11 17:44:33,30.6,55.5,39.8,53.9,0.0,0.0,0.0
2026-04-11 17:44:38,30.5,55.6,46.9,54.0,0.0,0.0,0.0
2026-04-11 17:44:43,30.6,55.7,46.9,54.0,0.0,0.0,0.0
2026-04-11 17:44:48,30.6,55.7,48.8,54.0,0.0,0.0,0.0
2026-04-11 17:44:53,30.6,55.6,44.3,53.9,0.0,0.0,0.0
2026-04-11 17:44:58,30.4,55.6,41.9,53.9,0.0,0.0,0.0
2026-04-11 17:45:03,30.6,55.6,48.8,53.9,0.0,0.0,0.0
2026-04-11 17:45:08,30.5,55.6,32.5,53.9,0.0,0.0,0.0
2026-04-11 17:45:13,30.8,55.4,49.7,53.9,0.0,0.0,0.0
2026-04-11 17:45:18,30.6,55.3,29.7,53.9,0.0,0.0,0.0
2026-04-11 17:45:23,30.6,55.4,15.6,53.9,0.0,0.0,0.0
2026-04-11 17:45:28,30.5,55.6,32.7,53.9,0.0,0.0,0.0
2026-04-11 17:45:33,30.6,55.6,30.9,53.9,0.0,0.0,0.0
2026-04-11 17:45:38,30.6,55.6,29.8,53.9,0.0,0.0,0.0
2026-04-11 17:45:43,30.5,55.7,44.9,53.9,0.0,0.0,0.0
2026-04-11 17:45:48,30.5,55.5,37.6,53.9,0.0,0.0,0.0
2026-04-11 17:45:53,30.5,55.5,43.1,53.9,0.0,0.0,0.0
2026-04-11 17:45:58,30.5,55.5,43.0,53.9,0.0,0.0,0.0
2026-04-11 17:46:03,30.6,55.5,53.3,53.9,0.0,0.0,0.0
2026-04-11 17:46:08,30.5,55.4,35.2,53.9,0.0,0.0,0.0
2026-04-11 17:46:13,30.6,55.4,30.9,53.9,0.0,0.0,0.0
2026-04-11 17:46:18,30.7,55.4,38.9,53.9,0.0,0.0,0.0
2026-04-11 17:46:23,30.6,55.4,29.8,53.9,0.0,0.0,0.0
2026-04-11 17:46:28,30.6,55.4,31.6,53.9,0.0,0.0,0.0
2026-04-11 17:46:33,30.6,55.4,32.1,53.9,0.0,0.0,0.0
2026-04-11 17:46:38,30.6,55.5,33.5,53.9,0.0,0.0,0.0
2026-04-11 17:46:43,30.5,55.6,36.0,53.9,0.0,0.0,0.0
2026-04-11 17:46:48,30.6,55.6,29.0,53.9,0.0,0.0,0.0
2026-04-11 17:46:53,30.6,55.5,35.1,53.9,0.0,0.0,0.0
2026-04-11 17:46:58,30.5,55.5,29.1,53.9,0.0,0.0,0.0
2026-04-11 17:47:03,30.6,55.5,36.8,53.9,0.0,0.0,0.0
2026-04-11 17:47:08,30.6,55.5,39.2,53.9,0.0,0.0,0.0
2026-04-11 17:47:13,30.4,55.6,39.7,53.9,0.0,0.0,0.0
2026-04-11 17:47:18,30.6,55.5,13.7,53.9,0.0,0.0,0.0
2026-04-11 17:47:23,30.5,55.7,40.9,53.9,0.0,0.0,0.0
2026-04-11 17:47:28,30.7,55.7,38.6,53.9,0.0,0.0,0.0
2026-04-11 17:47:33,30.8,55.6,39.3,54.0,0.0,0.0,0.0
2026-04-11 17:47:38,30.5,55.6,48.4,54.0,0.0,0.0,0.0
2026-04-11 17:47:43,30.5,55.6,34.5,54.0,0.0,0.0,0.0
2026-04-11 17:47:48,30.6,55.7,41.0,53.9,0.0,0.0,0.0
2026-04-11 17:47:53,30.6,55.6,37.3,53.9,0.0,0.0,0.0
2026-04-11 17:47:58,30.5,55.7,45.8,54.0,0.0,0.0,0.0
2026-04-11 17:48:03,30.6,55.7,38.7,54.0,0.0,0.0,0.0
2026-04-11 17:48:08,30.7,55.8,26.1,54.0,0.0,0.0,0.0
2026-04-11 17:48:13,30.6,55.7,18.9,53.9,0.0,0.0,0.0
2026-04-11 17:48:18,30.7,55.7,41.5,53.9,0.0,0.0,0.0
2026-04-11 17:48:23,30.7,55.8,31.1,53.9,0.0,0.0,0.0
2026-04-11 17:48:28,30.6,55.9,46.2,53.9,0.0,0.0,0.0
2026-04-11 17:48:33,30.5,56.0,21.6,53.9,0.0,0.0,0.0
2026-04-11 17:48:38,30.5,55.9,32.3,54.0,0.0,0.0,0.0
2026-04-11 17:48:43,30.6,55.9,36.7,54.0,0.0,0.0,0.0
2026-04-11 17:48:48,30.5,55.9,27.6,54.0,0.0,0.0,0.0
2026-04-11 17:48:53,30.5,55.9,50.0,53.9,0.0,0.0,0.0
2026-04-11 17:48:58,30.5,55.9,30.1,53.9,0.0,0.0,0.0
2026-04-11 17:49:03,30.6,56.0,32.5,53.9,0.0,0.0,0.0
2026-04-11 17:49:08,30.5,56.1,24.3,53.9,0.0,0.0,0.0
2026-04-11 17:49:13,30.5,56.2,38.3,53.9,0.0,0.0,0.0
2026-04-11 17:49:18,30.4,56.1,25.3,53.9,0.0,0.0,0.0
2026-04-11 17:49:23,30.6,56.1,29.6,53.9,0.0,0.0,0.0
2026-04-11 17:49:28,30.6,56.2,20.7,53.9,0.0,0.0,0.0
2026-04-11 17:49:33,30.5,56.3,38.7,53.9,0.0,0.0,0.0
2026-04-11 17:49:38,30.6,56.4,38.0,53.9,0.0,0.0,0.0
2026-04-11 17:49:43,30.5,56.4,17.2,53.9,0.0,0.0,0.0
2026-04-11 17:49:48,30.5,56.4,25.4,53.9,0.0,0.0,0.0
2026-04-11 17:49:53,30.6,56.4,35.2,53.9,0.0,0.0,0.0
2026-04-11 17:49:58,30.6,56.3,17.1,53.9,0.0,0.0,0.0
2026-04-11 17:50:03,30.5,56.2,27.5,53.9,0.0,0.0,0.0
2026-04-11 17:50:08,30.4,56.2,30.9,53.9,0.0,0.0,0.0
2026-04-11 17:50:13,30.6,56.2,27.7,53.9,0.0,0.0,0.0
2026-04-11 17:50:18,30.5,56.2,40.0,53.9,0.0,0.0,0.0
2026-04-11 17:50:23,30.6,56.2,33.6,53.9,0.0,0.0,0.0
2026-04-11 17:50:28,30.5,56.2,33.5,53.9,0.0,0.0,0.0
2026-04-11 17:50:33,30.6,56.2,31.8,53.9,0.0,0.0,0.0
2026-04-11 17:50:38,30.5,56.0,31.4,53.9,0.0,0.0,0.0
2026-04-11 17:50:43,30.6,55.9,40.5,53.9,0.0,0.0,0.0
2026-04-11 17:50:48,30.4,55.8,38.8,53.9,0.0,0.0,0.0
2026-04-11 17:50:53,30.4,55.9,47.2,53.9,0.0,0.0,0.0
2026-04-11 17:50:58,30.5,55.9,17.5,53.9,0.0,0.0,0.0
2026-04-11 17:51:03,30.4,55.9,21.2,53.9,0.0,0.0,0.0
2026-04-11 17:51:08,30.5,55.8,37.0,53.9,0.0,0.0,0.0
2026-04-11 17:51:13,30.5,55.7,34.5,53.9,0.0,0.0,0.0
2026-04-11 17:51:18,30.6,55.8,21.0,53.9,0.0,0.0,0.0
2026-04-11 17:51:23,30.6,55.7,26.7,53.9,0.0,0.0,0.0
2026-04-11 17:51:28,30.5,55.8,17.8,53.9,0.0,0.0,0.0
2026-04-11 17:51:33,30.5,56.0,26.3,53.9,0.0,0.0,0.0
2026-04-11 17:51:38,30.4,56.1,34.6,53.9,0.0,0.0,0.0
2026-04-11 17:51:43,30.5,56.1,42.0,53.9,0.0,0.0,0.0
2026-04-11 17:51:48,30.6,56.2,30.7,53.9,0.0,0.0,0.0
2026-04-11 17:51:53,30.4,56.3,19.0,53.9,0.0,0.0,0.0
2026-04-11 17:51:58,30.5,56.2,16.5,53.9,0.0,0.0,0.0
2026-04-11 17:52:03,30.5,56.3,32.2,53.9,0.0,0.0,0.0
2026-04-11 17:52:08,30.4,56.2,32.2,53.9,0.0,0.0,0.0
2026-04-11 17:52:13,30.4,56.1,11.9,53.9,0.0,0.0,0.0
2026-04-11 17:52:18,30.3,56.3,17.7,53.9,0.0,0.0,0.0
2026-04-11 17:52:23,30.5,56.4,21.2,53.9,0.0,0.0,0.0
2026-04-11 17:52:28,30.5,56.4,25.4,53.9,0.0,0.0,0.0
2026-04-11 17:52:33,30.4,56.5,22.9,53.9,0.0,0.0,0.0
2026-04-11 17:52:38,30.4,56.6,20.9,53.9,0.0,0.0,0.0
2026-04-11 17:52:43,30.4,56.4,24.0,53.8,0.0,0.0,0.0
2026-04-11 17:52:48,30.4,56.4,23.8,53.8,0.0,0.0,0.0
2026-04-11 17:52:53,30.5,56.5,16.6,53.8,0.0,0.0,0.0
2026-04-11 17:52:58,30.5,56.6,23.4,53.9,0.0,0.0,0.0
2026-04-11 17:53:03,30.3,56.6,30.3,53.9,0.0,0.0,0.0
2026-04-11 17:53:08,30.4,56.6,18.0,53.9,0.0,0.0,0.0
2026-04-11 17:53:13,30.4,56.7,9.5,53.9,0.0,0.0,0.0
2026-04-11 17:53:18,30.3,56.6,35.5,53.9,0.0,0.0,0.0
2026-04-11 17:53:23,30.5,56.7,29.0,53.9,0.0,0.0,0.0
2026-04-11 17:53:28,30.5,56.7,7.9,53.8,0.0,0.0,0.0
2026-04-11 17:53:33,30.4,56.7,24.1,53.8,0.0,0.0,0.0
2026-04-11 17:53:38,30.4,56.6,24.2,53.9,0.0,0.0,0.0
2026-04-11 17:53:43,30.3,56.5,33.4,53.9,0.0,0.0,0.0
2026-04-11 17:53:48,30.4,56.6,22.4,53.9,0.0,0.0,0.0
2026-04-11 17:53:53,30.3,56.6,32.0,53.9,0.0,0.0,0.0
2026-04-11 17:53:58,30.3,56.6,25.8,53.9,0.0,0.0,0.0
2026-04-11 17:54:03,30.4,56.6,28.0,53.9,0.0,0.0,0.0
2026-04-11 17:54:08,30.3,56.7,21.9,53.9,0.0,0.0,0.0
2026-04-11 17:54:13,30.4,56.8,18.1,53.9,0.0,0.0,0.0
2026-04-11 17:54:18,30.3,56.8,15.4,53.9,0.0,0.0,0.0
2026-04-11 17:54:23,30.2,56.8,22.0,53.9,0.0,0.0,0.0
2026-04-11 17:54:28,30.4,56.8,13.7,53.9,0.0,0.0,0.0
2026-04-11 17:54:33,30.3,56.9,20.7,53.9,0.0,0.0,0.0
2026-04-11 17:54:38,30.4,56.9,18.9,53.9,0.0,0.0,0.0
2026-04-11 17:54:43,30.3,56.9,24.2,53.9,0.0,0.0,0.0
2026-04-11 17:54:48,30.5,57.0,24.9,53.9,0.0,0.0,0.0
2026-04-11 17:54:53,30.6,56.9,34.5,53.9,0.0,0.0,0.0
2026-04-11 17:54:58,30.4,57.1,4.4,53.9,0.0,0.0,0.0
2026-04-11 17:55:03,30.4,56.9,13.7,53.9,0.0,0.0,0.0
2026-04-11 17:55:08,30.4,56.9,20.0,53.9,0.0,0.0,0.0
2026-04-11 17:55:13,30.4,56.7,23.3,53.9,0.0,0.0,0.0
2026-04-11 17:55:18,30.2,56.7,35.4,53.9,0.0,0.0,0.0
2026-04-11 17:55:23,30.4,56.6,27.1,53.9,0.0,0.0,0.0
2026-04-11 17:55:28,30.4,56.6,16.7,53.9,0.0,0.0,0.0
2026-04-11 17:55:33,30.4,56.8,20.4,53.9,0.0,0.0,0.0
2026-04-11 17:55:38,30.4,56.6,26.1,53.9,0.0,0.0,0.0
2026-04-11 17:55:43,30.6,56.8,7.4,53.9,0.0,0.0,0.0
2026-04-11 17:55:48,30.3,56.7,27.7,53.9,0.0,0.0,0.0
2026-04-11 17:55:53,30.3,56.7,18.4,53.9,0.0,0.0,0.0
2026-04-11 17:55:58,30.5,56.6,13.0,53.9,0.0,0.0,0.0
2026-04-11 17:56:03,30.3,56.7,15.2,53.9,0.0,0.0,0.0
2026-04-11 17:56:08,30.4,56.8,10.3,53.9,0.0,0.0,0.0
2026-04-11 17:56:13,30.3,56.9,12.2,53.9,0.0,0.0,0.0
2026-04-11 17:56:18,30.5,56.8,26.4,53.9,0.0,0.0,0.0
2026-04-11 17:56:23,30.2,57.0,16.4,53.9,0.0,0.0,0.0
2026-04-11 17:56:28,30.3,57.0,21.6,53.9,0.0,0.0,0.0
2026-04-11 17:56:33,30.4,56.9,20.1,53.9,0.0,0.0,0.0
2026-04-11 17:56:38,30.3,56.9,2.2,53.9,0.0,0.0,0.0
2026-04-11 17:56:43,30.3,56.9,23.6,53.9,0.0,0.0,0.0
2026-04-11 17:56:48,30.4,56.8,24.2,53.9,0.0,0.0,0.0
2026-04-11 17:56:53,30.3,56.9,33.8,53.9,0.0,0.0,0.0
2026-04-11 17:56:58,30.3,56.9,24.3,53.9,0.0,0.0,0.0
2026-04-11 17:57:03,30.4,56.9,20.5,53.9,0.0,0.0,0.0
2026-04-11 17:57:08,30.4,57.1,17.0,53.9,0.0,0.0,0.0
2026-04-11 17:57:13,30.5,57.2,17.6,53.9,0.0,0.0,0.0
2026-04-11 17:57:18,30.3,57.3,27.6,53.9,0.0,0.0,0.0
2026-04-11 17:57:23,30.3,57.3,34.4,53.9,0.0,0.0,0.0
2026-04-11 17:57:28,30.3,57.1,7.2,53.9,0.0,0.0,0.0
2026-04-11 17:57:33,30.1,57.2,3.3,53.9,0.0,0.0,0.0
2026-04-11 17:57:38,30.5,57.3,19.1,53.9,0.0,0.0,0.0
2026-04-11 17:57:43,30.3,57.3,15.1,53.9,0.0,0.0,0.0
2026-04-11 17:57:48,30.3,57.4,24.4,53.9,0.0,0.0,0.0
2026-04-11 17:57:53,30.2,57.4,0.0,53.9,0.0,0.0,0.0
2026-04-11 17:57:58,30.3,57.3,27.2,53.9,0.0,0.0,0.0
2026-04-11 17:58:03,30.2,57.2,40.5,53.9,0.0,0.0,0.0
2026-04-11 17:58:08,30.3,57.1,33.4,53.9,0.0,0.0,0.0
2026-04-11 17:58:13,30.4,57.1,9.0,53.9,0.0,0.0,0.0
2026-04-11 17:58:18,30.3,57.2,15.3,53.9,0.0,0.0,0.0
2026-04-11 17:58:23,30.3,57.2,16.9,53.9,0.0,0.0,0.0
2026-04-11 17:58:28,30.3,57.3,17.3,53.9,0.0,0.0,0.0
2026-04-11 17:58:33,30.3,57.6,21.5,53.9,0.0,0.0,0.0
2026-04-11 17:58:38,30.4,57.6,15.4,53.9,0.0,0.0,0.0
2026-04-11 17:58:43,30.3,57.5,9.2,53.9,0.0,0.0,0.0
2026-04-11 17:58:48,30.2,57.7,7.8,53.9,0.0,0.0,0.0
2026-04-11 17:58:53,30.3,57.6,14.5,53.9,0.0,0.0,0.0
2026-04-11 17:58:58,30.3,57.6,0.0,53.9,0.0,0.0,0.0
2026-04-11 17:59:03,30.3,57.6,14.7,53.9,0.0,0.0,0.0
2026-04-11 17:59:08,30.2,57.4,35.8,53.9,0.0,0.0,0.0
2026-04-11 17:59:13,30.3,57.4,24.2,53.9,0.0,0.0,0.0
2026-04-11 17:59:18,30.3,57.5,0.0,53.9,0.0,0.0,0.0
2026-04-11 17:59:23,30.3,57.6,7.5,53.9,0.0,0.0,0.0
2026-04-11 17:59:28,30.2,57.7,9.7,53.9,0.0,0.0,0.0
2026-04-11 17:59:33,30.2,57.8,18.6,53.9,0.0,0.0,0.0
2026-04-11 17:59:38,30.5,57.8,15.0,53.9,0.0,0.0,0.0
2026-04-11 17:59:43,30.3,57.7,29.8,53.9,0.0,0.0,0.0
2026-04-11 17:59:48,30.4,57.8,31.3,53.9,0.0,0.0,0.0
2026-04-11 17:59:53,30.2,57.8,14.7,53.9,0.0,0.0,0.0
2026-04-11 17:59:58,30.4,57.8,11.3,53.9,0.0,0.0,0.0
2026-04-11 18:00:03,30.3,57.7,5.2,53.9,0.0,0.0,0.0
2026-04-11 18:00:08,30.3,57.8,6.6,53.9,0.0,0.0,0.0
2026-04-11 18:00:13,30.3,57.7,37.1,53.9,0.0,0.0,0.0
2026-04-11 18:00:18,30.2,57.9,7.5,53.9,0.0,0.0,0.0
2026-04-11 18:00:23,30.3,57.7,22.2,53.9,0.0,0.0,0.0
2026-04-11 18:00:28,30.2,57.9,10.9,53.9,0.0,0.0,0.0
2026-04-11 18:00:33,30.4,57.8,21.5,53.9,0.0,0.0,0.0
2026-04-11 18:00:38,30.2,57.8,16.8,53.9,0.0,0.0,0.0
2026-04-11 18:00:43,30.3,57.9,7.6,53.9,0.0,0.0,0.0
2026-04-11 18:00:48,30.2,57.8,9.7,53.9,0.0,0.0,0.0
2026-04-11 18:00:53,30.3,57.9,12.3,53.9,0.0,0.0,0.0
2026-04-11 18:00:58,30.3,57.9,0.0,54.0,0.0,0.0,0.0
2026-04-11 18:01:03,30.3,57.9,24.6,54.0,0.0,0.0,0.0
2026-04-11 18:01:08,30.3,57.8,25.1,53.9,0.0,0.0,0.0
2026-04-11 18:01:13,30.4,57.7,0.0,53.9,0.0,0.0,0.0
2026-04-11 18:01:18,30.3,57.7,0.0,53.9,0.0,0.0,0.0
2026-04-11 18:01:23,30.3,57.7,18.0,53.9,0.0,0.0,0.0
2026-04-11 18:01:28,30.2,57.6,18.9,53.9,0.0,0.0,0.0
2026-04-11 18:01:33,30.3,57.5,10.4,53.9,0.0,0.0,0.0
2026-04-11 18:01:38,30.4,57.4,21.6,53.9,0.0,0.0,0.0
2026-04-11 18:01:43,30.4,57.5,12.6,53.9,0.0,0.0,0.0
2026-04-11 18:01:48,30.2,57.5,9.4,53.9,0.0,0.0,0.0
2026-04-11 18:01:53,30.2,57.5,18.6,53.9,0.0,0.0,0.0
2026-04-11 18:01:58,30.3,57.5,16.4,53.9,0.0,0.0,0.0
2026-04-11 18:02:03,30.2,57.5,16.0,53.9,0.0,0.0,0.0
2026-04-11 18:02:08,30.2,57.5,18.1,53.9,0.0,0.0,0.0
2026-04-11 18:02:13,30.3,57.4,8.9,53.9,0.0,0.0,0.0
2026-04-11 18:02:18,30.3,57.3,18.0,53.9,0.0,0.0,0.0
2026-04-11 18:02:23,30.1,57.3,24.8,53.9,0.0,0.0,0.0
2026-04-11 18:02:28,30.3,57.3,12.4,53.9,0.0,0.0,0.0
2026-04-11 18:02:33,30.3,57.2,29.9,53.9,0.0,0.0,0.0
2026-04-11 18:02:38,30.3,57.2,25.4,54.0,0.0,0.0,0.0
2026-04-11 18:02:43,30.2,57.2,22.5,54.0,0.0,0.0,0.0
2026-04-11 18:02:48,30.3,57.2,32.7,53.9,0.0,0.0,0.0
2026-04-11 18:02:53,30.2,57.3,9.5,53.9,0.0,0.0,0.0
2026-04-11 18:02:58,30.3,57.3,35.5,53.9,0.0,0.0,0.0
2026-04-11 18:03:03,30.3,57.4,15.6,53.9,0.0,0.0,0.0
2026-04-11 18:03:08,30.3,57.5,13.6,53.9,0.0,0.0,0.0
2026-04-11 18:03:13,30.3,57.4,11.9,53.9,0.0,0.0,0.0
2026-04-11 18:03:18,30.2,57.4,21.2,53.9,0.0,0.0,0.0
2026-04-11 18:03:23,30.2,57.3,15.9,53.9,0.0,0.0,0.0
2026-04-11 18:03:28,30.2,57.2,0.0,53.9,0.0,0.0,0.0
2026-04-11 18:03:33,30.4,57.2,12.1,53.9,0.0,0.0,0.0
2026-04-11 18:03:38,30.3,57.2,18.5,53.9,0.0,0.0,0.0
2026-04-11 18:03:43,30.2,57.3,0.0,53.9,0.0,0.0,0.0
2026-04-11 18:03:48,30.2,57.2,3.0,53.9,0.0,0.0,0.0
2026-04-11 18:03:53,30.3,57.3,18.2,53.9,0.0,0.0,0.0
2026-04-11 18:03:58,30.4,57.3,21.9,53.9,0.0,0.0,0.0
2026-04-11 18:04:03,30.3,57.3,15.2,53.9,0.0,0.0,0.0
2026-04-11 18:04:08,30.1,57.6,26.2,53.9,0.0,0.0,0.0
2026-04-11 18:04:13,30.3,57.5,14.5,53.9,0.0,0.0,0.0
2026-04-11 18:04:18,30.3,57.5,18.7,53.9,0.0,0.0,0.0
2026-04-11 18:04:23,30.3,57.3,18.4,53.9,0.0,0.0,0.0
2026-04-11 18:04:28,30.2,57.1,22.7,53.9,0.0,0.0,0.0
2026-04-11 18:04:33,30.2,57.2,19.1,53.9,0.0,0.0,0.0
2026-04-11 18:04:38,30.3,57.3,21.8,53.9,0.0,0.0,0.0
2026-04-11 18:04:43,30.2,57.2,28.0,53.9,0.0,0.0,0.0
2026-04-11 18:04:48,30.2,57.2,20.0,53.9,0.0,0.0,0.0
2026-04-11 18:04:53,30.2,57.1,17.7,53.9,0.0,0.0,0.0
2026-04-11 18:04:58,30.3,57.1,28.9,53.9,0.0,0.0,0.0
2026-04-11 18:05:03,30.2,57.1,0.0,53.9,0.0,0.0,0.0
2026-04-11 18:05:08,30.2,57.1,30.2,53.9,0.0,0.0,0.0
2026-04-11 18:05:13,30.3,57.1,14.3,53.9,0.0,0.0,0.0
2026-04-11 18:05:18,30.3,57.2,26.4,53.9,0.0,0.0,0.0
2026-04-11 18:05:23,30.3,57.2,36.2,53.9,0.0,0.0,0.0
2026-04-11 18:05:28,30.3,57.3,27.1,53.9,0.0,0.0,0.0
2026-04-11 18:05:33,30.4,57.2,22.1,53.9,0.0,0.0,0.0
2026-04-11 18:05:38,30.2,57.2,7.2,53.9,0.0,0.0,0.0
2026-04-11 18:05:43,30.2,57.4,25.7,53.9,0.0,0.0,0.0
2026-04-11 18:05:48,30.4,57.4,26.3,53.9,0.0,0.0,0.0
2026-04-11 18:05:53,30.2,57.5,0.4,53.9,0.0,0.0,0.0
2026-04-11 18:05:58,30.2,57.3,1.6,53.8,0.0,0.0,0.0
2026-04-11 18:06:03,30.4,57.2,16.2,53.8,0.0,0.0,0.0
2026-04-11 18:06:08,30.3,57.3,19.9,53.9,0.0,0.0,0.0
2026-04-11 18:06:13,30.4,57.3,14.5,53.9,0.0,0.0,0.0
2026-04-11 18:06:18,30.3,57.4,15.5,53.8,0.0,0.0,0.0
2026-04-11 18:06:23,30.0,57.5,13.9,53.8,0.0,0.0,0.0
2026-04-11 18:06:28,30.1,57.5,19.4,53.8,0.0,0.0,0.0
2026-04-11 18:06:33,30.3,57.6,17.8,53.9,0.0,0.0,0.0
2026-04-11 18:06:38,30.2,57.5,0.0,53.9,0.0,0.0,0.0
2026-04-11 18:06:43,30.2,57.5,8.3,53.9,0.0,0.0,0.0
2026-04-11 18:06:48,30.3,57.6,10.3,53.9,0.0,0.0,0.0
2026-04-11 18:06:53,30.2,57.7,0.7,53.9,0.0,0.0,0.0
2026-04-11 18:06:58,30.2,57.7,22.0,53.9,0.0,0.0,0.0
2026-04-11 18:07:03,30.2,57.8,21.6,53.9,0.0,0.0,0.0
2026-04-11 18:07:08,30.2,57.7,13.9,53.9,0.0,0.0,0.0
2026-04-11 18:07:13,30.3,57.8,25.4,53.9,0.0,0.0,0.0
2026-04-11 18:07:18,30.2,57.9,10.1,53.9,0.0,0.0,0.0
2026-04-11 18:07:23,30.4,57.9,9.8,53.8,0.0,0.0,0.0
2026-04-11 18:07:28,30.2,57.8,8.2,53.8,0.0,0.0,0.0
2026-04-11 18:07:33,30.3,57.7,14.1,53.9,0.0,0.0,0.0
2026-04-11 18:07:38,30.2,57.7,23.1,53.9,0.0,0.0,0.0
2026-04-11 18:07:43,30.2,57.6,24.8,53.9,0.0,0.0,0.0
2026-04-11 18:07:48,30.2,57.6,9.5,53.9,0.0,0.0,0.0
2026-04-11 18:07:53,30.2,57.8,37.2,53.8,0.0,0.0,0.0
2026-04-11 18:07:58,30.1,57.8,22.9,53.8,0.0,0.0,0.0
2026-04-11 18:08:03,30.1,57.8,17.6,53.8,0.0,0.0,0.0
2026-04-11 18:08:08,30.3,57.7,32.1,53.8,0.0,0.0,0.0
2026-04-11 18:08:13,30.1,57.7,10.4,53.8,0.0,0.0,0.0
2026-04-11 18:08:18,30.1,57.8,15.7,53.8,0.0,0.0,0.0
2026-04-11 18:08:23,30.2,57.7,9.7,53.8,0.0,0.0,0.0
2026-04-11 18:08:28,30.2,57.6,3.7,53.8,0.0,0.0,0.0
2026-04-11 18:08:33,30.2,57.5,3.6,53.8,0.0,0.0,0.0
2026-04-11 18:08:38,30.3,57.7,1.5,53.8,0.0,0.0,0.0
2026-04-11 18:08:43,30.2,57.7,3.1,53.8,0.0,0.0,0.0
2026-04-11 18:08:48,30.4,57.8,0.0,53.8,0.0,0.0,0.0
2026-04-11 18:08:53,30.2,57.9,10.3,53.8,0.0,0.0,0.0
2026-04-11 18:08:58,30.3,57.9,5.4,53.8,0.0,0.0,0.0
2026-04-11 18:09:03,30.4,57.9,18.9,53.9,0.0,0.0,0.0
2026-04-11 18:09:08,30.2,57.8,23.4,53.9,0.0,0.0,0.0
2026-04-11 18:09:13,30.3,57.6,2.1,53.9,0.0,0.0,0.0
2026-04-11 18:09:18,30.1,57.7,29.2,53.9,0.0,0.0,0.0
2026-04-11 18:09:23,30.2,57.7,29.8,53.9,0.0,0.0,0.0
2026-04-11 18:09:28,30.3,57.7,0.0,53.9,0.0,0.0,0.0
2026-04-11 18:09:33,30.2,57.5,4.2,53.8,0.0,0.0,0.0
2026-04-11 18:09:38,30.2,57.4,2.4,53.8,0.0,0.0,0.0
2026-04-11 18:09:43,30.3,57.3,5.4,53.8,0.0,0.0,0.0
2026-04-11 18:09:48,30.3,57.4,9.3,53.9,0.0,0.0,0.0
2026-04-11 18:09:53,30.1,57.5,22.3,53.9,0.0,0.0,0.0
2026-04-11 18:09:58,30.3,57.6,0.0,53.9,0.0,0.0,0.0
2026-04-11 18:10:03,30.3,57.5,26.6,53.9,0.0,0.0,0.0
2026-04-11 18:10:08,30.1,57.4,15.2,53.9,0.0,0.0,0.0
2026-04-11 18:10:13,30.3,57.4,41.3,53.9,0.0,0.0,0.0
2026-04-11 18:10:18,30.3,57.5,0.0,53.9,0.0,0.0,0.0
2026-04-11 18:10:23,30.3,57.5,7.3,53.8,0.0,0.0,0.0
2026-04-11 18:10:28,30.1,57.4,13.2,53.8,0.0,0.0,0.0
2026-04-11 18:10:33,30.3,57.4,0.0,53.8,0.0,0.0,0.0
2026-04-11 18:10:38,30.1,57.5,13.5,53.8,0.0,0.0,0.0
2026-04-11 18:10:43,30.5,57.4,2.6,53.8,0.0,0.0,0.0
2026-04-11 18:10:48,30.3,57.4,20.6,53.8,0.0,0.0,0.0
2026-04-11 18:10:53,30.3,57.5,15.3,53.8,0.0,0.0,0.0
2026-04-11 18:10:58,30.2,57.5,15.9,53.8,0.0,0.0,0.0
2026-04-11 18:11:03,30.2,57.4,14.4,53.8,0.0,0.0,0.0
2026-04-11 18:11:08,30.3,57.4,10.0,53.8,0.0,0.0,0.0
2026-04-11 18:11:13,30.1,57.5,10.5,53.8,0.0,0.0,0.0
2026-04-11 18:11:18,30.2,57.5,0.1,53.8,0.0,0.0,0.0
2026-04-11 18:11:23,30.1,57.5,13.9,53.8,0.0,0.0,0.0
2026-04-11 18:11:28,30.1,57.5,12.9,53.9,0.0,0.0,0.0
2026-04-11 18:11:33,30.3,57.4,31.0,53.9,0.0,0.0,0.0
2026-04-11 18:11:38,30.2,57.5,0.0,53.8,0.0,0.0,0.0
2026-04-11 18:11:43,30.2,57.6,24.4,53.8,0.0,0.0,0.0
2026-04-11 18:11:48,30.3,57.5,21.2,53.8,0.0,0.0,0.0
2026-04-11 18:11:53,30.2,57.4,0.0,53.8,0.0,0.0,0.0
2026-04-11 18:11:58,30.2,57.5,15.7,53.8,0.0,0.0,0.0
2026-04-11 18:12:03,30.2,57.5,13.8,53.8,0.0,0.0,0.0
2026-04-11 18:12:08,30.1,57.5,15.7,53.8,0.0,0.0,0.0
2026-04-11 18:12:13,30.2,57.3,36.1,53.8,0.0,0.0,0.0
2026-04-11 18:12:18,30.2,57.3,21.3,53.8,0.0,0.0,0.0
2026-04-11 18:12:23,30.2,57.3,5.2,53.8,0.0,0.0,0.0
2026-04-11 18:12:28,30.2,57.2,20.3,53.8,0.0,0.0,0.0
2026-04-11 18:12:33,30.1,57.2,15.5,53.8,0.0,0.0,0.0
2026-04-11 18:12:38,30.1,57.3,0.0,53.9,0.0,0.0,0.0
2026-04-11 18:12:43,30.1,57.3,4.9,53.9,0.0,0.0,0.0
2026-04-11 18:12:48,30.1,57.3,12.7,53.9,0.0,0.0,0.0
2026-04-11 18:12:53,30.2,57.3,10.8,53.9,0.0,0.0,0.0
2026-04-11 18:12:58,30.2,57.4,2.0,53.9,0.0,0.0,0.0
2026-04-11 18:13:03,30.2,57.3,11.1,53.8,0.0,0.0,0.0
2026-04-11 18:13:08,30.2,57.3,33.2,53.8,0.0,0.0,0.0
2026-04-11 18:13:13,30.2,57.2,18.3,53.8,0.0,0.0,0.0
2026-04-11 18:13:18,30.2,57.2,0.0,53.8,0.0,0.0,0.0
2026-04-11 18:13:23,30.1,57.2,19.4,53.8,0.0,0.0,0.0
2026-04-11 18:13:28,30.2,57.1,27.8,53.8,0.0,0.0,0.0
2026-04-11 18:13:33,30.2,57.1,20.2,53.8,0.0,0.0,0.0
2026-04-11 18:13:38,30.1,57.1,19.3,53.8,0.0,0.0,0.0
2026-04-11 18:13:43,30.3,57.1,7.7,53.8,0.0,0.0,0.0
2026-04-11 18:13:48,30.2,57.1,21.6,53.8,0.0,0.0,0.0
2026-04-11 18:13:53,30.3,57.1,3.8,53.8,0.0,0.0,0.0
2026-04-11 18:13:58,30.3,57.3,7.0,53.8,0.0,0.0,0.0
2026-04-11 18:14:03,30.3,57.3,22.4,53.8,0.0,0.0,0.0
2026-04-11 18:14:08,30.2,57.2,29.1,53.8,0.0,0.0,0.0
2026-04-11 18:14:13,30.2,57.3,19.6,53.8,0.0,0.0,0.0
2026-04-11 18:14:18,30.2,57.4,11.9,53.8,0.0,0.0,0.0
2026-04-11 18:14:23,30.2,57.6,19.6,53.8,0.0,0.0,0.0
2026-04-11 18:14:28,30.2,57.7,5.1,53.8,0.0,0.0,0.0
2026-04-11 18:14:33,30.2,57.6,10.2,53.8,0.0,0.0,0.0
2026-04-11 18:14:38,30.4,57.6,11.7,53.8,0.0,0.0,0.0
2026-04-11 18:14:43,30.2,57.6,5.3,53.8,0.0,0.0,0.0
2026-04-11 18:14:48,30.1,57.6,11.0,53.8,0.0,0.0,0.0
2026-04-11 18:14:53,30.3,57.6,14.9,53.8,0.0,0.0,0.0
2026-04-11 18:14:58,30.3,57.7,14.4,53.8,0.0,0.0,0.0
2026-04-11 18:15:03,30.2,57.6,11.9,53.8,0.0,0.0,0.0
2026-04-11 18:15:08,30.2,57.5,7.1,53.8,0.0,0.0,0.0
2026-04-11 18:15:13,30.2,57.5,26.1,53.8,0.0,0.0,0.0
2026-04-11 18:15:18,30.1,57.4,22.4,53.8,0.0,0.0,0.0
2026-04-11 18:15:23,30.3,57.3,23.2,53.8,0.0,0.0,0.0
2026-04-11 18:15:28,30.4,57.2,36.7,53.8,0.0,0.0,0.0
2026-04-11 18:15:33,30.2,57.2,14.6,53.8,0.0,0.0,0.0
2026-04-11 18:15:38,,,23.0,53.8,0.0,0.0,0.0
2026-04-11 18:15:43,,,18.0,53.8,0.0,0.0,0.0
2026-04-11 18:15:48,,,20.1,53.8,0.0,0.0,0.0
2026-04-11 18:15:53,30.3,57.2,19.8,53.8,0.0,0.0,0.0
2026-04-11 18:15:58,30.2,57.3,40.3,53.8,0.0,0.0,0.0
2026-04-11 18:16:03,30.2,57.2,26.1,53.8,0.0,0.0,0.0
2026-04-11 18:16:08,30.3,57.2,31.9,53.8,0.0,0.0,0.0
2026-04-11 18:16:13,30.1,57.2,10.6,53.8,0.0,0.0,0.0
2026-04-11 18:16:18,30.3,57.2,12.5,53.8,0.0,0.0,0.0
2026-04-11 18:16:23,30.2,57.1,15.2,53.8,0.0,0.0,0.0
2026-04-11 18:16:28,30.2,57.2,27.6,53.8,0.0,0.0,0.0
2026-04-11 18:16:33,30.1,57.2,8.2,53.8,0.0,0.0,0.0
2026-04-11 18:16:38,30.3,57.1,15.3,53.8,0.0,0.0,0.0
2026-04-11 18:16:43,30.3,57.1,6.2,53.8,0.0,0.0,0.0
2026-04-11 18:16:48,30.2,57.2,0.0,53.8,0.0,0.0,0.0
2026-04-11 18:16:53,30.3,57.3,24.1,53.8,0.0,0.0,0.0
2026-04-11 18:16:58,30.3,57.3,24.0,53.8,0.0,0.0,0.0
2026-04-11 18:17:03,30.3,57.3,31.2,53.8,0.0,0.0,0.0
2026-04-11 18:17:08,30.2,57.2,7.9,53.8,0.0,0.0,0.0
2026-04-11 18:17:13,30.2,57.2,14.7,53.8,0.0,0.0,0.0
2026-04-11 18:17:18,30.4,57.2,1.7,53.8,0.0,0.0,0.0
2026-04-11 18:17:23,30.2,57.4,8.2,53.8,0.0,0.0,0.0
2026-04-11 18:17:28,30.3,57.3,13.2,53.8,0.0,0.0,0.0
2026-04-11 18:17:33,30.2,57.3,13.9,53.8,0.0,0.0,0.0
2026-04-11 18:17:38,30.2,57.3,22.0,53.8,0.0,0.0,0.0
2026-04-11 18:17:43,30.3,57.2,17.5,53.8,0.0,0.0,0.0
2026-04-11 18:17:48,30.2,57.2,0.0,53.8,0.0,0.0,0.0
2026-04-11 18:17:53,30.2,57.3,3.4,53.8,0.0,0.0,0.0
2026-04-11 18:17:58,30.2,57.3,10.7,53.8,0.0,0.0,0.0
2026-04-11 18:18:03,30.3,57.3,9.8,53.8,0.0,0.0,0.0
2026-04-11 18:18:08,30.2,57.3,26.0,53.8,0.0,0.0,0.0
2026-04-11 18:18:13,30.2,57.2,21.6,53.8,0.0,0.0,0.0
2026-04-11 18:18:18,30.2,57.2,12.4,53.8,0.0,0.0,0.0
2026-04-11 18:18:23,30.3,57.2,29.0,53.8,0.0,0.0,0.0
2026-04-11 18:18:28,30.2,57.1,6.6,53.8,0.0,0.0,0.0
2026-04-11 18:18:33,30.2,57.2,13.9,53.8,0.0,0.0,0.0
2026-04-11 18:18:38,30.1,57.4,27.9,53.8,0.0,0.0,0.0
2026-04-11 18:18:43,30.2,57.5,32.6,53.8,0.0,0.0,0.0
2026-04-11 18:18:48,30.3,57.6,16.4,53.8,0.0,0.0,0.0
2026-04-11 18:18:53,30.2,57.6,0.0,53.8,0.0,0.0,0.0
2026-04-11 18:18:58,30.2,57.5,14.3,53.8,0.0,0.0,0.0
2026-04-11 18:19:03,30.1,57.6,9.7,53.8,0.0,0.0,0.0
2026-04-11 18:19:08,30.2,57.5,26.4,53.8,0.0,0.0,0.0
2026-04-11 18:19:13,30.3,57.5,26.4,53.8,0.0,0.0,0.0
2026-04-11 18:19:18,30.2,57.6,19.2,53.8,0.0,0.0,0.0
2026-04-11 18:19:23,30.2,57.6,15.7,53.8,0.0,0.0,0.0
2026-04-11 18:19:28,30.3,57.6,21.6,53.8,0.0,0.0,0.0
2026-04-11 18:19:33,30.2,57.6,11.6,53.8,0.0,0.0,0.0
2026-04-11 18:19:38,30.4,57.4,9.6,53.8,0.0,0.0,0.0
2026-04-11 18:19:43,30.3,57.5,20.3,53.8,0.0,0.0,0.0
2026-04-11 18:19:48,30.3,57.6,6.3,53.8,0.0,0.0,0.0
2026-04-11 18:19:53,30.2,57.4,24.7,53.8,0.0,0.0,0.0
2026-04-11 18:19:58,30.4,57.4,14.0,53.8,0.0,0.0,0.0
2026-04-11 18:20:03,30.4,57.4,18.6,53.8,0.0,0.0,0.0
2026-04-11 18:20:08,30.3,57.5,16.9,53.8,0.0,0.0,0.0
2026-04-11 18:20:13,30.3,57.6,15.4,53.8,0.0,0.0,0.0
2026-04-11 18:20:18,30.1,57.9,20.9,53.8,0.0,0.0,0.0
2026-04-11 18:20:23,30.1,57.9,16.4,53.8,0.0,0.0,0.0
2026-04-11 18:20:28,30.3,58.0,10.7,53.8,0.0,0.0,0.0
2026-04-11 18:20:33,30.2,57.9,8.1,53.8,0.0,0.0,0.0
2026-04-11 18:20:38,30.3,57.8,26.0,53.8,0.0,0.0,0.0
2026-04-11 18:20:43,30.2,57.9,4.0,53.8,0.0,0.0,0.0
2026-04-11 18:20:48,30.2,57.9,17.4,53.8,0.0,0.0,0.0
2026-04-11 18:20:53,30.1,57.9,3.9,53.8,0.0,0.0,0.0
2026-04-11 18:20:58,30.3,57.9,15.3,53.8,0.0,0.0,0.0
2026-04-11 18:21:03,30.3,57.9,26.4,53.8,0.0,0.0,0.0
2026-04-11 18:21:08,30.2,57.8,19.5,53.8,0.0,0.0,0.0
2026-04-11 18:21:13,30.2,57.9,33.3,53.8,0.0,0.0,0.0
2026-04-11 18:21:18,30.1,57.9,4.1,53.8,0.0,0.0,0.0
2026-04-11 18:21:23,30.3,57.9,18.2,53.8,0.0,0.0,0.0
2026-04-11 18:21:28,30.1,57.9,17.2,53.8,0.0,0.0,0.0
2026-04-11 18:21:33,30.2,57.8,19.6,53.8,0.0,0.0,0.0
2026-04-11 18:21:38,30.1,57.7,10.6,53.8,0.0,0.0,0.0
2026-04-11 18:21:43,30.2,57.7,4.1,53.8,0.0,0.0,0.0
2026-04-11 18:21:48,30.3,57.6,21.2,53.8,0.0,0.0,0.0
2026-04-11 18:21:53,30.2,57.7,8.9,53.8,0.0,0.0,0.0
2026-04-11 18:21:58,30.2,57.6,21.1,53.8,0.0,0.0,0.0
2026-04-11 18:22:03,30.2,57.7,0.0,53.8,0.0,0.0,0.0
2026-04-11 18:22:08,30.2,57.6,15.8,53.8,0.0,0.0,0.0
2026-04-11 18:22:13,30.2,57.8,5.3,53.8,0.0,0.0,0.0
2026-04-11 18:22:18,30.1,57.8,16.5,53.8,0.0,0.0,0.0
2026-04-11 18:22:23,30.2,57.9,0.0,53.8,0.0,0.0,0.0
2026-04-11 18:22:28,30.1,57.8,17.4,53.8,0.0,0.0,0.0
2026-04-11 18:22:33,30.2,57.8,26.5,53.8,0.0,0.0,0.0
2026-04-11 18:22:38,30.1,57.8,11.4,53.8,0.0,0.0,0.0
2026-04-11 18:22:43,30.2,57.9,34.3,53.8,0.0,0.0,0.0
2026-04-11 18:22:48,30.1,57.9,11.9,53.8,0.0,0.0,0.0
2026-04-11 18:22:53,30.2,57.9,34.6,53.8,0.0,0.0,0.0
2026-04-11 18:22:58,30.3,57.9,19.0,53.8,0.0,0.0,0.0
2026-04-11 18:23:03,30.1,57.8,26.5,53.8,0.0,0.0,0.0
2026-04-11 18:23:08,30.3,57.8,13.0,53.8,0.0,0.0,0.0
2026-04-11 18:23:13,30.4,57.9,23.7,53.9,0.0,0.0,0.0
2026-04-11 18:23:18,30.2,57.8,15.6,53.9,0.0,0.0,0.0
2026-04-11 18:23:23,30.2,57.8,0.0,53.9,0.0,0.0,0.0
2026-04-11 18:23:28,30.4,57.9,18.7,53.9,0.0,0.0,0.0
2026-04-11 18:23:33,30.4,57.8,22.4,53.8,0.0,0.0,0.0
2026-04-11 18:23:38,30.2,57.7,32.9,53.8,0.0,0.0,0.0
2026-04-11 18:23:43,30.2,57.7,31.7,53.8,0.0,0.0,0.0
2026-04-11 18:23:48,30.3,57.6,0.0,53.8,0.0,0.0,0.0
2026-04-11 18:23:53,30.4,57.6,15.3,53.8,0.0,0.0,0.0
2026-04-11 18:23:58,30.2,57.5,11.0,53.8,0.0,0.0,0.0
2026-04-11 18:24:03,30.2,57.6,15.8,53.8,0.0,0.0,0.0
2026-04-11 18:24:08,30.2,57.6,24.1,53.8,0.0,0.0,0.0
2026-04-11 18:24:13,30.2,57.4,19.6,53.8,0.0,0.0,0.0
2026-04-11 18:24:18,30.2,57.3,0.3,53.8,0.0,0.0,0.0
2026-04-11 18:24:23,30.2,57.4,23.3,53.8,0.0,0.0,0.0
2026-04-11 18:24:28,30.2,57.3,32.8,53.8,0.0,0.0,0.0
2026-04-11 18:24:33,30.3,57.3,2.9,53.8,0.0,0.0,0.0
2026-04-11 18:24:38,30.4,57.2,10.1,53.8,0.0,0.0,0.0
2026-04-11 18:24:43,30.2,57.3,13.3,53.8,0.0,0.0,0.0
2026-04-11 18:24:48,30.2,57.4,27.1,53.8,0.0,0.0,0.0
2026-04-11 18:24:53,30.2,57.4,15.8,53.8,0.0,0.0,0.0
2026-04-11 18:24:58,30.3,57.4,0.0,53.8,0.0,0.0,0.0
2026-04-11 18:25:03,30.3,57.3,20.7,53.8,0.0,0.0,0.0
2026-04-11 18:25:08,30.2,57.4,10.8,53.8,0.0,0.0,0.0
2026-04-11 18:25:13,30.1,57.5,8.7,53.8,0.0,0.0,0.0
2026-04-11 18:25:18,30.3,57.6,0.0,53.8,0.0,0.0,0.0
2026-04-11 18:25:23,30.4,57.4,19.0,53.8,0.0,0.0,0.0
2026-04-11 18:25:28,30.1,57.2,0.2,53.8,0.0,0.0,0.0
2026-04-11 18:25:33,30.2,57.2,24.7,53.8,0.0,0.0,0.0
2026-04-11 18:25:38,30.2,57.1,23.4,53.8,0.0,0.0,0.0
2026-04-11 18:25:43,30.2,57.1,4.5,53.8,0.0,0.0,0.0
2026-04-11 18:25:48,30.1,57.1,21.5,53.8,0.0,0.0,0.0
2026-04-11 18:25:53,30.4,57.2,13.5,53.8,0.0,0.0,0.0
2026-04-11 18:25:58,30.3,57.1,18.5,53.8,0.0,0.0,0.0
2026-04-11 18:26:03,30.3,57.2,5.4,53.8,0.0,0.0,0.0
2026-04-11 18:26:08,30.2,57.2,10.9,53.8,0.0,0.0,0.0
2026-04-11 18:26:13,30.2,57.3,3.7,53.8,0.0,0.0,0.0
2026-04-11 18:26:18,30.2,57.2,5.8,53.8,0.0,0.0,0.0
2026-04-11 18:26:23,30.2,57.1,21.7,53.8,0.0,0.0,0.0
2026-04-11 18:26:28,30.2,57.1,30.7,53.8,0.0,0.0,0.0
2026-04-11 18:26:33,30.2,57.1,3.1,53.8,0.0,0.0,0.0
2026-04-11 18:26:38,30.1,57.2,4.4,53.8,0.0,0.0,0.0
2026-04-11 18:26:43,30.2,57.3,17.9,53.8,0.0,0.0,0.0
2026-04-11 18:26:48,30.3,57.2,12.8,53.8,0.0,0.0,0.0
2026-04-11 18:26:53,30.2,57.2,16.0,53.8,0.0,0.0,0.0
2026-04-11 18:26:58,30.2,57.2,3.8,53.8,0.0,0.0,0.0
2026-04-11 18:27:03,30.3,57.2,21.6,53.8,0.0,0.0,0.0
2026-04-11 18:27:08,30.2,57.3,38.5,53.8,0.0,0.0,0.0
2026-04-11 18:27:13,30.2,57.3,6.2,53.8,0.0,0.0,0.0
2026-04-11 18:27:18,30.1,57.3,8.9,53.9,0.0,0.0,0.0
2026-04-11 18:27:23,30.2,57.4,9.3,53.9,0.0,0.0,0.0
2026-04-11 18:27:28,30.2,57.3,11.2,53.9,0.0,0.0,0.0
2026-04-11 18:27:33,30.3,57.2,33.0,53.9,0.0,0.0,0.0
2026-04-11 18:27:38,30.1,57.2,10.0,53.9,0.0,0.0,0.0
2026-04-11 18:27:43,30.2,57.3,10.5,53.8,0.0,0.0,0.0
2026-04-11 18:27:48,30.3,57.4,20.9,53.8,0.0,0.0,0.0
2026-04-11 18:27:53,30.3,57.4,13.7,53.8,0.0,0.0,0.0
2026-04-11 18:27:58,30.2,57.4,5.2,53.8,0.0,0.0,0.0
2026-04-11 18:28:03,30.3,57.4,13.7,53.8,0.0,0.0,0.0
2026-04-11 18:28:08,30.1,57.5,16.5,53.8,0.0,0.0,0.0
2026-04-11 18:28:13,30.3,57.5,4.2,53.8,0.0,0.0,0.0
2026-04-11 18:28:18,30.2,57.4,0.1,53.8,0.0,0.0,0.0
2026-04-11 18:28:23,30.2,57.2,2.3,53.8,0.0,0.0,0.0
2026-04-11 18:28:28,30.2,57.3,16.8,53.8,0.0,0.0,0.0
2026-04-11 18:28:33,30.2,57.2,0.0,53.8,0.0,0.0,0.0
2026-04-11 18:28:38,30.2,57.1,0.0,53.8,0.0,0.0,0.0
2026-04-11 18:28:43,30.2,57.1,19.9,53.8,0.0,0.0,0.0
2026-04-11 18:28:48,30.2,57.1,13.5,53.8,0.0,0.0,0.0
2026-04-11 18:28:53,30.2,57.0,12.1,53.8,0.0,0.0,0.0
2026-04-11 18:28:58,30.2,57.1,20.6,53.8,0.0,0.0,0.0
2026-04-11 18:29:03,30.4,57.2,23.2,53.8,0.0,0.0,0.0
2026-04-11 18:29:08,30.1,57.1,35.5,53.8,0.0,0.0,0.0
2026-04-11 18:29:13,30.3,57.1,15.3,53.8,0.0,0.0,0.0
2026-04-11 18:29:18,30.1,57.2,4.8,53.8,0.0,0.0,0.0
2026-04-11 18:29:23,30.2,57.3,7.1,53.8,0.0,0.0,0.0
2026-04-11 18:29:28,30.2,57.2,0.0,53.8,0.0,0.0,0.0
2026-04-11 18:29:33,30.2,57.2,5.4,53.8,0.0,0.0,0.0
2026-04-11 18:29:38,30.2,57.2,4.2,53.8,0.0,0.0,0.0
2026-04-11 18:29:43,30.4,57.2,0.0,53.8,0.0,0.0,0.0
2026-04-11 18:29:48,30.1,57.0,12.2,53.9,0.0,0.0,0.0
2026-04-11 18:29:53,30.3,56.9,7.1,53.9,0.0,0.0,0.0
2026-04-11 18:29:58,30.3,57.1,18.0,53.9,0.0,0.0,0.0
2026-04-11 18:30:03,30.2,57.2,12.1,53.9,0.0,0.0,0.0
2026-04-11 18:30:08,30.3,57.3,37.4,53.9,0.0,0.0,0.0
2026-04-11 18:30:13,30.2,57.4,27.8,53.9,0.0,0.0,0.0
2026-04-11 18:30:18,30.4,57.4,9.3,53.9,0.0,0.0,0.0
2026-04-11 18:30:23,30.2,57.4,22.9,53.9,0.0,0.0,0.0
2026-04-11 18:30:28,30.3,57.3,33.3,53.9,0.0,0.0,0.0
2026-04-11 18:30:33,30.3,57.3,24.4,53.8,0.0,0.0,0.0
2026-04-11 18:30:38,30.3,57.3,9.2,53.8,0.0,0.0,0.0
2026-04-11 18:30:43,30.2,57.3,7.0,53.8,0.0,0.0,0.0
2026-04-11 18:30:48,30.2,57.4,11.7,53.8,0.0,0.0,0.0
2026-04-11 18:30:53,30.3,57.4,13.9,53.8,0.0,0.0,0.0
2026-04-11 18:30:58,30.3,57.4,27.3,53.8,0.0,0.0,0.0
2026-04-11 18:31:03,30.3,57.3,21.0,53.8,0.0,0.0,0.0
2026-04-11 18:31:08,30.2,57.3,24.1,53.8,0.0,0.0,0.0
2026-04-11 18:31:13,30.3,57.3,11.6,53.8,0.0,0.0,0.0
2026-04-11 18:31:18,30.3,57.2,14.4,53.8,0.0,0.0,0.0
2026-04-11 18:31:23,30.3,57.1,4.8,53.8,0.0,0.0,0.0
2026-04-11 18:31:28,30.3,57.2,26.1,53.8,0.0,0.0,0.0
2026-04-11 18:31:33,30.3,57.2,8.0,53.8,0.0,0.0,0.0
2026-04-11 18:31:38,30.3,57.1,38.4,53.8,0.0,0.0,0.0
2026-04-11 18:31:43,30.3,57.0,16.8,53.8,0.0,0.0,0.0
2026-04-11 18:31:48,30.5,56.9,14.1,53.9,0.0,0.0,0.0
2026-04-11 18:31:53,30.3,57.0,16.7,53.9,0.0,0.0,0.0
2026-04-11 18:31:58,30.3,57.2,12.5,53.8,0.0,0.0,0.0
2026-04-11 18:32:03,30.2,57.4,25.5,53.8,0.0,0.0,0.0
2026-04-11 18:32:08,30.2,57.5,17.6,53.8,0.0,0.0,0.0
2026-04-11 18:32:13,30.3,57.5,11.9,53.9,0.0,0.0,0.0
2026-04-11 18:32:18,30.2,57.5,32.5,53.9,0.0,0.0,0.0
2026-04-11 18:32:23,30.3,57.6,15.9,53.9,0.0,0.0,0.0
2026-04-11 18:32:28,30.3,57.6,13.8,53.8,0.0,0.0,0.0
2026-04-11 18:32:33,30.2,57.7,13.0,53.8,0.0,0.0,0.0
2026-04-11 18:32:38,30.1,57.8,20.1,53.8,0.0,0.0,0.0
2026-04-11 18:32:43,30.2,57.7,18.4,53.9,0.0,0.0,0.0
2026-04-11 18:32:48,30.2,57.7,11.2,53.9,0.0,0.0,0.0
2026-04-11 18:32:53,30.2,57.7,3.7,53.8,0.0,0.0,0.0
2026-04-11 18:32:58,30.3,57.8,8.3,53.8,0.0,0.0,0.0
2026-04-11 18:33:03,30.2,57.8,0.2,53.8,0.0,0.0,0.0
2026-04-11 18:33:08,30.4,57.8,4.6,53.9,0.0,0.0,0.0
2026-04-11 18:33:13,30.1,57.8,1.3,53.9,0.0,0.0,0.0
2026-04-11 18:33:18,30.4,57.7,13.9,53.9,0.0,0.0,0.0
2026-04-11 18:33:23,30.3,57.9,17.3,53.8,0.0,0.0,0.0
2026-04-11 18:33:28,30.3,57.8,10.6,53.8,0.0,0.0,0.0
2026-04-11 18:33:33,30.3,57.6,20.1,53.8,0.0,0.0,0.0
2026-04-11 18:33:38,30.1,57.6,31.0,53.8,0.0,0.0,0.0
2026-04-11 18:33:43,30.3,57.6,4.7,53.8,0.0,0.0,0.0
2026-04-11 18:33:48,30.1,57.6,25.6,53.8,0.0,0.0,0.0
2026-04-11 18:33:53,30.2,57.6,6.5,53.8,0.0,0.0,0.0
2026-04-11 18:33:58,30.3,57.6,13.9,53.8,0.0,0.0,0.0
2026-04-11 18:34:03,30.3,57.6,9.1,53.8,0.0,0.0,0.0
2026-04-11 18:34:08,30.3,57.5,40.6,53.8,0.0,0.0,0.0
2026-04-11 18:34:13,30.3,57.5,0.6,53.8,0.0,0.0,0.0
2026-04-11 18:34:18,30.2,57.5,11.3,53.8,0.0,0.0,0.0
2026-04-11 18:34:23,30.2,57.5,16.8,53.8,0.0,0.0,0.0
2026-04-11 18:34:28,30.3,57.6,0.0,53.8,0.0,0.0,0.0
2026-04-11 18:34:33,30.3,57.7,24.0,53.8,0.0,0.0,0.0
2026-04-11 18:34:38,30.2,57.7,0.0,53.8,0.0,0.0,0.0
2026-04-11 18:34:43,30.2,57.7,25.1,53.8,0.0,0.0,0.0
2026-04-11 18:34:48,30.4,57.5,18.7,53.8,0.0,0.0,0.0
2026-04-11 18:34:53,30.3,57.5,15.7,53.9,0.0,0.0,0.0
2026-04-11 18:34:58,30.2,57.5,28.0,53.9,0.0,0.0,0.0
2026-04-11 18:35:03,30.3,57.4,14.8,53.9,0.0,0.0,0.0
2026-04-11 18:35:08,30.3,57.4,3.1,53.8,0.0,0.0,0.0
2026-04-11 18:35:13,30.4,57.4,17.4,53.8,0.0,0.0,0.0
2026-04-11 18:35:18,30.2,57.3,18.7,53.8,0.0,0.0,0.0
2026-04-11 18:35:23,30.3,57.3,20.9,53.8,0.0,0.0,0.0
2026-04-11 18:35:28,30.2,57.4,27.7,53.8,0.0,0.0,0.0
2026-04-11 18:35:33,30.2,57.4,20.7,53.8,0.0,0.0,0.0
2026-04-11 18:35:38,30.2,57.3,19.9,53.8,0.0,0.0,0.0
2026-04-11 18:35:43,30.2,57.3,14.6,53.8,0.0,0.0,0.0
2026-04-11 18:35:48,30.4,57.3,20.8,53.8,0.0,0.0,0.0
2026-04-11 18:35:53,30.2,57.5,26.7,53.8,0.0,0.0,0.0
2026-04-11 18:35:58,30.2,57.5,12.7,53.8,0.0,0.0,0.0
2026-04-11 18:36:03,30.3,57.5,15.4,53.8,0.0,0.0,0.0
2026-04-11 18:36:08,30.3,57.4,30.6,53.8,0.0,0.0,0.0
2026-04-11 18:36:13,30.3,57.4,9.3,53.8,0.0,0.0,0.0
2026-04-11 18:36:18,30.2,57.3,5.8,53.8,0.0,0.0,0.0
2026-04-11 18:36:23,30.2,57.3,7.6,53.8,0.0,0.0,0.0
2026-04-11 18:36:28,30.3,57.4,33.6,53.8,0.0,0.0,0.0
2026-04-11 18:36:33,30.3,57.3,21.1,53.8,0.0,0.0,0.0
2026-04-11 18:36:38,30.1,57.4,11.5,53.8,0.0,0.0,0.0
2026-04-11 18:36:43,30.1,57.3,20.1,53.8,0.0,0.0,0.0
2026-04-11 18:36:48,30.4,57.4,2.0,53.8,0.0,0.0,0.0
2026-04-11 18:36:53,30.2,57.5,0.0,53.8,0.0,0.0,0.0
2026-04-11 18:36:58,30.3,57.5,15.0,53.8,0.0,0.0,0.0
2026-04-11 18:37:03,30.1,57.4,21.7,53.8,0.0,0.0,0.0
2026-04-11 18:37:08,30.2,57.5,21.2,53.8,0.0,0.0,0.0
2026-04-11 18:37:13,30.2,57.5,9.4,53.8,0.0,0.0,0.0
2026-04-11 18:37:18,30.3,57.6,19.2,53.8,0.0,0.0,0.0
2026-04-11 18:37:23,30.2,57.6,24.5,53.8,0.0,0.0,0.0
2026-04-11 18:37:28,30.4,57.6,0.0,53.8,0.0,0.0,0.0
2026-04-11 18:37:33,30.3,57.7,6.8,53.8,0.0,0.0,0.0
2026-04-11 18:37:38,30.3,57.6,8.4,53.8,0.0,0.0,0.0
2026-04-11 18:37:43,30.2,57.5,12.7,53.8,0.0,0.0,0.0
2026-04-11 18:37:48,30.3,57.5,14.6,53.8,0.0,0.0,0.0
2026-04-11 18:37:53,30.3,57.5,36.6,53.8,0.0,0.0,0.0
2026-04-11 18:37:58,30.2,57.4,13.1,53.8,0.0,0.0,0.0
2026-04-11 18:38:03,30.3,57.5,15.1,53.8,0.0,0.0,0.0
2026-04-11 18:38:08,30.4,57.6,19.1,53.8,0.0,0.0,0.0
2026-04-11 18:38:13,30.4,57.7,9.5,53.8,0.0,0.0,0.0
2026-04-11 18:38:18,30.1,57.6,17.6,53.8,0.0,0.0,0.0
2026-04-11 18:38:23,30.3,57.5,16.6,53.8,0.0,0.0,0.0
2026-04-11 18:38:28,30.1,57.6,19.5,53.8,0.0,0.0,0.0
2026-04-11 18:38:33,30.2,57.5,11.1,53.8,0.0,0.0,0.0
2026-04-11 18:38:38,30.3,57.4,18.4,53.8,0.0,0.0,0.0
2026-04-11 18:38:43,30.2,57.4,26.8,53.8,0.0,0.0,0.0
2026-04-11 18:38:48,30.1,57.4,19.8,53.8,0.0,0.0,0.0
2026-04-11 18:38:53,30.3,57.3,23.5,53.8,0.0,0.0,0.0
2026-04-11 18:38:58,30.2,57.3,3.8,53.8,0.0,0.0,0.0
2026-04-11 18:39:03,30.3,57.3,6.9,53.8,0.0,0.0,0.0
2026-04-11 18:39:08,30.2,57.3,18.1,53.7,0.0,0.0,0.0
2026-04-11 18:39:13,30.2,57.2,10.7,53.7,0.0,0.0,0.0
2026-04-11 18:39:18,30.3,57.1,15.3,53.8,0.0,0.0,0.0
2026-04-11 18:39:23,30.2,57.1,19.0,53.8,0.0,0.0,0.0
2026-04-11 18:39:28,30.2,57.1,9.0,53.8,0.0,0.0,0.0
2026-04-11 18:39:33,30.4,57.2,13.3,53.8,0.0,0.0,0.0
2026-04-11 18:39:38,30.5,57.3,25.0,53.8,0.0,0.0,0.0
2026-04-11 18:39:43,30.2,57.3,14.9,53.8,0.0,0.0,0.0
2026-04-11 18:39:48,30.2,57.4,4.8,53.8,0.0,0.0,0.0
2026-04-11 18:39:53,30.3,57.5,24.4,53.8,0.0,0.0,0.0
2026-04-11 18:39:58,30.3,57.5,20.6,53.8,0.0,0.0,0.0
2026-04-11 18:40:03,30.2,57.5,18.1,53.8,0.0,0.0,0.0
2026-04-11 18:40:08,30.4,57.6,1.0,53.8,0.0,0.0,0.0
2026-04-11 18:40:13,30.3,57.5,9.6,53.8,0.0,0.0,0.0
2026-04-11 18:40:18,30.4,57.6,7.1,53.8,0.0,0.0,0.0
2026-04-11 18:40:23,30.3,57.5,18.5,53.8,0.0,0.0,0.0
2026-04-11 18:40:28,30.2,57.5,17.3,53.8,0.0,0.0,0.0
2026-04-11 18:40:33,30.3,57.5,0.0,53.8,0.0,0.0,0.0
2026-04-11 18:40:38,30.2,57.4,15.4,53.8,0.0,0.0,0.0
2026-04-11 18:40:43,30.2,57.3,33.0,53.8,0.0,0.0,0.0
2026-04-11 18:40:48,30.2,57.3,6.5,53.8,0.0,0.0,0.0
2026-04-11 18:40:53,30.4,57.2,0.0,53.8,0.0,0.0,0.0
2026-04-11 18:40:58,30.3,57.1,6.6,53.8,0.0,0.0,0.0
2026-04-11 18:41:03,30.3,57.1,4.5,53.8,0.0,0.0,0.0
2026-04-11 18:41:08,30.1,57.0,24.8,53.8,0.0,0.0,0.0
2026-04-11 18:41:13,30.4,57.1,12.3,53.8,0.0,0.0,0.0
2026-04-11 18:41:18,30.4,57.1,16.6,53.8,0.0,0.0,0.0
2026-04-11 18:41:23,30.1,57.1,29.6,53.8,0.0,0.0,0.0
2026-04-11 18:41:28,30.3,57.2,0.0,53.8,0.0,0.0,0.0
2026-04-11 18:41:33,30.2,57.4,10.0,53.8,0.0,0.0,0.0
2026-04-11 18:41:38,30.2,57.4,17.3,53.8,0.0,0.0,0.0
2026-04-11 18:41:43,30.2,57.4,17.7,53.8,0.0,0.0,0.0
2026-04-11 18:41:48,30.4,57.5,0.0,53.8,0.0,0.0,0.0
2026-04-11 18:41:53,30.2,57.5,9.7,53.8,0.0,0.0,0.0
2026-04-11 18:41:58,30.3,57.7,8.5,53.8,0.0,0.0,0.0
2026-04-11 18:42:03,30.4,57.6,7.5,53.8,0.0,0.0,0.0
2026-04-11 18:42:08,30.2,57.6,18.8,53.8,0.0,0.0,0.0
2026-04-11 18:42:13,30.3,57.6,12.6,53.8,0.0,0.0,0.0
2026-04-11 18:42:18,30.1,57.5,7.5,53.8,0.0,0.0,0.0
2026-04-11 18:42:23,30.2,57.5,18.7,53.8,0.0,0.0,0.0
2026-04-11 18:42:28,30.4,57.6,16.3,53.8,0.0,0.0,0.0
2026-04-11 18:42:33,30.3,57.5,0.0,53.7,0.0,0.0,0.0
2026-04-11 18:42:38,30.3,57.5,10.3,53.7,0.0,0.0,0.0
2026-04-11 18:42:43,30.3,57.6,2.8,53.7,0.0,0.0,0.0
2026-04-11 18:42:48,30.4,57.6,22.0,53.7,0.0,0.0,0.0
2026-04-11 18:42:53,30.3,57.6,2.1,53.7,0.0,0.0,0.0
2026-04-11 18:42:58,30.3,57.8,34.2,53.7,0.0,0.0,0.0
2026-04-11 18:43:03,30.3,57.6,8.7,53.7,0.0,0.0,0.0
2026-04-11 18:43:08,30.2,57.7,22.3,53.7,0.0,0.0,0.0
2026-04-11 18:43:13,30.2,57.7,38.5,53.7,0.0,0.0,0.0
2026-04-11 18:43:18,30.3,57.6,0.0,53.7,0.0,0.0,0.0
2026-04-11 18:43:23,30.5,57.6,23.3,53.7,0.0,0.0,0.0
2026-04-11 18:43:28,30.3,57.6,24.9,53.7,0.0,0.0,0.0
2026-04-11 18:43:33,30.3,57.6,11.4,53.7,0.0,0.0,0.0
2026-04-11 18:43:38,30.3,57.6,22.8,53.7,0.0,0.0,0.0
2026-04-11 18:43:43,30.1,57.6,6.6,53.7,0.0,0.0,0.0
2026-04-11 18:43:48,30.2,57.7,5.1,53.7,0.0,0.0,0.0
2026-04-11 18:43:53,30.3,57.7,0.9,53.7,0.0,0.0,0.0
2026-04-11 18:43:58,30.3,57.7,24.2,53.8,0.0,0.0,0.0
2026-04-11 18:44:03,30.1,57.8,13.4,53.8,0.0,0.0,0.0
2026-04-11 18:44:08,30.3,57.7,1.1,53.8,0.0,0.0,0.0
2026-04-11 18:44:13,30.3,57.8,33.3,53.8,0.0,0.0,0.0
2026-04-11 18:44:18,30.1,57.7,14.8,53.8,0.0,0.0,0.0
2026-04-11 18:44:23,30.3,57.7,5.5,53.8,0.0,0.0,0.0
2026-04-11 18:44:28,30.3,57.8,11.8,53.8,0.0,0.0,0.0
2026-04-11 18:44:33,30.3,57.8,21.0,53.8,0.0,0.0,0.0
2026-04-11 18:44:38,30.2,57.7,19.6,53.8,0.0,0.0,0.0
2026-04-11 18:44:43,30.3,57.7,23.6,53.8,0.0,0.0,0.0
2026-04-11 18:44:48,30.2,57.7,14.9,53.8,0.0,0.0,0.0
2026-04-11 18:44:53,30.4,57.7,19.6,53.8,0.0,0.0,0.0
2026-04-11 18:44:58,30.3,57.9,2.6,53.7,0.0,0.0,0.0
2026-04-11 18:45:03,30.2,57.9,0.0,53.7,0.0,0.0,0.0
2026-04-11 18:45:08,30.3,57.8,21.0,53.7,0.0,0.0,0.0
2026-04-11 18:45:13,30.4,57.9,28.7,53.7,0.0,0.0,0.0
2026-04-11 18:45:18,30.4,57.8,26.9,53.7,0.0,0.0,0.0
2026-04-11 18:45:23,30.3,57.6,21.4,53.7,0.0,0.0,0.0
2026-04-11 18:45:28,30.3,57.6,4.3,53.7,0.0,0.0,0.0
2026-04-11 18:45:33,30.3,57.7,18.1,53.7,0.0,0.0,0.0
2026-04-11 18:45:38,30.2,57.7,27.8,53.7,0.0,0.0,0.0
2026-04-11 18:45:43,30.4,57.6,3.9,53.8,0.0,0.0,0.0
2026-04-11 18:45:48,30.2,57.5,13.2,53.8,0.0,0.0,0.0
2026-04-11 18:45:53,30.3,57.6,3.4,53.8,0.0,0.0,0.0
2026-04-11 18:45:58,30.3,57.5,0.0,53.7,0.0,0.0,0.0
2026-04-11 18:46:03,30.2,57.4,26.5,53.7,0.0,0.0,0.0
2026-04-11 18:46:08,30.2,57.4,28.0,53.8,0.0,0.0,0.0
2026-04-11 18:46:13,30.2,57.3,12.0,53.8,0.0,0.0,0.0
2026-04-11 18:46:18,30.4,57.4,26.8,53.8,0.0,0.0,0.0
2026-04-11 18:46:23,30.3,57.5,20.8,53.8,0.0,0.0,0.0
2026-04-11 18:46:28,30.4,57.5,1.4,53.8,0.0,0.0,0.0
2026-04-11 18:46:33,30.3,57.4,21.8,53.8,0.0,0.0,0.0
2026-04-11 18:46:38,30.4,57.4,13.0,53.8,0.0,0.0,0.0
2026-04-11 18:46:43,30.4,57.5,24.1,53.7,0.0,0.0,0.0
2026-04-11 18:46:48,30.3,57.6,7.9,53.7,0.0,0.0,0.0
2026-04-11 18:46:53,30.2,57.6,3.1,53.7,0.0,0.0,0.0
2026-04-11 18:46:58,30.2,57.6,15.0,53.8,0.0,0.0,0.0
2026-04-11 18:47:03,30.4,57.6,0.0,53.8,0.0,0.0,0.0
2026-04-11 18:47:08,30.3,57.6,5.6,53.8,0.0,0.0,0.0
2026-04-11 18:47:13,30.2,57.6,27.5,53.7,0.0,0.0,0.0
2026-04-11 18:47:18,30.2,57.7,16.3,53.7,0.0,0.0,0.0
2026-04-11 18:47:23,30.2,57.8,2.5,53.7,0.0,0.0,0.0
2026-04-11 18:47:28,30.2,57.9,15.8,53.7,0.0,0.0,0.0
2026-04-11 18:47:33,30.4,57.8,16.6,53.7,0.0,0.0,0.0
2026-04-11 18:47:38,30.4,57.8,17.4,53.8,0.0,0.0,0.0
2026-04-11 18:47:43,30.3,57.8,6.2,53.8,0.0,0.0,0.0
2026-04-11 18:47:48,30.3,57.8,16.8,53.8,0.0,0.0,0.0
2026-04-11 18:47:53,30.3,57.7,30.0,53.7,0.0,0.0,0.0
2026-04-11 18:47:58,30.3,57.7,20.9,53.7,0.0,0.0,0.0
2026-04-11 18:48:03,30.2,57.6,5.3,53.7,0.0,0.0,0.0
2026-04-11 18:48:08,30.3,57.7,8.3,53.7,0.0,0.0,0.0
2026-04-11 18:48:13,30.3,57.6,16.8,53.7,0.0,0.0,0.0
2026-04-11 18:48:18,30.3,57.6,12.4,53.7,0.0,0.0,0.0
2026-04-11 18:48:23,30.3,57.5,16.6,53.7,0.0,0.0,0.0
2026-04-11 18:48:28,30.4,57.6,1.4,53.7,0.0,0.0,0.0
2026-04-11 18:48:33,30.3,57.5,20.9,53.7,0.0,0.0,0.0
2026-04-11 18:48:38,30.4,57.4,14.3,53.7,0.0,0.0,0.0
2026-04-11 18:48:43,30.4,57.3,15.9,53.7,0.0,0.0,0.0
2026-04-11 18:48:48,30.4,57.3,14.8,53.8,0.0,0.0,0.0
2026-04-11 18:48:53,30.3,57.3,19.1,53.8,0.0,0.0,0.0
2026-04-11 18:48:58,30.3,57.3,23.1,53.8,0.0,0.0,0.0
2026-04-11 18:49:03,30.2,57.4,10.5,53.8,0.0,0.0,0.0
2026-04-11 18:49:08,30.3,57.6,16.4,53.8,0.0,0.0,0.0
2026-04-11 18:49:13,30.4,57.4,21.7,53.8,0.0,0.0,0.0
2026-04-11 18:49:18,30.4,57.6,0.0,53.7,0.0,0.0,0.0
2026-04-11 18:49:23,30.3,57.5,25.1,53.7,0.0,0.0,0.0
2026-04-11 18:49:28,30.3,57.4,33.7,53.8,0.0,0.0,0.0
2026-04-11 18:49:33,30.3,57.4,25.9,53.8,0.0,0.0,0.0
2026-04-11 18:49:38,30.4,57.3,17.5,53.8,0.0,0.0,0.0
2026-04-11 18:49:43,30.3,57.5,12.6,53.8,0.0,0.0,0.0
2026-04-11 18:49:48,30.2,57.5,16.4,53.8,0.0,0.0,0.0
2026-04-11 18:49:53,30.4,57.6,19.8,53.8,0.0,0.0,0.0
2026-04-11 18:49:58,30.3,57.6,2.7,53.8,0.0,0.0,0.0
2026-04-11 18:50:03,30.3,57.5,6.1,53.8,0.0,0.0,0.0
2026-04-11 18:50:08,30.2,57.4,15.9,53.8,0.0,0.0,0.0
2026-04-11 18:50:13,30.3,57.4,8.8,53.8,0.0,0.0,0.0
2026-04-11 18:50:18,30.2,57.5,4.2,53.8,0.0,0.0,0.0
2026-04-11 18:50:23,30.3,57.6,5.0,53.8,0.0,0.0,0.0
2026-04-11 18:50:28,30.3,57.6,19.1,53.8,0.0,0.0,0.0
2026-04-11 18:50:33,30.2,57.6,25.1,53.8,0.0,0.0,0.0
2026-04-11 18:50:38,30.3,57.4,15.0,53.8,0.0,0.0,0.0
2026-04-11 18:50:43,30.2,57.5,13.8,53.8,0.0,0.0,0.0
2026-04-11 18:50:48,30.5,57.5,1.9,53.8,0.0,0.0,0.0
2026-04-11 18:50:53,30.6,57.6,21.2,53.8,0.0,0.0,0.0
2026-04-11 18:50:58,30.3,57.4,7.3,53.8,0.0,0.0,0.0
2026-04-11 18:51:03,30.3,57.4,42.1,53.8,0.0,0.0,0.0
2026-04-11 18:51:08,30.4,57.4,5.8,53.8,0.0,0.0,0.0
2026-04-11 18:51:13,30.3,57.3,28.0,53.8,0.0,0.0,0.0
2026-04-11 18:51:18,30.3,57.3,0.0,53.7,0.0,0.0,0.0
2026-04-11 18:51:23,30.3,57.1,21.2,53.7,0.0,0.0,0.0
2026-04-11 18:51:28,30.2,57.1,20.1,53.8,0.0,0.0,0.0
2026-04-11 18:51:33,30.4,57.1,25.7,53.8,0.0,0.0,0.0
2026-04-11 18:51:38,30.3,57.1,9.0,53.8,0.0,0.0,0.0
2026-04-11 18:51:43,30.4,57.0,0.5,53.8,0.0,0.0,0.0
2026-04-11 18:51:48,30.3,57.0,26.9,53.8,0.0,0.0,0.0
2026-04-11 18:51:53,30.2,57.0,18.6,53.8,0.0,0.0,0.0
2026-04-11 18:51:58,30.2,57.1,18.6,53.8,0.0,0.0,0.0
2026-04-11 18:52:03,30.3,57.0,8.1,53.8,0.0,0.0,0.0
2026-04-11 18:52:08,30.4,57.0,0.0,53.8,0.0,0.0,0.0
2026-04-11 18:52:13,30.3,57.0,14.7,53.8,0.0,0.0,0.0
2026-04-11 18:52:18,30.3,57.1,20.0,53.8,0.0,0.0,0.0
2026-04-11 18:52:23,30.3,57.1,8.4,53.8,0.0,0.0,0.0
2026-04-11 18:52:28,30.2,57.1,12.6,53.8,0.0,0.0,0.0
2026-04-11 18:52:33,30.3,57.1,6.4,53.8,0.0,0.0,0.0
2026-04-11 18:52:38,30.2,57.3,1.7,53.7,0.0,0.0,0.0
2026-04-11 18:52:43,30.3,57.4,0.0,53.7,0.0,0.0,0.0
2026-04-11 18:52:48,30.2,57.5,15.2,53.7,0.0,0.0,0.0
2026-04-11 18:52:53,30.3,57.7,10.3,53.7,0.0,0.0,0.0
2026-04-11 18:52:58,30.3,57.8,20.5,53.7,0.0,0.0,0.0
2026-04-11 18:53:03,30.2,57.8,15.8,53.7,0.0,0.0,0.0
2026-04-11 18:53:08,30.2,57.8,18.0,53.7,0.0,0.0,0.0
2026-04-11 18:53:13,30.3,57.7,8.8,53.7,0.0,0.0,0.0
2026-04-11 18:53:18,30.3,57.8,16.0,53.7,0.0,0.0,0.0
2026-04-11 18:53:23,30.4,57.7,22.4,53.7,0.0,0.0,0.0
2026-04-11 18:53:28,30.1,57.8,23.5,53.7,0.0,0.0,0.0
2026-04-11 18:53:33,30.1,57.8,22.9,53.7,0.0,0.0,0.0
2026-04-11 18:53:38,30.2,57.6,6.1,53.7,0.0,0.0,0.0
2026-04-11 18:53:43,30.4,57.6,31.8,53.7,0.0,0.0,0.0
2026-04-11 18:53:48,30.1,57.6,29.8,53.7,0.0,0.0,0.0
2026-04-11 18:53:53,30.2,57.6,21.7,53.7,0.0,0.0,0.0
2026-04-11 18:53:58,30.2,57.6,9.1,53.7,0.0,0.0,0.0
2026-04-11 18:54:03,30.2,57.6,21.7,53.7,0.0,0.0,0.0
2026-04-11 18:54:08,30.1,57.6,0.0,53.7,0.0,0.0,0.0
2026-04-11 18:54:13,30.2,57.6,29.1,53.7,0.0,0.0,0.0
2026-04-11 18:54:18,30.4,57.6,15.6,53.7,0.0,0.0,0.0
2026-04-11 18:54:23,30.2,57.6,50.6,53.7,0.0,0.0,0.0
2026-04-11 18:54:28,30.3,57.8,9.9,53.7,0.0,0.0,0.0
2026-04-11 18:54:33,30.1,57.6,21.8,53.7,0.0,0.0,0.0
2026-04-11 18:54:38,30.3,57.6,13.0,53.7,0.0,0.0,0.0
2026-04-11 18:54:43,30.2,57.5,15.9,53.7,0.0,0.0,0.0
2026-04-11 18:54:48,30.3,57.6,0.0,53.8,0.0,0.0,0.0
2026-04-11 18:54:53,30.3,57.6,16.3,53.8,0.0,0.0,0.0
2026-04-11 18:54:58,30.1,57.5,10.1,53.8,0.0,0.0,0.0
2026-04-11 18:55:03,30.2,57.6,11.4,53.7,0.0,0.0,0.0
2026-04-11 18:55:08,30.3,57.7,18.0,53.7,0.0,0.0,0.0
2026-04-11 18:55:13,30.1,57.6,19.3,53.7,0.0,0.0,0.0
2026-04-11 18:55:18,30.3,57.6,14.1,53.7,0.0,0.0,0.0
2026-04-11 18:55:23,30.2,57.7,10.8,53.7,0.0,0.0,0.0
2026-04-11 18:55:28,30.4,57.6,6.2,53.7,0.0,0.0,0.0
2026-04-11 18:55:33,30.2,57.6,14.2,53.7,0.0,0.0,0.0
2026-04-11 18:55:38,30.1,57.6,0.6,53.7,0.0,0.0,0.0
2026-04-11 18:55:43,30.2,57.5,9.8,53.7,0.0,0.0,0.0
2026-04-11 18:55:48,30.3,57.5,0.0,53.7,0.0,0.0,0.0
2026-04-11 18:55:53,30.0,57.7,7.4,53.7,0.0,0.0,0.0
2026-04-11 18:55:58,30.2,57.6,21.8,53.7,0.0,0.0,0.0
2026-04-11 18:56:03,30.2,57.7,2.8,53.7,0.0,0.0,0.0
2026-04-11 18:56:08,30.3,57.7,23.9,53.7,0.0,0.0,0.0
2026-04-11 18:56:13,30.4,57.6,13.3,53.7,0.0,0.0,0.0
2026-04-11 18:56:18,30.2,57.6,3.6,53.7,0.0,0.0,0.0
2026-04-11 18:56:23,30.2,57.5,4.8,53.7,0.0,0.0,0.0
2026-04-11 18:56:28,30.3,57.5,9.6,53.7,0.0,0.0,0.0
2026-04-11 18:56:33,30.2,57.5,5.8,53.7,0.0,0.0,0.0
2026-04-11 18:56:38,30.3,57.5,8.3,53.7,0.0,0.0,0.0
2026-04-11 18:56:43,30.2,57.4,27.9,53.7,0.0,0.0,0.0
2026-04-11 18:56:48,30.3,57.5,23.2,53.7,0.0,0.0,0.0
2026-04-11 18:56:53,30.3,57.5,11.7,53.7,0.0,0.0,0.0
2026-04-11 18:56:58,30.3,57.7,17.8,53.7,0.0,0.0,0.0
2026-04-11 18:57:03,30.3,57.6,0.0,53.7,0.0,0.0,0.0
2026-04-11 18:57:08,30.3,57.5,10.7,53.7,0.0,0.0,0.0
2026-04-11 18:57:13,30.3,57.6,20.7,53.7,0.0,0.0,0.0
2026-04-11 18:57:18,30.3,57.6,14.3,53.7,0.0,0.0,0.0
2026-04-11 18:57:23,30.2,57.4,4.5,53.7,0.0,0.0,0.0
2026-04-11 18:57:28,30.3,57.6,17.8,53.7,0.0,0.0,0.0
2026-04-11 18:57:33,30.3,57.6,24.0,53.7,0.0,0.0,0.0
2026-04-11 18:57:38,30.2,57.6,40.1,53.7,0.0,0.0,0.0
2026-04-11 18:57:43,30.3,57.7,10.6,53.7,0.0,0.0,0.0
2026-04-11 18:57:48,30.2,57.6,13.6,53.7,0.0,0.0,0.0
2026-04-11 18:57:53,30.2,57.5,7.4,53.7,0.0,0.0,0.0
2026-04-11 18:57:58,30.2,57.5,23.9,53.7,0.0,0.0,0.0
2026-04-11 18:58:03,30.4,57.5,16.7,53.7,0.0,0.0,0.0
2026-04-11 18:58:08,30.2,57.4,3.6,53.7,0.0,0.0,0.0
2026-04-11 18:58:13,30.3,57.5,6.7,53.7,0.0,0.0,0.0
2026-04-11 18:58:18,30.3,57.3,27.3,53.7,0.0,0.0,0.0
2026-04-11 18:58:23,30.3,57.3,15.2,53.7,0.0,0.0,0.0
2026-04-11 18:58:28,30.4,57.2,5.7,53.7,0.0,0.0,0.0
2026-04-11 18:58:33,30.2,57.2,17.0,53.7,0.0,0.0,0.0
2026-04-11 18:58:38,30.2,57.2,0.0,53.7,0.0,0.0,0.0
2026-04-11 18:58:43,30.3,57.1,0.0,53.7,0.0,0.0,0.0
2026-04-11 18:58:48,30.2,57.2,20.2,53.7,0.0,0.0,0.0
2026-04-11 18:58:53,30.1,57.2,13.4,53.7,0.0,0.0,0.0
2026-04-11 18:58:58,30.2,57.3,17.0,53.7,0.0,0.0,0.0
2026-04-11 18:59:03,30.3,57.3,26.8,53.7,0.0,0.0,0.0
2026-04-11 18:59:08,30.2,57.2,10.1,53.7,0.0,0.0,0.0
2026-04-11 18:59:13,30.1,57.2,1.1,53.7,0.0,0.0,0.0
2026-04-11 18:59:18,30.3,57.3,27.4,53.7,0.0,0.0,0.0
2026-04-11 18:59:23,30.4,57.2,17.0,53.7,0.0,0.0,0.0
2026-04-11 18:59:28,30.2,57.3,33.8,53.7,0.0,0.0,0.0
2026-04-11 18:59:33,30.4,57.2,1.0,53.7,0.0,0.0,0.0
2026-04-11 18:59:38,30.4,57.1,20.0,53.7,0.0,0.0,0.0
2026-04-11 18:59:43,30.3,57.2,12.7,53.7,0.0,0.0,0.0
2026-04-11 18:59:48,30.3,57.1,7.4,53.7,0.0,0.0,0.0
2026-04-11 18:59:53,30.3,57.1,6.3,53.7,0.0,0.0,0.0
2026-04-11 18:59:58,30.4,57.1,11.1,53.7,0.0,0.0,0.0
2026-04-11 19:00:03,30.3,57.1,10.1,53.7,0.0,0.0,0.0
2026-04-11 19:00:08,30.2,57.2,12.4,53.7,0.0,0.0,0.0
2026-04-11 19:00:13,30.4,57.4,9.6,53.7,0.0,0.0,0.0
2026-04-11 19:00:18,30.2,57.2,14.6,53.7,0.0,0.0,0.0
2026-04-11 19:00:23,30.2,57.3,11.4,53.7,0.0,0.0,0.0
2026-04-11 19:00:28,30.3,57.1,10.6,53.7,0.0,0.0,0.0
2026-04-11 19:00:33,30.3,57.0,0.0,53.7,0.0,0.0,0.0
2026-04-11 19:00:38,30.2,57.1,38.0,53.7,0.0,0.0,0.0
2026-04-11 19:00:43,30.2,57.2,4.2,53.7,0.0,0.0,0.0
2026-04-11 19:00:48,30.2,57.3,21.9,53.7,0.0,0.0,0.0
2026-04-11 19:00:53,30.4,57.3,17.4,53.7,0.0,0.0,0.0
2026-04-11 19:00:58,30.3,57.3,9.2,53.7,0.0,0.0,0.0
2026-04-11 19:01:03,30.4,57.3,11.3,53.7,0.0,0.0,0.0
2026-04-11 19:01:08,30.4,57.5,24.6,53.7,0.0,0.0,0.0
2026-04-11 19:01:13,30.2,57.6,13.8,53.7,0.0,0.0,0.0
2026-04-11 19:01:18,30.2,57.5,10.5,53.7,0.0,0.0,0.0
2026-04-11 19:01:23,30.3,57.5,0.1,53.7,0.0,0.0,0.0
2026-04-11 19:01:28,30.2,57.4,38.6,53.7,0.0,0.0,0.0
2026-04-11 19:01:33,30.3,57.3,19.1,53.7,0.0,0.0,0.0
2026-04-11 19:01:38,30.2,57.2,21.3,53.7,0.0,0.0,0.0
2026-04-11 19:01:43,30.2,57.0,16.8,53.7,0.0,0.0,0.0
2026-04-11 19:01:48,30.3,57.1,8.5,53.7,0.0,0.0,0.0
2026-04-11 19:01:53,30.3,57.0,8.9,53.7,0.0,0.0,0.0
2026-04-11 19:01:58,30.4,56.9,21.0,53.7,0.0,0.0,0.0
2026-04-11 19:02:03,30.3,56.8,15.1,53.7,0.0,0.0,0.0
2026-04-11 19:02:08,30.3,56.8,5.2,53.7,0.0,0.0,0.0
2026-04-11 19:02:13,30.4,56.9,0.0,53.7,0.0,0.0,0.0
2026-04-11 19:02:18,30.2,56.9,19.4,53.7,0.0,0.0,0.0
2026-04-11 19:02:23,30.3,57.0,4.1,53.7,0.0,0.0,0.0
2026-04-11 19:02:28,30.4,57.1,16.6,53.7,0.0,0.0,0.0
2026-04-11 19:02:33,30.2,57.3,8.7,53.7,0.0,0.0,0.0
2026-04-11 19:02:38,30.3,57.3,23.9,53.7,0.0,0.0,0.0
2026-04-11 19:02:43,30.3,57.3,12.9,53.7,0.0,0.0,0.0
2026-04-11 19:02:48,30.2,57.3,20.4,53.7,0.0,0.0,0.0
2026-04-11 19:02:53,30.3,57.2,0.5,53.7,0.0,0.0,0.0
2026-04-11 19:02:58,30.2,57.1,39.8,53.7,0.0,0.0,0.0
2026-04-11 19:03:03,30.4,57.1,13.6,53.7,0.0,0.0,0.0
2026-04-11 19:03:08,30.3,57.1,9.4,53.7,0.0,0.0,0.0
2026-04-11 19:03:13,30.3,57.1,12.9,53.7,0.0,0.0,0.0
2026-04-11 19:03:18,30.4,57.3,1.2,53.7,0.0,0.0,0.0
2026-04-11 19:03:23,30.4,57.4,26.0,53.6,0.0,0.0,0.0
2026-04-11 19:03:28,30.2,57.3,21.2,53.6,0.0,0.0,0.0
2026-04-11 19:03:33,30.2,57.2,28.0,53.6,0.0,0.0,0.0
2026-04-11 19:03:38,30.3,57.3,33.1,53.7,0.0,0.0,0.0
2026-04-11 19:03:43,30.3,57.3,11.2,53.7,0.0,0.0,0.0
2026-04-11 19:03:48,30.2,57.3,5.9,53.7,0.0,0.0,0.0
2026-04-11 19:03:53,30.3,57.3,12.2,53.7,0.0,0.0,0.0
2026-04-11 19:03:58,30.3,57.2,17.9,53.7,0.0,0.0,0.0
2026-04-11 19:04:03,30.3,57.4,3.2,53.6,0.0,0.0,0.0
2026-04-11 19:04:08,30.2,57.4,0.0,53.6,0.0,0.0,0.0
2026-04-11 19:04:13,30.3,57.3,19.7,53.6,0.0,0.0,0.0
2026-04-11 19:04:18,30.3,57.3,16.1,53.7,0.0,0.0,0.0
2026-04-11 19:04:23,30.2,57.2,16.7,53.7,0.0,0.0,0.0
2026-04-11 19:04:28,30.3,57.2,24.0,53.7,0.0,0.0,0.0
2026-04-11 19:04:33,30.3,57.2,0.0,53.7,0.0,0.0,0.0
2026-04-11 19:04:38,30.4,57.3,6.7,53.7,0.0,0.0,0.0
2026-04-11 19:04:43,30.3,57.3,22.6,53.7,0.0,0.0,0.0
2026-04-11 19:04:48,30.3,57.3,34.7,53.7,0.0,0.0,0.0
2026-04-11 19:04:53,30.4,57.3,24.0,53.7,0.0,0.0,0.0
2026-04-11 19:04:58,30.2,57.5,2.1,53.7,0.0,0.0,0.0
2026-04-11 19:05:03,30.3,57.5,20.1,53.7,0.0,0.0,0.0
2026-04-11 19:05:08,30.3,57.6,16.0,53.7,0.0,0.0,0.0
2026-04-11 19:05:13,30.3,57.6,18.6,53.7,0.0,0.0,0.0
2026-04-11 19:05:18,30.1,57.5,30.7,53.7,0.0,0.0,0.0
2026-04-11 19:05:23,30.2,57.5,16.2,53.7,0.0,0.0,0.0
2026-04-11 19:05:28,30.2,57.5,7.5,53.7,0.0,0.0,0.0
2026-04-11 19:05:33,30.3,57.4,1.9,53.7,0.0,0.0,0.0
2026-04-11 19:05:38,30.1,57.4,27.0,53.7,0.0,0.0,0.0
2026-04-11 19:05:43,30.3,57.3,34.8,53.7,0.0,0.0,0.0
2026-04-11 19:05:48,30.2,57.4,13.8,53.7,0.0,0.0,0.0
2026-04-11 19:05:53,30.2,57.3,9.2,53.6,0.0,0.0,0.0
2026-04-11 19:05:58,30.3,57.4,1.4,53.6,0.0,0.0,0.0
2026-04-11 19:06:03,30.3,57.4,28.8,53.7,0.0,0.0,0.0
2026-04-11 19:06:08,30.3,57.5,32.6,53.7,0.0,0.0,0.0
2026-04-11 19:06:13,30.4,57.5,2.4,53.7,0.0,0.0,0.0
2026-04-11 19:06:18,30.2,57.5,1.5,53.7,0.0,0.0,0.0
2026-04-11 19:06:23,30.3,57.7,32.9,53.7,0.0,0.0,0.0
2026-04-11 19:06:28,30.2,57.7,8.0,53.7,0.0,0.0,0.0
2026-04-11 19:06:33,30.3,57.7,27.6,53.7,0.0,0.0,0.0
2026-04-11 19:06:38,30.3,57.7,21.8,53.7,0.0,0.0,0.0
2026-04-11 19:06:43,30.1,57.7,22.8,53.7,0.0,0.0,0.0
2026-04-11 19:06:48,30.2,57.6,1.5,53.7,0.0,0.0,0.0
2026-04-11 19:06:53,30.2,57.8,16.0,53.7,0.0,0.0,0.0
2026-04-11 19:06:58,30.3,57.8,27.6,53.7,0.0,0.0,0.0
2026-04-11 19:07:03,30.1,58.0,3.5,53.7,0.0,0.0,0.0
2026-04-11 19:07:08,30.3,58.0,11.9,53.7,0.0,0.0,0.0
2026-04-11 19:07:13,30.3,58.0,28.4,53.7,0.0,0.0,0.0
2026-04-11 19:07:18,30.3,57.9,20.1,53.7,0.0,0.0,0.0
2026-04-11 19:07:23,30.1,57.8,18.6,53.7,0.0,0.0,0.0
2026-04-11 19:07:28,30.3,57.8,10.3,53.7,0.0,0.0,0.0
2026-04-11 19:07:33,30.2,57.9,21.1,53.7,0.0,0.0,0.0
2026-04-11 19:07:38,30.2,58.0,10.7,53.7,0.0,0.0,0.0
2026-04-11 19:07:43,30.4,57.9,6.8,53.7,0.0,0.0,0.0
2026-04-11 19:07:48,30.4,58.0,4.0,53.7,0.0,0.0,0.0
2026-04-11 19:07:53,30.2,58.0,18.7,53.7,0.0,0.0,0.0
2026-04-11 19:07:58,30.3,57.9,20.2,53.7,0.0,0.0,0.0
2026-04-11 19:08:03,30.3,58.0,12.3,53.7,0.0,0.0,0.0
2026-04-11 19:08:08,30.1,57.9,24.4,53.7,0.0,0.0,0.0
2026-04-11 19:08:13,30.3,57.9,25.7,53.7,0.0,0.0,0.0
2026-04-11 19:08:18,30.3,58.0,40.9,53.7,0.0,0.0,0.0
2026-04-11 19:08:23,30.2,58.0,0.0,53.7,0.0,0.0,0.0
2026-04-11 19:08:28,30.2,58.0,11.1,53.7,0.0,0.0,0.0
2026-04-11 19:08:33,30.3,57.9,24.5,53.7,0.0,0.0,0.0
2026-04-11 19:08:38,30.2,57.9,16.0,53.7,0.0,0.0,0.0
2026-04-11 19:08:43,30.1,57.9,28.8,53.7,0.0,0.0,0.0
2026-04-11 19:08:48,30.2,57.9,17.3,53.7,0.0,0.0,0.0
2026-04-11 19:08:53,30.1,57.8,10.0,53.7,0.0,0.0,0.0
2026-04-11 19:08:58,30.2,57.9,22.3,53.6,0.0,0.0,0.0
2026-04-11 19:09:03,30.3,57.8,18.3,53.6,0.0,0.0,0.0
2026-04-11 19:09:08,30.2,57.8,9.0,53.6,0.0,0.0,0.0
2026-04-11 19:09:13,30.1,57.8,11.5,53.7,0.0,0.0,0.0
2026-04-11 19:09:18,30.2,57.8,0.0,53.7,0.0,0.0,0.0
2026-04-11 19:09:23,30.2,57.9,12.8,53.7,0.0,0.0,0.0
2026-04-11 19:09:28,30.3,57.8,26.1,53.7,0.0,0.0,0.0
2026-04-11 19:09:33,30.2,57.8,0.0,53.7,0.0,0.0,0.0
2026-04-11 19:09:38,30.1,58.0,4.0,53.7,0.0,0.0,0.0
2026-04-11 19:09:43,30.1,57.9,23.8,53.7,0.0,0.0,0.0
2026-04-11 19:09:48,30.2,57.9,16.0,53.7,0.0,0.0,0.0
2026-04-11 19:09:53,30.1,57.7,7.0,53.7,0.0,0.0,0.0
2026-04-11 19:09:58,30.2,57.7,9.1,53.7,0.0,0.0,0.0
2026-04-11 19:10:03,30.3,57.6,13.5,53.6,0.0,0.0,0.0
2026-04-11 19:10:08,30.1,57.7,29.7,53.6,0.0,0.0,0.0
2026-04-11 19:10:13,30.1,57.7,0.0,53.6,0.0,0.0,0.0
2026-04-11 19:10:18,30.1,57.6,12.5,53.6,0.0,0.0,0.0
2026-04-11 19:10:23,30.2,57.7,19.4,53.6,0.0,0.0,0.0
2026-04-11 19:10:28,30.2,57.7,23.9,53.6,0.0,0.0,0.0
2026-04-11 19:10:33,30.1,57.8,28.8,53.7,0.0,0.0,0.0
2026-04-11 19:10:38,30.0,57.9,0.0,53.7,0.0,0.0,0.0
2026-04-11 19:10:43,30.2,57.8,19.9,53.7,0.0,0.0,0.0
2026-04-11 19:10:48,30.1,57.7,32.2,53.6,0.0,0.0,0.0
2026-04-11 19:10:53,30.2,57.7,3.1,53.6,0.0,0.0,0.0
2026-04-11 19:10:58,30.1,57.5,5.0,53.7,0.0,0.0,0.0
2026-04-11 19:11:03,30.2,57.5,10.9,53.7,0.0,0.0,0.0
2026-04-11 19:11:08,30.2,57.6,29.6,53.7,0.0,0.0,0.0
2026-04-11 19:11:13,30.1,57.7,18.6,53.7,0.0,0.0,0.0
2026-04-11 19:11:18,30.1,57.7,0.0,53.7,0.0,0.0,0.0
2026-04-11 19:11:23,30.2,57.5,9.0,53.6,0.0,0.0,0.0
2026-04-11 19:11:28,30.2,57.6,38.4,53.6,0.0,0.0,0.0
2026-04-11 19:11:33,30.1,57.6,14.0,53.6,0.0,0.0,0.0
2026-04-11 19:11:38,30.1,57.5,1.6,53.6,0.0,0.0,0.0
2026-04-11 19:11:43,30.1,57.5,18.4,53.6,0.0,0.0,0.0
2026-04-11 19:11:48,30.2,57.5,9.1,53.7,0.0,0.0,0.0
2026-04-11 19:11:53,30.3,57.5,9.1,53.7,0.0,0.0,0.0
2026-04-11 19:11:58,30.1,57.5,12.5,53.7,0.0,0.0,0.0
2026-04-11 19:12:03,30.2,57.4,6.8,53.7,0.0,0.0,0.0
2026-04-11 19:12:08,30.2,57.4,3.7,53.7,0.0,0.0,0.0
2026-04-11 19:12:13,30.3,57.3,13.2,53.7,0.0,0.0,0.0
2026-04-11 19:12:18,30.3,57.3,26.7,53.7,0.0,0.0,0.0
2026-04-11 19:12:23,30.3,57.4,31.9,53.7,0.0,0.0,0.0
2026-04-11 19:12:28,30.3,57.3,23.7,53.7,0.0,0.0,0.0
2026-04-11 19:12:33,30.2,57.2,27.0,53.7,0.0,0.0,0.0
2026-04-11 19:12:38,30.2,57.2,24.1,53.7,0.0,0.0,0.0
2026-04-11 19:12:43,30.3,57.1,22.1,53.7,0.0,0.0,0.0
2026-04-11 19:12:48,30.3,57.3,7.6,53.7,0.0,0.0,0.0
2026-04-11 19:12:53,30.2,57.3,9.7,53.7,0.0,0.0,0.0
2026-04-11 19:12:58,30.4,57.4,0.0,53.7,0.0,0.0,0.0
2026-04-11 19:13:03,30.2,57.3,11.9,53.7,0.0,0.0,0.0
2026-04-11 19:13:08,30.4,57.2,24.6,53.7,0.0,0.0,0.0
2026-04-11 19:13:13,30.1,57.2,25.1,53.7,0.0,0.0,0.0
2026-04-11 19:13:18,30.2,57.3,3.4,53.6,0.0,0.0,0.0
2026-04-11 19:13:23,30.2,57.3,15.6,53.6,0.0,0.0,0.0
2026-04-11 19:13:28,30.3,57.2,29.3,53.6,0.0,0.0,0.0
2026-04-11 19:13:33,30.4,57.1,6.8,53.6,0.0,0.0,0.0
2026-04-11 19:13:38,30.3,57.1,11.9,53.7,0.0,0.0,0.0
2026-04-11 19:13:43,30.3,57.1,14.8,53.7,0.0,0.0,0.0
2026-04-11 19:13:48,30.3,57.2,15.8,53.6,0.0,0.0,0.0
2026-04-11 19:13:53,30.2,57.2,22.7,53.6,0.0,0.0,0.0
2026-04-11 19:13:58,30.1,57.1,25.3,53.6,0.0,0.0,0.0
2026-04-11 19:14:03,30.2,57.1,34.5,53.6,0.0,0.0,0.0
2026-04-11 19:14:08,30.1,57.2,11.8,53.6,0.0,0.0,0.0
2026-04-11 19:14:13,30.1,57.3,8.8,53.6,0.0,0.0,0.0
2026-04-11 19:14:18,30.3,57.3,0.5,53.7,0.0,0.0,0.0
2026-04-11 19:14:23,30.3,57.3,25.0,53.7,0.0,0.0,0.0
2026-04-11 19:14:28,30.1,57.1,33.2,53.7,0.0,0.0,0.0
2026-04-11 19:14:33,30.1,57.1,27.9,53.7,0.0,0.0,0.0
2026-04-11 19:14:38,30.2,57.1,20.2,53.6,0.0,0.0,0.0
2026-04-11 19:14:43,30.3,57.0,36.2,53.6,0.0,0.0,0.0
2026-04-11 19:14:48,30.3,57.0,19.3,53.6,0.0,0.0,0.0
2026-04-11 19:14:53,30.4,57.1,5.2,53.7,0.0,0.0,0.0
2026-04-11 19:14:58,30.4,57.2,31.8,53.7,0.0,0.0,0.0
2026-04-11 19:15:03,30.3,57.2,6.9,53.7,0.0,0.0,0.0
2026-04-11 19:15:08,30.2,57.2,10.1,53.7,0.0,0.0,0.0
2026-04-11 19:15:13,30.2,57.3,12.8,53.7,0.0,0.0,0.0
2026-04-11 19:15:18,30.3,57.5,22.7,53.7,0.0,0.0,0.0
2026-04-11 19:15:23,30.2,57.5,4.4,53.7,0.0,0.0,0.0
2026-04-11 19:15:28,30.3,57.4,13.4,53.7,0.0,0.0,0.0
2026-04-11 19:15:33,30.1,57.3,34.4,53.7,0.0,0.0,0.0
2026-04-11 19:15:38,30.3,57.5,24.4,53.7,0.0,0.0,0.0
2026-04-11 19:15:43,30.2,57.5,19.9,53.7,0.0,0.0,0.0
2026-04-11 19:15:48,30.2,57.5,9.2,53.7,0.0,0.0,0.0
2026-04-11 19:15:53,30.3,57.5,0.0,53.7,0.0,0.0,0.0
2026-04-11 19:15:58,30.2,57.6,29.4,53.7,0.0,0.0,0.0
2026-04-11 19:16:03,30.2,57.6,25.7,53.7,0.0,0.0,0.0
2026-04-11 19:16:08,30.3,57.5,14.5,53.7,0.0,0.0,0.0
2026-04-11 19:16:13,30.3,57.7,21.5,53.7,0.0,0.0,0.0
2026-04-11 19:16:18,30.2,57.7,19.1,53.7,0.0,0.0,0.0
2026-04-11 19:16:23,30.3,57.6,6.8,53.7,0.0,0.0,0.0
2026-04-11 19:16:28,30.3,57.6,15.9,53.6,0.0,0.0,0.0
2026-04-11 19:16:33,30.3,57.7,26.8,53.6,0.0,0.0,0.0
2026-04-11 19:16:38,30.2,57.6,31.3,53.6,0.0,0.0,0.0
2026-04-11 19:16:43,30.4,57.6,12.2,53.6,0.0,0.0,0.0
2026-04-11 19:16:48,30.3,57.6,10.1,53.6,0.0,0.0,0.0
2026-04-11 19:16:53,30.2,57.6,0.0,53.6,0.0,0.0,0.0
2026-04-11 19:16:58,30.3,57.6,15.4,53.6,0.0,0.0,0.0
2026-04-11 19:17:03,30.3,57.7,28.6,53.7,0.0,0.0,0.0
2026-04-11 19:17:08,30.3,57.8,15.1,53.7,0.0,0.0,0.0
2026-04-11 19:17:13,30.4,57.7,5.8,53.7,0.0,0.0,0.0
2026-04-11 19:17:18,30.4,57.7,25.6,53.7,0.0,0.0,0.0
2026-04-11 19:17:23,30.3,57.7,0.0,53.7,0.0,0.0,0.0
2026-04-11 19:17:28,30.2,57.7,10.1,53.7,0.0,0.0,0.0
2026-04-11 19:17:33,30.4,57.7,14.5,53.7,0.0,0.0,0.0
2026-04-11 19:17:38,30.2,57.7,12.0,53.7,0.0,0.0,0.0
2026-04-11 19:17:43,30.2,57.7,26.9,53.7,0.0,0.0,0.0
2026-04-11 19:17:48,30.1,57.8,14.2,53.7,0.0,0.0,0.0
2026-04-11 19:17:53,30.3,57.8,15.3,53.7,0.0,0.0,0.0
2026-04-11 19:17:58,30.3,57.8,32.4,53.7,0.0,0.0,0.0
2026-04-11 19:18:03,30.3,57.7,2.1,53.7,0.0,0.0,0.0
2026-04-11 19:18:08,30.2,57.7,10.7,53.7,0.0,0.0,0.0
2026-04-11 19:18:13,30.3,57.7,12.2,53.7,0.0,0.0,0.0
2026-04-11 19:18:18,30.4,57.7,9.2,53.7,0.0,0.0,0.0
2026-04-11 19:18:23,30.3,57.8,21.5,53.7,0.0,0.0,0.0
2026-04-11 19:18:28,30.3,57.7,0.0,53.7,0.0,0.0,0.0
2026-04-11 19:18:33,30.3,57.8,1.5,53.7,0.0,0.0,0.0
2026-04-11 19:18:38,30.3,57.8,20.1,53.7,0.0,0.0,0.0
2026-04-11 19:18:43,30.1,57.7,17.7,53.7,0.0,0.0,0.0
2026-04-11 19:18:48,30.2,57.7,11.0,53.7,0.0,0.0,0.0
2026-04-11 19:18:53,30.5,57.6,14.7,53.7,0.0,0.0,0.0
2026-04-11 19:18:58,30.3,57.6,10.8,53.7,0.0,0.0,0.0
2026-04-11 19:19:03,30.2,57.5,14.1,53.7,0.0,0.0,0.0
2026-04-11 19:19:08,30.3,57.6,22.1,53.7,0.0,0.0,0.0
2026-04-11 19:19:13,30.3,57.6,8.0,53.7,0.0,0.0,0.0
2026-04-11 19:19:18,30.3,57.7,16.0,53.7,0.0,0.0,0.0
2026-04-11 19:19:23,30.4,57.7,39.9,53.7,0.0,0.0,0.0
2026-04-11 19:19:28,30.3,57.7,23.0,53.7,0.0,0.0,0.0
2026-04-11 19:19:33,30.2,57.5,10.6,53.7,0.0,0.0,0.0
2026-04-11 19:19:38,30.1,57.6,17.8,53.7,0.0,0.0,0.0
2026-04-11 19:19:43,30.3,57.5,27.9,53.7,0.0,0.0,0.0
2026-04-11 19:19:48,30.3,57.4,11.7,53.7,0.0,0.0,0.0
2026-04-11 19:19:53,30.3,57.4,21.1,53.7,0.0,0.0,0.0
2026-04-11 19:19:58,30.3,57.4,15.9,53.7,0.0,0.0,0.0
2026-04-11 19:20:03,30.3,57.5,11.0,53.7,0.0,0.0,0.0
2026-04-11 19:20:08,30.2,57.6,33.6,53.7,0.0,0.0,0.0
2026-04-11 19:20:13,30.3,57.5,10.2,53.7,0.0,0.0,0.0
2026-04-11 19:20:18,30.2,57.6,19.1,53.7,0.0,0.0,0.0
2026-04-11 19:20:23,30.2,57.6,15.4,53.7,0.0,0.0,0.0
2026-04-11 19:20:28,30.2,57.6,14.2,53.7,0.0,0.0,0.0
2026-04-11 19:20:33,30.2,57.7,23.2,53.7,0.0,0.0,0.0
2026-04-11 19:20:38,30.3,57.8,0.0,53.7,0.0,0.0,0.0
2026-04-11 19:20:43,30.4,57.7,16.2,53.7,0.0,0.0,0.0
2026-04-11 19:20:48,30.2,57.6,13.6,53.7,0.0,0.0,0.0
2026-04-11 19:20:53,30.4,57.7,11.2,53.7,0.0,0.0,0.0
2026-04-11 19:20:58,30.3,57.8,8.4,53.7,0.0,0.0,0.0
2026-04-11 19:21:03,30.2,57.8,32.8,53.7,0.0,0.0,0.0
2026-04-11 19:21:08,30.3,57.6,13.7,53.7,0.0,0.0,0.0
2026-04-11 19:21:13,30.4,57.5,14.4,53.7,0.0,0.0,0.0
2026-04-11 19:21:18,30.4,57.4,0.4,53.7,0.0,0.0,0.0
2026-04-11 19:21:23,30.1,57.5,10.7,53.7,0.0,0.0,0.0
2026-04-11 19:21:28,30.2,57.5,14.5,53.7,0.0,0.0,0.0
2026-04-11 19:21:33,30.3,57.6,0.0,53.7,0.0,0.0,0.0
2026-04-11 19:21:38,30.2,57.6,18.8,53.7,0.0,0.0,0.0
2026-04-11 19:21:43,30.2,57.5,25.2,53.7,0.0,0.0,0.0
2026-04-11 19:21:48,30.1,57.6,24.3,53.7,0.0,0.0,0.0
2026-04-11 19:21:53,30.3,57.6,28.0,53.7,0.0,0.0,0.0
2026-04-11 19:21:58,30.3,57.6,9.2,53.7,0.0,0.0,0.0
2026-04-11 19:22:03,30.3,57.7,17.7,53.7,0.0,0.0,0.0
2026-04-11 19:22:08,30.2,57.8,0.0,53.7,0.0,0.0,0.0
2026-04-11 19:22:13,30.2,57.8,21.7,53.7,0.0,0.0,0.0
2026-04-11 19:22:18,30.3,57.7,12.5,53.7,0.0,0.0,0.0
2026-04-11 19:22:23,30.2,57.8,14.6,53.7,0.0,0.0,0.0
2026-04-11 19:22:28,30.2,57.8,10.1,53.7,0.0,0.0,0.0
2026-04-11 19:22:33,30.2,57.8,8.8,53.7,0.0,0.0,0.0
2026-04-11 19:22:38,30.2,57.6,15.9,53.7,0.0,0.0,0.0
2026-04-11 19:22:43,30.2,57.7,10.1,53.7,0.0,0.0,0.0
2026-04-11 19:22:48,30.2,57.8,0.0,53.7,0.0,0.0,0.0
2026-04-11 19:22:53,30.4,57.8,17.7,53.7,0.0,0.0,0.0
2026-04-11 19:22:58,30.4,57.8,10.1,53.7,0.0,0.0,0.0
2026-04-11 19:23:03,30.3,58.0,22.1,53.7,0.0,0.0,0.0
2026-04-11 19:23:08,30.3,58.0,12.1,53.7,0.0,0.0,0.0
2026-04-11 19:23:13,30.3,58.1,34.2,53.7,0.0,0.0,0.0
2026-04-11 19:23:18,30.1,58.1,7.6,53.7,0.0,0.0,0.0
2026-04-11 19:23:23,30.2,58.1,16.9,53.7,0.0,0.0,0.0
2026-04-11 19:23:28,30.4,58.1,21.5,53.7,0.0,0.0,0.0
2026-04-11 19:23:33,30.2,58.1,2.8,53.7,0.0,0.0,0.0
2026-04-11 19:23:38,30.3,58.0,19.1,53.7,0.0,0.0,0.0
2026-04-11 19:23:43,30.4,58.1,11.9,53.6,0.0,0.0,0.0
2026-04-11 19:23:48,30.4,58.0,17.0,53.6,0.0,0.0,0.0
2026-04-11 19:23:53,30.3,57.9,10.6,53.7,0.0,0.0,0.0
2026-04-11 19:23:58,30.2,57.9,16.3,53.7,0.0,0.0,0.0
2026-04-11 19:24:03,30.3,57.9,22.0,53.7,0.0,0.0,0.0
2026-04-11 19:24:08,30.3,57.9,13.7,53.7,0.0,0.0,0.0
2026-04-11 19:24:13,30.3,57.8,14.9,53.7,0.0,0.0,0.0
2026-04-11 19:24:18,30.3,57.8,20.0,53.7,0.0,0.0,0.0
2026-04-11 19:24:23,30.3,57.8,23.9,53.7,0.0,0.0,0.0
2026-04-11 19:24:28,30.3,57.7,14.4,53.7,0.0,0.0,0.0
2026-04-11 19:24:33,30.3,57.6,0.4,53.7,0.0,0.0,0.0
2026-04-11 19:24:38,30.1,57.6,17.0,53.6,0.0,0.0,0.0
2026-04-11 19:24:43,30.3,57.6,26.4,53.6,0.0,0.0,0.0
2026-04-11 19:24:48,30.5,57.4,16.9,53.6,0.0,0.0,0.0
2026-04-11 19:24:53,30.3,57.4,19.4,53.7,0.0,0.0,0.0
2026-04-11 19:24:58,30.2,57.2,4.6,53.7,0.0,0.0,0.0
2026-04-11 19:25:03,30.2,57.3,40.5,53.7,0.0,0.0,0.0
2026-04-11 19:25:08,30.2,57.2,14.4,53.7,0.0,0.0,0.0
2026-04-11 19:25:13,30.2,57.1,21.7,53.7,0.0,0.0,0.0
2026-04-11 19:25:18,30.3,57.2,0.0,53.7,0.0,0.0,0.0
2026-04-11 19:25:23,30.3,57.2,24.9,53.7,0.0,0.0,0.0
2026-04-11 19:25:28,30.3,57.3,7.2,53.6,0.0,0.0,0.0
2026-04-11 19:25:33,30.1,57.4,11.6,53.6,0.0,0.0,0.0
2026-04-11 19:25:38,30.3,57.4,30.4,53.6,0.0,0.0,0.0
2026-04-11 19:25:43,30.3,57.4,13.6,53.7,0.0,0.0,0.0
2026-04-11 19:25:48,30.3,57.4,19.7,53.7,0.0,0.0,0.0
2026-04-11 19:25:53,30.4,57.4,7.9,53.7,0.0,0.0,0.0
2026-04-11 19:25:58,30.3,57.4,17.8,53.6,0.0,0.0,0.0
2026-04-11 19:26:03,30.5,57.3,14.1,53.6,0.0,0.0,0.0
2026-04-11 19:26:08,30.3,57.3,19.0,53.6,0.0,0.0,0.0
2026-04-11 19:26:13,30.3,57.2,8.8,53.6,0.0,0.0,0.0
2026-04-11 19:26:18,30.2,57.2,11.1,53.7,0.0,0.0,0.0
2026-04-11 19:26:23,30.2,57.3,22.1,53.7,0.0,0.0,0.0
2026-04-11 19:26:28,30.3,57.4,30.2,53.7,0.0,0.0,0.0
2026-04-11 19:26:33,30.3,57.3,13.8,53.7,0.0,0.0,0.0
2026-04-11 19:26:38,30.3,57.3,19.9,53.6,0.0,0.0,0.0
2026-04-11 19:26:43,30.2,57.3,0.0,53.6,0.0,0.0,0.0
2026-04-11 19:26:48,30.3,57.5,18.1,53.6,0.0,0.0,0.0
2026-04-11 19:26:53,30.1,57.5,25.0,53.7,0.0,0.0,0.0
2026-04-11 19:26:58,30.3,57.3,1.2,53.7,0.0,0.0,0.0
2026-04-11 19:27:03,30.2,57.3,24.7,53.7,0.0,0.0,0.0
2026-04-11 19:27:08,30.3,57.4,28.8,53.7,0.0,0.0,0.0
2026-04-11 19:27:13,30.1,57.3,25.8,53.7,0.0,0.0,0.0
2026-04-11 19:27:18,30.3,57.4,3.4,53.7,0.0,0.0,0.0
2026-04-11 19:27:23,30.2,57.5,16.0,53.7,0.0,0.0,0.0
2026-04-11 19:27:28,30.1,57.5,1.2,53.7,0.0,0.0,0.0
2026-04-11 19:27:33,30.2,57.5,19.5,53.7,0.0,0.0,0.0
2026-04-11 19:27:38,30.2,57.4,34.9,53.7,0.0,0.0,0.0
2026-04-11 19:27:43,30.1,57.5,17.3,53.7,0.0,0.0,0.0
2026-04-11 19:27:48,30.3,57.5,25.4,53.7,0.0,0.0,0.0
2026-04-11 19:27:53,30.2,57.7,10.0,53.7,0.0,0.0,0.0
2026-04-11 19:27:58,30.4,57.6,9.8,53.7,0.0,0.0,0.0
2026-04-11 19:28:03,30.2,57.6,12.9,53.7,0.0,0.0,0.0
2026-04-11 19:28:08,30.3,57.6,30.8,53.7,0.0,0.0,0.0
2026-04-11 19:28:13,30.3,57.6,20.4,53.7,0.0,0.0,0.0
2026-04-11 19:28:18,30.3,57.5,31.2,53.7,0.0,0.0,0.0
2026-04-11 19:28:23,30.3,57.6,2.7,53.6,0.0,0.0,0.0
2026-04-11 19:28:28,30.1,57.7,0.0,53.6,0.0,0.0,0.0
2026-04-11 19:28:33,30.3,57.7,0.0,53.6,0.0,0.0,0.0
2026-04-11 19:28:38,30.1,57.7,0.0,53.6,0.0,0.0,0.0
2026-04-11 19:28:43,30.2,57.6,13.8,53.6,0.0,0.0,0.0
2026-04-11 19:28:48,30.1,57.5,7.6,53.6,0.0,0.0,0.0
2026-04-11 19:28:53,30.2,57.5,16.6,53.6,0.0,0.0,0.0
2026-04-11 19:28:58,30.2,57.3,8.6,53.7,0.0,0.0,0.0
2026-04-11 19:29:03,30.2,57.4,13.6,53.7,0.0,0.0,0.0
2026-04-11 19:29:08,30.2,57.3,1.7,53.6,0.0,0.0,0.0
2026-04-11 19:29:13,30.3,57.3,11.6,53.6,0.0,0.0,0.0
2026-04-11 19:29:18,30.3,57.3,27.8,53.6,0.0,0.0,0.0
2026-04-11 19:29:23,30.3,57.3,10.8,53.6,0.0,0.0,0.0
2026-04-11 19:29:28,30.2,57.3,24.8,53.6,0.0,0.0,0.0
2026-04-11 19:29:33,30.3,57.2,6.2,53.7,0.0,0.0,0.0
2026-04-11 19:29:38,30.3,57.2,0.0,53.7,0.0,0.0,0.0
2026-04-11 19:29:43,30.2,57.2,15.0,53.7,0.0,0.0,0.0
2026-04-11 19:29:48,30.2,57.2,11.7,53.7,0.0,0.0,0.0
2026-04-11 19:29:53,30.3,57.1,11.5,53.7,0.0,0.0,0.0
2026-04-11 19:29:58,30.1,57.0,15.8,53.7,0.0,0.0,0.0
2026-04-11 19:30:03,30.2,57.1,11.2,53.7,0.0,0.0,0.0
2026-04-11 19:30:08,30.4,57.0,0.0,53.7,0.0,0.0,0.0
2026-04-11 19:30:13,30.3,57.1,0.0,53.7,0.0,0.0,0.0
2026-04-11 19:30:18,30.2,57.2,7.5,53.7,0.0,0.0,0.0
2026-04-11 19:30:23,30.2,57.1,21.4,53.7,0.0,0.0,0.0
2026-04-11 19:30:28,30.2,57.2,14.3,53.7,0.0,0.0,0.0
2026-04-11 19:30:33,30.3,57.0,17.0,53.7,0.0,0.0,0.0
2026-04-11 19:30:38,30.1,56.8,22.9,53.7,0.0,0.0,0.0
2026-04-11 19:30:43,30.3,56.8,23.5,53.7,0.0,0.0,0.0
2026-04-11 19:30:48,30.4,56.8,42.4,53.7,0.0,0.0,0.0
2026-04-11 19:30:53,30.2,56.9,19.2,53.6,0.0,0.0,0.0
2026-04-11 19:30:58,30.2,56.9,22.1,53.6,0.0,0.0,0.0
2026-04-11 19:31:03,30.1,56.9,9.0,53.6,0.0,0.0,0.0
2026-04-11 19:31:08,30.3,57.0,12.3,53.7,0.0,0.0,0.0
2026-04-11 19:31:13,30.2,57.1,0.0,53.7,0.0,0.0,0.0
2026-04-11 19:31:18,30.3,56.9,17.9,53.7,0.0,0.0,0.0
2026-04-11 19:31:23,30.2,56.9,17.3,53.7,0.0,0.0,0.0
2026-04-11 19:31:28,30.3,56.9,24.5,53.7,0.0,0.0,0.0
2026-04-11 19:31:33,30.2,56.8,0.0,53.7,0.0,0.0,0.0
2026-04-11 19:31:38,30.3,56.9,15.3,53.7,0.0,0.0,0.0
2026-04-11 19:31:43,30.3,56.8,19.1,53.7,0.0,0.0,0.0
2026-04-11 19:31:48,30.4,57.0,15.6,53.7,0.0,0.0,0.0
2026-04-11 19:31:53,30.2,57.0,8.9,53.7,0.0,0.0,0.0
2026-04-11 19:31:58,30.1,56.9,8.7,53.7,0.0,0.0,0.0
2026-04-11 19:32:03,30.4,56.9,5.9,53.7,0.0,0.0,0.0
2026-04-11 19:32:08,30.2,57.0,13.2,53.7,0.0,0.0,0.0
2026-04-11 19:32:13,30.3,57.0,5.8,53.7,0.0,0.0,0.0
2026-04-11 19:32:18,30.3,57.2,14.7,53.7,0.0,0.0,0.0
2026-04-11 19:32:23,30.2,57.4,4.6,53.7,0.0,0.0,0.0
2026-04-11 19:32:28,30.3,57.3,3.9,53.7,0.0,0.0,0.0
2026-04-11 19:32:33,30.2,57.3,17.1,53.7,0.0,0.0,0.0
2026-04-11 19:32:38,30.4,57.2,13.4,53.7,0.0,0.0,0.0
2026-04-11 19:32:43,30.2,57.0,11.8,53.7,0.0,0.0,0.0
2026-04-11 19:32:48,30.3,57.1,24.4,53.7,0.0,0.0,0.0
2026-04-11 19:32:53,30.2,57.1,18.4,53.7,0.0,0.0,0.0
2026-04-11 19:32:58,30.2,57.0,12.6,53.7,0.0,0.0,0.0
2026-04-11 19:33:03,30.3,57.1,6.5,53.7,0.0,0.0,0.0
2026-04-11 19:33:08,30.2,57.2,26.8,53.7,0.0,0.0,0.0
2026-04-11 19:33:13,30.3,57.2,14.6,53.7,0.0,0.0,0.0
2026-04-11 19:33:18,30.2,57.2,4.4,53.7,0.0,0.0,0.0
2026-04-11 19:33:23,30.2,57.1,13.6,53.7,0.0,0.0,0.0
2026-04-11 19:33:28,30.1,57.2,37.5,53.7,0.0,0.0,0.0
2026-04-11 19:33:33,30.4,57.2,11.6,53.6,0.0,0.0,0.0
2026-04-11 19:33:38,30.4,57.2,15.8,53.6,0.0,0.0,0.0
2026-04-11 19:33:43,30.4,57.2,26.9,53.7,0.0,0.0,0.0
2026-04-11 19:33:48,30.3,57.2,6.9,53.7,0.0,0.0,0.0
2026-04-11 19:33:53,30.2,57.2,20.3,53.7,0.0,0.0,0.0
2026-04-11 19:33:58,30.3,57.2,26.4,53.7,0.0,0.0,0.0
2026-04-11 19:34:03,30.2,57.3,14.1,53.7,0.0,0.0,0.0
2026-04-11 19:34:08,30.3,57.3,7.0,53.7,0.0,0.0,0.0
2026-04-11 19:34:13,30.3,57.2,0.0,53.7,0.0,0.0,0.0
2026-04-11 19:34:18,30.3,57.4,19.7,53.7,0.0,0.0,0.0
2026-04-11 19:34:23,30.3,57.2,17.0,53.7,0.0,0.0,0.0
2026-04-11 19:34:28,30.3,57.3,0.0,53.6,0.0,0.0,0.0
2026-04-11 19:34:33,30.3,57.3,6.3,53.6,0.0,0.0,0.0
2026-04-11 19:34:38,30.5,57.2,22.5,53.7,0.0,0.0,0.0
2026-04-11 19:34:43,30.2,57.3,3.1,53.7,0.0,0.0,0.0
2026-04-11 19:34:48,30.4,57.4,4.3,53.7,0.0,0.0,0.0
2026-04-11 19:34:53,30.2,57.4,2.1,53.7,0.0,0.0,0.0
2026-04-11 19:34:58,30.2,57.4,17.6,53.7,0.0,0.0,0.0
2026-04-11 19:35:03,30.4,57.4,5.5,53.7,0.0,0.0,0.0
2026-04-11 19:35:08,30.3,57.5,17.8,53.7,0.0,0.0,0.0
2026-04-11 19:35:13,30.3,57.5,23.7,53.7,0.0,0.0,0.0
2026-04-11 19:35:18,30.3,57.5,10.0,53.7,0.0,0.0,0.0
2026-04-11 19:35:23,30.1,57.5,26.6,53.7,0.0,0.0,0.0
2026-04-11 19:35:28,30.2,57.5,18.0,53.6,0.0,0.0,0.0
2026-04-11 19:35:33,30.2,57.6,0.0,53.6,0.0,0.0,0.0
2026-04-11 19:35:38,30.4,57.6,34.0,53.6,0.0,0.0,0.0
2026-04-11 19:35:43,30.3,57.6,31.9,53.6,0.0,0.0,0.0
2026-04-11 19:35:48,30.3,57.6,14.3,53.6,0.0,0.0,0.0
2026-04-11 19:35:53,30.3,57.6,11.7,53.6,0.0,0.0,0.0
2026-04-11 19:35:58,30.1,57.5,15.4,53.6,0.0,0.0,0.0
2026-04-11 19:36:03,30.3,57.5,11.2,53.6,0.0,0.0,0.0
2026-04-11 19:36:08,30.4,57.3,14.1,53.6,0.0,0.0,0.0
2026-04-11 19:36:13,30.4,57.3,4.6,53.6,0.0,0.0,0.0
2026-04-11 19:36:18,30.2,57.4,24.6,53.6,0.0,0.0,0.0
2026-04-11 19:36:23,30.3,57.4,25.4,53.6,0.0,0.0,0.0
2026-04-11 19:36:28,30.2,57.3,21.1,53.6,0.0,0.0,0.0
2026-04-11 19:36:33,30.3,57.3,25.9,53.7,0.0,0.0,0.0
2026-04-11 19:36:38,30.4,57.3,7.7,53.7,0.0,0.0,0.0
2026-04-11 19:36:43,30.3,57.3,3.2,53.7,0.0,0.0,0.0
2026-04-11 19:36:48,30.4,57.4,11.5,53.7,0.0,0.0,0.0
2026-04-11 19:36:53,30.3,57.3,33.4,53.7,0.0,0.0,0.0
2026-04-11 19:36:58,30.3,57.4,2.4,53.7,0.0,0.0,0.0
2026-04-11 19:37:03,30.4,57.4,12.6,53.7,0.0,0.0,0.0
2026-04-11 19:37:08,30.2,57.4,15.0,53.7,0.0,0.0,0.0
2026-04-11 19:37:13,30.4,57.4,14.8,53.7,0.0,0.0,0.0
2026-04-11 19:37:18,30.3,57.4,24.9,53.7,0.0,0.0,0.0
2026-04-11 19:37:23,30.2,57.4,5.7,53.7,0.0,0.0,0.0
2026-04-11 19:37:28,30.3,57.4,17.2,53.7,0.0,0.0,0.0
2026-04-11 19:37:33,30.4,57.4,0.0,53.6,0.0,0.0,0.0
2026-04-11 19:37:38,30.4,57.3,23.8,53.6,0.0,0.0,0.0
2026-04-11 19:37:43,30.3,57.4,10.4,53.7,0.0,0.0,0.0
2026-04-11 19:37:48,30.3,57.4,33.1,53.7,0.0,0.0,0.0
2026-04-11 19:37:53,30.4,57.4,27.3,53.6,0.0,0.0,0.0
2026-04-11 19:37:58,30.4,57.4,16.8,53.6,0.0,0.0,0.0
2026-04-11 19:38:03,30.4,57.4,38.3,53.6,0.0,0.0,0.0
2026-04-11 19:38:08,30.3,57.4,0.0,53.6,0.0,0.0,0.0
2026-04-11 19:38:13,30.3,57.6,5.7,53.7,0.0,0.0,0.0
2026-04-11 19:38:18,30.4,57.6,6.9,53.7,0.0,0.0,0.0
2026-04-11 19:38:23,30.5,57.6,12.6,53.7,0.0,0.0,0.0
2026-04-11 19:38:28,30.3,57.6,22.4,53.7,0.0,0.0,0.0
2026-04-11 19:38:33,30.5,57.6,16.3,53.6,0.0,0.0,0.0
2026-04-11 19:38:38,30.3,57.6,11.0,53.6,0.0,0.0,0.0
2026-04-11 19:38:43,30.3,57.5,7.5,53.6,0.0,0.0,0.0
2026-04-11 19:38:48,30.3,57.4,13.7,53.6,0.0,0.0,0.0
2026-04-11 19:38:53,30.4,57.4,18.4,53.6,0.0,0.0,0.0
2026-04-11 19:38:58,30.3,57.6,9.3,53.6,0.0,0.0,0.0
2026-04-11 19:39:03,30.4,57.5,21.4,53.6,0.0,0.0,0.0
2026-04-11 19:39:08,30.3,57.4,26.8,53.6,0.0,0.0,0.0
2026-04-11 19:39:13,30.4,57.6,18.7,53.6,0.0,0.0,0.0
2026-04-11 19:39:18,30.4,57.5,2.7,53.6,0.0,0.0,0.0
2026-04-11 19:39:23,30.3,57.6,17.4,53.6,0.0,0.0,0.0
2026-04-11 19:39:28,30.4,57.7,0.0,53.6,0.0,0.0,0.0
2026-04-11 19:39:33,30.4,57.7,22.9,53.6,0.0,0.0,0.0
2026-04-11 19:39:38,30.4,57.7,21.1,53.6,0.0,0.0,0.0
2026-04-11 19:39:43,30.2,57.7,17.6,53.7,0.0,0.0,0.0
2026-04-11 19:39:48,30.4,57.6,32.0,53.7,0.0,0.0,0.0
2026-04-11 19:39:53,30.4,57.6,8.3,53.7,0.0,0.0,0.0
2026-04-11 19:39:58,30.4,57.5,10.7,53.7,0.0,0.0,0.0
2026-04-11 19:40:03,30.4,57.6,10.9,53.7,0.0,0.0,0.0
2026-04-11 19:40:08,30.3,57.6,27.2,53.6,0.0,0.0,0.0
2026-04-11 19:40:13,30.3,57.5,2.1,53.6,0.0,0.0,0.0
2026-04-11 19:40:18,30.2,57.5,15.2,53.6,0.0,0.0,0.0
2026-04-11 19:40:23,30.3,57.5,15.4,53.6,0.0,0.0,0.0
2026-04-11 19:40:28,30.3,57.5,11.6,53.6,0.0,0.0,0.0
2026-04-11 19:40:33,30.4,57.5,7.4,53.6,0.0,0.0,0.0
2026-04-11 19:40:38,30.4,57.6,23.7,53.6,0.0,0.0,0.0
2026-04-11 19:40:43,30.4,57.6,13.6,53.6,0.0,0.0,0.0
2026-04-11 19:40:48,30.3,57.7,10.7,53.6,0.0,0.0,0.0
2026-04-11 19:40:53,30.4,57.7,16.7,53.6,0.0,0.0,0.0
2026-04-11 19:40:58,30.2,57.7,4.2,53.6,0.0,0.0,0.0
2026-04-11 19:41:03,30.3,57.6,0.0,53.6,0.0,0.0,0.0
2026-04-11 19:41:08,30.2,57.5,12.3,53.7,0.0,0.0,0.0
2026-04-11 19:41:13,30.4,57.5,19.2,53.7,0.0,0.0,0.0
2026-04-11 19:41:18,30.4,57.5,12.1,53.6,0.0,0.0,0.0
2026-04-11 19:41:23,30.4,57.4,15.0,53.6,0.0,0.0,0.0
2026-04-11 19:41:28,30.4,57.6,23.6,53.6,0.0,0.0,0.0
2026-04-11 19:41:33,30.1,57.5,35.4,53.6,0.0,0.0,0.0
2026-04-11 19:41:38,30.4,57.5,22.1,53.6,0.0,0.0,0.0
2026-04-11 19:41:43,30.2,57.7,22.9,53.6,0.0,0.0,0.0
2026-04-11 19:41:48,30.3,57.7,28.4,53.6,0.0,0.0,0.0
2026-04-11 19:41:53,30.4,57.7,32.3,53.6,0.0,0.0,0.0
2026-04-11 19:41:58,30.3,57.7,13.0,53.6,0.0,0.0,0.0
2026-04-11 19:42:03,30.3,57.7,2.8,53.6,0.0,0.0,0.0
2026-04-11 19:42:08,30.3,57.6,27.0,53.6,0.0,0.0,0.0
2026-04-11 19:42:13,30.4,57.8,16.6,53.7,0.0,0.0,0.0
2026-04-11 19:42:18,30.4,57.7,0.0,53.7,0.0,0.0,0.0
2026-04-11 19:42:23,30.1,57.7,14.3,53.7,0.0,0.0,0.0
2026-04-11 19:42:28,30.2,57.6,23.2,53.7,0.0,0.0,0.0
2026-04-11 19:42:33,30.3,57.6,0.0,53.7,0.0,0.0,0.0
2026-04-11 19:42:38,30.2,57.5,3.7,53.7,0.0,0.0,0.0
2026-04-11 19:42:43,30.4,57.5,14.4,53.7,0.0,0.0,0.0
2026-04-11 19:42:48,30.3,57.5,2.4,53.7,0.0,0.0,0.0
2026-04-11 19:42:53,30.4,57.5,2.8,53.7,0.0,0.0,0.0
2026-04-11 19:42:58,30.3,57.6,19.2,53.7,0.0,0.0,0.0
2026-04-11 19:43:03,30.5,57.7,7.2,53.7,0.0,0.0,0.0
2026-04-11 19:43:08,30.4,57.7,0.0,53.7,0.0,0.0,0.0
2026-04-11 19:43:13,30.4,57.8,26.5,53.7,0.0,0.0,0.0
2026-04-11 19:43:18,30.3,57.8,12.1,53.7,0.0,0.0,0.0
2026-04-11 19:43:23,30.4,57.8,30.7,53.7,0.0,0.0,0.0
2026-04-11 19:43:28,30.2,57.8,6.1,53.7,0.0,0.0,0.0
2026-04-11 19:43:33,30.4,57.7,4.4,53.6,0.0,0.0,0.0
2026-04-11 19:43:38,30.2,57.6,19.2,53.6,0.0,0.0,0.0
2026-04-11 19:43:43,30.2,57.6,21.3,53.6,0.0,0.0,0.0
2026-04-11 19:43:48,30.3,57.6,16.5,53.6,0.0,0.0,0.0
2026-04-11 19:43:53,30.2,57.6,10.2,53.7,0.0,0.0,0.0
2026-04-11 19:43:58,30.4,57.6,22.0,53.7,0.0,0.0,0.0
2026-04-11 19:44:03,30.2,57.6,14.0,53.7,0.0,0.0,0.0
2026-04-11 19:44:08,30.3,57.5,8.0,53.6,0.0,0.0,0.0
2026-04-11 19:44:13,30.4,57.6,15.6,53.6,0.0,0.0,0.0
2026-04-11 19:44:18,30.3,57.7,1.4,53.6,0.0,0.0,0.0
2026-04-11 19:44:23,30.3,57.8,26.8,53.6,0.0,0.0,0.0
2026-04-11 19:44:28,30.4,57.7,6.5,53.6,0.0,0.0,0.0
2026-04-11 19:44:33,30.4,57.7,25.8,53.6,0.0,0.0,0.0
2026-04-11 19:44:38,30.4,57.7,23.8,53.6,0.0,0.0,0.0
2026-04-11 19:44:43,30.6,57.8,3.0,53.6,0.0,0.0,0.0
2026-04-11 19:44:48,30.3,57.8,0.0,53.6,0.0,0.0,0.0
2026-04-11 19:44:53,30.5,57.8,19.7,53.6,0.0,0.0,0.0
2026-04-11 19:44:58,30.4,57.8,22.8,53.6,0.0,0.0,0.0
2026-04-11 19:45:03,30.4,57.8,15.2,53.6,0.0,0.0,0.0
2026-04-11 19:45:08,30.3,57.7,7.8,53.6,0.0,0.0,0.0
2026-04-11 19:45:13,30.3,57.7,6.5,53.6,0.0,0.0,0.0
2026-04-11 19:45:18,30.3,57.7,31.5,53.6,0.0,0.0,0.0
2026-04-11 19:45:23,30.3,57.6,0.4,53.6,0.0,0.0,0.0
2026-04-11 19:45:28,30.3,57.7,30.8,53.6,0.0,0.0,0.0
2026-04-11 19:45:33,30.5,57.6,12.4,53.6,0.0,0.0,0.0
2026-04-11 19:45:38,30.4,57.7,8.7,53.6,0.0,0.0,0.0
2026-04-11 19:45:43,30.4,57.5,19.8,53.7,0.0,0.0,0.0
2026-04-11 19:45:48,30.4,57.5,34.2,53.7,0.0,0.0,0.0
2026-04-11 19:45:53,30.2,57.6,15.6,53.6,0.0,0.0,0.0
2026-04-11 19:45:58,30.3,57.5,0.7,53.6,0.0,0.0,0.0
2026-04-11 19:46:03,30.3,57.3,25.6,53.6,0.0,0.0,0.0
2026-04-11 19:46:08,30.5,57.2,0.0,53.6,0.0,0.0,0.0
2026-04-11 19:46:13,30.4,57.2,17.6,53.6,0.0,0.0,0.0
2026-04-11 19:46:18,30.2,57.3,21.3,53.6,0.0,0.0,0.0
2026-04-11 19:46:23,30.3,57.4,3.2,53.6,0.0,0.0,0.0
2026-04-11 19:46:28,30.4,57.4,9.1,53.6,0.0,0.0,0.0
2026-04-11 19:46:33,30.3,57.4,3.6,53.6,0.0,0.0,0.0
2026-04-11 19:46:38,30.5,57.5,7.3,53.6,0.0,0.0,0.0
2026-04-11 19:46:43,30.4,57.5,19.7,53.6,0.0,0.0,0.0
2026-04-11 19:46:48,30.5,57.5,8.5,53.6,0.0,0.0,0.0
2026-04-11 19:46:53,30.5,57.5,11.5,53.6,0.0,0.0,0.0
2026-04-11 19:46:58,30.4,57.5,0.0,53.7,0.0,0.0,0.0
2026-04-11 19:47:03,30.3,57.5,26.5,53.7,0.0,0.0,0.0
2026-04-11 19:47:08,30.5,57.4,22.7,53.7,0.0,0.0,0.0
2026-04-11 19:47:13,30.2,57.4,0.0,53.6,0.0,0.0,0.0
2026-04-11 19:47:18,30.3,57.4,5.9,53.6,0.0,0.0,0.0
2026-04-11 19:47:23,30.3,57.5,7.1,53.6,0.0,0.0,0.0
2026-04-11 19:47:28,30.3,57.5,2.0,53.6,0.0,0.0,0.0
2026-04-11 19:47:33,30.4,57.6,26.2,53.6,0.0,0.0,0.0
2026-04-11 19:47:38,30.3,57.7,43.6,53.6,0.0,0.0,0.0
2026-04-11 19:47:43,30.4,57.7,8.3,53.6,0.0,0.0,0.0
2026-04-11 19:47:48,30.3,57.6,9.7,53.6,0.0,0.0,0.0
2026-04-11 19:47:53,30.4,57.5,15.1,53.6,0.0,0.0,0.0
2026-04-11 19:47:58,30.4,57.7,18.7,53.6,0.0,0.0,0.0
2026-04-11 19:48:03,30.3,57.7,17.6,53.6,0.0,0.0,0.0
2026-04-11 19:48:08,30.3,57.6,25.0,53.6,0.0,0.0,0.0
2026-04-11 19:48:13,30.2,57.7,26.1,53.6,0.0,0.0,0.0
2026-04-11 19:48:18,30.3,57.8,4.9,53.6,0.0,0.0,0.0
2026-04-11 19:48:23,30.4,57.8,16.4,53.6,0.0,0.0,0.0
2026-04-11 19:48:28,30.4,57.7,3.7,53.6,0.0,0.0,0.0
2026-04-11 19:48:33,30.3,57.6,0.0,53.6,0.0,0.0,0.0
2026-04-11 19:48:38,30.3,57.7,34.3,53.6,0.0,0.0,0.0
2026-04-11 19:48:43,30.4,57.6,16.8,53.6,0.0,0.0,0.0
2026-04-11 19:48:48,30.3,57.6,27.1,53.6,0.0,0.0,0.0
2026-04-11 19:48:53,30.4,57.5,11.2,53.6,0.0,0.0,0.0
2026-04-11 19:48:58,30.3,57.6,0.0,53.6,0.0,0.0,0.0
2026-04-11 19:49:03,30.3,57.4,6.2,53.6,0.0,0.0,0.0
2026-04-11 19:49:08,30.4,57.5,16.9,53.6,0.0,0.0,0.0
2026-04-11 19:49:13,30.4,57.3,9.6,53.6,0.0,0.0,0.0
2026-04-11 19:49:18,30.2,57.2,24.8,53.6,0.0,0.0,0.0
2026-04-11 19:49:23,30.3,57.3,11.4,53.6,0.0,0.0,0.0
2026-04-11 19:49:28,30.5,57.1,14.2,53.6,0.0,0.0,0.0
2026-04-11 19:49:33,30.4,57.1,7.7,53.6,0.0,0.0,0.0
2026-04-11 19:49:38,30.4,57.2,36.3,53.6,0.0,0.0,0.0
2026-04-11 19:49:43,30.3,57.2,8.7,53.6,0.0,0.0,0.0
2026-04-11 19:49:48,30.5,57.3,18.9,53.6,0.0,0.0,0.0
2026-04-11 19:49:53,30.3,57.4,0.0,53.6,0.0,0.0,0.0
2026-04-11 19:49:58,30.4,57.4,6.6,53.6,0.0,0.0,0.0
2026-04-11 19:50:03,30.3,57.3,12.9,53.6,0.0,0.0,0.0
2026-04-11 19:50:08,30.3,57.3,1.9,53.6,0.0,0.0,0.0
2026-04-11 19:50:13,30.4,57.4,12.6,53.6,0.0,0.0,0.0
2026-04-11 19:50:18,30.2,57.4,20.1,53.6,0.0,0.0,0.0
2026-04-11 19:50:23,30.4,57.3,16.7,53.6,0.0,0.0,0.0
2026-04-11 19:50:28,30.3,57.3,16.2,53.6,0.0,0.0,0.0
2026-04-11 19:50:33,30.3,57.1,0.0,53.6,0.0,0.0,0.0
2026-04-11 19:50:38,30.4,57.1,19.7,53.6,0.0,0.0,0.0
2026-04-11 19:50:43,30.3,57.1,11.4,53.6,0.0,0.0,0.0
2026-04-11 19:50:48,30.4,57.1,25.0,53.6,0.0,0.0,0.0
2026-04-11 19:50:53,30.3,57.2,18.4,53.6,0.0,0.0,0.0
2026-04-11 19:50:58,30.5,57.3,8.8,53.6,0.0,0.0,0.0
2026-04-11 19:51:03,30.3,57.2,12.2,53.6,0.0,0.0,0.0
2026-04-11 19:51:08,30.4,57.2,23.9,53.6,0.0,0.0,0.0
2026-04-11 19:51:13,30.3,57.1,13.8,53.6,0.0,0.0,0.0
2026-04-11 19:51:18,30.2,57.3,22.6,53.6,0.0,0.0,0.0
2026-04-11 19:51:23,30.3,57.2,18.6,53.6,0.0,0.0,0.0
2026-04-11 19:51:28,30.3,57.2,12.1,53.6,0.0,0.0,0.0
2026-04-11 19:51:33,30.3,57.4,10.6,53.6,0.0,0.0,0.0
2026-04-11 19:51:38,30.4,57.4,8.2,53.6,0.0,0.0,0.0
2026-04-11 19:51:43,30.4,57.4,19.1,53.6,0.0,0.0,0.0
2026-04-11 19:51:48,30.4,57.4,12.8,53.6,0.0,0.0,0.0
2026-04-11 19:51:53,30.3,57.3,25.1,53.6,0.0,0.0,0.0
2026-04-11 19:51:58,30.4,57.4,18.4,53.6,0.0,0.0,0.0
2026-04-11 19:52:03,30.3,57.3,7.2,53.6,0.0,0.0,0.0
2026-04-11 19:52:08,30.3,57.3,14.2,53.6,0.0,0.0,0.0
2026-04-11 19:52:13,30.2,57.3,15.5,53.6,0.0,0.0,0.0
2026-04-11 19:52:18,30.3,57.3,19.2,53.6,0.0,0.0,0.0
2026-04-11 19:52:23,30.3,57.2,13.6,53.6,0.0,0.0,0.0
2026-04-11 19:52:28,30.3,57.1,6.4,53.6,0.0,0.0,0.0
2026-04-11 19:52:33,30.3,57.1,28.6,53.6,0.0,0.0,0.0
2026-04-11 19:52:38,30.3,57.0,6.7,53.6,0.0,0.0,0.0
2026-04-11 19:52:43,30.2,57.0,8.3,53.6,0.0,0.0,0.0
2026-04-11 19:52:48,30.3,57.1,44.4,53.6,0.0,0.0,0.0
2026-04-11 19:52:53,30.4,57.1,20.4,53.6,0.0,0.0,0.0
2026-04-11 19:52:58,30.3,57.2,16.3,53.6,0.0,0.0,0.0
2026-04-11 19:53:03,30.2,57.2,14.4,53.6,0.0,0.0,0.0
2026-04-11 19:53:08,30.2,57.1,20.6,53.6,0.0,0.0,0.0
2026-04-11 19:53:13,30.3,57.2,21.9,53.6,0.0,0.0,0.0
2026-04-11 19:53:18,30.4,57.3,26.2,53.6,0.0,0.0,0.0
2026-04-11 19:53:23,30.3,57.3,14.7,53.6,0.0,0.0,0.0
2026-04-11 19:53:28,30.2,57.3,2.3,53.6,0.0,0.0,0.0
2026-04-11 19:53:33,30.3,57.3,6.7,53.6,0.0,0.0,0.0
2026-04-11 19:53:38,30.2,57.4,13.6,53.6,0.0,0.0,0.0
2026-04-11 19:53:43,30.2,57.3,7.7,53.6,0.0,0.0,0.0
2026-04-11 19:53:48,30.2,57.3,8.4,53.6,0.0,0.0,0.0
2026-04-11 19:53:53,30.2,57.2,2.0,53.6,0.0,0.0,0.0
2026-04-11 19:53:58,30.3,57.4,2.6,53.6,0.0,0.0,0.0
2026-04-11 19:54:03,30.2,57.5,11.9,53.6,0.0,0.0,0.0
2026-04-11 19:54:08,30.2,57.4,12.6,53.6,0.0,0.0,0.0
2026-04-11 19:54:13,30.2,57.3,2.6,53.6,0.0,0.0,0.0
2026-04-11 19:54:18,30.1,57.4,23.0,53.6,0.0,0.0,0.0
2026-04-11 19:54:23,30.4,57.6,12.0,53.6,0.0,0.0,0.0
2026-04-11 19:54:28,30.2,57.5,26.0,53.6,0.0,0.0,0.0
2026-04-11 19:54:33,30.2,57.4,26.2,53.6,0.0,0.0,0.0
2026-04-11 19:54:38,30.1,57.4,0.0,53.6,0.0,0.0,0.0
2026-04-11 19:54:43,30.2,57.4,11.2,53.6,0.0,0.0,0.0
2026-04-11 19:54:48,30.1,57.4,20.5,53.6,0.0,0.0,0.0
2026-04-11 19:54:53,30.3,57.4,1.5,53.6,0.0,0.0,0.0
2026-04-11 19:54:58,30.3,57.4,5.6,53.6,0.0,0.0,0.0
2026-04-11 19:55:03,30.2,57.6,17.9,53.6,0.0,0.0,0.0
2026-04-11 19:55:08,30.3,57.6,9.2,53.6,0.0,0.0,0.0
2026-04-11 19:55:13,30.3,57.7,17.3,53.6,0.0,0.0,0.0
2026-04-11 19:55:18,30.3,57.8,12.3,53.6,0.0,0.0,0.0
2026-04-11 19:55:23,30.3,57.7,25.6,53.6,0.0,0.0,0.0
2026-04-11 19:55:28,30.2,57.6,9.1,53.6,0.0,0.0,0.0
2026-04-11 19:55:33,30.3,57.7,27.4,53.6,0.0,0.0,0.0
2026-04-11 19:55:38,30.3,57.6,22.2,53.6,0.0,0.0,0.0
2026-04-11 19:55:43,30.2,57.6,12.9,53.6,0.0,0.0,0.0
2026-04-11 19:55:48,30.2,57.6,3.7,53.6,0.0,0.0,0.0
2026-04-11 19:55:53,30.3,57.7,29.6,53.6,0.0,0.0,0.0
2026-04-11 19:55:58,30.2,57.5,22.2,53.6,0.0,0.0,0.0
2026-04-11 19:56:03,30.3,57.6,26.8,53.6,0.0,0.0,0.0
2026-04-11 19:56:08,30.2,57.7,4.5,53.6,0.0,0.0,0.0
2026-04-11 19:56:13,30.2,57.7,13.8,53.6,0.0,0.0,0.0
2026-04-11 19:56:18,30.3,57.7,29.6,53.6,0.0,0.0,0.0
2026-04-11 19:56:23,30.2,57.8,1.9,53.6,0.0,0.0,0.0
2026-04-11 19:56:28,30.3,57.7,9.7,53.6,0.0,0.0,0.0
2026-04-11 19:56:33,30.2,57.7,0.7,53.6,0.0,0.0,0.0
2026-04-11 19:56:38,30.3,57.7,14.6,53.6,0.0,0.0,0.0
2026-04-11 19:56:43,30.3,57.9,22.7,53.6,0.0,0.0,0.0
2026-04-11 19:56:48,30.3,57.9,13.4,53.6,0.0,0.0,0.0
2026-04-11 19:56:53,30.3,57.8,7.6,53.6,0.0,0.0,0.0
2026-04-11 19:56:58,30.1,57.6,18.7,53.6,0.0,0.0,0.0
2026-04-11 19:57:03,30.2,57.4,23.0,53.7,0.0,0.0,0.0
2026-04-11 19:57:08,30.3,57.3,0.0,53.7,0.0,0.0,0.0
2026-04-11 19:57:13,30.3,57.2,7.7,53.6,0.0,0.0,0.0
2026-04-11 19:57:18,30.3,57.1,2.9,53.6,0.0,0.0,0.0
2026-04-11 19:57:23,30.2,57.1,16.6,53.6,0.0,0.0,0.0
2026-04-11 19:57:28,30.3,57.2,28.7,53.6,0.0,0.0,0.0
2026-04-11 19:57:33,30.1,57.1,7.7,53.6,0.0,0.0,0.0
2026-04-11 19:57:38,30.2,57.1,22.9,53.6,0.0,0.0,0.0
2026-04-11 19:57:43,30.3,57.1,25.9,53.6,0.0,0.0,0.0
2026-04-11 19:57:48,30.2,57.2,18.0,53.6,0.0,0.0,0.0
2026-04-11 19:57:53,30.2,57.2,0.0,53.6,0.0,0.0,0.0
2026-04-11 19:57:58,30.2,57.2,28.6,53.6,0.0,0.0,0.0
2026-04-11 19:58:03,30.3,57.2,0.0,53.6,0.0,0.0,0.0
2026-04-11 19:58:08,30.3,57.1,0.0,53.6,0.0,0.0,0.0
2026-04-11 19:58:13,30.3,56.9,4.5,53.6,0.0,0.0,0.0
2026-04-11 19:58:18,30.1,56.9,2.3,53.6,0.0,0.0,0.0
2026-04-11 19:58:23,30.3,57.0,0.7,53.6,0.0,0.0,0.0
2026-04-11 19:58:28,30.2,56.9,9.9,53.6,0.0,0.0,0.0
2026-04-11 19:58:33,30.1,56.9,10.9,53.6,0.0,0.0,0.0
2026-04-11 19:58:38,30.3,56.8,25.2,53.6,0.0,0.0,0.0
2026-04-11 19:58:43,30.0,56.9,37.2,53.6,0.0,0.0,0.0
2026-04-11 19:58:48,30.3,56.8,13.6,53.6,0.0,0.0,0.0
2026-04-11 19:58:53,30.3,57.0,11.8,53.6,0.0,0.0,0.0
2026-04-11 19:58:58,30.3,57.0,35.2,53.6,0.0,0.0,0.0
2026-04-11 19:59:03,30.2,57.0,6.8,53.6,0.0,0.0,0.0
2026-04-11 19:59:08,30.1,57.1,20.7,53.6,0.0,0.0,0.0
2026-04-11 19:59:13,30.3,56.9,4.4,53.6,0.0,0.0,0.0
2026-04-11 19:59:18,30.3,56.9,13.7,53.6,0.0,0.0,0.0
2026-04-11 19:59:23,30.3,56.9,24.4,53.6,0.0,0.0,0.0
2026-04-11 19:59:28,30.4,57.0,28.1,53.6,0.0,0.0,0.0
2026-04-11 19:59:33,30.3,57.1,12.7,53.6,0.0,0.0,0.0
2026-04-11 19:59:38,30.2,57.1,0.0,53.5,0.0,1.0,0.0
2026-04-11 19:59:43,30.4,59.2,16.7,53.5,0.0,1.0,0.0
2026-04-11 19:59:48,30.3,61.4,11.4,53.5,0.0,1.0,0.0
2026-04-11 19:59:53,30.3,63.2,4.5,53.5,0.0,1.0,0.0
2026-04-11 19:59:58,30.3,64.7,7.5,53.6,0.0,1.0,0.0
