Timestamp,Temperature,Humidity,Light,Soil_Moisture,Drip,Mist,Fan
2026-04-19 17:00:00,30.4,52.1,119.7,54.1,0.0,0.0,0.0
2026-04-19 17:00:05,30.4,52.0,161.9,54.1,0.0,0.0,0.0
2026-04-19 17:00:10,30.3,52.0,133.8,54.2,0.0,0.0,0.0
2026-04-19 17:00:15,30.4,52.0,161.3,54.2,0.0,0.0,0.0
2026-04-19 17:00:20,30.2,52.0,137.1,54.1,0.0,0.0,0.0
2026-04-19 17:00:25,30.2,51.9,150.0,54.1,0.0,0.0,0.0
2026-04-19 17:00:30,30.2,51.9,152.3,54.2,0.0,0.0,0.0
2026-04-19 17:00:35,30.1,51.8,129.7,54.2,0.0,0.0,0.0
2026-04-19 17:00:40,30.2,51.8,137.0,54.2,0.0,0.0,0.0
2026-04-19 17:00:45,30.2,51.8,137.8,54.2,0.0,0.0,0.0
2026-04-19 17:00:50,30.1,51.9,150.5,54.2,0.0,0.0,0.0
2026-04-19 17:00:55,30.2,51.9,144.2,54.2,0.0,0.0,0.0
2026-04-19 17:01:00,30.3,51.8,145.1,54.2,0.0,0.0,0.0
2026-04-19 17:01:05,30.3,52.0,138.1,54.2,0.0,0.0,0.0
2026-04-19 17:01:10,30.4,52.0,140.4,54.2,0.0,0.0,0.0
2026-04-19 17:01:15,30.3,51.9,109.3,54.2,0.0,0.0,0.0
2026-04-19 17:01:20,30.3,52.0,117.4,54.1,0.0,0.0,0.0
2026-04-19 17:01:25,30.0,52.0,149.6,54.1,0.0,0.0,0.0
2026-04-19 17:01:30,30.2,52.0,140.0,54.1,0.0,0.0,0.0
2026-04-19 17:01:35,30.3,52.1,128.9,54.1,0.0,0.0,0.0
2026-04-19 17:01:40,30.2,52.1,134.4,54.1,0.0,0.0,0.0
2026-04-19 17:01:45,30.3,52.1,142.1,54.1,0.0,0.0,0.0
2026-04-19 17:01:50,30.2,52.3,131.9,54.1,0.0,0.0,0.0
2026-04-19 17:01:55,30.2,52.2,127.7,54.1,0.0,0.0,0.0
2026-04-19 17:02:00,30.3,52.1,143.4,54.1,0.0,0.0,0.0
2026-04-19 17:02:05,30.2,52.1,136.5,54.1,0.0,0.0,0.0
2026-04-19 17:02:10,30.3,52.1,140.9,54.1,0.0,0.0,0.0
2026-04-19 17:02:15,30.3,52.1,139.4,54.1,0.0,0.0,0.0
2026-04-19 17:02:20,30.3,52.2,139.4,54.1,0.0,0.0,0.0
2026-04-19 17:02:25,30.3,52.4,115.8,54.1,0.0,0.0,0.0
2026-04-19 17:02:30,30.3,52.3,127.7,54.1,0.0,0.0,0.0
2026-04-19 17:02:35,30.2,52.3,117.0,54.2,0.0,0.0,0.0
2026-04-19 17:02:40,30.2,52.3,141.1,54.2,0.0,0.0,0.0
2026-04-19 17:02:45,30.2,52.1,140.6,54.2,0.0,0.0,0.0
2026-04-19 17:02:50,30.4,52.1,150.3,54.1,0.0,0.0,0.0
2026-04-19 17:02:55,30.2,52.0,127.1,54.1,0.0,0.0,0.0
2026-04-19 17:03:00,30.3,52.0,156.7,54.1,0.0,0.0,0.0
2026-04-19 17:03:05,30.1,52.1,153.0,54.1,0.0,0.0,0.0
2026-04-19 17:03:10,30.2,52.2,141.9,54.1,0.0,0.0,0.0
2026-04-19 17:03:15,30.2,52.2,141.9,54.1,0.0,0.0,0.0
2026-04-19 17:03:20,30.2,52.3,128.6,54.1,0.0,0.0,0.0
2026-04-19 17:03:25,30.2,52.4,125.9,54.1,0.0,0.0,0.0
2026-04-19 17:03:30,30.2,52.3,147.3,54.1,0.0,0.0,0.0
2026-04-19 17:03:35,30.2,52.3,109.5,54.1,0.0,0.0,0.0
2026-04-19 17:03:40,30.2,52.4,158.4,54.1,0.0,0.0,0.0
2026-04-19 17:03:45,30.2,52.3,136.6,54.2,0.0,0.0,0.0
2026-04-19 17:03:50,30.3,52.2,153.1,54.2,0.0,0.0,0.0
2026-04-19 17:03:55,30.3,52.0,113.2,54.2,0.0,0.0,0.0
2026-04-19 17:04:00,30.3,52.2,124.6,54.2,0.0,0.0,0.0
2026-04-19 17:04:05,30.3,52.1,131.8,54.2,0.0,0.0,0.0
2026-04-19 17:04:10,30.2,52.0,132.1,54.2,0.0,0.0,0.0
2026-04-19 17:04:15,30.1,52.2,132.7,54.2,0.0,0.0,0.0
2026-04-19 17:04:20,30.2,52.2,116.2,54.2,0.0,0.0,0.0
2026-04-19 17:04:25,30.3,52.1,147.4,54.2,0.0,0.0,0.0
2026-04-19 17:04:30,30.2,52.1,136.9,54.2,0.0,0.0,0.0
2026-04-19 17:04:35,30.2,52.0,119.4,54.2,0.0,0.0,0.0
2026-04-19 17:04:40,30.1,52.0,125.4,54.2,0.0,0.0,0.0
2026-04-19 17:04:45,30.2,52.1,123.8,54.2,0.0,0.0,0.0
2026-04-19 17:04:50,30.1,52.1,157.5,54.2,0.0,0.0,0.0
2026-04-19 17:04:55,30.3,52.2,136.9,54.2,0.0,0.0,0.0
2026-04-19 17:05:00,30.2,52.2,129.8,54.2,0.0,0.0,0.0
2026-04-19 17:05:05,30.0,52.2,127.8,54.2,0.0,0.0,0.0
2026-04-19 17:05:10,30.3,52.3,137.5,54.2,0.0,0.0,0.0
2026-04-19 17:05:15,30.3,52.4,137.4,54.2,0.0,0.0,0.0
2026-04-19 17:05:20,30.2,52.4,128.9,54.2,0.0,0.0,0.0
2026-04-19 17:05:25,30.1,52.3,138.9,54.2,0.0,0.0,0.0
2026-04-19 17:05:30,30.1,52.5,130.6,54.2,0.0,0.0,0.0
2026-04-19 17:05:35,30.3,52.6,139.9,54.2,0.0,0.0,0.0
2026-04-19 17:05:40,30.2,52.5,123.2,54.2,0.0,0.0,0.0
2026-04-19 17:05:45,30.1,52.4,134.5,54.2,0.0,0.0,0.0
2026-04-19 17:05:50,30.4,52.4,135.6,54.2,0.0,0.0,0.0
2026-04-19 17:05:55,30.2,52.4,114.2,54.2,0.0,0.0,0.0
2026-04-19 17:06:00,30.1,52.3,114.8,54.2,0.0,0.0,0.0
2026-04-19 17:06:05,30.0,52.4,110.4,54.2,0.0,0.0,0.0
2026-04-19 17:06:10,30.2,52.3,108.6,54.2,0.0,0.0,0.0
2026-04-19 17:06:15,30.1,52.3,140.8,54.2,0.0,0.0,0.0
2026-04-19 17:06:20,30.2,52.2,133.7,54.2,0.0,0.0,0.0
2026-04-19 17:06:25,30.2,52.3,134.0,54.2,0.0,0.0,0.0
2026-04-19 17:06:30,30.1,52.2,119.0,54.2,0.0,0.0,0.0
2026-04-19 17:06:35,30.2,52.2,125.9,54.2,0.0,0.0,0.0
2026-04-19 17:06:40,30.2,52.3,132.3,54.2,0.0,0.0,0.0
2026-04-19 17:06:45,30.3,52.4,113.8,54.2,0.0,0.0,0.0
2026-04-19 17:06:50,30.2,52.4,130.8,54.2,0.0,0.0,0.0
2026-04-19 17:06:55,30.1,52.4,124.0,54.2,0.0,0.0,0.0
2026-04-19 17:07:00,30.1,52.3,106.9,54.2,0.0,0.0,0.0
2026-04-19 17:07:05,30.3,52.3,124.9,54.2,0.0,0.0,0.0
2026-04-19 17:07:10,30.3,52.3,107.8,54.2,0.0,0.0,0.0
2026-04-19 17:07:15,30.1,52.4,122.7,54.2,0.0,0.0,0.0
2026-04-19 17:07:20,30.2,52.5,133.0,54.2,0.0,0.0,0.0
2026-04-19 17:07:25,30.2,52.7,128.3,54.2,0.0,0.0,0.0
2026-04-19 17:07:30,30.1,52.8,129.6,54.2,0.0,0.0,0.0
2026-04-19 17:07:35,30.1,52.8,119.9,54.2,0.0,0.0,0.0
2026-04-19 17:07:40,30.2,52.8,136.8,54.2,0.0,0.0,0.0
2026-04-19 17:07:45,30.2,52.9,115.4,54.2,0.0,0.0,0.0
2026-04-19 17:07:50,30.1,52.8,134.7,54.2,0.0,0.0,0.0
2026-04-19 17:07:55,30.2,52.7,126.0,54.2,0.0,0.0,0.0
2026-04-19 17:08:00,30.2,52.7,120.6,54.2,0.0,0.0,0.0
2026-04-19 17:08:05,30.2,52.7,128.4,54.2,0.0,0.0,0.0
2026-04-19 17:08:10,30.2,52.7,137.2,54.2,0.0,0.0,0.0
2026-04-19 17:08:15,30.3,52.9,116.7,54.2,0.0,0.0,0.0
2026-04-19 17:08:20,30.2,52.8,116.7,54.2,0.0,0.0,0.0
2026-04-19 17:08:25,30.1,52.9,137.6,54.2,0.0,0.0,0.0
2026-04-19 17:08:30,30.1,52.8,120.2,54.2,0.0,0.0,0.0
2026-04-19 17:08:35,30.2,52.8,128.5,54.2,0.0,0.0,0.0
2026-04-19 17:08:40,30.1,52.9,134.7,54.2,0.0,0.0,0.0
2026-04-19 17:08:45,30.2,52.8,115.5,54.2,0.0,0.0,0.0
2026-04-19 17:08:50,30.2,52.8,113.7,54.2,0.0,0.0,0.0
2026-04-19 17:08:55,30.2,52.8,125.5,54.2,0.0,0.0,0.0
2026-04-19 17:09:00,30.0,52.8,128.6,54.2,0.0,0.0,0.0
2026-04-19 17:09:05,30.2,52.8,105.9,54.2,0.0,0.0,0.0
2026-04-19 17:09:10,30.3,52.8,126.8,54.2,0.0,0.0,0.0
2026-04-19 17:09:15,30.2,52.9,109.1,54.2,0.0,0.0,0.0
2026-04-19 17:09:20,30.1,52.8,126.9,54.2,0.0,0.0,0.0
2026-04-19 17:09:25,30.2,52.9,119.7,54.2,0.0,0.0,0.0
2026-04-19 17:09:30,30.2,52.8,98.0,54.2,0.0,0.0,0.0
2026-04-19 17:09:35,30.1,52.9,111.4,54.2,0.0,0.0,0.0
2026-04-19 17:09:40,30.1,53.0,125.9,54.2,0.0,0.0,0.0
2026-04-19 17:09:45,30.2,53.0,116.4,54.2,0.0,0.0,0.0
2026-04-19 17:09:50,30.3,53.1,129.3,54.2,0.0,0.0,0.0
2026-04-19 17:09:55,30.1,53.1,109.9,54.2,0.0,0.0,0.0
2026-04-19 17:10:00,30.2,53.1,102.5,54.2,0.0,0.0,0.0
2026-04-19 17:10:05,30.3,53.1,123.8,54.2,0.0,0.0,0.0
2026-04-19 17:10:10,30.1,53.2,127.2,54.2,0.0,0.0,0.0
2026-04-19 17:10:15,30.3,53.1,119.4,54.2,0.0,0.0,0.0
2026-04-19 17:10:20,30.2,53.1,123.9,54.1,0.0,0.0,0.0
2026-04-19 17:10:25,30.0,53.2,98.1,54.1,0.0,0.0,0.0
2026-04-19 17:10:30,30.1,53.1,124.9,54.2,0.0,0.0,0.0
2026-04-19 17:10:35,30.2,53.2,117.5,54.2,0.0,0.0,0.0
2026-04-19 17:10:40,30.2,53.3,100.2,54.2,0.0,0.0,0.0
2026-04-19 17:10:45,30.2,53.1,115.4,54.1,0.0,0.0,0.0
2026-04-19 17:10:50,30.1,53.1,125.4,54.1,0.0,0.0,0.0
2026-04-19 17:10:55,30.2,53.1,126.5,54.1,0.0,0.0,0.0
2026-04-19 17:11:00,30.0,53.1,120.5,54.1,0.0,0.0,0.0
2026-04-19 17:11:05,30.2,53.0,102.7,54.1,0.0,0.0,0.0
2026-04-19 17:11:10,30.2,53.0,118.2,54.1,0.0,0.0,0.0
2026-04-19 17:11:15,30.0,53.1,113.6,54.1,0.0,0.0,0.0
2026-04-19 17:11:20,30.0,52.9,139.1,54.1,0.0,0.0,0.0
2026-04-19 17:11:25,30.1,52.9,106.5,54.1,0.0,0.0,0.0
2026-04-19 17:11:30,30.1,52.9,126.7,54.1,0.0,0.0,0.0
2026-04-19 17:11:35,30.2,52.9,107.3,54.1,0.0,0.0,0.0
2026-04-19 17:11:40,30.3,53.0,104.4,54.1,0.0,0.0,0.0
2026-04-19 17:11:45,30.2,53.0,127.1,54.1,0.0,0.0,0.0
2026-04-19 17:11:50,30.1,53.1,130.3,54.1,0.0,0.0,0.0
2026-04-19 17:11:55,30.0,53.1,113.3,54.1,0.0,0.0,0.0
2026-04-19 17:12:00,30.1,53.1,105.2,54.1,0.0,0.0,0.0
2026-04-19 17:12:05,30.1,53.2,122.8,54.1,0.0,0.0,0.0
2026-04-19 17:12:10,30.2,53.2,109.0,54.1,0.0,0.0,0.0
2026-04-19 17:12:15,30.0,53.0,129.8,54.1,0.0,0.0,0.0
2026-04-19 17:12:20,30.1,53.0,97.5,54.1,0.0,0.0,0.0
2026-04-19 17:12:25,30.1,53.0,109.8,54.1,0.0,0.0,0.0
2026-04-19 17:12:30,30.1,53.1,109.4,54.1,0.0,0.0,0.0
2026-04-19 17:12:35,30.2,53.1,100.3,54.1,0.0,0.0,0.0
2026-04-19 17:12:40,30.2,53.1,104.7,54.1,0.0,0.0,0.0
2026-04-19 17:12:45,30.1,53.2,110.4,54.1,0.0,0.0,0.0
2026-04-19 17:12:50,30.1,53.1,129.5,54.1,0.0,0.0,0.0
2026-04-19 17:12:55,30.2,52.9,123.1,54.1,0.0,0.0,0.0
2026-04-19 17:13:00,30.1,52.8,110.1,54.1,0.0,0.0,0.0
2026-04-19 17:13:05,30.1,52.8,89.6,54.1,0.0,0.0,0.0
2026-04-19 17:13:10,30.2,52.9,92.8,54.1,0.0,0.0,0.0
2026-04-19 17:13:15,30.1,52.8,105.2,54.1,0.0,0.0,0.0
2026-04-19 17:13:20,30.0,52.8,106.5,54.1,0.0,0.0,0.0
2026-04-19 17:13:25,30.2,52.9,111.4,54.1,0.0,0.0,0.0
2026-04-19 17:13:30,30.3,53.0,102.7,54.1,0.0,0.0,0.0
2026-04-19 17:13:35,30.1,53.0,91.6,54.1,0.0,0.0,0.0
2026-04-19 17:13:40,30.1,52.9,105.4,54.1,0.0,0.0,0.0
2026-04-19 17:13:45,30.3,53.0,112.3,54.1,0.0,0.0,0.0
2026-04-19 17:13:50,30.1,52.9,103.8,54.1,0.0,0.0,0.0
2026-04-19 17:13:55,30.2,53.0,113.5,54.1,0.0,0.0,0.0
2026-04-19 17:14:00,30.1,52.9,110.4,54.1,0.0,0.0,0.0
2026-04-19 17:14:05,30.1,52.8,106.9,54.1,0.0,0.0,0.0
2026-04-19 17:14:10,30.1,52.9,112.6,54.1,0.0,0.0,0.0
2026-04-19 17:14:15,30.1,52.9,87.6,54.1,0.0,0.0,0.0
2026-04-19 17:14:20,30.0,53.0,111.9,54.1,0.0,0.0,0.0
2026-04-19 17:14:25,30.2,52.9,109.2,54.1,0.0,0.0,0.0
2026-04-19 17:14:30,30.2,52.9,123.4,54.1,0.0,0.0,0.0
2026-04-19 17:14:35,29.9,53.0,118.8,54.1,0.0,0.0,0.0
2026-04-19 17:14:40,30.1,53.0,103.9,54.1,0.0,0.0,0.0
2026-04-19 17:14:45,29.9,53.1,111.6,54.1,0.0,0.0,0.0
2026-04-19 17:14:50,30.0,53.0,96.4,54.1,0.0,0.0,0.0
2026-04-19 17:14:55,30.1,53.1,100.4,54.1,0.0,0.0,0.0
2026-04-19 17:15:00,30.1,53.0,114.6,54.1,0.0,0.0,0.0
2026-04-19 17:15:05,30.2,53.1,94.4,54.1,0.0,0.0,0.0
2026-04-19 17:15:10,30.0,53.1,103.6,54.1,0.0,0.0,0.0
2026-04-19 17:15:15,30.1,53.1,102.6,54.1,0.0,0.0,0.0
2026-04-19 17:15:20,30.2,53.2,104.2,54.1,0.0,0.0,0.0
2026-04-19 17:15:25,30.1,53.1,99.2,54.1,0.0,0.0,0.0
2026-04-19 17:15:30,30.1,53.2,103.0,54.1,0.0,0.0,0.0
2026-04-19 17:15:35,30.0,53.3,89.3,54.1,0.0,0.0,0.0
2026-04-19 17:15:40,30.0,53.3,91.4,54.1,0.0,0.0,0.0
2026-04-19 17:15:45,30.1,53.4,99.0,54.1,0.0,0.0,0.0
2026-04-19 17:15:50,30.0,53.3,112.4,54.1,0.0,0.0,0.0
2026-04-19 17:15:55,30.1,53.2,109.4,54.1,0.0,0.0,0.0
2026-04-19 17:16:00,30.2,53.3,105.0,54.1,0.0,0.0,0.0
2026-04-19 17:16:05,30.0,53.4,99.8,54.1,0.0,0.0,0.0
2026-04-19 17:16:10,30.2,53.3,106.2,54.1,0.0,0.0,0.0
2026-04-19 17:16:15,30.1,53.3,73.2,54.1,0.0,0.0,0.0
2026-04-19 17:16:20,30.1,53.3,107.1,54.1,0.0,0.0,0.0
2026-04-19 17:16:25,30.0,53.3,104.0,54.1,0.0,0.0,0.0
2026-04-19 17:16:30,30.2,53.2,88.1,54.1,0.0,0.0,0.0
2026-04-19 17:16:35,30.0,53.2,86.9,54.1,0.0,0.0,0.0
2026-04-19 17:16:40,30.0,53.2,88.7,54.1,0.0,0.0,0.0
2026-04-19 17:16:45,30.0,53.2,105.0,54.1,0.0,0.0,0.0
2026-04-19 17:16:50,30.0,53.3,112.6,54.1,0.0,0.0,0.0
2026-04-19 17:16:55,30.1,53.4,100.6,54.1,0.0,0.0,0.0
2026-04-19 17:17:00,30.0,53.4,93.3,54.1,0.0,0.0,0.0
2026-04-19 17:17:05,30.1,53.4,95.1,54.1,0.0,0.0,0.0
2026-04-19 17:17:10,30.0,53.5,98.6,54.1,0.0,0.0,0.0
2026-04-19 17:17:15,30.1,53.6,118.7,54.1,0.0,0.0,0.0
2026-04-19 17:17:20,30.2,53.7,110.1,54.1,0.0,0.0,0.0
2026-04-19 17:17:25,30.1,53.7,111.0,54.1,0.0,0.0,0.0
2026-04-19 17:17:30,30.0,53.7,100.5,54.1,0.0,0.0,0.0
2026-04-19 17:17:35,30.0,53.8,95.9,54.1,0.0,0.0,0.0
2026-04-19 17:17:40,30.0,53.7,106.2,54.1,0.0,0.0,0.0
2026-04-19 17:17:45,30.2,53.8,95.3,54.1,0.0,0.0,0.0
2026-04-19 17:17:50,30.1,53.7,96.2,54.1,0.0,0.0,0.0
2026-04-19 17:17:55,30.1,53.7,120.4,54.1,0.0,0.0,0.0
2026-04-19 17:18:00,30.1,53.7,75.7,54.1,0.0,0.0,0.0
2026-04-19 17:18:05,30.1,53.7,102.1,54.1,0.0,0.0,0.0
2026-04-19 17:18:10,30.2,53.7,88.8,54.1,0.0,0.0,0.0
2026-04-19 17:18:15,30.0,53.6,81.0,54.1,0.0,0.0,0.0
2026-04-19 17:18:20,30.1,53.7,105.8,54.1,0.0,0.0,0.0
2026-04-19 17:18:25,30.1,53.6,109.0,54.1,0.0,0.0,0.0
2026-04-19 17:18:30,30.2,53.7,94.2,54.1,0.0,0.0,0.0
2026-04-19 17:18:35,30.0,53.6,95.7,54.1,0.0,0.0,0.0
2026-04-19 17:18:40,30.1,53.5,82.0,54.1,0.0,0.0,0.0
2026-04-19 17:18:45,30.1,53.7,90.3,54.1,0.0,0.0,0.0
2026-04-19 17:18:50,30.0,53.6,89.1,54.1,0.0,0.0,0.0
2026-04-19 17:18:55,30.0,53.7,87.4,54.1,0.0,0.0,0.0
2026-04-19 17:19:00,30.1,53.5,98.7,54.1,0.0,0.0,0.0
2026-04-19 17:19:05,30.0,53.7,80.2,54.1,0.0,0.0,0.0
2026-04-19 17:19:10,30.1,53.8,95.3,54.1,0.0,0.0,0.0
2026-04-19 17:19:15,30.1,53.7,89.8,54.1,0.0,0.0,0.0
2026-04-19 17:19:20,30.0,53.6,82.5,54.1,0.0,0.0,0.0
2026-04-19 17:19:25,30.1,53.8,95.2,54.1,0.0,0.0,0.0
2026-04-19 17:19:30,30.1,53.9,92.1,54.1,0.0,0.0,0.0
2026-04-19 17:19:35,30.0,53.8,105.6,54.1,0.0,0.0,0.0
2026-04-19 17:19:40,30.1,53.7,92.0,54.1,0.0,0.0,0.0
2026-04-19 17:19:45,30.0,53.6,108.3,54.2,0.0,0.0,0.0
2026-04-19 17:19:50,30.2,53.6,100.3,54.2,0.0,0.0,0.0
2026-04-19 17:19:55,30.0,53.6,62.5,54.2,0.0,0.0,0.0
2026-04-19 17:20:00,30.0,53.7,109.1,54.2,0.0,0.0,0.0
2026-04-19 17:20:05,30.1,53.7,90.0,54.2,0.0,0.0,0.0
2026-04-19 17:20:10,30.0,53.7,83.3,54.2,0.0,0.0,0.0
2026-04-19 17:20:15,30.1,53.7,83.3,54.2,0.0,0.0,0.0
2026-04-19 17:20:20,30.2,53.7,97.5,54.2,0.0,0.0,0.0
2026-04-19 17:20:25,30.0,53.8,101.8,54.2,0.0,0.0,0.0
2026-04-19 17:20:30,30.0,53.8,80.2,54.2,0.0,0.0,0.0
2026-04-19 17:20:35,30.1,53.8,93.6,54.2,0.0,0.0,0.0
2026-04-19 17:20:40,30.2,53.8,81.9,54.2,0.0,0.0,0.0
2026-04-19 17:20:45,30.0,53.8,107.9,54.2,0.0,0.0,0.0
2026-04-19 17:20:50,30.1,53.7,81.7,54.2,0.0,0.0,0.0
2026-04-19 17:20:55,30.1,53.7,80.6,54.2,0.0,0.0,0.0
2026-04-19 17:21:00,30.2,53.9,107.1,54.2,0.0,0.0,0.0
2026-04-19 17:21:05,30.0,53.7,95.7,54.2,0.0,0.0,0.0
2026-04-19 17:21:10,30.1,53.8,99.8,54.2,0.0,0.0,0.0
2026-04-19 17:21:15,30.2,53.9,99.5,54.2,0.0,0.0,0.0
2026-04-19 17:21:20,30.1,54.0,81.6,54.2,0.0,0.0,0.0
2026-04-19 17:21:25,30.1,54.1,90.7,54.3,0.0,0.0,0.0
2026-04-19 17:21:30,30.0,54.2,94.5,54.3,0.0,0.0,0.0
2026-04-19 17:21:35,30.1,54.1,84.0,54.2,0.0,0.0,0.0
2026-04-19 17:21:40,30.0,54.1,85.8,54.2,0.0,0.0,0.0
2026-04-19 17:21:45,30.1,54.1,86.3,54.2,0.0,0.0,0.0
2026-04-19 17:21:50,30.1,53.9,78.7,54.2,0.0,0.0,0.0
2026-04-19 17:21:55,30.0,54.0,95.2,54.2,0.0,0.0,0.0
2026-04-19 17:22:00,30.3,54.0,89.4,54.2,0.0,0.0,0.0
2026-04-19 17:22:05,30.2,54.0,91.3,54.2,0.0,0.0,0.0
2026-04-19 17:22:10,30.1,54.1,106.5,54.2,0.0,0.0,0.0
2026-04-19 17:22:15,30.2,53.9,90.3,54.3,0.0,0.0,0.0
2026-04-19 17:22:20,30.2,54.0,96.0,54.3,0.0,0.0,0.0
2026-04-19 17:22:25,30.3,54.1,79.9,54.3,0.0,0.0,0.0
2026-04-19 17:22:30,30.1,54.1,77.5,54.2,0.0,0.0,0.0
2026-04-19 17:22:35,30.2,54.1,100.6,54.2,0.0,0.0,0.0
2026-04-19 17:22:40,30.1,54.1,90.2,54.2,0.0,0.0,0.0
2026-04-19 17:22:45,30.0,54.1,80.4,54.2,0.0,0.0,0.0
2026-04-19 17:22:50,30.2,54.1,89.4,54.2,0.0,0.0,0.0
2026-04-19 17:22:55,30.2,54.1,82.8,54.2,0.0,0.0,0.0
2026-04-19 17:23:00,30.0,54.3,87.4,54.2,0.0,0.0,0.0
2026-04-19 17:23:05,30.0,54.4,93.0,54.2,0.0,0.0,0.0
2026-04-19 17:23:10,30.2,54.5,71.2,54.2,0.0,0.0,0.0
2026-04-19 17:23:15,30.1,54.4,86.7,54.2,0.0,0.0,0.0
2026-04-19 17:23:20,30.0,54.5,70.4,54.2,0.0,0.0,0.0
2026-04-19 17:23:25,30.0,54.5,74.1,54.2,0.0,0.0,0.0
2026-04-19 17:23:30,30.2,54.5,74.7,54.2,0.0,0.0,0.0
2026-04-19 17:23:35,30.0,54.6,88.2,54.2,0.0,0.0,0.0
2026-04-19 17:23:40,30.2,54.8,90.2,54.2,0.0,0.0,0.0
2026-04-19 17:23:45,30.1,54.7,83.3,54.2,0.0,0.0,0.0
2026-04-19 17:23:50,30.0,54.7,88.5,54.2,0.0,0.0,0.0
2026-04-19 17:23:55,30.1,54.6,92.9,54.2,0.0,0.0,0.0
2026-04-19 17:24:00,30.2,54.5,85.0,54.2,0.0,0.0,0.0
2026-04-19 17:24:05,30.2,54.4,76.2,54.2,0.0,0.0,0.0
2026-04-19 17:24:10,30.0,54.6,67.7,54.2,0.0,0.0,0.0
2026-04-19 17:24:15,30.1,54.5,71.1,54.2,0.0,0.0,0.0
2026-04-19 17:24:20,30.0,54.4,85.5,54.2,0.0,0.0,0.0
2026-04-19 17:24:25,30.2,54.3,81.8,54.2,0.0,0.0,0.0
2026-04-19 17:24:30,30.0,54.4,73.1,54.2,0.0,0.0,0.0
2026-04-19 17:24:35,30.1,54.3,74.1,54.2,0.0,0.0,0.0
2026-04-19 17:24:40,30.1,54.4,83.3,54.2,0.0,0.0,0.0
2026-04-19 17:24:45,30.2,54.5,81.6,54.2,0.0,0.0,0.0
2026-04-19 17:24:50,30.1,54.5,85.0,54.2,0.0,0.0,0.0
2026-04-19 17:24:55,30.2,54.6,74.8,54.2,0.0,0.0,0.0
2026-04-19 17:25:00,30.1,54.6,80.6,54.2,0.0,0.0,0.0
2026-04-19 17:25:05,30.0,54.5,93.7,54.2,0.0,0.0,0.0
2026-04-19 17:25:10,30.1,54.5,70.3,54.2,0.0,0.0,0.0
2026-04-19 17:25:15,30.0,54.4,79.0,54.2,0.0,0.0,0.0
2026-04-19 17:25:20,30.1,54.3,77.7,54.2,0.0,0.0,0.0
2026-04-19 17:25:25,29.9,54.4,72.5,54.2,0.0,0.0,0.0
2026-04-19 17:25:30,30.1,54.4,73.8,54.2,0.0,0.0,0.0
2026-04-19 17:25:35,30.3,54.3,77.3,54.2,0.0,0.0,0.0
2026-04-19 17:25:40,30.1,54.4,70.9,54.2,0.0,0.0,0.0
2026-04-19 17:25:45,30.2,54.3,73.5,54.2,0.0,0.0,0.0
2026-04-19 17:25:50,30.2,54.3,67.6,54.2,0.0,0.0,0.0
2026-04-19 17:25:55,30.1,54.3,75.6,54.2,0.0,0.0,0.0
2026-04-19 17:26:00,30.2,54.3,61.6,54.2,0.0,0.0,0.0
2026-04-19 17:26:05,30.0,54.3,74.3,54.2,0.0,0.0,0.0
2026-04-19 17:26:10,30.1,54.2,91.7,54.2,0.0,0.0,0.0
2026-04-19 17:26:15,30.1,54.3,86.9,54.2,0.0,0.0,0.0
2026-04-19 17:26:20,30.0,54.3,88.7,54.1,0.0,0.0,0.0
2026-04-19 17:26:25,30.1,54.3,63.0,54.1,0.0,0.0,0.0
2026-04-19 17:26:30,30.1,54.2,74.7,54.1,0.0,0.0,0.0
2026-04-19 17:26:35,29.9,54.2,83.4,54.1,0.0,0.0,0.0
2026-04-19 17:26:40,30.0,54.2,79.2,54.1,0.0,0.0,0.0
2026-04-19 17:26:45,30.2,54.3,70.5,54.1,0.0,0.0,0.0
2026-04-19 17:26:50,30.1,54.2,64.9,54.1,0.0,0.0,0.0
2026-04-19 17:26:55,29.9,54.0,89.9,54.1,0.0,0.0,0.0
2026-04-19 17:27:00,30.1,53.9,86.8,54.1,0.0,0.0,0.0
2026-04-19 17:27:05,30.1,53.9,63.1,54.1,0.0,0.0,0.0
2026-04-19 17:27:10,30.0,53.9,79.7,54.1,0.0,0.0,0.0
2026-04-19 17:27:15,30.0,53.9,75.8,54.1,0.0,0.0,0.0
2026-04-19 17:27:20,30.2,53.8,86.8,54.1,0.0,0.0,0.0
2026-04-19 17:27:25,30.1,53.7,80.6,54.1,0.0,0.0,0.0
2026-04-19 17:27:30,29.9,53.8,80.2,54.1,0.0,0.0,0.0
2026-04-19 17:27:35,30.2,53.7,82.2,54.1,0.0,0.0,0.0
2026-04-19 17:27:40,30.0,53.9,58.6,54.1,0.0,0.0,0.0
2026-04-19 17:27:45,30.0,53.8,80.5,54.1,0.0,0.0,0.0
2026-04-19 17:27:50,30.2,53.7,58.8,54.1,0.0,0.0,0.0
2026-04-19 17:27:55,30.0,53.7,79.4,54.1,0.0,0.0,0.0
2026-04-19 17:28:00,30.1,53.7,73.2,54.1,0.0,0.0,0.0
2026-04-19 17:28:05,30.0,53.6,71.3,54.1,0.0,0.0,0.0
2026-04-19 17:28:10,30.1,53.6,79.6,54.1,0.0,0.0,0.0
2026-04-19 17:28:15,30.1,53.7,74.7,54.1,0.0,0.0,0.0
2026-04-19 17:28:20,30.1,53.8,70.2,54.1,0.0,0.0,0.0
2026-04-19 17:28:25,30.2,53.8,80.9,54.1,0.0,0.0,0.0
2026-04-19 17:28:30,30.1,53.8,72.2,54.1,0.0,0.0,0.0
2026-04-19 17:28:35,30.1,53.7,63.1,54.1,0.0,0.0,0.0
2026-04-19 17:28:40,30.1,53.8,72.7,54.1,0.0,0.0,0.0
2026-04-19 17:28:45,30.0,53.8,58.8,54.1,0.0,0.0,0.0
2026-04-19 17:28:50,30.0,53.8,71.9,54.1,0.0,0.0,0.0
2026-04-19 17:28:55,30.0,54.0,60.6,54.1,0.0,0.0,0.0
2026-04-19 17:29:00,30.1,53.9,60.1,54.1,0.0,0.0,0.0
2026-04-19 17:29:05,29.9,53.9,53.0,54.1,0.0,0.0,0.0
2026-04-19 17:29:10,30.1,54.0,90.3,54.1,0.0,0.0,0.0
2026-04-19 17:29:15,30.0,54.1,77.4,54.0,0.0,0.0,0.0
2026-04-19 17:29:20,30.0,54.0,59.5,54.0,0.0,0.0,0.0
2026-04-19 17:29:25,30.0,54.0,62.6,54.0,0.0,0.0,0.0
2026-04-19 17:29:30,29.9,54.1,56.8,54.1,0.0,0.0,0.0
2026-04-19 17:29:35,30.1,54.3,52.8,54.1,0.0,0.0,0.0
2026-04-19 17:29:40,30.0,54.2,73.6,54.1,0.0,0.0,0.0
2026-04-19 17:29:45,30.0,54.2,65.3,54.1,0.0,0.0,0.0
2026-04-19 17:29:50,30.1,54.3,70.2,54.1,0.0,0.0,0.0
2026-04-19 17:29:55,30.0,54.3,46.3,54.1,0.0,0.0,0.0
2026-04-19 17:30:00,29.8,54.4,77.6,54.1,0.0,0.0,0.0
2026-04-19 17:30:05,30.0,54.4,61.9,54.1,0.0,0.0,0.0
2026-04-19 17:30:10,30.1,54.5,59.4,54.1,0.0,0.0,0.0
2026-04-19 17:30:15,30.0,54.6,65.5,54.1,0.0,0.0,0.0
2026-04-19 17:30:20,30.0,54.7,73.7,54.1,0.0,0.0,0.0
2026-04-19 17:30:25,29.8,54.7,69.7,54.1,0.0,0.0,0.0
2026-04-19 17:30:30,29.9,54.8,47.8,54.1,0.0,0.0,0.0
2026-04-19 17:30:35,30.0,54.8,63.4,54.1,0.0,0.0,0.0
2026-04-19 17:30:40,30.0,54.7,84.1,54.1,0.0,0.0,0.0
2026-04-19 17:30:45,30.0,54.5,56.1,54.1,0.0,0.0,0.0
2026-04-19 17:30:50,30.1,54.6,76.4,54.1,0.0,0.0,0.0
2026-04-19 17:30:55,30.1,54.6,82.1,54.1,0.0,0.0,0.0
2026-04-19 17:31:00,30.1,54.6,76.5,54.1,0.0,0.0,0.0
2026-04-19 17:31:05,29.9,54.6,72.4,54.1,0.0,0.0,0.0
2026-04-19 17:31:10,30.0,54.7,70.7,54.1,0.0,0.0,0.0
2026-04-19 17:31:15,29.8,54.6,65.6,54.1,0.0,0.0,0.0
2026-04-19 17:31:20,30.0,54.6,84.8,54.1,0.0,0.0,0.0
2026-04-19 17:31:25,29.9,54.6,59.6,54.1,0.0,0.0,0.0
2026-04-19 17:31:30,30.0,54.6,84.1,54.1,0.0,0.0,0.0
2026-04-19 17:31:35,29.9,54.6,73.8,54.1,0.0,0.0,0.0
2026-04-19 17:31:40,29.9,54.6,66.5,54.1,0.0,0.0,0.0
2026-04-19 17:31:45,29.8,54.7,60.5,54.1,0.0,0.0,0.0
2026-04-19 17:31:50,30.1,54.7,61.6,54.0,0.0,0.0,0.0
2026-04-19 17:31:55,30.0,54.8,53.2,54.0,0.0,0.0,0.0
2026-04-19 17:32:00,30.1,54.7,57.3,54.0,0.0,0.0,0.0
2026-04-19 17:32:05,29.9,54.7,64.4,54.0,0.0,0.0,0.0
2026-04-19 17:32:10,30.0,54.7,57.9,54.0,0.0,0.0,0.0
2026-04-19 17:32:15,30.0,54.7,65.5,54.0,0.0,0.0,0.0
2026-04-19 17:32:20,30.0,54.7,66.3,54.1,0.0,0.0,0.0
2026-04-19 17:32:25,30.0,54.7,59.6,54.1,0.0,0.0,0.0
2026-04-19 17:32:30,30.0,54.8,46.0,54.1,0.0,0.0,0.0
2026-04-19 17:32:35,30.2,55.0,78.9,54.0,0.0,0.0,0.0
2026-04-19 17:32:40,30.0,55.0,64.8,54.0,0.0,0.0,0.0
2026-04-19 17:32:45,29.8,55.2,59.7,54.0,0.0,0.0,0.0
2026-04-19 17:32:50,30.1,55.1,75.5,54.0,0.0,0.0,0.0
2026-04-19 17:32:55,29.9,55.1,57.8,54.0,0.0,0.0,0.0
2026-04-19 17:33:00,29.9,55.0,45.0,54.1,0.0,0.0,0.0
2026-04-19 17:33:05,29.8,55.0,50.7,54.1,0.0,0.0,0.0
2026-04-19 17:33:10,30.0,55.0,80.1,54.1,0.0,0.0,0.0
2026-04-19 17:33:15,29.9,55.0,59.3,54.1,0.0,0.0,0.0
2026-04-19 17:33:20,30.0,55.0,51.7,54.0,0.0,0.0,0.0
2026-04-19 17:33:25,30.0,55.1,74.2,54.0,0.0,0.0,0.0
2026-04-19 17:33:30,30.1,55.2,57.0,54.1,0.0,0.0,0.0
2026-04-19 17:33:35,29.9,55.2,61.8,54.1,0.0,0.0,0.0
2026-04-19 17:33:40,30.1,55.2,65.4,54.1,0.0,0.0,0.0
2026-04-19 17:33:45,30.0,55.0,70.2,54.0,0.0,0.0,0.0
2026-04-19 17:33:50,30.2,55.0,82.7,54.0,0.0,0.0,0.0
2026-04-19 17:33:55,30.0,55.0,41.4,54.0,0.0,0.0,0.0
2026-04-19 17:34:00,30.1,55.0,67.0,54.0,0.0,0.0,0.0
2026-04-19 17:34:05,29.9,55.0,74.7,54.0,0.0,0.0,0.0
2026-04-19 17:34:10,30.2,55.0,75.6,54.0,0.0,0.0,0.0
2026-04-19 17:34:15,29.9,55.0,63.9,54.0,0.0,0.0,0.0
2026-04-19 17:34:20,30.0,55.0,44.8,54.0,0.0,0.0,0.0
2026-04-19 17:34:25,30.0,55.1,62.6,54.0,0.0,0.0,0.0
2026-04-19 17:34:30,29.9,55.1,50.4,54.0,0.0,0.0,0.0
2026-04-19 17:34:35,30.0,55.0,38.6,54.0,0.0,0.0,0.0
2026-04-19 17:34:40,30.0,54.9,57.8,54.0,0.0,0.0,0.0
2026-04-19 17:34:45,30.1,54.9,69.1,54.0,0.0,0.0,0.0
2026-04-19 17:34:50,29.8,55.0,45.7,54.0,0.0,0.0,0.0
2026-04-19 17:34:55,29.9,55.0,65.9,54.0,0.0,0.0,0.0
2026-04-19 17:35:00,30.1,54.9,39.6,53.9,0.0,0.0,0.0
2026-04-19 17:35:05,30.0,54.8,33.9,53.9,0.0,0.0,0.0
2026-04-19 17:35:10,29.9,54.7,63.6,53.9,0.0,0.0,0.0
2026-04-19 17:35:15,30.1,54.8,66.2,53.9,0.0,0.0,0.0
2026-04-19 17:35:20,30.0,55.1,63.3,53.9,0.0,0.0,0.0
2026-04-19 17:35:25,30.0,55.0,63.8,53.9,0.0,0.0,0.0
2026-04-19 17:35:30,29.8,55.0,51.0,53.9,0.0,0.0,0.0
2026-04-19 17:35:35,30.0,54.8,61.4,53.9,0.0,0.0,0.0
2026-04-19 17:35:40,30.0,54.8,69.3,53.9,0.0,0.0,0.0
2026-04-19 17:35:45,30.1,54.7,51.2,53.9,0.0,0.0,0.0
2026-04-19 17:35:50,29.9,54.8,54.9,54.0,0.0,0.0,0.0
2026-04-19 17:35:55,29.9,54.8,46.9,54.0,0.0,0.0,0.0
2026-04-19 17:36:00,29.9,54.8,41.1,53.9,0.0,0.0,0.0
2026-04-19 17:36:05,29.9,54.8,46.7,53.9,0.0,0.0,0.0
2026-04-19 17:36:10,30.0,55.0,40.9,53.9,0.0,0.0,0.0
2026-04-19 17:36:15,29.9,55.0,54.8,53.9,0.0,0.0,0.0
2026-04-19 17:36:20,30.2,55.0,51.7,53.9,0.0,0.0,0.0
2026-04-19 17:36:25,29.9,55.0,63.5,53.9,0.0,0.0,0.0
2026-04-19 17:36:30,30.2,55.0,45.0,53.9,0.0,0.0,0.0
2026-04-19 17:36:35,30.0,55.1,55.2,53.9,0.0,0.0,0.0
2026-04-19 17:36:40,29.9,55.0,43.4,53.9,0.0,0.0,0.0
2026-04-19 17:36:45,29.9,55.0,61.1,53.9,0.0,0.0,0.0
2026-04-19 17:36:50,30.1,55.0,67.2,53.9,0.0,0.0,0.0
2026-04-19 17:36:55,30.2,55.1,56.9,53.9,0.0,0.0,0.0
2026-04-19 17:37:00,30.0,54.9,47.0,53.9,0.0,0.0,0.0
2026-04-19 17:37:05,30.1,55.1,62.6,53.9,0.0,0.0,0.0
2026-04-19 17:37:10,30.1,55.1,53.3,53.9,0.0,0.0,0.0
2026-04-19 17:37:15,30.1,55.2,52.6,53.9,0.0,0.0,0.0
2026-04-19 17:37:20,30.0,55.3,57.9,53.9,0.0,0.0,0.0
2026-04-19 17:37:25,30.1,55.2,59.6,53.9,0.0,0.0,0.0
2026-04-19 17:37:30,30.0,55.3,51.6,53.9,0.0,0.0,0.0
2026-04-19 17:37:35,29.9,55.3,29.5,53.9,0.0,0.0,0.0
2026-04-19 17:37:40,29.8,55.3,42.3,54.0,0.0,0.0,0.0
2026-04-19 17:37:45,29.9,55.5,57.0,54.0,0.0,0.0,0.0
2026-04-19 17:37:50,29.9,55.5,35.9,53.9,0.0,0.0,0.0
2026-04-19 17:37:55,30.0,55.4,58.5,53.9,0.0,0.0,0.0
2026-04-19 17:38:00,29.9,55.4,49.5,53.9,0.0,0.0,0.0
2026-04-19 17:38:05,29.9,55.5,78.0,53.9,0.0,0.0,0.0
2026-04-19 17:38:10,30.0,55.7,29.7,53.9,0.0,0.0,0.0
2026-04-19 17:38:15,29.9,55.5,62.3,53.9,0.0,0.0,0.0
2026-04-19 17:38:20,30.0,55.6,40.1,53.9,0.0,0.0,0.0
2026-04-19 17:38:25,29.8,55.5,50.1,53.9,0.0,0.0,0.0
2026-04-19 17:38:30,29.9,55.5,52.0,53.9,0.0,0.0,0.0
2026-04-19 17:38:35,30.0,55.5,64.5,53.9,0.0,0.0,0.0
2026-04-19 17:38:40,30.1,55.6,43.1,53.9,0.0,0.0,0.0
2026-04-19 17:38:45,29.9,55.5,39.8,53.9,0.0,0.0,0.0
2026-04-19 17:38:50,30.0,55.5,46.2,53.9,0.0,0.0,0.0
2026-04-19 17:38:55,30.0,55.5,49.1,53.9,0.0,0.0,0.0
2026-04-19 17:39:00,29.9,55.6,47.1,53.9,0.0,0.0,0.0
2026-04-19 17:39:05,30.0,55.6,53.5,53.9,0.0,0.0,0.0
2026-04-19 17:39:10,29.8,55.7,54.8,53.9,0.0,0.0,0.0
2026-04-19 17:39:15,29.8,55.7,39.9,53.9,0.0,0.0,0.0
2026-04-19 17:39:20,30.0,55.7,55.3,53.9,0.0,0.0,0.0
2026-04-19 17:39:25,29.9,55.7,45.8,53.9,0.0,0.0,0.0
2026-04-19 17:39:30,29.9,55.5,44.8,53.9,0.0,0.0,0.0
2026-04-19 17:39:35,29.8,55.6,68.6,54.0,0.0,0.0,0.0
2026-04-19 17:39:40,29.8,55.5,54.2,54.0,0.0,0.0,0.0
2026-04-19 17:39:45,29.9,55.5,54.9,53.9,0.0,0.0,0.0
2026-04-19 17:39:50,30.0,55.5,50.3,53.9,0.0,0.0,0.0
2026-04-19 17:39:55,30.0,55.6,58.0,53.9,0.0,0.0,0.0
2026-04-19 17:40:00,29.9,55.6,49.4,54.0,0.0,0.0,0.0
2026-04-19 17:40:05,30.0,55.7,39.4,54.0,0.0,0.0,0.0
2026-04-19 17:40:10,30.0,55.6,65.4,54.0,0.0,0.0,0.0
2026-04-19 17:40:15,30.0,55.6,57.1,54.0,0.0,0.0,0.0
2026-04-19 17:40:20,30.0,55.6,39.8,54.0,0.0,0.0,0.0
2026-04-19 17:40:25,30.1,55.8,51.2,54.0,0.0,0.0,0.0
2026-04-19 17:40:30,30.0,55.7,47.7,54.0,0.0,0.0,0.0
2026-04-19 17:40:35,29.9,55.9,47.1,54.0,0.0,0.0,0.0
2026-04-19 17:40:40,30.0,55.9,42.3,54.0,0.0,0.0,0.0
2026-04-19 17:40:45,30.0,55.8,49.2,54.1,0.0,0.0,0.0
2026-04-19 17:40:50,29.9,56.0,42.0,54.1,0.0,0.0,0.0
2026-04-19 17:40:55,29.9,56.0,50.9,54.0,0.0,0.0,0.0
2026-04-19 17:41:00,30.0,56.1,22.7,54.0,0.0,0.0,0.0
2026-04-19 17:41:05,30.0,56.2,58.1,54.0,0.0,0.0,0.0
2026-04-19 17:41:10,30.0,56.2,51.7,54.0,0.0,0.0,0.0
2026-04-19 17:41:15,29.9,56.1,51.0,54.0,0.0,0.0,0.0
2026-04-19 17:41:20,30.0,56.2,46.3,54.0,0.0,0.0,0.0
2026-04-19 17:41:25,29.9,56.3,30.6,54.1,0.0,0.0,0.0
2026-04-19 17:41:30,29.9,56.3,37.8,54.1,0.0,0.0,0.0
2026-04-19 17:41:35,30.0,56.3,45.0,54.1,0.0,0.0,0.0
2026-04-19 17:41:40,29.9,56.4,42.1,54.0,0.0,0.0,0.0
2026-04-19 17:41:45,29.9,56.3,30.5,54.0,0.0,0.0,0.0
2026-04-19 17:41:50,30.0,56.4,51.0,54.0,0.0,0.0,0.0
2026-04-19 17:41:55,30.1,56.4,53.1,54.0,0.0,0.0,0.0
2026-04-19 17:42:00,29.9,56.3,46.6,54.0,0.0,0.0,0.0
2026-04-19 17:42:05,30.0,56.3,43.0,54.0,0.0,0.0,0.0
2026-04-19 17:42:10,29.9,56.2,43.8,54.0,0.0,0.0,0.0
2026-04-19 17:42:15,30.1,56.3,35.3,54.0,0.0,0.0,0.0
2026-04-19 17:42:20,30.0,56.2,43.0,54.0,0.0,0.0,0.0
2026-04-19 17:42:25,29.9,56.2,47.2,54.0,0.0,0.0,0.0
2026-04-19 17:42:30,29.8,56.2,57.0,54.0,0.0,0.0,0.0
2026-04-19 17:42:35,30.1,56.2,38.9,54.0,0.0,0.0,0.0
2026-04-19 17:42:40,29.8,56.2,39.8,54.0,0.0,0.0,0.0
2026-04-19 17:42:45,29.8,56.2,56.0,54.0,0.0,0.0,0.0
2026-04-19 17:42:50,29.9,56.3,48.5,54.0,0.0,0.0,0.0
2026-04-19 17:42:55,29.9,56.2,69.1,54.0,0.0,0.0,0.0
2026-04-19 17:43:00,29.9,56.2,30.5,54.0,0.0,0.0,0.0
2026-04-19 17:43:05,29.8,56.3,33.3,54.0,0.0,0.0,0.0
2026-04-19 17:43:10,29.9,56.4,44.2,54.0,0.0,0.0,0.0
2026-04-19 17:43:15,30.0,56.5,47.0,54.0,0.0,0.0,0.0
2026-04-19 17:43:20,30.0,56.6,47.5,54.0,0.0,0.0,0.0
2026-04-19 17:43:25,29.9,56.6,34.4,54.0,0.0,0.0,0.0
2026-04-19 17:43:30,30.0,56.4,27.7,54.1,0.0,0.0,0.0
2026-04-19 17:43:35,29.9,56.5,50.7,54.1,0.0,0.0,0.0
2026-04-19 17:43:40,29.9,56.4,61.3,54.0,0.0,0.0,0.0
2026-04-19 17:43:45,29.9,56.4,44.6,54.0,0.0,0.0,0.0
2026-04-19 17:43:50,29.9,56.4,39.7,54.0,0.0,0.0,0.0
2026-04-19 17:43:55,30.0,56.4,40.7,54.0,0.0,0.0,0.0
2026-04-19 17:44:00,29.9,56.3,32.5,54.0,0.0,0.0,0.0
2026-04-19 17:44:05,30.1,56.2,42.9,54.0,0.0,0.0,0.0
2026-04-19 17:44:10,30.0,56.1,29.5,54.0,0.0,0.0,0.0
2026-04-19 17:44:15,29.9,56.1,31.4,54.0,0.0,0.0,0.0
2026-04-19 17:44:20,29.9,56.0,29.9,54.0,0.0,0.0,0.0
2026-04-19 17:44:25,29.8,56.2,38.4,54.0,0.0,0.0,0.0
2026-04-19 17:44:30,29.9,56.2,55.3,54.0,0.0,0.0,0.0
2026-04-19 17:44:35,29.8,56.0,51.8,54.0,0.0,0.0,0.0
2026-04-19 17:44:40,29.9,56.0,43.3,54.0,0.0,0.0,0.0
2026-04-19 17:44:45,29.8,56.1,42.1,54.0,0.0,0.0,0.0
2026-04-19 17:44:50,29.9,56.1,32.9,54.0,0.0,0.0,0.0
2026-04-19 17:44:55,29.9,56.1,29.6,54.0,0.0,0.0,0.0
2026-04-19 17:45:00,29.9,56.1,45.8,54.0,0.0,0.0,0.0
2026-04-19 17:45:05,29.8,56.0,34.2,54.0,0.0,0.0,0.0
2026-04-19 17:45:10,30.0,55.9,45.4,54.0,0.0,0.0,0.0
2026-04-19 17:45:15,29.9,56.0,49.5,54.0,0.0,0.0,0.0
2026-04-19 17:45:20,30.0,56.0,39.1,54.0,0.0,0.0,0.0
2026-04-19 17:45:25,30.1,56.1,41.9,54.0,0.0,0.0,0.0
2026-04-19 17:45:30,30.0,56.0,21.9,54.0,0.0,0.0,0.0
2026-04-19 17:45:35,30.0,56.1,45.3,54.0,0.0,0.0,0.0
2026-04-19 17:45:40,29.9,56.3,30.9,54.0,0.0,0.0,0.0
2026-04-19 17:45:45,30.1,56.2,45.7,54.0,0.0,0.0,0.0
2026-04-19 17:45:50,30.0,56.1,41.9,54.0,0.0,0.0,0.0
2026-04-19 17:45:55,29.9,56.1,24.5,54.0,0.0,0.0,0.0
2026-04-19 17:46:00,30.0,56.2,28.5,54.0,0.0,0.0,0.0
2026-04-19 17:46:05,30.1,56.1,27.9,54.0,0.0,0.0,0.0
2026-04-19 17:46:10,29.9,56.1,21.3,54.0,0.0,0.0,0.0
2026-04-19 17:46:15,30.0,56.2,31.4,54.0,0.0,0.0,0.0
2026-04-19 17:46:20,29.9,56.2,33.0,54.0,0.0,0.0,0.0
2026-04-19 17:46:25,29.8,56.2,30.3,54.0,0.0,0.0,0.0
2026-04-19 17:46:30,29.9,56.2,34.8,54.0,0.0,0.0,0.0
2026-04-19 17:46:35,29.9,56.2,45.3,54.0,0.0,0.0,0.0
2026-04-19 17:46:40,30.0,56.1,30.0,54.0,0.0,0.0,0.0
2026-04-19 17:46:45,30.1,56.1,29.7,54.0,0.0,0.0,0.0
2026-04-19 17:46:50,29.9,56.1,46.7,54.0,0.0,0.0,0.0
2026-04-19 17:46:55,30.0,56.1,32.6,54.0,0.0,0.0,0.0
2026-04-19 17:47:00,29.9,56.1,50.9,54.0,0.0,0.0,0.0
2026-04-19 17:47:05,29.9,56.1,33.2,54.0,0.0,0.0,0.0
2026-04-19 17:47:10,30.0,56.2,39.4,54.0,0.0,0.0,0.0
2026-04-19 17:47:15,29.9,56.2,41.4,54.0,0.0,0.0,0.0
2026-04-19 17:47:20,29.9,56.2,38.5,54.0,0.0,0.0,0.0
2026-04-19 17:47:25,30.0,56.1,25.3,54.0,0.0,0.0,0.0
2026-04-19 17:47:30,29.9,56.1,25.8,54.0,0.0,0.0,0.0
2026-04-19 17:47:35,29.9,56.2,32.0,54.0,0.0,0.0,0.0
2026-04-19 17:47:40,29.9,56.2,38.4,54.0,0.0,0.0,0.0
2026-04-19 17:47:45,30.1,56.1,44.6,54.0,0.0,0.0,0.0
2026-04-19 17:47:50,29.9,56.2,30.2,54.0,0.0,0.0,0.0
2026-04-19 17:47:55,29.9,56.2,26.4,54.0,0.0,0.0,0.0
2026-04-19 17:48:00,29.9,56.2,47.1,54.0,0.0,0.0,0.0
2026-04-19 17:48:05,30.0,56.2,43.7,54.0,0.0,0.0,0.0
2026-04-19 17:48:10,29.8,56.2,10.7,54.0,0.0,0.0,0.0
2026-04-19 17:48:15,29.8,56.3,44.5,54.0,0.0,0.0,0.0
2026-04-19 17:48:20,29.9,56.3,31.2,54.0,0.0,0.0,0.0
2026-04-19 17:48:25,30.0,56.2,35.6,54.0,0.0,0.0,0.0
2026-04-19 17:48:30,29.9,56.2,35.1,54.0,0.0,0.0,0.0
2026-04-19 17:48:35,29.9,56.2,32.5,54.0,0.0,0.0,0.0
2026-04-19 17:48:40,29.9,56.2,39.3,54.0,0.0,0.0,0.0
2026-04-19 17:48:45,30.0,56.1,37.4,54.0,0.0,0.0,0.0
2026-04-19 17:48:50,29.9,56.2,22.2,54.0,0.0,0.0,0.0
2026-04-19 17:48:55,30.0,56.1,49.2,54.0,0.0,0.0,0.0
2026-04-19 17:49:00,29.9,56.1,28.7,54.0,0.0,0.0,0.0
2026-04-19 17:49:05,30.0,56.2,29.1,54.0,0.0,0.0,0.0
2026-04-19 17:49:10,29.9,56.0,30.3,54.0,0.0,0.0,0.0
2026-04-19 17:49:15,30.0,56.1,29.2,54.0,0.0,0.0,0.0
2026-04-19 17:49:20,29.8,56.1,49.5,54.0,0.0,0.0,0.0
2026-04-19 17:49:25,29.9,56.2,32.8,54.0,0.0,0.0,0.0
2026-04-19 17:49:30,30.0,56.1,36.0,54.0,0.0,0.0,0.0
2026-04-19 17:49:35,29.9,56.1,36.2,54.0,0.0,0.0,0.0
2026-04-19 17:49:40,29.9,56.0,17.2,54.0,0.0,0.0,0.0
2026-04-19 17:49:45,29.8,56.0,34.3,53.9,0.0,0.0,0.0
2026-04-19 17:49:50,30.1,56.2,32.5,53.9,0.0,0.0,0.0
2026-04-19 17:49:55,29.9,56.1,9.0,53.9,0.0,0.0,0.0
2026-04-19 17:50:00,29.8,56.1,31.7,53.9,0.0,0.0,0.0
2026-04-19 17:50:05,29.9,56.2,38.9,53.9,0.0,0.0,0.0
2026-04-19 17:50:10,29.9,56.3,49.4,53.9,0.0,0.0,0.0
2026-04-19 17:50:15,29.9,56.3,21.7,53.9,0.0,0.0,0.0
2026-04-19 17:50:20,30.0,56.3,22.5,53.9,0.0,0.0,0.0
2026-04-19 17:50:25,29.9,56.3,35.4,53.9,0.0,0.0,0.0
2026-04-19 17:50:30,30.0,56.4,27.4,53.9,0.0,0.0,0.0
2026-04-19 17:50:35,30.0,56.4,16.7,53.9,0.0,0.0,0.0
2026-04-19 17:50:40,30.0,56.5,16.9,53.9,0.0,0.0,0.0
2026-04-19 17:50:45,30.1,56.5,26.7,53.9,0.0,0.0,0.0
2026-04-19 17:50:50,30.0,56.5,30.1,53.9,0.0,0.0,0.0
2026-04-19 17:50:55,29.9,56.6,23.1,53.9,0.0,0.0,0.0
2026-04-19 17:51:00,30.1,56.6,31.0,53.9,0.0,0.0,0.0
2026-04-19 17:51:05,30.0,56.6,9.3,53.9,0.0,0.0,0.0
2026-04-19 17:51:10,29.9,56.5,21.4,53.9,0.0,0.0,0.0
2026-04-19 17:51:15,30.0,56.5,16.0,53.9,0.0,0.0,0.0
2026-04-19 17:51:20,29.9,56.5,29.8,53.9,0.0,0.0,0.0
2026-04-19 17:51:25,30.1,56.5,53.7,53.8,0.0,0.0,0.0
2026-04-19 17:51:30,30.0,56.5,38.0,53.8,0.0,0.0,0.0
2026-04-19 17:51:35,30.0,56.6,24.8,53.8,0.0,0.0,0.0
2026-04-19 17:51:40,30.0,56.8,23.3,53.8,0.0,0.0,0.0
2026-04-19 17:51:45,30.0,56.8,27.4,53.8,0.0,0.0,0.0
2026-04-19 17:51:50,30.0,56.8,26.5,53.8,0.0,0.0,0.0
2026-04-19 17:51:55,29.9,56.7,29.7,53.9,0.0,0.0,0.0
2026-04-19 17:52:00,30.0,56.7,16.9,53.9,0.0,0.0,0.0
2026-04-19 17:52:05,29.9,56.7,22.9,53.9,0.0,0.0,0.0
2026-04-19 17:52:10,30.0,56.6,21.9,53.9,0.0,0.0,0.0
2026-04-19 17:52:15,30.0,56.6,24.2,53.9,0.0,0.0,0.0
2026-04-19 17:52:20,29.9,56.8,41.5,53.9,0.0,0.0,0.0
2026-04-19 17:52:25,30.0,56.9,24.4,53.9,0.0,0.0,0.0
2026-04-19 17:52:30,29.9,56.9,15.0,53.9,0.0,0.0,0.0
2026-04-19 17:52:35,30.0,56.9,31.0,53.9,0.0,0.0,0.0
2026-04-19 17:52:40,30.1,56.8,24.8,53.9,0.0,0.0,0.0
2026-04-19 17:52:45,29.9,56.8,11.4,53.9,0.0,0.0,0.0
2026-04-19 17:52:50,30.0,56.8,15.6,53.9,0.0,0.0,0.0
2026-04-19 17:52:55,29.9,57.0,18.2,53.9,0.0,0.0,0.0
2026-04-19 17:53:00,29.9,57.1,16.2,53.8,0.0,0.0,0.0
2026-04-19 17:53:05,29.9,57.1,19.1,53.8,0.0,0.0,0.0
2026-04-19 17:53:10,30.1,57.2,21.8,53.8,0.0,0.0,0.0
2026-04-19 17:53:15,30.1,57.2,15.0,53.8,0.0,0.0,0.0
2026-04-19 17:53:20,30.0,57.2,19.9,53.8,0.0,0.0,0.0
2026-04-19 17:53:25,30.0,57.2,35.6,53.8,0.0,0.0,0.0
2026-04-19 17:53:30,29.9,57.1,21.6,53.9,0.0,0.0,0.0
2026-04-19 17:53:35,29.9,57.1,17.2,53.9,0.0,0.0,0.0
2026-04-19 17:53:40,30.2,57.0,8.9,53.9,0.0,0.0,0.0
2026-04-19 17:53:45,30.0,57.1,19.4,53.9,0.0,0.0,0.0
2026-04-19 17:53:50,30.0,57.0,14.4,53.9,0.0,0.0,0.0
2026-04-19 17:53:55,30.0,57.1,44.2,53.9,0.0,0.0,0.0
2026-04-19 17:54:00,30.1,57.0,32.6,53.9,0.0,0.0,0.0
2026-04-19 17:54:05,29.9,57.0,23.8,53.9,0.0,0.0,0.0
2026-04-19 17:54:10,30.0,57.1,16.5,53.9,0.0,0.0,0.0
2026-04-19 17:54:15,30.0,57.1,22.8,53.9,0.0,0.0,0.0
2026-04-19 17:54:20,29.9,57.2,23.9,53.9,0.0,0.0,0.0
2026-04-19 17:54:25,29.9,57.2,24.0,53.9,0.0,0.0,0.0
2026-04-19 17:54:30,29.9,57.2,20.1,53.9,0.0,0.0,0.0
2026-04-19 17:54:35,30.0,57.2,21.4,53.9,0.0,0.0,0.0
2026-04-19 17:54:40,29.9,57.1,32.3,53.9,0.0,0.0,0.0
2026-04-19 17:54:45,29.9,57.2,30.6,53.8,0.0,0.0,0.0
2026-04-19 17:54:50,30.0,57.2,24.3,53.8,0.0,0.0,0.0
2026-04-19 17:54:55,29.9,57.2,15.1,53.8,0.0,0.0,0.0
2026-04-19 17:55:00,30.1,57.2,4.5,53.9,0.0,0.0,0.0
2026-04-19 17:55:05,30.0,57.1,19.7,53.9,0.0,0.0,0.0
2026-04-19 17:55:10,30.1,57.3,39.6,53.9,0.0,0.0,0.0
2026-04-19 17:55:15,30.0,57.2,28.5,53.9,0.0,0.0,0.0
2026-04-19 17:55:20,30.1,57.3,16.3,53.9,0.0,0.0,0.0
2026-04-19 17:55:25,29.9,57.3,20.2,53.9,0.0,0.0,0.0
2026-04-19 17:55:30,30.0,57.4,19.2,53.8,0.0,0.0,0.0
2026-04-19 17:55:35,30.1,57.4,41.3,53.8,0.0,0.0,0.0
2026-04-19 17:55:40,30.0,57.4,22.3,53.9,0.0,0.0,0.0
2026-04-19 17:55:45,30.0,57.2,29.0,53.9,0.0,0.0,0.0
2026-04-19 17:55:50,30.0,57.3,24.3,53.9,0.0,0.0,0.0
2026-04-19 17:55:55,30.0,57.5,9.4,53.9,0.0,0.0,0.0
2026-04-19 17:56:00,30.1,57.4,31.8,53.9,0.0,0.0,0.0
2026-04-19 17:56:05,30.0,57.4,20.6,53.9,0.0,0.0,0.0
2026-04-19 17:56:10,30.0,57.6,21.9,53.9,0.0,0.0,0.0
2026-04-19 17:56:15,29.8,57.6,25.9,53.9,0.0,0.0,0.0
2026-04-19 17:56:20,30.0,57.7,12.6,54.0,0.0,0.0,0.0
2026-04-19 17:56:25,30.1,57.6,32.6,54.0,0.0,0.0,0.0
2026-04-19 17:56:30,29.9,57.7,40.7,54.0,0.0,0.0,0.0
2026-04-19 17:56:35,29.9,57.6,7.5,54.0,0.0,0.0,0.0
2026-04-19 17:56:40,30.0,57.6,38.9,54.0,0.0,0.0,0.0
2026-04-19 17:56:45,29.9,57.5,29.9,54.0,0.0,0.0,0.0
2026-04-19 17:56:50,30.0,57.5,23.7,54.0,0.0,0.0,0.0
2026-04-19 17:56:55,29.7,57.6,28.7,54.0,0.0,0.0,0.0
2026-04-19 17:57:00,30.1,57.5,25.8,54.0,0.0,0.0,0.0
2026-04-19 17:57:05,30.0,57.5,10.0,54.0,0.0,0.0,0.0
2026-04-19 17:57:10,29.9,57.6,7.6,54.0,0.0,0.0,0.0
2026-04-19 17:57:15,29.8,57.6,6.2,54.0,0.0,0.0,0.0
2026-04-19 17:57:20,30.0,57.6,23.3,54.0,0.0,0.0,0.0
2026-04-19 17:57:25,29.9,57.5,14.5,54.0,0.0,0.0,0.0
2026-04-19 17:57:30,30.0,57.4,0.0,53.9,0.0,0.0,0.0
2026-04-19 17:57:35,30.1,57.5,19.6,53.9,0.0,0.0,0.0
2026-04-19 17:57:40,29.9,57.6,18.4,54.0,0.0,0.0,0.0
2026-04-19 17:57:45,29.9,57.6,10.7,54.0,0.0,0.0,0.0
2026-04-19 17:57:50,29.8,57.5,26.9,54.0,0.0,0.0,0.0
2026-04-19 17:57:55,29.9,57.6,18.8,53.9,0.0,0.0,0.0
2026-04-19 17:58:00,29.8,57.4,4.9,53.9,0.0,0.0,0.0
2026-04-19 17:58:05,30.1,57.6,9.3,53.9,0.0,0.0,0.0
2026-04-19 17:58:10,29.9,57.6,21.0,53.9,0.0,0.0,0.0
2026-04-19 17:58:15,29.9,57.6,29.9,53.9,0.0,0.0,0.0
2026-04-19 17:58:20,30.0,57.5,13.1,53.9,0.0,0.0,0.0
2026-04-19 17:58:25,29.9,57.6,17.4,53.9,0.0,0.0,0.0
2026-04-19 17:58:30,29.9,57.5,45.7,53.9,0.0,0.0,0.0
2026-04-19 17:58:35,29.8,57.4,18.0,53.9,0.0,0.0,0.0
2026-04-19 17:58:40,30.0,57.6,4.0,53.9,0.0,0.0,0.0
2026-04-19 17:58:45,29.7,57.7,7.6,53.9,0.0,0.0,0.0
2026-04-19 17:58:50,29.8,57.8,17.7,53.9,0.0,0.0,0.0
2026-04-19 17:58:55,30.0,57.9,19.2,53.9,0.0,0.0,0.0
2026-04-19 17:59:00,29.8,57.9,18.1,53.9,0.0,0.0,0.0
2026-04-19 17:59:05,29.9,57.9,19.8,53.9,0.0,0.0,0.0
2026-04-19 17:59:10,29.9,57.9,21.3,53.9,0.0,0.0,0.0
2026-04-19 17:59:15,29.9,57.8,9.4,53.9,0.0,0.0,0.0
2026-04-19 17:59:20,29.9,58.0,0.0,53.9,0.0,0.0,0.0
2026-04-19 17:59:25,29.9,58.1,6.3,53.9,0.0,0.0,0.0
2026-04-19 17:59:30,29.8,58.1,4.7,54.0,0.0,0.0,0.0
2026-04-19 17:59:35,29.9,58.1,16.3,54.0,0.0,0.0,0.0
2026-04-19 17:59:40,29.9,58.1,30.1,53.9,0.0,0.0,0.0
2026-04-19 17:59:45,30.1,58.2,12.7,53.9,0.0,0.0,0.0
2026-04-19 17:59:50,30.0,58.2,12.6,53.9,0.0,0.0,0.0
2026-04-19 17:59:55,29.9,58.1,19.2,53.9,0.0,0.0,0.0
2026-04-19 18:00:00,30.0,58.0,12.7,53.9,0.0,0.0,0.0
2026-04-19 18:00:05,29.9,57.9,12.5,53.9,0.0,0.0,0.0
2026-04-19 18:00:10,30.1,57.7,20.1,53.9,0.0,0.0,0.0
2026-04-19 18:00:15,30.1,57.8,23.7,53.9,0.0,0.0,0.0
2026-04-19 18:00:20,30.0,57.6,1.6,53.9,0.0,0.0,0.0
2026-04-19 18:00:25,29.9,57.7,10.7,53.9,0.0,0.0,0.0
2026-04-19 18:00:30,30.0,57.7,23.7,53.9,0.0,0.0,0.0
2026-04-19 18:00:35,30.0,57.6,5.8,53.9,0.0,0.0,0.0
2026-04-19 18:00:40,30.0,57.7,18.0,53.9,0.0,0.0,0.0
2026-04-19 18:00:45,29.9,57.7,25.3,53.9,0.0,0.0,0.0
2026-04-19 18:00:50,29.9,57.9,17.8,53.9,0.0,0.0,0.0
2026-04-19 18:00:55,30.0,57.9,26.1,53.9,0.0,0.0,0.0
2026-04-19 18:01:00,29.9,57.9,13.8,53.9,0.0,0.0,0.0
2026-04-19 18:01:05,29.9,57.9,22.9,53.9,0.0,0.0,0.0
2026-04-19 18:01:10,30.0,58.0,26.8,53.9,0.0,0.0,0.0
2026-04-19 18:01:15,30.1,58.1,23.9,53.9,0.0,0.0,0.0
2026-04-19 18:01:20,30.0,58.3,26.0,53.9,0.0,0.0,0.0
2026-04-19 18:01:25,30.0,58.2,18.3,53.9,0.0,0.0,0.0
2026-04-19 18:01:30,30.0,58.3,27.4,53.9,0.0,0.0,0.0
2026-04-19 18:01:35,30.0,58.3,23.7,53.9,0.0,0.0,0.0
2026-04-19 18:01:40,29.9,58.3,25.5,53.9,0.0,0.0,0.0
2026-04-19 18:01:45,29.8,58.3,0.0,53.9,0.0,0.0,0.0
2026-04-19 18:01:50,30.0,58.3,23.2,53.9,0.0,0.0,0.0
2026-04-19 18:01:55,30.1,58.3,10.3,53.9,0.0,0.0,0.0
2026-04-19 18:02:00,29.9,58.2,24.4,53.9,0.0,0.0,0.0
2026-04-19 18:02:05,29.8,58.1,14.2,53.9,0.0,0.0,0.0
2026-04-19 18:02:10,29.9,58.2,7.2,53.9,0.0,0.0,0.0
2026-04-19 18:02:15,30.0,58.2,27.6,53.9,0.0,0.0,0.0
2026-04-19 18:02:20,30.0,58.0,22.0,53.9,0.0,0.0,0.0
2026-04-19 18:02:25,29.8,58.1,15.4,53.9,0.0,0.0,0.0
2026-04-19 18:02:30,29.8,58.0,6.8,53.9,0.0,0.0,0.0
2026-04-19 18:02:35,29.9,58.0,0.0,53.9,0.0,0.0,0.0
2026-04-19 18:02:40,30.0,58.1,3.4,53.9,0.0,0.0,0.0
2026-04-19 18:02:45,30.1,58.1,18.1,53.9,0.0,0.0,0.0
2026-04-19 18:02:50,30.0,58.1,22.0,53.9,0.0,0.0,0.0
2026-04-19 18:02:55,29.8,58.2,14.4,53.9,0.0,0.0,0.0
2026-04-19 18:03:00,29.9,58.2,19.0,53.9,0.0,0.0,0.0
2026-04-19 18:03:05,30.1,58.2,6.0,53.9,0.0,0.0,0.0
2026-04-19 18:03:10,30.0,58.2,14.9,53.9,0.0,0.0,0.0
2026-04-19 18:03:15,29.9,58.2,17.7,53.9,0.0,0.0,0.0
2026-04-19 18:03:20,30.0,58.2,14.6,53.9,0.0,0.0,0.0
2026-04-19 18:03:25,30.0,58.1,12.1,53.9,0.0,0.0,0.0
2026-04-19 18:03:30,30.0,58.0,10.8,53.9,0.0,0.0,0.0
2026-04-19 18:03:35,29.9,58.0,14.6,53.9,0.0,0.0,0.0
2026-04-19 18:03:40,29.8,58.1,21.9,53.9,0.0,0.0,0.0
2026-04-19 18:03:45,30.1,58.3,28.2,54.0,0.0,0.0,0.0
2026-04-19 18:03:50,30.0,58.3,23.4,54.0,0.0,0.0,0.0
2026-04-19 18:03:55,29.9,58.3,19.9,54.0,0.0,0.0,0.0
2026-04-19 18:04:00,29.9,58.2,11.6,54.0,0.0,0.0,0.0
2026-04-19 18:04:05,30.0,58.1,15.8,54.0,0.0,0.0,0.0
2026-04-19 18:04:10,29.8,58.1,0.0,54.1,0.0,0.0,0.0
2026-04-19 18:04:15,29.9,58.1,35.2,54.1,0.0,0.0,0.0
2026-04-19 18:04:20,29.8,58.1,24.0,54.1,0.0,0.0,0.0
2026-04-19 18:04:25,30.0,58.3,28.7,54.1,0.0,0.0,0.0
2026-04-19 18:04:30,30.0,58.4,7.5,54.0,0.0,0.0,0.0
2026-04-19 18:04:35,29.9,58.5,0.0,54.0,0.0,0.0,0.0
2026-04-19 18:04:40,30.1,58.3,27.1,54.0,0.0,0.0,0.0
2026-04-19 18:04:45,29.8,58.3,0.0,54.0,0.0,0.0,0.0
2026-04-19 18:04:50,29.9,58.3,28.7,54.0,0.0,0.0,0.0
2026-04-19 18:04:55,29.9,58.2,31.8,54.0,0.0,0.0,0.0
2026-04-19 18:05:00,29.9,58.2,25.3,54.0,0.0,0.0,0.0
2026-04-19 18:05:05,29.9,58.2,25.0,54.0,0.0,0.0,0.0
2026-04-19 18:05:10,29.9,58.2,23.5,54.0,0.0,0.0,0.0
2026-04-19 18:05:15,30.0,58.2,11.1,54.0,0.0,0.0,0.0
2026-04-19 18:05:20,30.0,58.1,26.6,54.0,0.0,0.0,0.0
2026-04-19 18:05:25,29.9,58.2,24.5,54.0,0.0,0.0,0.0
2026-04-19 18:05:30,29.8,58.3,23.8,54.0,0.0,0.0,0.0
2026-04-19 18:05:35,29.8,58.2,31.7,54.0,0.0,0.0,0.0
2026-04-19 18:05:40,29.9,58.1,11.8,54.0,0.0,0.0,0.0
2026-04-19 18:05:45,29.8,58.1,0.4,54.0,0.0,0.0,0.0
2026-04-19 18:05:50,29.9,58.1,20.0,54.0,0.0,0.0,0.0
2026-04-19 18:05:55,29.7,58.1,20.2,54.0,0.0,0.0,0.0
2026-04-19 18:06:00,29.9,58.3,18.9,54.0,0.0,0.0,0.0
2026-04-19 18:06:05,29.8,58.2,4.8,54.0,0.0,0.0,0.0
2026-04-19 18:06:10,29.9,58.2,6.5,54.0,0.0,0.0,0.0
2026-04-19 18:06:15,29.8,58.2,18.6,54.0,0.0,0.0,0.0
2026-04-19 18:06:20,30.0,58.2,19.7,54.0,0.0,0.0,0.0
2026-04-19 18:06:25,29.9,58.2,13.1,54.0,0.0,0.0,0.0
2026-04-19 18:06:30,29.9,58.2,9.4,54.0,0.0,0.0,0.0
2026-04-19 18:06:35,29.8,58.1,20.2,54.0,0.0,0.0,0.0
2026-04-19 18:06:40,29.9,58.0,30.9,54.0,0.0,0.0,0.0
2026-04-19 18:06:45,30.0,58.0,0.0,54.0,0.0,0.0,0.0
2026-04-19 18:06:50,29.8,58.1,13.0,54.0,0.0,0.0,0.0
2026-04-19 18:06:55,29.9,58.2,9.8,54.0,0.0,0.0,0.0
2026-04-19 18:07:00,29.8,58.1,25.8,54.0,0.0,0.0,0.0
2026-04-19 18:07:05,29.9,58.1,23.7,54.0,0.0,0.0,0.0
2026-04-19 18:07:10,29.9,57.9,25.7,54.0,0.0,0.0,0.0
2026-04-19 18:07:15,29.7,58.0,25.6,54.0,0.0,0.0,0.0
2026-04-19 18:07:20,29.8,58.0,0.0,54.0,0.0,0.0,0.0
2026-04-19 18:07:25,29.9,57.9,4.9,54.0,0.0,0.0,0.0
2026-04-19 18:07:30,29.7,58.0,6.5,54.0,0.0,0.0,0.0
2026-04-19 18:07:35,29.9,58.0,6.2,54.0,0.0,0.0,0.0
2026-04-19 18:07:40,29.9,57.9,15.0,54.0,0.0,0.0,0.0
2026-04-19 18:07:45,29.7,57.8,23.4,54.0,0.0,0.0,0.0
2026-04-19 18:07:50,29.7,57.7,24.4,54.0,0.0,0.0,0.0
2026-04-19 18:07:55,29.8,57.7,5.6,54.0,0.0,0.0,0.0
2026-04-19 18:08:00,29.8,57.8,20.4,54.0,0.0,0.0,0.0
2026-04-19 18:08:05,29.9,57.7,14.0,54.0,0.0,0.0,0.0
2026-04-19 18:08:10,29.9,57.6,12.4,54.0,0.0,0.0,0.0
2026-04-19 18:08:15,29.9,57.7,13.1,54.0,0.0,0.0,0.0
2026-04-19 18:08:20,30.0,57.6,18.3,54.0,0.0,0.0,0.0
2026-04-19 18:08:25,30.0,57.6,23.5,54.0,0.0,0.0,0.0
2026-04-19 18:08:30,29.9,57.6,25.6,54.0,0.0,0.0,0.0
2026-04-19 18:08:35,29.8,57.7,13.7,54.0,0.0,0.0,0.0
2026-04-19 18:08:40,29.9,57.7,0.0,54.0,0.0,0.0,0.0
2026-04-19 18:08:45,29.9,57.7,10.3,54.0,0.0,0.0,0.0
2026-04-19 18:08:50,29.8,57.6,23.4,54.0,0.0,0.0,0.0
2026-04-19 18:08:55,29.7,57.6,7.9,54.0,0.0,0.0,0.0
2026-04-19 18:09:00,29.8,57.7,37.9,54.0,0.0,0.0,0.0
2026-04-19 18:09:05,29.9,57.8,13.6,54.0,0.0,0.0,0.0
2026-04-19 18:09:10,30.0,57.7,15.3,54.0,0.0,0.0,0.0
2026-04-19 18:09:15,29.8,57.8,6.2,54.0,0.0,0.0,0.0
2026-04-19 18:09:20,29.8,57.7,10.9,54.0,0.0,0.0,0.0
2026-04-19 18:09:25,29.8,57.8,6.1,54.0,0.0,0.0,0.0
2026-04-19 18:09:30,30.0,57.8,18.9,54.0,0.0,0.0,0.0
2026-04-19 18:09:35,29.8,57.6,42.1,54.0,0.0,0.0,0.0
2026-04-19 18:09:40,29.8,57.5,14.8,54.0,0.0,0.0,0.0
2026-04-19 18:09:45,29.9,57.6,4.5,54.0,0.0,0.0,0.0
2026-04-19 18:09:50,29.8,57.6,22.6,54.0,0.0,0.0,0.0
2026-04-19 18:09:55,29.9,57.6,2.5,54.0,0.0,0.0,0.0
2026-04-19 18:10:00,29.7,57.7,3.1,54.0,0.0,0.0,0.0
2026-04-19 18:10:05,29.8,57.7,20.6,54.0,0.0,0.0,0.0
2026-04-19 18:10:10,29.9,57.7,20.2,54.0,0.0,0.0,0.0
2026-04-19 18:10:15,29.8,57.7,23.1,54.0,0.0,0.0,0.0
2026-04-19 18:10:20,29.9,57.6,20.1,53.9,0.0,0.0,0.0
2026-04-19 18:10:25,29.8,57.6,32.9,53.9,0.0,0.0,0.0
2026-04-19 18:10:30,29.7,57.7,20.9,53.9,0.0,0.0,0.0
2026-04-19 18:10:35,29.9,57.7,17.1,53.9,0.0,0.0,0.0
2026-04-19 18:10:40,29.8,57.8,6.8,53.9,0.0,0.0,0.0
2026-04-19 18:10:45,29.8,57.8,23.9,53.9,0.0,0.0,0.0
2026-04-19 18:10:50,29.6,57.7,21.7,53.8,0.0,0.0,0.0
2026-04-19 18:10:55,29.8,57.7,8.9,53.8,0.0,0.0,0.0
2026-04-19 18:11:00,29.6,57.7,37.3,53.8,0.0,0.0,0.0
2026-04-19 18:11:05,29.9,57.8,0.8,53.8,0.0,0.0,0.0
2026-04-19 18:11:10,29.7,57.9,25.8,53.8,0.0,0.0,0.0
2026-04-19 18:11:15,29.7,57.9,21.9,53.9,0.0,0.0,0.0
2026-04-19 18:11:20,29.7,58.0,8.6,53.9,0.0,0.0,0.0
2026-04-19 18:11:25,29.7,58.0,8.2,53.9,0.0,0.0,0.0
2026-04-19 18:11:30,29.9,58.1,17.0,53.9,0.0,0.0,0.0
2026-04-19 18:11:35,29.6,58.1,21.9,53.9,0.0,0.0,0.0
2026-04-19 18:11:40,29.9,58.0,14.8,53.9,0.0,0.0,0.0
2026-04-19 18:11:45,29.6,58.0,6.0,53.9,0.0,0.0,0.0
2026-04-19 18:11:50,29.8,57.9,4.0,53.9,0.0,0.0,0.0
2026-04-19 18:11:55,29.8,58.0,18.4,53.9,0.0,0.0,0.0
2026-04-19 18:12:00,29.7,58.1,16.3,53.9,0.0,0.0,0.0
2026-04-19 18:12:05,29.7,58.3,9.1,53.9,0.0,0.0,0.0
2026-04-19 18:12:10,29.7,58.2,18.6,53.8,0.0,0.0,0.0
2026-04-19 18:12:15,29.7,58.2,29.2,53.8,0.0,0.0,0.0
2026-04-19 18:12:20,29.8,58.1,9.3,53.8,0.0,0.0,0.0
2026-04-19 18:12:25,29.8,58.2,26.0,53.9,0.0,0.0,0.0
2026-04-19 18:12:30,29.7,58.4,16.0,53.9,0.0,0.0,0.0
2026-04-19 18:12:35,29.6,58.5,2.0,53.9,0.0,0.0,0.0
2026-04-19 18:12:40,29.8,58.5,15.6,53.9,0.0,0.0,0.0
2026-04-19 18:12:45,29.7,58.4,16.6,53.9,0.0,0.0,0.0
2026-04-19 18:12:50,29.8,58.4,9.8,53.9,0.0,0.0,0.0
2026-04-19 18:12:55,29.7,58.5,0.0,53.9,0.0,0.0,0.0
2026-04-19 18:13:00,29.6,58.4,17.9,53.9,0.0,0.0,0.0
2026-04-19 18:13:05,29.7,58.4,15.0,53.9,0.0,0.0,0.0
2026-04-19 18:13:10,29.8,58.4,14.1,53.9,0.0,0.0,0.0
2026-04-19 18:13:15,29.8,58.4,11.8,53.9,0.0,0.0,0.0
2026-04-19 18:13:20,29.8,58.4,24.2,53.9,0.0,0.0,0.0
2026-04-19 18:13:25,29.7,58.5,10.5,53.9,0.0,0.0,0.0
2026-04-19 18:13:30,29.7,58.6,19.9,53.9,0.0,0.0,0.0
2026-04-19 18:13:35,29.7,58.6,26.8,53.9,0.0,0.0,0.0
2026-04-19 18:13:40,29.8,58.5,14.5,53.9,0.0,0.0,0.0
2026-04-19 18:13:45,29.8,58.5,8.5,53.9,0.0,0.0,0.0
2026-04-19 18:13:50,29.8,58.5,2.6,53.9,0.0,0.0,0.0
2026-04-19 18:13:55,29.7,58.5,25.5,53.9,0.0,0.0,0.0
2026-04-19 18:14:00,29.8,58.7,1.7,53.9,0.0,0.0,0.0
2026-04-19 18:14:05,29.7,58.6,27.6,53.9,0.0,0.0,0.0
2026-04-19 18:14:10,29.8,58.5,20.0,53.9,0.0,0.0,0.0
2026-04-19 18:14:15,29.7,58.5,7.9,53.9,0.0,0.0,0.0
2026-04-19 18:14:20,29.7,58.4,1.8,53.9,0.0,0.0,0.0
2026-04-19 18:14:25,29.8,58.4,19.0,53.9,0.0,0.0,0.0
2026-04-19 18:14:30,29.7,58.5,21.9,53.9,0.0,0.0,0.0
2026-04-19 18:14:35,29.7,58.4,6.0,53.9,0.0,0.0,0.0
2026-04-19 18:14:40,29.6,58.2,0.0,53.9,0.0,0.0,0.0
2026-04-19 18:14:45,29.6,58.2,29.4,53.9,0.0,0.0,0.0
2026-04-19 18:14:50,29.7,58.2,14.0,53.9,0.0,0.0,0.0
2026-04-19 18:14:55,29.7,58.2,15.6,53.9,0.0,0.0,0.0
2026-04-19 18:15:00,29.7,58.1,10.0,53.9,0.0,0.0,0.0
2026-04-19 18:15:05,29.7,58.2,28.9,53.9,0.0,0.0,0.0
2026-04-19 18:15:10,29.7,58.2,8.8,53.9,0.0,0.0,0.0
2026-04-19 18:15:15,29.6,58.1,12.2,53.9,0.0,0.0,0.0
2026-04-19 18:15:20,29.6,58.1,11.9,53.9,0.0,0.0,0.0
2026-04-19 18:15:25,29.6,58.0,20.3,53.9,0.0,0.0,0.0
2026-04-19 18:15:30,29.7,58.0,0.0,53.9,0.0,0.0,0.0
2026-04-19 18:15:35,29.8,58.1,3.7,53.9,0.0,0.0,0.0
2026-04-19 18:15:40,29.8,58.0,39.0,53.9,0.0,0.0,0.0
2026-04-19 18:15:45,29.6,58.1,5.2,53.9,0.0,0.0,0.0
2026-04-19 18:15:50,29.7,58.1,6.2,53.9,0.0,0.0,0.0
2026-04-19 18:15:55,29.6,58.2,23.6,53.9,0.0,0.0,0.0
2026-04-19 18:16:00,29.8,58.3,25.4,53.9,0.0,0.0,0.0
2026-04-19 18:16:05,29.8,58.2,23.2,53.9,0.0,0.0,0.0
2026-04-19 18:16:10,29.8,58.1,23.6,53.9,0.0,0.0,0.0
2026-04-19 18:16:15,29.7,58.2,15.6,53.9,0.0,0.0,0.0
2026-04-19 18:16:20,29.8,58.2,45.1,53.9,0.0,0.0,0.0
2026-04-19 18:16:25,29.7,58.1,7.4,53.9,0.0,0.0,0.0
2026-04-19 18:16:30,29.6,58.3,8.2,53.9,0.0,0.0,0.0
2026-04-19 18:16:35,29.7,58.3,19.5,53.9,0.0,0.0,0.0
2026-04-19 18:16:40,29.8,58.1,11.4,53.9,0.0,0.0,0.0
2026-04-19 18:16:45,29.6,58.1,15.5,53.9,0.0,0.0,0.0
2026-04-19 18:16:50,29.8,58.1,14.3,53.9,0.0,0.0,0.0
2026-04-19 18:16:55,29.8,58.0,30.5,53.9,0.0,0.0,0.0
2026-04-19 18:17:00,29.8,58.1,31.1,53.9,0.0,0.0,0.0
2026-04-19 18:17:05,29.9,58.0,7.0,53.9,0.0,0.0,0.0
2026-04-19 18:17:10,29.7,58.1,0.0,53.9,0.0,0.0,0.0
2026-04-19 18:17:15,29.6,58.1,14.6,53.9,0.0,0.0,0.0
2026-04-19 18:17:20,29.6,58.1,14.6,53.9,0.0,0.0,0.0
2026-04-19 18:17:25,29.8,58.1,35.4,53.9,0.0,0.0,0.0
2026-04-19 18:17:30,29.6,58.2,0.0,53.9,0.0,0.0,0.0
2026-04-19 18:17:35,29.8,58.2,0.0,53.9,0.0,0.0,0.0
2026-04-19 18:17:40,29.6,58.3,9.3,53.9,0.0,0.0,0.0
2026-04-19 18:17:45,29.8,58.2,11.6,53.9,0.0,0.0,0.0
2026-04-19 18:17:50,29.7,58.3,14.5,53.9,0.0,0.0,0.0
2026-04-19 18:17:55,29.8,58.4,26.8,53.9,0.0,0.0,0.0
2026-04-19 18:18:00,29.7,58.5,9.1,53.9,0.0,0.0,0.0
2026-04-19 18:18:05,29.7,58.4,0.0,53.9,0.0,0.0,0.0
2026-04-19 18:18:10,29.7,58.5,33.1,53.9,0.0,0.0,0.0
2026-04-19 18:18:15,29.7,58.5,0.0,53.9,0.0,0.0,0.0
2026-04-19 18:18:20,29.8,58.4,13.4,53.9,0.0,0.0,0.0
2026-04-19 18:18:25,29.6,58.3,31.9,53.9,0.0,0.0,0.0
2026-04-19 18:18:30,29.8,58.4,21.6,53.9,0.0,0.0,0.0
2026-04-19 18:18:35,29.7,58.4,2.3,53.9,0.0,0.0,0.0
2026-04-19 18:18:40,29.6,58.4,2.3,53.9,0.0,0.0,0.0
2026-04-19 18:18:45,29.7,58.3,23.0,53.9,0.0,0.0,0.0
2026-04-19 18:18:50,29.7,58.3,1.5,53.9,0.0,0.0,0.0
2026-04-19 18:18:55,29.7,58.3,31.9,53.9,0.0,0.0,0.0
2026-04-19 18:19:00,29.7,58.1,26.8,53.9,0.0,0.0,0.0
2026-04-19 18:19:05,29.7,58.2,14.2,53.9,0.0,0.0,0.0
2026-04-19 18:19:10,29.8,58.2,0.7,53.9,0.0,0.0,0.0
2026-04-19 18:19:15,29.6,58.3,13.9,53.9,0.0,0.0,0.0
2026-04-19 18:19:20,29.7,58.3,5.4,53.9,0.0,0.0,0.0
2026-04-19 18:19:25,29.8,58.4,4.5,53.9,0.0,0.0,0.0
2026-04-19 18:19:30,29.7,58.4,1.0,53.9,0.0,0.0,0.0
2026-04-19 18:19:35,29.7,58.4,23.3,53.9,0.0,0.0,0.0
2026-04-19 18:19:40,29.7,58.4,7.8,53.9,0.0,0.0,0.0
2026-04-19 18:19:45,29.6,58.3,1.4,54.0,0.0,0.0,0.0
2026-04-19 18:19:50,29.7,58.3,9.9,54.0,0.0,0.0,0.0
2026-04-19 18:19:55,29.8,58.4,10.1,54.0,0.0,0.0,0.0
2026-04-19 18:20:00,29.7,58.3,20.0,54.0,0.0,0.0,0.0
2026-04-19 18:20:05,29.8,58.3,13.1,54.0,0.0,0.0,0.0
2026-04-19 18:20:10,29.8,58.3,32.2,54.1,0.0,0.0,0.0
2026-04-19 18:20:15,29.9,58.2,21.3,54.1,0.0,0.0,0.0
2026-04-19 18:20:20,29.8,58.4,17.0,54.1,0.0,0.0,0.0
2026-04-19 18:20:25,29.7,58.4,25.6,54.0,0.0,0.0,0.0
2026-04-19 18:20:30,29.8,58.4,29.8,54.0,0.0,0.0,0.0
2026-04-19 18:20:35,29.8,58.4,23.4,54.0,0.0,0.0,0.0
2026-04-19 18:20:40,29.8,58.3,8.4,54.0,0.0,0.0,0.0
2026-04-19 18:20:45,29.8,58.2,14.6,54.0,0.0,0.0,0.0
2026-04-19 18:20:50,29.9,58.3,18.6,54.0,0.0,0.0,0.0
2026-04-19 18:20:55,29.8,58.3,22.0,54.0,0.0,0.0,0.0
2026-04-19 18:21:00,29.7,58.3,0.0,54.0,0.0,0.0,0.0
2026-04-19 18:21:05,29.8,58.2,6.1,54.0,0.0,0.0,0.0
2026-04-19 18:21:10,29.8,58.2,4.8,54.0,0.0,0.0,0.0
2026-04-19 18:21:15,29.8,58.3,23.3,54.0,0.0,0.0,0.0
2026-04-19 18:21:20,29.9,58.4,21.1,54.0,0.0,0.0,0.0
2026-04-19 18:21:25,29.8,58.4,23.5,54.0,0.0,0.0,0.0
2026-04-19 18:21:30,29.8,58.3,12.8,54.0,0.0,0.0,0.0
2026-04-19 18:21:35,29.8,58.2,26.4,54.0,0.0,0.0,0.0
2026-04-19 18:21:40,29.8,58.3,0.7,54.0,0.0,0.0,0.0
2026-04-19 18:21:45,29.9,58.2,20.0,54.0,0.0,0.0,0.0
2026-04-19 18:21:50,29.7,58.3,5.2,54.0,0.0,0.0,0.0
2026-04-19 18:21:55,29.8,58.3,19.1,54.0,0.0,0.0,0.0
2026-04-19 18:22:00,29.8,58.3,14.8,54.0,0.0,0.0,0.0
2026-04-19 18:22:05,29.7,58.2,21.7,54.0,0.0,0.0,0.0
2026-04-19 18:22:10,29.8,58.2,26.4,54.1,0.0,0.0,0.0
2026-04-19 18:22:15,29.7,58.2,8.0,54.1,0.0,0.0,0.0
2026-04-19 18:22:20,29.9,58.2,0.0,54.0,0.0,0.0,0.0
2026-04-19 18:22:25,29.9,58.2,25.0,54.0,0.0,0.0,0.0
2026-04-19 18:22:30,29.7,58.2,26.3,54.0,0.0,0.0,0.0
2026-04-19 18:22:35,29.9,58.1,0.0,54.0,0.0,0.0,0.0
2026-04-19 18:22:40,29.6,58.0,9.1,54.0,0.0,0.0,0.0
2026-04-19 18:22:45,29.7,58.1,28.4,54.0,0.0,0.0,0.0
2026-04-19 18:22:50,29.7,58.1,13.9,54.0,0.0,0.0,0.0
2026-04-19 18:22:55,29.7,58.1,17.0,54.1,0.0,0.0,0.0
2026-04-19 18:23:00,29.9,58.2,12.3,54.1,0.0,0.0,0.0
2026-04-19 18:23:05,29.7,58.0,7.5,54.1,0.0,0.0,0.0
2026-04-19 18:23:10,29.8,58.0,5.4,54.1,0.0,0.0,0.0
2026-04-19 18:23:15,29.8,57.9,21.1,54.0,0.0,0.0,0.0
2026-04-19 18:23:20,29.8,58.0,25.1,54.0,0.0,0.0,0.0
2026-04-19 18:23:25,29.8,58.0,10.0,54.0,0.0,0.0,0.0
2026-04-19 18:23:30,29.6,58.1,17.8,54.0,0.0,0.0,0.0
2026-04-19 18:23:35,29.7,58.2,15.1,54.0,0.0,0.0,0.0
2026-04-19 18:23:40,29.8,58.1,8.6,54.0,0.0,0.0,0.0
2026-04-19 18:23:45,29.8,58.0,19.3,54.0,0.0,0.0,0.0
2026-04-19 18:23:50,29.8,58.0,5.8,54.0,0.0,0.0,0.0
2026-04-19 18:23:55,29.8,58.0,18.6,53.9,0.0,0.0,0.0
2026-04-19 18:24:00,29.9,57.9,18.1,53.9,0.0,0.0,0.0
2026-04-19 18:24:05,29.7,57.9,0.4,54.0,0.0,0.0,0.0
2026-04-19 18:24:10,29.7,57.9,14.9,54.0,0.0,0.0,0.0
2026-04-19 18:24:15,29.5,57.9,11.9,54.0,0.0,0.0,0.0
2026-04-19 18:24:20,29.7,58.1,21.2,54.0,0.0,0.0,0.0
2026-04-19 18:24:25,29.8,58.1,24.6,54.0,0.0,0.0,0.0
2026-04-19 18:24:30,29.9,58.0,0.0,54.0,0.0,0.0,0.0
2026-04-19 18:24:35,29.7,58.1,7.3,54.0,0.0,0.0,0.0
2026-04-19 18:24:40,29.7,58.0,7.3,54.0,0.0,0.0,0.0
2026-04-19 18:24:45,29.8,58.0,27.1,54.0,0.0,0.0,0.0
2026-04-19 18:24:50,29.7,58.0,26.4,54.0,0.0,0.0,0.0
2026-04-19 18:24:55,29.6,58.1,0.0,54.0,0.0,0.0,0.0
2026-04-19 18:25:00,29.8,58.2,20.2,54.0,0.0,0.0,0.0
2026-04-19 18:25:05,29.8,58.3,25.7,54.0,0.0,0.0,0.0
2026-04-19 18:25:10,29.7,58.4,26.0,54.0,0.0,0.0,0.0
2026-04-19 18:25:15,29.5,58.3,16.8,54.0,0.0,0.0,0.0
2026-04-19 18:25:20,29.6,58.1,17.4,54.0,0.0,0.0,0.0
2026-04-19 18:25:25,29.7,58.1,22.8,54.0,0.0,0.0,0.0
2026-04-19 18:25:30,29.7,58.1,18.7,54.0,0.0,0.0,0.0
2026-04-19 18:25:35,29.8,58.1,8.8,54.0,0.0,0.0,0.0
2026-04-19 18:25:40,29.7,58.0,6.4,54.0,0.0,0.0,0.0
2026-04-19 18:25:45,29.8,57.9,27.8,54.0,0.0,0.0,0.0
2026-04-19 18:25:50,29.8,58.0,9.6,54.0,0.0,0.0,0.0
2026-04-19 18:25:55,29.8,58.0,4.7,54.0,0.0,0.0,0.0
2026-04-19 18:26:00,29.7,58.2,7.8,54.0,0.0,0.0,0.0
2026-04-19 18:26:05,29.8,58.2,13.7,54.0,0.0,0.0,0.0
2026-04-19 18:26:10,29.8,58.1,14.3,54.0,0.0,0.0,0.0
2026-04-19 18:26:15,29.7,58.0,19.1,54.0,0.0,0.0,0.0
2026-04-19 18:26:20,29.7,58.0,7.9,53.9,0.0,0.0,0.0
2026-04-19 18:26:25,29.9,58.0,14.6,53.9,0.0,0.0,0.0
2026-04-19 18:26:30,29.8,58.0,5.0,53.9,0.0,0.0,0.0
2026-04-19 18:26:35,29.8,57.9,16.5,53.9,0.0,0.0,0.0
2026-04-19 18:26:40,29.7,58.0,9.8,53.9,0.0,0.0,0.0
2026-04-19 18:26:45,29.9,58.1,9.6,53.9,0.0,0.0,0.0
2026-04-19 18:26:50,29.8,58.2,22.5,53.9,0.0,0.0,0.0
2026-04-19 18:26:55,29.8,58.1,37.3,53.9,0.0,0.0,0.0
2026-04-19 18:27:00,29.7,58.1,18.4,53.9,0.0,0.0,0.0
2026-04-19 18:27:05,29.8,58.1,19.2,53.9,0.0,0.0,0.0
2026-04-19 18:27:10,29.8,58.0,2.3,53.9,0.0,0.0,0.0
2026-04-19 18:27:15,29.9,58.1,24.1,53.9,0.0,0.0,0.0
2026-04-19 18:27:20,29.9,58.0,18.3,53.9,0.0,0.0,0.0
2026-04-19 18:27:25,29.9,58.0,21.4,53.9,0.0,0.0,0.0
2026-04-19 18:27:30,29.7,58.1,4.4,53.9,0.0,0.0,0.0
2026-04-19 18:27:35,30.0,58.0,13.0,53.9,0.0,0.0,0.0
2026-04-19 18:27:40,29.7,58.1,15.3,53.9,0.0,0.0,0.0
2026-04-19 18:27:45,29.8,58.1,22.0,53.9,0.0,0.0,0.0
2026-04-19 18:27:50,29.8,58.1,16.7,53.9,0.0,0.0,0.0
2026-04-19 18:27:55,29.8,58.0,17.1,53.9,0.0,0.0,0.0
2026-04-19 18:28:00,29.8,58.1,22.8,53.9,0.0,0.0,0.0
2026-04-19 18:28:05,29.9,58.0,23.8,53.9,0.0,0.0,0.0
2026-04-19 18:28:10,29.8,58.1,20.8,53.9,0.0,0.0,0.0
2026-04-19 18:28:15,29.8,58.1,14.6,53.9,0.0,0.0,0.0
2026-04-19 18:28:20,29.8,58.1,33.5,53.9,0.0,0.0,0.0
2026-04-19 18:28:25,29.7,58.1,19.8,53.9,0.0,0.0,0.0
2026-04-19 18:28:30,29.7,58.0,4.8,53.9,0.0,0.0,0.0
2026-04-19 18:28:35,29.8,57.9,18.9,53.9,0.0,0.0,0.0
2026-04-19 18:28:40,29.8,57.8,16.5,53.9,0.0,0.0,0.0
2026-04-19 18:28:45,29.8,57.9,15.5,53.9,0.0,0.0,0.0
2026-04-19 18:28:50,29.8,57.8,9.3,53.8,0.0,0.0,0.0
2026-04-19 18:28:55,29.7,57.7,18.8,53.8,0.0,0.0,0.0
2026-04-19 18:29:00,29.8,57.8,23.6,53.8,0.0,0.0,0.0
2026-04-19 18:29:05,29.8,57.8,21.4,53.8,0.0,0.0,0.0
2026-04-19 18:29:10,29.8,57.9,9.3,53.9,0.0,0.0,0.0
2026-04-19 18:29:15,29.9,57.9,20.5,53.9,0.0,0.0,0.0
2026-04-19 18:29:20,29.8,57.8,27.7,53.9,0.0,0.0,0.0
2026-04-19 18:29:25,29.9,57.8,6.0,53.9,0.0,0.0,0.0
2026-04-19 18:29:30,29.8,57.7,28.3,53.9,0.0,0.0,0.0
2026-04-19 18:29:35,29.8,57.7,23.2,53.9,0.0,0.0,0.0
2026-04-19 18:29:40,29.7,57.5,0.8,53.9,0.0,0.0,0.0
2026-04-19 18:29:45,29.9,57.5,0.0,53.9,0.0,0.0,0.0
2026-04-19 18:29:50,30.0,57.5,18.9,53.9,0.0,0.0,0.0
2026-04-19 18:29:55,29.8,57.5,23.6,53.9,0.0,0.0,0.0
2026-04-19 18:30:00,29.8,57.6,0.0,53.9,0.0,0.0,0.0
2026-04-19 18:30:05,29.9,57.8,11.3,53.9,0.0,0.0,0.0
2026-04-19 18:30:10,29.8,57.8,15.3,53.9,0.0,0.0,0.0
2026-04-19 18:30:15,29.7,57.8,4.2,53.9,0.0,0.0,0.0
2026-04-19 18:30:20,29.8,57.6,11.8,53.9,0.0,0.0,0.0
2026-04-19 18:30:25,29.9,57.7,17.3,53.9,0.0,0.0,0.0
2026-04-19 18:30:30,29.8,57.7,24.8,53.9,0.0,0.0,0.0
2026-04-19 18:30:35,29.8,57.8,12.0,53.9,0.0,0.0,0.0
2026-04-19 18:30:40,29.8,57.7,10.0,53.9,0.0,0.0,0.0
2026-04-19 18:30:45,29.6,57.6,9.5,53.9,0.0,0.0,0.0
2026-04-19 18:30:50,29.8,57.5,31.8,53.9,0.0,0.0,0.0
2026-04-19 18:30:55,29.9,57.5,17.7,53.9,0.0,0.0,0.0
2026-04-19 18:31:00,29.9,57.5,5.7,53.9,0.0,0.0,0.0
2026-04-19 18:31:05,29.9,57.5,3.2,53.9,0.0,0.0,0.0
2026-04-19 18:31:10,29.9,57.5,3.2,53.9,0.0,0.0,0.0
2026-04-19 18:31:15,29.8,57.5,10.9,53.9,0.0,0.0,0.0
2026-04-19 18:31:20,29.8,57.6,8.4,53.9,0.0,0.0,0.0
2026-04-19 18:31:25,29.6,57.6,19.6,53.9,0.0,0.0,0.0
2026-04-19 18:31:30,29.8,57.6,18.1,53.9,0.0,0.0,0.0
2026-04-19 18:31:35,29.8,57.7,10.0,53.9,0.0,0.0,0.0
2026-04-19 18:31:40,29.8,57.7,0.0,53.9,0.0,0.0,0.0
2026-04-19 18:31:45,29.9,57.7,3.2,53.9,0.0,0.0,0.0
2026-04-19 18:31:50,29.7,57.8,8.3,53.9,0.0,0.0,0.0
2026-04-19 18:31:55,29.8,57.8,22.9,53.9,0.0,0.0,0.0
2026-04-19 18:32:00,29.9,57.8,15.2,53.9,0.0,0.0,0.0
2026-04-19 18:32:05,29.7,57.8,11.1,53.9,0.0,0.0,0.0
2026-04-19 18:32:10,29.9,57.8,24.7,53.9,0.0,0.0,0.0
2026-04-19 18:32:15,29.8,57.8,27.7,53.9,0.0,0.0,0.0
2026-04-19 18:32:20,29.9,57.9,0.0,53.9,0.0,0.0,0.0
2026-04-19 18:32:25,29.7,57.8,0.3,53.9,0.0,0.0,0.0
2026-04-19 18:32:30,29.7,57.9,19.4,53.9,0.0,0.0,0.0
2026-04-19 18:32:35,29.7,57.9,24.9,53.9,0.0,0.0,0.0
2026-04-19 18:32:40,29.7,57.9,19.7,53.9,0.0,0.0,0.0
2026-04-19 18:32:45,29.9,57.8,0.9,53.9,0.0,0.0,0.0
2026-04-19 18:32:50,29.8,58.0,17.0,53.9,0.0,0.0,0.0
2026-04-19 18:32:55,29.7,57.9,18.2,53.9,0.0,0.0,0.0
2026-04-19 18:33:00,29.9,58.0,3.5,53.9,0.0,0.0,0.0
2026-04-19 18:33:05,29.9,58.1,14.3,53.9,0.0,0.0,0.0
2026-04-19 18:33:10,29.8,58.1,24.6,53.9,0.0,0.0,0.0
2026-04-19 18:33:15,29.8,58.1,18.1,53.9,0.0,0.0,0.0
2026-04-19 18:33:20,29.8,58.1,33.3,53.9,0.0,0.0,0.0
2026-04-19 18:33:25,29.7,58.1,28.7,53.9,0.0,0.0,0.0
2026-04-19 18:33:30,29.7,57.9,28.0,53.9,0.0,0.0,0.0
2026-04-19 18:33:35,29.8,58.0,3.2,53.9,0.0,0.0,0.0
2026-04-19 18:33:40,29.8,57.9,0.0,53.9,0.0,0.0,0.0
2026-04-19 18:33:45,29.8,57.8,5.0,53.8,0.0,0.0,0.0
2026-04-19 18:33:50,29.8,57.8,13.8,53.8,0.0,0.0,0.0
2026-04-19 18:33:55,29.8,58.0,10.0,53.8,0.0,0.0,0.0
2026-04-19 18:34:00,29.7,58.0,9.3,53.8,0.0,0.0,0.0
2026-04-19 18:34:05,29.8,57.9,4.1,53.8,0.0,0.0,0.0
2026-04-19 18:34:10,29.7,58.0,20.0,53.8,0.0,0.0,0.0
2026-04-19 18:34:15,30.0,58.2,7.4,53.8,0.0,0.0,0.0
2026-04-19 18:34:20,29.8,58.1,6.0,53.8,0.0,0.0,0.0
2026-04-19 18:34:25,29.8,58.1,4.8,53.8,0.0,0.0,0.0
2026-04-19 18:34:30,29.8,58.1,11.3,53.8,0.0,0.0,0.0
2026-04-19 18:34:35,29.8,58.1,6.7,53.8,0.0,0.0,0.0
2026-04-19 18:34:40,29.8,58.0,6.5,53.8,0.0,0.0,0.0
2026-04-19 18:34:45,29.8,57.9,5.1,53.8,0.0,0.0,0.0
2026-04-19 18:34:50,29.9,58.0,33.7,53.8,0.0,0.0,0.0
2026-04-19 18:34:55,29.8,58.1,20.0,53.8,0.0,0.0,0.0
2026-04-19 18:35:00,29.8,58.1,20.4,53.8,0.0,0.0,0.0
2026-04-19 18:35:05,29.8,58.0,11.3,53.8,0.0,0.0,0.0
2026-04-19 18:35:10,29.7,57.9,12.6,53.8,0.0,0.0,0.0
2026-04-19 18:35:15,29.8,58.0,12.3,53.8,0.0,0.0,0.0
2026-04-19 18:35:20,29.9,58.0,20.7,53.8,0.0,0.0,0.0
2026-04-19 18:35:25,29.6,58.0,9.4,53.8,0.0,0.0,0.0
2026-04-19 18:35:30,29.6,58.0,3.6,53.8,0.0,0.0,0.0
2026-04-19 18:35:35,29.8,58.0,5.4,53.8,0.0,0.0,0.0
2026-04-19 18:35:40,29.8,58.0,7.3,53.8,0.0,0.0,0.0
2026-04-19 18:35:45,29.5,58.2,4.5,53.8,0.0,0.0,0.0
2026-04-19 18:35:50,29.7,58.3,14.8,53.8,0.0,0.0,0.0
2026-04-19 18:35:55,29.8,58.3,22.0,53.8,0.0,0.0,0.0
2026-04-19 18:36:00,29.7,58.3,14.9,53.8,0.0,0.0,0.0
2026-04-19 18:36:05,29.8,58.3,11.1,53.8,0.0,0.0,0.0
2026-04-19 18:36:10,29.8,58.3,18.9,53.8,0.0,0.0,0.0
2026-04-19 18:36:15,29.8,58.3,27.4,53.8,0.0,0.0,0.0
2026-04-19 18:36:20,29.8,58.3,18.0,53.8,0.0,0.0,0.0
2026-04-19 18:36:25,29.8,58.4,10.0,53.9,0.0,0.0,0.0
2026-04-19 18:36:30,29.7,58.3,5.8,53.9,0.0,0.0,0.0
2026-04-19 18:36:35,29.7,58.4,17.6,53.8,0.0,0.0,0.0
2026-04-19 18:36:40,29.7,58.4,0.0,53.8,0.0,0.0,0.0
2026-04-19 18:36:45,29.8,58.4,5.9,53.8,0.0,0.0,0.0
2026-04-19 18:36:50,29.8,58.4,26.4,53.8,0.0,0.0,0.0
2026-04-19 18:36:55,29.8,58.6,5.0,53.8,0.0,0.0,0.0
2026-04-19 18:37:00,29.8,58.5,0.0,53.8,0.0,0.0,0.0
2026-04-19 18:37:05,29.8,58.5,5.3,53.8,0.0,0.0,0.0
2026-04-19 18:37:10,29.8,58.5,23.1,53.8,0.0,0.0,0.0
2026-04-19 18:37:15,29.7,58.5,20.2,53.8,0.0,0.0,0.0
2026-04-19 18:37:20,29.6,58.5,9.2,53.8,0.0,0.0,0.0
2026-04-19 18:37:25,29.8,58.5,10.3,53.8,0.0,0.0,0.0
2026-04-19 18:37:30,29.8,58.5,0.0,53.8,0.0,0.0,0.0
2026-04-19 18:37:35,29.8,58.5,2.6,53.8,0.0,0.0,0.0
2026-04-19 18:37:40,29.7,58.4,1.9,53.8,0.0,0.0,0.0
2026-04-19 18:37:45,29.8,58.4,36.4,53.8,0.0,0.0,0.0
2026-04-19 18:37:50,29.7,58.3,20.2,53.8,0.0,0.0,0.0
2026-04-19 18:37:55,29.9,58.3,28.0,53.8,0.0,0.0,0.0
2026-04-19 18:38:00,29.7,58.2,31.1,53.8,0.0,0.0,0.0
2026-04-19 18:38:05,29.7,58.2,24.4,53.8,0.0,0.0,0.0
2026-04-19 18:38:10,29.9,58.3,12.0,53.8,0.0,0.0,0.0
2026-04-19 18:38:15,29.7,58.3,9.0,53.8,0.0,0.0,0.0
2026-04-19 18:38:20,29.7,58.3,12.3,53.8,0.0,0.0,0.0
2026-04-19 18:38:25,29.8,58.3,6.1,53.8,0.0,0.0,0.0
2026-04-19 18:38:30,29.6,58.3,7.9,53.8,0.0,0.0,0.0
2026-04-19 18:38:35,29.8,58.2,18.9,53.8,0.0,0.0,0.0
2026-04-19 18:38:40,29.8,58.2,8.4,53.8,0.0,0.0,0.0
2026-04-19 18:38:45,29.7,58.1,13.2,53.8,0.0,0.0,0.0
2026-04-19 18:38:50,29.9,58.2,10.9,53.8,0.0,0.0,0.0
2026-04-19 18:38:55,29.9,58.3,13.8,53.8,0.0,0.0,0.0
2026-04-19 18:39:00,29.8,58.4,21.5,53.8,0.0,0.0,0.0
2026-04-19 18:39:05,29.7,58.4,20.2,53.8,0.0,0.0,0.0
2026-04-19 18:39:10,29.8,58.4,14.3,53.8,0.0,0.0,0.0
2026-04-19 18:39:15,29.7,58.5,6.2,53.8,0.0,0.0,0.0
2026-04-19 18:39:20,29.7,58.4,26.5,53.8,0.0,0.0,0.0
2026-04-19 18:39:25,29.8,58.5,26.1,53.8,0.0,0.0,0.0
2026-04-19 18:39:30,29.6,58.3,8.8,53.8,0.0,0.0,0.0
2026-04-19 18:39:35,29.7,58.3,18.9,53.8,0.0,0.0,0.0
2026-04-19 18:39:40,29.7,58.2,25.4,53.7,0.0,0.0,0.0
2026-04-19 18:39:45,29.6,58.2,4.6,53.7,0.0,0.0,0.0
2026-04-19 18:39:50,29.8,58.3,0.0,53.8,0.0,0.0,0.0
2026-04-19 18:39:55,29.7,58.2,10.6,53.8,0.0,0.0,0.0
2026-04-19 18:40:00,29.7,58.2,3.0,53.7,0.0,0.0,0.0
2026-04-19 18:40:05,29.6,58.2,30.8,53.7,0.0,0.0,0.0
2026-04-19 18:40:10,29.9,58.1,0.0,53.8,0.0,0.0,0.0
2026-04-19 18:40:15,29.7,58.1,11.9,53.8,0.0,0.0,0.0
2026-04-19 18:40:20,29.7,58.0,24.1,53.9,0.0,0.0,0.0
2026-04-19 18:40:25,29.8,58.0,18.3,53.9,0.0,0.0,0.0
2026-04-19 18:40:30,29.7,58.0,30.9,53.9,0.0,0.0,0.0
2026-04-19 18:40:35,29.7,58.2,0.0,53.9,0.0,0.0,0.0
2026-04-19 18:40:40,29.8,58.1,13.8,53.9,0.0,0.0,0.0
2026-04-19 18:40:45,29.9,58.0,10.7,53.9,0.0,0.0,0.0
2026-04-19 18:40:50,29.7,58.0,7.6,53.9,0.0,0.0,0.0
2026-04-19 18:40:55,29.8,58.0,35.4,53.9,0.0,0.0,0.0
2026-04-19 18:41:00,29.8,58.1,7.3,53.9,0.0,0.0,0.0
2026-04-19 18:41:05,29.6,58.0,28.9,53.9,0.0,0.0,0.0
2026-04-19 18:41:10,29.7,58.0,9.4,53.9,0.0,0.0,0.0
2026-04-19 18:41:15,29.8,58.0,25.0,53.9,0.0,0.0,0.0
2026-04-19 18:41:20,29.8,57.9,17.7,53.9,0.0,0.0,0.0
2026-04-19 18:41:25,29.7,57.9,17.4,53.9,0.0,0.0,0.0
2026-04-19 18:41:30,29.7,58.0,20.9,53.9,0.0,0.0,0.0
2026-04-19 18:41:35,29.8,58.0,19.2,53.8,0.0,0.0,0.0
2026-04-19 18:41:40,29.7,58.0,14.6,53.8,0.0,0.0,0.0
2026-04-19 18:41:45,29.8,58.1,21.5,53.9,0.0,0.0,0.0
2026-04-19 18:41:50,29.6,58.3,20.0,53.9,0.0,0.0,0.0
2026-04-19 18:41:55,29.8,58.2,1.3,53.9,0.0,0.0,0.0
2026-04-19 18:42:00,29.6,58.3,20.5,53.8,0.0,0.0,0.0
2026-04-19 18:42:05,29.7,58.4,0.0,53.8,0.0,0.0,0.0
2026-04-19 18:42:10,29.7,58.4,7.5,53.9,0.0,0.0,0.0
2026-04-19 18:42:15,29.8,58.3,13.5,53.9,0.0,0.0,0.0
2026-04-19 18:42:20,29.6,58.1,9.6,53.8,0.0,0.0,0.0
2026-04-19 18:42:25,29.7,58.2,17.6,53.8,0.0,0.0,0.0
2026-04-19 18:42:30,29.7,58.3,6.0,53.9,0.0,0.0,0.0
2026-04-19 18:42:35,29.8,58.2,0.0,53.9,0.0,0.0,0.0
2026-04-19 18:42:40,29.7,58.2,31.5,53.9,0.0,0.0,0.0
2026-04-19 18:42:45,29.8,58.1,12.7,53.9,0.0,0.0,0.0
2026-04-19 18:42:50,29.8,58.1,14.7,53.9,0.0,0.0,0.0
2026-04-19 18:42:55,29.7,58.1,14.3,53.9,0.0,0.0,0.0
2026-04-19 18:43:00,29.9,58.0,18.1,53.9,0.0,0.0,0.0
2026-04-19 18:43:05,29.7,58.0,15.2,53.9,0.0,0.0,0.0
2026-04-19 18:43:10,29.8,58.0,19.9,53.9,0.0,0.0,0.0
2026-04-19 18:43:15,29.7,58.0,5.7,53.9,0.0,0.0,0.0
2026-04-19 18:43:20,29.8,57.9,21.4,53.9,0.0,0.0,0.0
2026-04-19 18:43:25,29.8,57.9,14.7,53.9,0.0,0.0,0.0
2026-04-19 18:43:30,29.8,57.9,11.3,53.9,0.0,0.0,0.0
2026-04-19 18:43:35,29.7,57.7,11.9,53.9,0.0,0.0,0.0
2026-04-19 18:43:40,29.6,57.7,33.4,53.9,0.0,0.0,0.0
2026-04-19 18:43:45,29.8,57.5,10.9,53.9,0.0,0.0,0.0
2026-04-19 18:43:50,29.8,57.6,25.8,53.9,0.0,0.0,0.0
2026-04-19 18:43:55,29.8,57.5,21.2,53.9,0.0,0.0,0.0
2026-04-19 18:44:00,29.7,57.5,23.8,53.9,0.0,0.0,0.0
2026-04-19 18:44:05,29.8,57.3,3.2,53.9,0.0,0.0,0.0
2026-04-19 18:44:10,29.7,57.3,26.5,53.9,0.0,0.0,0.0
2026-04-19 18:44:15,29.9,57.4,15.3,53.9,0.0,0.0,0.0
2026-04-19 18:44:20,29.6,57.4,16.7,53.8,0.0,0.0,0.0
2026-04-19 18:44:25,29.7,57.5,8.7,53.8,0.0,0.0,0.0
2026-04-19 18:44:30,29.7,57.6,15.2,53.9,0.0,0.0,0.0
2026-04-19 18:44:35,29.6,57.6,4.3,53.9,0.0,0.0,0.0
2026-04-19 18:44:40,29.7,57.8,15.0,53.9,0.0,0.0,0.0
2026-04-19 18:44:45,29.8,57.7,21.3,53.9,0.0,0.0,0.0
2026-04-19 18:44:50,29.7,57.7,20.1,53.9,0.0,0.0,0.0
2026-04-19 18:44:55,29.8,57.8,24.5,53.9,0.0,0.0,0.0
2026-04-19 18:45:00,29.7,57.7,20.5,53.9,0.0,0.0,0.0
2026-04-19 18:45:05,29.8,57.8,23.5,53.9,0.0,0.0,0.0
2026-04-19 18:45:10,29.8,57.7,15.0,53.9,0.0,0.0,0.0
2026-04-19 18:45:15,29.7,57.7,16.3,53.9,0.0,0.0,0.0
2026-04-19 18:45:20,29.7,57.6,28.3,53.9,0.0,0.0,0.0
2026-04-19 18:45:25,29.8,57.7,21.2,53.9,0.0,0.0,0.0
2026-04-19 18:45:30,29.7,57.7,29.7,53.9,0.0,0.0,0.0
2026-04-19 18:45:35,29.8,57.7,29.8,53.9,0.0,0.0,0.0
2026-04-19 18:45:40,29.6,57.7,31.4,53.9,0.0,0.0,0.0
2026-04-19 18:45:45,29.8,57.7,8.1,53.9,0.0,0.0,0.0
2026-04-19 18:45:50,29.8,57.7,14.5,53.8,0.0,0.0,0.0
2026-04-19 18:45:55,29.6,57.6,22.3,53.8,0.0,0.0,0.0
2026-04-19 18:46:00,29.8,57.8,17.5,53.8,0.0,0.0,0.0
2026-04-19 18:46:05,29.7,57.7,18.6,53.8,0.0,0.0,0.0
2026-04-19 18:46:10,29.7,57.7,22.1,53.8,0.0,0.0,0.0
2026-04-19 18:46:15,29.6,57.6,18.6,53.8,0.0,0.0,0.0
2026-04-19 18:46:20,29.8,57.8,19.4,53.8,0.0,0.0,0.0
2026-04-19 18:46:25,29.7,57.8,1.8,53.8,0.0,0.0,0.0
2026-04-19 18:46:30,29.6,57.8,16.5,53.9,0.0,0.0,0.0
2026-04-19 18:46:35,29.7,57.9,13.1,53.9,0.0,0.0,0.0
2026-04-19 18:46:40,29.7,58.0,11.4,53.9,0.0,0.0,0.0
2026-04-19 18:46:45,29.7,57.9,21.8,53.9,0.0,0.0,0.0
2026-04-19 18:46:50,29.8,57.9,18.5,53.9,0.0,0.0,0.0
2026-04-19 18:46:55,29.7,58.0,6.0,53.9,0.0,0.0,0.0
2026-04-19 18:47:00,29.7,58.2,15.4,53.9,0.0,0.0,0.0
2026-04-19 18:47:05,29.7,58.2,0.1,53.9,0.0,0.0,0.0
2026-04-19 18:47:10,29.6,58.1,6.0,53.9,0.0,0.0,0.0
2026-04-19 18:47:15,29.7,58.2,0.0,53.8,0.0,0.0,0.0
2026-04-19 18:47:20,29.6,58.1,27.1,53.8,0.0,0.0,0.0
2026-04-19 18:47:25,29.6,58.1,2.8,53.8,0.0,0.0,0.0
2026-04-19 18:47:30,29.7,58.2,2.9,53.9,0.0,0.0,0.0
2026-04-19 18:47:35,29.7,58.2,26.8,53.9,0.0,0.0,0.0
2026-04-19 18:47:40,29.8,58.2,18.6,53.9,0.0,0.0,0.0
2026-04-19 18:47:45,29.7,58.3,32.1,53.9,0.0,0.0,0.0
2026-04-19 18:47:50,29.6,58.2,25.6,53.8,0.0,0.0,0.0
2026-04-19 18:47:55,29.7,58.3,10.0,53.8,0.0,0.0,0.0
2026-04-19 18:48:00,29.8,58.4,16.5,53.8,0.0,0.0,0.0
2026-04-19 18:48:05,29.7,58.3,0.0,53.8,0.0,0.0,0.0
2026-04-19 18:48:10,29.7,58.3,9.4,53.8,0.0,0.0,0.0
2026-04-19 18:48:15,29.6,58.3,5.9,53.8,0.0,0.0,0.0
2026-04-19 18:48:20,29.7,58.4,0.4,53.8,0.0,0.0,0.0
2026-04-19 18:48:25,29.8,58.2,31.6,53.8,0.0,0.0,0.0
2026-04-19 18:48:30,29.6,58.3,0.0,53.8,0.0,0.0,0.0
2026-04-19 18:48:35,29.6,58.3,16.8,53.8,0.0,0.0,0.0
2026-04-19 18:48:40,29.6,58.3,6.4,53.9,0.0,0.0,0.0
2026-04-19 18:48:45,29.6,58.4,27.0,53.9,0.0,0.0,0.0
2026-04-19 18:48:50,29.9,58.4,9.1,53.9,0.0,0.0,0.0
2026-04-19 18:48:55,29.7,58.4,13.4,53.9,0.0,0.0,0.0
2026-04-19 18:49:00,29.6,58.4,10.4,53.9,0.0,0.0,0.0
2026-04-19 18:49:05,29.8,58.4,21.2,53.9,0.0,0.0,0.0
2026-04-19 18:49:10,29.8,58.4,22.3,53.9,0.0,0.0,0.0
2026-04-19 18:49:15,29.9,58.4,24.0,53.9,0.0,0.0,0.0
2026-04-19 18:49:20,29.8,58.3,1.4,53.9,0.0,0.0,0.0
2026-04-19 18:49:25,29.7,58.4,9.7,53.9,0.0,0.0,0.0
2026-04-19 18:49:30,29.6,58.2,17.2,53.9,0.0,0.0,0.0
2026-04-19 18:49:35,29.8,58.3,15.6,53.9,0.0,0.0,0.0
2026-04-19 18:49:40,29.9,58.3,0.0,53.9,0.0,0.0,0.0
2026-04-19 18:49:45,29.8,58.3,29.5,53.8,0.0,0.0,0.0
2026-04-19 18:49:50,29.7,58.4,1.3,53.8,0.0,0.0,0.0
2026-04-19 18:49:55,29.8,58.3,4.6,53.7,0.0,0.0,0.0
2026-04-19 18:50:00,29.7,58.3,3.8,53.7,0.0,0.0,0.0
2026-04-19 18:50:05,29.9,58.2,25.8,53.7,0.0,0.0,0.0
2026-04-19 18:50:10,29.6,58.1,4.3,53.8,0.0,0.0,0.0
2026-04-19 18:50:15,29.7,58.1,24.3,53.8,0.0,0.0,0.0
2026-04-19 18:50:20,29.8,58.1,12.4,53.8,0.0,0.0,0.0
2026-04-19 18:50:25,29.6,58.2,24.0,53.7,0.0,0.0,0.0
2026-04-19 18:50:30,29.7,58.3,18.2,53.7,0.0,0.0,0.0
2026-04-19 18:50:35,29.8,58.3,22.6,53.7,0.0,0.0,0.0
2026-04-19 18:50:40,29.9,58.4,7.1,53.7,0.0,0.0,0.0
2026-04-19 18:50:45,29.7,58.4,12.1,53.7,0.0,0.0,0.0
2026-04-19 18:50:50,29.8,58.2,22.3,53.7,0.0,0.0,0.0
2026-04-19 18:50:55,29.8,58.1,9.3,53.7,0.0,0.0,0.0
2026-04-19 18:51:00,29.7,58.0,0.0,53.7,0.0,0.0,0.0
2026-04-19 18:51:05,29.6,58.2,26.1,53.7,0.0,0.0,0.0
2026-04-19 18:51:10,29.8,58.2,27.5,53.7,0.0,0.0,0.0
2026-04-19 18:51:15,29.8,58.2,38.6,53.7,0.0,0.0,0.0
2026-04-19 18:51:20,29.9,58.2,22.5,53.8,0.0,0.0,0.0
2026-04-19 18:51:25,29.7,58.2,12.9,53.8,0.0,0.0,0.0
2026-04-19 18:51:30,29.8,58.1,12.8,53.8,0.0,0.0,0.0
2026-04-19 18:51:35,29.7,58.2,13.6,53.8,0.0,0.0,0.0
2026-04-19 18:51:40,29.8,58.2,9.0,53.8,0.0,0.0,0.0
2026-04-19 18:51:45,29.7,58.3,5.8,53.8,0.0,0.0,0.0
2026-04-19 18:51:50,29.7,58.1,29.0,53.8,0.0,0.0,0.0
2026-04-19 18:51:55,29.6,58.0,6.2,53.8,0.0,0.0,0.0
2026-04-19 18:52:00,29.8,57.9,15.4,53.8,0.0,0.0,0.0
2026-04-19 18:52:05,29.7,57.9,0.0,53.7,0.0,0.0,0.0
2026-04-19 18:52:10,29.8,58.0,17.7,53.7,0.0,0.0,0.0
2026-04-19 18:52:15,29.8,58.0,35.4,53.7,0.0,0.0,0.0
2026-04-19 18:52:20,29.7,58.1,0.8,53.7,0.0,0.0,0.0
2026-04-19 18:52:25,29.8,58.2,14.1,53.7,0.0,0.0,0.0
2026-04-19 18:52:30,29.8,58.2,5.8,53.7,0.0,0.0,0.0
2026-04-19 18:52:35,29.8,58.2,20.8,53.7,0.0,0.0,0.0
2026-04-19 18:52:40,29.7,58.2,14.9,53.8,0.0,0.0,0.0
2026-04-19 18:52:45,29.7,58.2,0.0,53.8,0.0,0.0,0.0
2026-04-19 18:52:50,29.7,58.2,35.8,53.8,0.0,0.0,0.0
2026-04-19 18:52:55,29.7,58.2,12.8,53.8,0.0,0.0,0.0
2026-04-19 18:53:00,29.7,58.2,17.2,53.8,0.0,0.0,0.0
2026-04-19 18:53:05,29.7,58.3,13.4,53.7,0.0,0.0,0.0
2026-04-19 18:53:10,29.7,58.2,22.3,53.7,0.0,0.0,0.0
2026-04-19 18:53:15,29.8,58.1,18.0,53.7,0.0,0.0,0.0
2026-04-19 18:53:20,29.7,58.2,16.3,53.7,0.0,0.0,0.0
2026-04-19 18:53:25,29.7,58.2,21.6,53.7,0.0,0.0,0.0
2026-04-19 18:53:30,29.7,58.1,6.6,53.7,0.0,0.0,0.0
2026-04-19 18:53:35,29.6,58.2,28.5,53.7,0.0,0.0,0.0
2026-04-19 18:53:40,29.7,58.3,13.7,53.7,0.0,0.0,0.0
2026-04-19 18:53:45,29.8,58.2,1.3,53.7,0.0,0.0,0.0
2026-04-19 18:53:50,29.8,58.2,21.4,53.7,0.0,0.0,0.0
2026-04-19 18:53:55,29.6,58.2,18.9,53.7,0.0,0.0,0.0
2026-04-19 18:54:00,29.8,58.2,5.6,53.7,0.0,0.0,0.0
2026-04-19 18:54:05,29.8,58.3,16.4,53.7,0.0,0.0,0.0
2026-04-19 18:54:10,29.7,58.3,1.8,53.7,0.0,0.0,0.0
2026-04-19 18:54:15,29.7,58.3,10.5,53.7,0.0,0.0,0.0
2026-04-19 18:54:20,29.8,58.2,13.4,53.7,0.0,0.0,0.0
2026-04-19 18:54:25,29.7,58.3,22.3,53.7,0.0,0.0,0.0
2026-04-19 18:54:30,29.8,58.2,5.0,53.7,0.0,0.0,0.0
2026-04-19 18:54:35,29.6,58.1,22.8,53.7,0.0,0.0,0.0
2026-04-19 18:54:40,29.7,58.1,0.5,53.8,0.0,0.0,0.0
2026-04-19 18:54:45,29.8,58.2,15.7,53.8,0.0,0.0,0.0
2026-04-19 18:54:50,29.8,58.3,0.0,53.8,0.0,0.0,0.0
2026-04-19 18:54:55,29.8,58.4,15.9,53.8,0.0,0.0,0.0
2026-04-19 18:55:00,29.7,58.3,9.0,53.8,0.0,0.0,0.0
2026-04-19 18:55:05,29.7,58.3,8.2,53.8,0.0,0.0,0.0
2026-04-19 18:55:10,29.6,58.4,22.8,53.7,0.0,0.0,0.0
2026-04-19 18:55:15,29.5,58.4,19.4,53.7,0.0,0.0,0.0
2026-04-19 18:55:20,29.9,58.4,0.8,53.7,0.0,0.0,0.0
2026-04-19 18:55:25,29.7,58.4,6.8,53.7,0.0,0.0,0.0
2026-04-19 18:55:30,29.6,58.4,18.2,53.7,0.0,0.0,0.0
2026-04-19 18:55:35,29.8,58.4,3.9,53.7,0.0,0.0,0.0
2026-04-19 18:55:40,29.8,58.4,17.5,53.7,0.0,0.0,0.0
2026-04-19 18:55:45,29.8,58.3,19.0,53.7,0.0,0.0,0.0
2026-04-19 18:55:50,29.8,58.4,6.3,53.7,0.0,0.0,0.0
2026-04-19 18:55:55,29.6,58.5,22.6,53.7,0.0,0.0,0.0
2026-04-19 18:56:00,29.8,58.5,23.2,53.7,0.0,0.0,0.0
2026-04-19 18:56:05,29.7,58.5,0.0,53.7,0.0,0.0,0.0
2026-04-19 18:56:10,29.7,58.4,16.2,53.7,0.0,0.0,0.0
2026-04-19 18:56:15,29.9,58.3,15.1,53.7,0.0,0.0,0.0
2026-04-19 18:56:20,29.7,58.4,18.4,53.8,0.0,0.0,0.0
2026-04-19 18:56:25,29.6,58.2,15.2,53.8,0.0,0.0,0.0
2026-04-19 18:56:30,29.8,58.2,16.1,53.8,0.0,0.0,0.0
2026-04-19 18:56:35,29.7,58.1,2.0,53.9,0.0,0.0,0.0
2026-04-19 18:56:40,29.7,58.1,6.4,53.9,0.0,0.0,0.0
2026-04-19 18:56:45,29.7,58.0,21.6,53.9,0.0,0.0,0.0
2026-04-19 18:56:50,29.7,58.0,22.4,53.9,0.0,0.0,0.0
2026-04-19 18:56:55,29.8,58.0,6.4,53.9,0.0,0.0,0.0
2026-04-19 18:57:00,29.6,58.1,12.5,53.9,0.0,0.0,0.0
2026-04-19 18:57:05,29.7,58.0,24.8,53.9,0.0,0.0,0.0
2026-04-19 18:57:10,29.8,58.1,14.3,53.9,0.0,0.0,0.0
2026-04-19 18:57:15,29.8,58.2,16.8,53.9,0.0,0.0,0.0
2026-04-19 18:57:20,29.6,58.2,0.0,53.9,0.0,0.0,0.0
2026-04-19 18:57:25,29.8,58.2,19.0,53.9,0.0,0.0,0.0
2026-04-19 18:57:30,29.5,58.3,18.4,53.9,0.0,0.0,0.0
2026-04-19 18:57:35,29.7,58.2,7.3,53.9,0.0,0.0,0.0
2026-04-19 18:57:40,29.7,58.2,23.7,53.9,0.0,0.0,0.0
2026-04-19 18:57:45,29.7,58.2,17.1,53.9,0.0,0.0,0.0
2026-04-19 18:57:50,29.8,58.2,13.2,53.8,0.0,0.0,0.0
2026-04-19 18:57:55,29.8,58.4,9.8,53.8,0.0,0.0,0.0
2026-04-19 18:58:00,29.7,58.5,4.7,53.8,0.0,0.0,0.0
2026-04-19 18:58:05,29.6,58.4,29.1,53.8,0.0,0.0,0.0
2026-04-19 18:58:10,29.7,58.5,12.3,53.8,0.0,0.0,0.0
2026-04-19 18:58:15,29.7,58.3,28.2,53.8,0.0,0.0,0.0
2026-04-19 18:58:20,29.6,58.4,0.0,53.8,0.0,0.0,0.0
2026-04-19 18:58:25,29.7,58.2,7.3,53.8,0.0,0.0,0.0
2026-04-19 18:58:30,29.7,58.4,25.6,53.8,0.0,0.0,0.0
2026-04-19 18:58:35,29.8,58.4,18.1,53.8,0.0,0.0,0.0
2026-04-19 18:58:40,29.8,58.4,26.8,53.9,0.0,0.0,0.0
2026-04-19 18:58:45,29.7,58.4,20.2,53.9,0.0,0.0,0.0
2026-04-19 18:58:50,29.7,58.4,7.5,53.8,0.0,0.0,0.0
2026-04-19 18:58:55,29.8,58.3,11.7,53.8,0.0,0.0,0.0
2026-04-19 18:59:00,29.8,58.3,19.0,53.8,0.0,0.0,0.0
2026-04-19 18:59:05,29.8,58.3,16.0,53.8,0.0,0.0,0.0
2026-04-19 18:59:10,29.7,58.3,15.1,53.8,0.0,0.0,0.0
2026-04-19 18:59:15,29.7,58.4,21.5,53.8,0.0,0.0,0.0
2026-04-19 18:59:20,29.8,58.3,0.9,53.8,0.0,0.0,0.0
2026-04-19 18:59:25,29.7,58.1,32.1,53.8,0.0,0.0,0.0
2026-04-19 18:59:30,29.7,58.0,15.4,53.8,0.0,0.0,0.0
2026-04-19 18:59:35,29.7,57.8,0.6,53.8,0.0,0.0,0.0
2026-04-19 18:59:40,29.7,57.8,14.0,53.8,0.0,0.0,0.0
2026-04-19 18:59:45,29.8,57.8,16.0,53.8,0.0,0.0,0.0
2026-04-19 18:59:50,29.8,57.6,15.1,53.8,0.0,0.0,0.0
2026-04-19 18:59:55,29.7,57.6,25.5,53.8,0.0,0.0,0.0
2026-04-19 19:00:00,29.8,57.7,19.5,53.8,0.0,0.0,0.0
2026-04-19 19:00:05,29.6,57.7,23.7,53.8,0.0,0.0,0.0
2026-04-19 19:00:10,29.7,57.9,35.4,53.8,0.0,0.0,0.0
2026-04-19 19:00:15,29.7,57.9,39.6,53.8,0.0,0.0,0.0
2026-04-19 19:00:20,29.6,58.1,29.3,53.8,0.0,0.0,0.0
2026-04-19 19:00:25,29.7,57.9,25.2,53.9,0.0,0.0,0.0
2026-04-19 19:00:30,29.8,58.0,0.0,53.9,0.0,0.0,0.0
2026-04-19 19:00:35,29.8,58.2,17.9,53.8,0.0,0.0,0.0
2026-04-19 19:00:40,29.7,58.3,24.8,53.8,0.0,0.0,0.0
2026-04-19 19:00:45,29.7,58.2,9.1,53.8,0.0,0.0,0.0
2026-04-19 19:00:50,29.7,58.2,26.4,53.9,0.0,0.0,0.0
2026-04-19 19:00:55,29.7,58.2,16.0,53.9,0.0,0.0,0.0
2026-04-19 19:01:00,29.7,58.2,16.8,53.8,0.0,0.0,0.0
2026-04-19 19:01:05,29.9,58.1,11.4,53.8,0.0,0.0,0.0
2026-04-19 19:01:10,29.6,58.1,11.6,53.8,0.0,0.0,0.0
2026-04-19 19:01:15,29.7,58.2,11.4,53.8,0.0,0.0,0.0
2026-04-19 19:01:20,29.8,58.2,12.5,53.8,0.0,0.0,0.0
2026-04-19 19:01:25,29.8,58.2,2.9,53.8,0.0,0.0,0.0
2026-04-19 19:01:30,29.9,58.2,25.1,53.8,0.0,0.0,0.0
2026-04-19 19:01:35,29.8,58.2,0.8,53.8,0.0,0.0,0.0
2026-04-19 19:01:40,29.9,58.2,21.6,53.8,0.0,0.0,0.0
2026-04-19 19:01:45,29.7,58.1,26.9,53.8,0.0,0.0,0.0
2026-04-19 19:01:50,29.8,58.2,0.0,53.8,0.0,0.0,0.0
2026-04-19 19:01:55,29.9,58.1,1.2,53.8,0.0,0.0,0.0
2026-04-19 19:02:00,29.8,58.2,29.8,53.8,0.0,0.0,0.0
2026-04-19 19:02:05,29.9,58.1,20.2,53.8,0.0,0.0,0.0
2026-04-19 19:02:10,29.9,58.0,20.4,53.8,0.0,0.0,0.0
2026-04-19 19:02:15,29.7,58.1,6.0,53.8,0.0,0.0,0.0
2026-04-19 19:02:20,29.8,58.0,7.6,53.8,0.0,0.0,0.0
2026-04-19 19:02:25,29.8,57.9,17.8,53.8,0.0,0.0,0.0
2026-04-19 19:02:30,29.8,57.9,11.0,53.8,0.0,0.0,0.0
2026-04-19 19:02:35,29.8,57.9,0.0,53.8,0.0,0.0,0.0
2026-04-19 19:02:40,29.9,58.0,12.6,53.8,0.0,0.0,0.0
2026-04-19 19:02:45,29.8,57.9,8.4,53.8,0.0,0.0,0.0
2026-04-19 19:02:50,29.5,58.0,26.8,53.8,0.0,0.0,0.0
2026-04-19 19:02:55,29.7,58.0,31.7,53.8,0.0,0.0,0.0
2026-04-19 19:03:00,29.7,58.0,1.9,53.8,0.0,0.0,0.0
2026-04-19 19:03:05,29.7,58.1,18.3,53.8,0.0,0.0,0.0
2026-04-19 19:03:10,29.8,58.0,20.6,53.8,0.0,0.0,0.0
2026-04-19 19:03:15,29.8,58.1,16.1,53.8,0.0,0.0,0.0
2026-04-19 19:03:20,29.7,58.1,12.5,53.8,0.0,0.0,0.0
2026-04-19 19:03:25,29.7,58.1,0.0,53.8,0.0,0.0,0.0
2026-04-19 19:03:30,29.9,58.1,17.0,53.8,0.0,0.0,0.0
2026-04-19 19:03:35,29.8,58.1,12.1,53.8,0.0,0.0,0.0
2026-04-19 19:03:40,29.8,58.0,0.0,53.8,0.0,0.0,0.0
2026-04-19 19:03:45,29.7,58.0,21.2,53.9,0.0,0.0,0.0
2026-04-19 19:03:50,29.7,58.1,14.6,53.9,0.0,0.0,0.0
2026-04-19 19:03:55,29.7,58.1,25.8,53.9,0.0,0.0,0.0
2026-04-19 19:04:00,29.8,58.2,31.0,53.9,0.0,0.0,0.0
2026-04-19 19:04:05,29.7,58.3,10.6,53.9,0.0,0.0,0.0
2026-04-19 19:04:10,29.7,58.4,13.4,53.9,0.0,0.0,0.0
2026-04-19 19:04:15,29.7,58.2,21.5,53.9,0.0,0.0,0.0
2026-04-19 19:04:20,29.7,58.3,20.7,53.9,0.0,0.0,0.0
2026-04-19 19:04:25,29.8,58.3,0.0,53.9,0.0,0.0,0.0
2026-04-19 19:04:30,29.7,58.3,28.5,53.9,0.0,0.0,0.0
2026-04-19 19:04:35,29.6,58.3,23.3,53.9,0.0,0.0,0.0
2026-04-19 19:04:40,29.8,58.2,29.0,53.9,0.0,0.0,0.0
2026-04-19 19:04:45,29.7,58.1,6.8,53.9,0.0,0.0,0.0
2026-04-19 19:04:50,29.8,58.2,22.3,53.9,0.0,0.0,0.0
2026-04-19 19:04:55,29.6,58.3,18.1,53.9,0.0,0.0,0.0
2026-04-19 19:05:00,29.6,58.1,24.0,53.9,0.0,0.0,0.0
2026-04-19 19:05:05,29.6,58.1,19.6,53.9,0.0,0.0,0.0
2026-04-19 19:05:10,29.6,58.0,8.3,53.9,0.0,0.0,0.0
2026-04-19 19:05:15,29.7,58.0,1.0,53.9,0.0,0.0,0.0
2026-04-19 19:05:20,29.8,57.9,21.2,53.9,0.0,0.0,0.0
2026-04-19 19:05:25,29.6,58.0,41.0,53.9,0.0,0.0,0.0
2026-04-19 19:05:30,29.6,58.0,4.8,53.9,0.0,0.0,0.0
2026-04-19 19:05:35,29.8,58.1,11.4,53.9,0.0,0.0,0.0
2026-04-19 19:05:40,29.5,58.1,20.7,53.9,0.0,0.0,0.0
2026-04-19 19:05:45,29.7,58.2,14.8,53.9,0.0,0.0,0.0
2026-04-19 19:05:50,29.7,58.2,0.9,53.9,0.0,0.0,0.0
2026-04-19 19:05:55,29.7,58.2,19.5,53.9,0.0,0.0,0.0
2026-04-19 19:06:00,29.8,58.2,4.1,53.9,0.0,0.0,0.0
2026-04-19 19:06:05,29.7,58.0,14.3,53.9,0.0,0.0,0.0
2026-04-19 19:06:10,29.7,57.9,27.7,53.9,0.0,0.0,0.0
2026-04-19 19:06:15,29.8,57.9,36.4,53.9,0.0,0.0,0.0
2026-04-19 19:06:20,29.7,57.9,9.8,53.9,0.0,0.0,0.0
2026-04-19 19:06:25,29.7,58.1,23.5,53.9,0.0,0.0,0.0
2026-04-19 19:06:30,29.8,58.0,31.3,53.9,0.0,0.0,0.0
2026-04-19 19:06:35,29.7,57.9,0.0,53.9,0.0,0.0,0.0
2026-04-19 19:06:40,29.8,57.8,8.6,53.9,0.0,0.0,0.0
2026-04-19 19:06:45,29.7,57.7,20.9,53.9,0.0,0.0,0.0
2026-04-19 19:06:50,29.8,57.6,33.9,53.9,0.0,0.0,0.0
2026-04-19 19:06:55,29.8,57.6,27.5,53.9,0.0,0.0,0.0
2026-04-19 19:07:00,29.8,57.6,25.3,53.9,0.0,0.0,0.0
2026-04-19 19:07:05,29.8,57.6,14.5,53.9,0.0,0.0,0.0
2026-04-19 19:07:10,29.7,57.6,6.8,53.9,0.0,0.0,0.0
2026-04-19 19:07:15,29.8,57.5,7.2,53.9,0.0,0.0,0.0
2026-04-19 19:07:20,29.7,57.4,15.9,53.9,0.0,0.0,0.0
2026-04-19 19:07:25,29.6,57.5,12.2,53.9,0.0,0.0,0.0
2026-04-19 19:07:30,29.9,57.6,14.0,53.9,0.0,0.0,0.0
2026-04-19 19:07:35,29.7,57.5,5.4,53.9,0.0,0.0,0.0
2026-04-19 19:07:40,29.9,57.7,26.3,53.9,0.0,0.0,0.0
2026-04-19 19:07:45,29.8,57.6,14.5,53.9,0.0,0.0,0.0
2026-04-19 19:07:50,29.7,57.6,9.4,53.9,0.0,0.0,0.0
2026-04-19 19:07:55,29.7,57.5,18.8,53.9,0.0,0.0,0.0
2026-04-19 19:08:00,29.8,57.4,15.5,53.9,0.0,0.0,0.0
2026-04-19 19:08:05,29.8,57.4,14.1,53.9,0.0,0.0,0.0
2026-04-19 19:08:10,29.6,57.3,20.7,53.9,0.0,0.0,0.0
2026-04-19 19:08:15,29.7,57.4,11.9,53.9,0.0,0.0,0.0
2026-04-19 19:08:20,29.8,57.4,15.9,53.9,0.0,0.0,0.0
2026-04-19 19:08:25,29.8,57.4,0.0,53.9,0.0,0.0,0.0
2026-04-19 19:08:30,29.8,57.3,14.1,53.9,0.0,0.0,0.0
2026-04-19 19:08:35,29.8,57.4,23.0,53.9,0.0,0.0,0.0
2026-04-19 19:08:40,29.8,57.4,20.0,53.9,0.0,0.0,0.0
2026-04-19 19:08:45,29.9,57.3,1.1,53.9,0.0,0.0,0.0
2026-04-19 19:08:50,29.8,57.2,21.7,53.9,0.0,0.0,0.0
2026-04-19 19:08:55,29.8,57.3,15.0,53.9,0.0,0.0,0.0
2026-04-19 19:09:00,29.8,57.3,8.4,53.9,0.0,0.0,0.0
2026-04-19 19:09:05,29.7,57.4,0.0,53.9,0.0,0.0,0.0
2026-04-19 19:09:10,29.9,57.5,18.2,53.9,0.0,0.0,0.0
2026-04-19 19:09:15,29.7,57.6,0.0,53.9,0.0,0.0,0.0
2026-04-19 19:09:20,29.9,57.6,6.9,53.9,0.0,0.0,0.0
2026-04-19 19:09:25,29.8,57.4,26.3,53.9,0.0,0.0,0.0
2026-04-19 19:09:30,29.8,57.4,34.3,53.9,0.0,0.0,0.0
2026-04-19 19:09:35,29.9,57.5,15.4,53.9,0.0,0.0,0.0
2026-04-19 19:09:40,29.7,57.5,18.9,53.9,0.0,0.0,0.0
2026-04-19 19:09:45,29.8,57.5,19.1,53.9,0.0,0.0,0.0
2026-04-19 19:09:50,29.6,57.5,16.0,53.9,0.0,0.0,0.0
2026-04-19 19:09:55,29.8,57.6,18.9,53.9,0.0,0.0,0.0
2026-04-19 19:10:00,29.8,57.5,0.6,53.9,0.0,0.0,0.0
2026-04-19 19:10:05,29.9,57.7,23.1,53.9,0.0,0.0,0.0
2026-04-19 19:10:10,29.8,57.6,22.4,53.9,0.0,0.0,0.0
2026-04-19 19:10:15,29.8,57.5,37.5,53.9,0.0,0.0,0.0
2026-04-19 19:10:20,29.9,57.5,0.0,53.8,0.0,0.0,0.0
2026-04-19 19:10:25,29.7,57.4,24.6,53.8,0.0,0.0,0.0
2026-04-19 19:10:30,29.8,57.5,15.8,53.8,0.0,0.0,0.0
2026-04-19 19:10:35,29.7,57.6,0.0,53.8,0.0,0.0,0.0
2026-04-19 19:10:40,29.7,57.7,29.8,53.8,0.0,0.0,0.0
2026-04-19 19:10:45,29.7,57.7,8.9,53.8,0.0,0.0,0.0
2026-04-19 19:10:50,29.9,57.7,17.0,53.8,0.0,0.0,0.0
2026-04-19 19:10:55,29.8,57.7,14.7,53.8,0.0,0.0,0.0
2026-04-19 19:11:00,29.7,57.6,6.8,53.8,0.0,0.0,0.0
2026-04-19 19:11:05,29.8,57.6,0.0,53.8,0.0,0.0,0.0
2026-04-19 19:11:10,29.8,57.6,7.0,53.8,0.0,0.0,0.0
2026-04-19 19:11:15,29.7,57.7,34.7,53.8,0.0,0.0,0.0
2026-04-19 19:11:20,29.7,57.6,10.8,53.8,0.0,0.0,0.0
2026-04-19 19:11:25,29.9,57.6,14.5,53.8,0.0,0.0,0.0
2026-04-19 19:11:30,29.8,57.7,2.9,53.8,0.0,0.0,0.0
2026-04-19 19:11:35,29.7,57.6,4.1,53.8,0.0,0.0,0.0
2026-04-19 19:11:40,29.8,57.5,11.2,53.8,0.0,0.0,0.0
2026-04-19 19:11:45,29.6,57.6,19.0,53.8,0.0,0.0,0.0
2026-04-19 19:11:50,29.7,57.7,16.7,53.8,0.0,0.0,0.0
2026-04-19 19:11:55,29.8,57.6,4.8,53.8,0.0,0.0,0.0
2026-04-19 19:12:00,29.8,57.6,35.0,53.8,0.0,0.0,0.0
2026-04-19 19:12:05,29.8,57.5,27.1,53.8,0.0,0.0,0.0
2026-04-19 19:12:10,29.8,57.5,17.3,53.8,0.0,0.0,0.0
2026-04-19 19:12:15,29.7,57.6,0.7,53.8,0.0,0.0,0.0
2026-04-19 19:12:20,29.8,57.7,32.1,53.8,0.0,0.0,0.0
2026-04-19 19:12:25,29.7,57.6,9.2,53.8,0.0,0.0,0.0
2026-04-19 19:12:30,29.8,57.7,28.6,53.8,0.0,0.0,0.0
2026-04-19 19:12:35,29.7,57.7,20.5,53.8,0.0,0.0,0.0
2026-04-19 19:12:40,29.8,57.8,31.3,53.8,0.0,0.0,0.0
2026-04-19 19:12:45,29.7,57.9,2.2,53.8,0.0,0.0,0.0
2026-04-19 19:12:50,29.7,58.0,20.8,53.8,0.0,0.0,0.0
2026-04-19 19:12:55,29.6,57.8,19.4,53.8,0.0,0.0,0.0
2026-04-19 19:13:00,29.6,57.7,39.0,53.8,0.0,0.0,0.0
2026-04-19 19:13:05,29.7,57.7,17.6,53.8,0.0,0.0,0.0
2026-04-19 19:13:10,29.7,57.8,17.5,53.8,0.0,0.0,0.0
2026-04-19 19:13:15,29.9,57.7,21.2,53.8,0.0,0.0,0.0
2026-04-19 19:13:20,29.7,57.8,25.7,53.8,0.0,0.0,0.0
2026-04-19 19:13:25,29.8,57.8,18.1,53.8,0.0,0.0,0.0
2026-04-19 19:13:30,29.7,57.7,23.0,53.8,0.0,0.0,0.0
2026-04-19 19:13:35,29.8,57.7,6.9,53.8,0.0,0.0,0.0
2026-04-19 19:13:40,29.7,57.7,27.4,53.8,0.0,0.0,0.0
2026-04-19 19:13:45,29.9,57.7,11.1,53.8,0.0,0.0,0.0
2026-04-19 19:13:50,29.7,57.7,24.2,53.7,0.0,0.0,0.0
2026-04-19 19:13:55,29.8,57.8,20.6,53.7,0.0,0.0,0.0
2026-04-19 19:14:00,29.7,57.7,8.2,53.8,0.0,0.0,0.0
2026-04-19 19:14:05,29.6,57.8,0.0,53.8,0.0,0.0,0.0
2026-04-19 19:14:10,29.8,57.9,6.6,53.8,0.0,0.0,0.0
2026-04-19 19:14:15,29.7,57.9,16.2,53.7,0.0,0.0,0.0
2026-04-19 19:14:20,29.6,57.8,29.5,53.7,0.0,0.0,0.0
2026-04-19 19:14:25,29.8,57.8,14.7,53.7,0.0,0.0,0.0
2026-04-19 19:14:30,29.6,57.9,25.6,53.7,0.0,0.0,0.0
2026-04-19 19:14:35,29.7,57.9,39.7,53.8,0.0,0.0,0.0
2026-04-19 19:14:40,29.7,57.9,6.5,53.8,0.0,0.0,0.0
2026-04-19 19:14:45,29.8,57.9,0.0,53.8,0.0,0.0,0.0
2026-04-19 19:14:50,29.7,57.9,4.6,53.7,0.0,0.0,0.0
2026-04-19 19:14:55,29.6,58.0,12.7,53.7,0.0,0.0,0.0
2026-04-19 19:15:00,29.5,58.1,7.7,53.7,0.0,0.0,0.0
2026-04-19 19:15:05,29.7,58.2,9.0,53.7,0.0,0.0,0.0
2026-04-19 19:15:10,29.9,58.1,16.7,53.7,0.0,0.0,0.0
2026-04-19 19:15:15,29.8,58.1,0.9,53.8,0.0,0.0,0.0
2026-04-19 19:15:20,29.7,58.1,18.8,53.8,0.0,0.0,0.0
2026-04-19 19:15:25,29.9,58.0,6.5,53.8,0.0,0.0,0.0
2026-04-19 19:15:30,29.7,58.0,12.7,53.8,0.0,0.0,0.0
2026-04-19 19:15:35,29.7,58.0,2.1,53.8,0.0,0.0,0.0
2026-04-19 19:15:40,29.7,58.0,0.0,53.8,0.0,0.0,0.0
2026-04-19 19:15:45,30.0,57.9,24.5,53.8,0.0,0.0,0.0
2026-04-19 19:15:50,29.7,57.9,18.9,53.8,0.0,0.0,0.0
2026-04-19 19:15:55,29.8,57.9,16.7,53.8,0.0,0.0,0.0
2026-04-19 19:16:00,29.7,57.9,7.7,53.8,0.0,0.0,0.0
2026-04-19 19:16:05,29.7,58.0,29.4,53.8,0.0,0.0,0.0
2026-04-19 19:16:10,29.7,58.0,11.2,53.8,0.0,0.0,0.0
2026-04-19 19:16:15,29.8,58.1,23.7,53.8,0.0,0.0,0.0
2026-04-19 19:16:20,29.8,57.9,15.9,53.8,0.0,0.0,0.0
2026-04-19 19:16:25,29.8,58.0,13.9,53.8,0.0,0.0,0.0
2026-04-19 19:16:30,29.7,58.0,4.2,53.8,0.0,0.0,0.0
2026-04-19 19:16:35,29.8,57.9,19.1,53.8,0.0,0.0,0.0
2026-04-19 19:16:40,29.8,58.0,0.7,53.8,0.0,0.0,0.0
2026-04-19 19:16:45,29.7,58.0,16.9,53.7,0.0,0.0,0.0
2026-04-19 19:16:50,29.8,57.9,0.0,53.7,0.0,0.0,0.0
2026-04-19 19:16:55,29.8,57.8,19.4,53.8,0.0,0.0,0.0
2026-04-19 19:17:00,29.5,57.7,3.5,53.8,0.0,0.0,0.0
2026-04-19 19:17:05,29.7,57.7,20.6,53.8,0.0,0.0,0.0
2026-04-19 19:17:10,29.7,57.7,22.6,53.8,0.0,0.0,0.0
2026-04-19 19:17:15,29.6,57.8,2.6,53.8,0.0,0.0,0.0
2026-04-19 19:17:20,29.7,57.7,6.1,53.7,0.0,0.0,0.0
2026-04-19 19:17:25,29.7,57.7,1.1,53.7,0.0,0.0,0.0
2026-04-19 19:17:30,29.8,57.8,28.0,53.7,0.0,0.0,0.0
2026-04-19 19:17:35,29.8,57.8,20.6,53.8,0.0,0.0,0.0
2026-04-19 19:17:40,29.8,57.8,38.0,53.8,0.0,0.0,0.0
2026-04-19 19:17:45,29.9,57.9,10.9,53.8,0.0,0.0,0.0
2026-04-19 19:17:50,29.6,57.8,15.5,53.7,0.0,0.0,0.0
2026-04-19 19:17:55,29.8,57.9,17.1,53.7,0.0,0.0,0.0
2026-04-19 19:18:00,29.8,58.0,11.5,53.7,0.0,0.0,0.0
2026-04-19 19:18:05,29.9,58.0,22.6,53.7,0.0,0.0,0.0
2026-04-19 19:18:10,29.7,57.8,14.1,53.8,0.0,0.0,0.0
2026-04-19 19:18:15,29.7,57.7,9.8,53.8,0.0,0.0,0.0
2026-04-19 19:18:20,29.8,57.5,5.3,53.8,0.0,0.0,0.0
2026-04-19 19:18:25,29.8,57.6,0.0,53.8,0.0,0.0,0.0
2026-04-19 19:18:30,29.6,57.7,28.7,53.8,0.0,0.0,0.0
2026-04-19 19:18:35,29.7,57.8,31.2,53.8,0.0,0.0,0.0
2026-04-19 19:18:40,29.7,57.9,10.2,53.8,0.0,0.0,0.0
2026-04-19 19:18:45,29.8,57.9,3.0,53.8,0.0,0.0,0.0
2026-04-19 19:18:50,29.7,58.1,18.0,53.8,0.0,0.0,0.0
2026-04-19 19:18:55,29.7,58.0,26.0,53.8,0.0,0.0,0.0
2026-04-19 19:19:00,29.8,57.9,9.2,53.8,0.0,0.0,0.0
2026-04-19 19:19:05,29.8,58.0,21.0,53.8,0.0,0.0,0.0
2026-04-19 19:19:10,29.7,57.9,12.4,53.8,0.0,0.0,0.0
2026-04-19 19:19:15,29.7,57.8,29.5,53.8,0.0,0.0,0.0
2026-04-19 19:19:20,29.8,57.9,31.4,53.8,0.0,0.0,0.0
2026-04-19 19:19:25,29.6,57.8,19.8,53.7,0.0,0.0,0.0
2026-04-19 19:19:30,29.8,57.7,44.3,53.7,0.0,0.0,0.0
2026-04-19 19:19:35,29.6,57.8,5.9,53.7,0.0,0.0,0.0
2026-04-19 19:19:40,29.8,57.8,5.0,53.7,0.0,0.0,0.0
2026-04-19 19:19:45,29.6,57.9,0.0,53.8,0.0,0.0,0.0
2026-04-19 19:19:50,29.7,58.1,19.8,53.8,0.0,0.0,0.0
2026-04-19 19:19:55,29.7,57.9,7.5,53.8,0.0,0.0,0.0
2026-04-19 19:20:00,29.7,57.9,9.7,53.8,0.0,0.0,0.0
2026-04-19 19:20:05,29.6,58.0,18.8,53.8,0.0,0.0,0.0
2026-04-19 19:20:10,29.8,58.1,11.9,53.8,0.0,0.0,0.0
2026-04-19 19:20:15,29.8,58.3,29.9,53.8,0.0,0.0,0.0
2026-04-19 19:20:20,29.8,58.1,28.4,53.8,0.0,0.0,0.0
2026-04-19 19:20:25,29.6,58.2,34.7,53.8,0.0,0.0,0.0
2026-04-19 19:20:30,29.8,58.2,11.1,53.8,0.0,0.0,0.0
2026-04-19 19:20:35,29.8,58.1,6.7,53.9,0.0,0.0,0.0
2026-04-19 19:20:40,29.8,58.2,10.4,53.9,0.0,0.0,0.0
2026-04-19 19:20:45,29.9,58.1,32.0,53.9,0.0,0.0,0.0
2026-04-19 19:20:50,29.6,57.9,25.2,53.9,0.0,0.0,0.0
2026-04-19 19:20:55,29.8,57.8,38.4,53.8,0.0,0.0,0.0
2026-04-19 19:21:00,29.8,57.8,26.0,53.8,0.0,0.0,0.0
2026-04-19 19:21:05,29.7,57.7,16.9,53.8,0.0,0.0,0.0
2026-04-19 19:21:10,29.7,57.7,11.4,53.8,0.0,0.0,0.0
2026-04-19 19:21:15,29.8,57.6,8.3,53.8,0.0,0.0,0.0
2026-04-19 19:21:20,29.8,57.6,5.1,53.8,0.0,0.0,0.0
2026-04-19 19:21:25,29.7,57.5,10.9,53.8,0.0,0.0,0.0
2026-04-19 19:21:30,29.8,57.6,6.3,53.8,0.0,0.0,0.0
2026-04-19 19:21:35,29.7,57.6,1.7,53.8,0.0,0.0,0.0
2026-04-19 19:21:40,29.7,57.7,15.0,53.8,0.0,0.0,0.0
2026-04-19 19:21:45,29.7,57.8,9.5,53.8,0.0,0.0,0.0
2026-04-19 19:21:50,29.9,57.8,15.5,53.8,0.0,0.0,0.0
2026-04-19 19:21:55,29.7,57.8,4.0,53.8,0.0,0.0,0.0
2026-04-19 19:22:00,29.8,57.8,0.0,53.8,0.0,0.0,0.0
2026-04-19 19:22:05,29.8,57.7,4.5,53.8,0.0,0.0,0.0
2026-04-19 19:22:10,29.7,57.9,11.1,53.8,0.0,0.0,0.0
2026-04-19 19:22:15,29.7,57.8,32.3,53.8,0.0,0.0,0.0
2026-04-19 19:22:20,29.7,57.8,12.1,53.8,0.0,0.0,0.0
2026-04-19 19:22:25,29.8,57.9,7.2,53.8,0.0,0.0,0.0
2026-04-19 19:22:30,29.7,58.0,6.6,53.8,0.0,0.0,0.0
2026-04-19 19:22:35,29.6,58.1,12.4,53.8,0.0,0.0,0.0
2026-04-19 19:22:40,29.8,58.1,5.7,53.8,0.0,0.0,0.0
2026-04-19 19:22:45,29.8,58.2,10.1,53.8,0.0,0.0,0.0
2026-04-19 19:22:50,29.7,58.2,22.2,53.8,0.0,0.0,0.0
2026-04-19 19:22:55,29.8,58.2,21.2,53.8,0.0,0.0,0.0
2026-04-19 19:23:00,29.7,58.1,27.4,53.8,0.0,0.0,0.0
2026-04-19 19:23:05,29.8,58.2,0.1,53.8,0.0,0.0,0.0
2026-04-19 19:23:10,29.8,58.2,0.0,53.8,0.0,0.0,0.0
2026-04-19 19:23:15,29.8,58.2,35.9,53.8,0.0,0.0,0.0
2026-04-19 19:23:20,29.7,58.2,21.5,53.8,0.0,0.0,0.0
2026-04-19 19:23:25,29.6,58.1,14.9,53.8,0.0,0.0,0.0
2026-04-19 19:23:30,29.7,58.0,27.3,53.8,0.0,0.0,0.0
2026-04-19 19:23:35,29.6,58.0,20.7,53.8,0.0,0.0,0.0
2026-04-19 19:23:40,29.7,58.1,14.4,53.8,0.0,0.0,0.0
2026-04-19 19:23:45,29.7,58.0,16.6,53.8,0.0,0.0,0.0
2026-04-19 19:23:50,29.9,57.9,17.9,53.8,0.0,0.0,0.0
2026-04-19 19:23:55,29.8,57.9,12.4,53.8,0.0,0.0,0.0
2026-04-19 19:24:00,29.7,57.9,7.0,53.8,0.0,0.0,0.0
2026-04-19 19:24:05,29.6,58.0,22.4,53.8,0.0,0.0,0.0
2026-04-19 19:24:10,29.9,58.0,16.5,53.8,0.0,0.0,0.0
2026-04-19 19:24:15,29.8,57.9,11.9,53.8,0.0,0.0,0.0
2026-04-19 19:24:20,29.7,58.0,14.8,53.8,0.0,0.0,0.0
2026-04-19 19:24:25,29.7,58.1,20.7,53.8,0.0,0.0,0.0
2026-04-19 19:24:30,29.7,58.1,8.6,53.8,0.0,0.0,0.0
2026-04-19 19:24:35,29.7,58.0,23.1,53.8,0.0,0.0,0.0
2026-04-19 19:24:40,30.0,58.0,1.1,53.8,0.0,0.0,0.0
2026-04-19 19:24:45,29.7,58.0,28.1,53.8,0.0,0.0,0.0
2026-04-19 19:24:50,29.7,58.0,27.2,53.8,0.0,0.0,0.0
2026-04-19 19:24:55,29.7,58.0,4.9,53.8,0.0,0.0,0.0
2026-04-19 19:25:00,29.6,58.0,18.1,53.8,0.0,0.0,0.0
2026-04-19 19:25:05,29.7,58.1,0.0,53.9,0.0,0.0,0.0
2026-04-19 19:25:10,29.8,58.2,26.8,53.9,0.0,0.0,0.0
2026-04-19 19:25:15,29.7,58.2,10.0,53.9,0.0,0.0,0.0
2026-04-19 19:25:20,29.8,58.2,3.8,53.8,0.0,0.0,0.0
2026-04-19 19:25:25,29.7,58.3,6.6,53.8,0.0,0.0,0.0
2026-04-19 19:25:30,29.7,58.3,16.1,53.8,0.0,0.0,0.0
2026-04-19 19:25:35,29.7,58.5,21.4,53.8,0.0,0.0,0.0
2026-04-19 19:25:40,29.7,58.6,13.9,53.8,0.0,0.0,0.0
2026-04-19 19:25:45,29.7,58.6,8.7,53.8,0.0,0.0,0.0
2026-04-19 19:25:50,29.8,58.4,30.0,53.8,0.0,0.0,0.0
2026-04-19 19:25:55,29.8,58.3,23.3,53.8,0.0,0.0,0.0
2026-04-19 19:26:00,29.8,58.5,13.2,53.8,0.0,0.0,0.0
2026-04-19 19:26:05,29.7,58.4,11.9,53.8,0.0,0.0,0.0
2026-04-19 19:26:10,29.5,58.6,12.5,53.8,0.0,0.0,0.0
2026-04-19 19:26:15,29.8,58.7,6.6,53.8,0.0,0.0,0.0
2026-04-19 19:26:20,29.8,58.7,41.6,53.7,0.0,0.0,0.0
2026-04-19 19:26:25,29.5,58.8,29.0,53.7,0.0,0.0,0.0
2026-04-19 19:26:30,29.7,58.7,9.6,53.7,0.0,0.0,0.0
2026-04-19 19:26:35,29.6,58.8,9.7,53.7,0.0,0.0,0.0
2026-04-19 19:26:40,29.8,58.7,15.9,53.7,0.0,0.0,0.0
2026-04-19 19:26:45,29.9,58.7,8.2,53.7,0.0,0.0,0.0
2026-04-19 19:26:50,29.5,58.7,14.9,53.7,0.0,0.0,0.0
2026-04-19 19:26:55,29.8,58.6,6.0,53.7,0.0,0.0,0.0
2026-04-19 19:27:00,29.7,58.8,16.3,53.7,0.0,0.0,0.0
2026-04-19 19:27:05,29.8,58.9,4.9,53.7,0.0,0.0,0.0
2026-04-19 19:27:10,29.8,58.7,8.1,53.7,0.0,0.0,0.0
2026-04-19 19:27:15,29.8,58.6,2.0,53.7,0.0,0.0,0.0
2026-04-19 19:27:20,29.7,58.6,10.9,53.7,0.0,0.0,0.0
2026-04-19 19:27:25,29.8,58.6,0.0,53.7,0.0,0.0,0.0
2026-04-19 19:27:30,29.7,58.6,14.9,53.7,0.0,0.0,0.0
2026-04-19 19:27:35,29.8,58.7,14.8,53.7,0.0,0.0,0.0
2026-04-19 19:27:40,29.6,58.7,3.7,53.7,0.0,0.0,0.0
2026-04-19 19:27:45,29.6,58.7,0.0,53.7,0.0,0.0,0.0
2026-04-19 19:27:50,29.7,58.8,24.4,53.7,0.0,0.0,0.0
2026-04-19 19:27:55,29.6,58.8,22.3,53.7,0.0,0.0,0.0
2026-04-19 19:28:00,29.8,58.7,18.1,53.7,0.0,0.0,0.0
2026-04-19 19:28:05,29.8,58.7,24.9,53.7,0.0,0.0,0.0
2026-04-19 19:28:10,29.8,58.7,23.9,53.7,0.0,0.0,0.0
2026-04-19 19:28:15,29.8,58.7,19.5,53.7,0.0,0.0,0.0
2026-04-19 19:28:20,29.8,58.7,8.5,53.7,0.0,0.0,0.0
2026-04-19 19:28:25,29.8,58.7,11.6,53.7,0.0,0.0,0.0
2026-04-19 19:28:30,29.8,58.7,27.7,53.7,0.0,0.0,0.0
2026-04-19 19:28:35,29.7,58.6,27.1,53.7,0.0,0.0,0.0
2026-04-19 19:28:40,29.9,58.6,24.5,53.7,0.0,0.0,0.0
2026-04-19 19:28:45,29.8,58.4,0.7,53.7,0.0,0.0,0.0
2026-04-19 19:28:50,29.6,58.4,12.6,53.7,0.0,0.0,0.0
2026-04-19 19:28:55,29.7,58.4,42.5,53.7,0.0,0.0,0.0
2026-04-19 19:29:00,29.9,58.3,16.1,53.7,0.0,0.0,0.0
2026-04-19 19:29:05,29.7,58.4,19.1,53.7,0.0,0.0,0.0
2026-04-19 19:29:10,29.8,58.3,2.5,53.7,0.0,0.0,0.0
2026-04-19 19:29:15,29.8,58.4,9.7,53.7,0.0,0.0,0.0
2026-04-19 19:29:20,29.9,58.4,15.8,53.7,0.0,0.0,0.0
2026-04-19 19:29:25,29.7,58.4,3.0,53.7,0.0,0.0,0.0
2026-04-19 19:29:30,29.6,58.5,28.1,53.7,0.0,0.0,0.0
2026-04-19 19:29:35,29.8,58.5,2.8,53.7,0.0,0.0,0.0
2026-04-19 19:29:40,29.7,58.6,2.0,53.7,0.0,0.0,0.0
2026-04-19 19:29:45,29.6,58.5,11.2,53.7,0.0,0.0,0.0
2026-04-19 19:29:50,29.7,58.6,11.1,53.7,0.0,0.0,0.0
2026-04-19 19:29:55,29.7,58.5,29.1,53.7,0.0,0.0,0.0
2026-04-19 19:30:00,29.8,58.4,20.4,53.7,0.0,0.0,0.0
2026-04-19 19:30:05,29.7,58.3,18.3,53.7,0.0,0.0,0.0
2026-04-19 19:30:10,29.6,58.2,0.0,53.7,0.0,0.0,0.0
2026-04-19 19:30:15,29.8,58.2,23.7,53.7,0.0,0.0,0.0
2026-04-19 19:30:20,29.7,58.1,17.8,53.7,0.0,0.0,0.0
2026-04-19 19:30:25,29.8,58.1,22.9,53.7,0.0,0.0,0.0
2026-04-19 19:30:30,29.8,58.1,6.3,53.7,0.0,0.0,0.0
2026-04-19 19:30:35,29.6,58.0,13.3,53.7,0.0,0.0,0.0
2026-04-19 19:30:40,29.7,57.9,21.5,53.7,0.0,0.0,0.0
2026-04-19 19:30:45,29.7,57.8,0.7,53.7,0.0,0.0,0.0
2026-04-19 19:30:50,29.6,57.7,8.8,53.7,0.0,0.0,0.0
2026-04-19 19:30:55,29.6,57.7,37.2,53.7,0.0,0.0,0.0
2026-04-19 19:31:00,29.7,57.6,20.4,53.7,0.0,0.0,0.0
2026-04-19 19:31:05,29.7,57.7,16.3,53.7,0.0,0.0,0.0
2026-04-19 19:31:10,29.8,57.7,0.0,53.7,0.0,0.0,0.0
2026-04-19 19:31:15,29.7,57.6,16.6,53.7,0.0,0.0,0.0
2026-04-19 19:31:20,29.7,57.8,26.5,53.7,0.0,0.0,0.0
2026-04-19 19:31:25,29.6,57.8,16.5,53.7,0.0,0.0,0.0
2026-04-19 19:31:30,29.8,57.9,3.3,53.7,0.0,0.0,0.0
2026-04-19 19:31:35,29.8,57.8,13.8,53.7,0.0,0.0,0.0
2026-04-19 19:31:40,29.8,57.7,8.2,53.7,0.0,0.0,0.0
2026-04-19 19:31:45,29.8,57.7,12.5,53.7,0.0,0.0,0.0
2026-04-19 19:31:50,29.8,57.6,22.6,53.7,0.0,0.0,0.0
2026-04-19 19:31:55,29.9,57.7,35.6,53.7,0.0,0.0,0.0
2026-04-19 19:32:00,29.6,57.7,0.0,53.7,0.0,0.0,0.0
2026-04-19 19:32:05,29.6,57.5,15.0,53.7,0.0,0.0,0.0
2026-04-19 19:32:10,29.8,57.5,7.3,53.7,0.0,0.0,0.0
2026-04-19 19:32:15,29.8,57.6,7.3,53.7,0.0,0.0,0.0
2026-04-19 19:32:20,29.7,57.7,12.4,53.7,0.0,0.0,0.0
2026-04-19 19:32:25,29.8,57.7,19.1,53.7,0.0,0.0,0.0
2026-04-19 19:32:30,29.8,57.6,22.0,53.7,0.0,0.0,0.0
2026-04-19 19:32:35,29.8,57.7,5.2,53.7,0.0,0.0,0.0
2026-04-19 19:32:40,29.7,57.6,27.2,53.7,0.0,0.0,0.0
2026-04-19 19:32:45,29.8,57.6,7.9,53.7,0.0,0.0,0.0
2026-04-19 19:32:50,29.7,57.6,32.0,53.7,0.0,0.0,0.0
2026-04-19 19:32:55,29.7,57.8,35.9,53.7,0.0,0.0,0.0
2026-04-19 19:33:00,29.7,57.8,8.2,53.7,0.0,0.0,0.0
2026-04-19 19:33:05,29.8,57.7,30.9,53.7,0.0,0.0,0.0
2026-04-19 19:33:10,29.8,57.5,28.1,53.7,0.0,0.0,0.0
2026-04-19 19:33:15,29.7,57.7,9.7,53.7,0.0,0.0,0.0
2026-04-19 19:33:20,29.7,57.9,28.3,53.7,0.0,0.0,0.0
2026-04-19 19:33:25,29.7,57.9,0.0,53.7,0.0,0.0,0.0
2026-04-19 19:33:30,29.8,57.9,24.7,53.7,0.0,0.0,0.0
2026-04-19 19:33:35,29.8,57.9,21.8,53.7,0.0,0.0,0.0
2026-04-19 19:33:40,29.7,57.9,7.2,53.7,0.0,0.0,0.0
2026-04-19 19:33:45,29.8,57.9,0.0,53.6,0.0,0.0,0.0
2026-04-19 19:33:50,29.7,58.0,2.9,53.6,0.0,0.0,0.0
2026-04-19 19:33:55,29.8,57.9,9.4,53.6,0.0,0.0,0.0
2026-04-19 19:34:00,29.8,57.9,12.5,53.6,0.0,0.0,0.0
2026-04-19 19:34:05,29.9,57.8,29.4,53.6,0.0,0.0,0.0
2026-04-19 19:34:10,29.8,57.8,11.9,53.6,0.0,0.0,0.0
2026-04-19 19:34:15,29.7,57.9,13.0,53.6,0.0,0.0,0.0
2026-04-19 19:34:20,29.7,57.9,0.0,53.6,0.0,0.0,0.0
2026-04-19 19:34:25,29.8,57.9,21.3,53.6,0.0,0.0,0.0
2026-04-19 19:34:30,29.8,57.8,30.0,53.6,0.0,0.0,0.0
2026-04-19 19:34:35,29.7,57.9,6.5,53.6,0.0,0.0,0.0
2026-04-19 19:34:40,29.7,57.9,32.8,53.6,0.0,0.0,0.0
2026-04-19 19:34:45,29.9,58.0,0.0,53.6,0.0,0.0,0.0
2026-04-19 19:34:50,29.8,57.9,34.8,53.6,0.0,0.0,0.0
2026-04-19 19:34:55,29.7,57.9,12.6,53.6,0.0,0.0,0.0
2026-04-19 19:35:00,29.8,58.0,7.6,53.6,0.0,0.0,0.0
2026-04-19 19:35:05,29.8,57.8,20.1,53.6,0.0,0.0,0.0
2026-04-19 19:35:10,29.8,57.9,3.3,53.6,0.0,0.0,0.0
2026-04-19 19:35:15,29.7,57.8,15.1,53.6,0.0,0.0,0.0
2026-04-19 19:35:20,29.8,57.7,38.9,53.6,0.0,0.0,0.0
2026-04-19 19:35:25,29.6,57.8,8.3,53.6,0.0,0.0,0.0
2026-04-19 19:35:30,29.9,57.9,8.6,53.6,0.0,0.0,0.0
2026-04-19 19:35:35,29.7,58.0,0.0,53.6,0.0,0.0,0.0
2026-04-19 19:35:40,29.8,57.8,28.9,53.6,0.0,0.0,0.0
2026-04-19 19:35:45,29.7,57.9,16.4,53.6,0.0,0.0,0.0
2026-04-19 19:35:50,29.7,57.8,6.9,53.6,0.0,0.0,0.0
2026-04-19 19:35:55,29.8,57.7,11.4,53.6,0.0,0.0,0.0
2026-04-19 19:36:00,29.6,57.8,25.2,53.6,0.0,0.0,0.0
2026-04-19 19:36:05,29.8,57.7,5.9,53.6,0.0,0.0,0.0
2026-04-19 19:36:10,29.7,57.8,0.0,53.6,0.0,0.0,0.0
2026-04-19 19:36:15,29.7,57.8,4.2,53.6,0.0,0.0,0.0
2026-04-19 19:36:20,29.7,57.7,12.9,53.6,0.0,0.0,0.0
2026-04-19 19:36:25,29.7,57.8,22.4,53.6,0.0,0.0,0.0
2026-04-19 19:36:30,29.8,57.8,29.0,53.6,0.0,0.0,0.0
2026-04-19 19:36:35,29.7,57.9,23.3,53.6,0.0,0.0,0.0
2026-04-19 19:36:40,29.6,57.9,17.1,53.6,0.0,0.0,0.0
2026-04-19 19:36:45,29.8,57.9,10.3,53.6,0.0,0.0,0.0
2026-04-19 19:36:50,29.8,57.9,29.6,53.6,0.0,0.0,0.0
2026-04-19 19:36:55,29.7,57.9,4.9,53.6,0.0,0.0,0.0
2026-04-19 19:37:00,29.6,57.9,29.0,53.6,0.0,0.0,0.0
2026-04-19 19:37:05,29.6,57.9,23.6,53.6,0.0,0.0,0.0
2026-04-19 19:37:10,29.7,57.9,26.6,53.6,0.0,0.0,0.0
2026-04-19 19:37:15,29.7,57.9,12.1,53.6,0.0,0.0,0.0
2026-04-19 19:37:20,29.8,57.9,18.0,53.6,0.0,0.0,0.0
2026-04-19 19:37:25,29.5,58.0,18.4,53.6,0.0,0.0,0.0
2026-04-19 19:37:30,29.7,58.0,11.9,53.6,0.0,0.0,0.0
2026-04-19 19:37:35,29.7,57.9,24.2,53.6,0.0,0.0,0.0
2026-04-19 19:37:40,29.7,57.9,18.4,53.6,0.0,0.0,0.0
2026-04-19 19:37:45,29.7,57.9,0.6,53.6,0.0,0.0,0.0
2026-04-19 19:37:50,29.7,57.9,16.9,53.6,0.0,0.0,0.0
2026-04-19 19:37:55,29.7,58.0,13.0,53.6,0.0,0.0,0.0
2026-04-19 19:38:00,29.7,58.0,19.0,53.6,0.0,0.0,0.0
2026-04-19 19:38:05,29.6,57.9,25.4,53.6,0.0,0.0,0.0
2026-04-19 19:38:10,29.7,58.0,19.9,53.6,0.0,0.0,0.0
2026-04-19 19:38:15,29.6,58.0,7.9,53.6,0.0,0.0,0.0
2026-04-19 19:38:20,29.8,57.9,0.1,53.6,0.0,0.0,0.0
2026-04-19 19:38:25,29.7,57.8,0.0,53.6,0.0,0.0,0.0
2026-04-19 19:38:30,29.7,57.7,0.0,53.6,0.0,0.0,0.0
2026-04-19 19:38:35,29.6,57.8,20.8,53.6,0.0,0.0,0.0
2026-04-19 19:38:40,29.7,57.7,29.5,53.6,0.0,0.0,0.0
2026-04-19 19:38:45,29.6,57.7,26.1,53.6,0.0,0.0,0.0
2026-04-19 19:38:50,29.7,57.7,41.6,53.6,0.0,0.0,0.0
2026-04-19 19:38:55,29.7,57.7,7.1,53.6,0.0,0.0,0.0
2026-04-19 19:39:00,29.7,57.7,3.5,53.6,0.0,0.0,0.0
2026-04-19 19:39:05,29.8,57.7,15.8,53.7,0.0,0.0,0.0
2026-04-19 19:39:10,29.8,57.9,9.9,53.7,0.0,0.0,0.0
2026-04-19 19:39:15,29.7,57.9,5.3,53.6,0.0,0.0,0.0
2026-04-19 19:39:20,29.6,57.9,33.1,53.6,0.0,0.0,0.0
2026-04-19 19:39:25,29.8,57.9,1.1,53.6,0.0,0.0,0.0
2026-04-19 19:39:30,29.8,58.0,14.5,53.6,0.0,0.0,0.0
2026-04-19 19:39:35,29.6,57.9,20.8,53.6,0.0,0.0,0.0
2026-04-19 19:39:40,29.6,57.9,8.7,53.6,0.0,0.0,0.0
2026-04-19 19:39:45,29.7,57.9,7.4,53.6,0.0,0.0,0.0
2026-04-19 19:39:50,29.7,57.9,36.3,53.6,0.0,0.0,0.0
2026-04-19 19:39:55,29.7,58.0,6.0,53.6,0.0,0.0,0.0
2026-04-19 19:40:00,29.8,58.0,14.7,53.6,0.0,0.0,0.0
2026-04-19 19:40:05,29.7,58.1,12.0,53.6,0.0,0.0,0.0
2026-04-19 19:40:10,29.8,58.1,12.1,53.6,0.0,0.0,0.0
2026-04-19 19:40:15,29.7,58.1,1.7,53.6,0.0,0.0,0.0
2026-04-19 19:40:20,29.7,58.2,32.5,53.7,0.0,0.0,0.0
2026-04-19 19:40:25,29.6,58.2,0.0,53.7,0.0,0.0,0.0
2026-04-19 19:40:30,29.7,58.3,14.3,53.7,0.0,0.0,0.0
2026-04-19 19:40:35,29.8,58.2,11.8,53.7,0.0,0.0,0.0
2026-04-19 19:40:40,29.7,58.2,16.9,53.7,0.0,0.0,0.0
2026-04-19 19:40:45,29.7,58.3,17.8,53.7,0.0,0.0,0.0
2026-04-19 19:40:50,29.7,58.3,0.0,53.7,0.0,0.0,0.0
2026-04-19 19:40:55,29.7,58.3,13.7,53.7,0.0,0.0,0.0
2026-04-19 19:41:00,29.6,58.3,19.4,53.7,0.0,0.0,0.0
2026-04-19 19:41:05,29.7,58.3,26.8,53.7,0.0,0.0,0.0
2026-04-19 19:41:10,29.7,58.4,14.8,53.7,0.0,0.0,0.0
2026-04-19 19:41:15,29.6,58.5,0.0,53.7,0.0,0.0,0.0
2026-04-19 19:41:20,29.8,58.6,1.0,53.7,0.0,0.0,0.0
2026-04-19 19:41:25,29.8,58.6,16.1,53.7,0.0,0.0,0.0
2026-04-19 19:41:30,29.7,58.6,14.5,53.7,0.0,0.0,0.0
2026-04-19 19:41:35,29.5,58.5,23.9,53.7,0.0,0.0,0.0
2026-04-19 19:41:40,29.6,58.6,17.5,53.7,0.0,0.0,0.0
2026-04-19 19:41:45,29.8,58.4,21.3,53.7,0.0,0.0,0.0
2026-04-19 19:41:50,29.6,58.5,32.6,53.7,0.0,0.0,0.0
2026-04-19 19:41:55,29.7,58.4,18.5,53.7,0.0,0.0,0.0
2026-04-19 19:42:00,29.8,58.3,9.1,53.7,0.0,0.0,0.0
2026-04-19 19:42:05,29.7,58.2,18.7,53.7,0.0,0.0,0.0
2026-04-19 19:42:10,29.6,58.2,21.5,53.7,0.0,0.0,0.0
2026-04-19 19:42:15,29.9,58.2,14.5,53.7,0.0,0.0,0.0
2026-04-19 19:42:20,29.8,58.2,10.1,53.7,0.0,0.0,0.0
2026-04-19 19:42:25,29.6,58.1,21.3,53.7,0.0,0.0,0.0
2026-04-19 19:42:30,29.8,58.1,21.6,53.7,0.0,0.0,0.0
2026-04-19 19:42:35,29.7,58.1,24.3,53.7,0.0,0.0,0.0
2026-04-19 19:42:40,29.6,58.3,30.1,53.7,0.0,0.0,0.0
2026-04-19 19:42:45,29.7,58.3,0.0,53.7,0.0,0.0,0.0
2026-04-19 19:42:50,29.7,58.3,14.0,53.7,0.0,0.0,0.0
2026-04-19 19:42:55,29.7,58.2,16.1,53.7,0.0,0.0,0.0
2026-04-19 19:43:00,29.7,58.2,4.2,53.7,0.0,0.0,0.0
2026-04-19 19:43:05,29.7,58.4,22.8,53.7,0.0,0.0,0.0
2026-04-19 19:43:10,29.8,58.2,26.0,53.7,0.0,0.0,0.0
2026-04-19 19:43:15,29.6,58.3,29.1,53.7,0.0,0.0,0.0
2026-04-19 19:43:20,29.8,58.1,14.2,53.7,0.0,0.0,0.0
2026-04-19 19:43:25,29.6,58.1,31.4,53.7,0.0,0.0,0.0
2026-04-19 19:43:30,29.8,58.1,24.6,53.7,0.0,0.0,0.0
2026-04-19 19:43:35,29.7,57.9,13.0,53.7,0.0,0.0,0.0
2026-04-19 19:43:40,29.7,57.9,0.0,53.7,0.0,0.0,0.0
2026-04-19 19:43:45,29.6,58.0,20.7,53.7,0.0,0.0,0.0
2026-04-19 19:43:50,29.8,57.9,19.7,53.7,0.0,0.0,0.0
2026-04-19 19:43:55,29.6,57.9,1.0,53.7,0.0,0.0,0.0
2026-04-19 19:44:00,29.7,57.8,18.2,53.7,0.0,0.0,0.0
2026-04-19 19:44:05,29.8,57.8,12.7,53.7,0.0,0.0,0.0
2026-04-19 19:44:10,29.7,57.8,30.9,53.7,0.0,0.0,0.0
2026-04-19 19:44:15,29.7,57.9,10.1,53.7,0.0,0.0,0.0
2026-04-19 19:44:20,29.9,57.9,38.3,53.7,0.0,0.0,0.0
2026-04-19 19:44:25,29.8,58.0,11.6,53.7,0.0,0.0,0.0
2026-04-19 19:44:30,29.8,58.1,6.6,53.7,0.0,0.0,0.0
2026-04-19 19:44:35,29.8,58.1,26.4,53.7,0.0,0.0,0.0
2026-04-19 19:44:40,29.7,58.1,5.0,53.7,0.0,0.0,0.0
2026-04-19 19:44:45,29.9,58.1,25.1,53.7,0.0,0.0,0.0
2026-04-19 19:44:50,29.6,57.9,0.0,53.8,0.0,0.0,0.0
2026-04-19 19:44:55,29.7,57.8,25.7,53.8,0.0,0.0,0.0
2026-04-19 19:45:00,29.6,58.0,14.7,53.8,0.0,0.0,0.0
2026-04-19 19:45:05,29.9,57.9,23.6,53.8,0.0,0.0,0.0
2026-04-19 19:45:10,29.9,57.9,27.9,53.8,0.0,0.0,0.0
2026-04-19 19:45:15,29.6,58.0,23.9,53.7,0.0,0.0,0.0
2026-04-19 19:45:20,29.7,57.9,12.8,53.7,0.0,0.0,0.0
2026-04-19 19:45:25,29.6,57.8,5.3,53.7,0.0,0.0,0.0
2026-04-19 19:45:30,29.8,57.7,2.8,53.7,0.0,0.0,0.0
2026-04-19 19:45:35,29.7,57.8,14.6,53.7,0.0,0.0,0.0
2026-04-19 19:45:40,29.6,57.9,6.1,53.7,0.0,0.0,0.0
2026-04-19 19:45:45,29.7,58.1,21.6,53.7,0.0,0.0,0.0
2026-04-19 19:45:50,30.1,57.9,26.2,53.7,0.0,0.0,0.0
2026-04-19 19:45:55,29.8,58.0,21.8,53.7,0.0,0.0,0.0
2026-04-19 19:46:00,29.7,58.0,27.0,53.7,0.0,0.0,0.0
2026-04-19 19:46:05,29.8,57.9,4.3,53.7,0.0,0.0,0.0
2026-04-19 19:46:10,29.7,57.9,12.8,53.7,0.0,0.0,0.0
2026-04-19 19:46:15,29.8,57.9,4.7,53.7,0.0,0.0,0.0
2026-04-19 19:46:20,29.7,57.9,7.5,53.7,0.0,0.0,0.0
2026-04-19 19:46:25,29.7,58.1,5.5,53.7,0.0,0.0,0.0
2026-04-19 19:46:30,29.7,58.1,23.5,53.7,0.0,0.0,0.0
2026-04-19 19:46:35,29.6,58.1,13.2,53.7,0.0,0.0,0.0
2026-04-19 19:46:40,29.8,58.1,22.9,53.7,0.0,0.0,0.0
2026-04-19 19:46:45,29.6,58.0,18.8,53.7,0.0,0.0,0.0
2026-04-19 19:46:50,29.6,58.1,0.0,53.7,0.0,0.0,0.0
2026-04-19 19:46:55,29.6,58.1,3.9,53.7,0.0,0.0,0.0
2026-04-19 19:47:00,29.7,58.1,0.0,53.7,0.0,0.0,0.0
2026-04-19 19:47:05,29.7,58.0,13.5,53.7,0.0,0.0,0.0
2026-04-19 19:47:10,29.7,58.0,16.7,53.7,0.0,0.0,0.0
2026-04-19 19:47:15,29.5,58.1,12.8,53.7,0.0,0.0,0.0
2026-04-19 19:47:20,29.6,58.0,5.2,53.7,0.0,0.0,0.0
2026-04-19 19:47:25,29.7,57.9,9.3,53.8,0.0,0.0,0.0
2026-04-19 19:47:30,29.7,57.8,5.3,53.8,0.0,0.0,0.0
2026-04-19 19:47:35,29.7,57.9,7.5,53.8,0.0,0.0,0.0
2026-04-19 19:47:40,29.7,57.8,7.2,53.8,0.0,0.0,0.0
2026-04-19 19:47:45,29.5,57.8,12.9,53.8,0.0,0.0,0.0
2026-04-19 19:47:50,29.8,57.9,14.3,53.7,0.0,0.0,0.0
2026-04-19 19:47:55,29.6,58.0,11.1,53.7,0.0,0.0,0.0
2026-04-19 19:48:00,29.8,58.0,9.2,53.8,0.0,0.0,0.0
2026-04-19 19:48:05,29.7,58.0,3.0,53.8,0.0,0.0,0.0
2026-04-19 19:48:10,29.7,57.9,22.9,53.8,0.0,0.0,0.0
2026-04-19 19:48:15,29.8,58.1,7.8,53.8,0.0,0.0,0.0
2026-04-19 19:48:20,29.9,58.1,0.0,53.8,0.0,0.0,0.0
2026-04-19 19:48:25,29.6,58.2,24.5,53.8,0.0,0.0,0.0
2026-04-19 19:48:30,29.7,58.2,9.6,53.7,0.0,0.0,0.0
2026-04-19 19:48:35,29.6,58.2,14.9,53.7,0.0,0.0,0.0
2026-04-19 19:48:40,29.6,58.2,0.0,53.8,0.0,0.0,0.0
2026-04-19 19:48:45,29.9,58.1,19.7,53.8,0.0,0.0,0.0
2026-04-19 19:48:50,29.7,58.1,23.4,53.8,0.0,0.0,0.0
2026-04-19 19:48:55,29.7,58.2,7.7,53.7,0.0,0.0,0.0
2026-04-19 19:49:00,29.7,58.2,7.8,53.7,0.0,0.0,0.0
2026-04-19 19:49:05,29.8,58.3,25.7,53.7,0.0,0.0,0.0
2026-04-19 19:49:10,29.6,58.4,17.4,53.7,0.0,0.0,0.0
2026-04-19 19:49:15,29.8,58.4,10.6,53.7,0.0,0.0,0.0
2026-04-19 19:49:20,29.7,58.3,4.5,53.7,0.0,0.0,0.0
2026-04-19 19:49:25,29.7,58.4,17.3,53.7,0.0,0.0,0.0
2026-04-19 19:49:30,29.8,58.4,13.7,53.7,0.0,0.0,0.0
2026-04-19 19:49:35,29.8,58.4,13.5,53.7,0.0,0.0,0.0
2026-04-19 19:49:40,29.7,58.5,25.3,53.7,0.0,0.0,0.0
2026-04-19 19:49:45,29.7,58.4,9.3,53.6,0.0,0.0,0.0
2026-04-19 19:49:50,29.6,58.4,0.9,53.6,0.0,0.0,0.0
2026-04-19 19:49:55,29.7,58.3,13.1,53.6,0.0,0.0,0.0
2026-04-19 19:50:00,29.9,58.3,17.0,53.6,0.0,0.0,0.0
2026-04-19 19:50:05,29.7,58.3,17.8,53.6,0.0,0.0,0.0
2026-04-19 19:50:10,29.7,58.2,0.0,53.6,0.0,0.0,0.0
2026-04-19 19:50:15,29.8,58.1,11.6,53.6,0.0,0.0,0.0
2026-04-19 19:50:20,29.8,58.3,4.1,53.6,0.0,0.0,0.0
2026-04-19 19:50:25,29.7,58.4,20.8,53.6,0.0,0.0,0.0
2026-04-19 19:50:30,29.7,58.4,8.7,53.6,0.0,0.0,0.0
2026-04-19 19:50:35,29.6,58.6,10.5,53.6,0.0,0.0,0.0
2026-04-19 19:50:40,29.6,58.6,1.5,53.6,0.0,0.0,0.0
2026-04-19 19:50:45,29.7,58.6,30.5,53.6,0.0,0.0,0.0
2026-04-19 19:50:50,29.6,58.7,8.6,53.6,0.0,0.0,0.0
2026-04-19 19:50:55,29.6,58.6,23.2,53.6,0.0,0.0,0.0
2026-04-19 19:51:00,29.6,58.6,11.8,53.6,0.0,0.0,0.0
2026-04-19 19:51:05,29.7,58.6,19.4,53.6,0.0,0.0,0.0
2026-04-19 19:51:10,29.6,58.7,3.0,53.6,0.0,0.0,0.0
2026-04-19 19:51:15,29.7,58.5,19.9,53.6,0.0,0.0,0.0
2026-04-19 19:51:20,29.7,58.3,0.3,53.6,0.0,0.0,0.0
2026-04-19 19:51:25,29.8,58.4,15.6,53.6,0.0,0.0,0.0
2026-04-19 19:51:30,29.7,58.5,20.5,53.6,0.0,0.0,0.0
2026-04-19 19:51:35,29.7,58.3,0.0,53.6,0.0,0.0,0.0
2026-04-19 19:51:40,29.7,58.5,0.0,53.6,0.0,0.0,0.0
2026-04-19 19:51:45,29.7,58.5,7.2,53.6,0.0,0.0,0.0
2026-04-19 19:51:50,29.8,58.5,5.5,53.6,0.0,0.0,0.0
2026-04-19 19:51:55,29.6,58.5,14.8,53.6,0.0,0.0,0.0
2026-04-19 19:52:00,29.8,58.4,18.6,53.6,0.0,0.0,0.0
2026-04-19 19:52:05,29.7,58.3,9.1,53.6,0.0,0.0,0.0
2026-04-19 19:52:10,29.8,58.3,5.6,53.6,0.0,0.0,0.0
2026-04-19 19:52:15,29.7,58.2,0.0,53.6,0.0,0.0,0.0
2026-04-19 19:52:20,29.6,58.1,5.6,53.6,0.0,0.0,0.0
2026-04-19 19:52:25,29.7,58.2,10.2,53.6,0.0,0.0,0.0
2026-04-19 19:52:30,29.6,58.2,34.0,53.6,0.0,0.0,0.0
2026-04-19 19:52:35,29.7,58.2,0.0,53.6,0.0,0.0,0.0
2026-04-19 19:52:40,29.6,58.3,13.3,53.6,0.0,0.0,0.0
2026-04-19 19:52:45,29.8,58.3,35.2,53.6,0.0,0.0,0.0
2026-04-19 19:52:50,29.7,58.3,3.8,53.6,0.0,0.0,0.0
2026-04-19 19:52:55,29.7,58.3,5.3,53.6,0.0,0.0,0.0
2026-04-19 19:53:00,29.7,58.2,15.9,53.6,0.0,0.0,0.0
2026-04-19 19:53:05,29.6,58.3,8.9,53.6,0.0,0.0,0.0
2026-04-19 19:53:10,29.9,58.3,1.7,53.6,0.0,0.0,0.0
2026-04-19 19:53:15,29.8,58.3,10.9,53.6,0.0,0.0,0.0
2026-04-19 19:53:20,29.6,58.2,0.0,53.6,0.0,0.0,0.0
2026-04-19 19:53:25,29.7,58.3,23.3,53.6,0.0,0.0,0.0
2026-04-19 19:53:30,29.6,58.3,10.7,53.6,0.0,0.0,0.0
2026-04-19 19:53:35,29.6,58.2,15.9,53.6,0.0,0.0,0.0
2026-04-19 19:53:40,29.6,58.2,13.2,53.6,0.0,0.0,0.0
2026-04-19 19:53:45,29.7,58.3,19.9,53.6,0.0,0.0,0.0
2026-04-19 19:53:50,29.7,58.2,11.4,53.6,0.0,0.0,0.0
2026-04-19 19:53:55,29.7,58.1,3.3,53.6,0.0,0.0,0.0
2026-04-19 19:54:00,29.6,58.2,25.4,53.6,0.0,0.0,0.0
2026-04-19 19:54:05,29.7,58.3,3.4,53.6,0.0,0.0,0.0
2026-04-19 19:54:10,29.7,58.3,10.1,53.6,0.0,0.0,0.0
2026-04-19 19:54:15,29.8,58.3,8.4,53.6,0.0,0.0,0.0
2026-04-19 19:54:20,29.6,58.2,0.5,53.6,0.0,0.0,0.0
2026-04-19 19:54:25,29.8,58.2,13.9,53.6,0.0,0.0,0.0
2026-04-19 19:54:30,29.6,58.4,2.0,53.6,0.0,0.0,0.0
2026-04-19 19:54:35,29.7,58.4,36.6,53.7,0.0,0.0,0.0
2026-04-19 19:54:40,29.5,58.4,18.4,53.7,0.0,0.0,0.0
2026-04-19 19:54:45,29.5,58.4,7.6,53.7,0.0,0.0,0.0
2026-04-19 19:54:50,29.6,58.3,17.2,53.6,0.0,0.0,0.0
2026-04-19 19:54:55,29.8,58.3,22.5,53.6,0.0,0.0,0.0
2026-04-19 19:55:00,29.5,58.3,4.9,53.6,0.0,0.0,0.0
2026-04-19 19:55:05,29.7,58.3,22.2,53.6,0.0,0.0,0.0
2026-04-19 19:55:10,29.8,58.3,27.7,53.6,0.0,0.0,0.0
2026-04-19 19:55:15,29.6,58.3,0.0,53.6,0.0,0.0,0.0
2026-04-19 19:55:20,29.7,58.3,16.2,53.6,0.0,0.0,0.0
2026-04-19 19:55:25,29.7,58.4,43.6,53.7,0.0,0.0,0.0
2026-04-19 19:55:30,29.7,58.4,32.7,53.7,0.0,0.0,0.0
2026-04-19 19:55:35,29.6,58.4,14.2,53.6,0.0,0.0,0.0
2026-04-19 19:55:40,29.7,58.5,15.1,53.6,0.0,0.0,0.0
2026-04-19 19:55:45,29.7,58.6,21.5,53.6,0.0,0.0,0.0
2026-04-19 19:55:50,29.7,58.7,15.5,53.7,0.0,0.0,0.0
2026-04-19 19:55:55,29.6,58.6,19.1,53.7,0.0,0.0,0.0
2026-04-19 19:56:00,29.7,58.6,24.8,53.7,0.0,0.0,0.0
2026-04-19 19:56:05,29.7,58.6,0.0,53.6,0.0,0.0,0.0
2026-04-19 19:56:10,29.6,58.6,11.2,53.6,0.0,0.0,0.0
2026-04-19 19:56:15,29.6,58.7,25.7,53.6,0.0,0.0,0.0
2026-04-19 19:56:20,29.6,58.7,6.9,53.7,0.0,0.0,0.0
2026-04-19 19:56:25,29.6,58.6,17.0,53.7,0.0,0.0,0.0
2026-04-19 19:56:30,29.8,58.7,0.0,53.7,0.0,0.0,0.0
2026-04-19 19:56:35,29.5,58.6,0.0,53.7,0.0,0.0,0.0
2026-04-19 19:56:40,29.5,58.6,5.0,53.7,0.0,0.0,0.0
2026-04-19 19:56:45,29.6,58.6,6.3,53.7,0.0,0.0,0.0
2026-04-19 19:56:50,29.7,58.5,12.3,53.7,0.0,0.0,0.0
2026-04-19 19:56:55,29.7,58.5,11.4,53.7,0.0,0.0,0.0
2026-04-19 19:57:00,29.7,58.6,15.2,53.7,0.0,0.0,0.0
2026-04-19 19:57:05,29.7,58.6,31.6,53.7,0.0,0.0,0.0
2026-04-19 19:57:10,29.8,58.5,0.0,53.7,0.0,0.0,0.0
2026-04-19 19:57:15,29.6,58.4,27.2,53.7,0.0,0.0,0.0
2026-04-19 19:57:20,29.8,58.6,0.0,53.7,0.0,0.0,0.0
2026-04-19 19:57:25,29.6,58.6,19.1,53.8,0.0,0.0,0.0
2026-04-19 19:57:30,29.7,58.5,21.4,53.8,0.0,0.0,0.0
2026-04-19 19:57:35,29.5,58.4,7.8,53.8,0.0,0.0,0.0
2026-04-19 19:57:40,29.6,58.3,25.1,53.8,0.0,0.0,0.0
2026-04-19 19:57:45,29.7,58.3,19.0,53.8,0.0,0.0,0.0
2026-04-19 19:57:50,29.7,58.4,17.5,53.7,0.0,0.0,0.0
2026-04-19 19:57:55,29.6,58.3,27.0,53.7,0.0,0.0,0.0
2026-04-19 19:58:00,29.5,58.3,11.5,53.7,0.0,0.0,0.0
2026-04-19 19:58:05,29.6,58.4,22.4,53.7,0.0,0.0,0.0
2026-04-19 19:58:10,29.7,58.4,13.4,53.7,0.0,0.0,0.0
2026-04-19 19:58:15,29.7,58.4,14.6,53.7,0.0,0.0,0.0
2026-04-19 19:58:20,29.7,58.3,11.8,53.7,0.0,0.0,0.0
2026-04-19 19:58:25,29.6,58.3,13.6,53.7,0.0,0.0,0.0
2026-04-19 19:58:30,29.6,58.2,17.4,53.7,0.0,0.0,0.0
2026-04-19 19:58:35,29.6,58.2,22.4,53.7,0.0,0.0,0.0
2026-04-19 19:58:40,29.5,58.0,10.9,53.7,0.0,0.0,0.0
2026-04-19 19:58:45,29.8,57.9,34.4,53.7,0.0,0.0,0.0
2026-04-19 19:58:50,29.6,58.0,10.2,53.7,0.0,0.0,0.0
2026-04-19 19:58:55,29.7,58.1,2.6,53.7,0.0,0.0,0.0
2026-04-19 19:59:00,29.5,58.1,3.6,53.7,0.0,0.0,0.0
2026-04-19 19:59:05,29.6,58.3,19.4,53.7,0.0,0.0,0.0
2026-04-19 19:59:10,29.7,58.3,21.9,53.7,0.0,0.0,0.0
2026-04-19 19:59:15,29.7,58.3,15.4,53.7,0.0,0.0,0.0
2026-04-19 19:59:20,29.6,58.2,24.9,53.7,0.0,0.0,0.0
2026-04-19 19:59:25,29.7,58.2,25.1,53.7,0.0,0.0,0.0
2026-04-19 19:59:30,29.6,58.1,0.0,53.7,0.0,0.0,0.0
2026-04-19 19:59:35,29.4,58.1,0.0,53.7,0.0,1.0,0.0
2026-04-19 19:59:40,29.6,60.1,0.0,53.7,0.0,1.0,0.0
2026-04-19 19:59:45,29.7,62.0,16.9,53.7,0.0,1.0,0.0
2026-04-19 19:59:50,29.6,63.8,5.7,53.7,0.0,1.0,0.0
2026-04-19 19:59:55,29.6,65.4,1.5,53.7,0.0,1.0,0.0
